//Delimiter=;
Date-Time;0-Detail ID;1-MLF;2-Cavity;3-Temp at loading - SP, °C;4-Temp at loading - PV, °C;5-Temp at loading - LL, °C;6-Temp at loading - UL, °C;7-Temp at loading - Status, °C;8-Temp at Unloading - SP, °C;9-Temp at Unloading - PV, °C;10-Temp at Unloading - LL, °C;11-Temp at Unloading - UL, °C;12-Temp at Unloading - Status, °C;13-Temp 60s - PV, °C;14-Temp 30s  - PV, °C;15-Dewpoint - load - SP, °C;16-Dewpoint - load - PV, °C;17-Dewpoint - load - Lower, °C;18-Dewpoint - load - Upper, °C;19-Dewpoint - load - Status, °C;20-Dewpoint - unload - SP, °C;21-Dewpoint - unload - PV, °C;22-Dewpoint - unload - Lower, °C;23-Dewpoint - unload - Upper, °C;24-Dewpoint - unload - Status, °C;25-Dewpoint 60s - PV, °C;26-Dewpoint 30s  - PV, °C;27-Dewpoint Custom Time, Sec;28-Dewpoint Custom Time - SP, °C;29-Dewpoint Custom Time - PV, °C;30-Dewpoint Custom Time - LL, °C;31-Dewpoint Custom Time - UL, °C;32-Dewpoint Custom Time - Status;33-Soak time SP, s;34-Soak time PV, s;35-Soak time LL, s;36-Soak time UL, s;37-Soak time status;38-Dry Air Cons. Load, m³;39-Dry Air Cons. Unoad, m³;0-TB number;1-CavityNumber;2-HeatZone UL;3-HeatZone UC;4-HeatZone UR;5-HeatZone LL;6-HeatZone LC;7-HeatZone LR;8-Temp @ load - SP;9-Temp @ load - UL PV;10-Temp @ load - UC PV;11-Temp @ load - UR PV;12-Temp @ load - LL PV;13-Temp @ load - LC PV;14-Temp @ load - LR PV;15-Temp @ load - LL;16-Temp @ load - UL;17-Temp @ load - Status;18-Temp @ unload - SP;19-Temp @ unload - UL PV;20-Temp @ unload - UC PV;21-Temp @ unload - UR PV;22-Temp @ unload - LL PV;23-Temp @ unload - LC PV;24-Temp @ unload - LR PV;25-Temp @ unload - LL;26-Temp @ unload - UL;27-Temp @ unload - Status;28-Temp 60s before end - UL PV;29-Temp 60s before end - UC PV;30-Temp 60s before end - UR PV;31-Temp 60s before end - LL PV;32-Temp 60s before end - LC PV;33-Temp 60s before end - LR PV;34-Temp 30s before end - UL PV;35-Temp 30s before end - UC PV;36-Temp 30s before end - UR PV;37-Temp 30s before end - LL PV;38-Temp 30s before end - LC PV;39-Temp 30s before end - LR PV;40-CoolingFrame - UC1 - TempIn - PV;41-CoolingFrame - UC1 - TempIn - LL;42-CoolingFrame - UC1 - TempIn - UL;43-CoolingFrame - UC1 - TempIn - Status;44-CoolingFrame - UC1 - TempOut - PV;45-CoolingFrame - UC1 - TempOut - LL;46-CoolingFrame - UC1 - TempOut - UL;47-CoolingFrame - UC1 - TempOut - Status;48-CoolingFrame - UC1 - FlowOut - PV;49-CoolingFrame - UC1 - FlowOut - LL;50-CoolingFrame - UC1 - FlowOut - UL;51-CoolingFrame - UC1 - FlowOut - Status;52-CoolingFrame - UC2 - TempIn - PV;53-CoolingFrame - UC2 - TempIn - LL;54-CoolingFrame - UC2 - TempIn - UL;55-CoolingFrame - UC2 - TempIn - Status;56-CoolingFrame - UC2 - TempOut - PV;57-CoolingFrame - UC2 - TempOut - LL;58-CoolingFrame - UC2 - TempOut - UL;59-CoolingFrame - UC2 - TempOut - Status;60-CoolingFrame - UC2 - FlowOut - PV;61-CoolingFrame - UC2 - FlowOut - LL;62-CoolingFrame - UC2 - FlowOut - UL;63-CoolingFrame - UC2 - FlowOut - Status;64-CoolingFrame - LC1 - TempIn - PV;65-CoolingFrame - LC1 - TempIn - LL;66-CoolingFrame - LC1 - TempIn - UL;67-CoolingFrame - LC1 - TempIn - Status;68-CoolingFrame - LC1 - TempOut - PV;69-CoolingFrame - LC1 - TempOut - LL;70-CoolingFrame - LC1 - TempOut - UL;71-CoolingFrame - LC1 - TempOut - Status;72-CoolingFrame - LC1 - FlowOut - PV;73-CoolingFrame - LC1 - FlowOut - LL;74-CoolingFrame - LC1 - FlowOut - UL;75-CoolingFrame - LC1 - FlowOut - Status;76-CoolingFrame - LC2 - TempIn - PV;77-CoolingFrame - LC2 - TempIn - LL;78-CoolingFrame - LC2 - TempIn - UL;79-CoolingFrame - LC2 - TempIn - Status;80-CoolingFrame - LC2 - TempOut - PV;81-CoolingFrame - LC2 - TempOut - LL;82-CoolingFrame - LC2 - TempOut - UL;83-CoolingFrame - LC2 - TempOut - Status;84-CoolingFrame - LC2 - FlowOut - PV;85-CoolingFrame - LC2 - FlowOut - LL;86-CoolingFrame - LC2 - FlowOut - UL;87-CoolingFrame - LC2 - FlowOut - Status;88-SoakTime - SP;89-SoakTime - PV;90-SoakTime - LL;91-SoakTime - UL;92-Soaktime - Status;93-TimeinAir - MLF->TB, SP;94-TimeinAir - MLF->TB, PVt;95-TimeinAir - MLF->TB, LL;96-TimeinAir - MLF->TB, UL;97-TimeinAir - MLF->TB, Status;0-PYH DetailStatus;1-PYH Target °C;2-PYH  Act temp °C;3-PYH Lower limit °C;4-PYH Stop Limit °C;5-PYH Active;6-HA Active;7-HA Status;8-HA NumberOfDet;9-HA Target, °C;10-HA TempDet 1, °C;11-HA TempDet 2, °C;12-HA TempDet 3, °C;13-HA TempDet 4, °C;14-HA Lower Limit, °C;15-HA Stop Limit, °C;16-PA Active;17-PA Status;18-PA NumberOfDet;19-PA Target, %;20-PA PosDet 1, %;21-PA PosDet 2, %;22-PA PosDet 3, %;23-PA PosDet 4, %;24-PA Stop Limit, %;25-TT Active;26-TT Det1 Nr of AOI;27-TT Det2 Nr of AOI;28-TT Det3 Nr of AOI;29-TT Det4 Nr of AOI;30-TT Det1 AOI1 minTemp;31-TT Det1 AOI1 maxTemp;32-TT Det1 AOI2 minTemp;33-TT Det1 AOI2 maxTemp;34-TT Det1 AOI3 minTemp;35-TT Det1 AOI3 maxTemp;36-TT Det1 AOI4 minTemp;37-TT Det1 AOI4 maxTemp;38-TT Det2 AOI1 minTemp;39-TT Det2 AOI1 maxTemp;40-TT Det2 AOI2 minTemp;41-TT Det2 AOI2 maxTemp;42-TT Det2 AOI3 minTemp;43-TT Det2 AOI3 maxTemp;44-TT Det2 AOI4 minTemp;45-TT Det2 AOI4 maxTemp;46-TT Det3 AOI1 minTemp;47-TT Det3 AOI1 maxTemp;48-TT Det3 AOI2 minTemp;49-TT Det3 AOI2 maxTemp;50-TT Det3 AOI3 minTemp;51-TT Det3 AOI3 maxTemp;52-TT Det3 AOI4 minTemp;53-TT Det3 AOI4 maxTemp;54-TT Det4 AOI1 minTemp;55-TT Det4 AOI1 maxTemp;56-TT Det4 AOI2 minTemp;57-TT Det4 AOI2 maxTemp;58-TT Det4 AOI3 minTemp;59-TT Det4 AOI3 maxTemp;60-TT Det4 AOI4 minTemp;61-TT Det4 AOI4 maxTemp;62-TT Det1 AOI1 LL;63-TT Det1 AOI1 UL;64-TT Det1 AOI2 LL;65-TT Det1 AOI2 UL;66-TT Det1 AOI3 LL;67-TT Det1 AOI3 UL;68-TT Det1 AOI4 LL;69-TT Det1 AOI4 UL;70-TT Det2 AOI1 LL;71-TT Det2 AOI1 UL;72-TT Det2 AOI2 LL;73-TT Det2 AOI2 UL;74-TT Det2 AOI3 LL;75-TT Det2 AOI3 UL;76-TT Det2 AOI4 LL;77-TT Det2 AOI4 UL;78-TT Det3 AOI1 LL;79-TT Det3 AOI1 UL;80-TT Det3 AOI2 LL;81-TT Det3 AOI2 UL;82-TT Det3 AOI3 LL;83-TT Det3 AOI3 UL;84-TT Det3 AOI4 LL;85-TT Det3 AOI4 UL;86-TT Det4 AOI1 LL;87-TT Det4 AOI1 UL;88-TT Det4 AOI2 LL;89-TT Det4 AOI2 UL;90-TT Det4 AOI3 LL;91-TT Det4 AOI3 UL;92-TT Det4 AOI4 LL;93-TT Det4 AOI4 UL;94-Cam trig Min;95-Cam trig Sec;0-CoolingTempUpper 1-A10.32, SP;1-CoolingTempUpper 1-A10.32, PV;2-CoolingTempUpper 1-A10.32, LL;3-CoolingTempUpper 1-A10.32, UL;4-CoolingTempUpper 1-A10.34, SP;5-CoolingTempUpper 1-A10.34, PV;6-CoolingTempUpper 1-A10.34, LL;7-CoolingTempUpper 1-A10.34, UL;8-CoolingTempUpper 1-A10.42, SP;9-CoolingTempUpper 1-A10.42, PV;10-CoolingTempUpper 1-A10.42, LL;11-CoolingTempUpper 1-A10.42, UL;12-CoolingTempUpper 1-A10.44, SP;13-CoolingTempUpper 1-A10.44, PV;14-CoolingTempUpper 1-A10.44, LL;15-CoolingTempUpper 1-A10.44, UL;16-CoolingFlowUpper 1-A10.32, SP;17-CoolingFlowUpper 1-A10.32, PV;18-CoolingFlowUpper 1-A10.32, LL;19-CoolingFlowUpper 1-A10.32, UL;20-CoolingFlowUpper 1-A10.34, SP;21-CoolingFlowUpper 1-A10.34, PV;22-CoolingFlowUpper 1-A10.34, LL;23-CoolingFlowUpper 1-A10.34, UL;24-CoolingFlowUpper 1-A10.42, SP;25-CoolingFlowUpper 1-A10.42, PV;26-CoolingFlowUpper 1-A10.42, LL;27-CoolingFlowUpper 1-A10.42, UL;28-CoolingFlowUpper 1-A10.44, SP;29-CoolingFlowUpper 1-A10.44, PV;30-CoolingFlowUpper 1-A10.44, LL;31-CoolingFlowUpper 1-A10.44, UL;32-CoolingTempLower 1-A10.12, SP;33-CoolingTempLower 1-A10.12, PV;34-CoolingTempLower 1-A10.12, LL;35-CoolingTempLower 1-A10.12, UL;36-CoolingTempLower 1-A10.14, SP;37-CoolingTempLower 1-A10.14, PV;38-CoolingTempLower 1-A10.14, LL;39-CoolingTempLower 1-A10.14, UL;40-CoolingTempLower 1-A10.22, SP;41-CoolingTempLower 1-A10.22, PV;42-CoolingTempLower 1-A10.22, LL;43-CoolingTempLower 1-A10.22, UL;44-CoolingTempLower 1-A10.24, SP;45-CoolingTempLower 1-A10.24, PV;46-CoolingTempLower 1-A10.24, LL;47-CoolingTempLower 1-A10.24, UL;48-CoolingFlowLower 1-A10.12, SP;49-CoolingFlowLower 1-A10.12, PV;50-CoolingFlowLower 1-A10.12, LL;51-CoolingFlowLower 1-A10.12, UL;52-CoolingFlowLower 1-A10.14, SP;53-CoolingFlowLower 1-A10.14, PV;54-CoolingFlowLower 1-A10.14, LL;55-CoolingFlowLower 1-A10.14, UL;56-CoolingFlowLower 1-A10.22, SP;57-CoolingFlowLower 1-A10.22, PV;58-CoolingFlowLower 1-A10.22, LL;59-CoolingFlowLower 1-A10.22, UL;60-CoolingFlowLower 1-A10.24, SP;61-CoolingFlowLower 1-A10.24, PV;62-CoolingFlowLower 1-A10.24, LL;63-CoolingFlowLower 1-A10.24, UL;64-CoolingPressureUpper 1-A10.33, SP;65-CoolingPressureUpper 1-A10.33, PV;66-CoolingPressureUpper 1-A10.33, LL;67-CoolingPressureUpper 1-A10.33, UL;68-CoolingPressureUpper 1-A10.35, SP;69-CoolingPressureUpper 1-A10.35, PV;70-CoolingPressureUpper 1-A10.35, LL;71-CoolingPressureUpper 1-A10.35, UL;72-CoolingPressureUpper 1-A10.43, SP;73-CoolingPressureUpper 1-A10.43, PV;74-CoolingPressureUpper 1-A10.43, LL;75-CoolingPressureUpper 1-A10.43, UL;76-CoolingPressureUpper 1-A10.45, SP;77-CoolingPressureUpper 1-A10.45, PV;78-CoolingPressureUpper 1-A10.45, LL;79-CoolingPressureUpper 1-A10.45, UL;80-CoolingPressureLower 1-A10.13, SP;81-CoolingPressureLower 1-A10.13, PV;82-CoolingPressureLower 1-A10.13, LL;83-CoolingPressureLower 1-A10.13, UL;84-CoolingPressureLower 1-A10.15, SP;85-CoolingPressureLower 1-A10.15, PV;86-CoolingPressureLower 1-A10.15, LL;87-CoolingPressureLower 1-A10.15, UL;88-CoolingPressureLower 1-A10.23, SP;89-CoolingPressureLower 1-A10.23, PV;90-CoolingPressureLower 1-A10.23, LL;91-CoolingPressureLower 1-A10.23, UL;92-CoolingPressureLower 1-A10.25, SP;93-CoolingPressureLower 1-A10.25, PV;94-CoolingPressureLower 1-A10.25, LL;95-CoolingPressureLower 1-A10.25, UL;96-CoolingTemp Status;97-CoolingFlowStatus;98-CoolingPressureStatus;99-Press force, SP;100-Press force, PV;101-Press force, LL;102-Press force, UL;103-Press force, Status;104-Dwell time, SP;105-Dwell time, PV;106-Dwell time, LL;107-Dwell time, UL;108-Dwell time, Status;109-Closing time, SP;110-Closing time, PV;111-Closing time, LL;112-Closing time, UL;113-Closing time, Status;114-TimeinAir MLF/TB -> Press, SP;115-TimeinAir MLF/TB -> Press, PVt;116-TimeinAir MLF/TB -> Press, LL;117-TimeinAir MLF/TB -> Press, UL;118-TimeinAir MLF/TB -> Press, Status;0-PYC Status;1-PYC Target, °C;2-PYC Act temp °C;3-PYC Upper Limit, °C;4-PYC  Active;5-CA Active;6-CA Cold Status;7-CA NumberOfDet;8-CA Target, °C;9-CA TempDet 1, °C;10-CA TempDet 2, °C;11-CA TempDet 3, °C;12-CA TempDet 4, °C;13-CA LimitScrap °C;Recipe MLF;Recipe IPM;Recipe Pr1
20260326_09:34:15;0;4;3;900;899.8;750;1050;OK;900;901.8;750;1050;OK;903.7;903.7;20;-4.3;-50;30;OK;20;-4.2;-50;30;OK;-4.3;-4.3;0;20;-4.3;-50;30;OK;236;321;236;699;OK;244.64;245.06;N/A;N/A;N/A;N/A;N/A;N/A;N/A;N/A;N/A;N/A;N/A;N/A;N/A;N/A;N/A;N/A;N/A;N/A;N/A;N/A;N/A;N/A;N/A;N/A;N/A;N/A;N/A;N/A;N/A;N/A;N/A;N/A;N/A;N/A;N/A;N/A;N/A;N/A;N/A;N/A;N/A;N/A;N/A;N/A;N/A;N/A;N/A;N/A;N/A;N/A;N/A;N/A;N/A;N/A;N/A;N/A;N/A;N/A;N/A;N/A;N/A;N/A;N/A;N/A;N/A;N/A;N/A;N/A;N/A;N/A;N/A;N/A;N/A;N/A;N/A;N/A;N/A;N/A;N/A;N/A;N/A;N/A;N/A;N/A;N/A;N/A;N/A;N/A;N/A;N/A;N/A;N/A;N/A;N/A;N/A;N/A;N/A;N/A;;0;364.8;0;0;;Disabled;TempStop;2;700;366.9;323.6;0;0;599.9;549.9;Disabled;PosNotOk;2;0;100;100;0;0;15;Disabled;0;0;0;0;0;0;0;0;0;0;0;0;0;0;0;0;0;0;0;0;0;0;0;0;0;0;0;0;0;0;0;0;0;0;0;0;0;0;0;0;0;0;0;0;0;0;0;0;0;0;0;0;0;0;0;0;0;0;0;0;0;0;0;0;0;0;0;0;0;0;30;26;20;45;30;26;20;45;30;30;20;45;30;30;20;45;200;0;100;300;200;0;100;300;200;128;100;300;200;128;100;300;30;26;20;45;30;27;20;45;30;30;20;45;30;30;20;45;200;0;100;300;200;0;100;300;200;53;100;300;200;53;100;300;4;1;0.4;6;4;6;0.4;6;4;1;0.4;6;4;6;0.4;6;4;1;0.4;6;4;6;0.4;6;4;1;0.4;6;4;6;0.4;6;NOK;NOK;OK;9000;9052;6500;9800;OK;8.81;0;7;12;NOK;N/A;2.17;N/A;N/A;N/A;9;9.5;7;18;OK;;0;0;0;-;Disabled;TempOk;2;230;35.2;53.1;0;0;349.9;440724000 gedia b-piller;440724000 gedia b-piller;440724000 Gedia B-Piller
20260326_09:35:41;0;4;4;900;900.4;750;1050;OK;900;904.6;750;1050;OK;904.3;904.7;20;-5.2;-50;30;OK;20;-5.2;-50;30;OK;-5.2;-5.2;0;20;-5.2;-50;30;OK;236;322;236;699;OK;244.75;245.18;N/A;N/A;N/A;N/A;N/A;N/A;N/A;N/A;N/A;N/A;N/A;N/A;N/A;N/A;N/A;N/A;N/A;N/A;N/A;N/A;N/A;N/A;N/A;N/A;N/A;N/A;N/A;N/A;N/A;N/A;N/A;N/A;N/A;N/A;N/A;N/A;N/A;N/A;N/A;N/A;N/A;N/A;N/A;N/A;N/A;N/A;N/A;N/A;N/A;N/A;N/A;N/A;N/A;N/A;N/A;N/A;N/A;N/A;N/A;N/A;N/A;N/A;N/A;N/A;N/A;N/A;N/A;N/A;N/A;N/A;N/A;N/A;N/A;N/A;N/A;N/A;N/A;N/A;N/A;N/A;N/A;N/A;N/A;N/A;N/A;N/A;N/A;N/A;N/A;N/A;N/A;N/A;N/A;N/A;N/A;N/A;N/A;N/A;;0;358.6;0;0;;Disabled;TempStop;2;700;360.8;317.2;0;0;599.9;549.9;Disabled;PosNotOk;2;0;100;100;0;0;15;Disabled;0;0;0;0;0;0;0;0;0;0;0;0;0;0;0;0;0;0;0;0;0;0;0;0;0;0;0;0;0;0;0;0;0;0;0;0;0;0;0;0;0;0;0;0;0;0;0;0;0;0;0;0;0;0;0;0;0;0;0;0;0;0;0;0;0;0;0;0;0;0;30;26;20;45;30;26;20;45;30;30;20;45;30;30;20;45;200;0;100;300;200;0;100;300;200;128;100;300;200;128;100;300;30;26;20;45;30;27;20;45;30;31;20;45;30;30;20;45;200;0;100;300;200;0;100;300;200;53;100;300;200;53;100;300;4;1;0.4;6;4;6;0.4;6;4;1;0.4;6;4;6;0.4;6;4;1;0.4;6;4;6;0.4;6;4;1;0.4;6;4;6;0.4;6;NOK;NOK;OK;9000;9061;6500;9800;OK;8.81;0;7;12;NOK;N/A;2.17;N/A;N/A;N/A;9;9.6;7;18;OK;;0;0;0;-;Disabled;TempOk;2;230;35.2;53.9;0;0;349.9;440724000 gedia b-piller;440724000 gedia b-piller;440724000 Gedia B-Piller
20260326_09:37:07;0;4;5;900;898.3;750;1050;OK;900;903.3;750;1050;OK;906.1;909.3;20;-5.8;-50;30;OK;20;-5.8;-50;30;OK;-5.8;-5.8;0;20;-5.8;-50;30;OK;236;323;236;699;OK;244.86;245.29;N/A;N/A;N/A;N/A;N/A;N/A;N/A;N/A;N/A;N/A;N/A;N/A;N/A;N/A;N/A;N/A;N/A;N/A;N/A;N/A;N/A;N/A;N/A;N/A;N/A;N/A;N/A;N/A;N/A;N/A;N/A;N/A;N/A;N/A;N/A;N/A;N/A;N/A;N/A;N/A;N/A;N/A;N/A;N/A;N/A;N/A;N/A;N/A;N/A;N/A;N/A;N/A;N/A;N/A;N/A;N/A;N/A;N/A;N/A;N/A;N/A;N/A;N/A;N/A;N/A;N/A;N/A;N/A;N/A;N/A;N/A;N/A;N/A;N/A;N/A;N/A;N/A;N/A;N/A;N/A;N/A;N/A;N/A;N/A;N/A;N/A;N/A;N/A;N/A;N/A;N/A;N/A;N/A;N/A;N/A;N/A;N/A;N/A;;0;357;0;0;;Disabled;TempStop;2;700;359.3;314.9;0;0;599.9;549.9;Disabled;PosNotOk;2;0;100;100;0;0;15;Disabled;0;0;0;0;0;0;0;0;0;0;0;0;0;0;0;0;0;0;0;0;0;0;0;0;0;0;0;0;0;0;0;0;0;0;0;0;0;0;0;0;0;0;0;0;0;0;0;0;0;0;0;0;0;0;0;0;0;0;0;0;0;0;0;0;0;0;0;0;0;0;30;26;20;45;30;26;20;45;30;30;20;45;30;30;20;45;200;0;100;300;200;0;100;300;200;128;100;300;200;128;100;300;30;26;20;45;30;27;20;45;30;31;20;45;30;30;20;45;200;0;100;300;200;0;100;300;200;53;100;300;200;53;100;300;4;1;0.4;6;4;6;0.4;6;4;1;0.4;6;4;6;0.4;6;4;1;0.4;6;4;6;0.4;6;4;1;0.4;6;4;6;0.4;6;NOK;NOK;OK;9000;9053;6500;9800;OK;8.81;0;7;12;NOK;N/A;2.17;N/A;N/A;N/A;9;9;7;18;OK;;0;0;0;-;Disabled;TempOk;2;230;35.4;50.3;0;0;349.9;440724000 gedia b-piller;440724000 gedia b-piller;440724000 Gedia B-Piller
20260326_09:38:33;0;4;3;900;893.4;750;1050;OK;900;903.3;750;1050;OK;904.5;904.5;20;-4.2;-50;30;OK;20;-4.2;-50;30;OK;-4.2;-4.2;0;20;-4.2;-50;30;OK;236;246;236;699;OK;245.08;245.4;N/A;N/A;N/A;N/A;N/A;N/A;N/A;N/A;N/A;N/A;N/A;N/A;N/A;N/A;N/A;N/A;N/A;N/A;N/A;N/A;N/A;N/A;N/A;N/A;N/A;N/A;N/A;N/A;N/A;N/A;N/A;N/A;N/A;N/A;N/A;N/A;N/A;N/A;N/A;N/A;N/A;N/A;N/A;N/A;N/A;N/A;N/A;N/A;N/A;N/A;N/A;N/A;N/A;N/A;N/A;N/A;N/A;N/A;N/A;N/A;N/A;N/A;N/A;N/A;N/A;N/A;N/A;N/A;N/A;N/A;N/A;N/A;N/A;N/A;N/A;N/A;N/A;N/A;N/A;N/A;N/A;N/A;N/A;N/A;N/A;N/A;N/A;N/A;N/A;N/A;N/A;N/A;N/A;N/A;N/A;N/A;N/A;N/A;;0;360.7;0;0;;Disabled;TempStop;2;700;362.9;321.3;0;0;599.9;549.9;Disabled;PosNotOk;2;0;100;100;0;0;15;Disabled;0;0;0;0;0;0;0;0;0;0;0;0;0;0;0;0;0;0;0;0;0;0;0;0;0;0;0;0;0;0;0;0;0;0;0;0;0;0;0;0;0;0;0;0;0;0;0;0;0;0;0;0;0;0;0;0;0;0;0;0;0;0;0;0;0;0;0;0;0;0;30;26;20;45;30;26;20;45;30;31;20;45;30;30;20;45;200;1;100;300;200;0;100;300;200;128;100;300;200;128;100;300;30;26;20;45;30;27;20;45;30;32;20;45;30;30;20;45;200;0;100;300;200;0;100;300;200;53;100;300;200;52;100;300;4;1;0.4;6;4;6;0.4;6;4;1;0.4;6;4;6;0.4;6;4;1;0.4;6;4;6;0.4;6;4;1;0.4;6;4;6;0.4;6;NOK;NOK;OK;9000;9066;6500;9800;OK;8.82;0;7;12;NOK;N/A;2.17;N/A;N/A;N/A;9;9.6;7;18;OK;;0;0;0;-;Disabled;TempOk;2;230;35.4;53.3;0;0;349.9;440724000 gedia b-piller;440724000 gedia b-piller;440724000 Gedia B-Piller
20260326_09:39:59;0;4;4;900;893.6;750;1050;OK;900;906.2;750;1050;OK;904.6;906.8;20;-5.2;-50;30;OK;20;-5.2;-50;30;OK;-5.2;-5.2;0;20;-5.2;-50;30;OK;236;246;236;699;OK;245.19;245.51;N/A;N/A;N/A;N/A;N/A;N/A;N/A;N/A;N/A;N/A;N/A;N/A;N/A;N/A;N/A;N/A;N/A;N/A;N/A;N/A;N/A;N/A;N/A;N/A;N/A;N/A;N/A;N/A;N/A;N/A;N/A;N/A;N/A;N/A;N/A;N/A;N/A;N/A;N/A;N/A;N/A;N/A;N/A;N/A;N/A;N/A;N/A;N/A;N/A;N/A;N/A;N/A;N/A;N/A;N/A;N/A;N/A;N/A;N/A;N/A;N/A;N/A;N/A;N/A;N/A;N/A;N/A;N/A;N/A;N/A;N/A;N/A;N/A;N/A;N/A;N/A;N/A;N/A;N/A;N/A;N/A;N/A;N/A;N/A;N/A;N/A;N/A;N/A;N/A;N/A;N/A;N/A;N/A;N/A;N/A;N/A;N/A;N/A;;0;357.1;0;0;;Disabled;TempStop;2;700;359.2;316;0;0;599.9;549.9;Disabled;PosNotOk;2;0;100;100;0;0;15;Disabled;0;0;0;0;0;0;0;0;0;0;0;0;0;0;0;0;0;0;0;0;0;0;0;0;0;0;0;0;0;0;0;0;0;0;0;0;0;0;0;0;0;0;0;0;0;0;0;0;0;0;0;0;0;0;0;0;0;0;0;0;0;0;0;0;0;0;0;0;0;0;30;26;20;45;30;26;20;45;30;30;20;45;30;30;20;45;200;0;100;300;200;0;100;300;200;128;100;300;200;128;100;300;30;26;20;45;30;27;20;45;30;32;20;45;30;30;20;45;200;0;100;300;200;0;100;300;200;53;100;300;200;53;100;300;4;1;0.4;6;4;6;0.4;6;4;1;0.4;6;4;6;0.4;6;4;1;0.4;6;4;6;0.4;6;4;1;0.4;6;4;6;0.4;6;NOK;NOK;OK;9000;9062;6500;9800;OK;8.81;0;7;12;NOK;N/A;2.17;N/A;N/A;N/A;9;9.6;7;18;OK;;0;0;0;-;Disabled;TempOk;2;230;34.9;56.7;0;0;349.9;440724000 gedia b-piller;440724000 gedia b-piller;440724000 Gedia B-Piller
20260326_09:41:25;0;4;5;900;892.9;750;1050;OK;900;907.9;750;1050;OK;908.9;910.8;20;-5.8;-50;30;OK;20;-5.8;-50;30;OK;-5.8;-5.8;0;20;-5.8;-50;30;OK;236;246;236;699;OK;245.3;245.63;N/A;N/A;N/A;N/A;N/A;N/A;N/A;N/A;N/A;N/A;N/A;N/A;N/A;N/A;N/A;N/A;N/A;N/A;N/A;N/A;N/A;N/A;N/A;N/A;N/A;N/A;N/A;N/A;N/A;N/A;N/A;N/A;N/A;N/A;N/A;N/A;N/A;N/A;N/A;N/A;N/A;N/A;N/A;N/A;N/A;N/A;N/A;N/A;N/A;N/A;N/A;N/A;N/A;N/A;N/A;N/A;N/A;N/A;N/A;N/A;N/A;N/A;N/A;N/A;N/A;N/A;N/A;N/A;N/A;N/A;N/A;N/A;N/A;N/A;N/A;N/A;N/A;N/A;N/A;N/A;N/A;N/A;N/A;N/A;N/A;N/A;N/A;N/A;N/A;N/A;N/A;N/A;N/A;N/A;N/A;N/A;N/A;N/A;;0;361.5;0;0;;Disabled;TempStop;2;700;363.9;323.2;0;0;599.9;549.9;Disabled;PosNotOk;2;0;100;100;0;0;15;Disabled;0;0;0;0;0;0;0;0;0;0;0;0;0;0;0;0;0;0;0;0;0;0;0;0;0;0;0;0;0;0;0;0;0;0;0;0;0;0;0;0;0;0;0;0;0;0;0;0;0;0;0;0;0;0;0;0;0;0;0;0;0;0;0;0;0;0;0;0;0;0;30;26;20;45;30;26;20;45;30;30;20;45;30;30;20;45;200;0;100;300;200;0;100;300;200;128;100;300;200;128;100;300;30;26;20;45;30;27;20;45;30;32;20;45;30;30;20;45;200;0;100;300;200;0;100;300;200;53;100;300;200;53;100;300;4;1;0.4;6;4;6;0.4;6;4;1;0.4;6;4;6;0.4;6;4;1;0.4;6;4;6;0.4;6;4;1;0.4;6;4;6;0.4;6;NOK;NOK;OK;9000;9047;6500;9800;OK;8.81;0;7;12;NOK;N/A;2.17;N/A;N/A;N/A;9;9.6;7;18;OK;;0;0;0;-;Disabled;TempOk;2;230;35.4;56.9;0;0;349.9;440724000 gedia b-piller;440724000 gedia b-piller;440724000 Gedia B-Piller
20260326_10:03:16;0;4;3;900;899.9;750;1050;OK;900;901.8;750;1050;OK;904.4;903.3;20;-4;-50;30;OK;20;-4;-50;30;OK;-4;-4;0;20;-4;-50;30;OK;236;321;236;699;OK;247.46;248.09;N/A;N/A;N/A;N/A;N/A;N/A;N/A;N/A;N/A;N/A;N/A;N/A;N/A;N/A;N/A;N/A;N/A;N/A;N/A;N/A;N/A;N/A;N/A;N/A;N/A;N/A;N/A;N/A;N/A;N/A;N/A;N/A;N/A;N/A;N/A;N/A;N/A;N/A;N/A;N/A;N/A;N/A;N/A;N/A;N/A;N/A;N/A;N/A;N/A;N/A;N/A;N/A;N/A;N/A;N/A;N/A;N/A;N/A;N/A;N/A;N/A;N/A;N/A;N/A;N/A;N/A;N/A;N/A;N/A;N/A;N/A;N/A;N/A;N/A;N/A;N/A;N/A;N/A;N/A;N/A;N/A;N/A;N/A;N/A;N/A;N/A;N/A;N/A;N/A;N/A;N/A;N/A;N/A;N/A;N/A;N/A;N/A;N/A;;0;362.2;0;0;;Disabled;TempStop;2;700;364.3;323.1;0;0;599.9;549.9;Disabled;PosNotOk;2;0;100;100;0;0;15;Disabled;0;0;0;0;0;0;0;0;0;0;0;0;0;0;0;0;0;0;0;0;0;0;0;0;0;0;0;0;0;0;0;0;0;0;0;0;0;0;0;0;0;0;0;0;0;0;0;0;0;0;0;0;0;0;0;0;0;0;0;0;0;0;0;0;0;0;0;0;0;0;30;26;20;45;30;26;20;45;30;30;20;45;30;30;20;45;200;0;100;300;200;0;100;300;200;127;100;300;200;128;100;300;30;26;20;45;30;27;20;45;30;30;20;45;30;30;20;45;200;0;100;300;200;0;100;300;200;53;100;300;200;53;100;300;4;1;0.4;6;4;6;0.4;6;4;1;0.4;6;4;6;0.4;6;4;1;0.4;6;4;6;0.4;6;4;1;0.4;6;4;6;0.4;6;NOK;NOK;OK;9000;9062;6500;9800;OK;8.82;0;7;12;NOK;N/A;2.17;N/A;N/A;N/A;9;9;7;18;OK;;0;0;0;-;Disabled;TempOk;2;230;34.9;50.3;0;0;349.9;440724000 gedia b-piller;440724000 gedia b-piller;440724000 Gedia B-Piller
20260326_10:04:42;0;4;4;900;899.2;750;1050;OK;900;902.2;750;1050;OK;902.8;902.7;20;-5.1;-50;30;OK;20;-5;-50;30;OK;-5;-5;0;20;-5.1;-50;30;OK;236;322;236;699;OK;247.63;248.26;N/A;N/A;N/A;N/A;N/A;N/A;N/A;N/A;N/A;N/A;N/A;N/A;N/A;N/A;N/A;N/A;N/A;N/A;N/A;N/A;N/A;N/A;N/A;N/A;N/A;N/A;N/A;N/A;N/A;N/A;N/A;N/A;N/A;N/A;N/A;N/A;N/A;N/A;N/A;N/A;N/A;N/A;N/A;N/A;N/A;N/A;N/A;N/A;N/A;N/A;N/A;N/A;N/A;N/A;N/A;N/A;N/A;N/A;N/A;N/A;N/A;N/A;N/A;N/A;N/A;N/A;N/A;N/A;N/A;N/A;N/A;N/A;N/A;N/A;N/A;N/A;N/A;N/A;N/A;N/A;N/A;N/A;N/A;N/A;N/A;N/A;N/A;N/A;N/A;N/A;N/A;N/A;N/A;N/A;N/A;N/A;N/A;N/A;;0;364.7;0;0;;Disabled;TempStop;2;700;367;322.8;0;0;599.9;549.9;Disabled;PosNotOk;2;0;100;100;0;0;15;Disabled;0;0;0;0;0;0;0;0;0;0;0;0;0;0;0;0;0;0;0;0;0;0;0;0;0;0;0;0;0;0;0;0;0;0;0;0;0;0;0;0;0;0;0;0;0;0;0;0;0;0;0;0;0;0;0;0;0;0;0;0;0;0;0;0;0;0;0;0;0;0;30;25;20;45;30;26;20;45;30;30;20;45;30;30;20;45;200;0;100;300;200;0;100;300;200;128;100;300;200;128;100;300;30;26;20;45;30;27;20;45;30;31;20;45;30;30;20;45;200;0;100;300;200;0;100;300;200;53;100;300;200;53;100;300;4;1;0.4;6;4;6;0.4;6;4;1;0.4;6;4;6;0.4;6;4;1;0.4;6;4;6;0.4;6;4;1;0.4;6;4;6;0.4;6;NOK;NOK;OK;9000;9057;6500;9800;OK;8.82;0;7;12;NOK;N/A;2.17;N/A;N/A;N/A;9;9.4;7;18;OK;;0;0;0;-;Disabled;TempOk;2;230;35.2;55.7;0;0;349.9;440724000 gedia b-piller;440724000 gedia b-piller;440724000 Gedia B-Piller
20260326_10:06:08;0;4;5;900;895.5;750;1050;OK;900;900.6;750;1050;OK;904.9;902.5;20;-5.6;-50;30;OK;20;-5.6;-50;30;OK;-5.6;-5.6;0;20;-5.6;-50;30;OK;236;323;236;699;OK;247.79;248.43;N/A;N/A;N/A;N/A;N/A;N/A;N/A;N/A;N/A;N/A;N/A;N/A;N/A;N/A;N/A;N/A;N/A;N/A;N/A;N/A;N/A;N/A;N/A;N/A;N/A;N/A;N/A;N/A;N/A;N/A;N/A;N/A;N/A;N/A;N/A;N/A;N/A;N/A;N/A;N/A;N/A;N/A;N/A;N/A;N/A;N/A;N/A;N/A;N/A;N/A;N/A;N/A;N/A;N/A;N/A;N/A;N/A;N/A;N/A;N/A;N/A;N/A;N/A;N/A;N/A;N/A;N/A;N/A;N/A;N/A;N/A;N/A;N/A;N/A;N/A;N/A;N/A;N/A;N/A;N/A;N/A;N/A;N/A;N/A;N/A;N/A;N/A;N/A;N/A;N/A;N/A;N/A;N/A;N/A;N/A;N/A;N/A;N/A;;0;362.6;0;0;;Disabled;TempStop;2;700;364.9;319.6;0;0;599.9;549.9;Disabled;PosNotOk;2;0;100;100;0;0;15;Disabled;0;0;0;0;0;0;0;0;0;0;0;0;0;0;0;0;0;0;0;0;0;0;0;0;0;0;0;0;0;0;0;0;0;0;0;0;0;0;0;0;0;0;0;0;0;0;0;0;0;0;0;0;0;0;0;0;0;0;0;0;0;0;0;0;0;0;0;0;0;0;30;25;20;45;30;26;20;45;30;30;20;45;30;30;20;45;200;0;100;300;200;0;100;300;200;128;100;300;200;128;100;300;30;26;20;45;30;27;20;45;30;31;20;45;30;30;20;45;200;0;100;300;200;0;100;300;200;53;100;300;200;53;100;300;4;1;0.4;6;4;6;0.4;6;4;1;0.4;6;4;6;0.4;6;4;1;0.4;6;4;6;0.4;6;4;1;0.4;6;4;6;0.4;6;NOK;NOK;OK;9000;9067;6500;9800;OK;8.82;0;7;12;NOK;N/A;2.17;N/A;N/A;N/A;9;8.9;7;18;OK;;0;0;0;-;Disabled;TempOk;2;230;35.7;61;0;0;349.9;440724000 gedia b-piller;440724000 gedia b-piller;440724000 Gedia B-Piller
20260326_10:07:34;0;4;3;900;893.6;750;1050;OK;900;903.3;750;1050;OK;904.5;904.1;20;-4;-50;30;OK;20;-3.9;-50;30;OK;-3.9;-3.9;0;20;-4;-50;30;OK;236;246;236;699;OK;248.12;248.6;N/A;N/A;N/A;N/A;N/A;N/A;N/A;N/A;N/A;N/A;N/A;N/A;N/A;N/A;N/A;N/A;N/A;N/A;N/A;N/A;N/A;N/A;N/A;N/A;N/A;N/A;N/A;N/A;N/A;N/A;N/A;N/A;N/A;N/A;N/A;N/A;N/A;N/A;N/A;N/A;N/A;N/A;N/A;N/A;N/A;N/A;N/A;N/A;N/A;N/A;N/A;N/A;N/A;N/A;N/A;N/A;N/A;N/A;N/A;N/A;N/A;N/A;N/A;N/A;N/A;N/A;N/A;N/A;N/A;N/A;N/A;N/A;N/A;N/A;N/A;N/A;N/A;N/A;N/A;N/A;N/A;N/A;N/A;N/A;N/A;N/A;N/A;N/A;N/A;N/A;N/A;N/A;N/A;N/A;N/A;N/A;N/A;N/A;;0;361;0;0;;Disabled;TempStop;2;700;363.1;322.2;0;0;599.9;549.9;Disabled;PosNotOk;2;0;100;100;0;0;15;Disabled;0;0;0;0;0;0;0;0;0;0;0;0;0;0;0;0;0;0;0;0;0;0;0;0;0;0;0;0;0;0;0;0;0;0;0;0;0;0;0;0;0;0;0;0;0;0;0;0;0;0;0;0;0;0;0;0;0;0;0;0;0;0;0;0;0;0;0;0;0;0;30;25;20;45;30;26;20;45;30;30;20;45;30;30;20;45;200;0;100;300;200;0;100;300;200;128;100;300;200;128;100;300;30;26;20;45;30;27;20;45;30;32;20;45;30;30;20;45;200;0;100;300;200;0;100;300;200;53;100;300;200;53;100;300;4;1;0.4;6;4;6;0.4;6;4;1;0.4;6;4;6;0.4;6;4;1;0.4;6;4;6;0.4;6;4;1;0.4;6;4;6;0.4;6;NOK;NOK;OK;9000;9040;6500;9800;OK;8.81;0;7;12;NOK;N/A;2.17;N/A;N/A;N/A;9;9.4;7;18;OK;;0;0;0;-;Disabled;TempOk;2;230;35.4;59.2;0;0;349.9;440724000 gedia b-piller;440724000 gedia b-piller;440724000 Gedia B-Piller
20260326_10:08:59;0;4;4;900;893.6;750;1050;OK;900;903.3;750;1050;OK;903.5;904.3;20;-5;-50;30;OK;20;-5;-50;30;OK;-5;-5;0;20;-5;-50;30;OK;236;246;236;699;OK;248.28;248.77;N/A;N/A;N/A;N/A;N/A;N/A;N/A;N/A;N/A;N/A;N/A;N/A;N/A;N/A;N/A;N/A;N/A;N/A;N/A;N/A;N/A;N/A;N/A;N/A;N/A;N/A;N/A;N/A;N/A;N/A;N/A;N/A;N/A;N/A;N/A;N/A;N/A;N/A;N/A;N/A;N/A;N/A;N/A;N/A;N/A;N/A;N/A;N/A;N/A;N/A;N/A;N/A;N/A;N/A;N/A;N/A;N/A;N/A;N/A;N/A;N/A;N/A;N/A;N/A;N/A;N/A;N/A;N/A;N/A;N/A;N/A;N/A;N/A;N/A;N/A;N/A;N/A;N/A;N/A;N/A;N/A;N/A;N/A;N/A;N/A;N/A;N/A;N/A;N/A;N/A;N/A;N/A;N/A;N/A;N/A;N/A;N/A;N/A;;0;359.4;0;0;;Disabled;TempStop;2;700;361.5;317.7;0;0;599.9;549.9;Disabled;PosNotOk;2;0;100;100;0;0;15;Disabled;0;0;0;0;0;0;0;0;0;0;0;0;0;0;0;0;0;0;0;0;0;0;0;0;0;0;0;0;0;0;0;0;0;0;0;0;0;0;0;0;0;0;0;0;0;0;0;0;0;0;0;0;0;0;0;0;0;0;0;0;0;0;0;0;0;0;0;0;0;0;30;26;20;45;30;26;20;45;30;30;20;45;30;30;20;45;200;0;100;300;200;0;100;300;200;128;100;300;200;128;100;300;30;26;20;45;30;27;20;45;30;32;20;45;30;30;20;45;200;0;100;300;200;0;100;300;200;53;100;300;200;54;100;300;4;1;0.4;6;4;6;0.4;6;4;1;0.4;6;4;6;0.4;6;4;1;0.4;6;4;6;0.4;6;4;1;0.4;6;4;6;0.4;6;NOK;NOK;OK;9000;9056;6500;9800;OK;8.81;0;7;12;NOK;N/A;2.17;N/A;N/A;N/A;9;9.3;7;18;OK;;0;0;0;-;Disabled;TempOk;2;230;35.2;57.3;0;0;349.9;440724000 gedia b-piller;440724000 gedia b-piller;440724000 Gedia B-Piller
20260326_10:10:25;0;4;5;900;891.9;750;1050;OK;900;902.8;750;1050;OK;905.2;906.7;20;-5.6;-50;30;OK;20;-5.5;-50;30;OK;-5.5;-5.5;0;20;-5.6;-50;30;OK;236;246;236;699;OK;248.45;248.94;N/A;N/A;N/A;N/A;N/A;N/A;N/A;N/A;N/A;N/A;N/A;N/A;N/A;N/A;N/A;N/A;N/A;N/A;N/A;N/A;N/A;N/A;N/A;N/A;N/A;N/A;N/A;N/A;N/A;N/A;N/A;N/A;N/A;N/A;N/A;N/A;N/A;N/A;N/A;N/A;N/A;N/A;N/A;N/A;N/A;N/A;N/A;N/A;N/A;N/A;N/A;N/A;N/A;N/A;N/A;N/A;N/A;N/A;N/A;N/A;N/A;N/A;N/A;N/A;N/A;N/A;N/A;N/A;N/A;N/A;N/A;N/A;N/A;N/A;N/A;N/A;N/A;N/A;N/A;N/A;N/A;N/A;N/A;N/A;N/A;N/A;N/A;N/A;N/A;N/A;N/A;N/A;N/A;N/A;N/A;N/A;N/A;N/A;;0;361.9;0;0;;Disabled;TempStop;2;700;364;319.7;0;0;599.9;549.9;Disabled;PosNotOk;2;0;100;100;0;0;15;Disabled;0;0;0;0;0;0;0;0;0;0;0;0;0;0;0;0;0;0;0;0;0;0;0;0;0;0;0;0;0;0;0;0;0;0;0;0;0;0;0;0;0;0;0;0;0;0;0;0;0;0;0;0;0;0;0;0;0;0;0;0;0;0;0;0;0;0;0;0;0;0;30;25;20;45;30;26;20;45;30;30;20;45;30;30;20;45;200;0;100;300;200;0;100;300;200;128;100;300;200;128;100;300;30;26;20;45;30;27;20;45;30;32;20;45;30;30;20;45;200;0;100;300;200;0;100;300;200;53;100;300;200;53;100;300;4;1;0.4;6;4;6;0.4;6;4;1;0.4;6;4;6;0.4;6;4;1;0.4;6;4;6;0.4;6;4;1;0.4;6;4;6;0.4;6;NOK;NOK;OK;9000;9045;6500;9800;OK;8.81;0;7;12;NOK;N/A;2.17;N/A;N/A;N/A;9;9;7;18;OK;;0;0;0;-;Disabled;TempOk;2;230;35.4;54.1;0;0;349.9;440724000 gedia b-piller;440724000 gedia b-piller;440724000 Gedia B-Piller
20260326_10:11:51;0;4;3;900;895.6;750;1050;OK;900;905.2;750;1050;OK;905.4;905.7;20;-3.9;-50;30;OK;20;-3.9;-50;30;OK;-3.9;-3.9;0;20;-3.9;-50;30;OK;236;246;236;699;OK;248.62;249.11;N/A;N/A;N/A;N/A;N/A;N/A;N/A;N/A;N/A;N/A;N/A;N/A;N/A;N/A;N/A;N/A;N/A;N/A;N/A;N/A;N/A;N/A;N/A;N/A;N/A;N/A;N/A;N/A;N/A;N/A;N/A;N/A;N/A;N/A;N/A;N/A;N/A;N/A;N/A;N/A;N/A;N/A;N/A;N/A;N/A;N/A;N/A;N/A;N/A;N/A;N/A;N/A;N/A;N/A;N/A;N/A;N/A;N/A;N/A;N/A;N/A;N/A;N/A;N/A;N/A;N/A;N/A;N/A;N/A;N/A;N/A;N/A;N/A;N/A;N/A;N/A;N/A;N/A;N/A;N/A;N/A;N/A;N/A;N/A;N/A;N/A;N/A;N/A;N/A;N/A;N/A;N/A;N/A;N/A;N/A;N/A;N/A;N/A;;0;370.3;0;0;;Disabled;TempStop;2;700;372.3;331.4;0;0;599.9;549.9;Disabled;PosNotOk;2;0;100;100;0;0;15;Disabled;0;0;0;0;0;0;0;0;0;0;0;0;0;0;0;0;0;0;0;0;0;0;0;0;0;0;0;0;0;0;0;0;0;0;0;0;0;0;0;0;0;0;0;0;0;0;0;0;0;0;0;0;0;0;0;0;0;0;0;0;0;0;0;0;0;0;0;0;0;0;30;25;20;45;30;25;20;45;30;30;20;45;30;30;20;45;200;0;100;300;200;0;100;300;200;128;100;300;200;127;100;300;30;26;20;45;30;27;20;45;30;32;20;45;30;30;20;45;200;0;100;300;200;0;100;300;200;53;100;300;200;52;100;300;4;1;0.4;6;4;6;0.4;6;4;1;0.4;6;4;6;0.4;6;4;1;0.4;6;4;6;0.4;6;4;1;0.4;6;4;6;0.4;6;NOK;NOK;OK;9000;9042;6500;9800;OK;8.81;0;7;12;NOK;N/A;2.17;N/A;N/A;N/A;9;8.9;7;18;OK;;0;0;0;-;Disabled;TempOk;2;230;35.7;51.1;0;0;349.9;440724000 gedia b-piller;440724000 gedia b-piller;440724000 Gedia B-Piller
20260326_10:13:17;0;4;4;900;894.6;750;1050;OK;900;905.4;750;1050;OK;904.7;906.2;20;-5;-50;30;OK;20;-5;-50;30;OK;-5;-5;0;20;-5;-50;30;OK;236;246;236;699;OK;248.79;249.28;N/A;N/A;N/A;N/A;N/A;N/A;N/A;N/A;N/A;N/A;N/A;N/A;N/A;N/A;N/A;N/A;N/A;N/A;N/A;N/A;N/A;N/A;N/A;N/A;N/A;N/A;N/A;N/A;N/A;N/A;N/A;N/A;N/A;N/A;N/A;N/A;N/A;N/A;N/A;N/A;N/A;N/A;N/A;N/A;N/A;N/A;N/A;N/A;N/A;N/A;N/A;N/A;N/A;N/A;N/A;N/A;N/A;N/A;N/A;N/A;N/A;N/A;N/A;N/A;N/A;N/A;N/A;N/A;N/A;N/A;N/A;N/A;N/A;N/A;N/A;N/A;N/A;N/A;N/A;N/A;N/A;N/A;N/A;N/A;N/A;N/A;N/A;N/A;N/A;N/A;N/A;N/A;N/A;N/A;N/A;N/A;N/A;N/A;;0;363.4;0;0;;Disabled;TempStop;2;700;365.5;321.4;0;0;599.9;549.9;Disabled;PosNotOk;2;0;100;100;0;0;15;Disabled;0;0;0;0;0;0;0;0;0;0;0;0;0;0;0;0;0;0;0;0;0;0;0;0;0;0;0;0;0;0;0;0;0;0;0;0;0;0;0;0;0;0;0;0;0;0;0;0;0;0;0;0;0;0;0;0;0;0;0;0;0;0;0;0;0;0;0;0;0;0;30;25;20;45;30;26;20;45;30;31;20;45;30;30;20;45;200;0;100;300;200;0;100;300;200;129;100;300;200;128;100;300;30;26;20;45;30;27;20;45;30;32;20;45;30;30;20;45;200;1;100;300;200;0;100;300;200;53;100;300;200;53;100;300;4;1;0.4;6;4;6;0.4;6;4;1;0.4;6;4;6;0.4;6;4;1;0.4;6;4;6;0.4;6;4;1;0.4;6;4;6;0.4;6;NOK;NOK;OK;9000;9046;6500;9800;OK;8.81;0;7;12;NOK;N/A;2.17;N/A;N/A;N/A;9;9.4;7;18;OK;;0;0;0;-;Disabled;TempOk;2;230;35.2;51.5;0;0;349.9;440724000 gedia b-piller;440724000 gedia b-piller;440724000 Gedia B-Piller
20260326_10:14:42;0;4;5;900;893.4;750;1050;OK;900;904.3;750;1050;OK;907.8;909.2;20;-5.5;-50;30;OK;20;-5.5;-50;30;OK;-5.5;-5.5;0;20;-5.5;-50;30;OK;236;246;236;699;OK;248.96;249.45;N/A;N/A;N/A;N/A;N/A;N/A;N/A;N/A;N/A;N/A;N/A;N/A;N/A;N/A;N/A;N/A;N/A;N/A;N/A;N/A;N/A;N/A;N/A;N/A;N/A;N/A;N/A;N/A;N/A;N/A;N/A;N/A;N/A;N/A;N/A;N/A;N/A;N/A;N/A;N/A;N/A;N/A;N/A;N/A;N/A;N/A;N/A;N/A;N/A;N/A;N/A;N/A;N/A;N/A;N/A;N/A;N/A;N/A;N/A;N/A;N/A;N/A;N/A;N/A;N/A;N/A;N/A;N/A;N/A;N/A;N/A;N/A;N/A;N/A;N/A;N/A;N/A;N/A;N/A;N/A;N/A;N/A;N/A;N/A;N/A;N/A;N/A;N/A;N/A;N/A;N/A;N/A;N/A;N/A;N/A;N/A;N/A;N/A;;0;360.3;0;0;;Disabled;TempStop;2;700;362.5;318.7;0;0;599.9;549.9;Disabled;PosNotOk;2;0;100;100;0;0;15;Disabled;0;0;0;0;0;0;0;0;0;0;0;0;0;0;0;0;0;0;0;0;0;0;0;0;0;0;0;0;0;0;0;0;0;0;0;0;0;0;0;0;0;0;0;0;0;0;0;0;0;0;0;0;0;0;0;0;0;0;0;0;0;0;0;0;0;0;0;0;0;0;30;25;20;45;30;25;20;45;30;30;20;45;30;30;20;45;200;0;100;300;200;0;100;300;200;128;100;300;200;127;100;300;30;26;20;45;30;27;20;45;30;32;20;45;30;30;20;45;200;0;100;300;200;0;100;300;200;53;100;300;200;53;100;300;4;1;0.4;6;4;6;0.4;6;4;1;0.4;6;4;6;0.4;6;4;1;0.4;6;4;6;0.4;6;4;1;0.4;6;4;6;0.4;6;NOK;NOK;OK;9000;9040;6500;9800;OK;8.81;0;7;12;NOK;N/A;2.17;N/A;N/A;N/A;9;9.3;7;18;OK;;0;0;0;-;Disabled;TempOk;2;230;34.9;56.2;0;0;349.9;440724000 gedia b-piller;440724000 gedia b-piller;440724000 Gedia B-Piller
20260326_10:16:08;0;4;3;900;897.3;750;1050;OK;900;907;750;1050;OK;907.2;907.4;20;-3.9;-50;30;OK;20;-3.9;-50;30;OK;-3.9;-3.9;0;20;-3.9;-50;30;OK;236;246;236;699;OK;249.13;249.62;N/A;N/A;N/A;N/A;N/A;N/A;N/A;N/A;N/A;N/A;N/A;N/A;N/A;N/A;N/A;N/A;N/A;N/A;N/A;N/A;N/A;N/A;N/A;N/A;N/A;N/A;N/A;N/A;N/A;N/A;N/A;N/A;N/A;N/A;N/A;N/A;N/A;N/A;N/A;N/A;N/A;N/A;N/A;N/A;N/A;N/A;N/A;N/A;N/A;N/A;N/A;N/A;N/A;N/A;N/A;N/A;N/A;N/A;N/A;N/A;N/A;N/A;N/A;N/A;N/A;N/A;N/A;N/A;N/A;N/A;N/A;N/A;N/A;N/A;N/A;N/A;N/A;N/A;N/A;N/A;N/A;N/A;N/A;N/A;N/A;N/A;N/A;N/A;N/A;N/A;N/A;N/A;N/A;N/A;N/A;N/A;N/A;N/A;;0;362;0;0;;Disabled;TempStop;2;700;363.9;324.1;0;0;599.9;549.9;Disabled;PosNotOk;2;0;100;100;0;0;15;Disabled;0;0;0;0;0;0;0;0;0;0;0;0;0;0;0;0;0;0;0;0;0;0;0;0;0;0;0;0;0;0;0;0;0;0;0;0;0;0;0;0;0;0;0;0;0;0;0;0;0;0;0;0;0;0;0;0;0;0;0;0;0;0;0;0;0;0;0;0;0;0;30;25;20;45;30;25;20;45;30;30;20;45;30;30;20;45;200;0;100;300;200;0;100;300;200;128;100;300;200;128;100;300;30;26;20;45;30;27;20;45;30;32;20;45;30;30;20;45;200;0;100;300;200;0;100;300;200;53;100;300;200;53;100;300;4;1;0.4;6;4;6;0.4;6;4;1;0.4;6;4;6;0.4;6;4;1;0.4;6;4;6;0.4;6;4;1;0.4;6;4;6;0.4;6;NOK;NOK;OK;9000;9049;6500;9800;OK;8.81;0;7;12;NOK;N/A;2.17;N/A;N/A;N/A;9;9.4;7;18;OK;;0;0;0;-;Disabled;TempOk;2;230;34.9;51.9;0;0;349.9;440724000 gedia b-piller;440724000 gedia b-piller;440724000 Gedia B-Piller
20260326_10:17:34;0;4;4;900;895.3;750;1050;OK;900;906.8;750;1050;OK;905.9;907.3;20;-5;-50;30;OK;20;-4.9;-50;30;OK;-4.9;-4.9;0;20;-5;-50;30;OK;236;246;236;699;OK;249.3;249.79;N/A;N/A;N/A;N/A;N/A;N/A;N/A;N/A;N/A;N/A;N/A;N/A;N/A;N/A;N/A;N/A;N/A;N/A;N/A;N/A;N/A;N/A;N/A;N/A;N/A;N/A;N/A;N/A;N/A;N/A;N/A;N/A;N/A;N/A;N/A;N/A;N/A;N/A;N/A;N/A;N/A;N/A;N/A;N/A;N/A;N/A;N/A;N/A;N/A;N/A;N/A;N/A;N/A;N/A;N/A;N/A;N/A;N/A;N/A;N/A;N/A;N/A;N/A;N/A;N/A;N/A;N/A;N/A;N/A;N/A;N/A;N/A;N/A;N/A;N/A;N/A;N/A;N/A;N/A;N/A;N/A;N/A;N/A;N/A;N/A;N/A;N/A;N/A;N/A;N/A;N/A;N/A;N/A;N/A;N/A;N/A;N/A;N/A;;0;364.6;0;0;;Disabled;TempStop;2;700;366.7;325.1;0;0;599.9;549.9;Disabled;PosNotOk;2;0;100;100;0;0;15;Disabled;0;0;0;0;0;0;0;0;0;0;0;0;0;0;0;0;0;0;0;0;0;0;0;0;0;0;0;0;0;0;0;0;0;0;0;0;0;0;0;0;0;0;0;0;0;0;0;0;0;0;0;0;0;0;0;0;0;0;0;0;0;0;0;0;0;0;0;0;0;0;30;25;20;45;30;25;20;45;30;30;20;45;30;30;20;45;200;0;100;300;200;0;100;300;200;128;100;300;200;128;100;300;30;26;20;45;30;27;20;45;30;32;20;45;30;30;20;45;200;0;100;300;200;0;100;300;200;53;100;300;200;53;100;300;4;1;0.4;6;4;6;0.4;6;4;1;0.4;6;4;6;0.4;6;4;1;0.4;6;4;6;0.4;6;4;1;0.4;6;4;6;0.4;6;NOK;NOK;OK;9000;9043;6500;9800;OK;8.81;0;7;12;NOK;N/A;2.17;N/A;N/A;N/A;9;9.1;7;18;OK;;0;0;0;-;Disabled;TempOk;2;230;34.9;54.7;0;0;349.9;440724000 gedia b-piller;440724000 gedia b-piller;440724000 Gedia B-Piller
20260326_10:19:00;0;4;5;900;895.4;750;1050;OK;900;906.6;750;1050;OK;910.2;910.3;20;-5.5;-50;30;OK;20;-5.4;-50;30;OK;-5.5;-5.4;0;20;-5.5;-50;30;OK;236;246;236;699;OK;249.47;249.96;N/A;N/A;N/A;N/A;N/A;N/A;N/A;N/A;N/A;N/A;N/A;N/A;N/A;N/A;N/A;N/A;N/A;N/A;N/A;N/A;N/A;N/A;N/A;N/A;N/A;N/A;N/A;N/A;N/A;N/A;N/A;N/A;N/A;N/A;N/A;N/A;N/A;N/A;N/A;N/A;N/A;N/A;N/A;N/A;N/A;N/A;N/A;N/A;N/A;N/A;N/A;N/A;N/A;N/A;N/A;N/A;N/A;N/A;N/A;N/A;N/A;N/A;N/A;N/A;N/A;N/A;N/A;N/A;N/A;N/A;N/A;N/A;N/A;N/A;N/A;N/A;N/A;N/A;N/A;N/A;N/A;N/A;N/A;N/A;N/A;N/A;N/A;N/A;N/A;N/A;N/A;N/A;N/A;N/A;N/A;N/A;N/A;N/A;;0;360.9;0;0;;Disabled;TempStop;2;700;363.1;319.7;0;0;599.9;549.9;Disabled;PosNotOk;2;0;100;100;0;0;15;Disabled;0;0;0;0;0;0;0;0;0;0;0;0;0;0;0;0;0;0;0;0;0;0;0;0;0;0;0;0;0;0;0;0;0;0;0;0;0;0;0;0;0;0;0;0;0;0;0;0;0;0;0;0;0;0;0;0;0;0;0;0;0;0;0;0;0;0;0;0;0;0;30;25;20;45;30;25;20;45;30;30;20;45;30;30;20;45;200;0;100;300;200;0;100;300;200;128;100;300;200;127;100;300;30;26;20;45;30;27;20;45;30;32;20;45;30;30;20;45;200;0;100;300;200;0;100;300;200;53;100;300;200;53;100;300;4;1;0.4;6;4;6;0.4;6;4;1;0.4;6;4;6;0.4;6;4;1;0.4;6;4;6;0.4;6;4;1;0.4;6;4;6;0.4;6;NOK;NOK;OK;9000;9062;6500;9800;OK;8.81;0;7;12;NOK;N/A;2.17;N/A;N/A;N/A;9;9.1;7;18;OK;;0;0;0;-;Disabled;TempOk;2;230;34.9;54.3;0;0;349.9;440724000 gedia b-piller;440724000 gedia b-piller;440724000 Gedia B-Piller
20260326_10:20:26;0;4;3;900;899.8;750;1050;OK;900;909;750;1050;OK;908.8;909.1;20;-3.9;-50;30;OK;20;-3.9;-50;30;OK;-3.9;-3.9;0;20;-3.9;-50;30;OK;236;246;236;699;OK;249.64;250.13;N/A;N/A;N/A;N/A;N/A;N/A;N/A;N/A;N/A;N/A;N/A;N/A;N/A;N/A;N/A;N/A;N/A;N/A;N/A;N/A;N/A;N/A;N/A;N/A;N/A;N/A;N/A;N/A;N/A;N/A;N/A;N/A;N/A;N/A;N/A;N/A;N/A;N/A;N/A;N/A;N/A;N/A;N/A;N/A;N/A;N/A;N/A;N/A;N/A;N/A;N/A;N/A;N/A;N/A;N/A;N/A;N/A;N/A;N/A;N/A;N/A;N/A;N/A;N/A;N/A;N/A;N/A;N/A;N/A;N/A;N/A;N/A;N/A;N/A;N/A;N/A;N/A;N/A;N/A;N/A;N/A;N/A;N/A;N/A;N/A;N/A;N/A;N/A;N/A;N/A;N/A;N/A;N/A;N/A;N/A;N/A;N/A;N/A;;0;362.9;0;0;;Disabled;TempStop;2;700;364.9;324.9;0;0;599.9;549.9;Disabled;PosNotOk;2;0;100;100;0;0;15;Disabled;0;0;0;0;0;0;0;0;0;0;0;0;0;0;0;0;0;0;0;0;0;0;0;0;0;0;0;0;0;0;0;0;0;0;0;0;0;0;0;0;0;0;0;0;0;0;0;0;0;0;0;0;0;0;0;0;0;0;0;0;0;0;0;0;0;0;0;0;0;0;30;25;20;45;30;25;20;45;30;31;20;45;30;30;20;45;200;0;100;300;200;0;100;300;200;128;100;300;200;128;100;300;30;26;20;45;30;27;20;45;30;32;20;45;30;30;20;45;200;0;100;300;200;0;100;300;200;53;100;300;200;53;100;300;4;1;0.4;6;4;6;0.4;6;4;1;0.4;6;4;6;0.4;6;4;1;0.4;6;4;6;0.4;6;4;1;0.4;6;4;6;0.4;6;NOK;NOK;OK;9000;9047;6500;9800;OK;8.81;0;7;12;NOK;N/A;2.17;N/A;N/A;N/A;9;8.9;7;18;OK;;0;0;0;-;Disabled;TempOk;2;230;34.9;50.1;0;0;349.9;440724000 gedia b-piller;440724000 gedia b-piller;440724000 Gedia B-Piller
20260326_10:21:51;0;4;4;900;898;750;1050;OK;900;908.3;750;1050;OK;907.8;908.6;20;-4.9;-50;30;OK;20;-4.9;-50;30;OK;-4.9;-4.9;0;20;-4.9;-50;30;OK;236;246;236;699;OK;249.81;250.3;N/A;N/A;N/A;N/A;N/A;N/A;N/A;N/A;N/A;N/A;N/A;N/A;N/A;N/A;N/A;N/A;N/A;N/A;N/A;N/A;N/A;N/A;N/A;N/A;N/A;N/A;N/A;N/A;N/A;N/A;N/A;N/A;N/A;N/A;N/A;N/A;N/A;N/A;N/A;N/A;N/A;N/A;N/A;N/A;N/A;N/A;N/A;N/A;N/A;N/A;N/A;N/A;N/A;N/A;N/A;N/A;N/A;N/A;N/A;N/A;N/A;N/A;N/A;N/A;N/A;N/A;N/A;N/A;N/A;N/A;N/A;N/A;N/A;N/A;N/A;N/A;N/A;N/A;N/A;N/A;N/A;N/A;N/A;N/A;N/A;N/A;N/A;N/A;N/A;N/A;N/A;N/A;N/A;N/A;N/A;N/A;N/A;N/A;;0;359.5;0;0;;Disabled;TempStop;2;700;361.6;319.9;0;0;599.9;549.9;Disabled;PosNotOk;2;0;100;100;0;0;15;Disabled;0;0;0;0;0;0;0;0;0;0;0;0;0;0;0;0;0;0;0;0;0;0;0;0;0;0;0;0;0;0;0;0;0;0;0;0;0;0;0;0;0;0;0;0;0;0;0;0;0;0;0;0;0;0;0;0;0;0;0;0;0;0;0;0;0;0;0;0;0;0;30;25;20;45;30;25;20;45;30;31;20;45;30;30;20;45;200;0;100;300;200;0;100;300;200;128;100;300;200;129;100;300;30;26;20;45;30;27;20;45;30;32;20;45;30;30;20;45;200;0;100;300;200;0;100;300;200;53;100;300;200;53;100;300;4;1;0.4;6;4;6;0.4;6;4;1;0.4;6;4;6;0.4;6;4;1;0.4;6;4;6;0.4;6;4;1;0.4;6;4;6;0.4;6;NOK;NOK;OK;9000;9057;6500;9800;OK;8.81;0;7;12;NOK;N/A;2.17;N/A;N/A;N/A;9;9.4;7;18;OK;;0;0;0;-;Disabled;TempOk;2;230;35.4;52.4;0;0;349.9;440724000 gedia b-piller;440724000 gedia b-piller;440724000 Gedia B-Piller
20260326_10:23:17;0;4;5;900;896.7;750;1050;OK;900;908.4;750;1050;OK;911.6;911.8;20;-5.4;-50;30;OK;20;-5.4;-50;30;OK;-5.4;-5.4;0;20;-5.4;-50;30;OK;236;246;236;699;OK;249.98;250.47;N/A;N/A;N/A;N/A;N/A;N/A;N/A;N/A;N/A;N/A;N/A;N/A;N/A;N/A;N/A;N/A;N/A;N/A;N/A;N/A;N/A;N/A;N/A;N/A;N/A;N/A;N/A;N/A;N/A;N/A;N/A;N/A;N/A;N/A;N/A;N/A;N/A;N/A;N/A;N/A;N/A;N/A;N/A;N/A;N/A;N/A;N/A;N/A;N/A;N/A;N/A;N/A;N/A;N/A;N/A;N/A;N/A;N/A;N/A;N/A;N/A;N/A;N/A;N/A;N/A;N/A;N/A;N/A;N/A;N/A;N/A;N/A;N/A;N/A;N/A;N/A;N/A;N/A;N/A;N/A;N/A;N/A;N/A;N/A;N/A;N/A;N/A;N/A;N/A;N/A;N/A;N/A;N/A;N/A;N/A;N/A;N/A;N/A;;0;362;0;0;;Disabled;TempStop;2;700;364.2;321.9;0;0;599.9;549.9;Disabled;PosNotOk;2;0;100;100;0;0;15;Disabled;0;0;0;0;0;0;0;0;0;0;0;0;0;0;0;0;0;0;0;0;0;0;0;0;0;0;0;0;0;0;0;0;0;0;0;0;0;0;0;0;0;0;0;0;0;0;0;0;0;0;0;0;0;0;0;0;0;0;0;0;0;0;0;0;0;0;0;0;0;0;30;25;20;45;30;25;20;45;30;30;20;45;30;30;20;45;200;0;100;300;200;0;100;300;200;128;100;300;200;128;100;300;30;26;20;45;30;27;20;45;30;32;20;45;30;30;20;45;200;0;100;300;200;0;100;300;200;53;100;300;200;53;100;300;4;1;0.4;6;4;6;0.4;6;4;1;0.4;6;4;6;0.4;6;4;1;0.4;6;4;6;0.4;6;4;1;0.4;6;4;6;0.4;6;NOK;NOK;OK;9000;9050;6500;9800;OK;8.81;0;7;12;NOK;N/A;2.17;N/A;N/A;N/A;9;9.4;7;18;OK;;0;0;0;-;Disabled;TempOk;2;230;35.4;55.5;0;0;349.9;440724000 gedia b-piller;440724000 gedia b-piller;440724000 Gedia B-Piller
20260326_10:24:43;0;4;3;900;902.4;750;1050;OK;900;910.8;750;1050;OK;910.2;910.7;20;-3.8;-50;30;OK;20;-3.8;-50;30;OK;-3.9;-3.8;0;20;-3.8;-50;30;OK;236;246;236;699;OK;250.15;250.64;N/A;N/A;N/A;N/A;N/A;N/A;N/A;N/A;N/A;N/A;N/A;N/A;N/A;N/A;N/A;N/A;N/A;N/A;N/A;N/A;N/A;N/A;N/A;N/A;N/A;N/A;N/A;N/A;N/A;N/A;N/A;N/A;N/A;N/A;N/A;N/A;N/A;N/A;N/A;N/A;N/A;N/A;N/A;N/A;N/A;N/A;N/A;N/A;N/A;N/A;N/A;N/A;N/A;N/A;N/A;N/A;N/A;N/A;N/A;N/A;N/A;N/A;N/A;N/A;N/A;N/A;N/A;N/A;N/A;N/A;N/A;N/A;N/A;N/A;N/A;N/A;N/A;N/A;N/A;N/A;N/A;N/A;N/A;N/A;N/A;N/A;N/A;N/A;N/A;N/A;N/A;N/A;N/A;N/A;N/A;N/A;N/A;N/A;;0;363.2;0;0;;Disabled;TempStop;2;700;365.4;329;0;0;599.9;549.9;Disabled;PosNotOk;2;0;100;100;0;0;15;Disabled;0;0;0;0;0;0;0;0;0;0;0;0;0;0;0;0;0;0;0;0;0;0;0;0;0;0;0;0;0;0;0;0;0;0;0;0;0;0;0;0;0;0;0;0;0;0;0;0;0;0;0;0;0;0;0;0;0;0;0;0;0;0;0;0;0;0;0;0;0;0;30;25;20;45;30;25;20;45;30;31;20;45;30;30;20;45;200;0;100;300;200;0;100;300;200;128;100;300;200;128;100;300;30;26;20;45;30;27;20;45;30;32;20;45;30;30;20;45;200;0;100;300;200;0;100;300;200;53;100;300;200;53;100;300;4;1;0.4;6;4;6;0.4;6;4;1;0.4;6;4;6;0.4;6;4;1;0.4;6;4;6;0.4;6;4;1;0.4;6;4;6;0.4;6;NOK;NOK;OK;9000;9045;6500;9800;OK;8.8;0;7;12;NOK;N/A;2.17;N/A;N/A;N/A;9;9.4;7;18;OK;;0;0;0;-;Disabled;TempOk;2;230;35.9;50.9;0;0;349.9;440724000 gedia b-piller;440724000 gedia b-piller;440724000 Gedia B-Piller
20260326_10:26:09;0;4;4;900;899.6;750;1050;OK;900;909.5;750;1050;OK;908.8;909;20;-4.9;-50;30;OK;20;-4.8;-50;30;OK;-4.8;-4.8;0;20;-4.9;-50;30;OK;236;246;236;699;OK;250.32;250.81;N/A;N/A;N/A;N/A;N/A;N/A;N/A;N/A;N/A;N/A;N/A;N/A;N/A;N/A;N/A;N/A;N/A;N/A;N/A;N/A;N/A;N/A;N/A;N/A;N/A;N/A;N/A;N/A;N/A;N/A;N/A;N/A;N/A;N/A;N/A;N/A;N/A;N/A;N/A;N/A;N/A;N/A;N/A;N/A;N/A;N/A;N/A;N/A;N/A;N/A;N/A;N/A;N/A;N/A;N/A;N/A;N/A;N/A;N/A;N/A;N/A;N/A;N/A;N/A;N/A;N/A;N/A;N/A;N/A;N/A;N/A;N/A;N/A;N/A;N/A;N/A;N/A;N/A;N/A;N/A;N/A;N/A;N/A;N/A;N/A;N/A;N/A;N/A;N/A;N/A;N/A;N/A;N/A;N/A;N/A;N/A;N/A;N/A;;0;358.1;0;0;;Disabled;TempStop;2;700;360;318.6;0;0;599.9;549.9;Disabled;PosNotOk;2;0;100;100;0;0;15;Disabled;0;0;0;0;0;0;0;0;0;0;0;0;0;0;0;0;0;0;0;0;0;0;0;0;0;0;0;0;0;0;0;0;0;0;0;0;0;0;0;0;0;0;0;0;0;0;0;0;0;0;0;0;0;0;0;0;0;0;0;0;0;0;0;0;0;0;0;0;0;0;30;25;20;45;30;25;20;45;30;31;20;45;30;30;20;45;200;0;100;300;200;0;100;300;200;128;100;300;200;128;100;300;30;26;20;45;30;27;20;45;30;32;20;45;30;30;20;45;200;0;100;300;200;0;100;300;200;53;100;300;200;53;100;300;4;1;0.4;6;4;6;0.4;6;4;1;0.4;6;4;6;0.4;6;4;1;0.4;6;4;6;0.4;6;4;1;0.4;6;4;6;0.4;6;NOK;NOK;OK;9000;9063;6500;9800;OK;8.82;0;7;12;NOK;N/A;2.17;N/A;N/A;N/A;9;9.5;7;18;OK;;0;0;0;-;Disabled;TempOk;2;230;34.7;52.7;0;0;349.9;440724000 gedia b-piller;440724000 gedia b-piller;440724000 Gedia B-Piller
20260326_10:27:35;0;4;5;900;898.9;750;1050;OK;900;910.3;750;1050;OK;912.8;913.8;20;-5.4;-50;30;OK;20;-5.4;-50;30;OK;-5.4;-5.4;0;20;-5.4;-50;30;OK;236;246;236;699;OK;250.49;250.98;N/A;N/A;N/A;N/A;N/A;N/A;N/A;N/A;N/A;N/A;N/A;N/A;N/A;N/A;N/A;N/A;N/A;N/A;N/A;N/A;N/A;N/A;N/A;N/A;N/A;N/A;N/A;N/A;N/A;N/A;N/A;N/A;N/A;N/A;N/A;N/A;N/A;N/A;N/A;N/A;N/A;N/A;N/A;N/A;N/A;N/A;N/A;N/A;N/A;N/A;N/A;N/A;N/A;N/A;N/A;N/A;N/A;N/A;N/A;N/A;N/A;N/A;N/A;N/A;N/A;N/A;N/A;N/A;N/A;N/A;N/A;N/A;N/A;N/A;N/A;N/A;N/A;N/A;N/A;N/A;N/A;N/A;N/A;N/A;N/A;N/A;N/A;N/A;N/A;N/A;N/A;N/A;N/A;N/A;N/A;N/A;N/A;N/A;;0;358.5;0;0;;Disabled;TempStop;2;700;360.6;316.9;0;0;599.9;549.9;Disabled;PosNotOk;2;0;100;100;0;0;15;Disabled;0;0;0;0;0;0;0;0;0;0;0;0;0;0;0;0;0;0;0;0;0;0;0;0;0;0;0;0;0;0;0;0;0;0;0;0;0;0;0;0;0;0;0;0;0;0;0;0;0;0;0;0;0;0;0;0;0;0;0;0;0;0;0;0;0;0;0;0;0;0;30;25;20;45;30;25;20;45;30;30;20;45;30;30;20;45;200;0;100;300;200;0;100;300;200;128;100;300;200;128;100;300;30;26;20;45;30;27;20;45;30;32;20;45;30;30;20;45;200;0;100;300;200;0;100;300;200;53;100;300;200;53;100;300;4;1;0.4;6;4;6;0.4;6;4;1;0.4;6;4;6;0.4;6;4;1;0.4;6;4;6;0.4;6;4;1;0.4;6;4;6;0.4;6;NOK;NOK;OK;9000;9055;6500;9800;OK;8.81;0;7;12;NOK;N/A;2.17;N/A;N/A;N/A;9;9.4;7;18;OK;;0;0;0;-;Disabled;TempOk;2;230;34.9;56.2;0;0;349.9;440724000 gedia b-piller;440724000 gedia b-piller;440724000 Gedia B-Piller
20260326_10:29:00;0;4;3;900;904;750;1050;OK;900;912.4;750;1050;OK;911.4;912.2;20;-3.8;-50;30;OK;20;-3.8;-50;30;OK;-3.8;-3.8;0;20;-3.8;-50;30;OK;236;246;236;699;OK;250.66;251.15;N/A;N/A;N/A;N/A;N/A;N/A;N/A;N/A;N/A;N/A;N/A;N/A;N/A;N/A;N/A;N/A;N/A;N/A;N/A;N/A;N/A;N/A;N/A;N/A;N/A;N/A;N/A;N/A;N/A;N/A;N/A;N/A;N/A;N/A;N/A;N/A;N/A;N/A;N/A;N/A;N/A;N/A;N/A;N/A;N/A;N/A;N/A;N/A;N/A;N/A;N/A;N/A;N/A;N/A;N/A;N/A;N/A;N/A;N/A;N/A;N/A;N/A;N/A;N/A;N/A;N/A;N/A;N/A;N/A;N/A;N/A;N/A;N/A;N/A;N/A;N/A;N/A;N/A;N/A;N/A;N/A;N/A;N/A;N/A;N/A;N/A;N/A;N/A;N/A;N/A;N/A;N/A;N/A;N/A;N/A;N/A;N/A;N/A;;0;358.5;0;0;;Disabled;TempStop;2;700;360.5;319.9;0;0;599.9;549.9;Disabled;PosNotOk;2;0;100;100;0;0;15;Disabled;0;0;0;0;0;0;0;0;0;0;0;0;0;0;0;0;0;0;0;0;0;0;0;0;0;0;0;0;0;0;0;0;0;0;0;0;0;0;0;0;0;0;0;0;0;0;0;0;0;0;0;0;0;0;0;0;0;0;0;0;0;0;0;0;0;0;0;0;0;0;30;25;20;45;30;25;20;45;30;31;20;45;30;30;20;45;200;0;100;300;200;0;100;300;200;128;100;300;200;128;100;300;30;26;20;45;30;27;20;45;30;32;20;45;30;30;20;45;200;0;100;300;200;0;100;300;200;53;100;300;200;53;100;300;4;1;0.4;6;4;6;0.4;6;4;1;0.4;6;4;6;0.4;6;4;1;0.4;6;4;6;0.4;6;4;1;0.4;6;4;6;0.4;6;NOK;NOK;OK;9000;9064;6500;9800;OK;8.81;0;7;12;NOK;N/A;2.17;N/A;N/A;N/A;9;9.4;7;18;OK;;0;0;0;-;Disabled;TempOk;2;230;35.4;51.7;0;0;349.9;440724000 gedia b-piller;440724000 gedia b-piller;440724000 Gedia B-Piller
20260326_10:30:26;0;4;4;900;901.4;750;1050;OK;900;910.4;750;1050;OK;909.9;910.9;20;-4.8;-50;30;OK;20;-4.8;-50;30;OK;-4.8;-4.8;0;20;-4.8;-50;30;OK;236;246;236;699;OK;250.83;251.32;N/A;N/A;N/A;N/A;N/A;N/A;N/A;N/A;N/A;N/A;N/A;N/A;N/A;N/A;N/A;N/A;N/A;N/A;N/A;N/A;N/A;N/A;N/A;N/A;N/A;N/A;N/A;N/A;N/A;N/A;N/A;N/A;N/A;N/A;N/A;N/A;N/A;N/A;N/A;N/A;N/A;N/A;N/A;N/A;N/A;N/A;N/A;N/A;N/A;N/A;N/A;N/A;N/A;N/A;N/A;N/A;N/A;N/A;N/A;N/A;N/A;N/A;N/A;N/A;N/A;N/A;N/A;N/A;N/A;N/A;N/A;N/A;N/A;N/A;N/A;N/A;N/A;N/A;N/A;N/A;N/A;N/A;N/A;N/A;N/A;N/A;N/A;N/A;N/A;N/A;N/A;N/A;N/A;N/A;N/A;N/A;N/A;N/A;;0;363.6;0;0;;Disabled;TempStop;2;700;365.7;325.2;0;0;599.9;549.9;Disabled;PosNotOk;2;0;100;100;0;0;15;Disabled;0;0;0;0;0;0;0;0;0;0;0;0;0;0;0;0;0;0;0;0;0;0;0;0;0;0;0;0;0;0;0;0;0;0;0;0;0;0;0;0;0;0;0;0;0;0;0;0;0;0;0;0;0;0;0;0;0;0;0;0;0;0;0;0;0;0;0;0;0;0;30;25;20;45;30;25;20;45;30;31;20;45;30;30;20;45;200;0;100;300;200;0;100;300;200;128;100;300;200;128;100;300;30;26;20;45;30;27;20;45;30;32;20;45;30;30;20;45;200;0;100;300;200;0;100;300;200;53;100;300;200;52;100;300;4;1;0.4;6;4;6;0.4;6;4;1;0.4;6;4;6;0.4;6;4;1;0.4;6;4;6;0.4;6;4;1;0.4;6;4;6;0.4;6;NOK;NOK;OK;9000;9061;6500;9800;OK;8.81;0;7;12;NOK;N/A;2.17;N/A;N/A;N/A;9;9.4;7;18;OK;;0;0;0;-;Disabled;TempOk;2;230;35.2;53.1;0;0;349.9;440724000 gedia b-piller;440724000 gedia b-piller;440724000 Gedia B-Piller
20260326_10:31:52;0;4;5;900;900.8;750;1050;OK;900;913.2;750;1050;OK;913.9;915.8;20;-5.4;-50;30;OK;20;-5.3;-50;30;OK;-5.4;-5.3;0;20;-5.4;-50;30;OK;236;246;236;699;OK;251;251.48;N/A;N/A;N/A;N/A;N/A;N/A;N/A;N/A;N/A;N/A;N/A;N/A;N/A;N/A;N/A;N/A;N/A;N/A;N/A;N/A;N/A;N/A;N/A;N/A;N/A;N/A;N/A;N/A;N/A;N/A;N/A;N/A;N/A;N/A;N/A;N/A;N/A;N/A;N/A;N/A;N/A;N/A;N/A;N/A;N/A;N/A;N/A;N/A;N/A;N/A;N/A;N/A;N/A;N/A;N/A;N/A;N/A;N/A;N/A;N/A;N/A;N/A;N/A;N/A;N/A;N/A;N/A;N/A;N/A;N/A;N/A;N/A;N/A;N/A;N/A;N/A;N/A;N/A;N/A;N/A;N/A;N/A;N/A;N/A;N/A;N/A;N/A;N/A;N/A;N/A;N/A;N/A;N/A;N/A;N/A;N/A;N/A;N/A;;0;360.7;0;0;;Disabled;TempStop;2;700;362.7;320.2;0;0;599.9;549.9;Disabled;PosNotOk;2;0;100;100;0;0;15;Disabled;0;0;0;0;0;0;0;0;0;0;0;0;0;0;0;0;0;0;0;0;0;0;0;0;0;0;0;0;0;0;0;0;0;0;0;0;0;0;0;0;0;0;0;0;0;0;0;0;0;0;0;0;0;0;0;0;0;0;0;0;0;0;0;0;0;0;0;0;0;0;30;25;20;45;30;25;20;45;30;30;20;45;30;30;20;45;200;0;100;300;200;0;100;300;200;128;100;300;200;128;100;300;30;26;20;45;30;27;20;45;30;32;20;45;30;30;20;45;200;0;100;300;200;0;100;300;200;53;100;300;200;53;100;300;4;1;0.4;6;4;6;0.4;6;4;1;0.4;6;4;6;0.4;6;4;1;0.4;6;4;6;0.4;6;4;1;0.4;6;4;6;0.4;6;NOK;NOK;OK;9000;9055;6500;9800;OK;8.81;0;7;12;NOK;N/A;2.17;N/A;N/A;N/A;9;9.4;7;18;OK;;0;0;0;-;Disabled;TempOk;2;230;35.2;54.1;0;0;349.9;440724000 gedia b-piller;440724000 gedia b-piller;440724000 Gedia B-Piller
20260326_10:33:18;0;4;3;900;905.2;750;1050;OK;900;913.9;750;1050;OK;912.7;913.4;20;-3.8;-50;30;OK;20;-3.8;-50;30;OK;-3.8;-3.8;0;20;-3.8;-50;30;OK;236;246;236;699;OK;251.17;251.65;N/A;N/A;N/A;N/A;N/A;N/A;N/A;N/A;N/A;N/A;N/A;N/A;N/A;N/A;N/A;N/A;N/A;N/A;N/A;N/A;N/A;N/A;N/A;N/A;N/A;N/A;N/A;N/A;N/A;N/A;N/A;N/A;N/A;N/A;N/A;N/A;N/A;N/A;N/A;N/A;N/A;N/A;N/A;N/A;N/A;N/A;N/A;N/A;N/A;N/A;N/A;N/A;N/A;N/A;N/A;N/A;N/A;N/A;N/A;N/A;N/A;N/A;N/A;N/A;N/A;N/A;N/A;N/A;N/A;N/A;N/A;N/A;N/A;N/A;N/A;N/A;N/A;N/A;N/A;N/A;N/A;N/A;N/A;N/A;N/A;N/A;N/A;N/A;N/A;N/A;N/A;N/A;N/A;N/A;N/A;N/A;N/A;N/A;;0;358.5;0;0;;Disabled;TempStop;2;700;360.5;320.1;0;0;599.9;549.9;Disabled;PosNotOk;2;0;100;100;0;0;15;Disabled;0;0;0;0;0;0;0;0;0;0;0;0;0;0;0;0;0;0;0;0;0;0;0;0;0;0;0;0;0;0;0;0;0;0;0;0;0;0;0;0;0;0;0;0;0;0;0;0;0;0;0;0;0;0;0;0;0;0;0;0;0;0;0;0;0;0;0;0;0;0;30;25;20;45;30;25;20;45;30;30;20;45;30;30;20;45;200;1;100;300;200;0;100;300;200;128;100;300;200;128;100;300;30;26;20;45;30;27;20;45;30;32;20;45;30;30;20;45;200;0;100;300;200;0;100;300;200;53;100;300;200;53;100;300;4;1;0.4;6;4;6;0.4;6;4;1;0.4;6;4;6;0.4;6;4;1;0.4;6;4;6;0.4;6;4;1;0.4;6;4;6;0.4;6;NOK;NOK;OK;9000;9070;6500;9800;OK;8.81;0;7;12;NOK;N/A;2.17;N/A;N/A;N/A;9;9.6;7;18;OK;;0;0;0;-;Disabled;TempOk;2;230;34.9;50.1;0;0;349.9;440724000 gedia b-piller;440724000 gedia b-piller;440724000 Gedia B-Piller
20260326_10:34:44;0;4;4;900;902.5;750;1050;OK;900;912.4;750;1050;OK;910.9;911.3;20;-4.8;-50;30;OK;20;-4.8;-50;30;OK;-4.8;-4.8;0;20;-4.8;-50;30;OK;236;246;236;699;OK;251.34;251.82;N/A;N/A;N/A;N/A;N/A;N/A;N/A;N/A;N/A;N/A;N/A;N/A;N/A;N/A;N/A;N/A;N/A;N/A;N/A;N/A;N/A;N/A;N/A;N/A;N/A;N/A;N/A;N/A;N/A;N/A;N/A;N/A;N/A;N/A;N/A;N/A;N/A;N/A;N/A;N/A;N/A;N/A;N/A;N/A;N/A;N/A;N/A;N/A;N/A;N/A;N/A;N/A;N/A;N/A;N/A;N/A;N/A;N/A;N/A;N/A;N/A;N/A;N/A;N/A;N/A;N/A;N/A;N/A;N/A;N/A;N/A;N/A;N/A;N/A;N/A;N/A;N/A;N/A;N/A;N/A;N/A;N/A;N/A;N/A;N/A;N/A;N/A;N/A;N/A;N/A;N/A;N/A;N/A;N/A;N/A;N/A;N/A;N/A;;0;359.3;0;0;;Disabled;TempStop;2;700;361.3;320.1;0;0;599.9;549.9;Disabled;PosNotOk;2;0;100;100;0;0;15;Disabled;0;0;0;0;0;0;0;0;0;0;0;0;0;0;0;0;0;0;0;0;0;0;0;0;0;0;0;0;0;0;0;0;0;0;0;0;0;0;0;0;0;0;0;0;0;0;0;0;0;0;0;0;0;0;0;0;0;0;0;0;0;0;0;0;0;0;0;0;0;0;30;25;20;45;30;25;20;45;30;30;20;45;30;30;20;45;200;0;100;300;200;0;100;300;200;128;100;300;200;127;100;300;30;26;20;45;30;27;20;45;30;32;20;45;30;30;20;45;200;0;100;300;200;0;100;300;200;53;100;300;200;53;100;300;4;1;0.4;6;4;6;0.4;6;4;1;0.4;6;4;6;0.4;6;4;1;0.4;6;4;6;0.4;6;4;1;0.4;6;4;6;0.4;6;NOK;NOK;OK;9000;9042;6500;9800;OK;8.8;0;7;12;NOK;N/A;2.17;N/A;N/A;N/A;9;9.6;7;18;OK;;0;0;0;-;Disabled;TempOk;2;230;35.2;53.3;0;0;349.9;440724000 gedia b-piller;440724000 gedia b-piller;440724000 Gedia B-Piller
20260326_10:36:09;0;4;5;900;905.3;750;1050;OK;900;913.6;750;1050;OK;915.2;915.3;20;-5.4;-50;30;OK;20;-5.3;-50;30;OK;-5.3;-5.3;0;20;-5.4;-50;30;OK;236;246;236;699;OK;251.51;251.99;N/A;N/A;N/A;N/A;N/A;N/A;N/A;N/A;N/A;N/A;N/A;N/A;N/A;N/A;N/A;N/A;N/A;N/A;N/A;N/A;N/A;N/A;N/A;N/A;N/A;N/A;N/A;N/A;N/A;N/A;N/A;N/A;N/A;N/A;N/A;N/A;N/A;N/A;N/A;N/A;N/A;N/A;N/A;N/A;N/A;N/A;N/A;N/A;N/A;N/A;N/A;N/A;N/A;N/A;N/A;N/A;N/A;N/A;N/A;N/A;N/A;N/A;N/A;N/A;N/A;N/A;N/A;N/A;N/A;N/A;N/A;N/A;N/A;N/A;N/A;N/A;N/A;N/A;N/A;N/A;N/A;N/A;N/A;N/A;N/A;N/A;N/A;N/A;N/A;N/A;N/A;N/A;N/A;N/A;N/A;N/A;N/A;N/A;;0;359;0;0;;Disabled;TempStop;2;700;361.1;318.3;0;0;599.9;549.9;Disabled;PosNotOk;2;0;100;100;0;0;15;Disabled;0;0;0;0;0;0;0;0;0;0;0;0;0;0;0;0;0;0;0;0;0;0;0;0;0;0;0;0;0;0;0;0;0;0;0;0;0;0;0;0;0;0;0;0;0;0;0;0;0;0;0;0;0;0;0;0;0;0;0;0;0;0;0;0;0;0;0;0;0;0;30;25;20;45;30;25;20;45;30;31;20;45;30;30;20;45;200;0;100;300;200;0;100;300;200;129;100;300;200;128;100;300;30;26;20;45;30;27;20;45;30;32;20;45;30;30;20;45;200;0;100;300;200;1;100;300;200;53;100;300;200;53;100;300;4;1;0.4;6;4;6;0.4;6;4;1;0.4;6;4;6;0.4;6;4;1;0.4;6;4;6;0.4;6;4;1;0.4;6;4;6;0.4;6;NOK;NOK;OK;9000;9053;6500;9800;OK;8.81;0;7;12;NOK;N/A;2.17;N/A;N/A;N/A;9;9.6;7;18;OK;;0;0;0;-;Disabled;TempOk;2;230;35.4;54.5;0;0;349.9;440724000 gedia b-piller;440724000 gedia b-piller;440724000 Gedia B-Piller
20260326_10:37:35;0;4;3;900;907.1;750;1050;OK;900;915.3;750;1050;OK;913.8;914.8;20;-3.8;-50;30;OK;20;-3.7;-50;30;OK;-3.7;-3.7;0;20;-3.8;-50;30;OK;236;246;236;699;OK;251.68;252.16;N/A;N/A;N/A;N/A;N/A;N/A;N/A;N/A;N/A;N/A;N/A;N/A;N/A;N/A;N/A;N/A;N/A;N/A;N/A;N/A;N/A;N/A;N/A;N/A;N/A;N/A;N/A;N/A;N/A;N/A;N/A;N/A;N/A;N/A;N/A;N/A;N/A;N/A;N/A;N/A;N/A;N/A;N/A;N/A;N/A;N/A;N/A;N/A;N/A;N/A;N/A;N/A;N/A;N/A;N/A;N/A;N/A;N/A;N/A;N/A;N/A;N/A;N/A;N/A;N/A;N/A;N/A;N/A;N/A;N/A;N/A;N/A;N/A;N/A;N/A;N/A;N/A;N/A;N/A;N/A;N/A;N/A;N/A;N/A;N/A;N/A;N/A;N/A;N/A;N/A;N/A;N/A;N/A;N/A;N/A;N/A;N/A;N/A;;0;364;0;0;;Disabled;TempStop;2;700;366;325.5;0;0;599.9;549.9;Disabled;PosNotOk;2;0;100;100;0;0;15;Disabled;0;0;0;0;0;0;0;0;0;0;0;0;0;0;0;0;0;0;0;0;0;0;0;0;0;0;0;0;0;0;0;0;0;0;0;0;0;0;0;0;0;0;0;0;0;0;0;0;0;0;0;0;0;0;0;0;0;0;0;0;0;0;0;0;0;0;0;0;0;0;30;25;20;45;30;25;20;45;30;30;20;45;30;30;20;45;200;0;100;300;200;0;100;300;200;128;100;300;200;128;100;300;30;26;20;45;30;27;20;45;30;32;20;45;30;30;20;45;200;0;100;300;200;0;100;300;200;53;100;300;200;53;100;300;4;1;0.4;6;4;6;0.4;6;4;1;0.4;6;4;6;0.4;6;4;1;0.4;6;4;6;0.4;6;4;1;0.4;6;4;6;0.4;6;NOK;NOK;OK;9000;9055;6500;9800;OK;8.81;0;7;12;NOK;N/A;2.17;N/A;N/A;N/A;9;9.4;7;18;OK;;0;0;0;-;Disabled;TempOk;2;230;35.4;50.7;0;0;349.9;440724000 gedia b-piller;440724000 gedia b-piller;440724000 Gedia B-Piller
20260326_10:39:01;0;4;4;900;903.7;750;1050;OK;900;914.1;750;1050;OK;912.1;913.6;20;-4.8;-50;30;OK;20;-4.8;-50;30;OK;-4.8;-4.8;0;20;-4.8;-50;30;OK;236;246;236;699;OK;251.85;252.33;N/A;N/A;N/A;N/A;N/A;N/A;N/A;N/A;N/A;N/A;N/A;N/A;N/A;N/A;N/A;N/A;N/A;N/A;N/A;N/A;N/A;N/A;N/A;N/A;N/A;N/A;N/A;N/A;N/A;N/A;N/A;N/A;N/A;N/A;N/A;N/A;N/A;N/A;N/A;N/A;N/A;N/A;N/A;N/A;N/A;N/A;N/A;N/A;N/A;N/A;N/A;N/A;N/A;N/A;N/A;N/A;N/A;N/A;N/A;N/A;N/A;N/A;N/A;N/A;N/A;N/A;N/A;N/A;N/A;N/A;N/A;N/A;N/A;N/A;N/A;N/A;N/A;N/A;N/A;N/A;N/A;N/A;N/A;N/A;N/A;N/A;N/A;N/A;N/A;N/A;N/A;N/A;N/A;N/A;N/A;N/A;N/A;N/A;;0;360.5;0;0;;Disabled;TempStop;2;700;362.5;320.2;0;0;599.9;549.9;Disabled;PosNotOk;2;0;100;100;0;0;15;Disabled;0;0;0;0;0;0;0;0;0;0;0;0;0;0;0;0;0;0;0;0;0;0;0;0;0;0;0;0;0;0;0;0;0;0;0;0;0;0;0;0;0;0;0;0;0;0;0;0;0;0;0;0;0;0;0;0;0;0;0;0;0;0;0;0;0;0;0;0;0;0;30;25;20;45;30;25;20;45;30;30;20;45;30;30;20;45;200;0;100;300;200;0;100;300;200;128;100;300;200;128;100;300;30;26;20;45;30;27;20;45;30;32;20;45;30;30;20;45;200;0;100;300;200;0;100;300;200;53;100;300;200;53;100;300;4;1;0.4;6;4;6;0.4;6;4;1;0.4;6;4;6;0.4;6;4;1;0.4;6;4;6;0.4;6;4;1;0.4;6;4;6;0.4;6;NOK;NOK;OK;9000;9058;6500;9800;OK;8.8;0;7;12;NOK;N/A;2.17;N/A;N/A;N/A;9;9.4;7;18;OK;;0;0;0;-;Disabled;TempOk;2;230;35.2;51.3;0;0;349.9;440724000 gedia b-piller;440724000 gedia b-piller;440724000 Gedia B-Piller
20260326_10:40:27;0;4;5;900;905.3;750;1050;OK;900;915.4;750;1050;OK;916.7;917.6;20;-5.3;-50;30;OK;20;-5.3;-50;30;OK;-5.3;-5.3;0;20;-5.3;-50;30;OK;236;246;236;699;OK;252.02;252.5;N/A;N/A;N/A;N/A;N/A;N/A;N/A;N/A;N/A;N/A;N/A;N/A;N/A;N/A;N/A;N/A;N/A;N/A;N/A;N/A;N/A;N/A;N/A;N/A;N/A;N/A;N/A;N/A;N/A;N/A;N/A;N/A;N/A;N/A;N/A;N/A;N/A;N/A;N/A;N/A;N/A;N/A;N/A;N/A;N/A;N/A;N/A;N/A;N/A;N/A;N/A;N/A;N/A;N/A;N/A;N/A;N/A;N/A;N/A;N/A;N/A;N/A;N/A;N/A;N/A;N/A;N/A;N/A;N/A;N/A;N/A;N/A;N/A;N/A;N/A;N/A;N/A;N/A;N/A;N/A;N/A;N/A;N/A;N/A;N/A;N/A;N/A;N/A;N/A;N/A;N/A;N/A;N/A;N/A;N/A;N/A;N/A;N/A;;0;365.3;0;0;;Disabled;TempStop;2;700;367.5;331.9;0;0;599.9;549.9;Disabled;PosNotOk;2;0;100;100;0;0;15;Disabled;0;0;0;0;0;0;0;0;0;0;0;0;0;0;0;0;0;0;0;0;0;0;0;0;0;0;0;0;0;0;0;0;0;0;0;0;0;0;0;0;0;0;0;0;0;0;0;0;0;0;0;0;0;0;0;0;0;0;0;0;0;0;0;0;0;0;0;0;0;0;30;25;20;45;30;25;20;45;30;31;20;45;30;30;20;45;200;0;100;300;200;0;100;300;200;128;100;300;200;128;100;300;30;26;20;45;30;27;20;45;30;32;20;45;30;30;20;45;200;0;100;300;200;0;100;300;200;53;100;300;200;53;100;300;4;1;0.4;6;4;6;0.4;6;4;1;0.4;6;4;6;0.4;6;4;1;0.4;6;4;6;0.4;6;4;1;0.4;6;4;6;0.4;6;NOK;NOK;OK;9000;9040;6500;9800;OK;8.8;0;7;12;NOK;N/A;2.17;N/A;N/A;N/A;9;9.6;7;18;OK;;0;0;0;-;Disabled;TempOk;2;230;35.4;56.9;0;0;349.9;440724000 gedia b-piller;440724000 gedia b-piller;440724000 Gedia B-Piller
20260326_10:41:53;0;4;3;900;908.1;750;1050;OK;900;916.4;750;1050;OK;914.6;915.7;20;-3.7;-50;30;OK;20;-3.7;-50;30;OK;-3.7;-3.7;0;20;-3.7;-50;30;OK;236;246;236;699;OK;252.18;252.67;N/A;N/A;N/A;N/A;N/A;N/A;N/A;N/A;N/A;N/A;N/A;N/A;N/A;N/A;N/A;N/A;N/A;N/A;N/A;N/A;N/A;N/A;N/A;N/A;N/A;N/A;N/A;N/A;N/A;N/A;N/A;N/A;N/A;N/A;N/A;N/A;N/A;N/A;N/A;N/A;N/A;N/A;N/A;N/A;N/A;N/A;N/A;N/A;N/A;N/A;N/A;N/A;N/A;N/A;N/A;N/A;N/A;N/A;N/A;N/A;N/A;N/A;N/A;N/A;N/A;N/A;N/A;N/A;N/A;N/A;N/A;N/A;N/A;N/A;N/A;N/A;N/A;N/A;N/A;N/A;N/A;N/A;N/A;N/A;N/A;N/A;N/A;N/A;N/A;N/A;N/A;N/A;N/A;N/A;N/A;N/A;N/A;N/A;;0;357.1;0;0;;Disabled;TempStop;2;700;358.9;318.6;0;0;599.9;549.9;Disabled;PosNotOk;2;0;100;100;0;0;15;Disabled;0;0;0;0;0;0;0;0;0;0;0;0;0;0;0;0;0;0;0;0;0;0;0;0;0;0;0;0;0;0;0;0;0;0;0;0;0;0;0;0;0;0;0;0;0;0;0;0;0;0;0;0;0;0;0;0;0;0;0;0;0;0;0;0;0;0;0;0;0;0;30;25;20;45;30;25;20;45;30;31;20;45;30;30;20;45;200;0;100;300;200;0;100;300;200;128;100;300;200;128;100;300;30;26;20;45;30;27;20;45;30;32;20;45;30;30;20;45;200;0;100;300;200;0;100;300;200;53;100;300;200;52;100;300;4;1;0.4;6;4;6;0.4;6;4;1;0.4;6;4;6;0.4;6;4;1;0.4;6;4;6;0.4;6;4;1;0.4;6;4;6;0.4;6;NOK;NOK;OK;9000;9043;6500;9800;OK;8.8;0;7;12;NOK;N/A;2.17;N/A;N/A;N/A;9;9.7;7;18;OK;;0;0;0;-;Disabled;TempOk;2;230;34.9;50.5;0;0;349.9;440724000 gedia b-piller;440724000 gedia b-piller;440724000 Gedia B-Piller
20260326_10:43:18;0;4;4;900;905.2;750;1050;OK;900;915.4;750;1050;OK;913.6;914.5;20;-4.8;-50;30;OK;20;-4.7;-50;30;OK;-4.7;-4.7;0;20;-4.8;-50;30;OK;236;246;236;699;OK;252.35;252.84;N/A;N/A;N/A;N/A;N/A;N/A;N/A;N/A;N/A;N/A;N/A;N/A;N/A;N/A;N/A;N/A;N/A;N/A;N/A;N/A;N/A;N/A;N/A;N/A;N/A;N/A;N/A;N/A;N/A;N/A;N/A;N/A;N/A;N/A;N/A;N/A;N/A;N/A;N/A;N/A;N/A;N/A;N/A;N/A;N/A;N/A;N/A;N/A;N/A;N/A;N/A;N/A;N/A;N/A;N/A;N/A;N/A;N/A;N/A;N/A;N/A;N/A;N/A;N/A;N/A;N/A;N/A;N/A;N/A;N/A;N/A;N/A;N/A;N/A;N/A;N/A;N/A;N/A;N/A;N/A;N/A;N/A;N/A;N/A;N/A;N/A;N/A;N/A;N/A;N/A;N/A;N/A;N/A;N/A;N/A;N/A;N/A;N/A;;0;356.3;0;0;;Disabled;TempStop;2;700;358.4;317;0;0;599.9;549.9;Disabled;PosNotOk;2;0;100;100;0;0;15;Disabled;0;0;0;0;0;0;0;0;0;0;0;0;0;0;0;0;0;0;0;0;0;0;0;0;0;0;0;0;0;0;0;0;0;0;0;0;0;0;0;0;0;0;0;0;0;0;0;0;0;0;0;0;0;0;0;0;0;0;0;0;0;0;0;0;0;0;0;0;0;0;30;25;20;45;30;25;20;45;30;31;20;45;30;30;20;45;200;0;100;300;200;0;100;300;200;128;100;300;200;128;100;300;30;26;20;45;30;27;20;45;30;32;20;45;30;30;20;45;200;0;100;300;200;0;100;300;200;53;100;300;200;52;100;300;4;1;0.4;6;4;6;0.4;6;4;1;0.4;6;4;6;0.4;6;4;1;0.4;6;4;6;0.4;6;4;1;0.4;6;4;6;0.4;6;NOK;NOK;OK;9000;9045;6500;9800;OK;8.81;0;7;12;NOK;N/A;2.17;N/A;N/A;N/A;9;9.4;7;18;OK;;0;0;0;-;Disabled;TempOk;2;230;35.4;52.4;0;0;349.9;440724000 gedia b-piller;440724000 gedia b-piller;440724000 Gedia B-Piller
20260326_10:44:44;0;4;5;900;905.9;750;1050;OK;900;917.4;750;1050;OK;917.5;918.4;20;-5.3;-50;30;OK;20;-5.2;-50;30;OK;-5.2;-5.2;0;20;-5.3;-50;30;OK;236;246;236;699;OK;252.52;253.01;N/A;N/A;N/A;N/A;N/A;N/A;N/A;N/A;N/A;N/A;N/A;N/A;N/A;N/A;N/A;N/A;N/A;N/A;N/A;N/A;N/A;N/A;N/A;N/A;N/A;N/A;N/A;N/A;N/A;N/A;N/A;N/A;N/A;N/A;N/A;N/A;N/A;N/A;N/A;N/A;N/A;N/A;N/A;N/A;N/A;N/A;N/A;N/A;N/A;N/A;N/A;N/A;N/A;N/A;N/A;N/A;N/A;N/A;N/A;N/A;N/A;N/A;N/A;N/A;N/A;N/A;N/A;N/A;N/A;N/A;N/A;N/A;N/A;N/A;N/A;N/A;N/A;N/A;N/A;N/A;N/A;N/A;N/A;N/A;N/A;N/A;N/A;N/A;N/A;N/A;N/A;N/A;N/A;N/A;N/A;N/A;N/A;N/A;;0;360.6;0;0;;Disabled;TempStop;2;700;362.6;321.2;0;0;599.9;549.9;Disabled;PosNotOk;2;0;100;100;0;0;15;Disabled;0;0;0;0;0;0;0;0;0;0;0;0;0;0;0;0;0;0;0;0;0;0;0;0;0;0;0;0;0;0;0;0;0;0;0;0;0;0;0;0;0;0;0;0;0;0;0;0;0;0;0;0;0;0;0;0;0;0;0;0;0;0;0;0;0;0;0;0;0;0;30;25;20;45;30;25;20;45;30;30;20;45;30;30;20;45;200;0;100;300;200;0;100;300;200;128;100;300;200;128;100;300;30;26;20;45;30;27;20;45;30;32;20;45;30;30;20;45;200;0;100;300;200;1;100;300;200;53;100;300;200;53;100;300;4;1;0.4;6;4;6;0.4;6;4;1;0.4;6;4;6;0.4;6;4;1;0.4;6;4;6;0.4;6;4;1;0.4;6;4;6;0.4;6;NOK;NOK;OK;9000;9052;6500;9800;OK;8.8;0;7;12;NOK;N/A;2.17;N/A;N/A;N/A;9;9.4;7;18;OK;;0;0;0;-;Disabled;TempOk;2;230;35.4;53.3;0;0;349.9;440724000 gedia b-piller;440724000 gedia b-piller;440724000 Gedia B-Piller
20260326_10:46:10;0;4;3;900;909.6;750;1050;OK;900;917.6;750;1050;OK;915.8;917;20;-3.7;-50;30;OK;20;-3.7;-50;30;OK;-3.7;-3.7;0;20;-3.7;-50;30;OK;236;246;236;699;OK;252.69;253.18;N/A;N/A;N/A;N/A;N/A;N/A;N/A;N/A;N/A;N/A;N/A;N/A;N/A;N/A;N/A;N/A;N/A;N/A;N/A;N/A;N/A;N/A;N/A;N/A;N/A;N/A;N/A;N/A;N/A;N/A;N/A;N/A;N/A;N/A;N/A;N/A;N/A;N/A;N/A;N/A;N/A;N/A;N/A;N/A;N/A;N/A;N/A;N/A;N/A;N/A;N/A;N/A;N/A;N/A;N/A;N/A;N/A;N/A;N/A;N/A;N/A;N/A;N/A;N/A;N/A;N/A;N/A;N/A;N/A;N/A;N/A;N/A;N/A;N/A;N/A;N/A;N/A;N/A;N/A;N/A;N/A;N/A;N/A;N/A;N/A;N/A;N/A;N/A;N/A;N/A;N/A;N/A;N/A;N/A;N/A;N/A;N/A;N/A;;0;356.9;0;0;;Disabled;TempStop;2;700;358.7;318.4;0;0;599.9;549.9;Disabled;PosNotOk;2;0;100;100;0;0;15;Disabled;0;0;0;0;0;0;0;0;0;0;0;0;0;0;0;0;0;0;0;0;0;0;0;0;0;0;0;0;0;0;0;0;0;0;0;0;0;0;0;0;0;0;0;0;0;0;0;0;0;0;0;0;0;0;0;0;0;0;0;0;0;0;0;0;0;0;0;0;0;0;30;25;20;45;30;25;20;45;30;31;20;45;30;30;20;45;200;0;100;300;200;0;100;300;200;129;100;300;200;128;100;300;30;26;20;45;30;27;20;45;30;32;20;45;30;30;20;45;200;0;100;300;200;0;100;300;200;53;100;300;200;52;100;300;4;1;0.4;6;4;6;0.4;6;4;1;0.4;6;4;6;0.4;6;4;1;0.4;6;4;6;0.4;6;4;1;0.4;6;4;6;0.4;6;NOK;NOK;OK;9000;9063;6500;9800;OK;8.81;0;7;12;NOK;N/A;2.17;N/A;N/A;N/A;9;9.4;7;18;OK;;0;0;0;-;Disabled;TempOk;2;230;35.4;51.5;0;0;349.9;440724000 gedia b-piller;440724000 gedia b-piller;440724000 Gedia B-Piller
20260326_10:47:36;0;4;4;900;907.4;750;1050;OK;900;916.7;750;1050;OK;914.6;915.6;20;-4.7;-50;30;OK;20;-4.7;-50;30;OK;-4.7;-4.7;0;20;-4.7;-50;30;OK;236;246;236;699;OK;252.86;253.35;N/A;N/A;N/A;N/A;N/A;N/A;N/A;N/A;N/A;N/A;N/A;N/A;N/A;N/A;N/A;N/A;N/A;N/A;N/A;N/A;N/A;N/A;N/A;N/A;N/A;N/A;N/A;N/A;N/A;N/A;N/A;N/A;N/A;N/A;N/A;N/A;N/A;N/A;N/A;N/A;N/A;N/A;N/A;N/A;N/A;N/A;N/A;N/A;N/A;N/A;N/A;N/A;N/A;N/A;N/A;N/A;N/A;N/A;N/A;N/A;N/A;N/A;N/A;N/A;N/A;N/A;N/A;N/A;N/A;N/A;N/A;N/A;N/A;N/A;N/A;N/A;N/A;N/A;N/A;N/A;N/A;N/A;N/A;N/A;N/A;N/A;N/A;N/A;N/A;N/A;N/A;N/A;N/A;N/A;N/A;N/A;N/A;N/A;;0;358.7;0;0;;Disabled;TempStop;2;700;360.8;318.4;0;0;599.9;549.9;Disabled;PosNotOk;2;0;100;100;0;0;15;Disabled;0;0;0;0;0;0;0;0;0;0;0;0;0;0;0;0;0;0;0;0;0;0;0;0;0;0;0;0;0;0;0;0;0;0;0;0;0;0;0;0;0;0;0;0;0;0;0;0;0;0;0;0;0;0;0;0;0;0;0;0;0;0;0;0;0;0;0;0;0;0;30;25;20;45;30;25;20;45;30;30;20;45;30;30;20;45;200;0;100;300;200;0;100;300;200;128;100;300;200;128;100;300;30;26;20;45;30;27;20;45;30;32;20;45;30;30;20;45;200;0;100;300;200;0;100;300;200;53;100;300;200;53;100;300;4;1;0.4;6;4;6;0.4;6;4;1;0.4;6;4;6;0.4;6;4;1;0.4;6;4;6;0.4;6;4;1;0.4;6;4;6;0.4;6;NOK;NOK;OK;9000;9057;6500;9800;OK;8.8;0;7;12;NOK;N/A;2.17;N/A;N/A;N/A;9;9.6;7;18;OK;;0;0;0;-;Disabled;TempOk;2;230;35.4;51.9;0;0;349.9;440724000 gedia b-piller;440724000 gedia b-piller;440724000 Gedia B-Piller
20260326_10:52:26;0;4;3;900;910.6;750;1050;OK;900;920.4;750;1050;OK;916.6;917.7;20;-3.7;-50;30;OK;20;-3.7;-50;30;OK;-3.7;-3.7;0;20;-3.7;-50;30;OK;236;365;236;699;OK;253.2;253.92;N/A;N/A;N/A;N/A;N/A;N/A;N/A;N/A;N/A;N/A;N/A;N/A;N/A;N/A;N/A;N/A;N/A;N/A;N/A;N/A;N/A;N/A;N/A;N/A;N/A;N/A;N/A;N/A;N/A;N/A;N/A;N/A;N/A;N/A;N/A;N/A;N/A;N/A;N/A;N/A;N/A;N/A;N/A;N/A;N/A;N/A;N/A;N/A;N/A;N/A;N/A;N/A;N/A;N/A;N/A;N/A;N/A;N/A;N/A;N/A;N/A;N/A;N/A;N/A;N/A;N/A;N/A;N/A;N/A;N/A;N/A;N/A;N/A;N/A;N/A;N/A;N/A;N/A;N/A;N/A;N/A;N/A;N/A;N/A;N/A;N/A;N/A;N/A;N/A;N/A;N/A;N/A;N/A;N/A;N/A;N/A;N/A;N/A;;0;359.9;0;0;;Disabled;TempStop;2;700;361.8;322;0;0;599.9;549.9;Disabled;PosNotOk;2;0;100;100;0;0;15;Disabled;0;0;0;0;0;0;0;0;0;0;0;0;0;0;0;0;0;0;0;0;0;0;0;0;0;0;0;0;0;0;0;0;0;0;0;0;0;0;0;0;0;0;0;0;0;0;0;0;0;0;0;0;0;0;0;0;0;0;0;0;0;0;0;0;0;0;0;0;0;0;30;25;20;45;30;25;20;45;30;29;20;45;30;29;20;45;200;0;100;300;200;0;100;300;200;128;100;300;200;128;100;300;30;26;20;45;30;27;20;45;30;30;20;45;30;29;20;45;200;0;100;300;200;0;100;300;200;53;100;300;200;53;100;300;4;1;0.4;6;4;6;0.4;6;4;1;0.4;6;4;6;0.4;6;4;1;0.4;6;4;6;0.4;6;4;1;0.4;6;4;6;0.4;6;NOK;NOK;OK;9000;9045;6500;9800;OK;8.79;0;7;12;NOK;N/A;2.17;N/A;N/A;N/A;9;9;7;18;OK;;0;0;0;-;Disabled;TempOk;2;230;34.7;49.7;0;0;349.9;440724000 gedia b-piller;440724000 gedia b-piller;440724000 Gedia B-Piller
20260326_10:53:52;0;4;4;900;907.6;750;1050;OK;900;918.7;750;1050;OK;914.2;915;20;-4.7;-50;30;OK;20;-4.7;-50;30;OK;-4.7;-4.7;0;20;-4.7;-50;30;OK;236;365;236;699;OK;253.37;254.09;N/A;N/A;N/A;N/A;N/A;N/A;N/A;N/A;N/A;N/A;N/A;N/A;N/A;N/A;N/A;N/A;N/A;N/A;N/A;N/A;N/A;N/A;N/A;N/A;N/A;N/A;N/A;N/A;N/A;N/A;N/A;N/A;N/A;N/A;N/A;N/A;N/A;N/A;N/A;N/A;N/A;N/A;N/A;N/A;N/A;N/A;N/A;N/A;N/A;N/A;N/A;N/A;N/A;N/A;N/A;N/A;N/A;N/A;N/A;N/A;N/A;N/A;N/A;N/A;N/A;N/A;N/A;N/A;N/A;N/A;N/A;N/A;N/A;N/A;N/A;N/A;N/A;N/A;N/A;N/A;N/A;N/A;N/A;N/A;N/A;N/A;N/A;N/A;N/A;N/A;N/A;N/A;N/A;N/A;N/A;N/A;N/A;N/A;;0;364.9;0;0;;Disabled;TempStop;2;700;367.2;326.9;0;0;599.9;549.9;Disabled;PosNotOk;2;0;100;100;0;0;15;Disabled;0;0;0;0;0;0;0;0;0;0;0;0;0;0;0;0;0;0;0;0;0;0;0;0;0;0;0;0;0;0;0;0;0;0;0;0;0;0;0;0;0;0;0;0;0;0;0;0;0;0;0;0;0;0;0;0;0;0;0;0;0;0;0;0;0;0;0;0;0;0;30;25;20;45;30;25;20;45;30;30;20;45;30;30;20;45;200;0;100;300;200;0;100;300;200;127;100;300;200;127;100;300;30;26;20;45;30;27;20;45;30;31;20;45;30;30;20;45;200;0;100;300;200;0;100;300;200;53;100;300;200;53;100;300;4;1;0.4;6;4;6;0.4;6;4;1;0.4;6;4;6;0.4;6;4;1;0.4;6;4;6;0.4;6;4;1;0.4;6;4;6;0.4;6;NOK;NOK;OK;9000;9055;6500;9800;OK;8.81;0;7;12;NOK;N/A;2.17;N/A;N/A;N/A;9;9;7;18;OK;;0;0;0;-;Disabled;TempOk;2;230;35.7;57.1;0;0;349.9;440724000 gedia b-piller;440724000 gedia b-piller;440724000 Gedia B-Piller
20260326_10:59:05;0;4;3;900;912.9;750;1050;OK;900;921.5;750;1050;OK;918.2;919.2;20;-3.7;-50;30;OK;20;-3.6;-50;30;OK;-3.6;-3.6;0;20;-3.7;-50;30;OK;236;387;236;699;OK;253.95;254.71;N/A;N/A;N/A;N/A;N/A;N/A;N/A;N/A;N/A;N/A;N/A;N/A;N/A;N/A;N/A;N/A;N/A;N/A;N/A;N/A;N/A;N/A;N/A;N/A;N/A;N/A;N/A;N/A;N/A;N/A;N/A;N/A;N/A;N/A;N/A;N/A;N/A;N/A;N/A;N/A;N/A;N/A;N/A;N/A;N/A;N/A;N/A;N/A;N/A;N/A;N/A;N/A;N/A;N/A;N/A;N/A;N/A;N/A;N/A;N/A;N/A;N/A;N/A;N/A;N/A;N/A;N/A;N/A;N/A;N/A;N/A;N/A;N/A;N/A;N/A;N/A;N/A;N/A;N/A;N/A;N/A;N/A;N/A;N/A;N/A;N/A;N/A;N/A;N/A;N/A;N/A;N/A;N/A;N/A;N/A;N/A;N/A;N/A;;0;361.3;0;0;;Disabled;TempStop;2;700;363.2;322.8;0;0;599.9;549.9;Disabled;PosNotOk;2;0;100;100;0;0;15;Disabled;0;0;0;0;0;0;0;0;0;0;0;0;0;0;0;0;0;0;0;0;0;0;0;0;0;0;0;0;0;0;0;0;0;0;0;0;0;0;0;0;0;0;0;0;0;0;0;0;0;0;0;0;0;0;0;0;0;0;0;0;0;0;0;0;0;0;0;0;0;0;30;25;20;45;30;25;20;45;30;30;20;45;30;30;20;45;200;0;100;300;200;0;100;300;200;128;100;300;200;128;100;300;30;26;20;45;30;27;20;45;30;30;20;45;30;30;20;45;200;0;100;300;200;1;100;300;200;53;100;300;200;53;100;300;4;1;0.4;6;4;6;0.4;6;4;1;0.4;6;4;6;0.4;6;4;1;0.4;6;4;6;0.4;6;4;1;0.4;6;4;6;0.4;6;NOK;NOK;OK;9000;9053;6500;9800;OK;8.77;0;7;12;NOK;N/A;2.17;N/A;N/A;N/A;9;9.5;7;18;OK;;0;0;0;-;Disabled;TempOk;2;230;36.2;51.7;0;0;349.9;440724000 gedia b-piller;440724000 gedia b-piller;440724000 Gedia B-Piller
20260326_11:00:31;0;4;4;900;911.1;750;1050;OK;900;920;750;1050;OK;915.3;915.8;20;-4.7;-50;30;OK;20;-4.6;-50;30;OK;-4.6;-4.6;0;20;-4.7;-50;30;OK;236;387;236;699;OK;254.12;254.88;N/A;N/A;N/A;N/A;N/A;N/A;N/A;N/A;N/A;N/A;N/A;N/A;N/A;N/A;N/A;N/A;N/A;N/A;N/A;N/A;N/A;N/A;N/A;N/A;N/A;N/A;N/A;N/A;N/A;N/A;N/A;N/A;N/A;N/A;N/A;N/A;N/A;N/A;N/A;N/A;N/A;N/A;N/A;N/A;N/A;N/A;N/A;N/A;N/A;N/A;N/A;N/A;N/A;N/A;N/A;N/A;N/A;N/A;N/A;N/A;N/A;N/A;N/A;N/A;N/A;N/A;N/A;N/A;N/A;N/A;N/A;N/A;N/A;N/A;N/A;N/A;N/A;N/A;N/A;N/A;N/A;N/A;N/A;N/A;N/A;N/A;N/A;N/A;N/A;N/A;N/A;N/A;N/A;N/A;N/A;N/A;N/A;N/A;;0;360.2;0;0;;Disabled;TempStop;2;700;362.2;318.2;0;0;599.9;549.9;Disabled;PosNotOk;2;0;100;100;0;0;15;Disabled;0;0;0;0;0;0;0;0;0;0;0;0;0;0;0;0;0;0;0;0;0;0;0;0;0;0;0;0;0;0;0;0;0;0;0;0;0;0;0;0;0;0;0;0;0;0;0;0;0;0;0;0;0;0;0;0;0;0;0;0;0;0;0;0;0;0;0;0;0;0;30;25;20;45;30;25;20;45;30;31;20;45;30;30;20;45;200;0;100;300;200;0;100;300;200;128;100;300;200;128;100;300;30;26;20;45;30;27;20;45;30;31;20;45;30;30;20;45;200;0;100;300;200;0;100;300;200;53;100;300;200;53;100;300;4;1;0.4;6;4;6;0.4;6;4;1;0.4;6;4;6;0.4;6;4;1;0.4;6;4;6;0.4;6;4;1;0.4;6;4;6;0.4;6;NOK;NOK;OK;9000;9051;6500;9800;OK;8.77;0;7;12;NOK;N/A;2.17;N/A;N/A;N/A;9;9.5;7;18;OK;;0;0;0;-;Disabled;TempOk;2;230;36.2;56.4;0;0;349.9;440724000 gedia b-piller;440724000 gedia b-piller;440724000 Gedia B-Piller
20260326_11:01:56;0;4;5;900;908.3;750;1050;OK;900;917.3;750;1050;OK;918.1;918.4;20;-5.2;-50;30;OK;20;-5.1;-50;30;OK;-5.1;-5.1;0;20;-5.2;-50;30;OK;236;387;236;699;OK;254.28;255.05;N/A;N/A;N/A;N/A;N/A;N/A;N/A;N/A;N/A;N/A;N/A;N/A;N/A;N/A;N/A;N/A;N/A;N/A;N/A;N/A;N/A;N/A;N/A;N/A;N/A;N/A;N/A;N/A;N/A;N/A;N/A;N/A;N/A;N/A;N/A;N/A;N/A;N/A;N/A;N/A;N/A;N/A;N/A;N/A;N/A;N/A;N/A;N/A;N/A;N/A;N/A;N/A;N/A;N/A;N/A;N/A;N/A;N/A;N/A;N/A;N/A;N/A;N/A;N/A;N/A;N/A;N/A;N/A;N/A;N/A;N/A;N/A;N/A;N/A;N/A;N/A;N/A;N/A;N/A;N/A;N/A;N/A;N/A;N/A;N/A;N/A;N/A;N/A;N/A;N/A;N/A;N/A;N/A;N/A;N/A;N/A;N/A;N/A;;0;357.3;0;0;;Disabled;TempStop;2;700;359.4;318.5;0;0;599.9;549.9;Disabled;PosNotOk;2;0;100;100;0;0;15;Disabled;0;0;0;0;0;0;0;0;0;0;0;0;0;0;0;0;0;0;0;0;0;0;0;0;0;0;0;0;0;0;0;0;0;0;0;0;0;0;0;0;0;0;0;0;0;0;0;0;0;0;0;0;0;0;0;0;0;0;0;0;0;0;0;0;0;0;0;0;0;0;30;25;20;45;30;25;20;45;30;30;20;45;30;29;20;45;200;0;100;300;200;0;100;300;200;128;100;300;200;128;100;300;30;26;20;45;30;27;20;45;30;31;20;45;30;29;20;45;200;0;100;300;200;0;100;300;200;53;100;300;200;53;100;300;4;1;0.4;6;4;6;0.4;6;4;1;0.4;6;4;6;0.4;6;4;1;0.4;6;4;6;0.4;6;4;1;0.4;6;4;6;0.4;6;NOK;NOK;OK;9000;9066;6500;9800;OK;8.78;0;7;12;NOK;N/A;2.17;N/A;N/A;N/A;9;9.5;7;18;OK;;0;0;0;-;Disabled;TempOk;2;230;36.9;57.3;0;0;349.9;440724000 gedia b-piller;440724000 gedia b-piller;440724000 Gedia B-Piller
20260326_11:03:22;0;4;3;900;914.3;750;1050;OK;900;920.2;750;1050;OK;918.6;919.6;20;-3.6;-50;30;OK;20;-3.6;-50;30;OK;-3.6;-3.6;0;20;-3.6;-50;30;OK;236;246;236;699;OK;254.73;255.22;N/A;N/A;N/A;N/A;N/A;N/A;N/A;N/A;N/A;N/A;N/A;N/A;N/A;N/A;N/A;N/A;N/A;N/A;N/A;N/A;N/A;N/A;N/A;N/A;N/A;N/A;N/A;N/A;N/A;N/A;N/A;N/A;N/A;N/A;N/A;N/A;N/A;N/A;N/A;N/A;N/A;N/A;N/A;N/A;N/A;N/A;N/A;N/A;N/A;N/A;N/A;N/A;N/A;N/A;N/A;N/A;N/A;N/A;N/A;N/A;N/A;N/A;N/A;N/A;N/A;N/A;N/A;N/A;N/A;N/A;N/A;N/A;N/A;N/A;N/A;N/A;N/A;N/A;N/A;N/A;N/A;N/A;N/A;N/A;N/A;N/A;N/A;N/A;N/A;N/A;N/A;N/A;N/A;N/A;N/A;N/A;N/A;N/A;;0;358.6;0;0;;Disabled;TempStop;2;700;360.5;320.9;0;0;599.9;549.9;Disabled;PosNotOk;2;0;100;100;0;0;15;Disabled;0;0;0;0;0;0;0;0;0;0;0;0;0;0;0;0;0;0;0;0;0;0;0;0;0;0;0;0;0;0;0;0;0;0;0;0;0;0;0;0;0;0;0;0;0;0;0;0;0;0;0;0;0;0;0;0;0;0;0;0;0;0;0;0;0;0;0;0;0;0;30;25;20;45;30;25;20;45;30;30;20;45;30;29;20;45;200;0;100;300;200;0;100;300;200;129;100;300;200;128;100;300;30;26;20;45;30;27;20;45;30;31;20;45;30;29;20;45;200;0;100;300;200;0;100;300;200;53;100;300;200;53;100;300;4;1;0.4;6;4;6;0.4;6;4;1;0.4;6;4;6;0.4;6;4;1;0.4;6;4;6;0.4;6;4;1;0.4;6;4;6;0.4;6;NOK;NOK;OK;9000;9054;6500;9800;OK;8.77;0;7;12;NOK;N/A;2.17;N/A;N/A;N/A;9;9.5;7;18;OK;;0;0;0;-;Disabled;TempOk;2;230;36.4;53.1;0;0;349.9;440724000 gedia b-piller;440724000 gedia b-piller;440724000 Gedia B-Piller
20260326_11:04:48;0;4;4;900;911.1;750;1050;OK;900;919.9;750;1050;OK;917.8;918.9;20;-4.6;-50;30;OK;20;-4.6;-50;30;OK;-4.6;-4.6;0;20;-4.6;-50;30;OK;236;246;236;699;OK;254.9;255.39;N/A;N/A;N/A;N/A;N/A;N/A;N/A;N/A;N/A;N/A;N/A;N/A;N/A;N/A;N/A;N/A;N/A;N/A;N/A;N/A;N/A;N/A;N/A;N/A;N/A;N/A;N/A;N/A;N/A;N/A;N/A;N/A;N/A;N/A;N/A;N/A;N/A;N/A;N/A;N/A;N/A;N/A;N/A;N/A;N/A;N/A;N/A;N/A;N/A;N/A;N/A;N/A;N/A;N/A;N/A;N/A;N/A;N/A;N/A;N/A;N/A;N/A;N/A;N/A;N/A;N/A;N/A;N/A;N/A;N/A;N/A;N/A;N/A;N/A;N/A;N/A;N/A;N/A;N/A;N/A;N/A;N/A;N/A;N/A;N/A;N/A;N/A;N/A;N/A;N/A;N/A;N/A;N/A;N/A;N/A;N/A;N/A;N/A;;0;356.3;0;0;;Disabled;TempStop;2;700;358.3;317.3;0;0;599.9;549.9;Disabled;PosNotOk;2;0;100;100;0;0;15;Disabled;0;0;0;0;0;0;0;0;0;0;0;0;0;0;0;0;0;0;0;0;0;0;0;0;0;0;0;0;0;0;0;0;0;0;0;0;0;0;0;0;0;0;0;0;0;0;0;0;0;0;0;0;0;0;0;0;0;0;0;0;0;0;0;0;0;0;0;0;0;0;30;25;20;45;30;25;20;45;30;30;20;45;30;30;20;45;200;0;100;300;200;0;100;300;200;128;100;300;200;127;100;300;30;26;20;45;30;26;20;45;30;31;20;45;30;30;20;45;200;0;100;300;200;0;100;300;200;53;100;300;200;53;100;300;4;1;0.4;6;4;6;0.4;6;4;1;0.4;6;4;6;0.4;6;4;1;0.4;6;4;6;0.4;6;4;1;0.4;6;4;6;0.4;6;NOK;NOK;OK;9000;9036;6500;9800;OK;8.77;0;7;12;NOK;N/A;2.17;N/A;N/A;N/A;9;9.6;7;18;OK;;0;0;0;-;Disabled;TempOk;2;230;35.9;53.5;0;0;349.9;440724000 gedia b-piller;440724000 gedia b-piller;440724000 Gedia B-Piller
20260326_11:06:14;0;4;5;900;908.3;750;1050;OK;900;919.6;750;1050;OK;921;922.5;20;-5.1;-50;30;OK;20;-5.1;-50;30;OK;-5.1;-5.1;0;20;-5.1;-50;30;OK;236;246;236;699;OK;255.07;255.56;N/A;N/A;N/A;N/A;N/A;N/A;N/A;N/A;N/A;N/A;N/A;N/A;N/A;N/A;N/A;N/A;N/A;N/A;N/A;N/A;N/A;N/A;N/A;N/A;N/A;N/A;N/A;N/A;N/A;N/A;N/A;N/A;N/A;N/A;N/A;N/A;N/A;N/A;N/A;N/A;N/A;N/A;N/A;N/A;N/A;N/A;N/A;N/A;N/A;N/A;N/A;N/A;N/A;N/A;N/A;N/A;N/A;N/A;N/A;N/A;N/A;N/A;N/A;N/A;N/A;N/A;N/A;N/A;N/A;N/A;N/A;N/A;N/A;N/A;N/A;N/A;N/A;N/A;N/A;N/A;N/A;N/A;N/A;N/A;N/A;N/A;N/A;N/A;N/A;N/A;N/A;N/A;N/A;N/A;N/A;N/A;N/A;N/A;;0;357.9;0;0;;Disabled;TempStop;2;700;359.8;320.3;0;0;599.9;549.9;Disabled;PosNotOk;2;0;100;100;0;0;15;Disabled;0;0;0;0;0;0;0;0;0;0;0;0;0;0;0;0;0;0;0;0;0;0;0;0;0;0;0;0;0;0;0;0;0;0;0;0;0;0;0;0;0;0;0;0;0;0;0;0;0;0;0;0;0;0;0;0;0;0;0;0;0;0;0;0;0;0;0;0;0;0;30;25;20;45;30;25;20;45;30;30;20;45;30;30;20;45;200;0;100;300;200;0;100;300;200;128;100;300;200;128;100;300;30;26;20;45;30;26;20;45;30;32;20;45;30;30;20;45;200;0;100;300;200;0;100;300;200;53;100;300;200;53;100;300;4;1;0.4;6;4;6;0.4;6;4;1;0.4;6;4;6;0.4;6;4;1;0.4;6;4;6;0.4;6;4;1;0.4;6;4;6;0.4;6;NOK;NOK;OK;9000;9065;6500;9800;OK;8.78;0;7;12;NOK;N/A;2.17;N/A;N/A;N/A;9;9.6;7;18;OK;;0;0;0;-;Disabled;TempOk;2;230;36.7;54.7;0;0;349.9;440724000 gedia b-piller;440724000 gedia b-piller;440724000 Gedia B-Piller
20260326_11:07:40;0;4;3;900;913.5;750;1050;OK;900;920.4;750;1050;OK;918.4;919.6;20;-3.6;-50;30;OK;20;-3.5;-50;30;OK;-3.6;-3.5;0;20;-3.6;-50;30;OK;236;246;236;699;OK;255.24;255.73;N/A;N/A;N/A;N/A;N/A;N/A;N/A;N/A;N/A;N/A;N/A;N/A;N/A;N/A;N/A;N/A;N/A;N/A;N/A;N/A;N/A;N/A;N/A;N/A;N/A;N/A;N/A;N/A;N/A;N/A;N/A;N/A;N/A;N/A;N/A;N/A;N/A;N/A;N/A;N/A;N/A;N/A;N/A;N/A;N/A;N/A;N/A;N/A;N/A;N/A;N/A;N/A;N/A;N/A;N/A;N/A;N/A;N/A;N/A;N/A;N/A;N/A;N/A;N/A;N/A;N/A;N/A;N/A;N/A;N/A;N/A;N/A;N/A;N/A;N/A;N/A;N/A;N/A;N/A;N/A;N/A;N/A;N/A;N/A;N/A;N/A;N/A;N/A;N/A;N/A;N/A;N/A;N/A;N/A;N/A;N/A;N/A;N/A;;0;353.1;0;0;;Disabled;TempStop;2;700;355;315;0;0;599.9;549.9;Disabled;PosNotOk;2;0;100;100;0;0;15;Disabled;0;0;0;0;0;0;0;0;0;0;0;0;0;0;0;0;0;0;0;0;0;0;0;0;0;0;0;0;0;0;0;0;0;0;0;0;0;0;0;0;0;0;0;0;0;0;0;0;0;0;0;0;0;0;0;0;0;0;0;0;0;0;0;0;0;0;0;0;0;0;30;25;20;45;30;25;20;45;30;30;20;45;30;30;20;45;200;0;100;300;200;0;100;300;200;128;100;300;200;128;100;300;30;26;20;45;30;26;20;45;30;32;20;45;30;30;20;45;200;0;100;300;200;0;100;300;200;53;100;300;200;53;100;300;4;1;0.4;6;4;6;0.4;6;4;1;0.4;6;4;6;0.4;6;4;1;0.4;6;4;6;0.4;6;4;1;0.4;6;4;6;0.4;6;NOK;NOK;OK;9000;9058;6500;9800;OK;8.78;0;7;12;NOK;N/A;2.17;N/A;N/A;N/A;9;9.6;7;18;OK;;0;0;0;-;Disabled;TempOk;2;230;36.7;52.7;0;0;349.9;440724000 gedia b-piller;440724000 gedia b-piller;440724000 Gedia B-Piller
20260326_11:09:05;0;4;4;900;911.9;750;1050;OK;900;919.9;750;1050;OK;917.7;918.9;20;-4.6;-50;30;OK;20;-4.5;-50;30;OK;-4.5;-4.5;0;20;-4.6;-50;30;OK;236;246;236;699;OK;255.41;255.9;N/A;N/A;N/A;N/A;N/A;N/A;N/A;N/A;N/A;N/A;N/A;N/A;N/A;N/A;N/A;N/A;N/A;N/A;N/A;N/A;N/A;N/A;N/A;N/A;N/A;N/A;N/A;N/A;N/A;N/A;N/A;N/A;N/A;N/A;N/A;N/A;N/A;N/A;N/A;N/A;N/A;N/A;N/A;N/A;N/A;N/A;N/A;N/A;N/A;N/A;N/A;N/A;N/A;N/A;N/A;N/A;N/A;N/A;N/A;N/A;N/A;N/A;N/A;N/A;N/A;N/A;N/A;N/A;N/A;N/A;N/A;N/A;N/A;N/A;N/A;N/A;N/A;N/A;N/A;N/A;N/A;N/A;N/A;N/A;N/A;N/A;N/A;N/A;N/A;N/A;N/A;N/A;N/A;N/A;N/A;N/A;N/A;N/A;;0;359.7;0;0;;Disabled;TempStop;2;700;361.6;326.9;0;0;599.9;549.9;Disabled;PosNotOk;2;0;100;100;0;0;15;Disabled;0;0;0;0;0;0;0;0;0;0;0;0;0;0;0;0;0;0;0;0;0;0;0;0;0;0;0;0;0;0;0;0;0;0;0;0;0;0;0;0;0;0;0;0;0;0;0;0;0;0;0;0;0;0;0;0;0;0;0;0;0;0;0;0;0;0;0;0;0;0;30;25;20;45;30;25;20;45;30;30;20;45;30;30;20;45;200;0;100;300;200;0;100;300;200;128;100;300;200;128;100;300;30;26;20;45;30;27;20;45;30;32;20;45;30;30;20;45;200;0;100;300;200;0;100;300;200;53;100;300;200;53;100;300;4;1;0.4;6;4;6;0.4;6;4;1;0.4;6;4;6;0.4;6;4;1;0.4;6;4;6;0.4;6;4;1;0.4;6;4;6;0.4;6;NOK;NOK;OK;9000;9059;6500;9800;OK;8.78;0;7;12;NOK;N/A;2.17;N/A;N/A;N/A;9;9.5;7;18;OK;;0;0;0;-;Disabled;TempOk;2;230;35.9;54.3;0;0;349.9;440724000 gedia b-piller;440724000 gedia b-piller;440724000 Gedia B-Piller
20260326_11:10:31;0;4;5;900;911;750;1050;OK;900;921.1;750;1050;OK;921.6;922.3;20;-5.1;-50;30;OK;20;-5;-50;30;OK;-5;-5;0;20;-5.1;-50;30;OK;236;246;236;699;OK;255.58;256.07;N/A;N/A;N/A;N/A;N/A;N/A;N/A;N/A;N/A;N/A;N/A;N/A;N/A;N/A;N/A;N/A;N/A;N/A;N/A;N/A;N/A;N/A;N/A;N/A;N/A;N/A;N/A;N/A;N/A;N/A;N/A;N/A;N/A;N/A;N/A;N/A;N/A;N/A;N/A;N/A;N/A;N/A;N/A;N/A;N/A;N/A;N/A;N/A;N/A;N/A;N/A;N/A;N/A;N/A;N/A;N/A;N/A;N/A;N/A;N/A;N/A;N/A;N/A;N/A;N/A;N/A;N/A;N/A;N/A;N/A;N/A;N/A;N/A;N/A;N/A;N/A;N/A;N/A;N/A;N/A;N/A;N/A;N/A;N/A;N/A;N/A;N/A;N/A;N/A;N/A;N/A;N/A;N/A;N/A;N/A;N/A;N/A;N/A;;0;355.1;0;0;;Disabled;TempStop;2;700;357.2;316.7;0;0;599.9;549.9;Disabled;PosNotOk;2;0;100;100;0;0;15;Disabled;0;0;0;0;0;0;0;0;0;0;0;0;0;0;0;0;0;0;0;0;0;0;0;0;0;0;0;0;0;0;0;0;0;0;0;0;0;0;0;0;0;0;0;0;0;0;0;0;0;0;0;0;0;0;0;0;0;0;0;0;0;0;0;0;0;0;0;0;0;0;30;25;20;45;30;25;20;45;30;31;20;45;30;30;20;45;200;0;100;300;200;0;100;300;200;128;100;300;200;127;100;300;30;26;20;45;30;27;20;45;30;32;20;45;30;30;20;45;200;0;100;300;200;0;100;300;200;53;100;300;200;53;100;300;4;1;0.4;6;4;6;0.4;6;4;1;0.4;6;4;6;0.4;6;4;1;0.4;6;4;6;0.4;6;4;1;0.4;6;4;6;0.4;6;NOK;NOK;OK;9000;9061;6500;9800;OK;8.79;0;7;12;NOK;N/A;2.17;N/A;N/A;N/A;9;9.4;7;18;OK;;0;0;0;-;Disabled;TempOk;2;230;36.2;54.1;0;0;349.9;440724000 gedia b-piller;440724000 gedia b-piller;440724000 Gedia B-Piller
20260326_11:11:57;0;4;3;900;913.4;750;1050;OK;900;920.8;750;1050;OK;918.8;920;20;-3.5;-50;30;OK;20;-3.5;-50;30;OK;-3.5;-3.5;0;20;-3.5;-50;30;OK;236;246;236;699;OK;255.75;256.23;N/A;N/A;N/A;N/A;N/A;N/A;N/A;N/A;N/A;N/A;N/A;N/A;N/A;N/A;N/A;N/A;N/A;N/A;N/A;N/A;N/A;N/A;N/A;N/A;N/A;N/A;N/A;N/A;N/A;N/A;N/A;N/A;N/A;N/A;N/A;N/A;N/A;N/A;N/A;N/A;N/A;N/A;N/A;N/A;N/A;N/A;N/A;N/A;N/A;N/A;N/A;N/A;N/A;N/A;N/A;N/A;N/A;N/A;N/A;N/A;N/A;N/A;N/A;N/A;N/A;N/A;N/A;N/A;N/A;N/A;N/A;N/A;N/A;N/A;N/A;N/A;N/A;N/A;N/A;N/A;N/A;N/A;N/A;N/A;N/A;N/A;N/A;N/A;N/A;N/A;N/A;N/A;N/A;N/A;N/A;N/A;N/A;N/A;;0;353.3;0;0;;Disabled;TempStop;2;700;355.1;315.5;0;0;599.9;549.9;Disabled;PosNotOk;2;0;100;100;0;0;15;Disabled;0;0;0;0;0;0;0;0;0;0;0;0;0;0;0;0;0;0;0;0;0;0;0;0;0;0;0;0;0;0;0;0;0;0;0;0;0;0;0;0;0;0;0;0;0;0;0;0;0;0;0;0;0;0;0;0;0;0;0;0;0;0;0;0;0;0;0;0;0;0;30;25;20;45;30;25;20;45;30;31;20;45;30;30;20;45;200;0;100;300;200;0;100;300;200;128;100;300;200;128;100;300;30;26;20;45;30;27;20;45;30;32;20;45;30;30;20;45;200;1;100;300;200;0;100;300;200;53;100;300;200;53;100;300;4;1;0.4;6;4;6;0.4;6;4;1;0.4;6;4;6;0.4;6;4;1;0.4;6;4;6;0.4;6;4;1;0.4;6;4;6;0.4;6;NOK;NOK;OK;9000;9057;6500;9800;OK;8.78;0;7;12;NOK;N/A;2.17;N/A;N/A;N/A;9;9.6;7;18;OK;;0;0;0;-;Disabled;TempOk;2;230;37.2;52.7;0;0;349.9;440724000 gedia b-piller;440724000 gedia b-piller;440724000 Gedia B-Piller
20260326_11:13:23;0;4;4;900;911.7;750;1050;OK;900;920.6;750;1050;OK;918.7;919.9;20;-4.5;-50;30;OK;20;-4.5;-50;30;OK;-4.5;-4.5;0;20;-4.5;-50;30;OK;236;246;236;699;OK;255.92;256.41;N/A;N/A;N/A;N/A;N/A;N/A;N/A;N/A;N/A;N/A;N/A;N/A;N/A;N/A;N/A;N/A;N/A;N/A;N/A;N/A;N/A;N/A;N/A;N/A;N/A;N/A;N/A;N/A;N/A;N/A;N/A;N/A;N/A;N/A;N/A;N/A;N/A;N/A;N/A;N/A;N/A;N/A;N/A;N/A;N/A;N/A;N/A;N/A;N/A;N/A;N/A;N/A;N/A;N/A;N/A;N/A;N/A;N/A;N/A;N/A;N/A;N/A;N/A;N/A;N/A;N/A;N/A;N/A;N/A;N/A;N/A;N/A;N/A;N/A;N/A;N/A;N/A;N/A;N/A;N/A;N/A;N/A;N/A;N/A;N/A;N/A;N/A;N/A;N/A;N/A;N/A;N/A;N/A;N/A;N/A;N/A;N/A;N/A;;0;354.7;0;0;;Disabled;TempStop;2;700;356.8;315.6;0;0;599.9;549.9;Disabled;PosNotOk;2;0;100;100;0;0;15;Disabled;0;0;0;0;0;0;0;0;0;0;0;0;0;0;0;0;0;0;0;0;0;0;0;0;0;0;0;0;0;0;0;0;0;0;0;0;0;0;0;0;0;0;0;0;0;0;0;0;0;0;0;0;0;0;0;0;0;0;0;0;0;0;0;0;0;0;0;0;0;0;30;25;20;45;30;25;20;45;30;31;20;45;30;30;20;45;200;1;100;300;200;0;100;300;200;128;100;300;200;128;100;300;30;26;20;45;30;27;20;45;30;32;20;45;30;30;20;45;200;0;100;300;200;0;100;300;200;53;100;300;200;53;100;300;4;1;0.4;6;4;6;0.4;6;4;1;0.4;6;4;6;0.4;6;4;1;0.4;6;4;6;0.4;6;4;1;0.4;6;4;6;0.4;6;NOK;NOK;OK;9000;9056;6500;9800;OK;8.78;0;7;12;NOK;N/A;2.17;N/A;N/A;N/A;9;9.6;7;18;OK;;0;0;0;-;Disabled;TempOk;2;230;36.9;54.7;0;0;349.9;440724000 gedia b-piller;440724000 gedia b-piller;440724000 Gedia B-Piller
20260326_11:14:49;0;4;5;900;912.5;750;1050;OK;900;922.4;750;1050;OK;921.4;924.1;20;-5;-50;30;OK;20;-5;-50;30;OK;-5;-5;0;20;-5;-50;30;OK;236;246;236;699;OK;256.09;256.58;N/A;N/A;N/A;N/A;N/A;N/A;N/A;N/A;N/A;N/A;N/A;N/A;N/A;N/A;N/A;N/A;N/A;N/A;N/A;N/A;N/A;N/A;N/A;N/A;N/A;N/A;N/A;N/A;N/A;N/A;N/A;N/A;N/A;N/A;N/A;N/A;N/A;N/A;N/A;N/A;N/A;N/A;N/A;N/A;N/A;N/A;N/A;N/A;N/A;N/A;N/A;N/A;N/A;N/A;N/A;N/A;N/A;N/A;N/A;N/A;N/A;N/A;N/A;N/A;N/A;N/A;N/A;N/A;N/A;N/A;N/A;N/A;N/A;N/A;N/A;N/A;N/A;N/A;N/A;N/A;N/A;N/A;N/A;N/A;N/A;N/A;N/A;N/A;N/A;N/A;N/A;N/A;N/A;N/A;N/A;N/A;N/A;N/A;;0;352.2;0;0;;Disabled;TempStop;2;700;354.2;312.6;0;0;599.9;549.9;Disabled;PosNotOk;2;0;100;100;0;0;15;Disabled;0;0;0;0;0;0;0;0;0;0;0;0;0;0;0;0;0;0;0;0;0;0;0;0;0;0;0;0;0;0;0;0;0;0;0;0;0;0;0;0;0;0;0;0;0;0;0;0;0;0;0;0;0;0;0;0;0;0;0;0;0;0;0;0;0;0;0;0;0;0;30;25;20;45;30;25;20;45;30;31;20;45;30;30;20;45;200;0;100;300;200;0;100;300;200;128;100;300;200;128;100;300;30;26;20;45;30;27;20;45;30;32;20;45;30;30;20;45;200;0;100;300;200;0;100;300;200;53;100;300;200;53;100;300;4;1;0.4;6;4;6;0.4;6;4;1;0.4;6;4;6;0.4;6;4;1;0.4;6;4;6;0.4;6;4;1;0.4;6;4;6;0.4;6;NOK;NOK;OK;9000;9036;6500;9800;OK;8.77;0;7;12;NOK;N/A;2.17;N/A;N/A;N/A;9;9.6;7;18;OK;;0;0;0;-;Disabled;TempOk;2;230;36.7;55.9;0;0;349.9;440724000 gedia b-piller;440724000 gedia b-piller;440724000 Gedia B-Piller
20260326_11:18:13;0;4;3;900;914.3;750;1050;OK;900;923.3;750;1050;OK;919.4;920.7;20;-3.5;-50;30;OK;20;-3.5;-50;30;OK;-3.5;-3.5;0;20;-3.5;-50;30;OK;236;365;236;699;OK;256.26;256.99;N/A;N/A;N/A;N/A;N/A;N/A;N/A;N/A;N/A;N/A;N/A;N/A;N/A;N/A;N/A;N/A;N/A;N/A;N/A;N/A;N/A;N/A;N/A;N/A;N/A;N/A;N/A;N/A;N/A;N/A;N/A;N/A;N/A;N/A;N/A;N/A;N/A;N/A;N/A;N/A;N/A;N/A;N/A;N/A;N/A;N/A;N/A;N/A;N/A;N/A;N/A;N/A;N/A;N/A;N/A;N/A;N/A;N/A;N/A;N/A;N/A;N/A;N/A;N/A;N/A;N/A;N/A;N/A;N/A;N/A;N/A;N/A;N/A;N/A;N/A;N/A;N/A;N/A;N/A;N/A;N/A;N/A;N/A;N/A;N/A;N/A;N/A;N/A;N/A;N/A;N/A;N/A;N/A;N/A;N/A;N/A;N/A;N/A;;0;351.7;0;0;;Disabled;TempStop;2;700;353.5;312.8;0;0;599.9;549.9;Disabled;PosNotOk;2;0;100;100;0;0;15;Disabled;0;0;0;0;0;0;0;0;0;0;0;0;0;0;0;0;0;0;0;0;0;0;0;0;0;0;0;0;0;0;0;0;0;0;0;0;0;0;0;0;0;0;0;0;0;0;0;0;0;0;0;0;0;0;0;0;0;0;0;0;0;0;0;0;0;0;0;0;0;0;30;25;20;45;30;25;20;45;30;30;20;45;30;30;20;45;200;0;100;300;200;0;100;300;200;128;100;300;200;128;100;300;30;26;20;45;30;27;20;45;30;30;20;45;30;30;20;45;200;0;100;300;200;0;100;300;200;53;100;300;200;53;100;300;4;1;0.4;6;4;6;0.4;6;4;1;0.4;6;4;6;0.4;6;4;1;0.4;6;4;6;0.4;6;4;1;0.4;6;4;6;0.4;6;NOK;NOK;OK;9000;9049;6500;9800;OK;8.78;0;7;12;NOK;N/A;2.17;N/A;N/A;N/A;9;9.5;7;18;OK;;0;0;0;-;Disabled;TempOk;2;230;36.2;51.9;0;0;349.9;440724000 gedia b-piller;440724000 gedia b-piller;440724000 Gedia B-Piller
20260326_11:19:39;0;4;4;900;912.8;750;1050;OK;900;922.7;750;1050;OK;916.7;918.3;20;-4.5;-50;30;OK;20;-4.4;-50;30;OK;-4.5;-4.5;0;20;-4.5;-50;30;OK;236;365;236;699;OK;256.44;257.16;N/A;N/A;N/A;N/A;N/A;N/A;N/A;N/A;N/A;N/A;N/A;N/A;N/A;N/A;N/A;N/A;N/A;N/A;N/A;N/A;N/A;N/A;N/A;N/A;N/A;N/A;N/A;N/A;N/A;N/A;N/A;N/A;N/A;N/A;N/A;N/A;N/A;N/A;N/A;N/A;N/A;N/A;N/A;N/A;N/A;N/A;N/A;N/A;N/A;N/A;N/A;N/A;N/A;N/A;N/A;N/A;N/A;N/A;N/A;N/A;N/A;N/A;N/A;N/A;N/A;N/A;N/A;N/A;N/A;N/A;N/A;N/A;N/A;N/A;N/A;N/A;N/A;N/A;N/A;N/A;N/A;N/A;N/A;N/A;N/A;N/A;N/A;N/A;N/A;N/A;N/A;N/A;N/A;N/A;N/A;N/A;N/A;N/A;;0;351.6;0;0;;Disabled;TempStop;2;700;353.6;309.9;0;0;599.9;549.9;Disabled;PosNotOk;2;0;100;100;0;0;15;Disabled;0;0;0;0;0;0;0;0;0;0;0;0;0;0;0;0;0;0;0;0;0;0;0;0;0;0;0;0;0;0;0;0;0;0;0;0;0;0;0;0;0;0;0;0;0;0;0;0;0;0;0;0;0;0;0;0;0;0;0;0;0;0;0;0;0;0;0;0;0;0;30;25;20;45;30;25;20;45;30;30;20;45;30;30;20;45;200;0;100;300;200;0;100;300;200;128;100;300;200;128;100;300;30;26;20;45;30;26;20;45;30;31;20;45;30;30;20;45;200;0;100;300;200;0;100;300;200;53;100;300;200;53;100;300;4;1;0.4;6;4;6;0.4;6;4;1;0.4;6;4;6;0.4;6;4;1;0.4;6;4;6;0.4;6;4;1;0.4;6;4;6;0.4;6;NOK;NOK;OK;9000;9051;6500;9800;OK;8.78;0;7;12;NOK;N/A;2.17;N/A;N/A;N/A;9;9.5;7;18;OK;;0;0;0;-;Disabled;TempOk;2;230;36.4;56.7;0;0;349.9;440724000 gedia b-piller;440724000 gedia b-piller;440724000 Gedia B-Piller
20260326_11:21:05;0;4;5;900;913.3;750;1050;OK;900;921.2;750;1050;OK;920.2;922.1;20;-5;-50;30;OK;20;-5;-50;30;OK;-5;-5;0;20;-5;-50;30;OK;236;365;236;699;OK;256.6;257.33;N/A;N/A;N/A;N/A;N/A;N/A;N/A;N/A;N/A;N/A;N/A;N/A;N/A;N/A;N/A;N/A;N/A;N/A;N/A;N/A;N/A;N/A;N/A;N/A;N/A;N/A;N/A;N/A;N/A;N/A;N/A;N/A;N/A;N/A;N/A;N/A;N/A;N/A;N/A;N/A;N/A;N/A;N/A;N/A;N/A;N/A;N/A;N/A;N/A;N/A;N/A;N/A;N/A;N/A;N/A;N/A;N/A;N/A;N/A;N/A;N/A;N/A;N/A;N/A;N/A;N/A;N/A;N/A;N/A;N/A;N/A;N/A;N/A;N/A;N/A;N/A;N/A;N/A;N/A;N/A;N/A;N/A;N/A;N/A;N/A;N/A;N/A;N/A;N/A;N/A;N/A;N/A;N/A;N/A;N/A;N/A;N/A;N/A;;0;352.6;0;0;;Disabled;TempStop;2;700;354.7;311.1;0;0;599.9;549.9;Disabled;PosNotOk;2;0;100;100;0;0;15;Disabled;0;0;0;0;0;0;0;0;0;0;0;0;0;0;0;0;0;0;0;0;0;0;0;0;0;0;0;0;0;0;0;0;0;0;0;0;0;0;0;0;0;0;0;0;0;0;0;0;0;0;0;0;0;0;0;0;0;0;0;0;0;0;0;0;0;0;0;0;0;0;30;25;20;45;30;25;20;45;30;31;20;45;30;30;20;45;200;0;100;300;200;0;100;300;200;128;100;300;200;128;100;300;30;26;20;45;30;27;20;45;30;32;20;45;30;30;20;45;200;0;100;300;200;0;100;300;200;53;100;300;200;53;100;300;4;1;0.4;6;4;6;0.4;6;4;1;0.4;6;4;6;0.4;6;4;1;0.4;6;4;6;0.4;6;4;1;0.4;6;4;6;0.4;6;NOK;NOK;OK;9000;9052;6500;9800;OK;8.78;0;7;12;NOK;N/A;2.17;N/A;N/A;N/A;9;9.5;7;18;OK;;0;0;0;-;Disabled;TempOk;2;230;36.7;59.2;0;0;349.9;440724000 gedia b-piller;440724000 gedia b-piller;440724000 Gedia B-Piller
20260326_11:22:31;0;4;3;900;916.1;750;1050;OK;900;922.1;750;1050;OK;920.2;921.4;20;-3.5;-50;30;OK;20;-3.5;-50;30;OK;-3.5;-3.5;0;20;-3.5;-50;30;OK;236;246;236;699;OK;257.01;257.49;N/A;N/A;N/A;N/A;N/A;N/A;N/A;N/A;N/A;N/A;N/A;N/A;N/A;N/A;N/A;N/A;N/A;N/A;N/A;N/A;N/A;N/A;N/A;N/A;N/A;N/A;N/A;N/A;N/A;N/A;N/A;N/A;N/A;N/A;N/A;N/A;N/A;N/A;N/A;N/A;N/A;N/A;N/A;N/A;N/A;N/A;N/A;N/A;N/A;N/A;N/A;N/A;N/A;N/A;N/A;N/A;N/A;N/A;N/A;N/A;N/A;N/A;N/A;N/A;N/A;N/A;N/A;N/A;N/A;N/A;N/A;N/A;N/A;N/A;N/A;N/A;N/A;N/A;N/A;N/A;N/A;N/A;N/A;N/A;N/A;N/A;N/A;N/A;N/A;N/A;N/A;N/A;N/A;N/A;N/A;N/A;N/A;N/A;;0;352.7;0;0;;Disabled;TempStop;2;700;354.4;314.3;0;0;599.9;549.9;Disabled;PosNotOk;2;0;100;100;0;0;15;Disabled;0;0;0;0;0;0;0;0;0;0;0;0;0;0;0;0;0;0;0;0;0;0;0;0;0;0;0;0;0;0;0;0;0;0;0;0;0;0;0;0;0;0;0;0;0;0;0;0;0;0;0;0;0;0;0;0;0;0;0;0;0;0;0;0;0;0;0;0;0;0;30;25;20;45;30;25;20;45;30;31;20;45;30;30;20;45;200;0;100;300;200;0;100;300;200;128;100;300;200;128;100;300;30;26;20;45;30;27;20;45;30;32;20;45;30;30;20;45;200;0;100;300;200;0;100;300;200;53;100;300;200;53;100;300;4;1;0.4;6;4;6;0.4;6;4;1;0.4;6;4;6;0.4;6;4;1;0.4;6;4;6;0.4;6;4;1;0.4;6;4;6;0.4;6;NOK;NOK;OK;9000;9036;6500;9800;OK;8.78;0;7;12;NOK;N/A;2.17;N/A;N/A;N/A;9;9.4;7;18;OK;;0;0;0;-;Disabled;TempOk;2;230;36.4;53.1;0;0;349.9;440724000 gedia b-piller;440724000 gedia b-piller;440724000 Gedia B-Piller
20260326_11:29:50;0;4;1;900;897.2;750;1050;OK;900;900.8;750;1050;OK;898.2;902.7;20;-8.2;-50;30;OK;20;-8.2;-50;30;OK;-8.2;-8.2;0;20;-8.2;-50;30;OK;236;273;236;699;OK;257.82;258.36;N/A;N/A;N/A;N/A;N/A;N/A;N/A;N/A;N/A;N/A;N/A;N/A;N/A;N/A;N/A;N/A;N/A;N/A;N/A;N/A;N/A;N/A;N/A;N/A;N/A;N/A;N/A;N/A;N/A;N/A;N/A;N/A;N/A;N/A;N/A;N/A;N/A;N/A;N/A;N/A;N/A;N/A;N/A;N/A;N/A;N/A;N/A;N/A;N/A;N/A;N/A;N/A;N/A;N/A;N/A;N/A;N/A;N/A;N/A;N/A;N/A;N/A;N/A;N/A;N/A;N/A;N/A;N/A;N/A;N/A;N/A;N/A;N/A;N/A;N/A;N/A;N/A;N/A;N/A;N/A;N/A;N/A;N/A;N/A;N/A;N/A;N/A;N/A;N/A;N/A;N/A;N/A;N/A;N/A;N/A;N/A;N/A;N/A;;0;348.7;0;0;;Disabled;TempStop;2;700;350.6;312.2;0;0;599.9;549.9;Disabled;PosNotOk;2;0;100;100;0;0;15;Disabled;0;0;0;0;0;0;0;0;0;0;0;0;0;0;0;0;0;0;0;0;0;0;0;0;0;0;0;0;0;0;0;0;0;0;0;0;0;0;0;0;0;0;0;0;0;0;0;0;0;0;0;0;0;0;0;0;0;0;0;0;0;0;0;0;0;0;0;0;0;0;30;25;20;45;30;25;20;45;30;30;20;45;30;30;20;45;200;0;100;300;200;0;100;300;200;128;100;300;200;128;100;300;30;26;20;45;30;26;20;45;30;30;20;45;30;30;20;45;200;1;100;300;200;0;100;300;200;53;100;300;200;53;100;300;4;1;0.4;6;4;6;0.4;6;4;1;0.4;6;4;6;0.4;6;4;1;0.4;6;4;6;0.4;6;4;1;0.4;6;4;6;0.4;6;NOK;NOK;OK;9000;9055;6500;9800;OK;8.78;0;7;12;NOK;N/A;2.17;N/A;N/A;N/A;9;9.5;7;18;OK;;0;0;0;-;Disabled;TempOk;2;230;35.7;52.4;0;0;349.9;440724000 gedia b-piller;440724000 gedia b-piller;440724000 Gedia B-Piller
20260326_11:31:16;0;4;2;900;899.5;750;1050;OK;900;903.6;750;1050;OK;904.7;904;20;-1.5;-50;30;OK;20;-1.5;-50;30;OK;-1.5;-1.5;0;20;-1.5;-50;30;OK;236;274;236;699;OK;257.99;258.53;N/A;N/A;N/A;N/A;N/A;N/A;N/A;N/A;N/A;N/A;N/A;N/A;N/A;N/A;N/A;N/A;N/A;N/A;N/A;N/A;N/A;N/A;N/A;N/A;N/A;N/A;N/A;N/A;N/A;N/A;N/A;N/A;N/A;N/A;N/A;N/A;N/A;N/A;N/A;N/A;N/A;N/A;N/A;N/A;N/A;N/A;N/A;N/A;N/A;N/A;N/A;N/A;N/A;N/A;N/A;N/A;N/A;N/A;N/A;N/A;N/A;N/A;N/A;N/A;N/A;N/A;N/A;N/A;N/A;N/A;N/A;N/A;N/A;N/A;N/A;N/A;N/A;N/A;N/A;N/A;N/A;N/A;N/A;N/A;N/A;N/A;N/A;N/A;N/A;N/A;N/A;N/A;N/A;N/A;N/A;N/A;N/A;N/A;;0;348.2;0;0;;Disabled;TempStop;2;700;350.2;307.7;0;0;599.9;549.9;Disabled;PosNotOk;2;0;100;100;0;0;15;Disabled;0;0;0;0;0;0;0;0;0;0;0;0;0;0;0;0;0;0;0;0;0;0;0;0;0;0;0;0;0;0;0;0;0;0;0;0;0;0;0;0;0;0;0;0;0;0;0;0;0;0;0;0;0;0;0;0;0;0;0;0;0;0;0;0;0;0;0;0;0;0;30;25;20;45;30;25;20;45;30;30;20;45;30;30;20;45;200;0;100;300;200;0;100;300;200;128;100;300;200;128;100;300;30;26;20;45;30;26;20;45;30;31;20;45;30;30;20;45;200;0;100;300;200;0;100;300;200;53;100;300;200;53;100;300;4;1;0.4;6;4;6;0.4;6;4;1;0.4;6;4;6;0.4;6;4;1;0.4;6;4;6;0.4;6;4;1;0.4;6;4;6;0.4;6;NOK;NOK;OK;9000;9053;6500;9800;OK;8.78;0;7;12;NOK;N/A;2.17;N/A;N/A;N/A;9;9.6;7;18;OK;;0;0;0;-;Disabled;TempOk;2;230;35.7;52.7;0;0;349.9;440724000 gedia b-piller;440724000 gedia b-piller;440724000 Gedia B-Piller
20260326_11:32:42;0;4;3;900;920.2;750;1050;OK;900;923;750;1050;OK;919.5;920.8;20;-3.5;-50;30;OK;20;-3.4;-50;30;OK;-3.4;-3.4;0;20;-3.4;-50;30;OK;236;275;236;699;OK;258.16;258.7;N/A;N/A;N/A;N/A;N/A;N/A;N/A;N/A;N/A;N/A;N/A;N/A;N/A;N/A;N/A;N/A;N/A;N/A;N/A;N/A;N/A;N/A;N/A;N/A;N/A;N/A;N/A;N/A;N/A;N/A;N/A;N/A;N/A;N/A;N/A;N/A;N/A;N/A;N/A;N/A;N/A;N/A;N/A;N/A;N/A;N/A;N/A;N/A;N/A;N/A;N/A;N/A;N/A;N/A;N/A;N/A;N/A;N/A;N/A;N/A;N/A;N/A;N/A;N/A;N/A;N/A;N/A;N/A;N/A;N/A;N/A;N/A;N/A;N/A;N/A;N/A;N/A;N/A;N/A;N/A;N/A;N/A;N/A;N/A;N/A;N/A;N/A;N/A;N/A;N/A;N/A;N/A;N/A;N/A;N/A;N/A;N/A;N/A;;0;354.4;0;0;;Disabled;TempStop;2;700;356.3;313.4;0;0;599.9;549.9;Disabled;PosNotOk;2;0;100;100;0;0;15;Disabled;0;0;0;0;0;0;0;0;0;0;0;0;0;0;0;0;0;0;0;0;0;0;0;0;0;0;0;0;0;0;0;0;0;0;0;0;0;0;0;0;0;0;0;0;0;0;0;0;0;0;0;0;0;0;0;0;0;0;0;0;0;0;0;0;0;0;0;0;0;0;30;25;20;45;30;25;20;45;30;31;20;45;30;30;20;45;200;0;100;300;200;0;100;300;200;128;100;300;200;128;100;300;30;26;20;45;30;27;20;45;30;32;20;45;30;30;20;45;200;0;100;300;200;0;100;300;200;53;100;300;200;52;100;300;4;1;0.4;6;4;6;0.4;6;4;1;0.4;6;4;6;0.4;6;4;1;0.4;6;4;6;0.4;6;4;1;0.4;6;4;6;0.4;6;NOK;NOK;OK;9000;9060;6500;9800;OK;8.79;0;7;12;NOK;N/A;2.17;N/A;N/A;N/A;9;9.6;7;18;OK;;0;0;0;-;Disabled;TempOk;2;230;35.9;53.9;0;0;349.9;440724000 gedia b-piller;440724000 gedia b-piller;440724000 Gedia B-Piller
20260326_11:34:08;0;4;1;900;891.2;750;1050;OK;900;901.6;750;1050;OK;898.9;903.1;20;-8.2;-50;30;OK;20;-8.2;-50;30;OK;-8.2;-8.2;0;20;-8.2;-50;30;OK;236;246;236;699;OK;258.38;258.87;N/A;N/A;N/A;N/A;N/A;N/A;N/A;N/A;N/A;N/A;N/A;N/A;N/A;N/A;N/A;N/A;N/A;N/A;N/A;N/A;N/A;N/A;N/A;N/A;N/A;N/A;N/A;N/A;N/A;N/A;N/A;N/A;N/A;N/A;N/A;N/A;N/A;N/A;N/A;N/A;N/A;N/A;N/A;N/A;N/A;N/A;N/A;N/A;N/A;N/A;N/A;N/A;N/A;N/A;N/A;N/A;N/A;N/A;N/A;N/A;N/A;N/A;N/A;N/A;N/A;N/A;N/A;N/A;N/A;N/A;N/A;N/A;N/A;N/A;N/A;N/A;N/A;N/A;N/A;N/A;N/A;N/A;N/A;N/A;N/A;N/A;N/A;N/A;N/A;N/A;N/A;N/A;N/A;N/A;N/A;N/A;N/A;N/A;;0;352.7;0;0;;Disabled;TempStop;2;700;354.6;315.1;0;0;599.9;549.9;Disabled;PosNotOk;2;0;100;100;0;0;15;Disabled;0;0;0;0;0;0;0;0;0;0;0;0;0;0;0;0;0;0;0;0;0;0;0;0;0;0;0;0;0;0;0;0;0;0;0;0;0;0;0;0;0;0;0;0;0;0;0;0;0;0;0;0;0;0;0;0;0;0;0;0;0;0;0;0;0;0;0;0;0;0;30;25;20;45;30;25;20;45;30;30;20;45;30;30;20;45;200;0;100;300;200;0;100;300;200;127;100;300;200;127;100;300;30;26;20;45;30;27;20;45;30;32;20;45;30;30;20;45;200;0;100;300;200;0;100;300;200;52;100;300;200;53;100;300;4;1;0.4;6;4;6;0.4;6;4;1;0.4;6;4;6;0.4;6;4;1;0.4;6;4;6;0.4;6;4;1;0.4;6;4;6;0.4;6;NOK;NOK;OK;9000;9066;6500;9800;OK;8.79;0;7;12;NOK;N/A;2.17;N/A;N/A;N/A;9;9.6;7;18;OK;;0;0;0;-;Disabled;TempOk;2;230;35.4;51.5;0;0;349.9;440724000 gedia b-piller;440724000 gedia b-piller;440724000 Gedia B-Piller
20260326_11:35:33;0;4;2;900;894.6;750;1050;OK;900;904.7;750;1050;OK;904.7;905.3;20;-1.5;-50;30;OK;20;-1.5;-50;30;OK;-1.5;-1.5;0;20;-1.5;-50;30;OK;236;246;236;699;OK;258.55;259.04;N/A;N/A;N/A;N/A;N/A;N/A;N/A;N/A;N/A;N/A;N/A;N/A;N/A;N/A;N/A;N/A;N/A;N/A;N/A;N/A;N/A;N/A;N/A;N/A;N/A;N/A;N/A;N/A;N/A;N/A;N/A;N/A;N/A;N/A;N/A;N/A;N/A;N/A;N/A;N/A;N/A;N/A;N/A;N/A;N/A;N/A;N/A;N/A;N/A;N/A;N/A;N/A;N/A;N/A;N/A;N/A;N/A;N/A;N/A;N/A;N/A;N/A;N/A;N/A;N/A;N/A;N/A;N/A;N/A;N/A;N/A;N/A;N/A;N/A;N/A;N/A;N/A;N/A;N/A;N/A;N/A;N/A;N/A;N/A;N/A;N/A;N/A;N/A;N/A;N/A;N/A;N/A;N/A;N/A;N/A;N/A;N/A;N/A;;0;348.4;0;0;;Disabled;TempStop;2;700;350.4;308.2;0;0;599.9;549.9;Disabled;PosNotOk;2;0;100;100;0;0;15;Disabled;0;0;0;0;0;0;0;0;0;0;0;0;0;0;0;0;0;0;0;0;0;0;0;0;0;0;0;0;0;0;0;0;0;0;0;0;0;0;0;0;0;0;0;0;0;0;0;0;0;0;0;0;0;0;0;0;0;0;0;0;0;0;0;0;0;0;0;0;0;0;30;24;20;45;30;25;20;45;30;31;20;45;30;30;20;45;200;0;100;300;200;0;100;300;200;128;100;300;200;127;100;300;30;26;20;45;30;27;20;45;30;32;20;45;30;30;20;45;200;0;100;300;200;0;100;300;200;53;100;300;200;53;100;300;4;1;0.4;6;4;6;0.4;6;4;1;0.4;6;4;6;0.4;6;4;1;0.4;6;4;6;0.4;6;4;1;0.4;6;4;6;0.4;6;NOK;NOK;OK;9000;9061;6500;9800;OK;8.79;0;7;12;NOK;N/A;2.17;N/A;N/A;N/A;9;9.6;7;18;OK;;0;0;0;-;Disabled;TempOk;2;230;35.4;52.4;0;0;349.9;440724000 gedia b-piller;440724000 gedia b-piller;440724000 Gedia B-Piller
20260326_11:36:59;0;4;3;900;916;750;1050;OK;900;921.8;750;1050;OK;918.7;920.5;20;-3.5;-50;30;OK;20;-3.4;-50;30;OK;-3.4;-3.4;0;20;-3.5;-50;30;OK;236;246;236;699;OK;258.72;259.21;N/A;N/A;N/A;N/A;N/A;N/A;N/A;N/A;N/A;N/A;N/A;N/A;N/A;N/A;N/A;N/A;N/A;N/A;N/A;N/A;N/A;N/A;N/A;N/A;N/A;N/A;N/A;N/A;N/A;N/A;N/A;N/A;N/A;N/A;N/A;N/A;N/A;N/A;N/A;N/A;N/A;N/A;N/A;N/A;N/A;N/A;N/A;N/A;N/A;N/A;N/A;N/A;N/A;N/A;N/A;N/A;N/A;N/A;N/A;N/A;N/A;N/A;N/A;N/A;N/A;N/A;N/A;N/A;N/A;N/A;N/A;N/A;N/A;N/A;N/A;N/A;N/A;N/A;N/A;N/A;N/A;N/A;N/A;N/A;N/A;N/A;N/A;N/A;N/A;N/A;N/A;N/A;N/A;N/A;N/A;N/A;N/A;N/A;;0;353.2;0;0;;Disabled;TempStop;2;700;355;313;0;0;599.9;549.9;Disabled;PosNotOk;2;0;100;100;0;0;15;Disabled;0;0;0;0;0;0;0;0;0;0;0;0;0;0;0;0;0;0;0;0;0;0;0;0;0;0;0;0;0;0;0;0;0;0;0;0;0;0;0;0;0;0;0;0;0;0;0;0;0;0;0;0;0;0;0;0;0;0;0;0;0;0;0;0;0;0;0;0;0;0;30;24;20;45;30;25;20;45;30;31;20;45;30;30;20;45;200;0;100;300;200;0;100;300;200;128;100;300;200;128;100;300;30;26;20;45;30;27;20;45;30;32;20;45;30;30;20;45;200;0;100;300;200;0;100;300;200;53;100;300;200;53;100;300;4;1;0.4;6;4;6;0.4;6;4;1;0.4;6;4;6;0.4;6;4;1;0.4;6;4;6;0.4;6;4;1;0.4;6;4;6;0.4;6;NOK;NOK;OK;9000;9050;6500;9800;OK;8.78;0;7;12;NOK;N/A;2.17;N/A;N/A;N/A;9;9.5;7;18;OK;;0;0;0;-;Disabled;TempOk;2;230;35.4;52.4;0;0;349.9;440724000 gedia b-piller;440724000 gedia b-piller;440724000 Gedia B-Piller
20260326_11:38:25;0;4;1;900;892.5;750;1050;OK;900;902.6;750;1050;OK;900.2;903.7;20;-8.2;-50;30;OK;20;-8.3;-50;30;OK;-8.2;-8.2;0;20;-8.2;-50;30;OK;236;246;236;699;OK;258.89;259.38;N/A;N/A;N/A;N/A;N/A;N/A;N/A;N/A;N/A;N/A;N/A;N/A;N/A;N/A;N/A;N/A;N/A;N/A;N/A;N/A;N/A;N/A;N/A;N/A;N/A;N/A;N/A;N/A;N/A;N/A;N/A;N/A;N/A;N/A;N/A;N/A;N/A;N/A;N/A;N/A;N/A;N/A;N/A;N/A;N/A;N/A;N/A;N/A;N/A;N/A;N/A;N/A;N/A;N/A;N/A;N/A;N/A;N/A;N/A;N/A;N/A;N/A;N/A;N/A;N/A;N/A;N/A;N/A;N/A;N/A;N/A;N/A;N/A;N/A;N/A;N/A;N/A;N/A;N/A;N/A;N/A;N/A;N/A;N/A;N/A;N/A;N/A;N/A;N/A;N/A;N/A;N/A;N/A;N/A;N/A;N/A;N/A;N/A;;0;349.8;0;0;;Disabled;TempStop;2;700;351.7;310.4;0;0;599.9;549.9;Disabled;PosNotOk;2;0;100;100;0;0;15;Disabled;0;0;0;0;0;0;0;0;0;0;0;0;0;0;0;0;0;0;0;0;0;0;0;0;0;0;0;0;0;0;0;0;0;0;0;0;0;0;0;0;0;0;0;0;0;0;0;0;0;0;0;0;0;0;0;0;0;0;0;0;0;0;0;0;0;0;0;0;0;0;30;24;20;45;30;25;20;45;30;31;20;45;30;30;20;45;200;0;100;300;200;0;100;300;200;128;100;300;200;128;100;300;30;26;20;45;30;26;20;45;30;32;20;45;30;30;20;45;200;0;100;300;200;0;100;300;200;53;100;300;200;53;100;300;4;1;0.4;6;4;6;0.4;6;4;1;0.4;6;4;6;0.4;6;4;1;0.4;6;4;6;0.4;6;4;1;0.4;6;4;6;0.4;6;NOK;NOK;OK;9000;9049;6500;9800;OK;8.78;0;7;12;NOK;N/A;2.16;N/A;N/A;N/A;9;9.5;7;18;OK;;0;0;0;-;Disabled;TempOk;2;230;35.7;52.2;0;0;349.9;440724000 gedia b-piller;440724000 gedia b-piller;440724000 Gedia B-Piller
20260326_11:39:51;0;4;2;900;896.6;750;1050;OK;900;905.7;750;1050;OK;906.2;906.3;20;-1.5;-50;30;OK;20;-1.4;-50;30;OK;-1.4;-1.4;0;20;-1.5;-50;30;OK;236;246;236;699;OK;259.06;259.55;N/A;N/A;N/A;N/A;N/A;N/A;N/A;N/A;N/A;N/A;N/A;N/A;N/A;N/A;N/A;N/A;N/A;N/A;N/A;N/A;N/A;N/A;N/A;N/A;N/A;N/A;N/A;N/A;N/A;N/A;N/A;N/A;N/A;N/A;N/A;N/A;N/A;N/A;N/A;N/A;N/A;N/A;N/A;N/A;N/A;N/A;N/A;N/A;N/A;N/A;N/A;N/A;N/A;N/A;N/A;N/A;N/A;N/A;N/A;N/A;N/A;N/A;N/A;N/A;N/A;N/A;N/A;N/A;N/A;N/A;N/A;N/A;N/A;N/A;N/A;N/A;N/A;N/A;N/A;N/A;N/A;N/A;N/A;N/A;N/A;N/A;N/A;N/A;N/A;N/A;N/A;N/A;N/A;N/A;N/A;N/A;N/A;N/A;;0;346.9;0;0;;Disabled;TempStop;2;700;348.9;307.6;0;0;599.9;549.9;Disabled;PosNotOk;2;0;100;100;0;0;15;Disabled;0;0;0;0;0;0;0;0;0;0;0;0;0;0;0;0;0;0;0;0;0;0;0;0;0;0;0;0;0;0;0;0;0;0;0;0;0;0;0;0;0;0;0;0;0;0;0;0;0;0;0;0;0;0;0;0;0;0;0;0;0;0;0;0;0;0;0;0;0;0;30;24;20;45;30;25;20;45;30;31;20;45;30;30;20;45;200;0;100;300;200;0;100;300;200;128;100;300;200;128;100;300;30;26;20;45;30;27;20;45;30;32;20;45;30;30;20;45;200;0;100;300;200;0;100;300;200;53;100;300;200;52;100;300;4;1;0.4;6;4;6;0.4;6;4;1;0.4;6;4;6;0.4;6;4;1;0.4;6;4;6;0.4;6;4;1;0.4;6;4;6;0.4;6;NOK;NOK;OK;9000;9062;6500;9800;OK;8.79;0;7;12;NOK;N/A;2.17;N/A;N/A;N/A;9;9.4;7;18;OK;;0;0;0;-;Disabled;TempOk;2;230;35.7;53.3;0;0;349.9;440724000 gedia b-piller;440724000 gedia b-piller;440724000 Gedia B-Piller
20260326_11:41:17;0;4;3;900;914.8;750;1050;OK;900;921.1;750;1050;OK;918;919.9;20;-3.4;-50;30;OK;20;-3.4;-50;30;OK;-3.4;-3.4;0;20;-3.4;-50;30;OK;236;246;236;699;OK;259.23;259.72;N/A;N/A;N/A;N/A;N/A;N/A;N/A;N/A;N/A;N/A;N/A;N/A;N/A;N/A;N/A;N/A;N/A;N/A;N/A;N/A;N/A;N/A;N/A;N/A;N/A;N/A;N/A;N/A;N/A;N/A;N/A;N/A;N/A;N/A;N/A;N/A;N/A;N/A;N/A;N/A;N/A;N/A;N/A;N/A;N/A;N/A;N/A;N/A;N/A;N/A;N/A;N/A;N/A;N/A;N/A;N/A;N/A;N/A;N/A;N/A;N/A;N/A;N/A;N/A;N/A;N/A;N/A;N/A;N/A;N/A;N/A;N/A;N/A;N/A;N/A;N/A;N/A;N/A;N/A;N/A;N/A;N/A;N/A;N/A;N/A;N/A;N/A;N/A;N/A;N/A;N/A;N/A;N/A;N/A;N/A;N/A;N/A;N/A;;0;348.8;0;0;;Disabled;TempStop;2;700;350.7;308.6;0;0;599.9;549.9;Disabled;PosNotOk;2;0;100;100;0;0;15;Disabled;0;0;0;0;0;0;0;0;0;0;0;0;0;0;0;0;0;0;0;0;0;0;0;0;0;0;0;0;0;0;0;0;0;0;0;0;0;0;0;0;0;0;0;0;0;0;0;0;0;0;0;0;0;0;0;0;0;0;0;0;0;0;0;0;0;0;0;0;0;0;30;24;20;45;30;24;20;45;30;31;20;45;30;30;20;45;200;0;100;300;200;0;100;300;200;128;100;300;200;127;100;300;30;26;20;45;30;27;20;45;30;32;20;45;30;30;20;45;200;0;100;300;200;0;100;300;200;53;100;300;200;53;100;300;4;1;0.4;6;4;6;0.4;6;4;1;0.4;6;4;6;0.4;6;4;1;0.4;6;4;6;0.4;6;4;1;0.4;6;4;6;0.4;6;NOK;NOK;OK;9000;9036;6500;9800;OK;8.78;0;7;12;NOK;N/A;2.17;N/A;N/A;N/A;9;9.5;7;18;OK;;0;0;0;-;Disabled;TempOk;2;230;35.2;53.3;0;0;349.9;440724000 gedia b-piller;440724000 gedia b-piller;440724000 Gedia B-Piller
20260326_11:42:42;0;4;1;900;893.5;750;1050;OK;900;903.9;750;1050;OK;901.9;904.9;20;-8.3;-50;30;OK;20;-8.3;-50;30;OK;-8.3;-8.3;0;20;-8.3;-50;30;OK;236;246;236;699;OK;259.4;259.89;N/A;N/A;N/A;N/A;N/A;N/A;N/A;N/A;N/A;N/A;N/A;N/A;N/A;N/A;N/A;N/A;N/A;N/A;N/A;N/A;N/A;N/A;N/A;N/A;N/A;N/A;N/A;N/A;N/A;N/A;N/A;N/A;N/A;N/A;N/A;N/A;N/A;N/A;N/A;N/A;N/A;N/A;N/A;N/A;N/A;N/A;N/A;N/A;N/A;N/A;N/A;N/A;N/A;N/A;N/A;N/A;N/A;N/A;N/A;N/A;N/A;N/A;N/A;N/A;N/A;N/A;N/A;N/A;N/A;N/A;N/A;N/A;N/A;N/A;N/A;N/A;N/A;N/A;N/A;N/A;N/A;N/A;N/A;N/A;N/A;N/A;N/A;N/A;N/A;N/A;N/A;N/A;N/A;N/A;N/A;N/A;N/A;N/A;;0;353.1;0;0;;Disabled;TempStop;2;700;354.9;316.6;0;0;599.9;549.9;Disabled;PosNotOk;2;0;100;100;0;0;15;Disabled;0;0;0;0;0;0;0;0;0;0;0;0;0;0;0;0;0;0;0;0;0;0;0;0;0;0;0;0;0;0;0;0;0;0;0;0;0;0;0;0;0;0;0;0;0;0;0;0;0;0;0;0;0;0;0;0;0;0;0;0;0;0;0;0;0;0;0;0;0;0;30;24;20;45;30;25;20;45;30;30;20;45;30;30;20;45;200;0;100;300;200;0;100;300;200;128;100;300;200;128;100;300;30;26;20;45;30;27;20;45;30;32;20;45;30;30;20;45;200;0;100;300;200;0;100;300;200;53;100;300;200;53;100;300;4;1;0.4;6;4;6;0.4;6;4;1;0.4;6;4;6;0.4;6;4;1;0.4;6;4;6;0.4;6;4;1;0.4;6;4;6;0.4;6;NOK;NOK;OK;9000;9054;6500;9800;OK;8.79;0;7;12;NOK;N/A;2.17;N/A;N/A;N/A;9;9.5;7;18;OK;;0;0;0;-;Disabled;TempOk;2;230;35.4;52.4;0;0;349.9;440724000 gedia b-piller;440724000 gedia b-piller;440724000 Gedia B-Piller
20260326_11:44:08;0;4;2;900;897;750;1050;OK;900;907.9;750;1050;OK;907.2;907.9;20;-1.4;-50;30;OK;20;-1.4;-50;30;OK;-1.4;-1.4;0;20;-1.4;-50;30;OK;236;246;236;699;OK;259.57;260.06;N/A;N/A;N/A;N/A;N/A;N/A;N/A;N/A;N/A;N/A;N/A;N/A;N/A;N/A;N/A;N/A;N/A;N/A;N/A;N/A;N/A;N/A;N/A;N/A;N/A;N/A;N/A;N/A;N/A;N/A;N/A;N/A;N/A;N/A;N/A;N/A;N/A;N/A;N/A;N/A;N/A;N/A;N/A;N/A;N/A;N/A;N/A;N/A;N/A;N/A;N/A;N/A;N/A;N/A;N/A;N/A;N/A;N/A;N/A;N/A;N/A;N/A;N/A;N/A;N/A;N/A;N/A;N/A;N/A;N/A;N/A;N/A;N/A;N/A;N/A;N/A;N/A;N/A;N/A;N/A;N/A;N/A;N/A;N/A;N/A;N/A;N/A;N/A;N/A;N/A;N/A;N/A;N/A;N/A;N/A;N/A;N/A;N/A;;0;346.3;0;0;;Disabled;TempStop;2;700;348.2;307.2;0;0;599.9;549.9;Disabled;PosNotOk;2;0;100;100;0;0;15;Disabled;0;0;0;0;0;0;0;0;0;0;0;0;0;0;0;0;0;0;0;0;0;0;0;0;0;0;0;0;0;0;0;0;0;0;0;0;0;0;0;0;0;0;0;0;0;0;0;0;0;0;0;0;0;0;0;0;0;0;0;0;0;0;0;0;0;0;0;0;0;0;30;24;20;45;30;25;20;45;30;31;20;45;30;30;20;45;200;0;100;300;200;0;100;300;200;128;100;300;200;128;100;300;30;26;20;45;30;26;20;45;30;32;20;45;30;30;20;45;200;0;100;300;200;0;100;300;200;53;100;300;200;53;100;300;4;1;0.4;6;4;6;0.4;6;4;1;0.4;6;4;6;0.4;6;4;1;0.4;6;4;6;0.4;6;4;1;0.4;6;4;6;0.4;6;NOK;NOK;OK;9000;9067;6500;9800;OK;8.79;0;7;12;NOK;N/A;2.17;N/A;N/A;N/A;9;9.5;7;18;OK;;0;0;0;-;Disabled;TempOk;2;230;34.9;52.7;0;0;349.9;440724000 gedia b-piller;440724000 gedia b-piller;440724000 Gedia B-Piller
20260326_11:45:34;0;4;3;900;913.9;750;1050;OK;900;920.9;750;1050;OK;917.7;919.7;20;-3.4;-50;30;OK;20;-3.4;-50;30;OK;-3.4;-3.4;0;20;-3.4;-50;30;OK;236;246;236;699;OK;259.74;260.23;N/A;N/A;N/A;N/A;N/A;N/A;N/A;N/A;N/A;N/A;N/A;N/A;N/A;N/A;N/A;N/A;N/A;N/A;N/A;N/A;N/A;N/A;N/A;N/A;N/A;N/A;N/A;N/A;N/A;N/A;N/A;N/A;N/A;N/A;N/A;N/A;N/A;N/A;N/A;N/A;N/A;N/A;N/A;N/A;N/A;N/A;N/A;N/A;N/A;N/A;N/A;N/A;N/A;N/A;N/A;N/A;N/A;N/A;N/A;N/A;N/A;N/A;N/A;N/A;N/A;N/A;N/A;N/A;N/A;N/A;N/A;N/A;N/A;N/A;N/A;N/A;N/A;N/A;N/A;N/A;N/A;N/A;N/A;N/A;N/A;N/A;N/A;N/A;N/A;N/A;N/A;N/A;N/A;N/A;N/A;N/A;N/A;N/A;;0;351.2;0;0;;Disabled;TempStop;2;700;353;312.2;0;0;599.9;549.9;Disabled;PosNotOk;2;0;100;100;0;0;15;Disabled;0;0;0;0;0;0;0;0;0;0;0;0;0;0;0;0;0;0;0;0;0;0;0;0;0;0;0;0;0;0;0;0;0;0;0;0;0;0;0;0;0;0;0;0;0;0;0;0;0;0;0;0;0;0;0;0;0;0;0;0;0;0;0;0;0;0;0;0;0;0;30;24;20;45;30;24;20;45;30;31;20;45;30;30;20;45;200;0;100;300;200;0;100;300;200;129;100;300;200;127;100;300;30;26;20;45;30;27;20;45;30;32;20;45;30;30;20;45;200;0;100;300;200;0;100;300;200;53;100;300;200;52;100;300;4;1;0.4;6;4;6;0.4;6;4;1;0.4;6;4;6;0.4;6;4;1;0.4;6;4;6;0.4;6;4;1;0.4;6;4;6;0.4;6;NOK;NOK;OK;9000;9050;6500;9800;OK;8.79;0;7;12;NOK;N/A;2.17;N/A;N/A;N/A;9;9.6;7;18;OK;;0;0;0;-;Disabled;TempOk;2;230;35.7;53.9;0;0;349.9;440724000 gedia b-piller;440724000 gedia b-piller;440724000 Gedia B-Piller
20260326_11:47:00;0;4;1;900;894.8;750;1050;OK;900;905.1;750;1050;OK;903.6;905.8;20;-8.3;-50;30;OK;20;-8.3;-50;30;OK;-8.3;-8.3;0;20;-8.3;-50;30;OK;236;246;236;699;OK;259.91;260.4;N/A;N/A;N/A;N/A;N/A;N/A;N/A;N/A;N/A;N/A;N/A;N/A;N/A;N/A;N/A;N/A;N/A;N/A;N/A;N/A;N/A;N/A;N/A;N/A;N/A;N/A;N/A;N/A;N/A;N/A;N/A;N/A;N/A;N/A;N/A;N/A;N/A;N/A;N/A;N/A;N/A;N/A;N/A;N/A;N/A;N/A;N/A;N/A;N/A;N/A;N/A;N/A;N/A;N/A;N/A;N/A;N/A;N/A;N/A;N/A;N/A;N/A;N/A;N/A;N/A;N/A;N/A;N/A;N/A;N/A;N/A;N/A;N/A;N/A;N/A;N/A;N/A;N/A;N/A;N/A;N/A;N/A;N/A;N/A;N/A;N/A;N/A;N/A;N/A;N/A;N/A;N/A;N/A;N/A;N/A;N/A;N/A;N/A;;0;351.5;0;0;;Disabled;TempStop;2;700;353.4;316.5;0;0;599.9;549.9;Disabled;PosNotOk;2;0;100;100;0;0;15;Disabled;0;0;0;0;0;0;0;0;0;0;0;0;0;0;0;0;0;0;0;0;0;0;0;0;0;0;0;0;0;0;0;0;0;0;0;0;0;0;0;0;0;0;0;0;0;0;0;0;0;0;0;0;0;0;0;0;0;0;0;0;0;0;0;0;0;0;0;0;0;0;30;24;20;45;30;24;20;45;30;30;20;45;30;30;20;45;200;0;100;300;200;0;100;300;200;128;100;300;200;128;100;300;30;26;20;45;30;26;20;45;30;32;20;45;30;30;20;45;200;0;100;300;200;0;100;300;200;53;100;300;200;53;100;300;4;1;0.4;6;4;6;0.4;6;4;1;0.4;6;4;6;0.4;6;4;1;0.4;6;4;6;0.4;6;4;1;0.4;6;4;6;0.4;6;NOK;NOK;OK;9000;9049;6500;9800;OK;8.78;0;7;12;NOK;N/A;2.17;N/A;N/A;N/A;9;9.1;7;18;OK;;0;0;0;-;Disabled;TempOk;2;230;35.4;51.9;0;0;349.9;440724000 gedia b-piller;440724000 gedia b-piller;440724000 Gedia B-Piller
20260326_11:48:26;0;4;2;900;898.8;750;1050;OK;900;909.4;750;1050;OK;908.4;909.5;20;-1.4;-50;30;OK;20;-1.5;-50;30;OK;-1.5;-1.5;0;20;-1.4;-50;30;OK;236;246;236;699;OK;260.08;260.57;N/A;N/A;N/A;N/A;N/A;N/A;N/A;N/A;N/A;N/A;N/A;N/A;N/A;N/A;N/A;N/A;N/A;N/A;N/A;N/A;N/A;N/A;N/A;N/A;N/A;N/A;N/A;N/A;N/A;N/A;N/A;N/A;N/A;N/A;N/A;N/A;N/A;N/A;N/A;N/A;N/A;N/A;N/A;N/A;N/A;N/A;N/A;N/A;N/A;N/A;N/A;N/A;N/A;N/A;N/A;N/A;N/A;N/A;N/A;N/A;N/A;N/A;N/A;N/A;N/A;N/A;N/A;N/A;N/A;N/A;N/A;N/A;N/A;N/A;N/A;N/A;N/A;N/A;N/A;N/A;N/A;N/A;N/A;N/A;N/A;N/A;N/A;N/A;N/A;N/A;N/A;N/A;N/A;N/A;N/A;N/A;N/A;N/A;;0;353.2;0;0;;Disabled;TempStop;2;700;355.2;313.5;0;0;599.9;549.9;Disabled;PosNotOk;2;0;100;100;0;0;15;Disabled;0;0;0;0;0;0;0;0;0;0;0;0;0;0;0;0;0;0;0;0;0;0;0;0;0;0;0;0;0;0;0;0;0;0;0;0;0;0;0;0;0;0;0;0;0;0;0;0;0;0;0;0;0;0;0;0;0;0;0;0;0;0;0;0;0;0;0;0;0;0;30;24;20;45;30;24;20;45;30;31;20;45;30;30;20;45;200;0;100;300;200;0;100;300;200;128;100;300;200;127;100;300;30;26;20;45;30;26;20;45;30;32;20;45;30;30;20;45;200;0;100;300;200;0;100;300;200;53;100;300;200;53;100;300;4;1;0.4;6;4;6;0.4;6;4;1;0.4;6;4;6;0.4;6;4;1;0.4;6;4;6;0.4;6;4;1;0.4;6;4;6;0.4;6;NOK;NOK;OK;9000;9052;6500;9800;OK;8.79;0;7;12;NOK;N/A;2.17;N/A;N/A;N/A;9;9;7;18;OK;;0;0;0;-;Disabled;TempOk;2;230;35.4;53.1;0;0;349.9;440724000 gedia b-piller;440724000 gedia b-piller;440724000 Gedia B-Piller
20260326_11:49:51;0;4;3;900;913.5;750;1050;OK;900;920.9;750;1050;OK;917.7;919.6;20;-3.4;-50;30;OK;20;-3.4;-50;30;OK;-3.4;-3.4;0;20;-3.4;-50;30;OK;236;246;236;699;OK;260.25;260.74;N/A;N/A;N/A;N/A;N/A;N/A;N/A;N/A;N/A;N/A;N/A;N/A;N/A;N/A;N/A;N/A;N/A;N/A;N/A;N/A;N/A;N/A;N/A;N/A;N/A;N/A;N/A;N/A;N/A;N/A;N/A;N/A;N/A;N/A;N/A;N/A;N/A;N/A;N/A;N/A;N/A;N/A;N/A;N/A;N/A;N/A;N/A;N/A;N/A;N/A;N/A;N/A;N/A;N/A;N/A;N/A;N/A;N/A;N/A;N/A;N/A;N/A;N/A;N/A;N/A;N/A;N/A;N/A;N/A;N/A;N/A;N/A;N/A;N/A;N/A;N/A;N/A;N/A;N/A;N/A;N/A;N/A;N/A;N/A;N/A;N/A;N/A;N/A;N/A;N/A;N/A;N/A;N/A;N/A;N/A;N/A;N/A;N/A;;0;354.3;0;0;;Disabled;TempStop;2;700;356.2;314.7;0;0;599.9;549.9;Disabled;PosNotOk;2;0;100;100;0;0;15;Disabled;0;0;0;0;0;0;0;0;0;0;0;0;0;0;0;0;0;0;0;0;0;0;0;0;0;0;0;0;0;0;0;0;0;0;0;0;0;0;0;0;0;0;0;0;0;0;0;0;0;0;0;0;0;0;0;0;0;0;0;0;0;0;0;0;0;0;0;0;0;0;30;24;20;45;30;24;20;45;30;31;20;45;30;30;20;45;200;0;100;300;200;0;100;300;200;128;100;300;200;128;100;300;30;26;20;45;30;27;20;45;30;32;20;45;30;30;20;45;200;0;100;300;200;0;100;300;200;53;100;300;200;52;100;300;4;1;0.4;6;4;6;0.4;6;4;1;0.4;6;4;6;0.4;6;4;1;0.4;6;4;6;0.4;6;4;1;0.4;6;4;6;0.4;6;NOK;NOK;OK;9000;9067;6500;9800;OK;8.8;0;7;12;NOK;N/A;2.17;N/A;N/A;N/A;9;9;7;18;OK;;0;0;0;-;Disabled;TempOk;2;230;35.7;54.5;0;0;349.9;440724000 gedia b-piller;440724000 gedia b-piller;440724000 Gedia B-Piller
20260326_11:51:17;0;4;1;900;896.7;750;1050;OK;900;906.5;750;1050;OK;904.9;906.9;20;-8.3;-50;30;OK;20;-8.3;-50;30;OK;-8.3;-8.3;0;20;-8.3;-50;30;OK;236;246;236;699;OK;260.42;260.91;N/A;N/A;N/A;N/A;N/A;N/A;N/A;N/A;N/A;N/A;N/A;N/A;N/A;N/A;N/A;N/A;N/A;N/A;N/A;N/A;N/A;N/A;N/A;N/A;N/A;N/A;N/A;N/A;N/A;N/A;N/A;N/A;N/A;N/A;N/A;N/A;N/A;N/A;N/A;N/A;N/A;N/A;N/A;N/A;N/A;N/A;N/A;N/A;N/A;N/A;N/A;N/A;N/A;N/A;N/A;N/A;N/A;N/A;N/A;N/A;N/A;N/A;N/A;N/A;N/A;N/A;N/A;N/A;N/A;N/A;N/A;N/A;N/A;N/A;N/A;N/A;N/A;N/A;N/A;N/A;N/A;N/A;N/A;N/A;N/A;N/A;N/A;N/A;N/A;N/A;N/A;N/A;N/A;N/A;N/A;N/A;N/A;N/A;;0;347;0;0;;Disabled;TempStop;2;700;348.8;309.2;0;0;599.9;549.9;Disabled;PosNotOk;2;0;100;100;0;0;15;Disabled;0;0;0;0;0;0;0;0;0;0;0;0;0;0;0;0;0;0;0;0;0;0;0;0;0;0;0;0;0;0;0;0;0;0;0;0;0;0;0;0;0;0;0;0;0;0;0;0;0;0;0;0;0;0;0;0;0;0;0;0;0;0;0;0;0;0;0;0;0;0;30;24;20;45;30;24;20;45;30;31;20;45;30;30;20;45;200;0;100;300;200;0;100;300;200;129;100;300;200;127;100;300;30;26;20;45;30;26;20;45;30;32;20;45;30;30;20;45;200;0;100;300;200;0;100;300;200;53;100;300;200;53;100;300;4;1;0.4;6;4;6;0.4;6;4;1;0.4;6;4;6;0.4;6;4;1;0.4;6;4;6;0.4;6;4;1;0.4;6;4;6;0.4;6;NOK;NOK;OK;9000;9041;6500;9800;OK;8.78;0;7;12;NOK;N/A;2.17;N/A;N/A;N/A;9;9;7;18;OK;;0;0;0;-;Disabled;TempOk;2;230;35.4;52.4;0;0;349.9;440724000 gedia b-piller;440724000 gedia b-piller;440724000 Gedia B-Piller
20260326_11:52:43;0;4;2;900;900.5;750;1050;OK;900;911.4;750;1050;OK;909.5;910.3;20;-1.5;-50;30;OK;20;-1.4;-50;30;OK;-1.5;-1.5;0;20;-1.5;-50;30;OK;236;246;236;699;OK;260.59;261.08;N/A;N/A;N/A;N/A;N/A;N/A;N/A;N/A;N/A;N/A;N/A;N/A;N/A;N/A;N/A;N/A;N/A;N/A;N/A;N/A;N/A;N/A;N/A;N/A;N/A;N/A;N/A;N/A;N/A;N/A;N/A;N/A;N/A;N/A;N/A;N/A;N/A;N/A;N/A;N/A;N/A;N/A;N/A;N/A;N/A;N/A;N/A;N/A;N/A;N/A;N/A;N/A;N/A;N/A;N/A;N/A;N/A;N/A;N/A;N/A;N/A;N/A;N/A;N/A;N/A;N/A;N/A;N/A;N/A;N/A;N/A;N/A;N/A;N/A;N/A;N/A;N/A;N/A;N/A;N/A;N/A;N/A;N/A;N/A;N/A;N/A;N/A;N/A;N/A;N/A;N/A;N/A;N/A;N/A;N/A;N/A;N/A;N/A;;0;348.3;0;0;;Disabled;TempStop;2;700;350.3;308.8;0;0;599.9;549.9;Disabled;PosNotOk;2;0;100;100;0;0;15;Disabled;0;0;0;0;0;0;0;0;0;0;0;0;0;0;0;0;0;0;0;0;0;0;0;0;0;0;0;0;0;0;0;0;0;0;0;0;0;0;0;0;0;0;0;0;0;0;0;0;0;0;0;0;0;0;0;0;0;0;0;0;0;0;0;0;0;0;0;0;0;0;30;24;20;45;30;24;20;45;30;31;20;45;30;30;20;45;200;0;100;300;200;0;100;300;200;129;100;300;200;128;100;300;30;26;20;45;30;26;20;45;30;32;20;45;30;30;20;45;200;0;100;300;200;0;100;300;200;53;100;300;200;52;100;300;4;1;0.4;6;4;6;0.4;6;4;1;0.4;6;4;6;0.4;6;4;1;0.4;6;4;6;0.4;6;4;1;0.4;6;4;6;0.4;6;NOK;NOK;OK;9000;9060;6500;9800;OK;8.8;0;7;12;NOK;N/A;2.17;N/A;N/A;N/A;9;9;7;18;OK;;0;0;0;-;Disabled;TempOk;2;230;35.4;52.4;0;0;349.9;440724000 gedia b-piller;440724000 gedia b-piller;440724000 Gedia B-Piller
20260326_11:54:09;0;4;3;900;913.9;750;1050;OK;900;921;750;1050;OK;917.7;919.7;20;-3.4;-50;30;OK;20;-3.4;-50;30;OK;-3.4;-3.4;0;20;-3.4;-50;30;OK;236;246;236;699;OK;260.76;261.25;N/A;N/A;N/A;N/A;N/A;N/A;N/A;N/A;N/A;N/A;N/A;N/A;N/A;N/A;N/A;N/A;N/A;N/A;N/A;N/A;N/A;N/A;N/A;N/A;N/A;N/A;N/A;N/A;N/A;N/A;N/A;N/A;N/A;N/A;N/A;N/A;N/A;N/A;N/A;N/A;N/A;N/A;N/A;N/A;N/A;N/A;N/A;N/A;N/A;N/A;N/A;N/A;N/A;N/A;N/A;N/A;N/A;N/A;N/A;N/A;N/A;N/A;N/A;N/A;N/A;N/A;N/A;N/A;N/A;N/A;N/A;N/A;N/A;N/A;N/A;N/A;N/A;N/A;N/A;N/A;N/A;N/A;N/A;N/A;N/A;N/A;N/A;N/A;N/A;N/A;N/A;N/A;N/A;N/A;N/A;N/A;N/A;N/A;;0;353;0;0;;Disabled;TempStop;2;700;355.1;319.3;0;0;599.9;549.9;Disabled;PosNotOk;2;0;100;100;0;0;15;Disabled;0;0;0;0;0;0;0;0;0;0;0;0;0;0;0;0;0;0;0;0;0;0;0;0;0;0;0;0;0;0;0;0;0;0;0;0;0;0;0;0;0;0;0;0;0;0;0;0;0;0;0;0;0;0;0;0;0;0;0;0;0;0;0;0;0;0;0;0;0;0;30;24;20;45;30;24;20;45;30;31;20;45;30;30;20;45;200;0;100;300;200;0;100;300;200;128;100;300;200;128;100;300;30;26;20;45;30;26;20;45;30;32;20;45;30;30;20;45;200;0;100;300;200;0;100;300;200;52;100;300;200;53;100;300;4;1;0.4;6;4;6;0.4;6;4;1;0.4;6;4;6;0.4;6;4;1;0.4;6;4;6;0.4;6;4;1;0.4;6;4;6;0.4;6;NOK;NOK;OK;9000;9051;6500;9800;OK;8.79;0;7;12;NOK;N/A;2.17;N/A;N/A;N/A;9;9;7;18;OK;;0;0;0;-;Disabled;TempOk;2;230;35.4;52.9;0;0;349.9;440724000 gedia b-piller;440724000 gedia b-piller;440724000 Gedia B-Piller
20260326_11:55:35;0;4;1;900;898.4;750;1050;OK;900;907.9;750;1050;OK;906.2;908;20;-8.3;-50;30;OK;20;-8.3;-50;30;OK;-8.3;-8.3;0;20;-8.3;-50;30;OK;236;246;236;699;OK;260.93;261.41;N/A;N/A;N/A;N/A;N/A;N/A;N/A;N/A;N/A;N/A;N/A;N/A;N/A;N/A;N/A;N/A;N/A;N/A;N/A;N/A;N/A;N/A;N/A;N/A;N/A;N/A;N/A;N/A;N/A;N/A;N/A;N/A;N/A;N/A;N/A;N/A;N/A;N/A;N/A;N/A;N/A;N/A;N/A;N/A;N/A;N/A;N/A;N/A;N/A;N/A;N/A;N/A;N/A;N/A;N/A;N/A;N/A;N/A;N/A;N/A;N/A;N/A;N/A;N/A;N/A;N/A;N/A;N/A;N/A;N/A;N/A;N/A;N/A;N/A;N/A;N/A;N/A;N/A;N/A;N/A;N/A;N/A;N/A;N/A;N/A;N/A;N/A;N/A;N/A;N/A;N/A;N/A;N/A;N/A;N/A;N/A;N/A;N/A;;0;349;0;0;;Disabled;TempStop;2;700;350.9;311.4;0;0;599.9;549.9;Disabled;PosNotOk;2;0;100;100;0;0;15;Disabled;0;0;0;0;0;0;0;0;0;0;0;0;0;0;0;0;0;0;0;0;0;0;0;0;0;0;0;0;0;0;0;0;0;0;0;0;0;0;0;0;0;0;0;0;0;0;0;0;0;0;0;0;0;0;0;0;0;0;0;0;0;0;0;0;0;0;0;0;0;0;30;24;20;45;30;24;20;45;30;31;20;45;30;29;20;45;200;0;100;300;200;0;100;300;200;129;100;300;200;128;100;300;30;26;20;45;30;26;20;45;30;32;20;45;30;30;20;45;200;0;100;300;200;0;100;300;200;52;100;300;200;53;100;300;4;1;0.4;6;4;6;0.4;6;4;1;0.4;6;4;6;0.4;6;4;1;0.4;6;4;6;0.4;6;4;1;0.4;6;4;6;0.4;6;NOK;NOK;OK;9000;9030;6500;9800;OK;8.78;0;7;12;NOK;N/A;2.17;N/A;N/A;N/A;9;9.5;7;18;OK;;0;0;0;-;Disabled;TempOk;2;230;35.2;51.9;0;0;349.9;440724000 gedia b-piller;440724000 gedia b-piller;440724000 Gedia B-Piller
20260326_11:57:00;0;4;2;900;902.4;750;1050;OK;900;912.9;750;1050;OK;911.3;912.8;20;-1.4;-50;30;OK;20;-1.4;-50;30;OK;-1.4;-1.4;0;20;-1.4;-50;30;OK;236;246;236;699;OK;261.1;261.58;N/A;N/A;N/A;N/A;N/A;N/A;N/A;N/A;N/A;N/A;N/A;N/A;N/A;N/A;N/A;N/A;N/A;N/A;N/A;N/A;N/A;N/A;N/A;N/A;N/A;N/A;N/A;N/A;N/A;N/A;N/A;N/A;N/A;N/A;N/A;N/A;N/A;N/A;N/A;N/A;N/A;N/A;N/A;N/A;N/A;N/A;N/A;N/A;N/A;N/A;N/A;N/A;N/A;N/A;N/A;N/A;N/A;N/A;N/A;N/A;N/A;N/A;N/A;N/A;N/A;N/A;N/A;N/A;N/A;N/A;N/A;N/A;N/A;N/A;N/A;N/A;N/A;N/A;N/A;N/A;N/A;N/A;N/A;N/A;N/A;N/A;N/A;N/A;N/A;N/A;N/A;N/A;N/A;N/A;N/A;N/A;N/A;N/A;;0;353.5;0;0;;Disabled;TempStop;2;700;355.5;316.8;0;0;599.9;549.9;Disabled;PosNotOk;2;0;100;100;0;0;15;Disabled;0;0;0;0;0;0;0;0;0;0;0;0;0;0;0;0;0;0;0;0;0;0;0;0;0;0;0;0;0;0;0;0;0;0;0;0;0;0;0;0;0;0;0;0;0;0;0;0;0;0;0;0;0;0;0;0;0;0;0;0;0;0;0;0;0;0;0;0;0;0;30;24;20;45;30;24;20;45;30;30;20;45;30;30;20;45;200;0;100;300;200;0;100;300;200;128;100;300;200;128;100;300;30;26;20;45;30;27;20;45;30;32;20;45;30;30;20;45;200;1;100;300;200;0;100;300;200;53;100;300;200;53;100;300;4;1;0.4;6;4;6;0.4;6;4;1;0.4;6;4;6;0.4;6;4;1;0.4;6;4;6;0.4;6;4;1;0.4;6;4;6;0.4;6;NOK;NOK;OK;9000;9041;6500;9800;OK;8.78;0;7;12;NOK;N/A;2.17;N/A;N/A;N/A;9;9.5;7;18;OK;;0;0;0;-;Disabled;TempOk;2;230;35.7;52.4;0;0;349.9;440724000 gedia b-piller;440724000 gedia b-piller;440724000 Gedia B-Piller
20260326_11:58:26;0;4;3;900;914.5;750;1050;OK;900;921.2;750;1050;OK;917.9;919.8;20;-3.4;-50;30;OK;20;-3.4;-50;30;OK;-3.4;-3.4;0;20;-3.4;-50;30;OK;236;246;236;699;OK;261.27;261.75;N/A;N/A;N/A;N/A;N/A;N/A;N/A;N/A;N/A;N/A;N/A;N/A;N/A;N/A;N/A;N/A;N/A;N/A;N/A;N/A;N/A;N/A;N/A;N/A;N/A;N/A;N/A;N/A;N/A;N/A;N/A;N/A;N/A;N/A;N/A;N/A;N/A;N/A;N/A;N/A;N/A;N/A;N/A;N/A;N/A;N/A;N/A;N/A;N/A;N/A;N/A;N/A;N/A;N/A;N/A;N/A;N/A;N/A;N/A;N/A;N/A;N/A;N/A;N/A;N/A;N/A;N/A;N/A;N/A;N/A;N/A;N/A;N/A;N/A;N/A;N/A;N/A;N/A;N/A;N/A;N/A;N/A;N/A;N/A;N/A;N/A;N/A;N/A;N/A;N/A;N/A;N/A;N/A;N/A;N/A;N/A;N/A;N/A;;0;348;0;0;;Disabled;TempStop;2;700;349.8;308.4;0;0;599.9;549.9;Disabled;PosNotOk;2;0;100;100;0;0;15;Disabled;0;0;0;0;0;0;0;0;0;0;0;0;0;0;0;0;0;0;0;0;0;0;0;0;0;0;0;0;0;0;0;0;0;0;0;0;0;0;0;0;0;0;0;0;0;0;0;0;0;0;0;0;0;0;0;0;0;0;0;0;0;0;0;0;0;0;0;0;0;0;30;24;20;45;30;24;20;45;30;31;20;45;30;30;20;45;200;0;100;300;200;0;100;300;200;129;100;300;200;127;100;300;30;26;20;45;30;26;20;45;30;32;20;45;30;30;20;45;200;0;100;300;200;0;100;300;200;53;100;300;200;53;100;300;4;1;0.4;6;4;6;0.4;6;4;1;0.4;6;4;6;0.4;6;4;1;0.4;6;4;6;0.4;6;4;1;0.4;6;4;6;0.4;6;NOK;NOK;OK;9000;9064;6500;9800;OK;8.79;0;7;12;NOK;N/A;2.17;N/A;N/A;N/A;9;9.5;7;18;OK;;0;0;0;-;Disabled;TempOk;2;230;35.7;53.7;0;0;349.9;440724000 gedia b-piller;440724000 gedia b-piller;440724000 Gedia B-Piller
20260326_11:59:52;0;4;1;900;899.8;750;1050;OK;900;909.3;750;1050;OK;907.2;909.3;20;-8.3;-50;30;OK;20;-8.3;-50;30;OK;-8.3;-8.3;0;20;-8.3;-50;30;OK;236;246;236;699;OK;261.44;261.92;N/A;N/A;N/A;N/A;N/A;N/A;N/A;N/A;N/A;N/A;N/A;N/A;N/A;N/A;N/A;N/A;N/A;N/A;N/A;N/A;N/A;N/A;N/A;N/A;N/A;N/A;N/A;N/A;N/A;N/A;N/A;N/A;N/A;N/A;N/A;N/A;N/A;N/A;N/A;N/A;N/A;N/A;N/A;N/A;N/A;N/A;N/A;N/A;N/A;N/A;N/A;N/A;N/A;N/A;N/A;N/A;N/A;N/A;N/A;N/A;N/A;N/A;N/A;N/A;N/A;N/A;N/A;N/A;N/A;N/A;N/A;N/A;N/A;N/A;N/A;N/A;N/A;N/A;N/A;N/A;N/A;N/A;N/A;N/A;N/A;N/A;N/A;N/A;N/A;N/A;N/A;N/A;N/A;N/A;N/A;N/A;N/A;N/A;;0;351.9;0;0;;Disabled;TempStop;2;700;353.8;314.2;0;0;599.9;549.9;Disabled;PosNotOk;2;0;100;100;0;0;15;Disabled;0;0;0;0;0;0;0;0;0;0;0;0;0;0;0;0;0;0;0;0;0;0;0;0;0;0;0;0;0;0;0;0;0;0;0;0;0;0;0;0;0;0;0;0;0;0;0;0;0;0;0;0;0;0;0;0;0;0;0;0;0;0;0;0;0;0;0;0;0;0;30;24;20;45;30;24;20;45;30;30;20;45;30;30;20;45;200;0;100;300;200;0;100;300;200;128;100;300;200;128;100;300;30;26;20;45;30;27;20;45;30;32;20;45;30;30;20;45;200;0;100;300;200;0;100;300;200;53;100;300;200;52;100;300;4;1;0.4;6;4;6;0.4;6;4;1;0.4;6;4;6;0.4;6;4;1;0.4;6;4;6;0.4;6;4;1;0.4;6;4;6;0.4;6;NOK;NOK;OK;9000;9055;6500;9800;OK;8.79;0;7;12;NOK;N/A;2.17;N/A;N/A;N/A;9;9.5;7;18;OK;;0;0;0;-;Disabled;TempOk;2;230;36.2;53.3;0;0;349.9;440724000 gedia b-piller;440724000 gedia b-piller;440724000 Gedia B-Piller
20260326_12:01:18;0;4;2;900;904;750;1050;OK;900;914.8;750;1050;OK;912.8;914;20;-1.4;-50;30;OK;20;-1.4;-50;30;OK;-1.4;-1.4;0;20;-1.4;-50;30;OK;236;246;236;699;OK;261.61;262.09;N/A;N/A;N/A;N/A;N/A;N/A;N/A;N/A;N/A;N/A;N/A;N/A;N/A;N/A;N/A;N/A;N/A;N/A;N/A;N/A;N/A;N/A;N/A;N/A;N/A;N/A;N/A;N/A;N/A;N/A;N/A;N/A;N/A;N/A;N/A;N/A;N/A;N/A;N/A;N/A;N/A;N/A;N/A;N/A;N/A;N/A;N/A;N/A;N/A;N/A;N/A;N/A;N/A;N/A;N/A;N/A;N/A;N/A;N/A;N/A;N/A;N/A;N/A;N/A;N/A;N/A;N/A;N/A;N/A;N/A;N/A;N/A;N/A;N/A;N/A;N/A;N/A;N/A;N/A;N/A;N/A;N/A;N/A;N/A;N/A;N/A;N/A;N/A;N/A;N/A;N/A;N/A;N/A;N/A;N/A;N/A;N/A;N/A;;0;350.6;0;0;;Disabled;TempStop;2;700;352.5;310.8;0;0;599.9;549.9;Disabled;PosNotOk;2;0;100;100;0;0;15;Disabled;0;0;0;0;0;0;0;0;0;0;0;0;0;0;0;0;0;0;0;0;0;0;0;0;0;0;0;0;0;0;0;0;0;0;0;0;0;0;0;0;0;0;0;0;0;0;0;0;0;0;0;0;0;0;0;0;0;0;0;0;0;0;0;0;0;0;0;0;0;0;30;24;20;45;30;24;20;45;30;31;20;45;30;30;20;45;200;0;100;300;200;0;100;300;200;128;100;300;200;128;100;300;30;26;20;45;30;27;20;45;30;32;20;45;30;30;20;45;200;0;100;300;200;0;100;300;200;53;100;300;200;53;100;300;4;1;0.4;6;4;6;0.4;6;4;1;0.4;6;4;6;0.4;6;4;1;0.4;6;4;6;0.4;6;4;1;0.4;6;4;6;0.4;6;NOK;NOK;OK;9000;9051;6500;9800;OK;8.79;0;7;12;NOK;N/A;2.17;N/A;N/A;N/A;9;9.5;7;18;OK;;0;0;0;-;Disabled;TempOk;2;230;36.2;52.2;0;0;349.9;440724000 gedia b-piller;440724000 gedia b-piller;440724000 Gedia B-Piller
20260326_12:03:19;0;4;3;900;914.2;750;1050;OK;900;921.4;750;1050;OK;918.1;920.1;20;-3.4;-50;30;OK;20;-3.3;-50;30;OK;-3.3;-3.3;0;20;-3.4;-50;30;OK;236;246;236;699;OK;261.77;262.26;N/A;N/A;N/A;N/A;N/A;N/A;N/A;N/A;N/A;N/A;N/A;N/A;N/A;N/A;N/A;N/A;N/A;N/A;N/A;N/A;N/A;N/A;N/A;N/A;N/A;N/A;N/A;N/A;N/A;N/A;N/A;N/A;N/A;N/A;N/A;N/A;N/A;N/A;N/A;N/A;N/A;N/A;N/A;N/A;N/A;N/A;N/A;N/A;N/A;N/A;N/A;N/A;N/A;N/A;N/A;N/A;N/A;N/A;N/A;N/A;N/A;N/A;N/A;N/A;N/A;N/A;N/A;N/A;N/A;N/A;N/A;N/A;N/A;N/A;N/A;N/A;N/A;N/A;N/A;N/A;N/A;N/A;N/A;N/A;N/A;N/A;N/A;N/A;N/A;N/A;N/A;N/A;N/A;N/A;N/A;N/A;N/A;N/A;;0;355.7;0;0;;Disabled;TempStop;2;700;357.9;314.8;0;0;599.9;549.9;Disabled;PosNotOk;2;0;100;100;0;0;15;Disabled;0;0;0;0;0;0;0;0;0;0;0;0;0;0;0;0;0;0;0;0;0;0;0;0;0;0;0;0;0;0;0;0;0;0;0;0;0;0;0;0;0;0;0;0;0;0;0;0;0;0;0;0;0;0;0;0;0;0;0;0;0;0;0;0;0;0;0;0;0;0;;;;;;;;;;;;;;;;;;;;;;;;;;;;;;;;;;;;;;;;;;;;;;;;;;;;;;;;;;;;;;;;;;;;;;;;;;;;;;;;;;;;;;;;;;;;;;;;;;;;;;;;;;;;;;;;;;;;;;;;;;;;;;;;;;;;;;440724000 gedia b-piller;440724000 gedia b-piller;;
20260326_12:09:56;0;4;2;900;905.7;750;1050;OK;900;917;750;1050;OK;913.8;914.8;20;-1.4;-50;30;OK;20;-1.4;-50;30;OK;-1.4;-1.4;0;20;-1.4;-50;30;OK;236;507;236;699;OK;262.11;263.11;N/A;N/A;N/A;N/A;N/A;N/A;N/A;N/A;N/A;N/A;N/A;N/A;N/A;N/A;N/A;N/A;N/A;N/A;N/A;N/A;N/A;N/A;N/A;N/A;N/A;N/A;N/A;N/A;N/A;N/A;N/A;N/A;N/A;N/A;N/A;N/A;N/A;N/A;N/A;N/A;N/A;N/A;N/A;N/A;N/A;N/A;N/A;N/A;N/A;N/A;N/A;N/A;N/A;N/A;N/A;N/A;N/A;N/A;N/A;N/A;N/A;N/A;N/A;N/A;N/A;N/A;N/A;N/A;N/A;N/A;N/A;N/A;N/A;N/A;N/A;N/A;N/A;N/A;N/A;N/A;N/A;N/A;N/A;N/A;N/A;N/A;N/A;N/A;N/A;N/A;N/A;N/A;N/A;N/A;N/A;N/A;N/A;N/A;;0;345.3;0;0;;Disabled;TempStop;2;700;347.2;304.7;0;0;599.9;549.9;Disabled;PosNotOk;2;0;100;100;0;0;15;Disabled;0;0;0;0;0;0;0;0;0;0;0;0;0;0;0;0;0;0;0;0;0;0;0;0;0;0;0;0;0;0;0;0;0;0;0;0;0;0;0;0;0;0;0;0;0;0;0;0;0;0;0;0;0;0;0;0;0;0;0;0;0;0;0;0;0;0;0;0;0;0;30;24;20;45;30;24;20;45;30;30;20;45;30;30;20;45;200;0;100;300;200;0;100;300;200;128;100;300;200;127;100;300;30;26;20;45;30;27;20;45;30;30;20;45;30;30;20;45;200;0;100;300;200;0;100;300;200;53;100;300;200;53;100;300;4;1;0.4;6;4;6;0.4;6;4;1;0.4;6;4;6;0.4;6;4;1;0.4;6;4;6;0.4;6;4;1;0.4;6;4;6;0.4;6;NOK;NOK;OK;9000;9067;6500;9800;OK;8.78;0;7;12;NOK;N/A;2.17;N/A;N/A;N/A;9;9.6;7;18;OK;;0;0;0;-;Disabled;TempOk;2;230;35.4;53.1;0;0;349.9;440724000 gedia b-piller;440724000 gedia b-piller;440724000 Gedia B-Piller
20260326_12:11:21;0;4;3;900;913.3;750;1050;OK;900;923;750;1050;OK;917.6;918.8;20;-3.3;-50;30;OK;20;-3.3;-50;30;OK;-3.3;-3.3;0;20;-3.3;-50;30;OK;236;507;236;699;OK;262.28;263.28;N/A;N/A;N/A;N/A;N/A;N/A;N/A;N/A;N/A;N/A;N/A;N/A;N/A;N/A;N/A;N/A;N/A;N/A;N/A;N/A;N/A;N/A;N/A;N/A;N/A;N/A;N/A;N/A;N/A;N/A;N/A;N/A;N/A;N/A;N/A;N/A;N/A;N/A;N/A;N/A;N/A;N/A;N/A;N/A;N/A;N/A;N/A;N/A;N/A;N/A;N/A;N/A;N/A;N/A;N/A;N/A;N/A;N/A;N/A;N/A;N/A;N/A;N/A;N/A;N/A;N/A;N/A;N/A;N/A;N/A;N/A;N/A;N/A;N/A;N/A;N/A;N/A;N/A;N/A;N/A;N/A;N/A;N/A;N/A;N/A;N/A;N/A;N/A;N/A;N/A;N/A;N/A;N/A;N/A;N/A;N/A;N/A;N/A;;0;351.8;0;0;;Disabled;TempStop;2;700;353.8;311.6;0;0;599.9;549.9;Disabled;PosNotOk;2;0;100;100;0;0;15;Disabled;0;0;0;0;0;0;0;0;0;0;0;0;0;0;0;0;0;0;0;0;0;0;0;0;0;0;0;0;0;0;0;0;0;0;0;0;0;0;0;0;0;0;0;0;0;0;0;0;0;0;0;0;0;0;0;0;0;0;0;0;0;0;0;0;0;0;0;0;0;0;30;24;20;45;30;24;20;45;30;31;20;45;30;30;20;45;200;0;100;300;200;0;100;300;200;129;100;300;200;128;100;300;30;26;20;45;30;27;20;45;30;31;20;45;30;30;20;45;200;0;100;300;200;0;100;300;200;53;100;300;200;53;100;300;4;1;0.4;6;4;6;0.4;6;4;1;0.4;6;4;6;0.4;6;4;1;0.4;6;4;6;0.4;6;4;1;0.4;6;4;6;0.4;6;NOK;NOK;OK;9000;9075;6500;9800;OK;8.79;0;7;12;NOK;N/A;2.17;N/A;N/A;N/A;9;9.6;7;18;OK;;0;0;0;-;Disabled;TempOk;2;230;36.2;54.7;0;0;349.9;440724000 gedia b-piller;440724000 gedia b-piller;440724000 Gedia B-Piller
20260326_12:12:47;0;4;1;900;902.5;750;1050;OK;900;912.3;750;1050;OK;909.9;911.2;20;-8.3;-50;30;OK;20;-8.4;-50;30;OK;-8.3;-8.3;0;20;-8.3;-50;30;OK;236;392;236;699;OK;262.68;263.45;N/A;N/A;N/A;N/A;N/A;N/A;N/A;N/A;N/A;N/A;N/A;N/A;N/A;N/A;N/A;N/A;N/A;N/A;N/A;N/A;N/A;N/A;N/A;N/A;N/A;N/A;N/A;N/A;N/A;N/A;N/A;N/A;N/A;N/A;N/A;N/A;N/A;N/A;N/A;N/A;N/A;N/A;N/A;N/A;N/A;N/A;N/A;N/A;N/A;N/A;N/A;N/A;N/A;N/A;N/A;N/A;N/A;N/A;N/A;N/A;N/A;N/A;N/A;N/A;N/A;N/A;N/A;N/A;N/A;N/A;N/A;N/A;N/A;N/A;N/A;N/A;N/A;N/A;N/A;N/A;N/A;N/A;N/A;N/A;N/A;N/A;N/A;N/A;N/A;N/A;N/A;N/A;N/A;N/A;N/A;N/A;N/A;N/A;;0;348.5;0;0;;Disabled;TempStop;2;700;350.4;311;0;0;599.9;549.9;Disabled;PosNotOk;2;0;100;100;0;0;15;Disabled;0;0;0;0;0;0;0;0;0;0;0;0;0;0;0;0;0;0;0;0;0;0;0;0;0;0;0;0;0;0;0;0;0;0;0;0;0;0;0;0;0;0;0;0;0;0;0;0;0;0;0;0;0;0;0;0;0;0;0;0;0;0;0;0;0;0;0;0;0;0;30;24;20;45;30;24;20;45;30;31;20;45;30;30;20;45;200;0;100;300;200;0;100;300;200;128;100;300;200;128;100;300;30;26;20;45;30;27;20;45;30;32;20;45;30;30;20;45;200;1;100;300;200;0;100;300;200;53;100;300;200;52;100;300;4;1;0.4;6;4;6;0.4;6;4;1;0.4;6;4;6;0.4;6;4;1;0.4;6;4;6;0.4;6;4;1;0.4;6;4;6;0.4;6;NOK;NOK;OK;9000;9067;6500;9800;OK;8.79;0;7;12;NOK;N/A;2.17;N/A;N/A;N/A;9;9.5;7;18;OK;;0;0;0;-;Disabled;TempOk;2;230;35.9;54.1;0;0;349.9;440724000 gedia b-piller;440724000 gedia b-piller;440724000 Gedia B-Piller
20260326_12:14:13;0;4;2;900;908.4;750;1050;OK;900;916.7;750;1050;OK;914.3;915.9;20;-1.4;-50;30;OK;20;-1.4;-50;30;OK;-1.4;-1.4;0;20;-1.4;-50;30;OK;236;246;236;699;OK;263.14;263.62;N/A;N/A;N/A;N/A;N/A;N/A;N/A;N/A;N/A;N/A;N/A;N/A;N/A;N/A;N/A;N/A;N/A;N/A;N/A;N/A;N/A;N/A;N/A;N/A;N/A;N/A;N/A;N/A;N/A;N/A;N/A;N/A;N/A;N/A;N/A;N/A;N/A;N/A;N/A;N/A;N/A;N/A;N/A;N/A;N/A;N/A;N/A;N/A;N/A;N/A;N/A;N/A;N/A;N/A;N/A;N/A;N/A;N/A;N/A;N/A;N/A;N/A;N/A;N/A;N/A;N/A;N/A;N/A;N/A;N/A;N/A;N/A;N/A;N/A;N/A;N/A;N/A;N/A;N/A;N/A;N/A;N/A;N/A;N/A;N/A;N/A;N/A;N/A;N/A;N/A;N/A;N/A;N/A;N/A;N/A;N/A;N/A;N/A;;0;347;0;0;;Disabled;TempStop;2;700;348.9;307.6;0;0;599.9;549.9;Disabled;PosNotOk;2;0;100;100;0;0;15;Disabled;0;0;0;0;0;0;0;0;0;0;0;0;0;0;0;0;0;0;0;0;0;0;0;0;0;0;0;0;0;0;0;0;0;0;0;0;0;0;0;0;0;0;0;0;0;0;0;0;0;0;0;0;0;0;0;0;0;0;0;0;0;0;0;0;0;0;0;0;0;0;30;24;20;45;30;24;20;45;30;31;20;45;30;30;20;45;200;0;100;300;200;0;100;300;200;128;100;300;200;128;100;300;30;26;20;45;30;27;20;45;30;32;20;45;30;30;20;45;200;0;100;300;200;1;100;300;200;53;100;300;200;53;100;300;4;1;0.4;6;4;6;0.4;6;4;1;0.4;6;4;6;0.4;6;4;1;0.4;6;4;6;0.4;6;4;1;0.4;6;4;6;0.4;6;NOK;NOK;OK;9000;9054;6500;9800;OK;8.78;0;7;12;NOK;N/A;2.17;N/A;N/A;N/A;9;9.6;7;18;OK;;0;0;0;-;Disabled;TempOk;2;230;35.7;52.9;0;0;349.9;440724000 gedia b-piller;440724000 gedia b-piller;440724000 Gedia B-Piller
20260326_12:15:39;0;4;3;900;915.3;750;1050;OK;900;921.4;750;1050;OK;918.4;920.3;20;-3.3;-50;30;OK;20;-3.3;-50;30;OK;-3.3;-3.3;0;20;-3.3;-50;30;OK;236;246;236;699;OK;263.3;263.79;N/A;N/A;N/A;N/A;N/A;N/A;N/A;N/A;N/A;N/A;N/A;N/A;N/A;N/A;N/A;N/A;N/A;N/A;N/A;N/A;N/A;N/A;N/A;N/A;N/A;N/A;N/A;N/A;N/A;N/A;N/A;N/A;N/A;N/A;N/A;N/A;N/A;N/A;N/A;N/A;N/A;N/A;N/A;N/A;N/A;N/A;N/A;N/A;N/A;N/A;N/A;N/A;N/A;N/A;N/A;N/A;N/A;N/A;N/A;N/A;N/A;N/A;N/A;N/A;N/A;N/A;N/A;N/A;N/A;N/A;N/A;N/A;N/A;N/A;N/A;N/A;N/A;N/A;N/A;N/A;N/A;N/A;N/A;N/A;N/A;N/A;N/A;N/A;N/A;N/A;N/A;N/A;N/A;N/A;N/A;N/A;N/A;N/A;;0;349.8;0;0;;Disabled;TempStop;2;700;351.7;310.6;0;0;599.9;549.9;Disabled;PosNotOk;2;0;100;100;0;0;15;Disabled;0;0;0;0;0;0;0;0;0;0;0;0;0;0;0;0;0;0;0;0;0;0;0;0;0;0;0;0;0;0;0;0;0;0;0;0;0;0;0;0;0;0;0;0;0;0;0;0;0;0;0;0;0;0;0;0;0;0;0;0;0;0;0;0;0;0;0;0;0;0;30;24;20;45;30;24;20;45;30;31;20;45;30;30;20;45;200;0;100;300;200;0;100;300;200;128;100;300;200;128;100;300;30;26;20;45;30;26;20;45;30;32;20;45;30;30;20;45;200;0;100;300;200;0;100;300;200;53;100;300;200;53;100;300;4;1;0.4;6;4;6;0.4;6;4;1;0.4;6;4;6;0.4;6;4;1;0.4;6;4;6;0.4;6;4;1;0.4;6;4;6;0.4;6;NOK;NOK;OK;9000;9061;6500;9800;OK;8.79;0;7;12;NOK;N/A;2.16;N/A;N/A;N/A;9;9.5;7;18;OK;;0;0;0;-;Disabled;TempOk;2;230;35.9;53.3;0;0;349.9;440724000 gedia b-piller;440724000 gedia b-piller;440724000 Gedia B-Piller
20260326_12:17:05;0;4;1;900;902.7;750;1050;OK;900;912.2;750;1050;OK;910;911.9;20;-8.4;-50;30;OK;20;-8.4;-50;30;OK;-8.3;-8.4;0;20;-8.4;-50;30;OK;236;246;236;699;OK;263.47;263.96;N/A;N/A;N/A;N/A;N/A;N/A;N/A;N/A;N/A;N/A;N/A;N/A;N/A;N/A;N/A;N/A;N/A;N/A;N/A;N/A;N/A;N/A;N/A;N/A;N/A;N/A;N/A;N/A;N/A;N/A;N/A;N/A;N/A;N/A;N/A;N/A;N/A;N/A;N/A;N/A;N/A;N/A;N/A;N/A;N/A;N/A;N/A;N/A;N/A;N/A;N/A;N/A;N/A;N/A;N/A;N/A;N/A;N/A;N/A;N/A;N/A;N/A;N/A;N/A;N/A;N/A;N/A;N/A;N/A;N/A;N/A;N/A;N/A;N/A;N/A;N/A;N/A;N/A;N/A;N/A;N/A;N/A;N/A;N/A;N/A;N/A;N/A;N/A;N/A;N/A;N/A;N/A;N/A;N/A;N/A;N/A;N/A;N/A;;0;351.8;0;0;;Disabled;TempStop;2;700;353.8;317.5;0;0;599.9;549.9;Disabled;PosNotOk;2;0;100;100;0;0;15;Disabled;0;0;0;0;0;0;0;0;0;0;0;0;0;0;0;0;0;0;0;0;0;0;0;0;0;0;0;0;0;0;0;0;0;0;0;0;0;0;0;0;0;0;0;0;0;0;0;0;0;0;0;0;0;0;0;0;0;0;0;0;0;0;0;0;0;0;0;0;0;0;30;24;20;45;30;24;20;45;30;31;20;45;30;30;20;45;200;0;100;300;200;0;100;300;200;128;100;300;200;128;100;300;30;26;20;45;30;27;20;45;30;32;20;45;30;30;20;45;200;0;100;300;200;0;100;300;200;53;100;300;200;53;100;300;4;1;0.4;6;4;6;0.4;6;4;1;0.4;6;4;6;0.4;6;4;1;0.4;6;4;6;0.4;6;4;1;0.4;6;4;6;0.4;6;NOK;NOK;OK;9000;9074;6500;9800;OK;8.79;0;7;12;NOK;N/A;2.16;N/A;N/A;N/A;9;9.5;7;18;OK;;0;0;0;-;Disabled;TempOk;2;230;35.9;53.5;0;0;349.9;440724000 gedia b-piller;440724000 gedia b-piller;440724000 Gedia B-Piller
20260326_12:18:30;0;4;2;900;908.2;750;1050;OK;900;917.1;750;1050;OK;915;915.9;20;-1.4;-50;30;OK;20;-1.4;-50;30;OK;-1.4;-1.4;0;20;-1.4;-50;30;OK;236;246;236;699;OK;263.64;264.13;N/A;N/A;N/A;N/A;N/A;N/A;N/A;N/A;N/A;N/A;N/A;N/A;N/A;N/A;N/A;N/A;N/A;N/A;N/A;N/A;N/A;N/A;N/A;N/A;N/A;N/A;N/A;N/A;N/A;N/A;N/A;N/A;N/A;N/A;N/A;N/A;N/A;N/A;N/A;N/A;N/A;N/A;N/A;N/A;N/A;N/A;N/A;N/A;N/A;N/A;N/A;N/A;N/A;N/A;N/A;N/A;N/A;N/A;N/A;N/A;N/A;N/A;N/A;N/A;N/A;N/A;N/A;N/A;N/A;N/A;N/A;N/A;N/A;N/A;N/A;N/A;N/A;N/A;N/A;N/A;N/A;N/A;N/A;N/A;N/A;N/A;N/A;N/A;N/A;N/A;N/A;N/A;N/A;N/A;N/A;N/A;N/A;N/A;;0;350.2;0;0;;Disabled;TempStop;2;700;352;310.8;0;0;599.9;549.9;Disabled;PosNotOk;2;0;100;100;0;0;15;Disabled;0;0;0;0;0;0;0;0;0;0;0;0;0;0;0;0;0;0;0;0;0;0;0;0;0;0;0;0;0;0;0;0;0;0;0;0;0;0;0;0;0;0;0;0;0;0;0;0;0;0;0;0;0;0;0;0;0;0;0;0;0;0;0;0;0;0;0;0;0;0;30;24;20;45;30;24;20;45;30;30;20;45;30;30;20;45;200;0;100;300;200;0;100;300;200;128;100;300;200;128;100;300;30;26;20;45;30;27;20;45;30;32;20;45;30;30;20;45;200;0;100;300;200;0;100;300;200;53;100;300;200;53;100;300;4;1;0.4;6;4;6;0.4;6;4;1;0.4;6;4;6;0.4;6;4;1;0.4;6;4;6;0.4;6;4;1;0.4;6;4;6;0.4;6;NOK;NOK;OK;9000;9057;6500;9800;OK;8.78;0;7;12;NOK;N/A;2.17;N/A;N/A;N/A;9;9.6;7;18;OK;;0;0;0;-;Disabled;TempOk;2;230;35.9;53.9;0;0;349.9;440724000 gedia b-piller;440724000 gedia b-piller;440724000 Gedia B-Piller
20260326_12:19:56;0;4;3;900;913.8;750;1050;OK;900;921;750;1050;OK;917.8;919.7;20;-3.3;-50;30;OK;20;-3.2;-50;30;OK;-3.3;-3.3;0;20;-3.3;-50;30;OK;236;246;236;699;OK;263.81;264.3;N/A;N/A;N/A;N/A;N/A;N/A;N/A;N/A;N/A;N/A;N/A;N/A;N/A;N/A;N/A;N/A;N/A;N/A;N/A;N/A;N/A;N/A;N/A;N/A;N/A;N/A;N/A;N/A;N/A;N/A;N/A;N/A;N/A;N/A;N/A;N/A;N/A;N/A;N/A;N/A;N/A;N/A;N/A;N/A;N/A;N/A;N/A;N/A;N/A;N/A;N/A;N/A;N/A;N/A;N/A;N/A;N/A;N/A;N/A;N/A;N/A;N/A;N/A;N/A;N/A;N/A;N/A;N/A;N/A;N/A;N/A;N/A;N/A;N/A;N/A;N/A;N/A;N/A;N/A;N/A;N/A;N/A;N/A;N/A;N/A;N/A;N/A;N/A;N/A;N/A;N/A;N/A;N/A;N/A;N/A;N/A;N/A;N/A;;0;347.7;0;0;;Disabled;TempStop;2;700;349.5;307.8;0;0;599.9;549.9;Disabled;PosNotOk;2;0;100;100;0;0;15;Disabled;0;0;0;0;0;0;0;0;0;0;0;0;0;0;0;0;0;0;0;0;0;0;0;0;0;0;0;0;0;0;0;0;0;0;0;0;0;0;0;0;0;0;0;0;0;0;0;0;0;0;0;0;0;0;0;0;0;0;0;0;0;0;0;0;0;0;0;0;0;0;30;24;20;45;30;24;20;45;30;31;20;45;30;30;20;45;200;0;100;300;200;0;100;300;200;128;100;300;200;127;100;300;30;26;20;45;30;26;20;45;30;32;20;45;30;30;20;45;200;0;100;300;200;0;100;300;200;53;100;300;200;53;100;300;4;1;0.4;6;4;6;0.4;6;4;1;0.4;6;4;6;0.4;6;4;1;0.4;6;4;6;0.4;6;4;1;0.4;6;4;6;0.4;6;NOK;NOK;OK;9000;9060;6500;9800;OK;8.78;0;7;12;NOK;N/A;2.17;N/A;N/A;N/A;9;9.4;7;18;OK;;0;0;0;-;Disabled;TempOk;2;230;35.7;53.3;0;0;349.9;440724000 gedia b-piller;440724000 gedia b-piller;440724000 Gedia B-Piller
20260326_12:21:22;0;4;1;900;902.7;750;1050;OK;900;913;750;1050;OK;910.7;912.3;20;-8.4;-50;30;OK;20;-8.4;-50;30;OK;-8.4;-8.4;0;20;-8.4;-50;30;OK;236;246;236;699;OK;263.98;264.47;N/A;N/A;N/A;N/A;N/A;N/A;N/A;N/A;N/A;N/A;N/A;N/A;N/A;N/A;N/A;N/A;N/A;N/A;N/A;N/A;N/A;N/A;N/A;N/A;N/A;N/A;N/A;N/A;N/A;N/A;N/A;N/A;N/A;N/A;N/A;N/A;N/A;N/A;N/A;N/A;N/A;N/A;N/A;N/A;N/A;N/A;N/A;N/A;N/A;N/A;N/A;N/A;N/A;N/A;N/A;N/A;N/A;N/A;N/A;N/A;N/A;N/A;N/A;N/A;N/A;N/A;N/A;N/A;N/A;N/A;N/A;N/A;N/A;N/A;N/A;N/A;N/A;N/A;N/A;N/A;N/A;N/A;N/A;N/A;N/A;N/A;N/A;N/A;N/A;N/A;N/A;N/A;N/A;N/A;N/A;N/A;N/A;N/A;;0;348.4;0;0;;Disabled;TempStop;2;700;350.2;309.6;0;0;599.9;549.9;Disabled;PosNotOk;2;0;100;100;0;0;15;Disabled;0;0;0;0;0;0;0;0;0;0;0;0;0;0;0;0;0;0;0;0;0;0;0;0;0;0;0;0;0;0;0;0;0;0;0;0;0;0;0;0;0;0;0;0;0;0;0;0;0;0;0;0;0;0;0;0;0;0;0;0;0;0;0;0;0;0;0;0;0;0;30;24;20;45;30;24;20;45;30;31;20;45;30;30;20;45;200;0;100;300;200;0;100;300;200;128;100;300;200;128;100;300;30;26;20;45;30;27;20;45;30;32;20;45;30;30;20;45;200;0;100;300;200;0;100;300;200;53;100;300;200;52;100;300;4;1;0.4;6;4;6;0.4;6;4;1;0.4;6;4;6;0.4;6;4;1;0.4;6;4;6;0.4;6;4;1;0.4;6;4;6;0.4;6;NOK;NOK;OK;9000;9038;6500;9800;OK;8.77;0;7;12;NOK;N/A;2.17;N/A;N/A;N/A;9;9.4;7;18;OK;;0;0;0;-;Disabled;TempOk;2;230;35.9;53.5;0;0;349.9;440724000 gedia b-piller;440724000 gedia b-piller;440724000 Gedia B-Piller
20260326_12:22:48;0;4;2;900;909.2;750;1050;OK;900;918.7;750;1050;OK;916;917.3;20;-1.3;-50;30;OK;20;-1.3;-50;30;OK;-1.3;-1.3;0;20;-1.3;-50;30;OK;236;246;236;699;OK;264.15;264.64;N/A;N/A;N/A;N/A;N/A;N/A;N/A;N/A;N/A;N/A;N/A;N/A;N/A;N/A;N/A;N/A;N/A;N/A;N/A;N/A;N/A;N/A;N/A;N/A;N/A;N/A;N/A;N/A;N/A;N/A;N/A;N/A;N/A;N/A;N/A;N/A;N/A;N/A;N/A;N/A;N/A;N/A;N/A;N/A;N/A;N/A;N/A;N/A;N/A;N/A;N/A;N/A;N/A;N/A;N/A;N/A;N/A;N/A;N/A;N/A;N/A;N/A;N/A;N/A;N/A;N/A;N/A;N/A;N/A;N/A;N/A;N/A;N/A;N/A;N/A;N/A;N/A;N/A;N/A;N/A;N/A;N/A;N/A;N/A;N/A;N/A;N/A;N/A;N/A;N/A;N/A;N/A;N/A;N/A;N/A;N/A;N/A;N/A;;0;342.8;0;0;;Disabled;TempStop;2;700;344.8;303.2;0;0;599.9;549.9;Disabled;PosNotOk;2;0;100;100;0;0;15;Disabled;0;0;0;0;0;0;0;0;0;0;0;0;0;0;0;0;0;0;0;0;0;0;0;0;0;0;0;0;0;0;0;0;0;0;0;0;0;0;0;0;0;0;0;0;0;0;0;0;0;0;0;0;0;0;0;0;0;0;0;0;0;0;0;0;0;0;0;0;0;0;30;24;20;45;30;24;20;45;30;31;20;45;30;30;20;45;200;0;100;300;200;0;100;300;200;128;100;300;200;128;100;300;30;26;20;45;30;26;20;45;30;32;20;45;30;30;20;45;200;0;100;300;200;0;100;300;200;53;100;300;200;53;100;300;4;1;0.4;6;4;6;0.4;6;4;1;0.4;6;4;6;0.4;6;4;1;0.4;6;4;6;0.4;6;4;1;0.4;6;4;6;0.4;6;NOK;NOK;OK;9000;9061;6500;9800;OK;8.78;0;7;12;NOK;N/A;2.16;N/A;N/A;N/A;9;9.5;7;18;OK;;0;0;0;-;Disabled;TempOk;2;230;35.4;52.7;0;0;349.9;440724000 gedia b-piller;440724000 gedia b-piller;440724000 Gedia B-Piller
20260326_12:24:14;0;4;3;900;913.3;750;1050;OK;900;921;750;1050;OK;917.8;919.7;20;-3.2;-50;30;OK;20;-3.2;-50;30;OK;-3.2;-3.2;0;20;-3.2;-50;30;OK;236;246;236;699;OK;264.32;264.81;N/A;N/A;N/A;N/A;N/A;N/A;N/A;N/A;N/A;N/A;N/A;N/A;N/A;N/A;N/A;N/A;N/A;N/A;N/A;N/A;N/A;N/A;N/A;N/A;N/A;N/A;N/A;N/A;N/A;N/A;N/A;N/A;N/A;N/A;N/A;N/A;N/A;N/A;N/A;N/A;N/A;N/A;N/A;N/A;N/A;N/A;N/A;N/A;N/A;N/A;N/A;N/A;N/A;N/A;N/A;N/A;N/A;N/A;N/A;N/A;N/A;N/A;N/A;N/A;N/A;N/A;N/A;N/A;N/A;N/A;N/A;N/A;N/A;N/A;N/A;N/A;N/A;N/A;N/A;N/A;N/A;N/A;N/A;N/A;N/A;N/A;N/A;N/A;N/A;N/A;N/A;N/A;N/A;N/A;N/A;N/A;N/A;N/A;;0;347.3;0;0;;Disabled;TempStop;2;700;349.2;309;0;0;599.9;549.9;Disabled;PosNotOk;2;0;100;100;0;0;15;Disabled;0;0;0;0;0;0;0;0;0;0;0;0;0;0;0;0;0;0;0;0;0;0;0;0;0;0;0;0;0;0;0;0;0;0;0;0;0;0;0;0;0;0;0;0;0;0;0;0;0;0;0;0;0;0;0;0;0;0;0;0;0;0;0;0;0;0;0;0;0;0;30;24;20;45;30;24;20;45;30;31;20;45;30;30;20;45;200;0;100;300;200;0;100;300;200;128;100;300;200;128;100;300;30;26;20;45;30;26;20;45;30;32;20;45;30;30;20;45;200;0;100;300;200;0;100;300;200;53;100;300;200;52;100;300;4;1;0.4;6;4;6;0.4;6;4;1;0.4;6;4;6;0.4;6;4;1;0.4;6;4;6;0.4;6;4;1;0.4;6;4;6;0.4;6;NOK;NOK;OK;9000;9049;6500;9800;OK;8.78;0;7;12;NOK;N/A;2.17;N/A;N/A;N/A;9;9.5;7;18;OK;;0;0;0;-;Disabled;TempOk;2;230;36.2;52.7;0;0;349.9;440724000 gedia b-piller;440724000 gedia b-piller;440724000 Gedia B-Piller
20260326_12:25:39;0;4;1;900;903.2;750;1050;OK;900;914;750;1050;OK;911.5;913.3;20;-8.4;-50;30;OK;20;-8.4;-50;30;OK;-8.4;-8.4;0;20;-8.4;-50;30;OK;236;246;236;699;OK;264.49;264.98;N/A;N/A;N/A;N/A;N/A;N/A;N/A;N/A;N/A;N/A;N/A;N/A;N/A;N/A;N/A;N/A;N/A;N/A;N/A;N/A;N/A;N/A;N/A;N/A;N/A;N/A;N/A;N/A;N/A;N/A;N/A;N/A;N/A;N/A;N/A;N/A;N/A;N/A;N/A;N/A;N/A;N/A;N/A;N/A;N/A;N/A;N/A;N/A;N/A;N/A;N/A;N/A;N/A;N/A;N/A;N/A;N/A;N/A;N/A;N/A;N/A;N/A;N/A;N/A;N/A;N/A;N/A;N/A;N/A;N/A;N/A;N/A;N/A;N/A;N/A;N/A;N/A;N/A;N/A;N/A;N/A;N/A;N/A;N/A;N/A;N/A;N/A;N/A;N/A;N/A;N/A;N/A;N/A;N/A;N/A;N/A;N/A;N/A;;0;348.5;0;0;;Disabled;TempStop;2;700;350.3;311.4;0;0;599.9;549.9;Disabled;PosNotOk;2;0;100;100;0;0;15;Disabled;0;0;0;0;0;0;0;0;0;0;0;0;0;0;0;0;0;0;0;0;0;0;0;0;0;0;0;0;0;0;0;0;0;0;0;0;0;0;0;0;0;0;0;0;0;0;0;0;0;0;0;0;0;0;0;0;0;0;0;0;0;0;0;0;0;0;0;0;0;0;30;24;20;45;30;24;20;45;30;31;20;45;30;30;20;45;200;0;100;300;200;0;100;300;200;129;100;300;200;128;100;300;30;26;20;45;30;27;20;45;30;32;20;45;30;30;20;45;200;0;100;300;200;0;100;300;200;53;100;300;200;52;100;300;4;1;0.4;6;4;6;0.4;6;4;1;0.4;6;4;6;0.4;6;4;1;0.4;6;4;6;0.4;6;4;1;0.4;6;4;6;0.4;6;NOK;NOK;OK;9000;9065;6500;9800;OK;8.78;0;7;12;NOK;N/A;2.17;N/A;N/A;N/A;9;9.6;7;18;OK;;0;0;0;-;Disabled;TempOk;2;230;36.2;52.9;0;0;349.9;440724000 gedia b-piller;440724000 gedia b-piller;440724000 Gedia B-Piller
20260326_12:27:05;0;4;2;900;909;750;1050;OK;900;919.3;750;1050;OK;916.7;917.9;20;-1.3;-50;30;OK;20;-1.3;-50;30;OK;-1.3;-1.3;0;20;-1.3;-50;30;OK;236;246;236;699;OK;264.66;265.14;N/A;N/A;N/A;N/A;N/A;N/A;N/A;N/A;N/A;N/A;N/A;N/A;N/A;N/A;N/A;N/A;N/A;N/A;N/A;N/A;N/A;N/A;N/A;N/A;N/A;N/A;N/A;N/A;N/A;N/A;N/A;N/A;N/A;N/A;N/A;N/A;N/A;N/A;N/A;N/A;N/A;N/A;N/A;N/A;N/A;N/A;N/A;N/A;N/A;N/A;N/A;N/A;N/A;N/A;N/A;N/A;N/A;N/A;N/A;N/A;N/A;N/A;N/A;N/A;N/A;N/A;N/A;N/A;N/A;N/A;N/A;N/A;N/A;N/A;N/A;N/A;N/A;N/A;N/A;N/A;N/A;N/A;N/A;N/A;N/A;N/A;N/A;N/A;N/A;N/A;N/A;N/A;N/A;N/A;N/A;N/A;N/A;N/A;;0;344.6;0;0;;Disabled;TempStop;2;700;346.3;305.4;0;0;599.9;549.9;Disabled;PosNotOk;2;0;100;100;0;0;15;Disabled;0;0;0;0;0;0;0;0;0;0;0;0;0;0;0;0;0;0;0;0;0;0;0;0;0;0;0;0;0;0;0;0;0;0;0;0;0;0;0;0;0;0;0;0;0;0;0;0;0;0;0;0;0;0;0;0;0;0;0;0;0;0;0;0;0;0;0;0;0;0;30;24;20;45;30;24;20;45;30;30;20;45;30;29;20;45;200;0;100;300;200;0;100;300;200;128;100;300;200;127;100;300;30;26;20;45;30;27;20;45;30;32;20;45;30;30;20;45;200;0;100;300;200;0;100;300;200;53;100;300;200;53;100;300;4;1;0.4;6;4;6;0.4;6;4;1;0.4;6;4;6;0.4;6;4;1;0.4;6;4;6;0.4;6;4;1;0.4;6;4;6;0.4;6;NOK;NOK;OK;9000;9035;6500;9800;OK;8.77;0;7;12;NOK;N/A;2.17;N/A;N/A;N/A;9;9.7;7;18;OK;;0;0;0;-;Disabled;TempOk;2;230;35.9;52.4;0;0;349.9;440724000 gedia b-piller;440724000 gedia b-piller;440724000 Gedia B-Piller
20260326_12:28:31;0;4;3;900;914.5;750;1050;OK;900;920.9;750;1050;OK;917.5;919.5;20;-3.2;-50;30;OK;20;-3.2;-50;30;OK;-3.2;-3.2;0;20;-3.2;-50;30;OK;236;246;236;699;OK;264.83;265.31;N/A;N/A;N/A;N/A;N/A;N/A;N/A;N/A;N/A;N/A;N/A;N/A;N/A;N/A;N/A;N/A;N/A;N/A;N/A;N/A;N/A;N/A;N/A;N/A;N/A;N/A;N/A;N/A;N/A;N/A;N/A;N/A;N/A;N/A;N/A;N/A;N/A;N/A;N/A;N/A;N/A;N/A;N/A;N/A;N/A;N/A;N/A;N/A;N/A;N/A;N/A;N/A;N/A;N/A;N/A;N/A;N/A;N/A;N/A;N/A;N/A;N/A;N/A;N/A;N/A;N/A;N/A;N/A;N/A;N/A;N/A;N/A;N/A;N/A;N/A;N/A;N/A;N/A;N/A;N/A;N/A;N/A;N/A;N/A;N/A;N/A;N/A;N/A;N/A;N/A;N/A;N/A;N/A;N/A;N/A;N/A;N/A;N/A;;0;346.5;0;0;;Disabled;TempStop;2;700;348.3;306.9;0;0;599.9;549.9;Disabled;PosNotOk;2;0;100;100;0;0;15;Disabled;0;0;0;0;0;0;0;0;0;0;0;0;0;0;0;0;0;0;0;0;0;0;0;0;0;0;0;0;0;0;0;0;0;0;0;0;0;0;0;0;0;0;0;0;0;0;0;0;0;0;0;0;0;0;0;0;0;0;0;0;0;0;0;0;0;0;0;0;0;0;30;24;20;45;30;24;20;45;30;31;20;45;30;30;20;45;200;0;100;300;200;0;100;300;200;128;100;300;200;128;100;300;30;26;20;45;30;27;20;45;30;32;20;45;30;30;20;45;200;0;100;300;200;0;100;300;200;53;100;300;200;53;100;300;4;1;0.4;6;4;6;0.4;6;4;1;0.4;6;4;6;0.4;6;4;1;0.4;6;4;6;0.4;6;4;1;0.4;6;4;6;0.4;6;NOK;NOK;OK;9000;9039;6500;9800;OK;8.77;0;7;12;NOK;N/A;2.17;N/A;N/A;N/A;9;9.7;7;18;OK;;0;0;0;-;Disabled;TempOk;2;230;35.9;53.9;0;0;349.9;440724000 gedia b-piller;440724000 gedia b-piller;440724000 Gedia B-Piller
20260326_12:29:57;0;4;1;900;905.7;750;1050;OK;900;915;750;1050;OK;912.4;914.4;20;-8.4;-50;30;OK;20;-8.4;-50;30;OK;-8.4;-8.4;0;20;-8.4;-50;30;OK;236;246;236;699;OK;265;265.48;N/A;N/A;N/A;N/A;N/A;N/A;N/A;N/A;N/A;N/A;N/A;N/A;N/A;N/A;N/A;N/A;N/A;N/A;N/A;N/A;N/A;N/A;N/A;N/A;N/A;N/A;N/A;N/A;N/A;N/A;N/A;N/A;N/A;N/A;N/A;N/A;N/A;N/A;N/A;N/A;N/A;N/A;N/A;N/A;N/A;N/A;N/A;N/A;N/A;N/A;N/A;N/A;N/A;N/A;N/A;N/A;N/A;N/A;N/A;N/A;N/A;N/A;N/A;N/A;N/A;N/A;N/A;N/A;N/A;N/A;N/A;N/A;N/A;N/A;N/A;N/A;N/A;N/A;N/A;N/A;N/A;N/A;N/A;N/A;N/A;N/A;N/A;N/A;N/A;N/A;N/A;N/A;N/A;N/A;N/A;N/A;N/A;N/A;;0;347.7;0;0;;Disabled;TempStop;2;700;349.6;312.2;0;0;599.9;549.9;Disabled;PosNotOk;2;0;100;100;0;0;15;Disabled;0;0;0;0;0;0;0;0;0;0;0;0;0;0;0;0;0;0;0;0;0;0;0;0;0;0;0;0;0;0;0;0;0;0;0;0;0;0;0;0;0;0;0;0;0;0;0;0;0;0;0;0;0;0;0;0;0;0;0;0;0;0;0;0;0;0;0;0;0;0;30;24;20;45;30;24;20;45;30;31;20;45;30;30;20;45;200;0;100;300;200;0;100;300;200;128;100;300;200;127;100;300;30;26;20;45;30;27;20;45;30;32;20;45;30;30;20;45;200;0;100;300;200;0;100;300;200;53;100;300;200;53;100;300;4;1;0.4;6;4;6;0.4;6;4;1;0.4;6;4;6;0.4;6;4;1;0.4;6;4;6;0.4;6;4;1;0.4;6;4;6;0.4;6;NOK;NOK;OK;9000;9072;6500;9800;OK;8.79;0;7;12;NOK;N/A;2.17;N/A;N/A;N/A;9;9.5;7;18;OK;;0;0;0;-;Disabled;TempOk;2;230;35.9;52.9;0;0;349.9;440724000 gedia b-piller;440724000 gedia b-piller;440724000 Gedia B-Piller
20260326_12:31:23;0;4;2;900;910.1;750;1050;OK;900;919.9;750;1050;OK;917.3;918.9;20;-1.3;-50;30;OK;20;-1.3;-50;30;OK;-1.3;-1.3;0;20;-1.3;-50;30;OK;236;246;236;699;OK;265.17;265.65;N/A;N/A;N/A;N/A;N/A;N/A;N/A;N/A;N/A;N/A;N/A;N/A;N/A;N/A;N/A;N/A;N/A;N/A;N/A;N/A;N/A;N/A;N/A;N/A;N/A;N/A;N/A;N/A;N/A;N/A;N/A;N/A;N/A;N/A;N/A;N/A;N/A;N/A;N/A;N/A;N/A;N/A;N/A;N/A;N/A;N/A;N/A;N/A;N/A;N/A;N/A;N/A;N/A;N/A;N/A;N/A;N/A;N/A;N/A;N/A;N/A;N/A;N/A;N/A;N/A;N/A;N/A;N/A;N/A;N/A;N/A;N/A;N/A;N/A;N/A;N/A;N/A;N/A;N/A;N/A;N/A;N/A;N/A;N/A;N/A;N/A;N/A;N/A;N/A;N/A;N/A;N/A;N/A;N/A;N/A;N/A;N/A;N/A;;0;347.5;0;0;;Disabled;TempStop;2;700;349.4;308.5;0;0;599.9;549.9;Disabled;PosNotOk;2;0;100;100;0;0;15;Disabled;0;0;0;0;0;0;0;0;0;0;0;0;0;0;0;0;0;0;0;0;0;0;0;0;0;0;0;0;0;0;0;0;0;0;0;0;0;0;0;0;0;0;0;0;0;0;0;0;0;0;0;0;0;0;0;0;0;0;0;0;0;0;0;0;0;0;0;0;0;0;30;24;20;45;30;24;20;45;30;31;20;45;30;30;20;45;200;0;100;300;200;0;100;300;200;128;100;300;200;128;100;300;30;26;20;45;30;27;20;45;30;32;20;45;30;30;20;45;200;0;100;300;200;0;100;300;200;53;100;300;200;53;100;300;4;1;0.4;6;4;6;0.4;6;4;1;0.4;6;4;6;0.4;6;4;1;0.4;6;4;6;0.4;6;4;1;0.4;6;4;6;0.4;6;NOK;NOK;OK;9000;9070;6500;9800;OK;8.79;0;7;12;NOK;N/A;2.17;N/A;N/A;N/A;9;9.5;7;18;OK;;0;0;0;-;Disabled;TempOk;2;230;35.4;52.4;0;0;349.9;440724000 gedia b-piller;440724000 gedia b-piller;440724000 Gedia B-Piller
20260326_12:32:48;0;4;3;900;914;750;1050;OK;900;920.9;750;1050;OK;917.5;919.5;20;-3.2;-50;30;OK;20;-3.2;-50;30;OK;-3.2;-3.2;0;20;-3.2;-50;30;OK;236;246;236;699;OK;265.34;265.82;N/A;N/A;N/A;N/A;N/A;N/A;N/A;N/A;N/A;N/A;N/A;N/A;N/A;N/A;N/A;N/A;N/A;N/A;N/A;N/A;N/A;N/A;N/A;N/A;N/A;N/A;N/A;N/A;N/A;N/A;N/A;N/A;N/A;N/A;N/A;N/A;N/A;N/A;N/A;N/A;N/A;N/A;N/A;N/A;N/A;N/A;N/A;N/A;N/A;N/A;N/A;N/A;N/A;N/A;N/A;N/A;N/A;N/A;N/A;N/A;N/A;N/A;N/A;N/A;N/A;N/A;N/A;N/A;N/A;N/A;N/A;N/A;N/A;N/A;N/A;N/A;N/A;N/A;N/A;N/A;N/A;N/A;N/A;N/A;N/A;N/A;N/A;N/A;N/A;N/A;N/A;N/A;N/A;N/A;N/A;N/A;N/A;N/A;;0;347.1;0;0;;Disabled;TempStop;2;700;349;308.8;0;0;599.9;549.9;Disabled;PosNotOk;2;0;100;100;0;0;15;Disabled;0;0;0;0;0;0;0;0;0;0;0;0;0;0;0;0;0;0;0;0;0;0;0;0;0;0;0;0;0;0;0;0;0;0;0;0;0;0;0;0;0;0;0;0;0;0;0;0;0;0;0;0;0;0;0;0;0;0;0;0;0;0;0;0;0;0;0;0;0;0;30;24;20;45;30;24;20;45;30;31;20;45;30;30;20;45;200;1;100;300;200;0;100;300;200;128;100;300;200;127;100;300;30;26;20;45;30;27;20;45;30;32;20;45;30;30;20;45;200;0;100;300;200;0;100;300;200;53;100;300;200;53;100;300;4;1;0.4;6;4;6;0.4;6;4;1;0.4;6;4;6;0.4;6;4;1;0.4;6;4;6;0.4;6;4;1;0.4;6;4;6;0.4;6;NOK;NOK;OK;9000;9060;6500;9800;OK;8.78;0;7;12;NOK;N/A;2.17;N/A;N/A;N/A;9;9;7;18;OK;;0;0;0;-;Disabled;TempOk;2;230;36.2;53.9;0;0;349.9;440724000 gedia b-piller;440724000 gedia b-piller;440724000 Gedia B-Piller
20260326_12:34:14;0;4;1;900;905.9;750;1050;OK;900;915.9;750;1050;OK;913.3;915.2;20;-8.4;-50;30;OK;20;-8.4;-50;30;OK;-8.4;-8.4;0;20;-8.4;-50;30;OK;236;246;236;699;OK;265.5;265.99;N/A;N/A;N/A;N/A;N/A;N/A;N/A;N/A;N/A;N/A;N/A;N/A;N/A;N/A;N/A;N/A;N/A;N/A;N/A;N/A;N/A;N/A;N/A;N/A;N/A;N/A;N/A;N/A;N/A;N/A;N/A;N/A;N/A;N/A;N/A;N/A;N/A;N/A;N/A;N/A;N/A;N/A;N/A;N/A;N/A;N/A;N/A;N/A;N/A;N/A;N/A;N/A;N/A;N/A;N/A;N/A;N/A;N/A;N/A;N/A;N/A;N/A;N/A;N/A;N/A;N/A;N/A;N/A;N/A;N/A;N/A;N/A;N/A;N/A;N/A;N/A;N/A;N/A;N/A;N/A;N/A;N/A;N/A;N/A;N/A;N/A;N/A;N/A;N/A;N/A;N/A;N/A;N/A;N/A;N/A;N/A;N/A;N/A;;0;345.5;0;0;;Disabled;TempStop;2;700;347.3;306.1;0;0;599.9;549.9;Disabled;PosNotOk;2;0;100;100;0;0;15;Disabled;0;0;0;0;0;0;0;0;0;0;0;0;0;0;0;0;0;0;0;0;0;0;0;0;0;0;0;0;0;0;0;0;0;0;0;0;0;0;0;0;0;0;0;0;0;0;0;0;0;0;0;0;0;0;0;0;0;0;0;0;0;0;0;0;0;0;0;0;0;0;30;24;20;45;30;24;20;45;30;30;20;45;30;30;20;45;200;0;100;300;200;0;100;300;200;128;100;300;200;128;100;300;30;26;20;45;30;26;20;45;30;32;20;45;30;30;20;45;200;0;100;300;200;0;100;300;200;53;100;300;200;53;100;300;4;1;0.4;6;4;6;0.4;6;4;1;0.4;6;4;6;0.4;6;4;1;0.4;6;4;6;0.4;6;4;1;0.4;6;4;6;0.4;6;NOK;NOK;OK;9000;9054;6500;9800;OK;8.77;0;7;12;NOK;N/A;2.17;N/A;N/A;N/A;9;9.4;7;18;OK;;0;0;0;-;Disabled;TempOk;2;230;35.7;54.1;0;0;349.9;440724000 gedia b-piller;440724000 gedia b-piller;440724000 Gedia B-Piller
20260326_12:35:40;0;4;2;900;911.5;750;1050;OK;900;921;750;1050;OK;918;919.9;20;-1.3;-50;30;OK;20;-1.3;-50;30;OK;-1.3;-1.3;0;20;-1.3;-50;30;OK;236;246;236;699;OK;265.67;266.16;N/A;N/A;N/A;N/A;N/A;N/A;N/A;N/A;N/A;N/A;N/A;N/A;N/A;N/A;N/A;N/A;N/A;N/A;N/A;N/A;N/A;N/A;N/A;N/A;N/A;N/A;N/A;N/A;N/A;N/A;N/A;N/A;N/A;N/A;N/A;N/A;N/A;N/A;N/A;N/A;N/A;N/A;N/A;N/A;N/A;N/A;N/A;N/A;N/A;N/A;N/A;N/A;N/A;N/A;N/A;N/A;N/A;N/A;N/A;N/A;N/A;N/A;N/A;N/A;N/A;N/A;N/A;N/A;N/A;N/A;N/A;N/A;N/A;N/A;N/A;N/A;N/A;N/A;N/A;N/A;N/A;N/A;N/A;N/A;N/A;N/A;N/A;N/A;N/A;N/A;N/A;N/A;N/A;N/A;N/A;N/A;N/A;N/A;;0;350.1;0;0;;Disabled;TempStop;2;700;351.9;311.1;0;0;599.9;549.9;Disabled;PosNotOk;2;0;100;100;0;0;15;Disabled;0;0;0;0;0;0;0;0;0;0;0;0;0;0;0;0;0;0;0;0;0;0;0;0;0;0;0;0;0;0;0;0;0;0;0;0;0;0;0;0;0;0;0;0;0;0;0;0;0;0;0;0;0;0;0;0;0;0;0;0;0;0;0;0;0;0;0;0;0;0;30;24;20;45;30;24;20;45;30;31;20;45;30;30;20;45;200;0;100;300;200;0;100;300;200;128;100;300;200;128;100;300;30;26;20;45;30;27;20;45;30;32;20;45;30;30;20;45;200;0;100;300;200;0;100;300;200;53;100;300;200;53;100;300;4;1;0.4;6;4;6;0.4;6;4;1;0.4;6;4;6;0.4;6;4;1;0.4;6;4;6;0.4;6;4;1;0.4;6;4;6;0.4;6;NOK;NOK;OK;9000;9057;6500;9800;OK;8.78;0;7;12;NOK;N/A;2.17;N/A;N/A;N/A;9;9.4;7;18;OK;;0;0;0;-;Disabled;TempOk;2;230;36.2;53.7;0;0;349.9;440724000 gedia b-piller;440724000 gedia b-piller;440724000 Gedia B-Piller
20260326_12:37:06;0;4;3;900;914.3;750;1050;OK;900;920.9;750;1050;OK;917.6;919.8;20;-3.2;-50;30;OK;20;-3.2;-50;30;OK;-3.2;-3.2;0;20;-3.2;-50;30;OK;236;246;236;699;OK;265.84;266.33;N/A;N/A;N/A;N/A;N/A;N/A;N/A;N/A;N/A;N/A;N/A;N/A;N/A;N/A;N/A;N/A;N/A;N/A;N/A;N/A;N/A;N/A;N/A;N/A;N/A;N/A;N/A;N/A;N/A;N/A;N/A;N/A;N/A;N/A;N/A;N/A;N/A;N/A;N/A;N/A;N/A;N/A;N/A;N/A;N/A;N/A;N/A;N/A;N/A;N/A;N/A;N/A;N/A;N/A;N/A;N/A;N/A;N/A;N/A;N/A;N/A;N/A;N/A;N/A;N/A;N/A;N/A;N/A;N/A;N/A;N/A;N/A;N/A;N/A;N/A;N/A;N/A;N/A;N/A;N/A;N/A;N/A;N/A;N/A;N/A;N/A;N/A;N/A;N/A;N/A;N/A;N/A;N/A;N/A;N/A;N/A;N/A;N/A;;0;346.7;0;0;;Disabled;TempStop;2;700;348.5;306.6;0;0;599.9;549.9;Disabled;PosNotOk;2;0;100;100;0;0;15;Disabled;0;0;0;0;0;0;0;0;0;0;0;0;0;0;0;0;0;0;0;0;0;0;0;0;0;0;0;0;0;0;0;0;0;0;0;0;0;0;0;0;0;0;0;0;0;0;0;0;0;0;0;0;0;0;0;0;0;0;0;0;0;0;0;0;0;0;0;0;0;0;30;24;20;45;30;24;20;45;30;31;20;45;30;30;20;45;200;0;100;300;200;0;100;300;200;128;100;300;200;127;100;300;30;26;20;45;30;27;20;45;30;32;20;45;30;30;20;45;200;0;100;300;200;0;100;300;200;53;100;300;200;53;100;300;4;1;0.4;6;4;6;0.4;6;4;1;0.4;6;4;6;0.4;6;4;1;0.4;6;4;6;0.4;6;4;1;0.4;6;4;6;0.4;6;NOK;NOK;OK;9000;9054;6500;9800;OK;8.78;0;7;12;NOK;N/A;2.17;N/A;N/A;N/A;9;9.4;7;18;OK;;0;0;0;-;Disabled;TempOk;2;230;36.2;53.5;0;0;349.9;440724000 gedia b-piller;440724000 gedia b-piller;440724000 Gedia B-Piller
20260326_12:38:32;0;4;1;900;906.9;750;1050;OK;900;916.7;750;1050;OK;914.1;915.9;20;-8.4;-50;30;OK;20;-8.5;-50;30;OK;-8.4;-8.5;0;20;-8.4;-50;30;OK;236;246;236;699;OK;266.01;266.5;N/A;N/A;N/A;N/A;N/A;N/A;N/A;N/A;N/A;N/A;N/A;N/A;N/A;N/A;N/A;N/A;N/A;N/A;N/A;N/A;N/A;N/A;N/A;N/A;N/A;N/A;N/A;N/A;N/A;N/A;N/A;N/A;N/A;N/A;N/A;N/A;N/A;N/A;N/A;N/A;N/A;N/A;N/A;N/A;N/A;N/A;N/A;N/A;N/A;N/A;N/A;N/A;N/A;N/A;N/A;N/A;N/A;N/A;N/A;N/A;N/A;N/A;N/A;N/A;N/A;N/A;N/A;N/A;N/A;N/A;N/A;N/A;N/A;N/A;N/A;N/A;N/A;N/A;N/A;N/A;N/A;N/A;N/A;N/A;N/A;N/A;N/A;N/A;N/A;N/A;N/A;N/A;N/A;N/A;N/A;N/A;N/A;N/A;;0;347.5;0;0;;Disabled;TempStop;2;700;349.2;308.1;0;0;599.9;549.9;Disabled;PosNotOk;2;0;100;100;0;0;15;Disabled;0;0;0;0;0;0;0;0;0;0;0;0;0;0;0;0;0;0;0;0;0;0;0;0;0;0;0;0;0;0;0;0;0;0;0;0;0;0;0;0;0;0;0;0;0;0;0;0;0;0;0;0;0;0;0;0;0;0;0;0;0;0;0;0;0;0;0;0;0;0;30;24;20;45;30;24;20;45;30;30;20;45;30;29;20;45;200;0;100;300;200;0;100;300;200;128;100;300;200;127;100;300;30;26;20;45;30;26;20;45;30;31;20;45;30;29;20;45;200;0;100;300;200;0;100;300;200;53;100;300;200;52;100;300;4;1;0.4;6;4;6;0.4;6;4;1;0.4;6;4;6;0.4;6;4;1;0.4;6;4;6;0.4;6;4;1;0.4;6;4;6;0.4;6;NOK;NOK;OK;9000;9060;6500;9800;OK;8.78;0;7;12;NOK;N/A;2.17;N/A;N/A;N/A;9;9.4;7;18;OK;;0;0;0;-;Disabled;TempOk;2;230;35.4;51.9;0;0;349.9;440724000 gedia b-piller;440724000 gedia b-piller;440724000 Gedia B-Piller
20260326_13:20:56;0;4;1;900;903;750;1050;OK;900;907.2;750;1050;OK;906.2;907.8;20;-8.7;-50;30;OK;20;-8.8;-50;30;OK;-8.8;-8.8;0;20;-8.7;-50;30;OK;236;298;236;699;OK;270.94;271.53;N/A;N/A;N/A;N/A;N/A;N/A;N/A;N/A;N/A;N/A;N/A;N/A;N/A;N/A;N/A;N/A;N/A;N/A;N/A;N/A;N/A;N/A;N/A;N/A;N/A;N/A;N/A;N/A;N/A;N/A;N/A;N/A;N/A;N/A;N/A;N/A;N/A;N/A;N/A;N/A;N/A;N/A;N/A;N/A;N/A;N/A;N/A;N/A;N/A;N/A;N/A;N/A;N/A;N/A;N/A;N/A;N/A;N/A;N/A;N/A;N/A;N/A;N/A;N/A;N/A;N/A;N/A;N/A;N/A;N/A;N/A;N/A;N/A;N/A;N/A;N/A;N/A;N/A;N/A;N/A;N/A;N/A;N/A;N/A;N/A;N/A;N/A;N/A;N/A;N/A;N/A;N/A;N/A;N/A;N/A;N/A;N/A;N/A;;0;345.6;0;0;;Disabled;TempStop;2;700;347.3;306.9;0;0;599.9;549.9;Disabled;PosNotOk;2;0;100;100;0;0;15;Disabled;0;0;0;0;0;0;0;0;0;0;0;0;0;0;0;0;0;0;0;0;0;0;0;0;0;0;0;0;0;0;0;0;0;0;0;0;0;0;0;0;0;0;0;0;0;0;0;0;0;0;0;0;0;0;0;0;0;0;0;0;0;0;0;0;0;0;0;0;0;0;30;24;20;45;30;24;20;45;30;30;20;45;30;30;20;45;200;0;100;300;200;0;100;300;200;128;100;300;200;128;100;300;30;26;20;45;30;26;20;45;30;30;20;45;30;30;20;45;200;0;100;300;200;0;100;300;200;53;100;300;200;52;100;300;4;1;0.4;6;4;6;0.4;6;4;1;0.4;6;4;6;0.4;6;4;1;0.4;6;4;6;0.4;6;4;1;0.4;6;4;6;0.4;6;NOK;NOK;OK;9000;9057;6500;9800;OK;8.78;0;7;12;NOK;N/A;2.17;N/A;N/A;N/A;9;9.4;7;18;OK;;0;0;0;-;Disabled;TempOk;2;230;36.2;51.1;0;0;349.9;440724000 gedia b-piller;440724000 gedia b-piller;440724000 Gedia B-Piller
20260326_13:22:22;0;4;3;900;911.1;750;1050;OK;900;911.9;750;1050;OK;911.2;911.5;20;-3.1;-50;30;OK;20;-3.1;-50;30;OK;-3.1;-3.1;0;20;-3.1;-50;30;OK;236;300;236;699;OK;271.1;271.7;N/A;N/A;N/A;N/A;N/A;N/A;N/A;N/A;N/A;N/A;N/A;N/A;N/A;N/A;N/A;N/A;N/A;N/A;N/A;N/A;N/A;N/A;N/A;N/A;N/A;N/A;N/A;N/A;N/A;N/A;N/A;N/A;N/A;N/A;N/A;N/A;N/A;N/A;N/A;N/A;N/A;N/A;N/A;N/A;N/A;N/A;N/A;N/A;N/A;N/A;N/A;N/A;N/A;N/A;N/A;N/A;N/A;N/A;N/A;N/A;N/A;N/A;N/A;N/A;N/A;N/A;N/A;N/A;N/A;N/A;N/A;N/A;N/A;N/A;N/A;N/A;N/A;N/A;N/A;N/A;N/A;N/A;N/A;N/A;N/A;N/A;N/A;N/A;N/A;N/A;N/A;N/A;N/A;N/A;N/A;N/A;N/A;N/A;;0;343.1;0;0;;Disabled;TempStop;2;700;344.8;305.8;0;0;599.9;549.9;Disabled;PosNotOk;2;0;100;100;0;0;15;Disabled;0;0;0;0;0;0;0;0;0;0;0;0;0;0;0;0;0;0;0;0;0;0;0;0;0;0;0;0;0;0;0;0;0;0;0;0;0;0;0;0;0;0;0;0;0;0;0;0;0;0;0;0;0;0;0;0;0;0;0;0;0;0;0;0;0;0;0;0;0;0;30;24;20;45;30;24;20;45;30;30;20;45;30;30;20;45;200;0;100;300;200;0;100;300;200;128;100;300;200;128;100;300;30;26;20;45;30;26;20;45;30;31;20;45;30;30;20;45;200;0;100;300;200;0;100;300;200;53;100;300;200;53;100;300;4;1;0.4;6;4;6;0.4;6;4;1;0.4;6;4;6;0.4;6;4;1;0.4;6;4;6;0.4;6;4;1;0.4;6;4;6;0.4;6;NOK;NOK;OK;9000;9050;6500;9800;OK;8.77;0;7;12;NOK;N/A;2.17;N/A;N/A;N/A;9;9.7;7;18;OK;;0;0;0;-;Disabled;TempOk;2;230;36.2;51.9;0;0;349.9;440724000 gedia b-piller;440724000 gedia b-piller;440724000 Gedia B-Piller
20260326_13:23:48;0;4;5;900;897.3;750;1050;OK;900;900.3;750;1050;OK;904.4;904.1;20;-4.5;-50;30;OK;20;-4.5;-50;30;OK;-4.5;-4.5;0;20;-4.5;-50;30;OK;236;301;236;699;OK;271.27;271.87;N/A;N/A;N/A;N/A;N/A;N/A;N/A;N/A;N/A;N/A;N/A;N/A;N/A;N/A;N/A;N/A;N/A;N/A;N/A;N/A;N/A;N/A;N/A;N/A;N/A;N/A;N/A;N/A;N/A;N/A;N/A;N/A;N/A;N/A;N/A;N/A;N/A;N/A;N/A;N/A;N/A;N/A;N/A;N/A;N/A;N/A;N/A;N/A;N/A;N/A;N/A;N/A;N/A;N/A;N/A;N/A;N/A;N/A;N/A;N/A;N/A;N/A;N/A;N/A;N/A;N/A;N/A;N/A;N/A;N/A;N/A;N/A;N/A;N/A;N/A;N/A;N/A;N/A;N/A;N/A;N/A;N/A;N/A;N/A;N/A;N/A;N/A;N/A;N/A;N/A;N/A;N/A;N/A;N/A;N/A;N/A;N/A;N/A;;0;344.3;0;0;;Disabled;TempStop;2;700;346.2;304.4;0;0;599.9;549.9;Disabled;PosNotOk;2;0;100;100;0;0;15;Disabled;0;0;0;0;0;0;0;0;0;0;0;0;0;0;0;0;0;0;0;0;0;0;0;0;0;0;0;0;0;0;0;0;0;0;0;0;0;0;0;0;0;0;0;0;0;0;0;0;0;0;0;0;0;0;0;0;0;0;0;0;0;0;0;0;0;0;0;0;0;0;30;24;20;45;30;24;20;45;30;30;20;45;30;30;20;45;200;0;100;300;200;0;100;300;200;128;100;300;200;128;100;300;30;26;20;45;30;27;20;45;30;31;20;45;30;30;20;45;200;0;100;300;200;0;100;300;200;53;100;300;200;53;100;300;4;1;0.4;6;4;6;0.4;6;4;1;0.4;6;4;6;0.4;6;4;1;0.4;6;4;6;0.4;6;4;1;0.4;6;4;6;0.4;6;NOK;NOK;OK;9000;9065;6500;9800;OK;8.79;0;7;12;NOK;N/A;2.17;N/A;N/A;N/A;9;9.5;7;18;OK;;0;0;0;-;Disabled;TempOk;2;230;36.4;53.5;0;0;349.9;440724000 gedia b-piller;440724000 gedia b-piller;440724000 Gedia B-Piller
20260326_13:25:13;0;4;1;900;898.5;750;1050;OK;900;906.8;750;1050;OK;905.8;907.2;20;-8.8;-50;30;OK;20;-8.8;-50;30;OK;-8.8;-8.8;0;20;-8.8;-50;30;OK;236;246;236;699;OK;271.55;272.03;N/A;N/A;N/A;N/A;N/A;N/A;N/A;N/A;N/A;N/A;N/A;N/A;N/A;N/A;N/A;N/A;N/A;N/A;N/A;N/A;N/A;N/A;N/A;N/A;N/A;N/A;N/A;N/A;N/A;N/A;N/A;N/A;N/A;N/A;N/A;N/A;N/A;N/A;N/A;N/A;N/A;N/A;N/A;N/A;N/A;N/A;N/A;N/A;N/A;N/A;N/A;N/A;N/A;N/A;N/A;N/A;N/A;N/A;N/A;N/A;N/A;N/A;N/A;N/A;N/A;N/A;N/A;N/A;N/A;N/A;N/A;N/A;N/A;N/A;N/A;N/A;N/A;N/A;N/A;N/A;N/A;N/A;N/A;N/A;N/A;N/A;N/A;N/A;N/A;N/A;N/A;N/A;N/A;N/A;N/A;N/A;N/A;N/A;;0;340.4;0;0;;Disabled;TempStop;2;700;342.1;303;0;0;599.9;549.9;Disabled;PosNotOk;2;0;100;100;0;0;15;Disabled;0;0;0;0;0;0;0;0;0;0;0;0;0;0;0;0;0;0;0;0;0;0;0;0;0;0;0;0;0;0;0;0;0;0;0;0;0;0;0;0;0;0;0;0;0;0;0;0;0;0;0;0;0;0;0;0;0;0;0;0;0;0;0;0;0;0;0;0;0;0;30;24;20;45;30;24;20;45;30;30;20;45;30;30;20;45;200;0;100;300;200;0;100;300;200;128;100;300;200;128;100;300;30;26;20;45;30;27;20;45;30;31;20;45;30;30;20;45;200;0;100;300;200;0;100;300;200;52;100;300;200;53;100;300;4;1;0.4;6;4;6;0.4;6;4;1;0.4;6;4;6;0.4;6;4;1;0.4;6;4;6;0.4;6;4;1;0.4;6;4;6;0.4;6;NOK;NOK;OK;9000;9051;6500;9800;OK;8.78;0;7;12;NOK;N/A;2.17;N/A;N/A;N/A;9;8.9;7;18;OK;;0;0;0;-;Disabled;TempOk;2;230;36.2;52.4;0;0;349.9;440724000 gedia b-piller;440724000 gedia b-piller;440724000 Gedia B-Piller
20260326_13:26:39;0;4;3;900;904.1;750;1050;OK;900;911.4;750;1050;OK;910.8;911.3;20;-3.1;-50;30;OK;20;-3.1;-50;30;OK;-3.1;-3.1;0;20;-3.1;-50;30;OK;236;246;236;699;OK;271.72;272.2;N/A;N/A;N/A;N/A;N/A;N/A;N/A;N/A;N/A;N/A;N/A;N/A;N/A;N/A;N/A;N/A;N/A;N/A;N/A;N/A;N/A;N/A;N/A;N/A;N/A;N/A;N/A;N/A;N/A;N/A;N/A;N/A;N/A;N/A;N/A;N/A;N/A;N/A;N/A;N/A;N/A;N/A;N/A;N/A;N/A;N/A;N/A;N/A;N/A;N/A;N/A;N/A;N/A;N/A;N/A;N/A;N/A;N/A;N/A;N/A;N/A;N/A;N/A;N/A;N/A;N/A;N/A;N/A;N/A;N/A;N/A;N/A;N/A;N/A;N/A;N/A;N/A;N/A;N/A;N/A;N/A;N/A;N/A;N/A;N/A;N/A;N/A;N/A;N/A;N/A;N/A;N/A;N/A;N/A;N/A;N/A;N/A;N/A;;0;346.4;0;0;;Disabled;TempStop;2;700;348.2;309.9;0;0;599.9;549.9;Disabled;PosNotOk;2;0;100;100;0;0;15;Disabled;0;0;0;0;0;0;0;0;0;0;0;0;0;0;0;0;0;0;0;0;0;0;0;0;0;0;0;0;0;0;0;0;0;0;0;0;0;0;0;0;0;0;0;0;0;0;0;0;0;0;0;0;0;0;0;0;0;0;0;0;0;0;0;0;0;0;0;0;0;0;30;24;20;45;30;24;20;45;30;30;20;45;30;30;20;45;200;0;100;300;200;0;100;300;200;128;100;300;200;128;100;300;30;26;20;45;30;27;20;45;30;32;20;45;30;30;20;45;200;0;100;300;200;0;100;300;200;53;100;300;200;53;100;300;4;1;0.4;6;4;6;0.4;6;4;1;0.4;6;4;6;0.4;6;4;1;0.4;6;4;6;0.4;6;4;1;0.4;6;4;6;0.4;6;NOK;NOK;OK;9000;9056;6500;9800;OK;8.78;0;7;12;NOK;N/A;2.17;N/A;N/A;N/A;9;9.5;7;18;OK;;0;0;0;-;Disabled;TempOk;2;230;36.2;51.5;0;0;349.9;440724000 gedia b-piller;440724000 gedia b-piller;440724000 Gedia B-Piller
20260326_13:28:05;0;4;5;900;892.2;750;1050;OK;900;903.1;750;1050;OK;907.2;907.3;20;-4.5;-50;30;OK;20;-4.4;-50;30;OK;-4.4;-4.4;0;20;-4.5;-50;30;OK;236;246;236;699;OK;271.89;272.37;N/A;N/A;N/A;N/A;N/A;N/A;N/A;N/A;N/A;N/A;N/A;N/A;N/A;N/A;N/A;N/A;N/A;N/A;N/A;N/A;N/A;N/A;N/A;N/A;N/A;N/A;N/A;N/A;N/A;N/A;N/A;N/A;N/A;N/A;N/A;N/A;N/A;N/A;N/A;N/A;N/A;N/A;N/A;N/A;N/A;N/A;N/A;N/A;N/A;N/A;N/A;N/A;N/A;N/A;N/A;N/A;N/A;N/A;N/A;N/A;N/A;N/A;N/A;N/A;N/A;N/A;N/A;N/A;N/A;N/A;N/A;N/A;N/A;N/A;N/A;N/A;N/A;N/A;N/A;N/A;N/A;N/A;N/A;N/A;N/A;N/A;N/A;N/A;N/A;N/A;N/A;N/A;N/A;N/A;N/A;N/A;N/A;N/A;;0;342.8;0;0;;Disabled;TempStop;2;700;344.6;304.1;0;0;599.9;549.9;Disabled;PosNotOk;2;0;100;100;0;0;15;Disabled;0;0;0;0;0;0;0;0;0;0;0;0;0;0;0;0;0;0;0;0;0;0;0;0;0;0;0;0;0;0;0;0;0;0;0;0;0;0;0;0;0;0;0;0;0;0;0;0;0;0;0;0;0;0;0;0;0;0;0;0;0;0;0;0;0;0;0;0;0;0;30;24;20;45;30;24;20;45;30;31;20;45;30;30;20;45;200;0;100;300;200;0;100;300;200;128;100;300;200;128;100;300;30;26;20;45;30;27;20;45;30;32;20;45;30;30;20;45;200;0;100;300;200;0;100;300;200;53;100;300;200;53;100;300;4;1;0.4;6;4;6;0.4;6;4;1;0.4;6;4;6;0.4;6;4;1;0.4;6;4;6;0.4;6;4;1;0.4;6;4;6;0.4;6;NOK;NOK;OK;9000;9064;6500;9800;OK;8.79;0;7;12;NOK;N/A;2.17;N/A;N/A;N/A;9;9.5;7;18;OK;;0;0;0;-;Disabled;TempOk;2;230;35.7;52.2;0;0;349.9;440724000 gedia b-piller;440724000 gedia b-piller;440724000 Gedia B-Piller
20260326_13:29:31;0;4;1;900;899;750;1050;OK;900;906.7;750;1050;OK;905.6;907.2;20;-8.8;-50;30;OK;20;-8.8;-50;30;OK;-8.8;-8.8;0;20;-8.8;-50;30;OK;236;246;236;699;OK;272.06;272.54;N/A;N/A;N/A;N/A;N/A;N/A;N/A;N/A;N/A;N/A;N/A;N/A;N/A;N/A;N/A;N/A;N/A;N/A;N/A;N/A;N/A;N/A;N/A;N/A;N/A;N/A;N/A;N/A;N/A;N/A;N/A;N/A;N/A;N/A;N/A;N/A;N/A;N/A;N/A;N/A;N/A;N/A;N/A;N/A;N/A;N/A;N/A;N/A;N/A;N/A;N/A;N/A;N/A;N/A;N/A;N/A;N/A;N/A;N/A;N/A;N/A;N/A;N/A;N/A;N/A;N/A;N/A;N/A;N/A;N/A;N/A;N/A;N/A;N/A;N/A;N/A;N/A;N/A;N/A;N/A;N/A;N/A;N/A;N/A;N/A;N/A;N/A;N/A;N/A;N/A;N/A;N/A;N/A;N/A;N/A;N/A;N/A;N/A;;0;345.2;0;0;;Disabled;TempStop;2;700;346.9;307.3;0;0;599.9;549.9;Disabled;PosNotOk;2;0;100;100;0;0;15;Disabled;0;0;0;0;0;0;0;0;0;0;0;0;0;0;0;0;0;0;0;0;0;0;0;0;0;0;0;0;0;0;0;0;0;0;0;0;0;0;0;0;0;0;0;0;0;0;0;0;0;0;0;0;0;0;0;0;0;0;0;0;0;0;0;0;0;0;0;0;0;0;30;24;20;45;30;24;20;45;30;31;20;45;30;30;20;45;200;0;100;300;200;0;100;300;200;128;100;300;200;128;100;300;30;26;20;45;30;26;20;45;30;32;20;45;30;30;20;45;200;0;100;300;200;0;100;300;200;53;100;300;200;53;100;300;4;1;0.4;6;4;6;0.4;6;4;1;0.4;6;4;6;0.4;6;4;1;0.4;6;4;6;0.4;6;4;1;0.4;6;4;6;0.4;6;NOK;NOK;OK;9000;9067;6500;9800;OK;8.79;0;7;12;NOK;N/A;2.17;N/A;N/A;N/A;9;9.5;7;18;OK;;0;0;0;-;Disabled;TempOk;2;230;36.2;52.2;0;0;349.9;440724000 gedia b-piller;440724000 gedia b-piller;440724000 Gedia B-Piller
20260326_13:30:57;0;4;3;900;904;750;1050;OK;900;911.3;750;1050;OK;910.8;911;20;-3.1;-50;30;OK;20;-3.1;-50;30;OK;-3.1;-3.1;0;20;-3.1;-50;30;OK;236;246;236;699;OK;272.22;272.71;N/A;N/A;N/A;N/A;N/A;N/A;N/A;N/A;N/A;N/A;N/A;N/A;N/A;N/A;N/A;N/A;N/A;N/A;N/A;N/A;N/A;N/A;N/A;N/A;N/A;N/A;N/A;N/A;N/A;N/A;N/A;N/A;N/A;N/A;N/A;N/A;N/A;N/A;N/A;N/A;N/A;N/A;N/A;N/A;N/A;N/A;N/A;N/A;N/A;N/A;N/A;N/A;N/A;N/A;N/A;N/A;N/A;N/A;N/A;N/A;N/A;N/A;N/A;N/A;N/A;N/A;N/A;N/A;N/A;N/A;N/A;N/A;N/A;N/A;N/A;N/A;N/A;N/A;N/A;N/A;N/A;N/A;N/A;N/A;N/A;N/A;N/A;N/A;N/A;N/A;N/A;N/A;N/A;N/A;N/A;N/A;N/A;N/A;;0;347.4;0;0;;Disabled;TempStop;2;700;349.3;313.4;0;0;599.9;549.9;Disabled;PosNotOk;2;0;100;100;0;0;15;Disabled;0;0;0;0;0;0;0;0;0;0;0;0;0;0;0;0;0;0;0;0;0;0;0;0;0;0;0;0;0;0;0;0;0;0;0;0;0;0;0;0;0;0;0;0;0;0;0;0;0;0;0;0;0;0;0;0;0;0;0;0;0;0;0;0;0;0;0;0;0;0;30;24;20;45;30;24;20;45;30;31;20;45;30;30;20;45;200;0;100;300;200;0;100;300;200;128;100;300;200;127;100;300;30;26;20;45;30;27;20;45;30;32;20;45;30;30;20;45;200;0;100;300;200;0;100;300;200;53;100;300;200;53;100;300;4;1;0.4;6;4;6;0.4;6;4;1;0.4;6;4;6;0.4;6;4;1;0.4;6;4;6;0.4;6;4;1;0.4;6;4;6;0.4;6;NOK;NOK;OK;9000;9071;6500;9800;OK;8.79;0;7;12;NOK;N/A;2.17;N/A;N/A;N/A;9;9.6;7;18;OK;;0;0;0;-;Disabled;TempOk;2;230;36.2;51.3;0;0;349.9;440724000 gedia b-piller;440724000 gedia b-piller;440724000 Gedia B-Piller
20260326_13:32:22;0;4;5;900;894.1;750;1050;OK;900;905.7;750;1050;OK;907.9;907.6;20;-4.4;-50;30;OK;20;-4.4;-50;30;OK;-4.4;-4.4;0;20;-4.4;-50;30;OK;236;246;236;699;OK;272.39;272.88;N/A;N/A;N/A;N/A;N/A;N/A;N/A;N/A;N/A;N/A;N/A;N/A;N/A;N/A;N/A;N/A;N/A;N/A;N/A;N/A;N/A;N/A;N/A;N/A;N/A;N/A;N/A;N/A;N/A;N/A;N/A;N/A;N/A;N/A;N/A;N/A;N/A;N/A;N/A;N/A;N/A;N/A;N/A;N/A;N/A;N/A;N/A;N/A;N/A;N/A;N/A;N/A;N/A;N/A;N/A;N/A;N/A;N/A;N/A;N/A;N/A;N/A;N/A;N/A;N/A;N/A;N/A;N/A;N/A;N/A;N/A;N/A;N/A;N/A;N/A;N/A;N/A;N/A;N/A;N/A;N/A;N/A;N/A;N/A;N/A;N/A;N/A;N/A;N/A;N/A;N/A;N/A;N/A;N/A;N/A;N/A;N/A;N/A;;0;344.6;0;0;;Disabled;TempStop;2;700;346.5;306;0;0;599.9;549.9;Disabled;PosNotOk;2;0;100;100;0;0;15;Disabled;0;0;0;0;0;0;0;0;0;0;0;0;0;0;0;0;0;0;0;0;0;0;0;0;0;0;0;0;0;0;0;0;0;0;0;0;0;0;0;0;0;0;0;0;0;0;0;0;0;0;0;0;0;0;0;0;0;0;0;0;0;0;0;0;0;0;0;0;0;0;30;24;20;45;30;24;20;45;30;30;20;45;30;29;20;45;200;0;100;300;200;0;100;300;200;128;100;300;200;128;100;300;30;26;20;45;30;27;20;45;30;32;20;45;30;30;20;45;200;0;100;300;200;0;100;300;200;53;100;300;200;53;100;300;4;1;0.4;6;4;6;0.4;6;4;1;0.4;6;4;6;0.4;6;4;1;0.4;6;4;6;0.4;6;4;1;0.4;6;4;6;0.4;6;NOK;NOK;OK;9000;9056;6500;9800;OK;8.78;0;7;12;NOK;N/A;2.17;N/A;N/A;N/A;9;9.4;7;18;OK;;0;0;0;-;Disabled;TempOk;2;230;36.4;54.9;0;0;349.9;440724000 gedia b-piller;440724000 gedia b-piller;440724000 Gedia B-Piller
20260326_13:33:48;0;4;1;900;898;750;1050;OK;900;907;750;1050;OK;905.9;907.4;20;-8.8;-50;30;OK;20;-8.8;-50;30;OK;-8.8;-8.8;0;20;-8.8;-50;30;OK;236;246;236;699;OK;272.56;273.05;N/A;N/A;N/A;N/A;N/A;N/A;N/A;N/A;N/A;N/A;N/A;N/A;N/A;N/A;N/A;N/A;N/A;N/A;N/A;N/A;N/A;N/A;N/A;N/A;N/A;N/A;N/A;N/A;N/A;N/A;N/A;N/A;N/A;N/A;N/A;N/A;N/A;N/A;N/A;N/A;N/A;N/A;N/A;N/A;N/A;N/A;N/A;N/A;N/A;N/A;N/A;N/A;N/A;N/A;N/A;N/A;N/A;N/A;N/A;N/A;N/A;N/A;N/A;N/A;N/A;N/A;N/A;N/A;N/A;N/A;N/A;N/A;N/A;N/A;N/A;N/A;N/A;N/A;N/A;N/A;N/A;N/A;N/A;N/A;N/A;N/A;N/A;N/A;N/A;N/A;N/A;N/A;N/A;N/A;N/A;N/A;N/A;N/A;;0;342.6;0;0;;Disabled;TempStop;2;700;344.3;304.9;0;0;599.9;549.9;Disabled;PosNotOk;2;0;100;100;0;0;15;Disabled;0;0;0;0;0;0;0;0;0;0;0;0;0;0;0;0;0;0;0;0;0;0;0;0;0;0;0;0;0;0;0;0;0;0;0;0;0;0;0;0;0;0;0;0;0;0;0;0;0;0;0;0;0;0;0;0;0;0;0;0;0;0;0;0;0;0;0;0;0;0;30;24;20;45;30;24;20;45;30;30;20;45;30;30;20;45;200;0;100;300;200;0;100;300;200;128;100;300;200;128;100;300;30;26;20;45;30;26;20;45;30;32;20;45;30;30;20;45;200;1;100;300;200;0;100;300;200;53;100;300;200;53;100;300;4;1;0.4;6;4;6;0.4;6;4;1;0.4;6;4;6;0.4;6;4;1;0.4;6;4;6;0.4;6;4;1;0.4;6;4;6;0.4;6;NOK;NOK;OK;9000;9051;6500;9800;OK;8.78;0;7;12;NOK;N/A;2.17;N/A;N/A;N/A;9;9.4;7;18;OK;;0;0;0;-;Disabled;TempOk;2;230;36.2;52.9;0;0;349.9;440724000 gedia b-piller;440724000 gedia b-piller;440724000 Gedia B-Piller
20260326_13:35:14;0;4;3;900;904.7;750;1050;OK;900;911.4;750;1050;OK;910.7;911.1;20;-3.1;-50;30;OK;20;-3.1;-50;30;OK;-3.1;-3.1;0;20;-3.1;-50;30;OK;236;246;236;699;OK;272.73;273.22;N/A;N/A;N/A;N/A;N/A;N/A;N/A;N/A;N/A;N/A;N/A;N/A;N/A;N/A;N/A;N/A;N/A;N/A;N/A;N/A;N/A;N/A;N/A;N/A;N/A;N/A;N/A;N/A;N/A;N/A;N/A;N/A;N/A;N/A;N/A;N/A;N/A;N/A;N/A;N/A;N/A;N/A;N/A;N/A;N/A;N/A;N/A;N/A;N/A;N/A;N/A;N/A;N/A;N/A;N/A;N/A;N/A;N/A;N/A;N/A;N/A;N/A;N/A;N/A;N/A;N/A;N/A;N/A;N/A;N/A;N/A;N/A;N/A;N/A;N/A;N/A;N/A;N/A;N/A;N/A;N/A;N/A;N/A;N/A;N/A;N/A;N/A;N/A;N/A;N/A;N/A;N/A;N/A;N/A;N/A;N/A;N/A;N/A;;0;344;0;0;;Disabled;TempStop;2;700;345.7;306.6;0;0;599.9;549.9;Disabled;PosNotOk;2;0;100;100;0;0;15;Disabled;0;0;0;0;0;0;0;0;0;0;0;0;0;0;0;0;0;0;0;0;0;0;0;0;0;0;0;0;0;0;0;0;0;0;0;0;0;0;0;0;0;0;0;0;0;0;0;0;0;0;0;0;0;0;0;0;0;0;0;0;0;0;0;0;0;0;0;0;0;0;30;24;20;45;30;24;20;45;30;30;20;45;30;30;20;45;200;0;100;300;200;0;100;300;200;128;100;300;200;128;100;300;30;26;20;45;30;26;20;45;30;32;20;45;30;30;20;45;200;0;100;300;200;0;100;300;200;52;100;300;200;53;100;300;4;1;0.4;6;4;6;0.4;6;4;1;0.4;6;4;6;0.4;6;4;1;0.4;6;4;6;0.4;6;4;1;0.4;6;4;6;0.4;6;NOK;NOK;OK;9000;9068;6500;9800;OK;8.79;0;7;12;NOK;N/A;2.17;N/A;N/A;N/A;9;9.4;7;18;OK;;0;0;0;-;Disabled;TempOk;2;230;35.9;51.7;0;0;349.9;440724000 gedia b-piller;440724000 gedia b-piller;440724000 Gedia B-Piller
20260326_13:36:40;0;4;5;900;896.4;750;1050;OK;900;906.7;750;1050;OK;910.5;909.9;20;-4.4;-50;30;OK;20;-4.4;-50;30;OK;-4.4;-4.4;0;20;-4.4;-50;30;OK;236;246;236;699;OK;272.9;273.39;N/A;N/A;N/A;N/A;N/A;N/A;N/A;N/A;N/A;N/A;N/A;N/A;N/A;N/A;N/A;N/A;N/A;N/A;N/A;N/A;N/A;N/A;N/A;N/A;N/A;N/A;N/A;N/A;N/A;N/A;N/A;N/A;N/A;N/A;N/A;N/A;N/A;N/A;N/A;N/A;N/A;N/A;N/A;N/A;N/A;N/A;N/A;N/A;N/A;N/A;N/A;N/A;N/A;N/A;N/A;N/A;N/A;N/A;N/A;N/A;N/A;N/A;N/A;N/A;N/A;N/A;N/A;N/A;N/A;N/A;N/A;N/A;N/A;N/A;N/A;N/A;N/A;N/A;N/A;N/A;N/A;N/A;N/A;N/A;N/A;N/A;N/A;N/A;N/A;N/A;N/A;N/A;N/A;N/A;N/A;N/A;N/A;N/A;;0;342.5;0;0;;Disabled;TempStop;2;700;344.4;303.7;0;0;599.9;549.9;Disabled;PosNotOk;2;0;100;100;0;0;15;Disabled;0;0;0;0;0;0;0;0;0;0;0;0;0;0;0;0;0;0;0;0;0;0;0;0;0;0;0;0;0;0;0;0;0;0;0;0;0;0;0;0;0;0;0;0;0;0;0;0;0;0;0;0;0;0;0;0;0;0;0;0;0;0;0;0;0;0;0;0;0;0;30;24;20;45;30;24;20;45;30;30;20;45;30;30;20;45;200;0;100;300;200;0;100;300;200;128;100;300;200;128;100;300;30;26;20;45;30;27;20;45;30;32;20;45;30;30;20;45;200;0;100;300;200;0;100;300;200;53;100;300;200;53;100;300;4;1;0.4;6;4;6;0.4;6;4;1;0.4;6;4;6;0.4;6;4;1;0.4;6;4;6;0.4;6;4;1;0.4;6;4;6;0.4;6;NOK;NOK;OK;9000;9073;6500;9800;OK;8.79;0;7;12;NOK;N/A;2.17;N/A;N/A;N/A;9;9.5;7;18;OK;;0;0;0;-;Disabled;TempOk;2;230;36.7;55.7;0;0;349.9;440724000 gedia b-piller;440724000 gedia b-piller;440724000 Gedia B-Piller
20260326_13:38:06;0;4;1;900;898.3;750;1050;OK;900;907.3;750;1050;OK;906.3;907.5;20;-8.8;-50;30;OK;20;-8.8;-50;30;OK;-8.8;-8.8;0;20;-8.8;-50;30;OK;236;246;236;699;OK;273.07;273.56;N/A;N/A;N/A;N/A;N/A;N/A;N/A;N/A;N/A;N/A;N/A;N/A;N/A;N/A;N/A;N/A;N/A;N/A;N/A;N/A;N/A;N/A;N/A;N/A;N/A;N/A;N/A;N/A;N/A;N/A;N/A;N/A;N/A;N/A;N/A;N/A;N/A;N/A;N/A;N/A;N/A;N/A;N/A;N/A;N/A;N/A;N/A;N/A;N/A;N/A;N/A;N/A;N/A;N/A;N/A;N/A;N/A;N/A;N/A;N/A;N/A;N/A;N/A;N/A;N/A;N/A;N/A;N/A;N/A;N/A;N/A;N/A;N/A;N/A;N/A;N/A;N/A;N/A;N/A;N/A;N/A;N/A;N/A;N/A;N/A;N/A;N/A;N/A;N/A;N/A;N/A;N/A;N/A;N/A;N/A;N/A;N/A;N/A;;0;345.6;0;0;;Disabled;TempStop;2;700;347.6;313.2;0;0;599.9;549.9;Disabled;PosNotOk;2;0;100;100;0;0;15;Disabled;0;0;0;0;0;0;0;0;0;0;0;0;0;0;0;0;0;0;0;0;0;0;0;0;0;0;0;0;0;0;0;0;0;0;0;0;0;0;0;0;0;0;0;0;0;0;0;0;0;0;0;0;0;0;0;0;0;0;0;0;0;0;0;0;0;0;0;0;0;0;30;24;20;45;30;24;20;45;30;30;20;45;30;30;20;45;200;0;100;300;200;0;100;300;200;128;100;300;200;128;100;300;30;26;20;45;30;26;20;45;30;32;20;45;30;30;20;45;200;0;100;300;200;0;100;300;200;53;100;300;200;52;100;300;4;1;0.4;6;4;6;0.4;6;4;1;0.4;6;4;6;0.4;6;4;1;0.4;6;4;6;0.4;6;4;1;0.4;6;4;6;0.4;6;NOK;NOK;OK;9000;9071;6500;9800;OK;8.79;0;7;12;NOK;N/A;2.17;N/A;N/A;N/A;9;9.4;7;18;OK;;0;0;0;-;Disabled;TempOk;2;230;36.7;52.4;0;0;349.9;440724000 gedia b-piller;440724000 gedia b-piller;440724000 Gedia B-Piller
20260326_13:39:32;0;4;3;900;904.5;750;1050;OK;900;911.8;750;1050;OK;911.2;911.5;20;-3.1;-50;30;OK;20;-3.1;-50;30;OK;-3.1;-3.1;0;20;-3.1;-50;30;OK;236;246;236;699;OK;273.24;273.73;N/A;N/A;N/A;N/A;N/A;N/A;N/A;N/A;N/A;N/A;N/A;N/A;N/A;N/A;N/A;N/A;N/A;N/A;N/A;N/A;N/A;N/A;N/A;N/A;N/A;N/A;N/A;N/A;N/A;N/A;N/A;N/A;N/A;N/A;N/A;N/A;N/A;N/A;N/A;N/A;N/A;N/A;N/A;N/A;N/A;N/A;N/A;N/A;N/A;N/A;N/A;N/A;N/A;N/A;N/A;N/A;N/A;N/A;N/A;N/A;N/A;N/A;N/A;N/A;N/A;N/A;N/A;N/A;N/A;N/A;N/A;N/A;N/A;N/A;N/A;N/A;N/A;N/A;N/A;N/A;N/A;N/A;N/A;N/A;N/A;N/A;N/A;N/A;N/A;N/A;N/A;N/A;N/A;N/A;N/A;N/A;N/A;N/A;;0;347;0;0;;Disabled;TempStop;2;700;348.9;310.1;0;0;599.9;549.9;Disabled;PosNotOk;2;0;100;100;0;0;15;Disabled;0;0;0;0;0;0;0;0;0;0;0;0;0;0;0;0;0;0;0;0;0;0;0;0;0;0;0;0;0;0;0;0;0;0;0;0;0;0;0;0;0;0;0;0;0;0;0;0;0;0;0;0;0;0;0;0;0;0;0;0;0;0;0;0;0;0;0;0;0;0;30;24;20;45;30;24;20;45;30;30;20;45;30;30;20;45;200;0;100;300;200;0;100;300;200;128;100;300;200;128;100;300;30;26;20;45;30;26;20;45;30;32;20;45;30;30;20;45;200;0;100;300;200;0;100;300;200;52;100;300;200;52;100;300;4;1;0.4;6;4;6;0.4;6;4;1;0.4;6;4;6;0.4;6;4;1;0.4;6;4;6;0.4;6;4;1;0.4;6;4;6;0.4;6;NOK;NOK;OK;9000;9046;6500;9800;OK;8.78;0;7;12;NOK;N/A;2.17;N/A;N/A;N/A;9;9.5;7;18;OK;;0;0;0;-;Disabled;TempOk;2;230;35.9;51.1;0;0;349.9;440724000 gedia b-piller;440724000 gedia b-piller;440724000 Gedia B-Piller
20260326_13:40:57;0;4;5;900;896.7;750;1050;OK;900;907.1;750;1050;OK;910.9;909.5;20;-4.3;-50;30;OK;20;-4.3;-50;30;OK;-4.3;-4.3;0;20;-4.3;-50;30;OK;236;246;236;699;OK;273.41;273.89;N/A;N/A;N/A;N/A;N/A;N/A;N/A;N/A;N/A;N/A;N/A;N/A;N/A;N/A;N/A;N/A;N/A;N/A;N/A;N/A;N/A;N/A;N/A;N/A;N/A;N/A;N/A;N/A;N/A;N/A;N/A;N/A;N/A;N/A;N/A;N/A;N/A;N/A;N/A;N/A;N/A;N/A;N/A;N/A;N/A;N/A;N/A;N/A;N/A;N/A;N/A;N/A;N/A;N/A;N/A;N/A;N/A;N/A;N/A;N/A;N/A;N/A;N/A;N/A;N/A;N/A;N/A;N/A;N/A;N/A;N/A;N/A;N/A;N/A;N/A;N/A;N/A;N/A;N/A;N/A;N/A;N/A;N/A;N/A;N/A;N/A;N/A;N/A;N/A;N/A;N/A;N/A;N/A;N/A;N/A;N/A;N/A;N/A;;0;341.6;0;0;;Disabled;TempStop;2;700;343.4;302.6;0;0;599.9;549.9;Disabled;PosNotOk;2;0;100;100;0;0;15;Disabled;0;0;0;0;0;0;0;0;0;0;0;0;0;0;0;0;0;0;0;0;0;0;0;0;0;0;0;0;0;0;0;0;0;0;0;0;0;0;0;0;0;0;0;0;0;0;0;0;0;0;0;0;0;0;0;0;0;0;0;0;0;0;0;0;0;0;0;0;0;0;30;24;20;45;30;24;20;45;30;31;20;45;30;30;20;45;200;0;100;300;200;0;100;300;200;129;100;300;200;128;100;300;30;26;20;45;30;26;20;45;30;32;20;45;30;30;20;45;200;0;100;300;200;0;100;300;200;53;100;300;200;53;100;300;4;1;0.4;6;4;6;0.4;6;4;1;0.4;6;4;6;0.4;6;4;1;0.4;6;4;6;0.4;6;4;1;0.4;6;4;6;0.4;6;NOK;NOK;OK;9000;9040;6500;9800;OK;8.78;0;7;12;NOK;N/A;2.17;N/A;N/A;N/A;9;9.5;7;18;OK;;0;0;0;-;Disabled;TempOk;2;230;36.4;54.7;0;0;349.9;440724000 gedia b-piller;440724000 gedia b-piller;440724000 Gedia B-Piller
20260326_13:42:23;0;4;1;900;898.9;750;1050;OK;900;907.6;750;1050;OK;906.7;907.9;20;-8.8;-50;30;OK;20;-8.8;-50;30;OK;-8.8;-8.8;0;20;-8.8;-50;30;OK;236;246;236;699;OK;273.58;274.06;N/A;N/A;N/A;N/A;N/A;N/A;N/A;N/A;N/A;N/A;N/A;N/A;N/A;N/A;N/A;N/A;N/A;N/A;N/A;N/A;N/A;N/A;N/A;N/A;N/A;N/A;N/A;N/A;N/A;N/A;N/A;N/A;N/A;N/A;N/A;N/A;N/A;N/A;N/A;N/A;N/A;N/A;N/A;N/A;N/A;N/A;N/A;N/A;N/A;N/A;N/A;N/A;N/A;N/A;N/A;N/A;N/A;N/A;N/A;N/A;N/A;N/A;N/A;N/A;N/A;N/A;N/A;N/A;N/A;N/A;N/A;N/A;N/A;N/A;N/A;N/A;N/A;N/A;N/A;N/A;N/A;N/A;N/A;N/A;N/A;N/A;N/A;N/A;N/A;N/A;N/A;N/A;N/A;N/A;N/A;N/A;N/A;N/A;;0;342.2;0;0;;Disabled;TempStop;2;700;343.9;304.6;0;0;599.9;549.9;Disabled;PosNotOk;2;0;100;100;0;0;15;Disabled;0;0;0;0;0;0;0;0;0;0;0;0;0;0;0;0;0;0;0;0;0;0;0;0;0;0;0;0;0;0;0;0;0;0;0;0;0;0;0;0;0;0;0;0;0;0;0;0;0;0;0;0;0;0;0;0;0;0;0;0;0;0;0;0;0;0;0;0;0;0;30;24;20;45;30;24;20;45;30;31;20;45;30;30;20;45;200;0;100;300;200;0;100;300;200;128;100;300;200;128;100;300;30;26;20;45;30;26;20;45;30;32;20;45;30;30;20;45;200;0;100;300;200;0;100;300;200;53;100;300;200;53;100;300;4;1;0.4;6;4;6;0.4;6;4;1;0.4;6;4;6;0.4;6;4;1;0.4;6;4;6;0.4;6;4;1;0.4;6;4;6;0.4;6;NOK;NOK;OK;9000;9054;6500;9800;OK;8.79;0;7;12;NOK;N/A;2.17;N/A;N/A;N/A;9;9.5;7;18;OK;;0;0;0;-;Disabled;TempOk;2;230;36.2;55.1;0;0;349.9;440724000 gedia b-piller;440724000 gedia b-piller;440724000 Gedia B-Piller
20260326_13:43:49;0;4;3;900;905.3;750;1050;OK;900;912.1;750;1050;OK;911.3;911.7;20;-3.1;-50;30;OK;20;-3;-50;30;OK;-3;-3;0;20;-3.1;-50;30;OK;236;246;236;699;OK;273.75;274.23;N/A;N/A;N/A;N/A;N/A;N/A;N/A;N/A;N/A;N/A;N/A;N/A;N/A;N/A;N/A;N/A;N/A;N/A;N/A;N/A;N/A;N/A;N/A;N/A;N/A;N/A;N/A;N/A;N/A;N/A;N/A;N/A;N/A;N/A;N/A;N/A;N/A;N/A;N/A;N/A;N/A;N/A;N/A;N/A;N/A;N/A;N/A;N/A;N/A;N/A;N/A;N/A;N/A;N/A;N/A;N/A;N/A;N/A;N/A;N/A;N/A;N/A;N/A;N/A;N/A;N/A;N/A;N/A;N/A;N/A;N/A;N/A;N/A;N/A;N/A;N/A;N/A;N/A;N/A;N/A;N/A;N/A;N/A;N/A;N/A;N/A;N/A;N/A;N/A;N/A;N/A;N/A;N/A;N/A;N/A;N/A;N/A;N/A;;0;344.4;0;0;;Disabled;TempStop;2;700;346.1;306.2;0;0;599.9;549.9;Disabled;PosNotOk;2;0;100;100;0;0;15;Disabled;0;0;0;0;0;0;0;0;0;0;0;0;0;0;0;0;0;0;0;0;0;0;0;0;0;0;0;0;0;0;0;0;0;0;0;0;0;0;0;0;0;0;0;0;0;0;0;0;0;0;0;0;0;0;0;0;0;0;0;0;0;0;0;0;0;0;0;0;0;0;30;24;20;45;30;24;20;45;30;31;20;45;30;30;20;45;200;0;100;300;200;0;100;300;200;128;100;300;200;128;100;300;30;26;20;45;30;26;20;45;30;32;20;45;30;30;20;45;200;0;100;300;200;0;100;300;200;53;100;300;200;53;100;300;4;1;0.4;6;4;6;0.4;6;4;1;0.4;6;4;6;0.4;6;4;1;0.4;6;4;6;0.4;6;4;1;0.4;6;4;6;0.4;6;NOK;NOK;OK;9000;9068;6500;9800;OK;8.79;0;7;12;NOK;N/A;2.17;N/A;N/A;N/A;9;9.4;7;18;OK;;0;0;0;-;Disabled;TempOk;2;230;36.4;52.7;0;0;349.9;440724000 gedia b-piller;440724000 gedia b-piller;440724000 Gedia B-Piller
20260326_13:45:15;0;4;5;900;897.7;750;1050;OK;900;908.8;750;1050;OK;912.3;911.5;20;-4.3;-50;30;OK;20;-4.3;-50;30;OK;-4.3;-4.3;0;20;-4.3;-50;30;OK;236;246;236;699;OK;273.92;274.4;N/A;N/A;N/A;N/A;N/A;N/A;N/A;N/A;N/A;N/A;N/A;N/A;N/A;N/A;N/A;N/A;N/A;N/A;N/A;N/A;N/A;N/A;N/A;N/A;N/A;N/A;N/A;N/A;N/A;N/A;N/A;N/A;N/A;N/A;N/A;N/A;N/A;N/A;N/A;N/A;N/A;N/A;N/A;N/A;N/A;N/A;N/A;N/A;N/A;N/A;N/A;N/A;N/A;N/A;N/A;N/A;N/A;N/A;N/A;N/A;N/A;N/A;N/A;N/A;N/A;N/A;N/A;N/A;N/A;N/A;N/A;N/A;N/A;N/A;N/A;N/A;N/A;N/A;N/A;N/A;N/A;N/A;N/A;N/A;N/A;N/A;N/A;N/A;N/A;N/A;N/A;N/A;N/A;N/A;N/A;N/A;N/A;N/A;;0;340.4;0;0;;Disabled;TempStop;2;700;342.2;300.4;0;0;599.9;549.9;Disabled;PosNotOk;2;0;100;100;0;0;15;Disabled;0;0;0;0;0;0;0;0;0;0;0;0;0;0;0;0;0;0;0;0;0;0;0;0;0;0;0;0;0;0;0;0;0;0;0;0;0;0;0;0;0;0;0;0;0;0;0;0;0;0;0;0;0;0;0;0;0;0;0;0;0;0;0;0;0;0;0;0;0;0;30;24;20;45;30;24;20;45;30;31;20;45;30;30;20;45;200;0;100;300;200;0;100;300;200;128;100;300;200;128;100;300;30;26;20;45;30;26;20;45;30;32;20;45;30;30;20;45;200;0;100;300;200;0;100;300;200;53;100;300;200;53;100;300;4;1;0.4;6;4;6;0.4;6;4;1;0.4;6;4;6;0.4;6;4;1;0.4;6;4;6;0.4;6;4;1;0.4;6;4;6;0.4;6;NOK;NOK;OK;9000;9055;6500;9800;OK;8.79;0;7;12;NOK;N/A;2.17;N/A;N/A;N/A;9;9.6;7;18;OK;;0;0;0;-;Disabled;TempOk;2;230;36.7;55.7;0;0;349.9;440724000 gedia b-piller;440724000 gedia b-piller;440724000 Gedia B-Piller
20260326_13:46:41;0;4;1;900;898.1;750;1050;OK;900;908.1;750;1050;OK;906.9;908.2;20;-8.8;-50;30;OK;20;-8.8;-50;30;OK;-8.8;-8.8;0;20;-8.8;-50;30;OK;236;246;236;699;OK;274.09;274.57;N/A;N/A;N/A;N/A;N/A;N/A;N/A;N/A;N/A;N/A;N/A;N/A;N/A;N/A;N/A;N/A;N/A;N/A;N/A;N/A;N/A;N/A;N/A;N/A;N/A;N/A;N/A;N/A;N/A;N/A;N/A;N/A;N/A;N/A;N/A;N/A;N/A;N/A;N/A;N/A;N/A;N/A;N/A;N/A;N/A;N/A;N/A;N/A;N/A;N/A;N/A;N/A;N/A;N/A;N/A;N/A;N/A;N/A;N/A;N/A;N/A;N/A;N/A;N/A;N/A;N/A;N/A;N/A;N/A;N/A;N/A;N/A;N/A;N/A;N/A;N/A;N/A;N/A;N/A;N/A;N/A;N/A;N/A;N/A;N/A;N/A;N/A;N/A;N/A;N/A;N/A;N/A;N/A;N/A;N/A;N/A;N/A;N/A;;0;342.7;0;0;;Disabled;TempStop;2;700;344.5;304.5;0;0;599.9;549.9;Disabled;PosNotOk;2;0;100;100;0;0;15;Disabled;0;0;0;0;0;0;0;0;0;0;0;0;0;0;0;0;0;0;0;0;0;0;0;0;0;0;0;0;0;0;0;0;0;0;0;0;0;0;0;0;0;0;0;0;0;0;0;0;0;0;0;0;0;0;0;0;0;0;0;0;0;0;0;0;0;0;0;0;0;0;30;24;20;45;30;24;20;45;30;30;20;45;30;30;20;45;200;0;100;300;200;0;100;300;200;129;100;300;200;128;100;300;30;26;20;45;30;27;20;45;30;32;20;45;30;30;20;45;200;0;100;300;200;0;100;300;200;53;100;300;200;53;100;300;4;1;0.4;6;4;6;0.4;6;4;1;0.4;6;4;6;0.4;6;4;1;0.4;6;4;6;0.4;6;4;1;0.4;6;4;6;0.4;6;NOK;NOK;OK;9000;9064;6500;9800;OK;8.79;0;7;12;NOK;N/A;2.17;N/A;N/A;N/A;9;9.6;7;18;OK;;0;0;0;-;Disabled;TempOk;2;230;36.4;53.9;0;0;349.9;440724000 gedia b-piller;440724000 gedia b-piller;440724000 Gedia B-Piller
20260326_13:48:06;0;4;3;900;905.3;750;1050;OK;900;912.5;750;1050;OK;911.5;912;20;-3.1;-50;30;OK;20;-3;-50;30;OK;-3.1;-3;0;20;-3.1;-50;30;OK;236;246;236;699;OK;274.25;274.74;N/A;N/A;N/A;N/A;N/A;N/A;N/A;N/A;N/A;N/A;N/A;N/A;N/A;N/A;N/A;N/A;N/A;N/A;N/A;N/A;N/A;N/A;N/A;N/A;N/A;N/A;N/A;N/A;N/A;N/A;N/A;N/A;N/A;N/A;N/A;N/A;N/A;N/A;N/A;N/A;N/A;N/A;N/A;N/A;N/A;N/A;N/A;N/A;N/A;N/A;N/A;N/A;N/A;N/A;N/A;N/A;N/A;N/A;N/A;N/A;N/A;N/A;N/A;N/A;N/A;N/A;N/A;N/A;N/A;N/A;N/A;N/A;N/A;N/A;N/A;N/A;N/A;N/A;N/A;N/A;N/A;N/A;N/A;N/A;N/A;N/A;N/A;N/A;N/A;N/A;N/A;N/A;N/A;N/A;N/A;N/A;N/A;N/A;;0;347.6;0;0;;Disabled;TempStop;2;700;349.4;311.4;0;0;599.9;549.9;Disabled;PosNotOk;2;0;100;100;0;0;15;Disabled;0;0;0;0;0;0;0;0;0;0;0;0;0;0;0;0;0;0;0;0;0;0;0;0;0;0;0;0;0;0;0;0;0;0;0;0;0;0;0;0;0;0;0;0;0;0;0;0;0;0;0;0;0;0;0;0;0;0;0;0;0;0;0;0;0;0;0;0;0;0;30;24;20;45;30;24;20;45;30;31;20;45;30;30;20;45;200;0;100;300;200;0;100;300;200;128;100;300;200;128;100;300;30;26;20;45;30;26;20;45;30;32;20;45;30;30;20;45;200;0;100;300;200;0;100;300;200;53;100;300;200;53;100;300;4;1;0.4;6;4;6;0.4;6;4;1;0.4;6;4;6;0.4;6;4;1;0.4;6;4;6;0.4;6;4;1;0.4;6;4;6;0.4;6;NOK;NOK;OK;9000;9057;6500;9800;OK;8.79;0;7;12;NOK;N/A;2.17;N/A;N/A;N/A;9;9.7;7;18;OK;;0;0;0;-;Disabled;TempOk;2;230;36.4;52.7;0;0;349.9;440724000 gedia b-piller;440724000 gedia b-piller;440724000 Gedia B-Piller
20260326_13:49:32;0;4;5;900;899;750;1050;OK;900;910.3;750;1050;OK;914;911.4;20;-4.3;-50;30;OK;20;-4.3;-50;30;OK;-4.3;-4.3;0;20;-4.3;-50;30;OK;236;246;236;699;OK;274.42;274.91;N/A;N/A;N/A;N/A;N/A;N/A;N/A;N/A;N/A;N/A;N/A;N/A;N/A;N/A;N/A;N/A;N/A;N/A;N/A;N/A;N/A;N/A;N/A;N/A;N/A;N/A;N/A;N/A;N/A;N/A;N/A;N/A;N/A;N/A;N/A;N/A;N/A;N/A;N/A;N/A;N/A;N/A;N/A;N/A;N/A;N/A;N/A;N/A;N/A;N/A;N/A;N/A;N/A;N/A;N/A;N/A;N/A;N/A;N/A;N/A;N/A;N/A;N/A;N/A;N/A;N/A;N/A;N/A;N/A;N/A;N/A;N/A;N/A;N/A;N/A;N/A;N/A;N/A;N/A;N/A;N/A;N/A;N/A;N/A;N/A;N/A;N/A;N/A;N/A;N/A;N/A;N/A;N/A;N/A;N/A;N/A;N/A;N/A;;0;339;0;0;;Disabled;TempStop;2;700;340.8;300;0;0;599.9;549.9;Disabled;PosNotOk;2;0;100;100;0;0;15;Disabled;0;0;0;0;0;0;0;0;0;0;0;0;0;0;0;0;0;0;0;0;0;0;0;0;0;0;0;0;0;0;0;0;0;0;0;0;0;0;0;0;0;0;0;0;0;0;0;0;0;0;0;0;0;0;0;0;0;0;0;0;0;0;0;0;0;0;0;0;0;0;30;24;20;45;30;24;20;45;30;30;20;45;30;30;20;45;200;0;100;300;200;0;100;300;200;128;100;300;200;128;100;300;30;26;20;45;30;27;20;45;30;32;20;45;30;30;20;45;200;0;100;300;200;0;100;300;200;53;100;300;200;52;100;300;4;1;0.4;6;4;6;0.4;6;4;1;0.4;6;4;6;0.4;6;4;1;0.4;6;4;6;0.4;6;4;1;0.4;6;4;6;0.4;6;NOK;NOK;OK;9000;9063;6500;9800;OK;8.79;0;7;12;NOK;N/A;2.17;N/A;N/A;N/A;9;9.5;7;18;OK;;0;0;0;-;Disabled;TempOk;2;230;36.2;54.7;0;0;349.9;440724000 gedia b-piller;440724000 gedia b-piller;440724000 Gedia B-Piller
20260326_13:50:58;0;4;1;900;900.3;750;1050;OK;900;908.9;750;1050;OK;907.3;908.8;20;-8.8;-50;30;OK;20;-8.8;-50;30;OK;-8.8;-8.8;0;20;-8.8;-50;30;OK;236;246;236;699;OK;274.59;275.05;N/A;N/A;N/A;N/A;N/A;N/A;N/A;N/A;N/A;N/A;N/A;N/A;N/A;N/A;N/A;N/A;N/A;N/A;N/A;N/A;N/A;N/A;N/A;N/A;N/A;N/A;N/A;N/A;N/A;N/A;N/A;N/A;N/A;N/A;N/A;N/A;N/A;N/A;N/A;N/A;N/A;N/A;N/A;N/A;N/A;N/A;N/A;N/A;N/A;N/A;N/A;N/A;N/A;N/A;N/A;N/A;N/A;N/A;N/A;N/A;N/A;N/A;N/A;N/A;N/A;N/A;N/A;N/A;N/A;N/A;N/A;N/A;N/A;N/A;N/A;N/A;N/A;N/A;N/A;N/A;N/A;N/A;N/A;N/A;N/A;N/A;N/A;N/A;N/A;N/A;N/A;N/A;N/A;N/A;N/A;N/A;N/A;N/A;;0;343.7;0;0;;Disabled;TempStop;2;700;345.6;306.2;0;0;599.9;549.9;Disabled;PosNotOk;2;0;100;100;0;0;15;Disabled;0;0;0;0;0;0;0;0;0;0;0;0;0;0;0;0;0;0;0;0;0;0;0;0;0;0;0;0;0;0;0;0;0;0;0;0;0;0;0;0;0;0;0;0;0;0;0;0;0;0;0;0;0;0;0;0;0;0;0;0;0;0;0;0;0;0;0;0;0;0;30;24;20;45;30;24;20;45;30;31;20;45;30;30;20;45;200;0;100;300;200;0;100;300;200;128;100;300;200;128;100;300;30;26;20;45;30;26;20;45;30;32;20;45;30;30;20;45;200;0;100;300;200;0;100;300;200;52;100;300;200;52;100;300;4;1;0.4;6;4;6;0.4;6;4;1;0.4;6;4;6;0.4;6;4;1;0.4;6;4;6;0.4;6;4;1;0.4;6;4;6;0.4;6;NOK;NOK;OK;9000;9051;6500;9800;OK;8.79;0;7;12;NOK;N/A;2.17;N/A;N/A;N/A;9;9.1;7;18;OK;;0;0;0;-;Disabled;TempOk;2;230;36.4;53.1;0;0;349.9;440724000 gedia b-piller;440724000 gedia b-piller;440724000 Gedia B-Piller
20260326_13:52:24;0;4;3;900;905.8;750;1050;OK;900;913;750;1050;OK;911.6;912.4;20;-3;-50;30;OK;20;-3;-50;30;OK;-3;-3;0;20;-3;-50;30;OK;236;246;236;699;OK;274.76;275.18;N/A;N/A;N/A;N/A;N/A;N/A;N/A;N/A;N/A;N/A;N/A;N/A;N/A;N/A;N/A;N/A;N/A;N/A;N/A;N/A;N/A;N/A;N/A;N/A;N/A;N/A;N/A;N/A;N/A;N/A;N/A;N/A;N/A;N/A;N/A;N/A;N/A;N/A;N/A;N/A;N/A;N/A;N/A;N/A;N/A;N/A;N/A;N/A;N/A;N/A;N/A;N/A;N/A;N/A;N/A;N/A;N/A;N/A;N/A;N/A;N/A;N/A;N/A;N/A;N/A;N/A;N/A;N/A;N/A;N/A;N/A;N/A;N/A;N/A;N/A;N/A;N/A;N/A;N/A;N/A;N/A;N/A;N/A;N/A;N/A;N/A;N/A;N/A;N/A;N/A;N/A;N/A;N/A;N/A;N/A;N/A;N/A;N/A;;0;341.1;0;0;;Disabled;TempStop;2;700;342.7;303.7;0;0;599.9;549.9;Disabled;PosNotOk;2;0;100;100;0;0;15;Disabled;0;0;0;0;0;0;0;0;0;0;0;0;0;0;0;0;0;0;0;0;0;0;0;0;0;0;0;0;0;0;0;0;0;0;0;0;0;0;0;0;0;0;0;0;0;0;0;0;0;0;0;0;0;0;0;0;0;0;0;0;0;0;0;0;0;0;0;0;0;0;30;24;20;45;30;24;20;45;30;30;20;45;30;30;20;45;200;0;100;300;200;0;100;300;200;128;100;300;200;127;100;300;30;26;20;45;30;26;20;45;30;32;20;45;30;30;20;45;200;0;100;300;200;0;100;300;200;53;100;300;200;53;100;300;4;1;0.4;6;4;6;0.4;6;4;1;0.4;6;4;6;0.4;6;4;1;0.4;6;4;6;0.4;6;4;1;0.4;6;4;6;0.4;6;NOK;NOK;OK;9000;9044;6500;9800;OK;8.78;0;7;12;NOK;N/A;2.17;N/A;N/A;N/A;9;9.5;7;18;OK;;0;0;0;-;Disabled;TempOk;2;230;36.4;52.4;0;0;349.9;440724000 gedia b-piller;440724000 gedia b-piller;440724000 Gedia B-Piller
20260326_13:53:49;0;4;5;900;900.7;750;1050;OK;900;923.6;750;1050;OK;921.3;923.1;20;-4.3;-50;30;OK;20;-4.2;-50;30;OK;-4.3;-4.2;0;20;-4.3;-50;30;OK;236;246;236;699;OK;274.93;275.31;N/A;N/A;N/A;N/A;N/A;N/A;N/A;N/A;N/A;N/A;N/A;N/A;N/A;N/A;N/A;N/A;N/A;N/A;N/A;N/A;N/A;N/A;N/A;N/A;N/A;N/A;N/A;N/A;N/A;N/A;N/A;N/A;N/A;N/A;N/A;N/A;N/A;N/A;N/A;N/A;N/A;N/A;N/A;N/A;N/A;N/A;N/A;N/A;N/A;N/A;N/A;N/A;N/A;N/A;N/A;N/A;N/A;N/A;N/A;N/A;N/A;N/A;N/A;N/A;N/A;N/A;N/A;N/A;N/A;N/A;N/A;N/A;N/A;N/A;N/A;N/A;N/A;N/A;N/A;N/A;N/A;N/A;N/A;N/A;N/A;N/A;N/A;N/A;N/A;N/A;N/A;N/A;N/A;N/A;N/A;N/A;N/A;N/A;;0;344.1;0;0;;Disabled;TempStop;2;700;346;307.2;0;0;599.9;549.9;Disabled;PosNotOk;2;0;100;100;0;0;15;Disabled;0;0;0;0;0;0;0;0;0;0;0;0;0;0;0;0;0;0;0;0;0;0;0;0;0;0;0;0;0;0;0;0;0;0;0;0;0;0;0;0;0;0;0;0;0;0;0;0;0;0;0;0;0;0;0;0;0;0;0;0;0;0;0;0;0;0;0;0;0;0;30;24;20;45;30;24;20;45;30;30;20;45;30;30;20;45;200;0;100;300;200;0;100;300;200;128;100;300;200;128;100;300;30;26;20;45;30;26;20;45;30;32;20;45;30;30;20;45;200;1;100;300;200;0;100;300;200;53;100;300;200;52;100;300;4;1;0.4;6;4;6;0.4;6;4;1;0.4;6;4;6;0.4;6;4;1;0.4;6;4;6;0.4;6;4;1;0.4;6;4;6;0.4;6;NOK;NOK;OK;9000;9067;6500;9800;OK;8.79;0;7;12;NOK;N/A;2.17;N/A;N/A;N/A;9;9.5;7;18;OK;;0;0;0;-;Disabled;TempOk;2;230;36.7;55.3;0;0;349.9;440724000 gedia b-piller;440724000 gedia b-piller;440724000 Gedia B-Piller
20260326_13:55:15;0;4;1;900;900.2;750;1050;OK;900;909.4;750;1050;OK;908;909.3;20;-8.8;-50;30;OK;20;-8.8;-50;30;OK;-8.8;-8.8;0;20;-8.8;-50;30;OK;236;246;236;699;OK;275.06;275.45;N/A;N/A;N/A;N/A;N/A;N/A;N/A;N/A;N/A;N/A;N/A;N/A;N/A;N/A;N/A;N/A;N/A;N/A;N/A;N/A;N/A;N/A;N/A;N/A;N/A;N/A;N/A;N/A;N/A;N/A;N/A;N/A;N/A;N/A;N/A;N/A;N/A;N/A;N/A;N/A;N/A;N/A;N/A;N/A;N/A;N/A;N/A;N/A;N/A;N/A;N/A;N/A;N/A;N/A;N/A;N/A;N/A;N/A;N/A;N/A;N/A;N/A;N/A;N/A;N/A;N/A;N/A;N/A;N/A;N/A;N/A;N/A;N/A;N/A;N/A;N/A;N/A;N/A;N/A;N/A;N/A;N/A;N/A;N/A;N/A;N/A;N/A;N/A;N/A;N/A;N/A;N/A;N/A;N/A;N/A;N/A;N/A;N/A;;0;341.5;0;0;;Disabled;TempStop;2;700;343.2;304.2;0;0;599.9;549.9;Disabled;PosNotOk;2;0;100;100;0;0;15;Disabled;0;0;0;0;0;0;0;0;0;0;0;0;0;0;0;0;0;0;0;0;0;0;0;0;0;0;0;0;0;0;0;0;0;0;0;0;0;0;0;0;0;0;0;0;0;0;0;0;0;0;0;0;0;0;0;0;0;0;0;0;0;0;0;0;0;0;0;0;0;0;30;24;20;45;30;24;20;45;30;31;20;45;30;30;20;45;200;0;100;300;200;0;100;300;200;128;100;300;200;128;100;300;30;26;20;45;30;27;20;45;30;32;20;45;30;30;20;45;200;0;100;300;200;0;100;300;200;53;100;300;200;52;100;300;4;1;0.4;6;4;6;0.4;6;4;1;0.4;6;4;6;0.4;6;4;1;0.4;6;4;6;0.4;6;4;1;0.4;6;4;6;0.4;6;NOK;NOK;OK;9000;9067;6500;9800;OK;8.79;0;7;12;NOK;N/A;2.17;N/A;N/A;N/A;9;9.5;7;18;OK;;0;0;0;-;Disabled;TempOk;2;230;36.9;54.5;0;0;349.9;440724000 gedia b-piller;440724000 gedia b-piller;440724000 Gedia B-Piller
20260326_13:56:41;0;4;3;900;905.1;750;1050;OK;900;913.3;750;1050;OK;912;912.7;20;-3;-50;30;OK;20;-3;-50;30;OK;-3;-3;0;20;-3;-50;30;OK;236;246;236;699;OK;275.2;275.58;N/A;N/A;N/A;N/A;N/A;N/A;N/A;N/A;N/A;N/A;N/A;N/A;N/A;N/A;N/A;N/A;N/A;N/A;N/A;N/A;N/A;N/A;N/A;N/A;N/A;N/A;N/A;N/A;N/A;N/A;N/A;N/A;N/A;N/A;N/A;N/A;N/A;N/A;N/A;N/A;N/A;N/A;N/A;N/A;N/A;N/A;N/A;N/A;N/A;N/A;N/A;N/A;N/A;N/A;N/A;N/A;N/A;N/A;N/A;N/A;N/A;N/A;N/A;N/A;N/A;N/A;N/A;N/A;N/A;N/A;N/A;N/A;N/A;N/A;N/A;N/A;N/A;N/A;N/A;N/A;N/A;N/A;N/A;N/A;N/A;N/A;N/A;N/A;N/A;N/A;N/A;N/A;N/A;N/A;N/A;N/A;N/A;N/A;;0;343.3;0;0;;Disabled;TempStop;2;700;345.1;306.1;0;0;599.9;549.9;Disabled;PosNotOk;2;0;100;100;0;0;15;Disabled;0;0;0;0;0;0;0;0;0;0;0;0;0;0;0;0;0;0;0;0;0;0;0;0;0;0;0;0;0;0;0;0;0;0;0;0;0;0;0;0;0;0;0;0;0;0;0;0;0;0;0;0;0;0;0;0;0;0;0;0;0;0;0;0;0;0;0;0;0;0;30;24;20;45;30;24;20;45;30;31;20;45;30;30;20;45;200;0;100;300;200;0;100;300;200;128;100;300;200;128;100;300;30;26;20;45;30;27;20;45;30;32;20;45;30;30;20;45;200;0;100;300;200;0;100;300;200;53;100;300;200;53;100;300;4;1;0.4;6;4;6;0.4;6;4;1;0.4;6;4;6;0.4;6;4;1;0.4;6;4;6;0.4;6;4;1;0.4;6;4;6;0.4;6;NOK;NOK;OK;9000;9076;6500;9800;OK;8.79;0;7;12;NOK;N/A;2.17;N/A;N/A;N/A;9;9.5;7;18;OK;;0;0;0;-;Disabled;TempOk;2;230;36.7;54.3;0;0;349.9;440724000 gedia b-piller;440724000 gedia b-piller;440724000 Gedia B-Piller
20260326_13:58:07;0;4;5;900;914.4;750;1050;OK;900;925.8;750;1050;OK;922.9;925;20;-4.2;-50;30;OK;20;-4.2;-50;30;OK;-4.2;-4.2;0;20;-4.2;-50;30;OK;236;246;236;699;OK;275.33;275.71;N/A;N/A;N/A;N/A;N/A;N/A;N/A;N/A;N/A;N/A;N/A;N/A;N/A;N/A;N/A;N/A;N/A;N/A;N/A;N/A;N/A;N/A;N/A;N/A;N/A;N/A;N/A;N/A;N/A;N/A;N/A;N/A;N/A;N/A;N/A;N/A;N/A;N/A;N/A;N/A;N/A;N/A;N/A;N/A;N/A;N/A;N/A;N/A;N/A;N/A;N/A;N/A;N/A;N/A;N/A;N/A;N/A;N/A;N/A;N/A;N/A;N/A;N/A;N/A;N/A;N/A;N/A;N/A;N/A;N/A;N/A;N/A;N/A;N/A;N/A;N/A;N/A;N/A;N/A;N/A;N/A;N/A;N/A;N/A;N/A;N/A;N/A;N/A;N/A;N/A;N/A;N/A;N/A;N/A;N/A;N/A;N/A;N/A;;0;345.6;0;0;;Disabled;TempStop;2;700;347.5;308.1;0;0;599.9;549.9;Disabled;PosNotOk;2;0;100;100;0;0;15;Disabled;0;0;0;0;0;0;0;0;0;0;0;0;0;0;0;0;0;0;0;0;0;0;0;0;0;0;0;0;0;0;0;0;0;0;0;0;0;0;0;0;0;0;0;0;0;0;0;0;0;0;0;0;0;0;0;0;0;0;0;0;0;0;0;0;0;0;0;0;0;0;30;24;20;45;30;24;20;45;30;31;20;45;30;30;20;45;200;0;100;300;200;0;100;300;200;128;100;300;200;128;100;300;30;27;20;45;30;26;20;45;30;32;20;45;30;30;20;45;200;1;100;300;200;0;100;300;200;53;100;300;200;53;100;300;4;1;0.4;6;4;6;0.4;6;4;1;0.4;6;4;6;0.4;6;4;1;0.4;6;4;6;0.4;6;4;1;0.4;6;4;6;0.4;6;NOK;NOK;OK;9000;9064;6500;9800;OK;8.79;0;7;12;NOK;N/A;2.17;N/A;N/A;N/A;9;9.6;7;18;OK;;0;0;0;-;Disabled;TempOk;2;230;36.7;55.3;0;0;349.9;440724000 gedia b-piller;440724000 gedia b-piller;440724000 Gedia B-Piller
20260326_13:59:33;0;4;1;900;900.8;750;1050;OK;900;909.8;750;1050;OK;908;909.6;20;-8.8;-50;30;OK;20;-8.8;-50;30;OK;-8.8;-8.8;0;20;-8.9;-50;30;OK;236;246;236;699;OK;275.46;275.84;N/A;N/A;N/A;N/A;N/A;N/A;N/A;N/A;N/A;N/A;N/A;N/A;N/A;N/A;N/A;N/A;N/A;N/A;N/A;N/A;N/A;N/A;N/A;N/A;N/A;N/A;N/A;N/A;N/A;N/A;N/A;N/A;N/A;N/A;N/A;N/A;N/A;N/A;N/A;N/A;N/A;N/A;N/A;N/A;N/A;N/A;N/A;N/A;N/A;N/A;N/A;N/A;N/A;N/A;N/A;N/A;N/A;N/A;N/A;N/A;N/A;N/A;N/A;N/A;N/A;N/A;N/A;N/A;N/A;N/A;N/A;N/A;N/A;N/A;N/A;N/A;N/A;N/A;N/A;N/A;N/A;N/A;N/A;N/A;N/A;N/A;N/A;N/A;N/A;N/A;N/A;N/A;N/A;N/A;N/A;N/A;N/A;N/A;;0;344.9;0;0;;Disabled;TempStop;2;700;346.8;307.6;0;0;599.9;549.9;Disabled;PosNotOk;2;0;100;100;0;0;15;Disabled;0;0;0;0;0;0;0;0;0;0;0;0;0;0;0;0;0;0;0;0;0;0;0;0;0;0;0;0;0;0;0;0;0;0;0;0;0;0;0;0;0;0;0;0;0;0;0;0;0;0;0;0;0;0;0;0;0;0;0;0;0;0;0;0;0;0;0;0;0;0;30;24;20;45;30;24;20;45;30;31;20;45;30;30;20;45;200;0;100;300;200;0;100;300;200;129;100;300;200;128;100;300;30;26;20;45;30;27;20;45;30;32;20;45;30;30;20;45;200;0;100;300;200;0;100;300;200;53;100;300;200;52;100;300;4;1;0.4;6;4;6;0.4;6;4;1;0.4;6;4;6;0.4;6;4;1;0.4;6;4;6;0.4;6;4;1;0.4;6;4;6;0.4;6;NOK;NOK;OK;9000;9056;6500;9800;OK;8.78;0;7;12;NOK;N/A;2.17;N/A;N/A;N/A;9;9.4;7;18;OK;;0;0;0;-;Disabled;TempOk;2;230;36.7;54.5;0;0;349.9;440724000 gedia b-piller;440724000 gedia b-piller;440724000 Gedia B-Piller
20260326_14:00:58;0;4;3;900;905.8;750;1050;OK;900;913.7;750;1050;OK;912.2;912.9;20;-3;-50;30;OK;20;-3;-50;30;OK;-3;-3;0;20;-3;-50;30;OK;236;246;236;699;OK;275.59;275.98;N/A;N/A;N/A;N/A;N/A;N/A;N/A;N/A;N/A;N/A;N/A;N/A;N/A;N/A;N/A;N/A;N/A;N/A;N/A;N/A;N/A;N/A;N/A;N/A;N/A;N/A;N/A;N/A;N/A;N/A;N/A;N/A;N/A;N/A;N/A;N/A;N/A;N/A;N/A;N/A;N/A;N/A;N/A;N/A;N/A;N/A;N/A;N/A;N/A;N/A;N/A;N/A;N/A;N/A;N/A;N/A;N/A;N/A;N/A;N/A;N/A;N/A;N/A;N/A;N/A;N/A;N/A;N/A;N/A;N/A;N/A;N/A;N/A;N/A;N/A;N/A;N/A;N/A;N/A;N/A;N/A;N/A;N/A;N/A;N/A;N/A;N/A;N/A;N/A;N/A;N/A;N/A;N/A;N/A;N/A;N/A;N/A;N/A;;0;343.8;0;0;;Disabled;TempStop;2;700;345.6;306.3;0;0;599.9;549.9;Disabled;PosNotOk;2;0;100;100;0;0;15;Disabled;0;0;0;0;0;0;0;0;0;0;0;0;0;0;0;0;0;0;0;0;0;0;0;0;0;0;0;0;0;0;0;0;0;0;0;0;0;0;0;0;0;0;0;0;0;0;0;0;0;0;0;0;0;0;0;0;0;0;0;0;0;0;0;0;0;0;0;0;0;0;30;24;20;45;30;24;20;45;30;31;20;45;30;30;20;45;200;0;100;300;200;0;100;300;200;128;100;300;200;128;100;300;30;26;20;45;30;27;20;45;30;32;20;45;30;30;20;45;200;0;100;300;200;0;100;300;200;53;100;300;200;53;100;300;4;1;0.4;6;4;6;0.4;6;4;1;0.4;6;4;6;0.4;6;4;1;0.4;6;4;6;0.4;6;4;1;0.4;6;4;6;0.4;6;NOK;NOK;OK;9000;9078;6500;9800;OK;8.79;0;7;12;NOK;N/A;2.17;N/A;N/A;N/A;9;9.5;7;18;OK;;0;0;0;-;Disabled;TempOk;2;230;36.2;53.1;0;0;349.9;440724000 gedia b-piller;440724000 gedia b-piller;440724000 Gedia B-Piller
20260326_14:02:24;0;4;5;900;918.1;750;1050;OK;900;927.2;750;1050;OK;924;926.3;20;-4.2;-50;30;OK;20;-4.2;-50;30;OK;-4.3;-4.2;0;20;-4.2;-50;30;OK;236;246;236;699;OK;275.73;276.11;N/A;N/A;N/A;N/A;N/A;N/A;N/A;N/A;N/A;N/A;N/A;N/A;N/A;N/A;N/A;N/A;N/A;N/A;N/A;N/A;N/A;N/A;N/A;N/A;N/A;N/A;N/A;N/A;N/A;N/A;N/A;N/A;N/A;N/A;N/A;N/A;N/A;N/A;N/A;N/A;N/A;N/A;N/A;N/A;N/A;N/A;N/A;N/A;N/A;N/A;N/A;N/A;N/A;N/A;N/A;N/A;N/A;N/A;N/A;N/A;N/A;N/A;N/A;N/A;N/A;N/A;N/A;N/A;N/A;N/A;N/A;N/A;N/A;N/A;N/A;N/A;N/A;N/A;N/A;N/A;N/A;N/A;N/A;N/A;N/A;N/A;N/A;N/A;N/A;N/A;N/A;N/A;N/A;N/A;N/A;N/A;N/A;N/A;;0;344.3;0;0;;Disabled;TempStop;2;700;346.1;306;0;0;599.9;549.9;Disabled;PosNotOk;2;0;100;100;0;0;15;Disabled;0;0;0;0;0;0;0;0;0;0;0;0;0;0;0;0;0;0;0;0;0;0;0;0;0;0;0;0;0;0;0;0;0;0;0;0;0;0;0;0;0;0;0;0;0;0;0;0;0;0;0;0;0;0;0;0;0;0;0;0;0;0;0;0;0;0;0;0;0;0;30;24;20;45;30;24;20;45;30;31;20;45;30;30;20;45;200;0;100;300;200;0;100;300;200;129;100;300;200;128;100;300;30;26;20;45;30;27;20;45;30;32;20;45;30;30;20;45;200;0;100;300;200;0;100;300;200;53;100;300;200;53;100;300;4;1;0.4;6;4;6;0.4;6;4;1;0.4;6;4;6;0.4;6;4;1;0.4;6;4;6;0.4;6;4;1;0.4;6;4;6;0.4;6;NOK;NOK;OK;9000;9042;6500;9800;OK;8.79;0;7;12;NOK;N/A;2.17;N/A;N/A;N/A;9;9.4;7;18;OK;;0;0;0;-;Disabled;TempOk;2;230;36.7;55.7;0;0;349.9;440724000 gedia b-piller;440724000 gedia b-piller;440724000 Gedia B-Piller
20260326_14:03:50;0;4;1;900;901.5;750;1050;OK;900;910.5;750;1050;OK;908.7;910.1;20;-8.8;-50;30;OK;20;-8.8;-50;30;OK;-8.8;-8.9;0;20;-8.8;-50;30;OK;236;246;236;699;OK;275.86;276.25;N/A;N/A;N/A;N/A;N/A;N/A;N/A;N/A;N/A;N/A;N/A;N/A;N/A;N/A;N/A;N/A;N/A;N/A;N/A;N/A;N/A;N/A;N/A;N/A;N/A;N/A;N/A;N/A;N/A;N/A;N/A;N/A;N/A;N/A;N/A;N/A;N/A;N/A;N/A;N/A;N/A;N/A;N/A;N/A;N/A;N/A;N/A;N/A;N/A;N/A;N/A;N/A;N/A;N/A;N/A;N/A;N/A;N/A;N/A;N/A;N/A;N/A;N/A;N/A;N/A;N/A;N/A;N/A;N/A;N/A;N/A;N/A;N/A;N/A;N/A;N/A;N/A;N/A;N/A;N/A;N/A;N/A;N/A;N/A;N/A;N/A;N/A;N/A;N/A;N/A;N/A;N/A;N/A;N/A;N/A;N/A;N/A;N/A;;0;340.8;0;0;;Disabled;TempStop;2;700;342.5;302;0;0;599.9;549.9;Disabled;PosNotOk;2;0;100;100;0;0;15;Disabled;0;0;0;0;0;0;0;0;0;0;0;0;0;0;0;0;0;0;0;0;0;0;0;0;0;0;0;0;0;0;0;0;0;0;0;0;0;0;0;0;0;0;0;0;0;0;0;0;0;0;0;0;0;0;0;0;0;0;0;0;0;0;0;0;0;0;0;0;0;0;30;24;20;45;30;24;20;45;30;30;20;45;30;29;20;45;200;0;100;300;200;0;100;300;200;128;100;300;200;128;100;300;30;26;20;45;30;27;20;45;30;31;20;45;30;29;20;45;200;0;100;300;200;0;100;300;200;53;100;300;200;53;100;300;4;1;0.4;6;4;6;0.4;6;4;1;0.4;6;4;6;0.4;6;4;1;0.4;6;4;6;0.4;6;4;1;0.4;6;4;6;0.4;6;NOK;NOK;OK;9000;9082;6500;9800;OK;8.79;0;7;12;NOK;N/A;2.17;N/A;N/A;N/A;9;9.4;7;18;OK;;0;0;0;-;Disabled;TempOk;2;230;36.9;54.3;0;0;349.9;440724000 gedia b-piller;440724000 gedia b-piller;440724000 Gedia B-Piller
20260326_14:05:16;0;4;3;900;905.6;750;1050;OK;900;914.1;750;1050;OK;912.4;913.3;20;-3;-50;30;OK;20;-3;-50;30;OK;-3;-3;0;20;-3;-50;30;OK;236;246;236;699;OK;275.99;276.38;N/A;N/A;N/A;N/A;N/A;N/A;N/A;N/A;N/A;N/A;N/A;N/A;N/A;N/A;N/A;N/A;N/A;N/A;N/A;N/A;N/A;N/A;N/A;N/A;N/A;N/A;N/A;N/A;N/A;N/A;N/A;N/A;N/A;N/A;N/A;N/A;N/A;N/A;N/A;N/A;N/A;N/A;N/A;N/A;N/A;N/A;N/A;N/A;N/A;N/A;N/A;N/A;N/A;N/A;N/A;N/A;N/A;N/A;N/A;N/A;N/A;N/A;N/A;N/A;N/A;N/A;N/A;N/A;N/A;N/A;N/A;N/A;N/A;N/A;N/A;N/A;N/A;N/A;N/A;N/A;N/A;N/A;N/A;N/A;N/A;N/A;N/A;N/A;N/A;N/A;N/A;N/A;N/A;N/A;N/A;N/A;N/A;N/A;;0;345.1;0;0;;Disabled;TempStop;2;700;346.8;307.8;0;0;599.9;549.9;Disabled;PosNotOk;2;0;100;100;0;0;15;Disabled;0;0;0;0;0;0;0;0;0;0;0;0;0;0;0;0;0;0;0;0;0;0;0;0;0;0;0;0;0;0;0;0;0;0;0;0;0;0;0;0;0;0;0;0;0;0;0;0;0;0;0;0;0;0;0;0;0;0;0;0;0;0;0;0;0;0;0;0;0;0;30;24;20;45;30;24;20;45;30;30;20;45;30;30;20;45;200;0;100;300;200;0;100;300;200;128;100;300;200;128;100;300;30;26;20;45;30;26;20;45;30;32;20;45;30;30;20;45;200;0;100;300;200;0;100;300;200;52;100;300;200;53;100;300;4;1;0.4;6;4;6;0.4;6;4;1;0.4;6;4;6;0.4;6;4;1;0.4;6;4;6;0.4;6;4;1;0.4;6;4;6;0.4;6;NOK;NOK;OK;9000;9067;6500;9800;OK;8.79;0;7;12;NOK;N/A;2.17;N/A;N/A;N/A;9;9.4;7;18;OK;;0;0;0;-;Disabled;TempOk;2;230;37.2;53.7;0;0;349.9;440724000 gedia b-piller;440724000 gedia b-piller;440724000 Gedia B-Piller
20260326_14:06:42;0;4;5;900;918.1;750;1050;OK;900;916.5;750;1050;OK;916.3;916.6;20;-4.2;-50;30;OK;20;-4.2;-50;30;OK;-4.2;-4.2;0;20;-4.2;-50;30;OK;236;246;236;699;OK;276.13;276.52;N/A;N/A;N/A;N/A;N/A;N/A;N/A;N/A;N/A;N/A;N/A;N/A;N/A;N/A;N/A;N/A;N/A;N/A;N/A;N/A;N/A;N/A;N/A;N/A;N/A;N/A;N/A;N/A;N/A;N/A;N/A;N/A;N/A;N/A;N/A;N/A;N/A;N/A;N/A;N/A;N/A;N/A;N/A;N/A;N/A;N/A;N/A;N/A;N/A;N/A;N/A;N/A;N/A;N/A;N/A;N/A;N/A;N/A;N/A;N/A;N/A;N/A;N/A;N/A;N/A;N/A;N/A;N/A;N/A;N/A;N/A;N/A;N/A;N/A;N/A;N/A;N/A;N/A;N/A;N/A;N/A;N/A;N/A;N/A;N/A;N/A;N/A;N/A;N/A;N/A;N/A;N/A;N/A;N/A;N/A;N/A;N/A;N/A;;0;344.4;0;0;;Disabled;TempStop;2;700;346.2;305.1;0;0;599.9;549.9;Disabled;PosNotOk;2;0;100;100;0;0;15;Disabled;0;0;0;0;0;0;0;0;0;0;0;0;0;0;0;0;0;0;0;0;0;0;0;0;0;0;0;0;0;0;0;0;0;0;0;0;0;0;0;0;0;0;0;0;0;0;0;0;0;0;0;0;0;0;0;0;0;0;0;0;0;0;0;0;0;0;0;0;0;0;30;24;20;45;30;24;20;45;30;31;20;45;30;30;20;45;200;0;100;300;200;0;100;300;200;128;100;300;200;128;100;300;30;26;20;45;30;27;20;45;30;32;20;45;30;30;20;45;200;0;100;300;200;0;100;300;200;53;100;300;200;52;100;300;4;1;0.4;6;4;6;0.4;6;4;1;0.4;6;4;6;0.4;6;4;1;0.4;6;4;6;0.4;6;4;1;0.4;6;4;6;0.4;6;NOK;NOK;OK;9000;9066;6500;9800;OK;8.79;0;7;12;NOK;N/A;2.17;N/A;N/A;N/A;9;9.5;7;18;OK;;0;0;0;-;Disabled;TempOk;2;230;37.2;59;0;0;349.9;440724000 gedia b-piller;440724000 gedia b-piller;440724000 Gedia B-Piller
20260326_14:08:07;0;4;1;900;902.3;750;1050;OK;900;911.3;750;1050;OK;909.3;911;20;-8.8;-50;30;OK;20;-8.9;-50;30;OK;-8.8;-8.8;0;20;-8.8;-50;30;OK;236;246;236;699;OK;276.26;276.66;N/A;N/A;N/A;N/A;N/A;N/A;N/A;N/A;N/A;N/A;N/A;N/A;N/A;N/A;N/A;N/A;N/A;N/A;N/A;N/A;N/A;N/A;N/A;N/A;N/A;N/A;N/A;N/A;N/A;N/A;N/A;N/A;N/A;N/A;N/A;N/A;N/A;N/A;N/A;N/A;N/A;N/A;N/A;N/A;N/A;N/A;N/A;N/A;N/A;N/A;N/A;N/A;N/A;N/A;N/A;N/A;N/A;N/A;N/A;N/A;N/A;N/A;N/A;N/A;N/A;N/A;N/A;N/A;N/A;N/A;N/A;N/A;N/A;N/A;N/A;N/A;N/A;N/A;N/A;N/A;N/A;N/A;N/A;N/A;N/A;N/A;N/A;N/A;N/A;N/A;N/A;N/A;N/A;N/A;N/A;N/A;N/A;N/A;;0;340.7;0;0;;Disabled;TempStop;2;700;342.4;302.2;0;0;599.9;549.9;Disabled;PosNotOk;2;0;100;100;0;0;15;Disabled;0;0;0;0;0;0;0;0;0;0;0;0;0;0;0;0;0;0;0;0;0;0;0;0;0;0;0;0;0;0;0;0;0;0;0;0;0;0;0;0;0;0;0;0;0;0;0;0;0;0;0;0;0;0;0;0;0;0;0;0;0;0;0;0;0;0;0;0;0;0;30;24;20;45;30;24;20;45;30;31;20;45;30;30;20;45;200;0;100;300;200;0;100;300;200;129;100;300;200;128;100;300;30;26;20;45;30;26;20;45;30;32;20;45;30;30;20;45;200;0;100;300;200;0;100;300;200;53;100;300;200;53;100;300;4;1;0.4;6;4;6;0.4;6;4;1;0.4;6;4;6;0.4;6;4;1;0.4;6;4;6;0.4;6;4;1;0.4;6;4;6;0.4;6;NOK;NOK;OK;9000;9082;6500;9800;OK;8.8;0;7;12;NOK;N/A;2.17;N/A;N/A;N/A;9;9.5;7;18;OK;;0;0;0;-;Disabled;TempOk;2;230;37.7;56.2;0;0;349.9;440724000 gedia b-piller;440724000 gedia b-piller;440724000 Gedia B-Piller
20260326_14:09:33;0;4;3;900;906.1;750;1050;OK;900;914.6;750;1050;OK;913.1;913.9;20;-3;-50;30;OK;20;-3;-50;30;OK;-3;-3;0;20;-3;-50;30;OK;236;246;236;699;OK;276.4;276.8;N/A;N/A;N/A;N/A;N/A;N/A;N/A;N/A;N/A;N/A;N/A;N/A;N/A;N/A;N/A;N/A;N/A;N/A;N/A;N/A;N/A;N/A;N/A;N/A;N/A;N/A;N/A;N/A;N/A;N/A;N/A;N/A;N/A;N/A;N/A;N/A;N/A;N/A;N/A;N/A;N/A;N/A;N/A;N/A;N/A;N/A;N/A;N/A;N/A;N/A;N/A;N/A;N/A;N/A;N/A;N/A;N/A;N/A;N/A;N/A;N/A;N/A;N/A;N/A;N/A;N/A;N/A;N/A;N/A;N/A;N/A;N/A;N/A;N/A;N/A;N/A;N/A;N/A;N/A;N/A;N/A;N/A;N/A;N/A;N/A;N/A;N/A;N/A;N/A;N/A;N/A;N/A;N/A;N/A;N/A;N/A;N/A;N/A;;0;343.6;0;0;;Disabled;TempStop;2;700;345.5;305.1;0;0;599.9;549.9;Disabled;PosNotOk;2;0;100;100;0;0;15;Disabled;0;0;0;0;0;0;0;0;0;0;0;0;0;0;0;0;0;0;0;0;0;0;0;0;0;0;0;0;0;0;0;0;0;0;0;0;0;0;0;0;0;0;0;0;0;0;0;0;0;0;0;0;0;0;0;0;0;0;0;0;0;0;0;0;0;0;0;0;0;0;30;24;20;45;30;24;20;45;30;31;20;45;30;30;20;45;200;0;100;300;200;0;100;300;200;128;100;300;200;128;100;300;30;26;20;45;30;26;20;45;30;32;20;45;30;30;20;45;200;0;100;300;200;0;100;300;200;53;100;300;200;53;100;300;4;1;0.4;6;4;6;0.4;6;4;1;0.4;6;4;6;0.4;6;4;1;0.4;6;4;6;0.4;6;4;1;0.4;6;4;6;0.4;6;NOK;NOK;OK;9000;9068;6500;9800;OK;8.79;0;7;12;NOK;N/A;2.17;N/A;N/A;N/A;9;9.6;7;18;OK;;0;0;0;-;Disabled;TempOk;2;230;37.2;55.1;0;0;349.9;440724000 gedia b-piller;440724000 gedia b-piller;440724000 Gedia B-Piller
20260326_14:10:59;0;4;5;900;907.2;750;1050;OK;900;916.6;750;1050;OK;917.2;917.6;20;-4.2;-50;30;OK;20;-4.2;-50;30;OK;-4.2;-4.2;0;20;-4.2;-50;30;OK;236;246;236;699;OK;276.54;276.95;N/A;N/A;N/A;N/A;N/A;N/A;N/A;N/A;N/A;N/A;N/A;N/A;N/A;N/A;N/A;N/A;N/A;N/A;N/A;N/A;N/A;N/A;N/A;N/A;N/A;N/A;N/A;N/A;N/A;N/A;N/A;N/A;N/A;N/A;N/A;N/A;N/A;N/A;N/A;N/A;N/A;N/A;N/A;N/A;N/A;N/A;N/A;N/A;N/A;N/A;N/A;N/A;N/A;N/A;N/A;N/A;N/A;N/A;N/A;N/A;N/A;N/A;N/A;N/A;N/A;N/A;N/A;N/A;N/A;N/A;N/A;N/A;N/A;N/A;N/A;N/A;N/A;N/A;N/A;N/A;N/A;N/A;N/A;N/A;N/A;N/A;N/A;N/A;N/A;N/A;N/A;N/A;N/A;N/A;N/A;N/A;N/A;N/A;;0;346;0;0;;Disabled;TempStop;2;700;347.9;305.4;0;0;599.9;549.9;Disabled;PosNotOk;2;0;100;100;0;0;15;Disabled;0;0;0;0;0;0;0;0;0;0;0;0;0;0;0;0;0;0;0;0;0;0;0;0;0;0;0;0;0;0;0;0;0;0;0;0;0;0;0;0;0;0;0;0;0;0;0;0;0;0;0;0;0;0;0;0;0;0;0;0;0;0;0;0;0;0;0;0;0;0;30;24;20;45;30;24;20;45;30;31;20;45;30;30;20;45;200;0;100;300;200;0;100;300;200;128;100;300;200;127;100;300;30;26;20;45;30;27;20;45;30;32;20;45;30;30;20;45;200;0;100;300;200;0;100;300;200;53;100;300;200;53;100;300;4;1;0.4;6;4;6;0.4;6;4;1;0.4;6;4;6;0.4;6;4;1;0.4;6;4;6;0.4;6;4;1;0.4;6;4;6;0.4;6;NOK;NOK;OK;9000;9074;6500;9800;OK;8.79;0;7;12;NOK;N/A;2.17;N/A;N/A;N/A;9;9.6;7;18;OK;;0;0;0;-;Disabled;TempOk;2;230;37.4;58.4;0;0;349.9;440724000 gedia b-piller;440724000 gedia b-piller;440724000 Gedia B-Piller
20260326_14:12:25;0;4;1;900;902.5;750;1050;OK;900;911.9;750;1050;OK;909.7;911.5;20;-8.9;-50;30;OK;20;-8.8;-50;30;OK;-8.8;-8.8;0;20;-8.9;-50;30;OK;236;246;236;699;OK;276.68;277.09;N/A;N/A;N/A;N/A;N/A;N/A;N/A;N/A;N/A;N/A;N/A;N/A;N/A;N/A;N/A;N/A;N/A;N/A;N/A;N/A;N/A;N/A;N/A;N/A;N/A;N/A;N/A;N/A;N/A;N/A;N/A;N/A;N/A;N/A;N/A;N/A;N/A;N/A;N/A;N/A;N/A;N/A;N/A;N/A;N/A;N/A;N/A;N/A;N/A;N/A;N/A;N/A;N/A;N/A;N/A;N/A;N/A;N/A;N/A;N/A;N/A;N/A;N/A;N/A;N/A;N/A;N/A;N/A;N/A;N/A;N/A;N/A;N/A;N/A;N/A;N/A;N/A;N/A;N/A;N/A;N/A;N/A;N/A;N/A;N/A;N/A;N/A;N/A;N/A;N/A;N/A;N/A;N/A;N/A;N/A;N/A;N/A;N/A;;0;341.5;0;0;;Disabled;TempStop;2;700;343.1;302.1;0;0;599.9;549.9;Disabled;PosNotOk;2;0;100;100;0;0;15;Disabled;0;0;0;0;0;0;0;0;0;0;0;0;0;0;0;0;0;0;0;0;0;0;0;0;0;0;0;0;0;0;0;0;0;0;0;0;0;0;0;0;0;0;0;0;0;0;0;0;0;0;0;0;0;0;0;0;0;0;0;0;0;0;0;0;0;0;0;0;0;0;30;24;20;45;30;24;20;45;30;31;20;45;30;30;20;45;200;0;100;300;200;0;100;300;200;128;100;300;200;128;100;300;30;26;20;45;30;26;20;45;30;32;20;45;30;30;20;45;200;0;100;300;200;0;100;300;200;53;100;300;200;53;100;300;4;1;0.4;6;4;6;0.4;6;4;1;0.4;6;4;6;0.4;6;4;1;0.4;6;4;6;0.4;6;4;1;0.4;6;4;6;0.4;6;NOK;NOK;OK;9000;9054;6500;9800;OK;8.79;0;7;12;NOK;N/A;2.17;N/A;N/A;N/A;9;9.5;7;18;OK;;0;0;0;-;Disabled;TempOk;2;230;37.2;56.9;0;0;349.9;440724000 gedia b-piller;440724000 gedia b-piller;440724000 Gedia B-Piller
20260326_14:13:51;0;4;3;900;907.5;750;1050;OK;900;915.1;750;1050;OK;913.4;914.4;20;-3;-50;30;OK;20;-3;-50;30;OK;-3;-3;0;20;-3;-50;30;OK;236;246;236;699;OK;276.82;277.22;N/A;N/A;N/A;N/A;N/A;N/A;N/A;N/A;N/A;N/A;N/A;N/A;N/A;N/A;N/A;N/A;N/A;N/A;N/A;N/A;N/A;N/A;N/A;N/A;N/A;N/A;N/A;N/A;N/A;N/A;N/A;N/A;N/A;N/A;N/A;N/A;N/A;N/A;N/A;N/A;N/A;N/A;N/A;N/A;N/A;N/A;N/A;N/A;N/A;N/A;N/A;N/A;N/A;N/A;N/A;N/A;N/A;N/A;N/A;N/A;N/A;N/A;N/A;N/A;N/A;N/A;N/A;N/A;N/A;N/A;N/A;N/A;N/A;N/A;N/A;N/A;N/A;N/A;N/A;N/A;N/A;N/A;N/A;N/A;N/A;N/A;N/A;N/A;N/A;N/A;N/A;N/A;N/A;N/A;N/A;N/A;N/A;N/A;;0;341.1;0;0;;Disabled;TempStop;2;700;342.9;304;0;0;599.9;549.9;Disabled;PosNotOk;2;0;100;100;0;0;15;Disabled;0;0;0;0;0;0;0;0;0;0;0;0;0;0;0;0;0;0;0;0;0;0;0;0;0;0;0;0;0;0;0;0;0;0;0;0;0;0;0;0;0;0;0;0;0;0;0;0;0;0;0;0;0;0;0;0;0;0;0;0;0;0;0;0;0;0;0;0;0;0;30;24;20;45;30;24;20;45;30;30;20;45;30;29;20;45;200;0;100;300;200;0;100;300;200;128;100;300;200;128;100;300;30;26;20;45;30;26;20;45;30;32;20;45;30;29;20;45;200;0;100;300;200;0;100;300;200;53;100;300;200;53;100;300;4;1;0.4;6;4;6;0.4;6;4;1;0.4;6;4;6;0.4;6;4;1;0.4;6;4;6;0.4;6;4;1;0.4;6;4;6;0.4;6;NOK;NOK;OK;9000;9072;6500;9800;OK;8.79;0;7;12;NOK;N/A;2.17;N/A;N/A;N/A;9;9.5;7;18;OK;;0;0;0;-;Disabled;TempOk;2;230;37.2;54.7;0;0;349.9;440724000 gedia b-piller;440724000 gedia b-piller;440724000 Gedia B-Piller
20260326_14:15:16;0;4;5;900;907.1;750;1050;OK;900;917.6;750;1050;OK;917.3;918.2;20;-4.2;-50;30;OK;20;-4.2;-50;30;OK;-4.2;-4.2;0;20;-4.2;-50;30;OK;236;246;236;699;OK;276.97;277.36;N/A;N/A;N/A;N/A;N/A;N/A;N/A;N/A;N/A;N/A;N/A;N/A;N/A;N/A;N/A;N/A;N/A;N/A;N/A;N/A;N/A;N/A;N/A;N/A;N/A;N/A;N/A;N/A;N/A;N/A;N/A;N/A;N/A;N/A;N/A;N/A;N/A;N/A;N/A;N/A;N/A;N/A;N/A;N/A;N/A;N/A;N/A;N/A;N/A;N/A;N/A;N/A;N/A;N/A;N/A;N/A;N/A;N/A;N/A;N/A;N/A;N/A;N/A;N/A;N/A;N/A;N/A;N/A;N/A;N/A;N/A;N/A;N/A;N/A;N/A;N/A;N/A;N/A;N/A;N/A;N/A;N/A;N/A;N/A;N/A;N/A;N/A;N/A;N/A;N/A;N/A;N/A;N/A;N/A;N/A;N/A;N/A;N/A;;0;344.2;0;0;;Disabled;TempStop;2;700;345.9;304;0;0;599.9;549.9;Disabled;PosNotOk;2;0;100;100;0;0;15;Disabled;0;0;0;0;0;0;0;0;0;0;0;0;0;0;0;0;0;0;0;0;0;0;0;0;0;0;0;0;0;0;0;0;0;0;0;0;0;0;0;0;0;0;0;0;0;0;0;0;0;0;0;0;0;0;0;0;0;0;0;0;0;0;0;0;0;0;0;0;0;0;30;24;20;45;30;24;20;45;30;30;20;45;30;30;20;45;200;0;100;300;200;0;100;300;200;128;100;300;200;128;100;300;30;26;20;45;30;26;20;45;30;31;20;45;30;29;20;45;200;0;100;300;200;0;100;300;200;53;100;300;200;53;100;300;4;1;0.4;6;4;6;0.4;6;4;1;0.4;6;4;6;0.4;6;4;1;0.4;6;4;6;0.4;6;4;1;0.4;6;4;6;0.4;6;NOK;NOK;OK;9000;9047;6500;9800;OK;8.78;0;7;12;NOK;N/A;2.17;N/A;N/A;N/A;9;9.5;7;18;OK;;0;0;0;-;Disabled;TempOk;2;230;37.2;57.5;0;0;349.9;440724000 gedia b-piller;440724000 gedia b-piller;440724000 Gedia B-Piller
20260326_14:16:42;0;4;1;900;902.6;750;1050;OK;900;912.2;750;1050;OK;909.9;911.9;20;-8.8;-50;30;OK;20;-8.9;-50;30;OK;-8.9;-8.9;0;20;-8.8;-50;30;OK;236;246;236;699;OK;277.1;277.5;N/A;N/A;N/A;N/A;N/A;N/A;N/A;N/A;N/A;N/A;N/A;N/A;N/A;N/A;N/A;N/A;N/A;N/A;N/A;N/A;N/A;N/A;N/A;N/A;N/A;N/A;N/A;N/A;N/A;N/A;N/A;N/A;N/A;N/A;N/A;N/A;N/A;N/A;N/A;N/A;N/A;N/A;N/A;N/A;N/A;N/A;N/A;N/A;N/A;N/A;N/A;N/A;N/A;N/A;N/A;N/A;N/A;N/A;N/A;N/A;N/A;N/A;N/A;N/A;N/A;N/A;N/A;N/A;N/A;N/A;N/A;N/A;N/A;N/A;N/A;N/A;N/A;N/A;N/A;N/A;N/A;N/A;N/A;N/A;N/A;N/A;N/A;N/A;N/A;N/A;N/A;N/A;N/A;N/A;N/A;N/A;N/A;N/A;;0;342.9;0;0;;Disabled;TempStop;2;700;344.7;304.5;0;0;599.9;549.9;Disabled;PosNotOk;2;0;100;100;0;0;15;Disabled;0;0;0;0;0;0;0;0;0;0;0;0;0;0;0;0;0;0;0;0;0;0;0;0;0;0;0;0;0;0;0;0;0;0;0;0;0;0;0;0;0;0;0;0;0;0;0;0;0;0;0;0;0;0;0;0;0;0;0;0;0;0;0;0;0;0;0;0;0;0;30;24;20;45;30;24;20;45;30;30;20;45;30;30;20;45;200;0;100;300;200;0;100;300;200;128;100;300;200;128;100;300;30;26;20;45;30;27;20;45;30;32;20;45;30;30;20;45;200;0;100;300;200;0;100;300;200;53;100;300;200;53;100;300;4;1;0.4;6;4;6;0.4;6;4;1;0.4;6;4;6;0.4;6;4;1;0.4;6;4;6;0.4;6;4;1;0.4;6;4;6;0.4;6;NOK;NOK;OK;9000;9041;6500;9800;OK;8.78;0;7;12;NOK;N/A;2.17;N/A;N/A;N/A;9;9.6;7;18;OK;;0;0;0;-;Disabled;TempOk;2;230;36.7;55.1;0;0;349.9;440724000 gedia b-piller;440724000 gedia b-piller;440724000 Gedia B-Piller
20260326_14:18:08;0;4;3;900;908.2;750;1050;OK;900;915.4;750;1050;OK;913.9;914.7;20;-3;-50;30;OK;20;-2.9;-50;30;OK;-3;-3;0;20;-3;-50;30;OK;236;246;236;699;OK;277.24;277.64;N/A;N/A;N/A;N/A;N/A;N/A;N/A;N/A;N/A;N/A;N/A;N/A;N/A;N/A;N/A;N/A;N/A;N/A;N/A;N/A;N/A;N/A;N/A;N/A;N/A;N/A;N/A;N/A;N/A;N/A;N/A;N/A;N/A;N/A;N/A;N/A;N/A;N/A;N/A;N/A;N/A;N/A;N/A;N/A;N/A;N/A;N/A;N/A;N/A;N/A;N/A;N/A;N/A;N/A;N/A;N/A;N/A;N/A;N/A;N/A;N/A;N/A;N/A;N/A;N/A;N/A;N/A;N/A;N/A;N/A;N/A;N/A;N/A;N/A;N/A;N/A;N/A;N/A;N/A;N/A;N/A;N/A;N/A;N/A;N/A;N/A;N/A;N/A;N/A;N/A;N/A;N/A;N/A;N/A;N/A;N/A;N/A;N/A;;0;340.9;0;0;;Disabled;TempStop;2;700;342.7;301.7;0;0;599.9;549.9;Disabled;PosNotOk;2;0;100;100;0;0;15;Disabled;0;0;0;0;0;0;0;0;0;0;0;0;0;0;0;0;0;0;0;0;0;0;0;0;0;0;0;0;0;0;0;0;0;0;0;0;0;0;0;0;0;0;0;0;0;0;0;0;0;0;0;0;0;0;0;0;0;0;0;0;0;0;0;0;0;0;0;0;0;0;30;24;20;45;30;24;20;45;30;30;20;45;30;30;20;45;200;0;100;300;200;0;100;300;200;128;100;300;200;128;100;300;30;26;20;45;30;26;20;45;30;32;20;45;30;30;20;45;200;0;100;300;200;0;100;300;200;53;100;300;200;53;100;300;4;1;0.4;6;4;6;0.4;6;4;1;0.4;6;4;6;0.4;6;4;1;0.4;6;4;6;0.4;6;4;1;0.4;6;4;6;0.4;6;NOK;NOK;OK;9000;9076;6500;9800;OK;8.8;0;7;12;NOK;N/A;2.17;N/A;N/A;N/A;9;9.7;7;18;OK;;0;0;0;-;Disabled;TempOk;2;230;36.7;54.7;0;0;349.9;440724000 gedia b-piller;440724000 gedia b-piller;440724000 Gedia B-Piller
20260326_14:19:34;0;4;5;900;908.3;750;1050;OK;900;917.3;750;1050;OK;917.7;918.7;20;-4.2;-50;30;OK;20;-4.2;-50;30;OK;-4.2;-4.2;0;20;-4.2;-50;30;OK;236;246;236;699;OK;277.38;277.78;N/A;N/A;N/A;N/A;N/A;N/A;N/A;N/A;N/A;N/A;N/A;N/A;N/A;N/A;N/A;N/A;N/A;N/A;N/A;N/A;N/A;N/A;N/A;N/A;N/A;N/A;N/A;N/A;N/A;N/A;N/A;N/A;N/A;N/A;N/A;N/A;N/A;N/A;N/A;N/A;N/A;N/A;N/A;N/A;N/A;N/A;N/A;N/A;N/A;N/A;N/A;N/A;N/A;N/A;N/A;N/A;N/A;N/A;N/A;N/A;N/A;N/A;N/A;N/A;N/A;N/A;N/A;N/A;N/A;N/A;N/A;N/A;N/A;N/A;N/A;N/A;N/A;N/A;N/A;N/A;N/A;N/A;N/A;N/A;N/A;N/A;N/A;N/A;N/A;N/A;N/A;N/A;N/A;N/A;N/A;N/A;N/A;N/A;;0;343.1;0;0;;Disabled;TempStop;2;700;344.9;302.2;0;0;599.9;549.9;Disabled;PosNotOk;2;0;100;100;0;0;15;Disabled;0;0;0;0;0;0;0;0;0;0;0;0;0;0;0;0;0;0;0;0;0;0;0;0;0;0;0;0;0;0;0;0;0;0;0;0;0;0;0;0;0;0;0;0;0;0;0;0;0;0;0;0;0;0;0;0;0;0;0;0;0;0;0;0;0;0;0;0;0;0;30;24;20;45;30;24;20;45;30;30;20;45;30;30;20;45;200;0;100;300;200;0;100;300;200;128;100;300;200;128;100;300;30;26;20;45;30;27;20;45;30;32;20;45;30;30;20;45;200;0;100;300;200;0;100;300;200;53;100;300;200;53;100;300;4;1;0.4;6;4;6;0.4;6;4;1;0.4;6;4;6;0.4;6;4;1;0.4;6;4;6;0.4;6;4;1;0.4;6;4;6;0.4;6;NOK;NOK;OK;9000;9050;6500;9800;OK;8.79;0;7;12;NOK;N/A;2.17;N/A;N/A;N/A;9;9;7;18;OK;;0;0;0;-;Disabled;TempOk;2;230;37.2;57.1;0;0;349.9;440724000 gedia b-piller;440724000 gedia b-piller;440724000 Gedia B-Piller
20260326_14:21:00;0;4;1;900;903.1;750;1050;OK;900;912.6;750;1050;OK;910.7;912.3;20;-8.9;-50;30;OK;20;-8.9;-50;30;OK;-8.9;-8.9;0;20;-8.9;-50;30;OK;236;246;236;699;OK;277.52;277.93;N/A;N/A;N/A;N/A;N/A;N/A;N/A;N/A;N/A;N/A;N/A;N/A;N/A;N/A;N/A;N/A;N/A;N/A;N/A;N/A;N/A;N/A;N/A;N/A;N/A;N/A;N/A;N/A;N/A;N/A;N/A;N/A;N/A;N/A;N/A;N/A;N/A;N/A;N/A;N/A;N/A;N/A;N/A;N/A;N/A;N/A;N/A;N/A;N/A;N/A;N/A;N/A;N/A;N/A;N/A;N/A;N/A;N/A;N/A;N/A;N/A;N/A;N/A;N/A;N/A;N/A;N/A;N/A;N/A;N/A;N/A;N/A;N/A;N/A;N/A;N/A;N/A;N/A;N/A;N/A;N/A;N/A;N/A;N/A;N/A;N/A;N/A;N/A;N/A;N/A;N/A;N/A;N/A;N/A;N/A;N/A;N/A;N/A;;0;343.5;0;0;;Disabled;TempStop;2;700;345.2;304.6;0;0;599.9;549.9;Disabled;PosNotOk;2;0;100;100;0;0;15;Disabled;0;0;0;0;0;0;0;0;0;0;0;0;0;0;0;0;0;0;0;0;0;0;0;0;0;0;0;0;0;0;0;0;0;0;0;0;0;0;0;0;0;0;0;0;0;0;0;0;0;0;0;0;0;0;0;0;0;0;0;0;0;0;0;0;0;0;0;0;0;0;30;24;20;45;30;24;20;45;30;31;20;45;30;30;20;45;200;0;100;300;200;0;100;300;200;128;100;300;200;127;100;300;30;26;20;45;30;27;20;45;30;32;20;45;30;30;20;45;200;0;100;300;200;0;100;300;200;53;100;300;200;54;100;300;4;1;0.4;6;4;6;0.4;6;4;1;0.4;6;4;6;0.4;6;4;1;0.4;6;4;6;0.4;6;4;1;0.4;6;4;6;0.4;6;NOK;NOK;OK;9000;9060;6500;9800;OK;8.79;0;7;12;NOK;N/A;2.17;N/A;N/A;N/A;9;9.5;7;18;OK;;0;0;0;-;Disabled;TempOk;2;230;37.2;56.2;0;0;349.9;440724000 gedia b-piller;440724000 gedia b-piller;440724000 Gedia B-Piller
20260326_14:22:25;0;4;3;900;908.1;750;1050;OK;900;915.3;750;1050;OK;914.1;914.9;20;-2.9;-50;30;OK;20;-2.9;-50;30;OK;-2.9;-2.9;0;20;-2.9;-50;30;OK;236;246;236;699;OK;277.66;278.1;N/A;N/A;N/A;N/A;N/A;N/A;N/A;N/A;N/A;N/A;N/A;N/A;N/A;N/A;N/A;N/A;N/A;N/A;N/A;N/A;N/A;N/A;N/A;N/A;N/A;N/A;N/A;N/A;N/A;N/A;N/A;N/A;N/A;N/A;N/A;N/A;N/A;N/A;N/A;N/A;N/A;N/A;N/A;N/A;N/A;N/A;N/A;N/A;N/A;N/A;N/A;N/A;N/A;N/A;N/A;N/A;N/A;N/A;N/A;N/A;N/A;N/A;N/A;N/A;N/A;N/A;N/A;N/A;N/A;N/A;N/A;N/A;N/A;N/A;N/A;N/A;N/A;N/A;N/A;N/A;N/A;N/A;N/A;N/A;N/A;N/A;N/A;N/A;N/A;N/A;N/A;N/A;N/A;N/A;N/A;N/A;N/A;N/A;;0;343.4;0;0;;Disabled;TempStop;2;700;345.1;311.1;0;0;599.9;549.9;Disabled;PosNotOk;2;0;100;100;0;0;15;Disabled;0;0;0;0;0;0;0;0;0;0;0;0;0;0;0;0;0;0;0;0;0;0;0;0;0;0;0;0;0;0;0;0;0;0;0;0;0;0;0;0;0;0;0;0;0;0;0;0;0;0;0;0;0;0;0;0;0;0;0;0;0;0;0;0;0;0;0;0;0;0;30;24;20;45;30;24;20;45;30;31;20;45;30;30;20;45;200;0;100;300;200;0;100;300;200;128;100;300;200;128;100;300;30;26;20;45;30;27;20;45;30;32;20;45;30;30;20;45;200;0;100;300;200;0;100;300;200;53;100;300;200;53;100;300;4;1;0.4;6;4;6;0.4;6;4;1;0.4;6;4;6;0.4;6;4;1;0.4;6;4;6;0.4;6;4;1;0.4;6;4;6;0.4;6;NOK;NOK;OK;9000;9069;6500;9800;OK;8.79;0;7;12;NOK;N/A;2.17;N/A;N/A;N/A;9;9.4;7;18;OK;;0;0;0;-;Disabled;TempOk;2;230;36.7;54.1;0;0;349.9;440724000 gedia b-piller;440724000 gedia b-piller;440724000 Gedia B-Piller
20260326_14:23:51;0;4;5;900;908.6;750;1050;OK;900;917.4;750;1050;OK;917.5;918.3;20;-4.2;-50;30;OK;20;-4.2;-50;30;OK;-4.2;-4.2;0;20;-4.2;-50;30;OK;236;246;236;699;OK;277.79;278.27;N/A;N/A;N/A;N/A;N/A;N/A;N/A;N/A;N/A;N/A;N/A;N/A;N/A;N/A;N/A;N/A;N/A;N/A;N/A;N/A;N/A;N/A;N/A;N/A;N/A;N/A;N/A;N/A;N/A;N/A;N/A;N/A;N/A;N/A;N/A;N/A;N/A;N/A;N/A;N/A;N/A;N/A;N/A;N/A;N/A;N/A;N/A;N/A;N/A;N/A;N/A;N/A;N/A;N/A;N/A;N/A;N/A;N/A;N/A;N/A;N/A;N/A;N/A;N/A;N/A;N/A;N/A;N/A;N/A;N/A;N/A;N/A;N/A;N/A;N/A;N/A;N/A;N/A;N/A;N/A;N/A;N/A;N/A;N/A;N/A;N/A;N/A;N/A;N/A;N/A;N/A;N/A;N/A;N/A;N/A;N/A;N/A;N/A;;0;341.3;0;0;;Disabled;TempStop;2;700;342.9;302.6;0;0;599.9;549.9;Disabled;PosNotOk;2;0;100;100;0;0;15;Disabled;0;0;0;0;0;0;0;0;0;0;0;0;0;0;0;0;0;0;0;0;0;0;0;0;0;0;0;0;0;0;0;0;0;0;0;0;0;0;0;0;0;0;0;0;0;0;0;0;0;0;0;0;0;0;0;0;0;0;0;0;0;0;0;0;0;0;0;0;0;0;30;24;20;45;30;24;20;45;30;30;20;45;30;29;20;45;200;0;100;300;200;0;100;300;200;128;100;300;200;127;100;300;30;26;20;45;30;27;20;45;30;32;20;45;30;29;20;45;200;0;100;300;200;0;100;300;200;53;100;300;200;53;100;300;4;1;0.4;6;4;6;0.4;6;4;1;0.4;6;4;6;0.4;6;4;1;0.4;6;4;6;0.4;6;4;1;0.4;6;4;6;0.4;6;NOK;NOK;OK;9000;9071;6500;9800;OK;8.79;0;7;12;NOK;N/A;2.17;N/A;N/A;N/A;9;9.5;7;18;OK;;0;0;0;-;Disabled;TempOk;2;230;36.9;55.5;0;0;349.9;440724000 gedia b-piller;440724000 gedia b-piller;440724000 Gedia B-Piller
20260326_15:00:27;0;4;1;900;900.3;750;1050;OK;900;904.9;750;1050;OK;850.4;833.1;20;-9.4;-50;30;OK;20;-9.4;-50;30;OK;-9.4;-9.4;0;20;-9.4;-50;30;OK;100;249;100;699;OK;279.89;280.39;N/A;N/A;N/A;N/A;N/A;N/A;N/A;N/A;N/A;N/A;N/A;N/A;N/A;N/A;N/A;N/A;N/A;N/A;N/A;N/A;N/A;N/A;N/A;N/A;N/A;N/A;N/A;N/A;N/A;N/A;N/A;N/A;N/A;N/A;N/A;N/A;N/A;N/A;N/A;N/A;N/A;N/A;N/A;N/A;N/A;N/A;N/A;N/A;N/A;N/A;N/A;N/A;N/A;N/A;N/A;N/A;N/A;N/A;N/A;N/A;N/A;N/A;N/A;N/A;N/A;N/A;N/A;N/A;N/A;N/A;N/A;N/A;N/A;N/A;N/A;N/A;N/A;N/A;N/A;N/A;N/A;N/A;N/A;N/A;N/A;N/A;N/A;N/A;N/A;N/A;N/A;N/A;N/A;N/A;N/A;N/A;N/A;N/A;;0;342;0;0;;Disabled;TempStop;2;700;343.9;301;0;0;599.9;549.9;Disabled;PosNotOk;2;0;100;100;0;0;15;Disabled;0;0;0;0;0;0;0;0;0;0;0;0;0;0;0;0;0;0;0;0;0;0;0;0;0;0;0;0;0;0;0;0;0;0;0;0;0;0;0;0;0;0;0;0;0;0;0;0;0;0;0;0;0;0;0;0;0;0;0;0;0;0;0;0;0;0;0;0;0;0;30;24;20;45;30;24;20;45;30;30;20;45;30;30;20;45;200;0;100;300;200;0;100;300;200;128;100;300;200;128;100;300;30;26;20;45;30;26;20;45;30;30;20;45;30;30;20;45;200;0;100;300;200;0;100;300;200;53;100;300;200;52;100;300;4;1;0.4;6;4;6;0.4;6;4;1;0.4;6;4;6;0.4;6;4;1;0.4;6;4;6;0.4;6;4;1;0.4;6;4;6;0.4;6;NOK;NOK;OK;9000;9066;6500;9800;OK;8.78;0;7;12;NOK;N/A;2.17;N/A;N/A;N/A;9;9.5;7;18;OK;;0;0;0;-;Disabled;TempOk;2;230;37.7;59;0;0;349.9;440724000 gedia b-piller;440724000 gedia b-piller;440724000 Gedia B-Piller
20260326_15:05:41;0;4;1;900;899.9;750;1050;OK;900;904.8;750;1050;OK;849.3;832.4;20;-9.4;-50;30;OK;20;-9.4;-50;30;OK;-9.4;-9.4;0;20;-9.4;-50;30;OK;100;247;100;699;OK;280.52;281.02;N/A;N/A;N/A;N/A;N/A;N/A;N/A;N/A;N/A;N/A;N/A;N/A;N/A;N/A;N/A;N/A;N/A;N/A;N/A;N/A;N/A;N/A;N/A;N/A;N/A;N/A;N/A;N/A;N/A;N/A;N/A;N/A;N/A;N/A;N/A;N/A;N/A;N/A;N/A;N/A;N/A;N/A;N/A;N/A;N/A;N/A;N/A;N/A;N/A;N/A;N/A;N/A;N/A;N/A;N/A;N/A;N/A;N/A;N/A;N/A;N/A;N/A;N/A;N/A;N/A;N/A;N/A;N/A;N/A;N/A;N/A;N/A;N/A;N/A;N/A;N/A;N/A;N/A;N/A;N/A;N/A;N/A;N/A;N/A;N/A;N/A;N/A;N/A;N/A;N/A;N/A;N/A;N/A;N/A;N/A;N/A;N/A;N/A;;0;341.1;0;0;;Disabled;TempStop;2;700;343;300.1;0;0;599.9;549.9;Disabled;PosNotOk;2;0;100;100;0;0;15;Disabled;0;0;0;0;0;0;0;0;0;0;0;0;0;0;0;0;0;0;0;0;0;0;0;0;0;0;0;0;0;0;0;0;0;0;0;0;0;0;0;0;0;0;0;0;0;0;0;0;0;0;0;0;0;0;0;0;0;0;0;0;0;0;0;0;0;0;0;0;0;0;30;24;20;45;30;24;20;45;30;30;20;45;30;30;20;45;200;0;100;300;200;0;100;300;200;128;100;300;200;128;100;300;30;26;20;45;30;26;20;45;30;30;20;45;30;30;20;45;200;0;100;300;200;0;100;300;200;53;100;300;200;52;100;300;4;1;0.4;6;4;6;0.4;6;4;1;0.4;6;4;6;0.4;6;4;1;0.4;6;4;6;0.4;6;4;1;0.4;6;4;6;0.4;6;NOK;NOK;OK;9000;9068;6500;9800;OK;8.78;0;7;12;NOK;N/A;2.17;N/A;N/A;N/A;9;9.5;7;18;OK;;0;0;0;-;Disabled;TempOk;2;230;36.9;59.6;0;0;349.9;440724000 gedia b-piller;440724000 gedia b-piller;440724000 Gedia B-Piller