//Delimiter=;
Date-Time;0-Detail ID;1-MLF;2-Cavity;3-Temp at loading - SP, °C;4-Temp at loading - PV, °C;5-Temp at loading - LL, °C;6-Temp at loading - UL, °C;7-Temp at loading - Status, °C;8-Temp at Unloading - SP, °C;9-Temp at Unloading - PV, °C;10-Temp at Unloading - LL, °C;11-Temp at Unloading - UL, °C;12-Temp at Unloading - Status, °C;13-Temp 60s - PV, °C;14-Temp 30s  - PV, °C;15-Dewpoint - load - SP, °C;16-Dewpoint - load - PV, °C;17-Dewpoint - load - Lower, °C;18-Dewpoint - load - Upper, °C;19-Dewpoint - load - Status, °C;20-Dewpoint - unload - SP, °C;21-Dewpoint - unload - PV, °C;22-Dewpoint - unload - Lower, °C;23-Dewpoint - unload - Upper, °C;24-Dewpoint - unload - Status, °C;25-Dewpoint 60s - PV, °C;26-Dewpoint 30s  - PV, °C;27-Dewpoint Custom Time, Sec;28-Dewpoint Custom Time - SP, °C;29-Dewpoint Custom Time - PV, °C;30-Dewpoint Custom Time - LL, °C;31-Dewpoint Custom Time - UL, °C;32-Dewpoint Custom Time - Status;33-Soak time SP, s;34-Soak time PV, s;35-Soak time LL, s;36-Soak time UL, s;37-Soak time status;38-Dry Air Cons. Load, m³;39-Dry Air Cons. Unoad, m³;0-TB number;1-CavityNumber;2-HeatZone UL;3-HeatZone UC;4-HeatZone UR;5-HeatZone LL;6-HeatZone LC;7-HeatZone LR;8-Temp @ load - SP;9-Temp @ load - UL PV;10-Temp @ load - UC PV;11-Temp @ load - UR PV;12-Temp @ load - LL PV;13-Temp @ load - LC PV;14-Temp @ load - LR PV;15-Temp @ load - LL;16-Temp @ load - UL;17-Temp @ load - Status;18-Temp @ unload - SP;19-Temp @ unload - UL PV;20-Temp @ unload - UC PV;21-Temp @ unload - UR PV;22-Temp @ unload - LL PV;23-Temp @ unload - LC PV;24-Temp @ unload - LR PV;25-Temp @ unload - LL;26-Temp @ unload - UL;27-Temp @ unload - Status;28-Temp 60s before end - UL PV;29-Temp 60s before end - UC PV;30-Temp 60s before end - UR PV;31-Temp 60s before end - LL PV;32-Temp 60s before end - LC PV;33-Temp 60s before end - LR PV;34-Temp 30s before end - UL PV;35-Temp 30s before end - UC PV;36-Temp 30s before end - UR PV;37-Temp 30s before end - LL PV;38-Temp 30s before end - LC PV;39-Temp 30s before end - LR PV;40-CoolingFrame - UC1 - TempIn - PV;41-CoolingFrame - UC1 - TempIn - LL;42-CoolingFrame - UC1 - TempIn - UL;43-CoolingFrame - UC1 - TempIn - Status;44-CoolingFrame - UC1 - TempOut - PV;45-CoolingFrame - UC1 - TempOut - LL;46-CoolingFrame - UC1 - TempOut - UL;47-CoolingFrame - UC1 - TempOut - Status;48-CoolingFrame - UC1 - FlowOut - PV;49-CoolingFrame - UC1 - FlowOut - LL;50-CoolingFrame - UC1 - FlowOut - UL;51-CoolingFrame - UC1 - FlowOut - Status;52-CoolingFrame - UC2 - TempIn - PV;53-CoolingFrame - UC2 - TempIn - LL;54-CoolingFrame - UC2 - TempIn - UL;55-CoolingFrame - UC2 - TempIn - Status;56-CoolingFrame - UC2 - TempOut - PV;57-CoolingFrame - UC2 - TempOut - LL;58-CoolingFrame - UC2 - TempOut - UL;59-CoolingFrame - UC2 - TempOut - Status;60-CoolingFrame - UC2 - FlowOut - PV;61-CoolingFrame - UC2 - FlowOut - LL;62-CoolingFrame - UC2 - FlowOut - UL;63-CoolingFrame - UC2 - FlowOut - Status;64-CoolingFrame - LC1 - TempIn - PV;65-CoolingFrame - LC1 - TempIn - LL;66-CoolingFrame - LC1 - TempIn - UL;67-CoolingFrame - LC1 - TempIn - Status;68-CoolingFrame - LC1 - TempOut - PV;69-CoolingFrame - LC1 - TempOut - LL;70-CoolingFrame - LC1 - TempOut - UL;71-CoolingFrame - LC1 - TempOut - Status;72-CoolingFrame - LC1 - FlowOut - PV;73-CoolingFrame - LC1 - FlowOut - LL;74-CoolingFrame - LC1 - FlowOut - UL;75-CoolingFrame - LC1 - FlowOut - Status;76-CoolingFrame - LC2 - TempIn - PV;77-CoolingFrame - LC2 - TempIn - LL;78-CoolingFrame - LC2 - TempIn - UL;79-CoolingFrame - LC2 - TempIn - Status;80-CoolingFrame - LC2 - TempOut - PV;81-CoolingFrame - LC2 - TempOut - LL;82-CoolingFrame - LC2 - TempOut - UL;83-CoolingFrame - LC2 - TempOut - Status;84-CoolingFrame - LC2 - FlowOut - PV;85-CoolingFrame - LC2 - FlowOut - LL;86-CoolingFrame - LC2 - FlowOut - UL;87-CoolingFrame - LC2 - FlowOut - Status;88-SoakTime - SP;89-SoakTime - PV;90-SoakTime - LL;91-SoakTime - UL;92-Soaktime - Status;93-TimeinAir - MLF->TB, SP;94-TimeinAir - MLF->TB, PVt;95-TimeinAir - MLF->TB, LL;96-TimeinAir - MLF->TB, UL;97-TimeinAir - MLF->TB, Status;0-PYH DetailStatus;1-PYH Target °C;2-PYH  Act temp °C;3-PYH Lower limit °C;4-PYH Stop Limit °C;5-PYH Active;6-HA Active;7-HA Status;8-HA NumberOfDet;9-HA Target, °C;10-HA TempDet 1, °C;11-HA TempDet 2, °C;12-HA TempDet 3, °C;13-HA TempDet 4, °C;14-HA Lower Limit, °C;15-HA Stop Limit, °C;16-PA Active;17-PA Status;18-PA NumberOfDet;19-PA Target, %;20-PA PosDet 1, %;21-PA PosDet 2, %;22-PA PosDet 3, %;23-PA PosDet 4, %;24-PA Stop Limit, %;25-TT Active;26-TT Det1 Nr of AOI;27-TT Det2 Nr of AOI;28-TT Det3 Nr of AOI;29-TT Det4 Nr of AOI;30-TT Det1 AOI1 minTemp;31-TT Det1 AOI1 maxTemp;32-TT Det1 AOI2 minTemp;33-TT Det1 AOI2 maxTemp;34-TT Det1 AOI3 minTemp;35-TT Det1 AOI3 maxTemp;36-TT Det1 AOI4 minTemp;37-TT Det1 AOI4 maxTemp;38-TT Det2 AOI1 minTemp;39-TT Det2 AOI1 maxTemp;40-TT Det2 AOI2 minTemp;41-TT Det2 AOI2 maxTemp;42-TT Det2 AOI3 minTemp;43-TT Det2 AOI3 maxTemp;44-TT Det2 AOI4 minTemp;45-TT Det2 AOI4 maxTemp;46-TT Det3 AOI1 minTemp;47-TT Det3 AOI1 maxTemp;48-TT Det3 AOI2 minTemp;49-TT Det3 AOI2 maxTemp;50-TT Det3 AOI3 minTemp;51-TT Det3 AOI3 maxTemp;52-TT Det3 AOI4 minTemp;53-TT Det3 AOI4 maxTemp;54-TT Det4 AOI1 minTemp;55-TT Det4 AOI1 maxTemp;56-TT Det4 AOI2 minTemp;57-TT Det4 AOI2 maxTemp;58-TT Det4 AOI3 minTemp;59-TT Det4 AOI3 maxTemp;60-TT Det4 AOI4 minTemp;61-TT Det4 AOI4 maxTemp;62-TT Det1 AOI1 LL;63-TT Det1 AOI1 UL;64-TT Det1 AOI2 LL;65-TT Det1 AOI2 UL;66-TT Det1 AOI3 LL;67-TT Det1 AOI3 UL;68-TT Det1 AOI4 LL;69-TT Det1 AOI4 UL;70-TT Det2 AOI1 LL;71-TT Det2 AOI1 UL;72-TT Det2 AOI2 LL;73-TT Det2 AOI2 UL;74-TT Det2 AOI3 LL;75-TT Det2 AOI3 UL;76-TT Det2 AOI4 LL;77-TT Det2 AOI4 UL;78-TT Det3 AOI1 LL;79-TT Det3 AOI1 UL;80-TT Det3 AOI2 LL;81-TT Det3 AOI2 UL;82-TT Det3 AOI3 LL;83-TT Det3 AOI3 UL;84-TT Det3 AOI4 LL;85-TT Det3 AOI4 UL;86-TT Det4 AOI1 LL;87-TT Det4 AOI1 UL;88-TT Det4 AOI2 LL;89-TT Det4 AOI2 UL;90-TT Det4 AOI3 LL;91-TT Det4 AOI3 UL;92-TT Det4 AOI4 LL;93-TT Det4 AOI4 UL;94-Cam trig Min;95-Cam trig Sec;0-CoolingTempUpper 1-A10.32, SP;1-CoolingTempUpper 1-A10.32, PV;2-CoolingTempUpper 1-A10.32, LL;3-CoolingTempUpper 1-A10.32, UL;4-CoolingTempUpper 1-A10.34, SP;5-CoolingTempUpper 1-A10.34, PV;6-CoolingTempUpper 1-A10.34, LL;7-CoolingTempUpper 1-A10.34, UL;8-CoolingTempUpper 1-A10.42, SP;9-CoolingTempUpper 1-A10.42, PV;10-CoolingTempUpper 1-A10.42, LL;11-CoolingTempUpper 1-A10.42, UL;12-CoolingTempUpper 1-A10.44, SP;13-CoolingTempUpper 1-A10.44, PV;14-CoolingTempUpper 1-A10.44, LL;15-CoolingTempUpper 1-A10.44, UL;16-CoolingFlowUpper 1-A10.32, SP;17-CoolingFlowUpper 1-A10.32, PV;18-CoolingFlowUpper 1-A10.32, LL;19-CoolingFlowUpper 1-A10.32, UL;20-CoolingFlowUpper 1-A10.34, SP;21-CoolingFlowUpper 1-A10.34, PV;22-CoolingFlowUpper 1-A10.34, LL;23-CoolingFlowUpper 1-A10.34, UL;24-CoolingFlowUpper 1-A10.42, SP;25-CoolingFlowUpper 1-A10.42, PV;26-CoolingFlowUpper 1-A10.42, LL;27-CoolingFlowUpper 1-A10.42, UL;28-CoolingFlowUpper 1-A10.44, SP;29-CoolingFlowUpper 1-A10.44, PV;30-CoolingFlowUpper 1-A10.44, LL;31-CoolingFlowUpper 1-A10.44, UL;32-CoolingTempLower 1-A10.12, SP;33-CoolingTempLower 1-A10.12, PV;34-CoolingTempLower 1-A10.12, LL;35-CoolingTempLower 1-A10.12, UL;36-CoolingTempLower 1-A10.14, SP;37-CoolingTempLower 1-A10.14, PV;38-CoolingTempLower 1-A10.14, LL;39-CoolingTempLower 1-A10.14, UL;40-CoolingTempLower 1-A10.22, SP;41-CoolingTempLower 1-A10.22, PV;42-CoolingTempLower 1-A10.22, LL;43-CoolingTempLower 1-A10.22, UL;44-CoolingTempLower 1-A10.24, SP;45-CoolingTempLower 1-A10.24, PV;46-CoolingTempLower 1-A10.24, LL;47-CoolingTempLower 1-A10.24, UL;48-CoolingFlowLower 1-A10.12, SP;49-CoolingFlowLower 1-A10.12, PV;50-CoolingFlowLower 1-A10.12, LL;51-CoolingFlowLower 1-A10.12, UL;52-CoolingFlowLower 1-A10.14, SP;53-CoolingFlowLower 1-A10.14, PV;54-CoolingFlowLower 1-A10.14, LL;55-CoolingFlowLower 1-A10.14, UL;56-CoolingFlowLower 1-A10.22, SP;57-CoolingFlowLower 1-A10.22, PV;58-CoolingFlowLower 1-A10.22, LL;59-CoolingFlowLower 1-A10.22, UL;60-CoolingFlowLower 1-A10.24, SP;61-CoolingFlowLower 1-A10.24, PV;62-CoolingFlowLower 1-A10.24, LL;63-CoolingFlowLower 1-A10.24, UL;64-CoolingPressureUpper 1-A10.33, SP;65-CoolingPressureUpper 1-A10.33, PV;66-CoolingPressureUpper 1-A10.33, LL;67-CoolingPressureUpper 1-A10.33, UL;68-CoolingPressureUpper 1-A10.35, SP;69-CoolingPressureUpper 1-A10.35, PV;70-CoolingPressureUpper 1-A10.35, LL;71-CoolingPressureUpper 1-A10.35, UL;72-CoolingPressureUpper 1-A10.43, SP;73-CoolingPressureUpper 1-A10.43, PV;74-CoolingPressureUpper 1-A10.43, LL;75-CoolingPressureUpper 1-A10.43, UL;76-CoolingPressureUpper 1-A10.45, SP;77-CoolingPressureUpper 1-A10.45, PV;78-CoolingPressureUpper 1-A10.45, LL;79-CoolingPressureUpper 1-A10.45, UL;80-CoolingPressureLower 1-A10.13, SP;81-CoolingPressureLower 1-A10.13, PV;82-CoolingPressureLower 1-A10.13, LL;83-CoolingPressureLower 1-A10.13, UL;84-CoolingPressureLower 1-A10.15, SP;85-CoolingPressureLower 1-A10.15, PV;86-CoolingPressureLower 1-A10.15, LL;87-CoolingPressureLower 1-A10.15, UL;88-CoolingPressureLower 1-A10.23, SP;89-CoolingPressureLower 1-A10.23, PV;90-CoolingPressureLower 1-A10.23, LL;91-CoolingPressureLower 1-A10.23, UL;92-CoolingPressureLower 1-A10.25, SP;93-CoolingPressureLower 1-A10.25, PV;94-CoolingPressureLower 1-A10.25, LL;95-CoolingPressureLower 1-A10.25, UL;96-CoolingTemp Status;97-CoolingFlowStatus;98-CoolingPressureStatus;99-Press force, SP;100-Press force, PV;101-Press force, LL;102-Press force, UL;103-Press force, Status;104-Dwell time, SP;105-Dwell time, PV;106-Dwell time, LL;107-Dwell time, UL;108-Dwell time, Status;109-Closing time, SP;110-Closing time, PV;111-Closing time, LL;112-Closing time, UL;113-Closing time, Status;114-TimeinAir MLF/TB -> Press, SP;115-TimeinAir MLF/TB -> Press, PVt;116-TimeinAir MLF/TB -> Press, LL;117-TimeinAir MLF/TB -> Press, UL;118-TimeinAir MLF/TB -> Press, Status;0-PYC Status;1-PYC Target, °C;2-PYC Act temp °C;3-PYC Upper Limit, °C;4-PYC  Active;5-CA Active;6-CA Cold Status;7-CA NumberOfDet;8-CA Target, °C;9-CA TempDet 1, °C;10-CA TempDet 2, °C;11-CA TempDet 3, °C;12-CA TempDet 4, °C;13-CA LimitScrap °C;Recipe MLF;Recipe IPM;Recipe Pr1
20260325_19:13:20;18259;1;2;950;947.6;925;975;OK;950;951.5;925;975;OK;951.3;951.4;-20;-19.4;-50;-25;NOK;-20;-19.1;-50;-25;NOK;-18.6;-18.7;0;-20;-19.5;-50;-25;NOK;300;345;300;500;OK;0;0;N/A;N/A;N/A;N/A;N/A;N/A;N/A;N/A;N/A;N/A;N/A;N/A;N/A;N/A;N/A;N/A;N/A;N/A;N/A;N/A;N/A;N/A;N/A;N/A;N/A;N/A;N/A;N/A;N/A;N/A;N/A;N/A;N/A;N/A;N/A;N/A;N/A;N/A;N/A;N/A;N/A;N/A;N/A;N/A;N/A;N/A;N/A;N/A;N/A;N/A;N/A;N/A;N/A;N/A;N/A;N/A;N/A;N/A;N/A;N/A;N/A;N/A;N/A;N/A;N/A;N/A;N/A;N/A;N/A;N/A;N/A;N/A;N/A;N/A;N/A;N/A;N/A;N/A;N/A;N/A;N/A;N/A;N/A;N/A;N/A;N/A;N/A;N/A;N/A;N/A;N/A;N/A;N/A;N/A;N/A;N/A;N/A;N/A;;0;322.1;0;0;;Disabled;TempStop;2;700;322.9;262.4;0;0;599.9;549.9;Enabled;PosOk;2;0;0;0;0;0;15;Disabled;0;0;0;0;0;0;0;0;0;0;0;0;0;0;0;0;0;0;0;0;0;0;0;0;0;0;0;0;0;0;0;0;0;0;0;0;0;0;0;0;0;0;0;0;0;0;0;0;0;0;0;0;0;0;0;0;0;0;0;0;0;0;0;0;0;0;0;0;0;0;30;30;20;45;30;30;20;45;30;30;20;45;30;30;20;45;200;140;100;300;200;138;100;300;200;139;100;300;200;139;100;300;30;30;20;45;30;30;20;45;30;30;20;45;30;30;20;45;200;143;100;300;200;143;100;300;200;233;100;300;200;234;100;300;4;2;0.4;6;4;5;0.4;6;4;2;0.4;6;4;5;0.4;6;4;2;0.4;6;4;5;0.4;6;4;3;0.4;6;4;5;0.4;6;NOK;NOK;OK;7000;7095;6500;8100;OK;4.96;0;8;12;NOK;N/A;1.5;N/A;N/A;N/A;9;11.7;7;18;OK;;0;0;0;-;Disabled;TempOk;2;230;35.9;35.9;0;0;349.9;441345100 daimler 1500 1900;441345100 daimler 1500 1900;441345100 Daimler 1500 1900
20260325_19:15:21;0;3;2;950;947.7;925;975;OK;950;952;925;975;OK;951.8;951.8;-20;-45.8;-50;-25;OK;-20;-30.3;-50;-25;OK;-22.1;-23.9;0;-20;-45.8;-50;-25;OK;300;422;300;500;OK;0;0;N/A;N/A;N/A;N/A;N/A;N/A;N/A;N/A;N/A;N/A;N/A;N/A;N/A;N/A;N/A;N/A;N/A;N/A;N/A;N/A;N/A;N/A;N/A;N/A;N/A;N/A;N/A;N/A;N/A;N/A;N/A;N/A;N/A;N/A;N/A;N/A;N/A;N/A;N/A;N/A;N/A;N/A;N/A;N/A;N/A;N/A;N/A;N/A;N/A;N/A;N/A;N/A;N/A;N/A;N/A;N/A;N/A;N/A;N/A;N/A;N/A;N/A;N/A;N/A;N/A;N/A;N/A;N/A;N/A;N/A;N/A;N/A;N/A;N/A;N/A;N/A;N/A;N/A;N/A;N/A;N/A;N/A;N/A;N/A;N/A;N/A;N/A;N/A;N/A;N/A;N/A;N/A;N/A;N/A;N/A;N/A;N/A;N/A;;0;320.3;0;0;;Disabled;TempStop;2;700;321.4;261.3;0;0;599.9;549.9;Enabled;PosOk;2;0;0;0;0;0;15;Disabled;0;0;0;0;0;0;0;0;0;0;0;0;0;0;0;0;0;0;0;0;0;0;0;0;0;0;0;0;0;0;0;0;0;0;0;0;0;0;0;0;0;0;0;0;0;0;0;0;0;0;0;0;0;0;0;0;0;0;0;0;0;0;0;0;0;0;0;0;0;0;30;30;20;45;30;29;20;45;30;30;20;45;30;29;20;45;200;140;100;300;200;138;100;300;200;139;100;300;200;139;100;300;30;30;20;45;30;29;20;45;30;30;20;45;30;29;20;45;200;144;100;300;200;143;100;300;200;233;100;300;200;234;100;300;4;2;0.4;6;4;5;0.4;6;4;2;0.4;6;4;5;0.4;6;4;2;0.4;6;4;5;0.4;6;4;2;0.4;6;4;5;0.4;6;NOK;NOK;OK;7000;7103;6500;8100;OK;4.95;0;8;12;NOK;N/A;1.5;N/A;N/A;N/A;9;12.2;7;18;OK;;0;0;0;-;Disabled;TempOk;2;230;36.4;36.7;0;0;349.9;441345100 daimler 1500 1900;441345100 daimler 1500 1900;441345100 Daimler 1500 1900
20260325_19:16:07;0;1;3;950;947.9;925;975;OK;950;951.3;925;975;OK;951.2;951.5;-20;-15.3;-50;-25;NOK;-20;-17.9;-50;-25;NOK;-19.6;-20;0;-20;-15.2;-50;-25;NOK;300;422;300;500;OK;0;0;N/A;N/A;N/A;N/A;N/A;N/A;N/A;N/A;N/A;N/A;N/A;N/A;N/A;N/A;N/A;N/A;N/A;N/A;N/A;N/A;N/A;N/A;N/A;N/A;N/A;N/A;N/A;N/A;N/A;N/A;N/A;N/A;N/A;N/A;N/A;N/A;N/A;N/A;N/A;N/A;N/A;N/A;N/A;N/A;N/A;N/A;N/A;N/A;N/A;N/A;N/A;N/A;N/A;N/A;N/A;N/A;N/A;N/A;N/A;N/A;N/A;N/A;N/A;N/A;N/A;N/A;N/A;N/A;N/A;N/A;N/A;N/A;N/A;N/A;N/A;N/A;N/A;N/A;N/A;N/A;N/A;N/A;N/A;N/A;N/A;N/A;N/A;N/A;N/A;N/A;N/A;N/A;N/A;N/A;N/A;N/A;N/A;N/A;;0;321.6;0;0;;Disabled;TempStop;2;700;321.1;267.7;0;0;599.9;549.9;Enabled;PosOk;2;0;0;0;0;0;15;Disabled;0;0;0;0;0;0;0;0;0;0;0;0;0;0;0;0;0;0;0;0;0;0;0;0;0;0;0;0;0;0;0;0;0;0;0;0;0;0;0;0;0;0;0;0;0;0;0;0;0;0;0;0;0;0;0;0;0;0;0;0;0;0;0;0;0;0;0;0;15;42;30;30;20;45;30;29;20;45;30;30;20;45;30;29;20;45;200;140;100;300;200;139;100;300;200;139;100;300;200;139;100;300;30;29;20;45;30;29;20;45;30;29;20;45;30;29;20;45;200;144;100;300;200;143;100;300;200;233;100;300;200;234;100;300;4;2;0.4;6;4;5;0.4;6;4;2;0.4;6;4;5;0.4;6;4;2;0.4;6;4;5;0.4;6;4;2;0.4;6;4;5;0.4;6;NOK;NOK;OK;7000;7115;6500;8100;OK;4.96;0;8;12;NOK;N/A;1.5;N/A;N/A;N/A;9;11.9;7;18;OK;;0;0;0;-;Disabled;TempOk;2;230;35.9;36.2;0;0;349.9;441345100 daimler 1500 1900;441345100 daimler 1500 1900;441345100 Daimler 1500 1900
20260325_19:16:54;0;3;3;950;947.3;925;975;OK;950;951.3;925;975;OK;951.2;951.2;-20;-52.2;-50;-25;OK;-20;-26;-50;-25;OK;-19.1;-20.5;0;-20;-52.2;-50;-25;OK;300;424;300;500;OK;0;0;N/A;N/A;N/A;N/A;N/A;N/A;N/A;N/A;N/A;N/A;N/A;N/A;N/A;N/A;N/A;N/A;N/A;N/A;N/A;N/A;N/A;N/A;N/A;N/A;N/A;N/A;N/A;N/A;N/A;N/A;N/A;N/A;N/A;N/A;N/A;N/A;N/A;N/A;N/A;N/A;N/A;N/A;N/A;N/A;N/A;N/A;N/A;N/A;N/A;N/A;N/A;N/A;N/A;N/A;N/A;N/A;N/A;N/A;N/A;N/A;N/A;N/A;N/A;N/A;N/A;N/A;N/A;N/A;N/A;N/A;N/A;N/A;N/A;N/A;N/A;N/A;N/A;N/A;N/A;N/A;N/A;N/A;N/A;N/A;N/A;N/A;N/A;N/A;N/A;N/A;N/A;N/A;N/A;N/A;N/A;N/A;N/A;N/A;;0;320.4;0;0;;Disabled;TempStop;2;700;320.4;268;0;0;599.9;549.9;Enabled;PosOk;2;0;0;0;0;0;15;Disabled;0;0;0;0;0;0;0;0;0;0;0;0;0;0;0;0;0;0;0;0;0;0;0;0;0;0;0;0;0;0;0;0;0;0;0;0;0;0;0;0;0;0;0;0;0;0;0;0;0;0;0;0;0;0;0;0;0;0;0;0;0;0;0;0;0;0;0;0;0;0;30;30;20;45;30;29;20;45;30;30;20;45;30;29;20;45;200;140;100;300;200;139;100;300;200;140;100;300;200;139;100;300;30;30;20;45;30;29;20;45;30;30;20;45;30;29;20;45;200;144;100;300;200;143;100;300;200;233;100;300;200;234;100;300;4;2;0.4;6;4;5;0.4;6;4;2;0.4;6;4;5;0.4;6;4;2;0.4;6;4;5;0.4;6;4;2;0.4;6;4;5;0.4;6;NOK;NOK;OK;7000;7112;6500;8100;OK;4.96;0;8;12;NOK;N/A;1.5;N/A;N/A;N/A;9;12;7;18;OK;;0;0;0;-;Disabled;TempOk;2;230;35.9;36.4;0;0;349.9;441345100 daimler 1500 1900;441345100 daimler 1500 1900;441345100 Daimler 1500 1900
20260325_19:17:40;0;1;4;950;946.1;925;975;OK;950;950.5;925;975;OK;950.4;950.6;-20;-13.6;-50;-25;NOK;-20;-16.1;-50;-25;NOK;-18.8;-18.3;0;-20;-13.5;-50;-25;NOK;300;425;300;500;OK;0;0;N/A;N/A;N/A;N/A;N/A;N/A;N/A;N/A;N/A;N/A;N/A;N/A;N/A;N/A;N/A;N/A;N/A;N/A;N/A;N/A;N/A;N/A;N/A;N/A;N/A;N/A;N/A;N/A;N/A;N/A;N/A;N/A;N/A;N/A;N/A;N/A;N/A;N/A;N/A;N/A;N/A;N/A;N/A;N/A;N/A;N/A;N/A;N/A;N/A;N/A;N/A;N/A;N/A;N/A;N/A;N/A;N/A;N/A;N/A;N/A;N/A;N/A;N/A;N/A;N/A;N/A;N/A;N/A;N/A;N/A;N/A;N/A;N/A;N/A;N/A;N/A;N/A;N/A;N/A;N/A;N/A;N/A;N/A;N/A;N/A;N/A;N/A;N/A;N/A;N/A;N/A;N/A;N/A;N/A;N/A;N/A;N/A;N/A;;0;321.1;0;0;;Disabled;TempStop;2;700;321.7;269.3;0;0;599.9;549.9;Enabled;PosOk;2;0;0;0;0;0;15;Disabled;0;0;0;0;0;0;0;0;0;0;0;0;0;0;0;0;0;0;0;0;0;0;0;0;0;0;0;0;0;0;0;0;0;0;0;0;0;0;0;0;0;0;0;0;0;0;0;0;0;0;0;0;0;0;0;0;0;0;0;0;0;0;0;0;0;0;0;0;17;15;30;30;20;45;30;30;20;45;30;31;20;45;30;30;20;45;200;141;100;300;200;139;100;300;200;140;100;300;200;140;100;300;30;30;20;45;30;30;20;45;30;30;20;45;30;30;20;45;200;144;100;300;200;143;100;300;200;233;100;300;200;234;100;300;4;2;0.4;6;4;5;0.4;6;4;2;0.4;6;4;5;0.4;6;4;2;0.4;6;4;5;0.4;6;4;3;0.4;6;4;5;0.4;6;NOK;NOK;OK;7000;7107;6500;8100;OK;4.96;0;8;12;NOK;N/A;1.5;N/A;N/A;N/A;9;11.7;7;18;OK;;0;0;0;-;Disabled;TempOk;2;230;36.7;36.9;0;0;349.9;441345100 daimler 1500 1900;441345100 daimler 1500 1900;441345100 Daimler 1500 1900
20260325_19:29:27;18260;1;2;950;948.1;925;975;OK;950;951.3;925;975;OK;951.5;951.4;-20;-18.7;-50;-25;NOK;-20;-18.9;-50;-25;NOK;-18.2;-18.4;0;-20;-18.7;-50;-25;NOK;300;323;300;500;OK;0;0;N/A;N/A;N/A;N/A;N/A;N/A;N/A;N/A;N/A;N/A;N/A;N/A;N/A;N/A;N/A;N/A;N/A;N/A;N/A;N/A;N/A;N/A;N/A;N/A;N/A;N/A;N/A;N/A;N/A;N/A;N/A;N/A;N/A;N/A;N/A;N/A;N/A;N/A;N/A;N/A;N/A;N/A;N/A;N/A;N/A;N/A;N/A;N/A;N/A;N/A;N/A;N/A;N/A;N/A;N/A;N/A;N/A;N/A;N/A;N/A;N/A;N/A;N/A;N/A;N/A;N/A;N/A;N/A;N/A;N/A;N/A;N/A;N/A;N/A;N/A;N/A;N/A;N/A;N/A;N/A;N/A;N/A;N/A;N/A;N/A;N/A;N/A;N/A;N/A;N/A;N/A;N/A;N/A;N/A;N/A;N/A;N/A;N/A;;0;321.6;0;0;;Disabled;TempStop;2;700;322.8;272.1;0;0;599.9;549.9;Enabled;PosOk;2;0;0;0;0;0;15;Disabled;0;0;0;0;0;0;0;0;0;0;0;0;0;0;0;0;0;0;0;0;0;0;0;0;0;0;0;0;0;0;0;0;0;0;0;0;0;0;0;0;0;0;0;0;0;0;0;0;0;0;0;0;0;0;0;0;0;0;0;0;0;0;0;0;0;0;0;0;0;0;30;30;20;45;30;30;20;45;30;30;20;45;30;30;20;45;200;141;100;300;200;139;100;300;200;140;100;300;200;139;100;300;30;30;20;45;30;30;20;45;30;30;20;45;30;30;20;45;200;144;100;300;200;143;100;300;200;233;100;300;200;234;100;300;4;2;0.4;6;4;5;0.4;6;4;2;0.4;6;4;5;0.4;6;4;2;0.4;6;4;5;0.4;6;4;2;0.4;6;4;5;0.4;6;NOK;NOK;OK;7000;7109;6500;8100;OK;4.96;0;8;12;NOK;N/A;1.5;N/A;N/A;N/A;9;12.3;7;18;OK;;0;0;0;-;Disabled;TempOk;2;230;36.4;36.2;0;0;349.9;441345100 daimler 1500 1900;441345100 daimler 1500 1900;441345100 Daimler 1500 1900
20260325_19:30:14;0;3;2;950;947.9;925;975;OK;950;951.8;925;975;OK;951.6;951.5;-20;-33;-50;-25;OK;-20;-24.1;-50;-25;NOK;-20.1;-21.7;0;-20;-33;-50;-25;OK;300;324;300;500;OK;0;0;N/A;N/A;N/A;N/A;N/A;N/A;N/A;N/A;N/A;N/A;N/A;N/A;N/A;N/A;N/A;N/A;N/A;N/A;N/A;N/A;N/A;N/A;N/A;N/A;N/A;N/A;N/A;N/A;N/A;N/A;N/A;N/A;N/A;N/A;N/A;N/A;N/A;N/A;N/A;N/A;N/A;N/A;N/A;N/A;N/A;N/A;N/A;N/A;N/A;N/A;N/A;N/A;N/A;N/A;N/A;N/A;N/A;N/A;N/A;N/A;N/A;N/A;N/A;N/A;N/A;N/A;N/A;N/A;N/A;N/A;N/A;N/A;N/A;N/A;N/A;N/A;N/A;N/A;N/A;N/A;N/A;N/A;N/A;N/A;N/A;N/A;N/A;N/A;N/A;N/A;N/A;N/A;N/A;N/A;N/A;N/A;N/A;N/A;;0;319.7;0;0;;Disabled;TempStop;2;700;320.9;269.8;0;0;599.9;549.9;Enabled;PosOk;2;0;0;0;0;0;15;Disabled;0;0;0;0;0;0;0;0;0;0;0;0;0;0;0;0;0;0;0;0;0;0;0;0;0;0;0;0;0;0;0;0;0;0;0;0;0;0;0;0;0;0;0;0;0;0;0;0;0;0;0;0;0;0;0;0;0;0;0;0;0;0;0;0;0;0;0;0;0;0;30;31;20;45;30;30;20;45;30;31;20;45;30;30;20;45;200;141;100;300;200;139;100;300;200;140;100;300;200;139;100;300;30;30;20;45;30;30;20;45;30;30;20;45;30;30;20;45;200;144;100;300;200;143;100;300;200;233;100;300;200;234;100;300;4;2;0.4;6;4;5;0.4;6;4;2;0.4;6;4;5;0.4;6;4;2;0.4;6;4;5;0.4;6;4;2;0.4;6;4;5;0.4;6;NOK;NOK;OK;7000;7114;6500;8100;OK;4.96;0;8;12;NOK;N/A;1.5;N/A;N/A;N/A;9;12;7;18;OK;;0;0;0;-;Disabled;TempOk;2;230;35.9;35.9;0;0;349.9;441345100 daimler 1500 1900;441345100 daimler 1500 1900;441345100 Daimler 1500 1900
20260325_19:31:00;0;1;3;950;948.3;925;975;OK;950;951.4;925;975;OK;951.3;951.4;-20;-14.5;-50;-25;NOK;-20;-15;-50;-25;NOK;-19.4;-19.8;0;-20;-14.4;-50;-25;NOK;300;325;300;500;OK;0;0;N/A;N/A;N/A;N/A;N/A;N/A;N/A;N/A;N/A;N/A;N/A;N/A;N/A;N/A;N/A;N/A;N/A;N/A;N/A;N/A;N/A;N/A;N/A;N/A;N/A;N/A;N/A;N/A;N/A;N/A;N/A;N/A;N/A;N/A;N/A;N/A;N/A;N/A;N/A;N/A;N/A;N/A;N/A;N/A;N/A;N/A;N/A;N/A;N/A;N/A;N/A;N/A;N/A;N/A;N/A;N/A;N/A;N/A;N/A;N/A;N/A;N/A;N/A;N/A;N/A;N/A;N/A;N/A;N/A;N/A;N/A;N/A;N/A;N/A;N/A;N/A;N/A;N/A;N/A;N/A;N/A;N/A;N/A;N/A;N/A;N/A;N/A;N/A;N/A;N/A;N/A;N/A;N/A;N/A;N/A;N/A;N/A;N/A;;0;322.1;0;0;;Disabled;TempStop;2;700;323.3;271.6;0;0;599.9;549.9;Enabled;PosOk;2;0;0;0;0;0;15;Disabled;0;0;0;0;0;0;0;0;0;0;0;0;0;0;0;0;0;0;0;0;0;0;0;0;0;0;0;0;0;0;0;0;0;0;0;0;0;0;0;0;0;0;0;0;0;0;0;0;0;0;0;0;0;0;0;0;0;0;0;0;0;0;0;0;0;0;0;0;30;34;30;31;20;45;30;30;20;45;30;31;20;45;30;30;20;45;200;141;100;300;200;139;100;300;200;139;100;300;200;139;100;300;30;31;20;45;30;30;20;45;30;30;20;45;30;30;20;45;200;145;100;300;200;143;100;300;200;232;100;300;200;233;100;300;4;2;0.4;6;4;5;0.4;6;4;2;0.4;6;4;5;0.4;6;4;2;0.4;6;4;5;0.4;6;4;3;0.4;6;4;5;0.4;6;NOK;NOK;OK;7000;7125;6500;8100;OK;4.97;0;8;12;NOK;N/A;1.5;N/A;N/A;N/A;9;11.9;7;18;OK;;0;0;0;-;Disabled;TempOk;2;230;36.2;36.2;0;0;349.9;441345100 daimler 1500 1900;441345100 daimler 1500 1900;441345100 Daimler 1500 1900
20260325_19:31:46;0;3;3;950;947.7;925;975;OK;950;951.4;925;975;OK;951.4;951.3;-20;-28.6;-50;-25;OK;-20;-19.3;-50;-25;NOK;-16.4;-17.9;0;-20;-28.3;-50;-25;OK;300;327;300;500;OK;0;0;N/A;N/A;N/A;N/A;N/A;N/A;N/A;N/A;N/A;N/A;N/A;N/A;N/A;N/A;N/A;N/A;N/A;N/A;N/A;N/A;N/A;N/A;N/A;N/A;N/A;N/A;N/A;N/A;N/A;N/A;N/A;N/A;N/A;N/A;N/A;N/A;N/A;N/A;N/A;N/A;N/A;N/A;N/A;N/A;N/A;N/A;N/A;N/A;N/A;N/A;N/A;N/A;N/A;N/A;N/A;N/A;N/A;N/A;N/A;N/A;N/A;N/A;N/A;N/A;N/A;N/A;N/A;N/A;N/A;N/A;N/A;N/A;N/A;N/A;N/A;N/A;N/A;N/A;N/A;N/A;N/A;N/A;N/A;N/A;N/A;N/A;N/A;N/A;N/A;N/A;N/A;N/A;N/A;N/A;N/A;N/A;N/A;N/A;;0;320;0;0;;Disabled;TempStop;2;700;321.8;270.2;0;0;599.9;549.9;Enabled;PosOk;2;0;0;0;0;0;15;Disabled;0;0;0;0;0;0;0;0;0;0;0;0;0;0;0;0;0;0;0;0;0;0;0;0;0;0;0;0;0;0;0;0;0;0;0;0;0;0;0;0;0;0;0;0;0;0;0;0;0;0;0;0;0;0;0;0;0;0;0;0;0;0;0;0;0;0;0;0;0;0;30;31;20;45;30;30;20;45;30;31;20;45;30;30;20;45;200;141;100;300;200;140;100;300;200;140;100;300;200;140;100;300;30;31;20;45;30;30;20;45;30;30;20;45;30;30;20;45;200;144;100;300;200;143;100;300;200;232;100;300;200;234;100;300;4;2;0.4;6;4;5;0.4;6;4;2;0.4;6;4;5;0.4;6;4;2;0.4;6;4;5;0.4;6;4;2;0.4;6;4;5;0.4;6;NOK;NOK;OK;7000;7123;6500;8100;OK;4.97;0;8;12;NOK;N/A;1.5;N/A;N/A;N/A;9;11.8;7;18;OK;;0;0;0;-;Disabled;TempOk;2;230;36.4;36.2;0;0;349.9;441345100 daimler 1500 1900;441345100 daimler 1500 1900;441345100 Daimler 1500 1900
20260325_19:32:32;0;1;4;950;946.6;925;975;OK;950;950.7;925;975;OK;950.7;950.7;-20;-13;-50;-25;NOK;-20;-12.2;-50;-25;NOK;-17.4;-16.6;0;-20;-12.9;-50;-25;NOK;300;327;300;500;OK;0;0;N/A;N/A;N/A;N/A;N/A;N/A;N/A;N/A;N/A;N/A;N/A;N/A;N/A;N/A;N/A;N/A;N/A;N/A;N/A;N/A;N/A;N/A;N/A;N/A;N/A;N/A;N/A;N/A;N/A;N/A;N/A;N/A;N/A;N/A;N/A;N/A;N/A;N/A;N/A;N/A;N/A;N/A;N/A;N/A;N/A;N/A;N/A;N/A;N/A;N/A;N/A;N/A;N/A;N/A;N/A;N/A;N/A;N/A;N/A;N/A;N/A;N/A;N/A;N/A;N/A;N/A;N/A;N/A;N/A;N/A;N/A;N/A;N/A;N/A;N/A;N/A;N/A;N/A;N/A;N/A;N/A;N/A;N/A;N/A;N/A;N/A;N/A;N/A;N/A;N/A;N/A;N/A;N/A;N/A;N/A;N/A;N/A;N/A;;0;321.9;0;0;;Disabled;TempStop;2;700;323.4;271.7;0;0;599.9;549.9;Enabled;PosOk;2;0;0;0;0;0;15;Disabled;0;0;0;0;0;0;0;0;0;0;0;0;0;0;0;0;0;0;0;0;0;0;0;0;0;0;0;0;0;0;0;0;0;0;0;0;0;0;0;0;0;0;0;0;0;0;0;0;0;0;0;0;0;0;0;0;0;0;0;0;0;0;0;0;0;0;0;0;32;6;30;31;20;45;30;30;20;45;30;31;20;45;30;30;20;45;200;141;100;300;200;140;100;300;200;140;100;300;200;140;100;300;30;31;20;45;30;30;20;45;30;31;20;45;30;30;20;45;200;144;100;300;200;143;100;300;200;233;100;300;200;234;100;300;4;2;0.4;6;4;5;0.4;6;4;2;0.4;6;4;5;0.4;6;4;2;0.4;6;4;5;0.4;6;4;3;0.4;6;4;5;0.4;6;NOK;NOK;OK;7000;7120;6500;8100;OK;4.97;0;8;12;NOK;N/A;1.5;N/A;N/A;N/A;9;12.3;7;18;OK;;0;0;0;-;Disabled;TempOk;2;230;36.2;35.9;0;0;349.9;441345100 daimler 1500 1900;441345100 daimler 1500 1900;441345100 Daimler 1500 1900
20260325_19:33:18;0;3;4;950;947.6;925;975;OK;950;951.5;925;975;OK;951.2;951.4;-20;-20.8;-50;-25;NOK;-20;-15.6;-50;-25;NOK;-21.4;-21.1;0;-20;-20.6;-50;-25;NOK;300;329;300;500;OK;0;0;N/A;N/A;N/A;N/A;N/A;N/A;N/A;N/A;N/A;N/A;N/A;N/A;N/A;N/A;N/A;N/A;N/A;N/A;N/A;N/A;N/A;N/A;N/A;N/A;N/A;N/A;N/A;N/A;N/A;N/A;N/A;N/A;N/A;N/A;N/A;N/A;N/A;N/A;N/A;N/A;N/A;N/A;N/A;N/A;N/A;N/A;N/A;N/A;N/A;N/A;N/A;N/A;N/A;N/A;N/A;N/A;N/A;N/A;N/A;N/A;N/A;N/A;N/A;N/A;N/A;N/A;N/A;N/A;N/A;N/A;N/A;N/A;N/A;N/A;N/A;N/A;N/A;N/A;N/A;N/A;N/A;N/A;N/A;N/A;N/A;N/A;N/A;N/A;N/A;N/A;N/A;N/A;N/A;N/A;N/A;N/A;N/A;N/A;;0;320.3;0;0;;Disabled;TempStop;2;700;321.4;270.4;0;0;599.9;549.9;Enabled;PosOk;2;0;0;0;0;0;15;Disabled;0;0;0;0;0;0;0;0;0;0;0;0;0;0;0;0;0;0;0;0;0;0;0;0;0;0;0;0;0;0;0;0;0;0;0;0;0;0;0;0;0;0;0;0;0;0;0;0;0;0;0;0;0;0;0;0;0;0;0;0;0;0;0;0;0;0;0;0;0;0;30;31;20;45;30;30;20;45;30;31;20;45;30;30;20;45;200;141;100;300;200;139;100;300;200;140;100;300;200;139;100;300;30;31;20;45;30;30;20;45;30;30;20;45;30;30;20;45;200;144;100;300;200;143;100;300;200;233;100;300;200;234;100;300;4;2;0.4;6;4;5;0.4;6;4;2;0.4;6;4;5;0.4;6;4;2;0.4;6;4;5;0.4;6;4;2;0.4;6;4;5;0.4;6;NOK;NOK;OK;7000;7117;6500;8100;OK;4.97;0;8;12;NOK;N/A;1.5;N/A;N/A;N/A;9;12.4;7;18;OK;;0;0;0;-;Disabled;TempOk;2;230;36.7;36.9;0;0;349.9;441345100 daimler 1500 1900;441345100 daimler 1500 1900;441345100 Daimler 1500 1900
20260325_19:34:05;0;3;5;950;948.2;925;975;OK;950;951;925;975;OK;952.1;950.7;-20;-28.7;-50;-25;OK;-20;-21.3;-50;-25;NOK;-22.4;-22.9;0;-20;-28.1;-50;-25;OK;300;330;300;500;OK;0;0;N/A;N/A;N/A;N/A;N/A;N/A;N/A;N/A;N/A;N/A;N/A;N/A;N/A;N/A;N/A;N/A;N/A;N/A;N/A;N/A;N/A;N/A;N/A;N/A;N/A;N/A;N/A;N/A;N/A;N/A;N/A;N/A;N/A;N/A;N/A;N/A;N/A;N/A;N/A;N/A;N/A;N/A;N/A;N/A;N/A;N/A;N/A;N/A;N/A;N/A;N/A;N/A;N/A;N/A;N/A;N/A;N/A;N/A;N/A;N/A;N/A;N/A;N/A;N/A;N/A;N/A;N/A;N/A;N/A;N/A;N/A;N/A;N/A;N/A;N/A;N/A;N/A;N/A;N/A;N/A;N/A;N/A;N/A;N/A;N/A;N/A;N/A;N/A;N/A;N/A;N/A;N/A;N/A;N/A;N/A;N/A;N/A;N/A;;0;320.1;0;0;;Disabled;TempStop;2;700;321.8;269.5;0;0;599.9;549.9;Enabled;PosOk;2;0;0;0;0;0;15;Disabled;0;0;0;0;0;0;0;0;0;0;0;0;0;0;0;0;0;0;0;0;0;0;0;0;0;0;0;0;0;0;0;0;0;0;0;0;0;0;0;0;0;0;0;0;0;0;0;0;0;0;0;0;0;0;0;0;0;0;0;0;0;0;0;0;0;0;0;0;0;0;30;30;20;45;30;29;20;45;30;31;20;45;30;29;20;45;200;141;100;300;200;139;100;300;200;140;100;300;200;139;100;300;30;30;20;45;30;29;20;45;30;29;20;45;30;29;20;45;200;144;100;300;200;143;100;300;200;234;100;300;200;235;100;300;4;2;0.4;6;4;5;0.4;6;4;2;0.4;6;4;5;0.4;6;4;2;0.4;6;4;5;0.4;6;4;3;0.4;6;4;5;0.4;6;NOK;NOK;OK;7000;7122;6500;8100;OK;4.97;0;8;12;NOK;N/A;1.5;N/A;N/A;N/A;9;12.4;7;18;OK;;0;0;0;-;Disabled;TempOk;2;230;36.4;37.7;0;0;349.9;441345100 daimler 1500 1900;441345100 daimler 1500 1900;441345100 Daimler 1500 1900
20260325_19:34:51;0;1;2;950;940.3;925;975;OK;950;951.5;925;975;OK;951.6;951.5;-20;-19;-50;-25;NOK;-20;-17.9;-50;-25;NOK;-17.6;-17.6;0;-20;-19;-50;-25;NOK;300;311;300;500;OK;0;0;N/A;N/A;N/A;N/A;N/A;N/A;N/A;N/A;N/A;N/A;N/A;N/A;N/A;N/A;N/A;N/A;N/A;N/A;N/A;N/A;N/A;N/A;N/A;N/A;N/A;N/A;N/A;N/A;N/A;N/A;N/A;N/A;N/A;N/A;N/A;N/A;N/A;N/A;N/A;N/A;N/A;N/A;N/A;N/A;N/A;N/A;N/A;N/A;N/A;N/A;N/A;N/A;N/A;N/A;N/A;N/A;N/A;N/A;N/A;N/A;N/A;N/A;N/A;N/A;N/A;N/A;N/A;N/A;N/A;N/A;N/A;N/A;N/A;N/A;N/A;N/A;N/A;N/A;N/A;N/A;N/A;N/A;N/A;N/A;N/A;N/A;N/A;N/A;N/A;N/A;N/A;N/A;N/A;N/A;N/A;N/A;N/A;N/A;;0;322.6;0;0;;Disabled;TempStop;2;700;324.4;273.1;0;0;599.9;549.9;Enabled;PosOk;2;0;0;0;0;0;15;Disabled;0;0;0;0;0;0;0;0;0;0;0;0;0;0;0;0;0;0;0;0;0;0;0;0;0;0;0;0;0;0;0;0;0;0;0;0;0;0;0;0;0;0;0;0;0;0;0;0;0;0;0;0;0;0;0;0;0;0;0;0;0;0;0;0;0;0;0;0;0;0;30;30;20;45;30;30;20;45;30;31;20;45;30;29;20;45;200;140;100;300;200;138;100;300;200;140;100;300;200;139;100;300;30;30;20;45;30;29;20;45;30;30;20;45;30;30;20;45;200;145;100;300;200;143;100;300;200;234;100;300;200;236;100;300;4;2;0.4;6;4;5;0.4;6;4;2;0.4;6;4;5;0.4;6;4;2;0.4;6;4;5;0.4;6;4;2;0.4;6;4;5;0.4;6;NOK;NOK;OK;7000;7123;6500;8100;OK;4.97;0;8;12;NOK;N/A;1.5;N/A;N/A;N/A;9;11.9;7;18;OK;;0;0;0;-;Disabled;TempOk;2;230;36.4;36.9;0;0;349.9;441345100 daimler 1500 1900;441345100 daimler 1500 1900;441345100 Daimler 1500 1900
20260325_19:35:37;0;3;2;950;939.5;925;975;OK;950;951.6;925;975;OK;951.6;951.5;-20;-24.6;-50;-25;NOK;-20;-21.7;-50;-25;NOK;-18.4;-19.9;0;-20;-24.7;-50;-25;NOK;300;311;300;500;OK;0;0;N/A;N/A;N/A;N/A;N/A;N/A;N/A;N/A;N/A;N/A;N/A;N/A;N/A;N/A;N/A;N/A;N/A;N/A;N/A;N/A;N/A;N/A;N/A;N/A;N/A;N/A;N/A;N/A;N/A;N/A;N/A;N/A;N/A;N/A;N/A;N/A;N/A;N/A;N/A;N/A;N/A;N/A;N/A;N/A;N/A;N/A;N/A;N/A;N/A;N/A;N/A;N/A;N/A;N/A;N/A;N/A;N/A;N/A;N/A;N/A;N/A;N/A;N/A;N/A;N/A;N/A;N/A;N/A;N/A;N/A;N/A;N/A;N/A;N/A;N/A;N/A;N/A;N/A;N/A;N/A;N/A;N/A;N/A;N/A;N/A;N/A;N/A;N/A;N/A;N/A;N/A;N/A;N/A;N/A;N/A;N/A;N/A;N/A;;0;320.8;0;0;;Disabled;TempStop;2;700;322.7;271;0;0;599.9;549.9;Enabled;PosOk;2;0;0;0;0;0;15;Disabled;0;0;0;0;0;0;0;0;0;0;0;0;0;0;0;0;0;0;0;0;0;0;0;0;0;0;0;0;0;0;0;0;0;0;0;0;0;0;0;0;0;0;0;0;0;0;0;0;0;0;0;0;0;0;0;0;0;0;0;0;0;0;0;0;0;0;0;0;0;0;30;30;20;45;30;30;20;45;30;31;20;45;30;30;20;45;200;141;100;300;200;139;100;300;200;139;100;300;200;139;100;300;30;30;20;45;30;30;20;45;30;30;20;45;30;30;20;45;200;144;100;300;200;143;100;300;200;235;100;300;200;236;100;300;4;2;0.4;6;4;5;0.4;6;4;2;0.4;6;4;5;0.4;6;4;2;0.4;6;4;5;0.4;6;4;2;0.4;6;4;5;0.4;6;NOK;NOK;OK;7000;7121;6500;8100;OK;4.97;0;8;12;NOK;N/A;1.5;N/A;N/A;N/A;9;12;7;18;OK;;0;0;0;-;Disabled;TempOk;2;230;37.2;37.4;0;0;349.9;441345100 daimler 1500 1900;441345100 daimler 1500 1900;441345100 Daimler 1500 1900
20260325_19:36:11;0;1;3;950;940.8;925;975;OK;950;951.4;925;975;OK;951.4;951.3;-20;-14.4;-50;-25;NOK;-20;-14.2;-50;-25;NOK;-18.1;-17.9;0;-20;-14.3;-50;-25;NOK;300;311;300;500;OK;0;0;N/A;N/A;N/A;N/A;N/A;N/A;N/A;N/A;N/A;N/A;N/A;N/A;N/A;N/A;N/A;N/A;N/A;N/A;N/A;N/A;N/A;N/A;N/A;N/A;N/A;N/A;N/A;N/A;N/A;N/A;N/A;N/A;N/A;N/A;N/A;N/A;N/A;N/A;N/A;N/A;N/A;N/A;N/A;N/A;N/A;N/A;N/A;N/A;N/A;N/A;N/A;N/A;N/A;N/A;N/A;N/A;N/A;N/A;N/A;N/A;N/A;N/A;N/A;N/A;N/A;N/A;N/A;N/A;N/A;N/A;N/A;N/A;N/A;N/A;N/A;N/A;N/A;N/A;N/A;N/A;N/A;N/A;N/A;N/A;N/A;N/A;N/A;N/A;N/A;N/A;N/A;N/A;N/A;N/A;N/A;N/A;N/A;N/A;;0;322.1;0;0;;Disabled;TempStop;2;700;323.2;273.6;0;0;599.9;549.9;Enabled;PosNotOk;2;0;25;0;0;0;15;Disabled;0;0;0;0;0;0;0;0;0;0;0;0;0;0;0;0;0;0;0;0;0;0;0;0;0;0;0;0;0;0;0;0;0;0;0;0;0;0;0;0;0;0;0;0;0;0;0;0;0;0;0;0;0;0;0;0;0;0;0;0;0;0;0;0;0;0;0;0;35;58;;;;;;;;;;;;;;;;;;;;;;;;;;;;;;;;;;;;;;;;;;;;;;;;;;;;;;;;;;;;;;;;;;;;;;;;;;;;;;;;;;;;;;;;;;;;;;;;;;;;;;;;;;;;;;;;;;;;;;;;;;;;;;;;;;;;;;441345100 daimler 1500 1900;441345100 daimler 1500 1900;;
20260325_19:40:00;0;3;3;950;939.2;925;975;OK;950;951.5;925;975;OK;951.3;951.4;-20;-18.9;-50;-25;NOK;-20;-17.4;-50;-25;NOK;-14.4;-15.9;0;-20;-18.8;-50;-25;NOK;300;482;300;500;OK;0;0;N/A;N/A;N/A;N/A;N/A;N/A;N/A;N/A;N/A;N/A;N/A;N/A;N/A;N/A;N/A;N/A;N/A;N/A;N/A;N/A;N/A;N/A;N/A;N/A;N/A;N/A;N/A;N/A;N/A;N/A;N/A;N/A;N/A;N/A;N/A;N/A;N/A;N/A;N/A;N/A;N/A;N/A;N/A;N/A;N/A;N/A;N/A;N/A;N/A;N/A;N/A;N/A;N/A;N/A;N/A;N/A;N/A;N/A;N/A;N/A;N/A;N/A;N/A;N/A;N/A;N/A;N/A;N/A;N/A;N/A;N/A;N/A;N/A;N/A;N/A;N/A;N/A;N/A;N/A;N/A;N/A;N/A;N/A;N/A;N/A;N/A;N/A;N/A;N/A;N/A;N/A;N/A;N/A;N/A;N/A;N/A;N/A;N/A;;0;320.2;0;0;;Disabled;TempStop;2;700;321.8;270.3;0;0;599.9;549.9;Enabled;PosOk;2;0;0;0;0;0;15;Disabled;0;0;0;0;0;0;0;0;0;0;0;0;0;0;0;0;0;0;0;0;0;0;0;0;0;0;0;0;0;0;0;0;0;0;0;0;0;0;0;0;0;0;0;0;0;0;0;0;0;0;0;0;0;0;0;0;0;0;0;0;0;0;0;0;0;0;0;0;35;58;30;30;20;45;30;30;20;45;30;30;20;45;30;30;20;45;200;141;100;300;200;139;100;300;200;140;100;300;200;140;100;300;30;30;20;45;30;30;20;45;30;30;20;45;30;30;20;45;200;144;100;300;200;143;100;300;200;235;100;300;200;237;100;300;4;2;0.4;6;4;5;0.4;6;4;2;0.4;6;4;5;0.4;6;4;2;0.4;6;4;5;0.4;6;4;2;0.4;6;4;5;0.4;6;NOK;NOK;OK;7000;7121;6500;8100;OK;4.97;0;8;12;NOK;N/A;1.5;N/A;N/A;N/A;9;12;7;18;OK;;0;0;0;-;Disabled;TempOk;2;230;36.4;36.4;0;0;349.9;441345100 daimler 1500 1900;441345100 daimler 1500 1900;441345100 Daimler 1500 1900
20260325_19:40:46;0;1;4;950;939.9;925;975;OK;950;950.8;925;975;OK;950.4;950.5;-20;-11.8;-50;-25;NOK;-20;-16.3;-50;-25;NOK;-15.4;-14.6;0;-20;-11.8;-50;-25;NOK;300;482;300;500;OK;0;0;N/A;N/A;N/A;N/A;N/A;N/A;N/A;N/A;N/A;N/A;N/A;N/A;N/A;N/A;N/A;N/A;N/A;N/A;N/A;N/A;N/A;N/A;N/A;N/A;N/A;N/A;N/A;N/A;N/A;N/A;N/A;N/A;N/A;N/A;N/A;N/A;N/A;N/A;N/A;N/A;N/A;N/A;N/A;N/A;N/A;N/A;N/A;N/A;N/A;N/A;N/A;N/A;N/A;N/A;N/A;N/A;N/A;N/A;N/A;N/A;N/A;N/A;N/A;N/A;N/A;N/A;N/A;N/A;N/A;N/A;N/A;N/A;N/A;N/A;N/A;N/A;N/A;N/A;N/A;N/A;N/A;N/A;N/A;N/A;N/A;N/A;N/A;N/A;N/A;N/A;N/A;N/A;N/A;N/A;N/A;N/A;N/A;N/A;;0;320.1;0;0;;Disabled;TempStop;2;700;321.6;269.6;0;0;599.9;549.9;Enabled;PosOk;2;0;0;0;0;0;15;Disabled;0;0;0;0;0;0;0;0;0;0;0;0;0;0;0;0;0;0;0;0;0;0;0;0;0;0;0;0;0;0;0;0;0;0;0;0;0;0;0;0;0;0;0;0;0;0;0;0;0;0;0;0;0;0;0;0;0;0;0;0;0;0;0;0;0;0;0;0;40;21;30;30;20;45;30;30;20;45;30;30;20;45;30;30;20;45;200;141;100;300;200;139;100;300;200;140;100;300;200;140;100;300;30;30;20;45;30;30;20;45;30;30;20;45;30;30;20;45;200;144;100;300;200;143;100;300;200;236;100;300;200;237;100;300;4;2;0.4;6;4;5;0.4;6;4;2;0.4;6;4;5;0.4;6;4;2;0.4;6;4;5;0.4;6;4;2;0.4;6;4;5;0.4;6;NOK;NOK;OK;7000;7121;6500;8100;OK;4.97;0;8;12;NOK;N/A;1.5;N/A;N/A;N/A;9;12;7;18;OK;;0;0;0;-;Disabled;TempOk;2;230;36.9;36.9;0;0;349.9;441345100 daimler 1500 1900;441345100 daimler 1500 1900;441345100 Daimler 1500 1900
20260325_19:41:32;0;3;4;950;940.6;925;975;OK;950;951.4;925;975;OK;951.2;951.3;-20;-14.8;-50;-25;NOK;-20;-17.3;-50;-25;NOK;-18.6;-18.5;0;-20;-14.7;-50;-25;NOK;300;482;300;500;OK;0;0;N/A;N/A;N/A;N/A;N/A;N/A;N/A;N/A;N/A;N/A;N/A;N/A;N/A;N/A;N/A;N/A;N/A;N/A;N/A;N/A;N/A;N/A;N/A;N/A;N/A;N/A;N/A;N/A;N/A;N/A;N/A;N/A;N/A;N/A;N/A;N/A;N/A;N/A;N/A;N/A;N/A;N/A;N/A;N/A;N/A;N/A;N/A;N/A;N/A;N/A;N/A;N/A;N/A;N/A;N/A;N/A;N/A;N/A;N/A;N/A;N/A;N/A;N/A;N/A;N/A;N/A;N/A;N/A;N/A;N/A;N/A;N/A;N/A;N/A;N/A;N/A;N/A;N/A;N/A;N/A;N/A;N/A;N/A;N/A;N/A;N/A;N/A;N/A;N/A;N/A;N/A;N/A;N/A;N/A;N/A;N/A;N/A;N/A;;0;319.1;0;0;;Disabled;TempStop;2;700;320.1;267.7;0;0;599.9;549.9;Enabled;PosOk;2;0;0;0;0;0;15;Disabled;0;0;0;0;0;0;0;0;0;0;0;0;0;0;0;0;0;0;0;0;0;0;0;0;0;0;0;0;0;0;0;0;0;0;0;0;0;0;0;0;0;0;0;0;0;0;0;0;0;0;0;0;0;0;0;0;0;0;0;0;0;0;0;0;0;0;0;0;0;0;30;31;20;45;30;30;20;45;30;31;20;45;30;30;20;45;200;140;100;300;200;139;100;300;200;139;100;300;200;140;100;300;30;31;20;45;30;30;20;45;30;30;20;45;30;30;20;45;200;144;100;300;200;143;100;300;200;236;100;300;200;237;100;300;4;2;0.4;6;4;5;0.4;6;4;2;0.4;6;4;5;0.4;6;4;2;0.4;6;4;5;0.4;6;4;2;0.4;6;4;5;0.4;6;NOK;NOK;OK;7000;7115;6500;8100;OK;4.97;0;8;12;NOK;N/A;1.5;N/A;N/A;N/A;9;11.9;7;18;OK;;0;0;0;-;Disabled;TempOk;2;230;37.2;37.2;0;0;349.9;441345100 daimler 1500 1900;441345100 daimler 1500 1900;441345100 Daimler 1500 1900
20260325_19:42:19;0;3;5;950;941.9;925;975;OK;950;951.1;925;975;OK;952;950.8;-20;-20.5;-50;-25;NOK;-20;-21.8;-50;-25;NOK;-19.6;-20.3;0;-20;-20.3;-50;-25;NOK;300;482;300;500;OK;0;0;N/A;N/A;N/A;N/A;N/A;N/A;N/A;N/A;N/A;N/A;N/A;N/A;N/A;N/A;N/A;N/A;N/A;N/A;N/A;N/A;N/A;N/A;N/A;N/A;N/A;N/A;N/A;N/A;N/A;N/A;N/A;N/A;N/A;N/A;N/A;N/A;N/A;N/A;N/A;N/A;N/A;N/A;N/A;N/A;N/A;N/A;N/A;N/A;N/A;N/A;N/A;N/A;N/A;N/A;N/A;N/A;N/A;N/A;N/A;N/A;N/A;N/A;N/A;N/A;N/A;N/A;N/A;N/A;N/A;N/A;N/A;N/A;N/A;N/A;N/A;N/A;N/A;N/A;N/A;N/A;N/A;N/A;N/A;N/A;N/A;N/A;N/A;N/A;N/A;N/A;N/A;N/A;N/A;N/A;N/A;N/A;N/A;N/A;;0;318.2;0;0;;Disabled;TempStop;2;700;319.3;267.9;0;0;599.9;549.9;Enabled;PosOk;2;0;0;0;0;0;15;Disabled;0;0;0;0;0;0;0;0;0;0;0;0;0;0;0;0;0;0;0;0;0;0;0;0;0;0;0;0;0;0;0;0;0;0;0;0;0;0;0;0;0;0;0;0;0;0;0;0;0;0;0;0;0;0;0;0;0;0;0;0;0;0;0;0;0;0;0;0;0;0;30;31;20;45;30;30;20;45;30;31;20;45;30;30;20;45;200;141;100;300;200;139;100;300;200;140;100;300;200;140;100;300;30;31;20;45;30;30;20;45;30;30;20;45;30;30;20;45;200;144;100;300;200;143;100;300;200;236;100;300;200;237;100;300;4;2;0.4;6;4;5;0.4;6;4;2;0.4;6;4;5;0.4;6;4;2;0.4;6;4;5;0.4;6;4;2;0.4;6;4;5;0.4;6;NOK;NOK;OK;7000;7115;6500;8100;OK;4.96;0;8;12;NOK;N/A;1.5;N/A;N/A;N/A;9;11.7;7;18;OK;;0;0;0;-;Disabled;TempOk;2;230;37.2;37.2;0;0;349.9;441345100 daimler 1500 1900;441345100 daimler 1500 1900;441345100 Daimler 1500 1900
20260325_19:43:05;0;1;2;950;939.9;925;975;OK;950;951.6;925;975;OK;951.5;951.5;-20;-17.9;-50;-25;NOK;-20;-19.5;-50;-25;NOK;-17;-17.2;0;-20;-18;-50;-25;NOK;300;482;300;500;OK;0;0;N/A;N/A;N/A;N/A;N/A;N/A;N/A;N/A;N/A;N/A;N/A;N/A;N/A;N/A;N/A;N/A;N/A;N/A;N/A;N/A;N/A;N/A;N/A;N/A;N/A;N/A;N/A;N/A;N/A;N/A;N/A;N/A;N/A;N/A;N/A;N/A;N/A;N/A;N/A;N/A;N/A;N/A;N/A;N/A;N/A;N/A;N/A;N/A;N/A;N/A;N/A;N/A;N/A;N/A;N/A;N/A;N/A;N/A;N/A;N/A;N/A;N/A;N/A;N/A;N/A;N/A;N/A;N/A;N/A;N/A;N/A;N/A;N/A;N/A;N/A;N/A;N/A;N/A;N/A;N/A;N/A;N/A;N/A;N/A;N/A;N/A;N/A;N/A;N/A;N/A;N/A;N/A;N/A;N/A;N/A;N/A;N/A;N/A;;0;321;0;0;;Disabled;TempStop;2;700;322.3;270.7;0;0;599.9;549.9;Enabled;PosOk;2;0;0;0;0;0;15;Disabled;0;0;0;0;0;0;0;0;0;0;0;0;0;0;0;0;0;0;0;0;0;0;0;0;0;0;0;0;0;0;0;0;0;0;0;0;0;0;0;0;0;0;0;0;0;0;0;0;0;0;0;0;0;0;0;0;0;0;0;0;0;0;0;0;0;0;0;0;0;0;30;31;20;45;30;30;20;45;30;31;20;45;30;30;20;45;200;141;100;300;200;139;100;300;200;139;100;300;200;139;100;300;30;31;20;45;30;30;20;45;30;30;20;45;30;30;20;45;200;144;100;300;200;143;100;300;200;236;100;300;200;238;100;300;4;2;0.4;6;4;5;0.4;6;4;2;0.4;6;4;5;0.4;6;4;2;0.4;6;4;5;0.4;6;4;3;0.4;6;4;5;0.4;6;NOK;NOK;OK;7000;7115;6500;8100;OK;4.97;0;8;12;NOK;N/A;1.54;N/A;N/A;N/A;9;12.4;7;18;OK;;0;0;0;-;Disabled;TempOk;2;230;36.7;37.2;0;0;349.9;441345100 daimler 1500 1900;441345100 daimler 1500 1900;441345100 Daimler 1500 1900
20260325_19:43:51;0;3;2;950;940;925;975;OK;950;951.8;925;975;OK;951.5;951.7;-20;-22.2;-50;-25;NOK;-20;-25.3;-50;-25;OK;-17.9;-19.4;0;-20;-22.2;-50;-25;NOK;300;482;300;500;OK;0;0;N/A;N/A;N/A;N/A;N/A;N/A;N/A;N/A;N/A;N/A;N/A;N/A;N/A;N/A;N/A;N/A;N/A;N/A;N/A;N/A;N/A;N/A;N/A;N/A;N/A;N/A;N/A;N/A;N/A;N/A;N/A;N/A;N/A;N/A;N/A;N/A;N/A;N/A;N/A;N/A;N/A;N/A;N/A;N/A;N/A;N/A;N/A;N/A;N/A;N/A;N/A;N/A;N/A;N/A;N/A;N/A;N/A;N/A;N/A;N/A;N/A;N/A;N/A;N/A;N/A;N/A;N/A;N/A;N/A;N/A;N/A;N/A;N/A;N/A;N/A;N/A;N/A;N/A;N/A;N/A;N/A;N/A;N/A;N/A;N/A;N/A;N/A;N/A;N/A;N/A;N/A;N/A;N/A;N/A;N/A;N/A;N/A;N/A;;0;319.1;0;0;;Disabled;TempStop;2;700;320.2;269.1;0;0;599.9;549.9;Enabled;PosOk;2;0;0;0;0;0;15;Disabled;0;0;0;0;0;0;0;0;0;0;0;0;0;0;0;0;0;0;0;0;0;0;0;0;0;0;0;0;0;0;0;0;0;0;0;0;0;0;0;0;0;0;0;0;0;0;0;0;0;0;0;0;0;0;0;0;0;0;0;0;0;0;0;0;0;0;0;0;0;0;30;31;20;45;30;30;20;45;30;31;20;45;30;30;20;45;200;140;100;300;200;139;100;300;200;139;100;300;200;139;100;300;30;31;20;45;30;30;20;45;30;30;20;45;30;30;20;45;200;144;100;300;200;143;100;300;200;237;100;300;200;238;100;300;4;2;0.4;6;4;5;0.4;6;4;2;0.4;6;4;5;0.4;6;4;2;0.4;6;4;5;0.4;6;4;2;0.4;6;4;5;0.4;6;NOK;NOK;OK;7000;7109;6500;8100;OK;4.97;0;8;12;NOK;N/A;1.5;N/A;N/A;N/A;9;12;7;18;OK;;0;0;0;-;Disabled;TempOk;2;230;37.4;37.7;0;0;349.9;441345100 daimler 1500 1900;441345100 daimler 1500 1900;441345100 Daimler 1500 1900
20260325_19:44:37;0;1;3;950;939.6;925;975;OK;950;951.2;925;975;OK;951.5;951.4;-20;-13.8;-50;-25;NOK;-20;-15;-50;-25;NOK;-17.8;-18.5;0;-20;-13.7;-50;-25;NOK;300;482;300;500;OK;0;0;N/A;N/A;N/A;N/A;N/A;N/A;N/A;N/A;N/A;N/A;N/A;N/A;N/A;N/A;N/A;N/A;N/A;N/A;N/A;N/A;N/A;N/A;N/A;N/A;N/A;N/A;N/A;N/A;N/A;N/A;N/A;N/A;N/A;N/A;N/A;N/A;N/A;N/A;N/A;N/A;N/A;N/A;N/A;N/A;N/A;N/A;N/A;N/A;N/A;N/A;N/A;N/A;N/A;N/A;N/A;N/A;N/A;N/A;N/A;N/A;N/A;N/A;N/A;N/A;N/A;N/A;N/A;N/A;N/A;N/A;N/A;N/A;N/A;N/A;N/A;N/A;N/A;N/A;N/A;N/A;N/A;N/A;N/A;N/A;N/A;N/A;N/A;N/A;N/A;N/A;N/A;N/A;N/A;N/A;N/A;N/A;N/A;N/A;;0;320.8;0;0;;Disabled;TempStop;2;700;322;269.5;0;0;599.9;549.9;Enabled;PosOk;2;0;0;0;0;0;15;Disabled;0;0;0;0;0;0;0;0;0;0;0;0;0;0;0;0;0;0;0;0;0;0;0;0;0;0;0;0;0;0;0;0;0;0;0;0;0;0;0;0;0;0;0;0;0;0;0;0;0;0;0;0;0;0;0;0;0;0;0;0;0;0;0;0;0;0;0;0;44;12;30;31;20;45;30;30;20;45;30;31;20;45;30;30;20;45;200;141;100;300;200;138;100;300;200;139;100;300;200;139;100;300;30;31;20;45;30;30;20;45;30;31;20;45;30;30;20;45;200;144;100;300;200;143;100;300;200;236;100;300;200;237;100;300;4;2;0.4;6;4;5;0.4;6;4;2;0.4;6;4;5;0.4;6;4;2;0.4;6;4;5;0.4;6;4;3;0.4;6;4;5;0.4;6;NOK;NOK;OK;7000;7121;6500;8100;OK;4.97;0;8;12;NOK;N/A;1.5;N/A;N/A;N/A;9;11.9;7;18;OK;;0;0;0;-;Disabled;TempOk;2;230;36.9;37.4;0;0;349.9;441345100 daimler 1500 1900;441345100 daimler 1500 1900;441345100 Daimler 1500 1900
20260325_19:45:24;0;3;3;950;939.5;925;975;OK;950;951.3;925;975;OK;951.3;951.2;-20;-17.8;-50;-25;NOK;-20;-17.4;-50;-25;NOK;-15.2;-16.8;0;-20;-17.9;-50;-25;NOK;300;311;300;500;OK;0;0;N/A;N/A;N/A;N/A;N/A;N/A;N/A;N/A;N/A;N/A;N/A;N/A;N/A;N/A;N/A;N/A;N/A;N/A;N/A;N/A;N/A;N/A;N/A;N/A;N/A;N/A;N/A;N/A;N/A;N/A;N/A;N/A;N/A;N/A;N/A;N/A;N/A;N/A;N/A;N/A;N/A;N/A;N/A;N/A;N/A;N/A;N/A;N/A;N/A;N/A;N/A;N/A;N/A;N/A;N/A;N/A;N/A;N/A;N/A;N/A;N/A;N/A;N/A;N/A;N/A;N/A;N/A;N/A;N/A;N/A;N/A;N/A;N/A;N/A;N/A;N/A;N/A;N/A;N/A;N/A;N/A;N/A;N/A;N/A;N/A;N/A;N/A;N/A;N/A;N/A;N/A;N/A;N/A;N/A;N/A;N/A;N/A;N/A;;0;320.7;0;0;;Disabled;TempStop;2;700;322.1;272;0;0;599.9;549.9;Enabled;PosOk;2;0;0;0;0;0;15;Disabled;0;0;0;0;0;0;0;0;0;0;0;0;0;0;0;0;0;0;0;0;0;0;0;0;0;0;0;0;0;0;0;0;0;0;0;0;0;0;0;0;0;0;0;0;0;0;0;0;0;0;0;0;0;0;0;0;0;0;0;0;0;0;0;0;0;0;0;0;0;0;30;31;20;45;30;30;20;45;30;31;20;45;30;30;20;45;200;140;100;300;200;138;100;300;200;139;100;300;200;139;100;300;30;31;20;45;30;30;20;45;30;30;20;45;30;30;20;45;200;144;100;300;200;143;100;300;200;236;100;300;200;238;100;300;4;2;0.4;6;4;5;0.4;6;4;2;0.4;6;4;5;0.4;6;4;2;0.4;6;4;5;0.4;6;4;2;0.4;6;4;5;0.4;6;NOK;NOK;OK;7000;7116;6500;8100;OK;4.97;0;8;12;NOK;N/A;1.5;N/A;N/A;N/A;9;12;7;18;OK;;0;0;0;-;Disabled;TempOk;2;230;36.7;36.7;0;0;349.9;441345100 daimler 1500 1900;441345100 daimler 1500 1900;441345100 Daimler 1500 1900
20260325_19:46:10;0;1;4;950;938.4;925;975;OK;950;950.6;925;975;OK;950.6;950.6;-20;-16.7;-50;-25;NOK;-20;-12.2;-50;-25;NOK;-17.3;-15.8;0;-20;-16.7;-50;-25;NOK;300;311;300;500;OK;0;0;N/A;N/A;N/A;N/A;N/A;N/A;N/A;N/A;N/A;N/A;N/A;N/A;N/A;N/A;N/A;N/A;N/A;N/A;N/A;N/A;N/A;N/A;N/A;N/A;N/A;N/A;N/A;N/A;N/A;N/A;N/A;N/A;N/A;N/A;N/A;N/A;N/A;N/A;N/A;N/A;N/A;N/A;N/A;N/A;N/A;N/A;N/A;N/A;N/A;N/A;N/A;N/A;N/A;N/A;N/A;N/A;N/A;N/A;N/A;N/A;N/A;N/A;N/A;N/A;N/A;N/A;N/A;N/A;N/A;N/A;N/A;N/A;N/A;N/A;N/A;N/A;N/A;N/A;N/A;N/A;N/A;N/A;N/A;N/A;N/A;N/A;N/A;N/A;N/A;N/A;N/A;N/A;N/A;N/A;N/A;N/A;N/A;N/A;;0;322.4;0;0;;Disabled;TempStop;2;700;323.6;272.6;0;0;599.9;549.9;Enabled;PosOk;2;0;0;0;0;0;15;Disabled;0;0;0;0;0;0;0;0;0;0;0;0;0;0;0;0;0;0;0;0;0;0;0;0;0;0;0;0;0;0;0;0;0;0;0;0;0;0;0;0;0;0;0;0;0;0;0;0;0;0;0;0;0;0;0;0;0;0;0;0;0;0;0;0;0;0;0;0;45;44;30;30;20;45;30;29;20;45;30;30;20;45;30;29;20;45;200;141;100;300;200;139;100;300;200;139;100;300;200;139;100;300;30;30;20;45;30;29;20;45;30;29;20;45;30;29;20;45;200;144;100;300;200;143;100;300;200;237;100;300;200;238;100;300;4;2;0.4;6;4;5;0.4;6;4;2;0.4;6;4;5;0.4;6;4;2;0.4;6;4;5;0.4;6;4;2;0.4;6;4;5;0.4;6;NOK;NOK;OK;7000;7115;6500;8100;OK;4.97;0;8;12;NOK;N/A;1.5;N/A;N/A;N/A;9;11.7;7;18;OK;;0;0;0;-;Disabled;TempOk;2;230;36.9;36.9;0;0;349.9;441345100 daimler 1500 1900;441345100 daimler 1500 1900;441345100 Daimler 1500 1900
20260325_19:46:56;0;3;4;950;940.8;925;975;OK;950;951.3;925;975;OK;951;951.3;-20;-16.3;-50;-25;NOK;-20;-13.8;-50;-25;NOK;-18.4;-18;0;-20;-16;-50;-25;NOK;300;311;300;500;OK;0;0;N/A;N/A;N/A;N/A;N/A;N/A;N/A;N/A;N/A;N/A;N/A;N/A;N/A;N/A;N/A;N/A;N/A;N/A;N/A;N/A;N/A;N/A;N/A;N/A;N/A;N/A;N/A;N/A;N/A;N/A;N/A;N/A;N/A;N/A;N/A;N/A;N/A;N/A;N/A;N/A;N/A;N/A;N/A;N/A;N/A;N/A;N/A;N/A;N/A;N/A;N/A;N/A;N/A;N/A;N/A;N/A;N/A;N/A;N/A;N/A;N/A;N/A;N/A;N/A;N/A;N/A;N/A;N/A;N/A;N/A;N/A;N/A;N/A;N/A;N/A;N/A;N/A;N/A;N/A;N/A;N/A;N/A;N/A;N/A;N/A;N/A;N/A;N/A;N/A;N/A;N/A;N/A;N/A;N/A;N/A;N/A;N/A;N/A;;0;320;0;0;;Disabled;TempStop;2;700;321;272.7;0;0;599.9;549.9;Enabled;PosOk;2;0;0;0;0;0;15;Disabled;0;0;0;0;0;0;0;0;0;0;0;0;0;0;0;0;0;0;0;0;0;0;0;0;0;0;0;0;0;0;0;0;0;0;0;0;0;0;0;0;0;0;0;0;0;0;0;0;0;0;0;0;0;0;0;0;0;0;0;0;0;0;0;0;0;0;0;0;0;0;30;30;20;45;30;29;20;45;30;30;20;45;30;29;20;45;200;141;100;300;200;139;100;300;200;140;100;300;200;139;100;300;30;30;20;45;30;30;20;45;30;30;20;45;30;30;20;45;200;144;100;300;200;143;100;300;200;237;100;300;200;238;100;300;4;2;0.4;6;4;5;0.4;6;4;2;0.4;6;4;5;0.4;6;4;2;0.4;6;4;5;0.4;6;4;3;0.4;6;4;5;0.4;6;NOK;NOK;OK;7000;7121;6500;8100;OK;4.97;0;8;12;NOK;N/A;1.5;N/A;N/A;N/A;9;11.8;7;18;OK;;0;0;0;-;Disabled;TempOk;2;230;36.7;37.4;0;0;349.9;441345100 daimler 1500 1900;441345100 daimler 1500 1900;441345100 Daimler 1500 1900
20260325_19:47:42;0;3;5;950;943.1;925;975;OK;950;951.2;925;975;OK;952.8;950.8;-20;-20.9;-50;-25;NOK;-20;-18;-50;-25;NOK;-19;-18.9;0;-20;-20.6;-50;-25;NOK;300;311;300;500;OK;0;0;N/A;N/A;N/A;N/A;N/A;N/A;N/A;N/A;N/A;N/A;N/A;N/A;N/A;N/A;N/A;N/A;N/A;N/A;N/A;N/A;N/A;N/A;N/A;N/A;N/A;N/A;N/A;N/A;N/A;N/A;N/A;N/A;N/A;N/A;N/A;N/A;N/A;N/A;N/A;N/A;N/A;N/A;N/A;N/A;N/A;N/A;N/A;N/A;N/A;N/A;N/A;N/A;N/A;N/A;N/A;N/A;N/A;N/A;N/A;N/A;N/A;N/A;N/A;N/A;N/A;N/A;N/A;N/A;N/A;N/A;N/A;N/A;N/A;N/A;N/A;N/A;N/A;N/A;N/A;N/A;N/A;N/A;N/A;N/A;N/A;N/A;N/A;N/A;N/A;N/A;N/A;N/A;N/A;N/A;N/A;N/A;N/A;N/A;;0;319.8;0;0;;Disabled;TempStop;2;700;320.5;273.4;0;0;599.9;549.9;Enabled;PosOk;2;0;0;0;0;0;15;Disabled;0;0;0;0;0;0;0;0;0;0;0;0;0;0;0;0;0;0;0;0;0;0;0;0;0;0;0;0;0;0;0;0;0;0;0;0;0;0;0;0;0;0;0;0;0;0;0;0;0;0;0;0;0;0;0;0;0;0;0;0;0;0;0;0;0;0;0;0;0;0;30;30;20;45;30;30;20;45;30;31;20;45;30;30;20;45;200;140;100;300;200;139;100;300;200;139;100;300;200;139;100;300;30;30;20;45;30;30;20;45;30;30;20;45;30;30;20;45;200;144;100;300;200;143;100;300;200;236;100;300;200;238;100;300;4;2;0.4;6;4;5;0.4;6;4;2;0.4;6;4;5;0.4;6;4;2;0.4;6;4;5;0.4;6;4;2;0.4;6;4;5;0.4;6;NOK;NOK;OK;7000;7109;6500;8100;OK;4.96;0;8;12;NOK;N/A;1.5;N/A;N/A;N/A;9;12.3;7;18;OK;;0;0;0;-;Disabled;TempOk;2;230;36.7;37.2;0;0;349.9;441345100 daimler 1500 1900;441345100 daimler 1500 1900;441345100 Daimler 1500 1900
20260325_19:48:28;0;1;2;950;939.8;925;975;OK;950;951.6;925;975;OK;951.5;951.6;-20;-19.6;-50;-25;NOK;-20;-18.1;-50;-25;NOK;-17.7;-17.7;0;-20;-19.6;-50;-25;NOK;300;311;300;500;OK;0;0;N/A;N/A;N/A;N/A;N/A;N/A;N/A;N/A;N/A;N/A;N/A;N/A;N/A;N/A;N/A;N/A;N/A;N/A;N/A;N/A;N/A;N/A;N/A;N/A;N/A;N/A;N/A;N/A;N/A;N/A;N/A;N/A;N/A;N/A;N/A;N/A;N/A;N/A;N/A;N/A;N/A;N/A;N/A;N/A;N/A;N/A;N/A;N/A;N/A;N/A;N/A;N/A;N/A;N/A;N/A;N/A;N/A;N/A;N/A;N/A;N/A;N/A;N/A;N/A;N/A;N/A;N/A;N/A;N/A;N/A;N/A;N/A;N/A;N/A;N/A;N/A;N/A;N/A;N/A;N/A;N/A;N/A;N/A;N/A;N/A;N/A;N/A;N/A;N/A;N/A;N/A;N/A;N/A;N/A;N/A;N/A;N/A;N/A;;0;322.8;0;0;;Disabled;TempStop;2;700;324.2;275.1;0;0;599.9;549.9;Enabled;PosOk;2;0;0;0;0;0;15;Disabled;0;0;0;0;0;0;0;0;0;0;0;0;0;0;0;0;0;0;0;0;0;0;0;0;0;0;0;0;0;0;0;0;0;0;0;0;0;0;0;0;0;0;0;0;0;0;0;0;0;0;0;0;0;0;0;0;0;0;0;0;0;0;0;0;0;0;0;0;0;0;30;31;20;45;30;30;20;45;30;31;20;45;30;30;20;45;200;141;100;300;200;139;100;300;200;140;100;300;200;139;100;300;30;31;20;45;30;30;20;45;30;30;20;45;30;30;20;45;200;145;100;300;200;143;100;300;200;237;100;300;200;239;100;300;4;2;0.4;6;4;5;0.4;6;4;2;0.4;6;4;5;0.4;6;4;2;0.4;6;4;5;0.4;6;4;3;0.4;6;4;5;0.4;6;NOK;NOK;OK;7000;7116;6500;8100;OK;4.97;0;8;12;NOK;N/A;1.5;N/A;N/A;N/A;9;11.9;7;18;OK;;0;0;0;-;Disabled;TempOk;2;230;36.9;37.2;0;0;349.9;441345100 daimler 1500 1900;441345100 daimler 1500 1900;441345100 Daimler 1500 1900
20260325_19:49:15;0;3;2;950;940.2;925;975;OK;950;951.8;925;975;OK;951.7;951.8;-20;-25.6;-50;-25;OK;-20;-21;-50;-25;NOK;-17.7;-19.3;0;-20;-25.6;-50;-25;OK;300;311;300;500;OK;0;0;N/A;N/A;N/A;N/A;N/A;N/A;N/A;N/A;N/A;N/A;N/A;N/A;N/A;N/A;N/A;N/A;N/A;N/A;N/A;N/A;N/A;N/A;N/A;N/A;N/A;N/A;N/A;N/A;N/A;N/A;N/A;N/A;N/A;N/A;N/A;N/A;N/A;N/A;N/A;N/A;N/A;N/A;N/A;N/A;N/A;N/A;N/A;N/A;N/A;N/A;N/A;N/A;N/A;N/A;N/A;N/A;N/A;N/A;N/A;N/A;N/A;N/A;N/A;N/A;N/A;N/A;N/A;N/A;N/A;N/A;N/A;N/A;N/A;N/A;N/A;N/A;N/A;N/A;N/A;N/A;N/A;N/A;N/A;N/A;N/A;N/A;N/A;N/A;N/A;N/A;N/A;N/A;N/A;N/A;N/A;N/A;N/A;N/A;;0;320.2;0;0;;Disabled;TempStop;2;700;321.4;272.3;0;0;599.9;549.9;Enabled;PosOk;2;0;0;0;0;0;15;Disabled;0;0;0;0;0;0;0;0;0;0;0;0;0;0;0;0;0;0;0;0;0;0;0;0;0;0;0;0;0;0;0;0;0;0;0;0;0;0;0;0;0;0;0;0;0;0;0;0;0;0;0;0;0;0;0;0;0;0;0;0;0;0;0;0;0;0;0;0;0;0;30;31;20;45;30;30;20;45;30;31;20;45;30;30;20;45;200;141;100;300;200;139;100;300;200;140;100;300;200;140;100;300;30;31;20;45;30;30;20;45;30;30;20;45;30;30;20;45;200;144;100;300;200;143;100;300;200;237;100;300;200;238;100;300;4;2;0.4;6;4;5;0.4;6;4;2;0.4;6;4;5;0.4;6;4;2;0.4;6;4;5;0.4;6;4;2;0.4;6;4;5;0.4;6;NOK;NOK;OK;7000;7120;6500;8100;OK;4.97;0;8;12;NOK;N/A;1.5;N/A;N/A;N/A;9;11.9;7;18;OK;;0;0;0;-;Disabled;TempOk;2;230;36.7;36.9;0;0;349.9;441345100 daimler 1500 1900;441345100 daimler 1500 1900;441345100 Daimler 1500 1900
20260325_19:50:01;0;1;3;950;939.9;925;975;OK;950;951.6;925;975;OK;951.5;951.6;-20;-14.3;-50;-25;NOK;-20;-14.5;-50;-25;NOK;-18.5;-18.3;0;-20;-14.2;-50;-25;NOK;300;311;300;500;OK;0;0;N/A;N/A;N/A;N/A;N/A;N/A;N/A;N/A;N/A;N/A;N/A;N/A;N/A;N/A;N/A;N/A;N/A;N/A;N/A;N/A;N/A;N/A;N/A;N/A;N/A;N/A;N/A;N/A;N/A;N/A;N/A;N/A;N/A;N/A;N/A;N/A;N/A;N/A;N/A;N/A;N/A;N/A;N/A;N/A;N/A;N/A;N/A;N/A;N/A;N/A;N/A;N/A;N/A;N/A;N/A;N/A;N/A;N/A;N/A;N/A;N/A;N/A;N/A;N/A;N/A;N/A;N/A;N/A;N/A;N/A;N/A;N/A;N/A;N/A;N/A;N/A;N/A;N/A;N/A;N/A;N/A;N/A;N/A;N/A;N/A;N/A;N/A;N/A;N/A;N/A;N/A;N/A;N/A;N/A;N/A;N/A;N/A;N/A;;0;322;0;0;;Disabled;TempStop;2;700;322.9;273.9;0;0;599.9;549.9;Enabled;PosOk;2;0;0;0;0;0;15;Disabled;0;0;0;0;0;0;0;0;0;0;0;0;0;0;0;0;0;0;0;0;0;0;0;0;0;0;0;0;0;0;0;0;0;0;0;0;0;0;0;0;0;0;0;0;0;0;0;0;0;0;0;0;0;0;0;0;0;0;0;0;0;0;0;0;0;0;0;0;49;36;30;30;20;45;30;29;20;45;30;30;20;45;30;29;20;45;200;141;100;300;200;139;100;300;200;139;100;300;200;139;100;300;30;30;20;45;30;29;20;45;30;29;20;45;30;29;20;45;200;144;100;300;200;143;100;300;200;237;100;300;200;238;100;300;4;2;0.4;6;4;5;0.4;6;4;2;0.4;6;4;5;0.4;6;4;2;0.4;6;4;5;0.4;6;4;2;0.4;6;4;5;0.4;6;NOK;NOK;OK;7000;7122;6500;8100;OK;4.97;0;8;12;NOK;N/A;1.5;N/A;N/A;N/A;9;11.7;7;18;OK;;0;0;0;-;Disabled;TempOk;2;230;36.7;36.9;0;0;349.9;441345100 daimler 1500 1900;441345100 daimler 1500 1900;441345100 Daimler 1500 1900
20260325_19:50:47;0;3;3;950;940.2;925;975;OK;950;951.5;925;975;OK;951.3;951.5;-20;-17.1;-50;-25;NOK;-20;-15.8;-50;-25;NOK;-13.7;-15.2;0;-20;-17;-50;-25;NOK;300;311;300;500;OK;0;0;N/A;N/A;N/A;N/A;N/A;N/A;N/A;N/A;N/A;N/A;N/A;N/A;N/A;N/A;N/A;N/A;N/A;N/A;N/A;N/A;N/A;N/A;N/A;N/A;N/A;N/A;N/A;N/A;N/A;N/A;N/A;N/A;N/A;N/A;N/A;N/A;N/A;N/A;N/A;N/A;N/A;N/A;N/A;N/A;N/A;N/A;N/A;N/A;N/A;N/A;N/A;N/A;N/A;N/A;N/A;N/A;N/A;N/A;N/A;N/A;N/A;N/A;N/A;N/A;N/A;N/A;N/A;N/A;N/A;N/A;N/A;N/A;N/A;N/A;N/A;N/A;N/A;N/A;N/A;N/A;N/A;N/A;N/A;N/A;N/A;N/A;N/A;N/A;N/A;N/A;N/A;N/A;N/A;N/A;N/A;N/A;N/A;N/A;;0;320.2;0;0;;Disabled;TempStop;2;700;321.2;273.1;0;0;599.9;549.9;Enabled;PosOk;2;0;0;0;0;0;15;Disabled;0;0;0;0;0;0;0;0;0;0;0;0;0;0;0;0;0;0;0;0;0;0;0;0;0;0;0;0;0;0;0;0;0;0;0;0;0;0;0;0;0;0;0;0;0;0;0;0;0;0;0;0;0;0;0;0;0;0;0;0;0;0;0;0;0;0;0;0;0;0;30;30;20;45;30;29;20;45;30;30;20;45;30;29;20;45;200;140;100;300;200;138;100;300;200;139;100;300;200;139;100;300;30;30;20;45;30;29;20;45;30;30;20;45;30;29;20;45;200;144;100;300;200;143;100;300;200;237;100;300;200;238;100;300;4;2;0.4;6;4;5;0.4;6;4;2;0.4;6;4;5;0.4;6;4;2;0.4;6;4;5;0.4;6;4;2;0.4;6;4;5;0.4;6;NOK;NOK;OK;7000;7118;6500;8100;OK;4.97;0;8;12;NOK;N/A;1.5;N/A;N/A;N/A;9;11.7;7;18;OK;;0;0;0;-;Disabled;TempOk;2;230;37.2;37.2;0;0;349.9;441345100 daimler 1500 1900;441345100 daimler 1500 1900;441345100 Daimler 1500 1900
20260325_19:51:33;0;1;4;950;939.1;925;975;OK;950;950.7;925;975;OK;950.6;950.6;-20;-11.7;-50;-25;NOK;-20;-11.4;-50;-25;NOK;-15.4;-14.6;0;-20;-11.6;-50;-25;NOK;300;311;300;500;OK;0;0;N/A;N/A;N/A;N/A;N/A;N/A;N/A;N/A;N/A;N/A;N/A;N/A;N/A;N/A;N/A;N/A;N/A;N/A;N/A;N/A;N/A;N/A;N/A;N/A;N/A;N/A;N/A;N/A;N/A;N/A;N/A;N/A;N/A;N/A;N/A;N/A;N/A;N/A;N/A;N/A;N/A;N/A;N/A;N/A;N/A;N/A;N/A;N/A;N/A;N/A;N/A;N/A;N/A;N/A;N/A;N/A;N/A;N/A;N/A;N/A;N/A;N/A;N/A;N/A;N/A;N/A;N/A;N/A;N/A;N/A;N/A;N/A;N/A;N/A;N/A;N/A;N/A;N/A;N/A;N/A;N/A;N/A;N/A;N/A;N/A;N/A;N/A;N/A;N/A;N/A;N/A;N/A;N/A;N/A;N/A;N/A;N/A;N/A;;0;321.9;0;0;;Disabled;TempStop;2;700;323.1;273.4;0;0;599.9;549.9;Enabled;PosOk;2;0;0;0;0;0;15;Disabled;0;0;0;0;0;0;0;0;0;0;0;0;0;0;0;0;0;0;0;0;0;0;0;0;0;0;0;0;0;0;0;0;0;0;0;0;0;0;0;0;0;0;0;0;0;0;0;0;0;0;0;0;0;0;0;0;0;0;0;0;0;0;0;0;0;0;0;0;51;8;30;30;20;45;30;30;20;45;30;30;20;45;30;30;20;45;200;140;100;300;200;138;100;300;200;139;100;300;200;140;100;300;30;30;20;45;30;29;20;45;30;30;20;45;30;30;20;45;200;144;100;300;200;143;100;300;200;237;100;300;200;238;100;300;4;2;0.4;6;4;5;0.4;6;4;2;0.4;6;4;5;0.4;6;4;2;0.4;6;4;5;0.4;6;4;2;0.4;6;4;5;0.4;6;NOK;NOK;OK;7000;7117;6500;8100;OK;4.97;0;8;12;NOK;N/A;1.5;N/A;N/A;N/A;9;11.7;7;18;OK;;0;0;0;-;Disabled;TempOk;2;230;37.2;37.2;0;0;349.9;441345100 daimler 1500 1900;441345100 daimler 1500 1900;441345100 Daimler 1500 1900
20260325_19:52:19;0;3;4;950;940.4;925;975;OK;950;951.4;925;975;OK;951;951.4;-20;-13.1;-50;-25;NOK;-20;-13.3;-50;-25;NOK;-17.2;-16.9;0;-20;-13.1;-50;-25;NOK;300;311;300;500;OK;0;0;N/A;N/A;N/A;N/A;N/A;N/A;N/A;N/A;N/A;N/A;N/A;N/A;N/A;N/A;N/A;N/A;N/A;N/A;N/A;N/A;N/A;N/A;N/A;N/A;N/A;N/A;N/A;N/A;N/A;N/A;N/A;N/A;N/A;N/A;N/A;N/A;N/A;N/A;N/A;N/A;N/A;N/A;N/A;N/A;N/A;N/A;N/A;N/A;N/A;N/A;N/A;N/A;N/A;N/A;N/A;N/A;N/A;N/A;N/A;N/A;N/A;N/A;N/A;N/A;N/A;N/A;N/A;N/A;N/A;N/A;N/A;N/A;N/A;N/A;N/A;N/A;N/A;N/A;N/A;N/A;N/A;N/A;N/A;N/A;N/A;N/A;N/A;N/A;N/A;N/A;N/A;N/A;N/A;N/A;N/A;N/A;N/A;N/A;;0;320.3;0;0;;Disabled;TempStop;2;700;321.6;273.2;0;0;599.9;549.9;Enabled;PosOk;2;0;0;0;0;0;15;Disabled;0;0;0;0;0;0;0;0;0;0;0;0;0;0;0;0;0;0;0;0;0;0;0;0;0;0;0;0;0;0;0;0;0;0;0;0;0;0;0;0;0;0;0;0;0;0;0;0;0;0;0;0;0;0;0;0;0;0;0;0;0;0;0;0;0;0;0;0;0;0;30;31;20;45;30;30;20;45;30;31;20;45;30;30;20;45;200;141;100;300;200;139;100;300;200;139;100;300;200;139;100;300;30;30;20;45;30;30;20;45;30;30;20;45;30;30;20;45;200;144;100;300;200;143;100;300;200;237;100;300;200;238;100;300;4;2;0.4;6;4;5;0.4;6;4;2;0.4;6;4;5;0.4;6;4;2;0.4;6;4;5;0.4;6;4;2;0.4;6;4;5;0.4;6;NOK;NOK;OK;7000;7121;6500;8100;OK;4.97;0;8;12;NOK;N/A;1.5;N/A;N/A;N/A;9;12.3;7;18;OK;;0;0;0;-;Disabled;TempOk;2;230;36.9;36.9;0;0;349.9;441345100 daimler 1500 1900;441345100 daimler 1500 1900;441345100 Daimler 1500 1900
20260325_19:53:06;0;3;5;950;943.1;925;975;OK;950;951.9;925;975;OK;952.7;950.8;-20;-17.4;-50;-25;NOK;-20;-17.6;-50;-25;NOK;-17.9;-18.1;0;-20;-17.1;-50;-25;NOK;300;311;300;500;OK;0;0;N/A;N/A;N/A;N/A;N/A;N/A;N/A;N/A;N/A;N/A;N/A;N/A;N/A;N/A;N/A;N/A;N/A;N/A;N/A;N/A;N/A;N/A;N/A;N/A;N/A;N/A;N/A;N/A;N/A;N/A;N/A;N/A;N/A;N/A;N/A;N/A;N/A;N/A;N/A;N/A;N/A;N/A;N/A;N/A;N/A;N/A;N/A;N/A;N/A;N/A;N/A;N/A;N/A;N/A;N/A;N/A;N/A;N/A;N/A;N/A;N/A;N/A;N/A;N/A;N/A;N/A;N/A;N/A;N/A;N/A;N/A;N/A;N/A;N/A;N/A;N/A;N/A;N/A;N/A;N/A;N/A;N/A;N/A;N/A;N/A;N/A;N/A;N/A;N/A;N/A;N/A;N/A;N/A;N/A;N/A;N/A;N/A;N/A;;0;319.5;0;0;;Disabled;TempStop;2;700;320.5;272.1;0;0;599.9;549.9;Enabled;PosOk;2;0;0;0;0;0;15;Disabled;0;0;0;0;0;0;0;0;0;0;0;0;0;0;0;0;0;0;0;0;0;0;0;0;0;0;0;0;0;0;0;0;0;0;0;0;0;0;0;0;0;0;0;0;0;0;0;0;0;0;0;0;0;0;0;0;0;0;0;0;0;0;0;0;0;0;0;0;0;0;30;31;20;45;30;30;20;45;30;31;20;45;30;30;20;45;200;140;100;300;200;139;100;300;200;140;100;300;200;140;100;300;30;30;20;45;30;30;20;45;30;30;20;45;30;30;20;45;200;144;100;300;200;143;100;300;200;237;100;300;200;238;100;300;4;2;0.4;6;4;5;0.4;6;4;2;0.4;6;4;5;0.4;6;4;2;0.4;6;4;5;0.4;6;4;2;0.4;6;4;5;0.4;6;NOK;NOK;OK;7000;7113;6500;8100;OK;4.97;0;8;12;NOK;N/A;1.5;N/A;N/A;N/A;9;11.9;7;18;OK;;0;0;0;-;Disabled;TempOk;2;230;36.9;37.2;0;0;349.9;441345100 daimler 1500 1900;441345100 daimler 1500 1900;441345100 Daimler 1500 1900
20260325_19:53:52;0;1;2;950;940.4;925;975;OK;950;951.6;925;975;OK;951.6;951.6;-20;-18.2;-50;-25;NOK;-20;-17.5;-50;-25;NOK;-17.2;-17.2;0;-20;-18.3;-50;-25;NOK;300;311;300;500;OK;0;0;N/A;N/A;N/A;N/A;N/A;N/A;N/A;N/A;N/A;N/A;N/A;N/A;N/A;N/A;N/A;N/A;N/A;N/A;N/A;N/A;N/A;N/A;N/A;N/A;N/A;N/A;N/A;N/A;N/A;N/A;N/A;N/A;N/A;N/A;N/A;N/A;N/A;N/A;N/A;N/A;N/A;N/A;N/A;N/A;N/A;N/A;N/A;N/A;N/A;N/A;N/A;N/A;N/A;N/A;N/A;N/A;N/A;N/A;N/A;N/A;N/A;N/A;N/A;N/A;N/A;N/A;N/A;N/A;N/A;N/A;N/A;N/A;N/A;N/A;N/A;N/A;N/A;N/A;N/A;N/A;N/A;N/A;N/A;N/A;N/A;N/A;N/A;N/A;N/A;N/A;N/A;N/A;N/A;N/A;N/A;N/A;N/A;N/A;;0;322.5;0;0;;Disabled;TempStop;2;700;323.6;274.3;0;0;599.9;549.9;Enabled;PosOk;2;0;0;0;0;0;15;Disabled;0;0;0;0;0;0;0;0;0;0;0;0;0;0;0;0;0;0;0;0;0;0;0;0;0;0;0;0;0;0;0;0;0;0;0;0;0;0;0;0;0;0;0;0;0;0;0;0;0;0;0;0;0;0;0;0;0;0;0;0;0;0;0;0;0;0;0;0;0;0;30;31;20;45;30;30;20;45;30;31;20;45;30;30;20;45;200;141;100;300;200;139;100;300;200;139;100;300;200;139;100;300;30;31;20;45;30;30;20;45;30;30;20;45;30;30;20;45;200;144;100;300;200;143;100;300;200;237;100;300;200;238;100;300;4;2;0.4;6;4;5;0.4;6;4;2;0.4;6;4;5;0.4;6;4;2;0.4;6;4;5;0.4;6;4;2;0.4;6;4;5;0.4;6;NOK;NOK;OK;7000;7121;6500;8100;OK;4.97;0;8;12;NOK;N/A;1.5;N/A;N/A;N/A;9;11.9;7;18;OK;;0;0;0;-;Disabled;TempOk;2;230;37.2;37.2;0;0;349.9;441345100 daimler 1500 1900;441345100 daimler 1500 1900;441345100 Daimler 1500 1900
20260325_19:54:38;0;3;2;950;940.2;925;975;OK;950;951.8;925;975;OK;951.8;951.7;-20;-21.4;-50;-25;NOK;-20;-20.2;-50;-25;NOK;-17.3;-18.7;0;-20;-21.5;-50;-25;NOK;300;311;300;500;OK;0;0;N/A;N/A;N/A;N/A;N/A;N/A;N/A;N/A;N/A;N/A;N/A;N/A;N/A;N/A;N/A;N/A;N/A;N/A;N/A;N/A;N/A;N/A;N/A;N/A;N/A;N/A;N/A;N/A;N/A;N/A;N/A;N/A;N/A;N/A;N/A;N/A;N/A;N/A;N/A;N/A;N/A;N/A;N/A;N/A;N/A;N/A;N/A;N/A;N/A;N/A;N/A;N/A;N/A;N/A;N/A;N/A;N/A;N/A;N/A;N/A;N/A;N/A;N/A;N/A;N/A;N/A;N/A;N/A;N/A;N/A;N/A;N/A;N/A;N/A;N/A;N/A;N/A;N/A;N/A;N/A;N/A;N/A;N/A;N/A;N/A;N/A;N/A;N/A;N/A;N/A;N/A;N/A;N/A;N/A;N/A;N/A;N/A;N/A;;0;320.5;0;0;;Disabled;TempStop;2;700;321.4;273.3;0;0;599.9;549.9;Enabled;PosOk;2;0;0;0;0;0;15;Disabled;0;0;0;0;0;0;0;0;0;0;0;0;0;0;0;0;0;0;0;0;0;0;0;0;0;0;0;0;0;0;0;0;0;0;0;0;0;0;0;0;0;0;0;0;0;0;0;0;0;0;0;0;0;0;0;0;0;0;0;0;0;0;0;0;0;0;0;0;0;0;30;31;20;45;30;30;20;45;30;31;20;45;30;30;20;45;200;141;100;300;200;139;100;300;200;140;100;300;200;140;100;300;30;31;20;45;30;30;20;45;30;30;20;45;30;30;20;45;200;144;100;300;200;143;100;300;200;238;100;300;200;239;100;300;4;2;0.4;6;4;5;0.4;6;4;2;0.4;6;4;5;0.4;6;4;2;0.4;6;4;5;0.4;6;4;2;0.4;6;4;5;0.4;6;NOK;NOK;OK;7000;7109;6500;8100;OK;4.96;0;8;12;NOK;N/A;1.5;N/A;N/A;N/A;9;11.8;7;18;OK;;0;0;0;-;Disabled;TempOk;2;230;36.9;37.2;0;0;349.9;441345100 daimler 1500 1900;441345100 daimler 1500 1900;441345100 Daimler 1500 1900
20260325_19:55:24;0;1;3;950;940.4;925;975;OK;950;951.7;925;975;OK;951.4;951.5;-20;-14.1;-50;-25;NOK;-20;-13.9;-50;-25;NOK;-17.6;-17.5;0;-20;-14;-50;-25;NOK;300;311;300;500;OK;0;0;N/A;N/A;N/A;N/A;N/A;N/A;N/A;N/A;N/A;N/A;N/A;N/A;N/A;N/A;N/A;N/A;N/A;N/A;N/A;N/A;N/A;N/A;N/A;N/A;N/A;N/A;N/A;N/A;N/A;N/A;N/A;N/A;N/A;N/A;N/A;N/A;N/A;N/A;N/A;N/A;N/A;N/A;N/A;N/A;N/A;N/A;N/A;N/A;N/A;N/A;N/A;N/A;N/A;N/A;N/A;N/A;N/A;N/A;N/A;N/A;N/A;N/A;N/A;N/A;N/A;N/A;N/A;N/A;N/A;N/A;N/A;N/A;N/A;N/A;N/A;N/A;N/A;N/A;N/A;N/A;N/A;N/A;N/A;N/A;N/A;N/A;N/A;N/A;N/A;N/A;N/A;N/A;N/A;N/A;N/A;N/A;N/A;N/A;;0;321.5;0;0;;Disabled;TempStop;2;700;322.2;275.4;0;0;599.9;549.9;Enabled;PosOk;2;0;0;0;0;0;15;Disabled;0;0;0;0;0;0;0;0;0;0;0;0;0;0;0;0;0;0;0;0;0;0;0;0;0;0;0;0;0;0;0;0;0;0;0;0;0;0;0;0;0;0;0;0;0;0;0;0;0;0;0;0;0;0;0;0;0;0;0;0;0;0;0;0;0;0;0;0;54;59;30;31;20;45;30;30;20;45;30;31;20;45;30;30;20;45;200;141;100;300;200;139;100;300;200;140;100;300;200;139;100;300;30;31;20;45;30;30;20;45;30;31;20;45;30;30;20;45;200;144;100;300;200;143;100;300;200;237;100;300;200;239;100;300;4;2;0.4;6;4;5;0.4;6;4;2;0.4;6;4;5;0.4;6;4;2;0.4;6;4;5;0.4;6;4;3;0.4;6;4;5;0.4;6;NOK;NOK;OK;7000;7119;6500;8100;OK;4.97;0;8;12;NOK;N/A;1.5;N/A;N/A;N/A;9;11.7;7;18;OK;;0;0;0;-;Disabled;TempOk;2;230;36.9;37.2;0;0;349.9;441345100 daimler 1500 1900;441345100 daimler 1500 1900;441345100 Daimler 1500 1900
20260325_19:56:11;0;3;3;950;940.2;925;975;OK;950;951.4;925;975;OK;951.6;951.3;-20;-15.5;-50;-25;NOK;-20;-15.2;-50;-25;NOK;-13.3;-14.7;0;-20;-15.5;-50;-25;NOK;300;311;300;500;OK;0;0;N/A;N/A;N/A;N/A;N/A;N/A;N/A;N/A;N/A;N/A;N/A;N/A;N/A;N/A;N/A;N/A;N/A;N/A;N/A;N/A;N/A;N/A;N/A;N/A;N/A;N/A;N/A;N/A;N/A;N/A;N/A;N/A;N/A;N/A;N/A;N/A;N/A;N/A;N/A;N/A;N/A;N/A;N/A;N/A;N/A;N/A;N/A;N/A;N/A;N/A;N/A;N/A;N/A;N/A;N/A;N/A;N/A;N/A;N/A;N/A;N/A;N/A;N/A;N/A;N/A;N/A;N/A;N/A;N/A;N/A;N/A;N/A;N/A;N/A;N/A;N/A;N/A;N/A;N/A;N/A;N/A;N/A;N/A;N/A;N/A;N/A;N/A;N/A;N/A;N/A;N/A;N/A;N/A;N/A;N/A;N/A;N/A;N/A;;0;320.3;0;0;;Disabled;TempStop;2;700;321.6;273.7;0;0;599.9;549.9;Enabled;PosOk;2;0;0;0;0;0;15;Disabled;0;0;0;0;0;0;0;0;0;0;0;0;0;0;0;0;0;0;0;0;0;0;0;0;0;0;0;0;0;0;0;0;0;0;0;0;0;0;0;0;0;0;0;0;0;0;0;0;0;0;0;0;0;0;0;0;0;0;0;0;0;0;0;0;0;0;0;0;0;0;30;31;20;45;30;30;20;45;30;31;20;45;30;30;20;45;200;141;100;300;200;138;100;300;200;140;100;300;200;139;100;300;30;31;20;45;30;30;20;45;30;31;20;45;30;30;20;45;200;144;100;300;200;143;100;300;200;238;100;300;200;239;100;300;4;2;0.4;6;4;5;0.4;6;4;2;0.4;6;4;5;0.4;6;4;2;0.4;6;4;5;0.4;6;4;3;0.4;6;4;5;0.4;6;NOK;NOK;OK;7000;7116;6500;8100;OK;4.97;0;8;12;NOK;N/A;1.51;N/A;N/A;N/A;9;12.3;7;18;OK;;0;0;0;-;Disabled;TempOk;2;230;36.7;37.2;0;0;349.9;441345100 daimler 1500 1900;441345100 daimler 1500 1900;441345100 Daimler 1500 1900
20260325_19:56:57;0;1;4;950;939.6;925;975;OK;950;950.6;925;975;OK;950.5;950.7;-20;-11.1;-50;-25;NOK;-20;-11.2;-50;-25;NOK;-14.5;-13.9;0;-20;-11.1;-50;-25;NOK;300;311;300;500;OK;0;0;N/A;N/A;N/A;N/A;N/A;N/A;N/A;N/A;N/A;N/A;N/A;N/A;N/A;N/A;N/A;N/A;N/A;N/A;N/A;N/A;N/A;N/A;N/A;N/A;N/A;N/A;N/A;N/A;N/A;N/A;N/A;N/A;N/A;N/A;N/A;N/A;N/A;N/A;N/A;N/A;N/A;N/A;N/A;N/A;N/A;N/A;N/A;N/A;N/A;N/A;N/A;N/A;N/A;N/A;N/A;N/A;N/A;N/A;N/A;N/A;N/A;N/A;N/A;N/A;N/A;N/A;N/A;N/A;N/A;N/A;N/A;N/A;N/A;N/A;N/A;N/A;N/A;N/A;N/A;N/A;N/A;N/A;N/A;N/A;N/A;N/A;N/A;N/A;N/A;N/A;N/A;N/A;N/A;N/A;N/A;N/A;N/A;N/A;;0;321.3;0;0;;Disabled;TempStop;2;700;322.9;274.1;0;0;599.9;549.9;Enabled;PosOk;2;0;0;0;0;0;15;Disabled;0;0;0;0;0;0;0;0;0;0;0;0;0;0;0;0;0;0;0;0;0;0;0;0;0;0;0;0;0;0;0;0;0;0;0;0;0;0;0;0;0;0;0;0;0;0;0;0;0;0;0;0;0;0;0;0;0;0;0;0;0;0;0;0;0;0;0;0;56;31;30;31;20;45;30;29;20;45;30;31;20;45;30;29;20;45;200;140;100;300;200;138;100;300;200;140;100;300;200;139;100;300;30;30;20;45;30;29;20;45;30;30;20;45;30;29;20;45;200;144;100;300;200;143;100;300;200;237;100;300;200;238;100;300;4;2;0.4;6;4;5;0.4;6;4;2;0.4;6;4;5;0.4;6;4;2;0.4;6;4;5;0.4;6;4;2;0.4;6;4;5;0.4;6;NOK;NOK;OK;7000;7109;6500;8100;OK;4.96;0;8;12;NOK;N/A;1.5;N/A;N/A;N/A;9;11.9;7;18;OK;;0;0;0;-;Disabled;TempOk;2;230;36.4;36.9;0;0;349.9;441345100 daimler 1500 1900;441345100 daimler 1500 1900;441345100 Daimler 1500 1900
20260325_19:57:43;0;3;4;950;939.8;925;975;OK;950;951.4;925;975;OK;951.1;951.4;-20;-12.8;-50;-25;NOK;-20;-12.8;-50;-25;NOK;-16.5;-16.3;0;-20;-12.8;-50;-25;NOK;300;311;300;500;OK;0;0;N/A;N/A;N/A;N/A;N/A;N/A;N/A;N/A;N/A;N/A;N/A;N/A;N/A;N/A;N/A;N/A;N/A;N/A;N/A;N/A;N/A;N/A;N/A;N/A;N/A;N/A;N/A;N/A;N/A;N/A;N/A;N/A;N/A;N/A;N/A;N/A;N/A;N/A;N/A;N/A;N/A;N/A;N/A;N/A;N/A;N/A;N/A;N/A;N/A;N/A;N/A;N/A;N/A;N/A;N/A;N/A;N/A;N/A;N/A;N/A;N/A;N/A;N/A;N/A;N/A;N/A;N/A;N/A;N/A;N/A;N/A;N/A;N/A;N/A;N/A;N/A;N/A;N/A;N/A;N/A;N/A;N/A;N/A;N/A;N/A;N/A;N/A;N/A;N/A;N/A;N/A;N/A;N/A;N/A;N/A;N/A;N/A;N/A;;0;320.1;0;0;;Disabled;TempStop;2;700;321.4;273.9;0;0;599.9;549.9;Enabled;PosOk;2;0;0;0;0;0;15;Disabled;0;0;0;0;0;0;0;0;0;0;0;0;0;0;0;0;0;0;0;0;0;0;0;0;0;0;0;0;0;0;0;0;0;0;0;0;0;0;0;0;0;0;0;0;0;0;0;0;0;0;0;0;0;0;0;0;0;0;0;0;0;0;0;0;0;0;0;0;0;0;30;30;20;45;30;29;20;45;30;30;20;45;30;29;20;45;200;140;100;300;200;138;100;300;200;139;100;300;200;139;100;300;30;30;20;45;30;29;20;45;30;30;20;45;30;29;20;45;200;144;100;300;200;143;100;300;200;237;100;300;200;238;100;300;4;2;0.4;6;4;5;0.4;6;4;2;0.4;6;4;5;0.4;6;4;2;0.4;6;4;5;0.4;6;4;3;0.4;6;4;5;0.4;6;NOK;NOK;OK;7000;7121;6500;8100;OK;4.97;0;8;12;NOK;N/A;1.5;N/A;N/A;N/A;9;11.9;7;18;OK;;0;0;0;-;Disabled;TempOk;2;230;36.7;36.7;0;0;349.9;441345100 daimler 1500 1900;441345100 daimler 1500 1900;441345100 Daimler 1500 1900
20260325_19:58:29;0;3;5;950;942.5;925;975;OK;950;951.1;925;975;OK;950.8;951.2;-20;-17;-50;-25;NOK;-20;-16.7;-50;-25;NOK;-17.2;-17.4;0;-20;-16.8;-50;-25;NOK;300;311;300;500;OK;0;0;N/A;N/A;N/A;N/A;N/A;N/A;N/A;N/A;N/A;N/A;N/A;N/A;N/A;N/A;N/A;N/A;N/A;N/A;N/A;N/A;N/A;N/A;N/A;N/A;N/A;N/A;N/A;N/A;N/A;N/A;N/A;N/A;N/A;N/A;N/A;N/A;N/A;N/A;N/A;N/A;N/A;N/A;N/A;N/A;N/A;N/A;N/A;N/A;N/A;N/A;N/A;N/A;N/A;N/A;N/A;N/A;N/A;N/A;N/A;N/A;N/A;N/A;N/A;N/A;N/A;N/A;N/A;N/A;N/A;N/A;N/A;N/A;N/A;N/A;N/A;N/A;N/A;N/A;N/A;N/A;N/A;N/A;N/A;N/A;N/A;N/A;N/A;N/A;N/A;N/A;N/A;N/A;N/A;N/A;N/A;N/A;N/A;N/A;;0;319.6;0;0;;Disabled;TempStop;2;700;320.6;274.8;0;0;599.9;549.9;Enabled;PosOk;2;0;0;0;0;0;15;Disabled;0;0;0;0;0;0;0;0;0;0;0;0;0;0;0;0;0;0;0;0;0;0;0;0;0;0;0;0;0;0;0;0;0;0;0;0;0;0;0;0;0;0;0;0;0;0;0;0;0;0;0;0;0;0;0;0;0;0;0;0;0;0;0;0;0;0;0;0;0;0;30;30;20;45;30;30;20;45;30;30;20;45;30;30;20;45;200;141;100;300;200;138;100;300;200;139;100;300;200;139;100;300;30;30;20;45;30;30;20;45;30;30;20;45;30;30;20;45;200;144;100;300;200;143;100;300;200;237;100;300;200;238;100;300;4;2;0.4;6;4;5;0.4;6;4;2;0.4;6;4;5;0.4;6;4;2;0.4;6;4;5;0.4;6;4;3;0.4;6;4;5;0.4;6;NOK;NOK;OK;7000;7112;6500;8100;OK;4.97;0;8;12;NOK;N/A;1.5;N/A;N/A;N/A;9;11.8;7;18;OK;;0;0;0;-;Disabled;TempOk;2;230;36.7;36.9;0;0;349.9;441345100 daimler 1500 1900;441345100 daimler 1500 1900;441345100 Daimler 1500 1900
20260325_19:59:16;0;1;2;950;940.9;925;975;OK;950;951.7;925;975;OK;951.6;951.6;-20;-17.6;-50;-25;NOK;-20;-17.3;-50;-25;NOK;-16.8;-16.9;0;-20;-17.6;-50;-25;NOK;300;311;300;500;OK;0;0;N/A;N/A;N/A;N/A;N/A;N/A;N/A;N/A;N/A;N/A;N/A;N/A;N/A;N/A;N/A;N/A;N/A;N/A;N/A;N/A;N/A;N/A;N/A;N/A;N/A;N/A;N/A;N/A;N/A;N/A;N/A;N/A;N/A;N/A;N/A;N/A;N/A;N/A;N/A;N/A;N/A;N/A;N/A;N/A;N/A;N/A;N/A;N/A;N/A;N/A;N/A;N/A;N/A;N/A;N/A;N/A;N/A;N/A;N/A;N/A;N/A;N/A;N/A;N/A;N/A;N/A;N/A;N/A;N/A;N/A;N/A;N/A;N/A;N/A;N/A;N/A;N/A;N/A;N/A;N/A;N/A;N/A;N/A;N/A;N/A;N/A;N/A;N/A;N/A;N/A;N/A;N/A;N/A;N/A;N/A;N/A;N/A;N/A;;0;322.2;0;0;;Disabled;TempStop;2;700;323.5;276.7;0;0;599.9;549.9;Enabled;PosOk;2;0;0;0;0;0;15;Disabled;0;0;0;0;0;0;0;0;0;0;0;0;0;0;0;0;0;0;0;0;0;0;0;0;0;0;0;0;0;0;0;0;0;0;0;0;0;0;0;0;0;0;0;0;0;0;0;0;0;0;0;0;0;0;0;0;0;0;0;0;0;0;0;0;0;0;0;0;0;0;30;31;20;45;30;30;20;45;30;31;20;45;30;30;20;45;200;140;100;300;200;138;100;300;200;139;100;300;200;139;100;300;30;31;20;45;30;30;20;45;30;30;20;45;30;30;20;45;200;144;100;300;200;143;100;300;200;237;100;300;200;238;100;300;4;2;0.4;6;4;5;0.4;6;4;2;0.4;6;4;5;0.4;6;4;2;0.4;6;4;5;0.4;6;4;2;0.4;6;4;5;0.4;6;NOK;NOK;OK;7000;7119;6500;8100;OK;4.97;0;8;12;NOK;N/A;1.5;N/A;N/A;N/A;9;11.8;7;18;OK;;0;0;0;-;Disabled;TempOk;2;230;37.7;36.9;0;0;349.9;441345100 daimler 1500 1900;441345100 daimler 1500 1900;441345100 Daimler 1500 1900
20260325_20:00:02;0;3;2;950;940.1;925;975;OK;950;951.8;925;975;OK;951.8;951.8;-20;-20.7;-50;-25;NOK;-20;-20;-50;-25;NOK;-16.9;-18.4;0;-20;-20.8;-50;-25;NOK;300;311;300;500;OK;0;0;N/A;N/A;N/A;N/A;N/A;N/A;N/A;N/A;N/A;N/A;N/A;N/A;N/A;N/A;N/A;N/A;N/A;N/A;N/A;N/A;N/A;N/A;N/A;N/A;N/A;N/A;N/A;N/A;N/A;N/A;N/A;N/A;N/A;N/A;N/A;N/A;N/A;N/A;N/A;N/A;N/A;N/A;N/A;N/A;N/A;N/A;N/A;N/A;N/A;N/A;N/A;N/A;N/A;N/A;N/A;N/A;N/A;N/A;N/A;N/A;N/A;N/A;N/A;N/A;N/A;N/A;N/A;N/A;N/A;N/A;N/A;N/A;N/A;N/A;N/A;N/A;N/A;N/A;N/A;N/A;N/A;N/A;N/A;N/A;N/A;N/A;N/A;N/A;N/A;N/A;N/A;N/A;N/A;N/A;N/A;N/A;N/A;N/A;;0;320.4;0;0;;Disabled;TempStop;2;700;322.1;274.9;0;0;599.9;549.9;Enabled;PosOk;2;0;0;0;0;0;15;Disabled;0;0;0;0;0;0;0;0;0;0;0;0;0;0;0;0;0;0;0;0;0;0;0;0;0;0;0;0;0;0;0;0;0;0;0;0;0;0;0;0;0;0;0;0;0;0;0;0;0;0;0;0;0;0;0;0;0;0;0;0;0;0;0;0;0;0;0;0;0;0;30;31;20;45;30;30;20;45;30;31;20;45;30;30;20;45;200;140;100;300;200;139;100;300;200;139;100;300;200;139;100;300;30;31;20;45;30;30;20;45;30;31;20;45;30;30;20;45;200;145;100;300;200;143;100;300;200;238;100;300;200;239;100;300;4;2;0.4;6;4;5;0.4;6;4;2;0.4;6;4;5;0.4;6;4;2;0.4;6;4;5;0.4;6;4;3;0.4;6;4;5;0.4;6;NOK;NOK;OK;7000;7115;6500;8100;OK;4.97;0;8;12;NOK;N/A;1.5;N/A;N/A;N/A;9;12.3;7;18;OK;;0;0;0;-;Disabled;TempOk;2;230;37.2;37.2;0;0;349.9;441345100 daimler 1500 1900;441345100 daimler 1500 1900;441345100 Daimler 1500 1900
20260325_20:00:48;0;1;3;950;940.6;925;975;OK;950;951.6;925;975;OK;951.5;951.7;-20;-13.4;-50;-25;NOK;-20;-13.8;-50;-25;NOK;-17.4;-17.3;0;-20;-13.3;-50;-25;NOK;300;311;300;500;OK;0;0;N/A;N/A;N/A;N/A;N/A;N/A;N/A;N/A;N/A;N/A;N/A;N/A;N/A;N/A;N/A;N/A;N/A;N/A;N/A;N/A;N/A;N/A;N/A;N/A;N/A;N/A;N/A;N/A;N/A;N/A;N/A;N/A;N/A;N/A;N/A;N/A;N/A;N/A;N/A;N/A;N/A;N/A;N/A;N/A;N/A;N/A;N/A;N/A;N/A;N/A;N/A;N/A;N/A;N/A;N/A;N/A;N/A;N/A;N/A;N/A;N/A;N/A;N/A;N/A;N/A;N/A;N/A;N/A;N/A;N/A;N/A;N/A;N/A;N/A;N/A;N/A;N/A;N/A;N/A;N/A;N/A;N/A;N/A;N/A;N/A;N/A;N/A;N/A;N/A;N/A;N/A;N/A;N/A;N/A;N/A;N/A;N/A;N/A;;0;321.9;0;0;;Disabled;TempStop;2;700;323.4;276.2;0;0;599.9;549.9;Enabled;PosOk;2;0;0;0;0;0;15;Disabled;0;0;0;0;0;0;0;0;0;0;0;0;0;0;0;0;0;0;0;0;0;0;0;0;0;0;0;0;0;0;0;0;0;0;0;0;0;0;0;0;0;0;0;0;0;0;0;0;0;0;0;0;0;0;0;0;0;0;0;0;0;0;0;0;0;0;0;0;0;22;30;31;20;45;30;30;20;45;30;31;20;45;30;30;20;45;200;141;100;300;200;138;100;300;200;140;100;300;200;139;100;300;30;31;20;45;30;30;20;45;30;30;20;45;30;30;20;45;200;144;100;300;200;143;100;300;200;237;100;300;200;239;100;300;4;2;0.4;6;4;5;0.4;6;4;2;0.4;6;4;5;0.4;6;4;2;0.4;6;4;5;0.4;6;4;2;0.4;6;4;5;0.4;6;NOK;NOK;OK;7000;7119;6500;8100;OK;4.97;0;8;12;NOK;N/A;1.5;N/A;N/A;N/A;9;11.9;7;18;OK;;0;0;0;-;Disabled;TempOk;2;230;36.9;36.9;0;0;349.9;441345100 daimler 1500 1900;441345100 daimler 1500 1900;441345100 Daimler 1500 1900
20260325_20:01:34;0;3;3;950;939.8;925;975;OK;950;951.4;925;975;OK;951.4;951.5;-20;-15;-50;-25;NOK;-20;-15.4;-50;-25;NOK;-13.1;-14.5;0;-20;-15;-50;-25;NOK;300;311;300;500;OK;0;0;N/A;N/A;N/A;N/A;N/A;N/A;N/A;N/A;N/A;N/A;N/A;N/A;N/A;N/A;N/A;N/A;N/A;N/A;N/A;N/A;N/A;N/A;N/A;N/A;N/A;N/A;N/A;N/A;N/A;N/A;N/A;N/A;N/A;N/A;N/A;N/A;N/A;N/A;N/A;N/A;N/A;N/A;N/A;N/A;N/A;N/A;N/A;N/A;N/A;N/A;N/A;N/A;N/A;N/A;N/A;N/A;N/A;N/A;N/A;N/A;N/A;N/A;N/A;N/A;N/A;N/A;N/A;N/A;N/A;N/A;N/A;N/A;N/A;N/A;N/A;N/A;N/A;N/A;N/A;N/A;N/A;N/A;N/A;N/A;N/A;N/A;N/A;N/A;N/A;N/A;N/A;N/A;N/A;N/A;N/A;N/A;N/A;N/A;;0;320.7;0;0;;Disabled;TempStop;2;700;322.1;275.7;0;0;599.9;549.9;Enabled;PosOk;2;0;0;0;0;0;15;Disabled;0;0;0;0;0;0;0;0;0;0;0;0;0;0;0;0;0;0;0;0;0;0;0;0;0;0;0;0;0;0;0;0;0;0;0;0;0;0;0;0;0;0;0;0;0;0;0;0;0;0;0;0;0;0;0;0;0;0;0;0;0;0;0;0;0;0;0;0;0;0;30;31;20;45;30;30;20;45;30;31;20;45;30;30;20;45;200;140;100;300;200;139;100;300;200;140;100;300;200;139;100;300;30;30;20;45;30;30;20;45;30;30;20;45;30;30;20;45;200;144;100;300;200;143;100;300;200;237;100;300;200;238;100;300;4;2;0.4;6;4;5;0.4;6;4;2;0.4;6;4;5;0.4;6;4;2;0.4;6;4;5;0.4;6;4;2;0.4;6;4;5;0.4;6;NOK;NOK;OK;7000;7124;6500;8100;OK;4.97;0;8;12;NOK;N/A;1.51;N/A;N/A;N/A;9;11.8;7;18;OK;;0;0;0;-;Disabled;TempOk;2;230;37.2;37.2;0;0;349.9;441345100 daimler 1500 1900;441345100 daimler 1500 1900;441345100 Daimler 1500 1900
20260325_20:02:20;0;1;4;950;939.9;925;975;OK;950;950.6;925;975;OK;950.5;950.7;-20;-10.8;-50;-25;NOK;-20;-12.3;-50;-25;NOK;-14.5;-13.8;0;-20;-10.8;-50;-25;NOK;300;311;300;500;OK;0;0;N/A;N/A;N/A;N/A;N/A;N/A;N/A;N/A;N/A;N/A;N/A;N/A;N/A;N/A;N/A;N/A;N/A;N/A;N/A;N/A;N/A;N/A;N/A;N/A;N/A;N/A;N/A;N/A;N/A;N/A;N/A;N/A;N/A;N/A;N/A;N/A;N/A;N/A;N/A;N/A;N/A;N/A;N/A;N/A;N/A;N/A;N/A;N/A;N/A;N/A;N/A;N/A;N/A;N/A;N/A;N/A;N/A;N/A;N/A;N/A;N/A;N/A;N/A;N/A;N/A;N/A;N/A;N/A;N/A;N/A;N/A;N/A;N/A;N/A;N/A;N/A;N/A;N/A;N/A;N/A;N/A;N/A;N/A;N/A;N/A;N/A;N/A;N/A;N/A;N/A;N/A;N/A;N/A;N/A;N/A;N/A;N/A;N/A;;0;322;0;0;;Disabled;TempStop;2;700;323.8;275.8;0;0;599.9;549.9;Enabled;PosOk;2;0;0;0;0;0;15;Disabled;0;0;0;0;0;0;0;0;0;0;0;0;0;0;0;0;0;0;0;0;0;0;0;0;0;0;0;0;0;0;0;0;0;0;0;0;0;0;0;0;0;0;0;0;0;0;0;0;0;0;0;0;0;0;0;0;0;0;0;0;0;0;0;0;0;0;0;0;1;55;30;31;20;45;30;30;20;45;30;31;20;45;30;30;20;45;200;141;100;300;200;139;100;300;200;140;100;300;200;139;100;300;30;31;20;45;30;30;20;45;30;30;20;45;30;30;20;45;200;144;100;300;200;143;100;300;200;238;100;300;200;240;100;300;4;2;0.4;6;4;5;0.4;6;4;2;0.4;6;4;5;0.4;6;4;2;0.4;6;4;5;0.4;6;4;2;0.4;6;4;5;0.4;6;NOK;NOK;OK;7000;7125;6500;8100;OK;4.97;0;8;12;NOK;N/A;1.5;N/A;N/A;N/A;9;11.8;7;18;OK;;0;0;0;-;Disabled;TempOk;2;230;36.4;36.7;0;0;349.9;441345100 daimler 1500 1900;441345100 daimler 1500 1900;441345100 Daimler 1500 1900
20260325_20:04:54;0;3;4;950;940.6;925;975;OK;950;951.5;925;975;OK;951.4;951.3;-20;-12.3;-50;-25;NOK;-20;-18.5;-50;-25;NOK;-17.4;-17.4;0;-20;-12.3;-50;-25;NOK;300;418;300;500;OK;0;0;N/A;N/A;N/A;N/A;N/A;N/A;N/A;N/A;N/A;N/A;N/A;N/A;N/A;N/A;N/A;N/A;N/A;N/A;N/A;N/A;N/A;N/A;N/A;N/A;N/A;N/A;N/A;N/A;N/A;N/A;N/A;N/A;N/A;N/A;N/A;N/A;N/A;N/A;N/A;N/A;N/A;N/A;N/A;N/A;N/A;N/A;N/A;N/A;N/A;N/A;N/A;N/A;N/A;N/A;N/A;N/A;N/A;N/A;N/A;N/A;N/A;N/A;N/A;N/A;N/A;N/A;N/A;N/A;N/A;N/A;N/A;N/A;N/A;N/A;N/A;N/A;N/A;N/A;N/A;N/A;N/A;N/A;N/A;N/A;N/A;N/A;N/A;N/A;N/A;N/A;N/A;N/A;N/A;N/A;N/A;N/A;N/A;N/A;;0;317.9;0;0;;Disabled;TempStop;2;700;321.9;271.2;0;0;599.9;549.9;Enabled;PosOk;2;0;0;0;0;0;15;Disabled;0;0;0;0;0;0;0;0;0;0;0;0;0;0;0;0;0;0;0;0;0;0;0;0;0;0;0;0;0;0;0;0;0;0;0;0;0;0;0;0;0;0;0;0;0;0;0;0;0;0;0;0;0;0;0;0;0;0;0;0;0;0;0;0;0;0;0;0;0;0;30;29;20;45;30;29;20;45;30;29;20;45;30;29;20;45;200;141;100;300;200;138;100;300;200;140;100;300;200;139;100;300;30;29;20;45;30;29;20;45;30;29;20;45;30;29;20;45;200;144;100;300;200;142;100;300;200;237;100;300;200;238;100;300;4;2;0.4;6;4;5;0.4;6;4;2;0.4;6;4;5;0.4;6;4;2;0.4;6;4;5;0.4;6;4;2;0.4;6;4;5;0.4;6;NOK;NOK;OK;7000;7110;6500;8100;OK;4.97;0;8;12;NOK;N/A;1.5;N/A;N/A;N/A;9;12;7;18;OK;;0;0;0;-;Disabled;TempOk;2;230;36.9;37.2;0;0;349.9;441345100 daimler 1500 1900;441345100 daimler 1500 1900;441345100 Daimler 1500 1900
20260325_20:05:40;0;3;5;950;942.8;925;975;OK;950;951.4;925;975;OK;951.9;951;-20;-16;-50;-25;NOK;-20;-20.2;-50;-25;NOK;-17.6;-17.8;0;-20;-15.8;-50;-25;NOK;300;418;300;500;OK;0;0;N/A;N/A;N/A;N/A;N/A;N/A;N/A;N/A;N/A;N/A;N/A;N/A;N/A;N/A;N/A;N/A;N/A;N/A;N/A;N/A;N/A;N/A;N/A;N/A;N/A;N/A;N/A;N/A;N/A;N/A;N/A;N/A;N/A;N/A;N/A;N/A;N/A;N/A;N/A;N/A;N/A;N/A;N/A;N/A;N/A;N/A;N/A;N/A;N/A;N/A;N/A;N/A;N/A;N/A;N/A;N/A;N/A;N/A;N/A;N/A;N/A;N/A;N/A;N/A;N/A;N/A;N/A;N/A;N/A;N/A;N/A;N/A;N/A;N/A;N/A;N/A;N/A;N/A;N/A;N/A;N/A;N/A;N/A;N/A;N/A;N/A;N/A;N/A;N/A;N/A;N/A;N/A;N/A;N/A;N/A;N/A;N/A;N/A;;0;319.1;0;0;;Disabled;TempStop;2;700;322.1;273;0;0;599.9;549.9;Enabled;PosOk;2;0;0;0;0;0;15;Disabled;0;0;0;0;0;0;0;0;0;0;0;0;0;0;0;0;0;0;0;0;0;0;0;0;0;0;0;0;0;0;0;0;0;0;0;0;0;0;0;0;0;0;0;0;0;0;0;0;0;0;0;0;0;0;0;0;0;0;0;0;0;0;0;0;0;0;0;0;0;0;30;30;20;45;30;30;20;45;30;30;20;45;30;30;20;45;200;141;100;300;200;138;100;300;200;140;100;300;200;139;100;300;30;30;20;45;30;30;20;45;30;30;20;45;30;30;20;45;200;144;100;300;200;143;100;300;200;238;100;300;200;239;100;300;4;2;0.4;6;4;5;0.4;6;4;2;0.4;6;4;5;0.4;6;4;2;0.4;6;4;5;0.4;6;4;3;0.4;6;4;5;0.4;6;NOK;NOK;OK;7000;7121;6500;8100;OK;4.97;0;8;12;NOK;N/A;1.5;N/A;N/A;N/A;9;11.8;7;18;OK;;0;0;0;-;Disabled;TempOk;2;230;36.9;36.9;0;0;349.9;441345100 daimler 1500 1900;441345100 daimler 1500 1900;441345100 Daimler 1500 1900
20260325_20:06:26;0;1;2;950;940.6;925;975;OK;950;951.6;925;975;OK;951.7;951.7;-20;-17.4;-50;-25;NOK;-20;-18.7;-50;-25;NOK;-16.7;-17;0;-20;-17.5;-50;-25;NOK;300;419;300;500;OK;0;0;N/A;N/A;N/A;N/A;N/A;N/A;N/A;N/A;N/A;N/A;N/A;N/A;N/A;N/A;N/A;N/A;N/A;N/A;N/A;N/A;N/A;N/A;N/A;N/A;N/A;N/A;N/A;N/A;N/A;N/A;N/A;N/A;N/A;N/A;N/A;N/A;N/A;N/A;N/A;N/A;N/A;N/A;N/A;N/A;N/A;N/A;N/A;N/A;N/A;N/A;N/A;N/A;N/A;N/A;N/A;N/A;N/A;N/A;N/A;N/A;N/A;N/A;N/A;N/A;N/A;N/A;N/A;N/A;N/A;N/A;N/A;N/A;N/A;N/A;N/A;N/A;N/A;N/A;N/A;N/A;N/A;N/A;N/A;N/A;N/A;N/A;N/A;N/A;N/A;N/A;N/A;N/A;N/A;N/A;N/A;N/A;N/A;N/A;;0;322;0;0;;Disabled;TempStop;2;700;324.8;274.7;0;0;599.9;549.9;Enabled;PosOk;2;0;0;0;0;0;15;Disabled;0;0;0;0;0;0;0;0;0;0;0;0;0;0;0;0;0;0;0;0;0;0;0;0;0;0;0;0;0;0;0;0;0;0;0;0;0;0;0;0;0;0;0;0;0;0;0;0;0;0;0;0;0;0;0;0;0;0;0;0;0;0;0;0;0;0;0;0;0;0;30;31;20;45;30;30;20;45;30;31;20;45;30;30;20;45;200;140;100;300;200;139;100;300;200;139;100;300;200;139;100;300;30;30;20;45;30;30;20;45;30;30;20;45;30;30;20;45;200;144;100;300;200;143;100;300;200;237;100;300;200;239;100;300;4;2;0.4;6;4;5;0.4;6;4;2;0.4;6;4;5;0.4;6;4;2;0.4;6;4;5;0.4;6;4;2;0.4;6;4;5;0.4;6;NOK;NOK;OK;7000;7117;6500;8100;OK;4.97;0;8;12;NOK;N/A;1.5;N/A;N/A;N/A;9;11.7;7;18;OK;;0;0;0;-;Disabled;TempOk;2;230;36.9;37.7;0;0;349.9;441345100 daimler 1500 1900;441345100 daimler 1500 1900;441345100 Daimler 1500 1900
20260325_20:10:17;0;3;4;950;940.4;925;975;OK;950;951.5;925;975;OK;951.4;951.3;-20;-18.9;-50;-25;NOK;-20;-13.3;-50;-25;NOK;-17.7;-14.9;0;-20;-19.1;-50;-25;NOK;300;311;300;500;OK;0;0;N/A;N/A;N/A;N/A;N/A;N/A;N/A;N/A;N/A;N/A;N/A;N/A;N/A;N/A;N/A;N/A;N/A;N/A;N/A;N/A;N/A;N/A;N/A;N/A;N/A;N/A;N/A;N/A;N/A;N/A;N/A;N/A;N/A;N/A;N/A;N/A;N/A;N/A;N/A;N/A;N/A;N/A;N/A;N/A;N/A;N/A;N/A;N/A;N/A;N/A;N/A;N/A;N/A;N/A;N/A;N/A;N/A;N/A;N/A;N/A;N/A;N/A;N/A;N/A;N/A;N/A;N/A;N/A;N/A;N/A;N/A;N/A;N/A;N/A;N/A;N/A;N/A;N/A;N/A;N/A;N/A;N/A;N/A;N/A;N/A;N/A;N/A;N/A;N/A;N/A;N/A;N/A;N/A;N/A;N/A;N/A;N/A;N/A;;0;319.3;0;0;;Disabled;TempStop;2;700;321.6;274.6;0;0;599.9;549.9;Enabled;PosOk;2;0;0;0;0;0;15;Disabled;0;0;0;0;0;0;0;0;0;0;0;0;0;0;0;0;0;0;0;0;0;0;0;0;0;0;0;0;0;0;0;0;0;0;0;0;0;0;0;0;0;0;0;0;0;0;0;0;0;0;0;0;0;0;0;0;0;0;0;0;0;0;0;0;0;0;0;0;0;0;30;30;20;45;30;30;20;45;30;30;20;45;30;30;20;45;200;140;100;300;200;138;100;300;200;139;100;300;200;139;100;300;30;30;20;45;30;30;20;45;30;30;20;45;30;30;20;45;200;144;100;300;200;143;100;300;200;237;100;300;200;238;100;300;4;2;0.4;6;4;5;0.4;6;4;2;0.4;6;4;5;0.4;6;4;2;0.4;6;4;5;0.4;6;4;2;0.4;6;4;5;0.4;6;NOK;NOK;OK;7000;7113;6500;8100;OK;4.97;0;8;12;NOK;N/A;1.5;N/A;N/A;N/A;9;11.7;7;18;OK;;0;0;0;-;Disabled;TempOk;2;230;36.9;37.4;0;0;349.9;441345100 daimler 1500 1900;441345100 daimler 1500 1900;441345100 Daimler 1500 1900
20260325_20:11:04;18262;3;5;950;943.8;925;975;OK;950;951.2;925;975;OK;950.9;951.2;-20;-19.8;-50;-25;NOK;-20;-17.3;-50;-25;NOK;-17.5;-17.2;0;-20;-19.6;-50;-25;NOK;300;311;300;500;OK;0;0;N/A;N/A;N/A;N/A;N/A;N/A;N/A;N/A;N/A;N/A;N/A;N/A;N/A;N/A;N/A;N/A;N/A;N/A;N/A;N/A;N/A;N/A;N/A;N/A;N/A;N/A;N/A;N/A;N/A;N/A;N/A;N/A;N/A;N/A;N/A;N/A;N/A;N/A;N/A;N/A;N/A;N/A;N/A;N/A;N/A;N/A;N/A;N/A;N/A;N/A;N/A;N/A;N/A;N/A;N/A;N/A;N/A;N/A;N/A;N/A;N/A;N/A;N/A;N/A;N/A;N/A;N/A;N/A;N/A;N/A;N/A;N/A;N/A;N/A;N/A;N/A;N/A;N/A;N/A;N/A;N/A;N/A;N/A;N/A;N/A;N/A;N/A;N/A;N/A;N/A;N/A;N/A;N/A;N/A;N/A;N/A;N/A;N/A;;0;319.7;0;0;;Disabled;TempStop;2;700;322.1;274.3;0;0;599.9;549.9;Enabled;PosOk;2;0;0;0;0;0;15;Disabled;0;0;0;0;0;0;0;0;0;0;0;0;0;0;0;0;0;0;0;0;0;0;0;0;0;0;0;0;0;0;0;0;0;0;0;0;0;0;0;0;0;0;0;0;0;0;0;0;0;0;0;0;0;0;0;0;0;0;0;0;0;0;0;0;0;0;0;0;0;0;30;31;20;45;30;30;20;45;30;31;20;45;30;30;20;45;200;140;100;300;200;139;100;300;200;139;100;300;200;140;100;300;30;31;20;45;30;30;20;45;30;31;20;45;30;30;20;45;200;144;100;300;200;143;100;300;200;237;100;300;200;239;100;300;4;2;0.4;6;4;5;0.4;6;4;2;0.4;6;4;5;0.4;6;4;2;0.4;6;4;5;0.4;6;4;3;0.4;6;4;5;0.4;6;NOK;NOK;OK;7000;7113;6500;8100;OK;4.97;0;8;12;NOK;N/A;1.5;N/A;N/A;N/A;9;11.8;7;18;OK;;0;0;0;-;Disabled;TempOk;2;230;36.7;36.9;0;0;349.9;441345100 daimler 1500 1900;441345100 daimler 1500 1900;441345100 Daimler 1500 1900
20260325_20:11:50;0;1;2;950;940.3;925;975;OK;950;951.7;925;975;OK;951.7;951.6;-20;-18.8;-50;-25;NOK;-20;-18.1;-50;-25;NOK;-17.6;-17.7;0;-20;-18.8;-50;-25;NOK;300;311;300;500;OK;0;0;N/A;N/A;N/A;N/A;N/A;N/A;N/A;N/A;N/A;N/A;N/A;N/A;N/A;N/A;N/A;N/A;N/A;N/A;N/A;N/A;N/A;N/A;N/A;N/A;N/A;N/A;N/A;N/A;N/A;N/A;N/A;N/A;N/A;N/A;N/A;N/A;N/A;N/A;N/A;N/A;N/A;N/A;N/A;N/A;N/A;N/A;N/A;N/A;N/A;N/A;N/A;N/A;N/A;N/A;N/A;N/A;N/A;N/A;N/A;N/A;N/A;N/A;N/A;N/A;N/A;N/A;N/A;N/A;N/A;N/A;N/A;N/A;N/A;N/A;N/A;N/A;N/A;N/A;N/A;N/A;N/A;N/A;N/A;N/A;N/A;N/A;N/A;N/A;N/A;N/A;N/A;N/A;N/A;N/A;N/A;N/A;N/A;N/A;;0;321.7;0;0;;Disabled;TempStop;2;700;324.1;276.7;0;0;599.9;549.9;Enabled;PosOk;2;0;0;0;0;0;15;Disabled;0;0;0;0;0;0;0;0;0;0;0;0;0;0;0;0;0;0;0;0;0;0;0;0;0;0;0;0;0;0;0;0;0;0;0;0;0;0;0;0;0;0;0;0;0;0;0;0;0;0;0;0;0;0;0;0;0;0;0;0;0;0;0;0;0;0;0;0;0;0;30;31;20;45;30;29;20;45;30;31;20;45;30;29;20;45;200;140;100;300;200;139;100;300;200;139;100;300;200;139;100;300;30;30;20;45;30;29;20;45;30;30;20;45;30;29;20;45;200;144;100;300;200;142;100;300;200;237;100;300;200;238;100;300;4;2;0.4;6;4;5;0.4;6;4;2;0.4;6;4;5;0.4;6;4;3;0.4;6;4;5;0.4;6;4;2;0.4;6;4;5;0.4;6;NOK;NOK;OK;7000;7114;6500;8100;OK;4.97;0;8;12;NOK;N/A;1.5;N/A;N/A;N/A;9;12.3;7;18;OK;;0;0;0;-;Disabled;TempOk;2;230;37.2;37.7;0;0;349.9;441345100 daimler 1500 1900;441345100 daimler 1500 1900;441345100 Daimler 1500 1900
20260325_20:12:36;0;3;2;950;948.1;925;975;OK;950;951.8;925;975;OK;951.7;951.9;-20;-24.6;-50;-25;NOK;-20;-22.2;-50;-25;NOK;-18;-19.5;0;-20;-24.7;-50;-25;NOK;300;342;300;500;OK;0;0;N/A;N/A;N/A;N/A;N/A;N/A;N/A;N/A;N/A;N/A;N/A;N/A;N/A;N/A;N/A;N/A;N/A;N/A;N/A;N/A;N/A;N/A;N/A;N/A;N/A;N/A;N/A;N/A;N/A;N/A;N/A;N/A;N/A;N/A;N/A;N/A;N/A;N/A;N/A;N/A;N/A;N/A;N/A;N/A;N/A;N/A;N/A;N/A;N/A;N/A;N/A;N/A;N/A;N/A;N/A;N/A;N/A;N/A;N/A;N/A;N/A;N/A;N/A;N/A;N/A;N/A;N/A;N/A;N/A;N/A;N/A;N/A;N/A;N/A;N/A;N/A;N/A;N/A;N/A;N/A;N/A;N/A;N/A;N/A;N/A;N/A;N/A;N/A;N/A;N/A;N/A;N/A;N/A;N/A;N/A;N/A;N/A;N/A;;0;319.8;0;0;;Disabled;TempStop;2;700;322.7;274.5;0;0;599.9;549.9;Enabled;PosOk;2;0;0;0;0;0;15;Disabled;0;0;0;0;0;0;0;0;0;0;0;0;0;0;0;0;0;0;0;0;0;0;0;0;0;0;0;0;0;0;0;0;0;0;0;0;0;0;0;0;0;0;0;0;0;0;0;0;0;0;0;0;0;0;0;0;0;0;0;0;0;0;0;0;0;0;0;0;0;0;30;30;20;45;30;29;20;45;30;30;20;45;30;29;20;45;200;140;100;300;200;138;100;300;200;139;100;300;200;139;100;300;30;30;20;45;30;29;20;45;30;29;20;45;30;29;20;45;200;144;100;300;200;143;100;300;200;237;100;300;200;238;100;300;4;2;0.4;6;4;5;0.4;6;4;2;0.4;6;4;5;0.4;6;4;2;0.4;6;4;5;0.4;6;4;3;0.4;6;4;5;0.4;6;NOK;NOK;OK;7000;7108;6500;8100;OK;4.97;0;8;12;NOK;N/A;1.5;N/A;N/A;N/A;9;12.3;7;18;OK;;0;0;0;-;Disabled;TempOk;2;230;36.7;36.9;0;0;349.9;441345100 daimler 1500 1900;441345100 daimler 1500 1900;441345100 Daimler 1500 1900
20260325_20:13:22;0;1;3;950;947.9;925;975;OK;950;951.7;925;975;OK;951.7;951.5;-20;-17.2;-50;-25;NOK;-20;-14.6;-50;-25;NOK;-18.6;-19.1;0;-20;-16.8;-50;-25;NOK;300;342;300;500;OK;0;0;N/A;N/A;N/A;N/A;N/A;N/A;N/A;N/A;N/A;N/A;N/A;N/A;N/A;N/A;N/A;N/A;N/A;N/A;N/A;N/A;N/A;N/A;N/A;N/A;N/A;N/A;N/A;N/A;N/A;N/A;N/A;N/A;N/A;N/A;N/A;N/A;N/A;N/A;N/A;N/A;N/A;N/A;N/A;N/A;N/A;N/A;N/A;N/A;N/A;N/A;N/A;N/A;N/A;N/A;N/A;N/A;N/A;N/A;N/A;N/A;N/A;N/A;N/A;N/A;N/A;N/A;N/A;N/A;N/A;N/A;N/A;N/A;N/A;N/A;N/A;N/A;N/A;N/A;N/A;N/A;N/A;N/A;N/A;N/A;N/A;N/A;N/A;N/A;N/A;N/A;N/A;N/A;N/A;N/A;N/A;N/A;N/A;N/A;;0;322.3;0;0;;Disabled;TempStop;2;700;324.8;277.5;0;0;599.9;549.9;Enabled;PosOk;2;0;0;0;0;0;15;Disabled;0;0;0;0;0;0;0;0;0;0;0;0;0;0;0;0;0;0;0;0;0;0;0;0;0;0;0;0;0;0;0;0;0;0;0;0;0;0;0;0;0;0;0;0;0;0;0;0;0;0;0;0;0;0;0;0;0;0;0;0;0;0;0;0;0;0;0;0;12;57;30;30;20;45;30;29;20;45;30;30;20;45;30;29;20;45;200;140;100;300;200;138;100;300;200;139;100;300;200;139;100;300;30;30;20;45;30;30;20;45;30;30;20;45;30;29;20;45;200;144;100;300;200;143;100;300;200;237;100;300;200;238;100;300;4;2;0.4;6;4;5;0.4;6;4;2;0.4;6;4;5;0.4;6;4;2;0.4;6;4;5;0.4;6;4;2;0.4;6;4;5;0.4;6;NOK;NOK;OK;7000;7118;6500;8100;OK;4.97;0;8;12;NOK;N/A;1.5;N/A;N/A;N/A;9;11.9;7;18;OK;;0;0;0;-;Disabled;TempOk;2;230;36.7;36.4;0;0;349.9;441345100 daimler 1500 1900;441345100 daimler 1500 1900;441345100 Daimler 1500 1900
20260325_20:14:08;0;3;3;950;948.2;925;975;OK;950;951.6;925;975;OK;951.5;951.6;-20;-19.6;-50;-25;NOK;-20;-17.3;-50;-25;NOK;-14.3;-15.7;0;-20;-19.4;-50;-25;NOK;300;344;300;500;OK;0;0;N/A;N/A;N/A;N/A;N/A;N/A;N/A;N/A;N/A;N/A;N/A;N/A;N/A;N/A;N/A;N/A;N/A;N/A;N/A;N/A;N/A;N/A;N/A;N/A;N/A;N/A;N/A;N/A;N/A;N/A;N/A;N/A;N/A;N/A;N/A;N/A;N/A;N/A;N/A;N/A;N/A;N/A;N/A;N/A;N/A;N/A;N/A;N/A;N/A;N/A;N/A;N/A;N/A;N/A;N/A;N/A;N/A;N/A;N/A;N/A;N/A;N/A;N/A;N/A;N/A;N/A;N/A;N/A;N/A;N/A;N/A;N/A;N/A;N/A;N/A;N/A;N/A;N/A;N/A;N/A;N/A;N/A;N/A;N/A;N/A;N/A;N/A;N/A;N/A;N/A;N/A;N/A;N/A;N/A;N/A;N/A;N/A;N/A;;0;320;0;0;;Disabled;TempStop;2;700;322.7;275.4;0;0;599.9;549.9;Enabled;PosOk;2;0;0;0;0;0;15;Disabled;0;0;0;0;0;0;0;0;0;0;0;0;0;0;0;0;0;0;0;0;0;0;0;0;0;0;0;0;0;0;0;0;0;0;0;0;0;0;0;0;0;0;0;0;0;0;0;0;0;0;0;0;0;0;0;0;0;0;0;0;0;0;0;0;0;0;0;0;0;0;30;30;20;45;30;30;20;45;30;31;20;45;30;30;20;45;200;140;100;300;200;138;100;300;200;139;100;300;200;139;100;300;30;30;20;45;30;30;20;45;30;30;20;45;30;30;20;45;200;144;100;300;200;142;100;300;200;237;100;300;200;238;100;300;4;2;0.4;6;4;5;0.4;6;4;2;0.4;6;4;5;0.4;6;4;2;0.4;6;4;5;0.4;6;4;2;0.4;6;4;5;0.4;6;NOK;NOK;OK;7000;7112;6500;8100;OK;4.97;0;8;12;NOK;N/A;1.5;N/A;N/A;N/A;9;11.9;7;18;OK;;0;0;0;-;Disabled;TempOk;2;230;37.2;36.9;0;0;349.9;441345100 daimler 1500 1900;441345100 daimler 1500 1900;441345100 Daimler 1500 1900
20260325_20:14:55;0;1;4;950;946.6;925;975;OK;950;950.8;925;975;OK;950.8;950.9;-20;-12.3;-50;-25;NOK;-20;-11.9;-50;-25;NOK;-17.2;-16.4;0;-20;-12.2;-50;-25;NOK;300;344;300;500;OK;0;0;N/A;N/A;N/A;N/A;N/A;N/A;N/A;N/A;N/A;N/A;N/A;N/A;N/A;N/A;N/A;N/A;N/A;N/A;N/A;N/A;N/A;N/A;N/A;N/A;N/A;N/A;N/A;N/A;N/A;N/A;N/A;N/A;N/A;N/A;N/A;N/A;N/A;N/A;N/A;N/A;N/A;N/A;N/A;N/A;N/A;N/A;N/A;N/A;N/A;N/A;N/A;N/A;N/A;N/A;N/A;N/A;N/A;N/A;N/A;N/A;N/A;N/A;N/A;N/A;N/A;N/A;N/A;N/A;N/A;N/A;N/A;N/A;N/A;N/A;N/A;N/A;N/A;N/A;N/A;N/A;N/A;N/A;N/A;N/A;N/A;N/A;N/A;N/A;N/A;N/A;N/A;N/A;N/A;N/A;N/A;N/A;N/A;N/A;;0;321.4;0;0;;Disabled;TempStop;2;700;324.7;276.6;0;0;599.9;549.9;Enabled;PosOk;2;0;0;0;0;0;15;Disabled;0;0;0;0;0;0;0;0;0;0;0;0;0;0;0;0;0;0;0;0;0;0;0;0;0;0;0;0;0;0;0;0;0;0;0;0;0;0;0;0;0;0;0;0;0;0;0;0;0;0;0;0;0;0;0;0;0;0;0;0;0;0;0;0;0;0;0;0;14;29;30;31;20;45;30;30;20;45;30;31;20;45;30;30;20;45;200;140;100;300;200;139;100;300;200;140;100;300;200;140;100;300;30;31;20;45;30;30;20;45;30;30;20;45;30;30;20;45;200;144;100;300;200;143;100;300;200;237;100;300;200;239;100;300;4;2;0.4;6;4;5;0.4;6;4;2;0.4;6;4;5;0.4;6;4;2;0.4;6;4;5;0.4;6;4;2;0.4;6;4;5;0.4;6;NOK;NOK;OK;7000;7114;6500;8100;OK;4.97;0;8;12;NOK;N/A;1.5;N/A;N/A;N/A;9;11.6;7;18;OK;;0;0;0;-;Disabled;TempOk;2;230;36.7;36.7;0;0;349.9;441345100 daimler 1500 1900;441345100 daimler 1500 1900;441345100 Daimler 1500 1900
20260325_20:16:37;0;3;4;950;941;925;975;OK;950;951.6;925;975;OK;951.3;951.5;-20;-13.5;-50;-25;NOK;-20;-12.8;-50;-25;NOK;-17.5;-17;0;-20;-13.6;-50;-25;NOK;300;367;300;500;OK;0;0;N/A;N/A;N/A;N/A;N/A;N/A;N/A;N/A;N/A;N/A;N/A;N/A;N/A;N/A;N/A;N/A;N/A;N/A;N/A;N/A;N/A;N/A;N/A;N/A;N/A;N/A;N/A;N/A;N/A;N/A;N/A;N/A;N/A;N/A;N/A;N/A;N/A;N/A;N/A;N/A;N/A;N/A;N/A;N/A;N/A;N/A;N/A;N/A;N/A;N/A;N/A;N/A;N/A;N/A;N/A;N/A;N/A;N/A;N/A;N/A;N/A;N/A;N/A;N/A;N/A;N/A;N/A;N/A;N/A;N/A;N/A;N/A;N/A;N/A;N/A;N/A;N/A;N/A;N/A;N/A;N/A;N/A;N/A;N/A;N/A;N/A;N/A;N/A;N/A;N/A;N/A;N/A;N/A;N/A;N/A;N/A;N/A;N/A;;0;319.1;0;0;;Disabled;TempStop;2;700;322.5;274.5;0;0;599.9;549.9;Enabled;PosOk;2;0;0;0;0;0;15;Disabled;0;0;0;0;0;0;0;0;0;0;0;0;0;0;0;0;0;0;0;0;0;0;0;0;0;0;0;0;0;0;0;0;0;0;0;0;0;0;0;0;0;0;0;0;0;0;0;0;0;0;0;0;0;0;0;0;0;0;0;0;0;0;0;0;0;0;0;0;0;0;30;30;20;45;30;30;20;45;30;30;20;45;30;30;20;45;200;141;100;300;200;139;100;300;200;139;100;300;200;139;100;300;30;30;20;45;30;30;20;45;30;30;20;45;30;30;20;45;200;145;100;300;200;143;100;300;200;237;100;300;200;238;100;300;4;2;0.4;6;4;5;0.4;6;4;2;0.4;6;4;5;0.4;6;4;2;0.4;6;4;5;0.4;6;4;3;0.4;6;4;5;0.4;6;NOK;NOK;OK;7000;7121;6500;8100;OK;4.98;0;8;12;NOK;N/A;1.5;N/A;N/A;N/A;9;11.8;7;18;OK;;0;0;0;-;Disabled;TempOk;2;230;36.9;38.2;0;0;349.9;441345100 daimler 1500 1900;441345100 daimler 1500 1900;441345100 Daimler 1500 1900
20260325_20:17:12;0;3;5;950;943.3;925;975;OK;950;951.1;925;975;OK;951.2;951.1;-20;-16.9;-50;-25;NOK;-20;-17.1;-50;-25;NOK;-17.4;-17.3;0;-20;-16.7;-50;-25;NOK;300;357;300;500;OK;0;0;N/A;N/A;N/A;N/A;N/A;N/A;N/A;N/A;N/A;N/A;N/A;N/A;N/A;N/A;N/A;N/A;N/A;N/A;N/A;N/A;N/A;N/A;N/A;N/A;N/A;N/A;N/A;N/A;N/A;N/A;N/A;N/A;N/A;N/A;N/A;N/A;N/A;N/A;N/A;N/A;N/A;N/A;N/A;N/A;N/A;N/A;N/A;N/A;N/A;N/A;N/A;N/A;N/A;N/A;N/A;N/A;N/A;N/A;N/A;N/A;N/A;N/A;N/A;N/A;N/A;N/A;N/A;N/A;N/A;N/A;N/A;N/A;N/A;N/A;N/A;N/A;N/A;N/A;N/A;N/A;N/A;N/A;N/A;N/A;N/A;N/A;N/A;N/A;N/A;N/A;N/A;N/A;N/A;N/A;N/A;N/A;N/A;N/A;;0;319.3;0;0;;Disabled;TempStop;2;700;322.7;273.7;0;0;599.9;549.9;Enabled;PosOk;2;0;0;0;0;0;15;Disabled;0;0;0;0;0;0;0;0;0;0;0;0;0;0;0;0;0;0;0;0;0;0;0;0;0;0;0;0;0;0;0;0;0;0;0;0;0;0;0;0;0;0;0;0;0;0;0;0;0;0;0;0;0;0;0;0;0;0;0;0;0;0;0;0;0;0;0;0;0;0;30;31;20;45;30;30;20;45;30;31;20;45;30;30;20;45;200;141;100;300;200;139;100;300;200;139;100;300;200;140;100;300;30;31;20;45;30;30;20;45;30;31;20;45;30;30;20;45;200;144;100;300;200;143;100;300;200;237;100;300;200;239;100;300;4;2;0.4;6;4;5;0.4;6;4;2;0.4;6;4;5;0.4;6;4;2;0.4;6;4;5;0.4;6;4;3;0.4;6;4;5;0.4;6;NOK;NOK;OK;7000;7066;6500;8100;OK;4.98;0;8;12;NOK;N/A;1.5;N/A;N/A;N/A;9;11.9;7;18;OK;;0;0;0;-;Disabled;TempOk;2;230;36.7;36.9;0;0;349.9;441345100 daimler 1500 1900;441345100 daimler 1500 1900;441345100 Daimler 1500 1900
20260325_20:17:48;0;1;2;950;940.3;925;975;OK;950;951.7;925;975;OK;951.7;951.6;-20;-18.2;-50;-25;NOK;-20;-18.2;-50;-25;NOK;-17.2;-17.2;0;-20;-18.3;-50;-25;NOK;300;346;300;500;OK;0;0;N/A;N/A;N/A;N/A;N/A;N/A;N/A;N/A;N/A;N/A;N/A;N/A;N/A;N/A;N/A;N/A;N/A;N/A;N/A;N/A;N/A;N/A;N/A;N/A;N/A;N/A;N/A;N/A;N/A;N/A;N/A;N/A;N/A;N/A;N/A;N/A;N/A;N/A;N/A;N/A;N/A;N/A;N/A;N/A;N/A;N/A;N/A;N/A;N/A;N/A;N/A;N/A;N/A;N/A;N/A;N/A;N/A;N/A;N/A;N/A;N/A;N/A;N/A;N/A;N/A;N/A;N/A;N/A;N/A;N/A;N/A;N/A;N/A;N/A;N/A;N/A;N/A;N/A;N/A;N/A;N/A;N/A;N/A;N/A;N/A;N/A;N/A;N/A;N/A;N/A;N/A;N/A;N/A;N/A;N/A;N/A;N/A;N/A;;0;321.4;0;0;;Disabled;TempStop;2;700;327.1;275.6;0;0;599.9;549.9;Enabled;PosOk;2;0;0;0;0;0;15;Disabled;0;0;0;0;0;0;0;0;0;0;0;0;0;0;0;0;0;0;0;0;0;0;0;0;0;0;0;0;0;0;0;0;0;0;0;0;0;0;0;0;0;0;0;0;0;0;0;0;0;0;0;0;0;0;0;0;0;0;0;0;0;0;0;0;0;0;0;0;0;0;30;31;20;45;30;30;20;45;30;32;20;45;30;30;20;45;200;141;100;300;200;139;100;300;200;140;100;300;200;140;100;300;30;31;20;45;30;30;20;45;30;31;20;45;30;30;20;45;200;145;100;300;200;143;100;300;200;238;100;300;200;238;100;300;4;2;0.4;6;4;5;0.4;6;4;2;0.4;6;4;5;0.4;6;4;2;0.4;6;4;5;0.4;6;4;3;0.4;6;4;5;0.4;6;NOK;NOK;OK;7000;7101;6500;8100;OK;4.98;0;8;12;NOK;N/A;1.5;N/A;N/A;N/A;9;12.5;7;18;OK;;0;0;0;-;Disabled;TempOk;2;230;36.9;37.4;0;0;349.9;441345100 daimler 1500 1900;441345100 daimler 1500 1900;441345100 Daimler 1500 1900
20260325_20:18:24;0;3;2;950;940.6;925;975;OK;950;951.7;925;975;OK;951.7;951.7;-20;-22.6;-50;-25;NOK;-20;-21.1;-50;-25;NOK;-17.1;-18.6;0;-20;-22.7;-50;-25;NOK;300;336;300;500;OK;0;0;N/A;N/A;N/A;N/A;N/A;N/A;N/A;N/A;N/A;N/A;N/A;N/A;N/A;N/A;N/A;N/A;N/A;N/A;N/A;N/A;N/A;N/A;N/A;N/A;N/A;N/A;N/A;N/A;N/A;N/A;N/A;N/A;N/A;N/A;N/A;N/A;N/A;N/A;N/A;N/A;N/A;N/A;N/A;N/A;N/A;N/A;N/A;N/A;N/A;N/A;N/A;N/A;N/A;N/A;N/A;N/A;N/A;N/A;N/A;N/A;N/A;N/A;N/A;N/A;N/A;N/A;N/A;N/A;N/A;N/A;N/A;N/A;N/A;N/A;N/A;N/A;N/A;N/A;N/A;N/A;N/A;N/A;N/A;N/A;N/A;N/A;N/A;N/A;N/A;N/A;N/A;N/A;N/A;N/A;N/A;N/A;N/A;N/A;;0;319.7;0;0;;Disabled;TempStop;2;700;324.2;273.2;0;0;599.9;549.9;Enabled;PosOk;2;0;0;0;0;0;15;Disabled;0;0;0;0;0;0;0;0;0;0;0;0;0;0;0;0;0;0;0;0;0;0;0;0;0;0;0;0;0;0;0;0;0;0;0;0;0;0;0;0;0;0;0;0;0;0;0;0;0;0;0;0;0;0;0;0;0;0;0;0;0;0;0;0;0;0;0;0;0;0;30;31;20;45;30;30;20;45;30;31;20;45;30;30;20;45;200;141;100;300;200;139;100;300;200;140;100;300;200;140;100;300;30;31;20;45;30;30;20;45;30;30;20;45;30;30;20;45;200;144;100;300;200;143;100;300;200;237;100;300;200;238;100;300;4;2;0.4;6;4;5;0.4;6;4;2;0.4;6;4;5;0.4;6;4;2;0.4;6;4;5;0.4;6;4;2;0.4;6;4;5;0.4;6;NOK;NOK;OK;7000;7060;6500;8100;OK;4.98;0;8;12;NOK;N/A;1.5;N/A;N/A;N/A;9;11.8;7;18;OK;;0;0;0;-;Disabled;TempOk;2;230;37.2;36.9;0;0;349.9;441345100 daimler 1500 1900;441345100 daimler 1500 1900;441345100 Daimler 1500 1900
20260325_20:19:00;0;1;3;950;940.6;925;975;OK;950;951.6;925;975;OK;951.5;951.5;-20;-14.1;-50;-25;NOK;-20;-16.3;-50;-25;NOK;-18.1;-18.7;0;-20;-14;-50;-25;NOK;300;326;300;500;OK;0;0;N/A;N/A;N/A;N/A;N/A;N/A;N/A;N/A;N/A;N/A;N/A;N/A;N/A;N/A;N/A;N/A;N/A;N/A;N/A;N/A;N/A;N/A;N/A;N/A;N/A;N/A;N/A;N/A;N/A;N/A;N/A;N/A;N/A;N/A;N/A;N/A;N/A;N/A;N/A;N/A;N/A;N/A;N/A;N/A;N/A;N/A;N/A;N/A;N/A;N/A;N/A;N/A;N/A;N/A;N/A;N/A;N/A;N/A;N/A;N/A;N/A;N/A;N/A;N/A;N/A;N/A;N/A;N/A;N/A;N/A;N/A;N/A;N/A;N/A;N/A;N/A;N/A;N/A;N/A;N/A;N/A;N/A;N/A;N/A;N/A;N/A;N/A;N/A;N/A;N/A;N/A;N/A;N/A;N/A;N/A;N/A;N/A;N/A;;0;321.4;0;0;;Disabled;TempStop;2;700;323.5;277.7;0;0;599.9;549.9;Enabled;PosOk;2;0;0;0;0;0;15;Disabled;0;0;0;0;0;0;0;0;0;0;0;0;0;0;0;0;0;0;0;0;0;0;0;0;0;0;0;0;0;0;0;0;0;0;0;0;0;0;0;0;0;0;0;0;0;0;0;0;0;0;0;0;0;0;0;0;0;0;0;0;0;0;0;0;0;0;0;0;18;35;30;31;20;45;30;30;20;45;30;31;20;45;30;30;20;45;200;140;100;300;200;139;100;300;200;140;100;300;200;140;100;300;30;31;20;45;30;30;20;45;30;31;20;45;30;30;20;45;200;145;100;300;200;143;100;300;200;237;100;300;200;239;100;300;4;2;0.4;6;4;5;0.4;6;4;2;0.4;6;4;5;0.4;6;4;2;0.4;6;4;5;0.4;6;4;3;0.4;6;4;5;0.4;6;NOK;NOK;OK;7000;7074;6500;8100;OK;4.98;0;8;12;NOK;N/A;1.5;N/A;N/A;N/A;9;12;7;18;OK;;0;0;0;-;Disabled;TempOk;2;230;37.7;38.2;0;0;349.9;441345100 daimler 1500 1900;441345100 daimler 1500 1900;441345100 Daimler 1500 1900
20260325_20:19:36;0;3;3;950;940.3;925;975;OK;950;951.6;925;975;OK;951.5;951.5;-20;-16.9;-50;-25;NOK;-20;-16.3;-50;-25;NOK;-13.3;-14.7;0;-20;-16.7;-50;-25;NOK;300;315;300;500;OK;0;0;N/A;N/A;N/A;N/A;N/A;N/A;N/A;N/A;N/A;N/A;N/A;N/A;N/A;N/A;N/A;N/A;N/A;N/A;N/A;N/A;N/A;N/A;N/A;N/A;N/A;N/A;N/A;N/A;N/A;N/A;N/A;N/A;N/A;N/A;N/A;N/A;N/A;N/A;N/A;N/A;N/A;N/A;N/A;N/A;N/A;N/A;N/A;N/A;N/A;N/A;N/A;N/A;N/A;N/A;N/A;N/A;N/A;N/A;N/A;N/A;N/A;N/A;N/A;N/A;N/A;N/A;N/A;N/A;N/A;N/A;N/A;N/A;N/A;N/A;N/A;N/A;N/A;N/A;N/A;N/A;N/A;N/A;N/A;N/A;N/A;N/A;N/A;N/A;N/A;N/A;N/A;N/A;N/A;N/A;N/A;N/A;N/A;N/A;;0;320.3;0;0;;Disabled;TempStop;2;700;323;276.1;0;0;599.9;549.9;Enabled;PosOk;2;0;0;0;0;0;15;Disabled;0;0;0;0;0;0;0;0;0;0;0;0;0;0;0;0;0;0;0;0;0;0;0;0;0;0;0;0;0;0;0;0;0;0;0;0;0;0;0;0;0;0;0;0;0;0;0;0;0;0;0;0;0;0;0;0;0;0;0;0;0;0;0;0;0;0;0;0;0;0;30;31;20;45;30;30;20;45;30;31;20;45;30;30;20;45;200;140;100;300;200;139;100;300;200;139;100;300;200;140;100;300;30;31;20;45;30;30;20;45;30;30;20;45;30;30;20;45;200;145;100;300;200;143;100;300;200;238;100;300;200;238;100;300;4;2;0.4;6;4;5;0.4;6;4;2;0.4;6;4;5;0.4;6;4;2;0.4;6;4;5;0.4;6;4;2;0.4;6;4;5;0.4;6;NOK;NOK;OK;7000;7076;6500;8100;OK;4.97;0;8;12;NOK;N/A;1.5;N/A;N/A;N/A;9;12.2;7;18;OK;;0;0;0;-;Disabled;TempOk;2;230;37.7;37.4;0;0;349.9;441345100 daimler 1500 1900;441345100 daimler 1500 1900;441345100 Daimler 1500 1900
20260325_20:20:12;0;1;4;950;939.7;925;975;OK;950;950.5;925;975;OK;950.9;950.8;-20;-11.5;-50;-25;NOK;-20;-13.1;-50;-25;NOK;-16.6;-15.8;0;-20;-11.5;-50;-25;NOK;300;305;300;500;OK;0;0;N/A;N/A;N/A;N/A;N/A;N/A;N/A;N/A;N/A;N/A;N/A;N/A;N/A;N/A;N/A;N/A;N/A;N/A;N/A;N/A;N/A;N/A;N/A;N/A;N/A;N/A;N/A;N/A;N/A;N/A;N/A;N/A;N/A;N/A;N/A;N/A;N/A;N/A;N/A;N/A;N/A;N/A;N/A;N/A;N/A;N/A;N/A;N/A;N/A;N/A;N/A;N/A;N/A;N/A;N/A;N/A;N/A;N/A;N/A;N/A;N/A;N/A;N/A;N/A;N/A;N/A;N/A;N/A;N/A;N/A;N/A;N/A;N/A;N/A;N/A;N/A;N/A;N/A;N/A;N/A;N/A;N/A;N/A;N/A;N/A;N/A;N/A;N/A;N/A;N/A;N/A;N/A;N/A;N/A;N/A;N/A;N/A;N/A;;0;322;0;0;;Disabled;TempStop;2;700;324.6;278.2;0;0;599.9;549.9;Enabled;PosOk;2;0;0;0;0;0;15;Disabled;0;0;0;0;0;0;0;0;0;0;0;0;0;0;0;0;0;0;0;0;0;0;0;0;0;0;0;0;0;0;0;0;0;0;0;0;0;0;0;0;0;0;0;0;0;0;0;0;0;0;0;0;0;0;0;0;0;0;0;0;0;0;0;0;0;0;0;0;19;47;30;31;20;45;30;30;20;45;30;31;20;45;30;30;20;45;200;141;100;300;200;138;100;300;200;140;100;300;200;140;100;300;30;31;20;45;30;30;20;45;30;30;20;45;30;30;20;45;200;144;100;300;200;143;100;300;200;237;100;300;200;238;100;300;4;2;0.4;6;4;5;0.4;6;4;2;0.4;6;4;5;0.4;6;4;2;0.4;6;4;5;0.4;6;4;2;0.4;6;4;5;0.4;6;NOK;NOK;OK;7000;7055;6500;8100;OK;4.97;0;8;12;NOK;N/A;1.5;N/A;N/A;N/A;9;12;7;18;OK;;0;0;0;-;Disabled;TempOk;2;230;37.2;37.7;0;0;349.9;441345100 daimler 1500 1900;441345100 daimler 1500 1900;441345100 Daimler 1500 1900
20260325_20:22:00;0;3;4;950;940.4;925;975;OK;950;951.6;925;975;OK;951.4;951.4;-20;-13.2;-50;-25;NOK;-20;-11.8;-50;-25;NOK;-13.9;-11.8;0;-20;-13.5;-50;-25;NOK;300;311;300;500;OK;0;0;N/A;N/A;N/A;N/A;N/A;N/A;N/A;N/A;N/A;N/A;N/A;N/A;N/A;N/A;N/A;N/A;N/A;N/A;N/A;N/A;N/A;N/A;N/A;N/A;N/A;N/A;N/A;N/A;N/A;N/A;N/A;N/A;N/A;N/A;N/A;N/A;N/A;N/A;N/A;N/A;N/A;N/A;N/A;N/A;N/A;N/A;N/A;N/A;N/A;N/A;N/A;N/A;N/A;N/A;N/A;N/A;N/A;N/A;N/A;N/A;N/A;N/A;N/A;N/A;N/A;N/A;N/A;N/A;N/A;N/A;N/A;N/A;N/A;N/A;N/A;N/A;N/A;N/A;N/A;N/A;N/A;N/A;N/A;N/A;N/A;N/A;N/A;N/A;N/A;N/A;N/A;N/A;N/A;N/A;N/A;N/A;N/A;N/A;;0;319.5;0;0;;Disabled;TempStop;2;700;322.1;275.6;0;0;599.9;549.9;Enabled;PosOk;2;0;0;0;0;0;15;Disabled;0;0;0;0;0;0;0;0;0;0;0;0;0;0;0;0;0;0;0;0;0;0;0;0;0;0;0;0;0;0;0;0;0;0;0;0;0;0;0;0;0;0;0;0;0;0;0;0;0;0;0;0;0;0;0;0;0;0;0;0;0;0;0;0;0;0;0;0;0;0;30;30;20;45;30;30;20;45;30;30;20;45;30;30;20;45;200;141;100;300;200;138;100;300;200;140;100;300;200;139;100;300;30;30;20;45;30;30;20;45;30;30;20;45;30;30;20;45;200;144;100;300;200;143;100;300;200;237;100;300;200;238;100;300;4;2;0.4;6;4;5;0.4;6;4;2;0.4;6;4;5;0.4;6;4;2;0.4;6;4;5;0.4;6;4;2;0.4;6;4;5;0.4;6;NOK;NOK;OK;7000;7103;6500;8100;OK;4.97;0;8;12;NOK;N/A;1.5;N/A;N/A;N/A;9;11.8;7;18;OK;;0;0;0;-;Disabled;TempOk;2;230;37.4;37.2;0;0;349.9;441345100 daimler 1500 1900;441345100 daimler 1500 1900;441345100 Daimler 1500 1900
20260325_20:22:36;0;3;5;950;942.8;925;975;OK;950;951.1;925;975;OK;950.9;951.2;-20;-17.1;-50;-25;NOK;-20;-15.8;-50;-25;NOK;-15.6;-15.3;0;-20;-17.1;-50;-25;NOK;300;311;300;500;OK;0;0;N/A;N/A;N/A;N/A;N/A;N/A;N/A;N/A;N/A;N/A;N/A;N/A;N/A;N/A;N/A;N/A;N/A;N/A;N/A;N/A;N/A;N/A;N/A;N/A;N/A;N/A;N/A;N/A;N/A;N/A;N/A;N/A;N/A;N/A;N/A;N/A;N/A;N/A;N/A;N/A;N/A;N/A;N/A;N/A;N/A;N/A;N/A;N/A;N/A;N/A;N/A;N/A;N/A;N/A;N/A;N/A;N/A;N/A;N/A;N/A;N/A;N/A;N/A;N/A;N/A;N/A;N/A;N/A;N/A;N/A;N/A;N/A;N/A;N/A;N/A;N/A;N/A;N/A;N/A;N/A;N/A;N/A;N/A;N/A;N/A;N/A;N/A;N/A;N/A;N/A;N/A;N/A;N/A;N/A;N/A;N/A;N/A;N/A;;0;320.4;0;0;;Disabled;TempStop;2;700;322.8;275.8;0;0;599.9;549.9;Enabled;PosOk;2;0;0;0;0;0;15;Disabled;0;0;0;0;0;0;0;0;0;0;0;0;0;0;0;0;0;0;0;0;0;0;0;0;0;0;0;0;0;0;0;0;0;0;0;0;0;0;0;0;0;0;0;0;0;0;0;0;0;0;0;0;0;0;0;0;0;0;0;0;0;0;0;0;0;0;0;0;0;0;30;31;20;45;30;30;20;45;30;31;20;45;30;30;20;45;200;141;100;300;200;139;100;300;200;139;100;300;200;139;100;300;30;31;20;45;30;30;20;45;30;31;20;45;30;30;20;45;200;144;100;300;200;143;100;300;200;237;100;300;200;238;100;300;4;2;0.4;6;4;5;0.4;6;4;2;0.4;6;4;5;0.4;6;4;2;0.4;6;4;5;0.4;6;4;2;0.4;6;4;5;0.4;6;NOK;NOK;OK;7000;7072;6500;8100;OK;4.97;0;8;12;NOK;N/A;1.5;N/A;N/A;N/A;9;11.8;7;18;OK;;0;0;0;-;Disabled;TempOk;2;230;37.2;37.2;0;0;349.9;441345100 daimler 1500 1900;441345100 daimler 1500 1900;441345100 Daimler 1500 1900
20260325_20:23:12;0;1;2;950;941.1;925;975;OK;950;951.7;925;975;OK;951.7;951.6;-20;-18.3;-50;-25;NOK;-20;-13.3;-50;-25;NOK;-12.4;-12.5;0;-20;-18.3;-50;-25;NOK;300;311;300;500;OK;0;0;N/A;N/A;N/A;N/A;N/A;N/A;N/A;N/A;N/A;N/A;N/A;N/A;N/A;N/A;N/A;N/A;N/A;N/A;N/A;N/A;N/A;N/A;N/A;N/A;N/A;N/A;N/A;N/A;N/A;N/A;N/A;N/A;N/A;N/A;N/A;N/A;N/A;N/A;N/A;N/A;N/A;N/A;N/A;N/A;N/A;N/A;N/A;N/A;N/A;N/A;N/A;N/A;N/A;N/A;N/A;N/A;N/A;N/A;N/A;N/A;N/A;N/A;N/A;N/A;N/A;N/A;N/A;N/A;N/A;N/A;N/A;N/A;N/A;N/A;N/A;N/A;N/A;N/A;N/A;N/A;N/A;N/A;N/A;N/A;N/A;N/A;N/A;N/A;N/A;N/A;N/A;N/A;N/A;N/A;N/A;N/A;N/A;N/A;;0;321.8;0;0;;Disabled;TempStop;2;700;324.5;276.8;0;0;599.9;549.9;Enabled;PosOk;2;0;0;0;0;0;15;Disabled;0;0;0;0;0;0;0;0;0;0;0;0;0;0;0;0;0;0;0;0;0;0;0;0;0;0;0;0;0;0;0;0;0;0;0;0;0;0;0;0;0;0;0;0;0;0;0;0;0;0;0;0;0;0;0;0;0;0;0;0;0;0;0;0;0;0;0;0;0;0;30;31;20;45;30;30;20;45;30;32;20;45;30;30;20;45;200;141;100;300;200;138;100;300;200;140;100;300;200;140;100;300;30;31;20;45;30;30;20;45;30;31;20;45;30;30;20;45;200;144;100;300;200;143;100;300;200;238;100;300;200;239;100;300;4;2;0.4;6;4;5;0.4;6;4;2;0.4;6;4;5;0.4;6;4;3;0.4;6;4;5;0.4;6;4;2;0.4;6;4;5;0.4;6;NOK;NOK;OK;7000;7089;6500;8100;OK;4.97;0;8;12;NOK;N/A;1.5;N/A;N/A;N/A;9;11.9;7;18;OK;;0;0;0;-;Disabled;TempOk;2;230;36.9;37.4;0;0;349.9;441345100 daimler 1500 1900;441345100 daimler 1500 1900;441345100 Daimler 1500 1900
20260325_20:23:48;0;3;2;950;940.1;925;975;OK;950;951.9;925;975;OK;951.8;951.7;-20;-21.5;-50;-25;NOK;-20;-15.2;-50;-25;NOK;-13.1;-13.9;0;-20;-21.7;-50;-25;NOK;300;311;300;500;OK;0;0;N/A;N/A;N/A;N/A;N/A;N/A;N/A;N/A;N/A;N/A;N/A;N/A;N/A;N/A;N/A;N/A;N/A;N/A;N/A;N/A;N/A;N/A;N/A;N/A;N/A;N/A;N/A;N/A;N/A;N/A;N/A;N/A;N/A;N/A;N/A;N/A;N/A;N/A;N/A;N/A;N/A;N/A;N/A;N/A;N/A;N/A;N/A;N/A;N/A;N/A;N/A;N/A;N/A;N/A;N/A;N/A;N/A;N/A;N/A;N/A;N/A;N/A;N/A;N/A;N/A;N/A;N/A;N/A;N/A;N/A;N/A;N/A;N/A;N/A;N/A;N/A;N/A;N/A;N/A;N/A;N/A;N/A;N/A;N/A;N/A;N/A;N/A;N/A;N/A;N/A;N/A;N/A;N/A;N/A;N/A;N/A;N/A;N/A;;0;319.9;0;0;;Disabled;TempStop;2;700;322.7;276;0;0;599.9;549.9;Enabled;PosOk;2;0;0;0;0;0;15;Disabled;0;0;0;0;0;0;0;0;0;0;0;0;0;0;0;0;0;0;0;0;0;0;0;0;0;0;0;0;0;0;0;0;0;0;0;0;0;0;0;0;0;0;0;0;0;0;0;0;0;0;0;0;0;0;0;0;0;0;0;0;0;0;0;0;0;0;0;0;0;0;30;31;20;45;30;29;20;45;30;31;20;45;30;29;20;45;200;141;100;300;200;139;100;300;200;140;100;300;200;140;100;300;30;31;20;45;30;29;20;45;30;30;20;45;30;30;20;45;200;144;100;300;200;143;100;300;200;238;100;300;200;238;100;300;4;2;0.4;6;4;5;0.4;6;4;2;0.4;6;4;5;0.4;6;4;2;0.4;6;4;5;0.4;6;4;3;0.4;6;4;5;0.4;6;NOK;NOK;OK;7000;7069;6500;8100;OK;4.97;0;8;12;NOK;N/A;1.5;N/A;N/A;N/A;9;11.6;7;18;OK;;0;0;0;-;Disabled;TempOk;2;230;37.7;39.3;0;0;349.9;441345100 daimler 1500 1900;441345100 daimler 1500 1900;441345100 Daimler 1500 1900
20260325_20:24:24;0;1;3;950;941.1;925;975;OK;950;951.8;925;975;OK;951.6;951.7;-20;-15.4;-50;-25;NOK;-20;-14.1;-50;-25;NOK;-15.3;-15.9;0;-20;-15.2;-50;-25;NOK;300;311;300;500;OK;0;0;N/A;N/A;N/A;N/A;N/A;N/A;N/A;N/A;N/A;N/A;N/A;N/A;N/A;N/A;N/A;N/A;N/A;N/A;N/A;N/A;N/A;N/A;N/A;N/A;N/A;N/A;N/A;N/A;N/A;N/A;N/A;N/A;N/A;N/A;N/A;N/A;N/A;N/A;N/A;N/A;N/A;N/A;N/A;N/A;N/A;N/A;N/A;N/A;N/A;N/A;N/A;N/A;N/A;N/A;N/A;N/A;N/A;N/A;N/A;N/A;N/A;N/A;N/A;N/A;N/A;N/A;N/A;N/A;N/A;N/A;N/A;N/A;N/A;N/A;N/A;N/A;N/A;N/A;N/A;N/A;N/A;N/A;N/A;N/A;N/A;N/A;N/A;N/A;N/A;N/A;N/A;N/A;N/A;N/A;N/A;N/A;N/A;N/A;;0;321.5;0;0;;Disabled;TempStop;2;700;324.1;277.6;0;0;599.9;549.9;Enabled;PosOk;2;0;0;0;0;0;15;Disabled;0;0;0;0;0;0;0;0;0;0;0;0;0;0;0;0;0;0;0;0;0;0;0;0;0;0;0;0;0;0;0;0;0;0;0;0;0;0;0;0;0;0;0;0;0;0;0;0;0;0;0;0;0;0;0;0;0;0;0;0;0;0;0;0;0;0;0;0;23;58;30;31;20;45;30;30;20;45;30;31;20;45;30;30;20;45;200;141;100;300;200;139;100;300;200;140;100;300;200;140;100;300;30;31;20;45;30;30;20;45;30;30;20;45;30;30;20;45;200;144;100;300;200;143;100;300;200;237;100;300;200;238;100;300;4;2;0.4;6;4;5;0.4;6;4;2;0.4;6;4;5;0.4;6;4;2;0.4;6;4;5;0.4;6;4;2;0.4;6;4;5;0.4;6;NOK;NOK;OK;7000;7064;6500;8100;OK;4.97;0;8;12;NOK;N/A;1.5;N/A;N/A;N/A;9;11.9;7;18;OK;;0;0;0;-;Disabled;TempOk;2;230;37.4;37.9;0;0;349.9;441345100 daimler 1500 1900;441345100 daimler 1500 1900;441345100 Daimler 1500 1900
20260325_20:25:00;0;3;3;950;940.3;925;975;OK;950;951.6;925;975;OK;951.7;951.4;-20;-16.3;-50;-25;NOK;-20;-14.5;-50;-25;NOK;-12.2;-13.3;0;-20;-16.2;-50;-25;NOK;300;311;300;500;OK;0;0;N/A;N/A;N/A;N/A;N/A;N/A;N/A;N/A;N/A;N/A;N/A;N/A;N/A;N/A;N/A;N/A;N/A;N/A;N/A;N/A;N/A;N/A;N/A;N/A;N/A;N/A;N/A;N/A;N/A;N/A;N/A;N/A;N/A;N/A;N/A;N/A;N/A;N/A;N/A;N/A;N/A;N/A;N/A;N/A;N/A;N/A;N/A;N/A;N/A;N/A;N/A;N/A;N/A;N/A;N/A;N/A;N/A;N/A;N/A;N/A;N/A;N/A;N/A;N/A;N/A;N/A;N/A;N/A;N/A;N/A;N/A;N/A;N/A;N/A;N/A;N/A;N/A;N/A;N/A;N/A;N/A;N/A;N/A;N/A;N/A;N/A;N/A;N/A;N/A;N/A;N/A;N/A;N/A;N/A;N/A;N/A;N/A;N/A;;0;320.1;0;0;;Disabled;TempStop;2;700;323.9;275.8;0;0;599.9;549.9;Enabled;PosOk;2;0;0;0;0;0;15;Disabled;0;0;0;0;0;0;0;0;0;0;0;0;0;0;0;0;0;0;0;0;0;0;0;0;0;0;0;0;0;0;0;0;0;0;0;0;0;0;0;0;0;0;0;0;0;0;0;0;0;0;0;0;0;0;0;0;0;0;0;0;0;0;0;0;0;0;0;0;0;0;30;31;20;45;30;30;20;45;30;31;20;45;30;30;20;45;200;141;100;300;200;139;100;300;200;140;100;300;200;140;100;300;30;31;20;45;30;30;20;45;30;30;20;45;30;30;20;45;200;144;100;300;200;143;100;300;200;238;100;300;200;239;100;300;4;2;0.4;6;4;5;0.4;6;4;2;0.4;6;4;5;0.4;6;4;2;0.4;6;4;5;0.4;6;4;2;0.4;6;4;5;0.4;6;NOK;NOK;OK;7000;7097;6500;8100;OK;4.97;0;8;12;NOK;N/A;1.5;N/A;N/A;N/A;9;12.4;7;18;OK;;0;0;0;-;Disabled;TempOk;2;230;37.4;37.7;0;0;349.9;441345100 daimler 1500 1900;441345100 daimler 1500 1900;441345100 Daimler 1500 1900
20260325_20:25:36;0;1;1;950;948;925;975;OK;950;950.9;925;975;OK;951;951.1;-20;-18.8;-50;-25;NOK;-20;-16.8;-50;-25;NOK;-16.4;-16.3;0;-20;-18.8;-50;-25;NOK;300;331;300;500;OK;0;0;N/A;N/A;N/A;N/A;N/A;N/A;N/A;N/A;N/A;N/A;N/A;N/A;N/A;N/A;N/A;N/A;N/A;N/A;N/A;N/A;N/A;N/A;N/A;N/A;N/A;N/A;N/A;N/A;N/A;N/A;N/A;N/A;N/A;N/A;N/A;N/A;N/A;N/A;N/A;N/A;N/A;N/A;N/A;N/A;N/A;N/A;N/A;N/A;N/A;N/A;N/A;N/A;N/A;N/A;N/A;N/A;N/A;N/A;N/A;N/A;N/A;N/A;N/A;N/A;N/A;N/A;N/A;N/A;N/A;N/A;N/A;N/A;N/A;N/A;N/A;N/A;N/A;N/A;N/A;N/A;N/A;N/A;N/A;N/A;N/A;N/A;N/A;N/A;N/A;N/A;N/A;N/A;N/A;N/A;N/A;N/A;N/A;N/A;;0;322.2;0;0;;Disabled;TempStop;2;700;325.9;277.2;0;0;599.9;549.9;Enabled;PosOk;2;0;0;0;0;0;15;Disabled;0;0;0;0;0;0;0;0;0;0;0;0;0;0;0;0;0;0;0;0;0;0;0;0;0;0;0;0;0;0;0;0;0;0;0;0;0;0;0;0;0;0;0;0;0;0;0;0;0;0;0;0;0;0;0;0;0;0;0;0;0;0;0;0;0;0;0;0;0;0;30;31;20;45;30;30;20;45;30;31;20;45;30;30;20;45;200;141;100;300;200;139;100;300;200;140;100;300;200;139;100;300;30;31;20;45;30;30;20;45;30;31;20;45;30;30;20;45;200;144;100;300;200;143;100;300;200;237;100;300;200;239;100;300;4;2;0.4;6;4;5;0.4;6;4;2;0.4;6;4;5;0.4;6;4;2;0.4;6;4;5;0.4;6;4;3;0.4;6;4;5;0.4;6;NOK;NOK;OK;7000;7071;6500;8100;OK;4.97;0;8;12;NOK;N/A;1.5;N/A;N/A;N/A;9;11.8;7;18;OK;;0;0;0;-;Disabled;TempOk;2;230;37.7;38.7;0;0;349.9;441345100 daimler 1500 1900;441345100 daimler 1500 1900;441345100 Daimler 1500 1900
20260325_20:26:12;0;1;4;950;939.8;925;975;OK;950;950.8;925;975;OK;950.7;950.6;-20;-12.3;-50;-25;NOK;-20;-10.3;-50;-25;NOK;-14.7;-14.2;0;-20;-12.1;-50;-25;NOK;300;347;300;500;OK;0;0;N/A;N/A;N/A;N/A;N/A;N/A;N/A;N/A;N/A;N/A;N/A;N/A;N/A;N/A;N/A;N/A;N/A;N/A;N/A;N/A;N/A;N/A;N/A;N/A;N/A;N/A;N/A;N/A;N/A;N/A;N/A;N/A;N/A;N/A;N/A;N/A;N/A;N/A;N/A;N/A;N/A;N/A;N/A;N/A;N/A;N/A;N/A;N/A;N/A;N/A;N/A;N/A;N/A;N/A;N/A;N/A;N/A;N/A;N/A;N/A;N/A;N/A;N/A;N/A;N/A;N/A;N/A;N/A;N/A;N/A;N/A;N/A;N/A;N/A;N/A;N/A;N/A;N/A;N/A;N/A;N/A;N/A;N/A;N/A;N/A;N/A;N/A;N/A;N/A;N/A;N/A;N/A;N/A;N/A;N/A;N/A;N/A;N/A;;0;321.5;0;0;;Disabled;TempStop;2;700;324.8;276.7;0;0;599.9;549.9;Enabled;PosOk;2;0;0;0;0;0;15;Disabled;0;0;0;0;0;0;0;0;0;0;0;0;0;0;0;0;0;0;0;0;0;0;0;0;0;0;0;0;0;0;0;0;0;0;0;0;0;0;0;0;0;0;0;0;0;0;0;0;0;0;0;0;0;0;0;0;0;0;0;0;0;0;0;0;0;0;0;0;25;46;30;31;20;45;30;30;20;45;30;32;20;45;30;30;20;45;200;141;100;300;200;139;100;300;200;140;100;300;200;140;100;300;30;31;20;45;30;30;20;45;30;31;20;45;30;30;20;45;200;144;100;300;200;143;100;300;200;237;100;300;200;239;100;300;4;2;0.4;6;4;5;0.4;6;4;2;0.4;6;4;5;0.4;6;4;2;0.4;6;4;5;0.4;6;4;3;0.4;6;4;5;0.4;6;NOK;NOK;OK;7000;7073;6500;8100;OK;4.97;0;8;12;NOK;N/A;1.5;N/A;N/A;N/A;9;12.4;7;18;OK;;0;0;0;-;Disabled;TempOk;2;230;38.4;38.4;0;0;349.9;441345100 daimler 1500 1900;441345100 daimler 1500 1900;441345100 Daimler 1500 1900
20260325_20:26:48;0;3;1;950;947.8;925;975;OK;950;951.3;925;975;OK;951.1;951.4;-20;-25.5;-50;-25;OK;-20;-18.6;-50;-25;NOK;-15.3;-16;0;-20;-25.5;-50;-25;OK;300;367;300;500;OK;0;0;N/A;N/A;N/A;N/A;N/A;N/A;N/A;N/A;N/A;N/A;N/A;N/A;N/A;N/A;N/A;N/A;N/A;N/A;N/A;N/A;N/A;N/A;N/A;N/A;N/A;N/A;N/A;N/A;N/A;N/A;N/A;N/A;N/A;N/A;N/A;N/A;N/A;N/A;N/A;N/A;N/A;N/A;N/A;N/A;N/A;N/A;N/A;N/A;N/A;N/A;N/A;N/A;N/A;N/A;N/A;N/A;N/A;N/A;N/A;N/A;N/A;N/A;N/A;N/A;N/A;N/A;N/A;N/A;N/A;N/A;N/A;N/A;N/A;N/A;N/A;N/A;N/A;N/A;N/A;N/A;N/A;N/A;N/A;N/A;N/A;N/A;N/A;N/A;N/A;N/A;N/A;N/A;N/A;N/A;N/A;N/A;N/A;N/A;;0;320.2;0;0;;Disabled;TempStop;2;700;322.5;276.5;0;0;599.9;549.9;Enabled;PosOk;2;0;0;0;0;0;15;Disabled;0;0;0;0;0;0;0;0;0;0;0;0;0;0;0;0;0;0;0;0;0;0;0;0;0;0;0;0;0;0;0;0;0;0;0;0;0;0;0;0;0;0;0;0;0;0;0;0;0;0;0;0;0;0;0;0;0;0;0;0;0;0;0;0;0;0;0;0;0;0;30;32;20;45;30;30;20;45;30;32;20;45;30;30;20;45;200;141;100;300;200;139;100;300;200;140;100;300;200;139;100;300;30;31;20;45;30;30;20;45;30;31;20;45;30;30;20;45;200;144;100;300;200;143;100;300;200;237;100;300;200;238;100;300;4;2;0.4;6;4;5;0.4;6;4;2;0.4;6;4;5;0.4;6;4;2;0.4;6;4;5;0.4;6;4;2;0.4;6;4;5;0.4;6;NOK;NOK;OK;7000;7065;6500;8100;OK;4.97;0;8;12;NOK;N/A;1.5;N/A;N/A;N/A;9;11.8;7;18;OK;;0;0;0;-;Disabled;TempOk;2;230;37.9;38.4;0;0;349.9;441345100 daimler 1500 1900;441345100 daimler 1500 1900;441345100 Daimler 1500 1900
20260325_20:27:24;0;3;4;950;940.2;925;975;OK;950;951.6;925;975;OK;951.3;951.4;-20;-12.2;-50;-25;NOK;-20;-11.5;-50;-25;NOK;-12.9;-11.1;0;-20;-12.3;-50;-25;NOK;300;311;300;500;OK;0;0;N/A;N/A;N/A;N/A;N/A;N/A;N/A;N/A;N/A;N/A;N/A;N/A;N/A;N/A;N/A;N/A;N/A;N/A;N/A;N/A;N/A;N/A;N/A;N/A;N/A;N/A;N/A;N/A;N/A;N/A;N/A;N/A;N/A;N/A;N/A;N/A;N/A;N/A;N/A;N/A;N/A;N/A;N/A;N/A;N/A;N/A;N/A;N/A;N/A;N/A;N/A;N/A;N/A;N/A;N/A;N/A;N/A;N/A;N/A;N/A;N/A;N/A;N/A;N/A;N/A;N/A;N/A;N/A;N/A;N/A;N/A;N/A;N/A;N/A;N/A;N/A;N/A;N/A;N/A;N/A;N/A;N/A;N/A;N/A;N/A;N/A;N/A;N/A;N/A;N/A;N/A;N/A;N/A;N/A;N/A;N/A;N/A;N/A;;0;319.9;0;0;;Disabled;TempStop;2;700;323.9;275.7;0;0;599.9;549.9;Enabled;PosOk;2;0;0;0;0;0;15;Disabled;0;0;0;0;0;0;0;0;0;0;0;0;0;0;0;0;0;0;0;0;0;0;0;0;0;0;0;0;0;0;0;0;0;0;0;0;0;0;0;0;0;0;0;0;0;0;0;0;0;0;0;0;0;0;0;0;0;0;0;0;0;0;0;0;0;0;0;0;0;0;30;31;20;45;30;29;20;45;30;31;20;45;30;29;20;45;200;141;100;300;200;139;100;300;200;140;100;300;200;139;100;300;30;30;20;45;30;29;20;45;30;30;20;45;30;29;20;45;200;144;100;300;200;143;100;300;200;237;100;300;200;238;100;300;4;2;0.4;6;4;5;0.4;6;4;2;0.4;6;4;5;0.4;6;4;2;0.4;6;4;5;0.4;6;4;2;0.4;6;4;5;0.4;6;NOK;NOK;OK;7000;7058;6500;8100;OK;4.97;0;8;12;NOK;N/A;1.5;N/A;N/A;N/A;9;12.1;7;18;OK;;0;0;0;-;Disabled;TempOk;2;230;37.4;37.7;0;0;349.9;441345100 daimler 1500 1900;441345100 daimler 1500 1900;441345100 Daimler 1500 1900
20260325_20:28:00;0;3;5;950;943.1;925;975;OK;950;951.1;925;975;OK;951;951.1;-20;-15.8;-50;-25;NOK;-20;-15.5;-50;-25;NOK;-15.2;-15;0;-20;-15.7;-50;-25;NOK;300;311;300;500;OK;0;0;N/A;N/A;N/A;N/A;N/A;N/A;N/A;N/A;N/A;N/A;N/A;N/A;N/A;N/A;N/A;N/A;N/A;N/A;N/A;N/A;N/A;N/A;N/A;N/A;N/A;N/A;N/A;N/A;N/A;N/A;N/A;N/A;N/A;N/A;N/A;N/A;N/A;N/A;N/A;N/A;N/A;N/A;N/A;N/A;N/A;N/A;N/A;N/A;N/A;N/A;N/A;N/A;N/A;N/A;N/A;N/A;N/A;N/A;N/A;N/A;N/A;N/A;N/A;N/A;N/A;N/A;N/A;N/A;N/A;N/A;N/A;N/A;N/A;N/A;N/A;N/A;N/A;N/A;N/A;N/A;N/A;N/A;N/A;N/A;N/A;N/A;N/A;N/A;N/A;N/A;N/A;N/A;N/A;N/A;N/A;N/A;N/A;N/A;;0;319.6;0;0;;Disabled;TempStop;2;700;323.2;275.4;0;0;599.9;549.9;Enabled;PosOk;2;0;0;0;0;0;15;Disabled;0;0;0;0;0;0;0;0;0;0;0;0;0;0;0;0;0;0;0;0;0;0;0;0;0;0;0;0;0;0;0;0;0;0;0;0;0;0;0;0;0;0;0;0;0;0;0;0;0;0;0;0;0;0;0;0;0;0;0;0;0;0;0;0;0;0;0;0;0;0;30;31;20;45;30;29;20;45;30;31;20;45;30;29;20;45;200;141;100;300;200;138;100;300;200;139;100;300;200;139;100;300;30;30;20;45;30;29;20;45;30;30;20;45;30;29;20;45;200;144;100;300;200;143;100;300;200;236;100;300;200;238;100;300;4;2;0.4;6;4;5;0.4;6;4;2;0.4;6;4;5;0.4;6;4;2;0.4;6;4;5;0.4;6;4;2;0.4;6;4;5;0.4;6;NOK;NOK;OK;7000;7079;6500;8100;OK;4.97;0;8;12;NOK;N/A;1.5;N/A;N/A;N/A;9;11.7;7;18;OK;;0;0;0;-;Disabled;TempOk;2;230;37.4;37.9;0;0;349.9;441345100 daimler 1500 1900;441345100 daimler 1500 1900;441345100 Daimler 1500 1900
20260325_20:28:35;0;1;2;950;940.9;925;975;OK;950;951.7;925;975;OK;951.7;951.6;-20;-13.5;-50;-25;NOK;-20;-11.6;-50;-25;NOK;-11.1;-10.9;0;-20;-13.6;-50;-25;NOK;300;311;300;500;OK;0;0;N/A;N/A;N/A;N/A;N/A;N/A;N/A;N/A;N/A;N/A;N/A;N/A;N/A;N/A;N/A;N/A;N/A;N/A;N/A;N/A;N/A;N/A;N/A;N/A;N/A;N/A;N/A;N/A;N/A;N/A;N/A;N/A;N/A;N/A;N/A;N/A;N/A;N/A;N/A;N/A;N/A;N/A;N/A;N/A;N/A;N/A;N/A;N/A;N/A;N/A;N/A;N/A;N/A;N/A;N/A;N/A;N/A;N/A;N/A;N/A;N/A;N/A;N/A;N/A;N/A;N/A;N/A;N/A;N/A;N/A;N/A;N/A;N/A;N/A;N/A;N/A;N/A;N/A;N/A;N/A;N/A;N/A;N/A;N/A;N/A;N/A;N/A;N/A;N/A;N/A;N/A;N/A;N/A;N/A;N/A;N/A;N/A;N/A;;0;322.5;0;0;;Disabled;TempStop;2;700;324.7;280.1;0;0;599.9;549.9;Enabled;PosOk;2;0;0;0;0;0;15;Disabled;0;0;0;0;0;0;0;0;0;0;0;0;0;0;0;0;0;0;0;0;0;0;0;0;0;0;0;0;0;0;0;0;0;0;0;0;0;0;0;0;0;0;0;0;0;0;0;0;0;0;0;0;0;0;0;0;0;0;0;0;0;0;0;0;0;0;0;0;0;0;30;31;20;45;30;29;20;45;30;31;20;45;30;29;20;45;200;141;100;300;200;138;100;300;200;140;100;300;200;139;100;300;30;30;20;45;30;29;20;45;30;30;20;45;30;29;20;45;200;144;100;300;200;143;100;300;200;237;100;300;200;238;100;300;4;2;0.4;6;4;5;0.4;6;4;2;0.4;6;4;5;0.4;6;4;2;0.4;6;4;5;0.4;6;4;2;0.4;6;4;5;0.4;6;NOK;NOK;OK;7000;7055;6500;8100;OK;4.97;0;8;12;NOK;N/A;1.5;N/A;N/A;N/A;9;11.9;7;18;OK;;0;0;0;-;Disabled;TempOk;2;230;37.9;38.9;0;0;349.9;441345100 daimler 1500 1900;441345100 daimler 1500 1900;441345100 Daimler 1500 1900
20260325_20:29:11;0;3;2;950;940.5;925;975;OK;950;951.8;925;975;OK;951.7;951.7;-20;-15.6;-50;-25;NOK;-20;-12.9;-50;-25;NOK;-14;-12.9;0;-20;-15.8;-50;-25;NOK;300;311;300;500;OK;0;0;N/A;N/A;N/A;N/A;N/A;N/A;N/A;N/A;N/A;N/A;N/A;N/A;N/A;N/A;N/A;N/A;N/A;N/A;N/A;N/A;N/A;N/A;N/A;N/A;N/A;N/A;N/A;N/A;N/A;N/A;N/A;N/A;N/A;N/A;N/A;N/A;N/A;N/A;N/A;N/A;N/A;N/A;N/A;N/A;N/A;N/A;N/A;N/A;N/A;N/A;N/A;N/A;N/A;N/A;N/A;N/A;N/A;N/A;N/A;N/A;N/A;N/A;N/A;N/A;N/A;N/A;N/A;N/A;N/A;N/A;N/A;N/A;N/A;N/A;N/A;N/A;N/A;N/A;N/A;N/A;N/A;N/A;N/A;N/A;N/A;N/A;N/A;N/A;N/A;N/A;N/A;N/A;N/A;N/A;N/A;N/A;N/A;N/A;;0;320;0;0;;Disabled;TempStop;2;700;322.4;276.5;0;0;599.9;549.9;Enabled;PosOk;2;0;0;0;0;0;15;Disabled;0;0;0;0;0;0;0;0;0;0;0;0;0;0;0;0;0;0;0;0;0;0;0;0;0;0;0;0;0;0;0;0;0;0;0;0;0;0;0;0;0;0;0;0;0;0;0;0;0;0;0;0;0;0;0;0;0;0;0;0;0;0;0;0;0;0;0;0;0;0;30;31;20;45;30;30;20;45;30;31;20;45;30;30;20;45;200;140;100;300;200;138;100;300;200;139;100;300;200;139;100;300;30;31;20;45;30;30;20;45;30;30;20;45;30;30;20;45;200;145;100;300;200;143;100;300;200;238;100;300;200;238;100;300;4;2;0.4;6;4;5;0.4;6;4;2;0.4;6;4;5;0.4;6;4;2;0.4;6;4;5;0.4;6;4;2;0.4;6;4;5;0.4;6;NOK;NOK;OK;7000;7085;6500;8100;OK;4.97;0;8;12;NOK;N/A;1.5;N/A;N/A;N/A;9;12.3;7;18;OK;;0;0;0;-;Disabled;TempOk;2;230;37.2;37.4;0;0;349.9;441345100 daimler 1500 1900;441345100 daimler 1500 1900;441345100 Daimler 1500 1900
20260325_20:29:47;0;1;3;950;940.3;925;975;OK;950;951.8;925;975;OK;951.5;951.6;-20;-13.4;-50;-25;NOK;-20;-13.4;-50;-25;NOK;-14.1;-14.8;0;-20;-13.3;-50;-25;NOK;300;311;300;500;OK;0;0;N/A;N/A;N/A;N/A;N/A;N/A;N/A;N/A;N/A;N/A;N/A;N/A;N/A;N/A;N/A;N/A;N/A;N/A;N/A;N/A;N/A;N/A;N/A;N/A;N/A;N/A;N/A;N/A;N/A;N/A;N/A;N/A;N/A;N/A;N/A;N/A;N/A;N/A;N/A;N/A;N/A;N/A;N/A;N/A;N/A;N/A;N/A;N/A;N/A;N/A;N/A;N/A;N/A;N/A;N/A;N/A;N/A;N/A;N/A;N/A;N/A;N/A;N/A;N/A;N/A;N/A;N/A;N/A;N/A;N/A;N/A;N/A;N/A;N/A;N/A;N/A;N/A;N/A;N/A;N/A;N/A;N/A;N/A;N/A;N/A;N/A;N/A;N/A;N/A;N/A;N/A;N/A;N/A;N/A;N/A;N/A;N/A;N/A;;0;321.4;0;0;;Disabled;TempStop;2;700;323.8;278;0;0;599.9;549.9;Enabled;PosOk;2;0;0;0;0;0;15;Disabled;0;0;0;0;0;0;0;0;0;0;0;0;0;0;0;0;0;0;0;0;0;0;0;0;0;0;0;0;0;0;0;0;0;0;0;0;0;0;0;0;0;0;0;0;0;0;0;0;0;0;0;0;0;0;0;0;0;0;0;0;0;0;0;0;0;0;0;0;29;22;30;31;20;45;30;30;20;45;30;31;20;45;30;30;20;45;200;141;100;300;200;139;100;300;200;140;100;300;200;139;100;300;30;31;20;45;30;30;20;45;30;30;20;45;30;30;20;45;200;144;100;300;200;143;100;300;200;237;100;300;200;238;100;300;4;2;0.4;6;4;5;0.4;6;4;2;0.4;6;4;5;0.4;6;4;2;0.4;6;4;5;0.4;6;4;3;0.4;6;4;5;0.4;6;NOK;NOK;OK;7000;7064;6500;8100;OK;4.97;0;8;12;NOK;N/A;1.5;N/A;N/A;N/A;9;11.7;7;18;OK;;0;0;0;-;Disabled;TempOk;2;230;36.9;37.7;0;0;349.9;441345100 daimler 1500 1900;441345100 daimler 1500 1900;441345100 Daimler 1500 1900
20260325_20:30:23;0;3;3;950;940.7;925;975;OK;950;951.6;925;975;OK;951.5;951.5;-20;-14.5;-50;-25;NOK;-20;-13.7;-50;-25;NOK;-11.7;-12.8;0;-20;-14.4;-50;-25;NOK;300;311;300;500;OK;0;0;N/A;N/A;N/A;N/A;N/A;N/A;N/A;N/A;N/A;N/A;N/A;N/A;N/A;N/A;N/A;N/A;N/A;N/A;N/A;N/A;N/A;N/A;N/A;N/A;N/A;N/A;N/A;N/A;N/A;N/A;N/A;N/A;N/A;N/A;N/A;N/A;N/A;N/A;N/A;N/A;N/A;N/A;N/A;N/A;N/A;N/A;N/A;N/A;N/A;N/A;N/A;N/A;N/A;N/A;N/A;N/A;N/A;N/A;N/A;N/A;N/A;N/A;N/A;N/A;N/A;N/A;N/A;N/A;N/A;N/A;N/A;N/A;N/A;N/A;N/A;N/A;N/A;N/A;N/A;N/A;N/A;N/A;N/A;N/A;N/A;N/A;N/A;N/A;N/A;N/A;N/A;N/A;N/A;N/A;N/A;N/A;N/A;N/A;;0;320.3;0;0;;Disabled;TempStop;2;700;323.5;276.1;0;0;599.9;549.9;Enabled;PosOk;2;0;0;0;0;0;15;Disabled;0;0;0;0;0;0;0;0;0;0;0;0;0;0;0;0;0;0;0;0;0;0;0;0;0;0;0;0;0;0;0;0;0;0;0;0;0;0;0;0;0;0;0;0;0;0;0;0;0;0;0;0;0;0;0;0;0;0;0;0;0;0;0;0;0;0;0;0;0;0;30;31;20;45;30;30;20;45;30;32;20;45;30;30;20;45;200;141;100;300;200;138;100;300;200;140;100;300;200;139;100;300;30;31;20;45;30;30;20;45;30;31;20;45;30;30;20;45;200;144;100;300;200;143;100;300;200;237;100;300;200;238;100;300;4;2;0.4;6;4;5;0.4;6;4;2;0.4;6;4;5;0.4;6;4;2;0.4;6;4;5;0.4;6;4;2;0.4;6;4;5;0.4;6;NOK;NOK;OK;7000;7077;6500;8100;OK;4.97;0;8;12;NOK;N/A;1.5;N/A;N/A;N/A;9;12.4;7;18;OK;;0;0;0;-;Disabled;TempOk;2;230;37.7;39.3;0;0;349.9;441345100 daimler 1500 1900;441345100 daimler 1500 1900;441345100 Daimler 1500 1900
20260325_20:30:59;0;1;1;950;940.1;925;975;OK;950;951;925;975;OK;950.9;950.9;-20;-16.9;-50;-25;NOK;-20;-15.7;-50;-25;NOK;-15.2;-15.4;0;-20;-16.9;-50;-25;NOK;300;311;300;500;OK;0;0;N/A;N/A;N/A;N/A;N/A;N/A;N/A;N/A;N/A;N/A;N/A;N/A;N/A;N/A;N/A;N/A;N/A;N/A;N/A;N/A;N/A;N/A;N/A;N/A;N/A;N/A;N/A;N/A;N/A;N/A;N/A;N/A;N/A;N/A;N/A;N/A;N/A;N/A;N/A;N/A;N/A;N/A;N/A;N/A;N/A;N/A;N/A;N/A;N/A;N/A;N/A;N/A;N/A;N/A;N/A;N/A;N/A;N/A;N/A;N/A;N/A;N/A;N/A;N/A;N/A;N/A;N/A;N/A;N/A;N/A;N/A;N/A;N/A;N/A;N/A;N/A;N/A;N/A;N/A;N/A;N/A;N/A;N/A;N/A;N/A;N/A;N/A;N/A;N/A;N/A;N/A;N/A;N/A;N/A;N/A;N/A;N/A;N/A;;0;322.9;0;0;;Disabled;TempStop;2;700;325.3;278.1;0;0;599.9;549.9;Enabled;PosOk;2;0;0;0;0;0;15;Disabled;0;0;0;0;0;0;0;0;0;0;0;0;0;0;0;0;0;0;0;0;0;0;0;0;0;0;0;0;0;0;0;0;0;0;0;0;0;0;0;0;0;0;0;0;0;0;0;0;0;0;0;0;0;0;0;0;0;0;0;0;0;0;0;0;0;0;0;0;0;0;30;31;20;45;30;30;20;45;30;32;20;45;30;30;20;45;200;141;100;300;200;139;100;300;200;140;100;300;200;140;100;300;30;31;20;45;30;30;20;45;30;31;20;45;30;30;20;45;200;145;100;300;200;143;100;300;200;237;100;300;200;238;100;300;4;2;0.4;6;4;5;0.4;6;4;2;0.4;6;4;5;0.4;6;4;2;0.4;6;4;5;0.4;6;4;3;0.4;6;4;5;0.4;6;NOK;NOK;OK;7000;7072;6500;8100;OK;4.97;0;8;12;NOK;N/A;1.5;N/A;N/A;N/A;9;11.8;7;18;OK;;0;0;0;-;Disabled;TempOk;2;230;37.7;38.4;0;0;349.9;441345100 daimler 1500 1900;441345100 daimler 1500 1900;441345100 Daimler 1500 1900
20260325_20:31:35;0;1;4;950;939.6;925;975;OK;950;950.8;925;975;OK;950.7;950.8;-20;-10.3;-50;-25;NOK;-20;-9.8;-50;-25;NOK;-13.5;-11.8;0;-20;-10.3;-50;-25;NOK;300;311;300;500;OK;0;0;N/A;N/A;N/A;N/A;N/A;N/A;N/A;N/A;N/A;N/A;N/A;N/A;N/A;N/A;N/A;N/A;N/A;N/A;N/A;N/A;N/A;N/A;N/A;N/A;N/A;N/A;N/A;N/A;N/A;N/A;N/A;N/A;N/A;N/A;N/A;N/A;N/A;N/A;N/A;N/A;N/A;N/A;N/A;N/A;N/A;N/A;N/A;N/A;N/A;N/A;N/A;N/A;N/A;N/A;N/A;N/A;N/A;N/A;N/A;N/A;N/A;N/A;N/A;N/A;N/A;N/A;N/A;N/A;N/A;N/A;N/A;N/A;N/A;N/A;N/A;N/A;N/A;N/A;N/A;N/A;N/A;N/A;N/A;N/A;N/A;N/A;N/A;N/A;N/A;N/A;N/A;N/A;N/A;N/A;N/A;N/A;N/A;N/A;;0;321.3;0;0;;Disabled;TempStop;2;700;323.8;277.5;0;0;599.9;549.9;Enabled;PosOk;2;0;0;0;0;0;15;Disabled;0;0;0;0;0;0;0;0;0;0;0;0;0;0;0;0;0;0;0;0;0;0;0;0;0;0;0;0;0;0;0;0;0;0;0;0;0;0;0;0;0;0;0;0;0;0;0;0;0;0;0;0;0;0;0;0;0;0;0;0;0;0;0;0;0;0;0;0;31;9;30;32;20;45;30;30;20;45;30;32;20;45;30;30;20;45;200;141;100;300;200;139;100;300;200;140;100;300;200;140;100;300;30;31;20;45;30;30;20;45;30;31;20;45;30;30;20;45;200;144;100;300;200;143;100;300;200;237;100;300;200;239;100;300;4;2;0.4;6;4;5;0.4;6;4;2;0.4;6;4;5;0.4;6;4;2;0.4;6;4;5;0.4;6;4;3;0.4;6;4;5;0.4;6;NOK;NOK;OK;7000;7078;6500;8100;OK;4.97;0;8;12;NOK;N/A;1.5;N/A;N/A;N/A;9;12.4;7;18;OK;;0;0;0;-;Disabled;TempOk;2;230;38.2;38.4;0;0;349.9;441345100 daimler 1500 1900;441345100 daimler 1500 1900;441345100 Daimler 1500 1900
20260325_20:32:11;0;3;1;950;940.6;925;975;OK;950;951.2;925;975;OK;951.1;951.3;-20;-19;-50;-25;NOK;-20;-15.2;-50;-25;NOK;-12.7;-13.8;0;-20;-19.1;-50;-25;NOK;300;311;300;500;OK;0;0;N/A;N/A;N/A;N/A;N/A;N/A;N/A;N/A;N/A;N/A;N/A;N/A;N/A;N/A;N/A;N/A;N/A;N/A;N/A;N/A;N/A;N/A;N/A;N/A;N/A;N/A;N/A;N/A;N/A;N/A;N/A;N/A;N/A;N/A;N/A;N/A;N/A;N/A;N/A;N/A;N/A;N/A;N/A;N/A;N/A;N/A;N/A;N/A;N/A;N/A;N/A;N/A;N/A;N/A;N/A;N/A;N/A;N/A;N/A;N/A;N/A;N/A;N/A;N/A;N/A;N/A;N/A;N/A;N/A;N/A;N/A;N/A;N/A;N/A;N/A;N/A;N/A;N/A;N/A;N/A;N/A;N/A;N/A;N/A;N/A;N/A;N/A;N/A;N/A;N/A;N/A;N/A;N/A;N/A;N/A;N/A;N/A;N/A;;0;320.3;0;0;;Disabled;TempStop;2;700;324.3;276.1;0;0;599.9;549.9;Enabled;PosOk;2;0;0;0;0;0;15;Disabled;0;0;0;0;0;0;0;0;0;0;0;0;0;0;0;0;0;0;0;0;0;0;0;0;0;0;0;0;0;0;0;0;0;0;0;0;0;0;0;0;0;0;0;0;0;0;0;0;0;0;0;0;0;0;0;0;0;0;0;0;0;0;0;0;0;0;0;0;0;0;30;31;20;45;30;29;20;45;30;32;20;45;30;29;20;45;200;141;100;300;200;139;100;300;200;140;100;300;200;139;100;300;30;31;20;45;30;29;20;45;30;30;20;45;30;29;20;45;200;145;100;300;200;143;100;300;200;237;100;300;200;238;100;300;4;2;0.4;6;4;5;0.4;6;4;2;0.4;6;4;5;0.4;6;4;2;0.4;6;4;5;0.4;6;4;2;0.4;6;4;5;0.4;6;NOK;NOK;OK;7000;7079;6500;8100;OK;4.97;0;8;12;NOK;N/A;1.5;N/A;N/A;N/A;9;11.7;7;18;OK;;0;0;0;-;Disabled;TempOk;2;230;37.9;37.9;0;0;349.9;441345100 daimler 1500 1900;441345100 daimler 1500 1900;441345100 Daimler 1500 1900
20260325_20:32:47;0;3;4;950;940.3;925;975;OK;950;951.6;925;975;OK;951.3;951.5;-20;-12;-50;-25;NOK;-20;-10.9;-50;-25;NOK;-12.4;-10.6;0;-20;-12.1;-50;-25;NOK;300;311;300;500;OK;0;0;N/A;N/A;N/A;N/A;N/A;N/A;N/A;N/A;N/A;N/A;N/A;N/A;N/A;N/A;N/A;N/A;N/A;N/A;N/A;N/A;N/A;N/A;N/A;N/A;N/A;N/A;N/A;N/A;N/A;N/A;N/A;N/A;N/A;N/A;N/A;N/A;N/A;N/A;N/A;N/A;N/A;N/A;N/A;N/A;N/A;N/A;N/A;N/A;N/A;N/A;N/A;N/A;N/A;N/A;N/A;N/A;N/A;N/A;N/A;N/A;N/A;N/A;N/A;N/A;N/A;N/A;N/A;N/A;N/A;N/A;N/A;N/A;N/A;N/A;N/A;N/A;N/A;N/A;N/A;N/A;N/A;N/A;N/A;N/A;N/A;N/A;N/A;N/A;N/A;N/A;N/A;N/A;N/A;N/A;N/A;N/A;N/A;N/A;;0;319.7;0;0;;Disabled;TempStop;2;700;321.7;278.3;0;0;599.9;549.9;Enabled;PosOk;2;0;0;0;0;0;15;Disabled;0;0;0;0;0;0;0;0;0;0;0;0;0;0;0;0;0;0;0;0;0;0;0;0;0;0;0;0;0;0;0;0;0;0;0;0;0;0;0;0;0;0;0;0;0;0;0;0;0;0;0;0;0;0;0;0;0;0;0;0;0;0;0;0;0;0;0;0;0;0;30;31;20;45;30;29;20;45;30;31;20;45;30;29;20;45;200;141;100;300;200;139;100;300;200;140;100;300;200;139;100;300;30;30;20;45;30;29;20;45;30;30;20;45;30;29;20;45;200;144;100;300;200;143;100;300;200;238;100;300;200;238;100;300;4;2;0.4;6;4;5;0.4;6;4;2;0.4;6;4;5;0.4;6;4;2;0.4;6;4;5;0.4;6;4;2;0.4;6;4;5;0.4;6;NOK;NOK;OK;7000;7079;6500;8100;OK;4.97;0;8;12;NOK;N/A;1.5;N/A;N/A;N/A;9;12;7;18;OK;;0;0;0;-;Disabled;TempOk;2;230;37.4;38.2;0;0;349.9;441345100 daimler 1500 1900;441345100 daimler 1500 1900;441345100 Daimler 1500 1900
20260325_20:33:23;0;3;5;950;943.1;925;975;OK;950;951.2;925;975;OK;951.2;951.1;-20;-15.6;-50;-25;NOK;-20;-14.9;-50;-25;NOK;-14.7;-14.5;0;-20;-15.5;-50;-25;NOK;300;311;300;500;OK;0;0;N/A;N/A;N/A;N/A;N/A;N/A;N/A;N/A;N/A;N/A;N/A;N/A;N/A;N/A;N/A;N/A;N/A;N/A;N/A;N/A;N/A;N/A;N/A;N/A;N/A;N/A;N/A;N/A;N/A;N/A;N/A;N/A;N/A;N/A;N/A;N/A;N/A;N/A;N/A;N/A;N/A;N/A;N/A;N/A;N/A;N/A;N/A;N/A;N/A;N/A;N/A;N/A;N/A;N/A;N/A;N/A;N/A;N/A;N/A;N/A;N/A;N/A;N/A;N/A;N/A;N/A;N/A;N/A;N/A;N/A;N/A;N/A;N/A;N/A;N/A;N/A;N/A;N/A;N/A;N/A;N/A;N/A;N/A;N/A;N/A;N/A;N/A;N/A;N/A;N/A;N/A;N/A;N/A;N/A;N/A;N/A;N/A;N/A;;0;320.5;0;0;;Disabled;TempStop;2;700;323;277;0;0;599.9;549.9;Enabled;PosOk;2;0;0;0;0;0;15;Disabled;0;0;0;0;0;0;0;0;0;0;0;0;0;0;0;0;0;0;0;0;0;0;0;0;0;0;0;0;0;0;0;0;0;0;0;0;0;0;0;0;0;0;0;0;0;0;0;0;0;0;0;0;0;0;0;0;0;0;0;0;0;0;0;0;0;0;0;0;0;0;30;31;20;45;30;30;20;45;30;31;20;45;30;30;20;45;200;140;100;300;200;139;100;300;200;139;100;300;200;139;100;300;30;31;20;45;30;30;20;45;30;30;20;45;30;30;20;45;200;144;100;300;200;143;100;300;200;237;100;300;200;239;100;300;4;2;0.4;6;4;5;0.4;6;4;2;0.4;6;4;5;0.4;6;4;2;0.4;6;4;5;0.4;6;4;2;0.4;6;4;5;0.4;6;NOK;NOK;OK;7000;7072;6500;8100;OK;4.97;0;8;12;NOK;N/A;1.5;N/A;N/A;N/A;9;11.7;7;18;OK;;0;0;0;-;Disabled;TempOk;2;230;37.2;37.9;0;0;349.9;441345100 daimler 1500 1900;441345100 daimler 1500 1900;441345100 Daimler 1500 1900
20260325_20:33:59;0;1;2;950;940.3;925;975;OK;950;951.6;925;975;OK;951.7;951.6;-20;-11.9;-50;-25;NOK;-20;-11.2;-50;-25;NOK;-10.5;-10.3;0;-20;-12;-50;-25;NOK;300;311;300;500;OK;0;0;N/A;N/A;N/A;N/A;N/A;N/A;N/A;N/A;N/A;N/A;N/A;N/A;N/A;N/A;N/A;N/A;N/A;N/A;N/A;N/A;N/A;N/A;N/A;N/A;N/A;N/A;N/A;N/A;N/A;N/A;N/A;N/A;N/A;N/A;N/A;N/A;N/A;N/A;N/A;N/A;N/A;N/A;N/A;N/A;N/A;N/A;N/A;N/A;N/A;N/A;N/A;N/A;N/A;N/A;N/A;N/A;N/A;N/A;N/A;N/A;N/A;N/A;N/A;N/A;N/A;N/A;N/A;N/A;N/A;N/A;N/A;N/A;N/A;N/A;N/A;N/A;N/A;N/A;N/A;N/A;N/A;N/A;N/A;N/A;N/A;N/A;N/A;N/A;N/A;N/A;N/A;N/A;N/A;N/A;N/A;N/A;N/A;N/A;;0;321.3;0;0;;Disabled;TempStop;2;700;323.9;276.8;0;0;599.9;549.9;Enabled;PosOk;2;0;0;0;0;0;15;Disabled;0;0;0;0;0;0;0;0;0;0;0;0;0;0;0;0;0;0;0;0;0;0;0;0;0;0;0;0;0;0;0;0;0;0;0;0;0;0;0;0;0;0;0;0;0;0;0;0;0;0;0;0;0;0;0;0;0;0;0;0;0;0;0;0;0;0;0;0;0;0;30;31;20;45;30;30;20;45;30;31;20;45;30;30;20;45;200;141;100;300;200;138;100;300;200;140;100;300;200;139;100;300;30;31;20;45;30;30;20;45;30;30;20;45;30;30;20;45;200;144;100;300;200;143;100;300;200;236;100;300;200;238;100;300;4;2;0.4;6;4;5;0.4;6;4;2;0.4;6;4;5;0.4;6;4;2;0.4;6;4;5;0.4;6;4;2;0.4;6;4;5;0.4;6;NOK;NOK;OK;7000;7069;6500;8100;OK;4.97;0;8;12;NOK;N/A;1.5;N/A;N/A;N/A;9;12;7;18;OK;;0;0;0;-;Disabled;TempOk;2;230;37.4;37.7;0;0;349.9;441345100 daimler 1500 1900;441345100 daimler 1500 1900;441345100 Daimler 1500 1900
20260325_20:34:35;0;3;2;950;939.9;925;975;OK;950;951.7;925;975;OK;951.8;951.6;-20;-13.3;-50;-25;NOK;-20;-12.2;-50;-25;NOK;-13.1;-12;0;-20;-13.4;-50;-25;NOK;300;311;300;500;OK;0;0;N/A;N/A;N/A;N/A;N/A;N/A;N/A;N/A;N/A;N/A;N/A;N/A;N/A;N/A;N/A;N/A;N/A;N/A;N/A;N/A;N/A;N/A;N/A;N/A;N/A;N/A;N/A;N/A;N/A;N/A;N/A;N/A;N/A;N/A;N/A;N/A;N/A;N/A;N/A;N/A;N/A;N/A;N/A;N/A;N/A;N/A;N/A;N/A;N/A;N/A;N/A;N/A;N/A;N/A;N/A;N/A;N/A;N/A;N/A;N/A;N/A;N/A;N/A;N/A;N/A;N/A;N/A;N/A;N/A;N/A;N/A;N/A;N/A;N/A;N/A;N/A;N/A;N/A;N/A;N/A;N/A;N/A;N/A;N/A;N/A;N/A;N/A;N/A;N/A;N/A;N/A;N/A;N/A;N/A;N/A;N/A;N/A;N/A;;0;319.7;0;0;;Disabled;TempStop;2;700;323;274.2;0;0;599.9;549.9;Enabled;PosOk;2;0;0;0;0;0;15;Disabled;0;0;0;0;0;0;0;0;0;0;0;0;0;0;0;0;0;0;0;0;0;0;0;0;0;0;0;0;0;0;0;0;0;0;0;0;0;0;0;0;0;0;0;0;0;0;0;0;0;0;0;0;0;0;0;0;0;0;0;0;0;0;0;0;0;0;0;0;0;0;30;31;20;45;30;30;20;45;30;31;20;45;30;30;20;45;200;141;100;300;200;139;100;300;200;140;100;300;200;139;100;300;30;31;20;45;30;30;20;45;30;31;20;45;30;30;20;45;200;144;100;300;200;143;100;300;200;237;100;300;200;238;100;300;4;2;0.4;6;4;5;0.4;6;4;2;0.4;6;4;5;0.4;6;4;2;0.4;6;4;5;0.4;6;4;2;0.4;6;4;5;0.4;6;NOK;NOK;OK;7000;7067;6500;8100;OK;4.97;0;8;12;NOK;N/A;1.5;N/A;N/A;N/A;9;11.7;7;18;OK;;0;0;0;-;Disabled;TempOk;2;230;37.2;37.4;0;0;349.9;441345100 daimler 1500 1900;441345100 daimler 1500 1900;441345100 Daimler 1500 1900
20260325_20:35:11;0;1;3;950;940.1;925;975;OK;950;951.6;925;975;OK;951.7;951.7;-20;-12.8;-50;-25;NOK;-20;-12.8;-50;-25;NOK;-13.6;-14.2;0;-20;-12.7;-50;-25;NOK;300;311;300;500;OK;0;0;N/A;N/A;N/A;N/A;N/A;N/A;N/A;N/A;N/A;N/A;N/A;N/A;N/A;N/A;N/A;N/A;N/A;N/A;N/A;N/A;N/A;N/A;N/A;N/A;N/A;N/A;N/A;N/A;N/A;N/A;N/A;N/A;N/A;N/A;N/A;N/A;N/A;N/A;N/A;N/A;N/A;N/A;N/A;N/A;N/A;N/A;N/A;N/A;N/A;N/A;N/A;N/A;N/A;N/A;N/A;N/A;N/A;N/A;N/A;N/A;N/A;N/A;N/A;N/A;N/A;N/A;N/A;N/A;N/A;N/A;N/A;N/A;N/A;N/A;N/A;N/A;N/A;N/A;N/A;N/A;N/A;N/A;N/A;N/A;N/A;N/A;N/A;N/A;N/A;N/A;N/A;N/A;N/A;N/A;N/A;N/A;N/A;N/A;;0;321.7;0;0;;Disabled;TempStop;2;700;324;275.9;0;0;599.9;549.9;Enabled;PosOk;2;0;0;0;0;0;15;Disabled;0;0;0;0;0;0;0;0;0;0;0;0;0;0;0;0;0;0;0;0;0;0;0;0;0;0;0;0;0;0;0;0;0;0;0;0;0;0;0;0;0;0;0;0;0;0;0;0;0;0;0;0;0;0;0;0;0;0;0;0;0;0;0;0;0;0;0;0;34;45;30;31;20;45;30;30;20;45;30;32;20;45;30;30;20;45;200;140;100;300;200;139;100;300;200;140;100;300;200;139;100;300;30;31;20;45;30;30;20;45;30;31;20;45;30;30;20;45;200;144;100;300;200;143;100;300;200;237;100;300;200;237;100;300;4;2;0.4;6;4;5;0.4;6;4;2;0.4;6;4;5;0.4;6;4;2;0.4;6;4;5;0.4;6;4;2;0.4;6;4;5;0.4;6;NOK;NOK;OK;7000;7048;6500;8100;OK;4.97;0;8;12;NOK;N/A;1.5;N/A;N/A;N/A;9;11.9;7;18;OK;;0;0;0;-;Disabled;TempOk;2;230;37.4;37.7;0;0;349.9;441345100 daimler 1500 1900;441345100 daimler 1500 1900;441345100 Daimler 1500 1900
20260325_20:35:47;0;3;3;950;940.3;925;975;OK;950;951.5;925;975;OK;951.6;951.4;-20;-13.7;-50;-25;NOK;-20;-13.2;-50;-25;NOK;-11.3;-12.3;0;-20;-13.6;-50;-25;NOK;300;311;300;500;OK;0;0;N/A;N/A;N/A;N/A;N/A;N/A;N/A;N/A;N/A;N/A;N/A;N/A;N/A;N/A;N/A;N/A;N/A;N/A;N/A;N/A;N/A;N/A;N/A;N/A;N/A;N/A;N/A;N/A;N/A;N/A;N/A;N/A;N/A;N/A;N/A;N/A;N/A;N/A;N/A;N/A;N/A;N/A;N/A;N/A;N/A;N/A;N/A;N/A;N/A;N/A;N/A;N/A;N/A;N/A;N/A;N/A;N/A;N/A;N/A;N/A;N/A;N/A;N/A;N/A;N/A;N/A;N/A;N/A;N/A;N/A;N/A;N/A;N/A;N/A;N/A;N/A;N/A;N/A;N/A;N/A;N/A;N/A;N/A;N/A;N/A;N/A;N/A;N/A;N/A;N/A;N/A;N/A;N/A;N/A;N/A;N/A;N/A;N/A;;0;320.6;0;0;;Disabled;TempStop;2;700;323;274.1;0;0;599.9;549.9;Enabled;PosOk;2;0;0;0;0;0;15;Disabled;0;0;0;0;0;0;0;0;0;0;0;0;0;0;0;0;0;0;0;0;0;0;0;0;0;0;0;0;0;0;0;0;0;0;0;0;0;0;0;0;0;0;0;0;0;0;0;0;0;0;0;0;0;0;0;0;0;0;0;0;0;0;0;0;0;0;0;0;0;0;30;31;20;45;30;30;20;45;30;32;20;45;30;30;20;45;200;141;100;300;200;139;100;300;200;140;100;300;200;139;100;300;30;31;20;45;30;30;20;45;30;31;20;45;30;30;20;45;200;145;100;300;200;143;100;300;200;237;100;300;200;238;100;300;4;2;0.4;6;4;5;0.4;6;4;2;0.4;6;4;5;0.4;6;4;2;0.4;6;4;5;0.4;6;4;3;0.4;6;4;5;0.4;6;NOK;NOK;OK;7000;7063;6500;8100;OK;4.97;0;8;12;NOK;N/A;1.5;N/A;N/A;N/A;9;11.9;7;18;OK;;0;0;0;-;Disabled;TempOk;2;230;37.7;37.9;0;0;349.9;441345100 daimler 1500 1900;441345100 daimler 1500 1900;441345100 Daimler 1500 1900
20260325_20:36:23;0;1;1;950;939.9;925;975;OK;950;951;925;975;OK;950.9;951;-20;-15.8;-50;-25;NOK;-20;-14.9;-50;-25;NOK;-14.4;-14.5;0;-20;-15.9;-50;-25;NOK;300;311;300;500;OK;0;0;N/A;N/A;N/A;N/A;N/A;N/A;N/A;N/A;N/A;N/A;N/A;N/A;N/A;N/A;N/A;N/A;N/A;N/A;N/A;N/A;N/A;N/A;N/A;N/A;N/A;N/A;N/A;N/A;N/A;N/A;N/A;N/A;N/A;N/A;N/A;N/A;N/A;N/A;N/A;N/A;N/A;N/A;N/A;N/A;N/A;N/A;N/A;N/A;N/A;N/A;N/A;N/A;N/A;N/A;N/A;N/A;N/A;N/A;N/A;N/A;N/A;N/A;N/A;N/A;N/A;N/A;N/A;N/A;N/A;N/A;N/A;N/A;N/A;N/A;N/A;N/A;N/A;N/A;N/A;N/A;N/A;N/A;N/A;N/A;N/A;N/A;N/A;N/A;N/A;N/A;N/A;N/A;N/A;N/A;N/A;N/A;N/A;N/A;;0;321.7;0;0;;Disabled;TempStop;2;700;325.1;273.1;0;0;599.9;549.9;Enabled;PosOk;2;0;0;0;0;0;15;Disabled;0;0;0;0;0;0;0;0;0;0;0;0;0;0;0;0;0;0;0;0;0;0;0;0;0;0;0;0;0;0;0;0;0;0;0;0;0;0;0;0;0;0;0;0;0;0;0;0;0;0;0;0;0;0;0;0;0;0;0;0;0;0;0;0;0;0;0;0;0;0;30;31;20;45;30;30;20;45;30;32;20;45;30;30;20;45;200;141;100;300;200;139;100;300;200;140;100;300;200;139;100;300;30;31;20;45;30;30;20;45;30;30;20;45;30;30;20;45;200;145;100;300;200;143;100;300;200;237;100;300;200;238;100;300;4;2;0.4;6;4;5;0.4;6;4;2;0.4;6;4;5;0.4;6;4;2;0.4;6;4;5;0.4;6;4;2;0.4;6;4;5;0.4;6;NOK;NOK;OK;7000;7075;6500;8100;OK;4.97;0;8;12;NOK;N/A;1.5;N/A;N/A;N/A;9;11.7;7;18;OK;;0;0;0;-;Disabled;TempOk;2;230;37.7;37.9;0;0;349.9;441345100 daimler 1500 1900;441345100 daimler 1500 1900;441345100 Daimler 1500 1900
20260325_20:36:59;0;1;4;950;939.6;925;975;OK;950;950.7;925;975;OK;950.7;950.8;-20;-9.7;-50;-25;NOK;-20;-9.4;-50;-25;NOK;-12.7;-11.3;0;-20;-9.7;-50;-25;NOK;300;311;300;500;OK;0;0;N/A;N/A;N/A;N/A;N/A;N/A;N/A;N/A;N/A;N/A;N/A;N/A;N/A;N/A;N/A;N/A;N/A;N/A;N/A;N/A;N/A;N/A;N/A;N/A;N/A;N/A;N/A;N/A;N/A;N/A;N/A;N/A;N/A;N/A;N/A;N/A;N/A;N/A;N/A;N/A;N/A;N/A;N/A;N/A;N/A;N/A;N/A;N/A;N/A;N/A;N/A;N/A;N/A;N/A;N/A;N/A;N/A;N/A;N/A;N/A;N/A;N/A;N/A;N/A;N/A;N/A;N/A;N/A;N/A;N/A;N/A;N/A;N/A;N/A;N/A;N/A;N/A;N/A;N/A;N/A;N/A;N/A;N/A;N/A;N/A;N/A;N/A;N/A;N/A;N/A;N/A;N/A;N/A;N/A;N/A;N/A;N/A;N/A;;0;321.6;0;0;;Disabled;TempStop;2;700;324.1;272.6;0;0;599.9;549.9;Enabled;PosOk;2;0;0;0;0;0;15;Disabled;0;0;0;0;0;0;0;0;0;0;0;0;0;0;0;0;0;0;0;0;0;0;0;0;0;0;0;0;0;0;0;0;0;0;0;0;0;0;0;0;0;0;0;0;0;0;0;0;0;0;0;0;0;0;0;0;0;0;0;0;0;0;0;0;0;0;0;0;36;33;30;31;20;45;30;30;20;45;30;32;20;45;30;30;20;45;200;141;100;300;200;139;100;300;200;140;100;300;200;139;100;300;30;31;20;45;30;30;20;45;30;30;20;45;30;30;20;45;200;144;100;300;200;144;100;300;200;237;100;300;200;238;100;300;4;2;0.4;6;4;5;0.4;6;4;2;0.4;6;4;5;0.4;6;4;2;0.4;6;4;5;0.4;6;4;2;0.4;6;4;5;0.4;6;NOK;NOK;OK;7000;7069;6500;8100;OK;4.97;0;8;12;NOK;N/A;1.5;N/A;N/A;N/A;9;11.9;7;18;OK;;0;0;0;-;Disabled;TempOk;2;230;37.7;38.9;0;0;349.9;441345100 daimler 1500 1900;441345100 daimler 1500 1900;441345100 Daimler 1500 1900
20260325_20:37:35;0;3;1;950;940.6;925;975;OK;950;951.2;925;975;OK;951.1;951.1;-20;-15.7;-50;-25;NOK;-20;-14.5;-50;-25;NOK;-11.9;-13;0;-20;-15.8;-50;-25;NOK;300;311;300;500;OK;0;0;N/A;N/A;N/A;N/A;N/A;N/A;N/A;N/A;N/A;N/A;N/A;N/A;N/A;N/A;N/A;N/A;N/A;N/A;N/A;N/A;N/A;N/A;N/A;N/A;N/A;N/A;N/A;N/A;N/A;N/A;N/A;N/A;N/A;N/A;N/A;N/A;N/A;N/A;N/A;N/A;N/A;N/A;N/A;N/A;N/A;N/A;N/A;N/A;N/A;N/A;N/A;N/A;N/A;N/A;N/A;N/A;N/A;N/A;N/A;N/A;N/A;N/A;N/A;N/A;N/A;N/A;N/A;N/A;N/A;N/A;N/A;N/A;N/A;N/A;N/A;N/A;N/A;N/A;N/A;N/A;N/A;N/A;N/A;N/A;N/A;N/A;N/A;N/A;N/A;N/A;N/A;N/A;N/A;N/A;N/A;N/A;N/A;N/A;;0;320.4;0;0;;Disabled;TempStop;2;700;323.3;277.1;0;0;599.9;549.9;Enabled;PosOk;2;0;0;0;0;0;15;Disabled;0;0;0;0;0;0;0;0;0;0;0;0;0;0;0;0;0;0;0;0;0;0;0;0;0;0;0;0;0;0;0;0;0;0;0;0;0;0;0;0;0;0;0;0;0;0;0;0;0;0;0;0;0;0;0;0;0;0;0;0;0;0;0;0;0;0;0;0;0;0;30;31;20;45;30;30;20;45;30;31;20;45;30;30;20;45;200;141;100;300;200;138;100;300;200;140;100;300;200;139;100;300;30;31;20;45;30;30;20;45;30;31;20;45;30;30;20;45;200;144;100;300;200;143;100;300;200;237;100;300;200;238;100;300;4;2;0.4;6;4;5;0.4;6;4;2;0.4;6;4;5;0.4;6;4;2;0.4;6;4;5;0.4;6;4;3;0.4;6;4;5;0.4;6;NOK;NOK;OK;7000;7070;6500;8100;OK;4.97;0;8;12;NOK;N/A;1.5;N/A;N/A;N/A;9;12.3;7;18;OK;;0;0;0;-;Disabled;TempOk;2;230;37.9;38.7;0;0;349.9;441345100 daimler 1500 1900;441345100 daimler 1500 1900;441345100 Daimler 1500 1900
20260325_20:38:11;0;3;4;950;940.6;925;975;OK;950;951.7;925;975;OK;951.3;951.5;-20;-11.4;-50;-25;NOK;-20;-10.9;-50;-25;NOK;-12;-10.4;0;-20;-11.6;-50;-25;NOK;300;311;300;500;OK;0;0;N/A;N/A;N/A;N/A;N/A;N/A;N/A;N/A;N/A;N/A;N/A;N/A;N/A;N/A;N/A;N/A;N/A;N/A;N/A;N/A;N/A;N/A;N/A;N/A;N/A;N/A;N/A;N/A;N/A;N/A;N/A;N/A;N/A;N/A;N/A;N/A;N/A;N/A;N/A;N/A;N/A;N/A;N/A;N/A;N/A;N/A;N/A;N/A;N/A;N/A;N/A;N/A;N/A;N/A;N/A;N/A;N/A;N/A;N/A;N/A;N/A;N/A;N/A;N/A;N/A;N/A;N/A;N/A;N/A;N/A;N/A;N/A;N/A;N/A;N/A;N/A;N/A;N/A;N/A;N/A;N/A;N/A;N/A;N/A;N/A;N/A;N/A;N/A;N/A;N/A;N/A;N/A;N/A;N/A;N/A;N/A;N/A;N/A;;0;320.3;0;0;;Disabled;TempStop;2;700;322.6;277.9;0;0;599.9;549.9;Enabled;PosOk;2;0;0;0;0;0;15;Disabled;0;0;0;0;0;0;0;0;0;0;0;0;0;0;0;0;0;0;0;0;0;0;0;0;0;0;0;0;0;0;0;0;0;0;0;0;0;0;0;0;0;0;0;0;0;0;0;0;0;0;0;0;0;0;0;0;0;0;0;0;0;0;0;0;0;0;0;0;0;0;30;31;20;45;30;30;20;45;30;32;20;45;30;30;20;45;200;141;100;300;200;138;100;300;200;140;100;300;200;139;100;300;30;31;20;45;30;30;20;45;30;31;20;45;30;30;20;45;200;144;100;300;200;143;100;300;200;237;100;300;200;238;100;300;4;2;0.4;6;4;5;0.4;6;4;2;0.4;6;4;5;0.4;6;4;2;0.4;6;4;5;0.4;6;4;2;0.4;6;4;5;0.4;6;NOK;NOK;OK;7000;7067;6500;8100;OK;4.97;0;8;12;NOK;N/A;1.5;N/A;N/A;N/A;9;11.9;7;18;OK;;0;0;0;-;Disabled;TempOk;2;230;38.2;38.4;0;0;349.9;441345100 daimler 1500 1900;441345100 daimler 1500 1900;441345100 Daimler 1500 1900
20260325_20:38:47;0;3;5;950;942.7;925;975;OK;950;951.2;925;975;OK;950.9;951.3;-20;-15;-50;-25;NOK;-20;-14.9;-50;-25;NOK;-14.4;-14.3;0;-20;-14.9;-50;-25;NOK;300;311;300;500;OK;0;0;N/A;N/A;N/A;N/A;N/A;N/A;N/A;N/A;N/A;N/A;N/A;N/A;N/A;N/A;N/A;N/A;N/A;N/A;N/A;N/A;N/A;N/A;N/A;N/A;N/A;N/A;N/A;N/A;N/A;N/A;N/A;N/A;N/A;N/A;N/A;N/A;N/A;N/A;N/A;N/A;N/A;N/A;N/A;N/A;N/A;N/A;N/A;N/A;N/A;N/A;N/A;N/A;N/A;N/A;N/A;N/A;N/A;N/A;N/A;N/A;N/A;N/A;N/A;N/A;N/A;N/A;N/A;N/A;N/A;N/A;N/A;N/A;N/A;N/A;N/A;N/A;N/A;N/A;N/A;N/A;N/A;N/A;N/A;N/A;N/A;N/A;N/A;N/A;N/A;N/A;N/A;N/A;N/A;N/A;N/A;N/A;N/A;N/A;;0;319.9;0;0;;Disabled;TempStop;2;700;322.5;277.4;0;0;599.9;549.9;Enabled;PosOk;2;0;0;0;0;0;15;Disabled;0;0;0;0;0;0;0;0;0;0;0;0;0;0;0;0;0;0;0;0;0;0;0;0;0;0;0;0;0;0;0;0;0;0;0;0;0;0;0;0;0;0;0;0;0;0;0;0;0;0;0;0;0;0;0;0;0;0;0;0;0;0;0;0;0;0;0;0;0;0;30;32;20;45;30;30;20;45;30;32;20;45;30;30;20;45;200;141;100;300;200;139;100;300;200;140;100;300;200;139;100;300;30;31;20;45;30;30;20;45;30;31;20;45;30;30;20;45;200;144;100;300;200;143;100;300;200;237;100;300;200;237;100;300;4;2;0.4;6;4;5;0.4;6;4;2;0.4;6;4;5;0.4;6;4;2;0.4;6;4;5;0.4;6;4;3;0.4;6;4;5;0.4;6;NOK;NOK;OK;7000;7071;6500;8100;OK;4.97;0;8;12;NOK;N/A;1.5;N/A;N/A;N/A;9;11.8;7;18;OK;;0;0;0;-;Disabled;TempOk;2;230;37.7;38.7;0;0;349.9;441345100 daimler 1500 1900;441345100 daimler 1500 1900;441345100 Daimler 1500 1900
20260325_20:39:23;0;1;2;950;940.9;925;975;OK;950;951.7;925;975;OK;951.6;951.7;-20;-11.5;-50;-25;NOK;-20;-10.9;-50;-25;NOK;-10.2;-10;0;-20;-11.5;-50;-25;NOK;300;311;300;500;OK;0;0;N/A;N/A;N/A;N/A;N/A;N/A;N/A;N/A;N/A;N/A;N/A;N/A;N/A;N/A;N/A;N/A;N/A;N/A;N/A;N/A;N/A;N/A;N/A;N/A;N/A;N/A;N/A;N/A;N/A;N/A;N/A;N/A;N/A;N/A;N/A;N/A;N/A;N/A;N/A;N/A;N/A;N/A;N/A;N/A;N/A;N/A;N/A;N/A;N/A;N/A;N/A;N/A;N/A;N/A;N/A;N/A;N/A;N/A;N/A;N/A;N/A;N/A;N/A;N/A;N/A;N/A;N/A;N/A;N/A;N/A;N/A;N/A;N/A;N/A;N/A;N/A;N/A;N/A;N/A;N/A;N/A;N/A;N/A;N/A;N/A;N/A;N/A;N/A;N/A;N/A;N/A;N/A;N/A;N/A;N/A;N/A;N/A;N/A;;0;321.6;0;0;;Disabled;TempStop;2;700;323.7;280;0;0;599.9;549.9;Enabled;PosOk;2;0;0;0;0;0;15;Disabled;0;0;0;0;0;0;0;0;0;0;0;0;0;0;0;0;0;0;0;0;0;0;0;0;0;0;0;0;0;0;0;0;0;0;0;0;0;0;0;0;0;0;0;0;0;0;0;0;0;0;0;0;0;0;0;0;0;0;0;0;0;0;0;0;0;0;0;0;0;0;30;31;20;45;30;29;20;45;30;31;20;45;30;29;20;45;200;141;100;300;200;139;100;300;200;140;100;300;200;141;100;300;30;31;20;45;30;29;20;45;30;30;20;45;30;29;20;45;200;144;100;300;200;143;100;300;200;236;100;300;200;237;100;300;4;2;0.4;6;4;5;0.4;6;4;2;0.4;6;4;5;0.4;6;4;2;0.4;6;4;5;0.4;6;4;3;0.4;6;4;5;0.4;6;NOK;NOK;OK;7000;7072;6500;8100;OK;4.97;0;8;12;NOK;N/A;1.5;N/A;N/A;N/A;9;12;7;18;OK;;0;0;0;-;Disabled;TempOk;2;230;37.7;38.2;0;0;349.9;441345100 daimler 1500 1900;441345100 daimler 1500 1900;441345100 Daimler 1500 1900
20260325_20:39:58;0;3;2;950;940.7;925;975;OK;950;951.7;925;975;OK;951.6;951.7;-20;-12.6;-50;-25;NOK;-20;-11.9;-50;-25;NOK;-12.7;-11.7;0;-20;-12.7;-50;-25;NOK;300;311;300;500;OK;0;0;N/A;N/A;N/A;N/A;N/A;N/A;N/A;N/A;N/A;N/A;N/A;N/A;N/A;N/A;N/A;N/A;N/A;N/A;N/A;N/A;N/A;N/A;N/A;N/A;N/A;N/A;N/A;N/A;N/A;N/A;N/A;N/A;N/A;N/A;N/A;N/A;N/A;N/A;N/A;N/A;N/A;N/A;N/A;N/A;N/A;N/A;N/A;N/A;N/A;N/A;N/A;N/A;N/A;N/A;N/A;N/A;N/A;N/A;N/A;N/A;N/A;N/A;N/A;N/A;N/A;N/A;N/A;N/A;N/A;N/A;N/A;N/A;N/A;N/A;N/A;N/A;N/A;N/A;N/A;N/A;N/A;N/A;N/A;N/A;N/A;N/A;N/A;N/A;N/A;N/A;N/A;N/A;N/A;N/A;N/A;N/A;N/A;N/A;;0;319.6;0;0;;Disabled;TempStop;2;700;322.2;278.4;0;0;599.9;549.9;Enabled;PosOk;2;0;0;0;0;0;15;Disabled;0;0;0;0;0;0;0;0;0;0;0;0;0;0;0;0;0;0;0;0;0;0;0;0;0;0;0;0;0;0;0;0;0;0;0;0;0;0;0;0;0;0;0;0;0;0;0;0;0;0;0;0;0;0;0;0;0;0;0;0;0;0;0;0;0;0;0;0;0;0;30;31;20;45;30;29;20;45;30;31;20;45;30;29;20;45;200;141;100;300;200;139;100;300;200;139;100;300;200;140;100;300;30;30;20;45;30;29;20;45;30;30;20;45;30;29;20;45;200;144;100;300;200;143;100;300;200;236;100;300;200;238;100;300;4;2;0.4;6;4;5;0.4;6;4;2;0.4;6;4;5;0.4;6;4;2;0.4;6;4;5;0.4;6;4;2;0.4;6;4;5;0.4;6;NOK;NOK;OK;7000;7067;6500;8100;OK;4.97;0;8;12;NOK;N/A;1.5;N/A;N/A;N/A;9;11.8;7;18;OK;;0;0;0;-;Disabled;TempOk;2;230;37.7;38.2;0;0;349.9;441345100 daimler 1500 1900;441345100 daimler 1500 1900;441345100 Daimler 1500 1900
20260325_20:40:34;0;1;3;950;941.3;925;975;OK;950;951.6;925;975;OK;951.8;951.7;-20;-12.2;-50;-25;NOK;-20;-12.7;-50;-25;NOK;-13.4;-14;0;-20;-12.1;-50;-25;NOK;300;311;300;500;OK;0;0;N/A;N/A;N/A;N/A;N/A;N/A;N/A;N/A;N/A;N/A;N/A;N/A;N/A;N/A;N/A;N/A;N/A;N/A;N/A;N/A;N/A;N/A;N/A;N/A;N/A;N/A;N/A;N/A;N/A;N/A;N/A;N/A;N/A;N/A;N/A;N/A;N/A;N/A;N/A;N/A;N/A;N/A;N/A;N/A;N/A;N/A;N/A;N/A;N/A;N/A;N/A;N/A;N/A;N/A;N/A;N/A;N/A;N/A;N/A;N/A;N/A;N/A;N/A;N/A;N/A;N/A;N/A;N/A;N/A;N/A;N/A;N/A;N/A;N/A;N/A;N/A;N/A;N/A;N/A;N/A;N/A;N/A;N/A;N/A;N/A;N/A;N/A;N/A;N/A;N/A;N/A;N/A;N/A;N/A;N/A;N/A;N/A;N/A;;0;321.3;0;0;;Disabled;TempStop;2;700;323.7;278.9;0;0;599.9;549.9;Enabled;PosOk;2;0;0;0;0;0;15;Disabled;0;0;0;0;0;0;0;0;0;0;0;0;0;0;0;0;0;0;0;0;0;0;0;0;0;0;0;0;0;0;0;0;0;0;0;0;0;0;0;0;0;0;0;0;0;0;0;0;0;0;0;0;0;0;0;0;0;0;0;0;0;0;0;0;0;0;0;0;40;9;30;31;20;45;30;29;20;45;30;31;20;45;30;30;20;45;200;141;100;300;200;138;100;300;200;140;100;300;200;140;100;300;30;30;20;45;30;29;20;45;30;30;20;45;30;29;20;45;200;144;100;300;200;143;100;300;200;236;100;300;200;237;100;300;4;2;0.4;6;4;5;0.4;6;4;2;0.4;6;4;5;0.4;6;4;2;0.4;6;4;5;0.4;6;4;3;0.4;6;4;5;0.4;6;NOK;NOK;OK;7000;7073;6500;8100;OK;4.97;0;8;12;NOK;N/A;1.5;N/A;N/A;N/A;9;11.8;7;18;OK;;0;0;0;-;Disabled;TempOk;2;230;37.4;37.9;0;0;349.9;441345100 daimler 1500 1900;441345100 daimler 1500 1900;441345100 Daimler 1500 1900
20260325_20:41:10;0;3;3;950;940.9;925;975;OK;950;951.4;925;975;OK;951.5;951.5;-20;-13.2;-50;-25;NOK;-20;-13;-50;-25;NOK;-11.1;-12.1;0;-20;-13.1;-50;-25;NOK;300;311;300;500;OK;0;0;N/A;N/A;N/A;N/A;N/A;N/A;N/A;N/A;N/A;N/A;N/A;N/A;N/A;N/A;N/A;N/A;N/A;N/A;N/A;N/A;N/A;N/A;N/A;N/A;N/A;N/A;N/A;N/A;N/A;N/A;N/A;N/A;N/A;N/A;N/A;N/A;N/A;N/A;N/A;N/A;N/A;N/A;N/A;N/A;N/A;N/A;N/A;N/A;N/A;N/A;N/A;N/A;N/A;N/A;N/A;N/A;N/A;N/A;N/A;N/A;N/A;N/A;N/A;N/A;N/A;N/A;N/A;N/A;N/A;N/A;N/A;N/A;N/A;N/A;N/A;N/A;N/A;N/A;N/A;N/A;N/A;N/A;N/A;N/A;N/A;N/A;N/A;N/A;N/A;N/A;N/A;N/A;N/A;N/A;N/A;N/A;N/A;N/A;;0;320.1;0;0;;Disabled;TempStop;2;700;322.6;277.5;0;0;599.9;549.9;Enabled;PosOk;2;0;0;0;0;0;15;Disabled;0;0;0;0;0;0;0;0;0;0;0;0;0;0;0;0;0;0;0;0;0;0;0;0;0;0;0;0;0;0;0;0;0;0;0;0;0;0;0;0;0;0;0;0;0;0;0;0;0;0;0;0;0;0;0;0;0;0;0;0;0;0;0;0;0;0;0;0;0;0;30;31;20;45;30;30;20;45;30;31;20;45;30;30;20;45;200;140;100;300;200;138;100;300;200;140;100;300;200;139;100;300;30;31;20;45;30;30;20;45;30;30;20;45;30;30;20;45;200;144;100;300;200;143;100;300;200;237;100;300;200;238;100;300;4;2;0.4;6;4;5;0.4;6;4;2;0.4;6;4;5;0.4;6;4;2;0.4;6;4;5;0.4;6;4;3;0.4;6;4;5;0.4;6;NOK;NOK;OK;7000;7058;6500;8100;OK;4.98;0;8;12;NOK;N/A;1.5;N/A;N/A;N/A;9;12.4;7;18;OK;;0;0;0;-;Disabled;TempOk;2;230;37.4;38.2;0;0;349.9;441345100 daimler 1500 1900;441345100 daimler 1500 1900;441345100 Daimler 1500 1900
20260325_20:41:46;0;1;1;950;940.2;925;975;OK;950;951;925;975;OK;950.9;951;-20;-15;-50;-25;NOK;-20;-14.7;-50;-25;NOK;-14.1;-14.4;0;-20;-15.1;-50;-25;NOK;300;311;300;500;OK;0;0;N/A;N/A;N/A;N/A;N/A;N/A;N/A;N/A;N/A;N/A;N/A;N/A;N/A;N/A;N/A;N/A;N/A;N/A;N/A;N/A;N/A;N/A;N/A;N/A;N/A;N/A;N/A;N/A;N/A;N/A;N/A;N/A;N/A;N/A;N/A;N/A;N/A;N/A;N/A;N/A;N/A;N/A;N/A;N/A;N/A;N/A;N/A;N/A;N/A;N/A;N/A;N/A;N/A;N/A;N/A;N/A;N/A;N/A;N/A;N/A;N/A;N/A;N/A;N/A;N/A;N/A;N/A;N/A;N/A;N/A;N/A;N/A;N/A;N/A;N/A;N/A;N/A;N/A;N/A;N/A;N/A;N/A;N/A;N/A;N/A;N/A;N/A;N/A;N/A;N/A;N/A;N/A;N/A;N/A;N/A;N/A;N/A;N/A;;0;322;0;0;;Disabled;TempStop;2;700;325.3;280;0;0;599.9;549.9;Enabled;PosOk;2;0;0;0;0;0;15;Disabled;0;0;0;0;0;0;0;0;0;0;0;0;0;0;0;0;0;0;0;0;0;0;0;0;0;0;0;0;0;0;0;0;0;0;0;0;0;0;0;0;0;0;0;0;0;0;0;0;0;0;0;0;0;0;0;0;0;0;0;0;0;0;0;0;0;0;0;0;0;0;30;31;20;45;30;30;20;45;30;31;20;45;30;30;20;45;200;141;100;300;200;138;100;300;200;139;100;300;200;139;100;300;30;31;20;45;30;30;20;45;30;31;20;45;30;30;20;45;200;144;100;300;200;143;100;300;200;237;100;300;200;238;100;300;4;2;0.4;6;4;5;0.4;6;4;2;0.4;6;4;5;0.4;6;4;2;0.4;6;4;5;0.4;6;4;2;0.4;6;4;5;0.4;6;NOK;NOK;OK;7000;7062;6500;8100;OK;4.97;0;8;12;NOK;N/A;1.5;N/A;N/A;N/A;9;11.9;7;18;OK;;0;0;0;-;Disabled;TempOk;2;230;37.7;37.9;0;0;349.9;441345100 daimler 1500 1900;441345100 daimler 1500 1900;441345100 Daimler 1500 1900
20260325_20:42:22;0;1;4;950;939.4;925;975;OK;950;950.7;925;975;OK;950.6;950.9;-20;-9.4;-50;-25;NOK;-20;-9.4;-50;-25;NOK;-12.7;-11.3;0;-20;-9.4;-50;-25;NOK;300;311;300;500;OK;0;0;N/A;N/A;N/A;N/A;N/A;N/A;N/A;N/A;N/A;N/A;N/A;N/A;N/A;N/A;N/A;N/A;N/A;N/A;N/A;N/A;N/A;N/A;N/A;N/A;N/A;N/A;N/A;N/A;N/A;N/A;N/A;N/A;N/A;N/A;N/A;N/A;N/A;N/A;N/A;N/A;N/A;N/A;N/A;N/A;N/A;N/A;N/A;N/A;N/A;N/A;N/A;N/A;N/A;N/A;N/A;N/A;N/A;N/A;N/A;N/A;N/A;N/A;N/A;N/A;N/A;N/A;N/A;N/A;N/A;N/A;N/A;N/A;N/A;N/A;N/A;N/A;N/A;N/A;N/A;N/A;N/A;N/A;N/A;N/A;N/A;N/A;N/A;N/A;N/A;N/A;N/A;N/A;N/A;N/A;N/A;N/A;N/A;N/A;;0;321.4;0;0;;Disabled;TempStop;2;700;324;279.8;0;0;599.9;549.9;Enabled;PosOk;2;0;0;0;0;0;15;Disabled;0;0;0;0;0;0;0;0;0;0;0;0;0;0;0;0;0;0;0;0;0;0;0;0;0;0;0;0;0;0;0;0;0;0;0;0;0;0;0;0;0;0;0;0;0;0;0;0;0;0;0;0;0;0;0;0;0;0;0;0;0;0;0;0;0;0;0;0;41;56;30;31;20;45;30;30;20;45;30;32;20;45;30;30;20;45;200;141;100;300;200;138;100;300;200;140;100;300;200;140;100;300;30;31;20;45;30;30;20;45;30;31;20;45;30;30;20;45;200;144;100;300;200;143;100;300;200;236;100;300;200;237;100;300;4;2;0.4;6;4;5;0.4;6;4;2;0.4;6;4;5;0.4;6;4;2;0.4;6;4;5;0.4;6;4;2;0.4;6;4;5;0.4;6;NOK;NOK;OK;7000;7060;6500;8100;OK;4.97;0;8;12;NOK;N/A;1.5;N/A;N/A;N/A;9;11.9;7;18;OK;;0;0;0;-;Disabled;TempOk;2;230;38.7;38.9;0;0;349.9;441345100 daimler 1500 1900;441345100 daimler 1500 1900;441345100 Daimler 1500 1900
20260325_20:42:58;0;3;1;950;940.5;925;975;OK;950;951;925;975;OK;951.1;951.3;-20;-14.9;-50;-25;NOK;-20;-14;-50;-25;NOK;-11.5;-12.6;0;-20;-15;-50;-25;NOK;300;311;300;500;OK;0;0;N/A;N/A;N/A;N/A;N/A;N/A;N/A;N/A;N/A;N/A;N/A;N/A;N/A;N/A;N/A;N/A;N/A;N/A;N/A;N/A;N/A;N/A;N/A;N/A;N/A;N/A;N/A;N/A;N/A;N/A;N/A;N/A;N/A;N/A;N/A;N/A;N/A;N/A;N/A;N/A;N/A;N/A;N/A;N/A;N/A;N/A;N/A;N/A;N/A;N/A;N/A;N/A;N/A;N/A;N/A;N/A;N/A;N/A;N/A;N/A;N/A;N/A;N/A;N/A;N/A;N/A;N/A;N/A;N/A;N/A;N/A;N/A;N/A;N/A;N/A;N/A;N/A;N/A;N/A;N/A;N/A;N/A;N/A;N/A;N/A;N/A;N/A;N/A;N/A;N/A;N/A;N/A;N/A;N/A;N/A;N/A;N/A;N/A;;0;319.8;0;0;;Disabled;TempStop;2;700;322.3;278.5;0;0;599.9;549.9;Enabled;PosOk;2;0;0;0;0;0;15;Disabled;0;0;0;0;0;0;0;0;0;0;0;0;0;0;0;0;0;0;0;0;0;0;0;0;0;0;0;0;0;0;0;0;0;0;0;0;0;0;0;0;0;0;0;0;0;0;0;0;0;0;0;0;0;0;0;0;0;0;0;0;0;0;0;0;0;0;0;0;0;0;30;31;20;45;30;30;20;45;30;32;20;45;30;30;20;45;200;141;100;300;200;139;100;300;200;140;100;300;200;139;100;300;30;31;20;45;30;30;20;45;30;31;20;45;30;30;20;45;200;144;100;300;200;143;100;300;200;237;100;300;200;238;100;300;4;2;0.4;6;4;5;0.4;6;4;2;0.4;6;4;5;0.4;6;4;2;0.4;6;4;5;0.4;6;4;2;0.4;6;4;5;0.4;6;NOK;NOK;OK;7000;7061;6500;8100;OK;5;0;8;12;NOK;N/A;1.5;N/A;N/A;N/A;9;11.8;7;18;OK;;0;0;0;-;Disabled;TempOk;2;230;38.7;38.9;0;0;349.9;441345100 daimler 1500 1900;441345100 daimler 1500 1900;441345100 Daimler 1500 1900
20260325_20:43:34;0;3;4;950;940.4;925;975;OK;950;951.4;925;975;OK;951.4;951.4;-20;-11.4;-50;-25;NOK;-20;-10.9;-50;-25;NOK;-11.8;-10.2;0;-20;-11.5;-50;-25;NOK;300;311;300;500;OK;0;0;N/A;N/A;N/A;N/A;N/A;N/A;N/A;N/A;N/A;N/A;N/A;N/A;N/A;N/A;N/A;N/A;N/A;N/A;N/A;N/A;N/A;N/A;N/A;N/A;N/A;N/A;N/A;N/A;N/A;N/A;N/A;N/A;N/A;N/A;N/A;N/A;N/A;N/A;N/A;N/A;N/A;N/A;N/A;N/A;N/A;N/A;N/A;N/A;N/A;N/A;N/A;N/A;N/A;N/A;N/A;N/A;N/A;N/A;N/A;N/A;N/A;N/A;N/A;N/A;N/A;N/A;N/A;N/A;N/A;N/A;N/A;N/A;N/A;N/A;N/A;N/A;N/A;N/A;N/A;N/A;N/A;N/A;N/A;N/A;N/A;N/A;N/A;N/A;N/A;N/A;N/A;N/A;N/A;N/A;N/A;N/A;N/A;N/A;;0;320.2;0;0;;Disabled;TempStop;2;700;323;278.5;0;0;599.9;549.9;Enabled;PosOk;2;0;0;0;0;0;15;Disabled;0;0;0;0;0;0;0;0;0;0;0;0;0;0;0;0;0;0;0;0;0;0;0;0;0;0;0;0;0;0;0;0;0;0;0;0;0;0;0;0;0;0;0;0;0;0;0;0;0;0;0;0;0;0;0;0;0;0;0;0;0;0;0;0;0;0;0;0;0;0;30;31;20;45;30;30;20;45;30;32;20;45;30;30;20;45;200;140;100;300;200;139;100;300;200;140;100;300;200;139;100;300;30;31;20;45;30;30;20;45;30;31;20;45;30;30;20;45;200;145;100;300;200;143;100;300;200;237;100;300;200;238;100;300;4;2;0.4;6;4;5;0.4;6;4;2;0.4;6;4;5;0.4;6;4;2;0.4;6;4;5;0.4;6;4;2;0.4;6;4;5;0.4;6;NOK;NOK;OK;7000;7071;6500;8100;OK;4.97;0;8;12;NOK;N/A;1.5;N/A;N/A;N/A;9;11.9;7;18;OK;;0;0;0;-;Disabled;TempOk;2;230;38.4;38.4;0;0;349.9;441345100 daimler 1500 1900;441345100 daimler 1500 1900;441345100 Daimler 1500 1900
20260325_20:44:10;0;3;5;950;943.5;925;975;OK;950;951.2;925;975;OK;950.8;951.3;-20;-15;-50;-25;NOK;-20;-14.9;-50;-25;NOK;-14.1;-14.1;0;-20;-14.9;-50;-25;NOK;300;311;300;500;OK;0;0;N/A;N/A;N/A;N/A;N/A;N/A;N/A;N/A;N/A;N/A;N/A;N/A;N/A;N/A;N/A;N/A;N/A;N/A;N/A;N/A;N/A;N/A;N/A;N/A;N/A;N/A;N/A;N/A;N/A;N/A;N/A;N/A;N/A;N/A;N/A;N/A;N/A;N/A;N/A;N/A;N/A;N/A;N/A;N/A;N/A;N/A;N/A;N/A;N/A;N/A;N/A;N/A;N/A;N/A;N/A;N/A;N/A;N/A;N/A;N/A;N/A;N/A;N/A;N/A;N/A;N/A;N/A;N/A;N/A;N/A;N/A;N/A;N/A;N/A;N/A;N/A;N/A;N/A;N/A;N/A;N/A;N/A;N/A;N/A;N/A;N/A;N/A;N/A;N/A;N/A;N/A;N/A;N/A;N/A;N/A;N/A;N/A;N/A;;0;320;0;0;;Disabled;TempStop;2;700;322.5;277.7;0;0;599.9;549.9;Enabled;PosOk;2;0;0;0;0;0;15;Disabled;0;0;0;0;0;0;0;0;0;0;0;0;0;0;0;0;0;0;0;0;0;0;0;0;0;0;0;0;0;0;0;0;0;0;0;0;0;0;0;0;0;0;0;0;0;0;0;0;0;0;0;0;0;0;0;0;0;0;0;0;0;0;0;0;0;0;0;0;0;0;30;31;20;45;30;30;20;45;30;32;20;45;30;30;20;45;200;141;100;300;200;139;100;300;200;140;100;300;200;140;100;300;30;31;20;45;30;30;20;45;30;30;20;45;30;30;20;45;200;144;100;300;200;143;100;300;200;236;100;300;200;238;100;300;4;2;0.4;6;4;5;0.4;6;4;2;0.4;6;4;5;0.4;6;4;2;0.4;6;4;5;0.4;6;4;3;0.4;6;4;5;0.4;6;NOK;NOK;OK;7000;7075;6500;8100;OK;4.97;0;8;12;NOK;N/A;1.5;N/A;N/A;N/A;9;11.7;7;18;OK;;0;0;0;-;Disabled;TempOk;2;230;38.4;38.9;0;0;349.9;441345100 daimler 1500 1900;441345100 daimler 1500 1900;441345100 Daimler 1500 1900
20260325_20:44:46;0;1;2;950;941;925;975;OK;950;951.6;925;975;OK;951.7;951.7;-20;-11.2;-50;-25;NOK;-20;-10.9;-50;-25;NOK;-10.2;-10;0;-20;-11.3;-50;-25;NOK;300;311;300;500;OK;0;0;N/A;N/A;N/A;N/A;N/A;N/A;N/A;N/A;N/A;N/A;N/A;N/A;N/A;N/A;N/A;N/A;N/A;N/A;N/A;N/A;N/A;N/A;N/A;N/A;N/A;N/A;N/A;N/A;N/A;N/A;N/A;N/A;N/A;N/A;N/A;N/A;N/A;N/A;N/A;N/A;N/A;N/A;N/A;N/A;N/A;N/A;N/A;N/A;N/A;N/A;N/A;N/A;N/A;N/A;N/A;N/A;N/A;N/A;N/A;N/A;N/A;N/A;N/A;N/A;N/A;N/A;N/A;N/A;N/A;N/A;N/A;N/A;N/A;N/A;N/A;N/A;N/A;N/A;N/A;N/A;N/A;N/A;N/A;N/A;N/A;N/A;N/A;N/A;N/A;N/A;N/A;N/A;N/A;N/A;N/A;N/A;N/A;N/A;;0;321.8;0;0;;Disabled;TempStop;2;700;324.3;278.9;0;0;599.9;549.9;Enabled;PosOk;2;0;0;0;0;0;15;Disabled;0;0;0;0;0;0;0;0;0;0;0;0;0;0;0;0;0;0;0;0;0;0;0;0;0;0;0;0;0;0;0;0;0;0;0;0;0;0;0;0;0;0;0;0;0;0;0;0;0;0;0;0;0;0;0;0;0;0;0;0;0;0;0;0;0;0;0;0;0;0;30;31;20;45;30;30;20;45;30;31;20;45;30;30;20;45;200;140;100;300;200;139;100;300;200;140;100;300;200;139;100;300;30;31;20;45;30;30;20;45;30;30;20;45;30;30;20;45;200;145;100;300;200;143;100;300;200;237;100;300;200;238;100;300;4;2;0.4;6;4;5;0.4;6;4;2;0.4;6;4;5;0.4;6;4;2;0.4;6;4;5;0.4;6;4;2;0.4;6;4;5;0.4;6;NOK;NOK;OK;7000;7055;6500;8100;OK;4.97;0;8;12;NOK;N/A;1.5;N/A;N/A;N/A;9;11.9;7;18;OK;;0;0;0;-;Disabled;TempOk;2;230;38.4;39.9;0;0;349.9;441345100 daimler 1500 1900;441345100 daimler 1500 1900;441345100 Daimler 1500 1900
20260325_20:45:22;0;3;2;950;940.2;925;975;OK;950;951.6;925;975;OK;951.7;951.7;-20;-12.2;-50;-25;NOK;-20;-11.7;-50;-25;NOK;-12.6;-11.6;0;-20;-12.3;-50;-25;NOK;300;311;300;500;OK;0;0;N/A;N/A;N/A;N/A;N/A;N/A;N/A;N/A;N/A;N/A;N/A;N/A;N/A;N/A;N/A;N/A;N/A;N/A;N/A;N/A;N/A;N/A;N/A;N/A;N/A;N/A;N/A;N/A;N/A;N/A;N/A;N/A;N/A;N/A;N/A;N/A;N/A;N/A;N/A;N/A;N/A;N/A;N/A;N/A;N/A;N/A;N/A;N/A;N/A;N/A;N/A;N/A;N/A;N/A;N/A;N/A;N/A;N/A;N/A;N/A;N/A;N/A;N/A;N/A;N/A;N/A;N/A;N/A;N/A;N/A;N/A;N/A;N/A;N/A;N/A;N/A;N/A;N/A;N/A;N/A;N/A;N/A;N/A;N/A;N/A;N/A;N/A;N/A;N/A;N/A;N/A;N/A;N/A;N/A;N/A;N/A;N/A;N/A;;0;319.6;0;0;;Disabled;TempStop;2;700;322.3;277.7;0;0;599.9;549.9;Enabled;PosOk;2;0;0;0;0;0;15;Disabled;0;0;0;0;0;0;0;0;0;0;0;0;0;0;0;0;0;0;0;0;0;0;0;0;0;0;0;0;0;0;0;0;0;0;0;0;0;0;0;0;0;0;0;0;0;0;0;0;0;0;0;0;0;0;0;0;0;0;0;0;0;0;0;0;0;0;0;0;0;0;30;31;20;45;30;30;20;45;30;31;20;45;30;30;20;45;200;140;100;300;200;139;100;300;200;140;100;300;200;139;100;300;30;31;20;45;30;30;20;45;30;31;20;45;30;30;20;45;200;145;100;300;200;143;100;300;200;236;100;300;200;238;100;300;4;2;0.4;6;4;5;0.4;6;4;2;0.4;6;4;5;0.4;6;4;2;0.4;6;4;5;0.4;6;4;2;0.4;6;4;5;0.4;6;NOK;NOK;OK;7000;7045;6500;8100;OK;4.97;0;8;12;NOK;N/A;1.5;N/A;N/A;N/A;9;12.4;7;18;OK;;0;0;0;-;Disabled;TempOk;2;230;39.1;38.7;0;0;349.9;441345100 daimler 1500 1900;441345100 daimler 1500 1900;441345100 Daimler 1500 1900
20260325_20:45:58;0;1;3;950;940.7;925;975;OK;950;951.8;925;975;OK;951.7;951.7;-20;-12.1;-50;-25;NOK;-20;-12.6;-50;-25;NOK;-13.4;-14;0;-20;-12.1;-50;-25;NOK;300;311;300;500;OK;0;0;N/A;N/A;N/A;N/A;N/A;N/A;N/A;N/A;N/A;N/A;N/A;N/A;N/A;N/A;N/A;N/A;N/A;N/A;N/A;N/A;N/A;N/A;N/A;N/A;N/A;N/A;N/A;N/A;N/A;N/A;N/A;N/A;N/A;N/A;N/A;N/A;N/A;N/A;N/A;N/A;N/A;N/A;N/A;N/A;N/A;N/A;N/A;N/A;N/A;N/A;N/A;N/A;N/A;N/A;N/A;N/A;N/A;N/A;N/A;N/A;N/A;N/A;N/A;N/A;N/A;N/A;N/A;N/A;N/A;N/A;N/A;N/A;N/A;N/A;N/A;N/A;N/A;N/A;N/A;N/A;N/A;N/A;N/A;N/A;N/A;N/A;N/A;N/A;N/A;N/A;N/A;N/A;N/A;N/A;N/A;N/A;N/A;N/A;;0;321.5;0;0;;Disabled;TempStop;2;700;323.9;279.5;0;0;599.9;549.9;Enabled;PosOk;2;0;0;0;0;0;15;Disabled;0;0;0;0;0;0;0;0;0;0;0;0;0;0;0;0;0;0;0;0;0;0;0;0;0;0;0;0;0;0;0;0;0;0;0;0;0;0;0;0;0;0;0;0;0;0;0;0;0;0;0;0;0;0;0;0;0;0;0;0;0;0;0;0;0;0;0;0;45;32;30;31;20;45;30;30;20;45;30;32;20;45;30;30;20;45;200;141;100;300;200;139;100;300;200;140;100;300;200;140;100;300;30;31;20;45;30;30;20;45;30;31;20;45;30;30;20;45;200;145;100;300;200;143;100;300;200;237;100;300;200;238;100;300;4;2;0.4;6;4;5;0.4;6;4;2;0.4;6;4;5;0.4;6;4;2;0.4;6;4;5;0.4;6;4;2;0.4;6;4;5;0.4;6;NOK;NOK;OK;7000;7053;6500;8100;OK;4.97;0;8;12;NOK;N/A;1.5;N/A;N/A;N/A;9;11.9;7;18;OK;;0;0;0;-;Disabled;TempOk;2;230;38.2;38.9;0;0;349.9;441345100 daimler 1500 1900;441345100 daimler 1500 1900;441345100 Daimler 1500 1900
20260325_20:46:34;0;3;3;950;940.8;925;975;OK;950;951.8;925;975;OK;951.6;951.4;-20;-12.9;-50;-25;NOK;-20;-12.9;-50;-25;NOK;-11;-12;0;-20;-12.9;-50;-25;NOK;300;311;300;500;OK;0;0;N/A;N/A;N/A;N/A;N/A;N/A;N/A;N/A;N/A;N/A;N/A;N/A;N/A;N/A;N/A;N/A;N/A;N/A;N/A;N/A;N/A;N/A;N/A;N/A;N/A;N/A;N/A;N/A;N/A;N/A;N/A;N/A;N/A;N/A;N/A;N/A;N/A;N/A;N/A;N/A;N/A;N/A;N/A;N/A;N/A;N/A;N/A;N/A;N/A;N/A;N/A;N/A;N/A;N/A;N/A;N/A;N/A;N/A;N/A;N/A;N/A;N/A;N/A;N/A;N/A;N/A;N/A;N/A;N/A;N/A;N/A;N/A;N/A;N/A;N/A;N/A;N/A;N/A;N/A;N/A;N/A;N/A;N/A;N/A;N/A;N/A;N/A;N/A;N/A;N/A;N/A;N/A;N/A;N/A;N/A;N/A;N/A;N/A;;0;320.3;0;0;;Disabled;TempStop;2;700;323;278.1;0;0;599.9;549.9;Enabled;PosOk;2;0;0;0;0;0;15;Disabled;0;0;0;0;0;0;0;0;0;0;0;0;0;0;0;0;0;0;0;0;0;0;0;0;0;0;0;0;0;0;0;0;0;0;0;0;0;0;0;0;0;0;0;0;0;0;0;0;0;0;0;0;0;0;0;0;0;0;0;0;0;0;0;0;0;0;0;0;0;0;30;32;20;45;30;30;20;45;30;32;20;45;30;30;20;45;200;141;100;300;200;139;100;300;200;139;100;300;200;139;100;300;30;31;20;45;30;30;20;45;30;31;20;45;30;30;20;45;200;144;100;300;200;143;100;300;200;236;100;300;200;237;100;300;4;2;0.4;6;4;5;0.4;6;4;2;0.4;6;4;5;0.4;6;4;2;0.4;6;4;5;0.4;6;4;3;0.4;6;4;5;0.4;6;NOK;NOK;OK;7000;7065;6500;8100;OK;4.97;0;8;12;NOK;N/A;1.5;N/A;N/A;N/A;9;12.3;7;18;OK;;0;0;0;-;Disabled;TempOk;2;230;38.2;38.2;0;0;349.9;441345100 daimler 1500 1900;441345100 daimler 1500 1900;441345100 Daimler 1500 1900
20260325_20:47:10;0;1;1;950;940.2;925;975;OK;950;950.9;925;975;OK;950.9;951;-20;-14.9;-50;-25;NOK;-20;-14.8;-50;-25;NOK;-14.1;-14.2;0;-20;-14.9;-50;-25;NOK;300;311;300;500;OK;0;0;N/A;N/A;N/A;N/A;N/A;N/A;N/A;N/A;N/A;N/A;N/A;N/A;N/A;N/A;N/A;N/A;N/A;N/A;N/A;N/A;N/A;N/A;N/A;N/A;N/A;N/A;N/A;N/A;N/A;N/A;N/A;N/A;N/A;N/A;N/A;N/A;N/A;N/A;N/A;N/A;N/A;N/A;N/A;N/A;N/A;N/A;N/A;N/A;N/A;N/A;N/A;N/A;N/A;N/A;N/A;N/A;N/A;N/A;N/A;N/A;N/A;N/A;N/A;N/A;N/A;N/A;N/A;N/A;N/A;N/A;N/A;N/A;N/A;N/A;N/A;N/A;N/A;N/A;N/A;N/A;N/A;N/A;N/A;N/A;N/A;N/A;N/A;N/A;N/A;N/A;N/A;N/A;N/A;N/A;N/A;N/A;N/A;N/A;;0;322.3;0;0;;Disabled;TempStop;2;700;324.9;280.1;0;0;599.9;549.9;Enabled;PosOk;2;0;0;0;0;0;15;Disabled;0;0;0;0;0;0;0;0;0;0;0;0;0;0;0;0;0;0;0;0;0;0;0;0;0;0;0;0;0;0;0;0;0;0;0;0;0;0;0;0;0;0;0;0;0;0;0;0;0;0;0;0;0;0;0;0;0;0;0;0;0;0;0;0;0;0;0;0;0;0;30;31;20;45;30;29;20;45;30;31;20;45;30;29;20;45;200;141;100;300;200;139;100;300;200;140;100;300;200;139;100;300;30;30;20;45;30;29;20;45;30;30;20;45;30;29;20;45;200;144;100;300;200;143;100;300;200;235;100;300;200;237;100;300;4;2;0.4;6;4;5;0.4;6;4;2;0.4;6;4;5;0.4;6;4;2;0.4;6;4;5;0.4;6;4;3;0.4;6;4;5;0.4;6;NOK;NOK;OK;7000;7071;6500;8100;OK;4.97;0;8;12;NOK;N/A;1.5;N/A;N/A;N/A;9;11.8;7;18;OK;;0;0;0;-;Disabled;TempOk;2;230;38.2;38.4;0;0;349.9;441345100 daimler 1500 1900;441345100 daimler 1500 1900;441345100 Daimler 1500 1900
20260325_20:47:46;0;1;4;950;939.2;925;975;OK;950;950.8;925;975;OK;950.7;950.8;-20;-9.4;-50;-25;NOK;-20;-9.5;-50;-25;NOK;-12.7;-11.4;0;-20;-9.4;-50;-25;NOK;300;311;300;500;OK;0;0;N/A;N/A;N/A;N/A;N/A;N/A;N/A;N/A;N/A;N/A;N/A;N/A;N/A;N/A;N/A;N/A;N/A;N/A;N/A;N/A;N/A;N/A;N/A;N/A;N/A;N/A;N/A;N/A;N/A;N/A;N/A;N/A;N/A;N/A;N/A;N/A;N/A;N/A;N/A;N/A;N/A;N/A;N/A;N/A;N/A;N/A;N/A;N/A;N/A;N/A;N/A;N/A;N/A;N/A;N/A;N/A;N/A;N/A;N/A;N/A;N/A;N/A;N/A;N/A;N/A;N/A;N/A;N/A;N/A;N/A;N/A;N/A;N/A;N/A;N/A;N/A;N/A;N/A;N/A;N/A;N/A;N/A;N/A;N/A;N/A;N/A;N/A;N/A;N/A;N/A;N/A;N/A;N/A;N/A;N/A;N/A;N/A;N/A;;0;321.2;0;0;;Disabled;TempStop;2;700;323.5;279.8;0;0;599.9;549.9;Enabled;PosOk;2;0;0;0;0;0;15;Disabled;0;0;0;0;0;0;0;0;0;0;0;0;0;0;0;0;0;0;0;0;0;0;0;0;0;0;0;0;0;0;0;0;0;0;0;0;0;0;0;0;0;0;0;0;0;0;0;0;0;0;0;0;0;0;0;0;0;0;0;0;0;0;0;0;0;0;0;0;47;20;30;31;20;45;30;29;20;45;30;31;20;45;30;29;20;45;200;140;100;300;200;139;100;300;200;140;100;300;200;140;100;300;30;30;20;45;30;29;20;45;30;30;20;45;30;29;20;45;200;144;100;300;200;143;100;300;200;236;100;300;200;237;100;300;4;2;0.4;6;4;5;0.4;6;4;2;0.4;6;4;5;0.4;6;4;3;0.4;6;4;5;0.4;6;4;2;0.4;6;4;5;0.4;6;NOK;NOK;OK;7000;7084;6500;8100;OK;4.97;0;8;12;NOK;N/A;1.5;N/A;N/A;N/A;9;12.3;7;18;OK;;0;0;0;-;Disabled;TempOk;2;230;38.9;39.1;0;0;349.9;441345100 daimler 1500 1900;441345100 daimler 1500 1900;441345100 Daimler 1500 1900
20260325_20:48:22;0;3;1;950;940.7;925;975;OK;950;951.2;925;975;OK;951.2;951.3;-20;-14.4;-50;-25;NOK;-20;-13.8;-50;-25;NOK;-11.2;-12.4;0;-20;-14.5;-50;-25;NOK;300;311;300;500;OK;0;0;N/A;N/A;N/A;N/A;N/A;N/A;N/A;N/A;N/A;N/A;N/A;N/A;N/A;N/A;N/A;N/A;N/A;N/A;N/A;N/A;N/A;N/A;N/A;N/A;N/A;N/A;N/A;N/A;N/A;N/A;N/A;N/A;N/A;N/A;N/A;N/A;N/A;N/A;N/A;N/A;N/A;N/A;N/A;N/A;N/A;N/A;N/A;N/A;N/A;N/A;N/A;N/A;N/A;N/A;N/A;N/A;N/A;N/A;N/A;N/A;N/A;N/A;N/A;N/A;N/A;N/A;N/A;N/A;N/A;N/A;N/A;N/A;N/A;N/A;N/A;N/A;N/A;N/A;N/A;N/A;N/A;N/A;N/A;N/A;N/A;N/A;N/A;N/A;N/A;N/A;N/A;N/A;N/A;N/A;N/A;N/A;N/A;N/A;;0;320.5;0;0;;Disabled;TempStop;2;700;323;278.2;0;0;599.9;549.9;Enabled;PosOk;2;0;0;0;0;0;15;Disabled;0;0;0;0;0;0;0;0;0;0;0;0;0;0;0;0;0;0;0;0;0;0;0;0;0;0;0;0;0;0;0;0;0;0;0;0;0;0;0;0;0;0;0;0;0;0;0;0;0;0;0;0;0;0;0;0;0;0;0;0;0;0;0;0;0;0;0;0;0;0;30;31;20;45;30;30;20;45;30;31;20;45;30;30;20;45;200;141;100;300;200;139;100;300;200;140;100;300;200;139;100;300;30;31;20;45;30;30;20;45;30;30;20;45;30;30;20;45;200;144;100;300;200;143;100;300;200;236;100;300;200;236;100;300;4;2;0.4;6;4;5;0.4;6;4;2;0.4;6;4;5;0.4;6;4;3;0.4;6;4;5;0.4;6;4;3;0.4;6;4;5;0.4;6;NOK;NOK;OK;7000;7051;6500;8100;OK;4.97;0;8;12;NOK;N/A;1.5;N/A;N/A;N/A;9;11.9;7;18;OK;;0;0;0;-;Disabled;TempOk;2;230;38.4;39.7;0;0;349.9;441345100 daimler 1500 1900;441345100 daimler 1500 1900;441345100 Daimler 1500 1900
20260325_20:48:58;0;3;4;950;940.5;925;975;OK;950;951.5;925;975;OK;951.5;951.4;-20;-11.3;-50;-25;NOK;-20;-10.7;-50;-25;NOK;-12;-10.4;0;-20;-11.5;-50;-25;NOK;300;311;300;500;OK;0;0;N/A;N/A;N/A;N/A;N/A;N/A;N/A;N/A;N/A;N/A;N/A;N/A;N/A;N/A;N/A;N/A;N/A;N/A;N/A;N/A;N/A;N/A;N/A;N/A;N/A;N/A;N/A;N/A;N/A;N/A;N/A;N/A;N/A;N/A;N/A;N/A;N/A;N/A;N/A;N/A;N/A;N/A;N/A;N/A;N/A;N/A;N/A;N/A;N/A;N/A;N/A;N/A;N/A;N/A;N/A;N/A;N/A;N/A;N/A;N/A;N/A;N/A;N/A;N/A;N/A;N/A;N/A;N/A;N/A;N/A;N/A;N/A;N/A;N/A;N/A;N/A;N/A;N/A;N/A;N/A;N/A;N/A;N/A;N/A;N/A;N/A;N/A;N/A;N/A;N/A;N/A;N/A;N/A;N/A;N/A;N/A;N/A;N/A;;0;319.9;0;0;;Disabled;TempStop;2;700;322.7;277.3;0;0;599.9;549.9;Enabled;PosOk;2;0;0;0;0;0;15;Disabled;0;0;0;0;0;0;0;0;0;0;0;0;0;0;0;0;0;0;0;0;0;0;0;0;0;0;0;0;0;0;0;0;0;0;0;0;0;0;0;0;0;0;0;0;0;0;0;0;0;0;0;0;0;0;0;0;0;0;0;0;0;0;0;0;0;0;0;0;0;0;30;31;20;45;30;30;20;45;30;31;20;45;30;30;20;45;200;140;100;300;200;139;100;300;200;139;100;300;200;139;100;300;30;31;20;45;30;30;20;45;30;30;20;45;30;30;20;45;200;144;100;300;200;143;100;300;200;235;100;300;200;237;100;300;4;2;0.4;6;4;5;0.4;6;4;2;0.4;6;4;5;0.4;6;4;2;0.4;6;4;5;0.4;6;4;2;0.4;6;4;5;0.4;6;NOK;NOK;OK;7000;7065;6500;8100;OK;4.97;0;8;12;NOK;N/A;1.5;N/A;N/A;N/A;9;12.5;7;18;OK;;0;0;0;-;Disabled;TempOk;2;230;37.9;39.5;0;0;349.9;441345100 daimler 1500 1900;441345100 daimler 1500 1900;441345100 Daimler 1500 1900
20260325_20:49:34;0;3;5;950;943.4;925;975;OK;950;951.3;925;975;OK;950.9;951.3;-20;-14.9;-50;-25;NOK;-20;-14.6;-50;-25;NOK;-14.3;-14.1;0;-20;-14.8;-50;-25;NOK;300;311;300;500;OK;0;0;N/A;N/A;N/A;N/A;N/A;N/A;N/A;N/A;N/A;N/A;N/A;N/A;N/A;N/A;N/A;N/A;N/A;N/A;N/A;N/A;N/A;N/A;N/A;N/A;N/A;N/A;N/A;N/A;N/A;N/A;N/A;N/A;N/A;N/A;N/A;N/A;N/A;N/A;N/A;N/A;N/A;N/A;N/A;N/A;N/A;N/A;N/A;N/A;N/A;N/A;N/A;N/A;N/A;N/A;N/A;N/A;N/A;N/A;N/A;N/A;N/A;N/A;N/A;N/A;N/A;N/A;N/A;N/A;N/A;N/A;N/A;N/A;N/A;N/A;N/A;N/A;N/A;N/A;N/A;N/A;N/A;N/A;N/A;N/A;N/A;N/A;N/A;N/A;N/A;N/A;N/A;N/A;N/A;N/A;N/A;N/A;N/A;N/A;;0;319.3;0;0;;Disabled;TempStop;2;700;321.9;277.1;0;0;599.9;549.9;Enabled;PosOk;2;0;0;0;0;0;15;Disabled;0;0;0;0;0;0;0;0;0;0;0;0;0;0;0;0;0;0;0;0;0;0;0;0;0;0;0;0;0;0;0;0;0;0;0;0;0;0;0;0;0;0;0;0;0;0;0;0;0;0;0;0;0;0;0;0;0;0;0;0;0;0;0;0;0;0;0;0;0;0;30;31;20;45;30;30;20;45;30;32;20;45;30;30;20;45;200;141;100;300;200;139;100;300;200;140;100;300;200;140;100;300;30;31;20;45;30;30;20;45;30;31;20;45;30;30;20;45;200;144;100;300;200;144;100;300;200;236;100;300;200;237;100;300;4;2;0.4;6;4;5;0.4;6;4;2;0.4;6;4;5;0.4;6;4;2;0.4;6;4;5;0.4;6;4;2;0.4;6;4;5;0.4;6;NOK;NOK;OK;7000;7072;6500;8100;OK;4.97;0;8;12;NOK;N/A;1.5;N/A;N/A;N/A;9;11.7;7;18;OK;;0;0;0;-;Disabled;TempOk;2;230;38.7;38.7;0;0;349.9;441345100 daimler 1500 1900;441345100 daimler 1500 1900;441345100 Daimler 1500 1900
20260325_20:50:09;0;1;2;950;940.7;925;975;OK;950;951.7;925;975;OK;951.6;951.7;-20;-11.2;-50;-25;NOK;-20;-10.9;-50;-25;NOK;-10.2;-10;0;-20;-11.2;-50;-25;NOK;300;311;300;500;OK;0;0;N/A;N/A;N/A;N/A;N/A;N/A;N/A;N/A;N/A;N/A;N/A;N/A;N/A;N/A;N/A;N/A;N/A;N/A;N/A;N/A;N/A;N/A;N/A;N/A;N/A;N/A;N/A;N/A;N/A;N/A;N/A;N/A;N/A;N/A;N/A;N/A;N/A;N/A;N/A;N/A;N/A;N/A;N/A;N/A;N/A;N/A;N/A;N/A;N/A;N/A;N/A;N/A;N/A;N/A;N/A;N/A;N/A;N/A;N/A;N/A;N/A;N/A;N/A;N/A;N/A;N/A;N/A;N/A;N/A;N/A;N/A;N/A;N/A;N/A;N/A;N/A;N/A;N/A;N/A;N/A;N/A;N/A;N/A;N/A;N/A;N/A;N/A;N/A;N/A;N/A;N/A;N/A;N/A;N/A;N/A;N/A;N/A;N/A;;0;322;0;0;;Disabled;TempStop;2;700;324.5;279.6;0;0;599.9;549.9;Enabled;PosOk;2;0;0;0;0;0;15;Disabled;0;0;0;0;0;0;0;0;0;0;0;0;0;0;0;0;0;0;0;0;0;0;0;0;0;0;0;0;0;0;0;0;0;0;0;0;0;0;0;0;0;0;0;0;0;0;0;0;0;0;0;0;0;0;0;0;0;0;0;0;0;0;0;0;0;0;0;0;0;0;30;32;20;45;30;30;20;45;30;32;20;45;30;30;20;45;200;141;100;300;200;139;100;300;200;140;100;300;200;140;100;300;30;31;20;45;30;30;20;45;30;31;20;45;30;30;20;45;200;144;100;300;200;143;100;300;200;236;100;300;200;236;100;300;4;2;0.4;6;4;5;0.4;6;4;2;0.4;6;4;5;0.4;6;4;2;0.4;6;4;5;0.4;6;4;3;0.4;6;4;5;0.4;6;NOK;NOK;OK;7000;7051;6500;8100;OK;4.97;0;8;12;NOK;N/A;1.5;N/A;N/A;N/A;9;11.9;7;18;OK;;0;0;0;-;Disabled;TempOk;2;230;38.4;38.7;0;0;349.9;441345100 daimler 1500 1900;441345100 daimler 1500 1900;441345100 Daimler 1500 1900
20260325_20:50:45;0;3;2;950;940.6;925;975;OK;950;951.8;925;975;OK;951.6;951.7;-20;-12.1;-50;-25;NOK;-20;-11.7;-50;-25;NOK;-12.5;-11.5;0;-20;-12.1;-50;-25;NOK;300;311;300;500;OK;0;0;N/A;N/A;N/A;N/A;N/A;N/A;N/A;N/A;N/A;N/A;N/A;N/A;N/A;N/A;N/A;N/A;N/A;N/A;N/A;N/A;N/A;N/A;N/A;N/A;N/A;N/A;N/A;N/A;N/A;N/A;N/A;N/A;N/A;N/A;N/A;N/A;N/A;N/A;N/A;N/A;N/A;N/A;N/A;N/A;N/A;N/A;N/A;N/A;N/A;N/A;N/A;N/A;N/A;N/A;N/A;N/A;N/A;N/A;N/A;N/A;N/A;N/A;N/A;N/A;N/A;N/A;N/A;N/A;N/A;N/A;N/A;N/A;N/A;N/A;N/A;N/A;N/A;N/A;N/A;N/A;N/A;N/A;N/A;N/A;N/A;N/A;N/A;N/A;N/A;N/A;N/A;N/A;N/A;N/A;N/A;N/A;N/A;N/A;;0;319.9;0;0;;Disabled;TempStop;2;700;322.9;278.4;0;0;599.9;549.9;Enabled;PosOk;2;0;0;0;0;0;15;Disabled;0;0;0;0;0;0;0;0;0;0;0;0;0;0;0;0;0;0;0;0;0;0;0;0;0;0;0;0;0;0;0;0;0;0;0;0;0;0;0;0;0;0;0;0;0;0;0;0;0;0;0;0;0;0;0;0;0;0;0;0;0;0;0;0;0;0;0;0;0;0;30;31;20;45;30;30;20;45;30;32;20;45;30;30;20;45;200;141;100;300;200;139;100;300;200;139;100;300;200;140;100;300;30;31;20;45;30;30;20;45;30;30;20;45;30;30;20;45;200;144;100;300;200;144;100;300;200;236;100;300;200;237;100;300;4;2;0.4;6;4;5;0.4;6;4;2;0.4;6;4;5;0.4;6;4;2;0.4;6;4;5;0.4;6;4;3;0.4;6;4;5;0.4;6;NOK;NOK;OK;7000;7069;6500;8100;OK;4.97;0;8;12;NOK;N/A;1.5;N/A;N/A;N/A;9;11.8;7;18;OK;;0;0;0;-;Disabled;TempOk;2;230;37.9;38.9;0;0;349.9;441345100 daimler 1500 1900;441345100 daimler 1500 1900;441345100 Daimler 1500 1900
20260325_20:51:21;0;1;3;950;940.5;925;975;OK;950;951.8;925;975;OK;951.6;951.8;-20;-12;-50;-25;NOK;-20;-12.8;-50;-25;NOK;-13.4;-14.1;0;-20;-12;-50;-25;NOK;300;311;300;500;OK;0;0;N/A;N/A;N/A;N/A;N/A;N/A;N/A;N/A;N/A;N/A;N/A;N/A;N/A;N/A;N/A;N/A;N/A;N/A;N/A;N/A;N/A;N/A;N/A;N/A;N/A;N/A;N/A;N/A;N/A;N/A;N/A;N/A;N/A;N/A;N/A;N/A;N/A;N/A;N/A;N/A;N/A;N/A;N/A;N/A;N/A;N/A;N/A;N/A;N/A;N/A;N/A;N/A;N/A;N/A;N/A;N/A;N/A;N/A;N/A;N/A;N/A;N/A;N/A;N/A;N/A;N/A;N/A;N/A;N/A;N/A;N/A;N/A;N/A;N/A;N/A;N/A;N/A;N/A;N/A;N/A;N/A;N/A;N/A;N/A;N/A;N/A;N/A;N/A;N/A;N/A;N/A;N/A;N/A;N/A;N/A;N/A;N/A;N/A;;0;321.7;0;0;;Disabled;TempStop;2;700;324.1;280.1;0;0;599.9;549.9;Enabled;PosOk;2;0;0;0;0;0;15;Disabled;0;0;0;0;0;0;0;0;0;0;0;0;0;0;0;0;0;0;0;0;0;0;0;0;0;0;0;0;0;0;0;0;0;0;0;0;0;0;0;0;0;0;0;0;0;0;0;0;0;0;0;0;0;0;0;0;0;0;0;0;0;0;0;0;0;0;0;0;50;56;30;31;20;45;30;29;20;45;30;31;20;45;30;29;20;45;200;141;100;300;200;139;100;300;200;140;100;300;200;140;100;300;30;31;20;45;30;29;20;45;30;30;20;45;30;30;20;45;200;144;100;300;200;143;100;300;200;236;100;300;200;237;100;300;4;2;0.4;6;4;5;0.4;6;4;2;0.4;6;4;5;0.4;6;4;2;0.4;6;4;5;0.4;6;4;3;0.4;6;4;5;0.4;6;NOK;NOK;OK;7000;7076;6500;8100;OK;4.97;0;8;12;NOK;N/A;1.5;N/A;N/A;N/A;9;11.9;7;18;OK;;0;0;0;-;Disabled;TempOk;2;230;38.4;38.9;0;0;349.9;441345100 daimler 1500 1900;441345100 daimler 1500 1900;441345100 Daimler 1500 1900
20260325_20:51:57;0;3;3;950;940.6;925;975;OK;950;951.5;925;975;OK;951.6;951.6;-20;-12.9;-50;-25;NOK;-20;-12.9;-50;-25;NOK;-11;-12;0;-20;-12.8;-50;-25;NOK;300;311;300;500;OK;0;0;N/A;N/A;N/A;N/A;N/A;N/A;N/A;N/A;N/A;N/A;N/A;N/A;N/A;N/A;N/A;N/A;N/A;N/A;N/A;N/A;N/A;N/A;N/A;N/A;N/A;N/A;N/A;N/A;N/A;N/A;N/A;N/A;N/A;N/A;N/A;N/A;N/A;N/A;N/A;N/A;N/A;N/A;N/A;N/A;N/A;N/A;N/A;N/A;N/A;N/A;N/A;N/A;N/A;N/A;N/A;N/A;N/A;N/A;N/A;N/A;N/A;N/A;N/A;N/A;N/A;N/A;N/A;N/A;N/A;N/A;N/A;N/A;N/A;N/A;N/A;N/A;N/A;N/A;N/A;N/A;N/A;N/A;N/A;N/A;N/A;N/A;N/A;N/A;N/A;N/A;N/A;N/A;N/A;N/A;N/A;N/A;N/A;N/A;;0;320.4;0;0;;Disabled;TempStop;2;700;322.9;279.1;0;0;599.9;549.9;Enabled;PosOk;2;0;0;0;0;0;15;Disabled;0;0;0;0;0;0;0;0;0;0;0;0;0;0;0;0;0;0;0;0;0;0;0;0;0;0;0;0;0;0;0;0;0;0;0;0;0;0;0;0;0;0;0;0;0;0;0;0;0;0;0;0;0;0;0;0;0;0;0;0;0;0;0;0;0;0;0;0;0;0;30;31;20;45;30;30;20;45;30;31;20;45;30;30;20;45;200;141;100;300;200;139;100;300;200;140;100;300;200;139;100;300;30;31;20;45;30;30;20;45;30;30;20;45;30;30;20;45;200;145;100;300;200;143;100;300;200;236;100;300;200;237;100;300;4;2;0.4;6;4;5;0.4;6;4;2;0.4;6;4;5;0.4;6;4;2;0.4;6;4;5;0.4;6;4;2;0.4;6;4;5;0.4;6;NOK;NOK;OK;7000;7074;6500;8100;OK;4.97;0;8;12;NOK;N/A;1.5;N/A;N/A;N/A;9;11.7;7;18;OK;;0;0;0;-;Disabled;TempOk;2;230;38.2;38.9;0;0;349.9;441345100 daimler 1500 1900;441345100 daimler 1500 1900;441345100 Daimler 1500 1900
20260325_20:52:33;0;1;1;950;940.4;925;975;OK;950;951.1;925;975;OK;951.1;950.9;-20;-15;-50;-25;NOK;-20;-14.9;-50;-25;NOK;-14.2;-14.4;0;-20;-15.1;-50;-25;NOK;300;311;300;500;OK;0;0;N/A;N/A;N/A;N/A;N/A;N/A;N/A;N/A;N/A;N/A;N/A;N/A;N/A;N/A;N/A;N/A;N/A;N/A;N/A;N/A;N/A;N/A;N/A;N/A;N/A;N/A;N/A;N/A;N/A;N/A;N/A;N/A;N/A;N/A;N/A;N/A;N/A;N/A;N/A;N/A;N/A;N/A;N/A;N/A;N/A;N/A;N/A;N/A;N/A;N/A;N/A;N/A;N/A;N/A;N/A;N/A;N/A;N/A;N/A;N/A;N/A;N/A;N/A;N/A;N/A;N/A;N/A;N/A;N/A;N/A;N/A;N/A;N/A;N/A;N/A;N/A;N/A;N/A;N/A;N/A;N/A;N/A;N/A;N/A;N/A;N/A;N/A;N/A;N/A;N/A;N/A;N/A;N/A;N/A;N/A;N/A;N/A;N/A;;0;322.5;0;0;;Disabled;TempStop;2;700;325;280.1;0;0;599.9;549.9;Enabled;PosOk;2;0;0;0;0;0;15;Disabled;0;0;0;0;0;0;0;0;0;0;0;0;0;0;0;0;0;0;0;0;0;0;0;0;0;0;0;0;0;0;0;0;0;0;0;0;0;0;0;0;0;0;0;0;0;0;0;0;0;0;0;0;0;0;0;0;0;0;0;0;0;0;0;0;0;0;0;0;0;0;30;31;20;45;30;30;20;45;30;31;20;45;30;30;20;45;200;141;100;300;200;139;100;300;200;139;100;300;200;139;100;300;30;31;20;45;30;30;20;45;30;30;20;45;30;30;20;45;200;144;100;300;200;143;100;300;200;235;100;300;200;236;100;300;4;2;0.4;6;4;5;0.4;6;4;2;0.4;6;4;5;0.4;6;4;2;0.4;6;4;5;0.4;6;4;2;0.4;6;4;5;0.4;6;NOK;NOK;OK;7000;7070;6500;8100;OK;4.96;0;8;12;NOK;N/A;1.5;N/A;N/A;N/A;9;11.9;7;18;OK;;0;0;0;-;Disabled;TempOk;2;230;37.7;38.2;0;0;349.9;441345100 daimler 1500 1900;441345100 daimler 1500 1900;441345100 Daimler 1500 1900
20260325_20:53:09;0;1;4;950;939.9;925;975;OK;950;950.8;925;975;OK;950.7;950.8;-20;-9.4;-50;-25;NOK;-20;-9.5;-50;-25;NOK;-12.8;-11.4;0;-20;-9.4;-50;-25;NOK;300;311;300;500;OK;0;0;N/A;N/A;N/A;N/A;N/A;N/A;N/A;N/A;N/A;N/A;N/A;N/A;N/A;N/A;N/A;N/A;N/A;N/A;N/A;N/A;N/A;N/A;N/A;N/A;N/A;N/A;N/A;N/A;N/A;N/A;N/A;N/A;N/A;N/A;N/A;N/A;N/A;N/A;N/A;N/A;N/A;N/A;N/A;N/A;N/A;N/A;N/A;N/A;N/A;N/A;N/A;N/A;N/A;N/A;N/A;N/A;N/A;N/A;N/A;N/A;N/A;N/A;N/A;N/A;N/A;N/A;N/A;N/A;N/A;N/A;N/A;N/A;N/A;N/A;N/A;N/A;N/A;N/A;N/A;N/A;N/A;N/A;N/A;N/A;N/A;N/A;N/A;N/A;N/A;N/A;N/A;N/A;N/A;N/A;N/A;N/A;N/A;N/A;;0;321.8;0;0;;Disabled;TempStop;2;700;324.5;279.2;0;0;599.9;549.9;Enabled;PosOk;2;0;0;0;0;0;15;Disabled;0;0;0;0;0;0;0;0;0;0;0;0;0;0;0;0;0;0;0;0;0;0;0;0;0;0;0;0;0;0;0;0;0;0;0;0;0;0;0;0;0;0;0;0;0;0;0;0;0;0;0;0;0;0;0;0;0;0;0;0;0;0;0;0;0;0;0;0;52;44;30;31;20;45;30;30;20;45;30;32;20;45;30;30;20;45;200;140;100;300;200;139;100;300;200;140;100;300;200;140;100;300;30;31;20;45;30;30;20;45;30;31;20;45;30;30;20;45;200;145;100;300;200;143;100;300;200;235;100;300;200;236;100;300;4;2;0.4;6;4;5;0.4;6;4;2;0.4;6;4;5;0.4;6;4;2;0.4;6;4;5;0.4;6;4;2;0.4;6;4;5;0.4;6;NOK;NOK;OK;7000;7094;6500;8100;OK;4.97;0;8;12;NOK;N/A;1.5;N/A;N/A;N/A;9;12.2;7;18;OK;;0;0;0;-;Disabled;TempOk;2;230;38.4;38.2;0;0;349.9;441345100 daimler 1500 1900;441345100 daimler 1500 1900;441345100 Daimler 1500 1900
20260325_20:53:45;0;3;1;950;940.7;925;975;OK;950;951.3;925;975;OK;951.1;951.4;-20;-14.2;-50;-25;NOK;-20;-13.7;-50;-25;NOK;-11.3;-12.3;0;-20;-14.3;-50;-25;NOK;300;311;300;500;OK;0;0;N/A;N/A;N/A;N/A;N/A;N/A;N/A;N/A;N/A;N/A;N/A;N/A;N/A;N/A;N/A;N/A;N/A;N/A;N/A;N/A;N/A;N/A;N/A;N/A;N/A;N/A;N/A;N/A;N/A;N/A;N/A;N/A;N/A;N/A;N/A;N/A;N/A;N/A;N/A;N/A;N/A;N/A;N/A;N/A;N/A;N/A;N/A;N/A;N/A;N/A;N/A;N/A;N/A;N/A;N/A;N/A;N/A;N/A;N/A;N/A;N/A;N/A;N/A;N/A;N/A;N/A;N/A;N/A;N/A;N/A;N/A;N/A;N/A;N/A;N/A;N/A;N/A;N/A;N/A;N/A;N/A;N/A;N/A;N/A;N/A;N/A;N/A;N/A;N/A;N/A;N/A;N/A;N/A;N/A;N/A;N/A;N/A;N/A;;0;320.1;0;0;;Disabled;TempStop;2;700;322.6;277.7;0;0;599.9;549.9;Enabled;PosOk;2;0;0;0;0;0;15;Disabled;0;0;0;0;0;0;0;0;0;0;0;0;0;0;0;0;0;0;0;0;0;0;0;0;0;0;0;0;0;0;0;0;0;0;0;0;0;0;0;0;0;0;0;0;0;0;0;0;0;0;0;0;0;0;0;0;0;0;0;0;0;0;0;0;0;0;0;0;0;0;30;31;20;45;30;30;20;45;30;32;20;45;30;30;20;45;200;141;100;300;200;139;100;300;200;140;100;300;200;139;100;300;30;31;20;45;30;30;20;45;30;31;20;45;30;30;20;45;200;144;100;300;200;143;100;300;200;235;100;300;200;237;100;300;4;2;0.4;6;4;5;0.4;6;4;2;0.4;6;4;5;0.4;6;4;2;0.4;6;4;5;0.4;6;4;3;0.4;6;4;5;0.4;6;NOK;NOK;OK;7000;7061;6500;8100;OK;4.97;0;8;12;NOK;N/A;1.5;N/A;N/A;N/A;9;11.9;7;18;OK;;0;0;0;-;Disabled;TempOk;2;230;38.2;38.7;0;0;349.9;441345100 daimler 1500 1900;441345100 daimler 1500 1900;441345100 Daimler 1500 1900
20260325_20:54:21;0;3;4;950;940.3;925;975;OK;950;951.5;925;975;OK;951.4;951.5;-20;-11.1;-50;-25;NOK;-20;-10.7;-50;-25;NOK;-11.8;-10.3;0;-20;-11.3;-50;-25;NOK;300;311;300;500;OK;0;0;N/A;N/A;N/A;N/A;N/A;N/A;N/A;N/A;N/A;N/A;N/A;N/A;N/A;N/A;N/A;N/A;N/A;N/A;N/A;N/A;N/A;N/A;N/A;N/A;N/A;N/A;N/A;N/A;N/A;N/A;N/A;N/A;N/A;N/A;N/A;N/A;N/A;N/A;N/A;N/A;N/A;N/A;N/A;N/A;N/A;N/A;N/A;N/A;N/A;N/A;N/A;N/A;N/A;N/A;N/A;N/A;N/A;N/A;N/A;N/A;N/A;N/A;N/A;N/A;N/A;N/A;N/A;N/A;N/A;N/A;N/A;N/A;N/A;N/A;N/A;N/A;N/A;N/A;N/A;N/A;N/A;N/A;N/A;N/A;N/A;N/A;N/A;N/A;N/A;N/A;N/A;N/A;N/A;N/A;N/A;N/A;N/A;N/A;;0;319.8;0;0;;Disabled;TempStop;2;700;322.3;277;0;0;599.9;549.9;Enabled;PosOk;2;0;0;0;0;0;15;Disabled;0;0;0;0;0;0;0;0;0;0;0;0;0;0;0;0;0;0;0;0;0;0;0;0;0;0;0;0;0;0;0;0;0;0;0;0;0;0;0;0;0;0;0;0;0;0;0;0;0;0;0;0;0;0;0;0;0;0;0;0;0;0;0;0;0;0;0;0;0;0;30;32;20;45;30;29;20;45;30;32;20;45;30;29;20;45;200;141;100;300;200;139;100;300;200;140;100;300;200;140;100;300;30;31;20;45;30;29;20;45;30;30;20;45;30;29;20;45;200;145;100;300;200;143;100;300;200;235;100;300;200;236;100;300;4;2;0.4;6;4;5;0.4;6;4;2;0.4;6;4;5;0.4;6;4;2;0.4;6;4;5;0.4;6;4;2;0.4;6;4;5;0.4;6;NOK;NOK;OK;7000;7083;6500;8100;OK;4.97;0;8;12;NOK;N/A;1.5;N/A;N/A;N/A;9;12.3;7;18;OK;;0;0;0;-;Disabled;TempOk;2;230;38.2;38.2;0;0;349.9;441345100 daimler 1500 1900;441345100 daimler 1500 1900;441345100 Daimler 1500 1900
20260325_20:54:57;0;3;5;950;943.6;925;975;OK;950;951.2;925;975;OK;951.2;951.2;-20;-14.6;-50;-25;NOK;-20;-14.7;-50;-25;NOK;-14.1;-14;0;-20;-14.6;-50;-25;NOK;300;311;300;500;OK;0;0;N/A;N/A;N/A;N/A;N/A;N/A;N/A;N/A;N/A;N/A;N/A;N/A;N/A;N/A;N/A;N/A;N/A;N/A;N/A;N/A;N/A;N/A;N/A;N/A;N/A;N/A;N/A;N/A;N/A;N/A;N/A;N/A;N/A;N/A;N/A;N/A;N/A;N/A;N/A;N/A;N/A;N/A;N/A;N/A;N/A;N/A;N/A;N/A;N/A;N/A;N/A;N/A;N/A;N/A;N/A;N/A;N/A;N/A;N/A;N/A;N/A;N/A;N/A;N/A;N/A;N/A;N/A;N/A;N/A;N/A;N/A;N/A;N/A;N/A;N/A;N/A;N/A;N/A;N/A;N/A;N/A;N/A;N/A;N/A;N/A;N/A;N/A;N/A;N/A;N/A;N/A;N/A;N/A;N/A;N/A;N/A;N/A;N/A;;0;320;0;0;;Disabled;TempStop;2;700;322.3;279;0;0;599.9;549.9;Enabled;PosOk;2;0;0;0;0;0;15;Disabled;0;0;0;0;0;0;0;0;0;0;0;0;0;0;0;0;0;0;0;0;0;0;0;0;0;0;0;0;0;0;0;0;0;0;0;0;0;0;0;0;0;0;0;0;0;0;0;0;0;0;0;0;0;0;0;0;0;0;0;0;0;0;0;0;0;0;0;0;0;0;30;31;20;45;30;29;20;45;30;31;20;45;30;29;20;45;200;141;100;300;200;139;100;300;200;140;100;300;200;139;100;300;30;30;20;45;30;29;20;45;30;30;20;45;30;29;20;45;200;145;100;300;200;143;100;300;200;235;100;300;200;236;100;300;4;2;0.4;6;4;5;0.4;6;4;2;0.4;6;4;5;0.4;6;4;2;0.4;6;4;5;0.4;6;4;2;0.4;6;4;5;0.4;6;NOK;NOK;OK;7000;7061;6500;8100;OK;4.97;0;8;12;NOK;N/A;1.5;N/A;N/A;N/A;9;11.8;7;18;OK;;0;0;0;-;Disabled;TempOk;2;230;38.2;39.1;0;0;349.9;441345100 daimler 1500 1900;441345100 daimler 1500 1900;441345100 Daimler 1500 1900
20260325_20:55:33;0;1;2;950;941.1;925;975;OK;950;951.8;925;975;OK;951.7;951.6;-20;-11.2;-50;-25;NOK;-20;-10.9;-50;-25;NOK;-10.2;-10;0;-20;-11.3;-50;-25;NOK;300;311;300;500;OK;0;0;N/A;N/A;N/A;N/A;N/A;N/A;N/A;N/A;N/A;N/A;N/A;N/A;N/A;N/A;N/A;N/A;N/A;N/A;N/A;N/A;N/A;N/A;N/A;N/A;N/A;N/A;N/A;N/A;N/A;N/A;N/A;N/A;N/A;N/A;N/A;N/A;N/A;N/A;N/A;N/A;N/A;N/A;N/A;N/A;N/A;N/A;N/A;N/A;N/A;N/A;N/A;N/A;N/A;N/A;N/A;N/A;N/A;N/A;N/A;N/A;N/A;N/A;N/A;N/A;N/A;N/A;N/A;N/A;N/A;N/A;N/A;N/A;N/A;N/A;N/A;N/A;N/A;N/A;N/A;N/A;N/A;N/A;N/A;N/A;N/A;N/A;N/A;N/A;N/A;N/A;N/A;N/A;N/A;N/A;N/A;N/A;N/A;N/A;;0;321.5;0;0;;Disabled;TempStop;2;700;324.1;279.6;0;0;599.9;549.9;Enabled;PosOk;2;0;0;0;0;0;15;Disabled;0;0;0;0;0;0;0;0;0;0;0;0;0;0;0;0;0;0;0;0;0;0;0;0;0;0;0;0;0;0;0;0;0;0;0;0;0;0;0;0;0;0;0;0;0;0;0;0;0;0;0;0;0;0;0;0;0;0;0;0;0;0;0;0;0;0;0;0;0;0;30;31;20;45;30;29;20;45;30;31;20;45;30;29;20;45;200;141;100;300;200;139;100;300;200;140;100;300;200;139;100;300;30;30;20;45;30;29;20;45;30;30;20;45;30;30;20;45;200;144;100;300;200;143;100;300;200;235;100;300;200;237;100;300;4;2;0.4;6;4;5;0.4;6;4;2;0.4;6;4;5;0.4;6;4;2;0.4;6;4;5;0.4;6;4;3;0.4;6;4;5;0.4;6;NOK;NOK;OK;7000;7073;6500;8100;OK;4.97;0;8;12;NOK;N/A;1.5;N/A;N/A;N/A;9;11.9;7;18;OK;;0;0;0;-;Disabled;TempOk;2;230;37.9;38.7;0;0;349.9;441345100 daimler 1500 1900;441345100 daimler 1500 1900;441345100 Daimler 1500 1900
20260325_20:56:09;0;3;2;950;940.2;925;975;OK;950;951.8;925;975;OK;951.8;951.7;-20;-12.1;-50;-25;NOK;-20;-11.6;-50;-25;NOK;-12.3;-11.4;0;-20;-12.1;-50;-25;NOK;300;311;300;500;OK;0;0;N/A;N/A;N/A;N/A;N/A;N/A;N/A;N/A;N/A;N/A;N/A;N/A;N/A;N/A;N/A;N/A;N/A;N/A;N/A;N/A;N/A;N/A;N/A;N/A;N/A;N/A;N/A;N/A;N/A;N/A;N/A;N/A;N/A;N/A;N/A;N/A;N/A;N/A;N/A;N/A;N/A;N/A;N/A;N/A;N/A;N/A;N/A;N/A;N/A;N/A;N/A;N/A;N/A;N/A;N/A;N/A;N/A;N/A;N/A;N/A;N/A;N/A;N/A;N/A;N/A;N/A;N/A;N/A;N/A;N/A;N/A;N/A;N/A;N/A;N/A;N/A;N/A;N/A;N/A;N/A;N/A;N/A;N/A;N/A;N/A;N/A;N/A;N/A;N/A;N/A;N/A;N/A;N/A;N/A;N/A;N/A;N/A;N/A;;0;319.2;0;0;;Disabled;TempStop;2;700;321.9;277.6;0;0;599.9;549.9;Enabled;PosOk;2;0;0;0;0;0;15;Disabled;0;0;0;0;0;0;0;0;0;0;0;0;0;0;0;0;0;0;0;0;0;0;0;0;0;0;0;0;0;0;0;0;0;0;0;0;0;0;0;0;0;0;0;0;0;0;0;0;0;0;0;0;0;0;0;0;0;0;0;0;0;0;0;0;0;0;0;0;0;0;30;31;20;45;30;30;20;45;30;31;20;45;30;30;20;45;200;141;100;300;200;139;100;300;200;139;100;300;200;140;100;300;30;31;20;45;30;30;20;45;30;30;20;45;30;30;20;45;200;144;100;300;200;143;100;300;200;235;100;300;200;237;100;300;4;2;0.4;6;4;5;0.4;6;4;2;0.4;6;4;5;0.4;6;4;2;0.4;6;4;5;0.4;6;4;2;0.4;6;4;5;0.4;6;NOK;NOK;OK;7000;7049;6500;8100;OK;4.97;0;8;12;NOK;N/A;1.5;N/A;N/A;N/A;9;11.9;7;18;OK;;0;0;0;-;Disabled;TempOk;2;230;37.7;38.2;0;0;349.9;441345100 daimler 1500 1900;441345100 daimler 1500 1900;441345100 Daimler 1500 1900
20260325_20:56:45;0;1;3;950;941.4;925;975;OK;950;951.7;925;975;OK;951.6;951.8;-20;-12.2;-50;-25;NOK;-20;-12.6;-50;-25;NOK;-13.4;-14;0;-20;-12.1;-50;-25;NOK;300;311;300;500;OK;0;0;N/A;N/A;N/A;N/A;N/A;N/A;N/A;N/A;N/A;N/A;N/A;N/A;N/A;N/A;N/A;N/A;N/A;N/A;N/A;N/A;N/A;N/A;N/A;N/A;N/A;N/A;N/A;N/A;N/A;N/A;N/A;N/A;N/A;N/A;N/A;N/A;N/A;N/A;N/A;N/A;N/A;N/A;N/A;N/A;N/A;N/A;N/A;N/A;N/A;N/A;N/A;N/A;N/A;N/A;N/A;N/A;N/A;N/A;N/A;N/A;N/A;N/A;N/A;N/A;N/A;N/A;N/A;N/A;N/A;N/A;N/A;N/A;N/A;N/A;N/A;N/A;N/A;N/A;N/A;N/A;N/A;N/A;N/A;N/A;N/A;N/A;N/A;N/A;N/A;N/A;N/A;N/A;N/A;N/A;N/A;N/A;N/A;N/A;;0;321.9;0;0;;Disabled;TempStop;2;700;324.4;279;0;0;599.9;549.9;Enabled;PosOk;2;0;0;0;0;0;15;Disabled;0;0;0;0;0;0;0;0;0;0;0;0;0;0;0;0;0;0;0;0;0;0;0;0;0;0;0;0;0;0;0;0;0;0;0;0;0;0;0;0;0;0;0;0;0;0;0;0;0;0;0;0;0;0;0;0;0;0;0;0;0;0;0;0;0;0;0;0;56;19;30;31;20;45;30;30;20;45;30;31;20;45;30;30;20;45;200;141;100;300;200;139;100;300;200;139;100;300;200;139;100;300;30;31;20;45;30;30;20;45;30;31;20;45;30;30;20;45;200;144;100;300;200;144;100;300;200;235;100;300;200;237;100;300;4;2;0.4;6;4;5;0.4;6;4;2;0.4;6;4;5;0.4;6;4;2;0.4;6;4;5;0.4;6;4;2;0.4;6;4;5;0.4;6;NOK;NOK;OK;7000;7077;6500;8100;OK;4.97;0;8;12;NOK;N/A;1.5;N/A;N/A;N/A;9;12.4;7;18;OK;;0;0;0;-;Disabled;TempOk;2;230;37.9;37.9;0;0;349.9;441345100 daimler 1500 1900;441345100 daimler 1500 1900;441345100 Daimler 1500 1900
20260325_20:57:21;0;3;3;950;940.6;925;975;OK;950;951.6;925;975;OK;951.7;951.6;-20;-12.8;-50;-25;NOK;-20;-12.8;-50;-25;NOK;-10.9;-11.9;0;-20;-12.8;-50;-25;NOK;300;311;300;500;OK;0;0;N/A;N/A;N/A;N/A;N/A;N/A;N/A;N/A;N/A;N/A;N/A;N/A;N/A;N/A;N/A;N/A;N/A;N/A;N/A;N/A;N/A;N/A;N/A;N/A;N/A;N/A;N/A;N/A;N/A;N/A;N/A;N/A;N/A;N/A;N/A;N/A;N/A;N/A;N/A;N/A;N/A;N/A;N/A;N/A;N/A;N/A;N/A;N/A;N/A;N/A;N/A;N/A;N/A;N/A;N/A;N/A;N/A;N/A;N/A;N/A;N/A;N/A;N/A;N/A;N/A;N/A;N/A;N/A;N/A;N/A;N/A;N/A;N/A;N/A;N/A;N/A;N/A;N/A;N/A;N/A;N/A;N/A;N/A;N/A;N/A;N/A;N/A;N/A;N/A;N/A;N/A;N/A;N/A;N/A;N/A;N/A;N/A;N/A;;0;320.6;0;0;;Disabled;TempStop;2;700;323.3;278.4;0;0;599.9;549.9;Enabled;PosOk;2;0;0;0;0;0;15;Disabled;0;0;0;0;0;0;0;0;0;0;0;0;0;0;0;0;0;0;0;0;0;0;0;0;0;0;0;0;0;0;0;0;0;0;0;0;0;0;0;0;0;0;0;0;0;0;0;0;0;0;0;0;0;0;0;0;0;0;0;0;0;0;0;0;0;0;0;0;0;0;30;31;20;45;30;30;20;45;30;32;20;45;30;30;20;45;200;141;100;300;200;139;100;300;200;140;100;300;200;140;100;300;30;31;20;45;30;30;20;45;30;31;20;45;30;30;20;45;200;145;100;300;200;143;100;300;200;235;100;300;200;236;100;300;4;2;0.4;6;4;5;0.4;6;4;2;0.4;6;4;5;0.4;6;4;2;0.4;6;4;5;0.4;6;4;2;0.4;6;4;5;0.4;6;NOK;NOK;OK;7000;7085;6500;8100;OK;4.97;0;8;12;NOK;N/A;1.5;N/A;N/A;N/A;9;11.8;7;18;OK;;0;0;0;-;Disabled;TempOk;2;230;38.7;39.5;0;0;349.9;441345100 daimler 1500 1900;441345100 daimler 1500 1900;441345100 Daimler 1500 1900
20260325_20:57:57;0;1;1;950;940.7;925;975;OK;950;951.2;925;975;OK;951.1;950.9;-20;-15;-50;-25;NOK;-20;-14.6;-50;-25;NOK;-14.1;-14.2;0;-20;-15;-50;-25;NOK;300;311;300;500;OK;0;0;N/A;N/A;N/A;N/A;N/A;N/A;N/A;N/A;N/A;N/A;N/A;N/A;N/A;N/A;N/A;N/A;N/A;N/A;N/A;N/A;N/A;N/A;N/A;N/A;N/A;N/A;N/A;N/A;N/A;N/A;N/A;N/A;N/A;N/A;N/A;N/A;N/A;N/A;N/A;N/A;N/A;N/A;N/A;N/A;N/A;N/A;N/A;N/A;N/A;N/A;N/A;N/A;N/A;N/A;N/A;N/A;N/A;N/A;N/A;N/A;N/A;N/A;N/A;N/A;N/A;N/A;N/A;N/A;N/A;N/A;N/A;N/A;N/A;N/A;N/A;N/A;N/A;N/A;N/A;N/A;N/A;N/A;N/A;N/A;N/A;N/A;N/A;N/A;N/A;N/A;N/A;N/A;N/A;N/A;N/A;N/A;N/A;N/A;;0;322.3;0;0;;Disabled;TempStop;2;700;325;280.1;0;0;599.9;549.9;Enabled;PosOk;2;0;0;0;0;0;15;Disabled;0;0;0;0;0;0;0;0;0;0;0;0;0;0;0;0;0;0;0;0;0;0;0;0;0;0;0;0;0;0;0;0;0;0;0;0;0;0;0;0;0;0;0;0;0;0;0;0;0;0;0;0;0;0;0;0;0;0;0;0;0;0;0;0;0;0;0;0;0;0;30;31;20;45;30;30;20;45;30;32;20;45;30;30;20;45;200;141;100;300;200;139;100;300;200;140;100;300;200;140;100;300;30;31;20;45;30;30;20;45;30;31;20;45;30;30;20;45;200;145;100;300;200;144;100;300;200;235;100;300;200;237;100;300;4;2;0.4;6;4;5;0.4;6;4;2;0.4;6;4;5;0.4;6;4;2;0.4;6;4;5;0.4;6;4;2;0.4;6;4;5;0.4;6;NOK;NOK;OK;7000;7062;6500;8100;OK;4.96;0;8;12;NOK;N/A;1.5;N/A;N/A;N/A;9;11.9;7;18;OK;;0;0;0;-;Disabled;TempOk;2;230;38.4;38.7;0;0;349.9;441345100 daimler 1500 1900;441345100 daimler 1500 1900;441345100 Daimler 1500 1900
20260325_20:58:33;0;1;4;950;939.7;925;975;OK;950;950.9;925;975;OK;950.7;950.8;-20;-9.5;-50;-25;NOK;-20;-9.2;-50;-25;NOK;-12.6;-11.1;0;-20;-9.5;-50;-25;NOK;300;311;300;500;OK;0;0;N/A;N/A;N/A;N/A;N/A;N/A;N/A;N/A;N/A;N/A;N/A;N/A;N/A;N/A;N/A;N/A;N/A;N/A;N/A;N/A;N/A;N/A;N/A;N/A;N/A;N/A;N/A;N/A;N/A;N/A;N/A;N/A;N/A;N/A;N/A;N/A;N/A;N/A;N/A;N/A;N/A;N/A;N/A;N/A;N/A;N/A;N/A;N/A;N/A;N/A;N/A;N/A;N/A;N/A;N/A;N/A;N/A;N/A;N/A;N/A;N/A;N/A;N/A;N/A;N/A;N/A;N/A;N/A;N/A;N/A;N/A;N/A;N/A;N/A;N/A;N/A;N/A;N/A;N/A;N/A;N/A;N/A;N/A;N/A;N/A;N/A;N/A;N/A;N/A;N/A;N/A;N/A;N/A;N/A;N/A;N/A;N/A;N/A;;0;321.3;0;0;;Disabled;TempStop;2;700;323.9;279.4;0;0;599.9;549.9;Enabled;PosOk;2;0;0;0;0;0;15;Disabled;0;0;0;0;0;0;0;0;0;0;0;0;0;0;0;0;0;0;0;0;0;0;0;0;0;0;0;0;0;0;0;0;0;0;0;0;0;0;0;0;0;0;0;0;0;0;0;0;0;0;0;0;0;0;0;0;0;0;0;0;0;0;0;0;0;0;0;0;58;7;30;31;20;45;30;29;20;45;30;32;20;45;30;29;20;45;200;141;100;300;200;139;100;300;200;140;100;300;200;139;100;300;30;31;20;45;30;29;20;45;30;30;20;45;30;29;20;45;200;145;100;300;200;143;100;300;200;235;100;300;200;236;100;300;4;2;0.4;6;4;5;0.4;6;4;2;0.4;6;4;5;0.4;6;4;2;0.4;6;4;5;0.4;6;4;3;0.4;6;4;5;0.4;6;NOK;NOK;OK;7000;7050;6500;8100;OK;4.97;0;8;12;NOK;N/A;1.51;N/A;N/A;N/A;9;11.7;7;18;OK;;0;0;0;-;Disabled;TempOk;2;230;38.7;38.2;0;0;349.9;441345100 daimler 1500 1900;441345100 daimler 1500 1900;441345100 Daimler 1500 1900
20260325_20:59:09;0;3;1;950;940.7;925;975;OK;950;951.3;925;975;OK;951.3;951.4;-20;-14.1;-50;-25;NOK;-20;-13.4;-50;-25;NOK;-11;-12;0;-20;-14.2;-50;-25;NOK;300;311;300;500;OK;0;0;N/A;N/A;N/A;N/A;N/A;N/A;N/A;N/A;N/A;N/A;N/A;N/A;N/A;N/A;N/A;N/A;N/A;N/A;N/A;N/A;N/A;N/A;N/A;N/A;N/A;N/A;N/A;N/A;N/A;N/A;N/A;N/A;N/A;N/A;N/A;N/A;N/A;N/A;N/A;N/A;N/A;N/A;N/A;N/A;N/A;N/A;N/A;N/A;N/A;N/A;N/A;N/A;N/A;N/A;N/A;N/A;N/A;N/A;N/A;N/A;N/A;N/A;N/A;N/A;N/A;N/A;N/A;N/A;N/A;N/A;N/A;N/A;N/A;N/A;N/A;N/A;N/A;N/A;N/A;N/A;N/A;N/A;N/A;N/A;N/A;N/A;N/A;N/A;N/A;N/A;N/A;N/A;N/A;N/A;N/A;N/A;N/A;N/A;;0;321;0;0;;Disabled;TempStop;2;700;323.6;279.1;0;0;599.9;549.9;Enabled;PosOk;2;0;0;0;0;0;15;Disabled;0;0;0;0;0;0;0;0;0;0;0;0;0;0;0;0;0;0;0;0;0;0;0;0;0;0;0;0;0;0;0;0;0;0;0;0;0;0;0;0;0;0;0;0;0;0;0;0;0;0;0;0;0;0;0;0;0;0;0;0;0;0;0;0;0;0;0;0;0;0;30;31;20;45;30;29;20;45;30;31;20;45;30;29;20;45;200;141;100;300;200;139;100;300;200;140;100;300;200;140;100;300;30;30;20;45;30;29;20;45;30;30;20;45;30;29;20;45;200;144;100;300;200;143;100;300;200;235;100;300;200;235;100;300;4;2;0.4;6;4;5;0.4;6;4;2;0.4;6;4;5;0.4;6;4;2;0.4;6;4;5;0.4;6;4;3;0.4;6;4;5;0.4;6;NOK;NOK;OK;7000;7070;6500;8100;OK;4.97;0;8;12;NOK;N/A;1.5;N/A;N/A;N/A;9;12;7;18;OK;;0;0;0;-;Disabled;TempOk;2;230;38.2;39.3;0;0;349.9;441345100 daimler 1500 1900;441345100 daimler 1500 1900;441345100 Daimler 1500 1900
20260325_20:59:45;0;3;4;950;940.5;925;975;OK;950;951.6;925;975;OK;951.6;951.5;-20;-11.1;-50;-25;NOK;-20;-10.5;-50;-25;NOK;-11.4;-10;0;-20;-11.2;-50;-25;NOK;300;311;300;500;OK;0;0;N/A;N/A;N/A;N/A;N/A;N/A;N/A;N/A;N/A;N/A;N/A;N/A;N/A;N/A;N/A;N/A;N/A;N/A;N/A;N/A;N/A;N/A;N/A;N/A;N/A;N/A;N/A;N/A;N/A;N/A;N/A;N/A;N/A;N/A;N/A;N/A;N/A;N/A;N/A;N/A;N/A;N/A;N/A;N/A;N/A;N/A;N/A;N/A;N/A;N/A;N/A;N/A;N/A;N/A;N/A;N/A;N/A;N/A;N/A;N/A;N/A;N/A;N/A;N/A;N/A;N/A;N/A;N/A;N/A;N/A;N/A;N/A;N/A;N/A;N/A;N/A;N/A;N/A;N/A;N/A;N/A;N/A;N/A;N/A;N/A;N/A;N/A;N/A;N/A;N/A;N/A;N/A;N/A;N/A;N/A;N/A;N/A;N/A;;0;320.3;0;0;;Disabled;TempStop;2;700;322.7;279.2;0;0;599.9;549.9;Enabled;PosOk;2;0;0;0;0;0;15;Disabled;0;0;0;0;0;0;0;0;0;0;0;0;0;0;0;0;0;0;0;0;0;0;0;0;0;0;0;0;0;0;0;0;0;0;0;0;0;0;0;0;0;0;0;0;0;0;0;0;0;0;0;0;0;0;0;0;0;0;0;0;0;0;0;0;0;0;0;0;0;0;30;30;20;45;30;29;20;45;30;31;20;45;30;29;20;45;200;141;100;300;200;139;100;300;200;140;100;300;200;139;100;300;30;30;20;45;30;29;20;45;30;30;20;45;30;29;20;45;200;144;100;300;200;143;100;300;200;235;100;300;200;236;100;300;4;2;0.4;6;4;5;0.4;6;4;2;0.4;6;4;5;0.4;6;4;2;0.4;6;4;5;0.4;6;4;2;0.4;6;4;5;0.4;6;NOK;NOK;OK;7000;7053;6500;8100;OK;4.97;0;8;12;NOK;N/A;1.5;N/A;N/A;N/A;9;11.7;7;18;OK;;0;0;0;-;Disabled;TempOk;2;230;38.9;39.1;0;0;349.9;441345100 daimler 1500 1900;441345100 daimler 1500 1900;441345100 Daimler 1500 1900
20260325_21:00:20;0;3;5;950;942.7;925;975;OK;950;951.2;925;975;OK;951.2;951.2;-20;-14.7;-50;-25;NOK;-20;-14.4;-50;-25;NOK;-13.9;-13.9;0;-20;-14.6;-50;-25;NOK;300;311;300;500;OK;0;0;N/A;N/A;N/A;N/A;N/A;N/A;N/A;N/A;N/A;N/A;N/A;N/A;N/A;N/A;N/A;N/A;N/A;N/A;N/A;N/A;N/A;N/A;N/A;N/A;N/A;N/A;N/A;N/A;N/A;N/A;N/A;N/A;N/A;N/A;N/A;N/A;N/A;N/A;N/A;N/A;N/A;N/A;N/A;N/A;N/A;N/A;N/A;N/A;N/A;N/A;N/A;N/A;N/A;N/A;N/A;N/A;N/A;N/A;N/A;N/A;N/A;N/A;N/A;N/A;N/A;N/A;N/A;N/A;N/A;N/A;N/A;N/A;N/A;N/A;N/A;N/A;N/A;N/A;N/A;N/A;N/A;N/A;N/A;N/A;N/A;N/A;N/A;N/A;N/A;N/A;N/A;N/A;N/A;N/A;N/A;N/A;N/A;N/A;;0;319.8;0;0;;Disabled;TempStop;2;700;322.5;278.6;0;0;599.9;549.9;Enabled;PosOk;2;0;0;0;0;0;15;Disabled;0;0;0;0;0;0;0;0;0;0;0;0;0;0;0;0;0;0;0;0;0;0;0;0;0;0;0;0;0;0;0;0;0;0;0;0;0;0;0;0;0;0;0;0;0;0;0;0;0;0;0;0;0;0;0;0;0;0;0;0;0;0;0;0;0;0;0;0;0;0;30;31;20;45;30;30;20;45;30;31;20;45;30;30;20;45;200;141;100;300;200;139;100;300;200;140;100;300;200;140;100;300;30;31;20;45;30;29;20;45;30;30;20;45;30;30;20;45;200;144;100;300;200;143;100;300;200;234;100;300;200;235;100;300;4;2;0.4;6;4;5;0.4;6;4;2;0.4;6;4;5;0.4;6;4;2;0.4;6;4;5;0.4;6;4;3;0.4;6;4;5;0.4;6;NOK;NOK;OK;7000;7050;6500;8100;OK;4.97;0;8;12;NOK;N/A;1.5;N/A;N/A;N/A;9;12;7;18;OK;;0;0;0;-;Disabled;TempOk;2;230;38.7;38.9;0;0;349.9;441345100 daimler 1500 1900;441345100 daimler 1500 1900;441345100 Daimler 1500 1900
20260325_21:00:56;0;1;2;950;941.5;925;975;OK;950;951.7;925;975;OK;951.7;951.6;-20;-11.2;-50;-25;NOK;-20;-10.8;-50;-25;NOK;-10;-9.8;0;-20;-11.2;-50;-25;NOK;300;311;300;500;OK;0;0;N/A;N/A;N/A;N/A;N/A;N/A;N/A;N/A;N/A;N/A;N/A;N/A;N/A;N/A;N/A;N/A;N/A;N/A;N/A;N/A;N/A;N/A;N/A;N/A;N/A;N/A;N/A;N/A;N/A;N/A;N/A;N/A;N/A;N/A;N/A;N/A;N/A;N/A;N/A;N/A;N/A;N/A;N/A;N/A;N/A;N/A;N/A;N/A;N/A;N/A;N/A;N/A;N/A;N/A;N/A;N/A;N/A;N/A;N/A;N/A;N/A;N/A;N/A;N/A;N/A;N/A;N/A;N/A;N/A;N/A;N/A;N/A;N/A;N/A;N/A;N/A;N/A;N/A;N/A;N/A;N/A;N/A;N/A;N/A;N/A;N/A;N/A;N/A;N/A;N/A;N/A;N/A;N/A;N/A;N/A;N/A;N/A;N/A;;0;321.4;0;0;;Disabled;TempStop;2;700;324.2;278.7;0;0;599.9;549.9;Enabled;PosOk;2;0;0;0;0;0;15;Disabled;0;0;0;0;0;0;0;0;0;0;0;0;0;0;0;0;0;0;0;0;0;0;0;0;0;0;0;0;0;0;0;0;0;0;0;0;0;0;0;0;0;0;0;0;0;0;0;0;0;0;0;0;0;0;0;0;0;0;0;0;0;0;0;0;0;0;0;0;0;0;30;31;20;45;30;30;20;45;30;31;20;45;30;30;20;45;200;141;100;300;200;139;100;300;200;140;100;300;200;139;100;300;30;31;20;45;30;30;20;45;30;30;20;45;30;30;20;45;200;144;100;300;200;143;100;300;200;234;100;300;200;236;100;300;4;2;0.4;6;4;5;0.4;6;4;2;0.4;6;4;5;0.4;6;4;2;0.4;6;4;5;0.4;6;4;2;0.4;6;4;5;0.4;6;NOK;NOK;OK;7000;7070;6500;8100;OK;4.97;0;8;12;NOK;N/A;1.5;N/A;N/A;N/A;9;11.8;7;18;OK;;0;0;0;-;Disabled;TempOk;2;230;38.9;38.7;0;0;349.9;441345100 daimler 1500 1900;441345100 daimler 1500 1900;441345100 Daimler 1500 1900
20260325_21:01:32;0;3;2;950;940.8;925;975;OK;950;951.7;925;975;OK;951.7;951.7;-20;-11.9;-50;-25;NOK;-20;-11.5;-50;-25;NOK;-12.2;-11.2;0;-20;-12;-50;-25;NOK;300;311;300;500;OK;0;0;N/A;N/A;N/A;N/A;N/A;N/A;N/A;N/A;N/A;N/A;N/A;N/A;N/A;N/A;N/A;N/A;N/A;N/A;N/A;N/A;N/A;N/A;N/A;N/A;N/A;N/A;N/A;N/A;N/A;N/A;N/A;N/A;N/A;N/A;N/A;N/A;N/A;N/A;N/A;N/A;N/A;N/A;N/A;N/A;N/A;N/A;N/A;N/A;N/A;N/A;N/A;N/A;N/A;N/A;N/A;N/A;N/A;N/A;N/A;N/A;N/A;N/A;N/A;N/A;N/A;N/A;N/A;N/A;N/A;N/A;N/A;N/A;N/A;N/A;N/A;N/A;N/A;N/A;N/A;N/A;N/A;N/A;N/A;N/A;N/A;N/A;N/A;N/A;N/A;N/A;N/A;N/A;N/A;N/A;N/A;N/A;N/A;N/A;;0;320;0;0;;Disabled;TempStop;2;700;322.4;279.4;0;0;599.9;549.9;Enabled;PosOk;2;0;0;0;0;0;15;Disabled;0;0;0;0;0;0;0;0;0;0;0;0;0;0;0;0;0;0;0;0;0;0;0;0;0;0;0;0;0;0;0;0;0;0;0;0;0;0;0;0;0;0;0;0;0;0;0;0;0;0;0;0;0;0;0;0;0;0;0;0;0;0;0;0;0;0;0;0;0;0;30;31;20;45;30;30;20;45;30;31;20;45;30;30;20;45;200;141;100;300;200;139;100;300;200;139;100;300;200;140;100;300;30;31;20;45;30;30;20;45;30;31;20;45;30;30;20;45;200;144;100;300;200;143;100;300;200;235;100;300;200;236;100;300;4;2;0.4;6;4;5;0.4;6;4;2;0.4;6;4;5;0.4;6;4;2;0.4;6;4;5;0.4;6;4;3;0.4;6;4;5;0.4;6;NOK;NOK;OK;7000;7059;6500;8100;OK;4.97;0;8;12;NOK;N/A;1.5;N/A;N/A;N/A;9;12.4;7;18;OK;;0;0;0;-;Disabled;TempOk;2;230;38.9;38.9;0;0;349.9;441345100 daimler 1500 1900;441345100 daimler 1500 1900;441345100 Daimler 1500 1900
20260325_21:02:08;0;1;3;950;941.2;925;975;OK;950;951.8;925;975;OK;951.7;951.7;-20;-12.1;-50;-25;NOK;-20;-12.7;-50;-25;NOK;-13.2;-13.9;0;-20;-12;-50;-25;NOK;300;311;300;500;OK;0;0;N/A;N/A;N/A;N/A;N/A;N/A;N/A;N/A;N/A;N/A;N/A;N/A;N/A;N/A;N/A;N/A;N/A;N/A;N/A;N/A;N/A;N/A;N/A;N/A;N/A;N/A;N/A;N/A;N/A;N/A;N/A;N/A;N/A;N/A;N/A;N/A;N/A;N/A;N/A;N/A;N/A;N/A;N/A;N/A;N/A;N/A;N/A;N/A;N/A;N/A;N/A;N/A;N/A;N/A;N/A;N/A;N/A;N/A;N/A;N/A;N/A;N/A;N/A;N/A;N/A;N/A;N/A;N/A;N/A;N/A;N/A;N/A;N/A;N/A;N/A;N/A;N/A;N/A;N/A;N/A;N/A;N/A;N/A;N/A;N/A;N/A;N/A;N/A;N/A;N/A;N/A;N/A;N/A;N/A;N/A;N/A;N/A;N/A;;0;322.3;0;0;;Disabled;TempStop;2;700;325.1;279.9;0;0;599.9;549.9;Enabled;PosOk;2;0;0;0;0;0;15;Disabled;0;0;0;0;0;0;0;0;0;0;0;0;0;0;0;0;0;0;0;0;0;0;0;0;0;0;0;0;0;0;0;0;0;0;0;0;0;0;0;0;0;0;0;0;0;0;0;0;0;0;0;0;0;0;0;0;0;0;0;0;0;0;0;0;0;0;0;0;1;43;30;31;20;45;30;30;20;45;30;32;20;45;30;30;20;45;200;141;100;300;200;139;100;300;200;140;100;300;200;139;100;300;30;31;20;45;30;30;20;45;30;31;20;45;30;30;20;45;200;145;100;300;200;144;100;300;200;235;100;300;200;236;100;300;4;2;0.4;6;4;5;0.4;6;4;2;0.4;6;4;5;0.4;6;4;2;0.4;6;4;5;0.4;6;4;3;0.4;6;4;5;0.4;6;NOK;NOK;OK;7000;7068;6500;8100;OK;4.97;0;8;12;NOK;N/A;1.5;N/A;N/A;N/A;9;11.7;7;18;OK;;0;0;0;-;Disabled;TempOk;2;230;38.4;39.1;0;0;349.9;441345100 daimler 1500 1900;441345100 daimler 1500 1900;441345100 Daimler 1500 1900
20260325_21:02:44;0;3;3;950;940.6;925;975;OK;950;951.6;925;975;OK;951.5;951.5;-20;-12.7;-50;-25;NOK;-20;-12.8;-50;-25;NOK;-10.8;-11.8;0;-20;-12.6;-50;-25;NOK;300;311;300;500;OK;0;0;N/A;N/A;N/A;N/A;N/A;N/A;N/A;N/A;N/A;N/A;N/A;N/A;N/A;N/A;N/A;N/A;N/A;N/A;N/A;N/A;N/A;N/A;N/A;N/A;N/A;N/A;N/A;N/A;N/A;N/A;N/A;N/A;N/A;N/A;N/A;N/A;N/A;N/A;N/A;N/A;N/A;N/A;N/A;N/A;N/A;N/A;N/A;N/A;N/A;N/A;N/A;N/A;N/A;N/A;N/A;N/A;N/A;N/A;N/A;N/A;N/A;N/A;N/A;N/A;N/A;N/A;N/A;N/A;N/A;N/A;N/A;N/A;N/A;N/A;N/A;N/A;N/A;N/A;N/A;N/A;N/A;N/A;N/A;N/A;N/A;N/A;N/A;N/A;N/A;N/A;N/A;N/A;N/A;N/A;N/A;N/A;N/A;N/A;;0;321.1;0;0;;Disabled;TempStop;2;700;323.7;279.1;0;0;599.9;549.9;Enabled;PosOk;2;0;0;0;0;0;15;Disabled;0;0;0;0;0;0;0;0;0;0;0;0;0;0;0;0;0;0;0;0;0;0;0;0;0;0;0;0;0;0;0;0;0;0;0;0;0;0;0;0;0;0;0;0;0;0;0;0;0;0;0;0;0;0;0;0;0;0;0;0;0;0;0;0;0;0;0;0;0;0;30;32;20;45;30;30;20;45;30;32;20;45;30;30;20;45;200;141;100;300;200;140;100;300;200;140;100;300;200;140;100;300;30;31;20;45;30;30;20;45;30;31;20;45;30;30;20;45;200;144;100;300;200;143;100;300;200;234;100;300;200;236;100;300;4;2;0.4;6;4;5;0.4;6;4;2;0.4;6;4;5;0.4;6;4;3;0.4;6;4;5;0.4;6;4;2;0.4;6;4;5;0.4;6;NOK;NOK;OK;7000;7056;6500;8100;OK;4.97;0;8;12;NOK;N/A;1.5;N/A;N/A;N/A;9;12;7;18;OK;;0;0;0;-;Disabled;TempOk;2;230;38.4;39.7;0;0;349.9;441345100 daimler 1500 1900;441345100 daimler 1500 1900;441345100 Daimler 1500 1900
20260325_21:03:20;0;1;1;950;940.7;925;975;OK;950;951.1;925;975;OK;951.1;951;-20;-14.8;-50;-25;NOK;-20;-14.7;-50;-25;NOK;-14;-14.3;0;-20;-14.8;-50;-25;NOK;300;311;300;500;OK;0;0;N/A;N/A;N/A;N/A;N/A;N/A;N/A;N/A;N/A;N/A;N/A;N/A;N/A;N/A;N/A;N/A;N/A;N/A;N/A;N/A;N/A;N/A;N/A;N/A;N/A;N/A;N/A;N/A;N/A;N/A;N/A;N/A;N/A;N/A;N/A;N/A;N/A;N/A;N/A;N/A;N/A;N/A;N/A;N/A;N/A;N/A;N/A;N/A;N/A;N/A;N/A;N/A;N/A;N/A;N/A;N/A;N/A;N/A;N/A;N/A;N/A;N/A;N/A;N/A;N/A;N/A;N/A;N/A;N/A;N/A;N/A;N/A;N/A;N/A;N/A;N/A;N/A;N/A;N/A;N/A;N/A;N/A;N/A;N/A;N/A;N/A;N/A;N/A;N/A;N/A;N/A;N/A;N/A;N/A;N/A;N/A;N/A;N/A;;0;321.8;0;0;;Disabled;TempStop;2;700;324;280.6;0;0;599.9;549.9;Enabled;PosOk;2;0;0;0;0;0;15;Disabled;0;0;0;0;0;0;0;0;0;0;0;0;0;0;0;0;0;0;0;0;0;0;0;0;0;0;0;0;0;0;0;0;0;0;0;0;0;0;0;0;0;0;0;0;0;0;0;0;0;0;0;0;0;0;0;0;0;0;0;0;0;0;0;0;0;0;0;0;0;0;30;31;20;45;30;30;20;45;30;32;20;45;30;30;20;45;200;141;100;300;200;139;100;300;200;140;100;300;200;140;100;300;30;31;20;45;30;30;20;45;30;31;20;45;30;30;20;45;200;145;100;300;200;143;100;300;200;235;100;300;200;236;100;300;4;2;0.4;6;4;5;0.4;6;4;2;0.4;6;4;5;0.4;6;4;2;0.4;6;4;5;0.4;6;4;2;0.4;6;4;5;0.4;6;NOK;NOK;OK;7000;7057;6500;8100;OK;4.97;0;8;12;NOK;N/A;1.5;N/A;N/A;N/A;9;11.7;7;18;OK;;0;0;0;-;Disabled;TempOk;2;230;38.7;39.1;0;0;349.9;441345100 daimler 1500 1900;441345100 daimler 1500 1900;441345100 Daimler 1500 1900
20260325_21:03:56;0;1;4;950;940;925;975;OK;950;950.8;925;975;OK;950.9;950.9;-20;-9.3;-50;-25;NOK;-20;-9.2;-50;-25;NOK;-12.5;-11.1;0;-20;-9.2;-50;-25;NOK;300;311;300;500;OK;0;0;N/A;N/A;N/A;N/A;N/A;N/A;N/A;N/A;N/A;N/A;N/A;N/A;N/A;N/A;N/A;N/A;N/A;N/A;N/A;N/A;N/A;N/A;N/A;N/A;N/A;N/A;N/A;N/A;N/A;N/A;N/A;N/A;N/A;N/A;N/A;N/A;N/A;N/A;N/A;N/A;N/A;N/A;N/A;N/A;N/A;N/A;N/A;N/A;N/A;N/A;N/A;N/A;N/A;N/A;N/A;N/A;N/A;N/A;N/A;N/A;N/A;N/A;N/A;N/A;N/A;N/A;N/A;N/A;N/A;N/A;N/A;N/A;N/A;N/A;N/A;N/A;N/A;N/A;N/A;N/A;N/A;N/A;N/A;N/A;N/A;N/A;N/A;N/A;N/A;N/A;N/A;N/A;N/A;N/A;N/A;N/A;N/A;N/A;;0;321.7;0;0;;Disabled;TempStop;2;700;324.1;280;0;0;599.9;549.9;Enabled;PosOk;2;0;0;0;0;0;15;Disabled;0;0;0;0;0;0;0;0;0;0;0;0;0;0;0;0;0;0;0;0;0;0;0;0;0;0;0;0;0;0;0;0;0;0;0;0;0;0;0;0;0;0;0;0;0;0;0;0;0;0;0;0;0;0;0;0;0;0;0;0;0;0;0;0;0;0;0;0;3;31;30;31;20;45;30;30;20;45;30;32;20;45;30;30;20;45;200;141;100;300;200;139;100;300;200;140;100;300;200;140;100;300;30;31;20;45;30;30;20;45;30;31;20;45;30;30;20;45;200;144;100;300;200;143;100;300;200;234;100;300;200;235;100;300;4;2;0.4;6;4;5;0.4;6;4;2;0.4;6;4;5;0.4;6;4;2;0.4;6;4;5;0.4;6;4;3;0.4;6;4;5;0.4;6;NOK;NOK;OK;7000;7072;6500;8100;OK;4.97;0;8;12;NOK;N/A;1.5;N/A;N/A;N/A;9;11.9;7;18;OK;;0;0;0;-;Disabled;TempOk;2;230;38.2;38.4;0;0;349.9;441345100 daimler 1500 1900;441345100 daimler 1500 1900;441345100 Daimler 1500 1900
20260325_21:04:32;0;3;1;950;940.1;925;975;OK;950;951.3;925;975;OK;951.3;951.2;-20;-13.8;-50;-25;NOK;-20;-13.5;-50;-25;NOK;-11;-12.2;0;-20;-13.9;-50;-25;NOK;300;311;300;500;OK;0;0;N/A;N/A;N/A;N/A;N/A;N/A;N/A;N/A;N/A;N/A;N/A;N/A;N/A;N/A;N/A;N/A;N/A;N/A;N/A;N/A;N/A;N/A;N/A;N/A;N/A;N/A;N/A;N/A;N/A;N/A;N/A;N/A;N/A;N/A;N/A;N/A;N/A;N/A;N/A;N/A;N/A;N/A;N/A;N/A;N/A;N/A;N/A;N/A;N/A;N/A;N/A;N/A;N/A;N/A;N/A;N/A;N/A;N/A;N/A;N/A;N/A;N/A;N/A;N/A;N/A;N/A;N/A;N/A;N/A;N/A;N/A;N/A;N/A;N/A;N/A;N/A;N/A;N/A;N/A;N/A;N/A;N/A;N/A;N/A;N/A;N/A;N/A;N/A;N/A;N/A;N/A;N/A;N/A;N/A;N/A;N/A;N/A;N/A;;0;320.3;0;0;;Disabled;TempStop;2;700;322.9;278.5;0;0;599.9;549.9;Enabled;PosOk;2;0;0;0;0;0;15;Disabled;0;0;0;0;0;0;0;0;0;0;0;0;0;0;0;0;0;0;0;0;0;0;0;0;0;0;0;0;0;0;0;0;0;0;0;0;0;0;0;0;0;0;0;0;0;0;0;0;0;0;0;0;0;0;0;0;0;0;0;0;0;0;0;0;0;0;0;0;0;0;30;31;20;45;30;30;20;45;30;32;20;45;30;30;20;45;200;141;100;300;200;139;100;300;200;140;100;300;200;140;100;300;30;31;20;45;30;30;20;45;30;31;20;45;30;30;20;45;200;144;100;300;200;143;100;300;200;234;100;300;200;236;100;300;4;2;0.4;6;4;5;0.4;6;4;2;0.4;6;4;5;0.4;6;4;2;0.4;6;4;5;0.4;6;4;2;0.4;6;4;5;0.4;6;NOK;NOK;OK;7000;7062;6500;8100;OK;4.97;0;8;12;NOK;N/A;1.5;N/A;N/A;N/A;9;12.3;7;18;OK;;0;0;0;-;Disabled;TempOk;2;230;38.4;39.3;0;0;349.9;441345100 daimler 1500 1900;441345100 daimler 1500 1900;441345100 Daimler 1500 1900
20260325_21:05:08;0;3;4;950;940.5;925;975;OK;950;951.6;925;975;OK;951.5;951.5;-20;-11;-50;-25;NOK;-20;-10.8;-50;-25;NOK;-11.8;-10.2;0;-20;-11.1;-50;-25;NOK;300;311;300;500;OK;0;0;N/A;N/A;N/A;N/A;N/A;N/A;N/A;N/A;N/A;N/A;N/A;N/A;N/A;N/A;N/A;N/A;N/A;N/A;N/A;N/A;N/A;N/A;N/A;N/A;N/A;N/A;N/A;N/A;N/A;N/A;N/A;N/A;N/A;N/A;N/A;N/A;N/A;N/A;N/A;N/A;N/A;N/A;N/A;N/A;N/A;N/A;N/A;N/A;N/A;N/A;N/A;N/A;N/A;N/A;N/A;N/A;N/A;N/A;N/A;N/A;N/A;N/A;N/A;N/A;N/A;N/A;N/A;N/A;N/A;N/A;N/A;N/A;N/A;N/A;N/A;N/A;N/A;N/A;N/A;N/A;N/A;N/A;N/A;N/A;N/A;N/A;N/A;N/A;N/A;N/A;N/A;N/A;N/A;N/A;N/A;N/A;N/A;N/A;;0;320.2;0;0;;Disabled;TempStop;2;700;322.6;278.6;0;0;599.9;549.9;Enabled;PosOk;2;0;0;0;0;0;15;Disabled;0;0;0;0;0;0;0;0;0;0;0;0;0;0;0;0;0;0;0;0;0;0;0;0;0;0;0;0;0;0;0;0;0;0;0;0;0;0;0;0;0;0;0;0;0;0;0;0;0;0;0;0;0;0;0;0;0;0;0;0;0;0;0;0;0;0;0;0;0;0;30;32;20;45;30;30;20;45;30;32;20;45;30;30;20;45;200;141;100;300;200;139;100;300;200;140;100;300;200;140;100;300;30;31;20;45;30;30;20;45;30;31;20;45;30;30;20;45;200;145;100;300;200;143;100;300;200;234;100;300;200;235;100;300;4;2;0.4;6;4;5;0.4;6;4;2;0.4;6;4;5;0.4;6;4;2;0.4;6;4;5;0.4;6;4;2;0.4;6;4;5;0.4;6;NOK;NOK;OK;7000;7048;6500;8100;OK;4.97;0;8;12;NOK;N/A;1.5;N/A;N/A;N/A;9;11.8;7;18;OK;;0;0;0;-;Disabled;TempOk;2;230;38.4;39.1;0;0;349.9;441345100 daimler 1500 1900;441345100 daimler 1500 1900;441345100 Daimler 1500 1900
20260325_21:05:44;0;3;5;950;942.9;925;975;OK;950;951.2;925;975;OK;951.2;951.2;-20;-14.4;-50;-25;NOK;-20;-14.6;-50;-25;NOK;-14;-14;0;-20;-14.4;-50;-25;NOK;300;311;300;500;OK;0;0;N/A;N/A;N/A;N/A;N/A;N/A;N/A;N/A;N/A;N/A;N/A;N/A;N/A;N/A;N/A;N/A;N/A;N/A;N/A;N/A;N/A;N/A;N/A;N/A;N/A;N/A;N/A;N/A;N/A;N/A;N/A;N/A;N/A;N/A;N/A;N/A;N/A;N/A;N/A;N/A;N/A;N/A;N/A;N/A;N/A;N/A;N/A;N/A;N/A;N/A;N/A;N/A;N/A;N/A;N/A;N/A;N/A;N/A;N/A;N/A;N/A;N/A;N/A;N/A;N/A;N/A;N/A;N/A;N/A;N/A;N/A;N/A;N/A;N/A;N/A;N/A;N/A;N/A;N/A;N/A;N/A;N/A;N/A;N/A;N/A;N/A;N/A;N/A;N/A;N/A;N/A;N/A;N/A;N/A;N/A;N/A;N/A;N/A;;0;319.5;0;0;;Disabled;TempStop;2;700;322.2;277.7;0;0;599.9;549.9;Enabled;PosOk;2;0;0;0;0;0;15;Disabled;0;0;0;0;0;0;0;0;0;0;0;0;0;0;0;0;0;0;0;0;0;0;0;0;0;0;0;0;0;0;0;0;0;0;0;0;0;0;0;0;0;0;0;0;0;0;0;0;0;0;0;0;0;0;0;0;0;0;0;0;0;0;0;0;0;0;0;0;0;0;30;31;20;45;30;29;20;45;30;31;20;45;30;29;20;45;200;141;100;300;200;139;100;300;200;140;100;300;200;139;100;300;30;31;20;45;30;29;20;45;30;30;20;45;30;29;20;45;200;144;100;300;200;143;100;300;200;234;100;300;200;234;100;300;4;2;0.4;6;4;5;0.4;6;4;2;0.4;6;4;5;0.4;6;4;2;0.4;6;4;5;0.4;6;4;2;0.4;6;4;5;0.4;6;NOK;NOK;OK;7000;7063;6500;8100;OK;4.97;0;8;12;NOK;N/A;1.5;N/A;N/A;N/A;9;12.5;7;18;OK;;0;0;0;-;Disabled;TempOk;2;230;38.7;39.7;0;0;349.9;441345100 daimler 1500 1900;441345100 daimler 1500 1900;441345100 Daimler 1500 1900
20260325_21:06:20;0;1;2;950;940.9;925;975;OK;950;951.7;925;975;OK;951.7;951.7;-20;-11;-50;-25;NOK;-20;-10.8;-50;-25;NOK;-10;-9.9;0;-20;-11.1;-50;-25;NOK;300;311;300;500;OK;0;0;N/A;N/A;N/A;N/A;N/A;N/A;N/A;N/A;N/A;N/A;N/A;N/A;N/A;N/A;N/A;N/A;N/A;N/A;N/A;N/A;N/A;N/A;N/A;N/A;N/A;N/A;N/A;N/A;N/A;N/A;N/A;N/A;N/A;N/A;N/A;N/A;N/A;N/A;N/A;N/A;N/A;N/A;N/A;N/A;N/A;N/A;N/A;N/A;N/A;N/A;N/A;N/A;N/A;N/A;N/A;N/A;N/A;N/A;N/A;N/A;N/A;N/A;N/A;N/A;N/A;N/A;N/A;N/A;N/A;N/A;N/A;N/A;N/A;N/A;N/A;N/A;N/A;N/A;N/A;N/A;N/A;N/A;N/A;N/A;N/A;N/A;N/A;N/A;N/A;N/A;N/A;N/A;N/A;N/A;N/A;N/A;N/A;N/A;;0;321.8;0;0;;Disabled;TempStop;2;700;324.5;279.5;0;0;599.9;549.9;Enabled;PosOk;2;0;0;0;0;0;15;Disabled;0;0;0;0;0;0;0;0;0;0;0;0;0;0;0;0;0;0;0;0;0;0;0;0;0;0;0;0;0;0;0;0;0;0;0;0;0;0;0;0;0;0;0;0;0;0;0;0;0;0;0;0;0;0;0;0;0;0;0;0;0;0;0;0;0;0;0;0;0;0;30;31;20;45;30;30;20;45;30;31;20;45;30;30;20;45;200;141;100;300;200;139;100;300;200;140;100;300;200;140;100;300;30;31;20;45;30;30;20;45;30;30;20;45;30;30;20;45;200;144;100;300;200;143;100;300;200;234;100;300;200;235;100;300;4;2;0.4;6;4;5;0.4;6;4;2;0.4;6;4;5;0.4;6;4;2;0.4;6;4;5;0.4;6;4;3;0.4;6;4;5;0.4;6;NOK;NOK;OK;7000;7056;6500;8100;OK;4.98;0;8;12;NOK;N/A;1.51;N/A;N/A;N/A;9;11.8;7;18;OK;;0;0;0;-;Disabled;TempOk;2;230;38.7;39.1;0;0;349.9;441345100 daimler 1500 1900;441345100 daimler 1500 1900;441345100 Daimler 1500 1900
20260325_21:06:56;0;3;2;950;940.5;925;975;OK;950;951.9;925;975;OK;951.8;951.7;-20;-11.8;-50;-25;NOK;-20;-11.4;-50;-25;NOK;-12.2;-11.3;0;-20;-12;-50;-25;NOK;300;311;300;500;OK;0;0;N/A;N/A;N/A;N/A;N/A;N/A;N/A;N/A;N/A;N/A;N/A;N/A;N/A;N/A;N/A;N/A;N/A;N/A;N/A;N/A;N/A;N/A;N/A;N/A;N/A;N/A;N/A;N/A;N/A;N/A;N/A;N/A;N/A;N/A;N/A;N/A;N/A;N/A;N/A;N/A;N/A;N/A;N/A;N/A;N/A;N/A;N/A;N/A;N/A;N/A;N/A;N/A;N/A;N/A;N/A;N/A;N/A;N/A;N/A;N/A;N/A;N/A;N/A;N/A;N/A;N/A;N/A;N/A;N/A;N/A;N/A;N/A;N/A;N/A;N/A;N/A;N/A;N/A;N/A;N/A;N/A;N/A;N/A;N/A;N/A;N/A;N/A;N/A;N/A;N/A;N/A;N/A;N/A;N/A;N/A;N/A;N/A;N/A;;0;319;0;0;;Disabled;TempStop;2;700;321.4;277.4;0;0;599.9;549.9;Enabled;PosOk;2;0;0;0;0;0;15;Disabled;0;0;0;0;0;0;0;0;0;0;0;0;0;0;0;0;0;0;0;0;0;0;0;0;0;0;0;0;0;0;0;0;0;0;0;0;0;0;0;0;0;0;0;0;0;0;0;0;0;0;0;0;0;0;0;0;0;0;0;0;0;0;0;0;0;0;0;0;0;0;30;31;20;45;30;30;20;45;30;31;20;45;30;30;20;45;200;141;100;300;200;139;100;300;200;140;100;300;200;140;100;300;30;31;20;45;30;30;20;45;30;31;20;45;30;30;20;45;200;145;100;300;200;144;100;300;200;235;100;300;200;236;100;300;4;2;0.4;6;4;5;0.4;6;4;2;0.4;6;4;5;0.4;6;4;2;0.4;6;4;5;0.4;6;4;2;0.4;6;4;5;0.4;6;NOK;NOK;OK;7000;7069;6500;8100;OK;4.97;0;8;12;NOK;N/A;1.5;N/A;N/A;N/A;9;12.1;7;18;OK;;0;0;0;-;Disabled;TempOk;2;230;38.7;38.9;0;0;349.9;441345100 daimler 1500 1900;441345100 daimler 1500 1900;441345100 Daimler 1500 1900
20260325_21:07:32;0;1;3;950;941.4;925;975;OK;950;951.7;925;975;OK;951.7;951.8;-20;-12.1;-50;-25;NOK;-20;-12.6;-50;-25;NOK;-13.3;-13.9;0;-20;-12;-50;-25;NOK;300;311;300;500;OK;0;0;N/A;N/A;N/A;N/A;N/A;N/A;N/A;N/A;N/A;N/A;N/A;N/A;N/A;N/A;N/A;N/A;N/A;N/A;N/A;N/A;N/A;N/A;N/A;N/A;N/A;N/A;N/A;N/A;N/A;N/A;N/A;N/A;N/A;N/A;N/A;N/A;N/A;N/A;N/A;N/A;N/A;N/A;N/A;N/A;N/A;N/A;N/A;N/A;N/A;N/A;N/A;N/A;N/A;N/A;N/A;N/A;N/A;N/A;N/A;N/A;N/A;N/A;N/A;N/A;N/A;N/A;N/A;N/A;N/A;N/A;N/A;N/A;N/A;N/A;N/A;N/A;N/A;N/A;N/A;N/A;N/A;N/A;N/A;N/A;N/A;N/A;N/A;N/A;N/A;N/A;N/A;N/A;N/A;N/A;N/A;N/A;N/A;N/A;;0;321.6;0;0;;Disabled;TempStop;2;700;324.1;279.5;0;0;599.9;549.9;Enabled;PosOk;2;0;0;0;0;0;15;Disabled;0;0;0;0;0;0;0;0;0;0;0;0;0;0;0;0;0;0;0;0;0;0;0;0;0;0;0;0;0;0;0;0;0;0;0;0;0;0;0;0;0;0;0;0;0;0;0;0;0;0;0;0;0;0;0;0;0;0;0;0;0;0;0;0;0;0;0;0;7;6;30;31;20;45;30;30;20;45;30;32;20;45;30;30;20;45;200;141;100;300;200;139;100;300;200;141;100;300;200;140;100;300;30;31;20;45;30;30;20;45;30;31;20;45;30;30;20;45;200;145;100;300;200;143;100;300;200;235;100;300;200;236;100;300;4;2;0.4;6;4;5;0.4;6;4;2;0.4;6;4;5;0.4;6;4;2;0.4;6;4;5;0.4;6;4;2;0.4;6;4;5;0.4;6;NOK;NOK;OK;7000;7058;6500;8100;OK;4.97;0;8;12;NOK;N/A;1.5;N/A;N/A;N/A;9;11.7;7;18;OK;;0;0;0;-;Disabled;TempOk;2;230;38.7;38.7;0;0;349.9;441345100 daimler 1500 1900;441345100 daimler 1500 1900;441345100 Daimler 1500 1900
20260325_21:08:08;0;3;3;950;940.8;925;975;OK;950;951.7;925;975;OK;951.6;951.5;-20;-12.7;-50;-25;NOK;-20;-12.7;-50;-25;NOK;-10.8;-11.7;0;-20;-12.6;-50;-25;NOK;300;311;300;500;OK;0;0;N/A;N/A;N/A;N/A;N/A;N/A;N/A;N/A;N/A;N/A;N/A;N/A;N/A;N/A;N/A;N/A;N/A;N/A;N/A;N/A;N/A;N/A;N/A;N/A;N/A;N/A;N/A;N/A;N/A;N/A;N/A;N/A;N/A;N/A;N/A;N/A;N/A;N/A;N/A;N/A;N/A;N/A;N/A;N/A;N/A;N/A;N/A;N/A;N/A;N/A;N/A;N/A;N/A;N/A;N/A;N/A;N/A;N/A;N/A;N/A;N/A;N/A;N/A;N/A;N/A;N/A;N/A;N/A;N/A;N/A;N/A;N/A;N/A;N/A;N/A;N/A;N/A;N/A;N/A;N/A;N/A;N/A;N/A;N/A;N/A;N/A;N/A;N/A;N/A;N/A;N/A;N/A;N/A;N/A;N/A;N/A;N/A;N/A;;0;320.2;0;0;;Disabled;TempStop;2;700;322.7;278;0;0;599.9;549.9;Enabled;PosOk;2;0;0;0;0;0;15;Disabled;0;0;0;0;0;0;0;0;0;0;0;0;0;0;0;0;0;0;0;0;0;0;0;0;0;0;0;0;0;0;0;0;0;0;0;0;0;0;0;0;0;0;0;0;0;0;0;0;0;0;0;0;0;0;0;0;0;0;0;0;0;0;0;0;0;0;0;0;0;0;30;32;20;45;30;29;20;45;30;32;20;45;30;29;20;45;200;141;100;300;200;139;100;300;200;140;100;300;200;140;100;300;30;31;20;45;30;29;20;45;30;30;20;45;30;29;20;45;200;144;100;300;200;144;100;300;200;234;100;300;200;235;100;300;4;2;0.4;6;4;5;0.4;6;4;2;0.4;6;4;5;0.4;6;4;2;0.4;6;4;5;0.4;6;4;2;0.4;6;4;5;0.4;6;NOK;NOK;OK;7000;7073;6500;8100;OK;4.97;0;8;12;NOK;N/A;1.5;N/A;N/A;N/A;9;12;7;18;OK;;0;0;0;-;Disabled;TempOk;2;230;37.9;38.7;0;0;349.9;441345100 daimler 1500 1900;441345100 daimler 1500 1900;441345100 Daimler 1500 1900
20260325_21:08:44;0;1;1;950;940.7;925;975;OK;950;951.2;925;975;OK;951.2;951.1;-20;-14.9;-50;-25;NOK;-20;-14.7;-50;-25;NOK;-14.1;-14.4;0;-20;-14.9;-50;-25;NOK;300;311;300;500;OK;0;0;N/A;N/A;N/A;N/A;N/A;N/A;N/A;N/A;N/A;N/A;N/A;N/A;N/A;N/A;N/A;N/A;N/A;N/A;N/A;N/A;N/A;N/A;N/A;N/A;N/A;N/A;N/A;N/A;N/A;N/A;N/A;N/A;N/A;N/A;N/A;N/A;N/A;N/A;N/A;N/A;N/A;N/A;N/A;N/A;N/A;N/A;N/A;N/A;N/A;N/A;N/A;N/A;N/A;N/A;N/A;N/A;N/A;N/A;N/A;N/A;N/A;N/A;N/A;N/A;N/A;N/A;N/A;N/A;N/A;N/A;N/A;N/A;N/A;N/A;N/A;N/A;N/A;N/A;N/A;N/A;N/A;N/A;N/A;N/A;N/A;N/A;N/A;N/A;N/A;N/A;N/A;N/A;N/A;N/A;N/A;N/A;N/A;N/A;;0;322.3;0;0;;Disabled;TempStop;2;700;324.9;280.5;0;0;599.9;549.9;Enabled;PosOk;2;0;0;0;0;0;15;Disabled;0;0;0;0;0;0;0;0;0;0;0;0;0;0;0;0;0;0;0;0;0;0;0;0;0;0;0;0;0;0;0;0;0;0;0;0;0;0;0;0;0;0;0;0;0;0;0;0;0;0;0;0;0;0;0;0;0;0;0;0;0;0;0;0;0;0;0;0;0;0;30;31;20;45;30;29;20;45;30;31;20;45;30;30;20;45;200;141;100;300;200;139;100;300;200;140;100;300;200;140;100;300;30;31;20;45;30;30;20;45;30;30;20;45;30;30;20;45;200;145;100;300;200;143;100;300;200;234;100;300;200;235;100;300;4;2;0.4;6;4;5;0.4;6;4;2;0.4;6;4;5;0.4;6;4;2;0.4;6;4;5;0.4;6;4;2;0.4;6;4;5;0.4;6;NOK;NOK;OK;7000;7064;6500;8100;OK;4.97;0;8;12;NOK;N/A;1.5;N/A;N/A;N/A;9;11.7;7;18;OK;;0;0;0;-;Disabled;TempOk;2;230;37.9;38.9;0;0;349.9;441345100 daimler 1500 1900;441345100 daimler 1500 1900;441345100 Daimler 1500 1900
20260325_21:09:20;0;1;4;950;939;925;975;OK;950;950.9;925;975;OK;950.8;950.9;-20;-9.3;-50;-25;NOK;-20;-9.2;-50;-25;NOK;-12.5;-11.1;0;-20;-9.3;-50;-25;NOK;300;311;300;500;OK;0;0;N/A;N/A;N/A;N/A;N/A;N/A;N/A;N/A;N/A;N/A;N/A;N/A;N/A;N/A;N/A;N/A;N/A;N/A;N/A;N/A;N/A;N/A;N/A;N/A;N/A;N/A;N/A;N/A;N/A;N/A;N/A;N/A;N/A;N/A;N/A;N/A;N/A;N/A;N/A;N/A;N/A;N/A;N/A;N/A;N/A;N/A;N/A;N/A;N/A;N/A;N/A;N/A;N/A;N/A;N/A;N/A;N/A;N/A;N/A;N/A;N/A;N/A;N/A;N/A;N/A;N/A;N/A;N/A;N/A;N/A;N/A;N/A;N/A;N/A;N/A;N/A;N/A;N/A;N/A;N/A;N/A;N/A;N/A;N/A;N/A;N/A;N/A;N/A;N/A;N/A;N/A;N/A;N/A;N/A;N/A;N/A;N/A;N/A;;0;321.1;0;0;;Disabled;TempStop;2;700;323.5;279.4;0;0;599.9;549.9;Enabled;PosOk;2;0;0;0;0;0;15;Disabled;0;0;0;0;0;0;0;0;0;0;0;0;0;0;0;0;0;0;0;0;0;0;0;0;0;0;0;0;0;0;0;0;0;0;0;0;0;0;0;0;0;0;0;0;0;0;0;0;0;0;0;0;0;0;0;0;0;0;0;0;0;0;0;0;0;0;0;0;8;54;30;31;20;45;30;30;20;45;30;31;20;45;30;30;20;45;200;141;100;300;200;139;100;300;200;140;100;300;200;140;100;300;30;31;20;45;30;30;20;45;30;30;20;45;30;30;20;45;200;145;100;300;200;143;100;300;200;234;100;300;200;236;100;300;4;2;0.4;6;4;5;0.4;6;4;2;0.4;6;4;5;0.4;6;4;2;0.4;6;4;5;0.4;6;4;3;0.4;6;4;5;0.4;6;NOK;NOK;OK;7000;7027;6500;8100;OK;4.96;0;8;12;NOK;N/A;1.5;N/A;N/A;N/A;9;11.9;7;18;OK;;0;0;0;-;Disabled;TempOk;2;230;38.2;38.7;0;0;349.9;441345100 daimler 1500 1900;441345100 daimler 1500 1900;441345100 Daimler 1500 1900
20260325_21:09:56;0;3;1;950;940.5;925;975;OK;950;951.4;925;975;OK;951.3;951.3;-20;-14;-50;-25;NOK;-20;-13.2;-50;-25;NOK;-10.8;-11.9;0;-20;-14.1;-50;-25;NOK;300;311;300;500;OK;0;0;N/A;N/A;N/A;N/A;N/A;N/A;N/A;N/A;N/A;N/A;N/A;N/A;N/A;N/A;N/A;N/A;N/A;N/A;N/A;N/A;N/A;N/A;N/A;N/A;N/A;N/A;N/A;N/A;N/A;N/A;N/A;N/A;N/A;N/A;N/A;N/A;N/A;N/A;N/A;N/A;N/A;N/A;N/A;N/A;N/A;N/A;N/A;N/A;N/A;N/A;N/A;N/A;N/A;N/A;N/A;N/A;N/A;N/A;N/A;N/A;N/A;N/A;N/A;N/A;N/A;N/A;N/A;N/A;N/A;N/A;N/A;N/A;N/A;N/A;N/A;N/A;N/A;N/A;N/A;N/A;N/A;N/A;N/A;N/A;N/A;N/A;N/A;N/A;N/A;N/A;N/A;N/A;N/A;N/A;N/A;N/A;N/A;N/A;;0;320.4;0;0;;Disabled;TempStop;2;700;323;279.5;0;0;599.9;549.9;Enabled;PosOk;2;0;0;0;0;0;15;Disabled;0;0;0;0;0;0;0;0;0;0;0;0;0;0;0;0;0;0;0;0;0;0;0;0;0;0;0;0;0;0;0;0;0;0;0;0;0;0;0;0;0;0;0;0;0;0;0;0;0;0;0;0;0;0;0;0;0;0;0;0;0;0;0;0;0;0;0;0;0;0;30;31;20;45;30;30;20;45;30;32;20;45;30;30;20;45;200;141;100;300;200;139;100;300;200;140;100;300;200;140;100;300;30;31;20;45;30;30;20;45;30;31;20;45;30;30;20;45;200;145;100;300;200;144;100;300;200;234;100;300;200;235;100;300;4;2;0.4;6;4;5;0.4;6;4;2;0.4;6;4;5;0.4;6;4;2;0.4;6;4;5;0.4;6;4;2;0.4;6;4;5;0.4;6;NOK;NOK;OK;7000;7045;6500;8100;OK;4.96;0;8;12;NOK;N/A;1.5;N/A;N/A;N/A;9;11.7;7;18;OK;;0;0;0;-;Disabled;TempOk;2;230;38.2;39.1;0;0;349.9;441345100 daimler 1500 1900;441345100 daimler 1500 1900;441345100 Daimler 1500 1900
20260325_21:10:32;0;3;4;950;940.5;925;975;OK;950;951.6;925;975;OK;951.4;951.6;-20;-11.2;-50;-25;NOK;-20;-10.5;-50;-25;NOK;-11.6;-10.1;0;-20;-11.3;-50;-25;NOK;300;311;300;500;OK;0;0;N/A;N/A;N/A;N/A;N/A;N/A;N/A;N/A;N/A;N/A;N/A;N/A;N/A;N/A;N/A;N/A;N/A;N/A;N/A;N/A;N/A;N/A;N/A;N/A;N/A;N/A;N/A;N/A;N/A;N/A;N/A;N/A;N/A;N/A;N/A;N/A;N/A;N/A;N/A;N/A;N/A;N/A;N/A;N/A;N/A;N/A;N/A;N/A;N/A;N/A;N/A;N/A;N/A;N/A;N/A;N/A;N/A;N/A;N/A;N/A;N/A;N/A;N/A;N/A;N/A;N/A;N/A;N/A;N/A;N/A;N/A;N/A;N/A;N/A;N/A;N/A;N/A;N/A;N/A;N/A;N/A;N/A;N/A;N/A;N/A;N/A;N/A;N/A;N/A;N/A;N/A;N/A;N/A;N/A;N/A;N/A;N/A;N/A;;0;320.5;0;0;;Disabled;TempStop;2;700;323;278.3;0;0;599.9;549.9;Enabled;PosOk;2;0;0;0;0;0;15;Disabled;0;0;0;0;0;0;0;0;0;0;0;0;0;0;0;0;0;0;0;0;0;0;0;0;0;0;0;0;0;0;0;0;0;0;0;0;0;0;0;0;0;0;0;0;0;0;0;0;0;0;0;0;0;0;0;0;0;0;0;0;0;0;0;0;0;0;0;0;0;0;30;32;20;45;30;30;20;45;30;32;20;45;30;30;20;45;200;142;100;300;200;139;100;300;200;140;100;300;200;140;100;300;30;31;20;45;30;30;20;45;30;31;20;45;30;30;20;45;200;145;100;300;200;144;100;300;200;234;100;300;200;235;100;300;4;2;0.4;6;4;5;0.4;6;4;2;0.4;6;4;5;0.4;6;4;2;0.4;6;4;5;0.4;6;4;2;0.4;6;4;5;0.4;6;NOK;NOK;OK;7000;7061;6500;8100;OK;4.97;0;8;12;NOK;N/A;1.5;N/A;N/A;N/A;9;11.9;7;18;OK;;0;0;0;-;Disabled;TempOk;2;230;38.4;38.9;0;0;349.9;441345100 daimler 1500 1900;441345100 daimler 1500 1900;441345100 Daimler 1500 1900
20260325_21:11:08;0;3;5;950;943.2;925;975;OK;950;951.3;925;975;OK;951.2;951.2;-20;-14.6;-50;-25;NOK;-20;-14.3;-50;-25;NOK;-13.9;-13.8;0;-20;-14.6;-50;-25;NOK;300;311;300;500;OK;0;0;N/A;N/A;N/A;N/A;N/A;N/A;N/A;N/A;N/A;N/A;N/A;N/A;N/A;N/A;N/A;N/A;N/A;N/A;N/A;N/A;N/A;N/A;N/A;N/A;N/A;N/A;N/A;N/A;N/A;N/A;N/A;N/A;N/A;N/A;N/A;N/A;N/A;N/A;N/A;N/A;N/A;N/A;N/A;N/A;N/A;N/A;N/A;N/A;N/A;N/A;N/A;N/A;N/A;N/A;N/A;N/A;N/A;N/A;N/A;N/A;N/A;N/A;N/A;N/A;N/A;N/A;N/A;N/A;N/A;N/A;N/A;N/A;N/A;N/A;N/A;N/A;N/A;N/A;N/A;N/A;N/A;N/A;N/A;N/A;N/A;N/A;N/A;N/A;N/A;N/A;N/A;N/A;N/A;N/A;N/A;N/A;N/A;N/A;;0;319.2;0;0;;Disabled;TempStop;2;700;321.7;277.9;0;0;599.9;549.9;Enabled;PosOk;2;0;0;0;0;0;15;Disabled;0;0;0;0;0;0;0;0;0;0;0;0;0;0;0;0;0;0;0;0;0;0;0;0;0;0;0;0;0;0;0;0;0;0;0;0;0;0;0;0;0;0;0;0;0;0;0;0;0;0;0;0;0;0;0;0;0;0;0;0;0;0;0;0;0;0;0;0;0;0;30;31;20;45;30;29;20;45;30;31;20;45;30;29;20;45;200;141;100;300;200;139;100;300;200;140;100;300;200;140;100;300;30;31;20;45;30;29;20;45;30;30;20;45;30;29;20;45;200;144;100;300;200;143;100;300;200;234;100;300;200;235;100;300;4;2;0.4;6;4;5;0.4;6;4;2;0.4;6;4;5;0.4;6;4;2;0.4;6;4;5;0.4;6;4;2;0.4;6;4;5;0.4;6;NOK;NOK;OK;7000;7042;6500;8100;OK;4.96;0;8;12;NOK;N/A;1.5;N/A;N/A;N/A;9;12.4;7;18;OK;;0;0;0;-;Disabled;TempOk;2;230;37.9;39.1;0;0;349.9;441345100 daimler 1500 1900;441345100 daimler 1500 1900;441345100 Daimler 1500 1900
20260325_21:11:44;0;1;2;950;941;925;975;OK;950;951.7;925;975;OK;951.8;951.7;-20;-11;-50;-25;NOK;-20;-10.8;-50;-25;NOK;-10;-9.8;0;-20;-11.1;-50;-25;NOK;300;311;300;500;OK;0;0;N/A;N/A;N/A;N/A;N/A;N/A;N/A;N/A;N/A;N/A;N/A;N/A;N/A;N/A;N/A;N/A;N/A;N/A;N/A;N/A;N/A;N/A;N/A;N/A;N/A;N/A;N/A;N/A;N/A;N/A;N/A;N/A;N/A;N/A;N/A;N/A;N/A;N/A;N/A;N/A;N/A;N/A;N/A;N/A;N/A;N/A;N/A;N/A;N/A;N/A;N/A;N/A;N/A;N/A;N/A;N/A;N/A;N/A;N/A;N/A;N/A;N/A;N/A;N/A;N/A;N/A;N/A;N/A;N/A;N/A;N/A;N/A;N/A;N/A;N/A;N/A;N/A;N/A;N/A;N/A;N/A;N/A;N/A;N/A;N/A;N/A;N/A;N/A;N/A;N/A;N/A;N/A;N/A;N/A;N/A;N/A;N/A;N/A;;0;321.5;0;0;;Disabled;TempStop;2;700;324;279.7;0;0;599.9;549.9;Enabled;PosOk;2;0;0;0;0;0;15;Disabled;0;0;0;0;0;0;0;0;0;0;0;0;0;0;0;0;0;0;0;0;0;0;0;0;0;0;0;0;0;0;0;0;0;0;0;0;0;0;0;0;0;0;0;0;0;0;0;0;0;0;0;0;0;0;0;0;0;0;0;0;0;0;0;0;0;0;0;0;0;0;30;31;20;45;30;30;20;45;30;31;20;45;30;30;20;45;200;141;100;300;200;139;100;300;200;140;100;300;200;140;100;300;30;31;20;45;30;30;20;45;30;30;20;45;30;30;20;45;200;145;100;300;200;143;100;300;200;234;100;300;200;235;100;300;4;2;0.4;6;4;5;0.4;6;4;2;0.4;6;4;5;0.4;6;4;2;0.4;6;4;5;0.4;6;4;3;0.4;6;4;5;0.4;6;NOK;NOK;OK;7000;7070;6500;8100;OK;4.97;0;8;12;NOK;N/A;1.5;N/A;N/A;N/A;9;11.7;7;18;OK;;0;0;0;-;Disabled;TempOk;2;230;37.9;38.4;0;0;349.9;441345100 daimler 1500 1900;441345100 daimler 1500 1900;441345100 Daimler 1500 1900
20260325_21:12:19;0;3;2;950;940.1;925;975;OK;950;951.9;925;975;OK;951.7;951.8;-20;-11.7;-50;-25;NOK;-20;-11.4;-50;-25;NOK;-12.1;-11.1;0;-20;-11.8;-50;-25;NOK;300;311;300;500;OK;0;0;N/A;N/A;N/A;N/A;N/A;N/A;N/A;N/A;N/A;N/A;N/A;N/A;N/A;N/A;N/A;N/A;N/A;N/A;N/A;N/A;N/A;N/A;N/A;N/A;N/A;N/A;N/A;N/A;N/A;N/A;N/A;N/A;N/A;N/A;N/A;N/A;N/A;N/A;N/A;N/A;N/A;N/A;N/A;N/A;N/A;N/A;N/A;N/A;N/A;N/A;N/A;N/A;N/A;N/A;N/A;N/A;N/A;N/A;N/A;N/A;N/A;N/A;N/A;N/A;N/A;N/A;N/A;N/A;N/A;N/A;N/A;N/A;N/A;N/A;N/A;N/A;N/A;N/A;N/A;N/A;N/A;N/A;N/A;N/A;N/A;N/A;N/A;N/A;N/A;N/A;N/A;N/A;N/A;N/A;N/A;N/A;N/A;N/A;;0;319.6;0;0;;Disabled;TempStop;2;700;322.2;277.5;0;0;599.9;549.9;Enabled;PosOk;2;0;0;0;0;0;15;Disabled;0;0;0;0;0;0;0;0;0;0;0;0;0;0;0;0;0;0;0;0;0;0;0;0;0;0;0;0;0;0;0;0;0;0;0;0;0;0;0;0;0;0;0;0;0;0;0;0;0;0;0;0;0;0;0;0;0;0;0;0;0;0;0;0;0;0;0;0;0;0;30;31;20;45;30;30;20;45;30;31;20;45;30;30;20;45;200;141;100;300;200;139;100;300;200;139;100;300;200;139;100;300;30;31;20;45;30;30;20;45;30;31;20;45;30;30;20;45;200;144;100;300;200;143;100;300;200;234;100;300;200;235;100;300;4;2;0.4;6;4;5;0.4;6;4;2;0.4;6;4;5;0.4;6;4;2;0.4;6;4;5;0.4;6;4;3;0.4;6;4;5;0.4;6;NOK;NOK;OK;7000;7064;6500;8100;OK;4.97;0;8;12;NOK;N/A;1.5;N/A;N/A;N/A;9;12;7;18;OK;;0;0;0;-;Disabled;TempOk;2;230;38.9;38.9;0;0;349.9;441345100 daimler 1500 1900;441345100 daimler 1500 1900;441345100 Daimler 1500 1900
20260325_21:12:55;0;1;3;950;940.7;925;975;OK;950;951.7;925;975;OK;951.8;951.8;-20;-12;-50;-25;NOK;-20;-12.6;-50;-25;NOK;-13.2;-13.8;0;-20;-11.9;-50;-25;NOK;300;311;300;500;OK;0;0;N/A;N/A;N/A;N/A;N/A;N/A;N/A;N/A;N/A;N/A;N/A;N/A;N/A;N/A;N/A;N/A;N/A;N/A;N/A;N/A;N/A;N/A;N/A;N/A;N/A;N/A;N/A;N/A;N/A;N/A;N/A;N/A;N/A;N/A;N/A;N/A;N/A;N/A;N/A;N/A;N/A;N/A;N/A;N/A;N/A;N/A;N/A;N/A;N/A;N/A;N/A;N/A;N/A;N/A;N/A;N/A;N/A;N/A;N/A;N/A;N/A;N/A;N/A;N/A;N/A;N/A;N/A;N/A;N/A;N/A;N/A;N/A;N/A;N/A;N/A;N/A;N/A;N/A;N/A;N/A;N/A;N/A;N/A;N/A;N/A;N/A;N/A;N/A;N/A;N/A;N/A;N/A;N/A;N/A;N/A;N/A;N/A;N/A;;0;321.7;0;0;;Disabled;TempStop;2;700;324.4;279.8;0;0;599.9;549.9;Enabled;PosOk;2;0;0;0;0;0;15;Disabled;0;0;0;0;0;0;0;0;0;0;0;0;0;0;0;0;0;0;0;0;0;0;0;0;0;0;0;0;0;0;0;0;0;0;0;0;0;0;0;0;0;0;0;0;0;0;0;0;0;0;0;0;0;0;0;0;0;0;0;0;0;0;0;0;0;0;0;0;12;30;30;31;20;45;30;30;20;45;30;31;20;45;30;30;20;45;200;141;100;300;200;139;100;300;200;140;100;300;200;140;100;300;30;31;20;45;30;30;20;45;30;31;20;45;30;30;20;45;200;145;100;300;200;143;100;300;200;233;100;300;200;235;100;300;4;2;0.4;6;4;5;0.4;6;4;2;0.4;6;4;5;0.4;6;4;2;0.4;6;4;5;0.4;6;4;2;0.4;6;4;5;0.4;6;NOK;NOK;OK;7000;7055;6500;8100;OK;4.97;0;8;12;NOK;N/A;1.5;N/A;N/A;N/A;9;11.7;7;18;OK;;0;0;0;-;Disabled;TempOk;2;230;38.4;38.4;0;0;349.9;441345100 daimler 1500 1900;441345100 daimler 1500 1900;441345100 Daimler 1500 1900
20260325_21:13:31;0;3;3;950;940.6;925;975;OK;950;951.6;925;975;OK;951.7;951.6;-20;-12.6;-50;-25;NOK;-20;-12.6;-50;-25;NOK;-10.7;-11.7;0;-20;-12.5;-50;-25;NOK;300;311;300;500;OK;0;0;N/A;N/A;N/A;N/A;N/A;N/A;N/A;N/A;N/A;N/A;N/A;N/A;N/A;N/A;N/A;N/A;N/A;N/A;N/A;N/A;N/A;N/A;N/A;N/A;N/A;N/A;N/A;N/A;N/A;N/A;N/A;N/A;N/A;N/A;N/A;N/A;N/A;N/A;N/A;N/A;N/A;N/A;N/A;N/A;N/A;N/A;N/A;N/A;N/A;N/A;N/A;N/A;N/A;N/A;N/A;N/A;N/A;N/A;N/A;N/A;N/A;N/A;N/A;N/A;N/A;N/A;N/A;N/A;N/A;N/A;N/A;N/A;N/A;N/A;N/A;N/A;N/A;N/A;N/A;N/A;N/A;N/A;N/A;N/A;N/A;N/A;N/A;N/A;N/A;N/A;N/A;N/A;N/A;N/A;N/A;N/A;N/A;N/A;;0;320.7;0;0;;Disabled;TempStop;2;700;323;279.8;0;0;599.9;549.9;Enabled;PosOk;2;0;0;0;0;0;15;Disabled;0;0;0;0;0;0;0;0;0;0;0;0;0;0;0;0;0;0;0;0;0;0;0;0;0;0;0;0;0;0;0;0;0;0;0;0;0;0;0;0;0;0;0;0;0;0;0;0;0;0;0;0;0;0;0;0;0;0;0;0;0;0;0;0;0;0;0;0;0;0;30;31;20;45;30;30;20;45;30;32;20;45;30;30;20;45;200;141;100;300;200;139;100;300;200;140;100;300;200;140;100;300;30;31;20;45;30;30;20;45;30;31;20;45;30;30;20;45;200;144;100;300;200;143;100;300;200;233;100;300;200;234;100;300;4;2;0.4;6;4;5;0.4;6;4;2;0.4;6;4;5;0.4;6;4;2;0.4;6;4;5;0.4;6;4;2;0.4;6;4;5;0.4;6;NOK;NOK;OK;7000;7067;6500;8100;OK;4.97;0;8;12;NOK;N/A;1.5;N/A;N/A;N/A;9;11.9;7;18;OK;;0;0;0;-;Disabled;TempOk;2;230;38.2;38.7;0;0;349.9;441345100 daimler 1500 1900;441345100 daimler 1500 1900;441345100 Daimler 1500 1900
20260325_21:14:07;0;1;1;950;940.2;925;975;OK;950;946.4;925;975;OK;947.2;946.8;-20;-14.8;-50;-25;NOK;-20;-14.5;-50;-25;NOK;-14;-14.2;0;-20;-14.8;-50;-25;NOK;300;311;300;500;OK;0;0;N/A;N/A;N/A;N/A;N/A;N/A;N/A;N/A;N/A;N/A;N/A;N/A;N/A;N/A;N/A;N/A;N/A;N/A;N/A;N/A;N/A;N/A;N/A;N/A;N/A;N/A;N/A;N/A;N/A;N/A;N/A;N/A;N/A;N/A;N/A;N/A;N/A;N/A;N/A;N/A;N/A;N/A;N/A;N/A;N/A;N/A;N/A;N/A;N/A;N/A;N/A;N/A;N/A;N/A;N/A;N/A;N/A;N/A;N/A;N/A;N/A;N/A;N/A;N/A;N/A;N/A;N/A;N/A;N/A;N/A;N/A;N/A;N/A;N/A;N/A;N/A;N/A;N/A;N/A;N/A;N/A;N/A;N/A;N/A;N/A;N/A;N/A;N/A;N/A;N/A;N/A;N/A;N/A;N/A;N/A;N/A;N/A;N/A;;0;321.5;0;0;;Disabled;TempStop;2;700;323.9;280.9;0;0;599.9;549.9;Enabled;PosOk;2;0;0;0;0;0;15;Disabled;0;0;0;0;0;0;0;0;0;0;0;0;0;0;0;0;0;0;0;0;0;0;0;0;0;0;0;0;0;0;0;0;0;0;0;0;0;0;0;0;0;0;0;0;0;0;0;0;0;0;0;0;0;0;0;0;0;0;0;0;0;0;0;0;0;0;0;0;0;0;30;32;20;45;30;30;20;45;30;32;20;45;30;30;20;45;200;141;100;300;200;139;100;300;200;140;100;300;200;140;100;300;30;31;20;45;30;29;20;45;30;31;20;45;30;29;20;45;200;144;100;300;200;143;100;300;200;234;100;300;200;235;100;300;4;2;0.4;6;4;5;0.4;6;4;2;0.4;6;4;5;0.4;6;4;2;0.4;6;4;5;0.4;6;4;2;0.4;6;4;5;0.4;6;NOK;NOK;OK;7000;7077;6500;8100;OK;4.97;0;8;12;NOK;N/A;1.5;N/A;N/A;N/A;9;11.7;7;18;OK;;0;0;0;-;Disabled;TempOk;2;230;38.7;38.9;0;0;349.9;441345100 daimler 1500 1900;441345100 daimler 1500 1900;441345100 Daimler 1500 1900
20260325_21:14:43;0;1;4;950;939.6;925;975;OK;950;950.9;925;975;OK;950.8;950.8;-20;-9.2;-50;-25;NOK;-20;-9.3;-50;-25;NOK;-12.6;-11.2;0;-20;-9.2;-50;-25;NOK;300;311;300;500;OK;0;0;N/A;N/A;N/A;N/A;N/A;N/A;N/A;N/A;N/A;N/A;N/A;N/A;N/A;N/A;N/A;N/A;N/A;N/A;N/A;N/A;N/A;N/A;N/A;N/A;N/A;N/A;N/A;N/A;N/A;N/A;N/A;N/A;N/A;N/A;N/A;N/A;N/A;N/A;N/A;N/A;N/A;N/A;N/A;N/A;N/A;N/A;N/A;N/A;N/A;N/A;N/A;N/A;N/A;N/A;N/A;N/A;N/A;N/A;N/A;N/A;N/A;N/A;N/A;N/A;N/A;N/A;N/A;N/A;N/A;N/A;N/A;N/A;N/A;N/A;N/A;N/A;N/A;N/A;N/A;N/A;N/A;N/A;N/A;N/A;N/A;N/A;N/A;N/A;N/A;N/A;N/A;N/A;N/A;N/A;N/A;N/A;N/A;N/A;;0;321.8;0;0;;Disabled;TempStop;2;700;324.3;279.7;0;0;599.9;549.9;Enabled;PosOk;2;0;0;0;0;0;15;Disabled;0;0;0;0;0;0;0;0;0;0;0;0;0;0;0;0;0;0;0;0;0;0;0;0;0;0;0;0;0;0;0;0;0;0;0;0;0;0;0;0;0;0;0;0;0;0;0;0;0;0;0;0;0;0;0;0;0;0;0;0;0;0;0;0;0;0;0;0;14;18;30;31;20;45;30;29;20;45;30;31;20;45;30;29;20;45;200;141;100;300;200;139;100;300;200;140;100;300;200;140;100;300;30;30;20;45;30;29;20;45;30;30;20;45;30;29;20;45;200;145;100;300;200;144;100;300;200;233;100;300;200;235;100;300;4;2;0.4;6;4;5;0.4;6;4;2;0.4;6;4;5;0.4;6;4;2;0.4;6;4;5;0.4;6;4;2;0.4;6;4;5;0.4;6;NOK;NOK;OK;7000;7050;6500;8100;OK;4.97;0;8;12;NOK;N/A;1.5;N/A;N/A;N/A;9;11.8;7;18;OK;;0;0;0;-;Disabled;TempOk;2;230;38.9;38.4;0;0;349.9;441345100 daimler 1500 1900;441345100 daimler 1500 1900;441345100 Daimler 1500 1900
20260325_21:15:19;0;3;1;950;940.6;925;975;OK;950;951.3;925;975;OK;951.3;951.5;-20;-13.7;-50;-25;NOK;-20;-13.2;-50;-25;NOK;-10.8;-11.9;0;-20;-13.8;-50;-25;NOK;300;311;300;500;OK;0;0;N/A;N/A;N/A;N/A;N/A;N/A;N/A;N/A;N/A;N/A;N/A;N/A;N/A;N/A;N/A;N/A;N/A;N/A;N/A;N/A;N/A;N/A;N/A;N/A;N/A;N/A;N/A;N/A;N/A;N/A;N/A;N/A;N/A;N/A;N/A;N/A;N/A;N/A;N/A;N/A;N/A;N/A;N/A;N/A;N/A;N/A;N/A;N/A;N/A;N/A;N/A;N/A;N/A;N/A;N/A;N/A;N/A;N/A;N/A;N/A;N/A;N/A;N/A;N/A;N/A;N/A;N/A;N/A;N/A;N/A;N/A;N/A;N/A;N/A;N/A;N/A;N/A;N/A;N/A;N/A;N/A;N/A;N/A;N/A;N/A;N/A;N/A;N/A;N/A;N/A;N/A;N/A;N/A;N/A;N/A;N/A;N/A;N/A;;0;320.6;0;0;;Disabled;TempStop;2;700;322.9;279.3;0;0;599.9;549.9;Enabled;PosOk;2;0;0;0;0;0;15;Disabled;0;0;0;0;0;0;0;0;0;0;0;0;0;0;0;0;0;0;0;0;0;0;0;0;0;0;0;0;0;0;0;0;0;0;0;0;0;0;0;0;0;0;0;0;0;0;0;0;0;0;0;0;0;0;0;0;0;0;0;0;0;0;0;0;0;0;0;0;0;0;30;31;20;45;30;29;20;45;30;31;20;45;30;29;20;45;200;141;100;300;200;139;100;300;200;140;100;300;200;140;100;300;30;30;20;45;30;29;20;45;30;30;20;45;30;29;20;45;200;145;100;300;200;144;100;300;200;234;100;300;200;235;100;300;4;2;0.4;6;4;5;0.4;6;4;2;0.4;6;4;5;0.4;6;4;2;0.4;6;4;5;0.4;6;4;3;0.4;6;4;5;0.4;6;NOK;NOK;OK;7000;7056;6500;8100;OK;4.97;0;8;12;NOK;N/A;1.5;N/A;N/A;N/A;9;11.9;7;18;OK;;0;0;0;-;Disabled;TempOk;2;230;38.9;39.5;0;0;349.9;441345100 daimler 1500 1900;441345100 daimler 1500 1900;441345100 Daimler 1500 1900
20260325_21:15:55;0;3;4;950;940.4;925;975;OK;950;951.6;925;975;OK;951.5;951.5;-20;-10.9;-50;-25;NOK;-20;-10.5;-50;-25;NOK;-11.6;-10.2;0;-20;-11.1;-50;-25;NOK;300;311;300;500;OK;0;0;N/A;N/A;N/A;N/A;N/A;N/A;N/A;N/A;N/A;N/A;N/A;N/A;N/A;N/A;N/A;N/A;N/A;N/A;N/A;N/A;N/A;N/A;N/A;N/A;N/A;N/A;N/A;N/A;N/A;N/A;N/A;N/A;N/A;N/A;N/A;N/A;N/A;N/A;N/A;N/A;N/A;N/A;N/A;N/A;N/A;N/A;N/A;N/A;N/A;N/A;N/A;N/A;N/A;N/A;N/A;N/A;N/A;N/A;N/A;N/A;N/A;N/A;N/A;N/A;N/A;N/A;N/A;N/A;N/A;N/A;N/A;N/A;N/A;N/A;N/A;N/A;N/A;N/A;N/A;N/A;N/A;N/A;N/A;N/A;N/A;N/A;N/A;N/A;N/A;N/A;N/A;N/A;N/A;N/A;N/A;N/A;N/A;N/A;;0;320;0;0;;Disabled;TempStop;2;700;322.6;278.5;0;0;599.9;549.9;Enabled;PosOk;2;0;0;0;0;0;15;Disabled;0;0;0;0;0;0;0;0;0;0;0;0;0;0;0;0;0;0;0;0;0;0;0;0;0;0;0;0;0;0;0;0;0;0;0;0;0;0;0;0;0;0;0;0;0;0;0;0;0;0;0;0;0;0;0;0;0;0;0;0;0;0;0;0;0;0;0;0;0;0;30;31;20;45;30;30;20;45;30;31;20;45;30;29;20;45;200;141;100;300;200;139;100;300;200;140;100;300;200;140;100;300;30;31;20;45;30;29;20;45;30;30;20;45;30;30;20;45;200;145;100;300;200;143;100;300;200;233;100;300;200;234;100;300;4;2;0.4;6;4;5;0.4;6;4;2;0.4;6;4;5;0.4;6;4;2;0.4;6;4;5;0.4;6;4;2;0.4;6;4;5;0.4;6;NOK;NOK;OK;7000;7057;6500;8100;OK;4.97;0;8;12;NOK;N/A;1.5;N/A;N/A;N/A;9;11.7;7;18;OK;;0;0;0;-;Disabled;TempOk;2;230;38.9;39.7;0;0;349.9;441345100 daimler 1500 1900;441345100 daimler 1500 1900;441345100 Daimler 1500 1900
20260325_21:16:31;0;3;5;950;943.5;925;975;OK;950;951.2;925;975;OK;951.2;951.3;-20;-14.4;-50;-25;NOK;-20;-14.2;-50;-25;NOK;-14;-13.7;0;-20;-14.3;-50;-25;NOK;300;311;300;500;OK;0;0;N/A;N/A;N/A;N/A;N/A;N/A;N/A;N/A;N/A;N/A;N/A;N/A;N/A;N/A;N/A;N/A;N/A;N/A;N/A;N/A;N/A;N/A;N/A;N/A;N/A;N/A;N/A;N/A;N/A;N/A;N/A;N/A;N/A;N/A;N/A;N/A;N/A;N/A;N/A;N/A;N/A;N/A;N/A;N/A;N/A;N/A;N/A;N/A;N/A;N/A;N/A;N/A;N/A;N/A;N/A;N/A;N/A;N/A;N/A;N/A;N/A;N/A;N/A;N/A;N/A;N/A;N/A;N/A;N/A;N/A;N/A;N/A;N/A;N/A;N/A;N/A;N/A;N/A;N/A;N/A;N/A;N/A;N/A;N/A;N/A;N/A;N/A;N/A;N/A;N/A;N/A;N/A;N/A;N/A;N/A;N/A;N/A;N/A;;0;319.5;0;0;;Disabled;TempStop;2;700;321.8;278.4;0;0;599.9;549.9;Enabled;PosOk;2;0;0;0;0;0;15;Disabled;0;0;0;0;0;0;0;0;0;0;0;0;0;0;0;0;0;0;0;0;0;0;0;0;0;0;0;0;0;0;0;0;0;0;0;0;0;0;0;0;0;0;0;0;0;0;0;0;0;0;0;0;0;0;0;0;0;0;0;0;0;0;0;0;0;0;0;0;0;0;30;31;20;45;30;30;20;45;30;32;20;45;30;30;20;45;200;141;100;300;200;139;100;300;200;141;100;300;200;140;100;300;30;31;20;45;30;30;20;45;30;30;20;45;30;30;20;45;200;145;100;300;200;144;100;300;200;233;100;300;200;234;100;300;4;2;0.4;6;4;5;0.4;6;4;2;0.4;6;4;5;0.4;6;4;2;0.4;6;4;5;0.4;6;4;2;0.4;6;4;5;0.4;6;NOK;NOK;OK;7000;7066;6500;8100;OK;4.97;0;8;12;NOK;N/A;1.5;N/A;N/A;N/A;9;11.9;7;18;OK;;0;0;0;-;Disabled;TempOk;2;230;38.9;39.5;0;0;349.9;441345100 daimler 1500 1900;441345100 daimler 1500 1900;441345100 Daimler 1500 1900
20260325_21:17:07;0;1;2;950;941.1;925;975;OK;950;951.8;925;975;OK;951.7;951.7;-20;-11;-50;-25;NOK;-20;-10.7;-50;-25;NOK;-10;-9.7;0;-20;-11;-50;-25;NOK;300;311;300;500;OK;0;0;N/A;N/A;N/A;N/A;N/A;N/A;N/A;N/A;N/A;N/A;N/A;N/A;N/A;N/A;N/A;N/A;N/A;N/A;N/A;N/A;N/A;N/A;N/A;N/A;N/A;N/A;N/A;N/A;N/A;N/A;N/A;N/A;N/A;N/A;N/A;N/A;N/A;N/A;N/A;N/A;N/A;N/A;N/A;N/A;N/A;N/A;N/A;N/A;N/A;N/A;N/A;N/A;N/A;N/A;N/A;N/A;N/A;N/A;N/A;N/A;N/A;N/A;N/A;N/A;N/A;N/A;N/A;N/A;N/A;N/A;N/A;N/A;N/A;N/A;N/A;N/A;N/A;N/A;N/A;N/A;N/A;N/A;N/A;N/A;N/A;N/A;N/A;N/A;N/A;N/A;N/A;N/A;N/A;N/A;N/A;N/A;N/A;N/A;;0;322.2;0;0;;Disabled;TempStop;2;700;324.7;279.6;0;0;599.9;549.9;Enabled;PosOk;2;0;0;0;0;0;15;Disabled;0;0;0;0;0;0;0;0;0;0;0;0;0;0;0;0;0;0;0;0;0;0;0;0;0;0;0;0;0;0;0;0;0;0;0;0;0;0;0;0;0;0;0;0;0;0;0;0;0;0;0;0;0;0;0;0;0;0;0;0;0;0;0;0;0;0;0;0;0;0;30;31;20;45;30;30;20;45;30;32;20;45;30;30;20;45;200;141;100;300;200;139;100;300;200;140;100;300;200;140;100;300;30;31;20;45;30;30;20;45;30;31;20;45;30;30;20;45;200;145;100;300;200;144;100;300;200;233;100;300;200;234;100;300;4;2;0.4;6;4;5;0.4;6;4;2;0.4;6;4;5;0.4;6;4;2;0.4;6;4;5;0.4;6;4;2;0.4;6;4;5;0.4;6;NOK;NOK;OK;7000;7053;6500;8100;OK;4.97;0;8;12;NOK;N/A;1.5;N/A;N/A;N/A;9;11.8;7;18;OK;;0;0;0;-;Disabled;TempOk;2;230;38.4;39.1;0;0;349.9;441345100 daimler 1500 1900;441345100 daimler 1500 1900;441345100 Daimler 1500 1900
20260325_21:17:43;0;3;2;950;940.6;925;975;OK;950;951.9;925;975;OK;951.7;951.9;-20;-11.7;-50;-25;NOK;-20;-11.3;-50;-25;NOK;-12.1;-11.1;0;-20;-11.8;-50;-25;NOK;300;311;300;500;OK;0;0;N/A;N/A;N/A;N/A;N/A;N/A;N/A;N/A;N/A;N/A;N/A;N/A;N/A;N/A;N/A;N/A;N/A;N/A;N/A;N/A;N/A;N/A;N/A;N/A;N/A;N/A;N/A;N/A;N/A;N/A;N/A;N/A;N/A;N/A;N/A;N/A;N/A;N/A;N/A;N/A;N/A;N/A;N/A;N/A;N/A;N/A;N/A;N/A;N/A;N/A;N/A;N/A;N/A;N/A;N/A;N/A;N/A;N/A;N/A;N/A;N/A;N/A;N/A;N/A;N/A;N/A;N/A;N/A;N/A;N/A;N/A;N/A;N/A;N/A;N/A;N/A;N/A;N/A;N/A;N/A;N/A;N/A;N/A;N/A;N/A;N/A;N/A;N/A;N/A;N/A;N/A;N/A;N/A;N/A;N/A;N/A;N/A;N/A;;0;319.6;0;0;;Disabled;TempStop;2;700;322.1;278.4;0;0;599.9;549.9;Enabled;PosOk;2;0;0;0;0;0;15;Disabled;0;0;0;0;0;0;0;0;0;0;0;0;0;0;0;0;0;0;0;0;0;0;0;0;0;0;0;0;0;0;0;0;0;0;0;0;0;0;0;0;0;0;0;0;0;0;0;0;0;0;0;0;0;0;0;0;0;0;0;0;0;0;0;0;0;0;0;0;0;0;30;31;20;45;30;30;20;45;30;32;20;45;30;30;20;45;200;141;100;300;200;139;100;300;200;140;100;300;200;140;100;300;30;31;20;45;30;30;20;45;30;31;20;45;30;30;20;45;200;144;100;300;200;144;100;300;200;234;100;300;200;235;100;300;4;2;0.4;6;4;5;0.4;6;4;2;0.4;6;4;5;0.4;6;4;2;0.4;6;4;5;0.4;6;4;3;0.4;6;4;5;0.4;6;NOK;NOK;OK;7000;7063;6500;8100;OK;4.97;0;8;12;NOK;N/A;1.5;N/A;N/A;N/A;9;12;7;18;OK;;0;0;0;-;Disabled;TempOk;2;230;38.2;39.3;0;0;349.9;441345100 daimler 1500 1900;441345100 daimler 1500 1900;441345100 Daimler 1500 1900
20260325_21:18:19;0;1;3;950;941.1;925;975;OK;950;951.7;925;975;OK;951.8;951.7;-20;-12;-50;-25;NOK;-20;-12.4;-50;-25;NOK;-13.1;-13.7;0;-20;-12;-50;-25;NOK;300;311;300;500;OK;0;0;N/A;N/A;N/A;N/A;N/A;N/A;N/A;N/A;N/A;N/A;N/A;N/A;N/A;N/A;N/A;N/A;N/A;N/A;N/A;N/A;N/A;N/A;N/A;N/A;N/A;N/A;N/A;N/A;N/A;N/A;N/A;N/A;N/A;N/A;N/A;N/A;N/A;N/A;N/A;N/A;N/A;N/A;N/A;N/A;N/A;N/A;N/A;N/A;N/A;N/A;N/A;N/A;N/A;N/A;N/A;N/A;N/A;N/A;N/A;N/A;N/A;N/A;N/A;N/A;N/A;N/A;N/A;N/A;N/A;N/A;N/A;N/A;N/A;N/A;N/A;N/A;N/A;N/A;N/A;N/A;N/A;N/A;N/A;N/A;N/A;N/A;N/A;N/A;N/A;N/A;N/A;N/A;N/A;N/A;N/A;N/A;N/A;N/A;;0;321.2;0;0;;Disabled;TempStop;2;700;324.1;278.7;0;0;599.9;549.9;Enabled;PosOk;2;0;0;0;0;0;15;Disabled;0;0;0;0;0;0;0;0;0;0;0;0;0;0;0;0;0;0;0;0;0;0;0;0;0;0;0;0;0;0;0;0;0;0;0;0;0;0;0;0;0;0;0;0;0;0;0;0;0;0;0;0;0;0;0;0;0;0;0;0;0;0;0;0;0;0;0;0;17;53;30;31;20;45;30;29;20;45;30;32;20;45;30;29;20;45;200;141;100;300;200;139;100;300;200;141;100;300;200;140;100;300;30;31;20;45;30;29;20;45;30;30;20;45;30;29;20;45;200;145;100;300;200;144;100;300;200;233;100;300;200;235;100;300;4;2;0.4;6;4;5;0.4;6;4;2;0.4;6;4;5;0.4;6;4;2;0.4;6;4;5;0.4;6;4;2;0.4;6;4;5;0.4;6;NOK;NOK;OK;7000;7050;6500;8100;OK;4.97;0;8;12;NOK;N/A;1.5;N/A;N/A;N/A;9;12.3;7;18;OK;;0;0;0;-;Disabled;TempOk;2;230;38.4;39.3;0;0;349.9;441345100 daimler 1500 1900;441345100 daimler 1500 1900;441345100 Daimler 1500 1900
20260325_21:18:55;0;3;3;950;940.8;925;975;OK;950;951.5;925;975;OK;951.6;951.5;-20;-12.5;-50;-25;NOK;-20;-12.5;-50;-25;NOK;-10.6;-11.6;0;-20;-12.5;-50;-25;NOK;300;311;300;500;OK;0;0;N/A;N/A;N/A;N/A;N/A;N/A;N/A;N/A;N/A;N/A;N/A;N/A;N/A;N/A;N/A;N/A;N/A;N/A;N/A;N/A;N/A;N/A;N/A;N/A;N/A;N/A;N/A;N/A;N/A;N/A;N/A;N/A;N/A;N/A;N/A;N/A;N/A;N/A;N/A;N/A;N/A;N/A;N/A;N/A;N/A;N/A;N/A;N/A;N/A;N/A;N/A;N/A;N/A;N/A;N/A;N/A;N/A;N/A;N/A;N/A;N/A;N/A;N/A;N/A;N/A;N/A;N/A;N/A;N/A;N/A;N/A;N/A;N/A;N/A;N/A;N/A;N/A;N/A;N/A;N/A;N/A;N/A;N/A;N/A;N/A;N/A;N/A;N/A;N/A;N/A;N/A;N/A;N/A;N/A;N/A;N/A;N/A;N/A;;0;320;0;0;;Disabled;TempStop;2;700;322.6;278;0;0;599.9;549.9;Enabled;PosOk;2;0;0;0;0;0;15;Disabled;0;0;0;0;0;0;0;0;0;0;0;0;0;0;0;0;0;0;0;0;0;0;0;0;0;0;0;0;0;0;0;0;0;0;0;0;0;0;0;0;0;0;0;0;0;0;0;0;0;0;0;0;0;0;0;0;0;0;0;0;0;0;0;0;0;0;0;0;0;0;30;31;20;45;30;29;20;45;30;31;20;45;30;29;20;45;200;141;100;300;200;139;100;300;200;140;100;300;200;140;100;300;30;30;20;45;30;29;20;45;30;30;20;45;30;29;20;45;200;144;100;300;200;143;100;300;200;233;100;300;200;234;100;300;4;2;0.4;6;4;5;0.4;6;4;2;0.4;6;4;5;0.4;6;4;2;0.4;6;4;5;0.4;6;4;2;0.4;6;4;5;0.4;6;NOK;NOK;OK;7000;7036;6500;8100;OK;4.97;0;8;12;NOK;N/A;1.51;N/A;N/A;N/A;9;11.7;7;18;OK;;0;0;0;-;Disabled;TempOk;2;230;38.4;38.7;0;0;349.9;441345100 daimler 1500 1900;441345100 daimler 1500 1900;441345100 Daimler 1500 1900
20260325_21:19:31;0;1;1;950;935.6;925;975;OK;950;937.1;925;975;OK;936.5;936.8;-20;-14.7;-50;-25;NOK;-20;-14.5;-50;-25;NOK;-13.8;-14;0;-20;-14.8;-50;-25;NOK;300;311;300;500;OK;0;0;N/A;N/A;N/A;N/A;N/A;N/A;N/A;N/A;N/A;N/A;N/A;N/A;N/A;N/A;N/A;N/A;N/A;N/A;N/A;N/A;N/A;N/A;N/A;N/A;N/A;N/A;N/A;N/A;N/A;N/A;N/A;N/A;N/A;N/A;N/A;N/A;N/A;N/A;N/A;N/A;N/A;N/A;N/A;N/A;N/A;N/A;N/A;N/A;N/A;N/A;N/A;N/A;N/A;N/A;N/A;N/A;N/A;N/A;N/A;N/A;N/A;N/A;N/A;N/A;N/A;N/A;N/A;N/A;N/A;N/A;N/A;N/A;N/A;N/A;N/A;N/A;N/A;N/A;N/A;N/A;N/A;N/A;N/A;N/A;N/A;N/A;N/A;N/A;N/A;N/A;N/A;N/A;N/A;N/A;N/A;N/A;N/A;N/A;;0;320.1;0;0;;Disabled;TempStop;2;700;322.8;278.4;0;0;599.9;549.9;Enabled;PosOk;2;0;0;0;0;0;15;Disabled;0;0;0;0;0;0;0;0;0;0;0;0;0;0;0;0;0;0;0;0;0;0;0;0;0;0;0;0;0;0;0;0;0;0;0;0;0;0;0;0;0;0;0;0;0;0;0;0;0;0;0;0;0;0;0;0;0;0;0;0;0;0;0;0;0;0;0;0;0;0;30;31;20;45;30;29;20;45;30;31;20;45;30;29;20;45;200;141;100;300;200;139;100;300;200;140;100;300;200;139;100;300;30;30;20;45;30;29;20;45;30;30;20;45;30;29;20;45;200;144;100;300;200;143;100;300;200;233;100;300;200;234;100;300;4;2;0.4;6;4;5;0.4;6;4;2;0.4;6;4;5;0.4;6;4;2;0.4;6;4;5;0.4;6;4;3;0.4;6;4;5;0.4;6;NOK;NOK;OK;7000;7064;6500;8100;OK;4.97;0;8;12;NOK;N/A;1.5;N/A;N/A;N/A;9;11.8;7;18;OK;;0;0;0;-;Disabled;TempOk;2;230;38.7;39.3;0;0;349.9;441345100 daimler 1500 1900;441345100 daimler 1500 1900;441345100 Daimler 1500 1900
20260325_21:20:07;0;1;4;950;940.3;925;975;OK;950;950.9;925;975;OK;950.8;951;-20;-9.2;-50;-25;NOK;-20;-9.2;-50;-25;NOK;-12.3;-11;0;-20;-9.3;-50;-25;NOK;300;311;300;500;OK;0;0;N/A;N/A;N/A;N/A;N/A;N/A;N/A;N/A;N/A;N/A;N/A;N/A;N/A;N/A;N/A;N/A;N/A;N/A;N/A;N/A;N/A;N/A;N/A;N/A;N/A;N/A;N/A;N/A;N/A;N/A;N/A;N/A;N/A;N/A;N/A;N/A;N/A;N/A;N/A;N/A;N/A;N/A;N/A;N/A;N/A;N/A;N/A;N/A;N/A;N/A;N/A;N/A;N/A;N/A;N/A;N/A;N/A;N/A;N/A;N/A;N/A;N/A;N/A;N/A;N/A;N/A;N/A;N/A;N/A;N/A;N/A;N/A;N/A;N/A;N/A;N/A;N/A;N/A;N/A;N/A;N/A;N/A;N/A;N/A;N/A;N/A;N/A;N/A;N/A;N/A;N/A;N/A;N/A;N/A;N/A;N/A;N/A;N/A;;0;320.8;0;0;;Disabled;TempStop;2;700;323.3;278.5;0;0;599.9;549.9;Enabled;PosOk;2;0;0;0;0;0;15;Disabled;0;0;0;0;0;0;0;0;0;0;0;0;0;0;0;0;0;0;0;0;0;0;0;0;0;0;0;0;0;0;0;0;0;0;0;0;0;0;0;0;0;0;0;0;0;0;0;0;0;0;0;0;0;0;0;0;0;0;0;0;0;0;0;0;0;0;0;0;19;41;30;31;20;45;30;30;20;45;30;31;20;45;30;29;20;45;200;141;100;300;200;139;100;300;200;140;100;300;200;140;100;300;30;31;20;45;30;30;20;45;30;30;20;45;30;30;20;45;200;145;100;300;200;144;100;300;200;233;100;300;200;234;100;300;4;2;0.4;6;4;5;0.4;6;4;2;0.4;6;4;5;0.4;6;4;2;0.4;6;4;5;0.4;6;4;2;0.4;6;4;5;0.4;6;NOK;NOK;OK;7000;7055;6500;8100;OK;4.97;0;8;12;NOK;N/A;1.5;N/A;N/A;N/A;9;11.9;7;18;OK;;0;0;0;-;Disabled;TempOk;2;230;39.1;39.3;0;0;349.9;441345100 daimler 1500 1900;441345100 daimler 1500 1900;441345100 Daimler 1500 1900
20260325_21:20:43;0;3;1;950;940.6;925;975;OK;950;951.5;925;975;OK;951.3;951.4;-20;-13.7;-50;-25;NOK;-20;-13.2;-50;-25;NOK;-10.8;-11.8;0;-20;-13.8;-50;-25;NOK;300;311;300;500;OK;0;0;N/A;N/A;N/A;N/A;N/A;N/A;N/A;N/A;N/A;N/A;N/A;N/A;N/A;N/A;N/A;N/A;N/A;N/A;N/A;N/A;N/A;N/A;N/A;N/A;N/A;N/A;N/A;N/A;N/A;N/A;N/A;N/A;N/A;N/A;N/A;N/A;N/A;N/A;N/A;N/A;N/A;N/A;N/A;N/A;N/A;N/A;N/A;N/A;N/A;N/A;N/A;N/A;N/A;N/A;N/A;N/A;N/A;N/A;N/A;N/A;N/A;N/A;N/A;N/A;N/A;N/A;N/A;N/A;N/A;N/A;N/A;N/A;N/A;N/A;N/A;N/A;N/A;N/A;N/A;N/A;N/A;N/A;N/A;N/A;N/A;N/A;N/A;N/A;N/A;N/A;N/A;N/A;N/A;N/A;N/A;N/A;N/A;N/A;;0;319.9;0;0;;Disabled;TempStop;2;700;322.4;278.4;0;0;599.9;549.9;Enabled;PosOk;2;0;0;0;0;0;15;Disabled;0;0;0;0;0;0;0;0;0;0;0;0;0;0;0;0;0;0;0;0;0;0;0;0;0;0;0;0;0;0;0;0;0;0;0;0;0;0;0;0;0;0;0;0;0;0;0;0;0;0;0;0;0;0;0;0;0;0;0;0;0;0;0;0;0;0;0;0;0;0;30;31;20;45;30;30;20;45;30;31;20;45;30;30;20;45;200;141;100;300;200;139;100;300;200;139;100;300;200;140;100;300;30;31;20;45;30;30;20;45;30;30;20;45;30;30;20;45;200;145;100;300;200;143;100;300;200;233;100;300;200;234;100;300;4;2;0.4;6;4;5;0.4;6;4;2;0.4;6;4;5;0.4;6;4;2;0.4;6;4;5;0.4;6;4;3;0.4;6;4;5;0.4;6;NOK;NOK;OK;7000;7053;6500;8100;OK;4.96;0;8;12;NOK;N/A;1.5;N/A;N/A;N/A;9;11.7;7;18;OK;;0;0;0;-;Disabled;TempOk;2;230;39.3;38.9;0;0;349.9;441345100 daimler 1500 1900;441345100 daimler 1500 1900;441345100 Daimler 1500 1900
20260325_21:21:19;0;3;4;950;940.1;925;975;OK;950;951.5;925;975;OK;951.5;951.5;-20;-10.9;-50;-25;NOK;-20;-10.6;-50;-25;NOK;-11.3;-9.8;0;-20;-11;-50;-25;NOK;300;311;300;500;OK;0;0;N/A;N/A;N/A;N/A;N/A;N/A;N/A;N/A;N/A;N/A;N/A;N/A;N/A;N/A;N/A;N/A;N/A;N/A;N/A;N/A;N/A;N/A;N/A;N/A;N/A;N/A;N/A;N/A;N/A;N/A;N/A;N/A;N/A;N/A;N/A;N/A;N/A;N/A;N/A;N/A;N/A;N/A;N/A;N/A;N/A;N/A;N/A;N/A;N/A;N/A;N/A;N/A;N/A;N/A;N/A;N/A;N/A;N/A;N/A;N/A;N/A;N/A;N/A;N/A;N/A;N/A;N/A;N/A;N/A;N/A;N/A;N/A;N/A;N/A;N/A;N/A;N/A;N/A;N/A;N/A;N/A;N/A;N/A;N/A;N/A;N/A;N/A;N/A;N/A;N/A;N/A;N/A;N/A;N/A;N/A;N/A;N/A;N/A;;0;320.3;0;0;;Disabled;TempStop;2;700;322.8;279;0;0;599.9;549.9;Enabled;PosOk;2;0;0;0;0;0;15;Disabled;0;0;0;0;0;0;0;0;0;0;0;0;0;0;0;0;0;0;0;0;0;0;0;0;0;0;0;0;0;0;0;0;0;0;0;0;0;0;0;0;0;0;0;0;0;0;0;0;0;0;0;0;0;0;0;0;0;0;0;0;0;0;0;0;0;0;0;0;0;0;30;31;20;45;30;30;20;45;30;31;20;45;30;30;20;45;200;141;100;300;200;139;100;300;200;140;100;300;200;140;100;300;30;31;20;45;30;30;20;45;30;31;20;45;30;30;20;45;200;145;100;300;200;144;100;300;200;233;100;300;200;234;100;300;4;2;0.4;6;4;5;0.4;6;4;2;0.4;6;4;5;0.4;6;4;2;0.4;6;4;5;0.4;6;4;3;0.4;6;4;5;0.4;6;NOK;NOK;OK;7000;7046;6500;8100;OK;4.97;0;8;12;NOK;N/A;1.5;N/A;N/A;N/A;9;12;7;18;OK;;0;0;0;-;Disabled;TempOk;2;230;38.9;39.5;0;0;349.9;441345100 daimler 1500 1900;441345100 daimler 1500 1900;441345100 Daimler 1500 1900
20260325_21:21:55;0;3;5;950;943.6;925;975;OK;950;951.2;925;975;OK;951.2;951.3;-20;-14.2;-50;-25;NOK;-20;-14.4;-50;-25;NOK;-13.7;-13.8;0;-20;-14.1;-50;-25;NOK;300;311;300;500;OK;0;0;N/A;N/A;N/A;N/A;N/A;N/A;N/A;N/A;N/A;N/A;N/A;N/A;N/A;N/A;N/A;N/A;N/A;N/A;N/A;N/A;N/A;N/A;N/A;N/A;N/A;N/A;N/A;N/A;N/A;N/A;N/A;N/A;N/A;N/A;N/A;N/A;N/A;N/A;N/A;N/A;N/A;N/A;N/A;N/A;N/A;N/A;N/A;N/A;N/A;N/A;N/A;N/A;N/A;N/A;N/A;N/A;N/A;N/A;N/A;N/A;N/A;N/A;N/A;N/A;N/A;N/A;N/A;N/A;N/A;N/A;N/A;N/A;N/A;N/A;N/A;N/A;N/A;N/A;N/A;N/A;N/A;N/A;N/A;N/A;N/A;N/A;N/A;N/A;N/A;N/A;N/A;N/A;N/A;N/A;N/A;N/A;N/A;N/A;;0;319.5;0;0;;Disabled;TempStop;2;700;322.2;278;0;0;599.9;549.9;Enabled;PosOk;2;0;0;0;0;0;15;Disabled;0;0;0;0;0;0;0;0;0;0;0;0;0;0;0;0;0;0;0;0;0;0;0;0;0;0;0;0;0;0;0;0;0;0;0;0;0;0;0;0;0;0;0;0;0;0;0;0;0;0;0;0;0;0;0;0;0;0;0;0;0;0;0;0;0;0;0;0;0;0;30;31;20;45;30;30;20;45;30;32;20;45;30;30;20;45;200;141;100;300;200;139;100;300;200;140;100;300;200;140;100;300;30;31;20;45;30;30;20;45;30;31;20;45;30;30;20;45;200;145;100;300;200;143;100;300;200;233;100;300;200;235;100;300;4;2;0.4;6;4;5;0.4;6;4;2;0.4;6;4;5;0.4;6;4;2;0.4;6;4;5;0.4;6;4;2;0.4;6;4;5;0.4;6;NOK;NOK;OK;7000;7080;6500;8100;OK;4.97;0;8;12;NOK;N/A;1.5;N/A;N/A;N/A;9;11.8;7;18;OK;;0;0;0;-;Disabled;TempOk;2;230;38.2;38.4;0;0;349.9;441345100 daimler 1500 1900;441345100 daimler 1500 1900;441345100 Daimler 1500 1900
20260325_21:22:31;0;1;2;950;940.9;925;975;OK;950;951.6;925;975;OK;951.6;951.6;-20;-10.9;-50;-25;NOK;-20;-10.6;-50;-25;NOK;-9.9;-9.7;0;-20;-11;-50;-25;NOK;300;311;300;500;OK;0;0;N/A;N/A;N/A;N/A;N/A;N/A;N/A;N/A;N/A;N/A;N/A;N/A;N/A;N/A;N/A;N/A;N/A;N/A;N/A;N/A;N/A;N/A;N/A;N/A;N/A;N/A;N/A;N/A;N/A;N/A;N/A;N/A;N/A;N/A;N/A;N/A;N/A;N/A;N/A;N/A;N/A;N/A;N/A;N/A;N/A;N/A;N/A;N/A;N/A;N/A;N/A;N/A;N/A;N/A;N/A;N/A;N/A;N/A;N/A;N/A;N/A;N/A;N/A;N/A;N/A;N/A;N/A;N/A;N/A;N/A;N/A;N/A;N/A;N/A;N/A;N/A;N/A;N/A;N/A;N/A;N/A;N/A;N/A;N/A;N/A;N/A;N/A;N/A;N/A;N/A;N/A;N/A;N/A;N/A;N/A;N/A;N/A;N/A;;0;321.5;0;0;;Disabled;TempStop;2;700;323.7;280;0;0;599.9;549.9;Enabled;PosOk;2;0;0;0;0;0;15;Disabled;0;0;0;0;0;0;0;0;0;0;0;0;0;0;0;0;0;0;0;0;0;0;0;0;0;0;0;0;0;0;0;0;0;0;0;0;0;0;0;0;0;0;0;0;0;0;0;0;0;0;0;0;0;0;0;0;0;0;0;0;0;0;0;0;0;0;0;0;0;0;30;31;20;45;30;30;20;45;30;32;20;45;30;30;20;45;200;141;100;300;200;139;100;300;200;140;100;300;200;140;100;300;30;31;20;45;30;30;20;45;30;31;20;45;30;30;20;45;200;145;100;300;200;143;100;300;200;233;100;300;200;234;100;300;4;2;0.4;6;4;5;0.4;6;4;2;0.4;6;4;5;0.4;6;4;2;0.4;6;4;5;0.4;6;4;2;0.4;6;4;5;0.4;6;NOK;NOK;OK;7000;7063;6500;8100;OK;4.97;0;8;12;NOK;N/A;1.5;N/A;N/A;N/A;9;11.9;7;18;OK;;0;0;0;-;Disabled;TempOk;2;230;38.4;38.4;0;0;349.9;441345100 daimler 1500 1900;441345100 daimler 1500 1900;441345100 Daimler 1500 1900
20260325_21:23:06;0;3;2;950;940.7;925;975;OK;950;951.9;925;975;OK;951.7;951.8;-20;-11.6;-50;-25;NOK;-20;-11.4;-50;-25;NOK;-12.1;-11.1;0;-20;-11.7;-50;-25;NOK;300;311;300;500;OK;0;0;N/A;N/A;N/A;N/A;N/A;N/A;N/A;N/A;N/A;N/A;N/A;N/A;N/A;N/A;N/A;N/A;N/A;N/A;N/A;N/A;N/A;N/A;N/A;N/A;N/A;N/A;N/A;N/A;N/A;N/A;N/A;N/A;N/A;N/A;N/A;N/A;N/A;N/A;N/A;N/A;N/A;N/A;N/A;N/A;N/A;N/A;N/A;N/A;N/A;N/A;N/A;N/A;N/A;N/A;N/A;N/A;N/A;N/A;N/A;N/A;N/A;N/A;N/A;N/A;N/A;N/A;N/A;N/A;N/A;N/A;N/A;N/A;N/A;N/A;N/A;N/A;N/A;N/A;N/A;N/A;N/A;N/A;N/A;N/A;N/A;N/A;N/A;N/A;N/A;N/A;N/A;N/A;N/A;N/A;N/A;N/A;N/A;N/A;;0;319;0;0;;Disabled;TempStop;2;700;321.5;278.1;0;0;599.9;549.9;Enabled;PosOk;2;0;0;0;0;0;15;Disabled;0;0;0;0;0;0;0;0;0;0;0;0;0;0;0;0;0;0;0;0;0;0;0;0;0;0;0;0;0;0;0;0;0;0;0;0;0;0;0;0;0;0;0;0;0;0;0;0;0;0;0;0;0;0;0;0;0;0;0;0;0;0;0;0;0;0;0;0;0;0;30;32;20;45;30;30;20;45;30;32;20;45;30;30;20;45;200;142;100;300;200;139;100;300;200;140;100;300;200;140;100;300;30;31;20;45;30;30;20;45;30;31;20;45;30;30;20;45;200;145;100;300;200;143;100;300;200;233;100;300;200;234;100;300;4;2;0.4;6;4;5;0.4;6;4;2;0.4;6;4;5;0.4;6;4;2;0.4;6;4;5;0.4;6;4;3;0.4;6;4;5;0.4;6;NOK;NOK;OK;7000;7050;6500;8100;OK;4.96;0;8;12;NOK;N/A;1.5;N/A;N/A;N/A;9;11.8;7;18;OK;;0;0;0;-;Disabled;TempOk;2;230;38.2;38.4;0;0;349.9;441345100 daimler 1500 1900;441345100 daimler 1500 1900;441345100 Daimler 1500 1900
20260325_21:23:42;0;1;3;950;941;925;975;OK;950;951.9;925;975;OK;951.7;951.8;-20;-11.9;-50;-25;NOK;-20;-12.5;-50;-25;NOK;-13.1;-13.8;0;-20;-11.8;-50;-25;NOK;300;311;300;500;OK;0;0;N/A;N/A;N/A;N/A;N/A;N/A;N/A;N/A;N/A;N/A;N/A;N/A;N/A;N/A;N/A;N/A;N/A;N/A;N/A;N/A;N/A;N/A;N/A;N/A;N/A;N/A;N/A;N/A;N/A;N/A;N/A;N/A;N/A;N/A;N/A;N/A;N/A;N/A;N/A;N/A;N/A;N/A;N/A;N/A;N/A;N/A;N/A;N/A;N/A;N/A;N/A;N/A;N/A;N/A;N/A;N/A;N/A;N/A;N/A;N/A;N/A;N/A;N/A;N/A;N/A;N/A;N/A;N/A;N/A;N/A;N/A;N/A;N/A;N/A;N/A;N/A;N/A;N/A;N/A;N/A;N/A;N/A;N/A;N/A;N/A;N/A;N/A;N/A;N/A;N/A;N/A;N/A;N/A;N/A;N/A;N/A;N/A;N/A;;0;322.3;0;0;;Disabled;TempStop;2;700;325;280.9;0;0;599.9;549.9;Enabled;PosOk;2;0;0;0;0;0;15;Disabled;0;0;0;0;0;0;0;0;0;0;0;0;0;0;0;0;0;0;0;0;0;0;0;0;0;0;0;0;0;0;0;0;0;0;0;0;0;0;0;0;0;0;0;0;0;0;0;0;0;0;0;0;0;0;0;0;0;0;0;0;0;0;0;0;0;0;0;0;23;17;30;31;20;45;30;30;20;45;30;32;20;45;30;30;20;45;200;141;100;300;200;139;100;300;200;141;100;300;200;140;100;300;30;31;20;45;30;30;20;45;30;31;20;45;30;30;20;45;200;145;100;300;200;143;100;300;200;233;100;300;200;234;100;300;4;2;0.4;6;4;5;0.4;6;4;2;0.4;6;4;5;0.4;6;4;2;0.4;6;4;5;0.4;6;4;3;0.4;6;4;5;0.4;6;NOK;NOK;OK;7000;7050;6500;8100;OK;4.97;0;8;12;NOK;N/A;1.5;N/A;N/A;N/A;9;11.9;7;18;OK;;0;0;0;-;Disabled;TempOk;2;230;38.7;38.7;0;0;349.9;441345100 daimler 1500 1900;441345100 daimler 1500 1900;441345100 Daimler 1500 1900
20260325_21:24:18;0;3;3;950;940.4;925;975;OK;950;951.7;925;975;OK;951.6;951.7;-20;-12.4;-50;-25;NOK;-20;-12.7;-50;-25;NOK;-10.8;-11.8;0;-20;-12.4;-50;-25;NOK;300;311;300;500;OK;0;0;N/A;N/A;N/A;N/A;N/A;N/A;N/A;N/A;N/A;N/A;N/A;N/A;N/A;N/A;N/A;N/A;N/A;N/A;N/A;N/A;N/A;N/A;N/A;N/A;N/A;N/A;N/A;N/A;N/A;N/A;N/A;N/A;N/A;N/A;N/A;N/A;N/A;N/A;N/A;N/A;N/A;N/A;N/A;N/A;N/A;N/A;N/A;N/A;N/A;N/A;N/A;N/A;N/A;N/A;N/A;N/A;N/A;N/A;N/A;N/A;N/A;N/A;N/A;N/A;N/A;N/A;N/A;N/A;N/A;N/A;N/A;N/A;N/A;N/A;N/A;N/A;N/A;N/A;N/A;N/A;N/A;N/A;N/A;N/A;N/A;N/A;N/A;N/A;N/A;N/A;N/A;N/A;N/A;N/A;N/A;N/A;N/A;N/A;;0;320.3;0;0;;Disabled;TempStop;2;700;322.8;279.4;0;0;599.9;549.9;Enabled;PosOk;2;0;0;0;0;0;15;Disabled;0;0;0;0;0;0;0;0;0;0;0;0;0;0;0;0;0;0;0;0;0;0;0;0;0;0;0;0;0;0;0;0;0;0;0;0;0;0;0;0;0;0;0;0;0;0;0;0;0;0;0;0;0;0;0;0;0;0;0;0;0;0;0;0;0;0;0;0;0;0;30;31;20;45;30;30;20;45;30;32;20;45;30;30;20;45;200;141;100;300;200;140;100;300;200;140;100;300;200;140;100;300;30;31;20;45;30;30;20;45;30;31;20;45;30;30;20;45;200;145;100;300;200;144;100;300;200;233;100;300;200;234;100;300;4;2;0.4;6;4;5;0.4;6;4;2;0.4;6;4;5;0.4;6;4;2;0.4;6;4;5;0.4;6;4;2;0.4;6;4;5;0.4;6;NOK;NOK;OK;7000;7069;6500;8100;OK;4.97;0;8;12;NOK;N/A;1.5;N/A;N/A;N/A;9;11.7;7;18;OK;;0;0;0;-;Disabled;TempOk;2;230;38.4;38.2;0;0;349.9;441345100 daimler 1500 1900;441345100 daimler 1500 1900;441345100 Daimler 1500 1900
20260325_21:24:54;0;1;1;950;927.1;925;975;OK;950;930;925;975;OK;929.1;929.6;-20;-14.7;-50;-25;NOK;-20;-14.5;-50;-25;NOK;-13.8;-14.1;0;-20;-14.7;-50;-25;NOK;300;311;300;500;OK;0;0;N/A;N/A;N/A;N/A;N/A;N/A;N/A;N/A;N/A;N/A;N/A;N/A;N/A;N/A;N/A;N/A;N/A;N/A;N/A;N/A;N/A;N/A;N/A;N/A;N/A;N/A;N/A;N/A;N/A;N/A;N/A;N/A;N/A;N/A;N/A;N/A;N/A;N/A;N/A;N/A;N/A;N/A;N/A;N/A;N/A;N/A;N/A;N/A;N/A;N/A;N/A;N/A;N/A;N/A;N/A;N/A;N/A;N/A;N/A;N/A;N/A;N/A;N/A;N/A;N/A;N/A;N/A;N/A;N/A;N/A;N/A;N/A;N/A;N/A;N/A;N/A;N/A;N/A;N/A;N/A;N/A;N/A;N/A;N/A;N/A;N/A;N/A;N/A;N/A;N/A;N/A;N/A;N/A;N/A;N/A;N/A;N/A;N/A;;0;319.1;0;0;;Disabled;TempStop;2;700;321.7;278.3;0;0;599.9;549.9;Enabled;PosOk;2;0;0;0;0;0;15;Disabled;0;0;0;0;0;0;0;0;0;0;0;0;0;0;0;0;0;0;0;0;0;0;0;0;0;0;0;0;0;0;0;0;0;0;0;0;0;0;0;0;0;0;0;0;0;0;0;0;0;0;0;0;0;0;0;0;0;0;0;0;0;0;0;0;0;0;0;0;0;0;30;31;20;45;30;30;20;45;30;32;20;45;30;30;20;45;200;141;100;300;200;139;100;300;200;140;100;300;200;141;100;300;30;31;20;45;30;30;20;45;30;31;20;45;30;30;20;45;200;145;100;300;200;144;100;300;200;232;100;300;200;233;100;300;4;2;0.4;6;4;5;0.4;6;4;2;0.4;6;4;5;0.4;6;4;2;0.4;6;4;5;0.4;6;4;2;0.4;6;4;5;0.4;6;NOK;NOK;OK;7000;7065;6500;8100;OK;4.97;0;8;12;NOK;N/A;1.5;N/A;N/A;N/A;9;11.9;7;18;OK;;0;0;0;-;Disabled;TempOk;2;230;38.2;38.4;0;0;349.9;441345100 daimler 1500 1900;441345100 daimler 1500 1900;441345100 Daimler 1500 1900
20260325_21:25:30;0;1;4;950;940.9;925;975;OK;950;951;925;975;OK;950.8;950.9;-20;-9.2;-50;-25;NOK;-20;-9.2;-50;-25;NOK;-12.4;-11.1;0;-20;-9.2;-50;-25;NOK;300;311;300;500;OK;0;0;N/A;N/A;N/A;N/A;N/A;N/A;N/A;N/A;N/A;N/A;N/A;N/A;N/A;N/A;N/A;N/A;N/A;N/A;N/A;N/A;N/A;N/A;N/A;N/A;N/A;N/A;N/A;N/A;N/A;N/A;N/A;N/A;N/A;N/A;N/A;N/A;N/A;N/A;N/A;N/A;N/A;N/A;N/A;N/A;N/A;N/A;N/A;N/A;N/A;N/A;N/A;N/A;N/A;N/A;N/A;N/A;N/A;N/A;N/A;N/A;N/A;N/A;N/A;N/A;N/A;N/A;N/A;N/A;N/A;N/A;N/A;N/A;N/A;N/A;N/A;N/A;N/A;N/A;N/A;N/A;N/A;N/A;N/A;N/A;N/A;N/A;N/A;N/A;N/A;N/A;N/A;N/A;N/A;N/A;N/A;N/A;N/A;N/A;;0;321.5;0;0;;Disabled;TempStop;2;700;324.1;280.4;0;0;599.9;549.9;Enabled;PosOk;2;0;0;0;0;0;15;Disabled;0;0;0;0;0;0;0;0;0;0;0;0;0;0;0;0;0;0;0;0;0;0;0;0;0;0;0;0;0;0;0;0;0;0;0;0;0;0;0;0;0;0;0;0;0;0;0;0;0;0;0;0;0;0;0;0;0;0;0;0;0;0;0;0;0;0;0;0;25;4;30;32;20;45;30;30;20;45;30;32;20;45;30;30;20;45;200;141;100;300;200;139;100;300;200;140;100;300;200;140;100;300;30;31;20;45;30;30;20;45;30;31;20;45;30;30;20;45;200;145;100;300;200;143;100;300;200;232;100;300;200;233;100;300;4;2;0.4;6;4;5;0.4;6;4;2;0.4;6;4;5;0.4;6;4;2;0.4;6;4;5;0.4;6;4;2;0.4;6;4;5;0.4;6;NOK;NOK;OK;7000;7062;6500;8100;OK;4.97;0;8;12;NOK;N/A;1.51;N/A;N/A;N/A;9;11.9;7;18;OK;;0;0;0;-;Disabled;TempOk;2;230;38.4;38.9;0;0;349.9;441345100 daimler 1500 1900;441345100 daimler 1500 1900;441345100 Daimler 1500 1900
20260325_21:26:06;0;3;1;950;940.6;925;975;OK;950;951.5;925;975;OK;951.4;951.5;-20;-13.7;-50;-25;NOK;-20;-13.2;-50;-25;NOK;-10.8;-11.9;0;-20;-13.8;-50;-25;NOK;300;311;300;500;OK;0;0;N/A;N/A;N/A;N/A;N/A;N/A;N/A;N/A;N/A;N/A;N/A;N/A;N/A;N/A;N/A;N/A;N/A;N/A;N/A;N/A;N/A;N/A;N/A;N/A;N/A;N/A;N/A;N/A;N/A;N/A;N/A;N/A;N/A;N/A;N/A;N/A;N/A;N/A;N/A;N/A;N/A;N/A;N/A;N/A;N/A;N/A;N/A;N/A;N/A;N/A;N/A;N/A;N/A;N/A;N/A;N/A;N/A;N/A;N/A;N/A;N/A;N/A;N/A;N/A;N/A;N/A;N/A;N/A;N/A;N/A;N/A;N/A;N/A;N/A;N/A;N/A;N/A;N/A;N/A;N/A;N/A;N/A;N/A;N/A;N/A;N/A;N/A;N/A;N/A;N/A;N/A;N/A;N/A;N/A;N/A;N/A;N/A;N/A;;0;320.8;0;0;;Disabled;TempStop;2;700;323.2;278.9;0;0;599.9;549.9;Enabled;PosOk;2;0;0;0;0;0;15;Disabled;0;0;0;0;0;0;0;0;0;0;0;0;0;0;0;0;0;0;0;0;0;0;0;0;0;0;0;0;0;0;0;0;0;0;0;0;0;0;0;0;0;0;0;0;0;0;0;0;0;0;0;0;0;0;0;0;0;0;0;0;0;0;0;0;0;0;0;0;0;0;30;32;20;45;30;29;20;45;30;32;20;45;30;29;20;45;200;141;100;300;200;139;100;300;200;140;100;300;200;140;100;300;30;31;20;45;30;29;20;45;30;30;20;45;30;30;20;45;200;145;100;300;200;144;100;300;200;233;100;300;200;234;100;300;4;2;0.4;6;4;5;0.4;6;4;2;0.4;6;4;5;0.4;6;4;2;0.4;6;4;5;0.4;6;4;3;0.4;6;4;5;0.4;6;NOK;NOK;OK;7000;7053;6500;8100;OK;4.96;0;8;12;NOK;N/A;1.5;N/A;N/A;N/A;9;11.9;7;18;OK;;0;0;0;-;Disabled;TempOk;2;230;38.7;39.7;0;0;349.9;441345100 daimler 1500 1900;441345100 daimler 1500 1900;441345100 Daimler 1500 1900
20260325_21:26:42;0;3;4;950;940.3;925;975;OK;950;951.7;925;975;OK;951.5;951.5;-20;-11.1;-50;-25;NOK;-20;-10.5;-50;-25;NOK;-11.6;-10.1;0;-20;-11.2;-50;-25;NOK;300;311;300;500;OK;0;0;N/A;N/A;N/A;N/A;N/A;N/A;N/A;N/A;N/A;N/A;N/A;N/A;N/A;N/A;N/A;N/A;N/A;N/A;N/A;N/A;N/A;N/A;N/A;N/A;N/A;N/A;N/A;N/A;N/A;N/A;N/A;N/A;N/A;N/A;N/A;N/A;N/A;N/A;N/A;N/A;N/A;N/A;N/A;N/A;N/A;N/A;N/A;N/A;N/A;N/A;N/A;N/A;N/A;N/A;N/A;N/A;N/A;N/A;N/A;N/A;N/A;N/A;N/A;N/A;N/A;N/A;N/A;N/A;N/A;N/A;N/A;N/A;N/A;N/A;N/A;N/A;N/A;N/A;N/A;N/A;N/A;N/A;N/A;N/A;N/A;N/A;N/A;N/A;N/A;N/A;N/A;N/A;N/A;N/A;N/A;N/A;N/A;N/A;;0;319.7;0;0;;Disabled;TempStop;2;700;322.1;278.7;0;0;599.9;549.9;Enabled;PosOk;2;0;0;0;0;0;15;Disabled;0;0;0;0;0;0;0;0;0;0;0;0;0;0;0;0;0;0;0;0;0;0;0;0;0;0;0;0;0;0;0;0;0;0;0;0;0;0;0;0;0;0;0;0;0;0;0;0;0;0;0;0;0;0;0;0;0;0;0;0;0;0;0;0;0;0;0;0;0;0;30;31;20;45;30;30;20;45;30;31;20;45;30;30;20;45;200;141;100;300;200;139;100;300;200;140;100;300;200;140;100;300;30;31;20;45;30;30;20;45;30;30;20;45;30;30;20;45;200;144;100;300;200;144;100;300;200;232;100;300;200;233;100;300;4;2;0.4;6;4;5;0.4;6;4;2;0.4;6;4;5;0.4;6;4;2;0.4;6;4;5;0.4;6;4;2;0.4;6;4;5;0.4;6;NOK;NOK;OK;7000;7059;6500;8100;OK;4.97;0;8;12;NOK;N/A;1.5;N/A;N/A;N/A;9;12.4;7;18;OK;;0;0;0;-;Disabled;TempOk;2;230;38.4;39.1;0;0;349.9;441345100 daimler 1500 1900;441345100 daimler 1500 1900;441345100 Daimler 1500 1900
20260325_21:27:18;0;3;5;950;942.8;925;975;OK;950;951.2;925;975;OK;951.2;951.3;-20;-14.4;-50;-25;NOK;-20;-14.3;-50;-25;NOK;-13.9;-13.9;0;-20;-14.3;-50;-25;NOK;300;311;300;500;OK;0;0;N/A;N/A;N/A;N/A;N/A;N/A;N/A;N/A;N/A;N/A;N/A;N/A;N/A;N/A;N/A;N/A;N/A;N/A;N/A;N/A;N/A;N/A;N/A;N/A;N/A;N/A;N/A;N/A;N/A;N/A;N/A;N/A;N/A;N/A;N/A;N/A;N/A;N/A;N/A;N/A;N/A;N/A;N/A;N/A;N/A;N/A;N/A;N/A;N/A;N/A;N/A;N/A;N/A;N/A;N/A;N/A;N/A;N/A;N/A;N/A;N/A;N/A;N/A;N/A;N/A;N/A;N/A;N/A;N/A;N/A;N/A;N/A;N/A;N/A;N/A;N/A;N/A;N/A;N/A;N/A;N/A;N/A;N/A;N/A;N/A;N/A;N/A;N/A;N/A;N/A;N/A;N/A;N/A;N/A;N/A;N/A;N/A;N/A;;0;319.4;0;0;;Disabled;TempStop;2;700;322.1;277.5;0;0;599.9;549.9;Enabled;PosOk;2;0;0;0;0;0;15;Disabled;0;0;0;0;0;0;0;0;0;0;0;0;0;0;0;0;0;0;0;0;0;0;0;0;0;0;0;0;0;0;0;0;0;0;0;0;0;0;0;0;0;0;0;0;0;0;0;0;0;0;0;0;0;0;0;0;0;0;0;0;0;0;0;0;0;0;0;0;0;0;30;31;20;45;30;30;20;45;30;31;20;45;30;30;20;45;200;141;100;300;200;140;100;300;200;140;100;300;200;140;100;300;30;31;20;45;30;30;20;45;30;31;20;45;30;30;20;45;200;144;100;300;200;143;100;300;200;232;100;300;200;234;100;300;4;2;0.4;6;4;5;0.4;6;4;2;0.4;6;4;5;0.4;6;4;2;0.4;6;4;5;0.4;6;4;2;0.4;6;4;5;0.4;6;NOK;NOK;OK;7000;7076;6500;8100;OK;4.97;0;8;12;NOK;N/A;1.5;N/A;N/A;N/A;9;11.8;7;18;OK;;0;0;0;-;Disabled;TempOk;2;230;38.7;38.7;0;0;349.9;441345100 daimler 1500 1900;441345100 daimler 1500 1900;441345100 Daimler 1500 1900
20260325_21:27:54;0;1;2;950;941.1;925;975;OK;950;951.5;925;975;OK;951.6;951.6;-20;-10.9;-50;-25;NOK;-20;-10.7;-50;-25;NOK;-9.9;-9.8;0;-20;-11;-50;-25;NOK;300;311;300;500;OK;0;0;N/A;N/A;N/A;N/A;N/A;N/A;N/A;N/A;N/A;N/A;N/A;N/A;N/A;N/A;N/A;N/A;N/A;N/A;N/A;N/A;N/A;N/A;N/A;N/A;N/A;N/A;N/A;N/A;N/A;N/A;N/A;N/A;N/A;N/A;N/A;N/A;N/A;N/A;N/A;N/A;N/A;N/A;N/A;N/A;N/A;N/A;N/A;N/A;N/A;N/A;N/A;N/A;N/A;N/A;N/A;N/A;N/A;N/A;N/A;N/A;N/A;N/A;N/A;N/A;N/A;N/A;N/A;N/A;N/A;N/A;N/A;N/A;N/A;N/A;N/A;N/A;N/A;N/A;N/A;N/A;N/A;N/A;N/A;N/A;N/A;N/A;N/A;N/A;N/A;N/A;N/A;N/A;N/A;N/A;N/A;N/A;N/A;N/A;;0;321.2;0;0;;Disabled;TempStop;2;700;323.5;280.2;0;0;599.9;549.9;Enabled;PosOk;2;0;0;0;0;0;15;Disabled;0;0;0;0;0;0;0;0;0;0;0;0;0;0;0;0;0;0;0;0;0;0;0;0;0;0;0;0;0;0;0;0;0;0;0;0;0;0;0;0;0;0;0;0;0;0;0;0;0;0;0;0;0;0;0;0;0;0;0;0;0;0;0;0;0;0;0;0;0;0;30;31;20;45;30;30;20;45;30;32;20;45;30;30;20;45;200;141;100;300;200;139;100;300;200;140;100;300;200;140;100;300;30;31;20;45;30;30;20;45;30;31;20;45;30;30;20;45;200;145;100;300;200;144;100;300;200;232;100;300;200;233;100;300;4;2;0.4;6;4;5;0.4;6;4;2;0.4;6;4;5;0.4;6;4;2;0.4;6;4;5;0.4;6;4;2;0.4;6;4;5;0.4;6;NOK;NOK;OK;7000;7064;6500;8100;OK;4.97;0;8;12;NOK;N/A;1.5;N/A;N/A;N/A;9;12;7;18;OK;;0;0;0;-;Disabled;TempOk;2;230;38.9;38.9;0;0;349.9;441345100 daimler 1500 1900;441345100 daimler 1500 1900;441345100 Daimler 1500 1900
20260325_21:28:30;0;3;2;950;940.6;925;975;OK;950;951.8;925;975;OK;951.7;951.7;-20;-11.8;-50;-25;NOK;-20;-11.4;-50;-25;NOK;-12;-11.1;0;-20;-11.9;-50;-25;NOK;300;311;300;500;OK;0;0;N/A;N/A;N/A;N/A;N/A;N/A;N/A;N/A;N/A;N/A;N/A;N/A;N/A;N/A;N/A;N/A;N/A;N/A;N/A;N/A;N/A;N/A;N/A;N/A;N/A;N/A;N/A;N/A;N/A;N/A;N/A;N/A;N/A;N/A;N/A;N/A;N/A;N/A;N/A;N/A;N/A;N/A;N/A;N/A;N/A;N/A;N/A;N/A;N/A;N/A;N/A;N/A;N/A;N/A;N/A;N/A;N/A;N/A;N/A;N/A;N/A;N/A;N/A;N/A;N/A;N/A;N/A;N/A;N/A;N/A;N/A;N/A;N/A;N/A;N/A;N/A;N/A;N/A;N/A;N/A;N/A;N/A;N/A;N/A;N/A;N/A;N/A;N/A;N/A;N/A;N/A;N/A;N/A;N/A;N/A;N/A;N/A;N/A;;0;319.4;0;0;;Disabled;TempStop;2;700;322;278.4;0;0;599.9;549.9;Enabled;PosOk;2;0;0;0;0;0;15;Disabled;0;0;0;0;0;0;0;0;0;0;0;0;0;0;0;0;0;0;0;0;0;0;0;0;0;0;0;0;0;0;0;0;0;0;0;0;0;0;0;0;0;0;0;0;0;0;0;0;0;0;0;0;0;0;0;0;0;0;0;0;0;0;0;0;0;0;0;0;0;0;30;31;20;45;30;30;20;45;30;31;20;45;30;30;20;45;200;142;100;300;200;140;100;300;200;141;100;300;200;140;100;300;30;31;20;45;30;30;20;45;30;30;20;45;30;30;20;45;200;145;100;300;200;143;100;300;200;233;100;300;200;234;100;300;4;2;0.4;6;4;5;0.4;6;4;2;0.4;6;4;5;0.4;6;4;2;0.4;6;4;5;0.4;6;4;2;0.4;6;4;5;0.4;6;NOK;NOK;OK;7000;7066;6500;8100;OK;4.97;0;8;12;NOK;N/A;1.5;N/A;N/A;N/A;9;11.7;7;18;OK;;0;0;0;-;Disabled;TempOk;2;230;38.4;38.9;0;0;349.9;441345100 daimler 1500 1900;441345100 daimler 1500 1900;441345100 Daimler 1500 1900
20260325_21:29:06;0;1;3;950;941.3;925;975;OK;950;951.8;925;975;OK;951.7;951.8;-20;-12;-50;-25;NOK;-20;-12.6;-50;-25;NOK;-13.2;-13.8;0;-20;-11.8;-50;-25;NOK;300;311;300;500;OK;0;0;N/A;N/A;N/A;N/A;N/A;N/A;N/A;N/A;N/A;N/A;N/A;N/A;N/A;N/A;N/A;N/A;N/A;N/A;N/A;N/A;N/A;N/A;N/A;N/A;N/A;N/A;N/A;N/A;N/A;N/A;N/A;N/A;N/A;N/A;N/A;N/A;N/A;N/A;N/A;N/A;N/A;N/A;N/A;N/A;N/A;N/A;N/A;N/A;N/A;N/A;N/A;N/A;N/A;N/A;N/A;N/A;N/A;N/A;N/A;N/A;N/A;N/A;N/A;N/A;N/A;N/A;N/A;N/A;N/A;N/A;N/A;N/A;N/A;N/A;N/A;N/A;N/A;N/A;N/A;N/A;N/A;N/A;N/A;N/A;N/A;N/A;N/A;N/A;N/A;N/A;N/A;N/A;N/A;N/A;N/A;N/A;N/A;N/A;;0;321.8;0;0;;Disabled;TempStop;2;700;324.3;279.8;0;0;599.9;549.9;Enabled;PosOk;2;0;0;0;0;0;15;Disabled;0;0;0;0;0;0;0;0;0;0;0;0;0;0;0;0;0;0;0;0;0;0;0;0;0;0;0;0;0;0;0;0;0;0;0;0;0;0;0;0;0;0;0;0;0;0;0;0;0;0;0;0;0;0;0;0;0;0;0;0;0;0;0;0;0;0;0;0;28;40;30;31;20;45;30;30;20;45;30;32;20;45;30;30;20;45;200;142;100;300;200;140;100;300;200;141;100;300;200;140;100;300;30;31;20;45;30;30;20;45;30;30;20;45;30;30;20;45;200;145;100;300;200;143;100;300;200;232;100;300;200;233;100;300;4;2;0.4;6;4;5;0.4;6;4;2;0.4;6;4;5;0.4;6;4;2;0.4;6;4;5;0.4;6;4;2;0.4;6;4;5;0.4;6;NOK;NOK;OK;7000;7087;6500;8100;OK;4.97;0;8;12;NOK;N/A;1.5;N/A;N/A;N/A;9;12;7;18;OK;;0;0;0;-;Disabled;TempOk;2;230;39.1;38.7;0;0;349.9;441345100 daimler 1500 1900;441345100 daimler 1500 1900;441345100 Daimler 1500 1900
20260325_21:29:42;0;3;3;950;940.5;925;975;OK;950;951.7;925;975;OK;951.7;951.4;-20;-12.6;-50;-25;NOK;-20;-12.7;-50;-25;NOK;-10.7;-11.7;0;-20;-12.5;-50;-25;NOK;300;311;300;500;OK;0;0;N/A;N/A;N/A;N/A;N/A;N/A;N/A;N/A;N/A;N/A;N/A;N/A;N/A;N/A;N/A;N/A;N/A;N/A;N/A;N/A;N/A;N/A;N/A;N/A;N/A;N/A;N/A;N/A;N/A;N/A;N/A;N/A;N/A;N/A;N/A;N/A;N/A;N/A;N/A;N/A;N/A;N/A;N/A;N/A;N/A;N/A;N/A;N/A;N/A;N/A;N/A;N/A;N/A;N/A;N/A;N/A;N/A;N/A;N/A;N/A;N/A;N/A;N/A;N/A;N/A;N/A;N/A;N/A;N/A;N/A;N/A;N/A;N/A;N/A;N/A;N/A;N/A;N/A;N/A;N/A;N/A;N/A;N/A;N/A;N/A;N/A;N/A;N/A;N/A;N/A;N/A;N/A;N/A;N/A;N/A;N/A;N/A;N/A;;0;319.6;0;0;;Disabled;TempStop;2;700;322;277.7;0;0;599.9;549.9;Enabled;PosOk;2;0;0;0;0;0;15;Disabled;0;0;0;0;0;0;0;0;0;0;0;0;0;0;0;0;0;0;0;0;0;0;0;0;0;0;0;0;0;0;0;0;0;0;0;0;0;0;0;0;0;0;0;0;0;0;0;0;0;0;0;0;0;0;0;0;0;0;0;0;0;0;0;0;0;0;0;0;0;0;30;31;20;45;30;30;20;45;30;31;20;45;30;30;20;45;200;141;100;300;200;139;100;300;200;140;100;300;200;140;100;300;30;31;20;45;30;30;20;45;30;30;20;45;30;30;20;45;200;144;100;300;200;144;100;300;200;232;100;300;200;233;100;300;4;2;0.4;6;4;5;0.4;6;4;2;0.4;6;4;5;0.4;6;4;2;0.4;6;4;5;0.4;6;4;2;0.4;6;4;5;0.4;6;NOK;NOK;OK;7000;7064;6500;8100;OK;4.97;0;8;12;NOK;N/A;1.5;N/A;N/A;N/A;9;11.8;7;18;OK;;0;0;0;-;Disabled;TempOk;2;230;38.2;38.2;0;0;349.9;441345100 daimler 1500 1900;441345100 daimler 1500 1900;441345100 Daimler 1500 1900
20260325_21:29:53;0;1;1;950;920;925;975;NOK;950;923.9;925;975;NOK;922.9;923.3;-20;-14.7;-50;-25;NOK;-20;-14.7;-50;-25;NOK;-14;-14.3;0;-20;-14.8;-50;-25;NOK;300;311;300;500;OK;0;0;;;;;;;;;;;;;;;;;;;;;;;;;;;;;;;;;;;;;;;;;;;;;;;;;;;;;;;;;;;;;;;;;;;;;;;;;;;;;;;;;;;;;;;;;;;;;;;;;;;;;;;;;;;;;;;;;;;;;;;;;;;;;;;;;;;;;;;;;;;;;;;;;;;;;;;;;;;;;;;;;;;;;;;;;;;;;;;;;;;;;;;;;;;;;;;;;;;;;;;;;;;;;;;;;;;;;;;;;;;;;;;;;;;;;;;;;;;;;;;;;;;;;;;;;;;;;;;;;;;;;;;;;;;;;;;;;;;;;;;;;;;;;;;;;;;;;;;;;;;;;;;;;;;;;;;;;;;;;;;;;;;;;;;;441345100 daimler 1500 1900;;;;
20260325_21:30:54;0;1;4;950;940.5;925;975;OK;950;950.9;925;975;OK;950.8;950.9;-20;-9.2;-50;-25;NOK;-20;-9.5;-50;-25;NOK;-12.7;-11.2;0;-20;-9.3;-50;-25;NOK;300;311;300;500;OK;0;0;N/A;N/A;N/A;N/A;N/A;N/A;N/A;N/A;N/A;N/A;N/A;N/A;N/A;N/A;N/A;N/A;N/A;N/A;N/A;N/A;N/A;N/A;N/A;N/A;N/A;N/A;N/A;N/A;N/A;N/A;N/A;N/A;N/A;N/A;N/A;N/A;N/A;N/A;N/A;N/A;N/A;N/A;N/A;N/A;N/A;N/A;N/A;N/A;N/A;N/A;N/A;N/A;N/A;N/A;N/A;N/A;N/A;N/A;N/A;N/A;N/A;N/A;N/A;N/A;N/A;N/A;N/A;N/A;N/A;N/A;N/A;N/A;N/A;N/A;N/A;N/A;N/A;N/A;N/A;N/A;N/A;N/A;N/A;N/A;N/A;N/A;N/A;N/A;N/A;N/A;N/A;N/A;N/A;N/A;N/A;N/A;N/A;N/A;;0;320.6;0;0;;Disabled;TempStop;2;700;322.7;279.7;0;0;599.9;549.9;Enabled;PosOk;2;0;0;0;0;0;15;Disabled;0;0;0;0;0;0;0;0;0;0;0;0;0;0;0;0;0;0;0;0;0;0;0;0;0;0;0;0;0;0;0;0;0;0;0;0;0;0;0;0;0;0;0;0;0;0;0;0;0;0;0;0;0;0;0;0;0;0;0;0;0;0;0;0;0;0;0;0;30;28;30;30;20;45;30;30;20;45;30;30;20;45;30;30;20;45;200;142;100;300;200;139;100;300;200;140;100;300;200;140;100;300;30;30;20;45;30;30;20;45;30;30;20;45;30;30;20;45;200;145;100;300;200;143;100;300;200;232;100;300;200;233;100;300;4;2;0.4;6;4;5;0.4;6;4;2;0.4;6;4;5;0.4;6;4;2;0.4;6;4;5;0.4;6;4;3;0.4;6;4;5;0.4;6;NOK;NOK;OK;7000;7115;6500;8100;OK;4.96;0;8;12;NOK;N/A;1.5;N/A;N/A;N/A;9;11.8;7;18;OK;;0;0;0;-;Disabled;TempOk;2;230;38.4;38.4;0;0;349.9;441345100 daimler 1500 1900;441345100 daimler 1500 1900;441345100 Daimler 1500 1900
20260325_21:31:30;0;3;1;950;940.3;925;975;OK;950;951.6;925;975;OK;951.4;951.5;-20;-13.7;-50;-25;NOK;-20;-13.2;-50;-25;NOK;-10.8;-11.9;0;-20;-13.7;-50;-25;NOK;300;311;300;500;OK;0;0;N/A;N/A;N/A;N/A;N/A;N/A;N/A;N/A;N/A;N/A;N/A;N/A;N/A;N/A;N/A;N/A;N/A;N/A;N/A;N/A;N/A;N/A;N/A;N/A;N/A;N/A;N/A;N/A;N/A;N/A;N/A;N/A;N/A;N/A;N/A;N/A;N/A;N/A;N/A;N/A;N/A;N/A;N/A;N/A;N/A;N/A;N/A;N/A;N/A;N/A;N/A;N/A;N/A;N/A;N/A;N/A;N/A;N/A;N/A;N/A;N/A;N/A;N/A;N/A;N/A;N/A;N/A;N/A;N/A;N/A;N/A;N/A;N/A;N/A;N/A;N/A;N/A;N/A;N/A;N/A;N/A;N/A;N/A;N/A;N/A;N/A;N/A;N/A;N/A;N/A;N/A;N/A;N/A;N/A;N/A;N/A;N/A;N/A;;0;319.5;0;0;;Disabled;TempStop;2;700;322;277.9;0;0;599.9;549.9;Enabled;PosOk;2;0;0;0;0;0;15;Disabled;0;0;0;0;0;0;0;0;0;0;0;0;0;0;0;0;0;0;0;0;0;0;0;0;0;0;0;0;0;0;0;0;0;0;0;0;0;0;0;0;0;0;0;0;0;0;0;0;0;0;0;0;0;0;0;0;0;0;0;0;0;0;0;0;0;0;0;0;0;0;30;31;20;45;30;30;20;45;30;31;20;45;30;30;20;45;200;141;100;300;200;140;100;300;200;140;100;300;200;140;100;300;30;31;20;45;30;30;20;45;30;30;20;45;30;30;20;45;200;145;100;300;200;144;100;300;200;232;100;300;200;233;100;300;4;2;0.4;6;4;5;0.4;6;4;2;0.4;6;4;5;0.4;6;4;2;0.4;6;4;5;0.4;6;4;3;0.4;6;4;5;0.4;6;NOK;NOK;OK;7000;7047;6500;8100;OK;4.96;0;8;12;NOK;N/A;1.5;N/A;N/A;N/A;9;11.9;7;18;OK;;0;0;0;-;Disabled;TempOk;2;230;37.9;38.2;0;0;349.9;441345100 daimler 1500 1900;441345100 daimler 1500 1900;441345100 Daimler 1500 1900
20260325_21:32:06;0;3;4;950;941.7;925;975;OK;950;951.7;925;975;OK;951.6;951.5;-20;-10.9;-50;-25;NOK;-20;-10.5;-50;-25;NOK;-11.5;-9.9;0;-20;-11;-50;-25;NOK;300;311;300;500;OK;0;0;N/A;N/A;N/A;N/A;N/A;N/A;N/A;N/A;N/A;N/A;N/A;N/A;N/A;N/A;N/A;N/A;N/A;N/A;N/A;N/A;N/A;N/A;N/A;N/A;N/A;N/A;N/A;N/A;N/A;N/A;N/A;N/A;N/A;N/A;N/A;N/A;N/A;N/A;N/A;N/A;N/A;N/A;N/A;N/A;N/A;N/A;N/A;N/A;N/A;N/A;N/A;N/A;N/A;N/A;N/A;N/A;N/A;N/A;N/A;N/A;N/A;N/A;N/A;N/A;N/A;N/A;N/A;N/A;N/A;N/A;N/A;N/A;N/A;N/A;N/A;N/A;N/A;N/A;N/A;N/A;N/A;N/A;N/A;N/A;N/A;N/A;N/A;N/A;N/A;N/A;N/A;N/A;N/A;N/A;N/A;N/A;N/A;N/A;;0;319.9;0;0;;Disabled;TempStop;2;700;322.2;279.6;0;0;599.9;549.9;Enabled;PosOk;2;0;0;0;0;0;15;Disabled;0;0;0;0;0;0;0;0;0;0;0;0;0;0;0;0;0;0;0;0;0;0;0;0;0;0;0;0;0;0;0;0;0;0;0;0;0;0;0;0;0;0;0;0;0;0;0;0;0;0;0;0;0;0;0;0;0;0;0;0;0;0;0;0;0;0;0;0;0;0;30;31;20;45;30;30;20;45;30;31;20;45;30;30;20;45;200;141;100;300;200;139;100;300;200;140;100;300;200;140;100;300;30;31;20;45;30;30;20;45;30;30;20;45;30;30;20;45;200;145;100;300;200;144;100;300;200;232;100;300;200;233;100;300;4;2;0.4;6;4;5;0.4;6;4;2;0.4;6;4;5;0.4;6;4;2;0.4;6;4;5;0.4;6;4;2;0.4;6;4;5;0.4;6;NOK;NOK;OK;7000;7063;6500;8100;OK;4.97;0;8;12;NOK;N/A;1.5;N/A;N/A;N/A;9;12.2;7;18;OK;;0;0;0;-;Disabled;TempOk;2;230;38.2;38.7;0;0;349.9;441345100 daimler 1500 1900;441345100 daimler 1500 1900;441345100 Daimler 1500 1900
20260325_21:32:42;0;3;5;950;943;925;975;OK;950;951.3;925;975;OK;951.2;951.3;-20;-14.4;-50;-25;NOK;-20;-14.4;-50;-25;NOK;-13.9;-13.8;0;-20;-14.3;-50;-25;NOK;300;311;300;500;OK;0;0;N/A;N/A;N/A;N/A;N/A;N/A;N/A;N/A;N/A;N/A;N/A;N/A;N/A;N/A;N/A;N/A;N/A;N/A;N/A;N/A;N/A;N/A;N/A;N/A;N/A;N/A;N/A;N/A;N/A;N/A;N/A;N/A;N/A;N/A;N/A;N/A;N/A;N/A;N/A;N/A;N/A;N/A;N/A;N/A;N/A;N/A;N/A;N/A;N/A;N/A;N/A;N/A;N/A;N/A;N/A;N/A;N/A;N/A;N/A;N/A;N/A;N/A;N/A;N/A;N/A;N/A;N/A;N/A;N/A;N/A;N/A;N/A;N/A;N/A;N/A;N/A;N/A;N/A;N/A;N/A;N/A;N/A;N/A;N/A;N/A;N/A;N/A;N/A;N/A;N/A;N/A;N/A;N/A;N/A;N/A;N/A;N/A;N/A;;0;320.1;0;0;;Disabled;TempStop;2;700;322.3;279.4;0;0;599.9;549.9;Enabled;PosOk;2;0;0;0;0;0;15;Disabled;0;0;0;0;0;0;0;0;0;0;0;0;0;0;0;0;0;0;0;0;0;0;0;0;0;0;0;0;0;0;0;0;0;0;0;0;0;0;0;0;0;0;0;0;0;0;0;0;0;0;0;0;0;0;0;0;0;0;0;0;0;0;0;0;0;0;0;0;0;0;30;31;20;45;30;30;20;45;30;31;20;45;30;30;20;45;200;142;100;300;200;140;100;300;200;141;100;300;200;140;100;300;30;31;20;45;30;30;20;45;30;30;20;45;30;30;20;45;200;145;100;300;200;144;100;300;200;232;100;300;200;233;100;300;4;2;0.4;6;4;5;0.4;6;4;2;0.4;6;4;5;0.4;6;4;2;0.4;6;4;5;0.4;6;4;2;0.4;6;4;5;0.4;6;NOK;NOK;OK;7000;7057;6500;8100;OK;4.96;0;8;12;NOK;N/A;1.5;N/A;N/A;N/A;9;11.8;7;18;OK;;0;0;0;-;Disabled;TempOk;2;230;38.9;39.7;0;0;349.9;441345100 daimler 1500 1900;441345100 daimler 1500 1900;441345100 Daimler 1500 1900
20260325_21:33:17;0;1;2;950;940.8;925;975;OK;950;951.5;925;975;OK;951.4;951.5;-20;-10.9;-50;-25;NOK;-20;-12.5;-50;-25;NOK;-11.7;-11.8;0;-20;-11;-50;-25;NOK;300;311;300;500;OK;0;0;N/A;N/A;N/A;N/A;N/A;N/A;N/A;N/A;N/A;N/A;N/A;N/A;N/A;N/A;N/A;N/A;N/A;N/A;N/A;N/A;N/A;N/A;N/A;N/A;N/A;N/A;N/A;N/A;N/A;N/A;N/A;N/A;N/A;N/A;N/A;N/A;N/A;N/A;N/A;N/A;N/A;N/A;N/A;N/A;N/A;N/A;N/A;N/A;N/A;N/A;N/A;N/A;N/A;N/A;N/A;N/A;N/A;N/A;N/A;N/A;N/A;N/A;N/A;N/A;N/A;N/A;N/A;N/A;N/A;N/A;N/A;N/A;N/A;N/A;N/A;N/A;N/A;N/A;N/A;N/A;N/A;N/A;N/A;N/A;N/A;N/A;N/A;N/A;N/A;N/A;N/A;N/A;N/A;N/A;N/A;N/A;N/A;N/A;;0;322;0;0;;Disabled;TempStop;2;700;324.5;279.7;0;0;599.9;549.9;Enabled;PosOk;2;0;0;0;0;0;15;Disabled;0;0;0;0;0;0;0;0;0;0;0;0;0;0;0;0;0;0;0;0;0;0;0;0;0;0;0;0;0;0;0;0;0;0;0;0;0;0;0;0;0;0;0;0;0;0;0;0;0;0;0;0;0;0;0;0;0;0;0;0;0;0;0;0;0;0;0;0;0;0;30;31;20;45;30;30;20;45;30;31;20;45;30;30;20;45;200;141;100;300;200;139;100;300;200;140;100;300;200;140;100;300;30;31;20;45;30;30;20;45;30;30;20;45;30;30;20;45;200;145;100;300;200;143;100;300;200;231;100;300;200;233;100;300;4;2;0.4;6;4;5;0.4;6;4;2;0.4;6;4;5;0.4;6;4;2;0.4;6;4;5;0.4;6;4;3;0.4;6;4;5;0.4;6;NOK;NOK;OK;7000;7054;6500;8100;OK;4.96;0;8;12;NOK;N/A;1.5;N/A;N/A;N/A;9;11.9;7;18;OK;;0;0;0;-;Disabled;TempOk;2;230;37.7;38.2;0;0;349.9;441345100 daimler 1500 1900;441345100 daimler 1500 1900;441345100 Daimler 1500 1900
20260325_21:33:53;0;3;2;950;940.4;925;975;OK;950;951.9;925;975;OK;951.9;951.8;-20;-11.7;-50;-25;NOK;-20;-11.4;-50;-25;NOK;-12.1;-11.1;0;-20;-11.8;-50;-25;NOK;300;311;300;500;OK;0;0;N/A;N/A;N/A;N/A;N/A;N/A;N/A;N/A;N/A;N/A;N/A;N/A;N/A;N/A;N/A;N/A;N/A;N/A;N/A;N/A;N/A;N/A;N/A;N/A;N/A;N/A;N/A;N/A;N/A;N/A;N/A;N/A;N/A;N/A;N/A;N/A;N/A;N/A;N/A;N/A;N/A;N/A;N/A;N/A;N/A;N/A;N/A;N/A;N/A;N/A;N/A;N/A;N/A;N/A;N/A;N/A;N/A;N/A;N/A;N/A;N/A;N/A;N/A;N/A;N/A;N/A;N/A;N/A;N/A;N/A;N/A;N/A;N/A;N/A;N/A;N/A;N/A;N/A;N/A;N/A;N/A;N/A;N/A;N/A;N/A;N/A;N/A;N/A;N/A;N/A;N/A;N/A;N/A;N/A;N/A;N/A;N/A;N/A;;0;319.1;0;0;;Disabled;TempStop;2;700;321.8;276.7;0;0;599.9;549.9;Enabled;PosOk;2;0;0;0;0;0;15;Disabled;0;0;0;0;0;0;0;0;0;0;0;0;0;0;0;0;0;0;0;0;0;0;0;0;0;0;0;0;0;0;0;0;0;0;0;0;0;0;0;0;0;0;0;0;0;0;0;0;0;0;0;0;0;0;0;0;0;0;0;0;0;0;0;0;0;0;0;0;0;0;30;31;20;45;30;30;20;45;30;32;20;45;30;30;20;45;200;141;100;300;200;139;100;300;200;141;100;300;200;141;100;300;30;31;20;45;30;30;20;45;30;30;20;45;30;30;20;45;200;145;100;300;200;144;100;300;200;232;100;300;200;232;100;300;4;2;0.4;6;4;5;0.4;6;4;2;0.4;6;4;5;0.4;6;4;2;0.4;6;4;5;0.4;6;4;2;0.4;6;4;5;0.4;6;NOK;NOK;OK;7000;7049;6500;8100;OK;4.97;0;8;12;NOK;N/A;1.5;N/A;N/A;N/A;9;11.7;7;18;OK;;0;0;0;-;Disabled;TempOk;2;230;37.9;38.2;0;0;349.9;441345100 daimler 1500 1900;441345100 daimler 1500 1900;441345100 Daimler 1500 1900
20260325_21:34:29;0;1;3;950;941.2;925;975;OK;950;951.8;925;975;OK;951.8;951.7;-20;-12.1;-50;-25;NOK;-20;-13.4;-50;-25;NOK;-14.4;-15;0;-20;-12;-50;-25;NOK;300;311;300;500;OK;0;0;N/A;N/A;N/A;N/A;N/A;N/A;N/A;N/A;N/A;N/A;N/A;N/A;N/A;N/A;N/A;N/A;N/A;N/A;N/A;N/A;N/A;N/A;N/A;N/A;N/A;N/A;N/A;N/A;N/A;N/A;N/A;N/A;N/A;N/A;N/A;N/A;N/A;N/A;N/A;N/A;N/A;N/A;N/A;N/A;N/A;N/A;N/A;N/A;N/A;N/A;N/A;N/A;N/A;N/A;N/A;N/A;N/A;N/A;N/A;N/A;N/A;N/A;N/A;N/A;N/A;N/A;N/A;N/A;N/A;N/A;N/A;N/A;N/A;N/A;N/A;N/A;N/A;N/A;N/A;N/A;N/A;N/A;N/A;N/A;N/A;N/A;N/A;N/A;N/A;N/A;N/A;N/A;N/A;N/A;N/A;N/A;N/A;N/A;;0;321.4;0;0;;Disabled;TempStop;2;700;323.8;279.6;0;0;599.9;549.9;Enabled;PosOk;2;0;0;0;0;0;15;Disabled;0;0;0;0;0;0;0;0;0;0;0;0;0;0;0;0;0;0;0;0;0;0;0;0;0;0;0;0;0;0;0;0;0;0;0;0;0;0;0;0;0;0;0;0;0;0;0;0;0;0;0;0;0;0;0;0;0;0;0;0;0;0;0;0;0;0;0;0;34;4;30;31;20;45;30;30;20;45;30;31;20;45;30;30;20;45;200;141;100;300;200;139;100;300;200;140;100;300;200;140;100;300;30;31;20;45;30;30;20;45;30;31;20;45;30;30;20;45;200;145;100;300;200;144;100;300;200;231;100;300;200;233;100;300;4;2;0.4;6;4;5;0.4;6;4;2;0.4;6;4;5;0.4;6;4;2;0.4;6;4;5;0.4;6;4;2;0.4;6;4;5;0.4;6;NOK;NOK;OK;7000;7050;6500;8100;OK;4.97;0;8;12;NOK;N/A;1.5;N/A;N/A;N/A;9;11.9;7;18;OK;;0;0;0;-;Disabled;TempOk;2;230;37.7;37.9;0;0;349.9;441345100 daimler 1500 1900;441345100 daimler 1500 1900;441345100 Daimler 1500 1900
20260325_21:35:05;0;3;3;950;940.4;925;975;OK;950;951.8;925;975;OK;951.6;951.6;-20;-12.6;-50;-25;NOK;-20;-12.7;-50;-25;NOK;-10.8;-11.8;0;-20;-12.6;-50;-25;NOK;300;311;300;500;OK;0;0;N/A;N/A;N/A;N/A;N/A;N/A;N/A;N/A;N/A;N/A;N/A;N/A;N/A;N/A;N/A;N/A;N/A;N/A;N/A;N/A;N/A;N/A;N/A;N/A;N/A;N/A;N/A;N/A;N/A;N/A;N/A;N/A;N/A;N/A;N/A;N/A;N/A;N/A;N/A;N/A;N/A;N/A;N/A;N/A;N/A;N/A;N/A;N/A;N/A;N/A;N/A;N/A;N/A;N/A;N/A;N/A;N/A;N/A;N/A;N/A;N/A;N/A;N/A;N/A;N/A;N/A;N/A;N/A;N/A;N/A;N/A;N/A;N/A;N/A;N/A;N/A;N/A;N/A;N/A;N/A;N/A;N/A;N/A;N/A;N/A;N/A;N/A;N/A;N/A;N/A;N/A;N/A;N/A;N/A;N/A;N/A;N/A;N/A;;0;319.7;0;0;;Disabled;TempStop;2;700;322.3;277.8;0;0;599.9;549.9;Enabled;PosOk;2;0;0;0;0;0;15;Disabled;0;0;0;0;0;0;0;0;0;0;0;0;0;0;0;0;0;0;0;0;0;0;0;0;0;0;0;0;0;0;0;0;0;0;0;0;0;0;0;0;0;0;0;0;0;0;0;0;0;0;0;0;0;0;0;0;0;0;0;0;0;0;0;0;0;0;0;0;0;0;30;31;20;45;30;30;20;45;30;32;20;45;30;30;20;45;200;141;100;300;200;140;100;300;200;140;100;300;200;140;100;300;30;31;20;45;30;30;20;45;30;31;20;45;30;30;20;45;200;145;100;300;200;144;100;300;200;231;100;300;200;232;100;300;4;2;0.4;6;4;5;0.4;6;4;2;0.4;6;4;5;0.4;6;4;2;0.4;6;4;5;0.4;6;4;2;0.4;6;4;5;0.4;6;NOK;NOK;OK;7000;7071;6500;8100;OK;4.97;0;8;12;NOK;N/A;1.5;N/A;N/A;N/A;9;12.5;7;18;OK;;0;0;0;-;Disabled;TempOk;2;230;37.9;37.9;0;0;349.9;441345100 daimler 1500 1900;441345100 daimler 1500 1900;441345100 Daimler 1500 1900
20260325_21:36:17;0;1;4;950;939.4;925;975;OK;950;950.9;925;975;OK;950.8;950.9;-20;-9.4;-50;-25;NOK;-20;-9.6;-50;-25;NOK;-13;-11.5;0;-20;-9.4;-50;-25;NOK;300;311;300;500;OK;0;0;N/A;N/A;N/A;N/A;N/A;N/A;N/A;N/A;N/A;N/A;N/A;N/A;N/A;N/A;N/A;N/A;N/A;N/A;N/A;N/A;N/A;N/A;N/A;N/A;N/A;N/A;N/A;N/A;N/A;N/A;N/A;N/A;N/A;N/A;N/A;N/A;N/A;N/A;N/A;N/A;N/A;N/A;N/A;N/A;N/A;N/A;N/A;N/A;N/A;N/A;N/A;N/A;N/A;N/A;N/A;N/A;N/A;N/A;N/A;N/A;N/A;N/A;N/A;N/A;N/A;N/A;N/A;N/A;N/A;N/A;N/A;N/A;N/A;N/A;N/A;N/A;N/A;N/A;N/A;N/A;N/A;N/A;N/A;N/A;N/A;N/A;N/A;N/A;N/A;N/A;N/A;N/A;N/A;N/A;N/A;N/A;N/A;N/A;;0;320.2;0;0;;Disabled;TempStop;2;700;322.5;279;0;0;599.9;549.9;Enabled;PosOk;2;0;0;0;0;0;15;Disabled;0;0;0;0;0;0;0;0;0;0;0;0;0;0;0;0;0;0;0;0;0;0;0;0;0;0;0;0;0;0;0;0;0;0;0;0;0;0;0;0;0;0;0;0;0;0;0;0;0;0;0;0;0;0;0;0;0;0;0;0;0;0;0;0;0;0;0;0;35;52;30;31;20;45;30;30;20;45;30;31;20;45;30;30;20;45;200;142;100;300;200;140;100;300;200;140;100;300;200;140;100;300;30;31;20;45;30;30;20;45;30;30;20;45;30;30;20;45;200;145;100;300;200;143;100;300;200;231;100;300;200;232;100;300;4;2;0.4;6;4;5;0.4;6;4;2;0.4;6;4;5;0.4;6;4;2;0.4;6;4;5;0.4;6;4;2;0.4;6;4;5;0.4;6;NOK;NOK;OK;7000;7113;6500;8100;OK;4.97;0;8;12;NOK;N/A;1.5;N/A;N/A;N/A;9;12;7;18;OK;;0;0;0;-;Disabled;TempOk;2;230;37.7;38.2;0;0;349.9;441345100 daimler 1500 1900;441345100 daimler 1500 1900;441345100 Daimler 1500 1900
20260325_21:37:12;0;3;1;950;940.4;925;975;OK;950;951.5;925;975;OK;951.4;951.6;-20;-13.7;-50;-25;NOK;-20;-13.7;-50;-25;NOK;-10.8;-11.8;0;-20;-13.7;-50;-25;NOK;300;330;300;500;OK;0;0;N/A;N/A;N/A;N/A;N/A;N/A;N/A;N/A;N/A;N/A;N/A;N/A;N/A;N/A;N/A;N/A;N/A;N/A;N/A;N/A;N/A;N/A;N/A;N/A;N/A;N/A;N/A;N/A;N/A;N/A;N/A;N/A;N/A;N/A;N/A;N/A;N/A;N/A;N/A;N/A;N/A;N/A;N/A;N/A;N/A;N/A;N/A;N/A;N/A;N/A;N/A;N/A;N/A;N/A;N/A;N/A;N/A;N/A;N/A;N/A;N/A;N/A;N/A;N/A;N/A;N/A;N/A;N/A;N/A;N/A;N/A;N/A;N/A;N/A;N/A;N/A;N/A;N/A;N/A;N/A;N/A;N/A;N/A;N/A;N/A;N/A;N/A;N/A;N/A;N/A;N/A;N/A;N/A;N/A;N/A;N/A;N/A;N/A;;0;319.3;0;0;;Disabled;TempStop;2;700;321.7;276.3;0;0;599.9;549.9;Enabled;PosOk;2;0;0;0;0;0;15;Disabled;0;0;0;0;0;0;0;0;0;0;0;0;0;0;0;0;0;0;0;0;0;0;0;0;0;0;0;0;0;0;0;0;0;0;0;0;0;0;0;0;0;0;0;0;0;0;0;0;0;0;0;0;0;0;0;0;0;0;0;0;0;0;0;0;0;0;0;0;0;0;30;31;20;45;30;30;20;45;30;31;20;45;30;30;20;45;200;142;100;300;200;140;100;300;200;140;100;300;200;140;100;300;30;30;20;45;30;30;20;45;30;30;20;45;30;30;20;45;200;145;100;300;200;144;100;300;200;231;100;300;200;233;100;300;4;2;0.4;6;4;5;0.4;6;4;2;0.4;6;4;5;0.4;6;4;2;0.4;6;4;5;0.4;6;4;2;0.4;6;4;5;0.4;6;NOK;NOK;OK;7000;7107;6500;8100;OK;4.96;0;8;12;NOK;N/A;1.5;N/A;N/A;N/A;9;12;7;18;OK;;0;0;0;-;Disabled;TempOk;2;230;37.7;37.9;0;0;349.9;441345100 daimler 1500 1900;441345100 daimler 1500 1900;441345100 Daimler 1500 1900
20260325_21:37:48;0;3;4;950;941.1;925;975;OK;950;951.7;925;975;OK;951.5;951.5;-20;-10.9;-50;-25;NOK;-20;-11.1;-50;-25;NOK;-11.5;-9.9;0;-20;-11.1;-50;-25;NOK;300;330;300;500;OK;0;0;N/A;N/A;N/A;N/A;N/A;N/A;N/A;N/A;N/A;N/A;N/A;N/A;N/A;N/A;N/A;N/A;N/A;N/A;N/A;N/A;N/A;N/A;N/A;N/A;N/A;N/A;N/A;N/A;N/A;N/A;N/A;N/A;N/A;N/A;N/A;N/A;N/A;N/A;N/A;N/A;N/A;N/A;N/A;N/A;N/A;N/A;N/A;N/A;N/A;N/A;N/A;N/A;N/A;N/A;N/A;N/A;N/A;N/A;N/A;N/A;N/A;N/A;N/A;N/A;N/A;N/A;N/A;N/A;N/A;N/A;N/A;N/A;N/A;N/A;N/A;N/A;N/A;N/A;N/A;N/A;N/A;N/A;N/A;N/A;N/A;N/A;N/A;N/A;N/A;N/A;N/A;N/A;N/A;N/A;N/A;N/A;N/A;N/A;;0;319.4;0;0;;Disabled;TempStop;2;700;322;276.8;0;0;599.9;549.9;Enabled;PosOk;2;0;0;0;0;0;15;Disabled;0;0;0;0;0;0;0;0;0;0;0;0;0;0;0;0;0;0;0;0;0;0;0;0;0;0;0;0;0;0;0;0;0;0;0;0;0;0;0;0;0;0;0;0;0;0;0;0;0;0;0;0;0;0;0;0;0;0;0;0;0;0;0;0;0;0;0;0;0;0;30;31;20;45;30;30;20;45;30;31;20;45;30;30;20;45;200;141;100;300;200;139;100;300;200;141;100;300;200;140;100;300;30;31;20;45;30;30;20;45;30;30;20;45;30;30;20;45;200;145;100;300;200;144;100;300;200;231;100;300;200;232;100;300;4;2;0.4;6;4;5;0.4;6;4;2;0.4;6;4;5;0.4;6;4;2;0.4;6;4;5;0.4;6;4;2;0.4;6;4;5;0.4;6;NOK;NOK;OK;7000;7070;6500;8100;OK;4.97;0;8;12;NOK;N/A;1.5;N/A;N/A;N/A;9;12.3;7;18;OK;;0;0;0;-;Disabled;TempOk;2;230;37.7;38.2;0;0;349.9;441345100 daimler 1500 1900;441345100 daimler 1500 1900;441345100 Daimler 1500 1900
20260325_21:38:24;0;3;5;950;943.1;925;975;OK;950;951.2;925;975;OK;951.3;951.3;-20;-14.4;-50;-25;NOK;-20;-14.4;-50;-25;NOK;-13.6;-13.6;0;-20;-14.3;-50;-25;NOK;300;330;300;500;OK;0;0;N/A;N/A;N/A;N/A;N/A;N/A;N/A;N/A;N/A;N/A;N/A;N/A;N/A;N/A;N/A;N/A;N/A;N/A;N/A;N/A;N/A;N/A;N/A;N/A;N/A;N/A;N/A;N/A;N/A;N/A;N/A;N/A;N/A;N/A;N/A;N/A;N/A;N/A;N/A;N/A;N/A;N/A;N/A;N/A;N/A;N/A;N/A;N/A;N/A;N/A;N/A;N/A;N/A;N/A;N/A;N/A;N/A;N/A;N/A;N/A;N/A;N/A;N/A;N/A;N/A;N/A;N/A;N/A;N/A;N/A;N/A;N/A;N/A;N/A;N/A;N/A;N/A;N/A;N/A;N/A;N/A;N/A;N/A;N/A;N/A;N/A;N/A;N/A;N/A;N/A;N/A;N/A;N/A;N/A;N/A;N/A;N/A;N/A;;0;319.2;0;0;;Disabled;TempStop;2;700;321.7;277.7;0;0;599.9;549.9;Enabled;PosOk;2;0;0;0;0;0;15;Disabled;0;0;0;0;0;0;0;0;0;0;0;0;0;0;0;0;0;0;0;0;0;0;0;0;0;0;0;0;0;0;0;0;0;0;0;0;0;0;0;0;0;0;0;0;0;0;0;0;0;0;0;0;0;0;0;0;0;0;0;0;0;0;0;0;0;0;0;0;0;0;30;31;20;45;30;30;20;45;30;31;20;45;30;30;20;45;200;141;100;300;200;140;100;300;200;140;100;300;200;140;100;300;30;31;20;45;30;30;20;45;30;31;20;45;30;30;20;45;200;145;100;300;200;144;100;300;200;231;100;300;200;232;100;300;4;2;0.4;6;4;5;0.4;6;4;2;0.4;6;4;5;0.4;6;4;2;0.4;6;4;5;0.4;6;4;2;0.4;6;4;5;0.4;6;NOK;NOK;OK;7000;7073;6500;8100;OK;4.97;0;8;12;NOK;N/A;1.5;N/A;N/A;N/A;9;11.8;7;18;OK;;0;0;0;-;Disabled;TempOk;2;230;37.9;38.2;0;0;349.9;441345100 daimler 1500 1900;441345100 daimler 1500 1900;441345100 Daimler 1500 1900
20260325_21:39:00;0;1;2;950;940.6;925;975;OK;950;951.6;925;975;OK;951.4;951.5;-20;-12.8;-50;-25;NOK;-20;-15.7;-50;-25;NOK;-14.4;-14.7;0;-20;-12.8;-50;-25;NOK;300;330;300;500;OK;0;0;N/A;N/A;N/A;N/A;N/A;N/A;N/A;N/A;N/A;N/A;N/A;N/A;N/A;N/A;N/A;N/A;N/A;N/A;N/A;N/A;N/A;N/A;N/A;N/A;N/A;N/A;N/A;N/A;N/A;N/A;N/A;N/A;N/A;N/A;N/A;N/A;N/A;N/A;N/A;N/A;N/A;N/A;N/A;N/A;N/A;N/A;N/A;N/A;N/A;N/A;N/A;N/A;N/A;N/A;N/A;N/A;N/A;N/A;N/A;N/A;N/A;N/A;N/A;N/A;N/A;N/A;N/A;N/A;N/A;N/A;N/A;N/A;N/A;N/A;N/A;N/A;N/A;N/A;N/A;N/A;N/A;N/A;N/A;N/A;N/A;N/A;N/A;N/A;N/A;N/A;N/A;N/A;N/A;N/A;N/A;N/A;N/A;N/A;;0;321.2;0;0;;Disabled;TempStop;2;700;323.6;279.4;0;0;599.9;549.9;Enabled;PosOk;2;0;0;0;0;0;15;Disabled;0;0;0;0;0;0;0;0;0;0;0;0;0;0;0;0;0;0;0;0;0;0;0;0;0;0;0;0;0;0;0;0;0;0;0;0;0;0;0;0;0;0;0;0;0;0;0;0;0;0;0;0;0;0;0;0;0;0;0;0;0;0;0;0;0;0;0;0;0;0;30;31;20;45;30;30;20;45;30;32;20;45;30;30;20;45;200;141;100;300;200;140;100;300;200;140;100;300;200;140;100;300;30;31;20;45;30;30;20;45;30;31;20;45;30;30;20;45;200;145;100;300;200;144;100;300;200;231;100;300;200;232;100;300;4;2;0.4;6;4;5;0.4;6;4;2;0.4;6;4;5;0.4;6;4;2;0.4;6;4;5;0.4;6;4;2;0.4;6;4;5;0.4;6;NOK;NOK;OK;7000;7049;6500;8100;OK;4.97;0;8;12;NOK;N/A;1.5;N/A;N/A;N/A;9;11.9;7;18;OK;;0;0;0;-;Disabled;TempOk;2;230;37.7;38.4;0;0;349.9;441345100 daimler 1500 1900;441345100 daimler 1500 1900;441345100 Daimler 1500 1900
20260325_21:39:36;0;3;2;950;940.2;925;975;OK;950;952;925;975;OK;952;952;-20;-11.8;-50;-25;NOK;-20;-11.6;-50;-25;NOK;-13;-12.1;0;-20;-11.9;-50;-25;NOK;300;330;300;500;OK;0;0;N/A;N/A;N/A;N/A;N/A;N/A;N/A;N/A;N/A;N/A;N/A;N/A;N/A;N/A;N/A;N/A;N/A;N/A;N/A;N/A;N/A;N/A;N/A;N/A;N/A;N/A;N/A;N/A;N/A;N/A;N/A;N/A;N/A;N/A;N/A;N/A;N/A;N/A;N/A;N/A;N/A;N/A;N/A;N/A;N/A;N/A;N/A;N/A;N/A;N/A;N/A;N/A;N/A;N/A;N/A;N/A;N/A;N/A;N/A;N/A;N/A;N/A;N/A;N/A;N/A;N/A;N/A;N/A;N/A;N/A;N/A;N/A;N/A;N/A;N/A;N/A;N/A;N/A;N/A;N/A;N/A;N/A;N/A;N/A;N/A;N/A;N/A;N/A;N/A;N/A;N/A;N/A;N/A;N/A;N/A;N/A;N/A;N/A;;0;318.7;0;0;;Disabled;TempStop;2;700;321.1;277.9;0;0;599.9;549.9;Enabled;PosOk;2;0;0;0;0;0;15;Disabled;0;0;0;0;0;0;0;0;0;0;0;0;0;0;0;0;0;0;0;0;0;0;0;0;0;0;0;0;0;0;0;0;0;0;0;0;0;0;0;0;0;0;0;0;0;0;0;0;0;0;0;0;0;0;0;0;0;0;0;0;0;0;0;0;0;0;0;0;0;0;30;31;20;45;30;30;20;45;30;31;20;45;30;30;20;45;200;141;100;300;200;140;100;300;200;140;100;300;200;140;100;300;30;31;20;45;30;30;20;45;30;30;20;45;30;30;20;45;200;145;100;300;200;144;100;300;200;231;100;300;200;232;100;300;4;2;0.4;6;4;5;0.4;6;4;2;0.4;6;4;5;0.4;6;4;2;0.4;6;4;5;0.4;6;4;2;0.4;6;4;5;0.4;6;NOK;NOK;OK;7000;7064;6500;8100;OK;4.97;0;8;12;NOK;N/A;1.5;N/A;N/A;N/A;9;11.7;7;18;OK;;0;0;0;-;Disabled;TempOk;2;230;38.4;38.9;0;0;349.9;441345100 daimler 1500 1900;441345100 daimler 1500 1900;441345100 Daimler 1500 1900
20260325_21:40:12;0;1;3;950;941.2;925;975;OK;950;951.7;925;975;OK;951.7;951.7;-20;-12.7;-50;-25;NOK;-20;-14.9;-50;-25;NOK;-15.9;-16.6;0;-20;-12.5;-50;-25;NOK;300;330;300;500;OK;0;0;N/A;N/A;N/A;N/A;N/A;N/A;N/A;N/A;N/A;N/A;N/A;N/A;N/A;N/A;N/A;N/A;N/A;N/A;N/A;N/A;N/A;N/A;N/A;N/A;N/A;N/A;N/A;N/A;N/A;N/A;N/A;N/A;N/A;N/A;N/A;N/A;N/A;N/A;N/A;N/A;N/A;N/A;N/A;N/A;N/A;N/A;N/A;N/A;N/A;N/A;N/A;N/A;N/A;N/A;N/A;N/A;N/A;N/A;N/A;N/A;N/A;N/A;N/A;N/A;N/A;N/A;N/A;N/A;N/A;N/A;N/A;N/A;N/A;N/A;N/A;N/A;N/A;N/A;N/A;N/A;N/A;N/A;N/A;N/A;N/A;N/A;N/A;N/A;N/A;N/A;N/A;N/A;N/A;N/A;N/A;N/A;N/A;N/A;;0;321.5;0;0;;Disabled;TempStop;2;700;323.9;278.7;0;0;599.9;549.9;Enabled;PosOk;2;0;0;0;0;0;15;Disabled;0;0;0;0;0;0;0;0;0;0;0;0;0;0;0;0;0;0;0;0;0;0;0;0;0;0;0;0;0;0;0;0;0;0;0;0;0;0;0;0;0;0;0;0;0;0;0;0;0;0;0;0;0;0;0;0;0;0;0;0;0;0;0;0;0;0;0;0;39;46;30;31;20;45;30;30;20;45;30;31;20;45;30;30;20;45;200;141;100;300;200;140;100;300;200;140;100;300;200;140;100;300;30;31;20;45;30;30;20;45;30;30;20;45;30;30;20;45;200;145;100;300;200;143;100;300;200;230;100;300;200;231;100;300;4;2;0.4;6;4;5;0.4;6;4;2;0.4;6;4;5;0.4;6;4;2;0.4;6;4;5;0.4;6;4;3;0.4;6;4;5;0.4;6;NOK;NOK;OK;7000;7060;6500;8100;OK;4.97;0;8;12;NOK;N/A;1.5;N/A;N/A;N/A;9;11.8;7;18;OK;;0;0;0;-;Disabled;TempOk;2;230;37.7;39.5;0;0;349.9;441345100 daimler 1500 1900;441345100 daimler 1500 1900;441345100 Daimler 1500 1900
20260325_21:40:48;0;3;3;950;940.5;925;975;OK;950;951.5;925;975;OK;951.5;951.6;-20;-12.6;-50;-25;NOK;-20;-13.1;-50;-25;NOK;-10.9;-11.8;0;-20;-12.5;-50;-25;NOK;300;330;300;500;OK;0;0;N/A;N/A;N/A;N/A;N/A;N/A;N/A;N/A;N/A;N/A;N/A;N/A;N/A;N/A;N/A;N/A;N/A;N/A;N/A;N/A;N/A;N/A;N/A;N/A;N/A;N/A;N/A;N/A;N/A;N/A;N/A;N/A;N/A;N/A;N/A;N/A;N/A;N/A;N/A;N/A;N/A;N/A;N/A;N/A;N/A;N/A;N/A;N/A;N/A;N/A;N/A;N/A;N/A;N/A;N/A;N/A;N/A;N/A;N/A;N/A;N/A;N/A;N/A;N/A;N/A;N/A;N/A;N/A;N/A;N/A;N/A;N/A;N/A;N/A;N/A;N/A;N/A;N/A;N/A;N/A;N/A;N/A;N/A;N/A;N/A;N/A;N/A;N/A;N/A;N/A;N/A;N/A;N/A;N/A;N/A;N/A;N/A;N/A;;0;319.6;0;0;;Disabled;TempStop;2;700;321.9;278.6;0;0;599.9;549.9;Enabled;PosOk;2;0;0;0;0;0;15;Disabled;0;0;0;0;0;0;0;0;0;0;0;0;0;0;0;0;0;0;0;0;0;0;0;0;0;0;0;0;0;0;0;0;0;0;0;0;0;0;0;0;0;0;0;0;0;0;0;0;0;0;0;0;0;0;0;0;0;0;0;0;0;0;0;0;0;0;0;0;0;0;30;31;20;45;30;30;20;45;30;31;20;45;30;30;20;45;200;141;100;300;200;139;100;300;200;140;100;300;200;140;100;300;30;31;20;45;30;30;20;45;30;30;20;45;30;30;20;45;200;145;100;300;200;144;100;300;200;231;100;300;200;232;100;300;4;2;0.4;6;4;5;0.4;6;4;2;0.4;6;4;5;0.4;6;4;2;0.4;6;4;5;0.4;6;4;2;0.4;6;4;5;0.4;6;NOK;NOK;OK;7000;7021;6500;8100;OK;4.96;0;8;12;NOK;N/A;1.5;N/A;N/A;N/A;9;12.4;7;18;OK;;0;0;0;-;Disabled;TempOk;2;230;37.9;39.1;0;0;349.9;441345100 daimler 1500 1900;441345100 daimler 1500 1900;441345100 Daimler 1500 1900
20260325_21:41:59;0;1;4;950;939.2;925;975;OK;950;951;925;975;OK;951;950.9;-20;-9.5;-50;-25;NOK;-20;-10.2;-50;-25;NOK;-14.3;-13.8;0;-20;-9.5;-50;-25;NOK;300;330;300;500;OK;0;0;N/A;N/A;N/A;N/A;N/A;N/A;N/A;N/A;N/A;N/A;N/A;N/A;N/A;N/A;N/A;N/A;N/A;N/A;N/A;N/A;N/A;N/A;N/A;N/A;N/A;N/A;N/A;N/A;N/A;N/A;N/A;N/A;N/A;N/A;N/A;N/A;N/A;N/A;N/A;N/A;N/A;N/A;N/A;N/A;N/A;N/A;N/A;N/A;N/A;N/A;N/A;N/A;N/A;N/A;N/A;N/A;N/A;N/A;N/A;N/A;N/A;N/A;N/A;N/A;N/A;N/A;N/A;N/A;N/A;N/A;N/A;N/A;N/A;N/A;N/A;N/A;N/A;N/A;N/A;N/A;N/A;N/A;N/A;N/A;N/A;N/A;N/A;N/A;N/A;N/A;N/A;N/A;N/A;N/A;N/A;N/A;N/A;N/A;;0;321.5;0;0;;Disabled;TempStop;2;700;323.4;279.9;0;0;599.9;549.9;Enabled;PosOk;2;0;0;0;0;0;15;Disabled;0;0;0;0;0;0;0;0;0;0;0;0;0;0;0;0;0;0;0;0;0;0;0;0;0;0;0;0;0;0;0;0;0;0;0;0;0;0;0;0;0;0;0;0;0;0;0;0;0;0;0;0;0;0;0;0;0;0;0;0;0;0;0;0;0;0;0;0;41;34;30;30;20;45;30;30;20;45;30;30;20;45;30;30;20;45;200;142;100;300;200;140;100;300;200;140;100;300;200;140;100;300;30;30;20;45;30;30;20;45;30;30;20;45;30;30;20;45;200;145;100;300;200;144;100;300;200;231;100;300;200;232;100;300;4;2;0.4;6;4;5;0.4;6;4;2;0.4;6;4;5;0.4;6;4;2;0.4;6;4;5;0.4;6;4;2;0.4;6;4;5;0.4;6;NOK;NOK;OK;7000;7115;6500;8100;OK;4.97;0;8;12;NOK;N/A;1.5;N/A;N/A;N/A;9;11.9;7;18;OK;;0;0;0;-;Disabled;TempOk;2;230;37.7;38.4;0;0;349.9;441345100 daimler 1500 1900;441345100 daimler 1500 1900;441345100 Daimler 1500 1900
20260325_21:42:35;0;3;1;950;940.3;925;975;OK;950;951.5;925;975;OK;951.4;951.4;-20;-14.1;-50;-25;NOK;-20;-13.3;-50;-25;NOK;-10.9;-11.9;0;-20;-14.2;-50;-25;NOK;300;311;300;500;OK;0;0;N/A;N/A;N/A;N/A;N/A;N/A;N/A;N/A;N/A;N/A;N/A;N/A;N/A;N/A;N/A;N/A;N/A;N/A;N/A;N/A;N/A;N/A;N/A;N/A;N/A;N/A;N/A;N/A;N/A;N/A;N/A;N/A;N/A;N/A;N/A;N/A;N/A;N/A;N/A;N/A;N/A;N/A;N/A;N/A;N/A;N/A;N/A;N/A;N/A;N/A;N/A;N/A;N/A;N/A;N/A;N/A;N/A;N/A;N/A;N/A;N/A;N/A;N/A;N/A;N/A;N/A;N/A;N/A;N/A;N/A;N/A;N/A;N/A;N/A;N/A;N/A;N/A;N/A;N/A;N/A;N/A;N/A;N/A;N/A;N/A;N/A;N/A;N/A;N/A;N/A;N/A;N/A;N/A;N/A;N/A;N/A;N/A;N/A;;0;320.3;0;0;;Disabled;TempStop;2;700;322.8;278.4;0;0;599.9;549.9;Enabled;PosOk;2;0;0;0;0;0;15;Disabled;0;0;0;0;0;0;0;0;0;0;0;0;0;0;0;0;0;0;0;0;0;0;0;0;0;0;0;0;0;0;0;0;0;0;0;0;0;0;0;0;0;0;0;0;0;0;0;0;0;0;0;0;0;0;0;0;0;0;0;0;0;0;0;0;0;0;0;0;0;0;30;31;20;45;30;30;20;45;30;31;20;45;30;30;20;45;200;141;100;300;200;140;100;300;200;140;100;300;200;140;100;300;30;31;20;45;30;30;20;45;30;31;20;45;30;30;20;45;200;144;100;300;200;144;100;300;200;231;100;300;200;232;100;300;4;2;0.4;6;4;5;0.4;6;4;2;0.4;6;4;5;0.4;6;4;2;0.4;6;4;5;0.4;6;4;2;0.4;6;4;5;0.4;6;NOK;NOK;OK;7000;7060;6500;8100;OK;4.97;0;8;12;NOK;N/A;1.5;N/A;N/A;N/A;9;11.8;7;18;OK;;0;0;0;-;Disabled;TempOk;2;230;38.2;38.7;0;0;349.9;441345100 daimler 1500 1900;441345100 daimler 1500 1900;441345100 Daimler 1500 1900
20260325_21:43:11;0;3;4;950;941.2;925;975;OK;950;951.7;925;975;OK;951.7;951.5;-20;-11.6;-50;-25;NOK;-20;-10.6;-50;-25;NOK;-11.6;-10.1;0;-20;-11.7;-50;-25;NOK;300;311;300;500;OK;0;0;N/A;N/A;N/A;N/A;N/A;N/A;N/A;N/A;N/A;N/A;N/A;N/A;N/A;N/A;N/A;N/A;N/A;N/A;N/A;N/A;N/A;N/A;N/A;N/A;N/A;N/A;N/A;N/A;N/A;N/A;N/A;N/A;N/A;N/A;N/A;N/A;N/A;N/A;N/A;N/A;N/A;N/A;N/A;N/A;N/A;N/A;N/A;N/A;N/A;N/A;N/A;N/A;N/A;N/A;N/A;N/A;N/A;N/A;N/A;N/A;N/A;N/A;N/A;N/A;N/A;N/A;N/A;N/A;N/A;N/A;N/A;N/A;N/A;N/A;N/A;N/A;N/A;N/A;N/A;N/A;N/A;N/A;N/A;N/A;N/A;N/A;N/A;N/A;N/A;N/A;N/A;N/A;N/A;N/A;N/A;N/A;N/A;N/A;;0;320;0;0;;Disabled;TempStop;2;700;322.3;278.7;0;0;599.9;549.9;Enabled;PosOk;2;0;0;0;0;0;15;Disabled;0;0;0;0;0;0;0;0;0;0;0;0;0;0;0;0;0;0;0;0;0;0;0;0;0;0;0;0;0;0;0;0;0;0;0;0;0;0;0;0;0;0;0;0;0;0;0;0;0;0;0;0;0;0;0;0;0;0;0;0;0;0;0;0;0;0;0;0;0;0;30;31;20;45;30;30;20;45;30;31;20;45;30;30;20;45;200;142;100;300;200;139;100;300;200;140;100;300;200;140;100;300;30;31;20;45;30;30;20;45;30;30;20;45;30;30;20;45;200;145;100;300;200;144;100;300;200;230;100;300;200;231;100;300;4;2;0.4;6;4;5;0.4;6;4;2;0.4;6;4;5;0.4;6;4;2;0.4;6;4;5;0.4;6;4;3;0.4;6;4;5;0.4;6;NOK;NOK;OK;7000;7064;6500;8100;OK;4.97;0;8;12;NOK;N/A;1.5;N/A;N/A;N/A;9;12;7;18;OK;;0;0;0;-;Disabled;TempOk;2;230;38.4;38.4;0;0;349.9;441345100 daimler 1500 1900;441345100 daimler 1500 1900;441345100 Daimler 1500 1900
20260325_21:43:47;0;3;5;950;943;925;975;OK;950;951.3;925;975;OK;951.2;951.3;-20;-14.4;-50;-25;NOK;-20;-14.4;-50;-25;NOK;-13.9;-13.9;0;-20;-14.4;-50;-25;NOK;300;311;300;500;OK;0;0;N/A;N/A;N/A;N/A;N/A;N/A;N/A;N/A;N/A;N/A;N/A;N/A;N/A;N/A;N/A;N/A;N/A;N/A;N/A;N/A;N/A;N/A;N/A;N/A;N/A;N/A;N/A;N/A;N/A;N/A;N/A;N/A;N/A;N/A;N/A;N/A;N/A;N/A;N/A;N/A;N/A;N/A;N/A;N/A;N/A;N/A;N/A;N/A;N/A;N/A;N/A;N/A;N/A;N/A;N/A;N/A;N/A;N/A;N/A;N/A;N/A;N/A;N/A;N/A;N/A;N/A;N/A;N/A;N/A;N/A;N/A;N/A;N/A;N/A;N/A;N/A;N/A;N/A;N/A;N/A;N/A;N/A;N/A;N/A;N/A;N/A;N/A;N/A;N/A;N/A;N/A;N/A;N/A;N/A;N/A;N/A;N/A;N/A;;0;319.3;0;0;;Disabled;TempStop;2;700;321.7;278;0;0;599.9;549.9;Enabled;PosOk;2;0;0;0;0;0;15;Disabled;0;0;0;0;0;0;0;0;0;0;0;0;0;0;0;0;0;0;0;0;0;0;0;0;0;0;0;0;0;0;0;0;0;0;0;0;0;0;0;0;0;0;0;0;0;0;0;0;0;0;0;0;0;0;0;0;0;0;0;0;0;0;0;0;0;0;0;0;0;0;30;31;20;45;30;30;20;45;30;31;20;45;30;30;20;45;200;141;100;300;200;139;100;300;200;141;100;300;200;140;100;300;30;31;20;45;30;30;20;45;30;31;20;45;30;30;20;45;200;145;100;300;200;144;100;300;200;230;100;300;200;231;100;300;4;2;0.4;6;4;5;0.4;6;4;2;0.4;6;4;5;0.4;6;4;2;0.4;6;4;5;0.4;6;4;2;0.4;6;4;5;0.4;6;NOK;NOK;OK;7000;7064;6500;8100;OK;4.97;0;8;12;NOK;N/A;1.5;N/A;N/A;N/A;9;11.7;7;18;OK;;0;0;0;-;Disabled;TempOk;2;230;37.9;39.3;0;0;349.9;441345100 daimler 1500 1900;441345100 daimler 1500 1900;441345100 Daimler 1500 1900
20260325_21:44:23;0;1;2;950;940.3;925;975;OK;950;951.5;925;975;OK;951.4;951.5;-20;-15.8;-50;-25;NOK;-20;-16.5;-50;-25;NOK;-15.7;-16;0;-20;-15.8;-50;-25;NOK;300;311;300;500;OK;0;0;N/A;N/A;N/A;N/A;N/A;N/A;N/A;N/A;N/A;N/A;N/A;N/A;N/A;N/A;N/A;N/A;N/A;N/A;N/A;N/A;N/A;N/A;N/A;N/A;N/A;N/A;N/A;N/A;N/A;N/A;N/A;N/A;N/A;N/A;N/A;N/A;N/A;N/A;N/A;N/A;N/A;N/A;N/A;N/A;N/A;N/A;N/A;N/A;N/A;N/A;N/A;N/A;N/A;N/A;N/A;N/A;N/A;N/A;N/A;N/A;N/A;N/A;N/A;N/A;N/A;N/A;N/A;N/A;N/A;N/A;N/A;N/A;N/A;N/A;N/A;N/A;N/A;N/A;N/A;N/A;N/A;N/A;N/A;N/A;N/A;N/A;N/A;N/A;N/A;N/A;N/A;N/A;N/A;N/A;N/A;N/A;N/A;N/A;;0;322.1;0;0;;Disabled;TempStop;2;700;324.5;280.4;0;0;599.9;549.9;Enabled;PosOk;2;0;0;0;0;0;15;Disabled;0;0;0;0;0;0;0;0;0;0;0;0;0;0;0;0;0;0;0;0;0;0;0;0;0;0;0;0;0;0;0;0;0;0;0;0;0;0;0;0;0;0;0;0;0;0;0;0;0;0;0;0;0;0;0;0;0;0;0;0;0;0;0;0;0;0;0;0;0;0;30;31;20;45;30;30;20;45;30;32;20;45;30;30;20;45;200;142;100;300;200;140;100;300;200;141;100;300;200;140;100;300;30;31;20;45;30;30;20;45;30;31;20;45;30;30;20;45;200;145;100;300;200;144;100;300;200;231;100;300;200;232;100;300;4;2;0.4;6;4;5;0.4;6;4;2;0.4;6;4;5;0.4;6;4;2;0.4;6;4;5;0.4;6;4;2;0.4;6;4;5;0.4;6;NOK;NOK;OK;7000;7048;6500;8100;OK;4.97;0;8;12;NOK;N/A;1.5;N/A;N/A;N/A;9;11.7;7;18;OK;;0;0;0;-;Disabled;TempOk;2;230;38.2;38.4;0;0;349.9;441345100 daimler 1500 1900;441345100 daimler 1500 1900;441345100 Daimler 1500 1900
20260325_21:44:59;0;3;2;950;941;925;975;OK;950;951.9;925;975;OK;951.7;951.9;-20;-11.9;-50;-25;NOK;-20;-11.4;-50;-25;NOK;-12.1;-11.1;0;-20;-12;-50;-25;NOK;300;311;300;500;OK;0;0;N/A;N/A;N/A;N/A;N/A;N/A;N/A;N/A;N/A;N/A;N/A;N/A;N/A;N/A;N/A;N/A;N/A;N/A;N/A;N/A;N/A;N/A;N/A;N/A;N/A;N/A;N/A;N/A;N/A;N/A;N/A;N/A;N/A;N/A;N/A;N/A;N/A;N/A;N/A;N/A;N/A;N/A;N/A;N/A;N/A;N/A;N/A;N/A;N/A;N/A;N/A;N/A;N/A;N/A;N/A;N/A;N/A;N/A;N/A;N/A;N/A;N/A;N/A;N/A;N/A;N/A;N/A;N/A;N/A;N/A;N/A;N/A;N/A;N/A;N/A;N/A;N/A;N/A;N/A;N/A;N/A;N/A;N/A;N/A;N/A;N/A;N/A;N/A;N/A;N/A;N/A;N/A;N/A;N/A;N/A;N/A;N/A;N/A;;0;320.2;0;0;;Disabled;TempStop;2;700;322.7;279.1;0;0;599.9;549.9;Enabled;PosOk;2;0;0;0;0;0;15;Disabled;0;0;0;0;0;0;0;0;0;0;0;0;0;0;0;0;0;0;0;0;0;0;0;0;0;0;0;0;0;0;0;0;0;0;0;0;0;0;0;0;0;0;0;0;0;0;0;0;0;0;0;0;0;0;0;0;0;0;0;0;0;0;0;0;0;0;0;0;0;0;30;31;20;45;30;30;20;45;30;32;20;45;30;30;20;45;200;142;100;300;200;140;100;300;200;141;100;300;200;140;100;300;30;31;20;45;30;30;20;45;30;31;20;45;30;30;20;45;200;145;100;300;200;144;100;300;200;230;100;300;200;231;100;300;4;2;0.4;6;4;5;0.4;6;4;2;0.4;6;4;5;0.4;6;4;2;0.4;6;4;5;0.4;6;4;3;0.4;6;4;5;0.4;6;NOK;NOK;OK;7000;7037;6500;8100;OK;4.96;0;8;12;NOK;N/A;1.5;N/A;N/A;N/A;9;12.4;7;18;OK;;0;0;0;-;Disabled;TempOk;2;230;38.2;38.4;0;0;349.9;441345100 daimler 1500 1900;441345100 daimler 1500 1900;441345100 Daimler 1500 1900
20260325_21:45:35;0;1;3;950;941.3;925;975;OK;950;951.7;925;975;OK;951.7;951.8;-20;-14;-50;-25;NOK;-20;-15.2;-50;-25;NOK;-16.8;-17.4;0;-20;-13.9;-50;-25;NOK;300;311;300;500;OK;0;0;N/A;N/A;N/A;N/A;N/A;N/A;N/A;N/A;N/A;N/A;N/A;N/A;N/A;N/A;N/A;N/A;N/A;N/A;N/A;N/A;N/A;N/A;N/A;N/A;N/A;N/A;N/A;N/A;N/A;N/A;N/A;N/A;N/A;N/A;N/A;N/A;N/A;N/A;N/A;N/A;N/A;N/A;N/A;N/A;N/A;N/A;N/A;N/A;N/A;N/A;N/A;N/A;N/A;N/A;N/A;N/A;N/A;N/A;N/A;N/A;N/A;N/A;N/A;N/A;N/A;N/A;N/A;N/A;N/A;N/A;N/A;N/A;N/A;N/A;N/A;N/A;N/A;N/A;N/A;N/A;N/A;N/A;N/A;N/A;N/A;N/A;N/A;N/A;N/A;N/A;N/A;N/A;N/A;N/A;N/A;N/A;N/A;N/A;;0;321.7;0;0;;Disabled;TempStop;2;700;324.1;280.3;0;0;599.9;549.9;Enabled;PosOk;2;0;0;0;0;0;15;Disabled;0;0;0;0;0;0;0;0;0;0;0;0;0;0;0;0;0;0;0;0;0;0;0;0;0;0;0;0;0;0;0;0;0;0;0;0;0;0;0;0;0;0;0;0;0;0;0;0;0;0;0;0;0;0;0;0;0;0;0;0;0;0;0;0;0;0;0;0;45;10;30;31;20;45;30;30;20;45;30;32;20;45;30;30;20;45;200;141;100;300;200;140;100;300;200;141;100;300;200;140;100;300;30;31;20;45;30;30;20;45;30;31;20;45;30;30;20;45;200;145;100;300;200;144;100;300;200;230;100;300;200;231;100;300;4;2;0.4;6;4;5;0.4;6;4;2;0.4;6;4;5;0.4;6;4;2;0.4;6;4;5;0.4;6;4;2;0.4;6;4;5;0.4;6;NOK;NOK;OK;7000;7053;6500;8100;OK;4.97;0;8;12;NOK;N/A;1.5;N/A;N/A;N/A;9;11.8;7;18;OK;;0;0;0;-;Disabled;TempOk;2;230;38.4;38.4;0;0;349.9;441345100 daimler 1500 1900;441345100 daimler 1500 1900;441345100 Daimler 1500 1900
20260325_21:46:11;0;3;3;950;940.5;925;975;OK;950;951.8;925;975;OK;951.6;951.6;-20;-13;-50;-25;NOK;-20;-12.7;-50;-25;NOK;-10.9;-11.9;0;-20;-12.9;-50;-25;NOK;300;311;300;500;OK;0;0;N/A;N/A;N/A;N/A;N/A;N/A;N/A;N/A;N/A;N/A;N/A;N/A;N/A;N/A;N/A;N/A;N/A;N/A;N/A;N/A;N/A;N/A;N/A;N/A;N/A;N/A;N/A;N/A;N/A;N/A;N/A;N/A;N/A;N/A;N/A;N/A;N/A;N/A;N/A;N/A;N/A;N/A;N/A;N/A;N/A;N/A;N/A;N/A;N/A;N/A;N/A;N/A;N/A;N/A;N/A;N/A;N/A;N/A;N/A;N/A;N/A;N/A;N/A;N/A;N/A;N/A;N/A;N/A;N/A;N/A;N/A;N/A;N/A;N/A;N/A;N/A;N/A;N/A;N/A;N/A;N/A;N/A;N/A;N/A;N/A;N/A;N/A;N/A;N/A;N/A;N/A;N/A;N/A;N/A;N/A;N/A;N/A;N/A;;0;319.4;0;0;;Disabled;TempStop;2;700;322;278;0;0;599.9;549.9;Enabled;PosOk;2;0;0;0;0;0;15;Disabled;0;0;0;0;0;0;0;0;0;0;0;0;0;0;0;0;0;0;0;0;0;0;0;0;0;0;0;0;0;0;0;0;0;0;0;0;0;0;0;0;0;0;0;0;0;0;0;0;0;0;0;0;0;0;0;0;0;0;0;0;0;0;0;0;0;0;0;0;0;0;30;32;20;45;30;29;20;45;30;32;20;45;30;29;20;45;200;142;100;300;200;140;100;300;200;140;100;300;200;140;100;300;30;31;20;45;30;29;20;45;30;30;20;45;30;29;20;45;200;145;100;300;200;144;100;300;200;230;100;300;200;231;100;300;4;2;0.4;6;4;5;0.4;6;4;2;0.4;6;4;5;0.4;6;4;2;0.4;6;4;5;0.4;6;4;3;0.4;6;4;5;0.4;6;NOK;NOK;OK;7000;7058;6500;8100;OK;4.97;0;8;12;NOK;N/A;1.5;N/A;N/A;N/A;9;12.3;7;18;OK;;0;0;0;-;Disabled;TempOk;2;230;37.9;38.4;0;0;349.9;441345100 daimler 1500 1900;441345100 daimler 1500 1900;441345100 Daimler 1500 1900
20260325_21:47:23;0;1;4;950;940.4;925;975;OK;950;950.9;925;975;OK;951;950.8;-20;-10.2;-50;-25;NOK;-20;-11.9;-50;-25;NOK;-14.3;-12.9;0;-20;-10.2;-50;-25;NOK;300;311;300;500;OK;0;0;N/A;N/A;N/A;N/A;N/A;N/A;N/A;N/A;N/A;N/A;N/A;N/A;N/A;N/A;N/A;N/A;N/A;N/A;N/A;N/A;N/A;N/A;N/A;N/A;N/A;N/A;N/A;N/A;N/A;N/A;N/A;N/A;N/A;N/A;N/A;N/A;N/A;N/A;N/A;N/A;N/A;N/A;N/A;N/A;N/A;N/A;N/A;N/A;N/A;N/A;N/A;N/A;N/A;N/A;N/A;N/A;N/A;N/A;N/A;N/A;N/A;N/A;N/A;N/A;N/A;N/A;N/A;N/A;N/A;N/A;N/A;N/A;N/A;N/A;N/A;N/A;N/A;N/A;N/A;N/A;N/A;N/A;N/A;N/A;N/A;N/A;N/A;N/A;N/A;N/A;N/A;N/A;N/A;N/A;N/A;N/A;N/A;N/A;;0;320.7;0;0;;Disabled;TempStop;2;700;322.8;280.7;0;0;599.9;549.9;Enabled;PosOk;2;0;0;0;0;0;15;Disabled;0;0;0;0;0;0;0;0;0;0;0;0;0;0;0;0;0;0;0;0;0;0;0;0;0;0;0;0;0;0;0;0;0;0;0;0;0;0;0;0;0;0;0;0;0;0;0;0;0;0;0;0;0;0;0;0;0;0;0;0;0;0;0;0;0;0;0;0;46;57;30;30;20;45;30;29;20;45;30;30;20;45;30;29;20;45;200;141;100;300;200;139;100;300;200;140;100;300;200;140;100;300;30;30;20;45;30;29;20;45;30;30;20;45;30;30;20;45;200;145;100;300;200;144;100;300;200;230;100;300;200;232;100;300;4;2;0.4;6;4;5;0.4;6;4;2;0.4;6;4;5;0.4;6;4;2;0.4;6;4;5;0.4;6;4;3;0.4;6;4;5;0.4;6;NOK;NOK;OK;7000;7113;6500;8100;OK;4.97;0;8;12;NOK;N/A;1.5;N/A;N/A;N/A;9;11.7;7;18;OK;;0;0;0;-;Disabled;TempOk;2;230;38.9;38.4;0;0;349.9;441345100 daimler 1500 1900;441345100 daimler 1500 1900;441345100 Daimler 1500 1900
20260325_21:47:59;0;3;1;950;940.5;925;975;OK;950;951.4;925;975;OK;951.5;951.5;-20;-13.7;-50;-25;NOK;-20;-13.4;-50;-25;NOK;-10.8;-12;0;-20;-13.8;-50;-25;NOK;300;311;300;500;OK;0;0;N/A;N/A;N/A;N/A;N/A;N/A;N/A;N/A;N/A;N/A;N/A;N/A;N/A;N/A;N/A;N/A;N/A;N/A;N/A;N/A;N/A;N/A;N/A;N/A;N/A;N/A;N/A;N/A;N/A;N/A;N/A;N/A;N/A;N/A;N/A;N/A;N/A;N/A;N/A;N/A;N/A;N/A;N/A;N/A;N/A;N/A;N/A;N/A;N/A;N/A;N/A;N/A;N/A;N/A;N/A;N/A;N/A;N/A;N/A;N/A;N/A;N/A;N/A;N/A;N/A;N/A;N/A;N/A;N/A;N/A;N/A;N/A;N/A;N/A;N/A;N/A;N/A;N/A;N/A;N/A;N/A;N/A;N/A;N/A;N/A;N/A;N/A;N/A;N/A;N/A;N/A;N/A;N/A;N/A;N/A;N/A;N/A;N/A;;0;320.8;0;0;;Disabled;TempStop;2;700;323.1;280.3;0;0;599.9;549.9;Enabled;PosOk;2;0;0;0;0;0;15;Disabled;0;0;0;0;0;0;0;0;0;0;0;0;0;0;0;0;0;0;0;0;0;0;0;0;0;0;0;0;0;0;0;0;0;0;0;0;0;0;0;0;0;0;0;0;0;0;0;0;0;0;0;0;0;0;0;0;0;0;0;0;0;0;0;0;0;0;0;0;0;0;30;31;20;45;30;30;20;45;30;31;20;45;30;30;20;45;200;141;100;300;200;139;100;300;200;139;100;300;200;140;100;300;30;30;20;45;30;30;20;45;30;30;20;45;30;30;20;45;200;145;100;300;200;144;100;300;200;230;100;300;200;231;100;300;4;2;0.4;6;4;5;0.4;6;4;2;0.4;6;4;5;0.4;6;4;2;0.4;6;4;5;0.4;6;4;2;0.4;6;4;5;0.4;6;NOK;NOK;OK;7000;7071;6500;8100;OK;4.97;0;8;12;NOK;N/A;1.5;N/A;N/A;N/A;9;11.9;7;18;OK;;0;0;0;-;Disabled;TempOk;2;230;38.4;39.1;0;0;349.9;441345100 daimler 1500 1900;441345100 daimler 1500 1900;441345100 Daimler 1500 1900
20260325_21:48:35;0;3;4;950;941.3;925;975;OK;950;951.6;925;975;OK;951.5;951.7;-20;-10.9;-50;-25;NOK;-20;-12.4;-50;-25;NOK;-11.9;-11.4;0;-20;-11.1;-50;-25;NOK;300;311;300;500;OK;0;0;N/A;N/A;N/A;N/A;N/A;N/A;N/A;N/A;N/A;N/A;N/A;N/A;N/A;N/A;N/A;N/A;N/A;N/A;N/A;N/A;N/A;N/A;N/A;N/A;N/A;N/A;N/A;N/A;N/A;N/A;N/A;N/A;N/A;N/A;N/A;N/A;N/A;N/A;N/A;N/A;N/A;N/A;N/A;N/A;N/A;N/A;N/A;N/A;N/A;N/A;N/A;N/A;N/A;N/A;N/A;N/A;N/A;N/A;N/A;N/A;N/A;N/A;N/A;N/A;N/A;N/A;N/A;N/A;N/A;N/A;N/A;N/A;N/A;N/A;N/A;N/A;N/A;N/A;N/A;N/A;N/A;N/A;N/A;N/A;N/A;N/A;N/A;N/A;N/A;N/A;N/A;N/A;N/A;N/A;N/A;N/A;N/A;N/A;;0;319.9;0;0;;Disabled;TempStop;2;700;322.3;279.1;0;0;599.9;549.9;Enabled;PosOk;2;0;0;0;0;0;15;Disabled;0;0;0;0;0;0;0;0;0;0;0;0;0;0;0;0;0;0;0;0;0;0;0;0;0;0;0;0;0;0;0;0;0;0;0;0;0;0;0;0;0;0;0;0;0;0;0;0;0;0;0;0;0;0;0;0;0;0;0;0;0;0;0;0;0;0;0;0;0;0;30;31;20;45;30;30;20;45;30;31;20;45;30;30;20;45;200;141;100;300;200;139;100;300;200;140;100;300;200;141;100;300;30;31;20;45;30;30;20;45;30;30;20;45;30;30;20;45;200;145;100;300;200;144;100;300;200;229;100;300;200;230;100;300;4;2;0.4;6;4;5;0.4;6;4;2;0.4;6;4;5;0.4;6;4;2;0.4;6;4;5;0.4;6;4;2;0.4;6;4;5;0.4;6;NOK;NOK;OK;7000;7056;6500;8100;OK;4.97;0;8;12;NOK;N/A;1.5;N/A;N/A;N/A;9;12.4;7;18;OK;;0;0;0;-;Disabled;TempOk;2;230;38.2;38.9;0;0;349.9;441345100 daimler 1500 1900;441345100 daimler 1500 1900;441345100 Daimler 1500 1900
20260325_21:49:11;0;3;5;950;943.2;925;975;OK;950;951.3;925;975;OK;951.2;951.3;-20;-14.4;-50;-25;NOK;-20;-15.2;-50;-25;NOK;-14;-14.4;0;-20;-14.4;-50;-25;NOK;300;311;300;500;OK;0;0;N/A;N/A;N/A;N/A;N/A;N/A;N/A;N/A;N/A;N/A;N/A;N/A;N/A;N/A;N/A;N/A;N/A;N/A;N/A;N/A;N/A;N/A;N/A;N/A;N/A;N/A;N/A;N/A;N/A;N/A;N/A;N/A;N/A;N/A;N/A;N/A;N/A;N/A;N/A;N/A;N/A;N/A;N/A;N/A;N/A;N/A;N/A;N/A;N/A;N/A;N/A;N/A;N/A;N/A;N/A;N/A;N/A;N/A;N/A;N/A;N/A;N/A;N/A;N/A;N/A;N/A;N/A;N/A;N/A;N/A;N/A;N/A;N/A;N/A;N/A;N/A;N/A;N/A;N/A;N/A;N/A;N/A;N/A;N/A;N/A;N/A;N/A;N/A;N/A;N/A;N/A;N/A;N/A;N/A;N/A;N/A;N/A;N/A;;0;319.9;0;0;;Disabled;TempStop;2;700;322.2;279.1;0;0;599.9;549.9;Enabled;PosOk;2;0;0;0;0;0;15;Disabled;0;0;0;0;0;0;0;0;0;0;0;0;0;0;0;0;0;0;0;0;0;0;0;0;0;0;0;0;0;0;0;0;0;0;0;0;0;0;0;0;0;0;0;0;0;0;0;0;0;0;0;0;0;0;0;0;0;0;0;0;0;0;0;0;0;0;0;0;0;0;30;31;20;45;30;30;20;45;30;31;20;45;30;30;20;45;200;141;100;300;200;140;100;300;200;140;100;300;200;140;100;300;30;31;20;45;30;30;20;45;30;31;20;45;30;30;20;45;200;145;100;300;200;143;100;300;200;229;100;300;200;231;100;300;4;2;0.4;6;4;5;0.4;6;4;2;0.4;6;4;5;0.4;6;4;2;0.4;6;4;5;0.4;6;4;2;0.4;6;4;5;0.4;6;NOK;NOK;OK;7000;7063;6500;8100;OK;4.97;0;8;12;NOK;N/A;1.5;N/A;N/A;N/A;9;11.8;7;18;OK;;0;0;0;-;Disabled;TempOk;2;230;38.2;39.5;0;0;349.9;441345100 daimler 1500 1900;441345100 daimler 1500 1900;441345100 Daimler 1500 1900
20260325_21:49:47;0;1;2;950;940.2;925;975;OK;950;951.4;925;975;OK;951.4;951.6;-20;-16.6;-50;-25;NOK;-20;-16.9;-50;-25;NOK;-16.2;-16.4;0;-20;-16.7;-50;-25;NOK;300;311;300;500;OK;0;0;N/A;N/A;N/A;N/A;N/A;N/A;N/A;N/A;N/A;N/A;N/A;N/A;N/A;N/A;N/A;N/A;N/A;N/A;N/A;N/A;N/A;N/A;N/A;N/A;N/A;N/A;N/A;N/A;N/A;N/A;N/A;N/A;N/A;N/A;N/A;N/A;N/A;N/A;N/A;N/A;N/A;N/A;N/A;N/A;N/A;N/A;N/A;N/A;N/A;N/A;N/A;N/A;N/A;N/A;N/A;N/A;N/A;N/A;N/A;N/A;N/A;N/A;N/A;N/A;N/A;N/A;N/A;N/A;N/A;N/A;N/A;N/A;N/A;N/A;N/A;N/A;N/A;N/A;N/A;N/A;N/A;N/A;N/A;N/A;N/A;N/A;N/A;N/A;N/A;N/A;N/A;N/A;N/A;N/A;N/A;N/A;N/A;N/A;;0;321.6;0;0;;Disabled;TempStop;2;700;324;279.6;0;0;599.9;549.9;Enabled;PosOk;2;0;0;0;0;0;15;Disabled;0;0;0;0;0;0;0;0;0;0;0;0;0;0;0;0;0;0;0;0;0;0;0;0;0;0;0;0;0;0;0;0;0;0;0;0;0;0;0;0;0;0;0;0;0;0;0;0;0;0;0;0;0;0;0;0;0;0;0;0;0;0;0;0;0;0;0;0;0;0;30;31;20;45;30;30;20;45;30;32;20;45;30;30;20;45;200;142;100;300;200;140;100;300;200;141;100;300;200;140;100;300;30;31;20;45;30;30;20;45;30;31;20;45;30;30;20;45;200;145;100;300;200;144;100;300;200;230;100;300;200;231;100;300;4;2;0.4;6;4;5;0.4;6;4;2;0.4;6;4;5;0.4;6;4;2;0.4;6;4;5;0.4;6;4;2;0.4;6;4;5;0.4;6;NOK;NOK;OK;7000;7060;6500;8100;OK;4.96;0;8;12;NOK;N/A;1.5;N/A;N/A;N/A;9;11.9;7;18;OK;;0;0;0;-;Disabled;TempOk;2;230;38.2;38.9;0;0;349.9;441345100 daimler 1500 1900;441345100 daimler 1500 1900;441345100 Daimler 1500 1900
20260325_21:50:23;0;3;2;950;940.7;925;975;OK;950;952;925;975;OK;951.7;951.9;-20;-11.7;-50;-25;NOK;-20;-13.6;-50;-25;NOK;-12.2;-12.5;0;-20;-11.8;-50;-25;NOK;300;311;300;500;OK;0;0;N/A;N/A;N/A;N/A;N/A;N/A;N/A;N/A;N/A;N/A;N/A;N/A;N/A;N/A;N/A;N/A;N/A;N/A;N/A;N/A;N/A;N/A;N/A;N/A;N/A;N/A;N/A;N/A;N/A;N/A;N/A;N/A;N/A;N/A;N/A;N/A;N/A;N/A;N/A;N/A;N/A;N/A;N/A;N/A;N/A;N/A;N/A;N/A;N/A;N/A;N/A;N/A;N/A;N/A;N/A;N/A;N/A;N/A;N/A;N/A;N/A;N/A;N/A;N/A;N/A;N/A;N/A;N/A;N/A;N/A;N/A;N/A;N/A;N/A;N/A;N/A;N/A;N/A;N/A;N/A;N/A;N/A;N/A;N/A;N/A;N/A;N/A;N/A;N/A;N/A;N/A;N/A;N/A;N/A;N/A;N/A;N/A;N/A;;0;319.4;0;0;;Disabled;TempStop;2;700;321.7;278;0;0;599.9;549.9;Enabled;PosOk;2;0;0;0;0;0;15;Disabled;0;0;0;0;0;0;0;0;0;0;0;0;0;0;0;0;0;0;0;0;0;0;0;0;0;0;0;0;0;0;0;0;0;0;0;0;0;0;0;0;0;0;0;0;0;0;0;0;0;0;0;0;0;0;0;0;0;0;0;0;0;0;0;0;0;0;0;0;0;0;30;31;20;45;30;30;20;45;30;32;20;45;30;30;20;45;200;142;100;300;200;140;100;300;200;141;100;300;200;140;100;300;30;31;20;45;30;30;20;45;30;31;20;45;30;30;20;45;200;146;100;300;200;144;100;300;200;230;100;300;200;230;100;300;4;2;0.4;6;4;5;0.4;6;4;2;0.4;6;4;5;0.4;6;4;2;0.4;6;4;5;0.4;6;4;2;0.4;6;4;5;0.4;6;NOK;NOK;OK;7000;7066;6500;8100;OK;4.97;0;8;12;NOK;N/A;1.5;N/A;N/A;N/A;9;11.7;7;18;OK;;0;0;0;-;Disabled;TempOk;2;230;38.4;39.5;0;0;349.9;441345100 daimler 1500 1900;441345100 daimler 1500 1900;441345100 Daimler 1500 1900
20260325_22:04:32;18263;3;1;950;948.6;925;975;OK;950;951.4;925;975;OK;951.4;951.3;-20;-22.4;-50;-25;NOK;-20;-16.7;-50;-25;NOK;-13.7;-14.9;0;-20;-22.4;-50;-25;NOK;300;320;300;500;OK;0;0;N/A;N/A;N/A;N/A;N/A;N/A;N/A;N/A;N/A;N/A;N/A;N/A;N/A;N/A;N/A;N/A;N/A;N/A;N/A;N/A;N/A;N/A;N/A;N/A;N/A;N/A;N/A;N/A;N/A;N/A;N/A;N/A;N/A;N/A;N/A;N/A;N/A;N/A;N/A;N/A;N/A;N/A;N/A;N/A;N/A;N/A;N/A;N/A;N/A;N/A;N/A;N/A;N/A;N/A;N/A;N/A;N/A;N/A;N/A;N/A;N/A;N/A;N/A;N/A;N/A;N/A;N/A;N/A;N/A;N/A;N/A;N/A;N/A;N/A;N/A;N/A;N/A;N/A;N/A;N/A;N/A;N/A;N/A;N/A;N/A;N/A;N/A;N/A;N/A;N/A;N/A;N/A;N/A;N/A;N/A;N/A;N/A;N/A;;0;320.1;0;0;;Disabled;TempStop;2;700;322.1;276.6;0;0;599.9;549.9;Enabled;PosOk;2;0;0;0;0;0;15;Disabled;0;0;0;0;0;0;0;0;0;0;0;0;0;0;0;0;0;0;0;0;0;0;0;0;0;0;0;0;0;0;0;0;0;0;0;0;0;0;0;0;0;0;0;0;0;0;0;0;0;0;0;0;0;0;0;0;0;0;0;0;0;0;0;0;0;0;0;0;0;0;30;30;20;45;30;30;20;45;30;30;20;45;30;30;20;45;200;141;100;300;200;140;100;300;200;140;100;300;200;140;100;300;30;30;20;45;30;30;20;45;30;30;20;45;30;30;20;45;200;145;100;300;200;143;100;300;200;229;100;300;200;231;100;300;4;2;0.4;6;4;5;0.4;6;4;2;0.4;6;4;5;0.4;6;4;2;0.4;6;4;5;0.4;6;4;2;0.4;6;4;5;0.4;6;NOK;NOK;OK;7000;7093;6500;8100;OK;4.97;0;8;12;NOK;N/A;1.5;N/A;N/A;N/A;9;12.3;7;18;OK;;0;0;0;-;Disabled;TempOk;2;230;37.7;38.2;0;0;349.9;441345100 daimler 1500 1900;441345100 daimler 1500 1900;441345100 Daimler 1500 1900
20260325_22:05:08;0;1;2;950;948.1;925;975;OK;950;951.5;925;975;OK;951.4;951.4;-20;-19.8;-50;-25;NOK;-20;-19;-50;-25;NOK;-18.5;-18.5;0;-20;-19.8;-50;-25;NOK;300;321;300;500;OK;0;0;N/A;N/A;N/A;N/A;N/A;N/A;N/A;N/A;N/A;N/A;N/A;N/A;N/A;N/A;N/A;N/A;N/A;N/A;N/A;N/A;N/A;N/A;N/A;N/A;N/A;N/A;N/A;N/A;N/A;N/A;N/A;N/A;N/A;N/A;N/A;N/A;N/A;N/A;N/A;N/A;N/A;N/A;N/A;N/A;N/A;N/A;N/A;N/A;N/A;N/A;N/A;N/A;N/A;N/A;N/A;N/A;N/A;N/A;N/A;N/A;N/A;N/A;N/A;N/A;N/A;N/A;N/A;N/A;N/A;N/A;N/A;N/A;N/A;N/A;N/A;N/A;N/A;N/A;N/A;N/A;N/A;N/A;N/A;N/A;N/A;N/A;N/A;N/A;N/A;N/A;N/A;N/A;N/A;N/A;N/A;N/A;N/A;N/A;;0;321.7;0;0;;Disabled;TempStop;2;700;323.9;279.1;0;0;599.9;549.9;Enabled;PosOk;2;0;0;0;0;0;15;Disabled;0;0;0;0;0;0;0;0;0;0;0;0;0;0;0;0;0;0;0;0;0;0;0;0;0;0;0;0;0;0;0;0;0;0;0;0;0;0;0;0;0;0;0;0;0;0;0;0;0;0;0;0;0;0;0;0;0;0;0;0;0;0;0;0;0;0;0;0;0;0;30;31;20;45;30;30;20;45;30;31;20;45;30;30;20;45;200;142;100;300;200;139;100;300;200;140;100;300;200;140;100;300;30;31;20;45;30;30;20;45;30;31;20;45;30;30;20;45;200;145;100;300;200;144;100;300;200;229;100;300;200;230;100;300;4;2;0.4;6;4;5;0.4;6;4;2;0.4;6;4;5;0.4;6;4;2;0.4;6;4;5;0.4;6;4;2;0.4;6;4;5;0.4;6;NOK;NOK;OK;7000;7092;6500;8100;OK;4.97;0;8;12;NOK;N/A;1.5;N/A;N/A;N/A;9;11.8;7;18;OK;;0;0;0;-;Disabled;TempOk;2;230;37.9;38.2;0;0;349.9;441345100 daimler 1500 1900;441345100 daimler 1500 1900;441345100 Daimler 1500 1900
20260325_22:05:44;0;3;2;950;948.4;925;975;OK;950;951.9;925;975;OK;951.8;951.6;-20;-21.4;-50;-25;NOK;-20;-16.8;-50;-25;NOK;-15.2;-16.4;0;-20;-21.2;-50;-25;NOK;300;323;300;500;OK;0;0;N/A;N/A;N/A;N/A;N/A;N/A;N/A;N/A;N/A;N/A;N/A;N/A;N/A;N/A;N/A;N/A;N/A;N/A;N/A;N/A;N/A;N/A;N/A;N/A;N/A;N/A;N/A;N/A;N/A;N/A;N/A;N/A;N/A;N/A;N/A;N/A;N/A;N/A;N/A;N/A;N/A;N/A;N/A;N/A;N/A;N/A;N/A;N/A;N/A;N/A;N/A;N/A;N/A;N/A;N/A;N/A;N/A;N/A;N/A;N/A;N/A;N/A;N/A;N/A;N/A;N/A;N/A;N/A;N/A;N/A;N/A;N/A;N/A;N/A;N/A;N/A;N/A;N/A;N/A;N/A;N/A;N/A;N/A;N/A;N/A;N/A;N/A;N/A;N/A;N/A;N/A;N/A;N/A;N/A;N/A;N/A;N/A;N/A;;0;320.2;0;0;;Disabled;TempStop;2;700;322.6;277.2;0;0;599.9;549.9;Enabled;PosOk;2;0;0;0;0;0;15;Disabled;0;0;0;0;0;0;0;0;0;0;0;0;0;0;0;0;0;0;0;0;0;0;0;0;0;0;0;0;0;0;0;0;0;0;0;0;0;0;0;0;0;0;0;0;0;0;0;0;0;0;0;0;0;0;0;0;0;0;0;0;0;0;0;0;0;0;0;0;0;0;30;31;20;45;30;29;20;45;30;31;20;45;30;29;20;45;200;142;100;300;200;140;100;300;200;140;100;300;200;141;100;300;30;31;20;45;30;29;20;45;30;30;20;45;30;29;20;45;200;145;100;300;200;144;100;300;200;229;100;300;200;230;100;300;4;2;0.4;6;4;5;0.4;6;4;2;0.4;6;4;5;0.4;6;4;2;0.4;6;4;5;0.4;6;4;2;0.4;6;4;5;0.4;6;NOK;NOK;OK;7000;7099;6500;8100;OK;4.97;0;8;12;NOK;N/A;1.5;N/A;N/A;N/A;9;12.5;7;18;OK;;0;0;0;-;Disabled;TempOk;2;230;38.9;38.4;0;0;349.9;441345100 daimler 1500 1900;441345100 daimler 1500 1900;441345100 Daimler 1500 1900
20260325_22:06:20;0;1;3;950;947.9;925;975;OK;950;951.6;925;975;OK;951.6;951.6;-20;-16.2;-50;-25;NOK;-20;-16.9;-50;-25;NOK;-19.4;-19.9;0;-20;-15.8;-50;-25;NOK;300;323;300;500;OK;0;0;N/A;N/A;N/A;N/A;N/A;N/A;N/A;N/A;N/A;N/A;N/A;N/A;N/A;N/A;N/A;N/A;N/A;N/A;N/A;N/A;N/A;N/A;N/A;N/A;N/A;N/A;N/A;N/A;N/A;N/A;N/A;N/A;N/A;N/A;N/A;N/A;N/A;N/A;N/A;N/A;N/A;N/A;N/A;N/A;N/A;N/A;N/A;N/A;N/A;N/A;N/A;N/A;N/A;N/A;N/A;N/A;N/A;N/A;N/A;N/A;N/A;N/A;N/A;N/A;N/A;N/A;N/A;N/A;N/A;N/A;N/A;N/A;N/A;N/A;N/A;N/A;N/A;N/A;N/A;N/A;N/A;N/A;N/A;N/A;N/A;N/A;N/A;N/A;N/A;N/A;N/A;N/A;N/A;N/A;N/A;N/A;N/A;N/A;;0;321.2;0;0;;Disabled;TempStop;2;700;323.3;278.5;0;0;599.9;549.9;Enabled;PosOk;2;0;0;0;0;0;15;Disabled;0;0;0;0;0;0;0;0;0;0;0;0;0;0;0;0;0;0;0;0;0;0;0;0;0;0;0;0;0;0;0;0;0;0;0;0;0;0;0;0;0;0;0;0;0;0;0;0;0;0;0;0;0;0;0;0;0;0;0;0;0;0;0;0;0;0;0;0;5;54;30;31;20;45;30;29;20;45;30;31;20;45;30;29;20;45;200;142;100;300;200;140;100;300;200;140;100;300;200;140;100;300;30;30;20;45;30;29;20;45;30;29;20;45;30;29;20;45;200;145;100;300;200;144;100;300;200;229;100;300;200;231;100;300;4;2;0.4;6;4;5;0.4;6;4;2;0.4;6;4;5;0.4;6;4;2;0.4;6;4;5;0.4;6;4;3;0.4;6;4;5;0.4;6;NOK;NOK;OK;7000;7093;6500;8100;OK;4.97;0;8;12;NOK;N/A;1.5;N/A;N/A;N/A;9;11.7;7;18;OK;;0;0;0;-;Disabled;TempOk;2;230;38.4;38.4;0;0;349.9;441345100 daimler 1500 1900;441345100 daimler 1500 1900;441345100 Daimler 1500 1900
20260325_22:06:56;0;3;3;950;947.9;925;975;OK;950;951.8;925;975;OK;951.5;951.7;-20;-21.9;-50;-25;NOK;-20;-15.9;-50;-25;NOK;-13.6;-14.8;0;-20;-21.8;-50;-25;NOK;300;324;300;500;OK;0;0;N/A;N/A;N/A;N/A;N/A;N/A;N/A;N/A;N/A;N/A;N/A;N/A;N/A;N/A;N/A;N/A;N/A;N/A;N/A;N/A;N/A;N/A;N/A;N/A;N/A;N/A;N/A;N/A;N/A;N/A;N/A;N/A;N/A;N/A;N/A;N/A;N/A;N/A;N/A;N/A;N/A;N/A;N/A;N/A;N/A;N/A;N/A;N/A;N/A;N/A;N/A;N/A;N/A;N/A;N/A;N/A;N/A;N/A;N/A;N/A;N/A;N/A;N/A;N/A;N/A;N/A;N/A;N/A;N/A;N/A;N/A;N/A;N/A;N/A;N/A;N/A;N/A;N/A;N/A;N/A;N/A;N/A;N/A;N/A;N/A;N/A;N/A;N/A;N/A;N/A;N/A;N/A;N/A;N/A;N/A;N/A;N/A;N/A;;0;319.9;0;0;;Disabled;TempStop;2;700;322.3;278.2;0;0;599.9;549.9;Enabled;PosOk;2;0;0;0;0;0;15;Disabled;0;0;0;0;0;0;0;0;0;0;0;0;0;0;0;0;0;0;0;0;0;0;0;0;0;0;0;0;0;0;0;0;0;0;0;0;0;0;0;0;0;0;0;0;0;0;0;0;0;0;0;0;0;0;0;0;0;0;0;0;0;0;0;0;0;0;0;0;0;0;30;30;20;45;30;29;20;45;30;31;20;45;30;29;20;45;200;142;100;300;200;140;100;300;200;141;100;300;200;140;100;300;30;30;20;45;30;29;20;45;30;30;20;45;30;29;20;45;200;145;100;300;200;144;100;300;200;229;100;300;200;230;100;300;4;2;0.4;6;4;5;0.4;6;4;2;0.4;6;4;5;0.4;6;4;2;0.4;6;4;5;0.4;6;4;2;0.4;6;4;5;0.4;6;NOK;NOK;OK;7000;7056;6500;8100;OK;4.97;0;8;12;NOK;N/A;1.5;N/A;N/A;N/A;9;12;7;18;OK;;0;0;0;-;Disabled;TempOk;2;230;39.9;38.7;0;0;349.9;441345100 daimler 1500 1900;441345100 daimler 1500 1900;441345100 Daimler 1500 1900
20260325_22:07:32;0;1;4;950;946.6;925;975;OK;950;950.7;925;975;OK;950.8;951.1;-20;-13.9;-50;-25;NOK;-20;-14;-50;-25;NOK;-18.5;-17.8;0;-20;-13.7;-50;-25;NOK;300;325;300;500;OK;0;0;N/A;N/A;N/A;N/A;N/A;N/A;N/A;N/A;N/A;N/A;N/A;N/A;N/A;N/A;N/A;N/A;N/A;N/A;N/A;N/A;N/A;N/A;N/A;N/A;N/A;N/A;N/A;N/A;N/A;N/A;N/A;N/A;N/A;N/A;N/A;N/A;N/A;N/A;N/A;N/A;N/A;N/A;N/A;N/A;N/A;N/A;N/A;N/A;N/A;N/A;N/A;N/A;N/A;N/A;N/A;N/A;N/A;N/A;N/A;N/A;N/A;N/A;N/A;N/A;N/A;N/A;N/A;N/A;N/A;N/A;N/A;N/A;N/A;N/A;N/A;N/A;N/A;N/A;N/A;N/A;N/A;N/A;N/A;N/A;N/A;N/A;N/A;N/A;N/A;N/A;N/A;N/A;N/A;N/A;N/A;N/A;N/A;N/A;;0;320.9;0;0;;Disabled;TempStop;2;700;323.1;278.4;0;0;599.9;549.9;Enabled;PosOk;2;0;0;0;0;0;15;Disabled;0;0;0;0;0;0;0;0;0;0;0;0;0;0;0;0;0;0;0;0;0;0;0;0;0;0;0;0;0;0;0;0;0;0;0;0;0;0;0;0;0;0;0;0;0;0;0;0;0;0;0;0;0;0;0;0;0;0;0;0;0;0;0;0;0;0;0;0;7;6;30;31;20;45;30;29;20;45;30;31;20;45;30;30;20;45;200;142;100;300;200;140;100;300;200;141;100;300;200;140;100;300;30;30;20;45;30;30;20;45;30;30;20;45;30;30;20;45;200;145;100;300;200;144;100;300;200;229;100;300;200;230;100;300;4;2;0.4;6;4;5;0.4;6;4;2;0.4;6;4;5;0.4;6;4;2;0.4;6;4;5;0.4;6;4;2;0.4;6;4;5;0.4;6;NOK;NOK;OK;7000;7045;6500;8100;OK;4.97;0;8;12;NOK;N/A;1.5;N/A;N/A;N/A;9;12.3;7;18;OK;;0;0;0;-;Disabled;TempOk;2;230;38.4;38.9;0;0;349.9;441345100 daimler 1500 1900;441345100 daimler 1500 1900;441345100 Daimler 1500 1900
20260325_22:08:08;0;3;4;950;948.7;925;975;OK;950;951.7;925;975;OK;951.5;951.5;-20;-16.8;-50;-25;NOK;-20;-14.5;-50;-25;NOK;-18.4;-18.1;0;-20;-16.5;-50;-25;NOK;300;326;300;500;OK;0;0;N/A;N/A;N/A;N/A;N/A;N/A;N/A;N/A;N/A;N/A;N/A;N/A;N/A;N/A;N/A;N/A;N/A;N/A;N/A;N/A;N/A;N/A;N/A;N/A;N/A;N/A;N/A;N/A;N/A;N/A;N/A;N/A;N/A;N/A;N/A;N/A;N/A;N/A;N/A;N/A;N/A;N/A;N/A;N/A;N/A;N/A;N/A;N/A;N/A;N/A;N/A;N/A;N/A;N/A;N/A;N/A;N/A;N/A;N/A;N/A;N/A;N/A;N/A;N/A;N/A;N/A;N/A;N/A;N/A;N/A;N/A;N/A;N/A;N/A;N/A;N/A;N/A;N/A;N/A;N/A;N/A;N/A;N/A;N/A;N/A;N/A;N/A;N/A;N/A;N/A;N/A;N/A;N/A;N/A;N/A;N/A;N/A;N/A;;0;319.6;0;0;;Disabled;TempStop;2;700;321.6;278.4;0;0;599.9;549.9;Enabled;PosOk;2;0;0;0;0;0;15;Disabled;0;0;0;0;0;0;0;0;0;0;0;0;0;0;0;0;0;0;0;0;0;0;0;0;0;0;0;0;0;0;0;0;0;0;0;0;0;0;0;0;0;0;0;0;0;0;0;0;0;0;0;0;0;0;0;0;0;0;0;0;0;0;0;0;0;0;0;0;0;0;30;31;20;45;30;30;20;45;30;31;20;45;30;30;20;45;200;141;100;300;200;140;100;300;200;140;100;300;200;140;100;300;30;31;20;45;30;30;20;45;30;30;20;45;30;30;20;45;200;145;100;300;200;144;100;300;200;229;100;300;200;230;100;300;4;2;0.4;6;4;5;0.4;6;4;2;0.4;6;4;5;0.4;6;4;2;0.4;6;4;5;0.4;6;4;2;0.4;6;4;5;0.4;6;NOK;NOK;OK;7000;7057;6500;8100;OK;4.96;0;8;12;NOK;N/A;1.5;N/A;N/A;N/A;9;11.9;7;18;OK;;0;0;0;-;Disabled;TempOk;2;230;38.4;38.7;0;0;349.9;441345100 daimler 1500 1900;441345100 daimler 1500 1900;441345100 Daimler 1500 1900
20260325_22:08:44;0;3;5;950;949.3;925;975;OK;950;951.2;925;975;OK;951.2;951.3;-20;-22;-50;-25;NOK;-20;-18.2;-50;-25;NOK;-18.7;-19.4;0;-20;-21.7;-50;-25;NOK;300;327;300;500;OK;0;0;N/A;N/A;N/A;N/A;N/A;N/A;N/A;N/A;N/A;N/A;N/A;N/A;N/A;N/A;N/A;N/A;N/A;N/A;N/A;N/A;N/A;N/A;N/A;N/A;N/A;N/A;N/A;N/A;N/A;N/A;N/A;N/A;N/A;N/A;N/A;N/A;N/A;N/A;N/A;N/A;N/A;N/A;N/A;N/A;N/A;N/A;N/A;N/A;N/A;N/A;N/A;N/A;N/A;N/A;N/A;N/A;N/A;N/A;N/A;N/A;N/A;N/A;N/A;N/A;N/A;N/A;N/A;N/A;N/A;N/A;N/A;N/A;N/A;N/A;N/A;N/A;N/A;N/A;N/A;N/A;N/A;N/A;N/A;N/A;N/A;N/A;N/A;N/A;N/A;N/A;N/A;N/A;N/A;N/A;N/A;N/A;N/A;N/A;;0;319.4;0;0;;Disabled;TempStop;2;700;321.9;278.6;0;0;599.9;549.9;Enabled;PosOk;2;0;0;0;0;0;15;Disabled;0;0;0;0;0;0;0;0;0;0;0;0;0;0;0;0;0;0;0;0;0;0;0;0;0;0;0;0;0;0;0;0;0;0;0;0;0;0;0;0;0;0;0;0;0;0;0;0;0;0;0;0;0;0;0;0;0;0;0;0;0;0;0;0;0;0;0;0;0;0;30;31;20;45;30;30;20;45;30;31;20;45;30;30;20;45;200;142;100;300;200;140;100;300;200;140;100;300;200;141;100;300;30;31;20;45;30;30;20;45;30;31;20;45;30;30;20;45;200;145;100;300;200;144;100;300;200;229;100;300;200;230;100;300;4;2;0.4;6;4;5;0.4;6;4;2;0.4;6;4;5;0.4;6;4;2;0.4;6;4;5;0.4;6;4;2;0.4;6;4;5;0.4;6;NOK;NOK;OK;7000;7072;6500;8100;OK;4.97;0;8;12;NOK;N/A;1.5;N/A;N/A;N/A;9;12.3;7;18;OK;;0;0;0;-;Disabled;TempOk;2;230;39.5;38.9;0;0;349.9;441345100 daimler 1500 1900;441345100 daimler 1500 1900;441345100 Daimler 1500 1900
20260325_22:09:56;0;3;1;950;940.4;925;975;OK;950;951.6;925;975;OK;951.3;951.5;-20;-17;-50;-25;NOK;-20;-14.3;-50;-25;NOK;-11.8;-13.1;0;-20;-17.1;-50;-25;NOK;300;311;300;500;OK;0;0;N/A;N/A;N/A;N/A;N/A;N/A;N/A;N/A;N/A;N/A;N/A;N/A;N/A;N/A;N/A;N/A;N/A;N/A;N/A;N/A;N/A;N/A;N/A;N/A;N/A;N/A;N/A;N/A;N/A;N/A;N/A;N/A;N/A;N/A;N/A;N/A;N/A;N/A;N/A;N/A;N/A;N/A;N/A;N/A;N/A;N/A;N/A;N/A;N/A;N/A;N/A;N/A;N/A;N/A;N/A;N/A;N/A;N/A;N/A;N/A;N/A;N/A;N/A;N/A;N/A;N/A;N/A;N/A;N/A;N/A;N/A;N/A;N/A;N/A;N/A;N/A;N/A;N/A;N/A;N/A;N/A;N/A;N/A;N/A;N/A;N/A;N/A;N/A;N/A;N/A;N/A;N/A;N/A;N/A;N/A;N/A;N/A;N/A;;0;320.1;0;0;;Disabled;TempStop;2;700;322;278.5;0;0;599.9;549.9;Enabled;PosOk;2;0;0;0;0;0;15;Disabled;0;0;0;0;0;0;0;0;0;0;0;0;0;0;0;0;0;0;0;0;0;0;0;0;0;0;0;0;0;0;0;0;0;0;0;0;0;0;0;0;0;0;0;0;0;0;0;0;0;0;0;0;0;0;0;0;0;0;0;0;0;0;0;0;0;0;0;0;0;0;30;31;20;45;30;30;20;45;30;31;20;45;30;30;20;45;200;142;100;300;200;140;100;300;200;141;100;300;200;141;100;300;30;30;20;45;30;30;20;45;30;30;20;45;30;30;20;45;200;145;100;300;200;144;100;300;200;229;100;300;200;230;100;300;4;2;0.4;6;4;5;0.4;6;4;2;0.4;6;4;5;0.4;6;4;2;0.4;6;4;5;0.4;6;4;2;0.4;6;4;5;0.4;6;NOK;NOK;OK;7000;7117;6500;8100;OK;4.97;0;8;12;NOK;N/A;1.5;N/A;N/A;N/A;9;12.4;7;18;OK;;0;0;0;-;Disabled;TempOk;2;230;37.4;38.2;0;0;349.9;441345100 daimler 1500 1900;441345100 daimler 1500 1900;441345100 Daimler 1500 1900
20260325_22:10:31;0;1;2;950;940.4;925;975;OK;950;951.4;925;975;OK;951.4;951.4;-20;-19.1;-50;-25;NOK;-20;-18;-50;-25;NOK;-17.5;-17.6;0;-20;-19.2;-50;-25;NOK;300;311;300;500;OK;0;0;N/A;N/A;N/A;N/A;N/A;N/A;N/A;N/A;N/A;N/A;N/A;N/A;N/A;N/A;N/A;N/A;N/A;N/A;N/A;N/A;N/A;N/A;N/A;N/A;N/A;N/A;N/A;N/A;N/A;N/A;N/A;N/A;N/A;N/A;N/A;N/A;N/A;N/A;N/A;N/A;N/A;N/A;N/A;N/A;N/A;N/A;N/A;N/A;N/A;N/A;N/A;N/A;N/A;N/A;N/A;N/A;N/A;N/A;N/A;N/A;N/A;N/A;N/A;N/A;N/A;N/A;N/A;N/A;N/A;N/A;N/A;N/A;N/A;N/A;N/A;N/A;N/A;N/A;N/A;N/A;N/A;N/A;N/A;N/A;N/A;N/A;N/A;N/A;N/A;N/A;N/A;N/A;N/A;N/A;N/A;N/A;N/A;N/A;;0;321.4;0;0;;Disabled;TempStop;2;700;323.7;279.3;0;0;599.9;549.9;Enabled;PosOk;2;0;0;0;0;0;15;Disabled;0;0;0;0;0;0;0;0;0;0;0;0;0;0;0;0;0;0;0;0;0;0;0;0;0;0;0;0;0;0;0;0;0;0;0;0;0;0;0;0;0;0;0;0;0;0;0;0;0;0;0;0;0;0;0;0;0;0;0;0;0;0;0;0;0;0;0;0;0;0;30;31;20;45;30;30;20;45;30;31;20;45;30;30;20;45;200;142;100;300;200;140;100;300;200;141;100;300;200;140;100;300;30;31;20;45;30;30;20;45;30;30;20;45;30;30;20;45;200;145;100;300;200;144;100;300;200;228;100;300;200;231;100;300;4;2;0.4;6;4;5;0.4;6;4;2;0.4;6;4;5;0.4;6;4;2;0.4;6;4;5;0.4;6;4;2;0.4;6;4;5;0.4;6;NOK;NOK;OK;7000;7054;6500;8100;OK;4.96;0;8;12;NOK;N/A;1.5;N/A;N/A;N/A;9;11.8;7;18;OK;;0;0;0;-;Disabled;TempOk;2;230;37.4;37.9;0;0;349.9;441345100 daimler 1500 1900;441345100 daimler 1500 1900;441345100 Daimler 1500 1900
20260325_22:11:07;0;3;2;950;940.8;925;975;OK;950;951.8;925;975;OK;951.9;951.9;-20;-16;-50;-25;NOK;-20;-14.9;-50;-25;NOK;-13.6;-14.8;0;-20;-15.8;-50;-25;NOK;300;311;300;500;OK;0;0;N/A;N/A;N/A;N/A;N/A;N/A;N/A;N/A;N/A;N/A;N/A;N/A;N/A;N/A;N/A;N/A;N/A;N/A;N/A;N/A;N/A;N/A;N/A;N/A;N/A;N/A;N/A;N/A;N/A;N/A;N/A;N/A;N/A;N/A;N/A;N/A;N/A;N/A;N/A;N/A;N/A;N/A;N/A;N/A;N/A;N/A;N/A;N/A;N/A;N/A;N/A;N/A;N/A;N/A;N/A;N/A;N/A;N/A;N/A;N/A;N/A;N/A;N/A;N/A;N/A;N/A;N/A;N/A;N/A;N/A;N/A;N/A;N/A;N/A;N/A;N/A;N/A;N/A;N/A;N/A;N/A;N/A;N/A;N/A;N/A;N/A;N/A;N/A;N/A;N/A;N/A;N/A;N/A;N/A;N/A;N/A;N/A;N/A;;0;319.8;0;0;;Disabled;TempStop;2;700;322.3;278.2;0;0;599.9;549.9;Enabled;PosOk;2;0;0;0;0;0;15;Disabled;0;0;0;0;0;0;0;0;0;0;0;0;0;0;0;0;0;0;0;0;0;0;0;0;0;0;0;0;0;0;0;0;0;0;0;0;0;0;0;0;0;0;0;0;0;0;0;0;0;0;0;0;0;0;0;0;0;0;0;0;0;0;0;0;0;0;0;0;0;0;30;31;20;45;30;30;20;45;30;31;20;45;30;30;20;45;200;141;100;300;200;139;100;300;200;140;100;300;200;140;100;300;30;31;20;45;30;30;20;45;30;30;20;45;30;30;20;45;200;145;100;300;200;144;100;300;200;228;100;300;200;229;100;300;4;2;0.4;6;4;5;0.4;6;4;2;0.4;6;4;5;0.4;6;4;2;0.4;6;4;5;0.4;6;4;2;0.4;6;4;5;0.4;6;NOK;NOK;OK;7000;7054;6500;8100;OK;4.96;0;8;12;NOK;N/A;1.5;N/A;N/A;N/A;9;12;7;18;OK;;0;0;0;-;Disabled;TempOk;2;230;37.9;38.2;0;0;349.9;441345100 daimler 1500 1900;441345100 daimler 1500 1900;441345100 Daimler 1500 1900
20260325_22:11:43;0;1;3;950;940.6;925;975;OK;950;951.7;925;975;OK;951.6;951.6;-20;-15.9;-50;-25;NOK;-20;-16.4;-50;-25;NOK;-18.2;-18.8;0;-20;-15.7;-50;-25;NOK;300;311;300;500;OK;0;0;N/A;N/A;N/A;N/A;N/A;N/A;N/A;N/A;N/A;N/A;N/A;N/A;N/A;N/A;N/A;N/A;N/A;N/A;N/A;N/A;N/A;N/A;N/A;N/A;N/A;N/A;N/A;N/A;N/A;N/A;N/A;N/A;N/A;N/A;N/A;N/A;N/A;N/A;N/A;N/A;N/A;N/A;N/A;N/A;N/A;N/A;N/A;N/A;N/A;N/A;N/A;N/A;N/A;N/A;N/A;N/A;N/A;N/A;N/A;N/A;N/A;N/A;N/A;N/A;N/A;N/A;N/A;N/A;N/A;N/A;N/A;N/A;N/A;N/A;N/A;N/A;N/A;N/A;N/A;N/A;N/A;N/A;N/A;N/A;N/A;N/A;N/A;N/A;N/A;N/A;N/A;N/A;N/A;N/A;N/A;N/A;N/A;N/A;;0;321.4;0;0;;Disabled;TempStop;2;700;323.8;279.3;0;0;599.9;549.9;Enabled;PosOk;2;0;0;0;0;0;15;Disabled;0;0;0;0;0;0;0;0;0;0;0;0;0;0;0;0;0;0;0;0;0;0;0;0;0;0;0;0;0;0;0;0;0;0;0;0;0;0;0;0;0;0;0;0;0;0;0;0;0;0;0;0;0;0;0;0;0;0;0;0;0;0;0;0;0;0;0;0;11;18;30;31;20;45;30;30;20;45;30;31;20;45;30;30;20;45;200;141;100;300;200;140;100;300;200;140;100;300;200;140;100;300;30;31;20;45;30;30;20;45;30;31;20;45;30;30;20;45;200;145;100;300;200;144;100;300;200;228;100;300;200;230;100;300;4;2;0.4;6;4;5;0.4;6;4;2;0.4;6;4;5;0.4;6;4;2;0.4;6;4;5;0.4;6;4;3;0.4;6;4;5;0.4;6;NOK;NOK;OK;7000;7049;6500;8100;OK;4.96;0;8;12;NOK;N/A;1.5;N/A;N/A;N/A;9;11.7;7;18;OK;;0;0;0;-;Disabled;TempOk;2;230;38.4;38.2;0;0;349.9;441345100 daimler 1500 1900;441345100 daimler 1500 1900;441345100 Daimler 1500 1900
20260325_22:12:19;0;3;3;950;940.5;925;975;OK;950;951.6;925;975;OK;951.6;951.5;-20;-15.7;-50;-25;NOK;-20;-14.2;-50;-25;NOK;-12.1;-13.3;0;-20;-15.6;-50;-25;NOK;300;311;300;500;OK;0;0;N/A;N/A;N/A;N/A;N/A;N/A;N/A;N/A;N/A;N/A;N/A;N/A;N/A;N/A;N/A;N/A;N/A;N/A;N/A;N/A;N/A;N/A;N/A;N/A;N/A;N/A;N/A;N/A;N/A;N/A;N/A;N/A;N/A;N/A;N/A;N/A;N/A;N/A;N/A;N/A;N/A;N/A;N/A;N/A;N/A;N/A;N/A;N/A;N/A;N/A;N/A;N/A;N/A;N/A;N/A;N/A;N/A;N/A;N/A;N/A;N/A;N/A;N/A;N/A;N/A;N/A;N/A;N/A;N/A;N/A;N/A;N/A;N/A;N/A;N/A;N/A;N/A;N/A;N/A;N/A;N/A;N/A;N/A;N/A;N/A;N/A;N/A;N/A;N/A;N/A;N/A;N/A;N/A;N/A;N/A;N/A;N/A;N/A;;0;320.1;0;0;;Disabled;TempStop;2;700;322.5;278.7;0;0;599.9;549.9;Enabled;PosOk;2;0;0;0;0;0;15;Disabled;0;0;0;0;0;0;0;0;0;0;0;0;0;0;0;0;0;0;0;0;0;0;0;0;0;0;0;0;0;0;0;0;0;0;0;0;0;0;0;0;0;0;0;0;0;0;0;0;0;0;0;0;0;0;0;0;0;0;0;0;0;0;0;0;0;0;0;0;0;0;30;31;20;45;30;30;20;45;30;32;20;45;30;30;20;45;200;142;100;300;200;140;100;300;200;141;100;300;200;140;100;300;30;31;20;45;30;30;20;45;30;31;20;45;30;30;20;45;200;145;100;300;200;144;100;300;200;228;100;300;200;230;100;300;4;2;0.4;6;4;5;0.4;6;4;2;0.4;6;4;5;0.4;6;4;2;0.4;6;4;5;0.4;6;4;2;0.4;6;4;5;0.4;6;NOK;NOK;OK;7000;7052;6500;8100;OK;4.96;0;8;12;NOK;N/A;1.5;N/A;N/A;N/A;9;11.9;7;18;OK;;0;0;0;-;Disabled;TempOk;2;230;37.7;37.9;0;0;349.9;441345100 daimler 1500 1900;441345100 daimler 1500 1900;441345100 Daimler 1500 1900
20260325_22:12:55;0;1;4;950;939.3;925;975;OK;950;950.9;925;975;OK;950.8;950.7;-20;-13.1;-50;-25;NOK;-20;-13.3;-50;-25;NOK;-16.9;-16.2;0;-20;-12.9;-50;-25;NOK;300;311;300;500;OK;0;0;N/A;N/A;N/A;N/A;N/A;N/A;N/A;N/A;N/A;N/A;N/A;N/A;N/A;N/A;N/A;N/A;N/A;N/A;N/A;N/A;N/A;N/A;N/A;N/A;N/A;N/A;N/A;N/A;N/A;N/A;N/A;N/A;N/A;N/A;N/A;N/A;N/A;N/A;N/A;N/A;N/A;N/A;N/A;N/A;N/A;N/A;N/A;N/A;N/A;N/A;N/A;N/A;N/A;N/A;N/A;N/A;N/A;N/A;N/A;N/A;N/A;N/A;N/A;N/A;N/A;N/A;N/A;N/A;N/A;N/A;N/A;N/A;N/A;N/A;N/A;N/A;N/A;N/A;N/A;N/A;N/A;N/A;N/A;N/A;N/A;N/A;N/A;N/A;N/A;N/A;N/A;N/A;N/A;N/A;N/A;N/A;N/A;N/A;;0;320.8;0;0;;Disabled;TempStop;2;700;323.2;278.8;0;0;599.9;549.9;Enabled;PosOk;2;0;0;0;0;0;15;Disabled;0;0;0;0;0;0;0;0;0;0;0;0;0;0;0;0;0;0;0;0;0;0;0;0;0;0;0;0;0;0;0;0;0;0;0;0;0;0;0;0;0;0;0;0;0;0;0;0;0;0;0;0;0;0;0;0;0;0;0;0;0;0;0;0;0;0;0;0;12;30;30;31;20;45;30;30;20;45;30;32;20;45;30;30;20;45;200;142;100;300;200;140;100;300;200;141;100;300;200;140;100;300;30;31;20;45;30;30;20;45;30;31;20;45;30;30;20;45;200;145;100;300;200;144;100;300;200;229;100;300;200;230;100;300;4;2;0.4;6;4;5;0.4;6;4;2;0.4;6;4;5;0.4;6;4;2;0.4;6;4;5;0.4;6;4;2;0.4;6;4;5;0.4;6;NOK;NOK;OK;7000;7041;6500;8100;OK;4.96;0;8;12;NOK;N/A;1.5;N/A;N/A;N/A;9;12.3;7;18;OK;;0;0;0;-;Disabled;TempOk;2;230;37.4;39.1;0;0;349.9;441345100 daimler 1500 1900;441345100 daimler 1500 1900;441345100 Daimler 1500 1900
20260325_22:13:31;0;3;4;950;940.2;925;975;OK;950;951.6;925;975;OK;951.5;951.6;-20;-13.1;-50;-25;NOK;-20;-13.5;-50;-25;NOK;-16.4;-16;0;-20;-12.9;-50;-25;NOK;300;311;300;500;OK;0;0;N/A;N/A;N/A;N/A;N/A;N/A;N/A;N/A;N/A;N/A;N/A;N/A;N/A;N/A;N/A;N/A;N/A;N/A;N/A;N/A;N/A;N/A;N/A;N/A;N/A;N/A;N/A;N/A;N/A;N/A;N/A;N/A;N/A;N/A;N/A;N/A;N/A;N/A;N/A;N/A;N/A;N/A;N/A;N/A;N/A;N/A;N/A;N/A;N/A;N/A;N/A;N/A;N/A;N/A;N/A;N/A;N/A;N/A;N/A;N/A;N/A;N/A;N/A;N/A;N/A;N/A;N/A;N/A;N/A;N/A;N/A;N/A;N/A;N/A;N/A;N/A;N/A;N/A;N/A;N/A;N/A;N/A;N/A;N/A;N/A;N/A;N/A;N/A;N/A;N/A;N/A;N/A;N/A;N/A;N/A;N/A;N/A;N/A;;0;319.9;0;0;;Disabled;TempStop;2;700;322.3;278;0;0;599.9;549.9;Enabled;PosOk;2;0;0;0;0;0;15;Disabled;0;0;0;0;0;0;0;0;0;0;0;0;0;0;0;0;0;0;0;0;0;0;0;0;0;0;0;0;0;0;0;0;0;0;0;0;0;0;0;0;0;0;0;0;0;0;0;0;0;0;0;0;0;0;0;0;0;0;0;0;0;0;0;0;0;0;0;0;0;0;30;31;20;45;30;30;20;45;30;32;20;45;30;30;20;45;200;141;100;300;200;140;100;300;200;140;100;300;200;140;100;300;30;31;20;45;30;30;20;45;30;31;20;45;30;30;20;45;200;146;100;300;200;144;100;300;200;228;100;300;200;229;100;300;4;2;0.4;6;4;5;0.4;6;4;2;0.4;6;4;5;0.4;6;4;2;0.4;6;4;5;0.4;6;4;2;0.4;6;4;5;0.4;6;NOK;NOK;OK;7000;7060;6500;8100;OK;4.96;0;8;12;NOK;N/A;1.5;N/A;N/A;N/A;9;11.8;7;18;OK;;0;0;0;-;Disabled;TempOk;2;230;37.7;38.4;0;0;349.9;441345100 daimler 1500 1900;441345100 daimler 1500 1900;441345100 Daimler 1500 1900
20260325_22:14:07;0;3;5;950;943.3;925;975;OK;950;951.2;925;975;OK;951.2;951.3;-20;-17.6;-50;-25;NOK;-20;-16.9;-50;-25;NOK;-17.1;-17.7;0;-20;-17.3;-50;-25;NOK;300;311;300;500;OK;0;0;N/A;N/A;N/A;N/A;N/A;N/A;N/A;N/A;N/A;N/A;N/A;N/A;N/A;N/A;N/A;N/A;N/A;N/A;N/A;N/A;N/A;N/A;N/A;N/A;N/A;N/A;N/A;N/A;N/A;N/A;N/A;N/A;N/A;N/A;N/A;N/A;N/A;N/A;N/A;N/A;N/A;N/A;N/A;N/A;N/A;N/A;N/A;N/A;N/A;N/A;N/A;N/A;N/A;N/A;N/A;N/A;N/A;N/A;N/A;N/A;N/A;N/A;N/A;N/A;N/A;N/A;N/A;N/A;N/A;N/A;N/A;N/A;N/A;N/A;N/A;N/A;N/A;N/A;N/A;N/A;N/A;N/A;N/A;N/A;N/A;N/A;N/A;N/A;N/A;N/A;N/A;N/A;N/A;N/A;N/A;N/A;N/A;N/A;;0;319.6;0;0;;Disabled;TempStop;2;700;322;278.4;0;0;599.9;549.9;Enabled;PosOk;2;0;0;0;0;0;15;Disabled;0;0;0;0;0;0;0;0;0;0;0;0;0;0;0;0;0;0;0;0;0;0;0;0;0;0;0;0;0;0;0;0;0;0;0;0;0;0;0;0;0;0;0;0;0;0;0;0;0;0;0;0;0;0;0;0;0;0;0;0;0;0;0;0;0;0;0;0;0;0;30;31;20;45;30;29;20;45;30;31;20;45;30;29;20;45;200;142;100;300;200;140;100;300;200;141;100;300;200;140;100;300;30;30;20;45;30;29;20;45;30;30;20;45;30;29;20;45;200;146;100;300;200;144;100;300;200;228;100;300;200;230;100;300;4;2;0.4;6;4;5;0.4;6;4;2;0.4;6;4;5;0.4;6;4;2;0.4;6;4;5;0.4;6;4;3;0.4;6;4;5;0.4;6;NOK;NOK;OK;7000;7036;6500;8100;OK;4.96;0;8;12;NOK;N/A;1.5;N/A;N/A;N/A;9;12.5;7;18;OK;;0;0;0;-;Disabled;TempOk;2;230;37.7;38.7;0;0;349.9;441345100 daimler 1500 1900;441345100 daimler 1500 1900;441345100 Daimler 1500 1900
20260325_22:15:19;0;3;1;950;940.3;925;975;OK;950;951.5;925;975;OK;951.4;951.5;-20;-14.7;-50;-25;NOK;-20;-13.8;-50;-25;NOK;-11.4;-12.6;0;-20;-14.8;-50;-25;NOK;300;311;300;500;OK;0;0;N/A;N/A;N/A;N/A;N/A;N/A;N/A;N/A;N/A;N/A;N/A;N/A;N/A;N/A;N/A;N/A;N/A;N/A;N/A;N/A;N/A;N/A;N/A;N/A;N/A;N/A;N/A;N/A;N/A;N/A;N/A;N/A;N/A;N/A;N/A;N/A;N/A;N/A;N/A;N/A;N/A;N/A;N/A;N/A;N/A;N/A;N/A;N/A;N/A;N/A;N/A;N/A;N/A;N/A;N/A;N/A;N/A;N/A;N/A;N/A;N/A;N/A;N/A;N/A;N/A;N/A;N/A;N/A;N/A;N/A;N/A;N/A;N/A;N/A;N/A;N/A;N/A;N/A;N/A;N/A;N/A;N/A;N/A;N/A;N/A;N/A;N/A;N/A;N/A;N/A;N/A;N/A;N/A;N/A;N/A;N/A;N/A;N/A;;0;319.4;0;0;;Disabled;TempStop;2;700;321.7;277.6;0;0;599.9;549.9;Enabled;PosOk;2;0;0;0;0;0;15;Disabled;0;0;0;0;0;0;0;0;0;0;0;0;0;0;0;0;0;0;0;0;0;0;0;0;0;0;0;0;0;0;0;0;0;0;0;0;0;0;0;0;0;0;0;0;0;0;0;0;0;0;0;0;0;0;0;0;0;0;0;0;0;0;0;0;0;0;0;0;0;0;30;30;20;45;30;30;20;45;30;30;20;45;30;30;20;45;200;142;100;300;200;139;100;300;200;140;100;300;200;139;100;300;30;30;20;45;30;30;20;45;30;30;20;45;30;30;20;45;200;144;100;300;200;144;100;300;200;228;100;300;200;229;100;300;4;2;0.4;6;4;5;0.4;6;4;2;0.4;6;4;5;0.4;6;4;2;0.4;6;4;5;0.4;6;4;3;0.4;6;4;5;0.4;6;NOK;NOK;OK;7000;7091;6500;8100;OK;4.95;0;8;12;NOK;N/A;1.5;N/A;N/A;N/A;9;12;7;18;OK;;0;0;0;-;Disabled;TempOk;2;230;37.9;38.2;0;0;349.9;441345100 daimler 1500 1900;441345100 daimler 1500 1900;441345100 Daimler 1500 1900
20260325_22:15:55;0;1;2;950;939.9;925;975;OK;950;951.4;925;975;OK;951.4;951.4;-20;-18.1;-50;-25;NOK;-20;-17.6;-50;-25;NOK;-17.3;-17.3;0;-20;-18.1;-50;-25;NOK;300;311;300;500;OK;0;0;N/A;N/A;N/A;N/A;N/A;N/A;N/A;N/A;N/A;N/A;N/A;N/A;N/A;N/A;N/A;N/A;N/A;N/A;N/A;N/A;N/A;N/A;N/A;N/A;N/A;N/A;N/A;N/A;N/A;N/A;N/A;N/A;N/A;N/A;N/A;N/A;N/A;N/A;N/A;N/A;N/A;N/A;N/A;N/A;N/A;N/A;N/A;N/A;N/A;N/A;N/A;N/A;N/A;N/A;N/A;N/A;N/A;N/A;N/A;N/A;N/A;N/A;N/A;N/A;N/A;N/A;N/A;N/A;N/A;N/A;N/A;N/A;N/A;N/A;N/A;N/A;N/A;N/A;N/A;N/A;N/A;N/A;N/A;N/A;N/A;N/A;N/A;N/A;N/A;N/A;N/A;N/A;N/A;N/A;N/A;N/A;N/A;N/A;;0;321.8;0;0;;Disabled;TempStop;2;700;324.3;279.9;0;0;599.9;549.9;Enabled;PosOk;2;0;0;0;0;0;15;Disabled;0;0;0;0;0;0;0;0;0;0;0;0;0;0;0;0;0;0;0;0;0;0;0;0;0;0;0;0;0;0;0;0;0;0;0;0;0;0;0;0;0;0;0;0;0;0;0;0;0;0;0;0;0;0;0;0;0;0;0;0;0;0;0;0;0;0;0;0;0;0;30;31;20;45;30;30;20;45;30;31;20;45;30;30;20;45;200;142;100;300;200;140;100;300;200;141;100;300;200;140;100;300;30;31;20;45;30;30;20;45;30;30;20;45;30;30;20;45;200;145;100;300;200;144;100;300;200;228;100;300;200;229;100;300;4;2;0.4;6;4;5;0.4;6;4;2;0.4;6;4;5;0.4;6;4;2;0.4;6;4;5;0.4;6;4;2;0.4;6;4;5;0.4;6;NOK;NOK;OK;7000;7052;6500;8100;OK;4.96;0;8;12;NOK;N/A;1.5;N/A;N/A;N/A;9;12.2;7;18;OK;;0;0;0;-;Disabled;TempOk;2;230;37.7;38.2;0;0;349.9;441345100 daimler 1500 1900;441345100 daimler 1500 1900;441345100 Daimler 1500 1900
20260325_22:16:31;0;3;2;950;940.5;925;975;OK;950;951.8;925;975;OK;951.6;951.9;-20;-14.4;-50;-25;NOK;-20;-14.4;-50;-25;NOK;-13.2;-14.3;0;-20;-14.2;-50;-25;NOK;300;311;300;500;OK;0;0;N/A;N/A;N/A;N/A;N/A;N/A;N/A;N/A;N/A;N/A;N/A;N/A;N/A;N/A;N/A;N/A;N/A;N/A;N/A;N/A;N/A;N/A;N/A;N/A;N/A;N/A;N/A;N/A;N/A;N/A;N/A;N/A;N/A;N/A;N/A;N/A;N/A;N/A;N/A;N/A;N/A;N/A;N/A;N/A;N/A;N/A;N/A;N/A;N/A;N/A;N/A;N/A;N/A;N/A;N/A;N/A;N/A;N/A;N/A;N/A;N/A;N/A;N/A;N/A;N/A;N/A;N/A;N/A;N/A;N/A;N/A;N/A;N/A;N/A;N/A;N/A;N/A;N/A;N/A;N/A;N/A;N/A;N/A;N/A;N/A;N/A;N/A;N/A;N/A;N/A;N/A;N/A;N/A;N/A;N/A;N/A;N/A;N/A;;0;320.1;0;0;;Disabled;TempStop;2;700;322.3;279.2;0;0;599.9;549.9;Enabled;PosOk;2;0;0;0;0;0;15;Disabled;0;0;0;0;0;0;0;0;0;0;0;0;0;0;0;0;0;0;0;0;0;0;0;0;0;0;0;0;0;0;0;0;0;0;0;0;0;0;0;0;0;0;0;0;0;0;0;0;0;0;0;0;0;0;0;0;0;0;0;0;0;0;0;0;0;0;0;0;0;0;30;31;20;45;30;30;20;45;30;31;20;45;30;30;20;45;200;141;100;300;200;140;100;300;200;140;100;300;200;140;100;300;30;31;20;45;30;30;20;45;30;31;20;45;30;30;20;45;200;145;100;300;200;144;100;300;200;228;100;300;200;229;100;300;4;2;0.4;6;4;5;0.4;6;4;2;0.4;6;4;5;0.4;6;4;2;0.4;6;4;5;0.4;6;4;2;0.4;6;4;5;0.4;6;NOK;NOK;OK;7000;7063;6500;8100;OK;4.96;0;8;12;NOK;N/A;1.5;N/A;N/A;N/A;9;11.9;7;18;OK;;0;0;0;-;Disabled;TempOk;2;230;37.9;38.4;0;0;349.9;441345100 daimler 1500 1900;441345100 daimler 1500 1900;441345100 Daimler 1500 1900
20260325_22:17:07;0;1;3;950;941.1;925;975;OK;950;951.6;925;975;OK;951.7;951.6;-20;-15.4;-50;-25;NOK;-20;-15.9;-50;-25;NOK;-17.7;-18.2;0;-20;-15.3;-50;-25;NOK;300;311;300;500;OK;0;0;N/A;N/A;N/A;N/A;N/A;N/A;N/A;N/A;N/A;N/A;N/A;N/A;N/A;N/A;N/A;N/A;N/A;N/A;N/A;N/A;N/A;N/A;N/A;N/A;N/A;N/A;N/A;N/A;N/A;N/A;N/A;N/A;N/A;N/A;N/A;N/A;N/A;N/A;N/A;N/A;N/A;N/A;N/A;N/A;N/A;N/A;N/A;N/A;N/A;N/A;N/A;N/A;N/A;N/A;N/A;N/A;N/A;N/A;N/A;N/A;N/A;N/A;N/A;N/A;N/A;N/A;N/A;N/A;N/A;N/A;N/A;N/A;N/A;N/A;N/A;N/A;N/A;N/A;N/A;N/A;N/A;N/A;N/A;N/A;N/A;N/A;N/A;N/A;N/A;N/A;N/A;N/A;N/A;N/A;N/A;N/A;N/A;N/A;;0;321.4;0;0;;Disabled;TempStop;2;700;323.9;280.4;0;0;599.9;549.9;Enabled;PosOk;2;0;0;0;0;0;15;Disabled;0;0;0;0;0;0;0;0;0;0;0;0;0;0;0;0;0;0;0;0;0;0;0;0;0;0;0;0;0;0;0;0;0;0;0;0;0;0;0;0;0;0;0;0;0;0;0;0;0;0;0;0;0;0;0;0;0;0;0;0;0;0;0;0;0;0;0;0;16;41;30;31;20;45;30;30;20;45;30;32;20;45;30;30;20;45;200;142;100;300;200;140;100;300;200;141;100;300;200;140;100;300;30;31;20;45;30;30;20;45;30;31;20;45;30;30;20;45;200;145;100;300;200;144;100;300;200;227;100;300;200;228;100;300;4;2;0.4;6;4;5;0.4;6;4;2;0.4;6;4;5;0.4;6;4;2;0.4;6;4;5;0.4;6;4;2;0.4;6;4;5;0.4;6;NOK;NOK;OK;7000;7023;6500;8100;OK;4.96;0;8;12;NOK;N/A;1.5;N/A;N/A;N/A;9;12.4;7;18;OK;;0;0;0;-;Disabled;TempOk;2;230;37.7;39.1;0;0;349.9;441345100 daimler 1500 1900;441345100 daimler 1500 1900;441345100 Daimler 1500 1900
20260325_22:17:43;0;3;3;950;940.9;925;975;OK;950;951.7;925;975;OK;951.6;951.5;-20;-14;-50;-25;NOK;-20;-13.6;-50;-25;NOK;-11.6;-12.8;0;-20;-13.9;-50;-25;NOK;300;311;300;500;OK;0;0;N/A;N/A;N/A;N/A;N/A;N/A;N/A;N/A;N/A;N/A;N/A;N/A;N/A;N/A;N/A;N/A;N/A;N/A;N/A;N/A;N/A;N/A;N/A;N/A;N/A;N/A;N/A;N/A;N/A;N/A;N/A;N/A;N/A;N/A;N/A;N/A;N/A;N/A;N/A;N/A;N/A;N/A;N/A;N/A;N/A;N/A;N/A;N/A;N/A;N/A;N/A;N/A;N/A;N/A;N/A;N/A;N/A;N/A;N/A;N/A;N/A;N/A;N/A;N/A;N/A;N/A;N/A;N/A;N/A;N/A;N/A;N/A;N/A;N/A;N/A;N/A;N/A;N/A;N/A;N/A;N/A;N/A;N/A;N/A;N/A;N/A;N/A;N/A;N/A;N/A;N/A;N/A;N/A;N/A;N/A;N/A;N/A;N/A;;0;319.8;0;0;;Disabled;TempStop;2;700;322.3;277.5;0;0;599.9;549.9;Enabled;PosOk;2;0;0;0;0;0;15;Disabled;0;0;0;0;0;0;0;0;0;0;0;0;0;0;0;0;0;0;0;0;0;0;0;0;0;0;0;0;0;0;0;0;0;0;0;0;0;0;0;0;0;0;0;0;0;0;0;0;0;0;0;0;0;0;0;0;0;0;0;0;0;0;0;0;0;0;0;0;0;0;30;31;20;45;30;29;20;45;30;31;20;45;30;29;20;45;200;141;100;300;200;140;100;300;200;140;100;300;200;140;100;300;30;31;20;45;30;29;20;45;30;30;20;45;30;29;20;45;200;146;100;300;200;144;100;300;200;228;100;300;200;229;100;300;4;2;0.4;6;4;5;0.4;6;4;2;0.4;6;4;5;0.4;6;4;2;0.4;6;4;5;0.4;6;4;3;0.4;6;4;5;0.4;6;NOK;NOK;OK;7000;7041;6500;8100;OK;4.96;0;8;12;NOK;N/A;1.5;N/A;N/A;N/A;9;11.7;7;18;OK;;0;0;0;-;Disabled;TempOk;2;230;37.7;38.9;0;0;349.9;441345100 daimler 1500 1900;441345100 daimler 1500 1900;441345100 Daimler 1500 1900
20260325_22:18:19;0;1;4;950;940.1;925;975;OK;950;950.8;925;975;OK;950.8;950.7;-20;-12.5;-50;-25;NOK;-20;-12.8;-50;-25;NOK;-16;-15.4;0;-20;-12.3;-50;-25;NOK;300;311;300;500;OK;0;0;N/A;N/A;N/A;N/A;N/A;N/A;N/A;N/A;N/A;N/A;N/A;N/A;N/A;N/A;N/A;N/A;N/A;N/A;N/A;N/A;N/A;N/A;N/A;N/A;N/A;N/A;N/A;N/A;N/A;N/A;N/A;N/A;N/A;N/A;N/A;N/A;N/A;N/A;N/A;N/A;N/A;N/A;N/A;N/A;N/A;N/A;N/A;N/A;N/A;N/A;N/A;N/A;N/A;N/A;N/A;N/A;N/A;N/A;N/A;N/A;N/A;N/A;N/A;N/A;N/A;N/A;N/A;N/A;N/A;N/A;N/A;N/A;N/A;N/A;N/A;N/A;N/A;N/A;N/A;N/A;N/A;N/A;N/A;N/A;N/A;N/A;N/A;N/A;N/A;N/A;N/A;N/A;N/A;N/A;N/A;N/A;N/A;N/A;;0;321.3;0;0;;Disabled;TempStop;2;700;323.8;279.6;0;0;599.9;549.9;Enabled;PosOk;2;0;0;0;0;0;15;Disabled;0;0;0;0;0;0;0;0;0;0;0;0;0;0;0;0;0;0;0;0;0;0;0;0;0;0;0;0;0;0;0;0;0;0;0;0;0;0;0;0;0;0;0;0;0;0;0;0;0;0;0;0;0;0;0;0;0;0;0;0;0;0;0;0;0;0;0;0;17;53;30;31;20;45;30;29;20;45;30;31;20;45;30;29;20;45;200;142;100;300;200;140;100;300;200;141;100;300;200;141;100;300;30;30;20;45;30;29;20;45;30;30;20;45;30;29;20;45;200;145;100;300;200;144;100;300;200;228;100;300;200;229;100;300;4;2;0.4;6;4;5;0.4;6;4;2;0.4;6;4;5;0.4;6;4;2;0.4;6;4;5;0.4;6;4;2;0.4;6;4;5;0.4;6;NOK;NOK;OK;7000;7040;6500;8100;OK;4.96;0;8;12;NOK;N/A;1.5;N/A;N/A;N/A;9;12;7;18;OK;;0;0;0;-;Disabled;TempOk;2;230;37.7;38.4;0;0;349.9;441345100 daimler 1500 1900;441345100 daimler 1500 1900;441345100 Daimler 1500 1900
20260325_22:18:55;0;3;4;950;940.2;925;975;OK;950;951.6;925;975;OK;951.5;951.6;-20;-12.3;-50;-25;NOK;-20;-12.4;-50;-25;NOK;-15.5;-15.1;0;-20;-12.1;-50;-25;NOK;300;311;300;500;OK;0;0;N/A;N/A;N/A;N/A;N/A;N/A;N/A;N/A;N/A;N/A;N/A;N/A;N/A;N/A;N/A;N/A;N/A;N/A;N/A;N/A;N/A;N/A;N/A;N/A;N/A;N/A;N/A;N/A;N/A;N/A;N/A;N/A;N/A;N/A;N/A;N/A;N/A;N/A;N/A;N/A;N/A;N/A;N/A;N/A;N/A;N/A;N/A;N/A;N/A;N/A;N/A;N/A;N/A;N/A;N/A;N/A;N/A;N/A;N/A;N/A;N/A;N/A;N/A;N/A;N/A;N/A;N/A;N/A;N/A;N/A;N/A;N/A;N/A;N/A;N/A;N/A;N/A;N/A;N/A;N/A;N/A;N/A;N/A;N/A;N/A;N/A;N/A;N/A;N/A;N/A;N/A;N/A;N/A;N/A;N/A;N/A;N/A;N/A;;0;320.7;0;0;;Disabled;TempStop;2;700;323.1;277.8;0;0;599.9;549.9;Enabled;PosOk;2;0;0;0;0;0;15;Disabled;0;0;0;0;0;0;0;0;0;0;0;0;0;0;0;0;0;0;0;0;0;0;0;0;0;0;0;0;0;0;0;0;0;0;0;0;0;0;0;0;0;0;0;0;0;0;0;0;0;0;0;0;0;0;0;0;0;0;0;0;0;0;0;0;0;0;0;0;0;0;30;30;20;45;30;29;20;45;30;31;20;45;30;29;20;45;200;142;100;300;200;140;100;300;200;141;100;300;200;141;100;300;30;30;20;45;30;29;20;45;30;30;20;45;30;29;20;45;200;145;100;300;200;144;100;300;200;228;100;300;200;229;100;300;4;2;0.4;6;4;5;0.4;6;4;2;0.4;6;4;5;0.4;6;4;2;0.4;6;4;5;0.4;6;4;2;0.4;6;4;5;0.4;6;NOK;NOK;OK;7000;7047;6500;8100;OK;4.95;0;8;12;NOK;N/A;1.51;N/A;N/A;N/A;9;11.7;7;18;OK;;0;0;0;-;Disabled;TempOk;2;230;37.7;39.1;0;0;349.9;441345100 daimler 1500 1900;441345100 daimler 1500 1900;441345100 Daimler 1500 1900
20260325_22:19:31;0;3;5;950;943.2;925;975;OK;950;951.3;925;975;OK;951.2;951.2;-20;-16.5;-50;-25;NOK;-20;-15.8;-50;-25;NOK;-16;-16.4;0;-20;-16.3;-50;-25;NOK;300;311;300;500;OK;0;0;N/A;N/A;N/A;N/A;N/A;N/A;N/A;N/A;N/A;N/A;N/A;N/A;N/A;N/A;N/A;N/A;N/A;N/A;N/A;N/A;N/A;N/A;N/A;N/A;N/A;N/A;N/A;N/A;N/A;N/A;N/A;N/A;N/A;N/A;N/A;N/A;N/A;N/A;N/A;N/A;N/A;N/A;N/A;N/A;N/A;N/A;N/A;N/A;N/A;N/A;N/A;N/A;N/A;N/A;N/A;N/A;N/A;N/A;N/A;N/A;N/A;N/A;N/A;N/A;N/A;N/A;N/A;N/A;N/A;N/A;N/A;N/A;N/A;N/A;N/A;N/A;N/A;N/A;N/A;N/A;N/A;N/A;N/A;N/A;N/A;N/A;N/A;N/A;N/A;N/A;N/A;N/A;N/A;N/A;N/A;N/A;N/A;N/A;;0;319.9;0;0;;Disabled;TempStop;2;700;322.3;278.6;0;0;599.9;549.9;Enabled;PosOk;2;0;0;0;0;0;15;Disabled;0;0;0;0;0;0;0;0;0;0;0;0;0;0;0;0;0;0;0;0;0;0;0;0;0;0;0;0;0;0;0;0;0;0;0;0;0;0;0;0;0;0;0;0;0;0;0;0;0;0;0;0;0;0;0;0;0;0;0;0;0;0;0;0;0;0;0;0;0;0;30;31;20;45;30;30;20;45;30;31;20;45;30;29;20;45;200;142;100;300;200;140;100;300;200;140;100;300;200;140;100;300;30;31;20;45;30;30;20;45;30;30;20;45;30;30;20;45;200;145;100;300;200;144;100;300;200;228;100;300;200;229;100;300;4;2;0.4;6;4;5;0.4;6;4;2;0.4;6;4;5;0.4;6;4;2;0.4;6;4;5;0.4;6;4;2;0.4;6;4;5;0.4;6;NOK;NOK;OK;7000;7028;6500;8100;OK;4.95;0;8;12;NOK;N/A;1.5;N/A;N/A;N/A;9;12;7;18;OK;;0;0;0;-;Disabled;TempOk;2;230;37.7;38.4;0;0;349.9;441345100 daimler 1500 1900;441345100 daimler 1500 1900;441345100 Daimler 1500 1900
20260325_22:20:43;0;3;1;950;940.4;925;975;OK;950;951.5;925;975;OK;951.4;951.4;-20;-14.2;-50;-25;NOK;-20;-13.5;-50;-25;NOK;-11;-12.2;0;-20;-14.3;-50;-25;NOK;300;311;300;500;OK;0;0;N/A;N/A;N/A;N/A;N/A;N/A;N/A;N/A;N/A;N/A;N/A;N/A;N/A;N/A;N/A;N/A;N/A;N/A;N/A;N/A;N/A;N/A;N/A;N/A;N/A;N/A;N/A;N/A;N/A;N/A;N/A;N/A;N/A;N/A;N/A;N/A;N/A;N/A;N/A;N/A;N/A;N/A;N/A;N/A;N/A;N/A;N/A;N/A;N/A;N/A;N/A;N/A;N/A;N/A;N/A;N/A;N/A;N/A;N/A;N/A;N/A;N/A;N/A;N/A;N/A;N/A;N/A;N/A;N/A;N/A;N/A;N/A;N/A;N/A;N/A;N/A;N/A;N/A;N/A;N/A;N/A;N/A;N/A;N/A;N/A;N/A;N/A;N/A;N/A;N/A;N/A;N/A;N/A;N/A;N/A;N/A;N/A;N/A;;0;320;0;0;;Disabled;TempStop;2;700;321.9;280.3;0;0;599.9;549.9;Enabled;PosOk;2;0;0;0;0;0;15;Disabled;0;0;0;0;0;0;0;0;0;0;0;0;0;0;0;0;0;0;0;0;0;0;0;0;0;0;0;0;0;0;0;0;0;0;0;0;0;0;0;0;0;0;0;0;0;0;0;0;0;0;0;0;0;0;0;0;0;0;0;0;0;0;0;0;0;0;0;0;0;0;30;30;20;45;30;30;20;45;30;31;20;45;30;30;20;45;200;142;100;300;200;140;100;300;200;141;100;300;200;141;100;300;30;30;20;45;30;30;20;45;30;30;20;45;30;30;20;45;200;145;100;300;200;144;100;300;200;228;100;300;200;229;100;300;4;2;0.4;6;4;5;0.4;6;4;2;0.4;6;4;5;0.4;6;4;2;0.4;6;4;5;0.4;6;4;2;0.4;6;4;5;0.4;6;NOK;NOK;OK;7000;7108;6500;8100;OK;4.95;0;8;12;NOK;N/A;1.5;N/A;N/A;N/A;9;11.8;7;18;OK;;0;0;0;-;Disabled;TempOk;2;230;37.7;38.2;0;0;349.9;441345100 daimler 1500 1900;441345100 daimler 1500 1900;441345100 Daimler 1500 1900
20260325_22:21:18;0;1;2;950;940.6;925;975;OK;950;951.4;925;975;OK;951.3;951.4;-20;-17.7;-50;-25;NOK;-20;-17.4;-50;-25;NOK;-16.9;-17.1;0;-20;-17.8;-50;-25;NOK;300;311;300;500;OK;0;0;N/A;N/A;N/A;N/A;N/A;N/A;N/A;N/A;N/A;N/A;N/A;N/A;N/A;N/A;N/A;N/A;N/A;N/A;N/A;N/A;N/A;N/A;N/A;N/A;N/A;N/A;N/A;N/A;N/A;N/A;N/A;N/A;N/A;N/A;N/A;N/A;N/A;N/A;N/A;N/A;N/A;N/A;N/A;N/A;N/A;N/A;N/A;N/A;N/A;N/A;N/A;N/A;N/A;N/A;N/A;N/A;N/A;N/A;N/A;N/A;N/A;N/A;N/A;N/A;N/A;N/A;N/A;N/A;N/A;N/A;N/A;N/A;N/A;N/A;N/A;N/A;N/A;N/A;N/A;N/A;N/A;N/A;N/A;N/A;N/A;N/A;N/A;N/A;N/A;N/A;N/A;N/A;N/A;N/A;N/A;N/A;N/A;N/A;;0;321.7;0;0;;Disabled;TempStop;2;700;324;278;0;0;599.9;549.9;Enabled;PosOk;2;0;0;0;0;0;15;Disabled;0;0;0;0;0;0;0;0;0;0;0;0;0;0;0;0;0;0;0;0;0;0;0;0;0;0;0;0;0;0;0;0;0;0;0;0;0;0;0;0;0;0;0;0;0;0;0;0;0;0;0;0;0;0;0;0;0;0;0;0;0;0;0;0;0;0;0;0;0;0;30;31;20;45;30;30;20;45;30;31;20;45;30;30;20;45;200;142;100;300;200;140;100;300;200;141;100;300;200;141;100;300;30;31;20;45;30;30;20;45;30;31;20;45;30;30;20;45;200;145;100;300;200;144;100;300;200;227;100;300;200;228;100;300;4;2;0.4;6;4;5;0.4;6;4;2;0.4;6;4;5;0.4;6;4;2;0.4;6;4;5;0.4;6;4;2;0.4;6;4;5;0.4;6;NOK;NOK;OK;7000;7044;6500;8100;OK;4.96;0;8;12;NOK;N/A;1.5;N/A;N/A;N/A;9;11.9;7;18;OK;;0;0;0;-;Disabled;TempOk;2;230;37.9;38.7;0;0;349.9;441345100 daimler 1500 1900;441345100 daimler 1500 1900;441345100 Daimler 1500 1900
20260325_22:21:54;0;3;2;950;940.3;925;975;OK;950;951.9;925;975;OK;951.8;952;-20;-13.8;-50;-25;NOK;-20;-14.1;-50;-25;NOK;-12.9;-14.1;0;-20;-13.7;-50;-25;NOK;300;311;300;500;OK;0;0;N/A;N/A;N/A;N/A;N/A;N/A;N/A;N/A;N/A;N/A;N/A;N/A;N/A;N/A;N/A;N/A;N/A;N/A;N/A;N/A;N/A;N/A;N/A;N/A;N/A;N/A;N/A;N/A;N/A;N/A;N/A;N/A;N/A;N/A;N/A;N/A;N/A;N/A;N/A;N/A;N/A;N/A;N/A;N/A;N/A;N/A;N/A;N/A;N/A;N/A;N/A;N/A;N/A;N/A;N/A;N/A;N/A;N/A;N/A;N/A;N/A;N/A;N/A;N/A;N/A;N/A;N/A;N/A;N/A;N/A;N/A;N/A;N/A;N/A;N/A;N/A;N/A;N/A;N/A;N/A;N/A;N/A;N/A;N/A;N/A;N/A;N/A;N/A;N/A;N/A;N/A;N/A;N/A;N/A;N/A;N/A;N/A;N/A;;0;319.6;0;0;;Disabled;TempStop;2;700;322.1;276;0;0;599.9;549.9;Enabled;PosOk;2;0;0;0;0;0;15;Disabled;0;0;0;0;0;0;0;0;0;0;0;0;0;0;0;0;0;0;0;0;0;0;0;0;0;0;0;0;0;0;0;0;0;0;0;0;0;0;0;0;0;0;0;0;0;0;0;0;0;0;0;0;0;0;0;0;0;0;0;0;0;0;0;0;0;0;0;0;0;0;30;31;20;45;30;30;20;45;30;32;20;45;30;30;20;45;200;142;100;300;200;140;100;300;200;141;100;300;200;140;100;300;30;31;20;45;30;30;20;45;30;31;20;45;30;30;20;45;200;145;100;300;200;144;100;300;200;227;100;300;200;228;100;300;4;2;0.4;6;4;5;0.4;6;4;2;0.4;6;4;5;0.4;6;4;2;0.4;6;4;5;0.4;6;4;3;0.4;6;4;5;0.4;6;NOK;NOK;OK;7000;7006;6500;8100;OK;4.95;0;8;12;NOK;N/A;1.5;N/A;N/A;N/A;9;11.8;7;18;OK;;0;0;0;-;Disabled;TempOk;2;230;38.2;38.4;0;0;349.9;441345100 daimler 1500 1900;441345100 daimler 1500 1900;441345100 Daimler 1500 1900
20260325_22:22:30;0;1;3;950;940.6;925;975;OK;950;951.6;925;975;OK;951.7;951.6;-20;-14.9;-50;-25;NOK;-20;-16;-50;-25;NOK;-17.5;-18.2;0;-20;-14.8;-50;-25;NOK;300;311;300;500;OK;0;0;N/A;N/A;N/A;N/A;N/A;N/A;N/A;N/A;N/A;N/A;N/A;N/A;N/A;N/A;N/A;N/A;N/A;N/A;N/A;N/A;N/A;N/A;N/A;N/A;N/A;N/A;N/A;N/A;N/A;N/A;N/A;N/A;N/A;N/A;N/A;N/A;N/A;N/A;N/A;N/A;N/A;N/A;N/A;N/A;N/A;N/A;N/A;N/A;N/A;N/A;N/A;N/A;N/A;N/A;N/A;N/A;N/A;N/A;N/A;N/A;N/A;N/A;N/A;N/A;N/A;N/A;N/A;N/A;N/A;N/A;N/A;N/A;N/A;N/A;N/A;N/A;N/A;N/A;N/A;N/A;N/A;N/A;N/A;N/A;N/A;N/A;N/A;N/A;N/A;N/A;N/A;N/A;N/A;N/A;N/A;N/A;N/A;N/A;;0;321.5;0;0;;Disabled;TempStop;2;700;324;278.9;0;0;599.9;549.9;Enabled;PosOk;2;0;0;0;0;0;15;Disabled;0;0;0;0;0;0;0;0;0;0;0;0;0;0;0;0;0;0;0;0;0;0;0;0;0;0;0;0;0;0;0;0;0;0;0;0;0;0;0;0;0;0;0;0;0;0;0;0;0;0;0;0;0;0;0;0;0;0;0;0;0;0;0;0;0;0;0;0;22;5;30;31;20;45;30;30;20;45;30;32;20;45;30;30;20;45;200;142;100;300;200;140;100;300;200;141;100;300;200;140;100;300;30;31;20;45;30;30;20;45;30;30;20;45;30;30;20;45;200;146;100;300;200;144;100;300;200;227;100;300;200;228;100;300;4;2;0.4;6;4;5;0.4;6;4;2;0.4;6;4;5;0.4;6;4;2;0.4;6;4;5;0.4;6;4;2;0.4;6;4;5;0.4;6;NOK;NOK;OK;7000;7030;6500;8100;OK;4.96;0;8;12;NOK;N/A;1.5;N/A;N/A;N/A;9;12;7;18;OK;;0;0;0;-;Disabled;TempOk;2;230;38.2;39.7;0;0;349.9;441345100 daimler 1500 1900;441345100 daimler 1500 1900;441345100 Daimler 1500 1900
20260325_22:23:06;0;3;3;950;940.4;925;975;OK;950;951.7;925;975;OK;951.6;951.5;-20;-13.4;-50;-25;NOK;-20;-13.5;-50;-25;NOK;-11.5;-12.6;0;-20;-13.3;-50;-25;NOK;300;311;300;500;OK;0;0;N/A;N/A;N/A;N/A;N/A;N/A;N/A;N/A;N/A;N/A;N/A;N/A;N/A;N/A;N/A;N/A;N/A;N/A;N/A;N/A;N/A;N/A;N/A;N/A;N/A;N/A;N/A;N/A;N/A;N/A;N/A;N/A;N/A;N/A;N/A;N/A;N/A;N/A;N/A;N/A;N/A;N/A;N/A;N/A;N/A;N/A;N/A;N/A;N/A;N/A;N/A;N/A;N/A;N/A;N/A;N/A;N/A;N/A;N/A;N/A;N/A;N/A;N/A;N/A;N/A;N/A;N/A;N/A;N/A;N/A;N/A;N/A;N/A;N/A;N/A;N/A;N/A;N/A;N/A;N/A;N/A;N/A;N/A;N/A;N/A;N/A;N/A;N/A;N/A;N/A;N/A;N/A;N/A;N/A;N/A;N/A;N/A;N/A;;0;320.2;0;0;;Disabled;TempStop;2;700;322.8;278.3;0;0;599.9;549.9;Enabled;PosOk;2;0;0;0;0;0;15;Disabled;0;0;0;0;0;0;0;0;0;0;0;0;0;0;0;0;0;0;0;0;0;0;0;0;0;0;0;0;0;0;0;0;0;0;0;0;0;0;0;0;0;0;0;0;0;0;0;0;0;0;0;0;0;0;0;0;0;0;0;0;0;0;0;0;0;0;0;0;0;0;30;31;20;45;30;30;20;45;30;31;20;45;30;30;20;45;200;142;100;300;200;140;100;300;200;141;100;300;200;141;100;300;30;31;20;45;30;30;20;45;30;30;20;45;30;30;20;45;200;145;100;300;200;144;100;300;200;227;100;300;200;228;100;300;4;2;0.4;6;4;5;0.4;6;4;2;0.4;6;4;5;0.4;6;4;2;0.4;6;4;5;0.4;6;4;2;0.4;6;4;5;0.4;6;NOK;NOK;OK;7000;7024;6500;8100;OK;4.95;0;8;12;NOK;N/A;1.5;N/A;N/A;N/A;9;11.7;7;18;OK;;0;0;0;-;Disabled;TempOk;2;230;38.4;38.4;0;0;349.9;441345100 daimler 1500 1900;441345100 daimler 1500 1900;441345100 Daimler 1500 1900
20260325_22:23:42;0;1;4;950;939.8;925;975;OK;950;951;925;975;OK;950.9;950.7;-20;-11.9;-50;-25;NOK;-20;-13;-50;-25;NOK;-15.9;-15.6;0;-20;-11.8;-50;-25;NOK;300;311;300;500;OK;0;0;N/A;N/A;N/A;N/A;N/A;N/A;N/A;N/A;N/A;N/A;N/A;N/A;N/A;N/A;N/A;N/A;N/A;N/A;N/A;N/A;N/A;N/A;N/A;N/A;N/A;N/A;N/A;N/A;N/A;N/A;N/A;N/A;N/A;N/A;N/A;N/A;N/A;N/A;N/A;N/A;N/A;N/A;N/A;N/A;N/A;N/A;N/A;N/A;N/A;N/A;N/A;N/A;N/A;N/A;N/A;N/A;N/A;N/A;N/A;N/A;N/A;N/A;N/A;N/A;N/A;N/A;N/A;N/A;N/A;N/A;N/A;N/A;N/A;N/A;N/A;N/A;N/A;N/A;N/A;N/A;N/A;N/A;N/A;N/A;N/A;N/A;N/A;N/A;N/A;N/A;N/A;N/A;N/A;N/A;N/A;N/A;N/A;N/A;;0;320.7;0;0;;Disabled;TempStop;2;700;323.6;279.6;0;0;599.9;549.9;Enabled;PosOk;2;0;0;0;0;0;15;Disabled;0;0;0;0;0;0;0;0;0;0;0;0;0;0;0;0;0;0;0;0;0;0;0;0;0;0;0;0;0;0;0;0;0;0;0;0;0;0;0;0;0;0;0;0;0;0;0;0;0;0;0;0;0;0;0;0;0;0;0;0;0;0;0;0;0;0;0;0;23;17;30;31;20;45;30;30;20;45;30;31;20;45;30;30;20;45;200;142;100;300;200;140;100;300;200;141;100;300;200;140;100;300;30;31;20;45;30;30;20;45;30;31;20;45;30;30;20;45;200;145;100;300;200;144;100;300;200;227;100;300;200;228;100;300;4;2;0.4;6;4;5;0.4;6;4;2;0.4;6;4;5;0.4;6;4;2;0.4;6;4;5;0.4;6;4;2;0.4;6;4;5;0.4;6;NOK;NOK;OK;7000;7027;6500;8100;OK;4.95;0;8;12;NOK;N/A;1.5;N/A;N/A;N/A;9;11.9;7;18;OK;;0;0;0;-;Disabled;TempOk;2;230;38.2;38.4;0;0;349.9;441345100 daimler 1500 1900;441345100 daimler 1500 1900;441345100 Daimler 1500 1900
20260325_22:24:18;0;3;4;950;940.3;925;975;OK;950;951.5;925;975;OK;951.6;951.6;-20;-11.4;-50;-25;NOK;-20;-12.6;-50;-25;NOK;-15.5;-15.2;0;-20;-11.2;-50;-25;NOK;300;311;300;500;OK;0;0;N/A;N/A;N/A;N/A;N/A;N/A;N/A;N/A;N/A;N/A;N/A;N/A;N/A;N/A;N/A;N/A;N/A;N/A;N/A;N/A;N/A;N/A;N/A;N/A;N/A;N/A;N/A;N/A;N/A;N/A;N/A;N/A;N/A;N/A;N/A;N/A;N/A;N/A;N/A;N/A;N/A;N/A;N/A;N/A;N/A;N/A;N/A;N/A;N/A;N/A;N/A;N/A;N/A;N/A;N/A;N/A;N/A;N/A;N/A;N/A;N/A;N/A;N/A;N/A;N/A;N/A;N/A;N/A;N/A;N/A;N/A;N/A;N/A;N/A;N/A;N/A;N/A;N/A;N/A;N/A;N/A;N/A;N/A;N/A;N/A;N/A;N/A;N/A;N/A;N/A;N/A;N/A;N/A;N/A;N/A;N/A;N/A;N/A;;0;319.7;0;0;;Disabled;TempStop;2;700;322.1;278.2;0;0;599.9;549.9;Enabled;PosOk;2;0;0;0;0;0;15;Disabled;0;0;0;0;0;0;0;0;0;0;0;0;0;0;0;0;0;0;0;0;0;0;0;0;0;0;0;0;0;0;0;0;0;0;0;0;0;0;0;0;0;0;0;0;0;0;0;0;0;0;0;0;0;0;0;0;0;0;0;0;0;0;0;0;0;0;0;0;0;0;30;32;20;45;30;30;20;45;30;32;20;45;30;30;20;45;200;142;100;300;200;140;100;300;200;141;100;300;200;139;100;300;30;31;20;45;30;30;20;45;30;31;20;45;30;30;20;45;200;145;100;300;200;144;100;300;200;227;100;300;200;228;100;300;4;2;0.4;6;4;5;0.4;6;4;2;0.4;6;4;5;0.4;6;4;2;0.4;6;4;5;0.4;6;4;3;0.4;6;4;5;0.4;6;NOK;NOK;OK;7000;7052;6500;8100;OK;4.96;0;8;12;NOK;N/A;1.5;N/A;N/A;N/A;9;11.8;7;18;OK;;0;0;0;-;Disabled;TempOk;2;230;38.2;38.4;0;0;349.9;441345100 daimler 1500 1900;441345100 daimler 1500 1900;441345100 Daimler 1500 1900
20260325_22:24:54;0;3;5;950;942.7;925;975;OK;950;951.3;925;975;OK;951.2;951.2;-20;-15.5;-50;-25;NOK;-20;-15.8;-50;-25;NOK;-16;-16.5;0;-20;-15.3;-50;-25;NOK;300;311;300;500;OK;0;0;N/A;N/A;N/A;N/A;N/A;N/A;N/A;N/A;N/A;N/A;N/A;N/A;N/A;N/A;N/A;N/A;N/A;N/A;N/A;N/A;N/A;N/A;N/A;N/A;N/A;N/A;N/A;N/A;N/A;N/A;N/A;N/A;N/A;N/A;N/A;N/A;N/A;N/A;N/A;N/A;N/A;N/A;N/A;N/A;N/A;N/A;N/A;N/A;N/A;N/A;N/A;N/A;N/A;N/A;N/A;N/A;N/A;N/A;N/A;N/A;N/A;N/A;N/A;N/A;N/A;N/A;N/A;N/A;N/A;N/A;N/A;N/A;N/A;N/A;N/A;N/A;N/A;N/A;N/A;N/A;N/A;N/A;N/A;N/A;N/A;N/A;N/A;N/A;N/A;N/A;N/A;N/A;N/A;N/A;N/A;N/A;N/A;N/A;;0;319.4;0;0;;Disabled;TempStop;2;700;321.7;279.1;0;0;599.9;549.9;Enabled;PosOk;2;0;0;0;0;0;15;Disabled;0;0;0;0;0;0;0;0;0;0;0;0;0;0;0;0;0;0;0;0;0;0;0;0;0;0;0;0;0;0;0;0;0;0;0;0;0;0;0;0;0;0;0;0;0;0;0;0;0;0;0;0;0;0;0;0;0;0;0;0;0;0;0;0;0;0;0;0;0;0;30;31;20;45;30;30;20;45;30;32;20;45;30;30;20;45;200;142;100;300;200;139;100;300;200;141;100;300;200;141;100;300;30;31;20;45;30;30;20;45;30;31;20;45;30;30;20;45;200;146;100;300;200;144;100;300;200;227;100;300;200;228;100;300;4;2;0.4;6;4;5;0.4;6;4;2;0.4;6;4;5;0.4;6;4;2;0.4;6;4;5;0.4;6;4;2;0.4;6;4;5;0.4;6;NOK;NOK;OK;7000;7006;6500;8100;OK;4.95;0;8;12;NOK;N/A;1.5;N/A;N/A;N/A;9;11.9;7;18;OK;;0;0;0;-;Disabled;TempOk;2;230;38.4;38.4;0;0;349.9;441345100 daimler 1500 1900;441345100 daimler 1500 1900;441345100 Daimler 1500 1900
20260325_22:26:06;0;3;1;950;940.4;925;975;OK;950;951.5;925;975;OK;951.4;951.4;-20;-13.8;-50;-25;NOK;-20;-13.4;-50;-25;NOK;-11;-12.1;0;-20;-13.9;-50;-25;NOK;300;311;300;500;OK;0;0;N/A;N/A;N/A;N/A;N/A;N/A;N/A;N/A;N/A;N/A;N/A;N/A;N/A;N/A;N/A;N/A;N/A;N/A;N/A;N/A;N/A;N/A;N/A;N/A;N/A;N/A;N/A;N/A;N/A;N/A;N/A;N/A;N/A;N/A;N/A;N/A;N/A;N/A;N/A;N/A;N/A;N/A;N/A;N/A;N/A;N/A;N/A;N/A;N/A;N/A;N/A;N/A;N/A;N/A;N/A;N/A;N/A;N/A;N/A;N/A;N/A;N/A;N/A;N/A;N/A;N/A;N/A;N/A;N/A;N/A;N/A;N/A;N/A;N/A;N/A;N/A;N/A;N/A;N/A;N/A;N/A;N/A;N/A;N/A;N/A;N/A;N/A;N/A;N/A;N/A;N/A;N/A;N/A;N/A;N/A;N/A;N/A;N/A;;0;319.9;0;0;;Disabled;TempStop;2;700;322.2;279.3;0;0;599.9;549.9;Enabled;PosOk;2;0;0;0;0;0;15;Disabled;0;0;0;0;0;0;0;0;0;0;0;0;0;0;0;0;0;0;0;0;0;0;0;0;0;0;0;0;0;0;0;0;0;0;0;0;0;0;0;0;0;0;0;0;0;0;0;0;0;0;0;0;0;0;0;0;0;0;0;0;0;0;0;0;0;0;0;0;0;0;30;31;20;45;30;29;20;45;30;31;20;45;30;29;20;45;200;142;100;300;200;140;100;300;200;141;100;300;200;140;100;300;30;30;20;45;30;29;20;45;30;30;20;45;30;30;20;45;200;145;100;300;200;144;100;300;200;227;100;300;200;229;100;300;4;2;0.4;6;4;5;0.4;6;4;2;0.4;6;4;5;0.4;6;4;2;0.4;6;4;5;0.4;6;4;2;0.4;6;4;5;0.4;6;NOK;NOK;OK;7000;7113;6500;8100;OK;4.96;0;8;12;NOK;N/A;1.5;N/A;N/A;N/A;9;12;7;18;OK;;0;0;0;-;Disabled;TempOk;2;230;38.2;38.7;0;0;349.9;441345100 daimler 1500 1900;441345100 daimler 1500 1900;441345100 Daimler 1500 1900
20260325_22:26:42;0;1;2;950;940.4;925;975;OK;950;951.4;925;975;OK;951.4;951.3;-20;-17.6;-50;-25;NOK;-20;-17.5;-50;-25;NOK;-16.9;-17;0;-20;-17.6;-50;-25;NOK;300;311;300;500;OK;0;0;N/A;N/A;N/A;N/A;N/A;N/A;N/A;N/A;N/A;N/A;N/A;N/A;N/A;N/A;N/A;N/A;N/A;N/A;N/A;N/A;N/A;N/A;N/A;N/A;N/A;N/A;N/A;N/A;N/A;N/A;N/A;N/A;N/A;N/A;N/A;N/A;N/A;N/A;N/A;N/A;N/A;N/A;N/A;N/A;N/A;N/A;N/A;N/A;N/A;N/A;N/A;N/A;N/A;N/A;N/A;N/A;N/A;N/A;N/A;N/A;N/A;N/A;N/A;N/A;N/A;N/A;N/A;N/A;N/A;N/A;N/A;N/A;N/A;N/A;N/A;N/A;N/A;N/A;N/A;N/A;N/A;N/A;N/A;N/A;N/A;N/A;N/A;N/A;N/A;N/A;N/A;N/A;N/A;N/A;N/A;N/A;N/A;N/A;;0;321.2;0;0;;Disabled;TempStop;2;700;323.6;279.7;0;0;599.9;549.9;Enabled;PosOk;2;0;0;0;0;0;15;Disabled;0;0;0;0;0;0;0;0;0;0;0;0;0;0;0;0;0;0;0;0;0;0;0;0;0;0;0;0;0;0;0;0;0;0;0;0;0;0;0;0;0;0;0;0;0;0;0;0;0;0;0;0;0;0;0;0;0;0;0;0;0;0;0;0;0;0;0;0;0;0;30;31;20;45;30;29;20;45;30;31;20;45;30;29;20;45;200;142;100;300;200;140;100;300;200;141;100;300;200;141;100;300;30;30;20;45;30;29;20;45;30;29;20;45;30;29;20;45;200;145;100;300;200;144;100;300;200;227;100;300;200;228;100;300;4;2;0.4;6;4;5;0.4;6;4;2;0.4;6;4;5;0.4;6;4;2;0.4;6;4;5;0.4;6;4;2;0.4;6;4;5;0.4;6;NOK;NOK;OK;7000;7018;6500;8100;OK;4.95;0;8;12;NOK;N/A;1.5;N/A;N/A;N/A;9;11.7;7;18;OK;;0;0;0;-;Disabled;TempOk;2;230;38.7;39.3;0;0;349.9;441345100 daimler 1500 1900;441345100 daimler 1500 1900;441345100 Daimler 1500 1900
20260325_22:27:18;0;3;2;950;940.8;925;975;OK;950;951.9;925;975;OK;952;951.8;-20;-13.6;-50;-25;NOK;-20;-14.1;-50;-25;NOK;-12.9;-14.1;0;-20;-13.4;-50;-25;NOK;300;311;300;500;OK;0;0;N/A;N/A;N/A;N/A;N/A;N/A;N/A;N/A;N/A;N/A;N/A;N/A;N/A;N/A;N/A;N/A;N/A;N/A;N/A;N/A;N/A;N/A;N/A;N/A;N/A;N/A;N/A;N/A;N/A;N/A;N/A;N/A;N/A;N/A;N/A;N/A;N/A;N/A;N/A;N/A;N/A;N/A;N/A;N/A;N/A;N/A;N/A;N/A;N/A;N/A;N/A;N/A;N/A;N/A;N/A;N/A;N/A;N/A;N/A;N/A;N/A;N/A;N/A;N/A;N/A;N/A;N/A;N/A;N/A;N/A;N/A;N/A;N/A;N/A;N/A;N/A;N/A;N/A;N/A;N/A;N/A;N/A;N/A;N/A;N/A;N/A;N/A;N/A;N/A;N/A;N/A;N/A;N/A;N/A;N/A;N/A;N/A;N/A;;0;319.9;0;0;;Disabled;TempStop;2;700;322.4;279.1;0;0;599.9;549.9;Enabled;PosOk;2;0;0;0;0;0;15;Disabled;0;0;0;0;0;0;0;0;0;0;0;0;0;0;0;0;0;0;0;0;0;0;0;0;0;0;0;0;0;0;0;0;0;0;0;0;0;0;0;0;0;0;0;0;0;0;0;0;0;0;0;0;0;0;0;0;0;0;0;0;0;0;0;0;0;0;0;0;0;0;30;30;20;45;30;29;20;45;30;31;20;45;30;29;20;45;200;142;100;300;200;140;100;300;200;141;100;300;200;140;100;300;30;30;20;45;30;29;20;45;30;30;20;45;30;29;20;45;200;145;100;300;200;144;100;300;200;227;100;300;200;228;100;300;4;2;0.4;6;4;5;0.4;6;4;2;0.4;6;4;5;0.4;6;4;2;0.4;6;4;5;0.4;6;4;2;0.4;6;4;5;0.4;6;NOK;NOK;OK;7000;7004;6500;8100;OK;4.94;0;8;12;NOK;N/A;1.5;N/A;N/A;N/A;9;11.8;7;18;OK;;0;0;0;-;Disabled;TempOk;2;230;38.7;38.9;0;0;349.9;441345100 daimler 1500 1900;441345100 daimler 1500 1900;441345100 Daimler 1500 1900
20260325_22:27:54;0;1;3;950;940.7;925;975;OK;950;951.6;925;975;OK;951.6;951.8;-20;-15.2;-50;-25;NOK;-20;-16;-50;-25;NOK;-17.4;-18.2;0;-20;-15;-50;-25;NOK;300;311;300;500;OK;0;0;N/A;N/A;N/A;N/A;N/A;N/A;N/A;N/A;N/A;N/A;N/A;N/A;N/A;N/A;N/A;N/A;N/A;N/A;N/A;N/A;N/A;N/A;N/A;N/A;N/A;N/A;N/A;N/A;N/A;N/A;N/A;N/A;N/A;N/A;N/A;N/A;N/A;N/A;N/A;N/A;N/A;N/A;N/A;N/A;N/A;N/A;N/A;N/A;N/A;N/A;N/A;N/A;N/A;N/A;N/A;N/A;N/A;N/A;N/A;N/A;N/A;N/A;N/A;N/A;N/A;N/A;N/A;N/A;N/A;N/A;N/A;N/A;N/A;N/A;N/A;N/A;N/A;N/A;N/A;N/A;N/A;N/A;N/A;N/A;N/A;N/A;N/A;N/A;N/A;N/A;N/A;N/A;N/A;N/A;N/A;N/A;N/A;N/A;;0;321.6;0;0;;Disabled;TempStop;2;700;324.1;280.9;0;0;599.9;549.9;Enabled;PosOk;2;0;0;0;0;0;15;Disabled;0;0;0;0;0;0;0;0;0;0;0;0;0;0;0;0;0;0;0;0;0;0;0;0;0;0;0;0;0;0;0;0;0;0;0;0;0;0;0;0;0;0;0;0;0;0;0;0;0;0;0;0;0;0;0;0;0;0;0;0;0;0;0;0;0;0;0;0;27;28;30;31;20;45;30;30;20;45;30;31;20;45;30;30;20;45;200;141;100;300;200;140;100;300;200;141;100;300;200;141;100;300;30;31;20;45;30;30;20;45;30;30;20;45;30;30;20;45;200;146;100;300;200;144;100;300;200;227;100;300;200;228;100;300;4;2;0.4;6;4;5;0.4;6;4;2;0.4;6;4;5;0.4;6;4;2;0.4;6;4;5;0.4;6;4;2;0.4;6;4;5;0.4;6;NOK;NOK;OK;7000;7017;6500;8100;OK;4.95;0;8;12;NOK;N/A;1.5;N/A;N/A;N/A;9;12.4;7;18;OK;;0;0;0;-;Disabled;TempOk;2;230;39.5;38.4;0;0;349.9;441345100 daimler 1500 1900;441345100 daimler 1500 1900;441345100 Daimler 1500 1900
20260325_22:28:30;0;3;3;950;941.1;925;975;OK;950;951.7;925;975;OK;951.6;951.6;-20;-13.3;-50;-25;NOK;-20;-13.4;-50;-25;NOK;-11.4;-12.5;0;-20;-13.2;-50;-25;NOK;300;311;300;500;OK;0;0;N/A;N/A;N/A;N/A;N/A;N/A;N/A;N/A;N/A;N/A;N/A;N/A;N/A;N/A;N/A;N/A;N/A;N/A;N/A;N/A;N/A;N/A;N/A;N/A;N/A;N/A;N/A;N/A;N/A;N/A;N/A;N/A;N/A;N/A;N/A;N/A;N/A;N/A;N/A;N/A;N/A;N/A;N/A;N/A;N/A;N/A;N/A;N/A;N/A;N/A;N/A;N/A;N/A;N/A;N/A;N/A;N/A;N/A;N/A;N/A;N/A;N/A;N/A;N/A;N/A;N/A;N/A;N/A;N/A;N/A;N/A;N/A;N/A;N/A;N/A;N/A;N/A;N/A;N/A;N/A;N/A;N/A;N/A;N/A;N/A;N/A;N/A;N/A;N/A;N/A;N/A;N/A;N/A;N/A;N/A;N/A;N/A;N/A;;0;320;0;0;;Disabled;TempStop;2;700;322.7;280;0;0;599.9;549.9;Enabled;PosOk;2;0;0;0;0;0;15;Disabled;0;0;0;0;0;0;0;0;0;0;0;0;0;0;0;0;0;0;0;0;0;0;0;0;0;0;0;0;0;0;0;0;0;0;0;0;0;0;0;0;0;0;0;0;0;0;0;0;0;0;0;0;0;0;0;0;0;0;0;0;0;0;0;0;0;0;0;0;0;0;30;31;20;45;30;30;20;45;30;31;20;45;30;30;20;45;200;142;100;300;200;140;100;300;200;141;100;300;200;140;100;300;30;31;20;45;30;30;20;45;30;30;20;45;30;30;20;45;200;146;100;300;200;144;100;300;200;227;100;300;200;228;100;300;4;2;0.4;6;4;5;0.4;6;4;2;0.4;6;4;5;0.4;6;4;2;0.4;6;4;5;0.4;6;4;2;0.4;6;4;5;0.4;6;NOK;NOK;OK;7000;7025;6500;8100;OK;4.95;0;8;12;NOK;N/A;1.5;N/A;N/A;N/A;9;11.7;7;18;OK;;0;0;0;-;Disabled;TempOk;2;230;38.7;39.1;0;0;349.9;441345100 daimler 1500 1900;441345100 daimler 1500 1900;441345100 Daimler 1500 1900
20260325_22:29:06;0;1;4;950;938.7;925;975;OK;950;951;925;975;OK;950.9;950.7;-20;-12.1;-50;-25;NOK;-20;-13;-50;-25;NOK;-15.8;-15.6;0;-20;-12;-50;-25;NOK;300;311;300;500;OK;0;0;N/A;N/A;N/A;N/A;N/A;N/A;N/A;N/A;N/A;N/A;N/A;N/A;N/A;N/A;N/A;N/A;N/A;N/A;N/A;N/A;N/A;N/A;N/A;N/A;N/A;N/A;N/A;N/A;N/A;N/A;N/A;N/A;N/A;N/A;N/A;N/A;N/A;N/A;N/A;N/A;N/A;N/A;N/A;N/A;N/A;N/A;N/A;N/A;N/A;N/A;N/A;N/A;N/A;N/A;N/A;N/A;N/A;N/A;N/A;N/A;N/A;N/A;N/A;N/A;N/A;N/A;N/A;N/A;N/A;N/A;N/A;N/A;N/A;N/A;N/A;N/A;N/A;N/A;N/A;N/A;N/A;N/A;N/A;N/A;N/A;N/A;N/A;N/A;N/A;N/A;N/A;N/A;N/A;N/A;N/A;N/A;N/A;N/A;;0;320.3;0;0;;Disabled;TempStop;2;700;322.4;280.8;0;0;599.9;549.9;Enabled;PosOk;2;0;0;0;0;0;15;Disabled;0;0;0;0;0;0;0;0;0;0;0;0;0;0;0;0;0;0;0;0;0;0;0;0;0;0;0;0;0;0;0;0;0;0;0;0;0;0;0;0;0;0;0;0;0;0;0;0;0;0;0;0;0;0;0;0;0;0;0;0;0;0;0;0;0;0;0;0;28;40;30;31;20;45;30;30;20;45;30;31;20;45;30;30;20;45;200;142;100;300;200;140;100;300;200;141;100;300;200;141;100;300;30;31;20;45;30;30;20;45;30;31;20;45;30;30;20;45;200;145;100;300;200;144;100;300;200;226;100;300;200;227;100;300;4;2;0.4;6;4;5;0.4;6;4;2;0.4;6;4;5;0.4;6;4;2;0.4;6;4;5;0.4;6;4;2;0.4;6;4;5;0.4;6;NOK;NOK;OK;7000;7000;6500;8100;OK;4.95;0;8;12;NOK;N/A;1.5;N/A;N/A;N/A;9;11.9;7;18;OK;;0;0;0;-;Disabled;TempOk;2;230;38.7;39.3;0;0;349.9;441345100 daimler 1500 1900;441345100 daimler 1500 1900;441345100 Daimler 1500 1900
20260325_22:29:42;0;3;4;950;940.4;925;975;OK;950;951.5;925;975;OK;951.5;951.7;-20;-11.6;-50;-25;NOK;-20;-12.6;-50;-25;NOK;-15.5;-15.1;0;-20;-11.3;-50;-25;NOK;300;311;300;500;OK;0;0;N/A;N/A;N/A;N/A;N/A;N/A;N/A;N/A;N/A;N/A;N/A;N/A;N/A;N/A;N/A;N/A;N/A;N/A;N/A;N/A;N/A;N/A;N/A;N/A;N/A;N/A;N/A;N/A;N/A;N/A;N/A;N/A;N/A;N/A;N/A;N/A;N/A;N/A;N/A;N/A;N/A;N/A;N/A;N/A;N/A;N/A;N/A;N/A;N/A;N/A;N/A;N/A;N/A;N/A;N/A;N/A;N/A;N/A;N/A;N/A;N/A;N/A;N/A;N/A;N/A;N/A;N/A;N/A;N/A;N/A;N/A;N/A;N/A;N/A;N/A;N/A;N/A;N/A;N/A;N/A;N/A;N/A;N/A;N/A;N/A;N/A;N/A;N/A;N/A;N/A;N/A;N/A;N/A;N/A;N/A;N/A;N/A;N/A;;0;319.7;0;0;;Disabled;TempStop;2;700;322.7;278.6;0;0;599.9;549.9;Enabled;PosOk;2;0;0;0;0;0;15;Disabled;0;0;0;0;0;0;0;0;0;0;0;0;0;0;0;0;0;0;0;0;0;0;0;0;0;0;0;0;0;0;0;0;0;0;0;0;0;0;0;0;0;0;0;0;0;0;0;0;0;0;0;0;0;0;0;0;0;0;0;0;0;0;0;0;0;0;0;0;0;0;30;31;20;45;30;30;20;45;30;32;20;45;30;30;20;45;200;142;100;300;200;140;100;300;200;141;100;300;200;141;100;300;30;31;20;45;30;30;20;45;30;31;20;45;30;30;20;45;200;145;100;300;200;144;100;300;200;226;100;300;200;227;100;300;4;2;0.4;6;4;5;0.4;6;4;2;0.4;6;4;5;0.4;6;4;2;0.4;6;4;5;0.4;6;4;2;0.4;6;4;5;0.4;6;NOK;NOK;OK;7000;6992;6500;8100;OK;4.95;0;8;12;NOK;N/A;1.5;N/A;N/A;N/A;9;12;7;18;OK;;0;0;0;-;Disabled;TempOk;2;230;38.7;38.9;0;0;349.9;441345100 daimler 1500 1900;441345100 daimler 1500 1900;441345100 Daimler 1500 1900
20260325_22:30:18;0;3;5;950;943.4;925;975;OK;950;951.3;925;975;OK;951.2;951.2;-20;-15.4;-50;-25;NOK;-20;-15.7;-50;-25;NOK;-16;-16.5;0;-20;-15.2;-50;-25;NOK;300;311;300;500;OK;0;0;N/A;N/A;N/A;N/A;N/A;N/A;N/A;N/A;N/A;N/A;N/A;N/A;N/A;N/A;N/A;N/A;N/A;N/A;N/A;N/A;N/A;N/A;N/A;N/A;N/A;N/A;N/A;N/A;N/A;N/A;N/A;N/A;N/A;N/A;N/A;N/A;N/A;N/A;N/A;N/A;N/A;N/A;N/A;N/A;N/A;N/A;N/A;N/A;N/A;N/A;N/A;N/A;N/A;N/A;N/A;N/A;N/A;N/A;N/A;N/A;N/A;N/A;N/A;N/A;N/A;N/A;N/A;N/A;N/A;N/A;N/A;N/A;N/A;N/A;N/A;N/A;N/A;N/A;N/A;N/A;N/A;N/A;N/A;N/A;N/A;N/A;N/A;N/A;N/A;N/A;N/A;N/A;N/A;N/A;N/A;N/A;N/A;N/A;;0;319.5;0;0;;Disabled;TempStop;2;700;322.4;279.7;0;0;599.9;549.9;Enabled;PosOk;2;0;0;0;0;0;15;Disabled;0;0;0;0;0;0;0;0;0;0;0;0;0;0;0;0;0;0;0;0;0;0;0;0;0;0;0;0;0;0;0;0;0;0;0;0;0;0;0;0;0;0;0;0;0;0;0;0;0;0;0;0;0;0;0;0;0;0;0;0;0;0;0;0;0;0;0;0;0;0;30;32;20;45;30;30;20;45;30;32;20;45;30;30;20;45;200;142;100;300;200;140;100;300;200;141;100;300;200;140;100;300;30;31;20;45;30;30;20;45;30;31;20;45;30;30;20;45;200;146;100;300;200;144;100;300;200;226;100;300;200;227;100;300;4;2;0.4;6;4;5;0.4;6;4;2;0.4;6;4;5;0.4;6;4;2;0.4;6;4;5;0.4;6;4;2;0.4;6;4;5;0.4;6;NOK;NOK;OK;7000;7019;6500;8100;OK;4.95;0;8;12;NOK;N/A;1.5;N/A;N/A;N/A;9;11.7;7;18;OK;;0;0;0;-;Disabled;TempOk;2;230;38.2;38.7;0;0;349.9;441345100 daimler 1500 1900;441345100 daimler 1500 1900;441345100 Daimler 1500 1900
20260325_22:33:17;0;3;1;950;940.3;925;975;OK;950;947.9;925;975;OK;949;948.6;-20;-13.8;-50;-25;NOK;-20;-16.6;-50;-25;NOK;-10.9;-12.1;0;-20;-13.8;-50;-25;NOK;300;418;300;500;OK;0;0;N/A;N/A;N/A;N/A;N/A;N/A;N/A;N/A;N/A;N/A;N/A;N/A;N/A;N/A;N/A;N/A;N/A;N/A;N/A;N/A;N/A;N/A;N/A;N/A;N/A;N/A;N/A;N/A;N/A;N/A;N/A;N/A;N/A;N/A;N/A;N/A;N/A;N/A;N/A;N/A;N/A;N/A;N/A;N/A;N/A;N/A;N/A;N/A;N/A;N/A;N/A;N/A;N/A;N/A;N/A;N/A;N/A;N/A;N/A;N/A;N/A;N/A;N/A;N/A;N/A;N/A;N/A;N/A;N/A;N/A;N/A;N/A;N/A;N/A;N/A;N/A;N/A;N/A;N/A;N/A;N/A;N/A;N/A;N/A;N/A;N/A;N/A;N/A;N/A;N/A;N/A;N/A;N/A;N/A;N/A;N/A;N/A;N/A;;0;318.4;0;0;;Disabled;TempStop;2;700;320.7;276.8;0;0;599.9;549.9;Enabled;PosOk;2;0;0;0;0;0;15;Disabled;0;0;0;0;0;0;0;0;0;0;0;0;0;0;0;0;0;0;0;0;0;0;0;0;0;0;0;0;0;0;0;0;0;0;0;0;0;0;0;0;0;0;0;0;0;0;0;0;0;0;0;0;0;0;0;0;0;0;0;0;0;0;0;0;0;0;0;0;0;0;30;30;20;45;30;30;20;45;30;30;20;45;30;30;20;45;200;142;100;300;200;140;100;300;200;141;100;300;200;141;100;300;30;30;20;45;30;30;20;45;30;30;20;45;30;30;20;45;200;145;100;300;200;144;100;300;200;226;100;300;200;227;100;300;4;2;0.4;6;4;5;0.4;6;4;2;0.4;6;4;5;0.4;6;4;2;0.4;6;4;5;0.4;6;4;2;0.4;6;4;5;0.4;6;NOK;NOK;OK;7000;7091;6500;8100;OK;4.94;0;8;12;NOK;N/A;1.5;N/A;N/A;N/A;9;12.5;7;18;OK;;0;0;0;-;Disabled;TempOk;2;230;38.2;38.7;0;0;349.9;441345100 daimler 1500 1900;441345100 daimler 1500 1900;441345100 Daimler 1500 1900
20260325_22:33:53;0;1;2;950;940.5;925;975;OK;950;951.4;925;975;OK;951.4;951.5;-20;-17.6;-50;-25;NOK;-20;-18.5;-50;-25;NOK;-17.1;-17.1;0;-20;-17.6;-50;-25;NOK;300;419;300;500;OK;0;0;N/A;N/A;N/A;N/A;N/A;N/A;N/A;N/A;N/A;N/A;N/A;N/A;N/A;N/A;N/A;N/A;N/A;N/A;N/A;N/A;N/A;N/A;N/A;N/A;N/A;N/A;N/A;N/A;N/A;N/A;N/A;N/A;N/A;N/A;N/A;N/A;N/A;N/A;N/A;N/A;N/A;N/A;N/A;N/A;N/A;N/A;N/A;N/A;N/A;N/A;N/A;N/A;N/A;N/A;N/A;N/A;N/A;N/A;N/A;N/A;N/A;N/A;N/A;N/A;N/A;N/A;N/A;N/A;N/A;N/A;N/A;N/A;N/A;N/A;N/A;N/A;N/A;N/A;N/A;N/A;N/A;N/A;N/A;N/A;N/A;N/A;N/A;N/A;N/A;N/A;N/A;N/A;N/A;N/A;N/A;N/A;N/A;N/A;;0;320.6;0;0;;Disabled;TempStop;2;700;323;279.6;0;0;599.9;549.9;Enabled;PosOk;2;0;0;0;0;0;15;Disabled;0;0;0;0;0;0;0;0;0;0;0;0;0;0;0;0;0;0;0;0;0;0;0;0;0;0;0;0;0;0;0;0;0;0;0;0;0;0;0;0;0;0;0;0;0;0;0;0;0;0;0;0;0;0;0;0;0;0;0;0;0;0;0;0;0;0;0;0;0;0;30;31;20;45;30;30;20;45;30;31;20;45;30;30;20;45;200;142;100;300;200;140;100;300;200;141;100;300;200;141;100;300;30;31;20;45;30;30;20;45;30;31;20;45;30;30;20;45;200;146;100;300;200;144;100;300;200;226;100;300;200;227;100;300;4;2;0.4;6;4;5;0.4;6;4;2;0.4;6;4;5;0.4;6;4;2;0.4;6;4;5;0.4;6;4;2;0.4;6;4;5;0.4;6;NOK;NOK;OK;7000;7047;6500;8100;OK;4.94;0;8;12;NOK;N/A;1.5;N/A;N/A;N/A;9;11.7;7;18;OK;;0;0;0;-;Disabled;TempOk;2;230;37.7;37.9;0;0;349.9;441345100 daimler 1500 1900;441345100 daimler 1500 1900;441345100 Daimler 1500 1900
20260325_22:34:29;0;3;2;950;940.4;925;975;OK;950;951.9;925;975;OK;951.9;951.9;-20;-13.6;-50;-25;NOK;-20;-16.7;-50;-25;NOK;-12.9;-14;0;-20;-13.4;-50;-25;NOK;300;418;300;500;OK;0;0;N/A;N/A;N/A;N/A;N/A;N/A;N/A;N/A;N/A;N/A;N/A;N/A;N/A;N/A;N/A;N/A;N/A;N/A;N/A;N/A;N/A;N/A;N/A;N/A;N/A;N/A;N/A;N/A;N/A;N/A;N/A;N/A;N/A;N/A;N/A;N/A;N/A;N/A;N/A;N/A;N/A;N/A;N/A;N/A;N/A;N/A;N/A;N/A;N/A;N/A;N/A;N/A;N/A;N/A;N/A;N/A;N/A;N/A;N/A;N/A;N/A;N/A;N/A;N/A;N/A;N/A;N/A;N/A;N/A;N/A;N/A;N/A;N/A;N/A;N/A;N/A;N/A;N/A;N/A;N/A;N/A;N/A;N/A;N/A;N/A;N/A;N/A;N/A;N/A;N/A;N/A;N/A;N/A;N/A;N/A;N/A;N/A;N/A;;0;318.8;0;0;;Disabled;TempStop;2;700;321.4;277.4;0;0;599.9;549.9;Enabled;PosOk;2;0;0;0;0;0;15;Disabled;0;0;0;0;0;0;0;0;0;0;0;0;0;0;0;0;0;0;0;0;0;0;0;0;0;0;0;0;0;0;0;0;0;0;0;0;0;0;0;0;0;0;0;0;0;0;0;0;0;0;0;0;0;0;0;0;0;0;0;0;0;0;0;0;0;0;0;0;0;0;30;31;20;45;30;29;20;45;30;31;20;45;30;29;20;45;200;142;100;300;200;141;100;300;200;141;100;300;200;141;100;300;30;30;20;45;30;29;20;45;30;30;20;45;30;29;20;45;200;145;100;300;200;145;100;300;200;226;100;300;200;228;100;300;4;2;0.4;6;4;5;0.4;6;4;2;0.4;6;4;5;0.4;6;4;2;0.4;6;4;5;0.4;6;4;2;0.4;6;4;5;0.4;6;NOK;NOK;OK;7000;7088;6500;8100;OK;4.94;0;8;12;NOK;N/A;1.5;N/A;N/A;N/A;9;12;7;18;OK;;0;0;0;-;Disabled;TempOk;2;230;37.7;38.2;0;0;349.9;441345100 daimler 1500 1900;441345100 daimler 1500 1900;441345100 Daimler 1500 1900
20260325_22:35:05;0;1;3;950;941;925;975;OK;950;951.8;925;975;OK;951.7;951.6;-20;-15;-50;-25;NOK;-20;-17.2;-50;-25;NOK;-17.4;-17.9;0;-20;-14.9;-50;-25;NOK;300;419;300;500;OK;0;0;N/A;N/A;N/A;N/A;N/A;N/A;N/A;N/A;N/A;N/A;N/A;N/A;N/A;N/A;N/A;N/A;N/A;N/A;N/A;N/A;N/A;N/A;N/A;N/A;N/A;N/A;N/A;N/A;N/A;N/A;N/A;N/A;N/A;N/A;N/A;N/A;N/A;N/A;N/A;N/A;N/A;N/A;N/A;N/A;N/A;N/A;N/A;N/A;N/A;N/A;N/A;N/A;N/A;N/A;N/A;N/A;N/A;N/A;N/A;N/A;N/A;N/A;N/A;N/A;N/A;N/A;N/A;N/A;N/A;N/A;N/A;N/A;N/A;N/A;N/A;N/A;N/A;N/A;N/A;N/A;N/A;N/A;N/A;N/A;N/A;N/A;N/A;N/A;N/A;N/A;N/A;N/A;N/A;N/A;N/A;N/A;N/A;N/A;;0;320.8;0;0;;Disabled;TempStop;2;700;323.2;278.2;0;0;599.9;549.9;Enabled;PosOk;2;0;0;0;0;0;15;Disabled;0;0;0;0;0;0;0;0;0;0;0;0;0;0;0;0;0;0;0;0;0;0;0;0;0;0;0;0;0;0;0;0;0;0;0;0;0;0;0;0;0;0;0;0;0;0;0;0;0;0;0;0;0;0;0;0;0;0;0;0;0;0;0;0;0;0;0;0;34;39;30;30;20;45;30;29;20;45;30;31;20;45;30;29;20;45;200;142;100;300;200;140;100;300;200;141;100;300;200;141;100;300;30;30;20;45;30;29;20;45;30;30;20;45;30;29;20;45;200;146;100;300;200;144;100;300;200;226;100;300;200;227;100;300;4;2;0.4;6;4;5;0.4;6;4;2;0.4;6;4;5;0.4;6;4;2;0.4;6;4;5;0.4;6;4;2;0.4;6;4;5;0.4;6;NOK;NOK;OK;7000;7015;6500;8100;OK;4.95;0;8;12;NOK;N/A;1.5;N/A;N/A;N/A;9;11.8;7;18;OK;;0;0;0;-;Disabled;TempOk;2;230;38.2;38.2;0;0;349.9;441345100 daimler 1500 1900;441345100 daimler 1500 1900;441345100 Daimler 1500 1900
20260325_22:35:41;0;3;3;950;940.3;925;975;OK;950;951.5;925;975;OK;951.6;951.7;-20;-13.2;-50;-25;NOK;-20;-16.3;-50;-25;NOK;-11.4;-12.7;0;-20;-13.2;-50;-25;NOK;300;418;300;500;OK;0;0;N/A;N/A;N/A;N/A;N/A;N/A;N/A;N/A;N/A;N/A;N/A;N/A;N/A;N/A;N/A;N/A;N/A;N/A;N/A;N/A;N/A;N/A;N/A;N/A;N/A;N/A;N/A;N/A;N/A;N/A;N/A;N/A;N/A;N/A;N/A;N/A;N/A;N/A;N/A;N/A;N/A;N/A;N/A;N/A;N/A;N/A;N/A;N/A;N/A;N/A;N/A;N/A;N/A;N/A;N/A;N/A;N/A;N/A;N/A;N/A;N/A;N/A;N/A;N/A;N/A;N/A;N/A;N/A;N/A;N/A;N/A;N/A;N/A;N/A;N/A;N/A;N/A;N/A;N/A;N/A;N/A;N/A;N/A;N/A;N/A;N/A;N/A;N/A;N/A;N/A;N/A;N/A;N/A;N/A;N/A;N/A;N/A;N/A;;0;319.4;0;0;;Disabled;TempStop;2;700;321.8;277.7;0;0;599.9;549.9;Enabled;PosOk;2;0;0;0;0;0;15;Disabled;0;0;0;0;0;0;0;0;0;0;0;0;0;0;0;0;0;0;0;0;0;0;0;0;0;0;0;0;0;0;0;0;0;0;0;0;0;0;0;0;0;0;0;0;0;0;0;0;0;0;0;0;0;0;0;0;0;0;0;0;0;0;0;0;0;0;0;0;0;0;30;31;20;45;30;29;20;45;30;31;20;45;30;29;20;45;200;142;100;300;200;140;100;300;200;141;100;300;200;140;100;300;30;30;20;45;30;29;20;45;30;30;20;45;30;29;20;45;200;146;100;300;200;144;100;300;200;226;100;300;200;227;100;300;4;2;0.4;6;4;5;0.4;6;4;2;0.4;6;4;5;0.4;6;4;2;0.4;6;4;5;0.4;6;4;3;0.4;6;4;5;0.4;6;NOK;NOK;OK;7000;6994;6500;8100;OK;4.95;0;8;12;NOK;N/A;1.5;N/A;N/A;N/A;9;12.1;7;18;OK;;0;0;0;-;Disabled;TempOk;2;230;38.2;38.4;0;0;349.9;441345100 daimler 1500 1900;441345100 daimler 1500 1900;441345100 Daimler 1500 1900
20260325_22:38:40;18264;3;1;950;936.8;925;975;OK;950;939.6;925;975;OK;938.7;939.1;-20;-16.8;-50;-25;NOK;-20;-13.9;-50;-25;NOK;-11.5;-12.6;0;-20;-16.9;-50;-25;NOK;300;311;300;500;OK;0;0;N/A;N/A;N/A;N/A;N/A;N/A;N/A;N/A;N/A;N/A;N/A;N/A;N/A;N/A;N/A;N/A;N/A;N/A;N/A;N/A;N/A;N/A;N/A;N/A;N/A;N/A;N/A;N/A;N/A;N/A;N/A;N/A;N/A;N/A;N/A;N/A;N/A;N/A;N/A;N/A;N/A;N/A;N/A;N/A;N/A;N/A;N/A;N/A;N/A;N/A;N/A;N/A;N/A;N/A;N/A;N/A;N/A;N/A;N/A;N/A;N/A;N/A;N/A;N/A;N/A;N/A;N/A;N/A;N/A;N/A;N/A;N/A;N/A;N/A;N/A;N/A;N/A;N/A;N/A;N/A;N/A;N/A;N/A;N/A;N/A;N/A;N/A;N/A;N/A;N/A;N/A;N/A;N/A;N/A;N/A;N/A;N/A;N/A;;0;318.6;0;0;;Disabled;TempStop;2;700;320.6;277.2;0;0;599.9;549.9;Enabled;PosOk;2;0;0;0;0;0;15;Disabled;0;0;0;0;0;0;0;0;0;0;0;0;0;0;0;0;0;0;0;0;0;0;0;0;0;0;0;0;0;0;0;0;0;0;0;0;0;0;0;0;0;0;0;0;0;0;0;0;0;0;0;0;0;0;0;0;0;0;0;0;0;0;0;0;0;0;0;0;0;0;30;30;20;45;30;30;20;45;30;30;20;45;30;30;20;45;200;142;100;300;200;140;100;300;200;141;100;300;200;141;100;300;30;30;20;45;30;30;20;45;30;30;20;45;30;30;20;45;200;145;100;300;200;144;100;300;200;226;100;300;200;227;100;300;4;2;0.4;6;4;5;0.4;6;4;2;0.4;6;4;5;0.4;6;4;2;0.4;6;4;5;0.4;6;4;2;0.4;6;4;5;0.4;6;NOK;NOK;OK;7000;7102;6500;8100;OK;4.95;0;8;12;NOK;N/A;1.5;N/A;N/A;N/A;9;11.9;7;18;OK;;0;0;0;-;Disabled;TempOk;2;230;37.9;38.2;0;0;349.9;441345100 daimler 1500 1900;441345100 daimler 1500 1900;441345100 Daimler 1500 1900
20260325_22:39:16;18265;1;2;950;940.6;925;975;OK;950;951.4;925;975;OK;951.4;951.3;-20;-18.7;-50;-25;NOK;-20;-18.2;-50;-25;NOK;-17.5;-17.6;0;-20;-18.7;-50;-25;NOK;300;311;300;500;OK;0;0;N/A;N/A;N/A;N/A;N/A;N/A;N/A;N/A;N/A;N/A;N/A;N/A;N/A;N/A;N/A;N/A;N/A;N/A;N/A;N/A;N/A;N/A;N/A;N/A;N/A;N/A;N/A;N/A;N/A;N/A;N/A;N/A;N/A;N/A;N/A;N/A;N/A;N/A;N/A;N/A;N/A;N/A;N/A;N/A;N/A;N/A;N/A;N/A;N/A;N/A;N/A;N/A;N/A;N/A;N/A;N/A;N/A;N/A;N/A;N/A;N/A;N/A;N/A;N/A;N/A;N/A;N/A;N/A;N/A;N/A;N/A;N/A;N/A;N/A;N/A;N/A;N/A;N/A;N/A;N/A;N/A;N/A;N/A;N/A;N/A;N/A;N/A;N/A;N/A;N/A;N/A;N/A;N/A;N/A;N/A;N/A;N/A;N/A;;0;321.4;0;0;;Disabled;TempStop;2;700;323.9;279.9;0;0;599.9;549.9;Enabled;PosOk;2;0;0;0;0;0;15;Disabled;0;0;0;0;0;0;0;0;0;0;0;0;0;0;0;0;0;0;0;0;0;0;0;0;0;0;0;0;0;0;0;0;0;0;0;0;0;0;0;0;0;0;0;0;0;0;0;0;0;0;0;0;0;0;0;0;0;0;0;0;0;0;0;0;0;0;0;0;0;0;30;31;20;45;30;30;20;45;30;31;20;45;30;30;20;45;200;142;100;300;200;140;100;300;200;141;100;300;200;141;100;300;30;31;20;45;30;30;20;45;30;31;20;45;30;30;20;45;200;146;100;300;200;144;100;300;200;226;100;300;200;227;100;300;4;2;0.4;6;4;5;0.4;6;4;2;0.4;6;4;5;0.4;6;4;2;0.4;6;4;5;0.4;6;4;2;0.4;6;4;5;0.4;6;NOK;NOK;OK;7000;7022;6500;8100;OK;4.95;0;8;12;NOK;N/A;1.5;N/A;N/A;N/A;9;12.4;7;18;OK;;0;0;0;-;Disabled;TempOk;2;230;38.2;38.4;0;0;349.9;441345100 daimler 1500 1900;441345100 daimler 1500 1900;441345100 Daimler 1500 1900
20260325_22:39:52;0;3;2;950;941;925;975;OK;950;951.8;925;975;OK;951.8;951.8;-20;-15.8;-50;-25;NOK;-20;-14.5;-50;-25;NOK;-13.2;-14.4;0;-20;-15.7;-50;-25;NOK;300;311;300;500;OK;0;0;N/A;N/A;N/A;N/A;N/A;N/A;N/A;N/A;N/A;N/A;N/A;N/A;N/A;N/A;N/A;N/A;N/A;N/A;N/A;N/A;N/A;N/A;N/A;N/A;N/A;N/A;N/A;N/A;N/A;N/A;N/A;N/A;N/A;N/A;N/A;N/A;N/A;N/A;N/A;N/A;N/A;N/A;N/A;N/A;N/A;N/A;N/A;N/A;N/A;N/A;N/A;N/A;N/A;N/A;N/A;N/A;N/A;N/A;N/A;N/A;N/A;N/A;N/A;N/A;N/A;N/A;N/A;N/A;N/A;N/A;N/A;N/A;N/A;N/A;N/A;N/A;N/A;N/A;N/A;N/A;N/A;N/A;N/A;N/A;N/A;N/A;N/A;N/A;N/A;N/A;N/A;N/A;N/A;N/A;N/A;N/A;N/A;N/A;;0;319.8;0;0;;Disabled;TempStop;2;700;322.4;277.7;0;0;599.9;549.9;Enabled;PosOk;2;0;0;0;0;0;15;Disabled;0;0;0;0;0;0;0;0;0;0;0;0;0;0;0;0;0;0;0;0;0;0;0;0;0;0;0;0;0;0;0;0;0;0;0;0;0;0;0;0;0;0;0;0;0;0;0;0;0;0;0;0;0;0;0;0;0;0;0;0;0;0;0;0;0;0;0;0;0;0;30;31;20;45;30;30;20;45;30;31;20;45;30;30;20;45;200;142;100;300;200;140;100;300;200;141;100;300;200;141;100;300;30;31;20;45;30;30;20;45;30;31;20;45;30;30;20;45;200;146;100;300;200;144;100;300;200;226;100;300;200;226;100;300;4;2;0.4;6;4;5;0.4;6;4;2;0.4;6;4;5;0.4;6;4;2;0.4;6;4;5;0.4;6;4;2;0.4;6;4;5;0.4;6;NOK;NOK;OK;7000;7011;6500;8100;OK;4.94;0;8;12;NOK;N/A;1.5;N/A;N/A;N/A;9;11.8;7;18;OK;;0;0;0;-;Disabled;TempOk;2;230;37.7;38.2;0;0;349.9;441345100 daimler 1500 1900;441345100 daimler 1500 1900;441345100 Daimler 1500 1900
20260325_22:40:28;0;1;3;950;940.9;925;975;OK;950;951.7;925;975;OK;951.7;951.7;-20;-16.1;-50;-25;NOK;-20;-16.4;-50;-25;NOK;-18.3;-18.9;0;-20;-15.9;-50;-25;NOK;300;311;300;500;OK;0;0;N/A;N/A;N/A;N/A;N/A;N/A;N/A;N/A;N/A;N/A;N/A;N/A;N/A;N/A;N/A;N/A;N/A;N/A;N/A;N/A;N/A;N/A;N/A;N/A;N/A;N/A;N/A;N/A;N/A;N/A;N/A;N/A;N/A;N/A;N/A;N/A;N/A;N/A;N/A;N/A;N/A;N/A;N/A;N/A;N/A;N/A;N/A;N/A;N/A;N/A;N/A;N/A;N/A;N/A;N/A;N/A;N/A;N/A;N/A;N/A;N/A;N/A;N/A;N/A;N/A;N/A;N/A;N/A;N/A;N/A;N/A;N/A;N/A;N/A;N/A;N/A;N/A;N/A;N/A;N/A;N/A;N/A;N/A;N/A;N/A;N/A;N/A;N/A;N/A;N/A;N/A;N/A;N/A;N/A;N/A;N/A;N/A;N/A;;0;321.4;0;0;;Disabled;TempStop;2;700;324;280.4;0;0;599.9;549.9;Enabled;PosOk;2;0;0;0;0;0;15;Disabled;0;0;0;0;0;0;0;0;0;0;0;0;0;0;0;0;0;0;0;0;0;0;0;0;0;0;0;0;0;0;0;0;0;0;0;0;0;0;0;0;0;0;0;0;0;0;0;0;0;0;0;0;0;0;0;0;0;0;0;0;0;0;0;0;0;0;0;0;40;2;30;32;20;45;30;30;20;45;30;32;20;45;30;30;20;45;200;143;100;300;200;140;100;300;200;141;100;300;200;141;100;300;30;31;20;45;30;30;20;45;30;31;20;45;30;30;20;45;200;145;100;300;200;145;100;300;200;226;100;300;200;226;100;300;4;2;0.4;6;4;5;0.4;6;4;2;0.4;6;4;5;0.4;6;4;2;0.4;6;4;5;0.4;6;4;2;0.4;6;4;5;0.4;6;NOK;NOK;OK;7000;7026;6500;8100;OK;4.95;0;8;12;NOK;N/A;1.5;N/A;N/A;N/A;9;11.9;7;18;OK;;0;0;0;-;Disabled;TempOk;2;230;37.7;38.2;0;0;349.9;441345100 daimler 1500 1900;441345100 daimler 1500 1900;441345100 Daimler 1500 1900
20260325_22:41:04;0;3;3;950;941;925;975;OK;950;951.6;925;975;OK;951.5;951.6;-20;-15.9;-50;-25;NOK;-20;-13.8;-50;-25;NOK;-11.8;-12.9;0;-20;-15.9;-50;-25;NOK;300;311;300;500;OK;0;0;N/A;N/A;N/A;N/A;N/A;N/A;N/A;N/A;N/A;N/A;N/A;N/A;N/A;N/A;N/A;N/A;N/A;N/A;N/A;N/A;N/A;N/A;N/A;N/A;N/A;N/A;N/A;N/A;N/A;N/A;N/A;N/A;N/A;N/A;N/A;N/A;N/A;N/A;N/A;N/A;N/A;N/A;N/A;N/A;N/A;N/A;N/A;N/A;N/A;N/A;N/A;N/A;N/A;N/A;N/A;N/A;N/A;N/A;N/A;N/A;N/A;N/A;N/A;N/A;N/A;N/A;N/A;N/A;N/A;N/A;N/A;N/A;N/A;N/A;N/A;N/A;N/A;N/A;N/A;N/A;N/A;N/A;N/A;N/A;N/A;N/A;N/A;N/A;N/A;N/A;N/A;N/A;N/A;N/A;N/A;N/A;N/A;N/A;;0;319.8;0;0;;Disabled;TempStop;2;700;322.3;278;0;0;599.9;549.9;Enabled;PosOk;2;0;0;0;0;0;15;Disabled;0;0;0;0;0;0;0;0;0;0;0;0;0;0;0;0;0;0;0;0;0;0;0;0;0;0;0;0;0;0;0;0;0;0;0;0;0;0;0;0;0;0;0;0;0;0;0;0;0;0;0;0;0;0;0;0;0;0;0;0;0;0;0;0;0;0;0;0;0;0;30;31;20;45;30;30;20;45;30;32;20;45;30;30;20;45;200;142;100;300;200;141;100;300;200;141;100;300;200;141;100;300;30;31;20;45;30;30;20;45;30;31;20;45;30;30;20;45;200;146;100;300;200;144;100;300;200;225;100;300;200;227;100;300;4;2;0.4;6;4;5;0.4;6;4;2;0.4;6;4;5;0.4;6;4;2;0.4;6;4;5;0.4;6;4;2;0.4;6;4;5;0.4;6;NOK;NOK;OK;7000;7019;6500;8100;OK;4.95;0;8;12;NOK;N/A;1.5;N/A;N/A;N/A;9;11.8;7;18;OK;;0;0;0;-;Disabled;TempOk;2;230;37.9;38.7;0;0;349.9;441345100 daimler 1500 1900;441345100 daimler 1500 1900;441345100 Daimler 1500 1900
20260325_22:41:40;0;1;4;950;946.5;925;975;OK;950;950.9;925;975;OK;950.8;951;-20;-15.3;-50;-25;NOK;-20;-13.7;-50;-25;NOK;-17.6;-17.3;0;-20;-15;-50;-25;NOK;300;331;300;500;OK;0;0;N/A;N/A;N/A;N/A;N/A;N/A;N/A;N/A;N/A;N/A;N/A;N/A;N/A;N/A;N/A;N/A;N/A;N/A;N/A;N/A;N/A;N/A;N/A;N/A;N/A;N/A;N/A;N/A;N/A;N/A;N/A;N/A;N/A;N/A;N/A;N/A;N/A;N/A;N/A;N/A;N/A;N/A;N/A;N/A;N/A;N/A;N/A;N/A;N/A;N/A;N/A;N/A;N/A;N/A;N/A;N/A;N/A;N/A;N/A;N/A;N/A;N/A;N/A;N/A;N/A;N/A;N/A;N/A;N/A;N/A;N/A;N/A;N/A;N/A;N/A;N/A;N/A;N/A;N/A;N/A;N/A;N/A;N/A;N/A;N/A;N/A;N/A;N/A;N/A;N/A;N/A;N/A;N/A;N/A;N/A;N/A;N/A;N/A;;0;321.6;0;0;;Disabled;TempStop;2;700;324.4;278.5;0;0;599.9;549.9;Enabled;PosOk;2;0;0;0;0;0;15;Disabled;0;0;0;0;0;0;0;0;0;0;0;0;0;0;0;0;0;0;0;0;0;0;0;0;0;0;0;0;0;0;0;0;0;0;0;0;0;0;0;0;0;0;0;0;0;0;0;0;0;0;0;0;0;0;0;0;0;0;0;0;0;0;0;0;0;0;0;0;41;14;30;31;20;45;30;29;20;45;30;31;20;45;30;29;20;45;200;142;100;300;200;140;100;300;200;141;100;300;200;141;100;300;30;30;20;45;30;29;20;45;30;30;20;45;30;29;20;45;200;146;100;300;200;145;100;300;200;226;100;300;200;228;100;300;4;2;0.4;6;4;5;0.4;6;4;2;0.4;6;4;5;0.4;6;4;2;0.4;6;4;5;0.4;6;4;2;0.4;6;4;5;0.4;6;NOK;NOK;OK;7000;7022;6500;8100;OK;4.95;0;8;12;NOK;N/A;1.5;N/A;N/A;N/A;9;11.9;7;18;OK;;0;0;0;-;Disabled;TempOk;2;230;37.9;38.2;0;0;349.9;441345100 daimler 1500 1900;441345100 daimler 1500 1900;441345100 Daimler 1500 1900
20260325_22:42:16;0;3;4;950;948.7;925;975;OK;950;951.5;925;975;OK;951.6;951.4;-20;-15.7;-50;-25;NOK;-20;-13;-50;-25;NOK;-16.1;-16.3;0;-20;-15.2;-50;-25;NOK;300;333;300;500;OK;0;0;N/A;N/A;N/A;N/A;N/A;N/A;N/A;N/A;N/A;N/A;N/A;N/A;N/A;N/A;N/A;N/A;N/A;N/A;N/A;N/A;N/A;N/A;N/A;N/A;N/A;N/A;N/A;N/A;N/A;N/A;N/A;N/A;N/A;N/A;N/A;N/A;N/A;N/A;N/A;N/A;N/A;N/A;N/A;N/A;N/A;N/A;N/A;N/A;N/A;N/A;N/A;N/A;N/A;N/A;N/A;N/A;N/A;N/A;N/A;N/A;N/A;N/A;N/A;N/A;N/A;N/A;N/A;N/A;N/A;N/A;N/A;N/A;N/A;N/A;N/A;N/A;N/A;N/A;N/A;N/A;N/A;N/A;N/A;N/A;N/A;N/A;N/A;N/A;N/A;N/A;N/A;N/A;N/A;N/A;N/A;N/A;N/A;N/A;;0;320.6;0;0;;Disabled;TempStop;2;700;323.2;278.5;0;0;599.9;549.9;Enabled;PosOk;2;0;0;0;0;0;15;Disabled;0;0;0;0;0;0;0;0;0;0;0;0;0;0;0;0;0;0;0;0;0;0;0;0;0;0;0;0;0;0;0;0;0;0;0;0;0;0;0;0;0;0;0;0;0;0;0;0;0;0;0;0;0;0;0;0;0;0;0;0;0;0;0;0;0;0;0;0;0;0;30;30;20;45;30;29;20;45;30;31;20;45;30;29;20;45;200;142;100;300;200;140;100;300;200;141;100;300;200;141;100;300;30;30;20;45;30;29;20;45;30;30;20;45;30;29;20;45;200;146;100;300;200;144;100;300;200;226;100;300;200;227;100;300;4;2;0.4;6;4;5;0.4;6;4;2;0.4;6;4;5;0.4;6;4;2;0.4;6;4;5;0.4;6;4;2;0.4;6;4;5;0.4;6;NOK;NOK;OK;7000;7002;6500;8100;OK;4.95;0;8;12;NOK;N/A;1.5;N/A;N/A;N/A;9;11.7;7;18;OK;;0;0;0;-;Disabled;TempOk;2;230;37.9;38.4;0;0;349.9;441345100 daimler 1500 1900;441345100 daimler 1500 1900;441345100 Daimler 1500 1900
20260325_22:42:52;0;3;5;950;949;925;975;OK;950;951.3;925;975;OK;951.4;951.3;-20;-19.1;-50;-25;NOK;-20;-16.5;-50;-25;NOK;-16.7;-17.6;0;-20;-18.9;-50;-25;NOK;300;334;300;500;OK;0;0;N/A;N/A;N/A;N/A;N/A;N/A;N/A;N/A;N/A;N/A;N/A;N/A;N/A;N/A;N/A;N/A;N/A;N/A;N/A;N/A;N/A;N/A;N/A;N/A;N/A;N/A;N/A;N/A;N/A;N/A;N/A;N/A;N/A;N/A;N/A;N/A;N/A;N/A;N/A;N/A;N/A;N/A;N/A;N/A;N/A;N/A;N/A;N/A;N/A;N/A;N/A;N/A;N/A;N/A;N/A;N/A;N/A;N/A;N/A;N/A;N/A;N/A;N/A;N/A;N/A;N/A;N/A;N/A;N/A;N/A;N/A;N/A;N/A;N/A;N/A;N/A;N/A;N/A;N/A;N/A;N/A;N/A;N/A;N/A;N/A;N/A;N/A;N/A;N/A;N/A;N/A;N/A;N/A;N/A;N/A;N/A;N/A;N/A;;0;319.5;0;0;;Disabled;TempStop;2;700;321.8;277.5;0;0;599.9;549.9;Enabled;PosOk;2;0;0;0;0;0;15;Disabled;0;0;0;0;0;0;0;0;0;0;0;0;0;0;0;0;0;0;0;0;0;0;0;0;0;0;0;0;0;0;0;0;0;0;0;0;0;0;0;0;0;0;0;0;0;0;0;0;0;0;0;0;0;0;0;0;0;0;0;0;0;0;0;0;0;0;0;0;0;0;30;31;20;45;30;30;20;45;30;31;20;45;30;29;20;45;200;142;100;300;200;141;100;300;200;141;100;300;200;141;100;300;30;30;20;45;30;29;20;45;30;30;20;45;30;30;20;45;200;145;100;300;200;144;100;300;200;225;100;300;200;227;100;300;4;2;0.4;6;4;5;0.4;6;4;2;0.4;6;4;5;0.4;6;4;2;0.4;6;4;5;0.4;6;4;2;0.4;6;4;5;0.4;6;NOK;NOK;OK;7000;7037;6500;8100;OK;4.95;0;8;12;NOK;N/A;1.5;N/A;N/A;N/A;9;12;7;18;OK;;0;0;0;-;Disabled;TempOk;2;230;38.2;38.2;0;0;349.9;441345100 daimler 1500 1900;441345100 daimler 1500 1900;441345100 Daimler 1500 1900
20260325_22:44:04;0;3;1;950;929.5;925;975;OK;950;933.3;925;975;OK;932.1;932.7;-20;-14.4;-50;-25;NOK;-20;-13.5;-50;-25;NOK;-11.1;-12.3;0;-20;-14.5;-50;-25;NOK;300;311;300;500;OK;0;0;N/A;N/A;N/A;N/A;N/A;N/A;N/A;N/A;N/A;N/A;N/A;N/A;N/A;N/A;N/A;N/A;N/A;N/A;N/A;N/A;N/A;N/A;N/A;N/A;N/A;N/A;N/A;N/A;N/A;N/A;N/A;N/A;N/A;N/A;N/A;N/A;N/A;N/A;N/A;N/A;N/A;N/A;N/A;N/A;N/A;N/A;N/A;N/A;N/A;N/A;N/A;N/A;N/A;N/A;N/A;N/A;N/A;N/A;N/A;N/A;N/A;N/A;N/A;N/A;N/A;N/A;N/A;N/A;N/A;N/A;N/A;N/A;N/A;N/A;N/A;N/A;N/A;N/A;N/A;N/A;N/A;N/A;N/A;N/A;N/A;N/A;N/A;N/A;N/A;N/A;N/A;N/A;N/A;N/A;N/A;N/A;N/A;N/A;;0;317.4;0;0;;Disabled;TempStop;2;700;319.9;277.2;0;0;599.9;549.9;Enabled;PosOk;2;0;0;0;0;0;15;Disabled;0;0;0;0;0;0;0;0;0;0;0;0;0;0;0;0;0;0;0;0;0;0;0;0;0;0;0;0;0;0;0;0;0;0;0;0;0;0;0;0;0;0;0;0;0;0;0;0;0;0;0;0;0;0;0;0;0;0;0;0;0;0;0;0;0;0;0;0;0;0;30;30;20;45;30;30;20;45;30;30;20;45;30;30;20;45;200;142;100;300;200;140;100;300;200;141;100;300;200;140;100;300;30;30;20;45;30;30;20;45;30;30;20;45;30;30;20;45;200;146;100;300;200;144;100;300;200;225;100;300;200;227;100;300;4;2;0.4;6;4;5;0.4;6;4;2;0.4;6;4;5;0.4;6;4;3;0.4;6;4;5;0.4;6;4;2;0.4;6;4;5;0.4;6;NOK;NOK;OK;7000;7101;6500;8100;OK;4.95;0;8;12;NOK;N/A;1.5;N/A;N/A;N/A;9;11.7;7;18;OK;;0;0;0;-;Disabled;TempOk;2;230;37.9;38.4;0;0;349.9;441345100 daimler 1500 1900;441345100 daimler 1500 1900;441345100 Daimler 1500 1900
20260325_22:44:40;0;1;2;950;940.1;925;975;OK;950;951.4;925;975;OK;951.4;951.3;-20;-18.3;-50;-25;NOK;-20;-17.6;-50;-25;NOK;-17.2;-17.3;0;-20;-18.3;-50;-25;NOK;300;311;300;500;OK;0;0;N/A;N/A;N/A;N/A;N/A;N/A;N/A;N/A;N/A;N/A;N/A;N/A;N/A;N/A;N/A;N/A;N/A;N/A;N/A;N/A;N/A;N/A;N/A;N/A;N/A;N/A;N/A;N/A;N/A;N/A;N/A;N/A;N/A;N/A;N/A;N/A;N/A;N/A;N/A;N/A;N/A;N/A;N/A;N/A;N/A;N/A;N/A;N/A;N/A;N/A;N/A;N/A;N/A;N/A;N/A;N/A;N/A;N/A;N/A;N/A;N/A;N/A;N/A;N/A;N/A;N/A;N/A;N/A;N/A;N/A;N/A;N/A;N/A;N/A;N/A;N/A;N/A;N/A;N/A;N/A;N/A;N/A;N/A;N/A;N/A;N/A;N/A;N/A;N/A;N/A;N/A;N/A;N/A;N/A;N/A;N/A;N/A;N/A;;0;321.5;0;0;;Disabled;TempStop;2;700;324;280.1;0;0;599.9;549.9;Enabled;PosOk;2;0;0;0;0;0;15;Disabled;0;0;0;0;0;0;0;0;0;0;0;0;0;0;0;0;0;0;0;0;0;0;0;0;0;0;0;0;0;0;0;0;0;0;0;0;0;0;0;0;0;0;0;0;0;0;0;0;0;0;0;0;0;0;0;0;0;0;0;0;0;0;0;0;0;0;0;0;0;0;30;31;20;45;30;30;20;45;30;31;20;45;30;30;20;45;200;142;100;300;200;140;100;300;200;141;100;300;200;141;100;300;30;31;20;45;30;30;20;45;30;31;20;45;30;30;20;45;200;146;100;300;200;144;100;300;200;225;100;300;200;226;100;300;4;2;0.4;6;4;5;0.4;6;4;2;0.4;6;4;5;0.4;6;4;2;0.4;6;4;5;0.4;6;4;2;0.4;6;4;5;0.4;6;NOK;NOK;OK;7000;7026;6500;8100;OK;4.95;0;8;12;NOK;N/A;1.5;N/A;N/A;N/A;9;11.9;7;18;OK;;0;0;0;-;Disabled;TempOk;2;230;37.4;37.7;0;0;349.9;441345100 daimler 1500 1900;441345100 daimler 1500 1900;441345100 Daimler 1500 1900
20260325_22:45:16;0;3;2;950;940.2;925;975;OK;950;951.9;925;975;OK;951.7;951.8;-20;-13.9;-50;-25;NOK;-20;-14.2;-50;-25;NOK;-13;-14.2;0;-20;-13.8;-50;-25;NOK;300;311;300;500;OK;0;0;N/A;N/A;N/A;N/A;N/A;N/A;N/A;N/A;N/A;N/A;N/A;N/A;N/A;N/A;N/A;N/A;N/A;N/A;N/A;N/A;N/A;N/A;N/A;N/A;N/A;N/A;N/A;N/A;N/A;N/A;N/A;N/A;N/A;N/A;N/A;N/A;N/A;N/A;N/A;N/A;N/A;N/A;N/A;N/A;N/A;N/A;N/A;N/A;N/A;N/A;N/A;N/A;N/A;N/A;N/A;N/A;N/A;N/A;N/A;N/A;N/A;N/A;N/A;N/A;N/A;N/A;N/A;N/A;N/A;N/A;N/A;N/A;N/A;N/A;N/A;N/A;N/A;N/A;N/A;N/A;N/A;N/A;N/A;N/A;N/A;N/A;N/A;N/A;N/A;N/A;N/A;N/A;N/A;N/A;N/A;N/A;N/A;N/A;;0;319.9;0;0;;Disabled;TempStop;2;700;322.3;279.1;0;0;599.9;549.9;Enabled;PosOk;2;0;0;0;0;0;15;Disabled;0;0;0;0;0;0;0;0;0;0;0;0;0;0;0;0;0;0;0;0;0;0;0;0;0;0;0;0;0;0;0;0;0;0;0;0;0;0;0;0;0;0;0;0;0;0;0;0;0;0;0;0;0;0;0;0;0;0;0;0;0;0;0;0;0;0;0;0;0;0;30;32;20;45;30;30;20;45;30;31;20;45;30;30;20;45;200;143;100;300;200;140;100;300;200;140;100;300;200;141;100;300;30;31;20;45;30;30;20;45;30;31;20;45;30;30;20;45;200;146;100;300;200;144;100;300;200;225;100;300;200;226;100;300;4;2;0.4;6;4;5;0.4;6;4;2;0.4;6;4;5;0.4;6;4;2;0.4;6;4;5;0.4;6;4;2;0.4;6;4;5;0.4;6;NOK;NOK;OK;7000;7015;6500;8100;OK;4.95;0;8;12;NOK;N/A;1.5;N/A;N/A;N/A;9;12.3;7;18;OK;;0;0;0;-;Disabled;TempOk;2;230;37.9;38.4;0;0;349.9;441345100 daimler 1500 1900;441345100 daimler 1500 1900;441345100 Daimler 1500 1900
20260325_22:45:52;0;1;3;950;940.4;925;975;OK;950;951.7;925;975;OK;951.7;951.7;-20;-15.4;-50;-25;NOK;-20;-15.9;-50;-25;NOK;-17.5;-18.1;0;-20;-15.3;-50;-25;NOK;300;311;300;500;OK;0;0;N/A;N/A;N/A;N/A;N/A;N/A;N/A;N/A;N/A;N/A;N/A;N/A;N/A;N/A;N/A;N/A;N/A;N/A;N/A;N/A;N/A;N/A;N/A;N/A;N/A;N/A;N/A;N/A;N/A;N/A;N/A;N/A;N/A;N/A;N/A;N/A;N/A;N/A;N/A;N/A;N/A;N/A;N/A;N/A;N/A;N/A;N/A;N/A;N/A;N/A;N/A;N/A;N/A;N/A;N/A;N/A;N/A;N/A;N/A;N/A;N/A;N/A;N/A;N/A;N/A;N/A;N/A;N/A;N/A;N/A;N/A;N/A;N/A;N/A;N/A;N/A;N/A;N/A;N/A;N/A;N/A;N/A;N/A;N/A;N/A;N/A;N/A;N/A;N/A;N/A;N/A;N/A;N/A;N/A;N/A;N/A;N/A;N/A;;0;322.3;0;0;;Disabled;TempStop;2;700;324.7;280.5;0;0;599.9;549.9;Enabled;PosOk;2;0;0;0;0;0;15;Disabled;0;0;0;0;0;0;0;0;0;0;0;0;0;0;0;0;0;0;0;0;0;0;0;0;0;0;0;0;0;0;0;0;0;0;0;0;0;0;0;0;0;0;0;0;0;0;0;0;0;0;0;0;0;0;0;0;0;0;0;0;0;0;0;0;0;0;0;0;45;26;30;31;20;45;30;30;20;45;30;32;20;45;30;30;20;45;200;142;100;300;200;140;100;300;200;141;100;300;200;141;100;300;30;31;20;45;30;30;20;45;30;31;20;45;30;30;20;45;200;145;100;300;200;144;100;300;200;225;100;300;200;226;100;300;4;2;0.4;6;4;5;0.4;6;4;2;0.4;6;4;5;0.4;6;4;2;0.4;6;4;5;0.4;6;4;2;0.4;6;4;5;0.4;6;NOK;NOK;OK;7000;7046;6500;8100;OK;4.95;0;8;12;NOK;N/A;1.5;N/A;N/A;N/A;9;11.7;7;18;OK;;0;0;0;-;Disabled;TempOk;2;230;37.9;37.7;0;0;349.9;441345100 daimler 1500 1900;441345100 daimler 1500 1900;441345100 Daimler 1500 1900
20260325_22:46:28;0;3;3;950;940.7;925;975;OK;950;951.5;925;975;OK;951.6;951.7;-20;-13.6;-50;-25;NOK;-20;-13.4;-50;-25;NOK;-11.5;-12.7;0;-20;-13.5;-50;-25;NOK;300;311;300;500;OK;0;0;N/A;N/A;N/A;N/A;N/A;N/A;N/A;N/A;N/A;N/A;N/A;N/A;N/A;N/A;N/A;N/A;N/A;N/A;N/A;N/A;N/A;N/A;N/A;N/A;N/A;N/A;N/A;N/A;N/A;N/A;N/A;N/A;N/A;N/A;N/A;N/A;N/A;N/A;N/A;N/A;N/A;N/A;N/A;N/A;N/A;N/A;N/A;N/A;N/A;N/A;N/A;N/A;N/A;N/A;N/A;N/A;N/A;N/A;N/A;N/A;N/A;N/A;N/A;N/A;N/A;N/A;N/A;N/A;N/A;N/A;N/A;N/A;N/A;N/A;N/A;N/A;N/A;N/A;N/A;N/A;N/A;N/A;N/A;N/A;N/A;N/A;N/A;N/A;N/A;N/A;N/A;N/A;N/A;N/A;N/A;N/A;N/A;N/A;;0;320.1;0;0;;Disabled;TempStop;2;700;322.5;279.3;0;0;599.9;549.9;Enabled;PosOk;2;0;0;0;0;0;15;Disabled;0;0;0;0;0;0;0;0;0;0;0;0;0;0;0;0;0;0;0;0;0;0;0;0;0;0;0;0;0;0;0;0;0;0;0;0;0;0;0;0;0;0;0;0;0;0;0;0;0;0;0;0;0;0;0;0;0;0;0;0;0;0;0;0;0;0;0;0;0;0;30;31;20;45;30;30;20;45;30;31;20;45;30;30;20;45;200;142;100;300;200;140;100;300;200;141;100;300;200;141;100;300;30;31;20;45;30;30;20;45;30;30;20;45;30;30;20;45;200;145;100;300;200;144;100;300;200;225;100;300;200;226;100;300;4;2;0.4;6;4;5;0.4;6;4;2;0.4;6;4;5;0.4;6;4;2;0.4;6;4;5;0.4;6;4;2;0.4;6;4;5;0.4;6;NOK;NOK;OK;7000;7008;6500;8100;OK;4.95;0;8;12;NOK;N/A;1.5;N/A;N/A;N/A;9;11.9;7;18;OK;;0;0;0;-;Disabled;TempOk;2;230;37.9;38.9;0;0;349.9;441345100 daimler 1500 1900;441345100 daimler 1500 1900;441345100 Daimler 1500 1900
20260325_22:47:04;0;1;4;950;940.1;925;975;OK;950;950.9;925;975;OK;950.8;950.9;-20;-12.7;-50;-25;NOK;-20;-13.3;-50;-25;NOK;-16.3;-15.9;0;-20;-12.5;-50;-25;NOK;300;311;300;500;OK;0;0;N/A;N/A;N/A;N/A;N/A;N/A;N/A;N/A;N/A;N/A;N/A;N/A;N/A;N/A;N/A;N/A;N/A;N/A;N/A;N/A;N/A;N/A;N/A;N/A;N/A;N/A;N/A;N/A;N/A;N/A;N/A;N/A;N/A;N/A;N/A;N/A;N/A;N/A;N/A;N/A;N/A;N/A;N/A;N/A;N/A;N/A;N/A;N/A;N/A;N/A;N/A;N/A;N/A;N/A;N/A;N/A;N/A;N/A;N/A;N/A;N/A;N/A;N/A;N/A;N/A;N/A;N/A;N/A;N/A;N/A;N/A;N/A;N/A;N/A;N/A;N/A;N/A;N/A;N/A;N/A;N/A;N/A;N/A;N/A;N/A;N/A;N/A;N/A;N/A;N/A;N/A;N/A;N/A;N/A;N/A;N/A;N/A;N/A;;0;321.4;0;0;;Disabled;TempStop;2;700;323.8;280;0;0;599.9;549.9;Enabled;PosOk;2;0;0;0;0;0;15;Disabled;0;0;0;0;0;0;0;0;0;0;0;0;0;0;0;0;0;0;0;0;0;0;0;0;0;0;0;0;0;0;0;0;0;0;0;0;0;0;0;0;0;0;0;0;0;0;0;0;0;0;0;0;0;0;0;0;0;0;0;0;0;0;0;0;0;0;0;0;46;38;30;31;20;45;30;30;20;45;30;31;20;45;30;30;20;45;200;142;100;300;200;140;100;300;200;141;100;300;200;141;100;300;30;31;20;45;30;30;20;45;30;31;20;45;30;30;20;45;200;146;100;300;200;145;100;300;200;225;100;300;200;226;100;300;4;2;0.4;6;4;5;0.4;6;4;2;0.4;6;4;5;0.4;6;4;2;0.4;6;4;5;0.4;6;4;2;0.4;6;4;5;0.4;6;NOK;NOK;OK;7000;7025;6500;8100;OK;4.95;0;8;12;NOK;N/A;1.5;N/A;N/A;N/A;9;11.8;7;18;OK;;0;0;0;-;Disabled;TempOk;2;230;37.7;38.7;0;0;349.9;441345100 daimler 1500 1900;441345100 daimler 1500 1900;441345100 Daimler 1500 1900
20260325_22:47:40;0;3;4;950;941.1;925;975;OK;950;951.5;925;975;OK;951.5;951.6;-20;-11.9;-50;-25;NOK;-20;-12.6;-50;-25;NOK;-15.5;-15.2;0;-20;-11.7;-50;-25;NOK;300;311;300;500;OK;0;0;N/A;N/A;N/A;N/A;N/A;N/A;N/A;N/A;N/A;N/A;N/A;N/A;N/A;N/A;N/A;N/A;N/A;N/A;N/A;N/A;N/A;N/A;N/A;N/A;N/A;N/A;N/A;N/A;N/A;N/A;N/A;N/A;N/A;N/A;N/A;N/A;N/A;N/A;N/A;N/A;N/A;N/A;N/A;N/A;N/A;N/A;N/A;N/A;N/A;N/A;N/A;N/A;N/A;N/A;N/A;N/A;N/A;N/A;N/A;N/A;N/A;N/A;N/A;N/A;N/A;N/A;N/A;N/A;N/A;N/A;N/A;N/A;N/A;N/A;N/A;N/A;N/A;N/A;N/A;N/A;N/A;N/A;N/A;N/A;N/A;N/A;N/A;N/A;N/A;N/A;N/A;N/A;N/A;N/A;N/A;N/A;N/A;N/A;;0;320.8;0;0;;Disabled;TempStop;2;700;323.5;279;0;0;599.9;549.9;Enabled;PosOk;2;0;0;0;0;0;15;Disabled;0;0;0;0;0;0;0;0;0;0;0;0;0;0;0;0;0;0;0;0;0;0;0;0;0;0;0;0;0;0;0;0;0;0;0;0;0;0;0;0;0;0;0;0;0;0;0;0;0;0;0;0;0;0;0;0;0;0;0;0;0;0;0;0;0;0;0;0;0;0;30;31;20;45;30;30;20;45;30;31;20;45;30;30;20;45;200;142;100;300;200;140;100;300;200;141;100;300;200;141;100;300;30;31;20;45;30;30;20;45;30;31;20;45;30;30;20;45;200;146;100;300;200;144;100;300;200;225;100;300;200;226;100;300;4;2;0.4;6;4;5;0.4;6;4;2;0.4;6;4;5;0.4;6;4;2;0.4;6;4;5;0.4;6;4;3;0.4;6;4;5;0.4;6;NOK;NOK;OK;7000;7029;6500;8100;OK;4.96;0;8;12;NOK;N/A;1.5;N/A;N/A;N/A;9;12;7;18;OK;;0;0;0;-;Disabled;TempOk;2;230;37.9;38.4;0;0;349.9;441345100 daimler 1500 1900;441345100 daimler 1500 1900;441345100 Daimler 1500 1900
20260325_22:48:16;0;3;5;950;943.6;925;975;OK;950;951.2;925;975;OK;951.2;951.2;-20;-16;-50;-25;NOK;-20;-15.8;-50;-25;NOK;-16.2;-16.7;0;-20;-16;-50;-25;NOK;300;311;300;500;OK;0;0;N/A;N/A;N/A;N/A;N/A;N/A;N/A;N/A;N/A;N/A;N/A;N/A;N/A;N/A;N/A;N/A;N/A;N/A;N/A;N/A;N/A;N/A;N/A;N/A;N/A;N/A;N/A;N/A;N/A;N/A;N/A;N/A;N/A;N/A;N/A;N/A;N/A;N/A;N/A;N/A;N/A;N/A;N/A;N/A;N/A;N/A;N/A;N/A;N/A;N/A;N/A;N/A;N/A;N/A;N/A;N/A;N/A;N/A;N/A;N/A;N/A;N/A;N/A;N/A;N/A;N/A;N/A;N/A;N/A;N/A;N/A;N/A;N/A;N/A;N/A;N/A;N/A;N/A;N/A;N/A;N/A;N/A;N/A;N/A;N/A;N/A;N/A;N/A;N/A;N/A;N/A;N/A;N/A;N/A;N/A;N/A;N/A;N/A;;0;318.9;0;0;;Disabled;TempStop;2;700;321.5;276.6;0;0;599.9;549.9;Enabled;PosOk;2;0;0;0;0;0;15;Disabled;0;0;0;0;0;0;0;0;0;0;0;0;0;0;0;0;0;0;0;0;0;0;0;0;0;0;0;0;0;0;0;0;0;0;0;0;0;0;0;0;0;0;0;0;0;0;0;0;0;0;0;0;0;0;0;0;0;0;0;0;0;0;0;0;0;0;0;0;0;0;30;31;20;45;30;30;20;45;30;32;20;45;30;30;20;45;200;143;100;300;200;140;100;300;200;141;100;300;200;141;100;300;30;31;20;45;30;30;20;45;30;31;20;45;30;30;20;45;200;146;100;300;200;144;100;300;200;226;100;300;200;226;100;300;4;2;0.4;6;4;5;0.4;6;4;2;0.4;6;4;5;0.4;6;4;2;0.4;6;4;5;0.4;6;4;2;0.4;6;4;5;0.4;6;NOK;NOK;OK;7000;7026;6500;8100;OK;4.95;0;8;12;NOK;N/A;1.5;N/A;N/A;N/A;9;12.4;7;18;OK;;0;0;0;-;Disabled;TempOk;2;230;37.9;38.4;0;0;349.9;441345100 daimler 1500 1900;441345100 daimler 1500 1900;441345100 Daimler 1500 1900
20260325_22:49:02;0;3;1;950;922.6;925;975;NOK;950;927.7;925;975;OK;926.5;927.1;-20;-13.9;-50;-25;NOK;-20;-13.5;-50;-25;NOK;-11.1;-12.2;0;-20;-14;-50;-25;NOK;300;311;300;500;OK;0;0;;;;;;;;;;;;;;;;;;;;;;;;;;;;;;;;;;;;;;;;;;;;;;;;;;;;;;;;;;;;;;;;;;;;;;;;;;;;;;;;;;;;;;;;;;;;;;;;;;;;;;;;;;;;;;;;;;;;;;;;;;;;;;;;;;;;;;;;;;;;;;;;;;;;;;;;;;;;;;;;;;;;;;;;;;;;;;;;;;;;;;;;;;;;;;;;;;;;;;;;;;;;;;;;;;;;;;;;;;;;;;;;;;;;;;;;;;;;;;;;;;;;;;;;;;;;;;;;;;;;;;;;;;;;;;;;;;;;;;;;;;;;;;;;;;;;;;;;;;;;;;;;;;;;;;;;;;;;;;;;;;;;;;;;441345100 daimler 1500 1900;;;;
20260325_22:50:03;0;1;2;950;940.2;925;975;OK;950;951.3;925;975;OK;951.4;951.3;-20;-17.7;-50;-25;NOK;-20;-17.6;-50;-25;NOK;-17;-17.2;0;-20;-17.7;-50;-25;NOK;300;311;300;500;OK;0;0;N/A;N/A;N/A;N/A;N/A;N/A;N/A;N/A;N/A;N/A;N/A;N/A;N/A;N/A;N/A;N/A;N/A;N/A;N/A;N/A;N/A;N/A;N/A;N/A;N/A;N/A;N/A;N/A;N/A;N/A;N/A;N/A;N/A;N/A;N/A;N/A;N/A;N/A;N/A;N/A;N/A;N/A;N/A;N/A;N/A;N/A;N/A;N/A;N/A;N/A;N/A;N/A;N/A;N/A;N/A;N/A;N/A;N/A;N/A;N/A;N/A;N/A;N/A;N/A;N/A;N/A;N/A;N/A;N/A;N/A;N/A;N/A;N/A;N/A;N/A;N/A;N/A;N/A;N/A;N/A;N/A;N/A;N/A;N/A;N/A;N/A;N/A;N/A;N/A;N/A;N/A;N/A;N/A;N/A;N/A;N/A;N/A;N/A;;0;321;0;0;;Disabled;TempStop;2;700;322.9;280.9;0;0;599.9;549.9;Enabled;PosOk;2;0;0;0;0;0;15;Disabled;0;0;0;0;0;0;0;0;0;0;0;0;0;0;0;0;0;0;0;0;0;0;0;0;0;0;0;0;0;0;0;0;0;0;0;0;0;0;0;0;0;0;0;0;0;0;0;0;0;0;0;0;0;0;0;0;0;0;0;0;0;0;0;0;0;0;0;0;0;0;30;29;20;45;30;29;20;45;30;30;20;45;30;29;20;45;200;142;100;300;200;140;100;300;200;141;100;300;200;141;100;300;30;29;20;45;30;29;20;45;30;29;20;45;30;29;20;45;200;146;100;300;200;144;100;300;200;225;100;300;200;225;100;300;4;2;0.4;6;4;5;0.4;6;4;2;0.4;6;4;5;0.4;6;4;2;0.4;6;4;5;0.4;6;4;2;0.4;6;4;5;0.4;6;NOK;NOK;OK;7000;7105;6500;8100;OK;4.95;0;8;12;NOK;N/A;1.5;N/A;N/A;N/A;9;11.8;7;18;OK;;0;0;0;-;Disabled;TempOk;2;230;37.7;38.4;0;0;349.9;441345100 daimler 1500 1900;441345100 daimler 1500 1900;441345100 Daimler 1500 1900
20260325_22:50:39;0;3;2;950;940.8;925;975;OK;950;951.7;925;975;OK;951.8;951.8;-20;-13.7;-50;-25;NOK;-20;-14.1;-50;-25;NOK;-12.9;-14.1;0;-20;-13.5;-50;-25;NOK;300;311;300;500;OK;0;0;N/A;N/A;N/A;N/A;N/A;N/A;N/A;N/A;N/A;N/A;N/A;N/A;N/A;N/A;N/A;N/A;N/A;N/A;N/A;N/A;N/A;N/A;N/A;N/A;N/A;N/A;N/A;N/A;N/A;N/A;N/A;N/A;N/A;N/A;N/A;N/A;N/A;N/A;N/A;N/A;N/A;N/A;N/A;N/A;N/A;N/A;N/A;N/A;N/A;N/A;N/A;N/A;N/A;N/A;N/A;N/A;N/A;N/A;N/A;N/A;N/A;N/A;N/A;N/A;N/A;N/A;N/A;N/A;N/A;N/A;N/A;N/A;N/A;N/A;N/A;N/A;N/A;N/A;N/A;N/A;N/A;N/A;N/A;N/A;N/A;N/A;N/A;N/A;N/A;N/A;N/A;N/A;N/A;N/A;N/A;N/A;N/A;N/A;;0;319.5;0;0;;Disabled;TempStop;2;700;321.8;279.2;0;0;599.9;549.9;Enabled;PosOk;2;0;0;0;0;0;15;Disabled;0;0;0;0;0;0;0;0;0;0;0;0;0;0;0;0;0;0;0;0;0;0;0;0;0;0;0;0;0;0;0;0;0;0;0;0;0;0;0;0;0;0;0;0;0;0;0;0;0;0;0;0;0;0;0;0;0;0;0;0;0;0;0;0;0;0;0;0;0;0;30;30;20;45;30;29;20;45;30;30;20;45;30;29;20;45;200;142;100;300;200;140;100;300;200;141;100;300;200;141;100;300;30;30;20;45;30;29;20;45;30;30;20;45;30;30;20;45;200;146;100;300;200;145;100;300;200;225;100;300;200;226;100;300;4;2;0.4;6;4;5;0.4;6;4;2;0.4;6;4;5;0.4;6;4;2;0.4;6;4;5;0.4;6;4;2;0.4;6;4;5;0.4;6;NOK;NOK;OK;7000;7028;6500;8100;OK;4.95;0;8;12;NOK;N/A;1.5;N/A;N/A;N/A;9;12.4;7;18;OK;;0;0;0;-;Disabled;TempOk;2;230;37.9;38.4;0;0;349.9;441345100 daimler 1500 1900;441345100 daimler 1500 1900;441345100 Daimler 1500 1900
20260325_22:51:15;0;1;3;950;940.2;925;975;OK;950;951.7;925;975;OK;951.6;951.8;-20;-15;-50;-25;NOK;-20;-16.1;-50;-25;NOK;-17.6;-18.3;0;-20;-14.9;-50;-25;NOK;300;311;300;500;OK;0;0;N/A;N/A;N/A;N/A;N/A;N/A;N/A;N/A;N/A;N/A;N/A;N/A;N/A;N/A;N/A;N/A;N/A;N/A;N/A;N/A;N/A;N/A;N/A;N/A;N/A;N/A;N/A;N/A;N/A;N/A;N/A;N/A;N/A;N/A;N/A;N/A;N/A;N/A;N/A;N/A;N/A;N/A;N/A;N/A;N/A;N/A;N/A;N/A;N/A;N/A;N/A;N/A;N/A;N/A;N/A;N/A;N/A;N/A;N/A;N/A;N/A;N/A;N/A;N/A;N/A;N/A;N/A;N/A;N/A;N/A;N/A;N/A;N/A;N/A;N/A;N/A;N/A;N/A;N/A;N/A;N/A;N/A;N/A;N/A;N/A;N/A;N/A;N/A;N/A;N/A;N/A;N/A;N/A;N/A;N/A;N/A;N/A;N/A;;0;322;0;0;;Disabled;TempStop;2;700;324.4;280.6;0;0;599.9;549.9;Enabled;PosOk;2;0;0;0;0;0;15;Disabled;0;0;0;0;0;0;0;0;0;0;0;0;0;0;0;0;0;0;0;0;0;0;0;0;0;0;0;0;0;0;0;0;0;0;0;0;0;0;0;0;0;0;0;0;0;0;0;0;0;0;0;0;0;0;0;0;0;0;0;0;0;0;0;0;0;0;0;0;50;50;30;31;20;45;30;30;20;45;30;31;20;45;30;30;20;45;200;142;100;300;200;140;100;300;200;141;100;300;200;140;100;300;30;31;20;45;30;30;20;45;30;30;20;45;30;30;20;45;200;146;100;300;200;145;100;300;200;225;100;300;200;225;100;300;4;2;0.4;6;4;5;0.4;6;4;2;0.4;6;4;5;0.4;6;4;2;0.4;6;4;5;0.4;6;4;2;0.4;6;4;5;0.4;6;NOK;NOK;OK;7000;7037;6500;8100;OK;4.95;0;8;12;NOK;N/A;1.5;N/A;N/A;N/A;9;11.7;7;18;OK;;0;0;0;-;Disabled;TempOk;2;230;38.2;38.4;0;0;349.9;441345100 daimler 1500 1900;441345100 daimler 1500 1900;441345100 Daimler 1500 1900
20260325_22:51:51;0;3;3;950;940.6;925;975;OK;950;951.7;925;975;OK;951.7;951.7;-20;-13.3;-50;-25;NOK;-20;-13.5;-50;-25;NOK;-11.4;-12.6;0;-20;-13.2;-50;-25;NOK;300;311;300;500;OK;0;0;N/A;N/A;N/A;N/A;N/A;N/A;N/A;N/A;N/A;N/A;N/A;N/A;N/A;N/A;N/A;N/A;N/A;N/A;N/A;N/A;N/A;N/A;N/A;N/A;N/A;N/A;N/A;N/A;N/A;N/A;N/A;N/A;N/A;N/A;N/A;N/A;N/A;N/A;N/A;N/A;N/A;N/A;N/A;N/A;N/A;N/A;N/A;N/A;N/A;N/A;N/A;N/A;N/A;N/A;N/A;N/A;N/A;N/A;N/A;N/A;N/A;N/A;N/A;N/A;N/A;N/A;N/A;N/A;N/A;N/A;N/A;N/A;N/A;N/A;N/A;N/A;N/A;N/A;N/A;N/A;N/A;N/A;N/A;N/A;N/A;N/A;N/A;N/A;N/A;N/A;N/A;N/A;N/A;N/A;N/A;N/A;N/A;N/A;;0;320.2;0;0;;Disabled;TempStop;2;700;322.7;279;0;0;599.9;549.9;Enabled;PosOk;2;0;0;0;0;0;15;Disabled;0;0;0;0;0;0;0;0;0;0;0;0;0;0;0;0;0;0;0;0;0;0;0;0;0;0;0;0;0;0;0;0;0;0;0;0;0;0;0;0;0;0;0;0;0;0;0;0;0;0;0;0;0;0;0;0;0;0;0;0;0;0;0;0;0;0;0;0;0;0;30;31;20;45;30;30;20;45;30;31;20;45;30;30;20;45;200;142;100;300;200;140;100;300;200;140;100;300;200;140;100;300;30;31;20;45;30;30;20;45;30;30;20;45;30;30;20;45;200;145;100;300;200;145;100;300;200;224;100;300;200;226;100;300;4;2;0.4;6;4;5;0.4;6;4;2;0.4;6;4;5;0.4;6;4;2;0.4;6;4;5;0.4;6;4;2;0.4;6;4;5;0.4;6;NOK;NOK;OK;7000;7025;6500;8100;OK;4.96;0;8;12;NOK;N/A;1.5;N/A;N/A;N/A;9;12;7;18;OK;;0;0;0;-;Disabled;TempOk;2;230;38.2;38.9;0;0;349.9;441345100 daimler 1500 1900;441345100 daimler 1500 1900;441345100 Daimler 1500 1900
20260325_22:52:27;0;1;4;950;940.1;925;975;OK;950;951;925;975;OK;950.7;950.9;-20;-12.3;-50;-25;NOK;-20;-12.8;-50;-25;NOK;-16.1;-15.6;0;-20;-12.2;-50;-25;NOK;300;311;300;500;OK;0;0;N/A;N/A;N/A;N/A;N/A;N/A;N/A;N/A;N/A;N/A;N/A;N/A;N/A;N/A;N/A;N/A;N/A;N/A;N/A;N/A;N/A;N/A;N/A;N/A;N/A;N/A;N/A;N/A;N/A;N/A;N/A;N/A;N/A;N/A;N/A;N/A;N/A;N/A;N/A;N/A;N/A;N/A;N/A;N/A;N/A;N/A;N/A;N/A;N/A;N/A;N/A;N/A;N/A;N/A;N/A;N/A;N/A;N/A;N/A;N/A;N/A;N/A;N/A;N/A;N/A;N/A;N/A;N/A;N/A;N/A;N/A;N/A;N/A;N/A;N/A;N/A;N/A;N/A;N/A;N/A;N/A;N/A;N/A;N/A;N/A;N/A;N/A;N/A;N/A;N/A;N/A;N/A;N/A;N/A;N/A;N/A;N/A;N/A;;0;321.4;0;0;;Disabled;TempStop;2;700;323.9;279.8;0;0;599.9;549.9;Enabled;PosOk;2;0;0;0;0;0;15;Disabled;0;0;0;0;0;0;0;0;0;0;0;0;0;0;0;0;0;0;0;0;0;0;0;0;0;0;0;0;0;0;0;0;0;0;0;0;0;0;0;0;0;0;0;0;0;0;0;0;0;0;0;0;0;0;0;0;0;0;0;0;0;0;0;0;0;0;0;0;52;2;30;31;20;45;30;30;20;45;30;31;20;45;30;30;20;45;200;142;100;300;200;140;100;300;200;141;100;300;200;140;100;300;30;31;20;45;30;30;20;45;30;31;20;45;30;30;20;45;200;145;100;300;200;144;100;300;200;224;100;300;200;226;100;300;4;2;0.4;6;4;5;0.4;6;4;2;0.4;6;4;5;0.4;6;4;2;0.4;6;4;5;0.4;6;4;2;0.4;6;4;5;0.4;6;NOK;NOK;OK;7000;7020;6500;8100;OK;4.95;0;8;12;NOK;N/A;1.5;N/A;N/A;N/A;9;12.3;7;18;OK;;0;0;0;-;Disabled;TempOk;2;230;38.4;38.9;0;0;349.9;441345100 daimler 1500 1900;441345100 daimler 1500 1900;441345100 Daimler 1500 1900
20260325_22:53:03;0;3;4;950;940.8;925;975;OK;950;951.5;925;975;OK;951.5;951.6;-20;-11.6;-50;-25;NOK;-20;-12.6;-50;-25;NOK;-15.7;-15.4;0;-20;-11.3;-50;-25;NOK;300;311;300;500;OK;0;0;N/A;N/A;N/A;N/A;N/A;N/A;N/A;N/A;N/A;N/A;N/A;N/A;N/A;N/A;N/A;N/A;N/A;N/A;N/A;N/A;N/A;N/A;N/A;N/A;N/A;N/A;N/A;N/A;N/A;N/A;N/A;N/A;N/A;N/A;N/A;N/A;N/A;N/A;N/A;N/A;N/A;N/A;N/A;N/A;N/A;N/A;N/A;N/A;N/A;N/A;N/A;N/A;N/A;N/A;N/A;N/A;N/A;N/A;N/A;N/A;N/A;N/A;N/A;N/A;N/A;N/A;N/A;N/A;N/A;N/A;N/A;N/A;N/A;N/A;N/A;N/A;N/A;N/A;N/A;N/A;N/A;N/A;N/A;N/A;N/A;N/A;N/A;N/A;N/A;N/A;N/A;N/A;N/A;N/A;N/A;N/A;N/A;N/A;;0;320;0;0;;Disabled;TempStop;2;700;322.4;277.7;0;0;599.9;549.9;Enabled;PosOk;2;0;0;0;0;0;15;Disabled;0;0;0;0;0;0;0;0;0;0;0;0;0;0;0;0;0;0;0;0;0;0;0;0;0;0;0;0;0;0;0;0;0;0;0;0;0;0;0;0;0;0;0;0;0;0;0;0;0;0;0;0;0;0;0;0;0;0;0;0;0;0;0;0;0;0;0;0;0;0;30;31;20;45;30;30;20;45;30;32;20;45;30;30;20;45;200;142;100;300;200;140;100;300;200;140;100;300;200;140;100;300;30;31;20;45;30;30;20;45;30;31;20;45;30;30;20;45;200;145;100;300;200;145;100;300;200;224;100;300;200;226;100;300;4;2;0.4;6;4;5;0.4;6;4;2;0.4;6;4;5;0.4;6;4;2;0.4;6;4;5;0.4;6;4;3;0.4;6;4;5;0.4;6;NOK;NOK;OK;7000;7022;6500;8100;OK;4.96;0;8;12;NOK;N/A;1.5;N/A;N/A;N/A;9;11.8;7;18;OK;;0;0;0;-;Disabled;TempOk;2;230;38.7;38.7;0;0;349.9;441345100 daimler 1500 1900;441345100 daimler 1500 1900;441345100 Daimler 1500 1900
20260325_22:53:39;0;3;5;950;943.3;925;975;OK;950;951.1;925;975;OK;951.1;951.3;-20;-15.4;-50;-25;NOK;-20;-15.6;-50;-25;NOK;-16;-16.4;0;-20;-15.3;-50;-25;NOK;300;311;300;500;OK;0;0;N/A;N/A;N/A;N/A;N/A;N/A;N/A;N/A;N/A;N/A;N/A;N/A;N/A;N/A;N/A;N/A;N/A;N/A;N/A;N/A;N/A;N/A;N/A;N/A;N/A;N/A;N/A;N/A;N/A;N/A;N/A;N/A;N/A;N/A;N/A;N/A;N/A;N/A;N/A;N/A;N/A;N/A;N/A;N/A;N/A;N/A;N/A;N/A;N/A;N/A;N/A;N/A;N/A;N/A;N/A;N/A;N/A;N/A;N/A;N/A;N/A;N/A;N/A;N/A;N/A;N/A;N/A;N/A;N/A;N/A;N/A;N/A;N/A;N/A;N/A;N/A;N/A;N/A;N/A;N/A;N/A;N/A;N/A;N/A;N/A;N/A;N/A;N/A;N/A;N/A;N/A;N/A;N/A;N/A;N/A;N/A;N/A;N/A;;0;319.8;0;0;;Disabled;TempStop;2;700;322.3;278.4;0;0;599.9;549.9;Enabled;PosOk;2;0;0;0;0;0;15;Disabled;0;0;0;0;0;0;0;0;0;0;0;0;0;0;0;0;0;0;0;0;0;0;0;0;0;0;0;0;0;0;0;0;0;0;0;0;0;0;0;0;0;0;0;0;0;0;0;0;0;0;0;0;0;0;0;0;0;0;0;0;0;0;0;0;0;0;0;0;0;0;30;31;20;45;30;30;20;45;30;32;20;45;30;30;20;45;200;142;100;300;200;140;100;300;200;141;100;300;200;140;100;300;30;31;20;45;30;30;20;45;30;31;20;45;30;30;20;45;200;145;100;300;200;144;100;300;200;224;100;300;200;225;100;300;4;2;0.4;6;4;5;0.4;6;4;2;0.4;6;4;5;0.4;6;4;2;0.4;6;4;5;0.4;6;4;3;0.4;6;4;5;0.4;6;NOK;NOK;OK;7000;7034;6500;8100;OK;4.96;0;8;12;NOK;N/A;1.5;N/A;N/A;N/A;9;12.4;7;18;OK;;0;0;0;-;Disabled;TempOk;2;230;38.2;38.2;0;0;349.9;441345100 daimler 1500 1900;441345100 daimler 1500 1900;441345100 Daimler 1500 1900
20260325_22:55:27;0;1;2;950;940.4;925;975;OK;950;951.3;925;975;OK;951.4;951.3;-20;-17.7;-50;-25;NOK;-20;-17.6;-50;-25;NOK;-17.1;-17.1;0;-20;-17.7;-50;-25;NOK;300;311;300;500;OK;0;0;N/A;N/A;N/A;N/A;N/A;N/A;N/A;N/A;N/A;N/A;N/A;N/A;N/A;N/A;N/A;N/A;N/A;N/A;N/A;N/A;N/A;N/A;N/A;N/A;N/A;N/A;N/A;N/A;N/A;N/A;N/A;N/A;N/A;N/A;N/A;N/A;N/A;N/A;N/A;N/A;N/A;N/A;N/A;N/A;N/A;N/A;N/A;N/A;N/A;N/A;N/A;N/A;N/A;N/A;N/A;N/A;N/A;N/A;N/A;N/A;N/A;N/A;N/A;N/A;N/A;N/A;N/A;N/A;N/A;N/A;N/A;N/A;N/A;N/A;N/A;N/A;N/A;N/A;N/A;N/A;N/A;N/A;N/A;N/A;N/A;N/A;N/A;N/A;N/A;N/A;N/A;N/A;N/A;N/A;N/A;N/A;N/A;N/A;;0;321.2;0;0;;Disabled;TempStop;2;700;323.3;281.1;0;0;599.9;549.9;Enabled;PosOk;2;0;0;0;0;0;15;Disabled;0;0;0;0;0;0;0;0;0;0;0;0;0;0;0;0;0;0;0;0;0;0;0;0;0;0;0;0;0;0;0;0;0;0;0;0;0;0;0;0;0;0;0;0;0;0;0;0;0;0;0;0;0;0;0;0;0;0;0;0;0;0;0;0;0;0;0;0;0;0;30;30;20;45;30;30;20;45;30;30;20;45;30;30;20;45;200;142;100;300;200;140;100;300;200;141;100;300;200;140;100;300;30;30;20;45;30;30;20;45;30;30;20;45;30;30;20;45;200;145;100;300;200;144;100;300;200;224;100;300;200;226;100;300;4;2;0.4;6;4;5;0.4;6;4;2;0.4;6;4;5;0.4;6;4;2;0.4;6;4;5;0.4;6;4;2;0.4;6;4;5;0.4;6;NOK;NOK;OK;7000;7108;6500;8100;OK;4.95;0;8;12;NOK;N/A;1.5;N/A;N/A;N/A;9;11.8;7;18;OK;;0;0;0;-;Disabled;TempOk;2;230;37.9;38.2;0;0;349.9;441345100 daimler 1500 1900;441345100 daimler 1500 1900;441345100 Daimler 1500 1900
20260325_22:56:03;0;3;2;950;940.4;925;975;OK;950;951.7;925;975;OK;951.6;951.6;-20;-13.9;-50;-25;NOK;-20;-16.2;-50;-25;NOK;-13.7;-14.9;0;-20;-13.9;-50;-25;NOK;300;311;300;500;OK;0;0;N/A;N/A;N/A;N/A;N/A;N/A;N/A;N/A;N/A;N/A;N/A;N/A;N/A;N/A;N/A;N/A;N/A;N/A;N/A;N/A;N/A;N/A;N/A;N/A;N/A;N/A;N/A;N/A;N/A;N/A;N/A;N/A;N/A;N/A;N/A;N/A;N/A;N/A;N/A;N/A;N/A;N/A;N/A;N/A;N/A;N/A;N/A;N/A;N/A;N/A;N/A;N/A;N/A;N/A;N/A;N/A;N/A;N/A;N/A;N/A;N/A;N/A;N/A;N/A;N/A;N/A;N/A;N/A;N/A;N/A;N/A;N/A;N/A;N/A;N/A;N/A;N/A;N/A;N/A;N/A;N/A;N/A;N/A;N/A;N/A;N/A;N/A;N/A;N/A;N/A;N/A;N/A;N/A;N/A;N/A;N/A;N/A;N/A;;0;319.9;0;0;;Disabled;TempStop;2;700;322.1;279.3;0;0;599.9;549.9;Enabled;PosOk;2;0;0;0;0;0;15;Disabled;0;0;0;0;0;0;0;0;0;0;0;0;0;0;0;0;0;0;0;0;0;0;0;0;0;0;0;0;0;0;0;0;0;0;0;0;0;0;0;0;0;0;0;0;0;0;0;0;0;0;0;0;0;0;0;0;0;0;0;0;0;0;0;0;0;0;0;0;0;0;30;31;20;45;30;30;20;45;30;31;20;45;30;30;20;45;200;143;100;300;200;140;100;300;200;141;100;300;200;140;100;300;30;31;20;45;30;30;20;45;30;31;20;45;30;30;20;45;200;146;100;300;200;144;100;300;200;224;100;300;200;226;100;300;4;2;0.4;6;4;5;0.4;6;4;2;0.4;6;4;5;0.4;6;4;2;0.4;6;4;5;0.4;6;4;3;0.4;6;4;5;0.4;6;NOK;NOK;OK;7000;7029;6500;8100;OK;4.95;0;8;12;NOK;N/A;1.5;N/A;N/A;N/A;9;12;7;18;OK;;0;0;0;-;Disabled;TempOk;2;230;37.9;38.4;0;0;349.9;441345100 daimler 1500 1900;441345100 daimler 1500 1900;441345100 Daimler 1500 1900
20260325_22:56:39;0;1;3;950;941.3;925;975;OK;950;951.8;925;975;OK;951.7;951.8;-20;-15;-50;-25;NOK;-20;-15.9;-50;-25;NOK;-17.5;-18;0;-20;-14.9;-50;-25;NOK;300;311;300;500;OK;0;0;N/A;N/A;N/A;N/A;N/A;N/A;N/A;N/A;N/A;N/A;N/A;N/A;N/A;N/A;N/A;N/A;N/A;N/A;N/A;N/A;N/A;N/A;N/A;N/A;N/A;N/A;N/A;N/A;N/A;N/A;N/A;N/A;N/A;N/A;N/A;N/A;N/A;N/A;N/A;N/A;N/A;N/A;N/A;N/A;N/A;N/A;N/A;N/A;N/A;N/A;N/A;N/A;N/A;N/A;N/A;N/A;N/A;N/A;N/A;N/A;N/A;N/A;N/A;N/A;N/A;N/A;N/A;N/A;N/A;N/A;N/A;N/A;N/A;N/A;N/A;N/A;N/A;N/A;N/A;N/A;N/A;N/A;N/A;N/A;N/A;N/A;N/A;N/A;N/A;N/A;N/A;N/A;N/A;N/A;N/A;N/A;N/A;N/A;;0;320.9;0;0;;Disabled;TempStop;2;700;323.3;279.7;0;0;599.9;549.9;Enabled;PosOk;2;0;0;0;0;0;15;Disabled;0;0;0;0;0;0;0;0;0;0;0;0;0;0;0;0;0;0;0;0;0;0;0;0;0;0;0;0;0;0;0;0;0;0;0;0;0;0;0;0;0;0;0;0;0;0;0;0;0;0;0;0;0;0;0;0;0;0;0;0;0;0;0;0;0;0;0;0;56;13;30;31;20;45;30;30;20;45;30;31;20;45;30;30;20;45;200;142;100;300;200;140;100;300;200;141;100;300;200;141;100;300;30;31;20;45;30;30;20;45;30;31;20;45;30;31;20;45;200;146;100;300;200;145;100;300;200;225;100;300;200;227;100;300;4;2;0.4;6;4;5;0.4;6;4;2;0.4;6;4;5;0.4;6;4;2;0.4;6;4;5;0.4;6;4;2;0.4;6;4;5;0.4;6;NOK;NOK;OK;7000;7028;6500;8100;OK;4.96;0;8;12;NOK;N/A;1.5;N/A;N/A;N/A;9;11.7;7;18;OK;;0;0;0;-;Disabled;TempOk;2;230;38.2;38.4;0;0;349.9;441345100 daimler 1500 1900;441345100 daimler 1500 1900;441345100 Daimler 1500 1900
20260325_22:57:15;0;3;3;950;940.6;925;975;OK;950;951.5;925;975;OK;951.6;951.7;-20;-13.4;-50;-25;NOK;-20;-14.2;-50;-25;NOK;-11.8;-13;0;-20;-13.4;-50;-25;NOK;300;311;300;500;OK;0;0;N/A;N/A;N/A;N/A;N/A;N/A;N/A;N/A;N/A;N/A;N/A;N/A;N/A;N/A;N/A;N/A;N/A;N/A;N/A;N/A;N/A;N/A;N/A;N/A;N/A;N/A;N/A;N/A;N/A;N/A;N/A;N/A;N/A;N/A;N/A;N/A;N/A;N/A;N/A;N/A;N/A;N/A;N/A;N/A;N/A;N/A;N/A;N/A;N/A;N/A;N/A;N/A;N/A;N/A;N/A;N/A;N/A;N/A;N/A;N/A;N/A;N/A;N/A;N/A;N/A;N/A;N/A;N/A;N/A;N/A;N/A;N/A;N/A;N/A;N/A;N/A;N/A;N/A;N/A;N/A;N/A;N/A;N/A;N/A;N/A;N/A;N/A;N/A;N/A;N/A;N/A;N/A;N/A;N/A;N/A;N/A;N/A;N/A;;0;319.7;0;0;;Disabled;TempStop;2;700;322.2;278.9;0;0;599.9;549.9;Enabled;PosOk;2;0;0;0;0;0;15;Disabled;0;0;0;0;0;0;0;0;0;0;0;0;0;0;0;0;0;0;0;0;0;0;0;0;0;0;0;0;0;0;0;0;0;0;0;0;0;0;0;0;0;0;0;0;0;0;0;0;0;0;0;0;0;0;0;0;0;0;0;0;0;0;0;0;0;0;0;0;0;0;30;32;20;45;30;30;20;45;30;32;20;45;30;29;20;45;200;142;100;300;200;140;100;300;200;141;100;300;200;140;100;300;30;31;20;45;30;29;20;45;30;30;20;45;30;29;20;45;200;145;100;300;200;144;100;300;200;224;100;300;200;225;100;300;4;2;0.4;6;4;5;0.4;6;4;2;0.4;6;4;5;0.4;6;4;2;0.4;6;4;5;0.4;6;4;2;0.4;6;4;5;0.4;6;NOK;NOK;OK;7000;7014;6500;8100;OK;4.95;0;8;12;NOK;N/A;1.5;N/A;N/A;N/A;9;11.9;7;18;OK;;0;0;0;-;Disabled;TempOk;2;230;38.2;38.4;0;0;349.9;441345100 daimler 1500 1900;441345100 daimler 1500 1900;441345100 Daimler 1500 1900
20260325_22:57:51;0;1;4;950;939.1;925;975;OK;950;950.8;925;975;OK;951;950.8;-20;-12;-50;-25;NOK;-20;-12.8;-50;-25;NOK;-15.8;-15.4;0;-20;-11.9;-50;-25;NOK;300;311;300;500;OK;0;0;N/A;N/A;N/A;N/A;N/A;N/A;N/A;N/A;N/A;N/A;N/A;N/A;N/A;N/A;N/A;N/A;N/A;N/A;N/A;N/A;N/A;N/A;N/A;N/A;N/A;N/A;N/A;N/A;N/A;N/A;N/A;N/A;N/A;N/A;N/A;N/A;N/A;N/A;N/A;N/A;N/A;N/A;N/A;N/A;N/A;N/A;N/A;N/A;N/A;N/A;N/A;N/A;N/A;N/A;N/A;N/A;N/A;N/A;N/A;N/A;N/A;N/A;N/A;N/A;N/A;N/A;N/A;N/A;N/A;N/A;N/A;N/A;N/A;N/A;N/A;N/A;N/A;N/A;N/A;N/A;N/A;N/A;N/A;N/A;N/A;N/A;N/A;N/A;N/A;N/A;N/A;N/A;N/A;N/A;N/A;N/A;N/A;N/A;;0;321.2;0;0;;Disabled;TempStop;2;700;323.7;280.2;0;0;599.9;549.9;Enabled;PosOk;2;0;0;0;0;0;15;Disabled;0;0;0;0;0;0;0;0;0;0;0;0;0;0;0;0;0;0;0;0;0;0;0;0;0;0;0;0;0;0;0;0;0;0;0;0;0;0;0;0;0;0;0;0;0;0;0;0;0;0;0;0;0;0;0;0;0;0;0;0;0;0;0;0;0;0;0;0;57;25;30;31;20;45;30;29;20;45;30;31;20;45;30;29;20;45;200;142;100;300;200;140;100;300;200;140;100;300;200;141;100;300;30;30;20;45;30;29;20;45;30;29;20;45;30;29;20;45;200;146;100;300;200;145;100;300;200;224;100;300;200;226;100;300;4;2;0.4;6;4;5;0.4;6;4;2;0.4;6;4;5;0.4;6;4;2;0.4;6;4;5;0.4;6;4;2;0.4;6;4;5;0.4;6;NOK;NOK;OK;7000;7003;6500;8100;OK;4.95;0;8;12;NOK;N/A;1.5;N/A;N/A;N/A;9;12.4;7;18;OK;;0;0;0;-;Disabled;TempOk;2;230;37.9;38.4;0;0;349.9;441345100 daimler 1500 1900;441345100 daimler 1500 1900;441345100 Daimler 1500 1900
20260325_22:58:27;0;3;4;950;941.1;925;975;OK;950;951.6;925;975;OK;951.6;951.6;-20;-11.6;-50;-25;NOK;-20;-13.2;-50;-25;NOK;-16.1;-15.9;0;-20;-11.3;-50;-25;NOK;300;311;300;500;OK;0;0;N/A;N/A;N/A;N/A;N/A;N/A;N/A;N/A;N/A;N/A;N/A;N/A;N/A;N/A;N/A;N/A;N/A;N/A;N/A;N/A;N/A;N/A;N/A;N/A;N/A;N/A;N/A;N/A;N/A;N/A;N/A;N/A;N/A;N/A;N/A;N/A;N/A;N/A;N/A;N/A;N/A;N/A;N/A;N/A;N/A;N/A;N/A;N/A;N/A;N/A;N/A;N/A;N/A;N/A;N/A;N/A;N/A;N/A;N/A;N/A;N/A;N/A;N/A;N/A;N/A;N/A;N/A;N/A;N/A;N/A;N/A;N/A;N/A;N/A;N/A;N/A;N/A;N/A;N/A;N/A;N/A;N/A;N/A;N/A;N/A;N/A;N/A;N/A;N/A;N/A;N/A;N/A;N/A;N/A;N/A;N/A;N/A;N/A;;0;320.4;0;0;;Disabled;TempStop;2;700;323;279.8;0;0;599.9;549.9;Enabled;PosOk;2;0;0;0;0;0;15;Disabled;0;0;0;0;0;0;0;0;0;0;0;0;0;0;0;0;0;0;0;0;0;0;0;0;0;0;0;0;0;0;0;0;0;0;0;0;0;0;0;0;0;0;0;0;0;0;0;0;0;0;0;0;0;0;0;0;0;0;0;0;0;0;0;0;0;0;0;0;0;0;30;30;20;45;30;29;20;45;30;31;20;45;30;29;20;45;200;142;100;300;200;140;100;300;200;141;100;300;200;141;100;300;30;30;20;45;30;29;20;45;30;30;20;45;30;29;20;45;200;146;100;300;200;144;100;300;200;224;100;300;200;225;100;300;4;2;0.4;6;4;5;0.4;6;4;2;0.4;6;4;5;0.4;6;4;2;0.4;6;4;5;0.4;6;4;3;0.4;6;4;5;0.4;6;NOK;NOK;OK;7000;7036;6500;8100;OK;4.96;0;8;12;NOK;N/A;1.5;N/A;N/A;N/A;9;11.7;7;18;OK;;0;0;0;-;Disabled;TempOk;2;230;38.2;38.4;0;0;349.9;441345100 daimler 1500 1900;441345100 daimler 1500 1900;441345100 Daimler 1500 1900
20260325_22:59:03;0;3;5;950;943.1;925;975;OK;950;951.2;925;975;OK;951.1;951.2;-20;-15.3;-50;-25;NOK;-20;-16;-50;-25;NOK;-16;-16.7;0;-20;-15.2;-50;-25;NOK;300;311;300;500;OK;0;0;N/A;N/A;N/A;N/A;N/A;N/A;N/A;N/A;N/A;N/A;N/A;N/A;N/A;N/A;N/A;N/A;N/A;N/A;N/A;N/A;N/A;N/A;N/A;N/A;N/A;N/A;N/A;N/A;N/A;N/A;N/A;N/A;N/A;N/A;N/A;N/A;N/A;N/A;N/A;N/A;N/A;N/A;N/A;N/A;N/A;N/A;N/A;N/A;N/A;N/A;N/A;N/A;N/A;N/A;N/A;N/A;N/A;N/A;N/A;N/A;N/A;N/A;N/A;N/A;N/A;N/A;N/A;N/A;N/A;N/A;N/A;N/A;N/A;N/A;N/A;N/A;N/A;N/A;N/A;N/A;N/A;N/A;N/A;N/A;N/A;N/A;N/A;N/A;N/A;N/A;N/A;N/A;N/A;N/A;N/A;N/A;N/A;N/A;;0;320.1;0;0;;Disabled;TempStop;2;700;322.8;279.3;0;0;599.9;549.9;Enabled;PosOk;2;0;0;0;0;0;15;Disabled;0;0;0;0;0;0;0;0;0;0;0;0;0;0;0;0;0;0;0;0;0;0;0;0;0;0;0;0;0;0;0;0;0;0;0;0;0;0;0;0;0;0;0;0;0;0;0;0;0;0;0;0;0;0;0;0;0;0;0;0;0;0;0;0;0;0;0;0;0;0;30;31;20;45;30;29;20;45;30;31;20;45;30;29;20;45;200;142;100;300;200;140;100;300;200;142;100;300;200;141;100;300;30;30;20;45;30;29;20;45;30;30;20;45;30;29;20;45;200;146;100;300;200;144;100;300;200;224;100;300;200;225;100;300;4;2;0.4;6;4;5;0.4;6;4;2;0.4;6;4;5;0.4;6;4;2;0.4;6;4;5;0.4;6;4;2;0.4;6;4;5;0.4;6;NOK;NOK;OK;7000;7037;6500;8100;OK;4.95;0;8;12;NOK;N/A;1.5;N/A;N/A;N/A;9;12.4;7;18;OK;;0;0;0;-;Disabled;TempOk;2;230;37.9;39.7;0;0;349.9;441345100 daimler 1500 1900;441345100 daimler 1500 1900;441345100 Daimler 1500 1900
20260325_23:00:50;0;1;2;950;941;925;975;OK;950;951.3;925;975;OK;951.3;951.3;-20;-17.7;-50;-25;NOK;-20;-17.5;-50;-25;NOK;-17.2;-17.2;0;-20;-17.7;-50;-25;NOK;300;311;300;500;OK;0;0;N/A;N/A;N/A;N/A;N/A;N/A;N/A;N/A;N/A;N/A;N/A;N/A;N/A;N/A;N/A;N/A;N/A;N/A;N/A;N/A;N/A;N/A;N/A;N/A;N/A;N/A;N/A;N/A;N/A;N/A;N/A;N/A;N/A;N/A;N/A;N/A;N/A;N/A;N/A;N/A;N/A;N/A;N/A;N/A;N/A;N/A;N/A;N/A;N/A;N/A;N/A;N/A;N/A;N/A;N/A;N/A;N/A;N/A;N/A;N/A;N/A;N/A;N/A;N/A;N/A;N/A;N/A;N/A;N/A;N/A;N/A;N/A;N/A;N/A;N/A;N/A;N/A;N/A;N/A;N/A;N/A;N/A;N/A;N/A;N/A;N/A;N/A;N/A;N/A;N/A;N/A;N/A;N/A;N/A;N/A;N/A;N/A;N/A;;0;321.9;0;0;;Disabled;TempStop;2;700;323.8;280.6;0;0;599.9;549.9;Enabled;PosOk;2;0;0;0;0;0;15;Disabled;0;0;0;0;0;0;0;0;0;0;0;0;0;0;0;0;0;0;0;0;0;0;0;0;0;0;0;0;0;0;0;0;0;0;0;0;0;0;0;0;0;0;0;0;0;0;0;0;0;0;0;0;0;0;0;0;0;0;0;0;0;0;0;0;0;0;0;0;0;0;30;30;20;45;30;30;20;45;30;30;20;45;30;30;20;45;200;142;100;300;200;140;100;300;200;141;100;300;200;141;100;300;30;30;20;45;30;30;20;45;30;30;20;45;30;30;20;45;200;146;100;300;200;145;100;300;200;224;100;300;200;225;100;300;4;2;0.4;6;4;5;0.4;6;4;2;0.4;6;4;5;0.4;6;4;2;0.4;6;4;5;0.4;6;4;2;0.4;6;4;5;0.4;6;NOK;NOK;OK;7000;7086;6500;8100;OK;4.95;0;8;12;NOK;N/A;1.5;N/A;N/A;N/A;9;11.7;7;18;OK;;0;0;0;-;Disabled;TempOk;2;230;37.9;38.2;0;0;349.9;441345100 daimler 1500 1900;441345100 daimler 1500 1900;441345100 Daimler 1500 1900
20260325_23:01:26;0;3;2;950;940;925;975;OK;950;951.7;925;975;OK;951.7;951.6;-20;-16.5;-50;-25;NOK;-20;-17.5;-50;-25;NOK;-15;-16.1;0;-20;-16.6;-50;-25;NOK;300;311;300;500;OK;0;0;N/A;N/A;N/A;N/A;N/A;N/A;N/A;N/A;N/A;N/A;N/A;N/A;N/A;N/A;N/A;N/A;N/A;N/A;N/A;N/A;N/A;N/A;N/A;N/A;N/A;N/A;N/A;N/A;N/A;N/A;N/A;N/A;N/A;N/A;N/A;N/A;N/A;N/A;N/A;N/A;N/A;N/A;N/A;N/A;N/A;N/A;N/A;N/A;N/A;N/A;N/A;N/A;N/A;N/A;N/A;N/A;N/A;N/A;N/A;N/A;N/A;N/A;N/A;N/A;N/A;N/A;N/A;N/A;N/A;N/A;N/A;N/A;N/A;N/A;N/A;N/A;N/A;N/A;N/A;N/A;N/A;N/A;N/A;N/A;N/A;N/A;N/A;N/A;N/A;N/A;N/A;N/A;N/A;N/A;N/A;N/A;N/A;N/A;;0;319.8;0;0;;Disabled;TempStop;2;700;322.4;280.4;0;0;599.9;549.9;Enabled;PosOk;2;0;0;0;0;0;15;Disabled;0;0;0;0;0;0;0;0;0;0;0;0;0;0;0;0;0;0;0;0;0;0;0;0;0;0;0;0;0;0;0;0;0;0;0;0;0;0;0;0;0;0;0;0;0;0;0;0;0;0;0;0;0;0;0;0;0;0;0;0;0;0;0;0;0;0;0;0;0;0;30;31;20;45;30;30;20;45;30;31;20;45;30;30;20;45;200;142;100;300;200;141;100;300;200;141;100;300;200;141;100;300;30;31;20;45;30;30;20;45;30;31;20;45;30;30;20;45;200;146;100;300;200;145;100;300;200;224;100;300;200;225;100;300;4;2;0.4;6;4;5;0.4;6;4;2;0.4;6;4;5;0.4;6;4;2;0.4;6;4;5;0.4;6;4;2;0.4;6;4;5;0.4;6;NOK;NOK;OK;7000;7027;6500;8100;OK;4.95;0;8;12;NOK;N/A;1.5;N/A;N/A;N/A;9;12;7;18;OK;;0;0;0;-;Disabled;TempOk;2;230;38.2;38.7;0;0;349.9;441345100 daimler 1500 1900;441345100 daimler 1500 1900;441345100 Daimler 1500 1900
20260325_23:02:02;0;1;3;950;941.2;925;975;OK;950;951.9;925;975;OK;951.7;951.8;-20;-14.9;-50;-25;NOK;-20;-15.8;-50;-25;NOK;-17.5;-18.1;0;-20;-14.8;-50;-25;NOK;300;311;300;500;OK;0;0;N/A;N/A;N/A;N/A;N/A;N/A;N/A;N/A;N/A;N/A;N/A;N/A;N/A;N/A;N/A;N/A;N/A;N/A;N/A;N/A;N/A;N/A;N/A;N/A;N/A;N/A;N/A;N/A;N/A;N/A;N/A;N/A;N/A;N/A;N/A;N/A;N/A;N/A;N/A;N/A;N/A;N/A;N/A;N/A;N/A;N/A;N/A;N/A;N/A;N/A;N/A;N/A;N/A;N/A;N/A;N/A;N/A;N/A;N/A;N/A;N/A;N/A;N/A;N/A;N/A;N/A;N/A;N/A;N/A;N/A;N/A;N/A;N/A;N/A;N/A;N/A;N/A;N/A;N/A;N/A;N/A;N/A;N/A;N/A;N/A;N/A;N/A;N/A;N/A;N/A;N/A;N/A;N/A;N/A;N/A;N/A;N/A;N/A;;0;321.8;0;0;;Disabled;TempStop;2;700;324.5;280.2;0;0;599.9;549.9;Enabled;PosOk;2;0;0;0;0;0;15;Disabled;0;0;0;0;0;0;0;0;0;0;0;0;0;0;0;0;0;0;0;0;0;0;0;0;0;0;0;0;0;0;0;0;0;0;0;0;0;0;0;0;0;0;0;0;0;0;0;0;0;0;0;0;0;0;0;0;0;0;0;0;0;0;0;0;0;0;0;0;1;37;30;31;20;45;30;30;20;45;30;32;20;45;30;30;20;45;200;142;100;300;200;141;100;300;200;141;100;300;200;141;100;300;30;31;20;45;30;30;20;45;30;31;20;45;30;30;20;45;200;146;100;300;200;144;100;300;200;225;100;300;200;226;100;300;4;2;0.4;6;4;5;0.4;6;4;2;0.4;6;4;5;0.4;6;4;2;0.4;6;4;5;0.4;6;4;2;0.4;6;4;5;0.4;6;NOK;NOK;OK;7000;7041;6500;8100;OK;4.95;0;8;12;NOK;N/A;1.5;N/A;N/A;N/A;9;12.3;7;18;OK;;0;0;0;-;Disabled;TempOk;2;230;37.9;38.4;0;0;349.9;441345100 daimler 1500 1900;441345100 daimler 1500 1900;441345100 Daimler 1500 1900
20260325_23:02:38;0;3;3;950;940.3;925;975;OK;950;951.7;925;975;OK;951.6;951.7;-20;-14.1;-50;-25;NOK;-20;-14.6;-50;-25;NOK;-12.1;-13.4;0;-20;-14;-50;-25;NOK;300;311;300;500;OK;0;0;N/A;N/A;N/A;N/A;N/A;N/A;N/A;N/A;N/A;N/A;N/A;N/A;N/A;N/A;N/A;N/A;N/A;N/A;N/A;N/A;N/A;N/A;N/A;N/A;N/A;N/A;N/A;N/A;N/A;N/A;N/A;N/A;N/A;N/A;N/A;N/A;N/A;N/A;N/A;N/A;N/A;N/A;N/A;N/A;N/A;N/A;N/A;N/A;N/A;N/A;N/A;N/A;N/A;N/A;N/A;N/A;N/A;N/A;N/A;N/A;N/A;N/A;N/A;N/A;N/A;N/A;N/A;N/A;N/A;N/A;N/A;N/A;N/A;N/A;N/A;N/A;N/A;N/A;N/A;N/A;N/A;N/A;N/A;N/A;N/A;N/A;N/A;N/A;N/A;N/A;N/A;N/A;N/A;N/A;N/A;N/A;N/A;N/A;;0;320.3;0;0;;Disabled;TempStop;2;700;322.7;279.2;0;0;599.9;549.9;Enabled;PosOk;2;0;0;0;0;0;15;Disabled;0;0;0;0;0;0;0;0;0;0;0;0;0;0;0;0;0;0;0;0;0;0;0;0;0;0;0;0;0;0;0;0;0;0;0;0;0;0;0;0;0;0;0;0;0;0;0;0;0;0;0;0;0;0;0;0;0;0;0;0;0;0;0;0;0;0;0;0;0;0;30;32;20;45;30;30;20;45;30;31;20;45;30;30;20;45;200;143;100;300;200;140;100;300;200;141;100;300;200;140;100;300;30;31;20;45;30;30;20;45;30;31;20;45;30;30;20;45;200;146;100;300;200;145;100;300;200;224;100;300;200;226;100;300;4;2;0.4;6;4;5;0.4;6;4;2;0.4;6;4;5;0.4;6;4;2;0.4;6;4;5;0.4;6;4;2;0.4;6;4;5;0.4;6;NOK;NOK;OK;7000;7040;6500;8100;OK;4.95;0;8;12;NOK;N/A;1.5;N/A;N/A;N/A;9;11.7;7;18;OK;;0;0;0;-;Disabled;TempOk;2;230;37.7;37.9;0;0;349.9;441345100 daimler 1500 1900;441345100 daimler 1500 1900;441345100 Daimler 1500 1900
20260325_23:03:14;0;1;4;950;940.1;925;975;OK;950;951;925;975;OK;951;950.9;-20;-12;-50;-25;NOK;-20;-12.7;-50;-25;NOK;-15.7;-15.3;0;-20;-11.9;-50;-25;NOK;300;311;300;500;OK;0;0;N/A;N/A;N/A;N/A;N/A;N/A;N/A;N/A;N/A;N/A;N/A;N/A;N/A;N/A;N/A;N/A;N/A;N/A;N/A;N/A;N/A;N/A;N/A;N/A;N/A;N/A;N/A;N/A;N/A;N/A;N/A;N/A;N/A;N/A;N/A;N/A;N/A;N/A;N/A;N/A;N/A;N/A;N/A;N/A;N/A;N/A;N/A;N/A;N/A;N/A;N/A;N/A;N/A;N/A;N/A;N/A;N/A;N/A;N/A;N/A;N/A;N/A;N/A;N/A;N/A;N/A;N/A;N/A;N/A;N/A;N/A;N/A;N/A;N/A;N/A;N/A;N/A;N/A;N/A;N/A;N/A;N/A;N/A;N/A;N/A;N/A;N/A;N/A;N/A;N/A;N/A;N/A;N/A;N/A;N/A;N/A;N/A;N/A;;0;320.7;0;0;;Disabled;TempStop;2;700;323.1;279.8;0;0;599.9;549.9;Enabled;PosOk;2;0;0;0;0;0;15;Disabled;0;0;0;0;0;0;0;0;0;0;0;0;0;0;0;0;0;0;0;0;0;0;0;0;0;0;0;0;0;0;0;0;0;0;0;0;0;0;0;0;0;0;0;0;0;0;0;0;0;0;0;0;0;0;0;0;0;0;0;0;0;0;0;0;0;0;0;0;2;48;30;32;20;45;30;30;20;45;30;32;20;45;30;30;20;45;200;142;100;300;200;140;100;300;200;141;100;300;200;141;100;300;30;31;20;45;30;30;20;45;30;31;20;45;30;30;20;45;200;145;100;300;200;144;100;300;200;224;100;300;200;225;100;300;4;2;0.4;6;4;5;0.4;6;4;2;0.4;6;4;5;0.4;6;4;2;0.4;6;4;5;0.4;6;4;2;0.4;6;4;5;0.4;6;NOK;NOK;OK;7000;7028;6500;8100;OK;4.95;0;8;12;NOK;N/A;1.5;N/A;N/A;N/A;9;11.8;7;18;OK;;0;0;0;-;Disabled;TempOk;2;230;37.9;38.2;0;0;349.9;441345100 daimler 1500 1900;441345100 daimler 1500 1900;441345100 Daimler 1500 1900
20260325_23:03:50;0;3;4;950;941.2;925;975;OK;950;951.5;925;975;OK;951.4;951.6;-20;-12.1;-50;-25;NOK;-20;-13.4;-50;-25;NOK;-16.6;-16.3;0;-20;-11.8;-50;-25;NOK;300;311;300;500;OK;0;0;N/A;N/A;N/A;N/A;N/A;N/A;N/A;N/A;N/A;N/A;N/A;N/A;N/A;N/A;N/A;N/A;N/A;N/A;N/A;N/A;N/A;N/A;N/A;N/A;N/A;N/A;N/A;N/A;N/A;N/A;N/A;N/A;N/A;N/A;N/A;N/A;N/A;N/A;N/A;N/A;N/A;N/A;N/A;N/A;N/A;N/A;N/A;N/A;N/A;N/A;N/A;N/A;N/A;N/A;N/A;N/A;N/A;N/A;N/A;N/A;N/A;N/A;N/A;N/A;N/A;N/A;N/A;N/A;N/A;N/A;N/A;N/A;N/A;N/A;N/A;N/A;N/A;N/A;N/A;N/A;N/A;N/A;N/A;N/A;N/A;N/A;N/A;N/A;N/A;N/A;N/A;N/A;N/A;N/A;N/A;N/A;N/A;N/A;;0;320;0;0;;Disabled;TempStop;2;700;322.5;278.5;0;0;599.9;549.9;Enabled;PosOk;2;0;0;0;0;0;15;Disabled;0;0;0;0;0;0;0;0;0;0;0;0;0;0;0;0;0;0;0;0;0;0;0;0;0;0;0;0;0;0;0;0;0;0;0;0;0;0;0;0;0;0;0;0;0;0;0;0;0;0;0;0;0;0;0;0;0;0;0;0;0;0;0;0;0;0;0;0;0;0;30;31;20;45;30;30;20;45;30;32;20;45;30;30;20;45;200;142;100;300;200;140;100;300;200;141;100;300;200;141;100;300;30;31;20;45;30;30;20;45;30;31;20;45;30;30;20;45;200;146;100;300;200;144;100;300;200;224;100;300;200;225;100;300;4;2;0.4;6;4;5;0.4;6;4;2;0.4;6;4;5;0.4;6;4;2;0.4;6;4;5;0.4;6;4;3;0.4;6;4;5;0.4;6;NOK;NOK;OK;7000;7018;6500;8100;OK;4.95;0;8;12;NOK;N/A;1.5;N/A;N/A;N/A;9;11.6;7;18;OK;;0;0;0;-;Disabled;TempOk;2;230;38.2;39.1;0;0;349.9;441345100 daimler 1500 1900;441345100 daimler 1500 1900;441345100 Daimler 1500 1900
20260325_23:04:26;0;3;5;950;943.3;925;975;OK;950;951.2;925;975;OK;951.1;951.3;-20;-15.6;-50;-25;NOK;-20;-16;-50;-25;NOK;-16.3;-16.8;0;-20;-15.5;-50;-25;NOK;300;311;300;500;OK;0;0;N/A;N/A;N/A;N/A;N/A;N/A;N/A;N/A;N/A;N/A;N/A;N/A;N/A;N/A;N/A;N/A;N/A;N/A;N/A;N/A;N/A;N/A;N/A;N/A;N/A;N/A;N/A;N/A;N/A;N/A;N/A;N/A;N/A;N/A;N/A;N/A;N/A;N/A;N/A;N/A;N/A;N/A;N/A;N/A;N/A;N/A;N/A;N/A;N/A;N/A;N/A;N/A;N/A;N/A;N/A;N/A;N/A;N/A;N/A;N/A;N/A;N/A;N/A;N/A;N/A;N/A;N/A;N/A;N/A;N/A;N/A;N/A;N/A;N/A;N/A;N/A;N/A;N/A;N/A;N/A;N/A;N/A;N/A;N/A;N/A;N/A;N/A;N/A;N/A;N/A;N/A;N/A;N/A;N/A;N/A;N/A;N/A;N/A;;0;319.2;0;0;;Disabled;TempStop;2;700;321.8;278.2;0;0;599.9;549.9;Enabled;PosOk;2;0;0;0;0;0;15;Disabled;0;0;0;0;0;0;0;0;0;0;0;0;0;0;0;0;0;0;0;0;0;0;0;0;0;0;0;0;0;0;0;0;0;0;0;0;0;0;0;0;0;0;0;0;0;0;0;0;0;0;0;0;0;0;0;0;0;0;0;0;0;0;0;0;0;0;0;0;0;0;30;31;20;45;30;30;20;45;30;31;20;45;30;30;20;45;200;142;100;300;200;140;100;300;200;141;100;300;200;141;100;300;30;31;20;45;30;30;20;45;30;31;20;45;30;30;20;45;200;146;100;300;200;145;100;300;200;224;100;300;200;225;100;300;4;2;0.4;6;4;5;0.4;6;4;2;0.4;6;4;5;0.4;6;4;2;0.4;6;4;5;0.4;6;4;2;0.4;6;4;5;0.4;6;NOK;NOK;OK;7000;7028;6500;8100;OK;4.95;0;8;12;NOK;N/A;1.5;N/A;N/A;N/A;9;11.9;7;18;OK;;0;0;0;-;Disabled;TempOk;2;230;37.7;38.2;0;0;349.9;441345100 daimler 1500 1900;441345100 daimler 1500 1900;441345100 Daimler 1500 1900
20260325_23:06:14;0;1;2;950;939.9;925;975;OK;950;951.4;925;975;OK;951.3;951.4;-20;-17.6;-50;-25;NOK;-20;-17.6;-50;-25;NOK;-17.1;-17.2;0;-20;-17.7;-50;-25;NOK;300;311;300;500;OK;0;0;N/A;N/A;N/A;N/A;N/A;N/A;N/A;N/A;N/A;N/A;N/A;N/A;N/A;N/A;N/A;N/A;N/A;N/A;N/A;N/A;N/A;N/A;N/A;N/A;N/A;N/A;N/A;N/A;N/A;N/A;N/A;N/A;N/A;N/A;N/A;N/A;N/A;N/A;N/A;N/A;N/A;N/A;N/A;N/A;N/A;N/A;N/A;N/A;N/A;N/A;N/A;N/A;N/A;N/A;N/A;N/A;N/A;N/A;N/A;N/A;N/A;N/A;N/A;N/A;N/A;N/A;N/A;N/A;N/A;N/A;N/A;N/A;N/A;N/A;N/A;N/A;N/A;N/A;N/A;N/A;N/A;N/A;N/A;N/A;N/A;N/A;N/A;N/A;N/A;N/A;N/A;N/A;N/A;N/A;N/A;N/A;N/A;N/A;;0;320.7;0;0;;Disabled;TempStop;2;700;322.2;279.9;0;0;599.9;549.9;Enabled;PosOk;2;0;0;0;0;0;15;Disabled;0;0;0;0;0;0;0;0;0;0;0;0;0;0;0;0;0;0;0;0;0;0;0;0;0;0;0;0;0;0;0;0;0;0;0;0;0;0;0;0;0;0;0;0;0;0;0;0;0;0;0;0;0;0;0;0;0;0;0;0;0;0;0;0;0;0;0;0;0;0;30;30;20;45;30;30;20;45;30;30;20;45;30;30;20;45;200;142;100;300;200;140;100;300;200;141;100;300;200;141;100;300;30;30;20;45;30;30;20;45;30;30;20;45;30;30;20;45;200;145;100;300;200;145;100;300;200;224;100;300;200;225;100;300;4;2;0.4;6;4;5;0.4;6;4;2;0.4;6;4;5;0.4;6;4;2;0.4;6;4;5;0.4;6;4;2;0.4;6;4;5;0.4;6;NOK;NOK;OK;7000;7112;6500;8100;OK;4.96;0;8;12;NOK;N/A;1.5;N/A;N/A;N/A;9;11.9;7;18;OK;;0;0;0;-;Disabled;TempOk;2;230;37.7;37.9;0;0;349.9;441345100 daimler 1500 1900;441345100 daimler 1500 1900;441345100 Daimler 1500 1900
20260325_23:06:50;0;3;2;950;940.5;925;975;OK;950;951.8;925;975;OK;951.7;951.5;-20;-17.8;-50;-25;NOK;-20;-18;-50;-25;NOK;-15.4;-16.6;0;-20;-17.9;-50;-25;NOK;300;311;300;500;OK;0;0;N/A;N/A;N/A;N/A;N/A;N/A;N/A;N/A;N/A;N/A;N/A;N/A;N/A;N/A;N/A;N/A;N/A;N/A;N/A;N/A;N/A;N/A;N/A;N/A;N/A;N/A;N/A;N/A;N/A;N/A;N/A;N/A;N/A;N/A;N/A;N/A;N/A;N/A;N/A;N/A;N/A;N/A;N/A;N/A;N/A;N/A;N/A;N/A;N/A;N/A;N/A;N/A;N/A;N/A;N/A;N/A;N/A;N/A;N/A;N/A;N/A;N/A;N/A;N/A;N/A;N/A;N/A;N/A;N/A;N/A;N/A;N/A;N/A;N/A;N/A;N/A;N/A;N/A;N/A;N/A;N/A;N/A;N/A;N/A;N/A;N/A;N/A;N/A;N/A;N/A;N/A;N/A;N/A;N/A;N/A;N/A;N/A;N/A;;0;319.7;0;0;;Disabled;TempStop;2;700;322.1;279.3;0;0;599.9;549.9;Enabled;PosOk;2;0;0;0;0;0;15;Disabled;0;0;0;0;0;0;0;0;0;0;0;0;0;0;0;0;0;0;0;0;0;0;0;0;0;0;0;0;0;0;0;0;0;0;0;0;0;0;0;0;0;0;0;0;0;0;0;0;0;0;0;0;0;0;0;0;0;0;0;0;0;0;0;0;0;0;0;0;0;0;30;31;20;45;30;30;20;45;30;31;20;45;30;30;20;45;200;142;100;300;200;141;100;300;200;141;100;300;200;141;100;300;30;31;20;45;30;30;20;45;30;31;20;45;30;30;20;45;200;145;100;300;200;145;100;300;200;224;100;300;200;226;100;300;4;2;0.4;6;4;5;0.4;6;4;2;0.4;6;4;5;0.4;6;4;2;0.4;6;4;5;0.4;6;4;2;0.4;6;4;5;0.4;6;NOK;NOK;OK;7000;7048;6500;8100;OK;4.96;0;8;12;NOK;N/A;1.5;N/A;N/A;N/A;9;12.2;7;18;OK;;0;0;0;-;Disabled;TempOk;2;230;37.9;38.2;0;0;349.9;441345100 daimler 1500 1900;441345100 daimler 1500 1900;441345100 Daimler 1500 1900
20260325_23:07:26;0;1;3;950;941;925;975;OK;950;951.8;925;975;OK;951.7;951.7;-20;-14.9;-50;-25;NOK;-20;-16.1;-50;-25;NOK;-17.6;-18.3;0;-20;-14.8;-50;-25;NOK;300;311;300;500;OK;0;0;N/A;N/A;N/A;N/A;N/A;N/A;N/A;N/A;N/A;N/A;N/A;N/A;N/A;N/A;N/A;N/A;N/A;N/A;N/A;N/A;N/A;N/A;N/A;N/A;N/A;N/A;N/A;N/A;N/A;N/A;N/A;N/A;N/A;N/A;N/A;N/A;N/A;N/A;N/A;N/A;N/A;N/A;N/A;N/A;N/A;N/A;N/A;N/A;N/A;N/A;N/A;N/A;N/A;N/A;N/A;N/A;N/A;N/A;N/A;N/A;N/A;N/A;N/A;N/A;N/A;N/A;N/A;N/A;N/A;N/A;N/A;N/A;N/A;N/A;N/A;N/A;N/A;N/A;N/A;N/A;N/A;N/A;N/A;N/A;N/A;N/A;N/A;N/A;N/A;N/A;N/A;N/A;N/A;N/A;N/A;N/A;N/A;N/A;;0;322.1;0;0;;Disabled;TempStop;2;700;324.5;281.4;0;0;599.9;549.9;Enabled;PosOk;2;0;0;0;0;0;15;Disabled;0;0;0;0;0;0;0;0;0;0;0;0;0;0;0;0;0;0;0;0;0;0;0;0;0;0;0;0;0;0;0;0;0;0;0;0;0;0;0;0;0;0;0;0;0;0;0;0;0;0;0;0;0;0;0;0;0;0;0;0;0;0;0;0;0;0;0;0;7;0;30;31;20;45;30;29;20;45;30;31;20;45;30;29;20;45;200;142;100;300;200;141;100;300;200;141;100;300;200;141;100;300;30;30;20;45;30;29;20;45;30;30;20;45;30;29;20;45;200;146;100;300;200;145;100;300;200;224;100;300;200;226;100;300;4;2;0.4;6;4;5;0.4;6;4;2;0.4;6;4;5;0.4;6;4;2;0.4;6;4;5;0.4;6;4;2;0.4;6;4;5;0.4;6;NOK;NOK;OK;7000;7026;6500;8100;OK;4.96;0;8;12;NOK;N/A;1.5;N/A;N/A;N/A;9;11.9;7;18;OK;;0;0;0;-;Disabled;TempOk;2;230;38.2;38.4;0;0;349.9;441345100 daimler 1500 1900;441345100 daimler 1500 1900;441345100 Daimler 1500 1900
20260325_23:08:02;0;3;3;950;940.5;925;975;OK;950;951.7;925;975;OK;951.7;951.6;-20;-14.5;-50;-25;NOK;-20;-14.8;-50;-25;NOK;-12.3;-13.6;0;-20;-14.4;-50;-25;NOK;300;311;300;500;OK;0;0;N/A;N/A;N/A;N/A;N/A;N/A;N/A;N/A;N/A;N/A;N/A;N/A;N/A;N/A;N/A;N/A;N/A;N/A;N/A;N/A;N/A;N/A;N/A;N/A;N/A;N/A;N/A;N/A;N/A;N/A;N/A;N/A;N/A;N/A;N/A;N/A;N/A;N/A;N/A;N/A;N/A;N/A;N/A;N/A;N/A;N/A;N/A;N/A;N/A;N/A;N/A;N/A;N/A;N/A;N/A;N/A;N/A;N/A;N/A;N/A;N/A;N/A;N/A;N/A;N/A;N/A;N/A;N/A;N/A;N/A;N/A;N/A;N/A;N/A;N/A;N/A;N/A;N/A;N/A;N/A;N/A;N/A;N/A;N/A;N/A;N/A;N/A;N/A;N/A;N/A;N/A;N/A;N/A;N/A;N/A;N/A;N/A;N/A;;0;320.9;0;0;;Disabled;TempStop;2;700;323.3;278.6;0;0;599.9;549.9;Enabled;PosOk;2;0;0;0;0;0;15;Disabled;0;0;0;0;0;0;0;0;0;0;0;0;0;0;0;0;0;0;0;0;0;0;0;0;0;0;0;0;0;0;0;0;0;0;0;0;0;0;0;0;0;0;0;0;0;0;0;0;0;0;0;0;0;0;0;0;0;0;0;0;0;0;0;0;0;0;0;0;0;0;30;30;20;45;30;29;20;45;30;30;20;45;30;29;20;45;200;142;100;300;200;140;100;300;200;141;100;300;200;141;100;300;30;30;20;45;30;29;20;45;30;30;20;45;30;29;20;45;200;145;100;300;200;144;100;300;200;224;100;300;200;225;100;300;4;2;0.4;6;4;5;0.4;6;4;2;0.4;6;4;5;0.4;6;4;2;0.4;6;4;5;0.4;6;4;2;0.4;6;4;5;0.4;6;NOK;NOK;OK;7000;7031;6500;8100;OK;4.96;0;8;12;NOK;N/A;1.5;N/A;N/A;N/A;9;12.4;7;18;OK;;0;0;0;-;Disabled;TempOk;2;230;37.9;38.7;0;0;349.9;441345100 daimler 1500 1900;441345100 daimler 1500 1900;441345100 Daimler 1500 1900
20260325_23:08:38;0;1;4;950;940.2;925;975;OK;950;950.9;925;975;OK;950.9;950.9;-20;-12;-50;-25;NOK;-20;-13;-50;-25;NOK;-16;-15.5;0;-20;-11.9;-50;-25;NOK;300;311;300;500;OK;0;0;N/A;N/A;N/A;N/A;N/A;N/A;N/A;N/A;N/A;N/A;N/A;N/A;N/A;N/A;N/A;N/A;N/A;N/A;N/A;N/A;N/A;N/A;N/A;N/A;N/A;N/A;N/A;N/A;N/A;N/A;N/A;N/A;N/A;N/A;N/A;N/A;N/A;N/A;N/A;N/A;N/A;N/A;N/A;N/A;N/A;N/A;N/A;N/A;N/A;N/A;N/A;N/A;N/A;N/A;N/A;N/A;N/A;N/A;N/A;N/A;N/A;N/A;N/A;N/A;N/A;N/A;N/A;N/A;N/A;N/A;N/A;N/A;N/A;N/A;N/A;N/A;N/A;N/A;N/A;N/A;N/A;N/A;N/A;N/A;N/A;N/A;N/A;N/A;N/A;N/A;N/A;N/A;N/A;N/A;N/A;N/A;N/A;N/A;;0;321.6;0;0;;Disabled;TempStop;2;700;323.8;280.8;0;0;599.9;549.9;Enabled;PosOk;2;0;0;0;0;0;15;Disabled;0;0;0;0;0;0;0;0;0;0;0;0;0;0;0;0;0;0;0;0;0;0;0;0;0;0;0;0;0;0;0;0;0;0;0;0;0;0;0;0;0;0;0;0;0;0;0;0;0;0;0;0;0;0;0;0;0;0;0;0;0;0;0;0;0;0;0;0;8;12;30;31;20;45;30;29;20;45;30;31;20;45;30;29;20;45;200;142;100;300;200;140;100;300;200;141;100;300;200;141;100;300;30;30;20;45;30;30;20;45;30;30;20;45;30;30;20;45;200;145;100;300;200;145;100;300;200;224;100;300;200;225;100;300;4;2;0.4;6;4;5;0.4;6;4;2;0.4;6;4;5;0.4;6;4;2;0.4;6;4;5;0.4;6;4;2;0.4;6;4;5;0.4;6;NOK;NOK;OK;7000;7050;6500;8100;OK;4.96;0;8;12;NOK;N/A;1.5;N/A;N/A;N/A;9;11.9;7;18;OK;;0;0;0;-;Disabled;TempOk;2;230;38.4;38.7;0;0;349.9;441345100 daimler 1500 1900;441345100 daimler 1500 1900;441345100 Daimler 1500 1900
20260325_23:09:14;0;3;4;950;941.1;925;975;OK;950;951.6;925;975;OK;951.5;951.7;-20;-12.2;-50;-25;NOK;-20;-13.6;-50;-25;NOK;-16.9;-16.6;0;-20;-11.9;-50;-25;NOK;300;311;300;500;OK;0;0;N/A;N/A;N/A;N/A;N/A;N/A;N/A;N/A;N/A;N/A;N/A;N/A;N/A;N/A;N/A;N/A;N/A;N/A;N/A;N/A;N/A;N/A;N/A;N/A;N/A;N/A;N/A;N/A;N/A;N/A;N/A;N/A;N/A;N/A;N/A;N/A;N/A;N/A;N/A;N/A;N/A;N/A;N/A;N/A;N/A;N/A;N/A;N/A;N/A;N/A;N/A;N/A;N/A;N/A;N/A;N/A;N/A;N/A;N/A;N/A;N/A;N/A;N/A;N/A;N/A;N/A;N/A;N/A;N/A;N/A;N/A;N/A;N/A;N/A;N/A;N/A;N/A;N/A;N/A;N/A;N/A;N/A;N/A;N/A;N/A;N/A;N/A;N/A;N/A;N/A;N/A;N/A;N/A;N/A;N/A;N/A;N/A;N/A;;0;319.9;0;0;;Disabled;TempStop;2;700;321.9;279.4;0;0;599.9;549.9;Enabled;PosOk;2;0;0;0;0;0;15;Disabled;0;0;0;0;0;0;0;0;0;0;0;0;0;0;0;0;0;0;0;0;0;0;0;0;0;0;0;0;0;0;0;0;0;0;0;0;0;0;0;0;0;0;0;0;0;0;0;0;0;0;0;0;0;0;0;0;0;0;0;0;0;0;0;0;0;0;0;0;0;0;30;31;20;45;30;30;20;45;30;31;20;45;30;30;20;45;200;142;100;300;200;140;100;300;200;141;100;300;200;142;100;300;30;31;20;45;30;30;20;45;30;30;20;45;30;30;20;45;200;145;100;300;200;145;100;300;200;224;100;300;200;225;100;300;4;2;0.4;6;4;5;0.4;6;4;2;0.4;6;4;5;0.4;6;4;2;0.4;6;4;5;0.4;6;4;2;0.4;6;4;5;0.4;6;NOK;NOK;OK;7000;7043;6500;8100;OK;4.96;0;8;12;NOK;N/A;1.5;N/A;N/A;N/A;9;12.2;7;18;OK;;0;0;0;-;Disabled;TempOk;2;230;38.7;38.4;0;0;349.9;441345100 daimler 1500 1900;441345100 daimler 1500 1900;441345100 Daimler 1500 1900
20260325_23:09:50;0;3;5;950;943.4;925;975;OK;950;951.2;925;975;OK;951.1;951.2;-20;-15.6;-50;-25;NOK;-20;-16.1;-50;-25;NOK;-16.4;-16.9;0;-20;-15.4;-50;-25;NOK;300;311;300;500;OK;0;0;N/A;N/A;N/A;N/A;N/A;N/A;N/A;N/A;N/A;N/A;N/A;N/A;N/A;N/A;N/A;N/A;N/A;N/A;N/A;N/A;N/A;N/A;N/A;N/A;N/A;N/A;N/A;N/A;N/A;N/A;N/A;N/A;N/A;N/A;N/A;N/A;N/A;N/A;N/A;N/A;N/A;N/A;N/A;N/A;N/A;N/A;N/A;N/A;N/A;N/A;N/A;N/A;N/A;N/A;N/A;N/A;N/A;N/A;N/A;N/A;N/A;N/A;N/A;N/A;N/A;N/A;N/A;N/A;N/A;N/A;N/A;N/A;N/A;N/A;N/A;N/A;N/A;N/A;N/A;N/A;N/A;N/A;N/A;N/A;N/A;N/A;N/A;N/A;N/A;N/A;N/A;N/A;N/A;N/A;N/A;N/A;N/A;N/A;;0;319.1;0;0;;Disabled;TempStop;2;700;321.1;278.9;0;0;599.9;549.9;Enabled;PosOk;2;0;0;0;0;0;15;Disabled;0;0;0;0;0;0;0;0;0;0;0;0;0;0;0;0;0;0;0;0;0;0;0;0;0;0;0;0;0;0;0;0;0;0;0;0;0;0;0;0;0;0;0;0;0;0;0;0;0;0;0;0;0;0;0;0;0;0;0;0;0;0;0;0;0;0;0;0;0;0;30;31;20;45;30;30;20;45;30;31;20;45;30;30;20;45;200;142;100;300;200;140;100;300;200;142;100;300;200;141;100;300;30;31;20;45;30;30;20;45;30;31;20;45;30;30;20;45;200;146;100;300;200;144;100;300;200;224;100;300;200;225;100;300;4;2;0.4;6;4;5;0.4;6;4;2;0.4;6;4;5;0.4;6;4;2;0.4;6;4;5;0.4;6;4;2;0.4;6;4;5;0.4;6;NOK;NOK;OK;7000;7024;6500;8100;OK;4.95;0;8;12;NOK;N/A;1.5;N/A;N/A;N/A;9;11.7;7;18;OK;;0;0;0;-;Disabled;TempOk;2;230;37.7;38.9;0;0;349.9;441345100 daimler 1500 1900;441345100 daimler 1500 1900;441345100 Daimler 1500 1900
20260325_23:11:37;0;1;2;950;939.9;925;975;OK;950;951.3;925;975;OK;951.3;951.2;-20;-17.8;-50;-25;NOK;-20;-17.6;-50;-25;NOK;-17.2;-17.3;0;-20;-17.8;-50;-25;NOK;300;311;300;500;OK;0;0;N/A;N/A;N/A;N/A;N/A;N/A;N/A;N/A;N/A;N/A;N/A;N/A;N/A;N/A;N/A;N/A;N/A;N/A;N/A;N/A;N/A;N/A;N/A;N/A;N/A;N/A;N/A;N/A;N/A;N/A;N/A;N/A;N/A;N/A;N/A;N/A;N/A;N/A;N/A;N/A;N/A;N/A;N/A;N/A;N/A;N/A;N/A;N/A;N/A;N/A;N/A;N/A;N/A;N/A;N/A;N/A;N/A;N/A;N/A;N/A;N/A;N/A;N/A;N/A;N/A;N/A;N/A;N/A;N/A;N/A;N/A;N/A;N/A;N/A;N/A;N/A;N/A;N/A;N/A;N/A;N/A;N/A;N/A;N/A;N/A;N/A;N/A;N/A;N/A;N/A;N/A;N/A;N/A;N/A;N/A;N/A;N/A;N/A;;0;320.4;0;0;;Disabled;TempStop;2;700;322.1;280.3;0;0;599.9;549.9;Enabled;PosOk;2;0;0;0;0;0;15;Disabled;0;0;0;0;0;0;0;0;0;0;0;0;0;0;0;0;0;0;0;0;0;0;0;0;0;0;0;0;0;0;0;0;0;0;0;0;0;0;0;0;0;0;0;0;0;0;0;0;0;0;0;0;0;0;0;0;0;0;0;0;0;0;0;0;0;0;0;0;0;0;30;30;20;45;30;30;20;45;30;30;20;45;30;30;20;45;200;142;100;300;200;140;100;300;200;141;100;300;200;141;100;300;30;30;20;45;30;30;20;45;30;30;20;45;30;30;20;45;200;146;100;300;200;144;100;300;200;224;100;300;200;225;100;300;4;2;0.4;6;4;5;0.4;6;4;2;0.4;6;4;5;0.4;6;4;2;0.4;6;4;5;0.4;6;4;2;0.4;6;4;5;0.4;6;NOK;NOK;OK;7000;7104;6500;8100;OK;4.95;0;8;12;NOK;N/A;1.5;N/A;N/A;N/A;9;11.8;7;18;OK;;0;0;0;-;Disabled;TempOk;2;230;37.9;38.2;0;0;349.9;441345100 daimler 1500 1900;441345100 daimler 1500 1900;441345100 Daimler 1500 1900
20260325_23:12:13;0;3;2;950;939.9;925;975;OK;950;951.7;925;975;OK;951.7;951.6;-20;-18.4;-50;-25;NOK;-20;-18.5;-50;-25;NOK;-15.7;-17;0;-20;-18.4;-50;-25;NOK;300;311;300;500;OK;0;0;N/A;N/A;N/A;N/A;N/A;N/A;N/A;N/A;N/A;N/A;N/A;N/A;N/A;N/A;N/A;N/A;N/A;N/A;N/A;N/A;N/A;N/A;N/A;N/A;N/A;N/A;N/A;N/A;N/A;N/A;N/A;N/A;N/A;N/A;N/A;N/A;N/A;N/A;N/A;N/A;N/A;N/A;N/A;N/A;N/A;N/A;N/A;N/A;N/A;N/A;N/A;N/A;N/A;N/A;N/A;N/A;N/A;N/A;N/A;N/A;N/A;N/A;N/A;N/A;N/A;N/A;N/A;N/A;N/A;N/A;N/A;N/A;N/A;N/A;N/A;N/A;N/A;N/A;N/A;N/A;N/A;N/A;N/A;N/A;N/A;N/A;N/A;N/A;N/A;N/A;N/A;N/A;N/A;N/A;N/A;N/A;N/A;N/A;;0;319.8;0;0;;Disabled;TempStop;2;700;322.2;278.4;0;0;599.9;549.9;Enabled;PosOk;2;0;0;0;0;0;15;Disabled;0;0;0;0;0;0;0;0;0;0;0;0;0;0;0;0;0;0;0;0;0;0;0;0;0;0;0;0;0;0;0;0;0;0;0;0;0;0;0;0;0;0;0;0;0;0;0;0;0;0;0;0;0;0;0;0;0;0;0;0;0;0;0;0;0;0;0;0;0;0;30;31;20;45;30;30;20;45;30;31;20;45;30;30;20;45;200;142;100;300;200;140;100;300;200;141;100;300;200;141;100;300;30;31;20;45;30;30;20;45;30;31;20;45;30;30;20;45;200;146;100;300;200;144;100;300;200;224;100;300;200;225;100;300;4;2;0.4;6;4;5;0.4;6;4;2;0.4;6;4;5;0.4;6;4;2;0.4;6;4;5;0.4;6;4;2;0.4;6;4;5;0.4;6;NOK;NOK;OK;7000;7037;6500;8100;OK;4.96;0;8;12;NOK;N/A;1.5;N/A;N/A;N/A;9;12.5;7;18;OK;;0;0;0;-;Disabled;TempOk;2;230;38.2;38.7;0;0;349.9;441345100 daimler 1500 1900;441345100 daimler 1500 1900;441345100 Daimler 1500 1900
20260325_23:12:49;0;1;3;950;940.7;925;975;OK;950;951.8;925;975;OK;951.8;951.7;-20;-15.1;-50;-25;NOK;-20;-16.2;-50;-25;NOK;-17.5;-18.2;0;-20;-15;-50;-25;NOK;300;311;300;500;OK;0;0;N/A;N/A;N/A;N/A;N/A;N/A;N/A;N/A;N/A;N/A;N/A;N/A;N/A;N/A;N/A;N/A;N/A;N/A;N/A;N/A;N/A;N/A;N/A;N/A;N/A;N/A;N/A;N/A;N/A;N/A;N/A;N/A;N/A;N/A;N/A;N/A;N/A;N/A;N/A;N/A;N/A;N/A;N/A;N/A;N/A;N/A;N/A;N/A;N/A;N/A;N/A;N/A;N/A;N/A;N/A;N/A;N/A;N/A;N/A;N/A;N/A;N/A;N/A;N/A;N/A;N/A;N/A;N/A;N/A;N/A;N/A;N/A;N/A;N/A;N/A;N/A;N/A;N/A;N/A;N/A;N/A;N/A;N/A;N/A;N/A;N/A;N/A;N/A;N/A;N/A;N/A;N/A;N/A;N/A;N/A;N/A;N/A;N/A;;0;321.4;0;0;;Disabled;TempStop;2;700;323.7;280.1;0;0;599.9;549.9;Enabled;PosOk;2;0;0;0;0;0;15;Disabled;0;0;0;0;0;0;0;0;0;0;0;0;0;0;0;0;0;0;0;0;0;0;0;0;0;0;0;0;0;0;0;0;0;0;0;0;0;0;0;0;0;0;0;0;0;0;0;0;0;0;0;0;0;0;0;0;0;0;0;0;0;0;0;0;0;0;0;0;12;24;30;31;20;45;30;30;20;45;30;32;20;45;30;30;20;45;200;142;100;300;200;141;100;300;200;141;100;300;200;141;100;300;30;31;20;45;30;30;20;45;30;31;20;45;30;30;20;45;200;146;100;300;200;144;100;300;200;224;100;300;200;225;100;300;4;2;0.4;6;4;5;0.4;6;4;2;0.4;6;4;5;0.4;6;4;2;0.4;6;4;5;0.4;6;4;2;0.4;6;4;5;0.4;6;NOK;NOK;OK;7000;7029;6500;8100;OK;4.95;0;8;12;NOK;N/A;1.5;N/A;N/A;N/A;9;11.8;7;18;OK;;0;0;0;-;Disabled;TempOk;2;230;38.2;38.2;0;0;349.9;441345100 daimler 1500 1900;441345100 daimler 1500 1900;441345100 Daimler 1500 1900
20260325_23:13:25;0;3;3;950;940.2;925;975;OK;950;951.7;925;975;OK;951.6;951.8;-20;-14.7;-50;-25;NOK;-20;-15;-50;-25;NOK;-12.4;-13.8;0;-20;-14.7;-50;-25;NOK;300;311;300;500;OK;0;0;N/A;N/A;N/A;N/A;N/A;N/A;N/A;N/A;N/A;N/A;N/A;N/A;N/A;N/A;N/A;N/A;N/A;N/A;N/A;N/A;N/A;N/A;N/A;N/A;N/A;N/A;N/A;N/A;N/A;N/A;N/A;N/A;N/A;N/A;N/A;N/A;N/A;N/A;N/A;N/A;N/A;N/A;N/A;N/A;N/A;N/A;N/A;N/A;N/A;N/A;N/A;N/A;N/A;N/A;N/A;N/A;N/A;N/A;N/A;N/A;N/A;N/A;N/A;N/A;N/A;N/A;N/A;N/A;N/A;N/A;N/A;N/A;N/A;N/A;N/A;N/A;N/A;N/A;N/A;N/A;N/A;N/A;N/A;N/A;N/A;N/A;N/A;N/A;N/A;N/A;N/A;N/A;N/A;N/A;N/A;N/A;N/A;N/A;;0;320.1;0;0;;Disabled;TempStop;2;700;322.5;278.7;0;0;599.9;549.9;Enabled;PosOk;2;0;0;0;0;0;15;Disabled;0;0;0;0;0;0;0;0;0;0;0;0;0;0;0;0;0;0;0;0;0;0;0;0;0;0;0;0;0;0;0;0;0;0;0;0;0;0;0;0;0;0;0;0;0;0;0;0;0;0;0;0;0;0;0;0;0;0;0;0;0;0;0;0;0;0;0;0;0;0;30;31;20;45;30;30;20;45;30;31;20;45;30;30;20;45;200;142;100;300;200;140;100;300;200;141;100;300;200;141;100;300;30;31;20;45;30;30;20;45;30;31;20;45;30;30;20;45;200;146;100;300;200;145;100;300;200;224;100;300;200;225;100;300;4;2;0.4;6;4;5;0.4;6;4;2;0.4;6;4;5;0.4;6;4;2;0.4;6;4;5;0.4;6;4;3;0.4;6;4;5;0.4;6;NOK;NOK;OK;7000;7040;6500;8100;OK;4.96;0;8;12;NOK;N/A;1.5;N/A;N/A;N/A;9;12;7;18;OK;;0;0;0;-;Disabled;TempOk;2;230;37.9;38.2;0;0;349.9;441345100 daimler 1500 1900;441345100 daimler 1500 1900;441345100 Daimler 1500 1900
20260325_23:14:01;0;1;4;950;939.9;925;975;OK;950;951;925;975;OK;950.9;950.8;-20;-12.2;-50;-25;NOK;-20;-13;-50;-25;NOK;-15.9;-15.5;0;-20;-12;-50;-25;NOK;300;311;300;500;OK;0;0;N/A;N/A;N/A;N/A;N/A;N/A;N/A;N/A;N/A;N/A;N/A;N/A;N/A;N/A;N/A;N/A;N/A;N/A;N/A;N/A;N/A;N/A;N/A;N/A;N/A;N/A;N/A;N/A;N/A;N/A;N/A;N/A;N/A;N/A;N/A;N/A;N/A;N/A;N/A;N/A;N/A;N/A;N/A;N/A;N/A;N/A;N/A;N/A;N/A;N/A;N/A;N/A;N/A;N/A;N/A;N/A;N/A;N/A;N/A;N/A;N/A;N/A;N/A;N/A;N/A;N/A;N/A;N/A;N/A;N/A;N/A;N/A;N/A;N/A;N/A;N/A;N/A;N/A;N/A;N/A;N/A;N/A;N/A;N/A;N/A;N/A;N/A;N/A;N/A;N/A;N/A;N/A;N/A;N/A;N/A;N/A;N/A;N/A;;0;321.3;0;0;;Disabled;TempStop;2;700;323.7;280.3;0;0;599.9;549.9;Enabled;PosOk;2;0;0;0;0;0;15;Disabled;0;0;0;0;0;0;0;0;0;0;0;0;0;0;0;0;0;0;0;0;0;0;0;0;0;0;0;0;0;0;0;0;0;0;0;0;0;0;0;0;0;0;0;0;0;0;0;0;0;0;0;0;0;0;0;0;0;0;0;0;0;0;0;0;0;0;0;0;13;36;30;32;20;45;30;30;20;45;30;32;20;45;30;30;20;45;200;142;100;300;200;140;100;300;200;141;100;300;200;141;100;300;30;31;20;45;30;30;20;45;30;31;20;45;30;30;20;45;200;146;100;300;200;145;100;300;200;224;100;300;200;225;100;300;4;2;0.4;6;4;5;0.4;6;4;2;0.4;6;4;5;0.4;6;4;2;0.4;6;4;5;0.4;6;4;3;0.4;6;4;5;0.4;6;NOK;NOK;OK;7000;7040;6500;8100;OK;4.96;0;8;12;NOK;N/A;1.5;N/A;N/A;N/A;9;11.7;7;18;OK;;0;0;0;-;Disabled;TempOk;2;230;38.4;38.7;0;0;349.9;441345100 daimler 1500 1900;441345100 daimler 1500 1900;441345100 Daimler 1500 1900
20260325_23:14:37;0;3;4;950;941;925;975;OK;950;951.6;925;975;OK;951.6;951.6;-20;-12.3;-50;-25;NOK;-20;-13.8;-50;-25;NOK;-17.1;-16.8;0;-20;-12.1;-50;-25;NOK;300;311;300;500;OK;0;0;N/A;N/A;N/A;N/A;N/A;N/A;N/A;N/A;N/A;N/A;N/A;N/A;N/A;N/A;N/A;N/A;N/A;N/A;N/A;N/A;N/A;N/A;N/A;N/A;N/A;N/A;N/A;N/A;N/A;N/A;N/A;N/A;N/A;N/A;N/A;N/A;N/A;N/A;N/A;N/A;N/A;N/A;N/A;N/A;N/A;N/A;N/A;N/A;N/A;N/A;N/A;N/A;N/A;N/A;N/A;N/A;N/A;N/A;N/A;N/A;N/A;N/A;N/A;N/A;N/A;N/A;N/A;N/A;N/A;N/A;N/A;N/A;N/A;N/A;N/A;N/A;N/A;N/A;N/A;N/A;N/A;N/A;N/A;N/A;N/A;N/A;N/A;N/A;N/A;N/A;N/A;N/A;N/A;N/A;N/A;N/A;N/A;N/A;;0;319.6;0;0;;Disabled;TempStop;2;700;322;278.2;0;0;599.9;549.9;Enabled;PosOk;2;0;0;0;0;0;15;Disabled;0;0;0;0;0;0;0;0;0;0;0;0;0;0;0;0;0;0;0;0;0;0;0;0;0;0;0;0;0;0;0;0;0;0;0;0;0;0;0;0;0;0;0;0;0;0;0;0;0;0;0;0;0;0;0;0;0;0;0;0;0;0;0;0;0;0;0;0;0;0;30;31;20;45;30;29;20;45;30;32;20;45;30;29;20;45;200;142;100;300;200;140;100;300;200;141;100;300;200;141;100;300;30;30;20;45;30;29;20;45;30;30;20;45;30;29;20;45;200;146;100;300;200;145;100;300;200;224;100;300;200;225;100;300;4;2;0.4;6;4;5;0.4;6;4;2;0.4;6;4;5;0.4;6;4;2;0.4;6;4;5;0.4;6;4;2;0.4;6;4;5;0.4;6;NOK;NOK;OK;7000;7038;6500;8100;OK;4.95;0;8;12;NOK;N/A;1.5;N/A;N/A;N/A;9;12;7;18;OK;;0;0;0;-;Disabled;TempOk;2;230;38.4;38.4;0;0;349.9;441345100 daimler 1500 1900;441345100 daimler 1500 1900;441345100 Daimler 1500 1900
20260325_23:15:13;0;3;5;950;942.5;925;975;OK;950;951.2;925;975;OK;951.2;951.3;-20;-15.7;-50;-25;NOK;-20;-16.4;-50;-25;NOK;-16.6;-17.2;0;-20;-15.6;-50;-25;NOK;300;311;300;500;OK;0;0;N/A;N/A;N/A;N/A;N/A;N/A;N/A;N/A;N/A;N/A;N/A;N/A;N/A;N/A;N/A;N/A;N/A;N/A;N/A;N/A;N/A;N/A;N/A;N/A;N/A;N/A;N/A;N/A;N/A;N/A;N/A;N/A;N/A;N/A;N/A;N/A;N/A;N/A;N/A;N/A;N/A;N/A;N/A;N/A;N/A;N/A;N/A;N/A;N/A;N/A;N/A;N/A;N/A;N/A;N/A;N/A;N/A;N/A;N/A;N/A;N/A;N/A;N/A;N/A;N/A;N/A;N/A;N/A;N/A;N/A;N/A;N/A;N/A;N/A;N/A;N/A;N/A;N/A;N/A;N/A;N/A;N/A;N/A;N/A;N/A;N/A;N/A;N/A;N/A;N/A;N/A;N/A;N/A;N/A;N/A;N/A;N/A;N/A;;0;320;0;0;;Disabled;TempStop;2;700;322.3;278.7;0;0;599.9;549.9;Enabled;PosOk;2;0;0;0;0;0;15;Disabled;0;0;0;0;0;0;0;0;0;0;0;0;0;0;0;0;0;0;0;0;0;0;0;0;0;0;0;0;0;0;0;0;0;0;0;0;0;0;0;0;0;0;0;0;0;0;0;0;0;0;0;0;0;0;0;0;0;0;0;0;0;0;0;0;0;0;0;0;0;0;30;31;20;45;30;29;20;45;30;31;20;45;30;29;20;45;200;142;100;300;200;141;100;300;200;141;100;300;200;141;100;300;30;30;20;45;30;29;20;45;30;30;20;45;30;29;20;45;200;146;100;300;200;145;100;300;200;224;100;300;200;225;100;300;4;2;0.4;6;4;5;0.4;6;4;2;0.4;6;4;5;0.4;6;4;2;0.4;6;4;5;0.4;6;4;2;0.4;6;4;5;0.4;6;NOK;NOK;OK;7000;7028;6500;8100;OK;4.95;0;8;12;NOK;N/A;1.5;N/A;N/A;N/A;9;12.3;7;18;OK;;0;0;0;-;Disabled;TempOk;2;230;38.4;38.9;0;0;349.9;441345100 daimler 1500 1900;441345100 daimler 1500 1900;441345100 Daimler 1500 1900
20260325_23:17:01;0;1;2;950;940.6;925;975;OK;950;951.3;925;975;OK;951.3;951.4;-20;-17.8;-50;-25;NOK;-20;-17.4;-50;-25;NOK;-17.2;-17.2;0;-20;-17.8;-50;-25;NOK;300;311;300;500;OK;0;0;N/A;N/A;N/A;N/A;N/A;N/A;N/A;N/A;N/A;N/A;N/A;N/A;N/A;N/A;N/A;N/A;N/A;N/A;N/A;N/A;N/A;N/A;N/A;N/A;N/A;N/A;N/A;N/A;N/A;N/A;N/A;N/A;N/A;N/A;N/A;N/A;N/A;N/A;N/A;N/A;N/A;N/A;N/A;N/A;N/A;N/A;N/A;N/A;N/A;N/A;N/A;N/A;N/A;N/A;N/A;N/A;N/A;N/A;N/A;N/A;N/A;N/A;N/A;N/A;N/A;N/A;N/A;N/A;N/A;N/A;N/A;N/A;N/A;N/A;N/A;N/A;N/A;N/A;N/A;N/A;N/A;N/A;N/A;N/A;N/A;N/A;N/A;N/A;N/A;N/A;N/A;N/A;N/A;N/A;N/A;N/A;N/A;N/A;;0;320.8;0;0;;Disabled;TempStop;2;700;322.3;281.1;0;0;599.9;549.9;Enabled;PosOk;2;0;0;0;0;0;15;Disabled;0;0;0;0;0;0;0;0;0;0;0;0;0;0;0;0;0;0;0;0;0;0;0;0;0;0;0;0;0;0;0;0;0;0;0;0;0;0;0;0;0;0;0;0;0;0;0;0;0;0;0;0;0;0;0;0;0;0;0;0;0;0;0;0;0;0;0;0;0;0;30;30;20;45;30;30;20;45;30;30;20;45;30;30;20;45;200;142;100;300;200;140;100;300;200;141;100;300;200;141;100;300;30;30;20;45;30;30;20;45;30;30;20;45;30;30;20;45;200;145;100;300;200;145;100;300;200;224;100;300;200;225;100;300;4;2;0.4;6;4;5;0.4;6;4;2;0.4;6;4;5;0.4;6;4;2;0.4;6;4;5;0.4;6;4;2;0.4;6;4;5;0.4;6;NOK;NOK;OK;7000;7105;6500;8100;OK;4.96;0;8;12;NOK;N/A;1.5;N/A;N/A;N/A;9;11.9;7;18;OK;;0;0;0;-;Disabled;TempOk;2;230;37.9;38.2;0;0;349.9;441345100 daimler 1500 1900;441345100 daimler 1500 1900;441345100 Daimler 1500 1900
20260325_23:17:37;0;3;2;950;940.6;925;975;OK;950;951.8;925;975;OK;951.6;951.6;-20;-18.9;-50;-25;NOK;-20;-18.6;-50;-25;NOK;-15.9;-17.2;0;-20;-18.9;-50;-25;NOK;300;311;300;500;OK;0;0;N/A;N/A;N/A;N/A;N/A;N/A;N/A;N/A;N/A;N/A;N/A;N/A;N/A;N/A;N/A;N/A;N/A;N/A;N/A;N/A;N/A;N/A;N/A;N/A;N/A;N/A;N/A;N/A;N/A;N/A;N/A;N/A;N/A;N/A;N/A;N/A;N/A;N/A;N/A;N/A;N/A;N/A;N/A;N/A;N/A;N/A;N/A;N/A;N/A;N/A;N/A;N/A;N/A;N/A;N/A;N/A;N/A;N/A;N/A;N/A;N/A;N/A;N/A;N/A;N/A;N/A;N/A;N/A;N/A;N/A;N/A;N/A;N/A;N/A;N/A;N/A;N/A;N/A;N/A;N/A;N/A;N/A;N/A;N/A;N/A;N/A;N/A;N/A;N/A;N/A;N/A;N/A;N/A;N/A;N/A;N/A;N/A;N/A;;0;319.7;0;0;;Disabled;TempStop;2;700;322;278.5;0;0;599.9;549.9;Enabled;PosOk;2;0;0;0;0;0;15;Disabled;0;0;0;0;0;0;0;0;0;0;0;0;0;0;0;0;0;0;0;0;0;0;0;0;0;0;0;0;0;0;0;0;0;0;0;0;0;0;0;0;0;0;0;0;0;0;0;0;0;0;0;0;0;0;0;0;0;0;0;0;0;0;0;0;0;0;0;0;0;0;30;31;20;45;30;30;20;45;30;31;20;45;30;30;20;45;200;142;100;300;200;140;100;300;200;141;100;300;200;141;100;300;30;31;20;45;30;30;20;45;30;31;20;45;30;30;20;45;200;145;100;300;200;145;100;300;200;223;100;300;200;224;100;300;4;2;0.4;6;4;5;0.4;6;4;2;0.4;6;4;5;0.4;6;4;2;0.4;6;4;5;0.4;6;4;2;0.4;6;4;5;0.4;6;NOK;NOK;OK;7000;7059;6500;8100;OK;4.96;0;8;12;NOK;N/A;1.5;N/A;N/A;N/A;9;12.3;7;18;OK;;0;0;0;-;Disabled;TempOk;2;230;38.2;38.4;0;0;349.9;441345100 daimler 1500 1900;441345100 daimler 1500 1900;441345100 Daimler 1500 1900
20260325_23:18:13;0;1;3;950;940.9;925;975;OK;950;951.8;925;975;OK;951.8;951.7;-20;-15.2;-50;-25;NOK;-20;-16;-50;-25;NOK;-17.3;-18;0;-20;-15.1;-50;-25;NOK;300;311;300;500;OK;0;0;N/A;N/A;N/A;N/A;N/A;N/A;N/A;N/A;N/A;N/A;N/A;N/A;N/A;N/A;N/A;N/A;N/A;N/A;N/A;N/A;N/A;N/A;N/A;N/A;N/A;N/A;N/A;N/A;N/A;N/A;N/A;N/A;N/A;N/A;N/A;N/A;N/A;N/A;N/A;N/A;N/A;N/A;N/A;N/A;N/A;N/A;N/A;N/A;N/A;N/A;N/A;N/A;N/A;N/A;N/A;N/A;N/A;N/A;N/A;N/A;N/A;N/A;N/A;N/A;N/A;N/A;N/A;N/A;N/A;N/A;N/A;N/A;N/A;N/A;N/A;N/A;N/A;N/A;N/A;N/A;N/A;N/A;N/A;N/A;N/A;N/A;N/A;N/A;N/A;N/A;N/A;N/A;N/A;N/A;N/A;N/A;N/A;N/A;;0;322.3;0;0;;Disabled;TempStop;2;700;325;280.9;0;0;599.9;549.9;Enabled;PosOk;2;0;0;0;0;0;15;Disabled;0;0;0;0;0;0;0;0;0;0;0;0;0;0;0;0;0;0;0;0;0;0;0;0;0;0;0;0;0;0;0;0;0;0;0;0;0;0;0;0;0;0;0;0;0;0;0;0;0;0;0;0;0;0;0;0;0;0;0;0;0;0;0;0;0;0;0;0;17;47;30;31;20;45;30;30;20;45;30;31;20;45;30;30;20;45;200;142;100;300;200;140;100;300;200;141;100;300;200;140;100;300;30;31;20;45;30;30;20;45;30;31;20;45;30;30;20;45;200;146;100;300;200;144;100;300;200;224;100;300;200;225;100;300;4;2;0.4;6;4;5;0.4;6;4;2;0.4;6;4;5;0.4;6;4;2;0.4;6;4;5;0.4;6;4;2;0.4;6;4;5;0.4;6;NOK;NOK;OK;7000;7035;6500;8100;OK;4.96;0;8;12;NOK;N/A;1.5;N/A;N/A;N/A;9;11.8;7;18;OK;;0;0;0;-;Disabled;TempOk;2;230;37.9;38.4;0;0;349.9;441345100 daimler 1500 1900;441345100 daimler 1500 1900;441345100 Daimler 1500 1900
20260325_23:18:49;0;3;3;950;941.2;925;975;OK;950;951.8;925;975;OK;951.6;951.7;-20;-14.9;-50;-25;NOK;-20;-15;-50;-25;NOK;-12.5;-13.8;0;-20;-14.8;-50;-25;NOK;300;311;300;500;OK;0;0;N/A;N/A;N/A;N/A;N/A;N/A;N/A;N/A;N/A;N/A;N/A;N/A;N/A;N/A;N/A;N/A;N/A;N/A;N/A;N/A;N/A;N/A;N/A;N/A;N/A;N/A;N/A;N/A;N/A;N/A;N/A;N/A;N/A;N/A;N/A;N/A;N/A;N/A;N/A;N/A;N/A;N/A;N/A;N/A;N/A;N/A;N/A;N/A;N/A;N/A;N/A;N/A;N/A;N/A;N/A;N/A;N/A;N/A;N/A;N/A;N/A;N/A;N/A;N/A;N/A;N/A;N/A;N/A;N/A;N/A;N/A;N/A;N/A;N/A;N/A;N/A;N/A;N/A;N/A;N/A;N/A;N/A;N/A;N/A;N/A;N/A;N/A;N/A;N/A;N/A;N/A;N/A;N/A;N/A;N/A;N/A;N/A;N/A;;0;320.2;0;0;;Disabled;TempStop;2;700;323.2;278.8;0;0;599.9;549.9;Enabled;PosOk;2;0;0;0;0;0;15;Disabled;0;0;0;0;0;0;0;0;0;0;0;0;0;0;0;0;0;0;0;0;0;0;0;0;0;0;0;0;0;0;0;0;0;0;0;0;0;0;0;0;0;0;0;0;0;0;0;0;0;0;0;0;0;0;0;0;0;0;0;0;0;0;0;0;0;0;0;0;0;0;30;31;20;45;30;30;20;45;30;31;20;45;30;30;20;45;200;142;100;300;200;140;100;300;200;141;100;300;200;141;100;300;30;31;20;45;30;30;20;45;30;30;20;45;30;30;20;45;200;146;100;300;200;144;100;300;200;224;100;300;200;225;100;300;4;2;0.4;6;4;5;0.4;6;4;2;0.4;6;4;5;0.4;6;4;2;0.4;6;4;5;0.4;6;4;2;0.4;6;4;5;0.4;6;NOK;NOK;OK;7000;7041;6500;8100;OK;4.96;0;8;12;NOK;N/A;1.5;N/A;N/A;N/A;9;12;7;18;OK;;0;0;0;-;Disabled;TempOk;2;230;37.9;38.2;0;0;349.9;441345100 daimler 1500 1900;441345100 daimler 1500 1900;441345100 Daimler 1500 1900
20260325_23:19:25;0;1;4;950;939.5;925;975;OK;950;950.9;925;975;OK;951.1;950.8;-20;-12.1;-50;-25;NOK;-20;-13;-50;-25;NOK;-15.8;-15.5;0;-20;-12;-50;-25;NOK;300;311;300;500;OK;0;0;N/A;N/A;N/A;N/A;N/A;N/A;N/A;N/A;N/A;N/A;N/A;N/A;N/A;N/A;N/A;N/A;N/A;N/A;N/A;N/A;N/A;N/A;N/A;N/A;N/A;N/A;N/A;N/A;N/A;N/A;N/A;N/A;N/A;N/A;N/A;N/A;N/A;N/A;N/A;N/A;N/A;N/A;N/A;N/A;N/A;N/A;N/A;N/A;N/A;N/A;N/A;N/A;N/A;N/A;N/A;N/A;N/A;N/A;N/A;N/A;N/A;N/A;N/A;N/A;N/A;N/A;N/A;N/A;N/A;N/A;N/A;N/A;N/A;N/A;N/A;N/A;N/A;N/A;N/A;N/A;N/A;N/A;N/A;N/A;N/A;N/A;N/A;N/A;N/A;N/A;N/A;N/A;N/A;N/A;N/A;N/A;N/A;N/A;;0;322;0;0;;Disabled;TempStop;2;700;324.6;280.6;0;0;599.9;549.9;Enabled;PosOk;2;0;0;0;0;0;15;Disabled;0;0;0;0;0;0;0;0;0;0;0;0;0;0;0;0;0;0;0;0;0;0;0;0;0;0;0;0;0;0;0;0;0;0;0;0;0;0;0;0;0;0;0;0;0;0;0;0;0;0;0;0;0;0;0;0;0;0;0;0;0;0;0;0;0;0;0;0;18;59;30;31;20;45;30;30;20;45;30;31;20;45;30;30;20;45;200;142;100;300;200;140;100;300;200;141;100;300;200;141;100;300;30;31;20;45;30;30;20;45;30;30;20;45;30;30;20;45;200;146;100;300;200;145;100;300;200;224;100;300;200;225;100;300;4;2;0.4;6;4;5;0.4;6;4;2;0.4;6;4;5;0.4;6;4;2;0.4;6;4;5;0.4;6;4;2;0.4;6;4;5;0.4;6;NOK;NOK;OK;7000;7021;6500;8100;OK;4.95;0;8;12;NOK;N/A;1.5;N/A;N/A;N/A;9;11.7;7;18;OK;;0;0;0;-;Disabled;TempOk;2;230;38.4;38.4;0;0;349.9;441345100 daimler 1500 1900;441345100 daimler 1500 1900;441345100 Daimler 1500 1900
20260325_23:20:01;0;3;4;950;941;925;975;OK;950;951.7;925;975;OK;951.5;951.6;-20;-12.5;-50;-25;NOK;-20;-13.7;-50;-25;NOK;-17.1;-16.9;0;-20;-12.3;-50;-25;NOK;300;311;300;500;OK;0;0;N/A;N/A;N/A;N/A;N/A;N/A;N/A;N/A;N/A;N/A;N/A;N/A;N/A;N/A;N/A;N/A;N/A;N/A;N/A;N/A;N/A;N/A;N/A;N/A;N/A;N/A;N/A;N/A;N/A;N/A;N/A;N/A;N/A;N/A;N/A;N/A;N/A;N/A;N/A;N/A;N/A;N/A;N/A;N/A;N/A;N/A;N/A;N/A;N/A;N/A;N/A;N/A;N/A;N/A;N/A;N/A;N/A;N/A;N/A;N/A;N/A;N/A;N/A;N/A;N/A;N/A;N/A;N/A;N/A;N/A;N/A;N/A;N/A;N/A;N/A;N/A;N/A;N/A;N/A;N/A;N/A;N/A;N/A;N/A;N/A;N/A;N/A;N/A;N/A;N/A;N/A;N/A;N/A;N/A;N/A;N/A;N/A;N/A;;0;319.6;0;0;;Disabled;TempStop;2;700;322.4;278.5;0;0;599.9;549.9;Enabled;PosOk;2;0;0;0;0;0;15;Disabled;0;0;0;0;0;0;0;0;0;0;0;0;0;0;0;0;0;0;0;0;0;0;0;0;0;0;0;0;0;0;0;0;0;0;0;0;0;0;0;0;0;0;0;0;0;0;0;0;0;0;0;0;0;0;0;0;0;0;0;0;0;0;0;0;0;0;0;0;0;0;30;31;20;45;30;30;20;45;30;31;20;45;30;30;20;45;200;143;100;300;200;140;100;300;200;141;100;300;200;141;100;300;30;31;20;45;30;30;20;45;30;31;20;45;30;30;20;45;200;146;100;300;200;145;100;300;200;224;100;300;200;225;100;300;4;2;0.4;6;4;5;0.4;6;4;2;0.4;6;4;5;0.4;6;4;2;0.4;6;4;5;0.4;6;4;2;0.4;6;4;5;0.4;6;NOK;NOK;OK;7000;7034;6500;8100;OK;4.96;0;8;12;NOK;N/A;1.5;N/A;N/A;N/A;9;12;7;18;OK;;0;0;0;-;Disabled;TempOk;2;230;37.9;38.4;0;0;349.9;441345100 daimler 1500 1900;441345100 daimler 1500 1900;441345100 Daimler 1500 1900
20260325_23:20:37;0;3;5;950;942.8;925;975;OK;950;951.2;925;975;OK;951.2;951.3;-20;-16;-50;-25;NOK;-20;-16.5;-50;-25;NOK;-16.6;-17.2;0;-20;-15.8;-50;-25;NOK;300;311;300;500;OK;0;0;N/A;N/A;N/A;N/A;N/A;N/A;N/A;N/A;N/A;N/A;N/A;N/A;N/A;N/A;N/A;N/A;N/A;N/A;N/A;N/A;N/A;N/A;N/A;N/A;N/A;N/A;N/A;N/A;N/A;N/A;N/A;N/A;N/A;N/A;N/A;N/A;N/A;N/A;N/A;N/A;N/A;N/A;N/A;N/A;N/A;N/A;N/A;N/A;N/A;N/A;N/A;N/A;N/A;N/A;N/A;N/A;N/A;N/A;N/A;N/A;N/A;N/A;N/A;N/A;N/A;N/A;N/A;N/A;N/A;N/A;N/A;N/A;N/A;N/A;N/A;N/A;N/A;N/A;N/A;N/A;N/A;N/A;N/A;N/A;N/A;N/A;N/A;N/A;N/A;N/A;N/A;N/A;N/A;N/A;N/A;N/A;N/A;N/A;;0;319.4;0;0;;Disabled;TempStop;2;700;321.7;279;0;0;599.9;549.9;Enabled;PosOk;2;0;0;0;0;0;15;Disabled;0;0;0;0;0;0;0;0;0;0;0;0;0;0;0;0;0;0;0;0;0;0;0;0;0;0;0;0;0;0;0;0;0;0;0;0;0;0;0;0;0;0;0;0;0;0;0;0;0;0;0;0;0;0;0;0;0;0;0;0;0;0;0;0;0;0;0;0;0;0;30;31;20;45;30;30;20;45;30;32;20;45;30;30;20;45;200;142;100;300;200;140;100;300;200;142;100;300;200;141;100;300;30;31;20;45;30;30;20;45;30;31;20;45;30;30;20;45;200;146;100;300;200;145;100;300;200;223;100;300;200;225;100;300;4;2;0.4;6;4;5;0.4;6;4;2;0.4;6;4;5;0.4;6;4;3;0.4;6;4;5;0.4;6;4;2;0.4;6;4;5;0.4;6;NOK;NOK;OK;7000;7066;6500;8100;OK;4.96;0;8;12;NOK;N/A;1.5;N/A;N/A;N/A;9;11.8;7;18;OK;;0;0;0;-;Disabled;TempOk;2;230;38.4;38.7;0;0;349.9;441345100 daimler 1500 1900;441345100 daimler 1500 1900;441345100 Daimler 1500 1900
20260325_23:22:24;0;1;2;950;939.6;925;975;OK;950;951.3;925;975;OK;951.3;951.3;-20;-17.5;-50;-25;NOK;-20;-17.4;-50;-25;NOK;-17.1;-17.1;0;-20;-17.6;-50;-25;NOK;300;311;300;500;OK;0;0;N/A;N/A;N/A;N/A;N/A;N/A;N/A;N/A;N/A;N/A;N/A;N/A;N/A;N/A;N/A;N/A;N/A;N/A;N/A;N/A;N/A;N/A;N/A;N/A;N/A;N/A;N/A;N/A;N/A;N/A;N/A;N/A;N/A;N/A;N/A;N/A;N/A;N/A;N/A;N/A;N/A;N/A;N/A;N/A;N/A;N/A;N/A;N/A;N/A;N/A;N/A;N/A;N/A;N/A;N/A;N/A;N/A;N/A;N/A;N/A;N/A;N/A;N/A;N/A;N/A;N/A;N/A;N/A;N/A;N/A;N/A;N/A;N/A;N/A;N/A;N/A;N/A;N/A;N/A;N/A;N/A;N/A;N/A;N/A;N/A;N/A;N/A;N/A;N/A;N/A;N/A;N/A;N/A;N/A;N/A;N/A;N/A;N/A;;0;321;0;0;;Disabled;TempStop;2;700;322.5;281;0;0;599.9;549.9;Enabled;PosOk;2;0;0;0;0;0;15;Disabled;0;0;0;0;0;0;0;0;0;0;0;0;0;0;0;0;0;0;0;0;0;0;0;0;0;0;0;0;0;0;0;0;0;0;0;0;0;0;0;0;0;0;0;0;0;0;0;0;0;0;0;0;0;0;0;0;0;0;0;0;0;0;0;0;0;0;0;0;0;0;30;30;20;45;30;30;20;45;30;31;20;45;30;30;20;45;200;142;100;300;200;141;100;300;200;142;100;300;200;141;100;300;30;30;20;45;30;30;20;45;30;30;20;45;30;30;20;45;200;146;100;300;200;145;100;300;200;224;100;300;200;225;100;300;4;2;0.4;6;4;5;0.4;6;4;2;0.4;6;4;5;0.4;6;4;2;0.4;6;4;5;0.4;6;4;2;0.4;6;4;5;0.4;6;NOK;NOK;OK;7000;7110;6500;8100;OK;4.96;0;8;12;NOK;N/A;1.5;N/A;N/A;N/A;9;12.3;7;18;OK;;0;0;0;-;Disabled;TempOk;2;230;38.2;38.4;0;0;349.9;441345100 daimler 1500 1900;441345100 daimler 1500 1900;441345100 Daimler 1500 1900
20260325_23:23:00;0;3;2;950;940.5;925;975;OK;950;951.7;925;975;OK;951.8;951.6;-20;-19;-50;-25;NOK;-20;-18.7;-50;-25;NOK;-16;-17.2;0;-20;-19.1;-50;-25;NOK;300;311;300;500;OK;0;0;N/A;N/A;N/A;N/A;N/A;N/A;N/A;N/A;N/A;N/A;N/A;N/A;N/A;N/A;N/A;N/A;N/A;N/A;N/A;N/A;N/A;N/A;N/A;N/A;N/A;N/A;N/A;N/A;N/A;N/A;N/A;N/A;N/A;N/A;N/A;N/A;N/A;N/A;N/A;N/A;N/A;N/A;N/A;N/A;N/A;N/A;N/A;N/A;N/A;N/A;N/A;N/A;N/A;N/A;N/A;N/A;N/A;N/A;N/A;N/A;N/A;N/A;N/A;N/A;N/A;N/A;N/A;N/A;N/A;N/A;N/A;N/A;N/A;N/A;N/A;N/A;N/A;N/A;N/A;N/A;N/A;N/A;N/A;N/A;N/A;N/A;N/A;N/A;N/A;N/A;N/A;N/A;N/A;N/A;N/A;N/A;N/A;N/A;;0;319.1;0;0;;Disabled;TempStop;2;700;321.3;279.1;0;0;599.9;549.9;Enabled;PosOk;2;0;0;0;0;0;15;Disabled;0;0;0;0;0;0;0;0;0;0;0;0;0;0;0;0;0;0;0;0;0;0;0;0;0;0;0;0;0;0;0;0;0;0;0;0;0;0;0;0;0;0;0;0;0;0;0;0;0;0;0;0;0;0;0;0;0;0;0;0;0;0;0;0;0;0;0;0;0;0;30;31;20;45;30;29;20;45;30;31;20;45;30;29;20;45;200;143;100;300;200;140;100;300;200;141;100;300;200;141;100;300;30;30;20;45;30;29;20;45;30;30;20;45;30;29;20;45;200;146;100;300;200;144;100;300;200;224;100;300;200;225;100;300;4;2;0.4;6;4;5;0.4;6;4;2;0.4;6;4;5;0.4;6;4;2;0.4;6;4;5;0.4;6;4;2;0.4;6;4;5;0.4;6;NOK;NOK;OK;7000;7027;6500;8100;OK;5;0;8;12;NOK;N/A;1.5;N/A;N/A;N/A;9;11.9;7;18;OK;;0;0;0;-;Disabled;TempOk;2;230;37.9;38.4;0;0;349.9;441345100 daimler 1500 1900;441345100 daimler 1500 1900;441345100 Daimler 1500 1900
20260325_23:23:36;0;1;3;950;941;925;975;OK;950;951.8;925;975;OK;951.7;951.8;-20;-15.2;-50;-25;NOK;-20;-16.7;-50;-25;NOK;-17.4;-18;0;-20;-15;-50;-25;NOK;300;311;300;500;OK;0;0;N/A;N/A;N/A;N/A;N/A;N/A;N/A;N/A;N/A;N/A;N/A;N/A;N/A;N/A;N/A;N/A;N/A;N/A;N/A;N/A;N/A;N/A;N/A;N/A;N/A;N/A;N/A;N/A;N/A;N/A;N/A;N/A;N/A;N/A;N/A;N/A;N/A;N/A;N/A;N/A;N/A;N/A;N/A;N/A;N/A;N/A;N/A;N/A;N/A;N/A;N/A;N/A;N/A;N/A;N/A;N/A;N/A;N/A;N/A;N/A;N/A;N/A;N/A;N/A;N/A;N/A;N/A;N/A;N/A;N/A;N/A;N/A;N/A;N/A;N/A;N/A;N/A;N/A;N/A;N/A;N/A;N/A;N/A;N/A;N/A;N/A;N/A;N/A;N/A;N/A;N/A;N/A;N/A;N/A;N/A;N/A;N/A;N/A;;0;322;0;0;;Disabled;TempStop;2;700;324.5;280.6;0;0;599.9;549.9;Enabled;PosOk;2;0;0;0;0;0;15;Disabled;0;0;0;0;0;0;0;0;0;0;0;0;0;0;0;0;0;0;0;0;0;0;0;0;0;0;0;0;0;0;0;0;0;0;0;0;0;0;0;0;0;0;0;0;0;0;0;0;0;0;0;0;0;0;0;0;0;0;0;0;0;0;0;0;0;0;0;0;23;11;30;30;20;45;30;29;20;45;30;31;20;45;30;29;20;45;200;142;100;300;200;140;100;300;200;142;100;300;200;141;100;300;30;30;20;45;30;29;20;45;30;30;20;45;30;29;20;45;200;146;100;300;200;145;100;300;200;224;100;300;200;225;100;300;4;2;0.4;6;4;5;0.4;6;4;2;0.4;6;4;5;0.4;6;4;3;0.4;6;4;5;0.4;6;4;2;0.4;6;4;5;0.4;6;NOK;NOK;OK;7000;7041;6500;8100;OK;4.96;0;8;12;NOK;N/A;1.5;N/A;N/A;N/A;9;12.3;7;18;OK;;0;0;0;-;Disabled;TempOk;2;230;37.9;38.2;0;0;349.9;441345100 daimler 1500 1900;441345100 daimler 1500 1900;441345100 Daimler 1500 1900
20260325_23:24:12;0;3;3;950;940.9;925;975;OK;950;951.7;925;975;OK;951.5;951.7;-20;-15;-50;-25;NOK;-20;-15.1;-50;-25;NOK;-12.5;-13.9;0;-20;-14.9;-50;-25;NOK;300;311;300;500;OK;0;0;N/A;N/A;N/A;N/A;N/A;N/A;N/A;N/A;N/A;N/A;N/A;N/A;N/A;N/A;N/A;N/A;N/A;N/A;N/A;N/A;N/A;N/A;N/A;N/A;N/A;N/A;N/A;N/A;N/A;N/A;N/A;N/A;N/A;N/A;N/A;N/A;N/A;N/A;N/A;N/A;N/A;N/A;N/A;N/A;N/A;N/A;N/A;N/A;N/A;N/A;N/A;N/A;N/A;N/A;N/A;N/A;N/A;N/A;N/A;N/A;N/A;N/A;N/A;N/A;N/A;N/A;N/A;N/A;N/A;N/A;N/A;N/A;N/A;N/A;N/A;N/A;N/A;N/A;N/A;N/A;N/A;N/A;N/A;N/A;N/A;N/A;N/A;N/A;N/A;N/A;N/A;N/A;N/A;N/A;N/A;N/A;N/A;N/A;;0;320.4;0;0;;Disabled;TempStop;2;700;322.8;279.7;0;0;599.9;549.9;Enabled;PosOk;2;0;0;0;0;0;15;Disabled;0;0;0;0;0;0;0;0;0;0;0;0;0;0;0;0;0;0;0;0;0;0;0;0;0;0;0;0;0;0;0;0;0;0;0;0;0;0;0;0;0;0;0;0;0;0;0;0;0;0;0;0;0;0;0;0;0;0;0;0;0;0;0;0;0;0;0;0;0;0;30;30;20;45;30;29;20;45;30;31;20;45;30;29;20;45;200;142;100;300;200;140;100;300;200;140;100;300;200;141;100;300;30;30;20;45;30;29;20;45;30;30;20;45;30;29;20;45;200;146;100;300;200;144;100;300;200;223;100;300;200;224;100;300;4;2;0.4;6;4;5;0.4;6;4;2;0.4;6;4;5;0.4;6;4;2;0.4;6;4;5;0.4;6;4;2;0.4;6;4;5;0.4;6;NOK;NOK;OK;7000;7037;6500;8100;OK;4.96;0;8;12;NOK;N/A;1.5;N/A;N/A;N/A;9;11.9;7;18;OK;;0;0;0;-;Disabled;TempOk;2;230;37.7;38.2;0;0;349.9;441345100 daimler 1500 1900;441345100 daimler 1500 1900;441345100 Daimler 1500 1900
20260325_23:24:48;0;1;4;950;940.2;925;975;OK;950;950.8;925;975;OK;951;951;-20;-12.2;-50;-25;NOK;-20;-14.4;-50;-25;NOK;-15.8;-16;0;-20;-12;-50;-25;NOK;300;311;300;500;OK;0;0;N/A;N/A;N/A;N/A;N/A;N/A;N/A;N/A;N/A;N/A;N/A;N/A;N/A;N/A;N/A;N/A;N/A;N/A;N/A;N/A;N/A;N/A;N/A;N/A;N/A;N/A;N/A;N/A;N/A;N/A;N/A;N/A;N/A;N/A;N/A;N/A;N/A;N/A;N/A;N/A;N/A;N/A;N/A;N/A;N/A;N/A;N/A;N/A;N/A;N/A;N/A;N/A;N/A;N/A;N/A;N/A;N/A;N/A;N/A;N/A;N/A;N/A;N/A;N/A;N/A;N/A;N/A;N/A;N/A;N/A;N/A;N/A;N/A;N/A;N/A;N/A;N/A;N/A;N/A;N/A;N/A;N/A;N/A;N/A;N/A;N/A;N/A;N/A;N/A;N/A;N/A;N/A;N/A;N/A;N/A;N/A;N/A;N/A;;0;320.8;0;0;;Disabled;TempStop;2;700;323.4;280.2;0;0;599.9;549.9;Enabled;PosOk;2;0;0;0;0;0;15;Disabled;0;0;0;0;0;0;0;0;0;0;0;0;0;0;0;0;0;0;0;0;0;0;0;0;0;0;0;0;0;0;0;0;0;0;0;0;0;0;0;0;0;0;0;0;0;0;0;0;0;0;0;0;0;0;0;0;0;0;0;0;0;0;0;0;0;0;0;0;24;23;30;31;20;45;30;30;20;45;30;31;20;45;30;30;20;45;200;142;100;300;200;140;100;300;200;141;100;300;200;141;100;300;30;30;20;45;30;30;20;45;30;30;20;45;30;30;20;45;200;145;100;300;200;144;100;300;200;223;100;300;200;224;100;300;4;2;0.4;6;4;5;0.4;6;4;2;0.4;6;4;5;0.4;6;4;2;0.4;6;4;5;0.4;6;4;2;0.4;6;4;5;0.4;6;NOK;NOK;OK;7000;7033;6500;8100;OK;4.96;0;8;12;NOK;N/A;1.5;N/A;N/A;N/A;9;12.3;7;18;OK;;0;0;0;-;Disabled;TempOk;2;230;37.7;38.2;0;0;349.9;441345100 daimler 1500 1900;441345100 daimler 1500 1900;441345100 Daimler 1500 1900
20260325_23:25:24;0;3;4;950;941;925;975;OK;950;951.6;925;975;OK;951.6;951.5;-20;-12.5;-50;-25;NOK;-20;-15.4;-50;-25;NOK;-17.2;-17.6;0;-20;-12.3;-50;-25;NOK;300;311;300;500;OK;0;0;N/A;N/A;N/A;N/A;N/A;N/A;N/A;N/A;N/A;N/A;N/A;N/A;N/A;N/A;N/A;N/A;N/A;N/A;N/A;N/A;N/A;N/A;N/A;N/A;N/A;N/A;N/A;N/A;N/A;N/A;N/A;N/A;N/A;N/A;N/A;N/A;N/A;N/A;N/A;N/A;N/A;N/A;N/A;N/A;N/A;N/A;N/A;N/A;N/A;N/A;N/A;N/A;N/A;N/A;N/A;N/A;N/A;N/A;N/A;N/A;N/A;N/A;N/A;N/A;N/A;N/A;N/A;N/A;N/A;N/A;N/A;N/A;N/A;N/A;N/A;N/A;N/A;N/A;N/A;N/A;N/A;N/A;N/A;N/A;N/A;N/A;N/A;N/A;N/A;N/A;N/A;N/A;N/A;N/A;N/A;N/A;N/A;N/A;;0;319.9;0;0;;Disabled;TempStop;2;700;322.2;280.1;0;0;599.9;549.9;Enabled;PosOk;2;0;0;0;0;0;15;Disabled;0;0;0;0;0;0;0;0;0;0;0;0;0;0;0;0;0;0;0;0;0;0;0;0;0;0;0;0;0;0;0;0;0;0;0;0;0;0;0;0;0;0;0;0;0;0;0;0;0;0;0;0;0;0;0;0;0;0;0;0;0;0;0;0;0;0;0;0;0;0;30;31;20;45;30;30;20;45;30;31;20;45;30;30;20;45;200;142;100;300;200;140;100;300;200;141;100;300;200;141;100;300;30;31;20;45;30;30;20;45;30;30;20;45;30;30;20;45;200;145;100;300;200;144;100;300;200;223;100;300;200;224;100;300;4;2;0.4;6;4;5;0.4;6;4;2;0.4;6;4;5;0.4;6;4;2;0.4;6;4;5;0.4;6;4;2;0.4;6;4;5;0.4;6;NOK;NOK;OK;7000;7041;6500;8100;OK;4.96;0;8;12;NOK;N/A;1.5;N/A;N/A;N/A;9;11.9;7;18;OK;;0;0;0;-;Disabled;TempOk;2;230;37.7;37.9;0;0;349.9;441345100 daimler 1500 1900;441345100 daimler 1500 1900;441345100 Daimler 1500 1900
20260325_23:42:11;0;1;2;950;947.6;925;975;OK;950;951;925;975;OK;951;951.1;-20;-19.7;-50;-25;NOK;-20;-18.9;-50;-25;NOK;-18.6;-18.7;0;-20;-19.7;-50;-25;NOK;300;307;300;500;OK;0;0;N/A;N/A;N/A;N/A;N/A;N/A;N/A;N/A;N/A;N/A;N/A;N/A;N/A;N/A;N/A;N/A;N/A;N/A;N/A;N/A;N/A;N/A;N/A;N/A;N/A;N/A;N/A;N/A;N/A;N/A;N/A;N/A;N/A;N/A;N/A;N/A;N/A;N/A;N/A;N/A;N/A;N/A;N/A;N/A;N/A;N/A;N/A;N/A;N/A;N/A;N/A;N/A;N/A;N/A;N/A;N/A;N/A;N/A;N/A;N/A;N/A;N/A;N/A;N/A;N/A;N/A;N/A;N/A;N/A;N/A;N/A;N/A;N/A;N/A;N/A;N/A;N/A;N/A;N/A;N/A;N/A;N/A;N/A;N/A;N/A;N/A;N/A;N/A;N/A;N/A;N/A;N/A;N/A;N/A;N/A;N/A;N/A;N/A;;0;319.6;0;0;;Disabled;TempStop;2;700;321.4;274.6;0;0;599.9;549.9;Enabled;PosOk;2;0;0;0;0;0;15;Disabled;0;0;0;0;0;0;0;0;0;0;0;0;0;0;0;0;0;0;0;0;0;0;0;0;0;0;0;0;0;0;0;0;0;0;0;0;0;0;0;0;0;0;0;0;0;0;0;0;0;0;0;0;0;0;0;0;0;0;0;0;0;0;0;0;0;0;0;0;0;0;30;30;20;45;30;30;20;45;30;30;20;45;30;30;20;45;200;143;100;300;200;140;100;300;200;141;100;300;200;141;100;300;30;30;20;45;30;30;20;45;30;30;20;45;30;30;20;45;200;146;100;300;200;145;100;300;200;224;100;300;200;225;100;300;4;2;0.4;6;4;5;0.4;6;4;2;0.4;6;4;5;0.4;6;4;2;0.4;6;4;5;0.4;6;4;2;0.4;6;4;5;0.4;6;NOK;NOK;OK;7000;7085;6500;8100;OK;4.96;0;8;12;NOK;N/A;1.5;N/A;N/A;N/A;9;11.9;7;18;OK;;0;0;0;-;Disabled;TempOk;2;230;36.9;37.2;0;0;349.9;441345100 daimler 1500 1900;441345100 daimler 1500 1900;441345100 Daimler 1500 1900
20260325_23:42:47;0;3;2;950;947.6;925;975;OK;950;951.5;925;975;OK;951.4;951.5;-20;-29.1;-50;-25;OK;-20;-21.8;-50;-25;NOK;-18.8;-20.2;0;-20;-29.1;-50;-25;OK;300;308;300;500;OK;0;0;N/A;N/A;N/A;N/A;N/A;N/A;N/A;N/A;N/A;N/A;N/A;N/A;N/A;N/A;N/A;N/A;N/A;N/A;N/A;N/A;N/A;N/A;N/A;N/A;N/A;N/A;N/A;N/A;N/A;N/A;N/A;N/A;N/A;N/A;N/A;N/A;N/A;N/A;N/A;N/A;N/A;N/A;N/A;N/A;N/A;N/A;N/A;N/A;N/A;N/A;N/A;N/A;N/A;N/A;N/A;N/A;N/A;N/A;N/A;N/A;N/A;N/A;N/A;N/A;N/A;N/A;N/A;N/A;N/A;N/A;N/A;N/A;N/A;N/A;N/A;N/A;N/A;N/A;N/A;N/A;N/A;N/A;N/A;N/A;N/A;N/A;N/A;N/A;N/A;N/A;N/A;N/A;N/A;N/A;N/A;N/A;N/A;N/A;;0;319.9;0;0;;Disabled;TempStop;2;700;321.9;276;0;0;599.9;549.9;Enabled;PosOk;2;0;0;0;0;0;15;Disabled;0;0;0;0;0;0;0;0;0;0;0;0;0;0;0;0;0;0;0;0;0;0;0;0;0;0;0;0;0;0;0;0;0;0;0;0;0;0;0;0;0;0;0;0;0;0;0;0;0;0;0;0;0;0;0;0;0;0;0;0;0;0;0;0;0;0;0;0;0;0;30;31;20;45;30;30;20;45;30;31;20;45;30;30;20;45;200;142;100;300;200;141;100;300;200;142;100;300;200;141;100;300;30;31;20;45;30;30;20;45;30;31;20;45;30;30;20;45;200;146;100;300;200;145;100;300;200;224;100;300;200;225;100;300;4;2;0.4;6;4;5;0.4;6;4;2;0.4;6;4;5;0.4;6;4;2;0.4;6;4;5;0.4;6;4;2;0.4;6;4;5;0.4;6;NOK;NOK;OK;7000;7037;6500;8100;OK;4.96;0;8;12;NOK;N/A;1.5;N/A;N/A;N/A;9;11.7;7;18;OK;;0;0;0;-;Disabled;TempOk;2;230;36.9;37.2;0;0;349.9;441345100 daimler 1500 1900;441345100 daimler 1500 1900;441345100 Daimler 1500 1900
20260325_23:43:22;0;1;3;950;947.2;925;975;OK;950;951.7;925;975;OK;951.5;951.6;-20;-16.3;-50;-25;NOK;-20;-17.3;-50;-25;NOK;-19.5;-19.8;0;-20;-16;-50;-25;NOK;300;308;300;500;OK;0;0;N/A;N/A;N/A;N/A;N/A;N/A;N/A;N/A;N/A;N/A;N/A;N/A;N/A;N/A;N/A;N/A;N/A;N/A;N/A;N/A;N/A;N/A;N/A;N/A;N/A;N/A;N/A;N/A;N/A;N/A;N/A;N/A;N/A;N/A;N/A;N/A;N/A;N/A;N/A;N/A;N/A;N/A;N/A;N/A;N/A;N/A;N/A;N/A;N/A;N/A;N/A;N/A;N/A;N/A;N/A;N/A;N/A;N/A;N/A;N/A;N/A;N/A;N/A;N/A;N/A;N/A;N/A;N/A;N/A;N/A;N/A;N/A;N/A;N/A;N/A;N/A;N/A;N/A;N/A;N/A;N/A;N/A;N/A;N/A;N/A;N/A;N/A;N/A;N/A;N/A;N/A;N/A;N/A;N/A;N/A;N/A;N/A;N/A;;0;322.4;0;0;;Disabled;TempStop;2;700;324.7;278.8;0;0;599.9;549.9;Enabled;PosOk;2;0;0;0;0;0;15;Disabled;0;0;0;0;0;0;0;0;0;0;0;0;0;0;0;0;0;0;0;0;0;0;0;0;0;0;0;0;0;0;0;0;0;0;0;0;0;0;0;0;0;0;0;0;0;0;0;0;0;0;0;0;0;0;0;0;0;0;0;0;0;0;0;0;0;0;0;0;42;57;30;31;20;45;30;30;20;45;30;31;20;45;30;30;20;45;200;142;100;300;200;140;100;300;200;141;100;300;200;141;100;300;30;31;20;45;30;30;20;45;30;31;20;45;30;30;20;45;200;146;100;300;200;145;100;300;200;224;100;300;200;225;100;300;4;2;0.4;6;4;5;0.4;6;4;2;0.4;6;4;5;0.4;6;4;3;0.4;6;4;5;0.4;6;4;3;0.4;6;4;5;0.4;6;NOK;NOK;OK;7000;7037;6500;8100;OK;4.96;0;8;12;NOK;N/A;1.5;N/A;N/A;N/A;9;11.9;7;18;OK;;0;0;0;-;Disabled;TempOk;2;230;36.7;37.2;0;0;349.9;441345100 daimler 1500 1900;441345100 daimler 1500 1900;441345100 Daimler 1500 1900
20260325_23:43:58;0;3;3;950;947.7;925;975;OK;950;951.7;925;975;OK;951.6;951.6;-20;-26.5;-50;-25;OK;-20;-18.1;-50;-25;NOK;-15.3;-16.7;0;-20;-26.3;-50;-25;OK;300;310;300;500;OK;0;0;N/A;N/A;N/A;N/A;N/A;N/A;N/A;N/A;N/A;N/A;N/A;N/A;N/A;N/A;N/A;N/A;N/A;N/A;N/A;N/A;N/A;N/A;N/A;N/A;N/A;N/A;N/A;N/A;N/A;N/A;N/A;N/A;N/A;N/A;N/A;N/A;N/A;N/A;N/A;N/A;N/A;N/A;N/A;N/A;N/A;N/A;N/A;N/A;N/A;N/A;N/A;N/A;N/A;N/A;N/A;N/A;N/A;N/A;N/A;N/A;N/A;N/A;N/A;N/A;N/A;N/A;N/A;N/A;N/A;N/A;N/A;N/A;N/A;N/A;N/A;N/A;N/A;N/A;N/A;N/A;N/A;N/A;N/A;N/A;N/A;N/A;N/A;N/A;N/A;N/A;N/A;N/A;N/A;N/A;N/A;N/A;N/A;N/A;;0;319.7;0;0;;Disabled;TempStop;2;700;321.8;275.8;0;0;599.9;549.9;Enabled;PosOk;2;0;0;0;0;0;15;Disabled;0;0;0;0;0;0;0;0;0;0;0;0;0;0;0;0;0;0;0;0;0;0;0;0;0;0;0;0;0;0;0;0;0;0;0;0;0;0;0;0;0;0;0;0;0;0;0;0;0;0;0;0;0;0;0;0;0;0;0;0;0;0;0;0;0;0;0;0;0;0;30;31;20;45;30;29;20;45;30;31;20;45;30;29;20;45;200;142;100;300;200;141;100;300;200;141;100;300;200;141;100;300;30;31;20;45;30;29;20;45;30;30;20;45;30;29;20;45;200;146;100;300;200;144;100;300;200;224;100;300;200;224;100;300;4;2;0.4;6;4;5;0.4;6;4;2;0.4;6;4;5;0.4;6;4;2;0.4;6;4;5;0.4;6;4;2;0.4;6;4;5;0.4;6;NOK;NOK;OK;7000;7074;6500;8100;OK;4.96;0;8;12;NOK;N/A;1.5;N/A;N/A;N/A;9;11.8;7;18;OK;;0;0;0;-;Disabled;TempOk;2;230;36.7;37.2;0;0;349.9;441345100 daimler 1500 1900;441345100 daimler 1500 1900;441345100 Daimler 1500 1900
20260325_23:44:34;0;1;4;950;945.9;925;975;OK;950;950.8;925;975;OK;951;950.7;-20;-14.2;-50;-25;NOK;-20;-14.5;-50;-25;NOK;-18.3;-17.4;0;-20;-13.9;-50;-25;NOK;300;310;300;500;OK;0;0;N/A;N/A;N/A;N/A;N/A;N/A;N/A;N/A;N/A;N/A;N/A;N/A;N/A;N/A;N/A;N/A;N/A;N/A;N/A;N/A;N/A;N/A;N/A;N/A;N/A;N/A;N/A;N/A;N/A;N/A;N/A;N/A;N/A;N/A;N/A;N/A;N/A;N/A;N/A;N/A;N/A;N/A;N/A;N/A;N/A;N/A;N/A;N/A;N/A;N/A;N/A;N/A;N/A;N/A;N/A;N/A;N/A;N/A;N/A;N/A;N/A;N/A;N/A;N/A;N/A;N/A;N/A;N/A;N/A;N/A;N/A;N/A;N/A;N/A;N/A;N/A;N/A;N/A;N/A;N/A;N/A;N/A;N/A;N/A;N/A;N/A;N/A;N/A;N/A;N/A;N/A;N/A;N/A;N/A;N/A;N/A;N/A;N/A;;0;320.9;0;0;;Disabled;TempStop;2;700;323;277.8;0;0;599.9;549.9;Enabled;PosOk;2;0;0;0;0;0;15;Disabled;0;0;0;0;0;0;0;0;0;0;0;0;0;0;0;0;0;0;0;0;0;0;0;0;0;0;0;0;0;0;0;0;0;0;0;0;0;0;0;0;0;0;0;0;0;0;0;0;0;0;0;0;0;0;0;0;0;0;0;0;0;0;0;0;0;0;0;0;44;9;30;31;20;45;30;29;20;45;30;31;20;45;30;29;20;45;200;142;100;300;200;140;100;300;200;141;100;300;200;141;100;300;30;30;20;45;30;29;20;45;30;30;20;45;30;29;20;45;200;146;100;300;200;145;100;300;200;224;100;300;200;224;100;300;4;2;0.4;6;4;5;0.4;6;4;2;0.4;6;4;5;0.4;6;4;2;0.4;6;4;5;0.4;6;4;2;0.4;6;4;5;0.4;6;NOK;NOK;OK;7000;7014;6500;8100;OK;4.96;0;8;12;NOK;N/A;1.5;N/A;N/A;N/A;9;11.8;7;18;OK;;0;0;0;-;Disabled;TempOk;2;230;37.4;37.4;0;0;349.9;441345100 daimler 1500 1900;441345100 daimler 1500 1900;441345100 Daimler 1500 1900
20260325_23:45:10;0;3;4;950;947.6;925;975;OK;950;951.7;925;975;OK;951.5;951.7;-20;-21.1;-50;-25;NOK;-20;-16.7;-50;-25;NOK;-20.3;-20.2;0;-20;-20.4;-50;-25;NOK;300;312;300;500;OK;0;0;N/A;N/A;N/A;N/A;N/A;N/A;N/A;N/A;N/A;N/A;N/A;N/A;N/A;N/A;N/A;N/A;N/A;N/A;N/A;N/A;N/A;N/A;N/A;N/A;N/A;N/A;N/A;N/A;N/A;N/A;N/A;N/A;N/A;N/A;N/A;N/A;N/A;N/A;N/A;N/A;N/A;N/A;N/A;N/A;N/A;N/A;N/A;N/A;N/A;N/A;N/A;N/A;N/A;N/A;N/A;N/A;N/A;N/A;N/A;N/A;N/A;N/A;N/A;N/A;N/A;N/A;N/A;N/A;N/A;N/A;N/A;N/A;N/A;N/A;N/A;N/A;N/A;N/A;N/A;N/A;N/A;N/A;N/A;N/A;N/A;N/A;N/A;N/A;N/A;N/A;N/A;N/A;N/A;N/A;N/A;N/A;N/A;N/A;;0;319.7;0;0;;Disabled;TempStop;2;700;322;276.3;0;0;599.9;549.9;Enabled;PosOk;2;0;0;0;0;0;15;Disabled;0;0;0;0;0;0;0;0;0;0;0;0;0;0;0;0;0;0;0;0;0;0;0;0;0;0;0;0;0;0;0;0;0;0;0;0;0;0;0;0;0;0;0;0;0;0;0;0;0;0;0;0;0;0;0;0;0;0;0;0;0;0;0;0;0;0;0;0;0;0;30;30;20;45;30;29;20;45;30;31;20;45;30;29;20;45;200;143;100;300;200;140;100;300;200;141;100;300;200;141;100;300;30;30;20;45;30;29;20;45;30;30;20;45;30;29;20;45;200;146;100;300;200;145;100;300;200;224;100;300;200;225;100;300;4;2;0.4;6;4;5;0.4;6;4;2;0.4;6;4;5;0.4;6;4;2;0.4;6;4;5;0.4;6;4;2;0.4;6;4;5;0.4;6;NOK;NOK;OK;7000;7042;6500;8100;OK;4.96;0;8;12;NOK;N/A;1.5;N/A;N/A;N/A;9;12.5;7;18;OK;;0;0;0;-;Disabled;TempOk;2;230;36.9;36.9;0;0;349.9;441345100 daimler 1500 1900;441345100 daimler 1500 1900;441345100 Daimler 1500 1900
20260325_23:45:46;0;3;5;950;948.8;925;975;OK;950;951.3;925;975;OK;951.3;951.3;-20;-25.9;-50;-25;OK;-20;-20;-50;-25;NOK;-20;-20.8;0;-20;-25.6;-50;-25;OK;300;312;300;500;OK;0;0;N/A;N/A;N/A;N/A;N/A;N/A;N/A;N/A;N/A;N/A;N/A;N/A;N/A;N/A;N/A;N/A;N/A;N/A;N/A;N/A;N/A;N/A;N/A;N/A;N/A;N/A;N/A;N/A;N/A;N/A;N/A;N/A;N/A;N/A;N/A;N/A;N/A;N/A;N/A;N/A;N/A;N/A;N/A;N/A;N/A;N/A;N/A;N/A;N/A;N/A;N/A;N/A;N/A;N/A;N/A;N/A;N/A;N/A;N/A;N/A;N/A;N/A;N/A;N/A;N/A;N/A;N/A;N/A;N/A;N/A;N/A;N/A;N/A;N/A;N/A;N/A;N/A;N/A;N/A;N/A;N/A;N/A;N/A;N/A;N/A;N/A;N/A;N/A;N/A;N/A;N/A;N/A;N/A;N/A;N/A;N/A;N/A;N/A;;0;319.5;0;0;;Disabled;TempStop;2;700;321.9;277.1;0;0;599.9;549.9;Enabled;PosOk;2;0;0;0;0;0;15;Disabled;0;0;0;0;0;0;0;0;0;0;0;0;0;0;0;0;0;0;0;0;0;0;0;0;0;0;0;0;0;0;0;0;0;0;0;0;0;0;0;0;0;0;0;0;0;0;0;0;0;0;0;0;0;0;0;0;0;0;0;0;0;0;0;0;0;0;0;0;0;0;30;31;20;45;30;30;20;45;30;31;20;45;30;29;20;45;200;142;100;300;200;140;100;300;200;141;100;300;200;141;100;300;30;31;20;45;30;30;20;45;30;30;20;45;30;30;20;45;200;146;100;300;200;145;100;300;200;223;100;300;200;225;100;300;4;2;0.4;6;4;5;0.4;6;4;2;0.4;6;4;5;0.4;6;4;2;0.4;6;4;5;0.4;6;4;2;0.4;6;4;5;0.4;6;NOK;NOK;OK;7000;7047;6500;8100;OK;4.96;0;8;12;NOK;N/A;1.5;N/A;N/A;N/A;9;11.8;7;18;OK;;0;0;0;-;Disabled;TempOk;2;230;36.9;36.9;0;0;349.9;441345100 daimler 1500 1900;441345100 daimler 1500 1900;441345100 Daimler 1500 1900
20260325_23:47:34;0;1;2;950;939.8;925;975;OK;950;951;925;975;OK;951.1;951;-20;-19.1;-50;-25;NOK;-20;-18.3;-50;-25;NOK;-18.2;-18.2;0;-20;-19.1;-50;-25;NOK;300;311;300;500;OK;0;0;N/A;N/A;N/A;N/A;N/A;N/A;N/A;N/A;N/A;N/A;N/A;N/A;N/A;N/A;N/A;N/A;N/A;N/A;N/A;N/A;N/A;N/A;N/A;N/A;N/A;N/A;N/A;N/A;N/A;N/A;N/A;N/A;N/A;N/A;N/A;N/A;N/A;N/A;N/A;N/A;N/A;N/A;N/A;N/A;N/A;N/A;N/A;N/A;N/A;N/A;N/A;N/A;N/A;N/A;N/A;N/A;N/A;N/A;N/A;N/A;N/A;N/A;N/A;N/A;N/A;N/A;N/A;N/A;N/A;N/A;N/A;N/A;N/A;N/A;N/A;N/A;N/A;N/A;N/A;N/A;N/A;N/A;N/A;N/A;N/A;N/A;N/A;N/A;N/A;N/A;N/A;N/A;N/A;N/A;N/A;N/A;N/A;N/A;;0;320.8;0;0;;Disabled;TempStop;2;700;322.8;279.6;0;0;599.9;549.9;Enabled;PosOk;2;0;0;0;0;0;15;Disabled;0;0;0;0;0;0;0;0;0;0;0;0;0;0;0;0;0;0;0;0;0;0;0;0;0;0;0;0;0;0;0;0;0;0;0;0;0;0;0;0;0;0;0;0;0;0;0;0;0;0;0;0;0;0;0;0;0;0;0;0;0;0;0;0;0;0;0;0;0;0;30;30;20;45;30;30;20;45;30;30;20;45;30;30;20;45;200;143;100;300;200;140;100;300;200;141;100;300;200;141;100;300;30;30;20;45;30;30;20;45;30;30;20;45;30;30;20;45;200;146;100;300;200;145;100;300;200;223;100;300;200;224;100;300;4;2;0.4;6;4;5;0.4;6;4;2;0.4;6;4;5;0.4;6;4;2;0.4;6;4;5;0.4;6;4;2;0.4;6;4;5;0.4;6;NOK;NOK;OK;7000;7080;6500;8100;OK;4.95;0;8;12;NOK;N/A;1.5;N/A;N/A;N/A;9;11.8;7;18;OK;;0;0;0;-;Disabled;TempOk;2;230;35.9;36.7;0;0;349.9;441345100 daimler 1500 1900;441345100 daimler 1500 1900;441345100 Daimler 1500 1900
20260325_23:48:10;0;3;2;950;940.4;925;975;OK;950;951.5;925;975;OK;951.4;951.5;-20;-22.2;-50;-25;NOK;-20;-20.6;-50;-25;NOK;-17.6;-19;0;-20;-22.2;-50;-25;NOK;300;311;300;500;OK;0;0;N/A;N/A;N/A;N/A;N/A;N/A;N/A;N/A;N/A;N/A;N/A;N/A;N/A;N/A;N/A;N/A;N/A;N/A;N/A;N/A;N/A;N/A;N/A;N/A;N/A;N/A;N/A;N/A;N/A;N/A;N/A;N/A;N/A;N/A;N/A;N/A;N/A;N/A;N/A;N/A;N/A;N/A;N/A;N/A;N/A;N/A;N/A;N/A;N/A;N/A;N/A;N/A;N/A;N/A;N/A;N/A;N/A;N/A;N/A;N/A;N/A;N/A;N/A;N/A;N/A;N/A;N/A;N/A;N/A;N/A;N/A;N/A;N/A;N/A;N/A;N/A;N/A;N/A;N/A;N/A;N/A;N/A;N/A;N/A;N/A;N/A;N/A;N/A;N/A;N/A;N/A;N/A;N/A;N/A;N/A;N/A;N/A;N/A;;0;320;0;0;;Disabled;TempStop;2;700;322;278.3;0;0;599.9;549.9;Enabled;PosOk;2;0;0;0;0;0;15;Disabled;0;0;0;0;0;0;0;0;0;0;0;0;0;0;0;0;0;0;0;0;0;0;0;0;0;0;0;0;0;0;0;0;0;0;0;0;0;0;0;0;0;0;0;0;0;0;0;0;0;0;0;0;0;0;0;0;0;0;0;0;0;0;0;0;0;0;0;0;0;0;30;31;20;45;30;30;20;45;30;31;20;45;30;30;20;45;200;142;100;300;200;140;100;300;200;141;100;300;200;140;100;300;30;31;20;45;30;30;20;45;30;30;20;45;30;30;20;45;200;145;100;300;200;144;100;300;200;223;100;300;200;224;100;300;4;2;0.4;6;4;5;0.4;6;4;2;0.4;6;4;5;0.4;6;4;3;0.4;6;4;5;0.4;6;4;3;0.4;6;4;5;0.4;6;NOK;NOK;OK;7000;7013;6500;8100;OK;4.95;0;8;12;NOK;N/A;1.5;N/A;N/A;N/A;9;12.3;7;18;OK;;0;0;0;-;Disabled;TempOk;2;230;36.4;36.7;0;0;349.9;441345100 daimler 1500 1900;441345100 daimler 1500 1900;441345100 Daimler 1500 1900
20260325_23:48:46;0;1;3;950;940.4;925;975;OK;950;951.7;925;975;OK;951.5;951.7;-20;-16.3;-50;-25;NOK;-20;-16.7;-50;-25;NOK;-18.5;-19;0;-20;-16.1;-50;-25;NOK;300;311;300;500;OK;0;0;N/A;N/A;N/A;N/A;N/A;N/A;N/A;N/A;N/A;N/A;N/A;N/A;N/A;N/A;N/A;N/A;N/A;N/A;N/A;N/A;N/A;N/A;N/A;N/A;N/A;N/A;N/A;N/A;N/A;N/A;N/A;N/A;N/A;N/A;N/A;N/A;N/A;N/A;N/A;N/A;N/A;N/A;N/A;N/A;N/A;N/A;N/A;N/A;N/A;N/A;N/A;N/A;N/A;N/A;N/A;N/A;N/A;N/A;N/A;N/A;N/A;N/A;N/A;N/A;N/A;N/A;N/A;N/A;N/A;N/A;N/A;N/A;N/A;N/A;N/A;N/A;N/A;N/A;N/A;N/A;N/A;N/A;N/A;N/A;N/A;N/A;N/A;N/A;N/A;N/A;N/A;N/A;N/A;N/A;N/A;N/A;N/A;N/A;;0;322;0;0;;Disabled;TempStop;2;700;324.3;278.8;0;0;599.9;549.9;Enabled;PosOk;2;0;0;0;0;0;15;Disabled;0;0;0;0;0;0;0;0;0;0;0;0;0;0;0;0;0;0;0;0;0;0;0;0;0;0;0;0;0;0;0;0;0;0;0;0;0;0;0;0;0;0;0;0;0;0;0;0;0;0;0;0;0;0;0;0;0;0;0;0;0;0;0;0;0;0;0;0;48;21;30;31;20;45;30;30;20;45;30;31;20;45;30;30;20;45;200;142;100;300;200;140;100;300;200;141;100;300;200;140;100;300;30;31;20;45;30;30;20;45;30;31;20;45;30;30;20;45;200;146;100;300;200;144;100;300;200;223;100;300;200;224;100;300;4;2;0.4;6;4;5;0.4;6;4;2;0.4;6;4;5;0.4;6;4;2;0.4;6;4;5;0.4;6;4;2;0.4;6;4;5;0.4;6;NOK;NOK;OK;7000;7039;6500;8100;OK;4.95;0;8;12;NOK;N/A;1.5;N/A;N/A;N/A;9;11.7;7;18;OK;;0;0;0;-;Disabled;TempOk;2;230;36.4;37.4;0;0;349.9;441345100 daimler 1500 1900;441345100 daimler 1500 1900;441345100 Daimler 1500 1900
20260325_23:49:22;0;3;3;950;940.4;925;975;OK;950;951.6;925;975;OK;951.4;951.6;-20;-18;-50;-25;NOK;-20;-16.6;-50;-25;NOK;-13.8;-15.1;0;-20;-18;-50;-25;NOK;300;311;300;500;OK;0;0;N/A;N/A;N/A;N/A;N/A;N/A;N/A;N/A;N/A;N/A;N/A;N/A;N/A;N/A;N/A;N/A;N/A;N/A;N/A;N/A;N/A;N/A;N/A;N/A;N/A;N/A;N/A;N/A;N/A;N/A;N/A;N/A;N/A;N/A;N/A;N/A;N/A;N/A;N/A;N/A;N/A;N/A;N/A;N/A;N/A;N/A;N/A;N/A;N/A;N/A;N/A;N/A;N/A;N/A;N/A;N/A;N/A;N/A;N/A;N/A;N/A;N/A;N/A;N/A;N/A;N/A;N/A;N/A;N/A;N/A;N/A;N/A;N/A;N/A;N/A;N/A;N/A;N/A;N/A;N/A;N/A;N/A;N/A;N/A;N/A;N/A;N/A;N/A;N/A;N/A;N/A;N/A;N/A;N/A;N/A;N/A;N/A;N/A;;0;320.7;0;0;;Disabled;TempStop;2;700;323;278;0;0;599.9;549.9;Enabled;PosOk;2;0;0;0;0;0;15;Disabled;0;0;0;0;0;0;0;0;0;0;0;0;0;0;0;0;0;0;0;0;0;0;0;0;0;0;0;0;0;0;0;0;0;0;0;0;0;0;0;0;0;0;0;0;0;0;0;0;0;0;0;0;0;0;0;0;0;0;0;0;0;0;0;0;0;0;0;0;0;0;30;31;20;45;30;30;20;45;30;31;20;45;30;30;20;45;200;142;100;300;200;140;100;300;200;141;100;300;200;140;100;300;30;31;20;45;30;30;20;45;30;31;20;45;30;30;20;45;200;146;100;300;200;145;100;300;200;223;100;300;200;224;100;300;4;2;0.4;6;4;5;0.4;6;4;2;0.4;6;4;5;0.4;6;4;2;0.4;6;4;5;0.4;6;4;2;0.4;6;4;5;0.4;6;NOK;NOK;OK;7000;7003;6500;8100;OK;4.95;0;8;12;NOK;N/A;1.5;N/A;N/A;N/A;9;11.9;7;18;OK;;0;0;0;-;Disabled;TempOk;2;230;36.2;36.4;0;0;349.9;441345100 daimler 1500 1900;441345100 daimler 1500 1900;441345100 Daimler 1500 1900
20260325_23:49:58;0;1;4;950;940.6;925;975;OK;950;950.9;925;975;OK;950.7;950.8;-20;-13.5;-50;-25;NOK;-20;-13.7;-50;-25;NOK;-17;-16.4;0;-20;-13.4;-50;-25;NOK;300;311;300;500;OK;0;0;N/A;N/A;N/A;N/A;N/A;N/A;N/A;N/A;N/A;N/A;N/A;N/A;N/A;N/A;N/A;N/A;N/A;N/A;N/A;N/A;N/A;N/A;N/A;N/A;N/A;N/A;N/A;N/A;N/A;N/A;N/A;N/A;N/A;N/A;N/A;N/A;N/A;N/A;N/A;N/A;N/A;N/A;N/A;N/A;N/A;N/A;N/A;N/A;N/A;N/A;N/A;N/A;N/A;N/A;N/A;N/A;N/A;N/A;N/A;N/A;N/A;N/A;N/A;N/A;N/A;N/A;N/A;N/A;N/A;N/A;N/A;N/A;N/A;N/A;N/A;N/A;N/A;N/A;N/A;N/A;N/A;N/A;N/A;N/A;N/A;N/A;N/A;N/A;N/A;N/A;N/A;N/A;N/A;N/A;N/A;N/A;N/A;N/A;;0;322.4;0;0;;Disabled;TempStop;2;700;324.9;278.9;0;0;599.9;549.9;Enabled;PosOk;2;0;0;0;0;0;15;Disabled;0;0;0;0;0;0;0;0;0;0;0;0;0;0;0;0;0;0;0;0;0;0;0;0;0;0;0;0;0;0;0;0;0;0;0;0;0;0;0;0;0;0;0;0;0;0;0;0;0;0;0;0;0;0;0;0;0;0;0;0;0;0;0;0;0;0;0;0;49;33;30;31;20;45;30;30;20;45;30;31;20;45;30;30;20;45;200;143;100;300;200;140;100;300;200;141;100;300;200;142;100;300;30;31;20;45;30;30;20;45;30;31;20;45;30;30;20;45;200;146;100;300;200;145;100;300;200;223;100;300;200;224;100;300;4;2;0.4;6;4;5;0.4;6;4;2;0.4;6;4;5;0.4;6;4;2;0.4;6;4;5;0.4;6;4;3;0.4;6;4;5;0.4;6;NOK;NOK;OK;7000;7034;6500;8100;OK;4.95;0;8;12;NOK;N/A;1.5;N/A;N/A;N/A;9;11.6;7;18;OK;;0;0;0;-;Disabled;TempOk;2;230;35.9;36.4;0;0;349.9;441345100 daimler 1500 1900;441345100 daimler 1500 1900;441345100 Daimler 1500 1900
20260325_23:50:34;0;3;4;950;940.8;925;975;OK;950;951.5;925;975;OK;951.4;951.6;-20;-15.1;-50;-25;NOK;-20;-15.5;-50;-25;NOK;-19;-18.8;0;-20;-14.9;-50;-25;NOK;300;311;300;500;OK;0;0;N/A;N/A;N/A;N/A;N/A;N/A;N/A;N/A;N/A;N/A;N/A;N/A;N/A;N/A;N/A;N/A;N/A;N/A;N/A;N/A;N/A;N/A;N/A;N/A;N/A;N/A;N/A;N/A;N/A;N/A;N/A;N/A;N/A;N/A;N/A;N/A;N/A;N/A;N/A;N/A;N/A;N/A;N/A;N/A;N/A;N/A;N/A;N/A;N/A;N/A;N/A;N/A;N/A;N/A;N/A;N/A;N/A;N/A;N/A;N/A;N/A;N/A;N/A;N/A;N/A;N/A;N/A;N/A;N/A;N/A;N/A;N/A;N/A;N/A;N/A;N/A;N/A;N/A;N/A;N/A;N/A;N/A;N/A;N/A;N/A;N/A;N/A;N/A;N/A;N/A;N/A;N/A;N/A;N/A;N/A;N/A;N/A;N/A;;0;319.8;0;0;;Disabled;TempStop;2;700;322.3;276.3;0;0;599.9;549.9;Enabled;PosOk;2;0;0;0;0;0;15;Disabled;0;0;0;0;0;0;0;0;0;0;0;0;0;0;0;0;0;0;0;0;0;0;0;0;0;0;0;0;0;0;0;0;0;0;0;0;0;0;0;0;0;0;0;0;0;0;0;0;0;0;0;0;0;0;0;0;0;0;0;0;0;0;0;0;0;0;0;0;0;0;30;31;20;45;30;30;20;45;30;32;20;45;30;30;20;45;200;143;100;300;200;140;100;300;200;141;100;300;200;141;100;300;30;31;20;45;30;30;20;45;30;31;20;45;30;30;20;45;200;146;100;300;200;145;100;300;200;223;100;300;200;224;100;300;4;2;0.4;6;4;5;0.4;6;4;2;0.4;6;4;5;0.4;6;4;2;0.4;6;4;5;0.4;6;4;2;0.4;6;4;5;0.4;6;NOK;NOK;OK;7000;7009;6500;8100;OK;4.95;0;8;12;NOK;N/A;1.5;N/A;N/A;N/A;9;11.9;7;18;OK;;0;0;0;-;Disabled;TempOk;2;230;36.7;36.7;0;0;349.9;441345100 daimler 1500 1900;441345100 daimler 1500 1900;441345100 Daimler 1500 1900
20260325_23:51:10;0;3;5;950;942.8;925;975;OK;950;951.1;925;975;OK;951.2;951.3;-20;-19.4;-50;-25;NOK;-20;-18.4;-50;-25;NOK;-18.6;-19.1;0;-20;-19.2;-50;-25;NOK;300;311;300;500;OK;0;0;N/A;N/A;N/A;N/A;N/A;N/A;N/A;N/A;N/A;N/A;N/A;N/A;N/A;N/A;N/A;N/A;N/A;N/A;N/A;N/A;N/A;N/A;N/A;N/A;N/A;N/A;N/A;N/A;N/A;N/A;N/A;N/A;N/A;N/A;N/A;N/A;N/A;N/A;N/A;N/A;N/A;N/A;N/A;N/A;N/A;N/A;N/A;N/A;N/A;N/A;N/A;N/A;N/A;N/A;N/A;N/A;N/A;N/A;N/A;N/A;N/A;N/A;N/A;N/A;N/A;N/A;N/A;N/A;N/A;N/A;N/A;N/A;N/A;N/A;N/A;N/A;N/A;N/A;N/A;N/A;N/A;N/A;N/A;N/A;N/A;N/A;N/A;N/A;N/A;N/A;N/A;N/A;N/A;N/A;N/A;N/A;N/A;N/A;;0;319.7;0;0;;Disabled;TempStop;2;700;322.3;276.6;0;0;599.9;549.9;Enabled;PosOk;2;0;0;0;0;0;15;Disabled;0;0;0;0;0;0;0;0;0;0;0;0;0;0;0;0;0;0;0;0;0;0;0;0;0;0;0;0;0;0;0;0;0;0;0;0;0;0;0;0;0;0;0;0;0;0;0;0;0;0;0;0;0;0;0;0;0;0;0;0;0;0;0;0;0;0;0;0;0;0;30;31;20;45;30;30;20;45;30;32;20;45;30;30;20;45;200;142;100;300;200;140;100;300;200;141;100;300;200;141;100;300;30;31;20;45;30;30;20;45;30;31;20;45;30;30;20;45;200;146;100;300;200;145;100;300;200;223;100;300;200;225;100;300;4;2;0.4;6;4;5;0.4;6;4;2;0.4;6;4;5;0.4;6;4;2;0.4;6;4;5;0.4;6;4;2;0.4;6;4;5;0.4;6;NOK;NOK;OK;7000;7029;6500;8100;OK;4.95;0;8;12;NOK;N/A;1.5;N/A;N/A;N/A;9;12.4;7;18;OK;;0;0;0;-;Disabled;TempOk;2;230;36.4;36.7;0;0;349.9;441345100 daimler 1500 1900;441345100 daimler 1500 1900;441345100 Daimler 1500 1900
20260325_23:52:58;0;1;2;950;940.1;925;975;OK;950;951.1;925;975;OK;951.1;951;-20;-18.4;-50;-25;NOK;-20;-18.1;-50;-25;NOK;-17.8;-17.8;0;-20;-18.4;-50;-25;NOK;300;311;300;500;OK;0;0;N/A;N/A;N/A;N/A;N/A;N/A;N/A;N/A;N/A;N/A;N/A;N/A;N/A;N/A;N/A;N/A;N/A;N/A;N/A;N/A;N/A;N/A;N/A;N/A;N/A;N/A;N/A;N/A;N/A;N/A;N/A;N/A;N/A;N/A;N/A;N/A;N/A;N/A;N/A;N/A;N/A;N/A;N/A;N/A;N/A;N/A;N/A;N/A;N/A;N/A;N/A;N/A;N/A;N/A;N/A;N/A;N/A;N/A;N/A;N/A;N/A;N/A;N/A;N/A;N/A;N/A;N/A;N/A;N/A;N/A;N/A;N/A;N/A;N/A;N/A;N/A;N/A;N/A;N/A;N/A;N/A;N/A;N/A;N/A;N/A;N/A;N/A;N/A;N/A;N/A;N/A;N/A;N/A;N/A;N/A;N/A;N/A;N/A;;0;321.3;0;0;;Disabled;TempStop;2;700;323.2;280.1;0;0;599.9;549.9;Enabled;PosOk;2;0;0;0;0;0;15;Disabled;0;0;0;0;0;0;0;0;0;0;0;0;0;0;0;0;0;0;0;0;0;0;0;0;0;0;0;0;0;0;0;0;0;0;0;0;0;0;0;0;0;0;0;0;0;0;0;0;0;0;0;0;0;0;0;0;0;0;0;0;0;0;0;0;0;0;0;0;0;0;30;30;20;45;30;30;20;45;30;30;20;45;30;30;20;45;200;142;100;300;200;141;100;300;200;142;100;300;200;141;100;300;30;30;20;45;30;30;20;45;30;30;20;45;30;30;20;45;200;146;100;300;200;145;100;300;200;224;100;300;200;224;100;300;4;2;0.4;6;4;5;0.4;6;4;2;0.4;6;4;5;0.4;6;4;2;0.4;6;4;5;0.4;6;4;2;0.4;6;4;5;0.4;6;NOK;NOK;OK;7000;7096;6500;8100;OK;4.95;0;8;12;NOK;N/A;1.5;N/A;N/A;N/A;9;11.7;7;18;OK;;0;0;0;-;Disabled;TempOk;2;230;36.4;36.7;0;0;349.9;441345100 daimler 1500 1900;441345100 daimler 1500 1900;441345100 Daimler 1500 1900
20260325_23:53:34;0;3;2;950;939.9;925;975;OK;950;951.5;925;975;OK;951.6;951.5;-20;-20.9;-50;-25;NOK;-20;-19.8;-50;-25;NOK;-17.2;-18.5;0;-20;-21.1;-50;-25;NOK;300;311;300;500;OK;0;0;N/A;N/A;N/A;N/A;N/A;N/A;N/A;N/A;N/A;N/A;N/A;N/A;N/A;N/A;N/A;N/A;N/A;N/A;N/A;N/A;N/A;N/A;N/A;N/A;N/A;N/A;N/A;N/A;N/A;N/A;N/A;N/A;N/A;N/A;N/A;N/A;N/A;N/A;N/A;N/A;N/A;N/A;N/A;N/A;N/A;N/A;N/A;N/A;N/A;N/A;N/A;N/A;N/A;N/A;N/A;N/A;N/A;N/A;N/A;N/A;N/A;N/A;N/A;N/A;N/A;N/A;N/A;N/A;N/A;N/A;N/A;N/A;N/A;N/A;N/A;N/A;N/A;N/A;N/A;N/A;N/A;N/A;N/A;N/A;N/A;N/A;N/A;N/A;N/A;N/A;N/A;N/A;N/A;N/A;N/A;N/A;N/A;N/A;;0;319.6;0;0;;Disabled;TempStop;2;700;321.9;278.7;0;0;599.9;549.9;Enabled;PosOk;2;0;0;0;0;0;15;Disabled;0;0;0;0;0;0;0;0;0;0;0;0;0;0;0;0;0;0;0;0;0;0;0;0;0;0;0;0;0;0;0;0;0;0;0;0;0;0;0;0;0;0;0;0;0;0;0;0;0;0;0;0;0;0;0;0;0;0;0;0;0;0;0;0;0;0;0;0;0;0;30;31;20;45;30;30;20;45;30;31;20;45;30;29;20;45;200;142;100;300;200;141;100;300;200;141;100;300;200;141;100;300;30;31;20;45;30;30;20;45;30;30;20;45;30;30;20;45;200;146;100;300;200;145;100;300;200;223;100;300;200;224;100;300;4;2;0.4;6;4;5;0.4;6;4;2;0.4;6;4;5;0.4;6;4;2;0.4;6;4;5;0.4;6;4;2;0.4;6;4;5;0.4;6;NOK;NOK;OK;7000;7009;6500;8100;OK;4.95;0;8;12;NOK;N/A;1.5;N/A;N/A;N/A;9;11.9;7;18;OK;;0;0;0;-;Disabled;TempOk;2;230;36.9;37.2;0;0;349.9;441345100 daimler 1500 1900;441345100 daimler 1500 1900;441345100 Daimler 1500 1900
20260325_23:54:10;0;1;3;950;940.6;925;975;OK;950;951.7;925;975;OK;951.6;951.7;-20;-15.8;-50;-25;NOK;-20;-16.5;-50;-25;NOK;-18.1;-18.7;0;-20;-15.6;-50;-25;NOK;300;311;300;500;OK;0;0;N/A;N/A;N/A;N/A;N/A;N/A;N/A;N/A;N/A;N/A;N/A;N/A;N/A;N/A;N/A;N/A;N/A;N/A;N/A;N/A;N/A;N/A;N/A;N/A;N/A;N/A;N/A;N/A;N/A;N/A;N/A;N/A;N/A;N/A;N/A;N/A;N/A;N/A;N/A;N/A;N/A;N/A;N/A;N/A;N/A;N/A;N/A;N/A;N/A;N/A;N/A;N/A;N/A;N/A;N/A;N/A;N/A;N/A;N/A;N/A;N/A;N/A;N/A;N/A;N/A;N/A;N/A;N/A;N/A;N/A;N/A;N/A;N/A;N/A;N/A;N/A;N/A;N/A;N/A;N/A;N/A;N/A;N/A;N/A;N/A;N/A;N/A;N/A;N/A;N/A;N/A;N/A;N/A;N/A;N/A;N/A;N/A;N/A;;0;322.1;0;0;;Disabled;TempStop;2;700;324.4;280.6;0;0;599.9;549.9;Enabled;PosOk;2;0;0;0;0;0;15;Disabled;0;0;0;0;0;0;0;0;0;0;0;0;0;0;0;0;0;0;0;0;0;0;0;0;0;0;0;0;0;0;0;0;0;0;0;0;0;0;0;0;0;0;0;0;0;0;0;0;0;0;0;0;0;0;0;0;0;0;0;0;0;0;0;0;0;0;0;0;53;44;30;31;20;45;30;30;20;45;30;31;20;45;30;30;20;45;200;143;100;300;200;141;100;300;200;142;100;300;200;141;100;300;30;31;20;45;30;30;20;45;30;30;20;45;30;30;20;45;200;146;100;300;200;145;100;300;200;224;100;300;200;225;100;300;4;2;0.4;6;4;5;0.4;6;4;2;0.4;6;4;5;0.4;6;4;2;0.4;6;4;5;0.4;6;4;2;0.4;6;4;5;0.4;6;NOK;NOK;OK;7000;7022;6500;8100;OK;4.95;0;8;12;NOK;N/A;1.5;N/A;N/A;N/A;9;11.9;7;18;OK;;0;0;0;-;Disabled;TempOk;2;230;36.7;36.9;0;0;349.9;441345100 daimler 1500 1900;441345100 daimler 1500 1900;441345100 Daimler 1500 1900
20260325_23:54:46;0;3;3;950;940.6;925;975;OK;950;951.7;925;975;OK;951.6;951.5;-20;-16.6;-50;-25;NOK;-20;-16;-50;-25;NOK;-13.3;-14.7;0;-20;-16.6;-50;-25;NOK;300;311;300;500;OK;0;0;N/A;N/A;N/A;N/A;N/A;N/A;N/A;N/A;N/A;N/A;N/A;N/A;N/A;N/A;N/A;N/A;N/A;N/A;N/A;N/A;N/A;N/A;N/A;N/A;N/A;N/A;N/A;N/A;N/A;N/A;N/A;N/A;N/A;N/A;N/A;N/A;N/A;N/A;N/A;N/A;N/A;N/A;N/A;N/A;N/A;N/A;N/A;N/A;N/A;N/A;N/A;N/A;N/A;N/A;N/A;N/A;N/A;N/A;N/A;N/A;N/A;N/A;N/A;N/A;N/A;N/A;N/A;N/A;N/A;N/A;N/A;N/A;N/A;N/A;N/A;N/A;N/A;N/A;N/A;N/A;N/A;N/A;N/A;N/A;N/A;N/A;N/A;N/A;N/A;N/A;N/A;N/A;N/A;N/A;N/A;N/A;N/A;N/A;;0;321.1;0;0;;Disabled;TempStop;2;700;323.6;279;0;0;599.9;549.9;Enabled;PosOk;2;0;0;0;0;0;15;Disabled;0;0;0;0;0;0;0;0;0;0;0;0;0;0;0;0;0;0;0;0;0;0;0;0;0;0;0;0;0;0;0;0;0;0;0;0;0;0;0;0;0;0;0;0;0;0;0;0;0;0;0;0;0;0;0;0;0;0;0;0;0;0;0;0;0;0;0;0;0;0;30;31;20;45;30;29;20;45;30;31;20;45;30;29;20;45;200;142;100;300;200;140;100;300;200;141;100;300;200;141;100;300;30;31;20;45;30;30;20;45;30;30;20;45;30;30;20;45;200;146;100;300;200;145;100;300;200;223;100;300;200;225;100;300;4;2;0.4;6;4;5;0.4;6;4;2;0.4;6;4;5;0.4;6;4;2;0.4;6;4;5;0.4;6;4;2;0.4;6;4;5;0.4;6;NOK;NOK;OK;7000;7032;6500;8100;OK;4.95;0;8;12;NOK;N/A;1.5;N/A;N/A;N/A;9;11.7;7;18;OK;;0;0;0;-;Disabled;TempOk;2;230;36.9;37.9;0;0;349.9;441345100 daimler 1500 1900;441345100 daimler 1500 1900;441345100 Daimler 1500 1900
20260325_23:55:21;0;1;4;950;939.5;925;975;OK;950;950.9;925;975;OK;950.8;950.7;-20;-12.8;-50;-25;NOK;-20;-13.4;-50;-25;NOK;-16.4;-15.9;0;-20;-12.7;-50;-25;NOK;300;311;300;500;OK;0;0;N/A;N/A;N/A;N/A;N/A;N/A;N/A;N/A;N/A;N/A;N/A;N/A;N/A;N/A;N/A;N/A;N/A;N/A;N/A;N/A;N/A;N/A;N/A;N/A;N/A;N/A;N/A;N/A;N/A;N/A;N/A;N/A;N/A;N/A;N/A;N/A;N/A;N/A;N/A;N/A;N/A;N/A;N/A;N/A;N/A;N/A;N/A;N/A;N/A;N/A;N/A;N/A;N/A;N/A;N/A;N/A;N/A;N/A;N/A;N/A;N/A;N/A;N/A;N/A;N/A;N/A;N/A;N/A;N/A;N/A;N/A;N/A;N/A;N/A;N/A;N/A;N/A;N/A;N/A;N/A;N/A;N/A;N/A;N/A;N/A;N/A;N/A;N/A;N/A;N/A;N/A;N/A;N/A;N/A;N/A;N/A;N/A;N/A;;0;321.9;0;0;;Disabled;TempStop;2;700;324.3;279.7;0;0;599.9;549.9;Enabled;PosOk;2;0;0;0;0;0;15;Disabled;0;0;0;0;0;0;0;0;0;0;0;0;0;0;0;0;0;0;0;0;0;0;0;0;0;0;0;0;0;0;0;0;0;0;0;0;0;0;0;0;0;0;0;0;0;0;0;0;0;0;0;0;0;0;0;0;0;0;0;0;0;0;0;0;0;0;0;0;54;56;30;31;20;45;30;30;20;45;30;31;20;45;30;30;20;45;200;142;100;300;200;140;100;300;200;141;100;300;200;141;100;300;30;31;20;45;30;30;20;45;30;30;20;45;30;30;20;45;200;146;100;300;200;144;100;300;200;223;100;300;200;224;100;300;4;2;0.4;6;4;5;0.4;6;4;2;0.4;6;4;5;0.4;6;4;2;0.4;6;4;5;0.4;6;4;2;0.4;6;4;5;0.4;6;NOK;NOK;OK;7000;7008;6500;8100;OK;4.94;0;8;12;NOK;N/A;1.5;N/A;N/A;N/A;9;11.9;7;18;OK;;0;0;0;-;Disabled;TempOk;2;230;36.7;37.9;0;0;349.9;441345100 daimler 1500 1900;441345100 daimler 1500 1900;441345100 Daimler 1500 1900
20260325_23:55:57;0;3;4;950;940.3;925;975;OK;950;951.5;925;975;OK;951.4;951.6;-20;-14.1;-50;-25;NOK;-20;-15;-50;-25;NOK;-18.2;-18;0;-20;-13.9;-50;-25;NOK;300;311;300;500;OK;0;0;N/A;N/A;N/A;N/A;N/A;N/A;N/A;N/A;N/A;N/A;N/A;N/A;N/A;N/A;N/A;N/A;N/A;N/A;N/A;N/A;N/A;N/A;N/A;N/A;N/A;N/A;N/A;N/A;N/A;N/A;N/A;N/A;N/A;N/A;N/A;N/A;N/A;N/A;N/A;N/A;N/A;N/A;N/A;N/A;N/A;N/A;N/A;N/A;N/A;N/A;N/A;N/A;N/A;N/A;N/A;N/A;N/A;N/A;N/A;N/A;N/A;N/A;N/A;N/A;N/A;N/A;N/A;N/A;N/A;N/A;N/A;N/A;N/A;N/A;N/A;N/A;N/A;N/A;N/A;N/A;N/A;N/A;N/A;N/A;N/A;N/A;N/A;N/A;N/A;N/A;N/A;N/A;N/A;N/A;N/A;N/A;N/A;N/A;;0;319.2;0;0;;Disabled;TempStop;2;700;321.7;277;0;0;599.9;549.9;Enabled;PosOk;2;0;0;0;0;0;15;Disabled;0;0;0;0;0;0;0;0;0;0;0;0;0;0;0;0;0;0;0;0;0;0;0;0;0;0;0;0;0;0;0;0;0;0;0;0;0;0;0;0;0;0;0;0;0;0;0;0;0;0;0;0;0;0;0;0;0;0;0;0;0;0;0;0;0;0;0;0;0;0;30;31;20;45;30;30;20;45;30;31;20;45;30;30;20;45;200;142;100;300;200;140;100;300;200;141;100;300;200;141;100;300;30;31;20;45;30;30;20;45;30;31;20;45;30;30;20;45;200;146;100;300;200;144;100;300;200;223;100;300;200;224;100;300;4;2;0.4;6;4;5;0.4;6;4;2;0.4;6;4;5;0.4;6;4;2;0.4;6;4;5;0.4;6;4;2;0.4;6;4;5;0.4;6;NOK;NOK;OK;7000;7003;6500;8100;OK;4.95;0;8;12;NOK;N/A;1.5;N/A;N/A;N/A;9;12.4;7;18;OK;;0;0;0;-;Disabled;TempOk;2;230;36.7;36.7;0;0;349.9;441345100 daimler 1500 1900;441345100 daimler 1500 1900;441345100 Daimler 1500 1900
20260325_23:56:33;0;3;5;950;942.8;925;975;OK;950;951.2;925;975;OK;951.2;951.2;-20;-17.9;-50;-25;NOK;-20;-17.9;-50;-25;NOK;-17.7;-18.5;0;-20;-17.7;-50;-25;NOK;300;311;300;500;OK;0;0;N/A;N/A;N/A;N/A;N/A;N/A;N/A;N/A;N/A;N/A;N/A;N/A;N/A;N/A;N/A;N/A;N/A;N/A;N/A;N/A;N/A;N/A;N/A;N/A;N/A;N/A;N/A;N/A;N/A;N/A;N/A;N/A;N/A;N/A;N/A;N/A;N/A;N/A;N/A;N/A;N/A;N/A;N/A;N/A;N/A;N/A;N/A;N/A;N/A;N/A;N/A;N/A;N/A;N/A;N/A;N/A;N/A;N/A;N/A;N/A;N/A;N/A;N/A;N/A;N/A;N/A;N/A;N/A;N/A;N/A;N/A;N/A;N/A;N/A;N/A;N/A;N/A;N/A;N/A;N/A;N/A;N/A;N/A;N/A;N/A;N/A;N/A;N/A;N/A;N/A;N/A;N/A;N/A;N/A;N/A;N/A;N/A;N/A;;0;319.2;0;0;;Disabled;TempStop;2;700;321.3;277.8;0;0;599.9;549.9;Enabled;PosOk;2;0;0;0;0;0;15;Disabled;0;0;0;0;0;0;0;0;0;0;0;0;0;0;0;0;0;0;0;0;0;0;0;0;0;0;0;0;0;0;0;0;0;0;0;0;0;0;0;0;0;0;0;0;0;0;0;0;0;0;0;0;0;0;0;0;0;0;0;0;0;0;0;0;0;0;0;0;0;0;30;31;20;45;30;30;20;45;30;31;20;45;30;30;20;45;200;142;100;300;200;140;100;300;200;141;100;300;200;141;100;300;30;31;20;45;30;30;20;45;30;31;20;45;30;30;20;45;200;146;100;300;200;145;100;300;200;223;100;300;200;224;100;300;4;2;0.4;6;4;5;0.4;6;4;2;0.4;6;4;5;0.4;6;4;2;0.4;6;4;5;0.4;6;4;2;0.4;6;4;5;0.4;6;NOK;NOK;OK;7000;7021;6500;8100;OK;4.95;0;8;12;NOK;N/A;1.51;N/A;N/A;N/A;9;12;7;18;OK;;0;0;0;-;Disabled;TempOk;2;230;36.7;37.2;0;0;349.9;441345100 daimler 1500 1900;441345100 daimler 1500 1900;441345100 Daimler 1500 1900
20260325_23:58:21;0;1;2;950;940.1;925;975;OK;950;951.1;925;975;OK;951.1;951.1;-20;-18.2;-50;-25;NOK;-20;-17.9;-50;-25;NOK;-17.4;-17.5;0;-20;-18.2;-50;-25;NOK;300;311;300;500;OK;0;0;N/A;N/A;N/A;N/A;N/A;N/A;N/A;N/A;N/A;N/A;N/A;N/A;N/A;N/A;N/A;N/A;N/A;N/A;N/A;N/A;N/A;N/A;N/A;N/A;N/A;N/A;N/A;N/A;N/A;N/A;N/A;N/A;N/A;N/A;N/A;N/A;N/A;N/A;N/A;N/A;N/A;N/A;N/A;N/A;N/A;N/A;N/A;N/A;N/A;N/A;N/A;N/A;N/A;N/A;N/A;N/A;N/A;N/A;N/A;N/A;N/A;N/A;N/A;N/A;N/A;N/A;N/A;N/A;N/A;N/A;N/A;N/A;N/A;N/A;N/A;N/A;N/A;N/A;N/A;N/A;N/A;N/A;N/A;N/A;N/A;N/A;N/A;N/A;N/A;N/A;N/A;N/A;N/A;N/A;N/A;N/A;N/A;N/A;;0;320.8;0;0;;Disabled;TempStop;2;700;322.1;280.6;0;0;599.9;549.9;Enabled;PosOk;2;0;0;0;0;0;15;Disabled;0;0;0;0;0;0;0;0;0;0;0;0;0;0;0;0;0;0;0;0;0;0;0;0;0;0;0;0;0;0;0;0;0;0;0;0;0;0;0;0;0;0;0;0;0;0;0;0;0;0;0;0;0;0;0;0;0;0;0;0;0;0;0;0;0;0;0;0;0;0;30;30;20;45;30;30;20;45;30;30;20;45;30;30;20;45;200;142;100;300;200;141;100;300;200;141;100;300;200;142;100;300;30;30;20;45;30;30;20;45;30;30;20;45;30;30;20;45;200;146;100;300;200;145;100;300;200;223;100;300;200;225;100;300;4;2;0.4;6;4;5;0.4;6;4;2;0.4;6;4;5;0.4;6;4;2;0.4;6;4;5;0.4;6;4;2;0.4;6;4;5;0.4;6;NOK;NOK;OK;7000;7084;6500;8100;OK;4.94;0;8;12;NOK;N/A;1.5;N/A;N/A;N/A;9;11.9;7;18;OK;;0;0;0;-;Disabled;TempOk;2;230;36.4;37.2;0;0;349.9;441345100 daimler 1500 1900;441345100 daimler 1500 1900;441345100 Daimler 1500 1900
20260325_23:58:57;0;3;2;950;939.3;925;975;OK;950;951.5;925;975;OK;951.4;951.4;-20;-20.2;-50;-25;NOK;-20;-19.7;-50;-25;NOK;-16.8;-18.1;0;-20;-20.2;-50;-25;NOK;300;311;300;500;OK;0;0;N/A;N/A;N/A;N/A;N/A;N/A;N/A;N/A;N/A;N/A;N/A;N/A;N/A;N/A;N/A;N/A;N/A;N/A;N/A;N/A;N/A;N/A;N/A;N/A;N/A;N/A;N/A;N/A;N/A;N/A;N/A;N/A;N/A;N/A;N/A;N/A;N/A;N/A;N/A;N/A;N/A;N/A;N/A;N/A;N/A;N/A;N/A;N/A;N/A;N/A;N/A;N/A;N/A;N/A;N/A;N/A;N/A;N/A;N/A;N/A;N/A;N/A;N/A;N/A;N/A;N/A;N/A;N/A;N/A;N/A;N/A;N/A;N/A;N/A;N/A;N/A;N/A;N/A;N/A;N/A;N/A;N/A;N/A;N/A;N/A;N/A;N/A;N/A;N/A;N/A;N/A;N/A;N/A;N/A;N/A;N/A;N/A;N/A;;0;319.2;0;0;;Disabled;TempStop;2;700;321.3;277.7;0;0;599.9;549.9;Enabled;PosOk;2;0;0;0;0;0;15;Disabled;0;0;0;0;0;0;0;0;0;0;0;0;0;0;0;0;0;0;0;0;0;0;0;0;0;0;0;0;0;0;0;0;0;0;0;0;0;0;0;0;0;0;0;0;0;0;0;0;0;0;0;0;0;0;0;0;0;0;0;0;0;0;0;0;0;0;0;0;0;0;30;31;20;45;30;29;20;45;30;31;20;45;30;29;20;45;200;142;100;300;200;140;100;300;200;141;100;300;200;141;100;300;30;31;20;45;30;29;20;45;30;30;20;45;30;29;20;45;200;146;100;300;200;145;100;300;200;223;100;300;200;224;100;300;4;2;0.4;6;4;5;0.4;6;4;2;0.4;6;4;5;0.4;6;4;2;0.4;6;4;5;0.4;6;4;2;0.4;6;4;5;0.4;6;NOK;NOK;OK;7000;6995;6500;8100;OK;4.94;0;8;12;NOK;N/A;1.5;N/A;N/A;N/A;9;12.3;7;18;OK;;0;0;0;-;Disabled;TempOk;2;230;36.4;36.4;0;0;349.9;441345100 daimler 1500 1900;441345100 daimler 1500 1900;441345100 Daimler 1500 1900
20260325_23:59:33;0;1;3;950;940.6;925;975;OK;950;951.7;925;975;OK;951.6;951.7;-20;-15.5;-50;-25;NOK;-20;-16.4;-50;-25;NOK;-17.9;-18.5;0;-20;-15.4;-50;-25;NOK;300;311;300;500;OK;0;0;N/A;N/A;N/A;N/A;N/A;N/A;N/A;N/A;N/A;N/A;N/A;N/A;N/A;N/A;N/A;N/A;N/A;N/A;N/A;N/A;N/A;N/A;N/A;N/A;N/A;N/A;N/A;N/A;N/A;N/A;N/A;N/A;N/A;N/A;N/A;N/A;N/A;N/A;N/A;N/A;N/A;N/A;N/A;N/A;N/A;N/A;N/A;N/A;N/A;N/A;N/A;N/A;N/A;N/A;N/A;N/A;N/A;N/A;N/A;N/A;N/A;N/A;N/A;N/A;N/A;N/A;N/A;N/A;N/A;N/A;N/A;N/A;N/A;N/A;N/A;N/A;N/A;N/A;N/A;N/A;N/A;N/A;N/A;N/A;N/A;N/A;N/A;N/A;N/A;N/A;N/A;N/A;N/A;N/A;N/A;N/A;N/A;N/A;;0;322.4;0;0;;Disabled;TempStop;2;700;324.7;280.4;0;0;599.9;549.9;Enabled;PosOk;2;0;0;0;0;0;15;Disabled;0;0;0;0;0;0;0;0;0;0;0;0;0;0;0;0;0;0;0;0;0;0;0;0;0;0;0;0;0;0;0;0;0;0;0;0;0;0;0;0;0;0;0;0;0;0;0;0;0;0;0;0;0;0;0;0;0;0;0;0;0;0;0;0;0;0;0;0;59;8;30;31;20;45;30;29;20;45;30;31;20;45;30;29;20;45;200;142;100;300;200;141;100;300;200;141;100;300;200;141;100;300;30;30;20;45;30;29;20;45;30;30;20;45;30;29;20;45;200;146;100;300;200;145;100;300;200;223;100;300;200;224;100;300;4;2;0.4;6;4;5;0.4;6;4;2;0.4;6;4;5;0.4;6;4;2;0.4;6;4;5;0.4;6;4;3;0.4;6;4;5;0.4;6;NOK;NOK;OK;7000;7015;6500;8100;OK;4.94;0;8;12;NOK;N/A;1.5;N/A;N/A;N/A;9;11.7;7;18;OK;;0;0;0;-;Disabled;TempOk;2;230;36.4;36.9;0;0;349.9;441345100 daimler 1500 1900;441345100 daimler 1500 1900;441345100 Daimler 1500 1900