//Delimiter=;
Date-Time;0-Detail ID;1-MLF;2-Cavity;3-Temp at loading - SP, °C;4-Temp at loading - PV, °C;5-Temp at loading - LL, °C;6-Temp at loading - UL, °C;7-Temp at loading - Status, °C;8-Temp at Unloading - SP, °C;9-Temp at Unloading - PV, °C;10-Temp at Unloading - LL, °C;11-Temp at Unloading - UL, °C;12-Temp at Unloading - Status, °C;13-Temp 60s - PV, °C;14-Temp 30s  - PV, °C;15-Dewpoint - load - SP, °C;16-Dewpoint - load - PV, °C;17-Dewpoint - load - Lower, °C;18-Dewpoint - load - Upper, °C;19-Dewpoint - load - Status, °C;20-Dewpoint - unload - SP, °C;21-Dewpoint - unload - PV, °C;22-Dewpoint - unload - Lower, °C;23-Dewpoint - unload - Upper, °C;24-Dewpoint - unload - Status, °C;25-Dewpoint 60s - PV, °C;26-Dewpoint 30s  - PV, °C;27-Dewpoint Custom Time, Sec;28-Dewpoint Custom Time - SP, °C;29-Dewpoint Custom Time - PV, °C;30-Dewpoint Custom Time - LL, °C;31-Dewpoint Custom Time - UL, °C;32-Dewpoint Custom Time - Status;33-Soak time SP, s;34-Soak time PV, s;35-Soak time LL, s;36-Soak time UL, s;37-Soak time status;38-Dry Air Cons. Load, m³;39-Dry Air Cons. Unoad, m³;0-TB number;1-CavityNumber;2-HeatZone UL;3-HeatZone UC;4-HeatZone UR;5-HeatZone LL;6-HeatZone LC;7-HeatZone LR;8-Temp @ load - SP;9-Temp @ load - UL PV;10-Temp @ load - UC PV;11-Temp @ load - UR PV;12-Temp @ load - LL PV;13-Temp @ load - LC PV;14-Temp @ load - LR PV;15-Temp @ load - LL;16-Temp @ load - UL;17-Temp @ load - Status;18-Temp @ unload - SP;19-Temp @ unload - UL PV;20-Temp @ unload - UC PV;21-Temp @ unload - UR PV;22-Temp @ unload - LL PV;23-Temp @ unload - LC PV;24-Temp @ unload - LR PV;25-Temp @ unload - LL;26-Temp @ unload - UL;27-Temp @ unload - Status;28-Temp 60s before end - UL PV;29-Temp 60s before end - UC PV;30-Temp 60s before end - UR PV;31-Temp 60s before end - LL PV;32-Temp 60s before end - LC PV;33-Temp 60s before end - LR PV;34-Temp 30s before end - UL PV;35-Temp 30s before end - UC PV;36-Temp 30s before end - UR PV;37-Temp 30s before end - LL PV;38-Temp 30s before end - LC PV;39-Temp 30s before end - LR PV;40-CoolingFrame - UC1 - TempIn - PV;41-CoolingFrame - UC1 - TempIn - LL;42-CoolingFrame - UC1 - TempIn - UL;43-CoolingFrame - UC1 - TempIn - Status;44-CoolingFrame - UC1 - TempOut - PV;45-CoolingFrame - UC1 - TempOut - LL;46-CoolingFrame - UC1 - TempOut - UL;47-CoolingFrame - UC1 - TempOut - Status;48-CoolingFrame - UC1 - FlowOut - PV;49-CoolingFrame - UC1 - FlowOut - LL;50-CoolingFrame - UC1 - FlowOut - UL;51-CoolingFrame - UC1 - FlowOut - Status;52-CoolingFrame - UC2 - TempIn - PV;53-CoolingFrame - UC2 - TempIn - LL;54-CoolingFrame - UC2 - TempIn - UL;55-CoolingFrame - UC2 - TempIn - Status;56-CoolingFrame - UC2 - TempOut - PV;57-CoolingFrame - UC2 - TempOut - LL;58-CoolingFrame - UC2 - TempOut - UL;59-CoolingFrame - UC2 - TempOut - Status;60-CoolingFrame - UC2 - FlowOut - PV;61-CoolingFrame - UC2 - FlowOut - LL;62-CoolingFrame - UC2 - FlowOut - UL;63-CoolingFrame - UC2 - FlowOut - Status;64-CoolingFrame - LC1 - TempIn - PV;65-CoolingFrame - LC1 - TempIn - LL;66-CoolingFrame - LC1 - TempIn - UL;67-CoolingFrame - LC1 - TempIn - Status;68-CoolingFrame - LC1 - TempOut - PV;69-CoolingFrame - LC1 - TempOut - LL;70-CoolingFrame - LC1 - TempOut - UL;71-CoolingFrame - LC1 - TempOut - Status;72-CoolingFrame - LC1 - FlowOut - PV;73-CoolingFrame - LC1 - FlowOut - LL;74-CoolingFrame - LC1 - FlowOut - UL;75-CoolingFrame - LC1 - FlowOut - Status;76-CoolingFrame - LC2 - TempIn - PV;77-CoolingFrame - LC2 - TempIn - LL;78-CoolingFrame - LC2 - TempIn - UL;79-CoolingFrame - LC2 - TempIn - Status;80-CoolingFrame - LC2 - TempOut - PV;81-CoolingFrame - LC2 - TempOut - LL;82-CoolingFrame - LC2 - TempOut - UL;83-CoolingFrame - LC2 - TempOut - Status;84-CoolingFrame - LC2 - FlowOut - PV;85-CoolingFrame - LC2 - FlowOut - LL;86-CoolingFrame - LC2 - FlowOut - UL;87-CoolingFrame - LC2 - FlowOut - Status;88-SoakTime - SP;89-SoakTime - PV;90-SoakTime - LL;91-SoakTime - UL;92-Soaktime - Status;93-TimeinAir - MLF->TB, SP;94-TimeinAir - MLF->TB, PVt;95-TimeinAir - MLF->TB, LL;96-TimeinAir - MLF->TB, UL;97-TimeinAir - MLF->TB, Status;0-PYH DetailStatus;1-PYH Target °C;2-PYH  Act temp °C;3-PYH Lower limit °C;4-PYH Stop Limit °C;5-PYH Active;6-HA Active;7-HA Status;8-HA NumberOfDet;9-HA Target, °C;10-HA TempDet 1, °C;11-HA TempDet 2, °C;12-HA TempDet 3, °C;13-HA TempDet 4, °C;14-HA Lower Limit, °C;15-HA Stop Limit, °C;16-PA Active;17-PA Status;18-PA NumberOfDet;19-PA Target, %;20-PA PosDet 1, %;21-PA PosDet 2, %;22-PA PosDet 3, %;23-PA PosDet 4, %;24-PA Stop Limit, %;25-TT Active;26-TT Det1 Nr of AOI;27-TT Det2 Nr of AOI;28-TT Det3 Nr of AOI;29-TT Det4 Nr of AOI;30-TT Det1 AOI1 minTemp;31-TT Det1 AOI1 maxTemp;32-TT Det1 AOI2 minTemp;33-TT Det1 AOI2 maxTemp;34-TT Det1 AOI3 minTemp;35-TT Det1 AOI3 maxTemp;36-TT Det1 AOI4 minTemp;37-TT Det1 AOI4 maxTemp;38-TT Det2 AOI1 minTemp;39-TT Det2 AOI1 maxTemp;40-TT Det2 AOI2 minTemp;41-TT Det2 AOI2 maxTemp;42-TT Det2 AOI3 minTemp;43-TT Det2 AOI3 maxTemp;44-TT Det2 AOI4 minTemp;45-TT Det2 AOI4 maxTemp;46-TT Det3 AOI1 minTemp;47-TT Det3 AOI1 maxTemp;48-TT Det3 AOI2 minTemp;49-TT Det3 AOI2 maxTemp;50-TT Det3 AOI3 minTemp;51-TT Det3 AOI3 maxTemp;52-TT Det3 AOI4 minTemp;53-TT Det3 AOI4 maxTemp;54-TT Det4 AOI1 minTemp;55-TT Det4 AOI1 maxTemp;56-TT Det4 AOI2 minTemp;57-TT Det4 AOI2 maxTemp;58-TT Det4 AOI3 minTemp;59-TT Det4 AOI3 maxTemp;60-TT Det4 AOI4 minTemp;61-TT Det4 AOI4 maxTemp;62-TT Det1 AOI1 LL;63-TT Det1 AOI1 UL;64-TT Det1 AOI2 LL;65-TT Det1 AOI2 UL;66-TT Det1 AOI3 LL;67-TT Det1 AOI3 UL;68-TT Det1 AOI4 LL;69-TT Det1 AOI4 UL;70-TT Det2 AOI1 LL;71-TT Det2 AOI1 UL;72-TT Det2 AOI2 LL;73-TT Det2 AOI2 UL;74-TT Det2 AOI3 LL;75-TT Det2 AOI3 UL;76-TT Det2 AOI4 LL;77-TT Det2 AOI4 UL;78-TT Det3 AOI1 LL;79-TT Det3 AOI1 UL;80-TT Det3 AOI2 LL;81-TT Det3 AOI2 UL;82-TT Det3 AOI3 LL;83-TT Det3 AOI3 UL;84-TT Det3 AOI4 LL;85-TT Det3 AOI4 UL;86-TT Det4 AOI1 LL;87-TT Det4 AOI1 UL;88-TT Det4 AOI2 LL;89-TT Det4 AOI2 UL;90-TT Det4 AOI3 LL;91-TT Det4 AOI3 UL;92-TT Det4 AOI4 LL;93-TT Det4 AOI4 UL;94-Cam trig Min;95-Cam trig Sec;0-CoolingTempUpper 1-A10.32, SP;1-CoolingTempUpper 1-A10.32, PV;2-CoolingTempUpper 1-A10.32, LL;3-CoolingTempUpper 1-A10.32, UL;4-CoolingTempUpper 1-A10.34, SP;5-CoolingTempUpper 1-A10.34, PV;6-CoolingTempUpper 1-A10.34, LL;7-CoolingTempUpper 1-A10.34, UL;8-CoolingTempUpper 1-A10.42, SP;9-CoolingTempUpper 1-A10.42, PV;10-CoolingTempUpper 1-A10.42, LL;11-CoolingTempUpper 1-A10.42, UL;12-CoolingTempUpper 1-A10.44, SP;13-CoolingTempUpper 1-A10.44, PV;14-CoolingTempUpper 1-A10.44, LL;15-CoolingTempUpper 1-A10.44, UL;16-CoolingFlowUpper 1-A10.32, SP;17-CoolingFlowUpper 1-A10.32, PV;18-CoolingFlowUpper 1-A10.32, LL;19-CoolingFlowUpper 1-A10.32, UL;20-CoolingFlowUpper 1-A10.34, SP;21-CoolingFlowUpper 1-A10.34, PV;22-CoolingFlowUpper 1-A10.34, LL;23-CoolingFlowUpper 1-A10.34, UL;24-CoolingFlowUpper 1-A10.42, SP;25-CoolingFlowUpper 1-A10.42, PV;26-CoolingFlowUpper 1-A10.42, LL;27-CoolingFlowUpper 1-A10.42, UL;28-CoolingFlowUpper 1-A10.44, SP;29-CoolingFlowUpper 1-A10.44, PV;30-CoolingFlowUpper 1-A10.44, LL;31-CoolingFlowUpper 1-A10.44, UL;32-CoolingTempLower 1-A10.12, SP;33-CoolingTempLower 1-A10.12, PV;34-CoolingTempLower 1-A10.12, LL;35-CoolingTempLower 1-A10.12, UL;36-CoolingTempLower 1-A10.14, SP;37-CoolingTempLower 1-A10.14, PV;38-CoolingTempLower 1-A10.14, LL;39-CoolingTempLower 1-A10.14, UL;40-CoolingTempLower 1-A10.22, SP;41-CoolingTempLower 1-A10.22, PV;42-CoolingTempLower 1-A10.22, LL;43-CoolingTempLower 1-A10.22, UL;44-CoolingTempLower 1-A10.24, SP;45-CoolingTempLower 1-A10.24, PV;46-CoolingTempLower 1-A10.24, LL;47-CoolingTempLower 1-A10.24, UL;48-CoolingFlowLower 1-A10.12, SP;49-CoolingFlowLower 1-A10.12, PV;50-CoolingFlowLower 1-A10.12, LL;51-CoolingFlowLower 1-A10.12, UL;52-CoolingFlowLower 1-A10.14, SP;53-CoolingFlowLower 1-A10.14, PV;54-CoolingFlowLower 1-A10.14, LL;55-CoolingFlowLower 1-A10.14, UL;56-CoolingFlowLower 1-A10.22, SP;57-CoolingFlowLower 1-A10.22, PV;58-CoolingFlowLower 1-A10.22, LL;59-CoolingFlowLower 1-A10.22, UL;60-CoolingFlowLower 1-A10.24, SP;61-CoolingFlowLower 1-A10.24, PV;62-CoolingFlowLower 1-A10.24, LL;63-CoolingFlowLower 1-A10.24, UL;64-CoolingPressureUpper 1-A10.33, SP;65-CoolingPressureUpper 1-A10.33, PV;66-CoolingPressureUpper 1-A10.33, LL;67-CoolingPressureUpper 1-A10.33, UL;68-CoolingPressureUpper 1-A10.35, SP;69-CoolingPressureUpper 1-A10.35, PV;70-CoolingPressureUpper 1-A10.35, LL;71-CoolingPressureUpper 1-A10.35, UL;72-CoolingPressureUpper 1-A10.43, SP;73-CoolingPressureUpper 1-A10.43, PV;74-CoolingPressureUpper 1-A10.43, LL;75-CoolingPressureUpper 1-A10.43, UL;76-CoolingPressureUpper 1-A10.45, SP;77-CoolingPressureUpper 1-A10.45, PV;78-CoolingPressureUpper 1-A10.45, LL;79-CoolingPressureUpper 1-A10.45, UL;80-CoolingPressureLower 1-A10.13, SP;81-CoolingPressureLower 1-A10.13, PV;82-CoolingPressureLower 1-A10.13, LL;83-CoolingPressureLower 1-A10.13, UL;84-CoolingPressureLower 1-A10.15, SP;85-CoolingPressureLower 1-A10.15, PV;86-CoolingPressureLower 1-A10.15, LL;87-CoolingPressureLower 1-A10.15, UL;88-CoolingPressureLower 1-A10.23, SP;89-CoolingPressureLower 1-A10.23, PV;90-CoolingPressureLower 1-A10.23, LL;91-CoolingPressureLower 1-A10.23, UL;92-CoolingPressureLower 1-A10.25, SP;93-CoolingPressureLower 1-A10.25, PV;94-CoolingPressureLower 1-A10.25, LL;95-CoolingPressureLower 1-A10.25, UL;96-CoolingTemp Status;97-CoolingFlowStatus;98-CoolingPressureStatus;99-Press force, SP;100-Press force, PV;101-Press force, LL;102-Press force, UL;103-Press force, Status;104-Dwell time, SP;105-Dwell time, PV;106-Dwell time, LL;107-Dwell time, UL;108-Dwell time, Status;109-Closing time, SP;110-Closing time, PV;111-Closing time, LL;112-Closing time, UL;113-Closing time, Status;114-TimeinAir MLF/TB -> Press, SP;115-TimeinAir MLF/TB -> Press, PVt;116-TimeinAir MLF/TB -> Press, LL;117-TimeinAir MLF/TB -> Press, UL;118-TimeinAir MLF/TB -> Press, Status;0-PYC Status;1-PYC Target, °C;2-PYC Act temp °C;3-PYC Upper Limit, °C;4-PYC  Active;5-CA Active;6-CA Cold Status;7-CA NumberOfDet;8-CA Target, °C;9-CA TempDet 1, °C;10-CA TempDet 2, °C;11-CA TempDet 3, °C;12-CA TempDet 4, °C;13-CA LimitScrap °C;Recipe MLF;Recipe IPM;Recipe Pr1
20260331_11:11:24;0;1;4;950;944.2;925;975;OK;950;859.5;925;975;NOK;0;944.2;-20;-21.1;-50;-25;NOK;-20;-21.1;-50;-25;NOK;0;-21.1;0;-20;-21.1;-50;-25;NOK;30;33;30;500;OK;0;0;;;;;;;;;;;;;;;;;;;;;;;;;;;;;;;;;;;;;;;;;;;;;;;;;;;;;;;;;;;;;;;;;;;;;;;;;;;;;;;;;;;;;;;;;;;;;;;;;;;;;;;;;;;;;;;;;;;;;;;;;;;;;;;;;;;;;;;;;;;;;;;;;;;;;;;;;;;;;;;;;;;;;;;;;;;;;;;;;;;;;;;;;;;;;;;;;;;;;;;;;;;;;;;;;;;;;;;;;;;;;;;;;;;;;;;;;;;;;;;;;;;;;;;;;;;;;;;;;;;;;;;;;;;;;;;;;;;;;;;;;;;;;;;;;;;;;;;;;;;;;;;;;;;;;;;;;;;;;;;;;;;;;;;;441543200 volvo 589-1;;;;
20260331_11:17:33;26175;1;4;950;947.1;925;975;OK;950;873.8;925;975;NOK;0;947.1;-20;-20.1;-50;-25;NOK;-20;-20.2;-50;-25;NOK;0;-20.1;0;-20;-20.1;-50;-25;NOK;30;34;30;500;OK;0;0;;;;;;;;;;;;;;;;;;;;;;;;;;;;;;;;;;;;;;;;;;;;;;;;;;;;;;;;;;;;;;;;;;;;;;;;;;;;;;;;;;;;;;;;;;;;;;;;;;;;;;;;;;;;;;;;;;;;;;;;;;;;;;;;;;;;;;;;;;;;;;;;;;;;;;;;;;;;;;;;;;;;;;;;;;;;;;;;;;;;;;;;;;;;;;;;;;;;;;;;;;;;;;;;;;;;;;;;;;;;;;;;;;;;;;;;;;;;;;;;;;;;;;;;;;;;;;;;;;;;;;;;;;;;;;;;;;;;;;;;;;;;;;;;;;;;;;;;;;;;;;;;;;;;;;;;;;;;;;;;;;;;;;;;441543200 volvo 589-1;;;;
20260331_11:25:23;26177;1;4;940;938.3;910;970;OK;940;906;910;970;NOK;0;938.3;-20;-20.6;-50;-25;NOK;-20;-20.6;-50;-25;NOK;0;-20.6;0;-20;-20.6;-50;-25;NOK;30;82;30;500;OK;0;0;;;;;;;;;;;;;;;;;;;;;;;;;;;;;;;;;;;;;;;;;;;;;;;;;;;;;;;;;;;;;;;;;;;;;;;;;;;;;;;;;;;;;;;;;;;;;;;;;;;;;;;;;;;;;;;;;;;;;;;;;;;;;;;;;;;;;;;;;;;;;;;;;;;;;;;;;;;;;;;;;;;;;;;;;;;;;;;;;;;;;;;;;;;;;;;;;;;;;;;;;;;;;;;;;;;;;;;;;;;;;;;;;;;;;;;;;;;;;;;;;;;;;;;;;;;;;;;;;;;;;;;;;;;;;;;;;;;;;;;;;;;;;;;;;;;;;;;;;;;;;;;;;;;;;;;;;;;;;;;;;;;;;;;;441543200 volvo 589-1;;;;
20260331_11:36:10;26179;1;4;940;937.2;910;970;OK;940;884.4;910;970;NOK;0;937.2;-20;-20.9;-50;-25;NOK;-20;-20.9;-50;-25;NOK;0;-20.9;0;-20;-20.9;-50;-25;NOK;30;37;30;500;OK;0;0;;;;;;;;;;;;;;;;;;;;;;;;;;;;;;;;;;;;;;;;;;;;;;;;;;;;;;;;;;;;;;;;;;;;;;;;;;;;;;;;;;;;;;;;;;;;;;;;;;;;;;;;;;;;;;;;;;;;;;;;;;;;;;;;;;;;;;;;;;;;;;;;;;;;;;;;;;;;;;;;;;;;;;;;;;;;;;;;;;;;;;;;;;;;;;;;;;;;;;;;;;;;;;;;;;;;;;;;;;;;;;;;;;;;;;;;;;;;;;;;;;;;;;;;;;;;;;;;;;;;;;;;;;;;;;;;;;;;;;;;;;;;;;;;;;;;;;;;;;;;;;;;;;;;;;;;;;;;;;;;;;;;;;;;441543200 volvo 589-1;;;;
20260331_11:49:27;0;2;2;940;936.6;910;970;OK;940;861.5;910;970;NOK;0;936.6;-15;-21;-50;-20;OK;-15;-21.2;-50;-20;OK;0;-21;0;-15;-21;-50;-20;OK;30;33;30;500;OK;0;0;;;;;;;;;;;;;;;;;;;;;;;;;;;;;;;;;;;;;;;;;;;;;;;;;;;;;;;;;;;;;;;;;;;;;;;;;;;;;;;;;;;;;;;;;;;;;;;;;;;;;;;;;;;;;;;;;;;;;;;;;;;;;;;;;;;;;;;;;;;;;;;;;;;;;;;;;;;;;;;;;;;;;;;;;;;;;;;;;;;;;;;;;;;;;;;;;;;;;;;;;;;;;;;;;;;;;;;;;;;;;;;;;;;;;;;;;;;;;;;;;;;;;;;;;;;;;;;;;;;;;;;;;;;;;;;;;;;;;;;;;;;;;;;;;;;;;;;;;;;;;;;;;;;;;;;;;;;;;;;;;;;;;;;;441543200 volvo 589-1;;;;
20260331_14:25:45;26181;1;4;940;936.6;910;970;OK;940;882;910;970;NOK;0;936.6;-20;-22.3;-50;-25;NOK;-20;-22.3;-50;-25;NOK;0;-22.3;0;-20;-22.3;-50;-25;NOK;30;34;30;500;OK;0;0;;;;;;;;;;;;;;;;;;;;;;;;;;;;;;;;;;;;;;;;;;;;;;;;;;;;;;;;;;;;;;;;;;;;;;;;;;;;;;;;;;;;;;;;;;;;;;;;;;;;;;;;;;;;;;;;;;;;;;;;;;;;;;;;;;;;;;;;;;;;;;;;;;;;;;;;;;;;;;;;;;;;;;;;;;;;;;;;;;;;;;;;;;;;;;;;;;;;;;;;;;;;;;;;;;;;;;;;;;;;;;;;;;;;;;;;;;;;;;;;;;;;;;;;;;;;;;;;;;;;;;;;;;;;;;;;;;;;;;;;;;;;;;;;;;;;;;;;;;;;;;;;;;;;;;;;;;;;;;;;;;;;;;;;441543200 volvo 589-1;;;;
20260331_14:37:12;26184;1;4;940;936;910;970;OK;940;941;910;970;OK;940.3;940.8;-20;-18.3;-50;-25;NOK;-20;-21.2;-50;-25;NOK;-20.1;-20.2;0;-20;-18.5;-50;-25;NOK;330;471;330;500;OK;0;0;N/A;N/A;N/A;N/A;N/A;N/A;N/A;N/A;N/A;N/A;N/A;N/A;N/A;N/A;N/A;N/A;N/A;N/A;N/A;N/A;N/A;N/A;N/A;N/A;N/A;N/A;N/A;N/A;N/A;N/A;N/A;N/A;N/A;N/A;N/A;N/A;N/A;N/A;N/A;N/A;N/A;N/A;N/A;N/A;N/A;N/A;N/A;N/A;N/A;N/A;N/A;N/A;N/A;N/A;N/A;N/A;N/A;N/A;N/A;N/A;N/A;N/A;N/A;N/A;N/A;N/A;N/A;N/A;N/A;N/A;N/A;N/A;N/A;N/A;N/A;N/A;N/A;N/A;N/A;N/A;N/A;N/A;N/A;N/A;N/A;N/A;N/A;N/A;N/A;N/A;N/A;N/A;N/A;N/A;N/A;N/A;N/A;N/A;;0;532.3;0;0;;Disabled;TempStop;2;700;546;487.5;0;0;599.9;549.9;Disabled;PosNotOk;2;0;100;100;0;0;15;Disabled;0;0;0;0;0;0;0;0;0;0;0;0;0;0;0;0;0;0;0;0;0;0;0;0;0;0;0;0;0;0;0;0;0;0;0;0;0;0;0;0;0;0;0;0;0;0;0;0;0;0;0;0;0;0;0;0;0;0;0;0;0;0;0;0;0;0;0;0;36;43;30;30;20;45;30;30;20;45;30;25;20;45;30;24;20;45;200;227;100;300;200;224;100;300;200;0;100;300;200;0;100;300;30;31;20;45;30;30;20;45;30;26;20;45;30;28;20;45;200;243;100;300;200;240;100;300;200;0;100;300;200;1;100;300;4;2;0.4;6;4;5;0.4;6;4;2;0.4;6;4;6;0.4;6;4;2;0.4;6;4;5;0.4;6;4;2;0.4;6;4;6;0.4;6;NOK;NOK;OK;10000;10050;6500;8100;NOK;8.66;0;8;12;NOK;N/A;1.96;N/A;N/A;N/A;9;10.6;7;18;OK;;0;0;0;-;Disabled;TempOk;2;230;34.4;277.6;0;0;349.9;441543200 volvo 589-1;441543200 volvo 589-1;441543200 volvo 589-1
20260331_14:56:01;26186;2;2;940;929.8;910;970;OK;940;940.5;910;970;OK;938.4;938.5;-15;-19.8;-50;-20;NOK;-15;-21.2;-50;-20;OK;-18.9;-18.7;0;-15;-19.8;-50;-20;NOK;330;1460;330;500;NOK;0;0;;;;;;;;;;;;;;;;;;;;;;;;;;;;;;;;;;;;;;;;;;;;;;;;;;;;;;;;;;;;;;;;;;;;;;;;;;;;;;;;;;;;;;;;;;;;;;;;;;;;;;;;;;;;;;;;;;;;;;;;;;;;;;;;;;;;;;;;;;;;;;;;;;;;;;;;;;;;;;;;;;;;;;;;;;;;;;;;;;;;;;;;;;;;;;;;;;;;;;;;;;;;;;;;;;;;;;;;;;;;;;;;;;;;;;;;;;;;;;;;;;;;;;;;;;;;;;;;;;;;;;;;;;;;;;;;;;;;;;;;;;;;;;;;;;;;;;;;;;;;;;;;;;;;;;;;;;;;;;;;;;;;;;;;441543200 volvo 589-1;;;;
20260331_15:02:59;26188;1;3;940;937.2;910;970;OK;940;940.7;910;970;OK;940.8;940;-20;-22.1;-50;-25;NOK;-20;-20.6;-50;-25;NOK;-21;-20.9;0;-20;-22.1;-50;-25;NOK;330;379;330;500;OK;0;0;N/A;N/A;N/A;N/A;N/A;N/A;N/A;N/A;N/A;N/A;N/A;N/A;N/A;N/A;N/A;N/A;N/A;N/A;N/A;N/A;N/A;N/A;N/A;N/A;N/A;N/A;N/A;N/A;N/A;N/A;N/A;N/A;N/A;N/A;N/A;N/A;N/A;N/A;N/A;N/A;N/A;N/A;N/A;N/A;N/A;N/A;N/A;N/A;N/A;N/A;N/A;N/A;N/A;N/A;N/A;N/A;N/A;N/A;N/A;N/A;N/A;N/A;N/A;N/A;N/A;N/A;N/A;N/A;N/A;N/A;N/A;N/A;N/A;N/A;N/A;N/A;N/A;N/A;N/A;N/A;N/A;N/A;N/A;N/A;N/A;N/A;N/A;N/A;N/A;N/A;N/A;N/A;N/A;N/A;N/A;N/A;N/A;N/A;;0;400.5;0;0;;Disabled;TempStop;2;700;404.2;385.7;0;0;599.9;549.9;Disabled;PosNotOk;2;0;100;100;0;0;15;Disabled;0;0;0;0;0;0;0;0;0;0;0;0;0;0;0;0;0;0;0;0;0;0;0;0;0;0;0;0;0;0;0;0;0;0;0;0;0;0;0;0;0;0;0;0;0;0;0;0;0;0;0;0;0;0;0;0;0;0;0;0;0;0;0;0;0;0;0;0;2;30;30;30;20;45;30;30;20;45;30;25;20;45;30;25;20;45;200;227;100;300;200;225;100;300;200;0;100;300;200;0;100;300;30;31;20;45;30;30;20;45;30;26;20;45;30;28;20;45;200;242;100;300;200;240;100;300;200;0;100;300;200;0;100;300;4;2;0.4;6;4;5;0.4;6;4;2;0.4;6;4;5;0.4;6;4;2;0.4;6;4;6;0.4;6;4;2;0.4;6;4;5;0.4;6;NOK;NOK;OK;10000;10043;6500;8100;NOK;8.67;0;8;12;NOK;N/A;1.96;N/A;N/A;N/A;9;10.7;7;18;OK;;0;0;0;-;Disabled;TempOk;2;230;33.7;265.8;0;0;349.9;441543200 volvo 589-1;441543200 volvo 589-1;441543200 volvo 589-1
20260331_15:05:03;26189;2;2;940;933.4;910;970;OK;940;940.4;910;970;OK;939.8;939.6;-15;-21.2;-50;-20;OK;-15;-20;-50;-20;NOK;-18.6;-18.5;0;-15;-21.2;-50;-20;OK;330;520;330;500;NOK;0;0;;;;;;;;;;;;;;;;;;;;;;;;;;;;;;;;;;;;;;;;;;;;;;;;;;;;;;;;;;;;;;;;;;;;;;;;;;;;;;;;;;;;;;;;;;;;;;;;;;;;;;;;;;;;;;;;;;;;;;;;;;;;;;;;;;;;;;;;;;;;;;;;;;;;;;;;;;;;;;;;;;;;;;;;;;;;;;;;;;;;;;;;;;;;;;;;;;;;;;;;;;;;;;;;;;;;;;;;;;;;;;;;;;;;;;;;;;;;;;;;;;;;;;;;;;;;;;;;;;;;;;;;;;;;;;;;;;;;;;;;;;;;;;;;;;;;;;;;;;;;;;;;;;;;;;;;;;;;;;;;;;;;;;;;441543200 volvo 589-1;;;;
20260331_15:12:00;26191;1;3;940;936.9;910;970;OK;940;941;910;970;OK;941.6;940.3;-20;-19.3;-50;-25;NOK;-20;-20.3;-50;-25;NOK;-20.2;-20.3;0;-20;-19.4;-50;-25;NOK;330;375;330;500;OK;0;0;N/A;N/A;N/A;N/A;N/A;N/A;N/A;N/A;N/A;N/A;N/A;N/A;N/A;N/A;N/A;N/A;N/A;N/A;N/A;N/A;N/A;N/A;N/A;N/A;N/A;N/A;N/A;N/A;N/A;N/A;N/A;N/A;N/A;N/A;N/A;N/A;N/A;N/A;N/A;N/A;N/A;N/A;N/A;N/A;N/A;N/A;N/A;N/A;N/A;N/A;N/A;N/A;N/A;N/A;N/A;N/A;N/A;N/A;N/A;N/A;N/A;N/A;N/A;N/A;N/A;N/A;N/A;N/A;N/A;N/A;N/A;N/A;N/A;N/A;N/A;N/A;N/A;N/A;N/A;N/A;N/A;N/A;N/A;N/A;N/A;N/A;N/A;N/A;N/A;N/A;N/A;N/A;N/A;N/A;N/A;N/A;N/A;N/A;;0;393.4;0;0;;Disabled;TempStop;2;700;397.4;379.8;0;0;599.9;549.9;Disabled;PosNotOk;2;0;100;100;0;0;15;Disabled;0;0;0;0;0;0;0;0;0;0;0;0;0;0;0;0;0;0;0;0;0;0;0;0;0;0;0;0;0;0;0;0;0;0;0;0;0;0;0;0;0;0;0;0;0;0;0;0;0;0;0;0;0;0;0;0;0;0;0;0;0;0;0;0;0;0;0;0;11;31;30;30;20;45;30;29;20;45;30;25;20;45;30;25;20;45;200;228;100;300;200;224;100;300;200;0;100;300;200;0;100;300;30;30;20;45;30;30;20;45;30;26;20;45;30;28;20;45;200;242;100;300;200;241;100;300;200;0;100;300;200;0;100;300;4;2;0.4;6;4;5;0.4;6;4;2;0.4;6;4;5;0.4;6;4;2;0.4;6;4;5;0.4;6;4;2;0.4;6;4;6;0.4;6;NOK;NOK;OK;10000;10044;8000;11000;OK;8.68;0;8;12;NOK;N/A;1.96;N/A;N/A;N/A;9;10.8;7;18;OK;;0;0;0;-;Disabled;TempOk;2;230;33.2;256.2;0;0;349.9;441543200 volvo 589-1;441543200 volvo 589-1;441543200 volvo 589-1
20260331_15:28:52;26194;2;2;940;936.9;910;970;OK;940;939.3;910;970;OK;939.1;939.1;-15;-21.1;-50;-20;OK;-15;-19.5;-50;-20;NOK;-19.5;-19.5;0;-15;-21.1;-50;-20;OK;330;341;330;500;OK;0;0;N/A;N/A;N/A;N/A;N/A;N/A;N/A;N/A;N/A;N/A;N/A;N/A;N/A;N/A;N/A;N/A;N/A;N/A;N/A;N/A;N/A;N/A;N/A;N/A;N/A;N/A;N/A;N/A;N/A;N/A;N/A;N/A;N/A;N/A;N/A;N/A;N/A;N/A;N/A;N/A;N/A;N/A;N/A;N/A;N/A;N/A;N/A;N/A;N/A;N/A;N/A;N/A;N/A;N/A;N/A;N/A;N/A;N/A;N/A;N/A;N/A;N/A;N/A;N/A;N/A;N/A;N/A;N/A;N/A;N/A;N/A;N/A;N/A;N/A;N/A;N/A;N/A;N/A;N/A;N/A;N/A;N/A;N/A;N/A;N/A;N/A;N/A;N/A;N/A;N/A;N/A;N/A;N/A;N/A;N/A;N/A;N/A;N/A;;0;390.1;0;0;;Disabled;TempStop;2;700;394.2;376.8;0;0;599.9;549.9;Disabled;PosNotOk;2;0;100;0;0;0;15;Disabled;0;0;0;0;0;0;0;0;0;0;0;0;0;0;0;0;0;0;0;0;0;0;0;0;0;0;0;0;0;0;0;0;0;0;0;0;0;0;0;0;0;0;0;0;0;0;0;0;0;0;0;0;0;0;0;0;0;0;0;0;0;0;0;0;0;0;0;0;0;0;30;30;20;45;30;30;20;45;30;25;20;45;30;24;20;45;200;227;100;300;200;224;100;300;200;0;100;300;200;0;100;300;30;31;20;45;30;30;20;45;30;26;20;45;30;28;20;45;200;243;100;300;200;240;100;300;200;0;100;300;200;0;100;300;4;2;0.4;6;4;5;0.4;6;4;2;0.4;6;4;6;0.4;6;4;2;0.4;6;4;6;0.4;6;4;2;0.4;6;4;6;0.4;6;NOK;NOK;OK;10000;10048;8000;11000;OK;9.37;0;8;12;NOK;N/A;1.96;N/A;N/A;N/A;9;11.6;7;18;OK;;0;0;0;-;Disabled;TempOk;2;230;33.2;241.2;0;0;349.9;441543200 volvo 589-1;441543200 volvo 589-1;441543200 volvo 589-1
20260331_15:29:31;26193;1;3;940;937.4;910;970;OK;940;941;910;970;OK;941.8;940.3;-20;-21.6;-50;-25;NOK;-20;-20.6;-50;-25;NOK;-21;-20.9;0;-20;-21.6;-50;-25;NOK;330;394;330;500;OK;0;0;N/A;N/A;N/A;N/A;N/A;N/A;N/A;N/A;N/A;N/A;N/A;N/A;N/A;N/A;N/A;N/A;N/A;N/A;N/A;N/A;N/A;N/A;N/A;N/A;N/A;N/A;N/A;N/A;N/A;N/A;N/A;N/A;N/A;N/A;N/A;N/A;N/A;N/A;N/A;N/A;N/A;N/A;N/A;N/A;N/A;N/A;N/A;N/A;N/A;N/A;N/A;N/A;N/A;N/A;N/A;N/A;N/A;N/A;N/A;N/A;N/A;N/A;N/A;N/A;N/A;N/A;N/A;N/A;N/A;N/A;N/A;N/A;N/A;N/A;N/A;N/A;N/A;N/A;N/A;N/A;N/A;N/A;N/A;N/A;N/A;N/A;N/A;N/A;N/A;N/A;N/A;N/A;N/A;N/A;N/A;N/A;N/A;N/A;;0;401.6;0;0;;Disabled;TempStop;2;700;405.6;399.6;0;0;599.9;549.9;Disabled;PosNotOk;2;0;100;100;0;0;15;Disabled;0;0;0;0;0;0;0;0;0;0;0;0;0;0;0;0;0;0;0;0;0;0;0;0;0;0;0;0;0;0;0;0;0;0;0;0;0;0;0;0;0;0;0;0;0;0;0;0;0;0;0;0;0;0;0;0;0;0;0;0;0;0;0;0;0;0;0;0;29;2;30;31;20;45;30;30;20;45;30;25;20;45;30;24;20;45;200;227;100;300;200;225;100;300;200;0;100;300;200;0;100;300;30;32;20;45;30;30;20;45;30;26;20;45;30;27;20;45;200;242;100;300;200;240;100;300;200;0;100;300;200;0;100;300;4;2;0.4;6;4;5;0.4;6;4;2;0.4;6;4;5;0.4;6;4;2;0.4;6;4;6;0.4;6;4;2;0.4;6;4;5;0.4;6;NOK;NOK;OK;10000;10051;8000;11000;OK;8.68;0;8;12;NOK;N/A;1.96;N/A;N/A;N/A;9;10.8;7;18;OK;;0;0;0;-;Disabled;TempOk;2;230;33.9;279;0;0;349.9;441543200 volvo 589-1;441543200 volvo 589-1;441543200 volvo 589-1
20260331_15:40:52;26196;1;3;940;937.3;910;970;OK;940;941.1;910;970;OK;942.2;940.6;-20;-22.1;-50;-25;NOK;-20;-21;-50;-25;NOK;-20.8;-20.9;0;-20;-22;-50;-25;NOK;330;375;330;500;OK;0;0;N/A;N/A;N/A;N/A;N/A;N/A;N/A;N/A;N/A;N/A;N/A;N/A;N/A;N/A;N/A;N/A;N/A;N/A;N/A;N/A;N/A;N/A;N/A;N/A;N/A;N/A;N/A;N/A;N/A;N/A;N/A;N/A;N/A;N/A;N/A;N/A;N/A;N/A;N/A;N/A;N/A;N/A;N/A;N/A;N/A;N/A;N/A;N/A;N/A;N/A;N/A;N/A;N/A;N/A;N/A;N/A;N/A;N/A;N/A;N/A;N/A;N/A;N/A;N/A;N/A;N/A;N/A;N/A;N/A;N/A;N/A;N/A;N/A;N/A;N/A;N/A;N/A;N/A;N/A;N/A;N/A;N/A;N/A;N/A;N/A;N/A;N/A;N/A;N/A;N/A;N/A;N/A;N/A;N/A;N/A;N/A;N/A;N/A;;0;394;0;0;;Disabled;TempStop;2;700;398.3;384.1;0;0;599.9;549.9;Disabled;PosNotOk;2;0;100;100;0;0;15;Disabled;0;0;0;0;0;0;0;0;0;0;0;0;0;0;0;0;0;0;0;0;0;0;0;0;0;0;0;0;0;0;0;0;0;0;0;0;0;0;0;0;0;0;0;0;0;0;0;0;0;0;0;0;0;0;0;0;0;0;0;0;0;0;0;0;0;0;0;0;40;23;30;30;20;45;30;30;20;45;30;25;20;45;30;25;20;45;200;227;100;300;200;225;100;300;200;0;100;300;200;0;100;300;30;31;20;45;30;30;20;45;30;26;20;45;30;28;20;45;200;242;100;300;200;240;100;300;200;0;100;300;200;0;100;300;4;2;0.4;6;4;5;0.4;6;4;2;0.4;6;4;5;0.4;6;4;2;0.4;6;4;6;0.4;6;4;2;0.4;6;4;5;0.4;6;NOK;NOK;OK;10000;10041;8000;11000;OK;8.66;0;8;12;NOK;N/A;1.96;N/A;N/A;N/A;9;10.7;7;18;OK;;0;0;0;-;Disabled;TempOk;2;230;32.3;252.7;0;0;349.9;441543200 volvo 589-1;441543200 volvo 589-1;441543200 volvo 589-1
20260331_15:42:42;26197;2;2;940;936.9;910;970;OK;940;940.3;910;970;OK;939.4;939.3;-15;-20;-50;-20;NOK;-15;-19.7;-50;-20;NOK;-19.4;-19.4;0;-15;-20.1;-50;-20;OK;330;473;330;500;OK;0;0;N/A;N/A;N/A;N/A;N/A;N/A;N/A;N/A;N/A;N/A;N/A;N/A;N/A;N/A;N/A;N/A;N/A;N/A;N/A;N/A;N/A;N/A;N/A;N/A;N/A;N/A;N/A;N/A;N/A;N/A;N/A;N/A;N/A;N/A;N/A;N/A;N/A;N/A;N/A;N/A;N/A;N/A;N/A;N/A;N/A;N/A;N/A;N/A;N/A;N/A;N/A;N/A;N/A;N/A;N/A;N/A;N/A;N/A;N/A;N/A;N/A;N/A;N/A;N/A;N/A;N/A;N/A;N/A;N/A;N/A;N/A;N/A;N/A;N/A;N/A;N/A;N/A;N/A;N/A;N/A;N/A;N/A;N/A;N/A;N/A;N/A;N/A;N/A;N/A;N/A;N/A;N/A;N/A;N/A;N/A;N/A;N/A;N/A;;0;388;0;0;;Disabled;TempStop;2;700;392.4;375.1;0;0;599.9;549.9;Disabled;PosNotOk;2;0;100;37.5;0;0;15;Disabled;0;0;0;0;0;0;0;0;0;0;0;0;0;0;0;0;0;0;0;0;0;0;0;0;0;0;0;0;0;0;0;0;0;0;0;0;0;0;0;0;0;0;0;0;0;0;0;0;0;0;0;0;0;0;0;0;0;0;0;0;0;0;0;0;0;0;0;0;0;0;30;30;20;45;30;30;20;45;30;25;20;45;30;24;20;45;200;227;100;300;200;224;100;300;200;0;100;300;200;0;100;300;30;31;20;45;30;30;20;45;30;26;20;45;30;28;20;45;200;242;100;300;200;240;100;300;200;0;100;300;200;0;100;300;4;2;0.4;6;4;5;0.4;6;4;2;0.4;6;4;6;0.4;6;4;2;0.4;6;4;5;0.4;6;4;2;0.4;6;4;6;0.4;6;NOK;NOK;OK;10000;10073;8000;11000;OK;8.69;0;8;12;NOK;N/A;1.96;N/A;N/A;N/A;9;11.7;7;18;OK;;0;0;0;-;Disabled;TempOk;2;230;33.4;252.9;0;0;349.9;441543200 volvo 589-1;441543200 volvo 589-1;441543200 volvo 589-1
20260331_15:45:17;26200;4;2;940;938.6;910;970;OK;940;940.2;910;970;OK;941.4;940.2;-15;-15;-50;-5;OK;-15;-14.5;-50;-5;OK;-15.7;-15.2;0;-15;-15;-50;-5;OK;330;519;330;500;NOK;238.71;239.44;;;;;;;;;;;;;;;;;;;;;;;;;;;;;;;;;;;;;;;;;;;;;;;;;;;;;;;;;;;;;;;;;;;;;;;;;;;;;;;;;;;;;;;;;;;;;;;;;;;;;;;;;;;;;;;;;;;;;;;;;;;;;;;;;;;;;;;;;;;;;;;;;;;;;;;;;;;;;;;;;;;;;;;;;;;;;;;;;;;;;;;;;;;;;;;;;;;;;;;;;;;;;;;;;;;;;;;;;;;;;;;;;;;;;;;;;;;;;;;;;;;;;;;;;;;;;;;;;;;;;;;;;;;;;;;;;;;;;;;;;;;;;;;;;;;;;;;;;;;;;;;;;;;;;;;;;;;;;;;;;;;;;;;;441543200 volvo 589-1;;;;
20260331_15:46:22;26201;1;4;940;937.8;910;970;OK;940;941;910;970;OK;940.3;940.5;-20;-18.7;-50;-25;NOK;-20;-21.6;-50;-25;NOK;-17;-17.1;0;-20;-18.8;-50;-25;NOK;330;497;330;500;OK;0;0;N/A;N/A;N/A;N/A;N/A;N/A;N/A;N/A;N/A;N/A;N/A;N/A;N/A;N/A;N/A;N/A;N/A;N/A;N/A;N/A;N/A;N/A;N/A;N/A;N/A;N/A;N/A;N/A;N/A;N/A;N/A;N/A;N/A;N/A;N/A;N/A;N/A;N/A;N/A;N/A;N/A;N/A;N/A;N/A;N/A;N/A;N/A;N/A;N/A;N/A;N/A;N/A;N/A;N/A;N/A;N/A;N/A;N/A;N/A;N/A;N/A;N/A;N/A;N/A;N/A;N/A;N/A;N/A;N/A;N/A;N/A;N/A;N/A;N/A;N/A;N/A;N/A;N/A;N/A;N/A;N/A;N/A;N/A;N/A;N/A;N/A;N/A;N/A;N/A;N/A;N/A;N/A;N/A;N/A;N/A;N/A;N/A;N/A;;0;389.5;0;0;;Disabled;TempStop;2;700;393.8;391.5;0;0;599.9;549.9;Disabled;PosNotOk;2;0;100;100;0;0;15;Disabled;0;0;0;0;0;0;0;0;0;0;0;0;0;0;0;0;0;0;0;0;0;0;0;0;0;0;0;0;0;0;0;0;0;0;0;0;0;0;0;0;0;0;0;0;0;0;0;0;0;0;0;0;0;0;0;0;0;0;0;0;0;0;0;0;0;0;0;0;45;53;30;30;20;45;30;29;20;45;30;25;20;45;30;25;20;45;200;227;100;300;200;224;100;300;200;0;100;300;200;0;100;300;30;31;20;45;30;29;20;45;30;26;20;45;30;28;20;45;200;242;100;300;200;240;100;300;200;0;100;300;200;1;100;300;4;2;0.4;6;4;5;0.4;6;4;2;0.4;6;4;5;0.4;6;4;2;0.4;6;4;6;0.4;6;4;2;0.4;6;4;5;0.4;6;NOK;NOK;OK;10000;10057;8000;11000;OK;8.67;0;8;12;NOK;N/A;1.96;N/A;N/A;N/A;9;10.7;7;18;OK;;0;0;0;-;Disabled;TempOk;2;230;44.4;247.1;0;0;349.9;441543200 volvo 589-1;441543200 volvo 589-1;441543200 volvo 589-1
20260331_15:47:03;26199;3;3;940;936.6;910;970;OK;940;940.7;910;970;OK;940.4;940.1;-20;-21.9;-50;-25;NOK;-20;-21;-50;-25;NOK;-21;-20.9;0;-20;-21.9;-50;-25;NOK;330;637;330;500;NOK;0;0;;;;;;;;;;;;;;;;;;;;;;;;;;;;;;;;;;;;;;;;;;;;;;;;;;;;;;;;;;;;;;;;;;;;;;;;;;;;;;;;;;;;;;;;;;;;;;;;;;;;;;;;;;;;;;;;;;;;;;;;;;;;;;;;;;;;;;;;;;;;;;;;;;;;;;;;;;;;;;;;;;;;;;;;;;;;;;;;;;;;;;;;;;;;;;;;;;;;;;;;;;;;;;;;;;;;;;;;;;;;;;;;;;;;;;;;;;;;;;;;;;;;;;;;;;;;;;;;;;;;;;;;;;;;;;;;;;;;;;;;;;;;;;;;;;;;;;;;;;;;;;;;;;;;;;;;;;;;;;;;;;;;;;;;441543200 volvo 589-1;;;;
20260331_15:52:30;26203;1;4;940;930.3;910;970;OK;940;941.1;910;970;OK;941.3;941.2;-20;-21.6;-50;-25;NOK;-20;-20.6;-50;-25;NOK;-20.3;-20.4;0;-20;-21.6;-50;-25;NOK;330;357;330;500;OK;0;0;N/A;N/A;N/A;N/A;N/A;N/A;N/A;N/A;N/A;N/A;N/A;N/A;N/A;N/A;N/A;N/A;N/A;N/A;N/A;N/A;N/A;N/A;N/A;N/A;N/A;N/A;N/A;N/A;N/A;N/A;N/A;N/A;N/A;N/A;N/A;N/A;N/A;N/A;N/A;N/A;N/A;N/A;N/A;N/A;N/A;N/A;N/A;N/A;N/A;N/A;N/A;N/A;N/A;N/A;N/A;N/A;N/A;N/A;N/A;N/A;N/A;N/A;N/A;N/A;N/A;N/A;N/A;N/A;N/A;N/A;N/A;N/A;N/A;N/A;N/A;N/A;N/A;N/A;N/A;N/A;N/A;N/A;N/A;N/A;N/A;N/A;N/A;N/A;N/A;N/A;N/A;N/A;N/A;N/A;N/A;N/A;N/A;N/A;;0;387.2;0;0;;Disabled;TempStop;2;700;391.5;388;0;0;599.9;549.9;Disabled;PosNotOk;2;0;100;100;0;0;15;Disabled;0;0;0;0;0;0;0;0;0;0;0;0;0;0;0;0;0;0;0;0;0;0;0;0;0;0;0;0;0;0;0;0;0;0;0;0;0;0;0;0;0;0;0;0;0;0;0;0;0;0;0;0;0;0;0;0;0;0;0;0;0;0;0;0;0;0;0;0;52;1;30;30;20;45;30;30;20;45;30;25;20;45;30;25;20;45;200;227;100;300;200;224;100;300;200;0;100;300;200;0;100;300;30;31;20;45;30;30;20;45;30;26;20;45;30;27;20;45;200;243;100;300;200;241;100;300;200;0;100;300;200;0;100;300;4;2;0.4;6;4;5;0.4;6;4;2;0.4;6;4;5;0.4;6;4;2;0.4;6;4;5;0.4;6;4;2;0.4;6;4;6;0.4;6;NOK;NOK;OK;10000;10058;8000;11000;OK;8.67;0;8;12;NOK;N/A;1.96;N/A;N/A;N/A;9;10.8;7;18;OK;;0;0;0;-;Disabled;TempOk;2;230;34.7;256;0;0;349.9;441543200 volvo 589-1;441543200 volvo 589-1;441543200 volvo 589-1
20260331_15:53:06;26204;2;2;940;937.8;910;970;OK;940;940.3;910;970;OK;939.8;939.7;-15;-16.9;-50;-20;NOK;-15;-18.7;-50;-20;NOK;-18.4;-18.4;0;-15;-17;-50;-20;NOK;330;392;330;500;OK;0;0;N/A;N/A;N/A;N/A;N/A;N/A;N/A;N/A;N/A;N/A;N/A;N/A;N/A;N/A;N/A;N/A;N/A;N/A;N/A;N/A;N/A;N/A;N/A;N/A;N/A;N/A;N/A;N/A;N/A;N/A;N/A;N/A;N/A;N/A;N/A;N/A;N/A;N/A;N/A;N/A;N/A;N/A;N/A;N/A;N/A;N/A;N/A;N/A;N/A;N/A;N/A;N/A;N/A;N/A;N/A;N/A;N/A;N/A;N/A;N/A;N/A;N/A;N/A;N/A;N/A;N/A;N/A;N/A;N/A;N/A;N/A;N/A;N/A;N/A;N/A;N/A;N/A;N/A;N/A;N/A;N/A;N/A;N/A;N/A;N/A;N/A;N/A;N/A;N/A;N/A;N/A;N/A;N/A;N/A;N/A;N/A;N/A;N/A;;0;403.3;0;0;;Disabled;TempStop;2;700;407.5;389.8;0;0;599.9;549.9;Disabled;PosNotOk;2;0;100;0;0;0;15;Disabled;0;0;0;0;0;0;0;0;0;0;0;0;0;0;0;0;0;0;0;0;0;0;0;0;0;0;0;0;0;0;0;0;0;0;0;0;0;0;0;0;0;0;0;0;0;0;0;0;0;0;0;0;0;0;0;0;0;0;0;0;0;0;0;0;0;0;0;0;0;0;30;32;20;45;30;30;20;45;30;25;20;45;30;25;20;45;200;227;100;300;200;223;100;300;200;0;100;300;200;0;100;300;30;32;20;45;30;30;20;45;30;26;20;45;30;27;20;45;200;242;100;300;200;240;100;300;200;0;100;300;200;0;100;300;4;2;0.4;6;4;5;0.4;6;4;2;0.4;6;4;5;0.4;6;4;2;0.4;6;4;6;0.4;6;4;2;0.4;6;4;6;0.4;6;NOK;NOK;OK;10000;10064;8000;11000;OK;8.67;0;8;12;NOK;N/A;1.96;N/A;N/A;N/A;9;11.5;7;18;OK;;0;0;0;-;Disabled;TempOk;2;230;35.2;282.8;0;0;349.9;441543200 volvo 589-1;441543200 volvo 589-1;441543200 volvo 589-1
20260331_15:54:16;26205;4;2;940;936.8;910;970;OK;940;942.1;910;970;OK;939.9;940.2;-15;-11.8;-50;-5;OK;-15;-20.3;-50;-5;OK;-18.9;-19.8;0;-15;-11.8;-50;-5;OK;330;394;330;500;OK;239.61;240.2;N/A;N/A;N/A;N/A;N/A;N/A;N/A;N/A;N/A;N/A;N/A;N/A;N/A;N/A;N/A;N/A;N/A;N/A;N/A;N/A;N/A;N/A;N/A;N/A;N/A;N/A;N/A;N/A;N/A;N/A;N/A;N/A;N/A;N/A;N/A;N/A;N/A;N/A;N/A;N/A;N/A;N/A;N/A;N/A;N/A;N/A;N/A;N/A;N/A;N/A;N/A;N/A;N/A;N/A;N/A;N/A;N/A;N/A;N/A;N/A;N/A;N/A;N/A;N/A;N/A;N/A;N/A;N/A;N/A;N/A;N/A;N/A;N/A;N/A;N/A;N/A;N/A;N/A;N/A;N/A;N/A;N/A;N/A;N/A;N/A;N/A;N/A;N/A;N/A;N/A;N/A;N/A;N/A;N/A;N/A;N/A;N/A;N/A;;0;377.9;0;0;;Disabled;TempStop;2;700;381.8;367.9;0;0;599.9;549.9;Disabled;PosNotOk;2;0;100;100;0;0;15;Disabled;0;0;0;0;0;0;0;0;0;0;0;0;0;0;0;0;0;0;0;0;0;0;0;0;0;0;0;0;0;0;0;0;0;0;0;0;0;0;0;0;0;0;0;0;0;0;0;0;0;0;0;0;0;0;0;0;0;0;0;0;0;0;0;0;0;0;0;0;0;0;30;31;20;45;30;30;20;45;30;25;20;45;30;25;20;45;200;227;100;300;200;224;100;300;200;0;100;300;200;0;100;300;30;32;20;45;30;30;20;45;30;26;20;45;30;28;20;45;200;243;100;300;200;240;100;300;200;0;100;300;200;0;100;300;4;2;0.4;6;4;5;0.4;6;4;2;0.4;6;4;5;0.4;6;4;2;0.4;6;4;6;0.4;6;4;2;0.4;6;4;5;0.4;6;NOK;NOK;OK;10000;10062;8000;11000;OK;8.66;0;8;12;NOK;N/A;1.96;N/A;N/A;N/A;9;11.6;7;18;OK;;0;0;0;-;Disabled;TempOk;2;230;35.2;252.5;0;0;349.9;441543200 volvo 589-1;441543200 volvo 589-1;441543200 volvo 589-1
20260331_15:58:53;26207;1;4;940;933.4;910;970;OK;940;941;910;970;OK;941;941.7;-20;-20.6;-50;-25;NOK;-20;-15.6;-50;-25;NOK;-20.4;-20.4;0;-20;-20.7;-50;-25;NOK;330;371;330;500;OK;0;0;N/A;N/A;N/A;N/A;N/A;N/A;N/A;N/A;N/A;N/A;N/A;N/A;N/A;N/A;N/A;N/A;N/A;N/A;N/A;N/A;N/A;N/A;N/A;N/A;N/A;N/A;N/A;N/A;N/A;N/A;N/A;N/A;N/A;N/A;N/A;N/A;N/A;N/A;N/A;N/A;N/A;N/A;N/A;N/A;N/A;N/A;N/A;N/A;N/A;N/A;N/A;N/A;N/A;N/A;N/A;N/A;N/A;N/A;N/A;N/A;N/A;N/A;N/A;N/A;N/A;N/A;N/A;N/A;N/A;N/A;N/A;N/A;N/A;N/A;N/A;N/A;N/A;N/A;N/A;N/A;N/A;N/A;N/A;N/A;N/A;N/A;N/A;N/A;N/A;N/A;N/A;N/A;N/A;N/A;N/A;N/A;N/A;N/A;;0;385.7;0;0;;Disabled;TempStop;2;700;389.8;380.8;0;0;599.9;549.9;Disabled;PosNotOk;2;0;100;100;0;0;15;Disabled;0;0;0;0;0;0;0;0;0;0;0;0;0;0;0;0;0;0;0;0;0;0;0;0;0;0;0;0;0;0;0;0;0;0;0;0;0;0;0;0;0;0;0;0;0;0;0;0;0;0;0;0;0;0;0;0;0;0;0;0;0;0;0;0;0;0;0;0;58;24;30;30;20;45;30;30;20;45;30;25;20;45;30;25;20;45;200;227;100;300;200;224;100;300;200;0;100;300;200;0;100;300;30;31;20;45;30;30;20;45;30;26;20;45;30;28;20;45;200;242;100;300;200;240;100;300;200;0;100;300;200;0;100;300;4;2;0.4;6;4;5;0.4;6;4;2;0.4;6;4;5;0.4;6;4;2;0.4;6;4;6;0.4;6;4;2;0.4;6;4;6;0.4;6;NOK;NOK;OK;10000;10037;8000;11000;OK;8.65;0;8;12;NOK;N/A;1.96;N/A;N/A;N/A;9;10.7;7;18;OK;;0;0;0;-;Disabled;TempOk;2;230;34.9;244.1;0;0;349.9;441543200 volvo 589-1;441543200 volvo 589-1;441543200 volvo 589-1
20260331_15:59:29;26208;2;2;940;931.2;910;970;OK;940;940.3;910;970;OK;940.1;939.8;-15;-18.8;-50;-20;NOK;-15;-18.2;-50;-20;NOK;-18;-18;0;-15;-18.9;-50;-20;NOK;330;371;330;500;OK;0;0;N/A;N/A;N/A;N/A;N/A;N/A;N/A;N/A;N/A;N/A;N/A;N/A;N/A;N/A;N/A;N/A;N/A;N/A;N/A;N/A;N/A;N/A;N/A;N/A;N/A;N/A;N/A;N/A;N/A;N/A;N/A;N/A;N/A;N/A;N/A;N/A;N/A;N/A;N/A;N/A;N/A;N/A;N/A;N/A;N/A;N/A;N/A;N/A;N/A;N/A;N/A;N/A;N/A;N/A;N/A;N/A;N/A;N/A;N/A;N/A;N/A;N/A;N/A;N/A;N/A;N/A;N/A;N/A;N/A;N/A;N/A;N/A;N/A;N/A;N/A;N/A;N/A;N/A;N/A;N/A;N/A;N/A;N/A;N/A;N/A;N/A;N/A;N/A;N/A;N/A;N/A;N/A;N/A;N/A;N/A;N/A;N/A;N/A;;0;412.7;0;0;;Disabled;TempStop;2;700;417;400.9;0;0;599.9;549.9;Disabled;PosNotOk;2;0;100;99.2;0;0;15;Disabled;0;0;0;0;0;0;0;0;0;0;0;0;0;0;0;0;0;0;0;0;0;0;0;0;0;0;0;0;0;0;0;0;0;0;0;0;0;0;0;0;0;0;0;0;0;0;0;0;0;0;0;0;0;0;0;0;0;0;0;0;0;0;0;0;0;0;0;0;0;0;30;32;20;45;30;30;20;45;30;25;20;45;30;25;20;45;200;227;100;300;200;224;100;300;200;1;100;300;200;0;100;300;30;32;20;45;30;29;20;45;30;26;20;45;30;28;20;45;200;242;100;300;200;240;100;300;200;0;100;300;200;0;100;300;4;2;0.4;6;4;5;0.4;6;4;2;0.4;6;4;5;0.4;6;4;2;0.4;6;4;5;0.4;6;4;2;0.4;6;4;6;0.4;6;NOK;NOK;OK;10000;10028;8000;11000;OK;8.65;0;8;12;NOK;N/A;1.96;N/A;N/A;N/A;9;11.5;7;18;OK;;0;0;0;-;Disabled;TempOk;2;230;34.7;275.8;0;0;349.9;441543200 volvo 589-1;441543200 volvo 589-1;441543200 volvo 589-1
20260331_16:03:18;26211;4;2;940;936.5;910;970;OK;940;942.8;910;970;OK;940.8;941.9;-15;-11.2;-50;-5;OK;-15;-21.3;-50;-5;OK;-20.6;-21.2;0;-15;-11.3;-50;-5;OK;330;355;330;500;OK;240.47;241.01;N/A;N/A;N/A;N/A;N/A;N/A;N/A;N/A;N/A;N/A;N/A;N/A;N/A;N/A;N/A;N/A;N/A;N/A;N/A;N/A;N/A;N/A;N/A;N/A;N/A;N/A;N/A;N/A;N/A;N/A;N/A;N/A;N/A;N/A;N/A;N/A;N/A;N/A;N/A;N/A;N/A;N/A;N/A;N/A;N/A;N/A;N/A;N/A;N/A;N/A;N/A;N/A;N/A;N/A;N/A;N/A;N/A;N/A;N/A;N/A;N/A;N/A;N/A;N/A;N/A;N/A;N/A;N/A;N/A;N/A;N/A;N/A;N/A;N/A;N/A;N/A;N/A;N/A;N/A;N/A;N/A;N/A;N/A;N/A;N/A;N/A;N/A;N/A;N/A;N/A;N/A;N/A;N/A;N/A;N/A;N/A;N/A;N/A;;0;378.8;0;0;;Disabled;TempStop;2;700;383;369.2;0;0;599.9;549.9;Disabled;PosNotOk;2;0;100;100;0;0;15;Disabled;0;0;0;0;0;0;0;0;0;0;0;0;0;0;0;0;0;0;0;0;0;0;0;0;0;0;0;0;0;0;0;0;0;0;0;0;0;0;0;0;0;0;0;0;0;0;0;0;0;0;0;0;0;0;0;0;0;0;0;0;0;0;0;0;0;0;0;0;0;0;30;30;20;45;30;30;20;45;30;25;20;45;30;25;20;45;200;228;100;300;200;225;100;300;200;0;100;300;200;0;100;300;30;31;20;45;30;30;20;45;30;26;20;45;30;28;20;45;200;242;100;300;200;240;100;300;200;0;100;300;200;0;100;300;4;2;0.4;6;4;5;0.4;6;4;2;0.4;6;4;5;0.4;6;4;2;0.4;6;4;5;0.4;6;4;2;0.4;6;4;6;0.4;6;NOK;NOK;OK;10000;10064;8000;11000;OK;8.68;0;8;12;NOK;N/A;1.95;N/A;N/A;N/A;9;11.7;7;18;OK;;0;0;0;-;Disabled;TempOk;2;230;34.4;238.2;0;0;349.9;441543200 volvo 589-1;441543200 volvo 589-1;441543200 volvo 589-1
20260331_16:03:54;26210;1;3;940;937.6;910;970;OK;940;941.1;910;970;OK;942.8;941;-20;-22.2;-50;-25;NOK;-20;-21.1;-50;-25;NOK;-20.9;-21.1;0;-20;-22.2;-50;-25;NOK;330;402;330;500;OK;0;0;N/A;N/A;N/A;N/A;N/A;N/A;N/A;N/A;N/A;N/A;N/A;N/A;N/A;N/A;N/A;N/A;N/A;N/A;N/A;N/A;N/A;N/A;N/A;N/A;N/A;N/A;N/A;N/A;N/A;N/A;N/A;N/A;N/A;N/A;N/A;N/A;N/A;N/A;N/A;N/A;N/A;N/A;N/A;N/A;N/A;N/A;N/A;N/A;N/A;N/A;N/A;N/A;N/A;N/A;N/A;N/A;N/A;N/A;N/A;N/A;N/A;N/A;N/A;N/A;N/A;N/A;N/A;N/A;N/A;N/A;N/A;N/A;N/A;N/A;N/A;N/A;N/A;N/A;N/A;N/A;N/A;N/A;N/A;N/A;N/A;N/A;N/A;N/A;N/A;N/A;N/A;N/A;N/A;N/A;N/A;N/A;N/A;N/A;;0;409.2;0;0;;Disabled;TempStop;2;700;413.3;400.8;0;0;599.9;549.9;Disabled;PosNotOk;2;0;100;0;0;0;15;Disabled;0;0;0;0;0;0;0;0;0;0;0;0;0;0;0;0;0;0;0;0;0;0;0;0;0;0;0;0;0;0;0;0;0;0;0;0;0;0;0;0;0;0;0;0;0;0;0;0;0;0;0;0;0;0;0;0;0;0;0;0;0;0;0;0;0;0;0;0;3;25;30;32;20;45;30;30;20;45;30;25;20;45;30;25;20;45;200;227;100;300;200;224;100;300;200;0;100;300;200;0;100;300;30;32;20;45;30;30;20;45;30;26;20;45;30;28;20;45;200;243;100;300;200;240;100;300;200;0;100;300;200;0;100;300;4;2;0.4;6;4;5;0.4;6;4;2;0.4;6;4;5;0.4;6;4;2;0.4;6;4;5;0.4;6;4;2;0.4;6;4;6;0.4;6;NOK;NOK;OK;10000;10062;8000;11000;OK;8.68;0;8;12;NOK;N/A;1.95;N/A;N/A;N/A;9;11.2;7;18;OK;;0;0;0;-;Disabled;TempOk;2;230;33.9;280.1;0;0;349.9;441543200 volvo 589-1;441543200 volvo 589-1;441543200 volvo 589-1
20260331_16:08:18;26213;3;3;940;935.8;910;970;OK;940;940.7;910;970;OK;940.5;940.3;-20;-21.1;-50;-25;NOK;-20;-19.9;-50;-25;NOK;-20.4;-20.3;0;-20;-21.1;-50;-25;NOK;330;375;330;500;OK;0;0;N/A;N/A;N/A;N/A;N/A;N/A;N/A;N/A;N/A;N/A;N/A;N/A;N/A;N/A;N/A;N/A;N/A;N/A;N/A;N/A;N/A;N/A;N/A;N/A;N/A;N/A;N/A;N/A;N/A;N/A;N/A;N/A;N/A;N/A;N/A;N/A;N/A;N/A;N/A;N/A;N/A;N/A;N/A;N/A;N/A;N/A;N/A;N/A;N/A;N/A;N/A;N/A;N/A;N/A;N/A;N/A;N/A;N/A;N/A;N/A;N/A;N/A;N/A;N/A;N/A;N/A;N/A;N/A;N/A;N/A;N/A;N/A;N/A;N/A;N/A;N/A;N/A;N/A;N/A;N/A;N/A;N/A;N/A;N/A;N/A;N/A;N/A;N/A;N/A;N/A;N/A;N/A;N/A;N/A;N/A;N/A;N/A;N/A;;0;381.1;0;0;;Disabled;TempStop;2;700;385.4;386.2;0;0;599.9;549.9;Disabled;PosNotOk;2;0;100;100;0;0;15;Disabled;0;0;0;0;0;0;0;0;0;0;0;0;0;0;0;0;0;0;0;0;0;0;0;0;0;0;0;0;0;0;0;0;0;0;0;0;0;0;0;0;0;0;0;0;0;0;0;0;0;0;0;0;0;0;0;0;0;0;0;0;0;0;0;0;0;0;0;0;0;0;30;30;20;45;30;30;20;45;30;25;20;45;30;25;20;45;200;228;100;300;200;224;100;300;200;0;100;300;200;0;100;300;30;31;20;45;30;30;20;45;30;26;20;45;30;28;20;45;200;243;100;300;200;241;100;300;200;0;100;300;200;0;100;300;4;2;0.4;6;4;5;0.4;6;4;2;0.4;6;4;5;0.4;6;4;2;0.4;6;4;5;0.4;6;4;2;0.4;6;4;6;0.4;6;NOK;NOK;OK;10000;10054;8000;11000;OK;8.67;0;8;12;NOK;N/A;1.96;N/A;N/A;N/A;9;11.7;7;18;OK;;0;0;0;-;Disabled;TempOk;2;230;34.9;244.2;0;0;349.9;441543200 volvo 589-1;441543200 volvo 589-1;441543200 volvo 589-1
20260331_16:08:54;26214;2;2;940;936.2;910;970;OK;940;940.4;910;970;OK;940.5;940.1;-15;-13.2;-50;-20;NOK;-15;-18.2;-50;-20;NOK;-17.9;-18;0;-15;-13.4;-50;-20;NOK;330;398;330;500;OK;0;0;N/A;N/A;N/A;N/A;N/A;N/A;N/A;N/A;N/A;N/A;N/A;N/A;N/A;N/A;N/A;N/A;N/A;N/A;N/A;N/A;N/A;N/A;N/A;N/A;N/A;N/A;N/A;N/A;N/A;N/A;N/A;N/A;N/A;N/A;N/A;N/A;N/A;N/A;N/A;N/A;N/A;N/A;N/A;N/A;N/A;N/A;N/A;N/A;N/A;N/A;N/A;N/A;N/A;N/A;N/A;N/A;N/A;N/A;N/A;N/A;N/A;N/A;N/A;N/A;N/A;N/A;N/A;N/A;N/A;N/A;N/A;N/A;N/A;N/A;N/A;N/A;N/A;N/A;N/A;N/A;N/A;N/A;N/A;N/A;N/A;N/A;N/A;N/A;N/A;N/A;N/A;N/A;N/A;N/A;N/A;N/A;N/A;N/A;;0;410.1;0;0;;Disabled;TempStop;2;700;414.1;399.3;0;0;599.9;549.9;Disabled;PosNotOk;2;0;100;100;0;0;15;Disabled;0;0;0;0;0;0;0;0;0;0;0;0;0;0;0;0;0;0;0;0;0;0;0;0;0;0;0;0;0;0;0;0;0;0;0;0;0;0;0;0;0;0;0;0;0;0;0;0;0;0;0;0;0;0;0;0;0;0;0;0;0;0;0;0;0;0;0;0;0;0;30;32;20;45;30;30;20;45;30;25;20;45;30;25;20;45;200;227;100;300;200;225;100;300;200;0;100;300;200;0;100;300;30;32;20;45;30;30;20;45;30;26;20;45;30;28;20;45;200;243;100;300;200;240;100;300;200;0;100;300;200;0;100;300;4;2;0.4;6;4;6;0.4;6;4;2;0.4;6;4;6;0.4;6;4;2;0.4;6;4;6;0.4;6;4;2;0.4;6;4;6;0.4;6;NOK;NOK;OK;10000;10064;8000;11000;OK;8.68;0;8;12;NOK;N/A;1.95;N/A;N/A;N/A;9;11.6;7;18;OK;;0;0;0;-;Disabled;TempOk;2;230;34.2;276.1;0;0;349.9;441543200 volvo 589-1;441543200 volvo 589-1;441543200 volvo 589-1
20260331_16:12:20;26216;1;3;940;937.7;910;970;OK;940;941.5;910;970;OK;942.6;940.1;-20;-18.6;-50;-25;NOK;-20;-20.8;-50;-25;NOK;-20.4;-20.5;0;-20;-18.7;-50;-25;NOK;330;347;330;500;OK;0;0;N/A;N/A;N/A;N/A;N/A;N/A;N/A;N/A;N/A;N/A;N/A;N/A;N/A;N/A;N/A;N/A;N/A;N/A;N/A;N/A;N/A;N/A;N/A;N/A;N/A;N/A;N/A;N/A;N/A;N/A;N/A;N/A;N/A;N/A;N/A;N/A;N/A;N/A;N/A;N/A;N/A;N/A;N/A;N/A;N/A;N/A;N/A;N/A;N/A;N/A;N/A;N/A;N/A;N/A;N/A;N/A;N/A;N/A;N/A;N/A;N/A;N/A;N/A;N/A;N/A;N/A;N/A;N/A;N/A;N/A;N/A;N/A;N/A;N/A;N/A;N/A;N/A;N/A;N/A;N/A;N/A;N/A;N/A;N/A;N/A;N/A;N/A;N/A;N/A;N/A;N/A;N/A;N/A;N/A;N/A;N/A;N/A;N/A;;0;385.8;0;0;;Disabled;TempStop;2;700;390.2;393.2;0;0;599.9;549.9;Disabled;PosNotOk;2;0;100;10.9;0;0;15;Disabled;0;0;0;0;0;0;0;0;0;0;0;0;0;0;0;0;0;0;0;0;0;0;0;0;0;0;0;0;0;0;0;0;0;0;0;0;0;0;0;0;0;0;0;0;0;0;0;0;0;0;0;0;0;0;0;0;0;0;0;0;0;0;0;0;0;0;0;0;11;51;30;30;20;45;30;30;20;45;30;25;20;45;30;25;20;45;200;227;100;300;200;224;100;300;200;0;100;300;200;0;100;300;30;31;20;45;30;30;20;45;30;26;20;45;30;28;20;45;200;242;100;300;200;240;100;300;200;0;100;300;200;0;100;300;4;2;0.4;6;4;5;0.4;6;4;2;0.4;6;4;5;0.4;6;4;2;0.4;6;4;6;0.4;6;4;2;0.4;6;4;5;0.4;6;NOK;NOK;OK;10000;10026;8000;11000;OK;8.66;0;8;12;NOK;N/A;1.95;N/A;N/A;N/A;9;11.4;7;18;OK;;0;0;0;-;Disabled;TempOk;2;230;36.7;242.4;0;0;349.9;441543200 volvo 589-1;441543200 volvo 589-1;441543200 volvo 589-1
20260331_16:12:55;26217;4;2;940;936;910;970;OK;940;941.5;910;970;OK;942.3;943.1;-15;-12.1;-50;-5;OK;-15;-18.8;-50;-5;OK;-20.4;-20.6;0;-15;-12.3;-50;-5;OK;330;371;330;500;OK;241.33;241.89;N/A;N/A;N/A;N/A;N/A;N/A;N/A;N/A;N/A;N/A;N/A;N/A;N/A;N/A;N/A;N/A;N/A;N/A;N/A;N/A;N/A;N/A;N/A;N/A;N/A;N/A;N/A;N/A;N/A;N/A;N/A;N/A;N/A;N/A;N/A;N/A;N/A;N/A;N/A;N/A;N/A;N/A;N/A;N/A;N/A;N/A;N/A;N/A;N/A;N/A;N/A;N/A;N/A;N/A;N/A;N/A;N/A;N/A;N/A;N/A;N/A;N/A;N/A;N/A;N/A;N/A;N/A;N/A;N/A;N/A;N/A;N/A;N/A;N/A;N/A;N/A;N/A;N/A;N/A;N/A;N/A;N/A;N/A;N/A;N/A;N/A;N/A;N/A;N/A;N/A;N/A;N/A;N/A;N/A;N/A;N/A;N/A;N/A;;0;409.1;0;0;;Disabled;TempStop;2;700;413.1;399.4;0;0;599.9;549.9;Disabled;PosNotOk;2;0;100;99.6;0;0;15;Disabled;0;0;0;0;0;0;0;0;0;0;0;0;0;0;0;0;0;0;0;0;0;0;0;0;0;0;0;0;0;0;0;0;0;0;0;0;0;0;0;0;0;0;0;0;0;0;0;0;0;0;0;0;0;0;0;0;0;0;0;0;0;0;0;0;0;0;0;0;0;0;30;31;20;45;30;30;20;45;30;25;20;45;30;25;20;45;200;227;100;300;200;224;100;300;200;0;100;300;200;0;100;300;30;32;20;45;30;30;20;45;30;26;20;45;30;28;20;45;200;242;100;300;200;240;100;300;200;0;100;300;200;0;100;300;4;2;0.4;6;4;5;0.4;6;4;2;0.4;6;4;5;0.4;6;4;2;0.4;6;4;5;0.4;6;4;2;0.4;6;4;6;0.4;6;NOK;NOK;OK;10000;10037;8000;11000;OK;8.66;0;8;12;NOK;N/A;1.95;N/A;N/A;N/A;9;11.7;7;18;OK;;0;0;0;-;Disabled;TempOk;2;230;33.9;277.6;0;0;349.9;441543200 volvo 589-1;441543200 volvo 589-1;441543200 volvo 589-1
20260331_16:15:17;26220;2;2;940;937.3;910;970;OK;940;940.2;910;970;OK;940.6;940;-15;-18.1;-50;-20;NOK;-15;-18;-50;-20;NOK;-17.7;-17.9;0;-15;-18;-50;-20;NOK;330;339;330;500;OK;0;0;N/A;N/A;N/A;N/A;N/A;N/A;N/A;N/A;N/A;N/A;N/A;N/A;N/A;N/A;N/A;N/A;N/A;N/A;N/A;N/A;N/A;N/A;N/A;N/A;N/A;N/A;N/A;N/A;N/A;N/A;N/A;N/A;N/A;N/A;N/A;N/A;N/A;N/A;N/A;N/A;N/A;N/A;N/A;N/A;N/A;N/A;N/A;N/A;N/A;N/A;N/A;N/A;N/A;N/A;N/A;N/A;N/A;N/A;N/A;N/A;N/A;N/A;N/A;N/A;N/A;N/A;N/A;N/A;N/A;N/A;N/A;N/A;N/A;N/A;N/A;N/A;N/A;N/A;N/A;N/A;N/A;N/A;N/A;N/A;N/A;N/A;N/A;N/A;N/A;N/A;N/A;N/A;N/A;N/A;N/A;N/A;N/A;N/A;;0;377.3;0;0;;Disabled;TempStop;2;700;381.8;368.2;0;0;599.9;549.9;Disabled;PosNotOk;2;0;100;100;0;0;15;Disabled;0;0;0;0;0;0;0;0;0;0;0;0;0;0;0;0;0;0;0;0;0;0;0;0;0;0;0;0;0;0;0;0;0;0;0;0;0;0;0;0;0;0;0;0;0;0;0;0;0;0;0;0;0;0;0;0;0;0;0;0;0;0;0;0;0;0;0;0;0;0;30;30;20;45;30;30;20;45;30;25;20;45;30;25;20;45;200;227;100;300;200;224;100;300;200;0;100;300;200;0;100;300;30;31;20;45;30;30;20;45;30;26;20;45;30;28;20;45;200;242;100;300;200;240;100;300;200;0;100;300;200;0;100;300;4;2;0.4;6;4;5;0.4;6;4;2;0.4;6;4;5;0.4;6;4;2;0.4;6;4;6;0.4;6;4;2;0.4;6;4;6;0.4;6;NOK;NOK;OK;10000;10043;8000;11000;OK;8.67;0;8;12;NOK;N/A;1.95;N/A;N/A;N/A;9;11.6;7;18;OK;;0;0;0;-;Disabled;TempOk;2;230;34.7;244.6;0;0;349.9;441543200 volvo 589-1;441543200 volvo 589-1;441543200 volvo 589-1
20260331_16:15:52;26219;3;3;940;934.4;910;970;OK;940;940.3;910;970;OK;940;939.8;-20;-18.6;-50;-25;NOK;-20;-20.2;-50;-25;NOK;-18.2;-18.8;0;-20;-18.5;-50;-25;NOK;330;387;330;500;OK;0;0;N/A;N/A;N/A;N/A;N/A;N/A;N/A;N/A;N/A;N/A;N/A;N/A;N/A;N/A;N/A;N/A;N/A;N/A;N/A;N/A;N/A;N/A;N/A;N/A;N/A;N/A;N/A;N/A;N/A;N/A;N/A;N/A;N/A;N/A;N/A;N/A;N/A;N/A;N/A;N/A;N/A;N/A;N/A;N/A;N/A;N/A;N/A;N/A;N/A;N/A;N/A;N/A;N/A;N/A;N/A;N/A;N/A;N/A;N/A;N/A;N/A;N/A;N/A;N/A;N/A;N/A;N/A;N/A;N/A;N/A;N/A;N/A;N/A;N/A;N/A;N/A;N/A;N/A;N/A;N/A;N/A;N/A;N/A;N/A;N/A;N/A;N/A;N/A;N/A;N/A;N/A;N/A;N/A;N/A;N/A;N/A;N/A;N/A;;0;399.9;0;0;;Disabled;TempStop;2;700;404.4;403.8;0;0;599.9;549.9;Disabled;PosNotOk;2;0;100;100;0;0;15;Disabled;0;0;0;0;0;0;0;0;0;0;0;0;0;0;0;0;0;0;0;0;0;0;0;0;0;0;0;0;0;0;0;0;0;0;0;0;0;0;0;0;0;0;0;0;0;0;0;0;0;0;0;0;0;0;0;0;0;0;0;0;0;0;0;0;0;0;0;0;0;0;30;31;20;45;30;30;20;45;30;25;20;45;30;25;20;45;200;227;100;300;200;224;100;300;200;0;100;300;200;0;100;300;30;32;20;45;30;30;20;45;30;26;20;45;30;28;20;45;200;242;100;300;200;240;100;300;200;0;100;300;200;0;100;300;4;2;0.4;6;4;6;0.4;6;4;2;0.4;6;4;6;0.4;6;4;2;0.4;6;4;6;0.4;6;4;2;0.4;6;4;6;0.4;6;NOK;NOK;OK;10000;10047;8000;11000;OK;8.67;0;8;12;NOK;N/A;1.95;N/A;N/A;N/A;9;11.8;7;18;OK;;0;0;0;-;Disabled;TempOk;2;230;34.9;274.1;0;0;349.9;441543200 volvo 589-1;441543200 volvo 589-1;441543200 volvo 589-1
20260331_16:17:02;26221;1;4;940;939.4;910;970;OK;940;940.8;910;970;OK;940.5;940.9;-20;-20.8;-50;-25;NOK;-20;-17.3;-50;-25;NOK;-15.3;-16.1;0;-20;-20.8;-50;-25;NOK;330;334;330;500;OK;0;0;N/A;N/A;N/A;N/A;N/A;N/A;N/A;N/A;N/A;N/A;N/A;N/A;N/A;N/A;N/A;N/A;N/A;N/A;N/A;N/A;N/A;N/A;N/A;N/A;N/A;N/A;N/A;N/A;N/A;N/A;N/A;N/A;N/A;N/A;N/A;N/A;N/A;N/A;N/A;N/A;N/A;N/A;N/A;N/A;N/A;N/A;N/A;N/A;N/A;N/A;N/A;N/A;N/A;N/A;N/A;N/A;N/A;N/A;N/A;N/A;N/A;N/A;N/A;N/A;N/A;N/A;N/A;N/A;N/A;N/A;N/A;N/A;N/A;N/A;N/A;N/A;N/A;N/A;N/A;N/A;N/A;N/A;N/A;N/A;N/A;N/A;N/A;N/A;N/A;N/A;N/A;N/A;N/A;N/A;N/A;N/A;N/A;N/A;;0;390.3;0;0;;Disabled;TempStop;2;700;395.3;391.3;0;0;599.9;549.9;Disabled;PosNotOk;2;0;100;100;0;0;15;Disabled;0;0;0;0;0;0;0;0;0;0;0;0;0;0;0;0;0;0;0;0;0;0;0;0;0;0;0;0;0;0;0;0;0;0;0;0;0;0;0;0;0;0;0;0;0;0;0;0;0;0;0;0;0;0;0;0;0;0;0;0;0;0;0;0;0;0;0;0;16;33;30;31;20;45;30;30;20;45;30;25;20;45;30;25;20;45;200;228;100;300;200;224;100;300;200;0;100;300;200;0;100;300;30;31;20;45;30;30;20;45;30;26;20;45;30;28;20;45;200;242;100;300;200;241;100;300;200;0;100;300;200;0;100;300;4;2;0.4;6;4;5;0.4;6;4;2;0.4;6;4;5;0.4;6;4;2;0.4;6;4;5;0.4;6;4;2;0.4;6;4;6;0.4;6;NOK;NOK;OK;10000;10031;8000;11000;OK;8.67;0;8;12;NOK;N/A;1.95;N/A;N/A;N/A;9;11.2;7;18;OK;;0;0;0;-;Disabled;TempOk;2;230;34.4;254.5;0;0;349.9;441543200 volvo 589-1;441543200 volvo 589-1;441543200 volvo 589-1
20260331_16:17:38;26222;4;3;940;939;910;970;OK;940;941.8;910;970;OK;943.4;942.5;-15;-22.9;-50;-5;OK;-15;-19;-50;-5;OK;-15;-16.6;0;-15;-22.9;-50;-5;OK;330;369;330;500;OK;241.76;242.25;N/A;N/A;N/A;N/A;N/A;N/A;N/A;N/A;N/A;N/A;N/A;N/A;N/A;N/A;N/A;N/A;N/A;N/A;N/A;N/A;N/A;N/A;N/A;N/A;N/A;N/A;N/A;N/A;N/A;N/A;N/A;N/A;N/A;N/A;N/A;N/A;N/A;N/A;N/A;N/A;N/A;N/A;N/A;N/A;N/A;N/A;N/A;N/A;N/A;N/A;N/A;N/A;N/A;N/A;N/A;N/A;N/A;N/A;N/A;N/A;N/A;N/A;N/A;N/A;N/A;N/A;N/A;N/A;N/A;N/A;N/A;N/A;N/A;N/A;N/A;N/A;N/A;N/A;N/A;N/A;N/A;N/A;N/A;N/A;N/A;N/A;N/A;N/A;N/A;N/A;N/A;N/A;N/A;N/A;N/A;N/A;N/A;N/A;;0;406.2;0;0;;Disabled;TempStop;2;700;410.3;396.6;0;0;599.9;549.9;Disabled;PosNotOk;2;0;100;100;0;0;15;Disabled;0;0;0;0;0;0;0;0;0;0;0;0;0;0;0;0;0;0;0;0;0;0;0;0;0;0;0;0;0;0;0;0;0;0;0;0;0;0;0;0;0;0;0;0;0;0;0;0;0;0;0;0;0;0;0;0;0;0;0;0;0;0;0;0;0;0;0;0;0;0;30;32;20;45;30;30;20;45;30;25;20;45;30;25;20;45;200;227;100;300;200;224;100;300;200;0;100;300;200;0;100;300;30;32;20;45;30;30;20;45;30;26;20;45;30;28;20;45;200;242;100;300;200;240;100;300;200;0;100;300;200;0;100;300;4;2;0.4;6;4;5;0.4;6;4;2;0.4;6;4;5;0.4;6;4;2;0.4;6;4;5;0.4;6;4;2;0.4;6;4;5;0.4;6;NOK;NOK;OK;10000;10042;8000;11000;OK;8.67;0;8;12;NOK;N/A;1.95;N/A;N/A;N/A;9;11.7;7;18;OK;;0;0;0;-;Disabled;TempOk;2;230;33.9;278.1;0;0;349.9;441543200 volvo 589-1;441543200 volvo 589-1;441543200 volvo 589-1
20260331_16:21:12;26223;4;2;940;940.7;910;970;OK;940;941.9;910;970;OK;941.1;941.9;-15;-16.7;-50;-5;OK;-15;-13.9;-50;-5;OK;-17.5;-17.5;0;-15;-16.5;-50;-5;OK;330;442;330;500;OK;241.96;242.44;N/A;N/A;N/A;N/A;N/A;N/A;N/A;N/A;N/A;N/A;N/A;N/A;N/A;N/A;N/A;N/A;N/A;N/A;N/A;N/A;N/A;N/A;N/A;N/A;N/A;N/A;N/A;N/A;N/A;N/A;N/A;N/A;N/A;N/A;N/A;N/A;N/A;N/A;N/A;N/A;N/A;N/A;N/A;N/A;N/A;N/A;N/A;N/A;N/A;N/A;N/A;N/A;N/A;N/A;N/A;N/A;N/A;N/A;N/A;N/A;N/A;N/A;N/A;N/A;N/A;N/A;N/A;N/A;N/A;N/A;N/A;N/A;N/A;N/A;N/A;N/A;N/A;N/A;N/A;N/A;N/A;N/A;N/A;N/A;N/A;N/A;N/A;N/A;N/A;N/A;N/A;N/A;N/A;N/A;N/A;N/A;N/A;N/A;;0;376.9;0;0;;Disabled;TempStop;1;700;381.6;0;0;0;549.9;449.9;Disabled;PosNotOk;1;0;74;0;0;0;15;Disabled;0;0;0;0;0;0;0;0;0;0;0;0;0;0;0;0;0;0;0;0;0;0;0;0;0;0;0;0;0;0;0;0;0;0;0;0;0;0;0;0;0;0;0;0;0;0;0;0;0;0;0;0;0;0;0;0;0;0;0;0;0;0;0;0;0;0;0;0;0;0;30;30;20;45;30;30;20;45;30;25;20;45;30;25;20;45;200;227;100;300;200;224;100;300;200;0;100;300;200;0;100;300;30;31;20;45;30;30;20;45;30;26;20;45;30;28;20;45;200;242;100;300;200;240;100;300;200;0;100;300;200;0;100;300;4;2;0.4;6;4;5;0.4;6;4;2;0.4;6;4;5;0.4;6;4;2;0.4;6;4;5;0.4;6;4;2;0.4;6;4;6;0.4;6;NOK;NOK;OK;10000;10058;8000;11000;OK;8.68;0;8;12;NOK;N/A;1.95;N/A;N/A;N/A;9;11.8;7;18;OK;;0;0;0;-;Disabled;TempOk;1;230;88.6;0;0;0;349.9;441543200 volvo 589-1;441543200 volvo 589-1;441543200 volvo 589-1
20260331_16:21:47;26225;1;3;940;937.3;910;970;OK;940;941.7;910;970;OK;942.8;941.9;-20;-14;-50;-25;NOK;-20;-21;-50;-25;NOK;-20.9;-21.3;0;-20;-14.3;-50;-25;NOK;330;466;330;500;OK;0;0;N/A;N/A;N/A;N/A;N/A;N/A;N/A;N/A;N/A;N/A;N/A;N/A;N/A;N/A;N/A;N/A;N/A;N/A;N/A;N/A;N/A;N/A;N/A;N/A;N/A;N/A;N/A;N/A;N/A;N/A;N/A;N/A;N/A;N/A;N/A;N/A;N/A;N/A;N/A;N/A;N/A;N/A;N/A;N/A;N/A;N/A;N/A;N/A;N/A;N/A;N/A;N/A;N/A;N/A;N/A;N/A;N/A;N/A;N/A;N/A;N/A;N/A;N/A;N/A;N/A;N/A;N/A;N/A;N/A;N/A;N/A;N/A;N/A;N/A;N/A;N/A;N/A;N/A;N/A;N/A;N/A;N/A;N/A;N/A;N/A;N/A;N/A;N/A;N/A;N/A;N/A;N/A;N/A;N/A;N/A;N/A;N/A;N/A;;0;406.1;0;0;;Disabled;TempStop;1;700;410.2;0;0;0;549.9;449.9;Disabled;PosOk;1;0;0;0;0;0;15;Disabled;0;0;0;0;0;0;0;0;0;0;0;0;0;0;0;0;0;0;0;0;0;0;0;0;0;0;0;0;0;0;0;0;0;0;0;0;0;0;0;0;0;0;0;0;0;0;0;0;0;0;0;0;0;0;0;0;0;0;0;0;0;0;0;0;0;0;0;0;21;18;30;31;20;45;30;30;20;45;30;25;20;45;30;25;20;45;200;227;100;300;200;224;100;300;200;0;100;300;200;0;100;300;30;32;20;45;30;30;20;45;30;25;20;45;30;28;20;45;200;243;100;300;200;240;100;300;200;0;100;300;200;0;100;300;4;2;0.4;6;4;5;0.4;6;4;2;0.4;6;4;5;0.4;6;4;2;0.4;6;4;6;0.4;6;4;2;0.4;6;4;5;0.4;6;NOK;NOK;OK;10000;10051;8000;11000;OK;8.68;0;8;12;NOK;N/A;1.95;N/A;N/A;N/A;9;10.7;7;18;OK;;0;0;0;-;Disabled;TempOk;1;230;105.3;0;0;0;349.9;441543200 volvo 589-1;441543200 volvo 589-1;441543200 volvo 589-1
20260331_16:22:22;26226;2;4;940;936.3;910;970;OK;940;939.6;910;970;OK;937.9;938.1;-15;-25.9;-50;-20;OK;-15;-23.1;-50;-20;OK;-23.3;-22.6;0;-15;-25.9;-50;-20;OK;330;443;330;500;OK;0;0;N/A;N/A;N/A;N/A;N/A;N/A;N/A;N/A;N/A;N/A;N/A;N/A;N/A;N/A;N/A;N/A;N/A;N/A;N/A;N/A;N/A;N/A;N/A;N/A;N/A;N/A;N/A;N/A;N/A;N/A;N/A;N/A;N/A;N/A;N/A;N/A;N/A;N/A;N/A;N/A;N/A;N/A;N/A;N/A;N/A;N/A;N/A;N/A;N/A;N/A;N/A;N/A;N/A;N/A;N/A;N/A;N/A;N/A;N/A;N/A;N/A;N/A;N/A;N/A;N/A;N/A;N/A;N/A;N/A;N/A;N/A;N/A;N/A;N/A;N/A;N/A;N/A;N/A;N/A;N/A;N/A;N/A;N/A;N/A;N/A;N/A;N/A;N/A;N/A;N/A;N/A;N/A;N/A;N/A;N/A;N/A;N/A;N/A;;0;413.9;0;0;;Disabled;TempStop;1;700;417.9;0;0;0;549.9;449.9;Disabled;PosOk;1;0;0;0;0;0;15;Disabled;0;0;0;0;0;0;0;0;0;0;0;0;0;0;0;0;0;0;0;0;0;0;0;0;0;0;0;0;0;0;0;0;0;0;0;0;0;0;0;0;0;0;0;0;0;0;0;0;0;0;0;0;0;0;0;0;0;0;0;0;0;0;0;0;0;0;0;0;0;0;30;32;20;45;30;30;20;45;30;25;20;45;30;25;20;45;200;227;100;300;200;224;100;300;200;0;100;300;200;0;100;300;30;32;20;45;30;30;20;45;30;26;20;45;30;28;20;45;200;242;100;300;200;240;100;300;200;0;100;300;200;0;100;300;4;2;0.4;6;4;5;0.4;6;4;2;0.4;6;4;5;0.4;6;4;2;0.4;6;4;5;0.4;6;4;2;0.4;6;4;6;0.4;6;NOK;NOK;OK;10000;10039;8000;11000;OK;8.68;0;8;12;NOK;N/A;1.95;N/A;N/A;N/A;9;11.7;7;18;OK;;0;0;0;-;Disabled;TempOk;1;230;108.2;0;0;0;349.9;441543200 volvo 589-1;441543200 volvo 589-1;441543200 volvo 589-1
20260331_16:22:58;26227;3;3;940;931.4;910;970;OK;940;939.2;910;970;OK;940.8;941;-20;-20.3;-50;-25;NOK;-20;-19.4;-50;-25;NOK;-20.8;-20.6;0;-20;-20.4;-50;-25;NOK;330;414;330;500;OK;0;0;N/A;N/A;N/A;N/A;N/A;N/A;N/A;N/A;N/A;N/A;N/A;N/A;N/A;N/A;N/A;N/A;N/A;N/A;N/A;N/A;N/A;N/A;N/A;N/A;N/A;N/A;N/A;N/A;N/A;N/A;N/A;N/A;N/A;N/A;N/A;N/A;N/A;N/A;N/A;N/A;N/A;N/A;N/A;N/A;N/A;N/A;N/A;N/A;N/A;N/A;N/A;N/A;N/A;N/A;N/A;N/A;N/A;N/A;N/A;N/A;N/A;N/A;N/A;N/A;N/A;N/A;N/A;N/A;N/A;N/A;N/A;N/A;N/A;N/A;N/A;N/A;N/A;N/A;N/A;N/A;N/A;N/A;N/A;N/A;N/A;N/A;N/A;N/A;N/A;N/A;N/A;N/A;N/A;N/A;N/A;N/A;N/A;N/A;;0;404.1;0;0;;Disabled;TempStop;1;700;408.1;0;0;0;549.9;449.9;Disabled;PosOk;1;0;0;0;0;0;15;Disabled;0;0;0;0;0;0;0;0;0;0;0;0;0;0;0;0;0;0;0;0;0;0;0;0;0;0;0;0;0;0;0;0;0;0;0;0;0;0;0;0;0;0;0;0;0;0;0;0;0;0;0;0;0;0;0;0;0;0;0;0;0;0;0;0;0;0;0;0;0;0;30;32;20;45;30;30;20;45;30;25;20;45;30;25;20;45;200;227;100;300;200;224;100;300;200;0;100;300;200;0;100;300;30;32;20;45;30;30;20;45;30;26;20;45;30;28;20;45;200;242;100;300;200;240;100;300;200;0;100;300;200;0;100;300;4;2;0.4;6;4;5;0.4;6;4;2;0.4;6;4;5;0.4;6;4;2;0.4;6;4;5;0.4;6;4;2;0.4;6;4;6;0.4;6;NOK;NOK;OK;10000;10047;8000;11000;OK;8.68;0;8;12;NOK;N/A;1.95;N/A;N/A;N/A;9;11.8;7;18;OK;;0;0;0;-;Disabled;TempOk;1;230;107.7;0;0;0;349.9;441543200 volvo 589-1;441543200 volvo 589-1;441543200 volvo 589-1
20260331_16:23:33;26228;2;2;940;932.1;910;970;OK;940;940.9;910;970;OK;940.5;940.1;-15;-18;-50;-20;NOK;-15;-19.5;-50;-20;NOK;-19.1;-19.1;0;-15;-18;-50;-20;NOK;330;484;330;500;OK;0;0;N/A;N/A;N/A;N/A;N/A;N/A;N/A;N/A;N/A;N/A;N/A;N/A;N/A;N/A;N/A;N/A;N/A;N/A;N/A;N/A;N/A;N/A;N/A;N/A;N/A;N/A;N/A;N/A;N/A;N/A;N/A;N/A;N/A;N/A;N/A;N/A;N/A;N/A;N/A;N/A;N/A;N/A;N/A;N/A;N/A;N/A;N/A;N/A;N/A;N/A;N/A;N/A;N/A;N/A;N/A;N/A;N/A;N/A;N/A;N/A;N/A;N/A;N/A;N/A;N/A;N/A;N/A;N/A;N/A;N/A;N/A;N/A;N/A;N/A;N/A;N/A;N/A;N/A;N/A;N/A;N/A;N/A;N/A;N/A;N/A;N/A;N/A;N/A;N/A;N/A;N/A;N/A;N/A;N/A;N/A;N/A;N/A;N/A;;0;404.5;0;0;;Disabled;TempStop;1;700;408.3;0;0;0;549.9;449.9;Disabled;PosNotOk;1;0;24;0;0;0;15;Disabled;0;0;0;0;0;0;0;0;0;0;0;0;0;0;0;0;0;0;0;0;0;0;0;0;0;0;0;0;0;0;0;0;0;0;0;0;0;0;0;0;0;0;0;0;0;0;0;0;0;0;0;0;0;0;0;0;0;0;0;0;0;0;0;0;0;0;0;0;0;0;30;32;20;45;30;30;20;45;30;25;20;45;30;25;20;45;200;227;100;300;200;224;100;300;200;0;100;300;200;0;100;300;30;33;20;45;30;30;20;45;30;26;20;45;30;28;20;45;200;242;100;300;200;240;100;300;200;0;100;300;200;0;100;300;4;2;0.4;6;4;5;0.4;6;4;2;0.4;6;4;5;0.4;6;4;2;0.4;6;4;6;0.4;6;4;2;0.4;6;4;6;0.4;6;NOK;NOK;OK;10000;10063;8000;11000;OK;8.68;0;8;12;NOK;N/A;1.95;N/A;N/A;N/A;9;11.7;7;18;OK;;0;0;0;-;Disabled;TempOk;1;230;106.3;0;0;0;349.9;441543200 volvo 589-1;441543200 volvo 589-1;441543200 volvo 589-1
20260331_16:24:45;26231;4;3;940;933.7;910;970;OK;940;943.8;910;970;OK;945.6;945.1;-15;-19.3;-50;-5;OK;-15;-19.9;-50;-5;OK;-15.4;-14.6;0;-15;-19.4;-50;-5;OK;330;431;330;500;OK;242.25;242.71;N/A;N/A;N/A;N/A;N/A;N/A;N/A;N/A;N/A;N/A;N/A;N/A;N/A;N/A;N/A;N/A;N/A;N/A;N/A;N/A;N/A;N/A;N/A;N/A;N/A;N/A;N/A;N/A;N/A;N/A;N/A;N/A;N/A;N/A;N/A;N/A;N/A;N/A;N/A;N/A;N/A;N/A;N/A;N/A;N/A;N/A;N/A;N/A;N/A;N/A;N/A;N/A;N/A;N/A;N/A;N/A;N/A;N/A;N/A;N/A;N/A;N/A;N/A;N/A;N/A;N/A;N/A;N/A;N/A;N/A;N/A;N/A;N/A;N/A;N/A;N/A;N/A;N/A;N/A;N/A;N/A;N/A;N/A;N/A;N/A;N/A;N/A;N/A;N/A;N/A;N/A;N/A;N/A;N/A;N/A;N/A;N/A;N/A;;0;380.7;0;0;;Disabled;TempStop;1;700;384.7;0;0;0;549.9;449.9;Enabled;PosNotOk;1;0;70;0;0;0;15;Disabled;0;0;0;0;0;0;0;0;0;0;0;0;0;0;0;0;0;0;0;0;0;0;0;0;0;0;0;0;0;0;0;0;0;0;0;0;0;0;0;0;0;0;0;0;0;0;0;0;0;0;0;0;0;0;0;0;0;0;0;0;0;0;0;0;0;0;0;0;0;0;;;;;;;;;;;;;;;;;;;;;;;;;;;;;;;;;;;;;;;;;;;;;;;;;;;;;;;;;;;;;;;;;;;;;;;;;;;;;;;;;;;;;;;;;;;;;;;;;;;;;;;;;;;;;;;;;;;;;;;;;;;;;;;;;;;;;;441543200 volvo 589-1;441543200 volvo 589-1;;
20260331_16:27:26;26235;4;2;940;934.5;910;970;OK;940;942.4;910;970;OK;944.4;943.5;-15;-13.8;-50;-5;OK;-15;-14.2;-50;-5;OK;-17.7;-16.6;0;-15;-13.7;-50;-5;OK;330;363;330;500;OK;242.46;242.8;N/A;N/A;N/A;N/A;N/A;N/A;N/A;N/A;N/A;N/A;N/A;N/A;N/A;N/A;N/A;N/A;N/A;N/A;N/A;N/A;N/A;N/A;N/A;N/A;N/A;N/A;N/A;N/A;N/A;N/A;N/A;N/A;N/A;N/A;N/A;N/A;N/A;N/A;N/A;N/A;N/A;N/A;N/A;N/A;N/A;N/A;N/A;N/A;N/A;N/A;N/A;N/A;N/A;N/A;N/A;N/A;N/A;N/A;N/A;N/A;N/A;N/A;N/A;N/A;N/A;N/A;N/A;N/A;N/A;N/A;N/A;N/A;N/A;N/A;N/A;N/A;N/A;N/A;N/A;N/A;N/A;N/A;N/A;N/A;N/A;N/A;N/A;N/A;N/A;N/A;N/A;N/A;N/A;N/A;N/A;N/A;N/A;N/A;;0;377.4;0;0;;Disabled;TempStop;1;700;381.8;0;0;0;549.9;449.9;Disabled;PosOk;1;0;0;0;0;0;15;Disabled;0;0;0;0;0;0;0;0;0;0;0;0;0;0;0;0;0;0;0;0;0;0;0;0;0;0;0;0;0;0;0;0;0;0;0;0;0;0;0;0;0;0;0;0;0;0;0;0;0;0;0;0;0;0;0;0;0;0;0;0;0;0;0;0;0;0;0;0;0;0;30;29;20;45;30;29;20;45;30;25;20;45;30;25;20;45;200;227;100;300;200;224;100;300;200;0;100;300;200;0;100;300;30;30;20;45;30;29;20;45;30;26;20;45;30;27;20;45;200;242;100;300;200;240;100;300;200;0;100;300;200;0;100;300;4;2;0.4;6;4;5;0.4;6;4;2;0.4;6;4;6;0.4;6;4;2;0.4;6;4;5;0.4;6;4;2;0.4;6;4;6;0.4;6;NOK;NOK;OK;10000;10059;8000;11000;OK;8.69;0;8;12;NOK;N/A;1.95;N/A;N/A;N/A;9;11.8;7;18;OK;;0;0;0;-;Disabled;TempOk;1;230;90.6;0;0;0;349.9;441543200 volvo 589-1;441543200 volvo 589-1;441543200 volvo 589-1
20260331_16:28:02;26234;1;3;940;932.6;910;970;OK;940;941.5;910;970;OK;944.3;942.8;-20;-21;-50;-25;NOK;-20;-20.7;-50;-25;NOK;-20.9;-20.9;0;-20;-21;-50;-25;NOK;330;363;330;500;OK;0;0;N/A;N/A;N/A;N/A;N/A;N/A;N/A;N/A;N/A;N/A;N/A;N/A;N/A;N/A;N/A;N/A;N/A;N/A;N/A;N/A;N/A;N/A;N/A;N/A;N/A;N/A;N/A;N/A;N/A;N/A;N/A;N/A;N/A;N/A;N/A;N/A;N/A;N/A;N/A;N/A;N/A;N/A;N/A;N/A;N/A;N/A;N/A;N/A;N/A;N/A;N/A;N/A;N/A;N/A;N/A;N/A;N/A;N/A;N/A;N/A;N/A;N/A;N/A;N/A;N/A;N/A;N/A;N/A;N/A;N/A;N/A;N/A;N/A;N/A;N/A;N/A;N/A;N/A;N/A;N/A;N/A;N/A;N/A;N/A;N/A;N/A;N/A;N/A;N/A;N/A;N/A;N/A;N/A;N/A;N/A;N/A;N/A;N/A;;0;411;0;0;;Disabled;TempStop;1;700;415;0;0;0;549.9;449.9;Disabled;PosOk;1;0;0;0;0;0;15;Disabled;0;0;0;0;0;0;0;0;0;0;0;0;0;0;0;0;0;0;0;0;0;0;0;0;0;0;0;0;0;0;0;0;0;0;0;0;0;0;0;0;0;0;0;0;0;0;0;0;0;0;0;0;0;0;0;0;0;0;0;0;0;0;0;0;0;0;0;0;27;33;30;31;20;45;30;29;20;45;30;25;20;45;30;25;20;45;200;227;100;300;200;224;100;300;200;0;100;300;200;0;100;300;30;31;20;45;30;29;20;45;30;26;20;45;30;28;20;45;200;242;100;300;200;241;100;300;200;0;100;300;200;0;100;300;4;2;0.4;6;4;5;0.4;6;4;2;0.4;6;4;5;0.4;6;4;2;0.4;6;4;6;0.4;6;4;2;0.4;6;4;6;0.4;6;NOK;NOK;OK;10000;10053;8000;11000;OK;8.68;0;8;12;NOK;N/A;1.95;N/A;N/A;N/A;9;10.9;7;18;OK;;0;0;0;-;Disabled;TempOk;1;230;105.3;0;0;0;349.9;441543200 volvo 589-1;441543200 volvo 589-1;441543200 volvo 589-1
20260331_16:28:37;26236;2;4;940;931.8;910;970;OK;940;939.7;910;970;OK;938.9;939.1;-15;-23.3;-50;-20;OK;-15;-22.8;-50;-20;OK;-22.7;-22.4;0;-15;-23.3;-50;-20;OK;330;363;330;500;OK;0;0;N/A;N/A;N/A;N/A;N/A;N/A;N/A;N/A;N/A;N/A;N/A;N/A;N/A;N/A;N/A;N/A;N/A;N/A;N/A;N/A;N/A;N/A;N/A;N/A;N/A;N/A;N/A;N/A;N/A;N/A;N/A;N/A;N/A;N/A;N/A;N/A;N/A;N/A;N/A;N/A;N/A;N/A;N/A;N/A;N/A;N/A;N/A;N/A;N/A;N/A;N/A;N/A;N/A;N/A;N/A;N/A;N/A;N/A;N/A;N/A;N/A;N/A;N/A;N/A;N/A;N/A;N/A;N/A;N/A;N/A;N/A;N/A;N/A;N/A;N/A;N/A;N/A;N/A;N/A;N/A;N/A;N/A;N/A;N/A;N/A;N/A;N/A;N/A;N/A;N/A;N/A;N/A;N/A;N/A;N/A;N/A;N/A;N/A;;0;401.6;0;0;;Disabled;TempStop;1;700;405.4;0;0;0;549.9;449.9;Disabled;PosOk;1;0;0;0;0;0;15;Disabled;0;0;0;0;0;0;0;0;0;0;0;0;0;0;0;0;0;0;0;0;0;0;0;0;0;0;0;0;0;0;0;0;0;0;0;0;0;0;0;0;0;0;0;0;0;0;0;0;0;0;0;0;0;0;0;0;0;0;0;0;0;0;0;0;0;0;0;0;0;0;30;31;20;45;30;30;20;45;30;25;20;45;30;25;20;45;200;227;100;300;200;224;100;300;200;0;100;300;200;0;100;300;30;32;20;45;30;30;20;45;30;26;20;45;30;27;20;45;200;242;100;300;200;240;100;300;200;0;100;300;200;0;100;300;4;2;0.4;6;4;5;0.4;6;4;2;0.4;6;4;5;0.4;6;4;2;0.4;6;4;5;0.4;6;4;2;0.4;6;4;6;0.4;6;NOK;NOK;OK;10000;10058;8000;11000;OK;8.69;0;8;12;NOK;N/A;1.95;N/A;N/A;N/A;9;11.7;7;18;OK;;0;0;0;-;Disabled;TempOk;1;230;108.7;0;0;0;349.9;441543200 volvo 589-1;441543200 volvo 589-1;441543200 volvo 589-1
20260331_16:29:12;26237;3;3;940;930.1;910;970;OK;940;941.3;910;970;OK;941.9;941;-20;-19.4;-50;-25;NOK;-20;-19.9;-50;-25;NOK;-20.5;-20.4;0;-20;-19.4;-50;-25;NOK;330;363;330;500;OK;0;0;N/A;N/A;N/A;N/A;N/A;N/A;N/A;N/A;N/A;N/A;N/A;N/A;N/A;N/A;N/A;N/A;N/A;N/A;N/A;N/A;N/A;N/A;N/A;N/A;N/A;N/A;N/A;N/A;N/A;N/A;N/A;N/A;N/A;N/A;N/A;N/A;N/A;N/A;N/A;N/A;N/A;N/A;N/A;N/A;N/A;N/A;N/A;N/A;N/A;N/A;N/A;N/A;N/A;N/A;N/A;N/A;N/A;N/A;N/A;N/A;N/A;N/A;N/A;N/A;N/A;N/A;N/A;N/A;N/A;N/A;N/A;N/A;N/A;N/A;N/A;N/A;N/A;N/A;N/A;N/A;N/A;N/A;N/A;N/A;N/A;N/A;N/A;N/A;N/A;N/A;N/A;N/A;N/A;N/A;N/A;N/A;N/A;N/A;;0;402.5;0;0;;Disabled;TempStop;1;700;406.5;0;0;0;549.9;449.9;Disabled;PosOk;1;0;0;0;0;0;15;Disabled;0;0;0;0;0;0;0;0;0;0;0;0;0;0;0;0;0;0;0;0;0;0;0;0;0;0;0;0;0;0;0;0;0;0;0;0;0;0;0;0;0;0;0;0;0;0;0;0;0;0;0;0;0;0;0;0;0;0;0;0;0;0;0;0;0;0;0;0;0;0;30;32;20;45;30;30;20;45;30;25;20;45;30;25;20;45;200;227;100;300;200;224;100;300;200;0;100;300;200;0;100;300;30;32;20;45;30;30;20;45;30;26;20;45;30;28;20;45;200;242;100;300;200;240;100;300;200;0;100;300;200;0;100;300;4;2;0.4;6;4;5;0.4;6;4;2;0.4;6;4;5;0.4;6;4;2;0.4;6;4;6;0.4;6;4;2;0.4;6;4;6;0.4;6;NOK;NOK;OK;10000;10058;8000;11000;OK;8.69;0;8;12;NOK;N/A;1.95;N/A;N/A;N/A;9;11.7;7;18;OK;;0;0;0;-;Disabled;TempOk;1;230;107.9;0;0;0;349.9;441543200 volvo 589-1;441543200 volvo 589-1;441543200 volvo 589-1
20260331_16:29:47;26239;2;2;940;931.6;910;970;OK;940;940.8;910;970;OK;941;939.5;-15;-19.5;-50;-20;NOK;-15;-19.7;-50;-20;NOK;-19.7;-19.7;0;-15;-19.6;-50;-20;NOK;330;363;330;500;OK;0;0;N/A;N/A;N/A;N/A;N/A;N/A;N/A;N/A;N/A;N/A;N/A;N/A;N/A;N/A;N/A;N/A;N/A;N/A;N/A;N/A;N/A;N/A;N/A;N/A;N/A;N/A;N/A;N/A;N/A;N/A;N/A;N/A;N/A;N/A;N/A;N/A;N/A;N/A;N/A;N/A;N/A;N/A;N/A;N/A;N/A;N/A;N/A;N/A;N/A;N/A;N/A;N/A;N/A;N/A;N/A;N/A;N/A;N/A;N/A;N/A;N/A;N/A;N/A;N/A;N/A;N/A;N/A;N/A;N/A;N/A;N/A;N/A;N/A;N/A;N/A;N/A;N/A;N/A;N/A;N/A;N/A;N/A;N/A;N/A;N/A;N/A;N/A;N/A;N/A;N/A;N/A;N/A;N/A;N/A;N/A;N/A;N/A;N/A;;0;412.9;0;0;;Disabled;TempStop;1;700;416.8;0;0;0;549.9;449.9;Disabled;PosOk;1;0;0;0;0;0;15;Disabled;0;0;0;0;0;0;0;0;0;0;0;0;0;0;0;0;0;0;0;0;0;0;0;0;0;0;0;0;0;0;0;0;0;0;0;0;0;0;0;0;0;0;0;0;0;0;0;0;0;0;0;0;0;0;0;0;0;0;0;0;0;0;0;0;0;0;0;0;0;0;30;32;20;45;30;30;20;45;30;25;20;45;30;25;20;45;200;227;100;300;200;224;100;300;200;0;100;300;200;0;100;300;30;33;20;45;30;30;20;45;30;26;20;45;30;28;20;45;200;243;100;300;200;240;100;300;200;0;100;300;200;0;100;300;4;2;0.4;6;4;5;0.4;6;4;2;0.4;6;4;6;0.4;6;4;2;0.4;6;4;6;0.4;6;4;2;0.4;6;4;6;0.4;6;NOK;NOK;OK;10000;10060;8000;11000;OK;8.69;0;8;12;NOK;N/A;1.95;N/A;N/A;N/A;9;11.6;7;18;OK;;0;0;0;-;Disabled;TempOk;1;230;105.6;0;0;0;349.9;441543200 volvo 589-1;441543200 volvo 589-1;441543200 volvo 589-1
20260331_16:31:15;26241;4;3;940;936.4;910;970;OK;940;945;910;970;OK;946.2;945.6;-15;-20;-50;-5;OK;-15;-18.4;-50;-5;OK;-14;-15.8;0;-15;-20.1;-50;-5;OK;330;362;330;500;OK;242.72;243.11;N/A;N/A;N/A;N/A;N/A;N/A;N/A;N/A;N/A;N/A;N/A;N/A;N/A;N/A;N/A;N/A;N/A;N/A;N/A;N/A;N/A;N/A;N/A;N/A;N/A;N/A;N/A;N/A;N/A;N/A;N/A;N/A;N/A;N/A;N/A;N/A;N/A;N/A;N/A;N/A;N/A;N/A;N/A;N/A;N/A;N/A;N/A;N/A;N/A;N/A;N/A;N/A;N/A;N/A;N/A;N/A;N/A;N/A;N/A;N/A;N/A;N/A;N/A;N/A;N/A;N/A;N/A;N/A;N/A;N/A;N/A;N/A;N/A;N/A;N/A;N/A;N/A;N/A;N/A;N/A;N/A;N/A;N/A;N/A;N/A;N/A;N/A;N/A;N/A;N/A;N/A;N/A;N/A;N/A;N/A;N/A;N/A;N/A;;0;380.2;0;0;;Disabled;TempStop;1;700;384.6;0;0;0;549.9;449.9;Enabled;PosOk;1;0;5;0;0;0;15;Disabled;0;0;0;0;0;0;0;0;0;0;0;0;0;0;0;0;0;0;0;0;0;0;0;0;0;0;0;0;0;0;0;0;0;0;0;0;0;0;0;0;0;0;0;0;0;0;0;0;0;0;0;0;0;0;0;0;0;0;0;0;0;0;0;0;0;0;0;0;0;0;30;30;20;45;30;30;20;45;30;25;20;45;30;25;20;45;200;227;100;300;200;224;100;300;200;0;100;300;200;0;100;300;30;31;20;45;30;29;20;45;30;26;20;45;30;27;20;45;200;243;100;300;200;240;100;300;200;0;100;300;200;0;100;300;4;2;0.4;6;4;5;0.4;6;4;2;0.4;6;4;6;0.4;6;4;2;0.4;6;4;6;0.4;6;4;2;0.4;6;4;6;0.4;6;NOK;NOK;OK;10000;10048;8000;11000;OK;8.68;0;8;12;NOK;N/A;1.95;N/A;N/A;N/A;9;11.7;7;18;OK;;0;0;0;-;Disabled;TempOk;1;230;89;0;0;0;349.9;441543200 volvo 589-1;441543200 volvo 589-1;441543200 volvo 589-1
20260331_16:31:21;26230;3;4;940;938.6;910;970;OK;940;941.3;910;970;OK;942.9;941.9;-20;-23.4;-50;-25;NOK;-20;-16.1;-50;-25;NOK;-22.5;-22.3;0;-20;-23.4;-50;-25;NOK;330;932;330;500;NOK;0;0;;;;;;;;;;;;;;;;;;;;;;;;;;;;;;;;;;;;;;;;;;;;;;;;;;;;;;;;;;;;;;;;;;;;;;;;;;;;;;;;;;;;;;;;;;;;;;;;;;;;;;;;;;;;;;;;;;;;;;;;;;;;;;;;;;;;;;;;;;;;;;;;;;;;;;;;;;;;;;;;;;;;;;;;;;;;;;;;;;;;;;;;;;;;;;;;;;;;;;;;;;;;;;;;;;;;;;;;;;;;;;;;;;;;;;;;;;;;;;;;;;;;;;;;;;;;;;;;;;;;;;;;;;;;;;;;;;;;;;;;;;;;;;;;;;;;;;;;;;;;;;;;;;;;;;;;;;;;;;;;;;;;;;;;441543200 volvo 589-1;;;;
20260331_16:31:56;26229;4;4;940;936.7;910;970;OK;940;948.4;910;970;OK;949.1;948.7;-15;-22.9;-50;-5;OK;-15;-10.9;-50;-5;OK;-14.4;-15.1;0;-15;-23;-50;-5;OK;330;978;330;500;NOK;242.19;243.16;;;;;;;;;;;;;;;;;;;;;;;;;;;;;;;;;;;;;;;;;;;;;;;;;;;;;;;;;;;;;;;;;;;;;;;;;;;;;;;;;;;;;;;;;;;;;;;;;;;;;;;;;;;;;;;;;;;;;;;;;;;;;;;;;;;;;;;;;;;;;;;;;;;;;;;;;;;;;;;;;;;;;;;;;;;;;;;;;;;;;;;;;;;;;;;;;;;;;;;;;;;;;;;;;;;;;;;;;;;;;;;;;;;;;;;;;;;;;;;;;;;;;;;;;;;;;;;;;;;;;;;;;;;;;;;;;;;;;;;;;;;;;;;;;;;;;;;;;;;;;;;;;;;;;;;;;;;;;;;;;;;;;;;;441543200 volvo 589-1;;;;
20260331_16:32:32;26232;1;4;940;933.4;910;970;OK;940;942.2;910;970;OK;942.7;941.6;-20;-17.6;-50;-25;NOK;-20;-21.4;-50;-25;NOK;-20.1;-20.2;0;-20;-17.6;-50;-25;NOK;330;947;330;500;NOK;0;0;;;;;;;;;;;;;;;;;;;;;;;;;;;;;;;;;;;;;;;;;;;;;;;;;;;;;;;;;;;;;;;;;;;;;;;;;;;;;;;;;;;;;;;;;;;;;;;;;;;;;;;;;;;;;;;;;;;;;;;;;;;;;;;;;;;;;;;;;;;;;;;;;;;;;;;;;;;;;;;;;;;;;;;;;;;;;;;;;;;;;;;;;;;;;;;;;;;;;;;;;;;;;;;;;;;;;;;;;;;;;;;;;;;;;;;;;;;;;;;;;;;;;;;;;;;;;;;;;;;;;;;;;;;;;;;;;;;;;;;;;;;;;;;;;;;;;;;;;;;;;;;;;;;;;;;;;;;;;;;;;;;;;;;;441543200 volvo 589-1;;;;
20260331_16:33:36;26243;4;2;940;934.9;910;970;OK;940;943.5;910;970;OK;945;944.3;-15;-13.9;-50;-5;OK;-15;-16;-50;-5;OK;-17.6;-17.3;0;-15;-13.8;-50;-5;OK;330;358;330;500;OK;242.81;243.22;N/A;N/A;N/A;N/A;N/A;N/A;N/A;N/A;N/A;N/A;N/A;N/A;N/A;N/A;N/A;N/A;N/A;N/A;N/A;N/A;N/A;N/A;N/A;N/A;N/A;N/A;N/A;N/A;N/A;N/A;N/A;N/A;N/A;N/A;N/A;N/A;N/A;N/A;N/A;N/A;N/A;N/A;N/A;N/A;N/A;N/A;N/A;N/A;N/A;N/A;N/A;N/A;N/A;N/A;N/A;N/A;N/A;N/A;N/A;N/A;N/A;N/A;N/A;N/A;N/A;N/A;N/A;N/A;N/A;N/A;N/A;N/A;N/A;N/A;N/A;N/A;N/A;N/A;N/A;N/A;N/A;N/A;N/A;N/A;N/A;N/A;N/A;N/A;N/A;N/A;N/A;N/A;N/A;N/A;N/A;N/A;N/A;N/A;;0;379.6;0;0;;Disabled;TempStop;1;700;384.4;0;0;0;549.9;449.9;Enabled;PosOk;1;0;0;0;0;0;15;Disabled;0;0;0;0;0;0;0;0;0;0;0;0;0;0;0;0;0;0;0;0;0;0;0;0;0;0;0;0;0;0;0;0;0;0;0;0;0;0;0;0;0;0;0;0;0;0;0;0;0;0;0;0;0;0;0;0;0;0;0;0;0;0;0;0;0;0;0;0;32;31;30;30;20;45;30;30;20;45;30;25;20;45;30;25;20;45;200;227;100;300;200;224;100;300;200;0;100;300;200;0;100;300;30;31;20;45;30;30;20;45;30;26;20;45;30;28;20;45;200;242;100;300;200;240;100;300;200;0;100;300;200;0;100;300;4;2;0.4;6;4;5;0.4;6;4;2;0.4;6;4;6;0.4;6;4;2;0.4;6;4;6;0.4;6;4;2;0.4;6;4;6;0.4;6;NOK;NOK;OK;10000;10051;8000;11000;OK;8.72;0;8;12;NOK;N/A;1.95;N/A;N/A;N/A;9;11.7;7;18;OK;;0;0;0;-;Disabled;TempOk;1;230;99.5;0;0;0;349.9;441543200 volvo 589-1;441543200 volvo 589-1;441543200 volvo 589-1
20260331_16:34:12;26240;1;3;940;931.9;910;970;OK;940;941.5;910;970;OK;944.3;941.9;-20;-20.7;-50;-25;NOK;-20;-20.9;-50;-25;NOK;-21.1;-20.9;0;-20;-20.7;-50;-25;NOK;330;358;330;500;OK;0;0;N/A;N/A;N/A;N/A;N/A;N/A;N/A;N/A;N/A;N/A;N/A;N/A;N/A;N/A;N/A;N/A;N/A;N/A;N/A;N/A;N/A;N/A;N/A;N/A;N/A;N/A;N/A;N/A;N/A;N/A;N/A;N/A;N/A;N/A;N/A;N/A;N/A;N/A;N/A;N/A;N/A;N/A;N/A;N/A;N/A;N/A;N/A;N/A;N/A;N/A;N/A;N/A;N/A;N/A;N/A;N/A;N/A;N/A;N/A;N/A;N/A;N/A;N/A;N/A;N/A;N/A;N/A;N/A;N/A;N/A;N/A;N/A;N/A;N/A;N/A;N/A;N/A;N/A;N/A;N/A;N/A;N/A;N/A;N/A;N/A;N/A;N/A;N/A;N/A;N/A;N/A;N/A;N/A;N/A;N/A;N/A;N/A;N/A;;0;412.3;0;0;;Disabled;TempStop;1;700;416.6;0;0;0;549.9;449.9;Enabled;PosOk;1;0;0;0;0;0;15;Disabled;0;0;0;0;0;0;0;0;0;0;0;0;0;0;0;0;0;0;0;0;0;0;0;0;0;0;0;0;0;0;0;0;0;0;0;0;0;0;0;0;0;0;0;0;0;0;0;0;0;0;0;0;0;0;0;0;0;0;0;0;0;0;0;0;0;0;0;0;33;42;30;32;20;45;30;30;20;45;30;25;20;45;30;25;20;45;200;227;100;300;200;224;100;300;200;0;100;300;200;0;100;300;30;32;20;45;30;30;20;45;30;26;20;45;30;28;20;45;200;242;100;300;200;241;100;300;200;0;100;300;200;0;100;300;4;2;0.4;6;4;5;0.4;6;4;2;0.4;6;4;5;0.4;6;4;2;0.4;6;4;6;0.4;6;4;2;0.4;6;4;5;0.4;6;NOK;NOK;OK;10000;10038;8000;11000;OK;8.68;0;8;12;NOK;N/A;1.95;N/A;N/A;N/A;9;10.9;7;18;OK;;0;0;0;-;Disabled;TempOk;1;230;108.3;0;0;0;349.9;441543200 volvo 589-1;441543200 volvo 589-1;441543200 volvo 589-1
20260331_16:34:47;26244;2;4;940;931.6;910;970;OK;940;940.2;910;970;OK;939.5;939.7;-15;-22.9;-50;-20;OK;-15;-21.4;-50;-20;OK;-21.3;-21.3;0;-15;-23;-50;-20;OK;330;358;330;500;OK;0;0;N/A;N/A;N/A;N/A;N/A;N/A;N/A;N/A;N/A;N/A;N/A;N/A;N/A;N/A;N/A;N/A;N/A;N/A;N/A;N/A;N/A;N/A;N/A;N/A;N/A;N/A;N/A;N/A;N/A;N/A;N/A;N/A;N/A;N/A;N/A;N/A;N/A;N/A;N/A;N/A;N/A;N/A;N/A;N/A;N/A;N/A;N/A;N/A;N/A;N/A;N/A;N/A;N/A;N/A;N/A;N/A;N/A;N/A;N/A;N/A;N/A;N/A;N/A;N/A;N/A;N/A;N/A;N/A;N/A;N/A;N/A;N/A;N/A;N/A;N/A;N/A;N/A;N/A;N/A;N/A;N/A;N/A;N/A;N/A;N/A;N/A;N/A;N/A;N/A;N/A;N/A;N/A;N/A;N/A;N/A;N/A;N/A;N/A;;0;405.5;0;0;;Disabled;TempStop;1;700;409.6;0;0;0;549.9;449.9;Enabled;PosOk;1;0;0;0;0;0;15;Disabled;0;0;0;0;0;0;0;0;0;0;0;0;0;0;0;0;0;0;0;0;0;0;0;0;0;0;0;0;0;0;0;0;0;0;0;0;0;0;0;0;0;0;0;0;0;0;0;0;0;0;0;0;0;0;0;0;0;0;0;0;0;0;0;0;0;0;0;0;0;0;30;32;20;45;30;30;20;45;30;25;20;45;30;25;20;45;200;227;100;300;200;224;100;300;200;0;100;300;200;0;100;300;30;32;20;45;30;30;20;45;30;26;20;45;30;28;20;45;200;243;100;300;200;241;100;300;200;0;100;300;200;0;100;300;4;2;0.4;6;4;5;0.4;6;4;2;0.4;6;4;5;0.4;6;4;2;0.4;6;4;6;0.4;6;4;2;0.4;6;4;6;0.4;6;NOK;NOK;OK;10000;10048;8000;11000;OK;8.68;0;8;12;NOK;N/A;1.95;N/A;N/A;N/A;9;11.6;7;18;OK;;0;0;0;-;Disabled;TempOk;1;230;107.3;0;0;0;349.9;441543200 volvo 589-1;441543200 volvo 589-1;441543200 volvo 589-1
20260331_16:35:06;26245;3;3;940;930.7;910;970;OK;940;940.8;910;970;OK;940;940.2;-20;-19.8;-50;-25;NOK;-20;-19.8;-50;-25;NOK;-19.6;-19.5;0;-20;-19.8;-50;-25;NOK;330;358;330;500;OK;0;0;N/A;N/A;N/A;N/A;N/A;N/A;N/A;N/A;N/A;N/A;N/A;N/A;N/A;N/A;N/A;N/A;N/A;N/A;N/A;N/A;N/A;N/A;N/A;N/A;N/A;N/A;N/A;N/A;N/A;N/A;N/A;N/A;N/A;N/A;N/A;N/A;N/A;N/A;N/A;N/A;N/A;N/A;N/A;N/A;N/A;N/A;N/A;N/A;N/A;N/A;N/A;N/A;N/A;N/A;N/A;N/A;N/A;N/A;N/A;N/A;N/A;N/A;N/A;N/A;N/A;N/A;N/A;N/A;N/A;N/A;N/A;N/A;N/A;N/A;N/A;N/A;N/A;N/A;N/A;N/A;N/A;N/A;N/A;N/A;N/A;N/A;N/A;N/A;N/A;N/A;N/A;N/A;N/A;N/A;N/A;N/A;N/A;N/A;;0;399.8;0;0;;Disabled;TempStop;1;700;403.8;0;0;0;549.9;449.9;Enabled;PosNotOk;1;0;64;0;0;0;15;Disabled;0;0;0;0;0;0;0;0;0;0;0;0;0;0;0;0;0;0;0;0;0;0;0;0;0;0;0;0;0;0;0;0;0;0;0;0;0;0;0;0;0;0;0;0;0;0;0;0;0;0;0;0;0;0;0;0;0;0;0;0;0;0;0;0;0;0;0;0;0;0;;;;;;;;;;;;;;;;;;;;;;;;;;;;;;;;;;;;;;;;;;;;;;;;;;;;;;;;;;;;;;;;;;;;;;;;;;;;;;;;;;;;;;;;;;;;;;;;;;;;;;;;;;;;;;;;;;;;;;;;;;;;;;;;;;;;;;441543200 volvo 589-1;441543200 volvo 589-1;;
20260331_16:37:57;26246;2;2;940;931.7;910;970;OK;940;940.8;910;970;OK;941;939;-15;-19.7;-50;-20;NOK;-15;-19.6;-50;-20;NOK;-19;-19.1;0;-15;-19.8;-50;-20;NOK;330;478;330;500;OK;0;0;N/A;N/A;N/A;N/A;N/A;N/A;N/A;N/A;N/A;N/A;N/A;N/A;N/A;N/A;N/A;N/A;N/A;N/A;N/A;N/A;N/A;N/A;N/A;N/A;N/A;N/A;N/A;N/A;N/A;N/A;N/A;N/A;N/A;N/A;N/A;N/A;N/A;N/A;N/A;N/A;N/A;N/A;N/A;N/A;N/A;N/A;N/A;N/A;N/A;N/A;N/A;N/A;N/A;N/A;N/A;N/A;N/A;N/A;N/A;N/A;N/A;N/A;N/A;N/A;N/A;N/A;N/A;N/A;N/A;N/A;N/A;N/A;N/A;N/A;N/A;N/A;N/A;N/A;N/A;N/A;N/A;N/A;N/A;N/A;N/A;N/A;N/A;N/A;N/A;N/A;N/A;N/A;N/A;N/A;N/A;N/A;N/A;N/A;;0;383.1;0;0;;Disabled;TempStop;1;700;387.4;0;0;0;549.9;449.9;Enabled;PosOk;1;0;0;0;0;0;15;Disabled;0;0;0;0;0;0;0;0;0;0;0;0;0;0;0;0;0;0;0;0;0;0;0;0;0;0;0;0;0;0;0;0;0;0;0;0;0;0;0;0;0;0;0;0;0;0;0;0;0;0;0;0;0;0;0;0;0;0;0;0;0;0;0;0;0;0;0;0;0;0;30;30;20;45;30;30;20;45;30;25;20;45;30;25;20;45;200;227;100;300;200;224;100;300;200;0;100;300;200;0;100;300;30;31;20;45;30;30;20;45;30;25;20;45;30;28;20;45;200;242;100;300;200;240;100;300;200;0;100;300;200;0;100;300;4;2;0.4;6;4;5;0.4;6;4;2;0.4;6;4;5;0.4;6;4;2;0.4;6;4;5;0.4;6;4;2;0.4;6;4;6;0.4;6;NOK;NOK;OK;10000;10056;8000;11000;OK;8.69;0;8;12;NOK;N/A;1.95;N/A;N/A;N/A;9;11.6;7;18;OK;;0;0;0;-;Disabled;TempOk;1;230;99.6;0;0;0;349.9;441543200 volvo 589-1;441543200 volvo 589-1;441543200 volvo 589-1
20260331_16:38:33;26247;3;4;940;933.6;910;970;OK;940;941.5;910;970;OK;945.2;942.3;-20;-16.5;-50;-25;NOK;-20;-16.5;-50;-25;NOK;-20.3;-16.5;0;-20;-16.6;-50;-25;NOK;330;390;330;500;OK;0;0;N/A;N/A;N/A;N/A;N/A;N/A;N/A;N/A;N/A;N/A;N/A;N/A;N/A;N/A;N/A;N/A;N/A;N/A;N/A;N/A;N/A;N/A;N/A;N/A;N/A;N/A;N/A;N/A;N/A;N/A;N/A;N/A;N/A;N/A;N/A;N/A;N/A;N/A;N/A;N/A;N/A;N/A;N/A;N/A;N/A;N/A;N/A;N/A;N/A;N/A;N/A;N/A;N/A;N/A;N/A;N/A;N/A;N/A;N/A;N/A;N/A;N/A;N/A;N/A;N/A;N/A;N/A;N/A;N/A;N/A;N/A;N/A;N/A;N/A;N/A;N/A;N/A;N/A;N/A;N/A;N/A;N/A;N/A;N/A;N/A;N/A;N/A;N/A;N/A;N/A;N/A;N/A;N/A;N/A;N/A;N/A;N/A;N/A;;0;414.3;0;0;;Disabled;TempStop;1;700;418.1;0;0;0;549.9;449.9;Enabled;PosOk;1;0;0;0;0;0;15;Disabled;0;0;0;0;0;0;0;0;0;0;0;0;0;0;0;0;0;0;0;0;0;0;0;0;0;0;0;0;0;0;0;0;0;0;0;0;0;0;0;0;0;0;0;0;0;0;0;0;0;0;0;0;0;0;0;0;0;0;0;0;0;0;0;0;0;0;0;0;0;0;30;31;20;45;30;29;20;45;30;25;20;45;30;25;20;45;200;227;100;300;200;224;100;300;200;0;100;300;200;0;100;300;30;32;20;45;30;29;20;45;30;26;20;45;30;28;20;45;200;242;100;300;200;240;100;300;200;0;100;300;200;0;100;300;4;2;0.4;6;4;5;0.4;6;4;2;0.4;6;4;5;0.4;6;4;2;0.4;6;4;5;0.4;6;4;2;0.4;6;4;5;0.4;6;NOK;NOK;OK;10000;10061;8000;11000;OK;8.69;0;8;12;NOK;N/A;1.95;N/A;N/A;N/A;9;11.6;7;18;OK;;0;0;0;-;Disabled;TempOk;1;230;103.7;0;0;0;349.9;441543200 volvo 589-1;441543200 volvo 589-1;441543200 volvo 589-1
20260331_16:39:08;26248;4;3;940;937.2;910;970;OK;940;946.6;910;970;OK;947.3;946.8;-15;-18.7;-50;-5;OK;-15;-17.9;-50;-5;OK;-13.1;-14.6;0;-15;-18.8;-50;-5;OK;330;461;330;500;OK;243.12;243.63;N/A;N/A;N/A;N/A;N/A;N/A;N/A;N/A;N/A;N/A;N/A;N/A;N/A;N/A;N/A;N/A;N/A;N/A;N/A;N/A;N/A;N/A;N/A;N/A;N/A;N/A;N/A;N/A;N/A;N/A;N/A;N/A;N/A;N/A;N/A;N/A;N/A;N/A;N/A;N/A;N/A;N/A;N/A;N/A;N/A;N/A;N/A;N/A;N/A;N/A;N/A;N/A;N/A;N/A;N/A;N/A;N/A;N/A;N/A;N/A;N/A;N/A;N/A;N/A;N/A;N/A;N/A;N/A;N/A;N/A;N/A;N/A;N/A;N/A;N/A;N/A;N/A;N/A;N/A;N/A;N/A;N/A;N/A;N/A;N/A;N/A;N/A;N/A;N/A;N/A;N/A;N/A;N/A;N/A;N/A;N/A;N/A;N/A;;0;412.3;0;0;;Disabled;TempStop;1;700;416.2;0;0;0;549.9;449.9;Enabled;PosOk;1;0;0;0;0;0;15;Disabled;0;0;0;0;0;0;0;0;0;0;0;0;0;0;0;0;0;0;0;0;0;0;0;0;0;0;0;0;0;0;0;0;0;0;0;0;0;0;0;0;0;0;0;0;0;0;0;0;0;0;0;0;0;0;0;0;0;0;0;0;0;0;0;0;0;0;0;0;0;0;30;32;20;45;30;30;20;45;30;25;20;45;30;25;20;45;200;227;100;300;200;224;100;300;200;0;100;300;200;0;100;300;30;32;20;45;30;30;20;45;30;26;20;45;30;27;20;45;200;242;100;300;200;240;100;300;200;0;100;300;200;0;100;300;4;2;0.4;6;4;5;0.4;6;4;2;0.4;6;4;5;0.4;6;4;2;0.4;6;4;6;0.4;6;4;2;0.4;6;4;6;0.4;6;NOK;NOK;OK;10000;10046;8000;11000;OK;8.68;0;8;12;NOK;N/A;1.95;N/A;N/A;N/A;9;11.7;7;18;OK;;0;0;0;-;Disabled;TempOk;1;230;105.3;0;0;0;349.9;441543200 volvo 589-1;441543200 volvo 589-1;441543200 volvo 589-1
20260331_16:39:43;26251;1;4;940;933.2;910;970;OK;940;941;910;970;OK;941;941.1;-20;-21.5;-50;-25;NOK;-20;-20.4;-50;-25;NOK;-16.9;-17.9;0;-20;-21.5;-50;-25;NOK;330;390;330;500;OK;0;0;N/A;N/A;N/A;N/A;N/A;N/A;N/A;N/A;N/A;N/A;N/A;N/A;N/A;N/A;N/A;N/A;N/A;N/A;N/A;N/A;N/A;N/A;N/A;N/A;N/A;N/A;N/A;N/A;N/A;N/A;N/A;N/A;N/A;N/A;N/A;N/A;N/A;N/A;N/A;N/A;N/A;N/A;N/A;N/A;N/A;N/A;N/A;N/A;N/A;N/A;N/A;N/A;N/A;N/A;N/A;N/A;N/A;N/A;N/A;N/A;N/A;N/A;N/A;N/A;N/A;N/A;N/A;N/A;N/A;N/A;N/A;N/A;N/A;N/A;N/A;N/A;N/A;N/A;N/A;N/A;N/A;N/A;N/A;N/A;N/A;N/A;N/A;N/A;N/A;N/A;N/A;N/A;N/A;N/A;N/A;N/A;N/A;N/A;;0;409.9;0;0;;Disabled;TempStop;1;700;413.9;0;0;0;549.9;449.9;Enabled;PosOk;1;0;0;0;0;0;15;Disabled;0;0;0;0;0;0;0;0;0;0;0;0;0;0;0;0;0;0;0;0;0;0;0;0;0;0;0;0;0;0;0;0;0;0;0;0;0;0;0;0;0;0;0;0;0;0;0;0;0;0;0;0;0;0;0;0;0;0;0;0;0;0;0;0;0;0;0;0;39;14;30;32;20;45;30;30;20;45;30;25;20;45;30;25;20;45;200;227;100;300;200;224;100;300;200;0;100;300;200;0;100;300;30;32;20;45;30;30;20;45;30;26;20;45;30;28;20;45;200;242;100;300;200;240;100;300;200;0;100;300;200;0;100;300;4;2;0.4;6;4;5;0.4;6;4;2;0.4;6;4;5;0.4;6;4;2;0.4;6;4;6;0.4;6;4;2;0.4;6;4;5;0.4;6;NOK;NOK;OK;10000;10039;8000;11000;OK;8.68;0;8;12;NOK;N/A;1.95;N/A;N/A;N/A;9;10.9;7;18;OK;;0;0;0;-;Disabled;TempOk;1;230;111.1;0;0;0;349.9;441543200 volvo 589-1;441543200 volvo 589-1;441543200 volvo 589-1
20260331_16:40:19;26250;4;4;940;925.1;910;970;OK;940;949;910;970;OK;949;948.7;-15;-9.7;-50;-5;OK;-15;-9.7;-50;-5;OK;-15.4;-16;0;-15;-9.5;-50;-5;OK;330;461;330;500;OK;243.18;243.7;N/A;N/A;N/A;N/A;N/A;N/A;N/A;N/A;N/A;N/A;N/A;N/A;N/A;N/A;N/A;N/A;N/A;N/A;N/A;N/A;N/A;N/A;N/A;N/A;N/A;N/A;N/A;N/A;N/A;N/A;N/A;N/A;N/A;N/A;N/A;N/A;N/A;N/A;N/A;N/A;N/A;N/A;N/A;N/A;N/A;N/A;N/A;N/A;N/A;N/A;N/A;N/A;N/A;N/A;N/A;N/A;N/A;N/A;N/A;N/A;N/A;N/A;N/A;N/A;N/A;N/A;N/A;N/A;N/A;N/A;N/A;N/A;N/A;N/A;N/A;N/A;N/A;N/A;N/A;N/A;N/A;N/A;N/A;N/A;N/A;N/A;N/A;N/A;N/A;N/A;N/A;N/A;N/A;N/A;N/A;N/A;N/A;N/A;;0;425.1;0;0;;Disabled;TempStop;1;700;429.3;0;0;0;549.9;449.9;Enabled;PosOk;1;0;0.4;0;0;0;15;Disabled;0;0;0;0;0;0;0;0;0;0;0;0;0;0;0;0;0;0;0;0;0;0;0;0;0;0;0;0;0;0;0;0;0;0;0;0;0;0;0;0;0;0;0;0;0;0;0;0;0;0;0;0;0;0;0;0;0;0;0;0;0;0;0;0;0;0;0;0;0;0;30;32;20;45;30;30;20;45;30;25;20;45;30;25;20;45;200;227;100;300;200;224;100;300;200;0;100;300;200;0;100;300;30;33;20;45;30;30;20;45;30;26;20;45;30;28;20;45;200;243;100;300;200;240;100;300;200;0;100;300;200;0;100;300;4;2;0.4;6;4;5;0.4;6;4;2;0.4;6;4;5;0.4;6;4;2;0.4;6;4;5;0.4;6;4;2;0.4;6;4;5;0.4;6;NOK;NOK;OK;10000;10046;8000;11000;OK;8.69;0;8;12;NOK;N/A;1.95;N/A;N/A;N/A;9;11.7;7;18;OK;;0;0;0;-;Disabled;TempOk;1;230;105.3;0;0;0;349.9;441543200 volvo 589-1;441543200 volvo 589-1;441543200 volvo 589-1
20260331_16:41:29;26252;4;2;940;936;910;970;OK;940;943.9;910;970;OK;945.8;945.2;-15;-15.8;-50;-5;OK;-15;-14.2;-50;-5;OK;-15.7;-15.5;0;-15;-15.7;-50;-5;OK;330;461;330;500;OK;243.23;243.77;N/A;N/A;N/A;N/A;N/A;N/A;N/A;N/A;N/A;N/A;N/A;N/A;N/A;N/A;N/A;N/A;N/A;N/A;N/A;N/A;N/A;N/A;N/A;N/A;N/A;N/A;N/A;N/A;N/A;N/A;N/A;N/A;N/A;N/A;N/A;N/A;N/A;N/A;N/A;N/A;N/A;N/A;N/A;N/A;N/A;N/A;N/A;N/A;N/A;N/A;N/A;N/A;N/A;N/A;N/A;N/A;N/A;N/A;N/A;N/A;N/A;N/A;N/A;N/A;N/A;N/A;N/A;N/A;N/A;N/A;N/A;N/A;N/A;N/A;N/A;N/A;N/A;N/A;N/A;N/A;N/A;N/A;N/A;N/A;N/A;N/A;N/A;N/A;N/A;N/A;N/A;N/A;N/A;N/A;N/A;N/A;N/A;N/A;;0;409.5;0;0;;Disabled;TempStop;1;700;413.3;0;0;0;549.9;449.9;Enabled;PosOk;1;0;4.6;0;0;0;15;Disabled;0;0;0;0;0;0;0;0;0;0;0;0;0;0;0;0;0;0;0;0;0;0;0;0;0;0;0;0;0;0;0;0;0;0;0;0;0;0;0;0;0;0;0;0;0;0;0;0;0;0;0;0;0;0;0;0;0;0;0;0;0;0;0;0;0;0;0;0;40;25;30;33;20;45;30;30;20;45;30;25;20;45;30;25;20;45;200;227;100;300;200;224;100;300;200;0;100;300;200;0;100;300;30;33;20;45;30;30;20;45;30;26;20;45;30;28;20;45;200;244;100;300;200;241;100;300;200;0;100;300;200;0;100;300;4;2;0.4;6;4;5;0.4;6;4;2;0.4;6;4;5;0.4;6;4;2;0.4;6;4;6;0.4;6;4;2;0.4;6;4;5;0.4;6;NOK;NOK;OK;10000;10034;8000;11000;OK;8.68;0;8;12;NOK;N/A;1.95;N/A;N/A;N/A;9;11.7;7;18;OK;;0;0;0;-;Disabled;TempOk;1;230;110.1;0;0;0;349.9;441543200 volvo 589-1;441543200 volvo 589-1;441543200 volvo 589-1
20260331_16:42:05;26255;3;3;940;931.4;910;970;OK;940;941;910;970;OK;941.1;940.7;-20;-20;-50;-25;NOK;-20;-19.9;-50;-25;NOK;-19.4;-19.3;0;-20;-20;-50;-25;NOK;330;390;330;500;OK;0;0;N/A;N/A;N/A;N/A;N/A;N/A;N/A;N/A;N/A;N/A;N/A;N/A;N/A;N/A;N/A;N/A;N/A;N/A;N/A;N/A;N/A;N/A;N/A;N/A;N/A;N/A;N/A;N/A;N/A;N/A;N/A;N/A;N/A;N/A;N/A;N/A;N/A;N/A;N/A;N/A;N/A;N/A;N/A;N/A;N/A;N/A;N/A;N/A;N/A;N/A;N/A;N/A;N/A;N/A;N/A;N/A;N/A;N/A;N/A;N/A;N/A;N/A;N/A;N/A;N/A;N/A;N/A;N/A;N/A;N/A;N/A;N/A;N/A;N/A;N/A;N/A;N/A;N/A;N/A;N/A;N/A;N/A;N/A;N/A;N/A;N/A;N/A;N/A;N/A;N/A;N/A;N/A;N/A;N/A;N/A;N/A;N/A;N/A;;0;414.2;0;0;;Disabled;TempStop;1;700;418.1;0;0;0;549.9;449.9;Enabled;PosOk;1;0;0;0;0;0;15;Disabled;0;0;0;0;0;0;0;0;0;0;0;0;0;0;0;0;0;0;0;0;0;0;0;0;0;0;0;0;0;0;0;0;0;0;0;0;0;0;0;0;0;0;0;0;0;0;0;0;0;0;0;0;0;0;0;0;0;0;0;0;0;0;0;0;0;0;0;0;0;0;30;32;20;45;30;29;20;45;30;25;20;45;30;25;20;45;200;228;100;300;200;224;100;300;200;0;100;300;200;0;100;300;30;32;20;45;30;29;20;45;30;26;20;45;30;28;20;45;200;242;100;300;200;240;100;300;200;0;100;300;200;0;100;300;4;2;0.4;6;4;5;0.4;6;4;2;0.4;6;4;5;0.4;6;4;2;0.4;6;4;5;0.4;6;4;2;0.4;6;4;6;0.4;6;NOK;NOK;OK;10000;10047;8000;11000;OK;8.68;0;8;12;NOK;N/A;1.95;N/A;N/A;N/A;9;11.7;7;18;OK;;0;0;0;-;Disabled;TempOk;1;230;109.4;0;0;0;349.9;441543200 volvo 589-1;441543200 volvo 589-1;441543200 volvo 589-1
20260331_16:42:40;26254;2;4;940;931.5;910;970;OK;940;940.6;910;970;OK;940.2;940.2;-15;-21.5;-50;-20;OK;-15;-22.3;-50;-20;OK;-20.8;-21.1;0;-15;-21.5;-50;-20;OK;330;461;330;500;OK;0;0;N/A;N/A;N/A;N/A;N/A;N/A;N/A;N/A;N/A;N/A;N/A;N/A;N/A;N/A;N/A;N/A;N/A;N/A;N/A;N/A;N/A;N/A;N/A;N/A;N/A;N/A;N/A;N/A;N/A;N/A;N/A;N/A;N/A;N/A;N/A;N/A;N/A;N/A;N/A;N/A;N/A;N/A;N/A;N/A;N/A;N/A;N/A;N/A;N/A;N/A;N/A;N/A;N/A;N/A;N/A;N/A;N/A;N/A;N/A;N/A;N/A;N/A;N/A;N/A;N/A;N/A;N/A;N/A;N/A;N/A;N/A;N/A;N/A;N/A;N/A;N/A;N/A;N/A;N/A;N/A;N/A;N/A;N/A;N/A;N/A;N/A;N/A;N/A;N/A;N/A;N/A;N/A;N/A;N/A;N/A;N/A;N/A;N/A;;0;414.4;0;0;;Disabled;TempStop;1;700;418.1;0;0;0;549.9;449.9;Enabled;PosOk;1;0;0;0;0;0;15;Disabled;0;0;0;0;0;0;0;0;0;0;0;0;0;0;0;0;0;0;0;0;0;0;0;0;0;0;0;0;0;0;0;0;0;0;0;0;0;0;0;0;0;0;0;0;0;0;0;0;0;0;0;0;0;0;0;0;0;0;0;0;0;0;0;0;0;0;0;0;0;0;30;32;20;45;30;29;20;45;30;25;20;45;30;25;20;45;200;228;100;300;200;224;100;300;200;0;100;300;200;0;100;300;30;32;20;45;30;29;20;45;30;26;20;45;30;27;20;45;200;242;100;300;200;240;100;300;200;0;100;300;200;0;100;300;4;2;0.4;6;4;5;0.4;6;4;2;0.4;6;4;5;0.4;6;4;2;0.4;6;4;6;0.4;6;4;2;0.4;6;4;6;0.4;6;NOK;NOK;OK;10000;10039;8000;11000;OK;8.68;0;8;12;NOK;N/A;1.95;N/A;N/A;N/A;9;11.6;7;18;OK;;0;0;0;-;Disabled;TempOk;1;230;106;0;0;0;349.9;441543200 volvo 589-1;441543200 volvo 589-1;441543200 volvo 589-1
20260331_16:42:46;26233;3;5;940;938.9;910;970;OK;940;942.5;910;970;OK;947.8;945.8;-20;-21.2;-50;-25;NOK;-20;-21.3;-50;-25;NOK;-21.9;-22;0;-20;-20.8;-50;-25;NOK;330;1544;330;500;NOK;0;0;;;;;;;;;;;;;;;;;;;;;;;;;;;;;;;;;;;;;;;;;;;;;;;;;;;;;;;;;;;;;;;;;;;;;;;;;;;;;;;;;;;;;;;;;;;;;;;;;;;;;;;;;;;;;;;;;;;;;;;;;;;;;;;;;;;;;;;;;;;;;;;;;;;;;;;;;;;;;;;;;;;;;;;;;;;;;;;;;;;;;;;;;;;;;;;;;;;;;;;;;;;;;;;;;;;;;;;;;;;;;;;;;;;;;;;;;;;;;;;;;;;;;;;;;;;;;;;;;;;;;;;;;;;;;;;;;;;;;;;;;;;;;;;;;;;;;;;;;;;;;;;;;;;;;;;;;;;;;;;;;;;;;;;;441543200 volvo 589-1;;;;
20260331_16:43:51;26256;2;2;940;932.5;910;970;OK;940;941;910;970;OK;941.1;939.9;-15;-19.7;-50;-20;NOK;-15;-18.7;-50;-20;NOK;-18.7;-18.7;0;-15;-19.8;-50;-20;NOK;330;341;330;500;OK;0;0;N/A;N/A;N/A;N/A;N/A;N/A;N/A;N/A;N/A;N/A;N/A;N/A;N/A;N/A;N/A;N/A;N/A;N/A;N/A;N/A;N/A;N/A;N/A;N/A;N/A;N/A;N/A;N/A;N/A;N/A;N/A;N/A;N/A;N/A;N/A;N/A;N/A;N/A;N/A;N/A;N/A;N/A;N/A;N/A;N/A;N/A;N/A;N/A;N/A;N/A;N/A;N/A;N/A;N/A;N/A;N/A;N/A;N/A;N/A;N/A;N/A;N/A;N/A;N/A;N/A;N/A;N/A;N/A;N/A;N/A;N/A;N/A;N/A;N/A;N/A;N/A;N/A;N/A;N/A;N/A;N/A;N/A;N/A;N/A;N/A;N/A;N/A;N/A;N/A;N/A;N/A;N/A;N/A;N/A;N/A;N/A;N/A;N/A;;0;386.3;0;0;;Disabled;TempStop;1;700;390.6;0;0;0;549.9;449.9;Enabled;PosOk;1;0;0.7;0;0;0;15;Disabled;0;0;0;0;0;0;0;0;0;0;0;0;0;0;0;0;0;0;0;0;0;0;0;0;0;0;0;0;0;0;0;0;0;0;0;0;0;0;0;0;0;0;0;0;0;0;0;0;0;0;0;0;0;0;0;0;0;0;0;0;0;0;0;0;0;0;0;0;0;0;30;31;20;45;30;30;20;45;30;25;20;45;30;25;20;45;200;227;100;300;200;225;100;300;200;0;100;300;200;0;100;300;30;31;20;45;30;30;20;45;30;26;20;45;30;28;20;45;200;242;100;300;200;241;100;300;200;0;100;300;200;0;100;300;4;2;0.4;6;4;5;0.4;6;4;2;0.4;6;4;6;0.4;6;4;2;0.4;6;4;5;0.4;6;4;2;0.4;6;4;6;0.4;6;NOK;NOK;OK;10000;10042;8000;11000;OK;8.68;0;8;12;NOK;N/A;1.95;N/A;N/A;N/A;9;11.6;7;18;OK;;0;0;0;-;Disabled;TempOk;1;230;98;0;0;0;349.9;441543200 volvo 589-1;441543200 volvo 589-1;441543200 volvo 589-1
20260331_16:44:10;26257;3;4;940;932.9;910;970;OK;940;942.4;910;970;OK;946;943.3;-20;-16.9;-50;-25;NOK;-20;-14.7;-50;-25;NOK;-20.3;-16.5;0;-20;-17;-50;-25;NOK;330;341;330;500;OK;0;0;N/A;N/A;N/A;N/A;N/A;N/A;N/A;N/A;N/A;N/A;N/A;N/A;N/A;N/A;N/A;N/A;N/A;N/A;N/A;N/A;N/A;N/A;N/A;N/A;N/A;N/A;N/A;N/A;N/A;N/A;N/A;N/A;N/A;N/A;N/A;N/A;N/A;N/A;N/A;N/A;N/A;N/A;N/A;N/A;N/A;N/A;N/A;N/A;N/A;N/A;N/A;N/A;N/A;N/A;N/A;N/A;N/A;N/A;N/A;N/A;N/A;N/A;N/A;N/A;N/A;N/A;N/A;N/A;N/A;N/A;N/A;N/A;N/A;N/A;N/A;N/A;N/A;N/A;N/A;N/A;N/A;N/A;N/A;N/A;N/A;N/A;N/A;N/A;N/A;N/A;N/A;N/A;N/A;N/A;N/A;N/A;N/A;N/A;;0;405.1;0;0;;Disabled;TempStop;1;700;409.4;0;0;0;549.9;449.9;Enabled;PosNotOk;1;0;100;0;0;0;15;Disabled;0;0;0;0;0;0;0;0;0;0;0;0;0;0;0;0;0;0;0;0;0;0;0;0;0;0;0;0;0;0;0;0;0;0;0;0;0;0;0;0;0;0;0;0;0;0;0;0;0;0;0;0;0;0;0;0;0;0;0;0;0;0;0;0;0;0;0;0;0;0;;;;;;;;;;;;;;;;;;;;;;;;;;;;;;;;;;;;;;;;;;;;;;;;;;;;;;;;;;;;;;;;;;;;;;;;;;;;;;;;;;;;;;;;;;;;;;;;;;;;;;;;;;;;;;;;;;;;;;;;;;;;;;;;;;;;;;441543200 volvo 589-1;441543200 volvo 589-1;;
20260331_16:46:59;26258;4;3;940;939.4;910;970;OK;940;948.9;910;970;OK;949.1;948.9;-15;-18;-50;-5;OK;-15;-18.3;-50;-5;OK;-13.2;-14.9;0;-15;-18;-50;-5;OK;330;459;330;500;OK;243.65;244.18;N/A;N/A;N/A;N/A;N/A;N/A;N/A;N/A;N/A;N/A;N/A;N/A;N/A;N/A;N/A;N/A;N/A;N/A;N/A;N/A;N/A;N/A;N/A;N/A;N/A;N/A;N/A;N/A;N/A;N/A;N/A;N/A;N/A;N/A;N/A;N/A;N/A;N/A;N/A;N/A;N/A;N/A;N/A;N/A;N/A;N/A;N/A;N/A;N/A;N/A;N/A;N/A;N/A;N/A;N/A;N/A;N/A;N/A;N/A;N/A;N/A;N/A;N/A;N/A;N/A;N/A;N/A;N/A;N/A;N/A;N/A;N/A;N/A;N/A;N/A;N/A;N/A;N/A;N/A;N/A;N/A;N/A;N/A;N/A;N/A;N/A;N/A;N/A;N/A;N/A;N/A;N/A;N/A;N/A;N/A;N/A;N/A;N/A;;0;380.1;0;0;;Disabled;TempStop;1;700;384.5;0;0;0;549.9;449.9;Enabled;PosOk;1;0;0;0;0;0;15;Disabled;0;0;0;0;0;0;0;0;0;0;0;0;0;0;0;0;0;0;0;0;0;0;0;0;0;0;0;0;0;0;0;0;0;0;0;0;0;0;0;0;0;0;0;0;0;0;0;0;0;0;0;0;0;0;0;0;0;0;0;0;0;0;0;0;0;0;0;0;0;0;30;30;20;45;30;30;20;45;30;25;20;45;30;25;20;45;200;227;100;300;200;224;100;300;200;0;100;300;200;0;100;300;30;31;20;45;30;30;20;45;30;26;20;45;30;28;20;45;200;242;100;300;200;240;100;300;200;0;100;300;200;0;100;300;4;2;0.4;6;4;5;0.4;6;4;2;0.4;6;4;5;0.4;6;4;2;0.4;6;4;5;0.4;6;4;2;0.4;6;4;6;0.4;6;NOK;NOK;OK;10000;10038;8000;11000;OK;8.69;0;8;12;NOK;N/A;1.95;N/A;N/A;N/A;9;11.6;7;18;OK;;0;0;0;-;Disabled;TempOk;1;230;90.5;0;0;0;349.9;441543200 volvo 589-1;441543200 volvo 589-1;441543200 volvo 589-1
20260331_16:47:18;26259;1;4;940;935.1;910;970;OK;940;943;910;970;OK;941.3;941.2;-20;-20.6;-50;-25;NOK;-20;-20.8;-50;-25;NOK;-16.7;-17.6;0;-20;-20.6;-50;-25;NOK;330;459;330;500;OK;0;0;N/A;N/A;N/A;N/A;N/A;N/A;N/A;N/A;N/A;N/A;N/A;N/A;N/A;N/A;N/A;N/A;N/A;N/A;N/A;N/A;N/A;N/A;N/A;N/A;N/A;N/A;N/A;N/A;N/A;N/A;N/A;N/A;N/A;N/A;N/A;N/A;N/A;N/A;N/A;N/A;N/A;N/A;N/A;N/A;N/A;N/A;N/A;N/A;N/A;N/A;N/A;N/A;N/A;N/A;N/A;N/A;N/A;N/A;N/A;N/A;N/A;N/A;N/A;N/A;N/A;N/A;N/A;N/A;N/A;N/A;N/A;N/A;N/A;N/A;N/A;N/A;N/A;N/A;N/A;N/A;N/A;N/A;N/A;N/A;N/A;N/A;N/A;N/A;N/A;N/A;N/A;N/A;N/A;N/A;N/A;N/A;N/A;N/A;;0;422;0;0;;Disabled;TempStop;1;700;425.8;0;0;0;549.9;449.9;Enabled;PosNotOk;1;0;100;0;0;0;15;Disabled;0;0;0;0;0;0;0;0;0;0;0;0;0;0;0;0;0;0;0;0;0;0;0;0;0;0;0;0;0;0;0;0;0;0;0;0;0;0;0;0;0;0;0;0;0;0;0;0;0;0;0;0;0;0;0;0;0;0;0;0;0;0;0;0;0;0;0;0;47;5;;;;;;;;;;;;;;;;;;;;;;;;;;;;;;;;;;;;;;;;;;;;;;;;;;;;;;;;;;;;;;;;;;;;;;;;;;;;;;;;;;;;;;;;;;;;;;;;;;;;;;;;;;;;;;;;;;;;;;;;;;;;;;;;;;;;;;441543200 volvo 589-1;441543200 volvo 589-1;;
20260331_16:50:17;26264;2;4;940;932.8;910;970;OK;940;940.8;910;970;OK;940.8;940.3;-15;-22.3;-50;-20;OK;-15;-21.7;-50;-20;OK;-19.9;-19.7;0;-15;-22.3;-50;-20;OK;330;445;330;500;OK;0;0;N/A;N/A;N/A;N/A;N/A;N/A;N/A;N/A;N/A;N/A;N/A;N/A;N/A;N/A;N/A;N/A;N/A;N/A;N/A;N/A;N/A;N/A;N/A;N/A;N/A;N/A;N/A;N/A;N/A;N/A;N/A;N/A;N/A;N/A;N/A;N/A;N/A;N/A;N/A;N/A;N/A;N/A;N/A;N/A;N/A;N/A;N/A;N/A;N/A;N/A;N/A;N/A;N/A;N/A;N/A;N/A;N/A;N/A;N/A;N/A;N/A;N/A;N/A;N/A;N/A;N/A;N/A;N/A;N/A;N/A;N/A;N/A;N/A;N/A;N/A;N/A;N/A;N/A;N/A;N/A;N/A;N/A;N/A;N/A;N/A;N/A;N/A;N/A;N/A;N/A;N/A;N/A;N/A;N/A;N/A;N/A;N/A;N/A;;0;381.8;0;0;;Disabled;TempStop;1;700;386.2;0;0;0;549.9;449.9;Enabled;PosOk;1;0;0;0;0;0;15;Disabled;0;0;0;0;0;0;0;0;0;0;0;0;0;0;0;0;0;0;0;0;0;0;0;0;0;0;0;0;0;0;0;0;0;0;0;0;0;0;0;0;0;0;0;0;0;0;0;0;0;0;0;0;0;0;0;0;0;0;0;0;0;0;0;0;0;0;0;0;47;5;30;30;20;45;30;30;20;45;30;25;20;45;30;25;20;45;200;227;100;300;200;224;100;300;200;0;100;300;200;0;100;300;30;31;20;45;30;30;20;45;30;26;20;45;30;28;20;45;200;242;100;300;200;241;100;300;200;0;100;300;200;0;100;300;4;2;0.4;6;4;5;0.4;6;4;2;0.4;6;4;5;0.4;6;4;2;0.4;6;4;5;0.4;6;4;2;0.4;6;4;6;0.4;6;NOK;NOK;OK;10000;10051;8000;11000;OK;8.68;0;8;12;NOK;N/A;1.95;N/A;N/A;N/A;9;11.6;7;18;OK;;0;0;0;-;Disabled;TempOk;1;230;93;0;0;0;349.9;441543200 volvo 589-1;441543200 volvo 589-1;441543200 volvo 589-1
20260331_16:50:52;26265;3;5;940;937.1;910;970;OK;940;942.8;910;970;OK;948.2;945.8;-20;-21.4;-50;-25;NOK;-20;-22.3;-50;-25;NOK;-17.2;-18.2;0;-20;-21.4;-50;-25;NOK;330;445;330;500;OK;0;0;N/A;N/A;N/A;N/A;N/A;N/A;N/A;N/A;N/A;N/A;N/A;N/A;N/A;N/A;N/A;N/A;N/A;N/A;N/A;N/A;N/A;N/A;N/A;N/A;N/A;N/A;N/A;N/A;N/A;N/A;N/A;N/A;N/A;N/A;N/A;N/A;N/A;N/A;N/A;N/A;N/A;N/A;N/A;N/A;N/A;N/A;N/A;N/A;N/A;N/A;N/A;N/A;N/A;N/A;N/A;N/A;N/A;N/A;N/A;N/A;N/A;N/A;N/A;N/A;N/A;N/A;N/A;N/A;N/A;N/A;N/A;N/A;N/A;N/A;N/A;N/A;N/A;N/A;N/A;N/A;N/A;N/A;N/A;N/A;N/A;N/A;N/A;N/A;N/A;N/A;N/A;N/A;N/A;N/A;N/A;N/A;N/A;N/A;;0;402;0;0;;Disabled;TempStop;1;700;405.7;0;0;0;549.9;449.9;Enabled;PosOk;1;0;0;0;0;0;15;Disabled;0;0;0;0;0;0;0;0;0;0;0;0;0;0;0;0;0;0;0;0;0;0;0;0;0;0;0;0;0;0;0;0;0;0;0;0;0;0;0;0;0;0;0;0;0;0;0;0;0;0;0;0;0;0;0;0;0;0;0;0;0;0;0;0;0;0;0;0;0;0;30;32;20;45;30;30;20;45;30;25;20;45;30;25;20;45;200;228;100;300;200;224;100;300;200;0;100;300;200;0;100;300;30;32;20;45;30;30;20;45;30;26;20;45;30;27;20;45;200;243;100;300;200;241;100;300;200;0;100;300;200;0;100;300;4;2;0.4;6;4;5;0.4;6;4;2;0.4;6;4;5;0.4;6;4;2;0.4;6;4;6;0.4;6;4;2;0.4;6;4;6;0.4;6;NOK;NOK;OK;10000;10033;8000;11000;OK;8.68;0;8;12;NOK;N/A;1.96;N/A;N/A;N/A;9;11.7;7;18;OK;;0;0;0;-;Disabled;TempOk;1;230;106.3;0;0;0;349.9;441543200 volvo 589-1;441543200 volvo 589-1;441543200 volvo 589-1
20260331_16:51:27;26266;2;2;940;932.4;910;970;OK;940;941.1;910;970;OK;941.2;940.3;-15;-18.8;-50;-20;NOK;-15;-19;-50;-20;NOK;-18.4;-18.5;0;-15;-18.9;-50;-20;NOK;330;445;330;500;OK;0;0;N/A;N/A;N/A;N/A;N/A;N/A;N/A;N/A;N/A;N/A;N/A;N/A;N/A;N/A;N/A;N/A;N/A;N/A;N/A;N/A;N/A;N/A;N/A;N/A;N/A;N/A;N/A;N/A;N/A;N/A;N/A;N/A;N/A;N/A;N/A;N/A;N/A;N/A;N/A;N/A;N/A;N/A;N/A;N/A;N/A;N/A;N/A;N/A;N/A;N/A;N/A;N/A;N/A;N/A;N/A;N/A;N/A;N/A;N/A;N/A;N/A;N/A;N/A;N/A;N/A;N/A;N/A;N/A;N/A;N/A;N/A;N/A;N/A;N/A;N/A;N/A;N/A;N/A;N/A;N/A;N/A;N/A;N/A;N/A;N/A;N/A;N/A;N/A;N/A;N/A;N/A;N/A;N/A;N/A;N/A;N/A;N/A;N/A;;0;421.3;0;0;;Disabled;TempStop;1;700;425.4;0;0;0;549.9;449.9;Enabled;PosOk;1;0;0;0;0;0;15;Disabled;0;0;0;0;0;0;0;0;0;0;0;0;0;0;0;0;0;0;0;0;0;0;0;0;0;0;0;0;0;0;0;0;0;0;0;0;0;0;0;0;0;0;0;0;0;0;0;0;0;0;0;0;0;0;0;0;0;0;0;0;0;0;0;0;0;0;0;0;0;0;30;32;20;45;30;30;20;45;30;25;20;45;30;25;20;45;200;227;100;300;200;225;100;300;200;0;100;300;200;1;100;300;30;32;20;45;30;30;20;45;30;26;20;45;30;28;20;45;200;243;100;300;200;241;100;300;200;0;100;300;200;0;100;300;4;2;0.4;6;4;5;0.4;6;4;2;0.4;6;4;6;0.4;6;4;2;0.4;6;4;5;0.4;6;4;2;0.4;6;4;6;0.4;6;NOK;NOK;OK;10000;10048;8000;11000;OK;8.69;0;8;12;NOK;N/A;1.95;N/A;N/A;N/A;9;11.6;7;18;OK;;0;0;0;-;Disabled;TempOk;1;230;104.5;0;0;0;349.9;441543200 volvo 589-1;441543200 volvo 589-1;441543200 volvo 589-1
20260331_16:52:08;26260;4;4;940;926.5;910;970;OK;940;951.3;910;970;OK;950.4;950.2;-15;-8.6;-50;-5;OK;-15;-17.2;-50;-5;OK;-15.6;-16.2;0;-15;-8.4;-50;-5;OK;330;727;330;500;NOK;243.72;244.53;;;;;;;;;;;;;;;;;;;;;;;;;;;;;;;;;;;;;;;;;;;;;;;;;;;;;;;;;;;;;;;;;;;;;;;;;;;;;;;;;;;;;;;;;;;;;;;;;;;;;;;;;;;;;;;;;;;;;;;;;;;;;;;;;;;;;;;;;;;;;;;;;;;;;;;;;;;;;;;;;;;;;;;;;;;;;;;;;;;;;;;;;;;;;;;;;;;;;;;;;;;;;;;;;;;;;;;;;;;;;;;;;;;;;;;;;;;;;;;;;;;;;;;;;;;;;;;;;;;;;;;;;;;;;;;;;;;;;;;;;;;;;;;;;;;;;;;;;;;;;;;;;;;;;;;;;;;;;;;;;;;;;;;;441543200 volvo 589-1;;;;
20260331_16:52:44;26261;1;3;940;932.5;910;970;OK;940;941.9;910;970;OK;944.9;944.1;-20;-21.5;-50;-25;NOK;-20;-21.7;-50;-25;NOK;-20.9;-21.3;0;-20;-21.4;-50;-25;NOK;330;727;330;500;NOK;0;0;;;;;;;;;;;;;;;;;;;;;;;;;;;;;;;;;;;;;;;;;;;;;;;;;;;;;;;;;;;;;;;;;;;;;;;;;;;;;;;;;;;;;;;;;;;;;;;;;;;;;;;;;;;;;;;;;;;;;;;;;;;;;;;;;;;;;;;;;;;;;;;;;;;;;;;;;;;;;;;;;;;;;;;;;;;;;;;;;;;;;;;;;;;;;;;;;;;;;;;;;;;;;;;;;;;;;;;;;;;;;;;;;;;;;;;;;;;;;;;;;;;;;;;;;;;;;;;;;;;;;;;;;;;;;;;;;;;;;;;;;;;;;;;;;;;;;;;;;;;;;;;;;;;;;;;;;;;;;;;;;;;;;;;;441543200 volvo 589-1;;;;
20260331_16:53:48;26268;4;3;940;941.3;910;970;OK;940;949.9;910;970;OK;950.7;950.4;-15;-18.3;-50;-5;OK;-15;-19;-50;-5;OK;-16.2;-17;0;-15;-18.3;-50;-5;OK;330;397;330;500;OK;244.19;244.62;N/A;N/A;N/A;N/A;N/A;N/A;N/A;N/A;N/A;N/A;N/A;N/A;N/A;N/A;N/A;N/A;N/A;N/A;N/A;N/A;N/A;N/A;N/A;N/A;N/A;N/A;N/A;N/A;N/A;N/A;N/A;N/A;N/A;N/A;N/A;N/A;N/A;N/A;N/A;N/A;N/A;N/A;N/A;N/A;N/A;N/A;N/A;N/A;N/A;N/A;N/A;N/A;N/A;N/A;N/A;N/A;N/A;N/A;N/A;N/A;N/A;N/A;N/A;N/A;N/A;N/A;N/A;N/A;N/A;N/A;N/A;N/A;N/A;N/A;N/A;N/A;N/A;N/A;N/A;N/A;N/A;N/A;N/A;N/A;N/A;N/A;N/A;N/A;N/A;N/A;N/A;N/A;N/A;N/A;N/A;N/A;N/A;N/A;;0;384.6;0;0;;Disabled;TempStop;1;700;389.1;0;0;0;549.9;449.9;Enabled;PosOk;1;0;0;0;0;0;15;Disabled;0;0;0;0;0;0;0;0;0;0;0;0;0;0;0;0;0;0;0;0;0;0;0;0;0;0;0;0;0;0;0;0;0;0;0;0;0;0;0;0;0;0;0;0;0;0;0;0;0;0;0;0;0;0;0;0;0;0;0;0;0;0;0;0;0;0;0;0;52;44;30;30;20;45;30;29;20;45;30;25;20;45;30;25;20;45;200;227;100;300;200;224;100;300;200;0;100;300;200;0;100;300;30;30;20;45;30;29;20;45;30;26;20;45;30;28;20;45;200;242;100;300;200;240;100;300;200;0;100;300;200;0;100;300;4;2;0.4;6;4;5;0.4;6;4;2;0.4;6;4;6;0.4;6;4;2;0.4;6;4;6;0.4;6;4;2;0.4;6;4;6;0.4;6;NOK;NOK;OK;10000;10049;8000;11000;OK;8.69;0;8;12;NOK;N/A;1.99;N/A;N/A;N/A;9;11.6;7;18;OK;;0;0;0;-;Disabled;TempOk;1;230;93;0;0;0;349.9;441543200 volvo 589-1;441543200 volvo 589-1;441543200 volvo 589-1
20260331_16:54:24;26269;1;4;940;935.1;910;970;OK;940;940.8;910;970;OK;944;943.1;-20;-20.8;-50;-25;NOK;-20;-18.5;-50;-25;NOK;-20.2;-20.4;0;-20;-20.9;-50;-25;NOK;330;398;330;500;OK;0;0;N/A;N/A;N/A;N/A;N/A;N/A;N/A;N/A;N/A;N/A;N/A;N/A;N/A;N/A;N/A;N/A;N/A;N/A;N/A;N/A;N/A;N/A;N/A;N/A;N/A;N/A;N/A;N/A;N/A;N/A;N/A;N/A;N/A;N/A;N/A;N/A;N/A;N/A;N/A;N/A;N/A;N/A;N/A;N/A;N/A;N/A;N/A;N/A;N/A;N/A;N/A;N/A;N/A;N/A;N/A;N/A;N/A;N/A;N/A;N/A;N/A;N/A;N/A;N/A;N/A;N/A;N/A;N/A;N/A;N/A;N/A;N/A;N/A;N/A;N/A;N/A;N/A;N/A;N/A;N/A;N/A;N/A;N/A;N/A;N/A;N/A;N/A;N/A;N/A;N/A;N/A;N/A;N/A;N/A;N/A;N/A;N/A;N/A;;0;403.8;0;0;;Disabled;TempStop;1;700;407.4;0;0;0;549.9;449.9;Enabled;PosOk;1;0;0;0;0;0;15;Disabled;0;0;0;0;0;0;0;0;0;0;0;0;0;0;0;0;0;0;0;0;0;0;0;0;0;0;0;0;0;0;0;0;0;0;0;0;0;0;0;0;0;0;0;0;0;0;0;0;0;0;0;0;0;0;0;0;0;0;0;0;0;0;0;0;0;0;0;0;53;55;30;31;20;45;30;30;20;45;30;25;20;45;30;25;20;45;200;227;100;300;200;224;100;300;200;0;100;300;200;0;100;300;30;32;20;45;30;29;20;45;30;26;20;45;30;28;20;45;200;242;100;300;200;240;100;300;200;0;100;300;200;0;100;300;4;2;0.4;6;4;5;0.4;6;4;2;0.4;6;4;6;0.4;6;4;2;0.4;6;4;6;0.4;6;4;2;0.4;6;4;6;0.4;6;NOK;NOK;OK;10000;10050;8000;11000;OK;8.69;0;8;12;NOK;N/A;1.95;N/A;N/A;N/A;9;10.9;7;18;OK;;0;0;0;-;Disabled;TempOk;1;230;108.6;0;0;0;349.9;441543200 volvo 589-1;441543200 volvo 589-1;441543200 volvo 589-1
20260331_16:54:29;26262;4;2;940;936.8;910;970;OK;940;944.3;910;970;OK;945.9;945.3;-15;-14.2;-50;-5;OK;-15;-17.7;-50;-5;OK;-16.3;-15.9;0;-15;-14.2;-50;-5;OK;330;798;330;500;NOK;243.78;244.68;;;;;;;;;;;;;;;;;;;;;;;;;;;;;;;;;;;;;;;;;;;;;;;;;;;;;;;;;;;;;;;;;;;;;;;;;;;;;;;;;;;;;;;;;;;;;;;;;;;;;;;;;;;;;;;;;;;;;;;;;;;;;;;;;;;;;;;;;;;;;;;;;;;;;;;;;;;;;;;;;;;;;;;;;;;;;;;;;;;;;;;;;;;;;;;;;;;;;;;;;;;;;;;;;;;;;;;;;;;;;;;;;;;;;;;;;;;;;;;;;;;;;;;;;;;;;;;;;;;;;;;;;;;;;;;;;;;;;;;;;;;;;;;;;;;;;;;;;;;;;;;;;;;;;;;;;;;;;;;;;;;;;;;;441543200 volvo 589-1;;;;
20260331_16:55:05;26263;3;3;940;931.9;910;970;OK;940;941.8;910;970;OK;942.1;941.2;-20;-20.1;-50;-25;NOK;-20;-21.7;-50;-25;NOK;-19.2;-18.9;0;-20;-20.1;-50;-25;NOK;330;798;330;500;NOK;0;0;;;;;;;;;;;;;;;;;;;;;;;;;;;;;;;;;;;;;;;;;;;;;;;;;;;;;;;;;;;;;;;;;;;;;;;;;;;;;;;;;;;;;;;;;;;;;;;;;;;;;;;;;;;;;;;;;;;;;;;;;;;;;;;;;;;;;;;;;;;;;;;;;;;;;;;;;;;;;;;;;;;;;;;;;;;;;;;;;;;;;;;;;;;;;;;;;;;;;;;;;;;;;;;;;;;;;;;;;;;;;;;;;;;;;;;;;;;;;;;;;;;;;;;;;;;;;;;;;;;;;;;;;;;;;;;;;;;;;;;;;;;;;;;;;;;;;;;;;;;;;;;;;;;;;;;;;;;;;;;;;;;;;;;;441543200 volvo 589-1;;;;
20260331_16:56:09;26270;2;4;940;932.4;910;970;OK;940;940.7;910;970;OK;941.1;940.4;-15;-21.9;-50;-20;OK;-15;-20;-50;-20;NOK;-19.6;-19.7;0;-15;-21.9;-50;-20;OK;330;341;330;500;OK;0;0;N/A;N/A;N/A;N/A;N/A;N/A;N/A;N/A;N/A;N/A;N/A;N/A;N/A;N/A;N/A;N/A;N/A;N/A;N/A;N/A;N/A;N/A;N/A;N/A;N/A;N/A;N/A;N/A;N/A;N/A;N/A;N/A;N/A;N/A;N/A;N/A;N/A;N/A;N/A;N/A;N/A;N/A;N/A;N/A;N/A;N/A;N/A;N/A;N/A;N/A;N/A;N/A;N/A;N/A;N/A;N/A;N/A;N/A;N/A;N/A;N/A;N/A;N/A;N/A;N/A;N/A;N/A;N/A;N/A;N/A;N/A;N/A;N/A;N/A;N/A;N/A;N/A;N/A;N/A;N/A;N/A;N/A;N/A;N/A;N/A;N/A;N/A;N/A;N/A;N/A;N/A;N/A;N/A;N/A;N/A;N/A;N/A;N/A;;0;378.4;0;0;;Disabled;TempStop;1;700;382.5;0;0;0;549.9;449.9;Enabled;PosOk;1;0;0;0;0;0;15;Disabled;0;0;0;0;0;0;0;0;0;0;0;0;0;0;0;0;0;0;0;0;0;0;0;0;0;0;0;0;0;0;0;0;0;0;0;0;0;0;0;0;0;0;0;0;0;0;0;0;0;0;0;0;0;0;0;0;0;0;0;0;0;0;0;0;0;0;0;0;0;0;30;31;20;45;30;30;20;45;30;25;20;45;30;25;20;45;200;227;100;300;200;224;100;300;200;0;100;300;200;0;100;300;30;31;20;45;30;30;20;45;30;26;20;45;30;28;20;45;200;242;100;300;200;240;100;300;200;0;100;300;200;0;100;300;4;2;0.4;6;4;5;0.4;6;4;2;0.4;6;4;5;0.4;6;4;2;0.4;6;4;5;0.4;6;4;2;0.4;6;4;6;0.4;6;NOK;NOK;OK;10000;10035;8000;11000;OK;8.68;0;8;12;NOK;N/A;1.95;N/A;N/A;N/A;9;11.6;7;18;OK;;0;0;0;-;Disabled;TempOk;1;230;92.1;0;0;0;349.9;441543200 volvo 589-1;441543200 volvo 589-1;441543200 volvo 589-1
20260331_16:56:45;26271;3;5;940;937.2;910;970;OK;940;946.3;910;970;OK;950.4;948.5;-20;-22.5;-50;-25;NOK;-20;-19.7;-50;-25;NOK;-18;-18.8;0;-20;-22.5;-50;-25;NOK;330;341;330;500;OK;0;0;N/A;N/A;N/A;N/A;N/A;N/A;N/A;N/A;N/A;N/A;N/A;N/A;N/A;N/A;N/A;N/A;N/A;N/A;N/A;N/A;N/A;N/A;N/A;N/A;N/A;N/A;N/A;N/A;N/A;N/A;N/A;N/A;N/A;N/A;N/A;N/A;N/A;N/A;N/A;N/A;N/A;N/A;N/A;N/A;N/A;N/A;N/A;N/A;N/A;N/A;N/A;N/A;N/A;N/A;N/A;N/A;N/A;N/A;N/A;N/A;N/A;N/A;N/A;N/A;N/A;N/A;N/A;N/A;N/A;N/A;N/A;N/A;N/A;N/A;N/A;N/A;N/A;N/A;N/A;N/A;N/A;N/A;N/A;N/A;N/A;N/A;N/A;N/A;N/A;N/A;N/A;N/A;N/A;N/A;N/A;N/A;N/A;N/A;;0;412.5;0;0;;Disabled;TempStop;1;700;416.5;0;0;0;549.9;449.9;Enabled;PosOk;1;0;0;0;0;0;15;Disabled;0;0;0;0;0;0;0;0;0;0;0;0;0;0;0;0;0;0;0;0;0;0;0;0;0;0;0;0;0;0;0;0;0;0;0;0;0;0;0;0;0;0;0;0;0;0;0;0;0;0;0;0;0;0;0;0;0;0;0;0;0;0;0;0;0;0;0;0;0;0;30;32;20;45;30;30;20;45;30;25;20;45;30;25;20;45;200;226;100;300;200;224;100;300;200;0;100;300;200;0;100;300;30;32;20;45;30;30;20;45;30;26;20;45;30;28;20;45;200;243;100;300;200;240;100;300;200;0;100;300;200;0;100;300;4;2;0.4;6;4;5;0.4;6;4;2;0.4;6;4;5;0.4;6;4;2;0.4;6;4;6;0.4;6;4;2;0.4;6;4;6;0.4;6;NOK;NOK;OK;10000;10053;8000;11000;OK;8.69;0;8;12;NOK;N/A;1.95;N/A;N/A;N/A;9;11.8;7;18;OK;;0;0;0;-;Disabled;TempOk;1;230;105.5;0;0;0;349.9;441543200 volvo 589-1;441543200 volvo 589-1;441543200 volvo 589-1
20260331_16:57:20;26272;2;2;940;932.1;910;970;OK;940;941.1;910;970;OK;941.3;940;-15;-19.1;-50;-20;NOK;-15;-18.4;-50;-20;NOK;-18.2;-18.2;0;-15;-19.1;-50;-20;NOK;330;341;330;500;OK;0;0;N/A;N/A;N/A;N/A;N/A;N/A;N/A;N/A;N/A;N/A;N/A;N/A;N/A;N/A;N/A;N/A;N/A;N/A;N/A;N/A;N/A;N/A;N/A;N/A;N/A;N/A;N/A;N/A;N/A;N/A;N/A;N/A;N/A;N/A;N/A;N/A;N/A;N/A;N/A;N/A;N/A;N/A;N/A;N/A;N/A;N/A;N/A;N/A;N/A;N/A;N/A;N/A;N/A;N/A;N/A;N/A;N/A;N/A;N/A;N/A;N/A;N/A;N/A;N/A;N/A;N/A;N/A;N/A;N/A;N/A;N/A;N/A;N/A;N/A;N/A;N/A;N/A;N/A;N/A;N/A;N/A;N/A;N/A;N/A;N/A;N/A;N/A;N/A;N/A;N/A;N/A;N/A;N/A;N/A;N/A;N/A;N/A;N/A;;0;412.7;0;0;;Disabled;TempStop;1;700;416.7;0;0;0;549.9;449.9;Enabled;PosOk;1;0;0;0;0;0;15;Disabled;0;0;0;0;0;0;0;0;0;0;0;0;0;0;0;0;0;0;0;0;0;0;0;0;0;0;0;0;0;0;0;0;0;0;0;0;0;0;0;0;0;0;0;0;0;0;0;0;0;0;0;0;0;0;0;0;0;0;0;0;0;0;0;0;0;0;0;0;0;0;30;32;20;45;30;30;20;45;30;25;20;45;30;25;20;45;200;227;100;300;200;224;100;300;200;0;100;300;200;0;100;300;30;32;20;45;30;29;20;45;30;26;20;45;30;28;20;45;200;243;100;300;200;240;100;300;200;0;100;300;200;0;100;300;4;2;0.4;6;4;5;0.4;6;4;2;0.4;6;4;5;0.4;6;4;2;0.4;6;4;5;0.4;6;4;2;0.4;6;4;6;0.4;6;NOK;NOK;OK;10000;10032;8000;11000;OK;8.68;0;8;12;NOK;N/A;1.95;N/A;N/A;N/A;9;11.7;7;18;OK;;0;0;0;-;Disabled;TempOk;1;230;106.7;0;0;0;349.9;441543200 volvo 589-1;441543200 volvo 589-1;441543200 volvo 589-1
20260331_16:57:55;26273;3;4;940;938.2;910;970;OK;940;947.7;910;970;OK;950;948;-20;-22.2;-50;-25;NOK;-20;-14.8;-50;-25;NOK;-20.3;-16.5;0;-20;-22.2;-50;-25;NOK;330;341;330;500;OK;0;0;N/A;N/A;N/A;N/A;N/A;N/A;N/A;N/A;N/A;N/A;N/A;N/A;N/A;N/A;N/A;N/A;N/A;N/A;N/A;N/A;N/A;N/A;N/A;N/A;N/A;N/A;N/A;N/A;N/A;N/A;N/A;N/A;N/A;N/A;N/A;N/A;N/A;N/A;N/A;N/A;N/A;N/A;N/A;N/A;N/A;N/A;N/A;N/A;N/A;N/A;N/A;N/A;N/A;N/A;N/A;N/A;N/A;N/A;N/A;N/A;N/A;N/A;N/A;N/A;N/A;N/A;N/A;N/A;N/A;N/A;N/A;N/A;N/A;N/A;N/A;N/A;N/A;N/A;N/A;N/A;N/A;N/A;N/A;N/A;N/A;N/A;N/A;N/A;N/A;N/A;N/A;N/A;N/A;N/A;N/A;N/A;N/A;N/A;;0;404.7;0;0;;Disabled;TempStop;1;700;408.3;0;0;0;549.9;449.9;Enabled;PosOk;1;0;0;0;0;0;15;Disabled;0;0;0;0;0;0;0;0;0;0;0;0;0;0;0;0;0;0;0;0;0;0;0;0;0;0;0;0;0;0;0;0;0;0;0;0;0;0;0;0;0;0;0;0;0;0;0;0;0;0;0;0;0;0;0;0;0;0;0;0;0;0;0;0;0;0;0;0;0;0;30;32;20;45;30;29;20;45;30;25;20;45;30;25;20;45;200;227;100;300;200;224;100;300;200;0;100;300;200;0;100;300;30;32;20;45;30;29;20;45;30;26;20;45;30;28;20;45;200;242;100;300;200;240;100;300;200;0;100;300;200;0;100;300;4;2;0.4;6;4;5;0.4;6;4;2;0.4;6;4;5;0.4;6;4;2;0.4;6;4;6;0.4;6;4;2;0.4;6;4;6;0.4;6;NOK;NOK;OK;10000;10053;8000;11000;OK;8.7;0;8;12;NOK;N/A;1.95;N/A;N/A;N/A;9;11.7;7;18;OK;;0;0;0;-;Disabled;TempOk;1;230;107.3;0;0;0;349.9;441543200 volvo 589-1;441543200 volvo 589-1;441543200 volvo 589-1
20260331_16:58:31;26274;4;4;940;929.7;910;970;OK;940;951.4;910;970;OK;951.4;951.4;-15;-17.5;-50;-5;OK;-15;-14.5;-50;-5;OK;-12.1;-13.3;0;-15;-17.5;-50;-5;OK;330;341;330;500;OK;244.55;244.95;N/A;N/A;N/A;N/A;N/A;N/A;N/A;N/A;N/A;N/A;N/A;N/A;N/A;N/A;N/A;N/A;N/A;N/A;N/A;N/A;N/A;N/A;N/A;N/A;N/A;N/A;N/A;N/A;N/A;N/A;N/A;N/A;N/A;N/A;N/A;N/A;N/A;N/A;N/A;N/A;N/A;N/A;N/A;N/A;N/A;N/A;N/A;N/A;N/A;N/A;N/A;N/A;N/A;N/A;N/A;N/A;N/A;N/A;N/A;N/A;N/A;N/A;N/A;N/A;N/A;N/A;N/A;N/A;N/A;N/A;N/A;N/A;N/A;N/A;N/A;N/A;N/A;N/A;N/A;N/A;N/A;N/A;N/A;N/A;N/A;N/A;N/A;N/A;N/A;N/A;N/A;N/A;N/A;N/A;N/A;N/A;N/A;N/A;;0;413.2;0;0;;Disabled;TempStop;1;700;417.2;0;0;0;549.9;449.9;Enabled;PosOk;1;0;0;0;0;0;15;Disabled;0;0;0;0;0;0;0;0;0;0;0;0;0;0;0;0;0;0;0;0;0;0;0;0;0;0;0;0;0;0;0;0;0;0;0;0;0;0;0;0;0;0;0;0;0;0;0;0;0;0;0;0;0;0;0;0;0;0;0;0;0;0;0;0;0;0;0;0;0;0;30;32;20;45;30;30;20;45;30;25;20;45;30;25;20;45;200;228;100;300;200;224;100;300;200;0;100;300;200;0;100;300;30;32;20;45;30;30;20;45;30;26;20;45;30;28;20;45;200;242;100;300;200;241;100;300;200;0;100;300;200;0;100;300;4;2;0.4;6;4;5;0.4;6;4;2;0.4;6;4;6;0.4;6;4;2;0.4;6;4;5;0.4;6;4;2;0.4;6;4;6;0.4;6;NOK;NOK;OK;10000;10045;8000;11000;OK;8.69;0;8;12;NOK;N/A;1.95;N/A;N/A;N/A;9;11.8;7;18;OK;;0;0;0;-;Disabled;TempOk;1;230;105.5;0;0;0;349.9;441543200 volvo 589-1;441543200 volvo 589-1;441543200 volvo 589-1
20260331_16:59:06;26275;1;3;940;931.5;910;970;OK;940;941.9;910;970;OK;944.3;942.9;-20;-21.6;-50;-25;NOK;-20;-20.9;-50;-25;NOK;-20.7;-20.8;0;-20;-21.6;-50;-25;NOK;330;341;330;500;OK;0;0;N/A;N/A;N/A;N/A;N/A;N/A;N/A;N/A;N/A;N/A;N/A;N/A;N/A;N/A;N/A;N/A;N/A;N/A;N/A;N/A;N/A;N/A;N/A;N/A;N/A;N/A;N/A;N/A;N/A;N/A;N/A;N/A;N/A;N/A;N/A;N/A;N/A;N/A;N/A;N/A;N/A;N/A;N/A;N/A;N/A;N/A;N/A;N/A;N/A;N/A;N/A;N/A;N/A;N/A;N/A;N/A;N/A;N/A;N/A;N/A;N/A;N/A;N/A;N/A;N/A;N/A;N/A;N/A;N/A;N/A;N/A;N/A;N/A;N/A;N/A;N/A;N/A;N/A;N/A;N/A;N/A;N/A;N/A;N/A;N/A;N/A;N/A;N/A;N/A;N/A;N/A;N/A;N/A;N/A;N/A;N/A;N/A;N/A;;0;402.4;0;0;;Disabled;TempStop;1;700;406.3;0;0;0;549.9;449.9;Enabled;PosOk;1;0;0;0;0;0;15;Disabled;0;0;0;0;0;0;0;0;0;0;0;0;0;0;0;0;0;0;0;0;0;0;0;0;0;0;0;0;0;0;0;0;0;0;0;0;0;0;0;0;0;0;0;0;0;0;0;0;0;0;0;0;0;0;0;0;0;0;0;0;0;0;0;0;0;0;0;0;58;37;30;32;20;45;30;30;20;45;30;25;20;45;30;25;20;45;200;228;100;300;200;224;100;300;200;0;100;300;200;0;100;300;30;33;20;45;30;30;20;45;30;26;20;45;30;28;20;45;200;242;100;300;200;240;100;300;200;0;100;300;200;0;100;300;4;2;0.4;6;4;5;0.4;6;4;2;0.4;6;4;5;0.4;6;4;2;0.4;6;4;5;0.4;6;4;2;0.4;6;4;5;0.4;6;NOK;NOK;OK;10000;10052;8000;11000;OK;8.7;0;8;12;NOK;N/A;1.95;N/A;N/A;N/A;9;10.6;7;18;OK;;0;0;0;-;Disabled;TempOk;1;230;105.5;0;0;0;349.9;441543200 volvo 589-1;441543200 volvo 589-1;441543200 volvo 589-1
20260331_16:59:41;26276;4;3;940;942.1;910;970;OK;940;951.5;910;970;OK;951.5;951.5;-15;-19.2;-50;-5;OK;-15;-16.9;-50;-5;OK;-15.8;-16.5;0;-15;-19.3;-50;-5;OK;330;341;330;500;OK;244.63;245.04;N/A;N/A;N/A;N/A;N/A;N/A;N/A;N/A;N/A;N/A;N/A;N/A;N/A;N/A;N/A;N/A;N/A;N/A;N/A;N/A;N/A;N/A;N/A;N/A;N/A;N/A;N/A;N/A;N/A;N/A;N/A;N/A;N/A;N/A;N/A;N/A;N/A;N/A;N/A;N/A;N/A;N/A;N/A;N/A;N/A;N/A;N/A;N/A;N/A;N/A;N/A;N/A;N/A;N/A;N/A;N/A;N/A;N/A;N/A;N/A;N/A;N/A;N/A;N/A;N/A;N/A;N/A;N/A;N/A;N/A;N/A;N/A;N/A;N/A;N/A;N/A;N/A;N/A;N/A;N/A;N/A;N/A;N/A;N/A;N/A;N/A;N/A;N/A;N/A;N/A;N/A;N/A;N/A;N/A;N/A;N/A;N/A;N/A;;0;413.7;0;0;;Disabled;TempStop;1;700;417.5;0;0;0;549.9;449.9;Enabled;PosOk;1;0;0;0;0;0;15;Disabled;0;0;0;0;0;0;0;0;0;0;0;0;0;0;0;0;0;0;0;0;0;0;0;0;0;0;0;0;0;0;0;0;0;0;0;0;0;0;0;0;0;0;0;0;0;0;0;0;0;0;0;0;0;0;0;0;0;0;0;0;0;0;0;0;0;0;0;0;0;0;30;32;20;45;30;30;20;45;30;25;20;45;30;25;20;45;200;227;100;300;200;224;100;300;200;0;100;300;200;0;100;300;30;33;20;45;30;30;20;45;30;26;20;45;30;27;20;45;200;243;100;300;200;240;100;300;200;0;100;300;200;0;100;300;4;2;0.4;6;4;5;0.4;6;4;2;0.4;6;4;5;0.4;6;4;2;0.4;6;4;5;0.4;6;4;2;0.4;6;4;6;0.4;6;NOK;NOK;OK;10000;10053;8000;11000;OK;8.69;0;8;12;NOK;N/A;1.95;N/A;N/A;N/A;9;11.8;7;18;OK;;0;0;0;-;Disabled;TempOk;1;230;105.3;0;0;0;349.9;441543200 volvo 589-1;441543200 volvo 589-1;441543200 volvo 589-1
20260331_17:00:17;26277;1;4;940;933.9;910;970;OK;940;941.5;910;970;OK;941.8;941.4;-20;-17.5;-50;-25;NOK;-20;-18.3;-50;-25;NOK;-19.5;-19.9;0;-20;-17.3;-50;-25;NOK;330;341;330;500;OK;0;0;N/A;N/A;N/A;N/A;N/A;N/A;N/A;N/A;N/A;N/A;N/A;N/A;N/A;N/A;N/A;N/A;N/A;N/A;N/A;N/A;N/A;N/A;N/A;N/A;N/A;N/A;N/A;N/A;N/A;N/A;N/A;N/A;N/A;N/A;N/A;N/A;N/A;N/A;N/A;N/A;N/A;N/A;N/A;N/A;N/A;N/A;N/A;N/A;N/A;N/A;N/A;N/A;N/A;N/A;N/A;N/A;N/A;N/A;N/A;N/A;N/A;N/A;N/A;N/A;N/A;N/A;N/A;N/A;N/A;N/A;N/A;N/A;N/A;N/A;N/A;N/A;N/A;N/A;N/A;N/A;N/A;N/A;N/A;N/A;N/A;N/A;N/A;N/A;N/A;N/A;N/A;N/A;N/A;N/A;N/A;N/A;N/A;N/A;;0;406.6;0;0;;Disabled;TempStop;1;700;410.5;0;0;0;549.9;449.9;Enabled;PosOk;1;0;0;0;0;0;15;Disabled;0;0;0;0;0;0;0;0;0;0;0;0;0;0;0;0;0;0;0;0;0;0;0;0;0;0;0;0;0;0;0;0;0;0;0;0;0;0;0;0;0;0;0;0;0;0;0;0;0;0;0;0;0;0;0;0;0;0;0;0;0;0;0;0;0;0;0;0;59;48;30;33;20;45;30;30;20;45;30;25;20;45;30;25;20;45;200;228;100;300;200;224;100;300;200;0;100;300;200;0;100;300;30;33;20;45;30;30;20;45;30;26;20;45;30;28;20;45;200;242;100;300;200;240;100;300;200;0;100;300;200;0;100;300;4;2;0.4;6;4;5;0.4;6;4;2;0.4;6;4;6;0.4;6;4;2;0.4;6;4;6;0.4;6;4;2;0.4;6;4;6;0.4;6;NOK;NOK;OK;10000;10046;8000;11000;OK;8.69;0;8;12;NOK;N/A;1.95;N/A;N/A;N/A;9;10.7;7;18;OK;;0;0;0;-;Disabled;TempOk;1;230;107.5;0;0;0;349.9;441543200 volvo 589-1;441543200 volvo 589-1;441543200 volvo 589-1
20260331_17:00:52;26278;4;2;940;936.6;910;970;OK;940;944.5;910;970;OK;945.6;945;-15;-17.5;-50;-5;OK;-15;-14.5;-50;-5;OK;-15.3;-14.9;0;-15;-17.5;-50;-5;OK;330;341;330;500;OK;244.69;245.12;N/A;N/A;N/A;N/A;N/A;N/A;N/A;N/A;N/A;N/A;N/A;N/A;N/A;N/A;N/A;N/A;N/A;N/A;N/A;N/A;N/A;N/A;N/A;N/A;N/A;N/A;N/A;N/A;N/A;N/A;N/A;N/A;N/A;N/A;N/A;N/A;N/A;N/A;N/A;N/A;N/A;N/A;N/A;N/A;N/A;N/A;N/A;N/A;N/A;N/A;N/A;N/A;N/A;N/A;N/A;N/A;N/A;N/A;N/A;N/A;N/A;N/A;N/A;N/A;N/A;N/A;N/A;N/A;N/A;N/A;N/A;N/A;N/A;N/A;N/A;N/A;N/A;N/A;N/A;N/A;N/A;N/A;N/A;N/A;N/A;N/A;N/A;N/A;N/A;N/A;N/A;N/A;N/A;N/A;N/A;N/A;N/A;N/A;;0;413.9;0;0;;Disabled;TempStop;1;700;417.4;0;0;0;549.9;449.9;Enabled;PosOk;1;0;0;0;0;0;15;Disabled;0;0;0;0;0;0;0;0;0;0;0;0;0;0;0;0;0;0;0;0;0;0;0;0;0;0;0;0;0;0;0;0;0;0;0;0;0;0;0;0;0;0;0;0;0;0;0;0;0;0;0;0;0;0;0;0;0;0;0;0;0;0;0;0;0;0;0;0;0;0;30;32;20;45;30;30;20;45;30;25;20;45;30;25;20;45;200;227;100;300;200;225;100;300;200;0;100;300;200;0;100;300;30;32;20;45;30;30;20;45;30;26;20;45;30;28;20;45;200;242;100;300;200;240;100;300;200;0;100;300;200;0;100;300;4;2;0.4;6;4;5;0.4;6;4;2;0.4;6;4;5;0.4;6;4;2;0.4;6;4;5;0.4;6;4;2;0.4;6;4;6;0.4;6;NOK;NOK;OK;10000;10050;8000;11000;OK;8.69;0;8;12;NOK;N/A;1.95;N/A;N/A;N/A;9;11.7;7;18;OK;;0;0;0;-;Disabled;TempOk;1;230;114.8;0;0;0;349.9;441543200 volvo 589-1;441543200 volvo 589-1;441543200 volvo 589-1
20260331_17:01:27;26279;3;3;940;930.4;910;970;OK;940;941.9;910;970;OK;943.4;942.6;-20;-21.8;-50;-25;NOK;-20;-19.7;-50;-25;NOK;-19.9;-19.8;0;-20;-21.8;-50;-25;NOK;330;341;330;500;OK;0;0;N/A;N/A;N/A;N/A;N/A;N/A;N/A;N/A;N/A;N/A;N/A;N/A;N/A;N/A;N/A;N/A;N/A;N/A;N/A;N/A;N/A;N/A;N/A;N/A;N/A;N/A;N/A;N/A;N/A;N/A;N/A;N/A;N/A;N/A;N/A;N/A;N/A;N/A;N/A;N/A;N/A;N/A;N/A;N/A;N/A;N/A;N/A;N/A;N/A;N/A;N/A;N/A;N/A;N/A;N/A;N/A;N/A;N/A;N/A;N/A;N/A;N/A;N/A;N/A;N/A;N/A;N/A;N/A;N/A;N/A;N/A;N/A;N/A;N/A;N/A;N/A;N/A;N/A;N/A;N/A;N/A;N/A;N/A;N/A;N/A;N/A;N/A;N/A;N/A;N/A;N/A;N/A;N/A;N/A;N/A;N/A;N/A;N/A;;0;399.3;0;0;;Disabled;TempStop;1;700;403;0;0;0;549.9;449.9;Enabled;PosOk;1;0;0;0;0;0;15;Disabled;0;0;0;0;0;0;0;0;0;0;0;0;0;0;0;0;0;0;0;0;0;0;0;0;0;0;0;0;0;0;0;0;0;0;0;0;0;0;0;0;0;0;0;0;0;0;0;0;0;0;0;0;0;0;0;0;0;0;0;0;0;0;0;0;0;0;0;0;0;0;30;32;20;45;30;29;20;45;30;25;20;45;30;25;20;45;200;227;100;300;200;224;100;300;200;0;100;300;200;0;100;300;30;32;20;45;30;29;20;45;30;26;20;45;30;28;20;45;200;242;100;300;200;240;100;300;200;0;100;300;200;0;100;300;4;2;0.4;6;4;5;0.4;6;4;2;0.4;6;4;5;0.4;6;4;2;0.4;6;4;6;0.4;6;4;2;0.4;6;4;5;0.4;6;NOK;NOK;OK;10000;10049;8000;11000;OK;8.69;0;8;12;NOK;N/A;1.96;N/A;N/A;N/A;9;12.2;7;18;OK;;0;0;0;-;Disabled;TempOk;1;230;106.6;0;0;0;349.9;441543200 volvo 589-1;441543200 volvo 589-1;441543200 volvo 589-1
20260331_17:02:03;26280;2;4;940;933.6;910;970;OK;940;940.7;910;970;OK;941.2;940.4;-15;-20.1;-50;-20;OK;-15;-19.7;-50;-20;NOK;-18.8;-19.1;0;-15;-20.1;-50;-20;OK;330;341;330;500;OK;0;0;N/A;N/A;N/A;N/A;N/A;N/A;N/A;N/A;N/A;N/A;N/A;N/A;N/A;N/A;N/A;N/A;N/A;N/A;N/A;N/A;N/A;N/A;N/A;N/A;N/A;N/A;N/A;N/A;N/A;N/A;N/A;N/A;N/A;N/A;N/A;N/A;N/A;N/A;N/A;N/A;N/A;N/A;N/A;N/A;N/A;N/A;N/A;N/A;N/A;N/A;N/A;N/A;N/A;N/A;N/A;N/A;N/A;N/A;N/A;N/A;N/A;N/A;N/A;N/A;N/A;N/A;N/A;N/A;N/A;N/A;N/A;N/A;N/A;N/A;N/A;N/A;N/A;N/A;N/A;N/A;N/A;N/A;N/A;N/A;N/A;N/A;N/A;N/A;N/A;N/A;N/A;N/A;N/A;N/A;N/A;N/A;N/A;N/A;;0;397.6;0;0;;Disabled;TempStop;1;700;401.7;0;0;0;549.9;449.9;Enabled;PosOk;1;0;0;0;0;0;15;Disabled;0;0;0;0;0;0;0;0;0;0;0;0;0;0;0;0;0;0;0;0;0;0;0;0;0;0;0;0;0;0;0;0;0;0;0;0;0;0;0;0;0;0;0;0;0;0;0;0;0;0;0;0;0;0;0;0;0;0;0;0;0;0;0;0;0;0;0;0;0;0;30;32;20;45;30;30;20;45;30;25;20;45;30;25;20;45;200;227;100;300;200;224;100;300;200;0;100;300;200;0;100;300;30;32;20;45;30;30;20;45;30;26;20;45;30;28;20;45;200;243;100;300;200;241;100;300;200;0;100;300;200;0;100;300;4;2;0.4;6;4;5;0.4;6;4;2;0.4;6;4;5;0.4;6;4;2;0.4;6;4;5;0.4;6;4;2;0.4;6;4;6;0.4;6;NOK;NOK;OK;10000;10051;8000;11000;OK;8.69;0;8;12;NOK;N/A;1.95;N/A;N/A;N/A;9;11.6;7;18;OK;;0;0;0;-;Disabled;TempOk;1;230;105.5;0;0;0;349.9;441543200 volvo 589-1;441543200 volvo 589-1;441543200 volvo 589-1
20260331_17:02:38;26281;3;5;940;940.8;910;970;OK;940;949.3;910;970;OK;952.3;950.9;-20;-19.8;-50;-25;NOK;-20;-18.8;-50;-25;NOK;-16.7;-17.6;0;-20;-19.9;-50;-25;NOK;330;341;330;500;OK;0;0;N/A;N/A;N/A;N/A;N/A;N/A;N/A;N/A;N/A;N/A;N/A;N/A;N/A;N/A;N/A;N/A;N/A;N/A;N/A;N/A;N/A;N/A;N/A;N/A;N/A;N/A;N/A;N/A;N/A;N/A;N/A;N/A;N/A;N/A;N/A;N/A;N/A;N/A;N/A;N/A;N/A;N/A;N/A;N/A;N/A;N/A;N/A;N/A;N/A;N/A;N/A;N/A;N/A;N/A;N/A;N/A;N/A;N/A;N/A;N/A;N/A;N/A;N/A;N/A;N/A;N/A;N/A;N/A;N/A;N/A;N/A;N/A;N/A;N/A;N/A;N/A;N/A;N/A;N/A;N/A;N/A;N/A;N/A;N/A;N/A;N/A;N/A;N/A;N/A;N/A;N/A;N/A;N/A;N/A;N/A;N/A;N/A;N/A;;0;397.7;0;0;;Disabled;TempStop;1;700;401.3;0;0;0;549.9;449.9;Enabled;PosOk;1;0;0;0;0;0;15;Disabled;0;0;0;0;0;0;0;0;0;0;0;0;0;0;0;0;0;0;0;0;0;0;0;0;0;0;0;0;0;0;0;0;0;0;0;0;0;0;0;0;0;0;0;0;0;0;0;0;0;0;0;0;0;0;0;0;0;0;0;0;0;0;0;0;0;0;0;0;0;0;30;32;20;45;30;30;20;45;30;25;20;45;30;25;20;45;200;227;100;300;200;225;100;300;200;0;100;300;200;0;100;300;30;33;20;45;30;30;20;45;30;26;20;45;30;27;20;45;200;243;100;300;200;240;100;300;200;0;100;300;200;0;100;300;4;2;0.4;6;4;5;0.4;6;4;2;0.4;6;4;5;0.4;6;4;2;0.4;6;4;5;0.4;6;4;2;0.4;6;4;6;0.4;6;NOK;NOK;OK;10000;10042;8000;11000;OK;8.68;0;8;12;NOK;N/A;1.95;N/A;N/A;N/A;9;11.7;7;18;OK;;0;0;0;-;Disabled;TempOk;1;230;110.4;0;0;0;349.9;441543200 volvo 589-1;441543200 volvo 589-1;441543200 volvo 589-1
20260331_17:03:13;26282;2;2;940;932.2;910;970;OK;940;941.1;910;970;OK;941.2;940.1;-15;-18.5;-50;-20;NOK;-15;-17.9;-50;-20;NOK;-17.9;-17.9;0;-15;-18.5;-50;-20;NOK;330;341;330;500;OK;0;0;N/A;N/A;N/A;N/A;N/A;N/A;N/A;N/A;N/A;N/A;N/A;N/A;N/A;N/A;N/A;N/A;N/A;N/A;N/A;N/A;N/A;N/A;N/A;N/A;N/A;N/A;N/A;N/A;N/A;N/A;N/A;N/A;N/A;N/A;N/A;N/A;N/A;N/A;N/A;N/A;N/A;N/A;N/A;N/A;N/A;N/A;N/A;N/A;N/A;N/A;N/A;N/A;N/A;N/A;N/A;N/A;N/A;N/A;N/A;N/A;N/A;N/A;N/A;N/A;N/A;N/A;N/A;N/A;N/A;N/A;N/A;N/A;N/A;N/A;N/A;N/A;N/A;N/A;N/A;N/A;N/A;N/A;N/A;N/A;N/A;N/A;N/A;N/A;N/A;N/A;N/A;N/A;N/A;N/A;N/A;N/A;N/A;N/A;;0;409.8;0;0;;Disabled;TempStop;1;700;413.4;0;0;0;549.9;449.9;Enabled;PosOk;1;0;0;0;0;0;15;Disabled;0;0;0;0;0;0;0;0;0;0;0;0;0;0;0;0;0;0;0;0;0;0;0;0;0;0;0;0;0;0;0;0;0;0;0;0;0;0;0;0;0;0;0;0;0;0;0;0;0;0;0;0;0;0;0;0;0;0;0;0;0;0;0;0;0;0;0;0;0;0;30;32;20;45;30;30;20;45;30;25;20;45;30;25;20;45;200;227;100;300;200;225;100;300;200;0;100;300;200;0;100;300;30;33;20;45;30;30;20;45;30;26;20;45;30;28;20;45;200;242;100;300;200;240;100;300;200;0;100;300;200;1;100;300;4;2;0.4;6;4;5;0.4;6;4;2;0.4;6;4;5;0.4;6;4;2;0.4;6;4;5;0.4;6;4;2;0.4;6;4;6;0.4;6;NOK;NOK;OK;10000;10054;8000;11000;OK;8.69;0;8;12;NOK;N/A;1.95;N/A;N/A;N/A;9;11.6;7;18;OK;;0;0;0;-;Disabled;TempOk;1;230;100;0;0;0;349.9;441543200 volvo 589-1;441543200 volvo 589-1;441543200 volvo 589-1
20260331_17:03:48;26283;3;4;940;939.3;910;970;OK;940;949.6;910;970;OK;949.8;949.6;-20;-14.9;-50;-25;NOK;-20;-15.1;-50;-25;NOK;-18.9;-16.5;0;-20;-14.9;-50;-25;NOK;330;341;330;500;OK;0;0;N/A;N/A;N/A;N/A;N/A;N/A;N/A;N/A;N/A;N/A;N/A;N/A;N/A;N/A;N/A;N/A;N/A;N/A;N/A;N/A;N/A;N/A;N/A;N/A;N/A;N/A;N/A;N/A;N/A;N/A;N/A;N/A;N/A;N/A;N/A;N/A;N/A;N/A;N/A;N/A;N/A;N/A;N/A;N/A;N/A;N/A;N/A;N/A;N/A;N/A;N/A;N/A;N/A;N/A;N/A;N/A;N/A;N/A;N/A;N/A;N/A;N/A;N/A;N/A;N/A;N/A;N/A;N/A;N/A;N/A;N/A;N/A;N/A;N/A;N/A;N/A;N/A;N/A;N/A;N/A;N/A;N/A;N/A;N/A;N/A;N/A;N/A;N/A;N/A;N/A;N/A;N/A;N/A;N/A;N/A;N/A;N/A;N/A;;0;401;0;0;;Disabled;TempStop;1;700;404.6;0;0;0;549.9;449.9;Enabled;PosOk;1;0;0;0;0;0;15;Disabled;0;0;0;0;0;0;0;0;0;0;0;0;0;0;0;0;0;0;0;0;0;0;0;0;0;0;0;0;0;0;0;0;0;0;0;0;0;0;0;0;0;0;0;0;0;0;0;0;0;0;0;0;0;0;0;0;0;0;0;0;0;0;0;0;0;0;0;0;0;0;30;33;20;45;30;30;20;45;30;25;20;45;30;25;20;45;200;227;100;300;200;224;100;300;200;0;100;300;200;0;100;300;30;33;20;45;30;30;20;45;30;26;20;45;30;28;20;45;200;242;100;300;200;240;100;300;200;0;100;300;200;0;100;300;4;2;0.4;6;4;5;0.4;6;4;2;0.4;6;4;5;0.4;6;4;2;0.4;6;4;6;0.4;6;4;2;0.4;6;4;6;0.4;6;NOK;NOK;OK;10000;10036;8000;11000;OK;8.68;0;8;12;NOK;N/A;1.99;N/A;N/A;N/A;9;11.7;7;18;OK;;0;0;0;-;Disabled;TempOk;1;230;110.4;0;0;0;349.9;441543200 volvo 589-1;441543200 volvo 589-1;441543200 volvo 589-1
20260331_17:04:24;26284;4;4;940;929.9;910;970;OK;940;952.8;910;970;OK;952.6;952.6;-15;-14.8;-50;-5;OK;-15;-14.1;-50;-5;OK;-11.3;-12.7;0;-15;-14.8;-50;-5;OK;330;341;330;500;OK;244.97;245.42;N/A;N/A;N/A;N/A;N/A;N/A;N/A;N/A;N/A;N/A;N/A;N/A;N/A;N/A;N/A;N/A;N/A;N/A;N/A;N/A;N/A;N/A;N/A;N/A;N/A;N/A;N/A;N/A;N/A;N/A;N/A;N/A;N/A;N/A;N/A;N/A;N/A;N/A;N/A;N/A;N/A;N/A;N/A;N/A;N/A;N/A;N/A;N/A;N/A;N/A;N/A;N/A;N/A;N/A;N/A;N/A;N/A;N/A;N/A;N/A;N/A;N/A;N/A;N/A;N/A;N/A;N/A;N/A;N/A;N/A;N/A;N/A;N/A;N/A;N/A;N/A;N/A;N/A;N/A;N/A;N/A;N/A;N/A;N/A;N/A;N/A;N/A;N/A;N/A;N/A;N/A;N/A;N/A;N/A;N/A;N/A;N/A;N/A;;0;408.4;0;0;;Disabled;TempStop;1;700;411.8;0;0;0;549.9;449.9;Enabled;PosOk;1;0;0;0;0;0;15;Disabled;0;0;0;0;0;0;0;0;0;0;0;0;0;0;0;0;0;0;0;0;0;0;0;0;0;0;0;0;0;0;0;0;0;0;0;0;0;0;0;0;0;0;0;0;0;0;0;0;0;0;0;0;0;0;0;0;0;0;0;0;0;0;0;0;0;0;0;0;0;0;30;33;20;45;30;30;20;45;30;25;20;45;30;25;20;45;200;227;100;300;200;224;100;300;200;0;100;300;200;0;100;300;30;33;20;45;30;30;20;45;30;26;20;45;30;28;20;45;200;242;100;300;200;239;100;300;200;0;100;300;200;1;100;300;4;2;0.4;6;4;5;0.4;6;4;2;0.4;6;4;5;0.4;6;4;2;0.4;6;4;5;0.4;6;4;2;0.4;6;4;5;0.4;6;NOK;NOK;OK;10000;10057;8000;11000;OK;8.69;0;8;12;NOK;N/A;1.95;N/A;N/A;N/A;9;11.7;7;18;OK;;0;0;0;-;Disabled;TempOk;1;230;105.3;0;0;0;349.9;441543200 volvo 589-1;441543200 volvo 589-1;441543200 volvo 589-1
20260331_17:04:59;26285;1;3;940;932.1;910;970;OK;940;942.6;910;970;OK;944.4;943.5;-20;-20.9;-50;-25;NOK;-20;-21.3;-50;-25;NOK;-20.9;-21.3;0;-20;-20.9;-50;-25;NOK;330;341;330;500;OK;0;0;N/A;N/A;N/A;N/A;N/A;N/A;N/A;N/A;N/A;N/A;N/A;N/A;N/A;N/A;N/A;N/A;N/A;N/A;N/A;N/A;N/A;N/A;N/A;N/A;N/A;N/A;N/A;N/A;N/A;N/A;N/A;N/A;N/A;N/A;N/A;N/A;N/A;N/A;N/A;N/A;N/A;N/A;N/A;N/A;N/A;N/A;N/A;N/A;N/A;N/A;N/A;N/A;N/A;N/A;N/A;N/A;N/A;N/A;N/A;N/A;N/A;N/A;N/A;N/A;N/A;N/A;N/A;N/A;N/A;N/A;N/A;N/A;N/A;N/A;N/A;N/A;N/A;N/A;N/A;N/A;N/A;N/A;N/A;N/A;N/A;N/A;N/A;N/A;N/A;N/A;N/A;N/A;N/A;N/A;N/A;N/A;N/A;N/A;;0;395.3;0;0;;Disabled;TempStop;1;700;398.9;0;0;0;549.9;449.9;Enabled;PosOk;1;0;0;0;0;0;15;Disabled;0;0;0;0;0;0;0;0;0;0;0;0;0;0;0;0;0;0;0;0;0;0;0;0;0;0;0;0;0;0;0;0;0;0;0;0;0;0;0;0;0;0;0;0;0;0;0;0;0;0;0;0;0;0;0;0;0;0;0;0;0;0;0;0;0;0;0;0;4;30;30;32;20;45;30;29;20;45;30;25;20;45;30;25;20;45;200;227;100;300;200;224;100;300;200;0;100;300;200;0;100;300;30;32;20;45;30;29;20;45;30;26;20;45;30;28;20;45;200;242;100;300;200;240;100;300;200;0;100;300;200;0;100;300;4;2;0.4;6;4;5;0.4;6;4;2;0.4;6;4;6;0.4;6;4;2;0.4;6;4;6;0.4;6;4;2;0.4;6;4;6;0.4;6;NOK;NOK;OK;10000;10049;8000;11000;OK;8.68;0;8;12;NOK;N/A;1.95;N/A;N/A;N/A;9;11.4;7;18;OK;;0;0;0;-;Disabled;TempOk;1;230;109;0;0;0;349.9;441543200 volvo 589-1;441543200 volvo 589-1;441543200 volvo 589-1
20260331_17:05:34;26286;4;3;940;943.5;910;970;OK;940;953.3;910;970;OK;953.2;953.3;-15;-17;-50;-5;OK;-15;-17;-50;-5;OK;-15.5;-16.4;0;-15;-17;-50;-5;OK;330;341;330;500;OK;245.06;245.51;N/A;N/A;N/A;N/A;N/A;N/A;N/A;N/A;N/A;N/A;N/A;N/A;N/A;N/A;N/A;N/A;N/A;N/A;N/A;N/A;N/A;N/A;N/A;N/A;N/A;N/A;N/A;N/A;N/A;N/A;N/A;N/A;N/A;N/A;N/A;N/A;N/A;N/A;N/A;N/A;N/A;N/A;N/A;N/A;N/A;N/A;N/A;N/A;N/A;N/A;N/A;N/A;N/A;N/A;N/A;N/A;N/A;N/A;N/A;N/A;N/A;N/A;N/A;N/A;N/A;N/A;N/A;N/A;N/A;N/A;N/A;N/A;N/A;N/A;N/A;N/A;N/A;N/A;N/A;N/A;N/A;N/A;N/A;N/A;N/A;N/A;N/A;N/A;N/A;N/A;N/A;N/A;N/A;N/A;N/A;N/A;N/A;N/A;;0;408.8;0;0;;Disabled;TempStop;1;700;412.2;0;0;0;549.9;449.9;Enabled;PosOk;1;0;0;0;0;0;15;Disabled;0;0;0;0;0;0;0;0;0;0;0;0;0;0;0;0;0;0;0;0;0;0;0;0;0;0;0;0;0;0;0;0;0;0;0;0;0;0;0;0;0;0;0;0;0;0;0;0;0;0;0;0;0;0;0;0;0;0;0;0;0;0;0;0;0;0;0;0;0;0;30;32;20;45;30;30;20;45;30;25;20;45;30;25;20;45;200;227;100;300;200;224;100;300;200;0;100;300;200;0;100;300;30;32;20;45;30;30;20;45;30;26;20;45;30;28;20;45;200;242;100;300;200;240;100;300;200;0;100;300;200;0;100;300;4;2;0.4;6;4;5;0.4;6;4;2;0.4;6;4;5;0.4;6;4;2;0.4;6;4;6;0.4;6;4;2;0.4;6;4;6;0.4;6;NOK;NOK;OK;10000;10050;8000;11000;OK;8.68;0;8;12;NOK;N/A;1.95;N/A;N/A;N/A;9;11.7;7;18;OK;;0;0;0;-;Disabled;TempOk;1;230;103.3;0;0;0;349.9;441543200 volvo 589-1;441543200 volvo 589-1;441543200 volvo 589-1
20260331_17:06:10;26287;1;4;940;935.4;910;970;OK;940;941.5;910;970;OK;942.4;941.6;-20;-17.3;-50;-25;NOK;-20;-18.2;-50;-25;NOK;-19.4;-19.9;0;-20;-17.1;-50;-25;NOK;330;341;330;500;OK;0;0;N/A;N/A;N/A;N/A;N/A;N/A;N/A;N/A;N/A;N/A;N/A;N/A;N/A;N/A;N/A;N/A;N/A;N/A;N/A;N/A;N/A;N/A;N/A;N/A;N/A;N/A;N/A;N/A;N/A;N/A;N/A;N/A;N/A;N/A;N/A;N/A;N/A;N/A;N/A;N/A;N/A;N/A;N/A;N/A;N/A;N/A;N/A;N/A;N/A;N/A;N/A;N/A;N/A;N/A;N/A;N/A;N/A;N/A;N/A;N/A;N/A;N/A;N/A;N/A;N/A;N/A;N/A;N/A;N/A;N/A;N/A;N/A;N/A;N/A;N/A;N/A;N/A;N/A;N/A;N/A;N/A;N/A;N/A;N/A;N/A;N/A;N/A;N/A;N/A;N/A;N/A;N/A;N/A;N/A;N/A;N/A;N/A;N/A;;0;402.9;0;0;;Disabled;TempStop;1;700;405.9;0;0;0;549.9;449.9;Enabled;PosOk;1;0;0;0;0;0;15;Disabled;0;0;0;0;0;0;0;0;0;0;0;0;0;0;0;0;0;0;0;0;0;0;0;0;0;0;0;0;0;0;0;0;0;0;0;0;0;0;0;0;0;0;0;0;0;0;0;0;0;0;0;0;0;0;0;0;0;0;0;0;0;0;0;0;0;0;0;0;5;40;30;32;20;45;30;30;20;45;30;25;20;45;30;25;20;45;200;228;100;300;200;224;100;300;200;0;100;300;200;0;100;300;30;32;20;45;30;30;20;45;30;26;20;45;30;27;20;45;200;242;100;300;200;240;100;300;200;0;100;300;200;0;100;300;4;2;0.4;6;4;5;0.4;6;4;2;0.4;6;4;5;0.4;6;4;2;0.4;6;4;5;0.4;6;4;2;0.4;6;4;5;0.4;6;NOK;NOK;OK;10000;10047;8000;11000;OK;8.67;0;8;12;NOK;N/A;1.95;N/A;N/A;N/A;9;11.5;7;18;OK;;0;0;0;-;Disabled;TempOk;1;230;108;0;0;0;349.9;441543200 volvo 589-1;441543200 volvo 589-1;441543200 volvo 589-1
20260331_17:06:45;26288;4;2;940;937.3;910;970;OK;940;945;910;970;OK;945.8;945.3;-15;-14.4;-50;-5;OK;-15;-14.8;-50;-5;OK;-15.5;-15.3;0;-15;-14.4;-50;-5;OK;330;341;330;500;OK;245.14;245.58;N/A;N/A;N/A;N/A;N/A;N/A;N/A;N/A;N/A;N/A;N/A;N/A;N/A;N/A;N/A;N/A;N/A;N/A;N/A;N/A;N/A;N/A;N/A;N/A;N/A;N/A;N/A;N/A;N/A;N/A;N/A;N/A;N/A;N/A;N/A;N/A;N/A;N/A;N/A;N/A;N/A;N/A;N/A;N/A;N/A;N/A;N/A;N/A;N/A;N/A;N/A;N/A;N/A;N/A;N/A;N/A;N/A;N/A;N/A;N/A;N/A;N/A;N/A;N/A;N/A;N/A;N/A;N/A;N/A;N/A;N/A;N/A;N/A;N/A;N/A;N/A;N/A;N/A;N/A;N/A;N/A;N/A;N/A;N/A;N/A;N/A;N/A;N/A;N/A;N/A;N/A;N/A;N/A;N/A;N/A;N/A;N/A;N/A;;0;400.8;0;0;;Disabled;TempStop;1;700;404.2;0;0;0;549.9;449.9;Enabled;PosOk;1;0;0;0;0;0;15;Disabled;0;0;0;0;0;0;0;0;0;0;0;0;0;0;0;0;0;0;0;0;0;0;0;0;0;0;0;0;0;0;0;0;0;0;0;0;0;0;0;0;0;0;0;0;0;0;0;0;0;0;0;0;0;0;0;0;0;0;0;0;0;0;0;0;0;0;0;0;0;0;30;32;20;45;30;30;20;45;30;25;20;45;30;25;20;45;200;227;100;300;200;224;100;300;200;0;100;300;200;0;100;300;30;33;20;45;30;30;20;45;30;26;20;45;30;28;20;45;200;242;100;300;200;240;100;300;200;0;100;300;200;0;100;300;4;2;0.4;6;4;5;0.4;6;4;2;0.4;6;4;5;0.4;6;4;2;0.4;6;4;5;0.4;6;4;2;0.4;6;4;6;0.4;6;NOK;NOK;OK;10000;10041;8000;11000;OK;8.68;0;8;12;NOK;N/A;1.95;N/A;N/A;N/A;9;11.7;7;18;OK;;0;0;0;-;Disabled;TempOk;1;230;112.6;0;0;0;349.9;441543200 volvo 589-1;441543200 volvo 589-1;441543200 volvo 589-1
20260331_17:07:20;26289;3;3;940;931.4;910;970;OK;940;941.4;910;970;OK;941.7;941;-20;-19.7;-50;-25;NOK;-20;-19.6;-50;-25;NOK;-19;-19.1;0;-20;-19.7;-50;-25;NOK;330;341;330;500;OK;0;0;N/A;N/A;N/A;N/A;N/A;N/A;N/A;N/A;N/A;N/A;N/A;N/A;N/A;N/A;N/A;N/A;N/A;N/A;N/A;N/A;N/A;N/A;N/A;N/A;N/A;N/A;N/A;N/A;N/A;N/A;N/A;N/A;N/A;N/A;N/A;N/A;N/A;N/A;N/A;N/A;N/A;N/A;N/A;N/A;N/A;N/A;N/A;N/A;N/A;N/A;N/A;N/A;N/A;N/A;N/A;N/A;N/A;N/A;N/A;N/A;N/A;N/A;N/A;N/A;N/A;N/A;N/A;N/A;N/A;N/A;N/A;N/A;N/A;N/A;N/A;N/A;N/A;N/A;N/A;N/A;N/A;N/A;N/A;N/A;N/A;N/A;N/A;N/A;N/A;N/A;N/A;N/A;N/A;N/A;N/A;N/A;N/A;N/A;;0;407.7;0;0;;Disabled;TempStop;1;700;411.4;0;0;0;549.9;449.9;Enabled;PosOk;1;0;0;0;0;0;15;Disabled;0;0;0;0;0;0;0;0;0;0;0;0;0;0;0;0;0;0;0;0;0;0;0;0;0;0;0;0;0;0;0;0;0;0;0;0;0;0;0;0;0;0;0;0;0;0;0;0;0;0;0;0;0;0;0;0;0;0;0;0;0;0;0;0;0;0;0;0;0;0;30;32;20;45;30;30;20;45;30;25;20;45;30;25;20;45;200;227;100;300;200;225;100;300;200;0;100;300;200;0;100;300;30;33;20;45;30;30;20;45;30;26;20;45;30;28;20;45;200;243;100;300;200;240;100;300;200;0;100;300;200;0;100;300;4;2;0.4;6;4;5;0.4;6;4;2;0.4;6;4;6;0.4;6;4;2;0.4;6;4;5;0.4;6;4;2;0.4;6;4;6;0.4;6;NOK;NOK;OK;10000;10029;8000;11000;OK;8.67;0;8;12;NOK;N/A;1.95;N/A;N/A;N/A;9;11.7;7;18;OK;;0;0;0;-;Disabled;TempOk;1;230;106.6;0;0;0;349.9;441543200 volvo 589-1;441543200 volvo 589-1;441543200 volvo 589-1
20260331_17:07:56;26290;2;4;940;932.8;910;970;OK;940;940.9;910;970;OK;941.2;940.5;-15;-19.9;-50;-20;NOK;-15;-19.3;-50;-20;NOK;-18.7;-19;0;-15;-19.9;-50;-20;NOK;330;341;330;500;OK;0;0;N/A;N/A;N/A;N/A;N/A;N/A;N/A;N/A;N/A;N/A;N/A;N/A;N/A;N/A;N/A;N/A;N/A;N/A;N/A;N/A;N/A;N/A;N/A;N/A;N/A;N/A;N/A;N/A;N/A;N/A;N/A;N/A;N/A;N/A;N/A;N/A;N/A;N/A;N/A;N/A;N/A;N/A;N/A;N/A;N/A;N/A;N/A;N/A;N/A;N/A;N/A;N/A;N/A;N/A;N/A;N/A;N/A;N/A;N/A;N/A;N/A;N/A;N/A;N/A;N/A;N/A;N/A;N/A;N/A;N/A;N/A;N/A;N/A;N/A;N/A;N/A;N/A;N/A;N/A;N/A;N/A;N/A;N/A;N/A;N/A;N/A;N/A;N/A;N/A;N/A;N/A;N/A;N/A;N/A;N/A;N/A;N/A;N/A;;0;410;0;0;;Disabled;TempStop;1;700;413.6;0;0;0;549.9;449.9;Enabled;PosOk;1;0;0;0;0;0;15;Disabled;0;0;0;0;0;0;0;0;0;0;0;0;0;0;0;0;0;0;0;0;0;0;0;0;0;0;0;0;0;0;0;0;0;0;0;0;0;0;0;0;0;0;0;0;0;0;0;0;0;0;0;0;0;0;0;0;0;0;0;0;0;0;0;0;0;0;0;0;0;0;30;33;20;45;30;30;20;45;30;25;20;45;30;25;20;45;200;227;100;300;200;224;100;300;200;0;100;300;200;0;100;300;30;33;20;45;30;30;20;45;30;26;20;45;30;27;20;45;200;242;100;300;200;240;100;300;200;0;100;300;200;0;100;300;4;2;0.4;6;4;5;0.4;6;4;2;0.4;6;4;6;0.4;6;4;2;0.4;6;4;5;0.4;6;4;2;0.4;6;4;6;0.4;6;NOK;NOK;OK;10000;10049;8000;11000;OK;8.68;0;8;12;NOK;N/A;1.95;N/A;N/A;N/A;9;11.6;7;18;OK;;0;0;0;-;Disabled;TempOk;1;230;110.8;0;0;0;349.9;441543200 volvo 589-1;441543200 volvo 589-1;441543200 volvo 589-1
20260331_17:08:31;26291;3;5;940;944.8;910;970;OK;940;952.7;910;970;OK;955.1;954.1;-20;-19;-50;-25;NOK;-20;-19;-50;-25;NOK;-16.5;-17.6;0;-20;-19;-50;-25;NOK;330;341;330;500;OK;0;0;N/A;N/A;N/A;N/A;N/A;N/A;N/A;N/A;N/A;N/A;N/A;N/A;N/A;N/A;N/A;N/A;N/A;N/A;N/A;N/A;N/A;N/A;N/A;N/A;N/A;N/A;N/A;N/A;N/A;N/A;N/A;N/A;N/A;N/A;N/A;N/A;N/A;N/A;N/A;N/A;N/A;N/A;N/A;N/A;N/A;N/A;N/A;N/A;N/A;N/A;N/A;N/A;N/A;N/A;N/A;N/A;N/A;N/A;N/A;N/A;N/A;N/A;N/A;N/A;N/A;N/A;N/A;N/A;N/A;N/A;N/A;N/A;N/A;N/A;N/A;N/A;N/A;N/A;N/A;N/A;N/A;N/A;N/A;N/A;N/A;N/A;N/A;N/A;N/A;N/A;N/A;N/A;N/A;N/A;N/A;N/A;N/A;N/A;;0;405.3;0;0;;Disabled;TempStop;1;700;408.8;0;0;0;549.9;449.9;Enabled;PosOk;1;0;0;0;0;0;15;Disabled;0;0;0;0;0;0;0;0;0;0;0;0;0;0;0;0;0;0;0;0;0;0;0;0;0;0;0;0;0;0;0;0;0;0;0;0;0;0;0;0;0;0;0;0;0;0;0;0;0;0;0;0;0;0;0;0;0;0;0;0;0;0;0;0;0;0;0;0;0;0;30;32;20;45;30;29;20;45;30;25;20;45;30;25;20;45;200;227;100;300;200;224;100;300;200;0;100;300;200;0;100;300;30;32;20;45;30;29;20;45;30;26;20;45;30;27;20;45;200;243;100;300;200;241;100;300;200;0;100;300;200;0;100;300;4;2;0.4;6;4;5;0.4;6;4;2;0.4;6;4;5;0.4;6;4;2;0.4;6;4;6;0.4;6;4;2;0.4;6;4;6;0.4;6;NOK;NOK;OK;10000;10045;8000;11000;OK;8.68;0;8;12;NOK;N/A;1.95;N/A;N/A;N/A;9;11.7;7;18;OK;;0;0;0;-;Disabled;TempOk;1;230;105.7;0;0;0;349.9;441543200 volvo 589-1;441543200 volvo 589-1;441543200 volvo 589-1
20260331_17:09:06;26292;2;2;940;932.5;910;970;OK;940;941.1;910;970;OK;941.2;940.1;-15;-18;-50;-20;NOK;-15;-18.2;-50;-20;NOK;-17.8;-17.9;0;-15;-18;-50;-20;NOK;330;341;330;500;OK;0;0;N/A;N/A;N/A;N/A;N/A;N/A;N/A;N/A;N/A;N/A;N/A;N/A;N/A;N/A;N/A;N/A;N/A;N/A;N/A;N/A;N/A;N/A;N/A;N/A;N/A;N/A;N/A;N/A;N/A;N/A;N/A;N/A;N/A;N/A;N/A;N/A;N/A;N/A;N/A;N/A;N/A;N/A;N/A;N/A;N/A;N/A;N/A;N/A;N/A;N/A;N/A;N/A;N/A;N/A;N/A;N/A;N/A;N/A;N/A;N/A;N/A;N/A;N/A;N/A;N/A;N/A;N/A;N/A;N/A;N/A;N/A;N/A;N/A;N/A;N/A;N/A;N/A;N/A;N/A;N/A;N/A;N/A;N/A;N/A;N/A;N/A;N/A;N/A;N/A;N/A;N/A;N/A;N/A;N/A;N/A;N/A;N/A;N/A;;0;398.8;0;0;;Disabled;TempStop;1;700;402;0;0;0;549.9;449.9;Enabled;PosOk;1;0;0;0;0;0;15;Disabled;0;0;0;0;0;0;0;0;0;0;0;0;0;0;0;0;0;0;0;0;0;0;0;0;0;0;0;0;0;0;0;0;0;0;0;0;0;0;0;0;0;0;0;0;0;0;0;0;0;0;0;0;0;0;0;0;0;0;0;0;0;0;0;0;0;0;0;0;0;0;30;32;20;45;30;29;20;45;30;25;20;45;30;25;20;45;200;227;100;300;200;224;100;300;200;0;100;300;200;0;100;300;30;32;20;45;30;29;20;45;30;26;20;45;30;28;20;45;200;242;100;300;200;240;100;300;200;0;100;300;200;0;100;300;4;2;0.4;6;4;5;0.4;6;4;2;0.4;6;4;5;0.4;6;4;2;0.4;6;4;6;0.4;6;4;2;0.4;6;4;6;0.4;6;NOK;NOK;OK;10000;10036;8000;11000;OK;8.67;0;8;12;NOK;N/A;1.95;N/A;N/A;N/A;9;11.6;7;18;OK;;0;0;0;-;Disabled;TempOk;1;230;105.9;0;0;0;349.9;441543200 volvo 589-1;441543200 volvo 589-1;441543200 volvo 589-1
20260331_17:09:42;26293;3;4;940;941.7;910;970;OK;940;951.6;910;970;OK;951.5;951.5;-20;-15.2;-50;-25;NOK;-20;-15.4;-50;-25;NOK;-19.6;-17.1;0;-20;-15.2;-50;-25;NOK;330;341;330;500;OK;0;0;N/A;N/A;N/A;N/A;N/A;N/A;N/A;N/A;N/A;N/A;N/A;N/A;N/A;N/A;N/A;N/A;N/A;N/A;N/A;N/A;N/A;N/A;N/A;N/A;N/A;N/A;N/A;N/A;N/A;N/A;N/A;N/A;N/A;N/A;N/A;N/A;N/A;N/A;N/A;N/A;N/A;N/A;N/A;N/A;N/A;N/A;N/A;N/A;N/A;N/A;N/A;N/A;N/A;N/A;N/A;N/A;N/A;N/A;N/A;N/A;N/A;N/A;N/A;N/A;N/A;N/A;N/A;N/A;N/A;N/A;N/A;N/A;N/A;N/A;N/A;N/A;N/A;N/A;N/A;N/A;N/A;N/A;N/A;N/A;N/A;N/A;N/A;N/A;N/A;N/A;N/A;N/A;N/A;N/A;N/A;N/A;N/A;N/A;;0;389.5;0;0;;Disabled;TempStop;1;700;392.7;0;0;0;549.9;449.9;Enabled;PosOk;1;0;0;0;0;0;15;Disabled;0;0;0;0;0;0;0;0;0;0;0;0;0;0;0;0;0;0;0;0;0;0;0;0;0;0;0;0;0;0;0;0;0;0;0;0;0;0;0;0;0;0;0;0;0;0;0;0;0;0;0;0;0;0;0;0;0;0;0;0;0;0;0;0;0;0;0;0;0;0;30;32;20;45;30;30;20;45;30;25;20;45;30;25;20;45;200;227;100;300;200;225;100;300;200;0;100;300;200;0;100;300;30;32;20;45;30;29;20;45;30;26;20;45;30;28;20;45;200;243;100;300;200;240;100;300;200;0;100;300;200;0;100;300;4;2;0.4;6;4;5;0.4;6;4;2;0.4;6;4;6;0.4;6;4;2;0.4;6;4;5;0.4;6;4;2;0.4;6;4;6;0.4;6;NOK;NOK;OK;10000;10059;8000;11000;OK;8.68;0;8;12;NOK;N/A;1.96;N/A;N/A;N/A;9;11.8;7;18;OK;;0;0;0;-;Disabled;TempOk;1;230;109.5;0;0;0;349.9;441543200 volvo 589-1;441543200 volvo 589-1;441543200 volvo 589-1
20260331_17:10:17;26294;4;4;940;931.3;910;970;OK;940;954.6;910;970;OK;954.1;954.3;-15;-14.4;-50;-5;OK;-15;-13.8;-50;-5;OK;-11;-12.3;0;-15;-14.5;-50;-5;OK;330;341;330;500;OK;245.44;245.88;N/A;N/A;N/A;N/A;N/A;N/A;N/A;N/A;N/A;N/A;N/A;N/A;N/A;N/A;N/A;N/A;N/A;N/A;N/A;N/A;N/A;N/A;N/A;N/A;N/A;N/A;N/A;N/A;N/A;N/A;N/A;N/A;N/A;N/A;N/A;N/A;N/A;N/A;N/A;N/A;N/A;N/A;N/A;N/A;N/A;N/A;N/A;N/A;N/A;N/A;N/A;N/A;N/A;N/A;N/A;N/A;N/A;N/A;N/A;N/A;N/A;N/A;N/A;N/A;N/A;N/A;N/A;N/A;N/A;N/A;N/A;N/A;N/A;N/A;N/A;N/A;N/A;N/A;N/A;N/A;N/A;N/A;N/A;N/A;N/A;N/A;N/A;N/A;N/A;N/A;N/A;N/A;N/A;N/A;N/A;N/A;N/A;N/A;;0;400.7;0;0;;Disabled;TempStop;1;700;404.3;0;0;0;549.9;449.9;Enabled;PosOk;1;0;0;0;0;0;15;Disabled;0;0;0;0;0;0;0;0;0;0;0;0;0;0;0;0;0;0;0;0;0;0;0;0;0;0;0;0;0;0;0;0;0;0;0;0;0;0;0;0;0;0;0;0;0;0;0;0;0;0;0;0;0;0;0;0;0;0;0;0;0;0;0;0;0;0;0;0;0;0;30;32;20;45;30;30;20;45;30;25;20;45;30;25;20;45;200;227;100;300;200;224;100;300;200;0;100;300;200;0;100;300;30;32;20;45;30;30;20;45;30;26;20;45;30;28;20;45;200;242;100;300;200;240;100;300;200;0;100;300;200;0;100;300;4;2;0.4;6;4;5;0.4;6;4;2;0.4;6;4;5;0.4;6;4;2;0.4;6;4;6;0.4;6;4;2;0.4;6;4;6;0.4;6;NOK;NOK;OK;10000;10043;8000;11000;OK;8.67;0;8;12;NOK;N/A;1.96;N/A;N/A;N/A;9;11.7;7;18;OK;;0;0;0;-;Disabled;TempOk;1;230;105.7;0;0;0;349.9;441543200 volvo 589-1;441543200 volvo 589-1;441543200 volvo 589-1
20260331_17:10:52;26295;1;3;940;933;910;970;OK;940;943.4;910;970;OK;943.9;944.1;-20;-21.2;-50;-25;NOK;-20;-21.2;-50;-25;NOK;-20.6;-21.1;0;-20;-21.2;-50;-25;NOK;330;341;330;500;OK;0;0;N/A;N/A;N/A;N/A;N/A;N/A;N/A;N/A;N/A;N/A;N/A;N/A;N/A;N/A;N/A;N/A;N/A;N/A;N/A;N/A;N/A;N/A;N/A;N/A;N/A;N/A;N/A;N/A;N/A;N/A;N/A;N/A;N/A;N/A;N/A;N/A;N/A;N/A;N/A;N/A;N/A;N/A;N/A;N/A;N/A;N/A;N/A;N/A;N/A;N/A;N/A;N/A;N/A;N/A;N/A;N/A;N/A;N/A;N/A;N/A;N/A;N/A;N/A;N/A;N/A;N/A;N/A;N/A;N/A;N/A;N/A;N/A;N/A;N/A;N/A;N/A;N/A;N/A;N/A;N/A;N/A;N/A;N/A;N/A;N/A;N/A;N/A;N/A;N/A;N/A;N/A;N/A;N/A;N/A;N/A;N/A;N/A;N/A;;0;401.4;0;0;;Disabled;TempStop;1;700;404.7;0;0;0;549.9;449.9;Enabled;PosOk;1;0;0;0;0;0;15;Disabled;0;0;0;0;0;0;0;0;0;0;0;0;0;0;0;0;0;0;0;0;0;0;0;0;0;0;0;0;0;0;0;0;0;0;0;0;0;0;0;0;0;0;0;0;0;0;0;0;0;0;0;0;0;0;0;0;0;0;0;0;0;0;0;0;0;0;0;0;10;23;30;32;20;45;30;30;20;45;30;25;20;45;30;25;20;45;200;227;100;300;200;225;100;300;200;0;100;300;200;0;100;300;30;33;20;45;30;30;20;45;30;26;20;45;30;28;20;45;200;242;100;300;200;240;100;300;200;0;100;300;200;0;100;300;4;2;0.4;6;4;5;0.4;6;4;2;0.4;6;4;5;0.4;6;4;2;0.4;6;4;6;0.4;6;4;2;0.4;6;4;6;0.4;6;NOK;NOK;OK;10000;10046;8000;11000;OK;8.68;0;8;12;NOK;N/A;1.95;N/A;N/A;N/A;9;10.8;7;18;OK;;0;0;0;-;Disabled;TempOk;1;230;108;0;0;0;349.9;441543200 volvo 589-1;441543200 volvo 589-1;441543200 volvo 589-1
20260331_17:11:27;26296;4;3;940;945.7;910;970;OK;940;954.2;910;970;OK;953.7;953.8;-15;-17.1;-50;-5;OK;-15;-17;-50;-5;OK;-15.4;-16.3;0;-15;-17.2;-50;-5;OK;330;341;330;500;OK;245.52;245.97;N/A;N/A;N/A;N/A;N/A;N/A;N/A;N/A;N/A;N/A;N/A;N/A;N/A;N/A;N/A;N/A;N/A;N/A;N/A;N/A;N/A;N/A;N/A;N/A;N/A;N/A;N/A;N/A;N/A;N/A;N/A;N/A;N/A;N/A;N/A;N/A;N/A;N/A;N/A;N/A;N/A;N/A;N/A;N/A;N/A;N/A;N/A;N/A;N/A;N/A;N/A;N/A;N/A;N/A;N/A;N/A;N/A;N/A;N/A;N/A;N/A;N/A;N/A;N/A;N/A;N/A;N/A;N/A;N/A;N/A;N/A;N/A;N/A;N/A;N/A;N/A;N/A;N/A;N/A;N/A;N/A;N/A;N/A;N/A;N/A;N/A;N/A;N/A;N/A;N/A;N/A;N/A;N/A;N/A;N/A;N/A;N/A;N/A;;0;402.2;0;0;;Disabled;TempStop;1;700;405.5;0;0;0;549.9;449.9;Enabled;PosOk;1;0;0;0;0;0;15;Disabled;0;0;0;0;0;0;0;0;0;0;0;0;0;0;0;0;0;0;0;0;0;0;0;0;0;0;0;0;0;0;0;0;0;0;0;0;0;0;0;0;0;0;0;0;0;0;0;0;0;0;0;0;0;0;0;0;0;0;0;0;0;0;0;0;0;0;0;0;0;0;30;33;20;45;30;30;20;45;30;25;20;45;30;25;20;45;200;227;100;300;200;224;100;300;200;0;100;300;200;0;100;300;30;33;20;45;30;30;20;45;30;26;20;45;30;28;20;45;200;243;100;300;200;241;100;300;200;0;100;300;200;0;100;300;4;2;0.4;6;4;5;0.4;6;4;2;0.4;6;4;5;0.4;6;4;2;0.4;6;4;6;0.4;6;4;2;0.4;6;4;6;0.4;6;NOK;NOK;OK;10000;10050;8000;11000;OK;8.68;0;8;12;NOK;N/A;1.95;N/A;N/A;N/A;9;11.7;7;18;OK;;0;0;0;-;Disabled;TempOk;1;230;114.8;0;0;0;349.9;441543200 volvo 589-1;441543200 volvo 589-1;441543200 volvo 589-1
20260331_17:12:03;26297;1;4;940;934.3;910;970;OK;940;941.7;910;970;OK;943.2;942.3;-20;-17.1;-50;-25;NOK;-20;-18.1;-50;-25;NOK;-19.2;-19.7;0;-20;-17;-50;-25;NOK;330;341;330;500;OK;0;0;N/A;N/A;N/A;N/A;N/A;N/A;N/A;N/A;N/A;N/A;N/A;N/A;N/A;N/A;N/A;N/A;N/A;N/A;N/A;N/A;N/A;N/A;N/A;N/A;N/A;N/A;N/A;N/A;N/A;N/A;N/A;N/A;N/A;N/A;N/A;N/A;N/A;N/A;N/A;N/A;N/A;N/A;N/A;N/A;N/A;N/A;N/A;N/A;N/A;N/A;N/A;N/A;N/A;N/A;N/A;N/A;N/A;N/A;N/A;N/A;N/A;N/A;N/A;N/A;N/A;N/A;N/A;N/A;N/A;N/A;N/A;N/A;N/A;N/A;N/A;N/A;N/A;N/A;N/A;N/A;N/A;N/A;N/A;N/A;N/A;N/A;N/A;N/A;N/A;N/A;N/A;N/A;N/A;N/A;N/A;N/A;N/A;N/A;;0;400.5;0;0;;Disabled;TempStop;1;700;403.7;0;0;0;549.9;449.9;Enabled;PosOk;1;0;0;0;0;0;15;Disabled;0;0;0;0;0;0;0;0;0;0;0;0;0;0;0;0;0;0;0;0;0;0;0;0;0;0;0;0;0;0;0;0;0;0;0;0;0;0;0;0;0;0;0;0;0;0;0;0;0;0;0;0;0;0;0;0;0;0;0;0;0;0;0;0;0;0;0;0;11;34;30;33;20;45;30;30;20;45;30;25;20;45;30;25;20;45;200;228;100;300;200;224;100;300;200;0;100;300;200;0;100;300;30;33;20;45;30;30;20;45;30;26;20;45;30;28;20;45;200;243;100;300;200;240;100;300;200;0;100;300;200;0;100;300;4;2;0.4;6;4;5;0.4;6;4;2;0.4;6;4;6;0.4;6;4;2;0.4;6;4;5;0.4;6;4;2;0.4;6;4;6;0.4;6;NOK;NOK;OK;10000;10038;8000;11000;OK;8.67;0;8;12;NOK;N/A;1.95;N/A;N/A;N/A;9;10.8;7;18;OK;;0;0;0;-;Disabled;TempOk;1;230;107.6;0;0;0;349.9;441543200 volvo 589-1;441543200 volvo 589-1;441543200 volvo 589-1
20260331_17:12:38;26298;4;2;940;937.8;910;970;OK;940;945.9;910;970;OK;946.5;946.1;-15;-14.7;-50;-5;OK;-15;-14.9;-50;-5;OK;-15.4;-15.2;0;-15;-14.7;-50;-5;OK;330;341;330;500;OK;245.59;246.05;N/A;N/A;N/A;N/A;N/A;N/A;N/A;N/A;N/A;N/A;N/A;N/A;N/A;N/A;N/A;N/A;N/A;N/A;N/A;N/A;N/A;N/A;N/A;N/A;N/A;N/A;N/A;N/A;N/A;N/A;N/A;N/A;N/A;N/A;N/A;N/A;N/A;N/A;N/A;N/A;N/A;N/A;N/A;N/A;N/A;N/A;N/A;N/A;N/A;N/A;N/A;N/A;N/A;N/A;N/A;N/A;N/A;N/A;N/A;N/A;N/A;N/A;N/A;N/A;N/A;N/A;N/A;N/A;N/A;N/A;N/A;N/A;N/A;N/A;N/A;N/A;N/A;N/A;N/A;N/A;N/A;N/A;N/A;N/A;N/A;N/A;N/A;N/A;N/A;N/A;N/A;N/A;N/A;N/A;N/A;N/A;N/A;N/A;;0;406.3;0;0;;Disabled;TempStop;1;700;409.8;0;0;0;549.9;449.9;Enabled;PosOk;1;0;0;0;0;0;15;Disabled;0;0;0;0;0;0;0;0;0;0;0;0;0;0;0;0;0;0;0;0;0;0;0;0;0;0;0;0;0;0;0;0;0;0;0;0;0;0;0;0;0;0;0;0;0;0;0;0;0;0;0;0;0;0;0;0;0;0;0;0;0;0;0;0;0;0;0;0;0;0;30;32;20;45;30;29;20;45;30;25;20;45;30;25;20;45;200;227;100;300;200;224;100;300;200;0;100;300;200;0;100;300;30;32;20;45;30;29;20;45;30;26;20;45;30;28;20;45;200;243;100;300;200;240;100;300;200;0;100;300;200;0;100;300;4;2;0.4;6;4;5;0.4;6;4;2;0.4;6;4;5;0.4;6;4;2;0.4;6;4;5;0.4;6;4;2;0.4;6;4;6;0.4;6;NOK;NOK;OK;10000;10061;8000;11000;OK;8.68;0;8;12;NOK;N/A;1.95;N/A;N/A;N/A;9;11.7;7;18;OK;;0;0;0;-;Disabled;TempOk;1;230;117.5;0;0;0;349.9;441543200 volvo 589-1;441543200 volvo 589-1;441543200 volvo 589-1
20260331_17:13:13;26299;3;3;940;932.5;910;970;OK;940;941.4;910;970;OK;942.2;941.4;-20;-19.8;-50;-25;NOK;-20;-19.2;-50;-25;NOK;-18.9;-18.9;0;-20;-19.8;-50;-25;NOK;330;341;330;500;OK;0;0;N/A;N/A;N/A;N/A;N/A;N/A;N/A;N/A;N/A;N/A;N/A;N/A;N/A;N/A;N/A;N/A;N/A;N/A;N/A;N/A;N/A;N/A;N/A;N/A;N/A;N/A;N/A;N/A;N/A;N/A;N/A;N/A;N/A;N/A;N/A;N/A;N/A;N/A;N/A;N/A;N/A;N/A;N/A;N/A;N/A;N/A;N/A;N/A;N/A;N/A;N/A;N/A;N/A;N/A;N/A;N/A;N/A;N/A;N/A;N/A;N/A;N/A;N/A;N/A;N/A;N/A;N/A;N/A;N/A;N/A;N/A;N/A;N/A;N/A;N/A;N/A;N/A;N/A;N/A;N/A;N/A;N/A;N/A;N/A;N/A;N/A;N/A;N/A;N/A;N/A;N/A;N/A;N/A;N/A;N/A;N/A;N/A;N/A;;0;393.4;0;0;;Disabled;TempStop;1;700;396.5;0;0;0;549.9;449.9;Enabled;PosOk;1;0;0;0;0;0;15;Disabled;0;0;0;0;0;0;0;0;0;0;0;0;0;0;0;0;0;0;0;0;0;0;0;0;0;0;0;0;0;0;0;0;0;0;0;0;0;0;0;0;0;0;0;0;0;0;0;0;0;0;0;0;0;0;0;0;0;0;0;0;0;0;0;0;0;0;0;0;0;0;30;32;20;45;30;29;20;45;30;25;20;45;30;25;20;45;200;227;100;300;200;224;100;300;200;0;100;300;200;0;100;300;30;32;20;45;30;30;20;45;30;26;20;45;30;28;20;45;200;243;100;300;200;241;100;300;200;0;100;300;200;0;100;300;4;2;0.4;6;4;5;0.4;6;4;2;0.4;6;4;5;0.4;6;4;2;0.4;6;4;5;0.4;6;4;2;0.4;6;4;6;0.4;6;NOK;NOK;OK;10000;10045;8000;11000;OK;8.67;0;8;12;NOK;N/A;1.95;N/A;N/A;N/A;9;11.6;7;18;OK;;0;0;0;-;Disabled;TempOk;1;230;108.3;0;0;0;349.9;441543200 volvo 589-1;441543200 volvo 589-1;441543200 volvo 589-1
20260331_17:13:49;26300;2;4;940;933.4;910;970;OK;940;941;910;970;OK;941.5;940.6;-15;-19.4;-50;-20;NOK;-15;-18.9;-50;-20;NOK;-18.5;-18.8;0;-15;-19.4;-50;-20;NOK;330;341;330;500;OK;0;0;N/A;N/A;N/A;N/A;N/A;N/A;N/A;N/A;N/A;N/A;N/A;N/A;N/A;N/A;N/A;N/A;N/A;N/A;N/A;N/A;N/A;N/A;N/A;N/A;N/A;N/A;N/A;N/A;N/A;N/A;N/A;N/A;N/A;N/A;N/A;N/A;N/A;N/A;N/A;N/A;N/A;N/A;N/A;N/A;N/A;N/A;N/A;N/A;N/A;N/A;N/A;N/A;N/A;N/A;N/A;N/A;N/A;N/A;N/A;N/A;N/A;N/A;N/A;N/A;N/A;N/A;N/A;N/A;N/A;N/A;N/A;N/A;N/A;N/A;N/A;N/A;N/A;N/A;N/A;N/A;N/A;N/A;N/A;N/A;N/A;N/A;N/A;N/A;N/A;N/A;N/A;N/A;N/A;N/A;N/A;N/A;N/A;N/A;;0;411.1;0;0;;Disabled;TempStop;1;700;414.5;0;0;0;549.9;449.9;Enabled;PosOk;1;0;0;0;0;0;15;Disabled;0;0;0;0;0;0;0;0;0;0;0;0;0;0;0;0;0;0;0;0;0;0;0;0;0;0;0;0;0;0;0;0;0;0;0;0;0;0;0;0;0;0;0;0;0;0;0;0;0;0;0;0;0;0;0;0;0;0;0;0;0;0;0;0;0;0;0;0;0;0;30;32;20;45;30;30;20;45;30;25;20;45;30;25;20;45;200;227;100;300;200;224;100;300;200;0;100;300;200;0;100;300;30;32;20;45;30;30;20;45;30;26;20;45;30;28;20;45;200;243;100;300;200;241;100;300;200;0;100;300;200;0;100;300;4;2;0.4;6;4;5;0.4;6;4;2;0.4;6;4;5;0.4;6;4;2;0.4;6;4;6;0.4;6;4;2;0.4;6;4;6;0.4;6;NOK;NOK;OK;10000;10040;8000;11000;OK;8.67;0;8;12;NOK;N/A;1.99;N/A;N/A;N/A;9;11.7;7;18;OK;;0;0;0;-;Disabled;TempOk;1;230;105.7;0;0;0;349.9;441543200 volvo 589-1;441543200 volvo 589-1;441543200 volvo 589-1
20260331_17:14:24;26301;3;5;940;947.8;910;970;OK;940;955.4;910;970;OK;957.3;956.5;-20;-19.2;-50;-25;NOK;-20;-18.6;-50;-25;NOK;-16.2;-17.3;0;-20;-19.2;-50;-25;NOK;330;341;330;500;OK;0;0;N/A;N/A;N/A;N/A;N/A;N/A;N/A;N/A;N/A;N/A;N/A;N/A;N/A;N/A;N/A;N/A;N/A;N/A;N/A;N/A;N/A;N/A;N/A;N/A;N/A;N/A;N/A;N/A;N/A;N/A;N/A;N/A;N/A;N/A;N/A;N/A;N/A;N/A;N/A;N/A;N/A;N/A;N/A;N/A;N/A;N/A;N/A;N/A;N/A;N/A;N/A;N/A;N/A;N/A;N/A;N/A;N/A;N/A;N/A;N/A;N/A;N/A;N/A;N/A;N/A;N/A;N/A;N/A;N/A;N/A;N/A;N/A;N/A;N/A;N/A;N/A;N/A;N/A;N/A;N/A;N/A;N/A;N/A;N/A;N/A;N/A;N/A;N/A;N/A;N/A;N/A;N/A;N/A;N/A;N/A;N/A;N/A;N/A;;0;398.2;0;0;;Disabled;TempStop;1;700;401.6;0;0;0;549.9;449.9;Enabled;PosOk;1;0;0;0;0;0;15;Disabled;0;0;0;0;0;0;0;0;0;0;0;0;0;0;0;0;0;0;0;0;0;0;0;0;0;0;0;0;0;0;0;0;0;0;0;0;0;0;0;0;0;0;0;0;0;0;0;0;0;0;0;0;0;0;0;0;0;0;0;0;0;0;0;0;0;0;0;0;0;0;30;32;20;45;30;30;20;45;30;25;20;45;30;25;20;45;200;227;100;300;200;224;100;300;200;0;100;300;200;0;100;300;30;33;20;45;30;30;20;45;30;26;20;45;30;28;20;45;200;243;100;300;200;240;100;300;200;0;100;300;200;0;100;300;4;2;0.4;6;4;5;0.4;6;4;2;0.4;6;4;5;0.4;6;4;2;0.4;6;4;6;0.4;6;4;2;0.4;6;4;5;0.4;6;NOK;NOK;OK;10000;10033;8000;11000;OK;8.66;0;8;12;NOK;N/A;1.95;N/A;N/A;N/A;9;11.7;7;18;OK;;0;0;0;-;Disabled;TempOk;1;230;113.8;0;0;0;349.9;441543200 volvo 589-1;441543200 volvo 589-1;441543200 volvo 589-1
20260331_17:14:59;26302;2;2;940;932.8;910;970;OK;940;941.2;910;970;OK;941.4;940.3;-15;-18.3;-50;-20;NOK;-15;-17.6;-50;-20;NOK;-17.3;-17.4;0;-15;-18.3;-50;-20;NOK;330;341;330;500;OK;0;0;N/A;N/A;N/A;N/A;N/A;N/A;N/A;N/A;N/A;N/A;N/A;N/A;N/A;N/A;N/A;N/A;N/A;N/A;N/A;N/A;N/A;N/A;N/A;N/A;N/A;N/A;N/A;N/A;N/A;N/A;N/A;N/A;N/A;N/A;N/A;N/A;N/A;N/A;N/A;N/A;N/A;N/A;N/A;N/A;N/A;N/A;N/A;N/A;N/A;N/A;N/A;N/A;N/A;N/A;N/A;N/A;N/A;N/A;N/A;N/A;N/A;N/A;N/A;N/A;N/A;N/A;N/A;N/A;N/A;N/A;N/A;N/A;N/A;N/A;N/A;N/A;N/A;N/A;N/A;N/A;N/A;N/A;N/A;N/A;N/A;N/A;N/A;N/A;N/A;N/A;N/A;N/A;N/A;N/A;N/A;N/A;N/A;N/A;;0;407.8;0;0;;Disabled;TempStop;1;700;411;0;0;0;549.9;449.9;Enabled;PosOk;1;0;0;0;0;0;15;Disabled;0;0;0;0;0;0;0;0;0;0;0;0;0;0;0;0;0;0;0;0;0;0;0;0;0;0;0;0;0;0;0;0;0;0;0;0;0;0;0;0;0;0;0;0;0;0;0;0;0;0;0;0;0;0;0;0;0;0;0;0;0;0;0;0;0;0;0;0;0;0;30;32;20;45;30;30;20;45;30;25;20;45;30;25;20;45;200;228;100;300;200;225;100;300;200;0;100;300;200;0;100;300;30;33;20;45;30;30;20;45;30;26;20;45;30;28;20;45;200;242;100;300;200;240;100;300;200;0;100;300;200;0;100;300;4;2;0.4;6;4;5;0.4;6;4;2;0.4;6;4;5;0.4;6;4;2;0.4;6;4;6;0.4;6;4;2;0.4;6;4;6;0.4;6;NOK;NOK;OK;10000;10040;8000;11000;OK;8.65;0;8;12;NOK;N/A;1.95;N/A;N/A;N/A;9;11.7;7;18;OK;;0;0;0;-;Disabled;TempOk;1;230;103.9;0;0;0;349.9;441543200 volvo 589-1;441543200 volvo 589-1;441543200 volvo 589-1
20260331_17:15:35;26303;3;4;940;942.9;910;970;OK;940;953.1;910;970;OK;952.9;953;-20;-15.4;-50;-25;NOK;-20;-15;-50;-25;NOK;-19.2;-16.5;0;-20;-15.5;-50;-25;NOK;330;341;330;500;OK;0;0;N/A;N/A;N/A;N/A;N/A;N/A;N/A;N/A;N/A;N/A;N/A;N/A;N/A;N/A;N/A;N/A;N/A;N/A;N/A;N/A;N/A;N/A;N/A;N/A;N/A;N/A;N/A;N/A;N/A;N/A;N/A;N/A;N/A;N/A;N/A;N/A;N/A;N/A;N/A;N/A;N/A;N/A;N/A;N/A;N/A;N/A;N/A;N/A;N/A;N/A;N/A;N/A;N/A;N/A;N/A;N/A;N/A;N/A;N/A;N/A;N/A;N/A;N/A;N/A;N/A;N/A;N/A;N/A;N/A;N/A;N/A;N/A;N/A;N/A;N/A;N/A;N/A;N/A;N/A;N/A;N/A;N/A;N/A;N/A;N/A;N/A;N/A;N/A;N/A;N/A;N/A;N/A;N/A;N/A;N/A;N/A;N/A;N/A;;0;403.3;0;0;;Disabled;TempStop;1;700;406.5;0;0;0;549.9;449.9;Enabled;PosOk;1;0;0;0;0;0;15;Disabled;0;0;0;0;0;0;0;0;0;0;0;0;0;0;0;0;0;0;0;0;0;0;0;0;0;0;0;0;0;0;0;0;0;0;0;0;0;0;0;0;0;0;0;0;0;0;0;0;0;0;0;0;0;0;0;0;0;0;0;0;0;0;0;0;0;0;0;0;0;0;30;33;20;45;30;30;20;45;30;25;20;45;30;25;20;45;200;227;100;300;200;224;100;300;200;0;100;300;200;0;100;300;30;33;20;45;30;30;20;45;30;26;20;45;30;28;20;45;200;243;100;300;200;240;100;300;200;0;100;300;200;0;100;300;4;2;0.4;6;4;5;0.4;6;4;2;0.4;6;4;5;0.4;6;4;2;0.4;6;4;5;0.4;6;4;2;0.4;6;4;5;0.4;6;NOK;NOK;OK;10000;10054;8000;11000;OK;8.67;0;8;12;NOK;N/A;1.95;N/A;N/A;N/A;9;11.7;7;18;OK;;0;0;0;-;Disabled;TempOk;1;230;106.5;0;0;0;349.9;441543200 volvo 589-1;441543200 volvo 589-1;441543200 volvo 589-1
20260331_17:16:10;26304;4;4;940;933.4;910;970;OK;940;956.2;910;970;OK;955.5;955.8;-15;-14.2;-50;-5;OK;-15;-13.7;-50;-5;OK;-10.8;-12.2;0;-15;-14.2;-50;-5;OK;330;341;330;500;OK;245.9;246.37;N/A;N/A;N/A;N/A;N/A;N/A;N/A;N/A;N/A;N/A;N/A;N/A;N/A;N/A;N/A;N/A;N/A;N/A;N/A;N/A;N/A;N/A;N/A;N/A;N/A;N/A;N/A;N/A;N/A;N/A;N/A;N/A;N/A;N/A;N/A;N/A;N/A;N/A;N/A;N/A;N/A;N/A;N/A;N/A;N/A;N/A;N/A;N/A;N/A;N/A;N/A;N/A;N/A;N/A;N/A;N/A;N/A;N/A;N/A;N/A;N/A;N/A;N/A;N/A;N/A;N/A;N/A;N/A;N/A;N/A;N/A;N/A;N/A;N/A;N/A;N/A;N/A;N/A;N/A;N/A;N/A;N/A;N/A;N/A;N/A;N/A;N/A;N/A;N/A;N/A;N/A;N/A;N/A;N/A;N/A;N/A;N/A;N/A;;0;407.7;0;0;;Disabled;TempStop;1;700;411.2;0;0;0;549.9;449.9;Enabled;PosOk;1;0;0;0;0;0;15;Disabled;0;0;0;0;0;0;0;0;0;0;0;0;0;0;0;0;0;0;0;0;0;0;0;0;0;0;0;0;0;0;0;0;0;0;0;0;0;0;0;0;0;0;0;0;0;0;0;0;0;0;0;0;0;0;0;0;0;0;0;0;0;0;0;0;0;0;0;0;0;0;30;33;20;45;30;30;20;45;30;25;20;45;30;25;20;45;200;227;100;300;200;224;100;300;200;0;100;300;200;0;100;300;30;33;20;45;30;30;20;45;30;26;20;45;30;28;20;45;200;242;100;300;200;240;100;300;200;0;100;300;200;0;100;300;4;2;0.4;6;4;5;0.4;6;4;2;0.4;6;4;5;0.4;6;4;2;0.4;6;4;5;0.4;6;4;2;0.4;6;4;6;0.4;6;NOK;NOK;OK;10000;10036;8000;11000;OK;8.66;0;8;12;NOK;N/A;1.95;N/A;N/A;N/A;9;12.1;7;18;OK;;0;0;0;-;Disabled;TempOk;1;230;114.2;0;0;0;349.9;441543200 volvo 589-1;441543200 volvo 589-1;441543200 volvo 589-1
20260331_17:16:45;26305;1;3;940;934.1;910;970;OK;940;944.3;910;970;OK;945.9;945;-20;-21.2;-50;-25;NOK;-20;-21.4;-50;-25;NOK;-21.1;-21.6;0;-20;-21.2;-50;-25;NOK;330;341;330;500;OK;0;0;N/A;N/A;N/A;N/A;N/A;N/A;N/A;N/A;N/A;N/A;N/A;N/A;N/A;N/A;N/A;N/A;N/A;N/A;N/A;N/A;N/A;N/A;N/A;N/A;N/A;N/A;N/A;N/A;N/A;N/A;N/A;N/A;N/A;N/A;N/A;N/A;N/A;N/A;N/A;N/A;N/A;N/A;N/A;N/A;N/A;N/A;N/A;N/A;N/A;N/A;N/A;N/A;N/A;N/A;N/A;N/A;N/A;N/A;N/A;N/A;N/A;N/A;N/A;N/A;N/A;N/A;N/A;N/A;N/A;N/A;N/A;N/A;N/A;N/A;N/A;N/A;N/A;N/A;N/A;N/A;N/A;N/A;N/A;N/A;N/A;N/A;N/A;N/A;N/A;N/A;N/A;N/A;N/A;N/A;N/A;N/A;N/A;N/A;;0;399;0;0;;Disabled;TempStop;1;700;402.5;0;0;0;549.9;449.9;Enabled;PosOk;1;0;0;0;0;0;15;Disabled;0;0;0;0;0;0;0;0;0;0;0;0;0;0;0;0;0;0;0;0;0;0;0;0;0;0;0;0;0;0;0;0;0;0;0;0;0;0;0;0;0;0;0;0;0;0;0;0;0;0;0;0;0;0;0;0;0;0;0;0;0;0;0;0;0;0;0;0;16;16;30;33;20;45;30;30;20;45;30;26;20;45;30;25;20;45;200;227;100;300;200;224;100;300;200;0;100;300;200;0;100;300;30;33;20;45;30;30;20;45;30;26;20;45;30;27;20;45;200;242;100;300;200;241;100;300;200;0;100;300;200;0;100;300;4;2;0.4;6;4;5;0.4;6;4;2;0.4;6;4;5;0.4;6;4;2;0.4;6;4;6;0.4;6;4;2;0.4;6;4;6;0.4;6;NOK;NOK;OK;10000;10048;8000;11000;OK;8.67;0;8;12;NOK;N/A;1.95;N/A;N/A;N/A;9;11.3;7;18;OK;;0;0;0;-;Disabled;TempOk;1;230;106.2;0;0;0;349.9;441543200 volvo 589-1;441543200 volvo 589-1;441543200 volvo 589-1
20260331_17:17:20;26306;4;3;940;945.8;910;970;OK;940;954.7;910;970;OK;954.2;954.4;-15;-17.2;-50;-5;OK;-15;-17.4;-50;-5;OK;-15.5;-16.6;0;-15;-17.2;-50;-5;OK;330;341;330;500;OK;245.99;246.46;N/A;N/A;N/A;N/A;N/A;N/A;N/A;N/A;N/A;N/A;N/A;N/A;N/A;N/A;N/A;N/A;N/A;N/A;N/A;N/A;N/A;N/A;N/A;N/A;N/A;N/A;N/A;N/A;N/A;N/A;N/A;N/A;N/A;N/A;N/A;N/A;N/A;N/A;N/A;N/A;N/A;N/A;N/A;N/A;N/A;N/A;N/A;N/A;N/A;N/A;N/A;N/A;N/A;N/A;N/A;N/A;N/A;N/A;N/A;N/A;N/A;N/A;N/A;N/A;N/A;N/A;N/A;N/A;N/A;N/A;N/A;N/A;N/A;N/A;N/A;N/A;N/A;N/A;N/A;N/A;N/A;N/A;N/A;N/A;N/A;N/A;N/A;N/A;N/A;N/A;N/A;N/A;N/A;N/A;N/A;N/A;N/A;N/A;;0;400.8;0;0;;Disabled;TempStop;1;700;404.1;0;0;0;549.9;449.9;Enabled;PosOk;1;0;0;0;0;0;15;Disabled;0;0;0;0;0;0;0;0;0;0;0;0;0;0;0;0;0;0;0;0;0;0;0;0;0;0;0;0;0;0;0;0;0;0;0;0;0;0;0;0;0;0;0;0;0;0;0;0;0;0;0;0;0;0;0;0;0;0;0;0;0;0;0;0;0;0;0;0;0;0;30;33;20;45;30;30;20;45;30;25;20;45;30;25;20;45;200;227;100;300;200;224;100;300;200;0;100;300;200;0;100;300;30;33;20;45;30;30;20;45;30;26;20;45;30;28;20;45;200;243;100;300;200;240;100;300;200;0;100;300;200;0;100;300;4;2;0.4;6;4;5;0.4;6;4;2;0.4;6;4;5;0.4;6;4;2;0.4;6;4;6;0.4;6;4;2;0.4;6;4;6;0.4;6;NOK;NOK;OK;10000;10052;8000;11000;OK;8.67;0;8;12;NOK;N/A;1.95;N/A;N/A;N/A;9;11.2;7;18;OK;;0;0;0;-;Disabled;TempOk;1;230;106.9;0;0;0;349.9;441543200 volvo 589-1;441543200 volvo 589-1;441543200 volvo 589-1
20260331_17:17:56;26307;1;4;940;935.2;910;970;OK;940;941.8;910;970;OK;943.3;942.5;-20;-17.1;-50;-25;NOK;-20;-18.1;-50;-25;NOK;-19.4;-19.9;0;-20;-16.9;-50;-25;NOK;330;341;330;500;OK;0;0;N/A;N/A;N/A;N/A;N/A;N/A;N/A;N/A;N/A;N/A;N/A;N/A;N/A;N/A;N/A;N/A;N/A;N/A;N/A;N/A;N/A;N/A;N/A;N/A;N/A;N/A;N/A;N/A;N/A;N/A;N/A;N/A;N/A;N/A;N/A;N/A;N/A;N/A;N/A;N/A;N/A;N/A;N/A;N/A;N/A;N/A;N/A;N/A;N/A;N/A;N/A;N/A;N/A;N/A;N/A;N/A;N/A;N/A;N/A;N/A;N/A;N/A;N/A;N/A;N/A;N/A;N/A;N/A;N/A;N/A;N/A;N/A;N/A;N/A;N/A;N/A;N/A;N/A;N/A;N/A;N/A;N/A;N/A;N/A;N/A;N/A;N/A;N/A;N/A;N/A;N/A;N/A;N/A;N/A;N/A;N/A;N/A;N/A;;0;398.3;0;0;;Disabled;TempStop;1;700;401.7;0;0;0;549.9;449.9;Enabled;PosOk;1;0;0;0;0;0;15;Disabled;0;0;0;0;0;0;0;0;0;0;0;0;0;0;0;0;0;0;0;0;0;0;0;0;0;0;0;0;0;0;0;0;0;0;0;0;0;0;0;0;0;0;0;0;0;0;0;0;0;0;0;0;0;0;0;0;0;0;0;0;0;0;0;0;0;0;0;0;17;27;30;32;20;45;30;29;20;45;30;25;20;45;30;25;20;45;200;227;100;300;200;224;100;300;200;0;100;300;200;0;100;300;30;32;20;45;30;29;20;45;30;26;20;45;30;28;20;45;200;243;100;300;200;240;100;300;200;0;100;300;200;0;100;300;4;2;0.4;6;4;5;0.4;6;4;2;0.4;6;4;6;0.4;6;4;2;0.4;6;4;5;0.4;6;4;2;0.4;6;4;6;0.4;6;NOK;NOK;OK;10000;10061;8000;11000;OK;8.67;0;8;12;NOK;N/A;1.95;N/A;N/A;N/A;9;10.7;7;18;OK;;0;0;0;-;Disabled;TempOk;1;230;108.3;0;0;0;349.9;441543200 volvo 589-1;441543200 volvo 589-1;441543200 volvo 589-1
20260331_17:18:31;26308;4;2;940;938;910;970;OK;940;946.9;910;970;OK;947.4;947;-15;-14.9;-50;-5;OK;-15;-14.9;-50;-5;OK;-15.3;-15.1;0;-15;-14.8;-50;-5;OK;330;341;330;500;OK;246.06;246.54;N/A;N/A;N/A;N/A;N/A;N/A;N/A;N/A;N/A;N/A;N/A;N/A;N/A;N/A;N/A;N/A;N/A;N/A;N/A;N/A;N/A;N/A;N/A;N/A;N/A;N/A;N/A;N/A;N/A;N/A;N/A;N/A;N/A;N/A;N/A;N/A;N/A;N/A;N/A;N/A;N/A;N/A;N/A;N/A;N/A;N/A;N/A;N/A;N/A;N/A;N/A;N/A;N/A;N/A;N/A;N/A;N/A;N/A;N/A;N/A;N/A;N/A;N/A;N/A;N/A;N/A;N/A;N/A;N/A;N/A;N/A;N/A;N/A;N/A;N/A;N/A;N/A;N/A;N/A;N/A;N/A;N/A;N/A;N/A;N/A;N/A;N/A;N/A;N/A;N/A;N/A;N/A;N/A;N/A;N/A;N/A;N/A;N/A;;0;403.9;0;0;;Disabled;TempStop;1;700;406.9;0;0;0;549.9;449.9;Enabled;PosOk;1;0;0;0;0;0;15;Disabled;0;0;0;0;0;0;0;0;0;0;0;0;0;0;0;0;0;0;0;0;0;0;0;0;0;0;0;0;0;0;0;0;0;0;0;0;0;0;0;0;0;0;0;0;0;0;0;0;0;0;0;0;0;0;0;0;0;0;0;0;0;0;0;0;0;0;0;0;0;0;30;32;20;45;30;29;20;45;30;25;20;45;30;25;20;45;200;227;100;300;200;225;100;300;200;0;100;300;200;0;100;300;30;32;20;45;30;29;20;45;30;26;20;45;30;28;20;45;200;243;100;300;200;241;100;300;200;0;100;300;200;0;100;300;4;2;0.4;6;4;5;0.4;6;4;2;0.4;6;4;6;0.4;6;4;2;0.4;6;4;6;0.4;6;4;2;0.4;6;4;6;0.4;6;NOK;NOK;OK;10000;10059;8000;11000;OK;8.67;0;8;12;NOK;N/A;1.95;N/A;N/A;N/A;9;11.8;7;18;OK;;0;0;0;-;Disabled;TempOk;1;230;106.9;0;0;0;349.9;441543200 volvo 589-1;441543200 volvo 589-1;441543200 volvo 589-1
20260331_17:19:06;26309;3;3;940;932.3;910;970;OK;940;941.6;910;970;OK;943.1;942.2;-20;-19.3;-50;-25;NOK;-20;-19.1;-50;-25;NOK;-18.6;-18.7;0;-20;-19.4;-50;-25;NOK;330;341;330;500;OK;0;0;N/A;N/A;N/A;N/A;N/A;N/A;N/A;N/A;N/A;N/A;N/A;N/A;N/A;N/A;N/A;N/A;N/A;N/A;N/A;N/A;N/A;N/A;N/A;N/A;N/A;N/A;N/A;N/A;N/A;N/A;N/A;N/A;N/A;N/A;N/A;N/A;N/A;N/A;N/A;N/A;N/A;N/A;N/A;N/A;N/A;N/A;N/A;N/A;N/A;N/A;N/A;N/A;N/A;N/A;N/A;N/A;N/A;N/A;N/A;N/A;N/A;N/A;N/A;N/A;N/A;N/A;N/A;N/A;N/A;N/A;N/A;N/A;N/A;N/A;N/A;N/A;N/A;N/A;N/A;N/A;N/A;N/A;N/A;N/A;N/A;N/A;N/A;N/A;N/A;N/A;N/A;N/A;N/A;N/A;N/A;N/A;N/A;N/A;;0;398.8;0;0;;Disabled;TempStop;1;700;402.1;0;0;0;549.9;449.9;Enabled;PosOk;1;0;0;0;0;0;15;Disabled;0;0;0;0;0;0;0;0;0;0;0;0;0;0;0;0;0;0;0;0;0;0;0;0;0;0;0;0;0;0;0;0;0;0;0;0;0;0;0;0;0;0;0;0;0;0;0;0;0;0;0;0;0;0;0;0;0;0;0;0;0;0;0;0;0;0;0;0;0;0;30;32;20;45;30;29;20;45;30;26;20;45;30;25;20;45;200;227;100;300;200;224;100;300;200;0;100;300;200;0;100;300;30;32;20;45;30;29;20;45;30;26;20;45;30;28;20;45;200;242;100;300;200;240;100;300;200;0;100;300;200;0;100;300;4;2;0.4;6;4;5;0.4;6;4;2;0.4;6;4;5;0.4;6;4;2;0.4;6;4;5;0.4;6;4;2;0.4;6;4;6;0.4;6;NOK;NOK;OK;10000;10025;8000;11000;OK;8.65;0;8;12;NOK;N/A;1.95;N/A;N/A;N/A;9;11.8;7;18;OK;;0;0;0;-;Disabled;TempOk;1;230;108.9;0;0;0;349.9;441543200 volvo 589-1;441543200 volvo 589-1;441543200 volvo 589-1
20260331_17:19:42;26310;2;4;940;932.9;910;970;OK;940;941.1;910;970;OK;941.3;940.6;-15;-19;-50;-20;NOK;-15;-18.8;-50;-20;NOK;-18.2;-18.4;0;-15;-19;-50;-20;NOK;330;341;330;500;OK;0;0;N/A;N/A;N/A;N/A;N/A;N/A;N/A;N/A;N/A;N/A;N/A;N/A;N/A;N/A;N/A;N/A;N/A;N/A;N/A;N/A;N/A;N/A;N/A;N/A;N/A;N/A;N/A;N/A;N/A;N/A;N/A;N/A;N/A;N/A;N/A;N/A;N/A;N/A;N/A;N/A;N/A;N/A;N/A;N/A;N/A;N/A;N/A;N/A;N/A;N/A;N/A;N/A;N/A;N/A;N/A;N/A;N/A;N/A;N/A;N/A;N/A;N/A;N/A;N/A;N/A;N/A;N/A;N/A;N/A;N/A;N/A;N/A;N/A;N/A;N/A;N/A;N/A;N/A;N/A;N/A;N/A;N/A;N/A;N/A;N/A;N/A;N/A;N/A;N/A;N/A;N/A;N/A;N/A;N/A;N/A;N/A;N/A;N/A;;0;404;0;0;;Disabled;TempStop;1;700;407.4;0;0;0;549.9;449.9;Enabled;PosOk;1;0;0;0;0;0;15;Disabled;0;0;0;0;0;0;0;0;0;0;0;0;0;0;0;0;0;0;0;0;0;0;0;0;0;0;0;0;0;0;0;0;0;0;0;0;0;0;0;0;0;0;0;0;0;0;0;0;0;0;0;0;0;0;0;0;0;0;0;0;0;0;0;0;0;0;0;0;0;0;30;32;20;45;30;30;20;45;30;25;20;45;30;25;20;45;200;228;100;300;200;225;100;300;200;0;100;300;200;0;100;300;30;32;20;45;30;30;20;45;30;26;20;45;30;27;20;45;200;243;100;300;200;240;100;300;200;0;100;300;200;0;100;300;4;2;0.4;6;4;5;0.4;6;4;2;0.4;6;4;6;0.4;6;4;2;0.4;6;4;6;0.4;6;4;2;0.4;6;4;6;0.4;6;NOK;NOK;OK;10000;10038;8000;11000;OK;8.66;0;8;12;NOK;N/A;1.95;N/A;N/A;N/A;9;11.2;7;18;OK;;0;0;0;-;Disabled;TempOk;1;230;109.8;0;0;0;349.9;441543200 volvo 589-1;441543200 volvo 589-1;441543200 volvo 589-1
20260331_17:20:17;26311;3;5;940;950;910;970;OK;940;958;910;970;OK;959.2;958.8;-20;-18.7;-50;-25;NOK;-20;-18.6;-50;-25;NOK;-16.1;-17.3;0;-20;-18.7;-50;-25;NOK;330;341;330;500;OK;0;0;N/A;N/A;N/A;N/A;N/A;N/A;N/A;N/A;N/A;N/A;N/A;N/A;N/A;N/A;N/A;N/A;N/A;N/A;N/A;N/A;N/A;N/A;N/A;N/A;N/A;N/A;N/A;N/A;N/A;N/A;N/A;N/A;N/A;N/A;N/A;N/A;N/A;N/A;N/A;N/A;N/A;N/A;N/A;N/A;N/A;N/A;N/A;N/A;N/A;N/A;N/A;N/A;N/A;N/A;N/A;N/A;N/A;N/A;N/A;N/A;N/A;N/A;N/A;N/A;N/A;N/A;N/A;N/A;N/A;N/A;N/A;N/A;N/A;N/A;N/A;N/A;N/A;N/A;N/A;N/A;N/A;N/A;N/A;N/A;N/A;N/A;N/A;N/A;N/A;N/A;N/A;N/A;N/A;N/A;N/A;N/A;N/A;N/A;;0;406.1;0;0;;Disabled;TempStop;1;700;409.4;0;0;0;549.9;449.9;Enabled;PosOk;1;0;0;0;0;0;15;Disabled;0;0;0;0;0;0;0;0;0;0;0;0;0;0;0;0;0;0;0;0;0;0;0;0;0;0;0;0;0;0;0;0;0;0;0;0;0;0;0;0;0;0;0;0;0;0;0;0;0;0;0;0;0;0;0;0;0;0;0;0;0;0;0;0;0;0;0;0;0;0;30;32;20;45;30;30;20;45;30;25;20;45;30;25;20;45;200;228;100;300;200;224;100;300;200;0;100;300;200;0;100;300;30;32;20;45;30;30;20;45;30;26;20;45;30;28;20;45;200;242;100;300;200;240;100;300;200;0;100;300;200;0;100;300;4;2;0.4;6;4;5;0.4;6;4;2;0.4;6;4;5;0.4;6;4;2;0.4;6;4;6;0.4;6;4;2;0.4;6;4;5;0.4;6;NOK;NOK;OK;10000;10048;8000;11000;OK;8.67;0;8;12;NOK;N/A;1.95;N/A;N/A;N/A;9;11.6;7;18;OK;;0;0;0;-;Disabled;TempOk;1;230;107.3;0;0;0;349.9;441543200 volvo 589-1;441543200 volvo 589-1;441543200 volvo 589-1
20260331_17:20:52;26312;2;2;940;932.5;910;970;OK;940;941.3;910;970;OK;941.6;940.4;-15;-17.7;-50;-20;NOK;-15;-18.2;-50;-20;NOK;-17.6;-17.8;0;-15;-17.8;-50;-20;NOK;330;341;330;500;OK;0;0;N/A;N/A;N/A;N/A;N/A;N/A;N/A;N/A;N/A;N/A;N/A;N/A;N/A;N/A;N/A;N/A;N/A;N/A;N/A;N/A;N/A;N/A;N/A;N/A;N/A;N/A;N/A;N/A;N/A;N/A;N/A;N/A;N/A;N/A;N/A;N/A;N/A;N/A;N/A;N/A;N/A;N/A;N/A;N/A;N/A;N/A;N/A;N/A;N/A;N/A;N/A;N/A;N/A;N/A;N/A;N/A;N/A;N/A;N/A;N/A;N/A;N/A;N/A;N/A;N/A;N/A;N/A;N/A;N/A;N/A;N/A;N/A;N/A;N/A;N/A;N/A;N/A;N/A;N/A;N/A;N/A;N/A;N/A;N/A;N/A;N/A;N/A;N/A;N/A;N/A;N/A;N/A;N/A;N/A;N/A;N/A;N/A;N/A;;0;401.4;0;0;;Disabled;TempStop;1;700;404.7;0;0;0;549.9;449.9;Enabled;PosOk;1;0;0;0;0;0;15;Disabled;0;0;0;0;0;0;0;0;0;0;0;0;0;0;0;0;0;0;0;0;0;0;0;0;0;0;0;0;0;0;0;0;0;0;0;0;0;0;0;0;0;0;0;0;0;0;0;0;0;0;0;0;0;0;0;0;0;0;0;0;0;0;0;0;0;0;0;0;0;0;30;33;20;45;30;30;20;45;30;25;20;45;30;25;20;45;200;227;100;300;200;224;100;300;200;0;100;300;200;0;100;300;30;33;20;45;30;30;20;45;30;26;20;45;30;28;20;45;200;242;100;300;200;240;100;300;200;0;100;300;200;0;100;300;4;2;0.4;6;4;5;0.4;6;4;2;0.4;6;4;5;0.4;6;4;2;0.4;6;4;6;0.4;6;4;2;0.4;6;4;5;0.4;6;NOK;NOK;OK;10000;10043;8000;11000;OK;8.66;0;8;12;NOK;N/A;1.95;N/A;N/A;N/A;9;11.6;7;18;OK;;0;0;0;-;Disabled;TempOk;1;230;106.7;0;0;0;349.9;441543200 volvo 589-1;441543200 volvo 589-1;441543200 volvo 589-1
20260331_17:21:28;26313;3;4;940;944.8;910;970;OK;940;954.7;910;970;OK;954.3;954.5;-20;-15;-50;-25;NOK;-20;-15.3;-50;-25;NOK;-19.4;-16.9;0;-20;-15;-50;-25;NOK;330;341;330;500;OK;0;0;N/A;N/A;N/A;N/A;N/A;N/A;N/A;N/A;N/A;N/A;N/A;N/A;N/A;N/A;N/A;N/A;N/A;N/A;N/A;N/A;N/A;N/A;N/A;N/A;N/A;N/A;N/A;N/A;N/A;N/A;N/A;N/A;N/A;N/A;N/A;N/A;N/A;N/A;N/A;N/A;N/A;N/A;N/A;N/A;N/A;N/A;N/A;N/A;N/A;N/A;N/A;N/A;N/A;N/A;N/A;N/A;N/A;N/A;N/A;N/A;N/A;N/A;N/A;N/A;N/A;N/A;N/A;N/A;N/A;N/A;N/A;N/A;N/A;N/A;N/A;N/A;N/A;N/A;N/A;N/A;N/A;N/A;N/A;N/A;N/A;N/A;N/A;N/A;N/A;N/A;N/A;N/A;N/A;N/A;N/A;N/A;N/A;N/A;;0;403.4;0;0;;Disabled;TempStop;1;700;406.7;0;0;0;549.9;449.9;Enabled;PosOk;1;0;0;0;0;0;15;Disabled;0;0;0;0;0;0;0;0;0;0;0;0;0;0;0;0;0;0;0;0;0;0;0;0;0;0;0;0;0;0;0;0;0;0;0;0;0;0;0;0;0;0;0;0;0;0;0;0;0;0;0;0;0;0;0;0;0;0;0;0;0;0;0;0;0;0;0;0;0;0;30;33;20;45;30;29;20;45;30;25;20;45;30;25;20;45;200;228;100;300;200;224;100;300;200;0;100;300;200;0;100;300;30;32;20;45;30;29;20;45;30;26;20;45;30;28;20;45;200;243;100;300;200;240;100;300;200;0;100;300;200;0;100;300;4;2;0.4;6;4;5;0.4;6;4;2;0.4;6;4;6;0.4;6;4;2;0.4;6;4;5;0.4;6;4;2;0.4;6;4;6;0.4;6;NOK;NOK;OK;10000;10057;8000;11000;OK;8.66;0;8;12;NOK;N/A;1.95;N/A;N/A;N/A;9;11.7;7;18;OK;;0;0;0;-;Disabled;TempOk;1;230;106.2;0;0;0;349.9;441543200 volvo 589-1;441543200 volvo 589-1;441543200 volvo 589-1
20260331_17:22:03;26314;4;4;940;935.4;910;970;OK;940;957.7;910;970;OK;956.8;957.2;-15;-14;-50;-5;OK;-15;-13.8;-50;-5;OK;-10.9;-12.3;0;-15;-14.1;-50;-5;OK;330;341;330;500;OK;246.39;246.84;N/A;N/A;N/A;N/A;N/A;N/A;N/A;N/A;N/A;N/A;N/A;N/A;N/A;N/A;N/A;N/A;N/A;N/A;N/A;N/A;N/A;N/A;N/A;N/A;N/A;N/A;N/A;N/A;N/A;N/A;N/A;N/A;N/A;N/A;N/A;N/A;N/A;N/A;N/A;N/A;N/A;N/A;N/A;N/A;N/A;N/A;N/A;N/A;N/A;N/A;N/A;N/A;N/A;N/A;N/A;N/A;N/A;N/A;N/A;N/A;N/A;N/A;N/A;N/A;N/A;N/A;N/A;N/A;N/A;N/A;N/A;N/A;N/A;N/A;N/A;N/A;N/A;N/A;N/A;N/A;N/A;N/A;N/A;N/A;N/A;N/A;N/A;N/A;N/A;N/A;N/A;N/A;N/A;N/A;N/A;N/A;N/A;N/A;;0;400.3;0;0;;Disabled;TempStop;1;700;403.5;0;0;0;549.9;449.9;Enabled;PosOk;1;0;0;0;0;0;15;Disabled;0;0;0;0;0;0;0;0;0;0;0;0;0;0;0;0;0;0;0;0;0;0;0;0;0;0;0;0;0;0;0;0;0;0;0;0;0;0;0;0;0;0;0;0;0;0;0;0;0;0;0;0;0;0;0;0;0;0;0;0;0;0;0;0;0;0;0;0;0;0;30;32;20;45;30;29;20;45;30;25;20;45;30;25;20;45;200;227;100;300;200;224;100;300;200;0;100;300;200;0;100;300;30;32;20;45;30;29;20;45;30;26;20;45;30;28;20;45;200;242;100;300;200;240;100;300;200;0;100;300;200;0;100;300;4;2;0.4;6;4;5;0.4;6;4;2;0.4;6;4;5;0.4;6;4;2;0.4;6;4;6;0.4;6;4;2;0.4;6;4;5;0.4;6;NOK;NOK;OK;10000;10034;8000;11000;OK;8.65;0;8;12;NOK;N/A;1.95;N/A;N/A;N/A;9;11.7;7;18;OK;;0;0;0;-;Disabled;TempOk;1;230;105.9;0;0;0;349.9;441543200 volvo 589-1;441543200 volvo 589-1;441543200 volvo 589-1
20260331_17:22:38;26315;1;3;940;935.4;910;970;OK;940;945;910;970;OK;946.2;945.6;-20;-21.4;-50;-25;NOK;-20;-21.2;-50;-25;NOK;-20.9;-21.3;0;-20;-21.4;-50;-25;NOK;330;341;330;500;OK;0;0;N/A;N/A;N/A;N/A;N/A;N/A;N/A;N/A;N/A;N/A;N/A;N/A;N/A;N/A;N/A;N/A;N/A;N/A;N/A;N/A;N/A;N/A;N/A;N/A;N/A;N/A;N/A;N/A;N/A;N/A;N/A;N/A;N/A;N/A;N/A;N/A;N/A;N/A;N/A;N/A;N/A;N/A;N/A;N/A;N/A;N/A;N/A;N/A;N/A;N/A;N/A;N/A;N/A;N/A;N/A;N/A;N/A;N/A;N/A;N/A;N/A;N/A;N/A;N/A;N/A;N/A;N/A;N/A;N/A;N/A;N/A;N/A;N/A;N/A;N/A;N/A;N/A;N/A;N/A;N/A;N/A;N/A;N/A;N/A;N/A;N/A;N/A;N/A;N/A;N/A;N/A;N/A;N/A;N/A;N/A;N/A;N/A;N/A;;0;414.9;0;0;;Disabled;TempStop;1;700;418.2;0;0;0;549.9;449.9;Enabled;PosOk;1;0;0;0;0;0;15;Disabled;0;0;0;0;0;0;0;0;0;0;0;0;0;0;0;0;0;0;0;0;0;0;0;0;0;0;0;0;0;0;0;0;0;0;0;0;0;0;0;0;0;0;0;0;0;0;0;0;0;0;0;0;0;0;0;0;0;0;0;0;0;0;0;0;0;0;0;0;22;9;30;32;20;45;30;30;20;45;30;25;20;45;30;26;20;45;200;227;100;300;200;224;100;300;200;0;100;300;200;0;100;300;30;32;20;45;30;30;20;45;30;26;20;45;30;28;20;45;200;243;100;300;200;241;100;300;200;0;100;300;200;1;100;300;4;2;0.4;6;4;5;0.4;6;4;2;0.4;6;4;5;0.4;6;4;2;0.4;6;4;6;0.4;6;4;2;0.4;6;4;6;0.4;6;NOK;NOK;OK;10000;10050;8000;11000;OK;8.67;0;8;12;NOK;N/A;1.96;N/A;N/A;N/A;9;11.4;7;18;OK;;0;0;0;-;Disabled;TempOk;1;230;109.2;0;0;0;349.9;441543200 volvo 589-1;441543200 volvo 589-1;441543200 volvo 589-1
20260331_17:23:14;26316;4;3;940;946.1;910;970;OK;940;955.9;910;970;OK;955.4;955.6;-15;-17.6;-50;-5;OK;-15;-17.5;-50;-5;OK;-15.5;-16.6;0;-15;-17.7;-50;-5;OK;330;341;330;500;OK;246.47;246.94;N/A;N/A;N/A;N/A;N/A;N/A;N/A;N/A;N/A;N/A;N/A;N/A;N/A;N/A;N/A;N/A;N/A;N/A;N/A;N/A;N/A;N/A;N/A;N/A;N/A;N/A;N/A;N/A;N/A;N/A;N/A;N/A;N/A;N/A;N/A;N/A;N/A;N/A;N/A;N/A;N/A;N/A;N/A;N/A;N/A;N/A;N/A;N/A;N/A;N/A;N/A;N/A;N/A;N/A;N/A;N/A;N/A;N/A;N/A;N/A;N/A;N/A;N/A;N/A;N/A;N/A;N/A;N/A;N/A;N/A;N/A;N/A;N/A;N/A;N/A;N/A;N/A;N/A;N/A;N/A;N/A;N/A;N/A;N/A;N/A;N/A;N/A;N/A;N/A;N/A;N/A;N/A;N/A;N/A;N/A;N/A;N/A;N/A;;0;413.4;0;0;;Disabled;TempStop;1;700;416.5;0;0;0;549.9;449.9;Enabled;PosOk;1;0;0;0;0;0;15;Disabled;0;0;0;0;0;0;0;0;0;0;0;0;0;0;0;0;0;0;0;0;0;0;0;0;0;0;0;0;0;0;0;0;0;0;0;0;0;0;0;0;0;0;0;0;0;0;0;0;0;0;0;0;0;0;0;0;0;0;0;0;0;0;0;0;0;0;0;0;0;0;30;32;20;45;30;30;20;45;30;25;20;45;30;25;20;45;200;228;100;300;200;224;100;300;200;0;100;300;200;0;100;300;30;33;20;45;30;30;20;45;30;26;20;45;30;28;20;45;200;243;100;300;200;240;100;300;200;0;100;300;200;0;100;300;4;2;0.4;6;4;5;0.4;6;4;2;0.4;6;4;5;0.4;6;4;2;0.4;6;4;5;0.4;6;4;2;0.4;6;4;6;0.4;6;NOK;NOK;OK;10000;10050;8000;11000;OK;8.66;0;8;12;NOK;N/A;1.95;N/A;N/A;N/A;9;11.7;7;18;OK;;0;0;0;-;Disabled;TempOk;1;230;105;0;0;0;349.9;441543200 volvo 589-1;441543200 volvo 589-1;441543200 volvo 589-1
20260331_17:23:49;26317;1;4;940;935.7;910;970;OK;940;942.1;910;970;OK;943.7;942.9;-20;-17.1;-50;-25;NOK;-20;-18.1;-50;-25;NOK;-19.2;-19.7;0;-20;-17;-50;-25;NOK;330;341;330;500;OK;0;0;N/A;N/A;N/A;N/A;N/A;N/A;N/A;N/A;N/A;N/A;N/A;N/A;N/A;N/A;N/A;N/A;N/A;N/A;N/A;N/A;N/A;N/A;N/A;N/A;N/A;N/A;N/A;N/A;N/A;N/A;N/A;N/A;N/A;N/A;N/A;N/A;N/A;N/A;N/A;N/A;N/A;N/A;N/A;N/A;N/A;N/A;N/A;N/A;N/A;N/A;N/A;N/A;N/A;N/A;N/A;N/A;N/A;N/A;N/A;N/A;N/A;N/A;N/A;N/A;N/A;N/A;N/A;N/A;N/A;N/A;N/A;N/A;N/A;N/A;N/A;N/A;N/A;N/A;N/A;N/A;N/A;N/A;N/A;N/A;N/A;N/A;N/A;N/A;N/A;N/A;N/A;N/A;N/A;N/A;N/A;N/A;N/A;N/A;;0;404.8;0;0;;Disabled;TempStop;1;700;408;0;0;0;549.9;449.9;Enabled;PosOk;1;0;0;0;0;0;15;Disabled;0;0;0;0;0;0;0;0;0;0;0;0;0;0;0;0;0;0;0;0;0;0;0;0;0;0;0;0;0;0;0;0;0;0;0;0;0;0;0;0;0;0;0;0;0;0;0;0;0;0;0;0;0;0;0;0;0;0;0;0;0;0;0;0;0;0;0;0;23;20;30;32;20;45;30;30;20;45;30;25;20;45;30;26;20;45;200;227;100;300;200;224;100;300;200;0;100;300;200;0;100;300;30;33;20;45;30;30;20;45;30;26;20;45;30;28;20;45;200;242;100;300;200;240;100;300;200;0;100;300;200;0;100;300;4;2;0.4;6;4;5;0.4;6;4;2;0.4;6;4;5;0.4;6;4;2;0.4;6;4;5;0.4;6;4;2;0.4;6;4;5;0.4;6;NOK;NOK;OK;10000;10038;8000;11000;OK;8.65;0;8;12;NOK;N/A;1.99;N/A;N/A;N/A;9;11.2;7;18;OK;;0;0;0;-;Disabled;TempOk;1;230;107;0;0;0;349.9;441543200 volvo 589-1;441543200 volvo 589-1;441543200 volvo 589-1
20260331_17:24:24;26318;4;2;940;938.8;910;970;OK;940;947.4;910;970;OK;947.8;947.5;-15;-14.8;-50;-5;OK;-15;-14.8;-50;-5;OK;-15.2;-15;0;-15;-14.8;-50;-5;OK;330;341;330;500;OK;246.55;247.02;N/A;N/A;N/A;N/A;N/A;N/A;N/A;N/A;N/A;N/A;N/A;N/A;N/A;N/A;N/A;N/A;N/A;N/A;N/A;N/A;N/A;N/A;N/A;N/A;N/A;N/A;N/A;N/A;N/A;N/A;N/A;N/A;N/A;N/A;N/A;N/A;N/A;N/A;N/A;N/A;N/A;N/A;N/A;N/A;N/A;N/A;N/A;N/A;N/A;N/A;N/A;N/A;N/A;N/A;N/A;N/A;N/A;N/A;N/A;N/A;N/A;N/A;N/A;N/A;N/A;N/A;N/A;N/A;N/A;N/A;N/A;N/A;N/A;N/A;N/A;N/A;N/A;N/A;N/A;N/A;N/A;N/A;N/A;N/A;N/A;N/A;N/A;N/A;N/A;N/A;N/A;N/A;N/A;N/A;N/A;N/A;N/A;N/A;;0;403.9;0;0;;Disabled;TempStop;1;700;407;0;0;0;549.9;449.9;Enabled;PosOk;1;0;0;0;0;0;15;Disabled;0;0;0;0;0;0;0;0;0;0;0;0;0;0;0;0;0;0;0;0;0;0;0;0;0;0;0;0;0;0;0;0;0;0;0;0;0;0;0;0;0;0;0;0;0;0;0;0;0;0;0;0;0;0;0;0;0;0;0;0;0;0;0;0;0;0;0;0;0;0;30;32;20;45;30;30;20;45;30;25;20;45;30;25;20;45;200;228;100;300;200;225;100;300;200;0;100;300;200;0;100;300;30;33;20;45;30;30;20;45;30;26;20;45;30;28;20;45;200;243;100;300;200;240;100;300;200;0;100;300;200;0;100;300;4;2;0.4;6;4;5;0.4;6;4;2;0.4;6;4;6;0.4;6;4;2;0.4;6;4;6;0.4;6;4;2;0.4;6;4;6;0.4;6;NOK;NOK;OK;10000;10024;8000;11000;OK;8.64;0;8;12;NOK;N/A;1.95;N/A;N/A;N/A;9;11.6;7;18;OK;;0;0;0;-;Disabled;TempOk;1;230;105.1;0;0;0;349.9;441543200 volvo 589-1;441543200 volvo 589-1;441543200 volvo 589-1
20260331_17:24:59;26319;3;3;940;932.1;910;970;OK;940;942;910;970;OK;943.5;942.6;-20;-19.2;-50;-25;NOK;-20;-18.9;-50;-25;NOK;-18.7;-18.6;0;-20;-19.3;-50;-25;NOK;330;341;330;500;OK;0;0;N/A;N/A;N/A;N/A;N/A;N/A;N/A;N/A;N/A;N/A;N/A;N/A;N/A;N/A;N/A;N/A;N/A;N/A;N/A;N/A;N/A;N/A;N/A;N/A;N/A;N/A;N/A;N/A;N/A;N/A;N/A;N/A;N/A;N/A;N/A;N/A;N/A;N/A;N/A;N/A;N/A;N/A;N/A;N/A;N/A;N/A;N/A;N/A;N/A;N/A;N/A;N/A;N/A;N/A;N/A;N/A;N/A;N/A;N/A;N/A;N/A;N/A;N/A;N/A;N/A;N/A;N/A;N/A;N/A;N/A;N/A;N/A;N/A;N/A;N/A;N/A;N/A;N/A;N/A;N/A;N/A;N/A;N/A;N/A;N/A;N/A;N/A;N/A;N/A;N/A;N/A;N/A;N/A;N/A;N/A;N/A;N/A;N/A;;0;404.4;0;0;;Disabled;TempStop;1;700;407.4;0;0;0;549.9;449.9;Enabled;PosOk;1;0;0;0;0;0;15;Disabled;0;0;0;0;0;0;0;0;0;0;0;0;0;0;0;0;0;0;0;0;0;0;0;0;0;0;0;0;0;0;0;0;0;0;0;0;0;0;0;0;0;0;0;0;0;0;0;0;0;0;0;0;0;0;0;0;0;0;0;0;0;0;0;0;0;0;0;0;0;0;30;33;20;45;30;30;20;45;30;25;20;45;30;25;20;45;200;228;100;300;200;224;100;300;200;0;100;300;200;0;100;300;30;33;20;45;30;30;20;45;30;26;20;45;30;28;20;45;200;242;100;300;200;240;100;300;200;0;100;300;200;0;100;300;4;2;0.4;6;4;5;0.4;6;4;2;0.4;6;4;5;0.4;6;4;2;0.4;6;4;6;0.4;6;4;2;0.4;6;4;6;0.4;6;NOK;NOK;OK;10000;10060;8000;11000;OK;8.67;0;8;12;NOK;N/A;1.95;N/A;N/A;N/A;9;11.7;7;18;OK;;0;0;0;-;Disabled;TempOk;1;230;107.5;0;0;0;349.9;441543200 volvo 589-1;441543200 volvo 589-1;441543200 volvo 589-1
20260331_17:25:35;26320;2;4;940;933.6;910;970;OK;940;941.1;910;970;OK;941.5;940.7;-15;-18.9;-50;-20;NOK;-15;-18.6;-50;-20;NOK;-18;-18.1;0;-15;-18.9;-50;-20;NOK;330;341;330;500;OK;0;0;N/A;N/A;N/A;N/A;N/A;N/A;N/A;N/A;N/A;N/A;N/A;N/A;N/A;N/A;N/A;N/A;N/A;N/A;N/A;N/A;N/A;N/A;N/A;N/A;N/A;N/A;N/A;N/A;N/A;N/A;N/A;N/A;N/A;N/A;N/A;N/A;N/A;N/A;N/A;N/A;N/A;N/A;N/A;N/A;N/A;N/A;N/A;N/A;N/A;N/A;N/A;N/A;N/A;N/A;N/A;N/A;N/A;N/A;N/A;N/A;N/A;N/A;N/A;N/A;N/A;N/A;N/A;N/A;N/A;N/A;N/A;N/A;N/A;N/A;N/A;N/A;N/A;N/A;N/A;N/A;N/A;N/A;N/A;N/A;N/A;N/A;N/A;N/A;N/A;N/A;N/A;N/A;N/A;N/A;N/A;N/A;N/A;N/A;;0;398.5;0;0;;Disabled;TempStop;1;700;401.6;0;0;0;549.9;449.9;Enabled;PosOk;1;0;0;0;0;0;15;Disabled;0;0;0;0;0;0;0;0;0;0;0;0;0;0;0;0;0;0;0;0;0;0;0;0;0;0;0;0;0;0;0;0;0;0;0;0;0;0;0;0;0;0;0;0;0;0;0;0;0;0;0;0;0;0;0;0;0;0;0;0;0;0;0;0;0;0;0;0;0;0;30;33;20;45;30;30;20;45;30;25;20;45;30;25;20;45;200;228;100;300;200;224;100;300;200;0;100;300;200;0;100;300;30;33;20;45;30;30;20;45;30;26;20;45;30;28;20;45;200;242;100;300;200;240;100;300;200;0;100;300;200;0;100;300;4;2;0.4;6;4;5;0.4;6;4;2;0.4;6;4;5;0.4;6;4;2;0.4;6;4;6;0.4;6;4;2;0.4;6;4;6;0.4;6;NOK;NOK;OK;10000;10045;8000;11000;OK;8.66;0;8;12;NOK;N/A;1.95;N/A;N/A;N/A;9;11.6;7;18;OK;;0;0;0;-;Disabled;TempOk;1;230;106.3;0;0;0;349.9;441543200 volvo 589-1;441543200 volvo 589-1;441543200 volvo 589-1
20260331_17:26:10;26321;3;5;940;953.7;910;970;OK;940;953.5;910;970;OK;950.6;952.5;-20;-18.8;-50;-25;NOK;-20;-18.3;-50;-25;NOK;-16;-17.2;0;-20;-18.8;-50;-25;NOK;330;341;330;500;OK;0;0;N/A;N/A;N/A;N/A;N/A;N/A;N/A;N/A;N/A;N/A;N/A;N/A;N/A;N/A;N/A;N/A;N/A;N/A;N/A;N/A;N/A;N/A;N/A;N/A;N/A;N/A;N/A;N/A;N/A;N/A;N/A;N/A;N/A;N/A;N/A;N/A;N/A;N/A;N/A;N/A;N/A;N/A;N/A;N/A;N/A;N/A;N/A;N/A;N/A;N/A;N/A;N/A;N/A;N/A;N/A;N/A;N/A;N/A;N/A;N/A;N/A;N/A;N/A;N/A;N/A;N/A;N/A;N/A;N/A;N/A;N/A;N/A;N/A;N/A;N/A;N/A;N/A;N/A;N/A;N/A;N/A;N/A;N/A;N/A;N/A;N/A;N/A;N/A;N/A;N/A;N/A;N/A;N/A;N/A;N/A;N/A;N/A;N/A;;0;404.9;0;0;;Disabled;TempStop;1;700;408.1;0;0;0;549.9;449.9;Enabled;PosOk;1;0;0;0;0;0;15;Disabled;0;0;0;0;0;0;0;0;0;0;0;0;0;0;0;0;0;0;0;0;0;0;0;0;0;0;0;0;0;0;0;0;0;0;0;0;0;0;0;0;0;0;0;0;0;0;0;0;0;0;0;0;0;0;0;0;0;0;0;0;0;0;0;0;0;0;0;0;0;0;30;33;20;45;30;30;20;45;30;25;20;45;30;25;20;45;200;228;100;300;200;224;100;300;200;0;100;300;200;0;100;300;30;33;20;45;30;30;20;45;30;26;20;45;30;28;20;45;200;243;100;300;200;240;100;300;200;0;100;300;200;0;100;300;4;2;0.4;6;4;5;0.4;6;4;2;0.4;6;4;5;0.4;6;4;2;0.4;6;4;6;0.4;6;4;2;0.4;6;4;6;0.4;6;NOK;NOK;OK;10000;10029;8000;11000;OK;8.64;0;8;12;NOK;N/A;1.95;N/A;N/A;N/A;9;11.7;7;18;OK;;0;0;0;-;Disabled;TempOk;1;230;112.5;0;0;0;349.9;441543200 volvo 589-1;441543200 volvo 589-1;441543200 volvo 589-1
20260331_17:26:45;26322;2;2;940;932.2;910;970;OK;940;941.3;910;970;OK;941.8;940.4;-15;-18.3;-50;-20;NOK;-15;-17.7;-50;-20;NOK;-17.3;-17.4;0;-15;-18.3;-50;-20;NOK;330;341;330;500;OK;0;0;N/A;N/A;N/A;N/A;N/A;N/A;N/A;N/A;N/A;N/A;N/A;N/A;N/A;N/A;N/A;N/A;N/A;N/A;N/A;N/A;N/A;N/A;N/A;N/A;N/A;N/A;N/A;N/A;N/A;N/A;N/A;N/A;N/A;N/A;N/A;N/A;N/A;N/A;N/A;N/A;N/A;N/A;N/A;N/A;N/A;N/A;N/A;N/A;N/A;N/A;N/A;N/A;N/A;N/A;N/A;N/A;N/A;N/A;N/A;N/A;N/A;N/A;N/A;N/A;N/A;N/A;N/A;N/A;N/A;N/A;N/A;N/A;N/A;N/A;N/A;N/A;N/A;N/A;N/A;N/A;N/A;N/A;N/A;N/A;N/A;N/A;N/A;N/A;N/A;N/A;N/A;N/A;N/A;N/A;N/A;N/A;N/A;N/A;;0;407.7;0;0;;Disabled;TempStop;1;700;410.2;0;0;0;549.9;449.9;Enabled;PosOk;1;0;0;0;0;0;15;Disabled;0;0;0;0;0;0;0;0;0;0;0;0;0;0;0;0;0;0;0;0;0;0;0;0;0;0;0;0;0;0;0;0;0;0;0;0;0;0;0;0;0;0;0;0;0;0;0;0;0;0;0;0;0;0;0;0;0;0;0;0;0;0;0;0;0;0;0;0;0;0;30;32;20;45;30;29;20;45;30;25;20;45;30;25;20;45;200;227;100;300;200;224;100;300;200;0;100;300;200;0;100;300;30;32;20;45;30;29;20;45;30;26;20;45;30;28;20;45;200;242;100;300;200;241;100;300;200;0;100;300;200;0;100;300;4;2;0.4;6;4;5;0.4;6;4;2;0.4;6;4;6;0.4;6;4;2;0.4;6;4;5;0.4;6;4;2;0.4;6;4;6;0.4;6;NOK;NOK;OK;10000;10034;8000;11000;OK;8.65;0;8;12;NOK;N/A;1.95;N/A;N/A;N/A;9;11.6;7;18;OK;;0;0;0;-;Disabled;TempOk;1;230;105.7;0;0;0;349.9;441543200 volvo 589-1;441543200 volvo 589-1;441543200 volvo 589-1
20260331_17:27:21;26323;3;4;940;945.8;910;970;OK;940;955.7;910;970;OK;955.3;955.4;-20;-15.3;-50;-25;NOK;-20;-15;-50;-25;NOK;-19;-16.5;0;-20;-15.3;-50;-25;NOK;330;341;330;500;OK;0;0;N/A;N/A;N/A;N/A;N/A;N/A;N/A;N/A;N/A;N/A;N/A;N/A;N/A;N/A;N/A;N/A;N/A;N/A;N/A;N/A;N/A;N/A;N/A;N/A;N/A;N/A;N/A;N/A;N/A;N/A;N/A;N/A;N/A;N/A;N/A;N/A;N/A;N/A;N/A;N/A;N/A;N/A;N/A;N/A;N/A;N/A;N/A;N/A;N/A;N/A;N/A;N/A;N/A;N/A;N/A;N/A;N/A;N/A;N/A;N/A;N/A;N/A;N/A;N/A;N/A;N/A;N/A;N/A;N/A;N/A;N/A;N/A;N/A;N/A;N/A;N/A;N/A;N/A;N/A;N/A;N/A;N/A;N/A;N/A;N/A;N/A;N/A;N/A;N/A;N/A;N/A;N/A;N/A;N/A;N/A;N/A;N/A;N/A;;0;399.2;0;0;;Disabled;TempStop;1;700;401.9;0;0;0;549.9;449.9;Enabled;PosOk;1;0;0;0;0;0;15;Disabled;0;0;0;0;0;0;0;0;0;0;0;0;0;0;0;0;0;0;0;0;0;0;0;0;0;0;0;0;0;0;0;0;0;0;0;0;0;0;0;0;0;0;0;0;0;0;0;0;0;0;0;0;0;0;0;0;0;0;0;0;0;0;0;0;0;0;0;0;0;0;30;32;20;45;30;29;20;45;30;26;20;45;30;25;20;45;200;227;100;300;200;224;100;300;200;0;100;300;200;0;100;300;30;32;20;45;30;29;20;45;30;26;20;45;30;28;20;45;200;242;100;300;200;240;100;300;200;0;100;300;200;0;100;300;4;2;0.4;6;4;5;0.4;6;4;2;0.4;6;4;5;0.4;6;4;2;0.4;6;4;5;0.4;6;4;2;0.4;6;4;6;0.4;6;NOK;NOK;OK;10000;10058;8000;11000;OK;8.66;0;8;12;NOK;N/A;1.95;N/A;N/A;N/A;9;11.6;7;18;OK;;0;0;0;-;Disabled;TempOk;1;230;106;0;0;0;349.9;441543200 volvo 589-1;441543200 volvo 589-1;441543200 volvo 589-1
20260331_17:27:56;26324;4;4;940;936.9;910;970;OK;940;959;910;970;OK;958;958.5;-15;-14.2;-50;-5;OK;-15;-14;-50;-5;OK;-11;-12.5;0;-15;-14.2;-50;-5;OK;330;341;330;500;OK;246.86;247.32;N/A;N/A;N/A;N/A;N/A;N/A;N/A;N/A;N/A;N/A;N/A;N/A;N/A;N/A;N/A;N/A;N/A;N/A;N/A;N/A;N/A;N/A;N/A;N/A;N/A;N/A;N/A;N/A;N/A;N/A;N/A;N/A;N/A;N/A;N/A;N/A;N/A;N/A;N/A;N/A;N/A;N/A;N/A;N/A;N/A;N/A;N/A;N/A;N/A;N/A;N/A;N/A;N/A;N/A;N/A;N/A;N/A;N/A;N/A;N/A;N/A;N/A;N/A;N/A;N/A;N/A;N/A;N/A;N/A;N/A;N/A;N/A;N/A;N/A;N/A;N/A;N/A;N/A;N/A;N/A;N/A;N/A;N/A;N/A;N/A;N/A;N/A;N/A;N/A;N/A;N/A;N/A;N/A;N/A;N/A;N/A;N/A;N/A;;0;404.7;0;0;;Disabled;TempStop;1;700;407.8;0;0;0;549.9;449.9;Enabled;PosOk;1;0;0;0;0;0;15;Disabled;0;0;0;0;0;0;0;0;0;0;0;0;0;0;0;0;0;0;0;0;0;0;0;0;0;0;0;0;0;0;0;0;0;0;0;0;0;0;0;0;0;0;0;0;0;0;0;0;0;0;0;0;0;0;0;0;0;0;0;0;0;0;0;0;0;0;0;0;0;0;30;32;20;45;30;30;20;45;30;25;20;45;30;25;20;45;200;227;100;300;200;224;100;300;200;0;100;300;200;0;100;300;30;32;20;45;30;30;20;45;30;26;20;45;30;28;20;45;200;242;100;300;200;241;100;300;200;0;100;300;200;0;100;300;4;2;0.4;6;4;5;0.4;6;4;2;0.4;6;4;5;0.4;6;4;2;0.4;6;4;6;0.4;6;4;2;0.4;6;4;5;0.4;6;NOK;NOK;OK;10000;10045;8000;11000;OK;8.65;0;8;12;NOK;N/A;1.95;N/A;N/A;N/A;9;11.8;7;18;OK;;0;0;0;-;Disabled;TempOk;1;230;105.7;0;0;0;349.9;441543200 volvo 589-1;441543200 volvo 589-1;441543200 volvo 589-1
20260331_17:28:31;26325;1;3;940;935;910;970;OK;940;945.6;910;970;OK;945.7;946;-20;-21.2;-50;-25;NOK;-20;-21.3;-50;-25;NOK;-20.6;-21.2;0;-20;-21.2;-50;-25;NOK;330;341;330;500;OK;0;0;N/A;N/A;N/A;N/A;N/A;N/A;N/A;N/A;N/A;N/A;N/A;N/A;N/A;N/A;N/A;N/A;N/A;N/A;N/A;N/A;N/A;N/A;N/A;N/A;N/A;N/A;N/A;N/A;N/A;N/A;N/A;N/A;N/A;N/A;N/A;N/A;N/A;N/A;N/A;N/A;N/A;N/A;N/A;N/A;N/A;N/A;N/A;N/A;N/A;N/A;N/A;N/A;N/A;N/A;N/A;N/A;N/A;N/A;N/A;N/A;N/A;N/A;N/A;N/A;N/A;N/A;N/A;N/A;N/A;N/A;N/A;N/A;N/A;N/A;N/A;N/A;N/A;N/A;N/A;N/A;N/A;N/A;N/A;N/A;N/A;N/A;N/A;N/A;N/A;N/A;N/A;N/A;N/A;N/A;N/A;N/A;N/A;N/A;;0;408.9;0;0;;Disabled;TempStop;1;700;411.5;0;0;0;549.9;449.9;Enabled;PosOk;1;0;0;0;0;0;15;Disabled;0;0;0;0;0;0;0;0;0;0;0;0;0;0;0;0;0;0;0;0;0;0;0;0;0;0;0;0;0;0;0;0;0;0;0;0;0;0;0;0;0;0;0;0;0;0;0;0;0;0;0;0;0;0;0;0;0;0;0;0;0;0;0;0;0;0;0;0;28;2;30;32;20;45;30;30;20;45;30;25;20;45;30;25;20;45;200;227;100;300;200;224;100;300;200;0;100;300;200;0;100;300;30;33;20;45;30;30;20;45;30;26;20;45;30;28;20;45;200;243;100;300;200;240;100;300;200;0;100;300;200;0;100;300;4;2;0.4;6;4;5;0.4;6;4;2;0.4;6;4;5;0.4;6;4;2;0.4;6;4;6;0.4;6;4;2;0.4;6;4;6;0.4;6;NOK;NOK;OK;10000;10050;8000;11000;OK;8.65;0;8;12;NOK;N/A;1.95;N/A;N/A;N/A;9;10.9;7;18;OK;;0;0;0;-;Disabled;TempOk;1;230;106.9;0;0;0;349.9;441543200 volvo 589-1;441543200 volvo 589-1;441543200 volvo 589-1
20260331_17:29:06;26326;4;3;940;948.2;910;970;OK;940;957.1;910;970;OK;956.2;956.5;-15;-17.7;-50;-5;OK;-15;-17.8;-50;-5;OK;-16;-17;0;-15;-17.7;-50;-5;OK;330;341;330;500;OK;246.95;247.41;N/A;N/A;N/A;N/A;N/A;N/A;N/A;N/A;N/A;N/A;N/A;N/A;N/A;N/A;N/A;N/A;N/A;N/A;N/A;N/A;N/A;N/A;N/A;N/A;N/A;N/A;N/A;N/A;N/A;N/A;N/A;N/A;N/A;N/A;N/A;N/A;N/A;N/A;N/A;N/A;N/A;N/A;N/A;N/A;N/A;N/A;N/A;N/A;N/A;N/A;N/A;N/A;N/A;N/A;N/A;N/A;N/A;N/A;N/A;N/A;N/A;N/A;N/A;N/A;N/A;N/A;N/A;N/A;N/A;N/A;N/A;N/A;N/A;N/A;N/A;N/A;N/A;N/A;N/A;N/A;N/A;N/A;N/A;N/A;N/A;N/A;N/A;N/A;N/A;N/A;N/A;N/A;N/A;N/A;N/A;N/A;N/A;N/A;;0;405.9;0;0;;Disabled;TempStop;1;700;409.1;0;0;0;549.9;449.9;Enabled;PosOk;1;0;0;0;0;0;15;Disabled;0;0;0;0;0;0;0;0;0;0;0;0;0;0;0;0;0;0;0;0;0;0;0;0;0;0;0;0;0;0;0;0;0;0;0;0;0;0;0;0;0;0;0;0;0;0;0;0;0;0;0;0;0;0;0;0;0;0;0;0;0;0;0;0;0;0;0;0;0;0;30;32;20;45;30;30;20;45;30;25;20;45;30;25;20;45;200;227;100;300;200;224;100;300;200;0;100;300;200;0;100;300;30;33;20;45;30;30;20;45;30;26;20;45;30;27;20;45;200;242;100;300;200;241;100;300;200;0;100;300;200;1;100;300;4;2;0.4;6;4;5;0.4;6;4;2;0.4;6;4;5;0.4;6;4;2;0.4;6;4;6;0.4;6;4;2;0.4;6;4;6;0.4;6;NOK;NOK;OK;10000;10043;8000;11000;OK;8.65;0;8;12;NOK;N/A;1.95;N/A;N/A;N/A;9;11.7;7;18;OK;;0;0;0;-;Disabled;TempOk;1;230;113.4;0;0;0;349.9;441543200 volvo 589-1;441543200 volvo 589-1;441543200 volvo 589-1
20260331_17:29:42;26327;1;4;940;935.4;910;970;OK;940;942.7;910;970;OK;944;943.3;-20;-17;-50;-25;NOK;-20;-18;-50;-25;NOK;-19.2;-19.7;0;-20;-16.8;-50;-25;NOK;330;341;330;500;OK;0;0;N/A;N/A;N/A;N/A;N/A;N/A;N/A;N/A;N/A;N/A;N/A;N/A;N/A;N/A;N/A;N/A;N/A;N/A;N/A;N/A;N/A;N/A;N/A;N/A;N/A;N/A;N/A;N/A;N/A;N/A;N/A;N/A;N/A;N/A;N/A;N/A;N/A;N/A;N/A;N/A;N/A;N/A;N/A;N/A;N/A;N/A;N/A;N/A;N/A;N/A;N/A;N/A;N/A;N/A;N/A;N/A;N/A;N/A;N/A;N/A;N/A;N/A;N/A;N/A;N/A;N/A;N/A;N/A;N/A;N/A;N/A;N/A;N/A;N/A;N/A;N/A;N/A;N/A;N/A;N/A;N/A;N/A;N/A;N/A;N/A;N/A;N/A;N/A;N/A;N/A;N/A;N/A;N/A;N/A;N/A;N/A;N/A;N/A;;0;395.3;0;0;;Disabled;TempStop;1;700;398.1;0;0;0;549.9;449.9;Enabled;PosOk;1;0;0;0;0;0;15;Disabled;0;0;0;0;0;0;0;0;0;0;0;0;0;0;0;0;0;0;0;0;0;0;0;0;0;0;0;0;0;0;0;0;0;0;0;0;0;0;0;0;0;0;0;0;0;0;0;0;0;0;0;0;0;0;0;0;0;0;0;0;0;0;0;0;0;0;0;0;29;12;30;32;20;45;30;29;20;45;30;25;20;45;30;25;20;45;200;227;100;300;200;224;100;300;200;0;100;300;200;0;100;300;30;32;20;45;30;29;20;45;30;26;20;45;30;28;20;45;200;242;100;300;200;240;100;300;200;0;100;300;200;0;100;300;4;2;0.4;6;4;5;0.4;6;4;2;0.4;6;4;6;0.4;6;4;2;0.4;6;4;6;0.4;6;4;2;0.4;6;4;6;0.4;6;NOK;NOK;OK;10000;10036;8000;11000;OK;8.64;0;8;12;NOK;N/A;1.95;N/A;N/A;N/A;9;10.9;7;18;OK;;0;0;0;-;Disabled;TempOk;1;230;109.2;0;0;0;349.9;441543200 volvo 589-1;441543200 volvo 589-1;441543200 volvo 589-1
20260331_17:30:17;26328;4;2;940;939.6;910;970;OK;940;948.5;910;970;OK;948.7;948.6;-15;-14.7;-50;-5;OK;-15;-14.9;-50;-5;OK;-15.6;-15.4;0;-15;-14.7;-50;-5;OK;330;341;330;500;OK;247.03;247.49;N/A;N/A;N/A;N/A;N/A;N/A;N/A;N/A;N/A;N/A;N/A;N/A;N/A;N/A;N/A;N/A;N/A;N/A;N/A;N/A;N/A;N/A;N/A;N/A;N/A;N/A;N/A;N/A;N/A;N/A;N/A;N/A;N/A;N/A;N/A;N/A;N/A;N/A;N/A;N/A;N/A;N/A;N/A;N/A;N/A;N/A;N/A;N/A;N/A;N/A;N/A;N/A;N/A;N/A;N/A;N/A;N/A;N/A;N/A;N/A;N/A;N/A;N/A;N/A;N/A;N/A;N/A;N/A;N/A;N/A;N/A;N/A;N/A;N/A;N/A;N/A;N/A;N/A;N/A;N/A;N/A;N/A;N/A;N/A;N/A;N/A;N/A;N/A;N/A;N/A;N/A;N/A;N/A;N/A;N/A;N/A;N/A;N/A;;0;400.1;0;0;;Disabled;TempStop;1;700;403.1;0;0;0;549.9;449.9;Enabled;PosOk;1;0;0;0;0;0;15;Disabled;0;0;0;0;0;0;0;0;0;0;0;0;0;0;0;0;0;0;0;0;0;0;0;0;0;0;0;0;0;0;0;0;0;0;0;0;0;0;0;0;0;0;0;0;0;0;0;0;0;0;0;0;0;0;0;0;0;0;0;0;0;0;0;0;0;0;0;0;0;0;30;32;20;45;30;29;20;45;30;25;20;45;30;25;20;45;200;227;100;300;200;224;100;300;200;0;100;300;200;0;100;300;30;32;20;45;30;30;20;45;30;26;20;45;30;28;20;45;200;243;100;300;200;241;100;300;200;0;100;300;200;0;100;300;4;2;0.4;6;4;5;0.4;6;4;2;0.4;6;4;5;0.4;6;4;2;0.4;6;4;5;0.4;6;4;2;0.4;6;4;6;0.4;6;NOK;NOK;OK;10000;10021;8000;11000;OK;8.64;0;8;12;NOK;N/A;1.95;N/A;N/A;N/A;9;11.6;7;18;OK;;0;0;0;-;Disabled;TempOk;1;230;104.5;0;0;0;349.9;441543200 volvo 589-1;441543200 volvo 589-1;441543200 volvo 589-1
20260331_17:30:52;26329;3;3;940;932.4;910;970;OK;940;942.5;910;970;OK;944.1;943.3;-20;-19.1;-50;-25;NOK;-20;-19;-50;-25;NOK;-18.6;-18.6;0;-20;-19.1;-50;-25;NOK;330;341;330;500;OK;0;0;N/A;N/A;N/A;N/A;N/A;N/A;N/A;N/A;N/A;N/A;N/A;N/A;N/A;N/A;N/A;N/A;N/A;N/A;N/A;N/A;N/A;N/A;N/A;N/A;N/A;N/A;N/A;N/A;N/A;N/A;N/A;N/A;N/A;N/A;N/A;N/A;N/A;N/A;N/A;N/A;N/A;N/A;N/A;N/A;N/A;N/A;N/A;N/A;N/A;N/A;N/A;N/A;N/A;N/A;N/A;N/A;N/A;N/A;N/A;N/A;N/A;N/A;N/A;N/A;N/A;N/A;N/A;N/A;N/A;N/A;N/A;N/A;N/A;N/A;N/A;N/A;N/A;N/A;N/A;N/A;N/A;N/A;N/A;N/A;N/A;N/A;N/A;N/A;N/A;N/A;N/A;N/A;N/A;N/A;N/A;N/A;N/A;N/A;;0;397;0;0;;Disabled;TempStop;1;700;400.1;0;0;0;549.9;449.9;Enabled;PosOk;1;0;0;0;0;0;15;Disabled;0;0;0;0;0;0;0;0;0;0;0;0;0;0;0;0;0;0;0;0;0;0;0;0;0;0;0;0;0;0;0;0;0;0;0;0;0;0;0;0;0;0;0;0;0;0;0;0;0;0;0;0;0;0;0;0;0;0;0;0;0;0;0;0;0;0;0;0;0;0;30;32;20;45;30;30;20;45;30;25;20;45;30;25;20;45;200;227;100;300;200;224;100;300;200;0;100;300;200;0;100;300;30;32;20;45;30;30;20;45;30;26;20;45;30;28;20;45;200;242;100;300;200;240;100;300;200;0;100;300;200;1;100;300;4;2;0.4;6;4;5;0.4;6;4;2;0.4;6;4;5;0.4;6;4;2;0.4;6;4;5;0.4;6;4;2;0.4;6;4;6;0.4;6;NOK;NOK;OK;10000;10050;8000;11000;OK;8.65;0;8;12;NOK;N/A;1.95;N/A;N/A;N/A;9;11.7;7;18;OK;;0;0;0;-;Disabled;TempOk;1;230;106.7;0;0;0;349.9;441543200 volvo 589-1;441543200 volvo 589-1;441543200 volvo 589-1
20260331_17:31:28;26330;2;4;940;932.9;910;970;OK;940;941.2;910;970;OK;941.6;940.7;-15;-18.8;-50;-20;NOK;-15;-18.5;-50;-20;NOK;-18.5;-18.4;0;-15;-18.8;-50;-20;NOK;330;341;330;500;OK;0;0;N/A;N/A;N/A;N/A;N/A;N/A;N/A;N/A;N/A;N/A;N/A;N/A;N/A;N/A;N/A;N/A;N/A;N/A;N/A;N/A;N/A;N/A;N/A;N/A;N/A;N/A;N/A;N/A;N/A;N/A;N/A;N/A;N/A;N/A;N/A;N/A;N/A;N/A;N/A;N/A;N/A;N/A;N/A;N/A;N/A;N/A;N/A;N/A;N/A;N/A;N/A;N/A;N/A;N/A;N/A;N/A;N/A;N/A;N/A;N/A;N/A;N/A;N/A;N/A;N/A;N/A;N/A;N/A;N/A;N/A;N/A;N/A;N/A;N/A;N/A;N/A;N/A;N/A;N/A;N/A;N/A;N/A;N/A;N/A;N/A;N/A;N/A;N/A;N/A;N/A;N/A;N/A;N/A;N/A;N/A;N/A;N/A;N/A;;0;404.5;0;0;;Disabled;TempStop;1;700;407.5;0;0;0;549.9;449.9;Enabled;PosOk;1;0;0;0;0;0;15;Disabled;0;0;0;0;0;0;0;0;0;0;0;0;0;0;0;0;0;0;0;0;0;0;0;0;0;0;0;0;0;0;0;0;0;0;0;0;0;0;0;0;0;0;0;0;0;0;0;0;0;0;0;0;0;0;0;0;0;0;0;0;0;0;0;0;0;0;0;0;0;0;30;32;20;45;30;30;20;45;30;25;20;45;30;25;20;45;200;227;100;300;200;224;100;300;200;0;100;300;200;0;100;300;30;33;20;45;30;30;20;45;30;26;20;45;30;28;20;45;200;242;100;300;200;240;100;300;200;0;100;300;200;0;100;300;4;2;0.4;6;4;5;0.4;6;4;2;0.4;6;4;5;0.4;6;4;2;0.4;6;4;5;0.4;6;4;2;0.4;6;4;5;0.4;6;NOK;NOK;OK;10000;10017;8000;11000;OK;8.63;0;8;12;NOK;N/A;1.95;N/A;N/A;N/A;9;11.8;7;18;OK;;0;0;0;-;Disabled;TempOk;1;230;104.5;0;0;0;349.9;441543200 volvo 589-1;441543200 volvo 589-1;441543200 volvo 589-1
20260331_17:32:03;26331;3;5;940;948.3;910;970;OK;940;935;910;970;OK;925.6;931.2;-20;-18.4;-50;-25;NOK;-20;-18.5;-50;-25;NOK;-16;-17.1;0;-20;-18.4;-50;-25;NOK;330;341;330;500;OK;0;0;N/A;N/A;N/A;N/A;N/A;N/A;N/A;N/A;N/A;N/A;N/A;N/A;N/A;N/A;N/A;N/A;N/A;N/A;N/A;N/A;N/A;N/A;N/A;N/A;N/A;N/A;N/A;N/A;N/A;N/A;N/A;N/A;N/A;N/A;N/A;N/A;N/A;N/A;N/A;N/A;N/A;N/A;N/A;N/A;N/A;N/A;N/A;N/A;N/A;N/A;N/A;N/A;N/A;N/A;N/A;N/A;N/A;N/A;N/A;N/A;N/A;N/A;N/A;N/A;N/A;N/A;N/A;N/A;N/A;N/A;N/A;N/A;N/A;N/A;N/A;N/A;N/A;N/A;N/A;N/A;N/A;N/A;N/A;N/A;N/A;N/A;N/A;N/A;N/A;N/A;N/A;N/A;N/A;N/A;N/A;N/A;N/A;N/A;;0;399.6;0;0;;Disabled;TempStop;1;700;402.5;0;0;0;549.9;449.9;Enabled;PosOk;1;0;0;0;0;0;15;Disabled;0;0;0;0;0;0;0;0;0;0;0;0;0;0;0;0;0;0;0;0;0;0;0;0;0;0;0;0;0;0;0;0;0;0;0;0;0;0;0;0;0;0;0;0;0;0;0;0;0;0;0;0;0;0;0;0;0;0;0;0;0;0;0;0;0;0;0;0;0;0;30;33;20;45;30;30;20;45;30;26;20;45;30;25;20;45;200;227;100;300;200;224;100;300;200;0;100;300;200;0;100;300;30;33;20;45;30;30;20;45;30;26;20;45;30;28;20;45;200;242;100;300;200;240;100;300;200;0;100;300;200;0;100;300;4;2;0.4;6;4;5;0.4;6;4;2;0.4;6;4;6;0.4;6;4;2;0.4;6;4;5;0.4;6;4;2;0.4;6;4;6;0.4;6;NOK;NOK;OK;10000;10039;8000;11000;OK;8.65;0;8;12;NOK;N/A;1.95;N/A;N/A;N/A;9;11.7;7;18;OK;;0;0;0;-;Disabled;TempOk;1;230;108.9;0;0;0;349.9;441543200 volvo 589-1;441543200 volvo 589-1;441543200 volvo 589-1
20260331_17:32:38;26332;2;2;940;932.3;910;970;OK;940;941.4;910;970;OK;941.9;940.5;-15;-17.9;-50;-20;NOK;-15;-17.4;-50;-20;NOK;-17.2;-17.2;0;-15;-17.9;-50;-20;NOK;330;341;330;500;OK;0;0;N/A;N/A;N/A;N/A;N/A;N/A;N/A;N/A;N/A;N/A;N/A;N/A;N/A;N/A;N/A;N/A;N/A;N/A;N/A;N/A;N/A;N/A;N/A;N/A;N/A;N/A;N/A;N/A;N/A;N/A;N/A;N/A;N/A;N/A;N/A;N/A;N/A;N/A;N/A;N/A;N/A;N/A;N/A;N/A;N/A;N/A;N/A;N/A;N/A;N/A;N/A;N/A;N/A;N/A;N/A;N/A;N/A;N/A;N/A;N/A;N/A;N/A;N/A;N/A;N/A;N/A;N/A;N/A;N/A;N/A;N/A;N/A;N/A;N/A;N/A;N/A;N/A;N/A;N/A;N/A;N/A;N/A;N/A;N/A;N/A;N/A;N/A;N/A;N/A;N/A;N/A;N/A;N/A;N/A;N/A;N/A;N/A;N/A;;0;410.8;0;0;;Disabled;TempStop;1;700;413.7;0;0;0;549.9;449.9;Enabled;PosOk;1;0;0;0;0;0;15;Disabled;0;0;0;0;0;0;0;0;0;0;0;0;0;0;0;0;0;0;0;0;0;0;0;0;0;0;0;0;0;0;0;0;0;0;0;0;0;0;0;0;0;0;0;0;0;0;0;0;0;0;0;0;0;0;0;0;0;0;0;0;0;0;0;0;0;0;0;0;0;0;30;33;20;45;30;29;20;45;30;26;20;45;30;25;20;45;200;227;100;300;200;224;100;300;200;0;100;300;200;0;100;300;30;32;20;45;30;29;20;45;30;26;20;45;30;27;20;45;200;242;100;300;200;240;100;300;200;0;100;300;200;0;100;300;4;2;0.4;6;4;5;0.4;6;4;2;0.4;6;4;5;0.4;6;4;2;0.4;6;4;5;0.4;6;4;2;0.4;6;4;6;0.4;6;NOK;NOK;OK;10000;10024;8000;11000;OK;8.64;0;8;12;NOK;N/A;1.95;N/A;N/A;N/A;9;11.8;7;18;OK;;0;0;0;-;Disabled;TempOk;1;230;109.5;0;0;0;349.9;441543200 volvo 589-1;441543200 volvo 589-1;441543200 volvo 589-1
20260331_17:33:14;26333;3;4;940;947.1;910;970;OK;940;954.3;910;970;OK;954.4;954.4;-20;-15;-50;-25;NOK;-20;-15.3;-50;-25;NOK;-19.2;-16.8;0;-20;-15.1;-50;-25;NOK;330;341;330;500;OK;0;0;N/A;N/A;N/A;N/A;N/A;N/A;N/A;N/A;N/A;N/A;N/A;N/A;N/A;N/A;N/A;N/A;N/A;N/A;N/A;N/A;N/A;N/A;N/A;N/A;N/A;N/A;N/A;N/A;N/A;N/A;N/A;N/A;N/A;N/A;N/A;N/A;N/A;N/A;N/A;N/A;N/A;N/A;N/A;N/A;N/A;N/A;N/A;N/A;N/A;N/A;N/A;N/A;N/A;N/A;N/A;N/A;N/A;N/A;N/A;N/A;N/A;N/A;N/A;N/A;N/A;N/A;N/A;N/A;N/A;N/A;N/A;N/A;N/A;N/A;N/A;N/A;N/A;N/A;N/A;N/A;N/A;N/A;N/A;N/A;N/A;N/A;N/A;N/A;N/A;N/A;N/A;N/A;N/A;N/A;N/A;N/A;N/A;N/A;;0;400.1;0;0;;Disabled;TempStop;1;700;403.3;0;0;0;549.9;449.9;Enabled;PosOk;1;0;0;0;0;0;15;Disabled;0;0;0;0;0;0;0;0;0;0;0;0;0;0;0;0;0;0;0;0;0;0;0;0;0;0;0;0;0;0;0;0;0;0;0;0;0;0;0;0;0;0;0;0;0;0;0;0;0;0;0;0;0;0;0;0;0;0;0;0;0;0;0;0;0;0;0;0;0;0;30;32;20;45;30;29;20;45;30;25;20;45;30;25;20;45;200;227;100;300;200;224;100;300;200;0;100;300;200;0;100;300;30;32;20;45;30;29;20;45;30;26;20;45;30;28;20;45;200;242;100;300;200;240;100;300;200;0;100;300;200;0;100;300;4;2;0.4;6;4;5;0.4;6;4;2;0.4;6;4;5;0.4;6;4;2;0.4;6;4;5;0.4;6;4;2;0.4;6;4;6;0.4;6;NOK;NOK;OK;10000;10051;8000;11000;OK;8.65;0;8;12;NOK;N/A;1.95;N/A;N/A;N/A;9;11.7;7;18;OK;;0;0;0;-;Disabled;TempOk;1;230;107.3;0;0;0;349.9;441543200 volvo 589-1;441543200 volvo 589-1;441543200 volvo 589-1
20260331_17:33:49;26334;4;4;940;938.2;910;970;OK;940;960.2;910;970;OK;959.1;959.6;-15;-14.4;-50;-5;OK;-15;-13.9;-50;-5;OK;-10.8;-12.3;0;-15;-14.5;-50;-5;OK;330;341;330;500;OK;247.34;247.8;N/A;N/A;N/A;N/A;N/A;N/A;N/A;N/A;N/A;N/A;N/A;N/A;N/A;N/A;N/A;N/A;N/A;N/A;N/A;N/A;N/A;N/A;N/A;N/A;N/A;N/A;N/A;N/A;N/A;N/A;N/A;N/A;N/A;N/A;N/A;N/A;N/A;N/A;N/A;N/A;N/A;N/A;N/A;N/A;N/A;N/A;N/A;N/A;N/A;N/A;N/A;N/A;N/A;N/A;N/A;N/A;N/A;N/A;N/A;N/A;N/A;N/A;N/A;N/A;N/A;N/A;N/A;N/A;N/A;N/A;N/A;N/A;N/A;N/A;N/A;N/A;N/A;N/A;N/A;N/A;N/A;N/A;N/A;N/A;N/A;N/A;N/A;N/A;N/A;N/A;N/A;N/A;N/A;N/A;N/A;N/A;N/A;N/A;;0;405.9;0;0;;Disabled;TempStop;1;700;409.1;0;0;0;549.9;449.9;Enabled;PosOk;1;0;0;0;0;0;15;Disabled;0;0;0;0;0;0;0;0;0;0;0;0;0;0;0;0;0;0;0;0;0;0;0;0;0;0;0;0;0;0;0;0;0;0;0;0;0;0;0;0;0;0;0;0;0;0;0;0;0;0;0;0;0;0;0;0;0;0;0;0;0;0;0;0;0;0;0;0;0;0;30;32;20;45;30;30;20;45;30;26;20;45;30;26;20;45;200;227;100;300;200;224;100;300;200;0;100;300;200;0;100;300;30;33;20;45;30;30;20;45;30;26;20;45;30;28;20;45;200;243;100;300;200;240;100;300;200;0;100;300;200;0;100;300;4;2;0.4;6;4;5;0.4;6;4;2;0.4;6;4;5;0.4;6;4;2;0.4;6;4;6;0.4;6;4;2;0.4;6;4;6;0.4;6;NOK;NOK;OK;10000;10038;8000;11000;OK;8.65;0;8;12;NOK;N/A;1.95;N/A;N/A;N/A;9;11.6;7;18;OK;;0;0;0;-;Disabled;TempOk;1;230;111.2;0;0;0;349.9;441543200 volvo 589-1;441543200 volvo 589-1;441543200 volvo 589-1
20260331_17:34:24;26335;1;3;940;935.9;910;970;OK;940;946;910;970;OK;945.8;946.4;-20;-21.3;-50;-25;NOK;-20;-21.3;-50;-25;NOK;-20.6;-21.2;0;-20;-21.3;-50;-25;NOK;330;341;330;500;OK;0;0;N/A;N/A;N/A;N/A;N/A;N/A;N/A;N/A;N/A;N/A;N/A;N/A;N/A;N/A;N/A;N/A;N/A;N/A;N/A;N/A;N/A;N/A;N/A;N/A;N/A;N/A;N/A;N/A;N/A;N/A;N/A;N/A;N/A;N/A;N/A;N/A;N/A;N/A;N/A;N/A;N/A;N/A;N/A;N/A;N/A;N/A;N/A;N/A;N/A;N/A;N/A;N/A;N/A;N/A;N/A;N/A;N/A;N/A;N/A;N/A;N/A;N/A;N/A;N/A;N/A;N/A;N/A;N/A;N/A;N/A;N/A;N/A;N/A;N/A;N/A;N/A;N/A;N/A;N/A;N/A;N/A;N/A;N/A;N/A;N/A;N/A;N/A;N/A;N/A;N/A;N/A;N/A;N/A;N/A;N/A;N/A;N/A;N/A;;0;402.5;0;0;;Disabled;TempStop;1;700;405.8;0;0;0;549.9;449.9;Enabled;PosOk;1;0;0;0;0;0;15;Disabled;0;0;0;0;0;0;0;0;0;0;0;0;0;0;0;0;0;0;0;0;0;0;0;0;0;0;0;0;0;0;0;0;0;0;0;0;0;0;0;0;0;0;0;0;0;0;0;0;0;0;0;0;0;0;0;0;0;0;0;0;0;0;0;0;0;0;0;0;33;55;30;32;20;45;30;30;20;45;30;26;20;45;30;25;20;45;200;228;100;300;200;225;100;300;200;0;100;300;200;0;100;300;30;32;20;45;30;30;20;45;30;26;20;45;30;28;20;45;200;242;100;300;200;241;100;300;200;0;100;300;200;0;100;300;4;2;0.4;6;4;5;0.4;6;4;2;0.4;6;4;6;0.4;6;4;2;0.4;6;4;5;0.4;6;4;2;0.4;6;4;6;0.4;6;NOK;NOK;OK;10000;10048;8000;11000;OK;8.65;0;8;12;NOK;N/A;1.95;N/A;N/A;N/A;9;11.3;7;18;OK;;0;0;0;-;Disabled;TempOk;1;230;109.2;0;0;0;349.9;441543200 volvo 589-1;441543200 volvo 589-1;441543200 volvo 589-1
20260331_17:35:00;26336;4;3;940;949.1;910;970;OK;940;957.7;910;970;OK;956.8;957.3;-15;-17.9;-50;-5;OK;-15;-17.6;-50;-5;OK;-15.8;-16.8;0;-15;-17.9;-50;-5;OK;330;341;330;500;OK;247.43;247.89;N/A;N/A;N/A;N/A;N/A;N/A;N/A;N/A;N/A;N/A;N/A;N/A;N/A;N/A;N/A;N/A;N/A;N/A;N/A;N/A;N/A;N/A;N/A;N/A;N/A;N/A;N/A;N/A;N/A;N/A;N/A;N/A;N/A;N/A;N/A;N/A;N/A;N/A;N/A;N/A;N/A;N/A;N/A;N/A;N/A;N/A;N/A;N/A;N/A;N/A;N/A;N/A;N/A;N/A;N/A;N/A;N/A;N/A;N/A;N/A;N/A;N/A;N/A;N/A;N/A;N/A;N/A;N/A;N/A;N/A;N/A;N/A;N/A;N/A;N/A;N/A;N/A;N/A;N/A;N/A;N/A;N/A;N/A;N/A;N/A;N/A;N/A;N/A;N/A;N/A;N/A;N/A;N/A;N/A;N/A;N/A;N/A;N/A;;0;402.8;0;0;;Disabled;TempStop;1;700;406.2;0;0;0;549.9;449.9;Enabled;PosOk;1;0;0;0;0;0;15;Disabled;0;0;0;0;0;0;0;0;0;0;0;0;0;0;0;0;0;0;0;0;0;0;0;0;0;0;0;0;0;0;0;0;0;0;0;0;0;0;0;0;0;0;0;0;0;0;0;0;0;0;0;0;0;0;0;0;0;0;0;0;0;0;0;0;0;0;0;0;0;0;30;32;20;45;30;30;20;45;30;26;20;45;30;25;20;45;200;227;100;300;200;224;100;300;200;0;100;300;200;0;100;300;30;33;20;45;30;30;20;45;30;26;20;45;30;28;20;45;200;243;100;300;200;240;100;300;200;0;100;300;200;0;100;300;4;2;0.4;6;4;5;0.4;6;4;2;0.4;6;4;5;0.4;6;4;2;0.4;6;4;6;0.4;6;4;2;0.4;6;4;6;0.4;6;NOK;NOK;OK;10000;10049;8000;11000;OK;8.65;0;8;12;NOK;N/A;1.96;N/A;N/A;N/A;9;11.2;7;18;OK;;0;0;0;-;Disabled;TempOk;1;230;107.3;0;0;0;349.9;441543200 volvo 589-1;441543200 volvo 589-1;441543200 volvo 589-1
20260331_17:35:35;26337;1;4;940;935.9;910;970;OK;940;943.1;910;970;OK;944.5;943.8;-20;-16.9;-50;-25;NOK;-20;-18;-50;-25;NOK;-19.1;-19.6;0;-20;-16.8;-50;-25;NOK;330;341;330;500;OK;0;0;N/A;N/A;N/A;N/A;N/A;N/A;N/A;N/A;N/A;N/A;N/A;N/A;N/A;N/A;N/A;N/A;N/A;N/A;N/A;N/A;N/A;N/A;N/A;N/A;N/A;N/A;N/A;N/A;N/A;N/A;N/A;N/A;N/A;N/A;N/A;N/A;N/A;N/A;N/A;N/A;N/A;N/A;N/A;N/A;N/A;N/A;N/A;N/A;N/A;N/A;N/A;N/A;N/A;N/A;N/A;N/A;N/A;N/A;N/A;N/A;N/A;N/A;N/A;N/A;N/A;N/A;N/A;N/A;N/A;N/A;N/A;N/A;N/A;N/A;N/A;N/A;N/A;N/A;N/A;N/A;N/A;N/A;N/A;N/A;N/A;N/A;N/A;N/A;N/A;N/A;N/A;N/A;N/A;N/A;N/A;N/A;N/A;N/A;;0;398.8;0;0;;Disabled;TempStop;1;700;402.1;0;0;0;549.9;449.9;Enabled;PosOk;1;0;0;0;0;0;15;Disabled;0;0;0;0;0;0;0;0;0;0;0;0;0;0;0;0;0;0;0;0;0;0;0;0;0;0;0;0;0;0;0;0;0;0;0;0;0;0;0;0;0;0;0;0;0;0;0;0;0;0;0;0;0;0;0;0;0;0;0;0;0;0;0;0;0;0;0;0;35;6;30;32;20;45;30;30;20;45;30;26;20;45;30;26;20;45;200;227;100;300;200;224;100;300;200;0;100;300;200;0;100;300;30;32;20;45;30;29;20;45;30;26;20;45;30;28;20;45;200;241;100;300;200;240;100;300;200;0;100;300;200;0;100;300;4;2;0.4;6;4;5;0.4;6;4;2;0.4;6;4;5;0.4;6;4;2;0.4;6;4;5;0.4;6;4;2;0.4;6;4;6;0.4;6;NOK;NOK;OK;10000;10025;8000;11000;OK;8.63;0;8;12;NOK;N/A;1.95;N/A;N/A;N/A;9;11.3;7;18;OK;;0;0;0;-;Disabled;TempOk;1;230;107.2;0;0;0;349.9;441543200 volvo 589-1;441543200 volvo 589-1;441543200 volvo 589-1
20260331_17:36:10;26338;4;2;940;941.2;910;970;OK;940;949.3;910;970;OK;949.3;949.2;-15;-14.8;-50;-5;OK;-15;-14.9;-50;-5;OK;-15.4;-15.3;0;-15;-14.8;-50;-5;OK;330;341;330;500;OK;247.5;247.97;N/A;N/A;N/A;N/A;N/A;N/A;N/A;N/A;N/A;N/A;N/A;N/A;N/A;N/A;N/A;N/A;N/A;N/A;N/A;N/A;N/A;N/A;N/A;N/A;N/A;N/A;N/A;N/A;N/A;N/A;N/A;N/A;N/A;N/A;N/A;N/A;N/A;N/A;N/A;N/A;N/A;N/A;N/A;N/A;N/A;N/A;N/A;N/A;N/A;N/A;N/A;N/A;N/A;N/A;N/A;N/A;N/A;N/A;N/A;N/A;N/A;N/A;N/A;N/A;N/A;N/A;N/A;N/A;N/A;N/A;N/A;N/A;N/A;N/A;N/A;N/A;N/A;N/A;N/A;N/A;N/A;N/A;N/A;N/A;N/A;N/A;N/A;N/A;N/A;N/A;N/A;N/A;N/A;N/A;N/A;N/A;N/A;N/A;;0;399.3;0;0;;Disabled;TempStop;1;700;402.8;0;0;0;549.9;449.9;Enabled;PosOk;1;0;0;0;0;0;15;Disabled;0;0;0;0;0;0;0;0;0;0;0;0;0;0;0;0;0;0;0;0;0;0;0;0;0;0;0;0;0;0;0;0;0;0;0;0;0;0;0;0;0;0;0;0;0;0;0;0;0;0;0;0;0;0;0;0;0;0;0;0;0;0;0;0;0;0;0;0;0;0;30;32;20;45;30;29;20;45;30;26;20;45;30;26;20;45;200;227;100;300;200;224;100;300;200;0;100;300;200;0;100;300;30;32;20;45;30;29;20;45;30;26;20;45;30;28;20;45;200;242;100;300;200;240;100;300;200;0;100;300;200;0;100;300;4;2;0.4;6;4;5;0.4;6;4;2;0.4;6;4;5;0.4;6;4;2;0.4;6;4;5;0.4;6;4;2;0.4;6;4;6;0.4;6;NOK;NOK;OK;10000;10053;8000;11000;OK;8.65;0;8;12;NOK;N/A;1.95;N/A;N/A;N/A;9;11.7;7;18;OK;;0;0;0;-;Disabled;TempOk;1;230;106.3;0;0;0;349.9;441543200 volvo 589-1;441543200 volvo 589-1;441543200 volvo 589-1
20260331_17:36:46;26339;3;3;940;933.9;910;970;OK;940;943;910;970;OK;944.3;943.7;-20;-19.1;-50;-25;NOK;-20;-18.9;-50;-25;NOK;-18.5;-18.5;0;-20;-19.2;-50;-25;NOK;330;341;330;500;OK;0;0;N/A;N/A;N/A;N/A;N/A;N/A;N/A;N/A;N/A;N/A;N/A;N/A;N/A;N/A;N/A;N/A;N/A;N/A;N/A;N/A;N/A;N/A;N/A;N/A;N/A;N/A;N/A;N/A;N/A;N/A;N/A;N/A;N/A;N/A;N/A;N/A;N/A;N/A;N/A;N/A;N/A;N/A;N/A;N/A;N/A;N/A;N/A;N/A;N/A;N/A;N/A;N/A;N/A;N/A;N/A;N/A;N/A;N/A;N/A;N/A;N/A;N/A;N/A;N/A;N/A;N/A;N/A;N/A;N/A;N/A;N/A;N/A;N/A;N/A;N/A;N/A;N/A;N/A;N/A;N/A;N/A;N/A;N/A;N/A;N/A;N/A;N/A;N/A;N/A;N/A;N/A;N/A;N/A;N/A;N/A;N/A;N/A;N/A;;0;397.2;0;0;;Disabled;TempStop;1;700;400.3;0;0;0;549.9;449.9;Enabled;PosOk;1;0;0;0;0;0;15;Disabled;0;0;0;0;0;0;0;0;0;0;0;0;0;0;0;0;0;0;0;0;0;0;0;0;0;0;0;0;0;0;0;0;0;0;0;0;0;0;0;0;0;0;0;0;0;0;0;0;0;0;0;0;0;0;0;0;0;0;0;0;0;0;0;0;0;0;0;0;0;0;30;32;20;45;30;29;20;45;30;26;20;45;30;26;20;45;200;227;100;300;200;224;100;300;200;0;100;300;200;0;100;300;30;32;20;45;30;30;20;45;30;26;20;45;30;28;20;45;200;242;100;300;200;240;100;300;200;0;100;300;200;0;100;300;4;2;0.4;6;4;5;0.4;6;4;2;0.4;6;4;6;0.4;6;4;2;0.4;6;4;6;0.4;6;4;2;0.4;6;4;6;0.4;6;NOK;NOK;OK;10000;10033;8000;11000;OK;8.64;0;8;12;NOK;N/A;1.95;N/A;N/A;N/A;9;11.7;7;18;OK;;0;0;0;-;Disabled;TempOk;1;230;107.5;0;0;0;349.9;441543200 volvo 589-1;441543200 volvo 589-1;441543200 volvo 589-1
20260331_17:37:21;26340;2;4;940;933.6;910;970;OK;940;941.2;910;970;OK;941.5;940.8;-15;-18.7;-50;-20;NOK;-15;-18.9;-50;-20;NOK;-18.3;-18.4;0;-15;-18.7;-50;-20;NOK;330;341;330;500;OK;0;0;N/A;N/A;N/A;N/A;N/A;N/A;N/A;N/A;N/A;N/A;N/A;N/A;N/A;N/A;N/A;N/A;N/A;N/A;N/A;N/A;N/A;N/A;N/A;N/A;N/A;N/A;N/A;N/A;N/A;N/A;N/A;N/A;N/A;N/A;N/A;N/A;N/A;N/A;N/A;N/A;N/A;N/A;N/A;N/A;N/A;N/A;N/A;N/A;N/A;N/A;N/A;N/A;N/A;N/A;N/A;N/A;N/A;N/A;N/A;N/A;N/A;N/A;N/A;N/A;N/A;N/A;N/A;N/A;N/A;N/A;N/A;N/A;N/A;N/A;N/A;N/A;N/A;N/A;N/A;N/A;N/A;N/A;N/A;N/A;N/A;N/A;N/A;N/A;N/A;N/A;N/A;N/A;N/A;N/A;N/A;N/A;N/A;N/A;;0;402.6;0;0;;Disabled;TempStop;1;700;406.1;0;0;0;549.9;449.9;Enabled;PosOk;1;0;0;0;0;0;15;Disabled;0;0;0;0;0;0;0;0;0;0;0;0;0;0;0;0;0;0;0;0;0;0;0;0;0;0;0;0;0;0;0;0;0;0;0;0;0;0;0;0;0;0;0;0;0;0;0;0;0;0;0;0;0;0;0;0;0;0;0;0;0;0;0;0;0;0;0;0;0;0;30;32;20;45;30;30;20;45;30;25;20;45;30;26;20;45;200;227;100;300;200;224;100;300;200;0;100;300;200;0;100;300;30;32;20;45;30;30;20;45;30;26;20;45;30;28;20;45;200;242;100;300;200;241;100;300;200;0;100;300;200;0;100;300;4;2;0.4;6;4;5;0.4;6;4;2;0.4;6;4;5;0.4;6;4;2;0.4;6;4;5;0.4;6;4;2;0.4;6;4;6;0.4;6;NOK;NOK;OK;10000;10042;8000;11000;OK;8.64;0;8;12;NOK;N/A;1.95;N/A;N/A;N/A;9;11.6;7;18;OK;;0;0;0;-;Disabled;TempOk;1;230;111.6;0;0;0;349.9;441543200 volvo 589-1;441543200 volvo 589-1;441543200 volvo 589-1
20260331_17:37:56;26341;3;5;940;930.6;910;970;OK;940;921.4;910;970;OK;908.8;916.4;-20;-18.7;-50;-25;NOK;-20;-18.5;-50;-25;NOK;-16;-17.2;0;-20;-18.7;-50;-25;NOK;330;341;330;500;OK;0;0;N/A;N/A;N/A;N/A;N/A;N/A;N/A;N/A;N/A;N/A;N/A;N/A;N/A;N/A;N/A;N/A;N/A;N/A;N/A;N/A;N/A;N/A;N/A;N/A;N/A;N/A;N/A;N/A;N/A;N/A;N/A;N/A;N/A;N/A;N/A;N/A;N/A;N/A;N/A;N/A;N/A;N/A;N/A;N/A;N/A;N/A;N/A;N/A;N/A;N/A;N/A;N/A;N/A;N/A;N/A;N/A;N/A;N/A;N/A;N/A;N/A;N/A;N/A;N/A;N/A;N/A;N/A;N/A;N/A;N/A;N/A;N/A;N/A;N/A;N/A;N/A;N/A;N/A;N/A;N/A;N/A;N/A;N/A;N/A;N/A;N/A;N/A;N/A;N/A;N/A;N/A;N/A;N/A;N/A;N/A;N/A;N/A;N/A;;0;398.9;0;0;;Disabled;TempStop;1;700;402;0;0;0;549.9;449.9;Enabled;PosOk;1;0;0;0;0;0;15;Disabled;0;0;0;0;0;0;0;0;0;0;0;0;0;0;0;0;0;0;0;0;0;0;0;0;0;0;0;0;0;0;0;0;0;0;0;0;0;0;0;0;0;0;0;0;0;0;0;0;0;0;0;0;0;0;0;0;0;0;0;0;0;0;0;0;0;0;0;0;0;0;30;32;20;45;30;30;20;45;30;26;20;45;30;26;20;45;200;227;100;300;200;224;100;300;200;0;100;300;200;0;100;300;30;33;20;45;30;30;20;45;30;26;20;45;30;28;20;45;200;242;100;300;200;240;100;300;200;0;100;300;200;0;100;300;4;2;0.4;6;4;5;0.4;6;4;2;0.4;6;4;6;0.4;6;4;2;0.4;6;4;5;0.4;6;4;2;0.4;6;4;6;0.4;6;NOK;NOK;OK;10000;10043;8000;11000;OK;8.63;0;8;12;NOK;N/A;1.95;N/A;N/A;N/A;9;11.6;7;18;OK;;0;0;0;-;Disabled;TempOk;1;230;109.4;0;0;0;349.9;441543200 volvo 589-1;441543200 volvo 589-1;441543200 volvo 589-1
20260331_17:38:31;26342;2;2;940;932.8;910;970;OK;940;941.3;910;970;OK;941.9;940.8;-15;-17.5;-50;-20;NOK;-15;-18;-50;-20;NOK;-17.6;-17.7;0;-15;-17.5;-50;-20;NOK;330;341;330;500;OK;0;0;N/A;N/A;N/A;N/A;N/A;N/A;N/A;N/A;N/A;N/A;N/A;N/A;N/A;N/A;N/A;N/A;N/A;N/A;N/A;N/A;N/A;N/A;N/A;N/A;N/A;N/A;N/A;N/A;N/A;N/A;N/A;N/A;N/A;N/A;N/A;N/A;N/A;N/A;N/A;N/A;N/A;N/A;N/A;N/A;N/A;N/A;N/A;N/A;N/A;N/A;N/A;N/A;N/A;N/A;N/A;N/A;N/A;N/A;N/A;N/A;N/A;N/A;N/A;N/A;N/A;N/A;N/A;N/A;N/A;N/A;N/A;N/A;N/A;N/A;N/A;N/A;N/A;N/A;N/A;N/A;N/A;N/A;N/A;N/A;N/A;N/A;N/A;N/A;N/A;N/A;N/A;N/A;N/A;N/A;N/A;N/A;N/A;N/A;;0;402.8;0;0;;Disabled;TempStop;1;700;406.4;0;0;0;549.9;449.9;Enabled;PosOk;1;0;0;0;0;0;15;Disabled;0;0;0;0;0;0;0;0;0;0;0;0;0;0;0;0;0;0;0;0;0;0;0;0;0;0;0;0;0;0;0;0;0;0;0;0;0;0;0;0;0;0;0;0;0;0;0;0;0;0;0;0;0;0;0;0;0;0;0;0;0;0;0;0;0;0;0;0;0;0;30;32;20;45;30;30;20;45;30;26;20;45;30;26;20;45;200;227;100;300;200;224;100;300;200;0;100;300;200;0;100;300;30;33;20;45;30;30;20;45;30;26;20;45;30;28;20;45;200;242;100;300;200;241;100;300;200;0;100;300;200;0;100;300;4;2;0.4;6;4;5;0.4;6;4;2;0.4;6;4;5;0.4;6;4;2;0.4;6;4;6;0.4;6;4;2;0.4;6;4;6;0.4;6;NOK;NOK;OK;10000;10047;8000;11000;OK;8.64;0;8;12;NOK;N/A;1.95;N/A;N/A;N/A;9;11.6;7;18;OK;;0;0;0;-;Disabled;TempOk;1;230;106.9;0;0;0;349.9;441543200 volvo 589-1;441543200 volvo 589-1;441543200 volvo 589-1
20260331_17:39:07;26343;3;4;940;945.3;910;970;OK;940;952.5;910;970;OK;952.8;952.7;-20;-15.3;-50;-25;NOK;-20;-17.9;-50;-25;NOK;-19.1;-18;0;-20;-15.3;-50;-25;NOK;330;341;330;500;OK;0;0;N/A;N/A;N/A;N/A;N/A;N/A;N/A;N/A;N/A;N/A;N/A;N/A;N/A;N/A;N/A;N/A;N/A;N/A;N/A;N/A;N/A;N/A;N/A;N/A;N/A;N/A;N/A;N/A;N/A;N/A;N/A;N/A;N/A;N/A;N/A;N/A;N/A;N/A;N/A;N/A;N/A;N/A;N/A;N/A;N/A;N/A;N/A;N/A;N/A;N/A;N/A;N/A;N/A;N/A;N/A;N/A;N/A;N/A;N/A;N/A;N/A;N/A;N/A;N/A;N/A;N/A;N/A;N/A;N/A;N/A;N/A;N/A;N/A;N/A;N/A;N/A;N/A;N/A;N/A;N/A;N/A;N/A;N/A;N/A;N/A;N/A;N/A;N/A;N/A;N/A;N/A;N/A;N/A;N/A;N/A;N/A;N/A;N/A;;0;397.2;0;0;;Disabled;TempStop;1;700;400.6;0;0;0;549.9;449.9;Enabled;PosOk;1;0;0;0;0;0;15;Disabled;0;0;0;0;0;0;0;0;0;0;0;0;0;0;0;0;0;0;0;0;0;0;0;0;0;0;0;0;0;0;0;0;0;0;0;0;0;0;0;0;0;0;0;0;0;0;0;0;0;0;0;0;0;0;0;0;0;0;0;0;0;0;0;0;0;0;0;0;0;0;30;33;20;45;30;30;20;45;30;26;20;45;30;26;20;45;200;227;100;300;200;224;100;300;200;0;100;300;200;0;100;300;30;33;20;45;30;30;20;45;30;26;20;45;30;27;20;45;200;243;100;300;200;241;100;300;200;0;100;300;200;0;100;300;4;2;0.4;6;4;5;0.4;6;4;2;0.4;6;4;5;0.4;6;4;2;0.4;6;4;5;0.4;6;4;2;0.4;6;4;6;0.4;6;NOK;NOK;OK;10000;10030;8000;11000;OK;8.63;0;8;12;NOK;N/A;1.95;N/A;N/A;N/A;9;11.7;7;18;OK;;0;0;0;-;Disabled;TempOk;1;230;109.5;0;0;0;349.9;441543200 volvo 589-1;441543200 volvo 589-1;441543200 volvo 589-1
20260331_17:39:42;26344;4;4;940;939.3;910;970;OK;940;961.1;910;970;OK;960;960.5;-15;-14.2;-50;-5;OK;-15;-14;-50;-5;OK;-11.1;-12.5;0;-15;-14.3;-50;-5;OK;330;341;330;500;OK;247.82;248.28;N/A;N/A;N/A;N/A;N/A;N/A;N/A;N/A;N/A;N/A;N/A;N/A;N/A;N/A;N/A;N/A;N/A;N/A;N/A;N/A;N/A;N/A;N/A;N/A;N/A;N/A;N/A;N/A;N/A;N/A;N/A;N/A;N/A;N/A;N/A;N/A;N/A;N/A;N/A;N/A;N/A;N/A;N/A;N/A;N/A;N/A;N/A;N/A;N/A;N/A;N/A;N/A;N/A;N/A;N/A;N/A;N/A;N/A;N/A;N/A;N/A;N/A;N/A;N/A;N/A;N/A;N/A;N/A;N/A;N/A;N/A;N/A;N/A;N/A;N/A;N/A;N/A;N/A;N/A;N/A;N/A;N/A;N/A;N/A;N/A;N/A;N/A;N/A;N/A;N/A;N/A;N/A;N/A;N/A;N/A;N/A;N/A;N/A;;0;402.3;0;0;;Disabled;TempStop;1;700;405.7;0;0;0;549.9;449.9;Enabled;PosOk;1;0;0;0;0;0;15;Disabled;0;0;0;0;0;0;0;0;0;0;0;0;0;0;0;0;0;0;0;0;0;0;0;0;0;0;0;0;0;0;0;0;0;0;0;0;0;0;0;0;0;0;0;0;0;0;0;0;0;0;0;0;0;0;0;0;0;0;0;0;0;0;0;0;0;0;0;0;0;0;30;33;20;45;30;30;20;45;30;26;20;45;30;26;20;45;200;228;100;300;200;224;100;300;200;0;100;300;200;0;100;300;30;33;20;45;30;30;20;45;30;26;20;45;30;28;20;45;200;242;100;300;200;240;100;300;200;0;100;300;200;0;100;300;4;2;0.4;6;4;5;0.4;6;4;2;0.4;6;4;5;0.4;6;4;2;0.4;6;4;5;0.4;6;4;2;0.4;6;4;5;0.4;6;NOK;NOK;OK;10000;10040;8000;11000;OK;8.64;0;8;12;NOK;N/A;1.95;N/A;N/A;N/A;9;11.6;7;18;OK;;0;0;0;-;Disabled;TempOk;1;230;114.6;0;0;0;349.9;441543200 volvo 589-1;441543200 volvo 589-1;441543200 volvo 589-1
20260331_17:40:17;26345;1;3;940;936.8;910;970;OK;940;946.7;910;970;OK;947.7;947.2;-20;-21.3;-50;-25;NOK;-20;-21.3;-50;-25;NOK;-20.9;-21.3;0;-20;-21.3;-50;-25;NOK;330;341;330;500;OK;0;0;N/A;N/A;N/A;N/A;N/A;N/A;N/A;N/A;N/A;N/A;N/A;N/A;N/A;N/A;N/A;N/A;N/A;N/A;N/A;N/A;N/A;N/A;N/A;N/A;N/A;N/A;N/A;N/A;N/A;N/A;N/A;N/A;N/A;N/A;N/A;N/A;N/A;N/A;N/A;N/A;N/A;N/A;N/A;N/A;N/A;N/A;N/A;N/A;N/A;N/A;N/A;N/A;N/A;N/A;N/A;N/A;N/A;N/A;N/A;N/A;N/A;N/A;N/A;N/A;N/A;N/A;N/A;N/A;N/A;N/A;N/A;N/A;N/A;N/A;N/A;N/A;N/A;N/A;N/A;N/A;N/A;N/A;N/A;N/A;N/A;N/A;N/A;N/A;N/A;N/A;N/A;N/A;N/A;N/A;N/A;N/A;N/A;N/A;;0;402.6;0;0;;Disabled;TempStop;1;700;405.8;0;0;0;549.9;449.9;Enabled;PosOk;1;0;0;0;0;0;15;Disabled;0;0;0;0;0;0;0;0;0;0;0;0;0;0;0;0;0;0;0;0;0;0;0;0;0;0;0;0;0;0;0;0;0;0;0;0;0;0;0;0;0;0;0;0;0;0;0;0;0;0;0;0;0;0;0;0;0;0;0;0;0;0;0;0;0;0;0;0;39;48;30;32;20;45;30;30;20;45;30;26;20;45;30;26;20;45;200;227;100;300;200;224;100;300;200;0;100;300;200;0;100;300;30;33;20;45;30;30;20;45;30;26;20;45;30;28;20;45;200;243;100;300;200;240;100;300;200;0;100;300;200;0;100;300;4;2;0.4;6;4;5;0.4;6;4;2;0.4;6;4;5;0.4;6;4;2;0.4;6;4;6;0.4;6;4;2;0.4;6;4;6;0.4;6;NOK;NOK;OK;10000;10046;8000;11000;OK;8.64;0;8;12;NOK;N/A;1.95;N/A;N/A;N/A;9;11.4;7;18;OK;;0;0;0;-;Disabled;TempOk;1;230;105.7;0;0;0;349.9;441543200 volvo 589-1;441543200 volvo 589-1;441543200 volvo 589-1
20260331_17:40:53;26346;4;3;940;949.4;910;970;OK;940;958.5;910;970;OK;957.2;957.9;-15;-17.8;-50;-5;OK;-15;-17.6;-50;-5;OK;-16.1;-17.1;0;-15;-17.8;-50;-5;OK;330;341;330;500;OK;247.91;248.4;N/A;N/A;N/A;N/A;N/A;N/A;N/A;N/A;N/A;N/A;N/A;N/A;N/A;N/A;N/A;N/A;N/A;N/A;N/A;N/A;N/A;N/A;N/A;N/A;N/A;N/A;N/A;N/A;N/A;N/A;N/A;N/A;N/A;N/A;N/A;N/A;N/A;N/A;N/A;N/A;N/A;N/A;N/A;N/A;N/A;N/A;N/A;N/A;N/A;N/A;N/A;N/A;N/A;N/A;N/A;N/A;N/A;N/A;N/A;N/A;N/A;N/A;N/A;N/A;N/A;N/A;N/A;N/A;N/A;N/A;N/A;N/A;N/A;N/A;N/A;N/A;N/A;N/A;N/A;N/A;N/A;N/A;N/A;N/A;N/A;N/A;N/A;N/A;N/A;N/A;N/A;N/A;N/A;N/A;N/A;N/A;N/A;N/A;;0;410.9;0;0;;Disabled;TempStop;1;700;414.2;0;0;0;549.9;449.9;Enabled;PosOk;1;0;0;0;0;0;15;Disabled;0;0;0;0;0;0;0;0;0;0;0;0;0;0;0;0;0;0;0;0;0;0;0;0;0;0;0;0;0;0;0;0;0;0;0;0;0;0;0;0;0;0;0;0;0;0;0;0;0;0;0;0;0;0;0;0;0;0;0;0;0;0;0;0;0;0;0;0;0;0;30;32;20;45;30;30;20;45;30;25;20;45;30;26;20;45;200;227;100;300;200;224;100;300;200;0;100;300;200;0;100;300;30;32;20;45;30;30;20;45;30;26;20;45;30;27;20;45;200;242;100;300;200;240;100;300;200;0;100;300;200;0;100;300;4;2;0.4;6;4;5;0.4;6;4;2;0.4;6;4;5;0.4;6;4;2;0.4;6;4;6;0.4;6;4;2;0.4;6;4;6;0.4;6;NOK;NOK;OK;10000;10051;8000;11000;OK;8.64;0;8;12;NOK;N/A;1.95;N/A;N/A;N/A;9;11.7;7;18;OK;;0;0;0;-;Disabled;TempOk;1;230;109.4;0;0;0;349.9;441543200 volvo 589-1;441543200 volvo 589-1;441543200 volvo 589-1
20260331_17:41:28;26347;1;4;940;937.2;910;970;OK;940;943.5;910;970;OK;944.9;944;-20;-17;-50;-25;NOK;-20;-18.4;-50;-25;NOK;-19.2;-19.6;0;-20;-16.8;-50;-25;NOK;330;341;330;500;OK;0;0;N/A;N/A;N/A;N/A;N/A;N/A;N/A;N/A;N/A;N/A;N/A;N/A;N/A;N/A;N/A;N/A;N/A;N/A;N/A;N/A;N/A;N/A;N/A;N/A;N/A;N/A;N/A;N/A;N/A;N/A;N/A;N/A;N/A;N/A;N/A;N/A;N/A;N/A;N/A;N/A;N/A;N/A;N/A;N/A;N/A;N/A;N/A;N/A;N/A;N/A;N/A;N/A;N/A;N/A;N/A;N/A;N/A;N/A;N/A;N/A;N/A;N/A;N/A;N/A;N/A;N/A;N/A;N/A;N/A;N/A;N/A;N/A;N/A;N/A;N/A;N/A;N/A;N/A;N/A;N/A;N/A;N/A;N/A;N/A;N/A;N/A;N/A;N/A;N/A;N/A;N/A;N/A;N/A;N/A;N/A;N/A;N/A;N/A;;0;396.7;0;0;;Disabled;TempStop;1;700;399.9;0;0;0;549.9;449.9;Enabled;PosOk;1;0;0;0;0;0;15;Disabled;0;0;0;0;0;0;0;0;0;0;0;0;0;0;0;0;0;0;0;0;0;0;0;0;0;0;0;0;0;0;0;0;0;0;0;0;0;0;0;0;0;0;0;0;0;0;0;0;0;0;0;0;0;0;0;0;0;0;0;0;0;0;0;0;0;0;0;0;40;59;30;33;20;45;30;30;20;45;30;26;20;45;30;26;20;45;200;228;100;300;200;224;100;300;200;0;100;300;200;0;100;300;30;33;20;45;30;30;20;45;30;26;20;45;30;27;20;45;200;243;100;300;200;241;100;300;200;0;100;300;200;0;100;300;4;2;0.4;6;4;5;0.4;6;4;2;0.4;6;4;5;0.4;6;4;2;0.4;6;4;5;0.4;6;4;2;0.4;6;4;6;0.4;6;NOK;NOK;OK;10000;10035;8000;11000;OK;8.64;0;8;12;NOK;N/A;1.95;N/A;N/A;N/A;9;11.3;7;18;OK;;0;0;0;-;Disabled;TempOk;1;230;111.1;0;0;0;349.9;441543200 volvo 589-1;441543200 volvo 589-1;441543200 volvo 589-1
20260331_17:42:03;26348;4;2;940;942.3;910;970;OK;940;950.1;910;970;OK;950.1;950;-15;-14.9;-50;-5;OK;-15;-14.8;-50;-5;OK;-15.6;-15.3;0;-15;-14.9;-50;-5;OK;330;341;330;500;OK;247.98;248.52;N/A;N/A;N/A;N/A;N/A;N/A;N/A;N/A;N/A;N/A;N/A;N/A;N/A;N/A;N/A;N/A;N/A;N/A;N/A;N/A;N/A;N/A;N/A;N/A;N/A;N/A;N/A;N/A;N/A;N/A;N/A;N/A;N/A;N/A;N/A;N/A;N/A;N/A;N/A;N/A;N/A;N/A;N/A;N/A;N/A;N/A;N/A;N/A;N/A;N/A;N/A;N/A;N/A;N/A;N/A;N/A;N/A;N/A;N/A;N/A;N/A;N/A;N/A;N/A;N/A;N/A;N/A;N/A;N/A;N/A;N/A;N/A;N/A;N/A;N/A;N/A;N/A;N/A;N/A;N/A;N/A;N/A;N/A;N/A;N/A;N/A;N/A;N/A;N/A;N/A;N/A;N/A;N/A;N/A;N/A;N/A;N/A;N/A;;0;400.1;0;0;;Disabled;TempStop;1;700;403.4;0;0;0;549.9;449.9;Enabled;PosOk;1;0;0;0;0;0;15;Disabled;0;0;0;0;0;0;0;0;0;0;0;0;0;0;0;0;0;0;0;0;0;0;0;0;0;0;0;0;0;0;0;0;0;0;0;0;0;0;0;0;0;0;0;0;0;0;0;0;0;0;0;0;0;0;0;0;0;0;0;0;0;0;0;0;0;0;0;0;0;0;30;32;20;45;30;30;20;45;30;26;20;45;30;26;20;45;200;227;100;300;200;225;100;300;200;0;100;300;200;0;100;300;30;32;20;45;30;29;20;45;30;26;20;45;30;27;20;45;200;242;100;300;200;240;100;300;200;0;100;300;200;0;100;300;4;2;0.4;6;4;5;0.4;6;4;2;0.4;6;4;5;0.4;6;4;2;0.4;6;4;5;0.4;6;4;2;0.4;6;4;5;0.4;6;NOK;NOK;OK;10000;10058;8000;11000;OK;8.66;0;8;12;NOK;N/A;1.95;N/A;N/A;N/A;9;11.7;7;18;OK;;0;0;0;-;Disabled;TempOk;1;230;103.6;0;0;0;349.9;441543200 volvo 589-1;441543200 volvo 589-1;441543200 volvo 589-1
20260331_17:49:42;26349;1;3;940;938.3;910;970;OK;940;944.7;910;970;OK;946.1;945.4;-20;-20.7;-50;-25;NOK;-20;-21.2;-50;-25;NOK;-20.9;-21.3;0;-20;-20.8;-50;-25;NOK;330;337;330;500;OK;0;0;N/A;N/A;N/A;N/A;N/A;N/A;N/A;N/A;N/A;N/A;N/A;N/A;N/A;N/A;N/A;N/A;N/A;N/A;N/A;N/A;N/A;N/A;N/A;N/A;N/A;N/A;N/A;N/A;N/A;N/A;N/A;N/A;N/A;N/A;N/A;N/A;N/A;N/A;N/A;N/A;N/A;N/A;N/A;N/A;N/A;N/A;N/A;N/A;N/A;N/A;N/A;N/A;N/A;N/A;N/A;N/A;N/A;N/A;N/A;N/A;N/A;N/A;N/A;N/A;N/A;N/A;N/A;N/A;N/A;N/A;N/A;N/A;N/A;N/A;N/A;N/A;N/A;N/A;N/A;N/A;N/A;N/A;N/A;N/A;N/A;N/A;N/A;N/A;N/A;N/A;N/A;N/A;N/A;N/A;N/A;N/A;N/A;N/A;;0;382.5;0;0;;Disabled;TempStop;1;700;386.2;0;0;0;549.9;449.9;Enabled;PosOk;1;0;0;0;0;0;15;Disabled;0;0;0;0;0;0;0;0;0;0;0;0;0;0;0;0;0;0;0;0;0;0;0;0;0;0;0;0;0;0;0;0;0;0;0;0;0;0;0;0;0;0;0;0;0;0;0;0;0;0;0;0;0;0;0;0;0;0;0;0;0;0;0;0;0;0;0;0;49;13;30;30;20;45;30;29;20;45;30;25;20;45;30;26;20;45;200;227;100;300;200;224;100;300;200;0;100;300;200;0;100;300;30;30;20;45;30;30;20;45;30;26;20;45;30;28;20;45;200;241;100;300;200;240;100;300;200;0;100;300;200;0;100;300;4;2;0.4;6;4;5;0.4;6;4;2;0.4;6;4;6;0.4;6;4;2;0.4;6;4;6;0.4;6;4;2;0.4;6;4;6;0.4;6;NOK;NOK;OK;10000;10019;8000;11000;OK;8.63;0;8;12;NOK;N/A;1.95;N/A;N/A;N/A;9;11.3;7;18;OK;;0;0;0;-;Disabled;TempOk;1;230;96;0;0;0;349.9;441543200 volvo 589-1;441543200 volvo 589-1;441543200 volvo 589-1
20260331_17:50:18;26352;2;2;940;937.5;910;970;OK;940;941.1;910;970;OK;942;940.8;-15;-20.1;-50;-20;OK;-15;-18.5;-50;-20;NOK;-18.2;-18.3;0;-15;-20.1;-50;-20;OK;330;337;330;500;OK;0;0;N/A;N/A;N/A;N/A;N/A;N/A;N/A;N/A;N/A;N/A;N/A;N/A;N/A;N/A;N/A;N/A;N/A;N/A;N/A;N/A;N/A;N/A;N/A;N/A;N/A;N/A;N/A;N/A;N/A;N/A;N/A;N/A;N/A;N/A;N/A;N/A;N/A;N/A;N/A;N/A;N/A;N/A;N/A;N/A;N/A;N/A;N/A;N/A;N/A;N/A;N/A;N/A;N/A;N/A;N/A;N/A;N/A;N/A;N/A;N/A;N/A;N/A;N/A;N/A;N/A;N/A;N/A;N/A;N/A;N/A;N/A;N/A;N/A;N/A;N/A;N/A;N/A;N/A;N/A;N/A;N/A;N/A;N/A;N/A;N/A;N/A;N/A;N/A;N/A;N/A;N/A;N/A;N/A;N/A;N/A;N/A;N/A;N/A;;0;411.4;0;0;;Disabled;TempStop;1;700;415.1;0;0;0;549.9;449.9;Enabled;PosOk;1;0;0;0;0;0;15;Disabled;0;0;0;0;0;0;0;0;0;0;0;0;0;0;0;0;0;0;0;0;0;0;0;0;0;0;0;0;0;0;0;0;0;0;0;0;0;0;0;0;0;0;0;0;0;0;0;0;0;0;0;0;0;0;0;0;0;0;0;0;0;0;0;0;0;0;0;0;0;0;30;31;20;45;30;30;20;45;30;26;20;45;30;26;20;45;200;227;100;300;200;224;100;300;200;0;100;300;200;0;100;300;30;32;20;45;30;30;20;45;30;26;20;45;30;28;20;45;200;243;100;300;200;240;100;300;200;0;100;300;200;0;100;300;4;2;0.4;6;4;5;0.4;6;4;2;0.4;6;4;6;0.4;6;4;2;0.4;6;4;5;0.4;6;4;2;0.4;6;4;6;0.4;6;NOK;NOK;OK;10000;10026;8000;11000;OK;8.63;0;8;12;NOK;N/A;1.95;N/A;N/A;N/A;9;11.5;7;18;OK;;0;0;0;-;Disabled;TempOk;1;230;100.6;0;0;0;349.9;441543200 volvo 589-1;441543200 volvo 589-1;441543200 volvo 589-1
20260331_17:50:53;26353;3;3;940;938.5;910;970;OK;940;943.5;910;970;OK;944.8;944.1;-20;-22.1;-50;-25;NOK;-20;-20;-50;-25;NOK;-20;-20;0;-20;-22.1;-50;-25;NOK;330;338;330;500;OK;0;0;N/A;N/A;N/A;N/A;N/A;N/A;N/A;N/A;N/A;N/A;N/A;N/A;N/A;N/A;N/A;N/A;N/A;N/A;N/A;N/A;N/A;N/A;N/A;N/A;N/A;N/A;N/A;N/A;N/A;N/A;N/A;N/A;N/A;N/A;N/A;N/A;N/A;N/A;N/A;N/A;N/A;N/A;N/A;N/A;N/A;N/A;N/A;N/A;N/A;N/A;N/A;N/A;N/A;N/A;N/A;N/A;N/A;N/A;N/A;N/A;N/A;N/A;N/A;N/A;N/A;N/A;N/A;N/A;N/A;N/A;N/A;N/A;N/A;N/A;N/A;N/A;N/A;N/A;N/A;N/A;N/A;N/A;N/A;N/A;N/A;N/A;N/A;N/A;N/A;N/A;N/A;N/A;N/A;N/A;N/A;N/A;N/A;N/A;;0;406.3;0;0;;Disabled;TempStop;1;700;409.8;0;0;0;549.9;449.9;Enabled;PosOk;1;0;0;0;0;0;15;Disabled;0;0;0;0;0;0;0;0;0;0;0;0;0;0;0;0;0;0;0;0;0;0;0;0;0;0;0;0;0;0;0;0;0;0;0;0;0;0;0;0;0;0;0;0;0;0;0;0;0;0;0;0;0;0;0;0;0;0;0;0;0;0;0;0;0;0;0;0;0;0;30;32;20;45;30;30;20;45;30;26;20;45;30;26;20;45;200;227;100;300;200;224;100;300;200;0;100;300;200;0;100;300;30;32;20;45;30;30;20;45;30;26;20;45;30;28;20;45;200;243;100;300;200;240;100;300;200;0;100;300;200;0;100;300;4;2;0.4;6;4;5;0.4;6;4;2;0.4;6;4;5;0.4;6;4;2;0.4;6;4;5;0.4;6;4;2;0.4;6;4;5;0.4;6;NOK;NOK;OK;10000;10028;8000;11000;OK;8.64;0;8;12;NOK;N/A;1.95;N/A;N/A;N/A;9;11.6;7;18;OK;;0;0;0;-;Disabled;TempOk;1;230;106.6;0;0;0;349.9;441543200 volvo 589-1;441543200 volvo 589-1;441543200 volvo 589-1
20260331_17:51:28;26354;4;2;940;936.8;910;970;OK;940;947.7;910;970;OK;942.6;944.1;-15;-12.7;-50;-5;OK;-15;-21;-50;-5;OK;-20.4;-21;0;-15;-12.9;-50;-5;OK;330;339;330;500;OK;248.88;249.31;N/A;N/A;N/A;N/A;N/A;N/A;N/A;N/A;N/A;N/A;N/A;N/A;N/A;N/A;N/A;N/A;N/A;N/A;N/A;N/A;N/A;N/A;N/A;N/A;N/A;N/A;N/A;N/A;N/A;N/A;N/A;N/A;N/A;N/A;N/A;N/A;N/A;N/A;N/A;N/A;N/A;N/A;N/A;N/A;N/A;N/A;N/A;N/A;N/A;N/A;N/A;N/A;N/A;N/A;N/A;N/A;N/A;N/A;N/A;N/A;N/A;N/A;N/A;N/A;N/A;N/A;N/A;N/A;N/A;N/A;N/A;N/A;N/A;N/A;N/A;N/A;N/A;N/A;N/A;N/A;N/A;N/A;N/A;N/A;N/A;N/A;N/A;N/A;N/A;N/A;N/A;N/A;N/A;N/A;N/A;N/A;N/A;N/A;;0;399.1;0;0;;Disabled;TempStop;1;700;402.5;0;0;0;549.9;449.9;Enabled;PosOk;1;0;0;0;0;0;15;Disabled;0;0;0;0;0;0;0;0;0;0;0;0;0;0;0;0;0;0;0;0;0;0;0;0;0;0;0;0;0;0;0;0;0;0;0;0;0;0;0;0;0;0;0;0;0;0;0;0;0;0;0;0;0;0;0;0;0;0;0;0;0;0;0;0;0;0;0;0;0;0;30;32;20;45;30;30;20;45;30;26;20;45;30;26;20;45;200;227;100;300;200;224;100;300;200;0;100;300;200;0;100;300;30;32;20;45;30;30;20;45;30;26;20;45;30;28;20;45;200;242;100;300;200;240;100;300;200;0;100;300;200;0;100;300;4;2;0.4;6;4;5;0.4;6;4;2;0.4;6;4;5;0.4;6;4;2;0.4;6;4;5;0.4;6;4;2;0.4;6;4;6;0.4;6;NOK;NOK;OK;10000;10034;8000;11000;OK;8.64;0;8;12;NOK;N/A;1.95;N/A;N/A;N/A;9;11.7;7;18;OK;;0;0;0;-;Disabled;TempOk;1;230;106.2;0;0;0;349.9;441543200 volvo 589-1;441543200 volvo 589-1;441543200 volvo 589-1
20260331_17:52:03;26355;1;4;940;939;910;970;OK;940;941.9;910;970;OK;943.7;942.7;-20;-15.1;-50;-25;NOK;-20;-14.4;-50;-25;NOK;-17.4;-14.9;0;-20;-15.2;-50;-25;NOK;330;339;330;500;OK;0;0;N/A;N/A;N/A;N/A;N/A;N/A;N/A;N/A;N/A;N/A;N/A;N/A;N/A;N/A;N/A;N/A;N/A;N/A;N/A;N/A;N/A;N/A;N/A;N/A;N/A;N/A;N/A;N/A;N/A;N/A;N/A;N/A;N/A;N/A;N/A;N/A;N/A;N/A;N/A;N/A;N/A;N/A;N/A;N/A;N/A;N/A;N/A;N/A;N/A;N/A;N/A;N/A;N/A;N/A;N/A;N/A;N/A;N/A;N/A;N/A;N/A;N/A;N/A;N/A;N/A;N/A;N/A;N/A;N/A;N/A;N/A;N/A;N/A;N/A;N/A;N/A;N/A;N/A;N/A;N/A;N/A;N/A;N/A;N/A;N/A;N/A;N/A;N/A;N/A;N/A;N/A;N/A;N/A;N/A;N/A;N/A;N/A;N/A;;0;403;0;0;;Disabled;TempStop;1;700;406.6;0;0;0;549.9;449.9;Enabled;PosOk;1;0;0;0;0;0;15;Disabled;0;0;0;0;0;0;0;0;0;0;0;0;0;0;0;0;0;0;0;0;0;0;0;0;0;0;0;0;0;0;0;0;0;0;0;0;0;0;0;0;0;0;0;0;0;0;0;0;0;0;0;0;0;0;0;0;0;0;0;0;0;0;0;0;0;0;0;0;51;34;30;32;20;45;30;30;20;45;30;26;20;45;30;26;20;45;200;227;100;300;200;224;100;300;200;0;100;300;200;0;100;300;30;32;20;45;30;30;20;45;30;26;20;45;30;28;20;45;200;242;100;300;200;240;100;300;200;0;100;300;200;0;100;300;4;2;0.4;6;4;5;0.4;6;4;2;0.4;6;4;5;0.4;6;4;2;0.4;6;4;6;0.4;6;4;2;0.4;6;4;6;0.4;6;NOK;NOK;OK;10000;10023;8000;11000;OK;8.65;0;8;12;NOK;N/A;1.95;N/A;N/A;N/A;9;11.2;7;18;OK;;0;0;0;-;Disabled;TempOk;1;230;108.5;0;0;0;349.9;441543200 volvo 589-1;441543200 volvo 589-1;441543200 volvo 589-1
20260331_17:52:39;26356;4;3;940;955.8;910;970;OK;940;957.3;910;970;OK;956.9;957.2;-15;-17.4;-50;-5;OK;-15;-17.8;-50;-5;OK;-19.8;-20;0;-15;-17.3;-50;-5;OK;330;340;330;500;OK;249;249.38;N/A;N/A;N/A;N/A;N/A;N/A;N/A;N/A;N/A;N/A;N/A;N/A;N/A;N/A;N/A;N/A;N/A;N/A;N/A;N/A;N/A;N/A;N/A;N/A;N/A;N/A;N/A;N/A;N/A;N/A;N/A;N/A;N/A;N/A;N/A;N/A;N/A;N/A;N/A;N/A;N/A;N/A;N/A;N/A;N/A;N/A;N/A;N/A;N/A;N/A;N/A;N/A;N/A;N/A;N/A;N/A;N/A;N/A;N/A;N/A;N/A;N/A;N/A;N/A;N/A;N/A;N/A;N/A;N/A;N/A;N/A;N/A;N/A;N/A;N/A;N/A;N/A;N/A;N/A;N/A;N/A;N/A;N/A;N/A;N/A;N/A;N/A;N/A;N/A;N/A;N/A;N/A;N/A;N/A;N/A;N/A;N/A;N/A;;0;409.2;0;0;;Disabled;TempStop;1;700;413;0;0;0;549.9;449.9;Enabled;PosOk;1;0;0;0;0;0;15;Disabled;0;0;0;0;0;0;0;0;0;0;0;0;0;0;0;0;0;0;0;0;0;0;0;0;0;0;0;0;0;0;0;0;0;0;0;0;0;0;0;0;0;0;0;0;0;0;0;0;0;0;0;0;0;0;0;0;0;0;0;0;0;0;0;0;0;0;0;0;0;0;30;32;20;45;30;30;20;45;30;26;20;45;30;25;20;45;200;227;100;300;200;224;100;300;200;0;100;300;200;0;100;300;30;32;20;45;30;30;20;45;30;26;20;45;30;28;20;45;200;242;100;300;200;240;100;300;200;0;100;300;200;0;100;300;4;2;0.4;6;4;5;0.4;6;4;2;0.4;6;4;5;0.4;6;4;2;0.4;6;4;6;0.4;6;4;2;0.4;6;4;5;0.4;6;NOK;NOK;OK;10000;10027;8000;11000;OK;8.65;0;8;12;NOK;N/A;1.95;N/A;N/A;N/A;9;11.6;7;18;OK;;0;0;0;-;Disabled;TempOk;1;230;109.2;0;0;0;349.9;441543200 volvo 589-1;441543200 volvo 589-1;441543200 volvo 589-1
20260331_17:53:14;26357;3;4;940;948.2;910;970;OK;940;948.9;910;970;OK;951.2;949.5;-20;-15;-50;-25;NOK;-20;-17.2;-50;-25;NOK;-19.5;-17.7;0;-20;-15.1;-50;-25;NOK;330;340;330;500;OK;0;0;N/A;N/A;N/A;N/A;N/A;N/A;N/A;N/A;N/A;N/A;N/A;N/A;N/A;N/A;N/A;N/A;N/A;N/A;N/A;N/A;N/A;N/A;N/A;N/A;N/A;N/A;N/A;N/A;N/A;N/A;N/A;N/A;N/A;N/A;N/A;N/A;N/A;N/A;N/A;N/A;N/A;N/A;N/A;N/A;N/A;N/A;N/A;N/A;N/A;N/A;N/A;N/A;N/A;N/A;N/A;N/A;N/A;N/A;N/A;N/A;N/A;N/A;N/A;N/A;N/A;N/A;N/A;N/A;N/A;N/A;N/A;N/A;N/A;N/A;N/A;N/A;N/A;N/A;N/A;N/A;N/A;N/A;N/A;N/A;N/A;N/A;N/A;N/A;N/A;N/A;N/A;N/A;N/A;N/A;N/A;N/A;N/A;N/A;;0;394.6;0;0;;Disabled;TempStop;1;700;398.5;0;0;0;549.9;449.9;Enabled;PosOk;1;0;0;0;0;0;15;Disabled;0;0;0;0;0;0;0;0;0;0;0;0;0;0;0;0;0;0;0;0;0;0;0;0;0;0;0;0;0;0;0;0;0;0;0;0;0;0;0;0;0;0;0;0;0;0;0;0;0;0;0;0;0;0;0;0;0;0;0;0;0;0;0;0;0;0;0;0;0;0;30;32;20;45;30;30;20;45;30;26;20;45;30;26;20;45;200;228;100;300;200;224;100;300;200;0;100;300;200;0;100;300;30;32;20;45;30;30;20;45;30;26;20;45;30;27;20;45;200;242;100;300;200;241;100;300;200;0;100;300;200;0;100;300;4;2;0.4;6;4;5;0.4;6;4;2;0.4;6;4;5;0.4;6;4;2;0.4;6;4;5;0.4;6;4;2;0.4;6;4;6;0.4;6;NOK;NOK;OK;10000;10034;8000;11000;OK;8.65;0;8;12;NOK;N/A;1.95;N/A;N/A;N/A;9;11.7;7;18;OK;;0;0;0;-;Disabled;TempOk;1;230;105.7;0;0;0;349.9;441543200 volvo 589-1;441543200 volvo 589-1;441543200 volvo 589-1
20260331_17:53:49;26358;2;4;940;937.3;910;970;OK;940;940.7;910;970;OK;941.2;940.5;-15;-23.5;-50;-20;OK;-15;-21.5;-50;-20;OK;-21.5;-21.2;0;-15;-23.5;-50;-20;OK;330;340;330;500;OK;0;0;N/A;N/A;N/A;N/A;N/A;N/A;N/A;N/A;N/A;N/A;N/A;N/A;N/A;N/A;N/A;N/A;N/A;N/A;N/A;N/A;N/A;N/A;N/A;N/A;N/A;N/A;N/A;N/A;N/A;N/A;N/A;N/A;N/A;N/A;N/A;N/A;N/A;N/A;N/A;N/A;N/A;N/A;N/A;N/A;N/A;N/A;N/A;N/A;N/A;N/A;N/A;N/A;N/A;N/A;N/A;N/A;N/A;N/A;N/A;N/A;N/A;N/A;N/A;N/A;N/A;N/A;N/A;N/A;N/A;N/A;N/A;N/A;N/A;N/A;N/A;N/A;N/A;N/A;N/A;N/A;N/A;N/A;N/A;N/A;N/A;N/A;N/A;N/A;N/A;N/A;N/A;N/A;N/A;N/A;N/A;N/A;N/A;N/A;;0;402.5;0;0;;Disabled;TempStop;1;700;406.2;0;0;0;549.9;449.9;Enabled;PosOk;1;0;0;0;0;0;15;Disabled;0;0;0;0;0;0;0;0;0;0;0;0;0;0;0;0;0;0;0;0;0;0;0;0;0;0;0;0;0;0;0;0;0;0;0;0;0;0;0;0;0;0;0;0;0;0;0;0;0;0;0;0;0;0;0;0;0;0;0;0;0;0;0;0;0;0;0;0;0;0;30;32;20;45;30;30;20;45;30;26;20;45;30;26;20;45;200;227;100;300;200;224;100;300;200;0;100;300;200;0;100;300;30;33;20;45;30;30;20;45;30;26;20;45;30;27;20;45;200;242;100;300;200;240;100;300;200;0;100;300;200;0;100;300;4;2;0.4;6;4;5;0.4;6;4;2;0.4;6;4;5;0.4;6;4;2;0.4;6;4;5;0.4;6;4;2;0.4;6;4;6;0.4;6;NOK;NOK;OK;10000;10053;8000;11000;OK;8.66;0;8;12;NOK;N/A;1.95;N/A;N/A;N/A;9;11.6;7;18;OK;;0;0;0;-;Disabled;TempOk;1;230;104.8;0;0;0;349.9;441543200 volvo 589-1;441543200 volvo 589-1;441543200 volvo 589-1
20260331_17:53:55;26359;3;5;940;928.7;910;970;OK;940;909.9;910;970;NOK;896.5;904.7;-20;-17.6;-50;-25;NOK;-20;-19.3;-50;-25;NOK;-19.3;-19.7;0;-20;-17.5;-50;-25;NOK;330;341;330;500;OK;0;0;;;;;;;;;;;;;;;;;;;;;;;;;;;;;;;;;;;;;;;;;;;;;;;;;;;;;;;;;;;;;;;;;;;;;;;;;;;;;;;;;;;;;;;;;;;;;;;;;;;;;;;;;;;;;;;;;;;;;;;;;;;;;;;;;;;;;;;;;;;;;;;;;;;;;;;;;;;;;;;;;;;;;;;;;;;;;;;;;;;;;;;;;;;;;;;;;;;;;;;;;;;;;;;;;;;;;;;;;;;;;;;;;;;;;;;;;;;;;;;;;;;;;;;;;;;;;;;;;;;;;;;;;;;;;;;;;;;;;;;;;;;;;;;;;;;;;;;;;;;;;;;;;;;;;;;;;;;;;;;;;;;;;;;;441543200 volvo 589-1;;;;
20260331_17:54:44;26360;4;4;940;942.6;910;970;OK;940;957.7;910;970;OK;957;957.4;-15;-19.3;-50;-5;OK;-15;-13.5;-50;-5;OK;-10.8;-11.2;0;-15;-19.5;-50;-5;OK;330;342;330;500;OK;249.22;249.59;N/A;N/A;N/A;N/A;N/A;N/A;N/A;N/A;N/A;N/A;N/A;N/A;N/A;N/A;N/A;N/A;N/A;N/A;N/A;N/A;N/A;N/A;N/A;N/A;N/A;N/A;N/A;N/A;N/A;N/A;N/A;N/A;N/A;N/A;N/A;N/A;N/A;N/A;N/A;N/A;N/A;N/A;N/A;N/A;N/A;N/A;N/A;N/A;N/A;N/A;N/A;N/A;N/A;N/A;N/A;N/A;N/A;N/A;N/A;N/A;N/A;N/A;N/A;N/A;N/A;N/A;N/A;N/A;N/A;N/A;N/A;N/A;N/A;N/A;N/A;N/A;N/A;N/A;N/A;N/A;N/A;N/A;N/A;N/A;N/A;N/A;N/A;N/A;N/A;N/A;N/A;N/A;N/A;N/A;N/A;N/A;N/A;N/A;;0;386.4;0;0;;Disabled;TempStop;1;700;390.2;0;0;0;549.9;449.9;Enabled;PosNotOk;1;0;15.5;0;0;0;15;Disabled;0;0;0;0;0;0;0;0;0;0;0;0;0;0;0;0;0;0;0;0;0;0;0;0;0;0;0;0;0;0;0;0;0;0;0;0;0;0;0;0;0;0;0;0;0;0;0;0;0;0;0;0;0;0;0;0;0;0;0;0;0;0;0;0;0;0;0;0;0;0;;;;;;;;;;;;;;;;;;;;;;;;;;;;;;;;;;;;;;;;;;;;;;;;;;;;;;;;;;;;;;;;;;;;;;;;;;;;;;;;;;;;;;;;;;;;;;;;;;;;;;;;;;;;;;;;;;;;;;;;;;;;;;;;;;;;;;441543200 volvo 589-1;441543200 volvo 589-1;;
20260331_17:58:20;26362;2;2;940;932.2;910;970;OK;940;941.2;910;970;OK;941.7;940.6;-15;-18.6;-50;-20;NOK;-15;-18.9;-50;-20;NOK;-18.1;-18.2;0;-15;-18.7;-50;-20;NOK;330;471;330;500;OK;0;0;N/A;N/A;N/A;N/A;N/A;N/A;N/A;N/A;N/A;N/A;N/A;N/A;N/A;N/A;N/A;N/A;N/A;N/A;N/A;N/A;N/A;N/A;N/A;N/A;N/A;N/A;N/A;N/A;N/A;N/A;N/A;N/A;N/A;N/A;N/A;N/A;N/A;N/A;N/A;N/A;N/A;N/A;N/A;N/A;N/A;N/A;N/A;N/A;N/A;N/A;N/A;N/A;N/A;N/A;N/A;N/A;N/A;N/A;N/A;N/A;N/A;N/A;N/A;N/A;N/A;N/A;N/A;N/A;N/A;N/A;N/A;N/A;N/A;N/A;N/A;N/A;N/A;N/A;N/A;N/A;N/A;N/A;N/A;N/A;N/A;N/A;N/A;N/A;N/A;N/A;N/A;N/A;N/A;N/A;N/A;N/A;N/A;N/A;;0;378.5;0;0;;Disabled;TempStop;1;700;382.4;0;0;0;549.9;449.9;Enabled;PosOk;1;0;2;0;0;0;15;Disabled;0;0;0;0;0;0;0;0;0;0;0;0;0;0;0;0;0;0;0;0;0;0;0;0;0;0;0;0;0;0;0;0;0;0;0;0;0;0;0;0;0;0;0;0;0;0;0;0;0;0;0;0;0;0;0;0;0;0;0;0;0;0;0;0;0;0;0;0;0;0;30;30;20;45;30;30;20;45;30;26;20;45;30;26;20;45;200;227;100;300;200;224;100;300;200;0;100;300;200;0;100;300;30;31;20;45;30;30;20;45;30;26;20;45;30;27;20;45;200;242;100;300;200;240;100;300;200;0;100;300;200;0;100;300;4;2;0.4;6;4;5;0.4;6;4;2;0.4;6;4;5;0.4;6;4;2;0.4;6;4;5;0.4;6;4;2;0.4;6;4;6;0.4;6;NOK;NOK;OK;10000;10058;8000;11000;OK;8.66;0;8;12;NOK;N/A;1.95;N/A;N/A;N/A;9;11.7;7;18;OK;;0;0;0;-;Disabled;TempOk;1;230;94.6;0;0;0;349.9;441543200 volvo 589-1;441543200 volvo 589-1;441543200 volvo 589-1
20260331_17:58:27;26361;1;3;940;934.6;910;970;OK;940;942.9;910;970;OK;945.1;945.5;-20;-21.2;-50;-25;NOK;-20;-20.7;-50;-25;NOK;-20.6;-21.2;0;-20;-21.1;-50;-25;NOK;330;541;330;500;NOK;0;0;;;;;;;;;;;;;;;;;;;;;;;;;;;;;;;;;;;;;;;;;;;;;;;;;;;;;;;;;;;;;;;;;;;;;;;;;;;;;;;;;;;;;;;;;;;;;;;;;;;;;;;;;;;;;;;;;;;;;;;;;;;;;;;;;;;;;;;;;;;;;;;;;;;;;;;;;;;;;;;;;;;;;;;;;;;;;;;;;;;;;;;;;;;;;;;;;;;;;;;;;;;;;;;;;;;;;;;;;;;;;;;;;;;;;;;;;;;;;;;;;;;;;;;;;;;;;;;;;;;;;;;;;;;;;;;;;;;;;;;;;;;;;;;;;;;;;;;;;;;;;;;;;;;;;;;;;;;;;;;;;;;;;;;;441543200 volvo 589-1;;;;
20260331_18:59:03;26366;2;2;940;936.8;910;970;OK;940;940.5;910;970;OK;940.2;939.2;-15;-21.7;-50;-20;OK;-15;-19.9;-50;-20;NOK;-19.8;-19.8;0;-15;-21.7;-50;-20;OK;330;351;330;500;OK;0;0;N/A;N/A;N/A;N/A;N/A;N/A;N/A;N/A;N/A;N/A;N/A;N/A;N/A;N/A;N/A;N/A;N/A;N/A;N/A;N/A;N/A;N/A;N/A;N/A;N/A;N/A;N/A;N/A;N/A;N/A;N/A;N/A;N/A;N/A;N/A;N/A;N/A;N/A;N/A;N/A;N/A;N/A;N/A;N/A;N/A;N/A;N/A;N/A;N/A;N/A;N/A;N/A;N/A;N/A;N/A;N/A;N/A;N/A;N/A;N/A;N/A;N/A;N/A;N/A;N/A;N/A;N/A;N/A;N/A;N/A;N/A;N/A;N/A;N/A;N/A;N/A;N/A;N/A;N/A;N/A;N/A;N/A;N/A;N/A;N/A;N/A;N/A;N/A;N/A;N/A;N/A;N/A;N/A;N/A;N/A;N/A;N/A;N/A;;0;410.9;0;0;;Disabled;TempStop;1;700;411;0;0;0;549.9;449.9;Enabled;PosOk;1;0;0.2;0;0;0;15;Disabled;0;0;0;0;0;0;0;0;0;0;0;0;0;0;0;0;0;0;0;0;0;0;0;0;0;0;0;0;0;0;0;0;0;0;0;0;0;0;0;0;0;0;0;0;0;0;0;0;0;0;0;0;0;0;0;0;0;0;0;0;0;0;0;0;0;0;0;0;58;26;30;30;20;45;30;30;20;45;30;25;20;45;30;25;20;45;200;227;100;300;200;225;100;300;200;0;100;300;200;0;100;300;30;31;20;45;30;30;20;45;30;26;20;45;30;28;20;45;200;243;100;300;200;241;100;300;200;0;100;300;200;0;100;300;4;2;0.4;6;4;5;0.4;6;4;2;0.4;6;4;5;0.4;6;4;2;0.4;6;4;5;0.4;6;4;2;0.4;6;4;6;0.4;6;NOK;NOK;OK;10000;10045;8000;11000;OK;8.67;0;8;12;NOK;N/A;1.95;N/A;N/A;N/A;9;11.5;7;18;OK;;0;0;0;-;Disabled;TempOk;1;230;93;0;0;0;349.9;441543200 volvo 589-1;441543200 volvo 589-1;441543200 volvo 589-1
20260331_18:59:32;26364;1;3;940;936.8;910;970;OK;940;940;910;970;OK;940.6;939.3;-20;-21.7;-50;-25;NOK;-20;-15.2;-50;-25;NOK;-20.8;-20.9;0;-20;-21.7;-50;-25;NOK;330;388;330;500;OK;0;0;N/A;N/A;N/A;N/A;N/A;N/A;N/A;N/A;N/A;N/A;N/A;N/A;N/A;N/A;N/A;N/A;N/A;N/A;N/A;N/A;N/A;N/A;N/A;N/A;N/A;N/A;N/A;N/A;N/A;N/A;N/A;N/A;N/A;N/A;N/A;N/A;N/A;N/A;N/A;N/A;N/A;N/A;N/A;N/A;N/A;N/A;N/A;N/A;N/A;N/A;N/A;N/A;N/A;N/A;N/A;N/A;N/A;N/A;N/A;N/A;N/A;N/A;N/A;N/A;N/A;N/A;N/A;N/A;N/A;N/A;N/A;N/A;N/A;N/A;N/A;N/A;N/A;N/A;N/A;N/A;N/A;N/A;N/A;N/A;N/A;N/A;N/A;N/A;N/A;N/A;N/A;N/A;N/A;N/A;N/A;N/A;N/A;N/A;;0;448.6;0;0;;Disabled;TempStop;1;700;448.7;0;0;0;549.9;449.9;Enabled;PosOk;1;0;0;0;0;0;15;Disabled;0;0;0;0;0;0;0;0;0;0;0;0;0;0;0;0;0;0;0;0;0;0;0;0;0;0;0;0;0;0;0;0;0;0;0;0;0;0;0;0;0;0;0;0;0;0;0;0;0;0;0;0;0;0;0;0;0;0;0;0;0;0;0;0;0;0;0;0;59;3;30;32;20;45;30;30;20;45;30;25;20;45;30;25;20;45;200;227;100;300;200;224;100;300;200;0;100;300;200;0;100;300;30;32;20;45;30;30;20;45;30;26;20;45;30;28;20;45;200;243;100;300;200;240;100;300;200;0;100;300;200;0;100;300;4;2;0.4;6;4;5;0.4;6;4;2;0.4;6;4;5;0.4;6;4;2;0.4;6;4;6;0.4;6;4;2;0.4;6;4;6;0.4;6;NOK;NOK;OK;10000;10047;8000;11000;OK;8.67;0;8;12;NOK;N/A;1.95;N/A;N/A;N/A;9;10.7;7;18;OK;;0;0;0;-;Disabled;TempOk;1;230;108.2;0;0;0;349.9;441543200 volvo 589-1;441543200 volvo 589-1;441543200 volvo 589-1
20260331_19:00:02;26368;4;2;940;938.4;910;970;OK;940;941.3;910;970;OK;941.8;940.7;-15;-14.9;-50;-5;OK;-15;-13.5;-50;-5;OK;-15.5;-14.9;0;-15;-14.9;-50;-5;OK;330;353;330;500;OK;254.53;254.93;N/A;N/A;N/A;N/A;N/A;N/A;N/A;N/A;N/A;N/A;N/A;N/A;N/A;N/A;N/A;N/A;N/A;N/A;N/A;N/A;N/A;N/A;N/A;N/A;N/A;N/A;N/A;N/A;N/A;N/A;N/A;N/A;N/A;N/A;N/A;N/A;N/A;N/A;N/A;N/A;N/A;N/A;N/A;N/A;N/A;N/A;N/A;N/A;N/A;N/A;N/A;N/A;N/A;N/A;N/A;N/A;N/A;N/A;N/A;N/A;N/A;N/A;N/A;N/A;N/A;N/A;N/A;N/A;N/A;N/A;N/A;N/A;N/A;N/A;N/A;N/A;N/A;N/A;N/A;N/A;N/A;N/A;N/A;N/A;N/A;N/A;N/A;N/A;N/A;N/A;N/A;N/A;N/A;N/A;N/A;N/A;N/A;N/A;;0;435.9;0;0;;Disabled;TempStop;1;700;435.8;0;0;0;549.9;449.9;Enabled;PosOk;1;0;0;0;0;0;15;Disabled;0;0;0;0;0;0;0;0;0;0;0;0;0;0;0;0;0;0;0;0;0;0;0;0;0;0;0;0;0;0;0;0;0;0;0;0;0;0;0;0;0;0;0;0;0;0;0;0;0;0;0;0;0;0;0;0;0;0;0;0;0;0;0;0;0;0;0;0;0;0;30;32;20;45;30;30;20;45;30;25;20;45;30;25;20;45;200;227;100;300;200;225;100;300;200;0;100;300;200;0;100;300;30;33;20;45;30;30;20;45;30;26;20;45;30;28;20;45;200;243;100;300;200;241;100;300;200;0;100;300;200;0;100;300;4;2;0.4;6;4;5;0.4;6;4;2;0.4;6;4;5;0.4;6;4;2;0.4;6;4;5;0.4;6;4;2;0.4;6;4;6;0.4;6;NOK;NOK;OK;10000;10032;8000;11000;OK;8.67;0;8;12;NOK;N/A;1.95;N/A;N/A;N/A;9;11.7;7;18;OK;;0;0;0;-;Disabled;TempOk;1;230;107.6;0;0;0;349.9;441543200 volvo 589-1;441543200 volvo 589-1;441543200 volvo 589-1
20260331_19:00:31;26367;3;3;940;936.1;910;970;OK;940;940.8;910;970;OK;940.6;940.3;-20;-21.2;-50;-25;NOK;-20;-19.7;-50;-25;NOK;-19.8;-19.7;0;-20;-21.2;-50;-25;NOK;330;389;330;500;OK;0;0;N/A;N/A;N/A;N/A;N/A;N/A;N/A;N/A;N/A;N/A;N/A;N/A;N/A;N/A;N/A;N/A;N/A;N/A;N/A;N/A;N/A;N/A;N/A;N/A;N/A;N/A;N/A;N/A;N/A;N/A;N/A;N/A;N/A;N/A;N/A;N/A;N/A;N/A;N/A;N/A;N/A;N/A;N/A;N/A;N/A;N/A;N/A;N/A;N/A;N/A;N/A;N/A;N/A;N/A;N/A;N/A;N/A;N/A;N/A;N/A;N/A;N/A;N/A;N/A;N/A;N/A;N/A;N/A;N/A;N/A;N/A;N/A;N/A;N/A;N/A;N/A;N/A;N/A;N/A;N/A;N/A;N/A;N/A;N/A;N/A;N/A;N/A;N/A;N/A;N/A;N/A;N/A;N/A;N/A;N/A;N/A;N/A;N/A;;0;429.9;0;0;;Disabled;TempStop;1;700;429.9;0;0;0;549.9;449.9;Enabled;PosOk;1;0;0;0;0;0;15;Disabled;0;0;0;0;0;0;0;0;0;0;0;0;0;0;0;0;0;0;0;0;0;0;0;0;0;0;0;0;0;0;0;0;0;0;0;0;0;0;0;0;0;0;0;0;0;0;0;0;0;0;0;0;0;0;0;0;0;0;0;0;0;0;0;0;0;0;0;0;0;0;30;33;20;45;30;30;20;45;30;25;20;45;30;25;20;45;200;227;100;300;200;224;100;300;200;0;100;300;200;0;100;300;30;33;20;45;30;30;20;45;30;26;20;45;30;28;20;45;200;243;100;300;200;241;100;300;200;0;100;300;200;0;100;300;4;2;0.4;6;4;5;0.4;6;4;2;0.4;6;4;5;0.4;6;4;2;0.4;6;4;5;0.4;6;4;2;0.4;6;4;5;0.4;6;NOK;NOK;OK;10000;10034;8000;11000;OK;8.67;0;8;12;NOK;N/A;1.95;N/A;N/A;N/A;9;11.7;7;18;OK;;0;0;0;-;Disabled;TempOk;1;230;112;0;0;0;349.9;441543200 volvo 589-1;441543200 volvo 589-1;441543200 volvo 589-1
20260331_19:01:00;26370;4;3;940;939.2;910;970;OK;940;942.1;910;970;OK;943.1;942.3;-15;-19.7;-50;-5;OK;-15;-15.1;-50;-5;OK;-16.3;-16.1;0;-15;-19.5;-50;-5;OK;330;354;330;500;OK;254.64;255.03;N/A;N/A;N/A;N/A;N/A;N/A;N/A;N/A;N/A;N/A;N/A;N/A;N/A;N/A;N/A;N/A;N/A;N/A;N/A;N/A;N/A;N/A;N/A;N/A;N/A;N/A;N/A;N/A;N/A;N/A;N/A;N/A;N/A;N/A;N/A;N/A;N/A;N/A;N/A;N/A;N/A;N/A;N/A;N/A;N/A;N/A;N/A;N/A;N/A;N/A;N/A;N/A;N/A;N/A;N/A;N/A;N/A;N/A;N/A;N/A;N/A;N/A;N/A;N/A;N/A;N/A;N/A;N/A;N/A;N/A;N/A;N/A;N/A;N/A;N/A;N/A;N/A;N/A;N/A;N/A;N/A;N/A;N/A;N/A;N/A;N/A;N/A;N/A;N/A;N/A;N/A;N/A;N/A;N/A;N/A;N/A;N/A;N/A;;0;427.6;0;0;;Disabled;TempStop;1;700;427.9;0;0;0;549.9;449.9;Enabled;PosOk;1;0;0;0;0;0;15;Disabled;0;0;0;0;0;0;0;0;0;0;0;0;0;0;0;0;0;0;0;0;0;0;0;0;0;0;0;0;0;0;0;0;0;0;0;0;0;0;0;0;0;0;0;0;0;0;0;0;0;0;0;0;0;0;0;0;0;0;0;0;0;0;0;0;0;0;0;0;0;0;30;33;20;45;30;30;20;45;30;25;20;45;30;25;20;45;200;227;100;300;200;225;100;300;200;0;100;300;200;0;100;300;30;33;20;45;30;30;20;45;30;26;20;45;30;28;20;45;200;242;100;300;200;240;100;300;200;0;100;300;200;0;100;300;4;2;0.4;6;4;5;0.4;6;4;2;0.4;6;4;5;0.4;6;4;2;0.4;6;4;6;0.4;6;4;2;0.4;6;4;6;0.4;6;NOK;NOK;OK;10000;10039;8000;11000;OK;8.68;0;8;12;NOK;N/A;1.95;N/A;N/A;N/A;9;11.7;7;18;OK;;0;0;0;-;Disabled;TempOk;1;230;116;0;0;0;349.9;441543200 volvo 589-1;441543200 volvo 589-1;441543200 volvo 589-1
20260331_19:01:30;26369;1;4;940;936.4;910;970;OK;940;940.5;910;970;OK;939.9;941.1;-20;-15.4;-50;-25;NOK;-20;-13.3;-50;-25;NOK;-18.8;-18;0;-20;-15.4;-50;-25;NOK;330;390;330;500;OK;0;0;N/A;N/A;N/A;N/A;N/A;N/A;N/A;N/A;N/A;N/A;N/A;N/A;N/A;N/A;N/A;N/A;N/A;N/A;N/A;N/A;N/A;N/A;N/A;N/A;N/A;N/A;N/A;N/A;N/A;N/A;N/A;N/A;N/A;N/A;N/A;N/A;N/A;N/A;N/A;N/A;N/A;N/A;N/A;N/A;N/A;N/A;N/A;N/A;N/A;N/A;N/A;N/A;N/A;N/A;N/A;N/A;N/A;N/A;N/A;N/A;N/A;N/A;N/A;N/A;N/A;N/A;N/A;N/A;N/A;N/A;N/A;N/A;N/A;N/A;N/A;N/A;N/A;N/A;N/A;N/A;N/A;N/A;N/A;N/A;N/A;N/A;N/A;N/A;N/A;N/A;N/A;N/A;N/A;N/A;N/A;N/A;N/A;N/A;;0;431.8;0;0;;Disabled;TempStop;1;700;432.4;0;0;0;549.9;449.9;Enabled;PosOk;1;0;0;0;0;0;15;Disabled;0;0;0;0;0;0;0;0;0;0;0;0;0;0;0;0;0;0;0;0;0;0;0;0;0;0;0;0;0;0;0;0;0;0;0;0;0;0;0;0;0;0;0;0;0;0;0;0;0;0;0;0;0;0;0;0;0;0;0;0;0;0;0;0;0;0;0;0;1;1;30;33;20;45;30;30;20;45;30;25;20;45;30;25;20;45;200;227;100;300;200;224;100;300;200;0;100;300;200;0;100;300;30;33;20;45;30;30;20;45;30;26;20;45;30;28;20;45;200;242;100;300;200;240;100;300;200;0;100;300;200;0;100;300;4;2;0.4;6;4;6;0.4;6;4;2;0.4;6;4;5;0.4;6;4;2;0.4;6;4;6;0.4;6;4;2;0.4;6;4;6;0.4;6;NOK;NOK;OK;10000;10033;8000;11000;OK;8.68;0;8;12;NOK;N/A;1.95;N/A;N/A;N/A;9;10.8;7;18;OK;;0;0;0;-;Disabled;TempOk;1;230;112.5;0;0;0;349.9;441543200 volvo 589-1;441543200 volvo 589-1;441543200 volvo 589-1
20260331_19:01:59;26372;2;4;940;936.7;910;970;OK;940;941;910;970;OK;941;940.6;-15;-25.1;-50;-20;OK;-15;-21.9;-50;-20;OK;-21.9;-21.7;0;-15;-25.1;-50;-20;OK;330;354;330;500;OK;0;0;N/A;N/A;N/A;N/A;N/A;N/A;N/A;N/A;N/A;N/A;N/A;N/A;N/A;N/A;N/A;N/A;N/A;N/A;N/A;N/A;N/A;N/A;N/A;N/A;N/A;N/A;N/A;N/A;N/A;N/A;N/A;N/A;N/A;N/A;N/A;N/A;N/A;N/A;N/A;N/A;N/A;N/A;N/A;N/A;N/A;N/A;N/A;N/A;N/A;N/A;N/A;N/A;N/A;N/A;N/A;N/A;N/A;N/A;N/A;N/A;N/A;N/A;N/A;N/A;N/A;N/A;N/A;N/A;N/A;N/A;N/A;N/A;N/A;N/A;N/A;N/A;N/A;N/A;N/A;N/A;N/A;N/A;N/A;N/A;N/A;N/A;N/A;N/A;N/A;N/A;N/A;N/A;N/A;N/A;N/A;N/A;N/A;N/A;;0;438.9;0;0;;Disabled;TempStop;1;700;440.2;0;0;0;549.9;449.9;Enabled;PosOk;1;0;0;0;0;0;15;Disabled;0;0;0;0;0;0;0;0;0;0;0;0;0;0;0;0;0;0;0;0;0;0;0;0;0;0;0;0;0;0;0;0;0;0;0;0;0;0;0;0;0;0;0;0;0;0;0;0;0;0;0;0;0;0;0;0;0;0;0;0;0;0;0;0;0;0;0;0;0;0;30;33;20;45;30;30;20;45;30;25;20;45;30;25;20;45;200;227;100;300;200;224;100;300;200;0;100;300;200;0;100;300;30;33;20;45;30;30;20;45;30;26;20;45;30;28;20;45;200;242;100;300;200;240;100;300;200;0;100;300;200;0;100;300;4;2;0.4;6;4;5;0.4;6;4;2;0.4;6;4;5;0.4;6;4;2;0.4;6;4;5;0.4;6;4;2;0.4;6;4;6;0.4;6;NOK;NOK;OK;10000;10043;8000;11000;OK;8.68;0;8;12;NOK;N/A;1.96;N/A;N/A;N/A;9;11.2;7;18;OK;;0;0;0;-;Disabled;TempOk;1;230;109.8;0;0;0;349.9;441543200 volvo 589-1;441543200 volvo 589-1;441543200 volvo 589-1
20260331_19:02:58;26374;4;4;940;936.2;910;970;OK;940;948;910;970;OK;948.4;948.1;-15;-18.7;-50;-5;OK;-15;-9.5;-50;-5;OK;-12.7;-9;0;-15;-18.8;-50;-5;OK;330;356;330;500;OK;254.8;255.21;N/A;N/A;N/A;N/A;N/A;N/A;N/A;N/A;N/A;N/A;N/A;N/A;N/A;N/A;N/A;N/A;N/A;N/A;N/A;N/A;N/A;N/A;N/A;N/A;N/A;N/A;N/A;N/A;N/A;N/A;N/A;N/A;N/A;N/A;N/A;N/A;N/A;N/A;N/A;N/A;N/A;N/A;N/A;N/A;N/A;N/A;N/A;N/A;N/A;N/A;N/A;N/A;N/A;N/A;N/A;N/A;N/A;N/A;N/A;N/A;N/A;N/A;N/A;N/A;N/A;N/A;N/A;N/A;N/A;N/A;N/A;N/A;N/A;N/A;N/A;N/A;N/A;N/A;N/A;N/A;N/A;N/A;N/A;N/A;N/A;N/A;N/A;N/A;N/A;N/A;N/A;N/A;N/A;N/A;N/A;N/A;N/A;N/A;;0;416.6;0;0;;Disabled;TempStop;1;700;418;0;0;0;549.9;449.9;Enabled;PosOk;1;0;0;0;0;0;15;Disabled;0;0;0;0;0;0;0;0;0;0;0;0;0;0;0;0;0;0;0;0;0;0;0;0;0;0;0;0;0;0;0;0;0;0;0;0;0;0;0;0;0;0;0;0;0;0;0;0;0;0;0;0;0;0;0;0;0;0;0;0;0;0;0;0;0;0;0;0;0;0;30;33;20;45;30;30;20;45;30;25;20;45;30;25;20;45;200;227;100;300;200;224;100;300;200;0;100;300;200;0;100;300;30;33;20;45;30;30;20;45;30;26;20;45;30;28;20;45;200;242;100;300;200;240;100;300;200;0;100;300;200;0;100;300;4;2;0.4;6;4;5;0.4;6;4;2;0.4;6;4;5;0.4;6;4;2;0.4;6;4;6;0.4;6;4;2;0.4;6;4;6;0.4;6;NOK;NOK;OK;10000;10049;8000;11000;OK;8.68;0;8;12;NOK;N/A;1.96;N/A;N/A;N/A;9;11.1;7;18;OK;;0;0;0;-;Disabled;TempOk;1;230;107.5;0;0;0;349.9;441543200 volvo 589-1;441543200 volvo 589-1;441543200 volvo 589-1
20260331_19:03:27;26373;3;5;940;937.6;910;970;OK;940;941.3;910;970;OK;945;942.8;-20;-19.5;-50;-25;NOK;-20;-18.1;-50;-25;NOK;-21.3;-21.3;0;-20;-19.3;-50;-25;NOK;330;392;330;500;OK;0;0;N/A;N/A;N/A;N/A;N/A;N/A;N/A;N/A;N/A;N/A;N/A;N/A;N/A;N/A;N/A;N/A;N/A;N/A;N/A;N/A;N/A;N/A;N/A;N/A;N/A;N/A;N/A;N/A;N/A;N/A;N/A;N/A;N/A;N/A;N/A;N/A;N/A;N/A;N/A;N/A;N/A;N/A;N/A;N/A;N/A;N/A;N/A;N/A;N/A;N/A;N/A;N/A;N/A;N/A;N/A;N/A;N/A;N/A;N/A;N/A;N/A;N/A;N/A;N/A;N/A;N/A;N/A;N/A;N/A;N/A;N/A;N/A;N/A;N/A;N/A;N/A;N/A;N/A;N/A;N/A;N/A;N/A;N/A;N/A;N/A;N/A;N/A;N/A;N/A;N/A;N/A;N/A;N/A;N/A;N/A;N/A;N/A;N/A;;0;439.6;0;0;;Disabled;TempStop;1;700;440.8;0;0;0;549.9;449.9;Enabled;PosOk;1;0;0;0;0;0;15;Disabled;0;0;0;0;0;0;0;0;0;0;0;0;0;0;0;0;0;0;0;0;0;0;0;0;0;0;0;0;0;0;0;0;0;0;0;0;0;0;0;0;0;0;0;0;0;0;0;0;0;0;0;0;0;0;0;0;0;0;0;0;0;0;0;0;0;0;0;0;0;0;30;33;20;45;30;30;20;45;30;25;20;45;30;25;20;45;200;227;100;300;200;224;100;300;200;0;100;300;200;0;100;300;30;33;20;45;30;30;20;45;30;26;20;45;30;28;20;45;200;243;100;300;200;240;100;300;200;0;100;300;200;0;100;300;4;2;0.4;6;4;5;0.4;6;4;2;0.4;6;4;5;0.4;6;4;2;0.4;6;4;5;0.4;6;4;2;0.4;6;4;5;0.4;6;NOK;NOK;OK;10000;10070;8000;11000;OK;8.69;0;8;12;NOK;N/A;1.95;N/A;N/A;N/A;9;11.7;7;18;OK;;0;0;0;-;Disabled;TempOk;1;230;111.6;0;0;0;349.9;441543200 volvo 589-1;441543200 volvo 589-1;441543200 volvo 589-1
20260331_19:03:57;26376;2;5;940;932.6;910;970;OK;940;938.3;910;970;OK;938.5;939.4;-15;-15.4;-50;-20;NOK;-15;-14.5;-50;-20;NOK;-16.1;-16.2;0;-15;-15.4;-50;-20;NOK;330;356;330;500;OK;0;0;N/A;N/A;N/A;N/A;N/A;N/A;N/A;N/A;N/A;N/A;N/A;N/A;N/A;N/A;N/A;N/A;N/A;N/A;N/A;N/A;N/A;N/A;N/A;N/A;N/A;N/A;N/A;N/A;N/A;N/A;N/A;N/A;N/A;N/A;N/A;N/A;N/A;N/A;N/A;N/A;N/A;N/A;N/A;N/A;N/A;N/A;N/A;N/A;N/A;N/A;N/A;N/A;N/A;N/A;N/A;N/A;N/A;N/A;N/A;N/A;N/A;N/A;N/A;N/A;N/A;N/A;N/A;N/A;N/A;N/A;N/A;N/A;N/A;N/A;N/A;N/A;N/A;N/A;N/A;N/A;N/A;N/A;N/A;N/A;N/A;N/A;N/A;N/A;N/A;N/A;N/A;N/A;N/A;N/A;N/A;N/A;N/A;N/A;;0;414.8;0;0;;Disabled;TempStop;1;700;415.5;0;0;0;549.9;449.9;Enabled;PosOk;1;0;0;0;0;0;15;Disabled;0;0;0;0;0;0;0;0;0;0;0;0;0;0;0;0;0;0;0;0;0;0;0;0;0;0;0;0;0;0;0;0;0;0;0;0;0;0;0;0;0;0;0;0;0;0;0;0;0;0;0;0;0;0;0;0;0;0;0;0;0;0;0;0;0;0;0;0;0;0;30;33;20;45;30;30;20;45;30;25;20;45;30;25;20;45;200;227;100;300;200;225;100;300;200;0;100;300;200;0;100;300;30;33;20;45;30;30;20;45;30;26;20;45;30;28;20;45;200;243;100;300;200;241;100;300;200;0;100;300;200;0;100;300;4;2;0.4;6;4;5;0.4;6;4;2;0.4;6;4;5;0.4;6;4;2;0.4;6;4;5;0.4;6;4;2;0.4;6;4;6;0.4;6;NOK;NOK;OK;10000;10052;8000;11000;OK;8.68;0;8;12;NOK;N/A;1.95;N/A;N/A;N/A;9;11.6;7;18;OK;;0;0;0;-;Disabled;TempOk;1;230;114.2;0;0;0;349.9;441543200 volvo 589-1;441543200 volvo 589-1;441543200 volvo 589-1
20260331_19:04:56;26378;2;2;940;931.6;910;970;OK;940;941.2;910;970;OK;940.9;938.9;-15;-19.9;-50;-20;NOK;-15;-18.4;-50;-20;NOK;-18.1;-18.2;0;-15;-19.9;-50;-20;NOK;330;341;330;500;OK;0;0;N/A;N/A;N/A;N/A;N/A;N/A;N/A;N/A;N/A;N/A;N/A;N/A;N/A;N/A;N/A;N/A;N/A;N/A;N/A;N/A;N/A;N/A;N/A;N/A;N/A;N/A;N/A;N/A;N/A;N/A;N/A;N/A;N/A;N/A;N/A;N/A;N/A;N/A;N/A;N/A;N/A;N/A;N/A;N/A;N/A;N/A;N/A;N/A;N/A;N/A;N/A;N/A;N/A;N/A;N/A;N/A;N/A;N/A;N/A;N/A;N/A;N/A;N/A;N/A;N/A;N/A;N/A;N/A;N/A;N/A;N/A;N/A;N/A;N/A;N/A;N/A;N/A;N/A;N/A;N/A;N/A;N/A;N/A;N/A;N/A;N/A;N/A;N/A;N/A;N/A;N/A;N/A;N/A;N/A;N/A;N/A;N/A;N/A;;0;431.3;0;0;;Disabled;TempStop;1;700;433.2;0;0;0;549.9;449.9;Enabled;PosOk;1;0;0;0;0;0;15;Disabled;0;0;0;0;0;0;0;0;0;0;0;0;0;0;0;0;0;0;0;0;0;0;0;0;0;0;0;0;0;0;0;0;0;0;0;0;0;0;0;0;0;0;0;0;0;0;0;0;0;0;0;0;0;0;0;0;0;0;0;0;0;0;0;0;0;0;0;0;0;0;30;33;20;45;30;30;20;45;30;25;20;45;30;25;20;45;200;227;100;300;200;224;100;300;200;0;100;300;200;0;100;300;30;34;20;45;30;30;20;45;30;26;20;45;30;28;20;45;200;243;100;300;200;240;100;300;200;0;100;300;200;0;100;300;4;2;0.4;6;4;5;0.4;6;4;2;0.4;6;4;5;0.4;6;4;2;0.4;6;4;5;0.4;6;4;2;0.4;6;4;6;0.4;6;NOK;NOK;OK;10000;10065;8000;11000;OK;8.68;0;8;12;NOK;N/A;1.95;N/A;N/A;N/A;9;11.7;7;18;OK;;0;0;0;-;Disabled;TempOk;1;230;111.7;0;0;0;349.9;441543200 volvo 589-1;441543200 volvo 589-1;441543200 volvo 589-1
20260331_19:05:25;26377;1;3;940;932.6;910;970;OK;940;942.1;910;970;OK;941;940.2;-20;-15;-50;-25;NOK;-20;-19.5;-50;-25;NOK;-19.7;-20.5;0;-20;-15;-50;-25;NOK;330;341;330;500;OK;0;0;N/A;N/A;N/A;N/A;N/A;N/A;N/A;N/A;N/A;N/A;N/A;N/A;N/A;N/A;N/A;N/A;N/A;N/A;N/A;N/A;N/A;N/A;N/A;N/A;N/A;N/A;N/A;N/A;N/A;N/A;N/A;N/A;N/A;N/A;N/A;N/A;N/A;N/A;N/A;N/A;N/A;N/A;N/A;N/A;N/A;N/A;N/A;N/A;N/A;N/A;N/A;N/A;N/A;N/A;N/A;N/A;N/A;N/A;N/A;N/A;N/A;N/A;N/A;N/A;N/A;N/A;N/A;N/A;N/A;N/A;N/A;N/A;N/A;N/A;N/A;N/A;N/A;N/A;N/A;N/A;N/A;N/A;N/A;N/A;N/A;N/A;N/A;N/A;N/A;N/A;N/A;N/A;N/A;N/A;N/A;N/A;N/A;N/A;;0;428.5;0;0;;Disabled;TempStop;1;700;430.7;0;0;0;549.9;449.9;Enabled;PosOk;1;0;0;0;0;0;15;Disabled;0;0;0;0;0;0;0;0;0;0;0;0;0;0;0;0;0;0;0;0;0;0;0;0;0;0;0;0;0;0;0;0;0;0;0;0;0;0;0;0;0;0;0;0;0;0;0;0;0;0;0;0;0;0;0;0;0;0;0;0;0;0;0;0;0;0;0;0;4;56;30;33;20;45;30;30;20;45;30;25;20;45;30;25;20;45;200;227;100;300;200;224;100;300;200;0;100;300;200;0;100;300;30;33;20;45;30;30;20;45;30;26;20;45;30;29;20;45;200;243;100;300;200;241;100;300;200;0;100;300;200;0;100;300;4;2;0.4;6;4;5;0.4;6;4;2;0.4;6;4;6;0.4;6;4;2;0.4;6;4;6;0.4;6;4;2;0.4;6;4;6;0.4;6;NOK;NOK;OK;10000;10055;8000;11000;OK;8.68;0;8;12;NOK;N/A;1.95;N/A;N/A;N/A;9;10.9;7;18;OK;;0;0;0;-;Disabled;TempOk;1;230;113.9;0;0;0;349.9;441543200 volvo 589-1;441543200 volvo 589-1;441543200 volvo 589-1
20260331_19:05:54;26379;4;2;940;933.9;910;970;OK;940;942.7;910;970;OK;941.7;942.3;-15;-13.3;-50;-5;OK;-15;-18.3;-50;-5;OK;-18;-18.5;0;-15;-13.3;-50;-5;OK;330;341;330;500;OK;254.95;255.43;N/A;N/A;N/A;N/A;N/A;N/A;N/A;N/A;N/A;N/A;N/A;N/A;N/A;N/A;N/A;N/A;N/A;N/A;N/A;N/A;N/A;N/A;N/A;N/A;N/A;N/A;N/A;N/A;N/A;N/A;N/A;N/A;N/A;N/A;N/A;N/A;N/A;N/A;N/A;N/A;N/A;N/A;N/A;N/A;N/A;N/A;N/A;N/A;N/A;N/A;N/A;N/A;N/A;N/A;N/A;N/A;N/A;N/A;N/A;N/A;N/A;N/A;N/A;N/A;N/A;N/A;N/A;N/A;N/A;N/A;N/A;N/A;N/A;N/A;N/A;N/A;N/A;N/A;N/A;N/A;N/A;N/A;N/A;N/A;N/A;N/A;N/A;N/A;N/A;N/A;N/A;N/A;N/A;N/A;N/A;N/A;N/A;N/A;;0;429.2;0;0;;Disabled;TempStop;1;700;431.2;0;0;0;549.9;449.9;Enabled;PosOk;1;0;0;0;0;0;15;Disabled;0;0;0;0;0;0;0;0;0;0;0;0;0;0;0;0;0;0;0;0;0;0;0;0;0;0;0;0;0;0;0;0;0;0;0;0;0;0;0;0;0;0;0;0;0;0;0;0;0;0;0;0;0;0;0;0;0;0;0;0;0;0;0;0;0;0;0;0;0;0;30;33;20;45;30;29;20;45;30;25;20;45;30;25;20;45;200;227;100;300;200;224;100;300;200;0;100;300;200;0;100;300;30;33;20;45;30;29;20;45;30;26;20;45;30;28;20;45;200;242;100;300;200;240;100;300;200;0;100;300;200;0;100;300;4;2;0.4;6;4;5;0.4;6;4;2;0.4;6;4;6;0.4;6;4;2;0.4;6;4;6;0.4;6;4;2;0.4;6;4;6;0.4;6;NOK;NOK;OK;10000;10042;8000;11000;OK;8.67;0;8;12;NOK;N/A;1.95;N/A;N/A;N/A;9;11.7;7;18;OK;;0;0;0;-;Disabled;TempOk;1;230;107;0;0;0;349.9;441543200 volvo 589-1;441543200 volvo 589-1;441543200 volvo 589-1
20260331_19:06:24;26380;3;3;940;930.1;910;970;OK;940;940.8;910;970;OK;940.4;940.5;-20;-19.7;-50;-25;NOK;-20;-19.6;-50;-25;NOK;-19.1;-19.2;0;-20;-19.8;-50;-25;NOK;330;341;330;500;OK;0;0;N/A;N/A;N/A;N/A;N/A;N/A;N/A;N/A;N/A;N/A;N/A;N/A;N/A;N/A;N/A;N/A;N/A;N/A;N/A;N/A;N/A;N/A;N/A;N/A;N/A;N/A;N/A;N/A;N/A;N/A;N/A;N/A;N/A;N/A;N/A;N/A;N/A;N/A;N/A;N/A;N/A;N/A;N/A;N/A;N/A;N/A;N/A;N/A;N/A;N/A;N/A;N/A;N/A;N/A;N/A;N/A;N/A;N/A;N/A;N/A;N/A;N/A;N/A;N/A;N/A;N/A;N/A;N/A;N/A;N/A;N/A;N/A;N/A;N/A;N/A;N/A;N/A;N/A;N/A;N/A;N/A;N/A;N/A;N/A;N/A;N/A;N/A;N/A;N/A;N/A;N/A;N/A;N/A;N/A;N/A;N/A;N/A;N/A;;0;421.7;0;0;;Disabled;TempStop;1;700;423.8;0;0;0;549.9;449.9;Enabled;PosOk;1;0;0;0;0;0;15;Disabled;0;0;0;0;0;0;0;0;0;0;0;0;0;0;0;0;0;0;0;0;0;0;0;0;0;0;0;0;0;0;0;0;0;0;0;0;0;0;0;0;0;0;0;0;0;0;0;0;0;0;0;0;0;0;0;0;0;0;0;0;0;0;0;0;0;0;0;0;0;0;30;33;20;45;30;29;20;45;30;25;20;45;30;25;20;45;200;228;100;300;200;225;100;300;200;0;100;300;200;0;100;300;30;32;20;45;30;29;20;45;30;26;20;45;30;28;20;45;200;242;100;300;200;241;100;300;200;0;100;300;200;0;100;300;4;2;0.4;6;4;5;0.4;6;4;2;0.4;6;4;6;0.4;6;4;2;0.4;6;4;5;0.4;6;4;2;0.4;6;4;6;0.4;6;NOK;NOK;OK;10000;10055;8000;11000;OK;8.68;0;8;12;NOK;N/A;1.95;N/A;N/A;N/A;9;11.8;7;18;OK;;0;0;0;-;Disabled;TempOk;1;230;113.5;0;0;0;349.9;441543200 volvo 589-1;441543200 volvo 589-1;441543200 volvo 589-1
20260331_19:06:53;26381;4;3;940;935.5;910;970;OK;940;944.3;910;970;OK;944.8;944.4;-15;-14.3;-50;-5;OK;-15;-18;-50;-5;OK;-18.2;-18.6;0;-15;-14.1;-50;-5;OK;330;341;330;500;OK;255.05;255.52;N/A;N/A;N/A;N/A;N/A;N/A;N/A;N/A;N/A;N/A;N/A;N/A;N/A;N/A;N/A;N/A;N/A;N/A;N/A;N/A;N/A;N/A;N/A;N/A;N/A;N/A;N/A;N/A;N/A;N/A;N/A;N/A;N/A;N/A;N/A;N/A;N/A;N/A;N/A;N/A;N/A;N/A;N/A;N/A;N/A;N/A;N/A;N/A;N/A;N/A;N/A;N/A;N/A;N/A;N/A;N/A;N/A;N/A;N/A;N/A;N/A;N/A;N/A;N/A;N/A;N/A;N/A;N/A;N/A;N/A;N/A;N/A;N/A;N/A;N/A;N/A;N/A;N/A;N/A;N/A;N/A;N/A;N/A;N/A;N/A;N/A;N/A;N/A;N/A;N/A;N/A;N/A;N/A;N/A;N/A;N/A;N/A;N/A;;0;429.9;0;0;;Disabled;TempStop;1;700;431.9;0;0;0;549.9;449.9;Enabled;PosOk;1;0;0.5;0;0;0;15;Disabled;0;0;0;0;0;0;0;0;0;0;0;0;0;0;0;0;0;0;0;0;0;0;0;0;0;0;0;0;0;0;0;0;0;0;0;0;0;0;0;0;0;0;0;0;0;0;0;0;0;0;0;0;0;0;0;0;0;0;0;0;0;0;0;0;0;0;0;0;0;0;30;32;20;45;30;29;20;45;30;25;20;45;30;25;20;45;200;227;100;300;200;224;100;300;200;0;100;300;200;0;100;300;30;32;20;45;30;29;20;45;30;26;20;45;30;28;20;45;200;243;100;300;200;240;100;300;200;0;100;300;200;0;100;300;4;2;0.4;6;4;5;0.4;6;4;2;0.4;6;4;5;0.4;6;4;2;0.4;6;4;5;0.4;6;4;2;0.4;6;4;6;0.4;6;NOK;NOK;OK;10000;10048;8000;11000;OK;8.67;0;8;12;NOK;N/A;1.96;N/A;N/A;N/A;9;11.2;7;18;OK;;0;0;0;-;Disabled;TempOk;1;230;109;0;0;0;349.9;441543200 volvo 589-1;441543200 volvo 589-1;441543200 volvo 589-1
20260331_19:07:23;26382;1;4;940;933.9;910;970;OK;940;940.6;910;970;OK;940.3;940.7;-20;-13.3;-50;-25;NOK;-20;-12.3;-50;-25;NOK;-17.5;-14.7;0;-20;-13.3;-50;-25;NOK;330;341;330;500;OK;0;0;N/A;N/A;N/A;N/A;N/A;N/A;N/A;N/A;N/A;N/A;N/A;N/A;N/A;N/A;N/A;N/A;N/A;N/A;N/A;N/A;N/A;N/A;N/A;N/A;N/A;N/A;N/A;N/A;N/A;N/A;N/A;N/A;N/A;N/A;N/A;N/A;N/A;N/A;N/A;N/A;N/A;N/A;N/A;N/A;N/A;N/A;N/A;N/A;N/A;N/A;N/A;N/A;N/A;N/A;N/A;N/A;N/A;N/A;N/A;N/A;N/A;N/A;N/A;N/A;N/A;N/A;N/A;N/A;N/A;N/A;N/A;N/A;N/A;N/A;N/A;N/A;N/A;N/A;N/A;N/A;N/A;N/A;N/A;N/A;N/A;N/A;N/A;N/A;N/A;N/A;N/A;N/A;N/A;N/A;N/A;N/A;N/A;N/A;;0;428.6;0;0;;Disabled;TempStop;1;700;430.8;0;0;0;549.9;449.9;Enabled;PosOk;1;0;0;0;0;0;15;Disabled;0;0;0;0;0;0;0;0;0;0;0;0;0;0;0;0;0;0;0;0;0;0;0;0;0;0;0;0;0;0;0;0;0;0;0;0;0;0;0;0;0;0;0;0;0;0;0;0;0;0;0;0;0;0;0;0;0;0;0;0;0;0;0;0;0;0;0;0;6;53;30;33;20;45;30;30;20;45;30;25;20;45;30;25;20;45;200;228;100;300;200;224;100;300;200;0;100;300;200;0;100;300;30;33;20;45;30;30;20;45;30;26;20;45;30;28;20;45;200;243;100;300;200;240;100;300;200;0;100;300;200;0;100;300;4;2;0.4;6;4;5;0.4;6;4;2;0.4;6;4;5;0.4;6;4;2;0.4;6;4;5;0.4;6;4;2;0.4;6;4;6;0.4;6;NOK;NOK;OK;10000;10045;8000;11000;OK;8.67;0;8;12;NOK;N/A;1.95;N/A;N/A;N/A;9;10.9;7;18;OK;;0;0;0;-;Disabled;TempOk;1;230;111.7;0;0;0;349.9;441543200 volvo 589-1;441543200 volvo 589-1;441543200 volvo 589-1
20260331_19:07:52;26383;2;4;940;931.8;910;970;OK;940;941.6;910;970;OK;942.1;941.2;-15;-21.9;-50;-20;OK;-15;-20;-50;-20;NOK;-20.2;-20.1;0;-15;-22;-50;-20;OK;330;341;330;500;OK;0;0;N/A;N/A;N/A;N/A;N/A;N/A;N/A;N/A;N/A;N/A;N/A;N/A;N/A;N/A;N/A;N/A;N/A;N/A;N/A;N/A;N/A;N/A;N/A;N/A;N/A;N/A;N/A;N/A;N/A;N/A;N/A;N/A;N/A;N/A;N/A;N/A;N/A;N/A;N/A;N/A;N/A;N/A;N/A;N/A;N/A;N/A;N/A;N/A;N/A;N/A;N/A;N/A;N/A;N/A;N/A;N/A;N/A;N/A;N/A;N/A;N/A;N/A;N/A;N/A;N/A;N/A;N/A;N/A;N/A;N/A;N/A;N/A;N/A;N/A;N/A;N/A;N/A;N/A;N/A;N/A;N/A;N/A;N/A;N/A;N/A;N/A;N/A;N/A;N/A;N/A;N/A;N/A;N/A;N/A;N/A;N/A;N/A;N/A;;0;420.2;0;0;;Disabled;TempStop;1;700;422.5;0;0;0;549.9;449.9;Enabled;PosOk;1;0;0;0;0;0;15;Disabled;0;0;0;0;0;0;0;0;0;0;0;0;0;0;0;0;0;0;0;0;0;0;0;0;0;0;0;0;0;0;0;0;0;0;0;0;0;0;0;0;0;0;0;0;0;0;0;0;0;0;0;0;0;0;0;0;0;0;0;0;0;0;0;0;0;0;0;0;0;0;30;33;20;45;30;30;20;45;30;25;20;45;30;25;20;45;200;228;100;300;200;225;100;300;200;0;100;300;200;0;100;300;30;33;20;45;30;30;20;45;30;26;20;45;30;28;20;45;200;243;100;300;200;240;100;300;200;0;100;300;200;0;100;300;4;2;0.4;6;4;5;0.4;6;4;2;0.4;6;4;6;0.4;6;4;2;0.4;6;4;6;0.4;6;4;2;0.4;6;4;6;0.4;6;NOK;NOK;OK;10000;10036;8000;11000;OK;8.66;0;8;12;NOK;N/A;1.95;N/A;N/A;N/A;9;11.2;7;18;OK;;0;0;0;-;Disabled;TempOk;1;230;110.4;0;0;0;349.9;441543200 volvo 589-1;441543200 volvo 589-1;441543200 volvo 589-1
20260331_19:08:51;26385;4;4;940;928.8;910;970;OK;940;949.2;910;970;OK;949.1;949;-15;-10.4;-50;-5;OK;-15;-8.8;-50;-5;OK;-12.1;-7.8;0;-15;-10.6;-50;-5;OK;330;341;330;500;OK;255.23;255.68;N/A;N/A;N/A;N/A;N/A;N/A;N/A;N/A;N/A;N/A;N/A;N/A;N/A;N/A;N/A;N/A;N/A;N/A;N/A;N/A;N/A;N/A;N/A;N/A;N/A;N/A;N/A;N/A;N/A;N/A;N/A;N/A;N/A;N/A;N/A;N/A;N/A;N/A;N/A;N/A;N/A;N/A;N/A;N/A;N/A;N/A;N/A;N/A;N/A;N/A;N/A;N/A;N/A;N/A;N/A;N/A;N/A;N/A;N/A;N/A;N/A;N/A;N/A;N/A;N/A;N/A;N/A;N/A;N/A;N/A;N/A;N/A;N/A;N/A;N/A;N/A;N/A;N/A;N/A;N/A;N/A;N/A;N/A;N/A;N/A;N/A;N/A;N/A;N/A;N/A;N/A;N/A;N/A;N/A;N/A;N/A;N/A;N/A;;0;419.8;0;0;;Disabled;TempStop;1;700;422;0;0;0;549.9;449.9;Enabled;PosOk;1;0;0;0;0;0;15;Disabled;0;0;0;0;0;0;0;0;0;0;0;0;0;0;0;0;0;0;0;0;0;0;0;0;0;0;0;0;0;0;0;0;0;0;0;0;0;0;0;0;0;0;0;0;0;0;0;0;0;0;0;0;0;0;0;0;0;0;0;0;0;0;0;0;0;0;0;0;0;0;30;33;20;45;30;30;20;45;30;25;20;45;30;25;20;45;200;227;100;300;200;224;100;300;200;0;100;300;200;0;100;300;30;33;20;45;30;30;20;45;30;26;20;45;30;28;20;45;200;243;100;300;200;240;100;300;200;0;100;300;200;0;100;300;4;2;0.4;6;4;5;0.4;6;4;2;0.4;6;4;6;0.4;6;4;2;0.4;6;4;6;0.4;6;4;2;0.4;6;4;6;0.4;6;NOK;NOK;OK;10000;10042;8000;11000;OK;8.66;0;8;12;NOK;N/A;1.95;N/A;N/A;N/A;9;11.7;7;18;OK;;0;0;0;-;Disabled;TempOk;1;230;109.3;0;0;0;349.9;441543200 volvo 589-1;441543200 volvo 589-1;441543200 volvo 589-1
20260331_19:09:20;26386;3;5;940;936.5;910;970;OK;940;941.4;910;970;OK;946.5;944.1;-20;-17.4;-50;-25;NOK;-20;-17.7;-50;-25;NOK;-19;-18.4;0;-20;-17.3;-50;-25;NOK;330;341;330;500;OK;0;0;N/A;N/A;N/A;N/A;N/A;N/A;N/A;N/A;N/A;N/A;N/A;N/A;N/A;N/A;N/A;N/A;N/A;N/A;N/A;N/A;N/A;N/A;N/A;N/A;N/A;N/A;N/A;N/A;N/A;N/A;N/A;N/A;N/A;N/A;N/A;N/A;N/A;N/A;N/A;N/A;N/A;N/A;N/A;N/A;N/A;N/A;N/A;N/A;N/A;N/A;N/A;N/A;N/A;N/A;N/A;N/A;N/A;N/A;N/A;N/A;N/A;N/A;N/A;N/A;N/A;N/A;N/A;N/A;N/A;N/A;N/A;N/A;N/A;N/A;N/A;N/A;N/A;N/A;N/A;N/A;N/A;N/A;N/A;N/A;N/A;N/A;N/A;N/A;N/A;N/A;N/A;N/A;N/A;N/A;N/A;N/A;N/A;N/A;;0;421.9;0;0;;Disabled;TempStop;1;700;424.6;0;0;0;549.9;449.9;Enabled;PosOk;1;0;0;0;0;0;15;Disabled;0;0;0;0;0;0;0;0;0;0;0;0;0;0;0;0;0;0;0;0;0;0;0;0;0;0;0;0;0;0;0;0;0;0;0;0;0;0;0;0;0;0;0;0;0;0;0;0;0;0;0;0;0;0;0;0;0;0;0;0;0;0;0;0;0;0;0;0;0;0;30;33;20;45;30;30;20;45;30;25;20;45;30;25;20;45;200;228;100;300;200;224;100;300;200;0;100;300;200;0;100;300;30;33;20;45;30;30;20;45;30;26;20;45;30;28;20;45;200;243;100;300;200;240;100;300;200;0;100;300;200;0;100;300;4;2;0.4;6;4;5;0.4;6;4;2;0.4;6;4;5;0.4;6;4;2;0.4;6;4;6;0.4;6;4;2;0.4;6;4;5;0.4;6;NOK;NOK;OK;10000;10054;8000;11000;OK;8.67;0;8;12;NOK;N/A;1.95;N/A;N/A;N/A;9;11.6;7;18;OK;;0;0;0;-;Disabled;TempOk;1;230;113.1;0;0;0;349.9;441543200 volvo 589-1;441543200 volvo 589-1;441543200 volvo 589-1
20260331_19:09:50;26387;2;5;940;927.9;910;970;OK;940;940.3;910;970;OK;942.3;940.7;-15;-14;-50;-20;NOK;-15;-15.2;-50;-20;NOK;-16;-16.4;0;-15;-14;-50;-20;NOK;330;341;330;500;OK;0;0;N/A;N/A;N/A;N/A;N/A;N/A;N/A;N/A;N/A;N/A;N/A;N/A;N/A;N/A;N/A;N/A;N/A;N/A;N/A;N/A;N/A;N/A;N/A;N/A;N/A;N/A;N/A;N/A;N/A;N/A;N/A;N/A;N/A;N/A;N/A;N/A;N/A;N/A;N/A;N/A;N/A;N/A;N/A;N/A;N/A;N/A;N/A;N/A;N/A;N/A;N/A;N/A;N/A;N/A;N/A;N/A;N/A;N/A;N/A;N/A;N/A;N/A;N/A;N/A;N/A;N/A;N/A;N/A;N/A;N/A;N/A;N/A;N/A;N/A;N/A;N/A;N/A;N/A;N/A;N/A;N/A;N/A;N/A;N/A;N/A;N/A;N/A;N/A;N/A;N/A;N/A;N/A;N/A;N/A;N/A;N/A;N/A;N/A;;0;432.3;0;0;;Disabled;TempStop;1;700;435.1;0;0;0;549.9;449.9;Enabled;PosOk;1;0;0;0;0;0;15;Disabled;0;0;0;0;0;0;0;0;0;0;0;0;0;0;0;0;0;0;0;0;0;0;0;0;0;0;0;0;0;0;0;0;0;0;0;0;0;0;0;0;0;0;0;0;0;0;0;0;0;0;0;0;0;0;0;0;0;0;0;0;0;0;0;0;0;0;0;0;0;0;30;33;20;45;30;29;20;45;30;25;20;45;30;25;20;45;200;228;100;300;200;224;100;300;200;0;100;300;200;0;100;300;30;33;20;45;30;29;20;45;30;26;20;45;30;28;20;45;200;243;100;300;200;241;100;300;200;0;100;300;200;0;100;300;4;2;0.4;6;4;5;0.4;6;4;2;0.4;6;4;5;0.4;6;4;2;0.4;6;4;5;0.4;6;4;2;0.4;6;4;6;0.4;6;NOK;NOK;OK;10000;10050;8000;11000;OK;8.66;0;8;12;NOK;N/A;1.95;N/A;N/A;N/A;9;11.2;7;18;OK;;0;0;0;-;Disabled;TempOk;1;230;114.5;0;0;0;349.9;441543200 volvo 589-1;441543200 volvo 589-1;441543200 volvo 589-1
20260331_19:10:19;26388;1;2;940;916.2;910;970;OK;940;934.4;910;970;OK;925.5;929.9;-20;-19.6;-50;-25;NOK;-20;-18.5;-50;-25;NOK;-17.6;-17.9;0;-20;-19.7;-50;-25;NOK;330;341;330;500;OK;0;0;N/A;N/A;N/A;N/A;N/A;N/A;N/A;N/A;N/A;N/A;N/A;N/A;N/A;N/A;N/A;N/A;N/A;N/A;N/A;N/A;N/A;N/A;N/A;N/A;N/A;N/A;N/A;N/A;N/A;N/A;N/A;N/A;N/A;N/A;N/A;N/A;N/A;N/A;N/A;N/A;N/A;N/A;N/A;N/A;N/A;N/A;N/A;N/A;N/A;N/A;N/A;N/A;N/A;N/A;N/A;N/A;N/A;N/A;N/A;N/A;N/A;N/A;N/A;N/A;N/A;N/A;N/A;N/A;N/A;N/A;N/A;N/A;N/A;N/A;N/A;N/A;N/A;N/A;N/A;N/A;N/A;N/A;N/A;N/A;N/A;N/A;N/A;N/A;N/A;N/A;N/A;N/A;N/A;N/A;N/A;N/A;N/A;N/A;;0;418.8;0;0;;Disabled;TempStop;1;700;420.9;0;0;0;549.9;449.9;Enabled;PosOk;1;0;0;0;0;0;15;Disabled;0;0;0;0;0;0;0;0;0;0;0;0;0;0;0;0;0;0;0;0;0;0;0;0;0;0;0;0;0;0;0;0;0;0;0;0;0;0;0;0;0;0;0;0;0;0;0;0;0;0;0;0;0;0;0;0;0;0;0;0;0;0;0;0;0;0;0;0;0;0;30;32;20;45;30;29;20;45;30;25;20;45;30;25;20;45;200;227;100;300;200;224;100;300;200;0;100;300;200;0;100;300;30;33;20;45;30;29;20;45;30;26;20;45;30;28;20;45;200;242;100;300;200;240;100;300;200;0;100;300;200;0;100;300;4;2;0.4;6;4;5;0.4;6;4;2;0.4;6;4;5;0.4;6;4;2;0.4;6;4;6;0.4;6;4;2;0.4;6;4;5;0.4;6;NOK;NOK;OK;10000;10052;8000;11000;OK;8.66;0;8;12;NOK;N/A;1.95;N/A;N/A;N/A;9;11.4;7;18;OK;;0;0;0;-;Disabled;TempOk;1;230;113.1;0;0;0;349.9;441543200 volvo 589-1;441543200 volvo 589-1;441543200 volvo 589-1
20260331_19:10:49;26389;2;2;940;931.8;910;970;OK;940;941.7;910;970;OK;941.5;939.4;-15;-18.5;-50;-20;NOK;-15;-18.3;-50;-20;NOK;-17.9;-18.1;0;-15;-18.5;-50;-20;NOK;330;341;330;500;OK;0;0;N/A;N/A;N/A;N/A;N/A;N/A;N/A;N/A;N/A;N/A;N/A;N/A;N/A;N/A;N/A;N/A;N/A;N/A;N/A;N/A;N/A;N/A;N/A;N/A;N/A;N/A;N/A;N/A;N/A;N/A;N/A;N/A;N/A;N/A;N/A;N/A;N/A;N/A;N/A;N/A;N/A;N/A;N/A;N/A;N/A;N/A;N/A;N/A;N/A;N/A;N/A;N/A;N/A;N/A;N/A;N/A;N/A;N/A;N/A;N/A;N/A;N/A;N/A;N/A;N/A;N/A;N/A;N/A;N/A;N/A;N/A;N/A;N/A;N/A;N/A;N/A;N/A;N/A;N/A;N/A;N/A;N/A;N/A;N/A;N/A;N/A;N/A;N/A;N/A;N/A;N/A;N/A;N/A;N/A;N/A;N/A;N/A;N/A;;0;429.8;0;0;;Disabled;TempStop;1;700;432.3;0;0;0;549.9;449.9;Enabled;PosOk;1;0;0;0;0;0;15;Disabled;0;0;0;0;0;0;0;0;0;0;0;0;0;0;0;0;0;0;0;0;0;0;0;0;0;0;0;0;0;0;0;0;0;0;0;0;0;0;0;0;0;0;0;0;0;0;0;0;0;0;0;0;0;0;0;0;0;0;0;0;0;0;0;0;0;0;0;0;0;0;30;33;20;45;30;30;20;45;30;25;20;45;30;25;20;45;200;227;100;300;200;225;100;300;200;0;100;300;200;0;100;300;30;33;20;45;30;30;20;45;30;26;20;45;30;28;20;45;200;243;100;300;200;241;100;300;200;0;100;300;200;0;100;300;4;2;0.4;6;4;5;0.4;6;4;2;0.4;6;4;6;0.4;6;4;2;0.4;6;4;6;0.4;6;4;2;0.4;6;4;6;0.4;6;NOK;NOK;OK;10000;10061;8000;11000;OK;8.68;0;8;12;NOK;N/A;1.95;N/A;N/A;N/A;9;11.7;7;18;OK;;0;0;0;-;Disabled;TempOk;1;230;109;0;0;0;349.9;441543200 volvo 589-1;441543200 volvo 589-1;441543200 volvo 589-1
20260331_19:11:18;26390;1;3;940;932.9;910;970;OK;940;941.5;910;970;OK;943.1;941.5;-20;-18.5;-50;-25;NOK;-20;-19;-50;-25;NOK;-18.8;-19.6;0;-20;-18.3;-50;-25;NOK;330;341;330;500;OK;0;0;N/A;N/A;N/A;N/A;N/A;N/A;N/A;N/A;N/A;N/A;N/A;N/A;N/A;N/A;N/A;N/A;N/A;N/A;N/A;N/A;N/A;N/A;N/A;N/A;N/A;N/A;N/A;N/A;N/A;N/A;N/A;N/A;N/A;N/A;N/A;N/A;N/A;N/A;N/A;N/A;N/A;N/A;N/A;N/A;N/A;N/A;N/A;N/A;N/A;N/A;N/A;N/A;N/A;N/A;N/A;N/A;N/A;N/A;N/A;N/A;N/A;N/A;N/A;N/A;N/A;N/A;N/A;N/A;N/A;N/A;N/A;N/A;N/A;N/A;N/A;N/A;N/A;N/A;N/A;N/A;N/A;N/A;N/A;N/A;N/A;N/A;N/A;N/A;N/A;N/A;N/A;N/A;N/A;N/A;N/A;N/A;N/A;N/A;;0;416.2;0;0;;Disabled;TempStop;1;700;419;0;0;0;549.9;449.9;Enabled;PosOk;1;0;0;0;0;0;15;Disabled;0;0;0;0;0;0;0;0;0;0;0;0;0;0;0;0;0;0;0;0;0;0;0;0;0;0;0;0;0;0;0;0;0;0;0;0;0;0;0;0;0;0;0;0;0;0;0;0;0;0;0;0;0;0;0;0;0;0;0;0;0;0;0;0;0;0;0;0;10;49;30;33;20;45;30;30;20;45;30;25;20;45;30;25;20;45;200;228;100;300;200;224;100;300;200;0;100;300;200;0;100;300;30;33;20;45;30;30;20;45;30;26;20;45;30;28;20;45;200;242;100;300;200;241;100;300;200;0;100;300;200;0;100;300;4;2;0.4;6;4;5;0.4;6;4;2;0.4;6;4;5;0.4;6;4;2;0.4;6;4;5;0.4;6;4;2;0.4;6;4;6;0.4;6;NOK;NOK;OK;10000;10021;8000;11000;OK;8.65;0;8;12;NOK;N/A;1.95;N/A;N/A;N/A;9;10.9;7;18;OK;;0;0;0;-;Disabled;TempOk;1;230;112.9;0;0;0;349.9;441543200 volvo 589-1;441543200 volvo 589-1;441543200 volvo 589-1
20260331_19:11:48;26391;4;2;940;935.1;910;970;OK;940;945.2;910;970;OK;945.6;945.3;-15;-18.1;-50;-5;OK;-15;-14.1;-50;-5;OK;-14.6;-14.3;0;-15;-18.1;-50;-5;OK;330;341;330;500;OK;255.44;255.89;N/A;N/A;N/A;N/A;N/A;N/A;N/A;N/A;N/A;N/A;N/A;N/A;N/A;N/A;N/A;N/A;N/A;N/A;N/A;N/A;N/A;N/A;N/A;N/A;N/A;N/A;N/A;N/A;N/A;N/A;N/A;N/A;N/A;N/A;N/A;N/A;N/A;N/A;N/A;N/A;N/A;N/A;N/A;N/A;N/A;N/A;N/A;N/A;N/A;N/A;N/A;N/A;N/A;N/A;N/A;N/A;N/A;N/A;N/A;N/A;N/A;N/A;N/A;N/A;N/A;N/A;N/A;N/A;N/A;N/A;N/A;N/A;N/A;N/A;N/A;N/A;N/A;N/A;N/A;N/A;N/A;N/A;N/A;N/A;N/A;N/A;N/A;N/A;N/A;N/A;N/A;N/A;N/A;N/A;N/A;N/A;N/A;N/A;;0;418.5;0;0;;Disabled;TempStop;1;700;421.2;0;0;0;549.9;449.9;Enabled;PosOk;1;0;0;0;0;0;15;Disabled;0;0;0;0;0;0;0;0;0;0;0;0;0;0;0;0;0;0;0;0;0;0;0;0;0;0;0;0;0;0;0;0;0;0;0;0;0;0;0;0;0;0;0;0;0;0;0;0;0;0;0;0;0;0;0;0;0;0;0;0;0;0;0;0;0;0;0;0;0;0;30;33;20;45;30;30;20;45;30;25;20;45;30;25;20;45;200;227;100;300;200;224;100;300;200;0;100;300;200;0;100;300;30;33;20;45;30;30;20;45;30;26;20;45;30;28;20;45;200;243;100;300;200;240;100;300;200;0;100;300;200;0;100;300;4;2;0.4;6;4;5;0.4;6;4;2;0.4;6;4;5;0.4;6;4;2;0.4;6;4;6;0.4;6;4;2;0.4;6;4;5;0.4;6;NOK;NOK;OK;10000;10025;8000;11000;OK;8.65;0;8;12;NOK;N/A;1.95;N/A;N/A;N/A;9;11.7;7;18;OK;;0;0;0;-;Disabled;TempOk;1;230;111.2;0;0;0;349.9;441543200 volvo 589-1;441543200 volvo 589-1;441543200 volvo 589-1
20260331_19:12:17;26392;3;3;940;931.8;910;970;OK;940;941.4;910;970;OK;941.3;941.2;-20;-19.8;-50;-25;NOK;-20;-19.1;-50;-25;NOK;-18.6;-18.7;0;-20;-19.8;-50;-25;NOK;330;341;330;500;OK;0;0;N/A;N/A;N/A;N/A;N/A;N/A;N/A;N/A;N/A;N/A;N/A;N/A;N/A;N/A;N/A;N/A;N/A;N/A;N/A;N/A;N/A;N/A;N/A;N/A;N/A;N/A;N/A;N/A;N/A;N/A;N/A;N/A;N/A;N/A;N/A;N/A;N/A;N/A;N/A;N/A;N/A;N/A;N/A;N/A;N/A;N/A;N/A;N/A;N/A;N/A;N/A;N/A;N/A;N/A;N/A;N/A;N/A;N/A;N/A;N/A;N/A;N/A;N/A;N/A;N/A;N/A;N/A;N/A;N/A;N/A;N/A;N/A;N/A;N/A;N/A;N/A;N/A;N/A;N/A;N/A;N/A;N/A;N/A;N/A;N/A;N/A;N/A;N/A;N/A;N/A;N/A;N/A;N/A;N/A;N/A;N/A;N/A;N/A;;0;415.4;0;0;;Disabled;TempStop;1;700;418.2;0;0;0;549.9;449.9;Enabled;PosOk;1;0;0;0;0;0;15;Disabled;0;0;0;0;0;0;0;0;0;0;0;0;0;0;0;0;0;0;0;0;0;0;0;0;0;0;0;0;0;0;0;0;0;0;0;0;0;0;0;0;0;0;0;0;0;0;0;0;0;0;0;0;0;0;0;0;0;0;0;0;0;0;0;0;0;0;0;0;0;0;30;33;20;45;30;30;20;45;30;25;20;45;30;25;20;45;200;227;100;300;200;224;100;300;200;0;100;300;200;0;100;300;30;33;20;45;30;30;20;45;30;26;20;45;30;28;20;45;200;243;100;300;200;240;100;300;200;0;100;300;200;0;100;300;4;2;0.4;6;4;5;0.4;6;4;2;0.4;6;4;6;0.4;6;4;2;0.4;6;4;5;0.4;6;4;2;0.4;6;4;6;0.4;6;NOK;NOK;OK;10000;10046;8000;11000;OK;8.66;0;8;12;NOK;N/A;1.95;N/A;N/A;N/A;9;11.7;7;18;OK;;0;0;0;-;Disabled;TempOk;1;230;112.5;0;0;0;349.9;441543200 volvo 589-1;441543200 volvo 589-1;441543200 volvo 589-1
20260331_19:12:46;26393;4;3;940;937.7;910;970;OK;940;947;910;970;OK;947.1;946.7;-15;-17.1;-50;-5;OK;-15;-15.9;-50;-5;OK;-15.6;-16.1;0;-15;-17;-50;-5;OK;330;341;330;500;OK;255.54;255.99;N/A;N/A;N/A;N/A;N/A;N/A;N/A;N/A;N/A;N/A;N/A;N/A;N/A;N/A;N/A;N/A;N/A;N/A;N/A;N/A;N/A;N/A;N/A;N/A;N/A;N/A;N/A;N/A;N/A;N/A;N/A;N/A;N/A;N/A;N/A;N/A;N/A;N/A;N/A;N/A;N/A;N/A;N/A;N/A;N/A;N/A;N/A;N/A;N/A;N/A;N/A;N/A;N/A;N/A;N/A;N/A;N/A;N/A;N/A;N/A;N/A;N/A;N/A;N/A;N/A;N/A;N/A;N/A;N/A;N/A;N/A;N/A;N/A;N/A;N/A;N/A;N/A;N/A;N/A;N/A;N/A;N/A;N/A;N/A;N/A;N/A;N/A;N/A;N/A;N/A;N/A;N/A;N/A;N/A;N/A;N/A;N/A;N/A;;0;426;0;0;;Disabled;TempStop;1;700;429.1;0;0;0;549.9;449.9;Enabled;PosOk;1;0;0;0;0;0;15;Disabled;0;0;0;0;0;0;0;0;0;0;0;0;0;0;0;0;0;0;0;0;0;0;0;0;0;0;0;0;0;0;0;0;0;0;0;0;0;0;0;0;0;0;0;0;0;0;0;0;0;0;0;0;0;0;0;0;0;0;0;0;0;0;0;0;0;0;0;0;0;0;30;33;20;45;30;30;20;45;30;25;20;45;30;25;20;45;200;227;100;300;200;224;100;300;200;0;100;300;200;0;100;300;30;33;20;45;30;30;20;45;30;26;20;45;30;28;20;45;200;243;100;300;200;241;100;300;200;0;100;300;200;0;100;300;4;2;0.4;6;4;5;0.4;6;4;2;0.4;6;4;5;0.4;6;4;2;0.4;6;4;6;0.4;6;4;2;0.4;6;4;6;0.4;6;NOK;NOK;OK;10000;10036;8000;11000;OK;8.66;0;8;12;NOK;N/A;1.95;N/A;N/A;N/A;9;11.8;7;18;OK;;0;0;0;-;Disabled;TempOk;1;230;119;0;0;0;349.9;441543200 volvo 589-1;441543200 volvo 589-1;441543200 volvo 589-1
20260331_19:13:16;26394;1;4;940;934.3;910;970;OK;940;941.1;910;970;OK;940.7;940.9;-20;-12.3;-50;-25;NOK;-20;-12.1;-50;-25;NOK;-16.9;-14.3;0;-20;-12.3;-50;-25;NOK;330;341;330;500;OK;0;0;N/A;N/A;N/A;N/A;N/A;N/A;N/A;N/A;N/A;N/A;N/A;N/A;N/A;N/A;N/A;N/A;N/A;N/A;N/A;N/A;N/A;N/A;N/A;N/A;N/A;N/A;N/A;N/A;N/A;N/A;N/A;N/A;N/A;N/A;N/A;N/A;N/A;N/A;N/A;N/A;N/A;N/A;N/A;N/A;N/A;N/A;N/A;N/A;N/A;N/A;N/A;N/A;N/A;N/A;N/A;N/A;N/A;N/A;N/A;N/A;N/A;N/A;N/A;N/A;N/A;N/A;N/A;N/A;N/A;N/A;N/A;N/A;N/A;N/A;N/A;N/A;N/A;N/A;N/A;N/A;N/A;N/A;N/A;N/A;N/A;N/A;N/A;N/A;N/A;N/A;N/A;N/A;N/A;N/A;N/A;N/A;N/A;N/A;;0;418.3;0;0;;Disabled;TempStop;1;700;421.3;0;0;0;549.9;449.9;Enabled;PosOk;1;0;0;0;0;0;15;Disabled;0;0;0;0;0;0;0;0;0;0;0;0;0;0;0;0;0;0;0;0;0;0;0;0;0;0;0;0;0;0;0;0;0;0;0;0;0;0;0;0;0;0;0;0;0;0;0;0;0;0;0;0;0;0;0;0;0;0;0;0;0;0;0;0;0;0;0;0;12;47;30;33;20;45;30;29;20;45;30;25;20;45;30;25;20;45;200;227;100;300;200;224;100;300;200;0;100;300;200;0;100;300;30;33;20;45;30;29;20;45;30;26;20;45;30;28;20;45;200;243;100;300;200;240;100;300;200;0;100;300;200;0;100;300;4;2;0.4;6;4;5;0.4;6;4;2;0.4;6;4;5;0.4;6;4;2;0.4;6;4;5;0.4;6;4;2;0.4;6;4;6;0.4;6;NOK;NOK;OK;10000;10023;8000;11000;OK;8.64;0;8;12;NOK;N/A;1.95;N/A;N/A;N/A;9;11.3;7;18;OK;;0;0;0;-;Disabled;TempOk;1;230;112.8;0;0;0;349.9;441543200 volvo 589-1;441543200 volvo 589-1;441543200 volvo 589-1
20260331_19:13:45;26395;2;4;940;932.8;910;970;OK;940;943;910;970;OK;943.7;943.2;-15;-20;-50;-20;NOK;-15;-19.5;-50;-20;NOK;-19.5;-19.5;0;-15;-20.1;-50;-20;OK;330;341;330;500;OK;0;0;N/A;N/A;N/A;N/A;N/A;N/A;N/A;N/A;N/A;N/A;N/A;N/A;N/A;N/A;N/A;N/A;N/A;N/A;N/A;N/A;N/A;N/A;N/A;N/A;N/A;N/A;N/A;N/A;N/A;N/A;N/A;N/A;N/A;N/A;N/A;N/A;N/A;N/A;N/A;N/A;N/A;N/A;N/A;N/A;N/A;N/A;N/A;N/A;N/A;N/A;N/A;N/A;N/A;N/A;N/A;N/A;N/A;N/A;N/A;N/A;N/A;N/A;N/A;N/A;N/A;N/A;N/A;N/A;N/A;N/A;N/A;N/A;N/A;N/A;N/A;N/A;N/A;N/A;N/A;N/A;N/A;N/A;N/A;N/A;N/A;N/A;N/A;N/A;N/A;N/A;N/A;N/A;N/A;N/A;N/A;N/A;N/A;N/A;;0;430.3;0;0;;Disabled;TempStop;1;700;433.3;0;0;0;549.9;449.9;Enabled;PosOk;1;0;0;0;0;0;15;Disabled;0;0;0;0;0;0;0;0;0;0;0;0;0;0;0;0;0;0;0;0;0;0;0;0;0;0;0;0;0;0;0;0;0;0;0;0;0;0;0;0;0;0;0;0;0;0;0;0;0;0;0;0;0;0;0;0;0;0;0;0;0;0;0;0;0;0;0;0;0;0;30;33;20;45;30;29;20;45;30;25;20;45;30;25;20;45;200;227;100;300;200;225;100;300;200;0;100;300;200;0;100;300;30;32;20;45;30;29;20;45;30;26;20;45;30;28;20;45;200;242;100;300;200;240;100;300;200;0;100;300;200;0;100;300;4;2;0.4;6;4;6;0.4;6;4;2;0.4;6;4;5;0.4;6;4;2;0.4;6;4;6;0.4;6;4;2;0.4;6;4;6;0.4;6;NOK;NOK;OK;10000;10047;8000;11000;OK;8.66;0;8;12;NOK;N/A;1.95;N/A;N/A;N/A;9;11.7;7;18;OK;;0;0;0;-;Disabled;TempOk;1;230;112.9;0;0;0;349.9;441543200 volvo 589-1;441543200 volvo 589-1;441543200 volvo 589-1
20260331_19:14:15;26396;3;4;940;934.2;910;970;OK;940;943.6;910;970;OK;944.7;945;-20;-14.1;-50;-25;NOK;-20;-15.1;-50;-25;NOK;-20.6;-19;0;-20;-14.1;-50;-25;NOK;330;341;330;500;OK;0;0;N/A;N/A;N/A;N/A;N/A;N/A;N/A;N/A;N/A;N/A;N/A;N/A;N/A;N/A;N/A;N/A;N/A;N/A;N/A;N/A;N/A;N/A;N/A;N/A;N/A;N/A;N/A;N/A;N/A;N/A;N/A;N/A;N/A;N/A;N/A;N/A;N/A;N/A;N/A;N/A;N/A;N/A;N/A;N/A;N/A;N/A;N/A;N/A;N/A;N/A;N/A;N/A;N/A;N/A;N/A;N/A;N/A;N/A;N/A;N/A;N/A;N/A;N/A;N/A;N/A;N/A;N/A;N/A;N/A;N/A;N/A;N/A;N/A;N/A;N/A;N/A;N/A;N/A;N/A;N/A;N/A;N/A;N/A;N/A;N/A;N/A;N/A;N/A;N/A;N/A;N/A;N/A;N/A;N/A;N/A;N/A;N/A;N/A;;0;413.3;0;0;;Disabled;TempStop;1;700;416.2;0;0;0;549.9;449.9;Enabled;PosOk;1;0;0;0;0;0;15;Disabled;0;0;0;0;0;0;0;0;0;0;0;0;0;0;0;0;0;0;0;0;0;0;0;0;0;0;0;0;0;0;0;0;0;0;0;0;0;0;0;0;0;0;0;0;0;0;0;0;0;0;0;0;0;0;0;0;0;0;0;0;0;0;0;0;0;0;0;0;0;0;30;32;20;45;30;29;20;45;30;25;20;45;30;25;20;45;200;227;100;300;200;224;100;300;200;0;100;300;200;0;100;300;30;32;20;45;30;29;20;45;30;26;20;45;30;28;20;45;200;242;100;300;200;240;100;300;200;0;100;300;200;0;100;300;4;2;0.4;6;4;5;0.4;6;4;2;0.4;6;4;5;0.4;6;4;2;0.4;6;4;5;0.4;6;4;2;0.4;6;4;5;0.4;6;NOK;NOK;OK;10000;10041;8000;11000;OK;8.65;0;8;12;NOK;N/A;1.95;N/A;N/A;N/A;9;11.7;7;18;OK;;0;0;0;-;Disabled;TempOk;1;230;109.3;0;0;0;349.9;441543200 volvo 589-1;441543200 volvo 589-1;441543200 volvo 589-1
20260331_19:14:44;26397;4;4;940;928.2;910;970;OK;940;950.7;910;970;OK;950.5;950.5;-15;-9.6;-50;-5;OK;-15;-8.8;-50;-5;OK;-11.3;-7.5;0;-15;-9.7;-50;-5;OK;330;341;330;500;OK;255.7;256.16;N/A;N/A;N/A;N/A;N/A;N/A;N/A;N/A;N/A;N/A;N/A;N/A;N/A;N/A;N/A;N/A;N/A;N/A;N/A;N/A;N/A;N/A;N/A;N/A;N/A;N/A;N/A;N/A;N/A;N/A;N/A;N/A;N/A;N/A;N/A;N/A;N/A;N/A;N/A;N/A;N/A;N/A;N/A;N/A;N/A;N/A;N/A;N/A;N/A;N/A;N/A;N/A;N/A;N/A;N/A;N/A;N/A;N/A;N/A;N/A;N/A;N/A;N/A;N/A;N/A;N/A;N/A;N/A;N/A;N/A;N/A;N/A;N/A;N/A;N/A;N/A;N/A;N/A;N/A;N/A;N/A;N/A;N/A;N/A;N/A;N/A;N/A;N/A;N/A;N/A;N/A;N/A;N/A;N/A;N/A;N/A;N/A;N/A;;0;427.1;0;0;;Disabled;TempStop;1;700;430.1;0;0;0;549.9;449.9;Enabled;PosOk;1;0;0;0;0;0;15;Disabled;0;0;0;0;0;0;0;0;0;0;0;0;0;0;0;0;0;0;0;0;0;0;0;0;0;0;0;0;0;0;0;0;0;0;0;0;0;0;0;0;0;0;0;0;0;0;0;0;0;0;0;0;0;0;0;0;0;0;0;0;0;0;0;0;0;0;0;0;0;0;30;33;20;45;30;29;20;45;30;25;20;45;30;25;20;45;200;228;100;300;200;224;100;300;200;0;100;300;200;0;100;300;30;33;20;45;30;30;20;45;30;26;20;45;30;28;20;45;200;242;100;300;200;241;100;300;200;0;100;300;200;0;100;300;4;2;0.4;6;4;5;0.4;6;4;2;0.4;6;4;6;0.4;6;4;2;0.4;6;4;5;0.4;6;4;2;0.4;6;4;6;0.4;6;NOK;NOK;OK;10000;10049;8000;11000;OK;8.65;0;8;12;NOK;N/A;1.95;N/A;N/A;N/A;9;11.7;7;18;OK;;0;0;0;-;Disabled;TempOk;1;230;117.1;0;0;0;349.9;441543200 volvo 589-1;441543200 volvo 589-1;441543200 volvo 589-1
20260331_19:15:14;26398;3;5;940;935.9;910;970;OK;940;944.8;910;970;OK;948.9;947.1;-20;-17.2;-50;-25;NOK;-20;-17.7;-50;-25;NOK;-18.9;-18.4;0;-20;-17.1;-50;-25;NOK;330;341;330;500;OK;0;0;N/A;N/A;N/A;N/A;N/A;N/A;N/A;N/A;N/A;N/A;N/A;N/A;N/A;N/A;N/A;N/A;N/A;N/A;N/A;N/A;N/A;N/A;N/A;N/A;N/A;N/A;N/A;N/A;N/A;N/A;N/A;N/A;N/A;N/A;N/A;N/A;N/A;N/A;N/A;N/A;N/A;N/A;N/A;N/A;N/A;N/A;N/A;N/A;N/A;N/A;N/A;N/A;N/A;N/A;N/A;N/A;N/A;N/A;N/A;N/A;N/A;N/A;N/A;N/A;N/A;N/A;N/A;N/A;N/A;N/A;N/A;N/A;N/A;N/A;N/A;N/A;N/A;N/A;N/A;N/A;N/A;N/A;N/A;N/A;N/A;N/A;N/A;N/A;N/A;N/A;N/A;N/A;N/A;N/A;N/A;N/A;N/A;N/A;;0;423.5;0;0;;Disabled;TempStop;1;700;426.4;0;0;0;549.9;449.9;Enabled;PosOk;1;0;0;0;0;0;15;Disabled;0;0;0;0;0;0;0;0;0;0;0;0;0;0;0;0;0;0;0;0;0;0;0;0;0;0;0;0;0;0;0;0;0;0;0;0;0;0;0;0;0;0;0;0;0;0;0;0;0;0;0;0;0;0;0;0;0;0;0;0;0;0;0;0;0;0;0;0;0;0;30;33;20;45;30;30;20;45;30;25;20;45;30;25;20;45;200;227;100;300;200;224;100;300;200;0;100;300;200;0;100;300;30;33;20;45;30;30;20;45;30;26;20;45;30;28;20;45;200;242;100;300;200;240;100;300;200;0;100;300;200;0;100;300;4;2;0.4;6;4;5;0.4;6;4;2;0.4;6;4;5;0.4;6;4;2;0.4;6;4;6;0.4;6;4;2;0.4;6;4;5;0.4;6;NOK;NOK;OK;10000;10050;8000;11000;OK;8.65;0;8;12;NOK;N/A;1.95;N/A;N/A;N/A;9;11.6;7;18;OK;;0;0;0;-;Disabled;TempOk;1;230;108.5;0;0;0;349.9;441543200 volvo 589-1;441543200 volvo 589-1;441543200 volvo 589-1
20260331_19:15:43;26399;2;5;940;931;910;970;OK;940;940.9;910;970;OK;941.7;941.6;-15;-14.8;-50;-20;NOK;-15;-15.2;-50;-20;NOK;-15.7;-16;0;-15;-14.7;-50;-20;NOK;330;341;330;500;OK;0;0;N/A;N/A;N/A;N/A;N/A;N/A;N/A;N/A;N/A;N/A;N/A;N/A;N/A;N/A;N/A;N/A;N/A;N/A;N/A;N/A;N/A;N/A;N/A;N/A;N/A;N/A;N/A;N/A;N/A;N/A;N/A;N/A;N/A;N/A;N/A;N/A;N/A;N/A;N/A;N/A;N/A;N/A;N/A;N/A;N/A;N/A;N/A;N/A;N/A;N/A;N/A;N/A;N/A;N/A;N/A;N/A;N/A;N/A;N/A;N/A;N/A;N/A;N/A;N/A;N/A;N/A;N/A;N/A;N/A;N/A;N/A;N/A;N/A;N/A;N/A;N/A;N/A;N/A;N/A;N/A;N/A;N/A;N/A;N/A;N/A;N/A;N/A;N/A;N/A;N/A;N/A;N/A;N/A;N/A;N/A;N/A;N/A;N/A;;0;428.7;0;0;;Disabled;TempStop;1;700;431.7;0;0;0;549.9;449.9;Enabled;PosOk;1;0;0;0;0;0;15;Disabled;0;0;0;0;0;0;0;0;0;0;0;0;0;0;0;0;0;0;0;0;0;0;0;0;0;0;0;0;0;0;0;0;0;0;0;0;0;0;0;0;0;0;0;0;0;0;0;0;0;0;0;0;0;0;0;0;0;0;0;0;0;0;0;0;0;0;0;0;0;0;30;33;20;45;30;30;20;45;30;25;20;45;30;25;20;45;200;228;100;300;200;224;100;300;200;0;100;300;200;0;100;300;30;33;20;45;30;30;20;45;30;26;20;45;30;28;20;45;200;243;100;300;200;240;100;300;200;0;100;300;200;0;100;300;4;2;0.4;6;4;5;0.4;6;4;2;0.4;6;4;5;0.4;6;4;2;0.4;6;4;5;0.4;6;4;2;0.4;6;4;6;0.4;6;NOK;NOK;OK;10000;10060;8000;11000;OK;8.66;0;8;12;NOK;N/A;1.95;N/A;N/A;N/A;9;11.7;7;18;OK;;0;0;0;-;Disabled;TempOk;1;230;113.6;0;0;0;349.9;441543200 volvo 589-1;441543200 volvo 589-1;441543200 volvo 589-1
20260331_19:16:12;26400;1;2;940;926.5;910;970;OK;940;938.3;910;970;OK;937.4;938.3;-20;-18.7;-50;-25;NOK;-20;-18.3;-50;-25;NOK;-17.2;-17.7;0;-20;-18.7;-50;-25;NOK;330;341;330;500;OK;0;0;N/A;N/A;N/A;N/A;N/A;N/A;N/A;N/A;N/A;N/A;N/A;N/A;N/A;N/A;N/A;N/A;N/A;N/A;N/A;N/A;N/A;N/A;N/A;N/A;N/A;N/A;N/A;N/A;N/A;N/A;N/A;N/A;N/A;N/A;N/A;N/A;N/A;N/A;N/A;N/A;N/A;N/A;N/A;N/A;N/A;N/A;N/A;N/A;N/A;N/A;N/A;N/A;N/A;N/A;N/A;N/A;N/A;N/A;N/A;N/A;N/A;N/A;N/A;N/A;N/A;N/A;N/A;N/A;N/A;N/A;N/A;N/A;N/A;N/A;N/A;N/A;N/A;N/A;N/A;N/A;N/A;N/A;N/A;N/A;N/A;N/A;N/A;N/A;N/A;N/A;N/A;N/A;N/A;N/A;N/A;N/A;N/A;N/A;;0;419.7;0;0;;Disabled;TempStop;1;700;422.3;0;0;0;549.9;449.9;Enabled;PosOk;1;0;0;0;0;0;15;Disabled;0;0;0;0;0;0;0;0;0;0;0;0;0;0;0;0;0;0;0;0;0;0;0;0;0;0;0;0;0;0;0;0;0;0;0;0;0;0;0;0;0;0;0;0;0;0;0;0;0;0;0;0;0;0;0;0;0;0;0;0;0;0;0;0;0;0;0;0;0;0;30;33;20;45;30;30;20;45;30;26;20;45;30;25;20;45;200;228;100;300;200;225;100;300;200;0;100;300;200;0;100;300;30;33;20;45;30;30;20;45;30;26;20;45;30;28;20;45;200;243;100;300;200;241;100;300;200;0;100;300;200;0;100;300;4;2;0.4;6;4;5;0.4;6;4;2;0.4;6;4;6;0.4;6;4;2;0.4;6;4;6;0.4;6;4;2;0.4;6;4;6;0.4;6;NOK;NOK;OK;10000;10055;8000;11000;OK;8.67;0;8;12;NOK;N/A;1.96;N/A;N/A;N/A;9;11.2;7;18;OK;;0;0;0;-;Disabled;TempOk;1;230;115.9;0;0;0;349.9;441543200 volvo 589-1;441543200 volvo 589-1;441543200 volvo 589-1
20260331_19:16:42;26401;2;2;940;933.3;910;970;OK;940;941.9;910;970;OK;942.6;940.2;-15;-18.5;-50;-20;NOK;-15;-17.8;-50;-20;NOK;-17.3;-17.5;0;-15;-18.5;-50;-20;NOK;330;341;330;500;OK;0;0;N/A;N/A;N/A;N/A;N/A;N/A;N/A;N/A;N/A;N/A;N/A;N/A;N/A;N/A;N/A;N/A;N/A;N/A;N/A;N/A;N/A;N/A;N/A;N/A;N/A;N/A;N/A;N/A;N/A;N/A;N/A;N/A;N/A;N/A;N/A;N/A;N/A;N/A;N/A;N/A;N/A;N/A;N/A;N/A;N/A;N/A;N/A;N/A;N/A;N/A;N/A;N/A;N/A;N/A;N/A;N/A;N/A;N/A;N/A;N/A;N/A;N/A;N/A;N/A;N/A;N/A;N/A;N/A;N/A;N/A;N/A;N/A;N/A;N/A;N/A;N/A;N/A;N/A;N/A;N/A;N/A;N/A;N/A;N/A;N/A;N/A;N/A;N/A;N/A;N/A;N/A;N/A;N/A;N/A;N/A;N/A;N/A;N/A;;0;427.4;0;0;;Disabled;TempStop;1;700;430.3;0;0;0;549.9;449.9;Enabled;PosOk;1;0;0;0;0;0;15;Disabled;0;0;0;0;0;0;0;0;0;0;0;0;0;0;0;0;0;0;0;0;0;0;0;0;0;0;0;0;0;0;0;0;0;0;0;0;0;0;0;0;0;0;0;0;0;0;0;0;0;0;0;0;0;0;0;0;0;0;0;0;0;0;0;0;0;0;0;0;0;0;30;33;20;45;30;30;20;45;30;25;20;45;30;25;20;45;200;227;100;300;200;225;100;300;200;0;100;300;200;0;100;300;30;33;20;45;30;30;20;45;30;26;20;45;30;28;20;45;200;243;100;300;200;240;100;300;200;0;100;300;200;0;100;300;4;2;0.4;6;4;5;0.4;6;4;2;0.4;6;4;5;0.4;6;4;2;0.4;6;4;6;0.4;6;4;2;0.4;6;4;5;0.4;6;NOK;NOK;OK;10000;10056;8000;11000;OK;8.66;0;8;12;NOK;N/A;1.96;N/A;N/A;N/A;9;11.6;7;18;OK;;0;0;0;-;Disabled;TempOk;1;230;109.5;0;0;0;349.9;441543200 volvo 589-1;441543200 volvo 589-1;441543200 volvo 589-1
20260331_19:17:11;26402;1;3;940;934;910;970;OK;940;943.5;910;970;OK;945.2;944.1;-20;-18;-50;-25;NOK;-20;-18.8;-50;-25;NOK;-18.9;-19.5;0;-20;-17.9;-50;-25;NOK;330;341;330;500;OK;0;0;N/A;N/A;N/A;N/A;N/A;N/A;N/A;N/A;N/A;N/A;N/A;N/A;N/A;N/A;N/A;N/A;N/A;N/A;N/A;N/A;N/A;N/A;N/A;N/A;N/A;N/A;N/A;N/A;N/A;N/A;N/A;N/A;N/A;N/A;N/A;N/A;N/A;N/A;N/A;N/A;N/A;N/A;N/A;N/A;N/A;N/A;N/A;N/A;N/A;N/A;N/A;N/A;N/A;N/A;N/A;N/A;N/A;N/A;N/A;N/A;N/A;N/A;N/A;N/A;N/A;N/A;N/A;N/A;N/A;N/A;N/A;N/A;N/A;N/A;N/A;N/A;N/A;N/A;N/A;N/A;N/A;N/A;N/A;N/A;N/A;N/A;N/A;N/A;N/A;N/A;N/A;N/A;N/A;N/A;N/A;N/A;N/A;N/A;;0;428.4;0;0;;Disabled;TempStop;1;700;431.2;0;0;0;549.9;449.9;Enabled;PosOk;1;0;0;0;0;0;15;Disabled;0;0;0;0;0;0;0;0;0;0;0;0;0;0;0;0;0;0;0;0;0;0;0;0;0;0;0;0;0;0;0;0;0;0;0;0;0;0;0;0;0;0;0;0;0;0;0;0;0;0;0;0;0;0;0;0;0;0;0;0;0;0;0;0;0;0;0;0;16;42;30;33;20;45;30;29;20;45;30;25;20;45;30;25;20;45;200;227;100;300;200;224;100;300;200;0;100;300;200;0;100;300;30;33;20;45;30;29;20;45;30;26;20;45;30;28;20;45;200;243;100;300;200;241;100;300;200;0;100;300;200;0;100;300;4;2;0.4;6;4;5;0.4;6;4;2;0.4;6;4;5;0.4;6;4;2;0.4;6;4;5;0.4;6;4;2;0.4;6;4;6;0.4;6;NOK;NOK;OK;10000;10059;8000;11000;OK;8.66;0;8;12;NOK;N/A;1.95;N/A;N/A;N/A;9;10.7;7;18;OK;;0;0;0;-;Disabled;TempOk;1;230;112.6;0;0;0;349.9;441543200 volvo 589-1;441543200 volvo 589-1;441543200 volvo 589-1
20260331_19:17:41;26403;4;2;940;937.5;910;970;OK;940;947.9;910;970;OK;947.4;947.6;-15;-14.1;-50;-5;OK;-15;-14.9;-50;-5;OK;-15.7;-15.4;0;-15;-14.1;-50;-5;OK;330;341;330;500;OK;255.91;256.38;N/A;N/A;N/A;N/A;N/A;N/A;N/A;N/A;N/A;N/A;N/A;N/A;N/A;N/A;N/A;N/A;N/A;N/A;N/A;N/A;N/A;N/A;N/A;N/A;N/A;N/A;N/A;N/A;N/A;N/A;N/A;N/A;N/A;N/A;N/A;N/A;N/A;N/A;N/A;N/A;N/A;N/A;N/A;N/A;N/A;N/A;N/A;N/A;N/A;N/A;N/A;N/A;N/A;N/A;N/A;N/A;N/A;N/A;N/A;N/A;N/A;N/A;N/A;N/A;N/A;N/A;N/A;N/A;N/A;N/A;N/A;N/A;N/A;N/A;N/A;N/A;N/A;N/A;N/A;N/A;N/A;N/A;N/A;N/A;N/A;N/A;N/A;N/A;N/A;N/A;N/A;N/A;N/A;N/A;N/A;N/A;N/A;N/A;;0;433.7;0;0;;Disabled;TempStop;1;700;436.4;0;0;0;549.9;449.9;Enabled;PosOk;1;0;0;0;0;0;15;Disabled;0;0;0;0;0;0;0;0;0;0;0;0;0;0;0;0;0;0;0;0;0;0;0;0;0;0;0;0;0;0;0;0;0;0;0;0;0;0;0;0;0;0;0;0;0;0;0;0;0;0;0;0;0;0;0;0;0;0;0;0;0;0;0;0;0;0;0;0;0;0;30;33;20;45;30;29;20;45;30;25;20;45;30;25;20;45;200;228;100;300;200;224;100;300;200;0;100;300;200;0;100;300;30;33;20;45;30;29;20;45;30;26;20;45;30;28;20;45;200;242;100;300;200;240;100;300;200;0;100;300;200;0;100;300;4;2;0.4;6;4;5;0.4;6;4;2;0.4;6;4;5;0.4;6;4;2;0.4;6;4;5;0.4;6;4;2;0.4;6;4;5;0.4;6;NOK;NOK;OK;10000;10033;8000;11000;OK;8.64;0;8;12;NOK;N/A;1.96;N/A;N/A;N/A;9;11.7;7;18;OK;;0;0;0;-;Disabled;TempOk;1;230;107.3;0;0;0;349.9;441543200 volvo 589-1;441543200 volvo 589-1;441543200 volvo 589-1
20260331_19:18:10;26404;3;3;940;933.4;910;970;OK;940;942.4;910;970;OK;943.4;942.7;-20;-19.3;-50;-25;NOK;-20;-18.7;-50;-25;NOK;-18.2;-18.3;0;-20;-19.4;-50;-25;NOK;330;341;330;500;OK;0;0;N/A;N/A;N/A;N/A;N/A;N/A;N/A;N/A;N/A;N/A;N/A;N/A;N/A;N/A;N/A;N/A;N/A;N/A;N/A;N/A;N/A;N/A;N/A;N/A;N/A;N/A;N/A;N/A;N/A;N/A;N/A;N/A;N/A;N/A;N/A;N/A;N/A;N/A;N/A;N/A;N/A;N/A;N/A;N/A;N/A;N/A;N/A;N/A;N/A;N/A;N/A;N/A;N/A;N/A;N/A;N/A;N/A;N/A;N/A;N/A;N/A;N/A;N/A;N/A;N/A;N/A;N/A;N/A;N/A;N/A;N/A;N/A;N/A;N/A;N/A;N/A;N/A;N/A;N/A;N/A;N/A;N/A;N/A;N/A;N/A;N/A;N/A;N/A;N/A;N/A;N/A;N/A;N/A;N/A;N/A;N/A;N/A;N/A;;0;426.8;0;0;;Disabled;TempStop;1;700;429.7;0;0;0;549.9;449.9;Enabled;PosOk;1;0;0;0;0;0;15;Disabled;0;0;0;0;0;0;0;0;0;0;0;0;0;0;0;0;0;0;0;0;0;0;0;0;0;0;0;0;0;0;0;0;0;0;0;0;0;0;0;0;0;0;0;0;0;0;0;0;0;0;0;0;0;0;0;0;0;0;0;0;0;0;0;0;0;0;0;0;0;0;30;33;20;45;30;30;20;45;30;25;20;45;30;25;20;45;200;228;100;300;200;224;100;300;200;0;100;300;200;0;100;300;30;33;20;45;30;30;20;45;30;26;20;45;30;28;20;45;200;242;100;300;200;240;100;300;200;0;100;300;200;0;100;300;4;2;0.4;6;4;5;0.4;6;4;2;0.4;6;4;5;0.4;6;4;2;0.4;6;4;6;0.4;6;4;2;0.4;6;4;6;0.4;6;NOK;NOK;OK;10000;10022;8000;11000;OK;8.63;0;8;12;NOK;N/A;1.95;N/A;N/A;N/A;9;11.7;7;18;OK;;0;0;0;-;Disabled;TempOk;1;230;112.2;0;0;0;349.9;441543200 volvo 589-1;441543200 volvo 589-1;441543200 volvo 589-1
20260331_19:18:40;26405;4;3;940;940.2;910;970;OK;940;949.3;910;970;OK;949.1;948.9;-15;-15.1;-50;-5;OK;-15;-16;-50;-5;OK;-16.2;-16.4;0;-15;-15;-50;-5;OK;330;341;330;500;OK;256.01;256.48;N/A;N/A;N/A;N/A;N/A;N/A;N/A;N/A;N/A;N/A;N/A;N/A;N/A;N/A;N/A;N/A;N/A;N/A;N/A;N/A;N/A;N/A;N/A;N/A;N/A;N/A;N/A;N/A;N/A;N/A;N/A;N/A;N/A;N/A;N/A;N/A;N/A;N/A;N/A;N/A;N/A;N/A;N/A;N/A;N/A;N/A;N/A;N/A;N/A;N/A;N/A;N/A;N/A;N/A;N/A;N/A;N/A;N/A;N/A;N/A;N/A;N/A;N/A;N/A;N/A;N/A;N/A;N/A;N/A;N/A;N/A;N/A;N/A;N/A;N/A;N/A;N/A;N/A;N/A;N/A;N/A;N/A;N/A;N/A;N/A;N/A;N/A;N/A;N/A;N/A;N/A;N/A;N/A;N/A;N/A;N/A;N/A;N/A;;0;419;0;0;;Disabled;TempStop;1;700;421.6;0;0;0;549.9;449.9;Enabled;PosOk;1;0;0;0;0;0;15;Disabled;0;0;0;0;0;0;0;0;0;0;0;0;0;0;0;0;0;0;0;0;0;0;0;0;0;0;0;0;0;0;0;0;0;0;0;0;0;0;0;0;0;0;0;0;0;0;0;0;0;0;0;0;0;0;0;0;0;0;0;0;0;0;0;0;0;0;0;0;0;0;30;33;20;45;30;30;20;45;30;25;20;45;30;25;20;45;200;228;100;300;200;225;100;300;200;0;100;300;200;0;100;300;30;33;20;45;30;30;20;45;30;26;20;45;30;28;20;45;200;242;100;300;200;240;100;300;200;0;100;300;200;0;100;300;4;2;0.4;6;4;5;0.4;6;4;2;0.4;6;4;5;0.4;6;4;2;0.4;6;4;5;0.4;6;4;2;0.4;6;4;5;0.4;6;NOK;NOK;OK;10000;10023;8000;11000;OK;8.62;0;8;12;NOK;N/A;1.95;N/A;N/A;N/A;9;11.7;7;18;OK;;0;0;0;-;Disabled;TempOk;1;230;117.6;0;0;0;349.9;441543200 volvo 589-1;441543200 volvo 589-1;441543200 volvo 589-1
20260331_19:19:09;26406;1;4;940;934.9;910;970;OK;940;941.1;910;970;OK;941;941.2;-20;-12.1;-50;-25;NOK;-20;-12;-50;-25;NOK;-16.8;-14.4;0;-20;-12.1;-50;-25;NOK;330;341;330;500;OK;0;0;N/A;N/A;N/A;N/A;N/A;N/A;N/A;N/A;N/A;N/A;N/A;N/A;N/A;N/A;N/A;N/A;N/A;N/A;N/A;N/A;N/A;N/A;N/A;N/A;N/A;N/A;N/A;N/A;N/A;N/A;N/A;N/A;N/A;N/A;N/A;N/A;N/A;N/A;N/A;N/A;N/A;N/A;N/A;N/A;N/A;N/A;N/A;N/A;N/A;N/A;N/A;N/A;N/A;N/A;N/A;N/A;N/A;N/A;N/A;N/A;N/A;N/A;N/A;N/A;N/A;N/A;N/A;N/A;N/A;N/A;N/A;N/A;N/A;N/A;N/A;N/A;N/A;N/A;N/A;N/A;N/A;N/A;N/A;N/A;N/A;N/A;N/A;N/A;N/A;N/A;N/A;N/A;N/A;N/A;N/A;N/A;N/A;N/A;;0;427.3;0;0;;Disabled;TempStop;1;700;429.9;0;0;0;549.9;449.9;Enabled;PosOk;1;0;0;0;0;0;15;Disabled;0;0;0;0;0;0;0;0;0;0;0;0;0;0;0;0;0;0;0;0;0;0;0;0;0;0;0;0;0;0;0;0;0;0;0;0;0;0;0;0;0;0;0;0;0;0;0;0;0;0;0;0;0;0;0;0;0;0;0;0;0;0;0;0;0;0;0;0;18;40;30;33;20;45;30;30;20;45;30;25;20;45;30;25;20;45;200;227;100;300;200;225;100;300;200;0;100;300;200;0;100;300;30;33;20;45;30;30;20;45;30;26;20;45;30;28;20;45;200;243;100;300;200;241;100;300;200;0;100;300;200;0;100;300;4;2;0.4;6;4;5;0.4;6;4;2;0.4;6;4;5;0.4;6;4;2;0.4;6;4;5;0.4;6;4;2;0.4;6;4;6;0.4;6;NOK;NOK;OK;10000;10050;8000;11000;OK;8.65;0;8;12;NOK;N/A;1.95;N/A;N/A;N/A;9;11.2;7;18;OK;;0;0;0;-;Disabled;TempOk;1;230;112.1;0;0;0;349.9;441543200 volvo 589-1;441543200 volvo 589-1;441543200 volvo 589-1
20260331_19:19:38;26407;2;4;940;934.2;910;970;OK;940;944.8;910;970;OK;945.3;944.9;-15;-19.6;-50;-20;NOK;-15;-19.3;-50;-20;NOK;-19.3;-19.3;0;-15;-19.6;-50;-20;NOK;330;341;330;500;OK;0;0;N/A;N/A;N/A;N/A;N/A;N/A;N/A;N/A;N/A;N/A;N/A;N/A;N/A;N/A;N/A;N/A;N/A;N/A;N/A;N/A;N/A;N/A;N/A;N/A;N/A;N/A;N/A;N/A;N/A;N/A;N/A;N/A;N/A;N/A;N/A;N/A;N/A;N/A;N/A;N/A;N/A;N/A;N/A;N/A;N/A;N/A;N/A;N/A;N/A;N/A;N/A;N/A;N/A;N/A;N/A;N/A;N/A;N/A;N/A;N/A;N/A;N/A;N/A;N/A;N/A;N/A;N/A;N/A;N/A;N/A;N/A;N/A;N/A;N/A;N/A;N/A;N/A;N/A;N/A;N/A;N/A;N/A;N/A;N/A;N/A;N/A;N/A;N/A;N/A;N/A;N/A;N/A;N/A;N/A;N/A;N/A;N/A;N/A;;0;424.6;0;0;;Disabled;TempStop;1;700;427.3;0;0;0;549.9;449.9;Enabled;PosOk;1;0;0;0;0;0;15;Disabled;0;0;0;0;0;0;0;0;0;0;0;0;0;0;0;0;0;0;0;0;0;0;0;0;0;0;0;0;0;0;0;0;0;0;0;0;0;0;0;0;0;0;0;0;0;0;0;0;0;0;0;0;0;0;0;0;0;0;0;0;0;0;0;0;0;0;0;0;0;0;30;33;20;45;30;30;20;45;30;26;20;45;30;25;20;45;200;227;100;300;200;225;100;300;200;0;100;300;200;0;100;300;30;33;20;45;30;30;20;45;30;26;20;45;30;28;20;45;200;243;100;300;200;240;100;300;200;0;100;300;200;0;100;300;4;2;0.4;6;4;5;0.4;6;4;2;0.4;6;4;6;0.4;6;4;2;0.4;6;4;5;0.4;6;4;2;0.4;6;4;6;0.4;6;NOK;NOK;OK;10000;10044;8000;11000;OK;8.64;0;8;12;NOK;N/A;1.95;N/A;N/A;N/A;9;11.8;7;18;OK;;0;0;0;-;Disabled;TempOk;1;230;111.6;0;0;0;349.9;441543200 volvo 589-1;441543200 volvo 589-1;441543200 volvo 589-1
20260331_19:20:08;26408;3;4;940;936.1;910;970;OK;940;945.9;910;970;OK;946.3;946;-20;-14.7;-50;-25;NOK;-20;-15.7;-50;-25;NOK;-20.3;-18.8;0;-20;-14.6;-50;-25;NOK;330;341;330;500;OK;0;0;N/A;N/A;N/A;N/A;N/A;N/A;N/A;N/A;N/A;N/A;N/A;N/A;N/A;N/A;N/A;N/A;N/A;N/A;N/A;N/A;N/A;N/A;N/A;N/A;N/A;N/A;N/A;N/A;N/A;N/A;N/A;N/A;N/A;N/A;N/A;N/A;N/A;N/A;N/A;N/A;N/A;N/A;N/A;N/A;N/A;N/A;N/A;N/A;N/A;N/A;N/A;N/A;N/A;N/A;N/A;N/A;N/A;N/A;N/A;N/A;N/A;N/A;N/A;N/A;N/A;N/A;N/A;N/A;N/A;N/A;N/A;N/A;N/A;N/A;N/A;N/A;N/A;N/A;N/A;N/A;N/A;N/A;N/A;N/A;N/A;N/A;N/A;N/A;N/A;N/A;N/A;N/A;N/A;N/A;N/A;N/A;N/A;N/A;;0;423.6;0;0;;Disabled;TempStop;1;700;426.6;0;0;0;549.9;449.9;Enabled;PosOk;1;0;0;0;0;0;15;Disabled;0;0;0;0;0;0;0;0;0;0;0;0;0;0;0;0;0;0;0;0;0;0;0;0;0;0;0;0;0;0;0;0;0;0;0;0;0;0;0;0;0;0;0;0;0;0;0;0;0;0;0;0;0;0;0;0;0;0;0;0;0;0;0;0;0;0;0;0;0;0;30;33;20;45;30;29;20;45;30;26;20;45;30;25;20;45;200;228;100;300;200;224;100;300;200;0;100;300;200;0;100;300;30;33;20;45;30;29;20;45;30;26;20;45;30;28;20;45;200;243;100;300;200;240;100;300;200;0;100;300;200;1;100;300;4;2;0.4;6;4;5;0.4;6;4;2;0.4;6;4;5;0.4;6;4;2;0.4;6;4;5;0.4;6;4;2;0.4;6;4;5;0.4;6;NOK;NOK;OK;10000;10032;8000;11000;OK;8.64;0;8;12;NOK;N/A;1.95;N/A;N/A;N/A;9;11.2;7;18;OK;;0;0;0;-;Disabled;TempOk;1;230;112.2;0;0;0;349.9;441543200 volvo 589-1;441543200 volvo 589-1;441543200 volvo 589-1
20260331_19:20:37;26409;4;4;940;930.7;910;970;OK;940;952.5;910;970;OK;952;952.1;-15;-9.5;-50;-5;OK;-15;-8.7;-50;-5;OK;-11.1;-7.5;0;-15;-9.7;-50;-5;OK;330;341;330;500;OK;256.18;256.65;N/A;N/A;N/A;N/A;N/A;N/A;N/A;N/A;N/A;N/A;N/A;N/A;N/A;N/A;N/A;N/A;N/A;N/A;N/A;N/A;N/A;N/A;N/A;N/A;N/A;N/A;N/A;N/A;N/A;N/A;N/A;N/A;N/A;N/A;N/A;N/A;N/A;N/A;N/A;N/A;N/A;N/A;N/A;N/A;N/A;N/A;N/A;N/A;N/A;N/A;N/A;N/A;N/A;N/A;N/A;N/A;N/A;N/A;N/A;N/A;N/A;N/A;N/A;N/A;N/A;N/A;N/A;N/A;N/A;N/A;N/A;N/A;N/A;N/A;N/A;N/A;N/A;N/A;N/A;N/A;N/A;N/A;N/A;N/A;N/A;N/A;N/A;N/A;N/A;N/A;N/A;N/A;N/A;N/A;N/A;N/A;N/A;N/A;;0;410.6;0;0;;Disabled;TempStop;1;700;413.6;0;0;0;549.9;449.9;Enabled;PosOk;1;0;0;0;0;0;15;Disabled;0;0;0;0;0;0;0;0;0;0;0;0;0;0;0;0;0;0;0;0;0;0;0;0;0;0;0;0;0;0;0;0;0;0;0;0;0;0;0;0;0;0;0;0;0;0;0;0;0;0;0;0;0;0;0;0;0;0;0;0;0;0;0;0;0;0;0;0;0;0;30;33;20;45;30;29;20;45;30;25;20;45;30;25;20;45;200;228;100;300;200;224;100;300;200;0;100;300;200;0;100;300;30;33;20;45;30;29;20;45;30;26;20;45;30;27;20;45;200;243;100;300;200;240;100;300;200;0;100;300;200;0;100;300;4;2;0.4;6;4;5;0.4;6;4;2;0.4;6;4;5;0.4;6;4;2;0.4;6;4;6;0.4;6;4;2;0.4;6;4;6;0.4;6;NOK;NOK;OK;10000;10021;8000;11000;OK;8.63;0;8;12;NOK;N/A;1.95;N/A;N/A;N/A;9;11.6;7;18;OK;;0;0;0;-;Disabled;TempOk;1;230;117.4;0;0;0;349.9;441543200 volvo 589-1;441543200 volvo 589-1;441543200 volvo 589-1
20260331_19:21:07;26410;3;5;940;940.3;910;970;OK;940;948.2;910;970;OK;951.4;949.9;-20;-17.1;-50;-25;NOK;-20;-18;-50;-25;NOK;-18.8;-18.6;0;-20;-17;-50;-25;NOK;330;341;330;500;OK;0;0;N/A;N/A;N/A;N/A;N/A;N/A;N/A;N/A;N/A;N/A;N/A;N/A;N/A;N/A;N/A;N/A;N/A;N/A;N/A;N/A;N/A;N/A;N/A;N/A;N/A;N/A;N/A;N/A;N/A;N/A;N/A;N/A;N/A;N/A;N/A;N/A;N/A;N/A;N/A;N/A;N/A;N/A;N/A;N/A;N/A;N/A;N/A;N/A;N/A;N/A;N/A;N/A;N/A;N/A;N/A;N/A;N/A;N/A;N/A;N/A;N/A;N/A;N/A;N/A;N/A;N/A;N/A;N/A;N/A;N/A;N/A;N/A;N/A;N/A;N/A;N/A;N/A;N/A;N/A;N/A;N/A;N/A;N/A;N/A;N/A;N/A;N/A;N/A;N/A;N/A;N/A;N/A;N/A;N/A;N/A;N/A;N/A;N/A;;0;431.6;0;0;;Disabled;TempStop;1;700;434;0;0;0;549.9;449.9;Enabled;PosOk;1;0;0;0;0;0;15;Disabled;0;0;0;0;0;0;0;0;0;0;0;0;0;0;0;0;0;0;0;0;0;0;0;0;0;0;0;0;0;0;0;0;0;0;0;0;0;0;0;0;0;0;0;0;0;0;0;0;0;0;0;0;0;0;0;0;0;0;0;0;0;0;0;0;0;0;0;0;0;0;30;33;20;45;30;29;20;45;30;25;20;45;30;26;20;45;200;228;100;300;200;225;100;300;200;0;100;300;200;0;100;300;30;33;20;45;30;29;20;45;30;26;20;45;30;28;20;45;200;243;100;300;200;240;100;300;200;0;100;300;200;0;100;300;4;2;0.4;6;4;5;0.4;6;4;2;0.4;6;4;6;0.4;6;4;2;0.4;6;4;5;0.4;6;4;2;0.4;6;4;6;0.4;6;NOK;NOK;OK;10000;10057;8000;11000;OK;8.66;0;8;12;NOK;N/A;1.95;N/A;N/A;N/A;9;11.8;7;18;OK;;0;0;0;-;Disabled;TempOk;1;230;109.4;0;0;0;349.9;441543200 volvo 589-1;441543200 volvo 589-1;441543200 volvo 589-1
20260331_19:21:36;26411;2;5;940;932.8;910;970;OK;940;941.9;910;970;OK;943.1;942;-15;-14.9;-50;-20;NOK;-15;-15.3;-50;-20;NOK;-15.3;-15.6;0;-15;-14.8;-50;-20;NOK;330;341;330;500;OK;0;0;N/A;N/A;N/A;N/A;N/A;N/A;N/A;N/A;N/A;N/A;N/A;N/A;N/A;N/A;N/A;N/A;N/A;N/A;N/A;N/A;N/A;N/A;N/A;N/A;N/A;N/A;N/A;N/A;N/A;N/A;N/A;N/A;N/A;N/A;N/A;N/A;N/A;N/A;N/A;N/A;N/A;N/A;N/A;N/A;N/A;N/A;N/A;N/A;N/A;N/A;N/A;N/A;N/A;N/A;N/A;N/A;N/A;N/A;N/A;N/A;N/A;N/A;N/A;N/A;N/A;N/A;N/A;N/A;N/A;N/A;N/A;N/A;N/A;N/A;N/A;N/A;N/A;N/A;N/A;N/A;N/A;N/A;N/A;N/A;N/A;N/A;N/A;N/A;N/A;N/A;N/A;N/A;N/A;N/A;N/A;N/A;N/A;N/A;;0;429.6;0;0;;Disabled;TempStop;1;700;432.3;0;0;0;549.9;449.9;Enabled;PosOk;1;0;0;0;0;0;15;Disabled;0;0;0;0;0;0;0;0;0;0;0;0;0;0;0;0;0;0;0;0;0;0;0;0;0;0;0;0;0;0;0;0;0;0;0;0;0;0;0;0;0;0;0;0;0;0;0;0;0;0;0;0;0;0;0;0;0;0;0;0;0;0;0;0;0;0;0;0;0;0;30;33;20;45;30;30;20;45;30;25;20;45;30;25;20;45;200;227;100;300;200;225;100;300;200;0;100;300;200;0;100;300;30;33;20;45;30;30;20;45;30;26;20;45;30;28;20;45;200;242;100;300;200;240;100;300;200;0;100;300;200;0;100;300;4;2;0.4;6;4;5;0.4;6;4;2;0.4;6;4;5;0.4;6;4;2;0.4;6;4;6;0.4;6;4;2;0.4;6;4;6;0.4;6;NOK;NOK;OK;10000;10050;8000;11000;OK;8.65;0;8;12;NOK;N/A;1.95;N/A;N/A;N/A;9;11.6;7;18;OK;;0;0;0;-;Disabled;TempOk;1;230;114.6;0;0;0;349.9;441543200 volvo 589-1;441543200 volvo 589-1;441543200 volvo 589-1
20260331_19:22:05;26412;1;2;940;930.3;910;970;OK;940;940.2;910;970;OK;939.8;939.5;-20;-18.5;-50;-25;NOK;-20;-18.3;-50;-25;NOK;-17.1;-17.6;0;-20;-18.5;-50;-25;NOK;330;341;330;500;OK;0;0;N/A;N/A;N/A;N/A;N/A;N/A;N/A;N/A;N/A;N/A;N/A;N/A;N/A;N/A;N/A;N/A;N/A;N/A;N/A;N/A;N/A;N/A;N/A;N/A;N/A;N/A;N/A;N/A;N/A;N/A;N/A;N/A;N/A;N/A;N/A;N/A;N/A;N/A;N/A;N/A;N/A;N/A;N/A;N/A;N/A;N/A;N/A;N/A;N/A;N/A;N/A;N/A;N/A;N/A;N/A;N/A;N/A;N/A;N/A;N/A;N/A;N/A;N/A;N/A;N/A;N/A;N/A;N/A;N/A;N/A;N/A;N/A;N/A;N/A;N/A;N/A;N/A;N/A;N/A;N/A;N/A;N/A;N/A;N/A;N/A;N/A;N/A;N/A;N/A;N/A;N/A;N/A;N/A;N/A;N/A;N/A;N/A;N/A;;0;420.6;0;0;;Disabled;TempStop;1;700;423.3;0;0;0;549.9;449.9;Enabled;PosOk;1;0;0;0;0;0;15;Disabled;0;0;0;0;0;0;0;0;0;0;0;0;0;0;0;0;0;0;0;0;0;0;0;0;0;0;0;0;0;0;0;0;0;0;0;0;0;0;0;0;0;0;0;0;0;0;0;0;0;0;0;0;0;0;0;0;0;0;0;0;0;0;0;0;0;0;0;0;0;0;30;33;20;45;30;30;20;45;30;25;20;45;30;26;20;45;200;228;100;300;200;224;100;300;200;0;100;300;200;0;100;300;30;33;20;45;30;30;20;45;30;26;20;45;30;28;20;45;200;242;100;300;200;240;100;300;200;0;100;300;200;0;100;300;4;2;0.4;6;4;5;0.4;6;4;2;0.4;6;4;5;0.4;6;4;2;0.4;6;4;5;0.4;6;4;2;0.4;6;4;5;0.4;6;NOK;NOK;OK;10000;10048;8000;11000;OK;8.64;0;8;12;NOK;N/A;1.95;N/A;N/A;N/A;9;10.9;7;18;OK;;0;0;0;-;Disabled;TempOk;1;230;113.5;0;0;0;349.9;441543200 volvo 589-1;441543200 volvo 589-1;441543200 volvo 589-1
20260331_19:22:35;26413;2;2;940;933.3;910;970;OK;940;942.1;910;970;OK;943.6;941.1;-15;-18;-50;-20;NOK;-15;-17.7;-50;-20;NOK;-17.2;-17.4;0;-15;-18;-50;-20;NOK;330;341;330;500;OK;0;0;N/A;N/A;N/A;N/A;N/A;N/A;N/A;N/A;N/A;N/A;N/A;N/A;N/A;N/A;N/A;N/A;N/A;N/A;N/A;N/A;N/A;N/A;N/A;N/A;N/A;N/A;N/A;N/A;N/A;N/A;N/A;N/A;N/A;N/A;N/A;N/A;N/A;N/A;N/A;N/A;N/A;N/A;N/A;N/A;N/A;N/A;N/A;N/A;N/A;N/A;N/A;N/A;N/A;N/A;N/A;N/A;N/A;N/A;N/A;N/A;N/A;N/A;N/A;N/A;N/A;N/A;N/A;N/A;N/A;N/A;N/A;N/A;N/A;N/A;N/A;N/A;N/A;N/A;N/A;N/A;N/A;N/A;N/A;N/A;N/A;N/A;N/A;N/A;N/A;N/A;N/A;N/A;N/A;N/A;N/A;N/A;N/A;N/A;;0;423.8;0;0;;Disabled;TempStop;1;700;426.8;0;0;0;549.9;449.9;Enabled;PosOk;1;0;0;0;0;0;15;Disabled;0;0;0;0;0;0;0;0;0;0;0;0;0;0;0;0;0;0;0;0;0;0;0;0;0;0;0;0;0;0;0;0;0;0;0;0;0;0;0;0;0;0;0;0;0;0;0;0;0;0;0;0;0;0;0;0;0;0;0;0;0;0;0;0;0;0;0;0;0;0;30;33;20;45;30;30;20;45;30;26;20;45;30;25;20;45;200;227;100;300;200;225;100;300;200;1;100;300;200;0;100;300;30;33;20;45;30;30;20;45;30;26;20;45;30;28;20;45;200;242;100;300;200;240;100;300;200;0;100;300;200;0;100;300;4;2;0.4;6;4;5;0.4;6;4;2;0.4;6;4;6;0.4;6;4;2;0.4;6;4;6;0.4;6;4;2;0.4;6;4;6;0.4;6;NOK;NOK;OK;10000;10056;8000;11000;OK;8.65;0;8;12;NOK;N/A;1.95;N/A;N/A;N/A;9;11.5;7;18;OK;;0;0;0;-;Disabled;TempOk;1;230;110.8;0;0;0;349.9;441543200 volvo 589-1;441543200 volvo 589-1;441543200 volvo 589-1
20260331_19:23:04;26414;1;3;940;935.2;910;970;OK;940;946.1;910;970;OK;947.3;946.5;-20;-17.7;-50;-25;NOK;-20;-18.8;-50;-25;NOK;-18.7;-19.5;0;-20;-17.6;-50;-25;NOK;330;341;330;500;OK;0;0;N/A;N/A;N/A;N/A;N/A;N/A;N/A;N/A;N/A;N/A;N/A;N/A;N/A;N/A;N/A;N/A;N/A;N/A;N/A;N/A;N/A;N/A;N/A;N/A;N/A;N/A;N/A;N/A;N/A;N/A;N/A;N/A;N/A;N/A;N/A;N/A;N/A;N/A;N/A;N/A;N/A;N/A;N/A;N/A;N/A;N/A;N/A;N/A;N/A;N/A;N/A;N/A;N/A;N/A;N/A;N/A;N/A;N/A;N/A;N/A;N/A;N/A;N/A;N/A;N/A;N/A;N/A;N/A;N/A;N/A;N/A;N/A;N/A;N/A;N/A;N/A;N/A;N/A;N/A;N/A;N/A;N/A;N/A;N/A;N/A;N/A;N/A;N/A;N/A;N/A;N/A;N/A;N/A;N/A;N/A;N/A;N/A;N/A;;0;427.6;0;0;;Disabled;TempStop;1;700;430.2;0;0;0;549.9;449.9;Enabled;PosOk;1;0;0;0;0;0;15;Disabled;0;0;0;0;0;0;0;0;0;0;0;0;0;0;0;0;0;0;0;0;0;0;0;0;0;0;0;0;0;0;0;0;0;0;0;0;0;0;0;0;0;0;0;0;0;0;0;0;0;0;0;0;0;0;0;0;0;0;0;0;0;0;0;0;0;0;0;0;22;35;30;33;20;45;30;30;20;45;30;26;20;45;30;25;20;45;200;227;100;300;200;224;100;300;200;0;100;300;200;0;100;300;30;33;20;45;30;30;20;45;30;26;20;45;30;28;20;45;200;243;100;300;200;240;100;300;200;0;100;300;200;0;100;300;4;2;0.4;6;4;6;0.4;6;4;2;0.4;6;4;6;0.4;6;4;2;0.4;6;4;6;0.4;6;4;2;0.4;6;4;6;0.4;6;NOK;NOK;OK;10000;10031;8000;11000;OK;8.62;0;8;12;NOK;N/A;1.95;N/A;N/A;N/A;9;10.8;7;18;OK;;0;0;0;-;Disabled;TempOk;1;230;112;0;0;0;349.9;441543200 volvo 589-1;441543200 volvo 589-1;441543200 volvo 589-1
20260331_19:23:34;26415;4;2;940;940.3;910;970;OK;940;950.6;910;970;OK;949.5;950.1;-15;-14.7;-50;-5;OK;-15;-15.3;-50;-5;OK;-15.7;-15.6;0;-15;-14.7;-50;-5;OK;330;341;330;500;OK;256.4;256.87;N/A;N/A;N/A;N/A;N/A;N/A;N/A;N/A;N/A;N/A;N/A;N/A;N/A;N/A;N/A;N/A;N/A;N/A;N/A;N/A;N/A;N/A;N/A;N/A;N/A;N/A;N/A;N/A;N/A;N/A;N/A;N/A;N/A;N/A;N/A;N/A;N/A;N/A;N/A;N/A;N/A;N/A;N/A;N/A;N/A;N/A;N/A;N/A;N/A;N/A;N/A;N/A;N/A;N/A;N/A;N/A;N/A;N/A;N/A;N/A;N/A;N/A;N/A;N/A;N/A;N/A;N/A;N/A;N/A;N/A;N/A;N/A;N/A;N/A;N/A;N/A;N/A;N/A;N/A;N/A;N/A;N/A;N/A;N/A;N/A;N/A;N/A;N/A;N/A;N/A;N/A;N/A;N/A;N/A;N/A;N/A;N/A;N/A;;0;435.2;0;0;;Disabled;TempStop;1;700;438.5;0;0;0;549.9;449.9;Enabled;PosOk;1;0;0;0;0;0;15;Disabled;0;0;0;0;0;0;0;0;0;0;0;0;0;0;0;0;0;0;0;0;0;0;0;0;0;0;0;0;0;0;0;0;0;0;0;0;0;0;0;0;0;0;0;0;0;0;0;0;0;0;0;0;0;0;0;0;0;0;0;0;0;0;0;0;0;0;0;0;0;0;30;33;20;45;30;29;20;45;30;25;20;45;30;25;20;45;200;228;100;300;200;224;100;300;200;0;100;300;200;0;100;300;30;33;20;45;30;29;20;45;30;26;20;45;30;28;20;45;200;242;100;300;200;240;100;300;200;0;100;300;200;0;100;300;4;2;0.4;6;4;5;0.4;6;4;2;0.4;6;4;5;0.4;6;4;2;0.4;6;4;5;0.4;6;4;2;0.4;6;4;6;0.4;6;NOK;NOK;OK;10000;10050;8000;11000;OK;8.65;0;8;12;NOK;N/A;1.95;N/A;N/A;N/A;9;11.7;7;18;OK;;0;0;0;-;Disabled;TempOk;1;230;111.2;0;0;0;349.9;441543200 volvo 589-1;441543200 volvo 589-1;441543200 volvo 589-1
20260331_19:24:03;26416;3;3;940;933.4;910;970;OK;940;944.4;910;970;OK;945.3;944.9;-20;-18.9;-50;-25;NOK;-20;-18.4;-50;-25;NOK;-17.8;-17.9;0;-20;-18.9;-50;-25;NOK;330;341;330;500;OK;0;0;N/A;N/A;N/A;N/A;N/A;N/A;N/A;N/A;N/A;N/A;N/A;N/A;N/A;N/A;N/A;N/A;N/A;N/A;N/A;N/A;N/A;N/A;N/A;N/A;N/A;N/A;N/A;N/A;N/A;N/A;N/A;N/A;N/A;N/A;N/A;N/A;N/A;N/A;N/A;N/A;N/A;N/A;N/A;N/A;N/A;N/A;N/A;N/A;N/A;N/A;N/A;N/A;N/A;N/A;N/A;N/A;N/A;N/A;N/A;N/A;N/A;N/A;N/A;N/A;N/A;N/A;N/A;N/A;N/A;N/A;N/A;N/A;N/A;N/A;N/A;N/A;N/A;N/A;N/A;N/A;N/A;N/A;N/A;N/A;N/A;N/A;N/A;N/A;N/A;N/A;N/A;N/A;N/A;N/A;N/A;N/A;N/A;N/A;;0;417.7;0;0;;Disabled;TempStop;1;700;420.7;0;0;0;549.9;449.9;Enabled;PosOk;1;0;0;0;0;0;15;Disabled;0;0;0;0;0;0;0;0;0;0;0;0;0;0;0;0;0;0;0;0;0;0;0;0;0;0;0;0;0;0;0;0;0;0;0;0;0;0;0;0;0;0;0;0;0;0;0;0;0;0;0;0;0;0;0;0;0;0;0;0;0;0;0;0;0;0;0;0;0;0;30;33;20;45;30;29;20;45;30;26;20;45;30;25;20;45;200;227;100;300;200;224;100;300;200;0;100;300;200;0;100;300;30;33;20;45;30;29;20;45;30;26;20;45;30;28;20;45;200;242;100;300;200;240;100;300;200;0;100;300;200;0;100;300;4;2;0.4;6;4;5;0.4;6;4;2;0.4;6;4;5;0.4;6;4;2;0.4;6;4;5;0.4;6;4;2;0.4;6;4;6;0.4;6;NOK;NOK;OK;10000;10047;8000;11000;OK;8.64;0;8;12;NOK;N/A;1.95;N/A;N/A;N/A;9;11.7;7;18;OK;;0;0;0;-;Disabled;TempOk;1;230;112.6;0;0;0;349.9;441543200 volvo 589-1;441543200 volvo 589-1;441543200 volvo 589-1
20260331_19:24:33;26417;4;3;940;942.6;910;970;OK;940;951.3;910;970;OK;950.9;951;-15;-15.2;-50;-5;OK;-15;-16.5;-50;-5;OK;-16.4;-16.7;0;-15;-15;-50;-5;OK;330;341;330;500;OK;256.5;256.97;N/A;N/A;N/A;N/A;N/A;N/A;N/A;N/A;N/A;N/A;N/A;N/A;N/A;N/A;N/A;N/A;N/A;N/A;N/A;N/A;N/A;N/A;N/A;N/A;N/A;N/A;N/A;N/A;N/A;N/A;N/A;N/A;N/A;N/A;N/A;N/A;N/A;N/A;N/A;N/A;N/A;N/A;N/A;N/A;N/A;N/A;N/A;N/A;N/A;N/A;N/A;N/A;N/A;N/A;N/A;N/A;N/A;N/A;N/A;N/A;N/A;N/A;N/A;N/A;N/A;N/A;N/A;N/A;N/A;N/A;N/A;N/A;N/A;N/A;N/A;N/A;N/A;N/A;N/A;N/A;N/A;N/A;N/A;N/A;N/A;N/A;N/A;N/A;N/A;N/A;N/A;N/A;N/A;N/A;N/A;N/A;N/A;N/A;;0;428.7;0;0;;Disabled;TempStop;1;700;431.7;0;0;0;549.9;449.9;Enabled;PosOk;1;0;0;0;0;0;15;Disabled;0;0;0;0;0;0;0;0;0;0;0;0;0;0;0;0;0;0;0;0;0;0;0;0;0;0;0;0;0;0;0;0;0;0;0;0;0;0;0;0;0;0;0;0;0;0;0;0;0;0;0;0;0;0;0;0;0;0;0;0;0;0;0;0;0;0;0;0;0;0;30;33;20;45;30;30;20;45;30;26;20;45;30;25;20;45;200;227;100;300;200;224;100;300;200;0;100;300;200;0;100;300;30;33;20;45;30;30;20;45;30;26;20;45;30;28;20;45;200;242;100;300;200;240;100;300;200;0;100;300;200;0;100;300;4;2;0.4;6;4;5;0.4;6;4;2;0.4;6;4;5;0.4;6;4;2;0.4;6;4;5;0.4;6;4;2;0.4;6;4;6;0.4;6;NOK;NOK;OK;10000;10037;8000;11000;OK;8.64;0;8;12;NOK;N/A;1.96;N/A;N/A;N/A;9;11.7;7;18;OK;;0;0;0;-;Disabled;TempOk;1;230;114.1;0;0;0;349.9;441543200 volvo 589-1;441543200 volvo 589-1;441543200 volvo 589-1
20260331_19:25:02;26418;1;4;940;934.1;910;970;OK;940;941.5;910;970;OK;941.7;941.3;-20;-11.9;-50;-25;NOK;-20;-11.8;-50;-25;NOK;-16.6;-13.9;0;-20;-11.9;-50;-25;NOK;330;341;330;500;OK;0;0;N/A;N/A;N/A;N/A;N/A;N/A;N/A;N/A;N/A;N/A;N/A;N/A;N/A;N/A;N/A;N/A;N/A;N/A;N/A;N/A;N/A;N/A;N/A;N/A;N/A;N/A;N/A;N/A;N/A;N/A;N/A;N/A;N/A;N/A;N/A;N/A;N/A;N/A;N/A;N/A;N/A;N/A;N/A;N/A;N/A;N/A;N/A;N/A;N/A;N/A;N/A;N/A;N/A;N/A;N/A;N/A;N/A;N/A;N/A;N/A;N/A;N/A;N/A;N/A;N/A;N/A;N/A;N/A;N/A;N/A;N/A;N/A;N/A;N/A;N/A;N/A;N/A;N/A;N/A;N/A;N/A;N/A;N/A;N/A;N/A;N/A;N/A;N/A;N/A;N/A;N/A;N/A;N/A;N/A;N/A;N/A;N/A;N/A;;0;440.1;0;0;;Disabled;TempStop;1;700;443.1;0;0;0;549.9;449.9;Enabled;PosOk;1;0;0;0;0;0;15;Disabled;0;0;0;0;0;0;0;0;0;0;0;0;0;0;0;0;0;0;0;0;0;0;0;0;0;0;0;0;0;0;0;0;0;0;0;0;0;0;0;0;0;0;0;0;0;0;0;0;0;0;0;0;0;0;0;0;0;0;0;0;0;0;0;0;0;0;0;0;24;33;30;33;20;45;30;30;20;45;30;25;20;45;30;25;20;45;200;228;100;300;200;225;100;300;200;0;100;300;200;0;100;300;30;33;20;45;30;30;20;45;30;26;20;45;30;28;20;45;200;242;100;300;200;241;100;300;200;0;100;300;200;0;100;300;4;2;0.4;6;4;5;0.4;6;4;2;0.4;6;4;5;0.4;6;4;2;0.4;6;4;6;0.4;6;4;2;0.4;6;4;6;0.4;6;NOK;NOK;OK;10000;10030;8000;11000;OK;8.62;0;8;12;NOK;N/A;1.95;N/A;N/A;N/A;9;10.9;7;18;OK;;0;0;0;-;Disabled;TempOk;1;230;112;0;0;0;349.9;441543200 volvo 589-1;441543200 volvo 589-1;441543200 volvo 589-1
20260331_19:25:31;26419;2;4;940;935.4;910;970;OK;940;946.5;910;970;OK;946.7;946.5;-15;-19.3;-50;-20;NOK;-15;-19.2;-50;-20;NOK;-18.9;-19.1;0;-15;-19.3;-50;-20;NOK;330;341;330;500;OK;0;0;N/A;N/A;N/A;N/A;N/A;N/A;N/A;N/A;N/A;N/A;N/A;N/A;N/A;N/A;N/A;N/A;N/A;N/A;N/A;N/A;N/A;N/A;N/A;N/A;N/A;N/A;N/A;N/A;N/A;N/A;N/A;N/A;N/A;N/A;N/A;N/A;N/A;N/A;N/A;N/A;N/A;N/A;N/A;N/A;N/A;N/A;N/A;N/A;N/A;N/A;N/A;N/A;N/A;N/A;N/A;N/A;N/A;N/A;N/A;N/A;N/A;N/A;N/A;N/A;N/A;N/A;N/A;N/A;N/A;N/A;N/A;N/A;N/A;N/A;N/A;N/A;N/A;N/A;N/A;N/A;N/A;N/A;N/A;N/A;N/A;N/A;N/A;N/A;N/A;N/A;N/A;N/A;N/A;N/A;N/A;N/A;N/A;N/A;;0;435.9;0;0;;Disabled;TempStop;1;700;438.9;0;0;0;549.9;449.9;Enabled;PosOk;1;0;0;0;0;0;15;Disabled;0;0;0;0;0;0;0;0;0;0;0;0;0;0;0;0;0;0;0;0;0;0;0;0;0;0;0;0;0;0;0;0;0;0;0;0;0;0;0;0;0;0;0;0;0;0;0;0;0;0;0;0;0;0;0;0;0;0;0;0;0;0;0;0;0;0;0;0;0;0;30;33;20;45;30;30;20;45;30;26;20;45;30;26;20;45;200;227;100;300;200;225;100;300;200;0;100;300;200;0;100;300;30;33;20;45;30;30;20;45;30;26;20;45;30;28;20;45;200;243;100;300;200;240;100;300;200;0;100;300;200;0;100;300;4;2;0.4;6;4;5;0.4;6;4;2;0.4;6;4;5;0.4;6;4;2;0.4;6;4;5;0.4;6;4;2;0.4;6;4;5;0.4;6;NOK;NOK;OK;10000;10024;8000;11000;OK;8.62;0;8;12;NOK;N/A;1.95;N/A;N/A;N/A;9;11.2;7;18;OK;;0;0;0;-;Disabled;TempOk;1;230;116;0;0;0;349.9;441543200 volvo 589-1;441543200 volvo 589-1;441543200 volvo 589-1
20260331_19:26:01;26420;3;4;940;938.3;910;970;OK;940;948.3;910;970;OK;948.3;948.2;-20;-15.3;-50;-25;NOK;-20;-15.3;-50;-25;NOK;-20.2;-18.6;0;-20;-15.3;-50;-25;NOK;330;341;330;500;OK;0;0;N/A;N/A;N/A;N/A;N/A;N/A;N/A;N/A;N/A;N/A;N/A;N/A;N/A;N/A;N/A;N/A;N/A;N/A;N/A;N/A;N/A;N/A;N/A;N/A;N/A;N/A;N/A;N/A;N/A;N/A;N/A;N/A;N/A;N/A;N/A;N/A;N/A;N/A;N/A;N/A;N/A;N/A;N/A;N/A;N/A;N/A;N/A;N/A;N/A;N/A;N/A;N/A;N/A;N/A;N/A;N/A;N/A;N/A;N/A;N/A;N/A;N/A;N/A;N/A;N/A;N/A;N/A;N/A;N/A;N/A;N/A;N/A;N/A;N/A;N/A;N/A;N/A;N/A;N/A;N/A;N/A;N/A;N/A;N/A;N/A;N/A;N/A;N/A;N/A;N/A;N/A;N/A;N/A;N/A;N/A;N/A;N/A;N/A;;0;423.3;0;0;;Disabled;TempStop;1;700;426.2;0;0;0;549.9;449.9;Enabled;PosOk;1;0;0;0;0;0;15;Disabled;0;0;0;0;0;0;0;0;0;0;0;0;0;0;0;0;0;0;0;0;0;0;0;0;0;0;0;0;0;0;0;0;0;0;0;0;0;0;0;0;0;0;0;0;0;0;0;0;0;0;0;0;0;0;0;0;0;0;0;0;0;0;0;0;0;0;0;0;0;0;30;33;20;45;30;30;20;45;30;25;20;45;30;25;20;45;200;227;100;300;200;224;100;300;200;0;100;300;200;0;100;300;30;33;20;45;30;30;20;45;30;26;20;45;30;28;20;45;200;243;100;300;200;240;100;300;200;0;100;300;200;0;100;300;4;2;0.4;6;4;5;0.4;6;4;2;0.4;6;4;5;0.4;6;4;2;0.4;6;4;5;0.4;6;4;2;0.4;6;4;6;0.4;6;NOK;NOK;OK;10000;10036;8000;11000;OK;8.64;0;8;12;NOK;N/A;1.95;N/A;N/A;N/A;9;11.7;7;18;OK;;0;0;0;-;Disabled;TempOk;1;230;110.8;0;0;0;349.9;441543200 volvo 589-1;441543200 volvo 589-1;441543200 volvo 589-1
20260331_19:26:30;26421;4;4;940;931.6;910;970;OK;940;954;910;970;OK;953.3;953.6;-15;-9.5;-50;-5;OK;-15;-8.5;-50;-5;OK;-11.3;-7.4;0;-15;-9.7;-50;-5;OK;330;341;330;500;OK;256.67;257.13;N/A;N/A;N/A;N/A;N/A;N/A;N/A;N/A;N/A;N/A;N/A;N/A;N/A;N/A;N/A;N/A;N/A;N/A;N/A;N/A;N/A;N/A;N/A;N/A;N/A;N/A;N/A;N/A;N/A;N/A;N/A;N/A;N/A;N/A;N/A;N/A;N/A;N/A;N/A;N/A;N/A;N/A;N/A;N/A;N/A;N/A;N/A;N/A;N/A;N/A;N/A;N/A;N/A;N/A;N/A;N/A;N/A;N/A;N/A;N/A;N/A;N/A;N/A;N/A;N/A;N/A;N/A;N/A;N/A;N/A;N/A;N/A;N/A;N/A;N/A;N/A;N/A;N/A;N/A;N/A;N/A;N/A;N/A;N/A;N/A;N/A;N/A;N/A;N/A;N/A;N/A;N/A;N/A;N/A;N/A;N/A;N/A;N/A;;0;417.9;0;0;;Disabled;TempStop;1;700;420.8;0;0;0;549.9;449.9;Enabled;PosOk;1;0;0;0;0;0;15;Disabled;0;0;0;0;0;0;0;0;0;0;0;0;0;0;0;0;0;0;0;0;0;0;0;0;0;0;0;0;0;0;0;0;0;0;0;0;0;0;0;0;0;0;0;0;0;0;0;0;0;0;0;0;0;0;0;0;0;0;0;0;0;0;0;0;0;0;0;0;0;0;30;33;20;45;30;29;20;45;30;25;20;45;30;25;20;45;200;228;100;300;200;225;100;300;200;0;100;300;200;0;100;300;30;33;20;45;30;29;20;45;30;26;20;45;30;28;20;45;200;242;100;300;200;240;100;300;200;0;100;300;200;0;100;300;4;2;0.4;6;4;5;0.4;6;4;2;0.4;6;4;5;0.4;6;4;2;0.4;6;4;6;0.4;6;4;2;0.4;6;4;6;0.4;6;NOK;NOK;OK;10000;10042;8000;11000;OK;8.64;0;8;12;NOK;N/A;1.95;N/A;N/A;N/A;9;11.8;7;18;OK;;0;0;0;-;Disabled;TempOk;1;230;119.1;0;0;0;349.9;441543200 volvo 589-1;441543200 volvo 589-1;441543200 volvo 589-1
20260331_19:27:00;26422;3;5;940;943.1;910;970;OK;940;951.4;910;970;OK;953.9;952.8;-20;-17.4;-50;-25;NOK;-20;-17.7;-50;-25;NOK;-18.5;-18.2;0;-20;-17.3;-50;-25;NOK;330;341;330;500;OK;0;0;N/A;N/A;N/A;N/A;N/A;N/A;N/A;N/A;N/A;N/A;N/A;N/A;N/A;N/A;N/A;N/A;N/A;N/A;N/A;N/A;N/A;N/A;N/A;N/A;N/A;N/A;N/A;N/A;N/A;N/A;N/A;N/A;N/A;N/A;N/A;N/A;N/A;N/A;N/A;N/A;N/A;N/A;N/A;N/A;N/A;N/A;N/A;N/A;N/A;N/A;N/A;N/A;N/A;N/A;N/A;N/A;N/A;N/A;N/A;N/A;N/A;N/A;N/A;N/A;N/A;N/A;N/A;N/A;N/A;N/A;N/A;N/A;N/A;N/A;N/A;N/A;N/A;N/A;N/A;N/A;N/A;N/A;N/A;N/A;N/A;N/A;N/A;N/A;N/A;N/A;N/A;N/A;N/A;N/A;N/A;N/A;N/A;N/A;;0;420.7;0;0;;Disabled;TempStop;1;700;423.9;0;0;0;549.9;449.9;Enabled;PosOk;1;0;0;0;0;0;15;Disabled;0;0;0;0;0;0;0;0;0;0;0;0;0;0;0;0;0;0;0;0;0;0;0;0;0;0;0;0;0;0;0;0;0;0;0;0;0;0;0;0;0;0;0;0;0;0;0;0;0;0;0;0;0;0;0;0;0;0;0;0;0;0;0;0;0;0;0;0;0;0;30;33;20;45;30;29;20;45;30;25;20;45;30;25;20;45;200;228;100;300;200;224;100;300;200;0;100;300;200;0;100;300;30;33;20;45;30;29;20;45;30;26;20;45;30;28;20;45;200;243;100;300;200;240;100;300;200;0;100;300;200;0;100;300;4;2;0.4;6;4;5;0.4;6;4;2;0.4;6;4;5;0.4;6;4;2;0.4;6;4;6;0.4;6;4;2;0.4;6;4;5;0.4;6;NOK;NOK;OK;10000;10054;8000;11000;OK;8.64;0;8;12;NOK;N/A;1.95;N/A;N/A;N/A;9;11.6;7;18;OK;;0;0;0;-;Disabled;TempOk;1;230;110.4;0;0;0;349.9;441543200 volvo 589-1;441543200 volvo 589-1;441543200 volvo 589-1
20260331_19:27:29;26423;2;5;940;931.4;910;970;OK;940;944;910;970;OK;944.6;944.6;-15;-15.1;-50;-20;NOK;-15;-15.2;-50;-20;NOK;-15.3;-15.7;0;-15;-15.1;-50;-20;NOK;330;341;330;500;OK;0;0;N/A;N/A;N/A;N/A;N/A;N/A;N/A;N/A;N/A;N/A;N/A;N/A;N/A;N/A;N/A;N/A;N/A;N/A;N/A;N/A;N/A;N/A;N/A;N/A;N/A;N/A;N/A;N/A;N/A;N/A;N/A;N/A;N/A;N/A;N/A;N/A;N/A;N/A;N/A;N/A;N/A;N/A;N/A;N/A;N/A;N/A;N/A;N/A;N/A;N/A;N/A;N/A;N/A;N/A;N/A;N/A;N/A;N/A;N/A;N/A;N/A;N/A;N/A;N/A;N/A;N/A;N/A;N/A;N/A;N/A;N/A;N/A;N/A;N/A;N/A;N/A;N/A;N/A;N/A;N/A;N/A;N/A;N/A;N/A;N/A;N/A;N/A;N/A;N/A;N/A;N/A;N/A;N/A;N/A;N/A;N/A;N/A;N/A;;0;417.9;0;0;;Disabled;TempStop;1;700;420.9;0;0;0;549.9;449.9;Enabled;PosOk;1;0;0;0;0;0;15;Disabled;0;0;0;0;0;0;0;0;0;0;0;0;0;0;0;0;0;0;0;0;0;0;0;0;0;0;0;0;0;0;0;0;0;0;0;0;0;0;0;0;0;0;0;0;0;0;0;0;0;0;0;0;0;0;0;0;0;0;0;0;0;0;0;0;0;0;0;0;0;0;30;32;20;45;30;29;20;45;30;26;20;45;30;25;20;45;200;227;100;300;200;224;100;300;200;0;100;300;200;0;100;300;30;32;20;45;30;29;20;45;30;26;20;45;30;28;20;45;200;242;100;300;200;240;100;300;200;0;100;300;200;0;100;300;4;2;0.4;6;4;5;0.4;6;4;2;0.4;6;4;5;0.4;6;4;2;0.4;6;4;6;0.4;6;4;2;0.4;6;4;5;0.4;6;NOK;NOK;OK;10000;10034;8000;11000;OK;8.64;0;8;12;NOK;N/A;1.95;N/A;N/A;N/A;9;11.7;7;18;OK;;0;0;0;-;Disabled;TempOk;1;230;107.9;0;0;0;349.9;441543200 volvo 589-1;441543200 volvo 589-1;441543200 volvo 589-1
20260331_19:27:58;26424;1;2;940;932.6;910;970;OK;940;941.2;910;970;OK;941.2;940.7;-20;-18.4;-50;-25;NOK;-20;-18.3;-50;-25;NOK;-16.9;-17.5;0;-20;-18.5;-50;-25;NOK;330;341;330;500;OK;0;0;N/A;N/A;N/A;N/A;N/A;N/A;N/A;N/A;N/A;N/A;N/A;N/A;N/A;N/A;N/A;N/A;N/A;N/A;N/A;N/A;N/A;N/A;N/A;N/A;N/A;N/A;N/A;N/A;N/A;N/A;N/A;N/A;N/A;N/A;N/A;N/A;N/A;N/A;N/A;N/A;N/A;N/A;N/A;N/A;N/A;N/A;N/A;N/A;N/A;N/A;N/A;N/A;N/A;N/A;N/A;N/A;N/A;N/A;N/A;N/A;N/A;N/A;N/A;N/A;N/A;N/A;N/A;N/A;N/A;N/A;N/A;N/A;N/A;N/A;N/A;N/A;N/A;N/A;N/A;N/A;N/A;N/A;N/A;N/A;N/A;N/A;N/A;N/A;N/A;N/A;N/A;N/A;N/A;N/A;N/A;N/A;N/A;N/A;;0;430.2;0;0;;Disabled;TempStop;1;700;433.2;0;0;0;549.9;449.9;Enabled;PosOk;1;0;0;0;0;0;15;Disabled;0;0;0;0;0;0;0;0;0;0;0;0;0;0;0;0;0;0;0;0;0;0;0;0;0;0;0;0;0;0;0;0;0;0;0;0;0;0;0;0;0;0;0;0;0;0;0;0;0;0;0;0;0;0;0;0;0;0;0;0;0;0;0;0;0;0;0;0;0;0;30;33;20;45;30;30;20;45;30;25;20;45;30;25;20;45;200;227;100;300;200;224;100;300;200;0;100;300;200;0;100;300;30;33;20;45;30;30;20;45;30;26;20;45;30;28;20;45;200;242;100;300;200;240;100;300;200;0;100;300;200;0;100;300;4;2;0.4;6;4;5;0.4;6;4;2;0.4;6;4;6;0.4;6;4;2;0.4;6;4;6;0.4;6;4;2;0.4;6;4;6;0.4;6;NOK;NOK;OK;10000;10047;8000;11000;OK;8.65;0;8;12;NOK;N/A;1.95;N/A;N/A;N/A;9;10.9;7;18;OK;;0;0;0;-;Disabled;TempOk;1;230;114.1;0;0;0;349.9;441543200 volvo 589-1;441543200 volvo 589-1;441543200 volvo 589-1
20260331_19:28:28;26425;2;2;940;933.2;910;970;OK;940;942.6;910;970;OK;944.1;942;-15;-17.8;-50;-20;NOK;-15;-17.8;-50;-20;NOK;-17.2;-17.5;0;-15;-17.9;-50;-20;NOK;330;341;330;500;OK;0;0;N/A;N/A;N/A;N/A;N/A;N/A;N/A;N/A;N/A;N/A;N/A;N/A;N/A;N/A;N/A;N/A;N/A;N/A;N/A;N/A;N/A;N/A;N/A;N/A;N/A;N/A;N/A;N/A;N/A;N/A;N/A;N/A;N/A;N/A;N/A;N/A;N/A;N/A;N/A;N/A;N/A;N/A;N/A;N/A;N/A;N/A;N/A;N/A;N/A;N/A;N/A;N/A;N/A;N/A;N/A;N/A;N/A;N/A;N/A;N/A;N/A;N/A;N/A;N/A;N/A;N/A;N/A;N/A;N/A;N/A;N/A;N/A;N/A;N/A;N/A;N/A;N/A;N/A;N/A;N/A;N/A;N/A;N/A;N/A;N/A;N/A;N/A;N/A;N/A;N/A;N/A;N/A;N/A;N/A;N/A;N/A;N/A;N/A;;0;431.8;0;0;;Disabled;TempStop;1;700;434.7;0;0;0;549.9;449.9;Enabled;PosOk;1;0;0;0;0;0;15;Disabled;0;0;0;0;0;0;0;0;0;0;0;0;0;0;0;0;0;0;0;0;0;0;0;0;0;0;0;0;0;0;0;0;0;0;0;0;0;0;0;0;0;0;0;0;0;0;0;0;0;0;0;0;0;0;0;0;0;0;0;0;0;0;0;0;0;0;0;0;0;0;30;33;20;45;30;30;20;45;30;25;20;45;30;25;20;45;200;227;100;300;200;225;100;300;200;0;100;300;200;0;100;300;30;33;20;45;30;30;20;45;30;26;20;45;30;28;20;45;200;243;100;300;200;240;100;300;200;0;100;300;200;0;100;300;4;2;0.4;6;4;5;0.4;6;4;2;0.4;6;4;5;0.4;6;4;2;0.4;6;4;5;0.4;6;4;2;0.4;6;4;6;0.4;6;NOK;NOK;OK;10000;10034;8000;11000;OK;8.64;0;8;12;NOK;N/A;1.95;N/A;N/A;N/A;9;11.7;7;18;OK;;0;0;0;-;Disabled;TempOk;1;230;110.4;0;0;0;349.9;441543200 volvo 589-1;441543200 volvo 589-1;441543200 volvo 589-1
20260331_19:29:27;26427;4;2;940;942.8;910;970;OK;940;953.5;910;970;OK;952.8;953;-15;-15.2;-50;-5;OK;-15;-14.2;-50;-5;OK;-15.3;-14.9;0;-15;-15.2;-50;-5;OK;330;341;330;500;OK;256.89;257.35;N/A;N/A;N/A;N/A;N/A;N/A;N/A;N/A;N/A;N/A;N/A;N/A;N/A;N/A;N/A;N/A;N/A;N/A;N/A;N/A;N/A;N/A;N/A;N/A;N/A;N/A;N/A;N/A;N/A;N/A;N/A;N/A;N/A;N/A;N/A;N/A;N/A;N/A;N/A;N/A;N/A;N/A;N/A;N/A;N/A;N/A;N/A;N/A;N/A;N/A;N/A;N/A;N/A;N/A;N/A;N/A;N/A;N/A;N/A;N/A;N/A;N/A;N/A;N/A;N/A;N/A;N/A;N/A;N/A;N/A;N/A;N/A;N/A;N/A;N/A;N/A;N/A;N/A;N/A;N/A;N/A;N/A;N/A;N/A;N/A;N/A;N/A;N/A;N/A;N/A;N/A;N/A;N/A;N/A;N/A;N/A;N/A;N/A;;0;423.7;0;0;;Disabled;TempStop;1;700;426.4;0;0;0;549.9;449.9;Enabled;PosOk;1;0;0;0;0;0;15;Disabled;0;0;0;0;0;0;0;0;0;0;0;0;0;0;0;0;0;0;0;0;0;0;0;0;0;0;0;0;0;0;0;0;0;0;0;0;0;0;0;0;0;0;0;0;0;0;0;0;0;0;0;0;0;0;0;0;0;0;0;0;0;0;0;0;0;0;0;0;28;28;30;33;20;45;30;30;20;45;30;25;20;45;30;25;20;45;200;227;100;300;200;225;100;300;200;0;100;300;200;0;100;300;30;33;20;45;30;30;20;45;30;26;20;45;30;28;20;45;200;243;100;300;200;240;100;300;200;0;100;300;200;0;100;300;4;2;0.4;6;4;6;0.4;6;4;2;0.4;6;4;5;0.4;6;4;2;0.4;6;4;6;0.4;6;4;2;0.4;6;4;6;0.4;6;NOK;NOK;OK;10000;10055;8000;11000;OK;8.65;0;8;12;NOK;N/A;1.95;N/A;N/A;N/A;9;11.7;7;18;OK;;0;0;0;-;Disabled;TempOk;1;230;111.4;0;0;0;349.9;441543200 volvo 589-1;441543200 volvo 589-1;441543200 volvo 589-1
20260331_19:29:56;26428;3;3;940;936.2;910;970;OK;940;946.8;910;970;OK;947.4;947;-20;-18.6;-50;-25;NOK;-20;-18.4;-50;-25;NOK;-17.6;-17.8;0;-20;-18.7;-50;-25;NOK;330;341;330;500;OK;0;0;N/A;N/A;N/A;N/A;N/A;N/A;N/A;N/A;N/A;N/A;N/A;N/A;N/A;N/A;N/A;N/A;N/A;N/A;N/A;N/A;N/A;N/A;N/A;N/A;N/A;N/A;N/A;N/A;N/A;N/A;N/A;N/A;N/A;N/A;N/A;N/A;N/A;N/A;N/A;N/A;N/A;N/A;N/A;N/A;N/A;N/A;N/A;N/A;N/A;N/A;N/A;N/A;N/A;N/A;N/A;N/A;N/A;N/A;N/A;N/A;N/A;N/A;N/A;N/A;N/A;N/A;N/A;N/A;N/A;N/A;N/A;N/A;N/A;N/A;N/A;N/A;N/A;N/A;N/A;N/A;N/A;N/A;N/A;N/A;N/A;N/A;N/A;N/A;N/A;N/A;N/A;N/A;N/A;N/A;N/A;N/A;N/A;N/A;;0;428.1;0;0;;Disabled;TempStop;1;700;430.9;0;0;0;549.9;449.9;Enabled;PosOk;1;0;0;0;0;0;15;Disabled;0;0;0;0;0;0;0;0;0;0;0;0;0;0;0;0;0;0;0;0;0;0;0;0;0;0;0;0;0;0;0;0;0;0;0;0;0;0;0;0;0;0;0;0;0;0;0;0;0;0;0;0;0;0;0;0;0;0;0;0;0;0;0;0;0;0;0;0;0;0;30;33;20;45;30;29;20;45;30;26;20;45;30;25;20;45;200;227;100;300;200;225;100;300;200;0;100;300;200;0;100;300;30;33;20;45;30;29;20;45;30;26;20;45;30;28;20;45;200;243;100;300;200;240;100;300;200;0;100;300;200;0;100;300;4;2;0.4;6;4;5;0.4;6;4;2;0.4;6;4;5;0.4;6;4;2;0.4;6;4;5;0.4;6;4;2;0.4;6;4;6;0.4;6;NOK;NOK;OK;10000;10033;8000;11000;OK;8.63;0;8;12;NOK;N/A;1.95;N/A;N/A;N/A;9;11.7;7;18;OK;;0;0;0;-;Disabled;TempOk;1;230;111.7;0;0;0;349.9;441543200 volvo 589-1;441543200 volvo 589-1;441543200 volvo 589-1
20260331_19:30:25;26429;4;3;940;944.4;910;970;OK;940;953.6;910;970;OK;952.7;952.9;-15;-15.8;-50;-5;OK;-15;-15.7;-50;-5;OK;-15.6;-15.9;0;-15;-15.6;-50;-5;OK;330;341;330;500;OK;256.99;257.45;N/A;N/A;N/A;N/A;N/A;N/A;N/A;N/A;N/A;N/A;N/A;N/A;N/A;N/A;N/A;N/A;N/A;N/A;N/A;N/A;N/A;N/A;N/A;N/A;N/A;N/A;N/A;N/A;N/A;N/A;N/A;N/A;N/A;N/A;N/A;N/A;N/A;N/A;N/A;N/A;N/A;N/A;N/A;N/A;N/A;N/A;N/A;N/A;N/A;N/A;N/A;N/A;N/A;N/A;N/A;N/A;N/A;N/A;N/A;N/A;N/A;N/A;N/A;N/A;N/A;N/A;N/A;N/A;N/A;N/A;N/A;N/A;N/A;N/A;N/A;N/A;N/A;N/A;N/A;N/A;N/A;N/A;N/A;N/A;N/A;N/A;N/A;N/A;N/A;N/A;N/A;N/A;N/A;N/A;N/A;N/A;N/A;N/A;;0;426.3;0;0;;Disabled;TempStop;1;700;429.1;0;0;0;549.9;449.9;Enabled;PosOk;1;0;0;0;0;0;15;Disabled;0;0;0;0;0;0;0;0;0;0;0;0;0;0;0;0;0;0;0;0;0;0;0;0;0;0;0;0;0;0;0;0;0;0;0;0;0;0;0;0;0;0;0;0;0;0;0;0;0;0;0;0;0;0;0;0;0;0;0;0;0;0;0;0;0;0;0;0;0;0;30;33;20;45;30;29;20;45;30;25;20;45;30;25;20;45;200;227;100;300;200;224;100;300;200;0;100;300;200;0;100;300;30;33;20;45;30;29;20;45;30;26;20;45;30;28;20;45;200;243;100;300;200;240;100;300;200;0;100;300;200;0;100;300;4;2;0.4;6;4;5;0.4;6;4;2;0.4;6;4;5;0.4;6;4;2;0.4;6;4;6;0.4;6;4;2;0.4;6;4;6;0.4;6;NOK;NOK;OK;10000;10044;8000;11000;OK;8.65;0;8;12;NOK;N/A;1.96;N/A;N/A;N/A;9;11.7;7;18;OK;;0;0;0;-;Disabled;TempOk;1;230;104.2;0;0;0;349.9;441543200 volvo 589-1;441543200 volvo 589-1;441543200 volvo 589-1
20260331_19:30:55;26430;1;4;940;934.8;910;970;OK;940;941.5;910;970;OK;942.4;941.6;-20;-11.7;-50;-25;NOK;-20;-11.8;-50;-25;NOK;-16.4;-13.8;0;-20;-11.8;-50;-25;NOK;330;341;330;500;OK;0;0;N/A;N/A;N/A;N/A;N/A;N/A;N/A;N/A;N/A;N/A;N/A;N/A;N/A;N/A;N/A;N/A;N/A;N/A;N/A;N/A;N/A;N/A;N/A;N/A;N/A;N/A;N/A;N/A;N/A;N/A;N/A;N/A;N/A;N/A;N/A;N/A;N/A;N/A;N/A;N/A;N/A;N/A;N/A;N/A;N/A;N/A;N/A;N/A;N/A;N/A;N/A;N/A;N/A;N/A;N/A;N/A;N/A;N/A;N/A;N/A;N/A;N/A;N/A;N/A;N/A;N/A;N/A;N/A;N/A;N/A;N/A;N/A;N/A;N/A;N/A;N/A;N/A;N/A;N/A;N/A;N/A;N/A;N/A;N/A;N/A;N/A;N/A;N/A;N/A;N/A;N/A;N/A;N/A;N/A;N/A;N/A;N/A;N/A;;0;422.2;0;0;;Disabled;TempStop;1;700;424.9;0;0;0;549.9;449.9;Enabled;PosOk;1;0;0;0;0;0;15;Disabled;0;0;0;0;0;0;0;0;0;0;0;0;0;0;0;0;0;0;0;0;0;0;0;0;0;0;0;0;0;0;0;0;0;0;0;0;0;0;0;0;0;0;0;0;0;0;0;0;0;0;0;0;0;0;0;0;0;0;0;0;0;0;0;0;0;0;0;0;30;26;30;33;20;45;30;29;20;45;30;25;20;45;30;26;20;45;200;227;100;300;200;224;100;300;200;0;100;300;200;0;100;300;30;33;20;45;30;29;20;45;30;26;20;45;30;28;20;45;200;243;100;300;200;240;100;300;200;0;100;300;200;0;100;300;4;2;0.4;6;4;5;0.4;6;4;2;0.4;6;4;5;0.4;6;4;2;0.4;6;4;5;0.4;6;4;2;0.4;6;4;6;0.4;6;NOK;NOK;OK;10000;10038;8000;11000;OK;8.64;0;8;12;NOK;N/A;1.96;N/A;N/A;N/A;9;10.9;7;18;OK;;0;0;0;-;Disabled;TempOk;1;230;112.1;0;0;0;349.9;441543200 volvo 589-1;441543200 volvo 589-1;441543200 volvo 589-1
20260331_19:31:24;26431;2;4;940;938.1;910;970;OK;940;948.1;910;970;OK;948.1;947.9;-15;-19.2;-50;-20;NOK;-15;-18.7;-50;-20;NOK;-18.6;-18.7;0;-15;-19.2;-50;-20;NOK;330;341;330;500;OK;0;0;N/A;N/A;N/A;N/A;N/A;N/A;N/A;N/A;N/A;N/A;N/A;N/A;N/A;N/A;N/A;N/A;N/A;N/A;N/A;N/A;N/A;N/A;N/A;N/A;N/A;N/A;N/A;N/A;N/A;N/A;N/A;N/A;N/A;N/A;N/A;N/A;N/A;N/A;N/A;N/A;N/A;N/A;N/A;N/A;N/A;N/A;N/A;N/A;N/A;N/A;N/A;N/A;N/A;N/A;N/A;N/A;N/A;N/A;N/A;N/A;N/A;N/A;N/A;N/A;N/A;N/A;N/A;N/A;N/A;N/A;N/A;N/A;N/A;N/A;N/A;N/A;N/A;N/A;N/A;N/A;N/A;N/A;N/A;N/A;N/A;N/A;N/A;N/A;N/A;N/A;N/A;N/A;N/A;N/A;N/A;N/A;N/A;N/A;;0;422.6;0;0;;Disabled;TempStop;1;700;425.5;0;0;0;549.9;449.9;Enabled;PosOk;1;0;0;0;0;0;15;Disabled;0;0;0;0;0;0;0;0;0;0;0;0;0;0;0;0;0;0;0;0;0;0;0;0;0;0;0;0;0;0;0;0;0;0;0;0;0;0;0;0;0;0;0;0;0;0;0;0;0;0;0;0;0;0;0;0;0;0;0;0;0;0;0;0;0;0;0;0;0;0;30;33;20;45;30;30;20;45;30;25;20;45;30;25;20;45;200;227;100;300;200;224;100;300;200;0;100;300;200;0;100;300;30;33;20;45;30;30;20;45;30;26;20;45;30;28;20;45;200;242;100;300;200;240;100;300;200;0;100;300;200;0;100;300;4;2;0.4;6;4;5;0.4;6;4;2;0.4;6;4;5;0.4;6;4;2;0.4;6;4;5;0.4;6;4;2;0.4;6;4;6;0.4;6;NOK;NOK;OK;10000;10023;8000;11000;OK;8.63;0;8;12;NOK;N/A;1.96;N/A;N/A;N/A;9;11.6;7;18;OK;;0;0;0;-;Disabled;TempOk;1;230;109.2;0;0;0;349.9;441543200 volvo 589-1;441543200 volvo 589-1;441543200 volvo 589-1
20260331_19:31:54;26432;3;4;940;940.7;910;970;OK;940;950.6;910;970;OK;950.4;950.4;-20;-15;-50;-25;NOK;-20;-15.6;-50;-25;NOK;-20.3;-18.7;0;-20;-15;-50;-25;NOK;330;341;330;500;OK;0;0;N/A;N/A;N/A;N/A;N/A;N/A;N/A;N/A;N/A;N/A;N/A;N/A;N/A;N/A;N/A;N/A;N/A;N/A;N/A;N/A;N/A;N/A;N/A;N/A;N/A;N/A;N/A;N/A;N/A;N/A;N/A;N/A;N/A;N/A;N/A;N/A;N/A;N/A;N/A;N/A;N/A;N/A;N/A;N/A;N/A;N/A;N/A;N/A;N/A;N/A;N/A;N/A;N/A;N/A;N/A;N/A;N/A;N/A;N/A;N/A;N/A;N/A;N/A;N/A;N/A;N/A;N/A;N/A;N/A;N/A;N/A;N/A;N/A;N/A;N/A;N/A;N/A;N/A;N/A;N/A;N/A;N/A;N/A;N/A;N/A;N/A;N/A;N/A;N/A;N/A;N/A;N/A;N/A;N/A;N/A;N/A;N/A;N/A;;0;436;0;0;;Disabled;TempStop;1;700;438.6;0;0;0;549.9;449.9;Enabled;PosOk;1;0;0;0;0;0;15;Disabled;0;0;0;0;0;0;0;0;0;0;0;0;0;0;0;0;0;0;0;0;0;0;0;0;0;0;0;0;0;0;0;0;0;0;0;0;0;0;0;0;0;0;0;0;0;0;0;0;0;0;0;0;0;0;0;0;0;0;0;0;0;0;0;0;0;0;0;0;0;0;30;33;20;45;30;30;20;45;30;25;20;45;30;25;20;45;200;227;100;300;200;224;100;300;200;0;100;300;200;0;100;300;30;33;20;45;30;30;20;45;30;26;20;45;30;28;20;45;200;243;100;300;200;240;100;300;200;0;100;300;200;0;100;300;4;2;0.4;6;4;5;0.4;6;4;2;0.4;6;4;5;0.4;6;4;2;0.4;6;4;5;0.4;6;4;2;0.4;6;4;6;0.4;6;NOK;NOK;OK;10000;10043;8000;11000;OK;8.65;0;8;12;NOK;N/A;1.95;N/A;N/A;N/A;9;11.7;7;18;OK;;0;0;0;-;Disabled;TempOk;1;230;109.3;0;0;0;349.9;441543200 volvo 589-1;441543200 volvo 589-1;441543200 volvo 589-1
20260331_19:32:23;26433;4;4;940;932.5;910;970;OK;940;955.5;910;970;OK;954.6;955;-15;-9.2;-50;-5;OK;-15;-8.5;-50;-5;OK;-11;-7.2;0;-15;-9.4;-50;-5;OK;330;341;330;500;OK;257.15;257.62;N/A;N/A;N/A;N/A;N/A;N/A;N/A;N/A;N/A;N/A;N/A;N/A;N/A;N/A;N/A;N/A;N/A;N/A;N/A;N/A;N/A;N/A;N/A;N/A;N/A;N/A;N/A;N/A;N/A;N/A;N/A;N/A;N/A;N/A;N/A;N/A;N/A;N/A;N/A;N/A;N/A;N/A;N/A;N/A;N/A;N/A;N/A;N/A;N/A;N/A;N/A;N/A;N/A;N/A;N/A;N/A;N/A;N/A;N/A;N/A;N/A;N/A;N/A;N/A;N/A;N/A;N/A;N/A;N/A;N/A;N/A;N/A;N/A;N/A;N/A;N/A;N/A;N/A;N/A;N/A;N/A;N/A;N/A;N/A;N/A;N/A;N/A;N/A;N/A;N/A;N/A;N/A;N/A;N/A;N/A;N/A;N/A;N/A;;0;425;0;0;;Disabled;TempStop;1;700;428.1;0;0;0;549.9;449.9;Enabled;PosOk;1;0;0;0;0;0;15;Disabled;0;0;0;0;0;0;0;0;0;0;0;0;0;0;0;0;0;0;0;0;0;0;0;0;0;0;0;0;0;0;0;0;0;0;0;0;0;0;0;0;0;0;0;0;0;0;0;0;0;0;0;0;0;0;0;0;0;0;0;0;0;0;0;0;0;0;0;0;0;0;30;33;20;45;30;30;20;45;30;26;20;45;30;25;20;45;200;227;100;300;200;224;100;300;200;0;100;300;200;0;100;300;30;33;20;45;30;30;20;45;30;26;20;45;30;28;20;45;200;242;100;300;200;240;100;300;200;0;100;300;200;0;100;300;4;2;0.4;6;4;5;0.4;6;4;2;0.4;6;4;6;0.4;6;4;2;0.4;6;4;5;0.4;6;4;2;0.4;6;4;6;0.4;6;NOK;NOK;OK;10000;10020;8000;11000;OK;8.63;0;8;12;NOK;N/A;1.95;N/A;N/A;N/A;9;11.7;7;18;OK;;0;0;0;-;Disabled;TempOk;1;230;117.9;0;0;0;349.9;441543200 volvo 589-1;441543200 volvo 589-1;441543200 volvo 589-1
20260331_19:32:53;26434;3;5;940;947;910;970;OK;940;954.5;910;970;OK;956.6;955.7;-20;-17;-50;-25;NOK;-20;-17.8;-50;-25;NOK;-18.4;-18.2;0;-20;-16.9;-50;-25;NOK;330;341;330;500;OK;0;0;N/A;N/A;N/A;N/A;N/A;N/A;N/A;N/A;N/A;N/A;N/A;N/A;N/A;N/A;N/A;N/A;N/A;N/A;N/A;N/A;N/A;N/A;N/A;N/A;N/A;N/A;N/A;N/A;N/A;N/A;N/A;N/A;N/A;N/A;N/A;N/A;N/A;N/A;N/A;N/A;N/A;N/A;N/A;N/A;N/A;N/A;N/A;N/A;N/A;N/A;N/A;N/A;N/A;N/A;N/A;N/A;N/A;N/A;N/A;N/A;N/A;N/A;N/A;N/A;N/A;N/A;N/A;N/A;N/A;N/A;N/A;N/A;N/A;N/A;N/A;N/A;N/A;N/A;N/A;N/A;N/A;N/A;N/A;N/A;N/A;N/A;N/A;N/A;N/A;N/A;N/A;N/A;N/A;N/A;N/A;N/A;N/A;N/A;;0;426.2;0;0;;Disabled;TempStop;1;700;428.8;0;0;0;549.9;449.9;Enabled;PosOk;1;0;0;0;0;0;15;Disabled;0;0;0;0;0;0;0;0;0;0;0;0;0;0;0;0;0;0;0;0;0;0;0;0;0;0;0;0;0;0;0;0;0;0;0;0;0;0;0;0;0;0;0;0;0;0;0;0;0;0;0;0;0;0;0;0;0;0;0;0;0;0;0;0;0;0;0;0;0;0;30;33;20;45;30;30;20;45;30;25;20;45;30;25;20;45;200;227;100;300;200;224;100;300;200;0;100;300;200;0;100;300;30;33;20;45;30;30;20;45;30;26;20;45;30;28;20;45;200;242;100;300;200;240;100;300;200;0;100;300;200;0;100;300;4;2;0.4;6;4;5;0.4;6;4;2;0.4;6;4;5;0.4;6;4;2;0.4;6;4;5;0.4;6;4;2;0.4;6;4;6;0.4;6;NOK;NOK;OK;10000;10018;8000;11000;OK;8.62;0;8;12;NOK;N/A;1.95;N/A;N/A;N/A;9;11.7;7;18;OK;;0;0;0;-;Disabled;TempOk;1;230;114.9;0;0;0;349.9;441543200 volvo 589-1;441543200 volvo 589-1;441543200 volvo 589-1
20260331_19:33:22;26435;2;5;940;934.7;910;970;OK;940;939;910;970;OK;939.6;939.6;-15;-14.9;-50;-20;NOK;-15;-15.2;-50;-20;NOK;-15.2;-15.5;0;-15;-14.9;-50;-20;NOK;330;341;330;500;OK;0;0;N/A;N/A;N/A;N/A;N/A;N/A;N/A;N/A;N/A;N/A;N/A;N/A;N/A;N/A;N/A;N/A;N/A;N/A;N/A;N/A;N/A;N/A;N/A;N/A;N/A;N/A;N/A;N/A;N/A;N/A;N/A;N/A;N/A;N/A;N/A;N/A;N/A;N/A;N/A;N/A;N/A;N/A;N/A;N/A;N/A;N/A;N/A;N/A;N/A;N/A;N/A;N/A;N/A;N/A;N/A;N/A;N/A;N/A;N/A;N/A;N/A;N/A;N/A;N/A;N/A;N/A;N/A;N/A;N/A;N/A;N/A;N/A;N/A;N/A;N/A;N/A;N/A;N/A;N/A;N/A;N/A;N/A;N/A;N/A;N/A;N/A;N/A;N/A;N/A;N/A;N/A;N/A;N/A;N/A;N/A;N/A;N/A;N/A;;0;433;0;0;;Disabled;TempStop;1;700;435.9;0;0;0;549.9;449.9;Enabled;PosOk;1;0;0;0;0;0;15;Disabled;0;0;0;0;0;0;0;0;0;0;0;0;0;0;0;0;0;0;0;0;0;0;0;0;0;0;0;0;0;0;0;0;0;0;0;0;0;0;0;0;0;0;0;0;0;0;0;0;0;0;0;0;0;0;0;0;0;0;0;0;0;0;0;0;0;0;0;0;0;0;30;33;20;45;30;30;20;45;30;26;20;45;30;26;20;45;200;228;100;300;200;225;100;300;200;0;100;300;200;0;100;300;30;33;20;45;30;30;20;45;30;26;20;45;30;28;20;45;200;243;100;300;200;241;100;300;200;0;100;300;200;0;100;300;4;2;0.4;6;4;5;0.4;6;4;2;0.4;6;4;5;0.4;6;4;2;0.4;6;4;5;0.4;6;4;2;0.4;6;4;6;0.4;6;NOK;NOK;OK;10000;10045;8000;11000;OK;8.64;0;8;12;NOK;N/A;1.95;N/A;N/A;N/A;9;11.6;7;18;OK;;0;0;0;-;Disabled;TempOk;1;230;109.6;0;0;0;349.9;441543200 volvo 589-1;441543200 volvo 589-1;441543200 volvo 589-1
20260331_19:33:51;26436;1;2;940;932.9;910;970;OK;940;942.8;910;970;OK;944.2;943.3;-20;-18.5;-50;-25;NOK;-20;-18.2;-50;-25;NOK;-16.9;-17.4;0;-20;-18.5;-50;-25;NOK;330;341;330;500;OK;0;0;N/A;N/A;N/A;N/A;N/A;N/A;N/A;N/A;N/A;N/A;N/A;N/A;N/A;N/A;N/A;N/A;N/A;N/A;N/A;N/A;N/A;N/A;N/A;N/A;N/A;N/A;N/A;N/A;N/A;N/A;N/A;N/A;N/A;N/A;N/A;N/A;N/A;N/A;N/A;N/A;N/A;N/A;N/A;N/A;N/A;N/A;N/A;N/A;N/A;N/A;N/A;N/A;N/A;N/A;N/A;N/A;N/A;N/A;N/A;N/A;N/A;N/A;N/A;N/A;N/A;N/A;N/A;N/A;N/A;N/A;N/A;N/A;N/A;N/A;N/A;N/A;N/A;N/A;N/A;N/A;N/A;N/A;N/A;N/A;N/A;N/A;N/A;N/A;N/A;N/A;N/A;N/A;N/A;N/A;N/A;N/A;N/A;N/A;;0;424.7;0;0;;Disabled;TempStop;1;700;427.1;0;0;0;549.9;449.9;Enabled;PosOk;1;0;0;0;0;0;15;Disabled;0;0;0;0;0;0;0;0;0;0;0;0;0;0;0;0;0;0;0;0;0;0;0;0;0;0;0;0;0;0;0;0;0;0;0;0;0;0;0;0;0;0;0;0;0;0;0;0;0;0;0;0;0;0;0;0;0;0;0;0;0;0;0;0;0;0;0;0;0;0;30;33;20;45;30;29;20;45;30;26;20;45;30;25;20;45;200;228;100;300;200;225;100;300;200;0;100;300;200;0;100;300;30;32;20;45;30;29;20;45;30;26;20;45;30;28;20;45;200;242;100;300;200;240;100;300;200;0;100;300;200;0;100;300;4;2;0.4;6;4;5;0.4;6;4;2;0.4;6;4;5;0.4;6;4;2;0.4;6;4;6;0.4;6;4;2;0.4;6;4;6;0.4;6;NOK;NOK;OK;10000;10036;8000;11000;OK;8.64;0;8;12;NOK;N/A;1.95;N/A;N/A;N/A;9;10.6;7;18;OK;;0;0;0;-;Disabled;TempOk;1;230;114.8;0;0;0;349.9;441543200 volvo 589-1;441543200 volvo 589-1;441543200 volvo 589-1
20260331_19:34:21;26437;2;2;940;933.8;910;970;OK;940;943.5;910;970;OK;944.8;942.8;-15;-18;-50;-20;NOK;-15;-17.6;-50;-20;NOK;-17;-17.2;0;-15;-18;-50;-20;NOK;330;341;330;500;OK;0;0;N/A;N/A;N/A;N/A;N/A;N/A;N/A;N/A;N/A;N/A;N/A;N/A;N/A;N/A;N/A;N/A;N/A;N/A;N/A;N/A;N/A;N/A;N/A;N/A;N/A;N/A;N/A;N/A;N/A;N/A;N/A;N/A;N/A;N/A;N/A;N/A;N/A;N/A;N/A;N/A;N/A;N/A;N/A;N/A;N/A;N/A;N/A;N/A;N/A;N/A;N/A;N/A;N/A;N/A;N/A;N/A;N/A;N/A;N/A;N/A;N/A;N/A;N/A;N/A;N/A;N/A;N/A;N/A;N/A;N/A;N/A;N/A;N/A;N/A;N/A;N/A;N/A;N/A;N/A;N/A;N/A;N/A;N/A;N/A;N/A;N/A;N/A;N/A;N/A;N/A;N/A;N/A;N/A;N/A;N/A;N/A;N/A;N/A;;0;423.2;0;0;;Disabled;TempStop;1;700;425.6;0;0;0;549.9;449.9;Enabled;PosOk;1;0;0;0;0;0;15;Disabled;0;0;0;0;0;0;0;0;0;0;0;0;0;0;0;0;0;0;0;0;0;0;0;0;0;0;0;0;0;0;0;0;0;0;0;0;0;0;0;0;0;0;0;0;0;0;0;0;0;0;0;0;0;0;0;0;0;0;0;0;0;0;0;0;0;0;0;0;0;0;30;32;20;45;30;29;20;45;30;26;20;45;30;25;20;45;200;227;100;300;200;224;100;300;200;0;100;300;200;0;100;300;30;32;20;45;30;29;20;45;30;26;20;45;30;28;20;45;200;242;100;300;200;240;100;300;200;0;100;300;200;1;100;300;4;2;0.4;6;4;5;0.4;6;4;2;0.4;6;4;5;0.4;6;4;2;0.4;6;4;6;0.4;6;4;2;0.4;6;4;5;0.4;6;NOK;NOK;OK;10000;10053;8000;11000;OK;8.65;0;8;12;NOK;N/A;1.95;N/A;N/A;N/A;9;11.5;7;18;OK;;0;0;0;-;Disabled;TempOk;1;230;108.2;0;0;0;349.9;441543200 volvo 589-1;441543200 volvo 589-1;441543200 volvo 589-1
20260331_19:34:50;26438;1;3;940;940.3;910;970;OK;940;950.8;910;970;OK;951.3;950.9;-20;-17.6;-50;-25;NOK;-20;-18.6;-50;-25;NOK;-18.5;-19.4;0;-20;-17.5;-50;-25;NOK;330;341;330;500;OK;0;0;N/A;N/A;N/A;N/A;N/A;N/A;N/A;N/A;N/A;N/A;N/A;N/A;N/A;N/A;N/A;N/A;N/A;N/A;N/A;N/A;N/A;N/A;N/A;N/A;N/A;N/A;N/A;N/A;N/A;N/A;N/A;N/A;N/A;N/A;N/A;N/A;N/A;N/A;N/A;N/A;N/A;N/A;N/A;N/A;N/A;N/A;N/A;N/A;N/A;N/A;N/A;N/A;N/A;N/A;N/A;N/A;N/A;N/A;N/A;N/A;N/A;N/A;N/A;N/A;N/A;N/A;N/A;N/A;N/A;N/A;N/A;N/A;N/A;N/A;N/A;N/A;N/A;N/A;N/A;N/A;N/A;N/A;N/A;N/A;N/A;N/A;N/A;N/A;N/A;N/A;N/A;N/A;N/A;N/A;N/A;N/A;N/A;N/A;;0;426.9;0;0;;Disabled;TempStop;1;700;429.6;0;0;0;549.9;449.9;Enabled;PosOk;1;0;0;0;0;0;15;Disabled;0;0;0;0;0;0;0;0;0;0;0;0;0;0;0;0;0;0;0;0;0;0;0;0;0;0;0;0;0;0;0;0;0;0;0;0;0;0;0;0;0;0;0;0;0;0;0;0;0;0;0;0;0;0;0;0;0;0;0;0;0;0;0;0;0;0;0;0;34;21;30;32;20;45;30;29;20;45;30;26;20;45;30;26;20;45;200;227;100;300;200;224;100;300;200;0;100;300;200;0;100;300;30;32;20;45;30;29;20;45;30;26;20;45;30;28;20;45;200;243;100;300;200;241;100;300;200;0;100;300;200;0;100;300;4;2;0.4;6;4;5;0.4;6;4;2;0.4;6;4;5;0.4;6;4;2;0.4;6;4;5;0.4;6;4;2;0.4;6;4;6;0.4;6;NOK;NOK;OK;10000;10052;8000;11000;OK;8.65;0;8;12;NOK;N/A;1.95;N/A;N/A;N/A;9;10.7;7;18;OK;;0;0;0;-;Disabled;TempOk;1;230;111.4;0;0;0;349.9;441543200 volvo 589-1;441543200 volvo 589-1;441543200 volvo 589-1
20260331_19:35:20;26439;4;2;940;947.3;910;970;OK;940;955;910;970;OK;953.4;954.1;-15;-14.1;-50;-5;OK;-15;-15.5;-50;-5;OK;-16;-15.9;0;-15;-14.1;-50;-5;OK;330;341;330;500;OK;257.36;257.85;N/A;N/A;N/A;N/A;N/A;N/A;N/A;N/A;N/A;N/A;N/A;N/A;N/A;N/A;N/A;N/A;N/A;N/A;N/A;N/A;N/A;N/A;N/A;N/A;N/A;N/A;N/A;N/A;N/A;N/A;N/A;N/A;N/A;N/A;N/A;N/A;N/A;N/A;N/A;N/A;N/A;N/A;N/A;N/A;N/A;N/A;N/A;N/A;N/A;N/A;N/A;N/A;N/A;N/A;N/A;N/A;N/A;N/A;N/A;N/A;N/A;N/A;N/A;N/A;N/A;N/A;N/A;N/A;N/A;N/A;N/A;N/A;N/A;N/A;N/A;N/A;N/A;N/A;N/A;N/A;N/A;N/A;N/A;N/A;N/A;N/A;N/A;N/A;N/A;N/A;N/A;N/A;N/A;N/A;N/A;N/A;N/A;N/A;;0;429.4;0;0;;Disabled;TempStop;1;700;432.2;0;0;0;549.9;449.9;Enabled;PosOk;1;0;0;0;0;0;15;Disabled;0;0;0;0;0;0;0;0;0;0;0;0;0;0;0;0;0;0;0;0;0;0;0;0;0;0;0;0;0;0;0;0;0;0;0;0;0;0;0;0;0;0;0;0;0;0;0;0;0;0;0;0;0;0;0;0;0;0;0;0;0;0;0;0;0;0;0;0;0;0;30;33;20;45;30;30;20;45;30;25;20;45;30;26;20;45;200;228;100;300;200;224;100;300;200;0;100;300;200;0;100;300;30;33;20;45;30;30;20;45;30;26;20;45;30;27;20;45;200;243;100;300;200;240;100;300;200;0;100;300;200;0;100;300;4;2;0.4;6;4;5;0.4;6;4;2;0.4;6;4;5;0.4;6;4;2;0.4;6;4;5;0.4;6;4;2;0.4;6;4;6;0.4;6;NOK;NOK;OK;10000;10030;8000;11000;OK;8.63;0;8;12;NOK;N/A;1.95;N/A;N/A;N/A;9;11.7;7;18;OK;;0;0;0;-;Disabled;TempOk;1;230;108.2;0;0;0;349.9;441543200 volvo 589-1;441543200 volvo 589-1;441543200 volvo 589-1
20260331_19:35:49;26440;3;3;940;938.4;910;970;OK;940;948.7;910;970;OK;948.9;948.8;-20;-18.6;-50;-25;NOK;-20;-18.2;-50;-25;NOK;-17.7;-17.8;0;-20;-18.7;-50;-25;NOK;330;341;330;500;OK;0;0;N/A;N/A;N/A;N/A;N/A;N/A;N/A;N/A;N/A;N/A;N/A;N/A;N/A;N/A;N/A;N/A;N/A;N/A;N/A;N/A;N/A;N/A;N/A;N/A;N/A;N/A;N/A;N/A;N/A;N/A;N/A;N/A;N/A;N/A;N/A;N/A;N/A;N/A;N/A;N/A;N/A;N/A;N/A;N/A;N/A;N/A;N/A;N/A;N/A;N/A;N/A;N/A;N/A;N/A;N/A;N/A;N/A;N/A;N/A;N/A;N/A;N/A;N/A;N/A;N/A;N/A;N/A;N/A;N/A;N/A;N/A;N/A;N/A;N/A;N/A;N/A;N/A;N/A;N/A;N/A;N/A;N/A;N/A;N/A;N/A;N/A;N/A;N/A;N/A;N/A;N/A;N/A;N/A;N/A;N/A;N/A;N/A;N/A;;0;407.7;0;0;;Disabled;TempStop;1;700;410.4;0;0;0;549.9;449.9;Enabled;PosOk;1;0;0;0;0;0;15;Disabled;0;0;0;0;0;0;0;0;0;0;0;0;0;0;0;0;0;0;0;0;0;0;0;0;0;0;0;0;0;0;0;0;0;0;0;0;0;0;0;0;0;0;0;0;0;0;0;0;0;0;0;0;0;0;0;0;0;0;0;0;0;0;0;0;0;0;0;0;0;0;30;33;20;45;30;30;20;45;30;26;20;45;30;25;20;45;200;227;100;300;200;225;100;300;200;0;100;300;200;0;100;300;30;33;20;45;30;30;20;45;30;26;20;45;30;28;20;45;200;243;100;300;200;241;100;300;200;0;100;300;200;0;100;300;4;2;0.4;6;4;5;0.4;6;4;2;0.4;6;4;5;0.4;6;4;2;0.4;6;4;5;0.4;6;4;2;0.4;6;4;5;0.4;6;NOK;NOK;OK;10000;10053;8000;11000;OK;8.65;0;8;12;NOK;N/A;1.95;N/A;N/A;N/A;9;11.7;7;18;OK;;0;0;0;-;Disabled;TempOk;1;230;114.1;0;0;0;349.9;441543200 volvo 589-1;441543200 volvo 589-1;441543200 volvo 589-1
20260331_19:36:18;26441;4;3;940;946.1;910;970;OK;940;955;910;970;OK;953.8;954.2;-15;-15;-50;-5;OK;-15;-16.8;-50;-5;OK;-16.7;-17.1;0;-15;-14.9;-50;-5;OK;330;341;330;500;OK;257.47;257.94;N/A;N/A;N/A;N/A;N/A;N/A;N/A;N/A;N/A;N/A;N/A;N/A;N/A;N/A;N/A;N/A;N/A;N/A;N/A;N/A;N/A;N/A;N/A;N/A;N/A;N/A;N/A;N/A;N/A;N/A;N/A;N/A;N/A;N/A;N/A;N/A;N/A;N/A;N/A;N/A;N/A;N/A;N/A;N/A;N/A;N/A;N/A;N/A;N/A;N/A;N/A;N/A;N/A;N/A;N/A;N/A;N/A;N/A;N/A;N/A;N/A;N/A;N/A;N/A;N/A;N/A;N/A;N/A;N/A;N/A;N/A;N/A;N/A;N/A;N/A;N/A;N/A;N/A;N/A;N/A;N/A;N/A;N/A;N/A;N/A;N/A;N/A;N/A;N/A;N/A;N/A;N/A;N/A;N/A;N/A;N/A;N/A;N/A;;0;417.9;0;0;;Disabled;TempStop;1;700;421;0;0;0;549.9;449.9;Enabled;PosOk;1;0;0;0;0;0;15;Disabled;0;0;0;0;0;0;0;0;0;0;0;0;0;0;0;0;0;0;0;0;0;0;0;0;0;0;0;0;0;0;0;0;0;0;0;0;0;0;0;0;0;0;0;0;0;0;0;0;0;0;0;0;0;0;0;0;0;0;0;0;0;0;0;0;0;0;0;0;0;0;30;33;20;45;30;30;20;45;30;26;20;45;30;26;20;45;200;227;100;300;200;224;100;300;200;0;100;300;200;0;100;300;30;33;20;45;30;30;20;45;30;26;20;45;30;27;20;45;200;243;100;300;200;240;100;300;200;0;100;300;200;0;100;300;4;2;0.4;6;4;5;0.4;6;4;2;0.4;6;4;5;0.4;6;4;2;0.4;6;4;5;0.4;6;4;2;0.4;6;4;5;0.4;6;NOK;NOK;OK;10000;10043;8000;11000;OK;8.65;0;8;12;NOK;N/A;1.95;N/A;N/A;N/A;9;11.6;7;18;OK;;0;0;0;-;Disabled;TempOk;1;230;107.7;0;0;0;349.9;441543200 volvo 589-1;441543200 volvo 589-1;441543200 volvo 589-1
20260331_19:36:48;26442;1;4;940;935;910;970;OK;940;941.6;910;970;OK;943.1;942.2;-20;-11.8;-50;-25;NOK;-20;-11.8;-50;-25;NOK;-16.5;-13.9;0;-20;-11.8;-50;-25;NOK;330;341;330;500;OK;0;0;N/A;N/A;N/A;N/A;N/A;N/A;N/A;N/A;N/A;N/A;N/A;N/A;N/A;N/A;N/A;N/A;N/A;N/A;N/A;N/A;N/A;N/A;N/A;N/A;N/A;N/A;N/A;N/A;N/A;N/A;N/A;N/A;N/A;N/A;N/A;N/A;N/A;N/A;N/A;N/A;N/A;N/A;N/A;N/A;N/A;N/A;N/A;N/A;N/A;N/A;N/A;N/A;N/A;N/A;N/A;N/A;N/A;N/A;N/A;N/A;N/A;N/A;N/A;N/A;N/A;N/A;N/A;N/A;N/A;N/A;N/A;N/A;N/A;N/A;N/A;N/A;N/A;N/A;N/A;N/A;N/A;N/A;N/A;N/A;N/A;N/A;N/A;N/A;N/A;N/A;N/A;N/A;N/A;N/A;N/A;N/A;N/A;N/A;;0;425.5;0;0;;Disabled;TempStop;1;700;428.3;0;0;0;549.9;449.9;Enabled;PosOk;1;0;0;0;0;0;15;Disabled;0;0;0;0;0;0;0;0;0;0;0;0;0;0;0;0;0;0;0;0;0;0;0;0;0;0;0;0;0;0;0;0;0;0;0;0;0;0;0;0;0;0;0;0;0;0;0;0;0;0;0;0;0;0;0;0;0;0;0;0;0;0;0;0;0;0;0;0;36;19;30;34;20;45;30;30;20;45;30;26;20;45;30;26;20;45;200;228;100;300;200;225;100;300;200;0;100;300;200;0;100;300;30;33;20;45;30;30;20;45;30;26;20;45;30;28;20;45;200;242;100;300;200;240;100;300;200;0;100;300;200;0;100;300;4;2;0.4;6;4;5;0.4;6;4;2;0.4;6;4;5;0.4;6;4;2;0.4;6;4;6;0.4;6;4;2;0.4;6;4;5;0.4;6;NOK;NOK;OK;10000;10032;8000;11000;OK;8.64;0;8;12;NOK;N/A;1.95;N/A;N/A;N/A;9;10.8;7;18;OK;;0;0;0;-;Disabled;TempOk;1;230;114.4;0;0;0;349.9;441543200 volvo 589-1;441543200 volvo 589-1;441543200 volvo 589-1
20260331_19:37:17;26443;2;4;940;939.7;910;970;OK;940;948.7;910;970;OK;949;948.8;-15;-18.8;-50;-20;NOK;-15;-18.6;-50;-20;NOK;-18.3;-18.5;0;-15;-18.8;-50;-20;NOK;330;341;330;500;OK;0;0;N/A;N/A;N/A;N/A;N/A;N/A;N/A;N/A;N/A;N/A;N/A;N/A;N/A;N/A;N/A;N/A;N/A;N/A;N/A;N/A;N/A;N/A;N/A;N/A;N/A;N/A;N/A;N/A;N/A;N/A;N/A;N/A;N/A;N/A;N/A;N/A;N/A;N/A;N/A;N/A;N/A;N/A;N/A;N/A;N/A;N/A;N/A;N/A;N/A;N/A;N/A;N/A;N/A;N/A;N/A;N/A;N/A;N/A;N/A;N/A;N/A;N/A;N/A;N/A;N/A;N/A;N/A;N/A;N/A;N/A;N/A;N/A;N/A;N/A;N/A;N/A;N/A;N/A;N/A;N/A;N/A;N/A;N/A;N/A;N/A;N/A;N/A;N/A;N/A;N/A;N/A;N/A;N/A;N/A;N/A;N/A;N/A;N/A;;0;425.8;0;0;;Disabled;TempStop;1;700;428.8;0;0;0;549.9;449.9;Enabled;PosOk;1;0;0;0;0;0;15;Disabled;0;0;0;0;0;0;0;0;0;0;0;0;0;0;0;0;0;0;0;0;0;0;0;0;0;0;0;0;0;0;0;0;0;0;0;0;0;0;0;0;0;0;0;0;0;0;0;0;0;0;0;0;0;0;0;0;0;0;0;0;0;0;0;0;0;0;0;0;0;0;30;33;20;45;30;29;20;45;30;25;20;45;30;26;20;45;200;227;100;300;200;224;100;300;200;0;100;300;200;0;100;300;30;33;20;45;30;29;20;45;30;26;20;45;30;28;20;45;200;242;100;300;200;240;100;300;200;0;100;300;200;0;100;300;4;2;0.4;6;4;5;0.4;6;4;2;0.4;6;4;5;0.4;6;4;2;0.4;6;4;6;0.4;6;4;2;0.4;6;4;6;0.4;6;NOK;NOK;OK;10000;10033;8000;11000;OK;8.64;0;8;12;NOK;N/A;1.95;N/A;N/A;N/A;9;11.5;7;18;OK;;0;0;0;-;Disabled;TempOk;1;230;112.4;0;0;0;349.9;441543200 volvo 589-1;441543200 volvo 589-1;441543200 volvo 589-1
20260331_19:38:16;26445;4;4;940;935.8;910;970;OK;940;956.9;910;970;OK;955.9;956.3;-15;-9.3;-50;-5;OK;-15;-8.5;-50;-5;OK;-11.4;-7.4;0;-15;-9.4;-50;-5;OK;330;341;330;500;OK;257.64;258.11;N/A;N/A;N/A;N/A;N/A;N/A;N/A;N/A;N/A;N/A;N/A;N/A;N/A;N/A;N/A;N/A;N/A;N/A;N/A;N/A;N/A;N/A;N/A;N/A;N/A;N/A;N/A;N/A;N/A;N/A;N/A;N/A;N/A;N/A;N/A;N/A;N/A;N/A;N/A;N/A;N/A;N/A;N/A;N/A;N/A;N/A;N/A;N/A;N/A;N/A;N/A;N/A;N/A;N/A;N/A;N/A;N/A;N/A;N/A;N/A;N/A;N/A;N/A;N/A;N/A;N/A;N/A;N/A;N/A;N/A;N/A;N/A;N/A;N/A;N/A;N/A;N/A;N/A;N/A;N/A;N/A;N/A;N/A;N/A;N/A;N/A;N/A;N/A;N/A;N/A;N/A;N/A;N/A;N/A;N/A;N/A;N/A;N/A;;0;422.8;0;0;;Disabled;TempStop;1;700;425.8;0;0;0;549.9;449.9;Enabled;PosOk;1;0;0;0;0;0;15;Disabled;0;0;0;0;0;0;0;0;0;0;0;0;0;0;0;0;0;0;0;0;0;0;0;0;0;0;0;0;0;0;0;0;0;0;0;0;0;0;0;0;0;0;0;0;0;0;0;0;0;0;0;0;0;0;0;0;0;0;0;0;0;0;0;0;0;0;0;0;0;0;30;32;20;45;30;29;20;45;30;26;20;45;30;25;20;45;200;227;100;300;200;224;100;300;200;0;100;300;200;0;100;300;30;32;20;45;30;29;20;45;30;26;20;45;30;28;20;45;200;242;100;300;200;240;100;300;200;0;100;300;200;0;100;300;4;2;0.4;6;4;5;0.4;6;4;2;0.4;6;4;5;0.4;6;4;2;0.4;6;4;5;0.4;6;4;2;0.4;6;4;6;0.4;6;NOK;NOK;OK;10000;10023;8000;11000;OK;8.64;0;8;12;NOK;N/A;1.95;N/A;N/A;N/A;9;11.7;7;18;OK;;0;0;0;-;Disabled;TempOk;1;230;117.6;0;0;0;349.9;441543200 volvo 589-1;441543200 volvo 589-1;441543200 volvo 589-1
20260331_19:38:46;26446;3;5;940;949.5;910;970;OK;940;954.7;910;970;OK;954.7;955;-20;-17.2;-50;-25;NOK;-20;-17.3;-50;-25;NOK;-18;-17.7;0;-20;-17.1;-50;-25;NOK;330;341;330;500;OK;0;0;N/A;N/A;N/A;N/A;N/A;N/A;N/A;N/A;N/A;N/A;N/A;N/A;N/A;N/A;N/A;N/A;N/A;N/A;N/A;N/A;N/A;N/A;N/A;N/A;N/A;N/A;N/A;N/A;N/A;N/A;N/A;N/A;N/A;N/A;N/A;N/A;N/A;N/A;N/A;N/A;N/A;N/A;N/A;N/A;N/A;N/A;N/A;N/A;N/A;N/A;N/A;N/A;N/A;N/A;N/A;N/A;N/A;N/A;N/A;N/A;N/A;N/A;N/A;N/A;N/A;N/A;N/A;N/A;N/A;N/A;N/A;N/A;N/A;N/A;N/A;N/A;N/A;N/A;N/A;N/A;N/A;N/A;N/A;N/A;N/A;N/A;N/A;N/A;N/A;N/A;N/A;N/A;N/A;N/A;N/A;N/A;N/A;N/A;;0;419.2;0;0;;Disabled;TempStop;1;700;422;0;0;0;549.9;449.9;Enabled;PosOk;1;0;0;0;0;0;15;Disabled;0;0;0;0;0;0;0;0;0;0;0;0;0;0;0;0;0;0;0;0;0;0;0;0;0;0;0;0;0;0;0;0;0;0;0;0;0;0;0;0;0;0;0;0;0;0;0;0;0;0;0;0;0;0;0;0;0;0;0;0;0;0;0;0;0;0;0;0;0;0;30;33;20;45;30;29;20;45;30;26;20;45;30;26;20;45;200;227;100;300;200;224;100;300;200;0;100;300;200;0;100;300;30;33;20;45;30;30;20;45;30;26;20;45;30;28;20;45;200;243;100;300;200;241;100;300;200;0;100;300;200;0;100;300;4;2;0.4;6;4;5;0.4;6;4;2;0.4;6;4;6;0.4;6;4;2;0.4;6;4;6;0.4;6;4;2;0.4;6;4;6;0.4;6;NOK;NOK;OK;10000;10038;8000;11000;OK;8.64;0;8;12;NOK;N/A;1.95;N/A;N/A;N/A;9;11.7;7;18;OK;;0;0;0;-;Disabled;TempOk;1;230;112;0;0;0;349.9;441543200 volvo 589-1;441543200 volvo 589-1;441543200 volvo 589-1
20260331_19:39:15;26447;2;5;940;930.9;910;970;OK;940;920.3;910;970;OK;912.8;917.5;-15;-15.1;-50;-20;NOK;-15;-15.1;-50;-20;NOK;-15;-15.3;0;-15;-15.1;-50;-20;NOK;330;341;330;500;OK;0;0;N/A;N/A;N/A;N/A;N/A;N/A;N/A;N/A;N/A;N/A;N/A;N/A;N/A;N/A;N/A;N/A;N/A;N/A;N/A;N/A;N/A;N/A;N/A;N/A;N/A;N/A;N/A;N/A;N/A;N/A;N/A;N/A;N/A;N/A;N/A;N/A;N/A;N/A;N/A;N/A;N/A;N/A;N/A;N/A;N/A;N/A;N/A;N/A;N/A;N/A;N/A;N/A;N/A;N/A;N/A;N/A;N/A;N/A;N/A;N/A;N/A;N/A;N/A;N/A;N/A;N/A;N/A;N/A;N/A;N/A;N/A;N/A;N/A;N/A;N/A;N/A;N/A;N/A;N/A;N/A;N/A;N/A;N/A;N/A;N/A;N/A;N/A;N/A;N/A;N/A;N/A;N/A;N/A;N/A;N/A;N/A;N/A;N/A;;0;419.3;0;0;;Disabled;TempStop;1;700;422.2;0;0;0;549.9;449.9;Enabled;PosOk;1;0;0;0;0;0;15;Disabled;0;0;0;0;0;0;0;0;0;0;0;0;0;0;0;0;0;0;0;0;0;0;0;0;0;0;0;0;0;0;0;0;0;0;0;0;0;0;0;0;0;0;0;0;0;0;0;0;0;0;0;0;0;0;0;0;0;0;0;0;0;0;0;0;0;0;0;0;0;0;30;33;20;45;30;30;20;45;30;26;20;45;30;26;20;45;200;227;100;300;200;224;100;300;200;0;100;300;200;0;100;300;30;33;20;45;30;30;20;45;30;26;20;45;30;28;20;45;200;242;100;300;200;240;100;300;200;0;100;300;200;0;100;300;4;2;0.4;6;4;5;0.4;6;4;2;0.4;6;4;5;0.4;6;4;2;0.4;6;4;6;0.4;6;4;2;0.4;6;4;6;0.4;6;NOK;NOK;OK;10000;10031;8000;11000;OK;8.65;0;8;12;NOK;N/A;1.95;N/A;N/A;N/A;9;11.7;7;18;OK;;0;0;0;-;Disabled;TempOk;1;230;113.6;0;0;0;349.9;441543200 volvo 589-1;441543200 volvo 589-1;441543200 volvo 589-1
20260331_19:39:45;26448;1;2;940;934.5;910;970;OK;940;945.9;910;970;OK;946.8;946.2;-20;-18.3;-50;-25;NOK;-20;-18.5;-50;-25;NOK;-17;-17.6;0;-20;-18.4;-50;-25;NOK;330;341;330;500;OK;0;0;N/A;N/A;N/A;N/A;N/A;N/A;N/A;N/A;N/A;N/A;N/A;N/A;N/A;N/A;N/A;N/A;N/A;N/A;N/A;N/A;N/A;N/A;N/A;N/A;N/A;N/A;N/A;N/A;N/A;N/A;N/A;N/A;N/A;N/A;N/A;N/A;N/A;N/A;N/A;N/A;N/A;N/A;N/A;N/A;N/A;N/A;N/A;N/A;N/A;N/A;N/A;N/A;N/A;N/A;N/A;N/A;N/A;N/A;N/A;N/A;N/A;N/A;N/A;N/A;N/A;N/A;N/A;N/A;N/A;N/A;N/A;N/A;N/A;N/A;N/A;N/A;N/A;N/A;N/A;N/A;N/A;N/A;N/A;N/A;N/A;N/A;N/A;N/A;N/A;N/A;N/A;N/A;N/A;N/A;N/A;N/A;N/A;N/A;;0;420.4;0;0;;Disabled;TempStop;1;700;423.2;0;0;0;549.9;449.9;Enabled;PosOk;1;0;0;0;0;0;15;Disabled;0;0;0;0;0;0;0;0;0;0;0;0;0;0;0;0;0;0;0;0;0;0;0;0;0;0;0;0;0;0;0;0;0;0;0;0;0;0;0;0;0;0;0;0;0;0;0;0;0;0;0;0;0;0;0;0;0;0;0;0;0;0;0;0;0;0;0;0;0;0;30;33;20;45;30;30;20;45;30;26;20;45;30;25;20;45;200;227;100;300;200;225;100;300;200;0;100;300;200;0;100;300;30;33;20;45;30;30;20;45;30;26;20;45;30;28;20;45;200;243;100;300;200;240;100;300;200;0;100;300;200;0;100;300;4;2;0.4;6;4;5;0.4;6;4;2;0.4;6;4;6;0.4;6;4;2;0.4;6;4;6;0.4;6;4;2;0.4;6;4;6;0.4;6;NOK;NOK;OK;10000;10053;8000;11000;OK;8.66;0;8;12;NOK;N/A;1.95;N/A;N/A;N/A;9;11.4;7;18;OK;;0;0;0;-;Disabled;TempOk;1;230;113.9;0;0;0;349.9;441543200 volvo 589-1;441543200 volvo 589-1;441543200 volvo 589-1
20260331_19:40:14;26449;2;2;940;934.3;910;970;OK;940;944.3;910;970;OK;945.6;943.5;-15;-17.7;-50;-20;NOK;-15;-17.8;-50;-20;NOK;-17.2;-17.4;0;-15;-17.8;-50;-20;NOK;330;341;330;500;OK;0;0;N/A;N/A;N/A;N/A;N/A;N/A;N/A;N/A;N/A;N/A;N/A;N/A;N/A;N/A;N/A;N/A;N/A;N/A;N/A;N/A;N/A;N/A;N/A;N/A;N/A;N/A;N/A;N/A;N/A;N/A;N/A;N/A;N/A;N/A;N/A;N/A;N/A;N/A;N/A;N/A;N/A;N/A;N/A;N/A;N/A;N/A;N/A;N/A;N/A;N/A;N/A;N/A;N/A;N/A;N/A;N/A;N/A;N/A;N/A;N/A;N/A;N/A;N/A;N/A;N/A;N/A;N/A;N/A;N/A;N/A;N/A;N/A;N/A;N/A;N/A;N/A;N/A;N/A;N/A;N/A;N/A;N/A;N/A;N/A;N/A;N/A;N/A;N/A;N/A;N/A;N/A;N/A;N/A;N/A;N/A;N/A;N/A;N/A;;0;426.1;0;0;;Disabled;TempStop;1;700;429.2;0;0;0;549.9;449.9;Enabled;PosOk;1;0;0;0;0;0;15;Disabled;0;0;0;0;0;0;0;0;0;0;0;0;0;0;0;0;0;0;0;0;0;0;0;0;0;0;0;0;0;0;0;0;0;0;0;0;0;0;0;0;0;0;0;0;0;0;0;0;0;0;0;0;0;0;0;0;0;0;0;0;0;0;0;0;0;0;0;0;0;0;30;33;20;45;30;30;20;45;30;26;20;45;30;26;20;45;200;228;100;300;200;225;100;300;200;0;100;300;200;0;100;300;30;33;20;45;30;30;20;45;30;26;20;45;30;28;20;45;200;242;100;300;200;240;100;300;200;0;100;300;200;0;100;300;4;2;0.4;6;4;5;0.4;6;4;2;0.4;6;4;5;0.4;6;4;2;0.4;6;4;5;0.4;6;4;2;0.4;6;4;5;0.4;6;NOK;NOK;OK;10000;10049;8000;11000;OK;8.65;0;8;12;NOK;N/A;1.95;N/A;N/A;N/A;9;11.6;7;18;OK;;0;0;0;-;Disabled;TempOk;1;230;110.9;0;0;0;349.9;441543200 volvo 589-1;441543200 volvo 589-1;441543200 volvo 589-1
20260331_19:40:43;26450;1;3;940;942.3;910;970;OK;940;952.8;910;970;OK;953.1;952.8;-20;-17.7;-50;-25;NOK;-20;-18.8;-50;-25;NOK;-18.8;-19.5;0;-20;-17.5;-50;-25;NOK;330;341;330;500;OK;0;0;N/A;N/A;N/A;N/A;N/A;N/A;N/A;N/A;N/A;N/A;N/A;N/A;N/A;N/A;N/A;N/A;N/A;N/A;N/A;N/A;N/A;N/A;N/A;N/A;N/A;N/A;N/A;N/A;N/A;N/A;N/A;N/A;N/A;N/A;N/A;N/A;N/A;N/A;N/A;N/A;N/A;N/A;N/A;N/A;N/A;N/A;N/A;N/A;N/A;N/A;N/A;N/A;N/A;N/A;N/A;N/A;N/A;N/A;N/A;N/A;N/A;N/A;N/A;N/A;N/A;N/A;N/A;N/A;N/A;N/A;N/A;N/A;N/A;N/A;N/A;N/A;N/A;N/A;N/A;N/A;N/A;N/A;N/A;N/A;N/A;N/A;N/A;N/A;N/A;N/A;N/A;N/A;N/A;N/A;N/A;N/A;N/A;N/A;;0;423;0;0;;Disabled;TempStop;1;700;425.8;0;0;0;549.9;449.9;Enabled;PosOk;1;0;0;0;0;0;15;Disabled;0;0;0;0;0;0;0;0;0;0;0;0;0;0;0;0;0;0;0;0;0;0;0;0;0;0;0;0;0;0;0;0;0;0;0;0;0;0;0;0;0;0;0;0;0;0;0;0;0;0;0;0;0;0;0;0;0;0;0;0;0;0;0;0;0;0;0;0;40;14;30;33;20;45;30;30;20;45;30;26;20;45;30;26;20;45;200;228;100;300;200;224;100;300;200;0;100;300;200;0;100;300;30;33;20;45;30;30;20;45;30;26;20;45;30;28;20;45;200;242;100;300;200;240;100;300;200;0;100;300;200;0;100;300;4;2;0.4;6;4;5;0.4;6;4;2;0.4;6;4;6;0.4;6;4;2;0.4;6;4;5;0.4;6;4;2;0.4;6;4;6;0.4;6;NOK;NOK;OK;10000;10023;8000;11000;OK;8.64;0;8;12;NOK;N/A;1.95;N/A;N/A;N/A;9;10.8;7;18;OK;;0;0;0;-;Disabled;TempOk;1;230;113.4;0;0;0;349.9;441543200 volvo 589-1;441543200 volvo 589-1;441543200 volvo 589-1
20260331_19:41:13;26451;4;2;940;948.1;910;970;OK;940;957.4;910;970;OK;956.2;956.8;-15;-15.4;-50;-5;OK;-15;-14.5;-50;-5;OK;-15.4;-15;0;-15;-15.3;-50;-5;OK;330;341;330;500;OK;257.86;258.33;N/A;N/A;N/A;N/A;N/A;N/A;N/A;N/A;N/A;N/A;N/A;N/A;N/A;N/A;N/A;N/A;N/A;N/A;N/A;N/A;N/A;N/A;N/A;N/A;N/A;N/A;N/A;N/A;N/A;N/A;N/A;N/A;N/A;N/A;N/A;N/A;N/A;N/A;N/A;N/A;N/A;N/A;N/A;N/A;N/A;N/A;N/A;N/A;N/A;N/A;N/A;N/A;N/A;N/A;N/A;N/A;N/A;N/A;N/A;N/A;N/A;N/A;N/A;N/A;N/A;N/A;N/A;N/A;N/A;N/A;N/A;N/A;N/A;N/A;N/A;N/A;N/A;N/A;N/A;N/A;N/A;N/A;N/A;N/A;N/A;N/A;N/A;N/A;N/A;N/A;N/A;N/A;N/A;N/A;N/A;N/A;N/A;N/A;;0;430.5;0;0;;Disabled;TempStop;1;700;433.4;0;0;0;549.9;449.9;Enabled;PosOk;1;0;0;0;0;0;15;Disabled;0;0;0;0;0;0;0;0;0;0;0;0;0;0;0;0;0;0;0;0;0;0;0;0;0;0;0;0;0;0;0;0;0;0;0;0;0;0;0;0;0;0;0;0;0;0;0;0;0;0;0;0;0;0;0;0;0;0;0;0;0;0;0;0;0;0;0;0;0;0;30;33;20;45;30;29;20;45;30;26;20;45;30;25;20;45;200;227;100;300;200;224;100;300;200;0;100;300;200;0;100;300;30;33;20;45;30;29;20;45;30;26;20;45;30;28;20;45;200;242;100;300;200;240;100;300;200;0;100;300;200;0;100;300;4;2;0.4;6;4;5;0.4;6;4;2;0.4;6;4;5;0.4;6;4;2;0.4;6;4;6;0.4;6;4;2;0.4;6;4;6;0.4;6;NOK;NOK;OK;10000;10035;8000;11000;OK;8.65;0;8;12;NOK;N/A;1.95;N/A;N/A;N/A;9;11.8;7;18;OK;;0;0;0;-;Disabled;TempOk;1;230;99.6;0;0;0;349.9;441543200 volvo 589-1;441543200 volvo 589-1;441543200 volvo 589-1
20260331_19:41:42;26452;3;3;940;940.6;910;970;OK;940;950.5;910;970;OK;950.5;950.5;-20;-18.4;-50;-25;NOK;-20;-18.4;-50;-25;NOK;-17.6;-17.8;0;-20;-18.4;-50;-25;NOK;330;341;330;500;OK;0;0;N/A;N/A;N/A;N/A;N/A;N/A;N/A;N/A;N/A;N/A;N/A;N/A;N/A;N/A;N/A;N/A;N/A;N/A;N/A;N/A;N/A;N/A;N/A;N/A;N/A;N/A;N/A;N/A;N/A;N/A;N/A;N/A;N/A;N/A;N/A;N/A;N/A;N/A;N/A;N/A;N/A;N/A;N/A;N/A;N/A;N/A;N/A;N/A;N/A;N/A;N/A;N/A;N/A;N/A;N/A;N/A;N/A;N/A;N/A;N/A;N/A;N/A;N/A;N/A;N/A;N/A;N/A;N/A;N/A;N/A;N/A;N/A;N/A;N/A;N/A;N/A;N/A;N/A;N/A;N/A;N/A;N/A;N/A;N/A;N/A;N/A;N/A;N/A;N/A;N/A;N/A;N/A;N/A;N/A;N/A;N/A;N/A;N/A;;0;422.4;0;0;;Disabled;TempStop;1;700;424.9;0;0;0;549.9;449.9;Enabled;PosOk;1;0;0;0;0;0;15;Disabled;0;0;0;0;0;0;0;0;0;0;0;0;0;0;0;0;0;0;0;0;0;0;0;0;0;0;0;0;0;0;0;0;0;0;0;0;0;0;0;0;0;0;0;0;0;0;0;0;0;0;0;0;0;0;0;0;0;0;0;0;0;0;0;0;0;0;0;0;0;0;30;33;20;45;30;29;20;45;30;26;20;45;30;25;20;45;200;227;100;300;200;224;100;300;200;0;100;300;200;0;100;300;30;33;20;45;30;30;20;45;30;26;20;45;30;28;20;45;200;243;100;300;200;241;100;300;200;0;100;300;200;0;100;300;4;2;0.4;6;4;5;0.4;6;4;2;0.4;6;4;5;0.4;6;4;2;0.4;6;4;5;0.4;6;4;2;0.4;6;4;5;0.4;6;NOK;NOK;OK;10000;10021;8000;11000;OK;8.63;0;8;12;NOK;N/A;1.95;N/A;N/A;N/A;9;11.7;7;18;OK;;0;0;0;-;Disabled;TempOk;1;230;114.8;0;0;0;349.9;441543200 volvo 589-1;441543200 volvo 589-1;441543200 volvo 589-1
20260331_19:42:12;26453;4;3;940;948.2;910;970;OK;940;956.4;910;970;OK;955.1;955.6;-15;-16;-50;-5;OK;-15;-16.4;-50;-5;OK;-16.2;-16.5;0;-15;-15.9;-50;-5;OK;330;341;330;500;OK;257.96;258.43;N/A;N/A;N/A;N/A;N/A;N/A;N/A;N/A;N/A;N/A;N/A;N/A;N/A;N/A;N/A;N/A;N/A;N/A;N/A;N/A;N/A;N/A;N/A;N/A;N/A;N/A;N/A;N/A;N/A;N/A;N/A;N/A;N/A;N/A;N/A;N/A;N/A;N/A;N/A;N/A;N/A;N/A;N/A;N/A;N/A;N/A;N/A;N/A;N/A;N/A;N/A;N/A;N/A;N/A;N/A;N/A;N/A;N/A;N/A;N/A;N/A;N/A;N/A;N/A;N/A;N/A;N/A;N/A;N/A;N/A;N/A;N/A;N/A;N/A;N/A;N/A;N/A;N/A;N/A;N/A;N/A;N/A;N/A;N/A;N/A;N/A;N/A;N/A;N/A;N/A;N/A;N/A;N/A;N/A;N/A;N/A;N/A;N/A;;0;415.5;0;0;;Disabled;TempStop;1;700;418.3;0;0;0;549.9;449.9;Enabled;PosOk;1;0;0;0;0;0;15;Disabled;0;0;0;0;0;0;0;0;0;0;0;0;0;0;0;0;0;0;0;0;0;0;0;0;0;0;0;0;0;0;0;0;0;0;0;0;0;0;0;0;0;0;0;0;0;0;0;0;0;0;0;0;0;0;0;0;0;0;0;0;0;0;0;0;0;0;0;0;0;0;30;33;20;45;30;30;20;45;30;26;20;45;30;26;20;45;200;227;100;300;200;224;100;300;200;0;100;300;200;1;100;300;30;33;20;45;30;30;20;45;30;26;20;45;30;28;20;45;200;242;100;300;200;241;100;300;200;0;100;300;200;0;100;300;4;2;0.4;6;4;5;0.4;6;4;2;0.4;6;4;5;0.4;6;4;2;0.4;6;4;6;0.4;6;4;2;0.4;6;4;6;0.4;6;NOK;NOK;OK;10000;10057;8000;11000;OK;8.66;0;8;12;NOK;N/A;1.95;N/A;N/A;N/A;9;11.8;7;18;OK;;0;0;0;-;Disabled;TempOk;1;230;115.2;0;0;0;349.9;441543200 volvo 589-1;441543200 volvo 589-1;441543200 volvo 589-1
20260331_19:42:41;26454;1;4;940;935.1;910;970;OK;940;942.1;910;970;OK;943.6;942.9;-20;-11.8;-50;-25;NOK;-20;-11.8;-50;-25;NOK;-16.4;-13.9;0;-20;-11.8;-50;-25;NOK;330;341;330;500;OK;0;0;N/A;N/A;N/A;N/A;N/A;N/A;N/A;N/A;N/A;N/A;N/A;N/A;N/A;N/A;N/A;N/A;N/A;N/A;N/A;N/A;N/A;N/A;N/A;N/A;N/A;N/A;N/A;N/A;N/A;N/A;N/A;N/A;N/A;N/A;N/A;N/A;N/A;N/A;N/A;N/A;N/A;N/A;N/A;N/A;N/A;N/A;N/A;N/A;N/A;N/A;N/A;N/A;N/A;N/A;N/A;N/A;N/A;N/A;N/A;N/A;N/A;N/A;N/A;N/A;N/A;N/A;N/A;N/A;N/A;N/A;N/A;N/A;N/A;N/A;N/A;N/A;N/A;N/A;N/A;N/A;N/A;N/A;N/A;N/A;N/A;N/A;N/A;N/A;N/A;N/A;N/A;N/A;N/A;N/A;N/A;N/A;N/A;N/A;;0;419.1;0;0;;Disabled;TempStop;1;700;422;0;0;0;549.9;449.9;Enabled;PosOk;1;0;0;0;0;0;15;Disabled;0;0;0;0;0;0;0;0;0;0;0;0;0;0;0;0;0;0;0;0;0;0;0;0;0;0;0;0;0;0;0;0;0;0;0;0;0;0;0;0;0;0;0;0;0;0;0;0;0;0;0;0;0;0;0;0;0;0;0;0;0;0;0;0;0;0;0;0;42;12;30;33;20;45;30;30;20;45;30;26;20;45;30;26;20;45;200;227;100;300;200;224;100;300;200;0;100;300;200;1;100;300;30;33;20;45;30;30;20;45;30;26;20;45;30;28;20;45;200;243;100;300;200;240;100;300;200;0;100;300;200;0;100;300;4;2;0.4;6;4;5;0.4;6;4;2;0.4;6;4;5;0.4;6;4;2;0.4;6;4;6;0.4;6;4;2;0.4;6;4;6;0.4;6;NOK;NOK;OK;10000;10057;8000;11000;OK;8.66;0;8;12;NOK;N/A;1.95;N/A;N/A;N/A;9;10.8;7;18;OK;;0;0;0;-;Disabled;TempOk;1;230;112.5;0;0;0;349.9;441543200 volvo 589-1;441543200 volvo 589-1;441543200 volvo 589-1
20260331_19:43:10;26455;2;4;940;940.2;910;970;OK;940;947.3;910;970;OK;947.8;947.5;-15;-18.7;-50;-20;NOK;-15;-18.9;-50;-20;NOK;-18.3;-18.6;0;-15;-18.7;-50;-20;NOK;330;341;330;500;OK;0;0;N/A;N/A;N/A;N/A;N/A;N/A;N/A;N/A;N/A;N/A;N/A;N/A;N/A;N/A;N/A;N/A;N/A;N/A;N/A;N/A;N/A;N/A;N/A;N/A;N/A;N/A;N/A;N/A;N/A;N/A;N/A;N/A;N/A;N/A;N/A;N/A;N/A;N/A;N/A;N/A;N/A;N/A;N/A;N/A;N/A;N/A;N/A;N/A;N/A;N/A;N/A;N/A;N/A;N/A;N/A;N/A;N/A;N/A;N/A;N/A;N/A;N/A;N/A;N/A;N/A;N/A;N/A;N/A;N/A;N/A;N/A;N/A;N/A;N/A;N/A;N/A;N/A;N/A;N/A;N/A;N/A;N/A;N/A;N/A;N/A;N/A;N/A;N/A;N/A;N/A;N/A;N/A;N/A;N/A;N/A;N/A;N/A;N/A;;0;415.3;0;0;;Disabled;TempStop;1;700;418;0;0;0;549.9;449.9;Enabled;PosOk;1;0;0;0;0;0;15;Disabled;0;0;0;0;0;0;0;0;0;0;0;0;0;0;0;0;0;0;0;0;0;0;0;0;0;0;0;0;0;0;0;0;0;0;0;0;0;0;0;0;0;0;0;0;0;0;0;0;0;0;0;0;0;0;0;0;0;0;0;0;0;0;0;0;0;0;0;0;0;0;30;33;20;45;30;30;20;45;30;26;20;45;30;26;20;45;200;227;100;300;200;224;100;300;200;0;100;300;200;0;100;300;30;33;20;45;30;30;20;45;30;26;20;45;30;28;20;45;200;243;100;300;200;240;100;300;200;0;100;300;200;1;100;300;4;2;0.4;6;4;5;0.4;6;4;2;0.4;6;4;5;0.4;6;4;2;0.4;6;4;5;0.4;6;4;2;0.4;6;4;6;0.4;6;NOK;NOK;OK;10000;10036;8000;11000;OK;8.65;0;8;12;NOK;N/A;1.95;N/A;N/A;N/A;9;11.7;7;18;OK;;0;0;0;-;Disabled;TempOk;1;230;115.6;0;0;0;349.9;441543200 volvo 589-1;441543200 volvo 589-1;441543200 volvo 589-1
20260331_19:43:40;26456;3;4;940;944.4;910;970;OK;940;953.4;910;970;OK;953.5;953.5;-20;-14.8;-50;-25;NOK;-20;-15.4;-50;-25;NOK;-20.1;-18.6;0;-20;-14.8;-50;-25;NOK;330;341;330;500;OK;0;0;N/A;N/A;N/A;N/A;N/A;N/A;N/A;N/A;N/A;N/A;N/A;N/A;N/A;N/A;N/A;N/A;N/A;N/A;N/A;N/A;N/A;N/A;N/A;N/A;N/A;N/A;N/A;N/A;N/A;N/A;N/A;N/A;N/A;N/A;N/A;N/A;N/A;N/A;N/A;N/A;N/A;N/A;N/A;N/A;N/A;N/A;N/A;N/A;N/A;N/A;N/A;N/A;N/A;N/A;N/A;N/A;N/A;N/A;N/A;N/A;N/A;N/A;N/A;N/A;N/A;N/A;N/A;N/A;N/A;N/A;N/A;N/A;N/A;N/A;N/A;N/A;N/A;N/A;N/A;N/A;N/A;N/A;N/A;N/A;N/A;N/A;N/A;N/A;N/A;N/A;N/A;N/A;N/A;N/A;N/A;N/A;N/A;N/A;;0;418.4;0;0;;Disabled;TempStop;1;700;421.2;0;0;0;549.9;449.9;Enabled;PosOk;1;0;0;0;0;0;15;Disabled;0;0;0;0;0;0;0;0;0;0;0;0;0;0;0;0;0;0;0;0;0;0;0;0;0;0;0;0;0;0;0;0;0;0;0;0;0;0;0;0;0;0;0;0;0;0;0;0;0;0;0;0;0;0;0;0;0;0;0;0;0;0;0;0;0;0;0;0;0;0;30;33;20;45;30;30;20;45;30;26;20;45;30;26;20;45;200;227;100;300;200;224;100;300;200;0;100;300;200;0;100;300;30;33;20;45;30;30;20;45;30;26;20;45;30;27;20;45;200;242;100;300;200;240;100;300;200;0;100;300;200;0;100;300;4;2;0.4;6;4;5;0.4;6;4;2;0.4;6;4;6;0.4;6;4;2;0.4;6;4;5;0.4;6;4;2;0.4;6;4;6;0.4;6;NOK;NOK;OK;10000;10039;8000;11000;OK;8.69;0;8;12;NOK;N/A;1.95;N/A;N/A;N/A;9;11.7;7;18;OK;;0;0;0;-;Disabled;TempOk;1;230;112.5;0;0;0;349.9;441543200 volvo 589-1;441543200 volvo 589-1;441543200 volvo 589-1
20260331_19:44:09;26457;4;4;940;936.2;910;970;OK;940;958.2;910;970;OK;957.1;957.6;-15;-9.2;-50;-5;OK;-15;-8.4;-50;-5;OK;-11.2;-7.3;0;-15;-9.3;-50;-5;OK;330;341;330;500;OK;258.13;258.61;N/A;N/A;N/A;N/A;N/A;N/A;N/A;N/A;N/A;N/A;N/A;N/A;N/A;N/A;N/A;N/A;N/A;N/A;N/A;N/A;N/A;N/A;N/A;N/A;N/A;N/A;N/A;N/A;N/A;N/A;N/A;N/A;N/A;N/A;N/A;N/A;N/A;N/A;N/A;N/A;N/A;N/A;N/A;N/A;N/A;N/A;N/A;N/A;N/A;N/A;N/A;N/A;N/A;N/A;N/A;N/A;N/A;N/A;N/A;N/A;N/A;N/A;N/A;N/A;N/A;N/A;N/A;N/A;N/A;N/A;N/A;N/A;N/A;N/A;N/A;N/A;N/A;N/A;N/A;N/A;N/A;N/A;N/A;N/A;N/A;N/A;N/A;N/A;N/A;N/A;N/A;N/A;N/A;N/A;N/A;N/A;N/A;N/A;;0;425.1;0;0;;Disabled;TempStop;1;700;428.2;0;0;0;549.9;449.9;Enabled;PosOk;1;0;0;0;0;0;15;Disabled;0;0;0;0;0;0;0;0;0;0;0;0;0;0;0;0;0;0;0;0;0;0;0;0;0;0;0;0;0;0;0;0;0;0;0;0;0;0;0;0;0;0;0;0;0;0;0;0;0;0;0;0;0;0;0;0;0;0;0;0;0;0;0;0;0;0;0;0;0;0;30;33;20;45;30;30;20;45;30;26;20;45;30;25;20;45;200;227;100;300;200;224;100;300;200;0;100;300;200;0;100;300;30;33;20;45;30;30;20;45;30;26;20;45;30;28;20;45;200;243;100;300;200;240;100;300;200;0;100;300;200;0;100;300;4;2;0.4;6;4;5;0.4;6;4;2;0.4;6;4;6;0.4;6;4;2;0.4;6;4;5;0.4;6;4;2;0.4;6;4;6;0.4;6;NOK;NOK;OK;10000;10043;8000;11000;OK;8.66;0;8;12;NOK;N/A;1.95;N/A;N/A;N/A;9;11.7;7;18;OK;;0;0;0;-;Disabled;TempOk;1;230;119.6;0;0;0;349.9;441543200 volvo 589-1;441543200 volvo 589-1;441543200 volvo 589-1
20260331_19:44:39;26459;2;5;940;913.8;910;970;OK;940;908.8;910;970;NOK;898.9;906.4;-15;-15;-50;-20;NOK;-15;-13.8;-50;-20;NOK;-14.9;-14.9;0;-15;-15;-50;-20;NOK;330;341;330;500;OK;0;0;;;;;;;;;;;;;;;;;;;;;;;;;;;;;;;;;;;;;;;;;;;;;;;;;;;;;;;;;;;;;;;;;;;;;;;;;;;;;;;;;;;;;;;;;;;;;;;;;;;;;;;;;;;;;;;;;;;;;;;;;;;;;;;;;;;;;;;;;;;;;;;;;;;;;;;;;;;;;;;;;;;;;;;;;;;;;;;;;;;;;;;;;;;;;;;;;;;;;;;;;;;;;;;;;;;;;;;;;;;;;;;;;;;;;;;;;;;;;;;;;;;;;;;;;;;;;;;;;;;;;;;;;;;;;;;;;;;;;;;;;;;;;;;;;;;;;;;;;;;;;;;;;;;;;;;;;;;;;;;;;;;;;;;;441543200 volvo 589-1;;;;
20260331_19:44:39;26458;3;5;940;949.3;910;970;OK;940;934.3;910;970;OK;925.1;930.6;-20;-16.7;-50;-25;NOK;-20;-17.4;-50;-25;NOK;-18.4;-18;0;-20;-16.6;-50;-25;NOK;330;341;330;500;OK;0;0;N/A;N/A;N/A;N/A;N/A;N/A;N/A;N/A;N/A;N/A;N/A;N/A;N/A;N/A;N/A;N/A;N/A;N/A;N/A;N/A;N/A;N/A;N/A;N/A;N/A;N/A;N/A;N/A;N/A;N/A;N/A;N/A;N/A;N/A;N/A;N/A;N/A;N/A;N/A;N/A;N/A;N/A;N/A;N/A;N/A;N/A;N/A;N/A;N/A;N/A;N/A;N/A;N/A;N/A;N/A;N/A;N/A;N/A;N/A;N/A;N/A;N/A;N/A;N/A;N/A;N/A;N/A;N/A;N/A;N/A;N/A;N/A;N/A;N/A;N/A;N/A;N/A;N/A;N/A;N/A;N/A;N/A;N/A;N/A;N/A;N/A;N/A;N/A;N/A;N/A;N/A;N/A;N/A;N/A;N/A;N/A;N/A;N/A;;0;410.7;0;0;;Disabled;TempStop;1;700;413.5;0;0;0;549.9;449.9;Enabled;PosOk;1;0;0;0;0;0;15;Disabled;0;0;0;0;0;0;0;0;0;0;0;0;0;0;0;0;0;0;0;0;0;0;0;0;0;0;0;0;0;0;0;0;0;0;0;0;0;0;0;0;0;0;0;0;0;0;0;0;0;0;0;0;0;0;0;0;0;0;0;0;0;0;0;0;0;0;0;0;0;0;30;33;20;45;30;29;20;45;30;26;20;45;30;25;20;45;200;227;100;300;200;224;100;300;200;0;100;300;200;0;100;300;30;33;20;45;30;29;20;45;30;26;20;45;30;28;20;45;200;243;100;300;200;240;100;300;200;0;100;300;200;1;100;300;4;2;0.4;6;4;5;0.4;6;4;2;0.4;6;4;5;0.4;6;4;2;0.4;6;4;6;0.4;6;4;2;0.4;6;4;6;0.4;6;NOK;NOK;OK;10000;10032;8000;11000;OK;8.64;0;8;12;NOK;N/A;1.95;N/A;N/A;N/A;9;11.7;7;18;OK;;0;0;0;-;Disabled;TempOk;1;230;113.9;0;0;0;349.9;441543200 volvo 589-1;441543200 volvo 589-1;441543200 volvo 589-1
20260331_19:45:37;26460;1;2;940;937.7;910;970;OK;940;949;910;970;OK;949.4;949.1;-20;-18.7;-50;-25;NOK;-20;-18.7;-50;-25;NOK;-17.2;-17.7;0;-20;-18.7;-50;-25;NOK;330;341;330;500;OK;0;0;N/A;N/A;N/A;N/A;N/A;N/A;N/A;N/A;N/A;N/A;N/A;N/A;N/A;N/A;N/A;N/A;N/A;N/A;N/A;N/A;N/A;N/A;N/A;N/A;N/A;N/A;N/A;N/A;N/A;N/A;N/A;N/A;N/A;N/A;N/A;N/A;N/A;N/A;N/A;N/A;N/A;N/A;N/A;N/A;N/A;N/A;N/A;N/A;N/A;N/A;N/A;N/A;N/A;N/A;N/A;N/A;N/A;N/A;N/A;N/A;N/A;N/A;N/A;N/A;N/A;N/A;N/A;N/A;N/A;N/A;N/A;N/A;N/A;N/A;N/A;N/A;N/A;N/A;N/A;N/A;N/A;N/A;N/A;N/A;N/A;N/A;N/A;N/A;N/A;N/A;N/A;N/A;N/A;N/A;N/A;N/A;N/A;N/A;;0;385.7;0;0;;Disabled;TempStop;1;700;388.9;0;0;0;549.9;449.9;Enabled;PosOk;1;0;0;0;0;0;15;Disabled;0;0;0;0;0;0;0;0;0;0;0;0;0;0;0;0;0;0;0;0;0;0;0;0;0;0;0;0;0;0;0;0;0;0;0;0;0;0;0;0;0;0;0;0;0;0;0;0;0;0;0;0;0;0;0;0;0;0;0;0;0;0;0;0;0;0;0;0;0;0;30;31;20;45;30;30;20;45;30;26;20;45;30;26;20;45;200;227;100;300;200;224;100;300;200;0;100;300;200;0;100;300;30;32;20;45;30;30;20;45;30;26;20;45;30;28;20;45;200;242;100;300;200;240;100;300;200;0;100;300;200;0;100;300;4;2;0.4;6;4;6;0.4;6;4;2;0.4;6;4;5;0.4;6;4;2;0.4;6;4;6;0.4;6;4;2;0.4;6;4;6;0.4;6;NOK;NOK;OK;10000;10020;8000;11000;OK;8.64;0;8;12;NOK;N/A;1.95;N/A;N/A;N/A;9;11.3;7;18;OK;;0;0;0;-;Disabled;TempOk;1;230;101.1;0;0;0;349.9;441543200 volvo 589-1;441543200 volvo 589-1;441543200 volvo 589-1
20260331_19:46:07;26461;2;2;940;935.3;910;970;OK;940;944.9;910;970;OK;945.9;944.8;-15;-18;-50;-20;NOK;-15;-17.6;-50;-20;NOK;-17.4;-17.5;0;-15;-18;-50;-20;NOK;330;341;330;500;OK;0;0;N/A;N/A;N/A;N/A;N/A;N/A;N/A;N/A;N/A;N/A;N/A;N/A;N/A;N/A;N/A;N/A;N/A;N/A;N/A;N/A;N/A;N/A;N/A;N/A;N/A;N/A;N/A;N/A;N/A;N/A;N/A;N/A;N/A;N/A;N/A;N/A;N/A;N/A;N/A;N/A;N/A;N/A;N/A;N/A;N/A;N/A;N/A;N/A;N/A;N/A;N/A;N/A;N/A;N/A;N/A;N/A;N/A;N/A;N/A;N/A;N/A;N/A;N/A;N/A;N/A;N/A;N/A;N/A;N/A;N/A;N/A;N/A;N/A;N/A;N/A;N/A;N/A;N/A;N/A;N/A;N/A;N/A;N/A;N/A;N/A;N/A;N/A;N/A;N/A;N/A;N/A;N/A;N/A;N/A;N/A;N/A;N/A;N/A;;0;416.2;0;0;;Disabled;TempStop;1;700;419.3;0;0;0;549.9;449.9;Enabled;PosOk;1;0;0;0;0;0;15;Disabled;0;0;0;0;0;0;0;0;0;0;0;0;0;0;0;0;0;0;0;0;0;0;0;0;0;0;0;0;0;0;0;0;0;0;0;0;0;0;0;0;0;0;0;0;0;0;0;0;0;0;0;0;0;0;0;0;0;0;0;0;0;0;0;0;0;0;0;0;0;0;30;32;20;45;30;30;20;45;30;26;20;45;30;25;20;45;200;227;100;300;200;224;100;300;200;0;100;300;200;0;100;300;30;33;20;45;30;30;20;45;30;26;20;45;30;28;20;45;200;243;100;300;200;240;100;300;200;0;100;300;200;0;100;300;4;2;0.4;6;4;5;0.4;6;4;2;0.4;6;4;5;0.4;6;4;2;0.4;6;4;6;0.4;6;4;2;0.4;6;4;6;0.4;6;NOK;NOK;OK;10000;10054;8000;11000;OK;8.66;0;8;12;NOK;N/A;1.95;N/A;N/A;N/A;9;11.8;7;18;OK;;0;0;0;-;Disabled;TempOk;1;230;106.2;0;0;0;349.9;441543200 volvo 589-1;441543200 volvo 589-1;441543200 volvo 589-1
20260331_19:46:36;26462;1;3;940;943.9;910;970;OK;940;954.8;910;970;OK;954.8;954.7;-20;-17.7;-50;-25;NOK;-20;-18.7;-50;-25;NOK;-19;-19.7;0;-20;-17.5;-50;-25;NOK;330;341;330;500;OK;0;0;N/A;N/A;N/A;N/A;N/A;N/A;N/A;N/A;N/A;N/A;N/A;N/A;N/A;N/A;N/A;N/A;N/A;N/A;N/A;N/A;N/A;N/A;N/A;N/A;N/A;N/A;N/A;N/A;N/A;N/A;N/A;N/A;N/A;N/A;N/A;N/A;N/A;N/A;N/A;N/A;N/A;N/A;N/A;N/A;N/A;N/A;N/A;N/A;N/A;N/A;N/A;N/A;N/A;N/A;N/A;N/A;N/A;N/A;N/A;N/A;N/A;N/A;N/A;N/A;N/A;N/A;N/A;N/A;N/A;N/A;N/A;N/A;N/A;N/A;N/A;N/A;N/A;N/A;N/A;N/A;N/A;N/A;N/A;N/A;N/A;N/A;N/A;N/A;N/A;N/A;N/A;N/A;N/A;N/A;N/A;N/A;N/A;N/A;;0;427.4;0;0;;Disabled;TempStop;1;700;430.9;0;0;0;549.9;449.9;Enabled;PosOk;1;0;0;0;0;0;15;Disabled;0;0;0;0;0;0;0;0;0;0;0;0;0;0;0;0;0;0;0;0;0;0;0;0;0;0;0;0;0;0;0;0;0;0;0;0;0;0;0;0;0;0;0;0;0;0;0;0;0;0;0;0;0;0;0;0;0;0;0;0;0;0;0;0;0;0;0;0;46;7;30;33;20;45;30;30;20;45;30;26;20;45;30;26;20;45;200;228;100;300;200;225;100;300;200;0;100;300;200;0;100;300;30;33;20;45;30;29;20;45;30;26;20;45;30;28;20;45;200;243;100;300;200;240;100;300;200;0;100;300;200;0;100;300;4;2;0.4;6;4;5;0.4;6;4;2;0.4;6;4;5;0.4;6;4;2;0.4;6;4;6;0.4;6;4;2;0.4;6;4;6;0.4;6;NOK;NOK;OK;10000;10057;8000;11000;OK;8.66;0;8;12;NOK;N/A;1.95;N/A;N/A;N/A;9;11.3;7;18;OK;;0;0;0;-;Disabled;TempOk;1;230;112.9;0;0;0;349.9;441543200 volvo 589-1;441543200 volvo 589-1;441543200 volvo 589-1
20260331_19:47:06;26463;4;2;940;950.9;910;970;OK;940;958.6;910;970;OK;957.4;958;-15;-14.4;-50;-5;OK;-15;-14.7;-50;-5;OK;-15.4;-15.2;0;-15;-14.3;-50;-5;OK;330;341;330;500;OK;258.35;258.83;N/A;N/A;N/A;N/A;N/A;N/A;N/A;N/A;N/A;N/A;N/A;N/A;N/A;N/A;N/A;N/A;N/A;N/A;N/A;N/A;N/A;N/A;N/A;N/A;N/A;N/A;N/A;N/A;N/A;N/A;N/A;N/A;N/A;N/A;N/A;N/A;N/A;N/A;N/A;N/A;N/A;N/A;N/A;N/A;N/A;N/A;N/A;N/A;N/A;N/A;N/A;N/A;N/A;N/A;N/A;N/A;N/A;N/A;N/A;N/A;N/A;N/A;N/A;N/A;N/A;N/A;N/A;N/A;N/A;N/A;N/A;N/A;N/A;N/A;N/A;N/A;N/A;N/A;N/A;N/A;N/A;N/A;N/A;N/A;N/A;N/A;N/A;N/A;N/A;N/A;N/A;N/A;N/A;N/A;N/A;N/A;N/A;N/A;;0;435.8;0;0;;Disabled;TempStop;1;700;438.8;0;0;0;549.9;449.9;Enabled;PosOk;1;0;0;0;0;0;15;Disabled;0;0;0;0;0;0;0;0;0;0;0;0;0;0;0;0;0;0;0;0;0;0;0;0;0;0;0;0;0;0;0;0;0;0;0;0;0;0;0;0;0;0;0;0;0;0;0;0;0;0;0;0;0;0;0;0;0;0;0;0;0;0;0;0;0;0;0;0;0;0;30;33;20;45;30;29;20;45;30;26;20;45;30;25;20;45;200;227;100;300;200;224;100;300;200;0;100;300;200;0;100;300;30;32;20;45;30;29;20;45;30;26;20;45;30;28;20;45;200;242;100;300;200;240;100;300;200;0;100;300;200;0;100;300;4;2;0.4;6;4;5;0.4;6;4;2;0.4;6;4;5;0.4;6;4;2;0.4;6;4;6;0.4;6;4;2;0.4;6;4;6;0.4;6;NOK;NOK;OK;10000;10058;8000;11000;OK;8.66;0;8;12;NOK;N/A;1.95;N/A;N/A;N/A;9;11.8;7;18;OK;;0;0;0;-;Disabled;TempOk;1;230;116.5;0;0;0;349.9;441543200 volvo 589-1;441543200 volvo 589-1;441543200 volvo 589-1
20260331_19:47:35;26464;3;3;940;942;910;970;OK;940;951.9;910;970;OK;951.8;951.8;-20;-18.6;-50;-25;NOK;-20;-18.3;-50;-25;NOK;-17.7;-17.8;0;-20;-18.6;-50;-25;NOK;330;341;330;500;OK;0;0;N/A;N/A;N/A;N/A;N/A;N/A;N/A;N/A;N/A;N/A;N/A;N/A;N/A;N/A;N/A;N/A;N/A;N/A;N/A;N/A;N/A;N/A;N/A;N/A;N/A;N/A;N/A;N/A;N/A;N/A;N/A;N/A;N/A;N/A;N/A;N/A;N/A;N/A;N/A;N/A;N/A;N/A;N/A;N/A;N/A;N/A;N/A;N/A;N/A;N/A;N/A;N/A;N/A;N/A;N/A;N/A;N/A;N/A;N/A;N/A;N/A;N/A;N/A;N/A;N/A;N/A;N/A;N/A;N/A;N/A;N/A;N/A;N/A;N/A;N/A;N/A;N/A;N/A;N/A;N/A;N/A;N/A;N/A;N/A;N/A;N/A;N/A;N/A;N/A;N/A;N/A;N/A;N/A;N/A;N/A;N/A;N/A;N/A;;0;420.4;0;0;;Disabled;TempStop;1;700;423.6;0;0;0;549.9;449.9;Enabled;PosOk;1;0;0;0;0;0;15;Disabled;0;0;0;0;0;0;0;0;0;0;0;0;0;0;0;0;0;0;0;0;0;0;0;0;0;0;0;0;0;0;0;0;0;0;0;0;0;0;0;0;0;0;0;0;0;0;0;0;0;0;0;0;0;0;0;0;0;0;0;0;0;0;0;0;0;0;0;0;0;0;30;33;20;45;30;29;20;45;30;26;20;45;30;26;20;45;200;227;100;300;200;224;100;300;200;0;100;300;200;0;100;300;30;33;20;45;30;30;20;45;30;26;20;45;30;28;20;45;200;243;100;300;200;240;100;300;200;0;100;300;200;0;100;300;4;2;0.4;6;4;6;0.4;6;4;2;0.4;6;4;5;0.4;6;4;2;0.4;6;4;6;0.4;6;4;2;0.4;6;4;6;0.4;6;NOK;NOK;OK;10000;10051;8000;11000;OK;8.66;0;8;12;NOK;N/A;1.95;N/A;N/A;N/A;9;11.8;7;18;OK;;0;0;0;-;Disabled;TempOk;1;230;113.1;0;0;0;349.9;441543200 volvo 589-1;441543200 volvo 589-1;441543200 volvo 589-1
20260331_19:48:05;26465;4;3;940;948.6;910;970;OK;940;957.8;910;970;OK;956.4;956.8;-15;-15.7;-50;-5;OK;-15;-16.7;-50;-5;OK;-16.7;-17.1;0;-15;-15.6;-50;-5;OK;330;341;330;500;OK;258.45;258.93;N/A;N/A;N/A;N/A;N/A;N/A;N/A;N/A;N/A;N/A;N/A;N/A;N/A;N/A;N/A;N/A;N/A;N/A;N/A;N/A;N/A;N/A;N/A;N/A;N/A;N/A;N/A;N/A;N/A;N/A;N/A;N/A;N/A;N/A;N/A;N/A;N/A;N/A;N/A;N/A;N/A;N/A;N/A;N/A;N/A;N/A;N/A;N/A;N/A;N/A;N/A;N/A;N/A;N/A;N/A;N/A;N/A;N/A;N/A;N/A;N/A;N/A;N/A;N/A;N/A;N/A;N/A;N/A;N/A;N/A;N/A;N/A;N/A;N/A;N/A;N/A;N/A;N/A;N/A;N/A;N/A;N/A;N/A;N/A;N/A;N/A;N/A;N/A;N/A;N/A;N/A;N/A;N/A;N/A;N/A;N/A;N/A;N/A;;0;425.3;0;0;;Disabled;TempStop;1;700;428.3;0;0;0;549.9;449.9;Enabled;PosOk;1;0;0;0;0;0;15;Disabled;0;0;0;0;0;0;0;0;0;0;0;0;0;0;0;0;0;0;0;0;0;0;0;0;0;0;0;0;0;0;0;0;0;0;0;0;0;0;0;0;0;0;0;0;0;0;0;0;0;0;0;0;0;0;0;0;0;0;0;0;0;0;0;0;0;0;0;0;0;0;30;33;20;45;30;30;20;45;30;25;20;45;30;26;20;45;200;227;100;300;200;224;100;300;200;0;100;300;200;0;100;300;30;33;20;45;30;30;20;45;30;26;20;45;30;28;20;45;200;242;100;300;200;240;100;300;200;0;100;300;200;0;100;300;4;2;0.4;6;4;5;0.4;6;4;2;0.4;6;4;5;0.4;6;4;2;0.4;6;4;5;0.4;6;4;2;0.4;6;4;6;0.4;6;NOK;NOK;OK;10000;10033;8000;11000;OK;8.65;0;8;12;NOK;N/A;1.95;N/A;N/A;N/A;9;11.7;7;18;OK;;0;0;0;-;Disabled;TempOk;1;230;109;0;0;0;349.9;441543200 volvo 589-1;441543200 volvo 589-1;441543200 volvo 589-1
20260331_19:48:34;26466;1;4;940;935.3;910;970;OK;940;943;910;970;OK;944.4;943.6;-20;-11.8;-50;-25;NOK;-20;-11.7;-50;-25;NOK;-16.5;-14;0;-20;-11.8;-50;-25;NOK;330;341;330;500;OK;0;0;N/A;N/A;N/A;N/A;N/A;N/A;N/A;N/A;N/A;N/A;N/A;N/A;N/A;N/A;N/A;N/A;N/A;N/A;N/A;N/A;N/A;N/A;N/A;N/A;N/A;N/A;N/A;N/A;N/A;N/A;N/A;N/A;N/A;N/A;N/A;N/A;N/A;N/A;N/A;N/A;N/A;N/A;N/A;N/A;N/A;N/A;N/A;N/A;N/A;N/A;N/A;N/A;N/A;N/A;N/A;N/A;N/A;N/A;N/A;N/A;N/A;N/A;N/A;N/A;N/A;N/A;N/A;N/A;N/A;N/A;N/A;N/A;N/A;N/A;N/A;N/A;N/A;N/A;N/A;N/A;N/A;N/A;N/A;N/A;N/A;N/A;N/A;N/A;N/A;N/A;N/A;N/A;N/A;N/A;N/A;N/A;N/A;N/A;;0;432.6;0;0;;Disabled;TempStop;1;700;435.2;0;0;0;549.9;449.9;Enabled;PosOk;1;0;0;0;0;0;15;Disabled;0;0;0;0;0;0;0;0;0;0;0;0;0;0;0;0;0;0;0;0;0;0;0;0;0;0;0;0;0;0;0;0;0;0;0;0;0;0;0;0;0;0;0;0;0;0;0;0;0;0;0;0;0;0;0;0;0;0;0;0;0;0;0;0;0;0;0;0;48;5;30;33;20;45;30;30;20;45;30;25;20;45;30;26;20;45;200;227;100;300;200;225;100;300;200;0;100;300;200;0;100;300;30;33;20;45;30;30;20;45;30;26;20;45;30;28;20;45;200;243;100;300;200;240;100;300;200;0;100;300;200;0;100;300;4;2;0.4;6;4;5;0.4;6;4;2;0.4;6;4;6;0.4;6;4;2;0.4;6;4;5;0.4;6;4;2;0.4;6;4;6;0.4;6;NOK;NOK;OK;10000;10055;8000;11000;OK;8.66;0;8;12;NOK;N/A;1.95;N/A;N/A;N/A;9;10.6;7;18;OK;;0;0;0;-;Disabled;TempOk;1;230;113.9;0;0;0;349.9;441543200 volvo 589-1;441543200 volvo 589-1;441543200 volvo 589-1
20260331_19:49:03;26467;2;4;940;938.5;910;970;OK;940;946.2;910;970;OK;946.7;946.4;-15;-19;-50;-20;NOK;-15;-18.5;-50;-20;NOK;-18.3;-18.4;0;-15;-19;-50;-20;NOK;330;341;330;500;OK;0;0;N/A;N/A;N/A;N/A;N/A;N/A;N/A;N/A;N/A;N/A;N/A;N/A;N/A;N/A;N/A;N/A;N/A;N/A;N/A;N/A;N/A;N/A;N/A;N/A;N/A;N/A;N/A;N/A;N/A;N/A;N/A;N/A;N/A;N/A;N/A;N/A;N/A;N/A;N/A;N/A;N/A;N/A;N/A;N/A;N/A;N/A;N/A;N/A;N/A;N/A;N/A;N/A;N/A;N/A;N/A;N/A;N/A;N/A;N/A;N/A;N/A;N/A;N/A;N/A;N/A;N/A;N/A;N/A;N/A;N/A;N/A;N/A;N/A;N/A;N/A;N/A;N/A;N/A;N/A;N/A;N/A;N/A;N/A;N/A;N/A;N/A;N/A;N/A;N/A;N/A;N/A;N/A;N/A;N/A;N/A;N/A;N/A;N/A;;0;419.2;0;0;;Disabled;TempStop;1;700;422.4;0;0;0;549.9;449.9;Enabled;PosOk;1;0;0;0;0;0;15;Disabled;0;0;0;0;0;0;0;0;0;0;0;0;0;0;0;0;0;0;0;0;0;0;0;0;0;0;0;0;0;0;0;0;0;0;0;0;0;0;0;0;0;0;0;0;0;0;0;0;0;0;0;0;0;0;0;0;0;0;0;0;0;0;0;0;0;0;0;0;0;0;30;33;20;45;30;30;20;45;30;26;20;45;30;26;20;45;200;227;100;300;200;224;100;300;200;0;100;300;200;0;100;300;30;33;20;45;30;30;20;45;30;26;20;45;30;28;20;45;200;243;100;300;200;240;100;300;200;0;100;300;200;0;100;300;4;2;0.4;6;4;5;0.4;6;4;2;0.4;6;4;5;0.4;6;4;2;0.4;6;4;6;0.4;6;4;2;0.4;6;4;6;0.4;6;NOK;NOK;OK;10000;10041;8000;11000;OK;8.66;0;8;12;NOK;N/A;1.95;N/A;N/A;N/A;9;11.6;7;18;OK;;0;0;0;-;Disabled;TempOk;1;230;115.4;0;0;0;349.9;441543200 volvo 589-1;441543200 volvo 589-1;441543200 volvo 589-1
20260331_19:49:33;26468;3;4;940;945.2;910;970;OK;940;952.3;910;970;OK;952.7;952.6;-20;-15;-50;-25;NOK;-20;-15.2;-50;-25;NOK;-20;-18.4;0;-20;-15;-50;-25;NOK;330;341;330;500;OK;0;0;N/A;N/A;N/A;N/A;N/A;N/A;N/A;N/A;N/A;N/A;N/A;N/A;N/A;N/A;N/A;N/A;N/A;N/A;N/A;N/A;N/A;N/A;N/A;N/A;N/A;N/A;N/A;N/A;N/A;N/A;N/A;N/A;N/A;N/A;N/A;N/A;N/A;N/A;N/A;N/A;N/A;N/A;N/A;N/A;N/A;N/A;N/A;N/A;N/A;N/A;N/A;N/A;N/A;N/A;N/A;N/A;N/A;N/A;N/A;N/A;N/A;N/A;N/A;N/A;N/A;N/A;N/A;N/A;N/A;N/A;N/A;N/A;N/A;N/A;N/A;N/A;N/A;N/A;N/A;N/A;N/A;N/A;N/A;N/A;N/A;N/A;N/A;N/A;N/A;N/A;N/A;N/A;N/A;N/A;N/A;N/A;N/A;N/A;;0;418.6;0;0;;Disabled;TempStop;1;700;421.9;0;0;0;549.9;449.9;Enabled;PosOk;1;0;0;0;0;0;15;Disabled;0;0;0;0;0;0;0;0;0;0;0;0;0;0;0;0;0;0;0;0;0;0;0;0;0;0;0;0;0;0;0;0;0;0;0;0;0;0;0;0;0;0;0;0;0;0;0;0;0;0;0;0;0;0;0;0;0;0;0;0;0;0;0;0;0;0;0;0;0;0;30;33;20;45;30;30;20;45;30;25;20;45;30;25;20;45;200;227;100;300;200;225;100;300;200;0;100;300;200;0;100;300;30;33;20;45;30;29;20;45;30;26;20;45;30;28;20;45;200;242;100;300;200;240;100;300;200;0;100;300;200;0;100;300;4;2;0.4;6;4;5;0.4;6;4;2;0.4;6;4;5;0.4;6;4;2;0.4;6;4;6;0.4;6;4;2;0.4;6;4;6;0.4;6;NOK;NOK;OK;10000;10035;8000;11000;OK;8.65;0;8;12;NOK;N/A;1.95;N/A;N/A;N/A;9;11.8;7;18;OK;;0;0;0;-;Disabled;TempOk;1;230;112.1;0;0;0;349.9;441543200 volvo 589-1;441543200 volvo 589-1;441543200 volvo 589-1
20260331_19:50:02;26469;4;4;940;936.2;910;970;OK;940;959.4;910;970;OK;958.1;958.7;-15;-9.2;-50;-5;OK;-15;-8.6;-50;-5;OK;-11.3;-7.4;0;-15;-9.3;-50;-5;OK;330;341;330;500;OK;258.63;259.1;N/A;N/A;N/A;N/A;N/A;N/A;N/A;N/A;N/A;N/A;N/A;N/A;N/A;N/A;N/A;N/A;N/A;N/A;N/A;N/A;N/A;N/A;N/A;N/A;N/A;N/A;N/A;N/A;N/A;N/A;N/A;N/A;N/A;N/A;N/A;N/A;N/A;N/A;N/A;N/A;N/A;N/A;N/A;N/A;N/A;N/A;N/A;N/A;N/A;N/A;N/A;N/A;N/A;N/A;N/A;N/A;N/A;N/A;N/A;N/A;N/A;N/A;N/A;N/A;N/A;N/A;N/A;N/A;N/A;N/A;N/A;N/A;N/A;N/A;N/A;N/A;N/A;N/A;N/A;N/A;N/A;N/A;N/A;N/A;N/A;N/A;N/A;N/A;N/A;N/A;N/A;N/A;N/A;N/A;N/A;N/A;N/A;N/A;;0;424;0;0;;Disabled;TempStop;1;700;427.1;0;0;0;549.9;449.9;Enabled;PosOk;1;0;0;0;0;0;15;Disabled;0;0;0;0;0;0;0;0;0;0;0;0;0;0;0;0;0;0;0;0;0;0;0;0;0;0;0;0;0;0;0;0;0;0;0;0;0;0;0;0;0;0;0;0;0;0;0;0;0;0;0;0;0;0;0;0;0;0;0;0;0;0;0;0;0;0;0;0;0;0;30;33;20;45;30;29;20;45;30;25;20;45;30;26;20;45;200;227;100;300;200;224;100;300;200;0;100;300;200;0;100;300;30;33;20;45;30;30;20;45;30;26;20;45;30;28;20;45;200;243;100;300;200;241;100;300;200;0;100;300;200;0;100;300;4;2;0.4;6;4;5;0.4;6;4;2;0.4;6;4;5;0.4;6;4;2;0.4;6;4;5;0.4;6;4;2;0.4;6;4;6;0.4;6;NOK;NOK;OK;10000;10046;8000;11000;OK;8.66;0;8;12;NOK;N/A;1.95;N/A;N/A;N/A;9;11.7;7;18;OK;;0;0;0;-;Disabled;TempOk;1;230;116.8;0;0;0;349.9;441543200 volvo 589-1;441543200 volvo 589-1;441543200 volvo 589-1
20260331_19:50:32;26470;3;5;940;931.1;910;970;OK;940;920.8;910;970;OK;909.2;916.2;-20;-16.8;-50;-25;NOK;-20;-17.5;-50;-25;NOK;-18.3;-18;0;-20;-16.7;-50;-25;NOK;330;341;330;500;OK;0;0;N/A;N/A;N/A;N/A;N/A;N/A;N/A;N/A;N/A;N/A;N/A;N/A;N/A;N/A;N/A;N/A;N/A;N/A;N/A;N/A;N/A;N/A;N/A;N/A;N/A;N/A;N/A;N/A;N/A;N/A;N/A;N/A;N/A;N/A;N/A;N/A;N/A;N/A;N/A;N/A;N/A;N/A;N/A;N/A;N/A;N/A;N/A;N/A;N/A;N/A;N/A;N/A;N/A;N/A;N/A;N/A;N/A;N/A;N/A;N/A;N/A;N/A;N/A;N/A;N/A;N/A;N/A;N/A;N/A;N/A;N/A;N/A;N/A;N/A;N/A;N/A;N/A;N/A;N/A;N/A;N/A;N/A;N/A;N/A;N/A;N/A;N/A;N/A;N/A;N/A;N/A;N/A;N/A;N/A;N/A;N/A;N/A;N/A;;0;410.9;0;0;;Disabled;TempStop;1;700;414.1;0;0;0;549.9;449.9;Enabled;PosOk;1;0;8.7;0;0;0;15;Disabled;0;0;0;0;0;0;0;0;0;0;0;0;0;0;0;0;0;0;0;0;0;0;0;0;0;0;0;0;0;0;0;0;0;0;0;0;0;0;0;0;0;0;0;0;0;0;0;0;0;0;0;0;0;0;0;0;0;0;0;0;0;0;0;0;0;0;0;0;0;0;30;33;20;45;30;29;20;45;30;26;20;45;30;26;20;45;200;227;100;300;200;224;100;300;200;0;100;300;200;0;100;300;30;33;20;45;30;29;20;45;30;26;20;45;30;28;20;45;200;242;100;300;200;240;100;300;200;0;100;300;200;0;100;300;4;2;0.4;6;4;5;0.4;6;4;2;0.4;6;4;6;0.4;6;4;2;0.4;6;4;6;0.4;6;4;2;0.4;6;4;6;0.4;6;NOK;NOK;OK;10000;10018;8000;11000;OK;8.63;0;8;12;NOK;N/A;1.95;N/A;N/A;N/A;9;11.7;7;18;OK;;0;0;0;-;Disabled;TempOk;1;230;111.7;0;0;0;349.9;441543200 volvo 589-1;441543200 volvo 589-1;441543200 volvo 589-1
20260331_19:51:31;26472;1;2;940;940.8;910;970;OK;940;951.5;910;970;OK;951.7;951.6;-20;-18.9;-50;-25;NOK;-20;-18.3;-50;-25;NOK;-17;-17.5;0;-20;-18.9;-50;-25;NOK;330;341;330;500;OK;0;0;N/A;N/A;N/A;N/A;N/A;N/A;N/A;N/A;N/A;N/A;N/A;N/A;N/A;N/A;N/A;N/A;N/A;N/A;N/A;N/A;N/A;N/A;N/A;N/A;N/A;N/A;N/A;N/A;N/A;N/A;N/A;N/A;N/A;N/A;N/A;N/A;N/A;N/A;N/A;N/A;N/A;N/A;N/A;N/A;N/A;N/A;N/A;N/A;N/A;N/A;N/A;N/A;N/A;N/A;N/A;N/A;N/A;N/A;N/A;N/A;N/A;N/A;N/A;N/A;N/A;N/A;N/A;N/A;N/A;N/A;N/A;N/A;N/A;N/A;N/A;N/A;N/A;N/A;N/A;N/A;N/A;N/A;N/A;N/A;N/A;N/A;N/A;N/A;N/A;N/A;N/A;N/A;N/A;N/A;N/A;N/A;N/A;N/A;;0;386.3;0;0;;Disabled;TempStop;1;700;389.5;0;0;0;549.9;449.9;Enabled;PosOk;1;0;0;0;0;0;15;Disabled;0;0;0;0;0;0;0;0;0;0;0;0;0;0;0;0;0;0;0;0;0;0;0;0;0;0;0;0;0;0;0;0;0;0;0;0;0;0;0;0;0;0;0;0;0;0;0;0;0;0;0;0;0;0;0;0;0;0;0;0;0;0;0;0;0;0;0;0;0;0;30;31;20;45;30;30;20;45;30;26;20;45;30;26;20;45;200;227;100;300;200;224;100;300;200;0;100;300;200;0;100;300;30;32;20;45;30;30;20;45;30;26;20;45;30;27;20;45;200;243;100;300;200;240;100;300;200;0;100;300;200;0;100;300;4;2;0.4;6;4;5;0.4;6;4;2;0.4;6;4;5;0.4;6;4;2;0.4;6;4;5;0.4;6;4;2;0.4;6;4;6;0.4;6;NOK;NOK;OK;10000;10046;8000;11000;OK;8.66;0;8;12;NOK;N/A;1.95;N/A;N/A;N/A;9;10.7;7;18;OK;;0;0;0;-;Disabled;TempOk;1;230;102.3;0;0;0;349.9;441543200 volvo 589-1;441543200 volvo 589-1;441543200 volvo 589-1
20260331_19:52:00;26471;2;2;940;935.7;910;970;OK;940;945.7;910;970;OK;946.5;946;-15;-17.6;-50;-20;NOK;-15;-17.4;-50;-20;NOK;-16.9;-17.1;0;-15;-17.7;-50;-20;NOK;330;341;330;500;OK;0;0;N/A;N/A;N/A;N/A;N/A;N/A;N/A;N/A;N/A;N/A;N/A;N/A;N/A;N/A;N/A;N/A;N/A;N/A;N/A;N/A;N/A;N/A;N/A;N/A;N/A;N/A;N/A;N/A;N/A;N/A;N/A;N/A;N/A;N/A;N/A;N/A;N/A;N/A;N/A;N/A;N/A;N/A;N/A;N/A;N/A;N/A;N/A;N/A;N/A;N/A;N/A;N/A;N/A;N/A;N/A;N/A;N/A;N/A;N/A;N/A;N/A;N/A;N/A;N/A;N/A;N/A;N/A;N/A;N/A;N/A;N/A;N/A;N/A;N/A;N/A;N/A;N/A;N/A;N/A;N/A;N/A;N/A;N/A;N/A;N/A;N/A;N/A;N/A;N/A;N/A;N/A;N/A;N/A;N/A;N/A;N/A;N/A;N/A;;0;419.5;0;0;;Disabled;TempStop;1;700;423;0;0;0;549.9;449.9;Enabled;PosOk;1;0;0;0;0;0;15;Disabled;0;0;0;0;0;0;0;0;0;0;0;0;0;0;0;0;0;0;0;0;0;0;0;0;0;0;0;0;0;0;0;0;0;0;0;0;0;0;0;0;0;0;0;0;0;0;0;0;0;0;0;0;0;0;0;0;0;0;0;0;0;0;0;0;0;0;0;0;0;0;30;32;20;45;30;30;20;45;30;26;20;45;30;26;20;45;200;227;100;300;200;225;100;300;200;0;100;300;200;0;100;300;30;33;20;45;30;30;20;45;30;26;20;45;30;28;20;45;200;243;100;300;200;241;100;300;200;0;100;300;200;0;100;300;4;2;0.4;6;4;6;0.4;6;4;2;0.4;6;4;5;0.4;6;4;2;0.4;6;4;6;0.4;6;4;2;0.4;6;4;6;0.4;6;NOK;NOK;OK;10000;10038;8000;11000;OK;8.66;0;8;12;NOK;N/A;1.95;N/A;N/A;N/A;9;11.6;7;18;OK;;0;0;0;-;Disabled;TempOk;1;230;108.9;0;0;0;349.9;441543200 volvo 589-1;441543200 volvo 589-1;441543200 volvo 589-1
20260331_19:52:29;26473;1;3;940;946.3;910;970;OK;940;956.4;910;970;OK;956.3;956.3;-20;-17.7;-50;-25;NOK;-20;-18.7;-50;-25;NOK;-18.6;-19.4;0;-20;-17.5;-50;-25;NOK;330;341;330;500;OK;0;0;N/A;N/A;N/A;N/A;N/A;N/A;N/A;N/A;N/A;N/A;N/A;N/A;N/A;N/A;N/A;N/A;N/A;N/A;N/A;N/A;N/A;N/A;N/A;N/A;N/A;N/A;N/A;N/A;N/A;N/A;N/A;N/A;N/A;N/A;N/A;N/A;N/A;N/A;N/A;N/A;N/A;N/A;N/A;N/A;N/A;N/A;N/A;N/A;N/A;N/A;N/A;N/A;N/A;N/A;N/A;N/A;N/A;N/A;N/A;N/A;N/A;N/A;N/A;N/A;N/A;N/A;N/A;N/A;N/A;N/A;N/A;N/A;N/A;N/A;N/A;N/A;N/A;N/A;N/A;N/A;N/A;N/A;N/A;N/A;N/A;N/A;N/A;N/A;N/A;N/A;N/A;N/A;N/A;N/A;N/A;N/A;N/A;N/A;;0;429;0;0;;Disabled;TempStop;1;700;432.7;0;0;0;549.9;449.9;Enabled;PosOk;1;0;0;0;0;0;15;Disabled;0;0;0;0;0;0;0;0;0;0;0;0;0;0;0;0;0;0;0;0;0;0;0;0;0;0;0;0;0;0;0;0;0;0;0;0;0;0;0;0;0;0;0;0;0;0;0;0;0;0;0;0;0;0;0;0;0;0;0;0;0;0;0;0;0;0;0;0;52;0;30;33;20;45;30;30;20;45;30;26;20;45;30;25;20;45;200;227;100;300;200;224;100;300;200;0;100;300;200;0;100;300;30;33;20;45;30;30;20;45;30;26;20;45;30;28;20;45;200;243;100;300;200;240;100;300;200;0;100;300;200;0;100;300;4;2;0.4;6;4;5;0.4;6;4;2;0.4;6;4;5;0.4;6;4;2;0.4;6;4;5;0.4;6;4;2;0.4;6;4;6;0.4;6;NOK;NOK;OK;10000;10033;8000;11000;OK;8.65;0;8;12;NOK;N/A;1.95;N/A;N/A;N/A;9;10.9;7;18;OK;;0;0;0;-;Disabled;TempOk;1;230;110.9;0;0;0;349.9;441543200 volvo 589-1;441543200 volvo 589-1;441543200 volvo 589-1
20260331_19:52:59;26474;4;2;940;951.1;910;970;OK;940;959.8;910;970;OK;958.1;958.9;-15;-14.6;-50;-5;OK;-15;-15.4;-50;-5;OK;-15.7;-15.6;0;-15;-14.6;-50;-5;OK;330;341;330;500;OK;258.84;259.33;N/A;N/A;N/A;N/A;N/A;N/A;N/A;N/A;N/A;N/A;N/A;N/A;N/A;N/A;N/A;N/A;N/A;N/A;N/A;N/A;N/A;N/A;N/A;N/A;N/A;N/A;N/A;N/A;N/A;N/A;N/A;N/A;N/A;N/A;N/A;N/A;N/A;N/A;N/A;N/A;N/A;N/A;N/A;N/A;N/A;N/A;N/A;N/A;N/A;N/A;N/A;N/A;N/A;N/A;N/A;N/A;N/A;N/A;N/A;N/A;N/A;N/A;N/A;N/A;N/A;N/A;N/A;N/A;N/A;N/A;N/A;N/A;N/A;N/A;N/A;N/A;N/A;N/A;N/A;N/A;N/A;N/A;N/A;N/A;N/A;N/A;N/A;N/A;N/A;N/A;N/A;N/A;N/A;N/A;N/A;N/A;N/A;N/A;;0;430.7;0;0;;Disabled;TempStop;1;700;434.2;0;0;0;549.9;449.9;Enabled;PosOk;1;0;0;0;0;0;15;Disabled;0;0;0;0;0;0;0;0;0;0;0;0;0;0;0;0;0;0;0;0;0;0;0;0;0;0;0;0;0;0;0;0;0;0;0;0;0;0;0;0;0;0;0;0;0;0;0;0;0;0;0;0;0;0;0;0;0;0;0;0;0;0;0;0;0;0;0;0;0;0;30;33;20;45;30;30;20;45;30;26;20;45;30;25;20;45;200;227;100;300;200;225;100;300;200;0;100;300;200;0;100;300;30;33;20;45;30;29;20;45;30;26;20;45;30;28;20;45;200;242;100;300;200;241;100;300;200;0;100;300;200;0;100;300;4;2;0.4;6;4;6;0.4;6;4;2;0.4;6;4;5;0.4;6;4;2;0.4;6;4;6;0.4;6;4;2;0.4;6;4;6;0.4;6;NOK;NOK;OK;10000;10050;8000;11000;OK;8.66;0;8;12;NOK;N/A;1.95;N/A;N/A;N/A;9;11.7;7;18;OK;;0;0;0;-;Disabled;TempOk;1;230;107.3;0;0;0;349.9;441543200 volvo 589-1;441543200 volvo 589-1;441543200 volvo 589-1
20260331_19:53:28;26475;3;3;940;943.9;910;970;OK;940;953.2;910;970;OK;953;953.2;-20;-18.5;-50;-25;NOK;-20;-18.3;-50;-25;NOK;-17.7;-17.7;0;-20;-18.5;-50;-25;NOK;330;341;330;500;OK;0;0;N/A;N/A;N/A;N/A;N/A;N/A;N/A;N/A;N/A;N/A;N/A;N/A;N/A;N/A;N/A;N/A;N/A;N/A;N/A;N/A;N/A;N/A;N/A;N/A;N/A;N/A;N/A;N/A;N/A;N/A;N/A;N/A;N/A;N/A;N/A;N/A;N/A;N/A;N/A;N/A;N/A;N/A;N/A;N/A;N/A;N/A;N/A;N/A;N/A;N/A;N/A;N/A;N/A;N/A;N/A;N/A;N/A;N/A;N/A;N/A;N/A;N/A;N/A;N/A;N/A;N/A;N/A;N/A;N/A;N/A;N/A;N/A;N/A;N/A;N/A;N/A;N/A;N/A;N/A;N/A;N/A;N/A;N/A;N/A;N/A;N/A;N/A;N/A;N/A;N/A;N/A;N/A;N/A;N/A;N/A;N/A;N/A;N/A;;0;439.1;0;0;;Disabled;TempStop;1;700;442.3;0;0;0;549.9;449.9;Enabled;PosOk;1;0;0;0;0;0;15;Disabled;0;0;0;0;0;0;0;0;0;0;0;0;0;0;0;0;0;0;0;0;0;0;0;0;0;0;0;0;0;0;0;0;0;0;0;0;0;0;0;0;0;0;0;0;0;0;0;0;0;0;0;0;0;0;0;0;0;0;0;0;0;0;0;0;0;0;0;0;0;0;30;33;20;45;30;29;20;45;30;26;20;45;30;26;20;45;200;227;100;300;200;224;100;300;200;0;100;300;200;0;100;300;30;33;20;45;30;30;20;45;30;26;20;45;30;28;20;45;200;242;100;300;200;240;100;300;200;0;100;300;200;0;100;300;4;2;0.4;6;4;5;0.4;6;4;2;0.4;6;4;5;0.4;6;4;2;0.4;6;4;6;0.4;6;4;2;0.4;6;4;6;0.4;6;NOK;NOK;OK;10000;10039;8000;11000;OK;8.66;0;8;12;NOK;N/A;1.95;N/A;N/A;N/A;9;11.8;7;18;OK;;0;0;0;-;Disabled;TempOk;1;230;111.9;0;0;0;349.9;441543200 volvo 589-1;441543200 volvo 589-1;441543200 volvo 589-1
20260331_19:53:58;26476;4;3;940;950.4;910;970;OK;940;959.2;910;970;OK;957.6;958.2;-15;-15.9;-50;-5;OK;-15;-17.2;-50;-5;OK;-16.9;-17.4;0;-15;-15.8;-50;-5;OK;330;341;330;500;OK;258.95;259.43;N/A;N/A;N/A;N/A;N/A;N/A;N/A;N/A;N/A;N/A;N/A;N/A;N/A;N/A;N/A;N/A;N/A;N/A;N/A;N/A;N/A;N/A;N/A;N/A;N/A;N/A;N/A;N/A;N/A;N/A;N/A;N/A;N/A;N/A;N/A;N/A;N/A;N/A;N/A;N/A;N/A;N/A;N/A;N/A;N/A;N/A;N/A;N/A;N/A;N/A;N/A;N/A;N/A;N/A;N/A;N/A;N/A;N/A;N/A;N/A;N/A;N/A;N/A;N/A;N/A;N/A;N/A;N/A;N/A;N/A;N/A;N/A;N/A;N/A;N/A;N/A;N/A;N/A;N/A;N/A;N/A;N/A;N/A;N/A;N/A;N/A;N/A;N/A;N/A;N/A;N/A;N/A;N/A;N/A;N/A;N/A;N/A;N/A;;0;419.6;0;0;;Disabled;TempStop;1;700;422.9;0;0;0;549.9;449.9;Enabled;PosOk;1;0;0;0;0;0;15;Disabled;0;0;0;0;0;0;0;0;0;0;0;0;0;0;0;0;0;0;0;0;0;0;0;0;0;0;0;0;0;0;0;0;0;0;0;0;0;0;0;0;0;0;0;0;0;0;0;0;0;0;0;0;0;0;0;0;0;0;0;0;0;0;0;0;0;0;0;0;0;0;30;33;20;45;30;30;20;45;30;26;20;45;30;26;20;45;200;227;100;300;200;224;100;300;200;0;100;300;200;0;100;300;30;33;20;45;30;30;20;45;30;26;20;45;30;28;20;45;200;242;100;300;200;240;100;300;200;0;100;300;200;0;100;300;4;2;0.4;6;4;5;0.4;6;4;2;0.4;6;4;6;0.4;6;4;2;0.4;6;4;5;0.4;6;4;2;0.4;6;4;6;0.4;6;NOK;NOK;OK;10000;10047;8000;11000;OK;8.66;0;8;12;NOK;N/A;1.95;N/A;N/A;N/A;9;11.7;7;18;OK;;0;0;0;-;Disabled;TempOk;1;230;116.5;0;0;0;349.9;441543200 volvo 589-1;441543200 volvo 589-1;441543200 volvo 589-1
20260331_19:54:27;26477;1;4;940;936.7;910;970;OK;940;943.5;910;970;OK;944.6;944;-20;-11.7;-50;-25;NOK;-20;-11.7;-50;-25;NOK;-16.4;-13.9;0;-20;-11.7;-50;-25;NOK;330;341;330;500;OK;0;0;N/A;N/A;N/A;N/A;N/A;N/A;N/A;N/A;N/A;N/A;N/A;N/A;N/A;N/A;N/A;N/A;N/A;N/A;N/A;N/A;N/A;N/A;N/A;N/A;N/A;N/A;N/A;N/A;N/A;N/A;N/A;N/A;N/A;N/A;N/A;N/A;N/A;N/A;N/A;N/A;N/A;N/A;N/A;N/A;N/A;N/A;N/A;N/A;N/A;N/A;N/A;N/A;N/A;N/A;N/A;N/A;N/A;N/A;N/A;N/A;N/A;N/A;N/A;N/A;N/A;N/A;N/A;N/A;N/A;N/A;N/A;N/A;N/A;N/A;N/A;N/A;N/A;N/A;N/A;N/A;N/A;N/A;N/A;N/A;N/A;N/A;N/A;N/A;N/A;N/A;N/A;N/A;N/A;N/A;N/A;N/A;N/A;N/A;;0;425.9;0;0;;Disabled;TempStop;1;700;428.8;0;0;0;549.9;449.9;Enabled;PosOk;1;0;0;0;0;0;15;Disabled;0;0;0;0;0;0;0;0;0;0;0;0;0;0;0;0;0;0;0;0;0;0;0;0;0;0;0;0;0;0;0;0;0;0;0;0;0;0;0;0;0;0;0;0;0;0;0;0;0;0;0;0;0;0;0;0;0;0;0;0;0;0;0;0;0;0;0;0;53;58;30;33;20;45;30;29;20;45;30;26;20;45;30;25;20;45;200;227;100;300;200;224;100;300;200;0;100;300;200;0;100;300;30;33;20;45;30;30;20;45;30;26;20;45;30;28;20;45;200;242;100;300;200;241;100;300;200;0;100;300;200;0;100;300;4;2;0.4;6;4;5;0.4;6;4;2;0.4;6;4;6;0.4;6;4;2;0.4;6;4;5;0.4;6;4;2;0.4;6;4;6;0.4;6;NOK;NOK;OK;10000;10047;8000;11000;OK;8.66;0;8;12;NOK;N/A;1.95;N/A;N/A;N/A;9;10.9;7;18;OK;;0;0;0;-;Disabled;TempOk;1;230;112.5;0;0;0;349.9;441543200 volvo 589-1;441543200 volvo 589-1;441543200 volvo 589-1
20260331_19:54:57;26478;2;4;940;938.6;910;970;OK;940;945.9;910;970;OK;946.3;946;-15;-18.6;-50;-20;NOK;-15;-18.9;-50;-20;NOK;-18.8;-19;0;-15;-18.6;-50;-20;NOK;330;341;330;500;OK;0;0;N/A;N/A;N/A;N/A;N/A;N/A;N/A;N/A;N/A;N/A;N/A;N/A;N/A;N/A;N/A;N/A;N/A;N/A;N/A;N/A;N/A;N/A;N/A;N/A;N/A;N/A;N/A;N/A;N/A;N/A;N/A;N/A;N/A;N/A;N/A;N/A;N/A;N/A;N/A;N/A;N/A;N/A;N/A;N/A;N/A;N/A;N/A;N/A;N/A;N/A;N/A;N/A;N/A;N/A;N/A;N/A;N/A;N/A;N/A;N/A;N/A;N/A;N/A;N/A;N/A;N/A;N/A;N/A;N/A;N/A;N/A;N/A;N/A;N/A;N/A;N/A;N/A;N/A;N/A;N/A;N/A;N/A;N/A;N/A;N/A;N/A;N/A;N/A;N/A;N/A;N/A;N/A;N/A;N/A;N/A;N/A;N/A;N/A;;0;430.8;0;0;;Disabled;TempStop;1;700;433.5;0;0;0;549.9;449.9;Enabled;PosOk;1;0;0;0;0;0;15;Disabled;0;0;0;0;0;0;0;0;0;0;0;0;0;0;0;0;0;0;0;0;0;0;0;0;0;0;0;0;0;0;0;0;0;0;0;0;0;0;0;0;0;0;0;0;0;0;0;0;0;0;0;0;0;0;0;0;0;0;0;0;0;0;0;0;0;0;0;0;0;0;30;33;20;45;30;30;20;45;30;26;20;45;30;25;20;45;200;227;100;300;200;224;100;300;200;0;100;300;200;0;100;300;30;33;20;45;30;30;20;45;30;26;20;45;30;28;20;45;200;243;100;300;200;240;100;300;200;0;100;300;200;0;100;300;4;2;0.4;6;4;5;0.4;6;4;2;0.4;6;4;5;0.4;6;4;2;0.4;6;4;6;0.4;6;4;2;0.4;6;4;6;0.4;6;NOK;NOK;OK;10000;10053;8000;11000;OK;8.67;0;8;12;NOK;N/A;1.95;N/A;N/A;N/A;9;11.1;7;18;OK;;0;0;0;-;Disabled;TempOk;1;230;113.5;0;0;0;349.9;441543200 volvo 589-1;441543200 volvo 589-1;441543200 volvo 589-1
20260331_19:55:26;26479;3;4;940;944.3;910;970;OK;940;950.2;910;970;OK;950.1;950.3;-20;-14.9;-50;-25;NOK;-20;-15.2;-50;-25;NOK;-19.9;-18.4;0;-20;-14.9;-50;-25;NOK;330;341;330;500;OK;0;0;N/A;N/A;N/A;N/A;N/A;N/A;N/A;N/A;N/A;N/A;N/A;N/A;N/A;N/A;N/A;N/A;N/A;N/A;N/A;N/A;N/A;N/A;N/A;N/A;N/A;N/A;N/A;N/A;N/A;N/A;N/A;N/A;N/A;N/A;N/A;N/A;N/A;N/A;N/A;N/A;N/A;N/A;N/A;N/A;N/A;N/A;N/A;N/A;N/A;N/A;N/A;N/A;N/A;N/A;N/A;N/A;N/A;N/A;N/A;N/A;N/A;N/A;N/A;N/A;N/A;N/A;N/A;N/A;N/A;N/A;N/A;N/A;N/A;N/A;N/A;N/A;N/A;N/A;N/A;N/A;N/A;N/A;N/A;N/A;N/A;N/A;N/A;N/A;N/A;N/A;N/A;N/A;N/A;N/A;N/A;N/A;N/A;N/A;;0;419.7;0;0;;Disabled;TempStop;1;700;422.9;0;0;0;549.9;449.9;Enabled;PosOk;1;0;0;0;0;0;15;Disabled;0;0;0;0;0;0;0;0;0;0;0;0;0;0;0;0;0;0;0;0;0;0;0;0;0;0;0;0;0;0;0;0;0;0;0;0;0;0;0;0;0;0;0;0;0;0;0;0;0;0;0;0;0;0;0;0;0;0;0;0;0;0;0;0;0;0;0;0;0;0;30;33;20;45;30;30;20;45;30;26;20;45;30;26;20;45;200;227;100;300;200;225;100;300;200;0;100;300;200;0;100;300;30;33;20;45;30;30;20;45;30;26;20;45;30;28;20;45;200;243;100;300;200;240;100;300;200;0;100;300;200;0;100;300;4;2;0.4;6;4;5;0.4;6;4;2;0.4;6;4;5;0.4;6;4;2;0.4;6;4;6;0.4;6;4;2;0.4;6;4;6;0.4;6;NOK;NOK;OK;10000;10054;8000;11000;OK;8.67;0;8;12;NOK;N/A;1.95;N/A;N/A;N/A;9;11.6;7;18;OK;;0;0;0;-;Disabled;TempOk;1;230;108.2;0;0;0;349.9;441543200 volvo 589-1;441543200 volvo 589-1;441543200 volvo 589-1
20260331_19:55:55;26481;3;5;940;917.5;910;970;OK;940;908.9;910;970;NOK;894.1;903.2;-20;-16.8;-50;-25;NOK;-20;-17.5;-50;-25;NOK;-18.3;-18.1;0;-20;-16.8;-50;-25;NOK;330;341;330;500;OK;0;0;;;;;;;;;;;;;;;;;;;;;;;;;;;;;;;;;;;;;;;;;;;;;;;;;;;;;;;;;;;;;;;;;;;;;;;;;;;;;;;;;;;;;;;;;;;;;;;;;;;;;;;;;;;;;;;;;;;;;;;;;;;;;;;;;;;;;;;;;;;;;;;;;;;;;;;;;;;;;;;;;;;;;;;;;;;;;;;;;;;;;;;;;;;;;;;;;;;;;;;;;;;;;;;;;;;;;;;;;;;;;;;;;;;;;;;;;;;;;;;;;;;;;;;;;;;;;;;;;;;;;;;;;;;;;;;;;;;;;;;;;;;;;;;;;;;;;;;;;;;;;;;;;;;;;;;;;;;;;;;;;;;;;;;;441543200 volvo 589-1;;;;
20260331_19:55:55;26480;4;4;940;939.1;910;970;OK;940;960.5;910;970;OK;959.2;959.8;-15;-9.3;-50;-5;OK;-15;-8.4;-50;-5;OK;-11.6;-7.4;0;-15;-9.5;-50;-5;OK;330;341;330;500;OK;259.12;259.59;N/A;N/A;N/A;N/A;N/A;N/A;N/A;N/A;N/A;N/A;N/A;N/A;N/A;N/A;N/A;N/A;N/A;N/A;N/A;N/A;N/A;N/A;N/A;N/A;N/A;N/A;N/A;N/A;N/A;N/A;N/A;N/A;N/A;N/A;N/A;N/A;N/A;N/A;N/A;N/A;N/A;N/A;N/A;N/A;N/A;N/A;N/A;N/A;N/A;N/A;N/A;N/A;N/A;N/A;N/A;N/A;N/A;N/A;N/A;N/A;N/A;N/A;N/A;N/A;N/A;N/A;N/A;N/A;N/A;N/A;N/A;N/A;N/A;N/A;N/A;N/A;N/A;N/A;N/A;N/A;N/A;N/A;N/A;N/A;N/A;N/A;N/A;N/A;N/A;N/A;N/A;N/A;N/A;N/A;N/A;N/A;N/A;N/A;;0;420.2;0;0;;Disabled;TempStop;1;700;423.6;0;0;0;549.9;449.9;Enabled;PosOk;1;0;0;0;0;0;15;Disabled;0;0;0;0;0;0;0;0;0;0;0;0;0;0;0;0;0;0;0;0;0;0;0;0;0;0;0;0;0;0;0;0;0;0;0;0;0;0;0;0;0;0;0;0;0;0;0;0;0;0;0;0;0;0;0;0;0;0;0;0;0;0;0;0;0;0;0;0;0;0;30;33;20;45;30;30;20;45;30;26;20;45;30;25;20;45;200;228;100;300;200;225;100;300;200;0;100;300;200;0;100;300;30;33;20;45;30;30;20;45;30;26;20;45;30;28;20;45;200;242;100;300;200;240;100;300;200;0;100;300;200;0;100;300;4;2;0.4;6;4;5;0.4;6;4;2;0.4;6;4;5;0.4;6;4;2;0.4;6;4;6;0.4;6;4;2;0.4;6;4;6;0.4;6;NOK;NOK;OK;10000;10036;8000;11000;OK;8.65;0;8;12;NOK;N/A;1.95;N/A;N/A;N/A;9;11.8;7;18;OK;;0;0;0;-;Disabled;TempOk;1;230;116.1;0;0;0;349.9;441543200 volvo 589-1;441543200 volvo 589-1;441543200 volvo 589-1
20260331_19:57:24;26483;1;2;940;943.3;910;970;OK;940;953.9;910;970;OK;953.8;953.8;-20;-18.5;-50;-25;NOK;-20;-18.5;-50;-25;NOK;-17.1;-17.7;0;-20;-18.6;-50;-25;NOK;330;341;330;500;OK;0;0;N/A;N/A;N/A;N/A;N/A;N/A;N/A;N/A;N/A;N/A;N/A;N/A;N/A;N/A;N/A;N/A;N/A;N/A;N/A;N/A;N/A;N/A;N/A;N/A;N/A;N/A;N/A;N/A;N/A;N/A;N/A;N/A;N/A;N/A;N/A;N/A;N/A;N/A;N/A;N/A;N/A;N/A;N/A;N/A;N/A;N/A;N/A;N/A;N/A;N/A;N/A;N/A;N/A;N/A;N/A;N/A;N/A;N/A;N/A;N/A;N/A;N/A;N/A;N/A;N/A;N/A;N/A;N/A;N/A;N/A;N/A;N/A;N/A;N/A;N/A;N/A;N/A;N/A;N/A;N/A;N/A;N/A;N/A;N/A;N/A;N/A;N/A;N/A;N/A;N/A;N/A;N/A;N/A;N/A;N/A;N/A;N/A;N/A;;0;384.5;0;0;;Disabled;TempStop;1;700;388.1;0;0;0;549.9;449.9;Enabled;PosOk;1;0;0;0;0;0;15;Disabled;0;0;0;0;0;0;0;0;0;0;0;0;0;0;0;0;0;0;0;0;0;0;0;0;0;0;0;0;0;0;0;0;0;0;0;0;0;0;0;0;0;0;0;0;0;0;0;0;0;0;0;0;0;0;0;0;0;0;0;0;0;0;0;0;0;0;0;0;0;0;30;30;20;45;30;30;20;45;30;26;20;45;30;26;20;45;200;227;100;300;200;224;100;300;200;0;100;300;200;0;100;300;30;31;20;45;30;30;20;45;30;26;20;45;30;28;20;45;200;242;100;300;200;241;100;300;200;0;100;300;200;0;100;300;4;2;0.4;6;4;5;0.4;6;4;2;0.4;6;4;5;0.4;6;4;2;0.4;6;4;6;0.4;6;4;2;0.4;6;4;6;0.4;6;NOK;NOK;OK;10000;10027;8000;11000;OK;8.65;0;8;12;NOK;N/A;1.95;N/A;N/A;N/A;9;10.9;7;18;OK;;0;0;0;-;Disabled;TempOk;1;230;98.6;0;0;0;349.9;441543200 volvo 589-1;441543200 volvo 589-1;441543200 volvo 589-1
20260331_19:57:53;26482;2;2;940;937.5;910;970;OK;940;946.1;910;970;OK;946.7;946.4;-15;-17.4;-50;-20;NOK;-15;-17.3;-50;-20;NOK;-16.9;-17;0;-15;-17.5;-50;-20;NOK;330;341;330;500;OK;0;0;N/A;N/A;N/A;N/A;N/A;N/A;N/A;N/A;N/A;N/A;N/A;N/A;N/A;N/A;N/A;N/A;N/A;N/A;N/A;N/A;N/A;N/A;N/A;N/A;N/A;N/A;N/A;N/A;N/A;N/A;N/A;N/A;N/A;N/A;N/A;N/A;N/A;N/A;N/A;N/A;N/A;N/A;N/A;N/A;N/A;N/A;N/A;N/A;N/A;N/A;N/A;N/A;N/A;N/A;N/A;N/A;N/A;N/A;N/A;N/A;N/A;N/A;N/A;N/A;N/A;N/A;N/A;N/A;N/A;N/A;N/A;N/A;N/A;N/A;N/A;N/A;N/A;N/A;N/A;N/A;N/A;N/A;N/A;N/A;N/A;N/A;N/A;N/A;N/A;N/A;N/A;N/A;N/A;N/A;N/A;N/A;N/A;N/A;;0;424.1;0;0;;Disabled;TempStop;1;700;427.6;0;0;0;549.9;449.9;Enabled;PosOk;1;0;0;0;0;0;15;Disabled;0;0;0;0;0;0;0;0;0;0;0;0;0;0;0;0;0;0;0;0;0;0;0;0;0;0;0;0;0;0;0;0;0;0;0;0;0;0;0;0;0;0;0;0;0;0;0;0;0;0;0;0;0;0;0;0;0;0;0;0;0;0;0;0;0;0;0;0;0;0;30;32;20;45;30;30;20;45;30;26;20;45;30;26;20;45;200;227;100;300;200;225;100;300;200;0;100;300;200;0;100;300;30;32;20;45;30;30;20;45;30;26;20;45;30;28;20;45;200;242;100;300;200;240;100;300;200;0;100;300;200;0;100;300;4;2;0.4;6;4;5;0.4;6;4;2;0.4;6;4;6;0.4;6;4;2;0.4;6;4;6;0.4;6;4;2;0.4;6;4;6;0.4;6;NOK;NOK;OK;10000;10036;8000;11000;OK;8.65;0;8;12;NOK;N/A;1.95;N/A;N/A;N/A;9;11.1;7;18;OK;;0;0;0;-;Disabled;TempOk;1;230;107.2;0;0;0;349.9;441543200 volvo 589-1;441543200 volvo 589-1;441543200 volvo 589-1
20260331_19:58:22;26484;1;3;940;947.9;910;970;OK;940;958;910;970;OK;957.7;957.7;-20;-17.6;-50;-25;NOK;-20;-18.8;-50;-25;NOK;-18.7;-19.5;0;-20;-17.4;-50;-25;NOK;330;341;330;500;OK;0;0;N/A;N/A;N/A;N/A;N/A;N/A;N/A;N/A;N/A;N/A;N/A;N/A;N/A;N/A;N/A;N/A;N/A;N/A;N/A;N/A;N/A;N/A;N/A;N/A;N/A;N/A;N/A;N/A;N/A;N/A;N/A;N/A;N/A;N/A;N/A;N/A;N/A;N/A;N/A;N/A;N/A;N/A;N/A;N/A;N/A;N/A;N/A;N/A;N/A;N/A;N/A;N/A;N/A;N/A;N/A;N/A;N/A;N/A;N/A;N/A;N/A;N/A;N/A;N/A;N/A;N/A;N/A;N/A;N/A;N/A;N/A;N/A;N/A;N/A;N/A;N/A;N/A;N/A;N/A;N/A;N/A;N/A;N/A;N/A;N/A;N/A;N/A;N/A;N/A;N/A;N/A;N/A;N/A;N/A;N/A;N/A;N/A;N/A;;0;425.9;0;0;;Disabled;TempStop;1;700;429.2;0;0;0;549.9;449.9;Enabled;PosOk;1;0;0;0;0;0;15;Disabled;0;0;0;0;0;0;0;0;0;0;0;0;0;0;0;0;0;0;0;0;0;0;0;0;0;0;0;0;0;0;0;0;0;0;0;0;0;0;0;0;0;0;0;0;0;0;0;0;0;0;0;0;0;0;0;0;0;0;0;0;0;0;0;0;0;0;0;0;57;53;30;33;20;45;30;30;20;45;30;25;20;45;30;26;20;45;200;227;100;300;200;224;100;300;200;0;100;300;200;0;100;300;30;33;20;45;30;30;20;45;30;26;20;45;30;28;20;45;200;243;100;300;200;241;100;300;200;0;100;300;200;0;100;300;4;2;0.4;6;4;5;0.4;6;4;2;0.4;6;4;5;0.4;6;4;2;0.4;6;4;6;0.4;6;4;2;0.4;6;4;6;0.4;6;NOK;NOK;OK;10000;10037;8000;11000;OK;8.66;0;8;12;NOK;N/A;1.95;N/A;N/A;N/A;9;10.9;7;18;OK;;0;0;0;-;Disabled;TempOk;1;230;114.1;0;0;0;349.9;441543200 volvo 589-1;441543200 volvo 589-1;441543200 volvo 589-1
20260331_19:58:52;26485;4;2;940;952.5;910;970;OK;940;961.4;910;970;OK;960.1;960.7;-15;-15.3;-50;-5;OK;-15;-14.2;-50;-5;OK;-15.2;-14.9;0;-15;-15.3;-50;-5;OK;330;341;330;500;OK;259.34;259.81;N/A;N/A;N/A;N/A;N/A;N/A;N/A;N/A;N/A;N/A;N/A;N/A;N/A;N/A;N/A;N/A;N/A;N/A;N/A;N/A;N/A;N/A;N/A;N/A;N/A;N/A;N/A;N/A;N/A;N/A;N/A;N/A;N/A;N/A;N/A;N/A;N/A;N/A;N/A;N/A;N/A;N/A;N/A;N/A;N/A;N/A;N/A;N/A;N/A;N/A;N/A;N/A;N/A;N/A;N/A;N/A;N/A;N/A;N/A;N/A;N/A;N/A;N/A;N/A;N/A;N/A;N/A;N/A;N/A;N/A;N/A;N/A;N/A;N/A;N/A;N/A;N/A;N/A;N/A;N/A;N/A;N/A;N/A;N/A;N/A;N/A;N/A;N/A;N/A;N/A;N/A;N/A;N/A;N/A;N/A;N/A;N/A;N/A;;0;434.6;0;0;;Disabled;TempStop;1;700;437.7;0;0;0;549.9;449.9;Enabled;PosOk;1;0;0;0;0;0;15;Disabled;0;0;0;0;0;0;0;0;0;0;0;0;0;0;0;0;0;0;0;0;0;0;0;0;0;0;0;0;0;0;0;0;0;0;0;0;0;0;0;0;0;0;0;0;0;0;0;0;0;0;0;0;0;0;0;0;0;0;0;0;0;0;0;0;0;0;0;0;0;0;30;33;20;45;30;30;20;45;30;25;20;45;30;25;20;45;200;227;100;300;200;224;100;300;200;0;100;300;200;0;100;300;30;33;20;45;30;30;20;45;30;26;20;45;30;28;20;45;200;243;100;300;200;241;100;300;200;0;100;300;200;0;100;300;4;2;0.4;6;4;5;0.4;6;4;2;0.4;6;4;5;0.4;6;4;2;0.4;6;4;5;0.4;6;4;2;0.4;6;4;6;0.4;6;NOK;NOK;OK;10000;10024;8000;11000;OK;8.64;0;8;12;NOK;N/A;1.95;N/A;N/A;N/A;9;11.8;7;18;OK;;0;0;0;-;Disabled;TempOk;1;230;110.6;0;0;0;349.9;441543200 volvo 589-1;441543200 volvo 589-1;441543200 volvo 589-1
20260331_19:59:21;26486;3;3;940;945;910;970;OK;940;953.4;910;970;OK;953.6;953.6;-20;-18.5;-50;-25;NOK;-20;-18.3;-50;-25;NOK;-17.6;-17.8;0;-20;-18.5;-50;-25;NOK;330;341;330;500;OK;0;0;N/A;N/A;N/A;N/A;N/A;N/A;N/A;N/A;N/A;N/A;N/A;N/A;N/A;N/A;N/A;N/A;N/A;N/A;N/A;N/A;N/A;N/A;N/A;N/A;N/A;N/A;N/A;N/A;N/A;N/A;N/A;N/A;N/A;N/A;N/A;N/A;N/A;N/A;N/A;N/A;N/A;N/A;N/A;N/A;N/A;N/A;N/A;N/A;N/A;N/A;N/A;N/A;N/A;N/A;N/A;N/A;N/A;N/A;N/A;N/A;N/A;N/A;N/A;N/A;N/A;N/A;N/A;N/A;N/A;N/A;N/A;N/A;N/A;N/A;N/A;N/A;N/A;N/A;N/A;N/A;N/A;N/A;N/A;N/A;N/A;N/A;N/A;N/A;N/A;N/A;N/A;N/A;N/A;N/A;N/A;N/A;N/A;N/A;;0;417.9;0;0;;Disabled;TempStop;1;700;420.6;0;0;0;549.9;449.9;Enabled;PosOk;1;0;0;0;0;0;15;Disabled;0;0;0;0;0;0;0;0;0;0;0;0;0;0;0;0;0;0;0;0;0;0;0;0;0;0;0;0;0;0;0;0;0;0;0;0;0;0;0;0;0;0;0;0;0;0;0;0;0;0;0;0;0;0;0;0;0;0;0;0;0;0;0;0;0;0;0;0;0;0;30;33;20;45;30;30;20;45;30;26;20;45;30;25;20;45;200;227;100;300;200;224;100;300;200;0;100;300;200;0;100;300;30;33;20;45;30;30;20;45;30;26;20;45;30;29;20;45;200;242;100;300;200;240;100;300;200;0;100;300;200;0;100;300;4;2;0.4;6;4;5;0.4;6;4;2;0.4;6;4;5;0.4;6;4;2;0.4;6;4;6;0.4;6;4;2;0.4;6;4;6;0.4;6;NOK;NOK;OK;10000;10052;8000;11000;OK;8.66;0;8;12;NOK;N/A;1.95;N/A;N/A;N/A;9;11.8;7;18;OK;;0;0;0;-;Disabled;TempOk;1;230;113.5;0;0;0;349.9;441543200 volvo 589-1;441543200 volvo 589-1;441543200 volvo 589-1
20260331_19:59:51;26487;4;3;940;951.8;910;970;OK;940;960.4;910;970;OK;958.8;959.3;-15;-16.5;-50;-5;OK;-15;-15.9;-50;-5;OK;-16;-16.2;0;-15;-16.3;-50;-5;OK;330;341;330;500;OK;259.45;259.91;N/A;N/A;N/A;N/A;N/A;N/A;N/A;N/A;N/A;N/A;N/A;N/A;N/A;N/A;N/A;N/A;N/A;N/A;N/A;N/A;N/A;N/A;N/A;N/A;N/A;N/A;N/A;N/A;N/A;N/A;N/A;N/A;N/A;N/A;N/A;N/A;N/A;N/A;N/A;N/A;N/A;N/A;N/A;N/A;N/A;N/A;N/A;N/A;N/A;N/A;N/A;N/A;N/A;N/A;N/A;N/A;N/A;N/A;N/A;N/A;N/A;N/A;N/A;N/A;N/A;N/A;N/A;N/A;N/A;N/A;N/A;N/A;N/A;N/A;N/A;N/A;N/A;N/A;N/A;N/A;N/A;N/A;N/A;N/A;N/A;N/A;N/A;N/A;N/A;N/A;N/A;N/A;N/A;N/A;N/A;N/A;N/A;N/A;;0;423.5;0;0;;Disabled;TempStop;1;700;426.4;0;0;0;549.9;449.9;Enabled;PosOk;1;0;0;0;0;0;15;Disabled;0;0;0;0;0;0;0;0;0;0;0;0;0;0;0;0;0;0;0;0;0;0;0;0;0;0;0;0;0;0;0;0;0;0;0;0;0;0;0;0;0;0;0;0;0;0;0;0;0;0;0;0;0;0;0;0;0;0;0;0;0;0;0;0;0;0;0;0;0;0;30;33;20;45;30;29;20;45;30;25;20;45;30;25;20;45;200;227;100;300;200;224;100;300;200;0;100;300;200;0;100;300;30;33;20;45;30;29;20;45;30;26;20;45;30;28;20;45;200;243;100;300;200;241;100;300;200;0;100;300;200;0;100;300;4;2;0.4;6;4;5;0.4;6;4;2;0.4;6;4;6;0.4;6;4;2;0.4;6;4;6;0.4;6;4;2;0.4;6;4;6;0.4;6;NOK;NOK;OK;10000;10024;8000;11000;OK;8.64;0;8;12;NOK;N/A;1.95;N/A;N/A;N/A;9;11.8;7;18;OK;;0;0;0;-;Disabled;TempOk;1;230;115.1;0;0;0;349.9;441543200 volvo 589-1;441543200 volvo 589-1;441543200 volvo 589-1
20260331_20:00:20;26488;1;4;940;937.2;910;970;OK;940;944.3;910;970;OK;945.5;944.9;-20;-11.7;-50;-25;NOK;-20;-11.7;-50;-25;NOK;-16.4;-13.8;0;-20;-11.7;-50;-25;NOK;330;341;330;500;OK;0;0;N/A;N/A;N/A;N/A;N/A;N/A;N/A;N/A;N/A;N/A;N/A;N/A;N/A;N/A;N/A;N/A;N/A;N/A;N/A;N/A;N/A;N/A;N/A;N/A;N/A;N/A;N/A;N/A;N/A;N/A;N/A;N/A;N/A;N/A;N/A;N/A;N/A;N/A;N/A;N/A;N/A;N/A;N/A;N/A;N/A;N/A;N/A;N/A;N/A;N/A;N/A;N/A;N/A;N/A;N/A;N/A;N/A;N/A;N/A;N/A;N/A;N/A;N/A;N/A;N/A;N/A;N/A;N/A;N/A;N/A;N/A;N/A;N/A;N/A;N/A;N/A;N/A;N/A;N/A;N/A;N/A;N/A;N/A;N/A;N/A;N/A;N/A;N/A;N/A;N/A;N/A;N/A;N/A;N/A;N/A;N/A;N/A;N/A;;0;421.7;0;0;;Disabled;TempStop;1;700;424.5;0;0;0;549.9;449.9;Enabled;PosOk;1;0;0;0;0;0;15;Disabled;0;0;0;0;0;0;0;0;0;0;0;0;0;0;0;0;0;0;0;0;0;0;0;0;0;0;0;0;0;0;0;0;0;0;0;0;0;0;0;0;0;0;0;0;0;0;0;0;0;0;0;0;0;0;0;0;0;0;0;0;0;0;0;0;0;0;0;0;59;51;30;32;20;45;30;29;20;45;30;25;20;45;30;25;20;45;200;227;100;300;200;224;100;300;200;0;100;300;200;0;100;300;30;32;20;45;30;29;20;45;30;26;20;45;30;28;20;45;200;242;100;300;200;240;100;300;200;0;100;300;200;0;100;300;4;2;0.4;6;4;5;0.4;6;4;2;0.4;6;4;6;0.4;6;4;2;0.4;6;4;5;0.4;6;4;2;0.4;6;4;6;0.4;6;NOK;NOK;OK;10000;10034;8000;11000;OK;8.66;0;8;12;NOK;N/A;1.95;N/A;N/A;N/A;9;10.9;7;18;OK;;0;0;0;-;Disabled;TempOk;1;230;108.6;0;0;0;349.9;441543200 volvo 589-1;441543200 volvo 589-1;441543200 volvo 589-1
20260331_20:00:50;26489;2;4;940;937.4;910;970;OK;940;945.7;910;970;OK;946.1;945.8;-15;-18.9;-50;-20;NOK;-15;-19.2;-50;-20;NOK;-19;-19.1;0;-15;-18.9;-50;-20;NOK;330;341;330;500;OK;0;0;N/A;N/A;N/A;N/A;N/A;N/A;N/A;N/A;N/A;N/A;N/A;N/A;N/A;N/A;N/A;N/A;N/A;N/A;N/A;N/A;N/A;N/A;N/A;N/A;N/A;N/A;N/A;N/A;N/A;N/A;N/A;N/A;N/A;N/A;N/A;N/A;N/A;N/A;N/A;N/A;N/A;N/A;N/A;N/A;N/A;N/A;N/A;N/A;N/A;N/A;N/A;N/A;N/A;N/A;N/A;N/A;N/A;N/A;N/A;N/A;N/A;N/A;N/A;N/A;N/A;N/A;N/A;N/A;N/A;N/A;N/A;N/A;N/A;N/A;N/A;N/A;N/A;N/A;N/A;N/A;N/A;N/A;N/A;N/A;N/A;N/A;N/A;N/A;N/A;N/A;N/A;N/A;N/A;N/A;N/A;N/A;N/A;N/A;;0;422.2;0;0;;Disabled;TempStop;1;700;425.3;0;0;0;549.9;449.9;Enabled;PosOk;1;0;0;0;0;0;15;Disabled;0;0;0;0;0;0;0;0;0;0;0;0;0;0;0;0;0;0;0;0;0;0;0;0;0;0;0;0;0;0;0;0;0;0;0;0;0;0;0;0;0;0;0;0;0;0;0;0;0;0;0;0;0;0;0;0;0;0;0;0;0;0;0;0;0;0;0;0;0;0;30;32;20;45;30;29;20;45;30;26;20;45;30;25;20;45;200;228;100;300;200;224;100;300;200;0;100;300;200;0;100;300;30;32;20;45;30;29;20;45;30;26;20;45;30;28;20;45;200;242;100;300;200;240;100;300;200;0;100;300;200;0;100;300;4;2;0.4;6;4;5;0.4;6;4;2;0.4;6;4;6;0.4;6;4;2;0.4;6;4;5;0.4;6;4;2;0.4;6;4;6;0.4;6;NOK;NOK;OK;10000;10033;8000;11000;OK;8.66;0;8;12;NOK;N/A;1.95;N/A;N/A;N/A;9;11.7;7;18;OK;;0;0;0;-;Disabled;TempOk;1;230;109.8;0;0;0;349.9;441543200 volvo 589-1;441543200 volvo 589-1;441543200 volvo 589-1
20260331_20:01:19;26490;3;4;940;942.3;910;970;OK;940;936.2;910;970;OK;932.9;934.8;-20;-14.9;-50;-25;NOK;-20;-15.2;-50;-25;NOK;-20.1;-18.5;0;-20;-14.9;-50;-25;NOK;330;341;330;500;OK;0;0;N/A;N/A;N/A;N/A;N/A;N/A;N/A;N/A;N/A;N/A;N/A;N/A;N/A;N/A;N/A;N/A;N/A;N/A;N/A;N/A;N/A;N/A;N/A;N/A;N/A;N/A;N/A;N/A;N/A;N/A;N/A;N/A;N/A;N/A;N/A;N/A;N/A;N/A;N/A;N/A;N/A;N/A;N/A;N/A;N/A;N/A;N/A;N/A;N/A;N/A;N/A;N/A;N/A;N/A;N/A;N/A;N/A;N/A;N/A;N/A;N/A;N/A;N/A;N/A;N/A;N/A;N/A;N/A;N/A;N/A;N/A;N/A;N/A;N/A;N/A;N/A;N/A;N/A;N/A;N/A;N/A;N/A;N/A;N/A;N/A;N/A;N/A;N/A;N/A;N/A;N/A;N/A;N/A;N/A;N/A;N/A;N/A;N/A;;0;412.5;0;0;;Disabled;TempStop;1;700;415.8;0;0;0;549.9;449.9;Enabled;PosOk;1;0;0;0;0;0;15;Disabled;0;0;0;0;0;0;0;0;0;0;0;0;0;0;0;0;0;0;0;0;0;0;0;0;0;0;0;0;0;0;0;0;0;0;0;0;0;0;0;0;0;0;0;0;0;0;0;0;0;0;0;0;0;0;0;0;0;0;0;0;0;0;0;0;0;0;0;0;0;0;30;33;20;45;30;29;20;45;30;26;20;45;30;26;20;45;200;227;100;300;200;224;100;300;200;0;100;300;200;0;100;300;30;33;20;45;30;29;20;45;30;26;20;45;30;28;20;45;200;242;100;300;200;239;100;300;200;0;100;300;200;0;100;300;4;2;0.4;6;4;5;0.4;6;4;2;0.4;6;4;5;0.4;6;4;2;0.4;6;4;6;0.4;6;4;2;0.4;6;4;6;0.4;6;NOK;NOK;OK;10000;10042;8000;11000;OK;8.66;0;8;12;NOK;N/A;1.95;N/A;N/A;N/A;9;11.7;7;18;OK;;0;0;0;-;Disabled;TempOk;1;230;114.1;0;0;0;349.9;441543200 volvo 589-1;441543200 volvo 589-1;441543200 volvo 589-1
20260331_20:01:48;26491;4;4;940;940.5;910;970;OK;940;961.5;910;970;OK;960.2;960.8;-15;-9.1;-50;-5;OK;-15;-8.4;-50;-5;OK;-10.9;-7.1;0;-15;-9.3;-50;-5;OK;330;341;330;500;OK;259.61;260.09;N/A;N/A;N/A;N/A;N/A;N/A;N/A;N/A;N/A;N/A;N/A;N/A;N/A;N/A;N/A;N/A;N/A;N/A;N/A;N/A;N/A;N/A;N/A;N/A;N/A;N/A;N/A;N/A;N/A;N/A;N/A;N/A;N/A;N/A;N/A;N/A;N/A;N/A;N/A;N/A;N/A;N/A;N/A;N/A;N/A;N/A;N/A;N/A;N/A;N/A;N/A;N/A;N/A;N/A;N/A;N/A;N/A;N/A;N/A;N/A;N/A;N/A;N/A;N/A;N/A;N/A;N/A;N/A;N/A;N/A;N/A;N/A;N/A;N/A;N/A;N/A;N/A;N/A;N/A;N/A;N/A;N/A;N/A;N/A;N/A;N/A;N/A;N/A;N/A;N/A;N/A;N/A;N/A;N/A;N/A;N/A;N/A;N/A;;0;429.2;0;0;;Disabled;TempStop;1;700;432.3;0;0;0;549.9;449.9;Enabled;PosOk;1;0;0;0;0;0;15;Disabled;0;0;0;0;0;0;0;0;0;0;0;0;0;0;0;0;0;0;0;0;0;0;0;0;0;0;0;0;0;0;0;0;0;0;0;0;0;0;0;0;0;0;0;0;0;0;0;0;0;0;0;0;0;0;0;0;0;0;0;0;0;0;0;0;0;0;0;0;0;0;30;33;20;45;30;30;20;45;30;26;20;45;30;25;20;45;200;227;100;300;200;224;100;300;200;0;100;300;200;0;100;300;30;33;20;45;30;30;20;45;30;26;20;45;30;28;20;45;200;242;100;300;200;240;100;300;200;0;100;300;200;0;100;300;4;2;0.4;6;4;5;0.4;6;4;2;0.4;6;4;5;0.4;6;4;2;0.4;6;4;5;0.4;6;4;2;0.4;6;4;6;0.4;6;NOK;NOK;OK;10000;10039;8000;11000;OK;8.66;0;8;12;NOK;N/A;1.95;N/A;N/A;N/A;9;11.8;7;18;OK;;0;0;0;-;Disabled;TempOk;1;230;110.1;0;0;0;349.9;441543200 volvo 589-1;441543200 volvo 589-1;441543200 volvo 589-1
20260331_20:03:17;26492;1;2;940;946.2;910;970;OK;940;955.9;910;970;OK;955.6;955.7;-20;-18.7;-50;-25;NOK;-20;-18.6;-50;-25;NOK;-17.3;-17.9;0;-20;-18.7;-50;-25;NOK;330;341;330;500;OK;0;0;N/A;N/A;N/A;N/A;N/A;N/A;N/A;N/A;N/A;N/A;N/A;N/A;N/A;N/A;N/A;N/A;N/A;N/A;N/A;N/A;N/A;N/A;N/A;N/A;N/A;N/A;N/A;N/A;N/A;N/A;N/A;N/A;N/A;N/A;N/A;N/A;N/A;N/A;N/A;N/A;N/A;N/A;N/A;N/A;N/A;N/A;N/A;N/A;N/A;N/A;N/A;N/A;N/A;N/A;N/A;N/A;N/A;N/A;N/A;N/A;N/A;N/A;N/A;N/A;N/A;N/A;N/A;N/A;N/A;N/A;N/A;N/A;N/A;N/A;N/A;N/A;N/A;N/A;N/A;N/A;N/A;N/A;N/A;N/A;N/A;N/A;N/A;N/A;N/A;N/A;N/A;N/A;N/A;N/A;N/A;N/A;N/A;N/A;;0;385.7;0;0;;Disabled;TempStop;1;700;389.4;0;0;0;549.9;449.9;Enabled;PosOk;1;0;0;0;0;0;15;Disabled;0;0;0;0;0;0;0;0;0;0;0;0;0;0;0;0;0;0;0;0;0;0;0;0;0;0;0;0;0;0;0;0;0;0;0;0;0;0;0;0;0;0;0;0;0;0;0;0;0;0;0;0;0;0;0;0;0;0;0;0;0;0;0;0;0;0;0;0;0;0;30;31;20;45;30;30;20;45;30;26;20;45;30;26;20;45;200;227;100;300;200;224;100;300;200;0;100;300;200;0;100;300;30;31;20;45;30;30;20;45;30;26;20;45;30;28;20;45;200;242;100;300;200;241;100;300;200;0;100;300;200;0;100;300;4;2;0.4;6;4;5;0.4;6;4;2;0.4;6;4;5;0.4;6;4;2;0.4;6;4;6;0.4;6;4;2;0.4;6;4;6;0.4;6;NOK;NOK;OK;10000;10041;8000;11000;OK;8.66;0;8;12;NOK;N/A;1.95;N/A;N/A;N/A;9;11.4;7;18;OK;;0;0;0;-;Disabled;TempOk;1;230;100.2;0;0;0;349.9;441543200 volvo 589-1;441543200 volvo 589-1;441543200 volvo 589-1
20260331_20:03:46;26493;2;2;940;937.9;910;970;OK;940;946.7;910;970;OK;947.3;946.9;-15;-17.4;-50;-20;NOK;-15;-17.4;-50;-20;NOK;-17.1;-17.2;0;-15;-17.4;-50;-20;NOK;330;341;330;500;OK;0;0;N/A;N/A;N/A;N/A;N/A;N/A;N/A;N/A;N/A;N/A;N/A;N/A;N/A;N/A;N/A;N/A;N/A;N/A;N/A;N/A;N/A;N/A;N/A;N/A;N/A;N/A;N/A;N/A;N/A;N/A;N/A;N/A;N/A;N/A;N/A;N/A;N/A;N/A;N/A;N/A;N/A;N/A;N/A;N/A;N/A;N/A;N/A;N/A;N/A;N/A;N/A;N/A;N/A;N/A;N/A;N/A;N/A;N/A;N/A;N/A;N/A;N/A;N/A;N/A;N/A;N/A;N/A;N/A;N/A;N/A;N/A;N/A;N/A;N/A;N/A;N/A;N/A;N/A;N/A;N/A;N/A;N/A;N/A;N/A;N/A;N/A;N/A;N/A;N/A;N/A;N/A;N/A;N/A;N/A;N/A;N/A;N/A;N/A;;0;413.2;0;0;;Disabled;TempStop;1;700;416.6;0;0;0;549.9;449.9;Enabled;PosOk;1;0;0;0;0;0;15;Disabled;0;0;0;0;0;0;0;0;0;0;0;0;0;0;0;0;0;0;0;0;0;0;0;0;0;0;0;0;0;0;0;0;0;0;0;0;0;0;0;0;0;0;0;0;0;0;0;0;0;0;0;0;0;0;0;0;0;0;0;0;0;0;0;0;0;0;0;0;0;0;30;32;20;45;30;30;20;45;30;26;20;45;30;26;20;45;200;227;100;300;200;224;100;300;200;0;100;300;200;0;100;300;30;33;20;45;30;30;20;45;30;26;20;45;30;28;20;45;200;242;100;300;200;240;100;300;200;0;100;300;200;0;100;300;4;2;0.4;6;4;5;0.4;6;4;2;0.4;6;4;5;0.4;6;4;2;0.4;6;4;6;0.4;6;4;2;0.4;6;4;5;0.4;6;NOK;NOK;OK;10000;10039;8000;11000;OK;8.65;0;8;12;NOK;N/A;1.95;N/A;N/A;N/A;9;11.8;7;18;OK;;0;0;0;-;Disabled;TempOk;1;230;107.5;0;0;0;349.9;441543200 volvo 589-1;441543200 volvo 589-1;441543200 volvo 589-1
20260331_20:04:15;26494;1;3;940;949.2;910;970;OK;940;959.3;910;970;OK;958.8;958.9;-20;-17.7;-50;-25;NOK;-20;-18.7;-50;-25;NOK;-18.7;-19.4;0;-20;-17.5;-50;-25;NOK;330;341;330;500;OK;0;0;N/A;N/A;N/A;N/A;N/A;N/A;N/A;N/A;N/A;N/A;N/A;N/A;N/A;N/A;N/A;N/A;N/A;N/A;N/A;N/A;N/A;N/A;N/A;N/A;N/A;N/A;N/A;N/A;N/A;N/A;N/A;N/A;N/A;N/A;N/A;N/A;N/A;N/A;N/A;N/A;N/A;N/A;N/A;N/A;N/A;N/A;N/A;N/A;N/A;N/A;N/A;N/A;N/A;N/A;N/A;N/A;N/A;N/A;N/A;N/A;N/A;N/A;N/A;N/A;N/A;N/A;N/A;N/A;N/A;N/A;N/A;N/A;N/A;N/A;N/A;N/A;N/A;N/A;N/A;N/A;N/A;N/A;N/A;N/A;N/A;N/A;N/A;N/A;N/A;N/A;N/A;N/A;N/A;N/A;N/A;N/A;N/A;N/A;;0;425;0;0;;Disabled;TempStop;1;700;428.2;0;0;0;549.9;449.9;Enabled;PosOk;1;0;0;0;0;0;15;Disabled;0;0;0;0;0;0;0;0;0;0;0;0;0;0;0;0;0;0;0;0;0;0;0;0;0;0;0;0;0;0;0;0;0;0;0;0;0;0;0;0;0;0;0;0;0;0;0;0;0;0;0;0;0;0;0;0;0;0;0;0;0;0;0;0;0;0;0;0;3;46;30;33;20;45;30;30;20;45;30;25;20;45;30;26;20;45;200;227;100;300;200;224;100;300;200;0;100;300;200;0;100;300;30;33;20;45;30;30;20;45;30;26;20;45;30;28;20;45;200;242;100;300;200;240;100;300;200;0;100;300;200;0;100;300;4;2;0.4;6;4;5;0.4;6;4;2;0.4;6;4;5;0.4;6;4;2;0.4;6;4;5;0.4;6;4;2;0.4;6;4;6;0.4;6;NOK;NOK;OK;10000;10050;8000;11000;OK;8.67;0;8;12;NOK;N/A;1.95;N/A;N/A;N/A;9;11.3;7;18;OK;;0;0;0;-;Disabled;TempOk;1;230;111.5;0;0;0;349.9;441543200 volvo 589-1;441543200 volvo 589-1;441543200 volvo 589-1
20260331_20:04:45;26495;4;2;940;955;910;970;OK;940;962;910;970;OK;960.2;961.1;-15;-14.1;-50;-5;OK;-15;-15.6;-50;-5;OK;-16;-16;0;-15;-14.1;-50;-5;OK;330;341;330;500;OK;259.82;260.31;N/A;N/A;N/A;N/A;N/A;N/A;N/A;N/A;N/A;N/A;N/A;N/A;N/A;N/A;N/A;N/A;N/A;N/A;N/A;N/A;N/A;N/A;N/A;N/A;N/A;N/A;N/A;N/A;N/A;N/A;N/A;N/A;N/A;N/A;N/A;N/A;N/A;N/A;N/A;N/A;N/A;N/A;N/A;N/A;N/A;N/A;N/A;N/A;N/A;N/A;N/A;N/A;N/A;N/A;N/A;N/A;N/A;N/A;N/A;N/A;N/A;N/A;N/A;N/A;N/A;N/A;N/A;N/A;N/A;N/A;N/A;N/A;N/A;N/A;N/A;N/A;N/A;N/A;N/A;N/A;N/A;N/A;N/A;N/A;N/A;N/A;N/A;N/A;N/A;N/A;N/A;N/A;N/A;N/A;N/A;N/A;N/A;N/A;;0;420.4;0;0;;Disabled;TempStop;1;700;424.3;0;0;0;549.9;449.9;Enabled;PosOk;1;0;0;0;0;0;15;Disabled;0;0;0;0;0;0;0;0;0;0;0;0;0;0;0;0;0;0;0;0;0;0;0;0;0;0;0;0;0;0;0;0;0;0;0;0;0;0;0;0;0;0;0;0;0;0;0;0;0;0;0;0;0;0;0;0;0;0;0;0;0;0;0;0;0;0;0;0;0;0;30;33;20;45;30;30;20;45;30;25;20;45;30;25;20;45;200;227;100;300;200;224;100;300;200;0;100;300;200;0;100;300;30;33;20;45;30;30;20;45;30;26;20;45;30;28;20;45;200;243;100;300;200;240;100;300;200;0;100;300;200;0;100;300;4;2;0.4;6;4;5;0.4;6;4;2;0.4;6;4;5;0.4;6;4;2;0.4;6;4;6;0.4;6;4;2;0.4;6;4;6;0.4;6;NOK;NOK;OK;10000;10042;8000;11000;OK;8.66;0;8;12;NOK;N/A;1.95;N/A;N/A;N/A;9;11.8;7;18;OK;;0;0;0;-;Disabled;TempOk;1;230;109.4;0;0;0;349.9;441543200 volvo 589-1;441543200 volvo 589-1;441543200 volvo 589-1
20260331_20:05:44;26497;4;3;940;953;910;970;OK;940;961.2;910;970;OK;959.4;960.1;-15;-15.1;-50;-5;OK;-15;-17;-50;-5;OK;-17.2;-17.6;0;-15;-15;-50;-5;OK;330;341;330;500;OK;259.93;260.41;N/A;N/A;N/A;N/A;N/A;N/A;N/A;N/A;N/A;N/A;N/A;N/A;N/A;N/A;N/A;N/A;N/A;N/A;N/A;N/A;N/A;N/A;N/A;N/A;N/A;N/A;N/A;N/A;N/A;N/A;N/A;N/A;N/A;N/A;N/A;N/A;N/A;N/A;N/A;N/A;N/A;N/A;N/A;N/A;N/A;N/A;N/A;N/A;N/A;N/A;N/A;N/A;N/A;N/A;N/A;N/A;N/A;N/A;N/A;N/A;N/A;N/A;N/A;N/A;N/A;N/A;N/A;N/A;N/A;N/A;N/A;N/A;N/A;N/A;N/A;N/A;N/A;N/A;N/A;N/A;N/A;N/A;N/A;N/A;N/A;N/A;N/A;N/A;N/A;N/A;N/A;N/A;N/A;N/A;N/A;N/A;N/A;N/A;;0;419.8;0;0;;Disabled;TempStop;1;700;423.2;0;0;0;549.9;449.9;Enabled;PosOk;1;0;0;0;0;0;15;Disabled;0;0;0;0;0;0;0;0;0;0;0;0;0;0;0;0;0;0;0;0;0;0;0;0;0;0;0;0;0;0;0;0;0;0;0;0;0;0;0;0;0;0;0;0;0;0;0;0;0;0;0;0;0;0;0;0;0;0;0;0;0;0;0;0;0;0;0;0;0;0;30;33;20;45;30;29;20;45;30;26;20;45;30;26;20;45;200;227;100;300;200;225;100;300;200;0;100;300;200;0;100;300;30;33;20;45;30;29;20;45;30;26;20;45;30;28;20;45;200;243;100;300;200;241;100;300;200;0;100;300;200;0;100;300;4;2;0.4;6;4;5;0.4;6;4;2;0.4;6;4;6;0.4;6;4;2;0.4;6;4;6;0.4;6;4;2;0.4;6;4;6;0.4;6;NOK;NOK;OK;10000;10032;8000;11000;OK;8.66;0;8;12;NOK;N/A;1.95;N/A;N/A;N/A;9;11.8;7;18;OK;;0;0;0;-;Disabled;TempOk;1;230;108.5;0;0;0;349.9;441543200 volvo 589-1;441543200 volvo 589-1;441543200 volvo 589-1
20260331_20:06:13;26498;1;4;940;938.3;910;970;OK;940;945.2;910;970;OK;946.3;945.8;-20;-11.7;-50;-25;NOK;-20;-11.7;-50;-25;NOK;-16.6;-14;0;-20;-11.7;-50;-25;NOK;330;341;330;500;OK;0;0;N/A;N/A;N/A;N/A;N/A;N/A;N/A;N/A;N/A;N/A;N/A;N/A;N/A;N/A;N/A;N/A;N/A;N/A;N/A;N/A;N/A;N/A;N/A;N/A;N/A;N/A;N/A;N/A;N/A;N/A;N/A;N/A;N/A;N/A;N/A;N/A;N/A;N/A;N/A;N/A;N/A;N/A;N/A;N/A;N/A;N/A;N/A;N/A;N/A;N/A;N/A;N/A;N/A;N/A;N/A;N/A;N/A;N/A;N/A;N/A;N/A;N/A;N/A;N/A;N/A;N/A;N/A;N/A;N/A;N/A;N/A;N/A;N/A;N/A;N/A;N/A;N/A;N/A;N/A;N/A;N/A;N/A;N/A;N/A;N/A;N/A;N/A;N/A;N/A;N/A;N/A;N/A;N/A;N/A;N/A;N/A;N/A;N/A;;0;416.3;0;0;;Disabled;TempStop;1;700;419.7;0;0;0;549.9;449.9;Enabled;PosOk;1;0;0;0;0;0;15;Disabled;0;0;0;0;0;0;0;0;0;0;0;0;0;0;0;0;0;0;0;0;0;0;0;0;0;0;0;0;0;0;0;0;0;0;0;0;0;0;0;0;0;0;0;0;0;0;0;0;0;0;0;0;0;0;0;0;0;0;0;0;0;0;0;0;0;0;0;0;5;44;30;32;20;45;30;29;20;45;30;25;20;45;30;25;20;45;200;227;100;300;200;224;100;300;200;0;100;300;200;0;100;300;30;32;20;45;30;29;20;45;30;26;20;45;30;28;20;45;200;243;100;300;200;240;100;300;200;0;100;300;200;0;100;300;4;2;0.4;6;4;5;0.4;6;4;2;0.4;6;4;5;0.4;6;4;2;0.4;6;4;6;0.4;6;4;2;0.4;6;4;6;0.4;6;NOK;NOK;OK;10000;10026;8000;11000;OK;8.65;0;8;12;NOK;N/A;1.95;N/A;N/A;N/A;9;11.4;7;18;OK;;0;0;0;-;Disabled;TempOk;1;230;114.4;0;0;0;349.9;441543200 volvo 589-1;441543200 volvo 589-1;441543200 volvo 589-1
20260331_20:06:43;26499;2;4;940;937.3;910;970;OK;940;945.5;910;970;OK;946.1;945.7;-15;-19.2;-50;-20;NOK;-15;-18.9;-50;-20;NOK;-18.5;-18.7;0;-15;-19.2;-50;-20;NOK;330;341;330;500;OK;0;0;N/A;N/A;N/A;N/A;N/A;N/A;N/A;N/A;N/A;N/A;N/A;N/A;N/A;N/A;N/A;N/A;N/A;N/A;N/A;N/A;N/A;N/A;N/A;N/A;N/A;N/A;N/A;N/A;N/A;N/A;N/A;N/A;N/A;N/A;N/A;N/A;N/A;N/A;N/A;N/A;N/A;N/A;N/A;N/A;N/A;N/A;N/A;N/A;N/A;N/A;N/A;N/A;N/A;N/A;N/A;N/A;N/A;N/A;N/A;N/A;N/A;N/A;N/A;N/A;N/A;N/A;N/A;N/A;N/A;N/A;N/A;N/A;N/A;N/A;N/A;N/A;N/A;N/A;N/A;N/A;N/A;N/A;N/A;N/A;N/A;N/A;N/A;N/A;N/A;N/A;N/A;N/A;N/A;N/A;N/A;N/A;N/A;N/A;;0;417.6;0;0;;Disabled;TempStop;1;700;421.2;0;0;0;549.9;449.9;Enabled;PosOk;1;0;0;0;0;0;15;Disabled;0;0;0;0;0;0;0;0;0;0;0;0;0;0;0;0;0;0;0;0;0;0;0;0;0;0;0;0;0;0;0;0;0;0;0;0;0;0;0;0;0;0;0;0;0;0;0;0;0;0;0;0;0;0;0;0;0;0;0;0;0;0;0;0;0;0;0;0;0;0;30;32;20;45;30;29;20;45;30;25;20;45;30;26;20;45;200;227;100;300;200;224;100;300;200;0;100;300;200;0;100;300;30;33;20;45;30;29;20;45;30;26;20;45;30;28;20;45;200;243;100;300;200;240;100;300;200;0;100;300;200;1;100;300;4;2;0.4;6;4;5;0.4;6;4;2;0.4;6;4;5;0.4;6;4;2;0.4;6;4;5;0.4;6;4;2;0.4;6;4;6;0.4;6;NOK;NOK;OK;10000;10038;8000;11000;OK;8.66;0;8;12;NOK;N/A;1.95;N/A;N/A;N/A;9;11.7;7;18;OK;;0;0;0;-;Disabled;TempOk;1;230;115.2;0;0;0;349.9;441543200 volvo 589-1;441543200 volvo 589-1;441543200 volvo 589-1
20260331_20:07:12;26500;3;4;940;928.9;910;970;OK;940;926.2;910;970;OK;922.2;924.5;-20;-14.9;-50;-25;NOK;-20;-15.4;-50;-25;NOK;-20.2;-18.5;0;-20;-14.8;-50;-25;NOK;330;341;330;500;OK;0;0;N/A;N/A;N/A;N/A;N/A;N/A;N/A;N/A;N/A;N/A;N/A;N/A;N/A;N/A;N/A;N/A;N/A;N/A;N/A;N/A;N/A;N/A;N/A;N/A;N/A;N/A;N/A;N/A;N/A;N/A;N/A;N/A;N/A;N/A;N/A;N/A;N/A;N/A;N/A;N/A;N/A;N/A;N/A;N/A;N/A;N/A;N/A;N/A;N/A;N/A;N/A;N/A;N/A;N/A;N/A;N/A;N/A;N/A;N/A;N/A;N/A;N/A;N/A;N/A;N/A;N/A;N/A;N/A;N/A;N/A;N/A;N/A;N/A;N/A;N/A;N/A;N/A;N/A;N/A;N/A;N/A;N/A;N/A;N/A;N/A;N/A;N/A;N/A;N/A;N/A;N/A;N/A;N/A;N/A;N/A;N/A;N/A;N/A;;0;403;0;0;;Disabled;TempStop;1;700;406.4;0;0;0;549.9;449.9;Enabled;PosOk;1;0;0;0;0;0;15;Disabled;0;0;0;0;0;0;0;0;0;0;0;0;0;0;0;0;0;0;0;0;0;0;0;0;0;0;0;0;0;0;0;0;0;0;0;0;0;0;0;0;0;0;0;0;0;0;0;0;0;0;0;0;0;0;0;0;0;0;0;0;0;0;0;0;0;0;0;0;0;0;30;33;20;45;30;30;20;45;30;25;20;45;30;26;20;45;200;227;100;300;200;224;100;300;200;0;100;300;200;0;100;300;30;33;20;45;30;30;20;45;30;26;20;45;30;27;20;45;200;242;100;300;200;240;100;300;200;0;100;300;200;0;100;300;4;2;0.4;6;4;5;0.4;6;4;2;0.4;6;4;5;0.4;6;4;2;0.4;6;4;5;0.4;6;4;2;0.4;6;4;6;0.4;6;NOK;NOK;OK;10000;10035;8000;11000;OK;8.66;0;8;12;NOK;N/A;1.95;N/A;N/A;N/A;9;11.7;7;18;OK;;0;0;0;-;Disabled;TempOk;1;230;113.5;0;0;0;349.9;441543200 volvo 589-1;441543200 volvo 589-1;441543200 volvo 589-1
20260331_20:07:41;26501;4;4;940;940.4;910;970;OK;940;960.3;910;970;OK;957.9;959.2;-15;-9.1;-50;-5;OK;-15;-8.4;-50;-5;OK;-11.4;-7.4;0;-15;-9.3;-50;-5;OK;330;341;330;500;OK;260.11;260.58;N/A;N/A;N/A;N/A;N/A;N/A;N/A;N/A;N/A;N/A;N/A;N/A;N/A;N/A;N/A;N/A;N/A;N/A;N/A;N/A;N/A;N/A;N/A;N/A;N/A;N/A;N/A;N/A;N/A;N/A;N/A;N/A;N/A;N/A;N/A;N/A;N/A;N/A;N/A;N/A;N/A;N/A;N/A;N/A;N/A;N/A;N/A;N/A;N/A;N/A;N/A;N/A;N/A;N/A;N/A;N/A;N/A;N/A;N/A;N/A;N/A;N/A;N/A;N/A;N/A;N/A;N/A;N/A;N/A;N/A;N/A;N/A;N/A;N/A;N/A;N/A;N/A;N/A;N/A;N/A;N/A;N/A;N/A;N/A;N/A;N/A;N/A;N/A;N/A;N/A;N/A;N/A;N/A;N/A;N/A;N/A;N/A;N/A;;0;413.7;0;0;;Disabled;TempStop;1;700;417.2;0;0;0;549.9;449.9;Enabled;PosOk;1;0;0;0;0;0;15;Disabled;0;0;0;0;0;0;0;0;0;0;0;0;0;0;0;0;0;0;0;0;0;0;0;0;0;0;0;0;0;0;0;0;0;0;0;0;0;0;0;0;0;0;0;0;0;0;0;0;0;0;0;0;0;0;0;0;0;0;0;0;0;0;0;0;0;0;0;0;0;0;30;33;20;45;30;30;20;45;30;25;20;45;30;26;20;45;200;227;100;300;200;225;100;300;200;0;100;300;200;0;100;300;30;33;20;45;30;30;20;45;30;26;20;45;30;28;20;45;200;242;100;300;200;240;100;300;200;0;100;300;200;0;100;300;4;2;0.4;6;4;5;0.4;6;4;2;0.4;6;4;5;0.4;6;4;2;0.4;6;4;6;0.4;6;4;2;0.4;6;4;5;0.4;6;NOK;NOK;OK;10000;10041;8000;11000;OK;8.66;0;8;12;NOK;N/A;1.95;N/A;N/A;N/A;9;11.8;7;18;OK;;0;0;0;-;Disabled;TempOk;1;230;117.4;0;0;0;349.9;441543200 volvo 589-1;441543200 volvo 589-1;441543200 volvo 589-1
20260331_20:09:10;26502;1;2;940;948.2;910;970;OK;940;957.6;910;970;OK;957.2;957.4;-20;-18.8;-50;-25;NOK;-20;-18.7;-50;-25;NOK;-17.3;-17.9;0;-20;-18.8;-50;-25;NOK;330;341;330;500;OK;0;0;N/A;N/A;N/A;N/A;N/A;N/A;N/A;N/A;N/A;N/A;N/A;N/A;N/A;N/A;N/A;N/A;N/A;N/A;N/A;N/A;N/A;N/A;N/A;N/A;N/A;N/A;N/A;N/A;N/A;N/A;N/A;N/A;N/A;N/A;N/A;N/A;N/A;N/A;N/A;N/A;N/A;N/A;N/A;N/A;N/A;N/A;N/A;N/A;N/A;N/A;N/A;N/A;N/A;N/A;N/A;N/A;N/A;N/A;N/A;N/A;N/A;N/A;N/A;N/A;N/A;N/A;N/A;N/A;N/A;N/A;N/A;N/A;N/A;N/A;N/A;N/A;N/A;N/A;N/A;N/A;N/A;N/A;N/A;N/A;N/A;N/A;N/A;N/A;N/A;N/A;N/A;N/A;N/A;N/A;N/A;N/A;N/A;N/A;;0;385.2;0;0;;Disabled;TempStop;1;700;388.7;0;0;0;549.9;449.9;Enabled;PosOk;1;0;0;0;0;0;15;Disabled;0;0;0;0;0;0;0;0;0;0;0;0;0;0;0;0;0;0;0;0;0;0;0;0;0;0;0;0;0;0;0;0;0;0;0;0;0;0;0;0;0;0;0;0;0;0;0;0;0;0;0;0;0;0;0;0;0;0;0;0;0;0;0;0;0;0;0;0;0;0;30;31;20;45;30;29;20;45;30;26;20;45;30;26;20;45;200;227;100;300;200;224;100;300;200;0;100;300;200;0;100;300;30;31;20;45;30;29;20;45;30;26;20;45;30;28;20;45;200;243;100;300;200;241;100;300;200;0;100;300;200;0;100;300;4;2;0.4;6;4;5;0.4;6;4;2;0.4;6;4;6;0.4;6;4;2;0.4;6;4;5;0.4;6;4;2;0.4;6;4;6;0.4;6;NOK;NOK;OK;10000;10042;8000;11000;OK;8.67;0;8;12;NOK;N/A;1.95;N/A;N/A;N/A;9;10.9;7;18;OK;;0;0;0;-;Disabled;TempOk;1;230;98.7;0;0;0;349.9;441543200 volvo 589-1;441543200 volvo 589-1;441543200 volvo 589-1
20260331_20:09:39;26503;2;2;940;937.7;910;970;OK;940;946.9;910;970;OK;947.6;947.1;-15;-17.4;-50;-20;NOK;-15;-17.2;-50;-20;NOK;-16.8;-17;0;-15;-17.5;-50;-20;NOK;330;341;330;500;OK;0;0;N/A;N/A;N/A;N/A;N/A;N/A;N/A;N/A;N/A;N/A;N/A;N/A;N/A;N/A;N/A;N/A;N/A;N/A;N/A;N/A;N/A;N/A;N/A;N/A;N/A;N/A;N/A;N/A;N/A;N/A;N/A;N/A;N/A;N/A;N/A;N/A;N/A;N/A;N/A;N/A;N/A;N/A;N/A;N/A;N/A;N/A;N/A;N/A;N/A;N/A;N/A;N/A;N/A;N/A;N/A;N/A;N/A;N/A;N/A;N/A;N/A;N/A;N/A;N/A;N/A;N/A;N/A;N/A;N/A;N/A;N/A;N/A;N/A;N/A;N/A;N/A;N/A;N/A;N/A;N/A;N/A;N/A;N/A;N/A;N/A;N/A;N/A;N/A;N/A;N/A;N/A;N/A;N/A;N/A;N/A;N/A;N/A;N/A;;0;415.8;0;0;;Disabled;TempStop;1;700;419.5;0;0;0;549.9;449.9;Enabled;PosOk;1;0;0;0;0;0;15;Disabled;0;0;0;0;0;0;0;0;0;0;0;0;0;0;0;0;0;0;0;0;0;0;0;0;0;0;0;0;0;0;0;0;0;0;0;0;0;0;0;0;0;0;0;0;0;0;0;0;0;0;0;0;0;0;0;0;0;0;0;0;0;0;0;0;0;0;0;0;0;0;30;32;20;45;30;29;20;45;30;26;20;45;30;26;20;45;200;227;100;300;200;225;100;300;200;0;100;300;200;0;100;300;30;32;20;45;30;29;20;45;30;26;20;45;30;28;20;45;200;243;100;300;200;240;100;300;200;0;100;300;200;0;100;300;4;2;0.4;6;4;5;0.4;6;4;2;0.4;6;4;5;0.4;6;4;2;0.4;6;4;5;0.4;6;4;2;0.4;6;4;6;0.4;6;NOK;NOK;OK;10000;10039;8000;11000;OK;8.66;0;8;12;NOK;N/A;1.95;N/A;N/A;N/A;9;11.7;7;18;OK;;0;0;0;-;Disabled;TempOk;1;230;109.3;0;0;0;349.9;441543200 volvo 589-1;441543200 volvo 589-1;441543200 volvo 589-1
20260331_20:10:08;26504;1;3;940;950.7;910;970;OK;940;960.5;910;970;OK;959.9;960.1;-20;-17.6;-50;-25;NOK;-20;-18.9;-50;-25;NOK;-18.7;-19.5;0;-20;-17.5;-50;-25;NOK;330;341;330;500;OK;0;0;N/A;N/A;N/A;N/A;N/A;N/A;N/A;N/A;N/A;N/A;N/A;N/A;N/A;N/A;N/A;N/A;N/A;N/A;N/A;N/A;N/A;N/A;N/A;N/A;N/A;N/A;N/A;N/A;N/A;N/A;N/A;N/A;N/A;N/A;N/A;N/A;N/A;N/A;N/A;N/A;N/A;N/A;N/A;N/A;N/A;N/A;N/A;N/A;N/A;N/A;N/A;N/A;N/A;N/A;N/A;N/A;N/A;N/A;N/A;N/A;N/A;N/A;N/A;N/A;N/A;N/A;N/A;N/A;N/A;N/A;N/A;N/A;N/A;N/A;N/A;N/A;N/A;N/A;N/A;N/A;N/A;N/A;N/A;N/A;N/A;N/A;N/A;N/A;N/A;N/A;N/A;N/A;N/A;N/A;N/A;N/A;N/A;N/A;;0;428.6;0;0;;Disabled;TempStop;1;700;432.1;0;0;0;549.9;449.9;Enabled;PosOk;1;0;0;0;0;0;15;Disabled;0;0;0;0;0;0;0;0;0;0;0;0;0;0;0;0;0;0;0;0;0;0;0;0;0;0;0;0;0;0;0;0;0;0;0;0;0;0;0;0;0;0;0;0;0;0;0;0;0;0;0;0;0;0;0;0;0;0;0;0;0;0;0;0;0;0;0;0;9;39;30;32;20;45;30;29;20;45;30;25;20;45;30;26;20;45;200;227;100;300;200;224;100;300;200;0;100;300;200;0;100;300;30;32;20;45;30;30;20;45;30;26;20;45;30;28;20;45;200;242;100;300;200;240;100;300;200;0;100;300;200;0;100;300;4;2;0.4;6;4;5;0.4;6;4;2;0.4;6;4;6;0.4;6;4;2;0.4;6;4;6;0.4;6;4;2;0.4;6;4;6;0.4;6;NOK;NOK;OK;10000;10038;8000;11000;OK;8.66;0;8;12;NOK;N/A;1.95;N/A;N/A;N/A;9;10.9;7;18;OK;;0;0;0;-;Disabled;TempOk;1;230;113.5;0;0;0;349.9;441543200 volvo 589-1;441543200 volvo 589-1;441543200 volvo 589-1
20260331_20:10:38;26505;4;2;940;954.9;910;970;OK;940;963.2;910;970;OK;961.8;962.5;-15;-15.4;-50;-5;OK;-15;-14.4;-50;-5;OK;-15.2;-14.9;0;-15;-15.4;-50;-5;OK;330;341;330;500;OK;260.33;260.8;N/A;N/A;N/A;N/A;N/A;N/A;N/A;N/A;N/A;N/A;N/A;N/A;N/A;N/A;N/A;N/A;N/A;N/A;N/A;N/A;N/A;N/A;N/A;N/A;N/A;N/A;N/A;N/A;N/A;N/A;N/A;N/A;N/A;N/A;N/A;N/A;N/A;N/A;N/A;N/A;N/A;N/A;N/A;N/A;N/A;N/A;N/A;N/A;N/A;N/A;N/A;N/A;N/A;N/A;N/A;N/A;N/A;N/A;N/A;N/A;N/A;N/A;N/A;N/A;N/A;N/A;N/A;N/A;N/A;N/A;N/A;N/A;N/A;N/A;N/A;N/A;N/A;N/A;N/A;N/A;N/A;N/A;N/A;N/A;N/A;N/A;N/A;N/A;N/A;N/A;N/A;N/A;N/A;N/A;N/A;N/A;N/A;N/A;;0;415.2;0;0;;Disabled;TempStop;1;700;418.7;0;0;0;549.9;449.9;Enabled;PosOk;1;0;0;0;0;0;15;Disabled;0;0;0;0;0;0;0;0;0;0;0;0;0;0;0;0;0;0;0;0;0;0;0;0;0;0;0;0;0;0;0;0;0;0;0;0;0;0;0;0;0;0;0;0;0;0;0;0;0;0;0;0;0;0;0;0;0;0;0;0;0;0;0;0;0;0;0;0;0;0;30;33;20;45;30;30;20;45;30;26;20;45;30;26;20;45;200;227;100;300;200;224;100;300;200;0;100;300;200;0;100;300;30;33;20;45;30;30;20;45;30;26;20;45;30;28;20;45;200;243;100;300;200;240;100;300;200;0;100;300;200;0;100;300;4;2;0.4;6;4;5;0.4;6;4;2;0.4;6;4;5;0.4;6;4;2;0.4;6;4;6;0.4;6;4;2;0.4;6;4;6;0.4;6;NOK;NOK;OK;10000;10053;8000;11000;OK;8.67;0;8;12;NOK;N/A;1.95;N/A;N/A;N/A;9;11.7;7;18;OK;;0;0;0;-;Disabled;TempOk;1;230;111.2;0;0;0;349.9;441543200 volvo 589-1;441543200 volvo 589-1;441543200 volvo 589-1
20260331_20:11:07;26506;3;3;940;943.6;910;970;OK;940;951;910;970;OK;951.5;951.3;-20;-18.5;-50;-25;NOK;-20;-18.3;-50;-25;NOK;-17.6;-17.8;0;-20;-18.5;-50;-25;NOK;330;341;330;500;OK;0;0;N/A;N/A;N/A;N/A;N/A;N/A;N/A;N/A;N/A;N/A;N/A;N/A;N/A;N/A;N/A;N/A;N/A;N/A;N/A;N/A;N/A;N/A;N/A;N/A;N/A;N/A;N/A;N/A;N/A;N/A;N/A;N/A;N/A;N/A;N/A;N/A;N/A;N/A;N/A;N/A;N/A;N/A;N/A;N/A;N/A;N/A;N/A;N/A;N/A;N/A;N/A;N/A;N/A;N/A;N/A;N/A;N/A;N/A;N/A;N/A;N/A;N/A;N/A;N/A;N/A;N/A;N/A;N/A;N/A;N/A;N/A;N/A;N/A;N/A;N/A;N/A;N/A;N/A;N/A;N/A;N/A;N/A;N/A;N/A;N/A;N/A;N/A;N/A;N/A;N/A;N/A;N/A;N/A;N/A;N/A;N/A;N/A;N/A;;0;413;0;0;;Disabled;TempStop;1;700;416.5;0;0;0;549.9;449.9;Enabled;PosOk;1;0;0;0;0;0;15;Disabled;0;0;0;0;0;0;0;0;0;0;0;0;0;0;0;0;0;0;0;0;0;0;0;0;0;0;0;0;0;0;0;0;0;0;0;0;0;0;0;0;0;0;0;0;0;0;0;0;0;0;0;0;0;0;0;0;0;0;0;0;0;0;0;0;0;0;0;0;0;0;30;33;20;45;30;30;20;45;30;26;20;45;30;26;20;45;200;227;100;300;200;224;100;300;200;0;100;300;200;0;100;300;30;33;20;45;30;30;20;45;30;26;20;45;30;28;20;45;200;242;100;300;200;240;100;300;200;0;100;300;200;0;100;300;4;2;0.4;6;4;5;0.4;6;4;2;0.4;6;4;5;0.4;6;4;2;0.4;6;4;6;0.4;6;4;2;0.4;6;4;6;0.4;6;NOK;NOK;OK;10000;10041;8000;11000;OK;8.66;0;8;12;NOK;N/A;1.95;N/A;N/A;N/A;9;11.7;7;18;OK;;0;0;0;-;Disabled;TempOk;1;230;112.9;0;0;0;349.9;441543200 volvo 589-1;441543200 volvo 589-1;441543200 volvo 589-1
20260331_20:11:37;26507;4;3;940;953.8;910;970;OK;940;961.2;910;970;OK;959.6;960.3;-15;-16.2;-50;-5;OK;-15;-16.1;-50;-5;OK;-16;-16.4;0;-15;-16.1;-50;-5;OK;330;341;330;500;OK;260.43;260.9;N/A;N/A;N/A;N/A;N/A;N/A;N/A;N/A;N/A;N/A;N/A;N/A;N/A;N/A;N/A;N/A;N/A;N/A;N/A;N/A;N/A;N/A;N/A;N/A;N/A;N/A;N/A;N/A;N/A;N/A;N/A;N/A;N/A;N/A;N/A;N/A;N/A;N/A;N/A;N/A;N/A;N/A;N/A;N/A;N/A;N/A;N/A;N/A;N/A;N/A;N/A;N/A;N/A;N/A;N/A;N/A;N/A;N/A;N/A;N/A;N/A;N/A;N/A;N/A;N/A;N/A;N/A;N/A;N/A;N/A;N/A;N/A;N/A;N/A;N/A;N/A;N/A;N/A;N/A;N/A;N/A;N/A;N/A;N/A;N/A;N/A;N/A;N/A;N/A;N/A;N/A;N/A;N/A;N/A;N/A;N/A;N/A;N/A;;0;419.2;0;0;;Disabled;TempStop;1;700;422.6;0;0;0;549.9;449.9;Enabled;PosOk;1;0;0;0;0;0;15;Disabled;0;0;0;0;0;0;0;0;0;0;0;0;0;0;0;0;0;0;0;0;0;0;0;0;0;0;0;0;0;0;0;0;0;0;0;0;0;0;0;0;0;0;0;0;0;0;0;0;0;0;0;0;0;0;0;0;0;0;0;0;0;0;0;0;0;0;0;0;0;0;30;33;20;45;30;30;20;45;30;26;20;45;30;26;20;45;200;228;100;300;200;224;100;300;200;0;100;300;200;0;100;300;30;33;20;45;30;30;20;45;30;26;20;45;30;28;20;45;200;242;100;300;200;240;100;300;200;0;100;300;200;0;100;300;4;2;0.4;6;4;5;0.4;6;4;2;0.4;6;4;6;0.4;6;4;2;0.4;6;4;5;0.4;6;4;2;0.4;6;4;6;0.4;6;NOK;NOK;OK;10000;10049;8000;11000;OK;8.67;0;8;12;NOK;N/A;1.95;N/A;N/A;N/A;9;11.7;7;18;OK;;0;0;0;-;Disabled;TempOk;1;230;108;0;0;0;349.9;441543200 volvo 589-1;441543200 volvo 589-1;441543200 volvo 589-1
20260331_20:12:06;26508;1;4;940;937.5;910;970;OK;940;945.7;910;970;OK;946.8;946.2;-20;-11.7;-50;-25;NOK;-20;-11.8;-50;-25;NOK;-16.6;-14;0;-20;-11.7;-50;-25;NOK;330;341;330;500;OK;0;0;N/A;N/A;N/A;N/A;N/A;N/A;N/A;N/A;N/A;N/A;N/A;N/A;N/A;N/A;N/A;N/A;N/A;N/A;N/A;N/A;N/A;N/A;N/A;N/A;N/A;N/A;N/A;N/A;N/A;N/A;N/A;N/A;N/A;N/A;N/A;N/A;N/A;N/A;N/A;N/A;N/A;N/A;N/A;N/A;N/A;N/A;N/A;N/A;N/A;N/A;N/A;N/A;N/A;N/A;N/A;N/A;N/A;N/A;N/A;N/A;N/A;N/A;N/A;N/A;N/A;N/A;N/A;N/A;N/A;N/A;N/A;N/A;N/A;N/A;N/A;N/A;N/A;N/A;N/A;N/A;N/A;N/A;N/A;N/A;N/A;N/A;N/A;N/A;N/A;N/A;N/A;N/A;N/A;N/A;N/A;N/A;N/A;N/A;;0;421.7;0;0;;Disabled;TempStop;1;700;424.9;0;0;0;549.9;449.9;Enabled;PosOk;1;0;0;0;0;0;15;Disabled;0;0;0;0;0;0;0;0;0;0;0;0;0;0;0;0;0;0;0;0;0;0;0;0;0;0;0;0;0;0;0;0;0;0;0;0;0;0;0;0;0;0;0;0;0;0;0;0;0;0;0;0;0;0;0;0;0;0;0;0;0;0;0;0;0;0;0;0;11;37;30;33;20;45;30;30;20;45;30;26;20;45;30;26;20;45;200;227;100;300;200;224;100;300;200;0;100;300;200;0;100;300;30;33;20;45;30;30;20;45;30;26;20;45;30;28;20;45;200;242;100;300;200;240;100;300;200;0;100;300;200;0;100;300;4;2;0.4;6;4;5;0.4;6;4;2;0.4;6;4;5;0.4;6;4;2;0.4;6;4;5;0.4;6;4;2;0.4;6;4;5;0.4;6;NOK;NOK;OK;10000;10033;8000;11000;OK;8.66;0;8;12;NOK;N/A;1.95;N/A;N/A;N/A;9;11;7;18;OK;;0;0;0;-;Disabled;TempOk;1;230;109.2;0;0;0;349.9;441543200 volvo 589-1;441543200 volvo 589-1;441543200 volvo 589-1
20260331_20:12:36;26509;2;4;940;936.5;910;970;OK;940;945.5;910;970;OK;946.1;945.7;-15;-18.9;-50;-20;NOK;-15;-19;-50;-20;NOK;-19.1;-19.1;0;-15;-18.9;-50;-20;NOK;330;341;330;500;OK;0;0;N/A;N/A;N/A;N/A;N/A;N/A;N/A;N/A;N/A;N/A;N/A;N/A;N/A;N/A;N/A;N/A;N/A;N/A;N/A;N/A;N/A;N/A;N/A;N/A;N/A;N/A;N/A;N/A;N/A;N/A;N/A;N/A;N/A;N/A;N/A;N/A;N/A;N/A;N/A;N/A;N/A;N/A;N/A;N/A;N/A;N/A;N/A;N/A;N/A;N/A;N/A;N/A;N/A;N/A;N/A;N/A;N/A;N/A;N/A;N/A;N/A;N/A;N/A;N/A;N/A;N/A;N/A;N/A;N/A;N/A;N/A;N/A;N/A;N/A;N/A;N/A;N/A;N/A;N/A;N/A;N/A;N/A;N/A;N/A;N/A;N/A;N/A;N/A;N/A;N/A;N/A;N/A;N/A;N/A;N/A;N/A;N/A;N/A;;0;423.9;0;0;;Disabled;TempStop;1;700;427;0;0;0;549.9;449.9;Enabled;PosOk;1;0;0;0;0;0;15;Disabled;0;0;0;0;0;0;0;0;0;0;0;0;0;0;0;0;0;0;0;0;0;0;0;0;0;0;0;0;0;0;0;0;0;0;0;0;0;0;0;0;0;0;0;0;0;0;0;0;0;0;0;0;0;0;0;0;0;0;0;0;0;0;0;0;0;0;0;0;0;0;30;33;20;45;30;29;20;45;30;26;20;45;30;26;20;45;200;228;100;300;200;225;100;300;200;0;100;300;200;0;100;300;30;33;20;45;30;30;20;45;30;26;20;45;30;28;20;45;200;242;100;300;200;241;100;300;200;0;100;300;200;0;100;300;4;2;0.4;6;4;5;0.4;6;4;2;0.4;6;4;5;0.4;6;4;2;0.4;6;4;5;0.4;6;4;2;0.4;6;4;6;0.4;6;NOK;NOK;OK;10000;10047;8000;11000;OK;8.67;0;8;12;NOK;N/A;1.95;N/A;N/A;N/A;9;11.2;7;18;OK;;0;0;0;-;Disabled;TempOk;1;230;116.2;0;0;0;349.9;441543200 volvo 589-1;441543200 volvo 589-1;441543200 volvo 589-1
20260331_20:12:49;26510;3;4;940;919;910;970;OK;940;917.6;910;970;OK;912.9;915.7;-20;-15.1;-50;-25;NOK;-20;-15.3;-50;-25;NOK;-20.1;-18.6;0;-20;-15;-50;-25;NOK;330;341;330;500;OK;0;0;N/A;N/A;N/A;N/A;N/A;N/A;N/A;N/A;N/A;N/A;N/A;N/A;N/A;N/A;N/A;N/A;N/A;N/A;N/A;N/A;N/A;N/A;N/A;N/A;N/A;N/A;N/A;N/A;N/A;N/A;N/A;N/A;N/A;N/A;N/A;N/A;N/A;N/A;N/A;N/A;N/A;N/A;N/A;N/A;N/A;N/A;N/A;N/A;N/A;N/A;N/A;N/A;N/A;N/A;N/A;N/A;N/A;N/A;N/A;N/A;N/A;N/A;N/A;N/A;N/A;N/A;N/A;N/A;N/A;N/A;N/A;N/A;N/A;N/A;N/A;N/A;N/A;N/A;N/A;N/A;N/A;N/A;N/A;N/A;N/A;N/A;N/A;N/A;N/A;N/A;N/A;N/A;N/A;N/A;N/A;N/A;N/A;N/A;;0;408;0;0;;Disabled;TempStop;1;700;411.4;0;0;0;549.9;449.9;Enabled;PosNotOk;1;0;18.7;0;0;0;15;Disabled;0;0;0;0;0;0;0;0;0;0;0;0;0;0;0;0;0;0;0;0;0;0;0;0;0;0;0;0;0;0;0;0;0;0;0;0;0;0;0;0;0;0;0;0;0;0;0;0;0;0;0;0;0;0;0;0;0;0;0;0;0;0;0;0;0;0;0;0;0;0;;;;;;;;;;;;;;;;;;;;;;;;;;;;;;;;;;;;;;;;;;;;;;;;;;;;;;;;;;;;;;;;;;;;;;;;;;;;;;;;;;;;;;;;;;;;;;;;;;;;;;;;;;;;;;;;;;;;;;;;;;;;;;;;;;;;;;441543200 volvo 589-1;441543200 volvo 589-1;;
20260331_20:15:40;26511;4;4;940;939.2;910;970;OK;940;952.5;910;970;OK;944.4;946.9;-15;-9.2;-50;-5;OK;-15;-14.5;-50;-5;OK;-11.2;-7.3;0;-15;-9.3;-50;-5;OK;330;467;330;500;OK;260.6;261.22;N/A;N/A;N/A;N/A;N/A;N/A;N/A;N/A;N/A;N/A;N/A;N/A;N/A;N/A;N/A;N/A;N/A;N/A;N/A;N/A;N/A;N/A;N/A;N/A;N/A;N/A;N/A;N/A;N/A;N/A;N/A;N/A;N/A;N/A;N/A;N/A;N/A;N/A;N/A;N/A;N/A;N/A;N/A;N/A;N/A;N/A;N/A;N/A;N/A;N/A;N/A;N/A;N/A;N/A;N/A;N/A;N/A;N/A;N/A;N/A;N/A;N/A;N/A;N/A;N/A;N/A;N/A;N/A;N/A;N/A;N/A;N/A;N/A;N/A;N/A;N/A;N/A;N/A;N/A;N/A;N/A;N/A;N/A;N/A;N/A;N/A;N/A;N/A;N/A;N/A;N/A;N/A;N/A;N/A;N/A;N/A;N/A;N/A;;0;379.7;0;0;;Disabled;TempStop;1;700;384;0;0;0;549.9;449.9;Enabled;PosOk;1;0;1.7;0;0;0;15;Disabled;0;0;0;0;0;0;0;0;0;0;0;0;0;0;0;0;0;0;0;0;0;0;0;0;0;0;0;0;0;0;0;0;0;0;0;0;0;0;0;0;0;0;0;0;0;0;0;0;0;0;0;0;0;0;0;0;0;0;0;0;0;0;0;0;0;0;0;0;0;0;30;30;20;45;30;30;20;45;30;26;20;45;30;26;20;45;200;227;100;300;200;224;100;300;200;0;100;300;200;0;100;300;30;31;20;45;30;30;20;45;30;26;20;45;30;28;20;45;200;242;100;300;200;241;100;300;200;0;100;300;200;0;100;300;4;2;0.4;6;4;5;0.4;6;4;2;0.4;6;4;5;0.4;6;4;2;0.4;6;4;6;0.4;6;4;2;0.4;6;4;5;0.4;6;NOK;NOK;OK;10000;10033;8000;11000;OK;8.66;0;8;12;NOK;N/A;1.95;N/A;N/A;N/A;9;11.6;7;18;OK;;0;0;0;-;Disabled;TempOk;1;230;94.3;0;0;0;349.9;441543200 volvo 589-1;441543200 volvo 589-1;441543200 volvo 589-1
20260331_20:16:10;26512;1;2;940;949.4;910;970;OK;940;959.2;910;970;OK;958.3;958.5;-20;-18.8;-50;-25;NOK;-20;-19.7;-50;-25;NOK;-17.3;-17.9;0;-20;-18.9;-50;-25;NOK;330;408;330;500;OK;0;0;N/A;N/A;N/A;N/A;N/A;N/A;N/A;N/A;N/A;N/A;N/A;N/A;N/A;N/A;N/A;N/A;N/A;N/A;N/A;N/A;N/A;N/A;N/A;N/A;N/A;N/A;N/A;N/A;N/A;N/A;N/A;N/A;N/A;N/A;N/A;N/A;N/A;N/A;N/A;N/A;N/A;N/A;N/A;N/A;N/A;N/A;N/A;N/A;N/A;N/A;N/A;N/A;N/A;N/A;N/A;N/A;N/A;N/A;N/A;N/A;N/A;N/A;N/A;N/A;N/A;N/A;N/A;N/A;N/A;N/A;N/A;N/A;N/A;N/A;N/A;N/A;N/A;N/A;N/A;N/A;N/A;N/A;N/A;N/A;N/A;N/A;N/A;N/A;N/A;N/A;N/A;N/A;N/A;N/A;N/A;N/A;N/A;N/A;;0;417.1;0;0;;Disabled;TempStop;1;700;421.1;0;0;0;549.9;449.9;Enabled;PosOk;1;0;0;0;0;0;15;Disabled;0;0;0;0;0;0;0;0;0;0;0;0;0;0;0;0;0;0;0;0;0;0;0;0;0;0;0;0;0;0;0;0;0;0;0;0;0;0;0;0;0;0;0;0;0;0;0;0;0;0;0;0;0;0;0;0;0;0;0;0;0;0;0;0;0;0;0;0;0;0;30;32;20;45;30;30;20;45;30;26;20;45;30;25;20;45;200;227;100;300;200;224;100;300;200;0;100;300;200;0;100;300;30;32;20;45;30;30;20;45;30;26;20;45;30;28;20;45;200;242;100;300;200;240;100;300;200;0;100;300;200;0;100;300;4;2;0.4;6;4;5;0.4;6;4;2;0.4;6;4;6;0.4;6;4;2;0.4;6;4;6;0.4;6;4;2;0.4;6;4;6;0.4;6;NOK;NOK;OK;10000;10034;8000;11000;OK;8.66;0;8;12;NOK;N/A;1.96;N/A;N/A;N/A;9;10.9;7;18;OK;;0;0;0;-;Disabled;TempOk;1;230;109.5;0;0;0;349.9;441543200 volvo 589-1;441543200 volvo 589-1;441543200 volvo 589-1
20260331_20:16:39;26513;2;2;940;937.7;910;970;OK;940;947.4;910;970;OK;947.9;947.5;-15;-17.4;-50;-20;NOK;-15;-17.9;-50;-20;NOK;-17.2;-17.4;0;-15;-17.4;-50;-20;NOK;330;408;330;500;OK;0;0;N/A;N/A;N/A;N/A;N/A;N/A;N/A;N/A;N/A;N/A;N/A;N/A;N/A;N/A;N/A;N/A;N/A;N/A;N/A;N/A;N/A;N/A;N/A;N/A;N/A;N/A;N/A;N/A;N/A;N/A;N/A;N/A;N/A;N/A;N/A;N/A;N/A;N/A;N/A;N/A;N/A;N/A;N/A;N/A;N/A;N/A;N/A;N/A;N/A;N/A;N/A;N/A;N/A;N/A;N/A;N/A;N/A;N/A;N/A;N/A;N/A;N/A;N/A;N/A;N/A;N/A;N/A;N/A;N/A;N/A;N/A;N/A;N/A;N/A;N/A;N/A;N/A;N/A;N/A;N/A;N/A;N/A;N/A;N/A;N/A;N/A;N/A;N/A;N/A;N/A;N/A;N/A;N/A;N/A;N/A;N/A;N/A;N/A;;0;422.8;0;0;;Disabled;TempStop;1;700;426.8;0;0;0;549.9;449.9;Enabled;PosOk;1;0;0;0;0;0;15;Disabled;0;0;0;0;0;0;0;0;0;0;0;0;0;0;0;0;0;0;0;0;0;0;0;0;0;0;0;0;0;0;0;0;0;0;0;0;0;0;0;0;0;0;0;0;0;0;0;0;0;0;0;0;0;0;0;0;0;0;0;0;0;0;0;0;0;0;0;0;0;0;30;33;20;45;30;29;20;45;30;25;20;45;30;26;20;45;200;227;100;300;200;224;100;300;200;0;100;300;200;0;100;300;30;33;20;45;30;29;20;45;30;26;20;45;30;28;20;45;200;242;100;300;200;240;100;300;200;0;100;300;200;0;100;300;4;2;0.4;6;4;5;0.4;6;4;2;0.4;6;4;5;0.4;6;4;2;0.4;6;4;5;0.4;6;4;2;0.4;6;4;6;0.4;6;NOK;NOK;OK;10000;10025;8000;11000;OK;8.65;0;8;12;NOK;N/A;1.95;N/A;N/A;N/A;9;11.8;7;18;OK;;0;0;0;-;Disabled;TempOk;1;230;107.9;0;0;0;349.9;441543200 volvo 589-1;441543200 volvo 589-1;441543200 volvo 589-1
20260331_20:17:38;26515;4;2;940;956.5;910;970;OK;940;964.6;910;970;OK;962.1;962.8;-15;-14.3;-50;-5;OK;-15;-14.1;-50;-5;OK;-15.8;-15.6;0;-15;-14.3;-50;-5;OK;330;408;330;500;OK;260.81;261.36;N/A;N/A;N/A;N/A;N/A;N/A;N/A;N/A;N/A;N/A;N/A;N/A;N/A;N/A;N/A;N/A;N/A;N/A;N/A;N/A;N/A;N/A;N/A;N/A;N/A;N/A;N/A;N/A;N/A;N/A;N/A;N/A;N/A;N/A;N/A;N/A;N/A;N/A;N/A;N/A;N/A;N/A;N/A;N/A;N/A;N/A;N/A;N/A;N/A;N/A;N/A;N/A;N/A;N/A;N/A;N/A;N/A;N/A;N/A;N/A;N/A;N/A;N/A;N/A;N/A;N/A;N/A;N/A;N/A;N/A;N/A;N/A;N/A;N/A;N/A;N/A;N/A;N/A;N/A;N/A;N/A;N/A;N/A;N/A;N/A;N/A;N/A;N/A;N/A;N/A;N/A;N/A;N/A;N/A;N/A;N/A;N/A;N/A;;0;416.2;0;0;;Disabled;TempStop;1;700;420.1;0;0;0;549.9;449.9;Enabled;PosOk;1;0;0;0;0;0;15;Disabled;0;0;0;0;0;0;0;0;0;0;0;0;0;0;0;0;0;0;0;0;0;0;0;0;0;0;0;0;0;0;0;0;0;0;0;0;0;0;0;0;0;0;0;0;0;0;0;0;0;0;0;0;0;0;0;0;0;0;0;0;0;0;0;0;0;0;0;0;16;39;30;32;20;45;30;29;20;45;30;26;20;45;30;25;20;45;200;227;100;300;200;224;100;300;200;0;100;300;200;0;100;300;30;33;20;45;30;29;20;45;30;26;20;45;30;28;20;45;200;242;100;300;200;240;100;300;200;0;100;300;200;0;100;300;4;2;0.4;6;4;5;0.4;6;4;2;0.4;6;4;5;0.4;6;4;2;0.4;6;4;5;0.4;6;4;2;0.4;6;4;6;0.4;6;NOK;NOK;OK;10000;10052;8000;11000;OK;8.67;0;8;12;NOK;N/A;1.95;N/A;N/A;N/A;9;11.7;7;18;OK;;0;0;0;-;Disabled;TempOk;1;230;110.8;0;0;0;349.9;441543200 volvo 589-1;441543200 volvo 589-1;441543200 volvo 589-1
20260331_20:18:07;26516;3;3;940;942;910;970;OK;940;948.7;910;970;OK;950.2;949.7;-20;-18.5;-50;-25;NOK;-20;-19.6;-50;-25;NOK;-17.8;-17.9;0;-20;-18.6;-50;-25;NOK;330;408;330;500;OK;0;0;N/A;N/A;N/A;N/A;N/A;N/A;N/A;N/A;N/A;N/A;N/A;N/A;N/A;N/A;N/A;N/A;N/A;N/A;N/A;N/A;N/A;N/A;N/A;N/A;N/A;N/A;N/A;N/A;N/A;N/A;N/A;N/A;N/A;N/A;N/A;N/A;N/A;N/A;N/A;N/A;N/A;N/A;N/A;N/A;N/A;N/A;N/A;N/A;N/A;N/A;N/A;N/A;N/A;N/A;N/A;N/A;N/A;N/A;N/A;N/A;N/A;N/A;N/A;N/A;N/A;N/A;N/A;N/A;N/A;N/A;N/A;N/A;N/A;N/A;N/A;N/A;N/A;N/A;N/A;N/A;N/A;N/A;N/A;N/A;N/A;N/A;N/A;N/A;N/A;N/A;N/A;N/A;N/A;N/A;N/A;N/A;N/A;N/A;;0;412.9;0;0;;Disabled;TempStop;1;700;416.8;0;0;0;549.9;449.9;Enabled;PosOk;1;0;0;0;0;0;15;Disabled;0;0;0;0;0;0;0;0;0;0;0;0;0;0;0;0;0;0;0;0;0;0;0;0;0;0;0;0;0;0;0;0;0;0;0;0;0;0;0;0;0;0;0;0;0;0;0;0;0;0;0;0;0;0;0;0;0;0;0;0;0;0;0;0;0;0;0;0;0;0;30;32;20;45;30;30;20;45;30;26;20;45;30;26;20;45;200;227;100;300;200;225;100;300;200;0;100;300;200;0;100;300;30;33;20;45;30;30;20;45;30;26;20;45;30;28;20;45;200;242;100;300;200;240;100;300;200;0;100;300;200;0;100;300;4;2;0.4;6;4;5;0.4;6;4;2;0.4;6;4;5;0.4;6;4;2;0.4;6;4;5;0.4;6;4;2;0.4;6;4;6;0.4;6;NOK;NOK;OK;10000;10037;8000;11000;OK;8.67;0;8;12;NOK;N/A;1.96;N/A;N/A;N/A;9;11.7;7;18;OK;;0;0;0;-;Disabled;TempOk;1;230;114.8;0;0;0;349.9;441543200 volvo 589-1;441543200 volvo 589-1;441543200 volvo 589-1
20260331_20:18:37;26517;4;3;940;953.6;910;970;OK;940;960.5;910;970;OK;958.5;959.1;-15;-15.3;-50;-5;OK;-15;-16.2;-50;-5;OK;-17;-17.2;0;-15;-15.2;-50;-5;OK;330;408;330;500;OK;260.92;261.45;N/A;N/A;N/A;N/A;N/A;N/A;N/A;N/A;N/A;N/A;N/A;N/A;N/A;N/A;N/A;N/A;N/A;N/A;N/A;N/A;N/A;N/A;N/A;N/A;N/A;N/A;N/A;N/A;N/A;N/A;N/A;N/A;N/A;N/A;N/A;N/A;N/A;N/A;N/A;N/A;N/A;N/A;N/A;N/A;N/A;N/A;N/A;N/A;N/A;N/A;N/A;N/A;N/A;N/A;N/A;N/A;N/A;N/A;N/A;N/A;N/A;N/A;N/A;N/A;N/A;N/A;N/A;N/A;N/A;N/A;N/A;N/A;N/A;N/A;N/A;N/A;N/A;N/A;N/A;N/A;N/A;N/A;N/A;N/A;N/A;N/A;N/A;N/A;N/A;N/A;N/A;N/A;N/A;N/A;N/A;N/A;N/A;N/A;;0;423.1;0;0;;Disabled;TempStop;1;700;426.9;0;0;0;549.9;449.9;Enabled;PosOk;1;0;0;0;0;0;15;Disabled;0;0;0;0;0;0;0;0;0;0;0;0;0;0;0;0;0;0;0;0;0;0;0;0;0;0;0;0;0;0;0;0;0;0;0;0;0;0;0;0;0;0;0;0;0;0;0;0;0;0;0;0;0;0;0;0;0;0;0;0;0;0;0;0;0;0;0;0;0;0;30;33;20;45;30;30;20;45;30;25;20;45;30;26;20;45;200;227;100;300;200;224;100;300;200;0;100;300;200;0;100;300;30;33;20;45;30;30;20;45;30;26;20;45;30;28;20;45;200;242;100;300;200;240;100;300;200;0;100;300;200;0;100;300;4;2;0.4;6;4;5;0.4;6;4;2;0.4;6;4;5;0.4;6;4;2;0.4;6;4;6;0.4;6;4;2;0.4;6;4;5;0.4;6;NOK;NOK;OK;10000;10044;8000;11000;OK;8.67;0;8;12;NOK;N/A;1.95;N/A;N/A;N/A;9;11.7;7;18;OK;;0;0;0;-;Disabled;TempOk;1;230;109.5;0;0;0;349.9;441543200 volvo 589-1;441543200 volvo 589-1;441543200 volvo 589-1
20260331_20:19:06;26518;1;4;940;938.3;910;970;OK;940;945.7;910;970;OK;947.1;946.7;-20;-11.8;-50;-25;NOK;-20;-12.2;-50;-25;NOK;-18.4;-18.7;0;-20;-11.8;-50;-25;NOK;330;408;330;500;OK;0;0;N/A;N/A;N/A;N/A;N/A;N/A;N/A;N/A;N/A;N/A;N/A;N/A;N/A;N/A;N/A;N/A;N/A;N/A;N/A;N/A;N/A;N/A;N/A;N/A;N/A;N/A;N/A;N/A;N/A;N/A;N/A;N/A;N/A;N/A;N/A;N/A;N/A;N/A;N/A;N/A;N/A;N/A;N/A;N/A;N/A;N/A;N/A;N/A;N/A;N/A;N/A;N/A;N/A;N/A;N/A;N/A;N/A;N/A;N/A;N/A;N/A;N/A;N/A;N/A;N/A;N/A;N/A;N/A;N/A;N/A;N/A;N/A;N/A;N/A;N/A;N/A;N/A;N/A;N/A;N/A;N/A;N/A;N/A;N/A;N/A;N/A;N/A;N/A;N/A;N/A;N/A;N/A;N/A;N/A;N/A;N/A;N/A;N/A;;0;434.6;0;0;;Disabled;TempStop;1;700;438.7;0;0;0;549.9;449.9;Enabled;PosOk;1;0;0;0;0;0;15;Disabled;0;0;0;0;0;0;0;0;0;0;0;0;0;0;0;0;0;0;0;0;0;0;0;0;0;0;0;0;0;0;0;0;0;0;0;0;0;0;0;0;0;0;0;0;0;0;0;0;0;0;0;0;0;0;0;0;0;0;0;0;0;0;0;0;0;0;0;0;18;37;30;33;20;45;30;30;20;45;30;26;20;45;30;26;20;45;200;227;100;300;200;225;100;300;200;0;100;300;200;0;100;300;30;33;20;45;30;30;20;45;30;26;20;45;30;28;20;45;200;242;100;300;200;240;100;300;200;0;100;300;200;0;100;300;4;2;0.4;6;4;5;0.4;6;4;2;0.4;6;4;5;0.4;6;4;2;0.4;6;4;6;0.4;6;4;2;0.4;6;4;6;0.4;6;NOK;NOK;OK;10000;10055;8000;11000;OK;8.67;0;8;12;NOK;N/A;1.95;N/A;N/A;N/A;9;10.8;7;18;OK;;0;0;0;-;Disabled;TempOk;1;230;111.1;0;0;0;349.9;441543200 volvo 589-1;441543200 volvo 589-1;441543200 volvo 589-1
20260331_20:19:36;26520;3;4;940;910.6;910;970;OK;940;912.6;910;970;OK;904.6;908;-20;-15;-50;-25;NOK;-20;-14;-50;-25;NOK;-20.3;-21.1;0;-20;-15;-50;-25;NOK;330;408;330;500;OK;0;0;;;;;;;;;;;;;;;;;;;;;;;;;;;;;;;;;;;;;;;;;;;;;;;;;;;;;;;;;;;;;;;;;;;;;;;;;;;;;;;;;;;;;;;;;;;;;;;;;;;;;;;;;;;;;;;;;;;;;;;;;;;;;;;;;;;;;;;;;;;;;;;;;;;;;;;;;;;;;;;;;;;;;;;;;;;;;;;;;;;;;;;;;;;;;;;;;;;;;;;;;;;;;;;;;;;;;;;;;;;;;;;;;;;;;;;;;;;;;;;;;;;;;;;;;;;;;;;;;;;;;;;;;;;;;;;;;;;;;;;;;;;;;;;;;;;;;;;;;;;;;;;;;;;;;;;;;;;;;;;;;;;;;;;;441543200 volvo 589-1;;;;
20260331_20:21:33;26521;4;4;940;931.5;910;970;OK;940;941.4;910;970;OK;936.2;939.1;-15;-14.7;-50;-5;OK;-15;-12.3;-50;-5;OK;-7.6;-9.7;0;-15;-14.8;-50;-5;OK;330;341;330;500;OK;261.24;261.71;N/A;N/A;N/A;N/A;N/A;N/A;N/A;N/A;N/A;N/A;N/A;N/A;N/A;N/A;N/A;N/A;N/A;N/A;N/A;N/A;N/A;N/A;N/A;N/A;N/A;N/A;N/A;N/A;N/A;N/A;N/A;N/A;N/A;N/A;N/A;N/A;N/A;N/A;N/A;N/A;N/A;N/A;N/A;N/A;N/A;N/A;N/A;N/A;N/A;N/A;N/A;N/A;N/A;N/A;N/A;N/A;N/A;N/A;N/A;N/A;N/A;N/A;N/A;N/A;N/A;N/A;N/A;N/A;N/A;N/A;N/A;N/A;N/A;N/A;N/A;N/A;N/A;N/A;N/A;N/A;N/A;N/A;N/A;N/A;N/A;N/A;N/A;N/A;N/A;N/A;N/A;N/A;N/A;N/A;N/A;N/A;N/A;N/A;;0;376.1;0;0;;Disabled;TempStop;1;700;380.3;0;0;0;549.9;449.9;Enabled;PosOk;1;0;0;0;0;0;15;Disabled;0;0;0;0;0;0;0;0;0;0;0;0;0;0;0;0;0;0;0;0;0;0;0;0;0;0;0;0;0;0;0;0;0;0;0;0;0;0;0;0;0;0;0;0;0;0;0;0;0;0;0;0;0;0;0;0;0;0;0;0;0;0;0;0;0;0;0;0;0;0;30;31;20;45;30;30;20;45;30;26;20;45;30;26;20;45;200;227;100;300;200;224;100;300;200;0;100;300;200;0;100;300;30;31;20;45;30;30;20;45;30;26;20;45;30;28;20;45;200;242;100;300;200;240;100;300;200;0;100;300;200;0;100;300;4;2;0.4;6;4;5;0.4;6;4;2;0.4;6;4;5;0.4;6;4;2;0.4;6;4;5;0.4;6;4;2;0.4;6;4;6;0.4;6;NOK;NOK;OK;10000;10030;8000;11000;OK;8.66;0;8;12;NOK;N/A;1.95;N/A;N/A;N/A;9;11.6;7;18;OK;;0;0;0;-;Disabled;TempOk;1;230;95.5;0;0;0;349.9;441543200 volvo 589-1;441543200 volvo 589-1;441543200 volvo 589-1
20260331_20:22:03;26522;1;2;940;951.6;910;970;OK;940;959.2;910;970;OK;958.6;958.9;-20;-19.8;-50;-25;NOK;-20;-19.1;-50;-25;NOK;-17.8;-18.4;0;-20;-19.9;-50;-25;NOK;330;341;330;500;OK;0;0;N/A;N/A;N/A;N/A;N/A;N/A;N/A;N/A;N/A;N/A;N/A;N/A;N/A;N/A;N/A;N/A;N/A;N/A;N/A;N/A;N/A;N/A;N/A;N/A;N/A;N/A;N/A;N/A;N/A;N/A;N/A;N/A;N/A;N/A;N/A;N/A;N/A;N/A;N/A;N/A;N/A;N/A;N/A;N/A;N/A;N/A;N/A;N/A;N/A;N/A;N/A;N/A;N/A;N/A;N/A;N/A;N/A;N/A;N/A;N/A;N/A;N/A;N/A;N/A;N/A;N/A;N/A;N/A;N/A;N/A;N/A;N/A;N/A;N/A;N/A;N/A;N/A;N/A;N/A;N/A;N/A;N/A;N/A;N/A;N/A;N/A;N/A;N/A;N/A;N/A;N/A;N/A;N/A;N/A;N/A;N/A;N/A;N/A;;0;420.2;0;0;;Disabled;TempStop;1;700;424;0;0;0;549.9;449.9;Enabled;PosOk;1;0;0;0;0;0;15;Disabled;0;0;0;0;0;0;0;0;0;0;0;0;0;0;0;0;0;0;0;0;0;0;0;0;0;0;0;0;0;0;0;0;0;0;0;0;0;0;0;0;0;0;0;0;0;0;0;0;0;0;0;0;0;0;0;0;0;0;0;0;0;0;0;0;0;0;0;0;0;0;30;32;20;45;30;30;20;45;30;25;20;45;30;26;20;45;200;227;100;300;200;224;100;300;200;0;100;300;200;0;100;300;30;33;20;45;30;30;20;45;30;26;20;45;30;28;20;45;200;242;100;300;200;241;100;300;200;0;100;300;200;0;100;300;4;2;0.4;6;4;5;0.4;6;4;2;0.4;6;4;5;0.4;6;4;2;0.4;6;4;5;0.4;6;4;2;0.4;6;4;6;0.4;6;NOK;NOK;OK;10000;10036;8000;11000;OK;8.66;0;8;12;NOK;N/A;1.96;N/A;N/A;N/A;9;10.8;7;18;OK;;0;0;0;-;Disabled;TempOk;1;230;109.3;0;0;0;349.9;441543200 volvo 589-1;441543200 volvo 589-1;441543200 volvo 589-1
20260331_20:22:32;26523;2;2;940;938.6;910;970;OK;940;947.6;910;970;OK;948.1;947.7;-15;-18;-50;-20;NOK;-15;-18.2;-50;-20;NOK;-17.9;-18;0;-15;-18;-50;-20;NOK;330;341;330;500;OK;0;0;N/A;N/A;N/A;N/A;N/A;N/A;N/A;N/A;N/A;N/A;N/A;N/A;N/A;N/A;N/A;N/A;N/A;N/A;N/A;N/A;N/A;N/A;N/A;N/A;N/A;N/A;N/A;N/A;N/A;N/A;N/A;N/A;N/A;N/A;N/A;N/A;N/A;N/A;N/A;N/A;N/A;N/A;N/A;N/A;N/A;N/A;N/A;N/A;N/A;N/A;N/A;N/A;N/A;N/A;N/A;N/A;N/A;N/A;N/A;N/A;N/A;N/A;N/A;N/A;N/A;N/A;N/A;N/A;N/A;N/A;N/A;N/A;N/A;N/A;N/A;N/A;N/A;N/A;N/A;N/A;N/A;N/A;N/A;N/A;N/A;N/A;N/A;N/A;N/A;N/A;N/A;N/A;N/A;N/A;N/A;N/A;N/A;N/A;;0;419.3;0;0;;Disabled;TempStop;1;700;423;0;0;0;549.9;449.9;Enabled;PosOk;1;0;0;0;0;0;15;Disabled;0;0;0;0;0;0;0;0;0;0;0;0;0;0;0;0;0;0;0;0;0;0;0;0;0;0;0;0;0;0;0;0;0;0;0;0;0;0;0;0;0;0;0;0;0;0;0;0;0;0;0;0;0;0;0;0;0;0;0;0;0;0;0;0;0;0;0;0;0;0;30;33;20;45;30;29;20;45;30;26;20;45;30;26;20;45;200;227;100;300;200;224;100;300;200;0;100;300;200;0;100;300;30;33;20;45;30;29;20;45;30;26;20;45;30;28;20;45;200;243;100;300;200;240;100;300;200;0;100;300;200;0;100;300;4;2;0.4;6;4;5;0.4;6;4;2;0.4;6;4;5;0.4;6;4;2;0.4;6;4;5;0.4;6;4;2;0.4;6;4;6;0.4;6;NOK;NOK;OK;10000;10047;8000;11000;OK;8.67;0;8;12;NOK;N/A;1.95;N/A;N/A;N/A;9;11.6;7;18;OK;;0;0;0;-;Disabled;TempOk;1;230;110.2;0;0;0;349.9;441543200 volvo 589-1;441543200 volvo 589-1;441543200 volvo 589-1
20260331_20:23:02;26524;1;3;940;954.4;910;970;OK;940;962.3;910;970;OK;961.6;961.9;-20;-18.6;-50;-25;NOK;-20;-18.9;-50;-25;NOK;-19.2;-19.9;0;-20;-18.4;-50;-25;NOK;330;341;330;500;OK;0;0;N/A;N/A;N/A;N/A;N/A;N/A;N/A;N/A;N/A;N/A;N/A;N/A;N/A;N/A;N/A;N/A;N/A;N/A;N/A;N/A;N/A;N/A;N/A;N/A;N/A;N/A;N/A;N/A;N/A;N/A;N/A;N/A;N/A;N/A;N/A;N/A;N/A;N/A;N/A;N/A;N/A;N/A;N/A;N/A;N/A;N/A;N/A;N/A;N/A;N/A;N/A;N/A;N/A;N/A;N/A;N/A;N/A;N/A;N/A;N/A;N/A;N/A;N/A;N/A;N/A;N/A;N/A;N/A;N/A;N/A;N/A;N/A;N/A;N/A;N/A;N/A;N/A;N/A;N/A;N/A;N/A;N/A;N/A;N/A;N/A;N/A;N/A;N/A;N/A;N/A;N/A;N/A;N/A;N/A;N/A;N/A;N/A;N/A;;0;433.5;0;0;;Disabled;TempStop;1;700;437;0;0;0;549.9;449.9;Enabled;PosOk;1;0;0;0;0;0;15;Disabled;0;0;0;0;0;0;0;0;0;0;0;0;0;0;0;0;0;0;0;0;0;0;0;0;0;0;0;0;0;0;0;0;0;0;0;0;0;0;0;0;0;0;0;0;0;0;0;0;0;0;0;0;0;0;0;0;0;0;0;0;0;0;0;0;0;0;0;0;22;33;30;32;20;45;30;29;20;45;30;26;20;45;30;26;20;45;200;228;100;300;200;224;100;300;200;0;100;300;200;0;100;300;30;32;20;45;30;29;20;45;30;26;20;45;30;28;20;45;200;242;100;300;200;240;100;300;200;0;100;300;200;0;100;300;4;2;0.4;6;4;5;0.4;6;4;2;0.4;6;4;5;0.4;6;4;2;0.4;6;4;6;0.4;6;4;2;0.4;6;4;6;0.4;6;NOK;NOK;OK;10000;10053;8000;11000;OK;8.68;0;8;12;NOK;N/A;1.95;N/A;N/A;N/A;9;10.9;7;18;OK;;0;0;0;-;Disabled;TempOk;1;230;113.9;0;0;0;349.9;441543200 volvo 589-1;441543200 volvo 589-1;441543200 volvo 589-1
20260331_20:23:31;26525;4;2;940;957.3;910;970;OK;940;964.1;910;970;OK;962.1;963.2;-15;-14;-50;-5;OK;-15;-16.4;-50;-5;OK;-16.8;-16.8;0;-15;-13.9;-50;-5;OK;330;341;330;500;OK;261.37;261.85;N/A;N/A;N/A;N/A;N/A;N/A;N/A;N/A;N/A;N/A;N/A;N/A;N/A;N/A;N/A;N/A;N/A;N/A;N/A;N/A;N/A;N/A;N/A;N/A;N/A;N/A;N/A;N/A;N/A;N/A;N/A;N/A;N/A;N/A;N/A;N/A;N/A;N/A;N/A;N/A;N/A;N/A;N/A;N/A;N/A;N/A;N/A;N/A;N/A;N/A;N/A;N/A;N/A;N/A;N/A;N/A;N/A;N/A;N/A;N/A;N/A;N/A;N/A;N/A;N/A;N/A;N/A;N/A;N/A;N/A;N/A;N/A;N/A;N/A;N/A;N/A;N/A;N/A;N/A;N/A;N/A;N/A;N/A;N/A;N/A;N/A;N/A;N/A;N/A;N/A;N/A;N/A;N/A;N/A;N/A;N/A;N/A;N/A;;0;420.7;0;0;;Disabled;TempStop;1;700;424.4;0;0;0;549.9;449.9;Enabled;PosOk;1;0;0;0;0;0;15;Disabled;0;0;0;0;0;0;0;0;0;0;0;0;0;0;0;0;0;0;0;0;0;0;0;0;0;0;0;0;0;0;0;0;0;0;0;0;0;0;0;0;0;0;0;0;0;0;0;0;0;0;0;0;0;0;0;0;0;0;0;0;0;0;0;0;0;0;0;0;0;0;30;32;20;45;30;29;20;45;30;26;20;45;30;26;20;45;200;228;100;300;200;224;100;300;200;0;100;300;200;0;100;300;30;32;20;45;30;29;20;45;30;26;20;45;30;28;20;45;200;243;100;300;200;240;100;300;200;0;100;300;200;0;100;300;4;2;0.4;6;4;6;0.4;6;4;2;0.4;6;4;6;0.4;6;4;2;0.4;6;4;6;0.4;6;4;2;0.4;6;4;6;0.4;6;NOK;NOK;OK;10000;10042;8000;11000;OK;8.67;0;8;12;NOK;N/A;1.95;N/A;N/A;N/A;9;11.1;7;18;OK;;0;0;0;-;Disabled;TempOk;1;230;113.1;0;0;0;349.9;441543200 volvo 589-1;441543200 volvo 589-1;441543200 volvo 589-1
20260331_20:24:30;26527;4;3;940;953.5;910;970;OK;940;958.6;910;970;OK;957.9;958.4;-15;-15.2;-50;-5;OK;-15;-17.2;-50;-5;OK;-17.4;-17.8;0;-15;-15;-50;-5;OK;330;341;330;500;OK;261.47;261.92;N/A;N/A;N/A;N/A;N/A;N/A;N/A;N/A;N/A;N/A;N/A;N/A;N/A;N/A;N/A;N/A;N/A;N/A;N/A;N/A;N/A;N/A;N/A;N/A;N/A;N/A;N/A;N/A;N/A;N/A;N/A;N/A;N/A;N/A;N/A;N/A;N/A;N/A;N/A;N/A;N/A;N/A;N/A;N/A;N/A;N/A;N/A;N/A;N/A;N/A;N/A;N/A;N/A;N/A;N/A;N/A;N/A;N/A;N/A;N/A;N/A;N/A;N/A;N/A;N/A;N/A;N/A;N/A;N/A;N/A;N/A;N/A;N/A;N/A;N/A;N/A;N/A;N/A;N/A;N/A;N/A;N/A;N/A;N/A;N/A;N/A;N/A;N/A;N/A;N/A;N/A;N/A;N/A;N/A;N/A;N/A;N/A;N/A;;0;425.2;0;0;;Disabled;TempStop;1;700;428.3;0;0;0;549.9;449.9;Enabled;PosOk;1;0;0;0;0;0;15;Disabled;0;0;0;0;0;0;0;0;0;0;0;0;0;0;0;0;0;0;0;0;0;0;0;0;0;0;0;0;0;0;0;0;0;0;0;0;0;0;0;0;0;0;0;0;0;0;0;0;0;0;0;0;0;0;0;0;0;0;0;0;0;0;0;0;0;0;0;0;0;0;30;33;20;45;30;30;20;45;30;26;20;45;30;26;20;45;200;227;100;300;200;224;100;300;200;0;100;300;200;0;100;300;30;33;20;45;30;30;20;45;30;26;20;45;30;28;20;45;200;242;100;300;200;240;100;300;200;0;100;300;200;0;100;300;4;2;0.4;6;4;5;0.4;6;4;2;0.4;6;4;5;0.4;6;4;2;0.4;6;4;6;0.4;6;4;2;0.4;6;4;6;0.4;6;NOK;NOK;OK;10000;10047;8000;11000;OK;8.67;0;8;12;NOK;N/A;1.95;N/A;N/A;N/A;9;11.7;7;18;OK;;0;0;0;-;Disabled;TempOk;1;230;107.6;0;0;0;349.9;441543200 volvo 589-1;441543200 volvo 589-1;441543200 volvo 589-1
20260331_20:24:59;26528;1;4;940;939.3;910;970;OK;940;946.3;910;970;OK;947.3;946.9;-20;-12.2;-50;-25;NOK;-20;-11.8;-50;-25;NOK;-16.8;-14;0;-20;-12.2;-50;-25;NOK;330;341;330;500;OK;0;0;N/A;N/A;N/A;N/A;N/A;N/A;N/A;N/A;N/A;N/A;N/A;N/A;N/A;N/A;N/A;N/A;N/A;N/A;N/A;N/A;N/A;N/A;N/A;N/A;N/A;N/A;N/A;N/A;N/A;N/A;N/A;N/A;N/A;N/A;N/A;N/A;N/A;N/A;N/A;N/A;N/A;N/A;N/A;N/A;N/A;N/A;N/A;N/A;N/A;N/A;N/A;N/A;N/A;N/A;N/A;N/A;N/A;N/A;N/A;N/A;N/A;N/A;N/A;N/A;N/A;N/A;N/A;N/A;N/A;N/A;N/A;N/A;N/A;N/A;N/A;N/A;N/A;N/A;N/A;N/A;N/A;N/A;N/A;N/A;N/A;N/A;N/A;N/A;N/A;N/A;N/A;N/A;N/A;N/A;N/A;N/A;N/A;N/A;;0;428.9;0;0;;Disabled;TempStop;1;700;432;0;0;0;549.9;449.9;Enabled;PosOk;1;0;0;0;0;0;15;Disabled;0;0;0;0;0;0;0;0;0;0;0;0;0;0;0;0;0;0;0;0;0;0;0;0;0;0;0;0;0;0;0;0;0;0;0;0;0;0;0;0;0;0;0;0;0;0;0;0;0;0;0;0;0;0;0;0;0;0;0;0;0;0;0;0;0;0;0;0;24;30;30;33;20;45;30;30;20;45;30;26;20;45;30;26;20;45;200;227;100;300;200;224;100;300;200;0;100;300;200;0;100;300;30;33;20;45;30;30;20;45;30;26;20;45;30;28;20;45;200;243;100;300;200;240;100;300;200;0;100;300;200;0;100;300;4;2;0.4;6;4;5;0.4;6;4;2;0.4;6;4;5;0.4;6;4;2;0.4;6;4;5;0.4;6;4;2;0.4;6;4;6;0.4;6;NOK;NOK;OK;10000;10034;8000;11000;OK;8.67;0;8;12;NOK;N/A;1.95;N/A;N/A;N/A;9;10.8;7;18;OK;;0;0;0;-;Disabled;TempOk;1;230;113.6;0;0;0;349.9;441543200 volvo 589-1;441543200 volvo 589-1;441543200 volvo 589-1
20260331_20:25:29;26529;2;4;940;937;910;970;OK;940;945.1;910;970;OK;945.8;945.3;-15;-19.5;-50;-20;NOK;-15;-19.5;-50;-20;NOK;-19.1;-19.2;0;-15;-19.5;-50;-20;NOK;330;341;330;500;OK;0;0;N/A;N/A;N/A;N/A;N/A;N/A;N/A;N/A;N/A;N/A;N/A;N/A;N/A;N/A;N/A;N/A;N/A;N/A;N/A;N/A;N/A;N/A;N/A;N/A;N/A;N/A;N/A;N/A;N/A;N/A;N/A;N/A;N/A;N/A;N/A;N/A;N/A;N/A;N/A;N/A;N/A;N/A;N/A;N/A;N/A;N/A;N/A;N/A;N/A;N/A;N/A;N/A;N/A;N/A;N/A;N/A;N/A;N/A;N/A;N/A;N/A;N/A;N/A;N/A;N/A;N/A;N/A;N/A;N/A;N/A;N/A;N/A;N/A;N/A;N/A;N/A;N/A;N/A;N/A;N/A;N/A;N/A;N/A;N/A;N/A;N/A;N/A;N/A;N/A;N/A;N/A;N/A;N/A;N/A;N/A;N/A;N/A;N/A;;0;429.4;0;0;;Disabled;TempStop;1;700;432.4;0;0;0;549.9;449.9;Enabled;PosOk;1;0;0;0;0;0;15;Disabled;0;0;0;0;0;0;0;0;0;0;0;0;0;0;0;0;0;0;0;0;0;0;0;0;0;0;0;0;0;0;0;0;0;0;0;0;0;0;0;0;0;0;0;0;0;0;0;0;0;0;0;0;0;0;0;0;0;0;0;0;0;0;0;0;0;0;0;0;0;0;30;33;20;45;30;30;20;45;30;26;20;45;30;26;20;45;200;227;100;300;200;224;100;300;200;0;100;300;200;0;100;300;30;33;20;45;30;30;20;45;30;26;20;45;30;28;20;45;200;243;100;300;200;240;100;300;200;0;100;300;200;0;100;300;4;2;0.4;6;4;5;0.4;6;4;2;0.4;6;4;6;0.4;6;4;2;0.4;6;4;5;0.4;6;4;2;0.4;6;4;6;0.4;6;NOK;NOK;OK;10000;10041;8000;11000;OK;8.67;0;8;12;NOK;N/A;1.95;N/A;N/A;N/A;9;11.5;7;18;OK;;0;0;0;-;Disabled;TempOk;1;230;115.5;0;0;0;349.9;441543200 volvo 589-1;441543200 volvo 589-1;441543200 volvo 589-1
20260331_20:27:26;26531;4;4;940;920.7;910;970;OK;940;933.6;910;970;OK;927.6;931;-15;-12.8;-50;-5;OK;-15;-13.6;-50;-5;OK;-9.5;-11.2;0;-15;-12.9;-50;-5;OK;330;341;330;500;OK;261.73;262.2;N/A;N/A;N/A;N/A;N/A;N/A;N/A;N/A;N/A;N/A;N/A;N/A;N/A;N/A;N/A;N/A;N/A;N/A;N/A;N/A;N/A;N/A;N/A;N/A;N/A;N/A;N/A;N/A;N/A;N/A;N/A;N/A;N/A;N/A;N/A;N/A;N/A;N/A;N/A;N/A;N/A;N/A;N/A;N/A;N/A;N/A;N/A;N/A;N/A;N/A;N/A;N/A;N/A;N/A;N/A;N/A;N/A;N/A;N/A;N/A;N/A;N/A;N/A;N/A;N/A;N/A;N/A;N/A;N/A;N/A;N/A;N/A;N/A;N/A;N/A;N/A;N/A;N/A;N/A;N/A;N/A;N/A;N/A;N/A;N/A;N/A;N/A;N/A;N/A;N/A;N/A;N/A;N/A;N/A;N/A;N/A;N/A;N/A;;0;373.8;0;0;;Disabled;TempStop;1;700;377.7;0;0;0;549.9;449.9;Enabled;PosOk;1;0;0;0;0;0;15;Disabled;0;0;0;0;0;0;0;0;0;0;0;0;0;0;0;0;0;0;0;0;0;0;0;0;0;0;0;0;0;0;0;0;0;0;0;0;0;0;0;0;0;0;0;0;0;0;0;0;0;0;0;0;0;0;0;0;0;0;0;0;0;0;0;0;0;0;0;0;0;0;30;30;20;45;30;30;20;45;30;26;20;45;30;26;20;45;200;227;100;300;200;225;100;300;200;0;100;300;200;0;100;300;30;31;20;45;30;30;20;45;30;26;20;45;30;28;20;45;200;242;100;300;200;240;100;300;200;0;100;300;200;0;100;300;4;2;0.4;6;4;5;0.4;6;4;2;0.4;6;4;5;0.4;6;4;2;0.4;6;4;5;0.4;6;4;2;0.4;6;4;5;0.4;6;NOK;NOK;OK;10000;10045;8000;11000;OK;8.66;0;8;12;NOK;N/A;1.95;N/A;N/A;N/A;9;11.7;7;18;OK;;0;0;0;-;Disabled;TempOk;1;230;95.6;0;0;0;349.9;441543200 volvo 589-1;441543200 volvo 589-1;441543200 volvo 589-1
20260331_20:27:56;26530;1;2;940;951.5;910;970;OK;940;956.8;910;970;OK;955.1;956;-20;-19.2;-50;-25;NOK;-20;-18.6;-50;-25;NOK;-17.3;-17.9;0;-20;-19.2;-50;-25;NOK;330;341;330;500;OK;0;0;N/A;N/A;N/A;N/A;N/A;N/A;N/A;N/A;N/A;N/A;N/A;N/A;N/A;N/A;N/A;N/A;N/A;N/A;N/A;N/A;N/A;N/A;N/A;N/A;N/A;N/A;N/A;N/A;N/A;N/A;N/A;N/A;N/A;N/A;N/A;N/A;N/A;N/A;N/A;N/A;N/A;N/A;N/A;N/A;N/A;N/A;N/A;N/A;N/A;N/A;N/A;N/A;N/A;N/A;N/A;N/A;N/A;N/A;N/A;N/A;N/A;N/A;N/A;N/A;N/A;N/A;N/A;N/A;N/A;N/A;N/A;N/A;N/A;N/A;N/A;N/A;N/A;N/A;N/A;N/A;N/A;N/A;N/A;N/A;N/A;N/A;N/A;N/A;N/A;N/A;N/A;N/A;N/A;N/A;N/A;N/A;N/A;N/A;;0;422.1;0;0;;Disabled;TempStop;1;700;426.3;0;0;0;549.9;449.9;Enabled;PosOk;1;0;0;0;0;0;15;Disabled;0;0;0;0;0;0;0;0;0;0;0;0;0;0;0;0;0;0;0;0;0;0;0;0;0;0;0;0;0;0;0;0;0;0;0;0;0;0;0;0;0;0;0;0;0;0;0;0;0;0;0;0;0;0;0;0;0;0;0;0;0;0;0;0;0;0;0;0;0;0;30;32;20;45;30;30;20;45;30;26;20;45;30;26;20;45;200;227;100;300;200;224;100;300;200;0;100;300;200;0;100;300;30;33;20;45;30;30;20;45;30;26;20;45;30;28;20;45;200;243;100;300;200;240;100;300;200;0;100;300;200;0;100;300;4;2;0.4;6;4;5;0.4;6;4;2;0.4;6;4;6;0.4;6;4;2;0.4;6;4;5;0.4;6;4;2;0.4;6;4;6;0.4;6;NOK;NOK;OK;10000;10051;8000;11000;OK;8.68;0;8;12;NOK;N/A;1.95;N/A;N/A;N/A;9;10.9;7;18;OK;;0;0;0;-;Disabled;TempOk;1;230;110.8;0;0;0;349.9;441543200 volvo 589-1;441543200 volvo 589-1;441543200 volvo 589-1
20260331_20:28:25;26532;2;2;940;938.7;910;970;OK;940;947.8;910;970;OK;948.3;948;-15;-18.3;-50;-20;NOK;-15;-17.2;-50;-20;NOK;-17.1;-17.1;0;-15;-18.3;-50;-20;NOK;330;341;330;500;OK;0;0;N/A;N/A;N/A;N/A;N/A;N/A;N/A;N/A;N/A;N/A;N/A;N/A;N/A;N/A;N/A;N/A;N/A;N/A;N/A;N/A;N/A;N/A;N/A;N/A;N/A;N/A;N/A;N/A;N/A;N/A;N/A;N/A;N/A;N/A;N/A;N/A;N/A;N/A;N/A;N/A;N/A;N/A;N/A;N/A;N/A;N/A;N/A;N/A;N/A;N/A;N/A;N/A;N/A;N/A;N/A;N/A;N/A;N/A;N/A;N/A;N/A;N/A;N/A;N/A;N/A;N/A;N/A;N/A;N/A;N/A;N/A;N/A;N/A;N/A;N/A;N/A;N/A;N/A;N/A;N/A;N/A;N/A;N/A;N/A;N/A;N/A;N/A;N/A;N/A;N/A;N/A;N/A;N/A;N/A;N/A;N/A;N/A;N/A;;0;427.2;0;0;;Disabled;TempStop;1;700;430.8;0;0;0;549.9;449.9;Enabled;PosOk;1;0;0;0;0;0;15;Disabled;0;0;0;0;0;0;0;0;0;0;0;0;0;0;0;0;0;0;0;0;0;0;0;0;0;0;0;0;0;0;0;0;0;0;0;0;0;0;0;0;0;0;0;0;0;0;0;0;0;0;0;0;0;0;0;0;0;0;0;0;0;0;0;0;0;0;0;0;0;0;30;33;20;45;30;30;20;45;30;26;20;45;30;26;20;45;200;227;100;300;200;224;100;300;200;0;100;300;200;0;100;300;30;33;20;45;30;30;20;45;30;26;20;45;30;28;20;45;200;242;100;300;200;240;100;300;200;0;100;300;200;0;100;300;4;2;0.4;6;4;5;0.4;6;4;2;0.4;6;4;5;0.4;6;4;2;0.4;6;4;6;0.4;6;4;2;0.4;6;4;5;0.4;6;NOK;NOK;OK;10000;10039;8000;11000;OK;8.67;0;8;12;NOK;N/A;1.96;N/A;N/A;N/A;9;11.6;7;18;OK;;0;0;0;-;Disabled;TempOk;1;230;107.2;0;0;0;349.9;441543200 volvo 589-1;441543200 volvo 589-1;441543200 volvo 589-1
20260331_20:28:55;26533;1;3;940;953.2;910;970;OK;940;960.1;910;970;OK;958.7;959.4;-20;-17.9;-50;-25;NOK;-20;-19;-50;-25;NOK;-18.9;-19.7;0;-20;-17.6;-50;-25;NOK;330;341;330;500;OK;0;0;N/A;N/A;N/A;N/A;N/A;N/A;N/A;N/A;N/A;N/A;N/A;N/A;N/A;N/A;N/A;N/A;N/A;N/A;N/A;N/A;N/A;N/A;N/A;N/A;N/A;N/A;N/A;N/A;N/A;N/A;N/A;N/A;N/A;N/A;N/A;N/A;N/A;N/A;N/A;N/A;N/A;N/A;N/A;N/A;N/A;N/A;N/A;N/A;N/A;N/A;N/A;N/A;N/A;N/A;N/A;N/A;N/A;N/A;N/A;N/A;N/A;N/A;N/A;N/A;N/A;N/A;N/A;N/A;N/A;N/A;N/A;N/A;N/A;N/A;N/A;N/A;N/A;N/A;N/A;N/A;N/A;N/A;N/A;N/A;N/A;N/A;N/A;N/A;N/A;N/A;N/A;N/A;N/A;N/A;N/A;N/A;N/A;N/A;;0;429.5;0;0;;Disabled;TempStop;1;700;432.7;0;0;0;549.9;449.9;Enabled;PosOk;1;0;0;0;0;0;15;Disabled;0;0;0;0;0;0;0;0;0;0;0;0;0;0;0;0;0;0;0;0;0;0;0;0;0;0;0;0;0;0;0;0;0;0;0;0;0;0;0;0;0;0;0;0;0;0;0;0;0;0;0;0;0;0;0;0;0;0;0;0;0;0;0;0;0;0;0;0;28;25;30;33;20;45;30;30;20;45;30;26;20;45;30;26;20;45;200;227;100;300;200;224;100;300;200;0;100;300;200;0;100;300;30;33;20;45;30;29;20;45;30;26;20;45;30;28;20;45;200;242;100;300;200;240;100;300;200;0;100;300;200;0;100;300;4;2;0.4;6;4;5;0.4;6;4;2;0.4;6;4;5;0.4;6;4;2;0.4;6;4;5;0.4;6;4;2;0.4;6;4;5;0.4;6;NOK;NOK;OK;10000;10051;8000;11000;OK;8.68;0;8;12;NOK;N/A;1.95;N/A;N/A;N/A;9;10.9;7;18;OK;;0;0;0;-;Disabled;TempOk;1;230;113.5;0;0;0;349.9;441543200 volvo 589-1;441543200 volvo 589-1;441543200 volvo 589-1
20260331_20:41:19;26536;2;2;940;943.3;910;970;OK;940;946.3;910;970;OK;947.2;946.1;-15;-19.4;-50;-20;NOK;-15;-18.6;-50;-20;NOK;-18.4;-18.4;0;-15;-19.4;-50;-20;NOK;330;335;330;500;OK;0;0;N/A;N/A;N/A;N/A;N/A;N/A;N/A;N/A;N/A;N/A;N/A;N/A;N/A;N/A;N/A;N/A;N/A;N/A;N/A;N/A;N/A;N/A;N/A;N/A;N/A;N/A;N/A;N/A;N/A;N/A;N/A;N/A;N/A;N/A;N/A;N/A;N/A;N/A;N/A;N/A;N/A;N/A;N/A;N/A;N/A;N/A;N/A;N/A;N/A;N/A;N/A;N/A;N/A;N/A;N/A;N/A;N/A;N/A;N/A;N/A;N/A;N/A;N/A;N/A;N/A;N/A;N/A;N/A;N/A;N/A;N/A;N/A;N/A;N/A;N/A;N/A;N/A;N/A;N/A;N/A;N/A;N/A;N/A;N/A;N/A;N/A;N/A;N/A;N/A;N/A;N/A;N/A;N/A;N/A;N/A;N/A;N/A;N/A;;0;386.9;0;0;;Disabled;TempStop;1;700;391.4;0;0;0;549.9;449.9;Enabled;PosOk;1;0;0;0;0;0;15;Disabled;0;0;0;0;0;0;0;0;0;0;0;0;0;0;0;0;0;0;0;0;0;0;0;0;0;0;0;0;0;0;0;0;0;0;0;0;0;0;0;0;0;0;0;0;0;0;0;0;0;0;0;0;0;0;0;0;0;0;0;0;0;0;0;0;0;0;0;0;0;0;30;30;20;45;30;30;20;45;30;25;20;45;30;25;20;45;200;227;100;300;200;224;100;300;200;0;100;300;200;0;100;300;30;31;20;45;30;30;20;45;30;26;20;45;30;28;20;45;200;242;100;300;200;240;100;300;200;0;100;300;200;0;100;300;4;2;0.4;6;4;5;0.4;6;4;2;0.4;6;4;6;0.4;6;4;2;0.4;6;4;5;0.4;6;4;2;0.4;6;4;6;0.4;6;NOK;NOK;OK;10000;10060;8000;11000;OK;8.68;0;8;12;NOK;N/A;1.95;N/A;N/A;N/A;9;11.6;7;18;OK;;0;0;0;-;Disabled;TempOk;1;230;93;0;0;0;349.9;441543200 volvo 589-1;441543200 volvo 589-1;441543200 volvo 589-1
20260331_20:41:48;26535;1;2;940;952.5;910;970;OK;940;956.9;910;970;OK;956.7;956.8;-20;-19.8;-50;-25;NOK;-20;-18.6;-50;-25;NOK;-16.9;-17.3;0;-20;-20;-50;-25;NOK;330;377;330;500;OK;0;0;N/A;N/A;N/A;N/A;N/A;N/A;N/A;N/A;N/A;N/A;N/A;N/A;N/A;N/A;N/A;N/A;N/A;N/A;N/A;N/A;N/A;N/A;N/A;N/A;N/A;N/A;N/A;N/A;N/A;N/A;N/A;N/A;N/A;N/A;N/A;N/A;N/A;N/A;N/A;N/A;N/A;N/A;N/A;N/A;N/A;N/A;N/A;N/A;N/A;N/A;N/A;N/A;N/A;N/A;N/A;N/A;N/A;N/A;N/A;N/A;N/A;N/A;N/A;N/A;N/A;N/A;N/A;N/A;N/A;N/A;N/A;N/A;N/A;N/A;N/A;N/A;N/A;N/A;N/A;N/A;N/A;N/A;N/A;N/A;N/A;N/A;N/A;N/A;N/A;N/A;N/A;N/A;N/A;N/A;N/A;N/A;N/A;N/A;;0;437;0;0;;Disabled;TempStop;1;700;441.4;0;0;0;549.9;449.9;Enabled;PosOk;1;0;0;0;0;0;15;Disabled;0;0;0;0;0;0;0;0;0;0;0;0;0;0;0;0;0;0;0;0;0;0;0;0;0;0;0;0;0;0;0;0;0;0;0;0;0;0;0;0;0;0;0;0;0;0;0;0;0;0;0;0;0;0;0;0;0;0;0;0;0;0;0;0;0;0;0;0;0;0;30;32;20;45;30;30;20;45;30;26;20;45;30;25;20;45;200;227;100;300;200;224;100;300;200;0;100;300;200;0;100;300;30;32;20;45;30;30;20;45;30;26;20;45;30;28;20;45;200;243;100;300;200;240;100;300;200;0;100;300;200;0;100;300;4;2;0.4;6;4;5;0.4;6;4;2;0.4;6;4;5;0.4;6;4;2;0.4;6;4;6;0.4;6;4;2;0.4;6;4;6;0.4;6;NOK;NOK;OK;10000;10042;8000;11000;OK;8.67;0;8;12;NOK;N/A;1.95;N/A;N/A;N/A;9;10.7;7;18;OK;;0;0;0;-;Disabled;TempOk;1;230;109.3;0;0;0;349.9;441543200 volvo 589-1;441543200 volvo 589-1;441543200 volvo 589-1
20260331_20:42:18;26538;4;2;940;959.8;910;970;OK;940;960.7;910;970;OK;960;960.4;-15;-16.7;-50;-5;OK;-15;-13;-50;-5;OK;-15;-14.1;0;-15;-16.8;-50;-5;OK;330;337;330;500;OK;263.08;263.45;N/A;N/A;N/A;N/A;N/A;N/A;N/A;N/A;N/A;N/A;N/A;N/A;N/A;N/A;N/A;N/A;N/A;N/A;N/A;N/A;N/A;N/A;N/A;N/A;N/A;N/A;N/A;N/A;N/A;N/A;N/A;N/A;N/A;N/A;N/A;N/A;N/A;N/A;N/A;N/A;N/A;N/A;N/A;N/A;N/A;N/A;N/A;N/A;N/A;N/A;N/A;N/A;N/A;N/A;N/A;N/A;N/A;N/A;N/A;N/A;N/A;N/A;N/A;N/A;N/A;N/A;N/A;N/A;N/A;N/A;N/A;N/A;N/A;N/A;N/A;N/A;N/A;N/A;N/A;N/A;N/A;N/A;N/A;N/A;N/A;N/A;N/A;N/A;N/A;N/A;N/A;N/A;N/A;N/A;N/A;N/A;N/A;N/A;;0;424.5;0;0;;Disabled;TempStop;1;700;428.5;0;0;0;549.9;449.9;Enabled;PosOk;1;0;1.7;0;0;0;15;Disabled;0;0;0;0;0;0;0;0;0;0;0;0;0;0;0;0;0;0;0;0;0;0;0;0;0;0;0;0;0;0;0;0;0;0;0;0;0;0;0;0;0;0;0;0;0;0;0;0;0;0;0;0;0;0;0;0;0;0;0;0;0;0;0;0;0;0;0;0;0;0;30;33;20;45;30;30;20;45;30;25;20;45;30;25;20;45;200;228;100;300;200;224;100;300;200;0;100;300;200;0;100;300;30;33;20;45;30;30;20;45;30;26;20;45;30;28;20;45;200;242;100;300;200;240;100;300;200;0;100;300;200;0;100;300;4;2;0.4;6;4;5;0.4;6;4;2;0.4;6;4;6;0.4;6;4;2;0.4;6;4;5;0.4;6;4;2;0.4;6;4;6;0.4;6;NOK;NOK;OK;10000;10035;8000;11000;OK;8.66;0;8;12;NOK;N/A;1.95;N/A;N/A;N/A;9;11.7;7;18;OK;;0;0;0;-;Disabled;TempOk;1;230;109.3;0;0;0;349.9;441543200 volvo 589-1;441543200 volvo 589-1;441543200 volvo 589-1
20260331_20:42:47;26537;1;3;940;957;910;970;OK;940;960.6;910;970;OK;958.6;958.6;-20;-20.6;-50;-25;NOK;-20;-19.5;-50;-25;NOK;-18.6;-19.5;0;-20;-20.3;-50;-25;NOK;330;378;330;500;OK;0;0;N/A;N/A;N/A;N/A;N/A;N/A;N/A;N/A;N/A;N/A;N/A;N/A;N/A;N/A;N/A;N/A;N/A;N/A;N/A;N/A;N/A;N/A;N/A;N/A;N/A;N/A;N/A;N/A;N/A;N/A;N/A;N/A;N/A;N/A;N/A;N/A;N/A;N/A;N/A;N/A;N/A;N/A;N/A;N/A;N/A;N/A;N/A;N/A;N/A;N/A;N/A;N/A;N/A;N/A;N/A;N/A;N/A;N/A;N/A;N/A;N/A;N/A;N/A;N/A;N/A;N/A;N/A;N/A;N/A;N/A;N/A;N/A;N/A;N/A;N/A;N/A;N/A;N/A;N/A;N/A;N/A;N/A;N/A;N/A;N/A;N/A;N/A;N/A;N/A;N/A;N/A;N/A;N/A;N/A;N/A;N/A;N/A;N/A;;0;436.8;0;0;;Disabled;TempStop;1;700;440.6;0;0;0;549.9;449.9;Enabled;PosOk;1;0;0;0;0;0;15;Disabled;0;0;0;0;0;0;0;0;0;0;0;0;0;0;0;0;0;0;0;0;0;0;0;0;0;0;0;0;0;0;0;0;0;0;0;0;0;0;0;0;0;0;0;0;0;0;0;0;0;0;0;0;0;0;0;0;0;0;0;0;0;0;0;0;0;0;0;0;42;18;30;33;20;45;30;30;20;45;30;25;20;45;30;25;20;45;200;227;100;300;200;224;100;300;200;0;100;300;200;0;100;300;30;33;20;45;30;30;20;45;30;26;20;45;30;28;20;45;200;242;100;300;200;240;100;300;200;0;100;300;200;0;100;300;4;2;0.4;6;4;6;0.4;6;4;2;0.4;6;4;6;0.4;6;4;2;0.4;6;4;6;0.4;6;4;2;0.4;6;4;6;0.4;6;NOK;NOK;OK;10000;10058;8000;11000;OK;8.68;0;8;12;NOK;N/A;1.95;N/A;N/A;N/A;9;10.8;7;18;OK;;0;0;0;-;Disabled;TempOk;1;230;111.2;0;0;0;349.9;441543200 volvo 589-1;441543200 volvo 589-1;441543200 volvo 589-1
20260331_20:43:17;26540;4;3;940;953;910;970;OK;940;955.8;910;970;OK;955.1;955.4;-15;-20.9;-50;-5;OK;-15;-14.3;-50;-5;OK;-15.1;-15;0;-15;-20.8;-50;-5;OK;330;338;330;500;OK;263.18;263.56;N/A;N/A;N/A;N/A;N/A;N/A;N/A;N/A;N/A;N/A;N/A;N/A;N/A;N/A;N/A;N/A;N/A;N/A;N/A;N/A;N/A;N/A;N/A;N/A;N/A;N/A;N/A;N/A;N/A;N/A;N/A;N/A;N/A;N/A;N/A;N/A;N/A;N/A;N/A;N/A;N/A;N/A;N/A;N/A;N/A;N/A;N/A;N/A;N/A;N/A;N/A;N/A;N/A;N/A;N/A;N/A;N/A;N/A;N/A;N/A;N/A;N/A;N/A;N/A;N/A;N/A;N/A;N/A;N/A;N/A;N/A;N/A;N/A;N/A;N/A;N/A;N/A;N/A;N/A;N/A;N/A;N/A;N/A;N/A;N/A;N/A;N/A;N/A;N/A;N/A;N/A;N/A;N/A;N/A;N/A;N/A;N/A;N/A;;0;435.3;0;0;;Disabled;TempStop;1;700;439.2;0;0;0;549.9;449.9;Enabled;PosOk;1;0;0;0;0;0;15;Disabled;0;0;0;0;0;0;0;0;0;0;0;0;0;0;0;0;0;0;0;0;0;0;0;0;0;0;0;0;0;0;0;0;0;0;0;0;0;0;0;0;0;0;0;0;0;0;0;0;0;0;0;0;0;0;0;0;0;0;0;0;0;0;0;0;0;0;0;0;0;0;30;33;20;45;30;30;20;45;30;25;20;45;30;25;20;45;200;227;100;300;200;224;100;300;200;0;100;300;200;0;100;300;30;33;20;45;30;30;20;45;30;26;20;45;30;28;20;45;200;242;100;300;200;240;100;300;200;0;100;300;200;0;100;300;4;2;0.4;6;4;5;0.4;6;4;2;0.4;6;4;5;0.4;6;4;2;0.4;6;4;5;0.4;6;4;2;0.4;6;4;6;0.4;6;NOK;NOK;OK;10000;10051;8000;11000;OK;8.68;0;8;12;NOK;N/A;1.95;N/A;N/A;N/A;9;11.7;7;18;OK;;0;0;0;-;Disabled;TempOk;1;230;111.7;0;0;0;349.9;441543200 volvo 589-1;441543200 volvo 589-1;441543200 volvo 589-1
20260331_20:43:46;26539;3;3;940;942.7;910;970;OK;940;948.4;910;970;OK;948.4;948.2;-20;-21.3;-50;-25;NOK;-20;-20;-50;-25;NOK;-20;-19.9;0;-20;-21.3;-50;-25;NOK;330;379;330;500;OK;0;0;N/A;N/A;N/A;N/A;N/A;N/A;N/A;N/A;N/A;N/A;N/A;N/A;N/A;N/A;N/A;N/A;N/A;N/A;N/A;N/A;N/A;N/A;N/A;N/A;N/A;N/A;N/A;N/A;N/A;N/A;N/A;N/A;N/A;N/A;N/A;N/A;N/A;N/A;N/A;N/A;N/A;N/A;N/A;N/A;N/A;N/A;N/A;N/A;N/A;N/A;N/A;N/A;N/A;N/A;N/A;N/A;N/A;N/A;N/A;N/A;N/A;N/A;N/A;N/A;N/A;N/A;N/A;N/A;N/A;N/A;N/A;N/A;N/A;N/A;N/A;N/A;N/A;N/A;N/A;N/A;N/A;N/A;N/A;N/A;N/A;N/A;N/A;N/A;N/A;N/A;N/A;N/A;N/A;N/A;N/A;N/A;N/A;N/A;;0;429.5;0;0;;Disabled;TempStop;1;700;433.1;0;0;0;549.9;449.9;Enabled;PosOk;1;0;0;0;0;0;15;Disabled;0;0;0;0;0;0;0;0;0;0;0;0;0;0;0;0;0;0;0;0;0;0;0;0;0;0;0;0;0;0;0;0;0;0;0;0;0;0;0;0;0;0;0;0;0;0;0;0;0;0;0;0;0;0;0;0;0;0;0;0;0;0;0;0;0;0;0;0;0;0;30;33;20;45;30;30;20;45;30;25;20;45;30;25;20;45;200;227;100;300;200;224;100;300;200;0;100;300;200;0;100;300;30;33;20;45;30;30;20;45;30;26;20;45;30;28;20;45;200;242;100;300;200;240;100;300;200;0;100;300;200;0;100;300;4;2;0.4;6;4;6;0.4;6;4;2;0.4;6;4;5;0.4;6;4;2;0.4;6;4;6;0.4;6;4;2;0.4;6;4;6;0.4;6;NOK;NOK;OK;10000;10051;8000;11000;OK;8.68;0;8;12;NOK;N/A;1.95;N/A;N/A;N/A;9;11.8;7;18;OK;;0;0;0;-;Disabled;TempOk;1;230;114.1;0;0;0;349.9;441543200 volvo 589-1;441543200 volvo 589-1;441543200 volvo 589-1
20260331_20:44:16;26542;2;4;940;940.6;910;970;OK;940;944.4;910;970;OK;945.1;944.6;-15;-24;-50;-20;OK;-15;-21;-50;-20;OK;-21.3;-21.2;0;-15;-24;-50;-20;OK;330;338;330;500;OK;0;0;N/A;N/A;N/A;N/A;N/A;N/A;N/A;N/A;N/A;N/A;N/A;N/A;N/A;N/A;N/A;N/A;N/A;N/A;N/A;N/A;N/A;N/A;N/A;N/A;N/A;N/A;N/A;N/A;N/A;N/A;N/A;N/A;N/A;N/A;N/A;N/A;N/A;N/A;N/A;N/A;N/A;N/A;N/A;N/A;N/A;N/A;N/A;N/A;N/A;N/A;N/A;N/A;N/A;N/A;N/A;N/A;N/A;N/A;N/A;N/A;N/A;N/A;N/A;N/A;N/A;N/A;N/A;N/A;N/A;N/A;N/A;N/A;N/A;N/A;N/A;N/A;N/A;N/A;N/A;N/A;N/A;N/A;N/A;N/A;N/A;N/A;N/A;N/A;N/A;N/A;N/A;N/A;N/A;N/A;N/A;N/A;N/A;N/A;;0;427.1;0;0;;Disabled;TempStop;1;700;430.8;0;0;0;549.9;449.9;Enabled;PosOk;1;0;0;0;0;0;15;Disabled;0;0;0;0;0;0;0;0;0;0;0;0;0;0;0;0;0;0;0;0;0;0;0;0;0;0;0;0;0;0;0;0;0;0;0;0;0;0;0;0;0;0;0;0;0;0;0;0;0;0;0;0;0;0;0;0;0;0;0;0;0;0;0;0;0;0;0;0;0;0;30;33;20;45;30;30;20;45;30;25;20;45;30;25;20;45;200;227;100;300;200;224;100;300;200;0;100;300;200;0;100;300;30;33;20;45;30;30;20;45;30;26;20;45;30;28;20;45;200;243;100;300;200;240;100;300;200;0;100;300;200;0;100;300;4;2;0.4;6;4;5;0.4;6;4;2;0.4;6;4;5;0.4;6;4;2;0.4;6;4;5;0.4;6;4;2;0.4;6;4;6;0.4;6;NOK;NOK;OK;10000;10046;8000;11000;OK;8.67;0;8;12;NOK;N/A;1.95;N/A;N/A;N/A;9;11.6;7;18;OK;;0;0;0;-;Disabled;TempOk;1;230;115.4;0;0;0;349.9;441543200 volvo 589-1;441543200 volvo 589-1;441543200 volvo 589-1
20260331_20:44:45;26541;1;4;940;937.7;910;970;OK;940;942.2;910;970;OK;943.9;943.3;-20;-12.9;-50;-25;NOK;-20;-12;-50;-25;NOK;-18.5;-18;0;-20;-12.8;-50;-25;NOK;330;380;330;500;OK;0;0;N/A;N/A;N/A;N/A;N/A;N/A;N/A;N/A;N/A;N/A;N/A;N/A;N/A;N/A;N/A;N/A;N/A;N/A;N/A;N/A;N/A;N/A;N/A;N/A;N/A;N/A;N/A;N/A;N/A;N/A;N/A;N/A;N/A;N/A;N/A;N/A;N/A;N/A;N/A;N/A;N/A;N/A;N/A;N/A;N/A;N/A;N/A;N/A;N/A;N/A;N/A;N/A;N/A;N/A;N/A;N/A;N/A;N/A;N/A;N/A;N/A;N/A;N/A;N/A;N/A;N/A;N/A;N/A;N/A;N/A;N/A;N/A;N/A;N/A;N/A;N/A;N/A;N/A;N/A;N/A;N/A;N/A;N/A;N/A;N/A;N/A;N/A;N/A;N/A;N/A;N/A;N/A;N/A;N/A;N/A;N/A;N/A;N/A;;0;430.6;0;0;;Disabled;TempStop;1;700;434.7;0;0;0;549.9;449.9;Enabled;PosOk;1;0;0;0;0;0;15;Disabled;0;0;0;0;0;0;0;0;0;0;0;0;0;0;0;0;0;0;0;0;0;0;0;0;0;0;0;0;0;0;0;0;0;0;0;0;0;0;0;0;0;0;0;0;0;0;0;0;0;0;0;0;0;0;0;0;0;0;0;0;0;0;0;0;0;0;0;0;44;16;30;33;20;45;30;29;20;45;30;25;20;45;30;25;20;45;200;227;100;300;200;224;100;300;200;0;100;300;200;0;100;300;30;33;20;45;30;29;20;45;30;26;20;45;30;28;20;45;200;242;100;300;200;240;100;300;200;0;100;300;200;0;100;300;4;2;0.4;6;4;5;0.4;6;4;2;0.4;6;4;6;0.4;6;4;2;0.4;6;4;5;0.4;6;4;2;0.4;6;4;6;0.4;6;NOK;NOK;OK;10000;10055;8000;11000;OK;8.68;0;8;12;NOK;N/A;1.95;N/A;N/A;N/A;9;10.8;7;18;OK;;0;0;0;-;Disabled;TempOk;1;230;110.9;0;0;0;349.9;441543200 volvo 589-1;441543200 volvo 589-1;441543200 volvo 589-1
20260331_20:45:14;26544;4;4;940;936.9;910;970;OK;940;948.6;910;970;OK;948.9;948.7;-15;-17.8;-50;-5;OK;-15;-9.1;-50;-5;OK;-10.5;-7.1;0;-15;-17.9;-50;-5;OK;330;340;330;500;OK;263.33;263.76;N/A;N/A;N/A;N/A;N/A;N/A;N/A;N/A;N/A;N/A;N/A;N/A;N/A;N/A;N/A;N/A;N/A;N/A;N/A;N/A;N/A;N/A;N/A;N/A;N/A;N/A;N/A;N/A;N/A;N/A;N/A;N/A;N/A;N/A;N/A;N/A;N/A;N/A;N/A;N/A;N/A;N/A;N/A;N/A;N/A;N/A;N/A;N/A;N/A;N/A;N/A;N/A;N/A;N/A;N/A;N/A;N/A;N/A;N/A;N/A;N/A;N/A;N/A;N/A;N/A;N/A;N/A;N/A;N/A;N/A;N/A;N/A;N/A;N/A;N/A;N/A;N/A;N/A;N/A;N/A;N/A;N/A;N/A;N/A;N/A;N/A;N/A;N/A;N/A;N/A;N/A;N/A;N/A;N/A;N/A;N/A;N/A;N/A;;0;430.9;0;0;;Disabled;TempStop;1;700;435.1;0;0;0;549.9;449.9;Enabled;PosOk;1;0;0;0;0;0;15;Disabled;0;0;0;0;0;0;0;0;0;0;0;0;0;0;0;0;0;0;0;0;0;0;0;0;0;0;0;0;0;0;0;0;0;0;0;0;0;0;0;0;0;0;0;0;0;0;0;0;0;0;0;0;0;0;0;0;0;0;0;0;0;0;0;0;0;0;0;0;0;0;30;32;20;45;30;29;20;45;30;25;20;45;30;25;20;45;200;228;100;300;200;225;100;300;200;0;100;300;200;0;100;300;30;32;20;45;30;29;20;45;30;26;20;45;30;28;20;45;200;243;100;300;200;240;100;300;200;0;100;300;200;0;100;300;4;2;0.4;6;4;5;0.4;6;4;2;0.4;6;4;6;0.4;6;4;2;0.4;6;4;6;0.4;6;4;2;0.4;6;4;6;0.4;6;NOK;NOK;OK;10000;10034;8000;11000;OK;8.67;0;8;12;NOK;N/A;1.95;N/A;N/A;N/A;9;11.7;7;18;OK;;0;0;0;-;Disabled;TempOk;1;230;111.2;0;0;0;349.9;441543200 volvo 589-1;441543200 volvo 589-1;441543200 volvo 589-1
20260331_20:45:44;26543;3;4;940;936.4;910;970;OK;940;941.7;910;970;OK;940.5;941.1;-20;-14.6;-50;-25;NOK;-20;-13.9;-50;-25;NOK;-21.5;-21.7;0;-20;-14.6;-50;-25;NOK;330;381;330;500;OK;0;0;N/A;N/A;N/A;N/A;N/A;N/A;N/A;N/A;N/A;N/A;N/A;N/A;N/A;N/A;N/A;N/A;N/A;N/A;N/A;N/A;N/A;N/A;N/A;N/A;N/A;N/A;N/A;N/A;N/A;N/A;N/A;N/A;N/A;N/A;N/A;N/A;N/A;N/A;N/A;N/A;N/A;N/A;N/A;N/A;N/A;N/A;N/A;N/A;N/A;N/A;N/A;N/A;N/A;N/A;N/A;N/A;N/A;N/A;N/A;N/A;N/A;N/A;N/A;N/A;N/A;N/A;N/A;N/A;N/A;N/A;N/A;N/A;N/A;N/A;N/A;N/A;N/A;N/A;N/A;N/A;N/A;N/A;N/A;N/A;N/A;N/A;N/A;N/A;N/A;N/A;N/A;N/A;N/A;N/A;N/A;N/A;N/A;N/A;;0;418.4;0;0;;Disabled;TempStop;1;700;422.5;0;0;0;549.9;449.9;Enabled;PosOk;1;0;0;0;0;0;15;Disabled;0;0;0;0;0;0;0;0;0;0;0;0;0;0;0;0;0;0;0;0;0;0;0;0;0;0;0;0;0;0;0;0;0;0;0;0;0;0;0;0;0;0;0;0;0;0;0;0;0;0;0;0;0;0;0;0;0;0;0;0;0;0;0;0;0;0;0;0;0;0;30;32;20;45;30;29;20;45;30;25;20;45;30;25;20;45;200;227;100;300;200;224;100;300;200;0;100;300;200;0;100;300;30;32;20;45;30;29;20;45;30;26;20;45;30;28;20;45;200;242;100;300;200;240;100;300;200;0;100;300;200;0;100;300;4;2;0.4;6;4;5;0.4;6;4;2;0.4;6;4;5;0.4;6;4;2;0.4;6;4;6;0.4;6;4;2;0.4;6;4;6;0.4;6;NOK;NOK;OK;10000;10048;8000;11000;OK;8.68;0;8;12;NOK;N/A;1.95;N/A;N/A;N/A;9;11.7;7;18;OK;;0;0;0;-;Disabled;TempOk;1;230;113.8;0;0;0;349.9;441543200 volvo 589-1;441543200 volvo 589-1;441543200 volvo 589-1
20260331_20:46:13;26546;2;5;940;935.9;910;970;OK;940;938.5;910;970;OK;942.8;940.3;-15;-15;-50;-20;NOK;-15;-13.9;-50;-20;NOK;-15.4;-15.3;0;-15;-15;-50;-20;NOK;330;341;330;500;OK;0;0;N/A;N/A;N/A;N/A;N/A;N/A;N/A;N/A;N/A;N/A;N/A;N/A;N/A;N/A;N/A;N/A;N/A;N/A;N/A;N/A;N/A;N/A;N/A;N/A;N/A;N/A;N/A;N/A;N/A;N/A;N/A;N/A;N/A;N/A;N/A;N/A;N/A;N/A;N/A;N/A;N/A;N/A;N/A;N/A;N/A;N/A;N/A;N/A;N/A;N/A;N/A;N/A;N/A;N/A;N/A;N/A;N/A;N/A;N/A;N/A;N/A;N/A;N/A;N/A;N/A;N/A;N/A;N/A;N/A;N/A;N/A;N/A;N/A;N/A;N/A;N/A;N/A;N/A;N/A;N/A;N/A;N/A;N/A;N/A;N/A;N/A;N/A;N/A;N/A;N/A;N/A;N/A;N/A;N/A;N/A;N/A;N/A;N/A;;0;415.5;0;0;;Disabled;TempStop;1;700;419.3;0;0;0;549.9;449.9;Enabled;PosOk;1;0;0;0;0;0;15;Disabled;0;0;0;0;0;0;0;0;0;0;0;0;0;0;0;0;0;0;0;0;0;0;0;0;0;0;0;0;0;0;0;0;0;0;0;0;0;0;0;0;0;0;0;0;0;0;0;0;0;0;0;0;0;0;0;0;0;0;0;0;0;0;0;0;0;0;0;0;0;0;30;33;20;45;30;30;20;45;30;25;20;45;30;25;20;45;200;227;100;300;200;225;100;300;200;0;100;300;200;0;100;300;30;33;20;45;30;30;20;45;30;26;20;45;30;28;20;45;200;242;100;300;200;240;100;300;200;0;100;300;200;0;100;300;4;2;0.4;6;4;5;0.4;6;4;2;0.4;6;4;5;0.4;6;4;2;0.4;6;4;5;0.4;6;4;2;0.4;6;4;5;0.4;6;NOK;NOK;OK;10000;10025;8000;11000;OK;8.67;0;8;12;NOK;N/A;1.95;N/A;N/A;N/A;9;11.6;7;18;OK;;0;0;0;-;Disabled;TempOk;1;230;114.4;0;0;0;349.9;441543200 volvo 589-1;441543200 volvo 589-1;441543200 volvo 589-1
20260331_20:46:43;26545;3;5;940;936.6;910;970;OK;940;941;910;970;OK;943.6;942.2;-20;-18;-50;-25;NOK;-20;-17.5;-50;-25;NOK;-20.7;-20.5;0;-20;-17.7;-50;-25;NOK;330;382;330;500;OK;0;0;N/A;N/A;N/A;N/A;N/A;N/A;N/A;N/A;N/A;N/A;N/A;N/A;N/A;N/A;N/A;N/A;N/A;N/A;N/A;N/A;N/A;N/A;N/A;N/A;N/A;N/A;N/A;N/A;N/A;N/A;N/A;N/A;N/A;N/A;N/A;N/A;N/A;N/A;N/A;N/A;N/A;N/A;N/A;N/A;N/A;N/A;N/A;N/A;N/A;N/A;N/A;N/A;N/A;N/A;N/A;N/A;N/A;N/A;N/A;N/A;N/A;N/A;N/A;N/A;N/A;N/A;N/A;N/A;N/A;N/A;N/A;N/A;N/A;N/A;N/A;N/A;N/A;N/A;N/A;N/A;N/A;N/A;N/A;N/A;N/A;N/A;N/A;N/A;N/A;N/A;N/A;N/A;N/A;N/A;N/A;N/A;N/A;N/A;;0;422.3;0;0;;Disabled;TempStop;1;700;426;0;0;0;549.9;449.9;Enabled;PosOk;1;0;0;0;0;0;15;Disabled;0;0;0;0;0;0;0;0;0;0;0;0;0;0;0;0;0;0;0;0;0;0;0;0;0;0;0;0;0;0;0;0;0;0;0;0;0;0;0;0;0;0;0;0;0;0;0;0;0;0;0;0;0;0;0;0;0;0;0;0;0;0;0;0;0;0;0;0;0;0;30;33;20;45;30;30;20;45;30;25;20;45;30;25;20;45;200;227;100;300;200;224;100;300;200;0;100;300;200;0;100;300;30;33;20;45;30;30;20;45;30;26;20;45;30;28;20;45;200;243;100;300;200;240;100;300;200;0;100;300;200;0;100;300;4;2;0.4;6;4;5;0.4;6;4;2;0.4;6;4;5;0.4;6;4;2;0.4;6;4;5;0.4;6;4;2;0.4;6;4;5;0.4;6;NOK;NOK;OK;10000;10030;8000;11000;OK;8.67;0;8;12;NOK;N/A;1.95;N/A;N/A;N/A;9;11.7;7;18;OK;;0;0;0;-;Disabled;TempOk;1;230;112.2;0;0;0;349.9;441543200 volvo 589-1;441543200 volvo 589-1;441543200 volvo 589-1
20260331_20:47:12;26548;2;2;940;937.8;910;970;OK;940;946.1;910;970;OK;947.2;945.3;-15;-18.7;-50;-20;NOK;-15;-18;-50;-20;NOK;-17.6;-17.7;0;-15;-18.7;-50;-20;NOK;330;341;330;500;OK;0;0;N/A;N/A;N/A;N/A;N/A;N/A;N/A;N/A;N/A;N/A;N/A;N/A;N/A;N/A;N/A;N/A;N/A;N/A;N/A;N/A;N/A;N/A;N/A;N/A;N/A;N/A;N/A;N/A;N/A;N/A;N/A;N/A;N/A;N/A;N/A;N/A;N/A;N/A;N/A;N/A;N/A;N/A;N/A;N/A;N/A;N/A;N/A;N/A;N/A;N/A;N/A;N/A;N/A;N/A;N/A;N/A;N/A;N/A;N/A;N/A;N/A;N/A;N/A;N/A;N/A;N/A;N/A;N/A;N/A;N/A;N/A;N/A;N/A;N/A;N/A;N/A;N/A;N/A;N/A;N/A;N/A;N/A;N/A;N/A;N/A;N/A;N/A;N/A;N/A;N/A;N/A;N/A;N/A;N/A;N/A;N/A;N/A;N/A;;0;428.1;0;0;;Disabled;TempStop;1;700;432.4;0;0;0;549.9;449.9;Enabled;PosOk;1;0;0;0;0;0;15;Disabled;0;0;0;0;0;0;0;0;0;0;0;0;0;0;0;0;0;0;0;0;0;0;0;0;0;0;0;0;0;0;0;0;0;0;0;0;0;0;0;0;0;0;0;0;0;0;0;0;0;0;0;0;0;0;0;0;0;0;0;0;0;0;0;0;0;0;0;0;0;0;30;33;20;45;30;30;20;45;30;26;20;45;30;25;20;45;200;228;100;300;200;225;100;300;200;0;100;300;200;0;100;300;30;33;20;45;30;30;20;45;30;26;20;45;30;28;20;45;200;242;100;300;200;240;100;300;200;0;100;300;200;0;100;300;4;2;0.4;6;4;5;0.4;6;4;2;0.4;6;4;5;0.4;6;4;2;0.4;6;4;5;0.4;6;4;2;0.4;6;4;5;0.4;6;NOK;NOK;OK;10000;10043;8000;11000;OK;8.67;0;8;12;NOK;N/A;1.95;N/A;N/A;N/A;9;11.6;7;18;OK;;0;0;0;-;Disabled;TempOk;1;230;109.5;0;0;0;349.9;441543200 volvo 589-1;441543200 volvo 589-1;441543200 volvo 589-1
20260331_20:47:41;26547;1;2;940;949.3;910;970;OK;940;955.8;910;970;OK;954.7;955.3;-20;-18.7;-50;-25;NOK;-20;-18.4;-50;-25;NOK;-17.2;-17.8;0;-20;-18.8;-50;-25;NOK;330;341;330;500;OK;0;0;N/A;N/A;N/A;N/A;N/A;N/A;N/A;N/A;N/A;N/A;N/A;N/A;N/A;N/A;N/A;N/A;N/A;N/A;N/A;N/A;N/A;N/A;N/A;N/A;N/A;N/A;N/A;N/A;N/A;N/A;N/A;N/A;N/A;N/A;N/A;N/A;N/A;N/A;N/A;N/A;N/A;N/A;N/A;N/A;N/A;N/A;N/A;N/A;N/A;N/A;N/A;N/A;N/A;N/A;N/A;N/A;N/A;N/A;N/A;N/A;N/A;N/A;N/A;N/A;N/A;N/A;N/A;N/A;N/A;N/A;N/A;N/A;N/A;N/A;N/A;N/A;N/A;N/A;N/A;N/A;N/A;N/A;N/A;N/A;N/A;N/A;N/A;N/A;N/A;N/A;N/A;N/A;N/A;N/A;N/A;N/A;N/A;N/A;;0;426.2;0;0;;Disabled;TempStop;1;700;430.1;0;0;0;549.9;449.9;Enabled;PosOk;1;0;0;0;0;0;15;Disabled;0;0;0;0;0;0;0;0;0;0;0;0;0;0;0;0;0;0;0;0;0;0;0;0;0;0;0;0;0;0;0;0;0;0;0;0;0;0;0;0;0;0;0;0;0;0;0;0;0;0;0;0;0;0;0;0;0;0;0;0;0;0;0;0;0;0;0;0;0;0;30;33;20;45;30;30;20;45;30;25;20;45;30;25;20;45;200;227;100;300;200;224;100;300;200;0;100;300;200;0;100;300;30;33;20;45;30;30;20;45;30;26;20;45;30;28;20;45;200;243;100;300;200;240;100;300;200;0;100;300;200;0;100;300;4;2;0.4;6;4;5;0.4;6;4;2;0.4;6;4;5;0.4;6;4;2;0.4;6;4;5;0.4;6;4;2;0.4;6;4;6;0.4;6;NOK;NOK;OK;10000;10049;8000;11000;OK;8.68;0;8;12;NOK;N/A;1.95;N/A;N/A;N/A;9;10.9;7;18;OK;;0;0;0;-;Disabled;TempOk;1;230;114.1;0;0;0;349.9;441543200 volvo 589-1;441543200 volvo 589-1;441543200 volvo 589-1
20260331_20:48:11;26549;4;2;940;953.1;910;970;OK;940;960.9;910;970;OK;956.6;958.8;-15;-12.8;-50;-5;OK;-15;-19.5;-50;-5;OK;-18.7;-19.3;0;-15;-12.8;-50;-5;OK;330;341;330;500;OK;263.47;263.98;N/A;N/A;N/A;N/A;N/A;N/A;N/A;N/A;N/A;N/A;N/A;N/A;N/A;N/A;N/A;N/A;N/A;N/A;N/A;N/A;N/A;N/A;N/A;N/A;N/A;N/A;N/A;N/A;N/A;N/A;N/A;N/A;N/A;N/A;N/A;N/A;N/A;N/A;N/A;N/A;N/A;N/A;N/A;N/A;N/A;N/A;N/A;N/A;N/A;N/A;N/A;N/A;N/A;N/A;N/A;N/A;N/A;N/A;N/A;N/A;N/A;N/A;N/A;N/A;N/A;N/A;N/A;N/A;N/A;N/A;N/A;N/A;N/A;N/A;N/A;N/A;N/A;N/A;N/A;N/A;N/A;N/A;N/A;N/A;N/A;N/A;N/A;N/A;N/A;N/A;N/A;N/A;N/A;N/A;N/A;N/A;N/A;N/A;;0;431.9;0;0;;Disabled;TempStop;1;700;435.7;0;0;0;549.9;449.9;Enabled;PosOk;1;0;0;0;0;0;15;Disabled;0;0;0;0;0;0;0;0;0;0;0;0;0;0;0;0;0;0;0;0;0;0;0;0;0;0;0;0;0;0;0;0;0;0;0;0;0;0;0;0;0;0;0;0;0;0;0;0;0;0;0;0;0;0;0;0;0;0;0;0;0;0;0;0;0;0;0;0;0;0;30;33;20;45;30;30;20;45;30;25;20;45;30;25;20;45;200;228;100;300;200;225;100;300;200;0;100;300;200;0;100;300;30;34;20;45;30;30;20;45;30;26;20;45;30;28;20;45;200;243;100;300;200;240;100;300;200;0;100;300;200;0;100;300;4;2;0.4;6;4;5;0.4;6;4;2;0.4;6;4;5;0.4;6;4;2;0.4;6;4;5;0.4;6;4;2;0.4;6;4;6;0.4;6;NOK;NOK;OK;10000;10037;8000;11000;OK;8.67;0;8;12;NOK;N/A;1.95;N/A;N/A;N/A;9;11.8;7;18;OK;;0;0;0;-;Disabled;TempOk;1;230;109.9;0;0;0;349.9;441543200 volvo 589-1;441543200 volvo 589-1;441543200 volvo 589-1
20260331_20:48:40;26550;1;3;940;951.9;910;970;OK;940;959.5;910;970;OK;959.3;959.4;-20;-18.3;-50;-25;NOK;-20;-18.9;-50;-25;NOK;-18.9;-19.6;0;-20;-18.2;-50;-25;NOK;330;341;330;500;OK;0;0;N/A;N/A;N/A;N/A;N/A;N/A;N/A;N/A;N/A;N/A;N/A;N/A;N/A;N/A;N/A;N/A;N/A;N/A;N/A;N/A;N/A;N/A;N/A;N/A;N/A;N/A;N/A;N/A;N/A;N/A;N/A;N/A;N/A;N/A;N/A;N/A;N/A;N/A;N/A;N/A;N/A;N/A;N/A;N/A;N/A;N/A;N/A;N/A;N/A;N/A;N/A;N/A;N/A;N/A;N/A;N/A;N/A;N/A;N/A;N/A;N/A;N/A;N/A;N/A;N/A;N/A;N/A;N/A;N/A;N/A;N/A;N/A;N/A;N/A;N/A;N/A;N/A;N/A;N/A;N/A;N/A;N/A;N/A;N/A;N/A;N/A;N/A;N/A;N/A;N/A;N/A;N/A;N/A;N/A;N/A;N/A;N/A;N/A;;0;428.9;0;0;;Disabled;TempStop;1;700;433.1;0;0;0;549.9;449.9;Enabled;PosOk;1;0;0;0;0;0;15;Disabled;0;0;0;0;0;0;0;0;0;0;0;0;0;0;0;0;0;0;0;0;0;0;0;0;0;0;0;0;0;0;0;0;0;0;0;0;0;0;0;0;0;0;0;0;0;0;0;0;0;0;0;0;0;0;0;0;0;0;0;0;0;0;0;0;0;0;0;0;48;11;30;33;20;45;30;30;20;45;30;25;20;45;30;25;20;45;200;227;100;300;200;224;100;300;200;0;100;300;200;0;100;300;30;33;20;45;30;30;20;45;30;26;20;45;30;28;20;45;200;242;100;300;200;240;100;300;200;0;100;300;200;0;100;300;4;2;0.4;6;4;5;0.4;6;4;2;0.4;6;4;5;0.4;6;4;2;0.4;6;4;6;0.4;6;4;2;0.4;6;4;6;0.4;6;NOK;NOK;OK;10000;10030;8000;11000;OK;8.66;0;8;12;NOK;N/A;1.95;N/A;N/A;N/A;9;11.3;7;18;OK;;0;0;0;-;Disabled;TempOk;1;230;113.2;0;0;0;349.9;441543200 volvo 589-1;441543200 volvo 589-1;441543200 volvo 589-1
20260331_20:49:10;26551;4;3;940;948.6;910;970;OK;940;957.2;910;970;OK;956.2;956.5;-15;-13.6;-50;-5;OK;-15;-18.2;-50;-5;OK;-18.6;-18.9;0;-15;-13.5;-50;-5;OK;330;341;330;500;OK;263.58;264.07;N/A;N/A;N/A;N/A;N/A;N/A;N/A;N/A;N/A;N/A;N/A;N/A;N/A;N/A;N/A;N/A;N/A;N/A;N/A;N/A;N/A;N/A;N/A;N/A;N/A;N/A;N/A;N/A;N/A;N/A;N/A;N/A;N/A;N/A;N/A;N/A;N/A;N/A;N/A;N/A;N/A;N/A;N/A;N/A;N/A;N/A;N/A;N/A;N/A;N/A;N/A;N/A;N/A;N/A;N/A;N/A;N/A;N/A;N/A;N/A;N/A;N/A;N/A;N/A;N/A;N/A;N/A;N/A;N/A;N/A;N/A;N/A;N/A;N/A;N/A;N/A;N/A;N/A;N/A;N/A;N/A;N/A;N/A;N/A;N/A;N/A;N/A;N/A;N/A;N/A;N/A;N/A;N/A;N/A;N/A;N/A;N/A;N/A;;0;426.4;0;0;;Disabled;TempStop;1;700;430.4;0;0;0;549.9;449.9;Enabled;PosOk;1;0;0;0;0;0;15;Disabled;0;0;0;0;0;0;0;0;0;0;0;0;0;0;0;0;0;0;0;0;0;0;0;0;0;0;0;0;0;0;0;0;0;0;0;0;0;0;0;0;0;0;0;0;0;0;0;0;0;0;0;0;0;0;0;0;0;0;0;0;0;0;0;0;0;0;0;0;0;0;30;33;20;45;30;30;20;45;30;25;20;45;30;25;20;45;200;227;100;300;200;225;100;300;200;0;100;300;200;0;100;300;30;33;20;45;30;30;20;45;30;26;20;45;30;28;20;45;200;242;100;300;200;240;100;300;200;0;100;300;200;0;100;300;4;2;0.4;6;4;5;0.4;6;4;2;0.4;6;4;5;0.4;6;4;2;0.4;6;4;5;0.4;6;4;2;0.4;6;4;6;0.4;6;NOK;NOK;OK;10000;10054;8000;11000;OK;8.68;0;8;12;NOK;N/A;1.95;N/A;N/A;N/A;9;11.7;7;18;OK;;0;0;0;-;Disabled;TempOk;1;230;109.4;0;0;0;349.9;441543200 volvo 589-1;441543200 volvo 589-1;441543200 volvo 589-1
20260331_20:49:39;26552;3;3;940;937.9;910;970;OK;940;947.3;910;970;OK;947.9;947.5;-20;-20;-50;-25;NOK;-20;-19.5;-50;-25;NOK;-18.9;-19;0;-20;-20;-50;-25;NOK;330;341;330;500;OK;0;0;N/A;N/A;N/A;N/A;N/A;N/A;N/A;N/A;N/A;N/A;N/A;N/A;N/A;N/A;N/A;N/A;N/A;N/A;N/A;N/A;N/A;N/A;N/A;N/A;N/A;N/A;N/A;N/A;N/A;N/A;N/A;N/A;N/A;N/A;N/A;N/A;N/A;N/A;N/A;N/A;N/A;N/A;N/A;N/A;N/A;N/A;N/A;N/A;N/A;N/A;N/A;N/A;N/A;N/A;N/A;N/A;N/A;N/A;N/A;N/A;N/A;N/A;N/A;N/A;N/A;N/A;N/A;N/A;N/A;N/A;N/A;N/A;N/A;N/A;N/A;N/A;N/A;N/A;N/A;N/A;N/A;N/A;N/A;N/A;N/A;N/A;N/A;N/A;N/A;N/A;N/A;N/A;N/A;N/A;N/A;N/A;N/A;N/A;;0;425.5;0;0;;Disabled;TempStop;1;700;429;0;0;0;549.9;449.9;Enabled;PosOk;1;0;0;0;0;0;15;Disabled;0;0;0;0;0;0;0;0;0;0;0;0;0;0;0;0;0;0;0;0;0;0;0;0;0;0;0;0;0;0;0;0;0;0;0;0;0;0;0;0;0;0;0;0;0;0;0;0;0;0;0;0;0;0;0;0;0;0;0;0;0;0;0;0;0;0;0;0;0;0;30;33;20;45;30;30;20;45;30;25;20;45;30;25;20;45;200;228;100;300;200;224;100;300;200;0;100;300;200;0;100;300;30;33;20;45;30;30;20;45;30;26;20;45;30;28;20;45;200;243;100;300;200;240;100;300;200;0;100;300;200;0;100;300;4;2;0.4;6;4;5;0.4;6;4;2;0.4;6;4;6;0.4;6;4;2;0.4;6;4;5;0.4;6;4;2;0.4;6;4;6;0.4;6;NOK;NOK;OK;10000;10034;8000;11000;OK;8.66;0;8;12;NOK;N/A;1.95;N/A;N/A;N/A;9;11.7;7;18;OK;;0;0;0;-;Disabled;TempOk;1;230;112.2;0;0;0;349.9;441543200 volvo 589-1;441543200 volvo 589-1;441543200 volvo 589-1
20260331_20:50:08;26553;2;4;940;935.5;910;970;OK;940;946.3;910;970;OK;946.5;946.2;-15;-21;-50;-20;OK;-15;-19.1;-50;-20;NOK;-18.9;-18.9;0;-15;-21;-50;-20;OK;330;341;330;500;OK;0;0;N/A;N/A;N/A;N/A;N/A;N/A;N/A;N/A;N/A;N/A;N/A;N/A;N/A;N/A;N/A;N/A;N/A;N/A;N/A;N/A;N/A;N/A;N/A;N/A;N/A;N/A;N/A;N/A;N/A;N/A;N/A;N/A;N/A;N/A;N/A;N/A;N/A;N/A;N/A;N/A;N/A;N/A;N/A;N/A;N/A;N/A;N/A;N/A;N/A;N/A;N/A;N/A;N/A;N/A;N/A;N/A;N/A;N/A;N/A;N/A;N/A;N/A;N/A;N/A;N/A;N/A;N/A;N/A;N/A;N/A;N/A;N/A;N/A;N/A;N/A;N/A;N/A;N/A;N/A;N/A;N/A;N/A;N/A;N/A;N/A;N/A;N/A;N/A;N/A;N/A;N/A;N/A;N/A;N/A;N/A;N/A;N/A;N/A;;0;434;0;0;;Disabled;TempStop;1;700;438;0;0;0;549.9;449.9;Enabled;PosOk;1;0;0;0;0;0;15;Disabled;0;0;0;0;0;0;0;0;0;0;0;0;0;0;0;0;0;0;0;0;0;0;0;0;0;0;0;0;0;0;0;0;0;0;0;0;0;0;0;0;0;0;0;0;0;0;0;0;0;0;0;0;0;0;0;0;0;0;0;0;0;0;0;0;0;0;0;0;0;0;30;33;20;45;30;29;20;45;30;25;20;45;30;25;20;45;200;227;100;300;200;224;100;300;200;0;100;300;200;0;100;300;30;33;20;45;30;30;20;45;30;26;20;45;30;28;20;45;200;242;100;300;200;240;100;300;200;0;100;300;200;0;100;300;4;2;0.4;6;4;6;0.4;6;4;2;0.4;6;4;5;0.4;6;4;2;0.4;6;4;6;0.4;6;4;2;0.4;6;4;6;0.4;6;NOK;NOK;OK;10000;10043;8000;11000;OK;8.67;0;8;12;NOK;N/A;1.95;N/A;N/A;N/A;9;11.7;7;18;OK;;0;0;0;-;Disabled;TempOk;1;230;117.6;0;0;0;349.9;441543200 volvo 589-1;441543200 volvo 589-1;441543200 volvo 589-1
20260331_20:50:38;26554;1;4;940;935.3;910;970;OK;940;943.3;910;970;OK;944.5;944;-20;-11.9;-50;-25;NOK;-20;-11.8;-50;-25;NOK;-16.6;-14;0;-20;-11.9;-50;-25;NOK;330;341;330;500;OK;0;0;N/A;N/A;N/A;N/A;N/A;N/A;N/A;N/A;N/A;N/A;N/A;N/A;N/A;N/A;N/A;N/A;N/A;N/A;N/A;N/A;N/A;N/A;N/A;N/A;N/A;N/A;N/A;N/A;N/A;N/A;N/A;N/A;N/A;N/A;N/A;N/A;N/A;N/A;N/A;N/A;N/A;N/A;N/A;N/A;N/A;N/A;N/A;N/A;N/A;N/A;N/A;N/A;N/A;N/A;N/A;N/A;N/A;N/A;N/A;N/A;N/A;N/A;N/A;N/A;N/A;N/A;N/A;N/A;N/A;N/A;N/A;N/A;N/A;N/A;N/A;N/A;N/A;N/A;N/A;N/A;N/A;N/A;N/A;N/A;N/A;N/A;N/A;N/A;N/A;N/A;N/A;N/A;N/A;N/A;N/A;N/A;N/A;N/A;;0;431.5;0;0;;Disabled;TempStop;1;700;435.5;0;0;0;549.9;449.9;Enabled;PosOk;1;0;0;0;0;0;15;Disabled;0;0;0;0;0;0;0;0;0;0;0;0;0;0;0;0;0;0;0;0;0;0;0;0;0;0;0;0;0;0;0;0;0;0;0;0;0;0;0;0;0;0;0;0;0;0;0;0;0;0;0;0;0;0;0;0;0;0;0;0;0;0;0;0;0;0;0;0;50;9;30;33;20;45;30;30;20;45;30;25;20;45;30;25;20;45;200;227;100;300;200;224;100;300;200;0;100;300;200;0;100;300;30;33;20;45;30;30;20;45;30;26;20;45;30;29;20;45;200;242;100;300;200;240;100;300;200;0;100;300;200;0;100;300;4;2;0.4;6;4;5;0.4;6;4;2;0.4;6;4;5;0.4;6;4;2;0.4;6;4;6;0.4;6;4;2;0.4;6;4;6;0.4;6;NOK;NOK;OK;10000;10040;8000;11000;OK;8.67;0;8;12;NOK;N/A;1.95;N/A;N/A;N/A;9;10.8;7;18;OK;;0;0;0;-;Disabled;TempOk;1;230;107.3;0;0;0;349.9;441543200 volvo 589-1;441543200 volvo 589-1;441543200 volvo 589-1
20260331_20:51:07;26555;4;4;940;930.7;910;970;OK;940;951.4;910;970;OK;951;951.1;-15;-10;-50;-5;OK;-15;-8.3;-50;-5;OK;-11.6;-7.2;0;-15;-10.2;-50;-5;OK;330;341;330;500;OK;263.78;264.24;N/A;N/A;N/A;N/A;N/A;N/A;N/A;N/A;N/A;N/A;N/A;N/A;N/A;N/A;N/A;N/A;N/A;N/A;N/A;N/A;N/A;N/A;N/A;N/A;N/A;N/A;N/A;N/A;N/A;N/A;N/A;N/A;N/A;N/A;N/A;N/A;N/A;N/A;N/A;N/A;N/A;N/A;N/A;N/A;N/A;N/A;N/A;N/A;N/A;N/A;N/A;N/A;N/A;N/A;N/A;N/A;N/A;N/A;N/A;N/A;N/A;N/A;N/A;N/A;N/A;N/A;N/A;N/A;N/A;N/A;N/A;N/A;N/A;N/A;N/A;N/A;N/A;N/A;N/A;N/A;N/A;N/A;N/A;N/A;N/A;N/A;N/A;N/A;N/A;N/A;N/A;N/A;N/A;N/A;N/A;N/A;N/A;N/A;;0;423.1;0;0;;Disabled;TempStop;1;700;426.9;0;0;0;549.9;449.9;Enabled;PosOk;1;0;0;0;0;0;15;Disabled;0;0;0;0;0;0;0;0;0;0;0;0;0;0;0;0;0;0;0;0;0;0;0;0;0;0;0;0;0;0;0;0;0;0;0;0;0;0;0;0;0;0;0;0;0;0;0;0;0;0;0;0;0;0;0;0;0;0;0;0;0;0;0;0;0;0;0;0;0;0;30;33;20;45;30;30;20;45;30;25;20;45;30;26;20;45;200;227;100;300;200;224;100;300;200;0;100;300;200;1;100;300;30;33;20;45;30;30;20;45;30;26;20;45;30;29;20;45;200;242;100;300;200;240;100;300;200;0;100;300;200;0;100;300;4;2;0.4;6;4;5;0.4;6;4;2;0.4;6;4;5;0.4;6;4;2;0.4;6;4;5;0.4;6;4;2;0.4;6;4;6;0.4;6;NOK;NOK;OK;10000;10043;8000;11000;OK;8.67;0;8;12;NOK;N/A;1.95;N/A;N/A;N/A;9;11.6;7;18;OK;;0;0;0;-;Disabled;TempOk;1;230;117.5;0;0;0;349.9;441543200 volvo 589-1;441543200 volvo 589-1;441543200 volvo 589-1
20260331_20:51:37;26556;3;4;940;932.9;910;970;OK;940;941.6;910;970;OK;943.6;942.9;-20;-13.7;-50;-25;NOK;-20;-14.4;-50;-25;NOK;-20.9;-18.8;0;-20;-13.7;-50;-25;NOK;330;341;330;500;OK;0;0;N/A;N/A;N/A;N/A;N/A;N/A;N/A;N/A;N/A;N/A;N/A;N/A;N/A;N/A;N/A;N/A;N/A;N/A;N/A;N/A;N/A;N/A;N/A;N/A;N/A;N/A;N/A;N/A;N/A;N/A;N/A;N/A;N/A;N/A;N/A;N/A;N/A;N/A;N/A;N/A;N/A;N/A;N/A;N/A;N/A;N/A;N/A;N/A;N/A;N/A;N/A;N/A;N/A;N/A;N/A;N/A;N/A;N/A;N/A;N/A;N/A;N/A;N/A;N/A;N/A;N/A;N/A;N/A;N/A;N/A;N/A;N/A;N/A;N/A;N/A;N/A;N/A;N/A;N/A;N/A;N/A;N/A;N/A;N/A;N/A;N/A;N/A;N/A;N/A;N/A;N/A;N/A;N/A;N/A;N/A;N/A;N/A;N/A;;0;421;0;0;;Disabled;TempStop;1;700;424.4;0;0;0;549.9;449.9;Enabled;PosOk;1;0;0;0;0;0;15;Disabled;0;0;0;0;0;0;0;0;0;0;0;0;0;0;0;0;0;0;0;0;0;0;0;0;0;0;0;0;0;0;0;0;0;0;0;0;0;0;0;0;0;0;0;0;0;0;0;0;0;0;0;0;0;0;0;0;0;0;0;0;0;0;0;0;0;0;0;0;0;0;30;33;20;45;30;29;20;45;30;25;20;45;30;25;20;45;200;227;100;300;200;225;100;300;200;0;100;300;200;0;100;300;30;33;20;45;30;29;20;45;30;26;20;45;30;28;20;45;200;243;100;300;200;241;100;300;200;0;100;300;200;0;100;300;4;2;0.4;6;4;5;0.4;6;4;2;0.4;6;4;6;0.4;6;4;2;0.4;6;4;5;0.4;6;4;2;0.4;6;4;6;0.4;6;NOK;NOK;OK;10000;10043;8000;11000;OK;8.66;0;8;12;NOK;N/A;1.95;N/A;N/A;N/A;9;11.7;7;18;OK;;0;0;0;-;Disabled;TempOk;1;230;111.6;0;0;0;349.9;441543200 volvo 589-1;441543200 volvo 589-1;441543200 volvo 589-1
20260331_20:52:06;26557;2;5;940;930.4;910;970;OK;940;941.1;910;970;OK;942.3;942.1;-15;-13.5;-50;-20;NOK;-15;-15.3;-50;-20;NOK;-15.3;-15.8;0;-15;-13.5;-50;-20;NOK;330;341;330;500;OK;0;0;N/A;N/A;N/A;N/A;N/A;N/A;N/A;N/A;N/A;N/A;N/A;N/A;N/A;N/A;N/A;N/A;N/A;N/A;N/A;N/A;N/A;N/A;N/A;N/A;N/A;N/A;N/A;N/A;N/A;N/A;N/A;N/A;N/A;N/A;N/A;N/A;N/A;N/A;N/A;N/A;N/A;N/A;N/A;N/A;N/A;N/A;N/A;N/A;N/A;N/A;N/A;N/A;N/A;N/A;N/A;N/A;N/A;N/A;N/A;N/A;N/A;N/A;N/A;N/A;N/A;N/A;N/A;N/A;N/A;N/A;N/A;N/A;N/A;N/A;N/A;N/A;N/A;N/A;N/A;N/A;N/A;N/A;N/A;N/A;N/A;N/A;N/A;N/A;N/A;N/A;N/A;N/A;N/A;N/A;N/A;N/A;N/A;N/A;;0;416.8;0;0;;Disabled;TempStop;1;700;420.7;0;0;0;549.9;449.9;Enabled;PosOk;1;0;0;0;0;0;15;Disabled;0;0;0;0;0;0;0;0;0;0;0;0;0;0;0;0;0;0;0;0;0;0;0;0;0;0;0;0;0;0;0;0;0;0;0;0;0;0;0;0;0;0;0;0;0;0;0;0;0;0;0;0;0;0;0;0;0;0;0;0;0;0;0;0;0;0;0;0;0;0;30;33;20;45;30;29;20;45;30;25;20;45;30;25;20;45;200;228;100;300;200;225;100;300;200;0;100;300;200;0;100;300;30;33;20;45;30;29;20;45;30;26;20;45;30;28;20;45;200;243;100;300;200;241;100;300;200;0;100;300;200;0;100;300;4;2;0.4;6;4;5;0.4;6;4;2;0.4;6;4;6;0.4;6;4;2;0.4;6;4;5;0.4;6;4;2;0.4;6;4;6;0.4;6;NOK;NOK;OK;10000;10044;8000;11000;OK;8.67;0;8;12;NOK;N/A;1.95;N/A;N/A;N/A;9;11.2;7;18;OK;;0;0;0;-;Disabled;TempOk;1;230;116.2;0;0;0;349.9;441543200 volvo 589-1;441543200 volvo 589-1;441543200 volvo 589-1
20260331_20:52:36;26558;3;5;940;936.9;910;970;OK;940;941.6;910;970;OK;947.1;944.7;-20;-16.9;-50;-25;NOK;-20;-17.3;-50;-25;NOK;-18.7;-18.1;0;-20;-16.8;-50;-25;NOK;330;341;330;500;OK;0;0;N/A;N/A;N/A;N/A;N/A;N/A;N/A;N/A;N/A;N/A;N/A;N/A;N/A;N/A;N/A;N/A;N/A;N/A;N/A;N/A;N/A;N/A;N/A;N/A;N/A;N/A;N/A;N/A;N/A;N/A;N/A;N/A;N/A;N/A;N/A;N/A;N/A;N/A;N/A;N/A;N/A;N/A;N/A;N/A;N/A;N/A;N/A;N/A;N/A;N/A;N/A;N/A;N/A;N/A;N/A;N/A;N/A;N/A;N/A;N/A;N/A;N/A;N/A;N/A;N/A;N/A;N/A;N/A;N/A;N/A;N/A;N/A;N/A;N/A;N/A;N/A;N/A;N/A;N/A;N/A;N/A;N/A;N/A;N/A;N/A;N/A;N/A;N/A;N/A;N/A;N/A;N/A;N/A;N/A;N/A;N/A;N/A;N/A;;0;421.7;0;0;;Disabled;TempStop;1;700;425.3;0;0;0;549.9;449.9;Enabled;PosOk;1;0;0;0;0;0;15;Disabled;0;0;0;0;0;0;0;0;0;0;0;0;0;0;0;0;0;0;0;0;0;0;0;0;0;0;0;0;0;0;0;0;0;0;0;0;0;0;0;0;0;0;0;0;0;0;0;0;0;0;0;0;0;0;0;0;0;0;0;0;0;0;0;0;0;0;0;0;0;0;30;33;20;45;30;30;20;45;30;25;20;45;30;25;20;45;200;227;100;300;200;224;100;300;200;0;100;300;200;0;100;300;30;33;20;45;30;30;20;45;30;26;20;45;30;28;20;45;200;242;100;300;200;241;100;300;200;0;100;300;200;0;100;300;4;2;0.4;6;4;5;0.4;6;4;2;0.4;6;4;6;0.4;6;4;2;0.4;6;4;6;0.4;6;4;2;0.4;6;4;6;0.4;6;NOK;NOK;OK;10000;10040;8000;11000;OK;8.66;0;8;12;NOK;N/A;1.95;N/A;N/A;N/A;9;11.7;7;18;OK;;0;0;0;-;Disabled;TempOk;1;230;109.9;0;0;0;349.9;441543200 volvo 589-1;441543200 volvo 589-1;441543200 volvo 589-1
20260331_20:53:05;26559;2;2;940;938.2;910;970;OK;940;946.5;910;970;OK;947.4;945.7;-15;-18.1;-50;-20;NOK;-15;-17.6;-50;-20;NOK;-17;-17.2;0;-15;-18.1;-50;-20;NOK;330;341;330;500;OK;0;0;N/A;N/A;N/A;N/A;N/A;N/A;N/A;N/A;N/A;N/A;N/A;N/A;N/A;N/A;N/A;N/A;N/A;N/A;N/A;N/A;N/A;N/A;N/A;N/A;N/A;N/A;N/A;N/A;N/A;N/A;N/A;N/A;N/A;N/A;N/A;N/A;N/A;N/A;N/A;N/A;N/A;N/A;N/A;N/A;N/A;N/A;N/A;N/A;N/A;N/A;N/A;N/A;N/A;N/A;N/A;N/A;N/A;N/A;N/A;N/A;N/A;N/A;N/A;N/A;N/A;N/A;N/A;N/A;N/A;N/A;N/A;N/A;N/A;N/A;N/A;N/A;N/A;N/A;N/A;N/A;N/A;N/A;N/A;N/A;N/A;N/A;N/A;N/A;N/A;N/A;N/A;N/A;N/A;N/A;N/A;N/A;N/A;N/A;;0;418;0;0;;Disabled;TempStop;1;700;421.7;0;0;0;549.9;449.9;Enabled;PosOk;1;0;0;0;0;0;15;Disabled;0;0;0;0;0;0;0;0;0;0;0;0;0;0;0;0;0;0;0;0;0;0;0;0;0;0;0;0;0;0;0;0;0;0;0;0;0;0;0;0;0;0;0;0;0;0;0;0;0;0;0;0;0;0;0;0;0;0;0;0;0;0;0;0;0;0;0;0;0;0;30;33;20;45;30;30;20;45;30;25;20;45;30;25;20;45;200;228;100;300;200;224;100;300;200;0;100;300;200;0;100;300;30;33;20;45;30;30;20;45;30;26;20;45;30;28;20;45;200;242;100;300;200;240;100;300;200;0;100;300;200;0;100;300;4;2;0.4;6;4;5;0.4;6;4;2;0.4;6;4;6;0.4;6;4;2;0.4;6;4;6;0.4;6;4;2;0.4;6;4;6;0.4;6;NOK;NOK;OK;10000;10041;8000;11000;OK;8.66;0;8;12;NOK;N/A;1.95;N/A;N/A;N/A;9;11.1;7;18;OK;;0;0;0;-;Disabled;TempOk;1;230;109.5;0;0;0;349.9;441543200 volvo 589-1;441543200 volvo 589-1;441543200 volvo 589-1
20260331_20:53:34;26560;1;2;940;948.5;910;970;OK;940;945.7;910;970;OK;942.2;944.1;-20;-18.6;-50;-25;NOK;-20;-18.7;-50;-25;NOK;-17.3;-17.9;0;-20;-18.6;-50;-25;NOK;330;341;330;500;OK;0;0;N/A;N/A;N/A;N/A;N/A;N/A;N/A;N/A;N/A;N/A;N/A;N/A;N/A;N/A;N/A;N/A;N/A;N/A;N/A;N/A;N/A;N/A;N/A;N/A;N/A;N/A;N/A;N/A;N/A;N/A;N/A;N/A;N/A;N/A;N/A;N/A;N/A;N/A;N/A;N/A;N/A;N/A;N/A;N/A;N/A;N/A;N/A;N/A;N/A;N/A;N/A;N/A;N/A;N/A;N/A;N/A;N/A;N/A;N/A;N/A;N/A;N/A;N/A;N/A;N/A;N/A;N/A;N/A;N/A;N/A;N/A;N/A;N/A;N/A;N/A;N/A;N/A;N/A;N/A;N/A;N/A;N/A;N/A;N/A;N/A;N/A;N/A;N/A;N/A;N/A;N/A;N/A;N/A;N/A;N/A;N/A;N/A;N/A;;0;413.7;0;0;;Disabled;TempStop;1;700;416.7;0;0;0;549.9;449.9;Enabled;PosOk;1;0;0;0;0;0;15;Disabled;0;0;0;0;0;0;0;0;0;0;0;0;0;0;0;0;0;0;0;0;0;0;0;0;0;0;0;0;0;0;0;0;0;0;0;0;0;0;0;0;0;0;0;0;0;0;0;0;0;0;0;0;0;0;0;0;0;0;0;0;0;0;0;0;0;0;0;0;0;0;30;33;20;45;30;30;20;45;30;25;20;45;30;25;20;45;200;228;100;300;200;225;100;300;200;0;100;300;200;0;100;300;30;33;20;45;30;30;20;45;30;26;20;45;30;28;20;45;200;243;100;300;200;240;100;300;200;0;100;300;200;0;100;300;4;2;0.4;6;4;5;0.4;6;4;2;0.4;6;4;5;0.4;6;4;2;0.4;6;4;6;0.4;6;4;2;0.4;6;4;6;0.4;6;NOK;NOK;OK;10000;10029;8000;11000;OK;8.65;0;8;12;NOK;N/A;1.95;N/A;N/A;N/A;9;10.9;7;18;OK;;0;0;0;-;Disabled;TempOk;1;230;114.9;0;0;0;349.9;441543200 volvo 589-1;441543200 volvo 589-1;441543200 volvo 589-1
20260331_20:54:04;26561;4;2;940;953.6;910;970;OK;940;961.8;910;970;OK;960.5;961.1;-15;-19.4;-50;-5;OK;-15;-15.1;-50;-5;OK;-15;-15.1;0;-15;-19.4;-50;-5;OK;330;341;330;500;OK;264;264.46;N/A;N/A;N/A;N/A;N/A;N/A;N/A;N/A;N/A;N/A;N/A;N/A;N/A;N/A;N/A;N/A;N/A;N/A;N/A;N/A;N/A;N/A;N/A;N/A;N/A;N/A;N/A;N/A;N/A;N/A;N/A;N/A;N/A;N/A;N/A;N/A;N/A;N/A;N/A;N/A;N/A;N/A;N/A;N/A;N/A;N/A;N/A;N/A;N/A;N/A;N/A;N/A;N/A;N/A;N/A;N/A;N/A;N/A;N/A;N/A;N/A;N/A;N/A;N/A;N/A;N/A;N/A;N/A;N/A;N/A;N/A;N/A;N/A;N/A;N/A;N/A;N/A;N/A;N/A;N/A;N/A;N/A;N/A;N/A;N/A;N/A;N/A;N/A;N/A;N/A;N/A;N/A;N/A;N/A;N/A;N/A;N/A;N/A;;0;423.1;0;0;;Disabled;TempStop;1;700;426.1;0;0;0;549.9;449.9;Enabled;PosOk;1;0;0;0;0;0;15;Disabled;0;0;0;0;0;0;0;0;0;0;0;0;0;0;0;0;0;0;0;0;0;0;0;0;0;0;0;0;0;0;0;0;0;0;0;0;0;0;0;0;0;0;0;0;0;0;0;0;0;0;0;0;0;0;0;0;0;0;0;0;0;0;0;0;0;0;0;0;0;0;30;33;20;45;30;30;20;45;30;25;20;45;30;26;20;45;200;227;100;300;200;225;100;300;200;0;100;300;200;0;100;300;30;33;20;45;30;30;20;45;30;26;20;45;30;28;20;45;200;242;100;300;200;241;100;300;200;0;100;300;200;0;100;300;4;2;0.4;6;4;5;0.4;6;4;2;0.4;6;4;5;0.4;6;4;2;0.4;6;4;5;0.4;6;4;2;0.4;6;4;6;0.4;6;NOK;NOK;OK;10000;10044;8000;11000;OK;8.66;0;8;12;NOK;N/A;1.95;N/A;N/A;N/A;9;11.7;7;18;OK;;0;0;0;-;Disabled;TempOk;1;230;113.9;0;0;0;349.9;441543200 volvo 589-1;441543200 volvo 589-1;441543200 volvo 589-1
20260331_20:54:33;26562;1;3;940;951.8;910;970;OK;940;960.1;910;970;OK;959.8;959.9;-20;-17.7;-50;-25;NOK;-20;-18.9;-50;-25;NOK;-18.8;-19.7;0;-20;-17.5;-50;-25;NOK;330;341;330;500;OK;0;0;N/A;N/A;N/A;N/A;N/A;N/A;N/A;N/A;N/A;N/A;N/A;N/A;N/A;N/A;N/A;N/A;N/A;N/A;N/A;N/A;N/A;N/A;N/A;N/A;N/A;N/A;N/A;N/A;N/A;N/A;N/A;N/A;N/A;N/A;N/A;N/A;N/A;N/A;N/A;N/A;N/A;N/A;N/A;N/A;N/A;N/A;N/A;N/A;N/A;N/A;N/A;N/A;N/A;N/A;N/A;N/A;N/A;N/A;N/A;N/A;N/A;N/A;N/A;N/A;N/A;N/A;N/A;N/A;N/A;N/A;N/A;N/A;N/A;N/A;N/A;N/A;N/A;N/A;N/A;N/A;N/A;N/A;N/A;N/A;N/A;N/A;N/A;N/A;N/A;N/A;N/A;N/A;N/A;N/A;N/A;N/A;N/A;N/A;;0;428.4;0;0;;Disabled;TempStop;1;700;431.7;0;0;0;549.9;449.9;Enabled;PosOk;1;0;0;0;0;0;15;Disabled;0;0;0;0;0;0;0;0;0;0;0;0;0;0;0;0;0;0;0;0;0;0;0;0;0;0;0;0;0;0;0;0;0;0;0;0;0;0;0;0;0;0;0;0;0;0;0;0;0;0;0;0;0;0;0;0;0;0;0;0;0;0;0;0;0;0;0;0;54;4;30;33;20;45;30;29;20;45;30;25;20;45;30;25;20;45;200;227;100;300;200;224;100;300;200;0;100;300;200;0;100;300;30;33;20;45;30;29;20;45;30;26;20;45;30;28;20;45;200;242;100;300;200;240;100;300;200;0;100;300;200;0;100;300;4;2;0.4;6;4;5;0.4;6;4;2;0.4;6;4;5;0.4;6;4;2;0.4;6;4;6;0.4;6;4;2;0.4;6;4;6;0.4;6;NOK;NOK;OK;10000;10029;8000;11000;OK;8.64;0;8;12;NOK;N/A;1.95;N/A;N/A;N/A;9;10.9;7;18;OK;;0;0;0;-;Disabled;TempOk;1;230;113.5;0;0;0;349.9;441543200 volvo 589-1;441543200 volvo 589-1;441543200 volvo 589-1
20260331_20:55:03;26563;4;3;940;950.4;910;970;OK;940;958.7;910;970;OK;957.7;958.1;-15;-17.2;-50;-5;OK;-15;-16.4;-50;-5;OK;-16.1;-16.6;0;-15;-17;-50;-5;OK;330;341;330;500;OK;264.09;264.56;N/A;N/A;N/A;N/A;N/A;N/A;N/A;N/A;N/A;N/A;N/A;N/A;N/A;N/A;N/A;N/A;N/A;N/A;N/A;N/A;N/A;N/A;N/A;N/A;N/A;N/A;N/A;N/A;N/A;N/A;N/A;N/A;N/A;N/A;N/A;N/A;N/A;N/A;N/A;N/A;N/A;N/A;N/A;N/A;N/A;N/A;N/A;N/A;N/A;N/A;N/A;N/A;N/A;N/A;N/A;N/A;N/A;N/A;N/A;N/A;N/A;N/A;N/A;N/A;N/A;N/A;N/A;N/A;N/A;N/A;N/A;N/A;N/A;N/A;N/A;N/A;N/A;N/A;N/A;N/A;N/A;N/A;N/A;N/A;N/A;N/A;N/A;N/A;N/A;N/A;N/A;N/A;N/A;N/A;N/A;N/A;N/A;N/A;;0;428.2;0;0;;Disabled;TempStop;1;700;431.6;0;0;0;549.9;449.9;Enabled;PosOk;1;0;0;0;0;0;15;Disabled;0;0;0;0;0;0;0;0;0;0;0;0;0;0;0;0;0;0;0;0;0;0;0;0;0;0;0;0;0;0;0;0;0;0;0;0;0;0;0;0;0;0;0;0;0;0;0;0;0;0;0;0;0;0;0;0;0;0;0;0;0;0;0;0;0;0;0;0;0;0;30;33;20;45;30;29;20;45;30;25;20;45;30;26;20;45;200;227;100;300;200;225;100;300;200;0;100;300;200;0;100;300;30;33;20;45;30;29;20;45;30;26;20;45;30;28;20;45;200;242;100;300;200;240;100;300;200;0;100;300;200;0;100;300;4;2;0.4;6;4;5;0.4;6;4;2;0.4;6;4;5;0.4;6;4;2;0.4;6;4;5;0.4;6;4;2;0.4;6;4;6;0.4;6;NOK;NOK;OK;10000;10039;8000;11000;OK;8.65;0;8;12;NOK;N/A;1.95;N/A;N/A;N/A;9;11.7;7;18;OK;;0;0;0;-;Disabled;TempOk;1;230;106.7;0;0;0;349.9;441543200 volvo 589-1;441543200 volvo 589-1;441543200 volvo 589-1
20260331_20:55:32;26564;3;3;940;939.1;910;970;OK;940;949.1;910;970;OK;949.5;949.3;-20;-19.6;-50;-25;NOK;-20;-18.9;-50;-25;NOK;-18.3;-18.4;0;-20;-19.7;-50;-25;NOK;330;341;330;500;OK;0;0;N/A;N/A;N/A;N/A;N/A;N/A;N/A;N/A;N/A;N/A;N/A;N/A;N/A;N/A;N/A;N/A;N/A;N/A;N/A;N/A;N/A;N/A;N/A;N/A;N/A;N/A;N/A;N/A;N/A;N/A;N/A;N/A;N/A;N/A;N/A;N/A;N/A;N/A;N/A;N/A;N/A;N/A;N/A;N/A;N/A;N/A;N/A;N/A;N/A;N/A;N/A;N/A;N/A;N/A;N/A;N/A;N/A;N/A;N/A;N/A;N/A;N/A;N/A;N/A;N/A;N/A;N/A;N/A;N/A;N/A;N/A;N/A;N/A;N/A;N/A;N/A;N/A;N/A;N/A;N/A;N/A;N/A;N/A;N/A;N/A;N/A;N/A;N/A;N/A;N/A;N/A;N/A;N/A;N/A;N/A;N/A;N/A;N/A;;0;412.8;0;0;;Disabled;TempStop;1;700;415.5;0;0;0;549.9;449.9;Enabled;PosOk;1;0;0;0;0;0;15;Disabled;0;0;0;0;0;0;0;0;0;0;0;0;0;0;0;0;0;0;0;0;0;0;0;0;0;0;0;0;0;0;0;0;0;0;0;0;0;0;0;0;0;0;0;0;0;0;0;0;0;0;0;0;0;0;0;0;0;0;0;0;0;0;0;0;0;0;0;0;0;0;30;33;20;45;30;30;20;45;30;25;20;45;30;26;20;45;200;227;100;300;200;224;100;300;200;0;100;300;200;1;100;300;30;33;20;45;30;30;20;45;30;26;20;45;30;28;20;45;200;242;100;300;200;240;100;300;200;0;100;300;200;0;100;300;4;2;0.4;6;4;5;0.4;6;4;2;0.4;6;4;6;0.4;6;4;2;0.4;6;4;6;0.4;6;4;2;0.4;6;4;6;0.4;6;NOK;NOK;OK;10000;10035;8000;11000;OK;8.66;0;8;12;NOK;N/A;1.95;N/A;N/A;N/A;9;11.7;7;18;OK;;0;0;0;-;Disabled;TempOk;1;230;116.1;0;0;0;349.9;441543200 volvo 589-1;441543200 volvo 589-1;441543200 volvo 589-1
20260331_20:56:02;26565;2;4;940;937.6;910;970;OK;940;948;910;970;OK;948;947.9;-15;-19.2;-50;-20;NOK;-15;-19;-50;-20;NOK;-18.4;-18.6;0;-15;-19.2;-50;-20;NOK;330;341;330;500;OK;0;0;N/A;N/A;N/A;N/A;N/A;N/A;N/A;N/A;N/A;N/A;N/A;N/A;N/A;N/A;N/A;N/A;N/A;N/A;N/A;N/A;N/A;N/A;N/A;N/A;N/A;N/A;N/A;N/A;N/A;N/A;N/A;N/A;N/A;N/A;N/A;N/A;N/A;N/A;N/A;N/A;N/A;N/A;N/A;N/A;N/A;N/A;N/A;N/A;N/A;N/A;N/A;N/A;N/A;N/A;N/A;N/A;N/A;N/A;N/A;N/A;N/A;N/A;N/A;N/A;N/A;N/A;N/A;N/A;N/A;N/A;N/A;N/A;N/A;N/A;N/A;N/A;N/A;N/A;N/A;N/A;N/A;N/A;N/A;N/A;N/A;N/A;N/A;N/A;N/A;N/A;N/A;N/A;N/A;N/A;N/A;N/A;N/A;N/A;;0;426.8;0;0;;Disabled;TempStop;1;700;430;0;0;0;549.9;449.9;Enabled;PosOk;1;0;0;0;0;0;15;Disabled;0;0;0;0;0;0;0;0;0;0;0;0;0;0;0;0;0;0;0;0;0;0;0;0;0;0;0;0;0;0;0;0;0;0;0;0;0;0;0;0;0;0;0;0;0;0;0;0;0;0;0;0;0;0;0;0;0;0;0;0;0;0;0;0;0;0;0;0;0;0;30;33;20;45;30;30;20;45;30;25;20;45;30;25;20;45;200;227;100;300;200;224;100;300;200;0;100;300;200;0;100;300;30;33;20;45;30;30;20;45;30;26;20;45;30;28;20;45;200;242;100;300;200;240;100;300;200;0;100;300;200;0;100;300;4;2;0.4;6;4;5;0.4;6;4;2;0.4;6;4;5;0.4;6;4;2;0.4;6;4;6;0.4;6;4;2;0.4;6;4;6;0.4;6;NOK;NOK;OK;10000;10047;8000;11000;OK;8.66;0;8;12;NOK;N/A;1.95;N/A;N/A;N/A;9;11.7;7;18;OK;;0;0;0;-;Disabled;TempOk;1;230;115.9;0;0;0;349.9;441543200 volvo 589-1;441543200 volvo 589-1;441543200 volvo 589-1
20260331_20:56:31;26566;1;4;940;936.4;910;970;OK;940;944;910;970;OK;945.3;944.6;-20;-11.8;-50;-25;NOK;-20;-11.8;-50;-25;NOK;-16.6;-14.1;0;-20;-11.8;-50;-25;NOK;330;341;330;500;OK;0;0;N/A;N/A;N/A;N/A;N/A;N/A;N/A;N/A;N/A;N/A;N/A;N/A;N/A;N/A;N/A;N/A;N/A;N/A;N/A;N/A;N/A;N/A;N/A;N/A;N/A;N/A;N/A;N/A;N/A;N/A;N/A;N/A;N/A;N/A;N/A;N/A;N/A;N/A;N/A;N/A;N/A;N/A;N/A;N/A;N/A;N/A;N/A;N/A;N/A;N/A;N/A;N/A;N/A;N/A;N/A;N/A;N/A;N/A;N/A;N/A;N/A;N/A;N/A;N/A;N/A;N/A;N/A;N/A;N/A;N/A;N/A;N/A;N/A;N/A;N/A;N/A;N/A;N/A;N/A;N/A;N/A;N/A;N/A;N/A;N/A;N/A;N/A;N/A;N/A;N/A;N/A;N/A;N/A;N/A;N/A;N/A;N/A;N/A;;0;428.4;0;0;;Disabled;TempStop;1;700;431.7;0;0;0;549.9;449.9;Enabled;PosOk;1;0;0;0;0;0;15;Disabled;0;0;0;0;0;0;0;0;0;0;0;0;0;0;0;0;0;0;0;0;0;0;0;0;0;0;0;0;0;0;0;0;0;0;0;0;0;0;0;0;0;0;0;0;0;0;0;0;0;0;0;0;0;0;0;0;0;0;0;0;0;0;0;0;0;0;0;0;56;2;30;33;20;45;30;30;20;45;30;26;20;45;30;25;20;45;200;227;100;300;200;224;100;300;200;0;100;300;200;0;100;300;30;33;20;45;30;30;20;45;30;26;20;45;30;28;20;45;200;243;100;300;200;241;100;300;200;0;100;300;200;0;100;300;4;2;0.4;6;4;5;0.4;6;4;2;0.4;6;4;5;0.4;6;4;2;0.4;6;4;6;0.4;6;4;2;0.4;6;4;6;0.4;6;NOK;NOK;OK;10000;10055;8000;11000;OK;8.66;0;8;12;NOK;N/A;1.95;N/A;N/A;N/A;9;11.3;7;18;OK;;0;0;0;-;Disabled;TempOk;1;230;113.8;0;0;0;349.9;441543200 volvo 589-1;441543200 volvo 589-1;441543200 volvo 589-1
20260331_20:57:00;26567;4;4;940;932.5;910;970;OK;940;953.9;910;970;OK;953.3;953.6;-15;-9.1;-50;-5;OK;-15;-8;-50;-5;OK;-11.1;-7.1;0;-15;-9.3;-50;-5;OK;330;341;330;500;OK;264.26;264.72;N/A;N/A;N/A;N/A;N/A;N/A;N/A;N/A;N/A;N/A;N/A;N/A;N/A;N/A;N/A;N/A;N/A;N/A;N/A;N/A;N/A;N/A;N/A;N/A;N/A;N/A;N/A;N/A;N/A;N/A;N/A;N/A;N/A;N/A;N/A;N/A;N/A;N/A;N/A;N/A;N/A;N/A;N/A;N/A;N/A;N/A;N/A;N/A;N/A;N/A;N/A;N/A;N/A;N/A;N/A;N/A;N/A;N/A;N/A;N/A;N/A;N/A;N/A;N/A;N/A;N/A;N/A;N/A;N/A;N/A;N/A;N/A;N/A;N/A;N/A;N/A;N/A;N/A;N/A;N/A;N/A;N/A;N/A;N/A;N/A;N/A;N/A;N/A;N/A;N/A;N/A;N/A;N/A;N/A;N/A;N/A;N/A;N/A;;0;423.1;0;0;;Disabled;TempStop;1;700;426.2;0;0;0;549.9;449.9;Enabled;PosOk;1;0;0;0;0;0;15;Disabled;0;0;0;0;0;0;0;0;0;0;0;0;0;0;0;0;0;0;0;0;0;0;0;0;0;0;0;0;0;0;0;0;0;0;0;0;0;0;0;0;0;0;0;0;0;0;0;0;0;0;0;0;0;0;0;0;0;0;0;0;0;0;0;0;0;0;0;0;0;0;30;33;20;45;30;30;20;45;30;25;20;45;30;25;20;45;200;227;100;300;200;224;100;300;200;0;100;300;200;0;100;300;30;33;20;45;30;30;20;45;30;26;20;45;30;28;20;45;200;242;100;300;200;240;100;300;200;0;100;300;200;0;100;300;4;2;0.4;6;4;5;0.4;6;4;2;0.4;6;4;5;0.4;6;4;2;0.4;6;4;6;0.4;6;4;2;0.4;6;4;6;0.4;6;NOK;NOK;OK;10000;10043;8000;11000;OK;8.65;0;8;12;NOK;N/A;1.95;N/A;N/A;N/A;9;11.6;7;18;OK;;0;0;0;-;Disabled;TempOk;1;230;118.4;0;0;0;349.9;441543200 volvo 589-1;441543200 volvo 589-1;441543200 volvo 589-1
20260331_20:57:30;26568;3;4;940;933.9;910;970;OK;940;944.6;910;970;OK;945.1;944.7;-20;-14;-50;-25;NOK;-20;-15.3;-50;-25;NOK;-20;-18.5;0;-20;-14;-50;-25;NOK;330;341;330;500;OK;0;0;N/A;N/A;N/A;N/A;N/A;N/A;N/A;N/A;N/A;N/A;N/A;N/A;N/A;N/A;N/A;N/A;N/A;N/A;N/A;N/A;N/A;N/A;N/A;N/A;N/A;N/A;N/A;N/A;N/A;N/A;N/A;N/A;N/A;N/A;N/A;N/A;N/A;N/A;N/A;N/A;N/A;N/A;N/A;N/A;N/A;N/A;N/A;N/A;N/A;N/A;N/A;N/A;N/A;N/A;N/A;N/A;N/A;N/A;N/A;N/A;N/A;N/A;N/A;N/A;N/A;N/A;N/A;N/A;N/A;N/A;N/A;N/A;N/A;N/A;N/A;N/A;N/A;N/A;N/A;N/A;N/A;N/A;N/A;N/A;N/A;N/A;N/A;N/A;N/A;N/A;N/A;N/A;N/A;N/A;N/A;N/A;N/A;N/A;;0;422.9;0;0;;Disabled;TempStop;1;700;425.8;0;0;0;549.9;449.9;Enabled;PosOk;1;0;0;0;0;0;15;Disabled;0;0;0;0;0;0;0;0;0;0;0;0;0;0;0;0;0;0;0;0;0;0;0;0;0;0;0;0;0;0;0;0;0;0;0;0;0;0;0;0;0;0;0;0;0;0;0;0;0;0;0;0;0;0;0;0;0;0;0;0;0;0;0;0;0;0;0;0;0;0;30;33;20;45;30;30;20;45;30;25;20;45;30;25;20;45;200;227;100;300;200;224;100;300;200;0;100;300;200;0;100;300;30;33;20;45;30;30;20;45;30;26;20;45;30;27;20;45;200;243;100;300;200;240;100;300;200;0;100;300;200;0;100;300;4;2;0.4;6;4;5;0.4;6;4;2;0.4;6;4;6;0.4;6;4;2;0.4;6;4;5;0.4;6;4;2;0.4;6;4;6;0.4;6;NOK;NOK;OK;10000;10053;8000;11000;OK;8.66;0;8;12;NOK;N/A;1.95;N/A;N/A;N/A;9;11.7;7;18;OK;;0;0;0;-;Disabled;TempOk;1;230;111.5;0;0;0;349.9;441543200 volvo 589-1;441543200 volvo 589-1;441543200 volvo 589-1
20260331_20:57:59;26569;2;5;940;932.3;910;970;OK;940;940.9;910;970;OK;943.9;941.6;-15;-15;-50;-20;NOK;-15;-15.4;-50;-20;NOK;-15.3;-15.6;0;-15;-15;-50;-20;NOK;330;341;330;500;OK;0;0;N/A;N/A;N/A;N/A;N/A;N/A;N/A;N/A;N/A;N/A;N/A;N/A;N/A;N/A;N/A;N/A;N/A;N/A;N/A;N/A;N/A;N/A;N/A;N/A;N/A;N/A;N/A;N/A;N/A;N/A;N/A;N/A;N/A;N/A;N/A;N/A;N/A;N/A;N/A;N/A;N/A;N/A;N/A;N/A;N/A;N/A;N/A;N/A;N/A;N/A;N/A;N/A;N/A;N/A;N/A;N/A;N/A;N/A;N/A;N/A;N/A;N/A;N/A;N/A;N/A;N/A;N/A;N/A;N/A;N/A;N/A;N/A;N/A;N/A;N/A;N/A;N/A;N/A;N/A;N/A;N/A;N/A;N/A;N/A;N/A;N/A;N/A;N/A;N/A;N/A;N/A;N/A;N/A;N/A;N/A;N/A;N/A;N/A;;0;414.5;0;0;;Disabled;TempStop;1;700;417.7;0;0;0;549.9;449.9;Enabled;PosOk;1;0;0;0;0;0;15;Disabled;0;0;0;0;0;0;0;0;0;0;0;0;0;0;0;0;0;0;0;0;0;0;0;0;0;0;0;0;0;0;0;0;0;0;0;0;0;0;0;0;0;0;0;0;0;0;0;0;0;0;0;0;0;0;0;0;0;0;0;0;0;0;0;0;0;0;0;0;0;0;30;33;20;45;30;29;20;45;30;25;20;45;30;25;20;45;200;227;100;300;200;225;100;300;200;0;100;300;200;0;100;300;30;33;20;45;30;29;20;45;30;26;20;45;30;28;20;45;200;242;100;300;200;240;100;300;200;0;100;300;200;0;100;300;4;2;0.4;6;4;5;0.4;6;4;2;0.4;6;4;5;0.4;6;4;2;0.4;6;4;6;0.4;6;4;2;0.4;6;4;6;0.4;6;NOK;NOK;OK;10000;10016;8000;11000;OK;8.63;0;8;12;NOK;N/A;1.95;N/A;N/A;N/A;9;11.6;7;18;OK;;0;0;0;-;Disabled;TempOk;1;230;114.4;0;0;0;349.9;441543200 volvo 589-1;441543200 volvo 589-1;441543200 volvo 589-1
20260331_20:58:29;26570;3;5;940;937.2;910;970;OK;940;945.4;910;970;OK;949.3;947.6;-20;-16.7;-50;-25;NOK;-20;-17.4;-50;-25;NOK;-18.4;-18;0;-20;-16.6;-50;-25;NOK;330;341;330;500;OK;0;0;N/A;N/A;N/A;N/A;N/A;N/A;N/A;N/A;N/A;N/A;N/A;N/A;N/A;N/A;N/A;N/A;N/A;N/A;N/A;N/A;N/A;N/A;N/A;N/A;N/A;N/A;N/A;N/A;N/A;N/A;N/A;N/A;N/A;N/A;N/A;N/A;N/A;N/A;N/A;N/A;N/A;N/A;N/A;N/A;N/A;N/A;N/A;N/A;N/A;N/A;N/A;N/A;N/A;N/A;N/A;N/A;N/A;N/A;N/A;N/A;N/A;N/A;N/A;N/A;N/A;N/A;N/A;N/A;N/A;N/A;N/A;N/A;N/A;N/A;N/A;N/A;N/A;N/A;N/A;N/A;N/A;N/A;N/A;N/A;N/A;N/A;N/A;N/A;N/A;N/A;N/A;N/A;N/A;N/A;N/A;N/A;N/A;N/A;;0;426.5;0;0;;Disabled;TempStop;1;700;429.4;0;0;0;549.9;449.9;Enabled;PosOk;1;0;0;0;0;0;15;Disabled;0;0;0;0;0;0;0;0;0;0;0;0;0;0;0;0;0;0;0;0;0;0;0;0;0;0;0;0;0;0;0;0;0;0;0;0;0;0;0;0;0;0;0;0;0;0;0;0;0;0;0;0;0;0;0;0;0;0;0;0;0;0;0;0;0;0;0;0;0;0;30;33;20;45;30;29;20;45;30;26;20;45;30;25;20;45;200;227;100;300;200;224;100;300;200;1;100;300;200;0;100;300;30;33;20;45;30;29;20;45;30;26;20;45;30;28;20;45;200;243;100;300;200;241;100;300;200;0;100;300;200;0;100;300;4;2;0.4;6;4;5;0.4;6;4;2;0.4;6;4;5;0.4;6;4;2;0.4;6;4;6;0.4;6;4;2;0.4;6;4;5;0.4;6;NOK;NOK;OK;10000;10039;8000;11000;OK;8.66;0;8;12;NOK;N/A;1.95;N/A;N/A;N/A;9;11.6;7;18;OK;;0;0;0;-;Disabled;TempOk;1;230;112.1;0;0;0;349.9;441543200 volvo 589-1;441543200 volvo 589-1;441543200 volvo 589-1
20260331_20:58:58;26571;2;2;940;937.8;910;970;OK;940;946.8;910;970;OK;947.6;945.8;-15;-17.7;-50;-20;NOK;-15;-17.7;-50;-20;NOK;-17.1;-17.3;0;-15;-17.7;-50;-20;NOK;330;341;330;500;OK;0;0;N/A;N/A;N/A;N/A;N/A;N/A;N/A;N/A;N/A;N/A;N/A;N/A;N/A;N/A;N/A;N/A;N/A;N/A;N/A;N/A;N/A;N/A;N/A;N/A;N/A;N/A;N/A;N/A;N/A;N/A;N/A;N/A;N/A;N/A;N/A;N/A;N/A;N/A;N/A;N/A;N/A;N/A;N/A;N/A;N/A;N/A;N/A;N/A;N/A;N/A;N/A;N/A;N/A;N/A;N/A;N/A;N/A;N/A;N/A;N/A;N/A;N/A;N/A;N/A;N/A;N/A;N/A;N/A;N/A;N/A;N/A;N/A;N/A;N/A;N/A;N/A;N/A;N/A;N/A;N/A;N/A;N/A;N/A;N/A;N/A;N/A;N/A;N/A;N/A;N/A;N/A;N/A;N/A;N/A;N/A;N/A;N/A;N/A;;0;421.1;0;0;;Disabled;TempStop;1;700;424;0;0;0;549.9;449.9;Enabled;PosOk;1;0;0;0;0;0;15;Disabled;0;0;0;0;0;0;0;0;0;0;0;0;0;0;0;0;0;0;0;0;0;0;0;0;0;0;0;0;0;0;0;0;0;0;0;0;0;0;0;0;0;0;0;0;0;0;0;0;0;0;0;0;0;0;0;0;0;0;0;0;0;0;0;0;0;0;0;0;0;0;30;33;20;45;30;29;20;45;30;26;20;45;30;25;20;45;200;227;100;300;200;224;100;300;200;0;100;300;200;0;100;300;30;33;20;45;30;30;20;45;30;26;20;45;30;28;20;45;200;242;100;300;200;240;100;300;200;0;100;300;200;1;100;300;4;2;0.4;6;4;5;0.4;6;4;2;0.4;6;4;5;0.4;6;4;2;0.4;6;4;6;0.4;6;4;2;0.4;6;4;6;0.4;6;NOK;NOK;OK;10000;10030;8000;11000;OK;8.64;0;8;12;NOK;N/A;1.95;N/A;N/A;N/A;9;11.7;7;18;OK;;0;0;0;-;Disabled;TempOk;1;230;108;0;0;0;349.9;441543200 volvo 589-1;441543200 volvo 589-1;441543200 volvo 589-1
20260331_20:59:28;26572;1;2;940;938.5;910;970;OK;940;938.3;910;970;OK;934.2;936.4;-20;-18.8;-50;-25;NOK;-20;-19;-50;-25;NOK;-17.6;-18.2;0;-20;-18.9;-50;-25;NOK;330;341;330;500;OK;0;0;N/A;N/A;N/A;N/A;N/A;N/A;N/A;N/A;N/A;N/A;N/A;N/A;N/A;N/A;N/A;N/A;N/A;N/A;N/A;N/A;N/A;N/A;N/A;N/A;N/A;N/A;N/A;N/A;N/A;N/A;N/A;N/A;N/A;N/A;N/A;N/A;N/A;N/A;N/A;N/A;N/A;N/A;N/A;N/A;N/A;N/A;N/A;N/A;N/A;N/A;N/A;N/A;N/A;N/A;N/A;N/A;N/A;N/A;N/A;N/A;N/A;N/A;N/A;N/A;N/A;N/A;N/A;N/A;N/A;N/A;N/A;N/A;N/A;N/A;N/A;N/A;N/A;N/A;N/A;N/A;N/A;N/A;N/A;N/A;N/A;N/A;N/A;N/A;N/A;N/A;N/A;N/A;N/A;N/A;N/A;N/A;N/A;N/A;;0;427.2;0;0;;Disabled;TempStop;1;700;430.2;0;0;0;549.9;449.9;Enabled;PosOk;1;0;0;0;0;0;15;Disabled;0;0;0;0;0;0;0;0;0;0;0;0;0;0;0;0;0;0;0;0;0;0;0;0;0;0;0;0;0;0;0;0;0;0;0;0;0;0;0;0;0;0;0;0;0;0;0;0;0;0;0;0;0;0;0;0;0;0;0;0;0;0;0;0;0;0;0;0;0;0;30;33;20;45;30;30;20;45;30;26;20;45;30;25;20;45;200;227;100;300;200;225;100;300;200;0;100;300;200;0;100;300;30;33;20;45;30;30;20;45;30;26;20;45;30;28;20;45;200;243;100;300;200;240;100;300;200;0;100;300;200;0;100;300;4;2;0.4;6;4;5;0.4;6;4;2;0.4;6;4;6;0.4;6;4;2;0.4;6;4;5;0.4;6;4;2;0.4;6;4;6;0.4;6;NOK;NOK;OK;10000;10024;8000;11000;OK;8.64;0;8;12;NOK;N/A;1.95;N/A;N/A;N/A;9;11.3;7;18;OK;;0;0;0;-;Disabled;TempOk;1;230;113.9;0;0;0;349.9;441543200 volvo 589-1;441543200 volvo 589-1;441543200 volvo 589-1
20260331_20:59:57;26573;4;2;940;954.6;910;970;OK;940;962.6;910;970;OK;961.6;962.2;-15;-15.2;-50;-5;OK;-15;-13.7;-50;-5;OK;-14.8;-14.3;0;-15;-15.2;-50;-5;OK;330;341;330;500;OK;264.48;264.93;N/A;N/A;N/A;N/A;N/A;N/A;N/A;N/A;N/A;N/A;N/A;N/A;N/A;N/A;N/A;N/A;N/A;N/A;N/A;N/A;N/A;N/A;N/A;N/A;N/A;N/A;N/A;N/A;N/A;N/A;N/A;N/A;N/A;N/A;N/A;N/A;N/A;N/A;N/A;N/A;N/A;N/A;N/A;N/A;N/A;N/A;N/A;N/A;N/A;N/A;N/A;N/A;N/A;N/A;N/A;N/A;N/A;N/A;N/A;N/A;N/A;N/A;N/A;N/A;N/A;N/A;N/A;N/A;N/A;N/A;N/A;N/A;N/A;N/A;N/A;N/A;N/A;N/A;N/A;N/A;N/A;N/A;N/A;N/A;N/A;N/A;N/A;N/A;N/A;N/A;N/A;N/A;N/A;N/A;N/A;N/A;N/A;N/A;;0;428.2;0;0;;Disabled;TempStop;1;700;431.5;0;0;0;549.9;449.9;Enabled;PosOk;1;0;0;0;0;0;15;Disabled;0;0;0;0;0;0;0;0;0;0;0;0;0;0;0;0;0;0;0;0;0;0;0;0;0;0;0;0;0;0;0;0;0;0;0;0;0;0;0;0;0;0;0;0;0;0;0;0;0;0;0;0;0;0;0;0;0;0;0;0;0;0;0;0;0;0;0;0;0;0;30;33;20;45;30;30;20;45;30;25;20;45;30;25;20;45;200;227;100;300;200;224;100;300;200;0;100;300;200;0;100;300;30;33;20;45;30;30;20;45;30;26;20;45;30;28;20;45;200;242;100;300;200;240;100;300;200;0;100;300;200;0;100;300;4;2;0.4;6;4;5;0.4;6;4;2;0.4;6;4;6;0.4;6;4;2;0.4;6;4;6;0.4;6;4;2;0.4;6;4;6;0.4;6;NOK;NOK;OK;10000;10036;8000;11000;OK;8.65;0;8;12;NOK;N/A;1.95;N/A;N/A;N/A;9;11.7;7;18;OK;;0;0;0;-;Disabled;TempOk;1;230;110.4;0;0;0;349.9;441543200 volvo 589-1;441543200 volvo 589-1;441543200 volvo 589-1
20260331_21:00:26;26574;1;3;940;951.8;910;970;OK;940;960.3;910;970;OK;959.8;959.9;-20;-17.9;-50;-25;NOK;-20;-19;-50;-25;NOK;-19;-19.9;0;-20;-17.7;-50;-25;NOK;330;341;330;500;OK;0;0;N/A;N/A;N/A;N/A;N/A;N/A;N/A;N/A;N/A;N/A;N/A;N/A;N/A;N/A;N/A;N/A;N/A;N/A;N/A;N/A;N/A;N/A;N/A;N/A;N/A;N/A;N/A;N/A;N/A;N/A;N/A;N/A;N/A;N/A;N/A;N/A;N/A;N/A;N/A;N/A;N/A;N/A;N/A;N/A;N/A;N/A;N/A;N/A;N/A;N/A;N/A;N/A;N/A;N/A;N/A;N/A;N/A;N/A;N/A;N/A;N/A;N/A;N/A;N/A;N/A;N/A;N/A;N/A;N/A;N/A;N/A;N/A;N/A;N/A;N/A;N/A;N/A;N/A;N/A;N/A;N/A;N/A;N/A;N/A;N/A;N/A;N/A;N/A;N/A;N/A;N/A;N/A;N/A;N/A;N/A;N/A;N/A;N/A;;0;435.2;0;0;;Disabled;TempStop;1;700;438;0;0;0;549.9;449.9;Enabled;PosOk;1;0;0;0;0;0;15;Disabled;0;0;0;0;0;0;0;0;0;0;0;0;0;0;0;0;0;0;0;0;0;0;0;0;0;0;0;0;0;0;0;0;0;0;0;0;0;0;0;0;0;0;0;0;0;0;0;0;0;0;0;0;0;0;0;0;0;0;0;0;0;0;0;0;0;0;0;0;59;57;30;33;20;45;30;30;20;45;30;26;20;45;30;25;20;45;200;227;100;300;200;224;100;300;200;0;100;300;200;0;100;300;30;33;20;45;30;30;20;45;30;26;20;45;30;28;20;45;200;242;100;300;200;240;100;300;200;0;100;300;200;0;100;300;4;2;0.4;6;4;5;0.4;6;4;2;0.4;6;4;5;0.4;6;4;2;0.4;6;4;6;0.4;6;4;2;0.4;6;4;6;0.4;6;NOK;NOK;OK;10000;10040;8000;11000;OK;8.64;0;8;12;NOK;N/A;1.95;N/A;N/A;N/A;9;11.3;7;18;OK;;0;0;0;-;Disabled;TempOk;1;230;112.5;0;0;0;349.9;441543200 volvo 589-1;441543200 volvo 589-1;441543200 volvo 589-1
20260331_21:00:56;26575;4;3;940;951.6;910;970;OK;940;960.1;910;970;OK;958.9;959.4;-15;-15.7;-50;-5;OK;-15;-14.9;-50;-5;OK;-14.9;-15.2;0;-15;-15.5;-50;-5;OK;330;341;330;500;OK;264.58;265.04;N/A;N/A;N/A;N/A;N/A;N/A;N/A;N/A;N/A;N/A;N/A;N/A;N/A;N/A;N/A;N/A;N/A;N/A;N/A;N/A;N/A;N/A;N/A;N/A;N/A;N/A;N/A;N/A;N/A;N/A;N/A;N/A;N/A;N/A;N/A;N/A;N/A;N/A;N/A;N/A;N/A;N/A;N/A;N/A;N/A;N/A;N/A;N/A;N/A;N/A;N/A;N/A;N/A;N/A;N/A;N/A;N/A;N/A;N/A;N/A;N/A;N/A;N/A;N/A;N/A;N/A;N/A;N/A;N/A;N/A;N/A;N/A;N/A;N/A;N/A;N/A;N/A;N/A;N/A;N/A;N/A;N/A;N/A;N/A;N/A;N/A;N/A;N/A;N/A;N/A;N/A;N/A;N/A;N/A;N/A;N/A;N/A;N/A;;0;421.8;0;0;;Disabled;TempStop;1;700;424.6;0;0;0;549.9;449.9;Enabled;PosOk;1;0;0;0;0;0;15;Disabled;0;0;0;0;0;0;0;0;0;0;0;0;0;0;0;0;0;0;0;0;0;0;0;0;0;0;0;0;0;0;0;0;0;0;0;0;0;0;0;0;0;0;0;0;0;0;0;0;0;0;0;0;0;0;0;0;0;0;0;0;0;0;0;0;0;0;0;0;0;0;30;33;20;45;30;30;20;45;30;26;20;45;30;25;20;45;200;227;100;300;200;224;100;300;200;0;100;300;200;0;100;300;30;33;20;45;30;30;20;45;30;26;20;45;30;28;20;45;200;243;100;300;200;241;100;300;200;0;100;300;200;0;100;300;4;2;0.4;6;4;5;0.4;6;4;2;0.4;6;4;5;0.4;6;4;2;0.4;6;4;6;0.4;6;4;2;0.4;6;4;6;0.4;6;NOK;NOK;OK;10000;10037;8000;11000;OK;8.64;0;8;12;NOK;N/A;1.95;N/A;N/A;N/A;9;11.7;7;18;OK;;0;0;0;-;Disabled;TempOk;1;230;115.6;0;0;0;349.9;441543200 volvo 589-1;441543200 volvo 589-1;441543200 volvo 589-1
20260331_21:01:25;26576;3;3;940;941.2;910;970;OK;940;951;910;970;OK;951;950.9;-20;-19;-50;-25;NOK;-20;-18.5;-50;-25;NOK;-17.8;-18;0;-20;-19.1;-50;-25;NOK;330;341;330;500;OK;0;0;N/A;N/A;N/A;N/A;N/A;N/A;N/A;N/A;N/A;N/A;N/A;N/A;N/A;N/A;N/A;N/A;N/A;N/A;N/A;N/A;N/A;N/A;N/A;N/A;N/A;N/A;N/A;N/A;N/A;N/A;N/A;N/A;N/A;N/A;N/A;N/A;N/A;N/A;N/A;N/A;N/A;N/A;N/A;N/A;N/A;N/A;N/A;N/A;N/A;N/A;N/A;N/A;N/A;N/A;N/A;N/A;N/A;N/A;N/A;N/A;N/A;N/A;N/A;N/A;N/A;N/A;N/A;N/A;N/A;N/A;N/A;N/A;N/A;N/A;N/A;N/A;N/A;N/A;N/A;N/A;N/A;N/A;N/A;N/A;N/A;N/A;N/A;N/A;N/A;N/A;N/A;N/A;N/A;N/A;N/A;N/A;N/A;N/A;;0;419.3;0;0;;Disabled;TempStop;1;700;422.2;0;0;0;549.9;449.9;Enabled;PosOk;1;0;0;0;0;0;15;Disabled;0;0;0;0;0;0;0;0;0;0;0;0;0;0;0;0;0;0;0;0;0;0;0;0;0;0;0;0;0;0;0;0;0;0;0;0;0;0;0;0;0;0;0;0;0;0;0;0;0;0;0;0;0;0;0;0;0;0;0;0;0;0;0;0;0;0;0;0;0;0;30;33;20;45;30;29;20;45;30;26;20;45;30;25;20;45;200;227;100;300;200;224;100;300;200;0;100;300;200;0;100;300;30;33;20;45;30;29;20;45;30;26;20;45;30;28;20;45;200;242;100;300;200;240;100;300;200;0;100;300;200;0;100;300;4;2;0.4;6;4;5;0.4;6;4;2;0.4;6;4;6;0.4;6;4;2;0.4;6;4;5;0.4;6;4;2;0.4;6;4;6;0.4;6;NOK;NOK;OK;10000;10038;8000;11000;OK;8.65;0;8;12;NOK;N/A;1.95;N/A;N/A;N/A;9;11.6;7;18;OK;;0;0;0;-;Disabled;TempOk;1;230;112.5;0;0;0;349.9;441543200 volvo 589-1;441543200 volvo 589-1;441543200 volvo 589-1
20260331_21:01:55;26577;2;4;940;939.6;910;970;OK;940;949.6;910;970;OK;949.4;949.4;-15;-19;-50;-20;NOK;-15;-18.7;-50;-20;NOK;-18.1;-18.4;0;-15;-19.1;-50;-20;NOK;330;341;330;500;OK;0;0;N/A;N/A;N/A;N/A;N/A;N/A;N/A;N/A;N/A;N/A;N/A;N/A;N/A;N/A;N/A;N/A;N/A;N/A;N/A;N/A;N/A;N/A;N/A;N/A;N/A;N/A;N/A;N/A;N/A;N/A;N/A;N/A;N/A;N/A;N/A;N/A;N/A;N/A;N/A;N/A;N/A;N/A;N/A;N/A;N/A;N/A;N/A;N/A;N/A;N/A;N/A;N/A;N/A;N/A;N/A;N/A;N/A;N/A;N/A;N/A;N/A;N/A;N/A;N/A;N/A;N/A;N/A;N/A;N/A;N/A;N/A;N/A;N/A;N/A;N/A;N/A;N/A;N/A;N/A;N/A;N/A;N/A;N/A;N/A;N/A;N/A;N/A;N/A;N/A;N/A;N/A;N/A;N/A;N/A;N/A;N/A;N/A;N/A;;0;422.7;0;0;;Disabled;TempStop;1;700;425.7;0;0;0;549.9;449.9;Enabled;PosOk;1;0;0;0;0;0;15;Disabled;0;0;0;0;0;0;0;0;0;0;0;0;0;0;0;0;0;0;0;0;0;0;0;0;0;0;0;0;0;0;0;0;0;0;0;0;0;0;0;0;0;0;0;0;0;0;0;0;0;0;0;0;0;0;0;0;0;0;0;0;0;0;0;0;0;0;0;0;0;0;30;33;20;45;30;29;20;45;30;26;20;45;30;25;20;45;200;227;100;300;200;224;100;300;200;0;100;300;200;0;100;300;30;33;20;45;30;29;20;45;30;26;20;45;30;28;20;45;200;242;100;300;200;240;100;300;200;0;100;300;200;0;100;300;4;2;0.4;6;4;5;0.4;6;4;2;0.4;6;4;5;0.4;6;4;2;0.4;6;4;6;0.4;6;4;2;0.4;6;4;5;0.4;6;NOK;NOK;OK;10000;10046;8000;11000;OK;8.65;0;8;12;NOK;N/A;1.95;N/A;N/A;N/A;9;11.6;7;18;OK;;0;0;0;-;Disabled;TempOk;1;230;116;0;0;0;349.9;441543200 volvo 589-1;441543200 volvo 589-1;441543200 volvo 589-1
20260331_21:02:24;26578;1;4;940;936.2;910;970;OK;940;944.8;910;970;OK;946.1;945.4;-20;-11.7;-50;-25;NOK;-20;-11.8;-50;-25;NOK;-16.7;-14.1;0;-20;-11.8;-50;-25;NOK;330;341;330;500;OK;0;0;N/A;N/A;N/A;N/A;N/A;N/A;N/A;N/A;N/A;N/A;N/A;N/A;N/A;N/A;N/A;N/A;N/A;N/A;N/A;N/A;N/A;N/A;N/A;N/A;N/A;N/A;N/A;N/A;N/A;N/A;N/A;N/A;N/A;N/A;N/A;N/A;N/A;N/A;N/A;N/A;N/A;N/A;N/A;N/A;N/A;N/A;N/A;N/A;N/A;N/A;N/A;N/A;N/A;N/A;N/A;N/A;N/A;N/A;N/A;N/A;N/A;N/A;N/A;N/A;N/A;N/A;N/A;N/A;N/A;N/A;N/A;N/A;N/A;N/A;N/A;N/A;N/A;N/A;N/A;N/A;N/A;N/A;N/A;N/A;N/A;N/A;N/A;N/A;N/A;N/A;N/A;N/A;N/A;N/A;N/A;N/A;N/A;N/A;;0;427.7;0;0;;Disabled;TempStop;1;700;430.7;0;0;0;549.9;449.9;Enabled;PosOk;1;0;0;0;0;0;15;Disabled;0;0;0;0;0;0;0;0;0;0;0;0;0;0;0;0;0;0;0;0;0;0;0;0;0;0;0;0;0;0;0;0;0;0;0;0;0;0;0;0;0;0;0;0;0;0;0;0;0;0;0;0;0;0;0;0;0;0;0;0;0;0;0;0;0;0;0;0;1;55;30;33;20;45;30;30;20;45;30;26;20;45;30;25;20;45;200;227;100;300;200;224;100;300;200;0;100;300;200;0;100;300;30;33;20;45;30;29;20;45;30;26;20;45;30;28;20;45;200;242;100;300;200;240;100;300;200;0;100;300;200;0;100;300;4;2;0.4;6;4;5;0.4;6;4;2;0.4;6;4;5;0.4;6;4;2;0.4;6;4;5;0.4;6;4;2;0.4;6;4;5;0.4;6;NOK;NOK;OK;10000;10031;8000;11000;OK;8.64;0;8;12;NOK;N/A;1.95;N/A;N/A;N/A;9;10.7;7;18;OK;;0;0;0;-;Disabled;TempOk;1;230;112.2;0;0;0;349.9;441543200 volvo 589-1;441543200 volvo 589-1;441543200 volvo 589-1
20260331_21:02:53;26579;4;4;940;932.5;910;970;OK;940;956.2;910;970;OK;955.3;955.7;-15;-8.9;-50;-5;OK;-15;-8.2;-50;-5;OK;-10.4;-6.6;0;-15;-9;-50;-5;OK;330;341;330;500;OK;264.74;265.23;N/A;N/A;N/A;N/A;N/A;N/A;N/A;N/A;N/A;N/A;N/A;N/A;N/A;N/A;N/A;N/A;N/A;N/A;N/A;N/A;N/A;N/A;N/A;N/A;N/A;N/A;N/A;N/A;N/A;N/A;N/A;N/A;N/A;N/A;N/A;N/A;N/A;N/A;N/A;N/A;N/A;N/A;N/A;N/A;N/A;N/A;N/A;N/A;N/A;N/A;N/A;N/A;N/A;N/A;N/A;N/A;N/A;N/A;N/A;N/A;N/A;N/A;N/A;N/A;N/A;N/A;N/A;N/A;N/A;N/A;N/A;N/A;N/A;N/A;N/A;N/A;N/A;N/A;N/A;N/A;N/A;N/A;N/A;N/A;N/A;N/A;N/A;N/A;N/A;N/A;N/A;N/A;N/A;N/A;N/A;N/A;N/A;N/A;;0;419.8;0;0;;Disabled;TempStop;1;700;422.4;0;0;0;549.9;449.9;Enabled;PosOk;1;0;0;0;0;0;15;Disabled;0;0;0;0;0;0;0;0;0;0;0;0;0;0;0;0;0;0;0;0;0;0;0;0;0;0;0;0;0;0;0;0;0;0;0;0;0;0;0;0;0;0;0;0;0;0;0;0;0;0;0;0;0;0;0;0;0;0;0;0;0;0;0;0;0;0;0;0;0;0;30;33;20;45;30;30;20;45;30;26;20;45;30;25;20;45;200;228;100;300;200;225;100;300;200;0;100;300;200;0;100;300;30;33;20;45;30;30;20;45;30;26;20;45;30;28;20;45;200;242;100;300;200;241;100;300;200;0;100;300;200;0;100;300;4;2;0.4;6;4;5;0.4;6;4;2;0.4;6;4;5;0.4;6;4;2;0.4;6;4;6;0.4;6;4;2;0.4;6;4;6;0.4;6;NOK;NOK;OK;10000;10018;8000;11000;OK;8.64;0;8;12;NOK;N/A;1.95;N/A;N/A;N/A;9;11.7;7;18;OK;;0;0;0;-;Disabled;TempOk;1;230;114.4;0;0;0;349.9;441543200 volvo 589-1;441543200 volvo 589-1;441543200 volvo 589-1
20260331_21:03:23;26580;3;4;940;936;910;970;OK;940;947.8;910;970;OK;948;947.8;-20;-14.9;-50;-25;NOK;-20;-15.2;-50;-25;NOK;-20.1;-18.3;0;-20;-14.8;-50;-25;NOK;330;341;330;500;OK;0;0;N/A;N/A;N/A;N/A;N/A;N/A;N/A;N/A;N/A;N/A;N/A;N/A;N/A;N/A;N/A;N/A;N/A;N/A;N/A;N/A;N/A;N/A;N/A;N/A;N/A;N/A;N/A;N/A;N/A;N/A;N/A;N/A;N/A;N/A;N/A;N/A;N/A;N/A;N/A;N/A;N/A;N/A;N/A;N/A;N/A;N/A;N/A;N/A;N/A;N/A;N/A;N/A;N/A;N/A;N/A;N/A;N/A;N/A;N/A;N/A;N/A;N/A;N/A;N/A;N/A;N/A;N/A;N/A;N/A;N/A;N/A;N/A;N/A;N/A;N/A;N/A;N/A;N/A;N/A;N/A;N/A;N/A;N/A;N/A;N/A;N/A;N/A;N/A;N/A;N/A;N/A;N/A;N/A;N/A;N/A;N/A;N/A;N/A;;0;414.9;0;0;;Disabled;TempStop;1;700;418;0;0;0;549.9;449.9;Enabled;PosOk;1;0;0;0;0;0;15;Disabled;0;0;0;0;0;0;0;0;0;0;0;0;0;0;0;0;0;0;0;0;0;0;0;0;0;0;0;0;0;0;0;0;0;0;0;0;0;0;0;0;0;0;0;0;0;0;0;0;0;0;0;0;0;0;0;0;0;0;0;0;0;0;0;0;0;0;0;0;0;0;30;33;20;45;30;30;20;45;30;26;20;45;30;25;20;45;200;227;100;300;200;225;100;300;200;0;100;300;200;0;100;300;30;33;20;45;30;30;20;45;30;26;20;45;30;28;20;45;200;242;100;300;200;240;100;300;200;0;100;300;200;0;100;300;4;2;0.4;6;4;5;0.4;6;4;2;0.4;6;4;5;0.4;6;4;2;0.4;6;4;6;0.4;6;4;2;0.4;6;4;6;0.4;6;NOK;NOK;OK;10000;10037;8000;11000;OK;8.64;0;8;12;NOK;N/A;1.95;N/A;N/A;N/A;9;11.7;7;18;OK;;0;0;0;-;Disabled;TempOk;1;230;109;0;0;0;349.9;441543200 volvo 589-1;441543200 volvo 589-1;441543200 volvo 589-1
20260331_21:03:52;26581;2;5;940;933;910;970;OK;940;937.7;910;970;OK;932.6;936.1;-15;-15.4;-50;-20;NOK;-15;-14.8;-50;-20;NOK;-15.4;-15.7;0;-15;-15.4;-50;-20;NOK;330;341;330;500;OK;0;0;N/A;N/A;N/A;N/A;N/A;N/A;N/A;N/A;N/A;N/A;N/A;N/A;N/A;N/A;N/A;N/A;N/A;N/A;N/A;N/A;N/A;N/A;N/A;N/A;N/A;N/A;N/A;N/A;N/A;N/A;N/A;N/A;N/A;N/A;N/A;N/A;N/A;N/A;N/A;N/A;N/A;N/A;N/A;N/A;N/A;N/A;N/A;N/A;N/A;N/A;N/A;N/A;N/A;N/A;N/A;N/A;N/A;N/A;N/A;N/A;N/A;N/A;N/A;N/A;N/A;N/A;N/A;N/A;N/A;N/A;N/A;N/A;N/A;N/A;N/A;N/A;N/A;N/A;N/A;N/A;N/A;N/A;N/A;N/A;N/A;N/A;N/A;N/A;N/A;N/A;N/A;N/A;N/A;N/A;N/A;N/A;N/A;N/A;;0;421;0;0;;Disabled;TempStop;1;700;424.4;0;0;0;549.9;449.9;Enabled;PosOk;1;0;0;0;0;0;15;Disabled;0;0;0;0;0;0;0;0;0;0;0;0;0;0;0;0;0;0;0;0;0;0;0;0;0;0;0;0;0;0;0;0;0;0;0;0;0;0;0;0;0;0;0;0;0;0;0;0;0;0;0;0;0;0;0;0;0;0;0;0;0;0;0;0;0;0;0;0;0;0;30;33;20;45;30;30;20;45;30;25;20;45;30;25;20;45;200;227;100;300;200;224;100;300;200;0;100;300;200;0;100;300;30;33;20;45;30;30;20;45;30;26;20;45;30;28;20;45;200;243;100;300;200;240;100;300;200;0;100;300;200;0;100;300;4;2;0.4;6;4;5;0.4;6;4;2;0.4;6;4;5;0.4;6;4;2;0.4;6;4;5;0.4;6;4;2;0.4;6;4;5;0.4;6;NOK;NOK;OK;10000;10023;8000;11000;OK;8.63;0;8;12;NOK;N/A;1.95;N/A;N/A;N/A;9;11.5;7;18;OK;;0;0;0;-;Disabled;TempOk;1;230;115.1;0;0;0;349.9;441543200 volvo 589-1;441543200 volvo 589-1;441543200 volvo 589-1
20260331_21:04:22;26582;3;5;940;939.6;910;970;OK;940;949.6;910;970;OK;952.9;951.4;-20;-16.9;-50;-25;NOK;-20;-17.6;-50;-25;NOK;-18.2;-18;0;-20;-16.8;-50;-25;NOK;330;341;330;500;OK;0;0;N/A;N/A;N/A;N/A;N/A;N/A;N/A;N/A;N/A;N/A;N/A;N/A;N/A;N/A;N/A;N/A;N/A;N/A;N/A;N/A;N/A;N/A;N/A;N/A;N/A;N/A;N/A;N/A;N/A;N/A;N/A;N/A;N/A;N/A;N/A;N/A;N/A;N/A;N/A;N/A;N/A;N/A;N/A;N/A;N/A;N/A;N/A;N/A;N/A;N/A;N/A;N/A;N/A;N/A;N/A;N/A;N/A;N/A;N/A;N/A;N/A;N/A;N/A;N/A;N/A;N/A;N/A;N/A;N/A;N/A;N/A;N/A;N/A;N/A;N/A;N/A;N/A;N/A;N/A;N/A;N/A;N/A;N/A;N/A;N/A;N/A;N/A;N/A;N/A;N/A;N/A;N/A;N/A;N/A;N/A;N/A;N/A;N/A;;0;412.7;0;0;;Disabled;TempStop;1;700;415.8;0;0;0;549.9;449.9;Enabled;PosOk;1;0;0;0;0;0;15;Disabled;0;0;0;0;0;0;0;0;0;0;0;0;0;0;0;0;0;0;0;0;0;0;0;0;0;0;0;0;0;0;0;0;0;0;0;0;0;0;0;0;0;0;0;0;0;0;0;0;0;0;0;0;0;0;0;0;0;0;0;0;0;0;0;0;0;0;0;0;0;0;30;33;20;45;30;30;20;45;30;26;20;45;30;25;20;45;200;227;100;300;200;224;100;300;200;0;100;300;200;0;100;300;30;33;20;45;30;29;20;45;30;26;20;45;30;28;20;45;200;242;100;300;200;240;100;300;200;0;100;300;200;0;100;300;4;2;0.4;6;4;5;0.4;6;4;2;0.4;6;4;6;0.4;6;4;2;0.4;6;4;6;0.4;6;4;2;0.4;6;4;6;0.4;6;NOK;NOK;OK;10000;10030;8000;11000;OK;8.63;0;8;12;NOK;N/A;1.95;N/A;N/A;N/A;9;11.8;7;18;OK;;0;0;0;-;Disabled;TempOk;1;230;112.9;0;0;0;349.9;441543200 volvo 589-1;441543200 volvo 589-1;441543200 volvo 589-1
20260331_21:04:51;26583;2;2;940;938.1;910;970;OK;940;947;910;970;OK;947.9;946.1;-15;-17.8;-50;-20;NOK;-15;-17.3;-50;-20;NOK;-17;-17.1;0;-15;-17.9;-50;-20;NOK;330;341;330;500;OK;0;0;N/A;N/A;N/A;N/A;N/A;N/A;N/A;N/A;N/A;N/A;N/A;N/A;N/A;N/A;N/A;N/A;N/A;N/A;N/A;N/A;N/A;N/A;N/A;N/A;N/A;N/A;N/A;N/A;N/A;N/A;N/A;N/A;N/A;N/A;N/A;N/A;N/A;N/A;N/A;N/A;N/A;N/A;N/A;N/A;N/A;N/A;N/A;N/A;N/A;N/A;N/A;N/A;N/A;N/A;N/A;N/A;N/A;N/A;N/A;N/A;N/A;N/A;N/A;N/A;N/A;N/A;N/A;N/A;N/A;N/A;N/A;N/A;N/A;N/A;N/A;N/A;N/A;N/A;N/A;N/A;N/A;N/A;N/A;N/A;N/A;N/A;N/A;N/A;N/A;N/A;N/A;N/A;N/A;N/A;N/A;N/A;N/A;N/A;;0;423.7;0;0;;Disabled;TempStop;1;700;426.5;0;0;0;549.9;449.9;Enabled;PosOk;1;0;0;0;0;0;15;Disabled;0;0;0;0;0;0;0;0;0;0;0;0;0;0;0;0;0;0;0;0;0;0;0;0;0;0;0;0;0;0;0;0;0;0;0;0;0;0;0;0;0;0;0;0;0;0;0;0;0;0;0;0;0;0;0;0;0;0;0;0;0;0;0;0;0;0;0;0;0;0;30;33;20;45;30;29;20;45;30;26;20;45;30;25;20;45;200;228;100;300;200;224;100;300;200;0;100;300;200;0;100;300;30;33;20;45;30;29;20;45;30;26;20;45;30;28;20;45;200;242;100;300;200;240;100;300;200;0;100;300;200;0;100;300;4;2;0.4;6;4;5;0.4;6;4;2;0.4;6;4;5;0.4;6;4;2;0.4;6;4;5;0.4;6;4;2;0.4;6;4;6;0.4;6;NOK;NOK;OK;10000;10023;8000;11000;OK;8.64;0;8;12;NOK;N/A;1.95;N/A;N/A;N/A;9;11.5;7;18;OK;;0;0;0;-;Disabled;TempOk;1;230;109.8;0;0;0;349.9;441543200 volvo 589-1;441543200 volvo 589-1;441543200 volvo 589-1
20260331_21:05:21;26584;1;2;940;931;910;970;OK;940;930.7;910;970;OK;927;929.2;-20;-19.2;-50;-25;NOK;-20;-18.9;-50;-25;NOK;-17.4;-18;0;-20;-19.2;-50;-25;NOK;330;341;330;500;OK;0;0;N/A;N/A;N/A;N/A;N/A;N/A;N/A;N/A;N/A;N/A;N/A;N/A;N/A;N/A;N/A;N/A;N/A;N/A;N/A;N/A;N/A;N/A;N/A;N/A;N/A;N/A;N/A;N/A;N/A;N/A;N/A;N/A;N/A;N/A;N/A;N/A;N/A;N/A;N/A;N/A;N/A;N/A;N/A;N/A;N/A;N/A;N/A;N/A;N/A;N/A;N/A;N/A;N/A;N/A;N/A;N/A;N/A;N/A;N/A;N/A;N/A;N/A;N/A;N/A;N/A;N/A;N/A;N/A;N/A;N/A;N/A;N/A;N/A;N/A;N/A;N/A;N/A;N/A;N/A;N/A;N/A;N/A;N/A;N/A;N/A;N/A;N/A;N/A;N/A;N/A;N/A;N/A;N/A;N/A;N/A;N/A;N/A;N/A;;0;420.6;0;0;;Disabled;TempStop;1;700;423.3;0;0;0;549.9;449.9;Enabled;PosOk;1;0;0;0;0;0;15;Disabled;0;0;0;0;0;0;0;0;0;0;0;0;0;0;0;0;0;0;0;0;0;0;0;0;0;0;0;0;0;0;0;0;0;0;0;0;0;0;0;0;0;0;0;0;0;0;0;0;0;0;0;0;0;0;0;0;0;0;0;0;0;0;0;0;0;0;0;0;0;0;30;33;20;45;30;30;20;45;30;25;20;45;30;25;20;45;200;228;100;300;200;224;100;300;200;0;100;300;200;0;100;300;30;33;20;45;30;30;20;45;30;26;20;45;30;29;20;45;200;242;100;300;200;240;100;300;200;0;100;300;200;0;100;300;4;2;0.4;6;4;6;0.4;6;4;2;0.4;6;4;5;0.4;6;4;2;0.4;6;4;6;0.4;6;4;2;0.4;6;4;6;0.4;6;NOK;NOK;OK;10000;10041;8000;11000;OK;8.64;0;8;12;NOK;N/A;1.95;N/A;N/A;N/A;9;10.8;7;18;OK;;0;0;0;-;Disabled;TempOk;1;230;113.8;0;0;0;349.9;441543200 volvo 589-1;441543200 volvo 589-1;441543200 volvo 589-1
20260331_21:05:50;26585;4;2;940;955.5;910;970;OK;940;962.6;910;970;OK;959.1;960.3;-15;-13.6;-50;-5;OK;-15;-17.9;-50;-5;OK;-17;-17.5;0;-15;-13.6;-50;-5;OK;330;341;330;500;OK;264.95;265.47;N/A;N/A;N/A;N/A;N/A;N/A;N/A;N/A;N/A;N/A;N/A;N/A;N/A;N/A;N/A;N/A;N/A;N/A;N/A;N/A;N/A;N/A;N/A;N/A;N/A;N/A;N/A;N/A;N/A;N/A;N/A;N/A;N/A;N/A;N/A;N/A;N/A;N/A;N/A;N/A;N/A;N/A;N/A;N/A;N/A;N/A;N/A;N/A;N/A;N/A;N/A;N/A;N/A;N/A;N/A;N/A;N/A;N/A;N/A;N/A;N/A;N/A;N/A;N/A;N/A;N/A;N/A;N/A;N/A;N/A;N/A;N/A;N/A;N/A;N/A;N/A;N/A;N/A;N/A;N/A;N/A;N/A;N/A;N/A;N/A;N/A;N/A;N/A;N/A;N/A;N/A;N/A;N/A;N/A;N/A;N/A;N/A;N/A;;0;426.6;0;0;;Disabled;TempStop;1;700;429.6;0;0;0;549.9;449.9;Enabled;PosOk;1;0;0;0;0;0;15;Disabled;0;0;0;0;0;0;0;0;0;0;0;0;0;0;0;0;0;0;0;0;0;0;0;0;0;0;0;0;0;0;0;0;0;0;0;0;0;0;0;0;0;0;0;0;0;0;0;0;0;0;0;0;0;0;0;0;0;0;0;0;0;0;0;0;0;0;0;0;0;0;30;33;20;45;30;30;20;45;30;25;20;45;30;25;20;45;200;227;100;300;200;224;100;300;200;0;100;300;200;0;100;300;30;33;20;45;30;30;20;45;30;26;20;45;30;28;20;45;200;243;100;300;200;241;100;300;200;0;100;300;200;0;100;300;4;2;0.4;6;4;5;0.4;6;4;2;0.4;6;4;6;0.4;6;4;2;0.4;6;4;5;0.4;6;4;2;0.4;6;4;6;0.4;6;NOK;NOK;OK;10000;10031;8000;11000;OK;8.64;0;8;12;NOK;N/A;1.95;N/A;N/A;N/A;9;11.2;7;18;OK;;0;0;0;-;Disabled;TempOk;1;230;109.6;0;0;0;349.9;441543200 volvo 589-1;441543200 volvo 589-1;441543200 volvo 589-1
20260331_21:06:19;26586;1;3;940;952.1;910;970;OK;940;947.1;910;970;OK;943.7;945.5;-20;-17.9;-50;-25;NOK;-20;-19.3;-50;-25;NOK;-19.1;-20;0;-20;-17.7;-50;-25;NOK;330;341;330;500;OK;0;0;N/A;N/A;N/A;N/A;N/A;N/A;N/A;N/A;N/A;N/A;N/A;N/A;N/A;N/A;N/A;N/A;N/A;N/A;N/A;N/A;N/A;N/A;N/A;N/A;N/A;N/A;N/A;N/A;N/A;N/A;N/A;N/A;N/A;N/A;N/A;N/A;N/A;N/A;N/A;N/A;N/A;N/A;N/A;N/A;N/A;N/A;N/A;N/A;N/A;N/A;N/A;N/A;N/A;N/A;N/A;N/A;N/A;N/A;N/A;N/A;N/A;N/A;N/A;N/A;N/A;N/A;N/A;N/A;N/A;N/A;N/A;N/A;N/A;N/A;N/A;N/A;N/A;N/A;N/A;N/A;N/A;N/A;N/A;N/A;N/A;N/A;N/A;N/A;N/A;N/A;N/A;N/A;N/A;N/A;N/A;N/A;N/A;N/A;;0;419.4;0;0;;Disabled;TempStop;1;700;422.1;0;0;0;549.9;449.9;Enabled;PosOk;1;0;0;0;0;0;15;Disabled;0;0;0;0;0;0;0;0;0;0;0;0;0;0;0;0;0;0;0;0;0;0;0;0;0;0;0;0;0;0;0;0;0;0;0;0;0;0;0;0;0;0;0;0;0;0;0;0;0;0;0;0;0;0;0;0;0;0;0;0;0;0;0;0;0;0;0;0;5;50;30;33;20;45;30;30;20;45;30;25;20;45;30;25;20;45;200;227;100;300;200;224;100;300;200;0;100;300;200;0;100;300;30;33;20;45;30;30;20;45;30;26;20;45;30;28;20;45;200;242;100;300;200;240;100;300;200;0;100;300;200;0;100;300;4;2;0.4;6;4;5;0.4;6;4;2;0.4;6;4;5;0.4;6;4;2;0.4;6;4;5;0.4;6;4;2;0.4;6;4;5;0.4;6;NOK;NOK;OK;10000;10045;8000;11000;OK;8.64;0;8;12;NOK;N/A;1.95;N/A;N/A;N/A;9;10.8;7;18;OK;;0;0;0;-;Disabled;TempOk;1;230;114.8;0;0;0;349.9;441543200 volvo 589-1;441543200 volvo 589-1;441543200 volvo 589-1
20260331_21:06:49;26587;4;3;940;953.3;910;970;OK;940;961;910;970;OK;959.4;960;-15;-14.3;-50;-5;OK;-15;-17.9;-50;-5;OK;-17.7;-18.3;0;-15;-14.1;-50;-5;OK;330;341;330;500;OK;265.06;265.56;N/A;N/A;N/A;N/A;N/A;N/A;N/A;N/A;N/A;N/A;N/A;N/A;N/A;N/A;N/A;N/A;N/A;N/A;N/A;N/A;N/A;N/A;N/A;N/A;N/A;N/A;N/A;N/A;N/A;N/A;N/A;N/A;N/A;N/A;N/A;N/A;N/A;N/A;N/A;N/A;N/A;N/A;N/A;N/A;N/A;N/A;N/A;N/A;N/A;N/A;N/A;N/A;N/A;N/A;N/A;N/A;N/A;N/A;N/A;N/A;N/A;N/A;N/A;N/A;N/A;N/A;N/A;N/A;N/A;N/A;N/A;N/A;N/A;N/A;N/A;N/A;N/A;N/A;N/A;N/A;N/A;N/A;N/A;N/A;N/A;N/A;N/A;N/A;N/A;N/A;N/A;N/A;N/A;N/A;N/A;N/A;N/A;N/A;;0;430.4;0;0;;Disabled;TempStop;1;700;433.4;0;0;0;549.9;449.9;Enabled;PosOk;1;0;0;0;0;0;15;Disabled;0;0;0;0;0;0;0;0;0;0;0;0;0;0;0;0;0;0;0;0;0;0;0;0;0;0;0;0;0;0;0;0;0;0;0;0;0;0;0;0;0;0;0;0;0;0;0;0;0;0;0;0;0;0;0;0;0;0;0;0;0;0;0;0;0;0;0;0;0;0;30;33;20;45;30;29;20;45;30;25;20;45;30;25;20;45;200;227;100;300;200;225;100;300;200;0;100;300;200;0;100;300;30;33;20;45;30;29;20;45;30;26;20;45;30;28;20;45;200;243;100;300;200;241;100;300;200;0;100;300;200;0;100;300;4;2;0.4;6;4;5;0.4;6;4;2;0.4;6;4;6;0.4;6;4;2;0.4;6;4;5;0.4;6;4;2;0.4;6;4;6;0.4;6;NOK;NOK;OK;10000;10024;8000;11000;OK;8.64;0;8;12;NOK;N/A;1.95;N/A;N/A;N/A;9;11.2;7;18;OK;;0;0;0;-;Disabled;TempOk;1;230;112.6;0;0;0;349.9;441543200 volvo 589-1;441543200 volvo 589-1;441543200 volvo 589-1
20260331_21:07:18;26588;3;3;940;942.7;910;970;OK;940;952.3;910;970;OK;952.3;952.3;-20;-18.7;-50;-25;NOK;-20;-18.5;-50;-25;NOK;-17.8;-18;0;-20;-18.7;-50;-25;NOK;330;341;330;500;OK;0;0;N/A;N/A;N/A;N/A;N/A;N/A;N/A;N/A;N/A;N/A;N/A;N/A;N/A;N/A;N/A;N/A;N/A;N/A;N/A;N/A;N/A;N/A;N/A;N/A;N/A;N/A;N/A;N/A;N/A;N/A;N/A;N/A;N/A;N/A;N/A;N/A;N/A;N/A;N/A;N/A;N/A;N/A;N/A;N/A;N/A;N/A;N/A;N/A;N/A;N/A;N/A;N/A;N/A;N/A;N/A;N/A;N/A;N/A;N/A;N/A;N/A;N/A;N/A;N/A;N/A;N/A;N/A;N/A;N/A;N/A;N/A;N/A;N/A;N/A;N/A;N/A;N/A;N/A;N/A;N/A;N/A;N/A;N/A;N/A;N/A;N/A;N/A;N/A;N/A;N/A;N/A;N/A;N/A;N/A;N/A;N/A;N/A;N/A;;0;430.9;0;0;;Disabled;TempStop;1;700;433.8;0;0;0;549.9;449.9;Enabled;PosOk;1;0;0;0;0;0;15;Disabled;0;0;0;0;0;0;0;0;0;0;0;0;0;0;0;0;0;0;0;0;0;0;0;0;0;0;0;0;0;0;0;0;0;0;0;0;0;0;0;0;0;0;0;0;0;0;0;0;0;0;0;0;0;0;0;0;0;0;0;0;0;0;0;0;0;0;0;0;0;0;30;33;20;45;30;29;20;45;30;25;20;45;30;25;20;45;200;227;100;300;200;224;100;300;200;0;100;300;200;0;100;300;30;33;20;45;30;30;20;45;30;26;20;45;30;28;20;45;200;242;100;300;200;240;100;300;200;0;100;300;200;0;100;300;4;2;0.4;6;4;5;0.4;6;4;2;0.4;6;4;5;0.4;6;4;2;0.4;6;4;5;0.4;6;4;2;0.4;6;4;6;0.4;6;NOK;NOK;OK;10000;10047;8000;11000;OK;8.64;0;8;12;NOK;N/A;1.95;N/A;N/A;N/A;9;11.6;7;18;OK;;0;0;0;-;Disabled;TempOk;1;230;114.2;0;0;0;349.9;441543200 volvo 589-1;441543200 volvo 589-1;441543200 volvo 589-1
20260331_21:07:48;26589;2;4;940;941.3;910;970;OK;940;949.8;910;970;OK;950;949.9;-15;-18.8;-50;-20;NOK;-15;-18.8;-50;-20;NOK;-18;-18.3;0;-15;-18.8;-50;-20;NOK;330;341;330;500;OK;0;0;N/A;N/A;N/A;N/A;N/A;N/A;N/A;N/A;N/A;N/A;N/A;N/A;N/A;N/A;N/A;N/A;N/A;N/A;N/A;N/A;N/A;N/A;N/A;N/A;N/A;N/A;N/A;N/A;N/A;N/A;N/A;N/A;N/A;N/A;N/A;N/A;N/A;N/A;N/A;N/A;N/A;N/A;N/A;N/A;N/A;N/A;N/A;N/A;N/A;N/A;N/A;N/A;N/A;N/A;N/A;N/A;N/A;N/A;N/A;N/A;N/A;N/A;N/A;N/A;N/A;N/A;N/A;N/A;N/A;N/A;N/A;N/A;N/A;N/A;N/A;N/A;N/A;N/A;N/A;N/A;N/A;N/A;N/A;N/A;N/A;N/A;N/A;N/A;N/A;N/A;N/A;N/A;N/A;N/A;N/A;N/A;N/A;N/A;;0;428.7;0;0;;Disabled;TempStop;1;700;431.8;0;0;0;549.9;449.9;Enabled;PosOk;1;0;0;0;0;0;15;Disabled;0;0;0;0;0;0;0;0;0;0;0;0;0;0;0;0;0;0;0;0;0;0;0;0;0;0;0;0;0;0;0;0;0;0;0;0;0;0;0;0;0;0;0;0;0;0;0;0;0;0;0;0;0;0;0;0;0;0;0;0;0;0;0;0;0;0;0;0;0;0;30;33;20;45;30;30;20;45;30;25;20;45;30;25;20;45;200;227;100;300;200;224;100;300;200;0;100;300;200;0;100;300;30;33;20;45;30;30;20;45;30;26;20;45;30;28;20;45;200;242;100;300;200;240;100;300;200;0;100;300;200;0;100;300;4;2;0.4;6;4;5;0.4;6;4;2;0.4;6;4;6;0.4;6;4;2;0.4;6;4;6;0.4;6;4;2;0.4;6;4;6;0.4;6;NOK;NOK;OK;10000;10050;8000;11000;OK;8.64;0;8;12;NOK;N/A;1.95;N/A;N/A;N/A;9;11.8;7;18;OK;;0;0;0;-;Disabled;TempOk;1;230;113.1;0;0;0;349.9;441543200 volvo 589-1;441543200 volvo 589-1;441543200 volvo 589-1
20260331_21:08:17;26590;1;4;940;937.6;910;970;OK;940;945.2;910;970;OK;946.2;945.7;-20;-11.7;-50;-25;NOK;-20;-11.9;-50;-25;NOK;-16.8;-14.1;0;-20;-11.7;-50;-25;NOK;330;341;330;500;OK;0;0;N/A;N/A;N/A;N/A;N/A;N/A;N/A;N/A;N/A;N/A;N/A;N/A;N/A;N/A;N/A;N/A;N/A;N/A;N/A;N/A;N/A;N/A;N/A;N/A;N/A;N/A;N/A;N/A;N/A;N/A;N/A;N/A;N/A;N/A;N/A;N/A;N/A;N/A;N/A;N/A;N/A;N/A;N/A;N/A;N/A;N/A;N/A;N/A;N/A;N/A;N/A;N/A;N/A;N/A;N/A;N/A;N/A;N/A;N/A;N/A;N/A;N/A;N/A;N/A;N/A;N/A;N/A;N/A;N/A;N/A;N/A;N/A;N/A;N/A;N/A;N/A;N/A;N/A;N/A;N/A;N/A;N/A;N/A;N/A;N/A;N/A;N/A;N/A;N/A;N/A;N/A;N/A;N/A;N/A;N/A;N/A;N/A;N/A;;0;428.9;0;0;;Disabled;TempStop;1;700;431.9;0;0;0;549.9;449.9;Enabled;PosOk;1;0;0;0;0;0;15;Disabled;0;0;0;0;0;0;0;0;0;0;0;0;0;0;0;0;0;0;0;0;0;0;0;0;0;0;0;0;0;0;0;0;0;0;0;0;0;0;0;0;0;0;0;0;0;0;0;0;0;0;0;0;0;0;0;0;0;0;0;0;0;0;0;0;0;0;0;0;7;48;30;33;20;45;30;30;20;45;30;26;20;45;30;25;20;45;200;227;100;300;200;225;100;300;200;0;100;300;200;0;100;300;30;33;20;45;30;30;20;45;30;26;20;45;30;28;20;45;200;242;100;300;200;240;100;300;200;0;100;300;200;0;100;300;4;2;0.4;6;4;5;0.4;6;4;2;0.4;6;4;5;0.4;6;4;2;0.4;6;4;5;0.4;6;4;2;0.4;6;4;6;0.4;6;NOK;NOK;OK;10000;10028;8000;11000;OK;8.62;0;8;12;NOK;N/A;1.95;N/A;N/A;N/A;9;10.7;7;18;OK;;0;0;0;-;Disabled;TempOk;1;230;112.6;0;0;0;349.9;441543200 volvo 589-1;441543200 volvo 589-1;441543200 volvo 589-1
20260331_21:08:46;26591;4;4;940;936.4;910;970;OK;940;958.3;910;970;OK;957.1;957.7;-15;-9;-50;-5;OK;-15;-8;-50;-5;OK;-11.3;-7.1;0;-15;-9.2;-50;-5;OK;330;341;330;500;OK;265.25;265.72;N/A;N/A;N/A;N/A;N/A;N/A;N/A;N/A;N/A;N/A;N/A;N/A;N/A;N/A;N/A;N/A;N/A;N/A;N/A;N/A;N/A;N/A;N/A;N/A;N/A;N/A;N/A;N/A;N/A;N/A;N/A;N/A;N/A;N/A;N/A;N/A;N/A;N/A;N/A;N/A;N/A;N/A;N/A;N/A;N/A;N/A;N/A;N/A;N/A;N/A;N/A;N/A;N/A;N/A;N/A;N/A;N/A;N/A;N/A;N/A;N/A;N/A;N/A;N/A;N/A;N/A;N/A;N/A;N/A;N/A;N/A;N/A;N/A;N/A;N/A;N/A;N/A;N/A;N/A;N/A;N/A;N/A;N/A;N/A;N/A;N/A;N/A;N/A;N/A;N/A;N/A;N/A;N/A;N/A;N/A;N/A;N/A;N/A;;0;422.7;0;0;;Disabled;TempStop;1;700;425.7;0;0;0;549.9;449.9;Enabled;PosOk;1;0;0;0;0;0;15;Disabled;0;0;0;0;0;0;0;0;0;0;0;0;0;0;0;0;0;0;0;0;0;0;0;0;0;0;0;0;0;0;0;0;0;0;0;0;0;0;0;0;0;0;0;0;0;0;0;0;0;0;0;0;0;0;0;0;0;0;0;0;0;0;0;0;0;0;0;0;0;0;30;33;20;45;30;30;20;45;30;25;20;45;30;26;20;45;200;228;100;300;200;225;100;300;200;0;100;300;200;0;100;300;30;33;20;45;30;30;20;45;30;26;20;45;30;27;20;45;200;243;100;300;200;240;100;300;200;0;100;300;200;0;100;300;4;2;0.4;6;4;5;0.4;6;4;2;0.4;6;4;6;0.4;6;4;2;0.4;6;4;6;0.4;6;4;2;0.4;6;4;6;0.4;6;NOK;NOK;OK;10000;10034;8000;11000;OK;8.63;0;8;12;NOK;N/A;1.95;N/A;N/A;N/A;9;11.7;7;18;OK;;0;0;0;-;Disabled;TempOk;1;230;113.1;0;0;0;349.9;441543200 volvo 589-1;441543200 volvo 589-1;441543200 volvo 589-1
20260331_21:09:16;26592;3;4;940;939.7;910;970;OK;940;950.9;910;970;OK;950.7;950.8;-20;-14.9;-50;-25;NOK;-20;-15.4;-50;-25;NOK;-20.2;-18.7;0;-20;-14.8;-50;-25;NOK;330;341;330;500;OK;0;0;N/A;N/A;N/A;N/A;N/A;N/A;N/A;N/A;N/A;N/A;N/A;N/A;N/A;N/A;N/A;N/A;N/A;N/A;N/A;N/A;N/A;N/A;N/A;N/A;N/A;N/A;N/A;N/A;N/A;N/A;N/A;N/A;N/A;N/A;N/A;N/A;N/A;N/A;N/A;N/A;N/A;N/A;N/A;N/A;N/A;N/A;N/A;N/A;N/A;N/A;N/A;N/A;N/A;N/A;N/A;N/A;N/A;N/A;N/A;N/A;N/A;N/A;N/A;N/A;N/A;N/A;N/A;N/A;N/A;N/A;N/A;N/A;N/A;N/A;N/A;N/A;N/A;N/A;N/A;N/A;N/A;N/A;N/A;N/A;N/A;N/A;N/A;N/A;N/A;N/A;N/A;N/A;N/A;N/A;N/A;N/A;N/A;N/A;;0;411.4;0;0;;Disabled;TempStop;1;700;414.7;0;0;0;549.9;449.9;Enabled;PosOk;1;0;0;0;0;0;15;Disabled;0;0;0;0;0;0;0;0;0;0;0;0;0;0;0;0;0;0;0;0;0;0;0;0;0;0;0;0;0;0;0;0;0;0;0;0;0;0;0;0;0;0;0;0;0;0;0;0;0;0;0;0;0;0;0;0;0;0;0;0;0;0;0;0;0;0;0;0;0;0;30;33;20;45;30;29;20;45;30;26;20;45;30;25;20;45;200;228;100;300;200;224;100;300;200;0;100;300;200;0;100;300;30;33;20;45;30;29;20;45;30;26;20;45;30;28;20;45;200;242;100;300;200;240;100;300;200;0;100;300;200;0;100;300;4;2;0.4;6;4;5;0.4;6;4;2;0.4;6;4;6;0.4;6;4;2;0.4;6;4;6;0.4;6;4;2;0.4;6;4;6;0.4;6;NOK;NOK;OK;10000;10036;8000;11000;OK;8.63;0;8;12;NOK;N/A;1.95;N/A;N/A;N/A;9;11.8;7;18;OK;;0;0;0;-;Disabled;TempOk;1;230;113.8;0;0;0;349.9;441543200 volvo 589-1;441543200 volvo 589-1;441543200 volvo 589-1
20260331_21:09:29;26593;2;5;940;928.8;910;970;OK;940;920.5;910;970;OK;909.5;916.2;-15;-14.5;-50;-20;NOK;-15;-15.1;-50;-20;NOK;-15.4;-15.7;0;-15;-14.4;-50;-20;NOK;330;341;330;500;OK;0;0;N/A;N/A;N/A;N/A;N/A;N/A;N/A;N/A;N/A;N/A;N/A;N/A;N/A;N/A;N/A;N/A;N/A;N/A;N/A;N/A;N/A;N/A;N/A;N/A;N/A;N/A;N/A;N/A;N/A;N/A;N/A;N/A;N/A;N/A;N/A;N/A;N/A;N/A;N/A;N/A;N/A;N/A;N/A;N/A;N/A;N/A;N/A;N/A;N/A;N/A;N/A;N/A;N/A;N/A;N/A;N/A;N/A;N/A;N/A;N/A;N/A;N/A;N/A;N/A;N/A;N/A;N/A;N/A;N/A;N/A;N/A;N/A;N/A;N/A;N/A;N/A;N/A;N/A;N/A;N/A;N/A;N/A;N/A;N/A;N/A;N/A;N/A;N/A;N/A;N/A;N/A;N/A;N/A;N/A;N/A;N/A;N/A;N/A;;0;409.4;0;0;;Disabled;TempStop;1;700;412.8;0;0;0;549.9;449.9;Enabled;PosNotOk;1;0;36.5;0;0;0;15;Disabled;0;0;0;0;0;0;0;0;0;0;0;0;0;0;0;0;0;0;0;0;0;0;0;0;0;0;0;0;0;0;0;0;0;0;0;0;0;0;0;0;0;0;0;0;0;0;0;0;0;0;0;0;0;0;0;0;0;0;0;0;0;0;0;0;0;0;0;0;0;0;;;;;;;;;;;;;;;;;;;;;;;;;;;;;;;;;;;;;;;;;;;;;;;;;;;;;;;;;;;;;;;;;;;;;;;;;;;;;;;;;;;;;;;;;;;;;;;;;;;;;;;;;;;;;;;;;;;;;;;;;;;;;;;;;;;;;;441543200 volvo 589-1;441543200 volvo 589-1;;
20260331_21:12:31;26595;2;2;940;937.9;910;970;OK;940;947.5;910;970;OK;948;946.4;-15;-17.5;-50;-20;NOK;-15;-18.6;-50;-20;NOK;-17;-17.3;0;-15;-17.5;-50;-20;NOK;330;448;330;500;OK;0;0;N/A;N/A;N/A;N/A;N/A;N/A;N/A;N/A;N/A;N/A;N/A;N/A;N/A;N/A;N/A;N/A;N/A;N/A;N/A;N/A;N/A;N/A;N/A;N/A;N/A;N/A;N/A;N/A;N/A;N/A;N/A;N/A;N/A;N/A;N/A;N/A;N/A;N/A;N/A;N/A;N/A;N/A;N/A;N/A;N/A;N/A;N/A;N/A;N/A;N/A;N/A;N/A;N/A;N/A;N/A;N/A;N/A;N/A;N/A;N/A;N/A;N/A;N/A;N/A;N/A;N/A;N/A;N/A;N/A;N/A;N/A;N/A;N/A;N/A;N/A;N/A;N/A;N/A;N/A;N/A;N/A;N/A;N/A;N/A;N/A;N/A;N/A;N/A;N/A;N/A;N/A;N/A;N/A;N/A;N/A;N/A;N/A;N/A;;0;381.4;0;0;;Disabled;TempStop;1;700;385.8;0;0;0;549.9;449.9;Enabled;PosOk;1;0;1;0;0;0;15;Disabled;0;0;0;0;0;0;0;0;0;0;0;0;0;0;0;0;0;0;0;0;0;0;0;0;0;0;0;0;0;0;0;0;0;0;0;0;0;0;0;0;0;0;0;0;0;0;0;0;0;0;0;0;0;0;0;0;0;0;0;0;0;0;0;0;0;0;0;0;0;0;30;30;20;45;30;29;20;45;30;26;20;45;30;25;20;45;200;227;100;300;200;224;100;300;200;0;100;300;200;0;100;300;30;30;20;45;30;29;20;45;30;26;20;45;30;28;20;45;200;242;100;300;200;240;100;300;200;0;100;300;200;0;100;300;4;2;0.4;6;4;6;0.4;6;4;2;0.4;6;4;5;0.4;6;4;2;0.4;6;4;6;0.4;6;4;2;0.4;6;4;6;0.4;6;NOK;NOK;OK;10000;10016;8000;11000;OK;8.61;0;8;12;NOK;N/A;1.95;N/A;N/A;N/A;9;11.7;7;18;OK;;0;0;0;-;Disabled;TempOk;1;230;92.1;0;0;0;349.9;441543200 volvo 589-1;441543200 volvo 589-1;441543200 volvo 589-1
20260331_21:13:01;26596;1;2;940;923.2;910;970;OK;940;924.3;910;970;OK;918.2;920.6;-20;-19.1;-50;-25;NOK;-20;-20.2;-50;-25;NOK;-17.6;-18.1;0;-20;-19.1;-50;-25;NOK;330;448;330;500;OK;0;0;N/A;N/A;N/A;N/A;N/A;N/A;N/A;N/A;N/A;N/A;N/A;N/A;N/A;N/A;N/A;N/A;N/A;N/A;N/A;N/A;N/A;N/A;N/A;N/A;N/A;N/A;N/A;N/A;N/A;N/A;N/A;N/A;N/A;N/A;N/A;N/A;N/A;N/A;N/A;N/A;N/A;N/A;N/A;N/A;N/A;N/A;N/A;N/A;N/A;N/A;N/A;N/A;N/A;N/A;N/A;N/A;N/A;N/A;N/A;N/A;N/A;N/A;N/A;N/A;N/A;N/A;N/A;N/A;N/A;N/A;N/A;N/A;N/A;N/A;N/A;N/A;N/A;N/A;N/A;N/A;N/A;N/A;N/A;N/A;N/A;N/A;N/A;N/A;N/A;N/A;N/A;N/A;N/A;N/A;N/A;N/A;N/A;N/A;;0;411.5;0;0;;Disabled;TempStop;1;700;415.7;0;0;0;549.9;449.9;Enabled;PosOk;1;0;0;0;0;0;15;Disabled;0;0;0;0;0;0;0;0;0;0;0;0;0;0;0;0;0;0;0;0;0;0;0;0;0;0;0;0;0;0;0;0;0;0;0;0;0;0;0;0;0;0;0;0;0;0;0;0;0;0;0;0;0;0;0;0;0;0;0;0;0;0;0;0;0;0;0;0;0;0;30;31;20;45;30;29;20;45;30;26;20;45;30;25;20;45;200;227;100;300;200;225;100;300;200;0;100;300;200;0;100;300;30;31;20;45;30;29;20;45;30;26;20;45;30;28;20;45;200;242;100;300;200;240;100;300;200;0;100;300;200;0;100;300;4;2;0.4;6;4;5;0.4;6;4;2;0.4;6;4;6;0.4;6;4;2;0.4;6;4;5;0.4;6;4;2;0.4;6;4;6;0.4;6;NOK;NOK;OK;10000;10043;8000;11000;OK;8.63;0;8;12;NOK;N/A;1.95;N/A;N/A;N/A;9;10.6;7;18;OK;;0;0;0;-;Disabled;TempOk;1;230;111.9;0;0;0;349.9;441543200 volvo 589-1;441543200 volvo 589-1;441543200 volvo 589-1
20260331_21:13:30;26597;4;2;940;956.3;910;970;OK;940;963.3;910;970;OK;962.5;963.1;-15;-17.9;-50;-5;OK;-15;-14.5;-50;-5;OK;-14.3;-14.1;0;-15;-17.9;-50;-5;OK;330;448;330;500;OK;265.48;266.11;N/A;N/A;N/A;N/A;N/A;N/A;N/A;N/A;N/A;N/A;N/A;N/A;N/A;N/A;N/A;N/A;N/A;N/A;N/A;N/A;N/A;N/A;N/A;N/A;N/A;N/A;N/A;N/A;N/A;N/A;N/A;N/A;N/A;N/A;N/A;N/A;N/A;N/A;N/A;N/A;N/A;N/A;N/A;N/A;N/A;N/A;N/A;N/A;N/A;N/A;N/A;N/A;N/A;N/A;N/A;N/A;N/A;N/A;N/A;N/A;N/A;N/A;N/A;N/A;N/A;N/A;N/A;N/A;N/A;N/A;N/A;N/A;N/A;N/A;N/A;N/A;N/A;N/A;N/A;N/A;N/A;N/A;N/A;N/A;N/A;N/A;N/A;N/A;N/A;N/A;N/A;N/A;N/A;N/A;N/A;N/A;N/A;N/A;;0;421.6;0;0;;Disabled;TempStop;1;700;425.6;0;0;0;549.9;449.9;Enabled;PosOk;1;0;0;0;0;0;15;Disabled;0;0;0;0;0;0;0;0;0;0;0;0;0;0;0;0;0;0;0;0;0;0;0;0;0;0;0;0;0;0;0;0;0;0;0;0;0;0;0;0;0;0;0;0;0;0;0;0;0;0;0;0;0;0;0;0;0;0;0;0;0;0;0;0;0;0;0;0;0;0;30;32;20;45;30;29;20;45;30;26;20;45;30;25;20;45;200;227;100;300;200;224;100;300;200;1;100;300;200;0;100;300;30;32;20;45;30;29;20;45;30;26;20;45;30;28;20;45;200;242;100;300;200;240;100;300;200;0;100;300;200;0;100;300;4;2;0.4;6;4;6;0.4;6;4;2;0.4;6;4;5;0.4;6;4;2;0.4;6;4;6;0.4;6;4;2;0.4;6;4;6;0.4;6;NOK;NOK;OK;10000;10027;8000;11000;OK;8.61;0;8;12;NOK;N/A;1.95;N/A;N/A;N/A;9;11.7;7;18;OK;;0;0;0;-;Disabled;TempOk;1;230;115.7;0;0;0;349.9;441543200 volvo 589-1;441543200 volvo 589-1;441543200 volvo 589-1
20260331_21:13:59;26598;1;3;940;939;910;970;OK;940;941.7;910;970;OK;933;935.3;-20;-18.1;-50;-25;NOK;-20;-19.8;-50;-25;NOK;-19;-19.9;0;-20;-17.9;-50;-25;NOK;330;448;330;500;OK;0;0;N/A;N/A;N/A;N/A;N/A;N/A;N/A;N/A;N/A;N/A;N/A;N/A;N/A;N/A;N/A;N/A;N/A;N/A;N/A;N/A;N/A;N/A;N/A;N/A;N/A;N/A;N/A;N/A;N/A;N/A;N/A;N/A;N/A;N/A;N/A;N/A;N/A;N/A;N/A;N/A;N/A;N/A;N/A;N/A;N/A;N/A;N/A;N/A;N/A;N/A;N/A;N/A;N/A;N/A;N/A;N/A;N/A;N/A;N/A;N/A;N/A;N/A;N/A;N/A;N/A;N/A;N/A;N/A;N/A;N/A;N/A;N/A;N/A;N/A;N/A;N/A;N/A;N/A;N/A;N/A;N/A;N/A;N/A;N/A;N/A;N/A;N/A;N/A;N/A;N/A;N/A;N/A;N/A;N/A;N/A;N/A;N/A;N/A;;0;427.6;0;0;;Disabled;TempStop;1;700;431.6;0;0;0;549.9;449.9;Enabled;PosOk;1;0;0;0;0;0;15;Disabled;0;0;0;0;0;0;0;0;0;0;0;0;0;0;0;0;0;0;0;0;0;0;0;0;0;0;0;0;0;0;0;0;0;0;0;0;0;0;0;0;0;0;0;0;0;0;0;0;0;0;0;0;0;0;0;0;0;0;0;0;0;0;0;0;0;0;0;0;13;31;30;32;20;45;30;30;20;45;30;26;20;45;30;25;20;45;200;227;100;300;200;224;100;300;200;0;100;300;200;0;100;300;30;33;20;45;30;30;20;45;30;26;20;45;30;28;20;45;200;243;100;300;200;240;100;300;200;0;100;300;200;0;100;300;4;2;0.4;6;4;5;0.4;6;4;2;0.4;6;4;5;0.4;6;4;2;0.4;6;4;5;0.4;6;4;2;0.4;6;4;6;0.4;6;NOK;NOK;OK;10000;10025;8000;11000;OK;8.61;0;8;12;NOK;N/A;1.95;N/A;N/A;N/A;9;10.6;7;18;OK;;0;0;0;-;Disabled;TempOk;1;230;111.2;0;0;0;349.9;441543200 volvo 589-1;441543200 volvo 589-1;441543200 volvo 589-1
20260331_21:14:29;26599;4;3;940;953.7;910;970;OK;940;962.7;910;970;OK;960.1;960.6;-15;-17;-50;-5;OK;-15;-17.5;-50;-5;OK;-15.2;-15.7;0;-15;-16.9;-50;-5;OK;330;448;330;500;OK;265.58;266.2;N/A;N/A;N/A;N/A;N/A;N/A;N/A;N/A;N/A;N/A;N/A;N/A;N/A;N/A;N/A;N/A;N/A;N/A;N/A;N/A;N/A;N/A;N/A;N/A;N/A;N/A;N/A;N/A;N/A;N/A;N/A;N/A;N/A;N/A;N/A;N/A;N/A;N/A;N/A;N/A;N/A;N/A;N/A;N/A;N/A;N/A;N/A;N/A;N/A;N/A;N/A;N/A;N/A;N/A;N/A;N/A;N/A;N/A;N/A;N/A;N/A;N/A;N/A;N/A;N/A;N/A;N/A;N/A;N/A;N/A;N/A;N/A;N/A;N/A;N/A;N/A;N/A;N/A;N/A;N/A;N/A;N/A;N/A;N/A;N/A;N/A;N/A;N/A;N/A;N/A;N/A;N/A;N/A;N/A;N/A;N/A;N/A;N/A;;0;438.9;0;0;;Disabled;TempStop;1;700;442.8;0;0;0;549.9;449.9;Enabled;PosOk;1;0;0;0;0;0;15;Disabled;0;0;0;0;0;0;0;0;0;0;0;0;0;0;0;0;0;0;0;0;0;0;0;0;0;0;0;0;0;0;0;0;0;0;0;0;0;0;0;0;0;0;0;0;0;0;0;0;0;0;0;0;0;0;0;0;0;0;0;0;0;0;0;0;0;0;0;0;0;0;30;33;20;45;30;30;20;45;30;26;20;45;30;25;20;45;200;227;100;300;200;224;100;300;200;0;100;300;200;0;100;300;30;33;20;45;30;30;20;45;30;26;20;45;30;28;20;45;200;242;100;300;200;241;100;300;200;0;100;300;200;0;100;300;4;2;0.4;6;4;5;0.4;6;4;2;0.4;6;4;5;0.4;6;4;2;0.4;6;4;5;0.4;6;4;2;0.4;6;4;6;0.4;6;NOK;NOK;OK;10000;10029;8000;11000;OK;8.63;0;8;12;NOK;N/A;1.95;N/A;N/A;N/A;9;11.8;7;18;OK;;0;0;0;-;Disabled;TempOk;1;230;117.9;0;0;0;349.9;441543200 volvo 589-1;441543200 volvo 589-1;441543200 volvo 589-1
20260331_21:14:58;26600;3;3;940;944;910;970;OK;940;953.7;910;970;OK;953.3;953.3;-20;-18.7;-50;-25;NOK;-20;-20;-50;-25;NOK;-17.6;-17.7;0;-20;-18.8;-50;-25;NOK;330;448;330;500;OK;0;0;N/A;N/A;N/A;N/A;N/A;N/A;N/A;N/A;N/A;N/A;N/A;N/A;N/A;N/A;N/A;N/A;N/A;N/A;N/A;N/A;N/A;N/A;N/A;N/A;N/A;N/A;N/A;N/A;N/A;N/A;N/A;N/A;N/A;N/A;N/A;N/A;N/A;N/A;N/A;N/A;N/A;N/A;N/A;N/A;N/A;N/A;N/A;N/A;N/A;N/A;N/A;N/A;N/A;N/A;N/A;N/A;N/A;N/A;N/A;N/A;N/A;N/A;N/A;N/A;N/A;N/A;N/A;N/A;N/A;N/A;N/A;N/A;N/A;N/A;N/A;N/A;N/A;N/A;N/A;N/A;N/A;N/A;N/A;N/A;N/A;N/A;N/A;N/A;N/A;N/A;N/A;N/A;N/A;N/A;N/A;N/A;N/A;N/A;;0;428;0;0;;Disabled;TempStop;1;700;431.8;0;0;0;549.9;449.9;Enabled;PosOk;1;0;0;0;0;0;15;Disabled;0;0;0;0;0;0;0;0;0;0;0;0;0;0;0;0;0;0;0;0;0;0;0;0;0;0;0;0;0;0;0;0;0;0;0;0;0;0;0;0;0;0;0;0;0;0;0;0;0;0;0;0;0;0;0;0;0;0;0;0;0;0;0;0;0;0;0;0;0;0;30;33;20;45;30;30;20;45;30;25;20;45;30;25;20;45;200;227;100;300;200;224;100;300;200;0;100;300;200;0;100;300;30;33;20;45;30;30;20;45;30;26;20;45;30;28;20;45;200;242;100;300;200;240;100;300;200;0;100;300;200;0;100;300;4;2;0.4;6;4;5;0.4;6;4;2;0.4;6;4;5;0.4;6;4;2;0.4;6;4;5;0.4;6;4;2;0.4;6;4;6;0.4;6;NOK;NOK;OK;10000;10040;8000;11000;OK;8.64;0;8;12;NOK;N/A;1.95;N/A;N/A;N/A;9;11.7;7;18;OK;;0;0;0;-;Disabled;TempOk;1;230;112.8;0;0;0;349.9;441543200 volvo 589-1;441543200 volvo 589-1;441543200 volvo 589-1
20260331_21:15:28;26601;2;4;940;941.8;910;970;OK;940;948;910;970;OK;948.7;948;-15;-18.9;-50;-20;NOK;-15;-19.5;-50;-20;NOK;-18;-18.4;0;-15;-18.9;-50;-20;NOK;330;448;330;500;OK;0;0;N/A;N/A;N/A;N/A;N/A;N/A;N/A;N/A;N/A;N/A;N/A;N/A;N/A;N/A;N/A;N/A;N/A;N/A;N/A;N/A;N/A;N/A;N/A;N/A;N/A;N/A;N/A;N/A;N/A;N/A;N/A;N/A;N/A;N/A;N/A;N/A;N/A;N/A;N/A;N/A;N/A;N/A;N/A;N/A;N/A;N/A;N/A;N/A;N/A;N/A;N/A;N/A;N/A;N/A;N/A;N/A;N/A;N/A;N/A;N/A;N/A;N/A;N/A;N/A;N/A;N/A;N/A;N/A;N/A;N/A;N/A;N/A;N/A;N/A;N/A;N/A;N/A;N/A;N/A;N/A;N/A;N/A;N/A;N/A;N/A;N/A;N/A;N/A;N/A;N/A;N/A;N/A;N/A;N/A;N/A;N/A;N/A;N/A;;0;429.9;0;0;;Disabled;TempStop;1;700;433.8;0;0;0;549.9;449.9;Enabled;PosOk;1;0;0;0;0;0;15;Disabled;0;0;0;0;0;0;0;0;0;0;0;0;0;0;0;0;0;0;0;0;0;0;0;0;0;0;0;0;0;0;0;0;0;0;0;0;0;0;0;0;0;0;0;0;0;0;0;0;0;0;0;0;0;0;0;0;0;0;0;0;0;0;0;0;0;0;0;0;0;0;30;33;20;45;30;30;20;45;30;25;20;45;30;25;20;45;200;228;100;300;200;224;100;300;200;0;100;300;200;0;100;300;30;33;20;45;30;30;20;45;30;26;20;45;30;28;20;45;200;242;100;300;200;241;100;300;200;0;100;300;200;0;100;300;4;2;0.4;6;4;5;0.4;6;4;2;0.4;6;4;5;0.4;6;4;2;0.4;6;4;5;0.4;6;4;2;0.4;6;4;6;0.4;6;NOK;NOK;OK;10000;10036;8000;11000;OK;8.64;0;8;12;NOK;N/A;1.95;N/A;N/A;N/A;9;11.6;7;18;OK;;0;0;0;-;Disabled;TempOk;1;230;115.1;0;0;0;349.9;441543200 volvo 589-1;441543200 volvo 589-1;441543200 volvo 589-1
20260331_21:15:57;26602;1;4;940;939.1;910;970;OK;940;943.8;910;970;OK;946.1;945.5;-20;-11.9;-50;-25;NOK;-20;-12.4;-50;-25;NOK;-18.3;-19;0;-20;-11.9;-50;-25;NOK;330;448;330;500;OK;0;0;N/A;N/A;N/A;N/A;N/A;N/A;N/A;N/A;N/A;N/A;N/A;N/A;N/A;N/A;N/A;N/A;N/A;N/A;N/A;N/A;N/A;N/A;N/A;N/A;N/A;N/A;N/A;N/A;N/A;N/A;N/A;N/A;N/A;N/A;N/A;N/A;N/A;N/A;N/A;N/A;N/A;N/A;N/A;N/A;N/A;N/A;N/A;N/A;N/A;N/A;N/A;N/A;N/A;N/A;N/A;N/A;N/A;N/A;N/A;N/A;N/A;N/A;N/A;N/A;N/A;N/A;N/A;N/A;N/A;N/A;N/A;N/A;N/A;N/A;N/A;N/A;N/A;N/A;N/A;N/A;N/A;N/A;N/A;N/A;N/A;N/A;N/A;N/A;N/A;N/A;N/A;N/A;N/A;N/A;N/A;N/A;N/A;N/A;;0;411.6;0;0;;Disabled;TempStop;1;700;415.4;0;0;0;549.9;449.9;Enabled;PosOk;1;0;0;0;0;0;15;Disabled;0;0;0;0;0;0;0;0;0;0;0;0;0;0;0;0;0;0;0;0;0;0;0;0;0;0;0;0;0;0;0;0;0;0;0;0;0;0;0;0;0;0;0;0;0;0;0;0;0;0;0;0;0;0;0;0;0;0;0;0;0;0;0;0;0;0;0;0;15;28;30;33;20;45;30;29;20;45;30;25;20;45;30;25;20;45;200;228;100;300;200;224;100;300;200;0;100;300;200;0;100;300;30;33;20;45;30;29;20;45;30;26;20;45;30;29;20;45;200;243;100;300;200;240;100;300;200;0;100;300;200;0;100;300;4;2;0.4;6;4;5;0.4;6;4;2;0.4;6;4;6;0.4;6;4;2;0.4;6;4;6;0.4;6;4;2;0.4;6;4;6;0.4;6;NOK;NOK;OK;10000;10030;8000;11000;OK;8.64;0;8;12;NOK;N/A;1.95;N/A;N/A;N/A;9;10.8;7;18;OK;;0;0;0;-;Disabled;TempOk;1;230;113.6;0;0;0;349.9;441543200 volvo 589-1;441543200 volvo 589-1;441543200 volvo 589-1
20260331_21:16:27;26603;4;4;940;937.2;910;970;OK;940;961;910;970;OK;958.7;959.1;-15;-8.8;-50;-5;OK;-15;-8.3;-50;-5;OK;-15.2;-15.7;0;-15;-9;-50;-5;OK;330;448;330;500;OK;265.74;266.34;N/A;N/A;N/A;N/A;N/A;N/A;N/A;N/A;N/A;N/A;N/A;N/A;N/A;N/A;N/A;N/A;N/A;N/A;N/A;N/A;N/A;N/A;N/A;N/A;N/A;N/A;N/A;N/A;N/A;N/A;N/A;N/A;N/A;N/A;N/A;N/A;N/A;N/A;N/A;N/A;N/A;N/A;N/A;N/A;N/A;N/A;N/A;N/A;N/A;N/A;N/A;N/A;N/A;N/A;N/A;N/A;N/A;N/A;N/A;N/A;N/A;N/A;N/A;N/A;N/A;N/A;N/A;N/A;N/A;N/A;N/A;N/A;N/A;N/A;N/A;N/A;N/A;N/A;N/A;N/A;N/A;N/A;N/A;N/A;N/A;N/A;N/A;N/A;N/A;N/A;N/A;N/A;N/A;N/A;N/A;N/A;N/A;N/A;;0;421.2;0;0;;Disabled;TempStop;1;700;425.2;0;0;0;549.9;449.9;Enabled;PosOk;1;0;0;0;0;0;15;Disabled;0;0;0;0;0;0;0;0;0;0;0;0;0;0;0;0;0;0;0;0;0;0;0;0;0;0;0;0;0;0;0;0;0;0;0;0;0;0;0;0;0;0;0;0;0;0;0;0;0;0;0;0;0;0;0;0;0;0;0;0;0;0;0;0;0;0;0;0;0;0;30;33;20;45;30;29;20;45;30;26;20;45;30;26;20;45;200;228;100;300;200;224;100;300;200;0;100;300;200;0;100;300;30;33;20;45;30;29;20;45;30;26;20;45;30;28;20;45;200;243;100;300;200;240;100;300;200;0;100;300;200;0;100;300;4;2;0.4;6;4;5;0.4;6;4;2;0.4;6;4;6;0.4;6;4;2;0.4;6;4;5;0.4;6;4;2;0.4;6;4;6;0.4;6;NOK;NOK;OK;10000;10036;8000;11000;OK;8.64;0;8;12;NOK;N/A;1.95;N/A;N/A;N/A;9;11.6;7;18;OK;;0;0;0;-;Disabled;TempOk;1;230;112.9;0;0;0;349.9;441543200 volvo 589-1;441543200 volvo 589-1;441543200 volvo 589-1
20260331_21:16:56;26605;2;5;940;913.6;910;970;OK;940;912.8;910;970;OK;896.1;902.1;-15;-14.9;-50;-20;NOK;-15;-15.4;-50;-20;NOK;-14.4;-14.2;0;-15;-14.9;-50;-20;NOK;330;448;330;500;OK;0;0;;;;;;;;;;;;;;;;;;;;;;;;;;;;;;;;;;;;;;;;;;;;;;;;;;;;;;;;;;;;;;;;;;;;;;;;;;;;;;;;;;;;;;;;;;;;;;;;;;;;;;;;;;;;;;;;;;;;;;;;;;;;;;;;;;;;;;;;;;;;;;;;;;;;;;;;;;;;;;;;;;;;;;;;;;;;;;;;;;;;;;;;;;;;;;;;;;;;;;;;;;;;;;;;;;;;;;;;;;;;;;;;;;;;;;;;;;;;;;;;;;;;;;;;;;;;;;;;;;;;;;;;;;;;;;;;;;;;;;;;;;;;;;;;;;;;;;;;;;;;;;;;;;;;;;;;;;;;;;;;;;;;;;;;441543200 volvo 589-1;;;;
20260331_21:17:25;26594;3;5;940;945;910;970;OK;940;949.2;910;970;OK;955.3;954.5;-20;-17;-50;-25;NOK;-20;-17.8;-50;-25;NOK;-18.3;-17.9;0;-20;-16.9;-50;-25;NOK;330;801;330;500;NOK;0;0;;;;;;;;;;;;;;;;;;;;;;;;;;;;;;;;;;;;;;;;;;;;;;;;;;;;;;;;;;;;;;;;;;;;;;;;;;;;;;;;;;;;;;;;;;;;;;;;;;;;;;;;;;;;;;;;;;;;;;;;;;;;;;;;;;;;;;;;;;;;;;;;;;;;;;;;;;;;;;;;;;;;;;;;;;;;;;;;;;;;;;;;;;;;;;;;;;;;;;;;;;;;;;;;;;;;;;;;;;;;;;;;;;;;;;;;;;;;;;;;;;;;;;;;;;;;;;;;;;;;;;;;;;;;;;;;;;;;;;;;;;;;;;;;;;;;;;;;;;;;;;;;;;;;;;;;;;;;;;;;;;;;;;;;441543200 volvo 589-1;;;;
20260331_21:18:24;26607;2;2;940;938.9;910;970;OK;940;947.4;910;970;OK;948;947;-15;-18.7;-50;-20;NOK;-15;-18;-50;-20;NOK;-17.8;-18;0;-15;-18.7;-50;-20;NOK;330;341;330;500;OK;0;0;N/A;N/A;N/A;N/A;N/A;N/A;N/A;N/A;N/A;N/A;N/A;N/A;N/A;N/A;N/A;N/A;N/A;N/A;N/A;N/A;N/A;N/A;N/A;N/A;N/A;N/A;N/A;N/A;N/A;N/A;N/A;N/A;N/A;N/A;N/A;N/A;N/A;N/A;N/A;N/A;N/A;N/A;N/A;N/A;N/A;N/A;N/A;N/A;N/A;N/A;N/A;N/A;N/A;N/A;N/A;N/A;N/A;N/A;N/A;N/A;N/A;N/A;N/A;N/A;N/A;N/A;N/A;N/A;N/A;N/A;N/A;N/A;N/A;N/A;N/A;N/A;N/A;N/A;N/A;N/A;N/A;N/A;N/A;N/A;N/A;N/A;N/A;N/A;N/A;N/A;N/A;N/A;N/A;N/A;N/A;N/A;N/A;N/A;;0;386.6;0;0;;Disabled;TempStop;1;700;390.7;0;0;0;549.9;449.9;Enabled;PosOk;1;0;11.7;0;0;0;15;Disabled;0;0;0;0;0;0;0;0;0;0;0;0;0;0;0;0;0;0;0;0;0;0;0;0;0;0;0;0;0;0;0;0;0;0;0;0;0;0;0;0;0;0;0;0;0;0;0;0;0;0;0;0;0;0;0;0;0;0;0;0;0;0;0;0;0;0;0;0;0;0;30;31;20;45;30;30;20;45;30;26;20;45;30;25;20;45;200;227;100;300;200;225;100;300;200;0;100;300;200;0;100;300;30;31;20;45;30;30;20;45;30;26;20;45;30;28;20;45;200;243;100;300;200;240;100;300;200;0;100;300;200;0;100;300;4;2;0.4;6;4;5;0.4;6;4;2;0.4;6;4;6;0.4;6;4;2;0.4;6;4;6;0.4;6;4;2;0.4;6;4;6;0.4;6;NOK;NOK;OK;10000;10018;8000;11000;OK;8.61;0;8;12;NOK;N/A;1.95;N/A;N/A;N/A;9;11.1;7;18;OK;;0;0;0;-;Disabled;TempOk;1;230;97.8;0;0;0;349.9;441543200 volvo 589-1;441543200 volvo 589-1;441543200 volvo 589-1
20260331_21:18:25;26606;1;2;940;917;910;970;OK;940;914.9;910;970;OK;910.6;913.1;-20;-20.3;-50;-25;NOK;-20;-19.6;-50;-25;NOK;-18.2;-18.8;0;-20;-20.3;-50;-25;NOK;330;341;330;500;OK;0;0;;;;;;;;;;;;;;;;;;;;;;;;;;;;;;;;;;;;;;;;;;;;;;;;;;;;;;;;;;;;;;;;;;;;;;;;;;;;;;;;;;;;;;;;;;;;;;;;;;;;;;;;;;;;;;;;;;;;;;;;;;;;;;;;;;;;;;;;;;;;;;;;;;;;;;;;;;;;;;;;;;;;;;;;;;;;;;;;;;;;;;;;;;;;;;;;;;;;;;;;;;;;;;;;;;;;;;;;;;;;;;;;;;;;;;;;;;;;;;;;;;;;;;;;;;;;;;;;;;;;;;;;;;;;;;;;;;;;;;;;;;;;;;;;;;;;;;;;;;;;;;;;;;;;;;;;;;;;;;;;;;;;;;;;441543200 volvo 589-1;;;;
20260331_21:19:07;26608;4;2;940;955.4;910;970;OK;940;962.3;910;970;OK;962.1;962.5;-15;-14.8;-50;-5;OK;-15;-13.3;-50;-5;OK;-14.4;-13.8;0;-15;-14.8;-50;-5;OK;330;341;330;500;OK;266.13;266.54;N/A;N/A;N/A;N/A;N/A;N/A;N/A;N/A;N/A;N/A;N/A;N/A;N/A;N/A;N/A;N/A;N/A;N/A;N/A;N/A;N/A;N/A;N/A;N/A;N/A;N/A;N/A;N/A;N/A;N/A;N/A;N/A;N/A;N/A;N/A;N/A;N/A;N/A;N/A;N/A;N/A;N/A;N/A;N/A;N/A;N/A;N/A;N/A;N/A;N/A;N/A;N/A;N/A;N/A;N/A;N/A;N/A;N/A;N/A;N/A;N/A;N/A;N/A;N/A;N/A;N/A;N/A;N/A;N/A;N/A;N/A;N/A;N/A;N/A;N/A;N/A;N/A;N/A;N/A;N/A;N/A;N/A;N/A;N/A;N/A;N/A;N/A;N/A;N/A;N/A;N/A;N/A;N/A;N/A;N/A;N/A;N/A;N/A;;0;389;0;0;;Disabled;TempStop;1;700;393.5;0;0;0;549.9;449.9;Enabled;PosNotOk;1;0;31.2;0;0;0;15;Disabled;0;0;0;0;0;0;0;0;0;0;0;0;0;0;0;0;0;0;0;0;0;0;0;0;0;0;0;0;0;0;0;0;0;0;0;0;0;0;0;0;0;0;0;0;0;0;0;0;0;0;0;0;0;0;0;0;0;0;0;0;0;0;0;0;0;0;0;0;0;0;;;;;;;;;;;;;;;;;;;;;;;;;;;;;;;;;;;;;;;;;;;;;;;;;;;;;;;;;;;;;;;;;;;;;;;;;;;;;;;;;;;;;;;;;;;;;;;;;;;;;;;;;;;;;;;;;;;;;;;;;;;;;;;;;;;;;;441543200 volvo 589-1;441543200 volvo 589-1;;
20260331_21:21:44;26610;4;3;940;955.1;910;970;OK;940;961.2;910;970;OK;960.5;961;-15;-16.7;-50;-5;OK;-15;-13.1;-50;-5;OK;-15;-15.4;0;-15;-16.5;-50;-5;OK;330;423;330;500;OK;266.22;266.81;N/A;N/A;N/A;N/A;N/A;N/A;N/A;N/A;N/A;N/A;N/A;N/A;N/A;N/A;N/A;N/A;N/A;N/A;N/A;N/A;N/A;N/A;N/A;N/A;N/A;N/A;N/A;N/A;N/A;N/A;N/A;N/A;N/A;N/A;N/A;N/A;N/A;N/A;N/A;N/A;N/A;N/A;N/A;N/A;N/A;N/A;N/A;N/A;N/A;N/A;N/A;N/A;N/A;N/A;N/A;N/A;N/A;N/A;N/A;N/A;N/A;N/A;N/A;N/A;N/A;N/A;N/A;N/A;N/A;N/A;N/A;N/A;N/A;N/A;N/A;N/A;N/A;N/A;N/A;N/A;N/A;N/A;N/A;N/A;N/A;N/A;N/A;N/A;N/A;N/A;N/A;N/A;N/A;N/A;N/A;N/A;N/A;N/A;;0;385.9;0;0;;Disabled;TempStop;1;700;390.3;0;0;0;549.9;449.9;Enabled;PosOk;1;0;0;0;0;0;15;Disabled;0;0;0;0;0;0;0;0;0;0;0;0;0;0;0;0;0;0;0;0;0;0;0;0;0;0;0;0;0;0;0;0;0;0;0;0;0;0;0;0;0;0;0;0;0;0;0;0;0;0;0;0;0;0;0;0;0;0;0;0;0;0;0;0;0;0;0;0;0;0;30;30;20;45;30;30;20;45;30;26;20;45;30;25;20;45;200;227;100;300;200;224;100;300;200;0;100;300;200;0;100;300;30;31;20;45;30;30;20;45;30;26;20;45;30;28;20;45;200;242;100;300;200;240;100;300;200;0;100;300;200;0;100;300;4;2;0.4;6;4;5;0.4;6;4;2;0.4;6;4;6;0.4;6;4;2;0.4;6;4;5;0.4;6;4;2;0.4;6;4;6;0.4;6;NOK;NOK;OK;10000;10021;8000;11000;OK;8.62;0;8;12;NOK;N/A;1.95;N/A;N/A;N/A;9;11.6;7;18;OK;;0;0;0;-;Disabled;TempOk;1;230;99.7;0;0;0;349.9;441543200 volvo 589-1;441543200 volvo 589-1;441543200 volvo 589-1
20260331_21:22:13;26609;1;3;940;932.4;910;970;OK;940;931.4;910;970;OK;924.2;926.5;-20;-18.4;-50;-25;NOK;-20;-19.4;-50;-25;NOK;-19.8;-20.5;0;-20;-18.2;-50;-25;NOK;330;482;330;500;OK;0;0;N/A;N/A;N/A;N/A;N/A;N/A;N/A;N/A;N/A;N/A;N/A;N/A;N/A;N/A;N/A;N/A;N/A;N/A;N/A;N/A;N/A;N/A;N/A;N/A;N/A;N/A;N/A;N/A;N/A;N/A;N/A;N/A;N/A;N/A;N/A;N/A;N/A;N/A;N/A;N/A;N/A;N/A;N/A;N/A;N/A;N/A;N/A;N/A;N/A;N/A;N/A;N/A;N/A;N/A;N/A;N/A;N/A;N/A;N/A;N/A;N/A;N/A;N/A;N/A;N/A;N/A;N/A;N/A;N/A;N/A;N/A;N/A;N/A;N/A;N/A;N/A;N/A;N/A;N/A;N/A;N/A;N/A;N/A;N/A;N/A;N/A;N/A;N/A;N/A;N/A;N/A;N/A;N/A;N/A;N/A;N/A;N/A;N/A;;0;416.9;0;0;;Disabled;TempStop;1;700;420.5;0;0;0;549.9;449.9;Enabled;PosOk;1;0;0;0;0;0;15;Disabled;0;0;0;0;0;0;0;0;0;0;0;0;0;0;0;0;0;0;0;0;0;0;0;0;0;0;0;0;0;0;0;0;0;0;0;0;0;0;0;0;0;0;0;0;0;0;0;0;0;0;0;0;0;0;0;0;0;0;0;0;0;0;0;0;0;0;0;0;21;44;30;32;20;45;30;30;20;45;30;25;20;45;30;25;20;45;200;227;100;300;200;224;100;300;200;0;100;300;200;0;100;300;30;32;20;45;30;30;20;45;30;26;20;45;30;28;20;45;200;242;100;300;200;240;100;300;200;0;100;300;200;0;100;300;4;2;0.4;6;4;5;0.4;6;4;2;0.4;6;4;5;0.4;6;4;2;0.4;6;4;5;0.4;6;4;2;0.4;6;4;6;0.4;6;NOK;NOK;OK;10000;10041;8000;11000;OK;8.63;0;8;12;NOK;N/A;1.95;N/A;N/A;N/A;9;10.7;7;18;OK;;0;0;0;-;Disabled;TempOk;1;230;111.6;0;0;0;349.9;441543200 volvo 589-1;441543200 volvo 589-1;441543200 volvo 589-1
20260331_21:22:43;26612;2;4;940;939.9;910;970;OK;940;946.7;910;970;OK;947.1;946.8;-15;-19.6;-50;-20;NOK;-15;-19.6;-50;-20;NOK;-19.3;-19.2;0;-15;-19.6;-50;-20;NOK;330;423;330;500;OK;0;0;N/A;N/A;N/A;N/A;N/A;N/A;N/A;N/A;N/A;N/A;N/A;N/A;N/A;N/A;N/A;N/A;N/A;N/A;N/A;N/A;N/A;N/A;N/A;N/A;N/A;N/A;N/A;N/A;N/A;N/A;N/A;N/A;N/A;N/A;N/A;N/A;N/A;N/A;N/A;N/A;N/A;N/A;N/A;N/A;N/A;N/A;N/A;N/A;N/A;N/A;N/A;N/A;N/A;N/A;N/A;N/A;N/A;N/A;N/A;N/A;N/A;N/A;N/A;N/A;N/A;N/A;N/A;N/A;N/A;N/A;N/A;N/A;N/A;N/A;N/A;N/A;N/A;N/A;N/A;N/A;N/A;N/A;N/A;N/A;N/A;N/A;N/A;N/A;N/A;N/A;N/A;N/A;N/A;N/A;N/A;N/A;N/A;N/A;;0;429.1;0;0;;Disabled;TempStop;1;700;433.1;0;0;0;549.9;449.9;Enabled;PosOk;1;0;0;0;0;0;15;Disabled;0;0;0;0;0;0;0;0;0;0;0;0;0;0;0;0;0;0;0;0;0;0;0;0;0;0;0;0;0;0;0;0;0;0;0;0;0;0;0;0;0;0;0;0;0;0;0;0;0;0;0;0;0;0;0;0;0;0;0;0;0;0;0;0;0;0;0;0;0;0;30;32;20;45;30;30;20;45;30;26;20;45;30;25;20;45;200;227;100;300;200;224;100;300;200;0;100;300;200;0;100;300;30;32;20;45;30;30;20;45;30;26;20;45;30;28;20;45;200;242;100;300;200;240;100;300;200;0;100;300;200;0;100;300;4;2;0.4;6;4;5;0.4;6;4;2;0.4;6;4;6;0.4;6;4;2;0.4;6;4;5;0.4;6;4;2;0.4;6;4;6;0.4;6;NOK;NOK;OK;10000;10044;8000;11000;OK;8.65;0;8;12;NOK;N/A;1.95;N/A;N/A;N/A;9;11.6;7;18;OK;;0;0;0;-;Disabled;TempOk;1;230;112.5;0;0;0;349.9;441543200 volvo 589-1;441543200 volvo 589-1;441543200 volvo 589-1
20260331_21:23:12;26611;3;3;940;946.1;910;970;OK;940;957.5;910;970;OK;954.1;954;-20;-20.3;-50;-25;NOK;-20;-21.6;-50;-25;NOK;-19.2;-19.1;0;-20;-20.3;-50;-25;NOK;330;482;330;500;OK;0;0;N/A;N/A;N/A;N/A;N/A;N/A;N/A;N/A;N/A;N/A;N/A;N/A;N/A;N/A;N/A;N/A;N/A;N/A;N/A;N/A;N/A;N/A;N/A;N/A;N/A;N/A;N/A;N/A;N/A;N/A;N/A;N/A;N/A;N/A;N/A;N/A;N/A;N/A;N/A;N/A;N/A;N/A;N/A;N/A;N/A;N/A;N/A;N/A;N/A;N/A;N/A;N/A;N/A;N/A;N/A;N/A;N/A;N/A;N/A;N/A;N/A;N/A;N/A;N/A;N/A;N/A;N/A;N/A;N/A;N/A;N/A;N/A;N/A;N/A;N/A;N/A;N/A;N/A;N/A;N/A;N/A;N/A;N/A;N/A;N/A;N/A;N/A;N/A;N/A;N/A;N/A;N/A;N/A;N/A;N/A;N/A;N/A;N/A;;0;435.1;0;0;;Disabled;TempStop;1;700;438.7;0;0;0;549.9;449.9;Enabled;PosOk;1;0;0;0;0;0;15;Disabled;0;0;0;0;0;0;0;0;0;0;0;0;0;0;0;0;0;0;0;0;0;0;0;0;0;0;0;0;0;0;0;0;0;0;0;0;0;0;0;0;0;0;0;0;0;0;0;0;0;0;0;0;0;0;0;0;0;0;0;0;0;0;0;0;0;0;0;0;0;0;30;32;20;45;30;30;20;45;30;26;20;45;30;25;20;45;200;227;100;300;200;224;100;300;200;1;100;300;200;0;100;300;30;33;20;45;30;29;20;45;30;26;20;45;30;28;20;45;200;243;100;300;200;240;100;300;200;0;100;300;200;0;100;300;4;2;0.4;6;4;5;0.4;6;4;2;0.4;6;4;5;0.4;6;4;2;0.4;6;4;6;0.4;6;4;2;0.4;6;4;6;0.4;6;NOK;NOK;OK;10000;10051;8000;11000;OK;8.65;0;8;12;NOK;N/A;1.95;N/A;N/A;N/A;9;11.7;7;18;OK;;0;0;0;-;Disabled;TempOk;1;230;115.4;0;0;0;349.9;441543200 volvo 589-1;441543200 volvo 589-1;441543200 volvo 589-1
20260331_21:23:42;26614;4;4;940;938.2;910;970;OK;940;950.5;910;970;OK;943.3;945.8;-15;-9;-50;-5;OK;-15;-8.6;-50;-5;OK;-11.8;-12.6;0;-15;-9.2;-50;-5;OK;330;423;330;500;OK;266.36;266.97;N/A;N/A;N/A;N/A;N/A;N/A;N/A;N/A;N/A;N/A;N/A;N/A;N/A;N/A;N/A;N/A;N/A;N/A;N/A;N/A;N/A;N/A;N/A;N/A;N/A;N/A;N/A;N/A;N/A;N/A;N/A;N/A;N/A;N/A;N/A;N/A;N/A;N/A;N/A;N/A;N/A;N/A;N/A;N/A;N/A;N/A;N/A;N/A;N/A;N/A;N/A;N/A;N/A;N/A;N/A;N/A;N/A;N/A;N/A;N/A;N/A;N/A;N/A;N/A;N/A;N/A;N/A;N/A;N/A;N/A;N/A;N/A;N/A;N/A;N/A;N/A;N/A;N/A;N/A;N/A;N/A;N/A;N/A;N/A;N/A;N/A;N/A;N/A;N/A;N/A;N/A;N/A;N/A;N/A;N/A;N/A;N/A;N/A;;0;414;0;0;;Disabled;TempStop;1;700;418.1;0;0;0;549.9;449.9;Enabled;PosOk;1;0;0;0;0;0;15;Disabled;0;0;0;0;0;0;0;0;0;0;0;0;0;0;0;0;0;0;0;0;0;0;0;0;0;0;0;0;0;0;0;0;0;0;0;0;0;0;0;0;0;0;0;0;0;0;0;0;0;0;0;0;0;0;0;0;0;0;0;0;0;0;0;0;0;0;0;0;0;0;30;33;20;45;30;29;20;45;30;25;20;45;30;25;20;45;200;227;100;300;200;224;100;300;200;0;100;300;200;0;100;300;30;32;20;45;30;29;20;45;30;26;20;45;30;28;20;45;200;242;100;300;200;241;100;300;200;0;100;300;200;0;100;300;4;2;0.4;6;4;6;0.4;6;4;2;0.4;6;4;5;0.4;6;4;2;0.4;6;4;6;0.4;6;4;2;0.4;6;4;6;0.4;6;NOK;NOK;OK;10000;10033;8000;11000;OK;8.68;0;8;12;NOK;N/A;1.95;N/A;N/A;N/A;9;11.1;7;18;OK;;0;0;0;-;Disabled;TempOk;1;230;114.1;0;0;0;349.9;441543200 volvo 589-1;441543200 volvo 589-1;441543200 volvo 589-1
20260331_21:24:11;26613;1;4;940;937.2;910;970;OK;940;942.8;910;970;OK;945.6;944.8;-20;-12.3;-50;-25;NOK;-20;-14;-50;-25;NOK;-17.8;-17.7;0;-20;-12.4;-50;-25;NOK;330;482;330;500;OK;0;0;N/A;N/A;N/A;N/A;N/A;N/A;N/A;N/A;N/A;N/A;N/A;N/A;N/A;N/A;N/A;N/A;N/A;N/A;N/A;N/A;N/A;N/A;N/A;N/A;N/A;N/A;N/A;N/A;N/A;N/A;N/A;N/A;N/A;N/A;N/A;N/A;N/A;N/A;N/A;N/A;N/A;N/A;N/A;N/A;N/A;N/A;N/A;N/A;N/A;N/A;N/A;N/A;N/A;N/A;N/A;N/A;N/A;N/A;N/A;N/A;N/A;N/A;N/A;N/A;N/A;N/A;N/A;N/A;N/A;N/A;N/A;N/A;N/A;N/A;N/A;N/A;N/A;N/A;N/A;N/A;N/A;N/A;N/A;N/A;N/A;N/A;N/A;N/A;N/A;N/A;N/A;N/A;N/A;N/A;N/A;N/A;N/A;N/A;;0;408.8;0;0;;Disabled;TempStop;1;700;412.5;0;0;0;549.9;449.9;Enabled;PosOk;1;0;0;0;0;0;15;Disabled;0;0;0;0;0;0;0;0;0;0;0;0;0;0;0;0;0;0;0;0;0;0;0;0;0;0;0;0;0;0;0;0;0;0;0;0;0;0;0;0;0;0;0;0;0;0;0;0;0;0;0;0;0;0;0;0;0;0;0;0;0;0;0;0;0;0;0;0;23;42;30;32;20;45;30;29;20;45;30;25;20;45;30;25;20;45;200;227;100;300;200;224;100;300;200;0;100;300;200;0;100;300;30;33;20;45;30;30;20;45;30;26;20;45;30;28;20;45;200;242;100;300;200;240;100;300;200;0;100;300;200;0;100;300;4;2;0.4;6;4;5;0.4;6;4;2;0.4;6;4;5;0.4;6;4;2;0.4;6;4;5;0.4;6;4;2;0.4;6;4;6;0.4;6;NOK;NOK;OK;10000;10035;8000;11000;OK;8.64;0;8;12;NOK;N/A;1.95;N/A;N/A;N/A;9;10.8;7;18;OK;;0;0;0;-;Disabled;TempOk;1;230;113.8;0;0;0;349.9;441543200 volvo 589-1;441543200 volvo 589-1;441543200 volvo 589-1
20260331_21:24:41;26616;2;2;940;938.9;910;970;OK;940;947.5;910;970;OK;947.3;947.6;-15;-18.1;-50;-20;NOK;-15;-17.5;-50;-20;NOK;-16.7;-16.9;0;-15;-18.1;-50;-20;NOK;330;364;330;500;OK;0;0;N/A;N/A;N/A;N/A;N/A;N/A;N/A;N/A;N/A;N/A;N/A;N/A;N/A;N/A;N/A;N/A;N/A;N/A;N/A;N/A;N/A;N/A;N/A;N/A;N/A;N/A;N/A;N/A;N/A;N/A;N/A;N/A;N/A;N/A;N/A;N/A;N/A;N/A;N/A;N/A;N/A;N/A;N/A;N/A;N/A;N/A;N/A;N/A;N/A;N/A;N/A;N/A;N/A;N/A;N/A;N/A;N/A;N/A;N/A;N/A;N/A;N/A;N/A;N/A;N/A;N/A;N/A;N/A;N/A;N/A;N/A;N/A;N/A;N/A;N/A;N/A;N/A;N/A;N/A;N/A;N/A;N/A;N/A;N/A;N/A;N/A;N/A;N/A;N/A;N/A;N/A;N/A;N/A;N/A;N/A;N/A;N/A;N/A;;0;416.9;0;0;;Disabled;TempStop;1;700;420.7;0;0;0;549.9;449.9;Enabled;PosOk;1;0;0;0;0;0;15;Disabled;0;0;0;0;0;0;0;0;0;0;0;0;0;0;0;0;0;0;0;0;0;0;0;0;0;0;0;0;0;0;0;0;0;0;0;0;0;0;0;0;0;0;0;0;0;0;0;0;0;0;0;0;0;0;0;0;0;0;0;0;0;0;0;0;0;0;0;0;0;0;30;33;20;45;30;30;20;45;30;25;20;45;30;25;20;45;200;227;100;300;200;224;100;300;200;0;100;300;200;0;100;300;30;33;20;45;30;30;20;45;30;26;20;45;30;28;20;45;200;242;100;300;200;241;100;300;200;0;100;300;200;0;100;300;4;2;0.4;6;4;5;0.4;6;4;2;0.4;6;4;5;0.4;6;4;2;0.4;6;4;6;0.4;6;4;2;0.4;6;4;6;0.4;6;NOK;NOK;OK;10000;10052;8000;11000;OK;8.65;0;8;12;NOK;N/A;1.95;N/A;N/A;N/A;9;11.6;7;18;OK;;0;0;0;-;Disabled;TempOk;1;230;113.4;0;0;0;349.9;441543200 volvo 589-1;441543200 volvo 589-1;441543200 volvo 589-1
20260331_21:25:10;26615;3;4;940;945.4;910;970;OK;940;955.6;910;970;OK;953.1;954.9;-20;-13.7;-50;-25;NOK;-20;-13.6;-50;-25;NOK;-20.4;-21.3;0;-20;-13.6;-50;-25;NOK;330;482;330;500;OK;0;0;N/A;N/A;N/A;N/A;N/A;N/A;N/A;N/A;N/A;N/A;N/A;N/A;N/A;N/A;N/A;N/A;N/A;N/A;N/A;N/A;N/A;N/A;N/A;N/A;N/A;N/A;N/A;N/A;N/A;N/A;N/A;N/A;N/A;N/A;N/A;N/A;N/A;N/A;N/A;N/A;N/A;N/A;N/A;N/A;N/A;N/A;N/A;N/A;N/A;N/A;N/A;N/A;N/A;N/A;N/A;N/A;N/A;N/A;N/A;N/A;N/A;N/A;N/A;N/A;N/A;N/A;N/A;N/A;N/A;N/A;N/A;N/A;N/A;N/A;N/A;N/A;N/A;N/A;N/A;N/A;N/A;N/A;N/A;N/A;N/A;N/A;N/A;N/A;N/A;N/A;N/A;N/A;N/A;N/A;N/A;N/A;N/A;N/A;;0;427.7;0;0;;Disabled;TempStop;1;700;431.6;0;0;0;549.9;449.9;Enabled;PosOk;1;0;0;0;0;0;15;Disabled;0;0;0;0;0;0;0;0;0;0;0;0;0;0;0;0;0;0;0;0;0;0;0;0;0;0;0;0;0;0;0;0;0;0;0;0;0;0;0;0;0;0;0;0;0;0;0;0;0;0;0;0;0;0;0;0;0;0;0;0;0;0;0;0;0;0;0;0;0;0;30;33;20;45;30;30;20;45;30;25;20;45;30;25;20;45;200;227;100;300;200;224;100;300;200;0;100;300;200;0;100;300;30;33;20;45;30;30;20;45;30;26;20;45;30;28;20;45;200;243;100;300;200;240;100;300;200;0;100;300;200;0;100;300;4;2;0.4;6;4;5;0.4;6;4;2;0.4;6;4;5;0.4;6;4;2;0.4;6;4;5;0.4;6;4;2;0.4;6;4;6;0.4;6;NOK;NOK;OK;10000;10033;8000;11000;OK;8.64;0;8;12;NOK;N/A;1.96;N/A;N/A;N/A;9;11.7;7;18;OK;;0;0;0;-;Disabled;TempOk;1;230;112.2;0;0;0;349.9;441543200 volvo 589-1;441543200 volvo 589-1;441543200 volvo 589-1
20260331_21:25:39;26619;4;2;940;953.7;910;970;OK;940;963.9;910;970;OK;958.9;960.7;-15;-13.2;-50;-5;OK;-15;-18.4;-50;-5;OK;-18.6;-18.7;0;-15;-13.2;-50;-5;OK;330;364;330;500;OK;266.56;267.1;N/A;N/A;N/A;N/A;N/A;N/A;N/A;N/A;N/A;N/A;N/A;N/A;N/A;N/A;N/A;N/A;N/A;N/A;N/A;N/A;N/A;N/A;N/A;N/A;N/A;N/A;N/A;N/A;N/A;N/A;N/A;N/A;N/A;N/A;N/A;N/A;N/A;N/A;N/A;N/A;N/A;N/A;N/A;N/A;N/A;N/A;N/A;N/A;N/A;N/A;N/A;N/A;N/A;N/A;N/A;N/A;N/A;N/A;N/A;N/A;N/A;N/A;N/A;N/A;N/A;N/A;N/A;N/A;N/A;N/A;N/A;N/A;N/A;N/A;N/A;N/A;N/A;N/A;N/A;N/A;N/A;N/A;N/A;N/A;N/A;N/A;N/A;N/A;N/A;N/A;N/A;N/A;N/A;N/A;N/A;N/A;N/A;N/A;;0;424;0;0;;Disabled;TempStop;1;700;427.7;0;0;0;549.9;449.9;Enabled;PosOk;1;0;0;0;0;0;15;Disabled;0;0;0;0;0;0;0;0;0;0;0;0;0;0;0;0;0;0;0;0;0;0;0;0;0;0;0;0;0;0;0;0;0;0;0;0;0;0;0;0;0;0;0;0;0;0;0;0;0;0;0;0;0;0;0;0;0;0;0;0;0;0;0;0;0;0;0;0;0;0;30;33;20;45;30;30;20;45;30;26;20;45;30;25;20;45;200;227;100;300;200;224;100;300;200;0;100;300;200;0;100;300;30;33;20;45;30;30;20;45;30;26;20;45;30;28;20;45;200;243;100;300;200;241;100;300;200;0;100;300;200;0;100;300;4;2;0.4;6;4;5;0.4;6;4;2;0.4;6;4;6;0.4;6;4;2;0.4;6;4;5;0.4;6;4;2;0.4;6;4;6;0.4;6;NOK;NOK;OK;10000;10040;8000;11000;OK;8.65;0;8;12;NOK;N/A;1.96;N/A;N/A;N/A;9;11.7;7;18;OK;;0;0;0;-;Disabled;TempOk;1;230;110.5;0;0;0;349.9;441543200 volvo 589-1;441543200 volvo 589-1;441543200 volvo 589-1
20260331_21:26:09;26617;3;5;940;945;910;970;OK;940;952.5;910;970;OK;956.1;955.1;-20;-17;-50;-25;NOK;-20;-17.4;-50;-25;NOK;-19.7;-20.6;0;-20;-16.8;-50;-25;NOK;330;482;330;500;OK;0;0;N/A;N/A;N/A;N/A;N/A;N/A;N/A;N/A;N/A;N/A;N/A;N/A;N/A;N/A;N/A;N/A;N/A;N/A;N/A;N/A;N/A;N/A;N/A;N/A;N/A;N/A;N/A;N/A;N/A;N/A;N/A;N/A;N/A;N/A;N/A;N/A;N/A;N/A;N/A;N/A;N/A;N/A;N/A;N/A;N/A;N/A;N/A;N/A;N/A;N/A;N/A;N/A;N/A;N/A;N/A;N/A;N/A;N/A;N/A;N/A;N/A;N/A;N/A;N/A;N/A;N/A;N/A;N/A;N/A;N/A;N/A;N/A;N/A;N/A;N/A;N/A;N/A;N/A;N/A;N/A;N/A;N/A;N/A;N/A;N/A;N/A;N/A;N/A;N/A;N/A;N/A;N/A;N/A;N/A;N/A;N/A;N/A;N/A;;0;428.3;0;0;;Disabled;TempStop;1;700;432.1;0;0;0;549.9;449.9;Enabled;PosOk;1;0;0;0;0;0;15;Disabled;0;0;0;0;0;0;0;0;0;0;0;0;0;0;0;0;0;0;0;0;0;0;0;0;0;0;0;0;0;0;0;0;0;0;0;0;0;0;0;0;0;0;0;0;0;0;0;0;0;0;0;0;0;0;0;0;0;0;0;0;0;0;0;0;0;0;0;0;0;0;30;33;20;45;30;30;20;45;30;25;20;45;30;25;20;45;200;227;100;300;200;224;100;300;200;0;100;300;200;0;100;300;30;33;20;45;30;30;20;45;30;26;20;45;30;28;20;45;200;243;100;300;200;240;100;300;200;0;100;300;200;0;100;300;4;2;0.4;6;4;5;0.4;6;4;2;0.4;6;4;5;0.4;6;4;2;0.4;6;4;5;0.4;6;4;2;0.4;6;4;5;0.4;6;NOK;NOK;OK;10000;10053;8000;11000;OK;8.65;0;8;12;NOK;N/A;1.95;N/A;N/A;N/A;9;11.7;7;18;OK;;0;0;0;-;Disabled;TempOk;1;230;114.1;0;0;0;349.9;441543200 volvo 589-1;441543200 volvo 589-1;441543200 volvo 589-1
20260331_21:27:37;26620;4;3;940;952.8;910;970;OK;940;958.8;910;970;OK;958.7;959.2;-15;-13.8;-50;-5;OK;-15;-12.4;-50;-5;OK;-16.8;-14.5;0;-15;-14;-50;-5;OK;330;341;330;500;OK;266.83;267.3;N/A;N/A;N/A;N/A;N/A;N/A;N/A;N/A;N/A;N/A;N/A;N/A;N/A;N/A;N/A;N/A;N/A;N/A;N/A;N/A;N/A;N/A;N/A;N/A;N/A;N/A;N/A;N/A;N/A;N/A;N/A;N/A;N/A;N/A;N/A;N/A;N/A;N/A;N/A;N/A;N/A;N/A;N/A;N/A;N/A;N/A;N/A;N/A;N/A;N/A;N/A;N/A;N/A;N/A;N/A;N/A;N/A;N/A;N/A;N/A;N/A;N/A;N/A;N/A;N/A;N/A;N/A;N/A;N/A;N/A;N/A;N/A;N/A;N/A;N/A;N/A;N/A;N/A;N/A;N/A;N/A;N/A;N/A;N/A;N/A;N/A;N/A;N/A;N/A;N/A;N/A;N/A;N/A;N/A;N/A;N/A;N/A;N/A;;0;386.9;0;0;;Disabled;TempStop;1;700;390.4;0;0;0;549.9;449.9;Enabled;PosOk;1;0;0;0;0;0;15;Disabled;0;0;0;0;0;0;0;0;0;0;0;0;0;0;0;0;0;0;0;0;0;0;0;0;0;0;0;0;0;0;0;0;0;0;0;0;0;0;0;0;0;0;0;0;0;0;0;0;0;0;0;0;0;0;0;0;0;0;0;0;0;0;0;0;0;0;0;0;0;0;30;31;20;45;30;30;20;45;30;26;20;45;30;25;20;45;200;227;100;300;200;224;100;300;200;0;100;300;200;0;100;300;30;32;20;45;30;30;20;45;30;26;20;45;30;28;20;45;200;242;100;300;200;241;100;300;200;0;100;300;200;0;100;300;4;2;0.4;6;4;5;0.4;6;4;2;0.4;6;4;5;0.4;6;4;2;0.4;6;4;5;0.4;6;4;2;0.4;6;4;6;0.4;6;NOK;NOK;OK;10000;10044;8000;11000;OK;8.65;0;8;12;NOK;N/A;1.95;N/A;N/A;N/A;9;11.6;7;18;OK;;0;0;0;-;Disabled;TempOk;1;230;95.3;0;0;0;349.9;441543200 volvo 589-1;441543200 volvo 589-1;441543200 volvo 589-1
20260331_21:28:06;26618;1;3;940;923.2;910;970;OK;940;922.7;910;970;OK;917.6;920.4;-20;-19.8;-50;-25;NOK;-20;-21.1;-50;-25;NOK;-21.1;-21.2;0;-20;-19.8;-50;-25;NOK;330;341;330;500;OK;0;0;N/A;N/A;N/A;N/A;N/A;N/A;N/A;N/A;N/A;N/A;N/A;N/A;N/A;N/A;N/A;N/A;N/A;N/A;N/A;N/A;N/A;N/A;N/A;N/A;N/A;N/A;N/A;N/A;N/A;N/A;N/A;N/A;N/A;N/A;N/A;N/A;N/A;N/A;N/A;N/A;N/A;N/A;N/A;N/A;N/A;N/A;N/A;N/A;N/A;N/A;N/A;N/A;N/A;N/A;N/A;N/A;N/A;N/A;N/A;N/A;N/A;N/A;N/A;N/A;N/A;N/A;N/A;N/A;N/A;N/A;N/A;N/A;N/A;N/A;N/A;N/A;N/A;N/A;N/A;N/A;N/A;N/A;N/A;N/A;N/A;N/A;N/A;N/A;N/A;N/A;N/A;N/A;N/A;N/A;N/A;N/A;N/A;N/A;;0;400.8;0;0;;Disabled;TempStop;1;700;404.5;0;0;0;549.9;449.9;Enabled;PosOk;1;0;0;0;0;0;15;Disabled;0;0;0;0;0;0;0;0;0;0;0;0;0;0;0;0;0;0;0;0;0;0;0;0;0;0;0;0;0;0;0;0;0;0;0;0;0;0;0;0;0;0;0;0;0;0;0;0;0;0;0;0;0;0;0;0;0;0;0;0;0;0;0;0;0;0;0;0;27;38;30;33;20;45;30;30;20;45;30;26;20;45;30;25;20;45;200;227;100;300;200;224;100;300;200;0;100;300;200;0;100;300;30;33;20;45;30;30;20;45;30;26;20;45;30;28;20;45;200;242;100;300;200;240;100;300;200;0;100;300;200;0;100;300;4;2;0.4;6;4;5;0.4;6;4;2;0.4;6;4;6;0.4;6;4;2;0.4;6;4;5;0.4;6;4;2;0.4;6;4;6;0.4;6;NOK;NOK;OK;10000;10040;8000;11000;OK;8.65;0;8;12;NOK;N/A;1.95;N/A;N/A;N/A;9;10.7;7;18;OK;;0;0;0;-;Disabled;TempOk;1;230;106.9;0;0;0;349.9;441543200 volvo 589-1;441543200 volvo 589-1;441543200 volvo 589-1
20260331_21:28:36;26621;2;4;940;938;910;970;OK;940;946;910;970;OK;946.6;946.2;-15;-19.8;-50;-20;NOK;-15;-18.5;-50;-20;NOK;-18.5;-18.4;0;-15;-19.8;-50;-20;NOK;330;341;330;500;OK;0;0;N/A;N/A;N/A;N/A;N/A;N/A;N/A;N/A;N/A;N/A;N/A;N/A;N/A;N/A;N/A;N/A;N/A;N/A;N/A;N/A;N/A;N/A;N/A;N/A;N/A;N/A;N/A;N/A;N/A;N/A;N/A;N/A;N/A;N/A;N/A;N/A;N/A;N/A;N/A;N/A;N/A;N/A;N/A;N/A;N/A;N/A;N/A;N/A;N/A;N/A;N/A;N/A;N/A;N/A;N/A;N/A;N/A;N/A;N/A;N/A;N/A;N/A;N/A;N/A;N/A;N/A;N/A;N/A;N/A;N/A;N/A;N/A;N/A;N/A;N/A;N/A;N/A;N/A;N/A;N/A;N/A;N/A;N/A;N/A;N/A;N/A;N/A;N/A;N/A;N/A;N/A;N/A;N/A;N/A;N/A;N/A;N/A;N/A;;0;419.7;0;0;;Disabled;TempStop;1;700;423.1;0;0;0;549.9;449.9;Enabled;PosOk;1;0;0;0;0;0;15;Disabled;0;0;0;0;0;0;0;0;0;0;0;0;0;0;0;0;0;0;0;0;0;0;0;0;0;0;0;0;0;0;0;0;0;0;0;0;0;0;0;0;0;0;0;0;0;0;0;0;0;0;0;0;0;0;0;0;0;0;0;0;0;0;0;0;0;0;0;0;0;0;30;33;20;45;30;29;20;45;30;26;20;45;30;25;20;45;200;227;100;300;200;224;100;300;200;0;100;300;200;0;100;300;30;32;20;45;30;29;20;45;30;26;20;45;30;28;20;45;200;242;100;300;200;240;100;300;200;0;100;300;200;0;100;300;4;2;0.4;6;4;5;0.4;6;4;2;0.4;6;4;5;0.4;6;4;2;0.4;6;4;5;0.4;6;4;2;0.4;6;4;6;0.4;6;NOK;NOK;OK;10000;10032;8000;11000;OK;8.65;0;8;12;NOK;N/A;1.95;N/A;N/A;N/A;9;11.5;7;18;OK;;0;0;0;-;Disabled;TempOk;1;230;113.9;0;0;0;349.9;441543200 volvo 589-1;441543200 volvo 589-1;441543200 volvo 589-1
20260331_21:29:05;26622;3;3;940;947.5;910;970;OK;940;953.9;910;970;OK;954.5;954;-20;-21.7;-50;-25;NOK;-20;-19.4;-50;-25;NOK;-19.5;-19.3;0;-20;-21.7;-50;-25;NOK;330;341;330;500;OK;0;0;N/A;N/A;N/A;N/A;N/A;N/A;N/A;N/A;N/A;N/A;N/A;N/A;N/A;N/A;N/A;N/A;N/A;N/A;N/A;N/A;N/A;N/A;N/A;N/A;N/A;N/A;N/A;N/A;N/A;N/A;N/A;N/A;N/A;N/A;N/A;N/A;N/A;N/A;N/A;N/A;N/A;N/A;N/A;N/A;N/A;N/A;N/A;N/A;N/A;N/A;N/A;N/A;N/A;N/A;N/A;N/A;N/A;N/A;N/A;N/A;N/A;N/A;N/A;N/A;N/A;N/A;N/A;N/A;N/A;N/A;N/A;N/A;N/A;N/A;N/A;N/A;N/A;N/A;N/A;N/A;N/A;N/A;N/A;N/A;N/A;N/A;N/A;N/A;N/A;N/A;N/A;N/A;N/A;N/A;N/A;N/A;N/A;N/A;;0;424.9;0;0;;Disabled;TempStop;1;700;428.2;0;0;0;549.9;449.9;Enabled;PosOk;1;0;0;0;0;0;15;Disabled;0;0;0;0;0;0;0;0;0;0;0;0;0;0;0;0;0;0;0;0;0;0;0;0;0;0;0;0;0;0;0;0;0;0;0;0;0;0;0;0;0;0;0;0;0;0;0;0;0;0;0;0;0;0;0;0;0;0;0;0;0;0;0;0;0;0;0;0;0;0;30;32;20;45;30;29;20;45;30;26;20;45;30;25;20;45;200;227;100;300;200;224;100;300;200;0;100;300;200;0;100;300;30;32;20;45;30;29;20;45;30;26;20;45;30;28;20;45;200;242;100;300;200;240;100;300;200;0;100;300;200;0;100;300;4;2;0.4;6;4;5;0.4;6;4;2;0.4;6;4;5;0.4;6;4;2;0.4;6;4;5;0.4;6;4;2;0.4;6;4;6;0.4;6;NOK;NOK;OK;10000;10039;8000;11000;OK;8.64;0;8;12;NOK;N/A;1.95;N/A;N/A;N/A;9;11.8;7;18;OK;;0;0;0;-;Disabled;TempOk;1;230;110.1;0;0;0;349.9;441543200 volvo 589-1;441543200 volvo 589-1;441543200 volvo 589-1
20260331_21:29:35;26623;4;4;940;930.3;910;970;OK;940;939.8;910;970;OK;934.1;937.4;-15;-9.4;-50;-5;OK;-15;-7.4;-50;-5;OK;-11.9;-7.1;0;-15;-9.5;-50;-5;OK;330;341;330;500;OK;266.99;267.46;N/A;N/A;N/A;N/A;N/A;N/A;N/A;N/A;N/A;N/A;N/A;N/A;N/A;N/A;N/A;N/A;N/A;N/A;N/A;N/A;N/A;N/A;N/A;N/A;N/A;N/A;N/A;N/A;N/A;N/A;N/A;N/A;N/A;N/A;N/A;N/A;N/A;N/A;N/A;N/A;N/A;N/A;N/A;N/A;N/A;N/A;N/A;N/A;N/A;N/A;N/A;N/A;N/A;N/A;N/A;N/A;N/A;N/A;N/A;N/A;N/A;N/A;N/A;N/A;N/A;N/A;N/A;N/A;N/A;N/A;N/A;N/A;N/A;N/A;N/A;N/A;N/A;N/A;N/A;N/A;N/A;N/A;N/A;N/A;N/A;N/A;N/A;N/A;N/A;N/A;N/A;N/A;N/A;N/A;N/A;N/A;N/A;N/A;;0;413.2;0;0;;Disabled;TempStop;1;700;416.4;0;0;0;549.9;449.9;Enabled;PosOk;1;0;0;0;0;0;15;Disabled;0;0;0;0;0;0;0;0;0;0;0;0;0;0;0;0;0;0;0;0;0;0;0;0;0;0;0;0;0;0;0;0;0;0;0;0;0;0;0;0;0;0;0;0;0;0;0;0;0;0;0;0;0;0;0;0;0;0;0;0;0;0;0;0;0;0;0;0;0;0;30;32;20;45;30;29;20;45;30;25;20;45;30;25;20;45;200;227;100;300;200;224;100;300;200;0;100;300;200;0;100;300;30;32;20;45;30;29;20;45;30;26;20;45;30;28;20;45;200;243;100;300;200;240;100;300;200;0;100;300;200;0;100;300;4;2;0.4;6;4;5;0.4;6;4;2;0.4;6;4;5;0.4;6;4;2;0.4;6;4;6;0.4;6;4;2;0.4;6;4;6;0.4;6;NOK;NOK;OK;10000;10039;8000;11000;OK;8.65;0;8;12;NOK;N/A;1.96;N/A;N/A;N/A;9;11.7;7;18;OK;;0;0;0;-;Disabled;TempOk;1;230;109.4;0;0;0;349.9;441543200 volvo 589-1;441543200 volvo 589-1;441543200 volvo 589-1
20260331_21:30:04;26624;1;4;940;936.1;910;970;OK;940;942.6;910;970;OK;944.1;943.6;-20;-14;-50;-25;NOK;-20;-13.4;-50;-25;NOK;-18.9;-16.2;0;-20;-14;-50;-25;NOK;330;341;330;500;OK;0;0;N/A;N/A;N/A;N/A;N/A;N/A;N/A;N/A;N/A;N/A;N/A;N/A;N/A;N/A;N/A;N/A;N/A;N/A;N/A;N/A;N/A;N/A;N/A;N/A;N/A;N/A;N/A;N/A;N/A;N/A;N/A;N/A;N/A;N/A;N/A;N/A;N/A;N/A;N/A;N/A;N/A;N/A;N/A;N/A;N/A;N/A;N/A;N/A;N/A;N/A;N/A;N/A;N/A;N/A;N/A;N/A;N/A;N/A;N/A;N/A;N/A;N/A;N/A;N/A;N/A;N/A;N/A;N/A;N/A;N/A;N/A;N/A;N/A;N/A;N/A;N/A;N/A;N/A;N/A;N/A;N/A;N/A;N/A;N/A;N/A;N/A;N/A;N/A;N/A;N/A;N/A;N/A;N/A;N/A;N/A;N/A;N/A;N/A;;0;430.9;0;0;;Disabled;TempStop;1;700;433.8;0;0;0;549.9;449.9;Enabled;PosOk;1;0;0;0;0;0;15;Disabled;0;0;0;0;0;0;0;0;0;0;0;0;0;0;0;0;0;0;0;0;0;0;0;0;0;0;0;0;0;0;0;0;0;0;0;0;0;0;0;0;0;0;0;0;0;0;0;0;0;0;0;0;0;0;0;0;0;0;0;0;0;0;0;0;0;0;0;0;29;35;30;33;20;45;30;29;20;45;30;25;20;45;30;25;20;45;200;228;100;300;200;224;100;300;200;0;100;300;200;0;100;300;30;33;20;45;30;30;20;45;30;26;20;45;30;28;20;45;200;242;100;300;200;240;100;300;200;0;100;300;200;0;100;300;4;2;0.4;6;4;5;0.4;6;4;2;0.4;6;4;5;0.4;6;4;2;0.4;6;4;5;0.4;6;4;2;0.4;6;4;5;0.4;6;NOK;NOK;OK;10000;10024;8000;11000;OK;8.63;0;8;12;NOK;N/A;1.95;N/A;N/A;N/A;9;10.9;7;18;OK;;0;0;0;-;Disabled;TempOk;1;230;113.8;0;0;0;349.9;441543200 volvo 589-1;441543200 volvo 589-1;441543200 volvo 589-1
20260331_21:30:34;26625;2;2;940;939;910;970;OK;940;947.7;910;970;OK;948;947.8;-15;-17.5;-50;-20;NOK;-15;-17.2;-50;-20;NOK;-16.5;-16.8;0;-15;-17.6;-50;-20;NOK;330;341;330;500;OK;0;0;N/A;N/A;N/A;N/A;N/A;N/A;N/A;N/A;N/A;N/A;N/A;N/A;N/A;N/A;N/A;N/A;N/A;N/A;N/A;N/A;N/A;N/A;N/A;N/A;N/A;N/A;N/A;N/A;N/A;N/A;N/A;N/A;N/A;N/A;N/A;N/A;N/A;N/A;N/A;N/A;N/A;N/A;N/A;N/A;N/A;N/A;N/A;N/A;N/A;N/A;N/A;N/A;N/A;N/A;N/A;N/A;N/A;N/A;N/A;N/A;N/A;N/A;N/A;N/A;N/A;N/A;N/A;N/A;N/A;N/A;N/A;N/A;N/A;N/A;N/A;N/A;N/A;N/A;N/A;N/A;N/A;N/A;N/A;N/A;N/A;N/A;N/A;N/A;N/A;N/A;N/A;N/A;N/A;N/A;N/A;N/A;N/A;N/A;;0;431;0;0;;Disabled;TempStop;1;700;434.3;0;0;0;549.9;449.9;Enabled;PosOk;1;0;0;0;0;0;15;Disabled;0;0;0;0;0;0;0;0;0;0;0;0;0;0;0;0;0;0;0;0;0;0;0;0;0;0;0;0;0;0;0;0;0;0;0;0;0;0;0;0;0;0;0;0;0;0;0;0;0;0;0;0;0;0;0;0;0;0;0;0;0;0;0;0;0;0;0;0;0;0;30;33;20;45;30;30;20;45;30;26;20;45;30;25;20;45;200;227;100;300;200;224;100;300;200;0;100;300;200;0;100;300;30;33;20;45;30;30;20;45;30;26;20;45;30;28;20;45;200;242;100;300;200;240;100;300;200;0;100;300;200;0;100;300;4;2;0.4;6;4;5;0.4;6;4;2;0.4;6;4;5;0.4;6;4;2;0.4;6;4;6;0.4;6;4;2;0.4;6;4;5;0.4;6;NOK;NOK;OK;10000;10031;8000;11000;OK;8.64;0;8;12;NOK;N/A;1.95;N/A;N/A;N/A;9;11.2;7;18;OK;;0;0;0;-;Disabled;TempOk;1;230;107.2;0;0;0;349.9;441543200 volvo 589-1;441543200 volvo 589-1;441543200 volvo 589-1
20260331_21:31:03;26626;3;4;940;947.8;910;970;OK;940;943.2;910;970;OK;939.6;941.6;-20;-13.3;-50;-25;NOK;-20;-15.4;-50;-25;NOK;-20.6;-18.8;0;-20;-13.3;-50;-25;NOK;330;341;330;500;OK;0;0;N/A;N/A;N/A;N/A;N/A;N/A;N/A;N/A;N/A;N/A;N/A;N/A;N/A;N/A;N/A;N/A;N/A;N/A;N/A;N/A;N/A;N/A;N/A;N/A;N/A;N/A;N/A;N/A;N/A;N/A;N/A;N/A;N/A;N/A;N/A;N/A;N/A;N/A;N/A;N/A;N/A;N/A;N/A;N/A;N/A;N/A;N/A;N/A;N/A;N/A;N/A;N/A;N/A;N/A;N/A;N/A;N/A;N/A;N/A;N/A;N/A;N/A;N/A;N/A;N/A;N/A;N/A;N/A;N/A;N/A;N/A;N/A;N/A;N/A;N/A;N/A;N/A;N/A;N/A;N/A;N/A;N/A;N/A;N/A;N/A;N/A;N/A;N/A;N/A;N/A;N/A;N/A;N/A;N/A;N/A;N/A;N/A;N/A;;0;409.9;0;0;;Disabled;TempStop;1;700;413.1;0;0;0;549.9;449.9;Enabled;PosOk;1;0;0;0;0;0;15;Disabled;0;0;0;0;0;0;0;0;0;0;0;0;0;0;0;0;0;0;0;0;0;0;0;0;0;0;0;0;0;0;0;0;0;0;0;0;0;0;0;0;0;0;0;0;0;0;0;0;0;0;0;0;0;0;0;0;0;0;0;0;0;0;0;0;0;0;0;0;0;0;30;33;20;45;30;30;20;45;30;25;20;45;30;25;20;45;200;228;100;300;200;224;100;300;200;0;100;300;200;0;100;300;30;33;20;45;30;30;20;45;30;26;20;45;30;28;20;45;200;242;100;300;200;240;100;300;200;0;100;300;200;0;100;300;4;2;0.4;6;4;5;0.4;6;4;2;0.4;6;4;6;0.4;6;4;2;0.4;6;4;6;0.4;6;4;2;0.4;6;4;6;0.4;6;NOK;NOK;OK;10000;10024;8000;11000;OK;8.63;0;8;12;NOK;N/A;1.95;N/A;N/A;N/A;9;11.7;7;18;OK;;0;0;0;-;Disabled;TempOk;1;230;109.8;0;0;0;349.9;441543200 volvo 589-1;441543200 volvo 589-1;441543200 volvo 589-1
20260331_21:31:33;26627;4;2;940;957;910;970;OK;940;964.7;910;970;OK;963.2;963.9;-15;-18;-50;-5;OK;-15;-15.7;-50;-5;OK;-16;-16;0;-15;-17.9;-50;-5;OK;330;341;330;500;OK;267.11;267.61;N/A;N/A;N/A;N/A;N/A;N/A;N/A;N/A;N/A;N/A;N/A;N/A;N/A;N/A;N/A;N/A;N/A;N/A;N/A;N/A;N/A;N/A;N/A;N/A;N/A;N/A;N/A;N/A;N/A;N/A;N/A;N/A;N/A;N/A;N/A;N/A;N/A;N/A;N/A;N/A;N/A;N/A;N/A;N/A;N/A;N/A;N/A;N/A;N/A;N/A;N/A;N/A;N/A;N/A;N/A;N/A;N/A;N/A;N/A;N/A;N/A;N/A;N/A;N/A;N/A;N/A;N/A;N/A;N/A;N/A;N/A;N/A;N/A;N/A;N/A;N/A;N/A;N/A;N/A;N/A;N/A;N/A;N/A;N/A;N/A;N/A;N/A;N/A;N/A;N/A;N/A;N/A;N/A;N/A;N/A;N/A;N/A;N/A;;0;431.4;0;0;;Disabled;TempStop;1;700;434.5;0;0;0;549.9;449.9;Enabled;PosOk;1;0;0;0;0;0;15;Disabled;0;0;0;0;0;0;0;0;0;0;0;0;0;0;0;0;0;0;0;0;0;0;0;0;0;0;0;0;0;0;0;0;0;0;0;0;0;0;0;0;0;0;0;0;0;0;0;0;0;0;0;0;0;0;0;0;0;0;0;0;0;0;0;0;0;0;0;0;0;0;30;33;20;45;30;30;20;45;30;26;20;45;30;25;20;45;200;227;100;300;200;225;100;300;200;0;100;300;200;0;100;300;30;33;20;45;30;30;20;45;30;26;20;45;30;28;20;45;200;242;100;300;200;241;100;300;200;0;100;300;200;0;100;300;4;2;0.4;6;4;5;0.4;6;4;2;0.4;6;4;6;0.4;6;4;2;0.4;6;4;6;0.4;6;4;2;0.4;6;4;6;0.4;6;NOK;NOK;OK;10000;10040;8000;11000;OK;8.65;0;8;12;NOK;N/A;1.95;N/A;N/A;N/A;9;12.3;7;18;OK;;0;0;0;-;Disabled;TempOk;1;230;110.6;0;0;0;349.9;441543200 volvo 589-1;441543200 volvo 589-1;441543200 volvo 589-1
20260331_21:32:02;26628;3;5;940;947.7;910;970;OK;940;952;910;970;OK;950.9;951.9;-20;-16.6;-50;-25;NOK;-20;-17.7;-50;-25;NOK;-18.5;-18.4;0;-20;-16.4;-50;-25;NOK;330;341;330;500;OK;0;0;N/A;N/A;N/A;N/A;N/A;N/A;N/A;N/A;N/A;N/A;N/A;N/A;N/A;N/A;N/A;N/A;N/A;N/A;N/A;N/A;N/A;N/A;N/A;N/A;N/A;N/A;N/A;N/A;N/A;N/A;N/A;N/A;N/A;N/A;N/A;N/A;N/A;N/A;N/A;N/A;N/A;N/A;N/A;N/A;N/A;N/A;N/A;N/A;N/A;N/A;N/A;N/A;N/A;N/A;N/A;N/A;N/A;N/A;N/A;N/A;N/A;N/A;N/A;N/A;N/A;N/A;N/A;N/A;N/A;N/A;N/A;N/A;N/A;N/A;N/A;N/A;N/A;N/A;N/A;N/A;N/A;N/A;N/A;N/A;N/A;N/A;N/A;N/A;N/A;N/A;N/A;N/A;N/A;N/A;N/A;N/A;N/A;N/A;;0;418.1;0;0;;Disabled;TempStop;1;700;421.2;0;0;0;549.9;449.9;Enabled;PosOk;1;0;0;0;0;0;15;Disabled;0;0;0;0;0;0;0;0;0;0;0;0;0;0;0;0;0;0;0;0;0;0;0;0;0;0;0;0;0;0;0;0;0;0;0;0;0;0;0;0;0;0;0;0;0;0;0;0;0;0;0;0;0;0;0;0;0;0;0;0;0;0;0;0;0;0;0;0;0;0;30;33;20;45;30;29;20;45;30;25;20;45;30;25;20;45;200;228;100;300;200;224;100;300;200;0;100;300;200;0;100;300;30;33;20;45;30;29;20;45;30;26;20;45;30;28;20;45;200;243;100;300;200;240;100;300;200;0;100;300;200;0;100;300;4;2;0.4;6;4;5;0.4;6;4;2;0.4;6;4;6;0.4;6;4;2;0.4;6;4;6;0.4;6;4;2;0.4;6;4;6;0.4;6;NOK;NOK;OK;10000;10039;8000;11000;OK;8.65;0;8;12;NOK;N/A;1.95;N/A;N/A;N/A;9;11.7;7;18;OK;;0;0;0;-;Disabled;TempOk;1;230;112.6;0;0;0;349.9;441543200 volvo 589-1;441543200 volvo 589-1;441543200 volvo 589-1
20260331_21:33:30;26629;4;3;940;950.8;910;970;OK;940;956.9;910;970;OK;957;957.2;-15;-12.7;-50;-5;OK;-15;-12.8;-50;-5;OK;-16.2;-14.6;0;-15;-12.9;-50;-5;OK;330;341;330;500;OK;267.31;267.81;N/A;N/A;N/A;N/A;N/A;N/A;N/A;N/A;N/A;N/A;N/A;N/A;N/A;N/A;N/A;N/A;N/A;N/A;N/A;N/A;N/A;N/A;N/A;N/A;N/A;N/A;N/A;N/A;N/A;N/A;N/A;N/A;N/A;N/A;N/A;N/A;N/A;N/A;N/A;N/A;N/A;N/A;N/A;N/A;N/A;N/A;N/A;N/A;N/A;N/A;N/A;N/A;N/A;N/A;N/A;N/A;N/A;N/A;N/A;N/A;N/A;N/A;N/A;N/A;N/A;N/A;N/A;N/A;N/A;N/A;N/A;N/A;N/A;N/A;N/A;N/A;N/A;N/A;N/A;N/A;N/A;N/A;N/A;N/A;N/A;N/A;N/A;N/A;N/A;N/A;N/A;N/A;N/A;N/A;N/A;N/A;N/A;N/A;;0;392.7;0;0;;Disabled;TempStop;1;700;396.2;0;0;0;549.9;449.9;Enabled;PosOk;1;0;0;0;0;0;15;Disabled;0;0;0;0;0;0;0;0;0;0;0;0;0;0;0;0;0;0;0;0;0;0;0;0;0;0;0;0;0;0;0;0;0;0;0;0;0;0;0;0;0;0;0;0;0;0;0;0;0;0;0;0;0;0;0;0;0;0;0;0;0;0;0;0;0;0;0;0;0;0;30;30;20;45;30;30;20;45;30;25;20;45;30;25;20;45;200;227;100;300;200;225;100;300;200;0;100;300;200;0;100;300;30;31;20;45;30;30;20;45;30;26;20;45;30;28;20;45;200;242;100;300;200;240;100;300;200;0;100;300;200;0;100;300;4;2;0.4;6;4;5;0.4;6;4;2;0.4;6;4;6;0.4;6;4;2;0.4;6;4;5;0.4;6;4;2;0.4;6;4;6;0.4;6;NOK;NOK;OK;10000;10048;8000;11000;OK;8.66;0;8;12;NOK;N/A;1.95;N/A;N/A;N/A;9;11.7;7;18;OK;;0;0;0;-;Disabled;TempOk;1;230;101.7;0;0;0;349.9;441543200 volvo 589-1;441543200 volvo 589-1;441543200 volvo 589-1
20260331_21:33:31;26630;1;3;940;913.8;910;970;OK;940;915.3;910;970;OK;908.2;912.5;-20;-21;-50;-25;NOK;-20;-21;-50;-25;NOK;-20.8;-21.1;0;-20;-21;-50;-25;NOK;330;341;330;500;OK;0;0;;;;;;;;;;;;;;;;;;;;;;;;;;;;;;;;;;;;;;;;;;;;;;;;;;;;;;;;;;;;;;;;;;;;;;;;;;;;;;;;;;;;;;;;;;;;;;;;;;;;;;;;;;;;;;;;;;;;;;;;;;;;;;;;;;;;;;;;;;;;;;;;;;;;;;;;;;;;;;;;;;;;;;;;;;;;;;;;;;;;;;;;;;;;;;;;;;;;;;;;;;;;;;;;;;;;;;;;;;;;;;;;;;;;;;;;;;;;;;;;;;;;;;;;;;;;;;;;;;;;;;;;;;;;;;;;;;;;;;;;;;;;;;;;;;;;;;;;;;;;;;;;;;;;;;;;;;;;;;;;;;;;;;;;441543200 volvo 589-1;;;;
20260331_21:34:29;26631;2;4;940;937.8;910;970;OK;940;945.8;910;970;OK;946.4;946;-15;-18.6;-50;-20;NOK;-15;-17.7;-50;-20;NOK;-17.9;-17.8;0;-15;-18.6;-50;-20;NOK;330;341;330;500;OK;0;0;N/A;N/A;N/A;N/A;N/A;N/A;N/A;N/A;N/A;N/A;N/A;N/A;N/A;N/A;N/A;N/A;N/A;N/A;N/A;N/A;N/A;N/A;N/A;N/A;N/A;N/A;N/A;N/A;N/A;N/A;N/A;N/A;N/A;N/A;N/A;N/A;N/A;N/A;N/A;N/A;N/A;N/A;N/A;N/A;N/A;N/A;N/A;N/A;N/A;N/A;N/A;N/A;N/A;N/A;N/A;N/A;N/A;N/A;N/A;N/A;N/A;N/A;N/A;N/A;N/A;N/A;N/A;N/A;N/A;N/A;N/A;N/A;N/A;N/A;N/A;N/A;N/A;N/A;N/A;N/A;N/A;N/A;N/A;N/A;N/A;N/A;N/A;N/A;N/A;N/A;N/A;N/A;N/A;N/A;N/A;N/A;N/A;N/A;;0;390.3;0;0;;Disabled;TempStop;1;700;394;0;0;0;549.9;449.9;Enabled;PosOk;1;0;0;0;0;0;15;Disabled;0;0;0;0;0;0;0;0;0;0;0;0;0;0;0;0;0;0;0;0;0;0;0;0;0;0;0;0;0;0;0;0;0;0;0;0;0;0;0;0;0;0;0;0;0;0;0;0;0;0;0;0;0;0;0;0;0;0;0;0;0;0;0;0;0;0;0;0;33;30;30;31;20;45;30;30;20;45;30;25;20;45;30;25;20;45;200;228;100;300;200;224;100;300;200;0;100;300;200;0;100;300;30;32;20;45;30;30;20;45;30;26;20;45;30;28;20;45;200;242;100;300;200;240;100;300;200;0;100;300;200;0;100;300;4;2;0.4;6;4;5;0.4;6;4;2;0.4;6;4;5;0.4;6;4;2;0.4;6;4;5;0.4;6;4;2;0.4;6;4;6;0.4;6;NOK;NOK;OK;10000;10031;8000;11000;OK;8.64;0;8;12;NOK;N/A;1.95;N/A;N/A;N/A;9;11.2;7;18;OK;;0;0;0;-;Disabled;TempOk;1;230;99;0;0;0;349.9;441543200 volvo 589-1;441543200 volvo 589-1;441543200 volvo 589-1
20260331_21:34:58;26632;3;3;940;945.7;910;970;OK;940;952.4;910;970;OK;952.8;952.6;-20;-19.6;-50;-25;NOK;-20;-18.5;-50;-25;NOK;-17.9;-18;0;-20;-19.6;-50;-25;NOK;330;341;330;500;OK;0;0;N/A;N/A;N/A;N/A;N/A;N/A;N/A;N/A;N/A;N/A;N/A;N/A;N/A;N/A;N/A;N/A;N/A;N/A;N/A;N/A;N/A;N/A;N/A;N/A;N/A;N/A;N/A;N/A;N/A;N/A;N/A;N/A;N/A;N/A;N/A;N/A;N/A;N/A;N/A;N/A;N/A;N/A;N/A;N/A;N/A;N/A;N/A;N/A;N/A;N/A;N/A;N/A;N/A;N/A;N/A;N/A;N/A;N/A;N/A;N/A;N/A;N/A;N/A;N/A;N/A;N/A;N/A;N/A;N/A;N/A;N/A;N/A;N/A;N/A;N/A;N/A;N/A;N/A;N/A;N/A;N/A;N/A;N/A;N/A;N/A;N/A;N/A;N/A;N/A;N/A;N/A;N/A;N/A;N/A;N/A;N/A;N/A;N/A;;0;411.7;0;0;;Disabled;TempStop;1;700;415.1;0;0;0;549.9;449.9;Enabled;PosOk;1;0;0;0;0;0;15;Disabled;0;0;0;0;0;0;0;0;0;0;0;0;0;0;0;0;0;0;0;0;0;0;0;0;0;0;0;0;0;0;0;0;0;0;0;0;0;0;0;0;0;0;0;0;0;0;0;0;0;0;0;0;0;0;0;0;0;0;0;0;0;0;0;0;0;0;0;0;0;0;30;32;20;45;30;30;20;45;30;25;20;45;30;25;20;45;200;227;100;300;200;224;100;300;200;0;100;300;200;0;100;300;30;33;20;45;30;30;20;45;30;26;20;45;30;28;20;45;200;242;100;300;200;241;100;300;200;0;100;300;200;0;100;300;4;2;0.4;6;4;5;0.4;6;4;2;0.4;6;4;6;0.4;6;4;2;0.4;6;4;6;0.4;6;4;2;0.4;6;4;6;0.4;6;NOK;NOK;OK;10000;10019;8000;11000;OK;8.64;0;8;12;NOK;N/A;1.95;N/A;N/A;N/A;9;11.7;7;18;OK;;0;0;0;-;Disabled;TempOk;1;230;105;0;0;0;349.9;441543200 volvo 589-1;441543200 volvo 589-1;441543200 volvo 589-1
20260331_21:35:28;26633;4;4;940;920.2;910;970;OK;940;932.5;910;970;OK;926.3;929.7;-15;-8.1;-50;-5;OK;-15;-6.9;-50;-5;OK;-11.8;-6.8;0;-15;-8.2;-50;-5;OK;330;341;330;500;OK;267.48;267.96;N/A;N/A;N/A;N/A;N/A;N/A;N/A;N/A;N/A;N/A;N/A;N/A;N/A;N/A;N/A;N/A;N/A;N/A;N/A;N/A;N/A;N/A;N/A;N/A;N/A;N/A;N/A;N/A;N/A;N/A;N/A;N/A;N/A;N/A;N/A;N/A;N/A;N/A;N/A;N/A;N/A;N/A;N/A;N/A;N/A;N/A;N/A;N/A;N/A;N/A;N/A;N/A;N/A;N/A;N/A;N/A;N/A;N/A;N/A;N/A;N/A;N/A;N/A;N/A;N/A;N/A;N/A;N/A;N/A;N/A;N/A;N/A;N/A;N/A;N/A;N/A;N/A;N/A;N/A;N/A;N/A;N/A;N/A;N/A;N/A;N/A;N/A;N/A;N/A;N/A;N/A;N/A;N/A;N/A;N/A;N/A;N/A;N/A;;0;425;0;0;;Disabled;TempStop;1;700;428.6;0;0;0;549.9;449.9;Enabled;PosOk;1;0;0;0;0;0;15;Disabled;0;0;0;0;0;0;0;0;0;0;0;0;0;0;0;0;0;0;0;0;0;0;0;0;0;0;0;0;0;0;0;0;0;0;0;0;0;0;0;0;0;0;0;0;0;0;0;0;0;0;0;0;0;0;0;0;0;0;0;0;0;0;0;0;0;0;0;0;0;0;30;33;20;45;30;29;20;45;30;25;20;45;30;26;20;45;200;227;100;300;200;224;100;300;200;0;100;300;200;0;100;300;30;33;20;45;30;29;20;45;30;26;20;45;30;28;20;45;200;242;100;300;200;240;100;300;200;0;100;300;200;0;100;300;4;2;0.4;6;4;5;0.4;6;4;2;0.4;6;4;5;0.4;6;4;2;0.4;6;4;5;0.4;6;4;2;0.4;6;4;6;0.4;6;NOK;NOK;OK;10000;10041;8000;11000;OK;8.66;0;8;12;NOK;N/A;1.95;N/A;N/A;N/A;9;11.7;7;18;OK;;0;0;0;-;Disabled;TempOk;1;230;106;0;0;0;349.9;441543200 volvo 589-1;441543200 volvo 589-1;441543200 volvo 589-1
20260331_21:36:27;26635;2;2;940;938.9;910;970;OK;940;947.9;910;970;OK;948.2;948;-15;-17.4;-50;-20;NOK;-15;-17.3;-50;-20;NOK;-16.8;-17;0;-15;-17.4;-50;-20;NOK;330;341;330;500;OK;0;0;N/A;N/A;N/A;N/A;N/A;N/A;N/A;N/A;N/A;N/A;N/A;N/A;N/A;N/A;N/A;N/A;N/A;N/A;N/A;N/A;N/A;N/A;N/A;N/A;N/A;N/A;N/A;N/A;N/A;N/A;N/A;N/A;N/A;N/A;N/A;N/A;N/A;N/A;N/A;N/A;N/A;N/A;N/A;N/A;N/A;N/A;N/A;N/A;N/A;N/A;N/A;N/A;N/A;N/A;N/A;N/A;N/A;N/A;N/A;N/A;N/A;N/A;N/A;N/A;N/A;N/A;N/A;N/A;N/A;N/A;N/A;N/A;N/A;N/A;N/A;N/A;N/A;N/A;N/A;N/A;N/A;N/A;N/A;N/A;N/A;N/A;N/A;N/A;N/A;N/A;N/A;N/A;N/A;N/A;N/A;N/A;N/A;N/A;;0;424.2;0;0;;Disabled;TempStop;1;700;427.3;0;0;0;549.9;449.9;Enabled;PosOk;1;0;0;0;0;0;15;Disabled;0;0;0;0;0;0;0;0;0;0;0;0;0;0;0;0;0;0;0;0;0;0;0;0;0;0;0;0;0;0;0;0;0;0;0;0;0;0;0;0;0;0;0;0;0;0;0;0;0;0;0;0;0;0;0;0;0;0;0;0;0;0;0;0;0;0;0;0;35;28;30;32;20;45;30;29;20;45;30;26;20;45;30;25;20;45;200;227;100;300;200;224;100;300;200;0;100;300;200;0;100;300;30;32;20;45;30;29;20;45;30;26;20;45;30;27;20;45;200;242;100;300;200;240;100;300;200;0;100;300;200;0;100;300;4;2;0.4;6;4;5;0.4;6;4;2;0.4;6;4;5;0.4;6;4;2;0.4;6;4;6;0.4;6;4;2;0.4;6;4;5;0.4;6;NOK;NOK;OK;10000;10038;8000;11000;OK;8.65;0;8;12;NOK;N/A;1.95;N/A;N/A;N/A;9;11.8;7;18;OK;;0;0;0;-;Disabled;TempOk;1;230;111.6;0;0;0;349.9;441543200 volvo 589-1;441543200 volvo 589-1;441543200 volvo 589-1
20260331_21:36:56;26636;3;4;940;934.7;910;970;OK;940;934.1;910;970;OK;930;932.4;-20;-15;-50;-25;NOK;-20;-15.2;-50;-25;NOK;-20.3;-18.6;0;-20;-15;-50;-25;NOK;330;341;330;500;OK;0;0;N/A;N/A;N/A;N/A;N/A;N/A;N/A;N/A;N/A;N/A;N/A;N/A;N/A;N/A;N/A;N/A;N/A;N/A;N/A;N/A;N/A;N/A;N/A;N/A;N/A;N/A;N/A;N/A;N/A;N/A;N/A;N/A;N/A;N/A;N/A;N/A;N/A;N/A;N/A;N/A;N/A;N/A;N/A;N/A;N/A;N/A;N/A;N/A;N/A;N/A;N/A;N/A;N/A;N/A;N/A;N/A;N/A;N/A;N/A;N/A;N/A;N/A;N/A;N/A;N/A;N/A;N/A;N/A;N/A;N/A;N/A;N/A;N/A;N/A;N/A;N/A;N/A;N/A;N/A;N/A;N/A;N/A;N/A;N/A;N/A;N/A;N/A;N/A;N/A;N/A;N/A;N/A;N/A;N/A;N/A;N/A;N/A;N/A;;0;423.8;0;0;;Disabled;TempStop;1;700;426.6;0;0;0;549.9;449.9;Enabled;PosOk;1;0;0;0;0;0;15;Disabled;0;0;0;0;0;0;0;0;0;0;0;0;0;0;0;0;0;0;0;0;0;0;0;0;0;0;0;0;0;0;0;0;0;0;0;0;0;0;0;0;0;0;0;0;0;0;0;0;0;0;0;0;0;0;0;0;0;0;0;0;0;0;0;0;0;0;0;0;0;0;30;33;20;45;30;29;20;45;30;25;20;45;30;25;20;45;200;228;100;300;200;224;100;300;200;0;100;300;200;0;100;300;30;32;20;45;30;29;20;45;30;26;20;45;30;28;20;45;200;242;100;300;200;240;100;300;200;0;100;300;200;0;100;300;4;2;0.4;6;4;5;0.4;6;4;2;0.4;6;4;5;0.4;6;4;2;0.4;6;4;5;0.4;6;4;2;0.4;6;4;5;0.4;6;NOK;NOK;OK;10000;10025;8000;11000;OK;8.65;0;8;12;NOK;N/A;1.95;N/A;N/A;N/A;9;11.7;7;18;OK;;0;0;0;-;Disabled;TempOk;1;230;112.6;0;0;0;349.9;441543200 volvo 589-1;441543200 volvo 589-1;441543200 volvo 589-1
20260331_21:37:25;26637;4;2;940;957.7;910;970;OK;940;965;910;970;OK;963.7;964.4;-15;-15.6;-50;-5;OK;-15;-14.4;-50;-5;OK;-14.9;-14.7;0;-15;-15.6;-50;-5;OK;330;341;330;500;OK;267.63;268.12;N/A;N/A;N/A;N/A;N/A;N/A;N/A;N/A;N/A;N/A;N/A;N/A;N/A;N/A;N/A;N/A;N/A;N/A;N/A;N/A;N/A;N/A;N/A;N/A;N/A;N/A;N/A;N/A;N/A;N/A;N/A;N/A;N/A;N/A;N/A;N/A;N/A;N/A;N/A;N/A;N/A;N/A;N/A;N/A;N/A;N/A;N/A;N/A;N/A;N/A;N/A;N/A;N/A;N/A;N/A;N/A;N/A;N/A;N/A;N/A;N/A;N/A;N/A;N/A;N/A;N/A;N/A;N/A;N/A;N/A;N/A;N/A;N/A;N/A;N/A;N/A;N/A;N/A;N/A;N/A;N/A;N/A;N/A;N/A;N/A;N/A;N/A;N/A;N/A;N/A;N/A;N/A;N/A;N/A;N/A;N/A;N/A;N/A;;0;424.3;0;0;;Disabled;TempStop;1;700;427.5;0;0;0;549.9;449.9;Enabled;PosOk;1;0;0;0;0;0;15;Disabled;0;0;0;0;0;0;0;0;0;0;0;0;0;0;0;0;0;0;0;0;0;0;0;0;0;0;0;0;0;0;0;0;0;0;0;0;0;0;0;0;0;0;0;0;0;0;0;0;0;0;0;0;0;0;0;0;0;0;0;0;0;0;0;0;0;0;0;0;0;0;30;33;20;45;30;30;20;45;30;25;20;45;30;25;20;45;200;228;100;300;200;225;100;300;200;0;100;300;200;0;100;300;30;33;20;45;30;30;20;45;30;26;20;45;30;28;20;45;200;243;100;300;200;241;100;300;200;0;100;300;200;0;100;300;4;2;0.4;6;4;5;0.4;6;4;2;0.4;6;4;6;0.4;6;4;2;0.4;6;4;6;0.4;6;4;2;0.4;6;4;6;0.4;6;NOK;NOK;OK;10000;10040;8000;11000;OK;8.65;0;8;12;NOK;N/A;1.95;N/A;N/A;N/A;9;11.7;7;18;OK;;0;0;0;-;Disabled;TempOk;1;230;109.2;0;0;0;349.9;441543200 volvo 589-1;441543200 volvo 589-1;441543200 volvo 589-1
20260331_21:37:55;26638;3;5;940;947.9;910;970;OK;940;930.8;910;970;OK;921.1;927.1;-20;-17;-50;-25;NOK;-20;-17.3;-50;-25;NOK;-18.4;-18;0;-20;-16.8;-50;-25;NOK;330;341;330;500;OK;0;0;N/A;N/A;N/A;N/A;N/A;N/A;N/A;N/A;N/A;N/A;N/A;N/A;N/A;N/A;N/A;N/A;N/A;N/A;N/A;N/A;N/A;N/A;N/A;N/A;N/A;N/A;N/A;N/A;N/A;N/A;N/A;N/A;N/A;N/A;N/A;N/A;N/A;N/A;N/A;N/A;N/A;N/A;N/A;N/A;N/A;N/A;N/A;N/A;N/A;N/A;N/A;N/A;N/A;N/A;N/A;N/A;N/A;N/A;N/A;N/A;N/A;N/A;N/A;N/A;N/A;N/A;N/A;N/A;N/A;N/A;N/A;N/A;N/A;N/A;N/A;N/A;N/A;N/A;N/A;N/A;N/A;N/A;N/A;N/A;N/A;N/A;N/A;N/A;N/A;N/A;N/A;N/A;N/A;N/A;N/A;N/A;N/A;N/A;;0;416.5;0;0;;Disabled;TempStop;1;700;419.8;0;0;0;549.9;449.9;Enabled;PosOk;1;0;0;0;0;0;15;Disabled;0;0;0;0;0;0;0;0;0;0;0;0;0;0;0;0;0;0;0;0;0;0;0;0;0;0;0;0;0;0;0;0;0;0;0;0;0;0;0;0;0;0;0;0;0;0;0;0;0;0;0;0;0;0;0;0;0;0;0;0;0;0;0;0;0;0;0;0;0;0;30;33;20;45;30;30;20;45;30;25;20;45;30;25;20;45;200;227;100;300;200;224;100;300;200;0;100;300;200;0;100;300;30;33;20;45;30;30;20;45;30;26;20;45;30;28;20;45;200;243;100;300;200;240;100;300;200;0;100;300;200;0;100;300;4;2;0.4;6;4;5;0.4;6;4;2;0.4;6;4;5;0.4;6;4;2;0.4;6;4;5;0.4;6;4;2;0.4;6;4;6;0.4;6;NOK;NOK;OK;10000;10028;8000;11000;OK;8.65;0;8;12;NOK;N/A;1.95;N/A;N/A;N/A;9;11.7;7;18;OK;;0;0;0;-;Disabled;TempOk;1;230;112.8;0;0;0;349.9;441543200 volvo 589-1;441543200 volvo 589-1;441543200 volvo 589-1
20260331_21:39:07;26639;4;3;940;948.3;910;970;OK;940;955.8;910;970;OK;956;956.1;-15;-13.1;-50;-5;OK;-15;-12.4;-50;-5;OK;-15.5;-14;0;-15;-13.2;-50;-5;OK;330;341;330;500;OK;267.83;268.33;N/A;N/A;N/A;N/A;N/A;N/A;N/A;N/A;N/A;N/A;N/A;N/A;N/A;N/A;N/A;N/A;N/A;N/A;N/A;N/A;N/A;N/A;N/A;N/A;N/A;N/A;N/A;N/A;N/A;N/A;N/A;N/A;N/A;N/A;N/A;N/A;N/A;N/A;N/A;N/A;N/A;N/A;N/A;N/A;N/A;N/A;N/A;N/A;N/A;N/A;N/A;N/A;N/A;N/A;N/A;N/A;N/A;N/A;N/A;N/A;N/A;N/A;N/A;N/A;N/A;N/A;N/A;N/A;N/A;N/A;N/A;N/A;N/A;N/A;N/A;N/A;N/A;N/A;N/A;N/A;N/A;N/A;N/A;N/A;N/A;N/A;N/A;N/A;N/A;N/A;N/A;N/A;N/A;N/A;N/A;N/A;N/A;N/A;;0;386.9;0;0;;Disabled;TempStop;1;700;390.7;0;0;0;549.9;449.9;Enabled;PosNotOk;1;0;20.2;0;0;0;15;Disabled;0;0;0;0;0;0;0;0;0;0;0;0;0;0;0;0;0;0;0;0;0;0;0;0;0;0;0;0;0;0;0;0;0;0;0;0;0;0;0;0;0;0;0;0;0;0;0;0;0;0;0;0;0;0;0;0;0;0;0;0;0;0;0;0;0;0;0;0;0;0;;;;;;;;;;;;;;;;;;;;;;;;;;;;;;;;;;;;;;;;;;;;;;;;;;;;;;;;;;;;;;;;;;;;;;;;;;;;;;;;;;;;;;;;;;;;;;;;;;;;;;;;;;;;;;;;;;;;;;;;;;;;;;;;;;;;;;441543200 volvo 589-1;441543200 volvo 589-1;;
20260331_21:41:54;26641;2;4;940;937.9;910;970;OK;940;945.7;910;970;OK;946.3;945.9;-15;-17.7;-50;-20;NOK;-15;-18.9;-50;-20;NOK;-17.2;-17.3;0;-15;-17.7;-50;-20;NOK;330;433;330;500;OK;0;0;N/A;N/A;N/A;N/A;N/A;N/A;N/A;N/A;N/A;N/A;N/A;N/A;N/A;N/A;N/A;N/A;N/A;N/A;N/A;N/A;N/A;N/A;N/A;N/A;N/A;N/A;N/A;N/A;N/A;N/A;N/A;N/A;N/A;N/A;N/A;N/A;N/A;N/A;N/A;N/A;N/A;N/A;N/A;N/A;N/A;N/A;N/A;N/A;N/A;N/A;N/A;N/A;N/A;N/A;N/A;N/A;N/A;N/A;N/A;N/A;N/A;N/A;N/A;N/A;N/A;N/A;N/A;N/A;N/A;N/A;N/A;N/A;N/A;N/A;N/A;N/A;N/A;N/A;N/A;N/A;N/A;N/A;N/A;N/A;N/A;N/A;N/A;N/A;N/A;N/A;N/A;N/A;N/A;N/A;N/A;N/A;N/A;N/A;;0;385.2;0;0;;Disabled;TempStop;1;700;389.4;0;0;0;549.9;449.9;Enabled;PosOk;1;0;0;0;0;0;15;Disabled;0;0;0;0;0;0;0;0;0;0;0;0;0;0;0;0;0;0;0;0;0;0;0;0;0;0;0;0;0;0;0;0;0;0;0;0;0;0;0;0;0;0;0;0;0;0;0;0;0;0;0;0;0;0;0;0;0;0;0;0;0;0;0;0;0;0;0;0;0;0;30;30;20;45;30;30;20;45;30;25;20;45;30;25;20;45;200;227;100;300;200;224;100;300;200;0;100;300;200;0;100;300;30;31;20;45;30;30;20;45;30;26;20;45;30;28;20;45;200;242;100;300;200;240;100;300;200;0;100;300;200;0;100;300;4;2;0.4;6;4;5;0.4;6;4;2;0.4;6;4;6;0.4;6;4;2;0.4;6;4;5;0.4;6;4;2;0.4;6;4;6;0.4;6;NOK;NOK;OK;10000;10035;8000;11000;OK;8.65;0;8;12;NOK;N/A;1.95;N/A;N/A;N/A;9;11.6;7;18;OK;;0;0;0;-;Disabled;TempOk;1;230;93.6;0;0;0;349.9;441543200 volvo 589-1;441543200 volvo 589-1;441543200 volvo 589-1
20260331_21:42:23;26640;3;3;940;943.7;910;970;OK;940;950.4;910;970;OK;951.7;951.4;-20;-18.8;-50;-25;NOK;-20;-19.9;-50;-25;NOK;-17.6;-17.7;0;-20;-18.8;-50;-25;NOK;330;433;330;500;OK;0;0;N/A;N/A;N/A;N/A;N/A;N/A;N/A;N/A;N/A;N/A;N/A;N/A;N/A;N/A;N/A;N/A;N/A;N/A;N/A;N/A;N/A;N/A;N/A;N/A;N/A;N/A;N/A;N/A;N/A;N/A;N/A;N/A;N/A;N/A;N/A;N/A;N/A;N/A;N/A;N/A;N/A;N/A;N/A;N/A;N/A;N/A;N/A;N/A;N/A;N/A;N/A;N/A;N/A;N/A;N/A;N/A;N/A;N/A;N/A;N/A;N/A;N/A;N/A;N/A;N/A;N/A;N/A;N/A;N/A;N/A;N/A;N/A;N/A;N/A;N/A;N/A;N/A;N/A;N/A;N/A;N/A;N/A;N/A;N/A;N/A;N/A;N/A;N/A;N/A;N/A;N/A;N/A;N/A;N/A;N/A;N/A;N/A;N/A;;0;414.3;0;0;;Disabled;TempStop;1;700;418.3;0;0;0;549.9;449.9;Enabled;PosOk;1;0;0;0;0;0;15;Disabled;0;0;0;0;0;0;0;0;0;0;0;0;0;0;0;0;0;0;0;0;0;0;0;0;0;0;0;0;0;0;0;0;0;0;0;0;0;0;0;0;0;0;0;0;0;0;0;0;0;0;0;0;0;0;0;0;0;0;0;0;0;0;0;0;0;0;0;0;0;0;30;32;20;45;30;29;20;45;30;25;20;45;30;25;20;45;200;227;100;300;200;224;100;300;200;0;100;300;200;0;100;300;30;32;20;45;30;29;20;45;30;26;20;45;30;28;20;45;200;242;100;300;200;240;100;300;200;0;100;300;200;0;100;300;4;2;0.4;6;4;5;0.4;6;4;2;0.4;6;4;6;0.4;6;4;2;0.4;6;4;5;0.4;6;4;2;0.4;6;4;6;0.4;6;NOK;NOK;OK;10000;10037;8000;11000;OK;8.65;0;8;12;NOK;N/A;1.95;N/A;N/A;N/A;9;11.8;7;18;OK;;0;0;0;-;Disabled;TempOk;1;230;108;0;0;0;349.9;441543200 volvo 589-1;441543200 volvo 589-1;441543200 volvo 589-1
20260331_21:42:52;26642;4;4;940;912.9;910;970;OK;940;929.9;910;970;OK;919.2;923.2;-15;-7.6;-50;-5;OK;-15;-12.5;-50;-5;OK;-11.5;-6.6;0;-15;-7.7;-50;-5;OK;330;433;330;500;OK;267.98;268.61;N/A;N/A;N/A;N/A;N/A;N/A;N/A;N/A;N/A;N/A;N/A;N/A;N/A;N/A;N/A;N/A;N/A;N/A;N/A;N/A;N/A;N/A;N/A;N/A;N/A;N/A;N/A;N/A;N/A;N/A;N/A;N/A;N/A;N/A;N/A;N/A;N/A;N/A;N/A;N/A;N/A;N/A;N/A;N/A;N/A;N/A;N/A;N/A;N/A;N/A;N/A;N/A;N/A;N/A;N/A;N/A;N/A;N/A;N/A;N/A;N/A;N/A;N/A;N/A;N/A;N/A;N/A;N/A;N/A;N/A;N/A;N/A;N/A;N/A;N/A;N/A;N/A;N/A;N/A;N/A;N/A;N/A;N/A;N/A;N/A;N/A;N/A;N/A;N/A;N/A;N/A;N/A;N/A;N/A;N/A;N/A;N/A;N/A;;0;418.5;0;0;;Disabled;TempStop;1;700;422.4;0;0;0;549.9;449.9;Enabled;PosOk;1;0;0;0;0;0;15;Disabled;0;0;0;0;0;0;0;0;0;0;0;0;0;0;0;0;0;0;0;0;0;0;0;0;0;0;0;0;0;0;0;0;0;0;0;0;0;0;0;0;0;0;0;0;0;0;0;0;0;0;0;0;0;0;0;0;0;0;0;0;0;0;0;0;0;0;0;0;0;0;30;32;20;45;30;29;20;45;30;25;20;45;30;25;20;45;200;227;100;300;200;224;100;300;200;0;100;300;200;0;100;300;30;32;20;45;30;29;20;45;30;26;20;45;30;28;20;45;200;243;100;300;200;240;100;300;200;0;100;300;200;0;100;300;4;2;0.4;6;4;5;0.4;6;4;2;0.4;6;4;5;0.4;6;4;2;0.4;6;4;6;0.4;6;4;2;0.4;6;4;6;0.4;6;NOK;NOK;OK;10000;10048;8000;11000;OK;8.66;0;8;12;NOK;N/A;1.95;N/A;N/A;N/A;9;11.7;7;18;OK;;0;0;0;-;Disabled;TempOk;1;230;110.1;0;0;0;349.9;441543200 volvo 589-1;441543200 volvo 589-1;441543200 volvo 589-1
20260331_21:43:22;26643;1;4;940;935.6;910;970;OK;940;941.7;910;970;OK;943.6;942.8;-20;-15.8;-50;-25;NOK;-20;-20.3;-50;-25;NOK;-19.2;-19.4;0;-20;-15.8;-50;-25;NOK;330;433;330;500;OK;0;0;N/A;N/A;N/A;N/A;N/A;N/A;N/A;N/A;N/A;N/A;N/A;N/A;N/A;N/A;N/A;N/A;N/A;N/A;N/A;N/A;N/A;N/A;N/A;N/A;N/A;N/A;N/A;N/A;N/A;N/A;N/A;N/A;N/A;N/A;N/A;N/A;N/A;N/A;N/A;N/A;N/A;N/A;N/A;N/A;N/A;N/A;N/A;N/A;N/A;N/A;N/A;N/A;N/A;N/A;N/A;N/A;N/A;N/A;N/A;N/A;N/A;N/A;N/A;N/A;N/A;N/A;N/A;N/A;N/A;N/A;N/A;N/A;N/A;N/A;N/A;N/A;N/A;N/A;N/A;N/A;N/A;N/A;N/A;N/A;N/A;N/A;N/A;N/A;N/A;N/A;N/A;N/A;N/A;N/A;N/A;N/A;N/A;N/A;;0;418.5;0;0;;Disabled;TempStop;1;700;422.4;0;0;0;549.9;449.9;Enabled;PosOk;1;0;0;0;0;0;15;Disabled;0;0;0;0;0;0;0;0;0;0;0;0;0;0;0;0;0;0;0;0;0;0;0;0;0;0;0;0;0;0;0;0;0;0;0;0;0;0;0;0;0;0;0;0;0;0;0;0;0;0;0;0;0;0;0;0;0;0;0;0;0;0;0;0;0;0;0;0;42;53;30;32;20;45;30;30;20;45;30;26;20;45;30;25;20;45;200;227;100;300;200;225;100;300;200;0;100;300;200;0;100;300;30;33;20;45;30;29;20;45;30;26;20;45;30;28;20;45;200;242;100;300;200;240;100;300;200;0;100;300;200;1;100;300;4;2;0.4;6;4;5;0.4;6;4;2;0.4;6;4;5;0.4;6;4;2;0.4;6;4;5;0.4;6;4;2;0.4;6;4;6;0.4;6;NOK;NOK;OK;10000;10042;8000;11000;OK;8.66;0;8;12;NOK;N/A;1.95;N/A;N/A;N/A;9;10.7;7;18;OK;;0;0;0;-;Disabled;TempOk;1;230;110.9;0;0;0;349.9;441543200 volvo 589-1;441543200 volvo 589-1;441543200 volvo 589-1
20260331_21:43:51;26644;2;2;940;939.3;910;970;OK;940;948.2;910;970;OK;948.5;948.3;-15;-17.4;-50;-20;NOK;-15;-17.6;-50;-20;NOK;-16.4;-16.4;0;-15;-17.4;-50;-20;NOK;330;433;330;500;OK;0;0;N/A;N/A;N/A;N/A;N/A;N/A;N/A;N/A;N/A;N/A;N/A;N/A;N/A;N/A;N/A;N/A;N/A;N/A;N/A;N/A;N/A;N/A;N/A;N/A;N/A;N/A;N/A;N/A;N/A;N/A;N/A;N/A;N/A;N/A;N/A;N/A;N/A;N/A;N/A;N/A;N/A;N/A;N/A;N/A;N/A;N/A;N/A;N/A;N/A;N/A;N/A;N/A;N/A;N/A;N/A;N/A;N/A;N/A;N/A;N/A;N/A;N/A;N/A;N/A;N/A;N/A;N/A;N/A;N/A;N/A;N/A;N/A;N/A;N/A;N/A;N/A;N/A;N/A;N/A;N/A;N/A;N/A;N/A;N/A;N/A;N/A;N/A;N/A;N/A;N/A;N/A;N/A;N/A;N/A;N/A;N/A;N/A;N/A;;0;425.5;0;0;;Disabled;TempStop;1;700;429.2;0;0;0;549.9;449.9;Enabled;PosOk;1;0;0;0;0;0;15;Disabled;0;0;0;0;0;0;0;0;0;0;0;0;0;0;0;0;0;0;0;0;0;0;0;0;0;0;0;0;0;0;0;0;0;0;0;0;0;0;0;0;0;0;0;0;0;0;0;0;0;0;0;0;0;0;0;0;0;0;0;0;0;0;0;0;0;0;0;0;0;0;30;33;20;45;30;29;20;45;30;26;20;45;30;25;20;45;200;227;100;300;200;224;100;300;200;0;100;300;200;0;100;300;30;33;20;45;30;29;20;45;30;26;20;45;30;28;20;45;200;242;100;300;200;240;100;300;200;0;100;300;200;0;100;300;4;2;0.4;6;4;5;0.4;6;4;2;0.4;6;4;5;0.4;6;4;2;0.4;6;4;6;0.4;6;4;2;0.4;6;4;6;0.4;6;NOK;NOK;OK;10000;10022;8000;11000;OK;8.64;0;8;12;NOK;N/A;1.95;N/A;N/A;N/A;9;11.6;7;18;OK;;0;0;0;-;Disabled;TempOk;1;230;110.1;0;0;0;349.9;441543200 volvo 589-1;441543200 volvo 589-1;441543200 volvo 589-1
20260331_21:44:21;26645;3;4;940;926.1;910;970;OK;940;927.2;910;970;OK;920.6;923.8;-20;-14.8;-50;-25;NOK;-20;-13.6;-50;-25;NOK;-20;-20.9;0;-20;-14.8;-50;-25;NOK;330;433;330;500;OK;0;0;N/A;N/A;N/A;N/A;N/A;N/A;N/A;N/A;N/A;N/A;N/A;N/A;N/A;N/A;N/A;N/A;N/A;N/A;N/A;N/A;N/A;N/A;N/A;N/A;N/A;N/A;N/A;N/A;N/A;N/A;N/A;N/A;N/A;N/A;N/A;N/A;N/A;N/A;N/A;N/A;N/A;N/A;N/A;N/A;N/A;N/A;N/A;N/A;N/A;N/A;N/A;N/A;N/A;N/A;N/A;N/A;N/A;N/A;N/A;N/A;N/A;N/A;N/A;N/A;N/A;N/A;N/A;N/A;N/A;N/A;N/A;N/A;N/A;N/A;N/A;N/A;N/A;N/A;N/A;N/A;N/A;N/A;N/A;N/A;N/A;N/A;N/A;N/A;N/A;N/A;N/A;N/A;N/A;N/A;N/A;N/A;N/A;N/A;;0;411.6;0;0;;Disabled;TempStop;1;700;415.2;0;0;0;549.9;449.9;Enabled;PosOk;1;0;0;0;0;0;15;Disabled;0;0;0;0;0;0;0;0;0;0;0;0;0;0;0;0;0;0;0;0;0;0;0;0;0;0;0;0;0;0;0;0;0;0;0;0;0;0;0;0;0;0;0;0;0;0;0;0;0;0;0;0;0;0;0;0;0;0;0;0;0;0;0;0;0;0;0;0;0;0;30;33;20;45;30;30;20;45;30;26;20;45;30;25;20;45;200;227;100;300;200;224;100;300;200;0;100;300;200;0;100;300;30;33;20;45;30;30;20;45;30;26;20;45;30;27;20;45;200;242;100;300;200;240;100;300;200;0;100;300;200;0;100;300;4;2;0.4;6;4;5;0.4;6;4;2;0.4;6;4;5;0.4;6;4;2;0.4;6;4;5;0.4;6;4;2;0.4;6;4;6;0.4;6;NOK;NOK;OK;10000;10034;8000;11000;OK;8.66;0;8;12;NOK;N/A;1.95;N/A;N/A;N/A;9;11.8;7;18;OK;;0;0;0;-;Disabled;TempOk;1;230;109;0;0;0;349.9;441543200 volvo 589-1;441543200 volvo 589-1;441543200 volvo 589-1
20260331_21:44:50;26647;3;5;940;927.1;910;970;OK;940;919.4;910;970;OK;903.4;910.8;-20;-16.7;-50;-25;NOK;-20;-18.1;-50;-25;NOK;-19.3;-20;0;-20;-16.5;-50;-25;NOK;330;433;330;500;OK;0;0;;;;;;;;;;;;;;;;;;;;;;;;;;;;;;;;;;;;;;;;;;;;;;;;;;;;;;;;;;;;;;;;;;;;;;;;;;;;;;;;;;;;;;;;;;;;;;;;;;;;;;;;;;;;;;;;;;;;;;;;;;;;;;;;;;;;;;;;;;;;;;;;;;;;;;;;;;;;;;;;;;;;;;;;;;;;;;;;;;;;;;;;;;;;;;;;;;;;;;;;;;;;;;;;;;;;;;;;;;;;;;;;;;;;;;;;;;;;;;;;;;;;;;;;;;;;;;;;;;;;;;;;;;;;;;;;;;;;;;;;;;;;;;;;;;;;;;;;;;;;;;;;;;;;;;;;;;;;;;;;;;;;;;;;441543200 volvo 589-1;;;;
20260331_21:44:50;26646;4;2;940;958;910;970;OK;940;966.5;910;970;OK;962.6;963.7;-15;-14.3;-50;-5;OK;-15;-14.6;-50;-5;OK;-15.8;-15.9;0;-15;-14.3;-50;-5;OK;330;433;330;500;OK;268.14;268.76;N/A;N/A;N/A;N/A;N/A;N/A;N/A;N/A;N/A;N/A;N/A;N/A;N/A;N/A;N/A;N/A;N/A;N/A;N/A;N/A;N/A;N/A;N/A;N/A;N/A;N/A;N/A;N/A;N/A;N/A;N/A;N/A;N/A;N/A;N/A;N/A;N/A;N/A;N/A;N/A;N/A;N/A;N/A;N/A;N/A;N/A;N/A;N/A;N/A;N/A;N/A;N/A;N/A;N/A;N/A;N/A;N/A;N/A;N/A;N/A;N/A;N/A;N/A;N/A;N/A;N/A;N/A;N/A;N/A;N/A;N/A;N/A;N/A;N/A;N/A;N/A;N/A;N/A;N/A;N/A;N/A;N/A;N/A;N/A;N/A;N/A;N/A;N/A;N/A;N/A;N/A;N/A;N/A;N/A;N/A;N/A;N/A;N/A;;0;423;0;0;;Disabled;TempStop;1;700;426.2;0;0;0;549.9;449.9;Enabled;PosOk;1;0;0;0;0;0;15;Disabled;0;0;0;0;0;0;0;0;0;0;0;0;0;0;0;0;0;0;0;0;0;0;0;0;0;0;0;0;0;0;0;0;0;0;0;0;0;0;0;0;0;0;0;0;0;0;0;0;0;0;0;0;0;0;0;0;0;0;0;0;0;0;0;0;0;0;0;0;0;0;30;33;20;45;30;30;20;45;30;25;20;45;30;25;20;45;200;228;100;300;200;224;100;300;200;0;100;300;200;0;100;300;30;33;20;45;30;30;20;45;30;26;20;45;30;28;20;45;200;243;100;300;200;241;100;300;200;0;100;300;200;0;100;300;4;2;0.4;6;4;5;0.4;6;4;2;0.4;6;4;5;0.4;6;4;2;0.4;6;4;5;0.4;6;4;2;0.4;6;4;6;0.4;6;NOK;NOK;OK;10000;10027;8000;11000;OK;8.65;0;8;12;NOK;N/A;1.95;N/A;N/A;N/A;9;11.7;7;18;OK;;0;0;0;-;Disabled;TempOk;1;230;108.6;0;0;0;349.9;441543200 volvo 589-1;441543200 volvo 589-1;441543200 volvo 589-1
20260331_21:45:49;26648;4;3;940;946.9;910;970;OK;940;956;910;970;OK;954.9;955.2;-15;-12.7;-50;-5;OK;-15;-16.3;-50;-5;OK;-16.5;-16.7;0;-15;-12.8;-50;-5;OK;330;374;330;500;OK;268.35;268.86;N/A;N/A;N/A;N/A;N/A;N/A;N/A;N/A;N/A;N/A;N/A;N/A;N/A;N/A;N/A;N/A;N/A;N/A;N/A;N/A;N/A;N/A;N/A;N/A;N/A;N/A;N/A;N/A;N/A;N/A;N/A;N/A;N/A;N/A;N/A;N/A;N/A;N/A;N/A;N/A;N/A;N/A;N/A;N/A;N/A;N/A;N/A;N/A;N/A;N/A;N/A;N/A;N/A;N/A;N/A;N/A;N/A;N/A;N/A;N/A;N/A;N/A;N/A;N/A;N/A;N/A;N/A;N/A;N/A;N/A;N/A;N/A;N/A;N/A;N/A;N/A;N/A;N/A;N/A;N/A;N/A;N/A;N/A;N/A;N/A;N/A;N/A;N/A;N/A;N/A;N/A;N/A;N/A;N/A;N/A;N/A;N/A;N/A;;0;394.7;0;0;;Disabled;TempStop;1;700;398.3;0;0;0;549.9;449.9;Enabled;PosOk;1;0;0;0;0;0;15;Disabled;0;0;0;0;0;0;0;0;0;0;0;0;0;0;0;0;0;0;0;0;0;0;0;0;0;0;0;0;0;0;0;0;0;0;0;0;0;0;0;0;0;0;0;0;0;0;0;0;0;0;0;0;0;0;0;0;0;0;0;0;0;0;0;0;0;0;0;0;0;0;30;31;20;45;30;30;20;45;30;25;20;45;30;25;20;45;200;227;100;300;200;224;100;300;200;0;100;300;200;0;100;300;30;32;20;45;30;30;20;45;30;26;20;45;30;28;20;45;200;242;100;300;200;240;100;300;200;0;100;300;200;0;100;300;4;2;0.4;6;4;5;0.4;6;4;2;0.4;6;4;5;0.4;6;4;2;0.4;6;4;6;0.4;6;4;2;0.4;6;4;6;0.4;6;NOK;NOK;OK;10000;10052;8000;11000;OK;8.66;0;8;12;NOK;N/A;1.95;N/A;N/A;N/A;9;11.7;7;18;OK;;0;0;0;-;Disabled;TempOk;1;230;105.7;0;0;0;349.9;441543200 volvo 589-1;441543200 volvo 589-1;441543200 volvo 589-1
20260331_21:47:47;26650;2;4;940;937.6;910;970;OK;940;945.4;910;970;OK;946.1;945.6;-15;-18.9;-50;-20;NOK;-15;-18.3;-50;-20;NOK;-17.8;-18;0;-15;-19;-50;-20;NOK;330;341;330;500;OK;0;0;N/A;N/A;N/A;N/A;N/A;N/A;N/A;N/A;N/A;N/A;N/A;N/A;N/A;N/A;N/A;N/A;N/A;N/A;N/A;N/A;N/A;N/A;N/A;N/A;N/A;N/A;N/A;N/A;N/A;N/A;N/A;N/A;N/A;N/A;N/A;N/A;N/A;N/A;N/A;N/A;N/A;N/A;N/A;N/A;N/A;N/A;N/A;N/A;N/A;N/A;N/A;N/A;N/A;N/A;N/A;N/A;N/A;N/A;N/A;N/A;N/A;N/A;N/A;N/A;N/A;N/A;N/A;N/A;N/A;N/A;N/A;N/A;N/A;N/A;N/A;N/A;N/A;N/A;N/A;N/A;N/A;N/A;N/A;N/A;N/A;N/A;N/A;N/A;N/A;N/A;N/A;N/A;N/A;N/A;N/A;N/A;N/A;N/A;;0;377.8;0;0;;Disabled;TempStop;1;700;382;0;0;0;549.9;449.9;Enabled;PosOk;1;0;0;0;0;0;15;Disabled;0;0;0;0;0;0;0;0;0;0;0;0;0;0;0;0;0;0;0;0;0;0;0;0;0;0;0;0;0;0;0;0;0;0;0;0;0;0;0;0;0;0;0;0;0;0;0;0;0;0;0;0;0;0;0;0;0;0;0;0;0;0;0;0;0;0;0;0;0;0;30;30;20;45;30;30;20;45;30;26;20;45;30;25;20;45;200;227;100;300;200;224;100;300;200;0;100;300;200;0;100;300;30;31;20;45;30;30;20;45;30;26;20;45;30;28;20;45;200;242;100;300;200;241;100;300;200;0;100;300;200;0;100;300;4;2;0.4;6;4;5;0.4;6;4;2;0.4;6;4;6;0.4;6;4;2;0.4;6;4;6;0.4;6;4;2;0.4;6;4;6;0.4;6;NOK;NOK;OK;10000;10046;8000;11000;OK;8.66;0;8;12;NOK;N/A;1.95;N/A;N/A;N/A;9;11.6;7;18;OK;;0;0;0;-;Disabled;TempOk;1;230;97.5;0;0;0;349.9;441543200 volvo 589-1;441543200 volvo 589-1;441543200 volvo 589-1
20260331_21:48:46;26651;4;4;940;909.7;910;970;NOK;940;921.9;910;970;OK;914.7;918.9;-15;-12.9;-50;-5;OK;-15;-11.6;-50;-5;OK;-6.9;-9;0;-15;-13;-50;-5;OK;330;341;330;500;OK;268.63;269.11;N/A;N/A;N/A;N/A;N/A;N/A;N/A;N/A;N/A;N/A;N/A;N/A;N/A;N/A;N/A;N/A;N/A;N/A;N/A;N/A;N/A;N/A;N/A;N/A;N/A;N/A;N/A;N/A;N/A;N/A;N/A;N/A;N/A;N/A;N/A;N/A;N/A;N/A;N/A;N/A;N/A;N/A;N/A;N/A;N/A;N/A;N/A;N/A;N/A;N/A;N/A;N/A;N/A;N/A;N/A;N/A;N/A;N/A;N/A;N/A;N/A;N/A;N/A;N/A;N/A;N/A;N/A;N/A;N/A;N/A;N/A;N/A;N/A;N/A;N/A;N/A;N/A;N/A;N/A;N/A;N/A;N/A;N/A;N/A;N/A;N/A;N/A;N/A;N/A;N/A;N/A;N/A;N/A;N/A;N/A;N/A;N/A;N/A;;0;411.5;0;0;;Disabled;TempStop;1;700;415.4;0;0;0;549.9;449.9;Enabled;PosOk;1;0;0;0;0;0;15;Disabled;0;0;0;0;0;0;0;0;0;0;0;0;0;0;0;0;0;0;0;0;0;0;0;0;0;0;0;0;0;0;0;0;0;0;0;0;0;0;0;0;0;0;0;0;0;0;0;0;0;0;0;0;0;0;0;0;0;0;0;0;0;0;0;0;0;0;0;0;0;0;30;33;20;45;30;30;20;45;30;25;20;45;30;25;20;45;200;227;100;300;200;224;100;300;200;0;100;300;200;0;100;300;30;33;20;45;30;30;20;45;30;26;20;45;30;28;20;45;200;243;100;300;200;240;100;300;200;0;100;300;200;0;100;300;4;2;0.4;6;4;5;0.4;6;4;2;0.4;6;4;5;0.4;6;4;2;0.4;6;4;6;0.4;6;4;2;0.4;6;4;6;0.4;6;NOK;NOK;OK;10000;10047;8000;11000;OK;8.66;0;8;12;NOK;N/A;1.95;N/A;N/A;N/A;9;11.7;7;18;OK;;0;0;0;-;Disabled;TempOk;1;230;108;0;0;0;349.9;441543200 volvo 589-1;441543200 volvo 589-1;441543200 volvo 589-1
20260331_21:49:15;26652;1;4;940;935.7;910;970;OK;940;941.5;910;970;OK;943.2;942.2;-20;-20.4;-50;-25;NOK;-20;-17;-50;-25;NOK;-14.3;-15.4;0;-20;-20.4;-50;-25;NOK;330;341;330;500;OK;0;0;N/A;N/A;N/A;N/A;N/A;N/A;N/A;N/A;N/A;N/A;N/A;N/A;N/A;N/A;N/A;N/A;N/A;N/A;N/A;N/A;N/A;N/A;N/A;N/A;N/A;N/A;N/A;N/A;N/A;N/A;N/A;N/A;N/A;N/A;N/A;N/A;N/A;N/A;N/A;N/A;N/A;N/A;N/A;N/A;N/A;N/A;N/A;N/A;N/A;N/A;N/A;N/A;N/A;N/A;N/A;N/A;N/A;N/A;N/A;N/A;N/A;N/A;N/A;N/A;N/A;N/A;N/A;N/A;N/A;N/A;N/A;N/A;N/A;N/A;N/A;N/A;N/A;N/A;N/A;N/A;N/A;N/A;N/A;N/A;N/A;N/A;N/A;N/A;N/A;N/A;N/A;N/A;N/A;N/A;N/A;N/A;N/A;N/A;;0;428.2;0;0;;Disabled;TempStop;1;700;431.8;0;0;0;549.9;449.9;Enabled;PosOk;1;0;0;0;0;0;15;Disabled;0;0;0;0;0;0;0;0;0;0;0;0;0;0;0;0;0;0;0;0;0;0;0;0;0;0;0;0;0;0;0;0;0;0;0;0;0;0;0;0;0;0;0;0;0;0;0;0;0;0;0;0;0;0;0;0;0;0;0;0;0;0;0;0;0;0;0;0;48;46;30;33;20;45;30;30;20;45;30;25;20;45;30;25;20;45;200;227;100;300;200;224;100;300;200;0;100;300;200;0;100;300;30;33;20;45;30;30;20;45;30;26;20;45;30;28;20;45;200;242;100;300;200;240;100;300;200;0;100;300;200;0;100;300;4;2;0.4;6;4;5;0.4;6;4;2;0.4;6;4;6;0.4;6;4;2;0.4;6;4;5;0.4;6;4;2;0.4;6;4;6;0.4;6;NOK;NOK;OK;10000;10036;8000;11000;OK;8.66;0;8;12;NOK;N/A;1.95;N/A;N/A;N/A;9;10.8;7;18;OK;;0;0;0;-;Disabled;TempOk;1;230;112.2;0;0;0;349.9;441543200 volvo 589-1;441543200 volvo 589-1;441543200 volvo 589-1
20260331_21:49:44;26653;2;2;940;938.9;910;970;OK;940;948.1;910;970;OK;948.4;948.2;-15;-17.7;-50;-20;NOK;-15;-17;-50;-20;NOK;-16.4;-16.7;0;-15;-17.7;-50;-20;NOK;330;341;330;500;OK;0;0;N/A;N/A;N/A;N/A;N/A;N/A;N/A;N/A;N/A;N/A;N/A;N/A;N/A;N/A;N/A;N/A;N/A;N/A;N/A;N/A;N/A;N/A;N/A;N/A;N/A;N/A;N/A;N/A;N/A;N/A;N/A;N/A;N/A;N/A;N/A;N/A;N/A;N/A;N/A;N/A;N/A;N/A;N/A;N/A;N/A;N/A;N/A;N/A;N/A;N/A;N/A;N/A;N/A;N/A;N/A;N/A;N/A;N/A;N/A;N/A;N/A;N/A;N/A;N/A;N/A;N/A;N/A;N/A;N/A;N/A;N/A;N/A;N/A;N/A;N/A;N/A;N/A;N/A;N/A;N/A;N/A;N/A;N/A;N/A;N/A;N/A;N/A;N/A;N/A;N/A;N/A;N/A;N/A;N/A;N/A;N/A;N/A;N/A;;0;418.6;0;0;;Disabled;TempStop;1;700;422.4;0;0;0;549.9;449.9;Enabled;PosOk;1;0;0;0;0;0;15;Disabled;0;0;0;0;0;0;0;0;0;0;0;0;0;0;0;0;0;0;0;0;0;0;0;0;0;0;0;0;0;0;0;0;0;0;0;0;0;0;0;0;0;0;0;0;0;0;0;0;0;0;0;0;0;0;0;0;0;0;0;0;0;0;0;0;0;0;0;0;0;0;30;33;20;45;30;29;20;45;30;25;20;45;30;25;20;45;200;227;100;300;200;224;100;300;200;0;100;300;200;0;100;300;30;33;20;45;30;29;20;45;30;26;20;45;30;28;20;45;200;242;100;300;200;240;100;300;200;0;100;300;200;0;100;300;4;2;0.4;6;4;5;0.4;6;4;2;0.4;6;4;5;0.4;6;4;2;0.4;6;4;5;0.4;6;4;2;0.4;6;4;5;0.4;6;NOK;NOK;OK;10000;10024;8000;11000;OK;8.65;0;8;12;NOK;N/A;1.95;N/A;N/A;N/A;9;11.5;7;18;OK;;0;0;0;-;Disabled;TempOk;1;230;107.9;0;0;0;349.9;441543200 volvo 589-1;441543200 volvo 589-1;441543200 volvo 589-1
20260331_21:49:58;26654;3;4;940;919.7;910;970;OK;940;916.5;910;970;OK;911.5;914.4;-20;-13.3;-50;-25;NOK;-20;-15.3;-50;-25;NOK;-20.3;-18.8;0;-20;-13.3;-50;-25;NOK;330;341;330;500;OK;0;0;N/A;N/A;N/A;N/A;N/A;N/A;N/A;N/A;N/A;N/A;N/A;N/A;N/A;N/A;N/A;N/A;N/A;N/A;N/A;N/A;N/A;N/A;N/A;N/A;N/A;N/A;N/A;N/A;N/A;N/A;N/A;N/A;N/A;N/A;N/A;N/A;N/A;N/A;N/A;N/A;N/A;N/A;N/A;N/A;N/A;N/A;N/A;N/A;N/A;N/A;N/A;N/A;N/A;N/A;N/A;N/A;N/A;N/A;N/A;N/A;N/A;N/A;N/A;N/A;N/A;N/A;N/A;N/A;N/A;N/A;N/A;N/A;N/A;N/A;N/A;N/A;N/A;N/A;N/A;N/A;N/A;N/A;N/A;N/A;N/A;N/A;N/A;N/A;N/A;N/A;N/A;N/A;N/A;N/A;N/A;N/A;N/A;N/A;;0;416.2;0;0;;Disabled;TempStop;1;700;420.2;0;0;0;549.9;449.9;Enabled;PosNotOk;1;0;73.2;0;0;0;15;Disabled;0;0;0;0;0;0;0;0;0;0;0;0;0;0;0;0;0;0;0;0;0;0;0;0;0;0;0;0;0;0;0;0;0;0;0;0;0;0;0;0;0;0;0;0;0;0;0;0;0;0;0;0;0;0;0;0;0;0;0;0;0;0;0;0;0;0;0;0;0;0;;;;;;;;;;;;;;;;;;;;;;;;;;;;;;;;;;;;;;;;;;;;;;;;;;;;;;;;;;;;;;;;;;;;;;;;;;;;;;;;;;;;;;;;;;;;;;;;;;;;;;;;;;;;;;;;;;;;;;;;;;;;;;;;;;;;;;441543200 volvo 589-1;441543200 volvo 589-1;;
20260331_21:52:06;26655;4;2;940;959.3;910;970;OK;940;966.9;910;970;OK;963.6;964.6;-15;-14.5;-50;-5;OK;-15;-14.3;-50;-5;OK;-16;-15.9;0;-15;-14.5;-50;-5;OK;330;424;330;500;OK;268.77;269.37;N/A;N/A;N/A;N/A;N/A;N/A;N/A;N/A;N/A;N/A;N/A;N/A;N/A;N/A;N/A;N/A;N/A;N/A;N/A;N/A;N/A;N/A;N/A;N/A;N/A;N/A;N/A;N/A;N/A;N/A;N/A;N/A;N/A;N/A;N/A;N/A;N/A;N/A;N/A;N/A;N/A;N/A;N/A;N/A;N/A;N/A;N/A;N/A;N/A;N/A;N/A;N/A;N/A;N/A;N/A;N/A;N/A;N/A;N/A;N/A;N/A;N/A;N/A;N/A;N/A;N/A;N/A;N/A;N/A;N/A;N/A;N/A;N/A;N/A;N/A;N/A;N/A;N/A;N/A;N/A;N/A;N/A;N/A;N/A;N/A;N/A;N/A;N/A;N/A;N/A;N/A;N/A;N/A;N/A;N/A;N/A;N/A;N/A;;0;388.1;0;0;;Disabled;TempStop;1;700;392.5;0;0;0;549.9;449.9;Enabled;PosOk;1;0;0;0;0;0;15;Disabled;0;0;0;0;0;0;0;0;0;0;0;0;0;0;0;0;0;0;0;0;0;0;0;0;0;0;0;0;0;0;0;0;0;0;0;0;0;0;0;0;0;0;0;0;0;0;0;0;0;0;0;0;0;0;0;0;0;0;0;0;0;0;0;0;0;0;0;0;0;0;30;30;20;45;30;30;20;45;30;26;20;45;30;25;20;45;200;227;100;300;200;224;100;300;200;0;100;300;200;0;100;300;30;31;20;45;30;30;20;45;30;26;20;45;30;28;20;45;200;242;100;300;200;240;100;300;200;0;100;300;200;0;100;300;4;2;0.4;6;4;5;0.4;6;4;2;0.4;6;4;5;0.4;6;4;2;0.4;6;4;6;0.4;6;4;2;0.4;6;4;6;0.4;6;NOK;NOK;OK;10000;10031;8000;11000;OK;8.66;0;8;12;NOK;N/A;1.95;N/A;N/A;N/A;9;11.7;7;18;OK;;0;0;0;-;Disabled;TempOk;1;230;100;0;0;0;349.9;441543200 volvo 589-1;441543200 volvo 589-1;441543200 volvo 589-1
20260331_21:52:06;26656;1;3;940;920.4;910;970;OK;940;916.7;910;970;OK;908.1;911.7;-20;-21.4;-50;-25;NOK;-20;-20.3;-50;-25;NOK;-20.2;-20.2;0;-20;-21.4;-50;-25;NOK;330;416;330;500;OK;0;0;;;;;;;;;;;;;;;;;;;;;;;;;;;;;;;;;;;;;;;;;;;;;;;;;;;;;;;;;;;;;;;;;;;;;;;;;;;;;;;;;;;;;;;;;;;;;;;;;;;;;;;;;;;;;;;;;;;;;;;;;;;;;;;;;;;;;;;;;;;;;;;;;;;;;;;;;;;;;;;;;;;;;;;;;;;;;;;;;;;;;;;;;;;;;;;;;;;;;;;;;;;;;;;;;;;;;;;;;;;;;;;;;;;;;;;;;;;;;;;;;;;;;;;;;;;;;;;;;;;;;;;;;;;;;;;;;;;;;;;;;;;;;;;;;;;;;;;;;;;;;;;;;;;;;;;;;;;;;;;;;;;;;;;;441543200 volvo 589-1;;;;
20260331_21:52:49;26657;4;3;940;949;910;970;OK;940;954.5;910;970;OK;954;954.2;-15;-15.5;-50;-5;OK;-15;-16.8;-50;-5;OK;-17;-17.3;0;-15;-15.2;-50;-5;OK;330;424;330;500;OK;268.88;269.46;N/A;N/A;N/A;N/A;N/A;N/A;N/A;N/A;N/A;N/A;N/A;N/A;N/A;N/A;N/A;N/A;N/A;N/A;N/A;N/A;N/A;N/A;N/A;N/A;N/A;N/A;N/A;N/A;N/A;N/A;N/A;N/A;N/A;N/A;N/A;N/A;N/A;N/A;N/A;N/A;N/A;N/A;N/A;N/A;N/A;N/A;N/A;N/A;N/A;N/A;N/A;N/A;N/A;N/A;N/A;N/A;N/A;N/A;N/A;N/A;N/A;N/A;N/A;N/A;N/A;N/A;N/A;N/A;N/A;N/A;N/A;N/A;N/A;N/A;N/A;N/A;N/A;N/A;N/A;N/A;N/A;N/A;N/A;N/A;N/A;N/A;N/A;N/A;N/A;N/A;N/A;N/A;N/A;N/A;N/A;N/A;N/A;N/A;;0;386.6;0;0;;Disabled;TempStop;1;700;390.5;0;0;0;549.9;449.9;Enabled;PosNotOk;1;0;25.4;0;0;0;15;Disabled;0;0;0;0;0;0;0;0;0;0;0;0;0;0;0;0;0;0;0;0;0;0;0;0;0;0;0;0;0;0;0;0;0;0;0;0;0;0;0;0;0;0;0;0;0;0;0;0;0;0;0;0;0;0;0;0;0;0;0;0;0;0;0;0;0;0;0;0;52;6;;;;;;;;;;;;;;;;;;;;;;;;;;;;;;;;;;;;;;;;;;;;;;;;;;;;;;;;;;;;;;;;;;;;;;;;;;;;;;;;;;;;;;;;;;;;;;;;;;;;;;;;;;;;;;;;;;;;;;;;;;;;;;;;;;;;;;441543200 volvo 589-1;441543200 volvo 589-1;;
20260331_21:54:45;26659;2;4;940;936.7;910;970;OK;940;945.1;910;970;OK;945.8;945.4;-15;-18.3;-50;-20;NOK;-15;-19.9;-50;-20;NOK;-18.2;-18.5;0;-15;-18.4;-50;-20;NOK;330;423;330;500;OK;0;0;N/A;N/A;N/A;N/A;N/A;N/A;N/A;N/A;N/A;N/A;N/A;N/A;N/A;N/A;N/A;N/A;N/A;N/A;N/A;N/A;N/A;N/A;N/A;N/A;N/A;N/A;N/A;N/A;N/A;N/A;N/A;N/A;N/A;N/A;N/A;N/A;N/A;N/A;N/A;N/A;N/A;N/A;N/A;N/A;N/A;N/A;N/A;N/A;N/A;N/A;N/A;N/A;N/A;N/A;N/A;N/A;N/A;N/A;N/A;N/A;N/A;N/A;N/A;N/A;N/A;N/A;N/A;N/A;N/A;N/A;N/A;N/A;N/A;N/A;N/A;N/A;N/A;N/A;N/A;N/A;N/A;N/A;N/A;N/A;N/A;N/A;N/A;N/A;N/A;N/A;N/A;N/A;N/A;N/A;N/A;N/A;N/A;N/A;;0;382;0;0;;Disabled;TempStop;1;700;386.2;0;0;0;549.9;449.9;Enabled;PosNotOk;1;0;100;0;0;0;15;Disabled;0;0;0;0;0;0;0;0;0;0;0;0;0;0;0;0;0;0;0;0;0;0;0;0;0;0;0;0;0;0;0;0;0;0;0;0;0;0;0;0;0;0;0;0;0;0;0;0;0;0;0;0;0;0;0;0;0;0;0;0;0;0;0;0;0;0;0;0;52;6;;;;;;;;;;;;;;;;;;;;;;;;;;;;;;;;;;;;;;;;;;;;;;;;;;;;;;;;;;;;;;;;;;;;;;;;;;;;;;;;;;;;;;;;;;;;;;;;;;;;;;;;;;;;;;;;;;;;;;;;;;;;;;;;;;;;;;441543200 volvo 589-1;441543200 volvo 589-1;;
20260331_21:57:01;26660;4;4;940;901.8;910;970;NOK;940;922;910;970;OK;908;913;-15;-12.1;-50;-5;OK;-15;-17.8;-50;-5;OK;-13.8;-11;0;-15;-12.3;-50;-5;OK;330;483;330;500;OK;269.13;269.81;N/A;N/A;N/A;N/A;N/A;N/A;N/A;N/A;N/A;N/A;N/A;N/A;N/A;N/A;N/A;N/A;N/A;N/A;N/A;N/A;N/A;N/A;N/A;N/A;N/A;N/A;N/A;N/A;N/A;N/A;N/A;N/A;N/A;N/A;N/A;N/A;N/A;N/A;N/A;N/A;N/A;N/A;N/A;N/A;N/A;N/A;N/A;N/A;N/A;N/A;N/A;N/A;N/A;N/A;N/A;N/A;N/A;N/A;N/A;N/A;N/A;N/A;N/A;N/A;N/A;N/A;N/A;N/A;N/A;N/A;N/A;N/A;N/A;N/A;N/A;N/A;N/A;N/A;N/A;N/A;N/A;N/A;N/A;N/A;N/A;N/A;N/A;N/A;N/A;N/A;N/A;N/A;N/A;N/A;N/A;N/A;N/A;N/A;;0;372.2;0;0;;Disabled;TempStop;1;700;376.4;0;0;0;549.9;449.9;Enabled;PosOk;1;0;0;0;0;0;15;Disabled;0;0;0;0;0;0;0;0;0;0;0;0;0;0;0;0;0;0;0;0;0;0;0;0;0;0;0;0;0;0;0;0;0;0;0;0;0;0;0;0;0;0;0;0;0;0;0;0;0;0;0;0;0;0;0;0;0;0;0;0;0;0;0;0;0;0;0;0;52;6;30;30;20;45;30;30;20;45;30;26;20;45;30;25;20;45;200;227;100;300;200;225;100;300;200;0;100;300;200;0;100;300;30;31;20;45;30;30;20;45;30;26;20;45;30;28;20;45;200;242;100;300;200;240;100;300;200;0;100;300;200;0;100;300;4;2;0.4;6;4;5;0.4;6;4;2;0.4;6;4;5;0.4;6;4;2;0.4;6;4;5;0.4;6;4;2;0.4;6;4;6;0.4;6;NOK;NOK;OK;10000;10024;8000;11000;OK;8.66;0;8;12;NOK;N/A;1.95;N/A;N/A;N/A;9;11.6;7;18;OK;;0;0;0;-;Disabled;TempOk;1;230;93.6;0;0;0;349.9;441543200 volvo 589-1;441543200 volvo 589-1;441543200 volvo 589-1
20260331_21:57:14;26661;1;4;940;934.9;910;970;OK;940;943;910;970;OK;943;941.9;-20;-17.4;-50;-25;NOK;-20;-21.3;-50;-25;NOK;-16.6;-15.9;0;-20;-17.4;-50;-25;NOK;330;483;330;500;OK;0;0;N/A;N/A;N/A;N/A;N/A;N/A;N/A;N/A;N/A;N/A;N/A;N/A;N/A;N/A;N/A;N/A;N/A;N/A;N/A;N/A;N/A;N/A;N/A;N/A;N/A;N/A;N/A;N/A;N/A;N/A;N/A;N/A;N/A;N/A;N/A;N/A;N/A;N/A;N/A;N/A;N/A;N/A;N/A;N/A;N/A;N/A;N/A;N/A;N/A;N/A;N/A;N/A;N/A;N/A;N/A;N/A;N/A;N/A;N/A;N/A;N/A;N/A;N/A;N/A;N/A;N/A;N/A;N/A;N/A;N/A;N/A;N/A;N/A;N/A;N/A;N/A;N/A;N/A;N/A;N/A;N/A;N/A;N/A;N/A;N/A;N/A;N/A;N/A;N/A;N/A;N/A;N/A;N/A;N/A;N/A;N/A;N/A;N/A;;0;413;0;0;;Disabled;TempStop;1;700;416.8;0;0;0;549.9;449.9;Enabled;PosNotOk;1;0;100;0;0;0;15;Disabled;0;0;0;0;0;0;0;0;0;0;0;0;0;0;0;0;0;0;0;0;0;0;0;0;0;0;0;0;0;0;0;0;0;0;0;0;0;0;0;0;0;0;0;0;0;0;0;0;0;0;0;0;0;0;0;0;0;0;0;0;0;0;0;0;0;0;0;0;57;1;;;;;;;;;;;;;;;;;;;;;;;;;;;;;;;;;;;;;;;;;;;;;;;;;;;;;;;;;;;;;;;;;;;;;;;;;;;;;;;;;;;;;;;;;;;;;;;;;;;;;;;;;;;;;;;;;;;;;;;;;;;;;;;;;;;;;;441543200 volvo 589-1;441543200 volvo 589-1;;
20260331_22:10:42;26658;3;3;940;941.7;910;970;OK;940;947.3;910;970;OK;949.3;949;-20;-19.1;-50;-25;NOK;-20;-21.1;-50;-25;NOK;-17.9;-18;0;-20;-19.2;-50;-25;NOK;330;1364;330;500;NOK;0;0;;;;;;;;;;;;;;;;;;;;;;;;;;;;;;;;;;;;;;;;;;;;;;;;;;;;;;;;;;;;;;;;;;;;;;;;;;;;;;;;;;;;;;;;;;;;;;;;;;;;;;;;;;;;;;;;;;;;;;;;;;;;;;;;;;;;;;;;;;;;;;;;;;;;;;;;;;;;;;;;;;;;;;;;;;;;;;;;;;;;;;;;;;;;;;;;;;;;;;;;;;;;;;;;;;;;;;;;;;;;;;;;;;;;;;;;;;;;;;;;;;;;;;;;;;;;;;;;;;;;;;;;;;;;;;;;;;;;;;;;;;;;;;;;;;;;;;;;;;;;;;;;;;;;;;;;;;;;;;;;;;;;;;;;441543200 volvo 589-1;;;;
20260331_22:16:35;26664;2;2;940;941.5;910;970;OK;940;944.3;910;970;OK;945.4;944.6;-15;-21.2;-50;-20;OK;-15;-19.1;-50;-20;NOK;-19;-19;0;-15;-21.2;-50;-20;OK;330;335;330;500;OK;0;0;N/A;N/A;N/A;N/A;N/A;N/A;N/A;N/A;N/A;N/A;N/A;N/A;N/A;N/A;N/A;N/A;N/A;N/A;N/A;N/A;N/A;N/A;N/A;N/A;N/A;N/A;N/A;N/A;N/A;N/A;N/A;N/A;N/A;N/A;N/A;N/A;N/A;N/A;N/A;N/A;N/A;N/A;N/A;N/A;N/A;N/A;N/A;N/A;N/A;N/A;N/A;N/A;N/A;N/A;N/A;N/A;N/A;N/A;N/A;N/A;N/A;N/A;N/A;N/A;N/A;N/A;N/A;N/A;N/A;N/A;N/A;N/A;N/A;N/A;N/A;N/A;N/A;N/A;N/A;N/A;N/A;N/A;N/A;N/A;N/A;N/A;N/A;N/A;N/A;N/A;N/A;N/A;N/A;N/A;N/A;N/A;N/A;N/A;;0;384.7;0;0;;Disabled;TempStop;1;700;389.1;0;0;0;549.9;449.9;Disabled;PosOk;1;0;0;0;0;0;15;Disabled;0;0;0;0;0;0;0;0;0;0;0;0;0;0;0;0;0;0;0;0;0;0;0;0;0;0;0;0;0;0;0;0;0;0;0;0;0;0;0;0;0;0;0;0;0;0;0;0;0;0;0;0;0;0;0;0;0;0;0;0;0;0;0;0;0;0;0;0;57;1;30;30;20;45;30;30;20;45;30;25;20;45;30;25;20;45;200;227;100;300;200;225;100;300;200;0;100;300;200;0;100;300;30;31;20;45;30;30;20;45;30;26;20;45;30;28;20;45;200;242;100;300;200;240;100;300;200;0;100;300;200;0;100;300;4;2;0.4;6;4;5;0.4;6;4;2;0.4;6;4;5;0.4;6;4;2;0.4;6;4;6;0.4;6;4;2;0.4;6;4;6;0.4;6;NOK;NOK;OK;10000;10034;8000;11000;OK;8.66;0;8;12;NOK;N/A;1.95;N/A;N/A;N/A;9;11.6;7;18;OK;;0;0;0;-;Disabled;TempOk;1;230;92.5;0;0;0;349.9;441543200 volvo 589-1;441543200 volvo 589-1;441543200 volvo 589-1
20260331_22:17:05;26663;1;4;940;936.9;910;970;OK;940;941.3;910;970;OK;941.7;941.3;-20;-21.4;-50;-25;NOK;-20;-20.6;-50;-25;NOK;-20.4;-20.5;0;-20;-21.4;-50;-25;NOK;330;377;330;500;OK;0;0;N/A;N/A;N/A;N/A;N/A;N/A;N/A;N/A;N/A;N/A;N/A;N/A;N/A;N/A;N/A;N/A;N/A;N/A;N/A;N/A;N/A;N/A;N/A;N/A;N/A;N/A;N/A;N/A;N/A;N/A;N/A;N/A;N/A;N/A;N/A;N/A;N/A;N/A;N/A;N/A;N/A;N/A;N/A;N/A;N/A;N/A;N/A;N/A;N/A;N/A;N/A;N/A;N/A;N/A;N/A;N/A;N/A;N/A;N/A;N/A;N/A;N/A;N/A;N/A;N/A;N/A;N/A;N/A;N/A;N/A;N/A;N/A;N/A;N/A;N/A;N/A;N/A;N/A;N/A;N/A;N/A;N/A;N/A;N/A;N/A;N/A;N/A;N/A;N/A;N/A;N/A;N/A;N/A;N/A;N/A;N/A;N/A;N/A;;0;420.6;0;0;;Disabled;TempStop;1;700;424.4;0;0;0;549.9;449.9;Disabled;PosOk;1;0;1.6;0;0;0;15;Disabled;0;0;0;0;0;0;0;0;0;0;0;0;0;0;0;0;0;0;0;0;0;0;0;0;0;0;0;0;0;0;0;0;0;0;0;0;0;0;0;0;0;0;0;0;0;0;0;0;0;0;0;0;0;0;0;0;0;0;0;0;0;0;0;0;0;0;0;0;16;36;30;32;20;45;30;30;20;45;30;25;20;45;30;25;20;45;200;227;100;300;200;224;100;300;200;0;100;300;200;0;100;300;30;32;20;45;30;30;20;45;30;26;20;45;30;28;20;45;200;242;100;300;200;240;100;300;200;0;100;300;200;0;100;300;4;2;0.4;6;4;5;0.4;6;4;2;0.4;6;4;5;0.4;6;4;2;0.4;6;4;5;0.4;6;4;2;0.4;6;4;6;0.4;6;NOK;NOK;OK;10000;10051;8000;11000;OK;8.68;0;8;12;NOK;N/A;1.95;N/A;N/A;N/A;9;10.9;7;18;OK;;0;0;0;-;Disabled;TempOk;1;230;107.6;0;0;0;349.9;441543200 volvo 589-1;441543200 volvo 589-1;441543200 volvo 589-1
20260331_22:18:19;26666;4;2;940;958.8;910;970;OK;940;959.2;910;970;OK;958.7;959;-15;-14.9;-50;-5;OK;-15;-13.6;-50;-5;OK;-15.6;-15.1;0;-15;-15;-50;-5;OK;330;382;330;500;OK;271.08;271.63;N/A;N/A;N/A;N/A;N/A;N/A;N/A;N/A;N/A;N/A;N/A;N/A;N/A;N/A;N/A;N/A;N/A;N/A;N/A;N/A;N/A;N/A;N/A;N/A;N/A;N/A;N/A;N/A;N/A;N/A;N/A;N/A;N/A;N/A;N/A;N/A;N/A;N/A;N/A;N/A;N/A;N/A;N/A;N/A;N/A;N/A;N/A;N/A;N/A;N/A;N/A;N/A;N/A;N/A;N/A;N/A;N/A;N/A;N/A;N/A;N/A;N/A;N/A;N/A;N/A;N/A;N/A;N/A;N/A;N/A;N/A;N/A;N/A;N/A;N/A;N/A;N/A;N/A;N/A;N/A;N/A;N/A;N/A;N/A;N/A;N/A;N/A;N/A;N/A;N/A;N/A;N/A;N/A;N/A;N/A;N/A;N/A;N/A;;0;386.8;0;0;;Disabled;TempStop;1;700;390.9;0;0;0;549.9;449.9;Disabled;PosOk;1;0;0;0;0;0;15;Disabled;0;0;0;0;0;0;0;0;0;0;0;0;0;0;0;0;0;0;0;0;0;0;0;0;0;0;0;0;0;0;0;0;0;0;0;0;0;0;0;0;0;0;0;0;0;0;0;0;0;0;0;0;0;0;0;0;0;0;0;0;0;0;0;0;0;0;0;0;0;0;30;31;20;45;30;29;20;45;30;25;20;45;30;25;20;45;200;227;100;300;200;224;100;300;200;0;100;300;200;0;100;300;30;31;20;45;30;29;20;45;30;26;20;45;30;28;20;45;200;242;100;300;200;240;100;300;200;0;100;300;200;0;100;300;4;2;0.4;6;4;5;0.4;6;4;2;0.4;6;4;5;0.4;6;4;2;0.4;6;4;5;0.4;6;4;2;0.4;6;4;6;0.4;6;NOK;NOK;OK;10000;10039;8000;11000;OK;8.67;0;8;12;NOK;N/A;1.95;N/A;N/A;N/A;9;11.7;7;18;OK;;0;0;0;-;Disabled;TempOk;1;230;98;0;0;0;349.9;441543200 volvo 589-1;441543200 volvo 589-1;441543200 volvo 589-1
20260331_22:18:49;26665;3;3;940;936.8;910;970;OK;940;943.3;910;970;OK;947.5;947;-20;-21;-50;-25;NOK;-20;-19.5;-50;-25;NOK;-19.9;-19.8;0;-20;-21;-50;-25;NOK;330;445;330;500;OK;0;0;N/A;N/A;N/A;N/A;N/A;N/A;N/A;N/A;N/A;N/A;N/A;N/A;N/A;N/A;N/A;N/A;N/A;N/A;N/A;N/A;N/A;N/A;N/A;N/A;N/A;N/A;N/A;N/A;N/A;N/A;N/A;N/A;N/A;N/A;N/A;N/A;N/A;N/A;N/A;N/A;N/A;N/A;N/A;N/A;N/A;N/A;N/A;N/A;N/A;N/A;N/A;N/A;N/A;N/A;N/A;N/A;N/A;N/A;N/A;N/A;N/A;N/A;N/A;N/A;N/A;N/A;N/A;N/A;N/A;N/A;N/A;N/A;N/A;N/A;N/A;N/A;N/A;N/A;N/A;N/A;N/A;N/A;N/A;N/A;N/A;N/A;N/A;N/A;N/A;N/A;N/A;N/A;N/A;N/A;N/A;N/A;N/A;N/A;;0;413.4;0;0;;Disabled;TempStop;1;700;417.3;0;0;0;549.9;449.9;Disabled;PosOk;1;0;2.8;0;0;0;15;Disabled;0;0;0;0;0;0;0;0;0;0;0;0;0;0;0;0;0;0;0;0;0;0;0;0;0;0;0;0;0;0;0;0;0;0;0;0;0;0;0;0;0;0;0;0;0;0;0;0;0;0;0;0;0;0;0;0;0;0;0;0;0;0;0;0;0;0;0;0;0;0;30;32;20;45;30;29;20;45;30;25;20;45;30;25;20;45;200;228;100;300;200;225;100;300;200;0;100;300;200;0;100;300;30;31;20;45;30;29;20;45;30;26;20;45;30;28;20;45;200;242;100;300;200;241;100;300;200;0;100;300;200;0;100;300;4;2;0.4;6;4;5;0.4;6;4;2;0.4;6;4;5;0.4;6;4;2;0.4;6;4;5;0.4;6;4;2;0.4;6;4;6;0.4;6;NOK;NOK;OK;10000;10044;8000;11000;OK;8.68;0;8;12;NOK;N/A;1.95;N/A;N/A;N/A;9;11.8;7;18;OK;;0;0;0;-;Disabled;TempOk;1;230;108.7;0;0;0;349.9;441543200 volvo 589-1;441543200 volvo 589-1;441543200 volvo 589-1
20260331_22:29:19;26669;2;2;940;939.8;910;970;OK;940;943.2;910;970;OK;944.6;943.8;-15;-19.4;-50;-20;NOK;-15;-18.3;-50;-20;NOK;-18.2;-18.3;0;-15;-19.4;-50;-20;NOK;330;336;330;500;OK;0;0;N/A;N/A;N/A;N/A;N/A;N/A;N/A;N/A;N/A;N/A;N/A;N/A;N/A;N/A;N/A;N/A;N/A;N/A;N/A;N/A;N/A;N/A;N/A;N/A;N/A;N/A;N/A;N/A;N/A;N/A;N/A;N/A;N/A;N/A;N/A;N/A;N/A;N/A;N/A;N/A;N/A;N/A;N/A;N/A;N/A;N/A;N/A;N/A;N/A;N/A;N/A;N/A;N/A;N/A;N/A;N/A;N/A;N/A;N/A;N/A;N/A;N/A;N/A;N/A;N/A;N/A;N/A;N/A;N/A;N/A;N/A;N/A;N/A;N/A;N/A;N/A;N/A;N/A;N/A;N/A;N/A;N/A;N/A;N/A;N/A;N/A;N/A;N/A;N/A;N/A;N/A;N/A;N/A;N/A;N/A;N/A;N/A;N/A;;0;381.4;0;0;;Disabled;TempStop;1;700;385.9;0;0;0;549.9;449.9;Disabled;PosOk;1;0;4.6;0;0;0;15;Disabled;0;0;0;0;0;0;0;0;0;0;0;0;0;0;0;0;0;0;0;0;0;0;0;0;0;0;0;0;0;0;0;0;0;0;0;0;0;0;0;0;0;0;0;0;0;0;0;0;0;0;0;0;0;0;0;0;0;0;0;0;0;0;0;0;0;0;0;0;0;0;30;30;20;45;30;30;20;45;30;25;20;45;30;25;20;45;200;227;100;300;200;224;100;300;200;0;100;300;200;0;100;300;30;31;20;45;30;30;20;45;30;26;20;45;30;28;20;45;200;242;100;300;200;240;100;300;200;0;100;300;200;0;100;300;4;2;0.4;6;4;5;0.4;6;4;2;0.4;6;4;6;0.4;6;4;2;0.4;6;4;6;0.4;6;4;2;0.4;6;4;6;0.4;6;NOK;NOK;OK;10000;10051;8000;11000;OK;8.67;0;8;12;NOK;N/A;1.95;N/A;N/A;N/A;9;11.1;7;18;OK;;0;0;0;-;Disabled;TempOk;1;230;92.5;0;0;0;349.9;441543200 volvo 589-1;441543200 volvo 589-1;441543200 volvo 589-1
20260331_22:29:49;26668;3;3;940;938.4;910;970;OK;940;941.9;910;970;OK;946;945.4;-20;-19.2;-50;-25;NOK;-20;-19.4;-50;-25;NOK;-19.8;-19.7;0;-20;-19.2;-50;-25;NOK;330;377;330;500;OK;0;0;N/A;N/A;N/A;N/A;N/A;N/A;N/A;N/A;N/A;N/A;N/A;N/A;N/A;N/A;N/A;N/A;N/A;N/A;N/A;N/A;N/A;N/A;N/A;N/A;N/A;N/A;N/A;N/A;N/A;N/A;N/A;N/A;N/A;N/A;N/A;N/A;N/A;N/A;N/A;N/A;N/A;N/A;N/A;N/A;N/A;N/A;N/A;N/A;N/A;N/A;N/A;N/A;N/A;N/A;N/A;N/A;N/A;N/A;N/A;N/A;N/A;N/A;N/A;N/A;N/A;N/A;N/A;N/A;N/A;N/A;N/A;N/A;N/A;N/A;N/A;N/A;N/A;N/A;N/A;N/A;N/A;N/A;N/A;N/A;N/A;N/A;N/A;N/A;N/A;N/A;N/A;N/A;N/A;N/A;N/A;N/A;N/A;N/A;;0;421.4;0;0;;Disabled;TempStop;1;700;425.4;0;0;0;549.9;449.9;Disabled;PosOk;1;0;12.8;0;0;0;15;Disabled;0;0;0;0;0;0;0;0;0;0;0;0;0;0;0;0;0;0;0;0;0;0;0;0;0;0;0;0;0;0;0;0;0;0;0;0;0;0;0;0;0;0;0;0;0;0;0;0;0;0;0;0;0;0;0;0;0;0;0;0;0;0;0;0;0;0;0;0;0;0;30;31;20;45;30;30;20;45;30;25;20;45;30;25;20;45;200;227;100;300;200;224;100;300;200;0;100;300;200;0;100;300;30;32;20;45;30;30;20;45;30;26;20;45;30;28;20;45;200;242;100;300;200;241;100;300;200;0;100;300;200;0;100;300;4;2;0.4;6;4;5;0.4;6;4;2;0.4;6;4;5;0.4;6;4;2;0.4;6;4;5;0.4;6;4;2;0.4;6;4;5;0.4;6;NOK;NOK;OK;10000;10055;8000;11000;OK;8.67;0;8;12;NOK;N/A;1.95;N/A;N/A;N/A;9;11.7;7;18;OK;;0;0;0;-;Disabled;TempOk;1;230;107.9;0;0;0;349.9;441543200 volvo 589-1;441543200 volvo 589-1;441543200 volvo 589-1
20260331_22:30:18;26671;4;2;940;949.8;910;970;OK;940;956.1;910;970;OK;955.3;955.7;-15;-22.4;-50;-5;OK;-15;-16.1;-50;-5;OK;-16;-16;0;-15;-22.5;-50;-5;OK;330;338;330;500;OK;272.23;272.74;N/A;N/A;N/A;N/A;N/A;N/A;N/A;N/A;N/A;N/A;N/A;N/A;N/A;N/A;N/A;N/A;N/A;N/A;N/A;N/A;N/A;N/A;N/A;N/A;N/A;N/A;N/A;N/A;N/A;N/A;N/A;N/A;N/A;N/A;N/A;N/A;N/A;N/A;N/A;N/A;N/A;N/A;N/A;N/A;N/A;N/A;N/A;N/A;N/A;N/A;N/A;N/A;N/A;N/A;N/A;N/A;N/A;N/A;N/A;N/A;N/A;N/A;N/A;N/A;N/A;N/A;N/A;N/A;N/A;N/A;N/A;N/A;N/A;N/A;N/A;N/A;N/A;N/A;N/A;N/A;N/A;N/A;N/A;N/A;N/A;N/A;N/A;N/A;N/A;N/A;N/A;N/A;N/A;N/A;N/A;N/A;N/A;N/A;;0;422.9;0;0;;Disabled;TempStop;1;700;426.7;0;0;0;549.9;449.9;Disabled;PosOk;1;0;0.7;0;0;0;15;Disabled;0;0;0;0;0;0;0;0;0;0;0;0;0;0;0;0;0;0;0;0;0;0;0;0;0;0;0;0;0;0;0;0;0;0;0;0;0;0;0;0;0;0;0;0;0;0;0;0;0;0;0;0;0;0;0;0;0;0;0;0;0;0;0;0;0;0;0;0;0;0;30;32;20;45;30;30;20;45;30;25;20;45;30;25;20;45;200;228;100;300;200;225;100;300;200;0;100;300;200;0;100;300;30;32;20;45;30;30;20;45;30;26;20;45;30;28;20;45;200;242;100;300;200;241;100;300;200;0;100;300;200;0;100;300;4;2;0.4;6;4;5;0.4;6;4;2;0.4;6;4;6;0.4;6;4;2;0.4;6;4;6;0.4;6;4;2;0.4;6;4;6;0.4;6;NOK;NOK;OK;10000;10050;8000;11000;OK;8.67;0;8;12;NOK;N/A;1.95;N/A;N/A;N/A;9;11.6;7;18;OK;;0;0;0;-;Disabled;TempOk;1;230;107.7;0;0;0;349.9;441543200 volvo 589-1;441543200 volvo 589-1;441543200 volvo 589-1
20260331_22:30:48;26670;1;4;940;937.6;910;970;OK;940;941.2;910;970;OK;941.3;941.2;-20;-21.2;-50;-25;NOK;-20;-20.6;-50;-25;NOK;-20.5;-20.5;0;-20;-21.2;-50;-25;NOK;330;378;330;500;OK;0;0;N/A;N/A;N/A;N/A;N/A;N/A;N/A;N/A;N/A;N/A;N/A;N/A;N/A;N/A;N/A;N/A;N/A;N/A;N/A;N/A;N/A;N/A;N/A;N/A;N/A;N/A;N/A;N/A;N/A;N/A;N/A;N/A;N/A;N/A;N/A;N/A;N/A;N/A;N/A;N/A;N/A;N/A;N/A;N/A;N/A;N/A;N/A;N/A;N/A;N/A;N/A;N/A;N/A;N/A;N/A;N/A;N/A;N/A;N/A;N/A;N/A;N/A;N/A;N/A;N/A;N/A;N/A;N/A;N/A;N/A;N/A;N/A;N/A;N/A;N/A;N/A;N/A;N/A;N/A;N/A;N/A;N/A;N/A;N/A;N/A;N/A;N/A;N/A;N/A;N/A;N/A;N/A;N/A;N/A;N/A;N/A;N/A;N/A;;0;428.8;0;0;;Disabled;TempStop;1;700;432.4;0;0;0;549.9;449.9;Disabled;PosOk;1;0;3.4;0;0;0;15;Disabled;0;0;0;0;0;0;0;0;0;0;0;0;0;0;0;0;0;0;0;0;0;0;0;0;0;0;0;0;0;0;0;0;0;0;0;0;0;0;0;0;0;0;0;0;0;0;0;0;0;0;0;0;0;0;0;0;0;0;0;0;0;0;0;0;0;0;0;0;30;19;30;33;20;45;30;30;20;45;30;25;20;45;30;25;20;45;200;228;100;300;200;224;100;300;200;0;100;300;200;0;100;300;30;33;20;45;30;30;20;45;30;26;20;45;30;28;20;45;200;243;100;300;200;241;100;300;200;0;100;300;200;0;100;300;4;2;0.4;6;4;5;0.4;6;4;2;0.4;6;4;6;0.4;6;4;2;0.4;6;4;5;0.4;6;4;2;0.4;6;4;6;0.4;6;NOK;NOK;OK;10000;10051;8000;11000;OK;8.67;0;8;12;NOK;N/A;1.95;N/A;N/A;N/A;9;10.8;7;18;OK;;0;0;0;-;Disabled;TempOk;1;230;112.2;0;0;0;349.9;441543200 volvo 589-1;441543200 volvo 589-1;441543200 volvo 589-1
20260331_22:31:17;26673;4;3;940;941;910;970;OK;940;943.2;910;970;OK;944.3;943.6;-15;-24.1;-50;-5;OK;-15;-18.6;-50;-5;OK;-18.2;-18.6;0;-15;-23.8;-50;-5;OK;330;339;330;500;OK;272.33;272.84;N/A;N/A;N/A;N/A;N/A;N/A;N/A;N/A;N/A;N/A;N/A;N/A;N/A;N/A;N/A;N/A;N/A;N/A;N/A;N/A;N/A;N/A;N/A;N/A;N/A;N/A;N/A;N/A;N/A;N/A;N/A;N/A;N/A;N/A;N/A;N/A;N/A;N/A;N/A;N/A;N/A;N/A;N/A;N/A;N/A;N/A;N/A;N/A;N/A;N/A;N/A;N/A;N/A;N/A;N/A;N/A;N/A;N/A;N/A;N/A;N/A;N/A;N/A;N/A;N/A;N/A;N/A;N/A;N/A;N/A;N/A;N/A;N/A;N/A;N/A;N/A;N/A;N/A;N/A;N/A;N/A;N/A;N/A;N/A;N/A;N/A;N/A;N/A;N/A;N/A;N/A;N/A;N/A;N/A;N/A;N/A;N/A;N/A;;0;427;0;0;;Disabled;TempStop;1;700;430.7;0;0;0;549.9;449.9;Disabled;PosOk;1;0;2.3;0;0;0;15;Disabled;0;0;0;0;0;0;0;0;0;0;0;0;0;0;0;0;0;0;0;0;0;0;0;0;0;0;0;0;0;0;0;0;0;0;0;0;0;0;0;0;0;0;0;0;0;0;0;0;0;0;0;0;0;0;0;0;0;0;0;0;0;0;0;0;0;0;0;0;0;0;30;33;20;45;30;30;20;45;30;25;20;45;30;25;20;45;200;227;100;300;200;224;100;300;200;0;100;300;200;0;100;300;30;33;20;45;30;30;20;45;30;26;20;45;30;28;20;45;200;242;100;300;200;241;100;300;200;0;100;300;200;0;100;300;4;2;0.4;6;4;6;0.4;6;4;2;0.4;6;4;5;0.4;6;4;2;0.4;6;4;6;0.4;6;4;2;0.4;6;4;6;0.4;6;NOK;NOK;OK;10000;10047;8000;11000;OK;8.68;0;8;12;NOK;N/A;1.95;N/A;N/A;N/A;9;11.3;7;18;OK;;0;0;0;-;Disabled;TempOk;1;230;112.6;0;0;0;349.9;441543200 volvo 589-1;441543200 volvo 589-1;441543200 volvo 589-1
20260331_22:32:16;26674;2;4;940;937.6;910;970;OK;940;941;910;970;OK;941.4;940.6;-15;-24.2;-50;-20;OK;-15;-21;-50;-20;OK;-21.2;-20.9;0;-15;-24.2;-50;-20;OK;330;339;330;500;OK;0;0;N/A;N/A;N/A;N/A;N/A;N/A;N/A;N/A;N/A;N/A;N/A;N/A;N/A;N/A;N/A;N/A;N/A;N/A;N/A;N/A;N/A;N/A;N/A;N/A;N/A;N/A;N/A;N/A;N/A;N/A;N/A;N/A;N/A;N/A;N/A;N/A;N/A;N/A;N/A;N/A;N/A;N/A;N/A;N/A;N/A;N/A;N/A;N/A;N/A;N/A;N/A;N/A;N/A;N/A;N/A;N/A;N/A;N/A;N/A;N/A;N/A;N/A;N/A;N/A;N/A;N/A;N/A;N/A;N/A;N/A;N/A;N/A;N/A;N/A;N/A;N/A;N/A;N/A;N/A;N/A;N/A;N/A;N/A;N/A;N/A;N/A;N/A;N/A;N/A;N/A;N/A;N/A;N/A;N/A;N/A;N/A;N/A;N/A;;0;390.5;0;0;;Disabled;TempStop;1;700;394.5;0;0;0;549.9;449.9;Disabled;PosOk;1;0;10.7;0;0;0;15;Disabled;0;0;0;0;0;0;0;0;0;0;0;0;0;0;0;0;0;0;0;0;0;0;0;0;0;0;0;0;0;0;0;0;0;0;0;0;0;0;0;0;0;0;0;0;0;0;0;0;0;0;0;0;0;0;0;0;0;0;0;0;0;0;0;0;0;0;0;0;0;0;30;31;20;45;30;30;20;45;30;25;20;45;30;25;20;45;200;227;100;300;200;224;100;300;200;0;100;300;200;0;100;300;30;32;20;45;30;30;20;45;30;26;20;45;30;28;20;45;200;242;100;300;200;241;100;300;200;0;100;300;200;0;100;300;4;2;0.4;6;4;5;0.4;6;4;2;0.4;6;4;6;0.4;6;4;2;0.4;6;4;5;0.4;6;4;2;0.4;6;4;6;0.4;6;NOK;NOK;OK;10000;10045;8000;11000;OK;8.67;0;8;12;NOK;N/A;1.95;N/A;N/A;N/A;9;11.7;7;18;OK;;0;0;0;-;Disabled;TempOk;1;230;103.5;0;0;0;349.9;441543200 volvo 589-1;441543200 volvo 589-1;441543200 volvo 589-1
20260331_22:35:13;26675;2;2;940;934;910;970;OK;940;943.6;910;970;OK;944.8;944.1;-15;-18.4;-50;-20;NOK;-15;-17.3;-50;-20;NOK;-17.1;-17.2;0;-15;-18.4;-50;-20;NOK;330;341;330;500;OK;0;0;N/A;N/A;N/A;N/A;N/A;N/A;N/A;N/A;N/A;N/A;N/A;N/A;N/A;N/A;N/A;N/A;N/A;N/A;N/A;N/A;N/A;N/A;N/A;N/A;N/A;N/A;N/A;N/A;N/A;N/A;N/A;N/A;N/A;N/A;N/A;N/A;N/A;N/A;N/A;N/A;N/A;N/A;N/A;N/A;N/A;N/A;N/A;N/A;N/A;N/A;N/A;N/A;N/A;N/A;N/A;N/A;N/A;N/A;N/A;N/A;N/A;N/A;N/A;N/A;N/A;N/A;N/A;N/A;N/A;N/A;N/A;N/A;N/A;N/A;N/A;N/A;N/A;N/A;N/A;N/A;N/A;N/A;N/A;N/A;N/A;N/A;N/A;N/A;N/A;N/A;N/A;N/A;N/A;N/A;N/A;N/A;N/A;N/A;;0;380.4;0;0;;Disabled;TempStop;1;700;384.8;0;0;0;549.9;449.9;Disabled;PosOk;1;0;0.3;0;0;0;15;Disabled;0;0;0;0;0;0;0;0;0;0;0;0;0;0;0;0;0;0;0;0;0;0;0;0;0;0;0;0;0;0;0;0;0;0;0;0;0;0;0;0;0;0;0;0;0;0;0;0;0;0;0;0;0;0;0;0;0;0;0;0;0;0;0;0;0;0;0;0;0;0;30;30;20;45;30;30;20;45;30;25;20;45;30;25;20;45;200;227;100;300;200;224;100;300;200;0;100;300;200;0;100;300;30;31;20;45;30;30;20;45;30;26;20;45;30;28;20;45;200;242;100;300;200;240;100;300;200;0;100;300;200;0;100;300;4;2;0.4;6;4;5;0.4;6;4;2;0.4;6;4;5;0.4;6;4;2;0.4;6;4;6;0.4;6;4;2;0.4;6;4;5;0.4;6;NOK;NOK;OK;10000;10035;8000;11000;OK;8.66;0;8;12;NOK;N/A;1.95;N/A;N/A;N/A;9;11.8;7;18;OK;;0;0;0;-;Disabled;TempOk;1;230;94.5;0;0;0;349.9;441543200 volvo 589-1;441543200 volvo 589-1;441543200 volvo 589-1
20260331_22:35:42;26672;3;3;940;933.2;910;970;OK;940;941.9;910;970;OK;943.5;942.8;-20;-19.4;-50;-25;NOK;-20;-19.5;-50;-25;NOK;-19.3;-19.2;0;-20;-19.4;-50;-25;NOK;330;341;330;500;OK;0;0;N/A;N/A;N/A;N/A;N/A;N/A;N/A;N/A;N/A;N/A;N/A;N/A;N/A;N/A;N/A;N/A;N/A;N/A;N/A;N/A;N/A;N/A;N/A;N/A;N/A;N/A;N/A;N/A;N/A;N/A;N/A;N/A;N/A;N/A;N/A;N/A;N/A;N/A;N/A;N/A;N/A;N/A;N/A;N/A;N/A;N/A;N/A;N/A;N/A;N/A;N/A;N/A;N/A;N/A;N/A;N/A;N/A;N/A;N/A;N/A;N/A;N/A;N/A;N/A;N/A;N/A;N/A;N/A;N/A;N/A;N/A;N/A;N/A;N/A;N/A;N/A;N/A;N/A;N/A;N/A;N/A;N/A;N/A;N/A;N/A;N/A;N/A;N/A;N/A;N/A;N/A;N/A;N/A;N/A;N/A;N/A;N/A;N/A;;0;424.5;0;0;;Disabled;TempStop;1;700;428.5;0;0;0;549.9;449.9;Disabled;PosOk;1;0;8.9;0;0;0;15;Disabled;0;0;0;0;0;0;0;0;0;0;0;0;0;0;0;0;0;0;0;0;0;0;0;0;0;0;0;0;0;0;0;0;0;0;0;0;0;0;0;0;0;0;0;0;0;0;0;0;0;0;0;0;0;0;0;0;0;0;0;0;0;0;0;0;0;0;0;0;0;0;30;32;20;45;30;30;20;45;30;25;20;45;30;25;20;45;200;227;100;300;200;224;100;300;200;0;100;300;200;0;100;300;30;32;20;45;30;29;20;45;30;26;20;45;30;28;20;45;200;243;100;300;200;240;100;300;200;0;100;300;200;0;100;300;4;2;0.4;6;4;5;0.4;6;4;2;0.4;6;4;6;0.4;6;4;2;0.4;6;4;5;0.4;6;4;2;0.4;6;4;6;0.4;6;NOK;NOK;OK;10000;10053;8000;11000;OK;8.67;0;8;12;NOK;N/A;1.95;N/A;N/A;N/A;9;11.7;7;18;OK;;0;0;0;-;Disabled;TempOk;1;230;107;0;0;0;349.9;441543200 volvo 589-1;441543200 volvo 589-1;441543200 volvo 589-1
20260331_22:36:11;26676;4;2;940;949.2;910;970;OK;940;952;910;970;OK;953.4;952.7;-15;-16.2;-50;-5;OK;-15;-14.5;-50;-5;OK;-13.4;-13.7;0;-15;-16.2;-50;-5;OK;330;341;330;500;OK;272.76;273.26;N/A;N/A;N/A;N/A;N/A;N/A;N/A;N/A;N/A;N/A;N/A;N/A;N/A;N/A;N/A;N/A;N/A;N/A;N/A;N/A;N/A;N/A;N/A;N/A;N/A;N/A;N/A;N/A;N/A;N/A;N/A;N/A;N/A;N/A;N/A;N/A;N/A;N/A;N/A;N/A;N/A;N/A;N/A;N/A;N/A;N/A;N/A;N/A;N/A;N/A;N/A;N/A;N/A;N/A;N/A;N/A;N/A;N/A;N/A;N/A;N/A;N/A;N/A;N/A;N/A;N/A;N/A;N/A;N/A;N/A;N/A;N/A;N/A;N/A;N/A;N/A;N/A;N/A;N/A;N/A;N/A;N/A;N/A;N/A;N/A;N/A;N/A;N/A;N/A;N/A;N/A;N/A;N/A;N/A;N/A;N/A;N/A;N/A;;0;432.8;0;0;;Disabled;TempStop;1;700;436.8;0;0;0;549.9;449.9;Disabled;PosOk;1;0;4.8;0;0;0;15;Disabled;0;0;0;0;0;0;0;0;0;0;0;0;0;0;0;0;0;0;0;0;0;0;0;0;0;0;0;0;0;0;0;0;0;0;0;0;0;0;0;0;0;0;0;0;0;0;0;0;0;0;0;0;0;0;0;0;0;0;0;0;0;0;0;0;0;0;0;0;0;0;30;32;20;45;30;29;20;45;30;25;20;45;30;25;20;45;200;227;100;300;200;225;100;300;200;0;100;300;200;0;100;300;30;32;20;45;30;29;20;45;30;26;20;45;30;28;20;45;200;243;100;300;200;241;100;300;200;0;100;300;200;0;100;300;4;2;0.4;6;4;5;0.4;6;4;2;0.4;6;4;6;0.4;6;4;2;0.4;6;4;6;0.4;6;4;2;0.4;6;4;6;0.4;6;NOK;NOK;OK;10000;10046;8000;11000;OK;8.66;0;8;12;NOK;N/A;1.95;N/A;N/A;N/A;9;11.8;7;18;OK;;0;0;0;-;Disabled;TempOk;1;230;108.2;0;0;0;349.9;441543200 volvo 589-1;441543200 volvo 589-1;441543200 volvo 589-1
20260331_22:58:41;26679;2;1;940;938.9;910;970;OK;940;942.4;910;970;OK;940.5;940.3;-15;-16.3;-50;-20;NOK;-15;-16.5;-50;-20;NOK;-14.7;-15.6;0;-15;-16.2;-50;-20;NOK;330;333;330;500;OK;0;0;N/A;N/A;N/A;N/A;N/A;N/A;N/A;N/A;N/A;N/A;N/A;N/A;N/A;N/A;N/A;N/A;N/A;N/A;N/A;N/A;N/A;N/A;N/A;N/A;N/A;N/A;N/A;N/A;N/A;N/A;N/A;N/A;N/A;N/A;N/A;N/A;N/A;N/A;N/A;N/A;N/A;N/A;N/A;N/A;N/A;N/A;N/A;N/A;N/A;N/A;N/A;N/A;N/A;N/A;N/A;N/A;N/A;N/A;N/A;N/A;N/A;N/A;N/A;N/A;N/A;N/A;N/A;N/A;N/A;N/A;N/A;N/A;N/A;N/A;N/A;N/A;N/A;N/A;N/A;N/A;N/A;N/A;N/A;N/A;N/A;N/A;N/A;N/A;N/A;N/A;N/A;N/A;N/A;N/A;N/A;N/A;N/A;N/A;;0;382.6;0;0;;Disabled;TempStop;1;700;387.1;0;0;0;549.9;449.9;Disabled;PosOk;1;0;0;0;0;0;15;Disabled;0;0;0;0;0;0;0;0;0;0;0;0;0;0;0;0;0;0;0;0;0;0;0;0;0;0;0;0;0;0;0;0;0;0;0;0;0;0;0;0;0;0;0;0;0;0;0;0;0;0;0;0;0;0;0;0;0;0;0;0;0;0;0;0;0;0;0;0;0;0;30;30;20;45;30;30;20;45;30;25;20;45;30;25;20;45;200;227;100;300;200;224;100;300;200;0;100;300;200;0;100;300;30;31;20;45;30;30;20;45;30;26;20;45;30;29;20;45;200;242;100;300;200;241;100;300;200;0;100;300;200;0;100;300;4;2;0.4;6;4;5;0.4;6;4;2;0.4;6;4;6;0.4;6;4;2;0.4;6;4;5;0.4;6;4;2;0.4;6;4;6;0.4;6;NOK;NOK;OK;10000;10050;8000;11000;OK;8.65;0;8;12;NOK;N/A;1.95;N/A;N/A;N/A;9;11.1;7;18;OK;;0;0;0;-;Disabled;TempOk;1;230;93.6;0;0;0;349.9;441543200 volvo 589-1;441543200 volvo 589-1;441543200 volvo 589-1
20260331_22:59:03;26678;1;1;940;938;910;970;OK;940;940.7;910;970;OK;940;940.4;-20;-15.5;-50;-25;NOK;-20;-16.1;-50;-25;NOK;-14.8;-15.2;0;-20;-15.5;-50;-25;NOK;330;367;330;500;OK;0;0;N/A;N/A;N/A;N/A;N/A;N/A;N/A;N/A;N/A;N/A;N/A;N/A;N/A;N/A;N/A;N/A;N/A;N/A;N/A;N/A;N/A;N/A;N/A;N/A;N/A;N/A;N/A;N/A;N/A;N/A;N/A;N/A;N/A;N/A;N/A;N/A;N/A;N/A;N/A;N/A;N/A;N/A;N/A;N/A;N/A;N/A;N/A;N/A;N/A;N/A;N/A;N/A;N/A;N/A;N/A;N/A;N/A;N/A;N/A;N/A;N/A;N/A;N/A;N/A;N/A;N/A;N/A;N/A;N/A;N/A;N/A;N/A;N/A;N/A;N/A;N/A;N/A;N/A;N/A;N/A;N/A;N/A;N/A;N/A;N/A;N/A;N/A;N/A;N/A;N/A;N/A;N/A;N/A;N/A;N/A;N/A;N/A;N/A;;0;462.8;0;0;;Disabled;NotOk;1;700;466.8;0;0;0;549.9;449.9;Disabled;PosOk;1;0;0;0;0;0;15;Disabled;0;0;0;0;0;0;0;0;0;0;0;0;0;0;0;0;0;0;0;0;0;0;0;0;0;0;0;0;0;0;0;0;0;0;0;0;0;0;0;0;0;0;0;0;0;0;0;0;0;0;0;0;0;0;0;0;0;0;0;0;0;0;0;0;0;0;0;0;0;0;30;32;20;45;30;30;20;45;30;25;20;45;30;25;20;45;200;227;100;300;200;224;100;300;200;0;100;300;200;0;100;300;30;32;20;45;30;30;20;45;30;26;20;45;30;28;20;45;200;242;100;300;200;240;100;300;200;0;100;300;200;0;100;300;4;2;0.4;6;4;5;0.4;6;4;2;0.4;6;4;5;0.4;6;4;2;0.4;6;4;6;0.4;6;4;2;0.4;6;4;6;0.4;6;NOK;NOK;OK;10000;10038;8000;11000;OK;8.64;0;8;12;NOK;N/A;1.95;N/A;N/A;N/A;9;10.8;7;18;OK;;0;0;0;-;Disabled;TempOk;1;230;114.8;0;0;0;349.9;441543200 volvo 589-1;441543200 volvo 589-1;441543200 volvo 589-1
20260331_22:59:25;26681;4;1;940;936.8;910;970;OK;940;944;910;970;OK;941.6;942.1;-15;-14.9;-50;-5;OK;-15;-20;-50;-5;OK;-19.9;-20.2;0;-15;-15;-50;-5;OK;330;335;330;500;OK;274.8;275.37;N/A;N/A;N/A;N/A;N/A;N/A;N/A;N/A;N/A;N/A;N/A;N/A;N/A;N/A;N/A;N/A;N/A;N/A;N/A;N/A;N/A;N/A;N/A;N/A;N/A;N/A;N/A;N/A;N/A;N/A;N/A;N/A;N/A;N/A;N/A;N/A;N/A;N/A;N/A;N/A;N/A;N/A;N/A;N/A;N/A;N/A;N/A;N/A;N/A;N/A;N/A;N/A;N/A;N/A;N/A;N/A;N/A;N/A;N/A;N/A;N/A;N/A;N/A;N/A;N/A;N/A;N/A;N/A;N/A;N/A;N/A;N/A;N/A;N/A;N/A;N/A;N/A;N/A;N/A;N/A;N/A;N/A;N/A;N/A;N/A;N/A;N/A;N/A;N/A;N/A;N/A;N/A;N/A;N/A;N/A;N/A;N/A;N/A;;0;459;0;0;;Disabled;NotOk;1;700;463.1;0;0;0;549.9;449.9;Disabled;PosOk;1;0;0;0;0;0;15;Disabled;0;0;0;0;0;0;0;0;0;0;0;0;0;0;0;0;0;0;0;0;0;0;0;0;0;0;0;0;0;0;0;0;0;0;0;0;0;0;0;0;0;0;0;0;0;0;0;0;0;0;0;0;0;0;0;0;0;0;0;0;0;0;0;0;0;0;0;0;0;0;30;33;20;45;30;30;20;45;30;25;20;45;30;25;20;45;200;228;100;300;200;225;100;300;200;0;100;300;200;0;100;300;30;33;20;45;30;30;20;45;30;26;20;45;30;28;20;45;200;242;100;300;200;240;100;300;200;0;100;300;200;0;100;300;4;2;0.4;6;4;5;0.4;6;4;2;0.4;6;4;5;0.4;6;4;2;0.4;6;4;6;0.4;6;4;2;0.4;6;4;6;0.4;6;NOK;NOK;OK;10000;10032;8000;11000;OK;8.64;0;8;12;NOK;N/A;1.95;N/A;N/A;N/A;9;11.6;7;18;OK;;0;0;0;-;Disabled;TempOk;1;230;110.6;0;0;0;349.9;441543200 volvo 589-1;441543200 volvo 589-1;441543200 volvo 589-1
20260331_22:59:47;26680;1;2;940;934.6;910;970;OK;940;939.9;910;970;OK;939.8;938.9;-20;-19;-50;-25;NOK;-20;-17.5;-50;-25;NOK;-15.4;-16.2;0;-20;-18.9;-50;-25;NOK;330;369;330;500;OK;0;0;N/A;N/A;N/A;N/A;N/A;N/A;N/A;N/A;N/A;N/A;N/A;N/A;N/A;N/A;N/A;N/A;N/A;N/A;N/A;N/A;N/A;N/A;N/A;N/A;N/A;N/A;N/A;N/A;N/A;N/A;N/A;N/A;N/A;N/A;N/A;N/A;N/A;N/A;N/A;N/A;N/A;N/A;N/A;N/A;N/A;N/A;N/A;N/A;N/A;N/A;N/A;N/A;N/A;N/A;N/A;N/A;N/A;N/A;N/A;N/A;N/A;N/A;N/A;N/A;N/A;N/A;N/A;N/A;N/A;N/A;N/A;N/A;N/A;N/A;N/A;N/A;N/A;N/A;N/A;N/A;N/A;N/A;N/A;N/A;N/A;N/A;N/A;N/A;N/A;N/A;N/A;N/A;N/A;N/A;N/A;N/A;N/A;N/A;;0;462.3;0;0;;Disabled;NotOk;1;700;466;0;0;0;549.9;449.9;Disabled;PosOk;1;0;0;0;0;0;15;Disabled;0;0;0;0;0;0;0;0;0;0;0;0;0;0;0;0;0;0;0;0;0;0;0;0;0;0;0;0;0;0;0;0;0;0;0;0;0;0;0;0;0;0;0;0;0;0;0;0;0;0;0;0;0;0;0;0;0;0;0;0;0;0;0;0;0;0;0;0;0;0;30;34;20;45;30;30;20;45;30;25;20;45;30;25;20;45;200;227;100;300;200;224;100;300;200;0;100;300;200;0;100;300;30;34;20;45;30;30;20;45;30;26;20;45;30;28;20;45;200;243;100;300;200;240;100;300;200;0;100;300;200;0;100;300;4;2;0.4;6;4;5;0.4;6;4;2;0.4;6;4;5;0.4;6;4;2;0.4;6;4;6;0.4;6;4;2;0.4;6;4;6;0.4;6;NOK;NOK;OK;10000;10030;8000;11000;OK;8.64;0;8;12;NOK;N/A;1.95;N/A;N/A;N/A;9;10.7;7;18;OK;;0;0;0;-;Disabled;TempOk;1;230;119.2;0;0;0;349.9;441543200 volvo 589-1;441543200 volvo 589-1;441543200 volvo 589-1
20260331_23:00:09;26683;2;2;940;937.8;910;970;OK;940;941.6;910;970;OK;942.2;942;-15;-19.8;-50;-20;NOK;-15;-17.8;-50;-20;NOK;-17.5;-18;0;-15;-19.6;-50;-20;NOK;330;335;330;500;OK;0;0;N/A;N/A;N/A;N/A;N/A;N/A;N/A;N/A;N/A;N/A;N/A;N/A;N/A;N/A;N/A;N/A;N/A;N/A;N/A;N/A;N/A;N/A;N/A;N/A;N/A;N/A;N/A;N/A;N/A;N/A;N/A;N/A;N/A;N/A;N/A;N/A;N/A;N/A;N/A;N/A;N/A;N/A;N/A;N/A;N/A;N/A;N/A;N/A;N/A;N/A;N/A;N/A;N/A;N/A;N/A;N/A;N/A;N/A;N/A;N/A;N/A;N/A;N/A;N/A;N/A;N/A;N/A;N/A;N/A;N/A;N/A;N/A;N/A;N/A;N/A;N/A;N/A;N/A;N/A;N/A;N/A;N/A;N/A;N/A;N/A;N/A;N/A;N/A;N/A;N/A;N/A;N/A;N/A;N/A;N/A;N/A;N/A;N/A;;0;453.1;0;0;;Disabled;NotOk;1;700;456.7;0;0;0;549.9;449.9;Disabled;PosOk;1;0;0;0;0;0;15;Disabled;0;0;0;0;0;0;0;0;0;0;0;0;0;0;0;0;0;0;0;0;0;0;0;0;0;0;0;0;0;0;0;0;0;0;0;0;0;0;0;0;0;0;0;0;0;0;0;0;0;0;0;0;0;0;0;0;0;0;0;0;0;0;0;0;0;0;0;0;0;0;30;34;20;45;30;30;20;45;30;25;20;45;30;25;20;45;200;227;100;300;200;225;100;300;200;0;100;300;200;1;100;300;30;34;20;45;30;30;20;45;30;26;20;45;30;28;20;45;200;243;100;300;200;240;100;300;200;0;100;300;200;0;100;300;4;2;0.4;6;4;5;0.4;6;4;2;0.4;6;4;5;0.4;6;4;2;0.4;6;4;6;0.4;6;4;2;0.4;6;4;5;0.4;6;NOK;NOK;OK;10000;10027;8000;11000;OK;8.65;0;8;12;NOK;N/A;1.95;N/A;N/A;N/A;9;11.6;7;18;OK;;0;0;0;-;Disabled;TempOk;1;230;118.4;0;0;0;349.9;441543200 volvo 589-1;441543200 volvo 589-1;441543200 volvo 589-1
20260331_23:00:31;26682;3;2;940;937.2;910;970;OK;940;942.1;910;970;OK;940.6;940.3;-20;-18.1;-50;-25;NOK;-20;-21.2;-50;-25;NOK;-18.7;-19.5;0;-20;-18.1;-50;-25;NOK;330;370;330;500;OK;0;0;N/A;N/A;N/A;N/A;N/A;N/A;N/A;N/A;N/A;N/A;N/A;N/A;N/A;N/A;N/A;N/A;N/A;N/A;N/A;N/A;N/A;N/A;N/A;N/A;N/A;N/A;N/A;N/A;N/A;N/A;N/A;N/A;N/A;N/A;N/A;N/A;N/A;N/A;N/A;N/A;N/A;N/A;N/A;N/A;N/A;N/A;N/A;N/A;N/A;N/A;N/A;N/A;N/A;N/A;N/A;N/A;N/A;N/A;N/A;N/A;N/A;N/A;N/A;N/A;N/A;N/A;N/A;N/A;N/A;N/A;N/A;N/A;N/A;N/A;N/A;N/A;N/A;N/A;N/A;N/A;N/A;N/A;N/A;N/A;N/A;N/A;N/A;N/A;N/A;N/A;N/A;N/A;N/A;N/A;N/A;N/A;N/A;N/A;;0;459.9;0;0;;Disabled;NotOk;1;700;463.6;0;0;0;549.9;449.9;Disabled;PosOk;1;0;0;0;0;0;15;Disabled;0;0;0;0;0;0;0;0;0;0;0;0;0;0;0;0;0;0;0;0;0;0;0;0;0;0;0;0;0;0;0;0;0;0;0;0;0;0;0;0;0;0;0;0;0;0;0;0;0;0;0;0;0;0;0;0;0;0;0;0;0;0;0;0;0;0;0;0;0;0;30;34;20;45;30;30;20;45;30;25;20;45;30;25;20;45;200;227;100;300;200;224;100;300;200;0;100;300;200;0;100;300;30;34;20;45;30;30;20;45;30;26;20;45;30;28;20;45;200;242;100;300;200;240;100;300;200;0;100;300;200;0;100;300;4;2;0.4;6;4;5;0.4;6;4;2;0.4;6;4;5;0.4;6;4;2;0.4;6;4;5;0.4;6;4;2;0.4;6;4;6;0.4;6;NOK;NOK;OK;10000;10031;8000;11000;OK;8.64;0;8;12;NOK;N/A;1.95;N/A;N/A;N/A;9;11.7;7;18;OK;;0;0;0;-;Disabled;TempOk;1;230;113.6;0;0;0;349.9;441543200 volvo 589-1;441543200 volvo 589-1;441543200 volvo 589-1
20260331_23:00:53;26685;4;2;940;950.6;910;970;OK;940;950.1;910;970;OK;945.5;946.8;-15;-13.1;-50;-5;OK;-15;-19.4;-50;-5;OK;-18.9;-20.1;0;-15;-13;-50;-5;OK;330;337;330;500;OK;274.93;275.47;N/A;N/A;N/A;N/A;N/A;N/A;N/A;N/A;N/A;N/A;N/A;N/A;N/A;N/A;N/A;N/A;N/A;N/A;N/A;N/A;N/A;N/A;N/A;N/A;N/A;N/A;N/A;N/A;N/A;N/A;N/A;N/A;N/A;N/A;N/A;N/A;N/A;N/A;N/A;N/A;N/A;N/A;N/A;N/A;N/A;N/A;N/A;N/A;N/A;N/A;N/A;N/A;N/A;N/A;N/A;N/A;N/A;N/A;N/A;N/A;N/A;N/A;N/A;N/A;N/A;N/A;N/A;N/A;N/A;N/A;N/A;N/A;N/A;N/A;N/A;N/A;N/A;N/A;N/A;N/A;N/A;N/A;N/A;N/A;N/A;N/A;N/A;N/A;N/A;N/A;N/A;N/A;N/A;N/A;N/A;N/A;N/A;N/A;;0;467.5;0;0;;Disabled;NotOk;1;700;471.3;0;0;0;549.9;449.9;Disabled;PosOk;1;0;0;0;0;0;15;Disabled;0;0;0;0;0;0;0;0;0;0;0;0;0;0;0;0;0;0;0;0;0;0;0;0;0;0;0;0;0;0;0;0;0;0;0;0;0;0;0;0;0;0;0;0;0;0;0;0;0;0;0;0;0;0;0;0;0;0;0;0;0;0;0;0;0;0;0;0;0;0;30;34;20;45;30;30;20;45;30;25;20;45;30;25;20;45;200;228;100;300;200;225;100;300;200;0;100;300;200;0;100;300;30;35;20;45;30;30;20;45;30;26;20;45;30;28;20;45;200;243;100;300;200;241;100;300;200;0;100;300;200;0;100;300;4;2;0.4;6;4;5;0.4;6;4;2;0.4;6;4;5;0.4;6;4;2;0.4;6;4;5;0.4;6;4;2;0.4;6;4;5;0.4;6;NOK;NOK;OK;10000;10044;8000;11000;OK;8.66;0;8;12;NOK;N/A;1.95;N/A;N/A;N/A;9;11.6;7;18;OK;;0;0;0;-;Disabled;TempOk;1;230;115.4;0;0;0;349.9;441543200 volvo 589-1;441543200 volvo 589-1;441543200 volvo 589-1
20260331_23:01:15;26684;1;3;940;935.9;910;970;OK;940;940.5;910;970;OK;940.4;939.5;-20;-13.4;-50;-25;NOK;-20;-13.4;-50;-25;NOK;-18.6;-19;0;-20;-13.4;-50;-25;NOK;330;371;330;500;OK;0;0;N/A;N/A;N/A;N/A;N/A;N/A;N/A;N/A;N/A;N/A;N/A;N/A;N/A;N/A;N/A;N/A;N/A;N/A;N/A;N/A;N/A;N/A;N/A;N/A;N/A;N/A;N/A;N/A;N/A;N/A;N/A;N/A;N/A;N/A;N/A;N/A;N/A;N/A;N/A;N/A;N/A;N/A;N/A;N/A;N/A;N/A;N/A;N/A;N/A;N/A;N/A;N/A;N/A;N/A;N/A;N/A;N/A;N/A;N/A;N/A;N/A;N/A;N/A;N/A;N/A;N/A;N/A;N/A;N/A;N/A;N/A;N/A;N/A;N/A;N/A;N/A;N/A;N/A;N/A;N/A;N/A;N/A;N/A;N/A;N/A;N/A;N/A;N/A;N/A;N/A;N/A;N/A;N/A;N/A;N/A;N/A;N/A;N/A;;0;472;0;0;;Disabled;NotOk;1;700;475.7;0;0;0;549.9;449.9;Disabled;PosOk;1;0;0;0;0;0;15;Disabled;0;0;0;0;0;0;0;0;0;0;0;0;0;0;0;0;0;0;0;0;0;0;0;0;0;0;0;0;0;0;0;0;0;0;0;0;0;0;0;0;0;0;0;0;0;0;0;0;0;0;0;0;0;0;0;0;0;0;0;0;0;0;0;0;0;0;0;0;0;0;30;35;20;45;30;30;20;45;30;25;20;45;30;25;20;45;200;228;100;300;200;224;100;300;200;0;100;300;200;0;100;300;30;34;20;45;30;30;20;45;30;26;20;45;30;28;20;45;200;243;100;300;200;241;100;300;200;0;100;300;200;0;100;300;4;2;0.4;6;4;5;0.4;6;4;2;0.4;6;4;5;0.4;6;4;2;0.4;6;4;6;0.4;6;4;2;0.4;6;4;6;0.4;6;NOK;NOK;OK;10000;10045;8000;11000;OK;8.65;0;8;12;NOK;N/A;1.95;N/A;N/A;N/A;9;10.9;7;18;OK;;0;0;0;-;Disabled;TempOk;1;230;118.1;0;0;0;349.9;441543200 volvo 589-1;441543200 volvo 589-1;441543200 volvo 589-1
20260331_23:01:59;26686;3;3;940;937.7;910;970;OK;940;941.5;910;970;OK;941.5;941.3;-20;-16.2;-50;-25;NOK;-20;-18.1;-50;-25;NOK;-17.5;-18.1;0;-20;-16;-50;-25;NOK;330;332;330;500;OK;0;0;N/A;N/A;N/A;N/A;N/A;N/A;N/A;N/A;N/A;N/A;N/A;N/A;N/A;N/A;N/A;N/A;N/A;N/A;N/A;N/A;N/A;N/A;N/A;N/A;N/A;N/A;N/A;N/A;N/A;N/A;N/A;N/A;N/A;N/A;N/A;N/A;N/A;N/A;N/A;N/A;N/A;N/A;N/A;N/A;N/A;N/A;N/A;N/A;N/A;N/A;N/A;N/A;N/A;N/A;N/A;N/A;N/A;N/A;N/A;N/A;N/A;N/A;N/A;N/A;N/A;N/A;N/A;N/A;N/A;N/A;N/A;N/A;N/A;N/A;N/A;N/A;N/A;N/A;N/A;N/A;N/A;N/A;N/A;N/A;N/A;N/A;N/A;N/A;N/A;N/A;N/A;N/A;N/A;N/A;N/A;N/A;N/A;N/A;;0;391.7;0;0;;Disabled;TempStop;1;700;395.8;0;0;0;549.9;449.9;Disabled;PosOk;1;0;0;0;0;0;15;Disabled;0;0;0;0;0;0;0;0;0;0;0;0;0;0;0;0;0;0;0;0;0;0;0;0;0;0;0;0;0;0;0;0;0;0;0;0;0;0;0;0;0;0;0;0;0;0;0;0;0;0;0;0;0;0;0;0;0;0;0;0;0;0;0;0;0;0;0;0;0;0;30;32;20;45;30;29;20;45;30;25;20;45;30;25;20;45;200;228;100;300;200;225;100;300;200;0;100;300;200;0;100;300;30;32;20;45;30;29;20;45;30;26;20;45;30;28;20;45;200;242;100;300;200;240;100;300;200;0;100;300;200;0;100;300;4;2;0.4;6;4;5;0.4;6;4;2;0.4;6;4;5;0.4;6;4;2;0.4;6;4;6;0.4;6;4;2;0.4;6;4;6;0.4;6;NOK;NOK;OK;10000;10040;8000;11000;OK;8.64;0;8;12;NOK;N/A;1.95;N/A;N/A;N/A;9;11.7;7;18;OK;;0;0;0;-;Disabled;TempOk;1;230;107;0;0;0;349.9;441543200 volvo 589-1;441543200 volvo 589-1;441543200 volvo 589-1
20260331_23:02:21;26687;2;3;940;939.6;910;970;OK;940;941.6;910;970;OK;943;941.9;-15;-20;-50;-20;NOK;-15;-16.7;-50;-20;NOK;-17.9;-17.6;0;-15;-19.9;-50;-20;NOK;330;345;330;500;OK;0;0;N/A;N/A;N/A;N/A;N/A;N/A;N/A;N/A;N/A;N/A;N/A;N/A;N/A;N/A;N/A;N/A;N/A;N/A;N/A;N/A;N/A;N/A;N/A;N/A;N/A;N/A;N/A;N/A;N/A;N/A;N/A;N/A;N/A;N/A;N/A;N/A;N/A;N/A;N/A;N/A;N/A;N/A;N/A;N/A;N/A;N/A;N/A;N/A;N/A;N/A;N/A;N/A;N/A;N/A;N/A;N/A;N/A;N/A;N/A;N/A;N/A;N/A;N/A;N/A;N/A;N/A;N/A;N/A;N/A;N/A;N/A;N/A;N/A;N/A;N/A;N/A;N/A;N/A;N/A;N/A;N/A;N/A;N/A;N/A;N/A;N/A;N/A;N/A;N/A;N/A;N/A;N/A;N/A;N/A;N/A;N/A;N/A;N/A;;0;459.5;0;0;;Disabled;NotOk;1;700;463.1;0;0;0;549.9;449.9;Disabled;PosOk;1;0;0;0;0;0;15;Disabled;0;0;0;0;0;0;0;0;0;0;0;0;0;0;0;0;0;0;0;0;0;0;0;0;0;0;0;0;0;0;0;0;0;0;0;0;0;0;0;0;0;0;0;0;0;0;0;0;0;0;0;0;0;0;0;0;0;0;0;0;0;0;0;0;0;0;0;0;0;0;30;33;20;45;30;29;20;45;30;25;20;45;30;25;20;45;200;228;100;300;200;225;100;300;200;0;100;300;200;0;100;300;30;33;20;45;30;29;20;45;30;26;20;45;30;28;20;45;200;243;100;300;200;240;100;300;200;0;100;300;200;0;100;300;4;2;0.4;6;4;5;0.4;6;4;2;0.4;6;4;5;0.4;6;4;2;0.4;6;4;6;0.4;6;4;2;0.4;6;4;6;0.4;6;NOK;NOK;OK;10000;10056;8000;11000;OK;8.66;0;8;12;NOK;N/A;1.95;N/A;N/A;N/A;9;11.6;7;18;OK;;0;0;0;-;Disabled;TempOk;1;230;111.2;0;0;0;349.9;441543200 volvo 589-1;441543200 volvo 589-1;441543200 volvo 589-1
20260331_23:02:43;26688;1;4;940;936.8;910;970;OK;940;940.5;910;970;OK;940.1;940.6;-20;-12.4;-50;-25;NOK;-20;-11.8;-50;-25;NOK;-15.1;-14.1;0;-20;-12.5;-50;-25;NOK;330;333;330;500;OK;0;0;N/A;N/A;N/A;N/A;N/A;N/A;N/A;N/A;N/A;N/A;N/A;N/A;N/A;N/A;N/A;N/A;N/A;N/A;N/A;N/A;N/A;N/A;N/A;N/A;N/A;N/A;N/A;N/A;N/A;N/A;N/A;N/A;N/A;N/A;N/A;N/A;N/A;N/A;N/A;N/A;N/A;N/A;N/A;N/A;N/A;N/A;N/A;N/A;N/A;N/A;N/A;N/A;N/A;N/A;N/A;N/A;N/A;N/A;N/A;N/A;N/A;N/A;N/A;N/A;N/A;N/A;N/A;N/A;N/A;N/A;N/A;N/A;N/A;N/A;N/A;N/A;N/A;N/A;N/A;N/A;N/A;N/A;N/A;N/A;N/A;N/A;N/A;N/A;N/A;N/A;N/A;N/A;N/A;N/A;N/A;N/A;N/A;N/A;;0;465.4;0;0;;Disabled;NotOk;1;700;469.3;0;0;0;549.9;449.9;Disabled;PosOk;1;0;0;0;0;0;15;Disabled;0;0;0;0;0;0;0;0;0;0;0;0;0;0;0;0;0;0;0;0;0;0;0;0;0;0;0;0;0;0;0;0;0;0;0;0;0;0;0;0;0;0;0;0;0;0;0;0;0;0;0;0;0;0;0;0;0;0;0;0;0;0;0;0;0;0;0;0;0;0;30;33;20;45;30;29;20;45;30;25;20;45;30;25;20;45;200;228;100;300;200;224;100;300;200;0;100;300;200;0;100;300;30;33;20;45;30;29;20;45;30;26;20;45;30;28;20;45;200;243;100;300;200;241;100;300;200;0;100;300;200;0;100;300;4;2;0.4;6;4;5;0.4;6;4;2;0.4;6;4;6;0.4;6;4;2;0.4;6;4;5;0.4;6;4;2;0.4;6;4;6;0.4;6;NOK;NOK;OK;10000;10031;8000;11000;OK;8.64;0;8;12;NOK;N/A;1.95;N/A;N/A;N/A;9;10.7;7;18;OK;;0;0;0;-;Disabled;TempOk;1;230;118.7;0;0;0;349.9;441543200 volvo 589-1;441543200 volvo 589-1;441543200 volvo 589-1
20260331_23:03:05;26689;4;3;940;939.5;910;970;OK;940;943;910;970;OK;944.3;943.7;-15;-13.7;-50;-5;OK;-15;-12.6;-50;-5;OK;-15.4;-12.8;0;-15;-13.8;-50;-5;OK;330;347;330;500;OK;275.17;275.62;N/A;N/A;N/A;N/A;N/A;N/A;N/A;N/A;N/A;N/A;N/A;N/A;N/A;N/A;N/A;N/A;N/A;N/A;N/A;N/A;N/A;N/A;N/A;N/A;N/A;N/A;N/A;N/A;N/A;N/A;N/A;N/A;N/A;N/A;N/A;N/A;N/A;N/A;N/A;N/A;N/A;N/A;N/A;N/A;N/A;N/A;N/A;N/A;N/A;N/A;N/A;N/A;N/A;N/A;N/A;N/A;N/A;N/A;N/A;N/A;N/A;N/A;N/A;N/A;N/A;N/A;N/A;N/A;N/A;N/A;N/A;N/A;N/A;N/A;N/A;N/A;N/A;N/A;N/A;N/A;N/A;N/A;N/A;N/A;N/A;N/A;N/A;N/A;N/A;N/A;N/A;N/A;N/A;N/A;N/A;N/A;N/A;N/A;;0;464.8;0;0;;Disabled;NotOk;1;700;468.6;0;0;0;549.9;449.9;Disabled;PosOk;1;0;0;0;0;0;15;Disabled;0;0;0;0;0;0;0;0;0;0;0;0;0;0;0;0;0;0;0;0;0;0;0;0;0;0;0;0;0;0;0;0;0;0;0;0;0;0;0;0;0;0;0;0;0;0;0;0;0;0;0;0;0;0;0;0;0;0;0;0;0;0;0;0;0;0;0;0;0;0;30;34;20;45;30;30;20;45;30;25;20;45;30;25;20;45;200;227;100;300;200;225;100;300;200;0;100;300;200;0;100;300;30;34;20;45;30;30;20;45;30;26;20;45;30;28;20;45;200;243;100;300;200;240;100;300;200;0;100;300;200;0;100;300;4;2;0.4;6;4;5;0.4;6;4;2;0.4;6;4;6;0.4;6;4;2;0.4;6;4;6;0.4;6;4;2;0.4;6;4;6;0.4;6;NOK;NOK;OK;10000;10042;8000;11000;OK;8.65;0;8;12;NOK;N/A;1.95;N/A;N/A;N/A;9;11.6;7;18;OK;;0;0;0;-;Disabled;TempOk;1;230;115.5;0;0;0;349.9;441543200 volvo 589-1;441543200 volvo 589-1;441543200 volvo 589-1
20260331_23:03:28;26690;3;4;940;936.1;910;970;OK;940;940.1;910;970;OK;939.4;939.7;-20;-14.3;-50;-25;NOK;-20;-15.1;-50;-25;NOK;-19.8;-18.7;0;-20;-14.2;-50;-25;NOK;330;334;330;500;OK;0;0;N/A;N/A;N/A;N/A;N/A;N/A;N/A;N/A;N/A;N/A;N/A;N/A;N/A;N/A;N/A;N/A;N/A;N/A;N/A;N/A;N/A;N/A;N/A;N/A;N/A;N/A;N/A;N/A;N/A;N/A;N/A;N/A;N/A;N/A;N/A;N/A;N/A;N/A;N/A;N/A;N/A;N/A;N/A;N/A;N/A;N/A;N/A;N/A;N/A;N/A;N/A;N/A;N/A;N/A;N/A;N/A;N/A;N/A;N/A;N/A;N/A;N/A;N/A;N/A;N/A;N/A;N/A;N/A;N/A;N/A;N/A;N/A;N/A;N/A;N/A;N/A;N/A;N/A;N/A;N/A;N/A;N/A;N/A;N/A;N/A;N/A;N/A;N/A;N/A;N/A;N/A;N/A;N/A;N/A;N/A;N/A;N/A;N/A;;0;457.2;0;0;;Disabled;NotOk;1;700;460.9;0;0;0;549.9;449.9;Disabled;PosOk;1;0;0;0;0;0;15;Disabled;0;0;0;0;0;0;0;0;0;0;0;0;0;0;0;0;0;0;0;0;0;0;0;0;0;0;0;0;0;0;0;0;0;0;0;0;0;0;0;0;0;0;0;0;0;0;0;0;0;0;0;0;0;0;0;0;0;0;0;0;0;0;0;0;0;0;0;0;0;0;30;34;20;45;30;30;20;45;30;25;20;45;30;25;20;45;200;227;100;300;200;224;100;300;200;0;100;300;200;0;100;300;30;34;20;45;30;30;20;45;30;26;20;45;30;28;20;45;200;242;100;300;200;241;100;300;200;0;100;300;200;0;100;300;4;2;0.4;6;4;5;0.4;6;4;2;0.4;6;4;6;0.4;6;4;2;0.4;6;4;5;0.4;6;4;2;0.4;6;4;6;0.4;6;NOK;NOK;OK;10000;10028;8000;11000;OK;8.65;0;8;12;NOK;N/A;1.95;N/A;N/A;N/A;9;11.6;7;18;OK;;0;0;0;-;Disabled;TempOk;1;230;120.7;0;0;0;349.9;441543200 volvo 589-1;441543200 volvo 589-1;441543200 volvo 589-1
20260331_23:03:50;26691;2;4;940;937;910;970;OK;940;941.5;910;970;OK;940.8;941.5;-15;-23.6;-50;-20;OK;-15;-18.5;-50;-20;NOK;-18.8;-18.5;0;-15;-23.5;-50;-20;OK;330;347;330;500;OK;0;0;N/A;N/A;N/A;N/A;N/A;N/A;N/A;N/A;N/A;N/A;N/A;N/A;N/A;N/A;N/A;N/A;N/A;N/A;N/A;N/A;N/A;N/A;N/A;N/A;N/A;N/A;N/A;N/A;N/A;N/A;N/A;N/A;N/A;N/A;N/A;N/A;N/A;N/A;N/A;N/A;N/A;N/A;N/A;N/A;N/A;N/A;N/A;N/A;N/A;N/A;N/A;N/A;N/A;N/A;N/A;N/A;N/A;N/A;N/A;N/A;N/A;N/A;N/A;N/A;N/A;N/A;N/A;N/A;N/A;N/A;N/A;N/A;N/A;N/A;N/A;N/A;N/A;N/A;N/A;N/A;N/A;N/A;N/A;N/A;N/A;N/A;N/A;N/A;N/A;N/A;N/A;N/A;N/A;N/A;N/A;N/A;N/A;N/A;;0;452.3;0;0;;Disabled;NotOk;1;700;456.1;0;0;0;549.9;449.9;Disabled;PosOk;1;0;0;0;0;0;15;Disabled;0;0;0;0;0;0;0;0;0;0;0;0;0;0;0;0;0;0;0;0;0;0;0;0;0;0;0;0;0;0;0;0;0;0;0;0;0;0;0;0;0;0;0;0;0;0;0;0;0;0;0;0;0;0;0;0;0;0;0;0;0;0;0;0;0;0;0;0;0;0;30;34;20;45;30;30;20;45;30;25;20;45;30;25;20;45;200;227;100;300;200;224;100;300;200;0;100;300;200;0;100;300;30;34;20;45;30;30;20;45;30;26;20;45;30;28;20;45;200;243;100;300;200;240;100;300;200;0;100;300;200;0;100;300;4;2;0.4;6;4;5;0.4;6;4;2;0.4;6;4;6;0.4;6;4;2;0.4;6;4;6;0.4;6;4;2;0.4;6;4;6;0.4;6;NOK;NOK;OK;10000;10049;8000;11000;OK;8.66;0;8;12;NOK;N/A;1.99;N/A;N/A;N/A;9;11.7;7;18;OK;;0;0;0;-;Disabled;TempOk;1;230;125.7;0;0;0;349.9;441543200 volvo 589-1;441543200 volvo 589-1;441543200 volvo 589-1
20260331_23:04:34;26693;2;1;940;933.8;910;970;OK;940;943;910;970;OK;941.1;940.3;-15;-16.6;-50;-20;NOK;-15;-16.4;-50;-20;NOK;-14.7;-15.4;0;-15;-16.6;-50;-20;NOK;330;341;330;500;OK;0;0;N/A;N/A;N/A;N/A;N/A;N/A;N/A;N/A;N/A;N/A;N/A;N/A;N/A;N/A;N/A;N/A;N/A;N/A;N/A;N/A;N/A;N/A;N/A;N/A;N/A;N/A;N/A;N/A;N/A;N/A;N/A;N/A;N/A;N/A;N/A;N/A;N/A;N/A;N/A;N/A;N/A;N/A;N/A;N/A;N/A;N/A;N/A;N/A;N/A;N/A;N/A;N/A;N/A;N/A;N/A;N/A;N/A;N/A;N/A;N/A;N/A;N/A;N/A;N/A;N/A;N/A;N/A;N/A;N/A;N/A;N/A;N/A;N/A;N/A;N/A;N/A;N/A;N/A;N/A;N/A;N/A;N/A;N/A;N/A;N/A;N/A;N/A;N/A;N/A;N/A;N/A;N/A;N/A;N/A;N/A;N/A;N/A;N/A;;0;400.7;0;0;;Disabled;TempStop;1;700;404.7;0;0;0;549.9;449.9;Disabled;PosOk;1;0;0;0;0;0;15;Disabled;0;0;0;0;0;0;0;0;0;0;0;0;0;0;0;0;0;0;0;0;0;0;0;0;0;0;0;0;0;0;0;0;0;0;0;0;0;0;0;0;0;0;0;0;0;0;0;0;0;0;0;0;0;0;0;0;0;0;0;0;0;0;0;0;0;0;0;0;0;0;30;33;20;45;30;30;20;45;30;25;20;45;30;25;20;45;200;228;100;300;200;224;100;300;200;1;100;300;200;0;100;300;30;33;20;45;30;30;20;45;30;26;20;45;30;28;20;45;200;242;100;300;200;240;100;300;200;0;100;300;200;0;100;300;4;2;0.4;6;4;5;0.4;6;4;2;0.4;6;4;6;0.4;6;4;2;0.4;6;4;5;0.4;6;4;2;0.4;6;4;6;0.4;6;NOK;NOK;OK;10000;10050;8000;11000;OK;8.66;0;8;12;NOK;N/A;1.95;N/A;N/A;N/A;9;11.7;7;18;OK;;0;0;0;-;Disabled;TempOk;1;230;109.6;0;0;0;349.9;441543200 volvo 589-1;441543200 volvo 589-1;441543200 volvo 589-1
20260331_23:04:56;26692;1;1;940;933.6;910;970;OK;940;941.3;910;970;OK;941.3;941;-20;-16.2;-50;-25;NOK;-20;-15.7;-50;-25;NOK;-14.5;-15.2;0;-20;-16.2;-50;-25;NOK;330;341;330;500;OK;0;0;N/A;N/A;N/A;N/A;N/A;N/A;N/A;N/A;N/A;N/A;N/A;N/A;N/A;N/A;N/A;N/A;N/A;N/A;N/A;N/A;N/A;N/A;N/A;N/A;N/A;N/A;N/A;N/A;N/A;N/A;N/A;N/A;N/A;N/A;N/A;N/A;N/A;N/A;N/A;N/A;N/A;N/A;N/A;N/A;N/A;N/A;N/A;N/A;N/A;N/A;N/A;N/A;N/A;N/A;N/A;N/A;N/A;N/A;N/A;N/A;N/A;N/A;N/A;N/A;N/A;N/A;N/A;N/A;N/A;N/A;N/A;N/A;N/A;N/A;N/A;N/A;N/A;N/A;N/A;N/A;N/A;N/A;N/A;N/A;N/A;N/A;N/A;N/A;N/A;N/A;N/A;N/A;N/A;N/A;N/A;N/A;N/A;N/A;;0;463.6;0;0;;Disabled;NotOk;1;700;466.7;0;0;0;549.9;449.9;Disabled;PosOk;1;0;0;0;0;0;15;Disabled;0;0;0;0;0;0;0;0;0;0;0;0;0;0;0;0;0;0;0;0;0;0;0;0;0;0;0;0;0;0;0;0;0;0;0;0;0;0;0;0;0;0;0;0;0;0;0;0;0;0;0;0;0;0;0;0;0;0;0;0;0;0;0;0;0;0;0;0;0;0;30;34;20;45;30;30;20;45;30;25;20;45;30;25;20;45;200;227;100;300;200;225;100;300;200;0;100;300;200;0;100;300;30;34;20;45;30;30;20;45;30;26;20;45;30;28;20;45;200;243;100;300;200;240;100;300;200;0;100;300;200;0;100;300;4;2;0.4;6;4;5;0.4;6;4;2;0.4;6;4;5;0.4;6;4;2;0.4;6;4;5;0.4;6;4;2;0.4;6;4;6;0.4;6;NOK;NOK;OK;10000;10052;8000;11000;OK;8.66;0;8;12;NOK;N/A;1.95;N/A;N/A;N/A;9;11;7;18;OK;;0;0;0;-;Disabled;TempOk;1;230;118.1;0;0;0;349.9;441543200 volvo 589-1;441543200 volvo 589-1;441543200 volvo 589-1
20260331_23:05:18;26694;4;4;940;934.3;910;970;OK;940;941.8;910;970;OK;943.6;942.5;-15;-18;-50;-5;OK;-15;-8.8;-50;-5;OK;-13.9;-9.5;0;-15;-18.2;-50;-5;OK;330;370;330;500;OK;275.36;275.8;N/A;N/A;N/A;N/A;N/A;N/A;N/A;N/A;N/A;N/A;N/A;N/A;N/A;N/A;N/A;N/A;N/A;N/A;N/A;N/A;N/A;N/A;N/A;N/A;N/A;N/A;N/A;N/A;N/A;N/A;N/A;N/A;N/A;N/A;N/A;N/A;N/A;N/A;N/A;N/A;N/A;N/A;N/A;N/A;N/A;N/A;N/A;N/A;N/A;N/A;N/A;N/A;N/A;N/A;N/A;N/A;N/A;N/A;N/A;N/A;N/A;N/A;N/A;N/A;N/A;N/A;N/A;N/A;N/A;N/A;N/A;N/A;N/A;N/A;N/A;N/A;N/A;N/A;N/A;N/A;N/A;N/A;N/A;N/A;N/A;N/A;N/A;N/A;N/A;N/A;N/A;N/A;N/A;N/A;N/A;N/A;N/A;N/A;;0;460.2;0;0;;Disabled;NotOk;1;700;463.7;0;0;0;549.9;449.9;Disabled;PosOk;1;0;0;0;0;0;15;Disabled;0;0;0;0;0;0;0;0;0;0;0;0;0;0;0;0;0;0;0;0;0;0;0;0;0;0;0;0;0;0;0;0;0;0;0;0;0;0;0;0;0;0;0;0;0;0;0;0;0;0;0;0;0;0;0;0;0;0;0;0;0;0;0;0;0;0;0;0;0;0;30;34;20;45;30;30;20;45;30;25;20;45;30;25;20;45;200;227;100;300;200;224;100;300;200;0;100;300;200;0;100;300;30;34;20;45;30;30;20;45;30;26;20;45;30;28;20;45;200;242;100;300;200;240;100;300;200;0;100;300;200;0;100;300;4;2;0.4;6;4;5;0.4;6;4;2;0.4;6;4;5;0.4;6;4;2;0.4;6;4;5;0.4;6;4;2;0.4;6;4;6;0.4;6;NOK;NOK;OK;10000;10046;8000;11000;OK;8.66;0;8;12;NOK;N/A;1.95;N/A;N/A;N/A;9;11.2;7;18;OK;;0;0;0;-;Disabled;TempOk;1;230;116.9;0;0;0;349.9;441543200 volvo 589-1;441543200 volvo 589-1;441543200 volvo 589-1
20260331_23:05:40;26696;1;2;940;932.4;910;970;OK;940;941.3;910;970;OK;941.1;940.8;-20;-17.4;-50;-25;NOK;-20;-15.9;-50;-25;NOK;-14.5;-15.2;0;-20;-17.3;-50;-25;NOK;330;341;330;500;OK;0;0;N/A;N/A;N/A;N/A;N/A;N/A;N/A;N/A;N/A;N/A;N/A;N/A;N/A;N/A;N/A;N/A;N/A;N/A;N/A;N/A;N/A;N/A;N/A;N/A;N/A;N/A;N/A;N/A;N/A;N/A;N/A;N/A;N/A;N/A;N/A;N/A;N/A;N/A;N/A;N/A;N/A;N/A;N/A;N/A;N/A;N/A;N/A;N/A;N/A;N/A;N/A;N/A;N/A;N/A;N/A;N/A;N/A;N/A;N/A;N/A;N/A;N/A;N/A;N/A;N/A;N/A;N/A;N/A;N/A;N/A;N/A;N/A;N/A;N/A;N/A;N/A;N/A;N/A;N/A;N/A;N/A;N/A;N/A;N/A;N/A;N/A;N/A;N/A;N/A;N/A;N/A;N/A;N/A;N/A;N/A;N/A;N/A;N/A;;0;464.1;0;0;;Disabled;NotOk;1;700;468.4;0;0;0;549.9;449.9;Disabled;PosOk;1;0;0;0;0;0;15;Disabled;0;0;0;0;0;0;0;0;0;0;0;0;0;0;0;0;0;0;0;0;0;0;0;0;0;0;0;0;0;0;0;0;0;0;0;0;0;0;0;0;0;0;0;0;0;0;0;0;0;0;0;0;0;0;0;0;0;0;0;0;0;0;0;0;0;0;0;0;0;0;30;34;20;45;30;29;20;45;30;25;20;45;30;25;20;45;200;227;100;300;200;224;100;300;200;0;100;300;200;0;100;300;30;34;20;45;30;29;20;45;30;26;20;45;30;28;20;45;200;243;100;300;200;241;100;300;200;0;100;300;200;0;100;300;4;2;0.4;6;4;5;0.4;6;4;2;0.4;6;4;6;0.4;6;4;2;0.4;6;4;6;0.4;6;4;2;0.4;6;4;6;0.4;6;NOK;NOK;OK;10000;10039;8000;11000;OK;8.66;0;8;12;NOK;N/A;1.95;N/A;N/A;N/A;9;10.8;7;18;OK;;0;0;0;-;Disabled;TempOk;1;230;118.6;0;0;0;349.9;441543200 volvo 589-1;441543200 volvo 589-1;441543200 volvo 589-1
20260331_23:07:12;26695;4;1;940;937.4;910;970;OK;940;941.3;910;970;OK;940.3;940;-15;-19.5;-50;-5;OK;-15;-17.6;-50;-5;OK;-12;-12.9;0;-15;-19.4;-50;-5;OK;330;455;330;500;OK;275.38;275.99;N/A;N/A;N/A;N/A;N/A;N/A;N/A;N/A;N/A;N/A;N/A;N/A;N/A;N/A;N/A;N/A;N/A;N/A;N/A;N/A;N/A;N/A;N/A;N/A;N/A;N/A;N/A;N/A;N/A;N/A;N/A;N/A;N/A;N/A;N/A;N/A;N/A;N/A;N/A;N/A;N/A;N/A;N/A;N/A;N/A;N/A;N/A;N/A;N/A;N/A;N/A;N/A;N/A;N/A;N/A;N/A;N/A;N/A;N/A;N/A;N/A;N/A;N/A;N/A;N/A;N/A;N/A;N/A;N/A;N/A;N/A;N/A;N/A;N/A;N/A;N/A;N/A;N/A;N/A;N/A;N/A;N/A;N/A;N/A;N/A;N/A;N/A;N/A;N/A;N/A;N/A;N/A;N/A;N/A;N/A;N/A;N/A;N/A;;0;385.9;0;0;;Disabled;TempStop;1;700;390.1;0;0;0;549.9;449.9;Enabled;PosOk;1;0;0;0;0;0;15;Disabled;0;0;0;0;0;0;0;0;0;0;0;0;0;0;0;0;0;0;0;0;0;0;0;0;0;0;0;0;0;0;0;0;0;0;0;0;0;0;0;0;0;0;0;0;0;0;0;0;0;0;0;0;0;0;0;0;0;0;0;0;0;0;0;0;0;0;0;0;0;0;30;30;20;45;30;29;20;45;30;25;20;45;30;25;20;45;200;227;100;300;200;224;100;300;200;0;100;300;200;0;100;300;30;31;20;45;30;30;20;45;30;26;20;45;30;28;20;45;200;242;100;300;200;240;100;300;200;0;100;300;200;1;100;300;4;2;0.4;6;4;5;0.4;6;4;2;0.4;6;4;6;0.4;6;4;2;0.4;6;4;6;0.4;6;4;2;0.4;6;4;6;0.4;6;NOK;NOK;OK;10000;10051;8000;11000;OK;8.65;0;8;12;NOK;N/A;1.95;N/A;N/A;N/A;9;11.7;7;18;OK;;0;0;0;-;Disabled;TempOk;1;230;97.6;0;0;0;349.9;441543200 volvo 589-1;441543200 volvo 589-1;441543200 volvo 589-1
20260331_23:07:34;26698;3;2;940;931.7;910;970;OK;940;942.5;910;970;OK;941.1;940.6;-20;-21.5;-50;-25;NOK;-20;-21.5;-50;-25;NOK;-18;-18.8;0;-20;-21.5;-50;-25;NOK;330;411;330;500;OK;0;0;N/A;N/A;N/A;N/A;N/A;N/A;N/A;N/A;N/A;N/A;N/A;N/A;N/A;N/A;N/A;N/A;N/A;N/A;N/A;N/A;N/A;N/A;N/A;N/A;N/A;N/A;N/A;N/A;N/A;N/A;N/A;N/A;N/A;N/A;N/A;N/A;N/A;N/A;N/A;N/A;N/A;N/A;N/A;N/A;N/A;N/A;N/A;N/A;N/A;N/A;N/A;N/A;N/A;N/A;N/A;N/A;N/A;N/A;N/A;N/A;N/A;N/A;N/A;N/A;N/A;N/A;N/A;N/A;N/A;N/A;N/A;N/A;N/A;N/A;N/A;N/A;N/A;N/A;N/A;N/A;N/A;N/A;N/A;N/A;N/A;N/A;N/A;N/A;N/A;N/A;N/A;N/A;N/A;N/A;N/A;N/A;N/A;N/A;;0;452;0;0;;Disabled;NotOk;1;700;455.8;0;0;0;549.9;449.9;Enabled;PosOk;1;0;0;0;0;0;15;Disabled;0;0;0;0;0;0;0;0;0;0;0;0;0;0;0;0;0;0;0;0;0;0;0;0;0;0;0;0;0;0;0;0;0;0;0;0;0;0;0;0;0;0;0;0;0;0;0;0;0;0;0;0;0;0;0;0;0;0;0;0;0;0;0;0;0;0;0;0;0;0;30;32;20;45;30;30;20;45;30;25;20;45;30;25;20;45;200;227;100;300;200;224;100;300;200;0;100;300;200;0;100;300;30;33;20;45;30;30;20;45;30;26;20;45;30;28;20;45;200;243;100;300;200;241;100;300;200;0;100;300;200;1;100;300;4;2;0.4;6;4;5;0.4;6;4;2;0.4;6;4;5;0.4;6;4;2;0.4;6;4;6;0.4;6;4;2;0.4;6;4;6;0.4;6;NOK;NOK;OK;10000;10047;8000;11000;OK;8.65;0;8;12;NOK;N/A;1.95;N/A;N/A;N/A;9;11.8;7;18;OK;;0;0;0;-;Disabled;TempOk;1;230;107.6;0;0;0;349.9;441543200 volvo 589-1;441543200 volvo 589-1;441543200 volvo 589-1
20260331_23:07:56;26697;2;2;940;932;910;970;OK;940;943.2;910;970;OK;942.9;943.3;-15;-17.6;-50;-20;NOK;-15;-14.8;-50;-20;NOK;-16.3;-16.6;0;-15;-17.5;-50;-20;NOK;330;455;330;500;OK;0;0;N/A;N/A;N/A;N/A;N/A;N/A;N/A;N/A;N/A;N/A;N/A;N/A;N/A;N/A;N/A;N/A;N/A;N/A;N/A;N/A;N/A;N/A;N/A;N/A;N/A;N/A;N/A;N/A;N/A;N/A;N/A;N/A;N/A;N/A;N/A;N/A;N/A;N/A;N/A;N/A;N/A;N/A;N/A;N/A;N/A;N/A;N/A;N/A;N/A;N/A;N/A;N/A;N/A;N/A;N/A;N/A;N/A;N/A;N/A;N/A;N/A;N/A;N/A;N/A;N/A;N/A;N/A;N/A;N/A;N/A;N/A;N/A;N/A;N/A;N/A;N/A;N/A;N/A;N/A;N/A;N/A;N/A;N/A;N/A;N/A;N/A;N/A;N/A;N/A;N/A;N/A;N/A;N/A;N/A;N/A;N/A;N/A;N/A;;0;462.2;0;0;;Disabled;NotOk;1;700;466.4;0;0;0;549.9;449.9;Enabled;PosOk;1;0;0;0;0;0;15;Disabled;0;0;0;0;0;0;0;0;0;0;0;0;0;0;0;0;0;0;0;0;0;0;0;0;0;0;0;0;0;0;0;0;0;0;0;0;0;0;0;0;0;0;0;0;0;0;0;0;0;0;0;0;0;0;0;0;0;0;0;0;0;0;0;0;0;0;0;0;0;0;30;33;20;45;30;30;20;45;30;25;20;45;30;25;20;45;200;227;100;300;200;224;100;300;200;0;100;300;200;0;100;300;30;34;20;45;30;30;20;45;30;26;20;45;30;28;20;45;200;243;100;300;200;241;100;300;200;0;100;300;200;0;100;300;4;2;0.4;6;4;5;0.4;6;4;2;0.4;6;4;5;0.4;6;4;2;0.4;6;4;5;0.4;6;4;2;0.4;6;4;5;0.4;6;NOK;NOK;OK;10000;10036;8000;11000;OK;8.64;0;8;12;NOK;N/A;1.95;N/A;N/A;N/A;9;11.6;7;18;OK;;0;0;0;-;Disabled;TempOk;1;230;116.2;0;0;0;349.9;441543200 volvo 589-1;441543200 volvo 589-1;441543200 volvo 589-1
20260331_23:08:18;26700;1;3;940;932.8;910;970;OK;940;941.5;910;970;OK;942.3;941;-20;-12.8;-50;-25;NOK;-20;-12.6;-50;-25;NOK;-16.9;-16.2;0;-20;-12.8;-50;-25;NOK;330;411;330;500;OK;0;0;N/A;N/A;N/A;N/A;N/A;N/A;N/A;N/A;N/A;N/A;N/A;N/A;N/A;N/A;N/A;N/A;N/A;N/A;N/A;N/A;N/A;N/A;N/A;N/A;N/A;N/A;N/A;N/A;N/A;N/A;N/A;N/A;N/A;N/A;N/A;N/A;N/A;N/A;N/A;N/A;N/A;N/A;N/A;N/A;N/A;N/A;N/A;N/A;N/A;N/A;N/A;N/A;N/A;N/A;N/A;N/A;N/A;N/A;N/A;N/A;N/A;N/A;N/A;N/A;N/A;N/A;N/A;N/A;N/A;N/A;N/A;N/A;N/A;N/A;N/A;N/A;N/A;N/A;N/A;N/A;N/A;N/A;N/A;N/A;N/A;N/A;N/A;N/A;N/A;N/A;N/A;N/A;N/A;N/A;N/A;N/A;N/A;N/A;;0;459.9;0;0;;Disabled;NotOk;1;700;463.8;0;0;0;549.9;449.9;Enabled;PosOk;1;0;0;0;0;0;15;Disabled;0;0;0;0;0;0;0;0;0;0;0;0;0;0;0;0;0;0;0;0;0;0;0;0;0;0;0;0;0;0;0;0;0;0;0;0;0;0;0;0;0;0;0;0;0;0;0;0;0;0;0;0;0;0;0;0;0;0;0;0;0;0;0;0;0;0;0;0;0;0;30;34;20;45;30;30;20;45;30;25;20;45;30;25;20;45;200;228;100;300;200;225;100;300;200;0;100;300;200;0;100;300;30;34;20;45;30;30;20;45;30;26;20;45;30;28;20;45;200;243;100;300;200;240;100;300;200;0;100;300;200;0;100;300;4;2;0.4;6;4;5;0.4;6;4;2;0.4;6;4;5;0.4;6;4;2;0.4;6;4;6;0.4;6;4;2;0.4;6;4;5;0.4;6;NOK;NOK;OK;10000;10043;8000;11000;OK;8.65;0;8;12;NOK;N/A;1.95;N/A;N/A;N/A;9;10.7;7;18;OK;;0;0;0;-;Disabled;TempOk;1;230;118.7;0;0;0;349.9;441543200 volvo 589-1;441543200 volvo 589-1;441543200 volvo 589-1
20260331_23:08:40;26699;4;2;940;944.2;910;970;OK;940;949.7;910;970;OK;950;949.2;-15;-18.5;-50;-5;OK;-15;-16.2;-50;-5;OK;-13.3;-13.6;0;-15;-18.3;-50;-5;OK;330;455;330;500;OK;275.48;276.14;N/A;N/A;N/A;N/A;N/A;N/A;N/A;N/A;N/A;N/A;N/A;N/A;N/A;N/A;N/A;N/A;N/A;N/A;N/A;N/A;N/A;N/A;N/A;N/A;N/A;N/A;N/A;N/A;N/A;N/A;N/A;N/A;N/A;N/A;N/A;N/A;N/A;N/A;N/A;N/A;N/A;N/A;N/A;N/A;N/A;N/A;N/A;N/A;N/A;N/A;N/A;N/A;N/A;N/A;N/A;N/A;N/A;N/A;N/A;N/A;N/A;N/A;N/A;N/A;N/A;N/A;N/A;N/A;N/A;N/A;N/A;N/A;N/A;N/A;N/A;N/A;N/A;N/A;N/A;N/A;N/A;N/A;N/A;N/A;N/A;N/A;N/A;N/A;N/A;N/A;N/A;N/A;N/A;N/A;N/A;N/A;N/A;N/A;;0;460.5;0;0;;Disabled;NotOk;1;700;464.3;0;0;0;549.9;449.9;Enabled;PosOk;1;0;0;0;0;0;15;Disabled;0;0;0;0;0;0;0;0;0;0;0;0;0;0;0;0;0;0;0;0;0;0;0;0;0;0;0;0;0;0;0;0;0;0;0;0;0;0;0;0;0;0;0;0;0;0;0;0;0;0;0;0;0;0;0;0;0;0;0;0;0;0;0;0;0;0;0;0;0;0;30;35;20;45;30;30;20;45;30;25;20;45;30;25;20;45;200;228;100;300;200;225;100;300;200;0;100;300;200;0;100;300;30;34;20;45;30;30;20;45;30;26;20;45;30;28;20;45;200;243;100;300;200;240;100;300;200;0;100;300;200;0;100;300;4;2;0.4;6;4;5;0.4;6;4;2;0.4;6;4;6;0.4;6;4;2;0.4;6;4;5;0.4;6;4;2;0.4;6;4;6;0.4;6;NOK;NOK;OK;10000;10038;8000;11000;OK;8.65;0;8;12;NOK;N/A;1.95;N/A;N/A;N/A;9;11.7;7;18;OK;;0;0;0;-;Disabled;TempOk;1;230;113.4;0;0;0;349.9;441543200 volvo 589-1;441543200 volvo 589-1;441543200 volvo 589-1
20260331_23:09:02;26702;3;5;940;938.5;910;970;OK;940;940.6;910;970;OK;943.3;940.8;-20;-19.2;-50;-25;NOK;-20;-20.1;-50;-25;NOK;-14.2;-15.2;0;-20;-19.3;-50;-25;NOK;330;439;330;500;OK;0;0;N/A;N/A;N/A;N/A;N/A;N/A;N/A;N/A;N/A;N/A;N/A;N/A;N/A;N/A;N/A;N/A;N/A;N/A;N/A;N/A;N/A;N/A;N/A;N/A;N/A;N/A;N/A;N/A;N/A;N/A;N/A;N/A;N/A;N/A;N/A;N/A;N/A;N/A;N/A;N/A;N/A;N/A;N/A;N/A;N/A;N/A;N/A;N/A;N/A;N/A;N/A;N/A;N/A;N/A;N/A;N/A;N/A;N/A;N/A;N/A;N/A;N/A;N/A;N/A;N/A;N/A;N/A;N/A;N/A;N/A;N/A;N/A;N/A;N/A;N/A;N/A;N/A;N/A;N/A;N/A;N/A;N/A;N/A;N/A;N/A;N/A;N/A;N/A;N/A;N/A;N/A;N/A;N/A;N/A;N/A;N/A;N/A;N/A;;0;465.3;0;0;;Disabled;NotOk;1;700;469;0;0;0;549.9;449.9;Enabled;PosOk;1;0;0;0;0;0;15;Disabled;0;0;0;0;0;0;0;0;0;0;0;0;0;0;0;0;0;0;0;0;0;0;0;0;0;0;0;0;0;0;0;0;0;0;0;0;0;0;0;0;0;0;0;0;0;0;0;0;0;0;0;0;0;0;0;0;0;0;0;0;0;0;0;0;0;0;0;0;0;0;30;34;20;45;30;30;20;45;30;25;20;45;30;25;20;45;200;227;100;300;200;225;100;300;200;0;100;300;200;0;100;300;30;34;20;45;30;29;20;45;30;26;20;45;30;28;20;45;200;243;100;300;200;240;100;300;200;0;100;300;200;0;100;300;4;2;0.4;6;4;5;0.4;6;4;2;0.4;6;4;6;0.4;6;4;2;0.4;6;4;5;0.4;6;4;2;0.4;6;4;6;0.4;6;NOK;NOK;OK;10000;10041;8000;11000;OK;8.65;0;8;12;NOK;N/A;1.95;N/A;N/A;N/A;9;11.7;7;18;OK;;0;0;0;-;Disabled;TempOk;1;230;119.8;0;0;0;349.9;441543200 volvo 589-1;441543200 volvo 589-1;441543200 volvo 589-1
20260331_23:09:25;26701;2;3;940;934.2;910;970;OK;940;941.5;910;970;OK;940.5;940.7;-15;-16.5;-50;-20;NOK;-15;-15.9;-50;-20;NOK;-15.8;-15.8;0;-15;-16.5;-50;-20;NOK;330;411;330;500;OK;0;0;N/A;N/A;N/A;N/A;N/A;N/A;N/A;N/A;N/A;N/A;N/A;N/A;N/A;N/A;N/A;N/A;N/A;N/A;N/A;N/A;N/A;N/A;N/A;N/A;N/A;N/A;N/A;N/A;N/A;N/A;N/A;N/A;N/A;N/A;N/A;N/A;N/A;N/A;N/A;N/A;N/A;N/A;N/A;N/A;N/A;N/A;N/A;N/A;N/A;N/A;N/A;N/A;N/A;N/A;N/A;N/A;N/A;N/A;N/A;N/A;N/A;N/A;N/A;N/A;N/A;N/A;N/A;N/A;N/A;N/A;N/A;N/A;N/A;N/A;N/A;N/A;N/A;N/A;N/A;N/A;N/A;N/A;N/A;N/A;N/A;N/A;N/A;N/A;N/A;N/A;N/A;N/A;N/A;N/A;N/A;N/A;N/A;N/A;;0;463.5;0;0;;Disabled;NotOk;1;700;467.1;0;0;0;549.9;449.9;Enabled;PosOk;1;0;0;0;0;0;15;Disabled;0;0;0;0;0;0;0;0;0;0;0;0;0;0;0;0;0;0;0;0;0;0;0;0;0;0;0;0;0;0;0;0;0;0;0;0;0;0;0;0;0;0;0;0;0;0;0;0;0;0;0;0;0;0;0;0;0;0;0;0;0;0;0;0;0;0;0;0;0;0;30;34;20;45;30;29;20;45;30;25;20;45;30;25;20;45;200;228;100;300;200;224;100;300;200;0;100;300;200;0;100;300;30;34;20;45;30;29;20;45;30;26;20;45;30;28;20;45;200;243;100;300;200;240;100;300;200;0;100;300;200;0;100;300;4;2;0.4;6;4;5;0.4;6;4;2;0.4;6;4;5;0.4;6;4;2;0.4;6;4;6;0.4;6;4;2;0.4;6;4;5;0.4;6;NOK;NOK;OK;10000;10049;8000;11000;OK;8.66;0;8;12;NOK;N/A;1.95;N/A;N/A;N/A;9;11.7;7;18;OK;;0;0;0;-;Disabled;TempOk;1;230;116.2;0;0;0;349.9;441543200 volvo 589-1;441543200 volvo 589-1;441543200 volvo 589-1
20260331_23:09:47;26703;3;3;940;933.5;910;970;OK;940;943.1;910;970;OK;944;943.3;-20;-17.9;-50;-25;NOK;-20;-17.2;-50;-25;NOK;-16.5;-16.9;0;-20;-17.9;-50;-25;NOK;330;455;330;500;OK;0;0;N/A;N/A;N/A;N/A;N/A;N/A;N/A;N/A;N/A;N/A;N/A;N/A;N/A;N/A;N/A;N/A;N/A;N/A;N/A;N/A;N/A;N/A;N/A;N/A;N/A;N/A;N/A;N/A;N/A;N/A;N/A;N/A;N/A;N/A;N/A;N/A;N/A;N/A;N/A;N/A;N/A;N/A;N/A;N/A;N/A;N/A;N/A;N/A;N/A;N/A;N/A;N/A;N/A;N/A;N/A;N/A;N/A;N/A;N/A;N/A;N/A;N/A;N/A;N/A;N/A;N/A;N/A;N/A;N/A;N/A;N/A;N/A;N/A;N/A;N/A;N/A;N/A;N/A;N/A;N/A;N/A;N/A;N/A;N/A;N/A;N/A;N/A;N/A;N/A;N/A;N/A;N/A;N/A;N/A;N/A;N/A;N/A;N/A;;0;454.5;0;0;;Disabled;NotOk;1;700;458.2;0;0;0;549.9;449.9;Enabled;PosOk;1;0;0;0;0;0;15;Disabled;0;0;0;0;0;0;0;0;0;0;0;0;0;0;0;0;0;0;0;0;0;0;0;0;0;0;0;0;0;0;0;0;0;0;0;0;0;0;0;0;0;0;0;0;0;0;0;0;0;0;0;0;0;0;0;0;0;0;0;0;0;0;0;0;0;0;0;0;0;0;30;34;20;45;30;29;20;45;30;25;20;45;30;25;20;45;200;227;100;300;200;224;100;300;200;0;100;300;200;1;100;300;30;33;20;45;30;29;20;45;30;26;20;45;30;28;20;45;200;243;100;300;200;241;100;300;200;0;100;300;200;0;100;300;4;2;0.4;6;4;5;0.4;6;4;2;0.4;6;4;5;0.4;6;4;2;0.4;6;4;6;0.4;6;4;2;0.4;6;4;6;0.4;6;NOK;NOK;OK;10000;10050;8000;11000;OK;8.65;0;8;12;NOK;N/A;1.95;N/A;N/A;N/A;9;11.7;7;18;OK;;0;0;0;-;Disabled;TempOk;1;230;120.2;0;0;0;349.9;441543200 volvo 589-1;441543200 volvo 589-1;441543200 volvo 589-1
20260331_23:10:09;26705;4;3;940;936.2;910;970;OK;940;946.3;910;970;OK;946.6;946.3;-15;-13.1;-50;-5;OK;-15;-12.9;-50;-5;OK;-16.6;-17.5;0;-15;-13.3;-50;-5;OK;330;411;330;500;OK;275.64;276.29;N/A;N/A;N/A;N/A;N/A;N/A;N/A;N/A;N/A;N/A;N/A;N/A;N/A;N/A;N/A;N/A;N/A;N/A;N/A;N/A;N/A;N/A;N/A;N/A;N/A;N/A;N/A;N/A;N/A;N/A;N/A;N/A;N/A;N/A;N/A;N/A;N/A;N/A;N/A;N/A;N/A;N/A;N/A;N/A;N/A;N/A;N/A;N/A;N/A;N/A;N/A;N/A;N/A;N/A;N/A;N/A;N/A;N/A;N/A;N/A;N/A;N/A;N/A;N/A;N/A;N/A;N/A;N/A;N/A;N/A;N/A;N/A;N/A;N/A;N/A;N/A;N/A;N/A;N/A;N/A;N/A;N/A;N/A;N/A;N/A;N/A;N/A;N/A;N/A;N/A;N/A;N/A;N/A;N/A;N/A;N/A;N/A;N/A;;0;461.7;0;0;;Disabled;NotOk;1;700;465.5;0;0;0;549.9;449.9;Enabled;PosOk;1;0;0;0;0;0;15;Disabled;0;0;0;0;0;0;0;0;0;0;0;0;0;0;0;0;0;0;0;0;0;0;0;0;0;0;0;0;0;0;0;0;0;0;0;0;0;0;0;0;0;0;0;0;0;0;0;0;0;0;0;0;0;0;0;0;0;0;0;0;0;0;0;0;0;0;0;0;0;0;30;34;20;45;30;29;20;45;30;25;20;45;30;25;20;45;200;227;100;300;200;224;100;300;200;0;100;300;200;0;100;300;30;33;20;45;30;29;20;45;30;26;20;45;30;28;20;45;200;243;100;300;200;240;100;300;200;0;100;300;200;0;100;300;4;2;0.4;6;4;5;0.4;6;4;2;0.4;6;4;5;0.4;6;4;2;0.4;6;4;5;0.4;6;4;2;0.4;6;4;5;0.4;6;NOK;NOK;OK;10000;10044;8000;11000;OK;8.65;0;8;12;NOK;N/A;1.95;N/A;N/A;N/A;9;11.7;7;18;OK;;0;0;0;-;Disabled;TempOk;1;230;115.9;0;0;0;349.9;441543200 volvo 589-1;441543200 volvo 589-1;441543200 volvo 589-1
20260331_23:10:31;26704;1;4;940;934.3;910;970;OK;940;940.9;910;970;OK;940.6;940.9;-20;-11.3;-50;-25;NOK;-20;-11.4;-50;-25;NOK;-14.2;-13.6;0;-20;-11.2;-50;-25;NOK;330;455;330;500;OK;0;0;N/A;N/A;N/A;N/A;N/A;N/A;N/A;N/A;N/A;N/A;N/A;N/A;N/A;N/A;N/A;N/A;N/A;N/A;N/A;N/A;N/A;N/A;N/A;N/A;N/A;N/A;N/A;N/A;N/A;N/A;N/A;N/A;N/A;N/A;N/A;N/A;N/A;N/A;N/A;N/A;N/A;N/A;N/A;N/A;N/A;N/A;N/A;N/A;N/A;N/A;N/A;N/A;N/A;N/A;N/A;N/A;N/A;N/A;N/A;N/A;N/A;N/A;N/A;N/A;N/A;N/A;N/A;N/A;N/A;N/A;N/A;N/A;N/A;N/A;N/A;N/A;N/A;N/A;N/A;N/A;N/A;N/A;N/A;N/A;N/A;N/A;N/A;N/A;N/A;N/A;N/A;N/A;N/A;N/A;N/A;N/A;N/A;N/A;;0;457.5;0;0;;Disabled;NotOk;1;700;461.3;0;0;0;549.9;449.9;Enabled;PosOk;1;0;0;0;0;0;15;Disabled;0;0;0;0;0;0;0;0;0;0;0;0;0;0;0;0;0;0;0;0;0;0;0;0;0;0;0;0;0;0;0;0;0;0;0;0;0;0;0;0;0;0;0;0;0;0;0;0;0;0;0;0;0;0;0;0;0;0;0;0;0;0;0;0;0;0;0;0;0;0;30;34;20;45;30;29;20;45;30;25;20;45;30;25;20;45;200;227;100;300;200;225;100;300;200;0;100;300;200;0;100;300;30;34;20;45;30;29;20;45;30;26;20;45;30;28;20;45;200;243;100;300;200;241;100;300;200;0;100;300;200;0;100;300;4;2;0.4;6;4;5;0.4;6;4;2;0.4;6;4;6;0.4;6;4;2;0.4;6;4;5;0.4;6;4;2;0.4;6;4;6;0.4;6;NOK;NOK;OK;10000;10042;8000;11000;OK;8.64;0;8;12;NOK;N/A;1.95;N/A;N/A;N/A;9;10.9;7;18;OK;;0;0;0;-;Disabled;TempOk;1;230;119.9;0;0;0;349.9;441543200 volvo 589-1;441543200 volvo 589-1;441543200 volvo 589-1
20260331_23:10:53;26707;2;4;940;933;910;970;OK;940;942.5;910;970;OK;942.6;942.2;-15;-18.5;-50;-20;NOK;-15;-17.9;-50;-20;NOK;-17;-17.1;0;-15;-18.5;-50;-20;NOK;330;411;330;500;OK;0;0;N/A;N/A;N/A;N/A;N/A;N/A;N/A;N/A;N/A;N/A;N/A;N/A;N/A;N/A;N/A;N/A;N/A;N/A;N/A;N/A;N/A;N/A;N/A;N/A;N/A;N/A;N/A;N/A;N/A;N/A;N/A;N/A;N/A;N/A;N/A;N/A;N/A;N/A;N/A;N/A;N/A;N/A;N/A;N/A;N/A;N/A;N/A;N/A;N/A;N/A;N/A;N/A;N/A;N/A;N/A;N/A;N/A;N/A;N/A;N/A;N/A;N/A;N/A;N/A;N/A;N/A;N/A;N/A;N/A;N/A;N/A;N/A;N/A;N/A;N/A;N/A;N/A;N/A;N/A;N/A;N/A;N/A;N/A;N/A;N/A;N/A;N/A;N/A;N/A;N/A;N/A;N/A;N/A;N/A;N/A;N/A;N/A;N/A;;0;460;0;0;;Disabled;NotOk;1;700;463.6;0;0;0;549.9;449.9;Enabled;PosOk;1;0;0;0;0;0;15;Disabled;0;0;0;0;0;0;0;0;0;0;0;0;0;0;0;0;0;0;0;0;0;0;0;0;0;0;0;0;0;0;0;0;0;0;0;0;0;0;0;0;0;0;0;0;0;0;0;0;0;0;0;0;0;0;0;0;0;0;0;0;0;0;0;0;0;0;0;0;0;0;30;34;20;45;30;30;20;45;30;25;20;45;30;25;20;45;200;227;100;300;200;224;100;300;200;0;100;300;200;0;100;300;30;34;20;45;30;30;20;45;30;26;20;45;30;28;20;45;200;243;100;300;200;240;100;300;200;0;100;300;200;0;100;300;4;2;0.4;6;4;5;0.4;6;4;2;0.4;6;4;5;0.4;6;4;2;0.4;6;4;6;0.4;6;4;2;0.4;6;4;6;0.4;6;NOK;NOK;OK;10000;10025;8000;11000;OK;8.64;0;8;12;NOK;N/A;1.95;N/A;N/A;N/A;9;11.6;7;18;OK;;0;0;0;-;Disabled;TempOk;1;230;119.5;0;0;0;349.9;441543200 volvo 589-1;441543200 volvo 589-1;441543200 volvo 589-1
20260331_23:11:15;26706;3;4;940;932.6;910;970;OK;940;941.5;910;970;OK;941.1;940.9;-20;-14.2;-50;-25;NOK;-20;-15;-50;-25;NOK;-19.7;-20.4;0;-20;-14.1;-50;-25;NOK;330;455;330;500;OK;0;0;N/A;N/A;N/A;N/A;N/A;N/A;N/A;N/A;N/A;N/A;N/A;N/A;N/A;N/A;N/A;N/A;N/A;N/A;N/A;N/A;N/A;N/A;N/A;N/A;N/A;N/A;N/A;N/A;N/A;N/A;N/A;N/A;N/A;N/A;N/A;N/A;N/A;N/A;N/A;N/A;N/A;N/A;N/A;N/A;N/A;N/A;N/A;N/A;N/A;N/A;N/A;N/A;N/A;N/A;N/A;N/A;N/A;N/A;N/A;N/A;N/A;N/A;N/A;N/A;N/A;N/A;N/A;N/A;N/A;N/A;N/A;N/A;N/A;N/A;N/A;N/A;N/A;N/A;N/A;N/A;N/A;N/A;N/A;N/A;N/A;N/A;N/A;N/A;N/A;N/A;N/A;N/A;N/A;N/A;N/A;N/A;N/A;N/A;;0;466.1;0;0;;Disabled;NotOk;1;700;469.9;0;0;0;549.9;449.9;Enabled;PosOk;1;0;0;0;0;0;15;Disabled;0;0;0;0;0;0;0;0;0;0;0;0;0;0;0;0;0;0;0;0;0;0;0;0;0;0;0;0;0;0;0;0;0;0;0;0;0;0;0;0;0;0;0;0;0;0;0;0;0;0;0;0;0;0;0;0;0;0;0;0;0;0;0;0;0;0;0;0;0;0;30;34;20;45;30;30;20;45;30;25;20;45;30;25;20;45;200;228;100;300;200;225;100;300;200;0;100;300;200;0;100;300;30;34;20;45;30;30;20;45;30;26;20;45;30;28;20;45;200;242;100;300;200;241;100;300;200;0;100;300;200;0;100;300;4;2;0.4;6;4;5;0.4;6;4;2;0.4;6;4;5;0.4;6;4;2;0.4;6;4;6;0.4;6;4;2;0.4;6;4;6;0.4;6;NOK;NOK;OK;10000;10044;8000;11000;OK;8.65;0;8;12;NOK;N/A;1.95;N/A;N/A;N/A;9;11.8;7;18;OK;;0;0;0;-;Disabled;TempOk;1;230;116.5;0;0;0;349.9;441543200 volvo 589-1;441543200 volvo 589-1;441543200 volvo 589-1
20260331_23:11:37;26709;2;1;940;934.2;910;970;OK;940;942.8;910;970;OK;941.5;940.6;-15;-16.5;-50;-20;NOK;-15;-17;-50;-20;NOK;-14.3;-14.9;0;-15;-16.6;-50;-20;NOK;330;411;330;500;OK;0;0;N/A;N/A;N/A;N/A;N/A;N/A;N/A;N/A;N/A;N/A;N/A;N/A;N/A;N/A;N/A;N/A;N/A;N/A;N/A;N/A;N/A;N/A;N/A;N/A;N/A;N/A;N/A;N/A;N/A;N/A;N/A;N/A;N/A;N/A;N/A;N/A;N/A;N/A;N/A;N/A;N/A;N/A;N/A;N/A;N/A;N/A;N/A;N/A;N/A;N/A;N/A;N/A;N/A;N/A;N/A;N/A;N/A;N/A;N/A;N/A;N/A;N/A;N/A;N/A;N/A;N/A;N/A;N/A;N/A;N/A;N/A;N/A;N/A;N/A;N/A;N/A;N/A;N/A;N/A;N/A;N/A;N/A;N/A;N/A;N/A;N/A;N/A;N/A;N/A;N/A;N/A;N/A;N/A;N/A;N/A;N/A;N/A;N/A;;0;461.4;0;0;;Disabled;NotOk;1;700;464.9;0;0;0;549.9;449.9;Enabled;PosOk;1;0;0;0;0;0;15;Disabled;0;0;0;0;0;0;0;0;0;0;0;0;0;0;0;0;0;0;0;0;0;0;0;0;0;0;0;0;0;0;0;0;0;0;0;0;0;0;0;0;0;0;0;0;0;0;0;0;0;0;0;0;0;0;0;0;0;0;0;0;0;0;0;0;0;0;0;0;0;0;30;34;20;45;30;30;20;45;30;25;20;45;30;25;20;45;200;227;100;300;200;224;100;300;200;0;100;300;200;0;100;300;30;34;20;45;30;30;20;45;30;26;20;45;30;28;20;45;200;243;100;300;200;240;100;300;200;0;100;300;200;0;100;300;4;2;0.4;6;4;5;0.4;6;4;2;0.4;6;4;5;0.4;6;4;2;0.4;6;4;6;0.4;6;4;2;0.4;6;4;6;0.4;6;NOK;NOK;OK;10000;10041;8000;11000;OK;8.65;0;8;12;NOK;N/A;1.95;N/A;N/A;N/A;9;11.6;7;18;OK;;0;0;0;-;Disabled;TempOk;1;230;117.5;0;0;0;349.9;441543200 volvo 589-1;441543200 volvo 589-1;441543200 volvo 589-1
20260331_23:11:59;26708;1;1;940;933.8;910;970;OK;940;941.8;910;970;OK;943;942;-20;-15.9;-50;-25;NOK;-20;-16.4;-50;-25;NOK;-14.4;-14.9;0;-20;-15.9;-50;-25;NOK;330;411;330;500;OK;0;0;N/A;N/A;N/A;N/A;N/A;N/A;N/A;N/A;N/A;N/A;N/A;N/A;N/A;N/A;N/A;N/A;N/A;N/A;N/A;N/A;N/A;N/A;N/A;N/A;N/A;N/A;N/A;N/A;N/A;N/A;N/A;N/A;N/A;N/A;N/A;N/A;N/A;N/A;N/A;N/A;N/A;N/A;N/A;N/A;N/A;N/A;N/A;N/A;N/A;N/A;N/A;N/A;N/A;N/A;N/A;N/A;N/A;N/A;N/A;N/A;N/A;N/A;N/A;N/A;N/A;N/A;N/A;N/A;N/A;N/A;N/A;N/A;N/A;N/A;N/A;N/A;N/A;N/A;N/A;N/A;N/A;N/A;N/A;N/A;N/A;N/A;N/A;N/A;N/A;N/A;N/A;N/A;N/A;N/A;N/A;N/A;N/A;N/A;;0;464.7;0;0;;Disabled;NotOk;1;700;468.1;0;0;0;549.9;449.9;Enabled;PosOk;1;0;0;0;0;0;15;Disabled;0;0;0;0;0;0;0;0;0;0;0;0;0;0;0;0;0;0;0;0;0;0;0;0;0;0;0;0;0;0;0;0;0;0;0;0;0;0;0;0;0;0;0;0;0;0;0;0;0;0;0;0;0;0;0;0;0;0;0;0;0;0;0;0;0;0;0;0;0;0;30;35;20;45;30;30;20;45;30;25;20;45;30;25;20;45;200;228;100;300;200;224;100;300;200;0;100;300;200;0;100;300;30;34;20;45;30;30;20;45;30;26;20;45;30;28;20;45;200;243;100;300;200;241;100;300;200;0;100;300;200;0;100;300;4;2;0.4;6;4;5;0.4;6;4;2;0.4;6;4;6;0.4;6;4;2;0.4;6;4;5;0.4;6;4;2;0.4;6;4;6;0.4;6;NOK;NOK;OK;10000;10031;8000;11000;OK;8.65;0;8;12;NOK;N/A;1.95;N/A;N/A;N/A;9;10.7;7;18;OK;;0;0;0;-;Disabled;TempOk;1;230;126.2;0;0;0;349.9;441543200 volvo 589-1;441543200 volvo 589-1;441543200 volvo 589-1
20260331_23:12:21;26710;4;4;940;921.8;910;970;OK;940;944.9;910;970;OK;945.7;944.8;-15;-9.6;-50;-5;OK;-15;-9.6;-50;-5;OK;-13.1;-12.3;0;-15;-9.7;-50;-5;OK;330;411;330;500;OK;275.83;276.47;N/A;N/A;N/A;N/A;N/A;N/A;N/A;N/A;N/A;N/A;N/A;N/A;N/A;N/A;N/A;N/A;N/A;N/A;N/A;N/A;N/A;N/A;N/A;N/A;N/A;N/A;N/A;N/A;N/A;N/A;N/A;N/A;N/A;N/A;N/A;N/A;N/A;N/A;N/A;N/A;N/A;N/A;N/A;N/A;N/A;N/A;N/A;N/A;N/A;N/A;N/A;N/A;N/A;N/A;N/A;N/A;N/A;N/A;N/A;N/A;N/A;N/A;N/A;N/A;N/A;N/A;N/A;N/A;N/A;N/A;N/A;N/A;N/A;N/A;N/A;N/A;N/A;N/A;N/A;N/A;N/A;N/A;N/A;N/A;N/A;N/A;N/A;N/A;N/A;N/A;N/A;N/A;N/A;N/A;N/A;N/A;N/A;N/A;;0;460.3;0;0;;Disabled;NotOk;1;700;463.5;0;0;0;549.9;449.9;Enabled;PosOk;1;0;0;0;0;0;15;Disabled;0;0;0;0;0;0;0;0;0;0;0;0;0;0;0;0;0;0;0;0;0;0;0;0;0;0;0;0;0;0;0;0;0;0;0;0;0;0;0;0;0;0;0;0;0;0;0;0;0;0;0;0;0;0;0;0;0;0;0;0;0;0;0;0;0;0;0;0;0;0;30;35;20;45;30;30;20;45;30;25;20;45;30;25;20;45;200;228;100;300;200;224;100;300;200;0;100;300;200;1;100;300;30;34;20;45;30;30;20;45;30;26;20;45;30;28;20;45;200;243;100;300;200;240;100;300;200;0;100;300;200;0;100;300;4;2;0.4;6;4;5;0.4;6;4;2;0.4;6;4;5;0.4;6;4;2;0.4;6;4;5;0.4;6;4;2;0.4;6;4;6;0.4;6;NOK;NOK;OK;10000;10040;8000;11000;OK;8.65;0;8;12;NOK;N/A;1.95;N/A;N/A;N/A;9;11.7;7;18;OK;;0;0;0;-;Disabled;TempOk;1;230;117.6;0;0;0;349.9;441543200 volvo 589-1;441543200 volvo 589-1;441543200 volvo 589-1
20260331_23:12:43;26711;1;2;940;933.7;910;970;OK;940;942.6;910;970;OK;944.7;943.6;-20;-15.7;-50;-25;NOK;-20;-16.9;-50;-25;NOK;-14;-14.8;0;-20;-15.7;-50;-25;NOK;330;411;330;500;OK;0;0;N/A;N/A;N/A;N/A;N/A;N/A;N/A;N/A;N/A;N/A;N/A;N/A;N/A;N/A;N/A;N/A;N/A;N/A;N/A;N/A;N/A;N/A;N/A;N/A;N/A;N/A;N/A;N/A;N/A;N/A;N/A;N/A;N/A;N/A;N/A;N/A;N/A;N/A;N/A;N/A;N/A;N/A;N/A;N/A;N/A;N/A;N/A;N/A;N/A;N/A;N/A;N/A;N/A;N/A;N/A;N/A;N/A;N/A;N/A;N/A;N/A;N/A;N/A;N/A;N/A;N/A;N/A;N/A;N/A;N/A;N/A;N/A;N/A;N/A;N/A;N/A;N/A;N/A;N/A;N/A;N/A;N/A;N/A;N/A;N/A;N/A;N/A;N/A;N/A;N/A;N/A;N/A;N/A;N/A;N/A;N/A;N/A;N/A;;0;465.5;0;0;;Disabled;NotOk;1;700;468.9;0;0;0;549.9;449.9;Enabled;PosOk;1;0;0;0;0;0;15;Disabled;0;0;0;0;0;0;0;0;0;0;0;0;0;0;0;0;0;0;0;0;0;0;0;0;0;0;0;0;0;0;0;0;0;0;0;0;0;0;0;0;0;0;0;0;0;0;0;0;0;0;0;0;0;0;0;0;0;0;0;0;0;0;0;0;0;0;0;0;0;0;30;35;20;45;30;30;20;45;30;25;20;45;30;25;20;45;200;227;100;300;200;224;100;300;200;0;100;300;200;0;100;300;30;35;20;45;30;30;20;45;30;26;20;45;30;28;20;45;200;243;100;300;200;240;100;300;200;0;100;300;200;0;100;300;4;2;0.4;6;4;5;0.4;6;4;2;0.4;6;4;5;0.4;6;4;2;0.4;6;4;5;0.4;6;4;2;0.4;6;4;6;0.4;6;NOK;NOK;OK;10000;10039;8000;11000;OK;8.65;0;8;12;NOK;N/A;1.95;N/A;N/A;N/A;9;10.5;7;18;OK;;0;0;0;-;Disabled;TempOk;1;230;122.5;0;0;0;349.9;441543200 volvo 589-1;441543200 volvo 589-1;441543200 volvo 589-1
20260331_23:13:05;26712;4;1;940;932.4;910;970;OK;940;943;910;970;OK;942.9;942.7;-15;-17.7;-50;-5;OK;-15;-15.5;-50;-5;OK;-16.8;-16.5;0;-15;-17.8;-50;-5;OK;330;341;330;500;OK;276.01;276.54;N/A;N/A;N/A;N/A;N/A;N/A;N/A;N/A;N/A;N/A;N/A;N/A;N/A;N/A;N/A;N/A;N/A;N/A;N/A;N/A;N/A;N/A;N/A;N/A;N/A;N/A;N/A;N/A;N/A;N/A;N/A;N/A;N/A;N/A;N/A;N/A;N/A;N/A;N/A;N/A;N/A;N/A;N/A;N/A;N/A;N/A;N/A;N/A;N/A;N/A;N/A;N/A;N/A;N/A;N/A;N/A;N/A;N/A;N/A;N/A;N/A;N/A;N/A;N/A;N/A;N/A;N/A;N/A;N/A;N/A;N/A;N/A;N/A;N/A;N/A;N/A;N/A;N/A;N/A;N/A;N/A;N/A;N/A;N/A;N/A;N/A;N/A;N/A;N/A;N/A;N/A;N/A;N/A;N/A;N/A;N/A;N/A;N/A;;0;461;0;0;;Disabled;NotOk;1;700;464.2;0;0;0;549.9;449.9;Enabled;PosOk;1;0;0;0;0;0;15;Disabled;0;0;0;0;0;0;0;0;0;0;0;0;0;0;0;0;0;0;0;0;0;0;0;0;0;0;0;0;0;0;0;0;0;0;0;0;0;0;0;0;0;0;0;0;0;0;0;0;0;0;0;0;0;0;0;0;0;0;0;0;0;0;0;0;0;0;0;0;0;0;30;35;20;45;30;30;20;45;30;25;20;45;30;25;20;45;200;227;100;300;200;225;100;300;200;0;100;300;200;0;100;300;30;34;20;45;30;30;20;45;30;26;20;45;30;28;20;45;200;242;100;300;200;240;100;300;200;0;100;300;200;0;100;300;4;2;0.4;6;4;6;0.4;6;4;2;0.4;6;4;5;0.4;6;4;2;0.4;6;4;6;0.4;6;4;2;0.4;6;4;6;0.4;6;NOK;NOK;OK;10000;10034;8000;11000;OK;8.65;0;8;12;NOK;N/A;1.95;N/A;N/A;N/A;9;11.7;7;18;OK;;0;0;0;-;Disabled;TempOk;1;230;121.4;0;0;0;349.9;441543200 volvo 589-1;441543200 volvo 589-1;441543200 volvo 589-1
20260331_23:13:27;26713;3;2;940;932;910;970;OK;940;941.2;910;970;OK;941.5;941;-20;-21.7;-50;-25;NOK;-20;-19.6;-50;-25;NOK;-17.7;-18.5;0;-20;-21.7;-50;-25;NOK;330;341;330;500;OK;0;0;N/A;N/A;N/A;N/A;N/A;N/A;N/A;N/A;N/A;N/A;N/A;N/A;N/A;N/A;N/A;N/A;N/A;N/A;N/A;N/A;N/A;N/A;N/A;N/A;N/A;N/A;N/A;N/A;N/A;N/A;N/A;N/A;N/A;N/A;N/A;N/A;N/A;N/A;N/A;N/A;N/A;N/A;N/A;N/A;N/A;N/A;N/A;N/A;N/A;N/A;N/A;N/A;N/A;N/A;N/A;N/A;N/A;N/A;N/A;N/A;N/A;N/A;N/A;N/A;N/A;N/A;N/A;N/A;N/A;N/A;N/A;N/A;N/A;N/A;N/A;N/A;N/A;N/A;N/A;N/A;N/A;N/A;N/A;N/A;N/A;N/A;N/A;N/A;N/A;N/A;N/A;N/A;N/A;N/A;N/A;N/A;N/A;N/A;;0;466.1;0;0;;Disabled;NotOk;1;700;468.5;0;0;0;549.9;449.9;Enabled;PosOk;1;0;0;0;0;0;15;Disabled;0;0;0;0;0;0;0;0;0;0;0;0;0;0;0;0;0;0;0;0;0;0;0;0;0;0;0;0;0;0;0;0;0;0;0;0;0;0;0;0;0;0;0;0;0;0;0;0;0;0;0;0;0;0;0;0;0;0;0;0;0;0;0;0;0;0;0;0;0;0;30;35;20;45;30;30;20;45;30;25;20;45;30;25;20;45;200;227;100;300;200;224;100;300;200;0;100;300;200;0;100;300;30;34;20;45;30;30;20;45;30;26;20;45;30;28;20;45;200;243;100;300;200;240;100;300;200;0;100;300;200;0;100;300;4;2;0.4;6;4;5;0.4;6;4;2;0.4;6;4;6;0.4;6;4;2;0.4;6;4;6;0.4;6;4;2;0.4;6;4;6;0.4;6;NOK;NOK;OK;10000;10034;8000;11000;OK;8.64;0;8;12;NOK;N/A;1.95;N/A;N/A;N/A;9;11.7;7;18;OK;;0;0;0;-;Disabled;TempOk;1;230;117.4;0;0;0;349.9;441543200 volvo 589-1;441543200 volvo 589-1;441543200 volvo 589-1
20260331_23:13:49;26714;2;2;940;934.5;910;970;OK;940;943.8;910;970;OK;945.1;944.3;-15;-14.9;-50;-20;NOK;-15;-15.1;-50;-20;NOK;-16.4;-16.1;0;-15;-14.9;-50;-20;NOK;330;341;330;500;OK;0;0;N/A;N/A;N/A;N/A;N/A;N/A;N/A;N/A;N/A;N/A;N/A;N/A;N/A;N/A;N/A;N/A;N/A;N/A;N/A;N/A;N/A;N/A;N/A;N/A;N/A;N/A;N/A;N/A;N/A;N/A;N/A;N/A;N/A;N/A;N/A;N/A;N/A;N/A;N/A;N/A;N/A;N/A;N/A;N/A;N/A;N/A;N/A;N/A;N/A;N/A;N/A;N/A;N/A;N/A;N/A;N/A;N/A;N/A;N/A;N/A;N/A;N/A;N/A;N/A;N/A;N/A;N/A;N/A;N/A;N/A;N/A;N/A;N/A;N/A;N/A;N/A;N/A;N/A;N/A;N/A;N/A;N/A;N/A;N/A;N/A;N/A;N/A;N/A;N/A;N/A;N/A;N/A;N/A;N/A;N/A;N/A;N/A;N/A;;0;449.7;0;0;;Disabled;NotOk;1;700;452.3;0;0;0;549.9;449.9;Enabled;PosOk;1;0;0;0;0;0;15;Disabled;0;0;0;0;0;0;0;0;0;0;0;0;0;0;0;0;0;0;0;0;0;0;0;0;0;0;0;0;0;0;0;0;0;0;0;0;0;0;0;0;0;0;0;0;0;0;0;0;0;0;0;0;0;0;0;0;0;0;0;0;0;0;0;0;0;0;0;0;0;0;30;35;20;45;30;30;20;45;30;25;20;45;30;25;20;45;200;228;100;300;200;224;100;300;200;0;100;300;200;0;100;300;30;34;20;45;30;30;20;45;30;26;20;45;30;28;20;45;200;243;100;300;200;241;100;300;200;0;100;300;200;0;100;300;4;2;0.4;6;4;5;0.4;6;4;2;0.4;6;4;5;0.4;6;4;2;0.4;6;4;6;0.4;6;4;2;0.4;6;4;6;0.4;6;NOK;NOK;OK;10000;10026;8000;11000;OK;8.64;0;8;12;NOK;N/A;1.99;N/A;N/A;N/A;9;11.7;7;18;OK;;0;0;0;-;Disabled;TempOk;1;230;118.9;0;0;0;349.9;441543200 volvo 589-1;441543200 volvo 589-1;441543200 volvo 589-1
20260331_23:14:11;26715;1;3;940;933.4;910;970;OK;940;943.8;910;970;OK;945.4;944.4;-20;-13;-50;-25;NOK;-20;-12.9;-50;-25;NOK;-17.5;-16.7;0;-20;-13.1;-50;-25;NOK;330;341;330;500;OK;0;0;N/A;N/A;N/A;N/A;N/A;N/A;N/A;N/A;N/A;N/A;N/A;N/A;N/A;N/A;N/A;N/A;N/A;N/A;N/A;N/A;N/A;N/A;N/A;N/A;N/A;N/A;N/A;N/A;N/A;N/A;N/A;N/A;N/A;N/A;N/A;N/A;N/A;N/A;N/A;N/A;N/A;N/A;N/A;N/A;N/A;N/A;N/A;N/A;N/A;N/A;N/A;N/A;N/A;N/A;N/A;N/A;N/A;N/A;N/A;N/A;N/A;N/A;N/A;N/A;N/A;N/A;N/A;N/A;N/A;N/A;N/A;N/A;N/A;N/A;N/A;N/A;N/A;N/A;N/A;N/A;N/A;N/A;N/A;N/A;N/A;N/A;N/A;N/A;N/A;N/A;N/A;N/A;N/A;N/A;N/A;N/A;N/A;N/A;;0;451.6;0;0;;Disabled;NotOk;1;700;453.9;0;0;0;549.9;449.9;Enabled;PosOk;1;0;0;0;0;0;15;Disabled;0;0;0;0;0;0;0;0;0;0;0;0;0;0;0;0;0;0;0;0;0;0;0;0;0;0;0;0;0;0;0;0;0;0;0;0;0;0;0;0;0;0;0;0;0;0;0;0;0;0;0;0;0;0;0;0;0;0;0;0;0;0;0;0;0;0;0;0;0;0;30;35;20;45;30;30;20;45;30;25;20;45;30;25;20;45;200;228;100;300;200;224;100;300;200;0;100;300;200;0;100;300;30;34;20;45;30;30;20;45;30;26;20;45;30;28;20;45;200;243;100;300;200;241;100;300;200;0;100;300;200;0;100;300;4;2;0.4;6;4;5;0.4;6;4;2;0.4;6;4;5;0.4;6;4;2;0.4;6;4;6;0.4;6;4;2;0.4;6;4;6;0.4;6;NOK;NOK;OK;10000;10031;8000;11000;OK;8.65;0;8;12;NOK;N/A;1.95;N/A;N/A;N/A;9;10.9;7;18;OK;;0;0;0;-;Disabled;TempOk;1;230;121.1;0;0;0;349.9;441543200 volvo 589-1;441543200 volvo 589-1;441543200 volvo 589-1
20260331_23:14:33;26716;4;2;940;942.7;910;970;OK;940;952.6;910;970;OK;949.3;950.5;-15;-15.6;-50;-5;OK;-15;-16.3;-50;-5;OK;-17.1;-17.5;0;-15;-15.5;-50;-5;OK;330;341;330;500;OK;276.15;276.67;N/A;N/A;N/A;N/A;N/A;N/A;N/A;N/A;N/A;N/A;N/A;N/A;N/A;N/A;N/A;N/A;N/A;N/A;N/A;N/A;N/A;N/A;N/A;N/A;N/A;N/A;N/A;N/A;N/A;N/A;N/A;N/A;N/A;N/A;N/A;N/A;N/A;N/A;N/A;N/A;N/A;N/A;N/A;N/A;N/A;N/A;N/A;N/A;N/A;N/A;N/A;N/A;N/A;N/A;N/A;N/A;N/A;N/A;N/A;N/A;N/A;N/A;N/A;N/A;N/A;N/A;N/A;N/A;N/A;N/A;N/A;N/A;N/A;N/A;N/A;N/A;N/A;N/A;N/A;N/A;N/A;N/A;N/A;N/A;N/A;N/A;N/A;N/A;N/A;N/A;N/A;N/A;N/A;N/A;N/A;N/A;N/A;N/A;;0;453.4;0;0;;Disabled;NotOk;1;700;455.4;0;0;0;549.9;449.9;Enabled;PosOk;1;0;0;0;0;0;15;Disabled;0;0;0;0;0;0;0;0;0;0;0;0;0;0;0;0;0;0;0;0;0;0;0;0;0;0;0;0;0;0;0;0;0;0;0;0;0;0;0;0;0;0;0;0;0;0;0;0;0;0;0;0;0;0;0;0;0;0;0;0;0;0;0;0;0;0;0;0;0;0;30;35;20;45;30;30;20;45;30;25;20;45;30;25;20;45;200;228;100;300;200;225;100;300;200;0;100;300;200;0;100;300;30;34;20;45;30;30;20;45;30;26;20;45;30;28;20;45;200;243;100;300;200;240;100;300;200;0;100;300;200;0;100;300;4;2;0.4;6;4;5;0.4;6;4;2;0.4;6;4;5;0.4;6;4;2;0.4;6;4;5;0.4;6;4;2;0.4;6;4;6;0.4;6;NOK;NOK;OK;10000;10049;8000;11000;OK;8.65;0;8;12;NOK;N/A;1.96;N/A;N/A;N/A;9;11.7;7;18;OK;;0;0;0;-;Disabled;TempOk;1;230;115.2;0;0;0;349.9;441543200 volvo 589-1;441543200 volvo 589-1;441543200 volvo 589-1
20260331_23:14:56;26717;3;5;940;936.3;910;970;OK;940;941.2;910;970;OK;946.4;943.8;-20;-20.4;-50;-25;NOK;-20;-15.7;-50;-25;NOK;-13.4;-14.3;0;-20;-20.4;-50;-25;NOK;330;341;330;500;OK;0;0;N/A;N/A;N/A;N/A;N/A;N/A;N/A;N/A;N/A;N/A;N/A;N/A;N/A;N/A;N/A;N/A;N/A;N/A;N/A;N/A;N/A;N/A;N/A;N/A;N/A;N/A;N/A;N/A;N/A;N/A;N/A;N/A;N/A;N/A;N/A;N/A;N/A;N/A;N/A;N/A;N/A;N/A;N/A;N/A;N/A;N/A;N/A;N/A;N/A;N/A;N/A;N/A;N/A;N/A;N/A;N/A;N/A;N/A;N/A;N/A;N/A;N/A;N/A;N/A;N/A;N/A;N/A;N/A;N/A;N/A;N/A;N/A;N/A;N/A;N/A;N/A;N/A;N/A;N/A;N/A;N/A;N/A;N/A;N/A;N/A;N/A;N/A;N/A;N/A;N/A;N/A;N/A;N/A;N/A;N/A;N/A;N/A;N/A;;0;463.7;0;0;;Disabled;NotOk;1;700;465.8;0;0;0;549.9;449.9;Enabled;PosOk;1;0;0;0;0;0;15;Disabled;0;0;0;0;0;0;0;0;0;0;0;0;0;0;0;0;0;0;0;0;0;0;0;0;0;0;0;0;0;0;0;0;0;0;0;0;0;0;0;0;0;0;0;0;0;0;0;0;0;0;0;0;0;0;0;0;0;0;0;0;0;0;0;0;0;0;0;0;0;0;30;35;20;45;30;30;20;45;30;25;20;45;30;25;20;45;200;228;100;300;200;225;100;300;200;0;100;300;200;0;100;300;30;34;20;45;30;30;20;45;30;26;20;45;30;28;20;45;200;243;100;300;200;240;100;300;200;0;100;300;200;0;100;300;4;2;0.4;6;4;5;0.4;6;4;2;0.4;6;4;5;0.4;6;4;2;0.4;6;4;6;0.4;6;4;2;0.4;6;4;6;0.4;6;NOK;NOK;OK;10000;10047;8000;11000;OK;8.65;0;8;12;NOK;N/A;1.95;N/A;N/A;N/A;9;11.7;7;18;OK;;0;0;0;-;Disabled;TempOk;1;230;120.6;0;0;0;349.9;441543200 volvo 589-1;441543200 volvo 589-1;441543200 volvo 589-1
20260331_23:15:18;26718;2;3;940;934.2;910;970;OK;940;929.8;910;970;OK;924;927.8;-15;-15.8;-50;-20;NOK;-15;-15.2;-50;-20;NOK;-15.2;-15.3;0;-15;-15.8;-50;-20;NOK;330;341;330;500;OK;0;0;N/A;N/A;N/A;N/A;N/A;N/A;N/A;N/A;N/A;N/A;N/A;N/A;N/A;N/A;N/A;N/A;N/A;N/A;N/A;N/A;N/A;N/A;N/A;N/A;N/A;N/A;N/A;N/A;N/A;N/A;N/A;N/A;N/A;N/A;N/A;N/A;N/A;N/A;N/A;N/A;N/A;N/A;N/A;N/A;N/A;N/A;N/A;N/A;N/A;N/A;N/A;N/A;N/A;N/A;N/A;N/A;N/A;N/A;N/A;N/A;N/A;N/A;N/A;N/A;N/A;N/A;N/A;N/A;N/A;N/A;N/A;N/A;N/A;N/A;N/A;N/A;N/A;N/A;N/A;N/A;N/A;N/A;N/A;N/A;N/A;N/A;N/A;N/A;N/A;N/A;N/A;N/A;N/A;N/A;N/A;N/A;N/A;N/A;;0;447.1;0;0;;Disabled;TempStop;1;700;448.8;0;0;0;549.9;449.9;Enabled;PosOk;1;0;0;0;0;0;15;Disabled;0;0;0;0;0;0;0;0;0;0;0;0;0;0;0;0;0;0;0;0;0;0;0;0;0;0;0;0;0;0;0;0;0;0;0;0;0;0;0;0;0;0;0;0;0;0;0;0;0;0;0;0;0;0;0;0;0;0;0;0;0;0;0;0;0;0;0;0;0;0;30;35;20;45;30;30;20;45;30;25;20;45;30;25;20;45;200;228;100;300;200;224;100;300;200;0;100;300;200;0;100;300;30;34;20;45;30;30;20;45;30;26;20;45;30;28;20;45;200;243;100;300;200;241;100;300;200;0;100;300;200;0;100;300;4;2;0.4;6;4;5;0.4;6;4;2;0.4;6;4;5;0.4;6;4;2;0.4;6;4;5;0.4;6;4;2;0.4;6;4;6;0.4;6;NOK;NOK;OK;10000;10037;8000;11000;OK;8.65;0;8;12;NOK;N/A;1.95;N/A;N/A;N/A;9;11.6;7;18;OK;;0;0;0;-;Disabled;TempOk;1;230;120.5;0;0;0;349.9;441543200 volvo 589-1;441543200 volvo 589-1;441543200 volvo 589-1
20260331_23:15:40;26719;3;3;940;934.3;910;970;OK;940;945.3;910;970;OK;945.9;945.4;-20;-16.8;-50;-25;NOK;-20;-15.3;-50;-25;NOK;-16.5;-16.3;0;-20;-16.7;-50;-25;NOK;330;341;330;500;OK;0;0;N/A;N/A;N/A;N/A;N/A;N/A;N/A;N/A;N/A;N/A;N/A;N/A;N/A;N/A;N/A;N/A;N/A;N/A;N/A;N/A;N/A;N/A;N/A;N/A;N/A;N/A;N/A;N/A;N/A;N/A;N/A;N/A;N/A;N/A;N/A;N/A;N/A;N/A;N/A;N/A;N/A;N/A;N/A;N/A;N/A;N/A;N/A;N/A;N/A;N/A;N/A;N/A;N/A;N/A;N/A;N/A;N/A;N/A;N/A;N/A;N/A;N/A;N/A;N/A;N/A;N/A;N/A;N/A;N/A;N/A;N/A;N/A;N/A;N/A;N/A;N/A;N/A;N/A;N/A;N/A;N/A;N/A;N/A;N/A;N/A;N/A;N/A;N/A;N/A;N/A;N/A;N/A;N/A;N/A;N/A;N/A;N/A;N/A;;0;458.9;0;0;;Disabled;NotOk;1;700;460.4;0;0;0;549.9;449.9;Enabled;PosOk;1;0;0;0;0;0;15;Disabled;0;0;0;0;0;0;0;0;0;0;0;0;0;0;0;0;0;0;0;0;0;0;0;0;0;0;0;0;0;0;0;0;0;0;0;0;0;0;0;0;0;0;0;0;0;0;0;0;0;0;0;0;0;0;0;0;0;0;0;0;0;0;0;0;0;0;0;0;0;0;30;34;20;45;30;30;20;45;30;25;20;45;30;25;20;45;200;227;100;300;200;224;100;300;200;0;100;300;200;0;100;300;30;34;20;45;30;30;20;45;30;26;20;45;30;28;20;45;200;242;100;300;200;240;100;300;200;0;100;300;200;0;100;300;4;2;0.4;6;4;5;0.4;6;4;2;0.4;6;4;6;0.4;6;4;2;0.4;6;4;6;0.4;6;4;2;0.4;6;4;6;0.4;6;NOK;NOK;OK;10000;10021;8000;11000;OK;8.64;0;8;12;NOK;N/A;1.95;N/A;N/A;N/A;9;11.8;7;18;OK;;0;0;0;-;Disabled;TempOk;1;230;125.9;0;0;0;349.9;441543200 volvo 589-1;441543200 volvo 589-1;441543200 volvo 589-1
20260331_23:16:02;26720;4;3;940;939.6;910;970;OK;940;948.4;910;970;OK;948.5;948.5;-15;-12.3;-50;-5;OK;-15;-12.3;-50;-5;OK;-15.7;-14.9;0;-15;-12.3;-50;-5;OK;330;341;330;500;OK;276.31;276.82;N/A;N/A;N/A;N/A;N/A;N/A;N/A;N/A;N/A;N/A;N/A;N/A;N/A;N/A;N/A;N/A;N/A;N/A;N/A;N/A;N/A;N/A;N/A;N/A;N/A;N/A;N/A;N/A;N/A;N/A;N/A;N/A;N/A;N/A;N/A;N/A;N/A;N/A;N/A;N/A;N/A;N/A;N/A;N/A;N/A;N/A;N/A;N/A;N/A;N/A;N/A;N/A;N/A;N/A;N/A;N/A;N/A;N/A;N/A;N/A;N/A;N/A;N/A;N/A;N/A;N/A;N/A;N/A;N/A;N/A;N/A;N/A;N/A;N/A;N/A;N/A;N/A;N/A;N/A;N/A;N/A;N/A;N/A;N/A;N/A;N/A;N/A;N/A;N/A;N/A;N/A;N/A;N/A;N/A;N/A;N/A;N/A;N/A;;0;461.4;0;0;;Disabled;NotOk;1;700;462.2;0;0;0;549.9;449.9;Enabled;PosOk;1;0;0;0;0;0;15;Disabled;0;0;0;0;0;0;0;0;0;0;0;0;0;0;0;0;0;0;0;0;0;0;0;0;0;0;0;0;0;0;0;0;0;0;0;0;0;0;0;0;0;0;0;0;0;0;0;0;0;0;0;0;0;0;0;0;0;0;0;0;0;0;0;0;0;0;0;0;0;0;30;35;20;45;30;29;20;45;30;25;20;45;30;25;20;45;200;229;100;300;200;225;100;300;200;0;100;300;200;0;100;300;30;34;20;45;30;29;20;45;30;26;20;45;30;28;20;45;200;243;100;300;200;241;100;300;200;0;100;300;200;0;100;300;4;2;0.4;6;4;5;0.4;6;4;2;0.4;6;4;5;0.4;6;4;2;0.4;6;4;6;0.4;6;4;2;0.4;6;4;6;0.4;6;NOK;NOK;OK;10000;10042;8000;11000;OK;8.65;0;8;12;NOK;N/A;1.95;N/A;N/A;N/A;9;11.6;7;18;OK;;0;0;0;-;Disabled;TempOk;1;230;115.9;0;0;0;349.9;441543200 volvo 589-1;441543200 volvo 589-1;441543200 volvo 589-1
20260331_23:16:24;26721;1;4;940;934.7;910;970;OK;940;941.1;910;970;OK;941;941.2;-20;-11.6;-50;-25;NOK;-20;-10.5;-50;-25;NOK;-12.7;-10.8;0;-20;-11.6;-50;-25;NOK;330;341;330;500;OK;0;0;N/A;N/A;N/A;N/A;N/A;N/A;N/A;N/A;N/A;N/A;N/A;N/A;N/A;N/A;N/A;N/A;N/A;N/A;N/A;N/A;N/A;N/A;N/A;N/A;N/A;N/A;N/A;N/A;N/A;N/A;N/A;N/A;N/A;N/A;N/A;N/A;N/A;N/A;N/A;N/A;N/A;N/A;N/A;N/A;N/A;N/A;N/A;N/A;N/A;N/A;N/A;N/A;N/A;N/A;N/A;N/A;N/A;N/A;N/A;N/A;N/A;N/A;N/A;N/A;N/A;N/A;N/A;N/A;N/A;N/A;N/A;N/A;N/A;N/A;N/A;N/A;N/A;N/A;N/A;N/A;N/A;N/A;N/A;N/A;N/A;N/A;N/A;N/A;N/A;N/A;N/A;N/A;N/A;N/A;N/A;N/A;N/A;N/A;;0;464.7;0;0;;Disabled;NotOk;1;700;465.1;0;0;0;549.9;449.9;Enabled;PosOk;1;0;0;0;0;0;15;Disabled;0;0;0;0;0;0;0;0;0;0;0;0;0;0;0;0;0;0;0;0;0;0;0;0;0;0;0;0;0;0;0;0;0;0;0;0;0;0;0;0;0;0;0;0;0;0;0;0;0;0;0;0;0;0;0;0;0;0;0;0;0;0;0;0;0;0;0;0;0;0;30;34;20;45;30;29;20;45;30;25;20;45;30;25;20;45;200;227;100;300;200;224;100;300;200;0;100;300;200;0;100;300;30;34;20;45;30;30;20;45;30;26;20;45;30;28;20;45;200;242;100;300;200;241;100;300;200;0;100;300;200;0;100;300;4;2;0.4;6;4;5;0.4;6;4;2;0.4;6;4;5;0.4;6;4;2;0.4;6;4;5;0.4;6;4;2;0.4;6;4;6;0.4;6;NOK;NOK;OK;10000;10051;8000;11000;OK;8.65;0;8;12;NOK;N/A;1.95;N/A;N/A;N/A;9;10.7;7;18;OK;;0;0;0;-;Disabled;TempOk;1;230;126.2;0;0;0;349.9;441543200 volvo 589-1;441543200 volvo 589-1;441543200 volvo 589-1
20260331_23:16:46;26722;2;4;940;933.4;910;970;OK;940;942.8;910;970;OK;942.4;943;-15;-17.8;-50;-20;NOK;-15;-17;-50;-20;NOK;-16.6;-16.9;0;-15;-17.8;-50;-20;NOK;330;341;330;500;OK;0;0;N/A;N/A;N/A;N/A;N/A;N/A;N/A;N/A;N/A;N/A;N/A;N/A;N/A;N/A;N/A;N/A;N/A;N/A;N/A;N/A;N/A;N/A;N/A;N/A;N/A;N/A;N/A;N/A;N/A;N/A;N/A;N/A;N/A;N/A;N/A;N/A;N/A;N/A;N/A;N/A;N/A;N/A;N/A;N/A;N/A;N/A;N/A;N/A;N/A;N/A;N/A;N/A;N/A;N/A;N/A;N/A;N/A;N/A;N/A;N/A;N/A;N/A;N/A;N/A;N/A;N/A;N/A;N/A;N/A;N/A;N/A;N/A;N/A;N/A;N/A;N/A;N/A;N/A;N/A;N/A;N/A;N/A;N/A;N/A;N/A;N/A;N/A;N/A;N/A;N/A;N/A;N/A;N/A;N/A;N/A;N/A;N/A;N/A;;0;456.1;0;0;;Disabled;NotOk;1;700;456.2;0;0;0;549.9;449.9;Enabled;PosOk;1;0;0;0;0;0;15;Disabled;0;0;0;0;0;0;0;0;0;0;0;0;0;0;0;0;0;0;0;0;0;0;0;0;0;0;0;0;0;0;0;0;0;0;0;0;0;0;0;0;0;0;0;0;0;0;0;0;0;0;0;0;0;0;0;0;0;0;0;0;0;0;0;0;0;0;0;0;0;0;30;34;20;45;30;29;20;45;30;25;20;45;30;25;20;45;200;227;100;300;200;223;100;300;200;0;100;300;200;0;100;300;30;34;20;45;30;29;20;45;30;26;20;45;30;28;20;45;200;243;100;300;200;240;100;300;200;0;100;300;200;0;100;300;4;2;0.4;6;4;5;0.4;6;4;2;0.4;6;4;6;0.4;6;4;2;0.4;6;4;5;0.4;6;4;2;0.4;6;4;6;0.4;6;NOK;NOK;OK;10000;10032;8000;11000;OK;8.64;0;8;12;NOK;N/A;1.95;N/A;N/A;N/A;9;11.6;7;18;OK;;0;0;0;-;Disabled;TempOk;1;230;114.6;0;0;0;349.9;441543200 volvo 589-1;441543200 volvo 589-1;441543200 volvo 589-1
20260331_23:17:08;26723;3;4;940;933.3;910;970;OK;940;943;910;970;OK;943.8;943.3;-20;-14.2;-50;-25;NOK;-20;-13.9;-50;-25;NOK;-16.8;-16.7;0;-20;-14.1;-50;-25;NOK;330;341;330;500;OK;0;0;N/A;N/A;N/A;N/A;N/A;N/A;N/A;N/A;N/A;N/A;N/A;N/A;N/A;N/A;N/A;N/A;N/A;N/A;N/A;N/A;N/A;N/A;N/A;N/A;N/A;N/A;N/A;N/A;N/A;N/A;N/A;N/A;N/A;N/A;N/A;N/A;N/A;N/A;N/A;N/A;N/A;N/A;N/A;N/A;N/A;N/A;N/A;N/A;N/A;N/A;N/A;N/A;N/A;N/A;N/A;N/A;N/A;N/A;N/A;N/A;N/A;N/A;N/A;N/A;N/A;N/A;N/A;N/A;N/A;N/A;N/A;N/A;N/A;N/A;N/A;N/A;N/A;N/A;N/A;N/A;N/A;N/A;N/A;N/A;N/A;N/A;N/A;N/A;N/A;N/A;N/A;N/A;N/A;N/A;N/A;N/A;N/A;N/A;;0;453.2;0;0;;Disabled;NotOk;1;700;453.4;0;0;0;549.9;449.9;Enabled;PosOk;1;0;0;0;0;0;15;Disabled;0;0;0;0;0;0;0;0;0;0;0;0;0;0;0;0;0;0;0;0;0;0;0;0;0;0;0;0;0;0;0;0;0;0;0;0;0;0;0;0;0;0;0;0;0;0;0;0;0;0;0;0;0;0;0;0;0;0;0;0;0;0;0;0;0;0;0;0;0;0;30;34;20;45;30;29;20;45;30;25;20;45;30;25;20;45;200;227;100;300;200;224;100;300;200;0;100;300;200;0;100;300;30;34;20;45;30;29;20;45;30;26;20;45;30;28;20;45;200;242;100;300;200;240;100;300;200;0;100;300;200;0;100;300;4;2;0.4;6;4;5;0.4;6;4;2;0.4;6;4;6;0.4;6;4;2;0.4;6;4;6;0.4;6;4;2;0.4;6;4;6;0.4;6;NOK;NOK;OK;10000;10050;8000;11000;OK;8.65;0;8;12;NOK;N/A;1.95;N/A;N/A;N/A;9;11.2;7;18;OK;;0;0;0;-;Disabled;TempOk;1;230;122.1;0;0;0;349.9;441543200 volvo 589-1;441543200 volvo 589-1;441543200 volvo 589-1
20260331_23:17:30;26724;2;1;940;934.2;910;970;OK;940;943.7;910;970;OK;942.1;941;-15;-16.9;-50;-20;NOK;-15;-16.6;-50;-20;NOK;-14.6;-15.3;0;-15;-16.9;-50;-20;NOK;330;341;330;500;OK;0;0;N/A;N/A;N/A;N/A;N/A;N/A;N/A;N/A;N/A;N/A;N/A;N/A;N/A;N/A;N/A;N/A;N/A;N/A;N/A;N/A;N/A;N/A;N/A;N/A;N/A;N/A;N/A;N/A;N/A;N/A;N/A;N/A;N/A;N/A;N/A;N/A;N/A;N/A;N/A;N/A;N/A;N/A;N/A;N/A;N/A;N/A;N/A;N/A;N/A;N/A;N/A;N/A;N/A;N/A;N/A;N/A;N/A;N/A;N/A;N/A;N/A;N/A;N/A;N/A;N/A;N/A;N/A;N/A;N/A;N/A;N/A;N/A;N/A;N/A;N/A;N/A;N/A;N/A;N/A;N/A;N/A;N/A;N/A;N/A;N/A;N/A;N/A;N/A;N/A;N/A;N/A;N/A;N/A;N/A;N/A;N/A;N/A;N/A;;0;451.9;0;0;;Disabled;NotOk;1;700;451.1;0;0;0;549.9;449.9;Enabled;PosOk;1;0;0;0;0;0;15;Disabled;0;0;0;0;0;0;0;0;0;0;0;0;0;0;0;0;0;0;0;0;0;0;0;0;0;0;0;0;0;0;0;0;0;0;0;0;0;0;0;0;0;0;0;0;0;0;0;0;0;0;0;0;0;0;0;0;0;0;0;0;0;0;0;0;0;0;0;0;0;0;30;34;20;45;30;30;20;45;30;25;20;45;30;25;20;45;200;227;100;300;200;225;100;300;200;0;100;300;200;0;100;300;30;34;20;45;30;30;20;45;30;26;20;45;30;28;20;45;200;243;100;300;200;241;100;300;200;0;100;300;200;0;100;300;4;2;0.4;6;4;6;0.4;6;4;2;0.4;6;4;5;0.4;6;4;2;0.4;6;4;6;0.4;6;4;2;0.4;6;4;5;0.4;6;NOK;NOK;OK;10000;10034;8000;11000;OK;8.64;0;8;12;NOK;N/A;1.95;N/A;N/A;N/A;9;11.7;7;18;OK;;0;0;0;-;Disabled;TempOk;1;230;116.5;0;0;0;349.9;441543200 volvo 589-1;441543200 volvo 589-1;441543200 volvo 589-1
20260331_23:17:52;26725;1;1;940;934.5;910;970;OK;940;942.6;910;970;OK;944.2;943.1;-20;-16.5;-50;-25;NOK;-20;-15.5;-50;-25;NOK;-14.5;-14.8;0;-20;-16.6;-50;-25;NOK;330;341;330;500;OK;0;0;N/A;N/A;N/A;N/A;N/A;N/A;N/A;N/A;N/A;N/A;N/A;N/A;N/A;N/A;N/A;N/A;N/A;N/A;N/A;N/A;N/A;N/A;N/A;N/A;N/A;N/A;N/A;N/A;N/A;N/A;N/A;N/A;N/A;N/A;N/A;N/A;N/A;N/A;N/A;N/A;N/A;N/A;N/A;N/A;N/A;N/A;N/A;N/A;N/A;N/A;N/A;N/A;N/A;N/A;N/A;N/A;N/A;N/A;N/A;N/A;N/A;N/A;N/A;N/A;N/A;N/A;N/A;N/A;N/A;N/A;N/A;N/A;N/A;N/A;N/A;N/A;N/A;N/A;N/A;N/A;N/A;N/A;N/A;N/A;N/A;N/A;N/A;N/A;N/A;N/A;N/A;N/A;N/A;N/A;N/A;N/A;N/A;N/A;;0;455.7;0;0;;Disabled;NotOk;1;700;455.6;0;0;0;549.9;449.9;Enabled;PosOk;1;0;0;0;0;0;15;Disabled;0;0;0;0;0;0;0;0;0;0;0;0;0;0;0;0;0;0;0;0;0;0;0;0;0;0;0;0;0;0;0;0;0;0;0;0;0;0;0;0;0;0;0;0;0;0;0;0;0;0;0;0;0;0;0;0;0;0;0;0;0;0;0;0;0;0;0;0;0;0;30;34;20;45;30;30;20;45;30;25;20;45;30;25;20;45;200;227;100;300;200;224;100;300;200;0;100;300;200;0;100;300;30;34;20;45;30;30;20;45;30;26;20;45;30;28;20;45;200;243;100;300;200;240;100;300;200;0;100;300;200;0;100;300;4;2;0.4;6;4;6;0.4;6;4;2;0.4;6;4;6;0.4;6;4;2;0.4;6;4;6;0.4;6;4;2;0.4;6;4;6;0.4;6;NOK;NOK;OK;10000;10048;8000;11000;OK;8.66;0;8;12;NOK;N/A;1.95;N/A;N/A;N/A;9;11.3;7;18;OK;;0;0;0;-;Disabled;TempOk;1;230;114.9;0;0;0;349.9;441543200 volvo 589-1;441543200 volvo 589-1;441543200 volvo 589-1
20260331_23:18:14;26726;4;4;940;924.9;910;970;OK;940;947.6;910;970;OK;947.8;947.6;-15;-10.4;-50;-5;OK;-15;-8.7;-50;-5;OK;-8.6;-6.4;0;-15;-10.5;-50;-5;OK;330;341;330;500;OK;276.49;277.03;N/A;N/A;N/A;N/A;N/A;N/A;N/A;N/A;N/A;N/A;N/A;N/A;N/A;N/A;N/A;N/A;N/A;N/A;N/A;N/A;N/A;N/A;N/A;N/A;N/A;N/A;N/A;N/A;N/A;N/A;N/A;N/A;N/A;N/A;N/A;N/A;N/A;N/A;N/A;N/A;N/A;N/A;N/A;N/A;N/A;N/A;N/A;N/A;N/A;N/A;N/A;N/A;N/A;N/A;N/A;N/A;N/A;N/A;N/A;N/A;N/A;N/A;N/A;N/A;N/A;N/A;N/A;N/A;N/A;N/A;N/A;N/A;N/A;N/A;N/A;N/A;N/A;N/A;N/A;N/A;N/A;N/A;N/A;N/A;N/A;N/A;N/A;N/A;N/A;N/A;N/A;N/A;N/A;N/A;N/A;N/A;N/A;N/A;;0;455.8;0;0;;Disabled;NotOk;1;700;455.5;0;0;0;549.9;449.9;Enabled;PosOk;1;0;0;0;0;0;15;Disabled;0;0;0;0;0;0;0;0;0;0;0;0;0;0;0;0;0;0;0;0;0;0;0;0;0;0;0;0;0;0;0;0;0;0;0;0;0;0;0;0;0;0;0;0;0;0;0;0;0;0;0;0;0;0;0;0;0;0;0;0;0;0;0;0;0;0;0;0;0;0;30;35;20;45;30;30;20;45;30;25;20;45;30;25;20;45;200;228;100;300;200;224;100;300;200;0;100;300;200;0;100;300;30;34;20;45;30;30;20;45;30;26;20;45;30;28;20;45;200;243;100;300;200;241;100;300;200;0;100;300;200;0;100;300;4;2;0.4;6;4;5;0.4;6;4;2;0.4;6;4;5;0.4;6;4;2;0.4;6;4;5;0.4;6;4;2;0.4;6;4;6;0.4;6;NOK;NOK;OK;10000;10045;8000;11000;OK;8.65;0;8;12;NOK;N/A;1.95;N/A;N/A;N/A;9;11.7;7;18;OK;;0;0;0;-;Disabled;TempOk;1;230;125.1;0;0;0;349.9;441543200 volvo 589-1;441543200 volvo 589-1;441543200 volvo 589-1
20260331_23:18:36;26727;1;2;940;935.6;910;970;OK;940;946.6;910;970;OK;947.5;946.8;-20;-16.8;-50;-25;NOK;-20;-15.6;-50;-25;NOK;-14;-14.7;0;-20;-16.8;-50;-25;NOK;330;341;330;500;OK;0;0;N/A;N/A;N/A;N/A;N/A;N/A;N/A;N/A;N/A;N/A;N/A;N/A;N/A;N/A;N/A;N/A;N/A;N/A;N/A;N/A;N/A;N/A;N/A;N/A;N/A;N/A;N/A;N/A;N/A;N/A;N/A;N/A;N/A;N/A;N/A;N/A;N/A;N/A;N/A;N/A;N/A;N/A;N/A;N/A;N/A;N/A;N/A;N/A;N/A;N/A;N/A;N/A;N/A;N/A;N/A;N/A;N/A;N/A;N/A;N/A;N/A;N/A;N/A;N/A;N/A;N/A;N/A;N/A;N/A;N/A;N/A;N/A;N/A;N/A;N/A;N/A;N/A;N/A;N/A;N/A;N/A;N/A;N/A;N/A;N/A;N/A;N/A;N/A;N/A;N/A;N/A;N/A;N/A;N/A;N/A;N/A;N/A;N/A;;0;464.7;0;0;;Disabled;NotOk;1;700;464;0;0;0;549.9;449.9;Enabled;PosOk;1;0;0;0;0;0;15;Disabled;0;0;0;0;0;0;0;0;0;0;0;0;0;0;0;0;0;0;0;0;0;0;0;0;0;0;0;0;0;0;0;0;0;0;0;0;0;0;0;0;0;0;0;0;0;0;0;0;0;0;0;0;0;0;0;0;0;0;0;0;0;0;0;0;0;0;0;0;0;0;30;34;20;45;30;29;20;45;30;25;20;45;30;25;20;45;200;227;100;300;200;224;100;300;200;0;100;300;200;0;100;300;30;34;20;45;30;29;20;45;30;26;20;45;30;28;20;45;200;243;100;300;200;240;100;300;200;0;100;300;200;0;100;300;4;2;0.4;6;4;5;0.4;6;4;2;0.4;6;4;5;0.4;6;4;2;0.4;6;4;5;0.4;6;4;2;0.4;6;4;6;0.4;6;NOK;NOK;OK;10000;10047;8000;11000;OK;8.65;0;8;12;NOK;N/A;1.95;N/A;N/A;N/A;9;10.9;7;18;OK;;0;0;0;-;Disabled;TempOk;1;230;117.4;0;0;0;349.9;441543200 volvo 589-1;441543200 volvo 589-1;441543200 volvo 589-1
20260331_23:18:58;26728;4;1;940;934.7;910;970;OK;940;945;910;970;OK;944.5;944.5;-15;-15.4;-50;-5;OK;-15;-15.6;-50;-5;OK;-16.5;-16.4;0;-15;-15.4;-50;-5;OK;330;341;330;500;OK;276.55;277.1;N/A;N/A;N/A;N/A;N/A;N/A;N/A;N/A;N/A;N/A;N/A;N/A;N/A;N/A;N/A;N/A;N/A;N/A;N/A;N/A;N/A;N/A;N/A;N/A;N/A;N/A;N/A;N/A;N/A;N/A;N/A;N/A;N/A;N/A;N/A;N/A;N/A;N/A;N/A;N/A;N/A;N/A;N/A;N/A;N/A;N/A;N/A;N/A;N/A;N/A;N/A;N/A;N/A;N/A;N/A;N/A;N/A;N/A;N/A;N/A;N/A;N/A;N/A;N/A;N/A;N/A;N/A;N/A;N/A;N/A;N/A;N/A;N/A;N/A;N/A;N/A;N/A;N/A;N/A;N/A;N/A;N/A;N/A;N/A;N/A;N/A;N/A;N/A;N/A;N/A;N/A;N/A;N/A;N/A;N/A;N/A;N/A;N/A;;0;452.8;0;0;;Disabled;NotOk;1;700;452.5;0;0;0;549.9;449.9;Enabled;PosOk;1;0;0;0;0;0;15;Disabled;0;0;0;0;0;0;0;0;0;0;0;0;0;0;0;0;0;0;0;0;0;0;0;0;0;0;0;0;0;0;0;0;0;0;0;0;0;0;0;0;0;0;0;0;0;0;0;0;0;0;0;0;0;0;0;0;0;0;0;0;0;0;0;0;0;0;0;0;0;0;30;34;20;45;30;29;20;45;30;25;20;45;30;25;20;45;200;228;100;300;200;224;100;300;200;0;100;300;200;0;100;300;30;34;20;45;30;29;20;45;30;26;20;45;30;28;20;45;200;243;100;300;200;241;100;300;200;0;100;300;200;0;100;300;4;2;0.4;6;4;5;0.4;6;4;2;0.4;6;4;6;0.4;6;4;2;0.4;6;4;5;0.4;6;4;2;0.4;6;4;6;0.4;6;NOK;NOK;OK;10000;10029;8000;11000;OK;8.64;0;8;12;NOK;N/A;1.95;N/A;N/A;N/A;9;11.7;7;18;OK;;0;0;0;-;Disabled;TempOk;1;230;119.8;0;0;0;349.9;441543200 volvo 589-1;441543200 volvo 589-1;441543200 volvo 589-1
20260331_23:19:20;26729;3;2;940;932.1;910;970;OK;940;941.5;910;970;OK;942.2;941.3;-20;-19.8;-50;-25;NOK;-20;-18.9;-50;-25;NOK;-17.1;-17.8;0;-20;-19.9;-50;-25;NOK;330;341;330;500;OK;0;0;N/A;N/A;N/A;N/A;N/A;N/A;N/A;N/A;N/A;N/A;N/A;N/A;N/A;N/A;N/A;N/A;N/A;N/A;N/A;N/A;N/A;N/A;N/A;N/A;N/A;N/A;N/A;N/A;N/A;N/A;N/A;N/A;N/A;N/A;N/A;N/A;N/A;N/A;N/A;N/A;N/A;N/A;N/A;N/A;N/A;N/A;N/A;N/A;N/A;N/A;N/A;N/A;N/A;N/A;N/A;N/A;N/A;N/A;N/A;N/A;N/A;N/A;N/A;N/A;N/A;N/A;N/A;N/A;N/A;N/A;N/A;N/A;N/A;N/A;N/A;N/A;N/A;N/A;N/A;N/A;N/A;N/A;N/A;N/A;N/A;N/A;N/A;N/A;N/A;N/A;N/A;N/A;N/A;N/A;N/A;N/A;N/A;N/A;;0;460.9;0;0;;Disabled;NotOk;1;700;460.8;0;0;0;549.9;449.9;Enabled;PosOk;1;0;0;0;0;0;15;Disabled;0;0;0;0;0;0;0;0;0;0;0;0;0;0;0;0;0;0;0;0;0;0;0;0;0;0;0;0;0;0;0;0;0;0;0;0;0;0;0;0;0;0;0;0;0;0;0;0;0;0;0;0;0;0;0;0;0;0;0;0;0;0;0;0;0;0;0;0;0;0;30;34;20;45;30;29;20;45;30;25;20;45;30;25;20;45;200;228;100;300;200;224;100;300;200;0;100;300;200;0;100;300;30;34;20;45;30;30;20;45;30;26;20;45;30;28;20;45;200;243;100;300;200;241;100;300;200;0;100;300;200;1;100;300;4;2;0.4;6;4;5;0.4;6;4;2;0.4;6;4;5;0.4;6;4;2;0.4;6;4;5;0.4;6;4;2;0.4;6;4;6;0.4;6;NOK;NOK;OK;10000;10040;8000;11000;OK;8.65;0;8;12;NOK;N/A;1.95;N/A;N/A;N/A;9;11.7;7;18;OK;;0;0;0;-;Disabled;TempOk;1;230;117.8;0;0;0;349.9;441543200 volvo 589-1;441543200 volvo 589-1;441543200 volvo 589-1
20260331_23:19:42;26730;2;2;940;935.2;910;970;OK;940;942.9;910;970;OK;944.4;943.6;-15;-14.9;-50;-20;NOK;-15;-15.9;-50;-20;NOK;-16.6;-16.7;0;-15;-14.9;-50;-20;NOK;330;341;330;500;OK;0;0;N/A;N/A;N/A;N/A;N/A;N/A;N/A;N/A;N/A;N/A;N/A;N/A;N/A;N/A;N/A;N/A;N/A;N/A;N/A;N/A;N/A;N/A;N/A;N/A;N/A;N/A;N/A;N/A;N/A;N/A;N/A;N/A;N/A;N/A;N/A;N/A;N/A;N/A;N/A;N/A;N/A;N/A;N/A;N/A;N/A;N/A;N/A;N/A;N/A;N/A;N/A;N/A;N/A;N/A;N/A;N/A;N/A;N/A;N/A;N/A;N/A;N/A;N/A;N/A;N/A;N/A;N/A;N/A;N/A;N/A;N/A;N/A;N/A;N/A;N/A;N/A;N/A;N/A;N/A;N/A;N/A;N/A;N/A;N/A;N/A;N/A;N/A;N/A;N/A;N/A;N/A;N/A;N/A;N/A;N/A;N/A;N/A;N/A;;0;453.9;0;0;;Disabled;NotOk;1;700;453.4;0;0;0;549.9;449.9;Enabled;PosOk;1;0;0;0;0;0;15;Disabled;0;0;0;0;0;0;0;0;0;0;0;0;0;0;0;0;0;0;0;0;0;0;0;0;0;0;0;0;0;0;0;0;0;0;0;0;0;0;0;0;0;0;0;0;0;0;0;0;0;0;0;0;0;0;0;0;0;0;0;0;0;0;0;0;0;0;0;0;0;0;30;34;20;45;30;30;20;45;30;25;20;45;30;25;20;45;200;227;100;300;200;224;100;300;200;0;100;300;200;0;100;300;30;34;20;45;30;30;20;45;30;26;20;45;30;28;20;45;200;243;100;300;200;241;100;300;200;0;100;300;200;0;100;300;4;2;0.4;6;4;5;0.4;6;4;2;0.4;6;4;5;0.4;6;4;2;0.4;6;4;5;0.4;6;4;2;0.4;6;4;6;0.4;6;NOK;NOK;OK;10000;10035;8000;11000;OK;8.64;0;8;12;NOK;N/A;1.95;N/A;N/A;N/A;9;11.6;7;18;OK;;0;0;0;-;Disabled;TempOk;1;230;120.6;0;0;0;349.9;441543200 volvo 589-1;441543200 volvo 589-1;441543200 volvo 589-1
20260331_23:20:04;26731;1;3;940;935.7;910;970;OK;940;946.9;910;970;OK;947.8;947.2;-20;-12.4;-50;-25;NOK;-20;-12.4;-50;-25;NOK;-16.6;-15.8;0;-20;-12.3;-50;-25;NOK;330;341;330;500;OK;0;0;N/A;N/A;N/A;N/A;N/A;N/A;N/A;N/A;N/A;N/A;N/A;N/A;N/A;N/A;N/A;N/A;N/A;N/A;N/A;N/A;N/A;N/A;N/A;N/A;N/A;N/A;N/A;N/A;N/A;N/A;N/A;N/A;N/A;N/A;N/A;N/A;N/A;N/A;N/A;N/A;N/A;N/A;N/A;N/A;N/A;N/A;N/A;N/A;N/A;N/A;N/A;N/A;N/A;N/A;N/A;N/A;N/A;N/A;N/A;N/A;N/A;N/A;N/A;N/A;N/A;N/A;N/A;N/A;N/A;N/A;N/A;N/A;N/A;N/A;N/A;N/A;N/A;N/A;N/A;N/A;N/A;N/A;N/A;N/A;N/A;N/A;N/A;N/A;N/A;N/A;N/A;N/A;N/A;N/A;N/A;N/A;N/A;N/A;;0;466.6;0;0;;Disabled;NotOk;1;700;466;0;0;0;549.9;449.9;Enabled;PosOk;1;0;0;0;0;0;15;Disabled;0;0;0;0;0;0;0;0;0;0;0;0;0;0;0;0;0;0;0;0;0;0;0;0;0;0;0;0;0;0;0;0;0;0;0;0;0;0;0;0;0;0;0;0;0;0;0;0;0;0;0;0;0;0;0;0;0;0;0;0;0;0;0;0;0;0;0;0;0;0;30;34;20;45;30;30;20;45;30;25;20;45;30;25;20;45;200;227;100;300;200;224;100;300;200;0;100;300;200;0;100;300;30;34;20;45;30;30;20;45;30;26;20;45;30;28;20;45;200;243;100;300;200;240;100;300;200;0;100;300;200;0;100;300;4;2;0.4;6;4;5;0.4;6;4;2;0.4;6;4;5;0.4;6;4;2;0.4;6;4;6;0.4;6;4;2;0.4;6;4;6;0.4;6;NOK;NOK;OK;10000;10028;8000;11000;OK;8.64;0;8;12;NOK;N/A;1.95;N/A;N/A;N/A;9;10.6;7;18;OK;;0;0;0;-;Disabled;TempOk;1;230;121;0;0;0;349.9;441543200 volvo 589-1;441543200 volvo 589-1;441543200 volvo 589-1
20260331_23:20:26;26732;4;2;940;946.4;910;970;OK;940;953.3;910;970;OK;950.5;951.5;-15;-15.4;-50;-5;OK;-15;-16.5;-50;-5;OK;-16.8;-17.3;0;-15;-15.2;-50;-5;OK;330;341;330;500;OK;276.68;277.25;N/A;N/A;N/A;N/A;N/A;N/A;N/A;N/A;N/A;N/A;N/A;N/A;N/A;N/A;N/A;N/A;N/A;N/A;N/A;N/A;N/A;N/A;N/A;N/A;N/A;N/A;N/A;N/A;N/A;N/A;N/A;N/A;N/A;N/A;N/A;N/A;N/A;N/A;N/A;N/A;N/A;N/A;N/A;N/A;N/A;N/A;N/A;N/A;N/A;N/A;N/A;N/A;N/A;N/A;N/A;N/A;N/A;N/A;N/A;N/A;N/A;N/A;N/A;N/A;N/A;N/A;N/A;N/A;N/A;N/A;N/A;N/A;N/A;N/A;N/A;N/A;N/A;N/A;N/A;N/A;N/A;N/A;N/A;N/A;N/A;N/A;N/A;N/A;N/A;N/A;N/A;N/A;N/A;N/A;N/A;N/A;N/A;N/A;;0;450;0;0;;Disabled;TempStop;1;700;449.9;0;0;0;549.9;449.9;Enabled;PosOk;1;0;0;0;0;0;15;Disabled;0;0;0;0;0;0;0;0;0;0;0;0;0;0;0;0;0;0;0;0;0;0;0;0;0;0;0;0;0;0;0;0;0;0;0;0;0;0;0;0;0;0;0;0;0;0;0;0;0;0;0;0;0;0;0;0;0;0;0;0;0;0;0;0;0;0;0;0;0;0;30;35;20;45;30;30;20;45;30;25;20;45;30;25;20;45;200;228;100;300;200;224;100;300;200;0;100;300;200;0;100;300;30;34;20;45;30;30;20;45;30;26;20;45;30;28;20;45;200;243;100;300;200;240;100;300;200;0;100;300;200;0;100;300;4;2;0.4;6;4;5;0.4;6;4;2;0.4;6;4;6;0.4;6;4;2;0.4;6;4;5;0.4;6;4;2;0.4;6;4;6;0.4;6;NOK;NOK;OK;10000;10054;8000;11000;OK;8.65;0;8;12;NOK;N/A;1.95;N/A;N/A;N/A;9;11.7;7;18;OK;;0;0;0;-;Disabled;TempOk;1;230;117.9;0;0;0;349.9;441543200 volvo 589-1;441543200 volvo 589-1;441543200 volvo 589-1
20260331_23:20:49;26733;3;5;940;936.8;910;970;OK;940;944.8;910;970;OK;949;947;-20;-16;-50;-25;NOK;-20;-14.9;-50;-25;NOK;-12.6;-13.4;0;-20;-16.1;-50;-25;NOK;330;341;330;500;OK;0;0;N/A;N/A;N/A;N/A;N/A;N/A;N/A;N/A;N/A;N/A;N/A;N/A;N/A;N/A;N/A;N/A;N/A;N/A;N/A;N/A;N/A;N/A;N/A;N/A;N/A;N/A;N/A;N/A;N/A;N/A;N/A;N/A;N/A;N/A;N/A;N/A;N/A;N/A;N/A;N/A;N/A;N/A;N/A;N/A;N/A;N/A;N/A;N/A;N/A;N/A;N/A;N/A;N/A;N/A;N/A;N/A;N/A;N/A;N/A;N/A;N/A;N/A;N/A;N/A;N/A;N/A;N/A;N/A;N/A;N/A;N/A;N/A;N/A;N/A;N/A;N/A;N/A;N/A;N/A;N/A;N/A;N/A;N/A;N/A;N/A;N/A;N/A;N/A;N/A;N/A;N/A;N/A;N/A;N/A;N/A;N/A;N/A;N/A;;0;444.9;0;0;;Disabled;TempStop;1;700;444.8;0;0;0;549.9;449.9;Enabled;PosOk;1;0;0;0;0;0;15;Disabled;0;0;0;0;0;0;0;0;0;0;0;0;0;0;0;0;0;0;0;0;0;0;0;0;0;0;0;0;0;0;0;0;0;0;0;0;0;0;0;0;0;0;0;0;0;0;0;0;0;0;0;0;0;0;0;0;0;0;0;0;0;0;0;0;0;0;0;0;0;0;30;35;20;45;30;29;20;45;30;25;20;45;30;25;20;45;200;228;100;300;200;224;100;300;200;0;100;300;200;0;100;300;30;34;20;45;30;29;20;45;30;26;20;45;30;28;20;45;200;242;100;300;200;241;100;300;200;0;100;300;200;0;100;300;4;2;0.4;6;4;5;0.4;6;4;2;0.4;6;4;5;0.4;6;4;2;0.4;6;4;6;0.4;6;4;2;0.4;6;4;6;0.4;6;NOK;NOK;OK;10000;10048;8000;11000;OK;8.65;0;8;12;NOK;N/A;1.95;N/A;N/A;N/A;9;11.8;7;18;OK;;0;0;0;-;Disabled;TempOk;1;230;121.6;0;0;0;349.9;441543200 volvo 589-1;441543200 volvo 589-1;441543200 volvo 589-1
20260331_23:21:11;26734;2;3;940;923;910;970;OK;940;922.8;910;970;OK;916.1;920.4;-15;-15.1;-50;-20;NOK;-15;-15.1;-50;-20;NOK;-15.1;-15.2;0;-15;-15.1;-50;-20;NOK;330;341;330;500;OK;0;0;N/A;N/A;N/A;N/A;N/A;N/A;N/A;N/A;N/A;N/A;N/A;N/A;N/A;N/A;N/A;N/A;N/A;N/A;N/A;N/A;N/A;N/A;N/A;N/A;N/A;N/A;N/A;N/A;N/A;N/A;N/A;N/A;N/A;N/A;N/A;N/A;N/A;N/A;N/A;N/A;N/A;N/A;N/A;N/A;N/A;N/A;N/A;N/A;N/A;N/A;N/A;N/A;N/A;N/A;N/A;N/A;N/A;N/A;N/A;N/A;N/A;N/A;N/A;N/A;N/A;N/A;N/A;N/A;N/A;N/A;N/A;N/A;N/A;N/A;N/A;N/A;N/A;N/A;N/A;N/A;N/A;N/A;N/A;N/A;N/A;N/A;N/A;N/A;N/A;N/A;N/A;N/A;N/A;N/A;N/A;N/A;N/A;N/A;;0;446.7;0;0;;Disabled;TempStop;1;700;446.8;0;0;0;549.9;449.9;Enabled;PosOk;1;0;0;0;0;0;15;Disabled;0;0;0;0;0;0;0;0;0;0;0;0;0;0;0;0;0;0;0;0;0;0;0;0;0;0;0;0;0;0;0;0;0;0;0;0;0;0;0;0;0;0;0;0;0;0;0;0;0;0;0;0;0;0;0;0;0;0;0;0;0;0;0;0;0;0;0;0;0;0;30;34;20;45;30;29;20;45;30;25;20;45;30;25;20;45;200;228;100;300;200;224;100;300;200;0;100;300;200;0;100;300;30;34;20;45;30;29;20;45;30;26;20;45;30;28;20;45;200;243;100;300;200;241;100;300;200;0;100;300;200;0;100;300;4;2;0.4;6;4;5;0.4;6;4;2;0.4;6;4;6;0.4;6;4;2;0.4;6;4;5;0.4;6;4;2;0.4;6;4;6;0.4;6;NOK;NOK;OK;10000;10035;8000;11000;OK;8.64;0;8;12;NOK;N/A;1.95;N/A;N/A;N/A;9;11.7;7;18;OK;;0;0;0;-;Disabled;TempOk;1;230;120.5;0;0;0;349.9;441543200 volvo 589-1;441543200 volvo 589-1;441543200 volvo 589-1
20260331_23:21:33;26735;3;3;940;937.1;910;970;OK;940;947.6;910;970;OK;947.9;947.8;-20;-15;-50;-25;NOK;-20;-14.6;-50;-25;NOK;-15.6;-15.4;0;-20;-15;-50;-25;NOK;330;341;330;500;OK;0;0;N/A;N/A;N/A;N/A;N/A;N/A;N/A;N/A;N/A;N/A;N/A;N/A;N/A;N/A;N/A;N/A;N/A;N/A;N/A;N/A;N/A;N/A;N/A;N/A;N/A;N/A;N/A;N/A;N/A;N/A;N/A;N/A;N/A;N/A;N/A;N/A;N/A;N/A;N/A;N/A;N/A;N/A;N/A;N/A;N/A;N/A;N/A;N/A;N/A;N/A;N/A;N/A;N/A;N/A;N/A;N/A;N/A;N/A;N/A;N/A;N/A;N/A;N/A;N/A;N/A;N/A;N/A;N/A;N/A;N/A;N/A;N/A;N/A;N/A;N/A;N/A;N/A;N/A;N/A;N/A;N/A;N/A;N/A;N/A;N/A;N/A;N/A;N/A;N/A;N/A;N/A;N/A;N/A;N/A;N/A;N/A;N/A;N/A;;0;451.5;0;0;;Disabled;NotOk;1;700;451.6;0;0;0;549.9;449.9;Enabled;PosOk;1;0;0;0;0;0;15;Disabled;0;0;0;0;0;0;0;0;0;0;0;0;0;0;0;0;0;0;0;0;0;0;0;0;0;0;0;0;0;0;0;0;0;0;0;0;0;0;0;0;0;0;0;0;0;0;0;0;0;0;0;0;0;0;0;0;0;0;0;0;0;0;0;0;0;0;0;0;0;0;30;34;20;45;30;30;20;45;30;25;20;45;30;25;20;45;200;228;100;300;200;225;100;300;200;0;100;300;200;0;100;300;30;34;20;45;30;30;20;45;30;26;20;45;30;28;20;45;200;242;100;300;200;240;100;300;200;0;100;300;200;0;100;300;4;2;0.4;6;4;5;0.4;6;4;2;0.4;6;4;5;0.4;6;4;2;0.4;6;4;6;0.4;6;4;2;0.4;6;4;6;0.4;6;NOK;NOK;OK;10000;10033;8000;11000;OK;8.64;0;8;12;NOK;N/A;1.95;N/A;N/A;N/A;9;11.7;7;18;OK;;0;0;0;-;Disabled;TempOk;1;230;121.9;0;0;0;349.9;441543200 volvo 589-1;441543200 volvo 589-1;441543200 volvo 589-1
20260331_23:21:55;26736;4;3;940;941.3;910;970;OK;940;950.1;910;970;OK;949.8;950.1;-15;-11.9;-50;-5;OK;-15;-12.9;-50;-5;OK;-16.1;-15.7;0;-15;-11.9;-50;-5;OK;330;341;330;500;OK;276.84;277.42;N/A;N/A;N/A;N/A;N/A;N/A;N/A;N/A;N/A;N/A;N/A;N/A;N/A;N/A;N/A;N/A;N/A;N/A;N/A;N/A;N/A;N/A;N/A;N/A;N/A;N/A;N/A;N/A;N/A;N/A;N/A;N/A;N/A;N/A;N/A;N/A;N/A;N/A;N/A;N/A;N/A;N/A;N/A;N/A;N/A;N/A;N/A;N/A;N/A;N/A;N/A;N/A;N/A;N/A;N/A;N/A;N/A;N/A;N/A;N/A;N/A;N/A;N/A;N/A;N/A;N/A;N/A;N/A;N/A;N/A;N/A;N/A;N/A;N/A;N/A;N/A;N/A;N/A;N/A;N/A;N/A;N/A;N/A;N/A;N/A;N/A;N/A;N/A;N/A;N/A;N/A;N/A;N/A;N/A;N/A;N/A;N/A;N/A;;0;454.5;0;0;;Disabled;NotOk;1;700;454.5;0;0;0;549.9;449.9;Enabled;PosOk;1;0;0;0;0;0;15;Disabled;0;0;0;0;0;0;0;0;0;0;0;0;0;0;0;0;0;0;0;0;0;0;0;0;0;0;0;0;0;0;0;0;0;0;0;0;0;0;0;0;0;0;0;0;0;0;0;0;0;0;0;0;0;0;0;0;0;0;0;0;0;0;0;0;0;0;0;0;0;0;30;34;20;45;30;30;20;45;30;25;20;45;30;25;20;45;200;228;100;300;200;224;100;300;200;0;100;300;200;0;100;300;30;34;20;45;30;30;20;45;30;26;20;45;30;28;20;45;200;243;100;300;200;240;100;300;200;0;100;300;200;0;100;300;4;2;0.4;6;4;5;0.4;6;4;2;0.4;6;4;5;0.4;6;4;2;0.4;6;4;6;0.4;6;4;2;0.4;6;4;5;0.4;6;NOK;NOK;OK;10000;10040;8000;11000;OK;8.65;0;8;12;NOK;N/A;1.95;N/A;N/A;N/A;9;11.7;7;18;OK;;0;0;0;-;Disabled;TempOk;1;230;118.2;0;0;0;349.9;441543200 volvo 589-1;441543200 volvo 589-1;441543200 volvo 589-1
20260331_23:22:17;26737;1;4;940;934;910;970;OK;940;941.4;910;970;OK;941.8;941.3;-20;-10.8;-50;-25;NOK;-20;-10.2;-50;-25;NOK;-12;-10.4;0;-20;-10.8;-50;-25;NOK;330;341;330;500;OK;0;0;N/A;N/A;N/A;N/A;N/A;N/A;N/A;N/A;N/A;N/A;N/A;N/A;N/A;N/A;N/A;N/A;N/A;N/A;N/A;N/A;N/A;N/A;N/A;N/A;N/A;N/A;N/A;N/A;N/A;N/A;N/A;N/A;N/A;N/A;N/A;N/A;N/A;N/A;N/A;N/A;N/A;N/A;N/A;N/A;N/A;N/A;N/A;N/A;N/A;N/A;N/A;N/A;N/A;N/A;N/A;N/A;N/A;N/A;N/A;N/A;N/A;N/A;N/A;N/A;N/A;N/A;N/A;N/A;N/A;N/A;N/A;N/A;N/A;N/A;N/A;N/A;N/A;N/A;N/A;N/A;N/A;N/A;N/A;N/A;N/A;N/A;N/A;N/A;N/A;N/A;N/A;N/A;N/A;N/A;N/A;N/A;N/A;N/A;;0;451.5;0;0;;Disabled;NotOk;1;700;451.9;0;0;0;549.9;449.9;Enabled;PosOk;1;0;0;0;0;0;15;Disabled;0;0;0;0;0;0;0;0;0;0;0;0;0;0;0;0;0;0;0;0;0;0;0;0;0;0;0;0;0;0;0;0;0;0;0;0;0;0;0;0;0;0;0;0;0;0;0;0;0;0;0;0;0;0;0;0;0;0;0;0;0;0;0;0;0;0;0;0;0;0;30;35;20;45;30;30;20;45;30;25;20;45;30;25;20;45;200;227;100;300;200;224;100;300;200;0;100;300;200;0;100;300;30;34;20;45;30;30;20;45;30;26;20;45;30;28;20;45;200;243;100;300;200;240;100;300;200;0;100;300;200;0;100;300;4;2;0.4;6;4;5;0.4;6;4;2;0.4;6;4;5;0.4;6;4;2;0.4;6;4;5;0.4;6;4;2;0.4;6;4;6;0.4;6;NOK;NOK;OK;10000;10042;8000;11000;OK;8.65;0;8;12;NOK;N/A;1.95;N/A;N/A;N/A;9;10.7;7;18;OK;;0;0;0;-;Disabled;TempOk;1;230;123.4;0;0;0;349.9;441543200 volvo 589-1;441543200 volvo 589-1;441543200 volvo 589-1
20260331_23:22:39;26738;2;4;940;934.6;910;970;OK;940;943.3;910;970;OK;942.8;943.4;-15;-16.9;-50;-20;NOK;-15;-16.6;-50;-20;NOK;-16.2;-16.4;0;-15;-16.8;-50;-20;NOK;330;341;330;500;OK;0;0;N/A;N/A;N/A;N/A;N/A;N/A;N/A;N/A;N/A;N/A;N/A;N/A;N/A;N/A;N/A;N/A;N/A;N/A;N/A;N/A;N/A;N/A;N/A;N/A;N/A;N/A;N/A;N/A;N/A;N/A;N/A;N/A;N/A;N/A;N/A;N/A;N/A;N/A;N/A;N/A;N/A;N/A;N/A;N/A;N/A;N/A;N/A;N/A;N/A;N/A;N/A;N/A;N/A;N/A;N/A;N/A;N/A;N/A;N/A;N/A;N/A;N/A;N/A;N/A;N/A;N/A;N/A;N/A;N/A;N/A;N/A;N/A;N/A;N/A;N/A;N/A;N/A;N/A;N/A;N/A;N/A;N/A;N/A;N/A;N/A;N/A;N/A;N/A;N/A;N/A;N/A;N/A;N/A;N/A;N/A;N/A;N/A;N/A;;0;451.7;0;0;;Disabled;NotOk;1;700;451.9;0;0;0;549.9;449.9;Enabled;PosOk;1;0;0;0;0;0;15;Disabled;0;0;0;0;0;0;0;0;0;0;0;0;0;0;0;0;0;0;0;0;0;0;0;0;0;0;0;0;0;0;0;0;0;0;0;0;0;0;0;0;0;0;0;0;0;0;0;0;0;0;0;0;0;0;0;0;0;0;0;0;0;0;0;0;0;0;0;0;0;0;30;35;20;45;30;30;20;45;30;25;20;45;30;25;20;45;200;227;100;300;200;224;100;300;200;0;100;300;200;1;100;300;30;34;20;45;30;30;20;45;30;26;20;45;30;28;20;45;200;242;100;300;200;241;100;300;200;0;100;300;200;0;100;300;4;2;0.4;6;4;5;0.4;6;4;2;0.4;6;4;5;0.4;6;4;2;0.4;6;4;6;0.4;6;4;2;0.4;6;4;6;0.4;6;NOK;NOK;OK;10000;10049;8000;11000;OK;8.65;0;8;12;NOK;N/A;1.95;N/A;N/A;N/A;9;11.7;7;18;OK;;0;0;0;-;Disabled;TempOk;1;230;116.4;0;0;0;349.9;441543200 volvo 589-1;441543200 volvo 589-1;441543200 volvo 589-1
20260331_23:23:01;26739;3;4;940;935.2;910;970;OK;940;945.8;910;970;OK;946;945.9;-20;-13.3;-50;-25;NOK;-20;-13.5;-50;-25;NOK;-16.1;-16;0;-20;-13.1;-50;-25;NOK;330;341;330;500;OK;0;0;N/A;N/A;N/A;N/A;N/A;N/A;N/A;N/A;N/A;N/A;N/A;N/A;N/A;N/A;N/A;N/A;N/A;N/A;N/A;N/A;N/A;N/A;N/A;N/A;N/A;N/A;N/A;N/A;N/A;N/A;N/A;N/A;N/A;N/A;N/A;N/A;N/A;N/A;N/A;N/A;N/A;N/A;N/A;N/A;N/A;N/A;N/A;N/A;N/A;N/A;N/A;N/A;N/A;N/A;N/A;N/A;N/A;N/A;N/A;N/A;N/A;N/A;N/A;N/A;N/A;N/A;N/A;N/A;N/A;N/A;N/A;N/A;N/A;N/A;N/A;N/A;N/A;N/A;N/A;N/A;N/A;N/A;N/A;N/A;N/A;N/A;N/A;N/A;N/A;N/A;N/A;N/A;N/A;N/A;N/A;N/A;N/A;N/A;;0;444.1;0;0;;Disabled;TempStop;1;700;444;0;0;0;549.9;449.9;Enabled;PosOk;1;0;0;0;0;0;15;Disabled;0;0;0;0;0;0;0;0;0;0;0;0;0;0;0;0;0;0;0;0;0;0;0;0;0;0;0;0;0;0;0;0;0;0;0;0;0;0;0;0;0;0;0;0;0;0;0;0;0;0;0;0;0;0;0;0;0;0;0;0;0;0;0;0;0;0;0;0;0;0;30;35;20;45;30;30;20;45;30;25;20;45;30;25;20;45;200;227;100;300;200;224;100;300;200;0;100;300;200;0;100;300;30;34;20;45;30;29;20;45;30;26;20;45;30;28;20;45;200;242;100;300;200;240;100;300;200;0;100;300;200;0;100;300;4;2;0.4;6;4;5;0.4;6;4;2;0.4;6;4;5;0.4;6;4;2;0.4;6;4;6;0.4;6;4;2;0.4;6;4;6;0.4;6;NOK;NOK;OK;10000;10046;8000;11000;OK;8.64;0;8;12;NOK;N/A;1.95;N/A;N/A;N/A;9;11.7;7;18;OK;;0;0;0;-;Disabled;TempOk;1;230;122.2;0;0;0;349.9;441543200 volvo 589-1;441543200 volvo 589-1;441543200 volvo 589-1
20260331_23:23:23;26740;2;1;940;935.6;910;970;OK;940;944;910;970;OK;943.2;942.2;-15;-16.7;-50;-20;NOK;-15;-16.5;-50;-20;NOK;-14.6;-15.2;0;-15;-16.7;-50;-20;NOK;330;341;330;500;OK;0;0;N/A;N/A;N/A;N/A;N/A;N/A;N/A;N/A;N/A;N/A;N/A;N/A;N/A;N/A;N/A;N/A;N/A;N/A;N/A;N/A;N/A;N/A;N/A;N/A;N/A;N/A;N/A;N/A;N/A;N/A;N/A;N/A;N/A;N/A;N/A;N/A;N/A;N/A;N/A;N/A;N/A;N/A;N/A;N/A;N/A;N/A;N/A;N/A;N/A;N/A;N/A;N/A;N/A;N/A;N/A;N/A;N/A;N/A;N/A;N/A;N/A;N/A;N/A;N/A;N/A;N/A;N/A;N/A;N/A;N/A;N/A;N/A;N/A;N/A;N/A;N/A;N/A;N/A;N/A;N/A;N/A;N/A;N/A;N/A;N/A;N/A;N/A;N/A;N/A;N/A;N/A;N/A;N/A;N/A;N/A;N/A;N/A;N/A;;0;457.3;0;0;;Disabled;NotOk;1;700;457.1;0;0;0;549.9;449.9;Enabled;PosOk;1;0;0;0;0;0;15;Disabled;0;0;0;0;0;0;0;0;0;0;0;0;0;0;0;0;0;0;0;0;0;0;0;0;0;0;0;0;0;0;0;0;0;0;0;0;0;0;0;0;0;0;0;0;0;0;0;0;0;0;0;0;0;0;0;0;0;0;0;0;0;0;0;0;0;0;0;0;0;0;30;34;20;45;30;29;20;45;30;25;20;45;30;25;20;45;200;228;100;300;200;225;100;300;200;0;100;300;200;0;100;300;30;34;20;45;30;29;20;45;30;26;20;45;30;28;20;45;200;243;100;300;200;241;100;300;200;0;100;300;200;0;100;300;4;2;0.4;6;4;5;0.4;6;4;2;0.4;6;4;5;0.4;6;4;2;0.4;6;4;6;0.4;6;4;2;0.4;6;4;6;0.4;6;NOK;NOK;OK;10000;10020;8000;11000;OK;8.63;0;8;12;NOK;N/A;1.96;N/A;N/A;N/A;9;11.7;7;18;OK;;0;0;0;-;Disabled;TempOk;1;230;124.2;0;0;0;349.9;441543200 volvo 589-1;441543200 volvo 589-1;441543200 volvo 589-1
20260331_23:23:45;26741;1;1;940;935.3;910;970;OK;940;944;910;970;OK;945.2;944.5;-20;-15.7;-50;-25;NOK;-20;-15.2;-50;-25;NOK;-14.2;-14.6;0;-20;-15.7;-50;-25;NOK;330;341;330;500;OK;0;0;N/A;N/A;N/A;N/A;N/A;N/A;N/A;N/A;N/A;N/A;N/A;N/A;N/A;N/A;N/A;N/A;N/A;N/A;N/A;N/A;N/A;N/A;N/A;N/A;N/A;N/A;N/A;N/A;N/A;N/A;N/A;N/A;N/A;N/A;N/A;N/A;N/A;N/A;N/A;N/A;N/A;N/A;N/A;N/A;N/A;N/A;N/A;N/A;N/A;N/A;N/A;N/A;N/A;N/A;N/A;N/A;N/A;N/A;N/A;N/A;N/A;N/A;N/A;N/A;N/A;N/A;N/A;N/A;N/A;N/A;N/A;N/A;N/A;N/A;N/A;N/A;N/A;N/A;N/A;N/A;N/A;N/A;N/A;N/A;N/A;N/A;N/A;N/A;N/A;N/A;N/A;N/A;N/A;N/A;N/A;N/A;N/A;N/A;;0;461.6;0;0;;Disabled;NotOk;1;700;461.3;0;0;0;549.9;449.9;Enabled;PosOk;1;0;0;0;0;0;15;Disabled;0;0;0;0;0;0;0;0;0;0;0;0;0;0;0;0;0;0;0;0;0;0;0;0;0;0;0;0;0;0;0;0;0;0;0;0;0;0;0;0;0;0;0;0;0;0;0;0;0;0;0;0;0;0;0;0;0;0;0;0;0;0;0;0;0;0;0;0;0;0;30;34;20;45;30;29;20;45;30;25;20;45;30;25;20;45;200;227;100;300;200;224;100;300;200;0;100;300;200;0;100;300;30;34;20;45;30;29;20;45;30;26;20;45;30;28;20;45;200;243;100;300;200;240;100;300;200;0;100;300;200;0;100;300;4;2;0.4;6;4;5;0.4;6;4;2;0.4;6;4;6;0.4;6;4;2;0.4;6;4;5;0.4;6;4;2;0.4;6;4;6;0.4;6;NOK;NOK;OK;10000;10047;8000;11000;OK;8.69;0;8;12;NOK;N/A;1.95;N/A;N/A;N/A;9;10.9;7;18;OK;;0;0;0;-;Disabled;TempOk;1;230;125.7;0;0;0;349.9;441543200 volvo 589-1;441543200 volvo 589-1;441543200 volvo 589-1
20260331_23:24:07;26742;4;4;940;928.7;910;970;OK;940;950.1;910;970;OK;949.9;949.9;-15;-9.5;-50;-5;OK;-15;-8.4;-50;-5;OK;-8.6;-6.3;0;-15;-9.7;-50;-5;OK;330;341;330;500;OK;277.05;277.61;N/A;N/A;N/A;N/A;N/A;N/A;N/A;N/A;N/A;N/A;N/A;N/A;N/A;N/A;N/A;N/A;N/A;N/A;N/A;N/A;N/A;N/A;N/A;N/A;N/A;N/A;N/A;N/A;N/A;N/A;N/A;N/A;N/A;N/A;N/A;N/A;N/A;N/A;N/A;N/A;N/A;N/A;N/A;N/A;N/A;N/A;N/A;N/A;N/A;N/A;N/A;N/A;N/A;N/A;N/A;N/A;N/A;N/A;N/A;N/A;N/A;N/A;N/A;N/A;N/A;N/A;N/A;N/A;N/A;N/A;N/A;N/A;N/A;N/A;N/A;N/A;N/A;N/A;N/A;N/A;N/A;N/A;N/A;N/A;N/A;N/A;N/A;N/A;N/A;N/A;N/A;N/A;N/A;N/A;N/A;N/A;N/A;N/A;;0;460.3;0;0;;Disabled;NotOk;1;700;459.9;0;0;0;549.9;449.9;Enabled;PosOk;1;0;0;0;0;0;15;Disabled;0;0;0;0;0;0;0;0;0;0;0;0;0;0;0;0;0;0;0;0;0;0;0;0;0;0;0;0;0;0;0;0;0;0;0;0;0;0;0;0;0;0;0;0;0;0;0;0;0;0;0;0;0;0;0;0;0;0;0;0;0;0;0;0;0;0;0;0;0;0;30;34;20;45;30;30;20;45;30;25;20;45;30;25;20;45;200;227;100;300;200;224;100;300;200;0;100;300;200;0;100;300;30;34;20;45;30;30;20;45;30;26;20;45;30;28;20;45;200;242;100;300;200;240;100;300;200;0;100;300;200;0;100;300;4;2;0.4;6;4;5;0.4;6;4;2;0.4;6;4;5;0.4;6;4;2;0.4;6;4;6;0.4;6;4;2;0.4;6;4;6;0.4;6;NOK;NOK;OK;10000;10037;8000;11000;OK;8.64;0;8;12;NOK;N/A;1.95;N/A;N/A;N/A;9;11.8;7;18;OK;;0;0;0;-;Disabled;TempOk;1;230;130.1;0;0;0;349.9;441543200 volvo 589-1;441543200 volvo 589-1;441543200 volvo 589-1
20260331_23:24:29;26743;1;2;940;939.5;910;970;OK;940;949.6;910;970;OK;949.9;949.7;-20;-15.5;-50;-25;NOK;-20;-15.2;-50;-25;NOK;-13.7;-14.4;0;-20;-15.5;-50;-25;NOK;330;341;330;500;OK;0;0;N/A;N/A;N/A;N/A;N/A;N/A;N/A;N/A;N/A;N/A;N/A;N/A;N/A;N/A;N/A;N/A;N/A;N/A;N/A;N/A;N/A;N/A;N/A;N/A;N/A;N/A;N/A;N/A;N/A;N/A;N/A;N/A;N/A;N/A;N/A;N/A;N/A;N/A;N/A;N/A;N/A;N/A;N/A;N/A;N/A;N/A;N/A;N/A;N/A;N/A;N/A;N/A;N/A;N/A;N/A;N/A;N/A;N/A;N/A;N/A;N/A;N/A;N/A;N/A;N/A;N/A;N/A;N/A;N/A;N/A;N/A;N/A;N/A;N/A;N/A;N/A;N/A;N/A;N/A;N/A;N/A;N/A;N/A;N/A;N/A;N/A;N/A;N/A;N/A;N/A;N/A;N/A;N/A;N/A;N/A;N/A;N/A;N/A;;0;460.8;0;0;;Disabled;NotOk;1;700;460.4;0;0;0;549.9;449.9;Enabled;PosOk;1;0;0;0;0;0;15;Disabled;0;0;0;0;0;0;0;0;0;0;0;0;0;0;0;0;0;0;0;0;0;0;0;0;0;0;0;0;0;0;0;0;0;0;0;0;0;0;0;0;0;0;0;0;0;0;0;0;0;0;0;0;0;0;0;0;0;0;0;0;0;0;0;0;0;0;0;0;0;0;30;35;20;45;30;30;20;45;30;25;20;45;30;25;20;45;200;228;100;300;200;225;100;300;200;0;100;300;200;0;100;300;30;34;20;45;30;30;20;45;30;26;20;45;30;28;20;45;200;243;100;300;200;241;100;300;200;0;100;300;200;0;100;300;4;2;0.4;6;4;5;0.4;6;4;2;0.4;6;4;5;0.4;6;4;2;0.4;6;4;6;0.4;6;4;2;0.4;6;4;6;0.4;6;NOK;NOK;OK;10000;10037;8000;11000;OK;8.65;0;8;12;NOK;N/A;1.95;N/A;N/A;N/A;9;10.8;7;18;OK;;0;0;0;-;Disabled;TempOk;1;230;120.9;0;0;0;349.9;441543200 volvo 589-1;441543200 volvo 589-1;441543200 volvo 589-1
20260331_23:24:51;26744;4;1;940;936.8;910;970;OK;940;946.3;910;970;OK;946.2;946.2;-15;-15.5;-50;-5;OK;-15;-14.8;-50;-5;OK;-16.1;-15.7;0;-15;-15.5;-50;-5;OK;330;341;330;500;OK;277.12;277.68;N/A;N/A;N/A;N/A;N/A;N/A;N/A;N/A;N/A;N/A;N/A;N/A;N/A;N/A;N/A;N/A;N/A;N/A;N/A;N/A;N/A;N/A;N/A;N/A;N/A;N/A;N/A;N/A;N/A;N/A;N/A;N/A;N/A;N/A;N/A;N/A;N/A;N/A;N/A;N/A;N/A;N/A;N/A;N/A;N/A;N/A;N/A;N/A;N/A;N/A;N/A;N/A;N/A;N/A;N/A;N/A;N/A;N/A;N/A;N/A;N/A;N/A;N/A;N/A;N/A;N/A;N/A;N/A;N/A;N/A;N/A;N/A;N/A;N/A;N/A;N/A;N/A;N/A;N/A;N/A;N/A;N/A;N/A;N/A;N/A;N/A;N/A;N/A;N/A;N/A;N/A;N/A;N/A;N/A;N/A;N/A;N/A;N/A;;0;452.6;0;0;;Disabled;NotOk;1;700;452.3;0;0;0;549.9;449.9;Enabled;PosOk;1;0;0;0;0;0;15;Disabled;0;0;0;0;0;0;0;0;0;0;0;0;0;0;0;0;0;0;0;0;0;0;0;0;0;0;0;0;0;0;0;0;0;0;0;0;0;0;0;0;0;0;0;0;0;0;0;0;0;0;0;0;0;0;0;0;0;0;0;0;0;0;0;0;0;0;0;0;0;0;30;35;20;45;30;30;20;45;30;25;20;45;30;25;20;45;200;227;100;300;200;224;100;300;200;0;100;300;200;0;100;300;30;34;20;45;30;30;20;45;30;26;20;45;30;28;20;45;200;243;100;300;200;241;100;300;200;0;100;300;200;0;100;300;4;2;0.4;6;4;5;0.4;6;4;2;0.4;6;4;5;0.4;6;4;2;0.4;6;4;6;0.4;6;4;2;0.4;6;4;5;0.4;6;NOK;NOK;OK;10000;10035;8000;11000;OK;8.64;0;8;12;NOK;N/A;1.95;N/A;N/A;N/A;9;11.7;7;18;OK;;0;0;0;-;Disabled;TempOk;1;230;115.6;0;0;0;349.9;441543200 volvo 589-1;441543200 volvo 589-1;441543200 volvo 589-1
20260331_23:25:13;26745;3;2;940;931.8;910;970;OK;940;941.6;910;970;OK;943;942.3;-20;-19.2;-50;-25;NOK;-20;-18.6;-50;-25;NOK;-16.7;-17.5;0;-20;-19.2;-50;-25;NOK;330;341;330;500;OK;0;0;N/A;N/A;N/A;N/A;N/A;N/A;N/A;N/A;N/A;N/A;N/A;N/A;N/A;N/A;N/A;N/A;N/A;N/A;N/A;N/A;N/A;N/A;N/A;N/A;N/A;N/A;N/A;N/A;N/A;N/A;N/A;N/A;N/A;N/A;N/A;N/A;N/A;N/A;N/A;N/A;N/A;N/A;N/A;N/A;N/A;N/A;N/A;N/A;N/A;N/A;N/A;N/A;N/A;N/A;N/A;N/A;N/A;N/A;N/A;N/A;N/A;N/A;N/A;N/A;N/A;N/A;N/A;N/A;N/A;N/A;N/A;N/A;N/A;N/A;N/A;N/A;N/A;N/A;N/A;N/A;N/A;N/A;N/A;N/A;N/A;N/A;N/A;N/A;N/A;N/A;N/A;N/A;N/A;N/A;N/A;N/A;N/A;N/A;;0;454.7;0;0;;Disabled;NotOk;1;700;454.6;0;0;0;549.9;449.9;Enabled;PosOk;1;0;0;0;0;0;15;Disabled;0;0;0;0;0;0;0;0;0;0;0;0;0;0;0;0;0;0;0;0;0;0;0;0;0;0;0;0;0;0;0;0;0;0;0;0;0;0;0;0;0;0;0;0;0;0;0;0;0;0;0;0;0;0;0;0;0;0;0;0;0;0;0;0;0;0;0;0;0;0;30;35;20;45;30;30;20;45;30;25;20;45;30;25;20;45;200;228;100;300;200;224;100;300;200;0;100;300;200;0;100;300;30;35;20;45;30;30;20;45;30;26;20;45;30;28;20;45;200;243;100;300;200;240;100;300;200;0;100;300;200;0;100;300;4;2;0.4;6;4;5;0.4;6;4;2;0.4;6;4;5;0.4;6;4;2;0.4;6;4;5;0.4;6;4;2;0.4;6;4;6;0.4;6;NOK;NOK;OK;10000;10019;8000;11000;OK;8.63;0;8;12;NOK;N/A;1.95;N/A;N/A;N/A;9;11.7;7;18;OK;;0;0;0;-;Disabled;TempOk;1;230;118.7;0;0;0;349.9;441543200 volvo 589-1;441543200 volvo 589-1;441543200 volvo 589-1
20260331_23:25:35;26746;2;2;940;934.7;910;970;OK;940;942.2;910;970;OK;943.8;942.9;-15;-15.7;-50;-20;NOK;-15;-14.9;-50;-20;NOK;-16;-15.8;0;-15;-15.6;-50;-20;NOK;330;341;330;500;OK;0;0;N/A;N/A;N/A;N/A;N/A;N/A;N/A;N/A;N/A;N/A;N/A;N/A;N/A;N/A;N/A;N/A;N/A;N/A;N/A;N/A;N/A;N/A;N/A;N/A;N/A;N/A;N/A;N/A;N/A;N/A;N/A;N/A;N/A;N/A;N/A;N/A;N/A;N/A;N/A;N/A;N/A;N/A;N/A;N/A;N/A;N/A;N/A;N/A;N/A;N/A;N/A;N/A;N/A;N/A;N/A;N/A;N/A;N/A;N/A;N/A;N/A;N/A;N/A;N/A;N/A;N/A;N/A;N/A;N/A;N/A;N/A;N/A;N/A;N/A;N/A;N/A;N/A;N/A;N/A;N/A;N/A;N/A;N/A;N/A;N/A;N/A;N/A;N/A;N/A;N/A;N/A;N/A;N/A;N/A;N/A;N/A;N/A;N/A;;0;458.7;0;0;;Disabled;NotOk;1;700;458.9;0;0;0;549.9;449.9;Enabled;PosOk;1;0;0;0;0;0;15;Disabled;0;0;0;0;0;0;0;0;0;0;0;0;0;0;0;0;0;0;0;0;0;0;0;0;0;0;0;0;0;0;0;0;0;0;0;0;0;0;0;0;0;0;0;0;0;0;0;0;0;0;0;0;0;0;0;0;0;0;0;0;0;0;0;0;0;0;0;0;0;0;30;35;20;45;30;30;20;45;30;25;20;45;30;25;20;45;200;227;100;300;200;224;100;300;200;0;100;300;200;0;100;300;30;34;20;45;30;30;20;45;30;26;20;45;30;28;20;45;200;243;100;300;200;240;100;300;200;0;100;300;200;0;100;300;4;2;0.4;6;4;5;0.4;6;4;2;0.4;6;4;5;0.4;6;4;2;0.4;6;4;5;0.4;6;4;2;0.4;6;4;6;0.4;6;NOK;NOK;OK;10000;10046;8000;11000;OK;8.65;0;8;12;NOK;N/A;1.95;N/A;N/A;N/A;9;11.7;7;18;OK;;0;0;0;-;Disabled;TempOk;1;230;117.9;0;0;0;349.9;441543200 volvo 589-1;441543200 volvo 589-1;441543200 volvo 589-1
20260331_23:25:57;26747;1;3;940;938.7;910;970;OK;940;950;910;970;OK;950.4;950.1;-20;-11.8;-50;-25;NOK;-20;-12.2;-50;-25;NOK;-16.2;-15.6;0;-20;-11.8;-50;-25;NOK;330;341;330;500;OK;0;0;N/A;N/A;N/A;N/A;N/A;N/A;N/A;N/A;N/A;N/A;N/A;N/A;N/A;N/A;N/A;N/A;N/A;N/A;N/A;N/A;N/A;N/A;N/A;N/A;N/A;N/A;N/A;N/A;N/A;N/A;N/A;N/A;N/A;N/A;N/A;N/A;N/A;N/A;N/A;N/A;N/A;N/A;N/A;N/A;N/A;N/A;N/A;N/A;N/A;N/A;N/A;N/A;N/A;N/A;N/A;N/A;N/A;N/A;N/A;N/A;N/A;N/A;N/A;N/A;N/A;N/A;N/A;N/A;N/A;N/A;N/A;N/A;N/A;N/A;N/A;N/A;N/A;N/A;N/A;N/A;N/A;N/A;N/A;N/A;N/A;N/A;N/A;N/A;N/A;N/A;N/A;N/A;N/A;N/A;N/A;N/A;N/A;N/A;;0;461.6;0;0;;Disabled;NotOk;1;700;461.1;0;0;0;549.9;449.9;Enabled;PosOk;1;0;0;0;0;0;15;Disabled;0;0;0;0;0;0;0;0;0;0;0;0;0;0;0;0;0;0;0;0;0;0;0;0;0;0;0;0;0;0;0;0;0;0;0;0;0;0;0;0;0;0;0;0;0;0;0;0;0;0;0;0;0;0;0;0;0;0;0;0;0;0;0;0;0;0;0;0;0;0;30;35;20;45;30;29;20;45;30;25;20;45;30;25;20;45;200;228;100;300;200;225;100;300;200;0;100;300;200;0;100;300;30;34;20;45;30;29;20;45;30;26;20;45;30;28;20;45;200;243;100;300;200;241;100;300;200;0;100;300;200;0;100;300;4;2;0.4;6;4;6;0.4;6;4;2;0.4;6;4;5;0.4;6;4;2;0.4;6;4;6;0.4;6;4;2;0.4;6;4;6;0.4;6;NOK;NOK;OK;10000;10053;8000;11000;OK;8.65;0;8;12;NOK;N/A;1.95;N/A;N/A;N/A;9;11.2;7;18;OK;;0;0;0;-;Disabled;TempOk;1;230;121.6;0;0;0;349.9;441543200 volvo 589-1;441543200 volvo 589-1;441543200 volvo 589-1
20260331_23:26:20;26748;4;2;940;947;910;970;OK;940;955.4;910;970;OK;952.9;953.8;-15;-15.8;-50;-5;OK;-15;-15.6;-50;-5;OK;-16.4;-16.8;0;-15;-15.6;-50;-5;OK;330;341;330;500;OK;277.27;277.82;N/A;N/A;N/A;N/A;N/A;N/A;N/A;N/A;N/A;N/A;N/A;N/A;N/A;N/A;N/A;N/A;N/A;N/A;N/A;N/A;N/A;N/A;N/A;N/A;N/A;N/A;N/A;N/A;N/A;N/A;N/A;N/A;N/A;N/A;N/A;N/A;N/A;N/A;N/A;N/A;N/A;N/A;N/A;N/A;N/A;N/A;N/A;N/A;N/A;N/A;N/A;N/A;N/A;N/A;N/A;N/A;N/A;N/A;N/A;N/A;N/A;N/A;N/A;N/A;N/A;N/A;N/A;N/A;N/A;N/A;N/A;N/A;N/A;N/A;N/A;N/A;N/A;N/A;N/A;N/A;N/A;N/A;N/A;N/A;N/A;N/A;N/A;N/A;N/A;N/A;N/A;N/A;N/A;N/A;N/A;N/A;N/A;N/A;;0;457.6;0;0;;Disabled;NotOk;1;700;457.2;0;0;0;549.9;449.9;Enabled;PosOk;1;0;0;0;0;0;15;Disabled;0;0;0;0;0;0;0;0;0;0;0;0;0;0;0;0;0;0;0;0;0;0;0;0;0;0;0;0;0;0;0;0;0;0;0;0;0;0;0;0;0;0;0;0;0;0;0;0;0;0;0;0;0;0;0;0;0;0;0;0;0;0;0;0;0;0;0;0;0;0;30;34;20;45;30;29;20;45;30;25;20;45;30;25;20;45;200;228;100;300;200;225;100;300;200;0;100;300;200;0;100;300;30;34;20;45;30;29;20;45;30;26;20;45;30;28;20;45;200;243;100;300;200;241;100;300;200;0;100;300;200;0;100;300;4;2;0.4;6;4;5;0.4;6;4;2;0.4;6;4;5;0.4;6;4;2;0.4;6;4;5;0.4;6;4;2;0.4;6;4;6;0.4;6;NOK;NOK;OK;10000;10047;8000;11000;OK;8.65;0;8;12;NOK;N/A;1.95;N/A;N/A;N/A;9;11.7;7;18;OK;;0;0;0;-;Disabled;TempOk;1;230;121.5;0;0;0;349.9;441543200 volvo 589-1;441543200 volvo 589-1;441543200 volvo 589-1
20260331_23:26:42;26749;3;5;940;939.8;910;970;OK;940;948.1;910;970;OK;951.4;949.8;-20;-15.4;-50;-25;NOK;-20;-14.7;-50;-25;NOK;-12.3;-13.2;0;-20;-15.5;-50;-25;NOK;330;341;330;500;OK;0;0;N/A;N/A;N/A;N/A;N/A;N/A;N/A;N/A;N/A;N/A;N/A;N/A;N/A;N/A;N/A;N/A;N/A;N/A;N/A;N/A;N/A;N/A;N/A;N/A;N/A;N/A;N/A;N/A;N/A;N/A;N/A;N/A;N/A;N/A;N/A;N/A;N/A;N/A;N/A;N/A;N/A;N/A;N/A;N/A;N/A;N/A;N/A;N/A;N/A;N/A;N/A;N/A;N/A;N/A;N/A;N/A;N/A;N/A;N/A;N/A;N/A;N/A;N/A;N/A;N/A;N/A;N/A;N/A;N/A;N/A;N/A;N/A;N/A;N/A;N/A;N/A;N/A;N/A;N/A;N/A;N/A;N/A;N/A;N/A;N/A;N/A;N/A;N/A;N/A;N/A;N/A;N/A;N/A;N/A;N/A;N/A;N/A;N/A;;0;446.4;0;0;;Disabled;TempStop;1;700;446.6;0;0;0;549.9;449.9;Enabled;PosOk;1;0;0;0;0;0;15;Disabled;0;0;0;0;0;0;0;0;0;0;0;0;0;0;0;0;0;0;0;0;0;0;0;0;0;0;0;0;0;0;0;0;0;0;0;0;0;0;0;0;0;0;0;0;0;0;0;0;0;0;0;0;0;0;0;0;0;0;0;0;0;0;0;0;0;0;0;0;0;0;30;34;20;45;30;29;20;45;30;25;20;45;30;25;20;45;200;227;100;300;200;224;100;300;200;0;100;300;200;0;100;300;30;34;20;45;30;29;20;45;30;26;20;45;30;28;20;45;200;243;100;300;200;240;100;300;200;0;100;300;200;1;100;300;4;2;0.4;6;4;5;0.4;6;4;2;0.4;6;4;5;0.4;6;4;2;0.4;6;4;5;0.4;6;4;2;0.4;6;4;6;0.4;6;NOK;NOK;OK;10000;10028;8000;11000;OK;8.64;0;8;12;NOK;N/A;1.95;N/A;N/A;N/A;9;11.7;7;18;OK;;0;0;0;-;Disabled;TempOk;1;230;123.8;0;0;0;349.9;441543200 volvo 589-1;441543200 volvo 589-1;441543200 volvo 589-1
20260331_23:27:04;26750;2;3;940;915.5;910;970;OK;940;917;910;970;OK;909.8;914.3;-15;-15;-50;-20;NOK;-15;-14.7;-50;-20;NOK;-14.8;-14.8;0;-15;-15;-50;-20;NOK;330;341;330;500;OK;0;0;N/A;N/A;N/A;N/A;N/A;N/A;N/A;N/A;N/A;N/A;N/A;N/A;N/A;N/A;N/A;N/A;N/A;N/A;N/A;N/A;N/A;N/A;N/A;N/A;N/A;N/A;N/A;N/A;N/A;N/A;N/A;N/A;N/A;N/A;N/A;N/A;N/A;N/A;N/A;N/A;N/A;N/A;N/A;N/A;N/A;N/A;N/A;N/A;N/A;N/A;N/A;N/A;N/A;N/A;N/A;N/A;N/A;N/A;N/A;N/A;N/A;N/A;N/A;N/A;N/A;N/A;N/A;N/A;N/A;N/A;N/A;N/A;N/A;N/A;N/A;N/A;N/A;N/A;N/A;N/A;N/A;N/A;N/A;N/A;N/A;N/A;N/A;N/A;N/A;N/A;N/A;N/A;N/A;N/A;N/A;N/A;N/A;N/A;;0;440.5;0;0;;Disabled;TempStop;1;700;440.8;0;0;0;549.9;449.9;Enabled;PosOk;1;0;0;0;0;0;15;Disabled;0;0;0;0;0;0;0;0;0;0;0;0;0;0;0;0;0;0;0;0;0;0;0;0;0;0;0;0;0;0;0;0;0;0;0;0;0;0;0;0;0;0;0;0;0;0;0;0;0;0;0;0;0;0;0;0;0;0;0;0;0;0;0;0;0;0;0;0;0;0;30;34;20;45;30;29;20;45;30;25;20;45;30;25;20;45;200;228;100;300;200;224;100;300;200;0;100;300;200;0;100;300;30;34;20;45;30;30;20;45;30;26;20;45;30;28;20;45;200;243;100;300;200;241;100;300;200;0;100;300;200;0;100;300;4;2;0.4;6;4;5;0.4;6;4;2;0.4;6;4;6;0.4;6;4;2;0.4;6;4;6;0.4;6;4;2;0.4;6;4;6;0.4;6;NOK;NOK;OK;10000;10018;8000;11000;OK;8.63;0;8;12;NOK;N/A;1.95;N/A;N/A;N/A;9;11.7;7;18;OK;;0;0;0;-;Disabled;TempOk;1;230;121.2;0;0;0;349.9;441543200 volvo 589-1;441543200 volvo 589-1;441543200 volvo 589-1
20260331_23:27:26;26751;3;3;940;939.5;910;970;OK;940;949.5;910;970;OK;949.5;949.5;-20;-14.4;-50;-25;NOK;-20;-14.4;-50;-25;NOK;-15.2;-15.1;0;-20;-14.3;-50;-25;NOK;330;341;330;500;OK;0;0;N/A;N/A;N/A;N/A;N/A;N/A;N/A;N/A;N/A;N/A;N/A;N/A;N/A;N/A;N/A;N/A;N/A;N/A;N/A;N/A;N/A;N/A;N/A;N/A;N/A;N/A;N/A;N/A;N/A;N/A;N/A;N/A;N/A;N/A;N/A;N/A;N/A;N/A;N/A;N/A;N/A;N/A;N/A;N/A;N/A;N/A;N/A;N/A;N/A;N/A;N/A;N/A;N/A;N/A;N/A;N/A;N/A;N/A;N/A;N/A;N/A;N/A;N/A;N/A;N/A;N/A;N/A;N/A;N/A;N/A;N/A;N/A;N/A;N/A;N/A;N/A;N/A;N/A;N/A;N/A;N/A;N/A;N/A;N/A;N/A;N/A;N/A;N/A;N/A;N/A;N/A;N/A;N/A;N/A;N/A;N/A;N/A;N/A;;0;455.6;0;0;;Disabled;NotOk;1;700;456;0;0;0;549.9;449.9;Enabled;PosOk;1;0;0;0;0;0;15;Disabled;0;0;0;0;0;0;0;0;0;0;0;0;0;0;0;0;0;0;0;0;0;0;0;0;0;0;0;0;0;0;0;0;0;0;0;0;0;0;0;0;0;0;0;0;0;0;0;0;0;0;0;0;0;0;0;0;0;0;0;0;0;0;0;0;0;0;0;0;0;0;30;34;20;45;30;30;20;45;30;25;20;45;30;25;20;45;200;227;100;300;200;224;100;300;200;0;100;300;200;0;100;300;30;34;20;45;30;30;20;45;30;26;20;45;30;28;20;45;200;243;100;300;200;240;100;300;200;0;100;300;200;0;100;300;4;2;0.4;6;4;5;0.4;6;4;2;0.4;6;4;6;0.4;6;4;2;0.4;6;4;5;0.4;6;4;2;0.4;6;4;6;0.4;6;NOK;NOK;OK;10000;10032;8000;11000;OK;8.64;0;8;12;NOK;N/A;1.96;N/A;N/A;N/A;9;11.7;7;18;OK;;0;0;0;-;Disabled;TempOk;1;230;121.2;0;0;0;349.9;441543200 volvo 589-1;441543200 volvo 589-1;441543200 volvo 589-1
20260331_23:27:48;26752;4;3;940;942.7;910;970;OK;940;952.1;910;970;OK;951.8;952.2;-15;-12.5;-50;-5;OK;-15;-12.5;-50;-5;OK;-15.5;-15;0;-15;-12.4;-50;-5;OK;330;341;330;500;OK;277.44;277.99;N/A;N/A;N/A;N/A;N/A;N/A;N/A;N/A;N/A;N/A;N/A;N/A;N/A;N/A;N/A;N/A;N/A;N/A;N/A;N/A;N/A;N/A;N/A;N/A;N/A;N/A;N/A;N/A;N/A;N/A;N/A;N/A;N/A;N/A;N/A;N/A;N/A;N/A;N/A;N/A;N/A;N/A;N/A;N/A;N/A;N/A;N/A;N/A;N/A;N/A;N/A;N/A;N/A;N/A;N/A;N/A;N/A;N/A;N/A;N/A;N/A;N/A;N/A;N/A;N/A;N/A;N/A;N/A;N/A;N/A;N/A;N/A;N/A;N/A;N/A;N/A;N/A;N/A;N/A;N/A;N/A;N/A;N/A;N/A;N/A;N/A;N/A;N/A;N/A;N/A;N/A;N/A;N/A;N/A;N/A;N/A;N/A;N/A;;0;458.2;0;0;;Disabled;NotOk;1;700;458.3;0;0;0;549.9;449.9;Enabled;PosOk;1;0;0;0;0;0;15;Disabled;0;0;0;0;0;0;0;0;0;0;0;0;0;0;0;0;0;0;0;0;0;0;0;0;0;0;0;0;0;0;0;0;0;0;0;0;0;0;0;0;0;0;0;0;0;0;0;0;0;0;0;0;0;0;0;0;0;0;0;0;0;0;0;0;0;0;0;0;0;0;30;34;20;45;30;30;20;45;30;25;20;45;30;25;20;45;200;228;100;300;200;225;100;300;200;0;100;300;200;0;100;300;30;34;20;45;30;30;20;45;30;26;20;45;30;28;20;45;200;243;100;300;200;240;100;300;200;0;100;300;200;0;100;300;4;2;0.4;6;4;5;0.4;6;4;2;0.4;6;4;5;0.4;6;4;2;0.4;6;4;5;0.4;6;4;2;0.4;6;4;5;0.4;6;NOK;NOK;OK;10000;10025;8000;11000;OK;8.64;0;8;12;NOK;N/A;1.95;N/A;N/A;N/A;9;11.7;7;18;OK;;0;0;0;-;Disabled;TempOk;1;230;118.7;0;0;0;349.9;441543200 volvo 589-1;441543200 volvo 589-1;441543200 volvo 589-1
20260331_23:28:10;26753;1;4;940;934.4;910;970;OK;940;941.5;910;970;OK;942.5;941.6;-20;-10.4;-50;-25;NOK;-20;-9.7;-50;-25;NOK;-12;-10.3;0;-20;-10.5;-50;-25;NOK;330;341;330;500;OK;0;0;N/A;N/A;N/A;N/A;N/A;N/A;N/A;N/A;N/A;N/A;N/A;N/A;N/A;N/A;N/A;N/A;N/A;N/A;N/A;N/A;N/A;N/A;N/A;N/A;N/A;N/A;N/A;N/A;N/A;N/A;N/A;N/A;N/A;N/A;N/A;N/A;N/A;N/A;N/A;N/A;N/A;N/A;N/A;N/A;N/A;N/A;N/A;N/A;N/A;N/A;N/A;N/A;N/A;N/A;N/A;N/A;N/A;N/A;N/A;N/A;N/A;N/A;N/A;N/A;N/A;N/A;N/A;N/A;N/A;N/A;N/A;N/A;N/A;N/A;N/A;N/A;N/A;N/A;N/A;N/A;N/A;N/A;N/A;N/A;N/A;N/A;N/A;N/A;N/A;N/A;N/A;N/A;N/A;N/A;N/A;N/A;N/A;N/A;;0;456.5;0;0;;Disabled;NotOk;1;700;456.7;0;0;0;549.9;449.9;Enabled;PosOk;1;0;0;0;0;0;15;Disabled;0;0;0;0;0;0;0;0;0;0;0;0;0;0;0;0;0;0;0;0;0;0;0;0;0;0;0;0;0;0;0;0;0;0;0;0;0;0;0;0;0;0;0;0;0;0;0;0;0;0;0;0;0;0;0;0;0;0;0;0;0;0;0;0;0;0;0;0;0;0;30;34;20;45;30;29;20;45;30;25;20;45;30;25;20;45;200;227;100;300;200;224;100;300;200;0;100;300;200;0;100;300;30;34;20;45;30;30;20;45;30;26;20;45;30;28;20;45;200;243;100;300;200;240;100;300;200;0;100;300;200;0;100;300;4;2;0.4;6;4;5;0.4;6;4;2;0.4;6;4;5;0.4;6;4;2;0.4;6;4;6;0.4;6;4;2;0.4;6;4;5;0.4;6;NOK;NOK;OK;10000;10017;8000;11000;OK;8.63;0;8;12;NOK;N/A;1.95;N/A;N/A;N/A;9;10.7;7;18;OK;;0;0;0;-;Disabled;TempOk;1;230;120.9;0;0;0;349.9;441543200 volvo 589-1;441543200 volvo 589-1;441543200 volvo 589-1
20260331_23:28:32;26754;2;4;940;934.5;910;970;OK;940;943.7;910;970;OK;943.2;943.8;-15;-16.5;-50;-20;NOK;-15;-16.2;-50;-20;NOK;-15.7;-15.9;0;-15;-16.5;-50;-20;NOK;330;341;330;500;OK;0;0;N/A;N/A;N/A;N/A;N/A;N/A;N/A;N/A;N/A;N/A;N/A;N/A;N/A;N/A;N/A;N/A;N/A;N/A;N/A;N/A;N/A;N/A;N/A;N/A;N/A;N/A;N/A;N/A;N/A;N/A;N/A;N/A;N/A;N/A;N/A;N/A;N/A;N/A;N/A;N/A;N/A;N/A;N/A;N/A;N/A;N/A;N/A;N/A;N/A;N/A;N/A;N/A;N/A;N/A;N/A;N/A;N/A;N/A;N/A;N/A;N/A;N/A;N/A;N/A;N/A;N/A;N/A;N/A;N/A;N/A;N/A;N/A;N/A;N/A;N/A;N/A;N/A;N/A;N/A;N/A;N/A;N/A;N/A;N/A;N/A;N/A;N/A;N/A;N/A;N/A;N/A;N/A;N/A;N/A;N/A;N/A;N/A;N/A;;0;458.2;0;0;;Disabled;NotOk;1;700;458.4;0;0;0;549.9;449.9;Enabled;PosOk;1;0;0;0;0;0;15;Disabled;0;0;0;0;0;0;0;0;0;0;0;0;0;0;0;0;0;0;0;0;0;0;0;0;0;0;0;0;0;0;0;0;0;0;0;0;0;0;0;0;0;0;0;0;0;0;0;0;0;0;0;0;0;0;0;0;0;0;0;0;0;0;0;0;0;0;0;0;0;0;30;34;20;45;30;30;20;45;30;25;20;45;30;25;20;45;200;227;100;300;200;224;100;300;200;0;100;300;200;0;100;300;30;34;20;45;30;30;20;45;30;26;20;45;30;28;20;45;200;242;100;300;200;240;100;300;200;0;100;300;200;0;100;300;4;2;0.4;6;4;5;0.4;6;4;2;0.4;6;4;5;0.4;6;4;2;0.4;6;4;5;0.4;6;4;2;0.4;6;4;6;0.4;6;NOK;NOK;OK;10000;10035;8000;11000;OK;8.65;0;8;12;NOK;N/A;1.95;N/A;N/A;N/A;9;11.6;7;18;OK;;0;0;0;-;Disabled;TempOk;1;230;117.6;0;0;0;349.9;441543200 volvo 589-1;441543200 volvo 589-1;441543200 volvo 589-1
20260331_23:28:54;26755;3;4;940;938.7;910;970;OK;940;948.5;910;970;OK;948.3;948.4;-20;-12.8;-50;-25;NOK;-20;-13.3;-50;-25;NOK;-15.9;-15.8;0;-20;-12.7;-50;-25;NOK;330;341;330;500;OK;0;0;N/A;N/A;N/A;N/A;N/A;N/A;N/A;N/A;N/A;N/A;N/A;N/A;N/A;N/A;N/A;N/A;N/A;N/A;N/A;N/A;N/A;N/A;N/A;N/A;N/A;N/A;N/A;N/A;N/A;N/A;N/A;N/A;N/A;N/A;N/A;N/A;N/A;N/A;N/A;N/A;N/A;N/A;N/A;N/A;N/A;N/A;N/A;N/A;N/A;N/A;N/A;N/A;N/A;N/A;N/A;N/A;N/A;N/A;N/A;N/A;N/A;N/A;N/A;N/A;N/A;N/A;N/A;N/A;N/A;N/A;N/A;N/A;N/A;N/A;N/A;N/A;N/A;N/A;N/A;N/A;N/A;N/A;N/A;N/A;N/A;N/A;N/A;N/A;N/A;N/A;N/A;N/A;N/A;N/A;N/A;N/A;N/A;N/A;;0;458;0;0;;Disabled;NotOk;1;700;458.2;0;0;0;549.9;449.9;Enabled;PosOk;1;0;0;0;0;0;15;Disabled;0;0;0;0;0;0;0;0;0;0;0;0;0;0;0;0;0;0;0;0;0;0;0;0;0;0;0;0;0;0;0;0;0;0;0;0;0;0;0;0;0;0;0;0;0;0;0;0;0;0;0;0;0;0;0;0;0;0;0;0;0;0;0;0;0;0;0;0;0;0;30;34;20;45;30;30;20;45;30;25;20;45;30;25;20;45;200;227;100;300;200;224;100;300;200;0;100;300;200;0;100;300;30;34;20;45;30;30;20;45;30;26;20;45;30;28;20;45;200;242;100;300;200;240;100;300;200;0;100;300;200;0;100;300;4;2;0.4;6;4;5;0.4;6;4;2;0.4;6;4;5;0.4;6;4;2;0.4;6;4;5;0.4;6;4;2;0.4;6;4;6;0.4;6;NOK;NOK;OK;10000;10041;8000;11000;OK;8.66;0;8;12;NOK;N/A;1.95;N/A;N/A;N/A;9;11.7;7;18;OK;;0;0;0;-;Disabled;TempOk;1;230;121.4;0;0;0;349.9;441543200 volvo 589-1;441543200 volvo 589-1;441543200 volvo 589-1
20260331_23:29:16;26756;2;1;940;935.3;910;970;OK;940;944.9;910;970;OK;944.1;943.2;-15;-16.6;-50;-20;NOK;-15;-16.2;-50;-20;NOK;-14.3;-15.1;0;-15;-16.6;-50;-20;NOK;330;341;330;500;OK;0;0;N/A;N/A;N/A;N/A;N/A;N/A;N/A;N/A;N/A;N/A;N/A;N/A;N/A;N/A;N/A;N/A;N/A;N/A;N/A;N/A;N/A;N/A;N/A;N/A;N/A;N/A;N/A;N/A;N/A;N/A;N/A;N/A;N/A;N/A;N/A;N/A;N/A;N/A;N/A;N/A;N/A;N/A;N/A;N/A;N/A;N/A;N/A;N/A;N/A;N/A;N/A;N/A;N/A;N/A;N/A;N/A;N/A;N/A;N/A;N/A;N/A;N/A;N/A;N/A;N/A;N/A;N/A;N/A;N/A;N/A;N/A;N/A;N/A;N/A;N/A;N/A;N/A;N/A;N/A;N/A;N/A;N/A;N/A;N/A;N/A;N/A;N/A;N/A;N/A;N/A;N/A;N/A;N/A;N/A;N/A;N/A;N/A;N/A;;0;452.4;0;0;;Disabled;NotOk;1;700;452.6;0;0;0;549.9;449.9;Enabled;PosOk;1;0;0;0;0;0;15;Disabled;0;0;0;0;0;0;0;0;0;0;0;0;0;0;0;0;0;0;0;0;0;0;0;0;0;0;0;0;0;0;0;0;0;0;0;0;0;0;0;0;0;0;0;0;0;0;0;0;0;0;0;0;0;0;0;0;0;0;0;0;0;0;0;0;0;0;0;0;0;0;30;34;20;45;30;29;20;45;30;25;20;45;30;25;20;45;200;227;100;300;200;224;100;300;200;0;100;300;200;0;100;300;30;34;20;45;30;29;20;45;30;26;20;45;30;28;20;45;200;242;100;300;200;240;100;300;200;0;100;300;200;1;100;300;4;2;0.4;6;4;5;0.4;6;4;2;0.4;6;4;5;0.4;6;4;2;0.4;6;4;6;0.4;6;4;2;0.4;6;4;6;0.4;6;NOK;NOK;OK;10000;10042;8000;11000;OK;8.66;0;8;12;NOK;N/A;1.95;N/A;N/A;N/A;9;11.8;7;18;OK;;0;0;0;-;Disabled;TempOk;1;230;126.9;0;0;0;349.9;441543200 volvo 589-1;441543200 volvo 589-1;441543200 volvo 589-1
20260331_23:29:38;26757;1;1;940;936.4;910;970;OK;940;942.9;910;970;OK;942.3;942.6;-20;-15.4;-50;-25;NOK;-20;-15.3;-50;-25;NOK;-14.4;-14.7;0;-20;-15.4;-50;-25;NOK;330;341;330;500;OK;0;0;N/A;N/A;N/A;N/A;N/A;N/A;N/A;N/A;N/A;N/A;N/A;N/A;N/A;N/A;N/A;N/A;N/A;N/A;N/A;N/A;N/A;N/A;N/A;N/A;N/A;N/A;N/A;N/A;N/A;N/A;N/A;N/A;N/A;N/A;N/A;N/A;N/A;N/A;N/A;N/A;N/A;N/A;N/A;N/A;N/A;N/A;N/A;N/A;N/A;N/A;N/A;N/A;N/A;N/A;N/A;N/A;N/A;N/A;N/A;N/A;N/A;N/A;N/A;N/A;N/A;N/A;N/A;N/A;N/A;N/A;N/A;N/A;N/A;N/A;N/A;N/A;N/A;N/A;N/A;N/A;N/A;N/A;N/A;N/A;N/A;N/A;N/A;N/A;N/A;N/A;N/A;N/A;N/A;N/A;N/A;N/A;N/A;N/A;;0;442.2;0;0;;Disabled;TempStop;1;700;442.6;0;0;0;549.9;449.9;Enabled;PosOk;1;0;0;0;0;0;15;Disabled;0;0;0;0;0;0;0;0;0;0;0;0;0;0;0;0;0;0;0;0;0;0;0;0;0;0;0;0;0;0;0;0;0;0;0;0;0;0;0;0;0;0;0;0;0;0;0;0;0;0;0;0;0;0;0;0;0;0;0;0;0;0;0;0;0;0;0;0;0;0;30;34;20;45;30;29;20;45;30;25;20;45;30;25;20;45;200;228;100;300;200;224;100;300;200;0;100;300;200;0;100;300;30;34;20;45;30;29;20;45;30;26;20;45;30;28;20;45;200;242;100;300;200;240;100;300;200;0;100;300;200;0;100;300;4;2;0.4;6;4;5;0.4;6;4;2;0.4;6;4;5;0.4;6;4;2;0.4;6;4;6;0.4;6;4;2;0.4;6;4;6;0.4;6;NOK;NOK;OK;10000;10040;8000;11000;OK;8.65;0;8;12;NOK;N/A;1.96;N/A;N/A;N/A;9;10.9;7;18;OK;;0;0;0;-;Disabled;TempOk;1;230;118.4;0;0;0;349.9;441543200 volvo 589-1;441543200 volvo 589-1;441543200 volvo 589-1
20260331_23:30:00;26758;4;4;940;931.1;910;970;OK;940;952.5;910;970;OK;951.9;952.1;-15;-9.2;-50;-5;OK;-15;-8.7;-50;-5;OK;-8.4;-6.4;0;-15;-9.4;-50;-5;OK;330;341;330;500;OK;277.63;278.2;N/A;N/A;N/A;N/A;N/A;N/A;N/A;N/A;N/A;N/A;N/A;N/A;N/A;N/A;N/A;N/A;N/A;N/A;N/A;N/A;N/A;N/A;N/A;N/A;N/A;N/A;N/A;N/A;N/A;N/A;N/A;N/A;N/A;N/A;N/A;N/A;N/A;N/A;N/A;N/A;N/A;N/A;N/A;N/A;N/A;N/A;N/A;N/A;N/A;N/A;N/A;N/A;N/A;N/A;N/A;N/A;N/A;N/A;N/A;N/A;N/A;N/A;N/A;N/A;N/A;N/A;N/A;N/A;N/A;N/A;N/A;N/A;N/A;N/A;N/A;N/A;N/A;N/A;N/A;N/A;N/A;N/A;N/A;N/A;N/A;N/A;N/A;N/A;N/A;N/A;N/A;N/A;N/A;N/A;N/A;N/A;N/A;N/A;;0;441.4;0;0;;Disabled;TempStop;1;700;441.2;0;0;0;549.9;449.9;Enabled;PosOk;1;0;0;0;0;0;15;Disabled;0;0;0;0;0;0;0;0;0;0;0;0;0;0;0;0;0;0;0;0;0;0;0;0;0;0;0;0;0;0;0;0;0;0;0;0;0;0;0;0;0;0;0;0;0;0;0;0;0;0;0;0;0;0;0;0;0;0;0;0;0;0;0;0;0;0;0;0;0;0;30;34;20;45;30;29;20;45;30;25;20;45;30;25;20;45;200;227;100;300;200;224;100;300;200;0;100;300;200;0;100;300;30;34;20;45;30;29;20;45;30;26;20;45;30;28;20;45;200;243;100;300;200;241;100;300;200;0;100;300;200;0;100;300;4;2;0.4;6;4;5;0.4;6;4;2;0.4;6;4;5;0.4;6;4;2;0.4;6;4;6;0.4;6;4;2;0.4;6;4;6;0.4;6;NOK;NOK;OK;10000;10034;8000;11000;OK;8.64;0;8;12;NOK;N/A;1.95;N/A;N/A;N/A;9;11.8;7;18;OK;;0;0;0;-;Disabled;TempOk;1;230;127.9;0;0;0;349.9;441543200 volvo 589-1;441543200 volvo 589-1;441543200 volvo 589-1
20260331_23:30:22;26759;1;2;940;942.5;910;970;OK;940;952.4;910;970;OK;952.5;952.3;-20;-15.1;-50;-25;NOK;-20;-15.1;-50;-25;NOK;-13.5;-14.2;0;-20;-15.1;-50;-25;NOK;330;341;330;500;OK;0;0;N/A;N/A;N/A;N/A;N/A;N/A;N/A;N/A;N/A;N/A;N/A;N/A;N/A;N/A;N/A;N/A;N/A;N/A;N/A;N/A;N/A;N/A;N/A;N/A;N/A;N/A;N/A;N/A;N/A;N/A;N/A;N/A;N/A;N/A;N/A;N/A;N/A;N/A;N/A;N/A;N/A;N/A;N/A;N/A;N/A;N/A;N/A;N/A;N/A;N/A;N/A;N/A;N/A;N/A;N/A;N/A;N/A;N/A;N/A;N/A;N/A;N/A;N/A;N/A;N/A;N/A;N/A;N/A;N/A;N/A;N/A;N/A;N/A;N/A;N/A;N/A;N/A;N/A;N/A;N/A;N/A;N/A;N/A;N/A;N/A;N/A;N/A;N/A;N/A;N/A;N/A;N/A;N/A;N/A;N/A;N/A;N/A;N/A;;0;448.3;0;0;;Disabled;TempStop;1;700;448;0;0;0;549.9;449.9;Enabled;PosOk;1;0;0;0;0;0;15;Disabled;0;0;0;0;0;0;0;0;0;0;0;0;0;0;0;0;0;0;0;0;0;0;0;0;0;0;0;0;0;0;0;0;0;0;0;0;0;0;0;0;0;0;0;0;0;0;0;0;0;0;0;0;0;0;0;0;0;0;0;0;0;0;0;0;0;0;0;0;0;0;30;34;20;45;30;29;20;45;30;25;20;45;30;25;20;45;200;227;100;300;200;224;100;300;200;0;100;300;200;0;100;300;30;34;20;45;30;29;20;45;30;26;20;45;30;28;20;45;200;243;100;300;200;240;100;300;200;0;100;300;200;0;100;300;4;2;0.4;6;4;5;0.4;6;4;2;0.4;6;4;5;0.4;6;4;2;0.4;6;4;5;0.4;6;4;2;0.4;6;4;6;0.4;6;NOK;NOK;OK;10000;10034;8000;11000;OK;8.65;0;8;12;NOK;N/A;1.95;N/A;N/A;N/A;9;10.9;7;18;OK;;0;0;0;-;Disabled;TempOk;1;230;122.9;0;0;0;349.9;441543200 volvo 589-1;441543200 volvo 589-1;441543200 volvo 589-1
20260331_23:30:44;26760;4;1;940;939.4;910;970;OK;940;948.6;910;970;OK;947.1;947.6;-15;-14.7;-50;-5;OK;-15;-16.1;-50;-5;OK;-17.3;-17.1;0;-15;-14.7;-50;-5;OK;330;341;330;500;OK;277.7;278.27;N/A;N/A;N/A;N/A;N/A;N/A;N/A;N/A;N/A;N/A;N/A;N/A;N/A;N/A;N/A;N/A;N/A;N/A;N/A;N/A;N/A;N/A;N/A;N/A;N/A;N/A;N/A;N/A;N/A;N/A;N/A;N/A;N/A;N/A;N/A;N/A;N/A;N/A;N/A;N/A;N/A;N/A;N/A;N/A;N/A;N/A;N/A;N/A;N/A;N/A;N/A;N/A;N/A;N/A;N/A;N/A;N/A;N/A;N/A;N/A;N/A;N/A;N/A;N/A;N/A;N/A;N/A;N/A;N/A;N/A;N/A;N/A;N/A;N/A;N/A;N/A;N/A;N/A;N/A;N/A;N/A;N/A;N/A;N/A;N/A;N/A;N/A;N/A;N/A;N/A;N/A;N/A;N/A;N/A;N/A;N/A;N/A;N/A;;0;453.8;0;0;;Disabled;NotOk;1;700;453.9;0;0;0;549.9;449.9;Enabled;PosOk;1;0;0;0;0;0;15;Disabled;0;0;0;0;0;0;0;0;0;0;0;0;0;0;0;0;0;0;0;0;0;0;0;0;0;0;0;0;0;0;0;0;0;0;0;0;0;0;0;0;0;0;0;0;0;0;0;0;0;0;0;0;0;0;0;0;0;0;0;0;0;0;0;0;0;0;0;0;0;0;30;34;20;45;30;30;20;45;30;25;20;45;30;25;20;45;200;227;100;300;200;224;100;300;200;0;100;300;200;0;100;300;30;34;20;45;30;30;20;45;30;26;20;45;30;28;20;45;200;243;100;300;200;241;100;300;200;0;100;300;200;0;100;300;4;2;0.4;6;4;5;0.4;6;4;2;0.4;6;4;6;0.4;6;4;2;0.4;6;4;6;0.4;6;4;2;0.4;6;4;6;0.4;6;NOK;NOK;OK;10000;10038;8000;11000;OK;8.65;0;8;12;NOK;N/A;1.95;N/A;N/A;N/A;9;11.7;7;18;OK;;0;0;0;-;Disabled;TempOk;1;230;119;0;0;0;349.9;441543200 volvo 589-1;441543200 volvo 589-1;441543200 volvo 589-1
20260331_23:31:06;26761;3;2;940;931.6;910;970;OK;940;942.5;910;970;OK;943.8;943.1;-20;-18.9;-50;-25;NOK;-20;-18.6;-50;-25;NOK;-16.7;-17.5;0;-20;-19;-50;-25;NOK;330;341;330;500;OK;0;0;N/A;N/A;N/A;N/A;N/A;N/A;N/A;N/A;N/A;N/A;N/A;N/A;N/A;N/A;N/A;N/A;N/A;N/A;N/A;N/A;N/A;N/A;N/A;N/A;N/A;N/A;N/A;N/A;N/A;N/A;N/A;N/A;N/A;N/A;N/A;N/A;N/A;N/A;N/A;N/A;N/A;N/A;N/A;N/A;N/A;N/A;N/A;N/A;N/A;N/A;N/A;N/A;N/A;N/A;N/A;N/A;N/A;N/A;N/A;N/A;N/A;N/A;N/A;N/A;N/A;N/A;N/A;N/A;N/A;N/A;N/A;N/A;N/A;N/A;N/A;N/A;N/A;N/A;N/A;N/A;N/A;N/A;N/A;N/A;N/A;N/A;N/A;N/A;N/A;N/A;N/A;N/A;N/A;N/A;N/A;N/A;N/A;N/A;;0;453.4;0;0;;Disabled;NotOk;1;700;453.5;0;0;0;549.9;449.9;Enabled;PosOk;1;0;0.5;0;0;0;15;Disabled;0;0;0;0;0;0;0;0;0;0;0;0;0;0;0;0;0;0;0;0;0;0;0;0;0;0;0;0;0;0;0;0;0;0;0;0;0;0;0;0;0;0;0;0;0;0;0;0;0;0;0;0;0;0;0;0;0;0;0;0;0;0;0;0;0;0;0;0;0;0;30;35;20;45;30;30;20;45;30;25;20;45;30;25;20;45;200;227;100;300;200;224;100;300;200;0;100;300;200;0;100;300;30;34;20;45;30;30;20;45;30;26;20;45;30;28;20;45;200;244;100;300;200;240;100;300;200;0;100;300;200;0;100;300;4;2;0.4;6;4;5;0.4;6;4;2;0.4;6;4;5;0.4;6;4;2;0.4;6;4;6;0.4;6;4;2;0.4;6;4;5;0.4;6;NOK;NOK;OK;10000;10031;8000;11000;OK;8.65;0;8;12;NOK;N/A;1.95;N/A;N/A;N/A;9;11.6;7;18;OK;;0;0;0;-;Disabled;TempOk;1;230;119.5;0;0;0;349.9;441543200 volvo 589-1;441543200 volvo 589-1;441543200 volvo 589-1
20260331_23:31:28;26762;2;2;940;934.4;910;970;OK;940;941.8;910;970;OK;943.3;942.4;-15;-14.6;-50;-20;NOK;-15;-16.3;-50;-20;NOK;-16.2;-16.6;0;-15;-14.6;-50;-20;NOK;330;341;330;500;OK;0;0;N/A;N/A;N/A;N/A;N/A;N/A;N/A;N/A;N/A;N/A;N/A;N/A;N/A;N/A;N/A;N/A;N/A;N/A;N/A;N/A;N/A;N/A;N/A;N/A;N/A;N/A;N/A;N/A;N/A;N/A;N/A;N/A;N/A;N/A;N/A;N/A;N/A;N/A;N/A;N/A;N/A;N/A;N/A;N/A;N/A;N/A;N/A;N/A;N/A;N/A;N/A;N/A;N/A;N/A;N/A;N/A;N/A;N/A;N/A;N/A;N/A;N/A;N/A;N/A;N/A;N/A;N/A;N/A;N/A;N/A;N/A;N/A;N/A;N/A;N/A;N/A;N/A;N/A;N/A;N/A;N/A;N/A;N/A;N/A;N/A;N/A;N/A;N/A;N/A;N/A;N/A;N/A;N/A;N/A;N/A;N/A;N/A;N/A;;0;455.6;0;0;;Disabled;NotOk;1;700;455.9;0;0;0;549.9;449.9;Enabled;PosOk;1;0;0;0;0;0;15;Disabled;0;0;0;0;0;0;0;0;0;0;0;0;0;0;0;0;0;0;0;0;0;0;0;0;0;0;0;0;0;0;0;0;0;0;0;0;0;0;0;0;0;0;0;0;0;0;0;0;0;0;0;0;0;0;0;0;0;0;0;0;0;0;0;0;0;0;0;0;0;0;30;35;20;45;30;30;20;45;30;25;20;45;30;25;20;45;200;228;100;300;200;224;100;300;200;0;100;300;200;0;100;300;30;34;20;45;30;30;20;45;30;26;20;45;30;28;20;45;200;243;100;300;200;240;100;300;200;0;100;300;200;0;100;300;4;2;0.4;6;4;5;0.4;6;4;2;0.4;6;4;5;0.4;6;4;2;0.4;6;4;5;0.4;6;4;2;0.4;6;4;6;0.4;6;NOK;NOK;OK;10000;10053;8000;11000;OK;8.66;0;8;12;NOK;N/A;1.95;N/A;N/A;N/A;9;11.6;7;18;OK;;0;0;0;-;Disabled;TempOk;1;230;118.5;0;0;0;349.9;441543200 volvo 589-1;441543200 volvo 589-1;441543200 volvo 589-1
20260331_23:31:50;26763;1;3;940;942;910;970;OK;940;952.4;910;970;OK;952.6;952.4;-20;-11.8;-50;-25;NOK;-20;-12;-50;-25;NOK;-15.9;-15.3;0;-20;-11.7;-50;-25;NOK;330;341;330;500;OK;0;0;N/A;N/A;N/A;N/A;N/A;N/A;N/A;N/A;N/A;N/A;N/A;N/A;N/A;N/A;N/A;N/A;N/A;N/A;N/A;N/A;N/A;N/A;N/A;N/A;N/A;N/A;N/A;N/A;N/A;N/A;N/A;N/A;N/A;N/A;N/A;N/A;N/A;N/A;N/A;N/A;N/A;N/A;N/A;N/A;N/A;N/A;N/A;N/A;N/A;N/A;N/A;N/A;N/A;N/A;N/A;N/A;N/A;N/A;N/A;N/A;N/A;N/A;N/A;N/A;N/A;N/A;N/A;N/A;N/A;N/A;N/A;N/A;N/A;N/A;N/A;N/A;N/A;N/A;N/A;N/A;N/A;N/A;N/A;N/A;N/A;N/A;N/A;N/A;N/A;N/A;N/A;N/A;N/A;N/A;N/A;N/A;N/A;N/A;;0;464.1;0;0;;Disabled;NotOk;1;700;464.3;0;0;0;549.9;449.9;Enabled;PosOk;1;0;0;0;0;0;15;Disabled;0;0;0;0;0;0;0;0;0;0;0;0;0;0;0;0;0;0;0;0;0;0;0;0;0;0;0;0;0;0;0;0;0;0;0;0;0;0;0;0;0;0;0;0;0;0;0;0;0;0;0;0;0;0;0;0;0;0;0;0;0;0;0;0;0;0;0;0;0;0;30;35;20;45;30;30;20;45;30;25;20;45;30;25;20;45;200;228;100;300;200;224;100;300;200;0;100;300;200;0;100;300;30;34;20;45;30;30;20;45;30;26;20;45;30;28;20;45;200;243;100;300;200;241;100;300;200;0;100;300;200;0;100;300;4;2;0.4;6;4;5;0.4;6;4;2;0.4;6;4;5;0.4;6;4;2;0.4;6;4;5;0.4;6;4;2;0.4;6;4;5;0.4;6;NOK;NOK;OK;10000;10037;8000;11000;OK;8.65;0;8;12;NOK;N/A;1.95;N/A;N/A;N/A;9;10.5;7;18;OK;;0;0;0;-;Disabled;TempOk;1;230;121.9;0;0;0;349.9;441543200 volvo 589-1;441543200 volvo 589-1;441543200 volvo 589-1
20260331_23:32:13;26764;4;2;940;948.6;910;970;OK;940;956.9;910;970;OK;952.8;954.3;-15;-14.8;-50;-5;OK;-15;-17.4;-50;-5;OK;-17.5;-18.2;0;-15;-14.6;-50;-5;OK;330;341;330;500;OK;277.84;278.42;N/A;N/A;N/A;N/A;N/A;N/A;N/A;N/A;N/A;N/A;N/A;N/A;N/A;N/A;N/A;N/A;N/A;N/A;N/A;N/A;N/A;N/A;N/A;N/A;N/A;N/A;N/A;N/A;N/A;N/A;N/A;N/A;N/A;N/A;N/A;N/A;N/A;N/A;N/A;N/A;N/A;N/A;N/A;N/A;N/A;N/A;N/A;N/A;N/A;N/A;N/A;N/A;N/A;N/A;N/A;N/A;N/A;N/A;N/A;N/A;N/A;N/A;N/A;N/A;N/A;N/A;N/A;N/A;N/A;N/A;N/A;N/A;N/A;N/A;N/A;N/A;N/A;N/A;N/A;N/A;N/A;N/A;N/A;N/A;N/A;N/A;N/A;N/A;N/A;N/A;N/A;N/A;N/A;N/A;N/A;N/A;N/A;N/A;;0;458;0;0;;Disabled;NotOk;1;700;458.3;0;0;0;549.9;449.9;Enabled;PosOk;1;0;0;0;0;0;15;Disabled;0;0;0;0;0;0;0;0;0;0;0;0;0;0;0;0;0;0;0;0;0;0;0;0;0;0;0;0;0;0;0;0;0;0;0;0;0;0;0;0;0;0;0;0;0;0;0;0;0;0;0;0;0;0;0;0;0;0;0;0;0;0;0;0;0;0;0;0;0;0;30;35;20;45;30;30;20;45;30;25;20;45;30;25;20;45;200;228;100;300;200;224;100;300;200;0;100;300;200;0;100;300;30;34;20;45;30;29;20;45;30;26;20;45;30;28;20;45;200;243;100;300;200;241;100;300;200;0;100;300;200;0;100;300;4;2;0.4;6;4;5;0.4;6;4;2;0.4;6;4;5;0.4;6;4;2;0.4;6;4;5;0.4;6;4;2;0.4;6;4;6;0.4;6;NOK;NOK;OK;10000;10051;8000;11000;OK;8.66;0;8;12;NOK;N/A;1.95;N/A;N/A;N/A;9;11.7;7;18;OK;;0;0;0;-;Disabled;TempOk;1;230;117.8;0;0;0;349.9;441543200 volvo 589-1;441543200 volvo 589-1;441543200 volvo 589-1
20260331_23:32:27;26766;2;3;940;910.2;910;970;OK;940;912.1;910;970;OK;904.9;909.4;-15;-14.6;-50;-20;NOK;-15;-14.6;-50;-20;NOK;-14.8;-14.7;0;-15;-14.6;-50;-20;NOK;330;341;330;500;OK;0;0;;;;;;;;;;;;;;;;;;;;;;;;;;;;;;;;;;;;;;;;;;;;;;;;;;;;;;;;;;;;;;;;;;;;;;;;;;;;;;;;;;;;;;;;;;;;;;;;;;;;;;;;;;;;;;;;;;;;;;;;;;;;;;;;;;;;;;;;;;;;;;;;;;;;;;;;;;;;;;;;;;;;;;;;;;;;;;;;;;;;;;;;;;;;;;;;;;;;;;;;;;;;;;;;;;;;;;;;;;;;;;;;;;;;;;;;;;;;;;;;;;;;;;;;;;;;;;;;;;;;;;;;;;;;;;;;;;;;;;;;;;;;;;;;;;;;;;;;;;;;;;;;;;;;;;;;;;;;;;;;;;;;;;;;441543200 volvo 589-1;;;;
20260331_23:32:35;26765;3;5;940;943.5;910;970;OK;940;951.7;910;970;OK;954.2;953.1;-20;-15.1;-50;-25;NOK;-20;-14.6;-50;-25;NOK;-12.1;-12.9;0;-20;-15.2;-50;-25;NOK;330;341;330;500;OK;0;0;N/A;N/A;N/A;N/A;N/A;N/A;N/A;N/A;N/A;N/A;N/A;N/A;N/A;N/A;N/A;N/A;N/A;N/A;N/A;N/A;N/A;N/A;N/A;N/A;N/A;N/A;N/A;N/A;N/A;N/A;N/A;N/A;N/A;N/A;N/A;N/A;N/A;N/A;N/A;N/A;N/A;N/A;N/A;N/A;N/A;N/A;N/A;N/A;N/A;N/A;N/A;N/A;N/A;N/A;N/A;N/A;N/A;N/A;N/A;N/A;N/A;N/A;N/A;N/A;N/A;N/A;N/A;N/A;N/A;N/A;N/A;N/A;N/A;N/A;N/A;N/A;N/A;N/A;N/A;N/A;N/A;N/A;N/A;N/A;N/A;N/A;N/A;N/A;N/A;N/A;N/A;N/A;N/A;N/A;N/A;N/A;N/A;N/A;;0;448.8;0;0;;Disabled;TempStop;1;700;448.6;0;0;0;549.9;449.9;Enabled;PosOk;1;0;0;0;0;0;15;Disabled;0;0;0;0;0;0;0;0;0;0;0;0;0;0;0;0;0;0;0;0;0;0;0;0;0;0;0;0;0;0;0;0;0;0;0;0;0;0;0;0;0;0;0;0;0;0;0;0;0;0;0;0;0;0;0;0;0;0;0;0;0;0;0;0;0;0;0;0;0;0;30;34;20;45;30;29;20;45;30;25;20;45;30;25;20;45;200;227;100;300;200;225;100;300;200;0;100;300;200;0;100;300;30;34;20;45;30;29;20;45;30;26;20;45;30;28;20;45;200;243;100;300;200;241;100;300;200;0;100;300;200;0;100;300;4;2;0.4;6;4;5;0.4;6;4;2;0.4;6;4;5;0.4;6;4;2;0.4;6;4;6;0.4;6;4;2;0.4;6;4;6;0.4;6;NOK;NOK;OK;10000;10038;8000;11000;OK;8.65;0;8;12;NOK;N/A;1.95;N/A;N/A;N/A;9;11.7;7;18;OK;;0;0;0;-;Disabled;TempOk;1;230;119.8;0;0;0;349.9;441543200 volvo 589-1;441543200 volvo 589-1;441543200 volvo 589-1
20260331_23:33:19;26767;3;3;940;940.8;910;970;OK;940;951.4;910;970;OK;951.4;951.4;-20;-14.2;-50;-25;NOK;-20;-14.2;-50;-25;NOK;-15.1;-15;0;-20;-14.1;-50;-25;NOK;330;341;330;500;OK;0;0;N/A;N/A;N/A;N/A;N/A;N/A;N/A;N/A;N/A;N/A;N/A;N/A;N/A;N/A;N/A;N/A;N/A;N/A;N/A;N/A;N/A;N/A;N/A;N/A;N/A;N/A;N/A;N/A;N/A;N/A;N/A;N/A;N/A;N/A;N/A;N/A;N/A;N/A;N/A;N/A;N/A;N/A;N/A;N/A;N/A;N/A;N/A;N/A;N/A;N/A;N/A;N/A;N/A;N/A;N/A;N/A;N/A;N/A;N/A;N/A;N/A;N/A;N/A;N/A;N/A;N/A;N/A;N/A;N/A;N/A;N/A;N/A;N/A;N/A;N/A;N/A;N/A;N/A;N/A;N/A;N/A;N/A;N/A;N/A;N/A;N/A;N/A;N/A;N/A;N/A;N/A;N/A;N/A;N/A;N/A;N/A;N/A;N/A;;0;405.3;0;0;;Disabled;TempStop;1;700;406.2;0;0;0;549.9;449.9;Enabled;PosOk;1;0;0;0;0;0;15;Disabled;0;0;0;0;0;0;0;0;0;0;0;0;0;0;0;0;0;0;0;0;0;0;0;0;0;0;0;0;0;0;0;0;0;0;0;0;0;0;0;0;0;0;0;0;0;0;0;0;0;0;0;0;0;0;0;0;0;0;0;0;0;0;0;0;0;0;0;0;0;0;30;32;20;45;30;30;20;45;30;25;20;45;30;25;20;45;200;227;100;300;200;225;100;300;200;0;100;300;200;0;100;300;30;32;20;45;30;30;20;45;30;26;20;45;30;28;20;45;200;242;100;300;200;240;100;300;200;0;100;300;200;0;100;300;4;2;0.4;6;4;5;0.4;6;4;2;0.4;6;4;5;0.4;6;4;2;0.4;6;4;6;0.4;6;4;2;0.4;6;4;6;0.4;6;NOK;NOK;OK;10000;10034;8000;11000;OK;8.65;0;8;12;NOK;N/A;1.95;N/A;N/A;N/A;9;11.7;7;18;OK;;0;0;0;-;Disabled;TempOk;1;230;109.9;0;0;0;349.9;441543200 volvo 589-1;441543200 volvo 589-1;441543200 volvo 589-1
20260331_23:34:40;26768;4;3;940;944.5;910;970;OK;940;954;910;970;OK;953.7;954.3;-15;-12.1;-50;-5;OK;-15;-13.7;-50;-5;OK;-16.4;-15.8;0;-15;-12.1;-50;-5;OK;330;400;330;500;OK;278.01;278.66;N/A;N/A;N/A;N/A;N/A;N/A;N/A;N/A;N/A;N/A;N/A;N/A;N/A;N/A;N/A;N/A;N/A;N/A;N/A;N/A;N/A;N/A;N/A;N/A;N/A;N/A;N/A;N/A;N/A;N/A;N/A;N/A;N/A;N/A;N/A;N/A;N/A;N/A;N/A;N/A;N/A;N/A;N/A;N/A;N/A;N/A;N/A;N/A;N/A;N/A;N/A;N/A;N/A;N/A;N/A;N/A;N/A;N/A;N/A;N/A;N/A;N/A;N/A;N/A;N/A;N/A;N/A;N/A;N/A;N/A;N/A;N/A;N/A;N/A;N/A;N/A;N/A;N/A;N/A;N/A;N/A;N/A;N/A;N/A;N/A;N/A;N/A;N/A;N/A;N/A;N/A;N/A;N/A;N/A;N/A;N/A;N/A;N/A;;0;381.4;0;0;;Disabled;TempStop;1;700;384.7;0;0;0;549.9;449.9;Enabled;PosOk;1;0;0;0;0;0;15;Disabled;0;0;0;0;0;0;0;0;0;0;0;0;0;0;0;0;0;0;0;0;0;0;0;0;0;0;0;0;0;0;0;0;0;0;0;0;0;0;0;0;0;0;0;0;0;0;0;0;0;0;0;0;0;0;0;0;0;0;0;0;0;0;0;0;0;0;0;0;0;0;30;31;20;45;30;30;20;45;30;25;20;45;30;25;20;45;200;227;100;300;200;224;100;300;200;0;100;300;200;0;100;300;30;31;20;45;30;30;20;45;30;26;20;45;30;28;20;45;200;242;100;300;200;240;100;300;200;0;100;300;200;0;100;300;4;2;0.4;6;4;5;0.4;6;4;2;0.4;6;4;6;0.4;6;4;2;0.4;6;4;6;0.4;6;4;2;0.4;6;4;6;0.4;6;NOK;NOK;OK;10000;10028;8000;11000;OK;8.64;0;8;12;NOK;N/A;1.95;N/A;N/A;N/A;9;11.7;7;18;OK;;0;0;0;-;Disabled;TempOk;1;230;96.7;0;0;0;349.9;441543200 volvo 589-1;441543200 volvo 589-1;441543200 volvo 589-1
20260331_23:35:02;26769;1;4;940;934.8;910;970;OK;940;941.7;910;970;OK;943.1;942.3;-20;-10;-50;-25;NOK;-20;-11.9;-50;-25;NOK;-11.7;-10.1;0;-20;-10;-50;-25;NOK;330;400;330;500;OK;0;0;N/A;N/A;N/A;N/A;N/A;N/A;N/A;N/A;N/A;N/A;N/A;N/A;N/A;N/A;N/A;N/A;N/A;N/A;N/A;N/A;N/A;N/A;N/A;N/A;N/A;N/A;N/A;N/A;N/A;N/A;N/A;N/A;N/A;N/A;N/A;N/A;N/A;N/A;N/A;N/A;N/A;N/A;N/A;N/A;N/A;N/A;N/A;N/A;N/A;N/A;N/A;N/A;N/A;N/A;N/A;N/A;N/A;N/A;N/A;N/A;N/A;N/A;N/A;N/A;N/A;N/A;N/A;N/A;N/A;N/A;N/A;N/A;N/A;N/A;N/A;N/A;N/A;N/A;N/A;N/A;N/A;N/A;N/A;N/A;N/A;N/A;N/A;N/A;N/A;N/A;N/A;N/A;N/A;N/A;N/A;N/A;N/A;N/A;;0;449.3;0;0;;Disabled;NotOk;1;700;452.7;0;0;0;549.9;449.9;Enabled;PosOk;1;0;0;0;0;0;15;Disabled;0;0;0;0;0;0;0;0;0;0;0;0;0;0;0;0;0;0;0;0;0;0;0;0;0;0;0;0;0;0;0;0;0;0;0;0;0;0;0;0;0;0;0;0;0;0;0;0;0;0;0;0;0;0;0;0;0;0;0;0;0;0;0;0;0;0;0;0;0;0;30;33;20;45;30;30;20;45;30;25;20;45;30;25;20;45;200;227;100;300;200;224;100;300;200;0;100;300;200;0;100;300;30;33;20;45;30;29;20;45;30;26;20;45;30;28;20;45;200;242;100;300;200;240;100;300;200;0;100;300;200;0;100;300;4;2;0.4;6;4;5;0.4;6;4;2;0.4;6;4;5;0.4;6;4;2;0.4;6;4;5;0.4;6;4;2;0.4;6;4;5;0.4;6;NOK;NOK;OK;10000;10040;8000;11000;OK;8.65;0;8;12;NOK;N/A;1.95;N/A;N/A;N/A;9;10.8;7;18;OK;;0;0;0;-;Disabled;TempOk;1;230;122.5;0;0;0;349.9;441543200 volvo 589-1;441543200 volvo 589-1;441543200 volvo 589-1
20260331_23:35:24;26770;2;4;940;935.3;910;970;OK;940;943.9;910;970;OK;944.1;944.1;-15;-16.2;-50;-20;NOK;-15;-15.3;-50;-20;NOK;-15.3;-15.7;0;-15;-16.2;-50;-20;NOK;330;400;330;500;OK;0;0;N/A;N/A;N/A;N/A;N/A;N/A;N/A;N/A;N/A;N/A;N/A;N/A;N/A;N/A;N/A;N/A;N/A;N/A;N/A;N/A;N/A;N/A;N/A;N/A;N/A;N/A;N/A;N/A;N/A;N/A;N/A;N/A;N/A;N/A;N/A;N/A;N/A;N/A;N/A;N/A;N/A;N/A;N/A;N/A;N/A;N/A;N/A;N/A;N/A;N/A;N/A;N/A;N/A;N/A;N/A;N/A;N/A;N/A;N/A;N/A;N/A;N/A;N/A;N/A;N/A;N/A;N/A;N/A;N/A;N/A;N/A;N/A;N/A;N/A;N/A;N/A;N/A;N/A;N/A;N/A;N/A;N/A;N/A;N/A;N/A;N/A;N/A;N/A;N/A;N/A;N/A;N/A;N/A;N/A;N/A;N/A;N/A;N/A;;0;457.3;0;0;;Disabled;NotOk;1;700;460.7;0;0;0;549.9;449.9;Enabled;PosOk;1;0;0;0;0;0;15;Disabled;0;0;0;0;0;0;0;0;0;0;0;0;0;0;0;0;0;0;0;0;0;0;0;0;0;0;0;0;0;0;0;0;0;0;0;0;0;0;0;0;0;0;0;0;0;0;0;0;0;0;0;0;0;0;0;0;0;0;0;0;0;0;0;0;0;0;0;0;0;0;30;33;20;45;30;29;20;45;30;25;20;45;30;25;20;45;200;227;100;300;200;224;100;300;200;0;100;300;200;0;100;300;30;33;20;45;30;29;20;45;30;26;20;45;30;28;20;45;200;242;100;300;200;240;100;300;200;0;100;300;200;0;100;300;4;2;0.4;6;4;5;0.4;6;4;2;0.4;6;4;5;0.4;6;4;2;0.4;6;4;6;0.4;6;4;2;0.4;6;4;6;0.4;6;NOK;NOK;OK;10000;10030;8000;11000;OK;8.65;0;8;12;NOK;N/A;1.95;N/A;N/A;N/A;9;11.6;7;18;OK;;0;0;0;-;Disabled;TempOk;1;230;116;0;0;0;349.9;441543200 volvo 589-1;441543200 volvo 589-1;441543200 volvo 589-1
20260331_23:35:46;26771;3;4;940;941;910;970;OK;940;951.3;910;970;OK;950.8;951.1;-20;-12.7;-50;-25;NOK;-20;-12.1;-50;-25;NOK;-15.7;-15.7;0;-20;-12.6;-50;-25;NOK;330;400;330;500;OK;0;0;N/A;N/A;N/A;N/A;N/A;N/A;N/A;N/A;N/A;N/A;N/A;N/A;N/A;N/A;N/A;N/A;N/A;N/A;N/A;N/A;N/A;N/A;N/A;N/A;N/A;N/A;N/A;N/A;N/A;N/A;N/A;N/A;N/A;N/A;N/A;N/A;N/A;N/A;N/A;N/A;N/A;N/A;N/A;N/A;N/A;N/A;N/A;N/A;N/A;N/A;N/A;N/A;N/A;N/A;N/A;N/A;N/A;N/A;N/A;N/A;N/A;N/A;N/A;N/A;N/A;N/A;N/A;N/A;N/A;N/A;N/A;N/A;N/A;N/A;N/A;N/A;N/A;N/A;N/A;N/A;N/A;N/A;N/A;N/A;N/A;N/A;N/A;N/A;N/A;N/A;N/A;N/A;N/A;N/A;N/A;N/A;N/A;N/A;;0;447;0;0;;Disabled;NotOk;1;700;450.2;0;0;0;549.9;449.9;Enabled;PosOk;1;0;0;0;0;0;15;Disabled;0;0;0;0;0;0;0;0;0;0;0;0;0;0;0;0;0;0;0;0;0;0;0;0;0;0;0;0;0;0;0;0;0;0;0;0;0;0;0;0;0;0;0;0;0;0;0;0;0;0;0;0;0;0;0;0;0;0;0;0;0;0;0;0;0;0;0;0;0;0;30;34;20;45;30;29;20;45;30;25;20;45;30;25;20;45;200;228;100;300;200;224;100;300;200;0;100;300;200;0;100;300;30;33;20;45;30;29;20;45;30;26;20;45;30;28;20;45;200;243;100;300;200;241;100;300;200;0;100;300;200;0;100;300;4;2;0.4;6;4;5;0.4;6;4;2;0.4;6;4;6;0.4;6;4;2;0.4;6;4;5;0.4;6;4;2;0.4;6;4;6;0.4;6;NOK;NOK;OK;10000;10029;8000;11000;OK;8.64;0;8;12;NOK;N/A;1.95;N/A;N/A;N/A;9;11.7;7;18;OK;;0;0;0;-;Disabled;TempOk;1;230;118.6;0;0;0;349.9;441543200 volvo 589-1;441543200 volvo 589-1;441543200 volvo 589-1
20260331_23:36:08;26772;2;1;940;936.8;910;970;OK;940;946.6;910;970;OK;944.9;944.2;-15;-16.5;-50;-20;NOK;-15;-17.1;-50;-20;NOK;-14.4;-15.3;0;-15;-16.5;-50;-20;NOK;330;400;330;500;OK;0;0;N/A;N/A;N/A;N/A;N/A;N/A;N/A;N/A;N/A;N/A;N/A;N/A;N/A;N/A;N/A;N/A;N/A;N/A;N/A;N/A;N/A;N/A;N/A;N/A;N/A;N/A;N/A;N/A;N/A;N/A;N/A;N/A;N/A;N/A;N/A;N/A;N/A;N/A;N/A;N/A;N/A;N/A;N/A;N/A;N/A;N/A;N/A;N/A;N/A;N/A;N/A;N/A;N/A;N/A;N/A;N/A;N/A;N/A;N/A;N/A;N/A;N/A;N/A;N/A;N/A;N/A;N/A;N/A;N/A;N/A;N/A;N/A;N/A;N/A;N/A;N/A;N/A;N/A;N/A;N/A;N/A;N/A;N/A;N/A;N/A;N/A;N/A;N/A;N/A;N/A;N/A;N/A;N/A;N/A;N/A;N/A;N/A;N/A;;0;434.6;0;0;;Disabled;TempStop;1;700;437.8;0;0;0;549.9;449.9;Enabled;PosOk;1;0;0;0;0;0;15;Disabled;0;0;0;0;0;0;0;0;0;0;0;0;0;0;0;0;0;0;0;0;0;0;0;0;0;0;0;0;0;0;0;0;0;0;0;0;0;0;0;0;0;0;0;0;0;0;0;0;0;0;0;0;0;0;0;0;0;0;0;0;0;0;0;0;0;0;0;0;0;0;30;34;20;45;30;29;20;45;30;25;20;45;30;25;20;45;200;227;100;300;200;224;100;300;200;0;100;300;200;0;100;300;30;33;20;45;30;30;20;45;30;26;20;45;30;28;20;45;200;242;100;300;200;241;100;300;200;0;100;300;200;0;100;300;4;2;0.4;6;4;5;0.4;6;4;2;0.4;6;4;5;0.4;6;4;2;0.4;6;4;5;0.4;6;4;2;0.4;6;4;6;0.4;6;NOK;NOK;OK;10000;10028;8000;11000;OK;8.65;0;8;12;NOK;N/A;1.95;N/A;N/A;N/A;9;11.7;7;18;OK;;0;0;0;-;Disabled;TempOk;1;230;113.8;0;0;0;349.9;441543200 volvo 589-1;441543200 volvo 589-1;441543200 volvo 589-1
20260331_23:36:30;26773;1;1;940;935.3;910;970;OK;940;932.7;910;970;OK;927.4;929.4;-20;-15.5;-50;-25;NOK;-20;-16.2;-50;-25;NOK;-14.3;-14.8;0;-20;-15.5;-50;-25;NOK;330;400;330;500;OK;0;0;N/A;N/A;N/A;N/A;N/A;N/A;N/A;N/A;N/A;N/A;N/A;N/A;N/A;N/A;N/A;N/A;N/A;N/A;N/A;N/A;N/A;N/A;N/A;N/A;N/A;N/A;N/A;N/A;N/A;N/A;N/A;N/A;N/A;N/A;N/A;N/A;N/A;N/A;N/A;N/A;N/A;N/A;N/A;N/A;N/A;N/A;N/A;N/A;N/A;N/A;N/A;N/A;N/A;N/A;N/A;N/A;N/A;N/A;N/A;N/A;N/A;N/A;N/A;N/A;N/A;N/A;N/A;N/A;N/A;N/A;N/A;N/A;N/A;N/A;N/A;N/A;N/A;N/A;N/A;N/A;N/A;N/A;N/A;N/A;N/A;N/A;N/A;N/A;N/A;N/A;N/A;N/A;N/A;N/A;N/A;N/A;N/A;N/A;;0;447.8;0;0;;Disabled;NotOk;1;700;450.8;0;0;0;549.9;449.9;Enabled;PosOk;1;0;0;0;0;0;15;Disabled;0;0;0;0;0;0;0;0;0;0;0;0;0;0;0;0;0;0;0;0;0;0;0;0;0;0;0;0;0;0;0;0;0;0;0;0;0;0;0;0;0;0;0;0;0;0;0;0;0;0;0;0;0;0;0;0;0;0;0;0;0;0;0;0;0;0;0;0;0;0;30;34;20;45;30;29;20;45;30;25;20;45;30;25;20;45;200;227;100;300;200;224;100;300;200;0;100;300;200;0;100;300;30;34;20;45;30;29;20;45;30;26;20;45;30;28;20;45;200;242;100;300;200;240;100;300;200;0;100;300;200;0;100;300;4;2;0.4;6;4;5;0.4;6;4;2;0.4;6;4;5;0.4;6;4;2;0.4;6;4;5;0.4;6;4;2;0.4;6;4;6;0.4;6;NOK;NOK;OK;10000;10026;8000;11000;OK;8.64;0;8;12;NOK;N/A;1.95;N/A;N/A;N/A;9;11.4;7;18;OK;;0;0;0;-;Disabled;TempOk;1;230;125.9;0;0;0;349.9;441543200 volvo 589-1;441543200 volvo 589-1;441543200 volvo 589-1
20260331_23:36:52;26774;4;4;940;933.9;910;970;OK;940;955.3;910;970;OK;954.1;954.1;-15;-9.6;-50;-5;OK;-15;-8.5;-50;-5;OK;-13;-13.9;0;-15;-9.7;-50;-5;OK;330;400;330;500;OK;278.22;278.83;N/A;N/A;N/A;N/A;N/A;N/A;N/A;N/A;N/A;N/A;N/A;N/A;N/A;N/A;N/A;N/A;N/A;N/A;N/A;N/A;N/A;N/A;N/A;N/A;N/A;N/A;N/A;N/A;N/A;N/A;N/A;N/A;N/A;N/A;N/A;N/A;N/A;N/A;N/A;N/A;N/A;N/A;N/A;N/A;N/A;N/A;N/A;N/A;N/A;N/A;N/A;N/A;N/A;N/A;N/A;N/A;N/A;N/A;N/A;N/A;N/A;N/A;N/A;N/A;N/A;N/A;N/A;N/A;N/A;N/A;N/A;N/A;N/A;N/A;N/A;N/A;N/A;N/A;N/A;N/A;N/A;N/A;N/A;N/A;N/A;N/A;N/A;N/A;N/A;N/A;N/A;N/A;N/A;N/A;N/A;N/A;N/A;N/A;;0;447.3;0;0;;Disabled;NotOk;1;700;450.3;0;0;0;549.9;449.9;Enabled;PosOk;1;0;0;0;0;0;15;Disabled;0;0;0;0;0;0;0;0;0;0;0;0;0;0;0;0;0;0;0;0;0;0;0;0;0;0;0;0;0;0;0;0;0;0;0;0;0;0;0;0;0;0;0;0;0;0;0;0;0;0;0;0;0;0;0;0;0;0;0;0;0;0;0;0;0;0;0;0;0;0;30;34;20;45;30;30;20;45;30;25;20;45;30;25;20;45;200;227;100;300;200;224;100;300;200;0;100;300;200;0;100;300;30;34;20;45;30;30;20;45;30;26;20;45;30;28;20;45;200;243;100;300;200;241;100;300;200;0;100;300;200;0;100;300;4;2;0.4;6;4;5;0.4;6;4;2;0.4;6;4;6;0.4;6;4;2;0.4;6;4;6;0.4;6;4;2;0.4;6;4;6;0.4;6;NOK;NOK;OK;10000;10036;8000;11000;OK;8.65;0;8;12;NOK;N/A;1.95;N/A;N/A;N/A;9;11.6;7;18;OK;;0;0;0;-;Disabled;TempOk;1;230;129.6;0;0;0;349.9;441543200 volvo 589-1;441543200 volvo 589-1;441543200 volvo 589-1
20260331_23:37:14;26775;1;2;940;943.9;910;970;OK;940;954.5;910;970;OK;954.3;954.2;-20;-15;-50;-25;NOK;-20;-16.4;-50;-25;NOK;-13.5;-14.2;0;-20;-15;-50;-25;NOK;330;400;330;500;OK;0;0;N/A;N/A;N/A;N/A;N/A;N/A;N/A;N/A;N/A;N/A;N/A;N/A;N/A;N/A;N/A;N/A;N/A;N/A;N/A;N/A;N/A;N/A;N/A;N/A;N/A;N/A;N/A;N/A;N/A;N/A;N/A;N/A;N/A;N/A;N/A;N/A;N/A;N/A;N/A;N/A;N/A;N/A;N/A;N/A;N/A;N/A;N/A;N/A;N/A;N/A;N/A;N/A;N/A;N/A;N/A;N/A;N/A;N/A;N/A;N/A;N/A;N/A;N/A;N/A;N/A;N/A;N/A;N/A;N/A;N/A;N/A;N/A;N/A;N/A;N/A;N/A;N/A;N/A;N/A;N/A;N/A;N/A;N/A;N/A;N/A;N/A;N/A;N/A;N/A;N/A;N/A;N/A;N/A;N/A;N/A;N/A;N/A;N/A;;0;450.3;0;0;;Disabled;NotOk;1;700;452.9;0;0;0;549.9;449.9;Enabled;PosOk;1;0;0;0;0;0;15;Disabled;0;0;0;0;0;0;0;0;0;0;0;0;0;0;0;0;0;0;0;0;0;0;0;0;0;0;0;0;0;0;0;0;0;0;0;0;0;0;0;0;0;0;0;0;0;0;0;0;0;0;0;0;0;0;0;0;0;0;0;0;0;0;0;0;0;0;0;0;0;0;30;34;20;45;30;30;20;45;30;25;20;45;30;25;20;45;200;228;100;300;200;224;100;300;200;0;100;300;200;0;100;300;30;34;20;45;30;30;20;45;30;26;20;45;30;28;20;45;200;242;100;300;200;241;100;300;200;0;100;300;200;0;100;300;4;2;0.4;6;4;5;0.4;6;4;2;0.4;6;4;5;0.4;6;4;2;0.4;6;4;5;0.4;6;4;2;0.4;6;4;6;0.4;6;NOK;NOK;OK;10000;10043;8000;11000;OK;8.66;0;8;12;NOK;N/A;1.95;N/A;N/A;N/A;9;10.9;7;18;OK;;0;0;0;-;Disabled;TempOk;1;230;120.9;0;0;0;349.9;441543200 volvo 589-1;441543200 volvo 589-1;441543200 volvo 589-1
20260331_23:37:36;26776;4;1;940;941.6;910;970;OK;940;947.2;910;970;OK;948.3;948.2;-15;-15.9;-50;-5;OK;-15;-13.7;-50;-5;OK;-14.9;-14.7;0;-15;-15.9;-50;-5;OK;330;400;330;500;OK;278.29;278.9;N/A;N/A;N/A;N/A;N/A;N/A;N/A;N/A;N/A;N/A;N/A;N/A;N/A;N/A;N/A;N/A;N/A;N/A;N/A;N/A;N/A;N/A;N/A;N/A;N/A;N/A;N/A;N/A;N/A;N/A;N/A;N/A;N/A;N/A;N/A;N/A;N/A;N/A;N/A;N/A;N/A;N/A;N/A;N/A;N/A;N/A;N/A;N/A;N/A;N/A;N/A;N/A;N/A;N/A;N/A;N/A;N/A;N/A;N/A;N/A;N/A;N/A;N/A;N/A;N/A;N/A;N/A;N/A;N/A;N/A;N/A;N/A;N/A;N/A;N/A;N/A;N/A;N/A;N/A;N/A;N/A;N/A;N/A;N/A;N/A;N/A;N/A;N/A;N/A;N/A;N/A;N/A;N/A;N/A;N/A;N/A;N/A;N/A;;0;444.4;0;0;;Disabled;TempStop;1;700;447.1;0;0;0;549.9;449.9;Enabled;PosOk;1;0;0;0;0;0;15;Disabled;0;0;0;0;0;0;0;0;0;0;0;0;0;0;0;0;0;0;0;0;0;0;0;0;0;0;0;0;0;0;0;0;0;0;0;0;0;0;0;0;0;0;0;0;0;0;0;0;0;0;0;0;0;0;0;0;0;0;0;0;0;0;0;0;0;0;0;0;0;0;30;34;20;45;30;30;20;45;30;25;20;45;30;25;20;45;200;227;100;300;200;224;100;300;200;0;100;300;200;0;100;300;30;34;20;45;30;30;20;45;30;26;20;45;30;28;20;45;200;243;100;300;200;240;100;300;200;0;100;300;200;0;100;300;4;2;0.4;6;4;5;0.4;6;4;2;0.4;6;4;5;0.4;6;4;2;0.4;6;4;5;0.4;6;4;2;0.4;6;4;5;0.4;6;NOK;NOK;OK;10000;10042;8000;11000;OK;8.66;0;8;12;NOK;N/A;1.95;N/A;N/A;N/A;9;11.8;7;18;OK;;0;0;0;-;Disabled;TempOk;1;230;117.6;0;0;0;349.9;441543200 volvo 589-1;441543200 volvo 589-1;441543200 volvo 589-1
20260331_23:37:58;26777;3;2;940;932.5;910;970;OK;940;943.2;910;970;OK;944.5;943.9;-20;-19;-50;-25;NOK;-20;-20.1;-50;-25;NOK;-16.7;-17.5;0;-20;-19;-50;-25;NOK;330;400;330;500;OK;0;0;N/A;N/A;N/A;N/A;N/A;N/A;N/A;N/A;N/A;N/A;N/A;N/A;N/A;N/A;N/A;N/A;N/A;N/A;N/A;N/A;N/A;N/A;N/A;N/A;N/A;N/A;N/A;N/A;N/A;N/A;N/A;N/A;N/A;N/A;N/A;N/A;N/A;N/A;N/A;N/A;N/A;N/A;N/A;N/A;N/A;N/A;N/A;N/A;N/A;N/A;N/A;N/A;N/A;N/A;N/A;N/A;N/A;N/A;N/A;N/A;N/A;N/A;N/A;N/A;N/A;N/A;N/A;N/A;N/A;N/A;N/A;N/A;N/A;N/A;N/A;N/A;N/A;N/A;N/A;N/A;N/A;N/A;N/A;N/A;N/A;N/A;N/A;N/A;N/A;N/A;N/A;N/A;N/A;N/A;N/A;N/A;N/A;N/A;;0;448.1;0;0;;Disabled;NotOk;1;700;450.6;0;0;0;549.9;449.9;Enabled;PosOk;1;0;0;0;0;0;15;Disabled;0;0;0;0;0;0;0;0;0;0;0;0;0;0;0;0;0;0;0;0;0;0;0;0;0;0;0;0;0;0;0;0;0;0;0;0;0;0;0;0;0;0;0;0;0;0;0;0;0;0;0;0;0;0;0;0;0;0;0;0;0;0;0;0;0;0;0;0;0;0;30;34;20;45;30;29;20;45;30;25;20;45;30;25;20;45;200;228;100;300;200;224;100;300;200;0;100;300;200;0;100;300;30;34;20;45;30;29;20;45;30;26;20;45;30;28;20;45;200;242;100;300;200;240;100;300;200;0;100;300;200;0;100;300;4;2;0.4;6;4;5;0.4;6;4;2;0.4;6;4;5;0.4;6;4;2;0.4;6;4;6;0.4;6;4;2;0.4;6;4;6;0.4;6;NOK;NOK;OK;10000;10045;8000;11000;OK;8.65;0;8;12;NOK;N/A;1.95;N/A;N/A;N/A;9;11.8;7;18;OK;;0;0;0;-;Disabled;TempOk;1;230;116.6;0;0;0;349.9;441543200 volvo 589-1;441543200 volvo 589-1;441543200 volvo 589-1
20260331_23:38:20;26778;2;2;940;932.8;910;970;OK;940;941.8;910;970;OK;943.1;942;-15;-16.1;-50;-20;NOK;-15;-15.6;-50;-20;NOK;-15.9;-16.3;0;-15;-16;-50;-20;NOK;330;400;330;500;OK;0;0;N/A;N/A;N/A;N/A;N/A;N/A;N/A;N/A;N/A;N/A;N/A;N/A;N/A;N/A;N/A;N/A;N/A;N/A;N/A;N/A;N/A;N/A;N/A;N/A;N/A;N/A;N/A;N/A;N/A;N/A;N/A;N/A;N/A;N/A;N/A;N/A;N/A;N/A;N/A;N/A;N/A;N/A;N/A;N/A;N/A;N/A;N/A;N/A;N/A;N/A;N/A;N/A;N/A;N/A;N/A;N/A;N/A;N/A;N/A;N/A;N/A;N/A;N/A;N/A;N/A;N/A;N/A;N/A;N/A;N/A;N/A;N/A;N/A;N/A;N/A;N/A;N/A;N/A;N/A;N/A;N/A;N/A;N/A;N/A;N/A;N/A;N/A;N/A;N/A;N/A;N/A;N/A;N/A;N/A;N/A;N/A;N/A;N/A;;0;446.7;0;0;;Disabled;TempStop;1;700;449.1;0;0;0;549.9;449.9;Enabled;PosOk;1;0;0;0;0;0;15;Disabled;0;0;0;0;0;0;0;0;0;0;0;0;0;0;0;0;0;0;0;0;0;0;0;0;0;0;0;0;0;0;0;0;0;0;0;0;0;0;0;0;0;0;0;0;0;0;0;0;0;0;0;0;0;0;0;0;0;0;0;0;0;0;0;0;0;0;0;0;0;0;30;34;20;45;30;29;20;45;30;25;20;45;30;25;20;45;200;228;100;300;200;224;100;300;200;0;100;300;200;0;100;300;30;34;20;45;30;29;20;45;30;26;20;45;30;28;20;45;200;242;100;300;200;241;100;300;200;0;100;300;200;0;100;300;4;2;0.4;6;4;5;0.4;6;4;2;0.4;6;4;5;0.4;6;4;2;0.4;6;4;6;0.4;6;4;2;0.4;6;4;6;0.4;6;NOK;NOK;OK;10000;10040;8000;11000;OK;8.65;0;8;12;NOK;N/A;1.95;N/A;N/A;N/A;9;11.5;7;18;OK;;0;0;0;-;Disabled;TempOk;1;230;114.8;0;0;0;349.9;441543200 volvo 589-1;441543200 volvo 589-1;441543200 volvo 589-1
20260331_23:38:42;26779;1;3;940;944.5;910;970;OK;940;954.8;910;970;OK;954.7;954.6;-20;-11.5;-50;-25;NOK;-20;-12.8;-50;-25;NOK;-16.5;-17.3;0;-20;-11.4;-50;-25;NOK;330;400;330;500;OK;0;0;N/A;N/A;N/A;N/A;N/A;N/A;N/A;N/A;N/A;N/A;N/A;N/A;N/A;N/A;N/A;N/A;N/A;N/A;N/A;N/A;N/A;N/A;N/A;N/A;N/A;N/A;N/A;N/A;N/A;N/A;N/A;N/A;N/A;N/A;N/A;N/A;N/A;N/A;N/A;N/A;N/A;N/A;N/A;N/A;N/A;N/A;N/A;N/A;N/A;N/A;N/A;N/A;N/A;N/A;N/A;N/A;N/A;N/A;N/A;N/A;N/A;N/A;N/A;N/A;N/A;N/A;N/A;N/A;N/A;N/A;N/A;N/A;N/A;N/A;N/A;N/A;N/A;N/A;N/A;N/A;N/A;N/A;N/A;N/A;N/A;N/A;N/A;N/A;N/A;N/A;N/A;N/A;N/A;N/A;N/A;N/A;N/A;N/A;;0;449.3;0;0;;Disabled;NotOk;1;700;451.3;0;0;0;549.9;449.9;Enabled;PosOk;1;0;0;0;0;0;15;Disabled;0;0;0;0;0;0;0;0;0;0;0;0;0;0;0;0;0;0;0;0;0;0;0;0;0;0;0;0;0;0;0;0;0;0;0;0;0;0;0;0;0;0;0;0;0;0;0;0;0;0;0;0;0;0;0;0;0;0;0;0;0;0;0;0;0;0;0;0;0;0;30;34;20;45;30;29;20;45;30;25;20;45;30;25;20;45;200;227;100;300;200;224;100;300;200;0;100;300;200;0;100;300;30;34;20;45;30;29;20;45;30;26;20;45;30;28;20;45;200;242;100;300;200;241;100;300;200;0;100;300;200;0;100;300;4;2;0.4;6;4;5;0.4;6;4;2;0.4;6;4;5;0.4;6;4;2;0.4;6;4;6;0.4;6;4;2;0.4;6;4;6;0.4;6;NOK;NOK;OK;10000;10040;8000;11000;OK;8.66;0;8;12;NOK;N/A;1.95;N/A;N/A;N/A;9;10.7;7;18;OK;;0;0;0;-;Disabled;TempOk;1;230;121.9;0;0;0;349.9;441543200 volvo 589-1;441543200 volvo 589-1;441543200 volvo 589-1
20260331_23:39:04;26780;4;2;940;950.7;910;970;OK;940;959.1;910;970;OK;956.9;957.5;-15;-16.5;-50;-5;OK;-15;-13.6;-50;-5;OK;-15.4;-15.4;0;-15;-16.3;-50;-5;OK;330;400;330;500;OK;278.43;279.02;N/A;N/A;N/A;N/A;N/A;N/A;N/A;N/A;N/A;N/A;N/A;N/A;N/A;N/A;N/A;N/A;N/A;N/A;N/A;N/A;N/A;N/A;N/A;N/A;N/A;N/A;N/A;N/A;N/A;N/A;N/A;N/A;N/A;N/A;N/A;N/A;N/A;N/A;N/A;N/A;N/A;N/A;N/A;N/A;N/A;N/A;N/A;N/A;N/A;N/A;N/A;N/A;N/A;N/A;N/A;N/A;N/A;N/A;N/A;N/A;N/A;N/A;N/A;N/A;N/A;N/A;N/A;N/A;N/A;N/A;N/A;N/A;N/A;N/A;N/A;N/A;N/A;N/A;N/A;N/A;N/A;N/A;N/A;N/A;N/A;N/A;N/A;N/A;N/A;N/A;N/A;N/A;N/A;N/A;N/A;N/A;N/A;N/A;;0;459.3;0;0;;Disabled;NotOk;1;700;461.4;0;0;0;549.9;449.9;Enabled;PosOk;1;0;0;0;0;0;15;Disabled;0;0;0;0;0;0;0;0;0;0;0;0;0;0;0;0;0;0;0;0;0;0;0;0;0;0;0;0;0;0;0;0;0;0;0;0;0;0;0;0;0;0;0;0;0;0;0;0;0;0;0;0;0;0;0;0;0;0;0;0;0;0;0;0;0;0;0;0;0;0;30;34;20;45;30;30;20;45;30;25;20;45;30;25;20;45;200;227;100;300;200;224;100;300;200;0;100;300;200;0;100;300;30;34;20;45;30;30;20;45;30;26;20;45;30;28;20;45;200;243;100;300;200;241;100;300;200;0;100;300;200;0;100;300;4;2;0.4;6;4;5;0.4;6;4;2;0.4;6;4;6;0.4;6;4;2;0.4;6;4;5;0.4;6;4;2;0.4;6;4;6;0.4;6;NOK;NOK;OK;10000;10022;8000;11000;OK;8.63;0;8;12;NOK;N/A;1.95;N/A;N/A;N/A;9;11.7;7;18;OK;;0;0;0;-;Disabled;TempOk;1;230;121;0;0;0;349.9;441543200 volvo 589-1;441543200 volvo 589-1;441543200 volvo 589-1
20260331_23:39:26;26781;3;5;940;947.1;910;970;OK;940;953.4;910;970;OK;956.3;955.5;-20;-15;-50;-25;NOK;-20;-15.5;-50;-25;NOK;-13.2;-12.4;0;-20;-15.1;-50;-25;NOK;330;400;330;500;OK;0;0;N/A;N/A;N/A;N/A;N/A;N/A;N/A;N/A;N/A;N/A;N/A;N/A;N/A;N/A;N/A;N/A;N/A;N/A;N/A;N/A;N/A;N/A;N/A;N/A;N/A;N/A;N/A;N/A;N/A;N/A;N/A;N/A;N/A;N/A;N/A;N/A;N/A;N/A;N/A;N/A;N/A;N/A;N/A;N/A;N/A;N/A;N/A;N/A;N/A;N/A;N/A;N/A;N/A;N/A;N/A;N/A;N/A;N/A;N/A;N/A;N/A;N/A;N/A;N/A;N/A;N/A;N/A;N/A;N/A;N/A;N/A;N/A;N/A;N/A;N/A;N/A;N/A;N/A;N/A;N/A;N/A;N/A;N/A;N/A;N/A;N/A;N/A;N/A;N/A;N/A;N/A;N/A;N/A;N/A;N/A;N/A;N/A;N/A;;0;459.8;0;0;;Disabled;NotOk;1;700;461.9;0;0;0;549.9;449.9;Enabled;PosOk;1;0;0;0;0;0;15;Disabled;0;0;0;0;0;0;0;0;0;0;0;0;0;0;0;0;0;0;0;0;0;0;0;0;0;0;0;0;0;0;0;0;0;0;0;0;0;0;0;0;0;0;0;0;0;0;0;0;0;0;0;0;0;0;0;0;0;0;0;0;0;0;0;0;0;0;0;0;0;0;30;34;20;45;30;30;20;45;30;25;20;45;30;25;20;45;200;227;100;300;200;224;100;300;200;0;100;300;200;0;100;300;30;34;20;45;30;30;20;45;30;26;20;45;30;28;20;45;200;243;100;300;200;240;100;300;200;0;100;300;200;0;100;300;4;2;0.4;6;4;5;0.4;6;4;2;0.4;6;4;5;0.4;6;4;2;0.4;6;4;6;0.4;6;4;2;0.4;6;4;6;0.4;6;NOK;NOK;OK;10000;10048;8000;11000;OK;8.66;0;8;12;NOK;N/A;1.95;N/A;N/A;N/A;9;11.2;7;18;OK;;0;0;0;-;Disabled;TempOk;1;230;121.5;0;0;0;349.9;441543200 volvo 589-1;441543200 volvo 589-1;441543200 volvo 589-1
20260331_23:40:10;26783;3;3;940;942.7;910;970;OK;940;953;910;970;OK;952.6;952.7;-20;-14.1;-50;-25;NOK;-20;-15.3;-50;-25;NOK;-15.1;-15.6;0;-20;-14;-50;-25;NOK;330;400;330;500;OK;0;0;N/A;N/A;N/A;N/A;N/A;N/A;N/A;N/A;N/A;N/A;N/A;N/A;N/A;N/A;N/A;N/A;N/A;N/A;N/A;N/A;N/A;N/A;N/A;N/A;N/A;N/A;N/A;N/A;N/A;N/A;N/A;N/A;N/A;N/A;N/A;N/A;N/A;N/A;N/A;N/A;N/A;N/A;N/A;N/A;N/A;N/A;N/A;N/A;N/A;N/A;N/A;N/A;N/A;N/A;N/A;N/A;N/A;N/A;N/A;N/A;N/A;N/A;N/A;N/A;N/A;N/A;N/A;N/A;N/A;N/A;N/A;N/A;N/A;N/A;N/A;N/A;N/A;N/A;N/A;N/A;N/A;N/A;N/A;N/A;N/A;N/A;N/A;N/A;N/A;N/A;N/A;N/A;N/A;N/A;N/A;N/A;N/A;N/A;;0;386.1;0;0;;Disabled;TempStop;1;700;388.8;0;0;0;549.9;449.9;Enabled;PosOk;1;0;0;0;0;0;15;Disabled;0;0;0;0;0;0;0;0;0;0;0;0;0;0;0;0;0;0;0;0;0;0;0;0;0;0;0;0;0;0;0;0;0;0;0;0;0;0;0;0;0;0;0;0;0;0;0;0;0;0;0;0;0;0;0;0;0;0;0;0;0;0;0;0;0;0;0;0;0;0;30;32;20;45;30;30;20;45;30;25;20;45;30;25;20;45;200;227;100;300;200;224;100;300;200;0;100;300;200;0;100;300;30;33;20;45;30;30;20;45;30;26;20;45;30;28;20;45;200;242;100;300;200;240;100;300;200;0;100;300;200;0;100;300;4;2;0.4;6;4;5;0.4;6;4;2;0.4;6;4;5;0.4;6;4;2;0.4;6;4;5;0.4;6;4;2;0.4;6;4;6;0.4;6;NOK;NOK;OK;10000;10057;8000;11000;OK;8.66;0;8;12;NOK;N/A;1.95;N/A;N/A;N/A;9;11.6;7;18;OK;;0;0;0;-;Disabled;TempOk;1;230;108.6;0;0;0;349.9;441543200 volvo 589-1;441543200 volvo 589-1;441543200 volvo 589-1
20260331_23:40:33;26782;4;3;940;946;910;970;OK;940;955.7;910;970;OK;955.1;955.6;-15;-14.3;-50;-5;OK;-15;-11.9;-50;-5;OK;-14.5;-14;0;-15;-14.5;-50;-5;OK;330;341;330;500;OK;278.68;279.2;N/A;N/A;N/A;N/A;N/A;N/A;N/A;N/A;N/A;N/A;N/A;N/A;N/A;N/A;N/A;N/A;N/A;N/A;N/A;N/A;N/A;N/A;N/A;N/A;N/A;N/A;N/A;N/A;N/A;N/A;N/A;N/A;N/A;N/A;N/A;N/A;N/A;N/A;N/A;N/A;N/A;N/A;N/A;N/A;N/A;N/A;N/A;N/A;N/A;N/A;N/A;N/A;N/A;N/A;N/A;N/A;N/A;N/A;N/A;N/A;N/A;N/A;N/A;N/A;N/A;N/A;N/A;N/A;N/A;N/A;N/A;N/A;N/A;N/A;N/A;N/A;N/A;N/A;N/A;N/A;N/A;N/A;N/A;N/A;N/A;N/A;N/A;N/A;N/A;N/A;N/A;N/A;N/A;N/A;N/A;N/A;N/A;N/A;;0;444.6;0;0;;Disabled;TempStop;1;700;447.6;0;0;0;549.9;449.9;Enabled;PosOk;1;0;0;0;0;0;15;Disabled;0;0;0;0;0;0;0;0;0;0;0;0;0;0;0;0;0;0;0;0;0;0;0;0;0;0;0;0;0;0;0;0;0;0;0;0;0;0;0;0;0;0;0;0;0;0;0;0;0;0;0;0;0;0;0;0;0;0;0;0;0;0;0;0;0;0;0;0;0;0;30;34;20;45;30;30;20;45;30;25;20;45;30;25;20;45;200;227;100;300;200;224;100;300;200;0;100;300;200;0;100;300;30;34;20;45;30;30;20;45;30;26;20;45;30;28;20;45;200;242;100;300;200;240;100;300;200;0;100;300;200;0;100;300;4;2;0.4;6;4;5;0.4;6;4;2;0.4;6;4;5;0.4;6;4;2;0.4;6;4;5;0.4;6;4;2;0.4;6;4;6;0.4;6;NOK;NOK;OK;10000;10044;8000;11000;OK;8.66;0;8;12;NOK;N/A;1.95;N/A;N/A;N/A;9;11.2;7;18;OK;;0;0;0;-;Disabled;TempOk;1;230;120.9;0;0;0;349.9;441543200 volvo 589-1;441543200 volvo 589-1;441543200 volvo 589-1
20260331_23:40:55;26784;1;4;940;935.4;910;970;OK;940;942.3;910;970;OK;943.9;943.2;-20;-12.3;-50;-25;NOK;-20;-10.2;-50;-25;NOK;-12.4;-10.6;0;-20;-12.3;-50;-25;NOK;330;341;330;500;OK;0;0;N/A;N/A;N/A;N/A;N/A;N/A;N/A;N/A;N/A;N/A;N/A;N/A;N/A;N/A;N/A;N/A;N/A;N/A;N/A;N/A;N/A;N/A;N/A;N/A;N/A;N/A;N/A;N/A;N/A;N/A;N/A;N/A;N/A;N/A;N/A;N/A;N/A;N/A;N/A;N/A;N/A;N/A;N/A;N/A;N/A;N/A;N/A;N/A;N/A;N/A;N/A;N/A;N/A;N/A;N/A;N/A;N/A;N/A;N/A;N/A;N/A;N/A;N/A;N/A;N/A;N/A;N/A;N/A;N/A;N/A;N/A;N/A;N/A;N/A;N/A;N/A;N/A;N/A;N/A;N/A;N/A;N/A;N/A;N/A;N/A;N/A;N/A;N/A;N/A;N/A;N/A;N/A;N/A;N/A;N/A;N/A;N/A;N/A;;0;455.2;0;0;;Disabled;NotOk;1;700;458.3;0;0;0;549.9;449.9;Enabled;PosOk;1;0;0;0;0;0;15;Disabled;0;0;0;0;0;0;0;0;0;0;0;0;0;0;0;0;0;0;0;0;0;0;0;0;0;0;0;0;0;0;0;0;0;0;0;0;0;0;0;0;0;0;0;0;0;0;0;0;0;0;0;0;0;0;0;0;0;0;0;0;0;0;0;0;0;0;0;0;0;0;30;34;20;45;30;30;20;45;30;25;20;45;30;25;20;45;200;227;100;300;200;224;100;300;200;0;100;300;200;0;100;300;30;34;20;45;30;30;20;45;30;26;20;45;30;28;20;45;200;243;100;300;200;241;100;300;200;0;100;300;200;0;100;300;4;2;0.4;6;4;5;0.4;6;4;2;0.4;6;4;5;0.4;6;4;2;0.4;6;4;5;0.4;6;4;2;0.4;6;4;6;0.4;6;NOK;NOK;OK;10000;10038;8000;11000;OK;8.65;0;8;12;NOK;N/A;1.95;N/A;N/A;N/A;9;10.9;7;18;OK;;0;0;0;-;Disabled;TempOk;1;230;120.2;0;0;0;349.9;441543200 volvo 589-1;441543200 volvo 589-1;441543200 volvo 589-1
20260331_23:41:17;26785;2;4;940;935.5;910;970;OK;940;944.1;910;970;OK;944.7;944.3;-15;-15.4;-50;-20;NOK;-15;-17.4;-50;-20;NOK;-17.2;-17.4;0;-15;-15.4;-50;-20;NOK;330;341;330;500;OK;0;0;N/A;N/A;N/A;N/A;N/A;N/A;N/A;N/A;N/A;N/A;N/A;N/A;N/A;N/A;N/A;N/A;N/A;N/A;N/A;N/A;N/A;N/A;N/A;N/A;N/A;N/A;N/A;N/A;N/A;N/A;N/A;N/A;N/A;N/A;N/A;N/A;N/A;N/A;N/A;N/A;N/A;N/A;N/A;N/A;N/A;N/A;N/A;N/A;N/A;N/A;N/A;N/A;N/A;N/A;N/A;N/A;N/A;N/A;N/A;N/A;N/A;N/A;N/A;N/A;N/A;N/A;N/A;N/A;N/A;N/A;N/A;N/A;N/A;N/A;N/A;N/A;N/A;N/A;N/A;N/A;N/A;N/A;N/A;N/A;N/A;N/A;N/A;N/A;N/A;N/A;N/A;N/A;N/A;N/A;N/A;N/A;N/A;N/A;;0;459;0;0;;Disabled;NotOk;1;700;462;0;0;0;549.9;449.9;Enabled;PosOk;1;0;0;0;0;0;15;Disabled;0;0;0;0;0;0;0;0;0;0;0;0;0;0;0;0;0;0;0;0;0;0;0;0;0;0;0;0;0;0;0;0;0;0;0;0;0;0;0;0;0;0;0;0;0;0;0;0;0;0;0;0;0;0;0;0;0;0;0;0;0;0;0;0;0;0;0;0;0;0;30;35;20;45;30;30;20;45;30;25;20;45;30;25;20;45;200;228;100;300;200;225;100;300;200;0;100;300;200;0;100;300;30;34;20;45;30;30;20;45;30;26;20;45;30;28;20;45;200;243;100;300;200;240;100;300;200;0;100;300;200;0;100;300;4;2;0.4;6;4;5;0.4;6;4;2;0.4;6;4;5;0.4;6;4;2;0.4;6;4;5;0.4;6;4;2;0.4;6;4;5;0.4;6;NOK;NOK;OK;10000;10029;8000;11000;OK;8.65;0;8;12;NOK;N/A;1.95;N/A;N/A;N/A;9;11.5;7;18;OK;;0;0;0;-;Disabled;TempOk;1;230;123.5;0;0;0;349.9;441543200 volvo 589-1;441543200 volvo 589-1;441543200 volvo 589-1
20260331_23:41:39;26786;3;4;940;943.8;910;970;OK;940;953.5;910;970;OK;952.9;953.3;-20;-12.3;-50;-25;NOK;-20;-13.9;-50;-25;NOK;-16.5;-16.5;0;-20;-12.3;-50;-25;NOK;330;341;330;500;OK;0;0;N/A;N/A;N/A;N/A;N/A;N/A;N/A;N/A;N/A;N/A;N/A;N/A;N/A;N/A;N/A;N/A;N/A;N/A;N/A;N/A;N/A;N/A;N/A;N/A;N/A;N/A;N/A;N/A;N/A;N/A;N/A;N/A;N/A;N/A;N/A;N/A;N/A;N/A;N/A;N/A;N/A;N/A;N/A;N/A;N/A;N/A;N/A;N/A;N/A;N/A;N/A;N/A;N/A;N/A;N/A;N/A;N/A;N/A;N/A;N/A;N/A;N/A;N/A;N/A;N/A;N/A;N/A;N/A;N/A;N/A;N/A;N/A;N/A;N/A;N/A;N/A;N/A;N/A;N/A;N/A;N/A;N/A;N/A;N/A;N/A;N/A;N/A;N/A;N/A;N/A;N/A;N/A;N/A;N/A;N/A;N/A;N/A;N/A;;0;457.1;0;0;;Disabled;NotOk;1;700;460;0;0;0;549.9;449.9;Enabled;PosOk;1;0;0;0;0;0;15;Disabled;0;0;0;0;0;0;0;0;0;0;0;0;0;0;0;0;0;0;0;0;0;0;0;0;0;0;0;0;0;0;0;0;0;0;0;0;0;0;0;0;0;0;0;0;0;0;0;0;0;0;0;0;0;0;0;0;0;0;0;0;0;0;0;0;0;0;0;0;0;0;30;34;20;45;30;29;20;45;30;25;20;45;30;25;20;45;200;227;100;300;200;224;100;300;200;0;100;300;200;0;100;300;30;34;20;45;30;29;20;45;30;26;20;45;30;28;20;45;200;243;100;300;200;240;100;300;200;0;100;300;200;0;100;300;4;2;0.4;6;4;5;0.4;6;4;2;0.4;6;4;5;0.4;6;4;2;0.4;6;4;6;0.4;6;4;2;0.4;6;4;6;0.4;6;NOK;NOK;OK;10000;10034;8000;11000;OK;8.65;0;8;12;NOK;N/A;1.95;N/A;N/A;N/A;9;11.8;7;18;OK;;0;0;0;-;Disabled;TempOk;1;230;119.1;0;0;0;349.9;441543200 volvo 589-1;441543200 volvo 589-1;441543200 volvo 589-1
20260331_23:42:01;26787;2;1;940;938.5;910;970;OK;940;947.2;910;970;OK;945.9;945.2;-15;-16.9;-50;-20;NOK;-15;-16.9;-50;-20;NOK;-14.7;-15.6;0;-15;-16.9;-50;-20;NOK;330;341;330;500;OK;0;0;N/A;N/A;N/A;N/A;N/A;N/A;N/A;N/A;N/A;N/A;N/A;N/A;N/A;N/A;N/A;N/A;N/A;N/A;N/A;N/A;N/A;N/A;N/A;N/A;N/A;N/A;N/A;N/A;N/A;N/A;N/A;N/A;N/A;N/A;N/A;N/A;N/A;N/A;N/A;N/A;N/A;N/A;N/A;N/A;N/A;N/A;N/A;N/A;N/A;N/A;N/A;N/A;N/A;N/A;N/A;N/A;N/A;N/A;N/A;N/A;N/A;N/A;N/A;N/A;N/A;N/A;N/A;N/A;N/A;N/A;N/A;N/A;N/A;N/A;N/A;N/A;N/A;N/A;N/A;N/A;N/A;N/A;N/A;N/A;N/A;N/A;N/A;N/A;N/A;N/A;N/A;N/A;N/A;N/A;N/A;N/A;N/A;N/A;;0;450.2;0;0;;Disabled;NotOk;1;700;452.6;0;0;0;549.9;449.9;Enabled;PosOk;1;0;0;0;0;0;15;Disabled;0;0;0;0;0;0;0;0;0;0;0;0;0;0;0;0;0;0;0;0;0;0;0;0;0;0;0;0;0;0;0;0;0;0;0;0;0;0;0;0;0;0;0;0;0;0;0;0;0;0;0;0;0;0;0;0;0;0;0;0;0;0;0;0;0;0;0;0;0;0;30;34;20;45;30;29;20;45;30;25;20;45;30;25;20;45;200;227;100;300;200;224;100;300;200;0;100;300;200;0;100;300;30;34;20;45;30;29;20;45;30;26;20;45;30;28;20;45;200;243;100;300;200;240;100;300;200;0;100;300;200;0;100;300;4;2;0.4;6;4;5;0.4;6;4;2;0.4;6;4;5;0.4;6;4;2;0.4;6;4;5;0.4;6;4;2;0.4;6;4;5;0.4;6;NOK;NOK;OK;10000;10026;8000;11000;OK;8.64;0;8;12;NOK;N/A;1.95;N/A;N/A;N/A;9;11.5;7;18;OK;;0;0;0;-;Disabled;TempOk;1;230;124.1;0;0;0;349.9;441543200 volvo 589-1;441543200 volvo 589-1;441543200 volvo 589-1
20260331_23:42:23;26788;1;1;940;925.3;910;970;OK;940;922.6;910;970;OK;918.4;920.8;-20;-16.4;-50;-25;NOK;-20;-15.8;-50;-25;NOK;-14.6;-15.2;0;-20;-16.4;-50;-25;NOK;330;341;330;500;OK;0;0;N/A;N/A;N/A;N/A;N/A;N/A;N/A;N/A;N/A;N/A;N/A;N/A;N/A;N/A;N/A;N/A;N/A;N/A;N/A;N/A;N/A;N/A;N/A;N/A;N/A;N/A;N/A;N/A;N/A;N/A;N/A;N/A;N/A;N/A;N/A;N/A;N/A;N/A;N/A;N/A;N/A;N/A;N/A;N/A;N/A;N/A;N/A;N/A;N/A;N/A;N/A;N/A;N/A;N/A;N/A;N/A;N/A;N/A;N/A;N/A;N/A;N/A;N/A;N/A;N/A;N/A;N/A;N/A;N/A;N/A;N/A;N/A;N/A;N/A;N/A;N/A;N/A;N/A;N/A;N/A;N/A;N/A;N/A;N/A;N/A;N/A;N/A;N/A;N/A;N/A;N/A;N/A;N/A;N/A;N/A;N/A;N/A;N/A;;0;444.8;0;0;;Disabled;TempStop;1;700;447.1;0;0;0;549.9;449.9;Enabled;PosOk;1;0;0;0;0;0;15;Disabled;0;0;0;0;0;0;0;0;0;0;0;0;0;0;0;0;0;0;0;0;0;0;0;0;0;0;0;0;0;0;0;0;0;0;0;0;0;0;0;0;0;0;0;0;0;0;0;0;0;0;0;0;0;0;0;0;0;0;0;0;0;0;0;0;0;0;0;0;0;0;30;34;20;45;30;29;20;45;30;25;20;45;30;25;20;45;200;227;100;300;200;224;100;300;200;0;100;300;200;0;100;300;30;33;20;45;30;29;20;45;30;26;20;45;30;28;20;45;200;243;100;300;200;240;100;300;200;0;100;300;200;0;100;300;4;2;0.4;6;4;6;0.4;6;4;2;0.4;6;4;5;0.4;6;4;2;0.4;6;4;6;0.4;6;4;2;0.4;6;4;5;0.4;6;NOK;NOK;OK;10000;10038;8000;11000;OK;8.65;0;8;12;NOK;N/A;1.95;N/A;N/A;N/A;9;10.6;7;18;OK;;0;0;0;-;Disabled;TempOk;1;230;125.5;0;0;0;349.9;441543200 volvo 589-1;441543200 volvo 589-1;441543200 volvo 589-1
20260331_23:42:45;26789;4;4;940;934.9;910;970;OK;940;956.5;910;970;OK;955.7;956.1;-15;-9.3;-50;-5;OK;-15;-10;-50;-5;OK;-8.7;-6.9;0;-15;-9.4;-50;-5;OK;330;341;330;500;OK;278.85;279.44;N/A;N/A;N/A;N/A;N/A;N/A;N/A;N/A;N/A;N/A;N/A;N/A;N/A;N/A;N/A;N/A;N/A;N/A;N/A;N/A;N/A;N/A;N/A;N/A;N/A;N/A;N/A;N/A;N/A;N/A;N/A;N/A;N/A;N/A;N/A;N/A;N/A;N/A;N/A;N/A;N/A;N/A;N/A;N/A;N/A;N/A;N/A;N/A;N/A;N/A;N/A;N/A;N/A;N/A;N/A;N/A;N/A;N/A;N/A;N/A;N/A;N/A;N/A;N/A;N/A;N/A;N/A;N/A;N/A;N/A;N/A;N/A;N/A;N/A;N/A;N/A;N/A;N/A;N/A;N/A;N/A;N/A;N/A;N/A;N/A;N/A;N/A;N/A;N/A;N/A;N/A;N/A;N/A;N/A;N/A;N/A;N/A;N/A;;0;441;0;0;;Disabled;TempStop;1;700;443.2;0;0;0;549.9;449.9;Enabled;PosOk;1;0;0;0;0;0;15;Disabled;0;0;0;0;0;0;0;0;0;0;0;0;0;0;0;0;0;0;0;0;0;0;0;0;0;0;0;0;0;0;0;0;0;0;0;0;0;0;0;0;0;0;0;0;0;0;0;0;0;0;0;0;0;0;0;0;0;0;0;0;0;0;0;0;0;0;0;0;0;0;30;34;20;45;30;29;20;45;30;25;20;45;30;25;20;45;200;227;100;300;200;224;100;300;200;0;100;300;200;0;100;300;30;34;20;45;30;29;20;45;30;26;20;45;30;28;20;45;200;243;100;300;200;241;100;300;200;0;100;300;200;0;100;300;4;2;0.4;6;4;5;0.4;6;4;2;0.4;6;4;5;0.4;6;4;2;0.4;6;4;6;0.4;6;4;2;0.4;6;4;6;0.4;6;NOK;NOK;OK;10000;10026;8000;11000;OK;8.65;0;8;12;NOK;N/A;1.95;N/A;N/A;N/A;9;11.7;7;18;OK;;0;0;0;-;Disabled;TempOk;1;230;129.2;0;0;0;349.9;441543200 volvo 589-1;441543200 volvo 589-1;441543200 volvo 589-1
20260331_23:43:07;26790;1;2;940;946.3;910;970;OK;940;955.1;910;970;OK;955;955.1;-20;-16.3;-50;-25;NOK;-20;-15.5;-50;-25;NOK;-13.9;-14.7;0;-20;-16.2;-50;-25;NOK;330;341;330;500;OK;0;0;N/A;N/A;N/A;N/A;N/A;N/A;N/A;N/A;N/A;N/A;N/A;N/A;N/A;N/A;N/A;N/A;N/A;N/A;N/A;N/A;N/A;N/A;N/A;N/A;N/A;N/A;N/A;N/A;N/A;N/A;N/A;N/A;N/A;N/A;N/A;N/A;N/A;N/A;N/A;N/A;N/A;N/A;N/A;N/A;N/A;N/A;N/A;N/A;N/A;N/A;N/A;N/A;N/A;N/A;N/A;N/A;N/A;N/A;N/A;N/A;N/A;N/A;N/A;N/A;N/A;N/A;N/A;N/A;N/A;N/A;N/A;N/A;N/A;N/A;N/A;N/A;N/A;N/A;N/A;N/A;N/A;N/A;N/A;N/A;N/A;N/A;N/A;N/A;N/A;N/A;N/A;N/A;N/A;N/A;N/A;N/A;N/A;N/A;;0;459.7;0;0;;Disabled;NotOk;1;700;461.9;0;0;0;549.9;449.9;Enabled;PosOk;1;0;0;0;0;0;15;Disabled;0;0;0;0;0;0;0;0;0;0;0;0;0;0;0;0;0;0;0;0;0;0;0;0;0;0;0;0;0;0;0;0;0;0;0;0;0;0;0;0;0;0;0;0;0;0;0;0;0;0;0;0;0;0;0;0;0;0;0;0;0;0;0;0;0;0;0;0;0;0;30;34;20;45;30;30;20;45;30;25;20;45;30;25;20;45;200;227;100;300;200;224;100;300;200;0;100;300;200;0;100;300;30;34;20;45;30;30;20;45;30;26;20;45;30;28;20;45;200;243;100;300;200;240;100;300;200;0;100;300;200;0;100;300;4;2;0.4;6;4;5;0.4;6;4;2;0.4;6;4;6;0.4;6;4;2;0.4;6;4;5;0.4;6;4;2;0.4;6;4;6;0.4;6;NOK;NOK;OK;10000;10040;8000;11000;OK;8.65;0;8;12;NOK;N/A;1.95;N/A;N/A;N/A;9;11.4;7;18;OK;;0;0;0;-;Disabled;TempOk;1;230;122.1;0;0;0;349.9;441543200 volvo 589-1;441543200 volvo 589-1;441543200 volvo 589-1
20260331_23:43:29;26791;4;1;940;937.3;910;970;OK;940;952.1;910;970;OK;947.2;948.6;-15;-13.8;-50;-5;OK;-15;-19.6;-50;-5;OK;-19.9;-20.3;0;-15;-13.8;-50;-5;OK;330;341;330;500;OK;278.91;279.52;N/A;N/A;N/A;N/A;N/A;N/A;N/A;N/A;N/A;N/A;N/A;N/A;N/A;N/A;N/A;N/A;N/A;N/A;N/A;N/A;N/A;N/A;N/A;N/A;N/A;N/A;N/A;N/A;N/A;N/A;N/A;N/A;N/A;N/A;N/A;N/A;N/A;N/A;N/A;N/A;N/A;N/A;N/A;N/A;N/A;N/A;N/A;N/A;N/A;N/A;N/A;N/A;N/A;N/A;N/A;N/A;N/A;N/A;N/A;N/A;N/A;N/A;N/A;N/A;N/A;N/A;N/A;N/A;N/A;N/A;N/A;N/A;N/A;N/A;N/A;N/A;N/A;N/A;N/A;N/A;N/A;N/A;N/A;N/A;N/A;N/A;N/A;N/A;N/A;N/A;N/A;N/A;N/A;N/A;N/A;N/A;N/A;N/A;;0;464.3;0;0;;Disabled;NotOk;1;700;466;0;0;0;549.9;449.9;Enabled;PosOk;1;0;0;0;0;0;15;Disabled;0;0;0;0;0;0;0;0;0;0;0;0;0;0;0;0;0;0;0;0;0;0;0;0;0;0;0;0;0;0;0;0;0;0;0;0;0;0;0;0;0;0;0;0;0;0;0;0;0;0;0;0;0;0;0;0;0;0;0;0;0;0;0;0;0;0;0;0;0;0;30;34;20;45;30;30;20;45;30;25;20;45;30;25;20;45;200;227;100;300;200;225;100;300;200;0;100;300;200;0;100;300;30;34;20;45;30;30;20;45;30;26;20;45;30;28;20;45;200;243;100;300;200;240;100;300;200;0;100;300;200;0;100;300;4;2;0.4;6;4;5;0.4;6;4;2;0.4;6;4;5;0.4;6;4;2;0.4;6;4;5;0.4;6;4;2;0.4;6;4;6;0.4;6;NOK;NOK;OK;10000;10041;8000;11000;OK;8.65;0;8;12;NOK;N/A;1.95;N/A;N/A;N/A;9;11.9;7;18;OK;;0;0;0;-;Disabled;TempOk;1;230;117.1;0;0;0;349.9;441543200 volvo 589-1;441543200 volvo 589-1;441543200 volvo 589-1
20260331_23:43:51;26792;3;2;940;933.5;910;970;OK;940;944;910;970;OK;944.9;944.4;-20;-20.3;-50;-25;NOK;-20;-19;-50;-25;NOK;-17.1;-17.9;0;-20;-20.3;-50;-25;NOK;330;341;330;500;OK;0;0;N/A;N/A;N/A;N/A;N/A;N/A;N/A;N/A;N/A;N/A;N/A;N/A;N/A;N/A;N/A;N/A;N/A;N/A;N/A;N/A;N/A;N/A;N/A;N/A;N/A;N/A;N/A;N/A;N/A;N/A;N/A;N/A;N/A;N/A;N/A;N/A;N/A;N/A;N/A;N/A;N/A;N/A;N/A;N/A;N/A;N/A;N/A;N/A;N/A;N/A;N/A;N/A;N/A;N/A;N/A;N/A;N/A;N/A;N/A;N/A;N/A;N/A;N/A;N/A;N/A;N/A;N/A;N/A;N/A;N/A;N/A;N/A;N/A;N/A;N/A;N/A;N/A;N/A;N/A;N/A;N/A;N/A;N/A;N/A;N/A;N/A;N/A;N/A;N/A;N/A;N/A;N/A;N/A;N/A;N/A;N/A;N/A;N/A;;0;453.6;0;0;;Disabled;NotOk;1;700;454.8;0;0;0;549.9;449.9;Enabled;PosOk;1;0;0;0;0;0;15;Disabled;0;0;0;0;0;0;0;0;0;0;0;0;0;0;0;0;0;0;0;0;0;0;0;0;0;0;0;0;0;0;0;0;0;0;0;0;0;0;0;0;0;0;0;0;0;0;0;0;0;0;0;0;0;0;0;0;0;0;0;0;0;0;0;0;0;0;0;0;0;0;30;34;20;45;30;30;20;45;30;25;20;45;30;25;20;45;200;227;100;300;200;224;100;300;200;0;100;300;200;0;100;300;30;34;20;45;30;30;20;45;30;26;20;45;30;27;20;45;200;242;100;300;200;240;100;300;200;0;100;300;200;0;100;300;4;2;0.4;6;4;5;0.4;6;4;2;0.4;6;4;5;0.4;6;4;2;0.4;6;4;5;0.4;6;4;2;0.4;6;4;6;0.4;6;NOK;NOK;OK;10000;10043;8000;11000;OK;8.65;0;8;12;NOK;N/A;1.95;N/A;N/A;N/A;9;11.7;7;18;OK;;0;0;0;-;Disabled;TempOk;1;230;119.6;0;0;0;349.9;441543200 volvo 589-1;441543200 volvo 589-1;441543200 volvo 589-1
20260331_23:44:13;26793;2;2;940;933.7;910;970;OK;940;942.6;910;970;OK;943.9;943.1;-15;-15.3;-50;-20;NOK;-15;-15.3;-50;-20;NOK;-16.5;-16.2;0;-15;-15.3;-50;-20;NOK;330;341;330;500;OK;0;0;N/A;N/A;N/A;N/A;N/A;N/A;N/A;N/A;N/A;N/A;N/A;N/A;N/A;N/A;N/A;N/A;N/A;N/A;N/A;N/A;N/A;N/A;N/A;N/A;N/A;N/A;N/A;N/A;N/A;N/A;N/A;N/A;N/A;N/A;N/A;N/A;N/A;N/A;N/A;N/A;N/A;N/A;N/A;N/A;N/A;N/A;N/A;N/A;N/A;N/A;N/A;N/A;N/A;N/A;N/A;N/A;N/A;N/A;N/A;N/A;N/A;N/A;N/A;N/A;N/A;N/A;N/A;N/A;N/A;N/A;N/A;N/A;N/A;N/A;N/A;N/A;N/A;N/A;N/A;N/A;N/A;N/A;N/A;N/A;N/A;N/A;N/A;N/A;N/A;N/A;N/A;N/A;N/A;N/A;N/A;N/A;N/A;N/A;;0;446.9;0;0;;Disabled;TempStop;1;700;448.2;0;0;0;549.9;449.9;Enabled;PosOk;1;0;0;0;0;0;15;Disabled;0;0;0;0;0;0;0;0;0;0;0;0;0;0;0;0;0;0;0;0;0;0;0;0;0;0;0;0;0;0;0;0;0;0;0;0;0;0;0;0;0;0;0;0;0;0;0;0;0;0;0;0;0;0;0;0;0;0;0;0;0;0;0;0;0;0;0;0;0;0;30;35;20;45;30;30;20;45;30;25;20;45;30;25;20;45;200;228;100;300;200;224;100;300;200;0;100;300;200;0;100;300;30;34;20;45;30;30;20;45;30;26;20;45;30;28;20;45;200;243;100;300;200;240;100;300;200;0;100;300;200;0;100;300;4;2;0.4;6;4;5;0.4;6;4;2;0.4;6;4;6;0.4;6;4;2;0.4;6;4;6;0.4;6;4;2;0.4;6;4;6;0.4;6;NOK;NOK;OK;10000;10040;8000;11000;OK;8.65;0;8;12;NOK;N/A;1.95;N/A;N/A;N/A;9;11.5;7;18;OK;;0;0;0;-;Disabled;TempOk;1;230;116.1;0;0;0;349.9;441543200 volvo 589-1;441543200 volvo 589-1;441543200 volvo 589-1
20260331_23:44:35;26794;1;3;940;947;910;970;OK;940;956.6;910;970;OK;956.4;956.4;-20;-12.3;-50;-25;NOK;-20;-12.2;-50;-25;NOK;-16.5;-15.8;0;-20;-12.3;-50;-25;NOK;330;341;330;500;OK;0;0;N/A;N/A;N/A;N/A;N/A;N/A;N/A;N/A;N/A;N/A;N/A;N/A;N/A;N/A;N/A;N/A;N/A;N/A;N/A;N/A;N/A;N/A;N/A;N/A;N/A;N/A;N/A;N/A;N/A;N/A;N/A;N/A;N/A;N/A;N/A;N/A;N/A;N/A;N/A;N/A;N/A;N/A;N/A;N/A;N/A;N/A;N/A;N/A;N/A;N/A;N/A;N/A;N/A;N/A;N/A;N/A;N/A;N/A;N/A;N/A;N/A;N/A;N/A;N/A;N/A;N/A;N/A;N/A;N/A;N/A;N/A;N/A;N/A;N/A;N/A;N/A;N/A;N/A;N/A;N/A;N/A;N/A;N/A;N/A;N/A;N/A;N/A;N/A;N/A;N/A;N/A;N/A;N/A;N/A;N/A;N/A;N/A;N/A;;0;458.8;0;0;;Disabled;NotOk;1;700;459.9;0;0;0;549.9;449.9;Enabled;PosOk;1;0;0;0;0;0;15;Disabled;0;0;0;0;0;0;0;0;0;0;0;0;0;0;0;0;0;0;0;0;0;0;0;0;0;0;0;0;0;0;0;0;0;0;0;0;0;0;0;0;0;0;0;0;0;0;0;0;0;0;0;0;0;0;0;0;0;0;0;0;0;0;0;0;0;0;0;0;0;0;30;35;20;45;30;30;20;45;30;25;20;45;30;25;20;45;200;227;100;300;200;224;100;300;200;0;100;300;200;0;100;300;30;34;20;45;30;30;20;45;30;26;20;45;30;28;20;45;200;243;100;300;200;240;100;300;200;0;100;300;200;1;100;300;4;2;0.4;6;4;5;0.4;6;4;2;0.4;6;4;6;0.4;6;4;2;0.4;6;4;6;0.4;6;4;2;0.4;6;4;6;0.4;6;NOK;NOK;OK;10000;10046;8000;11000;OK;8.65;0;8;12;NOK;N/A;1.95;N/A;N/A;N/A;9;10.7;7;18;OK;;0;0;0;-;Disabled;TempOk;1;230;121.8;0;0;0;349.9;441543200 volvo 589-1;441543200 volvo 589-1;441543200 volvo 589-1
20260331_23:44:57;26795;4;2;940;951.7;910;970;OK;940;956.8;910;970;OK;951.4;953.2;-15;-12.8;-50;-5;OK;-15;-20.6;-50;-5;OK;-18.8;-20.1;0;-15;-12.6;-50;-5;OK;330;341;330;500;OK;279.04;279.68;N/A;N/A;N/A;N/A;N/A;N/A;N/A;N/A;N/A;N/A;N/A;N/A;N/A;N/A;N/A;N/A;N/A;N/A;N/A;N/A;N/A;N/A;N/A;N/A;N/A;N/A;N/A;N/A;N/A;N/A;N/A;N/A;N/A;N/A;N/A;N/A;N/A;N/A;N/A;N/A;N/A;N/A;N/A;N/A;N/A;N/A;N/A;N/A;N/A;N/A;N/A;N/A;N/A;N/A;N/A;N/A;N/A;N/A;N/A;N/A;N/A;N/A;N/A;N/A;N/A;N/A;N/A;N/A;N/A;N/A;N/A;N/A;N/A;N/A;N/A;N/A;N/A;N/A;N/A;N/A;N/A;N/A;N/A;N/A;N/A;N/A;N/A;N/A;N/A;N/A;N/A;N/A;N/A;N/A;N/A;N/A;N/A;N/A;;0;456.2;0;0;;Disabled;NotOk;1;700;457.1;0;0;0;549.9;449.9;Enabled;PosOk;1;0;0;0;0;0;15;Disabled;0;0;0;0;0;0;0;0;0;0;0;0;0;0;0;0;0;0;0;0;0;0;0;0;0;0;0;0;0;0;0;0;0;0;0;0;0;0;0;0;0;0;0;0;0;0;0;0;0;0;0;0;0;0;0;0;0;0;0;0;0;0;0;0;0;0;0;0;0;0;30;35;20;45;30;29;20;45;30;25;20;45;30;25;20;45;200;227;100;300;200;224;100;300;200;0;100;300;200;0;100;300;30;34;20;45;30;29;20;45;30;26;20;45;30;28;20;45;200;243;100;300;200;240;100;300;200;0;100;300;200;0;100;300;4;2;0.4;6;4;5;0.4;6;4;2;0.4;6;4;5;0.4;6;4;2;0.4;6;4;6;0.4;6;4;2;0.4;6;4;6;0.4;6;NOK;NOK;OK;10000;10037;8000;11000;OK;8.65;0;8;12;NOK;N/A;1.95;N/A;N/A;N/A;9;11.7;7;18;OK;;0;0;0;-;Disabled;TempOk;1;230;118.4;0;0;0;349.9;441543200 volvo 589-1;441543200 volvo 589-1;441543200 volvo 589-1
20260331_23:45:19;26796;3;5;940;947.7;910;970;OK;940;952.8;910;970;OK;951.8;952.6;-20;-15.9;-50;-25;NOK;-20;-14.7;-50;-25;NOK;-12.2;-13;0;-20;-16;-50;-25;NOK;330;341;330;500;OK;0;0;N/A;N/A;N/A;N/A;N/A;N/A;N/A;N/A;N/A;N/A;N/A;N/A;N/A;N/A;N/A;N/A;N/A;N/A;N/A;N/A;N/A;N/A;N/A;N/A;N/A;N/A;N/A;N/A;N/A;N/A;N/A;N/A;N/A;N/A;N/A;N/A;N/A;N/A;N/A;N/A;N/A;N/A;N/A;N/A;N/A;N/A;N/A;N/A;N/A;N/A;N/A;N/A;N/A;N/A;N/A;N/A;N/A;N/A;N/A;N/A;N/A;N/A;N/A;N/A;N/A;N/A;N/A;N/A;N/A;N/A;N/A;N/A;N/A;N/A;N/A;N/A;N/A;N/A;N/A;N/A;N/A;N/A;N/A;N/A;N/A;N/A;N/A;N/A;N/A;N/A;N/A;N/A;N/A;N/A;N/A;N/A;N/A;N/A;;0;458.7;0;0;;Disabled;NotOk;1;700;459.3;0;0;0;549.9;449.9;Enabled;PosOk;1;0;0;0;0;0;15;Disabled;0;0;0;0;0;0;0;0;0;0;0;0;0;0;0;0;0;0;0;0;0;0;0;0;0;0;0;0;0;0;0;0;0;0;0;0;0;0;0;0;0;0;0;0;0;0;0;0;0;0;0;0;0;0;0;0;0;0;0;0;0;0;0;0;0;0;0;0;0;0;30;34;20;45;30;29;20;45;30;25;20;45;30;25;20;45;200;227;100;300;200;224;100;300;200;0;100;300;200;0;100;300;30;34;20;45;30;29;20;45;30;26;20;45;30;28;20;45;200;243;100;300;200;240;100;300;200;0;100;300;200;0;100;300;4;2;0.4;6;4;5;0.4;6;4;2;0.4;6;4;6;0.4;6;4;2;0.4;6;4;5;0.4;6;4;2;0.4;6;4;6;0.4;6;NOK;NOK;OK;10000;10045;8000;11000;OK;8.65;0;8;12;NOK;N/A;1.95;N/A;N/A;N/A;9;11.8;7;18;OK;;0;0;0;-;Disabled;TempOk;1;230;120.4;0;0;0;349.9;441543200 volvo 589-1;441543200 volvo 589-1;441543200 volvo 589-1
20260331_23:45:41;26797;2;5;940;939.7;910;970;OK;940;941;910;970;OK;942.8;940.5;-15;-16.2;-50;-20;NOK;-15;-15.4;-50;-20;NOK;-12.9;-13.2;0;-15;-16.2;-50;-20;NOK;330;370;330;500;OK;0;0;N/A;N/A;N/A;N/A;N/A;N/A;N/A;N/A;N/A;N/A;N/A;N/A;N/A;N/A;N/A;N/A;N/A;N/A;N/A;N/A;N/A;N/A;N/A;N/A;N/A;N/A;N/A;N/A;N/A;N/A;N/A;N/A;N/A;N/A;N/A;N/A;N/A;N/A;N/A;N/A;N/A;N/A;N/A;N/A;N/A;N/A;N/A;N/A;N/A;N/A;N/A;N/A;N/A;N/A;N/A;N/A;N/A;N/A;N/A;N/A;N/A;N/A;N/A;N/A;N/A;N/A;N/A;N/A;N/A;N/A;N/A;N/A;N/A;N/A;N/A;N/A;N/A;N/A;N/A;N/A;N/A;N/A;N/A;N/A;N/A;N/A;N/A;N/A;N/A;N/A;N/A;N/A;N/A;N/A;N/A;N/A;N/A;N/A;;0;443.8;0;0;;Disabled;TempStop;1;700;444;0;0;0;549.9;449.9;Enabled;PosOk;1;0;0;0;0;0;15;Disabled;0;0;0;0;0;0;0;0;0;0;0;0;0;0;0;0;0;0;0;0;0;0;0;0;0;0;0;0;0;0;0;0;0;0;0;0;0;0;0;0;0;0;0;0;0;0;0;0;0;0;0;0;0;0;0;0;0;0;0;0;0;0;0;0;0;0;0;0;0;0;30;34;20;45;30;29;20;45;30;25;20;45;30;25;20;45;200;228;100;300;200;224;100;300;200;0;100;300;200;0;100;300;30;34;20;45;30;29;20;45;30;26;20;45;30;28;20;45;200;243;100;300;200;240;100;300;200;0;100;300;200;0;100;300;4;2;0.4;6;4;5;0.4;6;4;2;0.4;6;4;5;0.4;6;4;2;0.4;6;4;6;0.4;6;4;2;0.4;6;4;6;0.4;6;NOK;NOK;OK;10000;10042;8000;11000;OK;8.65;0;8;12;NOK;N/A;1.95;N/A;N/A;N/A;9;11.6;7;18;OK;;0;0;0;-;Disabled;TempOk;1;230;127.4;0;0;0;349.9;441543200 volvo 589-1;441543200 volvo 589-1;441543200 volvo 589-1
20260331_23:46:04;26799;3;3;940;944.4;910;970;OK;940;954.3;910;970;OK;953.9;954.1;-20;-15;-50;-25;NOK;-20;-14.6;-50;-25;NOK;-15.5;-15.4;0;-20;-15;-50;-25;NOK;330;341;330;500;OK;0;0;N/A;N/A;N/A;N/A;N/A;N/A;N/A;N/A;N/A;N/A;N/A;N/A;N/A;N/A;N/A;N/A;N/A;N/A;N/A;N/A;N/A;N/A;N/A;N/A;N/A;N/A;N/A;N/A;N/A;N/A;N/A;N/A;N/A;N/A;N/A;N/A;N/A;N/A;N/A;N/A;N/A;N/A;N/A;N/A;N/A;N/A;N/A;N/A;N/A;N/A;N/A;N/A;N/A;N/A;N/A;N/A;N/A;N/A;N/A;N/A;N/A;N/A;N/A;N/A;N/A;N/A;N/A;N/A;N/A;N/A;N/A;N/A;N/A;N/A;N/A;N/A;N/A;N/A;N/A;N/A;N/A;N/A;N/A;N/A;N/A;N/A;N/A;N/A;N/A;N/A;N/A;N/A;N/A;N/A;N/A;N/A;N/A;N/A;;0;458.7;0;0;;Disabled;NotOk;1;700;458.9;0;0;0;549.9;449.9;Enabled;PosOk;1;0;0;0;0;0;15;Disabled;0;0;0;0;0;0;0;0;0;0;0;0;0;0;0;0;0;0;0;0;0;0;0;0;0;0;0;0;0;0;0;0;0;0;0;0;0;0;0;0;0;0;0;0;0;0;0;0;0;0;0;0;0;0;0;0;0;0;0;0;0;0;0;0;0;0;0;0;0;0;30;34;20;45;30;29;20;45;30;25;20;45;30;25;20;45;200;227;100;300;200;224;100;300;200;0;100;300;200;0;100;300;30;34;20;45;30;30;20;45;30;26;20;45;30;28;20;45;200;243;100;300;200;241;100;300;200;0;100;300;200;0;100;300;4;2;0.4;6;4;5;0.4;6;4;2;0.4;6;4;6;0.4;6;4;2;0.4;6;4;5;0.4;6;4;2;0.4;6;4;6;0.4;6;NOK;NOK;OK;10000;10022;8000;11000;OK;8.64;0;8;12;NOK;N/A;1.95;N/A;N/A;N/A;9;11.6;7;18;OK;;0;0;0;-;Disabled;TempOk;1;230;121.4;0;0;0;349.9;441543200 volvo 589-1;441543200 volvo 589-1;441543200 volvo 589-1
20260331_23:46:26;26798;4;3;940;948;910;970;OK;940;958.4;910;970;OK;957.3;958;-15;-11.7;-50;-5;OK;-15;-14.5;-50;-5;OK;-18.6;-17.8;0;-15;-11.7;-50;-5;OK;330;341;330;500;OK;279.22;279.81;N/A;N/A;N/A;N/A;N/A;N/A;N/A;N/A;N/A;N/A;N/A;N/A;N/A;N/A;N/A;N/A;N/A;N/A;N/A;N/A;N/A;N/A;N/A;N/A;N/A;N/A;N/A;N/A;N/A;N/A;N/A;N/A;N/A;N/A;N/A;N/A;N/A;N/A;N/A;N/A;N/A;N/A;N/A;N/A;N/A;N/A;N/A;N/A;N/A;N/A;N/A;N/A;N/A;N/A;N/A;N/A;N/A;N/A;N/A;N/A;N/A;N/A;N/A;N/A;N/A;N/A;N/A;N/A;N/A;N/A;N/A;N/A;N/A;N/A;N/A;N/A;N/A;N/A;N/A;N/A;N/A;N/A;N/A;N/A;N/A;N/A;N/A;N/A;N/A;N/A;N/A;N/A;N/A;N/A;N/A;N/A;N/A;N/A;;0;455.3;0;0;;Disabled;NotOk;1;700;455.6;0;0;0;549.9;449.9;Enabled;PosOk;1;0;0;0;0;0;15;Disabled;0;0;0;0;0;0;0;0;0;0;0;0;0;0;0;0;0;0;0;0;0;0;0;0;0;0;0;0;0;0;0;0;0;0;0;0;0;0;0;0;0;0;0;0;0;0;0;0;0;0;0;0;0;0;0;0;0;0;0;0;0;0;0;0;0;0;0;0;0;0;30;34;20;45;30;30;20;45;30;25;20;45;30;25;20;45;200;228;100;300;200;224;100;300;200;0;100;300;200;0;100;300;30;34;20;45;30;30;20;45;30;26;20;45;30;28;20;45;200;243;100;300;200;240;100;300;200;0;100;300;200;0;100;300;4;2;0.4;6;4;5;0.4;6;4;2;0.4;6;4;5;0.4;6;4;2;0.4;6;4;6;0.4;6;4;2;0.4;6;4;6;0.4;6;NOK;NOK;OK;10000;10042;8000;11000;OK;8.65;0;8;12;NOK;N/A;1.95;N/A;N/A;N/A;9;11.7;7;18;OK;;0;0;0;-;Disabled;TempOk;1;230;118.6;0;0;0;349.9;441543200 volvo 589-1;441543200 volvo 589-1;441543200 volvo 589-1
20260331_23:46:48;26800;1;4;940;936.2;910;970;OK;940;943.2;910;970;OK;944.7;943.9;-20;-10.4;-50;-25;NOK;-20;-10;-50;-25;NOK;-12;-10.4;0;-20;-10.5;-50;-25;NOK;330;341;330;500;OK;0;0;N/A;N/A;N/A;N/A;N/A;N/A;N/A;N/A;N/A;N/A;N/A;N/A;N/A;N/A;N/A;N/A;N/A;N/A;N/A;N/A;N/A;N/A;N/A;N/A;N/A;N/A;N/A;N/A;N/A;N/A;N/A;N/A;N/A;N/A;N/A;N/A;N/A;N/A;N/A;N/A;N/A;N/A;N/A;N/A;N/A;N/A;N/A;N/A;N/A;N/A;N/A;N/A;N/A;N/A;N/A;N/A;N/A;N/A;N/A;N/A;N/A;N/A;N/A;N/A;N/A;N/A;N/A;N/A;N/A;N/A;N/A;N/A;N/A;N/A;N/A;N/A;N/A;N/A;N/A;N/A;N/A;N/A;N/A;N/A;N/A;N/A;N/A;N/A;N/A;N/A;N/A;N/A;N/A;N/A;N/A;N/A;N/A;N/A;;0;462.1;0;0;;Disabled;NotOk;1;700;462.2;0;0;0;549.9;449.9;Enabled;PosOk;1;0;0;0;0;0;15;Disabled;0;0;0;0;0;0;0;0;0;0;0;0;0;0;0;0;0;0;0;0;0;0;0;0;0;0;0;0;0;0;0;0;0;0;0;0;0;0;0;0;0;0;0;0;0;0;0;0;0;0;0;0;0;0;0;0;0;0;0;0;0;0;0;0;0;0;0;0;0;0;30;35;20;45;30;30;20;45;30;25;20;45;30;25;20;45;200;228;100;300;200;224;100;300;200;0;100;300;200;0;100;300;30;34;20;45;30;30;20;45;30;26;20;45;30;28;20;45;200;243;100;300;200;241;100;300;200;0;100;300;200;0;100;300;4;2;0.4;6;4;5;0.4;6;4;2;0.4;6;4;6;0.4;6;4;2;0.4;6;4;6;0.4;6;4;2;0.4;6;4;6;0.4;6;NOK;NOK;OK;10000;10051;8000;11000;OK;8.66;0;8;12;NOK;N/A;1.95;N/A;N/A;N/A;9;10.9;7;18;OK;;0;0;0;-;Disabled;TempOk;1;230;123.1;0;0;0;349.9;441543200 volvo 589-1;441543200 volvo 589-1;441543200 volvo 589-1
20260331_23:47:10;26801;2;4;940;935.1;910;970;OK;940;945.6;910;970;OK;944.7;945.5;-15;-17.4;-50;-20;NOK;-15;-16.9;-50;-20;NOK;-16.6;-16.7;0;-15;-17.4;-50;-20;NOK;330;341;330;500;OK;0;0;N/A;N/A;N/A;N/A;N/A;N/A;N/A;N/A;N/A;N/A;N/A;N/A;N/A;N/A;N/A;N/A;N/A;N/A;N/A;N/A;N/A;N/A;N/A;N/A;N/A;N/A;N/A;N/A;N/A;N/A;N/A;N/A;N/A;N/A;N/A;N/A;N/A;N/A;N/A;N/A;N/A;N/A;N/A;N/A;N/A;N/A;N/A;N/A;N/A;N/A;N/A;N/A;N/A;N/A;N/A;N/A;N/A;N/A;N/A;N/A;N/A;N/A;N/A;N/A;N/A;N/A;N/A;N/A;N/A;N/A;N/A;N/A;N/A;N/A;N/A;N/A;N/A;N/A;N/A;N/A;N/A;N/A;N/A;N/A;N/A;N/A;N/A;N/A;N/A;N/A;N/A;N/A;N/A;N/A;N/A;N/A;N/A;N/A;;0;453.9;0;0;;Disabled;NotOk;1;700;454.6;0;0;0;549.9;449.9;Enabled;PosOk;1;0;0;0;0;0;15;Disabled;0;0;0;0;0;0;0;0;0;0;0;0;0;0;0;0;0;0;0;0;0;0;0;0;0;0;0;0;0;0;0;0;0;0;0;0;0;0;0;0;0;0;0;0;0;0;0;0;0;0;0;0;0;0;0;0;0;0;0;0;0;0;0;0;0;0;0;0;0;0;30;35;20;45;30;30;20;45;30;25;20;45;30;25;20;45;200;227;100;300;200;225;100;300;200;0;100;300;200;0;100;300;30;34;20;45;30;30;20;45;30;26;20;45;30;28;20;45;200;243;100;300;200;241;100;300;200;0;100;300;200;0;100;300;4;2;0.4;6;4;5;0.4;6;4;2;0.4;6;4;6;0.4;6;4;2;0.4;6;4;6;0.4;6;4;2;0.4;6;4;6;0.4;6;NOK;NOK;OK;10000;10029;8000;11000;OK;8.64;0;8;12;NOK;N/A;1.95;N/A;N/A;N/A;9;11.1;7;18;OK;;0;0;0;-;Disabled;TempOk;1;230;121.2;0;0;0;349.9;441543200 volvo 589-1;441543200 volvo 589-1;441543200 volvo 589-1
20260331_23:47:32;26802;3;4;940;945.7;910;970;OK;940;955.1;910;970;OK;954.5;954.9;-20;-13.1;-50;-25;NOK;-20;-13.4;-50;-25;NOK;-15.9;-15.8;0;-20;-13.1;-50;-25;NOK;330;341;330;500;OK;0;0;N/A;N/A;N/A;N/A;N/A;N/A;N/A;N/A;N/A;N/A;N/A;N/A;N/A;N/A;N/A;N/A;N/A;N/A;N/A;N/A;N/A;N/A;N/A;N/A;N/A;N/A;N/A;N/A;N/A;N/A;N/A;N/A;N/A;N/A;N/A;N/A;N/A;N/A;N/A;N/A;N/A;N/A;N/A;N/A;N/A;N/A;N/A;N/A;N/A;N/A;N/A;N/A;N/A;N/A;N/A;N/A;N/A;N/A;N/A;N/A;N/A;N/A;N/A;N/A;N/A;N/A;N/A;N/A;N/A;N/A;N/A;N/A;N/A;N/A;N/A;N/A;N/A;N/A;N/A;N/A;N/A;N/A;N/A;N/A;N/A;N/A;N/A;N/A;N/A;N/A;N/A;N/A;N/A;N/A;N/A;N/A;N/A;N/A;;0;456.7;0;0;;Disabled;NotOk;1;700;457.4;0;0;0;549.9;449.9;Enabled;PosOk;1;0;0;0;0;0;15;Disabled;0;0;0;0;0;0;0;0;0;0;0;0;0;0;0;0;0;0;0;0;0;0;0;0;0;0;0;0;0;0;0;0;0;0;0;0;0;0;0;0;0;0;0;0;0;0;0;0;0;0;0;0;0;0;0;0;0;0;0;0;0;0;0;0;0;0;0;0;0;0;30;35;20;45;30;30;20;45;30;25;20;45;30;25;20;45;200;227;100;300;200;224;100;300;200;0;100;300;200;0;100;300;30;34;20;45;30;30;20;45;30;26;20;45;30;28;20;45;200;243;100;300;200;241;100;300;200;0;100;300;200;0;100;300;4;2;0.4;6;4;5;0.4;6;4;2;0.4;6;4;5;0.4;6;4;2;0.4;6;4;6;0.4;6;4;2;0.4;6;4;6;0.4;6;NOK;NOK;OK;10000;10039;8000;11000;OK;8.66;0;8;12;NOK;N/A;1.95;N/A;N/A;N/A;9;11.6;7;18;OK;;0;0;0;-;Disabled;TempOk;1;230;121;0;0;0;349.9;441543200 volvo 589-1;441543200 volvo 589-1;441543200 volvo 589-1
20260331_23:47:54;26803;2;1;940;939.3;910;970;OK;940;945.1;910;970;OK;941.7;942.3;-15;-17;-50;-20;NOK;-15;-16.9;-50;-20;NOK;-14.7;-15.6;0;-15;-17.1;-50;-20;NOK;330;341;330;500;OK;0;0;N/A;N/A;N/A;N/A;N/A;N/A;N/A;N/A;N/A;N/A;N/A;N/A;N/A;N/A;N/A;N/A;N/A;N/A;N/A;N/A;N/A;N/A;N/A;N/A;N/A;N/A;N/A;N/A;N/A;N/A;N/A;N/A;N/A;N/A;N/A;N/A;N/A;N/A;N/A;N/A;N/A;N/A;N/A;N/A;N/A;N/A;N/A;N/A;N/A;N/A;N/A;N/A;N/A;N/A;N/A;N/A;N/A;N/A;N/A;N/A;N/A;N/A;N/A;N/A;N/A;N/A;N/A;N/A;N/A;N/A;N/A;N/A;N/A;N/A;N/A;N/A;N/A;N/A;N/A;N/A;N/A;N/A;N/A;N/A;N/A;N/A;N/A;N/A;N/A;N/A;N/A;N/A;N/A;N/A;N/A;N/A;N/A;N/A;;0;451.4;0;0;;Disabled;NotOk;1;700;452;0;0;0;549.9;449.9;Enabled;PosOk;1;0;0;0;0;0;15;Disabled;0;0;0;0;0;0;0;0;0;0;0;0;0;0;0;0;0;0;0;0;0;0;0;0;0;0;0;0;0;0;0;0;0;0;0;0;0;0;0;0;0;0;0;0;0;0;0;0;0;0;0;0;0;0;0;0;0;0;0;0;0;0;0;0;0;0;0;0;0;0;30;35;20;45;30;30;20;45;30;25;20;45;30;25;20;45;200;228;100;300;200;225;100;300;200;0;100;300;200;1;100;300;30;35;20;45;30;30;20;45;30;26;20;45;30;28;20;45;200;243;100;300;200;241;100;300;200;0;100;300;200;0;100;300;4;2;0.4;6;4;5;0.4;6;4;2;0.4;6;4;6;0.4;6;4;2;0.4;6;4;5;0.4;6;4;2;0.4;6;4;6;0.4;6;NOK;NOK;OK;10000;10031;8000;11000;OK;8.64;0;8;12;NOK;N/A;1.95;N/A;N/A;N/A;9;11.6;7;18;OK;;0;0;0;-;Disabled;TempOk;1;230;123.2;0;0;0;349.9;441543200 volvo 589-1;441543200 volvo 589-1;441543200 volvo 589-1
20260331_23:48:16;26804;1;1;940;915.7;910;970;OK;940;915;910;970;OK;910.4;913.1;-20;-16;-50;-25;NOK;-20;-15.8;-50;-25;NOK;-14.6;-15.1;0;-20;-16;-50;-25;NOK;330;341;330;500;OK;0;0;N/A;N/A;N/A;N/A;N/A;N/A;N/A;N/A;N/A;N/A;N/A;N/A;N/A;N/A;N/A;N/A;N/A;N/A;N/A;N/A;N/A;N/A;N/A;N/A;N/A;N/A;N/A;N/A;N/A;N/A;N/A;N/A;N/A;N/A;N/A;N/A;N/A;N/A;N/A;N/A;N/A;N/A;N/A;N/A;N/A;N/A;N/A;N/A;N/A;N/A;N/A;N/A;N/A;N/A;N/A;N/A;N/A;N/A;N/A;N/A;N/A;N/A;N/A;N/A;N/A;N/A;N/A;N/A;N/A;N/A;N/A;N/A;N/A;N/A;N/A;N/A;N/A;N/A;N/A;N/A;N/A;N/A;N/A;N/A;N/A;N/A;N/A;N/A;N/A;N/A;N/A;N/A;N/A;N/A;N/A;N/A;N/A;N/A;;0;452.5;0;0;;Disabled;NotOk;1;700;453.5;0;0;0;549.9;449.9;Enabled;PosOk;1;0;0;0;0;0;15;Disabled;0;0;0;0;0;0;0;0;0;0;0;0;0;0;0;0;0;0;0;0;0;0;0;0;0;0;0;0;0;0;0;0;0;0;0;0;0;0;0;0;0;0;0;0;0;0;0;0;0;0;0;0;0;0;0;0;0;0;0;0;0;0;0;0;0;0;0;0;0;0;30;35;20;45;30;29;20;45;30;25;20;45;30;25;20;45;200;227;100;300;200;224;100;300;200;0;100;300;200;0;100;300;30;34;20;45;30;29;20;45;30;26;20;45;30;28;20;45;200;242;100;300;200;240;100;300;200;0;100;300;200;0;100;300;4;2;0.4;6;4;5;0.4;6;4;2;0.4;6;4;6;0.4;6;4;2;0.4;6;4;5;0.4;6;4;2;0.4;6;4;6;0.4;6;NOK;NOK;OK;10000;10036;8000;11000;OK;8.65;0;8;12;NOK;N/A;1.95;N/A;N/A;N/A;9;11.3;7;18;OK;;0;0;0;-;Disabled;TempOk;1;230;118.7;0;0;0;349.9;441543200 volvo 589-1;441543200 volvo 589-1;441543200 volvo 589-1
20260331_23:48:38;26805;4;4;940;937.4;910;970;OK;940;958.2;910;970;OK;957.3;957.6;-15;-10.8;-50;-5;OK;-15;-7.5;-50;-5;OK;-8.8;-6.1;0;-15;-11;-50;-5;OK;330;341;330;500;OK;279.47;279.97;N/A;N/A;N/A;N/A;N/A;N/A;N/A;N/A;N/A;N/A;N/A;N/A;N/A;N/A;N/A;N/A;N/A;N/A;N/A;N/A;N/A;N/A;N/A;N/A;N/A;N/A;N/A;N/A;N/A;N/A;N/A;N/A;N/A;N/A;N/A;N/A;N/A;N/A;N/A;N/A;N/A;N/A;N/A;N/A;N/A;N/A;N/A;N/A;N/A;N/A;N/A;N/A;N/A;N/A;N/A;N/A;N/A;N/A;N/A;N/A;N/A;N/A;N/A;N/A;N/A;N/A;N/A;N/A;N/A;N/A;N/A;N/A;N/A;N/A;N/A;N/A;N/A;N/A;N/A;N/A;N/A;N/A;N/A;N/A;N/A;N/A;N/A;N/A;N/A;N/A;N/A;N/A;N/A;N/A;N/A;N/A;N/A;N/A;;0;456.1;0;0;;Disabled;NotOk;1;700;456.5;0;0;0;549.9;449.9;Enabled;PosOk;1;0;0;0;0;0;15;Disabled;0;0;0;0;0;0;0;0;0;0;0;0;0;0;0;0;0;0;0;0;0;0;0;0;0;0;0;0;0;0;0;0;0;0;0;0;0;0;0;0;0;0;0;0;0;0;0;0;0;0;0;0;0;0;0;0;0;0;0;0;0;0;0;0;0;0;0;0;0;0;30;34;20;45;30;29;20;45;30;25;20;45;30;25;20;45;200;228;100;300;200;225;100;300;200;0;100;300;200;0;100;300;30;34;20;45;30;29;20;45;30;26;20;45;30;28;20;45;200;243;100;300;200;240;100;300;200;0;100;300;200;0;100;300;4;2;0.4;6;4;5;0.4;6;4;2;0.4;6;4;5;0.4;6;4;2;0.4;6;4;5;0.4;6;4;2;0.4;6;4;6;0.4;6;NOK;NOK;OK;10000;10033;8000;11000;OK;8.65;0;8;12;NOK;N/A;1.96;N/A;N/A;N/A;9;11.7;7;18;OK;;0;0;0;-;Disabled;TempOk;1;230;128.5;0;0;0;349.9;441543200 volvo 589-1;441543200 volvo 589-1;441543200 volvo 589-1
20260331_23:49:00;26806;1;2;940;947.3;910;970;OK;940;953.1;910;970;OK;951.8;952.5;-20;-15.5;-50;-25;NOK;-20;-15.4;-50;-25;NOK;-13.8;-14.6;0;-20;-15.4;-50;-25;NOK;330;341;330;500;OK;0;0;N/A;N/A;N/A;N/A;N/A;N/A;N/A;N/A;N/A;N/A;N/A;N/A;N/A;N/A;N/A;N/A;N/A;N/A;N/A;N/A;N/A;N/A;N/A;N/A;N/A;N/A;N/A;N/A;N/A;N/A;N/A;N/A;N/A;N/A;N/A;N/A;N/A;N/A;N/A;N/A;N/A;N/A;N/A;N/A;N/A;N/A;N/A;N/A;N/A;N/A;N/A;N/A;N/A;N/A;N/A;N/A;N/A;N/A;N/A;N/A;N/A;N/A;N/A;N/A;N/A;N/A;N/A;N/A;N/A;N/A;N/A;N/A;N/A;N/A;N/A;N/A;N/A;N/A;N/A;N/A;N/A;N/A;N/A;N/A;N/A;N/A;N/A;N/A;N/A;N/A;N/A;N/A;N/A;N/A;N/A;N/A;N/A;N/A;;0;462.7;0;0;;Disabled;NotOk;1;700;463.1;0;0;0;549.9;449.9;Enabled;PosOk;1;0;0;0;0;0;15;Disabled;0;0;0;0;0;0;0;0;0;0;0;0;0;0;0;0;0;0;0;0;0;0;0;0;0;0;0;0;0;0;0;0;0;0;0;0;0;0;0;0;0;0;0;0;0;0;0;0;0;0;0;0;0;0;0;0;0;0;0;0;0;0;0;0;0;0;0;0;0;0;30;34;20;45;30;29;20;45;30;25;20;45;30;25;20;45;200;227;100;300;200;225;100;300;200;0;100;300;200;0;100;300;30;33;20;45;30;29;20;45;30;26;20;45;30;28;20;45;200;243;100;300;200;241;100;300;200;0;100;300;200;0;100;300;4;2;0.4;6;4;5;0.4;6;4;2;0.4;6;4;6;0.4;6;4;2;0.4;6;4;6;0.4;6;4;2;0.4;6;4;6;0.4;6;NOK;NOK;OK;10000;10047;8000;11000;OK;8.66;0;8;12;NOK;N/A;1.95;N/A;N/A;N/A;9;11.4;7;18;OK;;0;0;0;-;Disabled;TempOk;1;230;122.6;0;0;0;349.9;441543200 volvo 589-1;441543200 volvo 589-1;441543200 volvo 589-1
20260331_23:49:22;26807;4;1;940;946;910;970;OK;940;947.3;910;970;OK;950.1;948.5;-15;-19.3;-50;-5;OK;-15;-13;-50;-5;OK;-11.4;-12;0;-15;-19.3;-50;-5;OK;330;341;330;500;OK;279.54;280.04;N/A;N/A;N/A;N/A;N/A;N/A;N/A;N/A;N/A;N/A;N/A;N/A;N/A;N/A;N/A;N/A;N/A;N/A;N/A;N/A;N/A;N/A;N/A;N/A;N/A;N/A;N/A;N/A;N/A;N/A;N/A;N/A;N/A;N/A;N/A;N/A;N/A;N/A;N/A;N/A;N/A;N/A;N/A;N/A;N/A;N/A;N/A;N/A;N/A;N/A;N/A;N/A;N/A;N/A;N/A;N/A;N/A;N/A;N/A;N/A;N/A;N/A;N/A;N/A;N/A;N/A;N/A;N/A;N/A;N/A;N/A;N/A;N/A;N/A;N/A;N/A;N/A;N/A;N/A;N/A;N/A;N/A;N/A;N/A;N/A;N/A;N/A;N/A;N/A;N/A;N/A;N/A;N/A;N/A;N/A;N/A;N/A;N/A;;0;448.9;0;0;;Disabled;TempStop;1;700;449;0;0;0;549.9;449.9;Enabled;PosOk;1;0;0;0;0;0;15;Disabled;0;0;0;0;0;0;0;0;0;0;0;0;0;0;0;0;0;0;0;0;0;0;0;0;0;0;0;0;0;0;0;0;0;0;0;0;0;0;0;0;0;0;0;0;0;0;0;0;0;0;0;0;0;0;0;0;0;0;0;0;0;0;0;0;0;0;0;0;0;0;30;34;20;45;30;29;20;45;30;25;20;45;30;25;20;45;200;227;100;300;200;224;100;300;200;0;100;300;200;0;100;300;30;33;20;45;30;29;20;45;30;26;20;45;30;28;20;45;200;242;100;300;200;240;100;300;200;0;100;300;200;0;100;300;4;2;0.4;6;4;5;0.4;6;4;2;0.4;6;4;5;0.4;6;4;2;0.4;6;4;6;0.4;6;4;2;0.4;6;4;5;0.4;6;NOK;NOK;OK;10000;10031;8000;11000;OK;8.64;0;8;12;NOK;N/A;1.95;N/A;N/A;N/A;9;11.7;7;18;OK;;0;0;0;-;Disabled;TempOk;1;230;117.2;0;0;0;349.9;441543200 volvo 589-1;441543200 volvo 589-1;441543200 volvo 589-1
20260331_23:49:44;26808;3;2;940;934.2;910;970;OK;940;944.8;910;970;OK;945.6;945.1;-20;-19.3;-50;-25;NOK;-20;-18.7;-50;-25;NOK;-16.7;-17.5;0;-20;-19.3;-50;-25;NOK;330;341;330;500;OK;0;0;N/A;N/A;N/A;N/A;N/A;N/A;N/A;N/A;N/A;N/A;N/A;N/A;N/A;N/A;N/A;N/A;N/A;N/A;N/A;N/A;N/A;N/A;N/A;N/A;N/A;N/A;N/A;N/A;N/A;N/A;N/A;N/A;N/A;N/A;N/A;N/A;N/A;N/A;N/A;N/A;N/A;N/A;N/A;N/A;N/A;N/A;N/A;N/A;N/A;N/A;N/A;N/A;N/A;N/A;N/A;N/A;N/A;N/A;N/A;N/A;N/A;N/A;N/A;N/A;N/A;N/A;N/A;N/A;N/A;N/A;N/A;N/A;N/A;N/A;N/A;N/A;N/A;N/A;N/A;N/A;N/A;N/A;N/A;N/A;N/A;N/A;N/A;N/A;N/A;N/A;N/A;N/A;N/A;N/A;N/A;N/A;N/A;N/A;;0;449.4;0;0;;Disabled;TempStop;1;700;449.7;0;0;0;549.9;449.9;Enabled;PosOk;1;0;0;0;0;0;15;Disabled;0;0;0;0;0;0;0;0;0;0;0;0;0;0;0;0;0;0;0;0;0;0;0;0;0;0;0;0;0;0;0;0;0;0;0;0;0;0;0;0;0;0;0;0;0;0;0;0;0;0;0;0;0;0;0;0;0;0;0;0;0;0;0;0;0;0;0;0;0;0;30;34;20;45;30;29;20;45;30;25;20;45;30;25;20;45;200;227;100;300;200;224;100;300;200;0;100;300;200;0;100;300;30;34;20;45;30;29;20;45;30;26;20;45;30;28;20;45;200;243;100;300;200;240;100;300;200;0;100;300;200;0;100;300;4;2;0.4;6;4;5;0.4;6;4;2;0.4;6;4;5;0.4;6;4;2;0.4;6;4;5;0.4;6;4;2;0.4;6;4;6;0.4;6;NOK;NOK;OK;10000;10037;8000;11000;OK;8.64;0;8;12;NOK;N/A;1.95;N/A;N/A;N/A;9;11.7;7;18;OK;;0;0;0;-;Disabled;TempOk;1;230;118.7;0;0;0;349.9;441543200 volvo 589-1;441543200 volvo 589-1;441543200 volvo 589-1
20260331_23:50:06;26809;2;2;940;934.7;910;970;OK;940;943.3;910;970;OK;944.4;943.7;-15;-15.1;-50;-20;NOK;-15;-15.3;-50;-20;NOK;-16.3;-16.1;0;-15;-15.1;-50;-20;NOK;330;341;330;500;OK;0;0;N/A;N/A;N/A;N/A;N/A;N/A;N/A;N/A;N/A;N/A;N/A;N/A;N/A;N/A;N/A;N/A;N/A;N/A;N/A;N/A;N/A;N/A;N/A;N/A;N/A;N/A;N/A;N/A;N/A;N/A;N/A;N/A;N/A;N/A;N/A;N/A;N/A;N/A;N/A;N/A;N/A;N/A;N/A;N/A;N/A;N/A;N/A;N/A;N/A;N/A;N/A;N/A;N/A;N/A;N/A;N/A;N/A;N/A;N/A;N/A;N/A;N/A;N/A;N/A;N/A;N/A;N/A;N/A;N/A;N/A;N/A;N/A;N/A;N/A;N/A;N/A;N/A;N/A;N/A;N/A;N/A;N/A;N/A;N/A;N/A;N/A;N/A;N/A;N/A;N/A;N/A;N/A;N/A;N/A;N/A;N/A;N/A;N/A;;0;457.7;0;0;;Disabled;NotOk;1;700;457.7;0;0;0;549.9;449.9;Enabled;PosOk;1;0;0;0;0;0;15;Disabled;0;0;0;0;0;0;0;0;0;0;0;0;0;0;0;0;0;0;0;0;0;0;0;0;0;0;0;0;0;0;0;0;0;0;0;0;0;0;0;0;0;0;0;0;0;0;0;0;0;0;0;0;0;0;0;0;0;0;0;0;0;0;0;0;0;0;0;0;0;0;30;34;20;45;30;30;20;45;30;25;20;45;30;25;20;45;200;227;100;300;200;224;100;300;200;0;100;300;200;0;100;300;30;34;20;45;30;30;20;45;30;26;20;45;30;28;20;45;200;242;100;300;200;240;100;300;200;0;100;300;200;1;100;300;4;2;0.4;6;4;5;0.4;6;4;2;0.4;6;4;5;0.4;6;4;2;0.4;6;4;5;0.4;6;4;2;0.4;6;4;6;0.4;6;NOK;NOK;OK;10000;10027;8000;11000;OK;8.65;0;8;12;NOK;N/A;1.95;N/A;N/A;N/A;9;11.6;7;18;OK;;0;0;0;-;Disabled;TempOk;1;230;118.7;0;0;0;349.9;441543200 volvo 589-1;441543200 volvo 589-1;441543200 volvo 589-1
20260331_23:50:28;26810;1;3;940;948.9;910;970;OK;940;958.4;910;970;OK;958;958.2;-20;-11.8;-50;-25;NOK;-20;-12.5;-50;-25;NOK;-16.4;-15.9;0;-20;-11.8;-50;-25;NOK;330;341;330;500;OK;0;0;N/A;N/A;N/A;N/A;N/A;N/A;N/A;N/A;N/A;N/A;N/A;N/A;N/A;N/A;N/A;N/A;N/A;N/A;N/A;N/A;N/A;N/A;N/A;N/A;N/A;N/A;N/A;N/A;N/A;N/A;N/A;N/A;N/A;N/A;N/A;N/A;N/A;N/A;N/A;N/A;N/A;N/A;N/A;N/A;N/A;N/A;N/A;N/A;N/A;N/A;N/A;N/A;N/A;N/A;N/A;N/A;N/A;N/A;N/A;N/A;N/A;N/A;N/A;N/A;N/A;N/A;N/A;N/A;N/A;N/A;N/A;N/A;N/A;N/A;N/A;N/A;N/A;N/A;N/A;N/A;N/A;N/A;N/A;N/A;N/A;N/A;N/A;N/A;N/A;N/A;N/A;N/A;N/A;N/A;N/A;N/A;N/A;N/A;;0;457.1;0;0;;Disabled;NotOk;1;700;457.2;0;0;0;549.9;449.9;Enabled;PosOk;1;0;0;0;0;0;15;Disabled;0;0;0;0;0;0;0;0;0;0;0;0;0;0;0;0;0;0;0;0;0;0;0;0;0;0;0;0;0;0;0;0;0;0;0;0;0;0;0;0;0;0;0;0;0;0;0;0;0;0;0;0;0;0;0;0;0;0;0;0;0;0;0;0;0;0;0;0;0;0;30;35;20;45;30;30;20;45;30;25;20;45;30;25;20;45;200;228;100;300;200;224;100;300;200;0;100;300;200;0;100;300;30;34;20;45;30;30;20;45;30;26;20;45;30;28;20;45;200;243;100;300;200;240;100;300;200;0;100;300;200;0;100;300;4;2;0.4;6;4;5;0.4;6;4;2;0.4;6;4;6;0.4;6;4;2;0.4;6;4;6;0.4;6;4;2;0.4;6;4;6;0.4;6;NOK;NOK;OK;10000;10036;8000;11000;OK;8.65;0;8;12;NOK;N/A;1.96;N/A;N/A;N/A;9;10.7;7;18;OK;;0;0;0;-;Disabled;TempOk;1;230;121.1;0;0;0;349.9;441543200 volvo 589-1;441543200 volvo 589-1;441543200 volvo 589-1
20260331_23:50:50;26811;4;2;940;951.3;910;970;OK;940;959.6;910;970;OK;960.2;960.3;-15;-20;-50;-5;OK;-15;-11.8;-50;-5;OK;-13;-12.9;0;-15;-19.9;-50;-5;OK;330;341;330;500;OK;279.69;280.18;N/A;N/A;N/A;N/A;N/A;N/A;N/A;N/A;N/A;N/A;N/A;N/A;N/A;N/A;N/A;N/A;N/A;N/A;N/A;N/A;N/A;N/A;N/A;N/A;N/A;N/A;N/A;N/A;N/A;N/A;N/A;N/A;N/A;N/A;N/A;N/A;N/A;N/A;N/A;N/A;N/A;N/A;N/A;N/A;N/A;N/A;N/A;N/A;N/A;N/A;N/A;N/A;N/A;N/A;N/A;N/A;N/A;N/A;N/A;N/A;N/A;N/A;N/A;N/A;N/A;N/A;N/A;N/A;N/A;N/A;N/A;N/A;N/A;N/A;N/A;N/A;N/A;N/A;N/A;N/A;N/A;N/A;N/A;N/A;N/A;N/A;N/A;N/A;N/A;N/A;N/A;N/A;N/A;N/A;N/A;N/A;N/A;N/A;;0;456.4;0;0;;Disabled;NotOk;1;700;456.3;0;0;0;549.9;449.9;Enabled;PosOk;1;0;0;0;0;0;15;Disabled;0;0;0;0;0;0;0;0;0;0;0;0;0;0;0;0;0;0;0;0;0;0;0;0;0;0;0;0;0;0;0;0;0;0;0;0;0;0;0;0;0;0;0;0;0;0;0;0;0;0;0;0;0;0;0;0;0;0;0;0;0;0;0;0;0;0;0;0;0;0;30;35;20;45;30;30;20;45;30;25;20;45;30;25;20;45;200;228;100;300;200;224;100;300;200;0;100;300;200;0;100;300;30;35;20;45;30;30;20;45;30;26;20;45;30;28;20;45;200;243;100;300;200;240;100;300;200;0;100;300;200;0;100;300;4;2;0.4;6;4;5;0.4;6;4;2;0.4;6;4;6;0.4;6;4;2;0.4;6;4;5;0.4;6;4;2;0.4;6;4;6;0.4;6;NOK;NOK;OK;10000;10028;8000;11000;OK;8.65;0;8;12;NOK;N/A;1.95;N/A;N/A;N/A;9;11.7;7;18;OK;;0;0;0;-;Disabled;TempOk;1;230;119.9;0;0;0;349.9;441543200 volvo 589-1;441543200 volvo 589-1;441543200 volvo 589-1
20260331_23:51:13;26812;3;5;940;948.1;910;970;OK;940;933.3;910;970;OK;924.4;929.7;-20;-15.2;-50;-25;NOK;-20;-14.7;-50;-25;NOK;-12.2;-13.1;0;-20;-15.3;-50;-25;NOK;330;341;330;500;OK;0;0;N/A;N/A;N/A;N/A;N/A;N/A;N/A;N/A;N/A;N/A;N/A;N/A;N/A;N/A;N/A;N/A;N/A;N/A;N/A;N/A;N/A;N/A;N/A;N/A;N/A;N/A;N/A;N/A;N/A;N/A;N/A;N/A;N/A;N/A;N/A;N/A;N/A;N/A;N/A;N/A;N/A;N/A;N/A;N/A;N/A;N/A;N/A;N/A;N/A;N/A;N/A;N/A;N/A;N/A;N/A;N/A;N/A;N/A;N/A;N/A;N/A;N/A;N/A;N/A;N/A;N/A;N/A;N/A;N/A;N/A;N/A;N/A;N/A;N/A;N/A;N/A;N/A;N/A;N/A;N/A;N/A;N/A;N/A;N/A;N/A;N/A;N/A;N/A;N/A;N/A;N/A;N/A;N/A;N/A;N/A;N/A;N/A;N/A;;0;436.7;0;0;;Disabled;TempStop;1;700;436.7;0;0;0;549.9;449.9;Enabled;PosOk;1;0;0;0;0;0;15;Disabled;0;0;0;0;0;0;0;0;0;0;0;0;0;0;0;0;0;0;0;0;0;0;0;0;0;0;0;0;0;0;0;0;0;0;0;0;0;0;0;0;0;0;0;0;0;0;0;0;0;0;0;0;0;0;0;0;0;0;0;0;0;0;0;0;0;0;0;0;0;0;30;35;20;45;30;30;20;45;30;25;20;45;30;25;20;45;200;228;100;300;200;224;100;300;200;0;100;300;200;0;100;300;30;35;20;45;30;30;20;45;30;26;20;45;30;28;20;45;200;243;100;300;200;241;100;300;200;0;100;300;200;0;100;300;4;2;0.4;6;4;5;0.4;6;4;2;0.4;6;4;5;0.4;6;4;2;0.4;6;4;6;0.4;6;4;2;0.4;6;4;5;0.4;6;NOK;NOK;OK;10000;10030;8000;11000;OK;8.65;0;8;12;NOK;N/A;1.96;N/A;N/A;N/A;9;11.7;7;18;OK;;0;0;0;-;Disabled;TempOk;1;230;124.9;0;0;0;349.9;441543200 volvo 589-1;441543200 volvo 589-1;441543200 volvo 589-1
20260331_23:51:35;26813;2;5;940;933.8;910;970;OK;940;941.1;910;970;OK;944.8;942.9;-15;-15.5;-50;-20;NOK;-15;-15.2;-50;-20;NOK;-13.3;-14.2;0;-15;-15.6;-50;-20;NOK;330;341;330;500;OK;0;0;N/A;N/A;N/A;N/A;N/A;N/A;N/A;N/A;N/A;N/A;N/A;N/A;N/A;N/A;N/A;N/A;N/A;N/A;N/A;N/A;N/A;N/A;N/A;N/A;N/A;N/A;N/A;N/A;N/A;N/A;N/A;N/A;N/A;N/A;N/A;N/A;N/A;N/A;N/A;N/A;N/A;N/A;N/A;N/A;N/A;N/A;N/A;N/A;N/A;N/A;N/A;N/A;N/A;N/A;N/A;N/A;N/A;N/A;N/A;N/A;N/A;N/A;N/A;N/A;N/A;N/A;N/A;N/A;N/A;N/A;N/A;N/A;N/A;N/A;N/A;N/A;N/A;N/A;N/A;N/A;N/A;N/A;N/A;N/A;N/A;N/A;N/A;N/A;N/A;N/A;N/A;N/A;N/A;N/A;N/A;N/A;N/A;N/A;;0;454.3;0;0;;Disabled;NotOk;1;700;454.5;0;0;0;549.9;449.9;Enabled;PosOk;1;0;0;0;0;0;15;Disabled;0;0;0;0;0;0;0;0;0;0;0;0;0;0;0;0;0;0;0;0;0;0;0;0;0;0;0;0;0;0;0;0;0;0;0;0;0;0;0;0;0;0;0;0;0;0;0;0;0;0;0;0;0;0;0;0;0;0;0;0;0;0;0;0;0;0;0;0;0;0;30;35;20;45;30;30;20;45;30;25;20;45;30;25;20;45;200;227;100;300;200;224;100;300;200;0;100;300;200;0;100;300;30;34;20;45;30;30;20;45;30;26;20;45;30;28;20;45;200;242;100;300;200;240;100;300;200;0;100;300;200;0;100;300;4;2;0.4;6;4;5;0.4;6;4;2;0.4;6;4;6;0.4;6;4;2;0.4;6;4;6;0.4;6;4;2;0.4;6;4;6;0.4;6;NOK;NOK;OK;10000;10045;8000;11000;OK;8.66;0;8;12;NOK;N/A;1.95;N/A;N/A;N/A;9;11.7;7;18;OK;;0;0;0;-;Disabled;TempOk;1;230;125.9;0;0;0;349.9;441543200 volvo 589-1;441543200 volvo 589-1;441543200 volvo 589-1
20260331_23:51:57;26814;3;3;940;945.5;910;970;OK;940;955.7;910;970;OK;955.1;955.3;-20;-14.3;-50;-25;NOK;-20;-14.4;-50;-25;NOK;-15.2;-15.1;0;-20;-14.3;-50;-25;NOK;330;341;330;500;OK;0;0;N/A;N/A;N/A;N/A;N/A;N/A;N/A;N/A;N/A;N/A;N/A;N/A;N/A;N/A;N/A;N/A;N/A;N/A;N/A;N/A;N/A;N/A;N/A;N/A;N/A;N/A;N/A;N/A;N/A;N/A;N/A;N/A;N/A;N/A;N/A;N/A;N/A;N/A;N/A;N/A;N/A;N/A;N/A;N/A;N/A;N/A;N/A;N/A;N/A;N/A;N/A;N/A;N/A;N/A;N/A;N/A;N/A;N/A;N/A;N/A;N/A;N/A;N/A;N/A;N/A;N/A;N/A;N/A;N/A;N/A;N/A;N/A;N/A;N/A;N/A;N/A;N/A;N/A;N/A;N/A;N/A;N/A;N/A;N/A;N/A;N/A;N/A;N/A;N/A;N/A;N/A;N/A;N/A;N/A;N/A;N/A;N/A;N/A;;0;450.6;0;0;;Disabled;NotOk;1;700;450.6;0;0;0;549.9;449.9;Enabled;PosOk;1;0;0;0;0;0;15;Disabled;0;0;0;0;0;0;0;0;0;0;0;0;0;0;0;0;0;0;0;0;0;0;0;0;0;0;0;0;0;0;0;0;0;0;0;0;0;0;0;0;0;0;0;0;0;0;0;0;0;0;0;0;0;0;0;0;0;0;0;0;0;0;0;0;0;0;0;0;0;0;30;35;20;45;30;29;20;45;30;25;20;45;30;25;20;45;200;228;100;300;200;224;100;300;200;0;100;300;200;0;100;300;30;34;20;45;30;29;20;45;30;26;20;45;30;28;20;45;200;243;100;300;200;240;100;300;200;0;100;300;200;0;100;300;4;2;0.4;6;4;5;0.4;6;4;2;0.4;6;4;5;0.4;6;4;2;0.4;6;4;6;0.4;6;4;2;0.4;6;4;6;0.4;6;NOK;NOK;OK;10000;10027;8000;11000;OK;8.64;0;8;12;NOK;N/A;1.95;N/A;N/A;N/A;9;11.2;7;18;OK;;0;0;0;-;Disabled;TempOk;1;230;111.5;0;0;0;349.9;441543200 volvo 589-1;441543200 volvo 589-1;441543200 volvo 589-1
20260331_23:52:19;26815;4;3;940;950.8;910;970;OK;940;958.8;910;970;OK;957.9;958.6;-15;-13.8;-50;-5;OK;-15;-11.7;-50;-5;OK;-13.5;-13.4;0;-15;-13.7;-50;-5;OK;330;341;330;500;OK;279.83;280.37;N/A;N/A;N/A;N/A;N/A;N/A;N/A;N/A;N/A;N/A;N/A;N/A;N/A;N/A;N/A;N/A;N/A;N/A;N/A;N/A;N/A;N/A;N/A;N/A;N/A;N/A;N/A;N/A;N/A;N/A;N/A;N/A;N/A;N/A;N/A;N/A;N/A;N/A;N/A;N/A;N/A;N/A;N/A;N/A;N/A;N/A;N/A;N/A;N/A;N/A;N/A;N/A;N/A;N/A;N/A;N/A;N/A;N/A;N/A;N/A;N/A;N/A;N/A;N/A;N/A;N/A;N/A;N/A;N/A;N/A;N/A;N/A;N/A;N/A;N/A;N/A;N/A;N/A;N/A;N/A;N/A;N/A;N/A;N/A;N/A;N/A;N/A;N/A;N/A;N/A;N/A;N/A;N/A;N/A;N/A;N/A;N/A;N/A;;0;444;0;0;;Disabled;TempStop;1;700;444.2;0;0;0;549.9;449.9;Enabled;PosOk;1;0;0;0;0;0;15;Disabled;0;0;0;0;0;0;0;0;0;0;0;0;0;0;0;0;0;0;0;0;0;0;0;0;0;0;0;0;0;0;0;0;0;0;0;0;0;0;0;0;0;0;0;0;0;0;0;0;0;0;0;0;0;0;0;0;0;0;0;0;0;0;0;0;0;0;0;0;0;0;30;34;20;45;30;29;20;45;30;25;20;45;30;25;20;45;200;227;100;300;200;224;100;300;200;0;100;300;200;0;100;300;30;33;20;45;30;29;20;45;30;26;20;45;30;28;20;45;200;243;100;300;200;240;100;300;200;0;100;300;200;0;100;300;4;2;0.4;6;4;5;0.4;6;4;2;0.4;6;4;6;0.4;6;4;2;0.4;6;4;6;0.4;6;4;2;0.4;6;4;6;0.4;6;NOK;NOK;OK;10000;10038;8000;11000;OK;8.65;0;8;12;NOK;N/A;1.96;N/A;N/A;N/A;9;11.7;7;18;OK;;0;0;0;-;Disabled;TempOk;1;230;119.2;0;0;0;349.9;441543200 volvo 589-1;441543200 volvo 589-1;441543200 volvo 589-1
20260331_23:52:41;26816;1;4;940;936.5;910;970;OK;940;944.2;910;970;OK;945.3;944.7;-20;-10.3;-50;-25;NOK;-20;-10;-50;-25;NOK;-11.9;-10.2;0;-20;-10.3;-50;-25;NOK;330;341;330;500;OK;0;0;N/A;N/A;N/A;N/A;N/A;N/A;N/A;N/A;N/A;N/A;N/A;N/A;N/A;N/A;N/A;N/A;N/A;N/A;N/A;N/A;N/A;N/A;N/A;N/A;N/A;N/A;N/A;N/A;N/A;N/A;N/A;N/A;N/A;N/A;N/A;N/A;N/A;N/A;N/A;N/A;N/A;N/A;N/A;N/A;N/A;N/A;N/A;N/A;N/A;N/A;N/A;N/A;N/A;N/A;N/A;N/A;N/A;N/A;N/A;N/A;N/A;N/A;N/A;N/A;N/A;N/A;N/A;N/A;N/A;N/A;N/A;N/A;N/A;N/A;N/A;N/A;N/A;N/A;N/A;N/A;N/A;N/A;N/A;N/A;N/A;N/A;N/A;N/A;N/A;N/A;N/A;N/A;N/A;N/A;N/A;N/A;N/A;N/A;;0;447.9;0;0;;Disabled;TempStop;1;700;447.8;0;0;0;549.9;449.9;Enabled;PosOk;1;0;0;0;0;0;15;Disabled;0;0;0;0;0;0;0;0;0;0;0;0;0;0;0;0;0;0;0;0;0;0;0;0;0;0;0;0;0;0;0;0;0;0;0;0;0;0;0;0;0;0;0;0;0;0;0;0;0;0;0;0;0;0;0;0;0;0;0;0;0;0;0;0;0;0;0;0;0;0;30;34;20;45;30;29;20;45;30;25;20;45;30;25;20;45;200;227;100;300;200;224;100;300;200;0;100;300;200;0;100;300;30;34;20;45;30;29;20;45;30;26;20;45;30;28;20;45;200;243;100;300;200;240;100;300;200;0;100;300;200;0;100;300;4;2;0.4;6;4;5;0.4;6;4;2;0.4;6;4;5;0.4;6;4;2;0.4;6;4;6;0.4;6;4;2;0.4;6;4;5;0.4;6;NOK;NOK;OK;10000;10036;8000;11000;OK;8.65;0;8;12;NOK;N/A;1.95;N/A;N/A;N/A;9;11.3;7;18;OK;;0;0;0;-;Disabled;TempOk;1;230;121.2;0;0;0;349.9;441543200 volvo 589-1;441543200 volvo 589-1;441543200 volvo 589-1
20260331_23:53:03;26817;2;4;940;937;910;970;OK;940;947;910;970;OK;945.9;946.8;-15;-17;-50;-20;NOK;-15;-16.7;-50;-20;NOK;-16.4;-16.5;0;-15;-17;-50;-20;NOK;330;341;330;500;OK;0;0;N/A;N/A;N/A;N/A;N/A;N/A;N/A;N/A;N/A;N/A;N/A;N/A;N/A;N/A;N/A;N/A;N/A;N/A;N/A;N/A;N/A;N/A;N/A;N/A;N/A;N/A;N/A;N/A;N/A;N/A;N/A;N/A;N/A;N/A;N/A;N/A;N/A;N/A;N/A;N/A;N/A;N/A;N/A;N/A;N/A;N/A;N/A;N/A;N/A;N/A;N/A;N/A;N/A;N/A;N/A;N/A;N/A;N/A;N/A;N/A;N/A;N/A;N/A;N/A;N/A;N/A;N/A;N/A;N/A;N/A;N/A;N/A;N/A;N/A;N/A;N/A;N/A;N/A;N/A;N/A;N/A;N/A;N/A;N/A;N/A;N/A;N/A;N/A;N/A;N/A;N/A;N/A;N/A;N/A;N/A;N/A;N/A;N/A;;0;452.2;0;0;;Disabled;NotOk;1;700;452.2;0;0;0;549.9;449.9;Enabled;PosOk;1;0;0;0;0;0;15;Disabled;0;0;0;0;0;0;0;0;0;0;0;0;0;0;0;0;0;0;0;0;0;0;0;0;0;0;0;0;0;0;0;0;0;0;0;0;0;0;0;0;0;0;0;0;0;0;0;0;0;0;0;0;0;0;0;0;0;0;0;0;0;0;0;0;0;0;0;0;0;0;30;34;20;45;30;29;20;45;30;25;20;45;30;25;20;45;200;227;100;300;200;224;100;300;200;0;100;300;200;0;100;300;30;33;20;45;30;29;20;45;30;26;20;45;30;28;20;45;200;243;100;300;200;241;100;300;200;0;100;300;200;0;100;300;4;2;0.4;6;4;5;0.4;6;4;2;0.4;6;4;5;0.4;6;4;2;0.4;6;4;5;0.4;6;4;2;0.4;6;4;6;0.4;6;NOK;NOK;OK;10000;10027;8000;11000;OK;8.65;0;8;12;NOK;N/A;1.95;N/A;N/A;N/A;9;11.7;7;18;OK;;0;0;0;-;Disabled;TempOk;1;230;116.9;0;0;0;349.9;441543200 volvo 589-1;441543200 volvo 589-1;441543200 volvo 589-1
20260331_23:53:25;26818;3;4;940;947;910;970;OK;940;952.3;910;970;OK;951.2;951.9;-20;-12.8;-50;-25;NOK;-20;-13.3;-50;-25;NOK;-15.9;-15.8;0;-20;-12.7;-50;-25;NOK;330;341;330;500;OK;0;0;N/A;N/A;N/A;N/A;N/A;N/A;N/A;N/A;N/A;N/A;N/A;N/A;N/A;N/A;N/A;N/A;N/A;N/A;N/A;N/A;N/A;N/A;N/A;N/A;N/A;N/A;N/A;N/A;N/A;N/A;N/A;N/A;N/A;N/A;N/A;N/A;N/A;N/A;N/A;N/A;N/A;N/A;N/A;N/A;N/A;N/A;N/A;N/A;N/A;N/A;N/A;N/A;N/A;N/A;N/A;N/A;N/A;N/A;N/A;N/A;N/A;N/A;N/A;N/A;N/A;N/A;N/A;N/A;N/A;N/A;N/A;N/A;N/A;N/A;N/A;N/A;N/A;N/A;N/A;N/A;N/A;N/A;N/A;N/A;N/A;N/A;N/A;N/A;N/A;N/A;N/A;N/A;N/A;N/A;N/A;N/A;N/A;N/A;;0;442.4;0;0;;Disabled;TempStop;1;700;442.8;0;0;0;549.9;449.9;Enabled;PosOk;1;0;0;0;0;0;15;Disabled;0;0;0;0;0;0;0;0;0;0;0;0;0;0;0;0;0;0;0;0;0;0;0;0;0;0;0;0;0;0;0;0;0;0;0;0;0;0;0;0;0;0;0;0;0;0;0;0;0;0;0;0;0;0;0;0;0;0;0;0;0;0;0;0;0;0;0;0;0;0;30;34;20;45;30;29;20;45;30;25;20;45;30;25;20;45;200;227;100;300;200;224;100;300;200;0;100;300;200;0;100;300;30;34;20;45;30;29;20;45;30;26;20;45;30;28;20;45;200;243;100;300;200;241;100;300;200;0;100;300;200;0;100;300;4;2;0.4;6;4;5;0.4;6;4;2;0.4;6;4;5;0.4;6;4;2;0.4;6;4;6;0.4;6;4;2;0.4;6;4;5;0.4;6;NOK;NOK;OK;10000;10040;8000;11000;OK;8.66;0;8;12;NOK;N/A;1.95;N/A;N/A;N/A;9;11.7;7;18;OK;;0;0;0;-;Disabled;TempOk;1;230;120.4;0;0;0;349.9;441543200 volvo 589-1;441543200 volvo 589-1;441543200 volvo 589-1
20260331_23:53:40;26820;1;1;940;908;910;970;NOK;940;907.1;910;970;NOK;902.6;905.4;-20;-16;-50;-25;NOK;-20;-15.6;-50;-25;NOK;-14.6;-15;0;-20;-16;-50;-25;NOK;330;341;330;500;OK;0;0;;;;;;;;;;;;;;;;;;;;;;;;;;;;;;;;;;;;;;;;;;;;;;;;;;;;;;;;;;;;;;;;;;;;;;;;;;;;;;;;;;;;;;;;;;;;;;;;;;;;;;;;;;;;;;;;;;;;;;;;;;;;;;;;;;;;;;;;;;;;;;;;;;;;;;;;;;;;;;;;;;;;;;;;;;;;;;;;;;;;;;;;;;;;;;;;;;;;;;;;;;;;;;;;;;;;;;;;;;;;;;;;;;;;;;;;;;;;;;;;;;;;;;;;;;;;;;;;;;;;;;;;;;;;;;;;;;;;;;;;;;;;;;;;;;;;;;;;;;;;;;;;;;;;;;;;;;;;;;;;;;;;;;;;441543200 volvo 589-1;;;;
20260331_23:53:47;26819;2;1;940;936.7;910;970;OK;940;933.9;910;970;OK;927.5;930.9;-15;-17;-50;-20;NOK;-15;-17;-50;-20;NOK;-15.1;-15.9;0;-15;-17;-50;-20;NOK;330;341;330;500;OK;0;0;N/A;N/A;N/A;N/A;N/A;N/A;N/A;N/A;N/A;N/A;N/A;N/A;N/A;N/A;N/A;N/A;N/A;N/A;N/A;N/A;N/A;N/A;N/A;N/A;N/A;N/A;N/A;N/A;N/A;N/A;N/A;N/A;N/A;N/A;N/A;N/A;N/A;N/A;N/A;N/A;N/A;N/A;N/A;N/A;N/A;N/A;N/A;N/A;N/A;N/A;N/A;N/A;N/A;N/A;N/A;N/A;N/A;N/A;N/A;N/A;N/A;N/A;N/A;N/A;N/A;N/A;N/A;N/A;N/A;N/A;N/A;N/A;N/A;N/A;N/A;N/A;N/A;N/A;N/A;N/A;N/A;N/A;N/A;N/A;N/A;N/A;N/A;N/A;N/A;N/A;N/A;N/A;N/A;N/A;N/A;N/A;N/A;N/A;;0;436.1;0;0;;Disabled;TempStop;1;700;436.5;0;0;0;549.9;449.9;Enabled;PosOk;1;0;0;0;0;0;15;Disabled;0;0;0;0;0;0;0;0;0;0;0;0;0;0;0;0;0;0;0;0;0;0;0;0;0;0;0;0;0;0;0;0;0;0;0;0;0;0;0;0;0;0;0;0;0;0;0;0;0;0;0;0;0;0;0;0;0;0;0;0;0;0;0;0;0;0;0;0;0;0;30;34;20;45;30;30;20;45;30;25;20;45;30;25;20;45;200;227;100;300;200;224;100;300;200;0;100;300;200;0;100;300;30;34;20;45;30;30;20;45;30;26;20;45;30;28;20;45;200;243;100;300;200;240;100;300;200;0;100;300;200;0;100;300;4;2;0.4;6;4;5;0.4;6;4;2;0.4;6;4;5;0.4;6;4;2;0.4;6;4;6;0.4;6;4;2;0.4;6;4;6;0.4;6;NOK;NOK;OK;10000;10032;8000;11000;OK;8.65;0;8;12;NOK;N/A;1.96;N/A;N/A;N/A;9;11.6;7;18;OK;;0;0;0;-;Disabled;TempOk;1;230;119.2;0;0;0;349.9;441543200 volvo 589-1;441543200 volvo 589-1;441543200 volvo 589-1
20260331_23:54:31;26821;4;4;940;938.4;910;970;OK;940;959.5;910;970;OK;958.3;958.8;-15;-8.2;-50;-5;OK;-15;-10.5;-50;-5;OK;-8.7;-7.1;0;-15;-8.3;-50;-5;OK;330;341;330;500;OK;279.99;280.63;N/A;N/A;N/A;N/A;N/A;N/A;N/A;N/A;N/A;N/A;N/A;N/A;N/A;N/A;N/A;N/A;N/A;N/A;N/A;N/A;N/A;N/A;N/A;N/A;N/A;N/A;N/A;N/A;N/A;N/A;N/A;N/A;N/A;N/A;N/A;N/A;N/A;N/A;N/A;N/A;N/A;N/A;N/A;N/A;N/A;N/A;N/A;N/A;N/A;N/A;N/A;N/A;N/A;N/A;N/A;N/A;N/A;N/A;N/A;N/A;N/A;N/A;N/A;N/A;N/A;N/A;N/A;N/A;N/A;N/A;N/A;N/A;N/A;N/A;N/A;N/A;N/A;N/A;N/A;N/A;N/A;N/A;N/A;N/A;N/A;N/A;N/A;N/A;N/A;N/A;N/A;N/A;N/A;N/A;N/A;N/A;N/A;N/A;;0;397.8;0;0;;Disabled;TempStop;1;700;398.5;0;0;0;549.9;449.9;Enabled;PosOk;1;0;0;0;0;0;15;Disabled;0;0;0;0;0;0;0;0;0;0;0;0;0;0;0;0;0;0;0;0;0;0;0;0;0;0;0;0;0;0;0;0;0;0;0;0;0;0;0;0;0;0;0;0;0;0;0;0;0;0;0;0;0;0;0;0;0;0;0;0;0;0;0;0;0;0;0;0;0;0;30;33;20;45;30;30;20;45;30;25;20;45;30;25;20;45;200;227;100;300;200;224;100;300;200;0;100;300;200;0;100;300;30;33;20;45;30;30;20;45;30;26;20;45;30;29;20;45;200;242;100;300;200;241;100;300;200;0;100;300;200;0;100;300;4;2;0.4;6;4;5;0.4;6;4;2;0.4;6;4;5;0.4;6;4;2;0.4;6;4;6;0.4;6;4;2;0.4;6;4;6;0.4;6;NOK;NOK;OK;10000;10046;8000;11000;OK;8.65;0;8;12;NOK;N/A;1.95;N/A;N/A;N/A;9;11.7;7;18;OK;;0;0;0;-;Disabled;TempOk;1;230;116.9;0;0;0;349.9;441543200 volvo 589-1;441543200 volvo 589-1;441543200 volvo 589-1
20260331_23:54:53;26822;1;2;940;944.9;910;970;OK;940;942.4;910;970;OK;939.2;941;-20;-15.3;-50;-25;NOK;-20;-15.3;-50;-25;NOK;-14;-14.7;0;-20;-15.3;-50;-25;NOK;330;341;330;500;OK;0;0;N/A;N/A;N/A;N/A;N/A;N/A;N/A;N/A;N/A;N/A;N/A;N/A;N/A;N/A;N/A;N/A;N/A;N/A;N/A;N/A;N/A;N/A;N/A;N/A;N/A;N/A;N/A;N/A;N/A;N/A;N/A;N/A;N/A;N/A;N/A;N/A;N/A;N/A;N/A;N/A;N/A;N/A;N/A;N/A;N/A;N/A;N/A;N/A;N/A;N/A;N/A;N/A;N/A;N/A;N/A;N/A;N/A;N/A;N/A;N/A;N/A;N/A;N/A;N/A;N/A;N/A;N/A;N/A;N/A;N/A;N/A;N/A;N/A;N/A;N/A;N/A;N/A;N/A;N/A;N/A;N/A;N/A;N/A;N/A;N/A;N/A;N/A;N/A;N/A;N/A;N/A;N/A;N/A;N/A;N/A;N/A;N/A;N/A;;0;449.2;0;0;;Disabled;TempStop;1;700;449.5;0;0;0;549.9;449.9;Enabled;PosOk;1;0;0;0;0;0;15;Disabled;0;0;0;0;0;0;0;0;0;0;0;0;0;0;0;0;0;0;0;0;0;0;0;0;0;0;0;0;0;0;0;0;0;0;0;0;0;0;0;0;0;0;0;0;0;0;0;0;0;0;0;0;0;0;0;0;0;0;0;0;0;0;0;0;0;0;0;0;0;0;30;34;20;45;30;30;20;45;30;25;20;45;30;25;20;45;200;227;100;300;200;224;100;300;200;0;100;300;200;0;100;300;30;34;20;45;30;30;20;45;30;26;20;45;30;28;20;45;200;242;100;300;200;240;100;300;200;0;100;300;200;0;100;300;4;2;0.4;6;4;5;0.4;6;4;2;0.4;6;4;5;0.4;6;4;2;0.4;6;4;6;0.4;6;4;2;0.4;6;4;6;0.4;6;NOK;NOK;OK;10000;10040;8000;11000;OK;8.66;0;8;12;NOK;N/A;1.95;N/A;N/A;N/A;9;10.6;7;18;OK;;0;0;0;-;Disabled;TempOk;1;230;121.1;0;0;0;349.9;441543200 volvo 589-1;441543200 volvo 589-1;441543200 volvo 589-1
20260331_23:55:15;26823;4;1;940;935.5;910;970;OK;940;956.2;910;970;OK;949.4;951.4;-15;-13.5;-50;-5;OK;-15;-21.1;-50;-5;OK;-21.3;-21.8;0;-15;-13.6;-50;-5;OK;330;341;330;500;OK;280.05;280.71;N/A;N/A;N/A;N/A;N/A;N/A;N/A;N/A;N/A;N/A;N/A;N/A;N/A;N/A;N/A;N/A;N/A;N/A;N/A;N/A;N/A;N/A;N/A;N/A;N/A;N/A;N/A;N/A;N/A;N/A;N/A;N/A;N/A;N/A;N/A;N/A;N/A;N/A;N/A;N/A;N/A;N/A;N/A;N/A;N/A;N/A;N/A;N/A;N/A;N/A;N/A;N/A;N/A;N/A;N/A;N/A;N/A;N/A;N/A;N/A;N/A;N/A;N/A;N/A;N/A;N/A;N/A;N/A;N/A;N/A;N/A;N/A;N/A;N/A;N/A;N/A;N/A;N/A;N/A;N/A;N/A;N/A;N/A;N/A;N/A;N/A;N/A;N/A;N/A;N/A;N/A;N/A;N/A;N/A;N/A;N/A;N/A;N/A;;0;454.7;0;0;;Disabled;NotOk;1;700;455.3;0;0;0;549.9;449.9;Enabled;PosOk;1;0;0;0;0;0;15;Disabled;0;0;0;0;0;0;0;0;0;0;0;0;0;0;0;0;0;0;0;0;0;0;0;0;0;0;0;0;0;0;0;0;0;0;0;0;0;0;0;0;0;0;0;0;0;0;0;0;0;0;0;0;0;0;0;0;0;0;0;0;0;0;0;0;0;0;0;0;0;0;30;34;20;45;30;30;20;45;30;25;20;45;30;25;20;45;200;228;100;300;200;224;100;300;200;0;100;300;200;0;100;300;30;34;20;45;30;30;20;45;30;26;20;45;30;28;20;45;200;243;100;300;200;241;100;300;200;0;100;300;200;0;100;300;4;2;0.4;6;4;5;0.4;6;4;2;0.4;6;4;6;0.4;6;4;2;0.4;6;4;5;0.4;6;4;2;0.4;6;4;6;0.4;6;NOK;NOK;OK;10000;10029;8000;11000;OK;8.65;0;8;12;NOK;N/A;1.95;N/A;N/A;N/A;9;11.8;7;18;OK;;0;0;0;-;Disabled;TempOk;1;230;114.5;0;0;0;349.9;441543200 volvo 589-1;441543200 volvo 589-1;441543200 volvo 589-1
20260331_23:55:37;26824;3;2;940;935.2;910;970;OK;940;945.7;910;970;OK;946.4;946.1;-20;-19;-50;-25;NOK;-20;-18.8;-50;-25;NOK;-16.8;-17.6;0;-20;-19;-50;-25;NOK;330;341;330;500;OK;0;0;N/A;N/A;N/A;N/A;N/A;N/A;N/A;N/A;N/A;N/A;N/A;N/A;N/A;N/A;N/A;N/A;N/A;N/A;N/A;N/A;N/A;N/A;N/A;N/A;N/A;N/A;N/A;N/A;N/A;N/A;N/A;N/A;N/A;N/A;N/A;N/A;N/A;N/A;N/A;N/A;N/A;N/A;N/A;N/A;N/A;N/A;N/A;N/A;N/A;N/A;N/A;N/A;N/A;N/A;N/A;N/A;N/A;N/A;N/A;N/A;N/A;N/A;N/A;N/A;N/A;N/A;N/A;N/A;N/A;N/A;N/A;N/A;N/A;N/A;N/A;N/A;N/A;N/A;N/A;N/A;N/A;N/A;N/A;N/A;N/A;N/A;N/A;N/A;N/A;N/A;N/A;N/A;N/A;N/A;N/A;N/A;N/A;N/A;;0;449;0;0;;Disabled;TempStop;1;700;449.6;0;0;0;549.9;449.9;Enabled;PosOk;1;0;0;0;0;0;15;Disabled;0;0;0;0;0;0;0;0;0;0;0;0;0;0;0;0;0;0;0;0;0;0;0;0;0;0;0;0;0;0;0;0;0;0;0;0;0;0;0;0;0;0;0;0;0;0;0;0;0;0;0;0;0;0;0;0;0;0;0;0;0;0;0;0;0;0;0;0;0;0;30;34;20;45;30;29;20;45;30;25;20;45;30;25;20;45;200;227;100;300;200;225;100;300;200;0;100;300;200;0;100;300;30;34;20;45;30;29;20;45;30;26;20;45;30;28;20;45;200;243;100;300;200;241;100;300;200;0;100;300;200;0;100;300;4;2;0.4;6;4;5;0.4;6;4;2;0.4;6;4;5;0.4;6;4;2;0.4;6;4;5;0.4;6;4;2;0.4;6;4;6;0.4;6;NOK;NOK;OK;10000;10025;8000;11000;OK;8.64;0;8;12;NOK;N/A;1.95;N/A;N/A;N/A;9;11.7;7;18;OK;;0;0;0;-;Disabled;TempOk;1;230;116.8;0;0;0;349.9;441543200 volvo 589-1;441543200 volvo 589-1;441543200 volvo 589-1
20260331_23:55:59;26825;2;2;940;935.5;910;970;OK;940;943.9;910;970;OK;944.9;944.2;-15;-15.2;-50;-20;NOK;-15;-15.3;-50;-20;NOK;-16.4;-16.2;0;-15;-15.2;-50;-20;NOK;330;341;330;500;OK;0;0;N/A;N/A;N/A;N/A;N/A;N/A;N/A;N/A;N/A;N/A;N/A;N/A;N/A;N/A;N/A;N/A;N/A;N/A;N/A;N/A;N/A;N/A;N/A;N/A;N/A;N/A;N/A;N/A;N/A;N/A;N/A;N/A;N/A;N/A;N/A;N/A;N/A;N/A;N/A;N/A;N/A;N/A;N/A;N/A;N/A;N/A;N/A;N/A;N/A;N/A;N/A;N/A;N/A;N/A;N/A;N/A;N/A;N/A;N/A;N/A;N/A;N/A;N/A;N/A;N/A;N/A;N/A;N/A;N/A;N/A;N/A;N/A;N/A;N/A;N/A;N/A;N/A;N/A;N/A;N/A;N/A;N/A;N/A;N/A;N/A;N/A;N/A;N/A;N/A;N/A;N/A;N/A;N/A;N/A;N/A;N/A;N/A;N/A;;0;452.7;0;0;;Disabled;NotOk;1;700;453.1;0;0;0;549.9;449.9;Enabled;PosOk;1;0;0;0;0;0;15;Disabled;0;0;0;0;0;0;0;0;0;0;0;0;0;0;0;0;0;0;0;0;0;0;0;0;0;0;0;0;0;0;0;0;0;0;0;0;0;0;0;0;0;0;0;0;0;0;0;0;0;0;0;0;0;0;0;0;0;0;0;0;0;0;0;0;0;0;0;0;0;0;30;34;20;45;30;29;20;45;30;25;20;45;30;25;20;45;200;228;100;300;200;225;100;300;200;0;100;300;200;0;100;300;30;33;20;45;30;28;20;45;30;26;20;45;30;28;20;45;200;243;100;300;200;241;100;300;200;0;100;300;200;0;100;300;4;2;0.4;6;4;5;0.4;6;4;2;0.4;6;4;5;0.4;6;4;2;0.4;6;4;5;0.4;6;4;2;0.4;6;4;6;0.4;6;NOK;NOK;OK;10000;10035;8000;11000;OK;8.65;0;8;12;NOK;N/A;1.95;N/A;N/A;N/A;9;11.8;7;18;OK;;0;0;0;-;Disabled;TempOk;1;230;117.5;0;0;0;349.9;441543200 volvo 589-1;441543200 volvo 589-1;441543200 volvo 589-1
20260331_23:56:21;26826;1;3;940;950.7;910;970;OK;940;959.1;910;970;OK;958.7;958.9;-20;-11.9;-50;-25;NOK;-20;-13.1;-50;-25;NOK;-16.4;-16.1;0;-20;-11.9;-50;-25;NOK;330;341;330;500;OK;0;0;N/A;N/A;N/A;N/A;N/A;N/A;N/A;N/A;N/A;N/A;N/A;N/A;N/A;N/A;N/A;N/A;N/A;N/A;N/A;N/A;N/A;N/A;N/A;N/A;N/A;N/A;N/A;N/A;N/A;N/A;N/A;N/A;N/A;N/A;N/A;N/A;N/A;N/A;N/A;N/A;N/A;N/A;N/A;N/A;N/A;N/A;N/A;N/A;N/A;N/A;N/A;N/A;N/A;N/A;N/A;N/A;N/A;N/A;N/A;N/A;N/A;N/A;N/A;N/A;N/A;N/A;N/A;N/A;N/A;N/A;N/A;N/A;N/A;N/A;N/A;N/A;N/A;N/A;N/A;N/A;N/A;N/A;N/A;N/A;N/A;N/A;N/A;N/A;N/A;N/A;N/A;N/A;N/A;N/A;N/A;N/A;N/A;N/A;;0;458.9;0;0;;Disabled;NotOk;1;700;459;0;0;0;549.9;449.9;Enabled;PosOk;1;0;0;0;0;0;15;Disabled;0;0;0;0;0;0;0;0;0;0;0;0;0;0;0;0;0;0;0;0;0;0;0;0;0;0;0;0;0;0;0;0;0;0;0;0;0;0;0;0;0;0;0;0;0;0;0;0;0;0;0;0;0;0;0;0;0;0;0;0;0;0;0;0;0;0;0;0;0;0;30;34;20;45;30;29;20;45;30;25;20;45;30;25;20;45;200;227;100;300;200;224;100;300;200;0;100;300;200;0;100;300;30;33;20;45;30;29;20;45;30;26;20;45;30;28;20;45;200;243;100;300;200;241;100;300;200;0;100;300;200;0;100;300;4;2;0.4;6;4;5;0.4;6;4;2;0.4;6;4;5;0.4;6;4;2;0.4;6;4;6;0.4;6;4;2;0.4;6;4;6;0.4;6;NOK;NOK;OK;10000;10043;8000;11000;OK;8.65;0;8;12;NOK;N/A;1.95;N/A;N/A;N/A;9;11.4;7;18;OK;;0;0;0;-;Disabled;TempOk;1;230;123.5;0;0;0;349.9;441543200 volvo 589-1;441543200 volvo 589-1;441543200 volvo 589-1
20260331_23:56:43;26827;4;2;940;950.7;910;970;OK;940;956.3;910;970;OK;950.6;952.3;-15;-11.3;-50;-5;OK;-15;-22.1;-50;-5;OK;-19.6;-21.1;0;-15;-11.2;-50;-5;OK;330;341;330;500;OK;280.2;280.87;N/A;N/A;N/A;N/A;N/A;N/A;N/A;N/A;N/A;N/A;N/A;N/A;N/A;N/A;N/A;N/A;N/A;N/A;N/A;N/A;N/A;N/A;N/A;N/A;N/A;N/A;N/A;N/A;N/A;N/A;N/A;N/A;N/A;N/A;N/A;N/A;N/A;N/A;N/A;N/A;N/A;N/A;N/A;N/A;N/A;N/A;N/A;N/A;N/A;N/A;N/A;N/A;N/A;N/A;N/A;N/A;N/A;N/A;N/A;N/A;N/A;N/A;N/A;N/A;N/A;N/A;N/A;N/A;N/A;N/A;N/A;N/A;N/A;N/A;N/A;N/A;N/A;N/A;N/A;N/A;N/A;N/A;N/A;N/A;N/A;N/A;N/A;N/A;N/A;N/A;N/A;N/A;N/A;N/A;N/A;N/A;N/A;N/A;;0;450.1;0;0;;Disabled;NotOk;1;700;450.5;0;0;0;549.9;449.9;Enabled;PosOk;1;0;0;0;0;0;15;Disabled;0;0;0;0;0;0;0;0;0;0;0;0;0;0;0;0;0;0;0;0;0;0;0;0;0;0;0;0;0;0;0;0;0;0;0;0;0;0;0;0;0;0;0;0;0;0;0;0;0;0;0;0;0;0;0;0;0;0;0;0;0;0;0;0;0;0;0;0;0;0;30;34;20;45;30;29;20;45;30;25;20;45;30;25;20;45;200;228;100;300;200;225;100;300;200;0;100;300;200;0;100;300;30;34;20;45;30;29;20;45;30;26;20;45;30;28;20;45;200;243;100;300;200;241;100;300;200;0;100;300;200;0;100;300;4;2;0.4;6;4;5;0.4;6;4;2;0.4;6;4;6;0.4;6;4;2;0.4;6;4;5;0.4;6;4;2;0.4;6;4;6;0.4;6;NOK;NOK;OK;10000;10040;8000;11000;OK;8.65;0;8;12;NOK;N/A;1.95;N/A;N/A;N/A;9;11.7;7;18;OK;;0;0;0;-;Disabled;TempOk;1;230;119;0;0;0;349.9;441543200 volvo 589-1;441543200 volvo 589-1;441543200 volvo 589-1
20260331_23:56:50;26828;3;5;940;929.2;910;970;OK;940;919.6;910;970;OK;907.8;914.9;-20;-15;-50;-25;NOK;-20;-14.7;-50;-25;NOK;-12.1;-13.1;0;-20;-15.1;-50;-25;NOK;330;341;330;500;OK;0;0;N/A;N/A;N/A;N/A;N/A;N/A;N/A;N/A;N/A;N/A;N/A;N/A;N/A;N/A;N/A;N/A;N/A;N/A;N/A;N/A;N/A;N/A;N/A;N/A;N/A;N/A;N/A;N/A;N/A;N/A;N/A;N/A;N/A;N/A;N/A;N/A;N/A;N/A;N/A;N/A;N/A;N/A;N/A;N/A;N/A;N/A;N/A;N/A;N/A;N/A;N/A;N/A;N/A;N/A;N/A;N/A;N/A;N/A;N/A;N/A;N/A;N/A;N/A;N/A;N/A;N/A;N/A;N/A;N/A;N/A;N/A;N/A;N/A;N/A;N/A;N/A;N/A;N/A;N/A;N/A;N/A;N/A;N/A;N/A;N/A;N/A;N/A;N/A;N/A;N/A;N/A;N/A;N/A;N/A;N/A;N/A;N/A;N/A;;0;443.1;0;0;;Disabled;TempStop;1;700;443.6;0;0;0;549.9;449.9;Enabled;PosNotOk;1;0;25.4;0;0;0;15;Disabled;0;0;0;0;0;0;0;0;0;0;0;0;0;0;0;0;0;0;0;0;0;0;0;0;0;0;0;0;0;0;0;0;0;0;0;0;0;0;0;0;0;0;0;0;0;0;0;0;0;0;0;0;0;0;0;0;0;0;0;0;0;0;0;0;0;0;0;0;0;0;;;;;;;;;;;;;;;;;;;;;;;;;;;;;;;;;;;;;;;;;;;;;;;;;;;;;;;;;;;;;;;;;;;;;;;;;;;;;;;;;;;;;;;;;;;;;;;;;;;;;;;;;;;;;;;;;;;;;;;;;;;;;;;;;;;;;;441543200 volvo 589-1;441543200 volvo 589-1;;