//Delimiter=;
Date-Time;0-Detail ID;1-MLF;2-Cavity;3-Temp at loading - SP, °C;4-Temp at loading - PV, °C;5-Temp at loading - LL, °C;6-Temp at loading - UL, °C;7-Temp at loading - Status, °C;8-Temp at Unloading - SP, °C;9-Temp at Unloading - PV, °C;10-Temp at Unloading - LL, °C;11-Temp at Unloading - UL, °C;12-Temp at Unloading - Status, °C;13-Temp 60s - PV, °C;14-Temp 30s  - PV, °C;15-Dewpoint - load - SP, °C;16-Dewpoint - load - PV, °C;17-Dewpoint - load - Lower, °C;18-Dewpoint - load - Upper, °C;19-Dewpoint - load - Status, °C;20-Dewpoint - unload - SP, °C;21-Dewpoint - unload - PV, °C;22-Dewpoint - unload - Lower, °C;23-Dewpoint - unload - Upper, °C;24-Dewpoint - unload - Status, °C;25-Dewpoint 60s - PV, °C;26-Dewpoint 30s  - PV, °C;27-Dewpoint Custom Time, Sec;28-Dewpoint Custom Time - SP, °C;29-Dewpoint Custom Time - PV, °C;30-Dewpoint Custom Time - LL, °C;31-Dewpoint Custom Time - UL, °C;32-Dewpoint Custom Time - Status;33-Soak time SP, s;34-Soak time PV, s;35-Soak time LL, s;36-Soak time UL, s;37-Soak time status;38-Dry Air Cons. Load, m³;39-Dry Air Cons. Unoad, m³;0-TB number;1-CavityNumber;2-HeatZone UL;3-HeatZone UC;4-HeatZone UR;5-HeatZone LL;6-HeatZone LC;7-HeatZone LR;8-Temp @ load - SP;9-Temp @ load - UL PV;10-Temp @ load - UC PV;11-Temp @ load - UR PV;12-Temp @ load - LL PV;13-Temp @ load - LC PV;14-Temp @ load - LR PV;15-Temp @ load - LL;16-Temp @ load - UL;17-Temp @ load - Status;18-Temp @ unload - SP;19-Temp @ unload - UL PV;20-Temp @ unload - UC PV;21-Temp @ unload - UR PV;22-Temp @ unload - LL PV;23-Temp @ unload - LC PV;24-Temp @ unload - LR PV;25-Temp @ unload - LL;26-Temp @ unload - UL;27-Temp @ unload - Status;28-Temp 60s before end - UL PV;29-Temp 60s before end - UC PV;30-Temp 60s before end - UR PV;31-Temp 60s before end - LL PV;32-Temp 60s before end - LC PV;33-Temp 60s before end - LR PV;34-Temp 30s before end - UL PV;35-Temp 30s before end - UC PV;36-Temp 30s before end - UR PV;37-Temp 30s before end - LL PV;38-Temp 30s before end - LC PV;39-Temp 30s before end - LR PV;40-CoolingFrame - UC1 - TempIn - PV;41-CoolingFrame - UC1 - TempIn - LL;42-CoolingFrame - UC1 - TempIn - UL;43-CoolingFrame - UC1 - TempIn - Status;44-CoolingFrame - UC1 - TempOut - PV;45-CoolingFrame - UC1 - TempOut - LL;46-CoolingFrame - UC1 - TempOut - UL;47-CoolingFrame - UC1 - TempOut - Status;48-CoolingFrame - UC1 - FlowOut - PV;49-CoolingFrame - UC1 - FlowOut - LL;50-CoolingFrame - UC1 - FlowOut - UL;51-CoolingFrame - UC1 - FlowOut - Status;52-CoolingFrame - UC2 - TempIn - PV;53-CoolingFrame - UC2 - TempIn - LL;54-CoolingFrame - UC2 - TempIn - UL;55-CoolingFrame - UC2 - TempIn - Status;56-CoolingFrame - UC2 - TempOut - PV;57-CoolingFrame - UC2 - TempOut - LL;58-CoolingFrame - UC2 - TempOut - UL;59-CoolingFrame - UC2 - TempOut - Status;60-CoolingFrame - UC2 - FlowOut - PV;61-CoolingFrame - UC2 - FlowOut - LL;62-CoolingFrame - UC2 - FlowOut - UL;63-CoolingFrame - UC2 - FlowOut - Status;64-CoolingFrame - LC1 - TempIn - PV;65-CoolingFrame - LC1 - TempIn - LL;66-CoolingFrame - LC1 - TempIn - UL;67-CoolingFrame - LC1 - TempIn - Status;68-CoolingFrame - LC1 - TempOut - PV;69-CoolingFrame - LC1 - TempOut - LL;70-CoolingFrame - LC1 - TempOut - UL;71-CoolingFrame - LC1 - TempOut - Status;72-CoolingFrame - LC1 - FlowOut - PV;73-CoolingFrame - LC1 - FlowOut - LL;74-CoolingFrame - LC1 - FlowOut - UL;75-CoolingFrame - LC1 - FlowOut - Status;76-CoolingFrame - LC2 - TempIn - PV;77-CoolingFrame - LC2 - TempIn - LL;78-CoolingFrame - LC2 - TempIn - UL;79-CoolingFrame - LC2 - TempIn - Status;80-CoolingFrame - LC2 - TempOut - PV;81-CoolingFrame - LC2 - TempOut - LL;82-CoolingFrame - LC2 - TempOut - UL;83-CoolingFrame - LC2 - TempOut - Status;84-CoolingFrame - LC2 - FlowOut - PV;85-CoolingFrame - LC2 - FlowOut - LL;86-CoolingFrame - LC2 - FlowOut - UL;87-CoolingFrame - LC2 - FlowOut - Status;88-SoakTime - SP;89-SoakTime - PV;90-SoakTime - LL;91-SoakTime - UL;92-Soaktime - Status;93-TimeinAir - MLF->TB, SP;94-TimeinAir - MLF->TB, PVt;95-TimeinAir - MLF->TB, LL;96-TimeinAir - MLF->TB, UL;97-TimeinAir - MLF->TB, Status;0-PYH DetailStatus;1-PYH Target °C;2-PYH  Act temp °C;3-PYH Lower limit °C;4-PYH Stop Limit °C;5-PYH Active;6-HA Active;7-HA Status;8-HA NumberOfDet;9-HA Target, °C;10-HA TempDet 1, °C;11-HA TempDet 2, °C;12-HA TempDet 3, °C;13-HA TempDet 4, °C;14-HA Lower Limit, °C;15-HA Stop Limit, °C;16-PA Active;17-PA Status;18-PA NumberOfDet;19-PA Target, %;20-PA PosDet 1, %;21-PA PosDet 2, %;22-PA PosDet 3, %;23-PA PosDet 4, %;24-PA Stop Limit, %;25-TT Active;26-TT Det1 Nr of AOI;27-TT Det2 Nr of AOI;28-TT Det3 Nr of AOI;29-TT Det4 Nr of AOI;30-TT Det1 AOI1 minTemp;31-TT Det1 AOI1 maxTemp;32-TT Det1 AOI2 minTemp;33-TT Det1 AOI2 maxTemp;34-TT Det1 AOI3 minTemp;35-TT Det1 AOI3 maxTemp;36-TT Det1 AOI4 minTemp;37-TT Det1 AOI4 maxTemp;38-TT Det2 AOI1 minTemp;39-TT Det2 AOI1 maxTemp;40-TT Det2 AOI2 minTemp;41-TT Det2 AOI2 maxTemp;42-TT Det2 AOI3 minTemp;43-TT Det2 AOI3 maxTemp;44-TT Det2 AOI4 minTemp;45-TT Det2 AOI4 maxTemp;46-TT Det3 AOI1 minTemp;47-TT Det3 AOI1 maxTemp;48-TT Det3 AOI2 minTemp;49-TT Det3 AOI2 maxTemp;50-TT Det3 AOI3 minTemp;51-TT Det3 AOI3 maxTemp;52-TT Det3 AOI4 minTemp;53-TT Det3 AOI4 maxTemp;54-TT Det4 AOI1 minTemp;55-TT Det4 AOI1 maxTemp;56-TT Det4 AOI2 minTemp;57-TT Det4 AOI2 maxTemp;58-TT Det4 AOI3 minTemp;59-TT Det4 AOI3 maxTemp;60-TT Det4 AOI4 minTemp;61-TT Det4 AOI4 maxTemp;62-TT Det1 AOI1 LL;63-TT Det1 AOI1 UL;64-TT Det1 AOI2 LL;65-TT Det1 AOI2 UL;66-TT Det1 AOI3 LL;67-TT Det1 AOI3 UL;68-TT Det1 AOI4 LL;69-TT Det1 AOI4 UL;70-TT Det2 AOI1 LL;71-TT Det2 AOI1 UL;72-TT Det2 AOI2 LL;73-TT Det2 AOI2 UL;74-TT Det2 AOI3 LL;75-TT Det2 AOI3 UL;76-TT Det2 AOI4 LL;77-TT Det2 AOI4 UL;78-TT Det3 AOI1 LL;79-TT Det3 AOI1 UL;80-TT Det3 AOI2 LL;81-TT Det3 AOI2 UL;82-TT Det3 AOI3 LL;83-TT Det3 AOI3 UL;84-TT Det3 AOI4 LL;85-TT Det3 AOI4 UL;86-TT Det4 AOI1 LL;87-TT Det4 AOI1 UL;88-TT Det4 AOI2 LL;89-TT Det4 AOI2 UL;90-TT Det4 AOI3 LL;91-TT Det4 AOI3 UL;92-TT Det4 AOI4 LL;93-TT Det4 AOI4 UL;94-Cam trig Min;95-Cam trig Sec;0-CoolingTempUpper 1-A10.32, SP;1-CoolingTempUpper 1-A10.32, PV;2-CoolingTempUpper 1-A10.32, LL;3-CoolingTempUpper 1-A10.32, UL;4-CoolingTempUpper 1-A10.34, SP;5-CoolingTempUpper 1-A10.34, PV;6-CoolingTempUpper 1-A10.34, LL;7-CoolingTempUpper 1-A10.34, UL;8-CoolingTempUpper 1-A10.42, SP;9-CoolingTempUpper 1-A10.42, PV;10-CoolingTempUpper 1-A10.42, LL;11-CoolingTempUpper 1-A10.42, UL;12-CoolingTempUpper 1-A10.44, SP;13-CoolingTempUpper 1-A10.44, PV;14-CoolingTempUpper 1-A10.44, LL;15-CoolingTempUpper 1-A10.44, UL;16-CoolingFlowUpper 1-A10.32, SP;17-CoolingFlowUpper 1-A10.32, PV;18-CoolingFlowUpper 1-A10.32, LL;19-CoolingFlowUpper 1-A10.32, UL;20-CoolingFlowUpper 1-A10.34, SP;21-CoolingFlowUpper 1-A10.34, PV;22-CoolingFlowUpper 1-A10.34, LL;23-CoolingFlowUpper 1-A10.34, UL;24-CoolingFlowUpper 1-A10.42, SP;25-CoolingFlowUpper 1-A10.42, PV;26-CoolingFlowUpper 1-A10.42, LL;27-CoolingFlowUpper 1-A10.42, UL;28-CoolingFlowUpper 1-A10.44, SP;29-CoolingFlowUpper 1-A10.44, PV;30-CoolingFlowUpper 1-A10.44, LL;31-CoolingFlowUpper 1-A10.44, UL;32-CoolingTempLower 1-A10.12, SP;33-CoolingTempLower 1-A10.12, PV;34-CoolingTempLower 1-A10.12, LL;35-CoolingTempLower 1-A10.12, UL;36-CoolingTempLower 1-A10.14, SP;37-CoolingTempLower 1-A10.14, PV;38-CoolingTempLower 1-A10.14, LL;39-CoolingTempLower 1-A10.14, UL;40-CoolingTempLower 1-A10.22, SP;41-CoolingTempLower 1-A10.22, PV;42-CoolingTempLower 1-A10.22, LL;43-CoolingTempLower 1-A10.22, UL;44-CoolingTempLower 1-A10.24, SP;45-CoolingTempLower 1-A10.24, PV;46-CoolingTempLower 1-A10.24, LL;47-CoolingTempLower 1-A10.24, UL;48-CoolingFlowLower 1-A10.12, SP;49-CoolingFlowLower 1-A10.12, PV;50-CoolingFlowLower 1-A10.12, LL;51-CoolingFlowLower 1-A10.12, UL;52-CoolingFlowLower 1-A10.14, SP;53-CoolingFlowLower 1-A10.14, PV;54-CoolingFlowLower 1-A10.14, LL;55-CoolingFlowLower 1-A10.14, UL;56-CoolingFlowLower 1-A10.22, SP;57-CoolingFlowLower 1-A10.22, PV;58-CoolingFlowLower 1-A10.22, LL;59-CoolingFlowLower 1-A10.22, UL;60-CoolingFlowLower 1-A10.24, SP;61-CoolingFlowLower 1-A10.24, PV;62-CoolingFlowLower 1-A10.24, LL;63-CoolingFlowLower 1-A10.24, UL;64-CoolingPressureUpper 1-A10.33, SP;65-CoolingPressureUpper 1-A10.33, PV;66-CoolingPressureUpper 1-A10.33, LL;67-CoolingPressureUpper 1-A10.33, UL;68-CoolingPressureUpper 1-A10.35, SP;69-CoolingPressureUpper 1-A10.35, PV;70-CoolingPressureUpper 1-A10.35, LL;71-CoolingPressureUpper 1-A10.35, UL;72-CoolingPressureUpper 1-A10.43, SP;73-CoolingPressureUpper 1-A10.43, PV;74-CoolingPressureUpper 1-A10.43, LL;75-CoolingPressureUpper 1-A10.43, UL;76-CoolingPressureUpper 1-A10.45, SP;77-CoolingPressureUpper 1-A10.45, PV;78-CoolingPressureUpper 1-A10.45, LL;79-CoolingPressureUpper 1-A10.45, UL;80-CoolingPressureLower 1-A10.13, SP;81-CoolingPressureLower 1-A10.13, PV;82-CoolingPressureLower 1-A10.13, LL;83-CoolingPressureLower 1-A10.13, UL;84-CoolingPressureLower 1-A10.15, SP;85-CoolingPressureLower 1-A10.15, PV;86-CoolingPressureLower 1-A10.15, LL;87-CoolingPressureLower 1-A10.15, UL;88-CoolingPressureLower 1-A10.23, SP;89-CoolingPressureLower 1-A10.23, PV;90-CoolingPressureLower 1-A10.23, LL;91-CoolingPressureLower 1-A10.23, UL;92-CoolingPressureLower 1-A10.25, SP;93-CoolingPressureLower 1-A10.25, PV;94-CoolingPressureLower 1-A10.25, LL;95-CoolingPressureLower 1-A10.25, UL;96-CoolingTemp Status;97-CoolingFlowStatus;98-CoolingPressureStatus;99-Press force, SP;100-Press force, PV;101-Press force, LL;102-Press force, UL;103-Press force, Status;104-Dwell time, SP;105-Dwell time, PV;106-Dwell time, LL;107-Dwell time, UL;108-Dwell time, Status;109-Closing time, SP;110-Closing time, PV;111-Closing time, LL;112-Closing time, UL;113-Closing time, Status;114-TimeinAir MLF/TB -> Press, SP;115-TimeinAir MLF/TB -> Press, PVt;116-TimeinAir MLF/TB -> Press, LL;117-TimeinAir MLF/TB -> Press, UL;118-TimeinAir MLF/TB -> Press, Status;0-PYC Status;1-PYC Target, °C;2-PYC Act temp °C;3-PYC Upper Limit, °C;4-PYC  Active;5-CA Active;6-CA Cold Status;7-CA NumberOfDet;8-CA Target, °C;9-CA TempDet 1, °C;10-CA TempDet 2, °C;11-CA TempDet 3, °C;12-CA TempDet 4, °C;13-CA LimitScrap °C;Recipe MLF;Recipe IPM;Recipe Pr1
20260331_00:04:20;25707;1;2;965;955.7;945;985;OK;965;964.1;945;985;OK;963.8;963.6;-20;-19.8;-50;-25;NOK;-20;-16.4;-50;-25;NOK;-15.7;-15.7;0;-20;-19.8;-50;-25;NOK;355;377;355;600;OK;0;0;N/A;N/A;N/A;N/A;N/A;N/A;N/A;N/A;N/A;N/A;N/A;N/A;N/A;N/A;N/A;N/A;N/A;N/A;N/A;N/A;N/A;N/A;N/A;N/A;N/A;N/A;N/A;N/A;N/A;N/A;N/A;N/A;N/A;N/A;N/A;N/A;N/A;N/A;N/A;N/A;N/A;N/A;N/A;N/A;N/A;N/A;N/A;N/A;N/A;N/A;N/A;N/A;N/A;N/A;N/A;N/A;N/A;N/A;N/A;N/A;N/A;N/A;N/A;N/A;N/A;N/A;N/A;N/A;N/A;N/A;N/A;N/A;N/A;N/A;N/A;N/A;N/A;N/A;N/A;N/A;N/A;N/A;N/A;N/A;N/A;N/A;N/A;N/A;N/A;N/A;N/A;N/A;N/A;N/A;N/A;N/A;N/A;N/A;;0;452.8;0;0;;Disabled;TempStop;1;740;499.3;0;0;0;599.9;549.9;Enabled;PosOk;1;20;0;0;0;0;15;Disabled;0;0;0;0;0;0;0;0;0;0;0;0;0;0;0;0;0;0;0;0;0;0;0;0;0;0;0;0;0;0;0;0;0;0;0;0;0;0;0;0;0;0;0;0;0;0;0;0;0;0;0;0;0;0;0;0;0;0;0;0;0;0;0;0;0;0;0;0;0;0;30;24;20;45;30;24;20;45;30;30;20;45;30;30;20;45;100;0;80;300;100;0;80;300;100;266;80;300;100;266;80;300;30;31;20;45;30;30;20;45;30;26;20;45;30;28;20;45;100;237;80;300;100;235;80;300;100;0;80;300;100;0;80;300;4;2;0.4;6;4;5;0.4;6;4;2;0.4;6;4;5;0.4;6;4;2;0.4;6;4;5;0.4;6;4;2;0.4;6;4;5;0.4;6;NOK;NOK;OK;4500;4608;4250;4800;OK;7.64;0;8;12;NOK;N/A;1.9;N/A;N/A;N/A;10;14;7;17;OK;;0;0;0;-;Disabled;TempOk;1;230;169.9;0;0;0;349.9;440474000 audi 597g-598h;440474000 audi 597g-598h;440474000 audi 597g-598h
20260331_00:04:41;0;2;1;965;948.4;945;985;OK;965;961.7;945;985;OK;949.5;955.2;-15;-43.8;-50;-20;OK;-15;-29.1;-50;-20;OK;-25.7;-27.1;0;-15;-43.7;-50;-20;OK;355;383;355;600;OK;0;0;N/A;N/A;N/A;N/A;N/A;N/A;N/A;N/A;N/A;N/A;N/A;N/A;N/A;N/A;N/A;N/A;N/A;N/A;N/A;N/A;N/A;N/A;N/A;N/A;N/A;N/A;N/A;N/A;N/A;N/A;N/A;N/A;N/A;N/A;N/A;N/A;N/A;N/A;N/A;N/A;N/A;N/A;N/A;N/A;N/A;N/A;N/A;N/A;N/A;N/A;N/A;N/A;N/A;N/A;N/A;N/A;N/A;N/A;N/A;N/A;N/A;N/A;N/A;N/A;N/A;N/A;N/A;N/A;N/A;N/A;N/A;N/A;N/A;N/A;N/A;N/A;N/A;N/A;N/A;N/A;N/A;N/A;N/A;N/A;N/A;N/A;N/A;N/A;N/A;N/A;N/A;N/A;N/A;N/A;N/A;N/A;N/A;N/A;;0;452.7;0;0;;Disabled;TempStop;1;740;499.6;0;0;0;599.9;549.9;Enabled;PosOk;1;20;0;0;0;0;15;Disabled;0;0;0;0;0;0;0;0;0;0;0;0;0;0;0;0;0;0;0;0;0;0;0;0;0;0;0;0;0;0;0;0;0;0;0;0;0;0;0;0;0;0;0;0;0;0;0;0;0;0;0;0;0;0;0;0;0;0;0;0;0;0;0;0;0;0;0;0;0;0;30;24;20;45;30;24;20;45;30;31;20;45;30;30;20;45;100;0;80;300;100;0;80;300;100;266;80;300;100;266;80;300;30;32;20;45;30;30;20;45;30;26;20;45;30;28;20;45;100;237;80;300;100;235;80;300;100;0;80;300;100;0;80;300;4;2;0.4;6;4;5;0.4;6;4;2;0.4;6;4;5;0.4;6;4;2;0.4;6;4;5;0.4;6;4;2;0.4;6;4;6;0.4;6;NOK;NOK;OK;4500;4603;4250;4800;OK;7.64;0;8;12;NOK;N/A;1.9;N/A;N/A;N/A;10;12.7;7;17;OK;;0;0;0;-;Disabled;TempOk;1;230;191.5;0;0;0;349.9;440474000 audi 597g-598h;440474000 audi 597g-598h;440474000 audi 597g-598h
20260331_00:05:02;0;1;3;965;960.7;945;985;OK;965;965.8;945;985;OK;965.5;965.7;-20;-20.9;-50;-25;NOK;-20;-19.8;-50;-25;NOK;-18.8;-19.1;0;-20;-20.7;-50;-25;NOK;355;378;355;600;OK;0;0;N/A;N/A;N/A;N/A;N/A;N/A;N/A;N/A;N/A;N/A;N/A;N/A;N/A;N/A;N/A;N/A;N/A;N/A;N/A;N/A;N/A;N/A;N/A;N/A;N/A;N/A;N/A;N/A;N/A;N/A;N/A;N/A;N/A;N/A;N/A;N/A;N/A;N/A;N/A;N/A;N/A;N/A;N/A;N/A;N/A;N/A;N/A;N/A;N/A;N/A;N/A;N/A;N/A;N/A;N/A;N/A;N/A;N/A;N/A;N/A;N/A;N/A;N/A;N/A;N/A;N/A;N/A;N/A;N/A;N/A;N/A;N/A;N/A;N/A;N/A;N/A;N/A;N/A;N/A;N/A;N/A;N/A;N/A;N/A;N/A;N/A;N/A;N/A;N/A;N/A;N/A;N/A;N/A;N/A;N/A;N/A;N/A;N/A;;0;441.7;0;0;;Disabled;TempStop;1;740;489.6;0;0;0;599.9;549.9;Enabled;PosOk;1;20;0;0;0;0;15;Disabled;0;0;0;0;0;0;0;0;0;0;0;0;0;0;0;0;0;0;0;0;0;0;0;0;0;0;0;0;0;0;0;0;0;0;0;0;0;0;0;0;0;0;0;0;0;0;0;0;0;0;0;0;0;0;0;0;0;0;0;0;0;0;0;0;0;0;0;0;0;0;30;24;20;45;30;24;20;45;30;32;20;45;30;30;20;45;100;0;80;300;100;0;80;300;100;266;80;300;100;266;80;300;30;33;20;45;30;30;20;45;30;26;20;45;30;28;20;45;100;237;80;300;100;235;80;300;100;0;80;300;100;0;80;300;4;2;0.4;6;4;5;0.4;6;4;2;0.4;6;4;5;0.4;6;4;2;0.4;6;4;5;0.4;6;4;2;0.4;6;4;6;0.4;6;NOK;NOK;OK;4500;4600;4250;4800;OK;7.64;0;8;12;NOK;N/A;1.9;N/A;N/A;N/A;10;14;7;17;OK;;0;0;0;-;Disabled;TempOk;1;230;195.1;0;0;0;349.9;440474000 audi 597g-598h;440474000 audi 597g-598h;440474000 audi 597g-598h
20260331_00:05:23;0;2;2;965;960.8;945;985;OK;965;965.6;945;985;OK;965.9;965.4;-15;-78.6;-50;-20;OK;-15;-32.8;-50;-20;OK;-28.4;-30;0;-15;-78.9;-50;-20;OK;355;384;355;600;OK;0;0;N/A;N/A;N/A;N/A;N/A;N/A;N/A;N/A;N/A;N/A;N/A;N/A;N/A;N/A;N/A;N/A;N/A;N/A;N/A;N/A;N/A;N/A;N/A;N/A;N/A;N/A;N/A;N/A;N/A;N/A;N/A;N/A;N/A;N/A;N/A;N/A;N/A;N/A;N/A;N/A;N/A;N/A;N/A;N/A;N/A;N/A;N/A;N/A;N/A;N/A;N/A;N/A;N/A;N/A;N/A;N/A;N/A;N/A;N/A;N/A;N/A;N/A;N/A;N/A;N/A;N/A;N/A;N/A;N/A;N/A;N/A;N/A;N/A;N/A;N/A;N/A;N/A;N/A;N/A;N/A;N/A;N/A;N/A;N/A;N/A;N/A;N/A;N/A;N/A;N/A;N/A;N/A;N/A;N/A;N/A;N/A;N/A;N/A;;0;452.2;0;0;;Disabled;TempStop;1;740;497.6;0;0;0;599.9;549.9;Enabled;PosOk;1;20;0;0;0;0;15;Disabled;0;0;0;0;0;0;0;0;0;0;0;0;0;0;0;0;0;0;0;0;0;0;0;0;0;0;0;0;0;0;0;0;0;0;0;0;0;0;0;0;0;0;0;0;0;0;0;0;0;0;0;0;0;0;0;0;0;0;0;0;0;0;0;0;0;0;0;0;0;0;30;24;20;45;30;24;20;45;30;32;20;45;30;30;20;45;100;0;80;300;100;0;80;300;100;267;80;300;100;266;80;300;30;33;20;45;30;30;20;45;30;26;20;45;30;28;20;45;100;237;80;300;100;235;80;300;100;0;80;300;100;0;80;300;4;2;0.4;6;4;5;0.4;6;4;2;0.4;6;4;5;0.4;6;4;2;0.4;6;4;5;0.4;6;4;2;0.4;6;4;6;0.4;6;NOK;NOK;OK;4500;4598;4250;4800;OK;7.65;0;8;12;NOK;N/A;1.9;N/A;N/A;N/A;10;12.9;7;17;OK;;0;0;0;-;Disabled;TempOk;1;230;205.6;0;0;0;349.9;440474000 audi 597g-598h;440474000 audi 597g-598h;440474000 audi 597g-598h
20260331_00:05:44;0;3;3;965;958.6;945;985;OK;965;965.4;945;985;OK;965.1;965.1;-20;-40.7;-50;-25;OK;-20;-26.6;-50;-25;OK;-24.4;-25.2;0;-20;-40.7;-50;-25;OK;355;379;355;600;OK;0;0;N/A;N/A;N/A;N/A;N/A;N/A;N/A;N/A;N/A;N/A;N/A;N/A;N/A;N/A;N/A;N/A;N/A;N/A;N/A;N/A;N/A;N/A;N/A;N/A;N/A;N/A;N/A;N/A;N/A;N/A;N/A;N/A;N/A;N/A;N/A;N/A;N/A;N/A;N/A;N/A;N/A;N/A;N/A;N/A;N/A;N/A;N/A;N/A;N/A;N/A;N/A;N/A;N/A;N/A;N/A;N/A;N/A;N/A;N/A;N/A;N/A;N/A;N/A;N/A;N/A;N/A;N/A;N/A;N/A;N/A;N/A;N/A;N/A;N/A;N/A;N/A;N/A;N/A;N/A;N/A;N/A;N/A;N/A;N/A;N/A;N/A;N/A;N/A;N/A;N/A;N/A;N/A;N/A;N/A;N/A;N/A;N/A;N/A;;0;447.4;0;0;;Disabled;TempStop;1;740;493.1;0;0;0;599.9;549.9;Enabled;PosOk;1;20;0;0;0;0;15;Disabled;0;0;0;0;0;0;0;0;0;0;0;0;0;0;0;0;0;0;0;0;0;0;0;0;0;0;0;0;0;0;0;0;0;0;0;0;0;0;0;0;0;0;0;0;0;0;0;0;0;0;0;0;0;0;0;0;0;0;0;0;0;0;0;0;0;0;0;0;0;0;30;24;20;45;30;24;20;45;30;32;20;45;30;30;20;45;100;0;80;300;100;0;80;300;100;266;80;300;100;265;80;300;30;33;20;45;30;30;20;45;30;26;20;45;30;28;20;45;100;238;80;300;100;235;80;300;100;0;80;300;100;0;80;300;4;2;0.4;6;4;5;0.4;6;4;2;0.4;6;4;5;0.4;6;4;2;0.4;6;4;6;0.4;6;4;2;0.4;6;4;5;0.4;6;NOK;NOK;OK;4500;4599;4250;4800;OK;7.64;0;8;12;NOK;N/A;1.9;N/A;N/A;N/A;10;13.9;7;17;OK;;0;0;0;-;Disabled;TempOk;1;230;202.8;0;0;0;349.9;440474000 audi 597g-598h;440474000 audi 597g-598h;440474000 audi 597g-598h
20260331_00:06:05;0;4;1;965;955.2;945;985;OK;965;964.1;945;985;OK;962.2;964.4;-15;-14.7;-50;-5;OK;-15;-13.2;-50;-5;OK;-16.9;-15.7;0;-15;-14.8;-50;-5;OK;355;385;355;600;OK;158.86;159.44;N/A;N/A;N/A;N/A;N/A;N/A;N/A;N/A;N/A;N/A;N/A;N/A;N/A;N/A;N/A;N/A;N/A;N/A;N/A;N/A;N/A;N/A;N/A;N/A;N/A;N/A;N/A;N/A;N/A;N/A;N/A;N/A;N/A;N/A;N/A;N/A;N/A;N/A;N/A;N/A;N/A;N/A;N/A;N/A;N/A;N/A;N/A;N/A;N/A;N/A;N/A;N/A;N/A;N/A;N/A;N/A;N/A;N/A;N/A;N/A;N/A;N/A;N/A;N/A;N/A;N/A;N/A;N/A;N/A;N/A;N/A;N/A;N/A;N/A;N/A;N/A;N/A;N/A;N/A;N/A;N/A;N/A;N/A;N/A;N/A;N/A;N/A;N/A;N/A;N/A;N/A;N/A;N/A;N/A;N/A;N/A;N/A;N/A;;0;451.1;0;0;;Disabled;TempStop;1;740;498.2;0;0;0;599.9;549.9;Enabled;PosOk;1;20;0;0;0;0;15;Disabled;0;0;0;0;0;0;0;0;0;0;0;0;0;0;0;0;0;0;0;0;0;0;0;0;0;0;0;0;0;0;0;0;0;0;0;0;0;0;0;0;0;0;0;0;0;0;0;0;0;0;0;0;0;0;0;0;0;0;0;0;0;0;0;0;0;0;0;0;0;0;30;24;20;45;30;24;20;45;30;32;20;45;30;30;20;45;100;0;80;300;100;0;80;300;100;266;80;300;100;266;80;300;30;33;20;45;30;30;20;45;30;26;20;45;30;28;20;45;100;238;80;300;100;236;80;300;100;0;80;300;100;0;80;300;4;2;0.4;6;4;5;0.4;6;4;2;0.4;6;4;5;0.4;6;4;2;0.4;6;4;6;0.4;6;4;2;0.4;6;4;5;0.4;6;NOK;NOK;OK;4500;4594;4250;4800;OK;7.64;0;8;12;NOK;N/A;1.9;N/A;N/A;N/A;10;12.7;7;17;OK;;0;0;0;-;Disabled;TempOk;1;230;204.1;0;0;0;349.9;440474000 audi 597g-598h;440474000 audi 597g-598h;440474000 audi 597g-598h
20260331_00:06:26;0;3;1;965;946.1;945;985;OK;965;962;945;985;OK;952.5;957.6;-20;-34.4;-50;-25;OK;-20;-24;-50;-25;NOK;-21.3;-22.3;0;-20;-34.3;-50;-25;OK;355;380;355;600;OK;0;0;N/A;N/A;N/A;N/A;N/A;N/A;N/A;N/A;N/A;N/A;N/A;N/A;N/A;N/A;N/A;N/A;N/A;N/A;N/A;N/A;N/A;N/A;N/A;N/A;N/A;N/A;N/A;N/A;N/A;N/A;N/A;N/A;N/A;N/A;N/A;N/A;N/A;N/A;N/A;N/A;N/A;N/A;N/A;N/A;N/A;N/A;N/A;N/A;N/A;N/A;N/A;N/A;N/A;N/A;N/A;N/A;N/A;N/A;N/A;N/A;N/A;N/A;N/A;N/A;N/A;N/A;N/A;N/A;N/A;N/A;N/A;N/A;N/A;N/A;N/A;N/A;N/A;N/A;N/A;N/A;N/A;N/A;N/A;N/A;N/A;N/A;N/A;N/A;N/A;N/A;N/A;N/A;N/A;N/A;N/A;N/A;N/A;N/A;;0;437.9;0;0;;Disabled;TempStop;1;740;486.3;0;0;0;599.9;549.9;Enabled;PosOk;1;20;0;0;0;0;15;Disabled;0;0;0;0;0;0;0;0;0;0;0;0;0;0;0;0;0;0;0;0;0;0;0;0;0;0;0;0;0;0;0;0;0;0;0;0;0;0;0;0;0;0;0;0;0;0;0;0;0;0;0;0;0;0;0;0;0;0;0;0;0;0;0;0;0;0;0;0;0;0;30;24;20;45;30;24;20;45;30;32;20;45;30;30;20;45;100;0;80;300;100;0;80;300;100;267;80;300;100;266;80;300;30;34;20;45;30;30;20;45;30;26;20;45;30;28;20;45;100;238;80;300;100;235;80;300;100;0;80;300;100;0;80;300;4;2;0.4;6;4;5;0.4;6;4;2;0.4;6;4;5;0.4;6;4;2;0.4;6;4;6;0.4;6;4;2;0.4;6;4;5;0.4;6;NOK;NOK;OK;4500;4597;4250;4800;OK;7.64;0;8;12;NOK;N/A;1.9;N/A;N/A;N/A;10;14.2;7;17;OK;;0;0;0;-;Disabled;TempOk;1;230;206;0;0;0;349.9;440474000 audi 597g-598h;440474000 audi 597g-598h;440474000 audi 597g-598h
20260331_00:06:48;0;4;2;965;962.2;945;985;OK;965;966.7;945;985;OK;967;966.4;-15;-14.4;-50;-5;OK;-15;-16.3;-50;-5;OK;-17.5;-17.3;0;-15;-14.3;-50;-5;OK;355;387;355;600;OK;158.93;159.5;N/A;N/A;N/A;N/A;N/A;N/A;N/A;N/A;N/A;N/A;N/A;N/A;N/A;N/A;N/A;N/A;N/A;N/A;N/A;N/A;N/A;N/A;N/A;N/A;N/A;N/A;N/A;N/A;N/A;N/A;N/A;N/A;N/A;N/A;N/A;N/A;N/A;N/A;N/A;N/A;N/A;N/A;N/A;N/A;N/A;N/A;N/A;N/A;N/A;N/A;N/A;N/A;N/A;N/A;N/A;N/A;N/A;N/A;N/A;N/A;N/A;N/A;N/A;N/A;N/A;N/A;N/A;N/A;N/A;N/A;N/A;N/A;N/A;N/A;N/A;N/A;N/A;N/A;N/A;N/A;N/A;N/A;N/A;N/A;N/A;N/A;N/A;N/A;N/A;N/A;N/A;N/A;N/A;N/A;N/A;N/A;N/A;N/A;;0;448.9;0;0;;Disabled;TempStop;1;740;495.9;0;0;0;599.9;549.9;Enabled;PosOk;1;20;0;0;0;0;15;Disabled;0;0;0;0;0;0;0;0;0;0;0;0;0;0;0;0;0;0;0;0;0;0;0;0;0;0;0;0;0;0;0;0;0;0;0;0;0;0;0;0;0;0;0;0;0;0;0;0;0;0;0;0;0;0;0;0;0;0;0;0;0;0;0;0;0;0;0;0;0;0;30;24;20;45;30;24;20;45;30;33;20;45;30;30;20;45;100;0;80;300;100;0;80;300;100;267;80;300;100;266;80;300;30;33;20;45;30;30;20;45;30;26;20;45;30;28;20;45;100;237;80;300;100;235;80;300;100;0;80;300;100;0;80;300;4;2;0.4;6;4;6;0.4;6;4;2;0.4;6;4;5;0.4;6;4;2;0.4;6;4;6;0.4;6;4;2;0.4;6;4;6;0.4;6;NOK;NOK;OK;4500;4594;4250;4800;OK;7.64;0;8;12;NOK;N/A;1.9;N/A;N/A;N/A;10;13;7;17;OK;;0;0;0;-;Disabled;TempOk;1;230;204.3;0;0;0;349.9;440474000 audi 597g-598h;440474000 audi 597g-598h;440474000 audi 597g-598h
20260331_00:07:09;0;1;1;965;945.8;945;985;OK;965;960.9;945;985;OK;950.5;955;-20;-17.2;-50;-25;NOK;-20;-17.2;-50;-25;NOK;-16.7;-16.9;0;-20;-17.2;-50;-25;NOK;355;380;355;600;OK;0;0;N/A;N/A;N/A;N/A;N/A;N/A;N/A;N/A;N/A;N/A;N/A;N/A;N/A;N/A;N/A;N/A;N/A;N/A;N/A;N/A;N/A;N/A;N/A;N/A;N/A;N/A;N/A;N/A;N/A;N/A;N/A;N/A;N/A;N/A;N/A;N/A;N/A;N/A;N/A;N/A;N/A;N/A;N/A;N/A;N/A;N/A;N/A;N/A;N/A;N/A;N/A;N/A;N/A;N/A;N/A;N/A;N/A;N/A;N/A;N/A;N/A;N/A;N/A;N/A;N/A;N/A;N/A;N/A;N/A;N/A;N/A;N/A;N/A;N/A;N/A;N/A;N/A;N/A;N/A;N/A;N/A;N/A;N/A;N/A;N/A;N/A;N/A;N/A;N/A;N/A;N/A;N/A;N/A;N/A;N/A;N/A;N/A;N/A;;0;452.2;0;0;;Disabled;TempStop;1;740;501.1;0;0;0;599.9;549.9;Enabled;PosOk;1;20;0;0;0;0;15;Disabled;0;0;0;0;0;0;0;0;0;0;0;0;0;0;0;0;0;0;0;0;0;0;0;0;0;0;0;0;0;0;0;0;0;0;0;0;0;0;0;0;0;0;0;0;0;0;0;0;0;0;0;0;0;0;0;0;0;0;0;0;0;0;0;0;0;0;0;0;0;0;30;24;20;45;30;24;20;45;30;32;20;45;30;29;20;45;100;0;80;300;100;0;80;300;100;266;80;300;100;266;80;300;30;33;20;45;30;29;20;45;30;26;20;45;30;28;20;45;100;237;80;300;100;235;80;300;100;0;80;300;100;0;80;300;4;2;0.4;6;4;5;0.4;6;4;2;0.4;6;4;5;0.4;6;4;2;0.4;6;4;5;0.4;6;4;2;0.4;6;4;6;0.4;6;NOK;NOK;OK;4500;4599;4250;4800;OK;7.64;0;8;12;NOK;N/A;1.9;N/A;N/A;N/A;10;13.9;7;17;OK;;0;0;0;-;Disabled;TempOk;1;230;207.8;0;0;0;349.9;440474000 audi 597g-598h;440474000 audi 597g-598h;440474000 audi 597g-598h
20260331_00:07:30;0;4;3;965;961.9;945;985;OK;965;965.8;945;985;OK;965.5;965.6;-15;-18.6;-50;-5;OK;-15;-19;-50;-5;OK;-19.8;-19.9;0;-15;-18.4;-50;-5;OK;355;388;355;600;OK;159.01;159.56;N/A;N/A;N/A;N/A;N/A;N/A;N/A;N/A;N/A;N/A;N/A;N/A;N/A;N/A;N/A;N/A;N/A;N/A;N/A;N/A;N/A;N/A;N/A;N/A;N/A;N/A;N/A;N/A;N/A;N/A;N/A;N/A;N/A;N/A;N/A;N/A;N/A;N/A;N/A;N/A;N/A;N/A;N/A;N/A;N/A;N/A;N/A;N/A;N/A;N/A;N/A;N/A;N/A;N/A;N/A;N/A;N/A;N/A;N/A;N/A;N/A;N/A;N/A;N/A;N/A;N/A;N/A;N/A;N/A;N/A;N/A;N/A;N/A;N/A;N/A;N/A;N/A;N/A;N/A;N/A;N/A;N/A;N/A;N/A;N/A;N/A;N/A;N/A;N/A;N/A;N/A;N/A;N/A;N/A;N/A;N/A;N/A;N/A;;0;446;0;0;;Disabled;TempStop;1;740;494.5;0;0;0;599.9;549.9;Enabled;PosOk;1;20;0;0;0;0;15;Disabled;0;0;0;0;0;0;0;0;0;0;0;0;0;0;0;0;0;0;0;0;0;0;0;0;0;0;0;0;0;0;0;0;0;0;0;0;0;0;0;0;0;0;0;0;0;0;0;0;0;0;0;0;0;0;0;0;0;0;0;0;0;0;0;0;0;0;0;0;0;0;30;24;20;45;30;24;20;45;30;32;20;45;30;29;20;45;100;0;80;300;100;0;80;300;100;267;80;300;100;266;80;300;30;33;20;45;30;29;20;45;30;26;20;45;30;28;20;45;100;237;80;300;100;235;80;300;100;0;80;300;100;0;80;300;4;2;0.4;6;4;5;0.4;6;4;2;0.4;6;4;5;0.4;6;4;2;0.4;6;4;5;0.4;6;4;2;0.4;6;4;6;0.4;6;NOK;NOK;OK;4500;4597;4250;4800;OK;7.64;0;8;12;NOK;N/A;1.9;N/A;N/A;N/A;10;12.8;7;17;OK;;0;0;0;-;Disabled;TempOk;1;230;204.8;0;0;0;349.9;440474000 audi 597g-598h;440474000 audi 597g-598h;440474000 audi 597g-598h
20260331_00:07:51;0;1;4;965;960.2;945;985;OK;965;965.8;945;985;OK;965.7;965.8;-20;-16.9;-50;-25;NOK;-20;-16.2;-50;-25;NOK;-16.9;-15.8;0;-20;-17;-50;-25;NOK;355;381;355;600;OK;0;0;N/A;N/A;N/A;N/A;N/A;N/A;N/A;N/A;N/A;N/A;N/A;N/A;N/A;N/A;N/A;N/A;N/A;N/A;N/A;N/A;N/A;N/A;N/A;N/A;N/A;N/A;N/A;N/A;N/A;N/A;N/A;N/A;N/A;N/A;N/A;N/A;N/A;N/A;N/A;N/A;N/A;N/A;N/A;N/A;N/A;N/A;N/A;N/A;N/A;N/A;N/A;N/A;N/A;N/A;N/A;N/A;N/A;N/A;N/A;N/A;N/A;N/A;N/A;N/A;N/A;N/A;N/A;N/A;N/A;N/A;N/A;N/A;N/A;N/A;N/A;N/A;N/A;N/A;N/A;N/A;N/A;N/A;N/A;N/A;N/A;N/A;N/A;N/A;N/A;N/A;N/A;N/A;N/A;N/A;N/A;N/A;N/A;N/A;;0;442.2;0;0;;Disabled;TempStop;1;740;490.1;0;0;0;599.9;549.9;Enabled;PosOk;1;20;0;0;0;0;15;Disabled;0;0;0;0;0;0;0;0;0;0;0;0;0;0;0;0;0;0;0;0;0;0;0;0;0;0;0;0;0;0;0;0;0;0;0;0;0;0;0;0;0;0;0;0;0;0;0;0;0;0;0;0;0;0;0;0;0;0;0;0;0;0;0;0;0;0;0;0;0;0;30;24;20;45;30;24;20;45;30;31;20;45;30;29;20;45;100;0;80;300;100;0;80;300;100;267;80;300;100;265;80;300;30;32;20;45;30;29;20;45;30;26;20;45;30;28;20;45;100;237;80;300;100;235;80;300;100;0;80;300;100;0;80;300;4;2;0.4;6;4;5;0.4;6;4;2;0.4;6;4;5;0.4;6;4;2;0.4;6;4;5;0.4;6;4;2;0.4;6;4;6;0.4;6;NOK;NOK;OK;4500;4598;4250;4800;OK;7.64;0;8;12;NOK;N/A;1.9;N/A;N/A;N/A;10;14;7;17;OK;;0;0;0;-;Disabled;TempOk;1;230;201.6;0;0;0;349.9;440474000 audi 597g-598h;440474000 audi 597g-598h;440474000 audi 597g-598h
20260331_00:16:10;25709;2;1;965;961.4;945;985;OK;965;944.6;945;985;NOK;939.5;942.2;-15;-25.5;-50;-20;OK;-15;-26.4;-50;-20;OK;-23;-24.3;0;-15;-25.7;-50;-20;OK;355;391;355;600;OK;0;0;;;;;;;;;;;;;;;;;;;;;;;;;;;;;;;;;;;;;;;;;;;;;;;;;;;;;;;;;;;;;;;;;;;;;;;;;;;;;;;;;;;;;;;;;;;;;;;;;;;;;;;;;;;;;;;;;;;;;;;;;;;;;;;;;;;;;;;;;;;;;;;;;;;;;;;;;;;;;;;;;;;;;;;;;;;;;;;;;;;;;;;;;;;;;;;;;;;;;;;;;;;;;;;;;;;;;;;;;;;;;;;;;;;;;;;;;;;;;;;;;;;;;;;;;;;;;;;;;;;;;;;;;;;;;;;;;;;;;;;;;;;;;;;;;;;;;;;;;;;;;;;;;;;;;;;;;;;;;;;;;;;;;;;;440474000 audi 597g-598h;;;;
20260331_00:17:00;25710;1;1;965;959;945;985;OK;965;949;945;985;OK;949.8;949.6;-20;-14.6;-50;-25;NOK;-20;-17.9;-50;-25;NOK;-17;-17.3;0;-20;-14.7;-50;-25;NOK;355;395;355;600;OK;0;0;N/A;N/A;N/A;N/A;N/A;N/A;N/A;N/A;N/A;N/A;N/A;N/A;N/A;N/A;N/A;N/A;N/A;N/A;N/A;N/A;N/A;N/A;N/A;N/A;N/A;N/A;N/A;N/A;N/A;N/A;N/A;N/A;N/A;N/A;N/A;N/A;N/A;N/A;N/A;N/A;N/A;N/A;N/A;N/A;N/A;N/A;N/A;N/A;N/A;N/A;N/A;N/A;N/A;N/A;N/A;N/A;N/A;N/A;N/A;N/A;N/A;N/A;N/A;N/A;N/A;N/A;N/A;N/A;N/A;N/A;N/A;N/A;N/A;N/A;N/A;N/A;N/A;N/A;N/A;N/A;N/A;N/A;N/A;N/A;N/A;N/A;N/A;N/A;N/A;N/A;N/A;N/A;N/A;N/A;N/A;N/A;N/A;N/A;;0;446.3;0;0;;Disabled;TempStop;1;740;493.6;0;0;0;599.9;549.9;Enabled;PosOk;1;20;0;0;0;0;15;Disabled;0;0;0;0;0;0;0;0;0;0;0;0;0;0;0;0;0;0;0;0;0;0;0;0;0;0;0;0;0;0;0;0;0;0;0;0;0;0;0;0;0;0;0;0;0;0;0;0;0;0;0;0;0;0;0;0;0;0;0;0;0;0;0;0;0;0;0;0;0;0;30;24;20;45;30;24;20;45;30;29;20;45;30;29;20;45;100;0;80;300;100;0;80;300;100;266;80;300;100;266;80;300;30;31;20;45;30;29;20;45;30;26;20;45;30;28;20;45;100;237;80;300;100;235;80;300;100;0;80;300;100;0;80;300;4;2;0.4;6;4;5;0.4;6;4;2;0.4;6;4;5;0.4;6;4;2;0.4;6;4;6;0.4;6;4;2;0.4;6;4;5;0.4;6;NOK;NOK;OK;4500;4605;4250;4800;OK;7.64;0;8;12;NOK;N/A;1.9;N/A;N/A;N/A;10;14;7;17;OK;;0;0;0;-;Disabled;TempOk;1;230;172;0;0;0;349.9;440474000 audi 597g-598h;440474000 audi 597g-598h;440474000 audi 597g-598h
20260331_00:17:21;25711;4;1;965;959.8;945;985;OK;965;964.8;945;985;OK;966.4;965.2;-15;-21.4;-50;-5;OK;-15;-12.7;-50;-5;OK;-8.6;-9;0;-15;-21.5;-50;-5;OK;355;393;355;600;OK;159.94;160.47;N/A;N/A;N/A;N/A;N/A;N/A;N/A;N/A;N/A;N/A;N/A;N/A;N/A;N/A;N/A;N/A;N/A;N/A;N/A;N/A;N/A;N/A;N/A;N/A;N/A;N/A;N/A;N/A;N/A;N/A;N/A;N/A;N/A;N/A;N/A;N/A;N/A;N/A;N/A;N/A;N/A;N/A;N/A;N/A;N/A;N/A;N/A;N/A;N/A;N/A;N/A;N/A;N/A;N/A;N/A;N/A;N/A;N/A;N/A;N/A;N/A;N/A;N/A;N/A;N/A;N/A;N/A;N/A;N/A;N/A;N/A;N/A;N/A;N/A;N/A;N/A;N/A;N/A;N/A;N/A;N/A;N/A;N/A;N/A;N/A;N/A;N/A;N/A;N/A;N/A;N/A;N/A;N/A;N/A;N/A;N/A;N/A;N/A;;0;443.8;0;0;;Disabled;TempStop;1;740;489.2;0;0;0;599.9;549.9;Enabled;PosOk;1;20;0;0;0;0;15;Disabled;0;0;0;0;0;0;0;0;0;0;0;0;0;0;0;0;0;0;0;0;0;0;0;0;0;0;0;0;0;0;0;0;0;0;0;0;0;0;0;0;0;0;0;0;0;0;0;0;0;0;0;0;0;0;0;0;0;0;0;0;0;0;0;0;0;0;0;0;0;0;30;24;20;45;30;24;20;45;30;31;20;45;30;29;20;45;100;0;80;300;100;0;80;300;100;266;80;300;100;265;80;300;30;32;20;45;30;30;20;45;30;26;20;45;30;28;20;45;100;237;80;300;100;235;80;300;100;0;80;300;100;0;80;300;4;2;0.4;6;4;5;0.4;6;4;2;0.4;6;4;5;0.4;6;4;2;0.4;6;4;5;0.4;6;4;2;0.4;6;4;6;0.4;6;NOK;NOK;OK;4500;4600;4250;4800;OK;7.64;0;8;12;NOK;N/A;1.9;N/A;N/A;N/A;10;13.4;7;17;OK;;0;0;0;-;Disabled;TempOk;1;230;188.9;0;0;0;349.9;440474000 audi 597g-598h;440474000 audi 597g-598h;440474000 audi 597g-598h
20260331_00:18:38;25713;2;2;965;962;945;985;OK;965;965.9;945;985;OK;966.2;965.7;-15;-29.7;-50;-20;OK;-15;-29.8;-50;-20;OK;-25.5;-26.7;0;-15;-29.7;-50;-20;OK;355;428;355;600;OK;0;0;N/A;N/A;N/A;N/A;N/A;N/A;N/A;N/A;N/A;N/A;N/A;N/A;N/A;N/A;N/A;N/A;N/A;N/A;N/A;N/A;N/A;N/A;N/A;N/A;N/A;N/A;N/A;N/A;N/A;N/A;N/A;N/A;N/A;N/A;N/A;N/A;N/A;N/A;N/A;N/A;N/A;N/A;N/A;N/A;N/A;N/A;N/A;N/A;N/A;N/A;N/A;N/A;N/A;N/A;N/A;N/A;N/A;N/A;N/A;N/A;N/A;N/A;N/A;N/A;N/A;N/A;N/A;N/A;N/A;N/A;N/A;N/A;N/A;N/A;N/A;N/A;N/A;N/A;N/A;N/A;N/A;N/A;N/A;N/A;N/A;N/A;N/A;N/A;N/A;N/A;N/A;N/A;N/A;N/A;N/A;N/A;N/A;N/A;;0;448.3;0;0;;Disabled;TempStop;1;740;493.3;0;0;0;599.9;549.9;Enabled;PosOk;1;20;0;0;0;0;15;Disabled;0;0;0;0;0;0;0;0;0;0;0;0;0;0;0;0;0;0;0;0;0;0;0;0;0;0;0;0;0;0;0;0;0;0;0;0;0;0;0;0;0;0;0;0;0;0;0;0;0;0;0;0;0;0;0;0;0;0;0;0;0;0;0;0;0;0;0;0;0;0;30;24;20;45;30;24;20;45;30;30;20;45;30;30;20;45;100;0;80;300;100;0;80;300;100;266;80;300;100;266;80;300;30;31;20;45;30;30;20;45;30;26;20;45;30;28;20;45;100;236;80;300;100;235;80;300;100;0;80;300;100;0;80;300;4;2;0.4;6;4;5;0.4;6;4;2;0.4;6;4;5;0.4;6;4;2;0.4;6;4;6;0.4;6;4;2;0.4;6;4;6;0.4;6;NOK;NOK;OK;4500;4607;4250;4800;OK;7.64;0;8;12;NOK;N/A;1.9;N/A;N/A;N/A;10;12.9;7;17;OK;;0;0;0;-;Disabled;TempOk;1;230;170.5;0;0;0;349.9;440474000 audi 597g-598h;440474000 audi 597g-598h;440474000 audi 597g-598h
20260331_00:18:59;25712;3;1;965;960;945;985;OK;965;953.7;945;985;OK;954;954.1;-20;-19.7;-50;-25;NOK;-20;-22.9;-50;-25;NOK;-18.4;-19.3;0;-20;-19.8;-50;-25;NOK;355;474;355;600;OK;0;0;N/A;N/A;N/A;N/A;N/A;N/A;N/A;N/A;N/A;N/A;N/A;N/A;N/A;N/A;N/A;N/A;N/A;N/A;N/A;N/A;N/A;N/A;N/A;N/A;N/A;N/A;N/A;N/A;N/A;N/A;N/A;N/A;N/A;N/A;N/A;N/A;N/A;N/A;N/A;N/A;N/A;N/A;N/A;N/A;N/A;N/A;N/A;N/A;N/A;N/A;N/A;N/A;N/A;N/A;N/A;N/A;N/A;N/A;N/A;N/A;N/A;N/A;N/A;N/A;N/A;N/A;N/A;N/A;N/A;N/A;N/A;N/A;N/A;N/A;N/A;N/A;N/A;N/A;N/A;N/A;N/A;N/A;N/A;N/A;N/A;N/A;N/A;N/A;N/A;N/A;N/A;N/A;N/A;N/A;N/A;N/A;N/A;N/A;;0;441.9;0;0;;Disabled;TempStop;1;740;489.9;0;0;0;599.9;549.9;Enabled;PosOk;1;20;0;0;0;0;15;Disabled;0;0;0;0;0;0;0;0;0;0;0;0;0;0;0;0;0;0;0;0;0;0;0;0;0;0;0;0;0;0;0;0;0;0;0;0;0;0;0;0;0;0;0;0;0;0;0;0;0;0;0;0;0;0;0;0;0;0;0;0;0;0;0;0;0;0;0;0;0;0;30;24;20;45;30;24;20;45;30;31;20;45;30;30;20;45;100;0;80;300;100;0;80;300;100;266;80;300;100;265;80;300;30;32;20;45;30;30;20;45;30;26;20;45;30;28;20;45;100;237;80;300;100;234;80;300;100;0;80;300;100;0;80;300;4;2;0.4;6;4;5;0.4;6;4;2;0.4;6;4;5;0.4;6;4;2;0.4;6;4;5;0.4;6;4;2;0.4;6;4;6;0.4;6;NOK;NOK;OK;4500;4601;4250;4800;OK;7.64;0;8;12;NOK;N/A;1.9;N/A;N/A;N/A;10;14.2;7;17;OK;;0;0;0;-;Disabled;TempOk;1;230;197;0;0;0;349.9;440474000 audi 597g-598h;440474000 audi 597g-598h;440474000 audi 597g-598h
20260331_00:19:21;25715;4;2;965;960.6;945;985;OK;965;967.8;945;985;OK;973;972.8;-15;-19.2;-50;-5;OK;-15;-10.5;-50;-5;OK;-13.6;-12.5;0;-15;-19.3;-50;-5;OK;355;430;355;600;OK;160.11;160.62;N/A;N/A;N/A;N/A;N/A;N/A;N/A;N/A;N/A;N/A;N/A;N/A;N/A;N/A;N/A;N/A;N/A;N/A;N/A;N/A;N/A;N/A;N/A;N/A;N/A;N/A;N/A;N/A;N/A;N/A;N/A;N/A;N/A;N/A;N/A;N/A;N/A;N/A;N/A;N/A;N/A;N/A;N/A;N/A;N/A;N/A;N/A;N/A;N/A;N/A;N/A;N/A;N/A;N/A;N/A;N/A;N/A;N/A;N/A;N/A;N/A;N/A;N/A;N/A;N/A;N/A;N/A;N/A;N/A;N/A;N/A;N/A;N/A;N/A;N/A;N/A;N/A;N/A;N/A;N/A;N/A;N/A;N/A;N/A;N/A;N/A;N/A;N/A;N/A;N/A;N/A;N/A;N/A;N/A;N/A;N/A;N/A;N/A;;0;452.1;0;0;;Disabled;TempStop;1;740;499.8;0;0;0;599.9;549.9;Enabled;PosOk;1;20;0;0;0;0;15;Disabled;0;0;0;0;0;0;0;0;0;0;0;0;0;0;0;0;0;0;0;0;0;0;0;0;0;0;0;0;0;0;0;0;0;0;0;0;0;0;0;0;0;0;0;0;0;0;0;0;0;0;0;0;0;0;0;0;0;0;0;0;0;0;0;0;0;0;0;0;0;0;30;24;20;45;30;24;20;45;30;32;20;45;30;30;20;45;100;0;80;300;100;0;80;300;100;267;80;300;100;266;80;300;30;33;20;45;30;30;20;45;30;26;20;45;30;28;20;45;100;237;80;300;100;235;80;300;100;0;80;300;100;0;80;300;4;2;0.4;6;4;5;0.4;6;4;2;0.4;6;4;5;0.4;6;4;2;0.4;6;4;5;0.4;6;4;2;0.4;6;4;6;0.4;6;NOK;NOK;OK;4500;4596;4250;4800;OK;7.64;0;8;12;NOK;N/A;1.9;N/A;N/A;N/A;10;12.9;7;17;OK;;0;0;0;-;Disabled;TempOk;1;230;198.9;0;0;0;349.9;440474000 audi 597g-598h;440474000 audi 597g-598h;440474000 audi 597g-598h
20260331_00:19:41;25714;1;2;965;961.3;945;985;OK;965;966.7;945;985;OK;966.5;966.6;-20;-15;-50;-25;NOK;-20;-14.5;-50;-25;NOK;-17.9;-18.2;0;-20;-14.9;-50;-25;NOK;355;474;355;600;OK;0;0;N/A;N/A;N/A;N/A;N/A;N/A;N/A;N/A;N/A;N/A;N/A;N/A;N/A;N/A;N/A;N/A;N/A;N/A;N/A;N/A;N/A;N/A;N/A;N/A;N/A;N/A;N/A;N/A;N/A;N/A;N/A;N/A;N/A;N/A;N/A;N/A;N/A;N/A;N/A;N/A;N/A;N/A;N/A;N/A;N/A;N/A;N/A;N/A;N/A;N/A;N/A;N/A;N/A;N/A;N/A;N/A;N/A;N/A;N/A;N/A;N/A;N/A;N/A;N/A;N/A;N/A;N/A;N/A;N/A;N/A;N/A;N/A;N/A;N/A;N/A;N/A;N/A;N/A;N/A;N/A;N/A;N/A;N/A;N/A;N/A;N/A;N/A;N/A;N/A;N/A;N/A;N/A;N/A;N/A;N/A;N/A;N/A;N/A;;0;452.5;0;0;;Disabled;TempStop;1;740;500.1;0;0;0;599.9;549.9;Enabled;PosOk;1;20;0;0;0;0;15;Disabled;0;0;0;0;0;0;0;0;0;0;0;0;0;0;0;0;0;0;0;0;0;0;0;0;0;0;0;0;0;0;0;0;0;0;0;0;0;0;0;0;0;0;0;0;0;0;0;0;0;0;0;0;0;0;0;0;0;0;0;0;0;0;0;0;0;0;0;0;0;0;30;24;20;45;30;24;20;45;30;32;20;45;30;30;20;45;100;0;80;300;100;0;80;300;100;266;80;300;100;266;80;300;30;33;20;45;30;30;20;45;30;26;20;45;30;28;20;45;100;237;80;300;100;235;80;300;100;0;80;300;100;0;80;300;4;2;0.4;6;4;5;0.4;6;4;2;0.4;6;4;5;0.4;6;4;2;0.4;6;4;6;0.4;6;4;2;0.4;6;4;6;0.4;6;NOK;NOK;OK;4500;4601;4250;4800;OK;7.64;0;8;12;NOK;N/A;1.9;N/A;N/A;N/A;10;13.9;7;17;OK;;0;0;0;-;Disabled;TempOk;1;230;199.8;0;0;0;349.9;440474000 audi 597g-598h;440474000 audi 597g-598h;440474000 audi 597g-598h
20260331_00:20:03;25717;4;3;965;963.4;945;985;OK;965;968.7;945;985;OK;968.9;968.7;-15;-21.3;-50;-5;OK;-15;-14.7;-50;-5;OK;-15.8;-15.8;0;-15;-21.3;-50;-5;OK;355;431;355;600;OK;160.18;160.69;N/A;N/A;N/A;N/A;N/A;N/A;N/A;N/A;N/A;N/A;N/A;N/A;N/A;N/A;N/A;N/A;N/A;N/A;N/A;N/A;N/A;N/A;N/A;N/A;N/A;N/A;N/A;N/A;N/A;N/A;N/A;N/A;N/A;N/A;N/A;N/A;N/A;N/A;N/A;N/A;N/A;N/A;N/A;N/A;N/A;N/A;N/A;N/A;N/A;N/A;N/A;N/A;N/A;N/A;N/A;N/A;N/A;N/A;N/A;N/A;N/A;N/A;N/A;N/A;N/A;N/A;N/A;N/A;N/A;N/A;N/A;N/A;N/A;N/A;N/A;N/A;N/A;N/A;N/A;N/A;N/A;N/A;N/A;N/A;N/A;N/A;N/A;N/A;N/A;N/A;N/A;N/A;N/A;N/A;N/A;N/A;N/A;N/A;;0;454.3;0;0;;Disabled;TempStop;1;740;503.2;0;0;0;599.9;549.9;Enabled;PosOk;1;20;0;0;0;0;15;Disabled;0;0;0;0;0;0;0;0;0;0;0;0;0;0;0;0;0;0;0;0;0;0;0;0;0;0;0;0;0;0;0;0;0;0;0;0;0;0;0;0;0;0;0;0;0;0;0;0;0;0;0;0;0;0;0;0;0;0;0;0;0;0;0;0;0;0;0;0;0;0;30;24;20;45;30;24;20;45;30;32;20;45;30;30;20;45;100;0;80;300;100;0;80;300;100;266;80;300;100;266;80;300;30;33;20;45;30;30;20;45;30;26;20;45;30;28;20;45;100;237;80;300;100;235;80;300;100;0;80;300;100;0;80;300;4;2;0.4;6;4;5;0.4;6;4;2;0.4;6;4;5;0.4;6;4;2;0.4;6;4;5;0.4;6;4;2;0.4;6;4;6;0.4;6;NOK;NOK;OK;4500;4597;4250;4800;OK;7.64;0;8;12;NOK;N/A;1.9;N/A;N/A;N/A;10;12.9;7;17;OK;;0;0;0;-;Disabled;TempOk;1;230;200.8;0;0;0;349.9;440474000 audi 597g-598h;440474000 audi 597g-598h;440474000 audi 597g-598h
20260331_00:20:24;25716;3;2;965;961.2;945;985;OK;965;966.8;945;985;OK;967.4;966.8;-20;-25.1;-50;-25;OK;-20;-24.3;-50;-25;NOK;-21.4;-22.4;0;-20;-24.7;-50;-25;NOK;355;476;355;600;OK;0;0;N/A;N/A;N/A;N/A;N/A;N/A;N/A;N/A;N/A;N/A;N/A;N/A;N/A;N/A;N/A;N/A;N/A;N/A;N/A;N/A;N/A;N/A;N/A;N/A;N/A;N/A;N/A;N/A;N/A;N/A;N/A;N/A;N/A;N/A;N/A;N/A;N/A;N/A;N/A;N/A;N/A;N/A;N/A;N/A;N/A;N/A;N/A;N/A;N/A;N/A;N/A;N/A;N/A;N/A;N/A;N/A;N/A;N/A;N/A;N/A;N/A;N/A;N/A;N/A;N/A;N/A;N/A;N/A;N/A;N/A;N/A;N/A;N/A;N/A;N/A;N/A;N/A;N/A;N/A;N/A;N/A;N/A;N/A;N/A;N/A;N/A;N/A;N/A;N/A;N/A;N/A;N/A;N/A;N/A;N/A;N/A;N/A;N/A;;0;446.4;0;0;;Disabled;TempStop;1;740;494.9;0;0;0;599.9;549.9;Enabled;PosOk;1;20;0;0;0;0;15;Disabled;0;0;0;0;0;0;0;0;0;0;0;0;0;0;0;0;0;0;0;0;0;0;0;0;0;0;0;0;0;0;0;0;0;0;0;0;0;0;0;0;0;0;0;0;0;0;0;0;0;0;0;0;0;0;0;0;0;0;0;0;0;0;0;0;0;0;0;0;0;0;30;24;20;45;30;24;20;45;30;32;20;45;30;30;20;45;100;0;80;300;100;0;80;300;100;266;80;300;100;266;80;300;30;33;20;45;30;30;20;45;30;26;20;45;30;28;20;45;100;237;80;300;100;235;80;300;100;0;80;300;100;0;80;300;4;2;0.4;6;4;5;0.4;6;4;2;0.4;6;4;5;0.4;6;4;2;0.4;6;4;5;0.4;6;4;2;0.4;6;4;5;0.4;6;NOK;NOK;OK;4500;4595;4250;4800;OK;7.64;0;8;12;NOK;N/A;1.9;N/A;N/A;N/A;10;14.2;7;17;OK;;0;0;0;-;Disabled;TempOk;1;230;201.6;0;0;0;349.9;440474000 audi 597g-598h;440474000 audi 597g-598h;440474000 audi 597g-598h
20260331_00:20:45;25719;2;4;965;961.4;945;985;OK;965;965.7;945;985;OK;965.7;965.6;-15;-54.2;-50;-20;OK;-15;-32.7;-50;-20;OK;-28;-29.1;0;-15;-54.1;-50;-20;OK;355;432;355;600;OK;0;0;N/A;N/A;N/A;N/A;N/A;N/A;N/A;N/A;N/A;N/A;N/A;N/A;N/A;N/A;N/A;N/A;N/A;N/A;N/A;N/A;N/A;N/A;N/A;N/A;N/A;N/A;N/A;N/A;N/A;N/A;N/A;N/A;N/A;N/A;N/A;N/A;N/A;N/A;N/A;N/A;N/A;N/A;N/A;N/A;N/A;N/A;N/A;N/A;N/A;N/A;N/A;N/A;N/A;N/A;N/A;N/A;N/A;N/A;N/A;N/A;N/A;N/A;N/A;N/A;N/A;N/A;N/A;N/A;N/A;N/A;N/A;N/A;N/A;N/A;N/A;N/A;N/A;N/A;N/A;N/A;N/A;N/A;N/A;N/A;N/A;N/A;N/A;N/A;N/A;N/A;N/A;N/A;N/A;N/A;N/A;N/A;N/A;N/A;;0;455.7;0;0;;Disabled;TempStop;1;740;504.1;0;0;0;599.9;549.9;Enabled;PosOk;1;20;0;0;0;0;15;Disabled;0;0;0;0;0;0;0;0;0;0;0;0;0;0;0;0;0;0;0;0;0;0;0;0;0;0;0;0;0;0;0;0;0;0;0;0;0;0;0;0;0;0;0;0;0;0;0;0;0;0;0;0;0;0;0;0;0;0;0;0;0;0;0;0;0;0;0;0;0;0;30;24;20;45;30;24;20;45;30;32;20;45;30;30;20;45;100;0;80;300;100;0;80;300;100;267;80;300;100;266;80;300;30;33;20;45;30;30;20;45;30;26;20;45;30;28;20;45;100;237;80;300;100;235;80;300;100;0;80;300;100;0;80;300;4;2;0.4;6;4;5;0.4;6;4;2;0.4;6;4;5;0.4;6;4;2;0.4;6;4;6;0.4;6;4;2;0.4;6;4;6;0.4;6;NOK;NOK;OK;4500;4596;4250;4800;OK;7.64;0;8;12;NOK;N/A;1.9;N/A;N/A;N/A;10;12.9;7;17;OK;;0;0;0;-;Disabled;TempOk;1;230;203.7;0;0;0;349.9;440474000 audi 597g-598h;440474000 audi 597g-598h;440474000 audi 597g-598h
20260331_00:21:06;25718;1;3;965;961.7;945;985;OK;965;968.5;945;985;OK;971;970;-20;-16.4;-50;-25;NOK;-20;-16;-50;-25;NOK;-20.2;-19.1;0;-20;-16.4;-50;-25;NOK;355;477;355;600;OK;0;0;N/A;N/A;N/A;N/A;N/A;N/A;N/A;N/A;N/A;N/A;N/A;N/A;N/A;N/A;N/A;N/A;N/A;N/A;N/A;N/A;N/A;N/A;N/A;N/A;N/A;N/A;N/A;N/A;N/A;N/A;N/A;N/A;N/A;N/A;N/A;N/A;N/A;N/A;N/A;N/A;N/A;N/A;N/A;N/A;N/A;N/A;N/A;N/A;N/A;N/A;N/A;N/A;N/A;N/A;N/A;N/A;N/A;N/A;N/A;N/A;N/A;N/A;N/A;N/A;N/A;N/A;N/A;N/A;N/A;N/A;N/A;N/A;N/A;N/A;N/A;N/A;N/A;N/A;N/A;N/A;N/A;N/A;N/A;N/A;N/A;N/A;N/A;N/A;N/A;N/A;N/A;N/A;N/A;N/A;N/A;N/A;N/A;N/A;;0;448.3;0;0;;Disabled;TempStop;1;740;496.7;0;0;0;599.9;549.9;Enabled;PosOk;1;20;0;0;0;0;15;Disabled;0;0;0;0;0;0;0;0;0;0;0;0;0;0;0;0;0;0;0;0;0;0;0;0;0;0;0;0;0;0;0;0;0;0;0;0;0;0;0;0;0;0;0;0;0;0;0;0;0;0;0;0;0;0;0;0;0;0;0;0;0;0;0;0;0;0;0;0;0;0;30;24;20;45;30;24;20;45;30;32;20;45;30;30;20;45;100;0;80;300;100;0;80;300;100;266;80;300;100;266;80;300;30;33;20;45;30;30;20;45;30;26;20;45;30;28;20;45;100;237;80;300;100;235;80;300;100;0;80;300;100;0;80;300;4;2;0.4;6;4;5;0.4;6;4;2;0.4;6;4;5;0.4;6;4;2;0.4;6;4;5;0.4;6;4;2;0.4;6;4;6;0.4;6;NOK;NOK;OK;4500;4599;4250;4800;OK;7.64;0;8;12;NOK;N/A;1.9;N/A;N/A;N/A;10;13.8;7;17;OK;;0;0;0;-;Disabled;TempOk;1;230;201.8;0;0;0;349.9;440474000 audi 597g-598h;440474000 audi 597g-598h;440474000 audi 597g-598h
20260331_00:21:27;25721;4;4;965;959.1;945;985;OK;965;973;945;985;OK;972.7;972.8;-15;-19.4;-50;-5;OK;-15;-9.5;-50;-5;OK;-14.4;-14.4;0;-15;-19.4;-50;-5;OK;355;433;355;600;OK;160.3;160.83;N/A;N/A;N/A;N/A;N/A;N/A;N/A;N/A;N/A;N/A;N/A;N/A;N/A;N/A;N/A;N/A;N/A;N/A;N/A;N/A;N/A;N/A;N/A;N/A;N/A;N/A;N/A;N/A;N/A;N/A;N/A;N/A;N/A;N/A;N/A;N/A;N/A;N/A;N/A;N/A;N/A;N/A;N/A;N/A;N/A;N/A;N/A;N/A;N/A;N/A;N/A;N/A;N/A;N/A;N/A;N/A;N/A;N/A;N/A;N/A;N/A;N/A;N/A;N/A;N/A;N/A;N/A;N/A;N/A;N/A;N/A;N/A;N/A;N/A;N/A;N/A;N/A;N/A;N/A;N/A;N/A;N/A;N/A;N/A;N/A;N/A;N/A;N/A;N/A;N/A;N/A;N/A;N/A;N/A;N/A;N/A;N/A;N/A;;0;445.3;0;0;;Disabled;TempStop;1;740;492.4;0;0;0;599.9;549.9;Enabled;PosOk;1;20;0;0;0;0;15;Disabled;0;0;0;0;0;0;0;0;0;0;0;0;0;0;0;0;0;0;0;0;0;0;0;0;0;0;0;0;0;0;0;0;0;0;0;0;0;0;0;0;0;0;0;0;0;0;0;0;0;0;0;0;0;0;0;0;0;0;0;0;0;0;0;0;0;0;0;0;0;0;30;24;20;45;30;24;20;45;30;32;20;45;30;30;20;45;100;0;80;300;100;0;80;300;100;267;80;300;100;266;80;300;30;33;20;45;30;30;20;45;30;26;20;45;30;28;20;45;100;238;80;300;100;235;80;300;100;0;80;300;100;0;80;300;4;2;0.4;6;4;5;0.4;6;4;2;0.4;6;4;5;0.4;6;4;2;0.4;6;4;5;0.4;6;4;2;0.4;6;4;6;0.4;6;NOK;NOK;OK;4500;4591;4250;4800;OK;7.64;0;8;12;NOK;N/A;1.9;N/A;N/A;N/A;10;12.8;7;17;OK;;0;0;0;-;Disabled;TempOk;1;230;206.5;0;0;0;349.9;440474000 audi 597g-598h;440474000 audi 597g-598h;440474000 audi 597g-598h
20260331_00:21:48;25720;3;3;965;961.5;945;985;OK;965;966.9;945;985;OK;967.6;967;-20;-25.8;-50;-25;OK;-20;-23.6;-50;-25;NOK;-19.8;-20.8;0;-20;-25.6;-50;-25;OK;355;479;355;600;OK;0;0;N/A;N/A;N/A;N/A;N/A;N/A;N/A;N/A;N/A;N/A;N/A;N/A;N/A;N/A;N/A;N/A;N/A;N/A;N/A;N/A;N/A;N/A;N/A;N/A;N/A;N/A;N/A;N/A;N/A;N/A;N/A;N/A;N/A;N/A;N/A;N/A;N/A;N/A;N/A;N/A;N/A;N/A;N/A;N/A;N/A;N/A;N/A;N/A;N/A;N/A;N/A;N/A;N/A;N/A;N/A;N/A;N/A;N/A;N/A;N/A;N/A;N/A;N/A;N/A;N/A;N/A;N/A;N/A;N/A;N/A;N/A;N/A;N/A;N/A;N/A;N/A;N/A;N/A;N/A;N/A;N/A;N/A;N/A;N/A;N/A;N/A;N/A;N/A;N/A;N/A;N/A;N/A;N/A;N/A;N/A;N/A;N/A;N/A;;0;447;0;0;;Disabled;TempStop;1;740;492.9;0;0;0;599.9;549.9;Enabled;PosOk;1;20;0;0;0;0;15;Disabled;0;0;0;0;0;0;0;0;0;0;0;0;0;0;0;0;0;0;0;0;0;0;0;0;0;0;0;0;0;0;0;0;0;0;0;0;0;0;0;0;0;0;0;0;0;0;0;0;0;0;0;0;0;0;0;0;0;0;0;0;0;0;0;0;0;0;0;0;0;0;30;24;20;45;30;24;20;45;30;32;20;45;30;30;20;45;100;0;80;300;100;0;80;300;100;267;80;300;100;266;80;300;30;33;20;45;30;30;20;45;30;26;20;45;30;28;20;45;100;238;80;300;100;235;80;300;100;0;80;300;100;0;80;300;4;2;0.4;6;4;5;0.4;6;4;2;0.4;6;4;5;0.4;6;4;2;0.4;6;4;5;0.4;6;4;2;0.4;6;4;6;0.4;6;NOK;NOK;OK;4500;4595;4250;4800;OK;7.64;0;8;12;NOK;N/A;1.9;N/A;N/A;N/A;10;14.2;7;17;OK;;0;0;0;-;Disabled;TempOk;1;230;201.9;0;0;0;349.9;440474000 audi 597g-598h;440474000 audi 597g-598h;440474000 audi 597g-598h
20260331_00:22:09;25723;2;5;965;959.9;945;985;OK;965;939.9;945;985;NOK;931.8;936.1;-15;-39.2;-50;-20;OK;-15;-31;-50;-20;OK;-28.5;-29.6;0;-15;-39;-50;-20;OK;355;434;355;600;OK;0;0;N/A;N/A;N/A;N/A;N/A;N/A;N/A;N/A;N/A;N/A;N/A;N/A;N/A;N/A;N/A;N/A;N/A;N/A;N/A;N/A;N/A;N/A;N/A;N/A;N/A;N/A;N/A;N/A;N/A;N/A;N/A;N/A;N/A;N/A;N/A;N/A;N/A;N/A;N/A;N/A;N/A;N/A;N/A;N/A;N/A;N/A;N/A;N/A;N/A;N/A;N/A;N/A;N/A;N/A;N/A;N/A;N/A;N/A;N/A;N/A;N/A;N/A;N/A;N/A;N/A;N/A;N/A;N/A;N/A;N/A;N/A;N/A;N/A;N/A;N/A;N/A;N/A;N/A;N/A;N/A;N/A;N/A;N/A;N/A;N/A;N/A;N/A;N/A;N/A;N/A;N/A;N/A;N/A;N/A;N/A;N/A;N/A;N/A;;0;447;0;0;;Disabled;TempStop;1;740;494.4;0;0;0;599.9;549.9;Enabled;PosOk;1;20;0;0;0;0;15;Disabled;0;0;0;0;0;0;0;0;0;0;0;0;0;0;0;0;0;0;0;0;0;0;0;0;0;0;0;0;0;0;0;0;0;0;0;0;0;0;0;0;0;0;0;0;0;0;0;0;0;0;0;0;0;0;0;0;0;0;0;0;0;0;0;0;0;0;0;0;0;0;30;24;20;45;30;24;20;45;30;32;20;45;30;30;20;45;100;0;80;300;100;0;80;300;100;266;80;300;100;265;80;300;30;33;20;45;30;30;20;45;30;26;20;45;30;28;20;45;100;237;80;300;100;235;80;300;100;0;80;300;100;0;80;300;4;2;0.4;6;4;5;0.4;6;4;2;0.4;6;4;5;0.4;6;4;2;0.4;6;4;5;0.4;6;4;2;0.4;6;4;6;0.4;6;NOK;NOK;OK;4500;4595;4250;4800;OK;7.64;0;8;12;NOK;N/A;1.9;N/A;N/A;N/A;10;13.5;7;17;OK;;0;0;0;-;Disabled;TempOk;1;230;206.4;0;0;0;349.9;440474000 audi 597g-598h;440474000 audi 597g-598h;440474000 audi 597g-598h
20260331_00:22:31;25722;1;4;965;959.9;945;985;OK;965;966;945;985;OK;966.2;966.2;-20;-15.2;-50;-25;NOK;-20;-14.6;-50;-25;NOK;-18.6;-18.6;0;-20;-15.1;-50;-25;NOK;355;479;355;600;OK;0;0;N/A;N/A;N/A;N/A;N/A;N/A;N/A;N/A;N/A;N/A;N/A;N/A;N/A;N/A;N/A;N/A;N/A;N/A;N/A;N/A;N/A;N/A;N/A;N/A;N/A;N/A;N/A;N/A;N/A;N/A;N/A;N/A;N/A;N/A;N/A;N/A;N/A;N/A;N/A;N/A;N/A;N/A;N/A;N/A;N/A;N/A;N/A;N/A;N/A;N/A;N/A;N/A;N/A;N/A;N/A;N/A;N/A;N/A;N/A;N/A;N/A;N/A;N/A;N/A;N/A;N/A;N/A;N/A;N/A;N/A;N/A;N/A;N/A;N/A;N/A;N/A;N/A;N/A;N/A;N/A;N/A;N/A;N/A;N/A;N/A;N/A;N/A;N/A;N/A;N/A;N/A;N/A;N/A;N/A;N/A;N/A;N/A;N/A;;0;450.5;0;0;;Disabled;TempStop;1;740;499.1;0;0;0;599.9;549.9;Enabled;PosOk;1;20;0;0;0;0;15;Disabled;0;0;0;0;0;0;0;0;0;0;0;0;0;0;0;0;0;0;0;0;0;0;0;0;0;0;0;0;0;0;0;0;0;0;0;0;0;0;0;0;0;0;0;0;0;0;0;0;0;0;0;0;0;0;0;0;0;0;0;0;0;0;0;0;0;0;0;0;0;0;30;24;20;45;30;24;20;45;30;32;20;45;30;30;20;45;100;0;80;300;100;0;80;300;100;266;80;300;100;266;80;300;30;33;20;45;30;30;20;45;30;26;20;45;30;28;20;45;100;237;80;300;100;235;80;300;100;0;80;300;100;0;80;300;4;2;0.4;6;4;5;0.4;6;4;2;0.4;6;4;5;0.4;6;4;2;0.4;6;4;5;0.4;6;4;2;0.4;6;4;6;0.4;6;NOK;NOK;OK;4500;4594;4250;4800;OK;7.64;0;8;12;NOK;N/A;1.9;N/A;N/A;N/A;10;13.8;7;17;OK;;0;0;0;-;Disabled;TempOk;1;230;199.8;0;0;0;349.9;440474000 audi 597g-598h;440474000 audi 597g-598h;440474000 audi 597g-598h
20260331_00:22:52;25725;4;5;965;961.9;945;985;OK;965;965.3;945;985;OK;966.7;966.2;-15;-15.2;-50;-5;OK;-15;-12.3;-50;-5;OK;-14.9;-14.4;0;-15;-15;-50;-5;OK;355;435;355;600;OK;160.34;160.97;N/A;N/A;N/A;N/A;N/A;N/A;N/A;N/A;N/A;N/A;N/A;N/A;N/A;N/A;N/A;N/A;N/A;N/A;N/A;N/A;N/A;N/A;N/A;N/A;N/A;N/A;N/A;N/A;N/A;N/A;N/A;N/A;N/A;N/A;N/A;N/A;N/A;N/A;N/A;N/A;N/A;N/A;N/A;N/A;N/A;N/A;N/A;N/A;N/A;N/A;N/A;N/A;N/A;N/A;N/A;N/A;N/A;N/A;N/A;N/A;N/A;N/A;N/A;N/A;N/A;N/A;N/A;N/A;N/A;N/A;N/A;N/A;N/A;N/A;N/A;N/A;N/A;N/A;N/A;N/A;N/A;N/A;N/A;N/A;N/A;N/A;N/A;N/A;N/A;N/A;N/A;N/A;N/A;N/A;N/A;N/A;N/A;N/A;;0;453.2;0;0;;Disabled;TempStop;1;740;501.6;0;0;0;599.9;549.9;Enabled;PosOk;1;20;0;0;0;0;15;Disabled;0;0;0;0;0;0;0;0;0;0;0;0;0;0;0;0;0;0;0;0;0;0;0;0;0;0;0;0;0;0;0;0;0;0;0;0;0;0;0;0;0;0;0;0;0;0;0;0;0;0;0;0;0;0;0;0;0;0;0;0;0;0;0;0;0;0;0;0;0;0;30;24;20;45;30;24;20;45;30;32;20;45;30;30;20;45;100;0;80;300;100;0;80;300;100;266;80;300;100;266;80;300;30;33;20;45;30;30;20;45;30;26;20;45;30;28;20;45;100;237;80;300;100;235;80;300;100;0;80;300;100;0;80;300;4;2;0.4;6;4;5;0.4;6;4;2;0.4;6;4;5;0.4;6;4;2;0.4;6;4;6;0.4;6;4;2;0.4;6;4;5;0.4;6;NOK;NOK;OK;4500;4591;4250;4800;OK;7.64;0;8;12;NOK;N/A;1.9;N/A;N/A;N/A;10;12.8;7;17;OK;;0;0;0;-;Disabled;TempOk;1;230;202.2;0;0;0;349.9;440474000 audi 597g-598h;440474000 audi 597g-598h;440474000 audi 597g-598h
20260331_00:23:13;25724;3;4;965;961.4;945;985;OK;965;966.7;945;985;OK;967.2;966.4;-20;-22.4;-50;-25;NOK;-20;-20.6;-50;-25;NOK;-26.2;-27.3;0;-20;-22.1;-50;-25;NOK;355;481;355;600;OK;0;0;N/A;N/A;N/A;N/A;N/A;N/A;N/A;N/A;N/A;N/A;N/A;N/A;N/A;N/A;N/A;N/A;N/A;N/A;N/A;N/A;N/A;N/A;N/A;N/A;N/A;N/A;N/A;N/A;N/A;N/A;N/A;N/A;N/A;N/A;N/A;N/A;N/A;N/A;N/A;N/A;N/A;N/A;N/A;N/A;N/A;N/A;N/A;N/A;N/A;N/A;N/A;N/A;N/A;N/A;N/A;N/A;N/A;N/A;N/A;N/A;N/A;N/A;N/A;N/A;N/A;N/A;N/A;N/A;N/A;N/A;N/A;N/A;N/A;N/A;N/A;N/A;N/A;N/A;N/A;N/A;N/A;N/A;N/A;N/A;N/A;N/A;N/A;N/A;N/A;N/A;N/A;N/A;N/A;N/A;N/A;N/A;N/A;N/A;;0;437.1;0;0;;Disabled;TempStop;1;740;481.1;0;0;0;599.9;549.9;Enabled;PosOk;1;20;0;0;0;0;15;Disabled;0;0;0;0;0;0;0;0;0;0;0;0;0;0;0;0;0;0;0;0;0;0;0;0;0;0;0;0;0;0;0;0;0;0;0;0;0;0;0;0;0;0;0;0;0;0;0;0;0;0;0;0;0;0;0;0;0;0;0;0;0;0;0;0;0;0;0;0;0;0;30;24;20;45;30;24;20;45;30;32;20;45;30;30;20;45;100;0;80;300;100;0;80;300;100;267;80;300;100;266;80;300;30;34;20;45;30;30;20;45;30;26;20;45;30;28;20;45;100;238;80;300;100;235;80;300;100;0;80;300;100;0;80;300;4;2;0.4;6;4;5;0.4;6;4;2;0.4;6;4;5;0.4;6;4;2;0.4;6;4;6;0.4;6;4;2;0.4;6;4;5;0.4;6;NOK;NOK;OK;4500;4595;4250;4800;OK;7.64;0;8;12;NOK;N/A;1.9;N/A;N/A;N/A;10;14.1;7;17;OK;;0;0;0;-;Disabled;TempOk;1;230;201.8;0;0;0;349.9;440474000 audi 597g-598h;440474000 audi 597g-598h;440474000 audi 597g-598h
20260331_00:23:34;25727;4;1;965;949.4;945;985;OK;965;969.8;945;985;OK;966.8;967.4;-15;-13.3;-50;-5;OK;-15;-19.5;-50;-5;OK;-20.4;-20.5;0;-15;-13.5;-50;-5;OK;355;360;355;600;OK;160.49;161.03;N/A;N/A;N/A;N/A;N/A;N/A;N/A;N/A;N/A;N/A;N/A;N/A;N/A;N/A;N/A;N/A;N/A;N/A;N/A;N/A;N/A;N/A;N/A;N/A;N/A;N/A;N/A;N/A;N/A;N/A;N/A;N/A;N/A;N/A;N/A;N/A;N/A;N/A;N/A;N/A;N/A;N/A;N/A;N/A;N/A;N/A;N/A;N/A;N/A;N/A;N/A;N/A;N/A;N/A;N/A;N/A;N/A;N/A;N/A;N/A;N/A;N/A;N/A;N/A;N/A;N/A;N/A;N/A;N/A;N/A;N/A;N/A;N/A;N/A;N/A;N/A;N/A;N/A;N/A;N/A;N/A;N/A;N/A;N/A;N/A;N/A;N/A;N/A;N/A;N/A;N/A;N/A;N/A;N/A;N/A;N/A;N/A;N/A;;0;442.8;0;0;;Disabled;TempStop;1;740;488.3;0;0;0;599.9;549.9;Enabled;PosOk;1;20;0;0;0;0;15;Disabled;0;0;0;0;0;0;0;0;0;0;0;0;0;0;0;0;0;0;0;0;0;0;0;0;0;0;0;0;0;0;0;0;0;0;0;0;0;0;0;0;0;0;0;0;0;0;0;0;0;0;0;0;0;0;0;0;0;0;0;0;0;0;0;0;0;0;0;0;0;0;30;24;20;45;30;24;20;45;30;33;20;45;30;30;20;45;100;0;80;300;100;0;80;300;100;267;80;300;100;265;80;300;30;34;20;45;30;30;20;45;30;26;20;45;30;28;20;45;100;238;80;300;100;235;80;300;100;0;80;300;100;0;80;300;4;2;0.4;6;4;5;0.4;6;4;2;0.4;6;4;5;0.4;6;4;2;0.4;6;4;6;0.4;6;4;2;0.4;6;4;5;0.4;6;NOK;NOK;OK;4500;4598;4250;4800;OK;7.68;0;8;12;NOK;N/A;1.9;N/A;N/A;N/A;10;12.8;7;17;OK;;0;0;0;-;Disabled;TempOk;1;230;206.8;0;0;0;349.9;440474000 audi 597g-598h;440474000 audi 597g-598h;440474000 audi 597g-598h
20260331_00:23:55;25726;3;5;965;962.7;945;985;OK;965;966.3;945;985;OK;969.9;968;-20;-30.2;-50;-25;OK;-20;-25.6;-50;-25;OK;-27.2;-28.2;0;-20;-29.8;-50;-25;OK;355;482;355;600;OK;0;0;N/A;N/A;N/A;N/A;N/A;N/A;N/A;N/A;N/A;N/A;N/A;N/A;N/A;N/A;N/A;N/A;N/A;N/A;N/A;N/A;N/A;N/A;N/A;N/A;N/A;N/A;N/A;N/A;N/A;N/A;N/A;N/A;N/A;N/A;N/A;N/A;N/A;N/A;N/A;N/A;N/A;N/A;N/A;N/A;N/A;N/A;N/A;N/A;N/A;N/A;N/A;N/A;N/A;N/A;N/A;N/A;N/A;N/A;N/A;N/A;N/A;N/A;N/A;N/A;N/A;N/A;N/A;N/A;N/A;N/A;N/A;N/A;N/A;N/A;N/A;N/A;N/A;N/A;N/A;N/A;N/A;N/A;N/A;N/A;N/A;N/A;N/A;N/A;N/A;N/A;N/A;N/A;N/A;N/A;N/A;N/A;N/A;N/A;;0;450.3;0;0;;Disabled;TempStop;1;740;498.4;0;0;0;599.9;549.9;Enabled;PosOk;1;20;0;0;0;0;15;Disabled;0;0;0;0;0;0;0;0;0;0;0;0;0;0;0;0;0;0;0;0;0;0;0;0;0;0;0;0;0;0;0;0;0;0;0;0;0;0;0;0;0;0;0;0;0;0;0;0;0;0;0;0;0;0;0;0;0;0;0;0;0;0;0;0;0;0;0;0;0;0;30;24;20;45;30;24;20;45;30;32;20;45;30;29;20;45;100;0;80;300;100;0;80;300;100;266;80;300;100;266;80;300;30;33;20;45;30;29;20;45;30;26;20;45;30;28;20;45;100;237;80;300;100;235;80;300;100;0;80;300;100;1;80;300;4;2;0.4;6;4;5;0.4;6;4;2;0.4;6;4;5;0.4;6;4;2;0.4;6;4;6;0.4;6;4;2;0.4;6;4;5;0.4;6;NOK;NOK;OK;4500;4596;4250;4800;OK;7.64;0;8;12;NOK;N/A;1.9;N/A;N/A;N/A;10;14;7;17;OK;;0;0;0;-;Disabled;TempOk;1;230;201.3;0;0;0;349.9;440474000 audi 597g-598h;440474000 audi 597g-598h;440474000 audi 597g-598h
20260331_00:24:37;25728;1;1;965;936.5;945;985;NOK;965;935.1;945;985;NOK;928.4;931.6;-20;-18;-50;-25;NOK;-20;-17.5;-50;-25;NOK;-15.9;-16.2;0;-20;-18;-50;-25;NOK;355;444;355;600;OK;0;0;N/A;N/A;N/A;N/A;N/A;N/A;N/A;N/A;N/A;N/A;N/A;N/A;N/A;N/A;N/A;N/A;N/A;N/A;N/A;N/A;N/A;N/A;N/A;N/A;N/A;N/A;N/A;N/A;N/A;N/A;N/A;N/A;N/A;N/A;N/A;N/A;N/A;N/A;N/A;N/A;N/A;N/A;N/A;N/A;N/A;N/A;N/A;N/A;N/A;N/A;N/A;N/A;N/A;N/A;N/A;N/A;N/A;N/A;N/A;N/A;N/A;N/A;N/A;N/A;N/A;N/A;N/A;N/A;N/A;N/A;N/A;N/A;N/A;N/A;N/A;N/A;N/A;N/A;N/A;N/A;N/A;N/A;N/A;N/A;N/A;N/A;N/A;N/A;N/A;N/A;N/A;N/A;N/A;N/A;N/A;N/A;N/A;N/A;;0;443;0;0;;Disabled;TempStop;1;740;489.9;0;0;0;599.9;549.9;Enabled;PosOk;1;20;0;0;0;0;15;Disabled;0;0;0;0;0;0;0;0;0;0;0;0;0;0;0;0;0;0;0;0;0;0;0;0;0;0;0;0;0;0;0;0;0;0;0;0;0;0;0;0;0;0;0;0;0;0;0;0;0;0;0;0;0;0;0;0;0;0;0;0;0;0;0;0;0;0;0;0;0;0;30;24;20;45;30;24;20;45;30;30;20;45;30;29;20;45;100;0;80;300;100;0;80;300;100;265;80;300;100;265;80;300;30;31;20;45;30;29;20;45;30;26;20;45;30;28;20;45;100;237;80;300;100;234;80;300;100;0;80;300;100;0;80;300;4;2;0.4;6;4;5;0.4;6;4;2;0.4;6;4;5;0.4;6;4;2;0.4;6;4;6;0.4;6;4;2;0.4;6;4;6;0.4;6;NOK;NOK;OK;4500;4600;4250;4800;OK;7.64;0;8;12;NOK;N/A;1.9;N/A;N/A;N/A;10;14;7;17;OK;;0;0;0;-;Disabled;TempOk;1;230;187.6;0;0;0;349.9;440474000 audi 597g-598h;440474000 audi 597g-598h;440474000 audi 597g-598h
20260331_00:24:58;25730;2;2;965;955.2;925;1005;OK;965;966.1;925;1005;OK;966.8;965.9;-15;-29.8;-50;-20;OK;-15;-26.4;-50;-20;OK;-23.8;-25.2;0;-15;-29.8;-50;-20;OK;355;368;355;600;OK;0;0;N/A;N/A;N/A;N/A;N/A;N/A;N/A;N/A;N/A;N/A;N/A;N/A;N/A;N/A;N/A;N/A;N/A;N/A;N/A;N/A;N/A;N/A;N/A;N/A;N/A;N/A;N/A;N/A;N/A;N/A;N/A;N/A;N/A;N/A;N/A;N/A;N/A;N/A;N/A;N/A;N/A;N/A;N/A;N/A;N/A;N/A;N/A;N/A;N/A;N/A;N/A;N/A;N/A;N/A;N/A;N/A;N/A;N/A;N/A;N/A;N/A;N/A;N/A;N/A;N/A;N/A;N/A;N/A;N/A;N/A;N/A;N/A;N/A;N/A;N/A;N/A;N/A;N/A;N/A;N/A;N/A;N/A;N/A;N/A;N/A;N/A;N/A;N/A;N/A;N/A;N/A;N/A;N/A;N/A;N/A;N/A;N/A;N/A;;0;447.6;0;0;;Disabled;TempStop;1;740;492.3;0;0;0;599.9;549.9;Enabled;PosOk;1;20;0;0;0;0;15;Disabled;0;0;0;0;0;0;0;0;0;0;0;0;0;0;0;0;0;0;0;0;0;0;0;0;0;0;0;0;0;0;0;0;0;0;0;0;0;0;0;0;0;0;0;0;0;0;0;0;0;0;0;0;0;0;0;0;0;0;0;0;0;0;0;0;0;0;0;0;0;0;30;24;20;45;30;24;20;45;30;31;20;45;30;29;20;45;100;0;80;300;100;0;80;300;100;266;80;300;100;265;80;300;30;32;20;45;30;29;20;45;30;26;20;45;30;28;20;45;100;237;80;300;100;235;80;300;100;0;80;300;100;0;80;300;4;2;0.4;6;4;5;0.4;6;4;2;0.4;6;4;5;0.4;6;4;2;0.4;6;4;5;0.4;6;4;2;0.4;6;4;5;0.4;6;NOK;NOK;OK;4500;4593;4250;4800;OK;7.64;0;8;12;NOK;N/A;1.9;N/A;N/A;N/A;10;12.9;7;17;OK;;0;0;0;-;Disabled;TempOk;1;230;195.2;0;0;0;349.9;440474000 audi 597g-598h;440474000 audi 597g-598h;440474000 audi 597g-598h
20260331_00:25:20;25729;3;1;965;942.1;925;1005;OK;965;939.1;925;1005;OK;933.7;936.8;-20;-23.2;-50;-25;NOK;-20;-19.3;-50;-25;NOK;-17.1;-18.1;0;-20;-23.2;-50;-25;NOK;355;367;355;600;OK;0;0;N/A;N/A;N/A;N/A;N/A;N/A;N/A;N/A;N/A;N/A;N/A;N/A;N/A;N/A;N/A;N/A;N/A;N/A;N/A;N/A;N/A;N/A;N/A;N/A;N/A;N/A;N/A;N/A;N/A;N/A;N/A;N/A;N/A;N/A;N/A;N/A;N/A;N/A;N/A;N/A;N/A;N/A;N/A;N/A;N/A;N/A;N/A;N/A;N/A;N/A;N/A;N/A;N/A;N/A;N/A;N/A;N/A;N/A;N/A;N/A;N/A;N/A;N/A;N/A;N/A;N/A;N/A;N/A;N/A;N/A;N/A;N/A;N/A;N/A;N/A;N/A;N/A;N/A;N/A;N/A;N/A;N/A;N/A;N/A;N/A;N/A;N/A;N/A;N/A;N/A;N/A;N/A;N/A;N/A;N/A;N/A;N/A;N/A;;0;439.2;0;0;;Disabled;TempStop;1;740;485.3;0;0;0;599.9;549.9;Enabled;PosOk;1;20;0;0;0;0;15;Disabled;0;0;0;0;0;0;0;0;0;0;0;0;0;0;0;0;0;0;0;0;0;0;0;0;0;0;0;0;0;0;0;0;0;0;0;0;0;0;0;0;0;0;0;0;0;0;0;0;0;0;0;0;0;0;0;0;0;0;0;0;0;0;0;0;0;0;0;0;0;0;30;24;20;45;30;24;20;45;30;31;20;45;30;30;20;45;100;0;80;300;100;0;80;300;100;266;80;300;100;266;80;300;30;33;20;45;30;30;20;45;30;26;20;45;30;28;20;45;100;237;80;300;100;235;80;300;100;0;80;300;100;0;80;300;4;2;0.4;6;4;5;0.4;6;4;2;0.4;6;4;5;0.4;6;4;2;0.4;6;4;5;0.4;6;4;2;0.4;6;4;6;0.4;6;NOK;NOK;OK;4500;4594;4250;4800;OK;7.64;0;8;12;NOK;N/A;1.9;N/A;N/A;N/A;10;14.2;7;17;OK;;0;0;0;-;Disabled;TempOk;1;230;204.8;0;0;0;349.9;440474000 audi 597g-598h;440474000 audi 597g-598h;440474000 audi 597g-598h
20260331_00:25:41;25731;4;2;965;953.1;925;1005;OK;965;976.1;925;1005;OK;970.2;973.3;-15;-10.6;-50;-5;OK;-15;-19.5;-50;-5;OK;-21.9;-22.3;0;-15;-10.6;-50;-5;OK;355;368;355;600;OK;160.64;161.21;N/A;N/A;N/A;N/A;N/A;N/A;N/A;N/A;N/A;N/A;N/A;N/A;N/A;N/A;N/A;N/A;N/A;N/A;N/A;N/A;N/A;N/A;N/A;N/A;N/A;N/A;N/A;N/A;N/A;N/A;N/A;N/A;N/A;N/A;N/A;N/A;N/A;N/A;N/A;N/A;N/A;N/A;N/A;N/A;N/A;N/A;N/A;N/A;N/A;N/A;N/A;N/A;N/A;N/A;N/A;N/A;N/A;N/A;N/A;N/A;N/A;N/A;N/A;N/A;N/A;N/A;N/A;N/A;N/A;N/A;N/A;N/A;N/A;N/A;N/A;N/A;N/A;N/A;N/A;N/A;N/A;N/A;N/A;N/A;N/A;N/A;N/A;N/A;N/A;N/A;N/A;N/A;N/A;N/A;N/A;N/A;N/A;N/A;;0;452.5;0;0;;Disabled;TempStop;1;740;499;0;0;0;599.9;549.9;Enabled;PosOk;1;20;0;0;0;0;15;Disabled;0;0;0;0;0;0;0;0;0;0;0;0;0;0;0;0;0;0;0;0;0;0;0;0;0;0;0;0;0;0;0;0;0;0;0;0;0;0;0;0;0;0;0;0;0;0;0;0;0;0;0;0;0;0;0;0;0;0;0;0;0;0;0;0;0;0;0;0;0;0;30;24;20;45;30;24;20;45;30;32;20;45;30;30;20;45;100;0;80;300;100;0;80;300;100;267;80;300;100;266;80;300;30;33;20;45;30;30;20;45;30;26;20;45;30;28;20;45;100;237;80;300;100;235;80;300;100;0;80;300;100;0;80;300;4;2;0.4;6;4;5;0.4;6;4;2;0.4;6;4;5;0.4;6;4;2;0.4;6;4;6;0.4;6;4;2;0.4;6;4;6;0.4;6;NOK;NOK;OK;4500;4593;4250;4800;OK;7.64;0;8;12;NOK;N/A;1.9;N/A;N/A;N/A;10;13.4;7;17;OK;;0;0;0;-;Disabled;TempOk;1;230;201.1;0;0;0;349.9;440474000 audi 597g-598h;440474000 audi 597g-598h;440474000 audi 597g-598h
20260331_00:26:02;25732;1;2;965;954.2;925;1005;OK;965;957.3;925;1005;OK;954.2;956.1;-20;-14.7;-50;-25;NOK;-20;-15.8;-50;-25;NOK;-17.6;-17.9;0;-20;-14.8;-50;-25;NOK;355;367;355;600;OK;0;0;N/A;N/A;N/A;N/A;N/A;N/A;N/A;N/A;N/A;N/A;N/A;N/A;N/A;N/A;N/A;N/A;N/A;N/A;N/A;N/A;N/A;N/A;N/A;N/A;N/A;N/A;N/A;N/A;N/A;N/A;N/A;N/A;N/A;N/A;N/A;N/A;N/A;N/A;N/A;N/A;N/A;N/A;N/A;N/A;N/A;N/A;N/A;N/A;N/A;N/A;N/A;N/A;N/A;N/A;N/A;N/A;N/A;N/A;N/A;N/A;N/A;N/A;N/A;N/A;N/A;N/A;N/A;N/A;N/A;N/A;N/A;N/A;N/A;N/A;N/A;N/A;N/A;N/A;N/A;N/A;N/A;N/A;N/A;N/A;N/A;N/A;N/A;N/A;N/A;N/A;N/A;N/A;N/A;N/A;N/A;N/A;N/A;N/A;;0;449.3;0;0;;Disabled;TempStop;1;740;495.6;0;0;0;599.9;549.9;Enabled;PosOk;1;20;0;0;0;0;15;Disabled;0;0;0;0;0;0;0;0;0;0;0;0;0;0;0;0;0;0;0;0;0;0;0;0;0;0;0;0;0;0;0;0;0;0;0;0;0;0;0;0;0;0;0;0;0;0;0;0;0;0;0;0;0;0;0;0;0;0;0;0;0;0;0;0;0;0;0;0;0;0;30;24;20;45;30;24;20;45;30;32;20;45;30;30;20;45;100;0;80;300;100;0;80;300;100;267;80;300;100;266;80;300;30;33;20;45;30;30;20;45;30;26;20;45;30;28;20;45;100;237;80;300;100;235;80;300;100;0;80;300;100;0;80;300;4;2;0.4;6;4;5;0.4;6;4;2;0.4;6;4;5;0.4;6;4;2;0.4;6;4;6;0.4;6;4;2;0.4;6;4;5;0.4;6;NOK;NOK;OK;4500;4595;4250;4800;OK;7.64;0;8;12;NOK;N/A;1.9;N/A;N/A;N/A;10;13.8;7;17;OK;;0;0;0;-;Disabled;TempOk;1;230;202.6;0;0;0;349.9;440474000 audi 597g-598h;440474000 audi 597g-598h;440474000 audi 597g-598h
20260331_00:26:23;25733;4;3;965;958.4;925;1005;OK;965;971.4;925;1005;OK;971;971;-15;-14.7;-50;-5;OK;-15;-19.3;-50;-5;OK;-21.2;-20.2;0;-15;-14.6;-50;-5;OK;355;368;355;600;OK;160.71;161.26;N/A;N/A;N/A;N/A;N/A;N/A;N/A;N/A;N/A;N/A;N/A;N/A;N/A;N/A;N/A;N/A;N/A;N/A;N/A;N/A;N/A;N/A;N/A;N/A;N/A;N/A;N/A;N/A;N/A;N/A;N/A;N/A;N/A;N/A;N/A;N/A;N/A;N/A;N/A;N/A;N/A;N/A;N/A;N/A;N/A;N/A;N/A;N/A;N/A;N/A;N/A;N/A;N/A;N/A;N/A;N/A;N/A;N/A;N/A;N/A;N/A;N/A;N/A;N/A;N/A;N/A;N/A;N/A;N/A;N/A;N/A;N/A;N/A;N/A;N/A;N/A;N/A;N/A;N/A;N/A;N/A;N/A;N/A;N/A;N/A;N/A;N/A;N/A;N/A;N/A;N/A;N/A;N/A;N/A;N/A;N/A;N/A;N/A;;0;454.7;0;0;;Disabled;TempStop;1;740;502.3;0;0;0;599.9;549.9;Enabled;PosOk;1;20;0;0;0;0;15;Disabled;0;0;0;0;0;0;0;0;0;0;0;0;0;0;0;0;0;0;0;0;0;0;0;0;0;0;0;0;0;0;0;0;0;0;0;0;0;0;0;0;0;0;0;0;0;0;0;0;0;0;0;0;0;0;0;0;0;0;0;0;0;0;0;0;0;0;0;0;0;0;30;24;20;45;30;24;20;45;30;32;20;45;30;30;20;45;100;0;80;300;100;0;80;300;100;266;80;300;100;265;80;300;30;33;20;45;30;30;20;45;30;26;20;45;30;28;20;45;100;237;80;300;100;235;80;300;100;0;80;300;100;0;80;300;4;2;0.4;6;4;5;0.4;6;4;2;0.4;6;4;5;0.4;6;4;2;0.4;6;4;5;0.4;6;4;2;0.4;6;4;6;0.4;6;NOK;NOK;OK;4500;4593;4250;4800;OK;7.64;0;8;12;NOK;N/A;1.9;N/A;N/A;N/A;10;12.7;7;17;OK;;0;0;0;-;Disabled;TempOk;1;230;201.7;0;0;0;349.9;440474000 audi 597g-598h;440474000 audi 597g-598h;440474000 audi 597g-598h
20260331_00:26:44;25734;3;2;965;953.6;925;1005;OK;965;961.8;925;1005;OK;959.4;960.8;-20;-23.2;-50;-25;NOK;-20;-20.1;-50;-25;NOK;-19.8;-20.8;0;-20;-22.8;-50;-25;NOK;355;367;355;600;OK;0;0;N/A;N/A;N/A;N/A;N/A;N/A;N/A;N/A;N/A;N/A;N/A;N/A;N/A;N/A;N/A;N/A;N/A;N/A;N/A;N/A;N/A;N/A;N/A;N/A;N/A;N/A;N/A;N/A;N/A;N/A;N/A;N/A;N/A;N/A;N/A;N/A;N/A;N/A;N/A;N/A;N/A;N/A;N/A;N/A;N/A;N/A;N/A;N/A;N/A;N/A;N/A;N/A;N/A;N/A;N/A;N/A;N/A;N/A;N/A;N/A;N/A;N/A;N/A;N/A;N/A;N/A;N/A;N/A;N/A;N/A;N/A;N/A;N/A;N/A;N/A;N/A;N/A;N/A;N/A;N/A;N/A;N/A;N/A;N/A;N/A;N/A;N/A;N/A;N/A;N/A;N/A;N/A;N/A;N/A;N/A;N/A;N/A;N/A;;0;450.9;0;0;;Disabled;TempStop;1;740;498.2;0;0;0;599.9;549.9;Enabled;PosOk;1;20;0;0;0;0;15;Disabled;0;0;0;0;0;0;0;0;0;0;0;0;0;0;0;0;0;0;0;0;0;0;0;0;0;0;0;0;0;0;0;0;0;0;0;0;0;0;0;0;0;0;0;0;0;0;0;0;0;0;0;0;0;0;0;0;0;0;0;0;0;0;0;0;0;0;0;0;0;0;30;24;20;45;30;24;20;45;30;32;20;45;30;30;20;45;100;0;80;300;100;0;80;300;100;266;80;300;100;266;80;300;30;34;20;45;30;30;20;45;30;26;20;45;30;28;20;45;100;238;80;300;100;235;80;300;100;0;80;300;100;0;80;300;4;2;0.4;6;4;5;0.4;6;4;2;0.4;6;4;5;0.4;6;4;2;0.4;6;4;5;0.4;6;4;2;0.4;6;4;6;0.4;6;NOK;NOK;OK;4500;4594;4250;4800;OK;7.64;0;8;12;NOK;N/A;1.9;N/A;N/A;N/A;10;14.2;7;17;OK;;0;0;0;-;Disabled;TempOk;1;230;200.2;0;0;0;349.9;440474000 audi 597g-598h;440474000 audi 597g-598h;440474000 audi 597g-598h
20260331_00:27:05;25735;2;4;965;953.9;925;1005;OK;965;965.7;925;1005;OK;965.8;965.7;-15;-33.1;-50;-20;OK;-15;-33.3;-50;-20;OK;-28.7;-30.7;0;-15;-33.2;-50;-20;OK;355;368;355;600;OK;0;0;N/A;N/A;N/A;N/A;N/A;N/A;N/A;N/A;N/A;N/A;N/A;N/A;N/A;N/A;N/A;N/A;N/A;N/A;N/A;N/A;N/A;N/A;N/A;N/A;N/A;N/A;N/A;N/A;N/A;N/A;N/A;N/A;N/A;N/A;N/A;N/A;N/A;N/A;N/A;N/A;N/A;N/A;N/A;N/A;N/A;N/A;N/A;N/A;N/A;N/A;N/A;N/A;N/A;N/A;N/A;N/A;N/A;N/A;N/A;N/A;N/A;N/A;N/A;N/A;N/A;N/A;N/A;N/A;N/A;N/A;N/A;N/A;N/A;N/A;N/A;N/A;N/A;N/A;N/A;N/A;N/A;N/A;N/A;N/A;N/A;N/A;N/A;N/A;N/A;N/A;N/A;N/A;N/A;N/A;N/A;N/A;N/A;N/A;;0;456.2;0;0;;Disabled;TempStop;1;740;503.3;0;0;0;599.9;549.9;Enabled;PosOk;1;20;0;0;0;0;15;Disabled;0;0;0;0;0;0;0;0;0;0;0;0;0;0;0;0;0;0;0;0;0;0;0;0;0;0;0;0;0;0;0;0;0;0;0;0;0;0;0;0;0;0;0;0;0;0;0;0;0;0;0;0;0;0;0;0;0;0;0;0;0;0;0;0;0;0;0;0;0;0;30;24;20;45;30;24;20;45;30;32;20;45;30;30;20;45;100;0;80;300;100;0;80;300;100;266;80;300;100;265;80;300;30;34;20;45;30;30;20;45;30;26;20;45;30;28;20;45;100;237;80;300;100;235;80;300;100;0;80;300;100;0;80;300;4;2;0.4;6;4;5;0.4;6;4;2;0.4;6;4;5;0.4;6;4;2;0.4;6;4;5;0.4;6;4;2;0.4;6;4;6;0.4;6;NOK;NOK;OK;4500;4594;4250;4800;OK;7.64;0;8;12;NOK;N/A;1.9;N/A;N/A;N/A;10;13;7;17;OK;;0;0;0;-;Disabled;TempOk;1;230;203;0;0;0;349.9;440474000 audi 597g-598h;440474000 audi 597g-598h;440474000 audi 597g-598h
20260331_00:27:26;25736;1;3;965;955.9;925;1005;OK;965;971;925;1005;OK;971.1;971.1;-20;-15.5;-50;-25;NOK;-20;-15.2;-50;-25;NOK;-18.5;-18;0;-20;-15.4;-50;-25;NOK;355;367;355;600;OK;0;0;N/A;N/A;N/A;N/A;N/A;N/A;N/A;N/A;N/A;N/A;N/A;N/A;N/A;N/A;N/A;N/A;N/A;N/A;N/A;N/A;N/A;N/A;N/A;N/A;N/A;N/A;N/A;N/A;N/A;N/A;N/A;N/A;N/A;N/A;N/A;N/A;N/A;N/A;N/A;N/A;N/A;N/A;N/A;N/A;N/A;N/A;N/A;N/A;N/A;N/A;N/A;N/A;N/A;N/A;N/A;N/A;N/A;N/A;N/A;N/A;N/A;N/A;N/A;N/A;N/A;N/A;N/A;N/A;N/A;N/A;N/A;N/A;N/A;N/A;N/A;N/A;N/A;N/A;N/A;N/A;N/A;N/A;N/A;N/A;N/A;N/A;N/A;N/A;N/A;N/A;N/A;N/A;N/A;N/A;N/A;N/A;N/A;N/A;;0;450.4;0;0;;Disabled;TempStop;1;740;497.7;0;0;0;599.9;549.9;Enabled;PosOk;1;20;0;0;0;0;15;Disabled;0;0;0;0;0;0;0;0;0;0;0;0;0;0;0;0;0;0;0;0;0;0;0;0;0;0;0;0;0;0;0;0;0;0;0;0;0;0;0;0;0;0;0;0;0;0;0;0;0;0;0;0;0;0;0;0;0;0;0;0;0;0;0;0;0;0;0;0;0;0;30;24;20;45;30;24;20;45;30;32;20;45;30;29;20;45;100;0;80;300;100;0;80;300;100;267;80;300;100;266;80;300;30;33;20;45;30;29;20;45;30;26;20;45;30;28;20;45;100;237;80;300;100;235;80;300;100;0;80;300;100;0;80;300;4;2;0.4;6;4;5;0.4;6;4;2;0.4;6;4;5;0.4;6;4;2;0.4;6;4;6;0.4;6;4;2;0.4;6;4;6;0.4;6;NOK;NOK;OK;4500;4594;4250;4800;OK;7.64;0;8;12;NOK;N/A;1.9;N/A;N/A;N/A;10;14.4;7;17;OK;;0;0;0;-;Disabled;TempOk;1;230;204.7;0;0;0;349.9;440474000 audi 597g-598h;440474000 audi 597g-598h;440474000 audi 597g-598h
20260331_00:27:47;25737;4;4;965;948.3;925;1005;OK;965;975.9;925;1005;OK;974.8;975.4;-15;-10.2;-50;-5;OK;-15;-9.4;-50;-5;OK;-17.8;-14.7;0;-15;-10.4;-50;-5;OK;355;368;355;600;OK;160.86;161.36;N/A;N/A;N/A;N/A;N/A;N/A;N/A;N/A;N/A;N/A;N/A;N/A;N/A;N/A;N/A;N/A;N/A;N/A;N/A;N/A;N/A;N/A;N/A;N/A;N/A;N/A;N/A;N/A;N/A;N/A;N/A;N/A;N/A;N/A;N/A;N/A;N/A;N/A;N/A;N/A;N/A;N/A;N/A;N/A;N/A;N/A;N/A;N/A;N/A;N/A;N/A;N/A;N/A;N/A;N/A;N/A;N/A;N/A;N/A;N/A;N/A;N/A;N/A;N/A;N/A;N/A;N/A;N/A;N/A;N/A;N/A;N/A;N/A;N/A;N/A;N/A;N/A;N/A;N/A;N/A;N/A;N/A;N/A;N/A;N/A;N/A;N/A;N/A;N/A;N/A;N/A;N/A;N/A;N/A;N/A;N/A;N/A;N/A;;0;452.7;0;0;;Disabled;TempStop;1;740;499.6;0;0;0;599.9;549.9;Enabled;PosOk;1;20;0;0;0;0;15;Disabled;0;0;0;0;0;0;0;0;0;0;0;0;0;0;0;0;0;0;0;0;0;0;0;0;0;0;0;0;0;0;0;0;0;0;0;0;0;0;0;0;0;0;0;0;0;0;0;0;0;0;0;0;0;0;0;0;0;0;0;0;0;0;0;0;0;0;0;0;0;0;30;24;20;45;30;24;20;45;30;32;20;45;30;29;20;45;100;0;80;300;100;0;80;300;100;266;80;300;100;265;80;300;30;33;20;45;30;29;20;45;30;26;20;45;30;28;20;45;100;237;80;300;100;235;80;300;100;0;80;300;100;0;80;300;4;2;0.4;6;4;5;0.4;6;4;2;0.4;6;4;5;0.4;6;4;2;0.4;6;4;5;0.4;6;4;2;0.4;6;4;6;0.4;6;NOK;NOK;OK;4500;4590;4250;4800;OK;7.64;0;8;12;NOK;N/A;1.9;N/A;N/A;N/A;10;12.8;7;17;OK;;0;0;0;-;Disabled;TempOk;1;230;201.2;0;0;0;349.9;440474000 audi 597g-598h;440474000 audi 597g-598h;440474000 audi 597g-598h
20260331_00:28:00;25739;2;5;965;928.7;925;1005;OK;965;921;925;1005;NOK;908.4;915.7;-15;-30.5;-50;-20;OK;-15;-29.3;-50;-20;OK;-27.9;-28.9;0;-15;-30.3;-50;-20;OK;355;368;355;600;OK;0;0;;;;;;;;;;;;;;;;;;;;;;;;;;;;;;;;;;;;;;;;;;;;;;;;;;;;;;;;;;;;;;;;;;;;;;;;;;;;;;;;;;;;;;;;;;;;;;;;;;;;;;;;;;;;;;;;;;;;;;;;;;;;;;;;;;;;;;;;;;;;;;;;;;;;;;;;;;;;;;;;;;;;;;;;;;;;;;;;;;;;;;;;;;;;;;;;;;;;;;;;;;;;;;;;;;;;;;;;;;;;;;;;;;;;;;;;;;;;;;;;;;;;;;;;;;;;;;;;;;;;;;;;;;;;;;;;;;;;;;;;;;;;;;;;;;;;;;;;;;;;;;;;;;;;;;;;;;;;;;;;;;;;;;;;440474000 audi 597g-598h;;;;
20260331_00:28:09;25738;3;3;965;954.9;925;1005;OK;965;969.4;925;1005;OK;969.7;969.7;-20;-23;-50;-25;NOK;-20;-19.2;-50;-25;NOK;-18;-18.8;0;-20;-22.9;-50;-25;NOK;355;367;355;600;OK;0;0;N/A;N/A;N/A;N/A;N/A;N/A;N/A;N/A;N/A;N/A;N/A;N/A;N/A;N/A;N/A;N/A;N/A;N/A;N/A;N/A;N/A;N/A;N/A;N/A;N/A;N/A;N/A;N/A;N/A;N/A;N/A;N/A;N/A;N/A;N/A;N/A;N/A;N/A;N/A;N/A;N/A;N/A;N/A;N/A;N/A;N/A;N/A;N/A;N/A;N/A;N/A;N/A;N/A;N/A;N/A;N/A;N/A;N/A;N/A;N/A;N/A;N/A;N/A;N/A;N/A;N/A;N/A;N/A;N/A;N/A;N/A;N/A;N/A;N/A;N/A;N/A;N/A;N/A;N/A;N/A;N/A;N/A;N/A;N/A;N/A;N/A;N/A;N/A;N/A;N/A;N/A;N/A;N/A;N/A;N/A;N/A;N/A;N/A;;0;446.8;0;0;;Disabled;TempStop;1;740;491.5;0;0;0;599.9;549.9;Enabled;PosOk;1;20;0;0;0;0;15;Disabled;0;0;0;0;0;0;0;0;0;0;0;0;0;0;0;0;0;0;0;0;0;0;0;0;0;0;0;0;0;0;0;0;0;0;0;0;0;0;0;0;0;0;0;0;0;0;0;0;0;0;0;0;0;0;0;0;0;0;0;0;0;0;0;0;0;0;0;0;0;0;30;24;20;45;30;24;20;45;30;32;20;45;30;29;20;45;100;0;80;300;100;0;80;300;100;267;80;300;100;266;80;300;30;32;20;45;30;29;20;45;30;26;20;45;30;28;20;45;100;237;80;300;100;235;80;300;100;0;80;300;100;0;80;300;4;2;0.4;6;4;5;0.4;6;4;2;0.4;6;4;5;0.4;6;4;2;0.4;6;4;5;0.4;6;4;2;0.4;6;4;6;0.4;6;NOK;NOK;OK;4500;4591;4250;4800;OK;7.64;0;8;12;NOK;N/A;1.9;N/A;N/A;N/A;10;14.2;7;17;OK;;0;0;0;-;Disabled;TempOk;1;230;199.8;0;0;0;349.9;440474000 audi 597g-598h;440474000 audi 597g-598h;440474000 audi 597g-598h
20260331_00:28:51;25740;1;4;965;954.2;925;1005;OK;965;966.4;925;1005;OK;966.5;966.3;-20;-14.1;-50;-25;NOK;-20;-14;-50;-25;NOK;-17;-16.5;0;-20;-14.1;-50;-25;NOK;355;367;355;600;OK;0;0;N/A;N/A;N/A;N/A;N/A;N/A;N/A;N/A;N/A;N/A;N/A;N/A;N/A;N/A;N/A;N/A;N/A;N/A;N/A;N/A;N/A;N/A;N/A;N/A;N/A;N/A;N/A;N/A;N/A;N/A;N/A;N/A;N/A;N/A;N/A;N/A;N/A;N/A;N/A;N/A;N/A;N/A;N/A;N/A;N/A;N/A;N/A;N/A;N/A;N/A;N/A;N/A;N/A;N/A;N/A;N/A;N/A;N/A;N/A;N/A;N/A;N/A;N/A;N/A;N/A;N/A;N/A;N/A;N/A;N/A;N/A;N/A;N/A;N/A;N/A;N/A;N/A;N/A;N/A;N/A;N/A;N/A;N/A;N/A;N/A;N/A;N/A;N/A;N/A;N/A;N/A;N/A;N/A;N/A;N/A;N/A;N/A;N/A;;0;445.8;0;0;;Disabled;TempStop;1;740;492.1;0;0;0;599.9;549.9;Enabled;PosOk;1;20;0;0;0;0;15;Disabled;0;0;0;0;0;0;0;0;0;0;0;0;0;0;0;0;0;0;0;0;0;0;0;0;0;0;0;0;0;0;0;0;0;0;0;0;0;0;0;0;0;0;0;0;0;0;0;0;0;0;0;0;0;0;0;0;0;0;0;0;0;0;0;0;0;0;0;0;28;20;30;24;20;45;30;24;20;45;30;30;20;45;30;29;20;45;100;0;80;300;100;0;80;300;100;266;80;300;100;266;80;300;30;32;20;45;30;29;20;45;30;26;20;45;30;28;20;45;100;237;80;300;100;235;80;300;100;0;80;300;100;0;80;300;4;2;0.4;6;4;5;0.4;6;4;2;0.4;6;4;5;0.4;6;4;2;0.4;6;4;6;0.4;6;4;2;0.4;6;4;6;0.4;6;NOK;NOK;OK;4500;4593;4250;4800;OK;7.63;0;8;12;NOK;N/A;1.9;N/A;N/A;N/A;10;13.8;7;17;OK;;0;0;0;-;Disabled;TempOk;1;230;182.4;0;0;0;349.9;440474000 audi 597g-598h;440474000 audi 597g-598h;440474000 audi 597g-598h
20260331_00:29:12;25741;4;5;965;948.5;925;1005;OK;965;966.2;925;1005;OK;968.9;968.3;-15;-12.4;-50;-5;OK;-15;-12.1;-50;-5;OK;-15.5;-14.3;0;-15;-12.4;-50;-5;OK;355;368;355;600;OK;160.99;161.45;N/A;N/A;N/A;N/A;N/A;N/A;N/A;N/A;N/A;N/A;N/A;N/A;N/A;N/A;N/A;N/A;N/A;N/A;N/A;N/A;N/A;N/A;N/A;N/A;N/A;N/A;N/A;N/A;N/A;N/A;N/A;N/A;N/A;N/A;N/A;N/A;N/A;N/A;N/A;N/A;N/A;N/A;N/A;N/A;N/A;N/A;N/A;N/A;N/A;N/A;N/A;N/A;N/A;N/A;N/A;N/A;N/A;N/A;N/A;N/A;N/A;N/A;N/A;N/A;N/A;N/A;N/A;N/A;N/A;N/A;N/A;N/A;N/A;N/A;N/A;N/A;N/A;N/A;N/A;N/A;N/A;N/A;N/A;N/A;N/A;N/A;N/A;N/A;N/A;N/A;N/A;N/A;N/A;N/A;N/A;N/A;N/A;N/A;;0;447.9;0;0;;Disabled;TempStop;1;740;494.1;0;0;0;599.9;549.9;Enabled;PosOk;1;20;0;0;0;0;15;Disabled;0;0;0;0;0;0;0;0;0;0;0;0;0;0;0;0;0;0;0;0;0;0;0;0;0;0;0;0;0;0;0;0;0;0;0;0;0;0;0;0;0;0;0;0;0;0;0;0;0;0;0;0;0;0;0;0;0;0;0;0;0;0;0;0;0;0;0;0;0;0;30;24;20;45;30;24;20;45;30;31;20;45;30;30;20;45;100;0;80;300;100;0;80;300;100;266;80;300;100;266;80;300;30;33;20;45;30;30;20;45;30;26;20;45;30;28;20;45;100;236;80;300;100;235;80;300;100;0;80;300;100;0;80;300;4;2;0.4;6;4;5;0.4;6;4;2;0.4;6;4;5;0.4;6;4;2;0.4;6;4;6;0.4;6;4;2;0.4;6;4;6;0.4;6;NOK;NOK;OK;4500;4588;4250;4800;OK;7.64;0;8;12;NOK;N/A;1.9;N/A;N/A;N/A;10;13;7;17;OK;;0;0;0;-;Disabled;TempOk;1;230;192.1;0;0;0;349.9;440474000 audi 597g-598h;440474000 audi 597g-598h;440474000 audi 597g-598h
20260331_00:29:33;25742;3;4;965;954.8;925;1005;OK;965;969.2;925;1005;OK;969.4;969.3;-20;-19.3;-50;-25;NOK;-20;-18.1;-50;-25;NOK;-21.8;-21.1;0;-20;-19.1;-50;-25;NOK;355;367;355;600;OK;0;0;N/A;N/A;N/A;N/A;N/A;N/A;N/A;N/A;N/A;N/A;N/A;N/A;N/A;N/A;N/A;N/A;N/A;N/A;N/A;N/A;N/A;N/A;N/A;N/A;N/A;N/A;N/A;N/A;N/A;N/A;N/A;N/A;N/A;N/A;N/A;N/A;N/A;N/A;N/A;N/A;N/A;N/A;N/A;N/A;N/A;N/A;N/A;N/A;N/A;N/A;N/A;N/A;N/A;N/A;N/A;N/A;N/A;N/A;N/A;N/A;N/A;N/A;N/A;N/A;N/A;N/A;N/A;N/A;N/A;N/A;N/A;N/A;N/A;N/A;N/A;N/A;N/A;N/A;N/A;N/A;N/A;N/A;N/A;N/A;N/A;N/A;N/A;N/A;N/A;N/A;N/A;N/A;N/A;N/A;N/A;N/A;N/A;N/A;;0;445.1;0;0;;Disabled;TempStop;1;740;488.6;0;0;0;599.9;549.9;Enabled;PosOk;1;20;0;0;0;0;15;Disabled;0;0;0;0;0;0;0;0;0;0;0;0;0;0;0;0;0;0;0;0;0;0;0;0;0;0;0;0;0;0;0;0;0;0;0;0;0;0;0;0;0;0;0;0;0;0;0;0;0;0;0;0;0;0;0;0;0;0;0;0;0;0;0;0;0;0;0;0;0;0;30;24;20;45;30;24;20;45;30;32;20;45;30;30;20;45;100;0;80;300;100;0;80;300;100;267;80;300;100;265;80;300;30;33;20;45;30;30;20;45;30;26;20;45;30;28;20;45;100;237;80;300;100;235;80;300;100;0;80;300;100;0;80;300;4;2;0.4;6;4;5;0.4;6;4;2;0.4;6;4;5;0.4;6;4;2;0.4;6;4;5;0.4;6;4;2;0.4;6;4;6;0.4;6;NOK;NOK;OK;4500;4594;4250;4800;OK;7.64;0;8;12;NOK;N/A;1.9;N/A;N/A;N/A;10;14.6;7;17;OK;;0;0;0;-;Disabled;TempOk;1;230;199.5;0;0;0;349.9;440474000 audi 597g-598h;440474000 audi 597g-598h;440474000 audi 597g-598h
20260331_00:29:54;25743;2;1;965;942.2;925;1005;OK;965;932.5;925;1005;OK;923.6;928.2;-15;-25.2;-50;-20;OK;-15;-25.5;-50;-20;OK;-22.1;-23.2;0;-15;-25.3;-50;-20;OK;355;394;355;600;OK;0;0;N/A;N/A;N/A;N/A;N/A;N/A;N/A;N/A;N/A;N/A;N/A;N/A;N/A;N/A;N/A;N/A;N/A;N/A;N/A;N/A;N/A;N/A;N/A;N/A;N/A;N/A;N/A;N/A;N/A;N/A;N/A;N/A;N/A;N/A;N/A;N/A;N/A;N/A;N/A;N/A;N/A;N/A;N/A;N/A;N/A;N/A;N/A;N/A;N/A;N/A;N/A;N/A;N/A;N/A;N/A;N/A;N/A;N/A;N/A;N/A;N/A;N/A;N/A;N/A;N/A;N/A;N/A;N/A;N/A;N/A;N/A;N/A;N/A;N/A;N/A;N/A;N/A;N/A;N/A;N/A;N/A;N/A;N/A;N/A;N/A;N/A;N/A;N/A;N/A;N/A;N/A;N/A;N/A;N/A;N/A;N/A;N/A;N/A;;0;438.1;0;0;;Disabled;TempStop;1;740;483.4;0;0;0;599.9;549.9;Enabled;PosOk;1;20;0;0;0;0;15;Disabled;0;0;0;0;0;0;0;0;0;0;0;0;0;0;0;0;0;0;0;0;0;0;0;0;0;0;0;0;0;0;0;0;0;0;0;0;0;0;0;0;0;0;0;0;0;0;0;0;0;0;0;0;0;0;0;0;0;0;0;0;0;0;0;0;0;0;0;0;0;0;30;24;20;45;30;24;20;45;30;32;20;45;30;30;20;45;100;0;80;300;100;0;80;300;100;266;80;300;100;266;80;300;30;33;20;45;30;30;20;45;30;26;20;45;30;28;20;45;100;238;80;300;100;235;80;300;100;0;80;300;100;0;80;300;4;2;0.4;6;4;5;0.4;6;4;2;0.4;6;4;5;0.4;6;4;2;0.4;6;4;5;0.4;6;4;2;0.4;6;4;6;0.4;6;NOK;NOK;OK;4500;4590;4250;4800;OK;7.64;0;8;12;NOK;N/A;1.9;N/A;N/A;N/A;10;12.8;7;17;OK;;0;0;0;-;Disabled;TempOk;1;230;204.7;0;0;0;349.9;440474000 audi 597g-598h;440474000 audi 597g-598h;440474000 audi 597g-598h
20260331_00:30:15;25745;3;5;965;956.9;925;1005;OK;965;959.8;925;1005;OK;955.4;958.2;-20;-24.7;-50;-25;NOK;-20;-22;-50;-25;NOK;-23.1;-23;0;-20;-24.4;-50;-25;NOK;355;367;355;600;OK;0;0;N/A;N/A;N/A;N/A;N/A;N/A;N/A;N/A;N/A;N/A;N/A;N/A;N/A;N/A;N/A;N/A;N/A;N/A;N/A;N/A;N/A;N/A;N/A;N/A;N/A;N/A;N/A;N/A;N/A;N/A;N/A;N/A;N/A;N/A;N/A;N/A;N/A;N/A;N/A;N/A;N/A;N/A;N/A;N/A;N/A;N/A;N/A;N/A;N/A;N/A;N/A;N/A;N/A;N/A;N/A;N/A;N/A;N/A;N/A;N/A;N/A;N/A;N/A;N/A;N/A;N/A;N/A;N/A;N/A;N/A;N/A;N/A;N/A;N/A;N/A;N/A;N/A;N/A;N/A;N/A;N/A;N/A;N/A;N/A;N/A;N/A;N/A;N/A;N/A;N/A;N/A;N/A;N/A;N/A;N/A;N/A;N/A;N/A;;0;448.1;0;0;;Disabled;TempStop;1;740;494.1;0;0;0;599.9;549.9;Enabled;PosOk;1;20;0;0;0;0;15;Disabled;0;0;0;0;0;0;0;0;0;0;0;0;0;0;0;0;0;0;0;0;0;0;0;0;0;0;0;0;0;0;0;0;0;0;0;0;0;0;0;0;0;0;0;0;0;0;0;0;0;0;0;0;0;0;0;0;0;0;0;0;0;0;0;0;0;0;0;0;0;0;30;24;20;45;30;24;20;45;30;32;20;45;30;30;20;45;100;0;80;300;100;0;80;300;100;267;80;300;100;267;80;300;30;33;20;45;30;30;20;45;30;26;20;45;30;28;20;45;100;238;80;300;100;235;80;300;100;0;80;300;100;0;80;300;4;2;0.4;6;4;5;0.4;6;4;2;0.4;6;4;5;0.4;6;4;2;0.4;6;4;6;0.4;6;4;2;0.4;6;4;6;0.4;6;NOK;NOK;OK;4500;4588;4250;4800;OK;7.64;0;8;12;NOK;N/A;1.9;N/A;N/A;N/A;10;14;7;17;OK;;0;0;0;-;Disabled;TempOk;1;230;203.4;0;0;0;349.9;440474000 audi 597g-598h;440474000 audi 597g-598h;440474000 audi 597g-598h
20260331_00:30:27;25747;1;1;965;923.2;925;1005;NOK;965;922.2;925;1005;NOK;915.5;919.4;-20;-17.6;-50;-25;NOK;-20;-17.2;-50;-25;NOK;-16.5;-16.8;0;-20;-17.6;-50;-25;NOK;355;367;355;600;OK;0;0;;;;;;;;;;;;;;;;;;;;;;;;;;;;;;;;;;;;;;;;;;;;;;;;;;;;;;;;;;;;;;;;;;;;;;;;;;;;;;;;;;;;;;;;;;;;;;;;;;;;;;;;;;;;;;;;;;;;;;;;;;;;;;;;;;;;;;;;;;;;;;;;;;;;;;;;;;;;;;;;;;;;;;;;;;;;;;;;;;;;;;;;;;;;;;;;;;;;;;;;;;;;;;;;;;;;;;;;;;;;;;;;;;;;;;;;;;;;;;;;;;;;;;;;;;;;;;;;;;;;;;;;;;;;;;;;;;;;;;;;;;;;;;;;;;;;;;;;;;;;;;;;;;;;;;;;;;;;;;;;;;;;;;;;440474000 audi 597g-598h;;;;
20260331_00:30:36;25744;4;1;965;959.4;925;1005;OK;965;966.2;925;1005;OK;967.1;966.1;-15;-19;-50;-5;OK;-15;-15.9;-50;-5;OK;-11.5;-12.6;0;-15;-18.9;-50;-5;OK;355;410;355;600;OK;161.05;161.58;N/A;N/A;N/A;N/A;N/A;N/A;N/A;N/A;N/A;N/A;N/A;N/A;N/A;N/A;N/A;N/A;N/A;N/A;N/A;N/A;N/A;N/A;N/A;N/A;N/A;N/A;N/A;N/A;N/A;N/A;N/A;N/A;N/A;N/A;N/A;N/A;N/A;N/A;N/A;N/A;N/A;N/A;N/A;N/A;N/A;N/A;N/A;N/A;N/A;N/A;N/A;N/A;N/A;N/A;N/A;N/A;N/A;N/A;N/A;N/A;N/A;N/A;N/A;N/A;N/A;N/A;N/A;N/A;N/A;N/A;N/A;N/A;N/A;N/A;N/A;N/A;N/A;N/A;N/A;N/A;N/A;N/A;N/A;N/A;N/A;N/A;N/A;N/A;N/A;N/A;N/A;N/A;N/A;N/A;N/A;N/A;N/A;N/A;;0;452.3;0;0;;Disabled;TempStop;1;740;497.2;0;0;0;599.9;549.9;Enabled;PosOk;1;20;0;0;0;0;15;Disabled;0;0;0;0;0;0;0;0;0;0;0;0;0;0;0;0;0;0;0;0;0;0;0;0;0;0;0;0;0;0;0;0;0;0;0;0;0;0;0;0;0;0;0;0;0;0;0;0;0;0;0;0;0;0;0;0;0;0;0;0;0;0;0;0;0;0;0;0;0;0;30;24;20;45;30;24;20;45;30;32;20;45;30;30;20;45;100;0;80;300;100;0;80;300;100;266;80;300;100;266;80;300;30;33;20;45;30;30;20;45;30;26;20;45;30;28;20;45;100;237;80;300;100;235;80;300;100;0;80;300;100;0;80;300;4;2;0.4;6;4;5;0.4;6;4;2;0.4;6;4;6;0.4;6;4;2;0.4;6;4;5;0.4;6;4;2;0.4;6;4;6;0.4;6;NOK;NOK;OK;4500;4592;4250;4800;OK;7.64;0;8;12;NOK;N/A;1.9;N/A;N/A;N/A;10;12.9;7;17;OK;;0;0;0;-;Disabled;TempOk;1;230;203.9;0;0;0;349.9;440474000 audi 597g-598h;440474000 audi 597g-598h;440474000 audi 597g-598h
20260331_00:31:19;25746;2;2;965;955.4;925;1005;OK;965;966.2;925;1005;OK;967.2;966;-15;-26.6;-50;-20;OK;-15;-26.6;-50;-20;OK;-23.8;-25.2;0;-15;-26.6;-50;-20;OK;355;368;355;600;OK;0;0;N/A;N/A;N/A;N/A;N/A;N/A;N/A;N/A;N/A;N/A;N/A;N/A;N/A;N/A;N/A;N/A;N/A;N/A;N/A;N/A;N/A;N/A;N/A;N/A;N/A;N/A;N/A;N/A;N/A;N/A;N/A;N/A;N/A;N/A;N/A;N/A;N/A;N/A;N/A;N/A;N/A;N/A;N/A;N/A;N/A;N/A;N/A;N/A;N/A;N/A;N/A;N/A;N/A;N/A;N/A;N/A;N/A;N/A;N/A;N/A;N/A;N/A;N/A;N/A;N/A;N/A;N/A;N/A;N/A;N/A;N/A;N/A;N/A;N/A;N/A;N/A;N/A;N/A;N/A;N/A;N/A;N/A;N/A;N/A;N/A;N/A;N/A;N/A;N/A;N/A;N/A;N/A;N/A;N/A;N/A;N/A;N/A;N/A;;0;448.3;0;0;;Disabled;TempStop;1;740;492.3;0;0;0;599.9;549.9;Enabled;PosOk;1;20;0;0;0;0;15;Disabled;0;0;0;0;0;0;0;0;0;0;0;0;0;0;0;0;0;0;0;0;0;0;0;0;0;0;0;0;0;0;0;0;0;0;0;0;0;0;0;0;0;0;0;0;0;0;0;0;0;0;0;0;0;0;0;0;0;0;0;0;0;0;0;0;0;0;0;0;0;0;30;24;20;45;30;24;20;45;30;31;20;45;30;29;20;45;100;0;80;300;100;0;80;300;100;266;80;300;100;265;80;300;30;32;20;45;30;29;20;45;30;26;20;45;30;28;20;45;100;237;80;300;100;235;80;300;100;0;80;300;100;0;80;300;4;2;0.4;6;4;5;0.4;6;4;2;0.4;6;4;5;0.4;6;4;2;0.4;6;4;6;0.4;6;4;2;0.4;6;4;6;0.4;6;NOK;NOK;OK;4500;4596;4250;4800;OK;7.64;0;8;12;NOK;N/A;1.9;N/A;N/A;N/A;10;12.8;7;17;OK;;0;0;0;-;Disabled;TempOk;1;230;182.1;0;0;0;349.9;440474000 audi 597g-598h;440474000 audi 597g-598h;440474000 audi 597g-598h
20260331_00:31:40;25748;3;1;965;928.3;925;1005;OK;965;928.8;925;1005;OK;922.4;926.2;-20;-19.6;-50;-25;NOK;-20;-18.5;-50;-25;NOK;-16.4;-17.5;0;-20;-19.7;-50;-25;NOK;355;367;355;600;OK;0;0;N/A;N/A;N/A;N/A;N/A;N/A;N/A;N/A;N/A;N/A;N/A;N/A;N/A;N/A;N/A;N/A;N/A;N/A;N/A;N/A;N/A;N/A;N/A;N/A;N/A;N/A;N/A;N/A;N/A;N/A;N/A;N/A;N/A;N/A;N/A;N/A;N/A;N/A;N/A;N/A;N/A;N/A;N/A;N/A;N/A;N/A;N/A;N/A;N/A;N/A;N/A;N/A;N/A;N/A;N/A;N/A;N/A;N/A;N/A;N/A;N/A;N/A;N/A;N/A;N/A;N/A;N/A;N/A;N/A;N/A;N/A;N/A;N/A;N/A;N/A;N/A;N/A;N/A;N/A;N/A;N/A;N/A;N/A;N/A;N/A;N/A;N/A;N/A;N/A;N/A;N/A;N/A;N/A;N/A;N/A;N/A;N/A;N/A;;0;435.9;0;0;;Disabled;TempStop;1;740;481.7;0;0;0;599.9;549.9;Enabled;PosOk;1;20;0;0;0;0;15;Disabled;0;0;0;0;0;0;0;0;0;0;0;0;0;0;0;0;0;0;0;0;0;0;0;0;0;0;0;0;0;0;0;0;0;0;0;0;0;0;0;0;0;0;0;0;0;0;0;0;0;0;0;0;0;0;0;0;0;0;0;0;0;0;0;0;0;0;0;0;0;0;30;24;20;45;30;24;20;45;30;31;20;45;30;29;20;45;100;0;80;300;100;0;80;300;100;266;80;300;100;266;80;300;30;32;20;45;30;29;20;45;30;26;20;45;30;28;20;45;100;238;80;300;100;235;80;300;100;0;80;300;100;0;80;300;4;2;0.4;6;4;5;0.4;6;4;2;0.4;6;4;5;0.4;6;4;2;0.4;6;4;5;0.4;6;4;2;0.4;6;4;5;0.4;6;NOK;NOK;OK;4500;4592;4250;4800;OK;7.64;0;8;12;NOK;N/A;1.9;N/A;N/A;N/A;10;14;7;17;OK;;0;0;0;-;Disabled;TempOk;1;230;200.2;0;0;0;349.9;440474000 audi 597g-598h;440474000 audi 597g-598h;440474000 audi 597g-598h
20260331_00:32:01;25749;4;2;965;965.5;925;1005;OK;965;973.4;925;1005;OK;972.7;973.3;-15;-19;-50;-5;OK;-15;-13.3;-50;-5;OK;-13.2;-13.6;0;-15;-18.9;-50;-5;OK;355;368;355;600;OK;161.22;161.71;N/A;N/A;N/A;N/A;N/A;N/A;N/A;N/A;N/A;N/A;N/A;N/A;N/A;N/A;N/A;N/A;N/A;N/A;N/A;N/A;N/A;N/A;N/A;N/A;N/A;N/A;N/A;N/A;N/A;N/A;N/A;N/A;N/A;N/A;N/A;N/A;N/A;N/A;N/A;N/A;N/A;N/A;N/A;N/A;N/A;N/A;N/A;N/A;N/A;N/A;N/A;N/A;N/A;N/A;N/A;N/A;N/A;N/A;N/A;N/A;N/A;N/A;N/A;N/A;N/A;N/A;N/A;N/A;N/A;N/A;N/A;N/A;N/A;N/A;N/A;N/A;N/A;N/A;N/A;N/A;N/A;N/A;N/A;N/A;N/A;N/A;N/A;N/A;N/A;N/A;N/A;N/A;N/A;N/A;N/A;N/A;N/A;N/A;;0;454.7;0;0;;Disabled;TempStop;1;740;500.4;0;0;0;599.9;549.9;Enabled;PosOk;1;20;0;0;0;0;15;Disabled;0;0;0;0;0;0;0;0;0;0;0;0;0;0;0;0;0;0;0;0;0;0;0;0;0;0;0;0;0;0;0;0;0;0;0;0;0;0;0;0;0;0;0;0;0;0;0;0;0;0;0;0;0;0;0;0;0;0;0;0;0;0;0;0;0;0;0;0;0;0;30;24;20;45;30;24;20;45;30;31;20;45;30;29;20;45;100;0;80;300;100;0;80;300;100;267;80;300;100;266;80;300;30;32;20;45;30;29;20;45;30;26;20;45;30;28;20;45;100;237;80;300;100;235;80;300;100;0;80;300;100;0;80;300;4;2;0.4;6;4;6;0.4;6;4;2;0.4;6;4;5;0.4;6;4;2;0.4;6;4;6;0.4;6;4;2;0.4;6;4;6;0.4;6;NOK;NOK;OK;4500;4593;4250;4800;OK;7.64;0;8;12;NOK;N/A;1.9;N/A;N/A;N/A;10;12.9;7;17;OK;;0;0;0;-;Disabled;TempOk;1;230;201.1;0;0;0;349.9;440474000 audi 597g-598h;440474000 audi 597g-598h;440474000 audi 597g-598h
20260331_00:32:22;25750;1;2;965;945.4;925;1005;OK;965;947.3;925;1005;OK;941.9;945;-20;-15.3;-50;-25;NOK;-20;-15.6;-50;-25;NOK;-17;-17.3;0;-20;-15.2;-50;-25;NOK;355;367;355;600;OK;0;0;N/A;N/A;N/A;N/A;N/A;N/A;N/A;N/A;N/A;N/A;N/A;N/A;N/A;N/A;N/A;N/A;N/A;N/A;N/A;N/A;N/A;N/A;N/A;N/A;N/A;N/A;N/A;N/A;N/A;N/A;N/A;N/A;N/A;N/A;N/A;N/A;N/A;N/A;N/A;N/A;N/A;N/A;N/A;N/A;N/A;N/A;N/A;N/A;N/A;N/A;N/A;N/A;N/A;N/A;N/A;N/A;N/A;N/A;N/A;N/A;N/A;N/A;N/A;N/A;N/A;N/A;N/A;N/A;N/A;N/A;N/A;N/A;N/A;N/A;N/A;N/A;N/A;N/A;N/A;N/A;N/A;N/A;N/A;N/A;N/A;N/A;N/A;N/A;N/A;N/A;N/A;N/A;N/A;N/A;N/A;N/A;N/A;N/A;;0;447.7;0;0;;Disabled;TempStop;1;740;492.4;0;0;0;599.9;549.9;Enabled;PosOk;1;20;0;0;0;0;15;Disabled;0;0;0;0;0;0;0;0;0;0;0;0;0;0;0;0;0;0;0;0;0;0;0;0;0;0;0;0;0;0;0;0;0;0;0;0;0;0;0;0;0;0;0;0;0;0;0;0;0;0;0;0;0;0;0;0;0;0;0;0;0;0;0;0;0;0;0;0;0;0;30;23;20;45;30;24;20;45;30;31;20;45;30;29;20;45;100;0;80;300;100;0;80;300;100;266;80;300;100;266;80;300;30;32;20;45;30;29;20;45;30;26;20;45;30;28;20;45;100;237;80;300;100;235;80;300;100;0;80;300;100;0;80;300;4;2;0.4;6;4;5;0.4;6;4;2;0.4;6;4;5;0.4;6;4;2;0.4;6;4;6;0.4;6;4;2;0.4;6;4;6;0.4;6;NOK;NOK;OK;4500;4591;4250;4800;OK;7.64;0;8;12;NOK;N/A;1.9;N/A;N/A;N/A;10;13.9;7;17;OK;;0;0;0;-;Disabled;TempOk;1;230;202.7;0;0;0;349.9;440474000 audi 597g-598h;440474000 audi 597g-598h;440474000 audi 597g-598h
20260331_00:32:43;25751;4;3;965;960.6;925;1005;OK;965;972.5;925;1005;OK;970.9;971.7;-15;-19;-50;-5;OK;-15;-15.4;-50;-5;OK;-16.3;-16.2;0;-15;-18.9;-50;-5;OK;355;368;355;600;OK;161.27;161.78;N/A;N/A;N/A;N/A;N/A;N/A;N/A;N/A;N/A;N/A;N/A;N/A;N/A;N/A;N/A;N/A;N/A;N/A;N/A;N/A;N/A;N/A;N/A;N/A;N/A;N/A;N/A;N/A;N/A;N/A;N/A;N/A;N/A;N/A;N/A;N/A;N/A;N/A;N/A;N/A;N/A;N/A;N/A;N/A;N/A;N/A;N/A;N/A;N/A;N/A;N/A;N/A;N/A;N/A;N/A;N/A;N/A;N/A;N/A;N/A;N/A;N/A;N/A;N/A;N/A;N/A;N/A;N/A;N/A;N/A;N/A;N/A;N/A;N/A;N/A;N/A;N/A;N/A;N/A;N/A;N/A;N/A;N/A;N/A;N/A;N/A;N/A;N/A;N/A;N/A;N/A;N/A;N/A;N/A;N/A;N/A;N/A;N/A;;0;447.5;0;0;;Disabled;TempStop;1;740;494.8;0;0;0;599.9;549.9;Enabled;PosOk;1;20;0;0;0;0;15;Disabled;0;0;0;0;0;0;0;0;0;0;0;0;0;0;0;0;0;0;0;0;0;0;0;0;0;0;0;0;0;0;0;0;0;0;0;0;0;0;0;0;0;0;0;0;0;0;0;0;0;0;0;0;0;0;0;0;0;0;0;0;0;0;0;0;0;0;0;0;0;0;30;24;20;45;30;24;20;45;30;31;20;45;30;29;20;45;100;0;80;300;100;0;80;300;100;266;80;300;100;266;80;300;30;33;20;45;30;29;20;45;30;26;20;45;30;28;20;45;100;238;80;300;100;235;80;300;100;0;80;300;100;0;80;300;4;2;0.4;6;4;5;0.4;6;4;2;0.4;6;4;5;0.4;6;4;2;0.4;6;4;5;0.4;6;4;2;0.4;6;4;6;0.4;6;NOK;NOK;OK;4500;4588;4250;4800;OK;7.64;0;8;12;NOK;N/A;1.9;N/A;N/A;N/A;10;12.8;7;17;OK;;0;0;0;-;Disabled;TempOk;1;230;199.5;0;0;0;349.9;440474000 audi 597g-598h;440474000 audi 597g-598h;440474000 audi 597g-598h
20260331_00:33:04;25752;3;2;965;949.7;925;1005;OK;965;949.3;925;1005;OK;943.6;947;-20;-19.4;-50;-25;NOK;-20;-19.3;-50;-25;NOK;-19;-20;0;-20;-19.2;-50;-25;NOK;355;367;355;600;OK;0;0;N/A;N/A;N/A;N/A;N/A;N/A;N/A;N/A;N/A;N/A;N/A;N/A;N/A;N/A;N/A;N/A;N/A;N/A;N/A;N/A;N/A;N/A;N/A;N/A;N/A;N/A;N/A;N/A;N/A;N/A;N/A;N/A;N/A;N/A;N/A;N/A;N/A;N/A;N/A;N/A;N/A;N/A;N/A;N/A;N/A;N/A;N/A;N/A;N/A;N/A;N/A;N/A;N/A;N/A;N/A;N/A;N/A;N/A;N/A;N/A;N/A;N/A;N/A;N/A;N/A;N/A;N/A;N/A;N/A;N/A;N/A;N/A;N/A;N/A;N/A;N/A;N/A;N/A;N/A;N/A;N/A;N/A;N/A;N/A;N/A;N/A;N/A;N/A;N/A;N/A;N/A;N/A;N/A;N/A;N/A;N/A;N/A;N/A;;0;446.2;0;0;;Disabled;TempStop;1;740;492.8;0;0;0;599.9;549.9;Enabled;PosOk;1;20;0;0;0;0;15;Disabled;0;0;0;0;0;0;0;0;0;0;0;0;0;0;0;0;0;0;0;0;0;0;0;0;0;0;0;0;0;0;0;0;0;0;0;0;0;0;0;0;0;0;0;0;0;0;0;0;0;0;0;0;0;0;0;0;0;0;0;0;0;0;0;0;0;0;0;0;0;0;30;24;20;45;30;24;20;45;30;32;20;45;30;29;20;45;100;0;80;300;100;0;80;300;100;266;80;300;100;266;80;300;30;33;20;45;30;29;20;45;30;26;20;45;30;28;20;45;100;237;80;300;100;235;80;300;100;0;80;300;100;0;80;300;4;2;0.4;6;4;5;0.4;6;4;2;0.4;6;4;5;0.4;6;4;2;0.4;6;4;5;0.4;6;4;2;0.4;6;4;6;0.4;6;NOK;NOK;OK;4500;4588;4250;4800;OK;7.64;0;8;12;NOK;N/A;1.9;N/A;N/A;N/A;10;14.2;7;17;OK;;0;0;0;-;Disabled;TempOk;1;230;201.1;0;0;0;349.9;440474000 audi 597g-598h;440474000 audi 597g-598h;440474000 audi 597g-598h
20260331_00:33:25;25753;2;4;965;954.2;925;1005;OK;965;956.3;925;1005;OK;955.1;956;-15;-34.1;-50;-20;OK;-15;-31.9;-50;-20;OK;-27.5;-29.5;0;-15;-34.3;-50;-20;OK;355;368;355;600;OK;0;0;N/A;N/A;N/A;N/A;N/A;N/A;N/A;N/A;N/A;N/A;N/A;N/A;N/A;N/A;N/A;N/A;N/A;N/A;N/A;N/A;N/A;N/A;N/A;N/A;N/A;N/A;N/A;N/A;N/A;N/A;N/A;N/A;N/A;N/A;N/A;N/A;N/A;N/A;N/A;N/A;N/A;N/A;N/A;N/A;N/A;N/A;N/A;N/A;N/A;N/A;N/A;N/A;N/A;N/A;N/A;N/A;N/A;N/A;N/A;N/A;N/A;N/A;N/A;N/A;N/A;N/A;N/A;N/A;N/A;N/A;N/A;N/A;N/A;N/A;N/A;N/A;N/A;N/A;N/A;N/A;N/A;N/A;N/A;N/A;N/A;N/A;N/A;N/A;N/A;N/A;N/A;N/A;N/A;N/A;N/A;N/A;N/A;N/A;;0;454.8;0;0;;Disabled;TempStop;1;740;501;0;0;0;599.9;549.9;Enabled;PosOk;1;20;0;0;0;0;15;Disabled;0;0;0;0;0;0;0;0;0;0;0;0;0;0;0;0;0;0;0;0;0;0;0;0;0;0;0;0;0;0;0;0;0;0;0;0;0;0;0;0;0;0;0;0;0;0;0;0;0;0;0;0;0;0;0;0;0;0;0;0;0;0;0;0;0;0;0;0;0;0;30;24;20;45;30;24;20;45;30;32;20;45;30;30;20;45;100;0;80;300;100;0;80;300;100;266;80;300;100;265;80;300;30;33;20;45;30;30;20;45;30;26;20;45;30;28;20;45;100;237;80;300;100;235;80;300;100;0;80;300;100;0;80;300;4;2;0.4;6;4;5;0.4;6;4;2;0.4;6;4;5;0.4;6;4;2;0.4;6;4;5;0.4;6;4;2;0.4;6;4;6;0.4;6;NOK;NOK;OK;4500;4586;4250;4800;OK;7.64;0;8;12;NOK;N/A;1.9;N/A;N/A;N/A;10;12.9;7;17;OK;;0;0;0;-;Disabled;TempOk;1;230;203.8;0;0;0;349.9;440474000 audi 597g-598h;440474000 audi 597g-598h;440474000 audi 597g-598h
20260331_00:33:47;25754;1;3;965;959.1;925;1005;OK;965;972.4;925;1005;OK;972.2;972.4;-20;-14.8;-50;-25;NOK;-20;-15.4;-50;-25;NOK;-18.2;-18;0;-20;-14.8;-50;-25;NOK;355;367;355;600;OK;0;0;N/A;N/A;N/A;N/A;N/A;N/A;N/A;N/A;N/A;N/A;N/A;N/A;N/A;N/A;N/A;N/A;N/A;N/A;N/A;N/A;N/A;N/A;N/A;N/A;N/A;N/A;N/A;N/A;N/A;N/A;N/A;N/A;N/A;N/A;N/A;N/A;N/A;N/A;N/A;N/A;N/A;N/A;N/A;N/A;N/A;N/A;N/A;N/A;N/A;N/A;N/A;N/A;N/A;N/A;N/A;N/A;N/A;N/A;N/A;N/A;N/A;N/A;N/A;N/A;N/A;N/A;N/A;N/A;N/A;N/A;N/A;N/A;N/A;N/A;N/A;N/A;N/A;N/A;N/A;N/A;N/A;N/A;N/A;N/A;N/A;N/A;N/A;N/A;N/A;N/A;N/A;N/A;N/A;N/A;N/A;N/A;N/A;N/A;;0;452;0;0;;Disabled;TempStop;1;740;498.4;0;0;0;599.9;549.9;Enabled;PosOk;1;20;0;0;0;0;15;Disabled;0;0;0;0;0;0;0;0;0;0;0;0;0;0;0;0;0;0;0;0;0;0;0;0;0;0;0;0;0;0;0;0;0;0;0;0;0;0;0;0;0;0;0;0;0;0;0;0;0;0;0;0;0;0;0;0;0;0;0;0;0;0;0;0;0;0;0;0;0;0;30;24;20;45;30;24;20;45;30;32;20;45;30;30;20;45;100;0;80;300;100;0;80;300;100;266;80;300;100;266;80;300;30;33;20;45;30;30;20;45;30;26;20;45;30;28;20;45;100;237;80;300;100;235;80;300;100;0;80;300;100;0;80;300;4;2;0.4;6;4;5;0.4;6;4;2;0.4;6;4;5;0.4;6;4;2;0.4;6;4;6;0.4;6;4;2;0.4;6;4;6;0.4;6;NOK;NOK;OK;4500;4588;4250;4800;OK;7.64;0;8;12;NOK;N/A;1.9;N/A;N/A;N/A;10;14;7;17;OK;;0;0;0;-;Disabled;TempOk;1;230;199.3;0;0;0;349.9;440474000 audi 597g-598h;440474000 audi 597g-598h;440474000 audi 597g-598h
20260331_00:34:08;25755;4;4;965;951.3;925;1005;OK;965;969.9;925;1005;OK;964.4;967.4;-15;-9.7;-50;-5;OK;-15;-9.2;-50;-5;OK;-14.5;-12.7;0;-15;-9.8;-50;-5;OK;355;368;355;600;OK;161.38;161.93;N/A;N/A;N/A;N/A;N/A;N/A;N/A;N/A;N/A;N/A;N/A;N/A;N/A;N/A;N/A;N/A;N/A;N/A;N/A;N/A;N/A;N/A;N/A;N/A;N/A;N/A;N/A;N/A;N/A;N/A;N/A;N/A;N/A;N/A;N/A;N/A;N/A;N/A;N/A;N/A;N/A;N/A;N/A;N/A;N/A;N/A;N/A;N/A;N/A;N/A;N/A;N/A;N/A;N/A;N/A;N/A;N/A;N/A;N/A;N/A;N/A;N/A;N/A;N/A;N/A;N/A;N/A;N/A;N/A;N/A;N/A;N/A;N/A;N/A;N/A;N/A;N/A;N/A;N/A;N/A;N/A;N/A;N/A;N/A;N/A;N/A;N/A;N/A;N/A;N/A;N/A;N/A;N/A;N/A;N/A;N/A;N/A;N/A;;0;444.3;0;0;;Disabled;TempStop;1;740;489.9;0;0;0;599.9;549.9;Enabled;PosOk;1;20;0;0;0;0;15;Disabled;0;0;0;0;0;0;0;0;0;0;0;0;0;0;0;0;0;0;0;0;0;0;0;0;0;0;0;0;0;0;0;0;0;0;0;0;0;0;0;0;0;0;0;0;0;0;0;0;0;0;0;0;0;0;0;0;0;0;0;0;0;0;0;0;0;0;0;0;0;0;30;24;20;45;30;24;20;45;30;32;20;45;30;30;20;45;100;1;80;300;100;0;80;300;100;267;80;300;100;266;80;300;30;33;20;45;30;30;20;45;30;26;20;45;30;28;20;45;100;237;80;300;100;235;80;300;100;0;80;300;100;0;80;300;4;2;0.4;6;4;5;0.4;6;4;2;0.4;6;4;5;0.4;6;4;2;0.4;6;4;5;0.4;6;4;2;0.4;6;4;5;0.4;6;NOK;NOK;OK;4500;4588;4250;4800;OK;7.64;0;8;12;NOK;N/A;1.9;N/A;N/A;N/A;10;12.7;7;17;OK;;0;0;0;-;Disabled;TempOk;1;230;202.1;0;0;0;349.9;440474000 audi 597g-598h;440474000 audi 597g-598h;440474000 audi 597g-598h
20260331_00:34:29;25756;3;3;965;957.2;925;1005;OK;965;971.1;925;1005;OK;971.2;971.3;-20;-19.1;-50;-25;NOK;-20;-18.5;-50;-25;NOK;-17.3;-18.1;0;-20;-19;-50;-25;NOK;355;367;355;600;OK;0;0;N/A;N/A;N/A;N/A;N/A;N/A;N/A;N/A;N/A;N/A;N/A;N/A;N/A;N/A;N/A;N/A;N/A;N/A;N/A;N/A;N/A;N/A;N/A;N/A;N/A;N/A;N/A;N/A;N/A;N/A;N/A;N/A;N/A;N/A;N/A;N/A;N/A;N/A;N/A;N/A;N/A;N/A;N/A;N/A;N/A;N/A;N/A;N/A;N/A;N/A;N/A;N/A;N/A;N/A;N/A;N/A;N/A;N/A;N/A;N/A;N/A;N/A;N/A;N/A;N/A;N/A;N/A;N/A;N/A;N/A;N/A;N/A;N/A;N/A;N/A;N/A;N/A;N/A;N/A;N/A;N/A;N/A;N/A;N/A;N/A;N/A;N/A;N/A;N/A;N/A;N/A;N/A;N/A;N/A;N/A;N/A;N/A;N/A;;0;450.9;0;0;;Disabled;TempStop;1;740;496.3;0;0;0;599.9;549.9;Enabled;PosOk;1;20;0;0;0;0;15;Disabled;0;0;0;0;0;0;0;0;0;0;0;0;0;0;0;0;0;0;0;0;0;0;0;0;0;0;0;0;0;0;0;0;0;0;0;0;0;0;0;0;0;0;0;0;0;0;0;0;0;0;0;0;0;0;0;0;0;0;0;0;0;0;0;0;0;0;0;0;0;0;30;24;20;45;30;24;20;45;30;32;20;45;30;30;20;45;100;0;80;300;100;0;80;300;100;266;80;300;100;265;80;300;30;34;20;45;30;30;20;45;30;26;20;45;30;28;20;45;100;238;80;300;100;235;80;300;100;0;80;300;100;0;80;300;4;2;0.4;6;4;5;0.4;6;4;2;0.4;6;4;5;0.4;6;4;2;0.4;6;4;5;0.4;6;4;2;0.4;6;4;6;0.4;6;NOK;NOK;OK;4500;4588;4250;4800;OK;7.64;0;8;12;NOK;N/A;1.9;N/A;N/A;N/A;10;14.1;7;17;OK;;0;0;0;-;Disabled;TempOk;1;230;199.3;0;0;0;349.9;440474000 audi 597g-598h;440474000 audi 597g-598h;440474000 audi 597g-598h
20260331_00:35:11;25758;1;4;965;953.1;925;1005;OK;965;966.5;925;1005;OK;966.5;966.6;-20;-13.6;-50;-25;NOK;-20;-13.8;-50;-25;NOK;-16.8;-16.3;0;-20;-13.5;-50;-25;NOK;355;367;355;600;OK;0;0;N/A;N/A;N/A;N/A;N/A;N/A;N/A;N/A;N/A;N/A;N/A;N/A;N/A;N/A;N/A;N/A;N/A;N/A;N/A;N/A;N/A;N/A;N/A;N/A;N/A;N/A;N/A;N/A;N/A;N/A;N/A;N/A;N/A;N/A;N/A;N/A;N/A;N/A;N/A;N/A;N/A;N/A;N/A;N/A;N/A;N/A;N/A;N/A;N/A;N/A;N/A;N/A;N/A;N/A;N/A;N/A;N/A;N/A;N/A;N/A;N/A;N/A;N/A;N/A;N/A;N/A;N/A;N/A;N/A;N/A;N/A;N/A;N/A;N/A;N/A;N/A;N/A;N/A;N/A;N/A;N/A;N/A;N/A;N/A;N/A;N/A;N/A;N/A;N/A;N/A;N/A;N/A;N/A;N/A;N/A;N/A;N/A;N/A;;0;445.9;0;0;;Disabled;TempStop;1;740;492.1;0;0;0;599.9;549.9;Enabled;PosOk;1;20;0;0;0;0;15;Disabled;0;0;0;0;0;0;0;0;0;0;0;0;0;0;0;0;0;0;0;0;0;0;0;0;0;0;0;0;0;0;0;0;0;0;0;0;0;0;0;0;0;0;0;0;0;0;0;0;0;0;0;0;0;0;0;0;0;0;0;0;0;0;0;0;0;0;0;0;34;40;30;24;20;45;30;24;20;45;30;31;20;45;30;30;20;45;100;0;80;300;100;0;80;300;100;267;80;300;100;266;80;300;30;32;20;45;30;30;20;45;30;26;20;45;30;28;20;45;100;237;80;300;100;236;80;300;100;0;80;300;100;0;80;300;4;2;0.4;6;4;5;0.4;6;4;2;0.4;6;4;5;0.4;6;4;2;0.4;6;4;5;0.4;6;4;2;0.4;6;4;6;0.4;6;NOK;NOK;OK;4500;4595;4250;4800;OK;7.63;0;8;12;NOK;N/A;1.9;N/A;N/A;N/A;10;14;7;17;OK;;0;0;0;-;Disabled;TempOk;1;230;181.1;0;0;0;349.9;440474000 audi 597g-598h;440474000 audi 597g-598h;440474000 audi 597g-598h
20260331_00:35:32;25757;4;5;965;951.4;925;1005;OK;965;959.8;925;1005;OK;960;960.6;-15;-11.7;-50;-5;OK;-15;-14.3;-50;-5;OK;-15.6;-15.2;0;-15;-11.7;-50;-5;OK;355;368;355;600;OK;161.47;162.06;N/A;N/A;N/A;N/A;N/A;N/A;N/A;N/A;N/A;N/A;N/A;N/A;N/A;N/A;N/A;N/A;N/A;N/A;N/A;N/A;N/A;N/A;N/A;N/A;N/A;N/A;N/A;N/A;N/A;N/A;N/A;N/A;N/A;N/A;N/A;N/A;N/A;N/A;N/A;N/A;N/A;N/A;N/A;N/A;N/A;N/A;N/A;N/A;N/A;N/A;N/A;N/A;N/A;N/A;N/A;N/A;N/A;N/A;N/A;N/A;N/A;N/A;N/A;N/A;N/A;N/A;N/A;N/A;N/A;N/A;N/A;N/A;N/A;N/A;N/A;N/A;N/A;N/A;N/A;N/A;N/A;N/A;N/A;N/A;N/A;N/A;N/A;N/A;N/A;N/A;N/A;N/A;N/A;N/A;N/A;N/A;N/A;N/A;;0;452.6;0;0;;Disabled;TempStop;1;740;498.6;0;0;0;599.9;549.9;Enabled;PosOk;1;20;0;0;0;0;15;Disabled;0;0;0;0;0;0;0;0;0;0;0;0;0;0;0;0;0;0;0;0;0;0;0;0;0;0;0;0;0;0;0;0;0;0;0;0;0;0;0;0;0;0;0;0;0;0;0;0;0;0;0;0;0;0;0;0;0;0;0;0;0;0;0;0;0;0;0;0;0;0;30;24;20;45;30;24;20;45;30;32;20;45;30;30;20;45;100;0;80;300;100;0;80;300;100;267;80;300;100;266;80;300;30;33;20;45;30;30;20;45;30;26;20;45;30;28;20;45;100;237;80;300;100;235;80;300;100;0;80;300;100;0;80;300;4;2;0.4;6;4;5;0.4;6;4;2;0.4;6;4;5;0.4;6;4;2;0.4;6;4;6;0.4;6;4;2;0.4;6;4;6;0.4;6;NOK;NOK;OK;4500;4592;4250;4800;OK;7.64;0;8;12;NOK;N/A;1.9;N/A;N/A;N/A;10;12.9;7;17;OK;;0;0;0;-;Disabled;TempOk;1;230;193.7;0;0;0;349.9;440474000 audi 597g-598h;440474000 audi 597g-598h;440474000 audi 597g-598h
20260331_00:35:45;25760;2;1;965;923;925;1005;NOK;965;922.9;925;1005;NOK;912.7;918.6;-15;-25.9;-50;-20;OK;-15;-23;-50;-20;OK;-20.4;-21.5;0;-15;-26;-50;-20;OK;355;368;355;600;OK;0;0;;;;;;;;;;;;;;;;;;;;;;;;;;;;;;;;;;;;;;;;;;;;;;;;;;;;;;;;;;;;;;;;;;;;;;;;;;;;;;;;;;;;;;;;;;;;;;;;;;;;;;;;;;;;;;;;;;;;;;;;;;;;;;;;;;;;;;;;;;;;;;;;;;;;;;;;;;;;;;;;;;;;;;;;;;;;;;;;;;;;;;;;;;;;;;;;;;;;;;;;;;;;;;;;;;;;;;;;;;;;;;;;;;;;;;;;;;;;;;;;;;;;;;;;;;;;;;;;;;;;;;;;;;;;;;;;;;;;;;;;;;;;;;;;;;;;;;;;;;;;;;;;;;;;;;;;;;;;;;;;;;;;;;;;440474000 audi 597g-598h;;;;
20260331_00:35:53;25759;3;4;965;956.9;925;1005;OK;965;961;925;1005;OK;957.8;959.8;-20;-17.3;-50;-25;NOK;-20;-17.5;-50;-25;NOK;-20.9;-20.6;0;-20;-17.1;-50;-25;NOK;355;367;355;600;OK;0;0;N/A;N/A;N/A;N/A;N/A;N/A;N/A;N/A;N/A;N/A;N/A;N/A;N/A;N/A;N/A;N/A;N/A;N/A;N/A;N/A;N/A;N/A;N/A;N/A;N/A;N/A;N/A;N/A;N/A;N/A;N/A;N/A;N/A;N/A;N/A;N/A;N/A;N/A;N/A;N/A;N/A;N/A;N/A;N/A;N/A;N/A;N/A;N/A;N/A;N/A;N/A;N/A;N/A;N/A;N/A;N/A;N/A;N/A;N/A;N/A;N/A;N/A;N/A;N/A;N/A;N/A;N/A;N/A;N/A;N/A;N/A;N/A;N/A;N/A;N/A;N/A;N/A;N/A;N/A;N/A;N/A;N/A;N/A;N/A;N/A;N/A;N/A;N/A;N/A;N/A;N/A;N/A;N/A;N/A;N/A;N/A;N/A;N/A;;0;444.1;0;0;;Disabled;TempStop;1;740;486.9;0;0;0;599.9;549.9;Enabled;PosOk;1;20;0;0;0;0;15;Disabled;0;0;0;0;0;0;0;0;0;0;0;0;0;0;0;0;0;0;0;0;0;0;0;0;0;0;0;0;0;0;0;0;0;0;0;0;0;0;0;0;0;0;0;0;0;0;0;0;0;0;0;0;0;0;0;0;0;0;0;0;0;0;0;0;0;0;0;0;0;0;30;23;20;45;30;24;20;45;30;32;20;45;30;30;20;45;100;0;80;300;100;0;80;300;100;266;80;300;100;266;80;300;30;33;20;45;30;30;20;45;30;26;20;45;30;28;20;45;100;237;80;300;100;235;80;300;100;0;80;300;100;0;80;300;4;2;0.4;6;4;5;0.4;6;4;2;0.4;6;4;5;0.4;6;4;2;0.4;6;4;5;0.4;6;4;2;0.4;6;4;6;0.4;6;NOK;NOK;OK;4500;4591;4250;4800;OK;7.64;0;8;12;NOK;N/A;1.9;N/A;N/A;N/A;10;14.6;7;17;OK;;0;0;0;-;Disabled;TempOk;1;230;198.5;0;0;0;349.9;440474000 audi 597g-598h;440474000 audi 597g-598h;440474000 audi 597g-598h
20260331_00:36:36;25761;3;5;965;951.7;925;1005;OK;965;939.5;925;1005;OK;926.5;934.1;-20;-21.4;-50;-25;NOK;-20;-21;-50;-25;NOK;-22.1;-22;0;-20;-21.2;-50;-25;NOK;355;367;355;600;OK;0;0;N/A;N/A;N/A;N/A;N/A;N/A;N/A;N/A;N/A;N/A;N/A;N/A;N/A;N/A;N/A;N/A;N/A;N/A;N/A;N/A;N/A;N/A;N/A;N/A;N/A;N/A;N/A;N/A;N/A;N/A;N/A;N/A;N/A;N/A;N/A;N/A;N/A;N/A;N/A;N/A;N/A;N/A;N/A;N/A;N/A;N/A;N/A;N/A;N/A;N/A;N/A;N/A;N/A;N/A;N/A;N/A;N/A;N/A;N/A;N/A;N/A;N/A;N/A;N/A;N/A;N/A;N/A;N/A;N/A;N/A;N/A;N/A;N/A;N/A;N/A;N/A;N/A;N/A;N/A;N/A;N/A;N/A;N/A;N/A;N/A;N/A;N/A;N/A;N/A;N/A;N/A;N/A;N/A;N/A;N/A;N/A;N/A;N/A;;0;436.5;0;0;;Disabled;TempStop;1;740;481.9;0;0;0;599.9;549.9;Enabled;PosOk;1;20;0;0;0;0;15;Disabled;0;0;0;0;0;0;0;0;0;0;0;0;0;0;0;0;0;0;0;0;0;0;0;0;0;0;0;0;0;0;0;0;0;0;0;0;0;0;0;0;0;0;0;0;0;0;0;0;0;0;0;0;0;0;0;0;0;0;0;0;0;0;0;0;0;0;0;0;0;0;30;24;20;45;30;24;20;45;30;31;20;45;30;30;20;45;100;0;80;300;100;0;80;300;100;267;80;300;100;266;80;300;30;32;20;45;30;30;20;45;30;26;20;45;30;28;20;45;100;237;80;300;100;235;80;300;100;0;80;300;100;0;80;300;4;2;0.4;6;4;5;0.4;6;4;2;0.4;6;4;5;0.4;6;4;2;0.4;6;4;6;0.4;6;4;2;0.4;6;4;6;0.4;6;NOK;NOK;OK;4500;4592;4250;4800;OK;7.63;0;8;12;NOK;N/A;1.9;N/A;N/A;N/A;10;13.9;7;17;OK;;0;0;0;-;Disabled;TempOk;1;230;184.8;0;0;0;349.9;440474000 audi 597g-598h;440474000 audi 597g-598h;440474000 audi 597g-598h
20260331_00:36:57;25762;4;1;965;950.1;925;1005;OK;965;973.5;925;1005;OK;971.7;972.7;-15;-16.4;-50;-5;OK;-15;-15.1;-50;-5;OK;-17.9;-16.7;0;-15;-16.5;-50;-5;OK;355;368;355;600;OK;161.6;162.18;N/A;N/A;N/A;N/A;N/A;N/A;N/A;N/A;N/A;N/A;N/A;N/A;N/A;N/A;N/A;N/A;N/A;N/A;N/A;N/A;N/A;N/A;N/A;N/A;N/A;N/A;N/A;N/A;N/A;N/A;N/A;N/A;N/A;N/A;N/A;N/A;N/A;N/A;N/A;N/A;N/A;N/A;N/A;N/A;N/A;N/A;N/A;N/A;N/A;N/A;N/A;N/A;N/A;N/A;N/A;N/A;N/A;N/A;N/A;N/A;N/A;N/A;N/A;N/A;N/A;N/A;N/A;N/A;N/A;N/A;N/A;N/A;N/A;N/A;N/A;N/A;N/A;N/A;N/A;N/A;N/A;N/A;N/A;N/A;N/A;N/A;N/A;N/A;N/A;N/A;N/A;N/A;N/A;N/A;N/A;N/A;N/A;N/A;;0;445.5;0;0;;Disabled;TempStop;1;740;488.8;0;0;0;599.9;549.9;Enabled;PosOk;1;20;0;0;0;0;15;Disabled;0;0;0;0;0;0;0;0;0;0;0;0;0;0;0;0;0;0;0;0;0;0;0;0;0;0;0;0;0;0;0;0;0;0;0;0;0;0;0;0;0;0;0;0;0;0;0;0;0;0;0;0;0;0;0;0;0;0;0;0;0;0;0;0;0;0;0;0;0;0;30;24;20;45;30;24;20;45;30;32;20;45;30;30;20;45;100;0;80;300;100;0;80;300;100;267;80;300;100;266;80;300;30;33;20;45;30;30;20;45;30;26;20;45;30;28;20;45;100;237;80;300;100;235;80;300;100;0;80;300;100;0;80;300;4;2;0.4;6;4;5;0.4;6;4;2;0.4;6;4;5;0.4;6;4;2;0.4;6;4;6;0.4;6;4;2;0.4;6;4;6;0.4;6;NOK;NOK;OK;4500;4588;4250;4800;OK;7.64;0;8;12;NOK;N/A;1.9;N/A;N/A;N/A;10;12.9;7;17;OK;;0;0;0;-;Disabled;TempOk;1;230;191.6;0;0;0;349.9;440474000 audi 597g-598h;440474000 audi 597g-598h;440474000 audi 597g-598h
20260331_00:37:29;25763;3;1;965;918.2;925;1005;NOK;965;918.7;925;1005;NOK;910.7;915.5;-20;-18.8;-50;-25;NOK;-20;-18.2;-50;-25;NOK;-16.2;-17.1;0;-20;-18.9;-50;-25;NOK;355;367;355;600;OK;0;0;;;;;;;;;;;;;;;;;;;;;;;;;;;;;;;;;;;;;;;;;;;;;;;;;;;;;;;;;;;;;;;;;;;;;;;;;;;;;;;;;;;;;;;;;;;;;;;;;;;;;;;;;;;;;;;;;;;;;;;;;;;;;;;;;;;;;;;;;;;;;;;;;;;;;;;;;;;;;;;;;;;;;;;;;;;;;;;;;;;;;;;;;;;;;;;;;;;;;;;;;;;;;;;;;;;;;;;;;;;;;;;;;;;;;;;;;;;;;;;;;;;;;;;;;;;;;;;;;;;;;;;;;;;;;;;;;;;;;;;;;;;;;;;;;;;;;;;;;;;;;;;;;;;;;;;;;;;;;;;;;;;;;;;;440474000 audi 597g-598h;;;;
20260331_00:37:39;25764;2;2;965;955.9;925;1005;OK;965;966.3;925;1005;OK;967.6;966.3;-15;-26.7;-50;-20;OK;-15;-25.2;-50;-20;OK;-22.5;-23.8;0;-15;-26.7;-50;-20;OK;355;368;355;600;OK;0;0;N/A;N/A;N/A;N/A;N/A;N/A;N/A;N/A;N/A;N/A;N/A;N/A;N/A;N/A;N/A;N/A;N/A;N/A;N/A;N/A;N/A;N/A;N/A;N/A;N/A;N/A;N/A;N/A;N/A;N/A;N/A;N/A;N/A;N/A;N/A;N/A;N/A;N/A;N/A;N/A;N/A;N/A;N/A;N/A;N/A;N/A;N/A;N/A;N/A;N/A;N/A;N/A;N/A;N/A;N/A;N/A;N/A;N/A;N/A;N/A;N/A;N/A;N/A;N/A;N/A;N/A;N/A;N/A;N/A;N/A;N/A;N/A;N/A;N/A;N/A;N/A;N/A;N/A;N/A;N/A;N/A;N/A;N/A;N/A;N/A;N/A;N/A;N/A;N/A;N/A;N/A;N/A;N/A;N/A;N/A;N/A;N/A;N/A;;0;448.8;0;0;;Disabled;TempStop;1;740;492.4;0;0;0;599.9;549.9;Enabled;PosOk;1;20;0;0;0;0;15;Disabled;0;0;0;0;0;0;0;0;0;0;0;0;0;0;0;0;0;0;0;0;0;0;0;0;0;0;0;0;0;0;0;0;0;0;0;0;0;0;0;0;0;0;0;0;0;0;0;0;0;0;0;0;0;0;0;0;0;0;0;0;0;0;0;0;0;0;0;0;0;0;30;24;20;45;30;24;20;45;30;31;20;45;30;30;20;45;100;0;80;300;100;0;80;300;100;266;80;300;100;266;80;300;30;32;20;45;30;30;20;45;30;26;20;45;30;28;20;45;100;237;80;300;100;235;80;300;100;0;80;300;100;0;80;300;4;2;0.4;6;4;5;0.4;6;4;2;0.4;6;4;5;0.4;6;4;2;0.4;6;4;5;0.4;6;4;2;0.4;6;4;6;0.4;6;NOK;NOK;OK;4500;4593;4250;4800;OK;7.64;0;8;12;NOK;N/A;1.9;N/A;N/A;N/A;10;12.8;7;17;OK;;0;0;0;-;Disabled;TempOk;1;230;180.7;0;0;0;349.9;440474000 audi 597g-598h;440474000 audi 597g-598h;440474000 audi 597g-598h
20260331_00:37:52;25765;2;5;965;922.2;925;1005;NOK;965;909.8;925;1005;NOK;892.3;900.9;-15;-22.4;-50;-20;OK;-15;-26.7;-50;-20;OK;-22.6;-24;0;-15;-22.5;-50;-20;OK;355;393;355;600;OK;0;0;;;;;;;;;;;;;;;;;;;;;;;;;;;;;;;;;;;;;;;;;;;;;;;;;;;;;;;;;;;;;;;;;;;;;;;;;;;;;;;;;;;;;;;;;;;;;;;;;;;;;;;;;;;;;;;;;;;;;;;;;;;;;;;;;;;;;;;;;;;;;;;;;;;;;;;;;;;;;;;;;;;;;;;;;;;;;;;;;;;;;;;;;;;;;;;;;;;;;;;;;;;;;;;;;;;;;;;;;;;;;;;;;;;;;;;;;;;;;;;;;;;;;;;;;;;;;;;;;;;;;;;;;;;;;;;;;;;;;;;;;;;;;;;;;;;;;;;;;;;;;;;;;;;;;;;;;;;;;;;;;;;;;;;;440474000 audi 597g-598h;;;;
20260331_00:38:42;25767;1;2;965;935.8;925;1005;OK;965;939.7;925;1005;OK;933.5;937;-20;-15.3;-50;-25;NOK;-20;-17.9;-50;-25;NOK;-17.1;-17.4;0;-20;-15.2;-50;-25;NOK;355;367;355;600;OK;0;0;N/A;N/A;N/A;N/A;N/A;N/A;N/A;N/A;N/A;N/A;N/A;N/A;N/A;N/A;N/A;N/A;N/A;N/A;N/A;N/A;N/A;N/A;N/A;N/A;N/A;N/A;N/A;N/A;N/A;N/A;N/A;N/A;N/A;N/A;N/A;N/A;N/A;N/A;N/A;N/A;N/A;N/A;N/A;N/A;N/A;N/A;N/A;N/A;N/A;N/A;N/A;N/A;N/A;N/A;N/A;N/A;N/A;N/A;N/A;N/A;N/A;N/A;N/A;N/A;N/A;N/A;N/A;N/A;N/A;N/A;N/A;N/A;N/A;N/A;N/A;N/A;N/A;N/A;N/A;N/A;N/A;N/A;N/A;N/A;N/A;N/A;N/A;N/A;N/A;N/A;N/A;N/A;N/A;N/A;N/A;N/A;N/A;N/A;;0;440.7;0;0;;Disabled;TempStop;1;740;486;0;0;0;599.9;549.9;Enabled;PosOk;1;20;0;0;0;0;15;Disabled;0;0;0;0;0;0;0;0;0;0;0;0;0;0;0;0;0;0;0;0;0;0;0;0;0;0;0;0;0;0;0;0;0;0;0;0;0;0;0;0;0;0;0;0;0;0;0;0;0;0;0;0;0;0;0;0;0;0;0;0;0;0;0;0;0;0;0;0;0;0;30;24;20;45;30;24;20;45;30;30;20;45;30;29;20;45;100;0;80;300;100;0;80;300;100;267;80;300;100;266;80;300;30;31;20;45;30;29;20;45;30;26;20;45;30;28;20;45;100;238;80;300;100;235;80;300;100;0;80;300;100;0;80;300;4;2;0.4;6;4;5;0.4;6;4;2;0.4;6;4;5;0.4;6;4;2;0.4;6;4;5;0.4;6;4;2;0.4;6;4;5;0.4;6;NOK;NOK;OK;4500;4596;4250;4800;OK;7.63;0;8;12;NOK;N/A;1.9;N/A;N/A;N/A;10;14;7;17;OK;;0;0;0;-;Disabled;TempOk;1;230;178;0;0;0;349.9;440474000 audi 597g-598h;440474000 audi 597g-598h;440474000 audi 597g-598h
20260331_00:38:54;25769;3;2;965;937.2;925;1005;OK;965;940.2;925;1005;OK;933.5;937.5;-20;-18.6;-50;-25;NOK;-20;-18.7;-50;-25;NOK;-18.6;-19.6;0;-20;-18.5;-50;-25;NOK;355;367;355;600;OK;0;0;;;;;;;;;;;;;;;;;;;;;;;;;;;;;;;;;;;;;;;;;;;;;;;;;;;;;;;;;;;;;;;;;;;;;;;;;;;;;;;;;;;;;;;;;;;;;;;;;;;;;;;;;;;;;;;;;;;;;;;;;;;;;;;;;;;;;;;;;;;;;;;;;;;;;;;;;;;;;;;;;;;;;;;;;;;;;;;;;;;;;;;;;;;;;;;;;;;;;;;;;;;;;;;;;;;;;;;;;;;;;;;;;;;;;;;;;;;;;;;;;;;;;;;;;;;;;;;;;;;;;;;;;;;;;;;;;;;;;;;;;;;;;;;;;;;;;;;;;;;;;;;;;;;;;;;;;;;;;;;;;;;;;;;;440474000 audi 597g-598h;;;;
20260331_00:39:04;25766;4;2;965;962;925;1005;OK;965;964.7;925;1005;OK;955.5;960;-15;-12.9;-50;-5;OK;-15;-14.5;-50;-5;OK;-19.6;-20;0;-15;-12.8;-50;-5;OK;355;410;355;600;OK;161.73;162.34;N/A;N/A;N/A;N/A;N/A;N/A;N/A;N/A;N/A;N/A;N/A;N/A;N/A;N/A;N/A;N/A;N/A;N/A;N/A;N/A;N/A;N/A;N/A;N/A;N/A;N/A;N/A;N/A;N/A;N/A;N/A;N/A;N/A;N/A;N/A;N/A;N/A;N/A;N/A;N/A;N/A;N/A;N/A;N/A;N/A;N/A;N/A;N/A;N/A;N/A;N/A;N/A;N/A;N/A;N/A;N/A;N/A;N/A;N/A;N/A;N/A;N/A;N/A;N/A;N/A;N/A;N/A;N/A;N/A;N/A;N/A;N/A;N/A;N/A;N/A;N/A;N/A;N/A;N/A;N/A;N/A;N/A;N/A;N/A;N/A;N/A;N/A;N/A;N/A;N/A;N/A;N/A;N/A;N/A;N/A;N/A;N/A;N/A;;0;444.2;0;0;;Disabled;TempStop;1;740;489.3;0;0;0;599.9;549.9;Enabled;PosOk;1;20;0;0;0;0;15;Disabled;0;0;0;0;0;0;0;0;0;0;0;0;0;0;0;0;0;0;0;0;0;0;0;0;0;0;0;0;0;0;0;0;0;0;0;0;0;0;0;0;0;0;0;0;0;0;0;0;0;0;0;0;0;0;0;0;0;0;0;0;0;0;0;0;0;0;0;0;0;0;30;24;20;45;30;24;20;45;30;31;20;45;30;29;20;45;100;0;80;300;100;0;80;300;100;266;80;300;100;266;80;300;30;32;20;45;30;29;20;45;30;26;20;45;30;28;20;45;100;237;80;300;100;235;80;300;100;0;80;300;100;0;80;300;4;2;0.4;6;4;5;0.4;6;4;2;0.4;6;4;6;0.4;6;4;2;0.4;6;4;5;0.4;6;4;2;0.4;6;4;6;0.4;6;NOK;NOK;OK;4500;4595;4250;4800;OK;7.64;0;8;12;NOK;N/A;1.9;N/A;N/A;N/A;10;12.9;7;17;OK;;0;0;0;-;Disabled;TempOk;1;230;188.6;0;0;0;349.9;440474000 audi 597g-598h;440474000 audi 597g-598h;440474000 audi 597g-598h
20260331_00:39:46;25768;4;3;965;961.9;925;1005;OK;965;960.3;925;1005;OK;955.3;957.6;-15;-15.3;-50;-5;OK;-15;-16.4;-50;-5;OK;-19.9;-19.2;0;-15;-15.2;-50;-5;OK;355;410;355;600;OK;161.81;162.4;N/A;N/A;N/A;N/A;N/A;N/A;N/A;N/A;N/A;N/A;N/A;N/A;N/A;N/A;N/A;N/A;N/A;N/A;N/A;N/A;N/A;N/A;N/A;N/A;N/A;N/A;N/A;N/A;N/A;N/A;N/A;N/A;N/A;N/A;N/A;N/A;N/A;N/A;N/A;N/A;N/A;N/A;N/A;N/A;N/A;N/A;N/A;N/A;N/A;N/A;N/A;N/A;N/A;N/A;N/A;N/A;N/A;N/A;N/A;N/A;N/A;N/A;N/A;N/A;N/A;N/A;N/A;N/A;N/A;N/A;N/A;N/A;N/A;N/A;N/A;N/A;N/A;N/A;N/A;N/A;N/A;N/A;N/A;N/A;N/A;N/A;N/A;N/A;N/A;N/A;N/A;N/A;N/A;N/A;N/A;N/A;N/A;N/A;;0;448.8;0;0;;Disabled;TempStop;1;740;495.3;0;0;0;599.9;549.9;Enabled;PosOk;1;20;0;0;0;0;15;Disabled;0;0;0;0;0;0;0;0;0;0;0;0;0;0;0;0;0;0;0;0;0;0;0;0;0;0;0;0;0;0;0;0;0;0;0;0;0;0;0;0;0;0;0;0;0;0;0;0;0;0;0;0;0;0;0;0;0;0;0;0;0;0;0;0;0;0;0;0;0;0;30;24;20;45;30;24;20;45;30;30;20;45;30;29;20;45;100;0;80;300;100;0;80;300;100;266;80;300;100;266;80;300;30;32;20;45;30;29;20;45;30;26;20;45;30;28;20;45;100;237;80;300;100;235;80;300;100;0;80;300;100;0;80;300;4;2;0.4;6;4;5;0.4;6;4;2;0.4;6;4;5;0.4;6;4;2;0.4;6;4;5;0.4;6;4;2;0.4;6;4;6;0.4;6;NOK;NOK;OK;4500;4600;4250;4800;OK;7.64;0;8;12;NOK;N/A;1.9;N/A;N/A;N/A;10;12.9;7;17;OK;;0;0;0;-;Disabled;TempOk;1;230;179;0;0;0;349.9;440474000 audi 597g-598h;440474000 audi 597g-598h;440474000 audi 597g-598h
20260331_00:40:07;25771;1;3;965;960.1;925;1005;OK;965;968.1;925;1005;OK;965.4;967;-20;-15;-50;-25;NOK;-20;-17.1;-50;-25;NOK;-19.7;-20.1;0;-20;-14.9;-50;-25;NOK;355;367;355;600;OK;0;0;N/A;N/A;N/A;N/A;N/A;N/A;N/A;N/A;N/A;N/A;N/A;N/A;N/A;N/A;N/A;N/A;N/A;N/A;N/A;N/A;N/A;N/A;N/A;N/A;N/A;N/A;N/A;N/A;N/A;N/A;N/A;N/A;N/A;N/A;N/A;N/A;N/A;N/A;N/A;N/A;N/A;N/A;N/A;N/A;N/A;N/A;N/A;N/A;N/A;N/A;N/A;N/A;N/A;N/A;N/A;N/A;N/A;N/A;N/A;N/A;N/A;N/A;N/A;N/A;N/A;N/A;N/A;N/A;N/A;N/A;N/A;N/A;N/A;N/A;N/A;N/A;N/A;N/A;N/A;N/A;N/A;N/A;N/A;N/A;N/A;N/A;N/A;N/A;N/A;N/A;N/A;N/A;N/A;N/A;N/A;N/A;N/A;N/A;;0;443;0;0;;Disabled;TempStop;1;740;489.4;0;0;0;599.9;549.9;Enabled;PosOk;1;20;0;0;0;0;15;Disabled;0;0;0;0;0;0;0;0;0;0;0;0;0;0;0;0;0;0;0;0;0;0;0;0;0;0;0;0;0;0;0;0;0;0;0;0;0;0;0;0;0;0;0;0;0;0;0;0;0;0;0;0;0;0;0;0;0;0;0;0;0;0;0;0;0;0;0;0;0;0;30;24;20;45;30;24;20;45;30;31;20;45;30;30;20;45;100;0;80;300;100;0;80;300;100;265;80;300;100;265;80;300;30;32;20;45;30;30;20;45;30;26;20;45;30;27;20;45;100;237;80;300;100;235;80;300;100;0;80;300;100;0;80;300;4;2;0.4;6;4;5;0.4;6;4;2;0.4;6;4;5;0.4;6;4;2;0.4;6;4;5;0.4;6;4;2;0.4;6;4;6;0.4;6;NOK;NOK;OK;4500;4593;4250;4800;OK;7.64;0;8;12;NOK;N/A;1.9;N/A;N/A;N/A;10;13.8;7;17;OK;;0;0;0;-;Disabled;TempOk;1;230;195.3;0;0;0;349.9;440474000 audi 597g-598h;440474000 audi 597g-598h;440474000 audi 597g-598h
20260331_00:40:28;25770;2;4;965;945.1;925;1005;OK;965;940.5;925;1005;OK;934;937.3;-15;-32.5;-50;-20;OK;-15;-32.7;-50;-20;OK;-27;-29.1;0;-15;-32.6;-50;-20;OK;355;410;355;600;OK;0;0;N/A;N/A;N/A;N/A;N/A;N/A;N/A;N/A;N/A;N/A;N/A;N/A;N/A;N/A;N/A;N/A;N/A;N/A;N/A;N/A;N/A;N/A;N/A;N/A;N/A;N/A;N/A;N/A;N/A;N/A;N/A;N/A;N/A;N/A;N/A;N/A;N/A;N/A;N/A;N/A;N/A;N/A;N/A;N/A;N/A;N/A;N/A;N/A;N/A;N/A;N/A;N/A;N/A;N/A;N/A;N/A;N/A;N/A;N/A;N/A;N/A;N/A;N/A;N/A;N/A;N/A;N/A;N/A;N/A;N/A;N/A;N/A;N/A;N/A;N/A;N/A;N/A;N/A;N/A;N/A;N/A;N/A;N/A;N/A;N/A;N/A;N/A;N/A;N/A;N/A;N/A;N/A;N/A;N/A;N/A;N/A;N/A;N/A;;0;450.5;0;0;;Disabled;TempStop;1;740;496.9;0;0;0;599.9;549.9;Enabled;PosOk;1;20;0;0;0;0;15;Disabled;0;0;0;0;0;0;0;0;0;0;0;0;0;0;0;0;0;0;0;0;0;0;0;0;0;0;0;0;0;0;0;0;0;0;0;0;0;0;0;0;0;0;0;0;0;0;0;0;0;0;0;0;0;0;0;0;0;0;0;0;0;0;0;0;0;0;0;0;0;0;30;24;20;45;30;24;20;45;30;32;20;45;30;30;20;45;100;0;80;300;100;0;80;300;100;266;80;300;100;266;80;300;30;33;20;45;30;30;20;45;30;26;20;45;30;28;20;45;100;237;80;300;100;235;80;300;100;0;80;300;100;0;80;300;4;2;0.4;6;4;5;0.4;6;4;2;0.4;6;4;5;0.4;6;4;2;0.4;6;4;6;0.4;6;4;2;0.4;6;4;6;0.4;6;NOK;NOK;OK;4500;4592;4250;4800;OK;7.64;0;8;12;NOK;N/A;1.9;N/A;N/A;N/A;10;12.8;7;17;OK;;0;0;0;-;Disabled;TempOk;1;230;197.6;0;0;0;349.9;440474000 audi 597g-598h;440474000 audi 597g-598h;440474000 audi 597g-598h
20260331_00:40:49;25773;3;3;965;958.4;925;1005;OK;965;970.6;925;1005;OK;971.1;971;-20;-18.4;-50;-25;NOK;-20;-18.1;-50;-25;NOK;-16.9;-17.8;0;-20;-18.3;-50;-25;NOK;355;367;355;600;OK;0;0;N/A;N/A;N/A;N/A;N/A;N/A;N/A;N/A;N/A;N/A;N/A;N/A;N/A;N/A;N/A;N/A;N/A;N/A;N/A;N/A;N/A;N/A;N/A;N/A;N/A;N/A;N/A;N/A;N/A;N/A;N/A;N/A;N/A;N/A;N/A;N/A;N/A;N/A;N/A;N/A;N/A;N/A;N/A;N/A;N/A;N/A;N/A;N/A;N/A;N/A;N/A;N/A;N/A;N/A;N/A;N/A;N/A;N/A;N/A;N/A;N/A;N/A;N/A;N/A;N/A;N/A;N/A;N/A;N/A;N/A;N/A;N/A;N/A;N/A;N/A;N/A;N/A;N/A;N/A;N/A;N/A;N/A;N/A;N/A;N/A;N/A;N/A;N/A;N/A;N/A;N/A;N/A;N/A;N/A;N/A;N/A;N/A;N/A;;0;449.1;0;0;;Disabled;TempStop;1;740;493.5;0;0;0;599.9;549.9;Enabled;PosOk;1;20;0;0;0;0;15;Disabled;0;0;0;0;0;0;0;0;0;0;0;0;0;0;0;0;0;0;0;0;0;0;0;0;0;0;0;0;0;0;0;0;0;0;0;0;0;0;0;0;0;0;0;0;0;0;0;0;0;0;0;0;0;0;0;0;0;0;0;0;0;0;0;0;0;0;0;0;0;0;30;24;20;45;30;24;20;45;30;32;20;45;30;30;20;45;100;0;80;300;100;0;80;300;100;266;80;300;100;265;80;300;30;33;20;45;30;30;20;45;30;26;20;45;30;28;20;45;100;237;80;300;100;235;80;300;100;0;80;300;100;0;80;300;4;2;0.4;6;4;5;0.4;6;4;2;0.4;6;4;5;0.4;6;4;2;0.4;6;4;6;0.4;6;4;2;0.4;6;4;6;0.4;6;NOK;NOK;OK;4500;4588;4250;4800;OK;7.64;0;8;12;NOK;N/A;1.9;N/A;N/A;N/A;10;14.1;7;17;OK;;0;0;0;-;Disabled;TempOk;1;230;200.1;0;0;0;349.9;440474000 audi 597g-598h;440474000 audi 597g-598h;440474000 audi 597g-598h
20260331_00:41:10;25772;4;4;965;948.2;925;1005;OK;965;960.1;925;1005;OK;951;955.3;-15;-9.6;-50;-5;OK;-15;-9.1;-50;-5;OK;-16;-15.9;0;-15;-9.7;-50;-5;OK;355;410;355;600;OK;161.95;162.51;N/A;N/A;N/A;N/A;N/A;N/A;N/A;N/A;N/A;N/A;N/A;N/A;N/A;N/A;N/A;N/A;N/A;N/A;N/A;N/A;N/A;N/A;N/A;N/A;N/A;N/A;N/A;N/A;N/A;N/A;N/A;N/A;N/A;N/A;N/A;N/A;N/A;N/A;N/A;N/A;N/A;N/A;N/A;N/A;N/A;N/A;N/A;N/A;N/A;N/A;N/A;N/A;N/A;N/A;N/A;N/A;N/A;N/A;N/A;N/A;N/A;N/A;N/A;N/A;N/A;N/A;N/A;N/A;N/A;N/A;N/A;N/A;N/A;N/A;N/A;N/A;N/A;N/A;N/A;N/A;N/A;N/A;N/A;N/A;N/A;N/A;N/A;N/A;N/A;N/A;N/A;N/A;N/A;N/A;N/A;N/A;N/A;N/A;;0;447.8;0;0;;Disabled;TempStop;1;740;493.7;0;0;0;599.9;549.9;Enabled;PosOk;1;20;0;0;0;0;15;Disabled;0;0;0;0;0;0;0;0;0;0;0;0;0;0;0;0;0;0;0;0;0;0;0;0;0;0;0;0;0;0;0;0;0;0;0;0;0;0;0;0;0;0;0;0;0;0;0;0;0;0;0;0;0;0;0;0;0;0;0;0;0;0;0;0;0;0;0;0;0;0;30;23;20;45;30;24;20;45;30;32;20;45;30;30;20;45;100;0;80;300;100;0;80;300;100;266;80;300;100;265;80;300;30;33;20;45;30;30;20;45;30;26;20;45;30;28;20;45;100;237;80;300;100;235;80;300;100;0;80;300;100;0;80;300;4;2;0.4;6;4;5;0.4;6;4;2;0.4;6;4;5;0.4;6;4;2;0.4;6;4;6;0.4;6;4;2;0.4;6;4;5;0.4;6;NOK;NOK;OK;4500;4589;4250;4800;OK;7.64;0;8;12;NOK;N/A;1.9;N/A;N/A;N/A;10;12.9;7;17;OK;;0;0;0;-;Disabled;TempOk;1;230;205.7;0;0;0;349.9;440474000 audi 597g-598h;440474000 audi 597g-598h;440474000 audi 597g-598h
20260331_00:41:31;25775;1;4;965;954.1;925;1005;OK;965;966.5;925;1005;OK;966.8;966.7;-20;-13.4;-50;-25;NOK;-20;-14.9;-50;-25;NOK;-18.1;-17.6;0;-20;-13.4;-50;-25;NOK;355;367;355;600;OK;0;0;N/A;N/A;N/A;N/A;N/A;N/A;N/A;N/A;N/A;N/A;N/A;N/A;N/A;N/A;N/A;N/A;N/A;N/A;N/A;N/A;N/A;N/A;N/A;N/A;N/A;N/A;N/A;N/A;N/A;N/A;N/A;N/A;N/A;N/A;N/A;N/A;N/A;N/A;N/A;N/A;N/A;N/A;N/A;N/A;N/A;N/A;N/A;N/A;N/A;N/A;N/A;N/A;N/A;N/A;N/A;N/A;N/A;N/A;N/A;N/A;N/A;N/A;N/A;N/A;N/A;N/A;N/A;N/A;N/A;N/A;N/A;N/A;N/A;N/A;N/A;N/A;N/A;N/A;N/A;N/A;N/A;N/A;N/A;N/A;N/A;N/A;N/A;N/A;N/A;N/A;N/A;N/A;N/A;N/A;N/A;N/A;N/A;N/A;;0;449.6;0;0;;Disabled;TempStop;1;740;495.9;0;0;0;599.9;549.9;Enabled;PosOk;1;20;0;0;0;0;15;Disabled;0;0;0;0;0;0;0;0;0;0;0;0;0;0;0;0;0;0;0;0;0;0;0;0;0;0;0;0;0;0;0;0;0;0;0;0;0;0;0;0;0;0;0;0;0;0;0;0;0;0;0;0;0;0;0;0;0;0;0;0;0;0;0;0;0;0;0;0;0;0;30;24;20;45;30;24;20;45;30;32;20;45;30;30;20;45;100;0;80;300;100;0;80;300;100;266;80;300;100;266;80;300;30;34;20;45;30;30;20;45;30;26;20;45;30;28;20;45;100;237;80;300;100;235;80;300;100;0;80;300;100;0;80;300;4;2;0.4;6;4;5;0.4;6;4;2;0.4;6;4;5;0.4;6;4;2;0.4;6;4;5;0.4;6;4;2;0.4;6;4;6;0.4;6;NOK;NOK;OK;4500;4587;4250;4800;OK;7.64;0;8;12;NOK;N/A;1.9;N/A;N/A;N/A;10;13.9;7;17;OK;;0;0;0;-;Disabled;TempOk;1;230;199.6;0;0;0;349.9;440474000 audi 597g-598h;440474000 audi 597g-598h;440474000 audi 597g-598h
20260331_00:41:52;25774;4;5;965;943.1;925;1005;OK;965;944.8;925;1005;OK;937.2;942;-15;-14.1;-50;-5;OK;-15;-13.8;-50;-5;OK;-16.8;-15.3;0;-15;-14.1;-50;-5;OK;355;368;355;600;OK;162.08;162.57;N/A;N/A;N/A;N/A;N/A;N/A;N/A;N/A;N/A;N/A;N/A;N/A;N/A;N/A;N/A;N/A;N/A;N/A;N/A;N/A;N/A;N/A;N/A;N/A;N/A;N/A;N/A;N/A;N/A;N/A;N/A;N/A;N/A;N/A;N/A;N/A;N/A;N/A;N/A;N/A;N/A;N/A;N/A;N/A;N/A;N/A;N/A;N/A;N/A;N/A;N/A;N/A;N/A;N/A;N/A;N/A;N/A;N/A;N/A;N/A;N/A;N/A;N/A;N/A;N/A;N/A;N/A;N/A;N/A;N/A;N/A;N/A;N/A;N/A;N/A;N/A;N/A;N/A;N/A;N/A;N/A;N/A;N/A;N/A;N/A;N/A;N/A;N/A;N/A;N/A;N/A;N/A;N/A;N/A;N/A;N/A;N/A;N/A;;0;449.3;0;0;;Disabled;TempStop;1;740;495.6;0;0;0;599.9;549.9;Enabled;PosOk;1;20;0;0;0;0;15;Disabled;0;0;0;0;0;0;0;0;0;0;0;0;0;0;0;0;0;0;0;0;0;0;0;0;0;0;0;0;0;0;0;0;0;0;0;0;0;0;0;0;0;0;0;0;0;0;0;0;0;0;0;0;0;0;0;0;0;0;0;0;0;0;0;0;0;0;0;0;0;0;30;24;20;45;30;24;20;45;30;32;20;45;30;30;20;45;100;0;80;300;100;0;80;300;100;266;80;300;100;266;80;300;30;33;20;45;30;30;20;45;30;26;20;45;30;28;20;45;100;237;80;300;100;235;80;300;100;0;80;300;100;0;80;300;4;2;0.4;6;4;5;0.4;6;4;2;0.4;6;4;5;0.4;6;4;2;0.4;6;4;5;0.4;6;4;2;0.4;6;4;6;0.4;6;NOK;NOK;OK;4500;4594;4250;4800;OK;7.64;0;8;12;NOK;N/A;1.9;N/A;N/A;N/A;10;12.8;7;17;OK;;0;0;0;-;Disabled;TempOk;1;230;204.1;0;0;0;349.9;440474000 audi 597g-598h;440474000 audi 597g-598h;440474000 audi 597g-598h
20260331_00:42:14;25776;3;4;965;950.1;925;1005;OK;965;948.3;925;1005;OK;943.3;946.3;-20;-16.6;-50;-25;NOK;-20;-17.7;-50;-25;NOK;-20.5;-20.4;0;-20;-16.4;-50;-25;NOK;355;367;355;600;OK;0;0;N/A;N/A;N/A;N/A;N/A;N/A;N/A;N/A;N/A;N/A;N/A;N/A;N/A;N/A;N/A;N/A;N/A;N/A;N/A;N/A;N/A;N/A;N/A;N/A;N/A;N/A;N/A;N/A;N/A;N/A;N/A;N/A;N/A;N/A;N/A;N/A;N/A;N/A;N/A;N/A;N/A;N/A;N/A;N/A;N/A;N/A;N/A;N/A;N/A;N/A;N/A;N/A;N/A;N/A;N/A;N/A;N/A;N/A;N/A;N/A;N/A;N/A;N/A;N/A;N/A;N/A;N/A;N/A;N/A;N/A;N/A;N/A;N/A;N/A;N/A;N/A;N/A;N/A;N/A;N/A;N/A;N/A;N/A;N/A;N/A;N/A;N/A;N/A;N/A;N/A;N/A;N/A;N/A;N/A;N/A;N/A;N/A;N/A;;0;441.6;0;0;;Disabled;TempStop;1;740;484.1;0;0;0;599.9;549.9;Enabled;PosOk;1;20;0;0;0;0;15;Disabled;0;0;0;0;0;0;0;0;0;0;0;0;0;0;0;0;0;0;0;0;0;0;0;0;0;0;0;0;0;0;0;0;0;0;0;0;0;0;0;0;0;0;0;0;0;0;0;0;0;0;0;0;0;0;0;0;0;0;0;0;0;0;0;0;0;0;0;0;0;0;30;24;20;45;30;24;20;45;30;32;20;45;30;30;20;45;100;0;80;300;100;0;80;300;100;266;80;300;100;265;80;300;30;33;20;45;30;30;20;45;30;26;20;45;30;28;20;45;100;237;80;300;100;235;80;300;100;0;80;300;100;0;80;300;4;2;0.4;6;4;5;0.4;6;4;2;0.4;6;4;5;0.4;6;4;2;0.4;6;4;5;0.4;6;4;2;0.4;6;4;6;0.4;6;NOK;NOK;OK;4500;4593;4250;4800;OK;7.64;0;8;12;NOK;N/A;1.9;N/A;N/A;N/A;10;14.1;7;17;OK;;0;0;0;-;Disabled;TempOk;1;230;202;0;0;0;349.9;440474000 audi 597g-598h;440474000 audi 597g-598h;440474000 audi 597g-598h
20260331_00:42:25;25778;3;5;965;931.9;925;1005;OK;965;924.8;925;1005;NOK;909.1;918.1;-20;-20.5;-50;-25;NOK;-20;-20.9;-50;-25;NOK;-21.7;-21.7;0;-20;-20.4;-50;-25;NOK;355;367;355;600;OK;0;0;;;;;;;;;;;;;;;;;;;;;;;;;;;;;;;;;;;;;;;;;;;;;;;;;;;;;;;;;;;;;;;;;;;;;;;;;;;;;;;;;;;;;;;;;;;;;;;;;;;;;;;;;;;;;;;;;;;;;;;;;;;;;;;;;;;;;;;;;;;;;;;;;;;;;;;;;;;;;;;;;;;;;;;;;;;;;;;;;;;;;;;;;;;;;;;;;;;;;;;;;;;;;;;;;;;;;;;;;;;;;;;;;;;;;;;;;;;;;;;;;;;;;;;;;;;;;;;;;;;;;;;;;;;;;;;;;;;;;;;;;;;;;;;;;;;;;;;;;;;;;;;;;;;;;;;;;;;;;;;;;;;;;;;;440474000 audi 597g-598h;;;;
20260331_00:43:17;25777;4;1;965;962.3;925;1005;OK;965;963.4;925;1005;OK;962.4;963.2;-15;-14.6;-50;-5;OK;-15;-15;-50;-5;OK;-14.8;-14.6;0;-15;-14.4;-50;-5;OK;355;368;355;600;OK;162.19;162.68;N/A;N/A;N/A;N/A;N/A;N/A;N/A;N/A;N/A;N/A;N/A;N/A;N/A;N/A;N/A;N/A;N/A;N/A;N/A;N/A;N/A;N/A;N/A;N/A;N/A;N/A;N/A;N/A;N/A;N/A;N/A;N/A;N/A;N/A;N/A;N/A;N/A;N/A;N/A;N/A;N/A;N/A;N/A;N/A;N/A;N/A;N/A;N/A;N/A;N/A;N/A;N/A;N/A;N/A;N/A;N/A;N/A;N/A;N/A;N/A;N/A;N/A;N/A;N/A;N/A;N/A;N/A;N/A;N/A;N/A;N/A;N/A;N/A;N/A;N/A;N/A;N/A;N/A;N/A;N/A;N/A;N/A;N/A;N/A;N/A;N/A;N/A;N/A;N/A;N/A;N/A;N/A;N/A;N/A;N/A;N/A;N/A;N/A;;0;449.7;0;0;;Disabled;TempStop;1;740;491.9;0;0;0;599.9;549.9;Enabled;PosOk;1;20;0;0;0;0;15;Disabled;0;0;0;0;0;0;0;0;0;0;0;0;0;0;0;0;0;0;0;0;0;0;0;0;0;0;0;0;0;0;0;0;0;0;0;0;0;0;0;0;0;0;0;0;0;0;0;0;0;0;0;0;0;0;0;0;0;0;0;0;0;0;0;0;0;0;0;0;0;0;30;24;20;45;30;24;20;45;30;30;20;45;30;30;20;45;100;0;80;300;100;0;80;300;100;266;80;300;100;265;80;300;30;32;20;45;30;30;20;45;30;26;20;45;30;28;20;45;100;236;80;300;100;234;80;300;100;0;80;300;100;0;80;300;4;2;0.4;6;4;5;0.4;6;4;2;0.4;6;4;5;0.4;6;4;2;0.4;6;4;5;0.4;6;4;2;0.4;6;4;6;0.4;6;NOK;NOK;OK;4500;4599;4250;4800;OK;7.64;0;8;12;NOK;N/A;1.9;N/A;N/A;N/A;10;12.9;7;17;OK;;0;0;0;-;Disabled;TempOk;1;230;172.7;0;0;0;349.9;440474000 audi 597g-598h;440474000 audi 597g-598h;440474000 audi 597g-598h
20260331_00:43:59;25780;2;2;965;955;925;1005;OK;965;966.4;925;1005;OK;967.6;966.4;-15;-25.4;-50;-20;OK;-15;-25.8;-50;-20;OK;-22.6;-23.9;0;-15;-25.5;-50;-20;OK;355;368;355;600;OK;0;0;N/A;N/A;N/A;N/A;N/A;N/A;N/A;N/A;N/A;N/A;N/A;N/A;N/A;N/A;N/A;N/A;N/A;N/A;N/A;N/A;N/A;N/A;N/A;N/A;N/A;N/A;N/A;N/A;N/A;N/A;N/A;N/A;N/A;N/A;N/A;N/A;N/A;N/A;N/A;N/A;N/A;N/A;N/A;N/A;N/A;N/A;N/A;N/A;N/A;N/A;N/A;N/A;N/A;N/A;N/A;N/A;N/A;N/A;N/A;N/A;N/A;N/A;N/A;N/A;N/A;N/A;N/A;N/A;N/A;N/A;N/A;N/A;N/A;N/A;N/A;N/A;N/A;N/A;N/A;N/A;N/A;N/A;N/A;N/A;N/A;N/A;N/A;N/A;N/A;N/A;N/A;N/A;N/A;N/A;N/A;N/A;N/A;N/A;;0;450.9;0;0;;Disabled;TempStop;1;740;493.9;0;0;0;599.9;549.9;Enabled;PosOk;1;20;0;0;0;0;15;Disabled;0;0;0;0;0;0;0;0;0;0;0;0;0;0;0;0;0;0;0;0;0;0;0;0;0;0;0;0;0;0;0;0;0;0;0;0;0;0;0;0;0;0;0;0;0;0;0;0;0;0;0;0;0;0;0;0;0;0;0;0;0;0;0;0;0;0;0;0;0;0;30;24;20;45;30;24;20;45;30;31;20;45;30;30;20;45;100;0;80;300;100;0;80;300;100;266;80;300;100;267;80;300;30;32;20;45;30;30;20;45;30;26;20;45;30;28;20;45;100;237;80;300;100;235;80;300;100;0;80;300;100;0;80;300;4;2;0.4;6;4;5;0.4;6;4;2;0.4;6;4;5;0.4;6;4;2;0.4;6;4;5;0.4;6;4;2;0.4;6;4;6;0.4;6;NOK;NOK;OK;4500;4593;4250;4800;OK;7.64;0;8;12;NOK;N/A;1.9;N/A;N/A;N/A;10;12.9;7;17;OK;;0;0;0;-;Disabled;TempOk;1;230;176.4;0;0;0;349.9;440474000 audi 597g-598h;440474000 audi 597g-598h;440474000 audi 597g-598h
20260331_00:45:03;25779;1;2;965;928.4;925;1005;OK;965;931.8;925;1005;OK;925.6;929.2;-20;-18.1;-50;-25;NOK;-20;-19.3;-50;-25;NOK;-18.7;-18.9;0;-20;-18.2;-50;-25;NOK;355;367;355;600;OK;0;0;N/A;N/A;N/A;N/A;N/A;N/A;N/A;N/A;N/A;N/A;N/A;N/A;N/A;N/A;N/A;N/A;N/A;N/A;N/A;N/A;N/A;N/A;N/A;N/A;N/A;N/A;N/A;N/A;N/A;N/A;N/A;N/A;N/A;N/A;N/A;N/A;N/A;N/A;N/A;N/A;N/A;N/A;N/A;N/A;N/A;N/A;N/A;N/A;N/A;N/A;N/A;N/A;N/A;N/A;N/A;N/A;N/A;N/A;N/A;N/A;N/A;N/A;N/A;N/A;N/A;N/A;N/A;N/A;N/A;N/A;N/A;N/A;N/A;N/A;N/A;N/A;N/A;N/A;N/A;N/A;N/A;N/A;N/A;N/A;N/A;N/A;N/A;N/A;N/A;N/A;N/A;N/A;N/A;N/A;N/A;N/A;N/A;N/A;;0;438.5;0;0;;Disabled;TempStop;1;740;483.4;0;0;0;599.9;549.9;Enabled;PosOk;1;20;0;0;0;0;15;Disabled;0;0;0;0;0;0;0;0;0;0;0;0;0;0;0;0;0;0;0;0;0;0;0;0;0;0;0;0;0;0;0;0;0;0;0;0;0;0;0;0;0;0;0;0;0;0;0;0;0;0;0;0;0;0;0;0;0;0;0;0;0;0;0;0;0;0;0;0;0;0;30;24;20;45;30;24;20;45;30;31;20;45;30;30;20;45;100;0;80;300;100;0;80;300;100;266;80;300;100;266;80;300;30;32;20;45;30;30;20;45;30;26;20;45;30;28;20;45;100;237;80;300;100;235;80;300;100;0;80;300;100;0;80;300;4;2;0.4;6;4;5;0.4;6;4;2;0.4;6;4;5;0.4;6;4;2;0.4;6;4;5;0.4;6;4;2;0.4;6;4;6;0.4;6;NOK;NOK;OK;4500;4596;4250;4800;OK;7.64;0;8;12;NOK;N/A;1.9;N/A;N/A;N/A;10;14;7;17;OK;;0;0;0;-;Disabled;TempOk;1;230;170.4;0;0;0;349.9;440474000 audi 597g-598h;440474000 audi 597g-598h;440474000 audi 597g-598h
20260331_00:45:24;25781;4;2;965;954.5;925;1005;OK;965;952.7;925;1005;OK;946.8;950.2;-15;-13.8;-50;-5;OK;-15;-13.3;-50;-5;OK;-16.6;-15.6;0;-15;-13.6;-50;-5;OK;355;368;355;600;OK;162.35;162.85;N/A;N/A;N/A;N/A;N/A;N/A;N/A;N/A;N/A;N/A;N/A;N/A;N/A;N/A;N/A;N/A;N/A;N/A;N/A;N/A;N/A;N/A;N/A;N/A;N/A;N/A;N/A;N/A;N/A;N/A;N/A;N/A;N/A;N/A;N/A;N/A;N/A;N/A;N/A;N/A;N/A;N/A;N/A;N/A;N/A;N/A;N/A;N/A;N/A;N/A;N/A;N/A;N/A;N/A;N/A;N/A;N/A;N/A;N/A;N/A;N/A;N/A;N/A;N/A;N/A;N/A;N/A;N/A;N/A;N/A;N/A;N/A;N/A;N/A;N/A;N/A;N/A;N/A;N/A;N/A;N/A;N/A;N/A;N/A;N/A;N/A;N/A;N/A;N/A;N/A;N/A;N/A;N/A;N/A;N/A;N/A;N/A;N/A;;0;442;0;0;;Disabled;TempStop;1;740;487.5;0;0;0;599.9;549.9;Enabled;PosOk;1;20;0;0;0;0;15;Disabled;0;0;0;0;0;0;0;0;0;0;0;0;0;0;0;0;0;0;0;0;0;0;0;0;0;0;0;0;0;0;0;0;0;0;0;0;0;0;0;0;0;0;0;0;0;0;0;0;0;0;0;0;0;0;0;0;0;0;0;0;0;0;0;0;0;0;0;0;0;0;30;24;20;45;30;24;20;45;30;31;20;45;30;30;20;45;100;0;80;300;100;0;80;300;100;267;80;300;100;266;80;300;30;33;20;45;30;30;20;45;30;26;20;45;30;28;20;45;100;238;80;300;100;235;80;300;100;0;80;300;100;0;80;300;4;2;0.4;6;4;5;0.4;6;4;2;0.4;6;4;5;0.4;6;4;2;0.4;6;4;5;0.4;6;4;2;0.4;6;4;6;0.4;6;NOK;NOK;OK;4500;4592;4250;4800;OK;7.64;0;8;12;NOK;N/A;1.9;N/A;N/A;N/A;10;12.8;7;17;OK;;0;0;0;-;Disabled;TempOk;1;230;191.8;0;0;0;349.9;440474000 audi 597g-598h;440474000 audi 597g-598h;440474000 audi 597g-598h
20260331_00:46:06;25783;4;3;965;949.9;925;1005;OK;965;948.5;925;1005;OK;943.8;946.4;-15;-16.2;-50;-5;OK;-15;-15.9;-50;-5;OK;-16.6;-15.8;0;-15;-16.2;-50;-5;OK;355;368;355;600;OK;162.41;162.92;N/A;N/A;N/A;N/A;N/A;N/A;N/A;N/A;N/A;N/A;N/A;N/A;N/A;N/A;N/A;N/A;N/A;N/A;N/A;N/A;N/A;N/A;N/A;N/A;N/A;N/A;N/A;N/A;N/A;N/A;N/A;N/A;N/A;N/A;N/A;N/A;N/A;N/A;N/A;N/A;N/A;N/A;N/A;N/A;N/A;N/A;N/A;N/A;N/A;N/A;N/A;N/A;N/A;N/A;N/A;N/A;N/A;N/A;N/A;N/A;N/A;N/A;N/A;N/A;N/A;N/A;N/A;N/A;N/A;N/A;N/A;N/A;N/A;N/A;N/A;N/A;N/A;N/A;N/A;N/A;N/A;N/A;N/A;N/A;N/A;N/A;N/A;N/A;N/A;N/A;N/A;N/A;N/A;N/A;N/A;N/A;N/A;N/A;;0;445.8;0;0;;Disabled;TempStop;1;740;492.3;0;0;0;599.9;549.9;Enabled;PosOk;1;20;0;0;0;0;15;Disabled;0;0;0;0;0;0;0;0;0;0;0;0;0;0;0;0;0;0;0;0;0;0;0;0;0;0;0;0;0;0;0;0;0;0;0;0;0;0;0;0;0;0;0;0;0;0;0;0;0;0;0;0;0;0;0;0;0;0;0;0;0;0;0;0;0;0;0;0;0;0;30;24;20;45;30;24;20;45;30;31;20;45;30;29;20;45;100;0;80;300;100;0;80;300;100;266;80;300;100;265;80;300;30;32;20;45;30;29;20;45;30;26;20;45;30;27;20;45;100;237;80;300;100;235;80;300;100;0;80;300;100;0;80;300;4;2;0.4;6;4;5;0.4;6;4;2;0.4;6;4;5;0.4;6;4;2;0.4;6;4;5;0.4;6;4;2;0.4;6;4;6;0.4;6;NOK;NOK;OK;4500;4598;4250;4800;OK;7.64;0;8;12;NOK;N/A;1.9;N/A;N/A;N/A;10;12.9;7;17;OK;;0;0;0;-;Disabled;TempOk;1;230;179.7;0;0;0;349.9;440474000 audi 597g-598h;440474000 audi 597g-598h;440474000 audi 597g-598h
20260331_00:46:19;25784;2;4;965;930.2;925;1005;OK;965;927.5;925;1005;OK;920.1;924.4;-15;-33.1;-50;-20;OK;-15;-31.2;-50;-20;OK;-27.3;-29.1;0;-15;-33.2;-50;-20;OK;355;368;355;600;OK;0;0;;;;;;;;;;;;;;;;;;;;;;;;;;;;;;;;;;;;;;;;;;;;;;;;;;;;;;;;;;;;;;;;;;;;;;;;;;;;;;;;;;;;;;;;;;;;;;;;;;;;;;;;;;;;;;;;;;;;;;;;;;;;;;;;;;;;;;;;;;;;;;;;;;;;;;;;;;;;;;;;;;;;;;;;;;;;;;;;;;;;;;;;;;;;;;;;;;;;;;;;;;;;;;;;;;;;;;;;;;;;;;;;;;;;;;;;;;;;;;;;;;;;;;;;;;;;;;;;;;;;;;;;;;;;;;;;;;;;;;;;;;;;;;;;;;;;;;;;;;;;;;;;;;;;;;;;;;;;;;;;;;;;;;;;440474000 audi 597g-598h;;;;
20260331_00:46:27;25782;1;3;965;955.5;925;1005;OK;965;956.3;925;1005;OK;951.1;955;-20;-16.5;-50;-25;NOK;-20;-17;-50;-25;NOK;-20.4;-20.5;0;-20;-16.4;-50;-25;NOK;355;367;355;600;OK;0;0;N/A;N/A;N/A;N/A;N/A;N/A;N/A;N/A;N/A;N/A;N/A;N/A;N/A;N/A;N/A;N/A;N/A;N/A;N/A;N/A;N/A;N/A;N/A;N/A;N/A;N/A;N/A;N/A;N/A;N/A;N/A;N/A;N/A;N/A;N/A;N/A;N/A;N/A;N/A;N/A;N/A;N/A;N/A;N/A;N/A;N/A;N/A;N/A;N/A;N/A;N/A;N/A;N/A;N/A;N/A;N/A;N/A;N/A;N/A;N/A;N/A;N/A;N/A;N/A;N/A;N/A;N/A;N/A;N/A;N/A;N/A;N/A;N/A;N/A;N/A;N/A;N/A;N/A;N/A;N/A;N/A;N/A;N/A;N/A;N/A;N/A;N/A;N/A;N/A;N/A;N/A;N/A;N/A;N/A;N/A;N/A;N/A;N/A;;0;440.7;0;0;;Disabled;TempStop;1;740;487.2;0;0;0;599.9;549.9;Enabled;PosOk;1;20;0;0;0;0;15;Disabled;0;0;0;0;0;0;0;0;0;0;0;0;0;0;0;0;0;0;0;0;0;0;0;0;0;0;0;0;0;0;0;0;0;0;0;0;0;0;0;0;0;0;0;0;0;0;0;0;0;0;0;0;0;0;0;0;0;0;0;0;0;0;0;0;0;0;0;0;0;0;30;24;20;45;30;24;20;45;30;31;20;45;30;29;20;45;100;0;80;300;100;0;80;300;100;266;80;300;100;266;80;300;30;32;20;45;30;29;20;45;30;26;20;45;30;28;20;45;100;237;80;300;100;235;80;300;100;0;80;300;100;0;80;300;4;2;0.4;6;4;6;0.4;6;4;2;0.4;6;4;5;0.4;6;4;2;0.4;6;4;6;0.4;6;4;2;0.4;6;4;6;0.4;6;NOK;NOK;OK;4500;4592;4250;4800;OK;7.64;0;8;12;NOK;N/A;1.9;N/A;N/A;N/A;10;14.5;7;17;OK;;0;0;0;-;Disabled;TempOk;1;230;191.1;0;0;0;349.9;440474000 audi 597g-598h;440474000 audi 597g-598h;440474000 audi 597g-598h
20260331_00:47:09;25785;3;3;965;957.6;925;1005;OK;965;965.8;925;1005;OK;964.5;965.4;-20;-18;-50;-25;NOK;-20;-19.9;-50;-25;NOK;-17.5;-18.5;0;-20;-17.9;-50;-25;NOK;355;367;355;600;OK;0;0;N/A;N/A;N/A;N/A;N/A;N/A;N/A;N/A;N/A;N/A;N/A;N/A;N/A;N/A;N/A;N/A;N/A;N/A;N/A;N/A;N/A;N/A;N/A;N/A;N/A;N/A;N/A;N/A;N/A;N/A;N/A;N/A;N/A;N/A;N/A;N/A;N/A;N/A;N/A;N/A;N/A;N/A;N/A;N/A;N/A;N/A;N/A;N/A;N/A;N/A;N/A;N/A;N/A;N/A;N/A;N/A;N/A;N/A;N/A;N/A;N/A;N/A;N/A;N/A;N/A;N/A;N/A;N/A;N/A;N/A;N/A;N/A;N/A;N/A;N/A;N/A;N/A;N/A;N/A;N/A;N/A;N/A;N/A;N/A;N/A;N/A;N/A;N/A;N/A;N/A;N/A;N/A;N/A;N/A;N/A;N/A;N/A;N/A;;0;447.6;0;0;;Disabled;TempStop;1;740;492.2;0;0;0;599.9;549.9;Enabled;PosOk;1;20;0;0;0;0;15;Disabled;0;0;0;0;0;0;0;0;0;0;0;0;0;0;0;0;0;0;0;0;0;0;0;0;0;0;0;0;0;0;0;0;0;0;0;0;0;0;0;0;0;0;0;0;0;0;0;0;0;0;0;0;0;0;0;0;0;0;0;0;0;0;0;0;0;0;0;0;0;0;30;24;20;45;30;24;20;45;30;31;20;45;30;29;20;45;100;0;80;300;100;0;80;300;100;266;80;300;100;265;80;300;30;32;20;45;30;30;20;45;30;26;20;45;30;28;20;45;100;237;80;300;100;235;80;300;100;0;80;300;100;0;80;300;4;2;0.4;6;4;5;0.4;6;4;2;0.4;6;4;5;0.4;6;4;2;0.4;6;4;5;0.4;6;4;2;0.4;6;4;6;0.4;6;NOK;NOK;OK;4500;4597;4250;4800;OK;7.64;0;8;12;NOK;N/A;1.9;N/A;N/A;N/A;10;14.1;7;17;OK;;0;0;0;-;Disabled;TempOk;1;230;178.6;0;0;0;349.9;440474000 audi 597g-598h;440474000 audi 597g-598h;440474000 audi 597g-598h
20260331_00:47:30;25786;4;4;965;936.5;925;1005;OK;965;947.1;925;1005;OK;938.1;943.4;-15;-9.5;-50;-5;OK;-15;-10.4;-50;-5;OK;-14.9;-12.7;0;-15;-9.7;-50;-5;OK;355;368;355;600;OK;162.53;163.05;N/A;N/A;N/A;N/A;N/A;N/A;N/A;N/A;N/A;N/A;N/A;N/A;N/A;N/A;N/A;N/A;N/A;N/A;N/A;N/A;N/A;N/A;N/A;N/A;N/A;N/A;N/A;N/A;N/A;N/A;N/A;N/A;N/A;N/A;N/A;N/A;N/A;N/A;N/A;N/A;N/A;N/A;N/A;N/A;N/A;N/A;N/A;N/A;N/A;N/A;N/A;N/A;N/A;N/A;N/A;N/A;N/A;N/A;N/A;N/A;N/A;N/A;N/A;N/A;N/A;N/A;N/A;N/A;N/A;N/A;N/A;N/A;N/A;N/A;N/A;N/A;N/A;N/A;N/A;N/A;N/A;N/A;N/A;N/A;N/A;N/A;N/A;N/A;N/A;N/A;N/A;N/A;N/A;N/A;N/A;N/A;N/A;N/A;;0;445.3;0;0;;Disabled;TempStop;1;740;491;0;0;0;599.9;549.9;Enabled;PosOk;1;20;0;0;0;0;15;Disabled;0;0;0;0;0;0;0;0;0;0;0;0;0;0;0;0;0;0;0;0;0;0;0;0;0;0;0;0;0;0;0;0;0;0;0;0;0;0;0;0;0;0;0;0;0;0;0;0;0;0;0;0;0;0;0;0;0;0;0;0;0;0;0;0;0;0;0;0;0;0;30;24;20;45;30;24;20;45;30;31;20;45;30;30;20;45;100;0;80;300;100;0;80;300;100;266;80;300;100;267;80;300;30;32;20;45;30;29;20;45;30;26;20;45;30;28;20;45;100;237;80;300;100;235;80;300;100;0;80;300;100;0;80;300;4;2;0.4;6;4;5;0.4;6;4;2;0.4;6;4;5;0.4;6;4;2;0.4;6;4;5;0.4;6;4;2;0.4;6;4;6;0.4;6;NOK;NOK;OK;4500;4591;4250;4800;OK;7.64;0;8;12;NOK;N/A;1.9;N/A;N/A;N/A;10;12.9;7;17;OK;;0;0;0;-;Disabled;TempOk;1;230;193;0;0;0;349.9;440474000 audi 597g-598h;440474000 audi 597g-598h;440474000 audi 597g-598h
20260331_00:47:52;25787;1;4;965;954.4;925;1005;OK;965;966.4;925;1005;OK;966.7;966.7;-20;-14.3;-50;-25;NOK;-20;-14.6;-50;-25;NOK;-18.3;-17.5;0;-20;-14.3;-50;-25;NOK;355;367;355;600;OK;0;0;N/A;N/A;N/A;N/A;N/A;N/A;N/A;N/A;N/A;N/A;N/A;N/A;N/A;N/A;N/A;N/A;N/A;N/A;N/A;N/A;N/A;N/A;N/A;N/A;N/A;N/A;N/A;N/A;N/A;N/A;N/A;N/A;N/A;N/A;N/A;N/A;N/A;N/A;N/A;N/A;N/A;N/A;N/A;N/A;N/A;N/A;N/A;N/A;N/A;N/A;N/A;N/A;N/A;N/A;N/A;N/A;N/A;N/A;N/A;N/A;N/A;N/A;N/A;N/A;N/A;N/A;N/A;N/A;N/A;N/A;N/A;N/A;N/A;N/A;N/A;N/A;N/A;N/A;N/A;N/A;N/A;N/A;N/A;N/A;N/A;N/A;N/A;N/A;N/A;N/A;N/A;N/A;N/A;N/A;N/A;N/A;N/A;N/A;;0;442.8;0;0;;Disabled;TempStop;1;740;489.4;0;0;0;599.9;549.9;Enabled;PosOk;1;20;0;0;0;0;15;Disabled;0;0;0;0;0;0;0;0;0;0;0;0;0;0;0;0;0;0;0;0;0;0;0;0;0;0;0;0;0;0;0;0;0;0;0;0;0;0;0;0;0;0;0;0;0;0;0;0;0;0;0;0;0;0;0;0;0;0;0;0;0;0;0;0;0;0;0;0;0;0;30;24;20;45;30;24;20;45;30;32;20;45;30;30;20;45;100;0;80;300;100;0;80;300;100;266;80;300;100;265;80;300;30;33;20;45;30;30;20;45;30;26;20;45;30;28;20;45;100;237;80;300;100;235;80;300;100;0;80;300;100;0;80;300;4;2;0.4;6;4;5;0.4;6;4;2;0.4;6;4;5;0.4;6;4;2;0.4;6;4;5;0.4;6;4;2;0.4;6;4;6;0.4;6;NOK;NOK;OK;4500;4591;4250;4800;OK;7.64;0;8;12;NOK;N/A;1.9;N/A;N/A;N/A;10;14;7;17;OK;;0;0;0;-;Disabled;TempOk;1;230;196.5;0;0;0;349.9;440474000 audi 597g-598h;440474000 audi 597g-598h;440474000 audi 597g-598h
20260331_00:48:13;25788;4;5;965;931.8;925;1005;OK;965;927.7;925;1005;OK;918.2;923.7;-15;-13.4;-50;-5;OK;-15;-14.8;-50;-5;OK;-16.3;-15.3;0;-15;-13.3;-50;-5;OK;355;368;355;600;OK;162.58;163.12;N/A;N/A;N/A;N/A;N/A;N/A;N/A;N/A;N/A;N/A;N/A;N/A;N/A;N/A;N/A;N/A;N/A;N/A;N/A;N/A;N/A;N/A;N/A;N/A;N/A;N/A;N/A;N/A;N/A;N/A;N/A;N/A;N/A;N/A;N/A;N/A;N/A;N/A;N/A;N/A;N/A;N/A;N/A;N/A;N/A;N/A;N/A;N/A;N/A;N/A;N/A;N/A;N/A;N/A;N/A;N/A;N/A;N/A;N/A;N/A;N/A;N/A;N/A;N/A;N/A;N/A;N/A;N/A;N/A;N/A;N/A;N/A;N/A;N/A;N/A;N/A;N/A;N/A;N/A;N/A;N/A;N/A;N/A;N/A;N/A;N/A;N/A;N/A;N/A;N/A;N/A;N/A;N/A;N/A;N/A;N/A;N/A;N/A;;0;445.3;0;0;;Disabled;TempStop;1;740;491.1;0;0;0;599.9;549.9;Enabled;PosOk;1;20;0;0;0;0;15;Disabled;0;0;0;0;0;0;0;0;0;0;0;0;0;0;0;0;0;0;0;0;0;0;0;0;0;0;0;0;0;0;0;0;0;0;0;0;0;0;0;0;0;0;0;0;0;0;0;0;0;0;0;0;0;0;0;0;0;0;0;0;0;0;0;0;0;0;0;0;0;0;30;24;20;45;30;24;20;45;30;32;20;45;30;30;20;45;100;0;80;300;100;0;80;300;100;266;80;300;100;266;80;300;30;33;20;45;30;30;20;45;30;26;20;45;30;28;20;45;100;237;80;300;100;235;80;300;100;0;80;300;100;0;80;300;4;2;0.4;6;4;5;0.4;6;4;2;0.4;6;4;5;0.4;6;4;2;0.4;6;4;6;0.4;6;4;2;0.4;6;4;6;0.4;6;NOK;NOK;OK;4500;4593;4250;4800;OK;7.64;0;8;12;NOK;N/A;1.9;N/A;N/A;N/A;10;12.8;7;17;OK;;0;0;0;-;Disabled;TempOk;1;230;198.9;0;0;0;349.9;440474000 audi 597g-598h;440474000 audi 597g-598h;440474000 audi 597g-598h
20260331_00:48:34;25789;3;4;965;937.5;925;1005;OK;965;938.3;925;1005;OK;932.1;935.7;-20;-16.7;-50;-25;NOK;-20;-21.3;-50;-25;NOK;-23.1;-24;0;-20;-16.6;-50;-25;NOK;355;367;355;600;OK;0;0;N/A;N/A;N/A;N/A;N/A;N/A;N/A;N/A;N/A;N/A;N/A;N/A;N/A;N/A;N/A;N/A;N/A;N/A;N/A;N/A;N/A;N/A;N/A;N/A;N/A;N/A;N/A;N/A;N/A;N/A;N/A;N/A;N/A;N/A;N/A;N/A;N/A;N/A;N/A;N/A;N/A;N/A;N/A;N/A;N/A;N/A;N/A;N/A;N/A;N/A;N/A;N/A;N/A;N/A;N/A;N/A;N/A;N/A;N/A;N/A;N/A;N/A;N/A;N/A;N/A;N/A;N/A;N/A;N/A;N/A;N/A;N/A;N/A;N/A;N/A;N/A;N/A;N/A;N/A;N/A;N/A;N/A;N/A;N/A;N/A;N/A;N/A;N/A;N/A;N/A;N/A;N/A;N/A;N/A;N/A;N/A;N/A;N/A;;0;438.5;0;0;;Disabled;TempStop;1;740;483.2;0;0;0;599.9;549.9;Enabled;PosOk;1;20;0;0;0;0;15;Disabled;0;0;0;0;0;0;0;0;0;0;0;0;0;0;0;0;0;0;0;0;0;0;0;0;0;0;0;0;0;0;0;0;0;0;0;0;0;0;0;0;0;0;0;0;0;0;0;0;0;0;0;0;0;0;0;0;0;0;0;0;0;0;0;0;0;0;0;0;0;0;30;24;20;45;30;24;20;45;30;32;20;45;30;30;20;45;100;0;80;300;100;0;80;300;100;267;80;300;100;266;80;300;30;33;20;45;30;30;20;45;30;27;20;45;30;28;20;45;100;236;80;300;100;235;80;300;100;0;80;300;100;0;80;300;4;2;0.4;6;4;5;0.4;6;4;2;0.4;6;4;5;0.4;6;4;2;0.4;6;4;6;0.4;6;4;2;0.4;6;4;6;0.4;6;NOK;NOK;OK;4500;4593;4250;4800;OK;7.64;0;8;12;NOK;N/A;1.9;N/A;N/A;N/A;10;14.2;7;17;OK;;0;0;0;-;Disabled;TempOk;1;230;206.4;0;0;0;349.9;440474000 audi 597g-598h;440474000 audi 597g-598h;440474000 audi 597g-598h
20260331_00:49:37;25790;4;1;965;951.1;925;1005;OK;965;951.4;925;1005;OK;944.4;947.8;-15;-15.1;-50;-5;OK;-15;-16.9;-50;-5;OK;-17.2;-17.2;0;-15;-15.1;-50;-5;OK;355;368;355;600;OK;162.7;163.27;N/A;N/A;N/A;N/A;N/A;N/A;N/A;N/A;N/A;N/A;N/A;N/A;N/A;N/A;N/A;N/A;N/A;N/A;N/A;N/A;N/A;N/A;N/A;N/A;N/A;N/A;N/A;N/A;N/A;N/A;N/A;N/A;N/A;N/A;N/A;N/A;N/A;N/A;N/A;N/A;N/A;N/A;N/A;N/A;N/A;N/A;N/A;N/A;N/A;N/A;N/A;N/A;N/A;N/A;N/A;N/A;N/A;N/A;N/A;N/A;N/A;N/A;N/A;N/A;N/A;N/A;N/A;N/A;N/A;N/A;N/A;N/A;N/A;N/A;N/A;N/A;N/A;N/A;N/A;N/A;N/A;N/A;N/A;N/A;N/A;N/A;N/A;N/A;N/A;N/A;N/A;N/A;N/A;N/A;N/A;N/A;N/A;N/A;;0;446.3;0;0;;Disabled;TempStop;1;740;490.7;0;0;0;599.9;549.9;Enabled;PosOk;1;20;0;0;0;0;15;Disabled;0;0;0;0;0;0;0;0;0;0;0;0;0;0;0;0;0;0;0;0;0;0;0;0;0;0;0;0;0;0;0;0;0;0;0;0;0;0;0;0;0;0;0;0;0;0;0;0;0;0;0;0;0;0;0;0;0;0;0;0;0;0;0;0;0;0;0;0;0;0;30;24;20;45;30;24;20;45;30;30;20;45;30;30;20;45;100;0;80;300;100;0;80;300;100;265;80;300;100;265;80;300;30;31;20;45;30;30;20;45;30;26;20;45;30;28;20;45;100;236;80;300;100;235;80;300;100;0;80;300;100;0;80;300;4;2;0.4;6;4;5;0.4;6;4;2;0.4;6;4;5;0.4;6;4;2;0.4;6;4;5;0.4;6;4;2;0.4;6;4;6;0.4;6;NOK;NOK;OK;4500;4602;4250;4800;OK;7.64;0;8;12;NOK;N/A;1.9;N/A;N/A;N/A;10;12.8;7;17;OK;;0;0;0;-;Disabled;TempOk;1;230;170.8;0;0;0;349.9;440474000 audi 597g-598h;440474000 audi 597g-598h;440474000 audi 597g-598h
20260331_00:50:19;25792;2;2;965;955.7;925;1005;OK;965;966.4;925;1005;OK;968;966.8;-15;-26.3;-50;-20;OK;-15;-26.8;-50;-20;OK;-23.4;-25;0;-15;-26.4;-50;-20;OK;355;368;355;600;OK;0;0;N/A;N/A;N/A;N/A;N/A;N/A;N/A;N/A;N/A;N/A;N/A;N/A;N/A;N/A;N/A;N/A;N/A;N/A;N/A;N/A;N/A;N/A;N/A;N/A;N/A;N/A;N/A;N/A;N/A;N/A;N/A;N/A;N/A;N/A;N/A;N/A;N/A;N/A;N/A;N/A;N/A;N/A;N/A;N/A;N/A;N/A;N/A;N/A;N/A;N/A;N/A;N/A;N/A;N/A;N/A;N/A;N/A;N/A;N/A;N/A;N/A;N/A;N/A;N/A;N/A;N/A;N/A;N/A;N/A;N/A;N/A;N/A;N/A;N/A;N/A;N/A;N/A;N/A;N/A;N/A;N/A;N/A;N/A;N/A;N/A;N/A;N/A;N/A;N/A;N/A;N/A;N/A;N/A;N/A;N/A;N/A;N/A;N/A;;0;450.6;0;0;;Disabled;TempStop;1;740;494.2;0;0;0;599.9;549.9;Enabled;PosOk;1;20;0;0;0;0;15;Disabled;0;0;0;0;0;0;0;0;0;0;0;0;0;0;0;0;0;0;0;0;0;0;0;0;0;0;0;0;0;0;0;0;0;0;0;0;0;0;0;0;0;0;0;0;0;0;0;0;0;0;0;0;0;0;0;0;0;0;0;0;0;0;0;0;0;0;0;0;0;0;30;24;20;45;30;24;20;45;30;31;20;45;30;30;20;45;100;0;80;300;100;0;80;300;100;267;80;300;100;266;80;300;30;32;20;45;30;30;20;45;30;26;20;45;30;28;20;45;100;237;80;300;100;235;80;300;100;0;80;300;100;0;80;300;4;2;0.4;6;4;6;0.4;6;4;2;0.4;6;4;5;0.4;6;4;2;0.4;6;4;6;0.4;6;4;2;0.4;6;4;5;0.4;6;NOK;NOK;OK;4500;4595;4250;4800;OK;7.64;0;8;12;NOK;N/A;1.9;N/A;N/A;N/A;10;12.9;7;17;OK;;0;0;0;-;Disabled;TempOk;1;230;174;0;0;0;349.9;440474000 audi 597g-598h;440474000 audi 597g-598h;440474000 audi 597g-598h
20260331_00:50:52;25791;1;2;965;920.8;925;1005;NOK;965;923.3;925;1005;NOK;916.2;920.3;-20;-19.4;-50;-25;NOK;-20;-19.4;-50;-25;NOK;-19;-19.1;0;-20;-19.4;-50;-25;NOK;355;367;355;600;OK;0;0;;;;;;;;;;;;;;;;;;;;;;;;;;;;;;;;;;;;;;;;;;;;;;;;;;;;;;;;;;;;;;;;;;;;;;;;;;;;;;;;;;;;;;;;;;;;;;;;;;;;;;;;;;;;;;;;;;;;;;;;;;;;;;;;;;;;;;;;;;;;;;;;;;;;;;;;;;;;;;;;;;;;;;;;;;;;;;;;;;;;;;;;;;;;;;;;;;;;;;;;;;;;;;;;;;;;;;;;;;;;;;;;;;;;;;;;;;;;;;;;;;;;;;;;;;;;;;;;;;;;;;;;;;;;;;;;;;;;;;;;;;;;;;;;;;;;;;;;;;;;;;;;;;;;;;;;;;;;;;;;;;;;;;;;440474000 audi 597g-598h;;;;
20260331_00:51:44;25793;4;2;965;943.6;925;1005;OK;965;943.9;925;1005;OK;937.5;941.1;-15;-13.1;-50;-5;OK;-15;-15.2;-50;-5;OK;-18.7;-17.9;0;-15;-13.1;-50;-5;OK;355;368;355;600;OK;162.87;163.48;N/A;N/A;N/A;N/A;N/A;N/A;N/A;N/A;N/A;N/A;N/A;N/A;N/A;N/A;N/A;N/A;N/A;N/A;N/A;N/A;N/A;N/A;N/A;N/A;N/A;N/A;N/A;N/A;N/A;N/A;N/A;N/A;N/A;N/A;N/A;N/A;N/A;N/A;N/A;N/A;N/A;N/A;N/A;N/A;N/A;N/A;N/A;N/A;N/A;N/A;N/A;N/A;N/A;N/A;N/A;N/A;N/A;N/A;N/A;N/A;N/A;N/A;N/A;N/A;N/A;N/A;N/A;N/A;N/A;N/A;N/A;N/A;N/A;N/A;N/A;N/A;N/A;N/A;N/A;N/A;N/A;N/A;N/A;N/A;N/A;N/A;N/A;N/A;N/A;N/A;N/A;N/A;N/A;N/A;N/A;N/A;N/A;N/A;;0;443.1;0;0;;Disabled;TempStop;1;740;488.2;0;0;0;599.9;549.9;Enabled;PosOk;1;20;0;0;0;0;15;Disabled;0;0;0;0;0;0;0;0;0;0;0;0;0;0;0;0;0;0;0;0;0;0;0;0;0;0;0;0;0;0;0;0;0;0;0;0;0;0;0;0;0;0;0;0;0;0;0;0;0;0;0;0;0;0;0;0;0;0;0;0;0;0;0;0;0;0;0;0;0;0;30;24;20;45;30;24;20;45;30;30;20;45;30;30;20;45;100;0;80;300;100;0;80;300;100;266;80;300;100;265;80;300;30;32;20;45;30;30;20;45;30;26;20;45;30;28;20;45;100;237;80;300;100;235;80;300;100;0;80;300;100;0;80;300;4;2;0.4;6;4;5;0.4;6;4;2;0.4;6;4;5;0.4;6;4;2;0.4;6;4;5;0.4;6;4;2;0.4;6;4;6;0.4;6;NOK;NOK;OK;4500;4595;4250;4800;OK;7.64;0;8;12;NOK;N/A;1.9;N/A;N/A;N/A;10;13.3;7;17;OK;;0;0;0;-;Disabled;TempOk;1;230;172.5;0;0;0;349.9;440474000 audi 597g-598h;440474000 audi 597g-598h;440474000 audi 597g-598h
20260331_00:52:47;25794;1;3;965;944.7;925;1005;OK;965;946.3;925;1005;OK;940.4;944.8;-20;-16.2;-50;-25;NOK;-20;-17.4;-50;-25;NOK;-20.4;-20.5;0;-20;-16.2;-50;-25;NOK;355;367;355;600;OK;0;0;N/A;N/A;N/A;N/A;N/A;N/A;N/A;N/A;N/A;N/A;N/A;N/A;N/A;N/A;N/A;N/A;N/A;N/A;N/A;N/A;N/A;N/A;N/A;N/A;N/A;N/A;N/A;N/A;N/A;N/A;N/A;N/A;N/A;N/A;N/A;N/A;N/A;N/A;N/A;N/A;N/A;N/A;N/A;N/A;N/A;N/A;N/A;N/A;N/A;N/A;N/A;N/A;N/A;N/A;N/A;N/A;N/A;N/A;N/A;N/A;N/A;N/A;N/A;N/A;N/A;N/A;N/A;N/A;N/A;N/A;N/A;N/A;N/A;N/A;N/A;N/A;N/A;N/A;N/A;N/A;N/A;N/A;N/A;N/A;N/A;N/A;N/A;N/A;N/A;N/A;N/A;N/A;N/A;N/A;N/A;N/A;N/A;N/A;;0;443.8;0;0;;Disabled;TempStop;1;740;489.3;0;0;0;599.9;549.9;Enabled;PosOk;1;20;0;0;0;0;15;Disabled;0;0;0;0;0;0;0;0;0;0;0;0;0;0;0;0;0;0;0;0;0;0;0;0;0;0;0;0;0;0;0;0;0;0;0;0;0;0;0;0;0;0;0;0;0;0;0;0;0;0;0;0;0;0;0;0;0;0;0;0;0;0;0;0;0;0;0;0;52;16;30;24;20;45;30;24;20;45;30;30;20;45;30;29;20;45;100;0;80;300;100;0;80;300;100;266;80;300;100;266;80;300;30;31;20;45;30;29;20;45;30;26;20;45;30;28;20;45;100;237;80;300;100;236;80;300;100;0;80;300;100;0;80;300;4;2;0.4;6;4;5;0.4;6;4;2;0.4;6;4;5;0.4;6;4;2;0.4;6;4;6;0.4;6;4;2;0.4;6;4;6;0.4;6;NOK;NOK;OK;4500;4601;4250;4800;OK;7.64;0;8;12;NOK;N/A;1.9;N/A;N/A;N/A;10;14;7;17;OK;;0;0;0;-;Disabled;TempOk;1;230;172.5;0;0;0;349.9;440474000 audi 597g-598h;440474000 audi 597g-598h;440474000 audi 597g-598h
20260331_01:13:06;25797;4;1;965;943.9;925;1005;OK;965;937.2;925;1005;OK;926.9;932.6;-15;-12.5;-50;-5;OK;-15;-18.7;-50;-5;OK;-19.8;-19.8;0;-15;-12.5;-50;-5;OK;355;369;355;600;OK;164.86;165.5;;;;;;;;;;;;;;;;;;;;;;;;;;;;;;;;;;;;;;;;;;;;;;;;;;;;;;;;;;;;;;;;;;;;;;;;;;;;;;;;;;;;;;;;;;;;;;;;;;;;;;;;;;;;;;;;;;;;;;;;;;;;;;;;;;;;;;;;;;;;;;;;;;;;;;;;;;;;;;;;;;;;;;;;;;;;;;;;;;;;;;;;;;;;;;;;;;;;;;;;;;;;;;;;;;;;;;;;;;;;;;;;;;;;;;;;;;;;;;;;;;;;;;;;;;;;;;;;;;;;;;;;;;;;;;;;;;;;;;;;;;;;;;;;;;;;;;;;;;;;;;;;;;;;;;;;;;;;;;;;;;;;;;;;440474000 audi 597g-598h;;;;
20260331_01:13:57;25796;1;1;965;927.6;925;1005;OK;965;952.3;925;1005;OK;938.4;944.1;-20;-16.4;-50;-25;NOK;-20;-16;-50;-25;NOK;-16.4;-16.1;0;-20;-16.4;-50;-25;NOK;355;395;355;600;OK;0;0;N/A;N/A;N/A;N/A;N/A;N/A;N/A;N/A;N/A;N/A;N/A;N/A;N/A;N/A;N/A;N/A;N/A;N/A;N/A;N/A;N/A;N/A;N/A;N/A;N/A;N/A;N/A;N/A;N/A;N/A;N/A;N/A;N/A;N/A;N/A;N/A;N/A;N/A;N/A;N/A;N/A;N/A;N/A;N/A;N/A;N/A;N/A;N/A;N/A;N/A;N/A;N/A;N/A;N/A;N/A;N/A;N/A;N/A;N/A;N/A;N/A;N/A;N/A;N/A;N/A;N/A;N/A;N/A;N/A;N/A;N/A;N/A;N/A;N/A;N/A;N/A;N/A;N/A;N/A;N/A;N/A;N/A;N/A;N/A;N/A;N/A;N/A;N/A;N/A;N/A;N/A;N/A;N/A;N/A;N/A;N/A;N/A;N/A;;0;444.1;0;0;;Disabled;TempStop;1;740;490.3;0;0;0;599.9;549.9;Enabled;PosOk;1;20;0;0;0;0;15;Disabled;0;0;0;0;0;0;0;0;0;0;0;0;0;0;0;0;0;0;0;0;0;0;0;0;0;0;0;0;0;0;0;0;0;0;0;0;0;0;0;0;0;0;0;0;0;0;0;0;0;0;0;0;0;0;0;0;0;0;0;0;0;0;0;0;0;0;0;0;0;0;30;23;20;45;30;23;20;45;30;30;20;45;30;29;20;45;100;0;80;300;100;0;80;300;100;266;80;300;100;266;80;300;30;31;20;45;30;29;20;45;30;26;20;45;30;28;20;45;100;236;80;300;100;235;80;300;100;0;80;300;100;0;80;300;4;2;0.4;6;4;5;0.4;6;4;2;0.4;6;4;5;0.4;6;4;2;0.4;6;4;5;0.4;6;4;2;0.4;6;4;6;0.4;6;NOK;NOK;OK;4500;4607;4250;4800;OK;7.64;0;8;12;NOK;N/A;1.9;N/A;N/A;N/A;10;14;7;17;OK;;0;0;0;-;Disabled;TempOk;1;230;176.5;0;0;0;349.9;440474000 audi 597g-598h;440474000 audi 597g-598h;440474000 audi 597g-598h
20260331_01:14:18;25799;2;2;965;961.3;925;1005;OK;965;965.8;925;1005;OK;966.2;965.6;-15;-45.8;-50;-20;OK;-15;-31.7;-50;-20;OK;-27.7;-29.4;0;-15;-45.9;-50;-20;OK;355;369;355;600;OK;0;0;N/A;N/A;N/A;N/A;N/A;N/A;N/A;N/A;N/A;N/A;N/A;N/A;N/A;N/A;N/A;N/A;N/A;N/A;N/A;N/A;N/A;N/A;N/A;N/A;N/A;N/A;N/A;N/A;N/A;N/A;N/A;N/A;N/A;N/A;N/A;N/A;N/A;N/A;N/A;N/A;N/A;N/A;N/A;N/A;N/A;N/A;N/A;N/A;N/A;N/A;N/A;N/A;N/A;N/A;N/A;N/A;N/A;N/A;N/A;N/A;N/A;N/A;N/A;N/A;N/A;N/A;N/A;N/A;N/A;N/A;N/A;N/A;N/A;N/A;N/A;N/A;N/A;N/A;N/A;N/A;N/A;N/A;N/A;N/A;N/A;N/A;N/A;N/A;N/A;N/A;N/A;N/A;N/A;N/A;N/A;N/A;N/A;N/A;;0;447;0;0;;Disabled;TempStop;1;740;490.9;0;0;0;599.9;549.9;Enabled;PosOk;1;20;0;0;0;0;15;Disabled;0;0;0;0;0;0;0;0;0;0;0;0;0;0;0;0;0;0;0;0;0;0;0;0;0;0;0;0;0;0;0;0;0;0;0;0;0;0;0;0;0;0;0;0;0;0;0;0;0;0;0;0;0;0;0;0;0;0;0;0;0;0;0;0;0;0;0;0;0;0;30;24;20;45;30;24;20;45;30;30;20;45;30;29;20;45;100;0;80;300;100;0;80;300;100;265;80;300;100;265;80;300;30;31;20;45;30;29;20;45;30;26;20;45;30;28;20;45;100;236;80;300;100;235;80;300;100;0;80;300;100;0;80;300;4;2;0.4;6;4;5;0.4;6;4;2;0.4;6;4;5;0.4;6;4;2;0.4;6;4;5;0.4;6;4;2;0.4;6;4;6;0.4;6;NOK;NOK;OK;4500;4602;4250;4800;OK;7.64;0;8;12;NOK;N/A;1.9;N/A;N/A;N/A;10;12.9;7;17;OK;;0;0;0;-;Disabled;TempOk;1;230;192.4;0;0;0;349.9;440474000 audi 597g-598h;440474000 audi 597g-598h;440474000 audi 597g-598h
20260331_01:15:00;25800;4;2;965;949.2;925;1005;OK;965;937.4;925;1005;OK;929.6;934.6;-15;-12.5;-50;-5;OK;-15;-21.2;-50;-5;OK;-20.8;-21.6;0;-15;-12.3;-50;-5;OK;355;371;355;600;OK;164.99;165.6;N/A;N/A;N/A;N/A;N/A;N/A;N/A;N/A;N/A;N/A;N/A;N/A;N/A;N/A;N/A;N/A;N/A;N/A;N/A;N/A;N/A;N/A;N/A;N/A;N/A;N/A;N/A;N/A;N/A;N/A;N/A;N/A;N/A;N/A;N/A;N/A;N/A;N/A;N/A;N/A;N/A;N/A;N/A;N/A;N/A;N/A;N/A;N/A;N/A;N/A;N/A;N/A;N/A;N/A;N/A;N/A;N/A;N/A;N/A;N/A;N/A;N/A;N/A;N/A;N/A;N/A;N/A;N/A;N/A;N/A;N/A;N/A;N/A;N/A;N/A;N/A;N/A;N/A;N/A;N/A;N/A;N/A;N/A;N/A;N/A;N/A;N/A;N/A;N/A;N/A;N/A;N/A;N/A;N/A;N/A;N/A;N/A;N/A;;0;445.9;0;0;;Disabled;TempStop;1;740;491.2;0;0;0;599.9;549.9;Enabled;PosOk;1;20;0;0;0;0;15;Disabled;0;0;0;0;0;0;0;0;0;0;0;0;0;0;0;0;0;0;0;0;0;0;0;0;0;0;0;0;0;0;0;0;0;0;0;0;0;0;0;0;0;0;0;0;0;0;0;0;0;0;0;0;0;0;0;0;0;0;0;0;0;0;0;0;0;0;0;0;0;0;30;23;20;45;30;23;20;45;30;30;20;45;30;29;20;45;100;0;80;300;100;0;80;300;100;266;80;300;100;266;80;300;30;31;20;45;30;29;20;45;30;26;20;45;30;28;20;45;100;237;80;300;100;235;80;300;100;0;80;300;100;0;80;300;4;2;0.4;6;4;5;0.4;6;4;2;0.4;6;4;5;0.4;6;4;2;0.4;6;4;6;0.4;6;4;2;0.4;6;4;6;0.4;6;NOK;NOK;OK;4500;4600;4250;4800;OK;7.64;0;8;12;NOK;N/A;1.9;N/A;N/A;N/A;10;13;7;17;OK;;0;0;0;-;Disabled;TempOk;1;230;184.5;0;0;0;349.9;440474000 audi 597g-598h;440474000 audi 597g-598h;440474000 audi 597g-598h
20260331_01:15:42;25801;4;3;965;946;925;1005;OK;965;933.3;925;1005;OK;928.1;931.1;-15;-17.2;-50;-5;OK;-15;-21.4;-50;-5;OK;-22.4;-22.5;0;-15;-17.1;-50;-5;OK;355;371;355;600;OK;165.07;165.66;N/A;N/A;N/A;N/A;N/A;N/A;N/A;N/A;N/A;N/A;N/A;N/A;N/A;N/A;N/A;N/A;N/A;N/A;N/A;N/A;N/A;N/A;N/A;N/A;N/A;N/A;N/A;N/A;N/A;N/A;N/A;N/A;N/A;N/A;N/A;N/A;N/A;N/A;N/A;N/A;N/A;N/A;N/A;N/A;N/A;N/A;N/A;N/A;N/A;N/A;N/A;N/A;N/A;N/A;N/A;N/A;N/A;N/A;N/A;N/A;N/A;N/A;N/A;N/A;N/A;N/A;N/A;N/A;N/A;N/A;N/A;N/A;N/A;N/A;N/A;N/A;N/A;N/A;N/A;N/A;N/A;N/A;N/A;N/A;N/A;N/A;N/A;N/A;N/A;N/A;N/A;N/A;N/A;N/A;N/A;N/A;N/A;N/A;;0;440.2;0;0;;Disabled;TempStop;1;740;486.1;0;0;0;599.9;549.9;Enabled;PosOk;1;20;0;0;0;0;15;Disabled;0;0;0;0;0;0;0;0;0;0;0;0;0;0;0;0;0;0;0;0;0;0;0;0;0;0;0;0;0;0;0;0;0;0;0;0;0;0;0;0;0;0;0;0;0;0;0;0;0;0;0;0;0;0;0;0;0;0;0;0;0;0;0;0;0;0;0;0;0;0;30;23;20;45;30;24;20;45;30;30;20;45;30;29;20;45;100;0;80;300;100;0;80;300;100;266;80;300;100;265;80;300;30;31;20;45;30;29;20;45;30;26;20;45;30;28;20;45;100;237;80;300;100;235;80;300;100;0;80;300;100;0;80;300;4;2;0.4;6;4;6;0.4;6;4;2;0.4;6;4;5;0.4;6;4;2;0.4;6;4;6;0.4;6;4;2;0.4;6;4;5;0.4;6;NOK;NOK;OK;4500;4601;4250;4800;OK;7.64;0;8;12;NOK;N/A;1.9;N/A;N/A;N/A;10;12.8;7;17;OK;;0;0;0;-;Disabled;TempOk;1;230;173.6;0;0;0;349.9;440474000 audi 597g-598h;440474000 audi 597g-598h;440474000 audi 597g-598h
20260331_01:20:20;25802;4;5;965;937.2;925;1005;OK;965;955.4;925;1005;OK;907.9;915.6;-15;-17.6;-50;-5;OK;-15;-21.8;-50;-5;OK;-22.5;-20.5;0;-15;-17.6;-50;-5;OK;355;528;355;600;OK;165.29;166.16;N/A;N/A;N/A;N/A;N/A;N/A;N/A;N/A;N/A;N/A;N/A;N/A;N/A;N/A;N/A;N/A;N/A;N/A;N/A;N/A;N/A;N/A;N/A;N/A;N/A;N/A;N/A;N/A;N/A;N/A;N/A;N/A;N/A;N/A;N/A;N/A;N/A;N/A;N/A;N/A;N/A;N/A;N/A;N/A;N/A;N/A;N/A;N/A;N/A;N/A;N/A;N/A;N/A;N/A;N/A;N/A;N/A;N/A;N/A;N/A;N/A;N/A;N/A;N/A;N/A;N/A;N/A;N/A;N/A;N/A;N/A;N/A;N/A;N/A;N/A;N/A;N/A;N/A;N/A;N/A;N/A;N/A;N/A;N/A;N/A;N/A;N/A;N/A;N/A;N/A;N/A;N/A;N/A;N/A;N/A;N/A;N/A;N/A;;0;446.5;0;0;;Disabled;TempStop;1;740;495.8;0;0;0;599.9;549.9;Enabled;PosOk;1;20;0;0;0;0;15;Disabled;0;0;0;0;0;0;0;0;0;0;0;0;0;0;0;0;0;0;0;0;0;0;0;0;0;0;0;0;0;0;0;0;0;0;0;0;0;0;0;0;0;0;0;0;0;0;0;0;0;0;0;0;0;0;0;0;0;0;0;0;0;0;0;0;0;0;0;0;0;0;30;23;20;45;30;24;20;45;30;30;20;45;30;30;20;45;100;0;80;300;100;0;80;300;100;266;80;300;100;265;80;300;30;31;20;45;30;30;20;45;30;26;20;45;30;28;20;45;100;237;80;300;100;234;80;300;100;0;80;300;100;0;80;300;4;2;0.4;6;4;5;0.4;6;4;2;0.4;6;4;5;0.4;6;4;2;0.4;6;4;6;0.4;6;4;2;0.4;6;4;5;0.4;6;NOK;NOK;OK;4500;4606;4250;4800;OK;7.64;0;8;12;NOK;N/A;1.9;N/A;N/A;N/A;10;12.8;7;17;OK;;0;0;0;-;Disabled;TempOk;1;230;166.5;0;0;0;349.9;440474000 audi 597g-598h;440474000 audi 597g-598h;440474000 audi 597g-598h
20260331_01:21:02;25804;2;2;965;954.3;925;1005;OK;965;965;925;1005;OK;961.3;965.3;-15;-32.3;-50;-20;OK;-15;-29.7;-50;-20;OK;-25.2;-26.7;0;-15;-32.4;-50;-20;OK;355;392;355;600;OK;0;0;N/A;N/A;N/A;N/A;N/A;N/A;N/A;N/A;N/A;N/A;N/A;N/A;N/A;N/A;N/A;N/A;N/A;N/A;N/A;N/A;N/A;N/A;N/A;N/A;N/A;N/A;N/A;N/A;N/A;N/A;N/A;N/A;N/A;N/A;N/A;N/A;N/A;N/A;N/A;N/A;N/A;N/A;N/A;N/A;N/A;N/A;N/A;N/A;N/A;N/A;N/A;N/A;N/A;N/A;N/A;N/A;N/A;N/A;N/A;N/A;N/A;N/A;N/A;N/A;N/A;N/A;N/A;N/A;N/A;N/A;N/A;N/A;N/A;N/A;N/A;N/A;N/A;N/A;N/A;N/A;N/A;N/A;N/A;N/A;N/A;N/A;N/A;N/A;N/A;N/A;N/A;N/A;N/A;N/A;N/A;N/A;N/A;N/A;;0;447.8;0;0;;Disabled;TempStop;1;740;492.4;0;0;0;599.9;549.9;Enabled;PosOk;1;20;0;0;0;0;15;Disabled;0;0;0;0;0;0;0;0;0;0;0;0;0;0;0;0;0;0;0;0;0;0;0;0;0;0;0;0;0;0;0;0;0;0;0;0;0;0;0;0;0;0;0;0;0;0;0;0;0;0;0;0;0;0;0;0;0;0;0;0;0;0;0;0;0;0;0;0;0;0;30;23;20;45;30;24;20;45;30;31;20;45;30;30;20;45;100;0;80;300;100;0;80;300;100;266;80;300;100;265;80;300;30;32;20;45;30;30;20;45;30;26;20;45;30;28;20;45;100;238;80;300;100;235;80;300;100;0;80;300;100;0;80;300;4;2;0.4;6;4;5;0.4;6;4;2;0.4;6;4;5;0.4;6;4;2;0.4;6;4;6;0.4;6;4;2;0.4;6;4;6;0.4;6;NOK;NOK;OK;4500;4603;4250;4800;OK;7.64;0;8;12;NOK;N/A;1.9;N/A;N/A;N/A;10;-30.1;7;17;NOK;;0;0;0;-;Disabled;TempOk;1;230;182.3;0;0;0;349.9;440474000 audi 597g-598h;440474000 audi 597g-598h;440474000 audi 597g-598h
20260331_01:24:50;25803;1;2;965;958.4;925;1005;OK;965;966.2;925;1005;OK;965;965.1;-20;-18.4;-50;-25;NOK;-20;-19.4;-50;-25;NOK;-14.9;-15.3;0;-20;-18.5;-50;-25;NOK;355;788;355;600;NOK;0;0;;;;;;;;;;;;;;;;;;;;;;;;;;;;;;;;;;;;;;;;;;;;;;;;;;;;;;;;;;;;;;;;;;;;;;;;;;;;;;;;;;;;;;;;;;;;;;;;;;;;;;;;;;;;;;;;;;;;;;;;;;;;;;;;;;;;;;;;;;;;;;;;;;;;;;;;;;;;;;;;;;;;;;;;;;;;;;;;;;;;;;;;;;;;;;;;;;;;;;;;;;;;;;;;;;;;;;;;;;;;;;;;;;;;;;;;;;;;;;;;;;;;;;;;;;;;;;;;;;;;;;;;;;;;;;;;;;;;;;;;;;;;;;;;;;;;;;;;;;;;;;;;;;;;;;;;;;;;;;;;;;;;;;;;440474000 audi 597g-598h;;;;
20260331_01:25:32;25805;3;2;965;960.8;925;1005;OK;965;966.2;925;1005;OK;950.8;952.8;-20;-32.4;-50;-25;OK;-20;-15.9;-50;-25;NOK;-22.7;-23.6;0;-20;-31.9;-50;-25;OK;355;790;355;600;NOK;0;0;;;;;;;;;;;;;;;;;;;;;;;;;;;;;;;;;;;;;;;;;;;;;;;;;;;;;;;;;;;;;;;;;;;;;;;;;;;;;;;;;;;;;;;;;;;;;;;;;;;;;;;;;;;;;;;;;;;;;;;;;;;;;;;;;;;;;;;;;;;;;;;;;;;;;;;;;;;;;;;;;;;;;;;;;;;;;;;;;;;;;;;;;;;;;;;;;;;;;;;;;;;;;;;;;;;;;;;;;;;;;;;;;;;;;;;;;;;;;;;;;;;;;;;;;;;;;;;;;;;;;;;;;;;;;;;;;;;;;;;;;;;;;;;;;;;;;;;;;;;;;;;;;;;;;;;;;;;;;;;;;;;;;;;;440474000 audi 597g-598h;;;;
20260331_01:26:14;25806;1;1;965;938.4;925;1005;OK;965;947.3;925;1005;OK;956;960.4;-20;-16.1;-50;-25;NOK;-20;-15.9;-50;-25;NOK;-16.7;-17;0;-20;-16.1;-50;-25;NOK;355;755;355;600;NOK;0;0;;;;;;;;;;;;;;;;;;;;;;;;;;;;;;;;;;;;;;;;;;;;;;;;;;;;;;;;;;;;;;;;;;;;;;;;;;;;;;;;;;;;;;;;;;;;;;;;;;;;;;;;;;;;;;;;;;;;;;;;;;;;;;;;;;;;;;;;;;;;;;;;;;;;;;;;;;;;;;;;;;;;;;;;;;;;;;;;;;;;;;;;;;;;;;;;;;;;;;;;;;;;;;;;;;;;;;;;;;;;;;;;;;;;;;;;;;;;;;;;;;;;;;;;;;;;;;;;;;;;;;;;;;;;;;;;;;;;;;;;;;;;;;;;;;;;;;;;;;;;;;;;;;;;;;;;;;;;;;;;;;;;;;;;440474000 audi 597g-598h;;;;
20260331_01:26:56;25807;1;3;965;961.8;925;1005;OK;965;966.8;925;1005;OK;967.5;966.7;-20;-17.4;-50;-25;NOK;-20;-16.8;-50;-25;NOK;-20.1;-20.5;0;-20;-17.4;-50;-25;NOK;355;780;355;600;NOK;0;0;;;;;;;;;;;;;;;;;;;;;;;;;;;;;;;;;;;;;;;;;;;;;;;;;;;;;;;;;;;;;;;;;;;;;;;;;;;;;;;;;;;;;;;;;;;;;;;;;;;;;;;;;;;;;;;;;;;;;;;;;;;;;;;;;;;;;;;;;;;;;;;;;;;;;;;;;;;;;;;;;;;;;;;;;;;;;;;;;;;;;;;;;;;;;;;;;;;;;;;;;;;;;;;;;;;;;;;;;;;;;;;;;;;;;;;;;;;;;;;;;;;;;;;;;;;;;;;;;;;;;;;;;;;;;;;;;;;;;;;;;;;;;;;;;;;;;;;;;;;;;;;;;;;;;;;;;;;;;;;;;;;;;;;;440474000 audi 597g-598h;;;;
20260331_01:30:58;25808;3;1;965;959.1;925;1005;OK;965;952.6;925;1005;OK;951.9;952.3;-20;-6;-50;-25;NOK;-20;-17.5;-50;-25;NOK;-15.5;-16.5;0;-20;-6.3;-50;-25;NOK;355;383;355;600;OK;0;0;N/A;N/A;N/A;N/A;N/A;N/A;N/A;N/A;N/A;N/A;N/A;N/A;N/A;N/A;N/A;N/A;N/A;N/A;N/A;N/A;N/A;N/A;N/A;N/A;N/A;N/A;N/A;N/A;N/A;N/A;N/A;N/A;N/A;N/A;N/A;N/A;N/A;N/A;N/A;N/A;N/A;N/A;N/A;N/A;N/A;N/A;N/A;N/A;N/A;N/A;N/A;N/A;N/A;N/A;N/A;N/A;N/A;N/A;N/A;N/A;N/A;N/A;N/A;N/A;N/A;N/A;N/A;N/A;N/A;N/A;N/A;N/A;N/A;N/A;N/A;N/A;N/A;N/A;N/A;N/A;N/A;N/A;N/A;N/A;N/A;N/A;N/A;N/A;N/A;N/A;N/A;N/A;N/A;N/A;N/A;N/A;N/A;N/A;;0;443.3;0;0;;Disabled;TempStop;1;740;489.3;0;0;0;599.9;549.9;Enabled;PosOk;1;20;0;0;0;0;15;Disabled;0;0;0;0;0;0;0;0;0;0;0;0;0;0;0;0;0;0;0;0;0;0;0;0;0;0;0;0;0;0;0;0;0;0;0;0;0;0;0;0;0;0;0;0;0;0;0;0;0;0;0;0;0;0;0;0;0;0;0;0;0;0;0;0;0;0;0;0;26;56;30;23;20;45;30;23;20;45;30;30;20;45;30;30;20;45;100;0;80;300;100;0;80;300;100;266;80;300;100;266;80;300;30;31;20;45;30;30;20;45;30;26;20;45;30;28;20;45;100;237;80;300;100;236;80;300;100;0;80;300;100;0;80;300;4;2;0.4;6;4;5;0.4;6;4;2;0.4;6;4;5;0.4;6;4;2;0.4;6;4;5;0.4;6;4;2;0.4;6;4;5;0.4;6;NOK;NOK;OK;4500;4604;4250;4800;OK;7.64;0;8;12;NOK;N/A;1.9;N/A;N/A;N/A;10;14.2;7;17;OK;;0;0;0;-;Disabled;TempOk;1;230;169;0;0;0;349.9;440474000 audi 597g-598h;440474000 audi 597g-598h;440474000 audi 597g-598h
20260331_01:34:09;25810;2;1;965;962;925;1005;OK;965;944.1;925;1005;OK;939.9;942.5;-15;-37.2;-50;-20;OK;-15;-27.3;-50;-20;OK;-25;-26.2;0;-15;-37.2;-50;-20;OK;355;359;355;600;OK;0;0;N/A;N/A;N/A;N/A;N/A;N/A;N/A;N/A;N/A;N/A;N/A;N/A;N/A;N/A;N/A;N/A;N/A;N/A;N/A;N/A;N/A;N/A;N/A;N/A;N/A;N/A;N/A;N/A;N/A;N/A;N/A;N/A;N/A;N/A;N/A;N/A;N/A;N/A;N/A;N/A;N/A;N/A;N/A;N/A;N/A;N/A;N/A;N/A;N/A;N/A;N/A;N/A;N/A;N/A;N/A;N/A;N/A;N/A;N/A;N/A;N/A;N/A;N/A;N/A;N/A;N/A;N/A;N/A;N/A;N/A;N/A;N/A;N/A;N/A;N/A;N/A;N/A;N/A;N/A;N/A;N/A;N/A;N/A;N/A;N/A;N/A;N/A;N/A;N/A;N/A;N/A;N/A;N/A;N/A;N/A;N/A;N/A;N/A;;0;440.9;0;0;;Disabled;TempStop;1;740;485.1;0;0;0;599.9;549.9;Enabled;PosOk;1;20;0;0;0;0;15;Disabled;0;0;0;0;0;0;0;0;0;0;0;0;0;0;0;0;0;0;0;0;0;0;0;0;0;0;0;0;0;0;0;0;0;0;0;0;0;0;0;0;0;0;0;0;0;0;0;0;0;0;0;0;0;0;0;0;0;0;0;0;0;0;0;0;0;0;0;0;0;0;30;24;20;45;30;23;20;45;30;30;20;45;30;30;20;45;100;1;80;300;100;0;80;300;100;266;80;300;100;266;80;300;30;31;20;45;30;30;20;45;30;26;20;45;30;28;20;45;100;237;80;300;100;235;80;300;100;0;80;300;100;0;80;300;4;2;0.4;6;4;5;0.4;6;4;2;0.4;6;4;5;0.4;6;4;2;0.4;6;4;6;0.4;6;4;2;0.4;6;4;6;0.4;6;NOK;NOK;OK;4500;4601;4250;4800;OK;7.64;0;8;12;NOK;N/A;1.9;N/A;N/A;N/A;10;13.4;7;17;OK;;0;0;0;-;Disabled;TempOk;1;230;166.4;0;0;0;349.9;440474000 audi 597g-598h;440474000 audi 597g-598h;440474000 audi 597g-598h
20260331_01:34:30;25811;1;1;965;941.3;925;1005;OK;965;930.4;925;1005;OK;924.8;928.3;-20;-9.7;-50;-25;NOK;-20;-17.1;-50;-25;NOK;-16.5;-16.8;0;-20;-9.8;-50;-25;NOK;355;363;355;600;OK;0;0;N/A;N/A;N/A;N/A;N/A;N/A;N/A;N/A;N/A;N/A;N/A;N/A;N/A;N/A;N/A;N/A;N/A;N/A;N/A;N/A;N/A;N/A;N/A;N/A;N/A;N/A;N/A;N/A;N/A;N/A;N/A;N/A;N/A;N/A;N/A;N/A;N/A;N/A;N/A;N/A;N/A;N/A;N/A;N/A;N/A;N/A;N/A;N/A;N/A;N/A;N/A;N/A;N/A;N/A;N/A;N/A;N/A;N/A;N/A;N/A;N/A;N/A;N/A;N/A;N/A;N/A;N/A;N/A;N/A;N/A;N/A;N/A;N/A;N/A;N/A;N/A;N/A;N/A;N/A;N/A;N/A;N/A;N/A;N/A;N/A;N/A;N/A;N/A;N/A;N/A;N/A;N/A;N/A;N/A;N/A;N/A;N/A;N/A;;0;434.1;0;0;;Disabled;TempStop;1;740;480.4;0;0;0;599.9;549.9;Enabled;PosOk;1;20;0;0;0;0;15;Disabled;0;0;0;0;0;0;0;0;0;0;0;0;0;0;0;0;0;0;0;0;0;0;0;0;0;0;0;0;0;0;0;0;0;0;0;0;0;0;0;0;0;0;0;0;0;0;0;0;0;0;0;0;0;0;0;0;0;0;0;0;0;0;0;0;0;0;0;0;0;0;30;23;20;45;30;23;20;45;30;32;20;45;30;30;20;45;100;0;80;300;100;0;80;300;100;267;80;300;100;266;80;300;30;32;20;45;30;30;20;45;30;26;20;45;30;28;20;45;100;237;80;300;100;235;80;300;100;0;80;300;100;0;80;300;4;2;0.4;6;4;5;0.4;6;4;2;0.4;6;4;5;0.4;6;4;2;0.4;6;4;6;0.4;6;4;2;0.4;6;4;6;0.4;6;NOK;NOK;OK;4500;4597;4250;4800;OK;7.64;0;8;12;NOK;N/A;1.9;N/A;N/A;N/A;10;13.9;7;17;OK;;0;0;0;-;Disabled;TempOk;1;230;191.7;0;0;0;349.9;440474000 audi 597g-598h;440474000 audi 597g-598h;440474000 audi 597g-598h
20260331_01:34:51;25812;4;1;965;961.9;925;1005;OK;965;965.3;925;1005;OK;965.9;965.4;-15;-17.4;-50;-5;OK;-15;-12.2;-50;-5;OK;-12.6;-11.9;0;-15;-17.3;-50;-5;OK;355;361;355;600;OK;166.85;167.33;N/A;N/A;N/A;N/A;N/A;N/A;N/A;N/A;N/A;N/A;N/A;N/A;N/A;N/A;N/A;N/A;N/A;N/A;N/A;N/A;N/A;N/A;N/A;N/A;N/A;N/A;N/A;N/A;N/A;N/A;N/A;N/A;N/A;N/A;N/A;N/A;N/A;N/A;N/A;N/A;N/A;N/A;N/A;N/A;N/A;N/A;N/A;N/A;N/A;N/A;N/A;N/A;N/A;N/A;N/A;N/A;N/A;N/A;N/A;N/A;N/A;N/A;N/A;N/A;N/A;N/A;N/A;N/A;N/A;N/A;N/A;N/A;N/A;N/A;N/A;N/A;N/A;N/A;N/A;N/A;N/A;N/A;N/A;N/A;N/A;N/A;N/A;N/A;N/A;N/A;N/A;N/A;N/A;N/A;N/A;N/A;N/A;N/A;;0;450.2;0;0;;Disabled;TempStop;1;740;495.7;0;0;0;599.9;549.9;Enabled;PosOk;1;20;0;0;0;0;15;Disabled;0;0;0;0;0;0;0;0;0;0;0;0;0;0;0;0;0;0;0;0;0;0;0;0;0;0;0;0;0;0;0;0;0;0;0;0;0;0;0;0;0;0;0;0;0;0;0;0;0;0;0;0;0;0;0;0;0;0;0;0;0;0;0;0;0;0;0;0;0;0;30;23;20;45;30;23;20;45;30;32;20;45;30;30;20;45;100;0;80;300;100;0;80;300;100;266;80;300;100;266;80;300;30;33;20;45;30;30;20;45;30;26;20;45;30;28;20;45;100;237;80;300;100;235;80;300;100;0;80;300;100;0;80;300;4;2;0.4;6;4;5;0.4;6;4;2;0.4;6;4;5;0.4;6;4;2;0.4;6;4;6;0.4;6;4;2;0.4;6;4;5;0.4;6;NOK;NOK;OK;4500;4590;4250;4800;OK;7.64;0;8;12;NOK;N/A;1.9;N/A;N/A;N/A;10;12.8;7;17;OK;;0;0;0;-;Disabled;TempOk;1;230;193.1;0;0;0;349.9;440474000 audi 597g-598h;440474000 audi 597g-598h;440474000 audi 597g-598h
20260331_01:35:12;25813;1;2;965;962.5;925;1005;OK;965;954.2;925;1005;OK;950.6;952.7;-20;-13.4;-50;-25;NOK;-20;-17.9;-50;-25;NOK;-17.1;-17.4;0;-20;-13.4;-50;-25;NOK;355;364;355;600;OK;0;0;N/A;N/A;N/A;N/A;N/A;N/A;N/A;N/A;N/A;N/A;N/A;N/A;N/A;N/A;N/A;N/A;N/A;N/A;N/A;N/A;N/A;N/A;N/A;N/A;N/A;N/A;N/A;N/A;N/A;N/A;N/A;N/A;N/A;N/A;N/A;N/A;N/A;N/A;N/A;N/A;N/A;N/A;N/A;N/A;N/A;N/A;N/A;N/A;N/A;N/A;N/A;N/A;N/A;N/A;N/A;N/A;N/A;N/A;N/A;N/A;N/A;N/A;N/A;N/A;N/A;N/A;N/A;N/A;N/A;N/A;N/A;N/A;N/A;N/A;N/A;N/A;N/A;N/A;N/A;N/A;N/A;N/A;N/A;N/A;N/A;N/A;N/A;N/A;N/A;N/A;N/A;N/A;N/A;N/A;N/A;N/A;N/A;N/A;;0;447.9;0;0;;Disabled;TempStop;1;740;494.3;0;0;0;599.9;549.9;Enabled;PosOk;1;20;0;0;0;0;15;Disabled;0;0;0;0;0;0;0;0;0;0;0;0;0;0;0;0;0;0;0;0;0;0;0;0;0;0;0;0;0;0;0;0;0;0;0;0;0;0;0;0;0;0;0;0;0;0;0;0;0;0;0;0;0;0;0;0;0;0;0;0;0;0;0;0;0;0;0;0;0;0;30;23;20;45;30;23;20;45;30;32;20;45;30;30;20;45;100;0;80;300;100;0;80;300;100;267;80;300;100;266;80;300;30;33;20;45;30;30;20;45;30;26;20;45;30;28;20;45;100;237;80;300;100;235;80;300;100;0;80;300;100;0;80;300;4;2;0.4;6;4;5;0.4;6;4;2;0.4;6;4;5;0.4;6;4;2;0.4;6;4;6;0.4;6;4;2;0.4;6;4;5;0.4;6;NOK;NOK;OK;4500;4594;4250;4800;OK;7.64;0;8;12;NOK;N/A;1.9;N/A;N/A;N/A;10;14;7;17;OK;;0;0;0;-;Disabled;TempOk;1;230;210.6;0;0;0;349.9;440474000 audi 597g-598h;440474000 audi 597g-598h;440474000 audi 597g-598h
20260331_01:35:33;25814;2;2;965;961.7;925;1005;OK;965;966;925;1005;OK;966.8;965.8;-15;-33.9;-50;-20;OK;-15;-28;-50;-20;OK;-25.5;-26.8;0;-15;-33.9;-50;-20;OK;355;361;355;600;OK;0;0;N/A;N/A;N/A;N/A;N/A;N/A;N/A;N/A;N/A;N/A;N/A;N/A;N/A;N/A;N/A;N/A;N/A;N/A;N/A;N/A;N/A;N/A;N/A;N/A;N/A;N/A;N/A;N/A;N/A;N/A;N/A;N/A;N/A;N/A;N/A;N/A;N/A;N/A;N/A;N/A;N/A;N/A;N/A;N/A;N/A;N/A;N/A;N/A;N/A;N/A;N/A;N/A;N/A;N/A;N/A;N/A;N/A;N/A;N/A;N/A;N/A;N/A;N/A;N/A;N/A;N/A;N/A;N/A;N/A;N/A;N/A;N/A;N/A;N/A;N/A;N/A;N/A;N/A;N/A;N/A;N/A;N/A;N/A;N/A;N/A;N/A;N/A;N/A;N/A;N/A;N/A;N/A;N/A;N/A;N/A;N/A;N/A;N/A;;0;450.9;0;0;;Disabled;TempStop;1;740;494.5;0;0;0;599.9;549.9;Enabled;PosOk;1;20;0;0;0;0;15;Disabled;0;0;0;0;0;0;0;0;0;0;0;0;0;0;0;0;0;0;0;0;0;0;0;0;0;0;0;0;0;0;0;0;0;0;0;0;0;0;0;0;0;0;0;0;0;0;0;0;0;0;0;0;0;0;0;0;0;0;0;0;0;0;0;0;0;0;0;0;0;0;30;23;20;45;30;23;20;45;30;32;20;45;30;30;20;45;100;0;80;300;100;0;80;300;100;267;80;300;100;266;80;300;30;33;20;45;30;30;20;45;30;26;20;45;30;28;20;45;100;238;80;300;100;236;80;300;100;0;80;300;100;0;80;300;4;2;0.4;6;4;5;0.4;6;4;2;0.4;6;4;5;0.4;6;4;2;0.4;6;4;5;0.4;6;4;2;0.4;6;4;5;0.4;6;NOK;NOK;OK;4500;4596;4250;4800;OK;7.64;0;8;12;NOK;N/A;1.9;N/A;N/A;N/A;10;13.5;7;17;OK;;0;0;0;-;Disabled;TempOk;1;230;200.7;0;0;0;349.9;440474000 audi 597g-598h;440474000 audi 597g-598h;440474000 audi 597g-598h
20260331_01:35:54;25815;3;2;965;962.3;925;1005;OK;965;957;925;1005;OK;953.5;955.6;-20;-17.1;-50;-25;NOK;-20;-19;-50;-25;NOK;-16.6;-17.6;0;-20;-17.3;-50;-25;NOK;355;366;355;600;OK;0;0;N/A;N/A;N/A;N/A;N/A;N/A;N/A;N/A;N/A;N/A;N/A;N/A;N/A;N/A;N/A;N/A;N/A;N/A;N/A;N/A;N/A;N/A;N/A;N/A;N/A;N/A;N/A;N/A;N/A;N/A;N/A;N/A;N/A;N/A;N/A;N/A;N/A;N/A;N/A;N/A;N/A;N/A;N/A;N/A;N/A;N/A;N/A;N/A;N/A;N/A;N/A;N/A;N/A;N/A;N/A;N/A;N/A;N/A;N/A;N/A;N/A;N/A;N/A;N/A;N/A;N/A;N/A;N/A;N/A;N/A;N/A;N/A;N/A;N/A;N/A;N/A;N/A;N/A;N/A;N/A;N/A;N/A;N/A;N/A;N/A;N/A;N/A;N/A;N/A;N/A;N/A;N/A;N/A;N/A;N/A;N/A;N/A;N/A;;0;448.3;0;0;;Disabled;TempStop;1;740;493.8;0;0;0;599.9;549.9;Enabled;PosOk;1;20;0;0;0;0;15;Disabled;0;0;0;0;0;0;0;0;0;0;0;0;0;0;0;0;0;0;0;0;0;0;0;0;0;0;0;0;0;0;0;0;0;0;0;0;0;0;0;0;0;0;0;0;0;0;0;0;0;0;0;0;0;0;0;0;0;0;0;0;0;0;0;0;0;0;0;0;0;0;30;23;20;45;30;23;20;45;30;32;20;45;30;30;20;45;100;0;80;300;100;0;80;300;100;267;80;300;100;266;80;300;30;33;20;45;30;30;20;45;30;26;20;45;30;28;20;45;100;237;80;300;100;236;80;300;100;0;80;300;100;0;80;300;4;2;0.4;6;4;5;0.4;6;4;2;0.4;6;4;5;0.4;6;4;2;0.4;6;4;6;0.4;6;4;2;0.4;6;4;6;0.4;6;NOK;NOK;OK;4500;4596;4250;4800;OK;7.64;0;8;12;NOK;N/A;1.9;N/A;N/A;N/A;10;14;7;17;OK;;0;0;0;-;Disabled;TempOk;1;230;201.2;0;0;0;349.9;440474000 audi 597g-598h;440474000 audi 597g-598h;440474000 audi 597g-598h
20260331_01:36:15;25816;4;2;965;963;925;1005;OK;965;969.1;925;1005;OK;969.2;969.2;-15;-14.8;-50;-5;OK;-15;-13.4;-50;-5;OK;-15.6;-15.2;0;-15;-14.6;-50;-5;OK;355;363;355;600;OK;166.98;167.43;N/A;N/A;N/A;N/A;N/A;N/A;N/A;N/A;N/A;N/A;N/A;N/A;N/A;N/A;N/A;N/A;N/A;N/A;N/A;N/A;N/A;N/A;N/A;N/A;N/A;N/A;N/A;N/A;N/A;N/A;N/A;N/A;N/A;N/A;N/A;N/A;N/A;N/A;N/A;N/A;N/A;N/A;N/A;N/A;N/A;N/A;N/A;N/A;N/A;N/A;N/A;N/A;N/A;N/A;N/A;N/A;N/A;N/A;N/A;N/A;N/A;N/A;N/A;N/A;N/A;N/A;N/A;N/A;N/A;N/A;N/A;N/A;N/A;N/A;N/A;N/A;N/A;N/A;N/A;N/A;N/A;N/A;N/A;N/A;N/A;N/A;N/A;N/A;N/A;N/A;N/A;N/A;N/A;N/A;N/A;N/A;N/A;N/A;;0;452.1;0;0;;Disabled;TempStop;1;740;498.3;0;0;0;599.9;549.9;Enabled;PosOk;1;20;0;0;0;0;15;Disabled;0;0;0;0;0;0;0;0;0;0;0;0;0;0;0;0;0;0;0;0;0;0;0;0;0;0;0;0;0;0;0;0;0;0;0;0;0;0;0;0;0;0;0;0;0;0;0;0;0;0;0;0;0;0;0;0;0;0;0;0;0;0;0;0;0;0;0;0;0;0;30;23;20;45;30;23;20;45;30;32;20;45;30;30;20;45;100;0;80;300;100;0;80;300;100;267;80;300;100;267;80;300;30;34;20;45;30;30;20;45;30;26;20;45;30;28;20;45;100;238;80;300;100;235;80;300;100;0;80;300;100;0;80;300;4;2;0.4;6;4;5;0.4;6;4;2;0.4;6;4;5;0.4;6;4;2;0.4;6;4;6;0.4;6;4;2;0.4;6;4;5;0.4;6;NOK;NOK;OK;4500;4596;4250;4800;OK;7.64;0;8;12;NOK;N/A;1.9;N/A;N/A;N/A;10;12.9;7;17;OK;;0;0;0;-;Disabled;TempOk;1;230;201.1;0;0;0;349.9;440474000 audi 597g-598h;440474000 audi 597g-598h;440474000 audi 597g-598h
20260331_01:36:36;25817;1;3;965;962.4;925;1005;OK;965;969.3;925;1005;OK;969.8;969.6;-20;-13.4;-50;-25;NOK;-20;-15.5;-50;-25;NOK;-19.6;-18.9;0;-20;-13.5;-50;-25;NOK;355;366;355;600;OK;0;0;N/A;N/A;N/A;N/A;N/A;N/A;N/A;N/A;N/A;N/A;N/A;N/A;N/A;N/A;N/A;N/A;N/A;N/A;N/A;N/A;N/A;N/A;N/A;N/A;N/A;N/A;N/A;N/A;N/A;N/A;N/A;N/A;N/A;N/A;N/A;N/A;N/A;N/A;N/A;N/A;N/A;N/A;N/A;N/A;N/A;N/A;N/A;N/A;N/A;N/A;N/A;N/A;N/A;N/A;N/A;N/A;N/A;N/A;N/A;N/A;N/A;N/A;N/A;N/A;N/A;N/A;N/A;N/A;N/A;N/A;N/A;N/A;N/A;N/A;N/A;N/A;N/A;N/A;N/A;N/A;N/A;N/A;N/A;N/A;N/A;N/A;N/A;N/A;N/A;N/A;N/A;N/A;N/A;N/A;N/A;N/A;N/A;N/A;;0;452.8;0;0;;Disabled;TempStop;1;740;499.2;0;0;0;599.9;549.9;Enabled;PosOk;1;20;0;0;0;0;15;Disabled;0;0;0;0;0;0;0;0;0;0;0;0;0;0;0;0;0;0;0;0;0;0;0;0;0;0;0;0;0;0;0;0;0;0;0;0;0;0;0;0;0;0;0;0;0;0;0;0;0;0;0;0;0;0;0;0;0;0;0;0;0;0;0;0;0;0;0;0;0;0;30;23;20;45;30;23;20;45;30;32;20;45;30;30;20;45;100;0;80;300;100;0;80;300;100;266;80;300;100;266;80;300;30;33;20;45;30;30;20;45;30;26;20;45;30;28;20;45;100;237;80;300;100;235;80;300;100;0;80;300;100;0;80;300;4;2;0.4;6;4;6;0.4;6;4;2;0.4;6;4;5;0.4;6;4;2;0.4;6;4;6;0.4;6;4;2;0.4;6;4;6;0.4;6;NOK;NOK;OK;4500;4593;4250;4800;OK;7.64;0;8;12;NOK;N/A;1.9;N/A;N/A;N/A;10;14;7;17;OK;;0;0;0;-;Disabled;TempOk;1;230;205.8;0;0;0;349.9;440474000 audi 597g-598h;440474000 audi 597g-598h;440474000 audi 597g-598h
20260331_01:36:58;25818;4;3;965;963.3;925;1005;OK;965;967.5;925;1005;OK;968.1;967.6;-15;-18.6;-50;-5;OK;-15;-15;-50;-5;OK;-17.6;-16.5;0;-15;-18.5;-50;-5;OK;355;364;355;600;OK;167.05;167.49;N/A;N/A;N/A;N/A;N/A;N/A;N/A;N/A;N/A;N/A;N/A;N/A;N/A;N/A;N/A;N/A;N/A;N/A;N/A;N/A;N/A;N/A;N/A;N/A;N/A;N/A;N/A;N/A;N/A;N/A;N/A;N/A;N/A;N/A;N/A;N/A;N/A;N/A;N/A;N/A;N/A;N/A;N/A;N/A;N/A;N/A;N/A;N/A;N/A;N/A;N/A;N/A;N/A;N/A;N/A;N/A;N/A;N/A;N/A;N/A;N/A;N/A;N/A;N/A;N/A;N/A;N/A;N/A;N/A;N/A;N/A;N/A;N/A;N/A;N/A;N/A;N/A;N/A;N/A;N/A;N/A;N/A;N/A;N/A;N/A;N/A;N/A;N/A;N/A;N/A;N/A;N/A;N/A;N/A;N/A;N/A;N/A;N/A;;0;453.6;0;0;;Disabled;TempStop;1;740;500.3;0;0;0;599.9;549.9;Enabled;PosOk;1;20;0;0;0;0;15;Disabled;0;0;0;0;0;0;0;0;0;0;0;0;0;0;0;0;0;0;0;0;0;0;0;0;0;0;0;0;0;0;0;0;0;0;0;0;0;0;0;0;0;0;0;0;0;0;0;0;0;0;0;0;0;0;0;0;0;0;0;0;0;0;0;0;0;0;0;0;0;0;30;24;20;45;30;23;20;45;30;32;20;45;30;29;20;45;100;0;80;300;100;0;80;300;100;267;80;300;100;266;80;300;30;33;20;45;30;29;20;45;30;26;20;45;30;28;20;45;100;237;80;300;100;236;80;300;100;0;80;300;100;0;80;300;4;2;0.4;6;4;5;0.4;6;4;2;0.4;6;4;5;0.4;6;4;2;0.4;6;4;5;0.4;6;4;2;0.4;6;4;5;0.4;6;NOK;NOK;OK;4500;4595;4250;4800;OK;7.64;0;8;12;NOK;N/A;1.9;N/A;N/A;N/A;10;13.4;7;17;OK;;0;0;0;-;Disabled;TempOk;1;230;199.1;0;0;0;349.9;440474000 audi 597g-598h;440474000 audi 597g-598h;440474000 audi 597g-598h
20260331_01:37:19;25819;3;1;965;940.6;925;1005;OK;965;938.2;925;1005;OK;932.9;936;-20;-17.6;-50;-25;NOK;-20;-18;-50;-25;NOK;-16.7;-17.8;0;-20;-17.6;-50;-25;NOK;355;367;355;600;OK;0;0;N/A;N/A;N/A;N/A;N/A;N/A;N/A;N/A;N/A;N/A;N/A;N/A;N/A;N/A;N/A;N/A;N/A;N/A;N/A;N/A;N/A;N/A;N/A;N/A;N/A;N/A;N/A;N/A;N/A;N/A;N/A;N/A;N/A;N/A;N/A;N/A;N/A;N/A;N/A;N/A;N/A;N/A;N/A;N/A;N/A;N/A;N/A;N/A;N/A;N/A;N/A;N/A;N/A;N/A;N/A;N/A;N/A;N/A;N/A;N/A;N/A;N/A;N/A;N/A;N/A;N/A;N/A;N/A;N/A;N/A;N/A;N/A;N/A;N/A;N/A;N/A;N/A;N/A;N/A;N/A;N/A;N/A;N/A;N/A;N/A;N/A;N/A;N/A;N/A;N/A;N/A;N/A;N/A;N/A;N/A;N/A;N/A;N/A;;0;439.1;0;0;;Disabled;TempStop;1;740;485.4;0;0;0;599.9;549.9;Enabled;PosOk;1;20;0;0;0;0;15;Disabled;0;0;0;0;0;0;0;0;0;0;0;0;0;0;0;0;0;0;0;0;0;0;0;0;0;0;0;0;0;0;0;0;0;0;0;0;0;0;0;0;0;0;0;0;0;0;0;0;0;0;0;0;0;0;0;0;0;0;0;0;0;0;0;0;0;0;0;0;0;0;30;23;20;45;30;23;20;45;30;31;20;45;30;29;20;45;100;0;80;300;100;0;80;300;100;266;80;300;100;266;80;300;30;32;20;45;30;28;20;45;30;26;20;45;30;28;20;45;100;238;80;300;100;235;80;300;100;0;80;300;100;0;80;300;4;2;0.4;6;4;5;0.4;6;4;2;0.4;6;4;5;0.4;6;4;2;0.4;6;4;6;0.4;6;4;2;0.4;6;4;5;0.4;6;NOK;NOK;OK;4500;4591;4250;4800;OK;7.64;0;8;12;NOK;N/A;1.9;N/A;N/A;N/A;10;13.9;7;17;OK;;0;0;0;-;Disabled;TempOk;1;230;207.7;0;0;0;349.9;440474000 audi 597g-598h;440474000 audi 597g-598h;440474000 audi 597g-598h
20260331_01:37:40;25820;2;4;965;961.2;925;1005;OK;965;965.6;925;1005;OK;965.6;965.5;-15;-58.8;-50;-20;OK;-15;-32.3;-50;-20;OK;-29.3;-30.8;0;-15;-58.9;-50;-20;OK;355;364;355;600;OK;0;0;N/A;N/A;N/A;N/A;N/A;N/A;N/A;N/A;N/A;N/A;N/A;N/A;N/A;N/A;N/A;N/A;N/A;N/A;N/A;N/A;N/A;N/A;N/A;N/A;N/A;N/A;N/A;N/A;N/A;N/A;N/A;N/A;N/A;N/A;N/A;N/A;N/A;N/A;N/A;N/A;N/A;N/A;N/A;N/A;N/A;N/A;N/A;N/A;N/A;N/A;N/A;N/A;N/A;N/A;N/A;N/A;N/A;N/A;N/A;N/A;N/A;N/A;N/A;N/A;N/A;N/A;N/A;N/A;N/A;N/A;N/A;N/A;N/A;N/A;N/A;N/A;N/A;N/A;N/A;N/A;N/A;N/A;N/A;N/A;N/A;N/A;N/A;N/A;N/A;N/A;N/A;N/A;N/A;N/A;N/A;N/A;N/A;N/A;;0;452.5;0;0;;Disabled;TempStop;1;740;499.1;0;0;0;599.9;549.9;Enabled;PosOk;1;20;0;0;0;0;15;Disabled;0;0;0;0;0;0;0;0;0;0;0;0;0;0;0;0;0;0;0;0;0;0;0;0;0;0;0;0;0;0;0;0;0;0;0;0;0;0;0;0;0;0;0;0;0;0;0;0;0;0;0;0;0;0;0;0;0;0;0;0;0;0;0;0;0;0;0;0;0;0;30;23;20;45;30;23;20;45;30;31;20;45;30;29;20;45;100;0;80;300;100;0;80;300;100;266;80;300;100;266;80;300;30;32;20;45;30;29;20;45;30;26;20;45;30;28;20;45;100;237;80;300;100;235;80;300;100;0;80;300;100;0;80;300;4;2;0.4;6;4;5;0.4;6;4;2;0.4;6;4;5;0.4;6;4;2;0.4;6;4;6;0.4;6;4;2;0.4;6;4;6;0.4;6;NOK;NOK;OK;4500;4593;4250;4800;OK;7.64;0;8;12;NOK;N/A;1.9;N/A;N/A;N/A;10;12.8;7;17;OK;;0;0;0;-;Disabled;TempOk;1;230;200.4;0;0;0;349.9;440474000 audi 597g-598h;440474000 audi 597g-598h;440474000 audi 597g-598h
20260331_01:38:01;25821;3;3;965;962.8;925;1005;OK;965;967.6;925;1005;OK;968.5;968.3;-20;-21;-50;-25;NOK;-20;-18.4;-50;-25;NOK;-18;-18.8;0;-20;-20.9;-50;-25;NOK;355;393;355;600;OK;0;0;N/A;N/A;N/A;N/A;N/A;N/A;N/A;N/A;N/A;N/A;N/A;N/A;N/A;N/A;N/A;N/A;N/A;N/A;N/A;N/A;N/A;N/A;N/A;N/A;N/A;N/A;N/A;N/A;N/A;N/A;N/A;N/A;N/A;N/A;N/A;N/A;N/A;N/A;N/A;N/A;N/A;N/A;N/A;N/A;N/A;N/A;N/A;N/A;N/A;N/A;N/A;N/A;N/A;N/A;N/A;N/A;N/A;N/A;N/A;N/A;N/A;N/A;N/A;N/A;N/A;N/A;N/A;N/A;N/A;N/A;N/A;N/A;N/A;N/A;N/A;N/A;N/A;N/A;N/A;N/A;N/A;N/A;N/A;N/A;N/A;N/A;N/A;N/A;N/A;N/A;N/A;N/A;N/A;N/A;N/A;N/A;N/A;N/A;;0;446.9;0;0;;Disabled;TempStop;1;740;491.4;0;0;0;599.9;549.9;Enabled;PosOk;1;20;0;0;0;0;15;Disabled;0;0;0;0;0;0;0;0;0;0;0;0;0;0;0;0;0;0;0;0;0;0;0;0;0;0;0;0;0;0;0;0;0;0;0;0;0;0;0;0;0;0;0;0;0;0;0;0;0;0;0;0;0;0;0;0;0;0;0;0;0;0;0;0;0;0;0;0;0;0;30;23;20;45;30;23;20;45;30;31;20;45;30;29;20;45;100;0;80;300;100;0;80;300;100;267;80;300;100;265;80;300;30;32;20;45;30;29;20;45;30;26;20;45;30;28;20;45;100;237;80;300;100;235;80;300;100;0;80;300;100;0;80;300;4;2;0.4;6;4;5;0.4;6;4;2;0.4;6;4;5;0.4;6;4;2;0.4;6;4;6;0.4;6;4;2;0.4;6;4;5;0.4;6;NOK;NOK;OK;4500;4594;4250;4800;OK;7.64;0;8;12;NOK;N/A;1.9;N/A;N/A;N/A;10;14.1;7;17;OK;;0;0;0;-;Disabled;TempOk;1;230;199.9;0;0;0;349.9;440474000 audi 597g-598h;440474000 audi 597g-598h;440474000 audi 597g-598h
20260331_01:38:22;25823;4;4;965;959.5;925;1005;OK;965;972.6;925;1005;OK;972.4;972.5;-15;-19.1;-50;-5;OK;-15;-9.6;-50;-5;OK;-14.6;-12.2;0;-15;-19.2;-50;-5;OK;355;366;355;600;OK;167.18;167.63;N/A;N/A;N/A;N/A;N/A;N/A;N/A;N/A;N/A;N/A;N/A;N/A;N/A;N/A;N/A;N/A;N/A;N/A;N/A;N/A;N/A;N/A;N/A;N/A;N/A;N/A;N/A;N/A;N/A;N/A;N/A;N/A;N/A;N/A;N/A;N/A;N/A;N/A;N/A;N/A;N/A;N/A;N/A;N/A;N/A;N/A;N/A;N/A;N/A;N/A;N/A;N/A;N/A;N/A;N/A;N/A;N/A;N/A;N/A;N/A;N/A;N/A;N/A;N/A;N/A;N/A;N/A;N/A;N/A;N/A;N/A;N/A;N/A;N/A;N/A;N/A;N/A;N/A;N/A;N/A;N/A;N/A;N/A;N/A;N/A;N/A;N/A;N/A;N/A;N/A;N/A;N/A;N/A;N/A;N/A;N/A;N/A;N/A;;0;452.3;0;0;;Disabled;TempStop;1;740;498.7;0;0;0;599.9;549.9;Enabled;PosOk;1;20;0;0;0;0;15;Disabled;0;0;0;0;0;0;0;0;0;0;0;0;0;0;0;0;0;0;0;0;0;0;0;0;0;0;0;0;0;0;0;0;0;0;0;0;0;0;0;0;0;0;0;0;0;0;0;0;0;0;0;0;0;0;0;0;0;0;0;0;0;0;0;0;0;0;0;0;0;0;30;23;20;45;30;23;20;45;30;31;20;45;30;29;20;45;100;0;80;300;100;0;80;300;100;266;80;300;100;266;80;300;30;33;20;45;30;29;20;45;30;26;20;45;30;28;20;45;100;237;80;300;100;235;80;300;100;0;80;300;100;0;80;300;4;2;0.4;6;4;6;0.4;6;4;2;0.4;6;4;5;0.4;6;4;2;0.4;6;4;6;0.4;6;4;2;0.4;6;4;6;0.4;6;NOK;NOK;OK;4500;4587;4250;4800;OK;7.64;0;8;12;NOK;N/A;1.9;N/A;N/A;N/A;10;12.8;7;17;OK;;0;0;0;-;Disabled;TempOk;1;230;202;0;0;0;349.9;440474000 audi 597g-598h;440474000 audi 597g-598h;440474000 audi 597g-598h
20260331_01:38:43;25822;1;4;965;960.8;925;1005;OK;965;966.1;925;1005;OK;966.3;966.2;-20;-14;-50;-25;NOK;-20;-13.5;-50;-25;NOK;-17.4;-16;0;-20;-14;-50;-25;NOK;355;394;355;600;OK;0;0;N/A;N/A;N/A;N/A;N/A;N/A;N/A;N/A;N/A;N/A;N/A;N/A;N/A;N/A;N/A;N/A;N/A;N/A;N/A;N/A;N/A;N/A;N/A;N/A;N/A;N/A;N/A;N/A;N/A;N/A;N/A;N/A;N/A;N/A;N/A;N/A;N/A;N/A;N/A;N/A;N/A;N/A;N/A;N/A;N/A;N/A;N/A;N/A;N/A;N/A;N/A;N/A;N/A;N/A;N/A;N/A;N/A;N/A;N/A;N/A;N/A;N/A;N/A;N/A;N/A;N/A;N/A;N/A;N/A;N/A;N/A;N/A;N/A;N/A;N/A;N/A;N/A;N/A;N/A;N/A;N/A;N/A;N/A;N/A;N/A;N/A;N/A;N/A;N/A;N/A;N/A;N/A;N/A;N/A;N/A;N/A;N/A;N/A;;0;449.5;0;0;;Disabled;TempStop;1;740;497.2;0;0;0;599.9;549.9;Enabled;PosOk;1;20;0;0;0;0;15;Disabled;0;0;0;0;0;0;0;0;0;0;0;0;0;0;0;0;0;0;0;0;0;0;0;0;0;0;0;0;0;0;0;0;0;0;0;0;0;0;0;0;0;0;0;0;0;0;0;0;0;0;0;0;0;0;0;0;0;0;0;0;0;0;0;0;0;0;0;0;0;0;30;23;20;45;30;24;20;45;30;32;20;45;30;29;20;45;100;0;80;300;100;1;80;300;100;267;80;300;100;266;80;300;30;33;20;45;30;30;20;45;30;26;20;45;30;28;20;45;100;237;80;300;100;235;80;300;100;0;80;300;100;0;80;300;4;2;0.4;6;4;5;0.4;6;4;2;0.4;6;4;5;0.4;6;4;2;0.4;6;4;6;0.4;6;4;2;0.4;6;4;6;0.4;6;NOK;NOK;OK;4500;4590;4250;4800;OK;7.64;0;8;12;NOK;N/A;1.9;N/A;N/A;N/A;10;13.9;7;17;OK;;0;0;0;-;Disabled;TempOk;1;230;200.5;0;0;0;349.9;440474000 audi 597g-598h;440474000 audi 597g-598h;440474000 audi 597g-598h
20260331_01:39:04;25825;2;5;965;960.3;925;1005;OK;965;936.2;925;1005;OK;928.8;933.3;-15;-51;-50;-20;OK;-15;-31.4;-50;-20;OK;-30.3;-31.2;0;-15;-50.8;-50;-20;OK;355;367;355;600;OK;0;0;N/A;N/A;N/A;N/A;N/A;N/A;N/A;N/A;N/A;N/A;N/A;N/A;N/A;N/A;N/A;N/A;N/A;N/A;N/A;N/A;N/A;N/A;N/A;N/A;N/A;N/A;N/A;N/A;N/A;N/A;N/A;N/A;N/A;N/A;N/A;N/A;N/A;N/A;N/A;N/A;N/A;N/A;N/A;N/A;N/A;N/A;N/A;N/A;N/A;N/A;N/A;N/A;N/A;N/A;N/A;N/A;N/A;N/A;N/A;N/A;N/A;N/A;N/A;N/A;N/A;N/A;N/A;N/A;N/A;N/A;N/A;N/A;N/A;N/A;N/A;N/A;N/A;N/A;N/A;N/A;N/A;N/A;N/A;N/A;N/A;N/A;N/A;N/A;N/A;N/A;N/A;N/A;N/A;N/A;N/A;N/A;N/A;N/A;;0;446.8;0;0;;Disabled;TempStop;1;740;493.4;0;0;0;599.9;549.9;Enabled;PosOk;1;20;0;0;0;0;15;Disabled;0;0;0;0;0;0;0;0;0;0;0;0;0;0;0;0;0;0;0;0;0;0;0;0;0;0;0;0;0;0;0;0;0;0;0;0;0;0;0;0;0;0;0;0;0;0;0;0;0;0;0;0;0;0;0;0;0;0;0;0;0;0;0;0;0;0;0;0;0;0;30;23;20;45;30;24;20;45;30;32;20;45;30;30;20;45;100;0;80;300;100;0;80;300;100;266;80;300;100;266;80;300;30;33;20;45;30;30;20;45;30;26;20;45;30;28;20;45;100;237;80;300;100;235;80;300;100;0;80;300;100;0;80;300;4;2;0.4;6;4;5;0.4;6;4;2;0.4;6;4;5;0.4;6;4;2;0.4;6;4;6;0.4;6;4;2;0.4;6;4;6;0.4;6;NOK;NOK;OK;4500;4586;4250;4800;OK;7.64;0;8;12;NOK;N/A;1.9;N/A;N/A;N/A;10;12.9;7;17;OK;;0;0;0;-;Disabled;TempOk;1;230;205.9;0;0;0;349.9;440474000 audi 597g-598h;440474000 audi 597g-598h;440474000 audi 597g-598h
20260331_01:39:25;25824;3;4;965;961.5;925;1005;OK;965;967.5;925;1005;OK;968.4;967.8;-20;-20.5;-50;-25;NOK;-20;-18.5;-50;-25;NOK;-22.1;-21.8;0;-20;-20.3;-50;-25;NOK;355;396;355;600;OK;0;0;N/A;N/A;N/A;N/A;N/A;N/A;N/A;N/A;N/A;N/A;N/A;N/A;N/A;N/A;N/A;N/A;N/A;N/A;N/A;N/A;N/A;N/A;N/A;N/A;N/A;N/A;N/A;N/A;N/A;N/A;N/A;N/A;N/A;N/A;N/A;N/A;N/A;N/A;N/A;N/A;N/A;N/A;N/A;N/A;N/A;N/A;N/A;N/A;N/A;N/A;N/A;N/A;N/A;N/A;N/A;N/A;N/A;N/A;N/A;N/A;N/A;N/A;N/A;N/A;N/A;N/A;N/A;N/A;N/A;N/A;N/A;N/A;N/A;N/A;N/A;N/A;N/A;N/A;N/A;N/A;N/A;N/A;N/A;N/A;N/A;N/A;N/A;N/A;N/A;N/A;N/A;N/A;N/A;N/A;N/A;N/A;N/A;N/A;;0;445.6;0;0;;Disabled;TempStop;1;740;488.8;0;0;0;599.9;549.9;Enabled;PosOk;1;20;0;0;0;0;15;Disabled;0;0;0;0;0;0;0;0;0;0;0;0;0;0;0;0;0;0;0;0;0;0;0;0;0;0;0;0;0;0;0;0;0;0;0;0;0;0;0;0;0;0;0;0;0;0;0;0;0;0;0;0;0;0;0;0;0;0;0;0;0;0;0;0;0;0;0;0;0;0;30;23;20;45;30;23;20;45;30;32;20;45;30;30;20;45;100;0;80;300;100;0;80;300;100;266;80;300;100;265;80;300;30;33;20;45;30;30;20;45;30;26;20;45;30;28;20;45;100;237;80;300;100;235;80;300;100;0;80;300;100;0;80;300;4;2;0.4;6;4;5;0.4;6;4;2;0.4;6;4;5;0.4;6;4;2;0.4;6;4;6;0.4;6;4;2;0.4;6;4;5;0.4;6;NOK;NOK;OK;4500;4588;4250;4800;OK;7.64;0;8;12;NOK;N/A;1.9;N/A;N/A;N/A;10;14.6;7;17;OK;;0;0;0;-;Disabled;TempOk;1;230;199.9;0;0;0;349.9;440474000 audi 597g-598h;440474000 audi 597g-598h;440474000 audi 597g-598h
20260331_01:39:47;25827;4;5;965;960.9;925;1005;OK;965;965.9;925;1005;OK;966.5;967;-15;-14.6;-50;-5;OK;-15;-12.1;-50;-5;OK;-13.2;-12.9;0;-15;-14.4;-50;-5;OK;355;368;355;600;OK;167.24;167.76;N/A;N/A;N/A;N/A;N/A;N/A;N/A;N/A;N/A;N/A;N/A;N/A;N/A;N/A;N/A;N/A;N/A;N/A;N/A;N/A;N/A;N/A;N/A;N/A;N/A;N/A;N/A;N/A;N/A;N/A;N/A;N/A;N/A;N/A;N/A;N/A;N/A;N/A;N/A;N/A;N/A;N/A;N/A;N/A;N/A;N/A;N/A;N/A;N/A;N/A;N/A;N/A;N/A;N/A;N/A;N/A;N/A;N/A;N/A;N/A;N/A;N/A;N/A;N/A;N/A;N/A;N/A;N/A;N/A;N/A;N/A;N/A;N/A;N/A;N/A;N/A;N/A;N/A;N/A;N/A;N/A;N/A;N/A;N/A;N/A;N/A;N/A;N/A;N/A;N/A;N/A;N/A;N/A;N/A;N/A;N/A;N/A;N/A;;0;453.3;0;0;;Disabled;TempStop;1;740;499.8;0;0;0;599.9;549.9;Enabled;PosOk;1;20;0;0;0;0;15;Disabled;0;0;0;0;0;0;0;0;0;0;0;0;0;0;0;0;0;0;0;0;0;0;0;0;0;0;0;0;0;0;0;0;0;0;0;0;0;0;0;0;0;0;0;0;0;0;0;0;0;0;0;0;0;0;0;0;0;0;0;0;0;0;0;0;0;0;0;0;0;0;30;23;20;45;30;23;20;45;30;32;20;45;30;30;20;45;100;0;80;300;100;0;80;300;100;267;80;300;100;266;80;300;30;33;20;45;30;30;20;45;30;26;20;45;30;28;20;45;100;237;80;300;100;235;80;300;100;0;80;300;100;0;80;300;4;2;0.4;6;4;5;0.4;6;4;2;0.4;6;4;5;0.4;6;4;2;0.4;6;4;5;0.4;6;4;2;0.4;6;4;6;0.4;6;NOK;NOK;OK;4500;4596;4250;4800;OK;7.64;0;8;12;NOK;N/A;1.9;N/A;N/A;N/A;10;12.8;7;17;OK;;0;0;0;-;Disabled;TempOk;1;230;197.8;0;0;0;349.9;440474000 audi 597g-598h;440474000 audi 597g-598h;440474000 audi 597g-598h
20260331_01:40:08;25826;3;5;965;963;925;1005;OK;965;964.7;925;1005;OK;966.9;966.5;-20;-27.6;-50;-25;OK;-20;-22.9;-50;-25;NOK;-24.4;-24.8;0;-20;-27.3;-50;-25;OK;355;397;355;600;OK;0;0;N/A;N/A;N/A;N/A;N/A;N/A;N/A;N/A;N/A;N/A;N/A;N/A;N/A;N/A;N/A;N/A;N/A;N/A;N/A;N/A;N/A;N/A;N/A;N/A;N/A;N/A;N/A;N/A;N/A;N/A;N/A;N/A;N/A;N/A;N/A;N/A;N/A;N/A;N/A;N/A;N/A;N/A;N/A;N/A;N/A;N/A;N/A;N/A;N/A;N/A;N/A;N/A;N/A;N/A;N/A;N/A;N/A;N/A;N/A;N/A;N/A;N/A;N/A;N/A;N/A;N/A;N/A;N/A;N/A;N/A;N/A;N/A;N/A;N/A;N/A;N/A;N/A;N/A;N/A;N/A;N/A;N/A;N/A;N/A;N/A;N/A;N/A;N/A;N/A;N/A;N/A;N/A;N/A;N/A;N/A;N/A;N/A;N/A;;0;446.8;0;0;;Disabled;TempStop;1;740;493;0;0;0;599.9;549.9;Enabled;PosOk;1;20;0;0;0;0;15;Disabled;0;0;0;0;0;0;0;0;0;0;0;0;0;0;0;0;0;0;0;0;0;0;0;0;0;0;0;0;0;0;0;0;0;0;0;0;0;0;0;0;0;0;0;0;0;0;0;0;0;0;0;0;0;0;0;0;0;0;0;0;0;0;0;0;0;0;0;0;0;0;30;23;20;45;30;23;20;45;30;32;20;45;30;30;20;45;100;0;80;300;100;0;80;300;100;267;80;300;100;266;80;300;30;33;20;45;30;30;20;45;30;26;20;45;30;27;20;45;100;237;80;300;100;235;80;300;100;0;80;300;100;0;80;300;4;2;0.4;6;4;5;0.4;6;4;2;0.4;6;4;5;0.4;6;4;2;0.4;6;4;5;0.4;6;4;2;0.4;6;4;6;0.4;6;NOK;NOK;OK;4500;4590;4250;4800;OK;7.64;0;8;12;NOK;N/A;1.9;N/A;N/A;N/A;10;14;7;17;OK;;0;0;0;-;Disabled;TempOk;1;230;200.2;0;0;0;349.9;440474000 audi 597g-598h;440474000 audi 597g-598h;440474000 audi 597g-598h
20260331_01:40:19;25828;1;1;965;919.2;925;1005;NOK;965;918.8;925;1005;NOK;911.6;916;-20;-17.3;-50;-25;NOK;-20;-17.5;-50;-25;NOK;-16.7;-16.9;0;-20;-17.3;-50;-25;NOK;355;367;355;600;OK;0;0;;;;;;;;;;;;;;;;;;;;;;;;;;;;;;;;;;;;;;;;;;;;;;;;;;;;;;;;;;;;;;;;;;;;;;;;;;;;;;;;;;;;;;;;;;;;;;;;;;;;;;;;;;;;;;;;;;;;;;;;;;;;;;;;;;;;;;;;;;;;;;;;;;;;;;;;;;;;;;;;;;;;;;;;;;;;;;;;;;;;;;;;;;;;;;;;;;;;;;;;;;;;;;;;;;;;;;;;;;;;;;;;;;;;;;;;;;;;;;;;;;;;;;;;;;;;;;;;;;;;;;;;;;;;;;;;;;;;;;;;;;;;;;;;;;;;;;;;;;;;;;;;;;;;;;;;;;;;;;;;;;;;;;;;440474000 audi 597g-598h;;;;
20260331_01:40:29;25829;2;1;965;934.7;925;1005;OK;965;931.8;925;1005;OK;923.4;928.3;-15;-27.7;-50;-20;OK;-15;-24.3;-50;-20;OK;-21.8;-23;0;-15;-27.8;-50;-20;OK;355;368;355;600;OK;0;0;N/A;N/A;N/A;N/A;N/A;N/A;N/A;N/A;N/A;N/A;N/A;N/A;N/A;N/A;N/A;N/A;N/A;N/A;N/A;N/A;N/A;N/A;N/A;N/A;N/A;N/A;N/A;N/A;N/A;N/A;N/A;N/A;N/A;N/A;N/A;N/A;N/A;N/A;N/A;N/A;N/A;N/A;N/A;N/A;N/A;N/A;N/A;N/A;N/A;N/A;N/A;N/A;N/A;N/A;N/A;N/A;N/A;N/A;N/A;N/A;N/A;N/A;N/A;N/A;N/A;N/A;N/A;N/A;N/A;N/A;N/A;N/A;N/A;N/A;N/A;N/A;N/A;N/A;N/A;N/A;N/A;N/A;N/A;N/A;N/A;N/A;N/A;N/A;N/A;N/A;N/A;N/A;N/A;N/A;N/A;N/A;N/A;N/A;;0;443;0;0;;Disabled;TempStop;1;740;487.6;0;0;0;599.9;549.9;Enabled;PosOk;1;20;0;0;0;0;15;Disabled;0;0;0;0;0;0;0;0;0;0;0;0;0;0;0;0;0;0;0;0;0;0;0;0;0;0;0;0;0;0;0;0;0;0;0;0;0;0;0;0;0;0;0;0;0;0;0;0;0;0;0;0;0;0;0;0;0;0;0;0;0;0;0;0;0;0;0;0;0;0;30;23;20;45;30;23;20;45;30;32;20;45;30;30;20;45;100;0;80;300;100;0;80;300;100;266;80;300;100;266;80;300;30;33;20;45;30;30;20;45;30;26;20;45;30;28;20;45;100;237;80;300;100;235;80;300;100;0;80;300;100;0;80;300;4;2;0.4;6;4;5;0.4;6;4;2;0.4;6;4;5;0.4;6;4;2;0.4;6;4;6;0.4;6;4;2;0.4;6;4;6;0.4;6;NOK;NOK;OK;4500;4588;4250;4800;OK;7.64;0;8;12;NOK;N/A;1.9;N/A;N/A;N/A;10;12.9;7;17;OK;;0;0;0;-;Disabled;TempOk;1;230;205.1;0;0;0;349.9;440474000 audi 597g-598h;440474000 audi 597g-598h;440474000 audi 597g-598h
20260331_01:41:11;25830;4;1;965;952;925;1005;OK;965;968.2;925;1005;OK;966.6;966.9;-15;-12.5;-50;-5;OK;-15;-17.5;-50;-5;OK;-19.5;-18.9;0;-15;-12.5;-50;-5;OK;355;368;355;600;OK;167.35;167.88;N/A;N/A;N/A;N/A;N/A;N/A;N/A;N/A;N/A;N/A;N/A;N/A;N/A;N/A;N/A;N/A;N/A;N/A;N/A;N/A;N/A;N/A;N/A;N/A;N/A;N/A;N/A;N/A;N/A;N/A;N/A;N/A;N/A;N/A;N/A;N/A;N/A;N/A;N/A;N/A;N/A;N/A;N/A;N/A;N/A;N/A;N/A;N/A;N/A;N/A;N/A;N/A;N/A;N/A;N/A;N/A;N/A;N/A;N/A;N/A;N/A;N/A;N/A;N/A;N/A;N/A;N/A;N/A;N/A;N/A;N/A;N/A;N/A;N/A;N/A;N/A;N/A;N/A;N/A;N/A;N/A;N/A;N/A;N/A;N/A;N/A;N/A;N/A;N/A;N/A;N/A;N/A;N/A;N/A;N/A;N/A;N/A;N/A;;0;451.7;0;0;;Disabled;TempStop;1;740;495.3;0;0;0;599.9;549.9;Enabled;PosOk;1;20;0;0;0;0;15;Disabled;0;0;0;0;0;0;0;0;0;0;0;0;0;0;0;0;0;0;0;0;0;0;0;0;0;0;0;0;0;0;0;0;0;0;0;0;0;0;0;0;0;0;0;0;0;0;0;0;0;0;0;0;0;0;0;0;0;0;0;0;0;0;0;0;0;0;0;0;0;0;30;23;20;45;30;23;20;45;30;31;20;45;30;30;20;45;100;0;80;300;100;0;80;300;100;266;80;300;100;266;80;300;30;32;20;45;30;30;20;45;30;26;20;45;30;28;20;45;100;237;80;300;100;235;80;300;100;0;80;300;100;0;80;300;4;2;0.4;6;4;5;0.4;6;4;2;0.4;6;4;5;0.4;6;4;2;0.4;6;4;5;0.4;6;4;2;0.4;6;4;6;0.4;6;NOK;NOK;OK;4500;4595;4250;4800;OK;7.64;0;8;12;NOK;N/A;1.9;N/A;N/A;N/A;10;12.7;7;17;OK;;0;0;0;-;Disabled;TempOk;1;230;180.6;0;0;0;349.9;440474000 audi 597g-598h;440474000 audi 597g-598h;440474000 audi 597g-598h
20260331_01:41:32;25831;1;2;965;942.7;925;1005;OK;965;944.4;925;1005;OK;939;942.2;-20;-17.9;-50;-25;NOK;-20;-17.7;-50;-25;NOK;-16.9;-17.2;0;-20;-17.9;-50;-25;NOK;355;367;355;600;OK;0;0;N/A;N/A;N/A;N/A;N/A;N/A;N/A;N/A;N/A;N/A;N/A;N/A;N/A;N/A;N/A;N/A;N/A;N/A;N/A;N/A;N/A;N/A;N/A;N/A;N/A;N/A;N/A;N/A;N/A;N/A;N/A;N/A;N/A;N/A;N/A;N/A;N/A;N/A;N/A;N/A;N/A;N/A;N/A;N/A;N/A;N/A;N/A;N/A;N/A;N/A;N/A;N/A;N/A;N/A;N/A;N/A;N/A;N/A;N/A;N/A;N/A;N/A;N/A;N/A;N/A;N/A;N/A;N/A;N/A;N/A;N/A;N/A;N/A;N/A;N/A;N/A;N/A;N/A;N/A;N/A;N/A;N/A;N/A;N/A;N/A;N/A;N/A;N/A;N/A;N/A;N/A;N/A;N/A;N/A;N/A;N/A;N/A;N/A;;0;440.1;0;0;;Disabled;TempStop;1;740;485.6;0;0;0;599.9;549.9;Enabled;PosOk;1;20;0;0;0;0;15;Disabled;0;0;0;0;0;0;0;0;0;0;0;0;0;0;0;0;0;0;0;0;0;0;0;0;0;0;0;0;0;0;0;0;0;0;0;0;0;0;0;0;0;0;0;0;0;0;0;0;0;0;0;0;0;0;0;0;0;0;0;0;0;0;0;0;0;0;0;0;0;0;30;23;20;45;30;24;20;45;30;32;20;45;30;30;20;45;100;0;80;300;100;0;80;300;100;267;80;300;100;266;80;300;30;33;20;45;30;30;20;45;30;26;20;45;30;28;20;45;100;237;80;300;100;235;80;300;100;0;80;300;100;0;80;300;4;2;0.4;6;4;5;0.4;6;4;2;0.4;6;4;5;0.4;6;4;2;0.4;6;4;5;0.4;6;4;2;0.4;6;4;6;0.4;6;NOK;NOK;OK;4500;4589;4250;4800;OK;7.64;0;8;12;NOK;N/A;1.9;N/A;N/A;N/A;10;13.9;7;17;OK;;0;0;0;-;Disabled;TempOk;1;230;197.3;0;0;0;349.9;440474000 audi 597g-598h;440474000 audi 597g-598h;440474000 audi 597g-598h
20260331_01:41:53;25832;2;2;965;954;925;1005;OK;965;966.1;925;1005;OK;966.9;965.9;-15;-28.2;-50;-20;OK;-15;-26.1;-50;-20;OK;-23.3;-24.7;0;-15;-28.2;-50;-20;OK;355;368;355;600;OK;0;0;N/A;N/A;N/A;N/A;N/A;N/A;N/A;N/A;N/A;N/A;N/A;N/A;N/A;N/A;N/A;N/A;N/A;N/A;N/A;N/A;N/A;N/A;N/A;N/A;N/A;N/A;N/A;N/A;N/A;N/A;N/A;N/A;N/A;N/A;N/A;N/A;N/A;N/A;N/A;N/A;N/A;N/A;N/A;N/A;N/A;N/A;N/A;N/A;N/A;N/A;N/A;N/A;N/A;N/A;N/A;N/A;N/A;N/A;N/A;N/A;N/A;N/A;N/A;N/A;N/A;N/A;N/A;N/A;N/A;N/A;N/A;N/A;N/A;N/A;N/A;N/A;N/A;N/A;N/A;N/A;N/A;N/A;N/A;N/A;N/A;N/A;N/A;N/A;N/A;N/A;N/A;N/A;N/A;N/A;N/A;N/A;N/A;N/A;;0;452.1;0;0;;Disabled;TempStop;1;740;496.6;0;0;0;599.9;549.9;Enabled;PosOk;1;20;0;0;0;0;15;Disabled;0;0;0;0;0;0;0;0;0;0;0;0;0;0;0;0;0;0;0;0;0;0;0;0;0;0;0;0;0;0;0;0;0;0;0;0;0;0;0;0;0;0;0;0;0;0;0;0;0;0;0;0;0;0;0;0;0;0;0;0;0;0;0;0;0;0;0;0;0;0;30;24;20;45;30;24;20;45;30;32;20;45;30;30;20;45;100;0;80;300;100;0;80;300;100;267;80;300;100;266;80;300;30;33;20;45;30;29;20;45;30;26;20;45;30;28;20;45;100;237;80;300;100;235;80;300;100;0;80;300;100;0;80;300;4;2;0.4;6;4;5;0.4;6;4;2;0.4;6;4;5;0.4;6;4;2;0.4;6;4;6;0.4;6;4;2;0.4;6;4;6;0.4;6;NOK;NOK;OK;4500;4592;4250;4800;OK;7.64;0;8;12;NOK;N/A;1.9;N/A;N/A;N/A;10;13;7;17;OK;;0;0;0;-;Disabled;TempOk;1;230;196.9;0;0;0;349.9;440474000 audi 597g-598h;440474000 audi 597g-598h;440474000 audi 597g-598h
20260331_01:42:15;25833;3;2;965;944.6;925;1005;OK;965;945.6;925;1005;OK;939.8;943.1;-20;-19.4;-50;-25;NOK;-20;-18.6;-50;-25;NOK;-16.1;-17.1;0;-20;-19.5;-50;-25;NOK;355;367;355;600;OK;0;0;N/A;N/A;N/A;N/A;N/A;N/A;N/A;N/A;N/A;N/A;N/A;N/A;N/A;N/A;N/A;N/A;N/A;N/A;N/A;N/A;N/A;N/A;N/A;N/A;N/A;N/A;N/A;N/A;N/A;N/A;N/A;N/A;N/A;N/A;N/A;N/A;N/A;N/A;N/A;N/A;N/A;N/A;N/A;N/A;N/A;N/A;N/A;N/A;N/A;N/A;N/A;N/A;N/A;N/A;N/A;N/A;N/A;N/A;N/A;N/A;N/A;N/A;N/A;N/A;N/A;N/A;N/A;N/A;N/A;N/A;N/A;N/A;N/A;N/A;N/A;N/A;N/A;N/A;N/A;N/A;N/A;N/A;N/A;N/A;N/A;N/A;N/A;N/A;N/A;N/A;N/A;N/A;N/A;N/A;N/A;N/A;N/A;N/A;;0;445.8;0;0;;Disabled;TempStop;1;740;491.4;0;0;0;599.9;549.9;Enabled;PosOk;1;20;0;0;0;0;15;Disabled;0;0;0;0;0;0;0;0;0;0;0;0;0;0;0;0;0;0;0;0;0;0;0;0;0;0;0;0;0;0;0;0;0;0;0;0;0;0;0;0;0;0;0;0;0;0;0;0;0;0;0;0;0;0;0;0;0;0;0;0;0;0;0;0;0;0;0;0;0;0;30;23;20;45;30;24;20;45;30;32;20;45;30;30;20;45;100;0;80;300;100;0;80;300;100;267;80;300;100;266;80;300;30;33;20;45;30;30;20;45;30;26;20;45;30;27;20;45;100;238;80;300;100;235;80;300;100;0;80;300;100;0;80;300;4;2;0.4;6;4;5;0.4;6;4;2;0.4;6;4;5;0.4;6;4;2;0.4;6;4;6;0.4;6;4;2;0.4;6;4;6;0.4;6;NOK;NOK;OK;4500;4584;4250;4800;OK;7.64;0;8;12;NOK;N/A;1.9;N/A;N/A;N/A;10;14.6;7;17;OK;;0;0;0;-;Disabled;TempOk;1;230;204;0;0;0;349.9;440474000 audi 597g-598h;440474000 audi 597g-598h;440474000 audi 597g-598h
20260331_01:42:36;25834;4;2;965;958.3;925;1005;OK;965;973.5;925;1005;OK;970.9;973.1;-15;-12.8;-50;-5;OK;-15;-19.2;-50;-5;OK;-20.1;-20.6;0;-15;-12.6;-50;-5;OK;355;368;355;600;OK;167.44;167.99;N/A;N/A;N/A;N/A;N/A;N/A;N/A;N/A;N/A;N/A;N/A;N/A;N/A;N/A;N/A;N/A;N/A;N/A;N/A;N/A;N/A;N/A;N/A;N/A;N/A;N/A;N/A;N/A;N/A;N/A;N/A;N/A;N/A;N/A;N/A;N/A;N/A;N/A;N/A;N/A;N/A;N/A;N/A;N/A;N/A;N/A;N/A;N/A;N/A;N/A;N/A;N/A;N/A;N/A;N/A;N/A;N/A;N/A;N/A;N/A;N/A;N/A;N/A;N/A;N/A;N/A;N/A;N/A;N/A;N/A;N/A;N/A;N/A;N/A;N/A;N/A;N/A;N/A;N/A;N/A;N/A;N/A;N/A;N/A;N/A;N/A;N/A;N/A;N/A;N/A;N/A;N/A;N/A;N/A;N/A;N/A;N/A;N/A;;0;453;0;0;;Disabled;TempStop;1;740;497.9;0;0;0;599.9;549.9;Enabled;PosOk;1;20;0;0;0;0;15;Disabled;0;0;0;0;0;0;0;0;0;0;0;0;0;0;0;0;0;0;0;0;0;0;0;0;0;0;0;0;0;0;0;0;0;0;0;0;0;0;0;0;0;0;0;0;0;0;0;0;0;0;0;0;0;0;0;0;0;0;0;0;0;0;0;0;0;0;0;0;0;0;30;24;20;45;30;23;20;45;30;32;20;45;30;30;20;45;100;0;80;300;100;0;80;300;100;267;80;300;100;266;80;300;30;33;20;45;30;30;20;45;30;26;20;45;30;28;20;45;100;238;80;300;100;235;80;300;100;0;80;300;100;0;80;300;4;2;0.4;6;4;5;0.4;6;4;2;0.4;6;4;5;0.4;6;4;2;0.4;6;4;5;0.4;6;4;2;0.4;6;4;6;0.4;6;NOK;NOK;OK;4500;4593;4250;4800;OK;7.64;0;8;12;NOK;N/A;1.9;N/A;N/A;N/A;10;13.3;7;17;OK;;0;0;0;-;Disabled;TempOk;1;230;202.3;0;0;0;349.9;440474000 audi 597g-598h;440474000 audi 597g-598h;440474000 audi 597g-598h
20260331_01:42:57;25835;1;3;965;956.9;925;1005;OK;965;971;925;1005;OK;971;971.1;-20;-15;-50;-25;NOK;-20;-15.8;-50;-25;NOK;-19.3;-19;0;-20;-14.9;-50;-25;NOK;355;367;355;600;OK;0;0;N/A;N/A;N/A;N/A;N/A;N/A;N/A;N/A;N/A;N/A;N/A;N/A;N/A;N/A;N/A;N/A;N/A;N/A;N/A;N/A;N/A;N/A;N/A;N/A;N/A;N/A;N/A;N/A;N/A;N/A;N/A;N/A;N/A;N/A;N/A;N/A;N/A;N/A;N/A;N/A;N/A;N/A;N/A;N/A;N/A;N/A;N/A;N/A;N/A;N/A;N/A;N/A;N/A;N/A;N/A;N/A;N/A;N/A;N/A;N/A;N/A;N/A;N/A;N/A;N/A;N/A;N/A;N/A;N/A;N/A;N/A;N/A;N/A;N/A;N/A;N/A;N/A;N/A;N/A;N/A;N/A;N/A;N/A;N/A;N/A;N/A;N/A;N/A;N/A;N/A;N/A;N/A;N/A;N/A;N/A;N/A;N/A;N/A;;0;451.6;0;0;;Disabled;TempStop;1;740;497.4;0;0;0;599.9;549.9;Enabled;PosOk;1;20;0;0;0;0;15;Disabled;0;0;0;0;0;0;0;0;0;0;0;0;0;0;0;0;0;0;0;0;0;0;0;0;0;0;0;0;0;0;0;0;0;0;0;0;0;0;0;0;0;0;0;0;0;0;0;0;0;0;0;0;0;0;0;0;0;0;0;0;0;0;0;0;0;0;0;0;0;0;30;23;20;45;30;23;20;45;30;32;20;45;30;30;20;45;100;0;80;300;100;0;80;300;100;267;80;300;100;266;80;300;30;33;20;45;30;30;20;45;30;26;20;45;30;28;20;45;100;237;80;300;100;235;80;300;100;0;80;300;100;0;80;300;4;2;0.4;6;4;5;0.4;6;4;2;0.4;6;4;5;0.4;6;4;2;0.4;6;4;5;0.4;6;4;2;0.4;6;4;6;0.4;6;NOK;NOK;OK;4500;4587;4250;4800;OK;7.64;0;8;12;NOK;N/A;1.9;N/A;N/A;N/A;10;13.8;7;17;OK;;0;0;0;-;Disabled;TempOk;1;230;203.4;0;0;0;349.9;440474000 audi 597g-598h;440474000 audi 597g-598h;440474000 audi 597g-598h
20260331_01:43:08;25837;3;1;965;927.1;925;1005;OK;965;926.8;925;1005;OK;919.9;924;-20;-18;-50;-25;NOK;-20;-18.1;-50;-25;NOK;-16.8;-17.8;0;-20;-18;-50;-25;NOK;355;367;355;600;OK;0;0;;;;;;;;;;;;;;;;;;;;;;;;;;;;;;;;;;;;;;;;;;;;;;;;;;;;;;;;;;;;;;;;;;;;;;;;;;;;;;;;;;;;;;;;;;;;;;;;;;;;;;;;;;;;;;;;;;;;;;;;;;;;;;;;;;;;;;;;;;;;;;;;;;;;;;;;;;;;;;;;;;;;;;;;;;;;;;;;;;;;;;;;;;;;;;;;;;;;;;;;;;;;;;;;;;;;;;;;;;;;;;;;;;;;;;;;;;;;;;;;;;;;;;;;;;;;;;;;;;;;;;;;;;;;;;;;;;;;;;;;;;;;;;;;;;;;;;;;;;;;;;;;;;;;;;;;;;;;;;;;;;;;;;;;440474000 audi 597g-598h;;;;
20260331_01:43:18;25836;4;3;965;957.3;925;1005;OK;965;970.9;925;1005;OK;970.4;970.5;-15;-14.6;-50;-5;OK;-15;-17.9;-50;-5;OK;-20.7;-20.1;0;-15;-14.6;-50;-5;OK;355;368;355;600;OK;167.51;168.05;N/A;N/A;N/A;N/A;N/A;N/A;N/A;N/A;N/A;N/A;N/A;N/A;N/A;N/A;N/A;N/A;N/A;N/A;N/A;N/A;N/A;N/A;N/A;N/A;N/A;N/A;N/A;N/A;N/A;N/A;N/A;N/A;N/A;N/A;N/A;N/A;N/A;N/A;N/A;N/A;N/A;N/A;N/A;N/A;N/A;N/A;N/A;N/A;N/A;N/A;N/A;N/A;N/A;N/A;N/A;N/A;N/A;N/A;N/A;N/A;N/A;N/A;N/A;N/A;N/A;N/A;N/A;N/A;N/A;N/A;N/A;N/A;N/A;N/A;N/A;N/A;N/A;N/A;N/A;N/A;N/A;N/A;N/A;N/A;N/A;N/A;N/A;N/A;N/A;N/A;N/A;N/A;N/A;N/A;N/A;N/A;N/A;N/A;;0;455.6;0;0;;Disabled;TempStop;1;740;501.5;0;0;0;599.9;549.9;Enabled;PosOk;1;20;0;0;0;0;15;Disabled;0;0;0;0;0;0;0;0;0;0;0;0;0;0;0;0;0;0;0;0;0;0;0;0;0;0;0;0;0;0;0;0;0;0;0;0;0;0;0;0;0;0;0;0;0;0;0;0;0;0;0;0;0;0;0;0;0;0;0;0;0;0;0;0;0;0;0;0;0;0;30;23;20;45;30;23;20;45;30;33;20;45;30;30;20;45;100;0;80;300;100;0;80;300;100;267;80;300;100;265;80;300;30;34;20;45;30;30;20;45;30;26;20;45;30;28;20;45;100;238;80;300;100;235;80;300;100;0;80;300;100;0;80;300;4;2;0.4;6;4;5;0.4;6;4;2;0.4;6;4;5;0.4;6;4;2;0.4;6;4;6;0.4;6;4;2;0.4;6;4;6;0.4;6;NOK;NOK;OK;4500;4588;4250;4800;OK;7.64;0;8;12;NOK;N/A;1.9;N/A;N/A;N/A;10;12.8;7;17;OK;;0;0;0;-;Disabled;TempOk;1;230;202.1;0;0;0;349.9;440474000 audi 597g-598h;440474000 audi 597g-598h;440474000 audi 597g-598h
20260331_01:44:00;25838;2;4;965;953.6;925;1005;OK;965;965.6;925;1005;OK;965.8;965.5;-15;-32.7;-50;-20;OK;-15;-32.4;-50;-20;OK;-28.4;-30.3;0;-15;-32.9;-50;-20;OK;355;368;355;600;OK;0;0;N/A;N/A;N/A;N/A;N/A;N/A;N/A;N/A;N/A;N/A;N/A;N/A;N/A;N/A;N/A;N/A;N/A;N/A;N/A;N/A;N/A;N/A;N/A;N/A;N/A;N/A;N/A;N/A;N/A;N/A;N/A;N/A;N/A;N/A;N/A;N/A;N/A;N/A;N/A;N/A;N/A;N/A;N/A;N/A;N/A;N/A;N/A;N/A;N/A;N/A;N/A;N/A;N/A;N/A;N/A;N/A;N/A;N/A;N/A;N/A;N/A;N/A;N/A;N/A;N/A;N/A;N/A;N/A;N/A;N/A;N/A;N/A;N/A;N/A;N/A;N/A;N/A;N/A;N/A;N/A;N/A;N/A;N/A;N/A;N/A;N/A;N/A;N/A;N/A;N/A;N/A;N/A;N/A;N/A;N/A;N/A;N/A;N/A;;0;452.6;0;0;;Disabled;TempStop;1;740;498.3;0;0;0;599.9;549.9;Enabled;PosOk;1;20;0;0;0;0;15;Disabled;0;0;0;0;0;0;0;0;0;0;0;0;0;0;0;0;0;0;0;0;0;0;0;0;0;0;0;0;0;0;0;0;0;0;0;0;0;0;0;0;0;0;0;0;0;0;0;0;0;0;0;0;0;0;0;0;0;0;0;0;0;0;0;0;0;0;0;0;0;0;30;23;20;45;30;23;20;45;30;31;20;45;30;29;20;45;100;0;80;300;100;0;80;300;100;266;80;300;100;266;80;300;30;32;20;45;30;30;20;45;30;26;20;45;30;28;20;45;100;237;80;300;100;235;80;300;100;0;80;300;100;0;80;300;4;2;0.4;6;4;5;0.4;6;4;2;0.4;6;4;5;0.4;6;4;2;0.4;6;4;5;0.4;6;4;2;0.4;6;4;6;0.4;6;NOK;NOK;OK;4500;4591;4250;4800;OK;7.64;0;8;12;NOK;N/A;1.9;N/A;N/A;N/A;10;13.5;7;17;OK;;0;0;0;-;Disabled;TempOk;1;230;181.6;0;0;0;349.9;440474000 audi 597g-598h;440474000 audi 597g-598h;440474000 audi 597g-598h
20260331_01:44:21;25839;3;3;965;955.1;925;1005;OK;965;969.7;925;1005;OK;970;969.9;-20;-18.3;-50;-25;NOK;-20;-17.2;-50;-25;NOK;-17.1;-17.6;0;-20;-18.2;-50;-25;NOK;355;367;355;600;OK;0;0;N/A;N/A;N/A;N/A;N/A;N/A;N/A;N/A;N/A;N/A;N/A;N/A;N/A;N/A;N/A;N/A;N/A;N/A;N/A;N/A;N/A;N/A;N/A;N/A;N/A;N/A;N/A;N/A;N/A;N/A;N/A;N/A;N/A;N/A;N/A;N/A;N/A;N/A;N/A;N/A;N/A;N/A;N/A;N/A;N/A;N/A;N/A;N/A;N/A;N/A;N/A;N/A;N/A;N/A;N/A;N/A;N/A;N/A;N/A;N/A;N/A;N/A;N/A;N/A;N/A;N/A;N/A;N/A;N/A;N/A;N/A;N/A;N/A;N/A;N/A;N/A;N/A;N/A;N/A;N/A;N/A;N/A;N/A;N/A;N/A;N/A;N/A;N/A;N/A;N/A;N/A;N/A;N/A;N/A;N/A;N/A;N/A;N/A;;0;447.9;0;0;;Disabled;TempStop;1;740;492.4;0;0;0;599.9;549.9;Enabled;PosOk;1;20;0;0;0;0;15;Disabled;0;0;0;0;0;0;0;0;0;0;0;0;0;0;0;0;0;0;0;0;0;0;0;0;0;0;0;0;0;0;0;0;0;0;0;0;0;0;0;0;0;0;0;0;0;0;0;0;0;0;0;0;0;0;0;0;0;0;0;0;0;0;0;0;0;0;0;0;0;0;30;23;20;45;30;23;20;45;30;31;20;45;30;29;20;45;100;0;80;300;100;0;80;300;100;266;80;300;100;266;80;300;30;33;20;45;30;29;20;45;30;26;20;45;30;27;20;45;100;237;80;300;100;235;80;300;100;0;80;300;100;0;80;300;4;2;0.4;6;4;5;0.4;6;4;2;0.4;6;4;5;0.4;6;4;2;0.4;6;4;5;0.4;6;4;2;0.4;6;4;6;0.4;6;NOK;NOK;OK;4500;4587;4250;4800;OK;7.64;0;8;12;NOK;N/A;1.9;N/A;N/A;N/A;10;13.9;7;17;OK;;0;0;0;-;Disabled;TempOk;1;230;191.8;0;0;0;349.9;440474000 audi 597g-598h;440474000 audi 597g-598h;440474000 audi 597g-598h
20260331_01:44:42;25840;4;4;965;949.5;925;1005;OK;965;968;925;1005;OK;962.9;965.7;-15;-10.3;-50;-5;OK;-15;-9.6;-50;-5;OK;-16.5;-14.1;0;-15;-10.5;-50;-5;OK;355;368;355;600;OK;167.65;168.16;N/A;N/A;N/A;N/A;N/A;N/A;N/A;N/A;N/A;N/A;N/A;N/A;N/A;N/A;N/A;N/A;N/A;N/A;N/A;N/A;N/A;N/A;N/A;N/A;N/A;N/A;N/A;N/A;N/A;N/A;N/A;N/A;N/A;N/A;N/A;N/A;N/A;N/A;N/A;N/A;N/A;N/A;N/A;N/A;N/A;N/A;N/A;N/A;N/A;N/A;N/A;N/A;N/A;N/A;N/A;N/A;N/A;N/A;N/A;N/A;N/A;N/A;N/A;N/A;N/A;N/A;N/A;N/A;N/A;N/A;N/A;N/A;N/A;N/A;N/A;N/A;N/A;N/A;N/A;N/A;N/A;N/A;N/A;N/A;N/A;N/A;N/A;N/A;N/A;N/A;N/A;N/A;N/A;N/A;N/A;N/A;N/A;N/A;;0;450.2;0;0;;Disabled;TempStop;1;740;494.7;0;0;0;599.9;549.9;Enabled;PosOk;1;20;0;0;0;0;15;Disabled;0;0;0;0;0;0;0;0;0;0;0;0;0;0;0;0;0;0;0;0;0;0;0;0;0;0;0;0;0;0;0;0;0;0;0;0;0;0;0;0;0;0;0;0;0;0;0;0;0;0;0;0;0;0;0;0;0;0;0;0;0;0;0;0;0;0;0;0;0;0;30;23;20;45;30;23;20;45;30;32;20;45;30;29;20;45;100;0;80;300;100;0;80;300;100;267;80;300;100;266;80;300;30;33;20;45;30;29;20;45;30;26;20;45;30;27;20;45;100;237;80;300;100;236;80;300;100;0;80;300;100;0;80;300;4;2;0.4;6;4;5;0.4;6;4;2;0.4;6;4;5;0.4;6;4;2;0.4;6;4;6;0.4;6;4;2;0.4;6;4;6;0.4;6;NOK;NOK;OK;4500;4587;4250;4800;OK;7.64;0;8;12;NOK;N/A;1.9;N/A;N/A;N/A;10;12.8;7;17;OK;;0;0;0;-;Disabled;TempOk;1;230;199.4;0;0;0;349.9;440474000 audi 597g-598h;440474000 audi 597g-598h;440474000 audi 597g-598h
20260331_01:44:55;25842;2;5;965;926;925;1005;OK;965;920;925;1005;NOK;906.9;914.5;-15;-30.9;-50;-20;OK;-15;-28.9;-50;-20;OK;-27;-28.1;0;-15;-30.8;-50;-20;OK;355;368;355;600;OK;0;0;;;;;;;;;;;;;;;;;;;;;;;;;;;;;;;;;;;;;;;;;;;;;;;;;;;;;;;;;;;;;;;;;;;;;;;;;;;;;;;;;;;;;;;;;;;;;;;;;;;;;;;;;;;;;;;;;;;;;;;;;;;;;;;;;;;;;;;;;;;;;;;;;;;;;;;;;;;;;;;;;;;;;;;;;;;;;;;;;;;;;;;;;;;;;;;;;;;;;;;;;;;;;;;;;;;;;;;;;;;;;;;;;;;;;;;;;;;;;;;;;;;;;;;;;;;;;;;;;;;;;;;;;;;;;;;;;;;;;;;;;;;;;;;;;;;;;;;;;;;;;;;;;;;;;;;;;;;;;;;;;;;;;;;;440474000 audi 597g-598h;;;;
20260331_01:45:04;25841;1;4;965;953.4;925;1005;OK;965;966.4;925;1005;OK;966.5;966.5;-20;-13.6;-50;-25;NOK;-20;-13.5;-50;-25;NOK;-16.1;-14.2;0;-20;-13.6;-50;-25;NOK;355;367;355;600;OK;0;0;N/A;N/A;N/A;N/A;N/A;N/A;N/A;N/A;N/A;N/A;N/A;N/A;N/A;N/A;N/A;N/A;N/A;N/A;N/A;N/A;N/A;N/A;N/A;N/A;N/A;N/A;N/A;N/A;N/A;N/A;N/A;N/A;N/A;N/A;N/A;N/A;N/A;N/A;N/A;N/A;N/A;N/A;N/A;N/A;N/A;N/A;N/A;N/A;N/A;N/A;N/A;N/A;N/A;N/A;N/A;N/A;N/A;N/A;N/A;N/A;N/A;N/A;N/A;N/A;N/A;N/A;N/A;N/A;N/A;N/A;N/A;N/A;N/A;N/A;N/A;N/A;N/A;N/A;N/A;N/A;N/A;N/A;N/A;N/A;N/A;N/A;N/A;N/A;N/A;N/A;N/A;N/A;N/A;N/A;N/A;N/A;N/A;N/A;;0;448.5;0;0;;Disabled;TempStop;1;740;495.1;0;0;0;599.9;549.9;Enabled;PosOk;1;20;0;0;0;0;15;Disabled;0;0;0;0;0;0;0;0;0;0;0;0;0;0;0;0;0;0;0;0;0;0;0;0;0;0;0;0;0;0;0;0;0;0;0;0;0;0;0;0;0;0;0;0;0;0;0;0;0;0;0;0;0;0;0;0;0;0;0;0;0;0;0;0;0;0;0;0;0;0;30;23;20;45;30;23;20;45;30;32;20;45;30;30;20;45;100;0;80;300;100;0;80;300;100;267;80;300;100;266;80;300;30;33;20;45;30;30;20;45;30;26;20;45;30;28;20;45;100;237;80;300;100;235;80;300;100;0;80;300;100;0;80;300;4;2;0.4;6;4;5;0.4;6;4;2;0.4;6;4;5;0.4;6;4;2;0.4;6;4;6;0.4;6;4;2;0.4;6;4;6;0.4;6;NOK;NOK;OK;4500;4587;4250;4800;OK;7.64;0;8;12;NOK;N/A;1.9;N/A;N/A;N/A;10;14;7;17;OK;;0;0;0;-;Disabled;TempOk;1;230;199.5;0;0;0;349.9;440474000 audi 597g-598h;440474000 audi 597g-598h;440474000 audi 597g-598h
20260331_01:45:46;25843;3;4;965;955.2;925;1005;OK;965;961.3;925;1005;OK;958.7;960.3;-20;-17.5;-50;-25;NOK;-20;-17.3;-50;-25;NOK;-20.2;-20.1;0;-20;-17.3;-50;-25;NOK;355;367;355;600;OK;0;0;N/A;N/A;N/A;N/A;N/A;N/A;N/A;N/A;N/A;N/A;N/A;N/A;N/A;N/A;N/A;N/A;N/A;N/A;N/A;N/A;N/A;N/A;N/A;N/A;N/A;N/A;N/A;N/A;N/A;N/A;N/A;N/A;N/A;N/A;N/A;N/A;N/A;N/A;N/A;N/A;N/A;N/A;N/A;N/A;N/A;N/A;N/A;N/A;N/A;N/A;N/A;N/A;N/A;N/A;N/A;N/A;N/A;N/A;N/A;N/A;N/A;N/A;N/A;N/A;N/A;N/A;N/A;N/A;N/A;N/A;N/A;N/A;N/A;N/A;N/A;N/A;N/A;N/A;N/A;N/A;N/A;N/A;N/A;N/A;N/A;N/A;N/A;N/A;N/A;N/A;N/A;N/A;N/A;N/A;N/A;N/A;N/A;N/A;;0;439.2;0;0;;Disabled;TempStop;1;740;482.1;0;0;0;599.9;549.9;Enabled;PosOk;1;20;0;0;0;0;15;Disabled;0;0;0;0;0;0;0;0;0;0;0;0;0;0;0;0;0;0;0;0;0;0;0;0;0;0;0;0;0;0;0;0;0;0;0;0;0;0;0;0;0;0;0;0;0;0;0;0;0;0;0;0;0;0;0;0;0;0;0;0;0;0;0;0;0;0;0;0;0;0;30;23;20;45;30;23;20;45;30;31;20;45;30;29;20;45;100;0;80;300;100;0;80;300;100;266;80;300;100;266;80;300;30;32;20;45;30;29;20;45;30;26;20;45;30;28;20;45;100;238;80;300;100;235;80;300;100;0;80;300;100;0;80;300;4;2;0.4;6;4;5;0.4;6;4;2;0.4;6;4;5;0.4;6;4;2;0.4;6;4;5;0.4;6;4;2;0.4;6;4;6;0.4;6;NOK;NOK;OK;4500;4592;4250;4800;OK;7.64;0;8;12;NOK;N/A;1.9;N/A;N/A;N/A;10;13.9;7;17;OK;;0;0;0;-;Disabled;TempOk;1;230;179.1;0;0;0;349.9;440474000 audi 597g-598h;440474000 audi 597g-598h;440474000 audi 597g-598h
20260331_01:46:07;25844;4;5;965;949.2;925;1005;OK;965;966.2;925;1005;OK;967.9;967.1;-15;-12.2;-50;-5;OK;-15;-12.7;-50;-5;OK;-15.6;-14.8;0;-15;-12.2;-50;-5;OK;355;368;355;600;OK;167.77;168.24;N/A;N/A;N/A;N/A;N/A;N/A;N/A;N/A;N/A;N/A;N/A;N/A;N/A;N/A;N/A;N/A;N/A;N/A;N/A;N/A;N/A;N/A;N/A;N/A;N/A;N/A;N/A;N/A;N/A;N/A;N/A;N/A;N/A;N/A;N/A;N/A;N/A;N/A;N/A;N/A;N/A;N/A;N/A;N/A;N/A;N/A;N/A;N/A;N/A;N/A;N/A;N/A;N/A;N/A;N/A;N/A;N/A;N/A;N/A;N/A;N/A;N/A;N/A;N/A;N/A;N/A;N/A;N/A;N/A;N/A;N/A;N/A;N/A;N/A;N/A;N/A;N/A;N/A;N/A;N/A;N/A;N/A;N/A;N/A;N/A;N/A;N/A;N/A;N/A;N/A;N/A;N/A;N/A;N/A;N/A;N/A;N/A;N/A;;0;449.2;0;0;;Disabled;TempStop;1;740;495;0;0;0;599.9;549.9;Enabled;PosOk;1;20;0;0;0;0;15;Disabled;0;0;0;0;0;0;0;0;0;0;0;0;0;0;0;0;0;0;0;0;0;0;0;0;0;0;0;0;0;0;0;0;0;0;0;0;0;0;0;0;0;0;0;0;0;0;0;0;0;0;0;0;0;0;0;0;0;0;0;0;0;0;0;0;0;0;0;0;0;0;30;23;20;45;30;23;20;45;30;31;20;45;30;30;20;45;100;0;80;300;100;0;80;300;100;267;80;300;100;266;80;300;30;33;20;45;30;30;20;45;30;26;20;45;30;28;20;45;100;238;80;300;100;235;80;300;100;0;80;300;100;0;80;300;4;2;0.4;6;4;5;0.4;6;4;2;0.4;6;4;5;0.4;6;4;2;0.4;6;4;5;0.4;6;4;2;0.4;6;4;6;0.4;6;NOK;NOK;OK;4500;4590;4250;4800;OK;7.64;0;8;12;NOK;N/A;1.9;N/A;N/A;N/A;10;12.8;7;17;OK;;0;0;0;-;Disabled;TempOk;1;230;191.7;0;0;0;349.9;440474000 audi 597g-598h;440474000 audi 597g-598h;440474000 audi 597g-598h
20260331_01:46:19;25846;2;1;965;922.6;925;1005;NOK;965;923.9;925;1005;NOK;914.5;920;-15;-24.7;-50;-20;OK;-15;-23.8;-50;-20;OK;-21.2;-22.4;0;-15;-24.8;-50;-20;OK;355;368;355;600;OK;0;0;;;;;;;;;;;;;;;;;;;;;;;;;;;;;;;;;;;;;;;;;;;;;;;;;;;;;;;;;;;;;;;;;;;;;;;;;;;;;;;;;;;;;;;;;;;;;;;;;;;;;;;;;;;;;;;;;;;;;;;;;;;;;;;;;;;;;;;;;;;;;;;;;;;;;;;;;;;;;;;;;;;;;;;;;;;;;;;;;;;;;;;;;;;;;;;;;;;;;;;;;;;;;;;;;;;;;;;;;;;;;;;;;;;;;;;;;;;;;;;;;;;;;;;;;;;;;;;;;;;;;;;;;;;;;;;;;;;;;;;;;;;;;;;;;;;;;;;;;;;;;;;;;;;;;;;;;;;;;;;;;;;;;;;;440474000 audi 597g-598h;;;;
20260331_01:46:28;25845;3;5;965;956.2;925;1005;OK;965;940.5;925;1005;OK;929;935.8;-20;-22.3;-50;-25;NOK;-20;-20.9;-50;-25;NOK;-22.3;-22;0;-20;-22;-50;-25;NOK;355;367;355;600;OK;0;0;N/A;N/A;N/A;N/A;N/A;N/A;N/A;N/A;N/A;N/A;N/A;N/A;N/A;N/A;N/A;N/A;N/A;N/A;N/A;N/A;N/A;N/A;N/A;N/A;N/A;N/A;N/A;N/A;N/A;N/A;N/A;N/A;N/A;N/A;N/A;N/A;N/A;N/A;N/A;N/A;N/A;N/A;N/A;N/A;N/A;N/A;N/A;N/A;N/A;N/A;N/A;N/A;N/A;N/A;N/A;N/A;N/A;N/A;N/A;N/A;N/A;N/A;N/A;N/A;N/A;N/A;N/A;N/A;N/A;N/A;N/A;N/A;N/A;N/A;N/A;N/A;N/A;N/A;N/A;N/A;N/A;N/A;N/A;N/A;N/A;N/A;N/A;N/A;N/A;N/A;N/A;N/A;N/A;N/A;N/A;N/A;N/A;N/A;;0;437;0;0;;Disabled;TempStop;1;740;481.6;0;0;0;599.9;549.9;Enabled;PosOk;1;20;0;0;0;0;15;Disabled;0;0;0;0;0;0;0;0;0;0;0;0;0;0;0;0;0;0;0;0;0;0;0;0;0;0;0;0;0;0;0;0;0;0;0;0;0;0;0;0;0;0;0;0;0;0;0;0;0;0;0;0;0;0;0;0;0;0;0;0;0;0;0;0;0;0;0;0;0;0;30;23;20;45;30;23;20;45;30;32;20;45;30;30;20;45;100;0;80;300;100;0;80;300;100;266;80;300;100;266;80;300;30;33;20;45;30;30;20;45;30;26;20;45;30;28;20;45;100;237;80;300;100;235;80;300;100;0;80;300;100;0;80;300;4;2;0.4;6;4;5;0.4;6;4;2;0.4;6;4;5;0.4;6;4;2;0.4;6;4;6;0.4;6;4;2;0.4;6;4;6;0.4;6;NOK;NOK;OK;4500;4591;4250;4800;OK;7.64;0;8;12;NOK;N/A;1.9;N/A;N/A;N/A;10;14.1;7;17;OK;;0;0;0;-;Disabled;TempOk;1;230;199.8;0;0;0;349.9;440474000 audi 597g-598h;440474000 audi 597g-598h;440474000 audi 597g-598h
20260331_01:47:31;25848;4;1;965;958;925;1005;OK;965;966;925;1005;OK;967.8;966.5;-15;-17;-50;-5;OK;-15;-13.3;-50;-5;OK;-11.4;-12;0;-15;-16.9;-50;-5;OK;355;368;355;600;OK;167.89;168.35;N/A;N/A;N/A;N/A;N/A;N/A;N/A;N/A;N/A;N/A;N/A;N/A;N/A;N/A;N/A;N/A;N/A;N/A;N/A;N/A;N/A;N/A;N/A;N/A;N/A;N/A;N/A;N/A;N/A;N/A;N/A;N/A;N/A;N/A;N/A;N/A;N/A;N/A;N/A;N/A;N/A;N/A;N/A;N/A;N/A;N/A;N/A;N/A;N/A;N/A;N/A;N/A;N/A;N/A;N/A;N/A;N/A;N/A;N/A;N/A;N/A;N/A;N/A;N/A;N/A;N/A;N/A;N/A;N/A;N/A;N/A;N/A;N/A;N/A;N/A;N/A;N/A;N/A;N/A;N/A;N/A;N/A;N/A;N/A;N/A;N/A;N/A;N/A;N/A;N/A;N/A;N/A;N/A;N/A;N/A;N/A;N/A;N/A;;0;446.5;0;0;;Disabled;TempStop;1;740;489.4;0;0;0;599.9;549.9;Enabled;PosOk;1;20;0;0;0;0;15;Disabled;0;0;0;0;0;0;0;0;0;0;0;0;0;0;0;0;0;0;0;0;0;0;0;0;0;0;0;0;0;0;0;0;0;0;0;0;0;0;0;0;0;0;0;0;0;0;0;0;0;0;0;0;0;0;0;0;0;0;0;0;0;0;0;0;0;0;0;0;0;0;30;24;20;45;30;23;20;45;30;30;20;45;30;29;20;45;100;0;80;300;100;0;80;300;100;266;80;300;100;265;80;300;30;31;20;45;30;29;20;45;30;26;20;45;30;28;20;45;100;237;80;300;100;235;80;300;100;0;80;300;100;0;80;300;4;2;0.4;6;4;5;0.4;6;4;2;0.4;6;4;5;0.4;6;4;2;0.4;6;4;5;0.4;6;4;2;0.4;6;4;6;0.4;6;NOK;NOK;OK;4500;4595;4250;4800;OK;7.63;0;8;12;NOK;N/A;1.9;N/A;N/A;N/A;10;12.9;7;17;OK;;0;0;0;-;Disabled;TempOk;1;230;169.7;0;0;0;349.9;440474000 audi 597g-598h;440474000 audi 597g-598h;440474000 audi 597g-598h
20260331_01:47:53;25847;1;2;965;932.9;925;1005;OK;965;937.4;925;1005;OK;931.5;934.9;-20;-17.6;-50;-25;NOK;-20;-18.2;-50;-25;NOK;-17.4;-17.7;0;-20;-17.6;-50;-25;NOK;355;367;355;600;OK;0;0;N/A;N/A;N/A;N/A;N/A;N/A;N/A;N/A;N/A;N/A;N/A;N/A;N/A;N/A;N/A;N/A;N/A;N/A;N/A;N/A;N/A;N/A;N/A;N/A;N/A;N/A;N/A;N/A;N/A;N/A;N/A;N/A;N/A;N/A;N/A;N/A;N/A;N/A;N/A;N/A;N/A;N/A;N/A;N/A;N/A;N/A;N/A;N/A;N/A;N/A;N/A;N/A;N/A;N/A;N/A;N/A;N/A;N/A;N/A;N/A;N/A;N/A;N/A;N/A;N/A;N/A;N/A;N/A;N/A;N/A;N/A;N/A;N/A;N/A;N/A;N/A;N/A;N/A;N/A;N/A;N/A;N/A;N/A;N/A;N/A;N/A;N/A;N/A;N/A;N/A;N/A;N/A;N/A;N/A;N/A;N/A;N/A;N/A;;0;433.3;0;0;;Disabled;TempStop;1;740;477.9;0;0;0;599.9;549.9;Enabled;PosOk;1;20;0;0;0;0;15;Disabled;0;0;0;0;0;0;0;0;0;0;0;0;0;0;0;0;0;0;0;0;0;0;0;0;0;0;0;0;0;0;0;0;0;0;0;0;0;0;0;0;0;0;0;0;0;0;0;0;0;0;0;0;0;0;0;0;0;0;0;0;0;0;0;0;0;0;0;0;0;0;30;23;20;45;30;23;20;45;30;31;20;45;30;29;20;45;100;0;80;300;100;0;80;300;100;266;80;300;100;266;80;300;30;32;20;45;30;29;20;45;30;26;20;45;30;28;20;45;100;237;80;300;100;234;80;300;100;0;80;300;100;0;80;300;4;2;0.4;6;4;5;0.4;6;4;2;0.4;6;4;5;0.4;6;4;2;0.4;6;4;5;0.4;6;4;2;0.4;6;4;6;0.4;6;NOK;NOK;OK;4500;4598;4250;4800;OK;7.64;0;8;12;NOK;N/A;1.9;N/A;N/A;N/A;10;14;7;17;OK;;0;0;0;-;Disabled;TempOk;1;230;191.4;0;0;0;349.9;440474000 audi 597g-598h;440474000 audi 597g-598h;440474000 audi 597g-598h
20260331_01:48:04;25850;3;2;965;934.6;925;1005;OK;965;937.5;925;1005;OK;930.2;934.4;-20;-19;-50;-25;NOK;-20;-19.4;-50;-25;NOK;-16.9;-18;0;-20;-19.1;-50;-25;NOK;355;367;355;600;OK;0;0;;;;;;;;;;;;;;;;;;;;;;;;;;;;;;;;;;;;;;;;;;;;;;;;;;;;;;;;;;;;;;;;;;;;;;;;;;;;;;;;;;;;;;;;;;;;;;;;;;;;;;;;;;;;;;;;;;;;;;;;;;;;;;;;;;;;;;;;;;;;;;;;;;;;;;;;;;;;;;;;;;;;;;;;;;;;;;;;;;;;;;;;;;;;;;;;;;;;;;;;;;;;;;;;;;;;;;;;;;;;;;;;;;;;;;;;;;;;;;;;;;;;;;;;;;;;;;;;;;;;;;;;;;;;;;;;;;;;;;;;;;;;;;;;;;;;;;;;;;;;;;;;;;;;;;;;;;;;;;;;;;;;;;;;440474000 audi 597g-598h;;;;
20260331_01:48:14;25849;2;2;965;954.4;925;1005;OK;965;966.2;925;1005;OK;967.3;966.1;-15;-26.3;-50;-20;OK;-15;-25.6;-50;-20;OK;-22.9;-24.3;0;-15;-26.3;-50;-20;OK;355;368;355;600;OK;0;0;N/A;N/A;N/A;N/A;N/A;N/A;N/A;N/A;N/A;N/A;N/A;N/A;N/A;N/A;N/A;N/A;N/A;N/A;N/A;N/A;N/A;N/A;N/A;N/A;N/A;N/A;N/A;N/A;N/A;N/A;N/A;N/A;N/A;N/A;N/A;N/A;N/A;N/A;N/A;N/A;N/A;N/A;N/A;N/A;N/A;N/A;N/A;N/A;N/A;N/A;N/A;N/A;N/A;N/A;N/A;N/A;N/A;N/A;N/A;N/A;N/A;N/A;N/A;N/A;N/A;N/A;N/A;N/A;N/A;N/A;N/A;N/A;N/A;N/A;N/A;N/A;N/A;N/A;N/A;N/A;N/A;N/A;N/A;N/A;N/A;N/A;N/A;N/A;N/A;N/A;N/A;N/A;N/A;N/A;N/A;N/A;N/A;N/A;;0;451.2;0;0;;Disabled;TempStop;1;740;494.8;0;0;0;599.9;549.9;Enabled;PosOk;1;20;0;0;0;0;15;Disabled;0;0;0;0;0;0;0;0;0;0;0;0;0;0;0;0;0;0;0;0;0;0;0;0;0;0;0;0;0;0;0;0;0;0;0;0;0;0;0;0;0;0;0;0;0;0;0;0;0;0;0;0;0;0;0;0;0;0;0;0;0;0;0;0;0;0;0;0;0;0;30;23;20;45;30;23;20;45;30;31;20;45;30;30;20;45;100;0;80;300;100;0;80;300;100;265;80;300;100;266;80;300;30;33;20;45;30;30;20;45;30;26;20;45;30;28;20;45;100;237;80;300;100;235;80;300;100;0;80;300;100;0;80;300;4;2;0.4;6;4;5;0.4;6;4;2;0.4;6;4;5;0.4;6;4;2;0.4;6;4;6;0.4;6;4;2;0.4;6;4;6;0.4;6;NOK;NOK;OK;4500;4589;4250;4800;OK;7.64;0;8;12;NOK;N/A;1.9;N/A;N/A;N/A;10;13.4;7;17;OK;;0;0;0;-;Disabled;TempOk;1;230;195.5;0;0;0;349.9;440474000 audi 597g-598h;440474000 audi 597g-598h;440474000 audi 597g-598h
20260331_01:48:56;25851;4;2;965;963.6;925;1005;OK;965;970.6;925;1005;OK;969.7;970.7;-15;-17.8;-50;-5;OK;-15;-12.3;-50;-5;OK;-13.6;-13.3;0;-15;-17.4;-50;-5;OK;355;368;355;600;OK;168.01;168.48;N/A;N/A;N/A;N/A;N/A;N/A;N/A;N/A;N/A;N/A;N/A;N/A;N/A;N/A;N/A;N/A;N/A;N/A;N/A;N/A;N/A;N/A;N/A;N/A;N/A;N/A;N/A;N/A;N/A;N/A;N/A;N/A;N/A;N/A;N/A;N/A;N/A;N/A;N/A;N/A;N/A;N/A;N/A;N/A;N/A;N/A;N/A;N/A;N/A;N/A;N/A;N/A;N/A;N/A;N/A;N/A;N/A;N/A;N/A;N/A;N/A;N/A;N/A;N/A;N/A;N/A;N/A;N/A;N/A;N/A;N/A;N/A;N/A;N/A;N/A;N/A;N/A;N/A;N/A;N/A;N/A;N/A;N/A;N/A;N/A;N/A;N/A;N/A;N/A;N/A;N/A;N/A;N/A;N/A;N/A;N/A;N/A;N/A;;0;454.7;0;0;;Disabled;TempStop;1;740;499.6;0;0;0;599.9;549.9;Enabled;PosOk;1;20;0;0;0;0;15;Disabled;0;0;0;0;0;0;0;0;0;0;0;0;0;0;0;0;0;0;0;0;0;0;0;0;0;0;0;0;0;0;0;0;0;0;0;0;0;0;0;0;0;0;0;0;0;0;0;0;0;0;0;0;0;0;0;0;0;0;0;0;0;0;0;0;0;0;0;0;0;0;30;23;20;45;30;23;20;45;30;31;20;45;30;30;20;45;100;0;80;300;100;0;80;300;100;266;80;300;100;266;80;300;30;32;20;45;30;30;20;45;30;26;20;45;30;28;20;45;100;237;80;300;100;236;80;300;100;0;80;300;100;0;80;300;4;2;0.4;6;4;5;0.4;6;4;2;0.4;6;4;5;0.4;6;4;2;0.4;6;4;5;0.4;6;4;2;0.4;6;4;6;0.4;6;NOK;NOK;OK;4500;4588;4250;4800;OK;7.64;0;8;12;NOK;N/A;1.9;N/A;N/A;N/A;10;13;7;17;OK;;0;0;0;-;Disabled;TempOk;1;230;181.9;0;0;0;349.9;440474000 audi 597g-598h;440474000 audi 597g-598h;440474000 audi 597g-598h
20260331_01:49:17;25852;1;3;965;958.2;925;1005;OK;965;964.1;925;1005;OK;960.5;962.6;-20;-15.3;-50;-25;NOK;-20;-17.8;-50;-25;NOK;-20;-20.3;0;-20;-15.2;-50;-25;NOK;355;367;355;600;OK;0;0;N/A;N/A;N/A;N/A;N/A;N/A;N/A;N/A;N/A;N/A;N/A;N/A;N/A;N/A;N/A;N/A;N/A;N/A;N/A;N/A;N/A;N/A;N/A;N/A;N/A;N/A;N/A;N/A;N/A;N/A;N/A;N/A;N/A;N/A;N/A;N/A;N/A;N/A;N/A;N/A;N/A;N/A;N/A;N/A;N/A;N/A;N/A;N/A;N/A;N/A;N/A;N/A;N/A;N/A;N/A;N/A;N/A;N/A;N/A;N/A;N/A;N/A;N/A;N/A;N/A;N/A;N/A;N/A;N/A;N/A;N/A;N/A;N/A;N/A;N/A;N/A;N/A;N/A;N/A;N/A;N/A;N/A;N/A;N/A;N/A;N/A;N/A;N/A;N/A;N/A;N/A;N/A;N/A;N/A;N/A;N/A;N/A;N/A;;0;451.7;0;0;;Disabled;TempStop;1;740;497.4;0;0;0;599.9;549.9;Enabled;PosOk;1;20;0;0;0;0;15;Disabled;0;0;0;0;0;0;0;0;0;0;0;0;0;0;0;0;0;0;0;0;0;0;0;0;0;0;0;0;0;0;0;0;0;0;0;0;0;0;0;0;0;0;0;0;0;0;0;0;0;0;0;0;0;0;0;0;0;0;0;0;0;0;0;0;0;0;0;0;0;0;30;23;20;45;30;23;20;45;30;32;20;45;30;30;20;45;100;0;80;300;100;0;80;300;100;267;80;300;100;266;80;300;30;33;20;45;30;30;20;45;30;26;20;45;30;28;20;45;100;238;80;300;100;235;80;300;100;0;80;300;100;0;80;300;4;2;0.4;6;4;5;0.4;6;4;2;0.4;6;4;5;0.4;6;4;2;0.4;6;4;5;0.4;6;4;2;0.4;6;4;6;0.4;6;NOK;NOK;OK;4500;4591;4250;4800;OK;7.64;0;8;12;NOK;N/A;1.9;N/A;N/A;N/A;10;14;7;17;OK;;0;0;0;-;Disabled;TempOk;1;230;196.4;0;0;0;349.9;440474000 audi 597g-598h;440474000 audi 597g-598h;440474000 audi 597g-598h
20260331_01:49:38;25853;4;3;965;960;925;1005;OK;965;966.7;925;1005;OK;964.3;965.8;-15;-17.3;-50;-5;OK;-15;-15;-50;-5;OK;-15.7;-15.3;0;-15;-17.3;-50;-5;OK;355;368;355;600;OK;168.07;168.56;N/A;N/A;N/A;N/A;N/A;N/A;N/A;N/A;N/A;N/A;N/A;N/A;N/A;N/A;N/A;N/A;N/A;N/A;N/A;N/A;N/A;N/A;N/A;N/A;N/A;N/A;N/A;N/A;N/A;N/A;N/A;N/A;N/A;N/A;N/A;N/A;N/A;N/A;N/A;N/A;N/A;N/A;N/A;N/A;N/A;N/A;N/A;N/A;N/A;N/A;N/A;N/A;N/A;N/A;N/A;N/A;N/A;N/A;N/A;N/A;N/A;N/A;N/A;N/A;N/A;N/A;N/A;N/A;N/A;N/A;N/A;N/A;N/A;N/A;N/A;N/A;N/A;N/A;N/A;N/A;N/A;N/A;N/A;N/A;N/A;N/A;N/A;N/A;N/A;N/A;N/A;N/A;N/A;N/A;N/A;N/A;N/A;N/A;;0;453.5;0;0;;Disabled;TempStop;1;740;499.8;0;0;0;599.9;549.9;Enabled;PosOk;1;20;0;0;0;0;15;Disabled;0;0;0;0;0;0;0;0;0;0;0;0;0;0;0;0;0;0;0;0;0;0;0;0;0;0;0;0;0;0;0;0;0;0;0;0;0;0;0;0;0;0;0;0;0;0;0;0;0;0;0;0;0;0;0;0;0;0;0;0;0;0;0;0;0;0;0;0;0;0;30;23;20;45;30;23;20;45;30;32;20;45;30;30;20;45;100;0;80;300;100;0;80;300;100;267;80;300;100;267;80;300;30;33;20;45;30;30;20;45;30;26;20;45;30;28;20;45;100;238;80;300;100;235;80;300;100;0;80;300;100;0;80;300;4;2;0.4;6;4;5;0.4;6;4;2;0.4;6;4;5;0.4;6;4;2;0.4;6;4;5;0.4;6;4;2;0.4;6;4;6;0.4;6;NOK;NOK;OK;4500;4583;4250;4800;OK;7.64;0;8;12;NOK;N/A;1.9;N/A;N/A;N/A;10;12.9;7;17;OK;;0;0;0;-;Disabled;TempOk;1;230;199.5;0;0;0;349.9;440474000 audi 597g-598h;440474000 audi 597g-598h;440474000 audi 597g-598h
20260331_01:50:20;25855;2;4;965;953.9;925;1005;OK;965;951.7;925;1005;OK;948.6;950.5;-15;-33;-50;-20;OK;-15;-32.6;-50;-20;OK;-28.1;-30.2;0;-15;-33.2;-50;-20;OK;355;368;355;600;OK;0;0;N/A;N/A;N/A;N/A;N/A;N/A;N/A;N/A;N/A;N/A;N/A;N/A;N/A;N/A;N/A;N/A;N/A;N/A;N/A;N/A;N/A;N/A;N/A;N/A;N/A;N/A;N/A;N/A;N/A;N/A;N/A;N/A;N/A;N/A;N/A;N/A;N/A;N/A;N/A;N/A;N/A;N/A;N/A;N/A;N/A;N/A;N/A;N/A;N/A;N/A;N/A;N/A;N/A;N/A;N/A;N/A;N/A;N/A;N/A;N/A;N/A;N/A;N/A;N/A;N/A;N/A;N/A;N/A;N/A;N/A;N/A;N/A;N/A;N/A;N/A;N/A;N/A;N/A;N/A;N/A;N/A;N/A;N/A;N/A;N/A;N/A;N/A;N/A;N/A;N/A;N/A;N/A;N/A;N/A;N/A;N/A;N/A;N/A;;0;448.6;0;0;;Disabled;TempStop;1;740;493.9;0;0;0;599.9;549.9;Enabled;PosOk;1;20;0;0;0;0;15;Disabled;0;0;0;0;0;0;0;0;0;0;0;0;0;0;0;0;0;0;0;0;0;0;0;0;0;0;0;0;0;0;0;0;0;0;0;0;0;0;0;0;0;0;0;0;0;0;0;0;0;0;0;0;0;0;0;0;0;0;0;0;0;0;0;0;0;0;0;0;0;0;30;23;20;45;30;23;20;45;30;31;20;45;30;30;20;45;100;0;80;300;100;0;80;300;100;266;80;300;100;265;80;300;30;32;20;45;30;30;20;45;30;26;20;45;30;28;20;45;100;237;80;300;100;235;80;300;100;0;80;300;100;0;80;300;4;2;0.4;6;4;5;0.4;6;4;2;0.4;6;4;5;0.4;6;4;2;0.4;6;4;5;0.4;6;4;2;0.4;6;4;6;0.4;6;NOK;NOK;OK;4500;4596;4250;4800;OK;7.64;0;8;12;NOK;N/A;1.9;N/A;N/A;N/A;10;12.9;7;17;OK;;0;0;0;-;Disabled;TempOk;1;230;182.6;0;0;0;349.9;440474000 audi 597g-598h;440474000 audi 597g-598h;440474000 audi 597g-598h
20260331_01:50:42;25854;3;3;965;956.9;925;1005;OK;965;970;925;1005;OK;970.6;970.3;-20;-17.1;-50;-25;NOK;-20;-17.6;-50;-25;NOK;-17.2;-17.7;0;-20;-17;-50;-25;NOK;355;367;355;600;OK;0;0;N/A;N/A;N/A;N/A;N/A;N/A;N/A;N/A;N/A;N/A;N/A;N/A;N/A;N/A;N/A;N/A;N/A;N/A;N/A;N/A;N/A;N/A;N/A;N/A;N/A;N/A;N/A;N/A;N/A;N/A;N/A;N/A;N/A;N/A;N/A;N/A;N/A;N/A;N/A;N/A;N/A;N/A;N/A;N/A;N/A;N/A;N/A;N/A;N/A;N/A;N/A;N/A;N/A;N/A;N/A;N/A;N/A;N/A;N/A;N/A;N/A;N/A;N/A;N/A;N/A;N/A;N/A;N/A;N/A;N/A;N/A;N/A;N/A;N/A;N/A;N/A;N/A;N/A;N/A;N/A;N/A;N/A;N/A;N/A;N/A;N/A;N/A;N/A;N/A;N/A;N/A;N/A;N/A;N/A;N/A;N/A;N/A;N/A;;0;439.7;0;0;;Disabled;TempStop;1;740;485;0;0;0;599.9;549.9;Enabled;PosOk;1;20;0;0;0;0;15;Disabled;0;0;0;0;0;0;0;0;0;0;0;0;0;0;0;0;0;0;0;0;0;0;0;0;0;0;0;0;0;0;0;0;0;0;0;0;0;0;0;0;0;0;0;0;0;0;0;0;0;0;0;0;0;0;0;0;0;0;0;0;0;0;0;0;0;0;0;0;0;0;30;23;20;45;30;23;20;45;30;32;20;45;30;30;20;45;100;0;80;300;100;0;80;300;100;267;80;300;100;266;80;300;30;33;20;45;30;30;20;45;30;26;20;45;30;28;20;45;100;237;80;300;100;235;80;300;100;0;80;300;100;0;80;300;4;2;0.4;6;4;5;0.4;6;4;2;0.4;6;4;5;0.4;6;4;2;0.4;6;4;6;0.4;6;4;2;0.4;6;4;6;0.4;6;NOK;NOK;OK;4500;4589;4250;4800;OK;7.64;0;8;12;NOK;N/A;1.9;N/A;N/A;N/A;10;13.9;7;17;OK;;0;0;0;-;Disabled;TempOk;1;230;191.3;0;0;0;349.9;440474000 audi 597g-598h;440474000 audi 597g-598h;440474000 audi 597g-598h
20260331_01:51:03;25856;4;4;965;942.6;925;1005;OK;965;957.5;925;1005;OK;948.8;953.7;-15;-9.9;-50;-5;OK;-15;-10.4;-50;-5;OK;-14.4;-13.1;0;-15;-10;-50;-5;OK;355;368;355;600;OK;168.17;168.71;N/A;N/A;N/A;N/A;N/A;N/A;N/A;N/A;N/A;N/A;N/A;N/A;N/A;N/A;N/A;N/A;N/A;N/A;N/A;N/A;N/A;N/A;N/A;N/A;N/A;N/A;N/A;N/A;N/A;N/A;N/A;N/A;N/A;N/A;N/A;N/A;N/A;N/A;N/A;N/A;N/A;N/A;N/A;N/A;N/A;N/A;N/A;N/A;N/A;N/A;N/A;N/A;N/A;N/A;N/A;N/A;N/A;N/A;N/A;N/A;N/A;N/A;N/A;N/A;N/A;N/A;N/A;N/A;N/A;N/A;N/A;N/A;N/A;N/A;N/A;N/A;N/A;N/A;N/A;N/A;N/A;N/A;N/A;N/A;N/A;N/A;N/A;N/A;N/A;N/A;N/A;N/A;N/A;N/A;N/A;N/A;N/A;N/A;;0;448.8;0;0;;Disabled;TempStop;1;740;494.1;0;0;0;599.9;549.9;Enabled;PosOk;1;20;0;0;0;0;15;Disabled;0;0;0;0;0;0;0;0;0;0;0;0;0;0;0;0;0;0;0;0;0;0;0;0;0;0;0;0;0;0;0;0;0;0;0;0;0;0;0;0;0;0;0;0;0;0;0;0;0;0;0;0;0;0;0;0;0;0;0;0;0;0;0;0;0;0;0;0;0;0;30;23;20;45;30;23;20;45;30;32;20;45;30;30;20;45;100;0;80;300;100;0;80;300;100;266;80;300;100;266;80;300;30;34;20;45;30;30;20;45;30;26;20;45;30;28;20;45;100;238;80;300;100;235;80;300;100;0;80;300;100;0;80;300;4;2;0.4;6;4;5;0.4;6;4;2;0.4;6;4;5;0.4;6;4;2;0.4;6;4;5;0.4;6;4;2;0.4;6;4;5;0.4;6;NOK;NOK;OK;4500;4584;4250;4800;OK;7.64;0;8;12;NOK;N/A;1.9;N/A;N/A;N/A;10;12.8;7;17;OK;;0;0;0;-;Disabled;TempOk;1;230;201.4;0;0;0;349.9;440474000 audi 597g-598h;440474000 audi 597g-598h;440474000 audi 597g-598h
20260331_01:51:24;25857;1;4;965;954;925;1005;OK;965;966.4;925;1005;OK;966.6;966.6;-20;-13.6;-50;-25;NOK;-20;-15.3;-50;-25;NOK;-17.5;-15.7;0;-20;-13.6;-50;-25;NOK;355;367;355;600;OK;0;0;N/A;N/A;N/A;N/A;N/A;N/A;N/A;N/A;N/A;N/A;N/A;N/A;N/A;N/A;N/A;N/A;N/A;N/A;N/A;N/A;N/A;N/A;N/A;N/A;N/A;N/A;N/A;N/A;N/A;N/A;N/A;N/A;N/A;N/A;N/A;N/A;N/A;N/A;N/A;N/A;N/A;N/A;N/A;N/A;N/A;N/A;N/A;N/A;N/A;N/A;N/A;N/A;N/A;N/A;N/A;N/A;N/A;N/A;N/A;N/A;N/A;N/A;N/A;N/A;N/A;N/A;N/A;N/A;N/A;N/A;N/A;N/A;N/A;N/A;N/A;N/A;N/A;N/A;N/A;N/A;N/A;N/A;N/A;N/A;N/A;N/A;N/A;N/A;N/A;N/A;N/A;N/A;N/A;N/A;N/A;N/A;N/A;N/A;;0;449.8;0;0;;Disabled;TempStop;1;740;496.1;0;0;0;599.9;549.9;Enabled;PosOk;1;20;0;0;0;0;15;Disabled;0;0;0;0;0;0;0;0;0;0;0;0;0;0;0;0;0;0;0;0;0;0;0;0;0;0;0;0;0;0;0;0;0;0;0;0;0;0;0;0;0;0;0;0;0;0;0;0;0;0;0;0;0;0;0;0;0;0;0;0;0;0;0;0;0;0;0;0;0;0;30;23;20;45;30;23;20;45;30;32;20;45;30;29;20;45;100;0;80;300;100;0;80;300;100;267;80;300;100;266;80;300;30;33;20;45;30;29;20;45;30;26;20;45;30;28;20;45;100;237;80;300;100;235;80;300;100;0;80;300;100;0;80;300;4;2;0.4;6;4;5;0.4;6;4;2;0.4;6;4;5;0.4;6;4;2;0.4;6;4;5;0.4;6;4;2;0.4;6;4;5;0.4;6;NOK;NOK;OK;4500;4588;4250;4800;OK;7.64;0;8;12;NOK;N/A;1.9;N/A;N/A;N/A;10;14;7;17;OK;;0;0;0;-;Disabled;TempOk;1;230;202.3;0;0;0;349.9;440474000 audi 597g-598h;440474000 audi 597g-598h;440474000 audi 597g-598h
20260331_02:23:11;25859;1;1;965;962.4;940;990;OK;965;944.8;940;990;OK;941.6;943.4;-20;-16.4;-50;-25;NOK;-20;-17.9;-50;-25;NOK;-17;-17.4;0;-20;-16.4;-50;-25;NOK;355;378;355;600;OK;0;0;N/A;N/A;N/A;N/A;N/A;N/A;N/A;N/A;N/A;N/A;N/A;N/A;N/A;N/A;N/A;N/A;N/A;N/A;N/A;N/A;N/A;N/A;N/A;N/A;N/A;N/A;N/A;N/A;N/A;N/A;N/A;N/A;N/A;N/A;N/A;N/A;N/A;N/A;N/A;N/A;N/A;N/A;N/A;N/A;N/A;N/A;N/A;N/A;N/A;N/A;N/A;N/A;N/A;N/A;N/A;N/A;N/A;N/A;N/A;N/A;N/A;N/A;N/A;N/A;N/A;N/A;N/A;N/A;N/A;N/A;N/A;N/A;N/A;N/A;N/A;N/A;N/A;N/A;N/A;N/A;N/A;N/A;N/A;N/A;N/A;N/A;N/A;N/A;N/A;N/A;N/A;N/A;N/A;N/A;N/A;N/A;N/A;N/A;;0;441.2;0;0;;Disabled;TempStop;1;740;487.5;0;0;0;599.9;549.9;Enabled;PosOk;1;20;0;0;0;0;15;Disabled;0;0;0;0;0;0;0;0;0;0;0;0;0;0;0;0;0;0;0;0;0;0;0;0;0;0;0;0;0;0;0;0;0;0;0;0;0;0;0;0;0;0;0;0;0;0;0;0;0;0;0;0;0;0;0;0;0;0;0;0;0;0;0;0;0;0;0;0;0;0;30;23;20;45;30;23;20;45;30;30;20;45;30;30;20;45;100;0;80;300;100;0;80;300;100;266;80;300;100;265;80;300;30;31;20;45;30;30;20;45;30;26;20;45;30;28;20;45;100;237;80;300;100;235;80;300;100;0;80;300;100;0;80;300;4;2;0.4;6;4;5;0.4;6;4;2;0.4;6;4;5;0.4;6;4;2;0.4;6;4;5;0.4;6;4;2;0.4;6;4;6;0.4;6;NOK;NOK;OK;4500;4607;4250;4800;OK;7.64;0;8;12;NOK;N/A;1.9;N/A;N/A;N/A;10;14.1;7;17;OK;;0;0;0;-;Disabled;TempOk;1;230;172.9;0;0;0;349.9;440474000 audi 597g-598h;440474000 audi 597g-598h;440474000 audi 597g-598h
20260331_02:27:46;25861;1;2;965;961.8;940;990;OK;965;957.4;940;990;OK;952.3;954.1;-20;-16.4;-50;-25;NOK;-20;-17.6;-50;-25;NOK;-18.7;-19.1;0;-20;-16.4;-50;-25;NOK;355;571;355;600;OK;0;0;N/A;N/A;N/A;N/A;N/A;N/A;N/A;N/A;N/A;N/A;N/A;N/A;N/A;N/A;N/A;N/A;N/A;N/A;N/A;N/A;N/A;N/A;N/A;N/A;N/A;N/A;N/A;N/A;N/A;N/A;N/A;N/A;N/A;N/A;N/A;N/A;N/A;N/A;N/A;N/A;N/A;N/A;N/A;N/A;N/A;N/A;N/A;N/A;N/A;N/A;N/A;N/A;N/A;N/A;N/A;N/A;N/A;N/A;N/A;N/A;N/A;N/A;N/A;N/A;N/A;N/A;N/A;N/A;N/A;N/A;N/A;N/A;N/A;N/A;N/A;N/A;N/A;N/A;N/A;N/A;N/A;N/A;N/A;N/A;N/A;N/A;N/A;N/A;N/A;N/A;N/A;N/A;N/A;N/A;N/A;N/A;N/A;N/A;;0;443.9;0;0;;Disabled;TempStop;1;740;490.9;0;0;0;599.9;549.9;Enabled;PosOk;1;20;0;0;0;0;15;Disabled;0;0;0;0;0;0;0;0;0;0;0;0;0;0;0;0;0;0;0;0;0;0;0;0;0;0;0;0;0;0;0;0;0;0;0;0;0;0;0;0;0;0;0;0;0;0;0;0;0;0;0;0;0;0;0;0;0;0;0;0;0;0;0;0;0;0;0;0;0;0;30;23;20;45;30;23;20;45;30;30;20;45;30;30;20;45;100;0;80;300;100;0;80;300;100;266;80;300;100;266;80;300;30;31;20;45;30;30;20;45;30;26;20;45;30;28;20;45;100;238;80;300;100;235;80;300;100;0;80;300;100;0;80;300;4;2;0.4;6;4;5;0.4;6;4;2;0.4;6;4;5;0.4;6;4;2;0.4;6;4;5;0.4;6;4;2;0.4;6;4;6;0.4;6;NOK;NOK;OK;4500;4602;4250;4800;OK;7.64;0;8;12;NOK;N/A;1.9;N/A;N/A;N/A;10;14;7;17;OK;;0;0;0;-;Disabled;TempOk;1;230;168;0;0;0;349.9;440474000 audi 597g-598h;440474000 audi 597g-598h;440474000 audi 597g-598h
20260331_02:30:27;25864;1;1;965;932.9;940;990;NOK;965;932.4;940;990;NOK;925.2;928.6;-20;-18;-50;-25;NOK;-20;-16.5;-50;-25;NOK;-17.2;-16.8;0;-20;-18;-50;-25;NOK;355;422;355;600;OK;0;0;N/A;N/A;N/A;N/A;N/A;N/A;N/A;N/A;N/A;N/A;N/A;N/A;N/A;N/A;N/A;N/A;N/A;N/A;N/A;N/A;N/A;N/A;N/A;N/A;N/A;N/A;N/A;N/A;N/A;N/A;N/A;N/A;N/A;N/A;N/A;N/A;N/A;N/A;N/A;N/A;N/A;N/A;N/A;N/A;N/A;N/A;N/A;N/A;N/A;N/A;N/A;N/A;N/A;N/A;N/A;N/A;N/A;N/A;N/A;N/A;N/A;N/A;N/A;N/A;N/A;N/A;N/A;N/A;N/A;N/A;N/A;N/A;N/A;N/A;N/A;N/A;N/A;N/A;N/A;N/A;N/A;N/A;N/A;N/A;N/A;N/A;N/A;N/A;N/A;N/A;N/A;N/A;N/A;N/A;N/A;N/A;N/A;N/A;;0;442.1;0;0;;Disabled;TempStop;1;740;488.2;0;0;0;599.9;549.9;Enabled;PosOk;1;20;0;0;0;0;15;Disabled;0;0;0;0;0;0;0;0;0;0;0;0;0;0;0;0;0;0;0;0;0;0;0;0;0;0;0;0;0;0;0;0;0;0;0;0;0;0;0;0;0;0;0;0;0;0;0;0;0;0;0;0;0;0;0;0;0;0;0;0;0;0;0;0;0;0;0;0;0;0;30;23;20;45;30;23;20;45;30;29;20;45;30;29;20;45;100;0;80;300;100;0;80;300;100;266;80;300;100;265;80;300;30;30;20;45;30;29;20;45;30;26;20;45;30;28;20;45;100;236;80;300;100;234;80;300;100;0;80;300;100;0;80;300;4;2;0.4;6;4;5;0.4;6;4;2;0.4;6;4;5;0.4;6;4;2;0.4;6;4;5;0.4;6;4;2;0.4;6;4;6;0.4;6;NOK;NOK;OK;4500;4598;4250;4800;OK;7.64;0;8;12;NOK;N/A;1.9;N/A;N/A;N/A;10;13.9;7;17;OK;;0;0;0;-;Disabled;TempOk;1;230;167.3;0;0;0;349.9;440474000 audi 597g-598h;440474000 audi 597g-598h;440474000 audi 597g-598h
20260331_02:30:38;25860;3;1;965;962.1;940;990;OK;965;949.5;940;990;OK;944.9;947.1;-20;-31.1;-50;-25;OK;-20;-29.8;-50;-25;OK;-20.4;-21.5;0;-20;-31.1;-50;-25;OK;355;816;355;600;NOK;0;0;;;;;;;;;;;;;;;;;;;;;;;;;;;;;;;;;;;;;;;;;;;;;;;;;;;;;;;;;;;;;;;;;;;;;;;;;;;;;;;;;;;;;;;;;;;;;;;;;;;;;;;;;;;;;;;;;;;;;;;;;;;;;;;;;;;;;;;;;;;;;;;;;;;;;;;;;;;;;;;;;;;;;;;;;;;;;;;;;;;;;;;;;;;;;;;;;;;;;;;;;;;;;;;;;;;;;;;;;;;;;;;;;;;;;;;;;;;;;;;;;;;;;;;;;;;;;;;;;;;;;;;;;;;;;;;;;;;;;;;;;;;;;;;;;;;;;;;;;;;;;;;;;;;;;;;;;;;;;;;;;;;;;;;;440474000 audi 597g-598h;;;;
20260331_02:31:20;25862;3;2;965;961;940;990;OK;965;965.5;940;990;OK;954.3;956.5;-20;-32.2;-50;-25;OK;-20;-31.8;-50;-25;OK;-22.8;-23.9;0;-20;-31.7;-50;-25;OK;355;776;355;600;NOK;0;0;;;;;;;;;;;;;;;;;;;;;;;;;;;;;;;;;;;;;;;;;;;;;;;;;;;;;;;;;;;;;;;;;;;;;;;;;;;;;;;;;;;;;;;;;;;;;;;;;;;;;;;;;;;;;;;;;;;;;;;;;;;;;;;;;;;;;;;;;;;;;;;;;;;;;;;;;;;;;;;;;;;;;;;;;;;;;;;;;;;;;;;;;;;;;;;;;;;;;;;;;;;;;;;;;;;;;;;;;;;;;;;;;;;;;;;;;;;;;;;;;;;;;;;;;;;;;;;;;;;;;;;;;;;;;;;;;;;;;;;;;;;;;;;;;;;;;;;;;;;;;;;;;;;;;;;;;;;;;;;;;;;;;;;;440474000 audi 597g-598h;;;;
20260331_02:32:03;25863;1;3;965;960.3;940;990;OK;965;967.4;940;990;OK;982.3;978.1;-20;-16.1;-50;-25;NOK;-20;-18.6;-50;-25;NOK;-20;-18.7;0;-20;-16.1;-50;-25;NOK;355;776;355;600;NOK;0;0;;;;;;;;;;;;;;;;;;;;;;;;;;;;;;;;;;;;;;;;;;;;;;;;;;;;;;;;;;;;;;;;;;;;;;;;;;;;;;;;;;;;;;;;;;;;;;;;;;;;;;;;;;;;;;;;;;;;;;;;;;;;;;;;;;;;;;;;;;;;;;;;;;;;;;;;;;;;;;;;;;;;;;;;;;;;;;;;;;;;;;;;;;;;;;;;;;;;;;;;;;;;;;;;;;;;;;;;;;;;;;;;;;;;;;;;;;;;;;;;;;;;;;;;;;;;;;;;;;;;;;;;;;;;;;;;;;;;;;;;;;;;;;;;;;;;;;;;;;;;;;;;;;;;;;;;;;;;;;;;;;;;;;;;440474000 audi 597g-598h;;;;
20260331_02:34:03;25865;1;2;965;945.9;915;1015;OK;965;944.4;915;1015;OK;939.8;942.7;-20;-17.9;-50;-25;NOK;-20;-15.4;-50;-25;NOK;-14.7;-14.9;0;-20;-17.9;-50;-25;NOK;355;364;355;600;OK;0;0;N/A;N/A;N/A;N/A;N/A;N/A;N/A;N/A;N/A;N/A;N/A;N/A;N/A;N/A;N/A;N/A;N/A;N/A;N/A;N/A;N/A;N/A;N/A;N/A;N/A;N/A;N/A;N/A;N/A;N/A;N/A;N/A;N/A;N/A;N/A;N/A;N/A;N/A;N/A;N/A;N/A;N/A;N/A;N/A;N/A;N/A;N/A;N/A;N/A;N/A;N/A;N/A;N/A;N/A;N/A;N/A;N/A;N/A;N/A;N/A;N/A;N/A;N/A;N/A;N/A;N/A;N/A;N/A;N/A;N/A;N/A;N/A;N/A;N/A;N/A;N/A;N/A;N/A;N/A;N/A;N/A;N/A;N/A;N/A;N/A;N/A;N/A;N/A;N/A;N/A;N/A;N/A;N/A;N/A;N/A;N/A;N/A;N/A;;0;445.3;0;0;;Disabled;TempStop;1;740;490.7;0;0;0;599.9;549.9;Enabled;PosOk;1;20;0;0;0;0;15;Disabled;0;0;0;0;0;0;0;0;0;0;0;0;0;0;0;0;0;0;0;0;0;0;0;0;0;0;0;0;0;0;0;0;0;0;0;0;0;0;0;0;0;0;0;0;0;0;0;0;0;0;0;0;0;0;0;0;0;0;0;0;0;0;0;0;0;0;0;0;32;3;30;23;20;45;30;23;20;45;30;30;20;45;30;30;20;45;100;0;80;300;100;0;80;300;100;266;80;300;100;266;80;300;30;31;20;45;30;30;20;45;30;26;20;45;30;28;20;45;100;237;80;300;100;235;80;300;100;0;80;300;100;0;80;300;4;2;0.4;6;4;5;0.4;6;4;2;0.4;6;4;5;0.4;6;4;2;0.4;6;4;6;0.4;6;4;2;0.4;6;4;6;0.4;6;NOK;NOK;OK;4500;4600;4250;4800;OK;7.64;0;8;12;NOK;N/A;1.9;N/A;N/A;N/A;10;13.9;7;17;OK;;0;0;0;-;Disabled;TempOk;1;230;168;0;0;0;349.9;440474000 audi 597g-598h;440474000 audi 597g-598h;440474000 audi 597g-598h
20260331_02:36:52;25866;1;1;965;920.5;915;1015;OK;965;919.6;915;1015;OK;912.3;916.4;-20;-16.7;-50;-25;NOK;-20;-17.2;-50;-25;NOK;-16.5;-16.8;0;-20;-16.7;-50;-25;NOK;355;372;355;600;OK;0;0;N/A;N/A;N/A;N/A;N/A;N/A;N/A;N/A;N/A;N/A;N/A;N/A;N/A;N/A;N/A;N/A;N/A;N/A;N/A;N/A;N/A;N/A;N/A;N/A;N/A;N/A;N/A;N/A;N/A;N/A;N/A;N/A;N/A;N/A;N/A;N/A;N/A;N/A;N/A;N/A;N/A;N/A;N/A;N/A;N/A;N/A;N/A;N/A;N/A;N/A;N/A;N/A;N/A;N/A;N/A;N/A;N/A;N/A;N/A;N/A;N/A;N/A;N/A;N/A;N/A;N/A;N/A;N/A;N/A;N/A;N/A;N/A;N/A;N/A;N/A;N/A;N/A;N/A;N/A;N/A;N/A;N/A;N/A;N/A;N/A;N/A;N/A;N/A;N/A;N/A;N/A;N/A;N/A;N/A;N/A;N/A;N/A;N/A;;0;434.5;0;0;;Disabled;TempStop;1;740;478.8;0;0;0;599.9;549.9;Enabled;PosOk;1;20;0;0;0;0;15;Disabled;0;0;0;0;0;0;0;0;0;0;0;0;0;0;0;0;0;0;0;0;0;0;0;0;0;0;0;0;0;0;0;0;0;0;0;0;0;0;0;0;0;0;0;0;0;0;0;0;0;0;0;0;0;0;0;0;0;0;0;0;0;0;0;0;0;0;0;0;0;0;30;23;20;45;30;23;20;45;30;30;20;45;30;30;20;45;100;0;80;300;100;0;80;300;100;266;80;300;100;266;80;300;30;31;20;45;30;30;20;45;30;26;20;45;30;28;20;45;100;237;80;300;100;235;80;300;100;0;80;300;100;0;80;300;4;2;0.4;6;4;5;0.4;6;4;2;0.4;6;4;5;0.4;6;4;2;0.4;6;4;6;0.4;6;4;2;0.4;6;4;6;0.4;6;NOK;NOK;OK;4500;4598;4250;4800;OK;7.64;0;8;12;NOK;N/A;1.9;N/A;N/A;N/A;10;14.1;7;17;OK;;0;0;0;-;Disabled;TempOk;1;230;164.2;0;0;0;349.9;440474000 audi 597g-598h;440474000 audi 597g-598h;440474000 audi 597g-598h
20260331_02:37:34;25868;3;3;965;961.1;915;1015;OK;965;974.6;915;1015;OK;981;980.2;-20;-31.4;-50;-25;OK;-20;-20.6;-50;-25;NOK;-17.9;-18.7;0;-20;-31.4;-50;-25;OK;355;398;355;600;OK;0;0;N/A;N/A;N/A;N/A;N/A;N/A;N/A;N/A;N/A;N/A;N/A;N/A;N/A;N/A;N/A;N/A;N/A;N/A;N/A;N/A;N/A;N/A;N/A;N/A;N/A;N/A;N/A;N/A;N/A;N/A;N/A;N/A;N/A;N/A;N/A;N/A;N/A;N/A;N/A;N/A;N/A;N/A;N/A;N/A;N/A;N/A;N/A;N/A;N/A;N/A;N/A;N/A;N/A;N/A;N/A;N/A;N/A;N/A;N/A;N/A;N/A;N/A;N/A;N/A;N/A;N/A;N/A;N/A;N/A;N/A;N/A;N/A;N/A;N/A;N/A;N/A;N/A;N/A;N/A;N/A;N/A;N/A;N/A;N/A;N/A;N/A;N/A;N/A;N/A;N/A;N/A;N/A;N/A;N/A;N/A;N/A;N/A;N/A;;0;444.5;0;0;;Disabled;TempStop;1;740;490.5;0;0;0;599.9;549.9;Enabled;PosOk;1;20;0;0;0;0;15;Disabled;0;0;0;0;0;0;0;0;0;0;0;0;0;0;0;0;0;0;0;0;0;0;0;0;0;0;0;0;0;0;0;0;0;0;0;0;0;0;0;0;0;0;0;0;0;0;0;0;0;0;0;0;0;0;0;0;0;0;0;0;0;0;0;0;0;0;0;0;0;0;30;23;20;45;30;23;20;45;30;30;20;45;30;29;20;45;100;0;80;300;100;0;80;300;100;266;80;300;100;266;80;300;30;31;20;45;30;30;20;45;30;26;20;45;30;28;20;45;100;237;80;300;100;235;80;300;100;0;80;300;100;0;80;300;4;2;0.4;6;4;6;0.4;6;4;2;0.4;6;4;5;0.4;6;4;2;0.4;6;4;6;0.4;6;4;2;0.4;6;4;5;0.4;6;NOK;NOK;OK;4500;4600;4250;4800;OK;7.64;0;8;12;NOK;N/A;1.9;N/A;N/A;N/A;10;14;7;17;OK;;0;0;0;-;Disabled;TempOk;1;230;171.6;0;0;0;349.9;440474000 audi 597g-598h;440474000 audi 597g-598h;440474000 audi 597g-598h
20260331_02:38:16;25869;3;1;965;937.6;915;1015;OK;965;936.6;915;1015;OK;929.5;932.9;-20;-29.9;-50;-25;OK;-20;-22.5;-50;-25;NOK;-19.1;-20.1;0;-20;-29.9;-50;-25;OK;355;414;355;600;OK;0;0;N/A;N/A;N/A;N/A;N/A;N/A;N/A;N/A;N/A;N/A;N/A;N/A;N/A;N/A;N/A;N/A;N/A;N/A;N/A;N/A;N/A;N/A;N/A;N/A;N/A;N/A;N/A;N/A;N/A;N/A;N/A;N/A;N/A;N/A;N/A;N/A;N/A;N/A;N/A;N/A;N/A;N/A;N/A;N/A;N/A;N/A;N/A;N/A;N/A;N/A;N/A;N/A;N/A;N/A;N/A;N/A;N/A;N/A;N/A;N/A;N/A;N/A;N/A;N/A;N/A;N/A;N/A;N/A;N/A;N/A;N/A;N/A;N/A;N/A;N/A;N/A;N/A;N/A;N/A;N/A;N/A;N/A;N/A;N/A;N/A;N/A;N/A;N/A;N/A;N/A;N/A;N/A;N/A;N/A;N/A;N/A;N/A;N/A;;0;432.6;0;0;;Disabled;TempStop;1;740;477.9;0;0;0;599.9;549.9;Enabled;PosOk;1;20;0;0;0;0;15;Disabled;0;0;0;0;0;0;0;0;0;0;0;0;0;0;0;0;0;0;0;0;0;0;0;0;0;0;0;0;0;0;0;0;0;0;0;0;0;0;0;0;0;0;0;0;0;0;0;0;0;0;0;0;0;0;0;0;0;0;0;0;0;0;0;0;0;0;0;0;0;0;30;23;20;45;30;23;20;45;30;30;20;45;30;30;20;45;100;0;80;300;100;0;80;300;100;266;80;300;100;266;80;300;30;32;20;45;30;30;20;45;30;26;20;45;30;28;20;45;100;237;80;300;100;235;80;300;100;0;80;300;100;1;80;300;4;2;0.4;6;4;5;0.4;6;4;2;0.4;6;4;5;0.4;6;4;2;0.4;6;4;6;0.4;6;4;2;0.4;6;4;5;0.4;6;NOK;NOK;OK;4500;4595;4250;4800;OK;7.64;0;8;12;NOK;N/A;1.9;N/A;N/A;N/A;10;14.7;7;17;OK;;0;0;0;-;Disabled;TempOk;1;230;179.3;0;0;0;349.9;440474000 audi 597g-598h;440474000 audi 597g-598h;440474000 audi 597g-598h
20260331_02:38:58;25870;1;4;965;962;915;1015;OK;965;964.9;915;1015;OK;970.6;968.2;-20;-19.6;-50;-25;NOK;-20;-18;-50;-25;NOK;-16.4;-16.7;0;-20;-19.6;-50;-25;NOK;355;439;355;600;OK;0;0;N/A;N/A;N/A;N/A;N/A;N/A;N/A;N/A;N/A;N/A;N/A;N/A;N/A;N/A;N/A;N/A;N/A;N/A;N/A;N/A;N/A;N/A;N/A;N/A;N/A;N/A;N/A;N/A;N/A;N/A;N/A;N/A;N/A;N/A;N/A;N/A;N/A;N/A;N/A;N/A;N/A;N/A;N/A;N/A;N/A;N/A;N/A;N/A;N/A;N/A;N/A;N/A;N/A;N/A;N/A;N/A;N/A;N/A;N/A;N/A;N/A;N/A;N/A;N/A;N/A;N/A;N/A;N/A;N/A;N/A;N/A;N/A;N/A;N/A;N/A;N/A;N/A;N/A;N/A;N/A;N/A;N/A;N/A;N/A;N/A;N/A;N/A;N/A;N/A;N/A;N/A;N/A;N/A;N/A;N/A;N/A;N/A;N/A;;0;445.4;0;0;;Disabled;TempStop;1;740;491.8;0;0;0;599.9;549.9;Enabled;PosOk;1;20;0;0;0;0;15;Disabled;0;0;0;0;0;0;0;0;0;0;0;0;0;0;0;0;0;0;0;0;0;0;0;0;0;0;0;0;0;0;0;0;0;0;0;0;0;0;0;0;0;0;0;0;0;0;0;0;0;0;0;0;0;0;0;0;0;0;0;0;0;0;0;0;0;0;0;0;38;27;30;23;20;45;30;23;20;45;30;31;20;45;30;30;20;45;100;0;80;300;100;0;80;300;100;266;80;300;100;265;80;300;30;32;20;45;30;30;20;45;30;26;20;45;30;28;20;45;100;237;80;300;100;235;80;300;100;0;80;300;100;0;80;300;4;2;0.4;6;4;5;0.4;6;4;2;0.4;6;4;5;0.4;6;4;2;0.4;6;4;5;0.4;6;4;2;0.4;6;4;6;0.4;6;NOK;NOK;OK;4500;4592;4250;4800;OK;7.64;0;8;12;NOK;N/A;1.9;N/A;N/A;N/A;10;13.8;7;17;OK;;0;0;0;-;Disabled;TempOk;1;230;175.9;0;0;0;349.9;440474000 audi 597g-598h;440474000 audi 597g-598h;440474000 audi 597g-598h
20260331_02:39:41;25871;3;2;965;952.7;915;1015;OK;965;958.3;915;1015;OK;953.1;955.2;-20;-31.8;-50;-25;OK;-20;-22.4;-50;-25;NOK;-20.8;-21.8;0;-20;-31.8;-50;-25;OK;355;456;355;600;OK;0;0;N/A;N/A;N/A;N/A;N/A;N/A;N/A;N/A;N/A;N/A;N/A;N/A;N/A;N/A;N/A;N/A;N/A;N/A;N/A;N/A;N/A;N/A;N/A;N/A;N/A;N/A;N/A;N/A;N/A;N/A;N/A;N/A;N/A;N/A;N/A;N/A;N/A;N/A;N/A;N/A;N/A;N/A;N/A;N/A;N/A;N/A;N/A;N/A;N/A;N/A;N/A;N/A;N/A;N/A;N/A;N/A;N/A;N/A;N/A;N/A;N/A;N/A;N/A;N/A;N/A;N/A;N/A;N/A;N/A;N/A;N/A;N/A;N/A;N/A;N/A;N/A;N/A;N/A;N/A;N/A;N/A;N/A;N/A;N/A;N/A;N/A;N/A;N/A;N/A;N/A;N/A;N/A;N/A;N/A;N/A;N/A;N/A;N/A;;0;442.8;0;0;;Disabled;TempStop;1;740;488.3;0;0;0;599.9;549.9;Enabled;PosOk;1;20;0;0;0;0;15;Disabled;0;0;0;0;0;0;0;0;0;0;0;0;0;0;0;0;0;0;0;0;0;0;0;0;0;0;0;0;0;0;0;0;0;0;0;0;0;0;0;0;0;0;0;0;0;0;0;0;0;0;0;0;0;0;0;0;0;0;0;0;0;0;0;0;0;0;0;0;0;0;30;23;20;45;30;23;20;45;30;31;20;45;30;30;20;45;100;0;80;300;100;0;80;300;100;267;80;300;100;266;80;300;30;32;20;45;30;30;20;45;30;26;20;45;30;28;20;45;100;237;80;300;100;235;80;300;100;0;80;300;100;0;80;300;4;2;0.4;6;4;5;0.4;6;4;2;0.4;6;4;5;0.4;6;4;2;0.4;6;4;5;0.4;6;4;2;0.4;6;4;6;0.4;6;NOK;NOK;OK;4500;4593;4250;4800;OK;7.64;0;8;12;NOK;N/A;1.9;N/A;N/A;N/A;10;14.2;7;17;OK;;0;0;0;-;Disabled;TempOk;1;230;175.6;0;0;0;349.9;440474000 audi 597g-598h;440474000 audi 597g-598h;440474000 audi 597g-598h
20260331_02:40:23;25872;3;4;965;961.2;915;1015;OK;965;968;915;1015;OK;972.8;970.7;-20;-33.2;-50;-25;OK;-20;-21.5;-50;-25;NOK;-23.7;-24.8;0;-20;-32.5;-50;-25;OK;355;483;355;600;OK;0;0;N/A;N/A;N/A;N/A;N/A;N/A;N/A;N/A;N/A;N/A;N/A;N/A;N/A;N/A;N/A;N/A;N/A;N/A;N/A;N/A;N/A;N/A;N/A;N/A;N/A;N/A;N/A;N/A;N/A;N/A;N/A;N/A;N/A;N/A;N/A;N/A;N/A;N/A;N/A;N/A;N/A;N/A;N/A;N/A;N/A;N/A;N/A;N/A;N/A;N/A;N/A;N/A;N/A;N/A;N/A;N/A;N/A;N/A;N/A;N/A;N/A;N/A;N/A;N/A;N/A;N/A;N/A;N/A;N/A;N/A;N/A;N/A;N/A;N/A;N/A;N/A;N/A;N/A;N/A;N/A;N/A;N/A;N/A;N/A;N/A;N/A;N/A;N/A;N/A;N/A;N/A;N/A;N/A;N/A;N/A;N/A;N/A;N/A;;0;442.5;0;0;;Disabled;TempStop;1;740;485.9;0;0;0;599.9;549.9;Enabled;PosOk;1;20;0;0;0;0;15;Disabled;0;0;0;0;0;0;0;0;0;0;0;0;0;0;0;0;0;0;0;0;0;0;0;0;0;0;0;0;0;0;0;0;0;0;0;0;0;0;0;0;0;0;0;0;0;0;0;0;0;0;0;0;0;0;0;0;0;0;0;0;0;0;0;0;0;0;0;0;0;0;30;23;20;45;30;23;20;45;30;31;20;45;30;30;20;45;100;0;80;300;100;0;80;300;100;266;80;300;100;266;80;300;30;32;20;45;30;30;20;45;30;26;20;45;30;28;20;45;100;237;80;300;100;235;80;300;100;0;80;300;100;0;80;300;4;2;0.4;6;4;5;0.4;6;4;2;0.4;6;4;5;0.4;6;4;2;0.4;6;4;5;0.4;6;4;2;0.4;6;4;6;0.4;6;NOK;NOK;OK;4500;4594;4250;4800;OK;7.64;0;8;12;NOK;N/A;1.9;N/A;N/A;N/A;10;14.5;7;17;OK;;0;0;0;-;Disabled;TempOk;1;230;175.2;0;0;0;349.9;440474000 audi 597g-598h;440474000 audi 597g-598h;440474000 audi 597g-598h
20260331_02:41:05;25873;1;3;965;955.4;915;1015;OK;965;970.9;915;1015;OK;976;974.4;-20;-18.6;-50;-25;NOK;-20;-20.1;-50;-25;NOK;-17.4;-17.6;0;-20;-18.6;-50;-25;NOK;355;499;355;600;OK;0;0;N/A;N/A;N/A;N/A;N/A;N/A;N/A;N/A;N/A;N/A;N/A;N/A;N/A;N/A;N/A;N/A;N/A;N/A;N/A;N/A;N/A;N/A;N/A;N/A;N/A;N/A;N/A;N/A;N/A;N/A;N/A;N/A;N/A;N/A;N/A;N/A;N/A;N/A;N/A;N/A;N/A;N/A;N/A;N/A;N/A;N/A;N/A;N/A;N/A;N/A;N/A;N/A;N/A;N/A;N/A;N/A;N/A;N/A;N/A;N/A;N/A;N/A;N/A;N/A;N/A;N/A;N/A;N/A;N/A;N/A;N/A;N/A;N/A;N/A;N/A;N/A;N/A;N/A;N/A;N/A;N/A;N/A;N/A;N/A;N/A;N/A;N/A;N/A;N/A;N/A;N/A;N/A;N/A;N/A;N/A;N/A;N/A;N/A;;0;443.7;0;0;;Disabled;TempStop;1;740;489.6;0;0;0;599.9;549.9;Enabled;PosOk;1;20;0;0;0;0;15;Disabled;0;0;0;0;0;0;0;0;0;0;0;0;0;0;0;0;0;0;0;0;0;0;0;0;0;0;0;0;0;0;0;0;0;0;0;0;0;0;0;0;0;0;0;0;0;0;0;0;0;0;0;0;0;0;0;0;0;0;0;0;0;0;0;0;0;0;0;0;40;34;30;23;20;45;30;23;20;45;30;31;20;45;30;30;20;45;100;0;80;300;100;0;80;300;100;266;80;300;100;266;80;300;30;32;20;45;30;30;20;45;30;26;20;45;30;28;20;45;100;237;80;300;100;235;80;300;100;0;80;300;100;0;80;300;4;2;0.4;6;4;5;0.4;6;4;2;0.4;6;4;5;0.4;6;4;2;0.4;6;4;5;0.4;6;4;2;0.4;6;4;6;0.4;6;NOK;NOK;OK;4500;4594;4250;4800;OK;7.63;0;8;12;NOK;N/A;1.9;N/A;N/A;N/A;10;14;7;17;OK;;0;0;0;-;Disabled;TempOk;1;230;179;0;0;0;349.9;440474000 audi 597g-598h;440474000 audi 597g-598h;440474000 audi 597g-598h
20260331_02:41:47;25875;1;2;965;932.6;915;1015;OK;965;939.2;915;1015;OK;930.1;934;-20;-15.6;-50;-25;NOK;-20;-17.4;-50;-25;NOK;-14.8;-15.1;0;-20;-15.7;-50;-25;NOK;355;452;355;600;OK;0;0;N/A;N/A;N/A;N/A;N/A;N/A;N/A;N/A;N/A;N/A;N/A;N/A;N/A;N/A;N/A;N/A;N/A;N/A;N/A;N/A;N/A;N/A;N/A;N/A;N/A;N/A;N/A;N/A;N/A;N/A;N/A;N/A;N/A;N/A;N/A;N/A;N/A;N/A;N/A;N/A;N/A;N/A;N/A;N/A;N/A;N/A;N/A;N/A;N/A;N/A;N/A;N/A;N/A;N/A;N/A;N/A;N/A;N/A;N/A;N/A;N/A;N/A;N/A;N/A;N/A;N/A;N/A;N/A;N/A;N/A;N/A;N/A;N/A;N/A;N/A;N/A;N/A;N/A;N/A;N/A;N/A;N/A;N/A;N/A;N/A;N/A;N/A;N/A;N/A;N/A;N/A;N/A;N/A;N/A;N/A;N/A;N/A;N/A;;0;438.5;0;0;;Disabled;TempStop;1;740;484;0;0;0;599.9;549.9;Enabled;PosOk;1;20;0;0;0;0;15;Disabled;0;0;0;0;0;0;0;0;0;0;0;0;0;0;0;0;0;0;0;0;0;0;0;0;0;0;0;0;0;0;0;0;0;0;0;0;0;0;0;0;0;0;0;0;0;0;0;0;0;0;0;0;0;0;0;0;0;0;0;0;0;0;0;0;0;0;0;0;0;0;30;23;20;45;30;23;20;45;30;30;20;45;30;30;20;45;100;0;80;300;100;0;80;300;100;267;80;300;100;266;80;300;30;31;20;45;30;30;20;45;30;26;20;45;30;28;20;45;100;237;80;300;100;236;80;300;100;0;80;300;100;0;80;300;4;2;0.4;6;4;5;0.4;6;4;2;0.4;6;4;5;0.4;6;4;2;0.4;6;4;6;0.4;6;4;2;0.4;6;4;6;0.4;6;NOK;NOK;OK;4500;4594;4250;4800;OK;7.64;0;8;12;NOK;N/A;1.9;N/A;N/A;N/A;10;13.9;7;17;OK;;0;0;0;-;Disabled;TempOk;1;230;180.8;0;0;0;349.9;440474000 audi 597g-598h;440474000 audi 597g-598h;440474000 audi 597g-598h
20260331_02:42:30;25876;3;5;965;963;915;1015;OK;965;960.7;915;1015;OK;958.7;960.5;-20;-24;-50;-25;NOK;-20;-21.2;-50;-25;NOK;-25.7;-25.4;0;-20;-24;-50;-25;NOK;355;477;355;600;OK;0;0;N/A;N/A;N/A;N/A;N/A;N/A;N/A;N/A;N/A;N/A;N/A;N/A;N/A;N/A;N/A;N/A;N/A;N/A;N/A;N/A;N/A;N/A;N/A;N/A;N/A;N/A;N/A;N/A;N/A;N/A;N/A;N/A;N/A;N/A;N/A;N/A;N/A;N/A;N/A;N/A;N/A;N/A;N/A;N/A;N/A;N/A;N/A;N/A;N/A;N/A;N/A;N/A;N/A;N/A;N/A;N/A;N/A;N/A;N/A;N/A;N/A;N/A;N/A;N/A;N/A;N/A;N/A;N/A;N/A;N/A;N/A;N/A;N/A;N/A;N/A;N/A;N/A;N/A;N/A;N/A;N/A;N/A;N/A;N/A;N/A;N/A;N/A;N/A;N/A;N/A;N/A;N/A;N/A;N/A;N/A;N/A;N/A;N/A;;0;444.4;0;0;;Disabled;TempStop;1;740;489.7;0;0;0;599.9;549.9;Enabled;PosOk;1;20;0;0;0;0;15;Disabled;0;0;0;0;0;0;0;0;0;0;0;0;0;0;0;0;0;0;0;0;0;0;0;0;0;0;0;0;0;0;0;0;0;0;0;0;0;0;0;0;0;0;0;0;0;0;0;0;0;0;0;0;0;0;0;0;0;0;0;0;0;0;0;0;0;0;0;0;0;0;30;23;20;45;30;23;20;45;30;31;20;45;30;30;20;45;100;0;80;300;100;0;80;300;100;266;80;300;100;266;80;300;30;32;20;45;30;30;20;45;30;26;20;45;30;28;20;45;100;237;80;300;100;235;80;300;100;0;80;300;100;0;80;300;4;2;0.4;6;4;5;0.4;6;4;2;0.4;6;4;5;0.4;6;4;2;0.4;6;4;5;0.4;6;4;2;0.4;6;4;5;0.4;6;NOK;NOK;OK;4500;4595;4250;4800;OK;7.64;0;8;12;NOK;N/A;1.9;N/A;N/A;N/A;10;14.2;7;17;OK;;0;0;0;-;Disabled;TempOk;1;230;175.7;0;0;0;349.9;440474000 audi 597g-598h;440474000 audi 597g-598h;440474000 audi 597g-598h
20260331_03:00:23;25878;1;1;965;960;915;1015;OK;965;940.9;915;1015;OK;939.5;940.6;-20;-16.7;-50;-25;NOK;-20;-18.2;-50;-25;NOK;-17.3;-17.7;0;-20;-16.7;-50;-25;NOK;355;383;355;600;OK;0;0;N/A;N/A;N/A;N/A;N/A;N/A;N/A;N/A;N/A;N/A;N/A;N/A;N/A;N/A;N/A;N/A;N/A;N/A;N/A;N/A;N/A;N/A;N/A;N/A;N/A;N/A;N/A;N/A;N/A;N/A;N/A;N/A;N/A;N/A;N/A;N/A;N/A;N/A;N/A;N/A;N/A;N/A;N/A;N/A;N/A;N/A;N/A;N/A;N/A;N/A;N/A;N/A;N/A;N/A;N/A;N/A;N/A;N/A;N/A;N/A;N/A;N/A;N/A;N/A;N/A;N/A;N/A;N/A;N/A;N/A;N/A;N/A;N/A;N/A;N/A;N/A;N/A;N/A;N/A;N/A;N/A;N/A;N/A;N/A;N/A;N/A;N/A;N/A;N/A;N/A;N/A;N/A;N/A;N/A;N/A;N/A;N/A;N/A;;0;439.7;0;0;;Disabled;TempStop;1;740;485.4;0;0;0;599.9;549.9;Enabled;PosOk;1;20;0;0;0;0;15;Disabled;0;0;0;0;0;0;0;0;0;0;0;0;0;0;0;0;0;0;0;0;0;0;0;0;0;0;0;0;0;0;0;0;0;0;0;0;0;0;0;0;0;0;0;0;0;0;0;0;0;0;0;0;0;0;0;0;0;0;0;0;0;0;0;0;0;0;0;0;0;0;30;23;20;45;30;23;20;45;30;30;20;45;30;30;20;45;100;0;80;300;100;0;80;300;100;266;80;300;100;266;80;300;30;31;20;45;30;30;20;45;30;26;20;45;30;28;20;45;100;237;80;300;100;235;80;300;100;0;80;300;100;0;80;300;4;2;0.4;6;4;5;0.4;6;4;2;0.4;6;4;5;0.4;6;4;2;0.4;6;4;5;0.4;6;4;2;0.4;6;4;6;0.4;6;NOK;NOK;OK;4500;4599;4250;4800;OK;7.64;0;8;12;NOK;N/A;1.9;N/A;N/A;N/A;10;14;7;17;OK;;0;0;0;-;Disabled;TempOk;1;230;162.8;0;0;0;349.9;440474000 audi 597g-598h;440474000 audi 597g-598h;440474000 audi 597g-598h
20260331_03:00:47;25879;2;1;965;964.9;915;1015;OK;965;953.7;915;1015;OK;961.1;958.1;-15;-43.7;-50;-20;OK;-15;-29.7;-50;-20;OK;-26.1;-27.5;0;-15;-43.7;-50;-20;OK;355;394;355;600;OK;0;0;N/A;N/A;N/A;N/A;N/A;N/A;N/A;N/A;N/A;N/A;N/A;N/A;N/A;N/A;N/A;N/A;N/A;N/A;N/A;N/A;N/A;N/A;N/A;N/A;N/A;N/A;N/A;N/A;N/A;N/A;N/A;N/A;N/A;N/A;N/A;N/A;N/A;N/A;N/A;N/A;N/A;N/A;N/A;N/A;N/A;N/A;N/A;N/A;N/A;N/A;N/A;N/A;N/A;N/A;N/A;N/A;N/A;N/A;N/A;N/A;N/A;N/A;N/A;N/A;N/A;N/A;N/A;N/A;N/A;N/A;N/A;N/A;N/A;N/A;N/A;N/A;N/A;N/A;N/A;N/A;N/A;N/A;N/A;N/A;N/A;N/A;N/A;N/A;N/A;N/A;N/A;N/A;N/A;N/A;N/A;N/A;N/A;N/A;;0;446.1;0;0;;Disabled;TempStop;1;740;489.8;0;0;0;599.9;549.9;Enabled;PosOk;1;20;0;0;0;0;15;Disabled;0;0;0;0;0;0;0;0;0;0;0;0;0;0;0;0;0;0;0;0;0;0;0;0;0;0;0;0;0;0;0;0;0;0;0;0;0;0;0;0;0;0;0;0;0;0;0;0;0;0;0;0;0;0;0;0;0;0;0;0;0;0;0;0;0;0;0;0;0;0;30;23;20;45;30;23;20;45;30;31;20;45;30;30;20;45;100;0;80;300;100;0;80;300;100;266;80;300;100;265;80;300;30;32;20;45;30;30;20;45;30;26;20;45;30;28;20;45;100;237;80;300;100;235;80;300;100;0;80;300;100;0;80;300;4;2;0.4;6;4;5;0.4;6;4;2;0.4;6;4;5;0.4;6;4;2;0.4;6;4;5;0.4;6;4;2;0.4;6;4;6;0.4;6;NOK;NOK;OK;4500;4598;4250;4800;OK;7.64;0;8;12;NOK;N/A;1.9;N/A;N/A;N/A;10;12.9;7;17;OK;;0;0;0;-;Disabled;TempOk;1;230;183.9;0;0;0;349.9;440474000 audi 597g-598h;440474000 audi 597g-598h;440474000 audi 597g-598h
20260331_03:01:10;25880;1;2;965;963.2;915;1015;OK;965;952.3;915;1015;OK;948.7;950.6;-20;-19.5;-50;-25;NOK;-20;-19.4;-50;-25;NOK;-18.6;-18.9;0;-20;-19.4;-50;-25;NOK;355;385;355;600;OK;0;0;N/A;N/A;N/A;N/A;N/A;N/A;N/A;N/A;N/A;N/A;N/A;N/A;N/A;N/A;N/A;N/A;N/A;N/A;N/A;N/A;N/A;N/A;N/A;N/A;N/A;N/A;N/A;N/A;N/A;N/A;N/A;N/A;N/A;N/A;N/A;N/A;N/A;N/A;N/A;N/A;N/A;N/A;N/A;N/A;N/A;N/A;N/A;N/A;N/A;N/A;N/A;N/A;N/A;N/A;N/A;N/A;N/A;N/A;N/A;N/A;N/A;N/A;N/A;N/A;N/A;N/A;N/A;N/A;N/A;N/A;N/A;N/A;N/A;N/A;N/A;N/A;N/A;N/A;N/A;N/A;N/A;N/A;N/A;N/A;N/A;N/A;N/A;N/A;N/A;N/A;N/A;N/A;N/A;N/A;N/A;N/A;N/A;N/A;;0;442.5;0;0;;Disabled;TempStop;1;740;487.6;0;0;0;599.9;549.9;Enabled;PosOk;1;20;0;0;0;0;15;Disabled;0;0;0;0;0;0;0;0;0;0;0;0;0;0;0;0;0;0;0;0;0;0;0;0;0;0;0;0;0;0;0;0;0;0;0;0;0;0;0;0;0;0;0;0;0;0;0;0;0;0;0;0;0;0;0;0;0;0;0;0;0;0;0;0;0;0;0;0;0;0;30;23;20;45;30;23;20;45;30;32;20;45;30;30;20;45;100;0;80;300;100;0;80;300;100;266;80;300;100;266;80;300;30;33;20;45;30;30;20;45;30;26;20;45;30;28;20;45;100;237;80;300;100;235;80;300;100;0;80;300;100;0;80;300;4;2;0.4;6;4;5;0.4;6;4;2;0.4;6;4;5;0.4;6;4;2;0.4;6;4;5;0.4;6;4;2;0.4;6;4;6;0.4;6;NOK;NOK;OK;4500;4597;4250;4800;OK;7.64;0;8;12;NOK;N/A;1.9;N/A;N/A;N/A;10;14;7;17;OK;;0;0;0;-;Disabled;TempOk;1;230;191.1;0;0;0;349.9;440474000 audi 597g-598h;440474000 audi 597g-598h;440474000 audi 597g-598h
20260331_03:01:34;25881;4;1;965;962.8;915;1015;OK;965;972.1;915;1015;OK;973.8;975.5;-15;-14.2;-50;-5;OK;-15;-11.4;-50;-5;OK;-17;-15;0;-15;-14.2;-50;-5;OK;355;396;355;600;OK;174.11;174.62;N/A;N/A;N/A;N/A;N/A;N/A;N/A;N/A;N/A;N/A;N/A;N/A;N/A;N/A;N/A;N/A;N/A;N/A;N/A;N/A;N/A;N/A;N/A;N/A;N/A;N/A;N/A;N/A;N/A;N/A;N/A;N/A;N/A;N/A;N/A;N/A;N/A;N/A;N/A;N/A;N/A;N/A;N/A;N/A;N/A;N/A;N/A;N/A;N/A;N/A;N/A;N/A;N/A;N/A;N/A;N/A;N/A;N/A;N/A;N/A;N/A;N/A;N/A;N/A;N/A;N/A;N/A;N/A;N/A;N/A;N/A;N/A;N/A;N/A;N/A;N/A;N/A;N/A;N/A;N/A;N/A;N/A;N/A;N/A;N/A;N/A;N/A;N/A;N/A;N/A;N/A;N/A;N/A;N/A;N/A;N/A;N/A;N/A;;0;449.8;0;0;;Disabled;TempStop;1;740;494;0;0;0;599.9;549.9;Enabled;PosOk;1;20;0;0;0;0;15;Disabled;0;0;0;0;0;0;0;0;0;0;0;0;0;0;0;0;0;0;0;0;0;0;0;0;0;0;0;0;0;0;0;0;0;0;0;0;0;0;0;0;0;0;0;0;0;0;0;0;0;0;0;0;0;0;0;0;0;0;0;0;0;0;0;0;0;0;0;0;0;0;30;23;20;45;30;23;20;45;30;32;20;45;30;30;20;45;100;0;80;300;100;0;80;300;100;266;80;300;100;266;80;300;30;33;20;45;30;30;20;45;30;26;20;45;30;28;20;45;100;237;80;300;100;235;80;300;100;0;80;300;100;0;80;300;4;2;0.4;6;4;5;0.4;6;4;2;0.4;6;4;5;0.4;6;4;2;0.4;6;4;5;0.4;6;4;2;0.4;6;4;6;0.4;6;NOK;NOK;OK;4500;4599;4250;4800;OK;7.64;0;8;12;NOK;N/A;1.9;N/A;N/A;N/A;10;13;7;17;OK;;0;0;0;-;Disabled;TempOk;1;230;190.4;0;0;0;349.9;440474000 audi 597g-598h;440474000 audi 597g-598h;440474000 audi 597g-598h
20260331_03:01:58;25882;3;2;965;962;915;1015;OK;965;956.8;915;1015;OK;953.3;955;-20;-31.5;-50;-25;OK;-20;-27.1;-50;-25;OK;-24.2;-25.2;0;-20;-31.5;-50;-25;OK;355;386;355;600;OK;0;0;N/A;N/A;N/A;N/A;N/A;N/A;N/A;N/A;N/A;N/A;N/A;N/A;N/A;N/A;N/A;N/A;N/A;N/A;N/A;N/A;N/A;N/A;N/A;N/A;N/A;N/A;N/A;N/A;N/A;N/A;N/A;N/A;N/A;N/A;N/A;N/A;N/A;N/A;N/A;N/A;N/A;N/A;N/A;N/A;N/A;N/A;N/A;N/A;N/A;N/A;N/A;N/A;N/A;N/A;N/A;N/A;N/A;N/A;N/A;N/A;N/A;N/A;N/A;N/A;N/A;N/A;N/A;N/A;N/A;N/A;N/A;N/A;N/A;N/A;N/A;N/A;N/A;N/A;N/A;N/A;N/A;N/A;N/A;N/A;N/A;N/A;N/A;N/A;N/A;N/A;N/A;N/A;N/A;N/A;N/A;N/A;N/A;N/A;;0;444.6;0;0;;Disabled;TempStop;1;740;490.2;0;0;0;599.9;549.9;Enabled;PosOk;1;20;0;0;0;0;15;Disabled;0;0;0;0;0;0;0;0;0;0;0;0;0;0;0;0;0;0;0;0;0;0;0;0;0;0;0;0;0;0;0;0;0;0;0;0;0;0;0;0;0;0;0;0;0;0;0;0;0;0;0;0;0;0;0;0;0;0;0;0;0;0;0;0;0;0;0;0;0;0;30;23;20;45;30;23;20;45;30;32;20;45;30;30;20;45;100;0;80;300;100;0;80;300;100;267;80;300;100;267;80;300;30;33;20;45;30;30;20;45;30;26;20;45;30;28;20;45;100;237;80;300;100;235;80;300;100;0;80;300;100;0;80;300;4;2;0.4;6;4;5;0.4;6;4;2;0.4;6;4;5;0.4;6;4;2;0.4;6;4;6;0.4;6;4;2;0.4;6;4;5;0.4;6;NOK;NOK;OK;4500;4596;4250;4800;OK;7.64;0;8;12;NOK;N/A;1.9;N/A;N/A;N/A;10;14.1;7;17;OK;;0;0;0;-;Disabled;TempOk;1;230;192.8;0;0;0;349.9;440474000 audi 597g-598h;440474000 audi 597g-598h;440474000 audi 597g-598h
20260331_03:02:22;25883;2;2;965;963.3;915;1015;OK;965;971.8;915;1015;OK;970.3;972.2;-15;-75;-50;-20;OK;-15;-30.9;-50;-20;OK;-27.4;-28.6;0;-15;-74.7;-50;-20;OK;355;396;355;600;OK;0;0;N/A;N/A;N/A;N/A;N/A;N/A;N/A;N/A;N/A;N/A;N/A;N/A;N/A;N/A;N/A;N/A;N/A;N/A;N/A;N/A;N/A;N/A;N/A;N/A;N/A;N/A;N/A;N/A;N/A;N/A;N/A;N/A;N/A;N/A;N/A;N/A;N/A;N/A;N/A;N/A;N/A;N/A;N/A;N/A;N/A;N/A;N/A;N/A;N/A;N/A;N/A;N/A;N/A;N/A;N/A;N/A;N/A;N/A;N/A;N/A;N/A;N/A;N/A;N/A;N/A;N/A;N/A;N/A;N/A;N/A;N/A;N/A;N/A;N/A;N/A;N/A;N/A;N/A;N/A;N/A;N/A;N/A;N/A;N/A;N/A;N/A;N/A;N/A;N/A;N/A;N/A;N/A;N/A;N/A;N/A;N/A;N/A;N/A;;0;451.8;0;0;;Disabled;TempStop;1;740;496.7;0;0;0;599.9;549.9;Enabled;PosOk;1;20;0;0;0;0;15;Disabled;0;0;0;0;0;0;0;0;0;0;0;0;0;0;0;0;0;0;0;0;0;0;0;0;0;0;0;0;0;0;0;0;0;0;0;0;0;0;0;0;0;0;0;0;0;0;0;0;0;0;0;0;0;0;0;0;0;0;0;0;0;0;0;0;0;0;0;0;0;0;30;23;20;45;30;23;20;45;30;32;20;45;30;30;20;45;100;0;80;300;100;0;80;300;100;266;80;300;100;266;80;300;30;33;20;45;30;30;20;45;30;26;20;45;30;28;20;45;100;237;80;300;100;235;80;300;100;0;80;300;100;0;80;300;4;2;0.4;6;4;5;0.4;6;4;2;0.4;6;4;5;0.4;6;4;2;0.4;6;4;5;0.4;6;4;2;0.4;6;4;6;0.4;6;NOK;NOK;OK;4500;4596;4250;4800;OK;7.64;0;8;12;NOK;N/A;1.9;N/A;N/A;N/A;10;12.7;7;17;OK;;0;0;0;-;Disabled;TempOk;1;230;194.1;0;0;0;349.9;440474000 audi 597g-598h;440474000 audi 597g-598h;440474000 audi 597g-598h
20260331_03:02:46;25884;1;3;965;960.4;915;1015;OK;965;973.5;915;1015;OK;979.8;978.5;-20;-15.6;-50;-25;NOK;-20;-15.1;-50;-25;NOK;-21.1;-20.3;0;-20;-15.6;-50;-25;NOK;355;387;355;600;OK;0;0;N/A;N/A;N/A;N/A;N/A;N/A;N/A;N/A;N/A;N/A;N/A;N/A;N/A;N/A;N/A;N/A;N/A;N/A;N/A;N/A;N/A;N/A;N/A;N/A;N/A;N/A;N/A;N/A;N/A;N/A;N/A;N/A;N/A;N/A;N/A;N/A;N/A;N/A;N/A;N/A;N/A;N/A;N/A;N/A;N/A;N/A;N/A;N/A;N/A;N/A;N/A;N/A;N/A;N/A;N/A;N/A;N/A;N/A;N/A;N/A;N/A;N/A;N/A;N/A;N/A;N/A;N/A;N/A;N/A;N/A;N/A;N/A;N/A;N/A;N/A;N/A;N/A;N/A;N/A;N/A;N/A;N/A;N/A;N/A;N/A;N/A;N/A;N/A;N/A;N/A;N/A;N/A;N/A;N/A;N/A;N/A;N/A;N/A;;0;446.8;0;0;;Disabled;TempStop;1;740;493.3;0;0;0;599.9;549.9;Enabled;PosOk;1;20;0;0;0;0;15;Disabled;0;0;0;0;0;0;0;0;0;0;0;0;0;0;0;0;0;0;0;0;0;0;0;0;0;0;0;0;0;0;0;0;0;0;0;0;0;0;0;0;0;0;0;0;0;0;0;0;0;0;0;0;0;0;0;0;0;0;0;0;0;0;0;0;0;0;0;0;0;0;30;23;20;45;30;23;20;45;30;32;20;45;30;30;20;45;100;0;80;300;100;0;80;300;100;267;80;300;100;266;80;300;30;33;20;45;30;30;20;45;30;26;20;45;30;28;20;45;100;237;80;300;100;235;80;300;100;0;80;300;100;0;80;300;4;2;0.4;6;4;5;0.4;6;4;2;0.4;6;4;5;0.4;6;4;2;0.4;6;4;5;0.4;6;4;2;0.4;6;4;5;0.4;6;NOK;NOK;OK;4500;4601;4250;4800;OK;7.64;0;8;12;NOK;N/A;1.9;N/A;N/A;N/A;10;13.9;7;17;OK;;0;0;0;-;Disabled;TempOk;1;230;193.2;0;0;0;349.9;440474000 audi 597g-598h;440474000 audi 597g-598h;440474000 audi 597g-598h
20260331_03:03:09;25885;4;2;965;962.6;915;1015;OK;965;975.6;915;1015;OK;978.4;979.4;-15;-13.5;-50;-5;OK;-15;-11.7;-50;-5;OK;-18.2;-17.5;0;-15;-13.4;-50;-5;OK;355;398;355;600;OK;174.25;174.72;N/A;N/A;N/A;N/A;N/A;N/A;N/A;N/A;N/A;N/A;N/A;N/A;N/A;N/A;N/A;N/A;N/A;N/A;N/A;N/A;N/A;N/A;N/A;N/A;N/A;N/A;N/A;N/A;N/A;N/A;N/A;N/A;N/A;N/A;N/A;N/A;N/A;N/A;N/A;N/A;N/A;N/A;N/A;N/A;N/A;N/A;N/A;N/A;N/A;N/A;N/A;N/A;N/A;N/A;N/A;N/A;N/A;N/A;N/A;N/A;N/A;N/A;N/A;N/A;N/A;N/A;N/A;N/A;N/A;N/A;N/A;N/A;N/A;N/A;N/A;N/A;N/A;N/A;N/A;N/A;N/A;N/A;N/A;N/A;N/A;N/A;N/A;N/A;N/A;N/A;N/A;N/A;N/A;N/A;N/A;N/A;N/A;N/A;;0;452.9;0;0;;Disabled;TempStop;1;740;499;0;0;0;599.9;549.9;Enabled;PosOk;1;20;0;0;0;0;15;Disabled;0;0;0;0;0;0;0;0;0;0;0;0;0;0;0;0;0;0;0;0;0;0;0;0;0;0;0;0;0;0;0;0;0;0;0;0;0;0;0;0;0;0;0;0;0;0;0;0;0;0;0;0;0;0;0;0;0;0;0;0;0;0;0;0;0;0;0;0;0;0;30;23;20;45;30;23;20;45;30;32;20;45;30;30;20;45;100;0;80;300;100;0;80;300;100;267;80;300;100;267;80;300;30;33;20;45;30;30;20;45;30;26;20;45;30;28;20;45;100;237;80;300;100;235;80;300;100;0;80;300;100;0;80;300;4;2;0.4;6;4;5;0.4;6;4;2;0.4;6;4;5;0.4;6;4;2;0.4;6;4;6;0.4;6;4;2;0.4;6;4;6;0.4;6;NOK;NOK;OK;4500;4598;4250;4800;OK;7.64;0;8;12;NOK;N/A;1.9;N/A;N/A;N/A;10;12.9;7;17;OK;;0;0;0;-;Disabled;TempOk;1;230;193.8;0;0;0;349.9;440474000 audi 597g-598h;440474000 audi 597g-598h;440474000 audi 597g-598h
20260331_03:03:33;25886;3;3;965;960.2;915;1015;OK;965;973.7;915;1015;OK;978.7;977.6;-20;-30.4;-50;-25;OK;-20;-23;-50;-25;NOK;-21.1;-22.1;0;-20;-30.3;-50;-25;OK;355;389;355;600;OK;0;0;N/A;N/A;N/A;N/A;N/A;N/A;N/A;N/A;N/A;N/A;N/A;N/A;N/A;N/A;N/A;N/A;N/A;N/A;N/A;N/A;N/A;N/A;N/A;N/A;N/A;N/A;N/A;N/A;N/A;N/A;N/A;N/A;N/A;N/A;N/A;N/A;N/A;N/A;N/A;N/A;N/A;N/A;N/A;N/A;N/A;N/A;N/A;N/A;N/A;N/A;N/A;N/A;N/A;N/A;N/A;N/A;N/A;N/A;N/A;N/A;N/A;N/A;N/A;N/A;N/A;N/A;N/A;N/A;N/A;N/A;N/A;N/A;N/A;N/A;N/A;N/A;N/A;N/A;N/A;N/A;N/A;N/A;N/A;N/A;N/A;N/A;N/A;N/A;N/A;N/A;N/A;N/A;N/A;N/A;N/A;N/A;N/A;N/A;;0;443.4;0;0;;Disabled;TempStop;1;740;489.7;0;0;0;599.9;549.9;Enabled;PosOk;1;20;0;0;0;0;15;Disabled;0;0;0;0;0;0;0;0;0;0;0;0;0;0;0;0;0;0;0;0;0;0;0;0;0;0;0;0;0;0;0;0;0;0;0;0;0;0;0;0;0;0;0;0;0;0;0;0;0;0;0;0;0;0;0;0;0;0;0;0;0;0;0;0;0;0;0;0;0;0;30;23;20;45;30;23;20;45;30;32;20;45;30;30;20;45;100;0;80;300;100;0;80;300;100;266;80;300;100;267;80;300;30;33;20;45;30;30;20;45;30;26;20;45;30;28;20;45;100;237;80;300;100;235;80;300;100;0;80;300;100;0;80;300;4;2;0.4;6;4;5;0.4;6;4;2;0.4;6;4;5;0.4;6;4;2;0.4;6;4;6;0.4;6;4;2;0.4;6;4;5;0.4;6;NOK;NOK;OK;4500;4595;4250;4800;OK;7.68;0;8;12;NOK;N/A;1.9;N/A;N/A;N/A;10;14.6;7;17;OK;;0;0;0;-;Disabled;TempOk;1;230;195;0;0;0;349.9;440474000 audi 597g-598h;440474000 audi 597g-598h;440474000 audi 597g-598h
20260331_03:03:57;25887;4;3;965;963.4;915;1015;OK;965;973.9;915;1015;OK;978;977.6;-15;-17.2;-50;-5;OK;-15;-14.3;-50;-5;OK;-18.9;-17.9;0;-15;-17.1;-50;-5;OK;355;399;355;600;OK;174.34;174.79;N/A;N/A;N/A;N/A;N/A;N/A;N/A;N/A;N/A;N/A;N/A;N/A;N/A;N/A;N/A;N/A;N/A;N/A;N/A;N/A;N/A;N/A;N/A;N/A;N/A;N/A;N/A;N/A;N/A;N/A;N/A;N/A;N/A;N/A;N/A;N/A;N/A;N/A;N/A;N/A;N/A;N/A;N/A;N/A;N/A;N/A;N/A;N/A;N/A;N/A;N/A;N/A;N/A;N/A;N/A;N/A;N/A;N/A;N/A;N/A;N/A;N/A;N/A;N/A;N/A;N/A;N/A;N/A;N/A;N/A;N/A;N/A;N/A;N/A;N/A;N/A;N/A;N/A;N/A;N/A;N/A;N/A;N/A;N/A;N/A;N/A;N/A;N/A;N/A;N/A;N/A;N/A;N/A;N/A;N/A;N/A;N/A;N/A;;0;449.8;0;0;;Disabled;TempStop;1;740;496.2;0;0;0;599.9;549.9;Enabled;PosOk;1;20;0;0;0;0;15;Disabled;0;0;0;0;0;0;0;0;0;0;0;0;0;0;0;0;0;0;0;0;0;0;0;0;0;0;0;0;0;0;0;0;0;0;0;0;0;0;0;0;0;0;0;0;0;0;0;0;0;0;0;0;0;0;0;0;0;0;0;0;0;0;0;0;0;0;0;0;0;0;30;23;20;45;30;23;20;45;30;32;20;45;30;30;20;45;100;0;80;300;100;0;80;300;100;266;80;300;100;266;80;300;30;33;20;45;30;30;20;45;30;26;20;45;30;28;20;45;100;237;80;300;100;235;80;300;100;0;80;300;100;0;80;300;4;2;0.4;6;4;5;0.4;6;4;2;0.4;6;4;5;0.4;6;4;2;0.4;6;4;5;0.4;6;4;2;0.4;6;4;6;0.4;6;NOK;NOK;OK;4500;4593;4250;4800;OK;7.64;0;8;12;NOK;N/A;1.9;N/A;N/A;N/A;10;12.9;7;17;OK;;0;0;0;-;Disabled;TempOk;1;230;192.3;0;0;0;349.9;440474000 audi 597g-598h;440474000 audi 597g-598h;440474000 audi 597g-598h
20260331_03:04:21;25888;1;4;965;959.4;915;1015;OK;965;971.4;915;1015;OK;976.7;975.4;-20;-15.4;-50;-25;NOK;-20;-14.1;-50;-25;NOK;-18.3;-17.2;0;-20;-15.4;-50;-25;NOK;355;389;355;600;OK;0;0;N/A;N/A;N/A;N/A;N/A;N/A;N/A;N/A;N/A;N/A;N/A;N/A;N/A;N/A;N/A;N/A;N/A;N/A;N/A;N/A;N/A;N/A;N/A;N/A;N/A;N/A;N/A;N/A;N/A;N/A;N/A;N/A;N/A;N/A;N/A;N/A;N/A;N/A;N/A;N/A;N/A;N/A;N/A;N/A;N/A;N/A;N/A;N/A;N/A;N/A;N/A;N/A;N/A;N/A;N/A;N/A;N/A;N/A;N/A;N/A;N/A;N/A;N/A;N/A;N/A;N/A;N/A;N/A;N/A;N/A;N/A;N/A;N/A;N/A;N/A;N/A;N/A;N/A;N/A;N/A;N/A;N/A;N/A;N/A;N/A;N/A;N/A;N/A;N/A;N/A;N/A;N/A;N/A;N/A;N/A;N/A;N/A;N/A;;0;445.8;0;0;;Disabled;TempStop;1;740;492.2;0;0;0;599.9;549.9;Enabled;PosOk;1;20;0;0;0;0;15;Disabled;0;0;0;0;0;0;0;0;0;0;0;0;0;0;0;0;0;0;0;0;0;0;0;0;0;0;0;0;0;0;0;0;0;0;0;0;0;0;0;0;0;0;0;0;0;0;0;0;0;0;0;0;0;0;0;0;0;0;0;0;0;0;0;0;0;0;0;0;0;0;30;23;20;45;30;23;20;45;30;32;20;45;30;30;20;45;100;1;80;300;100;0;80;300;100;266;80;300;100;266;80;300;30;33;20;45;30;30;20;45;30;26;20;45;30;28;20;45;100;237;80;300;100;234;80;300;100;0;80;300;100;0;80;300;4;2;0.4;6;4;5;0.4;6;4;2;0.4;6;4;5;0.4;6;4;2;0.4;6;4;6;0.4;6;4;2;0.4;6;4;6;0.4;6;NOK;NOK;OK;4500;4594;4250;4800;OK;7.64;0;8;12;NOK;N/A;1.9;N/A;N/A;N/A;10;13.9;7;17;OK;;0;0;0;-;Disabled;TempOk;1;230;193.6;0;0;0;349.9;440474000 audi 597g-598h;440474000 audi 597g-598h;440474000 audi 597g-598h
20260331_03:04:44;25889;2;4;965;963.2;915;1015;OK;965;972;915;1015;OK;972.7;973.9;-15;-80.4;-50;-20;OK;-15;-32.1;-50;-20;OK;-29.3;-30.1;0;-15;-80.4;-50;-20;OK;355;400;355;600;OK;0;0;N/A;N/A;N/A;N/A;N/A;N/A;N/A;N/A;N/A;N/A;N/A;N/A;N/A;N/A;N/A;N/A;N/A;N/A;N/A;N/A;N/A;N/A;N/A;N/A;N/A;N/A;N/A;N/A;N/A;N/A;N/A;N/A;N/A;N/A;N/A;N/A;N/A;N/A;N/A;N/A;N/A;N/A;N/A;N/A;N/A;N/A;N/A;N/A;N/A;N/A;N/A;N/A;N/A;N/A;N/A;N/A;N/A;N/A;N/A;N/A;N/A;N/A;N/A;N/A;N/A;N/A;N/A;N/A;N/A;N/A;N/A;N/A;N/A;N/A;N/A;N/A;N/A;N/A;N/A;N/A;N/A;N/A;N/A;N/A;N/A;N/A;N/A;N/A;N/A;N/A;N/A;N/A;N/A;N/A;N/A;N/A;N/A;N/A;;0;456.1;0;0;;Disabled;TempStop;1;740;502.4;0;0;0;599.9;549.9;Enabled;PosOk;1;20;0;0;0;0;15;Disabled;0;0;0;0;0;0;0;0;0;0;0;0;0;0;0;0;0;0;0;0;0;0;0;0;0;0;0;0;0;0;0;0;0;0;0;0;0;0;0;0;0;0;0;0;0;0;0;0;0;0;0;0;0;0;0;0;0;0;0;0;0;0;0;0;0;0;0;0;0;0;30;23;20;45;30;23;20;45;30;32;20;45;30;30;20;45;100;0;80;300;100;0;80;300;100;266;80;300;100;266;80;300;30;33;20;45;30;30;20;45;30;26;20;45;30;28;20;45;100;238;80;300;100;235;80;300;100;0;80;300;100;0;80;300;4;2;0.4;6;4;5;0.4;6;4;2;0.4;6;4;5;0.4;6;4;2;0.4;6;4;6;0.4;6;4;2;0.4;6;4;6;0.4;6;NOK;NOK;OK;4500;4597;4250;4800;OK;7.64;0;8;12;NOK;N/A;1.9;N/A;N/A;N/A;10;12.7;7;17;OK;;0;0;0;-;Disabled;TempOk;1;230;195.3;0;0;0;349.9;440474000 audi 597g-598h;440474000 audi 597g-598h;440474000 audi 597g-598h
20260331_03:05:08;25890;3;4;965;961.3;915;1015;OK;965;966.7;915;1015;OK;967;966.8;-20;-24.2;-50;-25;NOK;-20;-20.3;-50;-25;NOK;-26.4;-25.8;0;-20;-24;-50;-25;NOK;355;391;355;600;OK;0;0;N/A;N/A;N/A;N/A;N/A;N/A;N/A;N/A;N/A;N/A;N/A;N/A;N/A;N/A;N/A;N/A;N/A;N/A;N/A;N/A;N/A;N/A;N/A;N/A;N/A;N/A;N/A;N/A;N/A;N/A;N/A;N/A;N/A;N/A;N/A;N/A;N/A;N/A;N/A;N/A;N/A;N/A;N/A;N/A;N/A;N/A;N/A;N/A;N/A;N/A;N/A;N/A;N/A;N/A;N/A;N/A;N/A;N/A;N/A;N/A;N/A;N/A;N/A;N/A;N/A;N/A;N/A;N/A;N/A;N/A;N/A;N/A;N/A;N/A;N/A;N/A;N/A;N/A;N/A;N/A;N/A;N/A;N/A;N/A;N/A;N/A;N/A;N/A;N/A;N/A;N/A;N/A;N/A;N/A;N/A;N/A;N/A;N/A;;0;441.2;0;0;;Disabled;TempStop;1;740;484;0;0;0;599.9;549.9;Enabled;PosOk;1;20;0;0;0;0;15;Disabled;0;0;0;0;0;0;0;0;0;0;0;0;0;0;0;0;0;0;0;0;0;0;0;0;0;0;0;0;0;0;0;0;0;0;0;0;0;0;0;0;0;0;0;0;0;0;0;0;0;0;0;0;0;0;0;0;0;0;0;0;0;0;0;0;0;0;0;0;0;0;30;23;20;45;30;23;20;45;30;32;20;45;30;30;20;45;100;0;80;300;100;0;80;300;100;267;80;300;100;265;80;300;30;33;20;45;30;30;20;45;30;26;20;45;30;28;20;45;100;237;80;300;100;235;80;300;100;0;80;300;100;0;80;300;4;2;0.4;6;4;5;0.4;6;4;2;0.4;6;4;5;0.4;6;4;2;0.4;6;4;5;0.4;6;4;2;0.4;6;4;6;0.4;6;NOK;NOK;OK;4500;4596;4250;4800;OK;7.64;0;8;12;NOK;N/A;1.9;N/A;N/A;N/A;10;13.8;7;17;OK;;0;0;0;-;Disabled;TempOk;1;230;193.2;0;0;0;349.9;440474000 audi 597g-598h;440474000 audi 597g-598h;440474000 audi 597g-598h
20260331_03:05:32;25891;4;4;965;960.7;915;1015;OK;965;977.7;915;1015;OK;980.9;980.8;-15;-19.3;-50;-5;OK;-15;-10.6;-50;-5;OK;-15.1;-14;0;-15;-19.4;-50;-5;OK;355;401;355;600;OK;174.5;174.94;N/A;N/A;N/A;N/A;N/A;N/A;N/A;N/A;N/A;N/A;N/A;N/A;N/A;N/A;N/A;N/A;N/A;N/A;N/A;N/A;N/A;N/A;N/A;N/A;N/A;N/A;N/A;N/A;N/A;N/A;N/A;N/A;N/A;N/A;N/A;N/A;N/A;N/A;N/A;N/A;N/A;N/A;N/A;N/A;N/A;N/A;N/A;N/A;N/A;N/A;N/A;N/A;N/A;N/A;N/A;N/A;N/A;N/A;N/A;N/A;N/A;N/A;N/A;N/A;N/A;N/A;N/A;N/A;N/A;N/A;N/A;N/A;N/A;N/A;N/A;N/A;N/A;N/A;N/A;N/A;N/A;N/A;N/A;N/A;N/A;N/A;N/A;N/A;N/A;N/A;N/A;N/A;N/A;N/A;N/A;N/A;N/A;N/A;;0;448.4;0;0;;Disabled;TempStop;1;740;493.3;0;0;0;599.9;549.9;Enabled;PosOk;1;20;0;0;0;0;15;Disabled;0;0;0;0;0;0;0;0;0;0;0;0;0;0;0;0;0;0;0;0;0;0;0;0;0;0;0;0;0;0;0;0;0;0;0;0;0;0;0;0;0;0;0;0;0;0;0;0;0;0;0;0;0;0;0;0;0;0;0;0;0;0;0;0;0;0;0;0;0;0;30;23;20;45;30;23;20;45;30;32;20;45;30;30;20;45;100;0;80;300;100;0;80;300;100;266;80;300;100;266;80;300;30;33;20;45;30;30;20;45;30;26;20;45;30;28;20;45;100;236;80;300;100;235;80;300;100;0;80;300;100;0;80;300;4;2;0.4;6;4;5;0.4;6;4;2;0.4;6;4;5;0.4;6;4;2;0.4;6;4;6;0.4;6;4;2;0.4;6;4;5;0.4;6;NOK;NOK;OK;4500;4592;4250;4800;OK;7.64;0;8;12;NOK;N/A;1.9;N/A;N/A;N/A;10;13.4;7;17;OK;;0;0;0;-;Disabled;TempOk;1;230;196;0;0;0;349.9;440474000 audi 597g-598h;440474000 audi 597g-598h;440474000 audi 597g-598h
20260331_03:05:56;25892;3;5;965;963.1;915;1015;OK;965;956.5;915;1015;OK;950.9;954.2;-20;-30.1;-50;-25;OK;-20;-24.5;-50;-25;NOK;-26.9;-26.9;0;-20;-29.8;-50;-25;OK;355;392;355;600;OK;0;0;N/A;N/A;N/A;N/A;N/A;N/A;N/A;N/A;N/A;N/A;N/A;N/A;N/A;N/A;N/A;N/A;N/A;N/A;N/A;N/A;N/A;N/A;N/A;N/A;N/A;N/A;N/A;N/A;N/A;N/A;N/A;N/A;N/A;N/A;N/A;N/A;N/A;N/A;N/A;N/A;N/A;N/A;N/A;N/A;N/A;N/A;N/A;N/A;N/A;N/A;N/A;N/A;N/A;N/A;N/A;N/A;N/A;N/A;N/A;N/A;N/A;N/A;N/A;N/A;N/A;N/A;N/A;N/A;N/A;N/A;N/A;N/A;N/A;N/A;N/A;N/A;N/A;N/A;N/A;N/A;N/A;N/A;N/A;N/A;N/A;N/A;N/A;N/A;N/A;N/A;N/A;N/A;N/A;N/A;N/A;N/A;N/A;N/A;;0;443;0;0;;Disabled;TempStop;1;740;488.8;0;0;0;599.9;549.9;Enabled;PosOk;1;20;0;0;0;0;15;Disabled;0;0;0;0;0;0;0;0;0;0;0;0;0;0;0;0;0;0;0;0;0;0;0;0;0;0;0;0;0;0;0;0;0;0;0;0;0;0;0;0;0;0;0;0;0;0;0;0;0;0;0;0;0;0;0;0;0;0;0;0;0;0;0;0;0;0;0;0;0;0;30;23;20;45;30;23;20;45;30;32;20;45;30;30;20;45;100;0;80;300;100;0;80;300;100;266;80;300;100;267;80;300;30;33;20;45;30;30;20;45;30;26;20;45;30;28;20;45;100;237;80;300;100;235;80;300;100;0;80;300;100;0;80;300;4;2;0.4;6;4;5;0.4;6;4;2;0.4;6;4;5;0.4;6;4;2;0.4;6;4;6;0.4;6;4;2;0.4;6;4;6;0.4;6;NOK;NOK;OK;4500;4598;4250;4800;OK;7.64;0;8;12;NOK;N/A;1.9;N/A;N/A;N/A;10;14.1;7;17;OK;;0;0;0;-;Disabled;TempOk;1;230;197;0;0;0;349.9;440474000 audi 597g-598h;440474000 audi 597g-598h;440474000 audi 597g-598h
20260331_03:06:19;25893;2;5;965;950.3;915;1015;OK;965;930.1;915;1015;OK;917.9;924.2;-15;-56.3;-50;-20;OK;-15;-31.2;-50;-20;OK;-28.9;-29.8;0;-15;-55.8;-50;-20;OK;355;402;355;600;OK;0;0;N/A;N/A;N/A;N/A;N/A;N/A;N/A;N/A;N/A;N/A;N/A;N/A;N/A;N/A;N/A;N/A;N/A;N/A;N/A;N/A;N/A;N/A;N/A;N/A;N/A;N/A;N/A;N/A;N/A;N/A;N/A;N/A;N/A;N/A;N/A;N/A;N/A;N/A;N/A;N/A;N/A;N/A;N/A;N/A;N/A;N/A;N/A;N/A;N/A;N/A;N/A;N/A;N/A;N/A;N/A;N/A;N/A;N/A;N/A;N/A;N/A;N/A;N/A;N/A;N/A;N/A;N/A;N/A;N/A;N/A;N/A;N/A;N/A;N/A;N/A;N/A;N/A;N/A;N/A;N/A;N/A;N/A;N/A;N/A;N/A;N/A;N/A;N/A;N/A;N/A;N/A;N/A;N/A;N/A;N/A;N/A;N/A;N/A;;0;439.2;0;0;;Disabled;TempStop;1;740;485.5;0;0;0;599.9;549.9;Enabled;PosOk;1;20;0;0;0;0;15;Disabled;0;0;0;0;0;0;0;0;0;0;0;0;0;0;0;0;0;0;0;0;0;0;0;0;0;0;0;0;0;0;0;0;0;0;0;0;0;0;0;0;0;0;0;0;0;0;0;0;0;0;0;0;0;0;0;0;0;0;0;0;0;0;0;0;0;0;0;0;0;0;30;23;20;45;30;23;20;45;30;32;20;45;30;30;20;45;100;0;80;300;100;0;80;300;100;266;80;300;100;266;80;300;30;33;20;45;30;30;20;45;30;26;20;45;30;28;20;45;100;237;80;300;100;235;80;300;100;0;80;300;100;0;80;300;4;2;0.4;6;4;5;0.4;6;4;2;0.4;6;4;5;0.4;6;4;2;0.4;6;4;6;0.4;6;4;2;0.4;6;4;6;0.4;6;NOK;NOK;OK;4500;4595;4250;4800;OK;7.64;0;8;12;NOK;N/A;1.9;N/A;N/A;N/A;10;12.9;7;17;OK;;0;0;0;-;Disabled;TempOk;1;230;198.5;0;0;0;349.9;440474000 audi 597g-598h;440474000 audi 597g-598h;440474000 audi 597g-598h
20260331_03:06:43;25894;1;1;965;928.9;915;1015;OK;965;925.7;915;1015;OK;919.7;923.2;-20;-18.3;-50;-25;NOK;-20;-17.7;-50;-25;NOK;-16.9;-17.2;0;-20;-18.3;-50;-25;NOK;355;367;355;600;OK;0;0;N/A;N/A;N/A;N/A;N/A;N/A;N/A;N/A;N/A;N/A;N/A;N/A;N/A;N/A;N/A;N/A;N/A;N/A;N/A;N/A;N/A;N/A;N/A;N/A;N/A;N/A;N/A;N/A;N/A;N/A;N/A;N/A;N/A;N/A;N/A;N/A;N/A;N/A;N/A;N/A;N/A;N/A;N/A;N/A;N/A;N/A;N/A;N/A;N/A;N/A;N/A;N/A;N/A;N/A;N/A;N/A;N/A;N/A;N/A;N/A;N/A;N/A;N/A;N/A;N/A;N/A;N/A;N/A;N/A;N/A;N/A;N/A;N/A;N/A;N/A;N/A;N/A;N/A;N/A;N/A;N/A;N/A;N/A;N/A;N/A;N/A;N/A;N/A;N/A;N/A;N/A;N/A;N/A;N/A;N/A;N/A;N/A;N/A;;0;436.4;0;0;;Disabled;TempStop;1;740;481.3;0;0;0;599.9;549.9;Enabled;PosOk;1;20;0;0;0;0;15;Disabled;0;0;0;0;0;0;0;0;0;0;0;0;0;0;0;0;0;0;0;0;0;0;0;0;0;0;0;0;0;0;0;0;0;0;0;0;0;0;0;0;0;0;0;0;0;0;0;0;0;0;0;0;0;0;0;0;0;0;0;0;0;0;0;0;0;0;0;0;0;0;30;23;20;45;30;23;20;45;30;32;20;45;30;30;20;45;100;0;80;300;100;0;80;300;100;266;80;300;100;267;80;300;30;33;20;45;30;30;20;45;30;26;20;45;30;28;20;45;100;237;80;300;100;235;80;300;100;0;80;300;100;0;80;300;4;2;0.4;6;4;5;0.4;6;4;2;0.4;6;4;5;0.4;6;4;2;0.4;6;4;5;0.4;6;4;2;0.4;6;4;6;0.4;6;NOK;NOK;OK;4500;4592;4250;4800;OK;7.64;0;8;12;NOK;N/A;1.9;N/A;N/A;N/A;10;13.9;7;17;OK;;0;0;0;-;Disabled;TempOk;1;230;194;0;0;0;349.9;440474000 audi 597g-598h;440474000 audi 597g-598h;440474000 audi 597g-598h
20260331_03:07:07;25895;2;1;965;943.5;915;1015;OK;965;936.3;915;1015;OK;928.9;933.2;-15;-30;-50;-20;OK;-15;-25.7;-50;-20;OK;-23.1;-24.2;0;-15;-30.1;-50;-20;OK;355;368;355;600;OK;0;0;N/A;N/A;N/A;N/A;N/A;N/A;N/A;N/A;N/A;N/A;N/A;N/A;N/A;N/A;N/A;N/A;N/A;N/A;N/A;N/A;N/A;N/A;N/A;N/A;N/A;N/A;N/A;N/A;N/A;N/A;N/A;N/A;N/A;N/A;N/A;N/A;N/A;N/A;N/A;N/A;N/A;N/A;N/A;N/A;N/A;N/A;N/A;N/A;N/A;N/A;N/A;N/A;N/A;N/A;N/A;N/A;N/A;N/A;N/A;N/A;N/A;N/A;N/A;N/A;N/A;N/A;N/A;N/A;N/A;N/A;N/A;N/A;N/A;N/A;N/A;N/A;N/A;N/A;N/A;N/A;N/A;N/A;N/A;N/A;N/A;N/A;N/A;N/A;N/A;N/A;N/A;N/A;N/A;N/A;N/A;N/A;N/A;N/A;;0;441.8;0;0;;Disabled;TempStop;1;740;486;0;0;0;599.9;549.9;Enabled;PosOk;1;20;0;0;0;0;15;Disabled;0;0;0;0;0;0;0;0;0;0;0;0;0;0;0;0;0;0;0;0;0;0;0;0;0;0;0;0;0;0;0;0;0;0;0;0;0;0;0;0;0;0;0;0;0;0;0;0;0;0;0;0;0;0;0;0;0;0;0;0;0;0;0;0;0;0;0;0;0;0;30;23;20;45;30;23;20;45;30;32;20;45;30;29;20;45;100;0;80;300;100;0;80;300;100;266;80;300;100;265;80;300;30;33;20;45;30;29;20;45;30;26;20;45;30;28;20;45;100;237;80;300;100;235;80;300;100;0;80;300;100;0;80;300;4;2;0.4;6;4;6;0.4;6;4;2;0.4;6;4;5;0.4;6;4;2;0.4;6;4;6;0.4;6;4;2;0.4;6;4;6;0.4;6;NOK;NOK;OK;4500;4593;4250;4800;OK;7.64;0;8;12;NOK;N/A;1.9;N/A;N/A;N/A;10;13;7;17;OK;;0;0;0;-;Disabled;TempOk;1;230;195.8;0;0;0;349.9;440474000 audi 597g-598h;440474000 audi 597g-598h;440474000 audi 597g-598h
20260331_03:07:31;25896;1;2;965;940.4;915;1015;OK;965;942.7;915;1015;OK;936.9;940.3;-20;-19.2;-50;-25;NOK;-20;-18.2;-50;-25;NOK;-17.5;-17.8;0;-20;-19.2;-50;-25;NOK;355;367;355;600;OK;0;0;N/A;N/A;N/A;N/A;N/A;N/A;N/A;N/A;N/A;N/A;N/A;N/A;N/A;N/A;N/A;N/A;N/A;N/A;N/A;N/A;N/A;N/A;N/A;N/A;N/A;N/A;N/A;N/A;N/A;N/A;N/A;N/A;N/A;N/A;N/A;N/A;N/A;N/A;N/A;N/A;N/A;N/A;N/A;N/A;N/A;N/A;N/A;N/A;N/A;N/A;N/A;N/A;N/A;N/A;N/A;N/A;N/A;N/A;N/A;N/A;N/A;N/A;N/A;N/A;N/A;N/A;N/A;N/A;N/A;N/A;N/A;N/A;N/A;N/A;N/A;N/A;N/A;N/A;N/A;N/A;N/A;N/A;N/A;N/A;N/A;N/A;N/A;N/A;N/A;N/A;N/A;N/A;N/A;N/A;N/A;N/A;N/A;N/A;;0;440;0;0;;Disabled;TempStop;1;740;485.3;0;0;0;599.9;549.9;Enabled;PosOk;1;20;0;0;0;0;15;Disabled;0;0;0;0;0;0;0;0;0;0;0;0;0;0;0;0;0;0;0;0;0;0;0;0;0;0;0;0;0;0;0;0;0;0;0;0;0;0;0;0;0;0;0;0;0;0;0;0;0;0;0;0;0;0;0;0;0;0;0;0;0;0;0;0;0;0;0;0;0;0;30;23;20;45;30;23;20;45;30;31;20;45;30;29;20;45;100;0;80;300;100;0;80;300;100;266;80;300;100;265;80;300;30;32;20;45;30;29;20;45;30;26;20;45;30;27;20;45;100;237;80;300;100;235;80;300;100;0;80;300;100;0;80;300;4;2;0.4;6;4;5;0.4;6;4;2;0.4;6;4;5;0.4;6;4;2;0.4;6;4;5;0.4;6;4;2;0.4;6;4;6;0.4;6;NOK;NOK;OK;4500;4596;4250;4800;OK;7.64;0;8;12;NOK;N/A;1.9;N/A;N/A;N/A;10;14.5;7;17;OK;;0;0;0;-;Disabled;TempOk;1;230;193.7;0;0;0;349.9;440474000 audi 597g-598h;440474000 audi 597g-598h;440474000 audi 597g-598h
20260331_03:07:54;25897;4;1;965;958.7;915;1015;OK;965;979.1;915;1015;OK;975.8;977.6;-15;-11.2;-50;-5;OK;-15;-18.7;-50;-5;OK;-20.1;-20;0;-15;-11.2;-50;-5;OK;355;368;355;600;OK;174.63;175.16;N/A;N/A;N/A;N/A;N/A;N/A;N/A;N/A;N/A;N/A;N/A;N/A;N/A;N/A;N/A;N/A;N/A;N/A;N/A;N/A;N/A;N/A;N/A;N/A;N/A;N/A;N/A;N/A;N/A;N/A;N/A;N/A;N/A;N/A;N/A;N/A;N/A;N/A;N/A;N/A;N/A;N/A;N/A;N/A;N/A;N/A;N/A;N/A;N/A;N/A;N/A;N/A;N/A;N/A;N/A;N/A;N/A;N/A;N/A;N/A;N/A;N/A;N/A;N/A;N/A;N/A;N/A;N/A;N/A;N/A;N/A;N/A;N/A;N/A;N/A;N/A;N/A;N/A;N/A;N/A;N/A;N/A;N/A;N/A;N/A;N/A;N/A;N/A;N/A;N/A;N/A;N/A;N/A;N/A;N/A;N/A;N/A;N/A;;0;450.3;0;0;;Disabled;TempStop;1;740;492.9;0;0;0;599.9;549.9;Enabled;PosOk;1;20;0;0;0;0;15;Disabled;0;0;0;0;0;0;0;0;0;0;0;0;0;0;0;0;0;0;0;0;0;0;0;0;0;0;0;0;0;0;0;0;0;0;0;0;0;0;0;0;0;0;0;0;0;0;0;0;0;0;0;0;0;0;0;0;0;0;0;0;0;0;0;0;0;0;0;0;0;0;30;23;20;45;30;23;20;45;30;31;20;45;30;29;20;45;100;0;80;300;100;0;80;300;100;265;80;300;100;265;80;300;30;32;20;45;30;29;20;45;30;26;20;45;30;28;20;45;100;237;80;300;100;235;80;300;100;0;80;300;100;0;80;300;4;2;0.4;6;4;5;0.4;6;4;2;0.4;6;4;5;0.4;6;4;2;0.4;6;4;5;0.4;6;4;2;0.4;6;4;6;0.4;6;NOK;NOK;OK;4500;4594;4250;4800;OK;7.64;0;8;12;NOK;N/A;1.9;N/A;N/A;N/A;10;12.9;7;17;OK;;0;0;0;-;Disabled;TempOk;1;230;190.9;0;0;0;349.9;440474000 audi 597g-598h;440474000 audi 597g-598h;440474000 audi 597g-598h
20260331_03:08:18;25898;3;2;965;944.2;915;1015;OK;965;946.3;915;1015;OK;940.1;943.7;-20;-27.4;-50;-25;OK;-20;-24.8;-50;-25;NOK;-22.6;-23.6;0;-20;-27.5;-50;-25;OK;355;367;355;600;OK;0;0;N/A;N/A;N/A;N/A;N/A;N/A;N/A;N/A;N/A;N/A;N/A;N/A;N/A;N/A;N/A;N/A;N/A;N/A;N/A;N/A;N/A;N/A;N/A;N/A;N/A;N/A;N/A;N/A;N/A;N/A;N/A;N/A;N/A;N/A;N/A;N/A;N/A;N/A;N/A;N/A;N/A;N/A;N/A;N/A;N/A;N/A;N/A;N/A;N/A;N/A;N/A;N/A;N/A;N/A;N/A;N/A;N/A;N/A;N/A;N/A;N/A;N/A;N/A;N/A;N/A;N/A;N/A;N/A;N/A;N/A;N/A;N/A;N/A;N/A;N/A;N/A;N/A;N/A;N/A;N/A;N/A;N/A;N/A;N/A;N/A;N/A;N/A;N/A;N/A;N/A;N/A;N/A;N/A;N/A;N/A;N/A;N/A;N/A;;0;441.5;0;0;;Disabled;TempStop;1;740;485.7;0;0;0;599.9;549.9;Enabled;PosOk;1;20;0;0;0;0;15;Disabled;0;0;0;0;0;0;0;0;0;0;0;0;0;0;0;0;0;0;0;0;0;0;0;0;0;0;0;0;0;0;0;0;0;0;0;0;0;0;0;0;0;0;0;0;0;0;0;0;0;0;0;0;0;0;0;0;0;0;0;0;0;0;0;0;0;0;0;0;0;0;30;23;20;45;30;23;20;45;30;31;20;45;30;29;20;45;100;0;80;300;100;0;80;300;100;266;80;300;100;266;80;300;30;32;20;45;30;29;20;45;30;26;20;45;30;28;20;45;100;237;80;300;100;235;80;300;100;0;80;300;100;0;80;300;4;2;0.4;6;4;5;0.4;6;4;2;0.4;6;4;5;0.4;6;4;2;0.4;6;4;5;0.4;6;4;2;0.4;6;4;6;0.4;6;NOK;NOK;OK;4500;4592;4250;4800;OK;7.64;0;8;12;NOK;N/A;1.9;N/A;N/A;N/A;10;14.2;7;17;OK;;0;0;0;-;Disabled;TempOk;1;230;197.2;0;0;0;349.9;440474000 audi 597g-598h;440474000 audi 597g-598h;440474000 audi 597g-598h
20260331_03:08:42;25899;2;2;965;960.2;915;1015;OK;965;973.5;915;1015;OK;973.6;974.5;-15;-31;-50;-20;OK;-15;-27.7;-50;-20;OK;-25;-26.4;0;-15;-31;-50;-20;OK;355;368;355;600;OK;0;0;N/A;N/A;N/A;N/A;N/A;N/A;N/A;N/A;N/A;N/A;N/A;N/A;N/A;N/A;N/A;N/A;N/A;N/A;N/A;N/A;N/A;N/A;N/A;N/A;N/A;N/A;N/A;N/A;N/A;N/A;N/A;N/A;N/A;N/A;N/A;N/A;N/A;N/A;N/A;N/A;N/A;N/A;N/A;N/A;N/A;N/A;N/A;N/A;N/A;N/A;N/A;N/A;N/A;N/A;N/A;N/A;N/A;N/A;N/A;N/A;N/A;N/A;N/A;N/A;N/A;N/A;N/A;N/A;N/A;N/A;N/A;N/A;N/A;N/A;N/A;N/A;N/A;N/A;N/A;N/A;N/A;N/A;N/A;N/A;N/A;N/A;N/A;N/A;N/A;N/A;N/A;N/A;N/A;N/A;N/A;N/A;N/A;N/A;;0;452.1;0;0;;Disabled;TempStop;1;740;495.3;0;0;0;599.9;549.9;Enabled;PosOk;1;20;0;0;0;0;15;Disabled;0;0;0;0;0;0;0;0;0;0;0;0;0;0;0;0;0;0;0;0;0;0;0;0;0;0;0;0;0;0;0;0;0;0;0;0;0;0;0;0;0;0;0;0;0;0;0;0;0;0;0;0;0;0;0;0;0;0;0;0;0;0;0;0;0;0;0;0;0;0;30;23;20;45;30;23;20;45;30;31;20;45;30;30;20;45;100;0;80;300;100;0;80;300;100;266;80;300;100;266;80;300;30;33;20;45;30;30;20;45;30;26;20;45;30;28;20;45;100;237;80;300;100;235;80;300;100;0;80;300;100;0;80;300;4;2;0.4;6;4;5;0.4;6;4;2;0.4;6;4;5;0.4;6;4;2;0.4;6;4;6;0.4;6;4;2;0.4;6;4;6;0.4;6;NOK;NOK;OK;4500;4595;4250;4800;OK;7.64;0;8;12;NOK;N/A;1.9;N/A;N/A;N/A;10;12.8;7;17;OK;;0;0;0;-;Disabled;TempOk;1;230;191.4;0;0;0;349.9;440474000 audi 597g-598h;440474000 audi 597g-598h;440474000 audi 597g-598h
20260331_03:09:06;25900;1;3;965;960;915;1015;OK;965;977.1;915;1015;OK;980.8;979;-20;-14.8;-50;-25;NOK;-20;-15.3;-50;-25;NOK;-19.4;-18.2;0;-20;-14.8;-50;-25;NOK;355;367;355;600;OK;0;0;N/A;N/A;N/A;N/A;N/A;N/A;N/A;N/A;N/A;N/A;N/A;N/A;N/A;N/A;N/A;N/A;N/A;N/A;N/A;N/A;N/A;N/A;N/A;N/A;N/A;N/A;N/A;N/A;N/A;N/A;N/A;N/A;N/A;N/A;N/A;N/A;N/A;N/A;N/A;N/A;N/A;N/A;N/A;N/A;N/A;N/A;N/A;N/A;N/A;N/A;N/A;N/A;N/A;N/A;N/A;N/A;N/A;N/A;N/A;N/A;N/A;N/A;N/A;N/A;N/A;N/A;N/A;N/A;N/A;N/A;N/A;N/A;N/A;N/A;N/A;N/A;N/A;N/A;N/A;N/A;N/A;N/A;N/A;N/A;N/A;N/A;N/A;N/A;N/A;N/A;N/A;N/A;N/A;N/A;N/A;N/A;N/A;N/A;;0;447.8;0;0;;Disabled;TempStop;1;740;493;0;0;0;599.9;549.9;Enabled;PosOk;1;20;0;0;0;0;15;Disabled;0;0;0;0;0;0;0;0;0;0;0;0;0;0;0;0;0;0;0;0;0;0;0;0;0;0;0;0;0;0;0;0;0;0;0;0;0;0;0;0;0;0;0;0;0;0;0;0;0;0;0;0;0;0;0;0;0;0;0;0;0;0;0;0;0;0;0;0;0;0;30;23;20;45;30;23;20;45;30;32;20;45;30;30;20;45;100;0;80;300;100;0;80;300;100;266;80;300;100;266;80;300;30;33;20;45;30;30;20;45;30;26;20;45;30;28;20;45;100;238;80;300;100;235;80;300;100;0;80;300;100;0;80;300;4;2;0.4;6;4;5;0.4;6;4;2;0.4;6;4;5;0.4;6;4;2;0.4;6;4;6;0.4;6;4;2;0.4;6;4;6;0.4;6;NOK;NOK;OK;4500;4595;4250;4800;OK;7.64;0;8;12;NOK;N/A;1.9;N/A;N/A;N/A;10;13.8;7;17;OK;;0;0;0;-;Disabled;TempOk;1;230;192.7;0;0;0;349.9;440474000 audi 597g-598h;440474000 audi 597g-598h;440474000 audi 597g-598h
20260331_03:09:30;25901;4;2;965;964.7;915;1015;OK;965;982;915;1015;OK;978.8;980.5;-15;-10.8;-50;-5;OK;-15;-20.8;-50;-5;OK;-20.9;-21.7;0;-15;-10.6;-50;-5;OK;355;368;355;600;OK;174.73;175.29;N/A;N/A;N/A;N/A;N/A;N/A;N/A;N/A;N/A;N/A;N/A;N/A;N/A;N/A;N/A;N/A;N/A;N/A;N/A;N/A;N/A;N/A;N/A;N/A;N/A;N/A;N/A;N/A;N/A;N/A;N/A;N/A;N/A;N/A;N/A;N/A;N/A;N/A;N/A;N/A;N/A;N/A;N/A;N/A;N/A;N/A;N/A;N/A;N/A;N/A;N/A;N/A;N/A;N/A;N/A;N/A;N/A;N/A;N/A;N/A;N/A;N/A;N/A;N/A;N/A;N/A;N/A;N/A;N/A;N/A;N/A;N/A;N/A;N/A;N/A;N/A;N/A;N/A;N/A;N/A;N/A;N/A;N/A;N/A;N/A;N/A;N/A;N/A;N/A;N/A;N/A;N/A;N/A;N/A;N/A;N/A;N/A;N/A;;0;453;0;0;;Disabled;TempStop;1;740;497.2;0;0;0;599.9;549.9;Enabled;PosOk;1;20;0;0;0;0;15;Disabled;0;0;0;0;0;0;0;0;0;0;0;0;0;0;0;0;0;0;0;0;0;0;0;0;0;0;0;0;0;0;0;0;0;0;0;0;0;0;0;0;0;0;0;0;0;0;0;0;0;0;0;0;0;0;0;0;0;0;0;0;0;0;0;0;0;0;0;0;0;0;30;23;20;45;30;23;20;45;30;32;20;45;30;30;20;45;100;0;80;300;100;0;80;300;100;266;80;300;100;266;80;300;30;33;20;45;30;30;20;45;30;26;20;45;30;28;20;45;100;238;80;300;100;235;80;300;100;0;80;300;100;0;80;300;4;2;0.4;6;4;5;0.4;6;4;2;0.4;6;4;5;0.4;6;4;2;0.4;6;4;6;0.4;6;4;2;0.4;6;4;6;0.4;6;NOK;NOK;OK;4500;4595;4250;4800;OK;7.64;0;8;12;NOK;N/A;1.9;N/A;N/A;N/A;10;12.8;7;17;OK;;0;0;0;-;Disabled;TempOk;1;230;194.6;0;0;0;349.9;440474000 audi 597g-598h;440474000 audi 597g-598h;440474000 audi 597g-598h
20260331_03:09:53;25902;3;3;965;960.4;915;1015;OK;965;976.3;915;1015;OK;980.7;978.8;-20;-22.7;-50;-25;NOK;-20;-20.7;-50;-25;NOK;-19.2;-20.3;0;-20;-22.6;-50;-25;NOK;355;367;355;600;OK;0;0;N/A;N/A;N/A;N/A;N/A;N/A;N/A;N/A;N/A;N/A;N/A;N/A;N/A;N/A;N/A;N/A;N/A;N/A;N/A;N/A;N/A;N/A;N/A;N/A;N/A;N/A;N/A;N/A;N/A;N/A;N/A;N/A;N/A;N/A;N/A;N/A;N/A;N/A;N/A;N/A;N/A;N/A;N/A;N/A;N/A;N/A;N/A;N/A;N/A;N/A;N/A;N/A;N/A;N/A;N/A;N/A;N/A;N/A;N/A;N/A;N/A;N/A;N/A;N/A;N/A;N/A;N/A;N/A;N/A;N/A;N/A;N/A;N/A;N/A;N/A;N/A;N/A;N/A;N/A;N/A;N/A;N/A;N/A;N/A;N/A;N/A;N/A;N/A;N/A;N/A;N/A;N/A;N/A;N/A;N/A;N/A;N/A;N/A;;0;447.5;0;0;;Disabled;TempStop;1;740;492.4;0;0;0;599.9;549.9;Enabled;PosOk;1;20;0;0;0;0;15;Disabled;0;0;0;0;0;0;0;0;0;0;0;0;0;0;0;0;0;0;0;0;0;0;0;0;0;0;0;0;0;0;0;0;0;0;0;0;0;0;0;0;0;0;0;0;0;0;0;0;0;0;0;0;0;0;0;0;0;0;0;0;0;0;0;0;0;0;0;0;0;0;30;23;20;45;30;23;20;45;30;32;20;45;30;30;20;45;100;0;80;300;100;0;80;300;100;267;80;300;100;266;80;300;30;33;20;45;30;30;20;45;30;26;20;45;30;28;20;45;100;237;80;300;100;235;80;300;100;0;80;300;100;0;80;300;4;2;0.4;6;4;5;0.4;6;4;2;0.4;6;4;5;0.4;6;4;2;0.4;6;4;6;0.4;6;4;2;0.4;6;4;5;0.4;6;NOK;NOK;OK;4500;4593;4250;4800;OK;7.64;0;8;12;NOK;N/A;1.9;N/A;N/A;N/A;10;14.6;7;17;OK;;0;0;0;-;Disabled;TempOk;1;230;194.9;0;0;0;349.9;440474000 audi 597g-598h;440474000 audi 597g-598h;440474000 audi 597g-598h
20260331_03:10:17;25903;4;3;965;962.9;915;1015;OK;965;977.9;915;1015;OK;981.8;980.3;-15;-13.9;-50;-5;OK;-15;-19;-50;-5;OK;-21.7;-20.7;0;-15;-13.9;-50;-5;OK;355;368;355;600;OK;174.81;175.32;N/A;N/A;N/A;N/A;N/A;N/A;N/A;N/A;N/A;N/A;N/A;N/A;N/A;N/A;N/A;N/A;N/A;N/A;N/A;N/A;N/A;N/A;N/A;N/A;N/A;N/A;N/A;N/A;N/A;N/A;N/A;N/A;N/A;N/A;N/A;N/A;N/A;N/A;N/A;N/A;N/A;N/A;N/A;N/A;N/A;N/A;N/A;N/A;N/A;N/A;N/A;N/A;N/A;N/A;N/A;N/A;N/A;N/A;N/A;N/A;N/A;N/A;N/A;N/A;N/A;N/A;N/A;N/A;N/A;N/A;N/A;N/A;N/A;N/A;N/A;N/A;N/A;N/A;N/A;N/A;N/A;N/A;N/A;N/A;N/A;N/A;N/A;N/A;N/A;N/A;N/A;N/A;N/A;N/A;N/A;N/A;N/A;N/A;;0;452.3;0;0;;Disabled;TempStop;1;740;498.2;0;0;0;599.9;549.9;Enabled;PosOk;1;20;0;0;0;0;15;Disabled;0;0;0;0;0;0;0;0;0;0;0;0;0;0;0;0;0;0;0;0;0;0;0;0;0;0;0;0;0;0;0;0;0;0;0;0;0;0;0;0;0;0;0;0;0;0;0;0;0;0;0;0;0;0;0;0;0;0;0;0;0;0;0;0;0;0;0;0;0;0;30;23;20;45;30;23;20;45;30;32;20;45;30;29;20;45;100;0;80;300;100;0;80;300;100;266;80;300;100;265;80;300;30;33;20;45;30;29;20;45;30;26;20;45;30;28;20;45;100;237;80;300;100;235;80;300;100;0;80;300;100;0;80;300;4;2;0.4;6;4;5;0.4;6;4;2;0.4;6;4;5;0.4;6;4;2;0.4;6;4;5;0.4;6;4;2;0.4;6;4;5;0.4;6;NOK;NOK;OK;4500;4592;4250;4800;OK;7.64;0;8;12;NOK;N/A;1.9;N/A;N/A;N/A;10;12.9;7;17;OK;;0;0;0;-;Disabled;TempOk;1;230;194.7;0;0;0;349.9;440474000 audi 597g-598h;440474000 audi 597g-598h;440474000 audi 597g-598h
20260331_03:10:41;25904;1;4;965;957.9;915;1015;OK;965;972.8;915;1015;OK;977.6;975.9;-20;-13.9;-50;-25;NOK;-20;-14.3;-50;-25;NOK;-16.9;-16.1;0;-20;-13.9;-50;-25;NOK;355;367;355;600;OK;0;0;N/A;N/A;N/A;N/A;N/A;N/A;N/A;N/A;N/A;N/A;N/A;N/A;N/A;N/A;N/A;N/A;N/A;N/A;N/A;N/A;N/A;N/A;N/A;N/A;N/A;N/A;N/A;N/A;N/A;N/A;N/A;N/A;N/A;N/A;N/A;N/A;N/A;N/A;N/A;N/A;N/A;N/A;N/A;N/A;N/A;N/A;N/A;N/A;N/A;N/A;N/A;N/A;N/A;N/A;N/A;N/A;N/A;N/A;N/A;N/A;N/A;N/A;N/A;N/A;N/A;N/A;N/A;N/A;N/A;N/A;N/A;N/A;N/A;N/A;N/A;N/A;N/A;N/A;N/A;N/A;N/A;N/A;N/A;N/A;N/A;N/A;N/A;N/A;N/A;N/A;N/A;N/A;N/A;N/A;N/A;N/A;N/A;N/A;;0;447.6;0;0;;Disabled;TempStop;1;740;493.4;0;0;0;599.9;549.9;Enabled;PosOk;1;20;0;0;0;0;15;Disabled;0;0;0;0;0;0;0;0;0;0;0;0;0;0;0;0;0;0;0;0;0;0;0;0;0;0;0;0;0;0;0;0;0;0;0;0;0;0;0;0;0;0;0;0;0;0;0;0;0;0;0;0;0;0;0;0;0;0;0;0;0;0;0;0;0;0;0;0;0;0;30;23;20;45;30;23;20;45;30;32;20;45;30;29;20;45;100;0;80;300;100;0;80;300;100;266;80;300;100;266;80;300;30;33;20;45;30;29;20;45;30;26;20;45;30;28;20;45;100;237;80;300;100;235;80;300;100;0;80;300;100;0;80;300;4;2;0.4;6;4;5;0.4;6;4;2;0.4;6;4;5;0.4;6;4;2;0.4;6;4;5;0.4;6;4;2;0.4;6;4;6;0.4;6;NOK;NOK;OK;4500;4592;4250;4800;OK;7.64;0;8;12;NOK;N/A;1.9;N/A;N/A;N/A;10;14;7;17;OK;;0;0;0;-;Disabled;TempOk;1;230;194.6;0;0;0;349.9;440474000 audi 597g-598h;440474000 audi 597g-598h;440474000 audi 597g-598h
20260331_03:11:05;25905;2;4;965;960.1;915;1015;OK;965;959.3;915;1015;OK;959.5;959.7;-15;-32.5;-50;-20;OK;-15;-34.3;-50;-20;OK;-29.7;-31.8;0;-15;-32.5;-50;-20;OK;355;368;355;600;OK;0;0;N/A;N/A;N/A;N/A;N/A;N/A;N/A;N/A;N/A;N/A;N/A;N/A;N/A;N/A;N/A;N/A;N/A;N/A;N/A;N/A;N/A;N/A;N/A;N/A;N/A;N/A;N/A;N/A;N/A;N/A;N/A;N/A;N/A;N/A;N/A;N/A;N/A;N/A;N/A;N/A;N/A;N/A;N/A;N/A;N/A;N/A;N/A;N/A;N/A;N/A;N/A;N/A;N/A;N/A;N/A;N/A;N/A;N/A;N/A;N/A;N/A;N/A;N/A;N/A;N/A;N/A;N/A;N/A;N/A;N/A;N/A;N/A;N/A;N/A;N/A;N/A;N/A;N/A;N/A;N/A;N/A;N/A;N/A;N/A;N/A;N/A;N/A;N/A;N/A;N/A;N/A;N/A;N/A;N/A;N/A;N/A;N/A;N/A;;0;457.2;0;0;;Disabled;TempStop;1;740;502.4;0;0;0;599.9;549.9;Enabled;PosOk;1;20;0;0;0;0;15;Disabled;0;0;0;0;0;0;0;0;0;0;0;0;0;0;0;0;0;0;0;0;0;0;0;0;0;0;0;0;0;0;0;0;0;0;0;0;0;0;0;0;0;0;0;0;0;0;0;0;0;0;0;0;0;0;0;0;0;0;0;0;0;0;0;0;0;0;0;0;0;0;30;23;20;45;30;23;20;45;30;31;20;45;30;29;20;45;100;1;80;300;100;0;80;300;100;266;80;300;100;266;80;300;30;32;20;45;30;29;20;45;30;26;20;45;30;28;20;45;100;237;80;300;100;235;80;300;100;0;80;300;100;0;80;300;4;2;0.4;6;4;5;0.4;6;4;2;0.4;6;4;5;0.4;6;4;2;0.4;6;4;6;0.4;6;4;2;0.4;6;4;6;0.4;6;NOK;NOK;OK;4500;4595;4250;4800;OK;7.64;0;8;12;NOK;N/A;1.9;N/A;N/A;N/A;10;12.9;7;17;OK;;0;0;0;-;Disabled;TempOk;1;230;195.3;0;0;0;349.9;440474000 audi 597g-598h;440474000 audi 597g-598h;440474000 audi 597g-598h
20260331_03:11:28;25906;3;4;965;954.2;915;1015;OK;965;951.8;915;1015;OK;947.4;950.1;-20;-19.4;-50;-25;NOK;-20;-19.2;-50;-25;NOK;-23;-22.3;0;-20;-19.3;-50;-25;NOK;355;367;355;600;OK;0;0;N/A;N/A;N/A;N/A;N/A;N/A;N/A;N/A;N/A;N/A;N/A;N/A;N/A;N/A;N/A;N/A;N/A;N/A;N/A;N/A;N/A;N/A;N/A;N/A;N/A;N/A;N/A;N/A;N/A;N/A;N/A;N/A;N/A;N/A;N/A;N/A;N/A;N/A;N/A;N/A;N/A;N/A;N/A;N/A;N/A;N/A;N/A;N/A;N/A;N/A;N/A;N/A;N/A;N/A;N/A;N/A;N/A;N/A;N/A;N/A;N/A;N/A;N/A;N/A;N/A;N/A;N/A;N/A;N/A;N/A;N/A;N/A;N/A;N/A;N/A;N/A;N/A;N/A;N/A;N/A;N/A;N/A;N/A;N/A;N/A;N/A;N/A;N/A;N/A;N/A;N/A;N/A;N/A;N/A;N/A;N/A;N/A;N/A;;0;436.2;0;0;;Disabled;TempStop;1;740;478.1;0;0;0;599.9;549.9;Enabled;PosOk;1;20;0;0;0;0;15;Disabled;0;0;0;0;0;0;0;0;0;0;0;0;0;0;0;0;0;0;0;0;0;0;0;0;0;0;0;0;0;0;0;0;0;0;0;0;0;0;0;0;0;0;0;0;0;0;0;0;0;0;0;0;0;0;0;0;0;0;0;0;0;0;0;0;0;0;0;0;0;0;30;23;20;45;30;23;20;45;30;31;20;45;30;29;20;45;100;0;80;300;100;0;80;300;100;267;80;300;100;266;80;300;30;32;20;45;30;29;20;45;30;26;20;45;30;28;20;45;100;237;80;300;100;235;80;300;100;0;80;300;100;0;80;300;4;2;0.4;6;4;6;0.4;6;4;2;0.4;6;4;5;0.4;6;4;2;0.4;6;4;6;0.4;6;4;2;0.4;6;4;5;0.4;6;NOK;NOK;OK;4500;4594;4250;4800;OK;7.64;0;8;12;NOK;N/A;1.9;N/A;N/A;N/A;10;14;7;17;OK;;0;0;0;-;Disabled;TempOk;1;230;194.4;0;0;0;349.9;440474000 audi 597g-598h;440474000 audi 597g-598h;440474000 audi 597g-598h
20260331_03:11:52;25907;4;4;965;953.2;915;1015;OK;965;966.3;915;1015;OK;971.8;972.2;-15;-11.4;-50;-5;OK;-15;-11.3;-50;-5;OK;-17.4;-12.9;0;-15;-11.7;-50;-5;OK;355;368;355;600;OK;174.97;175.4;N/A;N/A;N/A;N/A;N/A;N/A;N/A;N/A;N/A;N/A;N/A;N/A;N/A;N/A;N/A;N/A;N/A;N/A;N/A;N/A;N/A;N/A;N/A;N/A;N/A;N/A;N/A;N/A;N/A;N/A;N/A;N/A;N/A;N/A;N/A;N/A;N/A;N/A;N/A;N/A;N/A;N/A;N/A;N/A;N/A;N/A;N/A;N/A;N/A;N/A;N/A;N/A;N/A;N/A;N/A;N/A;N/A;N/A;N/A;N/A;N/A;N/A;N/A;N/A;N/A;N/A;N/A;N/A;N/A;N/A;N/A;N/A;N/A;N/A;N/A;N/A;N/A;N/A;N/A;N/A;N/A;N/A;N/A;N/A;N/A;N/A;N/A;N/A;N/A;N/A;N/A;N/A;N/A;N/A;N/A;N/A;N/A;N/A;;0;446;0;0;;Disabled;TempStop;1;740;489.6;0;0;0;599.9;549.9;Enabled;PosOk;1;20;0;0;0;0;15;Disabled;0;0;0;0;0;0;0;0;0;0;0;0;0;0;0;0;0;0;0;0;0;0;0;0;0;0;0;0;0;0;0;0;0;0;0;0;0;0;0;0;0;0;0;0;0;0;0;0;0;0;0;0;0;0;0;0;0;0;0;0;0;0;0;0;0;0;0;0;0;0;30;23;20;45;30;23;20;45;30;31;20;45;30;30;20;45;100;0;80;300;100;0;80;300;100;266;80;300;100;266;80;300;30;33;20;45;30;30;20;45;30;26;20;45;30;28;20;45;100;237;80;300;100;235;80;300;100;0;80;300;100;0;80;300;4;2;0.4;6;4;5;0.4;6;4;2;0.4;6;4;5;0.4;6;4;2;0.4;6;4;6;0.4;6;4;2;0.4;6;4;5;0.4;6;NOK;NOK;OK;4500;4598;4250;4800;OK;7.64;0;8;12;NOK;N/A;1.9;N/A;N/A;N/A;10;12.8;7;17;OK;;0;0;0;-;Disabled;TempOk;1;230;193.9;0;0;0;349.9;440474000 audi 597g-598h;440474000 audi 597g-598h;440474000 audi 597g-598h
20260331_03:12:10;25909;2;5;965;920.1;915;1015;OK;965;913.6;915;1015;NOK;899.3;907.4;-15;-30.8;-50;-20;OK;-15;-30.4;-50;-20;OK;-28.7;-29.8;0;-15;-30.6;-50;-20;OK;355;368;355;600;OK;0;0;;;;;;;;;;;;;;;;;;;;;;;;;;;;;;;;;;;;;;;;;;;;;;;;;;;;;;;;;;;;;;;;;;;;;;;;;;;;;;;;;;;;;;;;;;;;;;;;;;;;;;;;;;;;;;;;;;;;;;;;;;;;;;;;;;;;;;;;;;;;;;;;;;;;;;;;;;;;;;;;;;;;;;;;;;;;;;;;;;;;;;;;;;;;;;;;;;;;;;;;;;;;;;;;;;;;;;;;;;;;;;;;;;;;;;;;;;;;;;;;;;;;;;;;;;;;;;;;;;;;;;;;;;;;;;;;;;;;;;;;;;;;;;;;;;;;;;;;;;;;;;;;;;;;;;;;;;;;;;;;;;;;;;;;440474000 audi 597g-598h;;;;
20260331_03:12:16;25908;3;5;965;948.7;915;1015;OK;965;935.4;915;1015;OK;922.2;929.9;-20;-23.6;-50;-25;NOK;-20;-22.8;-50;-25;NOK;-23.6;-23.3;0;-20;-23.4;-50;-25;NOK;355;367;355;600;OK;0;0;N/A;N/A;N/A;N/A;N/A;N/A;N/A;N/A;N/A;N/A;N/A;N/A;N/A;N/A;N/A;N/A;N/A;N/A;N/A;N/A;N/A;N/A;N/A;N/A;N/A;N/A;N/A;N/A;N/A;N/A;N/A;N/A;N/A;N/A;N/A;N/A;N/A;N/A;N/A;N/A;N/A;N/A;N/A;N/A;N/A;N/A;N/A;N/A;N/A;N/A;N/A;N/A;N/A;N/A;N/A;N/A;N/A;N/A;N/A;N/A;N/A;N/A;N/A;N/A;N/A;N/A;N/A;N/A;N/A;N/A;N/A;N/A;N/A;N/A;N/A;N/A;N/A;N/A;N/A;N/A;N/A;N/A;N/A;N/A;N/A;N/A;N/A;N/A;N/A;N/A;N/A;N/A;N/A;N/A;N/A;N/A;N/A;N/A;;0;436;0;0;;Disabled;TempStop;1;740;480.2;0;0;0;599.9;549.9;Enabled;PosOk;1;20;0;0;0;0;15;Disabled;0;0;0;0;0;0;0;0;0;0;0;0;0;0;0;0;0;0;0;0;0;0;0;0;0;0;0;0;0;0;0;0;0;0;0;0;0;0;0;0;0;0;0;0;0;0;0;0;0;0;0;0;0;0;0;0;0;0;0;0;0;0;0;0;0;0;0;0;0;0;30;23;20;45;30;23;20;45;30;32;20;45;30;30;20;45;100;0;80;300;100;0;80;300;100;266;80;300;100;265;80;300;30;33;20;45;30;30;20;45;30;26;20;45;30;28;20;45;100;237;80;300;100;235;80;300;100;0;80;300;100;0;80;300;4;2;0.4;6;4;5;0.4;6;4;2;0.4;6;4;6;0.4;6;4;2;0.4;6;4;5;0.4;6;4;2;0.4;6;4;6;0.4;6;NOK;NOK;OK;4500;4596;4250;4800;OK;7.64;0;8;12;NOK;N/A;1.9;N/A;N/A;N/A;10;14.5;7;17;OK;;0;0;0;-;Disabled;TempOk;1;230;194.1;0;0;0;349.9;440474000 audi 597g-598h;440474000 audi 597g-598h;440474000 audi 597g-598h
20260331_03:12:33;25910;1;1;965;913.9;915;1015;NOK;965;914.3;915;1015;NOK;906.6;910.9;-20;-17.8;-50;-25;NOK;-20;-17.8;-50;-25;NOK;-17;-17.3;0;-20;-17.8;-50;-25;NOK;355;367;355;600;OK;0;0;;;;;;;;;;;;;;;;;;;;;;;;;;;;;;;;;;;;;;;;;;;;;;;;;;;;;;;;;;;;;;;;;;;;;;;;;;;;;;;;;;;;;;;;;;;;;;;;;;;;;;;;;;;;;;;;;;;;;;;;;;;;;;;;;;;;;;;;;;;;;;;;;;;;;;;;;;;;;;;;;;;;;;;;;;;;;;;;;;;;;;;;;;;;;;;;;;;;;;;;;;;;;;;;;;;;;;;;;;;;;;;;;;;;;;;;;;;;;;;;;;;;;;;;;;;;;;;;;;;;;;;;;;;;;;;;;;;;;;;;;;;;;;;;;;;;;;;;;;;;;;;;;;;;;;;;;;;;;;;;;;;;;;;;440474000 audi 597g-598h;;;;
20260331_03:13:27;25911;2;1;965;927.2;915;1015;OK;965;927.2;915;1015;OK;917.5;923.2;-15;-26.1;-50;-20;OK;-15;-24.9;-50;-20;OK;-22.3;-23.4;0;-15;-26.1;-50;-20;OK;355;368;355;600;OK;0;0;N/A;N/A;N/A;N/A;N/A;N/A;N/A;N/A;N/A;N/A;N/A;N/A;N/A;N/A;N/A;N/A;N/A;N/A;N/A;N/A;N/A;N/A;N/A;N/A;N/A;N/A;N/A;N/A;N/A;N/A;N/A;N/A;N/A;N/A;N/A;N/A;N/A;N/A;N/A;N/A;N/A;N/A;N/A;N/A;N/A;N/A;N/A;N/A;N/A;N/A;N/A;N/A;N/A;N/A;N/A;N/A;N/A;N/A;N/A;N/A;N/A;N/A;N/A;N/A;N/A;N/A;N/A;N/A;N/A;N/A;N/A;N/A;N/A;N/A;N/A;N/A;N/A;N/A;N/A;N/A;N/A;N/A;N/A;N/A;N/A;N/A;N/A;N/A;N/A;N/A;N/A;N/A;N/A;N/A;N/A;N/A;N/A;N/A;;0;439.7;0;0;;Disabled;TempStop;1;740;482;0;0;0;599.9;549.9;Enabled;PosOk;1;20;0;0;0;0;15;Disabled;0;0;0;0;0;0;0;0;0;0;0;0;0;0;0;0;0;0;0;0;0;0;0;0;0;0;0;0;0;0;0;0;0;0;0;0;0;0;0;0;0;0;0;0;0;0;0;0;0;0;0;0;0;0;0;0;0;0;0;0;0;0;0;0;0;0;0;0;0;0;30;23;20;45;30;23;20;45;30;31;20;45;30;30;20;45;100;0;80;300;100;0;80;300;100;266;80;300;100;265;80;300;30;31;20;45;30;30;20;45;30;26;20;45;30;28;20;45;100;236;80;300;100;235;80;300;100;0;80;300;100;0;80;300;4;2;0.4;6;4;5;0.4;6;4;2;0.4;6;4;6;0.4;6;4;2;0.4;6;4;6;0.4;6;4;2;0.4;6;4;6;0.4;6;NOK;NOK;OK;4500;4596;4250;4800;OK;7.64;0;8;12;NOK;N/A;1.9;N/A;N/A;N/A;10;12.8;7;17;OK;;0;0;0;-;Disabled;TempOk;1;230;173.4;0;0;0;349.9;440474000 audi 597g-598h;440474000 audi 597g-598h;440474000 audi 597g-598h
20260331_03:13:51;25912;1;2;965;931.1;915;1015;OK;965;935.5;915;1015;OK;929;932.8;-20;-17.9;-50;-25;NOK;-20;-18.1;-50;-25;NOK;-17.3;-17.7;0;-20;-17.9;-50;-25;NOK;355;367;355;600;OK;0;0;N/A;N/A;N/A;N/A;N/A;N/A;N/A;N/A;N/A;N/A;N/A;N/A;N/A;N/A;N/A;N/A;N/A;N/A;N/A;N/A;N/A;N/A;N/A;N/A;N/A;N/A;N/A;N/A;N/A;N/A;N/A;N/A;N/A;N/A;N/A;N/A;N/A;N/A;N/A;N/A;N/A;N/A;N/A;N/A;N/A;N/A;N/A;N/A;N/A;N/A;N/A;N/A;N/A;N/A;N/A;N/A;N/A;N/A;N/A;N/A;N/A;N/A;N/A;N/A;N/A;N/A;N/A;N/A;N/A;N/A;N/A;N/A;N/A;N/A;N/A;N/A;N/A;N/A;N/A;N/A;N/A;N/A;N/A;N/A;N/A;N/A;N/A;N/A;N/A;N/A;N/A;N/A;N/A;N/A;N/A;N/A;N/A;N/A;;0;438.4;0;0;;Disabled;TempStop;1;740;483.4;0;0;0;599.9;549.9;Enabled;PosOk;1;20;0;0;0;0;15;Disabled;0;0;0;0;0;0;0;0;0;0;0;0;0;0;0;0;0;0;0;0;0;0;0;0;0;0;0;0;0;0;0;0;0;0;0;0;0;0;0;0;0;0;0;0;0;0;0;0;0;0;0;0;0;0;0;0;0;0;0;0;0;0;0;0;0;0;0;0;0;0;30;23;20;45;30;23;20;45;30;31;20;45;30;30;20;45;100;0;80;300;100;0;80;300;100;266;80;300;100;265;80;300;30;33;20;45;30;30;20;45;30;26;20;45;30;28;20;45;100;237;80;300;100;235;80;300;100;0;80;300;100;0;80;300;4;2;0.4;6;4;5;0.4;6;4;2;0.4;6;4;5;0.4;6;4;2;0.4;6;4;6;0.4;6;4;2;0.4;6;4;6;0.4;6;NOK;NOK;OK;4500;4594;4250;4800;OK;7.64;0;8;12;NOK;N/A;1.9;N/A;N/A;N/A;10;13.8;7;17;OK;;0;0;0;-;Disabled;TempOk;1;230;188.7;0;0;0;349.9;440474000 audi 597g-598h;440474000 audi 597g-598h;440474000 audi 597g-598h
20260331_03:14:15;25913;4;1;965;966.6;915;1015;OK;965;974.3;915;1015;OK;978.2;977;-15;-18.1;-50;-5;OK;-15;-18;-50;-5;OK;-12.1;-14.6;0;-15;-17.9;-50;-5;OK;355;368;355;600;OK;175.17;175.7;N/A;N/A;N/A;N/A;N/A;N/A;N/A;N/A;N/A;N/A;N/A;N/A;N/A;N/A;N/A;N/A;N/A;N/A;N/A;N/A;N/A;N/A;N/A;N/A;N/A;N/A;N/A;N/A;N/A;N/A;N/A;N/A;N/A;N/A;N/A;N/A;N/A;N/A;N/A;N/A;N/A;N/A;N/A;N/A;N/A;N/A;N/A;N/A;N/A;N/A;N/A;N/A;N/A;N/A;N/A;N/A;N/A;N/A;N/A;N/A;N/A;N/A;N/A;N/A;N/A;N/A;N/A;N/A;N/A;N/A;N/A;N/A;N/A;N/A;N/A;N/A;N/A;N/A;N/A;N/A;N/A;N/A;N/A;N/A;N/A;N/A;N/A;N/A;N/A;N/A;N/A;N/A;N/A;N/A;N/A;N/A;N/A;N/A;;0;447.8;0;0;;Disabled;TempStop;1;740;490.6;0;0;0;599.9;549.9;Enabled;PosOk;1;20;0;0;0;0;15;Disabled;0;0;0;0;0;0;0;0;0;0;0;0;0;0;0;0;0;0;0;0;0;0;0;0;0;0;0;0;0;0;0;0;0;0;0;0;0;0;0;0;0;0;0;0;0;0;0;0;0;0;0;0;0;0;0;0;0;0;0;0;0;0;0;0;0;0;0;0;0;0;30;23;20;45;30;23;20;45;30;32;20;45;30;30;20;45;100;0;80;300;100;0;80;300;100;266;80;300;100;266;80;300;30;33;20;45;30;30;20;45;30;26;20;45;30;28;20;45;100;237;80;300;100;235;80;300;100;0;80;300;100;0;80;300;4;2;0.4;6;4;5;0.4;6;4;2;0.4;6;4;5;0.4;6;4;2;0.4;6;4;6;0.4;6;4;2;0.4;6;4;5;0.4;6;NOK;NOK;OK;4500;4595;4250;4800;OK;7.64;0;8;12;NOK;N/A;1.9;N/A;N/A;N/A;10;13.4;7;17;OK;;0;0;0;-;Disabled;TempOk;1;230;189.8;0;0;0;349.9;440474000 audi 597g-598h;440474000 audi 597g-598h;440474000 audi 597g-598h
20260331_03:14:39;25914;3;2;965;934.4;915;1015;OK;965;938.8;915;1015;OK;931.8;935.8;-20;-25.2;-50;-25;OK;-20;-24.7;-50;-25;NOK;-22.2;-23.3;0;-20;-25.3;-50;-25;OK;355;367;355;600;OK;0;0;N/A;N/A;N/A;N/A;N/A;N/A;N/A;N/A;N/A;N/A;N/A;N/A;N/A;N/A;N/A;N/A;N/A;N/A;N/A;N/A;N/A;N/A;N/A;N/A;N/A;N/A;N/A;N/A;N/A;N/A;N/A;N/A;N/A;N/A;N/A;N/A;N/A;N/A;N/A;N/A;N/A;N/A;N/A;N/A;N/A;N/A;N/A;N/A;N/A;N/A;N/A;N/A;N/A;N/A;N/A;N/A;N/A;N/A;N/A;N/A;N/A;N/A;N/A;N/A;N/A;N/A;N/A;N/A;N/A;N/A;N/A;N/A;N/A;N/A;N/A;N/A;N/A;N/A;N/A;N/A;N/A;N/A;N/A;N/A;N/A;N/A;N/A;N/A;N/A;N/A;N/A;N/A;N/A;N/A;N/A;N/A;N/A;N/A;;0;438.6;0;0;;Disabled;TempStop;1;740;483.3;0;0;0;599.9;549.9;Enabled;PosOk;1;20;0;0;0;0;15;Disabled;0;0;0;0;0;0;0;0;0;0;0;0;0;0;0;0;0;0;0;0;0;0;0;0;0;0;0;0;0;0;0;0;0;0;0;0;0;0;0;0;0;0;0;0;0;0;0;0;0;0;0;0;0;0;0;0;0;0;0;0;0;0;0;0;0;0;0;0;0;0;30;23;20;45;30;23;20;45;30;32;20;45;30;30;20;45;100;0;80;300;100;0;80;300;100;266;80;300;100;267;80;300;30;33;20;45;30;30;20;45;30;26;20;45;30;28;20;45;100;238;80;300;100;235;80;300;100;0;80;300;100;0;80;300;4;2;0.4;6;4;5;0.4;6;4;2;0.4;6;4;5;0.4;6;4;2;0.4;6;4;6;0.4;6;4;2;0.4;6;4;5;0.4;6;NOK;NOK;OK;4500;4598;4250;4800;OK;7.64;0;8;12;NOK;N/A;1.9;N/A;N/A;N/A;10;14.1;7;17;OK;;0;0;0;-;Disabled;TempOk;1;230;195.2;0;0;0;349.9;440474000 audi 597g-598h;440474000 audi 597g-598h;440474000 audi 597g-598h
20260331_03:28:45;25916;1;1;965;937;915;1015;OK;965;957;915;1015;OK;947.5;952.8;-15;-14.6;-50;-20;NOK;-15;-15.4;-50;-20;NOK;-15.4;-15.5;0;-15;-14.6;-50;-20;NOK;355;357;355;600;OK;0;0;N/A;N/A;N/A;N/A;N/A;N/A;N/A;N/A;N/A;N/A;N/A;N/A;N/A;N/A;N/A;N/A;N/A;N/A;N/A;N/A;N/A;N/A;N/A;N/A;N/A;N/A;N/A;N/A;N/A;N/A;N/A;N/A;N/A;N/A;N/A;N/A;N/A;N/A;N/A;N/A;N/A;N/A;N/A;N/A;N/A;N/A;N/A;N/A;N/A;N/A;N/A;N/A;N/A;N/A;N/A;N/A;N/A;N/A;N/A;N/A;N/A;N/A;N/A;N/A;N/A;N/A;N/A;N/A;N/A;N/A;N/A;N/A;N/A;N/A;N/A;N/A;N/A;N/A;N/A;N/A;N/A;N/A;N/A;N/A;N/A;N/A;N/A;N/A;N/A;N/A;N/A;N/A;N/A;N/A;N/A;N/A;N/A;N/A;;0;445.2;0;0;;Disabled;TempStop;1;740;490;0;0;0;599.9;549.9;Enabled;PosOk;1;20;0;0;0;0;15;Disabled;0;0;0;0;0;0;0;0;0;0;0;0;0;0;0;0;0;0;0;0;0;0;0;0;0;0;0;0;0;0;0;0;0;0;0;0;0;0;0;0;0;0;0;0;0;0;0;0;0;0;0;0;0;0;0;0;0;0;0;0;0;0;0;0;0;0;0;0;0;0;30;23;20;45;30;23;20;45;30;30;20;45;30;30;20;45;100;0;80;300;100;0;80;300;100;265;80;300;100;265;80;300;30;31;20;45;30;30;20;45;30;26;20;45;30;28;20;45;100;237;80;300;100;235;80;300;100;0;80;300;100;0;80;300;4;2;0.4;6;4;6;0.4;6;4;2;0.4;6;4;5;0.4;6;4;2;0.4;6;4;6;0.4;6;4;2;0.4;6;4;5;0.4;6;NOK;NOK;OK;4500;4604;4250;4800;OK;7.64;0;8;12;NOK;N/A;1.9;N/A;N/A;N/A;10;14.1;7;17;OK;;0;0;0;-;Disabled;TempOk;1;230;164.9;0;0;0;349.9;440474000 audi 597g-598h;440474000 audi 597g-598h;440474000 audi 597g-598h
20260331_03:29:09;25917;2;1;965;952.1;915;1015;OK;965;944.4;915;1015;OK;945.7;945.2;-15;-30.9;-50;-20;OK;-15;-25.7;-50;-20;OK;-23.2;-24.3;0;-15;-30.9;-50;-20;OK;355;368;355;600;OK;0;0;N/A;N/A;N/A;N/A;N/A;N/A;N/A;N/A;N/A;N/A;N/A;N/A;N/A;N/A;N/A;N/A;N/A;N/A;N/A;N/A;N/A;N/A;N/A;N/A;N/A;N/A;N/A;N/A;N/A;N/A;N/A;N/A;N/A;N/A;N/A;N/A;N/A;N/A;N/A;N/A;N/A;N/A;N/A;N/A;N/A;N/A;N/A;N/A;N/A;N/A;N/A;N/A;N/A;N/A;N/A;N/A;N/A;N/A;N/A;N/A;N/A;N/A;N/A;N/A;N/A;N/A;N/A;N/A;N/A;N/A;N/A;N/A;N/A;N/A;N/A;N/A;N/A;N/A;N/A;N/A;N/A;N/A;N/A;N/A;N/A;N/A;N/A;N/A;N/A;N/A;N/A;N/A;N/A;N/A;N/A;N/A;N/A;N/A;;0;440.3;0;0;;Disabled;TempStop;1;740;482.1;0;0;0;599.9;549.9;Enabled;PosOk;1;20;0;0;0;0;15;Disabled;0;0;0;0;0;0;0;0;0;0;0;0;0;0;0;0;0;0;0;0;0;0;0;0;0;0;0;0;0;0;0;0;0;0;0;0;0;0;0;0;0;0;0;0;0;0;0;0;0;0;0;0;0;0;0;0;0;0;0;0;0;0;0;0;0;0;0;0;0;0;30;23;20;45;30;23;20;45;30;31;20;45;30;30;20;45;100;0;80;300;100;0;80;300;100;266;80;300;100;266;80;300;30;32;20;45;30;30;20;45;30;26;20;45;30;28;20;45;100;237;80;300;100;235;80;300;100;0;80;300;100;0;80;300;4;2;0.4;6;4;5;0.4;6;4;2;0.4;6;4;5;0.4;6;4;2;0.4;6;4;6;0.4;6;4;2;0.4;6;4;6;0.4;6;NOK;NOK;OK;4500;4600;4250;4800;OK;7.64;0;8;12;NOK;N/A;1.9;N/A;N/A;N/A;10;12.8;7;17;OK;;0;0;0;-;Disabled;TempOk;1;230;182.1;0;0;0;349.9;440474000 audi 597g-598h;440474000 audi 597g-598h;440474000 audi 597g-598h
20260331_03:30:13;25919;4;1;965;959.9;915;1015;OK;965;981;915;1015;OK;981.4;982.4;-15;-14.4;-50;-5;OK;-15;-11.7;-50;-5;OK;-19.7;-17.2;0;-15;-14.6;-50;-5;OK;355;386;355;600;OK;176.57;177.12;N/A;N/A;N/A;N/A;N/A;N/A;N/A;N/A;N/A;N/A;N/A;N/A;N/A;N/A;N/A;N/A;N/A;N/A;N/A;N/A;N/A;N/A;N/A;N/A;N/A;N/A;N/A;N/A;N/A;N/A;N/A;N/A;N/A;N/A;N/A;N/A;N/A;N/A;N/A;N/A;N/A;N/A;N/A;N/A;N/A;N/A;N/A;N/A;N/A;N/A;N/A;N/A;N/A;N/A;N/A;N/A;N/A;N/A;N/A;N/A;N/A;N/A;N/A;N/A;N/A;N/A;N/A;N/A;N/A;N/A;N/A;N/A;N/A;N/A;N/A;N/A;N/A;N/A;N/A;N/A;N/A;N/A;N/A;N/A;N/A;N/A;N/A;N/A;N/A;N/A;N/A;N/A;N/A;N/A;N/A;N/A;N/A;N/A;;0;451.2;0;0;;Disabled;TempStop;1;740;493.6;0;0;0;599.9;549.9;Enabled;PosOk;1;20;0;0;0;0;15;Disabled;0;0;0;0;0;0;0;0;0;0;0;0;0;0;0;0;0;0;0;0;0;0;0;0;0;0;0;0;0;0;0;0;0;0;0;0;0;0;0;0;0;0;0;0;0;0;0;0;0;0;0;0;0;0;0;0;0;0;0;0;0;0;0;0;0;0;0;0;0;0;30;23;20;45;30;23;20;45;30;31;20;45;30;30;20;45;100;0;80;300;100;0;80;300;100;266;80;300;100;266;80;300;30;32;20;45;30;30;20;45;30;26;20;45;30;28;20;45;100;237;80;300;100;235;80;300;100;0;80;300;100;0;80;300;4;2;0.4;6;4;5;0.4;6;4;2;0.4;6;4;5;0.4;6;4;2;0.4;6;4;5;0.4;6;4;2;0.4;6;4;5;0.4;6;NOK;NOK;OK;4500;4597;4250;4800;OK;7.64;0;8;12;NOK;N/A;1.9;N/A;N/A;N/A;10;12.7;7;17;OK;;0;0;0;-;Disabled;TempOk;1;230;167.6;0;0;0;349.9;440474000 audi 597g-598h;440474000 audi 597g-598h;440474000 audi 597g-598h
20260331_03:30:37;25918;1;2;965;962;915;1015;OK;965;950.3;915;1015;OK;948.3;949;-15;-15.4;-50;-20;NOK;-15;-12.6;-50;-20;NOK;-15.7;-15.9;0;-15;-15.3;-50;-20;NOK;355;422;355;600;OK;0;0;N/A;N/A;N/A;N/A;N/A;N/A;N/A;N/A;N/A;N/A;N/A;N/A;N/A;N/A;N/A;N/A;N/A;N/A;N/A;N/A;N/A;N/A;N/A;N/A;N/A;N/A;N/A;N/A;N/A;N/A;N/A;N/A;N/A;N/A;N/A;N/A;N/A;N/A;N/A;N/A;N/A;N/A;N/A;N/A;N/A;N/A;N/A;N/A;N/A;N/A;N/A;N/A;N/A;N/A;N/A;N/A;N/A;N/A;N/A;N/A;N/A;N/A;N/A;N/A;N/A;N/A;N/A;N/A;N/A;N/A;N/A;N/A;N/A;N/A;N/A;N/A;N/A;N/A;N/A;N/A;N/A;N/A;N/A;N/A;N/A;N/A;N/A;N/A;N/A;N/A;N/A;N/A;N/A;N/A;N/A;N/A;N/A;N/A;;0;442.4;0;0;;Disabled;TempStop;1;740;486.7;0;0;0;599.9;549.9;Enabled;PosOk;1;20;0;0;0;0;15;Disabled;0;0;0;0;0;0;0;0;0;0;0;0;0;0;0;0;0;0;0;0;0;0;0;0;0;0;0;0;0;0;0;0;0;0;0;0;0;0;0;0;0;0;0;0;0;0;0;0;0;0;0;0;0;0;0;0;0;0;0;0;0;0;0;0;0;0;0;0;0;0;30;23;20;45;30;23;20;45;30;31;20;45;30;30;20;45;100;0;80;300;100;0;80;300;100;266;80;300;100;265;80;300;30;33;20;45;30;30;20;45;30;26;20;45;30;28;20;45;100;237;80;300;100;235;80;300;100;0;80;300;100;0;80;300;4;2;0.4;6;4;5;0.4;6;4;2;0.4;6;4;5;0.4;6;4;2;0.4;6;4;5;0.4;6;4;2;0.4;6;4;6;0.4;6;NOK;NOK;OK;4500;4600;4250;4800;OK;7.64;0;8;12;NOK;N/A;1.9;N/A;N/A;N/A;10;13.9;7;17;OK;;0;0;0;-;Disabled;TempOk;1;230;190.1;0;0;0;349.9;440474000 audi 597g-598h;440474000 audi 597g-598h;440474000 audi 597g-598h
20260331_03:31:00;25921;2;2;965;961.6;915;1015;OK;965;972.8;915;1015;OK;972.5;973.9;-15;-40.2;-50;-20;OK;-15;-29.5;-50;-20;OK;-26.7;-28.3;0;-15;-40.1;-50;-20;OK;355;386;355;600;OK;0;0;N/A;N/A;N/A;N/A;N/A;N/A;N/A;N/A;N/A;N/A;N/A;N/A;N/A;N/A;N/A;N/A;N/A;N/A;N/A;N/A;N/A;N/A;N/A;N/A;N/A;N/A;N/A;N/A;N/A;N/A;N/A;N/A;N/A;N/A;N/A;N/A;N/A;N/A;N/A;N/A;N/A;N/A;N/A;N/A;N/A;N/A;N/A;N/A;N/A;N/A;N/A;N/A;N/A;N/A;N/A;N/A;N/A;N/A;N/A;N/A;N/A;N/A;N/A;N/A;N/A;N/A;N/A;N/A;N/A;N/A;N/A;N/A;N/A;N/A;N/A;N/A;N/A;N/A;N/A;N/A;N/A;N/A;N/A;N/A;N/A;N/A;N/A;N/A;N/A;N/A;N/A;N/A;N/A;N/A;N/A;N/A;N/A;N/A;;0;449.2;0;0;;Disabled;TempStop;1;740;492.5;0;0;0;599.9;549.9;Enabled;PosOk;1;20;0;0;0;0;15;Disabled;0;0;0;0;0;0;0;0;0;0;0;0;0;0;0;0;0;0;0;0;0;0;0;0;0;0;0;0;0;0;0;0;0;0;0;0;0;0;0;0;0;0;0;0;0;0;0;0;0;0;0;0;0;0;0;0;0;0;0;0;0;0;0;0;0;0;0;0;0;0;30;23;20;45;30;23;20;45;30;32;20;45;30;30;20;45;100;0;80;300;100;0;80;300;100;265;80;300;100;265;80;300;30;33;20;45;30;30;20;45;30;26;20;45;30;28;20;45;100;237;80;300;100;234;80;300;100;0;80;300;100;0;80;300;4;2;0.4;6;4;5;0.4;6;4;2;0.4;6;4;5;0.4;6;4;2;0.4;6;4;5;0.4;6;4;2;0.4;6;4;6;0.4;6;NOK;NOK;OK;4500;4599;4250;4800;OK;7.64;0;8;12;NOK;N/A;1.9;N/A;N/A;N/A;10;12.9;7;17;OK;;0;0;0;-;Disabled;TempOk;1;230;193.8;0;0;0;349.9;440474000 audi 597g-598h;440474000 audi 597g-598h;440474000 audi 597g-598h
20260331_03:31:24;25920;3;2;965;963.7;915;1015;OK;965;954.8;915;1015;OK;952.7;953.7;-15;-30.3;-50;-20;OK;-15;-27.8;-50;-20;OK;-23.9;-25;0;-15;-30.3;-50;-20;OK;355;424;355;600;OK;0;0;N/A;N/A;N/A;N/A;N/A;N/A;N/A;N/A;N/A;N/A;N/A;N/A;N/A;N/A;N/A;N/A;N/A;N/A;N/A;N/A;N/A;N/A;N/A;N/A;N/A;N/A;N/A;N/A;N/A;N/A;N/A;N/A;N/A;N/A;N/A;N/A;N/A;N/A;N/A;N/A;N/A;N/A;N/A;N/A;N/A;N/A;N/A;N/A;N/A;N/A;N/A;N/A;N/A;N/A;N/A;N/A;N/A;N/A;N/A;N/A;N/A;N/A;N/A;N/A;N/A;N/A;N/A;N/A;N/A;N/A;N/A;N/A;N/A;N/A;N/A;N/A;N/A;N/A;N/A;N/A;N/A;N/A;N/A;N/A;N/A;N/A;N/A;N/A;N/A;N/A;N/A;N/A;N/A;N/A;N/A;N/A;N/A;N/A;;0;443.9;0;0;;Disabled;TempStop;1;740;489.3;0;0;0;599.9;549.9;Enabled;PosOk;1;20;0;0;0;0;15;Disabled;0;0;0;0;0;0;0;0;0;0;0;0;0;0;0;0;0;0;0;0;0;0;0;0;0;0;0;0;0;0;0;0;0;0;0;0;0;0;0;0;0;0;0;0;0;0;0;0;0;0;0;0;0;0;0;0;0;0;0;0;0;0;0;0;0;0;0;0;0;0;30;23;20;45;30;23;20;45;30;32;20;45;30;29;20;45;100;0;80;300;100;0;80;300;100;267;80;300;100;266;80;300;30;33;20;45;30;29;20;45;30;26;20;45;30;28;20;45;100;237;80;300;100;235;80;300;100;0;80;300;100;0;80;300;4;2;0.4;6;4;5;0.4;6;4;2;0.4;6;4;5;0.4;6;4;2;0.4;6;4;6;0.4;6;4;2;0.4;6;4;6;0.4;6;NOK;NOK;OK;4500;4595;4250;4800;OK;7.64;0;8;12;NOK;N/A;1.9;N/A;N/A;N/A;10;14.2;7;17;OK;;0;0;0;-;Disabled;TempOk;1;230;191.1;0;0;0;349.9;440474000 audi 597g-598h;440474000 audi 597g-598h;440474000 audi 597g-598h
20260331_03:31:48;25923;4;2;965;972.9;915;1015;OK;965;982.8;915;1015;OK;985;983.9;-15;-12.7;-50;-5;OK;-15;-15;-50;-5;OK;-20.2;-19.8;0;-15;-12.6;-50;-5;OK;355;388;355;600;OK;176.72;177.26;N/A;N/A;N/A;N/A;N/A;N/A;N/A;N/A;N/A;N/A;N/A;N/A;N/A;N/A;N/A;N/A;N/A;N/A;N/A;N/A;N/A;N/A;N/A;N/A;N/A;N/A;N/A;N/A;N/A;N/A;N/A;N/A;N/A;N/A;N/A;N/A;N/A;N/A;N/A;N/A;N/A;N/A;N/A;N/A;N/A;N/A;N/A;N/A;N/A;N/A;N/A;N/A;N/A;N/A;N/A;N/A;N/A;N/A;N/A;N/A;N/A;N/A;N/A;N/A;N/A;N/A;N/A;N/A;N/A;N/A;N/A;N/A;N/A;N/A;N/A;N/A;N/A;N/A;N/A;N/A;N/A;N/A;N/A;N/A;N/A;N/A;N/A;N/A;N/A;N/A;N/A;N/A;N/A;N/A;N/A;N/A;N/A;N/A;;0;455;0;0;;Disabled;TempStop;1;740;499.8;0;0;0;599.9;549.9;Enabled;PosOk;1;20;0;0;0;0;15;Disabled;0;0;0;0;0;0;0;0;0;0;0;0;0;0;0;0;0;0;0;0;0;0;0;0;0;0;0;0;0;0;0;0;0;0;0;0;0;0;0;0;0;0;0;0;0;0;0;0;0;0;0;0;0;0;0;0;0;0;0;0;0;0;0;0;0;0;0;0;0;0;30;23;20;45;30;23;20;45;30;31;20;45;30;29;20;45;100;0;80;300;100;0;80;300;100;266;80;300;100;266;80;300;30;32;20;45;30;29;20;45;30;26;20;45;30;28;20;45;100;237;80;300;100;235;80;300;100;0;80;300;100;0;80;300;4;2;0.4;6;4;5;0.4;6;4;2;0.4;6;4;6;0.4;6;4;2;0.4;6;4;6;0.4;6;4;2;0.4;6;4;6;0.4;6;NOK;NOK;OK;4500;4596;4250;4800;OK;7.64;0;8;12;NOK;N/A;1.89;N/A;N/A;N/A;10;12.9;7;17;OK;;0;0;0;-;Disabled;TempOk;1;230;191.7;0;0;0;349.9;440474000 audi 597g-598h;440474000 audi 597g-598h;440474000 audi 597g-598h
20260331_03:32:12;25922;1;3;965;963.6;915;1015;OK;965;974.1;915;1015;OK;981;979.2;-15;-13.8;-50;-20;NOK;-15;-13.3;-50;-20;NOK;-17;-16.1;0;-15;-13.7;-50;-20;NOK;355;424;355;600;OK;0;0;N/A;N/A;N/A;N/A;N/A;N/A;N/A;N/A;N/A;N/A;N/A;N/A;N/A;N/A;N/A;N/A;N/A;N/A;N/A;N/A;N/A;N/A;N/A;N/A;N/A;N/A;N/A;N/A;N/A;N/A;N/A;N/A;N/A;N/A;N/A;N/A;N/A;N/A;N/A;N/A;N/A;N/A;N/A;N/A;N/A;N/A;N/A;N/A;N/A;N/A;N/A;N/A;N/A;N/A;N/A;N/A;N/A;N/A;N/A;N/A;N/A;N/A;N/A;N/A;N/A;N/A;N/A;N/A;N/A;N/A;N/A;N/A;N/A;N/A;N/A;N/A;N/A;N/A;N/A;N/A;N/A;N/A;N/A;N/A;N/A;N/A;N/A;N/A;N/A;N/A;N/A;N/A;N/A;N/A;N/A;N/A;N/A;N/A;;0;446.6;0;0;;Disabled;TempStop;1;740;492.2;0;0;0;599.9;549.9;Enabled;PosOk;1;20;0;0;0;0;15;Disabled;0;0;0;0;0;0;0;0;0;0;0;0;0;0;0;0;0;0;0;0;0;0;0;0;0;0;0;0;0;0;0;0;0;0;0;0;0;0;0;0;0;0;0;0;0;0;0;0;0;0;0;0;0;0;0;0;0;0;0;0;0;0;0;0;0;0;0;0;0;0;30;23;20;45;30;23;20;45;30;31;20;45;30;29;20;45;100;0;80;300;100;0;80;300;100;265;80;300;100;265;80;300;30;32;20;45;30;29;20;45;30;26;20;45;30;28;20;45;100;237;80;300;100;235;80;300;100;0;80;300;100;0;80;300;4;2;0.4;6;4;5;0.4;6;4;2;0.4;6;4;5;0.4;6;4;2;0.4;6;4;5;0.4;6;4;2;0.4;6;4;6;0.4;6;NOK;NOK;OK;4500;4595;4250;4800;OK;7.64;0;8;12;NOK;N/A;1.9;N/A;N/A;N/A;10;13.9;7;17;OK;;0;0;0;-;Disabled;TempOk;1;230;191.9;0;0;0;349.9;440474000 audi 597g-598h;440474000 audi 597g-598h;440474000 audi 597g-598h
20260331_03:32:35;25925;4;3;965;969.3;915;1015;OK;965;978.1;915;1015;OK;981.8;980.3;-15;-17.2;-50;-5;OK;-15;-16.7;-50;-5;OK;-20.1;-19.1;0;-15;-17.1;-50;-5;OK;355;389;355;600;OK;176.81;177.35;N/A;N/A;N/A;N/A;N/A;N/A;N/A;N/A;N/A;N/A;N/A;N/A;N/A;N/A;N/A;N/A;N/A;N/A;N/A;N/A;N/A;N/A;N/A;N/A;N/A;N/A;N/A;N/A;N/A;N/A;N/A;N/A;N/A;N/A;N/A;N/A;N/A;N/A;N/A;N/A;N/A;N/A;N/A;N/A;N/A;N/A;N/A;N/A;N/A;N/A;N/A;N/A;N/A;N/A;N/A;N/A;N/A;N/A;N/A;N/A;N/A;N/A;N/A;N/A;N/A;N/A;N/A;N/A;N/A;N/A;N/A;N/A;N/A;N/A;N/A;N/A;N/A;N/A;N/A;N/A;N/A;N/A;N/A;N/A;N/A;N/A;N/A;N/A;N/A;N/A;N/A;N/A;N/A;N/A;N/A;N/A;N/A;N/A;;0;452.1;0;0;;Disabled;TempStop;1;740;497.9;0;0;0;599.9;549.9;Enabled;PosOk;1;20;0;0;0;0;15;Disabled;0;0;0;0;0;0;0;0;0;0;0;0;0;0;0;0;0;0;0;0;0;0;0;0;0;0;0;0;0;0;0;0;0;0;0;0;0;0;0;0;0;0;0;0;0;0;0;0;0;0;0;0;0;0;0;0;0;0;0;0;0;0;0;0;0;0;0;0;0;0;30;23;20;45;30;23;20;45;30;31;20;45;30;29;20;45;100;0;80;300;100;0;80;300;100;266;80;300;100;265;80;300;30;32;20;45;30;29;20;45;30;26;20;45;30;28;20;45;100;237;80;300;100;235;80;300;100;0;80;300;100;0;80;300;4;2;0.4;6;4;5;0.4;6;4;2;0.4;6;4;5;0.4;6;4;2;0.4;6;4;5;0.4;6;4;2;0.4;6;4;5;0.4;6;NOK;NOK;OK;4500;4595;4250;4800;OK;7.64;0;8;12;NOK;N/A;1.9;N/A;N/A;N/A;10;12.9;7;17;OK;;0;0;0;-;Disabled;TempOk;1;230;193.7;0;0;0;349.9;440474000 audi 597g-598h;440474000 audi 597g-598h;440474000 audi 597g-598h
20260331_03:32:59;25924;3;3;965;961.2;915;1015;OK;965;972.9;915;1015;OK;979.1;978.1;-15;-27.7;-50;-20;OK;-15;-23.6;-50;-20;OK;-20.7;-21.6;0;-15;-27.6;-50;-20;OK;355;426;355;600;OK;0;0;N/A;N/A;N/A;N/A;N/A;N/A;N/A;N/A;N/A;N/A;N/A;N/A;N/A;N/A;N/A;N/A;N/A;N/A;N/A;N/A;N/A;N/A;N/A;N/A;N/A;N/A;N/A;N/A;N/A;N/A;N/A;N/A;N/A;N/A;N/A;N/A;N/A;N/A;N/A;N/A;N/A;N/A;N/A;N/A;N/A;N/A;N/A;N/A;N/A;N/A;N/A;N/A;N/A;N/A;N/A;N/A;N/A;N/A;N/A;N/A;N/A;N/A;N/A;N/A;N/A;N/A;N/A;N/A;N/A;N/A;N/A;N/A;N/A;N/A;N/A;N/A;N/A;N/A;N/A;N/A;N/A;N/A;N/A;N/A;N/A;N/A;N/A;N/A;N/A;N/A;N/A;N/A;N/A;N/A;N/A;N/A;N/A;N/A;;0;442.7;0;0;;Disabled;TempStop;1;740;487.1;0;0;0;599.9;549.9;Enabled;PosOk;1;20;0;0;0;0;15;Disabled;0;0;0;0;0;0;0;0;0;0;0;0;0;0;0;0;0;0;0;0;0;0;0;0;0;0;0;0;0;0;0;0;0;0;0;0;0;0;0;0;0;0;0;0;0;0;0;0;0;0;0;0;0;0;0;0;0;0;0;0;0;0;0;0;0;0;0;0;0;0;30;23;20;45;30;23;20;45;30;31;20;45;30;29;20;45;100;0;80;300;100;0;80;300;100;266;80;300;100;266;80;300;30;33;20;45;30;30;20;45;30;26;20;45;30;28;20;45;100;238;80;300;100;236;80;300;100;0;80;300;100;0;80;300;4;2;0.4;6;4;5;0.4;6;4;2;0.4;6;4;5;0.4;6;4;2;0.4;6;4;5;0.4;6;4;2;0.4;6;4;6;0.4;6;NOK;NOK;OK;4500;4595;4250;4800;OK;7.64;0;8;12;NOK;N/A;1.9;N/A;N/A;N/A;10;14.5;7;17;OK;;0;0;0;-;Disabled;TempOk;1;230;195.6;0;0;0;349.9;440474000 audi 597g-598h;440474000 audi 597g-598h;440474000 audi 597g-598h
20260331_03:33:23;25927;2;4;965;964.2;915;1015;OK;965;961.2;915;1015;OK;964.8;963.2;-15;-79.3;-50;-20;OK;-15;-35.7;-50;-20;OK;-30.6;-32.1;0;-15;-79;-50;-20;OK;355;390;355;600;OK;0;0;N/A;N/A;N/A;N/A;N/A;N/A;N/A;N/A;N/A;N/A;N/A;N/A;N/A;N/A;N/A;N/A;N/A;N/A;N/A;N/A;N/A;N/A;N/A;N/A;N/A;N/A;N/A;N/A;N/A;N/A;N/A;N/A;N/A;N/A;N/A;N/A;N/A;N/A;N/A;N/A;N/A;N/A;N/A;N/A;N/A;N/A;N/A;N/A;N/A;N/A;N/A;N/A;N/A;N/A;N/A;N/A;N/A;N/A;N/A;N/A;N/A;N/A;N/A;N/A;N/A;N/A;N/A;N/A;N/A;N/A;N/A;N/A;N/A;N/A;N/A;N/A;N/A;N/A;N/A;N/A;N/A;N/A;N/A;N/A;N/A;N/A;N/A;N/A;N/A;N/A;N/A;N/A;N/A;N/A;N/A;N/A;N/A;N/A;;0;451;0;0;;Disabled;TempStop;1;740;496.3;0;0;0;599.9;549.9;Enabled;PosOk;1;20;0;0;0;0;15;Disabled;0;0;0;0;0;0;0;0;0;0;0;0;0;0;0;0;0;0;0;0;0;0;0;0;0;0;0;0;0;0;0;0;0;0;0;0;0;0;0;0;0;0;0;0;0;0;0;0;0;0;0;0;0;0;0;0;0;0;0;0;0;0;0;0;0;0;0;0;0;0;30;23;20;45;30;23;20;45;30;32;20;45;30;29;20;45;100;0;80;300;100;0;80;300;100;267;80;300;100;266;80;300;30;33;20;45;30;30;20;45;30;26;20;45;30;28;20;45;100;237;80;300;100;235;80;300;100;0;80;300;100;0;80;300;4;2;0.4;6;4;5;0.4;6;4;2;0.4;6;4;5;0.4;6;4;2;0.4;6;4;6;0.4;6;4;2;0.4;6;4;6;0.4;6;NOK;NOK;OK;4500;4597;4250;4800;OK;7.64;0;8;12;NOK;N/A;1.9;N/A;N/A;N/A;10;12.9;7;17;OK;;0;0;0;-;Disabled;TempOk;1;230;191.4;0;0;0;349.9;440474000 audi 597g-598h;440474000 audi 597g-598h;440474000 audi 597g-598h
20260331_03:33:47;25926;1;4;965;957.3;915;1015;OK;965;968.8;915;1015;OK;978.1;977;-15;-13.5;-50;-20;NOK;-15;-12.6;-50;-20;NOK;-16;-15.5;0;-15;-13.5;-50;-20;NOK;355;426;355;600;OK;0;0;N/A;N/A;N/A;N/A;N/A;N/A;N/A;N/A;N/A;N/A;N/A;N/A;N/A;N/A;N/A;N/A;N/A;N/A;N/A;N/A;N/A;N/A;N/A;N/A;N/A;N/A;N/A;N/A;N/A;N/A;N/A;N/A;N/A;N/A;N/A;N/A;N/A;N/A;N/A;N/A;N/A;N/A;N/A;N/A;N/A;N/A;N/A;N/A;N/A;N/A;N/A;N/A;N/A;N/A;N/A;N/A;N/A;N/A;N/A;N/A;N/A;N/A;N/A;N/A;N/A;N/A;N/A;N/A;N/A;N/A;N/A;N/A;N/A;N/A;N/A;N/A;N/A;N/A;N/A;N/A;N/A;N/A;N/A;N/A;N/A;N/A;N/A;N/A;N/A;N/A;N/A;N/A;N/A;N/A;N/A;N/A;N/A;N/A;;0;445.8;0;0;;Disabled;TempStop;1;740;491;0;0;0;599.9;549.9;Enabled;PosOk;1;20;0;0;0;0;15;Disabled;0;0;0;0;0;0;0;0;0;0;0;0;0;0;0;0;0;0;0;0;0;0;0;0;0;0;0;0;0;0;0;0;0;0;0;0;0;0;0;0;0;0;0;0;0;0;0;0;0;0;0;0;0;0;0;0;0;0;0;0;0;0;0;0;0;0;0;0;0;0;30;23;20;45;30;23;20;45;30;32;20;45;30;30;20;45;100;0;80;300;100;0;80;300;100;267;80;300;100;266;80;300;30;33;20;45;30;30;20;45;30;26;20;45;30;28;20;45;100;237;80;300;100;235;80;300;100;0;80;300;100;0;80;300;4;2;0.4;6;4;5;0.4;6;4;2;0.4;6;4;5;0.4;6;4;2;0.4;6;4;6;0.4;6;4;2;0.4;6;4;6;0.4;6;NOK;NOK;OK;4500;4598;4250;4800;OK;7.64;0;8;12;NOK;N/A;1.9;N/A;N/A;N/A;10;13.9;7;17;OK;;0;0;0;-;Disabled;TempOk;1;230;194.3;0;0;0;349.9;440474000 audi 597g-598h;440474000 audi 597g-598h;440474000 audi 597g-598h
20260331_03:34:34;25928;3;4;965;962.7;915;1015;OK;965;961.9;915;1015;OK;959.8;961.2;-15;-21.1;-50;-20;OK;-15;-20.3;-50;-20;OK;-26.2;-25.4;0;-15;-21.2;-50;-20;OK;355;375;355;600;OK;0;0;N/A;N/A;N/A;N/A;N/A;N/A;N/A;N/A;N/A;N/A;N/A;N/A;N/A;N/A;N/A;N/A;N/A;N/A;N/A;N/A;N/A;N/A;N/A;N/A;N/A;N/A;N/A;N/A;N/A;N/A;N/A;N/A;N/A;N/A;N/A;N/A;N/A;N/A;N/A;N/A;N/A;N/A;N/A;N/A;N/A;N/A;N/A;N/A;N/A;N/A;N/A;N/A;N/A;N/A;N/A;N/A;N/A;N/A;N/A;N/A;N/A;N/A;N/A;N/A;N/A;N/A;N/A;N/A;N/A;N/A;N/A;N/A;N/A;N/A;N/A;N/A;N/A;N/A;N/A;N/A;N/A;N/A;N/A;N/A;N/A;N/A;N/A;N/A;N/A;N/A;N/A;N/A;N/A;N/A;N/A;N/A;N/A;N/A;;0;438.6;0;0;;Disabled;TempStop;1;740;480.3;0;0;0;599.9;549.9;Enabled;PosOk;1;20;0;0;0;0;15;Disabled;0;0;0;0;0;0;0;0;0;0;0;0;0;0;0;0;0;0;0;0;0;0;0;0;0;0;0;0;0;0;0;0;0;0;0;0;0;0;0;0;0;0;0;0;0;0;0;0;0;0;0;0;0;0;0;0;0;0;0;0;0;0;0;0;0;0;0;0;0;0;30;23;20;45;30;23;20;45;30;31;20;45;30;30;20;45;100;0;80;300;100;0;80;300;100;266;80;300;100;266;80;300;30;32;20;45;30;30;20;45;30;26;20;45;30;28;20;45;100;237;80;300;100;235;80;300;100;0;80;300;100;0;80;300;4;2;0.4;6;4;5;0.4;6;4;2;0.4;6;4;5;0.4;6;4;2;0.4;6;4;5;0.4;6;4;2;0.4;6;4;6;0.4;6;NOK;NOK;OK;4500;4598;4250;4800;OK;7.64;0;8;12;NOK;N/A;1.9;N/A;N/A;N/A;10;13.9;7;17;OK;;0;0;0;-;Disabled;TempOk;1;230;173.3;0;0;0;349.9;440474000 audi 597g-598h;440474000 audi 597g-598h;440474000 audi 597g-598h
20260331_03:34:58;25929;4;4;965;961.1;915;1015;OK;965;964.6;915;1015;OK;971.5;968.4;-15;-21.6;-50;-5;OK;-15;-20.2;-50;-5;OK;-21.2;-18.3;0;-15;-21.8;-50;-5;OK;355;400;355;600;OK;177.04;177.6;N/A;N/A;N/A;N/A;N/A;N/A;N/A;N/A;N/A;N/A;N/A;N/A;N/A;N/A;N/A;N/A;N/A;N/A;N/A;N/A;N/A;N/A;N/A;N/A;N/A;N/A;N/A;N/A;N/A;N/A;N/A;N/A;N/A;N/A;N/A;N/A;N/A;N/A;N/A;N/A;N/A;N/A;N/A;N/A;N/A;N/A;N/A;N/A;N/A;N/A;N/A;N/A;N/A;N/A;N/A;N/A;N/A;N/A;N/A;N/A;N/A;N/A;N/A;N/A;N/A;N/A;N/A;N/A;N/A;N/A;N/A;N/A;N/A;N/A;N/A;N/A;N/A;N/A;N/A;N/A;N/A;N/A;N/A;N/A;N/A;N/A;N/A;N/A;N/A;N/A;N/A;N/A;N/A;N/A;N/A;N/A;N/A;N/A;;0;444.8;0;0;;Disabled;TempStop;1;740;488.2;0;0;0;599.9;549.9;Enabled;PosOk;1;20;0;0;0;0;15;Disabled;0;0;0;0;0;0;0;0;0;0;0;0;0;0;0;0;0;0;0;0;0;0;0;0;0;0;0;0;0;0;0;0;0;0;0;0;0;0;0;0;0;0;0;0;0;0;0;0;0;0;0;0;0;0;0;0;0;0;0;0;0;0;0;0;0;0;0;0;0;0;30;23;20;45;30;23;20;45;30;32;20;45;30;30;20;45;100;0;80;300;100;0;80;300;100;266;80;300;100;266;80;300;30;33;20;45;30;30;20;45;30;26;20;45;30;28;20;45;100;237;80;300;100;235;80;300;100;0;80;300;100;0;80;300;4;2;0.4;6;4;5;0.4;6;4;2;0.4;6;4;5;0.4;6;4;2;0.4;6;4;5;0.4;6;4;2;0.4;6;4;6;0.4;6;NOK;NOK;OK;4500;4597;4250;4800;OK;7.64;0;8;12;NOK;N/A;1.9;N/A;N/A;N/A;10;12.8;7;17;OK;;0;0;0;-;Disabled;TempOk;1;230;193.4;0;0;0;349.9;440474000 audi 597g-598h;440474000 audi 597g-598h;440474000 audi 597g-598h
20260331_03:35:22;25931;1;1;965;943.2;915;1015;OK;965;936.2;915;1015;OK;929.7;931.6;-15;-15.4;-50;-20;NOK;-15;-16.3;-50;-20;NOK;-15;-15.5;0;-15;-15.4;-50;-20;NOK;355;384;355;600;OK;0;0;N/A;N/A;N/A;N/A;N/A;N/A;N/A;N/A;N/A;N/A;N/A;N/A;N/A;N/A;N/A;N/A;N/A;N/A;N/A;N/A;N/A;N/A;N/A;N/A;N/A;N/A;N/A;N/A;N/A;N/A;N/A;N/A;N/A;N/A;N/A;N/A;N/A;N/A;N/A;N/A;N/A;N/A;N/A;N/A;N/A;N/A;N/A;N/A;N/A;N/A;N/A;N/A;N/A;N/A;N/A;N/A;N/A;N/A;N/A;N/A;N/A;N/A;N/A;N/A;N/A;N/A;N/A;N/A;N/A;N/A;N/A;N/A;N/A;N/A;N/A;N/A;N/A;N/A;N/A;N/A;N/A;N/A;N/A;N/A;N/A;N/A;N/A;N/A;N/A;N/A;N/A;N/A;N/A;N/A;N/A;N/A;N/A;N/A;;0;438.4;0;0;;Disabled;TempStop;1;740;483.5;0;0;0;599.9;549.9;Enabled;PosOk;1;20;0;0;0;0;15;Disabled;0;0;0;0;0;0;0;0;0;0;0;0;0;0;0;0;0;0;0;0;0;0;0;0;0;0;0;0;0;0;0;0;0;0;0;0;0;0;0;0;0;0;0;0;0;0;0;0;0;0;0;0;0;0;0;0;0;0;0;0;0;0;0;0;0;0;0;0;0;0;30;23;20;45;30;23;20;45;30;32;20;45;30;30;20;45;100;0;80;300;100;0;80;300;100;266;80;300;100;266;80;300;30;33;20;45;30;30;20;45;30;26;20;45;30;27;20;45;100;237;80;300;100;235;80;300;100;0;80;300;100;0;80;300;4;2;0.4;6;4;5;0.4;6;4;2;0.4;6;4;5;0.4;6;4;2;0.4;6;4;6;0.4;6;4;2;0.4;6;4;5;0.4;6;NOK;NOK;OK;4500;4594;4250;4800;OK;7.64;0;8;12;NOK;N/A;1.9;N/A;N/A;N/A;10;14.1;7;17;OK;;0;0;0;-;Disabled;TempOk;1;230;195.2;0;0;0;349.9;440474000 audi 597g-598h;440474000 audi 597g-598h;440474000 audi 597g-598h
20260331_03:35:46;25930;2;1;965;934;915;1015;OK;965;930.8;915;1015;OK;921.2;926.4;-15;-26.2;-50;-20;OK;-15;-24.7;-50;-20;OK;-21.6;-22.7;0;-15;-26.3;-50;-20;OK;355;385;355;600;OK;0;0;N/A;N/A;N/A;N/A;N/A;N/A;N/A;N/A;N/A;N/A;N/A;N/A;N/A;N/A;N/A;N/A;N/A;N/A;N/A;N/A;N/A;N/A;N/A;N/A;N/A;N/A;N/A;N/A;N/A;N/A;N/A;N/A;N/A;N/A;N/A;N/A;N/A;N/A;N/A;N/A;N/A;N/A;N/A;N/A;N/A;N/A;N/A;N/A;N/A;N/A;N/A;N/A;N/A;N/A;N/A;N/A;N/A;N/A;N/A;N/A;N/A;N/A;N/A;N/A;N/A;N/A;N/A;N/A;N/A;N/A;N/A;N/A;N/A;N/A;N/A;N/A;N/A;N/A;N/A;N/A;N/A;N/A;N/A;N/A;N/A;N/A;N/A;N/A;N/A;N/A;N/A;N/A;N/A;N/A;N/A;N/A;N/A;N/A;;0;438.2;0;0;;Disabled;TempStop;1;740;481.1;0;0;0;599.9;549.9;Enabled;PosOk;1;20;0;0;0;0;15;Disabled;0;0;0;0;0;0;0;0;0;0;0;0;0;0;0;0;0;0;0;0;0;0;0;0;0;0;0;0;0;0;0;0;0;0;0;0;0;0;0;0;0;0;0;0;0;0;0;0;0;0;0;0;0;0;0;0;0;0;0;0;0;0;0;0;0;0;0;0;0;0;30;23;20;45;30;23;20;45;30;32;20;45;30;30;20;45;100;0;80;300;100;0;80;300;100;266;80;300;100;265;80;300;30;33;20;45;30;30;20;45;30;26;20;45;30;28;20;45;100;238;80;300;100;235;80;300;100;0;80;300;100;0;80;300;4;2;0.4;6;4;5;0.4;6;4;2;0.4;6;4;5;0.4;6;4;2;0.4;6;4;6;0.4;6;4;2;0.4;6;4;6;0.4;6;NOK;NOK;OK;4500;4593;4250;4800;OK;7.64;0;8;12;NOK;N/A;1.9;N/A;N/A;N/A;10;12.9;7;17;OK;;0;0;0;-;Disabled;TempOk;1;230;190.3;0;0;0;349.9;440474000 audi 597g-598h;440474000 audi 597g-598h;440474000 audi 597g-598h
20260331_03:36:33;25933;4;1;965;969.2;915;1015;OK;965;983.3;915;1015;OK;981.7;981.9;-15;-10.9;-50;-5;OK;-15;-17.7;-50;-5;OK;-19.7;-19.3;0;-15;-10.8;-50;-5;OK;355;368;355;600;OK;177.13;177.73;N/A;N/A;N/A;N/A;N/A;N/A;N/A;N/A;N/A;N/A;N/A;N/A;N/A;N/A;N/A;N/A;N/A;N/A;N/A;N/A;N/A;N/A;N/A;N/A;N/A;N/A;N/A;N/A;N/A;N/A;N/A;N/A;N/A;N/A;N/A;N/A;N/A;N/A;N/A;N/A;N/A;N/A;N/A;N/A;N/A;N/A;N/A;N/A;N/A;N/A;N/A;N/A;N/A;N/A;N/A;N/A;N/A;N/A;N/A;N/A;N/A;N/A;N/A;N/A;N/A;N/A;N/A;N/A;N/A;N/A;N/A;N/A;N/A;N/A;N/A;N/A;N/A;N/A;N/A;N/A;N/A;N/A;N/A;N/A;N/A;N/A;N/A;N/A;N/A;N/A;N/A;N/A;N/A;N/A;N/A;N/A;N/A;N/A;;0;447.7;0;0;;Disabled;TempStop;1;740;489.6;0;0;0;599.9;549.9;Enabled;PosOk;1;20;0;0;0;0;15;Disabled;0;0;0;0;0;0;0;0;0;0;0;0;0;0;0;0;0;0;0;0;0;0;0;0;0;0;0;0;0;0;0;0;0;0;0;0;0;0;0;0;0;0;0;0;0;0;0;0;0;0;0;0;0;0;0;0;0;0;0;0;0;0;0;0;0;0;0;0;0;0;30;23;20;45;30;23;20;45;30;31;20;45;30;30;20;45;100;0;80;300;100;0;80;300;100;266;80;300;100;266;80;300;30;32;20;45;30;30;20;45;30;26;20;45;30;28;20;45;100;237;80;300;100;235;80;300;100;0;80;300;100;0;80;300;4;2;0.4;6;4;5;0.4;6;4;2;0.4;6;4;5;0.4;6;4;2;0.4;6;4;6;0.4;6;4;2;0.4;6;4;6;0.4;6;NOK;NOK;OK;4500;4600;4250;4800;OK;7.64;0;8;12;NOK;N/A;1.9;N/A;N/A;N/A;10;12.8;7;17;OK;;0;0;0;-;Disabled;TempOk;1;230;173;0;0;0;349.9;440474000 audi 597g-598h;440474000 audi 597g-598h;440474000 audi 597g-598h
20260331_03:36:57;25932;1;2;965;938.2;915;1015;OK;965;940.8;915;1015;OK;934.8;938.7;-15;-12.4;-50;-20;NOK;-15;-13.8;-50;-20;NOK;-16.4;-16.1;0;-15;-12.4;-50;-20;NOK;355;367;355;600;OK;0;0;N/A;N/A;N/A;N/A;N/A;N/A;N/A;N/A;N/A;N/A;N/A;N/A;N/A;N/A;N/A;N/A;N/A;N/A;N/A;N/A;N/A;N/A;N/A;N/A;N/A;N/A;N/A;N/A;N/A;N/A;N/A;N/A;N/A;N/A;N/A;N/A;N/A;N/A;N/A;N/A;N/A;N/A;N/A;N/A;N/A;N/A;N/A;N/A;N/A;N/A;N/A;N/A;N/A;N/A;N/A;N/A;N/A;N/A;N/A;N/A;N/A;N/A;N/A;N/A;N/A;N/A;N/A;N/A;N/A;N/A;N/A;N/A;N/A;N/A;N/A;N/A;N/A;N/A;N/A;N/A;N/A;N/A;N/A;N/A;N/A;N/A;N/A;N/A;N/A;N/A;N/A;N/A;N/A;N/A;N/A;N/A;N/A;N/A;;0;441.9;0;0;;Disabled;TempStop;1;740;486.5;0;0;0;599.9;549.9;Enabled;PosOk;1;20;0;0;0;0;15;Disabled;0;0;0;0;0;0;0;0;0;0;0;0;0;0;0;0;0;0;0;0;0;0;0;0;0;0;0;0;0;0;0;0;0;0;0;0;0;0;0;0;0;0;0;0;0;0;0;0;0;0;0;0;0;0;0;0;0;0;0;0;0;0;0;0;0;0;0;0;0;0;30;23;20;45;30;23;20;45;30;32;20;45;30;30;20;45;100;0;80;300;100;0;80;300;100;266;80;300;100;265;80;300;30;33;20;45;30;30;20;45;30;26;20;45;30;28;20;45;100;237;80;300;100;235;80;300;100;0;80;300;100;0;80;300;4;2;0.4;6;4;5;0.4;6;4;2;0.4;6;4;5;0.4;6;4;2;0.4;6;4;5;0.4;6;4;2;0.4;6;4;5;0.4;6;NOK;NOK;OK;4500;4593;4250;4800;OK;7.64;0;8;12;NOK;N/A;1.9;N/A;N/A;N/A;10;14;7;17;OK;;0;0;0;-;Disabled;TempOk;1;230;187.8;0;0;0;349.9;440474000 audi 597g-598h;440474000 audi 597g-598h;440474000 audi 597g-598h
20260331_03:37:21;25934;2;2;965;961;915;1015;OK;965;974.1;915;1015;OK;975.1;975.8;-15;-29.4;-50;-20;OK;-15;-26.3;-50;-20;OK;-23.7;-25.1;0;-15;-29.4;-50;-20;OK;355;368;355;600;OK;0;0;N/A;N/A;N/A;N/A;N/A;N/A;N/A;N/A;N/A;N/A;N/A;N/A;N/A;N/A;N/A;N/A;N/A;N/A;N/A;N/A;N/A;N/A;N/A;N/A;N/A;N/A;N/A;N/A;N/A;N/A;N/A;N/A;N/A;N/A;N/A;N/A;N/A;N/A;N/A;N/A;N/A;N/A;N/A;N/A;N/A;N/A;N/A;N/A;N/A;N/A;N/A;N/A;N/A;N/A;N/A;N/A;N/A;N/A;N/A;N/A;N/A;N/A;N/A;N/A;N/A;N/A;N/A;N/A;N/A;N/A;N/A;N/A;N/A;N/A;N/A;N/A;N/A;N/A;N/A;N/A;N/A;N/A;N/A;N/A;N/A;N/A;N/A;N/A;N/A;N/A;N/A;N/A;N/A;N/A;N/A;N/A;N/A;N/A;;0;448.3;0;0;;Disabled;TempStop;1;740;490;0;0;0;599.9;549.9;Enabled;PosOk;1;20;0;0;0;0;15;Disabled;0;0;0;0;0;0;0;0;0;0;0;0;0;0;0;0;0;0;0;0;0;0;0;0;0;0;0;0;0;0;0;0;0;0;0;0;0;0;0;0;0;0;0;0;0;0;0;0;0;0;0;0;0;0;0;0;0;0;0;0;0;0;0;0;0;0;0;0;0;0;30;23;20;45;30;23;20;45;30;32;20;45;30;29;20;45;100;0;80;300;100;0;80;300;100;266;80;300;100;266;80;300;30;33;20;45;30;30;20;45;30;26;20;45;30;28;20;45;100;238;80;300;100;235;80;300;100;0;80;300;100;0;80;300;4;2;0.4;6;4;5;0.4;6;4;2;0.4;6;4;5;0.4;6;4;2;0.4;6;4;5;0.4;6;4;2;0.4;6;4;6;0.4;6;NOK;NOK;OK;4500;4599;4250;4800;OK;7.64;0;8;12;NOK;N/A;1.9;N/A;N/A;N/A;10;12.9;7;17;OK;;0;0;0;-;Disabled;TempOk;1;230;187.9;0;0;0;349.9;440474000 audi 597g-598h;440474000 audi 597g-598h;440474000 audi 597g-598h
20260331_03:37:44;25935;3;2;965;942.7;915;1015;OK;965;942.7;915;1015;OK;936.2;939.9;-15;-28.1;-50;-20;OK;-15;-25.2;-50;-20;OK;-22.8;-23.9;0;-15;-28.2;-50;-20;OK;355;367;355;600;OK;0;0;N/A;N/A;N/A;N/A;N/A;N/A;N/A;N/A;N/A;N/A;N/A;N/A;N/A;N/A;N/A;N/A;N/A;N/A;N/A;N/A;N/A;N/A;N/A;N/A;N/A;N/A;N/A;N/A;N/A;N/A;N/A;N/A;N/A;N/A;N/A;N/A;N/A;N/A;N/A;N/A;N/A;N/A;N/A;N/A;N/A;N/A;N/A;N/A;N/A;N/A;N/A;N/A;N/A;N/A;N/A;N/A;N/A;N/A;N/A;N/A;N/A;N/A;N/A;N/A;N/A;N/A;N/A;N/A;N/A;N/A;N/A;N/A;N/A;N/A;N/A;N/A;N/A;N/A;N/A;N/A;N/A;N/A;N/A;N/A;N/A;N/A;N/A;N/A;N/A;N/A;N/A;N/A;N/A;N/A;N/A;N/A;N/A;N/A;;0;442.5;0;0;;Disabled;TempStop;1;740;485.8;0;0;0;599.9;549.9;Enabled;PosOk;1;20;0;0;0;0;15;Disabled;0;0;0;0;0;0;0;0;0;0;0;0;0;0;0;0;0;0;0;0;0;0;0;0;0;0;0;0;0;0;0;0;0;0;0;0;0;0;0;0;0;0;0;0;0;0;0;0;0;0;0;0;0;0;0;0;0;0;0;0;0;0;0;0;0;0;0;0;0;0;30;23;20;45;30;23;20;45;30;31;20;45;30;29;20;45;100;0;80;300;100;0;80;300;100;266;80;300;100;265;80;300;30;32;20;45;30;29;20;45;30;26;20;45;30;27;20;45;100;237;80;300;100;235;80;300;100;0;80;300;100;0;80;300;4;2;0.4;6;4;5;0.4;6;4;2;0.4;6;4;5;0.4;6;4;2;0.4;6;4;5;0.4;6;4;2;0.4;6;4;6;0.4;6;NOK;NOK;OK;4500;4594;4250;4800;OK;7.64;0;8;12;NOK;N/A;1.9;N/A;N/A;N/A;10;14.7;7;17;OK;;0;0;0;-;Disabled;TempOk;1;230;192.3;0;0;0;349.9;440474000 audi 597g-598h;440474000 audi 597g-598h;440474000 audi 597g-598h
20260331_03:38:08;25936;4;2;965;972.3;915;1015;OK;965;979.1;915;1015;OK;974.7;977.7;-15;-13.9;-50;-5;OK;-15;-19;-50;-5;OK;-19.3;-19.8;0;-15;-13.7;-50;-5;OK;355;368;355;600;OK;177.28;177.84;N/A;N/A;N/A;N/A;N/A;N/A;N/A;N/A;N/A;N/A;N/A;N/A;N/A;N/A;N/A;N/A;N/A;N/A;N/A;N/A;N/A;N/A;N/A;N/A;N/A;N/A;N/A;N/A;N/A;N/A;N/A;N/A;N/A;N/A;N/A;N/A;N/A;N/A;N/A;N/A;N/A;N/A;N/A;N/A;N/A;N/A;N/A;N/A;N/A;N/A;N/A;N/A;N/A;N/A;N/A;N/A;N/A;N/A;N/A;N/A;N/A;N/A;N/A;N/A;N/A;N/A;N/A;N/A;N/A;N/A;N/A;N/A;N/A;N/A;N/A;N/A;N/A;N/A;N/A;N/A;N/A;N/A;N/A;N/A;N/A;N/A;N/A;N/A;N/A;N/A;N/A;N/A;N/A;N/A;N/A;N/A;N/A;N/A;;0;447.3;0;0;;Disabled;TempStop;1;740;489.8;0;0;0;599.9;549.9;Enabled;PosOk;1;20;0;0;0;0;15;Disabled;0;0;0;0;0;0;0;0;0;0;0;0;0;0;0;0;0;0;0;0;0;0;0;0;0;0;0;0;0;0;0;0;0;0;0;0;0;0;0;0;0;0;0;0;0;0;0;0;0;0;0;0;0;0;0;0;0;0;0;0;0;0;0;0;0;0;0;0;0;0;30;23;20;45;30;23;20;45;30;31;20;45;30;29;20;45;100;0;80;300;100;0;80;300;100;267;80;300;100;266;80;300;30;32;20;45;30;29;20;45;30;26;20;45;30;28;20;45;100;238;80;300;100;236;80;300;100;0;80;300;100;0;80;300;4;2;0.4;6;4;5;0.4;6;4;2;0.4;6;4;5;0.4;6;4;2;0.4;6;4;6;0.4;6;4;2;0.4;6;4;6;0.4;6;NOK;NOK;OK;4500;4596;4250;4800;OK;7.64;0;8;12;NOK;N/A;1.9;N/A;N/A;N/A;10;12.9;7;17;OK;;0;0;0;-;Disabled;TempOk;1;230;189.7;0;0;0;349.9;440474000 audi 597g-598h;440474000 audi 597g-598h;440474000 audi 597g-598h
20260331_03:38:32;25937;1;3;965;961.3;915;1015;OK;965;969.4;915;1015;OK;968.5;970.1;-15;-13.1;-50;-20;NOK;-15;-13.5;-50;-20;NOK;-15.9;-15.2;0;-15;-13.1;-50;-20;NOK;355;367;355;600;OK;0;0;N/A;N/A;N/A;N/A;N/A;N/A;N/A;N/A;N/A;N/A;N/A;N/A;N/A;N/A;N/A;N/A;N/A;N/A;N/A;N/A;N/A;N/A;N/A;N/A;N/A;N/A;N/A;N/A;N/A;N/A;N/A;N/A;N/A;N/A;N/A;N/A;N/A;N/A;N/A;N/A;N/A;N/A;N/A;N/A;N/A;N/A;N/A;N/A;N/A;N/A;N/A;N/A;N/A;N/A;N/A;N/A;N/A;N/A;N/A;N/A;N/A;N/A;N/A;N/A;N/A;N/A;N/A;N/A;N/A;N/A;N/A;N/A;N/A;N/A;N/A;N/A;N/A;N/A;N/A;N/A;N/A;N/A;N/A;N/A;N/A;N/A;N/A;N/A;N/A;N/A;N/A;N/A;N/A;N/A;N/A;N/A;N/A;N/A;;0;445.1;0;0;;Disabled;TempStop;1;740;488.7;0;0;0;599.9;549.9;Enabled;PosOk;1;20;0;0;0;0;15;Disabled;0;0;0;0;0;0;0;0;0;0;0;0;0;0;0;0;0;0;0;0;0;0;0;0;0;0;0;0;0;0;0;0;0;0;0;0;0;0;0;0;0;0;0;0;0;0;0;0;0;0;0;0;0;0;0;0;0;0;0;0;0;0;0;0;0;0;0;0;0;0;30;23;20;45;30;23;20;45;30;31;20;45;30;29;20;45;100;0;80;300;100;0;80;300;100;266;80;300;100;266;80;300;30;32;20;45;30;29;20;45;30;26;20;45;30;28;20;45;100;237;80;300;100;235;80;300;100;0;80;300;100;0;80;300;4;2;0.4;6;4;6;0.4;6;4;2;0.4;6;4;5;0.4;6;4;2;0.4;6;4;6;0.4;6;4;2;0.4;6;4;6;0.4;6;NOK;NOK;OK;4500;4591;4250;4800;OK;7.64;0;8;12;NOK;N/A;1.9;N/A;N/A;N/A;10;14;7;17;OK;;0;0;0;-;Disabled;TempOk;1;230;190.1;0;0;0;349.9;440474000 audi 597g-598h;440474000 audi 597g-598h;440474000 audi 597g-598h
20260331_03:38:56;25938;4;3;965;968.1;915;1015;OK;965;969.2;915;1015;OK;966.1;967.9;-15;-16.3;-50;-5;OK;-15;-19.1;-50;-5;OK;-20.2;-20;0;-15;-16.3;-50;-5;OK;355;368;355;600;OK;177.37;177.91;N/A;N/A;N/A;N/A;N/A;N/A;N/A;N/A;N/A;N/A;N/A;N/A;N/A;N/A;N/A;N/A;N/A;N/A;N/A;N/A;N/A;N/A;N/A;N/A;N/A;N/A;N/A;N/A;N/A;N/A;N/A;N/A;N/A;N/A;N/A;N/A;N/A;N/A;N/A;N/A;N/A;N/A;N/A;N/A;N/A;N/A;N/A;N/A;N/A;N/A;N/A;N/A;N/A;N/A;N/A;N/A;N/A;N/A;N/A;N/A;N/A;N/A;N/A;N/A;N/A;N/A;N/A;N/A;N/A;N/A;N/A;N/A;N/A;N/A;N/A;N/A;N/A;N/A;N/A;N/A;N/A;N/A;N/A;N/A;N/A;N/A;N/A;N/A;N/A;N/A;N/A;N/A;N/A;N/A;N/A;N/A;N/A;N/A;;0;453.3;0;0;;Disabled;TempStop;1;740;498.3;0;0;0;599.9;549.9;Enabled;PosOk;1;20;0;0;0;0;15;Disabled;0;0;0;0;0;0;0;0;0;0;0;0;0;0;0;0;0;0;0;0;0;0;0;0;0;0;0;0;0;0;0;0;0;0;0;0;0;0;0;0;0;0;0;0;0;0;0;0;0;0;0;0;0;0;0;0;0;0;0;0;0;0;0;0;0;0;0;0;0;0;30;23;20;45;30;23;20;45;30;31;20;45;30;30;20;45;100;0;80;300;100;0;80;300;100;266;80;300;100;266;80;300;30;33;20;45;30;29;20;45;30;26;20;45;30;28;20;45;100;237;80;300;100;235;80;300;100;0;80;300;100;0;80;300;4;2;0.4;6;4;5;0.4;6;4;2;0.4;6;4;5;0.4;6;4;2;0.4;6;4;5;0.4;6;4;2;0.4;6;4;6;0.4;6;NOK;NOK;OK;4500;4600;4250;4800;OK;7.64;0;8;12;NOK;N/A;1.9;N/A;N/A;N/A;10;12.8;7;17;OK;;0;0;0;-;Disabled;TempOk;1;230;190.5;0;0;0;349.9;440474000 audi 597g-598h;440474000 audi 597g-598h;440474000 audi 597g-598h
20260331_03:39:19;25939;3;3;965;960.8;915;1015;OK;965;970.6;915;1015;OK;971;970.9;-15;-23.3;-50;-20;OK;-15;-20.9;-50;-20;OK;-19.4;-20.4;0;-15;-23.1;-50;-20;OK;355;367;355;600;OK;0;0;N/A;N/A;N/A;N/A;N/A;N/A;N/A;N/A;N/A;N/A;N/A;N/A;N/A;N/A;N/A;N/A;N/A;N/A;N/A;N/A;N/A;N/A;N/A;N/A;N/A;N/A;N/A;N/A;N/A;N/A;N/A;N/A;N/A;N/A;N/A;N/A;N/A;N/A;N/A;N/A;N/A;N/A;N/A;N/A;N/A;N/A;N/A;N/A;N/A;N/A;N/A;N/A;N/A;N/A;N/A;N/A;N/A;N/A;N/A;N/A;N/A;N/A;N/A;N/A;N/A;N/A;N/A;N/A;N/A;N/A;N/A;N/A;N/A;N/A;N/A;N/A;N/A;N/A;N/A;N/A;N/A;N/A;N/A;N/A;N/A;N/A;N/A;N/A;N/A;N/A;N/A;N/A;N/A;N/A;N/A;N/A;N/A;N/A;;0;442.6;0;0;;Disabled;TempStop;1;740;486.5;0;0;0;599.9;549.9;Enabled;PosOk;1;20;0;0;0;0;15;Disabled;0;0;0;0;0;0;0;0;0;0;0;0;0;0;0;0;0;0;0;0;0;0;0;0;0;0;0;0;0;0;0;0;0;0;0;0;0;0;0;0;0;0;0;0;0;0;0;0;0;0;0;0;0;0;0;0;0;0;0;0;0;0;0;0;0;0;0;0;0;0;30;23;20;45;30;23;20;45;30;32;20;45;30;30;20;45;100;0;80;300;100;0;80;300;100;266;80;300;100;266;80;300;30;33;20;45;30;30;20;45;30;26;20;45;30;28;20;45;100;237;80;300;100;235;80;300;100;0;80;300;100;0;80;300;4;2;0.4;6;4;5;0.4;6;4;2;0.4;6;4;5;0.4;6;4;2;0.4;6;4;5;0.4;6;4;2;0.4;6;4;6;0.4;6;NOK;NOK;OK;4500;4596;4250;4800;OK;7.64;0;8;12;NOK;N/A;1.9;N/A;N/A;N/A;10;13.8;7;17;OK;;0;0;0;-;Disabled;TempOk;1;230;190.6;0;0;0;349.9;440474000 audi 597g-598h;440474000 audi 597g-598h;440474000 audi 597g-598h
20260331_04:13:53;25942;2;1;965;962.7;915;1015;OK;965;948.3;915;1015;OK;943.5;945.8;-15;-36.1;-50;-20;OK;-15;-18.5;-50;-20;NOK;-19.3;-18.9;0;-15;-35.9;-50;-20;OK;355;371;355;600;OK;0;0;N/A;N/A;N/A;N/A;N/A;N/A;N/A;N/A;N/A;N/A;N/A;N/A;N/A;N/A;N/A;N/A;N/A;N/A;N/A;N/A;N/A;N/A;N/A;N/A;N/A;N/A;N/A;N/A;N/A;N/A;N/A;N/A;N/A;N/A;N/A;N/A;N/A;N/A;N/A;N/A;N/A;N/A;N/A;N/A;N/A;N/A;N/A;N/A;N/A;N/A;N/A;N/A;N/A;N/A;N/A;N/A;N/A;N/A;N/A;N/A;N/A;N/A;N/A;N/A;N/A;N/A;N/A;N/A;N/A;N/A;N/A;N/A;N/A;N/A;N/A;N/A;N/A;N/A;N/A;N/A;N/A;N/A;N/A;N/A;N/A;N/A;N/A;N/A;N/A;N/A;N/A;N/A;N/A;N/A;N/A;N/A;N/A;N/A;;0;440.4;0;0;;Disabled;TempStop;1;740;484.9;0;0;0;599.9;549.9;Enabled;PosOk;1;20;0;0;0;0;15;Disabled;0;0;0;0;0;0;0;0;0;0;0;0;0;0;0;0;0;0;0;0;0;0;0;0;0;0;0;0;0;0;0;0;0;0;0;0;0;0;0;0;0;0;0;0;0;0;0;0;0;0;0;0;0;0;0;0;0;0;0;0;0;0;0;0;0;0;0;0;0;0;30;23;20;45;30;23;20;45;30;30;20;45;30;30;20;45;100;0;80;300;100;0;80;300;100;265;80;300;100;265;80;300;30;31;20;45;30;30;20;45;30;26;20;45;30;28;20;45;100;236;80;300;100;235;80;300;100;0;80;300;100;0;80;300;4;2;0.4;6;4;5;0.4;6;4;2;0.4;6;4;5;0.4;6;4;2;0.4;6;4;5;0.4;6;4;2;0.4;6;4;6;0.4;6;NOK;NOK;OK;4500;4596;4250;4800;OK;7.64;0;8;12;NOK;N/A;1.9;N/A;N/A;N/A;10;12.8;7;17;OK;;0;0;0;-;Disabled;TempOk;1;230;163.5;0;0;0;349.9;440474000 audi 597g-598h;440474000 audi 597g-598h;440474000 audi 597g-598h
20260331_04:14:16;25941;1;1;965;959.1;915;1015;OK;965;941.4;915;1015;OK;939.8;942.4;-15;-14.7;-50;-20;NOK;-15;-13.8;-50;-20;NOK;-16.5;-16.3;0;-15;-14.7;-50;-20;NOK;355;401;355;600;OK;0;0;N/A;N/A;N/A;N/A;N/A;N/A;N/A;N/A;N/A;N/A;N/A;N/A;N/A;N/A;N/A;N/A;N/A;N/A;N/A;N/A;N/A;N/A;N/A;N/A;N/A;N/A;N/A;N/A;N/A;N/A;N/A;N/A;N/A;N/A;N/A;N/A;N/A;N/A;N/A;N/A;N/A;N/A;N/A;N/A;N/A;N/A;N/A;N/A;N/A;N/A;N/A;N/A;N/A;N/A;N/A;N/A;N/A;N/A;N/A;N/A;N/A;N/A;N/A;N/A;N/A;N/A;N/A;N/A;N/A;N/A;N/A;N/A;N/A;N/A;N/A;N/A;N/A;N/A;N/A;N/A;N/A;N/A;N/A;N/A;N/A;N/A;N/A;N/A;N/A;N/A;N/A;N/A;N/A;N/A;N/A;N/A;N/A;N/A;;0;443.5;0;0;;Disabled;TempStop;1;740;489.1;0;0;0;599.9;549.9;Enabled;PosOk;1;20;0;0;0;0;15;Disabled;0;0;0;0;0;0;0;0;0;0;0;0;0;0;0;0;0;0;0;0;0;0;0;0;0;0;0;0;0;0;0;0;0;0;0;0;0;0;0;0;0;0;0;0;0;0;0;0;0;0;0;0;0;0;0;0;0;0;0;0;0;0;0;0;0;0;0;0;0;0;30;23;20;45;30;23;20;45;30;31;20;45;30;30;20;45;100;0;80;300;100;0;80;300;100;266;80;300;100;265;80;300;30;32;20;45;30;30;20;45;30;26;20;45;30;28;20;45;100;237;80;300;100;235;80;300;100;0;80;300;100;0;80;300;4;2;0.4;6;4;5;0.4;6;4;2;0.4;6;4;5;0.4;6;4;2;0.4;6;4;6;0.4;6;4;2;0.4;6;4;5;0.4;6;NOK;NOK;OK;4500;4609;4250;4800;OK;7.64;0;8;12;NOK;N/A;1.9;N/A;N/A;N/A;10;13.9;7;17;OK;;0;0;0;-;Disabled;TempOk;1;230;187;0;0;0;349.9;440474000 audi 597g-598h;440474000 audi 597g-598h;440474000 audi 597g-598h
20260331_04:14:40;25945;4;1;965;963.2;915;1015;OK;965;973.7;915;1015;OK;977.5;977.1;-15;-16.3;-50;-5;OK;-15;-12.4;-50;-5;OK;-14.6;-13.2;0;-15;-16.2;-50;-5;OK;355;373;355;600;OK;180.43;180.94;N/A;N/A;N/A;N/A;N/A;N/A;N/A;N/A;N/A;N/A;N/A;N/A;N/A;N/A;N/A;N/A;N/A;N/A;N/A;N/A;N/A;N/A;N/A;N/A;N/A;N/A;N/A;N/A;N/A;N/A;N/A;N/A;N/A;N/A;N/A;N/A;N/A;N/A;N/A;N/A;N/A;N/A;N/A;N/A;N/A;N/A;N/A;N/A;N/A;N/A;N/A;N/A;N/A;N/A;N/A;N/A;N/A;N/A;N/A;N/A;N/A;N/A;N/A;N/A;N/A;N/A;N/A;N/A;N/A;N/A;N/A;N/A;N/A;N/A;N/A;N/A;N/A;N/A;N/A;N/A;N/A;N/A;N/A;N/A;N/A;N/A;N/A;N/A;N/A;N/A;N/A;N/A;N/A;N/A;N/A;N/A;N/A;N/A;;0;445.3;0;0;;Disabled;TempStop;1;740;488.4;0;0;0;599.9;549.9;Enabled;PosOk;1;20;0;0;0;0;15;Disabled;0;0;0;0;0;0;0;0;0;0;0;0;0;0;0;0;0;0;0;0;0;0;0;0;0;0;0;0;0;0;0;0;0;0;0;0;0;0;0;0;0;0;0;0;0;0;0;0;0;0;0;0;0;0;0;0;0;0;0;0;0;0;0;0;0;0;0;0;0;0;30;23;20;45;30;23;20;45;30;31;20;45;30;30;20;45;100;0;80;300;100;0;80;300;100;266;80;300;100;266;80;300;30;32;20;45;30;30;20;45;30;26;20;45;30;28;20;45;100;238;80;300;100;235;80;300;100;0;80;300;100;0;80;300;4;2;0.4;6;4;6;0.4;6;4;2;0.4;6;4;5;0.4;6;4;2;0.4;6;4;6;0.4;6;4;2;0.4;6;4;5;0.4;6;NOK;NOK;OK;4500;4618;4250;4800;OK;7.64;0;8;12;NOK;N/A;1.9;N/A;N/A;N/A;10;13.5;7;17;OK;;0;0;0;-;Disabled;TempOk;1;230;186.5;0;0;0;349.9;440474000 audi 597g-598h;440474000 audi 597g-598h;440474000 audi 597g-598h
20260331_04:15:04;25944;1;2;965;947.5;915;1015;OK;965;941.8;915;1015;OK;935;938.2;-15;-16.1;-50;-20;NOK;-15;-16.6;-50;-20;NOK;-17.5;-17.5;0;-15;-16;-50;-20;NOK;355;402;355;600;OK;0;0;N/A;N/A;N/A;N/A;N/A;N/A;N/A;N/A;N/A;N/A;N/A;N/A;N/A;N/A;N/A;N/A;N/A;N/A;N/A;N/A;N/A;N/A;N/A;N/A;N/A;N/A;N/A;N/A;N/A;N/A;N/A;N/A;N/A;N/A;N/A;N/A;N/A;N/A;N/A;N/A;N/A;N/A;N/A;N/A;N/A;N/A;N/A;N/A;N/A;N/A;N/A;N/A;N/A;N/A;N/A;N/A;N/A;N/A;N/A;N/A;N/A;N/A;N/A;N/A;N/A;N/A;N/A;N/A;N/A;N/A;N/A;N/A;N/A;N/A;N/A;N/A;N/A;N/A;N/A;N/A;N/A;N/A;N/A;N/A;N/A;N/A;N/A;N/A;N/A;N/A;N/A;N/A;N/A;N/A;N/A;N/A;N/A;N/A;;0;439.7;0;0;;Disabled;TempStop;1;740;484.7;0;0;0;599.9;549.9;Enabled;PosOk;1;20;0;0;0;0;15;Disabled;0;0;0;0;0;0;0;0;0;0;0;0;0;0;0;0;0;0;0;0;0;0;0;0;0;0;0;0;0;0;0;0;0;0;0;0;0;0;0;0;0;0;0;0;0;0;0;0;0;0;0;0;0;0;0;0;0;0;0;0;0;0;0;0;0;0;0;0;0;0;30;23;20;45;30;23;20;45;30;31;20;45;30;30;20;45;100;0;80;300;100;0;80;300;100;266;80;300;100;266;80;300;30;33;20;45;30;30;20;45;30;26;20;45;30;28;20;45;100;237;80;300;100;235;80;300;100;0;80;300;100;0;80;300;4;2;0.4;6;4;5;0.4;6;4;2;0.4;6;4;5;0.4;6;4;2;0.4;6;4;5;0.4;6;4;2;0.4;6;4;5;0.4;6;NOK;NOK;OK;4500;4613;4250;4800;OK;7.64;0;8;12;NOK;N/A;1.9;N/A;N/A;N/A;10;14;7;17;OK;;0;0;0;-;Disabled;TempOk;1;230;191.4;0;0;0;349.9;440474000 audi 597g-598h;440474000 audi 597g-598h;440474000 audi 597g-598h
20260331_04:15:28;25947;2;2;965;962.5;915;1015;OK;965;966.3;915;1015;OK;965.2;966.4;-15;-51.4;-50;-20;OK;-15;-23.2;-50;-20;OK;-24.7;-24.1;0;-15;-51;-50;-20;OK;355;374;355;600;OK;0;0;N/A;N/A;N/A;N/A;N/A;N/A;N/A;N/A;N/A;N/A;N/A;N/A;N/A;N/A;N/A;N/A;N/A;N/A;N/A;N/A;N/A;N/A;N/A;N/A;N/A;N/A;N/A;N/A;N/A;N/A;N/A;N/A;N/A;N/A;N/A;N/A;N/A;N/A;N/A;N/A;N/A;N/A;N/A;N/A;N/A;N/A;N/A;N/A;N/A;N/A;N/A;N/A;N/A;N/A;N/A;N/A;N/A;N/A;N/A;N/A;N/A;N/A;N/A;N/A;N/A;N/A;N/A;N/A;N/A;N/A;N/A;N/A;N/A;N/A;N/A;N/A;N/A;N/A;N/A;N/A;N/A;N/A;N/A;N/A;N/A;N/A;N/A;N/A;N/A;N/A;N/A;N/A;N/A;N/A;N/A;N/A;N/A;N/A;;0;449.3;0;0;;Disabled;TempStop;1;740;491.4;0;0;0;599.9;549.9;Enabled;PosOk;1;20;0;0;0;0;15;Disabled;0;0;0;0;0;0;0;0;0;0;0;0;0;0;0;0;0;0;0;0;0;0;0;0;0;0;0;0;0;0;0;0;0;0;0;0;0;0;0;0;0;0;0;0;0;0;0;0;0;0;0;0;0;0;0;0;0;0;0;0;0;0;0;0;0;0;0;0;0;0;30;23;20;45;30;23;20;45;30;32;20;45;30;30;20;45;100;0;80;300;100;0;80;300;100;266;80;300;100;266;80;300;30;33;20;45;30;30;20;45;30;26;20;45;30;28;20;45;100;237;80;300;100;235;80;300;100;0;80;300;100;0;80;300;4;2;0.4;6;4;5;0.4;6;4;2;0.4;6;4;5;0.4;6;4;2;0.4;6;4;5;0.4;6;4;2;0.4;6;4;5;0.4;6;NOK;NOK;OK;4500;4616;4250;4800;OK;7.65;0;8;12;NOK;N/A;1.9;N/A;N/A;N/A;10;12.9;7;17;OK;;0;0;0;-;Disabled;TempOk;1;230;194.4;0;0;0;349.9;440474000 audi 597g-598h;440474000 audi 597g-598h;440474000 audi 597g-598h
20260331_04:15:51;25946;3;2;965;960.7;915;1015;OK;965;963.6;915;1015;OK;962.9;963.3;-15;-28;-50;-20;OK;-15;-18.4;-50;-20;NOK;-19.7;-19.6;0;-15;-27.6;-50;-20;OK;355;404;355;600;OK;0;0;N/A;N/A;N/A;N/A;N/A;N/A;N/A;N/A;N/A;N/A;N/A;N/A;N/A;N/A;N/A;N/A;N/A;N/A;N/A;N/A;N/A;N/A;N/A;N/A;N/A;N/A;N/A;N/A;N/A;N/A;N/A;N/A;N/A;N/A;N/A;N/A;N/A;N/A;N/A;N/A;N/A;N/A;N/A;N/A;N/A;N/A;N/A;N/A;N/A;N/A;N/A;N/A;N/A;N/A;N/A;N/A;N/A;N/A;N/A;N/A;N/A;N/A;N/A;N/A;N/A;N/A;N/A;N/A;N/A;N/A;N/A;N/A;N/A;N/A;N/A;N/A;N/A;N/A;N/A;N/A;N/A;N/A;N/A;N/A;N/A;N/A;N/A;N/A;N/A;N/A;N/A;N/A;N/A;N/A;N/A;N/A;N/A;N/A;;0;441.3;0;0;;Disabled;TempStop;1;740;485.8;0;0;0;599.9;549.9;Enabled;PosOk;1;20;0;0;0;0;15;Disabled;0;0;0;0;0;0;0;0;0;0;0;0;0;0;0;0;0;0;0;0;0;0;0;0;0;0;0;0;0;0;0;0;0;0;0;0;0;0;0;0;0;0;0;0;0;0;0;0;0;0;0;0;0;0;0;0;0;0;0;0;0;0;0;0;0;0;0;0;0;0;30;23;20;45;30;23;20;45;30;32;20;45;30;30;20;45;100;0;80;300;100;0;80;300;100;266;80;300;100;266;80;300;30;33;20;45;30;30;20;45;30;26;20;45;30;28;20;45;100;237;80;300;100;235;80;300;100;0;80;300;100;0;80;300;4;2;0.4;6;4;6;0.4;6;4;2;0.4;6;4;5;0.4;6;4;2;0.4;6;4;6;0.4;6;4;2;0.4;6;4;5;0.4;6;NOK;NOK;OK;4500;4611;4250;4800;OK;7.64;0;8;12;NOK;N/A;1.9;N/A;N/A;N/A;10;14.1;7;17;OK;;0;0;0;-;Disabled;TempOk;1;230;197.3;0;0;0;349.9;440474000 audi 597g-598h;440474000 audi 597g-598h;440474000 audi 597g-598h
20260331_04:16:15;25949;4;2;965;972.9;915;1015;OK;965;980.6;915;1015;OK;983;981.8;-15;-14.7;-50;-5;OK;-15;-13.6;-50;-5;OK;-15.9;-15.4;0;-15;-14.6;-50;-5;OK;355;375;355;600;OK;180.57;181.09;N/A;N/A;N/A;N/A;N/A;N/A;N/A;N/A;N/A;N/A;N/A;N/A;N/A;N/A;N/A;N/A;N/A;N/A;N/A;N/A;N/A;N/A;N/A;N/A;N/A;N/A;N/A;N/A;N/A;N/A;N/A;N/A;N/A;N/A;N/A;N/A;N/A;N/A;N/A;N/A;N/A;N/A;N/A;N/A;N/A;N/A;N/A;N/A;N/A;N/A;N/A;N/A;N/A;N/A;N/A;N/A;N/A;N/A;N/A;N/A;N/A;N/A;N/A;N/A;N/A;N/A;N/A;N/A;N/A;N/A;N/A;N/A;N/A;N/A;N/A;N/A;N/A;N/A;N/A;N/A;N/A;N/A;N/A;N/A;N/A;N/A;N/A;N/A;N/A;N/A;N/A;N/A;N/A;N/A;N/A;N/A;N/A;N/A;;0;448.9;0;0;;Disabled;TempStop;1;740;493.3;0;0;0;599.9;549.9;Enabled;PosOk;1;20;0;0;0;0;15;Disabled;0;0;0;0;0;0;0;0;0;0;0;0;0;0;0;0;0;0;0;0;0;0;0;0;0;0;0;0;0;0;0;0;0;0;0;0;0;0;0;0;0;0;0;0;0;0;0;0;0;0;0;0;0;0;0;0;0;0;0;0;0;0;0;0;0;0;0;0;0;0;30;23;20;45;30;23;20;45;30;32;20;45;30;30;20;45;100;1;80;300;100;0;80;300;100;266;80;300;100;266;80;300;30;33;20;45;30;30;20;45;30;26;20;45;30;28;20;45;100;237;80;300;100;235;80;300;100;0;80;300;100;1;80;300;4;2;0.4;6;4;5;0.4;6;4;2;0.4;6;4;5;0.4;6;4;2;0.4;6;4;6;0.4;6;4;2;0.4;6;4;6;0.4;6;NOK;NOK;OK;4500;4614;4250;4800;OK;7.64;0;8;12;NOK;N/A;1.9;N/A;N/A;N/A;10;12.8;7;17;OK;;0;0;0;-;Disabled;TempOk;1;230;192.8;0;0;0;349.9;440474000 audi 597g-598h;440474000 audi 597g-598h;440474000 audi 597g-598h
20260331_04:16:39;25948;1;3;965;961.6;915;1015;OK;965;966.1;915;1015;OK;968.2;967.3;-15;-13.7;-50;-20;NOK;-15;-14;-50;-20;NOK;-19.2;-18.9;0;-15;-13.7;-50;-20;NOK;355;404;355;600;OK;0;0;N/A;N/A;N/A;N/A;N/A;N/A;N/A;N/A;N/A;N/A;N/A;N/A;N/A;N/A;N/A;N/A;N/A;N/A;N/A;N/A;N/A;N/A;N/A;N/A;N/A;N/A;N/A;N/A;N/A;N/A;N/A;N/A;N/A;N/A;N/A;N/A;N/A;N/A;N/A;N/A;N/A;N/A;N/A;N/A;N/A;N/A;N/A;N/A;N/A;N/A;N/A;N/A;N/A;N/A;N/A;N/A;N/A;N/A;N/A;N/A;N/A;N/A;N/A;N/A;N/A;N/A;N/A;N/A;N/A;N/A;N/A;N/A;N/A;N/A;N/A;N/A;N/A;N/A;N/A;N/A;N/A;N/A;N/A;N/A;N/A;N/A;N/A;N/A;N/A;N/A;N/A;N/A;N/A;N/A;N/A;N/A;N/A;N/A;;0;443.6;0;0;;Disabled;TempStop;1;740;489.9;0;0;0;599.9;549.9;Enabled;PosOk;1;20;0;0;0;0;15;Disabled;0;0;0;0;0;0;0;0;0;0;0;0;0;0;0;0;0;0;0;0;0;0;0;0;0;0;0;0;0;0;0;0;0;0;0;0;0;0;0;0;0;0;0;0;0;0;0;0;0;0;0;0;0;0;0;0;0;0;0;0;0;0;0;0;0;0;0;0;0;0;30;23;20;45;30;23;20;45;30;32;20;45;30;30;20;45;100;0;80;300;100;0;80;300;100;266;80;300;100;266;80;300;30;33;20;45;30;30;20;45;30;26;20;45;30;28;20;45;100;237;80;300;100;235;80;300;100;0;80;300;100;0;80;300;4;2;0.4;6;4;5;0.4;6;4;2;0.4;6;4;5;0.4;6;4;2;0.4;6;4;5;0.4;6;4;2;0.4;6;4;5;0.4;6;NOK;NOK;OK;4500;4610;4250;4800;OK;7.64;0;8;12;NOK;N/A;1.9;N/A;N/A;N/A;10;14.1;7;17;OK;;0;0;0;-;Disabled;TempOk;1;230;195.1;0;0;0;349.9;440474000 audi 597g-598h;440474000 audi 597g-598h;440474000 audi 597g-598h
20260331_04:17:03;25951;4;3;965;964.5;915;1015;OK;965;976;915;1015;OK;979.7;978.7;-15;-18.3;-50;-5;OK;-15;-16.8;-50;-5;OK;-18;-17.6;0;-15;-18.2;-50;-5;OK;355;376;355;600;OK;180.65;181.18;N/A;N/A;N/A;N/A;N/A;N/A;N/A;N/A;N/A;N/A;N/A;N/A;N/A;N/A;N/A;N/A;N/A;N/A;N/A;N/A;N/A;N/A;N/A;N/A;N/A;N/A;N/A;N/A;N/A;N/A;N/A;N/A;N/A;N/A;N/A;N/A;N/A;N/A;N/A;N/A;N/A;N/A;N/A;N/A;N/A;N/A;N/A;N/A;N/A;N/A;N/A;N/A;N/A;N/A;N/A;N/A;N/A;N/A;N/A;N/A;N/A;N/A;N/A;N/A;N/A;N/A;N/A;N/A;N/A;N/A;N/A;N/A;N/A;N/A;N/A;N/A;N/A;N/A;N/A;N/A;N/A;N/A;N/A;N/A;N/A;N/A;N/A;N/A;N/A;N/A;N/A;N/A;N/A;N/A;N/A;N/A;N/A;N/A;;0;450.8;0;0;;Disabled;TempStop;1;740;497.9;0;0;0;599.9;549.9;Enabled;PosOk;1;20;0;0;0;0;15;Disabled;0;0;0;0;0;0;0;0;0;0;0;0;0;0;0;0;0;0;0;0;0;0;0;0;0;0;0;0;0;0;0;0;0;0;0;0;0;0;0;0;0;0;0;0;0;0;0;0;0;0;0;0;0;0;0;0;0;0;0;0;0;0;0;0;0;0;0;0;0;0;30;23;20;45;30;23;20;45;30;32;20;45;30;30;20;45;100;0;80;300;100;0;80;300;100;266;80;300;100;265;80;300;30;33;20;45;30;30;20;45;30;26;20;45;30;28;20;45;100;237;80;300;100;235;80;300;100;0;80;300;100;0;80;300;4;2;0.4;6;4;5;0.4;6;4;2;0.4;6;4;5;0.4;6;4;2;0.4;6;4;5;0.4;6;4;2;0.4;6;4;6;0.4;6;NOK;NOK;OK;4500;4611;4250;4800;OK;7.64;0;8;12;NOK;N/A;1.9;N/A;N/A;N/A;10;13;7;17;OK;;0;0;0;-;Disabled;TempOk;1;230;194.1;0;0;0;349.9;440474000 audi 597g-598h;440474000 audi 597g-598h;440474000 audi 597g-598h
20260331_04:17:27;25950;3;3;965;964.1;915;1015;OK;965;969.7;915;1015;OK;969.6;968.4;-15;-27.5;-50;-20;OK;-15;-18.3;-50;-20;NOK;-19.8;-19.7;0;-15;-27;-50;-20;OK;355;406;355;600;OK;0;0;N/A;N/A;N/A;N/A;N/A;N/A;N/A;N/A;N/A;N/A;N/A;N/A;N/A;N/A;N/A;N/A;N/A;N/A;N/A;N/A;N/A;N/A;N/A;N/A;N/A;N/A;N/A;N/A;N/A;N/A;N/A;N/A;N/A;N/A;N/A;N/A;N/A;N/A;N/A;N/A;N/A;N/A;N/A;N/A;N/A;N/A;N/A;N/A;N/A;N/A;N/A;N/A;N/A;N/A;N/A;N/A;N/A;N/A;N/A;N/A;N/A;N/A;N/A;N/A;N/A;N/A;N/A;N/A;N/A;N/A;N/A;N/A;N/A;N/A;N/A;N/A;N/A;N/A;N/A;N/A;N/A;N/A;N/A;N/A;N/A;N/A;N/A;N/A;N/A;N/A;N/A;N/A;N/A;N/A;N/A;N/A;N/A;N/A;;0;444.2;0;0;;Disabled;TempStop;1;740;489.8;0;0;0;599.9;549.9;Enabled;PosOk;1;20;0;0;0;0;15;Disabled;0;0;0;0;0;0;0;0;0;0;0;0;0;0;0;0;0;0;0;0;0;0;0;0;0;0;0;0;0;0;0;0;0;0;0;0;0;0;0;0;0;0;0;0;0;0;0;0;0;0;0;0;0;0;0;0;0;0;0;0;0;0;0;0;0;0;0;0;0;0;30;23;20;45;30;23;20;45;30;32;20;45;30;30;20;45;100;0;80;300;100;0;80;300;100;267;80;300;100;267;80;300;30;33;20;45;30;30;20;45;30;26;20;45;30;28;20;45;100;238;80;300;100;236;80;300;100;0;80;300;100;0;80;300;4;2;0.4;6;4;5;0.4;6;4;2;0.4;6;4;5;0.4;6;4;2;0.4;6;4;6;0.4;6;4;2;0.4;6;4;5;0.4;6;NOK;NOK;OK;4500;4615;4250;4800;OK;7.64;0;8;12;NOK;N/A;1.9;N/A;N/A;N/A;10;13.8;7;17;OK;;0;0;0;-;Disabled;TempOk;1;230;193.6;0;0;0;349.9;440474000 audi 597g-598h;440474000 audi 597g-598h;440474000 audi 597g-598h
20260331_04:17:50;25953;2;4;965;961.8;915;1015;OK;965;966.5;915;1015;OK;967.3;966.5;-15;-55.8;-50;-20;OK;-15;-27.7;-50;-20;OK;-31.7;-29.9;0;-15;-55.8;-50;-20;OK;355;377;355;600;OK;0;0;N/A;N/A;N/A;N/A;N/A;N/A;N/A;N/A;N/A;N/A;N/A;N/A;N/A;N/A;N/A;N/A;N/A;N/A;N/A;N/A;N/A;N/A;N/A;N/A;N/A;N/A;N/A;N/A;N/A;N/A;N/A;N/A;N/A;N/A;N/A;N/A;N/A;N/A;N/A;N/A;N/A;N/A;N/A;N/A;N/A;N/A;N/A;N/A;N/A;N/A;N/A;N/A;N/A;N/A;N/A;N/A;N/A;N/A;N/A;N/A;N/A;N/A;N/A;N/A;N/A;N/A;N/A;N/A;N/A;N/A;N/A;N/A;N/A;N/A;N/A;N/A;N/A;N/A;N/A;N/A;N/A;N/A;N/A;N/A;N/A;N/A;N/A;N/A;N/A;N/A;N/A;N/A;N/A;N/A;N/A;N/A;N/A;N/A;;0;450.9;0;0;;Disabled;TempStop;1;740;496.6;0;0;0;599.9;549.9;Enabled;PosOk;1;20;0;0;0;0;15;Disabled;0;0;0;0;0;0;0;0;0;0;0;0;0;0;0;0;0;0;0;0;0;0;0;0;0;0;0;0;0;0;0;0;0;0;0;0;0;0;0;0;0;0;0;0;0;0;0;0;0;0;0;0;0;0;0;0;0;0;0;0;0;0;0;0;0;0;0;0;0;0;30;23;20;45;30;23;20;45;30;32;20;45;30;30;20;45;100;0;80;300;100;0;80;300;100;266;80;300;100;266;80;300;30;33;20;45;30;30;20;45;30;26;20;45;30;28;20;45;100;237;80;300;100;235;80;300;100;0;80;300;100;0;80;300;4;2;0.4;6;4;6;0.4;6;4;2;0.4;6;4;5;0.4;6;4;2;0.4;6;4;6;0.4;6;4;2;0.4;6;4;6;0.4;6;NOK;NOK;OK;4500;4614;4250;4800;OK;7.64;0;8;12;NOK;N/A;1.9;N/A;N/A;N/A;10;12.8;7;17;OK;;0;0;0;-;Disabled;TempOk;1;230;189.9;0;0;0;349.9;440474000 audi 597g-598h;440474000 audi 597g-598h;440474000 audi 597g-598h
20260331_04:18:14;25952;1;4;965;961.5;915;1015;OK;965;965.6;915;1015;OK;966.5;965.4;-15;-13.1;-50;-20;NOK;-15;-13.4;-50;-20;NOK;-17.5;-16.4;0;-15;-13.1;-50;-20;NOK;355;406;355;600;OK;0;0;N/A;N/A;N/A;N/A;N/A;N/A;N/A;N/A;N/A;N/A;N/A;N/A;N/A;N/A;N/A;N/A;N/A;N/A;N/A;N/A;N/A;N/A;N/A;N/A;N/A;N/A;N/A;N/A;N/A;N/A;N/A;N/A;N/A;N/A;N/A;N/A;N/A;N/A;N/A;N/A;N/A;N/A;N/A;N/A;N/A;N/A;N/A;N/A;N/A;N/A;N/A;N/A;N/A;N/A;N/A;N/A;N/A;N/A;N/A;N/A;N/A;N/A;N/A;N/A;N/A;N/A;N/A;N/A;N/A;N/A;N/A;N/A;N/A;N/A;N/A;N/A;N/A;N/A;N/A;N/A;N/A;N/A;N/A;N/A;N/A;N/A;N/A;N/A;N/A;N/A;N/A;N/A;N/A;N/A;N/A;N/A;N/A;N/A;;0;444;0;0;;Disabled;TempStop;1;740;490.7;0;0;0;599.9;549.9;Enabled;PosOk;1;20;0;0;0;0;15;Disabled;0;0;0;0;0;0;0;0;0;0;0;0;0;0;0;0;0;0;0;0;0;0;0;0;0;0;0;0;0;0;0;0;0;0;0;0;0;0;0;0;0;0;0;0;0;0;0;0;0;0;0;0;0;0;0;0;0;0;0;0;0;0;0;0;0;0;0;0;0;0;30;23;20;45;30;23;20;45;30;32;20;45;30;30;20;45;100;0;80;300;100;0;80;300;100;267;80;300;100;266;80;300;30;33;20;45;30;30;20;45;30;26;20;45;30;27;20;45;100;237;80;300;100;235;80;300;100;0;80;300;100;0;80;300;4;2;0.4;6;4;5;0.4;6;4;2;0.4;6;4;5;0.4;6;4;2;0.4;6;4;6;0.4;6;4;2;0.4;6;4;6;0.4;6;NOK;NOK;OK;4500;4609;4250;4800;OK;7.64;0;8;12;NOK;N/A;1.9;N/A;N/A;N/A;10;14;7;17;OK;;0;0;0;-;Disabled;TempOk;1;230;198.8;0;0;0;349.9;440474000 audi 597g-598h;440474000 audi 597g-598h;440474000 audi 597g-598h
20260331_04:18:38;25955;4;4;965;960.4;915;1015;OK;965;972.7;915;1015;OK;973.3;974;-15;-19.1;-50;-5;OK;-15;-18.6;-50;-5;OK;-22.8;-22.1;0;-15;-19.2;-50;-5;OK;355;378;355;600;OK;180.8;181.35;N/A;N/A;N/A;N/A;N/A;N/A;N/A;N/A;N/A;N/A;N/A;N/A;N/A;N/A;N/A;N/A;N/A;N/A;N/A;N/A;N/A;N/A;N/A;N/A;N/A;N/A;N/A;N/A;N/A;N/A;N/A;N/A;N/A;N/A;N/A;N/A;N/A;N/A;N/A;N/A;N/A;N/A;N/A;N/A;N/A;N/A;N/A;N/A;N/A;N/A;N/A;N/A;N/A;N/A;N/A;N/A;N/A;N/A;N/A;N/A;N/A;N/A;N/A;N/A;N/A;N/A;N/A;N/A;N/A;N/A;N/A;N/A;N/A;N/A;N/A;N/A;N/A;N/A;N/A;N/A;N/A;N/A;N/A;N/A;N/A;N/A;N/A;N/A;N/A;N/A;N/A;N/A;N/A;N/A;N/A;N/A;N/A;N/A;;0;447.2;0;0;;Disabled;TempStop;1;740;491.9;0;0;0;599.9;549.9;Enabled;PosOk;1;20;0;0;0;0;15;Disabled;0;0;0;0;0;0;0;0;0;0;0;0;0;0;0;0;0;0;0;0;0;0;0;0;0;0;0;0;0;0;0;0;0;0;0;0;0;0;0;0;0;0;0;0;0;0;0;0;0;0;0;0;0;0;0;0;0;0;0;0;0;0;0;0;0;0;0;0;0;0;30;23;20;45;30;23;20;45;30;32;20;45;30;30;20;45;100;0;80;300;100;0;80;300;100;266;80;300;100;265;80;300;30;33;20;45;30;30;20;45;30;26;20;45;30;28;20;45;100;237;80;300;100;235;80;300;100;0;80;300;100;0;80;300;4;2;0.4;6;4;6;0.4;6;4;2;0.4;6;4;5;0.4;6;4;2;0.4;6;4;6;0.4;6;4;2;0.4;6;4;6;0.4;6;NOK;NOK;OK;4500;4606;4250;4800;OK;7.64;0;8;12;NOK;N/A;1.9;N/A;N/A;N/A;10;13;7;17;OK;;0;0;0;-;Disabled;TempOk;1;230;195.1;0;0;0;349.9;440474000 audi 597g-598h;440474000 audi 597g-598h;440474000 audi 597g-598h
20260331_04:19:02;25954;3;4;965;961.2;915;1015;OK;965;969.3;915;1015;OK;969.5;968.1;-15;-16.1;-50;-20;NOK;-15;-14.8;-50;-20;NOK;-20;-18.6;0;-15;-16.1;-50;-20;NOK;355;408;355;600;OK;0;0;N/A;N/A;N/A;N/A;N/A;N/A;N/A;N/A;N/A;N/A;N/A;N/A;N/A;N/A;N/A;N/A;N/A;N/A;N/A;N/A;N/A;N/A;N/A;N/A;N/A;N/A;N/A;N/A;N/A;N/A;N/A;N/A;N/A;N/A;N/A;N/A;N/A;N/A;N/A;N/A;N/A;N/A;N/A;N/A;N/A;N/A;N/A;N/A;N/A;N/A;N/A;N/A;N/A;N/A;N/A;N/A;N/A;N/A;N/A;N/A;N/A;N/A;N/A;N/A;N/A;N/A;N/A;N/A;N/A;N/A;N/A;N/A;N/A;N/A;N/A;N/A;N/A;N/A;N/A;N/A;N/A;N/A;N/A;N/A;N/A;N/A;N/A;N/A;N/A;N/A;N/A;N/A;N/A;N/A;N/A;N/A;N/A;N/A;;0;442.2;0;0;;Disabled;TempStop;1;740;484.8;0;0;0;599.9;549.9;Enabled;PosOk;1;20;0;0;0;0;15;Disabled;0;0;0;0;0;0;0;0;0;0;0;0;0;0;0;0;0;0;0;0;0;0;0;0;0;0;0;0;0;0;0;0;0;0;0;0;0;0;0;0;0;0;0;0;0;0;0;0;0;0;0;0;0;0;0;0;0;0;0;0;0;0;0;0;0;0;0;0;0;0;30;23;20;45;30;23;20;45;30;32;20;45;30;30;20;45;100;0;80;300;100;0;80;300;100;266;80;300;100;266;80;300;30;33;20;45;30;30;20;45;30;26;20;45;30;28;20;45;100;237;80;300;100;234;80;300;100;0;80;300;100;0;80;300;4;2;0.4;6;4;5;0.4;6;4;2;0.4;6;4;5;0.4;6;4;2;0.4;6;4;5;0.4;6;4;2;0.4;6;4;6;0.4;6;NOK;NOK;OK;4500;4608;4250;4800;OK;7.64;0;8;12;NOK;N/A;1.9;N/A;N/A;N/A;10;14.2;7;17;OK;;0;0;0;-;Disabled;TempOk;1;230;192.3;0;0;0;349.9;440474000 audi 597g-598h;440474000 audi 597g-598h;440474000 audi 597g-598h
20260331_04:19:25;25957;2;5;965;951.3;915;1015;OK;965;931.9;915;1015;OK;918.6;926.3;-15;-30;-50;-20;OK;-15;-19.4;-50;-20;NOK;-20.4;-19.9;0;-15;-29.7;-50;-20;OK;355;379;355;600;OK;0;0;N/A;N/A;N/A;N/A;N/A;N/A;N/A;N/A;N/A;N/A;N/A;N/A;N/A;N/A;N/A;N/A;N/A;N/A;N/A;N/A;N/A;N/A;N/A;N/A;N/A;N/A;N/A;N/A;N/A;N/A;N/A;N/A;N/A;N/A;N/A;N/A;N/A;N/A;N/A;N/A;N/A;N/A;N/A;N/A;N/A;N/A;N/A;N/A;N/A;N/A;N/A;N/A;N/A;N/A;N/A;N/A;N/A;N/A;N/A;N/A;N/A;N/A;N/A;N/A;N/A;N/A;N/A;N/A;N/A;N/A;N/A;N/A;N/A;N/A;N/A;N/A;N/A;N/A;N/A;N/A;N/A;N/A;N/A;N/A;N/A;N/A;N/A;N/A;N/A;N/A;N/A;N/A;N/A;N/A;N/A;N/A;N/A;N/A;;0;439.6;0;0;;Disabled;TempStop;1;740;485.7;0;0;0;599.9;549.9;Enabled;PosOk;1;20;0;0;0;0;15;Disabled;0;0;0;0;0;0;0;0;0;0;0;0;0;0;0;0;0;0;0;0;0;0;0;0;0;0;0;0;0;0;0;0;0;0;0;0;0;0;0;0;0;0;0;0;0;0;0;0;0;0;0;0;0;0;0;0;0;0;0;0;0;0;0;0;0;0;0;0;0;0;30;23;20;45;30;23;20;45;30;32;20;45;30;30;20;45;100;0;80;300;100;0;80;300;100;266;80;300;100;265;80;300;30;33;20;45;30;30;20;45;30;26;20;45;30;28;20;45;100;237;80;300;100;236;80;300;100;0;80;300;100;0;80;300;4;2;0.4;6;4;5;0.4;6;4;2;0.4;6;4;5;0.4;6;4;2;0.4;6;4;5;0.4;6;4;2;0.4;6;4;6;0.4;6;NOK;NOK;OK;4500;4601;4250;4800;OK;7.64;0;8;12;NOK;N/A;1.9;N/A;N/A;N/A;10;12.8;7;17;OK;;0;0;0;-;Disabled;TempOk;1;230;195;0;0;0;349.9;440474000 audi 597g-598h;440474000 audi 597g-598h;440474000 audi 597g-598h
20260331_04:19:49;25956;3;5;965;963.3;915;1015;OK;965;968.9;915;1015;OK;971.5;971;-15;-20.9;-50;-20;OK;-15;-19.5;-50;-20;NOK;-21.9;-21.7;0;-15;-20.7;-50;-20;OK;355;409;355;600;OK;0;0;N/A;N/A;N/A;N/A;N/A;N/A;N/A;N/A;N/A;N/A;N/A;N/A;N/A;N/A;N/A;N/A;N/A;N/A;N/A;N/A;N/A;N/A;N/A;N/A;N/A;N/A;N/A;N/A;N/A;N/A;N/A;N/A;N/A;N/A;N/A;N/A;N/A;N/A;N/A;N/A;N/A;N/A;N/A;N/A;N/A;N/A;N/A;N/A;N/A;N/A;N/A;N/A;N/A;N/A;N/A;N/A;N/A;N/A;N/A;N/A;N/A;N/A;N/A;N/A;N/A;N/A;N/A;N/A;N/A;N/A;N/A;N/A;N/A;N/A;N/A;N/A;N/A;N/A;N/A;N/A;N/A;N/A;N/A;N/A;N/A;N/A;N/A;N/A;N/A;N/A;N/A;N/A;N/A;N/A;N/A;N/A;N/A;N/A;;0;445.6;0;0;;Disabled;TempStop;1;740;490.4;0;0;0;599.9;549.9;Enabled;PosOk;1;20;0;0;0;0;15;Disabled;0;0;0;0;0;0;0;0;0;0;0;0;0;0;0;0;0;0;0;0;0;0;0;0;0;0;0;0;0;0;0;0;0;0;0;0;0;0;0;0;0;0;0;0;0;0;0;0;0;0;0;0;0;0;0;0;0;0;0;0;0;0;0;0;0;0;0;0;0;0;30;23;20;45;30;23;20;45;30;32;20;45;30;30;20;45;100;0;80;300;100;0;80;300;100;266;80;300;100;267;80;300;30;33;20;45;30;30;20;45;30;26;20;45;30;28;20;45;100;237;80;300;100;235;80;300;100;0;80;300;100;0;80;300;4;2;0.4;6;4;5;0.4;6;4;2;0.4;6;4;5;0.4;6;4;2;0.4;6;4;6;0.4;6;4;2;0.4;6;4;6;0.4;6;NOK;NOK;OK;4500;4612;4250;4800;OK;7.64;0;8;12;NOK;N/A;1.9;N/A;N/A;N/A;10;13.9;7;17;OK;;0;0;0;-;Disabled;TempOk;1;230;193.4;0;0;0;349.9;440474000 audi 597g-598h;440474000 audi 597g-598h;440474000 audi 597g-598h
20260331_04:20:58;0;0;0;0;0;0;0;;0;0;0;0;;0;0;0;0;0;0;;0;0;0;0;;0;0;0;0;0;0;0;;0;0;0;0;;0;0;N/A;N/A;N/A;N/A;N/A;N/A;N/A;N/A;N/A;N/A;N/A;N/A;N/A;N/A;N/A;N/A;N/A;N/A;N/A;N/A;N/A;N/A;N/A;N/A;N/A;N/A;N/A;N/A;N/A;N/A;N/A;N/A;N/A;N/A;N/A;N/A;N/A;N/A;N/A;N/A;N/A;N/A;N/A;N/A;N/A;N/A;N/A;N/A;N/A;N/A;N/A;N/A;N/A;N/A;N/A;N/A;N/A;N/A;N/A;N/A;N/A;N/A;N/A;N/A;N/A;N/A;N/A;N/A;N/A;N/A;N/A;N/A;N/A;N/A;N/A;N/A;N/A;N/A;N/A;N/A;N/A;N/A;N/A;N/A;N/A;N/A;N/A;N/A;N/A;N/A;N/A;N/A;N/A;N/A;N/A;N/A;N/A;N/A;;0;0;0;0;;-;;0;0;0;0;0;0;0;0;-;;0;0;0;0;0;0;0;-;0;0;0;0;0;0;0;0;0;0;0;0;0;0;0;0;0;0;0;0;0;0;0;0;0;0;0;0;0;0;0;0;0;0;0;0;0;0;0;0;0;0;0;0;0;0;0;0;0;0;0;0;0;0;0;0;0;0;0;0;0;0;0;0;0;0;0;0;0;0;30;23;20;45;30;23;20;45;30;32;20;45;30;30;20;45;100;0;80;300;100;0;80;300;100;267;80;300;100;265;80;300;30;33;20;45;30;30;20;45;30;26;20;45;30;28;20;45;100;237;80;300;100;235;80;300;100;0;80;300;100;0;80;300;4;2;0.4;6;4;5;0.4;6;4;2;0.4;6;4;5;0.4;6;4;2;0.4;6;4;5;0.4;6;4;2;0.4;6;4;6;0.4;6;NOK;NOK;OK;4500;4608;4250;4800;OK;7.64;0;8;12;NOK;N/A;1.9;N/A;N/A;N/A;10;14.5;7;17;OK;;0;0;0;-;Disabled;TempOk;1;230;195.8;0;0;0;349.9;;;440474000 audi 597g-598h
20260331_04:25:46;25961;4;1;965;965.5;915;1015;OK;965;973.3;915;1015;OK;979.2;976.9;-15;-21.8;-50;-5;OK;-15;-11.2;-50;-5;OK;-10.1;-10.3;0;-15;-21.8;-50;-5;OK;355;360;355;600;OK;181.48;181.96;N/A;N/A;N/A;N/A;N/A;N/A;N/A;N/A;N/A;N/A;N/A;N/A;N/A;N/A;N/A;N/A;N/A;N/A;N/A;N/A;N/A;N/A;N/A;N/A;N/A;N/A;N/A;N/A;N/A;N/A;N/A;N/A;N/A;N/A;N/A;N/A;N/A;N/A;N/A;N/A;N/A;N/A;N/A;N/A;N/A;N/A;N/A;N/A;N/A;N/A;N/A;N/A;N/A;N/A;N/A;N/A;N/A;N/A;N/A;N/A;N/A;N/A;N/A;N/A;N/A;N/A;N/A;N/A;N/A;N/A;N/A;N/A;N/A;N/A;N/A;N/A;N/A;N/A;N/A;N/A;N/A;N/A;N/A;N/A;N/A;N/A;N/A;N/A;N/A;N/A;N/A;N/A;N/A;N/A;N/A;N/A;N/A;N/A;;0;447.2;0;0;;Disabled;TempStop;1;740;491;0;0;0;599.9;549.9;Enabled;PosOk;1;20;0;0;0;0;15;Disabled;0;0;0;0;0;0;0;0;0;0;0;0;0;0;0;0;0;0;0;0;0;0;0;0;0;0;0;0;0;0;0;0;0;0;0;0;0;0;0;0;0;0;0;0;0;0;0;0;0;0;0;0;0;0;0;0;0;0;0;0;0;0;0;0;0;0;0;0;0;0;30;23;20;45;30;23;20;45;30;29;20;45;30;29;20;45;100;0;80;300;100;0;80;300;100;266;80;300;100;265;80;300;30;30;20;45;30;29;20;45;30;26;20;45;30;28;20;45;100;237;80;300;100;235;80;300;100;0;80;300;100;0;80;300;4;2;0.4;6;4;5;0.4;6;4;2;0.4;6;4;5;0.4;6;4;2;0.4;6;4;5;0.4;6;4;2;0.4;6;4;5;0.4;6;NOK;NOK;OK;4500;4617;4250;4800;OK;7.64;0;8;12;NOK;N/A;1.9;N/A;N/A;N/A;10;13.4;7;17;OK;;0;0;0;-;Disabled;TempOk;1;230;161.2;0;0;0;349.9;440474000 audi 597g-598h;440474000 audi 597g-598h;440474000 audi 597g-598h
20260331_04:26:09;25962;1;2;965;938.6;915;1015;OK;965;931.9;915;1015;OK;925.1;928.6;-15;-15.8;-50;-20;NOK;-15;-16.4;-50;-20;NOK;-15.1;-15.7;0;-15;-15.8;-50;-20;NOK;355;357;355;600;OK;0;0;N/A;N/A;N/A;N/A;N/A;N/A;N/A;N/A;N/A;N/A;N/A;N/A;N/A;N/A;N/A;N/A;N/A;N/A;N/A;N/A;N/A;N/A;N/A;N/A;N/A;N/A;N/A;N/A;N/A;N/A;N/A;N/A;N/A;N/A;N/A;N/A;N/A;N/A;N/A;N/A;N/A;N/A;N/A;N/A;N/A;N/A;N/A;N/A;N/A;N/A;N/A;N/A;N/A;N/A;N/A;N/A;N/A;N/A;N/A;N/A;N/A;N/A;N/A;N/A;N/A;N/A;N/A;N/A;N/A;N/A;N/A;N/A;N/A;N/A;N/A;N/A;N/A;N/A;N/A;N/A;N/A;N/A;N/A;N/A;N/A;N/A;N/A;N/A;N/A;N/A;N/A;N/A;N/A;N/A;N/A;N/A;N/A;N/A;;0;434.5;0;0;;Disabled;TempStop;1;740;479.3;0;0;0;599.9;549.9;Enabled;PosOk;1;20;0;0;0;0;15;Disabled;0;0;0;0;0;0;0;0;0;0;0;0;0;0;0;0;0;0;0;0;0;0;0;0;0;0;0;0;0;0;0;0;0;0;0;0;0;0;0;0;0;0;0;0;0;0;0;0;0;0;0;0;0;0;0;0;0;0;0;0;0;0;0;0;0;0;0;0;0;0;30;23;20;45;30;23;20;45;30;30;20;45;30;29;20;45;100;0;80;300;100;0;80;300;100;265;80;300;100;266;80;300;30;31;20;45;30;30;20;45;30;26;20;45;30;28;20;45;100;237;80;300;100;236;80;300;100;0;80;300;100;0;80;300;4;2;0.4;6;4;5;0.4;6;4;2;0.4;6;4;5;0.4;6;4;2;0.4;6;4;5;0.4;6;4;2;0.4;6;4;6;0.4;6;NOK;NOK;OK;4500;4605;4250;4800;OK;7.64;0;8;12;NOK;N/A;1.9;N/A;N/A;N/A;10;14;7;17;OK;;0;0;0;-;Disabled;TempOk;1;230;184;0;0;0;349.9;440474000 audi 597g-598h;440474000 audi 597g-598h;440474000 audi 597g-598h
20260331_04:26:33;25963;2;1;965;925.9;915;1015;OK;965;927.3;915;1015;OK;916.8;922.9;-15;-15.7;-50;-20;NOK;-15;-16.6;-50;-20;NOK;-16.5;-16.4;0;-15;-15.7;-50;-20;NOK;355;368;355;600;OK;0;0;N/A;N/A;N/A;N/A;N/A;N/A;N/A;N/A;N/A;N/A;N/A;N/A;N/A;N/A;N/A;N/A;N/A;N/A;N/A;N/A;N/A;N/A;N/A;N/A;N/A;N/A;N/A;N/A;N/A;N/A;N/A;N/A;N/A;N/A;N/A;N/A;N/A;N/A;N/A;N/A;N/A;N/A;N/A;N/A;N/A;N/A;N/A;N/A;N/A;N/A;N/A;N/A;N/A;N/A;N/A;N/A;N/A;N/A;N/A;N/A;N/A;N/A;N/A;N/A;N/A;N/A;N/A;N/A;N/A;N/A;N/A;N/A;N/A;N/A;N/A;N/A;N/A;N/A;N/A;N/A;N/A;N/A;N/A;N/A;N/A;N/A;N/A;N/A;N/A;N/A;N/A;N/A;N/A;N/A;N/A;N/A;N/A;N/A;;0;436.3;0;0;;Disabled;TempStop;1;740;479.1;0;0;0;599.9;549.9;Enabled;PosOk;1;20;0;0;0;0;15;Disabled;0;0;0;0;0;0;0;0;0;0;0;0;0;0;0;0;0;0;0;0;0;0;0;0;0;0;0;0;0;0;0;0;0;0;0;0;0;0;0;0;0;0;0;0;0;0;0;0;0;0;0;0;0;0;0;0;0;0;0;0;0;0;0;0;0;0;0;0;0;0;30;23;20;45;30;23;20;45;30;31;20;45;30;29;20;45;100;0;80;300;100;0;80;300;100;266;80;300;100;266;80;300;30;32;20;45;30;30;20;45;30;26;20;45;30;28;20;45;100;237;80;300;100;236;80;300;100;0;80;300;100;0;80;300;4;2;0.4;6;4;5;0.4;6;4;2;0.4;6;4;5;0.4;6;4;2;0.4;6;4;6;0.4;6;4;2;0.4;6;4;6;0.4;6;NOK;NOK;OK;4500;4611;4250;4800;OK;7.64;0;8;12;NOK;N/A;1.9;N/A;N/A;N/A;10;12.9;7;17;OK;;0;0;0;-;Disabled;TempOk;1;230;185;0;0;0;349.9;440474000 audi 597g-598h;440474000 audi 597g-598h;440474000 audi 597g-598h
20260331_04:27:21;25965;2;2;965;963.3;915;1015;OK;965;966.7;915;1015;OK;966.8;966.1;-15;-20.5;-50;-20;OK;-15;-21.3;-50;-20;OK;-20.9;-21;0;-15;-20.6;-50;-20;OK;355;387;355;600;OK;0;0;N/A;N/A;N/A;N/A;N/A;N/A;N/A;N/A;N/A;N/A;N/A;N/A;N/A;N/A;N/A;N/A;N/A;N/A;N/A;N/A;N/A;N/A;N/A;N/A;N/A;N/A;N/A;N/A;N/A;N/A;N/A;N/A;N/A;N/A;N/A;N/A;N/A;N/A;N/A;N/A;N/A;N/A;N/A;N/A;N/A;N/A;N/A;N/A;N/A;N/A;N/A;N/A;N/A;N/A;N/A;N/A;N/A;N/A;N/A;N/A;N/A;N/A;N/A;N/A;N/A;N/A;N/A;N/A;N/A;N/A;N/A;N/A;N/A;N/A;N/A;N/A;N/A;N/A;N/A;N/A;N/A;N/A;N/A;N/A;N/A;N/A;N/A;N/A;N/A;N/A;N/A;N/A;N/A;N/A;N/A;N/A;N/A;N/A;;0;446;0;0;;Disabled;TempStop;1;740;488.2;0;0;0;599.9;549.9;Enabled;PosOk;1;20;0;0;0;0;15;Disabled;0;0;0;0;0;0;0;0;0;0;0;0;0;0;0;0;0;0;0;0;0;0;0;0;0;0;0;0;0;0;0;0;0;0;0;0;0;0;0;0;0;0;0;0;0;0;0;0;0;0;0;0;0;0;0;0;0;0;0;0;0;0;0;0;0;0;0;0;0;0;30;23;20;45;30;23;20;45;30;30;20;45;30;30;20;45;100;0;80;300;100;0;80;300;100;265;80;300;100;266;80;300;30;31;20;45;30;30;20;45;30;26;20;45;30;28;20;45;100;237;80;300;100;235;80;300;100;0;80;300;100;0;80;300;4;2;0.4;6;4;5;0.4;6;4;2;0.4;6;4;5;0.4;6;4;2;0.4;6;4;5;0.4;6;4;2;0.4;6;4;6;0.4;6;NOK;NOK;OK;4500;4617;4250;4800;OK;7.64;0;8;12;NOK;N/A;1.9;N/A;N/A;N/A;10;13;7;17;OK;;0;0;0;-;Disabled;TempOk;1;230;173.3;0;0;0;349.9;440474000 audi 597g-598h;440474000 audi 597g-598h;440474000 audi 597g-598h
20260331_04:28:08;25967;4;2;965;964.5;915;1015;OK;965;977.9;915;1015;OK;984.3;982.8;-15;-19.8;-50;-5;OK;-15;-10.5;-50;-5;OK;-13.3;-11.9;0;-15;-19.8;-50;-5;OK;355;389;355;600;OK;181.68;182.22;N/A;N/A;N/A;N/A;N/A;N/A;N/A;N/A;N/A;N/A;N/A;N/A;N/A;N/A;N/A;N/A;N/A;N/A;N/A;N/A;N/A;N/A;N/A;N/A;N/A;N/A;N/A;N/A;N/A;N/A;N/A;N/A;N/A;N/A;N/A;N/A;N/A;N/A;N/A;N/A;N/A;N/A;N/A;N/A;N/A;N/A;N/A;N/A;N/A;N/A;N/A;N/A;N/A;N/A;N/A;N/A;N/A;N/A;N/A;N/A;N/A;N/A;N/A;N/A;N/A;N/A;N/A;N/A;N/A;N/A;N/A;N/A;N/A;N/A;N/A;N/A;N/A;N/A;N/A;N/A;N/A;N/A;N/A;N/A;N/A;N/A;N/A;N/A;N/A;N/A;N/A;N/A;N/A;N/A;N/A;N/A;N/A;N/A;;0;450.5;0;0;;Disabled;TempStop;1;740;493.7;0;0;0;599.9;549.9;Enabled;PosOk;1;20;0;0;0;0;15;Disabled;0;0;0;0;0;0;0;0;0;0;0;0;0;0;0;0;0;0;0;0;0;0;0;0;0;0;0;0;0;0;0;0;0;0;0;0;0;0;0;0;0;0;0;0;0;0;0;0;0;0;0;0;0;0;0;0;0;0;0;0;0;0;0;0;0;0;0;0;0;0;30;23;20;45;30;23;20;45;30;30;20;45;30;30;20;45;100;0;80;300;100;0;80;300;100;266;80;300;100;266;80;300;30;32;20;45;30;30;20;45;30;26;20;45;30;28;20;45;100;237;80;300;100;236;80;300;100;0;80;300;100;0;80;300;4;2;0.4;6;4;5;0.4;6;4;2;0.4;6;4;5;0.4;6;4;2;0.4;6;4;5;0.4;6;4;2;0.4;6;4;5;0.4;6;NOK;NOK;OK;4500;4614;4250;4800;OK;7.64;0;8;12;NOK;N/A;1.9;N/A;N/A;N/A;10;13.5;7;17;OK;;0;0;0;-;Disabled;TempOk;1;230;174.6;0;0;0;349.9;440474000 audi 597g-598h;440474000 audi 597g-598h;440474000 audi 597g-598h
20260331_04:28:32;25964;1;1;965;914.1;915;1015;NOK;965;916.9;915;1015;OK;907.4;913.7;-15;-14.4;-50;-20;NOK;-15;-14;-50;-20;NOK;-15.6;-15.9;0;-15;-14.5;-50;-20;NOK;355;462;355;600;OK;0;0;N/A;N/A;N/A;N/A;N/A;N/A;N/A;N/A;N/A;N/A;N/A;N/A;N/A;N/A;N/A;N/A;N/A;N/A;N/A;N/A;N/A;N/A;N/A;N/A;N/A;N/A;N/A;N/A;N/A;N/A;N/A;N/A;N/A;N/A;N/A;N/A;N/A;N/A;N/A;N/A;N/A;N/A;N/A;N/A;N/A;N/A;N/A;N/A;N/A;N/A;N/A;N/A;N/A;N/A;N/A;N/A;N/A;N/A;N/A;N/A;N/A;N/A;N/A;N/A;N/A;N/A;N/A;N/A;N/A;N/A;N/A;N/A;N/A;N/A;N/A;N/A;N/A;N/A;N/A;N/A;N/A;N/A;N/A;N/A;N/A;N/A;N/A;N/A;N/A;N/A;N/A;N/A;N/A;N/A;N/A;N/A;N/A;N/A;;0;436.2;0;0;;Disabled;TempStop;1;740;480.5;0;0;0;599.9;549.9;Enabled;PosOk;1;20;0;0;0;0;15;Disabled;0;0;0;0;0;0;0;0;0;0;0;0;0;0;0;0;0;0;0;0;0;0;0;0;0;0;0;0;0;0;0;0;0;0;0;0;0;0;0;0;0;0;0;0;0;0;0;0;0;0;0;0;0;0;0;0;0;0;0;0;0;0;0;0;0;0;0;0;0;0;30;23;20;45;30;23;20;45;30;31;20;45;30;30;20;45;100;0;80;300;100;0;80;300;100;265;80;300;100;265;80;300;30;32;20;45;30;30;20;45;30;26;20;45;30;28;20;45;100;236;80;300;100;235;80;300;100;0;80;300;100;0;80;300;4;2;0.4;6;4;5;0.4;6;4;2;0.4;6;4;6;0.4;6;4;2;0.4;6;4;5;0.4;6;4;2;0.4;6;4;6;0.4;6;NOK;NOK;OK;4500;4612;4250;4800;OK;7.64;0;8;12;NOK;N/A;1.9;N/A;N/A;N/A;10;13.9;7;17;OK;;0;0;0;-;Disabled;TempOk;1;230;187.2;0;0;0;349.9;440474000 audi 597g-598h;440474000 audi 597g-598h;440474000 audi 597g-598h
20260331_04:32:10;25971;2;4;965;961.7;915;1015;OK;965;966;915;1015;OK;967.4;966.3;-15;-21.4;-50;-20;OK;-15;-24.3;-50;-20;OK;-24.5;-24.6;0;-15;-21.5;-50;-20;OK;355;538;355;600;OK;0;0;N/A;N/A;N/A;N/A;N/A;N/A;N/A;N/A;N/A;N/A;N/A;N/A;N/A;N/A;N/A;N/A;N/A;N/A;N/A;N/A;N/A;N/A;N/A;N/A;N/A;N/A;N/A;N/A;N/A;N/A;N/A;N/A;N/A;N/A;N/A;N/A;N/A;N/A;N/A;N/A;N/A;N/A;N/A;N/A;N/A;N/A;N/A;N/A;N/A;N/A;N/A;N/A;N/A;N/A;N/A;N/A;N/A;N/A;N/A;N/A;N/A;N/A;N/A;N/A;N/A;N/A;N/A;N/A;N/A;N/A;N/A;N/A;N/A;N/A;N/A;N/A;N/A;N/A;N/A;N/A;N/A;N/A;N/A;N/A;N/A;N/A;N/A;N/A;N/A;N/A;N/A;N/A;N/A;N/A;N/A;N/A;N/A;N/A;;0;451.2;0;0;;Disabled;TempStop;1;740;497.6;0;0;0;599.9;549.9;Enabled;PosOk;1;20;0;0;0;0;15;Disabled;0;0;0;0;0;0;0;0;0;0;0;0;0;0;0;0;0;0;0;0;0;0;0;0;0;0;0;0;0;0;0;0;0;0;0;0;0;0;0;0;0;0;0;0;0;0;0;0;0;0;0;0;0;0;0;0;0;0;0;0;0;0;0;0;0;0;0;0;0;0;30;23;20;45;30;23;20;45;30;30;20;45;30;30;20;45;100;0;80;300;100;0;80;300;100;266;80;300;100;266;80;300;30;31;20;45;30;30;20;45;30;26;20;45;30;27;20;45;100;237;80;300;100;235;80;300;100;0;80;300;100;0;80;300;4;2;0.4;6;4;5;0.4;6;4;2;0.4;6;4;5;0.4;6;4;2;0.4;6;4;6;0.4;6;4;2;0.4;6;4;6;0.4;6;NOK;NOK;OK;4500;4611;4250;4800;OK;7.64;0;8;12;NOK;N/A;1.9;N/A;N/A;N/A;10;12.9;7;17;OK;;0;0;0;-;Disabled;TempOk;1;230;162.2;0;0;0;349.9;440474000 audi 597g-598h;440474000 audi 597g-598h;440474000 audi 597g-598h
20260331_04:32:34;25970;3;3;965;963.6;915;1015;OK;965;970.4;915;1015;OK;970.4;970.3;-15;-16.7;-50;-20;NOK;-15;-17;-50;-20;NOK;-17.5;-17.5;0;-15;-16.7;-50;-20;NOK;355;590;355;600;OK;0;0;N/A;N/A;N/A;N/A;N/A;N/A;N/A;N/A;N/A;N/A;N/A;N/A;N/A;N/A;N/A;N/A;N/A;N/A;N/A;N/A;N/A;N/A;N/A;N/A;N/A;N/A;N/A;N/A;N/A;N/A;N/A;N/A;N/A;N/A;N/A;N/A;N/A;N/A;N/A;N/A;N/A;N/A;N/A;N/A;N/A;N/A;N/A;N/A;N/A;N/A;N/A;N/A;N/A;N/A;N/A;N/A;N/A;N/A;N/A;N/A;N/A;N/A;N/A;N/A;N/A;N/A;N/A;N/A;N/A;N/A;N/A;N/A;N/A;N/A;N/A;N/A;N/A;N/A;N/A;N/A;N/A;N/A;N/A;N/A;N/A;N/A;N/A;N/A;N/A;N/A;N/A;N/A;N/A;N/A;N/A;N/A;N/A;N/A;;0;440.6;0;0;;Disabled;TempStop;1;740;486.6;0;0;0;599.9;549.9;Enabled;PosOk;1;20;0;0;0;0;15;Disabled;0;0;0;0;0;0;0;0;0;0;0;0;0;0;0;0;0;0;0;0;0;0;0;0;0;0;0;0;0;0;0;0;0;0;0;0;0;0;0;0;0;0;0;0;0;0;0;0;0;0;0;0;0;0;0;0;0;0;0;0;0;0;0;0;0;0;0;0;0;0;30;23;20;45;30;23;20;45;30;31;20;45;30;30;20;45;100;0;80;300;100;0;80;300;100;266;80;300;100;266;80;300;30;32;20;45;30;30;20;45;30;26;20;45;30;28;20;45;100;237;80;300;100;235;80;300;100;0;80;300;100;0;80;300;4;2;0.4;6;4;5;0.4;6;4;2;0.4;6;4;5;0.4;6;4;2;0.4;6;4;6;0.4;6;4;2;0.4;6;4;6;0.4;6;NOK;NOK;OK;4500;4609;4250;4800;OK;7.64;0;8;12;NOK;N/A;1.9;N/A;N/A;N/A;10;13.8;7;17;OK;;0;0;0;-;Disabled;TempOk;1;230;183.2;0;0;0;349.9;440474000 audi 597g-598h;440474000 audi 597g-598h;440474000 audi 597g-598h
20260331_04:32:58;25973;4;4;965;958.4;915;1015;OK;965;958.9;915;1015;OK;961.6;961.5;-15;-19.5;-50;-5;OK;-15;-26.1;-50;-5;OK;-21.8;-21.5;0;-15;-19.5;-50;-5;OK;355;539;355;600;OK;181.87;182.73;N/A;N/A;N/A;N/A;N/A;N/A;N/A;N/A;N/A;N/A;N/A;N/A;N/A;N/A;N/A;N/A;N/A;N/A;N/A;N/A;N/A;N/A;N/A;N/A;N/A;N/A;N/A;N/A;N/A;N/A;N/A;N/A;N/A;N/A;N/A;N/A;N/A;N/A;N/A;N/A;N/A;N/A;N/A;N/A;N/A;N/A;N/A;N/A;N/A;N/A;N/A;N/A;N/A;N/A;N/A;N/A;N/A;N/A;N/A;N/A;N/A;N/A;N/A;N/A;N/A;N/A;N/A;N/A;N/A;N/A;N/A;N/A;N/A;N/A;N/A;N/A;N/A;N/A;N/A;N/A;N/A;N/A;N/A;N/A;N/A;N/A;N/A;N/A;N/A;N/A;N/A;N/A;N/A;N/A;N/A;N/A;N/A;N/A;;0;445.3;0;0;;Disabled;TempStop;1;740;488.6;0;0;0;599.9;549.9;Enabled;PosOk;1;20;0;0;0;0;15;Disabled;0;0;0;0;0;0;0;0;0;0;0;0;0;0;0;0;0;0;0;0;0;0;0;0;0;0;0;0;0;0;0;0;0;0;0;0;0;0;0;0;0;0;0;0;0;0;0;0;0;0;0;0;0;0;0;0;0;0;0;0;0;0;0;0;0;0;0;0;0;0;30;23;20;45;30;23;20;45;30;32;20;45;30;30;20;45;100;0;80;300;100;0;80;300;100;266;80;300;100;266;80;300;30;33;20;45;30;30;20;45;30;26;20;45;30;27;20;45;100;237;80;300;100;235;80;300;100;0;80;300;100;0;80;300;4;2;0.4;6;4;5;0.4;6;4;2;0.4;6;4;5;0.4;6;4;2;0.4;6;4;5;0.4;6;4;2;0.4;6;4;6;0.4;6;NOK;NOK;OK;4500;4607;4250;4800;OK;7.64;0;8;12;NOK;N/A;1.9;N/A;N/A;N/A;10;13.5;7;17;OK;;0;0;0;-;Disabled;TempOk;1;230;190.4;0;0;0;349.9;440474000 audi 597g-598h;440474000 audi 597g-598h;440474000 audi 597g-598h
20260331_04:33:22;25972;1;4;965;960;915;1015;OK;965;966.5;915;1015;OK;966.4;966.7;-15;-13.1;-50;-20;NOK;-15;-16;-50;-20;NOK;-15.5;-15.1;0;-15;-13.1;-50;-20;NOK;355;590;355;600;OK;0;0;N/A;N/A;N/A;N/A;N/A;N/A;N/A;N/A;N/A;N/A;N/A;N/A;N/A;N/A;N/A;N/A;N/A;N/A;N/A;N/A;N/A;N/A;N/A;N/A;N/A;N/A;N/A;N/A;N/A;N/A;N/A;N/A;N/A;N/A;N/A;N/A;N/A;N/A;N/A;N/A;N/A;N/A;N/A;N/A;N/A;N/A;N/A;N/A;N/A;N/A;N/A;N/A;N/A;N/A;N/A;N/A;N/A;N/A;N/A;N/A;N/A;N/A;N/A;N/A;N/A;N/A;N/A;N/A;N/A;N/A;N/A;N/A;N/A;N/A;N/A;N/A;N/A;N/A;N/A;N/A;N/A;N/A;N/A;N/A;N/A;N/A;N/A;N/A;N/A;N/A;N/A;N/A;N/A;N/A;N/A;N/A;N/A;N/A;;0;443.4;0;0;;Disabled;TempStop;1;740;490.5;0;0;0;599.9;549.9;Enabled;PosOk;1;20;0;0;0;0;15;Disabled;0;0;0;0;0;0;0;0;0;0;0;0;0;0;0;0;0;0;0;0;0;0;0;0;0;0;0;0;0;0;0;0;0;0;0;0;0;0;0;0;0;0;0;0;0;0;0;0;0;0;0;0;0;0;0;0;0;0;0;0;0;0;0;0;0;0;0;0;0;0;30;23;20;45;30;23;20;45;30;32;20;45;30;30;20;45;100;0;80;300;100;0;80;300;100;266;80;300;100;266;80;300;30;33;20;45;30;30;20;45;30;26;20;45;30;27;20;45;100;238;80;300;100;235;80;300;100;0;80;300;100;0;80;300;4;2;0.4;6;4;5;0.4;6;4;2;0.4;6;4;5;0.4;6;4;2;0.4;6;4;5;0.4;6;4;2;0.4;6;4;6;0.4;6;NOK;NOK;OK;4500;4610;4250;4800;OK;7.64;0;8;12;NOK;N/A;1.9;N/A;N/A;N/A;10;14;7;17;OK;;0;0;0;-;Disabled;TempOk;1;230;193.4;0;0;0;349.9;440474000 audi 597g-598h;440474000 audi 597g-598h;440474000 audi 597g-598h
20260331_04:33:46;25975;2;5;965;931.2;915;1015;OK;965;923.2;915;1015;OK;900.9;909.4;-15;-18.8;-50;-20;NOK;-15;-18;-50;-20;NOK;-18.6;-18.1;0;-15;-18.7;-50;-20;NOK;355;540;355;600;OK;0;0;N/A;N/A;N/A;N/A;N/A;N/A;N/A;N/A;N/A;N/A;N/A;N/A;N/A;N/A;N/A;N/A;N/A;N/A;N/A;N/A;N/A;N/A;N/A;N/A;N/A;N/A;N/A;N/A;N/A;N/A;N/A;N/A;N/A;N/A;N/A;N/A;N/A;N/A;N/A;N/A;N/A;N/A;N/A;N/A;N/A;N/A;N/A;N/A;N/A;N/A;N/A;N/A;N/A;N/A;N/A;N/A;N/A;N/A;N/A;N/A;N/A;N/A;N/A;N/A;N/A;N/A;N/A;N/A;N/A;N/A;N/A;N/A;N/A;N/A;N/A;N/A;N/A;N/A;N/A;N/A;N/A;N/A;N/A;N/A;N/A;N/A;N/A;N/A;N/A;N/A;N/A;N/A;N/A;N/A;N/A;N/A;N/A;N/A;;0;434.6;0;0;;Disabled;TempStop;1;740;480.1;0;0;0;599.9;549.9;Enabled;PosOk;1;20;0;0;0;0;15;Disabled;0;0;0;0;0;0;0;0;0;0;0;0;0;0;0;0;0;0;0;0;0;0;0;0;0;0;0;0;0;0;0;0;0;0;0;0;0;0;0;0;0;0;0;0;0;0;0;0;0;0;0;0;0;0;0;0;0;0;0;0;0;0;0;0;0;0;0;0;0;0;30;23;20;45;30;23;20;45;30;32;20;45;30;29;20;45;100;0;80;300;100;0;80;300;100;266;80;300;100;266;80;300;30;33;20;45;30;30;20;45;30;26;20;45;30;27;20;45;100;237;80;300;100;235;80;300;100;0;80;300;100;0;80;300;4;2;0.4;6;4;6;0.4;6;4;2;0.4;6;4;5;0.4;6;4;2;0.4;6;4;6;0.4;6;4;2;0.4;6;4;6;0.4;6;NOK;NOK;OK;4500;4611;4250;4800;OK;7.64;0;8;12;NOK;N/A;1.9;N/A;N/A;N/A;10;12.8;7;17;OK;;0;0;0;-;Disabled;TempOk;1;230;197.3;0;0;0;349.9;440474000 audi 597g-598h;440474000 audi 597g-598h;440474000 audi 597g-598h
20260331_04:34:57;25976;3;5;965;963.3;915;1015;OK;965;962.4;915;1015;OK;954.7;958.3;-15;-17.8;-50;-20;NOK;-15;-18.8;-50;-20;NOK;-19.9;-19.7;0;-15;-17.7;-50;-20;NOK;355;593;355;600;OK;0;0;N/A;N/A;N/A;N/A;N/A;N/A;N/A;N/A;N/A;N/A;N/A;N/A;N/A;N/A;N/A;N/A;N/A;N/A;N/A;N/A;N/A;N/A;N/A;N/A;N/A;N/A;N/A;N/A;N/A;N/A;N/A;N/A;N/A;N/A;N/A;N/A;N/A;N/A;N/A;N/A;N/A;N/A;N/A;N/A;N/A;N/A;N/A;N/A;N/A;N/A;N/A;N/A;N/A;N/A;N/A;N/A;N/A;N/A;N/A;N/A;N/A;N/A;N/A;N/A;N/A;N/A;N/A;N/A;N/A;N/A;N/A;N/A;N/A;N/A;N/A;N/A;N/A;N/A;N/A;N/A;N/A;N/A;N/A;N/A;N/A;N/A;N/A;N/A;N/A;N/A;N/A;N/A;N/A;N/A;N/A;N/A;N/A;N/A;;0;441.8;0;0;;Disabled;TempStop;1;740;487;0;0;0;599.9;549.9;Enabled;PosOk;1;20;0;0;0;0;15;Disabled;0;0;0;0;0;0;0;0;0;0;0;0;0;0;0;0;0;0;0;0;0;0;0;0;0;0;0;0;0;0;0;0;0;0;0;0;0;0;0;0;0;0;0;0;0;0;0;0;0;0;0;0;0;0;0;0;0;0;0;0;0;0;0;0;0;0;0;0;0;0;30;23;20;45;30;23;20;45;30;31;20;45;30;29;20;45;100;0;80;300;100;0;80;300;100;266;80;300;100;266;80;300;30;32;20;45;30;29;20;45;30;26;20;45;30;28;20;45;100;237;80;300;100;235;80;300;100;0;80;300;100;0;80;300;4;2;0.4;6;4;5;0.4;6;4;2;0.4;6;4;5;0.4;6;4;2;0.4;6;4;5;0.4;6;4;2;0.4;6;4;6;0.4;6;NOK;NOK;OK;4500;4613;4250;4800;OK;7.64;0;8;12;NOK;N/A;1.9;N/A;N/A;N/A;10;14.6;7;17;OK;;0;0;0;-;Disabled;TempOk;1;230;194.2;0;0;0;349.9;440474000 audi 597g-598h;440474000 audi 597g-598h;440474000 audi 597g-598h
20260331_04:35:21;25979;2;1;965;917.3;915;1015;OK;965;925.8;915;1015;OK;908.1;915;-15;-16.7;-50;-20;NOK;-15;-16.7;-50;-20;NOK;-15.4;-15.1;0;-15;-16.7;-50;-20;NOK;355;515;355;600;OK;0;0;N/A;N/A;N/A;N/A;N/A;N/A;N/A;N/A;N/A;N/A;N/A;N/A;N/A;N/A;N/A;N/A;N/A;N/A;N/A;N/A;N/A;N/A;N/A;N/A;N/A;N/A;N/A;N/A;N/A;N/A;N/A;N/A;N/A;N/A;N/A;N/A;N/A;N/A;N/A;N/A;N/A;N/A;N/A;N/A;N/A;N/A;N/A;N/A;N/A;N/A;N/A;N/A;N/A;N/A;N/A;N/A;N/A;N/A;N/A;N/A;N/A;N/A;N/A;N/A;N/A;N/A;N/A;N/A;N/A;N/A;N/A;N/A;N/A;N/A;N/A;N/A;N/A;N/A;N/A;N/A;N/A;N/A;N/A;N/A;N/A;N/A;N/A;N/A;N/A;N/A;N/A;N/A;N/A;N/A;N/A;N/A;N/A;N/A;;0;435.8;0;0;;Disabled;TempStop;1;740;481.8;0;0;0;599.9;549.9;Enabled;PosOk;1;20;0;0;0;0;15;Disabled;0;0;0;0;0;0;0;0;0;0;0;0;0;0;0;0;0;0;0;0;0;0;0;0;0;0;0;0;0;0;0;0;0;0;0;0;0;0;0;0;0;0;0;0;0;0;0;0;0;0;0;0;0;0;0;0;0;0;0;0;0;0;0;0;0;0;0;0;0;0;30;23;20;45;30;23;20;45;30;31;20;45;30;29;20;45;100;0;80;300;100;0;80;300;100;266;80;300;100;266;80;300;30;32;20;45;30;29;20;45;30;26;20;45;30;27;20;45;100;237;80;300;100;235;80;300;100;0;80;300;100;0;80;300;4;2;0.4;6;4;5;0.4;6;4;2;0.4;6;4;5;0.4;6;4;2;0.4;6;4;5;0.4;6;4;2;0.4;6;4;6;0.4;6;NOK;NOK;OK;4500;4600;4250;4800;OK;7.64;0;8;12;NOK;N/A;1.9;N/A;N/A;N/A;10;12.9;7;17;OK;;0;0;0;-;Disabled;TempOk;1;230;193.8;0;0;0;349.9;440474000 audi 597g-598h;440474000 audi 597g-598h;440474000 audi 597g-598h
20260331_04:35:44;25978;1;2;965;920.3;915;1015;OK;965;964;915;1015;OK;955;958.1;-15;-16.6;-50;-20;NOK;-15;-16.1;-50;-20;NOK;-12.3;-13;0;-15;-16.6;-50;-20;NOK;355;562;355;600;OK;0;0;N/A;N/A;N/A;N/A;N/A;N/A;N/A;N/A;N/A;N/A;N/A;N/A;N/A;N/A;N/A;N/A;N/A;N/A;N/A;N/A;N/A;N/A;N/A;N/A;N/A;N/A;N/A;N/A;N/A;N/A;N/A;N/A;N/A;N/A;N/A;N/A;N/A;N/A;N/A;N/A;N/A;N/A;N/A;N/A;N/A;N/A;N/A;N/A;N/A;N/A;N/A;N/A;N/A;N/A;N/A;N/A;N/A;N/A;N/A;N/A;N/A;N/A;N/A;N/A;N/A;N/A;N/A;N/A;N/A;N/A;N/A;N/A;N/A;N/A;N/A;N/A;N/A;N/A;N/A;N/A;N/A;N/A;N/A;N/A;N/A;N/A;N/A;N/A;N/A;N/A;N/A;N/A;N/A;N/A;N/A;N/A;N/A;N/A;;0;447.6;0;0;;Disabled;TempStop;1;740;494.5;0;0;0;599.9;549.9;Enabled;PosOk;1;20;0;0;0;0;15;Disabled;0;0;0;0;0;0;0;0;0;0;0;0;0;0;0;0;0;0;0;0;0;0;0;0;0;0;0;0;0;0;0;0;0;0;0;0;0;0;0;0;0;0;0;0;0;0;0;0;0;0;0;0;0;0;0;0;0;0;0;0;0;0;0;0;0;0;0;0;0;0;30;23;20;45;30;23;20;45;30;31;20;45;30;29;20;45;100;0;80;300;100;0;80;300;100;266;80;300;100;265;80;300;30;33;20;45;30;30;20;45;30;26;20;45;30;27;20;45;100;237;80;300;100;235;80;300;100;0;80;300;100;0;80;300;4;2;0.4;6;4;5;0.4;6;4;2;0.4;6;4;5;0.4;6;4;2;0.4;6;4;5;0.4;6;4;2;0.4;6;4;5;0.4;6;NOK;NOK;OK;4500;4608;4250;4800;OK;7.64;0;8;12;NOK;N/A;1.9;N/A;N/A;N/A;10;13.9;7;17;OK;;0;0;0;-;Disabled;TempOk;1;230;197.6;0;0;0;349.9;440474000 audi 597g-598h;440474000 audi 597g-598h;440474000 audi 597g-598h
20260331_04:36:08;25981;2;2;965;953.6;915;1015;OK;965;966.8;915;1015;OK;966.3;966.3;-15;-21.4;-50;-20;OK;-15;-20.7;-50;-20;OK;-20;-19.8;0;-15;-21.4;-50;-20;OK;355;515;355;600;OK;0;0;N/A;N/A;N/A;N/A;N/A;N/A;N/A;N/A;N/A;N/A;N/A;N/A;N/A;N/A;N/A;N/A;N/A;N/A;N/A;N/A;N/A;N/A;N/A;N/A;N/A;N/A;N/A;N/A;N/A;N/A;N/A;N/A;N/A;N/A;N/A;N/A;N/A;N/A;N/A;N/A;N/A;N/A;N/A;N/A;N/A;N/A;N/A;N/A;N/A;N/A;N/A;N/A;N/A;N/A;N/A;N/A;N/A;N/A;N/A;N/A;N/A;N/A;N/A;N/A;N/A;N/A;N/A;N/A;N/A;N/A;N/A;N/A;N/A;N/A;N/A;N/A;N/A;N/A;N/A;N/A;N/A;N/A;N/A;N/A;N/A;N/A;N/A;N/A;N/A;N/A;N/A;N/A;N/A;N/A;N/A;N/A;N/A;N/A;;0;444.9;0;0;;Disabled;TempStop;1;740;487.5;0;0;0;599.9;549.9;Enabled;PosOk;1;20;0;0;0;0;15;Disabled;0;0;0;0;0;0;0;0;0;0;0;0;0;0;0;0;0;0;0;0;0;0;0;0;0;0;0;0;0;0;0;0;0;0;0;0;0;0;0;0;0;0;0;0;0;0;0;0;0;0;0;0;0;0;0;0;0;0;0;0;0;0;0;0;0;0;0;0;0;0;30;23;20;45;30;23;20;45;30;32;20;45;30;30;20;45;100;0;80;300;100;0;80;300;100;266;80;300;100;266;80;300;30;33;20;45;30;30;20;45;30;26;20;45;30;27;20;45;100;237;80;300;100;236;80;300;100;0;80;300;100;0;80;300;4;2;0.4;6;4;5;0.4;6;4;2;0.4;6;4;5;0.4;6;4;2;0.4;6;4;6;0.4;6;4;2;0.4;6;4;5;0.4;6;NOK;NOK;OK;4500;4611;4250;4800;OK;7.64;0;8;12;NOK;N/A;1.9;N/A;N/A;N/A;10;12.8;7;17;OK;;0;0;0;-;Disabled;TempOk;1;230;192.9;0;0;0;349.9;440474000 audi 597g-598h;440474000 audi 597g-598h;440474000 audi 597g-598h
20260331_04:36:32;25980;1;1;965;905.6;915;1015;NOK;965;952.2;915;1015;OK;924.1;933.2;-15;-14.2;-50;-20;NOK;-15;-14.4;-50;-20;NOK;-12.5;-12.1;0;-15;-14.2;-50;-20;NOK;355;467;355;600;OK;0;0;N/A;N/A;N/A;N/A;N/A;N/A;N/A;N/A;N/A;N/A;N/A;N/A;N/A;N/A;N/A;N/A;N/A;N/A;N/A;N/A;N/A;N/A;N/A;N/A;N/A;N/A;N/A;N/A;N/A;N/A;N/A;N/A;N/A;N/A;N/A;N/A;N/A;N/A;N/A;N/A;N/A;N/A;N/A;N/A;N/A;N/A;N/A;N/A;N/A;N/A;N/A;N/A;N/A;N/A;N/A;N/A;N/A;N/A;N/A;N/A;N/A;N/A;N/A;N/A;N/A;N/A;N/A;N/A;N/A;N/A;N/A;N/A;N/A;N/A;N/A;N/A;N/A;N/A;N/A;N/A;N/A;N/A;N/A;N/A;N/A;N/A;N/A;N/A;N/A;N/A;N/A;N/A;N/A;N/A;N/A;N/A;N/A;N/A;;0;444.6;0;0;;Disabled;TempStop;1;740;492.5;0;0;0;599.9;549.9;Enabled;PosOk;1;20;0;0;0;0;15;Disabled;0;0;0;0;0;0;0;0;0;0;0;0;0;0;0;0;0;0;0;0;0;0;0;0;0;0;0;0;0;0;0;0;0;0;0;0;0;0;0;0;0;0;0;0;0;0;0;0;0;0;0;0;0;0;0;0;0;0;0;0;0;0;0;0;0;0;0;0;0;0;30;23;20;45;30;23;20;45;30;32;20;45;30;30;20;45;100;0;80;300;100;0;80;300;100;266;80;300;100;265;80;300;30;33;20;45;30;30;20;45;30;26;20;45;30;27;20;45;100;237;80;300;100;235;80;300;100;0;80;300;100;0;80;300;4;2;0.4;6;4;5;0.4;6;4;2;0.4;6;4;5;0.4;6;4;2;0.4;6;4;5;0.4;6;4;2;0.4;6;4;6;0.4;6;NOK;NOK;OK;4500;4613;4250;4800;OK;7.64;0;8;12;NOK;N/A;1.9;N/A;N/A;N/A;10;13.9;7;17;OK;;0;0;0;-;Disabled;TempOk;1;230;193.5;0;0;0;349.9;440474000 audi 597g-598h;440474000 audi 597g-598h;440474000 audi 597g-598h
20260331_04:36:48;25966;3;2;965;956.2;915;1015;OK;965;950.1;915;1015;OK;941;944.4;-15;-18.7;-50;-20;NOK;-15;-18.1;-50;-20;NOK;-18;-18.2;0;-15;-18.7;-50;-20;NOK;355;968;355;600;NOK;0;0;;;;;;;;;;;;;;;;;;;;;;;;;;;;;;;;;;;;;;;;;;;;;;;;;;;;;;;;;;;;;;;;;;;;;;;;;;;;;;;;;;;;;;;;;;;;;;;;;;;;;;;;;;;;;;;;;;;;;;;;;;;;;;;;;;;;;;;;;;;;;;;;;;;;;;;;;;;;;;;;;;;;;;;;;;;;;;;;;;;;;;;;;;;;;;;;;;;;;;;;;;;;;;;;;;;;;;;;;;;;;;;;;;;;;;;;;;;;;;;;;;;;;;;;;;;;;;;;;;;;;;;;;;;;;;;;;;;;;;;;;;;;;;;;;;;;;;;;;;;;;;;;;;;;;;;;;;;;;;;;;;;;;;;;440474000 audi 597g-598h;;;;
20260331_04:36:56;25982;4;2;965;963.7;915;1015;OK;965;976.8;915;1015;OK;968.6;973.3;-15;-10.6;-50;-5;OK;-15;-13;-50;-5;OK;-22.1;-22.9;0;-15;-10.7;-50;-5;OK;355;515;355;600;OK;182.24;183.05;N/A;N/A;N/A;N/A;N/A;N/A;N/A;N/A;N/A;N/A;N/A;N/A;N/A;N/A;N/A;N/A;N/A;N/A;N/A;N/A;N/A;N/A;N/A;N/A;N/A;N/A;N/A;N/A;N/A;N/A;N/A;N/A;N/A;N/A;N/A;N/A;N/A;N/A;N/A;N/A;N/A;N/A;N/A;N/A;N/A;N/A;N/A;N/A;N/A;N/A;N/A;N/A;N/A;N/A;N/A;N/A;N/A;N/A;N/A;N/A;N/A;N/A;N/A;N/A;N/A;N/A;N/A;N/A;N/A;N/A;N/A;N/A;N/A;N/A;N/A;N/A;N/A;N/A;N/A;N/A;N/A;N/A;N/A;N/A;N/A;N/A;N/A;N/A;N/A;N/A;N/A;N/A;N/A;N/A;N/A;N/A;N/A;N/A;;0;447.2;0;0;;Disabled;TempStop;1;740;490.9;0;0;0;599.9;549.9;Enabled;PosOk;1;20;0;0;0;0;15;Disabled;0;0;0;0;0;0;0;0;0;0;0;0;0;0;0;0;0;0;0;0;0;0;0;0;0;0;0;0;0;0;0;0;0;0;0;0;0;0;0;0;0;0;0;0;0;0;0;0;0;0;0;0;0;0;0;0;0;0;0;0;0;0;0;0;0;0;0;0;0;0;30;23;20;45;30;23;20;45;30;32;20;45;30;30;20;45;100;0;80;300;100;0;80;300;100;266;80;300;100;265;80;300;30;33;20;45;30;30;20;45;30;26;20;45;30;28;20;45;100;236;80;300;100;235;80;300;100;0;80;300;100;0;80;300;4;2;0.4;6;4;5;0.4;6;4;2;0.4;6;4;5;0.4;6;4;2;0.4;6;4;5;0.4;6;4;2;0.4;6;4;6;0.4;6;NOK;NOK;OK;4500;4613;4250;4800;OK;7.64;0;8;12;NOK;N/A;1.9;N/A;N/A;N/A;10;12.9;7;17;OK;;0;0;0;-;Disabled;TempOk;1;230;190.8;0;0;0;349.9;440474000 audi 597g-598h;440474000 audi 597g-598h;440474000 audi 597g-598h
20260331_04:37:36;25968;1;3;965;961.7;915;1015;OK;965;966.5;915;1015;OK;968.8;968.6;-15;-14.1;-50;-20;NOK;-15;-13.5;-50;-20;NOK;-17.5;-15.9;0;-15;-14;-50;-20;NOK;355;968;355;600;NOK;0;0;;;;;;;;;;;;;;;;;;;;;;;;;;;;;;;;;;;;;;;;;;;;;;;;;;;;;;;;;;;;;;;;;;;;;;;;;;;;;;;;;;;;;;;;;;;;;;;;;;;;;;;;;;;;;;;;;;;;;;;;;;;;;;;;;;;;;;;;;;;;;;;;;;;;;;;;;;;;;;;;;;;;;;;;;;;;;;;;;;;;;;;;;;;;;;;;;;;;;;;;;;;;;;;;;;;;;;;;;;;;;;;;;;;;;;;;;;;;;;;;;;;;;;;;;;;;;;;;;;;;;;;;;;;;;;;;;;;;;;;;;;;;;;;;;;;;;;;;;;;;;;;;;;;;;;;;;;;;;;;;;;;;;;;;440474000 audi 597g-598h;;;;
20260331_04:37:43;25983;4;3;965;963;915;1015;OK;965;962.8;915;1015;OK;956.3;958.5;-15;-15.8;-50;-5;OK;-15;-17.9;-50;-5;OK;-22.2;-22.3;0;-15;-15.9;-50;-5;OK;355;515;355;600;OK;182.35;183.15;N/A;N/A;N/A;N/A;N/A;N/A;N/A;N/A;N/A;N/A;N/A;N/A;N/A;N/A;N/A;N/A;N/A;N/A;N/A;N/A;N/A;N/A;N/A;N/A;N/A;N/A;N/A;N/A;N/A;N/A;N/A;N/A;N/A;N/A;N/A;N/A;N/A;N/A;N/A;N/A;N/A;N/A;N/A;N/A;N/A;N/A;N/A;N/A;N/A;N/A;N/A;N/A;N/A;N/A;N/A;N/A;N/A;N/A;N/A;N/A;N/A;N/A;N/A;N/A;N/A;N/A;N/A;N/A;N/A;N/A;N/A;N/A;N/A;N/A;N/A;N/A;N/A;N/A;N/A;N/A;N/A;N/A;N/A;N/A;N/A;N/A;N/A;N/A;N/A;N/A;N/A;N/A;N/A;N/A;N/A;N/A;N/A;N/A;;0;447.2;0;0;;Disabled;TempStop;1;740;491.9;0;0;0;599.9;549.9;Enabled;PosOk;1;20;0;0;0;0;15;Disabled;0;0;0;0;0;0;0;0;0;0;0;0;0;0;0;0;0;0;0;0;0;0;0;0;0;0;0;0;0;0;0;0;0;0;0;0;0;0;0;0;0;0;0;0;0;0;0;0;0;0;0;0;0;0;0;0;0;0;0;0;0;0;0;0;0;0;0;0;0;0;30;23;20;45;30;23;20;45;30;31;20;45;30;30;20;45;100;0;80;300;100;0;80;300;100;266;80;300;100;266;80;300;30;32;20;45;30;30;20;45;30;26;20;45;30;28;20;45;100;237;80;300;100;235;80;300;100;0;80;300;100;1;80;300;4;2;0.4;6;4;5;0.4;6;4;2;0.4;6;4;5;0.4;6;4;2;0.4;6;4;5;0.4;6;4;2;0.4;6;4;5;0.4;6;NOK;NOK;OK;4500;4606;4250;4800;OK;7.64;0;8;12;NOK;N/A;1.9;N/A;N/A;N/A;10;13;7;17;OK;;0;0;0;-;Disabled;TempOk;1;230;177.6;0;0;0;349.9;440474000 audi 597g-598h;440474000 audi 597g-598h;440474000 audi 597g-598h
20260331_04:41:11;25986;2;1;965;915.3;915;1015;OK;965;915.5;915;1015;OK;903;909.6;-15;-16.9;-50;-20;NOK;-15;-15.7;-50;-20;NOK;-16;-15.9;0;-15;-16.9;-50;-20;NOK;355;368;355;600;OK;0;0;;;;;;;;;;;;;;;;;;;;;;;;;;;;;;;;;;;;;;;;;;;;;;;;;;;;;;;;;;;;;;;;;;;;;;;;;;;;;;;;;;;;;;;;;;;;;;;;;;;;;;;;;;;;;;;;;;;;;;;;;;;;;;;;;;;;;;;;;;;;;;;;;;;;;;;;;;;;;;;;;;;;;;;;;;;;;;;;;;;;;;;;;;;;;;;;;;;;;;;;;;;;;;;;;;;;;;;;;;;;;;;;;;;;;;;;;;;;;;;;;;;;;;;;;;;;;;;;;;;;;;;;;;;;;;;;;;;;;;;;;;;;;;;;;;;;;;;;;;;;;;;;;;;;;;;;;;;;;;;;;;;;;;;;440474000 audi 597g-598h;;;;
20260331_04:41:17;25985;3;5;965;952.7;915;1015;OK;965;939.2;915;1015;OK;927;934.8;-15;-18.2;-50;-20;NOK;-15;-15;-50;-20;NOK;-15.7;-14.5;0;-15;-18.2;-50;-20;NOK;355;367;355;600;OK;0;0;N/A;N/A;N/A;N/A;N/A;N/A;N/A;N/A;N/A;N/A;N/A;N/A;N/A;N/A;N/A;N/A;N/A;N/A;N/A;N/A;N/A;N/A;N/A;N/A;N/A;N/A;N/A;N/A;N/A;N/A;N/A;N/A;N/A;N/A;N/A;N/A;N/A;N/A;N/A;N/A;N/A;N/A;N/A;N/A;N/A;N/A;N/A;N/A;N/A;N/A;N/A;N/A;N/A;N/A;N/A;N/A;N/A;N/A;N/A;N/A;N/A;N/A;N/A;N/A;N/A;N/A;N/A;N/A;N/A;N/A;N/A;N/A;N/A;N/A;N/A;N/A;N/A;N/A;N/A;N/A;N/A;N/A;N/A;N/A;N/A;N/A;N/A;N/A;N/A;N/A;N/A;N/A;N/A;N/A;N/A;N/A;N/A;N/A;;0;435.3;0;0;;Disabled;TempStop;1;740;478.1;0;0;0;599.9;549.9;Enabled;PosOk;1;20;0;0;0;0;15;Disabled;0;0;0;0;0;0;0;0;0;0;0;0;0;0;0;0;0;0;0;0;0;0;0;0;0;0;0;0;0;0;0;0;0;0;0;0;0;0;0;0;0;0;0;0;0;0;0;0;0;0;0;0;0;0;0;0;0;0;0;0;0;0;0;0;0;0;0;0;0;0;30;23;20;45;30;23;20;45;30;29;20;45;30;29;20;45;100;0;80;300;100;0;80;300;100;265;80;300;100;266;80;300;30;30;20;45;30;29;20;45;30;26;20;45;30;28;20;45;100;236;80;300;100;235;80;300;100;0;80;300;100;0;80;300;4;2;0.4;6;4;5;0.4;6;4;2;0.4;6;4;5;0.4;6;4;2;0.4;6;4;6;0.4;6;4;2;0.4;6;4;6;0.4;6;NOK;NOK;OK;4500;4610;4250;4800;OK;7.64;0;8;12;NOK;N/A;1.9;N/A;N/A;N/A;10;13.8;7;17;OK;;0;0;0;-;Disabled;TempOk;1;230;167.7;0;0;0;349.9;440474000 audi 597g-598h;440474000 audi 597g-598h;440474000 audi 597g-598h
20260331_04:42:05;25987;1;2;965;950.1;915;1015;OK;965;951.7;915;1015;OK;948.5;949.7;-15;-16.3;-50;-20;NOK;-15;-16.5;-50;-20;NOK;-15;-15.7;0;-15;-16.3;-50;-20;NOK;355;367;355;600;OK;0;0;N/A;N/A;N/A;N/A;N/A;N/A;N/A;N/A;N/A;N/A;N/A;N/A;N/A;N/A;N/A;N/A;N/A;N/A;N/A;N/A;N/A;N/A;N/A;N/A;N/A;N/A;N/A;N/A;N/A;N/A;N/A;N/A;N/A;N/A;N/A;N/A;N/A;N/A;N/A;N/A;N/A;N/A;N/A;N/A;N/A;N/A;N/A;N/A;N/A;N/A;N/A;N/A;N/A;N/A;N/A;N/A;N/A;N/A;N/A;N/A;N/A;N/A;N/A;N/A;N/A;N/A;N/A;N/A;N/A;N/A;N/A;N/A;N/A;N/A;N/A;N/A;N/A;N/A;N/A;N/A;N/A;N/A;N/A;N/A;N/A;N/A;N/A;N/A;N/A;N/A;N/A;N/A;N/A;N/A;N/A;N/A;N/A;N/A;;0;439.4;0;0;;Disabled;TempStop;1;740;482.6;0;0;0;599.9;549.9;Enabled;PosOk;1;20;0;0;0;0;15;Disabled;0;0;0;0;0;0;0;0;0;0;0;0;0;0;0;0;0;0;0;0;0;0;0;0;0;0;0;0;0;0;0;0;0;0;0;0;0;0;0;0;0;0;0;0;0;0;0;0;0;0;0;0;0;0;0;0;0;0;0;0;0;0;0;0;0;0;0;0;0;0;30;23;20;45;30;23;20;45;30;30;20;45;30;30;20;45;100;0;80;300;100;0;80;300;100;265;80;300;100;265;80;300;30;31;20;45;30;30;20;45;30;26;20;45;30;28;20;45;100;237;80;300;100;235;80;300;100;0;80;300;100;0;80;300;4;2;0.4;6;4;6;0.4;6;4;2;0.4;6;4;5;0.4;6;4;2;0.4;6;4;6;0.4;6;4;2;0.4;6;4;6;0.4;6;NOK;NOK;OK;4500;4609;4250;4800;OK;7.64;0;8;12;NOK;N/A;1.9;N/A;N/A;N/A;10;14;7;17;OK;;0;0;0;-;Disabled;TempOk;1;230;172.6;0;0;0;349.9;440474000 audi 597g-598h;440474000 audi 597g-598h;440474000 audi 597g-598h
20260331_04:42:28;25988;2;2;965;953.7;915;1015;OK;965;966.6;915;1015;OK;967.2;966.1;-15;-20.8;-50;-20;OK;-15;-20.4;-50;-20;OK;-20.2;-20.3;0;-15;-20.9;-50;-20;OK;355;368;355;600;OK;0;0;N/A;N/A;N/A;N/A;N/A;N/A;N/A;N/A;N/A;N/A;N/A;N/A;N/A;N/A;N/A;N/A;N/A;N/A;N/A;N/A;N/A;N/A;N/A;N/A;N/A;N/A;N/A;N/A;N/A;N/A;N/A;N/A;N/A;N/A;N/A;N/A;N/A;N/A;N/A;N/A;N/A;N/A;N/A;N/A;N/A;N/A;N/A;N/A;N/A;N/A;N/A;N/A;N/A;N/A;N/A;N/A;N/A;N/A;N/A;N/A;N/A;N/A;N/A;N/A;N/A;N/A;N/A;N/A;N/A;N/A;N/A;N/A;N/A;N/A;N/A;N/A;N/A;N/A;N/A;N/A;N/A;N/A;N/A;N/A;N/A;N/A;N/A;N/A;N/A;N/A;N/A;N/A;N/A;N/A;N/A;N/A;N/A;N/A;;0;450.1;0;0;;Disabled;TempStop;1;740;492.7;0;0;0;599.9;549.9;Enabled;PosOk;1;20;0;0;0;0;15;Disabled;0;0;0;0;0;0;0;0;0;0;0;0;0;0;0;0;0;0;0;0;0;0;0;0;0;0;0;0;0;0;0;0;0;0;0;0;0;0;0;0;0;0;0;0;0;0;0;0;0;0;0;0;0;0;0;0;0;0;0;0;0;0;0;0;0;0;0;0;0;0;30;23;20;45;30;23;20;45;30;31;20;45;30;30;20;45;100;0;80;300;100;0;80;300;100;266;80;300;100;266;80;300;30;32;20;45;30;30;20;45;30;26;20;45;30;28;20;45;100;237;80;300;100;235;80;300;100;0;80;300;100;0;80;300;4;2;0.4;6;4;5;0.4;6;4;2;0.4;6;4;5;0.4;6;4;2;0.4;6;4;6;0.4;6;4;2;0.4;6;4;5;0.4;6;NOK;NOK;OK;4500;4605;4250;4800;OK;7.64;0;8;12;NOK;N/A;1.9;N/A;N/A;N/A;10;12.9;7;17;OK;;0;0;0;-;Disabled;TempOk;1;230;184.1;0;0;0;349.9;440474000 audi 597g-598h;440474000 audi 597g-598h;440474000 audi 597g-598h
20260331_04:42:52;25989;1;1;965;937.7;915;1015;OK;965;935;915;1015;OK;936;936.9;-15;-14.5;-50;-20;NOK;-15;-12.9;-50;-20;NOK;-16;-14.8;0;-15;-14.5;-50;-20;NOK;355;367;355;600;OK;0;0;N/A;N/A;N/A;N/A;N/A;N/A;N/A;N/A;N/A;N/A;N/A;N/A;N/A;N/A;N/A;N/A;N/A;N/A;N/A;N/A;N/A;N/A;N/A;N/A;N/A;N/A;N/A;N/A;N/A;N/A;N/A;N/A;N/A;N/A;N/A;N/A;N/A;N/A;N/A;N/A;N/A;N/A;N/A;N/A;N/A;N/A;N/A;N/A;N/A;N/A;N/A;N/A;N/A;N/A;N/A;N/A;N/A;N/A;N/A;N/A;N/A;N/A;N/A;N/A;N/A;N/A;N/A;N/A;N/A;N/A;N/A;N/A;N/A;N/A;N/A;N/A;N/A;N/A;N/A;N/A;N/A;N/A;N/A;N/A;N/A;N/A;N/A;N/A;N/A;N/A;N/A;N/A;N/A;N/A;N/A;N/A;N/A;N/A;;0;438.6;0;0;;Disabled;TempStop;1;740;483.8;0;0;0;599.9;549.9;Enabled;PosOk;1;20;0;0;0;0;15;Disabled;0;0;0;0;0;0;0;0;0;0;0;0;0;0;0;0;0;0;0;0;0;0;0;0;0;0;0;0;0;0;0;0;0;0;0;0;0;0;0;0;0;0;0;0;0;0;0;0;0;0;0;0;0;0;0;0;0;0;0;0;0;0;0;0;0;0;0;0;0;0;30;23;20;45;30;23;20;45;30;32;20;45;30;30;20;45;100;0;80;300;100;0;80;300;100;266;80;300;100;265;80;300;30;33;20;45;30;30;20;45;30;26;20;45;30;28;20;45;100;237;80;300;100;235;80;300;100;0;80;300;100;0;80;300;4;2;0.4;6;4;5;0.4;6;4;2;0.4;6;4;5;0.4;6;4;2;0.4;6;4;6;0.4;6;4;2;0.4;6;4;6;0.4;6;NOK;NOK;OK;4500;4613;4250;4800;OK;7.64;0;8;12;NOK;N/A;1.9;N/A;N/A;N/A;10;13.9;7;17;OK;;0;0;0;-;Disabled;TempOk;1;230;189.5;0;0;0;349.9;440474000 audi 597g-598h;440474000 audi 597g-598h;440474000 audi 597g-598h
20260331_04:43:16;25990;4;2;965;967.1;915;1015;OK;965;962.1;915;1015;OK;955.1;958.5;-15;-12.6;-50;-5;OK;-15;-18.3;-50;-5;OK;-17.6;-17.9;0;-15;-12.5;-50;-5;OK;355;368;355;600;OK;183.07;183.64;N/A;N/A;N/A;N/A;N/A;N/A;N/A;N/A;N/A;N/A;N/A;N/A;N/A;N/A;N/A;N/A;N/A;N/A;N/A;N/A;N/A;N/A;N/A;N/A;N/A;N/A;N/A;N/A;N/A;N/A;N/A;N/A;N/A;N/A;N/A;N/A;N/A;N/A;N/A;N/A;N/A;N/A;N/A;N/A;N/A;N/A;N/A;N/A;N/A;N/A;N/A;N/A;N/A;N/A;N/A;N/A;N/A;N/A;N/A;N/A;N/A;N/A;N/A;N/A;N/A;N/A;N/A;N/A;N/A;N/A;N/A;N/A;N/A;N/A;N/A;N/A;N/A;N/A;N/A;N/A;N/A;N/A;N/A;N/A;N/A;N/A;N/A;N/A;N/A;N/A;N/A;N/A;N/A;N/A;N/A;N/A;N/A;N/A;;0;445.2;0;0;;Disabled;TempStop;1;740;489.7;0;0;0;599.9;549.9;Enabled;PosOk;1;20;0;0;0;0;15;Disabled;0;0;0;0;0;0;0;0;0;0;0;0;0;0;0;0;0;0;0;0;0;0;0;0;0;0;0;0;0;0;0;0;0;0;0;0;0;0;0;0;0;0;0;0;0;0;0;0;0;0;0;0;0;0;0;0;0;0;0;0;0;0;0;0;0;0;0;0;0;0;30;23;20;45;30;23;20;45;30;32;20;45;30;30;20;45;100;0;80;300;100;0;80;300;100;266;80;300;100;266;80;300;30;33;20;45;30;30;20;45;30;26;20;45;30;28;20;45;100;238;80;300;100;235;80;300;100;0;80;300;100;0;80;300;4;2;0.4;6;4;5;0.4;6;4;2;0.4;6;4;5;0.4;6;4;2;0.4;6;4;6;0.4;6;4;2;0.4;6;4;6;0.4;6;NOK;NOK;OK;4500;4615;4250;4800;OK;7.64;0;8;12;NOK;N/A;1.9;N/A;N/A;N/A;10;12.8;7;17;OK;;0;0;0;-;Disabled;TempOk;1;230;189.1;0;0;0;349.9;440474000 audi 597g-598h;440474000 audi 597g-598h;440474000 audi 597g-598h
20260331_04:43:40;25991;3;3;965;963.7;915;1015;OK;965;968.9;915;1015;OK;969.3;969.3;-15;-16;-50;-20;NOK;-15;-16.6;-50;-20;NOK;-16.2;-16.2;0;-15;-16.1;-50;-20;NOK;355;398;355;600;OK;0;0;N/A;N/A;N/A;N/A;N/A;N/A;N/A;N/A;N/A;N/A;N/A;N/A;N/A;N/A;N/A;N/A;N/A;N/A;N/A;N/A;N/A;N/A;N/A;N/A;N/A;N/A;N/A;N/A;N/A;N/A;N/A;N/A;N/A;N/A;N/A;N/A;N/A;N/A;N/A;N/A;N/A;N/A;N/A;N/A;N/A;N/A;N/A;N/A;N/A;N/A;N/A;N/A;N/A;N/A;N/A;N/A;N/A;N/A;N/A;N/A;N/A;N/A;N/A;N/A;N/A;N/A;N/A;N/A;N/A;N/A;N/A;N/A;N/A;N/A;N/A;N/A;N/A;N/A;N/A;N/A;N/A;N/A;N/A;N/A;N/A;N/A;N/A;N/A;N/A;N/A;N/A;N/A;N/A;N/A;N/A;N/A;N/A;N/A;;0;444.9;0;0;;Disabled;TempStop;1;740;490.5;0;0;0;599.9;549.9;Enabled;PosOk;1;20;0;0;0;0;15;Disabled;0;0;0;0;0;0;0;0;0;0;0;0;0;0;0;0;0;0;0;0;0;0;0;0;0;0;0;0;0;0;0;0;0;0;0;0;0;0;0;0;0;0;0;0;0;0;0;0;0;0;0;0;0;0;0;0;0;0;0;0;0;0;0;0;0;0;0;0;0;0;30;23;20;45;30;23;20;45;30;32;20;45;30;30;20;45;100;0;80;300;100;0;80;300;100;266;80;300;100;265;80;300;30;33;20;45;30;30;20;45;30;26;20;45;30;28;20;45;100;236;80;300;100;234;80;300;100;0;80;300;100;0;80;300;4;2;0.4;6;4;5;0.4;6;4;2;0.4;6;4;5;0.4;6;4;2;0.4;6;4;5;0.4;6;4;2;0.4;6;4;5;0.4;6;NOK;NOK;OK;4500;4614;4250;4800;OK;7.64;0;8;12;NOK;N/A;1.9;N/A;N/A;N/A;10;14.4;7;17;OK;;0;0;0;-;Disabled;TempOk;1;230;189.2;0;0;0;349.9;440474000 audi 597g-598h;440474000 audi 597g-598h;440474000 audi 597g-598h
20260331_04:43:56;25992;3;2;965;936.4;915;1015;OK;965;937.9;915;1015;OK;929.2;933.3;-15;-18.1;-50;-20;NOK;-15;-15.3;-50;-20;NOK;-17.5;-17.2;0;-15;-18.1;-50;-20;NOK;355;414;355;600;OK;0;0;;;;;;;;;;;;;;;;;;;;;;;;;;;;;;;;;;;;;;;;;;;;;;;;;;;;;;;;;;;;;;;;;;;;;;;;;;;;;;;;;;;;;;;;;;;;;;;;;;;;;;;;;;;;;;;;;;;;;;;;;;;;;;;;;;;;;;;;;;;;;;;;;;;;;;;;;;;;;;;;;;;;;;;;;;;;;;;;;;;;;;;;;;;;;;;;;;;;;;;;;;;;;;;;;;;;;;;;;;;;;;;;;;;;;;;;;;;;;;;;;;;;;;;;;;;;;;;;;;;;;;;;;;;;;;;;;;;;;;;;;;;;;;;;;;;;;;;;;;;;;;;;;;;;;;;;;;;;;;;;;;;;;;;;440474000 audi 597g-598h;;;;
20260331_04:44:03;25993;4;3;965;952.7;915;1015;OK;965;950;915;1015;OK;945.4;947.7;-15;-17.7;-50;-5;OK;-15;-20.3;-50;-5;OK;-19.4;-19.9;0;-15;-17.7;-50;-5;OK;355;368;355;600;OK;183.17;183.72;N/A;N/A;N/A;N/A;N/A;N/A;N/A;N/A;N/A;N/A;N/A;N/A;N/A;N/A;N/A;N/A;N/A;N/A;N/A;N/A;N/A;N/A;N/A;N/A;N/A;N/A;N/A;N/A;N/A;N/A;N/A;N/A;N/A;N/A;N/A;N/A;N/A;N/A;N/A;N/A;N/A;N/A;N/A;N/A;N/A;N/A;N/A;N/A;N/A;N/A;N/A;N/A;N/A;N/A;N/A;N/A;N/A;N/A;N/A;N/A;N/A;N/A;N/A;N/A;N/A;N/A;N/A;N/A;N/A;N/A;N/A;N/A;N/A;N/A;N/A;N/A;N/A;N/A;N/A;N/A;N/A;N/A;N/A;N/A;N/A;N/A;N/A;N/A;N/A;N/A;N/A;N/A;N/A;N/A;N/A;N/A;N/A;N/A;;0;443.1;0;0;;Disabled;TempStop;1;740;489.3;0;0;0;599.9;549.9;Enabled;PosOk;1;20;0;0;0;0;15;Disabled;0;0;0;0;0;0;0;0;0;0;0;0;0;0;0;0;0;0;0;0;0;0;0;0;0;0;0;0;0;0;0;0;0;0;0;0;0;0;0;0;0;0;0;0;0;0;0;0;0;0;0;0;0;0;0;0;0;0;0;0;0;0;0;0;0;0;0;0;0;0;30;23;20;45;30;23;20;45;30;32;20;45;30;30;20;45;100;0;80;300;100;0;80;300;100;266;80;300;100;266;80;300;30;33;20;45;30;30;20;45;30;26;20;45;30;28;20;45;100;237;80;300;100;235;80;300;100;0;80;300;100;0;80;300;4;2;0.4;6;4;5;0.4;6;4;2;0.4;6;4;5;0.4;6;4;2;0.4;6;4;5;0.4;6;4;2;0.4;6;4;6;0.4;6;NOK;NOK;OK;4500;4614;4250;4800;OK;7.64;0;8;12;NOK;N/A;1.9;N/A;N/A;N/A;10;13;7;17;OK;;0;0;0;-;Disabled;TempOk;1;230;192.9;0;0;0;349.9;440474000 audi 597g-598h;440474000 audi 597g-598h;440474000 audi 597g-598h
20260331_04:44:51;25996;4;1;965;961.2;915;1015;OK;965;970.2;915;1015;OK;968.6;969.6;-15;-19.2;-50;-5;OK;-15;-15.4;-50;-5;OK;-15.2;-15;0;-15;-19.4;-50;-5;OK;355;395;355;600;OK;183.22;183.81;N/A;N/A;N/A;N/A;N/A;N/A;N/A;N/A;N/A;N/A;N/A;N/A;N/A;N/A;N/A;N/A;N/A;N/A;N/A;N/A;N/A;N/A;N/A;N/A;N/A;N/A;N/A;N/A;N/A;N/A;N/A;N/A;N/A;N/A;N/A;N/A;N/A;N/A;N/A;N/A;N/A;N/A;N/A;N/A;N/A;N/A;N/A;N/A;N/A;N/A;N/A;N/A;N/A;N/A;N/A;N/A;N/A;N/A;N/A;N/A;N/A;N/A;N/A;N/A;N/A;N/A;N/A;N/A;N/A;N/A;N/A;N/A;N/A;N/A;N/A;N/A;N/A;N/A;N/A;N/A;N/A;N/A;N/A;N/A;N/A;N/A;N/A;N/A;N/A;N/A;N/A;N/A;N/A;N/A;N/A;N/A;N/A;N/A;;0;449.6;0;0;;Disabled;TempStop;1;740;491.4;0;0;0;599.9;549.9;Enabled;PosOk;1;20;0;0;0;0;15;Disabled;0;0;0;0;0;0;0;0;0;0;0;0;0;0;0;0;0;0;0;0;0;0;0;0;0;0;0;0;0;0;0;0;0;0;0;0;0;0;0;0;0;0;0;0;0;0;0;0;0;0;0;0;0;0;0;0;0;0;0;0;0;0;0;0;0;0;0;0;0;0;30;23;20;45;30;23;20;45;30;31;20;45;30;30;20;45;100;0;80;300;100;0;80;300;100;266;80;300;100;266;80;300;30;32;20;45;30;30;20;45;30;26;20;45;30;28;20;45;100;237;80;300;100;235;80;300;100;0;80;300;100;0;80;300;4;2;0.4;6;4;5;0.4;6;4;2;0.4;6;4;5;0.4;6;4;2;0.4;6;4;6;0.4;6;4;2;0.4;6;4;6;0.4;6;NOK;NOK;OK;4500;4609;4250;4800;OK;7.64;0;8;12;NOK;N/A;1.9;N/A;N/A;N/A;10;12.8;7;17;OK;;0;0;0;-;Disabled;TempOk;1;230;175.2;0;0;0;349.9;440474000 audi 597g-598h;440474000 audi 597g-598h;440474000 audi 597g-598h
20260331_04:45:15;25994;1;4;965;960.7;915;1015;OK;965;966.2;915;1015;OK;967.2;966.3;-15;-15.5;-50;-20;NOK;-15;-14.2;-50;-20;NOK;-16.4;-16.5;0;-15;-15.5;-50;-20;NOK;355;445;355;600;OK;0;0;N/A;N/A;N/A;N/A;N/A;N/A;N/A;N/A;N/A;N/A;N/A;N/A;N/A;N/A;N/A;N/A;N/A;N/A;N/A;N/A;N/A;N/A;N/A;N/A;N/A;N/A;N/A;N/A;N/A;N/A;N/A;N/A;N/A;N/A;N/A;N/A;N/A;N/A;N/A;N/A;N/A;N/A;N/A;N/A;N/A;N/A;N/A;N/A;N/A;N/A;N/A;N/A;N/A;N/A;N/A;N/A;N/A;N/A;N/A;N/A;N/A;N/A;N/A;N/A;N/A;N/A;N/A;N/A;N/A;N/A;N/A;N/A;N/A;N/A;N/A;N/A;N/A;N/A;N/A;N/A;N/A;N/A;N/A;N/A;N/A;N/A;N/A;N/A;N/A;N/A;N/A;N/A;N/A;N/A;N/A;N/A;N/A;N/A;;0;444.3;0;0;;Disabled;TempStop;1;740;490.1;0;0;0;599.9;549.9;Enabled;PosOk;1;20;0;0;0;0;15;Disabled;0;0;0;0;0;0;0;0;0;0;0;0;0;0;0;0;0;0;0;0;0;0;0;0;0;0;0;0;0;0;0;0;0;0;0;0;0;0;0;0;0;0;0;0;0;0;0;0;0;0;0;0;0;0;0;0;0;0;0;0;0;0;0;0;0;0;0;0;0;0;30;23;20;45;30;23;20;45;30;32;20;45;30;30;20;45;100;0;80;300;100;0;80;300;100;266;80;300;100;266;80;300;30;33;20;45;30;30;20;45;30;26;20;45;30;28;20;45;100;237;80;300;100;236;80;300;100;0;80;300;100;0;80;300;4;2;0.4;6;4;5;0.4;6;4;2;0.4;6;4;5;0.4;6;4;2;0.4;6;4;6;0.4;6;4;2;0.4;6;4;6;0.4;6;NOK;NOK;OK;4500;4611;4250;4800;OK;7.64;0;8;12;NOK;N/A;1.9;N/A;N/A;N/A;10;13.9;7;17;OK;;0;0;0;-;Disabled;TempOk;1;230;187.1;0;0;0;349.9;440474000 audi 597g-598h;440474000 audi 597g-598h;440474000 audi 597g-598h
20260331_04:45:39;25997;2;4;965;960.5;915;1015;OK;965;965.9;915;1015;OK;966.2;965.8;-15;-23.4;-50;-20;OK;-15;-24.2;-50;-20;OK;-24.2;-24.4;0;-15;-23.4;-50;-20;OK;355;396;355;600;OK;0;0;N/A;N/A;N/A;N/A;N/A;N/A;N/A;N/A;N/A;N/A;N/A;N/A;N/A;N/A;N/A;N/A;N/A;N/A;N/A;N/A;N/A;N/A;N/A;N/A;N/A;N/A;N/A;N/A;N/A;N/A;N/A;N/A;N/A;N/A;N/A;N/A;N/A;N/A;N/A;N/A;N/A;N/A;N/A;N/A;N/A;N/A;N/A;N/A;N/A;N/A;N/A;N/A;N/A;N/A;N/A;N/A;N/A;N/A;N/A;N/A;N/A;N/A;N/A;N/A;N/A;N/A;N/A;N/A;N/A;N/A;N/A;N/A;N/A;N/A;N/A;N/A;N/A;N/A;N/A;N/A;N/A;N/A;N/A;N/A;N/A;N/A;N/A;N/A;N/A;N/A;N/A;N/A;N/A;N/A;N/A;N/A;N/A;N/A;;0;453.8;0;0;;Disabled;TempStop;1;740;499.2;0;0;0;599.9;549.9;Enabled;PosOk;1;20;0;0;0;0;15;Disabled;0;0;0;0;0;0;0;0;0;0;0;0;0;0;0;0;0;0;0;0;0;0;0;0;0;0;0;0;0;0;0;0;0;0;0;0;0;0;0;0;0;0;0;0;0;0;0;0;0;0;0;0;0;0;0;0;0;0;0;0;0;0;0;0;0;0;0;0;0;0;30;23;20;45;30;23;20;45;30;32;20;45;30;30;20;45;100;0;80;300;100;0;80;300;100;266;80;300;100;266;80;300;30;33;20;45;30;30;20;45;30;26;20;45;30;28;20;45;100;237;80;300;100;235;80;300;100;0;80;300;100;0;80;300;4;2;0.4;6;4;5;0.4;6;4;2;0.4;6;4;5;0.4;6;4;2;0.4;6;4;5;0.4;6;4;2;0.4;6;4;6;0.4;6;NOK;NOK;OK;4500;4610;4250;4800;OK;7.64;0;8;12;NOK;N/A;1.9;N/A;N/A;N/A;10;12.9;7;17;OK;;0;0;0;-;Disabled;TempOk;1;230;189.8;0;0;0;349.9;440474000 audi 597g-598h;440474000 audi 597g-598h;440474000 audi 597g-598h
20260331_04:46:02;25995;1;3;965;953.7;915;1015;OK;965;966.9;915;1015;OK;969;968.8;-15;-13.6;-50;-20;NOK;-15;-15.6;-50;-20;NOK;-15.9;-14.3;0;-15;-13.6;-50;-20;NOK;355;462;355;600;OK;0;0;N/A;N/A;N/A;N/A;N/A;N/A;N/A;N/A;N/A;N/A;N/A;N/A;N/A;N/A;N/A;N/A;N/A;N/A;N/A;N/A;N/A;N/A;N/A;N/A;N/A;N/A;N/A;N/A;N/A;N/A;N/A;N/A;N/A;N/A;N/A;N/A;N/A;N/A;N/A;N/A;N/A;N/A;N/A;N/A;N/A;N/A;N/A;N/A;N/A;N/A;N/A;N/A;N/A;N/A;N/A;N/A;N/A;N/A;N/A;N/A;N/A;N/A;N/A;N/A;N/A;N/A;N/A;N/A;N/A;N/A;N/A;N/A;N/A;N/A;N/A;N/A;N/A;N/A;N/A;N/A;N/A;N/A;N/A;N/A;N/A;N/A;N/A;N/A;N/A;N/A;N/A;N/A;N/A;N/A;N/A;N/A;N/A;N/A;;0;444.6;0;0;;Disabled;TempStop;1;740;489;0;0;0;599.9;549.9;Enabled;PosOk;1;20;0;0;0;0;15;Disabled;0;0;0;0;0;0;0;0;0;0;0;0;0;0;0;0;0;0;0;0;0;0;0;0;0;0;0;0;0;0;0;0;0;0;0;0;0;0;0;0;0;0;0;0;0;0;0;0;0;0;0;0;0;0;0;0;0;0;0;0;0;0;0;0;0;0;0;0;0;0;30;23;20;45;30;23;20;45;30;32;20;45;30;30;20;45;100;0;80;300;100;0;80;300;100;267;80;300;100;266;80;300;30;33;20;45;30;30;20;45;30;26;20;45;30;27;20;45;100;237;80;300;100;235;80;300;100;0;80;300;100;0;80;300;4;2;0.4;6;4;5;0.4;6;4;2;0.4;6;4;5;0.4;6;4;2;0.4;6;4;5;0.4;6;4;2;0.4;6;4;6;0.4;6;NOK;NOK;OK;4500;4610;4250;4800;OK;7.64;0;8;12;NOK;N/A;1.9;N/A;N/A;N/A;10;14;7;17;OK;;0;0;0;-;Disabled;TempOk;1;230;197;0;0;0;349.9;440474000 audi 597g-598h;440474000 audi 597g-598h;440474000 audi 597g-598h
20260331_04:46:26;26000;4;4;965;949.7;915;1015;OK;965;938.3;915;1015;OK;933.6;936.2;-15;-19.2;-50;-5;OK;-15;-19.3;-50;-5;OK;-23.8;-19.7;0;-15;-19.4;-50;-5;OK;355;397;355;600;OK;183.39;183.95;N/A;N/A;N/A;N/A;N/A;N/A;N/A;N/A;N/A;N/A;N/A;N/A;N/A;N/A;N/A;N/A;N/A;N/A;N/A;N/A;N/A;N/A;N/A;N/A;N/A;N/A;N/A;N/A;N/A;N/A;N/A;N/A;N/A;N/A;N/A;N/A;N/A;N/A;N/A;N/A;N/A;N/A;N/A;N/A;N/A;N/A;N/A;N/A;N/A;N/A;N/A;N/A;N/A;N/A;N/A;N/A;N/A;N/A;N/A;N/A;N/A;N/A;N/A;N/A;N/A;N/A;N/A;N/A;N/A;N/A;N/A;N/A;N/A;N/A;N/A;N/A;N/A;N/A;N/A;N/A;N/A;N/A;N/A;N/A;N/A;N/A;N/A;N/A;N/A;N/A;N/A;N/A;N/A;N/A;N/A;N/A;N/A;N/A;;0;438.2;0;0;;Disabled;TempStop;1;740;482.9;0;0;0;599.9;549.9;Enabled;PosOk;1;20;0;0;0;0;15;Disabled;0;0;0;0;0;0;0;0;0;0;0;0;0;0;0;0;0;0;0;0;0;0;0;0;0;0;0;0;0;0;0;0;0;0;0;0;0;0;0;0;0;0;0;0;0;0;0;0;0;0;0;0;0;0;0;0;0;0;0;0;0;0;0;0;0;0;0;0;0;0;30;23;20;45;30;23;20;45;30;32;20;45;30;30;20;45;100;0;80;300;100;0;80;300;100;266;80;300;100;266;80;300;30;33;20;45;30;30;20;45;30;26;20;45;30;27;20;45;100;237;80;300;100;235;80;300;100;0;80;300;100;0;80;300;4;2;0.4;6;4;5;0.4;6;4;2;0.4;6;4;5;0.4;6;4;2;0.4;6;4;6;0.4;6;4;2;0.4;6;4;6;0.4;6;NOK;NOK;OK;4500;4613;4250;4800;OK;7.64;0;8;12;NOK;N/A;1.9;N/A;N/A;N/A;10;12.9;7;17;OK;;0;0;0;-;Disabled;TempOk;1;230;193.9;0;0;0;349.9;440474000 audi 597g-598h;440474000 audi 597g-598h;440474000 audi 597g-598h
20260331_04:46:44;26001;2;5;965;920.6;915;1015;OK;965;908.4;915;1015;NOK;888.6;896.2;-15;-17.6;-50;-20;NOK;-15;-17.9;-50;-20;NOK;-18;-17.7;0;-15;-17.5;-50;-20;NOK;355;398;355;600;OK;0;0;;;;;;;;;;;;;;;;;;;;;;;;;;;;;;;;;;;;;;;;;;;;;;;;;;;;;;;;;;;;;;;;;;;;;;;;;;;;;;;;;;;;;;;;;;;;;;;;;;;;;;;;;;;;;;;;;;;;;;;;;;;;;;;;;;;;;;;;;;;;;;;;;;;;;;;;;;;;;;;;;;;;;;;;;;;;;;;;;;;;;;;;;;;;;;;;;;;;;;;;;;;;;;;;;;;;;;;;;;;;;;;;;;;;;;;;;;;;;;;;;;;;;;;;;;;;;;;;;;;;;;;;;;;;;;;;;;;;;;;;;;;;;;;;;;;;;;;;;;;;;;;;;;;;;;;;;;;;;;;;;;;;;;;;440474000 audi 597g-598h;;;;
20260331_04:46:50;25998;3;4;965;961;915;1015;OK;965;950.6;915;1015;OK;945.6;949.1;-15;-14.7;-50;-20;NOK;-15;-14.1;-50;-20;NOK;-18.4;-18.2;0;-15;-14.6;-50;-20;NOK;355;477;355;600;OK;0;0;N/A;N/A;N/A;N/A;N/A;N/A;N/A;N/A;N/A;N/A;N/A;N/A;N/A;N/A;N/A;N/A;N/A;N/A;N/A;N/A;N/A;N/A;N/A;N/A;N/A;N/A;N/A;N/A;N/A;N/A;N/A;N/A;N/A;N/A;N/A;N/A;N/A;N/A;N/A;N/A;N/A;N/A;N/A;N/A;N/A;N/A;N/A;N/A;N/A;N/A;N/A;N/A;N/A;N/A;N/A;N/A;N/A;N/A;N/A;N/A;N/A;N/A;N/A;N/A;N/A;N/A;N/A;N/A;N/A;N/A;N/A;N/A;N/A;N/A;N/A;N/A;N/A;N/A;N/A;N/A;N/A;N/A;N/A;N/A;N/A;N/A;N/A;N/A;N/A;N/A;N/A;N/A;N/A;N/A;N/A;N/A;N/A;N/A;;0;434.8;0;0;;Disabled;TempStop;1;740;480.2;0;0;0;599.9;549.9;Enabled;PosOk;1;20;0;0;0;0;15;Disabled;0;0;0;0;0;0;0;0;0;0;0;0;0;0;0;0;0;0;0;0;0;0;0;0;0;0;0;0;0;0;0;0;0;0;0;0;0;0;0;0;0;0;0;0;0;0;0;0;0;0;0;0;0;0;0;0;0;0;0;0;0;0;0;0;0;0;0;0;0;0;30;23;20;45;30;23;20;45;30;32;20;45;30;30;20;45;100;0;80;300;100;0;80;300;100;266;80;300;100;266;80;300;30;33;20;45;30;30;20;45;30;26;20;45;30;27;20;45;100;237;80;300;100;235;80;300;100;0;80;300;100;0;80;300;4;2;0.4;6;4;5;0.4;6;4;2;0.4;6;4;5;0.4;6;4;2;0.4;6;4;6;0.4;6;4;2;0.4;6;4;6;0.4;6;NOK;NOK;OK;4500;4616;4250;4800;OK;7.64;0;8;12;NOK;N/A;1.9;N/A;N/A;N/A;10;14;7;17;OK;;0;0;0;-;Disabled;TempOk;1;230;193;0;0;0;349.9;440474000 audi 597g-598h;440474000 audi 597g-598h;440474000 audi 597g-598h
20260331_04:47:37;25999;3;5;965;932.3;915;1015;OK;965;925;915;1015;OK;908;917.4;-15;-15.4;-50;-20;NOK;-15;-17.2;-50;-20;NOK;-17.1;-17;0;-15;-15.5;-50;-20;NOK;355;367;355;600;OK;0;0;N/A;N/A;N/A;N/A;N/A;N/A;N/A;N/A;N/A;N/A;N/A;N/A;N/A;N/A;N/A;N/A;N/A;N/A;N/A;N/A;N/A;N/A;N/A;N/A;N/A;N/A;N/A;N/A;N/A;N/A;N/A;N/A;N/A;N/A;N/A;N/A;N/A;N/A;N/A;N/A;N/A;N/A;N/A;N/A;N/A;N/A;N/A;N/A;N/A;N/A;N/A;N/A;N/A;N/A;N/A;N/A;N/A;N/A;N/A;N/A;N/A;N/A;N/A;N/A;N/A;N/A;N/A;N/A;N/A;N/A;N/A;N/A;N/A;N/A;N/A;N/A;N/A;N/A;N/A;N/A;N/A;N/A;N/A;N/A;N/A;N/A;N/A;N/A;N/A;N/A;N/A;N/A;N/A;N/A;N/A;N/A;N/A;N/A;;0;431.1;0;0;;Disabled;TempStop;1;740;475.3;0;0;0;599.9;549.9;Enabled;PosOk;1;20;0;0;0;0;15;Disabled;0;0;0;0;0;0;0;0;0;0;0;0;0;0;0;0;0;0;0;0;0;0;0;0;0;0;0;0;0;0;0;0;0;0;0;0;0;0;0;0;0;0;0;0;0;0;0;0;0;0;0;0;0;0;0;0;0;0;0;0;0;0;0;0;0;0;0;0;0;0;30;23;20;45;30;23;20;45;30;31;20;45;30;30;20;45;100;1;80;300;100;0;80;300;100;266;80;300;100;266;80;300;30;32;20;45;30;30;20;45;30;26;20;45;30;28;20;45;100;237;80;300;100;235;80;300;100;0;80;300;100;0;80;300;4;2;0.4;6;4;5;0.4;6;4;2;0.4;6;4;5;0.4;6;4;2;0.4;6;4;5;0.4;6;4;2;0.4;6;4;6;0.4;6;NOK;NOK;OK;4500;4614;4250;4800;OK;7.64;0;8;12;NOK;N/A;1.9;N/A;N/A;N/A;10;14.6;7;17;OK;;0;0;0;-;Disabled;TempOk;1;230;182.1;0;0;0;349.9;440474000 audi 597g-598h;440474000 audi 597g-598h;440474000 audi 597g-598h
20260331_04:48:25;26003;1;2;965;939.1;915;1015;OK;965;941.2;915;1015;OK;934.5;937.8;-15;-16.6;-50;-20;NOK;-15;-16.3;-50;-20;NOK;-14.6;-15.3;0;-15;-16.6;-50;-20;NOK;355;367;355;600;OK;0;0;N/A;N/A;N/A;N/A;N/A;N/A;N/A;N/A;N/A;N/A;N/A;N/A;N/A;N/A;N/A;N/A;N/A;N/A;N/A;N/A;N/A;N/A;N/A;N/A;N/A;N/A;N/A;N/A;N/A;N/A;N/A;N/A;N/A;N/A;N/A;N/A;N/A;N/A;N/A;N/A;N/A;N/A;N/A;N/A;N/A;N/A;N/A;N/A;N/A;N/A;N/A;N/A;N/A;N/A;N/A;N/A;N/A;N/A;N/A;N/A;N/A;N/A;N/A;N/A;N/A;N/A;N/A;N/A;N/A;N/A;N/A;N/A;N/A;N/A;N/A;N/A;N/A;N/A;N/A;N/A;N/A;N/A;N/A;N/A;N/A;N/A;N/A;N/A;N/A;N/A;N/A;N/A;N/A;N/A;N/A;N/A;N/A;N/A;;0;439;0;0;;Disabled;TempStop;1;740;482.1;0;0;0;599.9;549.9;Enabled;PosOk;1;20;0;0;0;0;15;Disabled;0;0;0;0;0;0;0;0;0;0;0;0;0;0;0;0;0;0;0;0;0;0;0;0;0;0;0;0;0;0;0;0;0;0;0;0;0;0;0;0;0;0;0;0;0;0;0;0;0;0;0;0;0;0;0;0;0;0;0;0;0;0;0;0;0;0;0;0;0;0;30;23;20;45;30;23;20;45;30;30;20;45;30;30;20;45;100;0;80;300;100;0;80;300;100;266;80;300;100;265;80;300;30;31;20;45;30;30;20;45;30;26;20;45;30;28;20;45;100;237;80;300;100;235;80;300;100;0;80;300;100;0;80;300;4;2;0.4;6;4;5;0.4;6;4;2;0.4;6;4;5;0.4;6;4;2;0.4;6;4;5;0.4;6;4;2;0.4;6;4;6;0.4;6;NOK;NOK;OK;4500;4607;4250;4800;OK;7.64;0;8;12;NOK;N/A;1.9;N/A;N/A;N/A;10;13.8;7;17;OK;;0;0;0;-;Disabled;TempOk;1;230;175.8;0;0;0;349.9;440474000 audi 597g-598h;440474000 audi 597g-598h;440474000 audi 597g-598h
20260331_04:48:49;26002;2;2;965;953.6;915;1015;OK;965;966.4;915;1015;OK;966.2;966.8;-15;-20.4;-50;-20;OK;-15;-20.6;-50;-20;OK;-20.3;-20.6;0;-15;-20.4;-50;-20;OK;355;368;355;600;OK;0;0;N/A;N/A;N/A;N/A;N/A;N/A;N/A;N/A;N/A;N/A;N/A;N/A;N/A;N/A;N/A;N/A;N/A;N/A;N/A;N/A;N/A;N/A;N/A;N/A;N/A;N/A;N/A;N/A;N/A;N/A;N/A;N/A;N/A;N/A;N/A;N/A;N/A;N/A;N/A;N/A;N/A;N/A;N/A;N/A;N/A;N/A;N/A;N/A;N/A;N/A;N/A;N/A;N/A;N/A;N/A;N/A;N/A;N/A;N/A;N/A;N/A;N/A;N/A;N/A;N/A;N/A;N/A;N/A;N/A;N/A;N/A;N/A;N/A;N/A;N/A;N/A;N/A;N/A;N/A;N/A;N/A;N/A;N/A;N/A;N/A;N/A;N/A;N/A;N/A;N/A;N/A;N/A;N/A;N/A;N/A;N/A;N/A;N/A;;0;446.3;0;0;;Disabled;TempStop;1;740;486.3;0;0;0;599.9;549.9;Enabled;PosOk;1;20;0;0;0;0;15;Disabled;0;0;0;0;0;0;0;0;0;0;0;0;0;0;0;0;0;0;0;0;0;0;0;0;0;0;0;0;0;0;0;0;0;0;0;0;0;0;0;0;0;0;0;0;0;0;0;0;0;0;0;0;0;0;0;0;0;0;0;0;0;0;0;0;0;0;0;0;0;0;30;23;20;45;30;23;20;45;30;31;20;45;30;30;20;45;100;0;80;300;100;0;80;300;100;266;80;300;100;265;80;300;30;32;20;45;30;30;20;45;30;26;20;45;30;27;20;45;100;237;80;300;100;235;80;300;100;0;80;300;100;0;80;300;4;2;0.4;6;4;5;0.4;6;4;2;0.4;6;4;5;0.4;6;4;2;0.4;6;4;5;0.4;6;4;2;0.4;6;4;6;0.4;6;NOK;NOK;OK;4500;4611;4250;4800;OK;7.64;0;8;12;NOK;N/A;1.9;N/A;N/A;N/A;10;12.9;7;17;OK;;0;0;0;-;Disabled;TempOk;1;230;183.4;0;0;0;349.9;440474000 audi 597g-598h;440474000 audi 597g-598h;440474000 audi 597g-598h
20260331_04:49:13;26004;1;1;965;923;915;1015;OK;965;923.6;915;1015;OK;915.5;920;-15;-12.9;-50;-20;NOK;-15;-15.3;-50;-20;NOK;-16;-16.4;0;-15;-12.9;-50;-20;NOK;355;367;355;600;OK;0;0;N/A;N/A;N/A;N/A;N/A;N/A;N/A;N/A;N/A;N/A;N/A;N/A;N/A;N/A;N/A;N/A;N/A;N/A;N/A;N/A;N/A;N/A;N/A;N/A;N/A;N/A;N/A;N/A;N/A;N/A;N/A;N/A;N/A;N/A;N/A;N/A;N/A;N/A;N/A;N/A;N/A;N/A;N/A;N/A;N/A;N/A;N/A;N/A;N/A;N/A;N/A;N/A;N/A;N/A;N/A;N/A;N/A;N/A;N/A;N/A;N/A;N/A;N/A;N/A;N/A;N/A;N/A;N/A;N/A;N/A;N/A;N/A;N/A;N/A;N/A;N/A;N/A;N/A;N/A;N/A;N/A;N/A;N/A;N/A;N/A;N/A;N/A;N/A;N/A;N/A;N/A;N/A;N/A;N/A;N/A;N/A;N/A;N/A;;0;436;0;0;;Disabled;TempStop;1;740;479.2;0;0;0;599.9;549.9;Enabled;PosOk;1;20;0;0;0;0;15;Disabled;0;0;0;0;0;0;0;0;0;0;0;0;0;0;0;0;0;0;0;0;0;0;0;0;0;0;0;0;0;0;0;0;0;0;0;0;0;0;0;0;0;0;0;0;0;0;0;0;0;0;0;0;0;0;0;0;0;0;0;0;0;0;0;0;0;0;0;0;0;0;30;23;20;45;30;23;20;45;30;32;20;45;30;30;20;45;100;0;80;300;100;0;80;300;100;266;80;300;100;266;80;300;30;33;20;45;30;30;20;45;30;26;20;45;30;28;20;45;100;237;80;300;100;235;80;300;100;0;80;300;100;0;80;300;4;2;0.4;6;4;5;0.4;6;4;2;0.4;6;4;6;0.4;6;4;2;0.4;6;4;5;0.4;6;4;2;0.4;6;4;6;0.4;6;NOK;NOK;OK;4500;4603;4250;4800;OK;7.64;0;8;12;NOK;N/A;1.9;N/A;N/A;N/A;10;14;7;17;OK;;0;0;0;-;Disabled;TempOk;1;230;191.1;0;0;0;349.9;440474000 audi 597g-598h;440474000 audi 597g-598h;440474000 audi 597g-598h
20260331_04:49:36;26005;4;2;965;952.2;915;1015;OK;965;946.2;915;1015;OK;943.2;945.3;-15;-18.3;-50;-5;OK;-15;-12.9;-50;-5;OK;-12.3;-12.4;0;-15;-18.3;-50;-5;OK;355;368;355;600;OK;183.66;184.18;N/A;N/A;N/A;N/A;N/A;N/A;N/A;N/A;N/A;N/A;N/A;N/A;N/A;N/A;N/A;N/A;N/A;N/A;N/A;N/A;N/A;N/A;N/A;N/A;N/A;N/A;N/A;N/A;N/A;N/A;N/A;N/A;N/A;N/A;N/A;N/A;N/A;N/A;N/A;N/A;N/A;N/A;N/A;N/A;N/A;N/A;N/A;N/A;N/A;N/A;N/A;N/A;N/A;N/A;N/A;N/A;N/A;N/A;N/A;N/A;N/A;N/A;N/A;N/A;N/A;N/A;N/A;N/A;N/A;N/A;N/A;N/A;N/A;N/A;N/A;N/A;N/A;N/A;N/A;N/A;N/A;N/A;N/A;N/A;N/A;N/A;N/A;N/A;N/A;N/A;N/A;N/A;N/A;N/A;N/A;N/A;N/A;N/A;;0;441.2;0;0;;Disabled;TempStop;1;740;484.4;0;0;0;599.9;549.9;Enabled;PosOk;1;20;0;0;0;0;15;Disabled;0;0;0;0;0;0;0;0;0;0;0;0;0;0;0;0;0;0;0;0;0;0;0;0;0;0;0;0;0;0;0;0;0;0;0;0;0;0;0;0;0;0;0;0;0;0;0;0;0;0;0;0;0;0;0;0;0;0;0;0;0;0;0;0;0;0;0;0;0;0;30;23;20;45;30;23;20;45;30;32;20;45;30;30;20;45;100;1;80;300;100;0;80;300;100;266;80;300;100;266;80;300;30;33;20;45;30;30;20;45;30;26;20;45;30;28;20;45;100;237;80;300;100;235;80;300;100;0;80;300;100;0;80;300;4;2;0.4;6;4;5;0.4;6;4;2;0.4;6;4;5;0.4;6;4;2;0.4;6;4;5;0.4;6;4;2;0.4;6;4;6;0.4;6;NOK;NOK;OK;4500;4613;4250;4800;OK;7.64;0;8;12;NOK;N/A;1.9;N/A;N/A;N/A;10;13.4;7;17;OK;;0;0;0;-;Disabled;TempOk;1;230;189.2;0;0;0;349.9;440474000 audi 597g-598h;440474000 audi 597g-598h;440474000 audi 597g-598h
20260331_04:50:00;26006;3;3;965;953.5;915;1015;OK;965;968.3;915;1015;OK;969;968.7;-15;-16.6;-50;-20;NOK;-15;-16.4;-50;-20;NOK;-15.9;-16.1;0;-15;-16.6;-50;-20;NOK;355;367;355;600;OK;0;0;N/A;N/A;N/A;N/A;N/A;N/A;N/A;N/A;N/A;N/A;N/A;N/A;N/A;N/A;N/A;N/A;N/A;N/A;N/A;N/A;N/A;N/A;N/A;N/A;N/A;N/A;N/A;N/A;N/A;N/A;N/A;N/A;N/A;N/A;N/A;N/A;N/A;N/A;N/A;N/A;N/A;N/A;N/A;N/A;N/A;N/A;N/A;N/A;N/A;N/A;N/A;N/A;N/A;N/A;N/A;N/A;N/A;N/A;N/A;N/A;N/A;N/A;N/A;N/A;N/A;N/A;N/A;N/A;N/A;N/A;N/A;N/A;N/A;N/A;N/A;N/A;N/A;N/A;N/A;N/A;N/A;N/A;N/A;N/A;N/A;N/A;N/A;N/A;N/A;N/A;N/A;N/A;N/A;N/A;N/A;N/A;N/A;N/A;;0;444.4;0;0;;Disabled;TempStop;1;740;488.2;0;0;0;599.9;549.9;Enabled;PosOk;1;20;0;0;0;0;15;Disabled;0;0;0;0;0;0;0;0;0;0;0;0;0;0;0;0;0;0;0;0;0;0;0;0;0;0;0;0;0;0;0;0;0;0;0;0;0;0;0;0;0;0;0;0;0;0;0;0;0;0;0;0;0;0;0;0;0;0;0;0;0;0;0;0;0;0;0;0;0;0;30;23;20;45;30;23;20;45;30;32;20;45;30;29;20;45;100;0;80;300;100;0;80;300;100;266;80;300;100;266;80;300;30;33;20;45;30;30;20;45;30;26;20;45;30;28;20;45;100;237;80;300;100;235;80;300;100;0;80;300;100;0;80;300;4;2;0.4;6;4;5;0.4;6;4;2;0.4;6;4;5;0.4;6;4;2;0.4;6;4;6;0.4;6;4;2;0.4;6;4;6;0.4;6;NOK;NOK;OK;4500;4616;4250;4800;OK;7.64;0;8;12;NOK;N/A;1.9;N/A;N/A;N/A;10;14.7;7;17;OK;;0;0;0;-;Disabled;TempOk;1;230;193.3;0;0;0;349.9;440474000 audi 597g-598h;440474000 audi 597g-598h;440474000 audi 597g-598h
20260331_04:50:24;26007;4;3;965;940;915;1015;OK;965;939.3;915;1015;OK;934;937;-15;-20.2;-50;-5;OK;-15;-17.4;-50;-5;OK;-15.8;-16.3;0;-15;-20.2;-50;-5;OK;355;368;355;600;OK;183.74;184.28;N/A;N/A;N/A;N/A;N/A;N/A;N/A;N/A;N/A;N/A;N/A;N/A;N/A;N/A;N/A;N/A;N/A;N/A;N/A;N/A;N/A;N/A;N/A;N/A;N/A;N/A;N/A;N/A;N/A;N/A;N/A;N/A;N/A;N/A;N/A;N/A;N/A;N/A;N/A;N/A;N/A;N/A;N/A;N/A;N/A;N/A;N/A;N/A;N/A;N/A;N/A;N/A;N/A;N/A;N/A;N/A;N/A;N/A;N/A;N/A;N/A;N/A;N/A;N/A;N/A;N/A;N/A;N/A;N/A;N/A;N/A;N/A;N/A;N/A;N/A;N/A;N/A;N/A;N/A;N/A;N/A;N/A;N/A;N/A;N/A;N/A;N/A;N/A;N/A;N/A;N/A;N/A;N/A;N/A;N/A;N/A;N/A;N/A;;0;440.8;0;0;;Disabled;TempStop;1;740;485.7;0;0;0;599.9;549.9;Enabled;PosOk;1;20;0;0;0;0;15;Disabled;0;0;0;0;0;0;0;0;0;0;0;0;0;0;0;0;0;0;0;0;0;0;0;0;0;0;0;0;0;0;0;0;0;0;0;0;0;0;0;0;0;0;0;0;0;0;0;0;0;0;0;0;0;0;0;0;0;0;0;0;0;0;0;0;0;0;0;0;0;0;30;23;20;45;30;23;20;45;30;32;20;45;30;29;20;45;100;0;80;300;100;0;80;300;100;266;80;300;100;265;80;300;30;33;20;45;30;30;20;45;30;26;20;45;30;28;20;45;100;237;80;300;100;235;80;300;100;0;80;300;100;0;80;300;4;2;0.4;6;4;5;0.4;6;4;2;0.4;6;4;5;0.4;6;4;2;0.4;6;4;6;0.4;6;4;2;0.4;6;4;6;0.4;6;NOK;NOK;OK;4500;4615;4250;4800;OK;7.64;0;8;12;NOK;N/A;1.9;N/A;N/A;N/A;10;12.9;7;17;OK;;0;0;0;-;Disabled;TempOk;1;230;190.8;0;0;0;349.9;440474000 audi 597g-598h;440474000 audi 597g-598h;440474000 audi 597g-598h
20260331_04:51:11;26009;4;1;965;958.9;915;1015;OK;965;950.9;915;1015;OK;945.9;948.2;-15;-15.6;-50;-5;OK;-15;-18.4;-50;-5;OK;-15.7;-16.9;0;-15;-15.7;-50;-5;OK;355;368;355;600;OK;183.82;184.39;N/A;N/A;N/A;N/A;N/A;N/A;N/A;N/A;N/A;N/A;N/A;N/A;N/A;N/A;N/A;N/A;N/A;N/A;N/A;N/A;N/A;N/A;N/A;N/A;N/A;N/A;N/A;N/A;N/A;N/A;N/A;N/A;N/A;N/A;N/A;N/A;N/A;N/A;N/A;N/A;N/A;N/A;N/A;N/A;N/A;N/A;N/A;N/A;N/A;N/A;N/A;N/A;N/A;N/A;N/A;N/A;N/A;N/A;N/A;N/A;N/A;N/A;N/A;N/A;N/A;N/A;N/A;N/A;N/A;N/A;N/A;N/A;N/A;N/A;N/A;N/A;N/A;N/A;N/A;N/A;N/A;N/A;N/A;N/A;N/A;N/A;N/A;N/A;N/A;N/A;N/A;N/A;N/A;N/A;N/A;N/A;N/A;N/A;;0;444.6;0;0;;Disabled;TempStop;1;740;486.7;0;0;0;599.9;549.9;Enabled;PosOk;1;20;0;0;0;0;15;Disabled;0;0;0;0;0;0;0;0;0;0;0;0;0;0;0;0;0;0;0;0;0;0;0;0;0;0;0;0;0;0;0;0;0;0;0;0;0;0;0;0;0;0;0;0;0;0;0;0;0;0;0;0;0;0;0;0;0;0;0;0;0;0;0;0;0;0;0;0;0;0;30;23;20;45;30;23;20;45;30;31;20;45;30;30;20;45;100;0;80;300;100;0;80;300;100;266;80;300;100;266;80;300;30;32;20;45;30;30;20;45;30;26;20;45;30;28;20;45;100;237;80;300;100;235;80;300;100;0;80;300;100;0;80;300;4;2;0.4;6;4;5;0.4;6;4;2;0.4;6;4;5;0.4;6;4;2;0.4;6;4;6;0.4;6;4;2;0.4;6;4;6;0.4;6;NOK;NOK;OK;4500;4611;4250;4800;OK;7.64;0;8;12;NOK;N/A;1.9;N/A;N/A;N/A;10;12.8;7;17;OK;;0;0;0;-;Disabled;TempOk;1;230;170.2;0;0;0;349.9;440474000 audi 597g-598h;440474000 audi 597g-598h;440474000 audi 597g-598h
20260331_04:51:35;26008;1;4;965;953.2;915;1015;OK;965;966.3;915;1015;OK;966.7;966;-15;-14.3;-50;-20;NOK;-15;-14;-50;-20;NOK;-15.3;-14.5;0;-15;-14.2;-50;-20;NOK;355;367;355;600;OK;0;0;N/A;N/A;N/A;N/A;N/A;N/A;N/A;N/A;N/A;N/A;N/A;N/A;N/A;N/A;N/A;N/A;N/A;N/A;N/A;N/A;N/A;N/A;N/A;N/A;N/A;N/A;N/A;N/A;N/A;N/A;N/A;N/A;N/A;N/A;N/A;N/A;N/A;N/A;N/A;N/A;N/A;N/A;N/A;N/A;N/A;N/A;N/A;N/A;N/A;N/A;N/A;N/A;N/A;N/A;N/A;N/A;N/A;N/A;N/A;N/A;N/A;N/A;N/A;N/A;N/A;N/A;N/A;N/A;N/A;N/A;N/A;N/A;N/A;N/A;N/A;N/A;N/A;N/A;N/A;N/A;N/A;N/A;N/A;N/A;N/A;N/A;N/A;N/A;N/A;N/A;N/A;N/A;N/A;N/A;N/A;N/A;N/A;N/A;;0;445.1;0;0;;Disabled;TempStop;1;740;490.6;0;0;0;599.9;549.9;Enabled;PosOk;1;20;0;0;0;0;15;Disabled;0;0;0;0;0;0;0;0;0;0;0;0;0;0;0;0;0;0;0;0;0;0;0;0;0;0;0;0;0;0;0;0;0;0;0;0;0;0;0;0;0;0;0;0;0;0;0;0;0;0;0;0;0;0;0;0;0;0;0;0;0;0;0;0;0;0;0;0;0;0;30;23;20;45;30;23;20;45;30;31;20;45;30;30;20;45;100;0;80;300;100;0;80;300;100;266;80;300;100;265;80;300;30;32;20;45;30;30;20;45;30;26;20;45;30;28;20;45;100;237;80;300;100;235;80;300;100;0;80;300;100;0;80;300;4;2;0.4;6;4;5;0.4;6;4;2;0.4;6;4;5;0.4;6;4;2;0.4;6;4;6;0.4;6;4;2;0.4;6;4;6;0.4;6;NOK;NOK;OK;4500;4615;4250;4800;OK;7.64;0;8;12;NOK;N/A;1.9;N/A;N/A;N/A;10;13.9;7;17;OK;;0;0;0;-;Disabled;TempOk;1;230;188.5;0;0;0;349.9;440474000 audi 597g-598h;440474000 audi 597g-598h;440474000 audi 597g-598h
20260331_04:51:59;26010;2;4;965;953.6;915;1015;OK;965;954.4;915;1015;OK;951.8;953.4;-15;-24.1;-50;-20;OK;-15;-22.8;-50;-20;OK;-23.6;-23.2;0;-15;-24.1;-50;-20;OK;355;368;355;600;OK;0;0;N/A;N/A;N/A;N/A;N/A;N/A;N/A;N/A;N/A;N/A;N/A;N/A;N/A;N/A;N/A;N/A;N/A;N/A;N/A;N/A;N/A;N/A;N/A;N/A;N/A;N/A;N/A;N/A;N/A;N/A;N/A;N/A;N/A;N/A;N/A;N/A;N/A;N/A;N/A;N/A;N/A;N/A;N/A;N/A;N/A;N/A;N/A;N/A;N/A;N/A;N/A;N/A;N/A;N/A;N/A;N/A;N/A;N/A;N/A;N/A;N/A;N/A;N/A;N/A;N/A;N/A;N/A;N/A;N/A;N/A;N/A;N/A;N/A;N/A;N/A;N/A;N/A;N/A;N/A;N/A;N/A;N/A;N/A;N/A;N/A;N/A;N/A;N/A;N/A;N/A;N/A;N/A;N/A;N/A;N/A;N/A;N/A;N/A;;0;451.5;0;0;;Disabled;TempStop;1;740;496.6;0;0;0;599.9;549.9;Enabled;PosOk;1;20;0;0;0;0;15;Disabled;0;0;0;0;0;0;0;0;0;0;0;0;0;0;0;0;0;0;0;0;0;0;0;0;0;0;0;0;0;0;0;0;0;0;0;0;0;0;0;0;0;0;0;0;0;0;0;0;0;0;0;0;0;0;0;0;0;0;0;0;0;0;0;0;0;0;0;0;0;0;30;23;20;45;30;23;20;45;30;32;20;45;30;30;20;45;100;0;80;300;100;0;80;300;100;266;80;300;100;266;80;300;30;33;20;45;30;30;20;45;30;26;20;45;30;28;20;45;100;237;80;300;100;235;80;300;100;0;80;300;100;0;80;300;4;2;0.4;6;4;5;0.4;6;4;2;0.4;6;4;5;0.4;6;4;2;0.4;6;4;5;0.4;6;4;2;0.4;6;4;6;0.4;6;NOK;NOK;OK;4500;4612;4250;4800;OK;7.64;0;8;12;NOK;N/A;1.9;N/A;N/A;N/A;10;12.8;7;17;OK;;0;0;0;-;Disabled;TempOk;1;230;186.3;0;0;0;349.9;440474000 audi 597g-598h;440474000 audi 597g-598h;440474000 audi 597g-598h
20260331_04:52:23;26011;1;3;965;954.2;915;1015;OK;965;967.8;915;1015;OK;968.6;968.3;-15;-15.9;-50;-20;NOK;-15;-15.5;-50;-20;NOK;-13.4;-14.1;0;-15;-15.9;-50;-20;NOK;355;367;355;600;OK;0;0;N/A;N/A;N/A;N/A;N/A;N/A;N/A;N/A;N/A;N/A;N/A;N/A;N/A;N/A;N/A;N/A;N/A;N/A;N/A;N/A;N/A;N/A;N/A;N/A;N/A;N/A;N/A;N/A;N/A;N/A;N/A;N/A;N/A;N/A;N/A;N/A;N/A;N/A;N/A;N/A;N/A;N/A;N/A;N/A;N/A;N/A;N/A;N/A;N/A;N/A;N/A;N/A;N/A;N/A;N/A;N/A;N/A;N/A;N/A;N/A;N/A;N/A;N/A;N/A;N/A;N/A;N/A;N/A;N/A;N/A;N/A;N/A;N/A;N/A;N/A;N/A;N/A;N/A;N/A;N/A;N/A;N/A;N/A;N/A;N/A;N/A;N/A;N/A;N/A;N/A;N/A;N/A;N/A;N/A;N/A;N/A;N/A;N/A;;0;445.1;0;0;;Disabled;TempStop;1;740;488.3;0;0;0;599.9;549.9;Enabled;PosOk;1;20;0;0;0;0;15;Disabled;0;0;0;0;0;0;0;0;0;0;0;0;0;0;0;0;0;0;0;0;0;0;0;0;0;0;0;0;0;0;0;0;0;0;0;0;0;0;0;0;0;0;0;0;0;0;0;0;0;0;0;0;0;0;0;0;0;0;0;0;0;0;0;0;0;0;0;0;0;0;30;23;20;45;30;23;20;45;30;32;20;45;30;29;20;45;100;0;80;300;100;0;80;300;100;266;80;300;100;265;80;300;30;33;20;45;30;30;20;45;30;26;20;45;30;28;20;45;100;237;80;300;100;235;80;300;100;0;80;300;100;0;80;300;4;2;0.4;6;4;5;0.4;6;4;2;0.4;6;4;5;0.4;6;4;2;0.4;6;4;6;0.4;6;4;2;0.4;6;4;6;0.4;6;NOK;NOK;OK;4500;4608;4250;4800;OK;7.64;0;8;12;NOK;N/A;1.9;N/A;N/A;N/A;10;14.1;7;17;OK;;0;0;0;-;Disabled;TempOk;1;230;190;0;0;0;349.9;440474000 audi 597g-598h;440474000 audi 597g-598h;440474000 audi 597g-598h
20260331_04:52:46;26012;4;4;965;921.5;915;1015;OK;965;926.2;915;1015;OK;920.2;923.9;-15;-19.7;-50;-5;OK;-15;-19.5;-50;-5;OK;-19;-18.1;0;-15;-19.8;-50;-5;OK;355;368;355;600;OK;183.97;184.56;N/A;N/A;N/A;N/A;N/A;N/A;N/A;N/A;N/A;N/A;N/A;N/A;N/A;N/A;N/A;N/A;N/A;N/A;N/A;N/A;N/A;N/A;N/A;N/A;N/A;N/A;N/A;N/A;N/A;N/A;N/A;N/A;N/A;N/A;N/A;N/A;N/A;N/A;N/A;N/A;N/A;N/A;N/A;N/A;N/A;N/A;N/A;N/A;N/A;N/A;N/A;N/A;N/A;N/A;N/A;N/A;N/A;N/A;N/A;N/A;N/A;N/A;N/A;N/A;N/A;N/A;N/A;N/A;N/A;N/A;N/A;N/A;N/A;N/A;N/A;N/A;N/A;N/A;N/A;N/A;N/A;N/A;N/A;N/A;N/A;N/A;N/A;N/A;N/A;N/A;N/A;N/A;N/A;N/A;N/A;N/A;N/A;N/A;;0;434.6;0;0;;Disabled;TempStop;1;740;477.1;0;0;0;599.9;549.9;Enabled;PosOk;1;20;0;0;0;0;15;Disabled;0;0;0;0;0;0;0;0;0;0;0;0;0;0;0;0;0;0;0;0;0;0;0;0;0;0;0;0;0;0;0;0;0;0;0;0;0;0;0;0;0;0;0;0;0;0;0;0;0;0;0;0;0;0;0;0;0;0;0;0;0;0;0;0;0;0;0;0;0;0;30;23;20;45;30;23;20;45;30;32;20;45;30;29;20;45;100;0;80;300;100;0;80;300;100;266;80;300;100;266;80;300;30;33;20;45;30;29;20;45;30;26;20;45;30;28;20;45;100;238;80;300;100;235;80;300;100;0;80;300;100;0;80;300;4;2;0.4;6;4;5;0.4;6;4;2;0.4;6;4;5;0.4;6;4;2;0.4;6;4;6;0.4;6;4;2;0.4;6;4;6;0.4;6;NOK;NOK;OK;4500;4610;4250;4800;OK;7.64;0;8;12;NOK;N/A;1.9;N/A;N/A;N/A;10;12.9;7;17;OK;;0;0;0;-;Disabled;TempOk;1;230;189.8;0;0;0;349.9;440474000 audi 597g-598h;440474000 audi 597g-598h;440474000 audi 597g-598h
20260331_04:53:04;26014;2;1;965;918.7;915;1015;OK;965;912;915;1015;NOK;899.3;907;-15;-17.3;-50;-20;NOK;-15;-16.2;-50;-20;NOK;-16.7;-16.3;0;-15;-17.3;-50;-20;NOK;355;359;355;600;OK;0;0;;;;;;;;;;;;;;;;;;;;;;;;;;;;;;;;;;;;;;;;;;;;;;;;;;;;;;;;;;;;;;;;;;;;;;;;;;;;;;;;;;;;;;;;;;;;;;;;;;;;;;;;;;;;;;;;;;;;;;;;;;;;;;;;;;;;;;;;;;;;;;;;;;;;;;;;;;;;;;;;;;;;;;;;;;;;;;;;;;;;;;;;;;;;;;;;;;;;;;;;;;;;;;;;;;;;;;;;;;;;;;;;;;;;;;;;;;;;;;;;;;;;;;;;;;;;;;;;;;;;;;;;;;;;;;;;;;;;;;;;;;;;;;;;;;;;;;;;;;;;;;;;;;;;;;;;;;;;;;;;;;;;;;;;440474000 audi 597g-598h;;;;
20260331_04:53:10;26013;3;4;965;939.1;915;1015;OK;965;936.8;915;1015;OK;931.8;934.8;-15;-14.5;-50;-20;NOK;-15;-15;-50;-20;NOK;-14.1;-13.9;0;-15;-14.6;-50;-20;NOK;355;367;355;600;OK;0;0;N/A;N/A;N/A;N/A;N/A;N/A;N/A;N/A;N/A;N/A;N/A;N/A;N/A;N/A;N/A;N/A;N/A;N/A;N/A;N/A;N/A;N/A;N/A;N/A;N/A;N/A;N/A;N/A;N/A;N/A;N/A;N/A;N/A;N/A;N/A;N/A;N/A;N/A;N/A;N/A;N/A;N/A;N/A;N/A;N/A;N/A;N/A;N/A;N/A;N/A;N/A;N/A;N/A;N/A;N/A;N/A;N/A;N/A;N/A;N/A;N/A;N/A;N/A;N/A;N/A;N/A;N/A;N/A;N/A;N/A;N/A;N/A;N/A;N/A;N/A;N/A;N/A;N/A;N/A;N/A;N/A;N/A;N/A;N/A;N/A;N/A;N/A;N/A;N/A;N/A;N/A;N/A;N/A;N/A;N/A;N/A;N/A;N/A;;0;431.1;0;0;;Disabled;TempStop;1;740;471.2;0;0;0;599.9;549.9;Enabled;PosOk;1;20;0;0;0;0;15;Disabled;0;0;0;0;0;0;0;0;0;0;0;0;0;0;0;0;0;0;0;0;0;0;0;0;0;0;0;0;0;0;0;0;0;0;0;0;0;0;0;0;0;0;0;0;0;0;0;0;0;0;0;0;0;0;0;0;0;0;0;0;0;0;0;0;0;0;0;0;0;0;30;23;20;45;30;23;20;45;30;32;20;45;30;29;20;45;100;0;80;300;100;0;80;300;100;267;80;300;100;266;80;300;30;33;20;45;30;29;20;45;30;26;20;45;30;28;20;45;100;238;80;300;100;235;80;300;100;0;80;300;100;1;80;300;4;2;0.4;6;4;5;0.4;6;4;2;0.4;6;4;5;0.4;6;4;2;0.4;6;4;5;0.4;6;4;2;0.4;6;4;6;0.4;6;NOK;NOK;OK;4500;4607;4250;4800;OK;7.64;0;8;12;NOK;N/A;1.9;N/A;N/A;N/A;10;13.9;7;17;OK;;0;0;0;-;Disabled;TempOk;1;230;193.6;0;0;0;349.9;440474000 audi 597g-598h;440474000 audi 597g-598h;440474000 audi 597g-598h
20260331_04:53:27;26015;3;5;965;917.5;915;1015;OK;965;910.8;915;1015;NOK;891.6;901.1;-15;-17;-50;-20;NOK;-15;-17.4;-50;-20;NOK;-16.6;-16.7;0;-15;-16.9;-50;-20;NOK;355;367;355;600;OK;0;0;;;;;;;;;;;;;;;;;;;;;;;;;;;;;;;;;;;;;;;;;;;;;;;;;;;;;;;;;;;;;;;;;;;;;;;;;;;;;;;;;;;;;;;;;;;;;;;;;;;;;;;;;;;;;;;;;;;;;;;;;;;;;;;;;;;;;;;;;;;;;;;;;;;;;;;;;;;;;;;;;;;;;;;;;;;;;;;;;;;;;;;;;;;;;;;;;;;;;;;;;;;;;;;;;;;;;;;;;;;;;;;;;;;;;;;;;;;;;;;;;;;;;;;;;;;;;;;;;;;;;;;;;;;;;;;;;;;;;;;;;;;;;;;;;;;;;;;;;;;;;;;;;;;;;;;;;;;;;;;;;;;;;;;;440474000 audi 597g-598h;;;;
20260331_04:54:45;26017;1;2;965;929.3;915;1015;OK;965;934.2;915;1015;OK;926.2;930;-15;-16.5;-50;-20;NOK;-15;-16.1;-50;-20;NOK;-14.9;-15.5;0;-15;-16.6;-50;-20;NOK;355;367;355;600;OK;0;0;N/A;N/A;N/A;N/A;N/A;N/A;N/A;N/A;N/A;N/A;N/A;N/A;N/A;N/A;N/A;N/A;N/A;N/A;N/A;N/A;N/A;N/A;N/A;N/A;N/A;N/A;N/A;N/A;N/A;N/A;N/A;N/A;N/A;N/A;N/A;N/A;N/A;N/A;N/A;N/A;N/A;N/A;N/A;N/A;N/A;N/A;N/A;N/A;N/A;N/A;N/A;N/A;N/A;N/A;N/A;N/A;N/A;N/A;N/A;N/A;N/A;N/A;N/A;N/A;N/A;N/A;N/A;N/A;N/A;N/A;N/A;N/A;N/A;N/A;N/A;N/A;N/A;N/A;N/A;N/A;N/A;N/A;N/A;N/A;N/A;N/A;N/A;N/A;N/A;N/A;N/A;N/A;N/A;N/A;N/A;N/A;N/A;N/A;;0;436.6;0;0;;Disabled;TempStop;1;740;481.3;0;0;0;599.9;549.9;Enabled;PosOk;1;20;0;0;0;0;15;Disabled;0;0;0;0;0;0;0;0;0;0;0;0;0;0;0;0;0;0;0;0;0;0;0;0;0;0;0;0;0;0;0;0;0;0;0;0;0;0;0;0;0;0;0;0;0;0;0;0;0;0;0;0;0;0;0;0;0;0;0;0;0;0;0;0;0;0;0;0;0;0;30;23;20;45;30;23;20;45;30;30;20;45;30;30;20;45;100;0;80;300;100;0;80;300;100;266;80;300;100;266;80;300;30;32;20;45;30;30;20;45;30;26;20;45;30;28;20;45;100;237;80;300;100;235;80;300;100;0;80;300;100;0;80;300;4;2;0.4;6;4;5;0.4;6;4;2;0.4;6;4;5;0.4;6;4;2;0.4;6;4;6;0.4;6;4;2;0.4;6;4;6;0.4;6;NOK;NOK;OK;4500;4609;4250;4800;OK;7.64;0;8;12;NOK;N/A;1.9;N/A;N/A;N/A;10;14;7;17;OK;;0;0;0;-;Disabled;TempOk;1;230;165.8;0;0;0;349.9;440474000 audi 597g-598h;440474000 audi 597g-598h;440474000 audi 597g-598h
20260331_04:55:02;26018;1;1;965;909.8;915;1015;NOK;965;911.7;915;1015;NOK;902.1;906.8;-15;-15.1;-50;-20;NOK;-15;-15.7;-50;-20;NOK;-14.4;-15;0;-15;-15.1;-50;-20;NOK;355;367;355;600;OK;0;0;;;;;;;;;;;;;;;;;;;;;;;;;;;;;;;;;;;;;;;;;;;;;;;;;;;;;;;;;;;;;;;;;;;;;;;;;;;;;;;;;;;;;;;;;;;;;;;;;;;;;;;;;;;;;;;;;;;;;;;;;;;;;;;;;;;;;;;;;;;;;;;;;;;;;;;;;;;;;;;;;;;;;;;;;;;;;;;;;;;;;;;;;;;;;;;;;;;;;;;;;;;;;;;;;;;;;;;;;;;;;;;;;;;;;;;;;;;;;;;;;;;;;;;;;;;;;;;;;;;;;;;;;;;;;;;;;;;;;;;;;;;;;;;;;;;;;;;;;;;;;;;;;;;;;;;;;;;;;;;;;;;;;;;;440474000 audi 597g-598h;;;;
20260331_04:55:09;26016;2;2;965;953.2;915;1015;OK;965;966.6;915;1015;OK;967.1;966.5;-15;-20.5;-50;-20;OK;-15;-19.9;-50;-20;NOK;-20;-20;0;-15;-20.5;-50;-20;OK;355;368;355;600;OK;0;0;N/A;N/A;N/A;N/A;N/A;N/A;N/A;N/A;N/A;N/A;N/A;N/A;N/A;N/A;N/A;N/A;N/A;N/A;N/A;N/A;N/A;N/A;N/A;N/A;N/A;N/A;N/A;N/A;N/A;N/A;N/A;N/A;N/A;N/A;N/A;N/A;N/A;N/A;N/A;N/A;N/A;N/A;N/A;N/A;N/A;N/A;N/A;N/A;N/A;N/A;N/A;N/A;N/A;N/A;N/A;N/A;N/A;N/A;N/A;N/A;N/A;N/A;N/A;N/A;N/A;N/A;N/A;N/A;N/A;N/A;N/A;N/A;N/A;N/A;N/A;N/A;N/A;N/A;N/A;N/A;N/A;N/A;N/A;N/A;N/A;N/A;N/A;N/A;N/A;N/A;N/A;N/A;N/A;N/A;N/A;N/A;N/A;N/A;;0;446.5;0;0;;Disabled;TempStop;1;740;488.3;0;0;0;599.9;549.9;Enabled;PosOk;1;20;0;0;0;0;15;Disabled;0;0;0;0;0;0;0;0;0;0;0;0;0;0;0;0;0;0;0;0;0;0;0;0;0;0;0;0;0;0;0;0;0;0;0;0;0;0;0;0;0;0;0;0;0;0;0;0;0;0;0;0;0;0;0;0;0;0;0;0;0;0;0;0;0;0;0;0;0;0;30;23;20;45;30;23;20;45;30;31;20;45;30;30;20;45;100;0;80;300;100;0;80;300;100;267;80;300;100;266;80;300;30;33;20;45;30;30;20;45;30;26;20;45;30;27;20;45;100;237;80;300;100;235;80;300;100;0;80;300;100;0;80;300;4;2;0.4;6;4;5;0.4;6;4;2;0.4;6;4;5;0.4;6;4;2;0.4;6;4;5;0.4;6;4;2;0.4;6;4;5;0.4;6;NOK;NOK;OK;4500;4608;4250;4800;OK;7.64;0;8;12;NOK;N/A;1.9;N/A;N/A;N/A;10;12.9;7;17;OK;;0;0;0;-;Disabled;TempOk;1;230;184.3;0;0;0;349.9;440474000 audi 597g-598h;440474000 audi 597g-598h;440474000 audi 597g-598h
20260331_04:55:57;26019;4;2;965;934.1;915;1015;OK;965;939;915;1015;OK;931.3;935.3;-15;-13.2;-50;-5;OK;-15;-16.5;-50;-5;OK;-17.1;-17.1;0;-15;-13.2;-50;-5;OK;355;368;355;600;OK;184.21;184.77;N/A;N/A;N/A;N/A;N/A;N/A;N/A;N/A;N/A;N/A;N/A;N/A;N/A;N/A;N/A;N/A;N/A;N/A;N/A;N/A;N/A;N/A;N/A;N/A;N/A;N/A;N/A;N/A;N/A;N/A;N/A;N/A;N/A;N/A;N/A;N/A;N/A;N/A;N/A;N/A;N/A;N/A;N/A;N/A;N/A;N/A;N/A;N/A;N/A;N/A;N/A;N/A;N/A;N/A;N/A;N/A;N/A;N/A;N/A;N/A;N/A;N/A;N/A;N/A;N/A;N/A;N/A;N/A;N/A;N/A;N/A;N/A;N/A;N/A;N/A;N/A;N/A;N/A;N/A;N/A;N/A;N/A;N/A;N/A;N/A;N/A;N/A;N/A;N/A;N/A;N/A;N/A;N/A;N/A;N/A;N/A;N/A;N/A;;0;439.7;0;0;;Disabled;TempStop;1;740;482.2;0;0;0;599.9;549.9;Enabled;PosOk;1;20;0;0;0;0;15;Disabled;0;0;0;0;0;0;0;0;0;0;0;0;0;0;0;0;0;0;0;0;0;0;0;0;0;0;0;0;0;0;0;0;0;0;0;0;0;0;0;0;0;0;0;0;0;0;0;0;0;0;0;0;0;0;0;0;0;0;0;0;0;0;0;0;0;0;0;0;0;0;30;23;20;45;30;23;20;45;30;30;20;45;30;29;20;45;100;0;80;300;100;0;80;300;100;266;80;300;100;266;80;300;30;31;20;45;30;29;20;45;30;26;20;45;30;27;20;45;100;237;80;300;100;235;80;300;100;0;80;300;100;0;80;300;4;2;0.4;6;4;5;0.4;6;4;2;0.4;6;4;5;0.4;6;4;2;0.4;6;4;5;0.4;6;4;2;0.4;6;4;6;0.4;6;NOK;NOK;OK;4500;4612;4250;4800;OK;7.64;0;8;12;NOK;N/A;1.9;N/A;N/A;N/A;10;13.4;7;17;OK;;0;0;0;-;Disabled;TempOk;1;230;171.8;0;0;0;349.9;440474000 audi 597g-598h;440474000 audi 597g-598h;440474000 audi 597g-598h
20260331_04:56:20;26020;3;3;965;954.1;915;1015;OK;965;967.9;915;1015;OK;968.6;968.3;-15;-16.5;-50;-20;NOK;-15;-17;-50;-20;NOK;-17.2;-17.1;0;-15;-16.5;-50;-20;NOK;355;367;355;600;OK;0;0;N/A;N/A;N/A;N/A;N/A;N/A;N/A;N/A;N/A;N/A;N/A;N/A;N/A;N/A;N/A;N/A;N/A;N/A;N/A;N/A;N/A;N/A;N/A;N/A;N/A;N/A;N/A;N/A;N/A;N/A;N/A;N/A;N/A;N/A;N/A;N/A;N/A;N/A;N/A;N/A;N/A;N/A;N/A;N/A;N/A;N/A;N/A;N/A;N/A;N/A;N/A;N/A;N/A;N/A;N/A;N/A;N/A;N/A;N/A;N/A;N/A;N/A;N/A;N/A;N/A;N/A;N/A;N/A;N/A;N/A;N/A;N/A;N/A;N/A;N/A;N/A;N/A;N/A;N/A;N/A;N/A;N/A;N/A;N/A;N/A;N/A;N/A;N/A;N/A;N/A;N/A;N/A;N/A;N/A;N/A;N/A;N/A;N/A;;0;448.7;0;0;;Disabled;TempStop;1;740;492.8;0;0;0;599.9;549.9;Enabled;PosOk;1;20;0;0;0;0;15;Disabled;0;0;0;0;0;0;0;0;0;0;0;0;0;0;0;0;0;0;0;0;0;0;0;0;0;0;0;0;0;0;0;0;0;0;0;0;0;0;0;0;0;0;0;0;0;0;0;0;0;0;0;0;0;0;0;0;0;0;0;0;0;0;0;0;0;0;0;0;0;0;30;23;20;45;30;23;20;45;30;30;20;45;30;29;20;45;100;0;80;300;100;0;80;300;100;266;80;300;100;266;80;300;30;31;20;45;30;29;20;45;30;26;20;45;30;28;20;45;100;237;80;300;100;235;80;300;100;0;80;300;100;0;80;300;4;2;0.4;6;4;5;0.4;6;4;2;0.4;6;4;5;0.4;6;4;2;0.4;6;4;6;0.4;6;4;2;0.4;6;4;6;0.4;6;NOK;NOK;OK;4500;4610;4250;4800;OK;7.64;0;8;12;NOK;N/A;1.9;N/A;N/A;N/A;10;14.6;7;17;OK;;0;0;0;-;Disabled;TempOk;1;230;185.2;0;0;0;349.9;440474000 audi 597g-598h;440474000 audi 597g-598h;440474000 audi 597g-598h
20260331_04:56:44;26021;4;3;965;930;915;1015;OK;965;929.2;915;1015;OK;922.8;926.5;-15;-17.5;-50;-5;OK;-15;-18.4;-50;-5;OK;-18.1;-18.3;0;-15;-17.6;-50;-5;OK;355;368;355;600;OK;184.31;184.85;N/A;N/A;N/A;N/A;N/A;N/A;N/A;N/A;N/A;N/A;N/A;N/A;N/A;N/A;N/A;N/A;N/A;N/A;N/A;N/A;N/A;N/A;N/A;N/A;N/A;N/A;N/A;N/A;N/A;N/A;N/A;N/A;N/A;N/A;N/A;N/A;N/A;N/A;N/A;N/A;N/A;N/A;N/A;N/A;N/A;N/A;N/A;N/A;N/A;N/A;N/A;N/A;N/A;N/A;N/A;N/A;N/A;N/A;N/A;N/A;N/A;N/A;N/A;N/A;N/A;N/A;N/A;N/A;N/A;N/A;N/A;N/A;N/A;N/A;N/A;N/A;N/A;N/A;N/A;N/A;N/A;N/A;N/A;N/A;N/A;N/A;N/A;N/A;N/A;N/A;N/A;N/A;N/A;N/A;N/A;N/A;N/A;N/A;;0;438.4;0;0;;Disabled;TempStop;1;740;483.3;0;0;0;599.9;549.9;Enabled;PosOk;1;20;0;0;0;0;15;Disabled;0;0;0;0;0;0;0;0;0;0;0;0;0;0;0;0;0;0;0;0;0;0;0;0;0;0;0;0;0;0;0;0;0;0;0;0;0;0;0;0;0;0;0;0;0;0;0;0;0;0;0;0;0;0;0;0;0;0;0;0;0;0;0;0;0;0;0;0;0;0;30;23;20;45;30;23;20;45;30;31;20;45;30;29;20;45;100;0;80;300;100;0;80;300;100;267;80;300;100;266;80;300;30;32;20;45;30;29;20;45;30;26;20;45;30;28;20;45;100;237;80;300;100;235;80;300;100;0;80;300;100;0;80;300;4;2;0.4;6;4;5;0.4;6;4;2;0.4;6;4;5;0.4;6;4;2;0.4;6;4;5;0.4;6;4;2;0.4;6;4;6;0.4;6;NOK;NOK;OK;4500;4611;4250;4800;OK;7.64;0;8;12;NOK;N/A;1.9;N/A;N/A;N/A;10;12.9;7;17;OK;;0;0;0;-;Disabled;TempOk;1;230;188.4;0;0;0;349.9;440474000 audi 597g-598h;440474000 audi 597g-598h;440474000 audi 597g-598h
20260331_04:57:32;26023;4;1;965;939.8;915;1015;OK;965;936.3;915;1015;OK;931.7;934.4;-15;-18.8;-50;-5;OK;-15;-16.4;-50;-5;OK;-12.9;-14.4;0;-15;-18.9;-50;-5;OK;355;368;355;600;OK;184.41;184.93;N/A;N/A;N/A;N/A;N/A;N/A;N/A;N/A;N/A;N/A;N/A;N/A;N/A;N/A;N/A;N/A;N/A;N/A;N/A;N/A;N/A;N/A;N/A;N/A;N/A;N/A;N/A;N/A;N/A;N/A;N/A;N/A;N/A;N/A;N/A;N/A;N/A;N/A;N/A;N/A;N/A;N/A;N/A;N/A;N/A;N/A;N/A;N/A;N/A;N/A;N/A;N/A;N/A;N/A;N/A;N/A;N/A;N/A;N/A;N/A;N/A;N/A;N/A;N/A;N/A;N/A;N/A;N/A;N/A;N/A;N/A;N/A;N/A;N/A;N/A;N/A;N/A;N/A;N/A;N/A;N/A;N/A;N/A;N/A;N/A;N/A;N/A;N/A;N/A;N/A;N/A;N/A;N/A;N/A;N/A;N/A;N/A;N/A;;0;437.3;0;0;;Disabled;TempStop;1;740;478.3;0;0;0;599.9;549.9;Enabled;PosOk;1;20;0;0;0;0;15;Disabled;0;0;0;0;0;0;0;0;0;0;0;0;0;0;0;0;0;0;0;0;0;0;0;0;0;0;0;0;0;0;0;0;0;0;0;0;0;0;0;0;0;0;0;0;0;0;0;0;0;0;0;0;0;0;0;0;0;0;0;0;0;0;0;0;0;0;0;0;0;0;30;23;20;45;30;23;20;45;30;30;20;45;30;30;20;45;100;0;80;300;100;0;80;300;100;266;80;300;100;265;80;300;30;32;20;45;30;30;20;45;30;26;20;45;30;27;20;45;100;237;80;300;100;234;80;300;100;0;80;300;100;0;80;300;4;2;0.4;6;4;5;0.4;6;4;2;0.4;6;4;5;0.4;6;4;2;0.4;6;4;6;0.4;6;4;2;0.4;6;4;6;0.4;6;NOK;NOK;OK;4500;4619;4250;4800;OK;7.64;0;8;12;NOK;N/A;1.9;N/A;N/A;N/A;10;12.8;7;17;OK;;0;0;0;-;Disabled;TempOk;1;230;172.3;0;0;0;349.9;440474000 audi 597g-598h;440474000 audi 597g-598h;440474000 audi 597g-598h
20260331_04:57:55;26022;1;4;965;953.7;915;1015;OK;965;966.3;915;1015;OK;966.3;966.3;-15;-14.1;-50;-20;NOK;-15;-14.6;-50;-20;NOK;-14.9;-14.6;0;-15;-14.1;-50;-20;NOK;355;367;355;600;OK;0;0;N/A;N/A;N/A;N/A;N/A;N/A;N/A;N/A;N/A;N/A;N/A;N/A;N/A;N/A;N/A;N/A;N/A;N/A;N/A;N/A;N/A;N/A;N/A;N/A;N/A;N/A;N/A;N/A;N/A;N/A;N/A;N/A;N/A;N/A;N/A;N/A;N/A;N/A;N/A;N/A;N/A;N/A;N/A;N/A;N/A;N/A;N/A;N/A;N/A;N/A;N/A;N/A;N/A;N/A;N/A;N/A;N/A;N/A;N/A;N/A;N/A;N/A;N/A;N/A;N/A;N/A;N/A;N/A;N/A;N/A;N/A;N/A;N/A;N/A;N/A;N/A;N/A;N/A;N/A;N/A;N/A;N/A;N/A;N/A;N/A;N/A;N/A;N/A;N/A;N/A;N/A;N/A;N/A;N/A;N/A;N/A;N/A;N/A;;0;444.7;0;0;;Disabled;TempStop;1;740;488.6;0;0;0;599.9;549.9;Enabled;PosOk;1;20;0;0;0;0;15;Disabled;0;0;0;0;0;0;0;0;0;0;0;0;0;0;0;0;0;0;0;0;0;0;0;0;0;0;0;0;0;0;0;0;0;0;0;0;0;0;0;0;0;0;0;0;0;0;0;0;0;0;0;0;0;0;0;0;0;0;0;0;0;0;0;0;0;0;0;0;0;0;30;23;20;45;30;23;20;45;30;31;20;45;30;30;20;45;100;1;80;300;100;0;80;300;100;266;80;300;100;266;80;300;30;32;20;45;30;30;20;45;30;26;20;45;30;28;20;45;100;237;80;300;100;235;80;300;100;0;80;300;100;0;80;300;4;2;0.4;6;4;5;0.4;6;4;2;0.4;6;4;5;0.4;6;4;2;0.4;6;4;5;0.4;6;4;2;0.4;6;4;5;0.4;6;NOK;NOK;OK;4500;4617;4250;4800;OK;7.64;0;8;12;NOK;N/A;1.9;N/A;N/A;N/A;10;14.5;7;17;OK;;0;0;0;-;Disabled;TempOk;1;230;183.5;0;0;0;349.9;440474000 audi 597g-598h;440474000 audi 597g-598h;440474000 audi 597g-598h
20260331_04:58:19;26024;2;4;965;943.1;915;1015;OK;965;939.3;915;1015;OK;932.7;936.6;-15;-22.7;-50;-20;OK;-15;-22.6;-50;-20;OK;-22.5;-22.4;0;-15;-22.7;-50;-20;OK;355;368;355;600;OK;0;0;N/A;N/A;N/A;N/A;N/A;N/A;N/A;N/A;N/A;N/A;N/A;N/A;N/A;N/A;N/A;N/A;N/A;N/A;N/A;N/A;N/A;N/A;N/A;N/A;N/A;N/A;N/A;N/A;N/A;N/A;N/A;N/A;N/A;N/A;N/A;N/A;N/A;N/A;N/A;N/A;N/A;N/A;N/A;N/A;N/A;N/A;N/A;N/A;N/A;N/A;N/A;N/A;N/A;N/A;N/A;N/A;N/A;N/A;N/A;N/A;N/A;N/A;N/A;N/A;N/A;N/A;N/A;N/A;N/A;N/A;N/A;N/A;N/A;N/A;N/A;N/A;N/A;N/A;N/A;N/A;N/A;N/A;N/A;N/A;N/A;N/A;N/A;N/A;N/A;N/A;N/A;N/A;N/A;N/A;N/A;N/A;N/A;N/A;;0;443.9;0;0;;Disabled;TempStop;1;740;488.2;0;0;0;599.9;549.9;Enabled;PosOk;1;20;0;0;0;0;15;Disabled;0;0;0;0;0;0;0;0;0;0;0;0;0;0;0;0;0;0;0;0;0;0;0;0;0;0;0;0;0;0;0;0;0;0;0;0;0;0;0;0;0;0;0;0;0;0;0;0;0;0;0;0;0;0;0;0;0;0;0;0;0;0;0;0;0;0;0;0;0;0;30;23;20;45;30;23;20;45;30;32;20;45;30;30;20;45;100;0;80;300;100;0;80;300;100;266;80;300;100;266;80;300;30;33;20;45;30;30;20;45;30;26;20;45;30;27;20;45;100;237;80;300;100;235;80;300;100;0;80;300;100;0;80;300;4;2;0.4;6;4;5;0.4;6;4;2;0.4;6;4;5;0.4;6;4;2;0.4;6;4;5;0.4;6;4;2;0.4;6;4;6;0.4;6;NOK;NOK;OK;4500;4601;4250;4800;OK;7.64;0;8;12;NOK;N/A;1.9;N/A;N/A;N/A;10;12.8;7;17;OK;;0;0;0;-;Disabled;TempOk;1;230;191.1;0;0;0;349.9;440474000 audi 597g-598h;440474000 audi 597g-598h;440474000 audi 597g-598h
20260331_04:58:43;26025;1;3;965;956.1;915;1015;OK;965;969.4;915;1015;OK;969.5;969.3;-15;-15.8;-50;-20;NOK;-15;-15.8;-50;-20;NOK;-13.7;-14.4;0;-15;-15.8;-50;-20;NOK;355;367;355;600;OK;0;0;N/A;N/A;N/A;N/A;N/A;N/A;N/A;N/A;N/A;N/A;N/A;N/A;N/A;N/A;N/A;N/A;N/A;N/A;N/A;N/A;N/A;N/A;N/A;N/A;N/A;N/A;N/A;N/A;N/A;N/A;N/A;N/A;N/A;N/A;N/A;N/A;N/A;N/A;N/A;N/A;N/A;N/A;N/A;N/A;N/A;N/A;N/A;N/A;N/A;N/A;N/A;N/A;N/A;N/A;N/A;N/A;N/A;N/A;N/A;N/A;N/A;N/A;N/A;N/A;N/A;N/A;N/A;N/A;N/A;N/A;N/A;N/A;N/A;N/A;N/A;N/A;N/A;N/A;N/A;N/A;N/A;N/A;N/A;N/A;N/A;N/A;N/A;N/A;N/A;N/A;N/A;N/A;N/A;N/A;N/A;N/A;N/A;N/A;;0;449.1;0;0;;Disabled;TempStop;1;740;491.8;0;0;0;599.9;549.9;Enabled;PosOk;1;20;0;0;0;0;15;Disabled;0;0;0;0;0;0;0;0;0;0;0;0;0;0;0;0;0;0;0;0;0;0;0;0;0;0;0;0;0;0;0;0;0;0;0;0;0;0;0;0;0;0;0;0;0;0;0;0;0;0;0;0;0;0;0;0;0;0;0;0;0;0;0;0;0;0;0;0;0;0;30;23;20;45;30;23;20;45;30;32;20;45;30;30;20;45;100;0;80;300;100;0;80;300;100;266;80;300;100;266;80;300;30;33;20;45;30;30;20;45;30;26;20;45;30;28;20;45;100;237;80;300;100;235;80;300;100;0;80;300;100;0;80;300;4;2;0.4;6;4;5;0.4;6;4;2;0.4;6;4;5;0.4;6;4;2;0.4;6;4;6;0.4;6;4;2;0.4;6;4;6;0.4;6;NOK;NOK;OK;4500;4613;4250;4800;OK;7.64;0;8;12;NOK;N/A;1.9;N/A;N/A;N/A;10;13.9;7;17;OK;;0;0;0;-;Disabled;TempOk;1;230;193.4;0;0;0;349.9;440474000 audi 597g-598h;440474000 audi 597g-598h;440474000 audi 597g-598h
20260331_04:59:07;26026;4;4;965;909.9;915;1015;NOK;965;916.9;915;1015;OK;909.3;913.6;-15;-20;-50;-5;OK;-15;-19.4;-50;-5;OK;-19.6;-18.8;0;-15;-20.1;-50;-5;OK;355;368;355;600;OK;184.58;185.09;N/A;N/A;N/A;N/A;N/A;N/A;N/A;N/A;N/A;N/A;N/A;N/A;N/A;N/A;N/A;N/A;N/A;N/A;N/A;N/A;N/A;N/A;N/A;N/A;N/A;N/A;N/A;N/A;N/A;N/A;N/A;N/A;N/A;N/A;N/A;N/A;N/A;N/A;N/A;N/A;N/A;N/A;N/A;N/A;N/A;N/A;N/A;N/A;N/A;N/A;N/A;N/A;N/A;N/A;N/A;N/A;N/A;N/A;N/A;N/A;N/A;N/A;N/A;N/A;N/A;N/A;N/A;N/A;N/A;N/A;N/A;N/A;N/A;N/A;N/A;N/A;N/A;N/A;N/A;N/A;N/A;N/A;N/A;N/A;N/A;N/A;N/A;N/A;N/A;N/A;N/A;N/A;N/A;N/A;N/A;N/A;N/A;N/A;;0;432.3;0;0;;Disabled;TempStop;1;740;473.1;0;0;0;599.9;549.9;Enabled;PosOk;1;20;0;0;0;0;15;Disabled;0;0;0;0;0;0;0;0;0;0;0;0;0;0;0;0;0;0;0;0;0;0;0;0;0;0;0;0;0;0;0;0;0;0;0;0;0;0;0;0;0;0;0;0;0;0;0;0;0;0;0;0;0;0;0;0;0;0;0;0;0;0;0;0;0;0;0;0;0;0;30;23;20;45;30;23;20;45;30;32;20;45;30;30;20;45;100;0;80;300;100;0;80;300;100;266;80;300;100;266;80;300;30;33;20;45;30;30;20;45;30;26;20;45;30;28;20;45;100;237;80;300;100;235;80;300;100;0;80;300;100;0;80;300;4;2;0.4;6;4;5;0.4;6;4;2;0.4;6;4;5;0.4;6;4;2;0.4;6;4;5;0.4;6;4;2;0.4;6;4;6;0.4;6;NOK;NOK;OK;4500;4612;4250;4800;OK;7.64;0;8;12;NOK;N/A;1.9;N/A;N/A;N/A;10;12.8;7;17;OK;;0;0;0;-;Disabled;TempOk;1;230;189.8;0;0;0;349.9;440474000 audi 597g-598h;440474000 audi 597g-598h;440474000 audi 597g-598h
20260331_04:59:30;26027;3;4;965;925.6;915;1015;OK;965;926.9;915;1015;OK;919.9;924.1;-15;-15.5;-50;-20;NOK;-15;-15.1;-50;-20;NOK;-14;-13.9;0;-15;-15.6;-50;-20;NOK;355;367;355;600;OK;0;0;N/A;N/A;N/A;N/A;N/A;N/A;N/A;N/A;N/A;N/A;N/A;N/A;N/A;N/A;N/A;N/A;N/A;N/A;N/A;N/A;N/A;N/A;N/A;N/A;N/A;N/A;N/A;N/A;N/A;N/A;N/A;N/A;N/A;N/A;N/A;N/A;N/A;N/A;N/A;N/A;N/A;N/A;N/A;N/A;N/A;N/A;N/A;N/A;N/A;N/A;N/A;N/A;N/A;N/A;N/A;N/A;N/A;N/A;N/A;N/A;N/A;N/A;N/A;N/A;N/A;N/A;N/A;N/A;N/A;N/A;N/A;N/A;N/A;N/A;N/A;N/A;N/A;N/A;N/A;N/A;N/A;N/A;N/A;N/A;N/A;N/A;N/A;N/A;N/A;N/A;N/A;N/A;N/A;N/A;N/A;N/A;N/A;N/A;;0;428.8;0;0;;Disabled;TempStop;1;740;468;0;0;0;599.9;549.9;Enabled;PosOk;1;20;0;0;0;0;15;Disabled;0;0;0;0;0;0;0;0;0;0;0;0;0;0;0;0;0;0;0;0;0;0;0;0;0;0;0;0;0;0;0;0;0;0;0;0;0;0;0;0;0;0;0;0;0;0;0;0;0;0;0;0;0;0;0;0;0;0;0;0;0;0;0;0;0;0;0;0;0;0;30;23;20;45;30;23;20;45;30;32;20;45;30;30;20;45;100;0;80;300;100;0;80;300;100;267;80;300;100;266;80;300;30;33;20;45;30;30;20;45;30;26;20;45;30;28;20;45;100;237;80;300;100;235;80;300;100;0;80;300;100;0;80;300;4;2;0.4;6;4;5;0.4;6;4;2;0.4;6;4;5;0.4;6;4;2;0.4;6;4;6;0.4;6;4;2;0.4;6;4;5;0.4;6;NOK;NOK;OK;4500;4610;4250;4800;OK;7.64;0;8;12;NOK;N/A;1.9;N/A;N/A;N/A;10;14.6;7;17;OK;;0;0;0;-;Disabled;TempOk;1;230;190.2;0;0;0;349.9;440474000 audi 597g-598h;440474000 audi 597g-598h;440474000 audi 597g-598h
20260331_05:01:05;26029;1;2;965;921.9;915;1015;OK;965;928.5;915;1015;OK;919.6;924.9;-15;-16.3;-50;-20;NOK;-15;-16.8;-50;-20;NOK;-15.6;-16.2;0;-15;-16.3;-50;-20;NOK;355;367;355;600;OK;0;0;N/A;N/A;N/A;N/A;N/A;N/A;N/A;N/A;N/A;N/A;N/A;N/A;N/A;N/A;N/A;N/A;N/A;N/A;N/A;N/A;N/A;N/A;N/A;N/A;N/A;N/A;N/A;N/A;N/A;N/A;N/A;N/A;N/A;N/A;N/A;N/A;N/A;N/A;N/A;N/A;N/A;N/A;N/A;N/A;N/A;N/A;N/A;N/A;N/A;N/A;N/A;N/A;N/A;N/A;N/A;N/A;N/A;N/A;N/A;N/A;N/A;N/A;N/A;N/A;N/A;N/A;N/A;N/A;N/A;N/A;N/A;N/A;N/A;N/A;N/A;N/A;N/A;N/A;N/A;N/A;N/A;N/A;N/A;N/A;N/A;N/A;N/A;N/A;N/A;N/A;N/A;N/A;N/A;N/A;N/A;N/A;N/A;N/A;;0;432.9;0;0;;Disabled;TempStop;1;740;475.6;0;0;0;599.9;549.9;Enabled;PosOk;1;20;0;0;0;0;15;Disabled;0;0;0;0;0;0;0;0;0;0;0;0;0;0;0;0;0;0;0;0;0;0;0;0;0;0;0;0;0;0;0;0;0;0;0;0;0;0;0;0;0;0;0;0;0;0;0;0;0;0;0;0;0;0;0;0;0;0;0;0;0;0;0;0;0;0;0;0;0;0;30;23;20;45;30;23;20;45;30;30;20;45;30;30;20;45;100;0;80;300;100;0;80;300;100;266;80;300;100;265;80;300;30;31;20;45;30;30;20;45;30;26;20;45;30;28;20;45;100;237;80;300;100;234;80;300;100;0;80;300;100;0;80;300;4;2;0.4;6;4;5;0.4;6;4;2;0.4;6;4;5;0.4;6;4;2;0.4;6;4;5;0.4;6;4;2;0.4;6;4;6;0.4;6;NOK;NOK;OK;4500;4616;4250;4800;OK;7.64;0;8;12;NOK;N/A;1.9;N/A;N/A;N/A;10;13.9;7;17;OK;;0;0;0;-;Disabled;TempOk;1;230;161.2;0;0;0;349.9;440474000 audi 597g-598h;440474000 audi 597g-598h;440474000 audi 597g-598h
20260331_05:01:29;26028;2;2;965;953.9;915;1015;OK;965;966.5;915;1015;OK;967.8;967;-15;-19.8;-50;-20;NOK;-15;-20.7;-50;-20;OK;-20.2;-20.6;0;-15;-19.8;-50;-20;NOK;355;368;355;600;OK;0;0;N/A;N/A;N/A;N/A;N/A;N/A;N/A;N/A;N/A;N/A;N/A;N/A;N/A;N/A;N/A;N/A;N/A;N/A;N/A;N/A;N/A;N/A;N/A;N/A;N/A;N/A;N/A;N/A;N/A;N/A;N/A;N/A;N/A;N/A;N/A;N/A;N/A;N/A;N/A;N/A;N/A;N/A;N/A;N/A;N/A;N/A;N/A;N/A;N/A;N/A;N/A;N/A;N/A;N/A;N/A;N/A;N/A;N/A;N/A;N/A;N/A;N/A;N/A;N/A;N/A;N/A;N/A;N/A;N/A;N/A;N/A;N/A;N/A;N/A;N/A;N/A;N/A;N/A;N/A;N/A;N/A;N/A;N/A;N/A;N/A;N/A;N/A;N/A;N/A;N/A;N/A;N/A;N/A;N/A;N/A;N/A;N/A;N/A;;0;449.3;0;0;;Disabled;TempStop;1;740;490;0;0;0;599.9;549.9;Enabled;PosOk;1;20;0;0;0;0;15;Disabled;0;0;0;0;0;0;0;0;0;0;0;0;0;0;0;0;0;0;0;0;0;0;0;0;0;0;0;0;0;0;0;0;0;0;0;0;0;0;0;0;0;0;0;0;0;0;0;0;0;0;0;0;0;0;0;0;0;0;0;0;0;0;0;0;0;0;0;0;0;0;30;23;20;45;30;23;20;45;30;31;20;45;30;30;20;45;100;0;80;300;100;0;80;300;100;266;80;300;100;265;80;300;30;32;20;45;30;30;20;45;30;26;20;45;30;28;20;45;100;237;80;300;100;236;80;300;100;0;80;300;100;0;80;300;4;2;0.4;6;4;5;0.4;6;4;2;0.4;6;4;5;0.4;6;4;2;0.4;6;4;5;0.4;6;4;2;0.4;6;4;6;0.4;6;NOK;NOK;OK;4500;4606;4250;4800;OK;7.64;0;8;12;NOK;N/A;1.9;N/A;N/A;N/A;10;12.9;7;17;OK;;0;0;0;-;Disabled;TempOk;1;230;181.1;0;0;0;349.9;440474000 audi 597g-598h;440474000 audi 597g-598h;440474000 audi 597g-598h
20260331_05:02:40;26030;3;3;965;953.2;915;1015;OK;965;967.4;915;1015;OK;968.2;967.8;-15;-16.9;-50;-20;NOK;-15;-16.5;-50;-20;NOK;-17.1;-16.9;0;-15;-16.9;-50;-20;NOK;355;367;355;600;OK;0;0;N/A;N/A;N/A;N/A;N/A;N/A;N/A;N/A;N/A;N/A;N/A;N/A;N/A;N/A;N/A;N/A;N/A;N/A;N/A;N/A;N/A;N/A;N/A;N/A;N/A;N/A;N/A;N/A;N/A;N/A;N/A;N/A;N/A;N/A;N/A;N/A;N/A;N/A;N/A;N/A;N/A;N/A;N/A;N/A;N/A;N/A;N/A;N/A;N/A;N/A;N/A;N/A;N/A;N/A;N/A;N/A;N/A;N/A;N/A;N/A;N/A;N/A;N/A;N/A;N/A;N/A;N/A;N/A;N/A;N/A;N/A;N/A;N/A;N/A;N/A;N/A;N/A;N/A;N/A;N/A;N/A;N/A;N/A;N/A;N/A;N/A;N/A;N/A;N/A;N/A;N/A;N/A;N/A;N/A;N/A;N/A;N/A;N/A;;0;443.4;0;0;;Disabled;TempStop;1;740;486.4;0;0;0;599.9;549.9;Enabled;PosOk;1;20;0;0;0;0;15;Disabled;0;0;0;0;0;0;0;0;0;0;0;0;0;0;0;0;0;0;0;0;0;0;0;0;0;0;0;0;0;0;0;0;0;0;0;0;0;0;0;0;0;0;0;0;0;0;0;0;0;0;0;0;0;0;0;0;0;0;0;0;0;0;0;0;0;0;0;0;0;0;30;23;20;45;30;23;20;45;30;31;20;45;30;30;20;45;100;0;80;300;100;0;80;300;100;266;80;300;100;266;80;300;30;32;20;45;30;30;20;45;30;26;20;45;30;28;20;45;100;237;80;300;100;235;80;300;100;0;80;300;100;0;80;300;4;2;0.4;6;4;6;0.4;6;4;2;0.4;6;4;5;0.4;6;4;2;0.4;6;4;6;0.4;6;4;2;0.4;6;4;6;0.4;6;NOK;NOK;OK;4500;4611;4250;4800;OK;7.64;0;8;12;NOK;N/A;1.9;N/A;N/A;N/A;10;13.8;7;17;OK;;0;0;0;-;Disabled;TempOk;1;230;164.2;0;0;0;349.9;440474000 audi 597g-598h;440474000 audi 597g-598h;440474000 audi 597g-598h
20260331_05:23:01;26033;2;1;965;939.9;915;1015;OK;965;956;915;1015;OK;944.9;951.3;-15;-16.2;-50;-20;NOK;-15;-15.2;-50;-20;NOK;-15.5;-15.4;0;-15;-16.3;-50;-20;NOK;355;363;355;600;OK;0;0;N/A;N/A;N/A;N/A;N/A;N/A;N/A;N/A;N/A;N/A;N/A;N/A;N/A;N/A;N/A;N/A;N/A;N/A;N/A;N/A;N/A;N/A;N/A;N/A;N/A;N/A;N/A;N/A;N/A;N/A;N/A;N/A;N/A;N/A;N/A;N/A;N/A;N/A;N/A;N/A;N/A;N/A;N/A;N/A;N/A;N/A;N/A;N/A;N/A;N/A;N/A;N/A;N/A;N/A;N/A;N/A;N/A;N/A;N/A;N/A;N/A;N/A;N/A;N/A;N/A;N/A;N/A;N/A;N/A;N/A;N/A;N/A;N/A;N/A;N/A;N/A;N/A;N/A;N/A;N/A;N/A;N/A;N/A;N/A;N/A;N/A;N/A;N/A;N/A;N/A;N/A;N/A;N/A;N/A;N/A;N/A;N/A;N/A;;0;452.1;0;0;;Disabled;TempStop;1;740;494.1;0;0;0;599.9;549.9;Enabled;PosOk;1;20;0;0;0;0;15;Disabled;0;0;0;0;0;0;0;0;0;0;0;0;0;0;0;0;0;0;0;0;0;0;0;0;0;0;0;0;0;0;0;0;0;0;0;0;0;0;0;0;0;0;0;0;0;0;0;0;0;0;0;0;0;0;0;0;0;0;0;0;0;0;0;0;0;0;0;0;0;0;30;23;20;45;30;23;20;45;30;30;20;45;30;30;20;45;100;0;80;300;100;0;80;300;100;265;80;300;100;266;80;300;30;31;20;45;30;30;20;45;30;26;20;45;30;28;20;45;100;237;80;300;100;235;80;300;100;0;80;300;100;0;80;300;4;2;0.4;6;4;5;0.4;6;4;2;0.4;6;4;5;0.4;6;4;2;0.4;6;4;6;0.4;6;4;2;0.4;6;4;6;0.4;6;NOK;NOK;OK;4500;4603;4250;4800;OK;7.64;0;8;12;NOK;N/A;1.9;N/A;N/A;N/A;10;12.9;7;17;OK;;0;0;0;-;Disabled;TempOk;1;230;163.6;0;0;0;349.9;440474000 audi 597g-598h;440474000 audi 597g-598h;440474000 audi 597g-598h
20260331_05:23:25;26031;1;1;965;923.6;915;1015;OK;965;951.6;915;1015;OK;936.8;945.8;-15;-15.1;-50;-20;NOK;-15;-13;-50;-20;NOK;-15.6;-15.9;0;-15;-15.1;-50;-20;NOK;355;400;355;600;OK;0;0;N/A;N/A;N/A;N/A;N/A;N/A;N/A;N/A;N/A;N/A;N/A;N/A;N/A;N/A;N/A;N/A;N/A;N/A;N/A;N/A;N/A;N/A;N/A;N/A;N/A;N/A;N/A;N/A;N/A;N/A;N/A;N/A;N/A;N/A;N/A;N/A;N/A;N/A;N/A;N/A;N/A;N/A;N/A;N/A;N/A;N/A;N/A;N/A;N/A;N/A;N/A;N/A;N/A;N/A;N/A;N/A;N/A;N/A;N/A;N/A;N/A;N/A;N/A;N/A;N/A;N/A;N/A;N/A;N/A;N/A;N/A;N/A;N/A;N/A;N/A;N/A;N/A;N/A;N/A;N/A;N/A;N/A;N/A;N/A;N/A;N/A;N/A;N/A;N/A;N/A;N/A;N/A;N/A;N/A;N/A;N/A;N/A;N/A;;0;443.1;0;0;;Disabled;TempStop;1;740;487.6;0;0;0;599.9;549.9;Enabled;PosOk;1;20;0;0;0;0;15;Disabled;0;0;0;0;0;0;0;0;0;0;0;0;0;0;0;0;0;0;0;0;0;0;0;0;0;0;0;0;0;0;0;0;0;0;0;0;0;0;0;0;0;0;0;0;0;0;0;0;0;0;0;0;0;0;0;0;0;0;0;0;0;0;0;0;0;0;0;0;0;0;30;23;20;45;30;22;20;45;30;31;20;45;30;30;20;45;100;0;80;300;100;0;80;300;100;266;80;300;100;266;80;300;30;32;20;45;30;30;20;45;30;26;20;45;30;28;20;45;100;237;80;300;100;235;80;300;100;0;80;300;100;0;80;300;4;2;0.4;6;4;5;0.4;6;4;2;0.4;6;4;5;0.4;6;4;2;0.4;6;4;5;0.4;6;4;2;0.4;6;4;5;0.4;6;NOK;NOK;OK;4500;4595;4250;4800;OK;7.64;0;8;12;NOK;N/A;1.9;N/A;N/A;N/A;10;14.1;7;17;OK;;0;0;0;-;Disabled;TempOk;1;230;184;0;0;0;349.9;440474000 audi 597g-598h;440474000 audi 597g-598h;440474000 audi 597g-598h
20260331_05:23:49;26035;4;1;965;956.5;915;1015;OK;965;970.2;915;1015;OK;966.2;969.4;-15;-16.4;-50;-5;OK;-15;-11.2;-50;-5;OK;-13.9;-12.1;0;-15;-16.5;-50;-5;OK;355;365;355;600;OK;186.69;187.17;N/A;N/A;N/A;N/A;N/A;N/A;N/A;N/A;N/A;N/A;N/A;N/A;N/A;N/A;N/A;N/A;N/A;N/A;N/A;N/A;N/A;N/A;N/A;N/A;N/A;N/A;N/A;N/A;N/A;N/A;N/A;N/A;N/A;N/A;N/A;N/A;N/A;N/A;N/A;N/A;N/A;N/A;N/A;N/A;N/A;N/A;N/A;N/A;N/A;N/A;N/A;N/A;N/A;N/A;N/A;N/A;N/A;N/A;N/A;N/A;N/A;N/A;N/A;N/A;N/A;N/A;N/A;N/A;N/A;N/A;N/A;N/A;N/A;N/A;N/A;N/A;N/A;N/A;N/A;N/A;N/A;N/A;N/A;N/A;N/A;N/A;N/A;N/A;N/A;N/A;N/A;N/A;N/A;N/A;N/A;N/A;N/A;N/A;;0;447.1;0;0;;Disabled;TempStop;1;740;489.2;0;0;0;599.9;549.9;Enabled;PosOk;1;20;0;0;0;0;15;Disabled;0;0;0;0;0;0;0;0;0;0;0;0;0;0;0;0;0;0;0;0;0;0;0;0;0;0;0;0;0;0;0;0;0;0;0;0;0;0;0;0;0;0;0;0;0;0;0;0;0;0;0;0;0;0;0;0;0;0;0;0;0;0;0;0;0;0;0;0;0;0;30;23;20;45;30;23;20;45;30;32;20;45;30;30;20;45;100;0;80;300;100;0;80;300;100;266;80;300;100;266;80;300;30;33;20;45;30;30;20;45;30;26;20;45;30;28;20;45;100;237;80;300;100;235;80;300;100;0;80;300;100;0;80;300;4;2;0.4;6;4;5;0.4;6;4;2;0.4;6;4;5;0.4;6;4;2;0.4;6;4;5;0.4;6;4;2;0.4;6;4;6;0.4;6;NOK;NOK;OK;4500;4595;4250;4800;OK;7.64;0;8;12;NOK;N/A;1.9;N/A;N/A;N/A;10;13;7;17;OK;;0;0;0;-;Disabled;TempOk;1;230;190.2;0;0;0;349.9;440474000 audi 597g-598h;440474000 audi 597g-598h;440474000 audi 597g-598h
20260331_05:24:13;26034;1;2;965;952.7;915;1015;OK;965;964.5;915;1015;OK;962.4;963.1;-15;-15.9;-50;-20;NOK;-15;-15.6;-50;-20;NOK;-15.9;-16.1;0;-15;-15.8;-50;-20;NOK;355;402;355;600;OK;0;0;N/A;N/A;N/A;N/A;N/A;N/A;N/A;N/A;N/A;N/A;N/A;N/A;N/A;N/A;N/A;N/A;N/A;N/A;N/A;N/A;N/A;N/A;N/A;N/A;N/A;N/A;N/A;N/A;N/A;N/A;N/A;N/A;N/A;N/A;N/A;N/A;N/A;N/A;N/A;N/A;N/A;N/A;N/A;N/A;N/A;N/A;N/A;N/A;N/A;N/A;N/A;N/A;N/A;N/A;N/A;N/A;N/A;N/A;N/A;N/A;N/A;N/A;N/A;N/A;N/A;N/A;N/A;N/A;N/A;N/A;N/A;N/A;N/A;N/A;N/A;N/A;N/A;N/A;N/A;N/A;N/A;N/A;N/A;N/A;N/A;N/A;N/A;N/A;N/A;N/A;N/A;N/A;N/A;N/A;N/A;N/A;N/A;N/A;;0;446;0;0;;Disabled;TempStop;1;740;488.7;0;0;0;599.9;549.9;Enabled;PosOk;1;20;0;0;0;0;15;Disabled;0;0;0;0;0;0;0;0;0;0;0;0;0;0;0;0;0;0;0;0;0;0;0;0;0;0;0;0;0;0;0;0;0;0;0;0;0;0;0;0;0;0;0;0;0;0;0;0;0;0;0;0;0;0;0;0;0;0;0;0;0;0;0;0;0;0;0;0;0;0;30;23;20;45;30;23;20;45;30;32;20;45;30;30;20;45;100;0;80;300;100;0;80;300;100;266;80;300;100;266;80;300;30;33;20;45;30;30;20;45;30;26;20;45;30;28;20;45;100;238;80;300;100;235;80;300;100;0;80;300;100;0;80;300;4;2;0.4;6;4;5;0.4;6;4;2;0.4;6;4;5;0.4;6;4;2;0.4;6;4;6;0.4;6;4;2;0.4;6;4;6;0.4;6;NOK;NOK;OK;4500;4593;4250;4800;OK;7.64;0;8;12;NOK;N/A;1.9;N/A;N/A;N/A;10;13.9;7;17;OK;;0;0;0;-;Disabled;TempOk;1;230;194.7;0;0;0;349.9;440474000 audi 597g-598h;440474000 audi 597g-598h;440474000 audi 597g-598h
20260331_05:24:37;26037;2;2;965;961;915;1015;OK;965;966.3;915;1015;OK;966.3;966.4;-15;-21.2;-50;-20;OK;-15;-20.7;-50;-20;OK;-20.8;-21.1;0;-15;-21.1;-50;-20;OK;355;365;355;600;OK;0;0;N/A;N/A;N/A;N/A;N/A;N/A;N/A;N/A;N/A;N/A;N/A;N/A;N/A;N/A;N/A;N/A;N/A;N/A;N/A;N/A;N/A;N/A;N/A;N/A;N/A;N/A;N/A;N/A;N/A;N/A;N/A;N/A;N/A;N/A;N/A;N/A;N/A;N/A;N/A;N/A;N/A;N/A;N/A;N/A;N/A;N/A;N/A;N/A;N/A;N/A;N/A;N/A;N/A;N/A;N/A;N/A;N/A;N/A;N/A;N/A;N/A;N/A;N/A;N/A;N/A;N/A;N/A;N/A;N/A;N/A;N/A;N/A;N/A;N/A;N/A;N/A;N/A;N/A;N/A;N/A;N/A;N/A;N/A;N/A;N/A;N/A;N/A;N/A;N/A;N/A;N/A;N/A;N/A;N/A;N/A;N/A;N/A;N/A;;0;449.6;0;0;;Disabled;TempStop;1;740;490;0;0;0;599.9;549.9;Enabled;PosOk;1;20;0;0;0;0;15;Disabled;0;0;0;0;0;0;0;0;0;0;0;0;0;0;0;0;0;0;0;0;0;0;0;0;0;0;0;0;0;0;0;0;0;0;0;0;0;0;0;0;0;0;0;0;0;0;0;0;0;0;0;0;0;0;0;0;0;0;0;0;0;0;0;0;0;0;0;0;0;0;30;23;20;45;30;23;20;45;30;31;20;45;30;29;20;45;100;0;80;300;100;0;80;300;100;267;80;300;100;266;80;300;30;32;20;45;30;30;20;45;30;26;20;45;30;28;20;45;100;237;80;300;100;235;80;300;100;0;80;300;100;0;80;300;4;2;0.4;6;4;5;0.4;6;4;2;0.4;6;4;5;0.4;6;4;2;0.4;6;4;5;0.4;6;4;2;0.4;6;4;6;0.4;6;NOK;NOK;OK;4500;4595;4250;4800;OK;7.64;0;8;12;NOK;N/A;1.9;N/A;N/A;N/A;10;13.5;7;17;OK;;0;0;0;-;Disabled;TempOk;1;230;188.8;0;0;0;349.9;440474000 audi 597g-598h;440474000 audi 597g-598h;440474000 audi 597g-598h
20260331_05:25:00;26036;3;2;965;954.3;915;1015;OK;965;964.8;915;1015;OK;962.8;963.6;-15;-16.3;-50;-20;NOK;-15;-15.7;-50;-20;NOK;-17.4;-17.1;0;-15;-16.3;-50;-20;NOK;355;404;355;600;OK;0;0;N/A;N/A;N/A;N/A;N/A;N/A;N/A;N/A;N/A;N/A;N/A;N/A;N/A;N/A;N/A;N/A;N/A;N/A;N/A;N/A;N/A;N/A;N/A;N/A;N/A;N/A;N/A;N/A;N/A;N/A;N/A;N/A;N/A;N/A;N/A;N/A;N/A;N/A;N/A;N/A;N/A;N/A;N/A;N/A;N/A;N/A;N/A;N/A;N/A;N/A;N/A;N/A;N/A;N/A;N/A;N/A;N/A;N/A;N/A;N/A;N/A;N/A;N/A;N/A;N/A;N/A;N/A;N/A;N/A;N/A;N/A;N/A;N/A;N/A;N/A;N/A;N/A;N/A;N/A;N/A;N/A;N/A;N/A;N/A;N/A;N/A;N/A;N/A;N/A;N/A;N/A;N/A;N/A;N/A;N/A;N/A;N/A;N/A;;0;445.2;0;0;;Disabled;TempStop;1;740;488.6;0;0;0;599.9;549.9;Enabled;PosOk;1;20;0;0;0;0;15;Disabled;0;0;0;0;0;0;0;0;0;0;0;0;0;0;0;0;0;0;0;0;0;0;0;0;0;0;0;0;0;0;0;0;0;0;0;0;0;0;0;0;0;0;0;0;0;0;0;0;0;0;0;0;0;0;0;0;0;0;0;0;0;0;0;0;0;0;0;0;0;0;30;23;20;45;30;23;20;45;30;32;20;45;30;30;20;45;100;0;80;300;100;0;80;300;100;266;80;300;100;265;80;300;30;33;20;45;30;30;20;45;30;26;20;45;30;28;20;45;100;238;80;300;100;234;80;300;100;0;80;300;100;0;80;300;4;2;0.4;6;4;6;0.4;6;4;2;0.4;6;4;5;0.4;6;4;2;0.4;6;4;6;0.4;6;4;2;0.4;6;4;6;0.4;6;NOK;NOK;OK;4500;4594;4250;4800;OK;7.64;0;8;12;NOK;N/A;1.9;N/A;N/A;N/A;10;14.6;7;17;OK;;0;0;0;-;Disabled;TempOk;1;230;194.4;0;0;0;349.9;440474000 audi 597g-598h;440474000 audi 597g-598h;440474000 audi 597g-598h
20260331_05:25:24;26039;4;2;965;965.3;915;1015;OK;965;975;915;1015;OK;974.6;975.7;-15;-15;-50;-5;OK;-15;-11.8;-50;-5;OK;-15.5;-14.4;0;-15;-14.9;-50;-5;OK;355;367;355;600;OK;186.83;187.32;N/A;N/A;N/A;N/A;N/A;N/A;N/A;N/A;N/A;N/A;N/A;N/A;N/A;N/A;N/A;N/A;N/A;N/A;N/A;N/A;N/A;N/A;N/A;N/A;N/A;N/A;N/A;N/A;N/A;N/A;N/A;N/A;N/A;N/A;N/A;N/A;N/A;N/A;N/A;N/A;N/A;N/A;N/A;N/A;N/A;N/A;N/A;N/A;N/A;N/A;N/A;N/A;N/A;N/A;N/A;N/A;N/A;N/A;N/A;N/A;N/A;N/A;N/A;N/A;N/A;N/A;N/A;N/A;N/A;N/A;N/A;N/A;N/A;N/A;N/A;N/A;N/A;N/A;N/A;N/A;N/A;N/A;N/A;N/A;N/A;N/A;N/A;N/A;N/A;N/A;N/A;N/A;N/A;N/A;N/A;N/A;N/A;N/A;;0;449.5;0;0;;Disabled;TempStop;1;740;493.2;0;0;0;599.9;549.9;Enabled;PosOk;1;20;0;0;0;0;15;Disabled;0;0;0;0;0;0;0;0;0;0;0;0;0;0;0;0;0;0;0;0;0;0;0;0;0;0;0;0;0;0;0;0;0;0;0;0;0;0;0;0;0;0;0;0;0;0;0;0;0;0;0;0;0;0;0;0;0;0;0;0;0;0;0;0;0;0;0;0;0;0;30;23;20;45;30;23;20;45;30;32;20;45;30;30;20;45;100;0;80;300;100;0;80;300;100;266;80;300;100;266;80;300;30;33;20;45;30;30;20;45;30;26;20;45;30;28;20;45;100;237;80;300;100;235;80;300;100;0;80;300;100;0;80;300;4;2;0.4;6;4;5;0.4;6;4;2;0.4;6;4;5;0.4;6;4;2;0.4;6;4;5;0.4;6;4;2;0.4;6;4;6;0.4;6;NOK;NOK;OK;4500;4596;4250;4800;OK;7.64;0;8;12;NOK;N/A;1.9;N/A;N/A;N/A;10;12.9;7;17;OK;;0;0;0;-;Disabled;TempOk;1;230;188.6;0;0;0;349.9;440474000 audi 597g-598h;440474000 audi 597g-598h;440474000 audi 597g-598h
20260331_05:25:48;26038;1;3;965;961.6;915;1015;OK;965;966.6;915;1015;OK;968.6;967.3;-15;-14;-50;-20;NOK;-15;-13.4;-50;-20;NOK;-17.6;-17.3;0;-15;-13.9;-50;-20;NOK;355;404;355;600;OK;0;0;N/A;N/A;N/A;N/A;N/A;N/A;N/A;N/A;N/A;N/A;N/A;N/A;N/A;N/A;N/A;N/A;N/A;N/A;N/A;N/A;N/A;N/A;N/A;N/A;N/A;N/A;N/A;N/A;N/A;N/A;N/A;N/A;N/A;N/A;N/A;N/A;N/A;N/A;N/A;N/A;N/A;N/A;N/A;N/A;N/A;N/A;N/A;N/A;N/A;N/A;N/A;N/A;N/A;N/A;N/A;N/A;N/A;N/A;N/A;N/A;N/A;N/A;N/A;N/A;N/A;N/A;N/A;N/A;N/A;N/A;N/A;N/A;N/A;N/A;N/A;N/A;N/A;N/A;N/A;N/A;N/A;N/A;N/A;N/A;N/A;N/A;N/A;N/A;N/A;N/A;N/A;N/A;N/A;N/A;N/A;N/A;N/A;N/A;;0;448.1;0;0;;Disabled;TempStop;1;740;492.2;0;0;0;599.9;549.9;Enabled;PosOk;1;20;0;0;0;0;15;Disabled;0;0;0;0;0;0;0;0;0;0;0;0;0;0;0;0;0;0;0;0;0;0;0;0;0;0;0;0;0;0;0;0;0;0;0;0;0;0;0;0;0;0;0;0;0;0;0;0;0;0;0;0;0;0;0;0;0;0;0;0;0;0;0;0;0;0;0;0;0;0;30;23;20;45;30;23;20;45;30;32;20;45;30;30;20;45;100;0;80;300;100;0;80;300;100;266;80;300;100;266;80;300;30;33;20;45;30;30;20;45;30;26;20;45;30;28;20;45;100;237;80;300;100;235;80;300;100;0;80;300;100;0;80;300;4;2;0.4;6;4;5;0.4;6;4;2;0.4;6;4;5;0.4;6;4;2;0.4;6;4;5;0.4;6;4;2;0.4;6;4;6;0.4;6;NOK;NOK;OK;4500;4598;4250;4800;OK;7.64;0;8;12;NOK;N/A;1.9;N/A;N/A;N/A;10;13.8;7;17;OK;;0;0;0;-;Disabled;TempOk;1;230;190.3;0;0;0;349.9;440474000 audi 597g-598h;440474000 audi 597g-598h;440474000 audi 597g-598h
20260331_05:26:12;26041;4;3;965;964.9;915;1015;OK;965;973.2;915;1015;OK;970.3;972.4;-15;-18.6;-50;-5;OK;-15;-15.8;-50;-5;OK;-17.2;-16.4;0;-15;-18.4;-50;-5;OK;355;368;355;600;OK;186.91;187.41;N/A;N/A;N/A;N/A;N/A;N/A;N/A;N/A;N/A;N/A;N/A;N/A;N/A;N/A;N/A;N/A;N/A;N/A;N/A;N/A;N/A;N/A;N/A;N/A;N/A;N/A;N/A;N/A;N/A;N/A;N/A;N/A;N/A;N/A;N/A;N/A;N/A;N/A;N/A;N/A;N/A;N/A;N/A;N/A;N/A;N/A;N/A;N/A;N/A;N/A;N/A;N/A;N/A;N/A;N/A;N/A;N/A;N/A;N/A;N/A;N/A;N/A;N/A;N/A;N/A;N/A;N/A;N/A;N/A;N/A;N/A;N/A;N/A;N/A;N/A;N/A;N/A;N/A;N/A;N/A;N/A;N/A;N/A;N/A;N/A;N/A;N/A;N/A;N/A;N/A;N/A;N/A;N/A;N/A;N/A;N/A;N/A;N/A;;0;451.5;0;0;;Disabled;TempStop;1;740;496.3;0;0;0;599.9;549.9;Enabled;PosOk;1;20;0;0;0;0;15;Disabled;0;0;0;0;0;0;0;0;0;0;0;0;0;0;0;0;0;0;0;0;0;0;0;0;0;0;0;0;0;0;0;0;0;0;0;0;0;0;0;0;0;0;0;0;0;0;0;0;0;0;0;0;0;0;0;0;0;0;0;0;0;0;0;0;0;0;0;0;0;0;30;23;20;45;30;23;20;45;30;32;20;45;30;30;20;45;100;0;80;300;100;0;80;300;100;266;80;300;100;265;80;300;30;33;20;45;30;30;20;45;30;26;20;45;30;28;20;45;100;237;80;300;100;235;80;300;100;0;80;300;100;0;80;300;4;2;0.4;6;4;5;0.4;6;4;2;0.4;6;4;5;0.4;6;4;2;0.4;6;4;5;0.4;6;4;2;0.4;6;4;6;0.4;6;NOK;NOK;OK;4500;4596;4250;4800;OK;7.64;0;8;12;NOK;N/A;1.9;N/A;N/A;N/A;10;13.4;7;17;OK;;0;0;0;-;Disabled;TempOk;1;230;189.7;0;0;0;349.9;440474000 audi 597g-598h;440474000 audi 597g-598h;440474000 audi 597g-598h
20260331_05:26:35;26040;3;3;965;961.6;915;1015;OK;965;968.2;915;1015;OK;968.3;966.5;-15;-16.7;-50;-20;NOK;-15;-15.7;-50;-20;NOK;-17.1;-17;0;-15;-16.6;-50;-20;NOK;355;406;355;600;OK;0;0;N/A;N/A;N/A;N/A;N/A;N/A;N/A;N/A;N/A;N/A;N/A;N/A;N/A;N/A;N/A;N/A;N/A;N/A;N/A;N/A;N/A;N/A;N/A;N/A;N/A;N/A;N/A;N/A;N/A;N/A;N/A;N/A;N/A;N/A;N/A;N/A;N/A;N/A;N/A;N/A;N/A;N/A;N/A;N/A;N/A;N/A;N/A;N/A;N/A;N/A;N/A;N/A;N/A;N/A;N/A;N/A;N/A;N/A;N/A;N/A;N/A;N/A;N/A;N/A;N/A;N/A;N/A;N/A;N/A;N/A;N/A;N/A;N/A;N/A;N/A;N/A;N/A;N/A;N/A;N/A;N/A;N/A;N/A;N/A;N/A;N/A;N/A;N/A;N/A;N/A;N/A;N/A;N/A;N/A;N/A;N/A;N/A;N/A;;0;447.2;0;0;;Disabled;TempStop;1;740;491.7;0;0;0;599.9;549.9;Enabled;PosOk;1;20;0;0;0;0;15;Disabled;0;0;0;0;0;0;0;0;0;0;0;0;0;0;0;0;0;0;0;0;0;0;0;0;0;0;0;0;0;0;0;0;0;0;0;0;0;0;0;0;0;0;0;0;0;0;0;0;0;0;0;0;0;0;0;0;0;0;0;0;0;0;0;0;0;0;0;0;0;0;30;23;20;45;30;22;20;45;30;32;20;45;30;30;20;45;100;0;80;300;100;0;80;300;100;267;80;300;100;266;80;300;30;33;20;45;30;30;20;45;30;26;20;45;30;28;20;45;100;237;80;300;100;235;80;300;100;0;80;300;100;0;80;300;4;2;0.4;6;4;5;0.4;6;4;2;0.4;6;4;6;0.4;6;4;2;0.4;6;4;6;0.4;6;4;2;0.4;6;4;6;0.4;6;NOK;NOK;OK;4500;4596;4250;4800;OK;7.64;0;8;12;NOK;N/A;1.9;N/A;N/A;N/A;10;14.7;7;17;OK;;0;0;0;-;Disabled;TempOk;1;230;196.3;0;0;0;349.9;440474000 audi 597g-598h;440474000 audi 597g-598h;440474000 audi 597g-598h
20260331_05:26:59;26043;2;4;965;957.1;915;1015;OK;965;965.4;915;1015;OK;964.3;964.9;-15;-24.4;-50;-20;OK;-15;-23.1;-50;-20;OK;-23.8;-23.6;0;-15;-24.4;-50;-20;OK;355;369;355;600;OK;0;0;N/A;N/A;N/A;N/A;N/A;N/A;N/A;N/A;N/A;N/A;N/A;N/A;N/A;N/A;N/A;N/A;N/A;N/A;N/A;N/A;N/A;N/A;N/A;N/A;N/A;N/A;N/A;N/A;N/A;N/A;N/A;N/A;N/A;N/A;N/A;N/A;N/A;N/A;N/A;N/A;N/A;N/A;N/A;N/A;N/A;N/A;N/A;N/A;N/A;N/A;N/A;N/A;N/A;N/A;N/A;N/A;N/A;N/A;N/A;N/A;N/A;N/A;N/A;N/A;N/A;N/A;N/A;N/A;N/A;N/A;N/A;N/A;N/A;N/A;N/A;N/A;N/A;N/A;N/A;N/A;N/A;N/A;N/A;N/A;N/A;N/A;N/A;N/A;N/A;N/A;N/A;N/A;N/A;N/A;N/A;N/A;N/A;N/A;;0;452.7;0;0;;Disabled;TempStop;1;740;495.5;0;0;0;599.9;549.9;Enabled;PosOk;1;20;0;0;0;0;15;Disabled;0;0;0;0;0;0;0;0;0;0;0;0;0;0;0;0;0;0;0;0;0;0;0;0;0;0;0;0;0;0;0;0;0;0;0;0;0;0;0;0;0;0;0;0;0;0;0;0;0;0;0;0;0;0;0;0;0;0;0;0;0;0;0;0;0;0;0;0;0;0;30;23;20;45;30;22;20;45;30;32;20;45;30;30;20;45;100;0;80;300;100;0;80;300;100;266;80;300;100;266;80;300;30;33;20;45;30;30;20;45;30;26;20;45;30;27;20;45;100;237;80;300;100;235;80;300;100;0;80;300;100;0;80;300;4;2;0.4;6;4;5;0.4;6;4;2;0.4;6;4;5;0.4;6;4;2;0.4;6;4;5;0.4;6;4;2;0.4;6;4;6;0.4;6;NOK;NOK;OK;4500;4596;4250;4800;OK;7.64;0;8;12;NOK;N/A;1.9;N/A;N/A;N/A;10;12.9;7;17;OK;;0;0;0;-;Disabled;TempOk;1;230;192.2;0;0;0;349.9;440474000 audi 597g-598h;440474000 audi 597g-598h;440474000 audi 597g-598h
20260331_05:27:23;26042;1;4;965;960.5;915;1015;OK;965;966.1;915;1015;OK;966.3;965;-15;-13.7;-50;-20;NOK;-15;-12.6;-50;-20;NOK;-16.4;-15.4;0;-15;-13.7;-50;-20;NOK;355;406;355;600;OK;0;0;N/A;N/A;N/A;N/A;N/A;N/A;N/A;N/A;N/A;N/A;N/A;N/A;N/A;N/A;N/A;N/A;N/A;N/A;N/A;N/A;N/A;N/A;N/A;N/A;N/A;N/A;N/A;N/A;N/A;N/A;N/A;N/A;N/A;N/A;N/A;N/A;N/A;N/A;N/A;N/A;N/A;N/A;N/A;N/A;N/A;N/A;N/A;N/A;N/A;N/A;N/A;N/A;N/A;N/A;N/A;N/A;N/A;N/A;N/A;N/A;N/A;N/A;N/A;N/A;N/A;N/A;N/A;N/A;N/A;N/A;N/A;N/A;N/A;N/A;N/A;N/A;N/A;N/A;N/A;N/A;N/A;N/A;N/A;N/A;N/A;N/A;N/A;N/A;N/A;N/A;N/A;N/A;N/A;N/A;N/A;N/A;N/A;N/A;;0;444.5;0;0;;Disabled;TempStop;1;740;488.6;0;0;0;599.9;549.9;Enabled;PosOk;1;20;0;0;0;0;15;Disabled;0;0;0;0;0;0;0;0;0;0;0;0;0;0;0;0;0;0;0;0;0;0;0;0;0;0;0;0;0;0;0;0;0;0;0;0;0;0;0;0;0;0;0;0;0;0;0;0;0;0;0;0;0;0;0;0;0;0;0;0;0;0;0;0;0;0;0;0;0;0;30;23;20;45;30;22;20;45;30;32;20;45;30;30;20;45;100;0;80;300;100;0;80;300;100;266;80;300;100;265;80;300;30;33;20;45;30;30;20;45;30;26;20;45;30;28;20;45;100;237;80;300;100;235;80;300;100;0;80;300;100;0;80;300;4;2;0.4;6;4;5;0.4;6;4;2;0.4;6;4;5;0.4;6;4;2;0.4;6;4;5;0.4;6;4;2;0.4;6;4;6;0.4;6;NOK;NOK;OK;4500;4593;4250;4800;OK;7.64;0;8;12;NOK;N/A;1.9;N/A;N/A;N/A;10;14.1;7;17;OK;;0;0;0;-;Disabled;TempOk;1;230;191.8;0;0;0;349.9;440474000 audi 597g-598h;440474000 audi 597g-598h;440474000 audi 597g-598h
20260331_05:27:47;26045;4;4;965;955.5;915;1015;OK;965;967;915;1015;OK;959;963.4;-15;-20;-50;-5;OK;-15;-17.8;-50;-5;OK;-21.7;-20.3;0;-15;-20;-50;-5;OK;355;370;355;600;OK;187.06;187.6;N/A;N/A;N/A;N/A;N/A;N/A;N/A;N/A;N/A;N/A;N/A;N/A;N/A;N/A;N/A;N/A;N/A;N/A;N/A;N/A;N/A;N/A;N/A;N/A;N/A;N/A;N/A;N/A;N/A;N/A;N/A;N/A;N/A;N/A;N/A;N/A;N/A;N/A;N/A;N/A;N/A;N/A;N/A;N/A;N/A;N/A;N/A;N/A;N/A;N/A;N/A;N/A;N/A;N/A;N/A;N/A;N/A;N/A;N/A;N/A;N/A;N/A;N/A;N/A;N/A;N/A;N/A;N/A;N/A;N/A;N/A;N/A;N/A;N/A;N/A;N/A;N/A;N/A;N/A;N/A;N/A;N/A;N/A;N/A;N/A;N/A;N/A;N/A;N/A;N/A;N/A;N/A;N/A;N/A;N/A;N/A;N/A;N/A;;0;446.8;0;0;;Disabled;TempStop;1;740;488.8;0;0;0;599.9;549.9;Enabled;PosOk;1;20;0;0;0;0;15;Disabled;0;0;0;0;0;0;0;0;0;0;0;0;0;0;0;0;0;0;0;0;0;0;0;0;0;0;0;0;0;0;0;0;0;0;0;0;0;0;0;0;0;0;0;0;0;0;0;0;0;0;0;0;0;0;0;0;0;0;0;0;0;0;0;0;0;0;0;0;0;0;30;23;20;45;30;22;20;45;30;32;20;45;30;30;20;45;100;0;80;300;100;0;80;300;100;266;80;300;100;266;80;300;30;33;20;45;30;30;20;45;30;26;20;45;30;28;20;45;100;237;80;300;100;235;80;300;100;0;80;300;100;0;80;300;4;2;0.4;6;4;5;0.4;6;4;2;0.4;6;4;5;0.4;6;4;2;0.4;6;4;6;0.4;6;4;2;0.4;6;4;6;0.4;6;NOK;NOK;OK;4500;4597;4250;4800;OK;7.64;0;8;12;NOK;N/A;1.9;N/A;N/A;N/A;10;12.8;7;17;OK;;0;0;0;-;Disabled;TempOk;1;230;191.9;0;0;0;349.9;440474000 audi 597g-598h;440474000 audi 597g-598h;440474000 audi 597g-598h
20260331_05:28:10;26044;3;4;965;956.5;915;1015;OK;965;964.9;915;1015;OK;965.8;964.4;-15;-13.9;-50;-20;NOK;-15;-12.9;-50;-20;NOK;-17.8;-16.4;0;-15;-13.9;-50;-20;NOK;355;408;355;600;OK;0;0;N/A;N/A;N/A;N/A;N/A;N/A;N/A;N/A;N/A;N/A;N/A;N/A;N/A;N/A;N/A;N/A;N/A;N/A;N/A;N/A;N/A;N/A;N/A;N/A;N/A;N/A;N/A;N/A;N/A;N/A;N/A;N/A;N/A;N/A;N/A;N/A;N/A;N/A;N/A;N/A;N/A;N/A;N/A;N/A;N/A;N/A;N/A;N/A;N/A;N/A;N/A;N/A;N/A;N/A;N/A;N/A;N/A;N/A;N/A;N/A;N/A;N/A;N/A;N/A;N/A;N/A;N/A;N/A;N/A;N/A;N/A;N/A;N/A;N/A;N/A;N/A;N/A;N/A;N/A;N/A;N/A;N/A;N/A;N/A;N/A;N/A;N/A;N/A;N/A;N/A;N/A;N/A;N/A;N/A;N/A;N/A;N/A;N/A;;0;444.2;0;0;;Disabled;TempStop;1;740;485.2;0;0;0;599.9;549.9;Enabled;PosOk;1;20;0;0;0;0;15;Disabled;0;0;0;0;0;0;0;0;0;0;0;0;0;0;0;0;0;0;0;0;0;0;0;0;0;0;0;0;0;0;0;0;0;0;0;0;0;0;0;0;0;0;0;0;0;0;0;0;0;0;0;0;0;0;0;0;0;0;0;0;0;0;0;0;0;0;0;0;0;0;30;23;20;45;30;23;20;45;30;32;20;45;30;30;20;45;100;0;80;300;100;0;80;300;100;266;80;300;100;266;80;300;30;33;20;45;30;30;20;45;30;26;20;45;30;28;20;45;100;237;80;300;100;235;80;300;100;0;80;300;100;1;80;300;4;2;0.4;6;4;5;0.4;6;4;2;0.4;6;4;5;0.4;6;4;2;0.4;6;4;5;0.4;6;4;2;0.4;6;4;5;0.4;6;NOK;NOK;OK;4500;4596;4250;4800;OK;7.64;0;8;12;NOK;N/A;1.9;N/A;N/A;N/A;10;13.9;7;17;OK;;0;0;0;-;Disabled;TempOk;1;230;189.9;0;0;0;349.9;440474000 audi 597g-598h;440474000 audi 597g-598h;440474000 audi 597g-598h
20260331_05:28:34;26047;2;5;965;954.7;915;1015;OK;965;944;915;1015;OK;941;943.6;-15;-16.9;-50;-20;NOK;-15;-16.8;-50;-20;NOK;-17.3;-17.2;0;-15;-16.9;-50;-20;NOK;355;371;355;600;OK;0;0;N/A;N/A;N/A;N/A;N/A;N/A;N/A;N/A;N/A;N/A;N/A;N/A;N/A;N/A;N/A;N/A;N/A;N/A;N/A;N/A;N/A;N/A;N/A;N/A;N/A;N/A;N/A;N/A;N/A;N/A;N/A;N/A;N/A;N/A;N/A;N/A;N/A;N/A;N/A;N/A;N/A;N/A;N/A;N/A;N/A;N/A;N/A;N/A;N/A;N/A;N/A;N/A;N/A;N/A;N/A;N/A;N/A;N/A;N/A;N/A;N/A;N/A;N/A;N/A;N/A;N/A;N/A;N/A;N/A;N/A;N/A;N/A;N/A;N/A;N/A;N/A;N/A;N/A;N/A;N/A;N/A;N/A;N/A;N/A;N/A;N/A;N/A;N/A;N/A;N/A;N/A;N/A;N/A;N/A;N/A;N/A;N/A;N/A;;0;442.7;0;0;;Disabled;TempStop;1;740;487.1;0;0;0;599.9;549.9;Enabled;PosOk;1;20;0;0;0;0;15;Disabled;0;0;0;0;0;0;0;0;0;0;0;0;0;0;0;0;0;0;0;0;0;0;0;0;0;0;0;0;0;0;0;0;0;0;0;0;0;0;0;0;0;0;0;0;0;0;0;0;0;0;0;0;0;0;0;0;0;0;0;0;0;0;0;0;0;0;0;0;0;0;30;23;20;45;30;22;20;45;30;32;20;45;30;30;20;45;100;0;80;300;100;0;80;300;100;265;80;300;100;265;80;300;30;33;20;45;30;30;20;45;30;26;20;45;30;28;20;45;100;237;80;300;100;235;80;300;100;0;80;300;100;0;80;300;4;2;0.4;6;4;5;0.4;6;4;2;0.4;6;4;5;0.4;6;4;2;0.4;6;4;6;0.4;6;4;2;0.4;6;4;5;0.4;6;NOK;NOK;OK;4500;4594;4250;4800;OK;7.64;0;8;12;NOK;N/A;1.9;N/A;N/A;N/A;10;13;7;17;OK;;0;0;0;-;Disabled;TempOk;1;230;185.8;0;0;0;349.9;440474000 audi 597g-598h;440474000 audi 597g-598h;440474000 audi 597g-598h
20260331_05:28:58;26046;3;5;965;958.3;915;1015;OK;965;966.2;915;1015;OK;966.1;965.7;-15;-18;-50;-20;NOK;-15;-17.3;-50;-20;NOK;-19.6;-19.4;0;-15;-17.8;-50;-20;NOK;355;409;355;600;OK;0;0;N/A;N/A;N/A;N/A;N/A;N/A;N/A;N/A;N/A;N/A;N/A;N/A;N/A;N/A;N/A;N/A;N/A;N/A;N/A;N/A;N/A;N/A;N/A;N/A;N/A;N/A;N/A;N/A;N/A;N/A;N/A;N/A;N/A;N/A;N/A;N/A;N/A;N/A;N/A;N/A;N/A;N/A;N/A;N/A;N/A;N/A;N/A;N/A;N/A;N/A;N/A;N/A;N/A;N/A;N/A;N/A;N/A;N/A;N/A;N/A;N/A;N/A;N/A;N/A;N/A;N/A;N/A;N/A;N/A;N/A;N/A;N/A;N/A;N/A;N/A;N/A;N/A;N/A;N/A;N/A;N/A;N/A;N/A;N/A;N/A;N/A;N/A;N/A;N/A;N/A;N/A;N/A;N/A;N/A;N/A;N/A;N/A;N/A;;0;449.6;0;0;;Disabled;TempStop;1;740;494;0;0;0;599.9;549.9;Enabled;PosOk;1;20;0;0;0;0;15;Disabled;0;0;0;0;0;0;0;0;0;0;0;0;0;0;0;0;0;0;0;0;0;0;0;0;0;0;0;0;0;0;0;0;0;0;0;0;0;0;0;0;0;0;0;0;0;0;0;0;0;0;0;0;0;0;0;0;0;0;0;0;0;0;0;0;0;0;0;0;0;0;30;23;20;45;30;22;20;45;30;32;20;45;30;30;20;45;100;0;80;300;100;0;80;300;100;267;80;300;100;266;80;300;30;34;20;45;30;30;20;45;30;26;20;45;30;28;20;45;100;238;80;300;100;235;80;300;100;0;80;300;100;0;80;300;4;2;0.4;6;4;5;0.4;6;4;2;0.4;6;4;5;0.4;6;4;2;0.4;6;4;6;0.4;6;4;2;0.4;6;4;6;0.4;6;NOK;NOK;OK;4500;4596;4250;4800;OK;7.64;0;8;12;NOK;N/A;1.9;N/A;N/A;N/A;10;14.6;7;17;OK;;0;0;0;-;Disabled;TempOk;1;230;192;0;0;0;349.9;440474000 audi 597g-598h;440474000 audi 597g-598h;440474000 audi 597g-598h
20260331_05:29:22;26049;2;1;965;943.7;915;1015;OK;965;948;915;1015;OK;950.7;949.3;-15;-15.2;-50;-20;NOK;-15;-15;-50;-20;NOK;-15.1;-15.1;0;-15;-15.2;-50;-20;NOK;355;368;355;600;OK;0;0;N/A;N/A;N/A;N/A;N/A;N/A;N/A;N/A;N/A;N/A;N/A;N/A;N/A;N/A;N/A;N/A;N/A;N/A;N/A;N/A;N/A;N/A;N/A;N/A;N/A;N/A;N/A;N/A;N/A;N/A;N/A;N/A;N/A;N/A;N/A;N/A;N/A;N/A;N/A;N/A;N/A;N/A;N/A;N/A;N/A;N/A;N/A;N/A;N/A;N/A;N/A;N/A;N/A;N/A;N/A;N/A;N/A;N/A;N/A;N/A;N/A;N/A;N/A;N/A;N/A;N/A;N/A;N/A;N/A;N/A;N/A;N/A;N/A;N/A;N/A;N/A;N/A;N/A;N/A;N/A;N/A;N/A;N/A;N/A;N/A;N/A;N/A;N/A;N/A;N/A;N/A;N/A;N/A;N/A;N/A;N/A;N/A;N/A;;0;441.9;0;0;;Disabled;TempStop;1;740;484;0;0;0;599.9;549.9;Enabled;PosOk;1;20;0;0;0;0;15;Disabled;0;0;0;0;0;0;0;0;0;0;0;0;0;0;0;0;0;0;0;0;0;0;0;0;0;0;0;0;0;0;0;0;0;0;0;0;0;0;0;0;0;0;0;0;0;0;0;0;0;0;0;0;0;0;0;0;0;0;0;0;0;0;0;0;0;0;0;0;0;0;30;22;20;45;30;22;20;45;30;32;20;45;30;29;20;45;100;0;80;300;100;0;80;300;100;267;80;300;100;266;80;300;30;33;20;45;30;29;20;45;30;26;20;45;30;28;20;45;100;237;80;300;100;235;80;300;100;0;80;300;100;0;80;300;4;2;0.4;6;4;5;0.4;6;4;2;0.4;6;4;5;0.4;6;4;2;0.4;6;4;6;0.4;6;4;2;0.4;6;4;6;0.4;6;NOK;NOK;OK;4500;4591;4250;4800;OK;7.64;0;8;12;NOK;N/A;1.9;N/A;N/A;N/A;10;12.9;7;17;OK;;0;0;0;-;Disabled;TempOk;1;230;186.8;0;0;0;349.9;440474000 audi 597g-598h;440474000 audi 597g-598h;440474000 audi 597g-598h
20260331_05:29:45;26048;1;1;965;937.5;915;1015;OK;965;946.8;915;1015;OK;950.5;949.3;-15;-12.9;-50;-20;NOK;-15;-15.8;-50;-20;NOK;-15.5;-16.1;0;-15;-12.9;-50;-20;NOK;355;367;355;600;OK;0;0;N/A;N/A;N/A;N/A;N/A;N/A;N/A;N/A;N/A;N/A;N/A;N/A;N/A;N/A;N/A;N/A;N/A;N/A;N/A;N/A;N/A;N/A;N/A;N/A;N/A;N/A;N/A;N/A;N/A;N/A;N/A;N/A;N/A;N/A;N/A;N/A;N/A;N/A;N/A;N/A;N/A;N/A;N/A;N/A;N/A;N/A;N/A;N/A;N/A;N/A;N/A;N/A;N/A;N/A;N/A;N/A;N/A;N/A;N/A;N/A;N/A;N/A;N/A;N/A;N/A;N/A;N/A;N/A;N/A;N/A;N/A;N/A;N/A;N/A;N/A;N/A;N/A;N/A;N/A;N/A;N/A;N/A;N/A;N/A;N/A;N/A;N/A;N/A;N/A;N/A;N/A;N/A;N/A;N/A;N/A;N/A;N/A;N/A;;0;444.7;0;0;;Disabled;TempStop;1;740;488.3;0;0;0;599.9;549.9;Enabled;PosOk;1;20;0;0;0;0;15;Disabled;0;0;0;0;0;0;0;0;0;0;0;0;0;0;0;0;0;0;0;0;0;0;0;0;0;0;0;0;0;0;0;0;0;0;0;0;0;0;0;0;0;0;0;0;0;0;0;0;0;0;0;0;0;0;0;0;0;0;0;0;0;0;0;0;0;0;0;0;0;0;30;23;20;45;30;22;20;45;30;31;20;45;30;29;20;45;100;0;80;300;100;0;80;300;100;266;80;300;100;266;80;300;30;32;20;45;30;28;20;45;30;26;20;45;30;28;20;45;100;237;80;300;100;235;80;300;100;0;80;300;100;0;80;300;4;2;0.4;6;4;5;0.4;6;4;2;0.4;6;4;5;0.4;6;4;2;0.4;6;4;6;0.4;6;4;2;0.4;6;4;6;0.4;6;NOK;NOK;OK;4500;4599;4250;4800;OK;7.64;0;8;12;NOK;N/A;1.9;N/A;N/A;N/A;10;14;7;17;OK;;0;0;0;-;Disabled;TempOk;1;230;187.5;0;0;0;349.9;440474000 audi 597g-598h;440474000 audi 597g-598h;440474000 audi 597g-598h
20260331_05:30:09;26050;4;1;965;955.9;915;1015;OK;965;978.5;915;1015;OK;974.2;978;-15;-11.4;-50;-5;OK;-15;-15.3;-50;-5;OK;-20.3;-18.6;0;-15;-11.5;-50;-5;OK;355;368;355;600;OK;187.18;187.78;N/A;N/A;N/A;N/A;N/A;N/A;N/A;N/A;N/A;N/A;N/A;N/A;N/A;N/A;N/A;N/A;N/A;N/A;N/A;N/A;N/A;N/A;N/A;N/A;N/A;N/A;N/A;N/A;N/A;N/A;N/A;N/A;N/A;N/A;N/A;N/A;N/A;N/A;N/A;N/A;N/A;N/A;N/A;N/A;N/A;N/A;N/A;N/A;N/A;N/A;N/A;N/A;N/A;N/A;N/A;N/A;N/A;N/A;N/A;N/A;N/A;N/A;N/A;N/A;N/A;N/A;N/A;N/A;N/A;N/A;N/A;N/A;N/A;N/A;N/A;N/A;N/A;N/A;N/A;N/A;N/A;N/A;N/A;N/A;N/A;N/A;N/A;N/A;N/A;N/A;N/A;N/A;N/A;N/A;N/A;N/A;N/A;N/A;;0;449.6;0;0;;Disabled;TempStop;1;740;491.2;0;0;0;599.9;549.9;Enabled;PosOk;1;20;0;0;0;0;15;Disabled;0;0;0;0;0;0;0;0;0;0;0;0;0;0;0;0;0;0;0;0;0;0;0;0;0;0;0;0;0;0;0;0;0;0;0;0;0;0;0;0;0;0;0;0;0;0;0;0;0;0;0;0;0;0;0;0;0;0;0;0;0;0;0;0;0;0;0;0;0;0;30;22;20;45;30;22;20;45;30;31;20;45;30;29;20;45;100;0;80;300;100;0;80;300;100;266;80;300;100;266;80;300;30;32;20;45;30;29;20;45;30;26;20;45;30;28;20;45;100;237;80;300;100;236;80;300;100;0;80;300;100;0;80;300;4;2;0.4;6;4;5;0.4;6;4;2;0.4;6;4;5;0.4;6;4;2;0.4;6;4;5;0.4;6;4;2;0.4;6;4;6;0.4;6;NOK;NOK;OK;4500;4595;4250;4800;OK;7.64;0;8;12;NOK;N/A;1.9;N/A;N/A;N/A;10;12.8;7;17;OK;;0;0;0;-;Disabled;TempOk;1;230;189.2;0;0;0;349.9;440474000 audi 597g-598h;440474000 audi 597g-598h;440474000 audi 597g-598h
20260331_05:30:33;26051;1;2;965;950.4;915;1015;OK;965;950.1;915;1015;OK;946.3;948.4;-15;-15.3;-50;-20;NOK;-15;-16.5;-50;-20;NOK;-16.2;-16.7;0;-15;-15.3;-50;-20;NOK;355;367;355;600;OK;0;0;N/A;N/A;N/A;N/A;N/A;N/A;N/A;N/A;N/A;N/A;N/A;N/A;N/A;N/A;N/A;N/A;N/A;N/A;N/A;N/A;N/A;N/A;N/A;N/A;N/A;N/A;N/A;N/A;N/A;N/A;N/A;N/A;N/A;N/A;N/A;N/A;N/A;N/A;N/A;N/A;N/A;N/A;N/A;N/A;N/A;N/A;N/A;N/A;N/A;N/A;N/A;N/A;N/A;N/A;N/A;N/A;N/A;N/A;N/A;N/A;N/A;N/A;N/A;N/A;N/A;N/A;N/A;N/A;N/A;N/A;N/A;N/A;N/A;N/A;N/A;N/A;N/A;N/A;N/A;N/A;N/A;N/A;N/A;N/A;N/A;N/A;N/A;N/A;N/A;N/A;N/A;N/A;N/A;N/A;N/A;N/A;N/A;N/A;;0;443.2;0;0;;Disabled;TempStop;1;740;486.1;0;0;0;599.9;549.9;Enabled;PosOk;1;20;0;0;0;0;15;Disabled;0;0;0;0;0;0;0;0;0;0;0;0;0;0;0;0;0;0;0;0;0;0;0;0;0;0;0;0;0;0;0;0;0;0;0;0;0;0;0;0;0;0;0;0;0;0;0;0;0;0;0;0;0;0;0;0;0;0;0;0;0;0;0;0;0;0;0;0;0;0;30;22;20;45;30;22;20;45;30;31;20;45;30;29;20;45;100;0;80;300;100;0;80;300;100;266;80;300;100;266;80;300;30;32;20;45;30;29;20;45;30;26;20;45;30;28;20;45;100;237;80;300;100;236;80;300;100;0;80;300;100;0;80;300;4;2;0.4;6;4;5;0.4;6;4;2;0.4;6;4;5;0.4;6;4;2;0.4;6;4;5;0.4;6;4;2;0.4;6;4;6;0.4;6;NOK;NOK;OK;4500;4594;4250;4800;OK;7.64;0;8;12;NOK;N/A;1.9;N/A;N/A;N/A;10;13.9;7;17;OK;;0;0;0;-;Disabled;TempOk;1;230;190.9;0;0;0;349.9;440474000 audi 597g-598h;440474000 audi 597g-598h;440474000 audi 597g-598h
20260331_05:30:57;26052;2;2;965;954.4;915;1015;OK;965;966.5;915;1015;OK;966.5;966.6;-15;-20.5;-50;-20;OK;-15;-19.9;-50;-20;NOK;-19.8;-19.9;0;-15;-20.4;-50;-20;OK;355;368;355;600;OK;0;0;N/A;N/A;N/A;N/A;N/A;N/A;N/A;N/A;N/A;N/A;N/A;N/A;N/A;N/A;N/A;N/A;N/A;N/A;N/A;N/A;N/A;N/A;N/A;N/A;N/A;N/A;N/A;N/A;N/A;N/A;N/A;N/A;N/A;N/A;N/A;N/A;N/A;N/A;N/A;N/A;N/A;N/A;N/A;N/A;N/A;N/A;N/A;N/A;N/A;N/A;N/A;N/A;N/A;N/A;N/A;N/A;N/A;N/A;N/A;N/A;N/A;N/A;N/A;N/A;N/A;N/A;N/A;N/A;N/A;N/A;N/A;N/A;N/A;N/A;N/A;N/A;N/A;N/A;N/A;N/A;N/A;N/A;N/A;N/A;N/A;N/A;N/A;N/A;N/A;N/A;N/A;N/A;N/A;N/A;N/A;N/A;N/A;N/A;;0;452.8;0;0;;Disabled;TempStop;1;740;492.9;0;0;0;599.9;549.9;Enabled;PosOk;1;20;0;0;0;0;15;Disabled;0;0;0;0;0;0;0;0;0;0;0;0;0;0;0;0;0;0;0;0;0;0;0;0;0;0;0;0;0;0;0;0;0;0;0;0;0;0;0;0;0;0;0;0;0;0;0;0;0;0;0;0;0;0;0;0;0;0;0;0;0;0;0;0;0;0;0;0;0;0;30;23;20;45;30;22;20;45;30;31;20;45;30;29;20;45;100;0;80;300;100;0;80;300;100;266;80;300;100;266;80;300;30;33;20;45;30;30;20;45;30;26;20;45;30;28;20;45;100;237;80;300;100;235;80;300;100;0;80;300;100;0;80;300;4;2;0.4;6;4;5;0.4;6;4;2;0.4;6;4;5;0.4;6;4;2;0.4;6;4;5;0.4;6;4;2;0.4;6;4;6;0.4;6;NOK;NOK;OK;4500;4597;4250;4800;OK;7.64;0;8;12;NOK;N/A;1.9;N/A;N/A;N/A;10;12.9;7;17;OK;;0;0;0;-;Disabled;TempOk;1;230;185.8;0;0;0;349.9;440474000 audi 597g-598h;440474000 audi 597g-598h;440474000 audi 597g-598h
20260331_05:31:20;26053;3;2;965;949.5;915;1015;OK;965;966.2;915;1015;OK;966.3;966;-15;-15.6;-50;-20;NOK;-15;-16.7;-50;-20;NOK;-17.3;-17.2;0;-15;-15.5;-50;-20;NOK;355;367;355;600;OK;0;0;N/A;N/A;N/A;N/A;N/A;N/A;N/A;N/A;N/A;N/A;N/A;N/A;N/A;N/A;N/A;N/A;N/A;N/A;N/A;N/A;N/A;N/A;N/A;N/A;N/A;N/A;N/A;N/A;N/A;N/A;N/A;N/A;N/A;N/A;N/A;N/A;N/A;N/A;N/A;N/A;N/A;N/A;N/A;N/A;N/A;N/A;N/A;N/A;N/A;N/A;N/A;N/A;N/A;N/A;N/A;N/A;N/A;N/A;N/A;N/A;N/A;N/A;N/A;N/A;N/A;N/A;N/A;N/A;N/A;N/A;N/A;N/A;N/A;N/A;N/A;N/A;N/A;N/A;N/A;N/A;N/A;N/A;N/A;N/A;N/A;N/A;N/A;N/A;N/A;N/A;N/A;N/A;N/A;N/A;N/A;N/A;N/A;N/A;;0;447.4;0;0;;Disabled;TempStop;1;740;490.3;0;0;0;599.9;549.9;Enabled;PosOk;1;20;0;0;0;0;15;Disabled;0;0;0;0;0;0;0;0;0;0;0;0;0;0;0;0;0;0;0;0;0;0;0;0;0;0;0;0;0;0;0;0;0;0;0;0;0;0;0;0;0;0;0;0;0;0;0;0;0;0;0;0;0;0;0;0;0;0;0;0;0;0;0;0;0;0;0;0;0;0;30;22;20;45;30;22;20;45;30;32;20;45;30;30;20;45;100;0;80;300;100;0;80;300;100;266;80;300;100;266;80;300;30;33;20;45;30;30;20;45;30;26;20;45;30;28;20;45;100;237;80;300;100;235;80;300;100;0;80;300;100;0;80;300;4;2;0.4;6;4;5;0.4;6;4;2;0.4;6;4;5;0.4;6;4;2;0.4;6;4;6;0.4;6;4;2;0.4;6;4;6;0.4;6;NOK;NOK;OK;4500;4594;4250;4800;OK;7.64;0;8;12;NOK;N/A;1.9;N/A;N/A;N/A;10;14.7;7;17;OK;;0;0;0;-;Disabled;TempOk;1;230;190.3;0;0;0;349.9;440474000 audi 597g-598h;440474000 audi 597g-598h;440474000 audi 597g-598h
20260331_05:31:44;26054;4;2;965;963.8;915;1015;OK;965;980;915;1015;OK;978;980.1;-15;-11.1;-50;-5;OK;-15;-20.3;-50;-5;OK;-20.6;-21.2;0;-15;-11;-50;-5;OK;355;368;355;600;OK;187.34;187.94;N/A;N/A;N/A;N/A;N/A;N/A;N/A;N/A;N/A;N/A;N/A;N/A;N/A;N/A;N/A;N/A;N/A;N/A;N/A;N/A;N/A;N/A;N/A;N/A;N/A;N/A;N/A;N/A;N/A;N/A;N/A;N/A;N/A;N/A;N/A;N/A;N/A;N/A;N/A;N/A;N/A;N/A;N/A;N/A;N/A;N/A;N/A;N/A;N/A;N/A;N/A;N/A;N/A;N/A;N/A;N/A;N/A;N/A;N/A;N/A;N/A;N/A;N/A;N/A;N/A;N/A;N/A;N/A;N/A;N/A;N/A;N/A;N/A;N/A;N/A;N/A;N/A;N/A;N/A;N/A;N/A;N/A;N/A;N/A;N/A;N/A;N/A;N/A;N/A;N/A;N/A;N/A;N/A;N/A;N/A;N/A;N/A;N/A;;0;451.4;0;0;;Disabled;TempStop;1;740;492.6;0;0;0;599.9;549.9;Enabled;PosOk;1;20;0;0;0;0;15;Disabled;0;0;0;0;0;0;0;0;0;0;0;0;0;0;0;0;0;0;0;0;0;0;0;0;0;0;0;0;0;0;0;0;0;0;0;0;0;0;0;0;0;0;0;0;0;0;0;0;0;0;0;0;0;0;0;0;0;0;0;0;0;0;0;0;0;0;0;0;0;0;30;23;20;45;30;22;20;45;30;32;20;45;30;30;20;45;100;0;80;300;100;0;80;300;100;266;80;300;100;266;80;300;30;33;20;45;30;30;20;45;30;26;20;45;30;28;20;45;100;237;80;300;100;235;80;300;100;0;80;300;100;0;80;300;4;2;0.4;6;4;5;0.4;6;4;2;0.4;6;4;5;0.4;6;4;2;0.4;6;4;5;0.4;6;4;2;0.4;6;4;6;0.4;6;NOK;NOK;OK;4500;4595;4250;4800;OK;7.64;0;8;12;NOK;N/A;1.9;N/A;N/A;N/A;10;12.8;7;17;OK;;0;0;0;-;Disabled;TempOk;1;230;191.9;0;0;0;349.9;440474000 audi 597g-598h;440474000 audi 597g-598h;440474000 audi 597g-598h
20260331_05:33:04;26056;4;3;965;961.5;915;1015;OK;965;974.5;915;1015;OK;978.2;977.8;-15;-15.6;-50;-5;OK;-15;-17.9;-50;-5;OK;-21.4;-21;0;-15;-15.6;-50;-5;OK;355;399;355;600;OK;187.44;188.06;N/A;N/A;N/A;N/A;N/A;N/A;N/A;N/A;N/A;N/A;N/A;N/A;N/A;N/A;N/A;N/A;N/A;N/A;N/A;N/A;N/A;N/A;N/A;N/A;N/A;N/A;N/A;N/A;N/A;N/A;N/A;N/A;N/A;N/A;N/A;N/A;N/A;N/A;N/A;N/A;N/A;N/A;N/A;N/A;N/A;N/A;N/A;N/A;N/A;N/A;N/A;N/A;N/A;N/A;N/A;N/A;N/A;N/A;N/A;N/A;N/A;N/A;N/A;N/A;N/A;N/A;N/A;N/A;N/A;N/A;N/A;N/A;N/A;N/A;N/A;N/A;N/A;N/A;N/A;N/A;N/A;N/A;N/A;N/A;N/A;N/A;N/A;N/A;N/A;N/A;N/A;N/A;N/A;N/A;N/A;N/A;N/A;N/A;;0;452.8;0;0;;Disabled;TempStop;1;740;496.9;0;0;0;599.9;549.9;Enabled;PosOk;1;20;0;0;0;0;15;Disabled;0;0;0;0;0;0;0;0;0;0;0;0;0;0;0;0;0;0;0;0;0;0;0;0;0;0;0;0;0;0;0;0;0;0;0;0;0;0;0;0;0;0;0;0;0;0;0;0;0;0;0;0;0;0;0;0;0;0;0;0;0;0;0;0;0;0;0;0;0;0;30;22;20;45;30;23;20;45;30;30;20;45;30;29;20;45;100;0;80;300;100;0;80;300;100;266;80;300;100;265;80;300;30;31;20;45;30;29;20;45;30;26;20;45;30;28;20;45;100;236;80;300;100;235;80;300;100;0;80;300;100;0;80;300;4;2;0.4;6;4;6;0.4;6;4;2;0.4;6;4;6;0.4;6;4;2;0.4;6;4;6;0.4;6;4;2;0.4;6;4;6;0.4;6;NOK;NOK;OK;4500;4600;4250;4800;OK;7.64;0;8;12;NOK;N/A;1.9;N/A;N/A;N/A;10;12.8;7;17;OK;;0;0;0;-;Disabled;TempOk;1;230;169.2;0;0;0;349.9;440474000 audi 597g-598h;440474000 audi 597g-598h;440474000 audi 597g-598h
20260331_05:33:27;26055;1;3;965;953.5;915;1015;OK;965;968.1;915;1015;OK;969.6;970.2;-15;-13.1;-50;-20;NOK;-15;-14.9;-50;-20;NOK;-17.3;-16.3;0;-15;-13.1;-50;-20;NOK;355;447;355;600;OK;0;0;N/A;N/A;N/A;N/A;N/A;N/A;N/A;N/A;N/A;N/A;N/A;N/A;N/A;N/A;N/A;N/A;N/A;N/A;N/A;N/A;N/A;N/A;N/A;N/A;N/A;N/A;N/A;N/A;N/A;N/A;N/A;N/A;N/A;N/A;N/A;N/A;N/A;N/A;N/A;N/A;N/A;N/A;N/A;N/A;N/A;N/A;N/A;N/A;N/A;N/A;N/A;N/A;N/A;N/A;N/A;N/A;N/A;N/A;N/A;N/A;N/A;N/A;N/A;N/A;N/A;N/A;N/A;N/A;N/A;N/A;N/A;N/A;N/A;N/A;N/A;N/A;N/A;N/A;N/A;N/A;N/A;N/A;N/A;N/A;N/A;N/A;N/A;N/A;N/A;N/A;N/A;N/A;N/A;N/A;N/A;N/A;N/A;N/A;;0;446.6;0;0;;Disabled;TempStop;1;740;490;0;0;0;599.9;549.9;Enabled;PosOk;1;20;0;0;0;0;15;Disabled;0;0;0;0;0;0;0;0;0;0;0;0;0;0;0;0;0;0;0;0;0;0;0;0;0;0;0;0;0;0;0;0;0;0;0;0;0;0;0;0;0;0;0;0;0;0;0;0;0;0;0;0;0;0;0;0;0;0;0;0;0;0;0;0;0;0;0;0;0;0;30;23;20;45;30;22;20;45;30;30;20;45;30;29;20;45;100;1;80;300;100;0;80;300;100;265;80;300;100;266;80;300;30;32;20;45;30;29;20;45;30;26;20;45;30;28;20;45;100;237;80;300;100;235;80;300;100;0;80;300;100;0;80;300;4;2;0.4;6;4;5;0.4;6;4;2;0.4;6;4;5;0.4;6;4;2;0.4;6;4;5;0.4;6;4;2;0.4;6;4;5;0.4;6;NOK;NOK;OK;4500;4600;4250;4800;OK;7.64;0;8;12;NOK;N/A;1.9;N/A;N/A;N/A;10;13.9;7;17;OK;;0;0;0;-;Disabled;TempOk;1;230;181.6;0;0;0;349.9;440474000 audi 597g-598h;440474000 audi 597g-598h;440474000 audi 597g-598h
20260331_05:33:51;26058;2;4;965;952.6;915;1015;OK;965;965.9;915;1015;OK;966.3;965.7;-15;-23.1;-50;-20;OK;-15;-22.9;-50;-20;OK;-23.5;-23.2;0;-15;-23.1;-50;-20;OK;355;400;355;600;OK;0;0;N/A;N/A;N/A;N/A;N/A;N/A;N/A;N/A;N/A;N/A;N/A;N/A;N/A;N/A;N/A;N/A;N/A;N/A;N/A;N/A;N/A;N/A;N/A;N/A;N/A;N/A;N/A;N/A;N/A;N/A;N/A;N/A;N/A;N/A;N/A;N/A;N/A;N/A;N/A;N/A;N/A;N/A;N/A;N/A;N/A;N/A;N/A;N/A;N/A;N/A;N/A;N/A;N/A;N/A;N/A;N/A;N/A;N/A;N/A;N/A;N/A;N/A;N/A;N/A;N/A;N/A;N/A;N/A;N/A;N/A;N/A;N/A;N/A;N/A;N/A;N/A;N/A;N/A;N/A;N/A;N/A;N/A;N/A;N/A;N/A;N/A;N/A;N/A;N/A;N/A;N/A;N/A;N/A;N/A;N/A;N/A;N/A;N/A;;0;455.6;0;0;;Disabled;TempStop;1;740;500;0;0;0;599.9;549.9;Enabled;PosOk;1;20;0;0;0;0;15;Disabled;0;0;0;0;0;0;0;0;0;0;0;0;0;0;0;0;0;0;0;0;0;0;0;0;0;0;0;0;0;0;0;0;0;0;0;0;0;0;0;0;0;0;0;0;0;0;0;0;0;0;0;0;0;0;0;0;0;0;0;0;0;0;0;0;0;0;0;0;0;0;30;22;20;45;30;22;20;45;30;31;20;45;30;29;20;45;100;0;80;300;100;0;80;300;100;265;80;300;100;265;80;300;30;32;20;45;30;29;20;45;30;26;20;45;30;28;20;45;100;237;80;300;100;234;80;300;100;0;80;300;100;0;80;300;4;2;0.4;6;4;5;0.4;6;4;2;0.4;6;4;5;0.4;6;4;2;0.4;6;4;5;0.4;6;4;2;0.4;6;4;6;0.4;6;NOK;NOK;OK;4500;4593;4250;4800;OK;7.64;0;8;12;NOK;N/A;1.9;N/A;N/A;N/A;10;13.4;7;17;OK;;0;0;0;-;Disabled;TempOk;1;230;186.9;0;0;0;349.9;440474000 audi 597g-598h;440474000 audi 597g-598h;440474000 audi 597g-598h
20260331_05:34:15;26057;3;3;965;953.3;915;1015;OK;965;968.2;915;1015;OK;969;970.1;-15;-15.3;-50;-20;NOK;-15;-13.6;-50;-20;NOK;-16.2;-16.2;0;-15;-15.1;-50;-20;NOK;355;446;355;600;OK;0;0;N/A;N/A;N/A;N/A;N/A;N/A;N/A;N/A;N/A;N/A;N/A;N/A;N/A;N/A;N/A;N/A;N/A;N/A;N/A;N/A;N/A;N/A;N/A;N/A;N/A;N/A;N/A;N/A;N/A;N/A;N/A;N/A;N/A;N/A;N/A;N/A;N/A;N/A;N/A;N/A;N/A;N/A;N/A;N/A;N/A;N/A;N/A;N/A;N/A;N/A;N/A;N/A;N/A;N/A;N/A;N/A;N/A;N/A;N/A;N/A;N/A;N/A;N/A;N/A;N/A;N/A;N/A;N/A;N/A;N/A;N/A;N/A;N/A;N/A;N/A;N/A;N/A;N/A;N/A;N/A;N/A;N/A;N/A;N/A;N/A;N/A;N/A;N/A;N/A;N/A;N/A;N/A;N/A;N/A;N/A;N/A;N/A;N/A;;0;442.1;0;0;;Disabled;TempStop;1;740;485.1;0;0;0;599.9;549.9;Enabled;PosOk;1;20;0;0;0;0;15;Disabled;0;0;0;0;0;0;0;0;0;0;0;0;0;0;0;0;0;0;0;0;0;0;0;0;0;0;0;0;0;0;0;0;0;0;0;0;0;0;0;0;0;0;0;0;0;0;0;0;0;0;0;0;0;0;0;0;0;0;0;0;0;0;0;0;0;0;0;0;0;0;30;23;20;45;30;22;20;45;30;31;20;45;30;29;20;45;100;0;80;300;100;0;80;300;100;266;80;300;100;266;80;300;30;32;20;45;30;29;20;45;30;26;20;45;30;27;20;45;100;237;80;300;100;235;80;300;100;0;80;300;100;0;80;300;4;2;0.4;6;4;5;0.4;6;4;2;0.4;6;4;5;0.4;6;4;2;0.4;6;4;5;0.4;6;4;2;0.4;6;4;6;0.4;6;NOK;NOK;OK;4500;4596;4250;4800;OK;7.64;0;8;12;NOK;N/A;1.9;N/A;N/A;N/A;10;14.6;7;17;OK;;0;0;0;-;Disabled;TempOk;1;230;186.9;0;0;0;349.9;440474000 audi 597g-598h;440474000 audi 597g-598h;440474000 audi 597g-598h
20260331_05:34:39;26060;4;4;965;950;915;1015;OK;965;971.3;915;1015;OK;967.9;970;-15;-18.3;-50;-5;OK;-15;-19;-50;-5;OK;-23.8;-22.9;0;-15;-18.4;-50;-5;OK;355;399;355;600;OK;187.62;188.18;N/A;N/A;N/A;N/A;N/A;N/A;N/A;N/A;N/A;N/A;N/A;N/A;N/A;N/A;N/A;N/A;N/A;N/A;N/A;N/A;N/A;N/A;N/A;N/A;N/A;N/A;N/A;N/A;N/A;N/A;N/A;N/A;N/A;N/A;N/A;N/A;N/A;N/A;N/A;N/A;N/A;N/A;N/A;N/A;N/A;N/A;N/A;N/A;N/A;N/A;N/A;N/A;N/A;N/A;N/A;N/A;N/A;N/A;N/A;N/A;N/A;N/A;N/A;N/A;N/A;N/A;N/A;N/A;N/A;N/A;N/A;N/A;N/A;N/A;N/A;N/A;N/A;N/A;N/A;N/A;N/A;N/A;N/A;N/A;N/A;N/A;N/A;N/A;N/A;N/A;N/A;N/A;N/A;N/A;N/A;N/A;N/A;N/A;;0;450.6;0;0;;Disabled;TempStop;1;740;494.5;0;0;0;599.9;549.9;Enabled;PosOk;1;20;0;0;0;0;15;Disabled;0;0;0;0;0;0;0;0;0;0;0;0;0;0;0;0;0;0;0;0;0;0;0;0;0;0;0;0;0;0;0;0;0;0;0;0;0;0;0;0;0;0;0;0;0;0;0;0;0;0;0;0;0;0;0;0;0;0;0;0;0;0;0;0;0;0;0;0;0;0;30;22;20;45;30;22;20;45;30;31;20;45;30;29;20;45;100;0;80;300;100;0;80;300;100;265;80;300;100;266;80;300;30;32;20;45;30;29;20;45;30;26;20;45;30;27;20;45;100;237;80;300;100;235;80;300;100;0;80;300;100;0;80;300;4;2;0.4;6;4;5;0.4;6;4;2;0.4;6;4;5;0.4;6;4;2;0.4;6;4;6;0.4;6;4;2;0.4;6;4;6;0.4;6;NOK;NOK;OK;4500;4591;4250;4800;OK;7.64;0;8;12;NOK;N/A;1.9;N/A;N/A;N/A;10;12.9;7;17;OK;;0;0;0;-;Disabled;TempOk;1;230;191;0;0;0;349.9;440474000 audi 597g-598h;440474000 audi 597g-598h;440474000 audi 597g-598h
20260331_05:34:57;26062;2;5;965;929.9;915;1015;OK;965;924.7;915;1015;OK;908.1;915.1;-15;-16.7;-50;-20;NOK;-15;-16.9;-50;-20;NOK;-16.9;-16.9;0;-15;-16.6;-50;-20;NOK;355;400;355;600;OK;0;0;;;;;;;;;;;;;;;;;;;;;;;;;;;;;;;;;;;;;;;;;;;;;;;;;;;;;;;;;;;;;;;;;;;;;;;;;;;;;;;;;;;;;;;;;;;;;;;;;;;;;;;;;;;;;;;;;;;;;;;;;;;;;;;;;;;;;;;;;;;;;;;;;;;;;;;;;;;;;;;;;;;;;;;;;;;;;;;;;;;;;;;;;;;;;;;;;;;;;;;;;;;;;;;;;;;;;;;;;;;;;;;;;;;;;;;;;;;;;;;;;;;;;;;;;;;;;;;;;;;;;;;;;;;;;;;;;;;;;;;;;;;;;;;;;;;;;;;;;;;;;;;;;;;;;;;;;;;;;;;;;;;;;;;;440474000 audi 597g-598h;;;;
20260331_05:35:02;26059;1;4;965;952.8;915;1015;OK;965;966.1;915;1015;OK;966.5;965.8;-15;-12.6;-50;-20;NOK;-15;-14;-50;-20;NOK;-14.6;-14.3;0;-15;-12.6;-50;-20;NOK;355;447;355;600;OK;0;0;N/A;N/A;N/A;N/A;N/A;N/A;N/A;N/A;N/A;N/A;N/A;N/A;N/A;N/A;N/A;N/A;N/A;N/A;N/A;N/A;N/A;N/A;N/A;N/A;N/A;N/A;N/A;N/A;N/A;N/A;N/A;N/A;N/A;N/A;N/A;N/A;N/A;N/A;N/A;N/A;N/A;N/A;N/A;N/A;N/A;N/A;N/A;N/A;N/A;N/A;N/A;N/A;N/A;N/A;N/A;N/A;N/A;N/A;N/A;N/A;N/A;N/A;N/A;N/A;N/A;N/A;N/A;N/A;N/A;N/A;N/A;N/A;N/A;N/A;N/A;N/A;N/A;N/A;N/A;N/A;N/A;N/A;N/A;N/A;N/A;N/A;N/A;N/A;N/A;N/A;N/A;N/A;N/A;N/A;N/A;N/A;N/A;N/A;;0;448.4;0;0;;Disabled;TempStop;1;740;493.4;0;0;0;599.9;549.9;Enabled;PosOk;1;20;0;0;0;0;15;Disabled;0;0;0;0;0;0;0;0;0;0;0;0;0;0;0;0;0;0;0;0;0;0;0;0;0;0;0;0;0;0;0;0;0;0;0;0;0;0;0;0;0;0;0;0;0;0;0;0;0;0;0;0;0;0;0;0;0;0;0;0;0;0;0;0;0;0;0;0;0;0;30;22;20;45;30;22;20;45;30;31;20;45;30;30;20;45;100;0;80;300;100;0;80;300;100;266;80;300;100;266;80;300;30;33;20;45;30;30;20;45;30;26;20;45;30;28;20;45;100;237;80;300;100;235;80;300;100;0;80;300;100;0;80;300;4;2;0.4;6;4;5;0.4;6;4;2;0.4;6;4;5;0.4;6;4;2;0.4;6;4;5;0.4;6;4;2;0.4;6;4;6;0.4;6;NOK;NOK;OK;4500;4586;4250;4800;OK;7.64;0;8;12;NOK;N/A;1.9;N/A;N/A;N/A;10;13.9;7;17;OK;;0;0;0;-;Disabled;TempOk;1;230;191.8;0;0;0;349.9;440474000 audi 597g-598h;440474000 audi 597g-598h;440474000 audi 597g-598h
20260331_05:35:44;26064;2;1;965;936.2;915;1015;OK;965;933.5;915;1015;OK;921.8;927.8;-15;-14.9;-50;-20;NOK;-15;-15.1;-50;-20;NOK;-15.5;-15.4;0;-15;-14.9;-50;-20;NOK;355;400;355;600;OK;0;0;;;;;;;;;;;;;;;;;;;;;;;;;;;;;;;;;;;;;;;;;;;;;;;;;;;;;;;;;;;;;;;;;;;;;;;;;;;;;;;;;;;;;;;;;;;;;;;;;;;;;;;;;;;;;;;;;;;;;;;;;;;;;;;;;;;;;;;;;;;;;;;;;;;;;;;;;;;;;;;;;;;;;;;;;;;;;;;;;;;;;;;;;;;;;;;;;;;;;;;;;;;;;;;;;;;;;;;;;;;;;;;;;;;;;;;;;;;;;;;;;;;;;;;;;;;;;;;;;;;;;;;;;;;;;;;;;;;;;;;;;;;;;;;;;;;;;;;;;;;;;;;;;;;;;;;;;;;;;;;;;;;;;;;;440474000 audi 597g-598h;;;;
20260331_05:35:50;26061;3;4;965;951.6;915;1015;OK;965;965.1;915;1015;OK;965.3;965.8;-15;-12.7;-50;-20;NOK;-15;-13.9;-50;-20;NOK;-15.5;-14.8;0;-15;-12.7;-50;-20;NOK;355;446;355;600;OK;0;0;N/A;N/A;N/A;N/A;N/A;N/A;N/A;N/A;N/A;N/A;N/A;N/A;N/A;N/A;N/A;N/A;N/A;N/A;N/A;N/A;N/A;N/A;N/A;N/A;N/A;N/A;N/A;N/A;N/A;N/A;N/A;N/A;N/A;N/A;N/A;N/A;N/A;N/A;N/A;N/A;N/A;N/A;N/A;N/A;N/A;N/A;N/A;N/A;N/A;N/A;N/A;N/A;N/A;N/A;N/A;N/A;N/A;N/A;N/A;N/A;N/A;N/A;N/A;N/A;N/A;N/A;N/A;N/A;N/A;N/A;N/A;N/A;N/A;N/A;N/A;N/A;N/A;N/A;N/A;N/A;N/A;N/A;N/A;N/A;N/A;N/A;N/A;N/A;N/A;N/A;N/A;N/A;N/A;N/A;N/A;N/A;N/A;N/A;;0;440.6;0;0;;Disabled;TempStop;1;740;480.3;0;0;0;599.9;549.9;Enabled;PosOk;1;20;0;0;0;0;15;Disabled;0;0;0;0;0;0;0;0;0;0;0;0;0;0;0;0;0;0;0;0;0;0;0;0;0;0;0;0;0;0;0;0;0;0;0;0;0;0;0;0;0;0;0;0;0;0;0;0;0;0;0;0;0;0;0;0;0;0;0;0;0;0;0;0;0;0;0;0;0;0;30;22;20;45;30;22;20;45;30;31;20;45;30;30;20;45;100;0;80;300;100;0;80;300;100;266;80;300;100;266;80;300;30;32;20;45;30;30;20;45;30;26;20;45;30;28;20;45;100;237;80;300;100;236;80;300;100;0;80;300;100;0;80;300;4;2;0.4;6;4;5;0.4;6;4;2;0.4;6;4;5;0.4;6;4;2;0.4;6;4;5;0.4;6;4;2;0.4;6;4;6;0.4;6;NOK;NOK;OK;4500;4598;4250;4800;OK;7.64;0;8;12;NOK;N/A;1.9;N/A;N/A;N/A;10;13.9;7;17;OK;;0;0;0;-;Disabled;TempOk;1;230;172.5;0;0;0;349.9;440474000 audi 597g-598h;440474000 audi 597g-598h;440474000 audi 597g-598h
20260331_05:36:38;26063;3;5;965;956.2;915;1015;OK;965;961.4;915;1015;OK;960.3;960.9;-15;-16.9;-50;-20;NOK;-15;-17.2;-50;-20;NOK;-17.9;-18;0;-15;-16.8;-50;-20;NOK;355;446;355;600;OK;0;0;N/A;N/A;N/A;N/A;N/A;N/A;N/A;N/A;N/A;N/A;N/A;N/A;N/A;N/A;N/A;N/A;N/A;N/A;N/A;N/A;N/A;N/A;N/A;N/A;N/A;N/A;N/A;N/A;N/A;N/A;N/A;N/A;N/A;N/A;N/A;N/A;N/A;N/A;N/A;N/A;N/A;N/A;N/A;N/A;N/A;N/A;N/A;N/A;N/A;N/A;N/A;N/A;N/A;N/A;N/A;N/A;N/A;N/A;N/A;N/A;N/A;N/A;N/A;N/A;N/A;N/A;N/A;N/A;N/A;N/A;N/A;N/A;N/A;N/A;N/A;N/A;N/A;N/A;N/A;N/A;N/A;N/A;N/A;N/A;N/A;N/A;N/A;N/A;N/A;N/A;N/A;N/A;N/A;N/A;N/A;N/A;N/A;N/A;;0;444.4;0;0;;Disabled;TempStop;1;740;486;0;0;0;599.9;549.9;Enabled;PosOk;1;20;0;0;0;0;15;Disabled;0;0;0;0;0;0;0;0;0;0;0;0;0;0;0;0;0;0;0;0;0;0;0;0;0;0;0;0;0;0;0;0;0;0;0;0;0;0;0;0;0;0;0;0;0;0;0;0;0;0;0;0;0;0;0;0;0;0;0;0;0;0;0;0;0;0;0;0;0;0;30;22;20;45;30;22;20;45;30;31;20;45;30;30;20;45;100;0;80;300;100;0;80;300;100;266;80;300;100;266;80;300;30;32;20;45;30;30;20;45;30;26;20;45;30;28;20;45;100;237;80;300;100;235;80;300;100;0;80;300;100;0;80;300;4;2;0.4;6;4;5;0.4;6;4;2;0.4;6;4;5;0.4;6;4;2;0.4;6;4;5;0.4;6;4;2;0.4;6;4;5;0.4;6;NOK;NOK;OK;4500;4602;4250;4800;OK;7.64;0;8;12;NOK;N/A;1.9;N/A;N/A;N/A;10;14.2;7;17;OK;;0;0;0;-;Disabled;TempOk;1;230;173.5;0;0;0;349.9;440474000 audi 597g-598h;440474000 audi 597g-598h;440474000 audi 597g-598h
20260331_05:36:54;26065;1;1;965;931;915;1015;OK;965;925.6;915;1015;OK;919.9;922.6;-15;-15.4;-50;-20;NOK;-15;-14;-50;-20;NOK;-15.8;-15.6;0;-15;-15.4;-50;-20;NOK;355;447;355;600;OK;0;0;;;;;;;;;;;;;;;;;;;;;;;;;;;;;;;;;;;;;;;;;;;;;;;;;;;;;;;;;;;;;;;;;;;;;;;;;;;;;;;;;;;;;;;;;;;;;;;;;;;;;;;;;;;;;;;;;;;;;;;;;;;;;;;;;;;;;;;;;;;;;;;;;;;;;;;;;;;;;;;;;;;;;;;;;;;;;;;;;;;;;;;;;;;;;;;;;;;;;;;;;;;;;;;;;;;;;;;;;;;;;;;;;;;;;;;;;;;;;;;;;;;;;;;;;;;;;;;;;;;;;;;;;;;;;;;;;;;;;;;;;;;;;;;;;;;;;;;;;;;;;;;;;;;;;;;;;;;;;;;;;;;;;;;;440474000 audi 597g-598h;;;;
20260331_05:37:01;26066;4;1;965;966.9;915;1015;OK;965;971.3;915;1015;OK;978.3;977.2;-15;-14.9;-50;-5;OK;-15;-13.5;-50;-5;OK;-11.9;-12.1;0;-15;-14.8;-50;-5;OK;355;399;355;600;OK;187.79;188.33;N/A;N/A;N/A;N/A;N/A;N/A;N/A;N/A;N/A;N/A;N/A;N/A;N/A;N/A;N/A;N/A;N/A;N/A;N/A;N/A;N/A;N/A;N/A;N/A;N/A;N/A;N/A;N/A;N/A;N/A;N/A;N/A;N/A;N/A;N/A;N/A;N/A;N/A;N/A;N/A;N/A;N/A;N/A;N/A;N/A;N/A;N/A;N/A;N/A;N/A;N/A;N/A;N/A;N/A;N/A;N/A;N/A;N/A;N/A;N/A;N/A;N/A;N/A;N/A;N/A;N/A;N/A;N/A;N/A;N/A;N/A;N/A;N/A;N/A;N/A;N/A;N/A;N/A;N/A;N/A;N/A;N/A;N/A;N/A;N/A;N/A;N/A;N/A;N/A;N/A;N/A;N/A;N/A;N/A;N/A;N/A;N/A;N/A;;0;448.4;0;0;;Disabled;TempStop;1;740;488;0;0;0;599.9;549.9;Enabled;PosOk;1;20;0;0;0;0;15;Disabled;0;0;0;0;0;0;0;0;0;0;0;0;0;0;0;0;0;0;0;0;0;0;0;0;0;0;0;0;0;0;0;0;0;0;0;0;0;0;0;0;0;0;0;0;0;0;0;0;0;0;0;0;0;0;0;0;0;0;0;0;0;0;0;0;0;0;0;0;0;0;30;22;20;45;30;22;20;45;30;31;20;45;30;30;20;45;100;0;80;300;100;0;80;300;100;266;80;300;100;266;80;300;30;32;20;45;30;30;20;45;30;26;20;45;30;28;20;45;100;237;80;300;100;236;80;300;100;0;80;300;100;0;80;300;4;2;0.4;6;4;5;0.4;6;4;2;0.4;6;4;5;0.4;6;4;2;0.4;6;4;6;0.4;6;4;2;0.4;6;4;6;0.4;6;NOK;NOK;OK;4500;4590;4250;4800;OK;7.64;0;8;12;NOK;N/A;1.9;N/A;N/A;N/A;10;12.9;7;17;OK;;0;0;0;-;Disabled;TempOk;1;230;183.4;0;0;0;349.9;440474000 audi 597g-598h;440474000 audi 597g-598h;440474000 audi 597g-598h
20260331_05:37:42;26067;1;2;965;937.8;915;1015;OK;965;943.5;915;1015;OK;934.7;938.4;-15;-16.2;-50;-20;NOK;-15;-15.7;-50;-20;NOK;-15.7;-15.8;0;-15;-16.2;-50;-20;NOK;355;447;355;600;OK;0;0;;;;;;;;;;;;;;;;;;;;;;;;;;;;;;;;;;;;;;;;;;;;;;;;;;;;;;;;;;;;;;;;;;;;;;;;;;;;;;;;;;;;;;;;;;;;;;;;;;;;;;;;;;;;;;;;;;;;;;;;;;;;;;;;;;;;;;;;;;;;;;;;;;;;;;;;;;;;;;;;;;;;;;;;;;;;;;;;;;;;;;;;;;;;;;;;;;;;;;;;;;;;;;;;;;;;;;;;;;;;;;;;;;;;;;;;;;;;;;;;;;;;;;;;;;;;;;;;;;;;;;;;;;;;;;;;;;;;;;;;;;;;;;;;;;;;;;;;;;;;;;;;;;;;;;;;;;;;;;;;;;;;;;;;440474000 audi 597g-598h;;;;
20260331_05:37:49;26068;2;2;965;954.4;915;1015;OK;965;966.6;915;1015;OK;967.7;966.7;-15;-19.9;-50;-20;NOK;-15;-19.8;-50;-20;NOK;-19.9;-19.9;0;-15;-19.8;-50;-20;NOK;355;400;355;600;OK;0;0;N/A;N/A;N/A;N/A;N/A;N/A;N/A;N/A;N/A;N/A;N/A;N/A;N/A;N/A;N/A;N/A;N/A;N/A;N/A;N/A;N/A;N/A;N/A;N/A;N/A;N/A;N/A;N/A;N/A;N/A;N/A;N/A;N/A;N/A;N/A;N/A;N/A;N/A;N/A;N/A;N/A;N/A;N/A;N/A;N/A;N/A;N/A;N/A;N/A;N/A;N/A;N/A;N/A;N/A;N/A;N/A;N/A;N/A;N/A;N/A;N/A;N/A;N/A;N/A;N/A;N/A;N/A;N/A;N/A;N/A;N/A;N/A;N/A;N/A;N/A;N/A;N/A;N/A;N/A;N/A;N/A;N/A;N/A;N/A;N/A;N/A;N/A;N/A;N/A;N/A;N/A;N/A;N/A;N/A;N/A;N/A;N/A;N/A;;0;450.9;0;0;;Disabled;TempStop;1;740;489.9;0;0;0;599.9;549.9;Enabled;PosOk;1;20;0;0;0;0;15;Disabled;0;0;0;0;0;0;0;0;0;0;0;0;0;0;0;0;0;0;0;0;0;0;0;0;0;0;0;0;0;0;0;0;0;0;0;0;0;0;0;0;0;0;0;0;0;0;0;0;0;0;0;0;0;0;0;0;0;0;0;0;0;0;0;0;0;0;0;0;0;0;30;22;20;45;30;22;20;45;30;31;20;45;30;30;20;45;100;0;80;300;100;0;80;300;100;267;80;300;100;266;80;300;30;32;20;45;30;30;20;45;30;26;20;45;30;28;20;45;100;237;80;300;100;235;80;300;100;0;80;300;100;0;80;300;4;2;0.4;6;4;5;0.4;6;4;2;0.4;6;4;5;0.4;6;4;2;0.4;6;4;5;0.4;6;4;2;0.4;6;4;5;0.4;6;NOK;NOK;OK;4500;4596;4250;4800;OK;7.64;0;8;12;NOK;N/A;1.9;N/A;N/A;N/A;10;12.8;7;17;OK;;0;0;0;-;Disabled;TempOk;1;230;172.2;0;0;0;349.9;440474000 audi 597g-598h;440474000 audi 597g-598h;440474000 audi 597g-598h
20260331_05:38:29;26069;3;2;965;951.3;915;1015;OK;965;961.4;915;1015;OK;959.8;960;-15;-16.6;-50;-20;NOK;-15;-16.4;-50;-20;NOK;-16.4;-16.2;0;-15;-16.6;-50;-20;NOK;355;446;355;600;OK;0;0;;;;;;;;;;;;;;;;;;;;;;;;;;;;;;;;;;;;;;;;;;;;;;;;;;;;;;;;;;;;;;;;;;;;;;;;;;;;;;;;;;;;;;;;;;;;;;;;;;;;;;;;;;;;;;;;;;;;;;;;;;;;;;;;;;;;;;;;;;;;;;;;;;;;;;;;;;;;;;;;;;;;;;;;;;;;;;;;;;;;;;;;;;;;;;;;;;;;;;;;;;;;;;;;;;;;;;;;;;;;;;;;;;;;;;;;;;;;;;;;;;;;;;;;;;;;;;;;;;;;;;;;;;;;;;;;;;;;;;;;;;;;;;;;;;;;;;;;;;;;;;;;;;;;;;;;;;;;;;;;;;;;;;;;440474000 audi 597g-598h;;;;
20260331_05:38:36;26070;4;2;965;968.6;915;1015;OK;965;970.6;915;1015;OK;968.3;970.1;-15;-19.5;-50;-5;OK;-15;-12.5;-50;-5;OK;-13.6;-13.2;0;-15;-19.4;-50;-5;OK;355;399;355;600;OK;187.95;188.51;N/A;N/A;N/A;N/A;N/A;N/A;N/A;N/A;N/A;N/A;N/A;N/A;N/A;N/A;N/A;N/A;N/A;N/A;N/A;N/A;N/A;N/A;N/A;N/A;N/A;N/A;N/A;N/A;N/A;N/A;N/A;N/A;N/A;N/A;N/A;N/A;N/A;N/A;N/A;N/A;N/A;N/A;N/A;N/A;N/A;N/A;N/A;N/A;N/A;N/A;N/A;N/A;N/A;N/A;N/A;N/A;N/A;N/A;N/A;N/A;N/A;N/A;N/A;N/A;N/A;N/A;N/A;N/A;N/A;N/A;N/A;N/A;N/A;N/A;N/A;N/A;N/A;N/A;N/A;N/A;N/A;N/A;N/A;N/A;N/A;N/A;N/A;N/A;N/A;N/A;N/A;N/A;N/A;N/A;N/A;N/A;N/A;N/A;;0;449.6;0;0;;Disabled;TempStop;1;740;492;0;0;0;599.9;549.9;Enabled;PosOk;1;20;0;0;0;0;15;Disabled;0;0;0;0;0;0;0;0;0;0;0;0;0;0;0;0;0;0;0;0;0;0;0;0;0;0;0;0;0;0;0;0;0;0;0;0;0;0;0;0;0;0;0;0;0;0;0;0;0;0;0;0;0;0;0;0;0;0;0;0;0;0;0;0;0;0;0;0;0;0;30;22;20;45;30;23;20;45;30;31;20;45;30;30;20;45;100;0;80;300;100;0;80;300;100;266;80;300;100;266;80;300;30;32;20;45;30;30;20;45;30;26;20;45;30;27;20;45;100;237;80;300;100;235;80;300;100;0;80;300;100;0;80;300;4;2;0.4;6;4;5;0.4;6;4;2;0.4;6;4;5;0.4;6;4;2;0.4;6;4;6;0.4;6;4;2;0.4;6;4;6;0.4;6;NOK;NOK;OK;4500;4593;4250;4800;OK;7.64;0;8;12;NOK;N/A;1.9;N/A;N/A;N/A;10;13;7;17;OK;;0;0;0;-;Disabled;TempOk;1;230;170.5;0;0;0;349.9;440474000 audi 597g-598h;440474000 audi 597g-598h;440474000 audi 597g-598h
20260331_05:39:24;26072;4;3;965;962.9;940;990;OK;965;968.9;940;990;OK;965.9;967.4;-15;-17.3;-50;-5;OK;-15;-15.8;-50;-5;OK;-16;-15.8;0;-15;-17.2;-50;-5;OK;355;368;355;600;OK;188.08;188.61;N/A;N/A;N/A;N/A;N/A;N/A;N/A;N/A;N/A;N/A;N/A;N/A;N/A;N/A;N/A;N/A;N/A;N/A;N/A;N/A;N/A;N/A;N/A;N/A;N/A;N/A;N/A;N/A;N/A;N/A;N/A;N/A;N/A;N/A;N/A;N/A;N/A;N/A;N/A;N/A;N/A;N/A;N/A;N/A;N/A;N/A;N/A;N/A;N/A;N/A;N/A;N/A;N/A;N/A;N/A;N/A;N/A;N/A;N/A;N/A;N/A;N/A;N/A;N/A;N/A;N/A;N/A;N/A;N/A;N/A;N/A;N/A;N/A;N/A;N/A;N/A;N/A;N/A;N/A;N/A;N/A;N/A;N/A;N/A;N/A;N/A;N/A;N/A;N/A;N/A;N/A;N/A;N/A;N/A;N/A;N/A;N/A;N/A;;0;453.9;0;0;;Disabled;TempStop;1;740;497.1;0;0;0;599.9;549.9;Enabled;PosOk;1;20;0;0;0;0;15;Disabled;0;0;0;0;0;0;0;0;0;0;0;0;0;0;0;0;0;0;0;0;0;0;0;0;0;0;0;0;0;0;0;0;0;0;0;0;0;0;0;0;0;0;0;0;0;0;0;0;0;0;0;0;0;0;0;0;0;0;0;0;0;0;0;0;0;0;0;0;0;0;30;22;20;45;30;22;20;45;30;31;20;45;30;30;20;45;100;0;80;300;100;0;80;300;100;266;80;300;100;265;80;300;30;32;20;45;30;30;20;45;30;26;20;45;30;27;20;45;100;237;80;300;100;235;80;300;100;0;80;300;100;0;80;300;4;2;0.4;6;4;5;0.4;6;4;2;0.4;6;4;5;0.4;6;4;2;0.4;6;4;5;0.4;6;4;2;0.4;6;4;6;0.4;6;NOK;NOK;OK;4500;4598;4250;4800;OK;7.63;0;8;12;NOK;N/A;1.9;N/A;N/A;N/A;10;12.8;7;17;OK;;0;0;0;-;Disabled;TempOk;1;230;168.7;0;0;0;349.9;440474000 audi 597g-598h;440474000 audi 597g-598h;440474000 audi 597g-598h
20260331_05:39:48;26071;1;3;965;955.5;940;990;OK;965;967.6;940;990;OK;966.8;968;-15;-15.3;-50;-20;NOK;-15;-14;-50;-20;NOK;-17;-15.9;0;-15;-15.4;-50;-20;NOK;355;367;355;600;OK;0;0;N/A;N/A;N/A;N/A;N/A;N/A;N/A;N/A;N/A;N/A;N/A;N/A;N/A;N/A;N/A;N/A;N/A;N/A;N/A;N/A;N/A;N/A;N/A;N/A;N/A;N/A;N/A;N/A;N/A;N/A;N/A;N/A;N/A;N/A;N/A;N/A;N/A;N/A;N/A;N/A;N/A;N/A;N/A;N/A;N/A;N/A;N/A;N/A;N/A;N/A;N/A;N/A;N/A;N/A;N/A;N/A;N/A;N/A;N/A;N/A;N/A;N/A;N/A;N/A;N/A;N/A;N/A;N/A;N/A;N/A;N/A;N/A;N/A;N/A;N/A;N/A;N/A;N/A;N/A;N/A;N/A;N/A;N/A;N/A;N/A;N/A;N/A;N/A;N/A;N/A;N/A;N/A;N/A;N/A;N/A;N/A;N/A;N/A;;0;447;0;0;;Disabled;TempStop;1;740;489;0;0;0;599.9;549.9;Enabled;PosOk;1;20;0;0;0;0;15;Disabled;0;0;0;0;0;0;0;0;0;0;0;0;0;0;0;0;0;0;0;0;0;0;0;0;0;0;0;0;0;0;0;0;0;0;0;0;0;0;0;0;0;0;0;0;0;0;0;0;0;0;0;0;0;0;0;0;0;0;0;0;0;0;0;0;0;0;0;0;0;0;30;22;20;45;30;22;20;45;30;32;20;45;30;30;20;45;100;0;80;300;100;0;80;300;100;266;80;300;100;265;80;300;30;33;20;45;30;30;20;45;30;26;20;45;30;28;20;45;100;237;80;300;100;235;80;300;100;0;80;300;100;0;80;300;4;2;0.4;6;4;5;0.4;6;4;2;0.4;6;4;5;0.4;6;4;2;0.4;6;4;6;0.4;6;4;2;0.4;6;4;5;0.4;6;NOK;NOK;OK;4500;4599;4250;4800;OK;7.64;0;8;12;NOK;N/A;1.9;N/A;N/A;N/A;10;13.9;7;17;OK;;0;0;0;-;Disabled;TempOk;1;230;182.2;0;0;0;349.9;440474000 audi 597g-598h;440474000 audi 597g-598h;440474000 audi 597g-598h
20260331_05:40:11;26073;2;4;965;952.3;940;990;OK;965;956.2;940;990;OK;953.7;955.2;-15;-22.9;-50;-20;OK;-15;-22.7;-50;-20;OK;-23.4;-23.2;0;-15;-23;-50;-20;OK;355;368;355;600;OK;0;0;N/A;N/A;N/A;N/A;N/A;N/A;N/A;N/A;N/A;N/A;N/A;N/A;N/A;N/A;N/A;N/A;N/A;N/A;N/A;N/A;N/A;N/A;N/A;N/A;N/A;N/A;N/A;N/A;N/A;N/A;N/A;N/A;N/A;N/A;N/A;N/A;N/A;N/A;N/A;N/A;N/A;N/A;N/A;N/A;N/A;N/A;N/A;N/A;N/A;N/A;N/A;N/A;N/A;N/A;N/A;N/A;N/A;N/A;N/A;N/A;N/A;N/A;N/A;N/A;N/A;N/A;N/A;N/A;N/A;N/A;N/A;N/A;N/A;N/A;N/A;N/A;N/A;N/A;N/A;N/A;N/A;N/A;N/A;N/A;N/A;N/A;N/A;N/A;N/A;N/A;N/A;N/A;N/A;N/A;N/A;N/A;N/A;N/A;;0;449.7;0;0;;Disabled;TempStop;1;740;492.5;0;0;0;599.9;549.9;Enabled;PosOk;1;20;0;0;0;0;15;Disabled;0;0;0;0;0;0;0;0;0;0;0;0;0;0;0;0;0;0;0;0;0;0;0;0;0;0;0;0;0;0;0;0;0;0;0;0;0;0;0;0;0;0;0;0;0;0;0;0;0;0;0;0;0;0;0;0;0;0;0;0;0;0;0;0;0;0;0;0;0;0;30;22;20;45;30;22;20;45;30;31;20;45;30;29;20;45;100;0;80;300;100;0;80;300;100;266;80;300;100;266;80;300;30;32;20;45;30;29;20;45;30;26;20;45;30;28;20;45;100;237;80;300;100;235;80;300;100;0;80;300;100;0;80;300;4;2;0.4;6;4;5;0.4;6;4;2;0.4;6;4;5;0.4;6;4;2;0.4;6;4;6;0.4;6;4;2;0.4;6;4;5;0.4;6;NOK;NOK;OK;4500;4597;4250;4800;OK;7.64;0;8;12;NOK;N/A;1.9;N/A;N/A;N/A;10;13.3;7;17;OK;;0;0;0;-;Disabled;TempOk;1;230;184.4;0;0;0;349.9;440474000 audi 597g-598h;440474000 audi 597g-598h;440474000 audi 597g-598h
20260331_05:40:35;26074;3;3;965;955.6;940;990;OK;965;971.4;940;990;OK;970.8;971.2;-15;-13.7;-50;-20;NOK;-15;-15.6;-50;-20;NOK;-16.3;-16.2;0;-15;-13.7;-50;-20;NOK;355;367;355;600;OK;0;0;N/A;N/A;N/A;N/A;N/A;N/A;N/A;N/A;N/A;N/A;N/A;N/A;N/A;N/A;N/A;N/A;N/A;N/A;N/A;N/A;N/A;N/A;N/A;N/A;N/A;N/A;N/A;N/A;N/A;N/A;N/A;N/A;N/A;N/A;N/A;N/A;N/A;N/A;N/A;N/A;N/A;N/A;N/A;N/A;N/A;N/A;N/A;N/A;N/A;N/A;N/A;N/A;N/A;N/A;N/A;N/A;N/A;N/A;N/A;N/A;N/A;N/A;N/A;N/A;N/A;N/A;N/A;N/A;N/A;N/A;N/A;N/A;N/A;N/A;N/A;N/A;N/A;N/A;N/A;N/A;N/A;N/A;N/A;N/A;N/A;N/A;N/A;N/A;N/A;N/A;N/A;N/A;N/A;N/A;N/A;N/A;N/A;N/A;;0;446;0;0;;Disabled;TempStop;1;740;487.9;0;0;0;599.9;549.9;Enabled;PosOk;1;20;0;0;0;0;15;Disabled;0;0;0;0;0;0;0;0;0;0;0;0;0;0;0;0;0;0;0;0;0;0;0;0;0;0;0;0;0;0;0;0;0;0;0;0;0;0;0;0;0;0;0;0;0;0;0;0;0;0;0;0;0;0;0;0;0;0;0;0;0;0;0;0;0;0;0;0;0;0;30;22;20;45;30;22;20;45;30;31;20;45;30;28;20;45;100;0;80;300;100;0;80;300;100;266;80;300;100;266;80;300;30;32;20;45;30;28;20;45;30;26;20;45;30;28;20;45;100;237;80;300;100;235;80;300;100;0;80;300;100;0;80;300;4;2;0.4;6;4;5;0.4;6;4;2;0.4;6;4;5;0.4;6;4;2;0.4;6;4;5;0.4;6;4;2;0.4;6;4;6;0.4;6;NOK;NOK;OK;4500;4592;4250;4800;OK;7.64;0;8;12;NOK;N/A;1.9;N/A;N/A;N/A;10;14.6;7;17;OK;;0;0;0;-;Disabled;TempOk;1;230;184.6;0;0;0;349.9;440474000 audi 597g-598h;440474000 audi 597g-598h;440474000 audi 597g-598h
20260331_05:40:59;26075;4;4;965;952.9;940;990;OK;965;955.2;940;990;OK;953.4;954.9;-15;-19.1;-50;-5;OK;-15;-17.9;-50;-5;OK;-21.5;-20.3;0;-15;-19.1;-50;-5;OK;355;368;355;600;OK;188.2;188.79;N/A;N/A;N/A;N/A;N/A;N/A;N/A;N/A;N/A;N/A;N/A;N/A;N/A;N/A;N/A;N/A;N/A;N/A;N/A;N/A;N/A;N/A;N/A;N/A;N/A;N/A;N/A;N/A;N/A;N/A;N/A;N/A;N/A;N/A;N/A;N/A;N/A;N/A;N/A;N/A;N/A;N/A;N/A;N/A;N/A;N/A;N/A;N/A;N/A;N/A;N/A;N/A;N/A;N/A;N/A;N/A;N/A;N/A;N/A;N/A;N/A;N/A;N/A;N/A;N/A;N/A;N/A;N/A;N/A;N/A;N/A;N/A;N/A;N/A;N/A;N/A;N/A;N/A;N/A;N/A;N/A;N/A;N/A;N/A;N/A;N/A;N/A;N/A;N/A;N/A;N/A;N/A;N/A;N/A;N/A;N/A;N/A;N/A;;0;443.2;0;0;;Disabled;TempStop;1;740;485.3;0;0;0;599.9;549.9;Enabled;PosOk;1;20;0;0;0;0;15;Disabled;0;0;0;0;0;0;0;0;0;0;0;0;0;0;0;0;0;0;0;0;0;0;0;0;0;0;0;0;0;0;0;0;0;0;0;0;0;0;0;0;0;0;0;0;0;0;0;0;0;0;0;0;0;0;0;0;0;0;0;0;0;0;0;0;0;0;0;0;0;0;30;22;20;45;30;22;20;45;30;31;20;45;30;29;20;45;100;0;80;300;100;0;80;300;100;266;80;300;100;265;80;300;30;32;20;45;30;29;20;45;30;26;20;45;30;28;20;45;100;237;80;300;100;235;80;300;100;0;80;300;100;0;80;300;4;2;0.4;6;4;5;0.4;6;4;2;0.4;6;4;5;0.4;6;4;2;0.4;6;4;5;0.4;6;4;2;0.4;6;4;6;0.4;6;NOK;NOK;OK;4500;4592;4250;4800;OK;7.64;0;8;12;NOK;N/A;1.9;N/A;N/A;N/A;10;12.9;7;17;OK;;0;0;0;-;Disabled;TempOk;1;230;185.5;0;0;0;349.9;440474000 audi 597g-598h;440474000 audi 597g-598h;440474000 audi 597g-598h
20260331_05:41:23;26076;1;4;965;953.7;940;990;OK;965;966.4;940;990;OK;966.7;966.1;-15;-13.8;-50;-20;NOK;-15;-12.8;-50;-20;NOK;-14.9;-14.3;0;-15;-13.8;-50;-20;NOK;355;367;355;600;OK;0;0;N/A;N/A;N/A;N/A;N/A;N/A;N/A;N/A;N/A;N/A;N/A;N/A;N/A;N/A;N/A;N/A;N/A;N/A;N/A;N/A;N/A;N/A;N/A;N/A;N/A;N/A;N/A;N/A;N/A;N/A;N/A;N/A;N/A;N/A;N/A;N/A;N/A;N/A;N/A;N/A;N/A;N/A;N/A;N/A;N/A;N/A;N/A;N/A;N/A;N/A;N/A;N/A;N/A;N/A;N/A;N/A;N/A;N/A;N/A;N/A;N/A;N/A;N/A;N/A;N/A;N/A;N/A;N/A;N/A;N/A;N/A;N/A;N/A;N/A;N/A;N/A;N/A;N/A;N/A;N/A;N/A;N/A;N/A;N/A;N/A;N/A;N/A;N/A;N/A;N/A;N/A;N/A;N/A;N/A;N/A;N/A;N/A;N/A;;0;445.9;0;0;;Disabled;TempStop;1;740;489.6;0;0;0;599.9;549.9;Enabled;PosOk;1;20;0;0;0;0;15;Disabled;0;0;0;0;0;0;0;0;0;0;0;0;0;0;0;0;0;0;0;0;0;0;0;0;0;0;0;0;0;0;0;0;0;0;0;0;0;0;0;0;0;0;0;0;0;0;0;0;0;0;0;0;0;0;0;0;0;0;0;0;0;0;0;0;0;0;0;0;0;0;30;22;20;45;30;22;20;45;30;31;20;45;30;29;20;45;100;0;80;300;100;0;80;300;100;266;80;300;100;266;80;300;30;32;20;45;30;29;20;45;30;26;20;45;30;28;20;45;100;237;80;300;100;235;80;300;100;0;80;300;100;0;80;300;4;2;0.4;6;4;5;0.4;6;4;2;0.4;6;4;5;0.4;6;4;2;0.4;6;4;6;0.4;6;4;2;0.4;6;4;6;0.4;6;NOK;NOK;OK;4500;4588;4250;4800;OK;7.64;0;8;12;NOK;N/A;1.9;N/A;N/A;N/A;10;13.8;7;17;OK;;0;0;0;-;Disabled;TempOk;1;230;191.6;0;0;0;349.9;440474000 audi 597g-598h;440474000 audi 597g-598h;440474000 audi 597g-598h
20260331_05:42:10;26078;3;4;965;951.4;940;990;OK;965;951.3;940;990;OK;946.6;950.5;-15;-13.5;-50;-20;NOK;-15;-12.9;-50;-20;NOK;-16.1;-15.4;0;-15;-13.5;-50;-20;NOK;355;367;355;600;OK;0;0;N/A;N/A;N/A;N/A;N/A;N/A;N/A;N/A;N/A;N/A;N/A;N/A;N/A;N/A;N/A;N/A;N/A;N/A;N/A;N/A;N/A;N/A;N/A;N/A;N/A;N/A;N/A;N/A;N/A;N/A;N/A;N/A;N/A;N/A;N/A;N/A;N/A;N/A;N/A;N/A;N/A;N/A;N/A;N/A;N/A;N/A;N/A;N/A;N/A;N/A;N/A;N/A;N/A;N/A;N/A;N/A;N/A;N/A;N/A;N/A;N/A;N/A;N/A;N/A;N/A;N/A;N/A;N/A;N/A;N/A;N/A;N/A;N/A;N/A;N/A;N/A;N/A;N/A;N/A;N/A;N/A;N/A;N/A;N/A;N/A;N/A;N/A;N/A;N/A;N/A;N/A;N/A;N/A;N/A;N/A;N/A;N/A;N/A;;0;439.1;0;0;;Disabled;TempStop;1;740;481.4;0;0;0;599.9;549.9;Enabled;PosOk;1;20;0;0;0;0;15;Disabled;0;0;0;0;0;0;0;0;0;0;0;0;0;0;0;0;0;0;0;0;0;0;0;0;0;0;0;0;0;0;0;0;0;0;0;0;0;0;0;0;0;0;0;0;0;0;0;0;0;0;0;0;0;0;0;0;0;0;0;0;0;0;0;0;0;0;0;0;0;0;30;22;20;45;30;23;20;45;30;31;20;45;30;30;20;45;100;0;80;300;100;0;80;300;100;266;80;300;100;266;80;300;30;32;20;45;30;30;20;45;30;26;20;45;30;28;20;45;100;237;80;300;100;235;80;300;100;0;80;300;100;0;80;300;4;2;0.4;6;4;5;0.4;6;4;2;0.4;6;4;5;0.4;6;4;2;0.4;6;4;5;0.4;6;4;2;0.4;6;4;5;0.4;6;NOK;NOK;OK;4500;4590;4250;4800;OK;7.64;0;8;12;NOK;N/A;1.9;N/A;N/A;N/A;10;14.2;7;17;OK;;0;0;0;-;Disabled;TempOk;1;230;176;0;0;0;349.9;440474000 audi 597g-598h;440474000 audi 597g-598h;440474000 audi 597g-598h
20260331_05:42:27;26079;3;5;965;951.1;940;990;OK;965;938.4;940;990;NOK;924.6;932.6;-15;-16.8;-50;-20;NOK;-15;-16.5;-50;-20;NOK;-18;-17.4;0;-15;-16.8;-50;-20;NOK;355;367;355;600;OK;0;0;;;;;;;;;;;;;;;;;;;;;;;;;;;;;;;;;;;;;;;;;;;;;;;;;;;;;;;;;;;;;;;;;;;;;;;;;;;;;;;;;;;;;;;;;;;;;;;;;;;;;;;;;;;;;;;;;;;;;;;;;;;;;;;;;;;;;;;;;;;;;;;;;;;;;;;;;;;;;;;;;;;;;;;;;;;;;;;;;;;;;;;;;;;;;;;;;;;;;;;;;;;;;;;;;;;;;;;;;;;;;;;;;;;;;;;;;;;;;;;;;;;;;;;;;;;;;;;;;;;;;;;;;;;;;;;;;;;;;;;;;;;;;;;;;;;;;;;;;;;;;;;;;;;;;;;;;;;;;;;;;;;;;;;;440474000 audi 597g-598h;;;;
20260331_05:43:22;26077;4;1;965;955.9;940;990;OK;965;972.8;940;990;OK;968.9;971.3;-15;-14.1;-50;-5;OK;-15;-13.4;-50;-5;OK;-19.1;-16.6;0;-15;-14.3;-50;-5;OK;355;368;355;600;OK;188.35;188.94;N/A;N/A;N/A;N/A;N/A;N/A;N/A;N/A;N/A;N/A;N/A;N/A;N/A;N/A;N/A;N/A;N/A;N/A;N/A;N/A;N/A;N/A;N/A;N/A;N/A;N/A;N/A;N/A;N/A;N/A;N/A;N/A;N/A;N/A;N/A;N/A;N/A;N/A;N/A;N/A;N/A;N/A;N/A;N/A;N/A;N/A;N/A;N/A;N/A;N/A;N/A;N/A;N/A;N/A;N/A;N/A;N/A;N/A;N/A;N/A;N/A;N/A;N/A;N/A;N/A;N/A;N/A;N/A;N/A;N/A;N/A;N/A;N/A;N/A;N/A;N/A;N/A;N/A;N/A;N/A;N/A;N/A;N/A;N/A;N/A;N/A;N/A;N/A;N/A;N/A;N/A;N/A;N/A;N/A;N/A;N/A;N/A;N/A;;0;447.8;0;0;;Disabled;TempStop;1;740;488.4;0;0;0;599.9;549.9;Enabled;PosOk;1;20;0;0;0;0;15;Disabled;0;0;0;0;0;0;0;0;0;0;0;0;0;0;0;0;0;0;0;0;0;0;0;0;0;0;0;0;0;0;0;0;0;0;0;0;0;0;0;0;0;0;0;0;0;0;0;0;0;0;0;0;0;0;0;0;0;0;0;0;0;0;0;0;0;0;0;0;0;0;30;22;20;45;30;22;20;45;30;30;20;45;30;30;20;45;100;0;80;300;100;0;80;300;100;265;80;300;100;266;80;300;30;32;20;45;30;30;20;45;30;26;20;45;30;28;20;45;100;237;80;300;100;235;80;300;100;0;80;300;100;0;80;300;4;2;0.4;6;4;5;0.4;6;4;2;0.4;6;4;5;0.4;6;4;2;0.4;6;4;5;0.4;6;4;2;0.4;6;4;5;0.4;6;NOK;NOK;OK;4500;4593;4250;4800;OK;7.64;0;8;12;NOK;N/A;1.9;N/A;N/A;N/A;10;13.3;7;17;OK;;0;0;0;-;Disabled;TempOk;1;230;165.9;0;0;0;349.9;440474000 audi 597g-598h;440474000 audi 597g-598h;440474000 audi 597g-598h
20260331_05:44:09;26081;2;2;965;954.6;940;990;OK;965;967.1;940;990;OK;968.3;967.7;-15;-19.7;-50;-20;NOK;-15;-20.2;-50;-20;OK;-19.7;-20;0;-15;-19.6;-50;-20;NOK;355;368;355;600;OK;0;0;N/A;N/A;N/A;N/A;N/A;N/A;N/A;N/A;N/A;N/A;N/A;N/A;N/A;N/A;N/A;N/A;N/A;N/A;N/A;N/A;N/A;N/A;N/A;N/A;N/A;N/A;N/A;N/A;N/A;N/A;N/A;N/A;N/A;N/A;N/A;N/A;N/A;N/A;N/A;N/A;N/A;N/A;N/A;N/A;N/A;N/A;N/A;N/A;N/A;N/A;N/A;N/A;N/A;N/A;N/A;N/A;N/A;N/A;N/A;N/A;N/A;N/A;N/A;N/A;N/A;N/A;N/A;N/A;N/A;N/A;N/A;N/A;N/A;N/A;N/A;N/A;N/A;N/A;N/A;N/A;N/A;N/A;N/A;N/A;N/A;N/A;N/A;N/A;N/A;N/A;N/A;N/A;N/A;N/A;N/A;N/A;N/A;N/A;;0;446.4;0;0;;Disabled;TempStop;1;740;485.8;0;0;0;599.9;549.9;Enabled;PosOk;1;20;0;0;0;0;15;Disabled;0;0;0;0;0;0;0;0;0;0;0;0;0;0;0;0;0;0;0;0;0;0;0;0;0;0;0;0;0;0;0;0;0;0;0;0;0;0;0;0;0;0;0;0;0;0;0;0;0;0;0;0;0;0;0;0;0;0;0;0;0;0;0;0;0;0;0;0;0;0;30;22;20;45;30;22;20;45;30;31;20;45;30;30;20;45;100;0;80;300;100;0;80;300;100;266;80;300;100;266;80;300;30;32;20;45;30;30;20;45;30;26;20;45;30;28;20;45;100;237;80;300;100;235;80;300;100;0;80;300;100;0;80;300;4;2;0.4;6;4;5;0.4;6;4;2;0.4;6;4;5;0.4;6;4;2;0.4;6;4;5;0.4;6;4;2;0.4;6;4;5;0.4;6;NOK;NOK;OK;4500;4597;4250;4800;OK;7.63;0;8;12;NOK;N/A;1.9;N/A;N/A;N/A;10;12.9;7;17;OK;;0;0;0;-;Disabled;TempOk;1;230;168.4;0;0;0;349.9;440474000 audi 597g-598h;440474000 audi 597g-598h;440474000 audi 597g-598h
20260331_05:44:57;26082;4;2;965;959.1;940;990;OK;965;960;940;990;OK;952.9;957.5;-15;-12.3;-50;-5;OK;-15;-18.6;-50;-5;OK;-20.1;-20.2;0;-15;-12.2;-50;-5;OK;355;368;355;600;OK;188.53;189.1;N/A;N/A;N/A;N/A;N/A;N/A;N/A;N/A;N/A;N/A;N/A;N/A;N/A;N/A;N/A;N/A;N/A;N/A;N/A;N/A;N/A;N/A;N/A;N/A;N/A;N/A;N/A;N/A;N/A;N/A;N/A;N/A;N/A;N/A;N/A;N/A;N/A;N/A;N/A;N/A;N/A;N/A;N/A;N/A;N/A;N/A;N/A;N/A;N/A;N/A;N/A;N/A;N/A;N/A;N/A;N/A;N/A;N/A;N/A;N/A;N/A;N/A;N/A;N/A;N/A;N/A;N/A;N/A;N/A;N/A;N/A;N/A;N/A;N/A;N/A;N/A;N/A;N/A;N/A;N/A;N/A;N/A;N/A;N/A;N/A;N/A;N/A;N/A;N/A;N/A;N/A;N/A;N/A;N/A;N/A;N/A;N/A;N/A;;0;444.4;0;0;;Disabled;TempStop;1;740;485.9;0;0;0;599.9;549.9;Enabled;PosOk;1;20;0;0;0;0;15;Disabled;0;0;0;0;0;0;0;0;0;0;0;0;0;0;0;0;0;0;0;0;0;0;0;0;0;0;0;0;0;0;0;0;0;0;0;0;0;0;0;0;0;0;0;0;0;0;0;0;0;0;0;0;0;0;0;0;0;0;0;0;0;0;0;0;0;0;0;0;0;0;30;22;20;45;30;22;20;45;30;31;20;45;30;30;20;45;100;0;80;300;100;0;80;300;100;266;80;300;100;266;80;300;30;32;20;45;30;30;20;45;30;26;20;45;30;28;20;45;100;237;80;300;100;235;80;300;100;0;80;300;100;0;80;300;4;2;0.4;6;4;5;0.4;6;4;2;0.4;6;4;5;0.4;6;4;2;0.4;6;4;5;0.4;6;4;2;0.4;6;4;6;0.4;6;NOK;NOK;OK;4500;4593;4250;4800;OK;7.63;0;8;12;NOK;N/A;1.9;N/A;N/A;N/A;10;12.8;7;17;OK;;0;0;0;-;Disabled;TempOk;1;230;170.2;0;0;0;349.9;440474000 audi 597g-598h;440474000 audi 597g-598h;440474000 audi 597g-598h
20260331_05:45:44;26083;4;3;965;958.9;940;990;OK;965;957.1;940;990;OK;952.8;955.1;-15;-15.8;-50;-5;OK;-15;-18.7;-50;-5;OK;-20.3;-19.8;0;-15;-15.8;-50;-5;OK;355;368;355;600;OK;188.63;189.19;N/A;N/A;N/A;N/A;N/A;N/A;N/A;N/A;N/A;N/A;N/A;N/A;N/A;N/A;N/A;N/A;N/A;N/A;N/A;N/A;N/A;N/A;N/A;N/A;N/A;N/A;N/A;N/A;N/A;N/A;N/A;N/A;N/A;N/A;N/A;N/A;N/A;N/A;N/A;N/A;N/A;N/A;N/A;N/A;N/A;N/A;N/A;N/A;N/A;N/A;N/A;N/A;N/A;N/A;N/A;N/A;N/A;N/A;N/A;N/A;N/A;N/A;N/A;N/A;N/A;N/A;N/A;N/A;N/A;N/A;N/A;N/A;N/A;N/A;N/A;N/A;N/A;N/A;N/A;N/A;N/A;N/A;N/A;N/A;N/A;N/A;N/A;N/A;N/A;N/A;N/A;N/A;N/A;N/A;N/A;N/A;N/A;N/A;;0;450.5;0;0;;Disabled;TempStop;1;740;493.3;0;0;0;599.9;549.9;Enabled;PosOk;1;20;0;0;0;0;15;Disabled;0;0;0;0;0;0;0;0;0;0;0;0;0;0;0;0;0;0;0;0;0;0;0;0;0;0;0;0;0;0;0;0;0;0;0;0;0;0;0;0;0;0;0;0;0;0;0;0;0;0;0;0;0;0;0;0;0;0;0;0;0;0;0;0;0;0;0;0;0;0;30;23;20;45;30;22;20;45;30;31;20;45;30;30;20;45;100;1;80;300;100;0;80;300;100;266;80;300;100;265;80;300;30;32;20;45;30;30;20;45;30;26;20;45;30;28;20;45;100;237;80;300;100;235;80;300;100;0;80;300;100;0;80;300;4;2;0.4;6;4;5;0.4;6;4;2;0.4;6;4;5;0.4;6;4;2;0.4;6;4;6;0.4;6;4;2;0.4;6;4;5;0.4;6;NOK;NOK;OK;4500;4525;4250;4800;OK;7.64;0;8;12;NOK;N/A;1.9;N/A;N/A;N/A;10;12.9;7;17;OK;;0;0;0;-;Disabled;TempOk;1;230;169.1;0;0;0;349.9;440474000 audi 597g-598h;440474000 audi 597g-598h;440474000 audi 597g-598h
20260331_05:46:02;26084;2;4;965;944.4;940;990;OK;965;941.7;940;990;OK;935.1;938.9;-15;-22.7;-50;-20;OK;-15;-23.4;-50;-20;OK;-23.7;-23.7;0;-15;-22.7;-50;-20;OK;355;368;355;600;OK;0;0;;;;;;;;;;;;;;;;;;;;;;;;;;;;;;;;;;;;;;;;;;;;;;;;;;;;;;;;;;;;;;;;;;;;;;;;;;;;;;;;;;;;;;;;;;;;;;;;;;;;;;;;;;;;;;;;;;;;;;;;;;;;;;;;;;;;;;;;;;;;;;;;;;;;;;;;;;;;;;;;;;;;;;;;;;;;;;;;;;;;;;;;;;;;;;;;;;;;;;;;;;;;;;;;;;;;;;;;;;;;;;;;;;;;;;;;;;;;;;;;;;;;;;;;;;;;;;;;;;;;;;;;;;;;;;;;;;;;;;;;;;;;;;;;;;;;;;;;;;;;;;;;;;;;;;;;;;;;;;;;;;;;;;;;440474000 audi 597g-598h;;;;
20260331_05:46:08;26080;1;3;965;955;940;990;OK;965;956.4;940;990;OK;950.4;953.9;-15;-13.8;-50;-20;NOK;-15;-17.5;-50;-20;NOK;-17.8;-17.5;0;-15;-13.8;-50;-20;NOK;355;367;355;600;OK;0;0;N/A;N/A;N/A;N/A;N/A;N/A;N/A;N/A;N/A;N/A;N/A;N/A;N/A;N/A;N/A;N/A;N/A;N/A;N/A;N/A;N/A;N/A;N/A;N/A;N/A;N/A;N/A;N/A;N/A;N/A;N/A;N/A;N/A;N/A;N/A;N/A;N/A;N/A;N/A;N/A;N/A;N/A;N/A;N/A;N/A;N/A;N/A;N/A;N/A;N/A;N/A;N/A;N/A;N/A;N/A;N/A;N/A;N/A;N/A;N/A;N/A;N/A;N/A;N/A;N/A;N/A;N/A;N/A;N/A;N/A;N/A;N/A;N/A;N/A;N/A;N/A;N/A;N/A;N/A;N/A;N/A;N/A;N/A;N/A;N/A;N/A;N/A;N/A;N/A;N/A;N/A;N/A;N/A;N/A;N/A;N/A;N/A;N/A;;0;442.1;0;0;;Disabled;TempStop;1;740;485.6;0;0;0;599.9;549.9;Enabled;PosOk;1;20;0;0;0;0;15;Disabled;0;0;0;0;0;0;0;0;0;0;0;0;0;0;0;0;0;0;0;0;0;0;0;0;0;0;0;0;0;0;0;0;0;0;0;0;0;0;0;0;0;0;0;0;0;0;0;0;0;0;0;0;0;0;0;0;0;0;0;0;0;0;0;0;0;0;0;0;0;0;30;22;20;45;30;22;20;45;30;32;20;45;30;30;20;45;100;0;80;300;100;0;80;300;100;266;80;300;100;266;80;300;30;33;20;45;30;30;20;45;30;26;20;45;30;28;20;45;100;237;80;300;100;235;80;300;100;0;80;300;100;0;80;300;4;2;0.4;6;4;5;0.4;6;4;2;0.4;6;4;5;0.4;6;4;2;0.4;6;4;6;0.4;6;4;2;0.4;6;4;5;0.4;6;NOK;NOK;OK;4500;4585;4250;4800;OK;7.64;0;8;12;NOK;N/A;1.9;N/A;N/A;N/A;10;14;7;17;OK;;0;0;0;-;Disabled;TempOk;1;230;185;0;0;0;349.9;440474000 audi 597g-598h;440474000 audi 597g-598h;440474000 audi 597g-598h
20260331_05:46:55;26085;3;3;965;956.7;940;990;OK;965;971;940;990;OK;970.9;971;-15;-15.3;-50;-20;NOK;-15;-16.4;-50;-20;NOK;-16.5;-16.5;0;-15;-15.3;-50;-20;NOK;355;367;355;600;OK;0;0;N/A;N/A;N/A;N/A;N/A;N/A;N/A;N/A;N/A;N/A;N/A;N/A;N/A;N/A;N/A;N/A;N/A;N/A;N/A;N/A;N/A;N/A;N/A;N/A;N/A;N/A;N/A;N/A;N/A;N/A;N/A;N/A;N/A;N/A;N/A;N/A;N/A;N/A;N/A;N/A;N/A;N/A;N/A;N/A;N/A;N/A;N/A;N/A;N/A;N/A;N/A;N/A;N/A;N/A;N/A;N/A;N/A;N/A;N/A;N/A;N/A;N/A;N/A;N/A;N/A;N/A;N/A;N/A;N/A;N/A;N/A;N/A;N/A;N/A;N/A;N/A;N/A;N/A;N/A;N/A;N/A;N/A;N/A;N/A;N/A;N/A;N/A;N/A;N/A;N/A;N/A;N/A;N/A;N/A;N/A;N/A;N/A;N/A;;0;450.2;0;0;;Disabled;TempStop;1;740;492.5;0;0;0;599.9;549.9;Enabled;PosOk;1;20;0;0;0;0;15;Disabled;0;0;0;0;0;0;0;0;0;0;0;0;0;0;0;0;0;0;0;0;0;0;0;0;0;0;0;0;0;0;0;0;0;0;0;0;0;0;0;0;0;0;0;0;0;0;0;0;0;0;0;0;0;0;0;0;0;0;0;0;0;0;0;0;0;0;0;0;0;0;30;22;20;45;30;22;20;45;30;31;20;45;30;30;20;45;100;0;80;300;100;0;80;300;100;266;80;300;100;266;80;300;30;32;20;45;30;30;20;45;30;26;20;45;30;28;20;45;100;237;80;300;100;235;80;300;100;0;80;300;100;0;80;300;4;2;0.4;6;4;5;0.4;6;4;2;0.4;6;4;5;0.4;6;4;2;0.4;6;4;5;0.4;6;4;2;0.4;6;4;6;0.4;6;NOK;NOK;OK;4500;4593;4250;4800;OK;7.63;0;8;12;NOK;N/A;1.9;N/A;N/A;N/A;10;13.9;7;17;OK;;0;0;0;-;Disabled;TempOk;1;230;169.5;0;0;0;349.9;440474000 audi 597g-598h;440474000 audi 597g-598h;440474000 audi 597g-598h
20260331_05:47:19;26086;4;4;965;940.4;940;990;OK;965;940.9;940;990;OK;936.5;939.4;-15;-18.2;-50;-5;OK;-15;-18.4;-50;-5;OK;-23.3;-21.5;0;-15;-18.3;-50;-5;OK;355;368;355;600;OK;188.81;189.33;N/A;N/A;N/A;N/A;N/A;N/A;N/A;N/A;N/A;N/A;N/A;N/A;N/A;N/A;N/A;N/A;N/A;N/A;N/A;N/A;N/A;N/A;N/A;N/A;N/A;N/A;N/A;N/A;N/A;N/A;N/A;N/A;N/A;N/A;N/A;N/A;N/A;N/A;N/A;N/A;N/A;N/A;N/A;N/A;N/A;N/A;N/A;N/A;N/A;N/A;N/A;N/A;N/A;N/A;N/A;N/A;N/A;N/A;N/A;N/A;N/A;N/A;N/A;N/A;N/A;N/A;N/A;N/A;N/A;N/A;N/A;N/A;N/A;N/A;N/A;N/A;N/A;N/A;N/A;N/A;N/A;N/A;N/A;N/A;N/A;N/A;N/A;N/A;N/A;N/A;N/A;N/A;N/A;N/A;N/A;N/A;N/A;N/A;;0;439.6;0;0;;Disabled;TempStop;1;740;480.5;0;0;0;599.9;549.9;Enabled;PosOk;1;20;0;0;0;0;15;Disabled;0;0;0;0;0;0;0;0;0;0;0;0;0;0;0;0;0;0;0;0;0;0;0;0;0;0;0;0;0;0;0;0;0;0;0;0;0;0;0;0;0;0;0;0;0;0;0;0;0;0;0;0;0;0;0;0;0;0;0;0;0;0;0;0;0;0;0;0;0;0;30;22;20;45;30;22;20;45;30;31;20;45;30;29;20;45;100;0;80;300;100;0;80;300;100;266;80;300;100;266;80;300;30;32;20;45;30;29;20;45;30;26;20;45;30;28;20;45;100;237;80;300;100;235;80;300;100;0;80;300;100;0;80;300;4;2;0.4;6;4;5;0.4;6;4;2;0.4;6;4;6;0.4;6;4;2;0.4;6;4;5;0.4;6;4;2;0.4;6;4;6;0.4;6;NOK;NOK;OK;4500;4590;4250;4800;OK;7.64;0;8;12;NOK;N/A;1.9;N/A;N/A;N/A;10;12.8;7;17;OK;;0;0;0;-;Disabled;TempOk;1;230;184.4;0;0;0;349.9;440474000 audi 597g-598h;440474000 audi 597g-598h;440474000 audi 597g-598h
20260331_05:47:43;26087;1;4;965;954.3;940;990;OK;965;965.9;940;990;OK;966.6;967.2;-15;-12.7;-50;-20;NOK;-15;-14.2;-50;-20;NOK;-17;-16.7;0;-15;-12.7;-50;-20;NOK;355;367;355;600;OK;0;0;N/A;N/A;N/A;N/A;N/A;N/A;N/A;N/A;N/A;N/A;N/A;N/A;N/A;N/A;N/A;N/A;N/A;N/A;N/A;N/A;N/A;N/A;N/A;N/A;N/A;N/A;N/A;N/A;N/A;N/A;N/A;N/A;N/A;N/A;N/A;N/A;N/A;N/A;N/A;N/A;N/A;N/A;N/A;N/A;N/A;N/A;N/A;N/A;N/A;N/A;N/A;N/A;N/A;N/A;N/A;N/A;N/A;N/A;N/A;N/A;N/A;N/A;N/A;N/A;N/A;N/A;N/A;N/A;N/A;N/A;N/A;N/A;N/A;N/A;N/A;N/A;N/A;N/A;N/A;N/A;N/A;N/A;N/A;N/A;N/A;N/A;N/A;N/A;N/A;N/A;N/A;N/A;N/A;N/A;N/A;N/A;N/A;N/A;;0;447.6;0;0;;Disabled;TempStop;1;740;492.1;0;0;0;599.9;549.9;Enabled;PosOk;1;20;0;0;0;0;15;Disabled;0;0;0;0;0;0;0;0;0;0;0;0;0;0;0;0;0;0;0;0;0;0;0;0;0;0;0;0;0;0;0;0;0;0;0;0;0;0;0;0;0;0;0;0;0;0;0;0;0;0;0;0;0;0;0;0;0;0;0;0;0;0;0;0;0;0;0;0;0;0;30;22;20;45;30;22;20;45;30;31;20;45;30;29;20;45;100;0;80;300;100;0;80;300;100;266;80;300;100;267;80;300;30;32;20;45;30;28;20;45;30;26;20;45;30;28;20;45;100;237;80;300;100;235;80;300;100;0;80;300;100;0;80;300;4;2;0.4;6;4;5;0.4;6;4;2;0.4;6;4;5;0.4;6;4;2;0.4;6;4;5;0.4;6;4;2;0.4;6;4;6;0.4;6;NOK;NOK;OK;4500;4590;4250;4800;OK;7.64;0;8;12;NOK;N/A;1.9;N/A;N/A;N/A;10;14.4;7;17;OK;;0;0;0;-;Disabled;TempOk;1;230;188.5;0;0;0;349.9;440474000 audi 597g-598h;440474000 audi 597g-598h;440474000 audi 597g-598h
20260331_05:47:59;26089;3;4;965;938.8;940;990;NOK;965;942.1;940;990;OK;935.8;939.9;-15;-12.7;-50;-20;NOK;-15;-14.2;-50;-20;NOK;-17.4;-16.5;0;-15;-12.6;-50;-20;NOK;355;367;355;600;OK;0;0;;;;;;;;;;;;;;;;;;;;;;;;;;;;;;;;;;;;;;;;;;;;;;;;;;;;;;;;;;;;;;;;;;;;;;;;;;;;;;;;;;;;;;;;;;;;;;;;;;;;;;;;;;;;;;;;;;;;;;;;;;;;;;;;;;;;;;;;;;;;;;;;;;;;;;;;;;;;;;;;;;;;;;;;;;;;;;;;;;;;;;;;;;;;;;;;;;;;;;;;;;;;;;;;;;;;;;;;;;;;;;;;;;;;;;;;;;;;;;;;;;;;;;;;;;;;;;;;;;;;;;;;;;;;;;;;;;;;;;;;;;;;;;;;;;;;;;;;;;;;;;;;;;;;;;;;;;;;;;;;;;;;;;;;440474000 audi 597g-598h;;;;
20260331_05:49:42;26088;4;1;965;961.8;940;990;OK;965;953.5;940;990;OK;949.8;952.5;-15;-12.7;-50;-5;OK;-15;-12.6;-50;-5;OK;-14.4;-13.4;0;-15;-12.6;-50;-5;OK;355;368;355;600;OK;188.96;189.5;N/A;N/A;N/A;N/A;N/A;N/A;N/A;N/A;N/A;N/A;N/A;N/A;N/A;N/A;N/A;N/A;N/A;N/A;N/A;N/A;N/A;N/A;N/A;N/A;N/A;N/A;N/A;N/A;N/A;N/A;N/A;N/A;N/A;N/A;N/A;N/A;N/A;N/A;N/A;N/A;N/A;N/A;N/A;N/A;N/A;N/A;N/A;N/A;N/A;N/A;N/A;N/A;N/A;N/A;N/A;N/A;N/A;N/A;N/A;N/A;N/A;N/A;N/A;N/A;N/A;N/A;N/A;N/A;N/A;N/A;N/A;N/A;N/A;N/A;N/A;N/A;N/A;N/A;N/A;N/A;N/A;N/A;N/A;N/A;N/A;N/A;N/A;N/A;N/A;N/A;N/A;N/A;N/A;N/A;N/A;N/A;N/A;N/A;;0;443.8;0;0;;Disabled;TempStop;1;740;484.7;0;0;0;599.9;549.9;Enabled;PosOk;1;20;0;0;0;0;15;Disabled;0;0;0;0;0;0;0;0;0;0;0;0;0;0;0;0;0;0;0;0;0;0;0;0;0;0;0;0;0;0;0;0;0;0;0;0;0;0;0;0;0;0;0;0;0;0;0;0;0;0;0;0;0;0;0;0;0;0;0;0;0;0;0;0;0;0;0;0;0;0;30;22;20;45;30;22;20;45;30;30;20;45;30;30;20;45;100;0;80;300;100;0;80;300;100;265;80;300;100;266;80;300;30;31;20;45;30;30;20;45;30;26;20;45;30;28;20;45;100;237;80;300;100;235;80;300;100;0;80;300;100;0;80;300;4;2;0.4;6;4;5;0.4;6;4;2;0.4;6;4;5;0.4;6;4;2;0.4;6;4;6;0.4;6;4;2;0.4;6;4;6;0.4;6;NOK;NOK;OK;4500;4594;4250;4800;OK;7.64;0;8;12;NOK;N/A;1.9;N/A;N/A;N/A;10;12.9;7;17;OK;;0;0;0;-;Disabled;TempOk;1;230;163.8;0;0;0;349.9;440474000 audi 597g-598h;440474000 audi 597g-598h;440474000 audi 597g-598h
20260331_05:50:30;26091;2;2;965;955.1;940;990;OK;965;967.7;940;990;OK;968.7;968.3;-15;-20.3;-50;-20;OK;-15;-19.4;-50;-20;NOK;-19.5;-19.4;0;-15;-20.4;-50;-20;OK;355;368;355;600;OK;0;0;N/A;N/A;N/A;N/A;N/A;N/A;N/A;N/A;N/A;N/A;N/A;N/A;N/A;N/A;N/A;N/A;N/A;N/A;N/A;N/A;N/A;N/A;N/A;N/A;N/A;N/A;N/A;N/A;N/A;N/A;N/A;N/A;N/A;N/A;N/A;N/A;N/A;N/A;N/A;N/A;N/A;N/A;N/A;N/A;N/A;N/A;N/A;N/A;N/A;N/A;N/A;N/A;N/A;N/A;N/A;N/A;N/A;N/A;N/A;N/A;N/A;N/A;N/A;N/A;N/A;N/A;N/A;N/A;N/A;N/A;N/A;N/A;N/A;N/A;N/A;N/A;N/A;N/A;N/A;N/A;N/A;N/A;N/A;N/A;N/A;N/A;N/A;N/A;N/A;N/A;N/A;N/A;N/A;N/A;N/A;N/A;N/A;N/A;;0;447.9;0;0;;Disabled;TempStop;1;740;486.5;0;0;0;599.9;549.9;Enabled;PosOk;1;20;0;0;0;0;15;Disabled;0;0;0;0;0;0;0;0;0;0;0;0;0;0;0;0;0;0;0;0;0;0;0;0;0;0;0;0;0;0;0;0;0;0;0;0;0;0;0;0;0;0;0;0;0;0;0;0;0;0;0;0;0;0;0;0;0;0;0;0;0;0;0;0;0;0;0;0;0;0;30;22;20;45;30;22;20;45;30;30;20;45;30;30;20;45;100;0;80;300;100;0;80;300;100;266;80;300;100;266;80;300;30;32;20;45;30;30;20;45;30;26;20;45;30;28;20;45;100;237;80;300;100;235;80;300;100;0;80;300;100;0;80;300;4;2;0.4;6;4;6;0.4;6;4;2;0.4;6;4;5;0.4;6;4;2;0.4;6;4;6;0.4;6;4;2;0.4;6;4;6;0.4;6;NOK;NOK;OK;4500;4594;4250;4800;OK;7.63;0;8;12;NOK;N/A;1.9;N/A;N/A;N/A;10;12.9;7;17;OK;;0;0;0;-;Disabled;TempOk;1;230;167;0;0;0;349.9;440474000 audi 597g-598h;440474000 audi 597g-598h;440474000 audi 597g-598h
20260331_05:51:17;26092;4;2;965;951.3;940;990;OK;965;949.3;940;990;OK;943.3;946.8;-15;-17.8;-50;-5;OK;-15;-12.8;-50;-5;OK;-15.4;-14.8;0;-15;-17.5;-50;-5;OK;355;368;355;600;OK;189.12;189.64;N/A;N/A;N/A;N/A;N/A;N/A;N/A;N/A;N/A;N/A;N/A;N/A;N/A;N/A;N/A;N/A;N/A;N/A;N/A;N/A;N/A;N/A;N/A;N/A;N/A;N/A;N/A;N/A;N/A;N/A;N/A;N/A;N/A;N/A;N/A;N/A;N/A;N/A;N/A;N/A;N/A;N/A;N/A;N/A;N/A;N/A;N/A;N/A;N/A;N/A;N/A;N/A;N/A;N/A;N/A;N/A;N/A;N/A;N/A;N/A;N/A;N/A;N/A;N/A;N/A;N/A;N/A;N/A;N/A;N/A;N/A;N/A;N/A;N/A;N/A;N/A;N/A;N/A;N/A;N/A;N/A;N/A;N/A;N/A;N/A;N/A;N/A;N/A;N/A;N/A;N/A;N/A;N/A;N/A;N/A;N/A;N/A;N/A;;0;444.4;0;0;;Disabled;TempStop;1;740;486.4;0;0;0;599.9;549.9;Enabled;PosOk;1;20;0;0;0;0;15;Disabled;0;0;0;0;0;0;0;0;0;0;0;0;0;0;0;0;0;0;0;0;0;0;0;0;0;0;0;0;0;0;0;0;0;0;0;0;0;0;0;0;0;0;0;0;0;0;0;0;0;0;0;0;0;0;0;0;0;0;0;0;0;0;0;0;0;0;0;0;0;0;30;22;20;45;30;22;20;45;30;31;20;45;30;30;20;45;100;0;80;300;100;0;80;300;100;266;80;300;100;266;80;300;30;32;20;45;30;30;20;45;30;25;20;45;30;27;20;45;100;237;80;300;100;235;80;300;100;0;80;300;100;0;80;300;4;2;0.4;6;4;5;0.4;6;4;2;0.4;6;4;5;0.4;6;4;2;0.4;6;4;5;0.4;6;4;2;0.4;6;4;6;0.4;6;NOK;NOK;OK;4500;4595;4250;4800;OK;7.64;0;8;12;NOK;N/A;1.9;N/A;N/A;N/A;10;12.8;7;17;OK;;0;0;0;-;Disabled;TempOk;1;230;174;0;0;0;349.9;440474000 audi 597g-598h;440474000 audi 597g-598h;440474000 audi 597g-598h
20260331_05:52:05;26093;4;3;965;946.7;940;990;OK;965;946.3;940;990;OK;941.1;944.2;-15;-18.4;-50;-5;OK;-15;-16.2;-50;-5;OK;-17.2;-16.8;0;-15;-18.4;-50;-5;OK;355;368;355;600;OK;189.21;189.72;N/A;N/A;N/A;N/A;N/A;N/A;N/A;N/A;N/A;N/A;N/A;N/A;N/A;N/A;N/A;N/A;N/A;N/A;N/A;N/A;N/A;N/A;N/A;N/A;N/A;N/A;N/A;N/A;N/A;N/A;N/A;N/A;N/A;N/A;N/A;N/A;N/A;N/A;N/A;N/A;N/A;N/A;N/A;N/A;N/A;N/A;N/A;N/A;N/A;N/A;N/A;N/A;N/A;N/A;N/A;N/A;N/A;N/A;N/A;N/A;N/A;N/A;N/A;N/A;N/A;N/A;N/A;N/A;N/A;N/A;N/A;N/A;N/A;N/A;N/A;N/A;N/A;N/A;N/A;N/A;N/A;N/A;N/A;N/A;N/A;N/A;N/A;N/A;N/A;N/A;N/A;N/A;N/A;N/A;N/A;N/A;N/A;N/A;;0;444.5;0;0;;Disabled;TempStop;1;740;487.2;0;0;0;599.9;549.9;Enabled;PosOk;1;20;0;0;0;0;15;Disabled;0;0;0;0;0;0;0;0;0;0;0;0;0;0;0;0;0;0;0;0;0;0;0;0;0;0;0;0;0;0;0;0;0;0;0;0;0;0;0;0;0;0;0;0;0;0;0;0;0;0;0;0;0;0;0;0;0;0;0;0;0;0;0;0;0;0;0;0;0;0;30;22;20;45;30;22;20;45;30;31;20;45;30;30;20;45;100;0;80;300;100;0;80;300;100;265;80;300;100;266;80;300;30;32;20;45;30;30;20;45;30;26;20;45;30;28;20;45;100;236;80;300;100;235;80;300;100;0;80;300;100;0;80;300;4;2;0.4;6;4;5;0.4;6;4;2;0.4;6;4;5;0.4;6;4;2;0.4;6;4;6;0.4;6;4;2;0.4;6;4;6;0.4;6;NOK;NOK;OK;4500;4573;4250;4800;OK;7.64;0;8;12;NOK;N/A;1.9;N/A;N/A;N/A;10;13.4;7;17;OK;;0;0;0;-;Disabled;TempOk;1;230;170.5;0;0;0;349.9;440474000 audi 597g-598h;440474000 audi 597g-598h;440474000 audi 597g-598h
20260331_05:52:28;26090;1;3;965;943;940;990;OK;965;947.6;940;990;OK;940.6;944.7;-15;-17.5;-50;-20;NOK;-15;-17.8;-50;-20;NOK;-17.6;-17.6;0;-15;-17.5;-50;-20;NOK;355;367;355;600;OK;0;0;N/A;N/A;N/A;N/A;N/A;N/A;N/A;N/A;N/A;N/A;N/A;N/A;N/A;N/A;N/A;N/A;N/A;N/A;N/A;N/A;N/A;N/A;N/A;N/A;N/A;N/A;N/A;N/A;N/A;N/A;N/A;N/A;N/A;N/A;N/A;N/A;N/A;N/A;N/A;N/A;N/A;N/A;N/A;N/A;N/A;N/A;N/A;N/A;N/A;N/A;N/A;N/A;N/A;N/A;N/A;N/A;N/A;N/A;N/A;N/A;N/A;N/A;N/A;N/A;N/A;N/A;N/A;N/A;N/A;N/A;N/A;N/A;N/A;N/A;N/A;N/A;N/A;N/A;N/A;N/A;N/A;N/A;N/A;N/A;N/A;N/A;N/A;N/A;N/A;N/A;N/A;N/A;N/A;N/A;N/A;N/A;N/A;N/A;;0;440.7;0;0;;Disabled;TempStop;1;740;483.8;0;0;0;599.9;549.9;Enabled;PosOk;1;20;0;0;0;0;15;Disabled;0;0;0;0;0;0;0;0;0;0;0;0;0;0;0;0;0;0;0;0;0;0;0;0;0;0;0;0;0;0;0;0;0;0;0;0;0;0;0;0;0;0;0;0;0;0;0;0;0;0;0;0;0;0;0;0;0;0;0;0;0;0;0;0;0;0;0;0;0;0;30;22;20;45;30;22;20;45;30;32;20;45;30;30;20;45;100;0;80;300;100;0;80;300;100;266;80;300;100;266;80;300;30;33;20;45;30;30;20;45;30;26;20;45;30;28;20;45;100;238;80;300;100;235;80;300;100;0;80;300;100;0;80;300;4;2;0.4;6;4;5;0.4;6;4;2;0.4;6;4;5;0.4;6;4;2;0.4;6;4;5;0.4;6;4;2;0.4;6;4;6;0.4;6;NOK;NOK;OK;4500;4589;4250;4800;OK;7.64;0;8;12;NOK;N/A;1.9;N/A;N/A;N/A;10;14;7;17;OK;;0;0;0;-;Disabled;TempOk;1;230;187.4;0;0;0;349.9;440474000 audi 597g-598h;440474000 audi 597g-598h;440474000 audi 597g-598h
20260331_06:28:36;26095;1;1;965;948.8;940;990;OK;965;957.5;940;990;OK;953.4;956.1;-15;-15.2;-50;-20;NOK;-15;-14.6;-50;-20;NOK;-13.3;-13.9;0;-15;-15.3;-50;-20;NOK;355;366;355;600;OK;0;0;N/A;N/A;N/A;N/A;N/A;N/A;N/A;N/A;N/A;N/A;N/A;N/A;N/A;N/A;N/A;N/A;N/A;N/A;N/A;N/A;N/A;N/A;N/A;N/A;N/A;N/A;N/A;N/A;N/A;N/A;N/A;N/A;N/A;N/A;N/A;N/A;N/A;N/A;N/A;N/A;N/A;N/A;N/A;N/A;N/A;N/A;N/A;N/A;N/A;N/A;N/A;N/A;N/A;N/A;N/A;N/A;N/A;N/A;N/A;N/A;N/A;N/A;N/A;N/A;N/A;N/A;N/A;N/A;N/A;N/A;N/A;N/A;N/A;N/A;N/A;N/A;N/A;N/A;N/A;N/A;N/A;N/A;N/A;N/A;N/A;N/A;N/A;N/A;N/A;N/A;N/A;N/A;N/A;N/A;N/A;N/A;N/A;N/A;;0;445.1;0;0;;Disabled;TempStop;1;740;488.8;0;0;0;599.9;549.9;Enabled;PosOk;1;20;0;0;0;0;15;Disabled;0;0;0;0;0;0;0;0;0;0;0;0;0;0;0;0;0;0;0;0;0;0;0;0;0;0;0;0;0;0;0;0;0;0;0;0;0;0;0;0;0;0;0;0;0;0;0;0;0;0;0;0;0;0;0;0;0;0;0;0;0;0;0;0;0;0;0;0;0;0;30;22;20;45;30;22;20;45;30;30;20;45;30;30;20;45;100;0;80;300;100;0;80;300;100;266;80;300;100;266;80;300;30;31;20;45;30;30;20;45;30;26;20;45;30;28;20;45;100;237;80;300;100;235;80;300;100;0;80;300;100;0;80;300;4;2;0.4;6;4;5;0.4;6;4;2;0.4;6;4;5;0.4;6;4;2;0.4;6;4;5;0.4;6;4;2;0.4;6;4;5;0.4;6;NOK;NOK;OK;4500;4607;4250;4800;OK;7.64;0;8;12;NOK;N/A;1.9;N/A;N/A;N/A;10;13.9;7;17;OK;;0;0;0;-;Disabled;TempOk;1;230;162;0;0;0;349.9;440474000 audi 597g-598h;440474000 audi 597g-598h;440474000 audi 597g-598h
20260331_06:29:24;26097;1;2;965;958.6;940;990;OK;965;965.9;940;990;OK;965;965.4;-15;-16.1;-50;-20;NOK;-15;-15.7;-50;-20;NOK;-15.5;-15.6;0;-15;-16.1;-50;-20;NOK;355;367;355;600;OK;0;0;N/A;N/A;N/A;N/A;N/A;N/A;N/A;N/A;N/A;N/A;N/A;N/A;N/A;N/A;N/A;N/A;N/A;N/A;N/A;N/A;N/A;N/A;N/A;N/A;N/A;N/A;N/A;N/A;N/A;N/A;N/A;N/A;N/A;N/A;N/A;N/A;N/A;N/A;N/A;N/A;N/A;N/A;N/A;N/A;N/A;N/A;N/A;N/A;N/A;N/A;N/A;N/A;N/A;N/A;N/A;N/A;N/A;N/A;N/A;N/A;N/A;N/A;N/A;N/A;N/A;N/A;N/A;N/A;N/A;N/A;N/A;N/A;N/A;N/A;N/A;N/A;N/A;N/A;N/A;N/A;N/A;N/A;N/A;N/A;N/A;N/A;N/A;N/A;N/A;N/A;N/A;N/A;N/A;N/A;N/A;N/A;N/A;N/A;;0;446.6;0;0;;Disabled;TempStop;1;740;489.6;0;0;0;599.9;549.9;Enabled;PosOk;1;20;0;0;0;0;15;Disabled;0;0;0;0;0;0;0;0;0;0;0;0;0;0;0;0;0;0;0;0;0;0;0;0;0;0;0;0;0;0;0;0;0;0;0;0;0;0;0;0;0;0;0;0;0;0;0;0;0;0;0;0;0;0;0;0;0;0;0;0;0;0;0;0;0;0;0;0;0;0;30;22;20;45;30;22;20;45;30;30;20;45;30;30;20;45;100;0;80;300;100;0;80;300;100;266;80;300;100;266;80;300;30;31;20;45;30;30;20;45;30;26;20;45;30;28;20;45;100;237;80;300;100;236;80;300;100;0;80;300;100;0;80;300;4;2;0.4;6;4;5;0.4;6;4;2;0.4;6;4;5;0.4;6;4;2;0.4;6;4;5;0.4;6;4;2;0.4;6;4;5;0.4;6;NOK;NOK;OK;4500;4597;4250;4800;OK;7.64;0;8;12;NOK;N/A;1.9;N/A;N/A;N/A;10;13.9;7;17;OK;;0;0;0;-;Disabled;TempOk;1;230;168;0;0;0;349.9;440474000 audi 597g-598h;440474000 audi 597g-598h;440474000 audi 597g-598h
20260331_06:31:46;26098;3;2;965;959.9;940;990;OK;965;965.9;940;990;OK;966.2;965.8;-15;-15.9;-50;-20;NOK;-15;-16;-50;-20;NOK;-16.8;-16.4;0;-15;-15.9;-50;-20;NOK;355;358;355;600;OK;0;0;N/A;N/A;N/A;N/A;N/A;N/A;N/A;N/A;N/A;N/A;N/A;N/A;N/A;N/A;N/A;N/A;N/A;N/A;N/A;N/A;N/A;N/A;N/A;N/A;N/A;N/A;N/A;N/A;N/A;N/A;N/A;N/A;N/A;N/A;N/A;N/A;N/A;N/A;N/A;N/A;N/A;N/A;N/A;N/A;N/A;N/A;N/A;N/A;N/A;N/A;N/A;N/A;N/A;N/A;N/A;N/A;N/A;N/A;N/A;N/A;N/A;N/A;N/A;N/A;N/A;N/A;N/A;N/A;N/A;N/A;N/A;N/A;N/A;N/A;N/A;N/A;N/A;N/A;N/A;N/A;N/A;N/A;N/A;N/A;N/A;N/A;N/A;N/A;N/A;N/A;N/A;N/A;N/A;N/A;N/A;N/A;N/A;N/A;;0;452.1;0;0;;Disabled;TempStop;1;740;495.3;0;0;0;599.9;549.9;Enabled;PosOk;1;20;0;0;0;0;15;Disabled;0;0;0;0;0;0;0;0;0;0;0;0;0;0;0;0;0;0;0;0;0;0;0;0;0;0;0;0;0;0;0;0;0;0;0;0;0;0;0;0;0;0;0;0;0;0;0;0;0;0;0;0;0;0;0;0;0;0;0;0;0;0;0;0;0;0;0;0;0;0;30;22;20;45;30;22;20;45;30;30;20;45;30;30;20;45;100;0;80;300;100;0;80;300;100;266;80;300;100;266;80;300;30;31;20;45;30;30;20;45;30;26;20;45;30;28;20;45;100;238;80;300;100;235;80;300;100;0;80;300;100;0;80;300;4;2;0.4;6;4;5;0.4;6;4;2;0.4;6;4;5;0.4;6;4;2;0.4;6;4;5;0.4;6;4;2;0.4;6;4;6;0.4;6;NOK;NOK;OK;4500;4599;4250;4800;OK;7.64;0;8;12;NOK;N/A;1.9;N/A;N/A;N/A;10;13.8;7;17;OK;;0;0;0;-;Disabled;TempOk;1;230;164.5;0;0;0;349.9;440474000 audi 597g-598h;440474000 audi 597g-598h;440474000 audi 597g-598h
20260331_06:32:10;26096;2;1;965;958.8;940;990;OK;965;964.1;940;990;OK;962;962.6;-15;-16;-50;-20;NOK;-15;-15.2;-50;-20;NOK;-15.5;-15.4;0;-15;-15.9;-50;-20;NOK;355;383;355;600;OK;0;0;N/A;N/A;N/A;N/A;N/A;N/A;N/A;N/A;N/A;N/A;N/A;N/A;N/A;N/A;N/A;N/A;N/A;N/A;N/A;N/A;N/A;N/A;N/A;N/A;N/A;N/A;N/A;N/A;N/A;N/A;N/A;N/A;N/A;N/A;N/A;N/A;N/A;N/A;N/A;N/A;N/A;N/A;N/A;N/A;N/A;N/A;N/A;N/A;N/A;N/A;N/A;N/A;N/A;N/A;N/A;N/A;N/A;N/A;N/A;N/A;N/A;N/A;N/A;N/A;N/A;N/A;N/A;N/A;N/A;N/A;N/A;N/A;N/A;N/A;N/A;N/A;N/A;N/A;N/A;N/A;N/A;N/A;N/A;N/A;N/A;N/A;N/A;N/A;N/A;N/A;N/A;N/A;N/A;N/A;N/A;N/A;N/A;N/A;;0;445.8;0;0;;Disabled;TempStop;1;740;487.6;0;0;0;599.9;549.9;Enabled;PosOk;1;20;0;0;0;0;15;Disabled;0;0;0;0;0;0;0;0;0;0;0;0;0;0;0;0;0;0;0;0;0;0;0;0;0;0;0;0;0;0;0;0;0;0;0;0;0;0;0;0;0;0;0;0;0;0;0;0;0;0;0;0;0;0;0;0;0;0;0;0;0;0;0;0;0;0;0;0;0;0;30;22;20;45;30;22;20;45;30;31;20;45;30;30;20;45;100;0;80;300;100;0;80;300;100;266;80;300;100;267;80;300;30;32;20;45;30;30;20;45;30;26;20;45;30;28;20;45;100;237;80;300;100;235;80;300;100;0;80;300;100;0;80;300;4;2;0.4;6;4;5;0.4;6;4;2;0.4;6;4;5;0.4;6;4;2;0.4;6;4;6;0.4;6;4;2;0.4;6;4;5;0.4;6;NOK;NOK;OK;4500;4602;4250;4800;OK;7.64;0;8;12;NOK;N/A;1.9;N/A;N/A;N/A;10;12.9;7;17;OK;;0;0;0;-;Disabled;TempOk;1;230;177.7;0;0;0;349.9;440474000 audi 597g-598h;440474000 audi 597g-598h;440474000 audi 597g-598h
20260331_06:32:34;26099;1;3;965;961;940;990;OK;965;966.2;940;990;OK;966.4;966.4;-15;-17.2;-50;-20;NOK;-15;-15.5;-50;-20;NOK;-13.4;-14.3;0;-15;-17.3;-50;-20;NOK;355;358;355;600;OK;0;0;N/A;N/A;N/A;N/A;N/A;N/A;N/A;N/A;N/A;N/A;N/A;N/A;N/A;N/A;N/A;N/A;N/A;N/A;N/A;N/A;N/A;N/A;N/A;N/A;N/A;N/A;N/A;N/A;N/A;N/A;N/A;N/A;N/A;N/A;N/A;N/A;N/A;N/A;N/A;N/A;N/A;N/A;N/A;N/A;N/A;N/A;N/A;N/A;N/A;N/A;N/A;N/A;N/A;N/A;N/A;N/A;N/A;N/A;N/A;N/A;N/A;N/A;N/A;N/A;N/A;N/A;N/A;N/A;N/A;N/A;N/A;N/A;N/A;N/A;N/A;N/A;N/A;N/A;N/A;N/A;N/A;N/A;N/A;N/A;N/A;N/A;N/A;N/A;N/A;N/A;N/A;N/A;N/A;N/A;N/A;N/A;N/A;N/A;;0;443.8;0;0;;Disabled;TempStop;1;740;487.3;0;0;0;599.9;549.9;Enabled;PosOk;1;20;0;0;0;0;15;Disabled;0;0;0;0;0;0;0;0;0;0;0;0;0;0;0;0;0;0;0;0;0;0;0;0;0;0;0;0;0;0;0;0;0;0;0;0;0;0;0;0;0;0;0;0;0;0;0;0;0;0;0;0;0;0;0;0;0;0;0;0;0;0;0;0;0;0;0;0;0;0;30;22;20;45;30;22;20;45;30;31;20;45;30;30;20;45;100;0;80;300;100;0;80;300;100;265;80;300;100;265;80;300;30;32;20;45;30;30;20;45;30;26;20;45;30;28;20;45;100;236;80;300;100;235;80;300;100;0;80;300;100;0;80;300;4;2;0.4;6;4;5;0.4;6;4;2;0.4;6;4;5;0.4;6;4;2;0.4;6;4;5;0.4;6;4;2;0.4;6;4;6;0.4;6;NOK;NOK;OK;4500;4592;4250;4800;OK;7.64;0;8;12;NOK;N/A;1.9;N/A;N/A;N/A;10;14.5;7;17;OK;;0;0;0;-;Disabled;TempOk;1;230;186.8;0;0;0;349.9;440474000 audi 597g-598h;440474000 audi 597g-598h;440474000 audi 597g-598h
20260331_06:32:58;26100;4;1;965;964.6;940;990;OK;965;971.8;940;990;OK;974;975.4;-15;-15.7;-50;-5;OK;-15;-11.1;-50;-5;OK;-15.1;-12.9;0;-15;-15.7;-50;-5;OK;355;385;355;600;OK;192.61;193.13;N/A;N/A;N/A;N/A;N/A;N/A;N/A;N/A;N/A;N/A;N/A;N/A;N/A;N/A;N/A;N/A;N/A;N/A;N/A;N/A;N/A;N/A;N/A;N/A;N/A;N/A;N/A;N/A;N/A;N/A;N/A;N/A;N/A;N/A;N/A;N/A;N/A;N/A;N/A;N/A;N/A;N/A;N/A;N/A;N/A;N/A;N/A;N/A;N/A;N/A;N/A;N/A;N/A;N/A;N/A;N/A;N/A;N/A;N/A;N/A;N/A;N/A;N/A;N/A;N/A;N/A;N/A;N/A;N/A;N/A;N/A;N/A;N/A;N/A;N/A;N/A;N/A;N/A;N/A;N/A;N/A;N/A;N/A;N/A;N/A;N/A;N/A;N/A;N/A;N/A;N/A;N/A;N/A;N/A;N/A;N/A;N/A;N/A;;0;446.6;0;0;;Disabled;TempStop;1;740;487.7;0;0;0;599.9;549.9;Enabled;PosOk;1;20;0;0;0;0;15;Disabled;0;0;0;0;0;0;0;0;0;0;0;0;0;0;0;0;0;0;0;0;0;0;0;0;0;0;0;0;0;0;0;0;0;0;0;0;0;0;0;0;0;0;0;0;0;0;0;0;0;0;0;0;0;0;0;0;0;0;0;0;0;0;0;0;0;0;0;0;0;0;30;22;20;45;30;22;20;45;30;32;20;45;30;30;20;45;100;0;80;300;100;0;80;300;100;266;80;300;100;266;80;300;30;33;20;45;30;30;20;45;30;26;20;45;30;28;20;45;100;237;80;300;100;235;80;300;100;0;80;300;100;0;80;300;4;2;0.4;6;4;5;0.4;6;4;2;0.4;6;4;5;0.4;6;4;2;0.4;6;4;6;0.4;6;4;2;0.4;6;4;5;0.4;6;NOK;NOK;OK;4500;4597;4250;4800;OK;7.64;0;8;12;NOK;N/A;1.9;N/A;N/A;N/A;10;13;7;17;OK;;0;0;0;-;Disabled;TempOk;1;230;190.5;0;0;0;349.9;440474000 audi 597g-598h;440474000 audi 597g-598h;440474000 audi 597g-598h
20260331_06:33:22;26102;3;3;965;960.9;940;990;OK;965;967.9;940;990;OK;967.9;968.1;-15;-16.8;-50;-20;NOK;-15;-16;-50;-20;NOK;-17;-16.9;0;-15;-16.6;-50;-20;NOK;355;360;355;600;OK;0;0;N/A;N/A;N/A;N/A;N/A;N/A;N/A;N/A;N/A;N/A;N/A;N/A;N/A;N/A;N/A;N/A;N/A;N/A;N/A;N/A;N/A;N/A;N/A;N/A;N/A;N/A;N/A;N/A;N/A;N/A;N/A;N/A;N/A;N/A;N/A;N/A;N/A;N/A;N/A;N/A;N/A;N/A;N/A;N/A;N/A;N/A;N/A;N/A;N/A;N/A;N/A;N/A;N/A;N/A;N/A;N/A;N/A;N/A;N/A;N/A;N/A;N/A;N/A;N/A;N/A;N/A;N/A;N/A;N/A;N/A;N/A;N/A;N/A;N/A;N/A;N/A;N/A;N/A;N/A;N/A;N/A;N/A;N/A;N/A;N/A;N/A;N/A;N/A;N/A;N/A;N/A;N/A;N/A;N/A;N/A;N/A;N/A;N/A;;0;439.9;0;0;;Disabled;TempStop;1;740;481.6;0;0;0;599.9;549.9;Enabled;PosOk;1;20;0;0;0;0;15;Disabled;0;0;0;0;0;0;0;0;0;0;0;0;0;0;0;0;0;0;0;0;0;0;0;0;0;0;0;0;0;0;0;0;0;0;0;0;0;0;0;0;0;0;0;0;0;0;0;0;0;0;0;0;0;0;0;0;0;0;0;0;0;0;0;0;0;0;0;0;0;0;30;22;20;45;30;22;20;45;30;32;20;45;30;30;20;45;100;0;80;300;100;0;80;300;100;266;80;300;100;266;80;300;30;33;20;45;30;30;20;45;30;26;20;45;30;27;20;45;100;238;80;300;100;235;80;300;100;0;80;300;100;0;80;300;4;2;0.4;6;4;5;0.4;6;4;2;0.4;6;4;5;0.4;6;4;2;0.4;6;4;6;0.4;6;4;2;0.4;6;4;6;0.4;6;NOK;NOK;OK;4500;4598;4250;4800;OK;7.64;0;8;12;NOK;N/A;1.9;N/A;N/A;N/A;10;14.1;7;17;OK;;0;0;0;-;Disabled;TempOk;1;230;186.6;0;0;0;349.9;440474000 audi 597g-598h;440474000 audi 597g-598h;440474000 audi 597g-598h
20260331_06:33:45;26101;2;2;965;961.9;940;990;OK;965;966.2;940;990;OK;966.4;966.4;-15;-21.5;-50;-20;OK;-15;-20.9;-50;-20;OK;-21.3;-21.4;0;-15;-21.4;-50;-20;OK;355;385;355;600;OK;0;0;N/A;N/A;N/A;N/A;N/A;N/A;N/A;N/A;N/A;N/A;N/A;N/A;N/A;N/A;N/A;N/A;N/A;N/A;N/A;N/A;N/A;N/A;N/A;N/A;N/A;N/A;N/A;N/A;N/A;N/A;N/A;N/A;N/A;N/A;N/A;N/A;N/A;N/A;N/A;N/A;N/A;N/A;N/A;N/A;N/A;N/A;N/A;N/A;N/A;N/A;N/A;N/A;N/A;N/A;N/A;N/A;N/A;N/A;N/A;N/A;N/A;N/A;N/A;N/A;N/A;N/A;N/A;N/A;N/A;N/A;N/A;N/A;N/A;N/A;N/A;N/A;N/A;N/A;N/A;N/A;N/A;N/A;N/A;N/A;N/A;N/A;N/A;N/A;N/A;N/A;N/A;N/A;N/A;N/A;N/A;N/A;N/A;N/A;;0;448.5;0;0;;Disabled;TempStop;1;740;488.3;0;0;0;599.9;549.9;Enabled;PosOk;1;20;0;0;0;0;15;Disabled;0;0;0;0;0;0;0;0;0;0;0;0;0;0;0;0;0;0;0;0;0;0;0;0;0;0;0;0;0;0;0;0;0;0;0;0;0;0;0;0;0;0;0;0;0;0;0;0;0;0;0;0;0;0;0;0;0;0;0;0;0;0;0;0;0;0;0;0;0;0;30;22;20;45;30;22;20;45;30;32;20;45;30;30;20;45;100;0;80;300;100;0;80;300;100;266;80;300;100;265;80;300;30;33;20;45;30;30;20;45;30;26;20;45;30;28;20;45;100;237;80;300;100;235;80;300;100;0;80;300;100;1;80;300;4;2;0.4;6;4;5;0.4;6;4;2;0.4;6;4;5;0.4;6;4;2;0.4;6;4;5;0.4;6;4;2;0.4;6;4;6;0.4;6;NOK;NOK;OK;4500;4596;4250;4800;OK;7.64;0;8;12;NOK;N/A;1.9;N/A;N/A;N/A;10;12.8;7;17;OK;;0;0;0;-;Disabled;TempOk;1;230;188.9;0;0;0;349.9;440474000 audi 597g-598h;440474000 audi 597g-598h;440474000 audi 597g-598h
20260331_06:34:09;26103;1;4;965;959.9;940;990;OK;965;964.7;940;990;OK;966.8;966.2;-15;-15;-50;-20;NOK;-15;-13.8;-50;-20;NOK;-15.8;-15.5;0;-15;-15;-50;-20;NOK;355;360;355;600;OK;0;0;N/A;N/A;N/A;N/A;N/A;N/A;N/A;N/A;N/A;N/A;N/A;N/A;N/A;N/A;N/A;N/A;N/A;N/A;N/A;N/A;N/A;N/A;N/A;N/A;N/A;N/A;N/A;N/A;N/A;N/A;N/A;N/A;N/A;N/A;N/A;N/A;N/A;N/A;N/A;N/A;N/A;N/A;N/A;N/A;N/A;N/A;N/A;N/A;N/A;N/A;N/A;N/A;N/A;N/A;N/A;N/A;N/A;N/A;N/A;N/A;N/A;N/A;N/A;N/A;N/A;N/A;N/A;N/A;N/A;N/A;N/A;N/A;N/A;N/A;N/A;N/A;N/A;N/A;N/A;N/A;N/A;N/A;N/A;N/A;N/A;N/A;N/A;N/A;N/A;N/A;N/A;N/A;N/A;N/A;N/A;N/A;N/A;N/A;;0;443.7;0;0;;Disabled;TempStop;1;740;486.8;0;0;0;599.9;549.9;Enabled;PosOk;1;20;0;0;0;0;15;Disabled;0;0;0;0;0;0;0;0;0;0;0;0;0;0;0;0;0;0;0;0;0;0;0;0;0;0;0;0;0;0;0;0;0;0;0;0;0;0;0;0;0;0;0;0;0;0;0;0;0;0;0;0;0;0;0;0;0;0;0;0;0;0;0;0;0;0;0;0;0;0;30;22;20;45;30;22;20;45;30;32;20;45;30;30;20;45;100;0;80;300;100;0;80;300;100;266;80;300;100;267;80;300;30;33;20;45;30;30;20;45;30;26;20;45;30;28;20;45;100;237;80;300;100;235;80;300;100;0;80;300;100;0;80;300;4;2;0.4;6;4;5;0.4;6;4;2;0.4;6;4;5;0.4;6;4;2;0.4;6;4;5;0.4;6;4;2;0.4;6;4;5;0.4;6;NOK;NOK;OK;4500;4593;4250;4800;OK;7.64;0;8;12;NOK;N/A;1.9;N/A;N/A;N/A;10;14.5;7;17;OK;;0;0;0;-;Disabled;TempOk;1;230;192.9;0;0;0;349.9;440474000 audi 597g-598h;440474000 audi 597g-598h;440474000 audi 597g-598h
20260331_06:34:33;26104;4;2;965;963.5;940;990;OK;965;975.5;940;990;OK;978.3;978.4;-15;-13.8;-50;-5;OK;-15;-13;-50;-5;OK;-17.4;-16.5;0;-15;-13.7;-50;-5;OK;355;387;355;600;OK;192.75;193.28;N/A;N/A;N/A;N/A;N/A;N/A;N/A;N/A;N/A;N/A;N/A;N/A;N/A;N/A;N/A;N/A;N/A;N/A;N/A;N/A;N/A;N/A;N/A;N/A;N/A;N/A;N/A;N/A;N/A;N/A;N/A;N/A;N/A;N/A;N/A;N/A;N/A;N/A;N/A;N/A;N/A;N/A;N/A;N/A;N/A;N/A;N/A;N/A;N/A;N/A;N/A;N/A;N/A;N/A;N/A;N/A;N/A;N/A;N/A;N/A;N/A;N/A;N/A;N/A;N/A;N/A;N/A;N/A;N/A;N/A;N/A;N/A;N/A;N/A;N/A;N/A;N/A;N/A;N/A;N/A;N/A;N/A;N/A;N/A;N/A;N/A;N/A;N/A;N/A;N/A;N/A;N/A;N/A;N/A;N/A;N/A;N/A;N/A;;0;449.4;0;0;;Disabled;TempStop;1;740;492;0;0;0;599.9;549.9;Enabled;PosOk;1;20;0;0;0;0;15;Disabled;0;0;0;0;0;0;0;0;0;0;0;0;0;0;0;0;0;0;0;0;0;0;0;0;0;0;0;0;0;0;0;0;0;0;0;0;0;0;0;0;0;0;0;0;0;0;0;0;0;0;0;0;0;0;0;0;0;0;0;0;0;0;0;0;0;0;0;0;0;0;30;22;20;45;30;22;20;45;30;32;20;45;30;30;20;45;100;0;80;300;100;0;80;300;100;266;80;300;100;266;80;300;30;33;20;45;30;30;20;45;30;26;20;45;30;28;20;45;100;238;80;300;100;235;80;300;100;0;80;300;100;0;80;300;4;2;0.4;6;4;5;0.4;6;4;2;0.4;6;4;5;0.4;6;4;2;0.4;6;4;5;0.4;6;4;2;0.4;6;4;6;0.4;6;NOK;NOK;OK;4500;4597;4250;4800;OK;7.64;0;8;12;NOK;N/A;1.9;N/A;N/A;N/A;10;12.9;7;17;OK;;0;0;0;-;Disabled;TempOk;1;230;187.1;0;0;0;349.9;440474000 audi 597g-598h;440474000 audi 597g-598h;440474000 audi 597g-598h
20260331_06:34:57;26106;1;1;965;943.6;940;990;OK;965;947.4;940;990;OK;950;948.6;-15;-14.8;-50;-20;NOK;-15;-14.6;-50;-20;NOK;-13.6;-14.1;0;-15;-14.8;-50;-20;NOK;355;367;355;600;OK;0;0;N/A;N/A;N/A;N/A;N/A;N/A;N/A;N/A;N/A;N/A;N/A;N/A;N/A;N/A;N/A;N/A;N/A;N/A;N/A;N/A;N/A;N/A;N/A;N/A;N/A;N/A;N/A;N/A;N/A;N/A;N/A;N/A;N/A;N/A;N/A;N/A;N/A;N/A;N/A;N/A;N/A;N/A;N/A;N/A;N/A;N/A;N/A;N/A;N/A;N/A;N/A;N/A;N/A;N/A;N/A;N/A;N/A;N/A;N/A;N/A;N/A;N/A;N/A;N/A;N/A;N/A;N/A;N/A;N/A;N/A;N/A;N/A;N/A;N/A;N/A;N/A;N/A;N/A;N/A;N/A;N/A;N/A;N/A;N/A;N/A;N/A;N/A;N/A;N/A;N/A;N/A;N/A;N/A;N/A;N/A;N/A;N/A;N/A;;0;444.7;0;0;;Disabled;TempStop;1;740;488.3;0;0;0;599.9;549.9;Enabled;PosOk;1;20;0;0;0;0;15;Disabled;0;0;0;0;0;0;0;0;0;0;0;0;0;0;0;0;0;0;0;0;0;0;0;0;0;0;0;0;0;0;0;0;0;0;0;0;0;0;0;0;0;0;0;0;0;0;0;0;0;0;0;0;0;0;0;0;0;0;0;0;0;0;0;0;0;0;0;0;0;0;30;22;20;45;30;22;20;45;30;32;20;45;30;30;20;45;100;0;80;300;100;0;80;300;100;266;80;300;100;266;80;300;30;33;20;45;30;30;20;45;30;26;20;45;30;28;20;45;100;237;80;300;100;236;80;300;100;0;80;300;100;0;80;300;4;2;0.4;6;4;6;0.4;6;4;2;0.4;6;4;5;0.4;6;4;2;0.4;6;4;6;0.4;6;4;2;0.4;6;4;6;0.4;6;NOK;NOK;OK;4500;4597;4250;4800;OK;7.64;0;8;12;NOK;N/A;1.9;N/A;N/A;N/A;10;13.9;7;17;OK;;0;0;0;-;Disabled;TempOk;1;230;188.4;0;0;0;349.9;440474000 audi 597g-598h;440474000 audi 597g-598h;440474000 audi 597g-598h
20260331_06:35:20;26105;4;3;965;965;940;990;OK;965;974.6;940;990;OK;977.5;977.3;-15;-18.1;-50;-5;OK;-15;-16.6;-50;-5;OK;-18.9;-18.3;0;-15;-18;-50;-5;OK;355;388;355;600;OK;192.84;193.36;N/A;N/A;N/A;N/A;N/A;N/A;N/A;N/A;N/A;N/A;N/A;N/A;N/A;N/A;N/A;N/A;N/A;N/A;N/A;N/A;N/A;N/A;N/A;N/A;N/A;N/A;N/A;N/A;N/A;N/A;N/A;N/A;N/A;N/A;N/A;N/A;N/A;N/A;N/A;N/A;N/A;N/A;N/A;N/A;N/A;N/A;N/A;N/A;N/A;N/A;N/A;N/A;N/A;N/A;N/A;N/A;N/A;N/A;N/A;N/A;N/A;N/A;N/A;N/A;N/A;N/A;N/A;N/A;N/A;N/A;N/A;N/A;N/A;N/A;N/A;N/A;N/A;N/A;N/A;N/A;N/A;N/A;N/A;N/A;N/A;N/A;N/A;N/A;N/A;N/A;N/A;N/A;N/A;N/A;N/A;N/A;N/A;N/A;;0;455.2;0;0;;Disabled;TempStop;1;740;498.5;0;0;0;599.9;549.9;Enabled;PosOk;1;20;0;0;0;0;15;Disabled;0;0;0;0;0;0;0;0;0;0;0;0;0;0;0;0;0;0;0;0;0;0;0;0;0;0;0;0;0;0;0;0;0;0;0;0;0;0;0;0;0;0;0;0;0;0;0;0;0;0;0;0;0;0;0;0;0;0;0;0;0;0;0;0;0;0;0;0;0;0;30;22;20;45;30;22;20;45;30;32;20;45;30;30;20;45;100;0;80;300;100;0;80;300;100;266;80;300;100;266;80;300;30;33;20;45;30;30;20;45;30;26;20;45;30;27;20;45;100;237;80;300;100;235;80;300;100;0;80;300;100;0;80;300;4;2;0.4;6;4;5;0.4;6;4;2;0.4;6;4;5;0.4;6;4;2;0.4;6;4;5;0.4;6;4;2;0.4;6;4;5;0.4;6;NOK;NOK;OK;4500;4593;4250;4800;OK;7.64;0;8;12;NOK;N/A;1.9;N/A;N/A;N/A;10;12.7;7;17;OK;;0;0;0;-;Disabled;TempOk;1;230;190.2;0;0;0;349.9;440474000 audi 597g-598h;440474000 audi 597g-598h;440474000 audi 597g-598h
20260331_06:35:44;26107;3;4;965;960.4;940;990;OK;965;966.4;940;990;OK;967.7;967.4;-15;-14.2;-50;-20;NOK;-15;-13.5;-50;-20;NOK;-16.5;-14.9;0;-15;-14.2;-50;-20;NOK;355;398;355;600;OK;0;0;N/A;N/A;N/A;N/A;N/A;N/A;N/A;N/A;N/A;N/A;N/A;N/A;N/A;N/A;N/A;N/A;N/A;N/A;N/A;N/A;N/A;N/A;N/A;N/A;N/A;N/A;N/A;N/A;N/A;N/A;N/A;N/A;N/A;N/A;N/A;N/A;N/A;N/A;N/A;N/A;N/A;N/A;N/A;N/A;N/A;N/A;N/A;N/A;N/A;N/A;N/A;N/A;N/A;N/A;N/A;N/A;N/A;N/A;N/A;N/A;N/A;N/A;N/A;N/A;N/A;N/A;N/A;N/A;N/A;N/A;N/A;N/A;N/A;N/A;N/A;N/A;N/A;N/A;N/A;N/A;N/A;N/A;N/A;N/A;N/A;N/A;N/A;N/A;N/A;N/A;N/A;N/A;N/A;N/A;N/A;N/A;N/A;N/A;;0;442;0;0;;Disabled;TempStop;1;740;482.5;0;0;0;599.9;549.9;Enabled;PosOk;1;20;0;0;0;0;15;Disabled;0;0;0;0;0;0;0;0;0;0;0;0;0;0;0;0;0;0;0;0;0;0;0;0;0;0;0;0;0;0;0;0;0;0;0;0;0;0;0;0;0;0;0;0;0;0;0;0;0;0;0;0;0;0;0;0;0;0;0;0;0;0;0;0;0;0;0;0;0;0;30;22;20;45;30;22;20;45;30;32;20;45;30;30;20;45;100;0;80;300;100;0;80;300;100;265;80;300;100;266;80;300;30;33;20;45;30;30;20;45;30;26;20;45;30;27;20;45;100;237;80;300;100;235;80;300;100;0;80;300;100;0;80;300;4;2;0.4;6;4;5;0.4;6;4;2;0.4;6;4;5;0.4;6;4;2;0.4;6;4;5;0.4;6;4;2;0.4;6;4;5;0.4;6;NOK;NOK;OK;4500;4593;4250;4800;OK;7.64;0;8;12;NOK;N/A;1.9;N/A;N/A;N/A;10;14.6;7;17;OK;;0;0;0;-;Disabled;TempOk;1;230;189.5;0;0;0;349.9;440474000 audi 597g-598h;440474000 audi 597g-598h;440474000 audi 597g-598h
20260331_06:36:08;26108;2;4;965;960.7;940;990;OK;965;965.9;940;990;OK;966.3;965.6;-15;-25.5;-50;-20;OK;-15;-23;-50;-20;OK;-24.2;-23.7;0;-15;-25.5;-50;-20;OK;355;388;355;600;OK;0;0;N/A;N/A;N/A;N/A;N/A;N/A;N/A;N/A;N/A;N/A;N/A;N/A;N/A;N/A;N/A;N/A;N/A;N/A;N/A;N/A;N/A;N/A;N/A;N/A;N/A;N/A;N/A;N/A;N/A;N/A;N/A;N/A;N/A;N/A;N/A;N/A;N/A;N/A;N/A;N/A;N/A;N/A;N/A;N/A;N/A;N/A;N/A;N/A;N/A;N/A;N/A;N/A;N/A;N/A;N/A;N/A;N/A;N/A;N/A;N/A;N/A;N/A;N/A;N/A;N/A;N/A;N/A;N/A;N/A;N/A;N/A;N/A;N/A;N/A;N/A;N/A;N/A;N/A;N/A;N/A;N/A;N/A;N/A;N/A;N/A;N/A;N/A;N/A;N/A;N/A;N/A;N/A;N/A;N/A;N/A;N/A;N/A;N/A;;0;458.2;0;0;;Disabled;TempStop;1;740;501.9;0;0;0;599.9;549.9;Enabled;PosOk;1;20;0;0;0;0;15;Disabled;0;0;0;0;0;0;0;0;0;0;0;0;0;0;0;0;0;0;0;0;0;0;0;0;0;0;0;0;0;0;0;0;0;0;0;0;0;0;0;0;0;0;0;0;0;0;0;0;0;0;0;0;0;0;0;0;0;0;0;0;0;0;0;0;0;0;0;0;0;0;30;22;20;45;30;22;20;45;30;32;20;45;30;30;20;45;100;0;80;300;100;0;80;300;100;266;80;300;100;265;80;300;30;33;20;45;30;30;20;45;30;26;20;45;30;27;20;45;100;237;80;300;100;235;80;300;100;0;80;300;100;0;80;300;4;2;0.4;6;4;5;0.4;6;4;2;0.4;6;4;5;0.4;6;4;2;0.4;6;4;5;0.4;6;4;2;0.4;6;4;6;0.4;6;NOK;NOK;OK;4500;4593;4250;4800;OK;7.64;0;8;12;NOK;N/A;1.9;N/A;N/A;N/A;10;12.9;7;17;OK;;0;0;0;-;Disabled;TempOk;1;230;188.6;0;0;0;349.9;440474000 audi 597g-598h;440474000 audi 597g-598h;440474000 audi 597g-598h
20260331_06:36:32;26109;1;2;965;951.7;940;990;OK;965;959.8;940;990;OK;959.2;960.2;-15;-15.6;-50;-20;NOK;-15;-13.4;-50;-20;NOK;-15;-15.1;0;-15;-15.6;-50;-20;NOK;355;415;355;600;OK;0;0;N/A;N/A;N/A;N/A;N/A;N/A;N/A;N/A;N/A;N/A;N/A;N/A;N/A;N/A;N/A;N/A;N/A;N/A;N/A;N/A;N/A;N/A;N/A;N/A;N/A;N/A;N/A;N/A;N/A;N/A;N/A;N/A;N/A;N/A;N/A;N/A;N/A;N/A;N/A;N/A;N/A;N/A;N/A;N/A;N/A;N/A;N/A;N/A;N/A;N/A;N/A;N/A;N/A;N/A;N/A;N/A;N/A;N/A;N/A;N/A;N/A;N/A;N/A;N/A;N/A;N/A;N/A;N/A;N/A;N/A;N/A;N/A;N/A;N/A;N/A;N/A;N/A;N/A;N/A;N/A;N/A;N/A;N/A;N/A;N/A;N/A;N/A;N/A;N/A;N/A;N/A;N/A;N/A;N/A;N/A;N/A;N/A;N/A;;0;446;0;0;;Disabled;TempStop;1;740;488;0;0;0;599.9;549.9;Enabled;PosOk;1;20;0;0;0;0;15;Disabled;0;0;0;0;0;0;0;0;0;0;0;0;0;0;0;0;0;0;0;0;0;0;0;0;0;0;0;0;0;0;0;0;0;0;0;0;0;0;0;0;0;0;0;0;0;0;0;0;0;0;0;0;0;0;0;0;0;0;0;0;0;0;0;0;0;0;0;0;0;0;30;22;20;45;30;22;20;45;30;32;20;45;30;30;20;45;100;0;80;300;100;0;80;300;100;267;80;300;100;266;80;300;30;33;20;45;30;30;20;45;30;25;20;45;30;27;20;45;100;237;80;300;100;235;80;300;100;0;80;300;100;0;80;300;4;2;0.4;6;4;5;0.4;6;4;2;0.4;6;4;5;0.4;6;4;2;0.4;6;4;5;0.4;6;4;2;0.4;6;4;6;0.4;6;NOK;NOK;OK;4500;4598;4250;4800;OK;7.64;0;8;12;NOK;N/A;1.9;N/A;N/A;N/A;10;14;7;17;OK;;0;0;0;-;Disabled;TempOk;1;230;194.4;0;0;0;349.9;440474000 audi 597g-598h;440474000 audi 597g-598h;440474000 audi 597g-598h
20260331_06:36:55;26111;4;4;965;964.1;940;990;OK;965;972;940;990;OK;971.2;972.4;-15;-20.3;-50;-5;OK;-15;-18.1;-50;-5;OK;-22.9;-22;0;-15;-20.3;-50;-5;OK;355;390;355;600;OK;192.99;193.55;N/A;N/A;N/A;N/A;N/A;N/A;N/A;N/A;N/A;N/A;N/A;N/A;N/A;N/A;N/A;N/A;N/A;N/A;N/A;N/A;N/A;N/A;N/A;N/A;N/A;N/A;N/A;N/A;N/A;N/A;N/A;N/A;N/A;N/A;N/A;N/A;N/A;N/A;N/A;N/A;N/A;N/A;N/A;N/A;N/A;N/A;N/A;N/A;N/A;N/A;N/A;N/A;N/A;N/A;N/A;N/A;N/A;N/A;N/A;N/A;N/A;N/A;N/A;N/A;N/A;N/A;N/A;N/A;N/A;N/A;N/A;N/A;N/A;N/A;N/A;N/A;N/A;N/A;N/A;N/A;N/A;N/A;N/A;N/A;N/A;N/A;N/A;N/A;N/A;N/A;N/A;N/A;N/A;N/A;N/A;N/A;N/A;N/A;;0;451.1;0;0;;Disabled;TempStop;1;740;492.7;0;0;0;599.9;549.9;Enabled;PosOk;1;20;0;0;0;0;15;Disabled;0;0;0;0;0;0;0;0;0;0;0;0;0;0;0;0;0;0;0;0;0;0;0;0;0;0;0;0;0;0;0;0;0;0;0;0;0;0;0;0;0;0;0;0;0;0;0;0;0;0;0;0;0;0;0;0;0;0;0;0;0;0;0;0;0;0;0;0;0;0;30;22;20;45;30;22;20;45;30;32;20;45;30;30;20;45;100;0;80;300;100;0;80;300;100;266;80;300;100;265;80;300;30;33;20;45;30;30;20;45;30;26;20;45;30;27;20;45;100;237;80;300;100;235;80;300;100;0;80;300;100;0;80;300;4;2;0.4;6;4;5;0.4;6;4;2;0.4;6;4;5;0.4;6;4;2;0.4;6;4;6;0.4;6;4;2;0.4;6;4;5;0.4;6;NOK;NOK;OK;4500;4587;4250;4800;OK;7.64;0;8;12;NOK;N/A;1.9;N/A;N/A;N/A;10;12.7;7;17;OK;;0;0;0;-;Disabled;TempOk;1;230;187;0;0;0;349.9;440474000 audi 597g-598h;440474000 audi 597g-598h;440474000 audi 597g-598h
20260331_06:37:19;26110;3;5;965;962;940;990;OK;965;966.5;940;990;OK;970;968.8;-15;-18.9;-50;-20;NOK;-15;-15.3;-50;-20;NOK;-19.5;-18.6;0;-15;-18.8;-50;-20;NOK;355;446;355;600;OK;0;0;N/A;N/A;N/A;N/A;N/A;N/A;N/A;N/A;N/A;N/A;N/A;N/A;N/A;N/A;N/A;N/A;N/A;N/A;N/A;N/A;N/A;N/A;N/A;N/A;N/A;N/A;N/A;N/A;N/A;N/A;N/A;N/A;N/A;N/A;N/A;N/A;N/A;N/A;N/A;N/A;N/A;N/A;N/A;N/A;N/A;N/A;N/A;N/A;N/A;N/A;N/A;N/A;N/A;N/A;N/A;N/A;N/A;N/A;N/A;N/A;N/A;N/A;N/A;N/A;N/A;N/A;N/A;N/A;N/A;N/A;N/A;N/A;N/A;N/A;N/A;N/A;N/A;N/A;N/A;N/A;N/A;N/A;N/A;N/A;N/A;N/A;N/A;N/A;N/A;N/A;N/A;N/A;N/A;N/A;N/A;N/A;N/A;N/A;;0;447.3;0;0;;Disabled;TempStop;1;740;489.9;0;0;0;599.9;549.9;Enabled;PosOk;1;20;0;0;0;0;15;Disabled;0;0;0;0;0;0;0;0;0;0;0;0;0;0;0;0;0;0;0;0;0;0;0;0;0;0;0;0;0;0;0;0;0;0;0;0;0;0;0;0;0;0;0;0;0;0;0;0;0;0;0;0;0;0;0;0;0;0;0;0;0;0;0;0;0;0;0;0;0;0;30;22;20;45;30;22;20;45;30;32;20;45;30;30;20;45;100;0;80;300;100;0;80;300;100;265;80;300;100;265;80;300;30;33;20;45;30;30;20;45;30;26;20;45;30;28;20;45;100;237;80;300;100;236;80;300;100;0;80;300;100;0;80;300;4;2;0.4;6;4;5;0.4;6;4;2;0.4;6;4;5;0.4;6;4;2;0.4;6;4;5;0.4;6;4;2;0.4;6;4;5;0.4;6;NOK;NOK;OK;4500;4595;4250;4800;OK;7.64;0;8;12;NOK;N/A;1.9;N/A;N/A;N/A;10;14;7;17;OK;;0;0;0;-;Disabled;TempOk;1;230;189.3;0;0;0;349.9;440474000 audi 597g-598h;440474000 audi 597g-598h;440474000 audi 597g-598h
20260331_06:37:43;26113;2;5;965;959.5;940;990;OK;965;944.8;940;990;OK;938.2;941.2;-15;-17.1;-50;-20;NOK;-15;-16.9;-50;-20;NOK;-17.2;-17.2;0;-15;-17;-50;-20;NOK;355;391;355;600;OK;0;0;N/A;N/A;N/A;N/A;N/A;N/A;N/A;N/A;N/A;N/A;N/A;N/A;N/A;N/A;N/A;N/A;N/A;N/A;N/A;N/A;N/A;N/A;N/A;N/A;N/A;N/A;N/A;N/A;N/A;N/A;N/A;N/A;N/A;N/A;N/A;N/A;N/A;N/A;N/A;N/A;N/A;N/A;N/A;N/A;N/A;N/A;N/A;N/A;N/A;N/A;N/A;N/A;N/A;N/A;N/A;N/A;N/A;N/A;N/A;N/A;N/A;N/A;N/A;N/A;N/A;N/A;N/A;N/A;N/A;N/A;N/A;N/A;N/A;N/A;N/A;N/A;N/A;N/A;N/A;N/A;N/A;N/A;N/A;N/A;N/A;N/A;N/A;N/A;N/A;N/A;N/A;N/A;N/A;N/A;N/A;N/A;N/A;N/A;;0;446.2;0;0;;Disabled;TempStop;1;740;488;0;0;0;599.9;549.9;Enabled;PosOk;1;20;0;0;0;0;15;Disabled;0;0;0;0;0;0;0;0;0;0;0;0;0;0;0;0;0;0;0;0;0;0;0;0;0;0;0;0;0;0;0;0;0;0;0;0;0;0;0;0;0;0;0;0;0;0;0;0;0;0;0;0;0;0;0;0;0;0;0;0;0;0;0;0;0;0;0;0;0;0;30;22;20;45;30;22;20;45;30;32;20;45;30;30;20;45;100;0;80;300;100;0;80;300;100;266;80;300;100;266;80;300;30;33;20;45;30;30;20;45;30;26;20;45;30;28;20;45;100;237;80;300;100;235;80;300;100;0;80;300;100;0;80;300;4;2;0.4;6;4;5;0.4;6;4;2;0.4;6;4;5;0.4;6;4;2;0.4;6;4;6;0.4;6;4;2;0.4;6;4;6;0.4;6;NOK;NOK;OK;4500;4593;4250;4800;OK;7.64;0;8;12;NOK;N/A;1.9;N/A;N/A;N/A;10;13.4;7;17;OK;;0;0;0;-;Disabled;TempOk;1;230;190.8;0;0;0;349.9;440474000 audi 597g-598h;440474000 audi 597g-598h;440474000 audi 597g-598h
20260331_06:38:07;26112;3;2;965;950.6;940;990;OK;965;967;940;990;OK;967;966.1;-15;-15.9;-50;-20;NOK;-15;-15.6;-50;-20;NOK;-16.2;-15.8;0;-15;-15.9;-50;-20;NOK;355;367;355;600;OK;0;0;N/A;N/A;N/A;N/A;N/A;N/A;N/A;N/A;N/A;N/A;N/A;N/A;N/A;N/A;N/A;N/A;N/A;N/A;N/A;N/A;N/A;N/A;N/A;N/A;N/A;N/A;N/A;N/A;N/A;N/A;N/A;N/A;N/A;N/A;N/A;N/A;N/A;N/A;N/A;N/A;N/A;N/A;N/A;N/A;N/A;N/A;N/A;N/A;N/A;N/A;N/A;N/A;N/A;N/A;N/A;N/A;N/A;N/A;N/A;N/A;N/A;N/A;N/A;N/A;N/A;N/A;N/A;N/A;N/A;N/A;N/A;N/A;N/A;N/A;N/A;N/A;N/A;N/A;N/A;N/A;N/A;N/A;N/A;N/A;N/A;N/A;N/A;N/A;N/A;N/A;N/A;N/A;N/A;N/A;N/A;N/A;N/A;N/A;;0;450.4;0;0;;Disabled;TempStop;1;740;491.8;0;0;0;599.9;549.9;Enabled;PosOk;1;20;0;0;0;0;15;Disabled;0;0;0;0;0;0;0;0;0;0;0;0;0;0;0;0;0;0;0;0;0;0;0;0;0;0;0;0;0;0;0;0;0;0;0;0;0;0;0;0;0;0;0;0;0;0;0;0;0;0;0;0;0;0;0;0;0;0;0;0;0;0;0;0;0;0;0;0;0;0;30;22;20;45;30;22;20;45;30;32;20;45;30;29;20;45;100;0;80;300;100;0;80;300;100;266;80;300;100;266;80;300;30;33;20;45;30;29;20;45;30;26;20;45;30;27;20;45;100;238;80;300;100;235;80;300;100;0;80;300;100;0;80;300;4;2;0.4;6;4;5;0.4;6;4;2;0.4;6;4;5;0.4;6;4;2;0.4;6;4;5;0.4;6;4;2;0.4;6;4;5;0.4;6;NOK;NOK;OK;4500;4595;4250;4800;OK;7.64;0;8;12;NOK;N/A;1.9;N/A;N/A;N/A;10;14.2;7;17;OK;;0;0;0;-;Disabled;TempOk;1;230;189.2;0;0;0;349.9;440474000 audi 597g-598h;440474000 audi 597g-598h;440474000 audi 597g-598h
20260331_06:38:30;26114;2;1;965;952.2;940;990;OK;965;948.1;940;990;OK;943.2;946;-15;-15.2;-50;-20;NOK;-15;-15;-50;-20;NOK;-15.3;-15.1;0;-15;-15.2;-50;-20;NOK;355;368;355;600;OK;0;0;N/A;N/A;N/A;N/A;N/A;N/A;N/A;N/A;N/A;N/A;N/A;N/A;N/A;N/A;N/A;N/A;N/A;N/A;N/A;N/A;N/A;N/A;N/A;N/A;N/A;N/A;N/A;N/A;N/A;N/A;N/A;N/A;N/A;N/A;N/A;N/A;N/A;N/A;N/A;N/A;N/A;N/A;N/A;N/A;N/A;N/A;N/A;N/A;N/A;N/A;N/A;N/A;N/A;N/A;N/A;N/A;N/A;N/A;N/A;N/A;N/A;N/A;N/A;N/A;N/A;N/A;N/A;N/A;N/A;N/A;N/A;N/A;N/A;N/A;N/A;N/A;N/A;N/A;N/A;N/A;N/A;N/A;N/A;N/A;N/A;N/A;N/A;N/A;N/A;N/A;N/A;N/A;N/A;N/A;N/A;N/A;N/A;N/A;;0;443.8;0;0;;Disabled;TempStop;1;740;483.7;0;0;0;599.9;549.9;Enabled;PosOk;1;20;0;0;0;0;15;Disabled;0;0;0;0;0;0;0;0;0;0;0;0;0;0;0;0;0;0;0;0;0;0;0;0;0;0;0;0;0;0;0;0;0;0;0;0;0;0;0;0;0;0;0;0;0;0;0;0;0;0;0;0;0;0;0;0;0;0;0;0;0;0;0;0;0;0;0;0;0;0;30;22;20;45;30;22;20;45;30;31;20;45;30;28;20;45;100;0;80;300;100;0;80;300;100;266;80;300;100;266;80;300;30;32;20;45;30;29;20;45;30;25;20;45;30;28;20;45;100;237;80;300;100;235;80;300;100;0;80;300;100;0;80;300;4;2;0.4;6;4;5;0.4;6;4;2;0.4;6;4;5;0.4;6;4;2;0.4;6;4;6;0.4;6;4;2;0.4;6;4;5;0.4;6;NOK;NOK;OK;4500;4591;4250;4800;OK;7.64;0;8;12;NOK;N/A;1.9;N/A;N/A;N/A;10;12.8;7;17;OK;;0;0;0;-;Disabled;TempOk;1;230;190.3;0;0;0;349.9;440474000 audi 597g-598h;440474000 audi 597g-598h;440474000 audi 597g-598h
20260331_06:38:54;26115;1;3;965;953.8;940;990;OK;965;967.1;940;990;OK;969.1;967.8;-15;-15.9;-50;-20;NOK;-15;-14.1;-50;-20;NOK;-14.3;-13.3;0;-15;-15.9;-50;-20;NOK;355;367;355;600;OK;0;0;N/A;N/A;N/A;N/A;N/A;N/A;N/A;N/A;N/A;N/A;N/A;N/A;N/A;N/A;N/A;N/A;N/A;N/A;N/A;N/A;N/A;N/A;N/A;N/A;N/A;N/A;N/A;N/A;N/A;N/A;N/A;N/A;N/A;N/A;N/A;N/A;N/A;N/A;N/A;N/A;N/A;N/A;N/A;N/A;N/A;N/A;N/A;N/A;N/A;N/A;N/A;N/A;N/A;N/A;N/A;N/A;N/A;N/A;N/A;N/A;N/A;N/A;N/A;N/A;N/A;N/A;N/A;N/A;N/A;N/A;N/A;N/A;N/A;N/A;N/A;N/A;N/A;N/A;N/A;N/A;N/A;N/A;N/A;N/A;N/A;N/A;N/A;N/A;N/A;N/A;N/A;N/A;N/A;N/A;N/A;N/A;N/A;N/A;;0;450.8;0;0;;Disabled;TempStop;1;740;492.7;0;0;0;599.9;549.9;Enabled;PosOk;1;20;0;0;0;0;15;Disabled;0;0;0;0;0;0;0;0;0;0;0;0;0;0;0;0;0;0;0;0;0;0;0;0;0;0;0;0;0;0;0;0;0;0;0;0;0;0;0;0;0;0;0;0;0;0;0;0;0;0;0;0;0;0;0;0;0;0;0;0;0;0;0;0;0;0;0;0;0;0;30;22;20;45;30;22;20;45;30;31;20;45;30;29;20;45;100;0;80;300;100;0;80;300;100;266;80;300;100;265;80;300;30;32;20;45;30;29;20;45;30;25;20;45;30;27;20;45;100;237;80;300;100;235;80;300;100;0;80;300;100;0;80;300;4;2;0.4;6;4;5;0.4;6;4;2;0.4;6;4;5;0.4;6;4;2;0.4;6;4;5;0.4;6;4;2;0.4;6;4;5;0.4;6;NOK;NOK;OK;4500;4593;4250;4800;OK;7.64;0;8;12;NOK;N/A;1.9;N/A;N/A;N/A;10;14.4;7;17;OK;;0;0;0;-;Disabled;TempOk;1;230;191.4;0;0;0;349.9;440474000 audi 597g-598h;440474000 audi 597g-598h;440474000 audi 597g-598h
20260331_06:39:18;26116;4;1;965;957.9;940;990;OK;965;979.3;940;990;OK;976.7;979.4;-15;-11.3;-50;-5;OK;-15;-14.8;-50;-5;OK;-20;-18.2;0;-15;-11.3;-50;-5;OK;355;368;355;600;OK;193.15;193.71;N/A;N/A;N/A;N/A;N/A;N/A;N/A;N/A;N/A;N/A;N/A;N/A;N/A;N/A;N/A;N/A;N/A;N/A;N/A;N/A;N/A;N/A;N/A;N/A;N/A;N/A;N/A;N/A;N/A;N/A;N/A;N/A;N/A;N/A;N/A;N/A;N/A;N/A;N/A;N/A;N/A;N/A;N/A;N/A;N/A;N/A;N/A;N/A;N/A;N/A;N/A;N/A;N/A;N/A;N/A;N/A;N/A;N/A;N/A;N/A;N/A;N/A;N/A;N/A;N/A;N/A;N/A;N/A;N/A;N/A;N/A;N/A;N/A;N/A;N/A;N/A;N/A;N/A;N/A;N/A;N/A;N/A;N/A;N/A;N/A;N/A;N/A;N/A;N/A;N/A;N/A;N/A;N/A;N/A;N/A;N/A;N/A;N/A;;0;450.6;0;0;;Disabled;TempStop;1;740;490.8;0;0;0;599.9;549.9;Enabled;PosOk;1;20;0;0;0;0;15;Disabled;0;0;0;0;0;0;0;0;0;0;0;0;0;0;0;0;0;0;0;0;0;0;0;0;0;0;0;0;0;0;0;0;0;0;0;0;0;0;0;0;0;0;0;0;0;0;0;0;0;0;0;0;0;0;0;0;0;0;0;0;0;0;0;0;0;0;0;0;0;0;30;22;20;45;30;22;20;45;30;31;20;45;30;29;20;45;100;0;80;300;100;0;80;300;100;266;80;300;100;265;80;300;30;32;20;45;30;29;20;45;30;25;20;45;30;27;20;45;100;237;80;300;100;235;80;300;100;0;80;300;100;0;80;300;4;2;0.4;6;4;5;0.4;6;4;2;0.4;6;4;5;0.4;6;4;2;0.4;6;4;5;0.4;6;4;2;0.4;6;4;5;0.4;6;NOK;NOK;OK;4500;4595;4250;4800;OK;7.64;0;8;12;NOK;N/A;1.9;N/A;N/A;N/A;10;12.9;7;17;OK;;0;0;0;-;Disabled;TempOk;1;230;187.9;0;0;0;349.9;440474000 audi 597g-598h;440474000 audi 597g-598h;440474000 audi 597g-598h
20260331_06:39:42;26117;3;3;965;953.5;940;990;OK;965;970;940;990;OK;968.7;969.8;-15;-15.6;-50;-20;NOK;-15;-15.4;-50;-20;NOK;-15.8;-15.9;0;-15;-15.5;-50;-20;NOK;355;367;355;600;OK;0;0;N/A;N/A;N/A;N/A;N/A;N/A;N/A;N/A;N/A;N/A;N/A;N/A;N/A;N/A;N/A;N/A;N/A;N/A;N/A;N/A;N/A;N/A;N/A;N/A;N/A;N/A;N/A;N/A;N/A;N/A;N/A;N/A;N/A;N/A;N/A;N/A;N/A;N/A;N/A;N/A;N/A;N/A;N/A;N/A;N/A;N/A;N/A;N/A;N/A;N/A;N/A;N/A;N/A;N/A;N/A;N/A;N/A;N/A;N/A;N/A;N/A;N/A;N/A;N/A;N/A;N/A;N/A;N/A;N/A;N/A;N/A;N/A;N/A;N/A;N/A;N/A;N/A;N/A;N/A;N/A;N/A;N/A;N/A;N/A;N/A;N/A;N/A;N/A;N/A;N/A;N/A;N/A;N/A;N/A;N/A;N/A;N/A;N/A;;0;447.6;0;0;;Disabled;TempStop;1;740;490.6;0;0;0;599.9;549.9;Enabled;PosOk;1;20;0;0;0;0;15;Disabled;0;0;0;0;0;0;0;0;0;0;0;0;0;0;0;0;0;0;0;0;0;0;0;0;0;0;0;0;0;0;0;0;0;0;0;0;0;0;0;0;0;0;0;0;0;0;0;0;0;0;0;0;0;0;0;0;0;0;0;0;0;0;0;0;0;0;0;0;0;0;30;22;20;45;30;22;20;45;30;32;20;45;30;30;20;45;100;0;80;300;100;0;80;300;100;266;80;300;100;265;80;300;30;33;20;45;30;30;20;45;30;25;20;45;30;27;20;45;100;237;80;300;100;235;80;300;100;0;80;300;100;0;80;300;4;2;0.4;6;4;6;0.4;6;4;2;0.4;6;4;5;0.4;6;4;2;0.4;6;4;6;0.4;6;4;2;0.4;6;4;6;0.4;6;NOK;NOK;OK;4500;4591;4250;4800;OK;7.64;0;8;12;NOK;N/A;1.9;N/A;N/A;N/A;10;14.1;7;17;OK;;0;0;0;-;Disabled;TempOk;1;230;188.7;0;0;0;349.9;440474000 audi 597g-598h;440474000 audi 597g-598h;440474000 audi 597g-598h
20260331_06:40:06;26118;2;2;965;953.7;940;990;OK;965;966.4;940;990;OK;966.2;966.5;-15;-20.6;-50;-20;OK;-15;-19.8;-50;-20;NOK;-19.8;-19.9;0;-15;-20.6;-50;-20;OK;355;368;355;600;OK;0;0;N/A;N/A;N/A;N/A;N/A;N/A;N/A;N/A;N/A;N/A;N/A;N/A;N/A;N/A;N/A;N/A;N/A;N/A;N/A;N/A;N/A;N/A;N/A;N/A;N/A;N/A;N/A;N/A;N/A;N/A;N/A;N/A;N/A;N/A;N/A;N/A;N/A;N/A;N/A;N/A;N/A;N/A;N/A;N/A;N/A;N/A;N/A;N/A;N/A;N/A;N/A;N/A;N/A;N/A;N/A;N/A;N/A;N/A;N/A;N/A;N/A;N/A;N/A;N/A;N/A;N/A;N/A;N/A;N/A;N/A;N/A;N/A;N/A;N/A;N/A;N/A;N/A;N/A;N/A;N/A;N/A;N/A;N/A;N/A;N/A;N/A;N/A;N/A;N/A;N/A;N/A;N/A;N/A;N/A;N/A;N/A;N/A;N/A;;0;448.1;0;0;;Disabled;TempStop;1;740;486.2;0;0;0;599.9;549.9;Enabled;PosOk;1;20;0;0;0;0;15;Disabled;0;0;0;0;0;0;0;0;0;0;0;0;0;0;0;0;0;0;0;0;0;0;0;0;0;0;0;0;0;0;0;0;0;0;0;0;0;0;0;0;0;0;0;0;0;0;0;0;0;0;0;0;0;0;0;0;0;0;0;0;0;0;0;0;0;0;0;0;0;0;30;22;20;45;30;22;20;45;30;32;20;45;30;30;20;45;100;0;80;300;100;0;80;300;100;266;80;300;100;266;80;300;30;33;20;45;30;30;20;45;30;25;20;45;30;28;20;45;100;237;80;300;100;235;80;300;100;0;80;300;100;0;80;300;4;2;0.4;6;4;5;0.4;6;4;2;0.4;6;4;5;0.4;6;4;2;0.4;6;4;5;0.4;6;4;2;0.4;6;4;5;0.4;6;NOK;NOK;OK;4500;4594;4250;4800;OK;7.64;0;8;12;NOK;N/A;1.9;N/A;N/A;N/A;10;12.8;7;17;OK;;0;0;0;-;Disabled;TempOk;1;230;188.5;0;0;0;349.9;440474000 audi 597g-598h;440474000 audi 597g-598h;440474000 audi 597g-598h
20260331_06:40:29;26119;1;4;965;951.5;940;990;OK;965;965.8;940;990;OK;965.9;965.9;-15;-13.5;-50;-20;NOK;-15;-13.4;-50;-20;NOK;-14.6;-14.6;0;-15;-13.5;-50;-20;NOK;355;367;355;600;OK;0;0;N/A;N/A;N/A;N/A;N/A;N/A;N/A;N/A;N/A;N/A;N/A;N/A;N/A;N/A;N/A;N/A;N/A;N/A;N/A;N/A;N/A;N/A;N/A;N/A;N/A;N/A;N/A;N/A;N/A;N/A;N/A;N/A;N/A;N/A;N/A;N/A;N/A;N/A;N/A;N/A;N/A;N/A;N/A;N/A;N/A;N/A;N/A;N/A;N/A;N/A;N/A;N/A;N/A;N/A;N/A;N/A;N/A;N/A;N/A;N/A;N/A;N/A;N/A;N/A;N/A;N/A;N/A;N/A;N/A;N/A;N/A;N/A;N/A;N/A;N/A;N/A;N/A;N/A;N/A;N/A;N/A;N/A;N/A;N/A;N/A;N/A;N/A;N/A;N/A;N/A;N/A;N/A;N/A;N/A;N/A;N/A;N/A;N/A;;0;447.1;0;0;;Disabled;TempStop;1;740;488.6;0;0;0;599.9;549.9;Enabled;PosOk;1;20;0;0;0;0;15;Disabled;0;0;0;0;0;0;0;0;0;0;0;0;0;0;0;0;0;0;0;0;0;0;0;0;0;0;0;0;0;0;0;0;0;0;0;0;0;0;0;0;0;0;0;0;0;0;0;0;0;0;0;0;0;0;0;0;0;0;0;0;0;0;0;0;0;0;0;0;0;0;30;22;20;45;30;22;20;45;30;32;20;45;30;30;20;45;100;0;80;300;100;0;80;300;100;266;80;300;100;265;80;300;30;33;20;45;30;30;20;45;30;25;20;45;30;28;20;45;100;237;80;300;100;236;80;300;100;0;80;300;100;0;80;300;4;2;0.4;6;4;5;0.4;6;4;2;0.4;6;4;5;0.4;6;4;2;0.4;6;4;5;0.4;6;4;2;0.4;6;4;5;0.4;6;NOK;NOK;OK;4500;4592;4250;4800;OK;7.64;0;8;12;NOK;N/A;1.9;N/A;N/A;N/A;10;14;7;17;OK;;0;0;0;-;Disabled;TempOk;1;230;188.4;0;0;0;349.9;440474000 audi 597g-598h;440474000 audi 597g-598h;440474000 audi 597g-598h
20260331_06:40:46;26121;1;1;965;934.4;940;990;NOK;965;930.3;940;990;NOK;924.8;928.1;-15;-14.8;-50;-20;NOK;-15;-15.2;-50;-20;NOK;-14.1;-14.7;0;-15;-14.8;-50;-20;NOK;355;367;355;600;OK;0;0;;;;;;;;;;;;;;;;;;;;;;;;;;;;;;;;;;;;;;;;;;;;;;;;;;;;;;;;;;;;;;;;;;;;;;;;;;;;;;;;;;;;;;;;;;;;;;;;;;;;;;;;;;;;;;;;;;;;;;;;;;;;;;;;;;;;;;;;;;;;;;;;;;;;;;;;;;;;;;;;;;;;;;;;;;;;;;;;;;;;;;;;;;;;;;;;;;;;;;;;;;;;;;;;;;;;;;;;;;;;;;;;;;;;;;;;;;;;;;;;;;;;;;;;;;;;;;;;;;;;;;;;;;;;;;;;;;;;;;;;;;;;;;;;;;;;;;;;;;;;;;;;;;;;;;;;;;;;;;;;;;;;;;;;440474000 audi 597g-598h;;;;
20260331_06:40:53;26120;4;2;965;964;940;990;OK;965;980.9;940;990;OK;981.3;982.2;-15;-12.2;-50;-5;OK;-15;-18.8;-50;-5;OK;-19.8;-20.1;0;-15;-12.1;-50;-5;OK;355;368;355;600;OK;193.29;193.87;N/A;N/A;N/A;N/A;N/A;N/A;N/A;N/A;N/A;N/A;N/A;N/A;N/A;N/A;N/A;N/A;N/A;N/A;N/A;N/A;N/A;N/A;N/A;N/A;N/A;N/A;N/A;N/A;N/A;N/A;N/A;N/A;N/A;N/A;N/A;N/A;N/A;N/A;N/A;N/A;N/A;N/A;N/A;N/A;N/A;N/A;N/A;N/A;N/A;N/A;N/A;N/A;N/A;N/A;N/A;N/A;N/A;N/A;N/A;N/A;N/A;N/A;N/A;N/A;N/A;N/A;N/A;N/A;N/A;N/A;N/A;N/A;N/A;N/A;N/A;N/A;N/A;N/A;N/A;N/A;N/A;N/A;N/A;N/A;N/A;N/A;N/A;N/A;N/A;N/A;N/A;N/A;N/A;N/A;N/A;N/A;N/A;N/A;;0;453.4;0;0;;Disabled;TempStop;1;740;493.4;0;0;0;599.9;549.9;Enabled;PosOk;1;20;0;0;0;0;15;Disabled;0;0;0;0;0;0;0;0;0;0;0;0;0;0;0;0;0;0;0;0;0;0;0;0;0;0;0;0;0;0;0;0;0;0;0;0;0;0;0;0;0;0;0;0;0;0;0;0;0;0;0;0;0;0;0;0;0;0;0;0;0;0;0;0;0;0;0;0;0;0;30;22;20;45;30;22;20;45;30;32;20;45;30;30;20;45;100;0;80;300;100;0;80;300;100;265;80;300;100;265;80;300;30;33;20;45;30;30;20;45;30;25;20;45;30;28;20;45;100;237;80;300;100;236;80;300;100;0;80;300;100;0;80;300;4;2;0.4;6;4;6;0.4;6;4;2;0.4;6;4;5;0.4;6;4;2;0.4;6;4;6;0.4;6;4;2;0.4;6;4;6;0.4;6;NOK;NOK;OK;4500;4593;4250;4800;OK;7.64;0;8;12;NOK;N/A;1.9;N/A;N/A;N/A;10;12.8;7;17;OK;;0;0;0;-;Disabled;TempOk;1;230;187.5;0;0;0;349.9;440474000 audi 597g-598h;440474000 audi 597g-598h;440474000 audi 597g-598h
20260331_06:41:41;26122;4;3;965;963.9;940;990;OK;965;978.3;940;990;OK;981.2;979.8;-15;-16.3;-50;-5;OK;-15;-18.8;-50;-5;OK;-20.6;-20.1;0;-15;-16.3;-50;-5;OK;355;368;355;600;OK;193.39;193.95;N/A;N/A;N/A;N/A;N/A;N/A;N/A;N/A;N/A;N/A;N/A;N/A;N/A;N/A;N/A;N/A;N/A;N/A;N/A;N/A;N/A;N/A;N/A;N/A;N/A;N/A;N/A;N/A;N/A;N/A;N/A;N/A;N/A;N/A;N/A;N/A;N/A;N/A;N/A;N/A;N/A;N/A;N/A;N/A;N/A;N/A;N/A;N/A;N/A;N/A;N/A;N/A;N/A;N/A;N/A;N/A;N/A;N/A;N/A;N/A;N/A;N/A;N/A;N/A;N/A;N/A;N/A;N/A;N/A;N/A;N/A;N/A;N/A;N/A;N/A;N/A;N/A;N/A;N/A;N/A;N/A;N/A;N/A;N/A;N/A;N/A;N/A;N/A;N/A;N/A;N/A;N/A;N/A;N/A;N/A;N/A;N/A;N/A;;0;456.6;0;0;;Disabled;TempStop;1;740;498.1;0;0;0;599.9;549.9;Enabled;PosOk;1;20;0;0;0;0;15;Disabled;0;0;0;0;0;0;0;0;0;0;0;0;0;0;0;0;0;0;0;0;0;0;0;0;0;0;0;0;0;0;0;0;0;0;0;0;0;0;0;0;0;0;0;0;0;0;0;0;0;0;0;0;0;0;0;0;0;0;0;0;0;0;0;0;0;0;0;0;0;0;30;22;20;45;30;22;20;45;30;31;20;45;30;30;20;45;100;0;80;300;100;0;80;300;100;265;80;300;100;266;80;300;30;32;20;45;30;30;20;45;30;25;20;45;30;27;20;45;100;237;80;300;100;235;80;300;100;0;80;300;100;0;80;300;4;2;0.4;6;4;5;0.4;6;4;2;0.4;6;4;5;0.4;6;4;2;0.4;6;4;6;0.4;6;4;2;0.4;6;4;5;0.4;6;NOK;NOK;OK;4500;4599;4250;4800;OK;7.64;0;8;12;NOK;N/A;1.9;N/A;N/A;N/A;10;12.9;7;17;OK;;0;0;0;-;Disabled;TempOk;1;230;173.6;0;0;0;349.9;440474000 audi 597g-598h;440474000 audi 597g-598h;440474000 audi 597g-598h
20260331_06:42:04;26123;3;4;965;953.5;940;990;OK;965;967.4;940;990;OK;970;968;-15;-13.8;-50;-20;NOK;-15;-13.2;-50;-20;NOK;-14.6;-13.1;0;-15;-13.9;-50;-20;NOK;355;367;355;600;OK;0;0;N/A;N/A;N/A;N/A;N/A;N/A;N/A;N/A;N/A;N/A;N/A;N/A;N/A;N/A;N/A;N/A;N/A;N/A;N/A;N/A;N/A;N/A;N/A;N/A;N/A;N/A;N/A;N/A;N/A;N/A;N/A;N/A;N/A;N/A;N/A;N/A;N/A;N/A;N/A;N/A;N/A;N/A;N/A;N/A;N/A;N/A;N/A;N/A;N/A;N/A;N/A;N/A;N/A;N/A;N/A;N/A;N/A;N/A;N/A;N/A;N/A;N/A;N/A;N/A;N/A;N/A;N/A;N/A;N/A;N/A;N/A;N/A;N/A;N/A;N/A;N/A;N/A;N/A;N/A;N/A;N/A;N/A;N/A;N/A;N/A;N/A;N/A;N/A;N/A;N/A;N/A;N/A;N/A;N/A;N/A;N/A;N/A;N/A;;0;442.8;0;0;;Disabled;TempStop;1;740;480.8;0;0;0;599.9;549.9;Enabled;PosOk;1;20;0;0;0;0;15;Disabled;0;0;0;0;0;0;0;0;0;0;0;0;0;0;0;0;0;0;0;0;0;0;0;0;0;0;0;0;0;0;0;0;0;0;0;0;0;0;0;0;0;0;0;0;0;0;0;0;0;0;0;0;0;0;0;0;0;0;0;0;0;0;0;0;0;0;0;0;0;0;30;22;20;45;30;22;20;45;30;32;20;45;30;30;20;45;100;0;80;300;100;0;80;300;100;266;80;300;100;265;80;300;30;33;20;45;30;30;20;45;30;26;20;45;30;28;20;45;100;237;80;300;100;235;80;300;100;0;80;300;100;0;80;300;4;2;0.4;6;4;5;0.4;6;4;2;0.4;6;4;5;0.4;6;4;2;0.4;6;4;6;0.4;6;4;2;0.4;6;4;6;0.4;6;NOK;NOK;OK;4500;4596;4250;4800;OK;7.64;0;8;12;NOK;N/A;1.9;N/A;N/A;N/A;10;14;7;17;OK;;0;0;0;-;Disabled;TempOk;1;230;183.9;0;0;0;349.9;440474000 audi 597g-598h;440474000 audi 597g-598h;440474000 audi 597g-598h
20260331_06:42:28;26124;2;4;965;952;940;990;OK;965;966.1;940;990;OK;966.4;965.9;-15;-23;-50;-20;OK;-15;-22.6;-50;-20;OK;-22.8;-22.6;0;-15;-23;-50;-20;OK;355;368;355;600;OK;0;0;N/A;N/A;N/A;N/A;N/A;N/A;N/A;N/A;N/A;N/A;N/A;N/A;N/A;N/A;N/A;N/A;N/A;N/A;N/A;N/A;N/A;N/A;N/A;N/A;N/A;N/A;N/A;N/A;N/A;N/A;N/A;N/A;N/A;N/A;N/A;N/A;N/A;N/A;N/A;N/A;N/A;N/A;N/A;N/A;N/A;N/A;N/A;N/A;N/A;N/A;N/A;N/A;N/A;N/A;N/A;N/A;N/A;N/A;N/A;N/A;N/A;N/A;N/A;N/A;N/A;N/A;N/A;N/A;N/A;N/A;N/A;N/A;N/A;N/A;N/A;N/A;N/A;N/A;N/A;N/A;N/A;N/A;N/A;N/A;N/A;N/A;N/A;N/A;N/A;N/A;N/A;N/A;N/A;N/A;N/A;N/A;N/A;N/A;;0;456.7;0;0;;Disabled;TempStop;1;740;498.8;0;0;0;599.9;549.9;Enabled;PosOk;1;20;0;0;0;0;15;Disabled;0;0;0;0;0;0;0;0;0;0;0;0;0;0;0;0;0;0;0;0;0;0;0;0;0;0;0;0;0;0;0;0;0;0;0;0;0;0;0;0;0;0;0;0;0;0;0;0;0;0;0;0;0;0;0;0;0;0;0;0;0;0;0;0;0;0;0;0;0;0;30;22;20;45;30;22;20;45;30;32;20;45;30;29;20;45;100;0;80;300;100;0;80;300;100;266;80;300;100;265;80;300;30;33;20;45;30;30;20;45;30;26;20;45;30;28;20;45;100;237;80;300;100;235;80;300;100;0;80;300;100;0;80;300;4;2;0.4;6;4;5;0.4;6;4;2;0.4;6;4;5;0.4;6;4;2;0.4;6;4;5;0.4;6;4;2;0.4;6;4;5;0.4;6;NOK;NOK;OK;4500;4592;4250;4800;OK;7.64;0;8;12;NOK;N/A;1.9;N/A;N/A;N/A;10;12.8;7;17;OK;;0;0;0;-;Disabled;TempOk;1;230;188.9;0;0;0;349.9;440474000 audi 597g-598h;440474000 audi 597g-598h;440474000 audi 597g-598h
20260331_06:42:52;26125;1;2;965;947.4;940;990;OK;965;948;940;990;OK;943.5;946.8;-15;-13;-50;-20;NOK;-15;-13.7;-50;-20;NOK;-15.3;-15.2;0;-15;-13;-50;-20;NOK;355;367;355;600;OK;0;0;N/A;N/A;N/A;N/A;N/A;N/A;N/A;N/A;N/A;N/A;N/A;N/A;N/A;N/A;N/A;N/A;N/A;N/A;N/A;N/A;N/A;N/A;N/A;N/A;N/A;N/A;N/A;N/A;N/A;N/A;N/A;N/A;N/A;N/A;N/A;N/A;N/A;N/A;N/A;N/A;N/A;N/A;N/A;N/A;N/A;N/A;N/A;N/A;N/A;N/A;N/A;N/A;N/A;N/A;N/A;N/A;N/A;N/A;N/A;N/A;N/A;N/A;N/A;N/A;N/A;N/A;N/A;N/A;N/A;N/A;N/A;N/A;N/A;N/A;N/A;N/A;N/A;N/A;N/A;N/A;N/A;N/A;N/A;N/A;N/A;N/A;N/A;N/A;N/A;N/A;N/A;N/A;N/A;N/A;N/A;N/A;N/A;N/A;;0;441.7;0;0;;Disabled;TempStop;1;740;481.7;0;0;0;599.9;549.9;Enabled;PosOk;1;20;0;0;0;0;15;Disabled;0;0;0;0;0;0;0;0;0;0;0;0;0;0;0;0;0;0;0;0;0;0;0;0;0;0;0;0;0;0;0;0;0;0;0;0;0;0;0;0;0;0;0;0;0;0;0;0;0;0;0;0;0;0;0;0;0;0;0;0;0;0;0;0;0;0;0;0;0;0;30;22;20;45;30;22;20;45;30;32;20;45;30;30;20;45;100;0;80;300;100;0;80;300;100;266;80;300;100;265;80;300;30;33;20;45;30;30;20;45;30;26;20;45;30;28;20;45;100;237;80;300;100;235;80;300;100;0;80;300;100;0;80;300;4;2;0.4;6;4;5;0.4;6;4;2;0.4;6;4;5;0.4;6;4;2;0.4;6;4;6;0.4;6;4;2;0.4;6;4;6;0.4;6;NOK;NOK;OK;4500;4588;4250;4800;OK;7.64;0;8;12;NOK;N/A;1.9;N/A;N/A;N/A;10;14.5;7;17;OK;;0;0;0;-;Disabled;TempOk;1;230;192.7;0;0;0;349.9;440474000 audi 597g-598h;440474000 audi 597g-598h;440474000 audi 597g-598h
20260331_06:43:16;26126;4;4;965;955;940;990;OK;965;960.7;940;990;OK;961.1;961.3;-15;-18.6;-50;-5;OK;-15;-18.3;-50;-5;OK;-23.4;-21.5;0;-15;-18.7;-50;-5;OK;355;368;355;600;OK;193.57;194.09;N/A;N/A;N/A;N/A;N/A;N/A;N/A;N/A;N/A;N/A;N/A;N/A;N/A;N/A;N/A;N/A;N/A;N/A;N/A;N/A;N/A;N/A;N/A;N/A;N/A;N/A;N/A;N/A;N/A;N/A;N/A;N/A;N/A;N/A;N/A;N/A;N/A;N/A;N/A;N/A;N/A;N/A;N/A;N/A;N/A;N/A;N/A;N/A;N/A;N/A;N/A;N/A;N/A;N/A;N/A;N/A;N/A;N/A;N/A;N/A;N/A;N/A;N/A;N/A;N/A;N/A;N/A;N/A;N/A;N/A;N/A;N/A;N/A;N/A;N/A;N/A;N/A;N/A;N/A;N/A;N/A;N/A;N/A;N/A;N/A;N/A;N/A;N/A;N/A;N/A;N/A;N/A;N/A;N/A;N/A;N/A;N/A;N/A;;0;447.9;0;0;;Disabled;TempStop;1;740;488.1;0;0;0;599.9;549.9;Enabled;PosOk;1;20;0;0;0;0;15;Disabled;0;0;0;0;0;0;0;0;0;0;0;0;0;0;0;0;0;0;0;0;0;0;0;0;0;0;0;0;0;0;0;0;0;0;0;0;0;0;0;0;0;0;0;0;0;0;0;0;0;0;0;0;0;0;0;0;0;0;0;0;0;0;0;0;0;0;0;0;0;0;30;22;20;45;30;22;20;45;30;32;20;45;30;30;20;45;100;0;80;300;100;0;80;300;100;266;80;300;100;266;80;300;30;33;20;45;30;30;20;45;30;25;20;45;30;28;20;45;100;238;80;300;100;235;80;300;100;0;80;300;100;1;80;300;4;2;0.4;6;4;5;0.4;6;4;2;0.4;6;4;5;0.4;6;4;2;0.4;6;4;5;0.4;6;4;2;0.4;6;4;5;0.4;6;NOK;NOK;OK;4500;4593;4250;4800;OK;7.64;0;8;12;NOK;N/A;1.9;N/A;N/A;N/A;10;13;7;17;OK;;0;0;0;-;Disabled;TempOk;1;230;187.1;0;0;0;349.9;440474000 audi 597g-598h;440474000 audi 597g-598h;440474000 audi 597g-598h
20260331_06:43:34;26128;2;5;965;931.5;940;990;NOK;965;925.4;940;990;NOK;910.5;919.1;-15;-16.7;-50;-20;NOK;-15;-16.5;-50;-20;NOK;-16.8;-16.8;0;-15;-16.6;-50;-20;NOK;355;368;355;600;OK;0;0;;;;;;;;;;;;;;;;;;;;;;;;;;;;;;;;;;;;;;;;;;;;;;;;;;;;;;;;;;;;;;;;;;;;;;;;;;;;;;;;;;;;;;;;;;;;;;;;;;;;;;;;;;;;;;;;;;;;;;;;;;;;;;;;;;;;;;;;;;;;;;;;;;;;;;;;;;;;;;;;;;;;;;;;;;;;;;;;;;;;;;;;;;;;;;;;;;;;;;;;;;;;;;;;;;;;;;;;;;;;;;;;;;;;;;;;;;;;;;;;;;;;;;;;;;;;;;;;;;;;;;;;;;;;;;;;;;;;;;;;;;;;;;;;;;;;;;;;;;;;;;;;;;;;;;;;;;;;;;;;;;;;;;;;440474000 audi 597g-598h;;;;
20260331_06:43:39;26127;3;5;965;955.6;940;990;OK;965;963.7;940;990;OK;959.2;962.2;-15;-15;-50;-20;NOK;-15;-14.8;-50;-20;NOK;-16.5;-16.5;0;-15;-14.9;-50;-20;NOK;355;367;355;600;OK;0;0;N/A;N/A;N/A;N/A;N/A;N/A;N/A;N/A;N/A;N/A;N/A;N/A;N/A;N/A;N/A;N/A;N/A;N/A;N/A;N/A;N/A;N/A;N/A;N/A;N/A;N/A;N/A;N/A;N/A;N/A;N/A;N/A;N/A;N/A;N/A;N/A;N/A;N/A;N/A;N/A;N/A;N/A;N/A;N/A;N/A;N/A;N/A;N/A;N/A;N/A;N/A;N/A;N/A;N/A;N/A;N/A;N/A;N/A;N/A;N/A;N/A;N/A;N/A;N/A;N/A;N/A;N/A;N/A;N/A;N/A;N/A;N/A;N/A;N/A;N/A;N/A;N/A;N/A;N/A;N/A;N/A;N/A;N/A;N/A;N/A;N/A;N/A;N/A;N/A;N/A;N/A;N/A;N/A;N/A;N/A;N/A;N/A;N/A;;0;444;0;0;;Disabled;TempStop;1;740;484.6;0;0;0;599.9;549.9;Enabled;PosOk;1;20;0;0;0;0;15;Disabled;0;0;0;0;0;0;0;0;0;0;0;0;0;0;0;0;0;0;0;0;0;0;0;0;0;0;0;0;0;0;0;0;0;0;0;0;0;0;0;0;0;0;0;0;0;0;0;0;0;0;0;0;0;0;0;0;0;0;0;0;0;0;0;0;0;0;0;0;0;0;30;22;20;45;30;22;20;45;30;32;20;45;30;30;20;45;100;0;80;300;100;0;80;300;100;266;80;300;100;266;80;300;30;33;20;45;30;30;20;45;30;26;20;45;30;28;20;45;100;237;80;300;100;236;80;300;100;0;80;300;100;0;80;300;4;2;0.4;6;4;5;0.4;6;4;2;0.4;6;4;5;0.4;6;4;2;0.4;6;4;5;0.4;6;4;2;0.4;6;4;5;0.4;6;NOK;NOK;OK;4500;4587;4250;4800;OK;7.68;0;8;12;NOK;N/A;1.9;N/A;N/A;N/A;10;14.2;7;17;OK;;0;0;0;-;Disabled;TempOk;1;230;190.5;0;0;0;349.9;440474000 audi 597g-598h;440474000 audi 597g-598h;440474000 audi 597g-598h
20260331_06:44:21;26130;2;1;965;937.2;940;990;NOK;965;936.1;940;990;NOK;926.7;932.1;-15;-14.9;-50;-20;NOK;-15;-15.4;-50;-20;NOK;-15.3;-15.3;0;-15;-14.8;-50;-20;NOK;355;368;355;600;OK;0;0;;;;;;;;;;;;;;;;;;;;;;;;;;;;;;;;;;;;;;;;;;;;;;;;;;;;;;;;;;;;;;;;;;;;;;;;;;;;;;;;;;;;;;;;;;;;;;;;;;;;;;;;;;;;;;;;;;;;;;;;;;;;;;;;;;;;;;;;;;;;;;;;;;;;;;;;;;;;;;;;;;;;;;;;;;;;;;;;;;;;;;;;;;;;;;;;;;;;;;;;;;;;;;;;;;;;;;;;;;;;;;;;;;;;;;;;;;;;;;;;;;;;;;;;;;;;;;;;;;;;;;;;;;;;;;;;;;;;;;;;;;;;;;;;;;;;;;;;;;;;;;;;;;;;;;;;;;;;;;;;;;;;;;;;440474000 audi 597g-598h;;;;
20260331_06:44:27;26129;3;2;965;952.2;940;990;OK;965;962.4;940;990;OK;960.9;961.7;-15;-15.6;-50;-20;NOK;-15;-15.4;-50;-20;NOK;-16.3;-15.9;0;-15;-15.7;-50;-20;NOK;355;367;355;600;OK;0;0;N/A;N/A;N/A;N/A;N/A;N/A;N/A;N/A;N/A;N/A;N/A;N/A;N/A;N/A;N/A;N/A;N/A;N/A;N/A;N/A;N/A;N/A;N/A;N/A;N/A;N/A;N/A;N/A;N/A;N/A;N/A;N/A;N/A;N/A;N/A;N/A;N/A;N/A;N/A;N/A;N/A;N/A;N/A;N/A;N/A;N/A;N/A;N/A;N/A;N/A;N/A;N/A;N/A;N/A;N/A;N/A;N/A;N/A;N/A;N/A;N/A;N/A;N/A;N/A;N/A;N/A;N/A;N/A;N/A;N/A;N/A;N/A;N/A;N/A;N/A;N/A;N/A;N/A;N/A;N/A;N/A;N/A;N/A;N/A;N/A;N/A;N/A;N/A;N/A;N/A;N/A;N/A;N/A;N/A;N/A;N/A;N/A;N/A;;0;449;0;0;;Disabled;TempStop;1;740;488.4;0;0;0;599.9;549.9;Enabled;PosOk;1;20;0;0;0;0;15;Disabled;0;0;0;0;0;0;0;0;0;0;0;0;0;0;0;0;0;0;0;0;0;0;0;0;0;0;0;0;0;0;0;0;0;0;0;0;0;0;0;0;0;0;0;0;0;0;0;0;0;0;0;0;0;0;0;0;0;0;0;0;0;0;0;0;0;0;0;0;0;0;30;22;20;45;30;22;20;45;30;31;20;45;30;30;20;45;100;0;80;300;100;0;80;300;100;266;80;300;100;265;80;300;30;32;20;45;30;30;20;45;30;25;20;45;30;28;20;45;100;237;80;300;100;235;80;300;100;0;80;300;100;1;80;300;4;2;0.4;6;4;5;0.4;6;4;2;0.4;6;4;5;0.4;6;4;2;0.4;6;4;6;0.4;6;4;2;0.4;6;4;5;0.4;6;NOK;NOK;OK;4500;4595;4250;4800;OK;7.64;0;8;12;NOK;N/A;1.9;N/A;N/A;N/A;10;13.9;7;17;OK;;0;0;0;-;Disabled;TempOk;1;230;174.2;0;0;0;349.9;440474000 audi 597g-598h;440474000 audi 597g-598h;440474000 audi 597g-598h
20260331_06:45:15;26131;1;3;965;954.8;940;990;OK;965;968.9;940;990;OK;970.7;969.3;-15;-14.5;-50;-20;NOK;-15;-14;-50;-20;NOK;-14.6;-13.5;0;-15;-14.5;-50;-20;NOK;355;367;355;600;OK;0;0;N/A;N/A;N/A;N/A;N/A;N/A;N/A;N/A;N/A;N/A;N/A;N/A;N/A;N/A;N/A;N/A;N/A;N/A;N/A;N/A;N/A;N/A;N/A;N/A;N/A;N/A;N/A;N/A;N/A;N/A;N/A;N/A;N/A;N/A;N/A;N/A;N/A;N/A;N/A;N/A;N/A;N/A;N/A;N/A;N/A;N/A;N/A;N/A;N/A;N/A;N/A;N/A;N/A;N/A;N/A;N/A;N/A;N/A;N/A;N/A;N/A;N/A;N/A;N/A;N/A;N/A;N/A;N/A;N/A;N/A;N/A;N/A;N/A;N/A;N/A;N/A;N/A;N/A;N/A;N/A;N/A;N/A;N/A;N/A;N/A;N/A;N/A;N/A;N/A;N/A;N/A;N/A;N/A;N/A;N/A;N/A;N/A;N/A;;0;448.7;0;0;;Disabled;TempStop;1;740;488.5;0;0;0;599.9;549.9;Enabled;PosOk;1;20;0;0;0;0;15;Disabled;0;0;0;0;0;0;0;0;0;0;0;0;0;0;0;0;0;0;0;0;0;0;0;0;0;0;0;0;0;0;0;0;0;0;0;0;0;0;0;0;0;0;0;0;0;0;0;0;0;0;0;0;0;0;0;0;0;0;0;0;0;0;0;0;0;0;0;0;44;43;30;22;20;45;30;22;20;45;30;31;20;45;30;29;20;45;100;0;80;300;100;0;80;300;100;266;80;300;100;266;80;300;30;32;20;45;30;30;20;45;30;25;20;45;30;28;20;45;100;237;80;300;100;236;80;300;100;0;80;300;100;0;80;300;4;2;0.4;6;4;5;0.4;6;4;2;0.4;6;4;5;0.4;6;4;2;0.4;6;4;6;0.4;6;4;2;0.4;6;4;6;0.4;6;NOK;NOK;OK;4500;4596;4250;4800;OK;7.64;0;8;12;NOK;N/A;1.9;N/A;N/A;N/A;10;13.9;7;17;OK;;0;0;0;-;Disabled;TempOk;1;230;173.2;0;0;0;349.9;440474000 audi 597g-598h;440474000 audi 597g-598h;440474000 audi 597g-598h
20260331_06:45:38;26132;4;1;965;968;940;990;OK;965;975.1;940;990;OK;980.4;978.6;-15;-14.3;-50;-5;OK;-15;-11.9;-50;-5;OK;-12.4;-11.7;0;-15;-14.1;-50;-5;OK;355;368;355;600;OK;193.73;194.21;N/A;N/A;N/A;N/A;N/A;N/A;N/A;N/A;N/A;N/A;N/A;N/A;N/A;N/A;N/A;N/A;N/A;N/A;N/A;N/A;N/A;N/A;N/A;N/A;N/A;N/A;N/A;N/A;N/A;N/A;N/A;N/A;N/A;N/A;N/A;N/A;N/A;N/A;N/A;N/A;N/A;N/A;N/A;N/A;N/A;N/A;N/A;N/A;N/A;N/A;N/A;N/A;N/A;N/A;N/A;N/A;N/A;N/A;N/A;N/A;N/A;N/A;N/A;N/A;N/A;N/A;N/A;N/A;N/A;N/A;N/A;N/A;N/A;N/A;N/A;N/A;N/A;N/A;N/A;N/A;N/A;N/A;N/A;N/A;N/A;N/A;N/A;N/A;N/A;N/A;N/A;N/A;N/A;N/A;N/A;N/A;N/A;N/A;;0;453.4;0;0;;Disabled;TempStop;1;740;491.3;0;0;0;599.9;549.9;Enabled;PosOk;1;20;0;0;0;0;15;Disabled;0;0;0;0;0;0;0;0;0;0;0;0;0;0;0;0;0;0;0;0;0;0;0;0;0;0;0;0;0;0;0;0;0;0;0;0;0;0;0;0;0;0;0;0;0;0;0;0;0;0;0;0;0;0;0;0;0;0;0;0;0;0;0;0;0;0;0;0;0;0;30;22;20;45;30;22;20;45;30;31;20;45;30;29;20;45;100;0;80;300;100;0;80;300;100;265;80;300;100;265;80;300;30;32;20;45;30;29;20;45;30;25;20;45;30;28;20;45;100;237;80;300;100;235;80;300;100;0;80;300;100;1;80;300;4;2;0.4;6;4;5;0.4;6;4;2;0.4;6;4;5;0.4;6;4;2;0.4;6;4;5;0.4;6;4;2;0.4;6;4;6;0.4;6;NOK;NOK;OK;4500;4590;4250;4800;OK;7.64;0;8;12;NOK;N/A;1.9;N/A;N/A;N/A;10;13;7;17;OK;;0;0;0;-;Disabled;TempOk;1;230;186.3;0;0;0;349.9;440474000 audi 597g-598h;440474000 audi 597g-598h;440474000 audi 597g-598h
20260331_06:46:02;26133;3;3;965;955.6;940;990;OK;965;971.8;940;990;OK;970.2;971.5;-15;-15;-50;-20;NOK;-15;-15;-50;-20;NOK;-15.5;-15.6;0;-15;-15;-50;-20;NOK;355;367;355;600;OK;0;0;N/A;N/A;N/A;N/A;N/A;N/A;N/A;N/A;N/A;N/A;N/A;N/A;N/A;N/A;N/A;N/A;N/A;N/A;N/A;N/A;N/A;N/A;N/A;N/A;N/A;N/A;N/A;N/A;N/A;N/A;N/A;N/A;N/A;N/A;N/A;N/A;N/A;N/A;N/A;N/A;N/A;N/A;N/A;N/A;N/A;N/A;N/A;N/A;N/A;N/A;N/A;N/A;N/A;N/A;N/A;N/A;N/A;N/A;N/A;N/A;N/A;N/A;N/A;N/A;N/A;N/A;N/A;N/A;N/A;N/A;N/A;N/A;N/A;N/A;N/A;N/A;N/A;N/A;N/A;N/A;N/A;N/A;N/A;N/A;N/A;N/A;N/A;N/A;N/A;N/A;N/A;N/A;N/A;N/A;N/A;N/A;N/A;N/A;;0;448.5;0;0;;Disabled;TempStop;1;740;490;0;0;0;599.9;549.9;Enabled;PosOk;1;20;0;0;0;0;15;Disabled;0;0;0;0;0;0;0;0;0;0;0;0;0;0;0;0;0;0;0;0;0;0;0;0;0;0;0;0;0;0;0;0;0;0;0;0;0;0;0;0;0;0;0;0;0;0;0;0;0;0;0;0;0;0;0;0;0;0;0;0;0;0;0;0;0;0;0;0;0;0;30;22;20;45;30;22;20;45;30;31;20;45;30;29;20;45;100;0;80;300;100;0;80;300;100;266;80;300;100;266;80;300;30;32;20;45;30;29;20;45;30;26;20;45;30;28;20;45;100;237;80;300;100;235;80;300;100;0;80;300;100;0;80;300;4;2;0.4;6;4;5;0.4;6;4;2;0.4;6;4;5;0.4;6;4;2;0.4;6;4;5;0.4;6;4;2;0.4;6;4;6;0.4;6;NOK;NOK;OK;4500;4590;4250;4800;OK;7.64;0;8;12;NOK;N/A;1.9;N/A;N/A;N/A;10;14.1;7;17;OK;;0;0;0;-;Disabled;TempOk;1;230;186;0;0;0;349.9;440474000 audi 597g-598h;440474000 audi 597g-598h;440474000 audi 597g-598h
20260331_06:46:26;26134;2;2;965;953.3;940;990;OK;965;966.5;940;990;OK;967;966.5;-15;-19.6;-50;-20;NOK;-15;-19.3;-50;-20;NOK;-19.7;-19.8;0;-15;-19.6;-50;-20;NOK;355;368;355;600;OK;0;0;N/A;N/A;N/A;N/A;N/A;N/A;N/A;N/A;N/A;N/A;N/A;N/A;N/A;N/A;N/A;N/A;N/A;N/A;N/A;N/A;N/A;N/A;N/A;N/A;N/A;N/A;N/A;N/A;N/A;N/A;N/A;N/A;N/A;N/A;N/A;N/A;N/A;N/A;N/A;N/A;N/A;N/A;N/A;N/A;N/A;N/A;N/A;N/A;N/A;N/A;N/A;N/A;N/A;N/A;N/A;N/A;N/A;N/A;N/A;N/A;N/A;N/A;N/A;N/A;N/A;N/A;N/A;N/A;N/A;N/A;N/A;N/A;N/A;N/A;N/A;N/A;N/A;N/A;N/A;N/A;N/A;N/A;N/A;N/A;N/A;N/A;N/A;N/A;N/A;N/A;N/A;N/A;N/A;N/A;N/A;N/A;N/A;N/A;;0;449;0;0;;Disabled;TempStop;1;740;486.5;0;0;0;599.9;549.9;Enabled;PosOk;1;20;0;0;0;0;15;Disabled;0;0;0;0;0;0;0;0;0;0;0;0;0;0;0;0;0;0;0;0;0;0;0;0;0;0;0;0;0;0;0;0;0;0;0;0;0;0;0;0;0;0;0;0;0;0;0;0;0;0;0;0;0;0;0;0;0;0;0;0;0;0;0;0;0;0;0;0;0;0;30;22;20;45;30;22;20;45;30;31;20;45;30;30;20;45;100;0;80;300;100;0;80;300;100;266;80;300;100;265;80;300;30;33;20;45;30;30;20;45;30;26;20;45;30;28;20;45;100;237;80;300;100;235;80;300;100;0;80;300;100;0;80;300;4;2;0.4;6;4;5;0.4;6;4;2;0.4;6;4;5;0.4;6;4;2;0.4;6;4;5;0.4;6;4;2;0.4;6;4;5;0.4;6;NOK;NOK;OK;4500;4599;4250;4800;OK;7.64;0;8;12;NOK;N/A;1.9;N/A;N/A;N/A;10;12.8;7;17;OK;;0;0;0;-;Disabled;TempOk;1;230;186.7;0;0;0;349.9;440474000 audi 597g-598h;440474000 audi 597g-598h;440474000 audi 597g-598h
20260331_06:46:50;26135;1;4;965;953.5;940;990;OK;965;966;940;990;OK;966;966.2;-15;-13.2;-50;-20;NOK;-15;-13.5;-50;-20;NOK;-14.4;-14.6;0;-15;-13.2;-50;-20;NOK;355;367;355;600;OK;0;0;N/A;N/A;N/A;N/A;N/A;N/A;N/A;N/A;N/A;N/A;N/A;N/A;N/A;N/A;N/A;N/A;N/A;N/A;N/A;N/A;N/A;N/A;N/A;N/A;N/A;N/A;N/A;N/A;N/A;N/A;N/A;N/A;N/A;N/A;N/A;N/A;N/A;N/A;N/A;N/A;N/A;N/A;N/A;N/A;N/A;N/A;N/A;N/A;N/A;N/A;N/A;N/A;N/A;N/A;N/A;N/A;N/A;N/A;N/A;N/A;N/A;N/A;N/A;N/A;N/A;N/A;N/A;N/A;N/A;N/A;N/A;N/A;N/A;N/A;N/A;N/A;N/A;N/A;N/A;N/A;N/A;N/A;N/A;N/A;N/A;N/A;N/A;N/A;N/A;N/A;N/A;N/A;N/A;N/A;N/A;N/A;N/A;N/A;;0;449.9;0;0;;Disabled;TempStop;1;740;491.3;0;0;0;599.9;549.9;Enabled;PosOk;1;20;0;0;0;0;15;Disabled;0;0;0;0;0;0;0;0;0;0;0;0;0;0;0;0;0;0;0;0;0;0;0;0;0;0;0;0;0;0;0;0;0;0;0;0;0;0;0;0;0;0;0;0;0;0;0;0;0;0;0;0;0;0;0;0;0;0;0;0;0;0;0;0;0;0;0;0;0;0;30;22;20;45;30;22;20;45;30;32;20;45;30;30;20;45;100;0;80;300;100;0;80;300;100;266;80;300;100;266;80;300;30;33;20;45;30;30;20;45;30;26;20;45;30;28;20;45;100;237;80;300;100;235;80;300;100;0;80;300;100;0;80;300;4;2;0.4;6;4;5;0.4;6;4;2;0.4;6;4;6;0.4;6;4;2;0.4;6;4;5;0.4;6;4;2;0.4;6;4;6;0.4;6;NOK;NOK;OK;4500;4591;4250;4800;OK;7.64;0;8;12;NOK;N/A;1.9;N/A;N/A;N/A;10;13.9;7;17;OK;;0;0;0;-;Disabled;TempOk;1;230;189.4;0;0;0;349.9;440474000 audi 597g-598h;440474000 audi 597g-598h;440474000 audi 597g-598h
20260331_06:47:13;26136;4;2;965;970.2;940;990;OK;965;974.6;940;990;OK;973.3;974.4;-15;-17.9;-50;-5;OK;-15;-12.1;-50;-5;OK;-14;-13.3;0;-15;-17.7;-50;-5;OK;355;368;355;600;OK;193.89;194.38;N/A;N/A;N/A;N/A;N/A;N/A;N/A;N/A;N/A;N/A;N/A;N/A;N/A;N/A;N/A;N/A;N/A;N/A;N/A;N/A;N/A;N/A;N/A;N/A;N/A;N/A;N/A;N/A;N/A;N/A;N/A;N/A;N/A;N/A;N/A;N/A;N/A;N/A;N/A;N/A;N/A;N/A;N/A;N/A;N/A;N/A;N/A;N/A;N/A;N/A;N/A;N/A;N/A;N/A;N/A;N/A;N/A;N/A;N/A;N/A;N/A;N/A;N/A;N/A;N/A;N/A;N/A;N/A;N/A;N/A;N/A;N/A;N/A;N/A;N/A;N/A;N/A;N/A;N/A;N/A;N/A;N/A;N/A;N/A;N/A;N/A;N/A;N/A;N/A;N/A;N/A;N/A;N/A;N/A;N/A;N/A;N/A;N/A;;0;452.7;0;0;;Disabled;TempStop;1;740;492.4;0;0;0;599.9;549.9;Enabled;PosOk;1;20;0;0;0;0;15;Disabled;0;0;0;0;0;0;0;0;0;0;0;0;0;0;0;0;0;0;0;0;0;0;0;0;0;0;0;0;0;0;0;0;0;0;0;0;0;0;0;0;0;0;0;0;0;0;0;0;0;0;0;0;0;0;0;0;0;0;0;0;0;0;0;0;0;0;0;0;0;0;30;22;20;45;30;22;20;45;30;32;20;45;30;30;20;45;100;0;80;300;100;0;80;300;100;266;80;300;100;266;80;300;30;33;20;45;30;30;20;45;30;26;20;45;30;28;20;45;100;237;80;300;100;235;80;300;100;0;80;300;100;0;80;300;4;2;0.4;6;4;6;0.4;6;4;2;0.4;6;4;5;0.4;6;4;2;0.4;6;4;6;0.4;6;4;2;0.4;6;4;5;0.4;6;NOK;NOK;OK;4500;4590;4250;4800;OK;7.64;0;8;12;NOK;N/A;1.9;N/A;N/A;N/A;10;13.4;7;17;OK;;0;0;0;-;Disabled;TempOk;1;230;187.3;0;0;0;349.9;440474000 audi 597g-598h;440474000 audi 597g-598h;440474000 audi 597g-598h
20260331_06:48:01;26138;4;3;965;967.5;940;990;OK;965;967.7;940;990;OK;964.9;966.4;-15;-18.5;-50;-5;OK;-15;-15.4;-50;-5;OK;-16.2;-15.8;0;-15;-18.4;-50;-5;OK;355;368;355;600;OK;193.97;194.48;N/A;N/A;N/A;N/A;N/A;N/A;N/A;N/A;N/A;N/A;N/A;N/A;N/A;N/A;N/A;N/A;N/A;N/A;N/A;N/A;N/A;N/A;N/A;N/A;N/A;N/A;N/A;N/A;N/A;N/A;N/A;N/A;N/A;N/A;N/A;N/A;N/A;N/A;N/A;N/A;N/A;N/A;N/A;N/A;N/A;N/A;N/A;N/A;N/A;N/A;N/A;N/A;N/A;N/A;N/A;N/A;N/A;N/A;N/A;N/A;N/A;N/A;N/A;N/A;N/A;N/A;N/A;N/A;N/A;N/A;N/A;N/A;N/A;N/A;N/A;N/A;N/A;N/A;N/A;N/A;N/A;N/A;N/A;N/A;N/A;N/A;N/A;N/A;N/A;N/A;N/A;N/A;N/A;N/A;N/A;N/A;N/A;N/A;;0;452.7;0;0;;Disabled;TempStop;1;740;492.2;0;0;0;599.9;549.9;Enabled;PosOk;1;20;0;0;0;0;15;Disabled;0;0;0;0;0;0;0;0;0;0;0;0;0;0;0;0;0;0;0;0;0;0;0;0;0;0;0;0;0;0;0;0;0;0;0;0;0;0;0;0;0;0;0;0;0;0;0;0;0;0;0;0;0;0;0;0;0;0;0;0;0;0;0;0;0;0;0;0;0;0;30;22;20;45;30;22;20;45;30;31;20;45;30;30;20;45;100;0;80;300;100;0;80;300;100;265;80;300;100;266;80;300;30;32;20;45;30;30;20;45;30;25;20;45;30;28;20;45;100;238;80;300;100;235;80;300;100;0;80;300;100;0;80;300;4;2;0.4;6;4;5;0.4;6;4;2;0.4;6;4;5;0.4;6;4;2;0.4;6;4;5;0.4;6;4;2;0.4;6;4;5;0.4;6;NOK;NOK;OK;4500;4593;4250;4800;OK;7.64;0;8;12;NOK;N/A;1.9;N/A;N/A;N/A;10;12.9;7;17;OK;;0;0;0;-;Disabled;TempOk;1;230;170.4;0;0;0;349.9;440474000 audi 597g-598h;440474000 audi 597g-598h;440474000 audi 597g-598h
20260331_06:48:25;26137;3;4;965;955.2;940;990;OK;965;960.7;940;990;OK;958.5;959.7;-15;-13.6;-50;-20;NOK;-15;-13.8;-50;-20;NOK;-13.9;-13;0;-15;-13.7;-50;-20;NOK;355;367;355;600;OK;0;0;N/A;N/A;N/A;N/A;N/A;N/A;N/A;N/A;N/A;N/A;N/A;N/A;N/A;N/A;N/A;N/A;N/A;N/A;N/A;N/A;N/A;N/A;N/A;N/A;N/A;N/A;N/A;N/A;N/A;N/A;N/A;N/A;N/A;N/A;N/A;N/A;N/A;N/A;N/A;N/A;N/A;N/A;N/A;N/A;N/A;N/A;N/A;N/A;N/A;N/A;N/A;N/A;N/A;N/A;N/A;N/A;N/A;N/A;N/A;N/A;N/A;N/A;N/A;N/A;N/A;N/A;N/A;N/A;N/A;N/A;N/A;N/A;N/A;N/A;N/A;N/A;N/A;N/A;N/A;N/A;N/A;N/A;N/A;N/A;N/A;N/A;N/A;N/A;N/A;N/A;N/A;N/A;N/A;N/A;N/A;N/A;N/A;N/A;;0;439.3;0;0;;Disabled;TempStop;1;740;477.4;0;0;0;599.9;549.9;Enabled;PosOk;1;20;0;0;0;0;15;Disabled;0;0;0;0;0;0;0;0;0;0;0;0;0;0;0;0;0;0;0;0;0;0;0;0;0;0;0;0;0;0;0;0;0;0;0;0;0;0;0;0;0;0;0;0;0;0;0;0;0;0;0;0;0;0;0;0;0;0;0;0;0;0;0;0;0;0;0;0;0;0;30;22;20;45;30;22;20;45;30;31;20;45;30;29;20;45;100;0;80;300;100;0;80;300;100;266;80;300;100;266;80;300;30;32;20;45;30;29;20;45;30;25;20;45;30;28;20;45;100;238;80;300;100;235;80;300;100;0;80;300;100;0;80;300;4;2;0.4;6;4;5;0.4;6;4;2;0.4;6;4;5;0.4;6;4;2;0.4;6;4;5;0.4;6;4;2;0.4;6;4;5;0.4;6;NOK;NOK;OK;4500;4593;4250;4800;OK;7.64;0;8;12;NOK;N/A;1.9;N/A;N/A;N/A;10;14;7;17;OK;;0;0;0;-;Disabled;TempOk;1;230;183.2;0;0;0;349.9;440474000 audi 597g-598h;440474000 audi 597g-598h;440474000 audi 597g-598h
20260331_06:48:41;26140;1;2;965;936.6;940;990;NOK;965;941.9;940;990;OK;935.5;939.1;-15;-13.4;-50;-20;NOK;-15;-15.5;-50;-20;NOK;-15.4;-15.3;0;-15;-13.4;-50;-20;NOK;355;367;355;600;OK;0;0;;;;;;;;;;;;;;;;;;;;;;;;;;;;;;;;;;;;;;;;;;;;;;;;;;;;;;;;;;;;;;;;;;;;;;;;;;;;;;;;;;;;;;;;;;;;;;;;;;;;;;;;;;;;;;;;;;;;;;;;;;;;;;;;;;;;;;;;;;;;;;;;;;;;;;;;;;;;;;;;;;;;;;;;;;;;;;;;;;;;;;;;;;;;;;;;;;;;;;;;;;;;;;;;;;;;;;;;;;;;;;;;;;;;;;;;;;;;;;;;;;;;;;;;;;;;;;;;;;;;;;;;;;;;;;;;;;;;;;;;;;;;;;;;;;;;;;;;;;;;;;;;;;;;;;;;;;;;;;;;;;;;;;;;440474000 audi 597g-598h;;;;
20260331_06:48:48;26139;2;4;965;953.1;940;990;OK;965;960.2;940;990;OK;959.4;960;-15;-22.6;-50;-20;OK;-15;-22.5;-50;-20;OK;-22.7;-22.6;0;-15;-22.6;-50;-20;OK;355;368;355;600;OK;0;0;N/A;N/A;N/A;N/A;N/A;N/A;N/A;N/A;N/A;N/A;N/A;N/A;N/A;N/A;N/A;N/A;N/A;N/A;N/A;N/A;N/A;N/A;N/A;N/A;N/A;N/A;N/A;N/A;N/A;N/A;N/A;N/A;N/A;N/A;N/A;N/A;N/A;N/A;N/A;N/A;N/A;N/A;N/A;N/A;N/A;N/A;N/A;N/A;N/A;N/A;N/A;N/A;N/A;N/A;N/A;N/A;N/A;N/A;N/A;N/A;N/A;N/A;N/A;N/A;N/A;N/A;N/A;N/A;N/A;N/A;N/A;N/A;N/A;N/A;N/A;N/A;N/A;N/A;N/A;N/A;N/A;N/A;N/A;N/A;N/A;N/A;N/A;N/A;N/A;N/A;N/A;N/A;N/A;N/A;N/A;N/A;N/A;N/A;;0;455.4;0;0;;Disabled;TempStop;1;740;494.2;0;0;0;599.9;549.9;Enabled;PosOk;1;20;0;0;0;0;15;Disabled;0;0;0;0;0;0;0;0;0;0;0;0;0;0;0;0;0;0;0;0;0;0;0;0;0;0;0;0;0;0;0;0;0;0;0;0;0;0;0;0;0;0;0;0;0;0;0;0;0;0;0;0;0;0;0;0;0;0;0;0;0;0;0;0;0;0;0;0;0;0;30;22;20;45;30;22;20;45;30;31;20;45;30;29;20;45;100;0;80;300;100;0;80;300;100;267;80;300;100;265;80;300;30;32;20;45;30;29;20;45;30;25;20;45;30;28;20;45;100;238;80;300;100;235;80;300;100;0;80;300;100;0;80;300;4;2;0.4;6;4;5;0.4;6;4;2;0.4;6;4;5;0.4;6;4;2;0.4;6;4;6;0.4;6;4;2;0.4;6;4;5;0.4;6;NOK;NOK;OK;4500;4594;4250;4800;OK;7.64;0;8;12;NOK;N/A;1.9;N/A;N/A;N/A;10;12.8;7;17;OK;;0;0;0;-;Disabled;TempOk;1;230;188.6;0;0;0;349.9;440474000 audi 597g-598h;440474000 audi 597g-598h;440474000 audi 597g-598h
20260331_06:49:36;26141;4;4;965;944.1;940;990;OK;965;945.5;940;990;OK;941;943.9;-15;-18.6;-50;-5;OK;-15;-18.9;-50;-5;OK;-21.4;-20.3;0;-15;-18.7;-50;-5;OK;355;368;355;600;OK;194.1;194.66;N/A;N/A;N/A;N/A;N/A;N/A;N/A;N/A;N/A;N/A;N/A;N/A;N/A;N/A;N/A;N/A;N/A;N/A;N/A;N/A;N/A;N/A;N/A;N/A;N/A;N/A;N/A;N/A;N/A;N/A;N/A;N/A;N/A;N/A;N/A;N/A;N/A;N/A;N/A;N/A;N/A;N/A;N/A;N/A;N/A;N/A;N/A;N/A;N/A;N/A;N/A;N/A;N/A;N/A;N/A;N/A;N/A;N/A;N/A;N/A;N/A;N/A;N/A;N/A;N/A;N/A;N/A;N/A;N/A;N/A;N/A;N/A;N/A;N/A;N/A;N/A;N/A;N/A;N/A;N/A;N/A;N/A;N/A;N/A;N/A;N/A;N/A;N/A;N/A;N/A;N/A;N/A;N/A;N/A;N/A;N/A;N/A;N/A;;0;445.9;0;0;;Disabled;TempStop;1;740;484.5;0;0;0;599.9;549.9;Enabled;PosOk;1;20;0;0;0;0;15;Disabled;0;0;0;0;0;0;0;0;0;0;0;0;0;0;0;0;0;0;0;0;0;0;0;0;0;0;0;0;0;0;0;0;0;0;0;0;0;0;0;0;0;0;0;0;0;0;0;0;0;0;0;0;0;0;0;0;0;0;0;0;0;0;0;0;0;0;0;0;0;0;30;22;20;45;30;22;20;45;30;30;20;45;30;30;20;45;100;0;80;300;100;0;80;300;100;266;80;300;100;266;80;300;30;32;20;45;30;30;20;45;30;26;20;45;30;28;20;45;100;237;80;300;100;235;80;300;100;0;80;300;100;0;80;300;4;2;0.4;6;4;5;0.4;6;4;2;0.4;6;4;5;0.4;6;4;2;0.4;6;4;6;0.4;6;4;2;0.4;6;4;5;0.4;6;NOK;NOK;OK;4500;4598;4250;4800;OK;7.64;0;8;12;NOK;N/A;1.9;N/A;N/A;N/A;10;12.9;7;17;OK;;0;0;0;-;Disabled;TempOk;1;230;170.4;0;0;0;349.9;440474000 audi 597g-598h;440474000 audi 597g-598h;440474000 audi 597g-598h
20260331_06:50:00;26142;3;5;965;954.1;940;990;OK;965;942.6;940;990;OK;928.6;936.6;-15;-14.5;-50;-20;NOK;-15;-15.1;-50;-20;NOK;-16.4;-16.5;0;-15;-14.4;-50;-20;NOK;355;367;355;600;OK;0;0;N/A;N/A;N/A;N/A;N/A;N/A;N/A;N/A;N/A;N/A;N/A;N/A;N/A;N/A;N/A;N/A;N/A;N/A;N/A;N/A;N/A;N/A;N/A;N/A;N/A;N/A;N/A;N/A;N/A;N/A;N/A;N/A;N/A;N/A;N/A;N/A;N/A;N/A;N/A;N/A;N/A;N/A;N/A;N/A;N/A;N/A;N/A;N/A;N/A;N/A;N/A;N/A;N/A;N/A;N/A;N/A;N/A;N/A;N/A;N/A;N/A;N/A;N/A;N/A;N/A;N/A;N/A;N/A;N/A;N/A;N/A;N/A;N/A;N/A;N/A;N/A;N/A;N/A;N/A;N/A;N/A;N/A;N/A;N/A;N/A;N/A;N/A;N/A;N/A;N/A;N/A;N/A;N/A;N/A;N/A;N/A;N/A;N/A;;0;438;0;0;;Disabled;TempStop;1;740;477.2;0;0;0;599.9;549.9;Enabled;PosOk;1;20;0;0;0;0;15;Disabled;0;0;0;0;0;0;0;0;0;0;0;0;0;0;0;0;0;0;0;0;0;0;0;0;0;0;0;0;0;0;0;0;0;0;0;0;0;0;0;0;0;0;0;0;0;0;0;0;0;0;0;0;0;0;0;0;0;0;0;0;0;0;0;0;0;0;0;0;0;0;30;22;20;45;30;22;20;45;30;31;20;45;30;30;20;45;100;0;80;300;100;0;80;300;100;265;80;300;100;265;80;300;30;32;20;45;30;30;20;45;30;26;20;45;30;28;20;45;100;237;80;300;100;235;80;300;100;0;80;300;100;0;80;300;4;2;0.4;6;4;5;0.4;6;4;2;0.4;6;4;5;0.4;6;4;2;0.4;6;4;5;0.4;6;4;2;0.4;6;4;5;0.4;6;NOK;NOK;OK;4500;4591;4250;4800;OK;7.64;0;8;12;NOK;N/A;1.9;N/A;N/A;N/A;10;14.3;7;17;OK;;0;0;0;-;Disabled;TempOk;1;230;186;0;0;0;349.9;440474000 audi 597g-598h;440474000 audi 597g-598h;440474000 audi 597g-598h
20260331_06:50:16;26144;3;2;965;948.1;940;990;OK;965;948;940;990;OK;942;945.3;-15;-15.4;-50;-20;NOK;-15;-15.7;-50;-20;NOK;-16.4;-16;0;-15;-15.4;-50;-20;NOK;355;367;355;600;OK;0;0;;;;;;;;;;;;;;;;;;;;;;;;;;;;;;;;;;;;;;;;;;;;;;;;;;;;;;;;;;;;;;;;;;;;;;;;;;;;;;;;;;;;;;;;;;;;;;;;;;;;;;;;;;;;;;;;;;;;;;;;;;;;;;;;;;;;;;;;;;;;;;;;;;;;;;;;;;;;;;;;;;;;;;;;;;;;;;;;;;;;;;;;;;;;;;;;;;;;;;;;;;;;;;;;;;;;;;;;;;;;;;;;;;;;;;;;;;;;;;;;;;;;;;;;;;;;;;;;;;;;;;;;;;;;;;;;;;;;;;;;;;;;;;;;;;;;;;;;;;;;;;;;;;;;;;;;;;;;;;;;;;;;;;;;440474000 audi 597g-598h;;;;
20260331_06:51:35;26145;1;3;965;956.4;940;990;OK;965;968.4;940;990;OK;968.3;969.2;-15;-14.4;-50;-20;NOK;-15;-14.7;-50;-20;NOK;-16;-14.7;0;-15;-14.4;-50;-20;NOK;355;367;355;600;OK;0;0;N/A;N/A;N/A;N/A;N/A;N/A;N/A;N/A;N/A;N/A;N/A;N/A;N/A;N/A;N/A;N/A;N/A;N/A;N/A;N/A;N/A;N/A;N/A;N/A;N/A;N/A;N/A;N/A;N/A;N/A;N/A;N/A;N/A;N/A;N/A;N/A;N/A;N/A;N/A;N/A;N/A;N/A;N/A;N/A;N/A;N/A;N/A;N/A;N/A;N/A;N/A;N/A;N/A;N/A;N/A;N/A;N/A;N/A;N/A;N/A;N/A;N/A;N/A;N/A;N/A;N/A;N/A;N/A;N/A;N/A;N/A;N/A;N/A;N/A;N/A;N/A;N/A;N/A;N/A;N/A;N/A;N/A;N/A;N/A;N/A;N/A;N/A;N/A;N/A;N/A;N/A;N/A;N/A;N/A;N/A;N/A;N/A;N/A;;0;450.7;0;0;;Disabled;TempStop;1;740;489.6;0;0;0;599.9;549.9;Enabled;PosOk;1;20;0;0;0;0;15;Disabled;0;0;0;0;0;0;0;0;0;0;0;0;0;0;0;0;0;0;0;0;0;0;0;0;0;0;0;0;0;0;0;0;0;0;0;0;0;0;0;0;0;0;0;0;0;0;0;0;0;0;0;0;0;0;0;0;0;0;0;0;0;0;0;0;0;0;0;0;51;4;30;22;20;45;30;22;20;45;30;30;20;45;30;30;20;45;100;0;80;300;100;0;80;300;100;266;80;300;100;266;80;300;30;32;20;45;30;30;20;45;30;25;20;45;30;28;20;45;100;237;80;300;100;235;80;300;100;0;80;300;100;0;80;300;4;2;0.4;6;4;5;0.4;6;4;2;0.4;6;4;5;0.4;6;4;2;0.4;6;4;6;0.4;6;4;2;0.4;6;4;5;0.4;6;NOK;NOK;OK;4500;4599;4250;4800;OK;7.64;0;8;12;NOK;N/A;1.9;N/A;N/A;N/A;10;14;7;17;OK;;0;0;0;-;Disabled;TempOk;1;230;163.4;0;0;0;349.9;440474000 audi 597g-598h;440474000 audi 597g-598h;440474000 audi 597g-598h
20260331_06:51:58;26143;4;1;965;960.7;940;990;OK;965;976.3;940;990;OK;970.9;974.5;-15;-12.3;-50;-5;OK;-15;-20.1;-50;-5;OK;-21.3;-21.2;0;-15;-12.5;-50;-5;OK;355;368;355;600;OK;194.23;194.9;N/A;N/A;N/A;N/A;N/A;N/A;N/A;N/A;N/A;N/A;N/A;N/A;N/A;N/A;N/A;N/A;N/A;N/A;N/A;N/A;N/A;N/A;N/A;N/A;N/A;N/A;N/A;N/A;N/A;N/A;N/A;N/A;N/A;N/A;N/A;N/A;N/A;N/A;N/A;N/A;N/A;N/A;N/A;N/A;N/A;N/A;N/A;N/A;N/A;N/A;N/A;N/A;N/A;N/A;N/A;N/A;N/A;N/A;N/A;N/A;N/A;N/A;N/A;N/A;N/A;N/A;N/A;N/A;N/A;N/A;N/A;N/A;N/A;N/A;N/A;N/A;N/A;N/A;N/A;N/A;N/A;N/A;N/A;N/A;N/A;N/A;N/A;N/A;N/A;N/A;N/A;N/A;N/A;N/A;N/A;N/A;N/A;N/A;;0;449.6;0;0;;Disabled;TempStop;1;740;486;0;0;0;599.9;549.9;Enabled;PosOk;1;20;0;0;0;0;15;Disabled;0;0;0;0;0;0;0;0;0;0;0;0;0;0;0;0;0;0;0;0;0;0;0;0;0;0;0;0;0;0;0;0;0;0;0;0;0;0;0;0;0;0;0;0;0;0;0;0;0;0;0;0;0;0;0;0;0;0;0;0;0;0;0;0;0;0;0;0;0;0;30;22;20;45;30;22;20;45;30;31;20;45;30;30;20;45;100;0;80;300;100;0;80;300;100;266;80;300;100;266;80;300;30;33;20;45;30;30;20;45;30;26;20;45;30;28;20;45;100;238;80;300;100;235;80;300;100;0;80;300;100;0;80;300;4;2;0.4;6;4;5;0.4;6;4;2;0.4;6;4;5;0.4;6;4;2;0.4;6;4;6;0.4;6;4;2;0.4;6;4;6;0.4;6;NOK;NOK;OK;4500;4596;4250;4800;OK;7.64;0;8;12;NOK;N/A;1.9;N/A;N/A;N/A;10;12.9;7;17;OK;;0;0;0;-;Disabled;TempOk;1;230;183.6;0;0;0;349.9;440474000 audi 597g-598h;440474000 audi 597g-598h;440474000 audi 597g-598h
20260331_07:12:01;26147;1;1;965;949;940;990;OK;965;958.8;940;990;OK;955.5;957.6;-15;-15.1;-50;-20;NOK;-15;-15.3;-50;-20;NOK;-14;-14.6;0;-15;-15.2;-50;-20;NOK;355;373;355;600;OK;0;0;N/A;N/A;N/A;N/A;N/A;N/A;N/A;N/A;N/A;N/A;N/A;N/A;N/A;N/A;N/A;N/A;N/A;N/A;N/A;N/A;N/A;N/A;N/A;N/A;N/A;N/A;N/A;N/A;N/A;N/A;N/A;N/A;N/A;N/A;N/A;N/A;N/A;N/A;N/A;N/A;N/A;N/A;N/A;N/A;N/A;N/A;N/A;N/A;N/A;N/A;N/A;N/A;N/A;N/A;N/A;N/A;N/A;N/A;N/A;N/A;N/A;N/A;N/A;N/A;N/A;N/A;N/A;N/A;N/A;N/A;N/A;N/A;N/A;N/A;N/A;N/A;N/A;N/A;N/A;N/A;N/A;N/A;N/A;N/A;N/A;N/A;N/A;N/A;N/A;N/A;N/A;N/A;N/A;N/A;N/A;N/A;N/A;N/A;;0;448.1;0;0;;Disabled;TempStop;1;740;488.8;0;0;0;599.9;549.9;Enabled;PosOk;1;20;0;0;0;0;15;Disabled;0;0;0;0;0;0;0;0;0;0;0;0;0;0;0;0;0;0;0;0;0;0;0;0;0;0;0;0;0;0;0;0;0;0;0;0;0;0;0;0;0;0;0;0;0;0;0;0;0;0;0;0;0;0;0;0;0;0;0;0;0;0;0;0;0;0;0;0;0;0;30;22;20;45;30;23;20;45;30;30;20;45;30;30;20;45;100;0;80;300;100;0;80;300;100;266;80;300;100;266;80;300;30;31;20;45;30;30;20;45;30;26;20;45;30;28;20;45;100;237;80;300;100;236;80;300;100;0;80;300;100;0;80;300;4;2;0.4;6;4;5;0.4;6;4;2;0.4;6;4;5;0.4;6;4;2;0.4;6;4;5;0.4;6;4;2;0.4;6;4;5;0.4;6;NOK;NOK;OK;4500;4600;4250;4800;OK;7.64;0;8;12;NOK;N/A;1.9;N/A;N/A;N/A;10;13.9;7;17;OK;;0;0;0;-;Disabled;TempOk;1;230;162.3;0;0;0;349.9;440474000 audi 597g-598h;440474000 audi 597g-598h;440474000 audi 597g-598h
20260331_07:12:25;26148;2;1;965;957.3;940;990;OK;965;952.7;940;990;OK;955.3;953.6;-15;-16;-50;-20;NOK;-15;-15.7;-50;-20;NOK;-16.2;-16.1;0;-15;-16.1;-50;-20;NOK;355;381;355;600;OK;0;0;N/A;N/A;N/A;N/A;N/A;N/A;N/A;N/A;N/A;N/A;N/A;N/A;N/A;N/A;N/A;N/A;N/A;N/A;N/A;N/A;N/A;N/A;N/A;N/A;N/A;N/A;N/A;N/A;N/A;N/A;N/A;N/A;N/A;N/A;N/A;N/A;N/A;N/A;N/A;N/A;N/A;N/A;N/A;N/A;N/A;N/A;N/A;N/A;N/A;N/A;N/A;N/A;N/A;N/A;N/A;N/A;N/A;N/A;N/A;N/A;N/A;N/A;N/A;N/A;N/A;N/A;N/A;N/A;N/A;N/A;N/A;N/A;N/A;N/A;N/A;N/A;N/A;N/A;N/A;N/A;N/A;N/A;N/A;N/A;N/A;N/A;N/A;N/A;N/A;N/A;N/A;N/A;N/A;N/A;N/A;N/A;N/A;N/A;;0;444.5;0;0;;Disabled;TempStop;1;740;483.5;0;0;0;599.9;549.9;Enabled;PosOk;1;20;0;0;0;0;15;Disabled;0;0;0;0;0;0;0;0;0;0;0;0;0;0;0;0;0;0;0;0;0;0;0;0;0;0;0;0;0;0;0;0;0;0;0;0;0;0;0;0;0;0;0;0;0;0;0;0;0;0;0;0;0;0;0;0;0;0;0;0;0;0;0;0;0;0;0;0;0;0;30;22;20;45;30;22;20;45;30;31;20;45;30;30;20;45;100;0;80;300;100;0;80;300;100;266;80;300;100;266;80;300;30;32;20;45;30;30;20;45;30;26;20;45;30;28;20;45;100;237;80;300;100;236;80;300;100;0;80;300;100;0;80;300;4;2;0.4;6;4;5;0.4;6;4;2;0.4;6;4;6;0.4;6;4;2;0.4;6;4;6;0.4;6;4;2;0.4;6;4;6;0.4;6;NOK;NOK;OK;4500;4596;4250;4800;OK;7.64;0;8;12;NOK;N/A;1.9;N/A;N/A;N/A;10;12.9;7;17;OK;;0;0;0;-;Disabled;TempOk;1;230;179.6;0;0;0;349.9;440474000 audi 597g-598h;440474000 audi 597g-598h;440474000 audi 597g-598h
20260331_07:12:49;26149;1;2;965;959.4;940;990;OK;965;956.6;940;990;OK;955.4;956.1;-15;-16;-50;-20;NOK;-15;-15.9;-50;-20;NOK;-15.6;-15.7;0;-15;-15.9;-50;-20;NOK;355;374;355;600;OK;0;0;N/A;N/A;N/A;N/A;N/A;N/A;N/A;N/A;N/A;N/A;N/A;N/A;N/A;N/A;N/A;N/A;N/A;N/A;N/A;N/A;N/A;N/A;N/A;N/A;N/A;N/A;N/A;N/A;N/A;N/A;N/A;N/A;N/A;N/A;N/A;N/A;N/A;N/A;N/A;N/A;N/A;N/A;N/A;N/A;N/A;N/A;N/A;N/A;N/A;N/A;N/A;N/A;N/A;N/A;N/A;N/A;N/A;N/A;N/A;N/A;N/A;N/A;N/A;N/A;N/A;N/A;N/A;N/A;N/A;N/A;N/A;N/A;N/A;N/A;N/A;N/A;N/A;N/A;N/A;N/A;N/A;N/A;N/A;N/A;N/A;N/A;N/A;N/A;N/A;N/A;N/A;N/A;N/A;N/A;N/A;N/A;N/A;N/A;;0;444.3;0;0;;Disabled;TempStop;1;740;484.1;0;0;0;599.9;549.9;Enabled;PosOk;1;20;0;0;0;0;15;Disabled;0;0;0;0;0;0;0;0;0;0;0;0;0;0;0;0;0;0;0;0;0;0;0;0;0;0;0;0;0;0;0;0;0;0;0;0;0;0;0;0;0;0;0;0;0;0;0;0;0;0;0;0;0;0;0;0;0;0;0;0;0;0;0;0;0;0;0;0;0;0;30;22;20;45;30;23;20;45;30;32;20;45;30;30;20;45;100;0;80;300;100;0;80;300;100;266;80;300;100;265;80;300;30;33;20;45;30;30;20;45;30;26;20;45;30;28;20;45;100;238;80;300;100;235;80;300;100;0;80;300;100;0;80;300;4;2;0.4;6;4;5;0.4;6;4;2;0.4;6;4;5;0.4;6;4;2;0.4;6;4;6;0.4;6;4;2;0.4;6;4;6;0.4;6;NOK;NOK;OK;4500;4597;4250;4800;OK;7.64;0;8;12;NOK;N/A;1.9;N/A;N/A;N/A;10;14;7;17;OK;;0;0;0;-;Disabled;TempOk;1;230;186.6;0;0;0;349.9;440474000 audi 597g-598h;440474000 audi 597g-598h;440474000 audi 597g-598h
20260331_07:13:13;26150;4;1;965;965.6;940;990;OK;965;972.7;940;990;OK;977.7;976.9;-15;-16.8;-50;-5;OK;-15;-12.9;-50;-5;OK;-12.3;-11.9;0;-15;-16.7;-50;-5;OK;355;383;355;600;OK;196.14;196.63;N/A;N/A;N/A;N/A;N/A;N/A;N/A;N/A;N/A;N/A;N/A;N/A;N/A;N/A;N/A;N/A;N/A;N/A;N/A;N/A;N/A;N/A;N/A;N/A;N/A;N/A;N/A;N/A;N/A;N/A;N/A;N/A;N/A;N/A;N/A;N/A;N/A;N/A;N/A;N/A;N/A;N/A;N/A;N/A;N/A;N/A;N/A;N/A;N/A;N/A;N/A;N/A;N/A;N/A;N/A;N/A;N/A;N/A;N/A;N/A;N/A;N/A;N/A;N/A;N/A;N/A;N/A;N/A;N/A;N/A;N/A;N/A;N/A;N/A;N/A;N/A;N/A;N/A;N/A;N/A;N/A;N/A;N/A;N/A;N/A;N/A;N/A;N/A;N/A;N/A;N/A;N/A;N/A;N/A;N/A;N/A;N/A;N/A;;0;448.9;0;0;;Disabled;TempStop;1;740;486;0;0;0;599.9;549.9;Enabled;PosOk;1;20;0;0;0;0;15;Disabled;0;0;0;0;0;0;0;0;0;0;0;0;0;0;0;0;0;0;0;0;0;0;0;0;0;0;0;0;0;0;0;0;0;0;0;0;0;0;0;0;0;0;0;0;0;0;0;0;0;0;0;0;0;0;0;0;0;0;0;0;0;0;0;0;0;0;0;0;0;0;30;22;20;45;30;23;20;45;30;32;20;45;30;30;20;45;100;0;80;300;100;0;80;300;100;267;80;300;100;266;80;300;30;33;20;45;30;30;20;45;30;25;20;45;30;28;20;45;100;238;80;300;100;236;80;300;100;0;80;300;100;0;80;300;4;2;0.4;6;4;5;0.4;6;4;2;0.4;6;4;5;0.4;6;4;2;0.4;6;4;5;0.4;6;4;2;0.4;6;4;6;0.4;6;NOK;NOK;OK;4500;4595;4250;4800;OK;7.64;0;8;12;NOK;N/A;1.9;N/A;N/A;N/A;10;12.8;7;17;OK;;0;0;0;-;Disabled;TempOk;1;230;185.5;0;0;0;349.9;440474000 audi 597g-598h;440474000 audi 597g-598h;440474000 audi 597g-598h
20260331_07:13:36;26151;3;2;965;959.7;940;990;OK;965;966.2;940;990;OK;966.5;966;-15;-16.2;-50;-20;NOK;-15;-16.2;-50;-20;NOK;-17.2;-16.9;0;-15;-16.2;-50;-20;NOK;355;376;355;600;OK;0;0;N/A;N/A;N/A;N/A;N/A;N/A;N/A;N/A;N/A;N/A;N/A;N/A;N/A;N/A;N/A;N/A;N/A;N/A;N/A;N/A;N/A;N/A;N/A;N/A;N/A;N/A;N/A;N/A;N/A;N/A;N/A;N/A;N/A;N/A;N/A;N/A;N/A;N/A;N/A;N/A;N/A;N/A;N/A;N/A;N/A;N/A;N/A;N/A;N/A;N/A;N/A;N/A;N/A;N/A;N/A;N/A;N/A;N/A;N/A;N/A;N/A;N/A;N/A;N/A;N/A;N/A;N/A;N/A;N/A;N/A;N/A;N/A;N/A;N/A;N/A;N/A;N/A;N/A;N/A;N/A;N/A;N/A;N/A;N/A;N/A;N/A;N/A;N/A;N/A;N/A;N/A;N/A;N/A;N/A;N/A;N/A;N/A;N/A;;0;449.4;0;0;;Disabled;TempStop;1;740;488.1;0;0;0;599.9;549.9;Enabled;PosOk;1;20;0;0;0;0;15;Disabled;0;0;0;0;0;0;0;0;0;0;0;0;0;0;0;0;0;0;0;0;0;0;0;0;0;0;0;0;0;0;0;0;0;0;0;0;0;0;0;0;0;0;0;0;0;0;0;0;0;0;0;0;0;0;0;0;0;0;0;0;0;0;0;0;0;0;0;0;0;0;30;22;20;45;30;23;20;45;30;32;20;45;30;30;20;45;100;0;80;300;100;0;80;300;100;266;80;300;100;265;80;300;30;33;20;45;30;30;20;45;30;25;20;45;30;28;20;45;100;237;80;300;100;235;80;300;100;0;80;300;100;0;80;300;4;2;0.4;6;4;5;0.4;6;4;2;0.4;6;4;5;0.4;6;4;2;0.4;6;4;5;0.4;6;4;2;0.4;6;4;6;0.4;6;NOK;NOK;OK;4500;4595;4250;4800;OK;7.68;0;8;12;NOK;N/A;1.9;N/A;N/A;N/A;10;13.8;7;17;OK;;0;0;0;-;Disabled;TempOk;1;230;187.6;0;0;0;349.9;440474000 audi 597g-598h;440474000 audi 597g-598h;440474000 audi 597g-598h
20260331_07:14:00;26152;2;2;965;961.4;940;990;OK;965;966.4;940;990;OK;966.6;966.7;-15;-20.8;-50;-20;OK;-15;-20.7;-50;-20;OK;-20.8;-20.9;0;-15;-20.7;-50;-20;OK;355;384;355;600;OK;0;0;N/A;N/A;N/A;N/A;N/A;N/A;N/A;N/A;N/A;N/A;N/A;N/A;N/A;N/A;N/A;N/A;N/A;N/A;N/A;N/A;N/A;N/A;N/A;N/A;N/A;N/A;N/A;N/A;N/A;N/A;N/A;N/A;N/A;N/A;N/A;N/A;N/A;N/A;N/A;N/A;N/A;N/A;N/A;N/A;N/A;N/A;N/A;N/A;N/A;N/A;N/A;N/A;N/A;N/A;N/A;N/A;N/A;N/A;N/A;N/A;N/A;N/A;N/A;N/A;N/A;N/A;N/A;N/A;N/A;N/A;N/A;N/A;N/A;N/A;N/A;N/A;N/A;N/A;N/A;N/A;N/A;N/A;N/A;N/A;N/A;N/A;N/A;N/A;N/A;N/A;N/A;N/A;N/A;N/A;N/A;N/A;N/A;N/A;;0;451.5;0;0;;Disabled;TempStop;1;740;488.2;0;0;0;599.9;549.9;Enabled;PosOk;1;20;0;0;0;0;15;Disabled;0;0;0;0;0;0;0;0;0;0;0;0;0;0;0;0;0;0;0;0;0;0;0;0;0;0;0;0;0;0;0;0;0;0;0;0;0;0;0;0;0;0;0;0;0;0;0;0;0;0;0;0;0;0;0;0;0;0;0;0;0;0;0;0;0;0;0;0;0;0;30;22;20;45;30;23;20;45;30;32;20;45;30;30;20;45;100;0;80;300;100;0;80;300;100;266;80;300;100;266;80;300;30;33;20;45;30;30;20;45;30;25;20;45;30;28;20;45;100;237;80;300;100;235;80;300;100;0;80;300;100;0;80;300;4;2;0.4;6;4;6;0.4;6;4;2;0.4;6;4;5;0.4;6;4;2;0.4;6;4;6;0.4;6;4;2;0.4;6;4;6;0.4;6;NOK;NOK;OK;4500;4592;4250;4800;OK;7.64;0;8;12;NOK;N/A;1.9;N/A;N/A;N/A;10;12.9;7;17;OK;;0;0;0;-;Disabled;TempOk;1;230;192.5;0;0;0;349.9;440474000 audi 597g-598h;440474000 audi 597g-598h;440474000 audi 597g-598h
20260331_07:14:24;26153;1;3;965;961;940;990;OK;965;968;940;990;OK;968.9;969.5;-15;-14;-50;-20;NOK;-15;-13.4;-50;-20;NOK;-17.6;-16.7;0;-15;-14;-50;-20;NOK;355;376;355;600;OK;0;0;N/A;N/A;N/A;N/A;N/A;N/A;N/A;N/A;N/A;N/A;N/A;N/A;N/A;N/A;N/A;N/A;N/A;N/A;N/A;N/A;N/A;N/A;N/A;N/A;N/A;N/A;N/A;N/A;N/A;N/A;N/A;N/A;N/A;N/A;N/A;N/A;N/A;N/A;N/A;N/A;N/A;N/A;N/A;N/A;N/A;N/A;N/A;N/A;N/A;N/A;N/A;N/A;N/A;N/A;N/A;N/A;N/A;N/A;N/A;N/A;N/A;N/A;N/A;N/A;N/A;N/A;N/A;N/A;N/A;N/A;N/A;N/A;N/A;N/A;N/A;N/A;N/A;N/A;N/A;N/A;N/A;N/A;N/A;N/A;N/A;N/A;N/A;N/A;N/A;N/A;N/A;N/A;N/A;N/A;N/A;N/A;N/A;N/A;;0;446.8;0;0;;Disabled;TempStop;1;740;486.5;0;0;0;599.9;549.9;Enabled;PosOk;1;20;0;0;0;0;15;Disabled;0;0;0;0;0;0;0;0;0;0;0;0;0;0;0;0;0;0;0;0;0;0;0;0;0;0;0;0;0;0;0;0;0;0;0;0;0;0;0;0;0;0;0;0;0;0;0;0;0;0;0;0;0;0;0;0;0;0;0;0;0;0;0;0;0;0;0;0;0;0;30;22;20;45;30;23;20;45;30;32;20;45;30;30;20;45;100;0;80;300;100;0;80;300;100;265;80;300;100;266;80;300;30;33;20;45;30;30;20;45;30;26;20;45;30;28;20;45;100;236;80;300;100;235;80;300;100;0;80;300;100;0;80;300;4;2;0.4;6;4;5;0.4;6;4;2;0.4;6;4;5;0.4;6;4;2;0.4;6;4;6;0.4;6;4;2;0.4;6;4;6;0.4;6;NOK;NOK;OK;4500;4594;4250;4800;OK;7.65;0;8;12;NOK;N/A;1.9;N/A;N/A;N/A;10;14.1;7;17;OK;;0;0;0;-;Disabled;TempOk;1;230;191.9;0;0;0;349.9;440474000 audi 597g-598h;440474000 audi 597g-598h;440474000 audi 597g-598h
20260331_07:14:48;26154;4;2;965;972.3;940;990;OK;965;979.5;940;990;OK;983.2;982;-15;-15.7;-50;-5;OK;-15;-12.3;-50;-5;OK;-14.4;-13.8;0;-15;-15.6;-50;-5;OK;355;385;355;600;OK;196.28;196.79;N/A;N/A;N/A;N/A;N/A;N/A;N/A;N/A;N/A;N/A;N/A;N/A;N/A;N/A;N/A;N/A;N/A;N/A;N/A;N/A;N/A;N/A;N/A;N/A;N/A;N/A;N/A;N/A;N/A;N/A;N/A;N/A;N/A;N/A;N/A;N/A;N/A;N/A;N/A;N/A;N/A;N/A;N/A;N/A;N/A;N/A;N/A;N/A;N/A;N/A;N/A;N/A;N/A;N/A;N/A;N/A;N/A;N/A;N/A;N/A;N/A;N/A;N/A;N/A;N/A;N/A;N/A;N/A;N/A;N/A;N/A;N/A;N/A;N/A;N/A;N/A;N/A;N/A;N/A;N/A;N/A;N/A;N/A;N/A;N/A;N/A;N/A;N/A;N/A;N/A;N/A;N/A;N/A;N/A;N/A;N/A;N/A;N/A;;0;458.2;0;0;;Disabled;TempStop;1;740;497.6;0;0;0;599.9;549.9;Enabled;PosOk;1;20;0;0;0;0;15;Disabled;0;0;0;0;0;0;0;0;0;0;0;0;0;0;0;0;0;0;0;0;0;0;0;0;0;0;0;0;0;0;0;0;0;0;0;0;0;0;0;0;0;0;0;0;0;0;0;0;0;0;0;0;0;0;0;0;0;0;0;0;0;0;0;0;0;0;0;0;0;0;30;22;20;45;30;23;20;45;30;32;20;45;30;30;20;45;100;0;80;300;100;0;80;300;100;266;80;300;100;266;80;300;30;33;20;45;30;30;20;45;30;25;20;45;30;28;20;45;100;237;80;300;100;235;80;300;100;0;80;300;100;0;80;300;4;2;0.4;6;4;6;0.4;6;4;2;0.4;6;4;5;0.4;6;4;2;0.4;6;4;6;0.4;6;4;2;0.4;6;4;5;0.4;6;NOK;NOK;OK;4500;4590;4250;4800;OK;7.64;0;8;12;NOK;N/A;1.9;N/A;N/A;N/A;10;12.9;7;17;OK;;0;0;0;-;Disabled;TempOk;1;230;194.1;0;0;0;349.9;440474000 audi 597g-598h;440474000 audi 597g-598h;440474000 audi 597g-598h
20260331_07:15:11;26155;3;3;965;962.8;940;990;OK;965;969.4;940;990;OK;968;969.2;-15;-16.6;-50;-20;NOK;-15;-15.8;-50;-20;NOK;-17;-16.9;0;-15;-16.5;-50;-20;NOK;355;378;355;600;OK;0;0;N/A;N/A;N/A;N/A;N/A;N/A;N/A;N/A;N/A;N/A;N/A;N/A;N/A;N/A;N/A;N/A;N/A;N/A;N/A;N/A;N/A;N/A;N/A;N/A;N/A;N/A;N/A;N/A;N/A;N/A;N/A;N/A;N/A;N/A;N/A;N/A;N/A;N/A;N/A;N/A;N/A;N/A;N/A;N/A;N/A;N/A;N/A;N/A;N/A;N/A;N/A;N/A;N/A;N/A;N/A;N/A;N/A;N/A;N/A;N/A;N/A;N/A;N/A;N/A;N/A;N/A;N/A;N/A;N/A;N/A;N/A;N/A;N/A;N/A;N/A;N/A;N/A;N/A;N/A;N/A;N/A;N/A;N/A;N/A;N/A;N/A;N/A;N/A;N/A;N/A;N/A;N/A;N/A;N/A;N/A;N/A;N/A;N/A;;0;443.5;0;0;;Disabled;TempStop;1;740;482.2;0;0;0;599.9;549.9;Enabled;PosOk;1;20;0;0;0;0;15;Disabled;0;0;0;0;0;0;0;0;0;0;0;0;0;0;0;0;0;0;0;0;0;0;0;0;0;0;0;0;0;0;0;0;0;0;0;0;0;0;0;0;0;0;0;0;0;0;0;0;0;0;0;0;0;0;0;0;0;0;0;0;0;0;0;0;0;0;0;0;0;0;30;23;20;45;30;23;20;45;30;32;20;45;30;30;20;45;100;0;80;300;100;0;80;300;100;266;80;300;100;265;80;300;30;33;20;45;30;30;20;45;30;25;20;45;30;28;20;45;100;237;80;300;100;235;80;300;100;0;80;300;100;0;80;300;4;2;0.4;6;4;5;0.4;6;4;2;0.4;6;4;5;0.4;6;4;2;0.4;6;4;5;0.4;6;4;2;0.4;6;4;6;0.4;6;NOK;NOK;OK;4500;4589;4250;4800;OK;7.64;0;8;12;NOK;N/A;1.9;N/A;N/A;N/A;10;13.9;7;17;OK;;0;0;0;-;Disabled;TempOk;1;230;189.5;0;0;0;349.9;440474000 audi 597g-598h;440474000 audi 597g-598h;440474000 audi 597g-598h
20260331_07:15:35;26156;4;3;965;963.2;940;990;OK;965;975.8;940;990;OK;979.5;978.9;-15;-19.1;-50;-5;OK;-15;-16.1;-50;-5;OK;-17.3;-17.1;0;-15;-19;-50;-5;OK;355;387;355;600;OK;196.35;196.88;N/A;N/A;N/A;N/A;N/A;N/A;N/A;N/A;N/A;N/A;N/A;N/A;N/A;N/A;N/A;N/A;N/A;N/A;N/A;N/A;N/A;N/A;N/A;N/A;N/A;N/A;N/A;N/A;N/A;N/A;N/A;N/A;N/A;N/A;N/A;N/A;N/A;N/A;N/A;N/A;N/A;N/A;N/A;N/A;N/A;N/A;N/A;N/A;N/A;N/A;N/A;N/A;N/A;N/A;N/A;N/A;N/A;N/A;N/A;N/A;N/A;N/A;N/A;N/A;N/A;N/A;N/A;N/A;N/A;N/A;N/A;N/A;N/A;N/A;N/A;N/A;N/A;N/A;N/A;N/A;N/A;N/A;N/A;N/A;N/A;N/A;N/A;N/A;N/A;N/A;N/A;N/A;N/A;N/A;N/A;N/A;N/A;N/A;;0;455.4;0;0;;Disabled;TempStop;1;740;495.2;0;0;0;599.9;549.9;Enabled;PosOk;1;20;0;0;0;0;15;Disabled;0;0;0;0;0;0;0;0;0;0;0;0;0;0;0;0;0;0;0;0;0;0;0;0;0;0;0;0;0;0;0;0;0;0;0;0;0;0;0;0;0;0;0;0;0;0;0;0;0;0;0;0;0;0;0;0;0;0;0;0;0;0;0;0;0;0;0;0;0;0;30;22;20;45;30;22;20;45;30;32;20;45;30;30;20;45;100;0;80;300;100;0;80;300;100;266;80;300;100;266;80;300;30;33;20;45;30;30;20;45;30;25;20;45;30;28;20;45;100;237;80;300;100;235;80;300;100;0;80;300;100;0;80;300;4;2;0.4;6;4;5;0.4;6;4;2;0.4;6;4;5;0.4;6;4;2;0.4;6;4;5;0.4;6;4;2;0.4;6;4;6;0.4;6;NOK;NOK;OK;4500;4595;4250;4800;OK;7.64;0;8;12;NOK;N/A;1.9;N/A;N/A;N/A;10;12.8;7;17;OK;;0;0;0;-;Disabled;TempOk;1;230;190.9;0;0;0;349.9;440474000 audi 597g-598h;440474000 audi 597g-598h;440474000 audi 597g-598h
20260331_07:15:59;26157;1;4;965;961.2;940;990;OK;965;966.2;940;990;OK;965.1;967.1;-15;-13.6;-50;-20;NOK;-15;-12.7;-50;-20;NOK;-15.5;-14.8;0;-15;-13.6;-50;-20;NOK;355;378;355;600;OK;0;0;N/A;N/A;N/A;N/A;N/A;N/A;N/A;N/A;N/A;N/A;N/A;N/A;N/A;N/A;N/A;N/A;N/A;N/A;N/A;N/A;N/A;N/A;N/A;N/A;N/A;N/A;N/A;N/A;N/A;N/A;N/A;N/A;N/A;N/A;N/A;N/A;N/A;N/A;N/A;N/A;N/A;N/A;N/A;N/A;N/A;N/A;N/A;N/A;N/A;N/A;N/A;N/A;N/A;N/A;N/A;N/A;N/A;N/A;N/A;N/A;N/A;N/A;N/A;N/A;N/A;N/A;N/A;N/A;N/A;N/A;N/A;N/A;N/A;N/A;N/A;N/A;N/A;N/A;N/A;N/A;N/A;N/A;N/A;N/A;N/A;N/A;N/A;N/A;N/A;N/A;N/A;N/A;N/A;N/A;N/A;N/A;N/A;N/A;;0;445.2;0;0;;Disabled;TempStop;1;740;485.2;0;0;0;599.9;549.9;Enabled;PosOk;1;20;0;0;0;0;15;Disabled;0;0;0;0;0;0;0;0;0;0;0;0;0;0;0;0;0;0;0;0;0;0;0;0;0;0;0;0;0;0;0;0;0;0;0;0;0;0;0;0;0;0;0;0;0;0;0;0;0;0;0;0;0;0;0;0;0;0;0;0;0;0;0;0;0;0;0;0;0;0;30;22;20;45;30;23;20;45;30;32;20;45;30;30;20;45;100;0;80;300;100;0;80;300;100;266;80;300;100;266;80;300;30;33;20;45;30;30;20;45;30;25;20;45;30;28;20;45;100;237;80;300;100;235;80;300;100;0;80;300;100;0;80;300;4;2;0.4;6;4;5;0.4;6;4;2;0.4;6;4;5;0.4;6;4;2;0.4;6;4;5;0.4;6;4;2;0.4;6;4;5;0.4;6;NOK;NOK;OK;4500;4593;4250;4800;OK;7.64;0;8;12;NOK;N/A;1.9;N/A;N/A;N/A;10;14;7;17;OK;;0;0;0;-;Disabled;TempOk;1;230;191.9;0;0;0;349.9;440474000 audi 597g-598h;440474000 audi 597g-598h;440474000 audi 597g-598h
20260331_07:16:23;26158;2;4;965;960.8;940;990;OK;965;966.4;940;990;OK;967.9;966.2;-15;-25.2;-50;-20;OK;-15;-23.5;-50;-20;OK;-24.6;-24.1;0;-15;-25.2;-50;-20;OK;355;387;355;600;OK;0;0;N/A;N/A;N/A;N/A;N/A;N/A;N/A;N/A;N/A;N/A;N/A;N/A;N/A;N/A;N/A;N/A;N/A;N/A;N/A;N/A;N/A;N/A;N/A;N/A;N/A;N/A;N/A;N/A;N/A;N/A;N/A;N/A;N/A;N/A;N/A;N/A;N/A;N/A;N/A;N/A;N/A;N/A;N/A;N/A;N/A;N/A;N/A;N/A;N/A;N/A;N/A;N/A;N/A;N/A;N/A;N/A;N/A;N/A;N/A;N/A;N/A;N/A;N/A;N/A;N/A;N/A;N/A;N/A;N/A;N/A;N/A;N/A;N/A;N/A;N/A;N/A;N/A;N/A;N/A;N/A;N/A;N/A;N/A;N/A;N/A;N/A;N/A;N/A;N/A;N/A;N/A;N/A;N/A;N/A;N/A;N/A;N/A;N/A;;0;455;0;0;;Disabled;TempStop;1;740;494.5;0;0;0;599.9;549.9;Enabled;PosOk;1;20;0;0;0;0;15;Disabled;0;0;0;0;0;0;0;0;0;0;0;0;0;0;0;0;0;0;0;0;0;0;0;0;0;0;0;0;0;0;0;0;0;0;0;0;0;0;0;0;0;0;0;0;0;0;0;0;0;0;0;0;0;0;0;0;0;0;0;0;0;0;0;0;0;0;0;0;0;0;30;22;20;45;30;23;20;45;30;32;20;45;30;30;20;45;100;0;80;300;100;0;80;300;100;266;80;300;100;266;80;300;30;33;20;45;30;30;20;45;30;25;20;45;30;28;20;45;100;237;80;300;100;235;80;300;100;0;80;300;100;0;80;300;4;2;0.4;6;4;5;0.4;6;4;2;0.4;6;4;5;0.4;6;4;2;0.4;6;4;5;0.4;6;4;2;0.4;6;4;6;0.4;6;NOK;NOK;OK;4500;4592;4250;4800;OK;7.64;0;8;12;NOK;N/A;1.9;N/A;N/A;N/A;10;13;7;17;OK;;0;0;0;-;Disabled;TempOk;1;230;190;0;0;0;349.9;440474000 audi 597g-598h;440474000 audi 597g-598h;440474000 audi 597g-598h
20260331_07:16:47;26159;3;4;965;960.8;940;990;OK;965;966.9;940;990;OK;968.1;968.9;-15;-13.8;-50;-20;NOK;-15;-13.3;-50;-20;NOK;-16.9;-15.8;0;-15;-13.8;-50;-20;NOK;355;380;355;600;OK;0;0;N/A;N/A;N/A;N/A;N/A;N/A;N/A;N/A;N/A;N/A;N/A;N/A;N/A;N/A;N/A;N/A;N/A;N/A;N/A;N/A;N/A;N/A;N/A;N/A;N/A;N/A;N/A;N/A;N/A;N/A;N/A;N/A;N/A;N/A;N/A;N/A;N/A;N/A;N/A;N/A;N/A;N/A;N/A;N/A;N/A;N/A;N/A;N/A;N/A;N/A;N/A;N/A;N/A;N/A;N/A;N/A;N/A;N/A;N/A;N/A;N/A;N/A;N/A;N/A;N/A;N/A;N/A;N/A;N/A;N/A;N/A;N/A;N/A;N/A;N/A;N/A;N/A;N/A;N/A;N/A;N/A;N/A;N/A;N/A;N/A;N/A;N/A;N/A;N/A;N/A;N/A;N/A;N/A;N/A;N/A;N/A;N/A;N/A;;0;440.9;0;0;;Disabled;TempStop;1;740;477.1;0;0;0;599.9;549.9;Enabled;PosOk;1;20;0;0;0;0;15;Disabled;0;0;0;0;0;0;0;0;0;0;0;0;0;0;0;0;0;0;0;0;0;0;0;0;0;0;0;0;0;0;0;0;0;0;0;0;0;0;0;0;0;0;0;0;0;0;0;0;0;0;0;0;0;0;0;0;0;0;0;0;0;0;0;0;0;0;0;0;0;0;30;22;20;45;30;23;20;45;30;32;20;45;30;30;20;45;100;0;80;300;100;0;80;300;100;266;80;300;100;265;80;300;30;33;20;45;30;30;20;45;30;25;20;45;30;28;20;45;100;237;80;300;100;235;80;300;100;0;80;300;100;0;80;300;4;2;0.4;6;4;6;0.4;6;4;2;0.4;6;4;5;0.4;6;4;2;0.4;6;4;6;0.4;6;4;2;0.4;6;4;6;0.4;6;NOK;NOK;OK;4500;4591;4250;4800;OK;7.65;0;8;12;NOK;N/A;1.9;N/A;N/A;N/A;10;13.9;7;17;OK;;0;0;0;-;Disabled;TempOk;1;230;187.5;0;0;0;349.9;440474000 audi 597g-598h;440474000 audi 597g-598h;440474000 audi 597g-598h
20260331_07:17:10;26160;4;4;965;962.6;940;990;OK;965;972.5;940;990;OK;972.4;973.7;-15;-20.1;-50;-5;OK;-15;-18.9;-50;-5;OK;-22.4;-22.1;0;-15;-20.2;-50;-5;OK;355;389;355;600;OK;196.48;197.05;N/A;N/A;N/A;N/A;N/A;N/A;N/A;N/A;N/A;N/A;N/A;N/A;N/A;N/A;N/A;N/A;N/A;N/A;N/A;N/A;N/A;N/A;N/A;N/A;N/A;N/A;N/A;N/A;N/A;N/A;N/A;N/A;N/A;N/A;N/A;N/A;N/A;N/A;N/A;N/A;N/A;N/A;N/A;N/A;N/A;N/A;N/A;N/A;N/A;N/A;N/A;N/A;N/A;N/A;N/A;N/A;N/A;N/A;N/A;N/A;N/A;N/A;N/A;N/A;N/A;N/A;N/A;N/A;N/A;N/A;N/A;N/A;N/A;N/A;N/A;N/A;N/A;N/A;N/A;N/A;N/A;N/A;N/A;N/A;N/A;N/A;N/A;N/A;N/A;N/A;N/A;N/A;N/A;N/A;N/A;N/A;N/A;N/A;;0;457;0;0;;Disabled;TempStop;1;740;495.2;0;0;0;599.9;549.9;Enabled;PosOk;1;20;0;0;0;0;15;Disabled;0;0;0;0;0;0;0;0;0;0;0;0;0;0;0;0;0;0;0;0;0;0;0;0;0;0;0;0;0;0;0;0;0;0;0;0;0;0;0;0;0;0;0;0;0;0;0;0;0;0;0;0;0;0;0;0;0;0;0;0;0;0;0;0;0;0;0;0;0;0;30;22;20;45;30;22;20;45;30;32;20;45;30;30;20;45;100;0;80;300;100;0;80;300;100;266;80;300;100;265;80;300;30;34;20;45;30;30;20;45;30;25;20;45;30;28;20;45;100;238;80;300;100;235;80;300;100;0;80;300;100;0;80;300;4;2;0.4;6;4;5;0.4;6;4;2;0.4;6;4;5;0.4;6;4;2;0.4;6;4;5;0.4;6;4;2;0.4;6;4;5;0.4;6;NOK;NOK;OK;4500;4588;4250;4800;OK;7.64;0;8;12;NOK;N/A;1.9;N/A;N/A;N/A;10;12.8;7;17;OK;;0;0;0;-;Disabled;TempOk;1;230;191;0;0;0;349.9;440474000 audi 597g-598h;440474000 audi 597g-598h;440474000 audi 597g-598h
20260331_07:17:34;26161;3;5;965;961.6;940;990;OK;965;965.7;940;990;OK;965.8;966.2;-15;-18.1;-50;-20;NOK;-15;-17.2;-50;-20;NOK;-19.2;-18.5;0;-15;-18;-50;-20;NOK;355;382;355;600;OK;0;0;N/A;N/A;N/A;N/A;N/A;N/A;N/A;N/A;N/A;N/A;N/A;N/A;N/A;N/A;N/A;N/A;N/A;N/A;N/A;N/A;N/A;N/A;N/A;N/A;N/A;N/A;N/A;N/A;N/A;N/A;N/A;N/A;N/A;N/A;N/A;N/A;N/A;N/A;N/A;N/A;N/A;N/A;N/A;N/A;N/A;N/A;N/A;N/A;N/A;N/A;N/A;N/A;N/A;N/A;N/A;N/A;N/A;N/A;N/A;N/A;N/A;N/A;N/A;N/A;N/A;N/A;N/A;N/A;N/A;N/A;N/A;N/A;N/A;N/A;N/A;N/A;N/A;N/A;N/A;N/A;N/A;N/A;N/A;N/A;N/A;N/A;N/A;N/A;N/A;N/A;N/A;N/A;N/A;N/A;N/A;N/A;N/A;N/A;;0;445.1;0;0;;Disabled;TempStop;1;740;482.2;0;0;0;599.9;549.9;Enabled;PosOk;1;20;0;0;0;0;15;Disabled;0;0;0;0;0;0;0;0;0;0;0;0;0;0;0;0;0;0;0;0;0;0;0;0;0;0;0;0;0;0;0;0;0;0;0;0;0;0;0;0;0;0;0;0;0;0;0;0;0;0;0;0;0;0;0;0;0;0;0;0;0;0;0;0;0;0;0;0;0;0;30;22;20;45;30;22;20;45;30;32;20;45;30;30;20;45;100;0;80;300;100;0;80;300;100;266;80;300;100;266;80;300;30;33;20;45;30;30;20;45;30;25;20;45;30;27;20;45;100;237;80;300;100;236;80;300;100;0;80;300;100;0;80;300;4;2;0.4;6;4;5;0.4;6;4;2;0.4;6;4;5;0.4;6;4;2;0.4;6;4;6;0.4;6;4;2;0.4;6;4;6;0.4;6;NOK;NOK;OK;4500;4593;4250;4800;OK;7.64;0;8;12;NOK;N/A;1.9;N/A;N/A;N/A;10;14.4;7;17;OK;;0;0;0;-;Disabled;TempOk;1;230;190.2;0;0;0;349.9;440474000 audi 597g-598h;440474000 audi 597g-598h;440474000 audi 597g-598h
20260331_07:17:51;26163;1;1;965;944.6;940;990;OK;965;939.2;940;990;NOK;937.9;940.5;-15;-15.4;-50;-20;NOK;-15;-13.8;-50;-20;NOK;-15.9;-15.5;0;-15;-15.4;-50;-20;NOK;355;367;355;600;OK;0;0;;;;;;;;;;;;;;;;;;;;;;;;;;;;;;;;;;;;;;;;;;;;;;;;;;;;;;;;;;;;;;;;;;;;;;;;;;;;;;;;;;;;;;;;;;;;;;;;;;;;;;;;;;;;;;;;;;;;;;;;;;;;;;;;;;;;;;;;;;;;;;;;;;;;;;;;;;;;;;;;;;;;;;;;;;;;;;;;;;;;;;;;;;;;;;;;;;;;;;;;;;;;;;;;;;;;;;;;;;;;;;;;;;;;;;;;;;;;;;;;;;;;;;;;;;;;;;;;;;;;;;;;;;;;;;;;;;;;;;;;;;;;;;;;;;;;;;;;;;;;;;;;;;;;;;;;;;;;;;;;;;;;;;;;440474000 audi 597g-598h;;;;
20260331_07:17:58;26162;2;5;965;959.5;940;990;OK;965;941.2;940;990;OK;932.6;937.1;-15;-17.4;-50;-20;NOK;-15;-16.7;-50;-20;NOK;-17.4;-17.3;0;-15;-17.4;-50;-20;NOK;355;389;355;600;OK;0;0;N/A;N/A;N/A;N/A;N/A;N/A;N/A;N/A;N/A;N/A;N/A;N/A;N/A;N/A;N/A;N/A;N/A;N/A;N/A;N/A;N/A;N/A;N/A;N/A;N/A;N/A;N/A;N/A;N/A;N/A;N/A;N/A;N/A;N/A;N/A;N/A;N/A;N/A;N/A;N/A;N/A;N/A;N/A;N/A;N/A;N/A;N/A;N/A;N/A;N/A;N/A;N/A;N/A;N/A;N/A;N/A;N/A;N/A;N/A;N/A;N/A;N/A;N/A;N/A;N/A;N/A;N/A;N/A;N/A;N/A;N/A;N/A;N/A;N/A;N/A;N/A;N/A;N/A;N/A;N/A;N/A;N/A;N/A;N/A;N/A;N/A;N/A;N/A;N/A;N/A;N/A;N/A;N/A;N/A;N/A;N/A;N/A;N/A;;0;442.5;0;0;;Disabled;TempStop;1;740;481;0;0;0;599.9;549.9;Enabled;PosOk;1;20;0;0;0;0;15;Disabled;0;0;0;0;0;0;0;0;0;0;0;0;0;0;0;0;0;0;0;0;0;0;0;0;0;0;0;0;0;0;0;0;0;0;0;0;0;0;0;0;0;0;0;0;0;0;0;0;0;0;0;0;0;0;0;0;0;0;0;0;0;0;0;0;0;0;0;0;0;0;30;23;20;45;30;22;20;45;30;33;20;45;30;30;20;45;100;0;80;300;100;0;80;300;100;267;80;300;100;265;80;300;30;33;20;45;30;30;20;45;30;25;20;45;30;27;20;45;100;238;80;300;100;235;80;300;100;0;80;300;100;0;80;300;4;2;0.4;6;4;5;0.4;6;4;2;0.4;6;4;5;0.4;6;4;2;0.4;6;4;5;0.4;6;4;2;0.4;6;4;6;0.4;6;NOK;NOK;OK;4500;4591;4250;4800;OK;7.64;0;8;12;NOK;N/A;1.9;N/A;N/A;N/A;10;13;7;17;OK;;0;0;0;-;Disabled;TempOk;1;230;191.2;0;0;0;349.9;440474000 audi 597g-598h;440474000 audi 597g-598h;440474000 audi 597g-598h
20260331_07:18:16;26164;2;1;965;941;940;990;OK;965;936.3;940;990;NOK;927.9;932.8;-15;-15.6;-50;-20;NOK;-15;-14.7;-50;-20;NOK;-15.4;-15.3;0;-15;-15.6;-50;-20;NOK;355;368;355;600;OK;0;0;;;;;;;;;;;;;;;;;;;;;;;;;;;;;;;;;;;;;;;;;;;;;;;;;;;;;;;;;;;;;;;;;;;;;;;;;;;;;;;;;;;;;;;;;;;;;;;;;;;;;;;;;;;;;;;;;;;;;;;;;;;;;;;;;;;;;;;;;;;;;;;;;;;;;;;;;;;;;;;;;;;;;;;;;;;;;;;;;;;;;;;;;;;;;;;;;;;;;;;;;;;;;;;;;;;;;;;;;;;;;;;;;;;;;;;;;;;;;;;;;;;;;;;;;;;;;;;;;;;;;;;;;;;;;;;;;;;;;;;;;;;;;;;;;;;;;;;;;;;;;;;;;;;;;;;;;;;;;;;;;;;;;;;;440474000 audi 597g-598h;;;;
20260331_07:18:38;26165;1;2;965;944.2;940;990;OK;965;945.7;940;990;OK;939.9;943.1;-15;-15.7;-50;-20;NOK;-15;-15.2;-50;-20;NOK;-15.6;-15.6;0;-15;-15.6;-50;-20;NOK;355;367;355;600;OK;0;0;;;;;;;;;;;;;;;;;;;;;;;;;;;;;;;;;;;;;;;;;;;;;;;;;;;;;;;;;;;;;;;;;;;;;;;;;;;;;;;;;;;;;;;;;;;;;;;;;;;;;;;;;;;;;;;;;;;;;;;;;;;;;;;;;;;;;;;;;;;;;;;;;;;;;;;;;;;;;;;;;;;;;;;;;;;;;;;;;;;;;;;;;;;;;;;;;;;;;;;;;;;;;;;;;;;;;;;;;;;;;;;;;;;;;;;;;;;;;;;;;;;;;;;;;;;;;;;;;;;;;;;;;;;;;;;;;;;;;;;;;;;;;;;;;;;;;;;;;;;;;;;;;;;;;;;;;;;;;;;;;;;;;;;;440474000 audi 597g-598h;;;;
20260331_07:19:26;26167;3;2;965;951.6;940;990;OK;965;959.4;940;990;OK;957.5;958.8;-15;-16;-50;-20;NOK;-15;-16.5;-50;-20;NOK;-17.2;-17;0;-15;-15.9;-50;-20;NOK;355;367;355;600;OK;0;0;;;;;;;;;;;;;;;;;;;;;;;;;;;;;;;;;;;;;;;;;;;;;;;;;;;;;;;;;;;;;;;;;;;;;;;;;;;;;;;;;;;;;;;;;;;;;;;;;;;;;;;;;;;;;;;;;;;;;;;;;;;;;;;;;;;;;;;;;;;;;;;;;;;;;;;;;;;;;;;;;;;;;;;;;;;;;;;;;;;;;;;;;;;;;;;;;;;;;;;;;;;;;;;;;;;;;;;;;;;;;;;;;;;;;;;;;;;;;;;;;;;;;;;;;;;;;;;;;;;;;;;;;;;;;;;;;;;;;;;;;;;;;;;;;;;;;;;;;;;;;;;;;;;;;;;;;;;;;;;;;;;;;;;;440474000 audi 597g-598h;;;;
20260331_07:19:33;26166;4;1;965;958.1;940;990;OK;965;977;940;990;OK;971.8;975;-15;-13.4;-50;-5;OK;-15;-19.8;-50;-5;OK;-20.8;-20.8;0;-15;-13.6;-50;-5;OK;355;368;355;600;OK;196.65;197.29;N/A;N/A;N/A;N/A;N/A;N/A;N/A;N/A;N/A;N/A;N/A;N/A;N/A;N/A;N/A;N/A;N/A;N/A;N/A;N/A;N/A;N/A;N/A;N/A;N/A;N/A;N/A;N/A;N/A;N/A;N/A;N/A;N/A;N/A;N/A;N/A;N/A;N/A;N/A;N/A;N/A;N/A;N/A;N/A;N/A;N/A;N/A;N/A;N/A;N/A;N/A;N/A;N/A;N/A;N/A;N/A;N/A;N/A;N/A;N/A;N/A;N/A;N/A;N/A;N/A;N/A;N/A;N/A;N/A;N/A;N/A;N/A;N/A;N/A;N/A;N/A;N/A;N/A;N/A;N/A;N/A;N/A;N/A;N/A;N/A;N/A;N/A;N/A;N/A;N/A;N/A;N/A;N/A;N/A;N/A;N/A;N/A;N/A;;0;448.4;0;0;;Disabled;TempStop;1;740;483.9;0;0;0;599.9;549.9;Enabled;PosOk;1;20;0;0;0;0;15;Disabled;0;0;0;0;0;0;0;0;0;0;0;0;0;0;0;0;0;0;0;0;0;0;0;0;0;0;0;0;0;0;0;0;0;0;0;0;0;0;0;0;0;0;0;0;0;0;0;0;0;0;0;0;0;0;0;0;0;0;0;0;0;0;0;0;0;0;0;0;0;0;30;23;20;45;30;23;20;45;30;29;20;45;30;29;20;45;100;0;80;300;100;0;80;300;100;265;80;300;100;266;80;300;30;31;20;45;30;29;20;45;30;26;20;45;30;28;20;45;100;237;80;300;100;235;80;300;100;0;80;300;100;0;80;300;4;2;0.4;6;4;5;0.4;6;4;2;0.4;6;4;5;0.4;6;4;2;0.4;6;4;5;0.4;6;4;2;0.4;6;4;5;0.4;6;NOK;NOK;OK;4500;4597;4250;4800;OK;7.64;0;8;12;NOK;N/A;1.9;N/A;N/A;N/A;10;12.9;7;17;OK;;0;0;0;-;Disabled;TempOk;1;230;160.5;0;0;0;349.9;440474000 audi 597g-598h;440474000 audi 597g-598h;440474000 audi 597g-598h
20260331_07:20:20;26168;2;2;965;952.9;940;990;OK;965;966.5;940;990;OK;966.9;966.4;-15;-20.4;-50;-20;OK;-15;-19.1;-50;-20;NOK;-19.5;-19.5;0;-15;-20.4;-50;-20;OK;355;368;355;600;OK;0;0;N/A;N/A;N/A;N/A;N/A;N/A;N/A;N/A;N/A;N/A;N/A;N/A;N/A;N/A;N/A;N/A;N/A;N/A;N/A;N/A;N/A;N/A;N/A;N/A;N/A;N/A;N/A;N/A;N/A;N/A;N/A;N/A;N/A;N/A;N/A;N/A;N/A;N/A;N/A;N/A;N/A;N/A;N/A;N/A;N/A;N/A;N/A;N/A;N/A;N/A;N/A;N/A;N/A;N/A;N/A;N/A;N/A;N/A;N/A;N/A;N/A;N/A;N/A;N/A;N/A;N/A;N/A;N/A;N/A;N/A;N/A;N/A;N/A;N/A;N/A;N/A;N/A;N/A;N/A;N/A;N/A;N/A;N/A;N/A;N/A;N/A;N/A;N/A;N/A;N/A;N/A;N/A;N/A;N/A;N/A;N/A;N/A;N/A;;0;450.6;0;0;;Disabled;TempStop;1;740;485.2;0;0;0;599.9;549.9;Enabled;PosOk;1;20;0;0;0;0;15;Disabled;0;0;0;0;0;0;0;0;0;0;0;0;0;0;0;0;0;0;0;0;0;0;0;0;0;0;0;0;0;0;0;0;0;0;0;0;0;0;0;0;0;0;0;0;0;0;0;0;0;0;0;0;0;0;0;0;0;0;0;0;0;0;0;0;0;0;0;0;0;0;30;22;20;45;30;23;20;45;30;31;20;45;30;30;20;45;100;0;80;300;100;0;80;300;100;267;80;300;100;266;80;300;30;31;20;45;30;30;20;45;30;26;20;45;30;27;20;45;100;237;80;300;100;235;80;300;100;0;80;300;100;0;80;300;4;2;0.4;6;4;6;0.4;6;4;2;0.4;6;4;5;0.4;6;4;2;0.4;6;4;6;0.4;6;4;2;0.4;6;4;6;0.4;6;NOK;NOK;OK;4500;4594;4250;4800;OK;7.64;0;8;12;NOK;N/A;1.9;N/A;N/A;N/A;10;12.8;7;17;OK;;0;0;0;-;Disabled;TempOk;1;230;166.6;0;0;0;349.9;440474000 audi 597g-598h;440474000 audi 597g-598h;440474000 audi 597g-598h
20260331_07:20:44;26169;1;3;965;955.5;940;990;OK;965;969;940;990;OK;970.4;970.6;-15;-13.1;-50;-20;NOK;-15;-13.6;-50;-20;NOK;-16.4;-15.3;0;-15;-13.1;-50;-20;NOK;355;367;355;600;OK;0;0;N/A;N/A;N/A;N/A;N/A;N/A;N/A;N/A;N/A;N/A;N/A;N/A;N/A;N/A;N/A;N/A;N/A;N/A;N/A;N/A;N/A;N/A;N/A;N/A;N/A;N/A;N/A;N/A;N/A;N/A;N/A;N/A;N/A;N/A;N/A;N/A;N/A;N/A;N/A;N/A;N/A;N/A;N/A;N/A;N/A;N/A;N/A;N/A;N/A;N/A;N/A;N/A;N/A;N/A;N/A;N/A;N/A;N/A;N/A;N/A;N/A;N/A;N/A;N/A;N/A;N/A;N/A;N/A;N/A;N/A;N/A;N/A;N/A;N/A;N/A;N/A;N/A;N/A;N/A;N/A;N/A;N/A;N/A;N/A;N/A;N/A;N/A;N/A;N/A;N/A;N/A;N/A;N/A;N/A;N/A;N/A;N/A;N/A;;0;449.8;0;0;;Disabled;TempStop;1;740;487;0;0;0;599.9;549.9;Enabled;PosOk;1;20;0;0;0;0;15;Disabled;0;0;0;0;0;0;0;0;0;0;0;0;0;0;0;0;0;0;0;0;0;0;0;0;0;0;0;0;0;0;0;0;0;0;0;0;0;0;0;0;0;0;0;0;0;0;0;0;0;0;0;0;0;0;0;0;0;0;0;0;0;0;0;0;0;0;0;0;0;0;30;23;20;45;30;23;20;45;30;31;20;45;30;30;20;45;100;0;80;300;100;0;80;300;100;265;80;300;100;266;80;300;30;32;20;45;30;30;20;45;30;26;20;45;30;27;20;45;100;237;80;300;100;235;80;300;100;0;80;300;100;0;80;300;4;2;0.4;6;4;5;0.4;6;4;2;0.4;6;4;5;0.4;6;4;2;0.4;6;4;6;0.4;6;4;2;0.4;6;4;5;0.4;6;NOK;NOK;OK;4500;4591;4250;4800;OK;7.64;0;8;12;NOK;N/A;1.9;N/A;N/A;N/A;10;14;7;17;OK;;0;0;0;-;Disabled;TempOk;1;230;182.7;0;0;0;349.9;440474000 audi 597g-598h;440474000 audi 597g-598h;440474000 audi 597g-598h