//Delimiter=;
Date-Time;0-Detail ID;1-MLF;2-Cavity;3-Temp at loading - SP, °C;4-Temp at loading - PV, °C;5-Temp at loading - LL, °C;6-Temp at loading - UL, °C;7-Temp at loading - Status, °C;8-Temp at Unloading - SP, °C;9-Temp at Unloading - PV, °C;10-Temp at Unloading - LL, °C;11-Temp at Unloading - UL, °C;12-Temp at Unloading - Status, °C;13-Temp 60s - PV, °C;14-Temp 30s  - PV, °C;15-Dewpoint - load - SP, °C;16-Dewpoint - load - PV, °C;17-Dewpoint - load - Lower, °C;18-Dewpoint - load - Upper, °C;19-Dewpoint - load - Status, °C;20-Dewpoint - unload - SP, °C;21-Dewpoint - unload - PV, °C;22-Dewpoint - unload - Lower, °C;23-Dewpoint - unload - Upper, °C;24-Dewpoint - unload - Status, °C;25-Dewpoint 60s - PV, °C;26-Dewpoint 30s  - PV, °C;27-Dewpoint Custom Time, Sec;28-Dewpoint Custom Time - SP, °C;29-Dewpoint Custom Time - PV, °C;30-Dewpoint Custom Time - LL, °C;31-Dewpoint Custom Time - UL, °C;32-Dewpoint Custom Time - Status;33-Soak time SP, s;34-Soak time PV, s;35-Soak time LL, s;36-Soak time UL, s;37-Soak time status;38-Dry Air Cons. Load, m³;39-Dry Air Cons. Unoad, m³;0-TB number;1-CavityNumber;2-HeatZone UL;3-HeatZone UC;4-HeatZone UR;5-HeatZone LL;6-HeatZone LC;7-HeatZone LR;8-Temp @ load - SP;9-Temp @ load - UL PV;10-Temp @ load - UC PV;11-Temp @ load - UR PV;12-Temp @ load - LL PV;13-Temp @ load - LC PV;14-Temp @ load - LR PV;15-Temp @ load - LL;16-Temp @ load - UL;17-Temp @ load - Status;18-Temp @ unload - SP;19-Temp @ unload - UL PV;20-Temp @ unload - UC PV;21-Temp @ unload - UR PV;22-Temp @ unload - LL PV;23-Temp @ unload - LC PV;24-Temp @ unload - LR PV;25-Temp @ unload - LL;26-Temp @ unload - UL;27-Temp @ unload - Status;28-Temp 60s before end - UL PV;29-Temp 60s before end - UC PV;30-Temp 60s before end - UR PV;31-Temp 60s before end - LL PV;32-Temp 60s before end - LC PV;33-Temp 60s before end - LR PV;34-Temp 30s before end - UL PV;35-Temp 30s before end - UC PV;36-Temp 30s before end - UR PV;37-Temp 30s before end - LL PV;38-Temp 30s before end - LC PV;39-Temp 30s before end - LR PV;40-CoolingFrame - UC1 - TempIn - PV;41-CoolingFrame - UC1 - TempIn - LL;42-CoolingFrame - UC1 - TempIn - UL;43-CoolingFrame - UC1 - TempIn - Status;44-CoolingFrame - UC1 - TempOut - PV;45-CoolingFrame - UC1 - TempOut - LL;46-CoolingFrame - UC1 - TempOut - UL;47-CoolingFrame - UC1 - TempOut - Status;48-CoolingFrame - UC1 - FlowOut - PV;49-CoolingFrame - UC1 - FlowOut - LL;50-CoolingFrame - UC1 - FlowOut - UL;51-CoolingFrame - UC1 - FlowOut - Status;52-CoolingFrame - UC2 - TempIn - PV;53-CoolingFrame - UC2 - TempIn - LL;54-CoolingFrame - UC2 - TempIn - UL;55-CoolingFrame - UC2 - TempIn - Status;56-CoolingFrame - UC2 - TempOut - PV;57-CoolingFrame - UC2 - TempOut - LL;58-CoolingFrame - UC2 - TempOut - UL;59-CoolingFrame - UC2 - TempOut - Status;60-CoolingFrame - UC2 - FlowOut - PV;61-CoolingFrame - UC2 - FlowOut - LL;62-CoolingFrame - UC2 - FlowOut - UL;63-CoolingFrame - UC2 - FlowOut - Status;64-CoolingFrame - LC1 - TempIn - PV;65-CoolingFrame - LC1 - TempIn - LL;66-CoolingFrame - LC1 - TempIn - UL;67-CoolingFrame - LC1 - TempIn - Status;68-CoolingFrame - LC1 - TempOut - PV;69-CoolingFrame - LC1 - TempOut - LL;70-CoolingFrame - LC1 - TempOut - UL;71-CoolingFrame - LC1 - TempOut - Status;72-CoolingFrame - LC1 - FlowOut - PV;73-CoolingFrame - LC1 - FlowOut - LL;74-CoolingFrame - LC1 - FlowOut - UL;75-CoolingFrame - LC1 - FlowOut - Status;76-CoolingFrame - LC2 - TempIn - PV;77-CoolingFrame - LC2 - TempIn - LL;78-CoolingFrame - LC2 - TempIn - UL;79-CoolingFrame - LC2 - TempIn - Status;80-CoolingFrame - LC2 - TempOut - PV;81-CoolingFrame - LC2 - TempOut - LL;82-CoolingFrame - LC2 - TempOut - UL;83-CoolingFrame - LC2 - TempOut - Status;84-CoolingFrame - LC2 - FlowOut - PV;85-CoolingFrame - LC2 - FlowOut - LL;86-CoolingFrame - LC2 - FlowOut - UL;87-CoolingFrame - LC2 - FlowOut - Status;88-SoakTime - SP;89-SoakTime - PV;90-SoakTime - LL;91-SoakTime - UL;92-Soaktime - Status;93-TimeinAir - MLF->TB, SP;94-TimeinAir - MLF->TB, PVt;95-TimeinAir - MLF->TB, LL;96-TimeinAir - MLF->TB, UL;97-TimeinAir - MLF->TB, Status;0-PYH DetailStatus;1-PYH Target °C;2-PYH  Act temp °C;3-PYH Lower limit °C;4-PYH Stop Limit °C;5-PYH Active;6-HA Active;7-HA Status;8-HA NumberOfDet;9-HA Target, °C;10-HA TempDet 1, °C;11-HA TempDet 2, °C;12-HA TempDet 3, °C;13-HA TempDet 4, °C;14-HA Lower Limit, °C;15-HA Stop Limit, °C;16-PA Active;17-PA Status;18-PA NumberOfDet;19-PA Target, %;20-PA PosDet 1, %;21-PA PosDet 2, %;22-PA PosDet 3, %;23-PA PosDet 4, %;24-PA Stop Limit, %;25-TT Active;26-TT Det1 Nr of AOI;27-TT Det2 Nr of AOI;28-TT Det3 Nr of AOI;29-TT Det4 Nr of AOI;30-TT Det1 AOI1 minTemp;31-TT Det1 AOI1 maxTemp;32-TT Det1 AOI2 minTemp;33-TT Det1 AOI2 maxTemp;34-TT Det1 AOI3 minTemp;35-TT Det1 AOI3 maxTemp;36-TT Det1 AOI4 minTemp;37-TT Det1 AOI4 maxTemp;38-TT Det2 AOI1 minTemp;39-TT Det2 AOI1 maxTemp;40-TT Det2 AOI2 minTemp;41-TT Det2 AOI2 maxTemp;42-TT Det2 AOI3 minTemp;43-TT Det2 AOI3 maxTemp;44-TT Det2 AOI4 minTemp;45-TT Det2 AOI4 maxTemp;46-TT Det3 AOI1 minTemp;47-TT Det3 AOI1 maxTemp;48-TT Det3 AOI2 minTemp;49-TT Det3 AOI2 maxTemp;50-TT Det3 AOI3 minTemp;51-TT Det3 AOI3 maxTemp;52-TT Det3 AOI4 minTemp;53-TT Det3 AOI4 maxTemp;54-TT Det4 AOI1 minTemp;55-TT Det4 AOI1 maxTemp;56-TT Det4 AOI2 minTemp;57-TT Det4 AOI2 maxTemp;58-TT Det4 AOI3 minTemp;59-TT Det4 AOI3 maxTemp;60-TT Det4 AOI4 minTemp;61-TT Det4 AOI4 maxTemp;62-TT Det1 AOI1 LL;63-TT Det1 AOI1 UL;64-TT Det1 AOI2 LL;65-TT Det1 AOI2 UL;66-TT Det1 AOI3 LL;67-TT Det1 AOI3 UL;68-TT Det1 AOI4 LL;69-TT Det1 AOI4 UL;70-TT Det2 AOI1 LL;71-TT Det2 AOI1 UL;72-TT Det2 AOI2 LL;73-TT Det2 AOI2 UL;74-TT Det2 AOI3 LL;75-TT Det2 AOI3 UL;76-TT Det2 AOI4 LL;77-TT Det2 AOI4 UL;78-TT Det3 AOI1 LL;79-TT Det3 AOI1 UL;80-TT Det3 AOI2 LL;81-TT Det3 AOI2 UL;82-TT Det3 AOI3 LL;83-TT Det3 AOI3 UL;84-TT Det3 AOI4 LL;85-TT Det3 AOI4 UL;86-TT Det4 AOI1 LL;87-TT Det4 AOI1 UL;88-TT Det4 AOI2 LL;89-TT Det4 AOI2 UL;90-TT Det4 AOI3 LL;91-TT Det4 AOI3 UL;92-TT Det4 AOI4 LL;93-TT Det4 AOI4 UL;94-Cam trig Min;95-Cam trig Sec;0-CoolingTempUpper 1-A10.32, SP;1-CoolingTempUpper 1-A10.32, PV;2-CoolingTempUpper 1-A10.32, LL;3-CoolingTempUpper 1-A10.32, UL;4-CoolingTempUpper 1-A10.34, SP;5-CoolingTempUpper 1-A10.34, PV;6-CoolingTempUpper 1-A10.34, LL;7-CoolingTempUpper 1-A10.34, UL;8-CoolingTempUpper 1-A10.42, SP;9-CoolingTempUpper 1-A10.42, PV;10-CoolingTempUpper 1-A10.42, LL;11-CoolingTempUpper 1-A10.42, UL;12-CoolingTempUpper 1-A10.44, SP;13-CoolingTempUpper 1-A10.44, PV;14-CoolingTempUpper 1-A10.44, LL;15-CoolingTempUpper 1-A10.44, UL;16-CoolingFlowUpper 1-A10.32, SP;17-CoolingFlowUpper 1-A10.32, PV;18-CoolingFlowUpper 1-A10.32, LL;19-CoolingFlowUpper 1-A10.32, UL;20-CoolingFlowUpper 1-A10.34, SP;21-CoolingFlowUpper 1-A10.34, PV;22-CoolingFlowUpper 1-A10.34, LL;23-CoolingFlowUpper 1-A10.34, UL;24-CoolingFlowUpper 1-A10.42, SP;25-CoolingFlowUpper 1-A10.42, PV;26-CoolingFlowUpper 1-A10.42, LL;27-CoolingFlowUpper 1-A10.42, UL;28-CoolingFlowUpper 1-A10.44, SP;29-CoolingFlowUpper 1-A10.44, PV;30-CoolingFlowUpper 1-A10.44, LL;31-CoolingFlowUpper 1-A10.44, UL;32-CoolingTempLower 1-A10.12, SP;33-CoolingTempLower 1-A10.12, PV;34-CoolingTempLower 1-A10.12, LL;35-CoolingTempLower 1-A10.12, UL;36-CoolingTempLower 1-A10.14, SP;37-CoolingTempLower 1-A10.14, PV;38-CoolingTempLower 1-A10.14, LL;39-CoolingTempLower 1-A10.14, UL;40-CoolingTempLower 1-A10.22, SP;41-CoolingTempLower 1-A10.22, PV;42-CoolingTempLower 1-A10.22, LL;43-CoolingTempLower 1-A10.22, UL;44-CoolingTempLower 1-A10.24, SP;45-CoolingTempLower 1-A10.24, PV;46-CoolingTempLower 1-A10.24, LL;47-CoolingTempLower 1-A10.24, UL;48-CoolingFlowLower 1-A10.12, SP;49-CoolingFlowLower 1-A10.12, PV;50-CoolingFlowLower 1-A10.12, LL;51-CoolingFlowLower 1-A10.12, UL;52-CoolingFlowLower 1-A10.14, SP;53-CoolingFlowLower 1-A10.14, PV;54-CoolingFlowLower 1-A10.14, LL;55-CoolingFlowLower 1-A10.14, UL;56-CoolingFlowLower 1-A10.22, SP;57-CoolingFlowLower 1-A10.22, PV;58-CoolingFlowLower 1-A10.22, LL;59-CoolingFlowLower 1-A10.22, UL;60-CoolingFlowLower 1-A10.24, SP;61-CoolingFlowLower 1-A10.24, PV;62-CoolingFlowLower 1-A10.24, LL;63-CoolingFlowLower 1-A10.24, UL;64-CoolingPressureUpper 1-A10.33, SP;65-CoolingPressureUpper 1-A10.33, PV;66-CoolingPressureUpper 1-A10.33, LL;67-CoolingPressureUpper 1-A10.33, UL;68-CoolingPressureUpper 1-A10.35, SP;69-CoolingPressureUpper 1-A10.35, PV;70-CoolingPressureUpper 1-A10.35, LL;71-CoolingPressureUpper 1-A10.35, UL;72-CoolingPressureUpper 1-A10.43, SP;73-CoolingPressureUpper 1-A10.43, PV;74-CoolingPressureUpper 1-A10.43, LL;75-CoolingPressureUpper 1-A10.43, UL;76-CoolingPressureUpper 1-A10.45, SP;77-CoolingPressureUpper 1-A10.45, PV;78-CoolingPressureUpper 1-A10.45, LL;79-CoolingPressureUpper 1-A10.45, UL;80-CoolingPressureLower 1-A10.13, SP;81-CoolingPressureLower 1-A10.13, PV;82-CoolingPressureLower 1-A10.13, LL;83-CoolingPressureLower 1-A10.13, UL;84-CoolingPressureLower 1-A10.15, SP;85-CoolingPressureLower 1-A10.15, PV;86-CoolingPressureLower 1-A10.15, LL;87-CoolingPressureLower 1-A10.15, UL;88-CoolingPressureLower 1-A10.23, SP;89-CoolingPressureLower 1-A10.23, PV;90-CoolingPressureLower 1-A10.23, LL;91-CoolingPressureLower 1-A10.23, UL;92-CoolingPressureLower 1-A10.25, SP;93-CoolingPressureLower 1-A10.25, PV;94-CoolingPressureLower 1-A10.25, LL;95-CoolingPressureLower 1-A10.25, UL;96-CoolingTemp Status;97-CoolingFlowStatus;98-CoolingPressureStatus;99-Press force, SP;100-Press force, PV;101-Press force, LL;102-Press force, UL;103-Press force, Status;104-Dwell time, SP;105-Dwell time, PV;106-Dwell time, LL;107-Dwell time, UL;108-Dwell time, Status;109-Closing time, SP;110-Closing time, PV;111-Closing time, LL;112-Closing time, UL;113-Closing time, Status;114-TimeinAir MLF/TB -> Press, SP;115-TimeinAir MLF/TB -> Press, PVt;116-TimeinAir MLF/TB -> Press, LL;117-TimeinAir MLF/TB -> Press, UL;118-TimeinAir MLF/TB -> Press, Status;0-PYC Status;1-PYC Target, °C;2-PYC Act temp °C;3-PYC Upper Limit, °C;4-PYC  Active;5-CA Active;6-CA Cold Status;7-CA NumberOfDet;8-CA Target, °C;9-CA TempDet 1, °C;10-CA TempDet 2, °C;11-CA TempDet 3, °C;12-CA TempDet 4, °C;13-CA LimitScrap °C;Recipe MLF;Recipe IPM;Recipe Pr1
20260320_18:45:57;9667;1;2;950;946.7;925;975;OK;950;950.5;925;975;OK;950.4;950.4;-20;-23.8;-50;-25;NOK;-20;-21.6;-50;-25;NOK;-18.7;-19.5;0;-20;-23.8;-50;-25;NOK;300;420;300;500;OK;0;0;N/A;N/A;N/A;N/A;N/A;N/A;N/A;N/A;N/A;N/A;N/A;N/A;N/A;N/A;N/A;N/A;N/A;N/A;N/A;N/A;N/A;N/A;N/A;N/A;N/A;N/A;N/A;N/A;N/A;N/A;N/A;N/A;N/A;N/A;N/A;N/A;N/A;N/A;N/A;N/A;N/A;N/A;N/A;N/A;N/A;N/A;N/A;N/A;N/A;N/A;N/A;N/A;N/A;N/A;N/A;N/A;N/A;N/A;N/A;N/A;N/A;N/A;N/A;N/A;N/A;N/A;N/A;N/A;N/A;N/A;N/A;N/A;N/A;N/A;N/A;N/A;N/A;N/A;N/A;N/A;N/A;N/A;N/A;N/A;N/A;N/A;N/A;N/A;N/A;N/A;N/A;N/A;N/A;N/A;N/A;N/A;N/A;N/A;;0;321.8;0;0;;Disabled;TempStop;2;700;325.2;262.5;0;0;599.9;549.9;Enabled;PosOk;2;0;0;0;0;0;15;Disabled;0;0;0;0;0;0;0;0;0;0;0;0;0;0;0;0;0;0;0;0;0;0;0;0;0;0;0;0;0;0;0;0;0;0;0;0;0;0;0;0;0;0;0;0;0;0;0;0;0;0;0;0;0;0;0;0;0;0;0;0;0;0;0;0;0;0;0;0;0;0;30;30;20;45;30;30;20;45;30;30;20;45;30;30;20;45;200;142;100;300;200;140;100;300;200;140;100;300;200;141;100;300;30;30;20;45;30;30;20;45;30;30;20;45;30;30;20;45;200;144;100;300;200;143;100;300;200;243;100;300;200;244;100;300;4;2;0.4;6;4;5;0.4;6;4;2;0.4;6;4;5;0.4;6;4;2;0.4;6;4;5;0.4;6;4;2;0.4;6;4;5;0.4;6;NOK;NOK;OK;7000;7129;6500;8100;OK;4.99;0;8;12;NOK;N/A;1.5;N/A;N/A;N/A;9;12.3;7;18;OK;;0;0;0;-;Disabled;TempOk;2;230;37.7;37.9;0;0;349.9;441345100 daimler 1500 1900;441345100 daimler 1500 1900;441345100 Daimler 1500 1900
20260320_19:17:05;9673;4;1;950;952.2;925;975;OK;950;949.6;925;975;OK;949.7;949.4;-15;-19.4;-50;-5;OK;-15;-15.8;-50;-5;OK;-8.2;-9.1;0;-15;-19.2;-50;-5;OK;300;378;300;500;OK;305.54;306.05;N/A;N/A;N/A;N/A;N/A;N/A;N/A;N/A;N/A;N/A;N/A;N/A;N/A;N/A;N/A;N/A;N/A;N/A;N/A;N/A;N/A;N/A;N/A;N/A;N/A;N/A;N/A;N/A;N/A;N/A;N/A;N/A;N/A;N/A;N/A;N/A;N/A;N/A;N/A;N/A;N/A;N/A;N/A;N/A;N/A;N/A;N/A;N/A;N/A;N/A;N/A;N/A;N/A;N/A;N/A;N/A;N/A;N/A;N/A;N/A;N/A;N/A;N/A;N/A;N/A;N/A;N/A;N/A;N/A;N/A;N/A;N/A;N/A;N/A;N/A;N/A;N/A;N/A;N/A;N/A;N/A;N/A;N/A;N/A;N/A;N/A;N/A;N/A;N/A;N/A;N/A;N/A;N/A;N/A;N/A;N/A;N/A;N/A;;0;321.2;0;0;;Disabled;TempStop;2;700;325.1;265.2;0;0;599.9;549.9;Enabled;PosOk;2;0;0;0;0;0;15;Disabled;0;0;0;0;0;0;0;0;0;0;0;0;0;0;0;0;0;0;0;0;0;0;0;0;0;0;0;0;0;0;0;0;0;0;0;0;0;0;0;0;0;0;0;0;0;0;0;0;0;0;0;0;0;0;0;0;0;0;0;0;0;0;0;0;0;0;0;0;0;0;30;30;20;45;30;30;20;45;30;30;20;45;30;30;20;45;200;142;100;300;200;140;100;300;200;140;100;300;200;140;100;300;30;30;20;45;30;30;20;45;30;30;20;45;30;30;20;45;200;144;100;300;200;143;100;300;200;243;100;300;200;244;100;300;4;2;0.4;6;4;5;0.4;6;4;2;0.4;6;4;5;0.4;6;4;2;0.4;6;4;5;0.4;6;4;2;0.4;6;4;5;0.4;6;NOK;NOK;OK;7000;7110;6500;8100;OK;4.98;0;8;12;NOK;N/A;1.5;N/A;N/A;N/A;9;11.9;7;18;OK;;0;0;0;-;Disabled;TempOk;2;230;37.2;37.4;0;0;349.9;441345100 daimler 1500 1900;441345100 daimler 1500 1900;441345100 Daimler 1500 1900
20260320_19:17:23;9671;1;2;950;947.3;925;975;OK;950;950.6;925;975;OK;950.5;950.6;-20;-23.6;-50;-25;NOK;-20;-21.8;-50;-25;NOK;-18.8;-19.6;0;-20;-23.6;-50;-25;NOK;300;424;300;500;OK;0;0;N/A;N/A;N/A;N/A;N/A;N/A;N/A;N/A;N/A;N/A;N/A;N/A;N/A;N/A;N/A;N/A;N/A;N/A;N/A;N/A;N/A;N/A;N/A;N/A;N/A;N/A;N/A;N/A;N/A;N/A;N/A;N/A;N/A;N/A;N/A;N/A;N/A;N/A;N/A;N/A;N/A;N/A;N/A;N/A;N/A;N/A;N/A;N/A;N/A;N/A;N/A;N/A;N/A;N/A;N/A;N/A;N/A;N/A;N/A;N/A;N/A;N/A;N/A;N/A;N/A;N/A;N/A;N/A;N/A;N/A;N/A;N/A;N/A;N/A;N/A;N/A;N/A;N/A;N/A;N/A;N/A;N/A;N/A;N/A;N/A;N/A;N/A;N/A;N/A;N/A;N/A;N/A;N/A;N/A;N/A;N/A;N/A;N/A;;0;324.7;0;0;;Disabled;TempStop;2;700;327.7;268.3;0;0;599.9;549.9;Enabled;PosOk;2;0;0;0;0;0;15;Disabled;0;0;0;0;0;0;0;0;0;0;0;0;0;0;0;0;0;0;0;0;0;0;0;0;0;0;0;0;0;0;0;0;0;0;0;0;0;0;0;0;0;0;0;0;0;0;0;0;0;0;0;0;0;0;0;0;0;0;0;0;0;0;0;0;0;0;0;0;0;0;30;31;20;45;30;30;20;45;30;31;20;45;30;30;20;45;200;142;100;300;200;140;100;300;200;140;100;300;200;141;100;300;30;31;20;45;30;30;20;45;30;31;20;45;30;30;20;45;200;144;100;300;200;143;100;300;200;243;100;300;200;244;100;300;4;2;0.4;6;4;5;0.4;6;4;2;0.4;6;4;5;0.4;6;4;2;0.4;6;4;5;0.4;6;4;2;0.4;6;4;5;0.4;6;NOK;NOK;OK;7000;7122;6500;8100;OK;4.98;0;8;12;NOK;N/A;1.5;N/A;N/A;N/A;9;11.7;7;18;OK;;0;0;0;-;Disabled;TempOk;2;230;37.7;37.7;0;0;349.9;441345100 daimler 1500 1900;441345100 daimler 1500 1900;441345100 Daimler 1500 1900
20260320_19:17:59;9674;3;2;950;947;925;975;OK;950;950.8;925;975;OK;950.9;950.7;-20;-42.4;-50;-25;OK;-20;-30.5;-50;-25;OK;-23;-24.7;0;-20;-42.4;-50;-25;OK;300;419;300;500;OK;0;0;N/A;N/A;N/A;N/A;N/A;N/A;N/A;N/A;N/A;N/A;N/A;N/A;N/A;N/A;N/A;N/A;N/A;N/A;N/A;N/A;N/A;N/A;N/A;N/A;N/A;N/A;N/A;N/A;N/A;N/A;N/A;N/A;N/A;N/A;N/A;N/A;N/A;N/A;N/A;N/A;N/A;N/A;N/A;N/A;N/A;N/A;N/A;N/A;N/A;N/A;N/A;N/A;N/A;N/A;N/A;N/A;N/A;N/A;N/A;N/A;N/A;N/A;N/A;N/A;N/A;N/A;N/A;N/A;N/A;N/A;N/A;N/A;N/A;N/A;N/A;N/A;N/A;N/A;N/A;N/A;N/A;N/A;N/A;N/A;N/A;N/A;N/A;N/A;N/A;N/A;N/A;N/A;N/A;N/A;N/A;N/A;N/A;N/A;;0;320.5;0;0;;Disabled;TempStop;2;700;323.9;265.8;0;0;599.9;549.9;Enabled;PosOk;2;0;0;0;0;0;15;Disabled;0;0;0;0;0;0;0;0;0;0;0;0;0;0;0;0;0;0;0;0;0;0;0;0;0;0;0;0;0;0;0;0;0;0;0;0;0;0;0;0;0;0;0;0;0;0;0;0;0;0;0;0;0;0;0;0;0;0;0;0;0;0;0;0;0;0;0;0;0;0;30;31;20;45;30;30;20;45;30;31;20;45;30;30;20;45;200;142;100;300;200;140;100;300;200;140;100;300;200;141;100;300;30;31;20;45;30;30;20;45;30;31;20;45;30;30;20;45;200;145;100;300;200;143;100;300;200;243;100;300;200;244;100;300;4;2;0.4;6;4;5;0.4;6;4;2;0.4;6;4;5;0.4;6;4;2;0.4;6;4;5;0.4;6;4;2;0.4;6;4;5;0.4;6;NOK;NOK;OK;7000;7074;6500;8100;OK;4.98;0;8;12;NOK;N/A;1.5;N/A;N/A;N/A;9;11.5;7;18;OK;;0;0;0;-;Disabled;TempOk;2;230;37.2;37.7;0;0;349.9;441345100 daimler 1500 1900;441345100 daimler 1500 1900;441345100 Daimler 1500 1900
20260320_19:22:38;9675;4;1;950;927.4;925;975;OK;950;951.8;925;975;OK;950.5;950.8;-15;-16.6;-50;-5;OK;-15;-18.5;-50;-5;OK;-17.8;-18.4;0;-15;-16.8;-50;-5;OK;300;321;300;500;OK;306.08;306.58;N/A;N/A;N/A;N/A;N/A;N/A;N/A;N/A;N/A;N/A;N/A;N/A;N/A;N/A;N/A;N/A;N/A;N/A;N/A;N/A;N/A;N/A;N/A;N/A;N/A;N/A;N/A;N/A;N/A;N/A;N/A;N/A;N/A;N/A;N/A;N/A;N/A;N/A;N/A;N/A;N/A;N/A;N/A;N/A;N/A;N/A;N/A;N/A;N/A;N/A;N/A;N/A;N/A;N/A;N/A;N/A;N/A;N/A;N/A;N/A;N/A;N/A;N/A;N/A;N/A;N/A;N/A;N/A;N/A;N/A;N/A;N/A;N/A;N/A;N/A;N/A;N/A;N/A;N/A;N/A;N/A;N/A;N/A;N/A;N/A;N/A;N/A;N/A;N/A;N/A;N/A;N/A;N/A;N/A;N/A;N/A;N/A;N/A;;0;321.8;0;0;;Disabled;TempStop;2;700;325.3;270.1;0;0;599.9;549.9;Enabled;PosOk;2;0;0;0;0;0;15;Disabled;0;0;0;0;0;0;0;0;0;0;0;0;0;0;0;0;0;0;0;0;0;0;0;0;0;0;0;0;0;0;0;0;0;0;0;0;0;0;0;0;0;0;0;0;0;0;0;0;0;0;0;0;0;0;0;0;0;0;0;0;0;0;0;0;0;0;0;0;0;0;30;30;20;45;30;30;20;45;30;30;20;45;30;30;20;45;200;141;100;300;200;140;100;300;200;140;100;300;200;141;100;300;30;30;20;45;30;30;20;45;30;30;20;45;30;30;20;45;200;144;100;300;200;143;100;300;200;242;100;300;200;243;100;300;4;2;0.4;6;4;5;0.4;6;4;2;0.4;6;4;5;0.4;6;4;2;0.4;6;4;5;0.4;6;4;2;0.4;6;4;5;0.4;6;NOK;NOK;OK;7000;7104;6500;8100;OK;4.98;0;8;12;NOK;N/A;1.5;N/A;N/A;N/A;9;12.2;7;18;OK;;0;0;0;-;Disabled;TempOk;2;230;37.9;38.7;0;0;349.9;441345100 daimler 1500 1900;441345100 daimler 1500 1900;441345100 Daimler 1500 1900
20260320_19:50:35;9682;4;2;950;951.5;925;975;OK;950;955.5;925;975;OK;950.8;951;-15;-14.9;-50;-5;OK;-15;-19.9;-50;-5;OK;-15.9;-17;0;-15;-14.6;-50;-5;OK;300;484;300;500;OK;308.16;308.85;N/A;N/A;N/A;N/A;N/A;N/A;N/A;N/A;N/A;N/A;N/A;N/A;N/A;N/A;N/A;N/A;N/A;N/A;N/A;N/A;N/A;N/A;N/A;N/A;N/A;N/A;N/A;N/A;N/A;N/A;N/A;N/A;N/A;N/A;N/A;N/A;N/A;N/A;N/A;N/A;N/A;N/A;N/A;N/A;N/A;N/A;N/A;N/A;N/A;N/A;N/A;N/A;N/A;N/A;N/A;N/A;N/A;N/A;N/A;N/A;N/A;N/A;N/A;N/A;N/A;N/A;N/A;N/A;N/A;N/A;N/A;N/A;N/A;N/A;N/A;N/A;N/A;N/A;N/A;N/A;N/A;N/A;N/A;N/A;N/A;N/A;N/A;N/A;N/A;N/A;N/A;N/A;N/A;N/A;N/A;N/A;N/A;N/A;;0;320.8;0;0;;Disabled;TempStop;2;700;325.6;267;0;0;599.9;549.9;Enabled;PosOk;2;0;0;0;0;0;15;Disabled;0;0;0;0;0;0;0;0;0;0;0;0;0;0;0;0;0;0;0;0;0;0;0;0;0;0;0;0;0;0;0;0;0;0;0;0;0;0;0;0;0;0;0;0;0;0;0;0;0;0;0;0;0;0;0;0;0;0;0;0;0;0;0;0;0;0;0;0;0;0;30;30;20;45;30;30;20;45;30;30;20;45;30;30;20;45;200;142;100;300;200;140;100;300;200;140;100;300;200;141;100;300;30;30;20;45;30;30;20;45;30;30;20;45;30;30;20;45;200;144;100;300;200;143;100;300;200;243;100;300;200;244;100;300;4;2;0.4;6;4;5;0.4;6;4;2;0.4;6;4;5;0.4;6;4;2;0.4;6;4;5;0.4;6;4;2;0.4;6;4;5;0.4;6;NOK;NOK;OK;7000;7116;6500;8100;OK;4.98;0;8;12;NOK;N/A;1.5;N/A;N/A;N/A;9;11.5;7;18;OK;;0;0;0;-;Disabled;TempOk;2;230;37.2;38.7;0;0;349.9;441345100 daimler 1500 1900;441345100 daimler 1500 1900;441345100 Daimler 1500 1900
20260320_19:50:37;9676;1;2;950;947.1;925;975;OK;950;950.6;925;975;OK;950.6;950.5;-20;-23.3;-50;-25;NOK;-20;-22.5;-50;-25;NOK;-18.1;-19;0;-20;-23.3;-50;-25;NOK;300;631;300;500;NOK;0;0;;;;;;;;;;;;;;;;;;;;;;;;;;;;;;;;;;;;;;;;;;;;;;;;;;;;;;;;;;;;;;;;;;;;;;;;;;;;;;;;;;;;;;;;;;;;;;;;;;;;;;;;;;;;;;;;;;;;;;;;;;;;;;;;;;;;;;;;;;;;;;;;;;;;;;;;;;;;;;;;;;;;;;;;;;;;;;;;;;;;;;;;;;;;;;;;;;;;;;;;;;;;;;;;;;;;;;;;;;;;;;;;;;;;;;;;;;;;;;;;;;;;;;;;;;;;;;;;;;;;;;;;;;;;;;;;;;;;;;;;;;;;;;;;;;;;;;;;;;;;;;;;;;;;;;;;;;;;;;;;;;;;;;;;441345100 daimler 1500 1900;;;;
20260320_19:51:29;9684;4;3;950;952;925;975;OK;950;955.9;925;975;OK;953.7;955.5;-15;-13.7;-50;-5;OK;-15;-16;-50;-5;OK;-18.8;-19.7;0;-15;-13.6;-50;-5;OK;300;485;300;500;OK;308.24;308.91;N/A;N/A;N/A;N/A;N/A;N/A;N/A;N/A;N/A;N/A;N/A;N/A;N/A;N/A;N/A;N/A;N/A;N/A;N/A;N/A;N/A;N/A;N/A;N/A;N/A;N/A;N/A;N/A;N/A;N/A;N/A;N/A;N/A;N/A;N/A;N/A;N/A;N/A;N/A;N/A;N/A;N/A;N/A;N/A;N/A;N/A;N/A;N/A;N/A;N/A;N/A;N/A;N/A;N/A;N/A;N/A;N/A;N/A;N/A;N/A;N/A;N/A;N/A;N/A;N/A;N/A;N/A;N/A;N/A;N/A;N/A;N/A;N/A;N/A;N/A;N/A;N/A;N/A;N/A;N/A;N/A;N/A;N/A;N/A;N/A;N/A;N/A;N/A;N/A;N/A;N/A;N/A;N/A;N/A;N/A;N/A;N/A;N/A;;0;319.8;0;0;;Disabled;TempStop;2;700;325;267.1;0;0;599.9;549.9;Enabled;PosOk;2;0;0;0;0;0;15;Disabled;0;0;0;0;0;0;0;0;0;0;0;0;0;0;0;0;0;0;0;0;0;0;0;0;0;0;0;0;0;0;0;0;0;0;0;0;0;0;0;0;0;0;0;0;0;0;0;0;0;0;0;0;0;0;0;0;0;0;0;0;0;0;0;0;0;0;0;0;0;0;30;31;20;45;30;30;20;45;30;31;20;45;30;30;20;45;200;142;100;300;200;140;100;300;200;140;100;300;200;140;100;300;30;30;20;45;30;30;20;45;30;30;20;45;30;30;20;45;200;144;100;300;200;143;100;300;200;242;100;300;200;244;100;300;4;2;0.4;6;4;5;0.4;6;4;2;0.4;6;4;5;0.4;6;4;2;0.4;6;4;5;0.4;6;4;2;0.4;6;4;5;0.4;6;NOK;NOK;OK;7000;7118;6500;8100;OK;4.98;0;8;12;NOK;N/A;1.5;N/A;N/A;N/A;9;12.2;7;18;OK;;0;0;0;-;Disabled;TempOk;2;230;37.7;37.7;0;0;349.9;441345100 daimler 1500 1900;441345100 daimler 1500 1900;441345100 Daimler 1500 1900
20260320_19:51:31;9679;3;2;950;946.6;925;975;OK;950;950.8;925;975;OK;950.7;950.9;-20;-38.3;-50;-25;OK;-20;-32.8;-50;-25;OK;-22.2;-23.8;0;-20;-38.3;-50;-25;OK;300;633;300;500;NOK;0;0;;;;;;;;;;;;;;;;;;;;;;;;;;;;;;;;;;;;;;;;;;;;;;;;;;;;;;;;;;;;;;;;;;;;;;;;;;;;;;;;;;;;;;;;;;;;;;;;;;;;;;;;;;;;;;;;;;;;;;;;;;;;;;;;;;;;;;;;;;;;;;;;;;;;;;;;;;;;;;;;;;;;;;;;;;;;;;;;;;;;;;;;;;;;;;;;;;;;;;;;;;;;;;;;;;;;;;;;;;;;;;;;;;;;;;;;;;;;;;;;;;;;;;;;;;;;;;;;;;;;;;;;;;;;;;;;;;;;;;;;;;;;;;;;;;;;;;;;;;;;;;;;;;;;;;;;;;;;;;;;;;;;;;;;441345100 daimler 1500 1900;;;;
20260320_19:52:23;9685;2;4;950;945.8;925;975;OK;950;949.9;925;975;OK;949.2;949.3;-15;-74.1;-50;-20;OK;-15;-33.1;-50;-20;OK;-23.9;-25.5;0;-15;-74;-50;-20;OK;300;486;300;500;OK;0;0;N/A;N/A;N/A;N/A;N/A;N/A;N/A;N/A;N/A;N/A;N/A;N/A;N/A;N/A;N/A;N/A;N/A;N/A;N/A;N/A;N/A;N/A;N/A;N/A;N/A;N/A;N/A;N/A;N/A;N/A;N/A;N/A;N/A;N/A;N/A;N/A;N/A;N/A;N/A;N/A;N/A;N/A;N/A;N/A;N/A;N/A;N/A;N/A;N/A;N/A;N/A;N/A;N/A;N/A;N/A;N/A;N/A;N/A;N/A;N/A;N/A;N/A;N/A;N/A;N/A;N/A;N/A;N/A;N/A;N/A;N/A;N/A;N/A;N/A;N/A;N/A;N/A;N/A;N/A;N/A;N/A;N/A;N/A;N/A;N/A;N/A;N/A;N/A;N/A;N/A;N/A;N/A;N/A;N/A;N/A;N/A;N/A;N/A;;0;322;0;0;;Disabled;TempStop;2;700;328.2;267.7;0;0;599.9;549.9;Enabled;PosOk;2;0;0;0;0;0;15;Disabled;0;0;0;0;0;0;0;0;0;0;0;0;0;0;0;0;0;0;0;0;0;0;0;0;0;0;0;0;0;0;0;0;0;0;0;0;0;0;0;0;0;0;0;0;0;0;0;0;0;0;0;0;0;0;0;0;0;0;0;0;0;0;0;0;0;0;0;0;0;0;30;31;20;45;30;30;20;45;30;31;20;45;30;30;20;45;200;142;100;300;200;140;100;300;200;140;100;300;200;141;100;300;30;31;20;45;30;30;20;45;30;30;20;45;30;30;20;45;200;144;100;300;200;143;100;300;200;243;100;300;200;244;100;300;4;2;0.4;6;4;5;0.4;6;4;2;0.4;6;4;5;0.4;6;4;2;0.4;6;4;5;0.4;6;4;2;0.4;6;4;5;0.4;6;NOK;NOK;OK;7000;7111;6500;8100;OK;4.98;0;8;12;NOK;N/A;1.5;N/A;N/A;N/A;9;11.8;7;18;OK;;0;0;0;-;Disabled;TempOk;2;230;38.4;38.7;0;0;349.9;441345100 daimler 1500 1900;441345100 daimler 1500 1900;441345100 Daimler 1500 1900
20260320_19:52:25;9681;1;3;950;947.9;925;975;OK;950;951.4;925;975;OK;951.6;951.4;-20;-18.6;-50;-25;NOK;-20;-19.8;-50;-25;NOK;-21.5;-22.4;0;-20;-18.6;-50;-25;NOK;300;633;300;500;NOK;0;0;;;;;;;;;;;;;;;;;;;;;;;;;;;;;;;;;;;;;;;;;;;;;;;;;;;;;;;;;;;;;;;;;;;;;;;;;;;;;;;;;;;;;;;;;;;;;;;;;;;;;;;;;;;;;;;;;;;;;;;;;;;;;;;;;;;;;;;;;;;;;;;;;;;;;;;;;;;;;;;;;;;;;;;;;;;;;;;;;;;;;;;;;;;;;;;;;;;;;;;;;;;;;;;;;;;;;;;;;;;;;;;;;;;;;;;;;;;;;;;;;;;;;;;;;;;;;;;;;;;;;;;;;;;;;;;;;;;;;;;;;;;;;;;;;;;;;;;;;;;;;;;;;;;;;;;;;;;;;;;;;;;;;;;;441345100 daimler 1500 1900;;;;
20260320_19:52:51;9678;4;1;950;955.7;925;975;OK;950;949.7;925;975;OK;950.4;950.3;-15;-14.7;-50;-5;OK;-15;-14.2;-50;-5;OK;-13.7;-15.1;0;-15;-14.4;-50;-5;OK;300;751;300;500;NOK;308.03;309.09;;;;;;;;;;;;;;;;;;;;;;;;;;;;;;;;;;;;;;;;;;;;;;;;;;;;;;;;;;;;;;;;;;;;;;;;;;;;;;;;;;;;;;;;;;;;;;;;;;;;;;;;;;;;;;;;;;;;;;;;;;;;;;;;;;;;;;;;;;;;;;;;;;;;;;;;;;;;;;;;;;;;;;;;;;;;;;;;;;;;;;;;;;;;;;;;;;;;;;;;;;;;;;;;;;;;;;;;;;;;;;;;;;;;;;;;;;;;;;;;;;;;;;;;;;;;;;;;;;;;;;;;;;;;;;;;;;;;;;;;;;;;;;;;;;;;;;;;;;;;;;;;;;;;;;;;;;;;;;;;;;;;;;;;441345100 daimler 1500 1900;;;;
20260320_19:53:45;9680;2;2;950;946.4;925;975;OK;950;950.3;925;975;OK;949.4;949.5;-15;-74.5;-50;-20;OK;-15;-50.8;-50;-20;OK;-24.7;-26.7;0;-15;-74.5;-50;-20;OK;300;752;300;500;NOK;0;0;;;;;;;;;;;;;;;;;;;;;;;;;;;;;;;;;;;;;;;;;;;;;;;;;;;;;;;;;;;;;;;;;;;;;;;;;;;;;;;;;;;;;;;;;;;;;;;;;;;;;;;;;;;;;;;;;;;;;;;;;;;;;;;;;;;;;;;;;;;;;;;;;;;;;;;;;;;;;;;;;;;;;;;;;;;;;;;;;;;;;;;;;;;;;;;;;;;;;;;;;;;;;;;;;;;;;;;;;;;;;;;;;;;;;;;;;;;;;;;;;;;;;;;;;;;;;;;;;;;;;;;;;;;;;;;;;;;;;;;;;;;;;;;;;;;;;;;;;;;;;;;;;;;;;;;;;;;;;;;;;;;;;;;;441345100 daimler 1500 1900;;;;
20260320_19:58:25;9683;3;3;950;947.3;925;975;OK;950;951.4;925;975;OK;951.6;951.4;-20;-31.9;-50;-25;OK;-20;-24.7;-50;-25;NOK;-17.3;-18.3;0;-20;-32;-50;-25;OK;300;461;300;500;OK;0;0;N/A;N/A;N/A;N/A;N/A;N/A;N/A;N/A;N/A;N/A;N/A;N/A;N/A;N/A;N/A;N/A;N/A;N/A;N/A;N/A;N/A;N/A;N/A;N/A;N/A;N/A;N/A;N/A;N/A;N/A;N/A;N/A;N/A;N/A;N/A;N/A;N/A;N/A;N/A;N/A;N/A;N/A;N/A;N/A;N/A;N/A;N/A;N/A;N/A;N/A;N/A;N/A;N/A;N/A;N/A;N/A;N/A;N/A;N/A;N/A;N/A;N/A;N/A;N/A;N/A;N/A;N/A;N/A;N/A;N/A;N/A;N/A;N/A;N/A;N/A;N/A;N/A;N/A;N/A;N/A;N/A;N/A;N/A;N/A;N/A;N/A;N/A;N/A;N/A;N/A;N/A;N/A;N/A;N/A;N/A;N/A;N/A;N/A;;0;321.4;0;0;;Disabled;TempStop;2;700;325.5;267.6;0;0;599.9;549.9;Enabled;PosOk;2;0;0;0;0;0;15;Disabled;0;0;0;0;0;0;0;0;0;0;0;0;0;0;0;0;0;0;0;0;0;0;0;0;0;0;0;0;0;0;0;0;0;0;0;0;0;0;0;0;0;0;0;0;0;0;0;0;0;0;0;0;0;0;0;0;0;0;0;0;0;0;0;0;0;0;0;0;52;24;30;30;20;45;30;30;20;45;30;30;20;45;30;30;20;45;200;142;100;300;200;140;100;300;200;140;100;300;200;140;100;300;30;30;20;45;30;30;20;45;30;30;20;45;30;30;20;45;200;144;100;300;200;143;100;300;200;242;100;300;200;244;100;300;4;2;0.4;6;4;5;0.4;6;4;2;0.4;6;4;5;0.4;6;4;2;0.4;6;4;5;0.4;6;4;2;0.4;6;4;5;0.4;6;NOK;NOK;OK;7000;7109;6500;8100;OK;4.98;0;8;12;NOK;N/A;1.5;N/A;N/A;N/A;9;11.5;7;18;OK;;0;0;0;-;Disabled;TempOk;2;230;37.9;38.7;0;0;349.9;441345100 daimler 1500 1900;441345100 daimler 1500 1900;441345100 Daimler 1500 1900
20260320_20:04:09;9687;3;3;950;939.7;925;975;OK;950;951.5;925;975;OK;951.2;951.4;-20;-25.1;-50;-25;OK;-20;-16.3;-50;-25;NOK;-14.7;-15;0;-20;-25.1;-50;-25;OK;300;333;300;500;OK;0;0;N/A;N/A;N/A;N/A;N/A;N/A;N/A;N/A;N/A;N/A;N/A;N/A;N/A;N/A;N/A;N/A;N/A;N/A;N/A;N/A;N/A;N/A;N/A;N/A;N/A;N/A;N/A;N/A;N/A;N/A;N/A;N/A;N/A;N/A;N/A;N/A;N/A;N/A;N/A;N/A;N/A;N/A;N/A;N/A;N/A;N/A;N/A;N/A;N/A;N/A;N/A;N/A;N/A;N/A;N/A;N/A;N/A;N/A;N/A;N/A;N/A;N/A;N/A;N/A;N/A;N/A;N/A;N/A;N/A;N/A;N/A;N/A;N/A;N/A;N/A;N/A;N/A;N/A;N/A;N/A;N/A;N/A;N/A;N/A;N/A;N/A;N/A;N/A;N/A;N/A;N/A;N/A;N/A;N/A;N/A;N/A;N/A;N/A;;0;324.4;0;0;;Disabled;TempStop;2;700;330.8;270.6;0;0;599.9;549.9;Enabled;PosOk;2;0;0;0;0;0;15;Disabled;0;0;0;0;0;0;0;0;0;0;0;0;0;0;0;0;0;0;0;0;0;0;0;0;0;0;0;0;0;0;0;0;0;0;0;0;0;0;0;0;0;0;0;0;0;0;0;0;0;0;0;0;0;0;0;0;0;0;0;0;0;0;0;0;0;0;0;0;0;0;30;29;20;45;30;30;20;45;30;29;20;45;30;30;20;45;200;142;100;300;200;140;100;300;200;140;100;300;200;140;100;300;30;30;20;45;30;30;20;45;30;30;20;45;30;30;20;45;200;144;100;300;200;143;100;300;200;243;100;300;200;244;100;300;4;2;0.4;6;4;5;0.4;6;4;2;0.4;6;4;5;0.4;6;4;2;0.4;6;4;5;0.4;6;4;2;0.4;6;4;5;0.4;6;NOK;NOK;OK;7000;7109;6500;8100;OK;4.98;0;8;12;NOK;N/A;1.5;N/A;N/A;N/A;9;11.6;7;18;OK;;0;0;0;-;Disabled;TempOk;2;230;37.7;37.7;0;0;349.9;441345100 daimler 1500 1900;441345100 daimler 1500 1900;441345100 Daimler 1500 1900
20260320_20:04:27;9688;2;1;950;936.7;925;975;OK;950;943.5;925;975;OK;941.7;942.2;-15;-36.7;-50;-20;OK;-15;-24.3;-50;-20;OK;-20;-21.4;0;-15;-36.8;-50;-20;OK;300;337;300;500;OK;0;0;N/A;N/A;N/A;N/A;N/A;N/A;N/A;N/A;N/A;N/A;N/A;N/A;N/A;N/A;N/A;N/A;N/A;N/A;N/A;N/A;N/A;N/A;N/A;N/A;N/A;N/A;N/A;N/A;N/A;N/A;N/A;N/A;N/A;N/A;N/A;N/A;N/A;N/A;N/A;N/A;N/A;N/A;N/A;N/A;N/A;N/A;N/A;N/A;N/A;N/A;N/A;N/A;N/A;N/A;N/A;N/A;N/A;N/A;N/A;N/A;N/A;N/A;N/A;N/A;N/A;N/A;N/A;N/A;N/A;N/A;N/A;N/A;N/A;N/A;N/A;N/A;N/A;N/A;N/A;N/A;N/A;N/A;N/A;N/A;N/A;N/A;N/A;N/A;N/A;N/A;N/A;N/A;N/A;N/A;N/A;N/A;N/A;N/A;;0;323.6;0;0;;Disabled;TempStop;2;700;330;270.2;0;0;599.9;549.9;Enabled;PosOk;2;0;0;0;0;0;15;Disabled;0;0;0;0;0;0;0;0;0;0;0;0;0;0;0;0;0;0;0;0;0;0;0;0;0;0;0;0;0;0;0;0;0;0;0;0;0;0;0;0;0;0;0;0;0;0;0;0;0;0;0;0;0;0;0;0;0;0;0;0;0;0;0;0;0;0;0;0;0;0;30;31;20;45;30;30;20;45;30;31;20;45;30;30;20;45;200;142;100;300;200;140;100;300;200;141;100;300;200;141;100;300;30;31;20;45;30;30;20;45;30;31;20;45;30;30;20;45;200;144;100;300;200;143;100;300;200;243;100;300;200;244;100;300;4;2;0.4;6;4;5;0.4;6;4;2;0.4;6;4;5;0.4;6;4;2;0.4;6;4;5;0.4;6;4;2;0.4;6;4;5;0.4;6;NOK;NOK;OK;7000;7092;6500;8100;OK;4.98;0;8;12;NOK;N/A;1.5;N/A;N/A;N/A;9;12.3;7;18;OK;;0;0;0;-;Disabled;TempOk;2;230;38.4;38.4;0;0;349.9;441345100 daimler 1500 1900;441345100 daimler 1500 1900;441345100 Daimler 1500 1900
20260320_20:04:44;9689;1;1;950;932.5;925;975;OK;950;946.1;925;975;OK;940.5;942.8;-20;-18.8;-50;-25;NOK;-20;-17;-50;-25;NOK;-15.1;-16;0;-20;-18.8;-50;-25;NOK;300;341;300;500;OK;0;0;N/A;N/A;N/A;N/A;N/A;N/A;N/A;N/A;N/A;N/A;N/A;N/A;N/A;N/A;N/A;N/A;N/A;N/A;N/A;N/A;N/A;N/A;N/A;N/A;N/A;N/A;N/A;N/A;N/A;N/A;N/A;N/A;N/A;N/A;N/A;N/A;N/A;N/A;N/A;N/A;N/A;N/A;N/A;N/A;N/A;N/A;N/A;N/A;N/A;N/A;N/A;N/A;N/A;N/A;N/A;N/A;N/A;N/A;N/A;N/A;N/A;N/A;N/A;N/A;N/A;N/A;N/A;N/A;N/A;N/A;N/A;N/A;N/A;N/A;N/A;N/A;N/A;N/A;N/A;N/A;N/A;N/A;N/A;N/A;N/A;N/A;N/A;N/A;N/A;N/A;N/A;N/A;N/A;N/A;N/A;N/A;N/A;N/A;;0;326.6;0;0;;Disabled;TempStop;2;700;333.2;270.4;0;0;599.9;549.9;Enabled;PosOk;2;0;0;0;0;0;15;Disabled;0;0;0;0;0;0;0;0;0;0;0;0;0;0;0;0;0;0;0;0;0;0;0;0;0;0;0;0;0;0;0;0;0;0;0;0;0;0;0;0;0;0;0;0;0;0;0;0;0;0;0;0;0;0;0;0;0;0;0;0;0;0;0;0;0;0;0;0;0;0;30;32;20;45;30;30;20;45;30;32;20;45;30;30;20;45;200;142;100;300;200;140;100;300;200;141;100;300;200;141;100;300;30;32;20;45;30;30;20;45;30;31;20;45;30;30;20;45;200;144;100;300;200;143;100;300;200;242;100;300;200;244;100;300;4;2;0.4;6;4;5;0.4;6;4;2;0.4;6;4;5;0.4;6;4;2;0.4;6;4;5;0.4;6;4;2;0.4;6;4;5;0.4;6;NOK;NOK;OK;7000;7121;6500;8100;OK;4.98;0;8;12;NOK;N/A;1.5;N/A;N/A;N/A;9;11.8;7;18;OK;;0;0;0;-;Disabled;TempOk;2;230;38.2;38.7;0;0;349.9;441345100 daimler 1500 1900;441345100 daimler 1500 1900;441345100 Daimler 1500 1900
20260320_20:05:01;9690;4;1;950;955.6;925;975;OK;950;949.9;925;975;OK;950.8;950.7;-15;-22.1;-50;-5;OK;-15;-11.3;-50;-5;OK;-11.2;-11;0;-15;-21.9;-50;-5;OK;300;339;300;500;OK;309.82;0.22;N/A;N/A;N/A;N/A;N/A;N/A;N/A;N/A;N/A;N/A;N/A;N/A;N/A;N/A;N/A;N/A;N/A;N/A;N/A;N/A;N/A;N/A;N/A;N/A;N/A;N/A;N/A;N/A;N/A;N/A;N/A;N/A;N/A;N/A;N/A;N/A;N/A;N/A;N/A;N/A;N/A;N/A;N/A;N/A;N/A;N/A;N/A;N/A;N/A;N/A;N/A;N/A;N/A;N/A;N/A;N/A;N/A;N/A;N/A;N/A;N/A;N/A;N/A;N/A;N/A;N/A;N/A;N/A;N/A;N/A;N/A;N/A;N/A;N/A;N/A;N/A;N/A;N/A;N/A;N/A;N/A;N/A;N/A;N/A;N/A;N/A;N/A;N/A;N/A;N/A;N/A;N/A;N/A;N/A;N/A;N/A;N/A;N/A;;0;324.3;0;0;;Disabled;TempStop;2;700;328.9;271.6;0;0;599.9;549.9;Enabled;PosOk;2;0;0;0;0;0;15;Disabled;0;0;0;0;0;0;0;0;0;0;0;0;0;0;0;0;0;0;0;0;0;0;0;0;0;0;0;0;0;0;0;0;0;0;0;0;0;0;0;0;0;0;0;0;0;0;0;0;0;0;0;0;0;0;0;0;0;0;0;0;0;0;0;0;0;0;0;0;0;0;30;32;20;45;30;30;20;45;30;32;20;45;30;30;20;45;200;142;100;300;200;140;100;300;200;141;100;300;200;141;100;300;30;32;20;45;30;30;20;45;30;31;20;45;30;30;20;45;200;144;100;300;200;143;100;300;200;243;100;300;200;244;100;300;4;2;0.4;6;4;5;0.4;6;4;2;0.4;6;4;5;0.4;6;4;2;0.4;6;4;5;0.4;6;4;3;0.4;6;4;5;0.4;6;NOK;NOK;OK;7000;7108;6500;8100;OK;4.98;0;8;12;NOK;N/A;1.5;N/A;N/A;N/A;9;12.1;7;18;OK;;0;0;0;-;Disabled;TempOk;2;230;38.2;38.7;0;0;349.9;441345100 daimler 1500 1900;441345100 daimler 1500 1900;441345100 Daimler 1500 1900
20260320_20:05:19;9691;3;1;950;939.5;925;975;OK;950;946.2;925;975;OK;944.7;945.2;-20;-31.5;-50;-25;OK;-20;-20.2;-50;-25;NOK;-16.4;-17.7;0;-20;-31.4;-50;-25;OK;300;343;300;500;OK;0;0;N/A;N/A;N/A;N/A;N/A;N/A;N/A;N/A;N/A;N/A;N/A;N/A;N/A;N/A;N/A;N/A;N/A;N/A;N/A;N/A;N/A;N/A;N/A;N/A;N/A;N/A;N/A;N/A;N/A;N/A;N/A;N/A;N/A;N/A;N/A;N/A;N/A;N/A;N/A;N/A;N/A;N/A;N/A;N/A;N/A;N/A;N/A;N/A;N/A;N/A;N/A;N/A;N/A;N/A;N/A;N/A;N/A;N/A;N/A;N/A;N/A;N/A;N/A;N/A;N/A;N/A;N/A;N/A;N/A;N/A;N/A;N/A;N/A;N/A;N/A;N/A;N/A;N/A;N/A;N/A;N/A;N/A;N/A;N/A;N/A;N/A;N/A;N/A;N/A;N/A;N/A;N/A;N/A;N/A;N/A;N/A;N/A;N/A;;0;324.3;0;0;;Disabled;TempStop;2;700;328.4;269.8;0;0;599.9;549.9;Enabled;PosOk;2;0;0;0;0;0;15;Disabled;0;0;0;0;0;0;0;0;0;0;0;0;0;0;0;0;0;0;0;0;0;0;0;0;0;0;0;0;0;0;0;0;0;0;0;0;0;0;0;0;0;0;0;0;0;0;0;0;0;0;0;0;0;0;0;0;0;0;0;0;0;0;0;0;0;0;0;0;0;0;30;33;20;45;30;30;20;45;30;33;20;45;30;30;20;45;200;142;100;300;200;140;100;300;200;141;100;300;200;140;100;300;30;32;20;45;30;30;20;45;30;32;20;45;30;30;20;45;200;144;100;300;200;143;100;300;200;243;100;300;200;244;100;300;4;2;0.4;6;4;5;0.4;6;4;2;0.4;6;4;5;0.4;6;4;2;0.4;6;4;5;0.4;6;4;2;0.4;6;4;5;0.4;6;NOK;NOK;OK;7000;7128;6500;8100;OK;4.99;0;8;12;NOK;N/A;1.5;N/A;N/A;N/A;9;12;7;18;OK;;0;0;0;-;Disabled;TempOk;2;230;38.4;39.9;0;0;349.9;441345100 daimler 1500 1900;441345100 daimler 1500 1900;441345100 Daimler 1500 1900
20260320_20:05:36;9694;4;2;950;954.8;925;975;OK;950;956.1;925;975;OK;956.4;956.4;-15;-25.9;-50;-5;OK;-15;-13.5;-50;-5;OK;-15;-14.3;0;-15;-25.8;-50;-5;OK;300;307;300;500;OK;309.91;0.25;N/A;N/A;N/A;N/A;N/A;N/A;N/A;N/A;N/A;N/A;N/A;N/A;N/A;N/A;N/A;N/A;N/A;N/A;N/A;N/A;N/A;N/A;N/A;N/A;N/A;N/A;N/A;N/A;N/A;N/A;N/A;N/A;N/A;N/A;N/A;N/A;N/A;N/A;N/A;N/A;N/A;N/A;N/A;N/A;N/A;N/A;N/A;N/A;N/A;N/A;N/A;N/A;N/A;N/A;N/A;N/A;N/A;N/A;N/A;N/A;N/A;N/A;N/A;N/A;N/A;N/A;N/A;N/A;N/A;N/A;N/A;N/A;N/A;N/A;N/A;N/A;N/A;N/A;N/A;N/A;N/A;N/A;N/A;N/A;N/A;N/A;N/A;N/A;N/A;N/A;N/A;N/A;N/A;N/A;N/A;N/A;N/A;N/A;;0;326.3;0;0;;Disabled;TempStop;2;700;330.3;272.7;0;0;599.9;549.9;Enabled;PosOk;2;0;0;0;0;0;15;Disabled;0;0;0;0;0;0;0;0;0;0;0;0;0;0;0;0;0;0;0;0;0;0;0;0;0;0;0;0;0;0;0;0;0;0;0;0;0;0;0;0;0;0;0;0;0;0;0;0;0;0;0;0;0;0;0;0;0;0;0;0;0;0;0;0;0;0;0;0;0;0;30;33;20;45;30;30;20;45;30;33;20;45;30;30;20;45;200;142;100;300;200;140;100;300;200;141;100;300;200;140;100;300;30;33;20;45;30;30;20;45;30;32;20;45;30;30;20;45;200;145;100;300;200;143;100;300;200;243;100;300;200;244;100;300;4;2;0.4;6;4;5;0.4;6;4;2;0.4;6;4;5;0.4;6;4;2;0.4;6;4;5;0.4;6;4;2;0.4;6;4;5;0.4;6;NOK;NOK;OK;7000;7111;6500;8100;OK;4.98;0;8;12;NOK;N/A;1.5;N/A;N/A;N/A;9;11.6;7;18;OK;;0;0;0;-;Disabled;TempOk;2;230;38.4;38.9;0;0;349.9;441345100 daimler 1500 1900;441345100 daimler 1500 1900;441345100 Daimler 1500 1900
20260320_20:05:53;9693;1;2;950;947.1;925;975;OK;950;951;925;975;OK;950.9;950.9;-20;-17.9;-50;-25;NOK;-20;-15.6;-50;-25;NOK;-15.9;-16.9;0;-20;-17.4;-50;-25;NOK;300;343;300;500;OK;0;0;N/A;N/A;N/A;N/A;N/A;N/A;N/A;N/A;N/A;N/A;N/A;N/A;N/A;N/A;N/A;N/A;N/A;N/A;N/A;N/A;N/A;N/A;N/A;N/A;N/A;N/A;N/A;N/A;N/A;N/A;N/A;N/A;N/A;N/A;N/A;N/A;N/A;N/A;N/A;N/A;N/A;N/A;N/A;N/A;N/A;N/A;N/A;N/A;N/A;N/A;N/A;N/A;N/A;N/A;N/A;N/A;N/A;N/A;N/A;N/A;N/A;N/A;N/A;N/A;N/A;N/A;N/A;N/A;N/A;N/A;N/A;N/A;N/A;N/A;N/A;N/A;N/A;N/A;N/A;N/A;N/A;N/A;N/A;N/A;N/A;N/A;N/A;N/A;N/A;N/A;N/A;N/A;N/A;N/A;N/A;N/A;N/A;N/A;;0;326.5;0;0;;Disabled;TempStop;2;700;330.2;272.7;0;0;599.9;549.9;Enabled;PosOk;2;0;0;0;0;0;15;Disabled;0;0;0;0;0;0;0;0;0;0;0;0;0;0;0;0;0;0;0;0;0;0;0;0;0;0;0;0;0;0;0;0;0;0;0;0;0;0;0;0;0;0;0;0;0;0;0;0;0;0;0;0;0;0;0;0;0;0;0;0;0;0;0;0;0;0;0;0;0;0;30;33;20;45;30;30;20;45;30;33;20;45;30;30;20;45;200;142;100;300;200;140;100;300;200;141;100;300;200;141;100;300;30;33;20;45;30;30;20;45;30;32;20;45;30;30;20;45;200;145;100;300;200;143;100;300;200;244;100;300;200;245;100;300;4;2;0.4;6;4;5;0.4;6;4;2;0.4;6;4;5;0.4;6;4;2;0.4;6;4;5;0.4;6;4;2;0.4;6;4;5;0.4;6;NOK;NOK;OK;7000;7102;6500;8100;OK;4.98;0;8;12;NOK;N/A;1.5;N/A;N/A;N/A;9;12.3;7;18;OK;;0;0;0;-;Disabled;TempOk;2;230;38.7;38.9;0;0;349.9;441345100 daimler 1500 1900;441345100 daimler 1500 1900;441345100 Daimler 1500 1900
20260320_20:06:45;9692;2;2;950;946.5;925;975;OK;950;946.2;925;975;OK;950.5;950.6;-15;-32.4;-50;-20;OK;-15;-26;-50;-20;OK;-20.6;-22.5;0;-15;-32.5;-50;-20;OK;300;408;300;500;OK;0;0;N/A;N/A;N/A;N/A;N/A;N/A;N/A;N/A;N/A;N/A;N/A;N/A;N/A;N/A;N/A;N/A;N/A;N/A;N/A;N/A;N/A;N/A;N/A;N/A;N/A;N/A;N/A;N/A;N/A;N/A;N/A;N/A;N/A;N/A;N/A;N/A;N/A;N/A;N/A;N/A;N/A;N/A;N/A;N/A;N/A;N/A;N/A;N/A;N/A;N/A;N/A;N/A;N/A;N/A;N/A;N/A;N/A;N/A;N/A;N/A;N/A;N/A;N/A;N/A;N/A;N/A;N/A;N/A;N/A;N/A;N/A;N/A;N/A;N/A;N/A;N/A;N/A;N/A;N/A;N/A;N/A;N/A;N/A;N/A;N/A;N/A;N/A;N/A;N/A;N/A;N/A;N/A;N/A;N/A;N/A;N/A;N/A;N/A;;0;323.8;0;0;;Disabled;TempStop;2;700;326.9;272;0;0;599.9;549.9;Enabled;PosOk;2;0;0;0;0;0;15;Disabled;0;0;0;0;0;0;0;0;0;0;0;0;0;0;0;0;0;0;0;0;0;0;0;0;0;0;0;0;0;0;0;0;0;0;0;0;0;0;0;0;0;0;0;0;0;0;0;0;0;0;0;0;0;0;0;0;0;0;0;0;0;0;0;0;0;0;0;0;0;0;30;31;20;45;30;30;20;45;30;32;20;45;30;30;20;45;200;142;100;300;200;140;100;300;200;140;100;300;200;141;100;300;30;31;20;45;30;30;20;45;30;31;20;45;30;30;20;45;200;145;100;300;200;143;100;300;200;243;100;300;200;244;100;300;4;2;0.4;6;4;5;0.4;6;4;2;0.4;6;4;5;0.4;6;4;2;0.4;6;4;5;0.4;6;4;2;0.4;6;4;5;0.4;6;NOK;NOK;OK;7000;7109;6500;8100;OK;4.98;0;8;12;NOK;N/A;1.5;N/A;N/A;N/A;9;11.9;7;18;OK;;0;0;0;-;Disabled;TempOk;2;230;38.4;38.7;0;0;349.9;441345100 daimler 1500 1900;441345100 daimler 1500 1900;441345100 Daimler 1500 1900
20260320_20:08:43;9696;2;3;950;948.2;925;975;OK;950;944.8;925;975;OK;949.3;946.8;-15;-38;-50;-20;OK;-15;-25.3;-50;-20;OK;-20.4;-21.4;0;-15;-38;-50;-20;OK;300;460;300;500;OK;0;0;N/A;N/A;N/A;N/A;N/A;N/A;N/A;N/A;N/A;N/A;N/A;N/A;N/A;N/A;N/A;N/A;N/A;N/A;N/A;N/A;N/A;N/A;N/A;N/A;N/A;N/A;N/A;N/A;N/A;N/A;N/A;N/A;N/A;N/A;N/A;N/A;N/A;N/A;N/A;N/A;N/A;N/A;N/A;N/A;N/A;N/A;N/A;N/A;N/A;N/A;N/A;N/A;N/A;N/A;N/A;N/A;N/A;N/A;N/A;N/A;N/A;N/A;N/A;N/A;N/A;N/A;N/A;N/A;N/A;N/A;N/A;N/A;N/A;N/A;N/A;N/A;N/A;N/A;N/A;N/A;N/A;N/A;N/A;N/A;N/A;N/A;N/A;N/A;N/A;N/A;N/A;N/A;N/A;N/A;N/A;N/A;N/A;N/A;;0;322.9;0;0;;Disabled;TempStop;2;700;326.4;269.3;0;0;599.9;549.9;Enabled;PosOk;2;0;0;0;0;0;15;Disabled;0;0;0;0;0;0;0;0;0;0;0;0;0;0;0;0;0;0;0;0;0;0;0;0;0;0;0;0;0;0;0;0;0;0;0;0;0;0;0;0;0;0;0;0;0;0;0;0;0;0;0;0;0;0;0;0;0;0;0;0;0;0;0;0;0;0;0;0;0;0;30;30;20;45;30;30;20;45;30;31;20;45;30;30;20;45;200;142;100;300;200;140;100;300;200;141;100;300;200;140;100;300;30;30;20;45;30;30;20;45;30;30;20;45;30;30;20;45;200;144;100;300;200;143;100;300;200;243;100;300;200;244;100;300;4;2;0.4;6;4;5;0.4;6;4;2;0.4;6;4;5;0.4;6;4;2;0.4;6;4;5;0.4;6;4;2;0.4;6;4;5;0.4;6;NOK;NOK;OK;7000;7081;6500;8100;OK;4.97;0;8;12;NOK;N/A;1.5;N/A;N/A;N/A;9;11.5;7;18;OK;;0;0;0;-;Disabled;TempOk;2;230;37.9;38.7;0;0;349.9;441345100 daimler 1500 1900;441345100 daimler 1500 1900;441345100 Daimler 1500 1900
20260320_20:09:16;9697;1;3;950;948.3;925;975;OK;950;951.6;925;975;OK;951.6;951.5;-20;-17.1;-50;-25;NOK;-20;-16.2;-50;-25;NOK;-19.2;-19.4;0;-20;-16.8;-50;-25;NOK;300;479;300;500;OK;0;0;N/A;N/A;N/A;N/A;N/A;N/A;N/A;N/A;N/A;N/A;N/A;N/A;N/A;N/A;N/A;N/A;N/A;N/A;N/A;N/A;N/A;N/A;N/A;N/A;N/A;N/A;N/A;N/A;N/A;N/A;N/A;N/A;N/A;N/A;N/A;N/A;N/A;N/A;N/A;N/A;N/A;N/A;N/A;N/A;N/A;N/A;N/A;N/A;N/A;N/A;N/A;N/A;N/A;N/A;N/A;N/A;N/A;N/A;N/A;N/A;N/A;N/A;N/A;N/A;N/A;N/A;N/A;N/A;N/A;N/A;N/A;N/A;N/A;N/A;N/A;N/A;N/A;N/A;N/A;N/A;N/A;N/A;N/A;N/A;N/A;N/A;N/A;N/A;N/A;N/A;N/A;N/A;N/A;N/A;N/A;N/A;N/A;N/A;;0;324.2;0;0;;Disabled;TempStop;2;700;328;271.1;0;0;599.9;549.9;Enabled;PosOk;2;0;0;0;0;0;15;Disabled;0;0;0;0;0;0;0;0;0;0;0;0;0;0;0;0;0;0;0;0;0;0;0;0;0;0;0;0;0;0;0;0;0;0;0;0;0;0;0;0;0;0;0;0;0;0;0;0;0;0;0;0;0;0;0;0;0;0;0;0;0;0;0;0;0;0;0;0;8;50;30;31;20;45;30;29;20;45;30;31;20;45;30;29;20;45;200;142;100;300;200;140;100;300;200;141;100;300;200;140;100;300;30;30;20;45;30;29;20;45;30;30;20;45;30;29;20;45;200;144;100;300;200;143;100;300;200;243;100;300;200;244;100;300;4;2;0.4;6;4;5;0.4;6;4;2;0.4;6;4;5;0.4;6;4;2;0.4;6;4;5;0.4;6;4;2;0.4;6;4;5;0.4;6;NOK;NOK;OK;7000;7105;6500;8100;OK;4.97;0;8;12;NOK;N/A;1.5;N/A;N/A;N/A;9;11.7;7;18;OK;;0;0;0;-;Disabled;TempOk;2;230;38.4;38.9;0;0;349.9;441345100 daimler 1500 1900;441345100 daimler 1500 1900;441345100 Daimler 1500 1900
20260320_20:09:48;9698;4;3;950;955.7;925;975;OK;950;950.3;925;975;OK;957.6;957.5;-15;-21;-50;-5;OK;-15;-16.3;-50;-5;OK;-15.3;-14.4;0;-15;-20.4;-50;-5;OK;300;492;300;500;OK;0;0.68;N/A;N/A;N/A;N/A;N/A;N/A;N/A;N/A;N/A;N/A;N/A;N/A;N/A;N/A;N/A;N/A;N/A;N/A;N/A;N/A;N/A;N/A;N/A;N/A;N/A;N/A;N/A;N/A;N/A;N/A;N/A;N/A;N/A;N/A;N/A;N/A;N/A;N/A;N/A;N/A;N/A;N/A;N/A;N/A;N/A;N/A;N/A;N/A;N/A;N/A;N/A;N/A;N/A;N/A;N/A;N/A;N/A;N/A;N/A;N/A;N/A;N/A;N/A;N/A;N/A;N/A;N/A;N/A;N/A;N/A;N/A;N/A;N/A;N/A;N/A;N/A;N/A;N/A;N/A;N/A;N/A;N/A;N/A;N/A;N/A;N/A;N/A;N/A;N/A;N/A;N/A;N/A;N/A;N/A;N/A;N/A;N/A;N/A;;0;322;0;0;;Disabled;TempStop;2;700;326.2;270.1;0;0;599.9;549.9;Enabled;PosOk;2;0;0;0;0;0;15;Disabled;0;0;0;0;0;0;0;0;0;0;0;0;0;0;0;0;0;0;0;0;0;0;0;0;0;0;0;0;0;0;0;0;0;0;0;0;0;0;0;0;0;0;0;0;0;0;0;0;0;0;0;0;0;0;0;0;0;0;0;0;0;0;0;0;0;0;0;0;0;0;30;31;20;45;30;29;20;45;30;31;20;45;30;29;20;45;200;142;100;300;200;140;100;300;200;141;100;300;200;141;100;300;30;30;20;45;30;29;20;45;30;30;20;45;30;29;20;45;200;144;100;300;200;143;100;300;200;243;100;300;200;244;100;300;4;2;0.4;6;4;5;0.4;6;4;2;0.4;6;4;5;0.4;6;4;2;0.4;6;4;5;0.4;6;4;2;0.4;6;4;5;0.4;6;NOK;NOK;OK;7000;7101;6500;8100;OK;4.97;0;8;12;NOK;N/A;1.5;N/A;N/A;N/A;9;12;7;18;OK;;0;0;0;-;Disabled;TempOk;2;230;38.2;38.7;0;0;349.9;441345100 daimler 1500 1900;441345100 daimler 1500 1900;441345100 Daimler 1500 1900
20260320_20:10:20;9701;3;4;950;947.9;925;975;OK;950;951.5;925;975;OK;951.3;951.3;-20;-20.4;-50;-25;NOK;-20;-23.7;-50;-25;NOK;-14.4;-15.4;0;-20;-20.4;-50;-25;NOK;300;478;300;500;OK;0;0;N/A;N/A;N/A;N/A;N/A;N/A;N/A;N/A;N/A;N/A;N/A;N/A;N/A;N/A;N/A;N/A;N/A;N/A;N/A;N/A;N/A;N/A;N/A;N/A;N/A;N/A;N/A;N/A;N/A;N/A;N/A;N/A;N/A;N/A;N/A;N/A;N/A;N/A;N/A;N/A;N/A;N/A;N/A;N/A;N/A;N/A;N/A;N/A;N/A;N/A;N/A;N/A;N/A;N/A;N/A;N/A;N/A;N/A;N/A;N/A;N/A;N/A;N/A;N/A;N/A;N/A;N/A;N/A;N/A;N/A;N/A;N/A;N/A;N/A;N/A;N/A;N/A;N/A;N/A;N/A;N/A;N/A;N/A;N/A;N/A;N/A;N/A;N/A;N/A;N/A;N/A;N/A;N/A;N/A;N/A;N/A;N/A;N/A;;0;323.3;0;0;;Disabled;TempStop;2;700;328.3;270.9;0;0;599.9;549.9;Enabled;PosOk;2;0;0;0;0;0;15;Disabled;0;0;0;0;0;0;0;0;0;0;0;0;0;0;0;0;0;0;0;0;0;0;0;0;0;0;0;0;0;0;0;0;0;0;0;0;0;0;0;0;0;0;0;0;0;0;0;0;0;0;0;0;0;0;0;0;0;0;0;0;0;0;0;0;0;0;0;0;0;0;30;31;20;45;30;29;20;45;30;31;20;45;30;29;20;45;200;142;100;300;200;140;100;300;200;140;100;300;200;140;100;300;30;30;20;45;30;29;20;45;30;30;20;45;30;30;20;45;200;144;100;300;200;143;100;300;200;243;100;300;200;244;100;300;4;2;0.4;6;4;5;0.4;6;4;2;0.4;6;4;5;0.4;6;4;2;0.4;6;4;5;0.4;6;4;2;0.4;6;4;5;0.4;6;NOK;NOK;OK;7000;7103;6500;8100;OK;4.98;0;8;12;NOK;N/A;1.5;N/A;N/A;N/A;9;12.2;7;18;OK;;0;0;0;-;Disabled;TempOk;2;230;38.7;38.9;0;0;349.9;441345100 daimler 1500 1900;441345100 daimler 1500 1900;441345100 Daimler 1500 1900
20260320_20:10:53;9702;4;4;950;944;925;975;OK;950;959.1;925;975;OK;958.5;958.6;-15;-20;-50;-5;OK;-15;-15.3;-50;-5;OK;-11.2;-9.5;0;-15;-19.9;-50;-5;OK;300;490;300;500;OK;0.1;0.81;N/A;N/A;N/A;N/A;N/A;N/A;N/A;N/A;N/A;N/A;N/A;N/A;N/A;N/A;N/A;N/A;N/A;N/A;N/A;N/A;N/A;N/A;N/A;N/A;N/A;N/A;N/A;N/A;N/A;N/A;N/A;N/A;N/A;N/A;N/A;N/A;N/A;N/A;N/A;N/A;N/A;N/A;N/A;N/A;N/A;N/A;N/A;N/A;N/A;N/A;N/A;N/A;N/A;N/A;N/A;N/A;N/A;N/A;N/A;N/A;N/A;N/A;N/A;N/A;N/A;N/A;N/A;N/A;N/A;N/A;N/A;N/A;N/A;N/A;N/A;N/A;N/A;N/A;N/A;N/A;N/A;N/A;N/A;N/A;N/A;N/A;N/A;N/A;N/A;N/A;N/A;N/A;N/A;N/A;N/A;N/A;N/A;N/A;;0;322.7;0;0;;Disabled;TempStop;2;700;328.3;269.1;0;0;599.9;549.9;Enabled;PosOk;2;0;0;0;0;0;15;Disabled;0;0;0;0;0;0;0;0;0;0;0;0;0;0;0;0;0;0;0;0;0;0;0;0;0;0;0;0;0;0;0;0;0;0;0;0;0;0;0;0;0;0;0;0;0;0;0;0;0;0;0;0;0;0;0;0;0;0;0;0;0;0;0;0;0;0;0;0;0;0;30;31;20;45;30;30;20;45;30;31;20;45;30;30;20;45;200;141;100;300;200;140;100;300;200;140;100;300;200;141;100;300;30;31;20;45;30;30;20;45;30;30;20;45;30;30;20;45;200;144;100;300;200;143;100;300;200;243;100;300;200;244;100;300;4;2;0.4;6;4;5;0.4;6;4;2;0.4;6;4;5;0.4;6;4;2;0.4;6;4;5;0.4;6;4;2;0.4;6;4;5;0.4;6;NOK;NOK;OK;7000;7096;6500;8100;OK;4.97;0;8;12;NOK;N/A;1.5;N/A;N/A;N/A;9;11.6;7;18;OK;;0;0;0;-;Disabled;TempOk;2;230;38.4;38.7;0;0;349.9;441345100 daimler 1500 1900;441345100 daimler 1500 1900;441345100 Daimler 1500 1900
20260320_20:11:25;9705;3;3;950;939.8;925;975;OK;950;951.4;925;975;OK;951.5;951.4;-20;-16.6;-50;-25;NOK;-20;-21;-50;-25;NOK;-15;-16.3;0;-20;-16.7;-50;-25;NOK;300;423;300;500;OK;0;0;N/A;N/A;N/A;N/A;N/A;N/A;N/A;N/A;N/A;N/A;N/A;N/A;N/A;N/A;N/A;N/A;N/A;N/A;N/A;N/A;N/A;N/A;N/A;N/A;N/A;N/A;N/A;N/A;N/A;N/A;N/A;N/A;N/A;N/A;N/A;N/A;N/A;N/A;N/A;N/A;N/A;N/A;N/A;N/A;N/A;N/A;N/A;N/A;N/A;N/A;N/A;N/A;N/A;N/A;N/A;N/A;N/A;N/A;N/A;N/A;N/A;N/A;N/A;N/A;N/A;N/A;N/A;N/A;N/A;N/A;N/A;N/A;N/A;N/A;N/A;N/A;N/A;N/A;N/A;N/A;N/A;N/A;N/A;N/A;N/A;N/A;N/A;N/A;N/A;N/A;N/A;N/A;N/A;N/A;N/A;N/A;N/A;N/A;;0;324.4;0;0;;Disabled;TempStop;2;700;328.8;271.1;0;0;599.9;549.9;Enabled;PosOk;2;0;0;0;0;0;15;Disabled;0;0;0;0;0;0;0;0;0;0;0;0;0;0;0;0;0;0;0;0;0;0;0;0;0;0;0;0;0;0;0;0;0;0;0;0;0;0;0;0;0;0;0;0;0;0;0;0;0;0;0;0;0;0;0;0;0;0;0;0;0;0;0;0;0;0;0;0;0;0;30;31;20;45;30;29;20;45;30;31;20;45;30;29;20;45;200;142;100;300;200;140;100;300;200;141;100;300;200;140;100;300;30;31;20;45;30;29;20;45;30;30;20;45;30;29;20;45;200;144;100;300;200;143;100;300;200;243;100;300;200;244;100;300;4;2;0.4;6;4;5;0.4;6;4;2;0.4;6;4;5;0.4;6;4;2;0.4;6;4;5;0.4;6;4;2;0.4;6;4;5;0.4;6;NOK;NOK;OK;7000;7109;6500;8100;OK;4.98;0;8;12;NOK;N/A;1.5;N/A;N/A;N/A;9;11.9;7;18;OK;;0;0;0;-;Disabled;TempOk;2;230;38.2;38.7;0;0;349.9;441345100 daimler 1500 1900;441345100 daimler 1500 1900;441345100 Daimler 1500 1900
20260320_20:11:57;9706;4;5;950;946.8;925;975;OK;950;950.8;925;975;OK;949.6;950;-15;-15.9;-50;-5;OK;-15;-16.8;-50;-5;OK;-11.4;-11.9;0;-15;-15.7;-50;-5;OK;300;488;300;500;OK;0.14;0.9;N/A;N/A;N/A;N/A;N/A;N/A;N/A;N/A;N/A;N/A;N/A;N/A;N/A;N/A;N/A;N/A;N/A;N/A;N/A;N/A;N/A;N/A;N/A;N/A;N/A;N/A;N/A;N/A;N/A;N/A;N/A;N/A;N/A;N/A;N/A;N/A;N/A;N/A;N/A;N/A;N/A;N/A;N/A;N/A;N/A;N/A;N/A;N/A;N/A;N/A;N/A;N/A;N/A;N/A;N/A;N/A;N/A;N/A;N/A;N/A;N/A;N/A;N/A;N/A;N/A;N/A;N/A;N/A;N/A;N/A;N/A;N/A;N/A;N/A;N/A;N/A;N/A;N/A;N/A;N/A;N/A;N/A;N/A;N/A;N/A;N/A;N/A;N/A;N/A;N/A;N/A;N/A;N/A;N/A;N/A;N/A;N/A;N/A;;0;323.4;0;0;;Disabled;TempStop;2;700;327.8;269.9;0;0;599.9;549.9;Enabled;PosOk;2;0;0;0;0;0;15;Disabled;0;0;0;0;0;0;0;0;0;0;0;0;0;0;0;0;0;0;0;0;0;0;0;0;0;0;0;0;0;0;0;0;0;0;0;0;0;0;0;0;0;0;0;0;0;0;0;0;0;0;0;0;0;0;0;0;0;0;0;0;0;0;0;0;0;0;0;0;0;0;30;31;20;45;30;30;20;45;30;31;20;45;30;30;20;45;200;142;100;300;200;140;100;300;200;141;100;300;200;140;100;300;30;31;20;45;30;30;20;45;30;30;20;45;30;30;20;45;200;145;100;300;200;143;100;300;200;243;100;300;200;245;100;300;4;2;0.4;6;4;5;0.4;6;4;2;0.4;6;4;5;0.4;6;4;2;0.4;6;4;5;0.4;6;4;2;0.4;6;4;5;0.4;6;NOK;NOK;OK;7000;7102;6500;8100;OK;4.98;0;8;12;NOK;N/A;1.5;N/A;N/A;N/A;9;12.3;7;18;OK;;0;0;0;-;Disabled;TempOk;2;230;39.1;38.9;0;0;349.9;441345100 daimler 1500 1900;441345100 daimler 1500 1900;441345100 Daimler 1500 1900
20260320_20:13:06;9709;4;1;950;931;925;975;OK;950;959.1;925;975;OK;950.1;950.5;-15;-11.6;-50;-5;OK;-15;-16.2;-50;-5;OK;-17.4;-18.6;0;-15;-11.7;-50;-5;OK;300;472;300;500;OK;0.24;0.95;N/A;N/A;N/A;N/A;N/A;N/A;N/A;N/A;N/A;N/A;N/A;N/A;N/A;N/A;N/A;N/A;N/A;N/A;N/A;N/A;N/A;N/A;N/A;N/A;N/A;N/A;N/A;N/A;N/A;N/A;N/A;N/A;N/A;N/A;N/A;N/A;N/A;N/A;N/A;N/A;N/A;N/A;N/A;N/A;N/A;N/A;N/A;N/A;N/A;N/A;N/A;N/A;N/A;N/A;N/A;N/A;N/A;N/A;N/A;N/A;N/A;N/A;N/A;N/A;N/A;N/A;N/A;N/A;N/A;N/A;N/A;N/A;N/A;N/A;N/A;N/A;N/A;N/A;N/A;N/A;N/A;N/A;N/A;N/A;N/A;N/A;N/A;N/A;N/A;N/A;N/A;N/A;N/A;N/A;N/A;N/A;N/A;N/A;;0;323.5;0;0;;Disabled;TempStop;2;700;327.3;271.4;0;0;599.9;549.9;Enabled;PosOk;2;0;0;0;0;0;15;Disabled;0;0;0;0;0;0;0;0;0;0;0;0;0;0;0;0;0;0;0;0;0;0;0;0;0;0;0;0;0;0;0;0;0;0;0;0;0;0;0;0;0;0;0;0;0;0;0;0;0;0;0;0;0;0;0;0;0;0;0;0;0;0;0;0;0;0;0;0;0;0;30;30;20;45;30;30;20;45;30;31;20;45;30;30;20;45;200;142;100;300;200;140;100;300;200;141;100;300;200;140;100;300;30;30;20;45;30;30;20;45;30;30;20;45;30;30;20;45;200;144;100;300;200;143;100;300;200;243;100;300;200;244;100;300;4;2;0.4;6;4;5;0.4;6;4;2;0.4;6;4;5;0.4;6;4;2;0.4;6;4;5;0.4;6;4;2;0.4;6;4;5;0.4;6;NOK;NOK;OK;7000;7103;6500;8100;OK;4.97;0;8;12;NOK;N/A;1.5;N/A;N/A;N/A;9;12.2;7;18;OK;;0;0;0;-;Disabled;TempOk;2;230;38.4;38.4;0;0;349.9;441345100 daimler 1500 1900;441345100 daimler 1500 1900;441345100 Daimler 1500 1900
20260320_20:13:23;9710;3;1;950;934.1;925;975;OK;950;949.2;925;975;OK;947.3;947.7;-20;-20.5;-50;-25;NOK;-20;-20.8;-50;-25;NOK;-14.4;-15.8;0;-20;-20.6;-50;-25;NOK;300;472;300;500;OK;0;0;N/A;N/A;N/A;N/A;N/A;N/A;N/A;N/A;N/A;N/A;N/A;N/A;N/A;N/A;N/A;N/A;N/A;N/A;N/A;N/A;N/A;N/A;N/A;N/A;N/A;N/A;N/A;N/A;N/A;N/A;N/A;N/A;N/A;N/A;N/A;N/A;N/A;N/A;N/A;N/A;N/A;N/A;N/A;N/A;N/A;N/A;N/A;N/A;N/A;N/A;N/A;N/A;N/A;N/A;N/A;N/A;N/A;N/A;N/A;N/A;N/A;N/A;N/A;N/A;N/A;N/A;N/A;N/A;N/A;N/A;N/A;N/A;N/A;N/A;N/A;N/A;N/A;N/A;N/A;N/A;N/A;N/A;N/A;N/A;N/A;N/A;N/A;N/A;N/A;N/A;N/A;N/A;N/A;N/A;N/A;N/A;N/A;N/A;;0;322.4;0;0;;Disabled;TempStop;2;700;326.4;269.9;0;0;599.9;549.9;Enabled;PosOk;2;0;0;0;0;0;15;Disabled;0;0;0;0;0;0;0;0;0;0;0;0;0;0;0;0;0;0;0;0;0;0;0;0;0;0;0;0;0;0;0;0;0;0;0;0;0;0;0;0;0;0;0;0;0;0;0;0;0;0;0;0;0;0;0;0;0;0;0;0;0;0;0;0;0;0;0;0;0;0;30;32;20;45;30;30;20;45;30;32;20;45;30;30;20;45;200;142;100;300;200;140;100;300;200;141;100;300;200;141;100;300;30;32;20;45;30;30;20;45;30;31;20;45;30;30;20;45;200;144;100;300;200;143;100;300;200;243;100;300;200;244;100;300;4;2;0.4;6;4;5;0.4;6;4;2;0.4;6;4;5;0.4;6;4;2;0.4;6;4;5;0.4;6;4;2;0.4;6;4;5;0.4;6;NOK;NOK;OK;7000;7094;6500;8100;OK;4.97;0;8;12;NOK;N/A;1.5;N/A;N/A;N/A;9;12;7;18;OK;;0;0;0;-;Disabled;TempOk;2;230;39.1;40.2;0;0;349.9;441345100 daimler 1500 1900;441345100 daimler 1500 1900;441345100 Daimler 1500 1900
20260320_20:13:40;9711;4;2;950;945.8;925;975;OK;950;956.5;925;975;OK;951;950.9;-15;-13.3;-50;-5;OK;-15;-21.6;-50;-5;OK;-15.1;-16.4;0;-15;-13.3;-50;-5;OK;300;472;300;500;OK;0.27;0.98;N/A;N/A;N/A;N/A;N/A;N/A;N/A;N/A;N/A;N/A;N/A;N/A;N/A;N/A;N/A;N/A;N/A;N/A;N/A;N/A;N/A;N/A;N/A;N/A;N/A;N/A;N/A;N/A;N/A;N/A;N/A;N/A;N/A;N/A;N/A;N/A;N/A;N/A;N/A;N/A;N/A;N/A;N/A;N/A;N/A;N/A;N/A;N/A;N/A;N/A;N/A;N/A;N/A;N/A;N/A;N/A;N/A;N/A;N/A;N/A;N/A;N/A;N/A;N/A;N/A;N/A;N/A;N/A;N/A;N/A;N/A;N/A;N/A;N/A;N/A;N/A;N/A;N/A;N/A;N/A;N/A;N/A;N/A;N/A;N/A;N/A;N/A;N/A;N/A;N/A;N/A;N/A;N/A;N/A;N/A;N/A;N/A;N/A;;0;323;0;0;;Disabled;TempStop;2;700;327.4;270.2;0;0;599.9;549.9;Enabled;PosOk;2;0;0;0;0;0;15;Disabled;0;0;0;0;0;0;0;0;0;0;0;0;0;0;0;0;0;0;0;0;0;0;0;0;0;0;0;0;0;0;0;0;0;0;0;0;0;0;0;0;0;0;0;0;0;0;0;0;0;0;0;0;0;0;0;0;0;0;0;0;0;0;0;0;0;0;0;0;0;0;30;32;20;45;30;30;20;45;30;32;20;45;30;30;20;45;200;142;100;300;200;140;100;300;200;141;100;300;200;140;100;300;30;32;20;45;30;30;20;45;30;31;20;45;30;30;20;45;200;144;100;300;200;143;100;300;200;243;100;300;200;245;100;300;4;2;0.4;6;4;5;0.4;6;4;2;0.4;6;4;5;0.4;6;4;2;0.4;6;4;5;0.4;6;4;2;0.4;6;4;5;0.4;6;NOK;NOK;OK;7000;7090;6500;8100;OK;4.98;0;8;12;NOK;N/A;1.5;N/A;N/A;N/A;9;11.6;7;18;OK;;0;0;0;-;Disabled;TempOk;2;230;39.1;39.9;0;0;349.9;441345100 daimler 1500 1900;441345100 daimler 1500 1900;441345100 Daimler 1500 1900
20260320_20:13:49;9722;4;2;950;945.5;925;975;OK;950;916.5;925;975;NOK;0;0;-15;-21.5;-50;-5;OK;-15;-21.4;-50;-5;OK;0;0;0;-15;-21.5;-50;-5;OK;300;22;300;500;NOK;0.98;1;;;;;;;;;;;;;;;;;;;;;;;;;;;;;;;;;;;;;;;;;;;;;;;;;;;;;;;;;;;;;;;;;;;;;;;;;;;;;;;;;;;;;;;;;;;;;;;;;;;;;;;;;;;;;;;;;;;;;;;;;;;;;;;;;;;;;;;;;;;;;;;;;;;;;;;;;;;;;;;;;;;;;;;;;;;;;;;;;;;;;;;;;;;;;;;;;;;;;;;;;;;;;;;;;;;;;;;;;;;;;;;;;;;;;;;;;;;;;;;;;;;;;;;;;;;;;;;;;;;;;;;;;;;;;;;;;;;;;;;;;;;;;;;;;;;;;;;;;;;;;;;;;;;;;;;;;;;;;;;;;;;;;;;;441345100 daimler 1500 1900;;;;
20260320_20:13:58;9712;1;2;950;940.1;925;975;OK;950;951.3;925;975;OK;951;950.9;-20;-14.3;-50;-25;NOK;-20;-18.6;-50;-25;NOK;-14.6;-15.3;0;-20;-14;-50;-25;NOK;300;472;300;500;OK;0;0;N/A;N/A;N/A;N/A;N/A;N/A;N/A;N/A;N/A;N/A;N/A;N/A;N/A;N/A;N/A;N/A;N/A;N/A;N/A;N/A;N/A;N/A;N/A;N/A;N/A;N/A;N/A;N/A;N/A;N/A;N/A;N/A;N/A;N/A;N/A;N/A;N/A;N/A;N/A;N/A;N/A;N/A;N/A;N/A;N/A;N/A;N/A;N/A;N/A;N/A;N/A;N/A;N/A;N/A;N/A;N/A;N/A;N/A;N/A;N/A;N/A;N/A;N/A;N/A;N/A;N/A;N/A;N/A;N/A;N/A;N/A;N/A;N/A;N/A;N/A;N/A;N/A;N/A;N/A;N/A;N/A;N/A;N/A;N/A;N/A;N/A;N/A;N/A;N/A;N/A;N/A;N/A;N/A;N/A;N/A;N/A;N/A;N/A;;0;325.6;0;0;;Disabled;TempStop;2;700;330;272.1;0;0;599.9;549.9;Enabled;PosOk;2;0;0;0;0;0;15;Disabled;0;0;0;0;0;0;0;0;0;0;0;0;0;0;0;0;0;0;0;0;0;0;0;0;0;0;0;0;0;0;0;0;0;0;0;0;0;0;0;0;0;0;0;0;0;0;0;0;0;0;0;0;0;0;0;0;0;0;0;0;0;0;0;0;0;0;0;0;0;0;30;33;20;45;30;30;20;45;30;33;20;45;30;30;20;45;200;142;100;300;200;140;100;300;200;141;100;300;200;141;100;300;30;32;20;45;30;30;20;45;30;32;20;45;30;30;20;45;200;144;100;300;200;143;100;300;200;243;100;300;200;245;100;300;4;2;0.4;6;4;5;0.4;6;4;2;0.4;6;4;5;0.4;6;4;2;0.4;6;4;5;0.4;6;4;2;0.4;6;4;5;0.4;6;NOK;NOK;OK;7000;7097;6500;8100;OK;4.97;0;8;12;NOK;N/A;1.5;N/A;N/A;N/A;9;12.3;7;18;OK;;0;0;0;-;Disabled;TempOk;2;230;39.7;41.4;0;0;349.9;441345100 daimler 1500 1900;441345100 daimler 1500 1900;441345100 Daimler 1500 1900
20260320_20:14:32;9714;1;3;950;939.6;925;975;OK;950;951.5;925;975;OK;951.4;951.5;-20;-16.6;-50;-25;NOK;-20;-20.5;-50;-25;NOK;-18.9;-19.8;0;-20;-16.7;-50;-25;NOK;300;304;300;500;OK;0;0;N/A;N/A;N/A;N/A;N/A;N/A;N/A;N/A;N/A;N/A;N/A;N/A;N/A;N/A;N/A;N/A;N/A;N/A;N/A;N/A;N/A;N/A;N/A;N/A;N/A;N/A;N/A;N/A;N/A;N/A;N/A;N/A;N/A;N/A;N/A;N/A;N/A;N/A;N/A;N/A;N/A;N/A;N/A;N/A;N/A;N/A;N/A;N/A;N/A;N/A;N/A;N/A;N/A;N/A;N/A;N/A;N/A;N/A;N/A;N/A;N/A;N/A;N/A;N/A;N/A;N/A;N/A;N/A;N/A;N/A;N/A;N/A;N/A;N/A;N/A;N/A;N/A;N/A;N/A;N/A;N/A;N/A;N/A;N/A;N/A;N/A;N/A;N/A;N/A;N/A;N/A;N/A;N/A;N/A;N/A;N/A;N/A;N/A;;0;324.8;0;0;;Disabled;TempStop;2;700;328;273.7;0;0;599.9;549.9;Enabled;PosOk;2;0;0;0;0;0;15;Disabled;0;0;0;0;0;0;0;0;0;0;0;0;0;0;0;0;0;0;0;0;0;0;0;0;0;0;0;0;0;0;0;0;0;0;0;0;0;0;0;0;0;0;0;0;0;0;0;0;0;0;0;0;0;0;0;0;0;0;0;0;0;0;0;0;0;0;0;0;14;7;30;32;20;45;30;30;20;45;30;32;20;45;30;30;20;45;200;142;100;300;200;140;100;300;200;141;100;300;200;141;100;300;30;32;20;45;30;30;20;45;30;31;20;45;30;30;20;45;200;145;100;300;200;143;100;300;200;243;100;300;200;244;100;300;4;2;0.4;6;4;5;0.4;6;4;2;0.4;6;4;5;0.4;6;4;2;0.4;6;4;5;0.4;6;4;2;0.4;6;4;5;0.4;6;NOK;NOK;OK;7000;7059;6500;8100;OK;4.98;0;8;12;NOK;N/A;1.5;N/A;N/A;N/A;9;11.5;7;18;OK;;0;0;0;-;Disabled;TempOk;2;230;39.5;40.2;0;0;349.9;441345100 daimler 1500 1900;441345100 daimler 1500 1900;441345100 Daimler 1500 1900
20260320_20:14:41;9695;3;2;950;946.9;925;975;OK;950;951.6;925;975;OK;951.2;951.4;-20;-27.4;-50;-25;OK;-20;-19.6;-50;-25;NOK;-18.2;-19.3;0;-20;-27.1;-50;-25;OK;300;864;300;500;NOK;0;0;;;;;;;;;;;;;;;;;;;;;;;;;;;;;;;;;;;;;;;;;;;;;;;;;;;;;;;;;;;;;;;;;;;;;;;;;;;;;;;;;;;;;;;;;;;;;;;;;;;;;;;;;;;;;;;;;;;;;;;;;;;;;;;;;;;;;;;;;;;;;;;;;;;;;;;;;;;;;;;;;;;;;;;;;;;;;;;;;;;;;;;;;;;;;;;;;;;;;;;;;;;;;;;;;;;;;;;;;;;;;;;;;;;;;;;;;;;;;;;;;;;;;;;;;;;;;;;;;;;;;;;;;;;;;;;;;;;;;;;;;;;;;;;;;;;;;;;;;;;;;;;;;;;;;;;;;;;;;;;;;;;;;;;;441345100 daimler 1500 1900;;;;
20260320_20:15:24;9716;4;3;950;936.2;925;975;OK;950;956.8;925;975;OK;957.5;957.3;-15;-17.1;-50;-5;OK;-15;-12.6;-50;-5;OK;-20.4;-19.5;0;-15;-17.3;-50;-5;OK;300;323;300;500;OK;0.71;1.08;N/A;N/A;N/A;N/A;N/A;N/A;N/A;N/A;N/A;N/A;N/A;N/A;N/A;N/A;N/A;N/A;N/A;N/A;N/A;N/A;N/A;N/A;N/A;N/A;N/A;N/A;N/A;N/A;N/A;N/A;N/A;N/A;N/A;N/A;N/A;N/A;N/A;N/A;N/A;N/A;N/A;N/A;N/A;N/A;N/A;N/A;N/A;N/A;N/A;N/A;N/A;N/A;N/A;N/A;N/A;N/A;N/A;N/A;N/A;N/A;N/A;N/A;N/A;N/A;N/A;N/A;N/A;N/A;N/A;N/A;N/A;N/A;N/A;N/A;N/A;N/A;N/A;N/A;N/A;N/A;N/A;N/A;N/A;N/A;N/A;N/A;N/A;N/A;N/A;N/A;N/A;N/A;N/A;N/A;N/A;N/A;N/A;N/A;;0;323.4;0;0;;Disabled;TempStop;2;700;326.7;274.4;0;0;599.9;549.9;Enabled;PosOk;2;0;0;0;0;0;15;Disabled;0;0;0;0;0;0;0;0;0;0;0;0;0;0;0;0;0;0;0;0;0;0;0;0;0;0;0;0;0;0;0;0;0;0;0;0;0;0;0;0;0;0;0;0;0;0;0;0;0;0;0;0;0;0;0;0;0;0;0;0;0;0;0;0;0;0;0;0;0;0;30;31;20;45;30;29;20;45;30;31;20;45;30;29;20;45;200;142;100;300;200;140;100;300;200;140;100;300;200;141;100;300;30;31;20;45;30;29;20;45;30;30;20;45;30;29;20;45;200;145;100;300;200;143;100;300;200;242;100;300;200;244;100;300;4;2;0.4;6;4;5;0.4;6;4;2;0.4;6;4;5;0.4;6;4;2;0.4;6;4;5;0.4;6;4;2;0.4;6;4;5;0.4;6;NOK;NOK;OK;7000;7095;6500;8100;OK;4.97;0;8;12;NOK;N/A;1.5;N/A;N/A;N/A;9;12;7;18;OK;;0;0;0;-;Disabled;TempOk;2;230;39.3;39.9;0;0;349.9;441345100 daimler 1500 1900;441345100 daimler 1500 1900;441345100 Daimler 1500 1900
20260320_20:15:41;9717;3;4;950;940.8;925;975;OK;950;951.2;925;975;OK;951.3;951.2;-20;-24.1;-50;-25;NOK;-20;-19.7;-50;-25;NOK;-16.3;-18;0;-20;-24.2;-50;-25;NOK;300;308;300;500;OK;0;0;N/A;N/A;N/A;N/A;N/A;N/A;N/A;N/A;N/A;N/A;N/A;N/A;N/A;N/A;N/A;N/A;N/A;N/A;N/A;N/A;N/A;N/A;N/A;N/A;N/A;N/A;N/A;N/A;N/A;N/A;N/A;N/A;N/A;N/A;N/A;N/A;N/A;N/A;N/A;N/A;N/A;N/A;N/A;N/A;N/A;N/A;N/A;N/A;N/A;N/A;N/A;N/A;N/A;N/A;N/A;N/A;N/A;N/A;N/A;N/A;N/A;N/A;N/A;N/A;N/A;N/A;N/A;N/A;N/A;N/A;N/A;N/A;N/A;N/A;N/A;N/A;N/A;N/A;N/A;N/A;N/A;N/A;N/A;N/A;N/A;N/A;N/A;N/A;N/A;N/A;N/A;N/A;N/A;N/A;N/A;N/A;N/A;N/A;;0;324.6;0;0;;Disabled;TempStop;2;700;328.8;273.8;0;0;599.9;549.9;Enabled;PosOk;2;0;0;0;0;0;15;Disabled;0;0;0;0;0;0;0;0;0;0;0;0;0;0;0;0;0;0;0;0;0;0;0;0;0;0;0;0;0;0;0;0;0;0;0;0;0;0;0;0;0;0;0;0;0;0;0;0;0;0;0;0;0;0;0;0;0;0;0;0;0;0;0;0;0;0;0;0;0;0;30;32;20;45;30;29;20;45;30;32;20;45;30;29;20;45;200;142;100;300;200;140;100;300;200;140;100;300;200;140;100;300;30;31;20;45;30;29;20;45;30;30;20;45;30;29;20;45;200;144;100;300;200;143;100;300;200;242;100;300;200;243;100;300;4;2;0.4;6;4;5;0.4;6;4;2;0.4;6;4;5;0.4;6;4;2;0.4;6;4;5;0.4;6;4;2;0.4;6;4;5;0.4;6;NOK;NOK;OK;7000;7090;6500;8100;OK;4.97;0;8;12;NOK;N/A;1.5;N/A;N/A;N/A;9;12.4;7;18;OK;;0;0;0;-;Disabled;TempOk;2;230;40.4;40.2;0;0;349.9;441345100 daimler 1500 1900;441345100 daimler 1500 1900;441345100 Daimler 1500 1900
20260320_20:15:50;9699;1;4;950;946.2;925;975;OK;950;950.6;925;975;OK;950.6;950.6;-20;-19.4;-50;-25;NOK;-20;-15.3;-50;-25;NOK;-18.1;-18.1;0;-20;-19.1;-50;-25;NOK;300;866;300;500;NOK;0;0;;;;;;;;;;;;;;;;;;;;;;;;;;;;;;;;;;;;;;;;;;;;;;;;;;;;;;;;;;;;;;;;;;;;;;;;;;;;;;;;;;;;;;;;;;;;;;;;;;;;;;;;;;;;;;;;;;;;;;;;;;;;;;;;;;;;;;;;;;;;;;;;;;;;;;;;;;;;;;;;;;;;;;;;;;;;;;;;;;;;;;;;;;;;;;;;;;;;;;;;;;;;;;;;;;;;;;;;;;;;;;;;;;;;;;;;;;;;;;;;;;;;;;;;;;;;;;;;;;;;;;;;;;;;;;;;;;;;;;;;;;;;;;;;;;;;;;;;;;;;;;;;;;;;;;;;;;;;;;;;;;;;;;;;441345100 daimler 1500 1900;;;;
20260320_20:15:58;9715;2;3;950;936.8;925;975;OK;950;938.3;925;975;OK;936.5;942.6;-15;-25.6;-50;-20;OK;-15;-22;-50;-20;OK;-26.3;-24.9;0;-15;-25.7;-50;-20;OK;300;423;300;500;OK;0;0;N/A;N/A;N/A;N/A;N/A;N/A;N/A;N/A;N/A;N/A;N/A;N/A;N/A;N/A;N/A;N/A;N/A;N/A;N/A;N/A;N/A;N/A;N/A;N/A;N/A;N/A;N/A;N/A;N/A;N/A;N/A;N/A;N/A;N/A;N/A;N/A;N/A;N/A;N/A;N/A;N/A;N/A;N/A;N/A;N/A;N/A;N/A;N/A;N/A;N/A;N/A;N/A;N/A;N/A;N/A;N/A;N/A;N/A;N/A;N/A;N/A;N/A;N/A;N/A;N/A;N/A;N/A;N/A;N/A;N/A;N/A;N/A;N/A;N/A;N/A;N/A;N/A;N/A;N/A;N/A;N/A;N/A;N/A;N/A;N/A;N/A;N/A;N/A;N/A;N/A;N/A;N/A;N/A;N/A;N/A;N/A;N/A;N/A;;0;325.3;0;0;;Disabled;TempStop;2;700;329.7;271.9;0;0;599.9;549.9;Enabled;PosOk;2;0;0;0;0;0;15;Disabled;0;0;0;0;0;0;0;0;0;0;0;0;0;0;0;0;0;0;0;0;0;0;0;0;0;0;0;0;0;0;0;0;0;0;0;0;0;0;0;0;0;0;0;0;0;0;0;0;0;0;0;0;0;0;0;0;0;0;0;0;0;0;0;0;0;0;0;0;0;0;30;32;20;45;30;29;20;45;30;32;20;45;30;29;20;45;200;142;100;300;200;140;100;300;200;141;100;300;200;141;100;300;30;31;20;45;30;29;20;45;30;30;20;45;30;29;20;45;200;145;100;300;200;143;100;300;200;243;100;300;200;244;100;300;4;2;0.4;6;4;5;0.4;6;4;2;0.4;6;4;5;0.4;6;4;2;0.4;6;4;5;0.4;6;4;2;0.4;6;4;5;0.4;6;NOK;NOK;OK;7000;7107;6500;8100;OK;4.98;0;8;12;NOK;N/A;1.5;N/A;N/A;N/A;9;11.6;7;18;OK;;0;0;0;-;Disabled;TempOk;2;230;39.5;40.4;0;0;349.9;441345100 daimler 1500 1900;441345100 daimler 1500 1900;441345100 Daimler 1500 1900
20260320_20:16:33;9718;4;4;950;933.7;925;975;OK;950;956.8;925;975;OK;956.4;956.6;-15;-13.4;-50;-5;OK;-15;-6.8;-50;-5;OK;-11.8;-9.6;0;-15;-13.1;-50;-5;OK;300;328;300;500;OK;0.83;1.18;N/A;N/A;N/A;N/A;N/A;N/A;N/A;N/A;N/A;N/A;N/A;N/A;N/A;N/A;N/A;N/A;N/A;N/A;N/A;N/A;N/A;N/A;N/A;N/A;N/A;N/A;N/A;N/A;N/A;N/A;N/A;N/A;N/A;N/A;N/A;N/A;N/A;N/A;N/A;N/A;N/A;N/A;N/A;N/A;N/A;N/A;N/A;N/A;N/A;N/A;N/A;N/A;N/A;N/A;N/A;N/A;N/A;N/A;N/A;N/A;N/A;N/A;N/A;N/A;N/A;N/A;N/A;N/A;N/A;N/A;N/A;N/A;N/A;N/A;N/A;N/A;N/A;N/A;N/A;N/A;N/A;N/A;N/A;N/A;N/A;N/A;N/A;N/A;N/A;N/A;N/A;N/A;N/A;N/A;N/A;N/A;N/A;N/A;;0;322.6;0;0;;Disabled;TempStop;2;700;326.2;273.1;0;0;599.9;549.9;Enabled;PosOk;2;0;0;0;0;0;15;Disabled;0;0;0;0;0;0;0;0;0;0;0;0;0;0;0;0;0;0;0;0;0;0;0;0;0;0;0;0;0;0;0;0;0;0;0;0;0;0;0;0;0;0;0;0;0;0;0;0;0;0;0;0;0;0;0;0;0;0;0;0;0;0;0;0;0;0;0;0;0;0;30;31;20;45;30;29;20;45;30;31;20;45;30;29;20;45;200;142;100;300;200;139;100;300;200;141;100;300;200;140;100;300;30;31;20;45;30;29;20;45;30;30;20;45;30;29;20;45;200;144;100;300;200;143;100;300;200;243;100;300;200;243;100;300;4;2;0.4;6;4;5;0.4;6;4;2;0.4;6;4;5;0.4;6;4;2;0.4;6;4;5;0.4;6;4;2;0.4;6;4;5;0.4;6;NOK;NOK;OK;7000;7097;6500;8100;OK;4.97;0;8;12;NOK;N/A;1.5;N/A;N/A;N/A;9;12;7;18;OK;;0;0;0;-;Disabled;TempOk;2;230;39.3;40.9;0;0;349.9;441345100 daimler 1500 1900;441345100 daimler 1500 1900;441345100 Daimler 1500 1900
20260320_20:16:42;9700;2;4;950;947.6;925;975;OK;950;950.7;925;975;OK;947.2;946.9;-15;-34.1;-50;-20;OK;-15;-35;-50;-20;OK;-19.2;-19.5;0;-15;-34.1;-50;-20;OK;300;897;300;500;NOK;0;0;;;;;;;;;;;;;;;;;;;;;;;;;;;;;;;;;;;;;;;;;;;;;;;;;;;;;;;;;;;;;;;;;;;;;;;;;;;;;;;;;;;;;;;;;;;;;;;;;;;;;;;;;;;;;;;;;;;;;;;;;;;;;;;;;;;;;;;;;;;;;;;;;;;;;;;;;;;;;;;;;;;;;;;;;;;;;;;;;;;;;;;;;;;;;;;;;;;;;;;;;;;;;;;;;;;;;;;;;;;;;;;;;;;;;;;;;;;;;;;;;;;;;;;;;;;;;;;;;;;;;;;;;;;;;;;;;;;;;;;;;;;;;;;;;;;;;;;;;;;;;;;;;;;;;;;;;;;;;;;;;;;;;;;;441345100 daimler 1500 1900;;;;
20260320_20:16:50;9719;3;3;950;939.5;925;975;OK;950;951.3;925;975;OK;951.4;951.6;-20;-21.2;-50;-25;NOK;-20;-16.7;-50;-25;NOK;-15.9;-16.8;0;-20;-21.3;-50;-25;NOK;300;313;300;500;OK;0;0;N/A;N/A;N/A;N/A;N/A;N/A;N/A;N/A;N/A;N/A;N/A;N/A;N/A;N/A;N/A;N/A;N/A;N/A;N/A;N/A;N/A;N/A;N/A;N/A;N/A;N/A;N/A;N/A;N/A;N/A;N/A;N/A;N/A;N/A;N/A;N/A;N/A;N/A;N/A;N/A;N/A;N/A;N/A;N/A;N/A;N/A;N/A;N/A;N/A;N/A;N/A;N/A;N/A;N/A;N/A;N/A;N/A;N/A;N/A;N/A;N/A;N/A;N/A;N/A;N/A;N/A;N/A;N/A;N/A;N/A;N/A;N/A;N/A;N/A;N/A;N/A;N/A;N/A;N/A;N/A;N/A;N/A;N/A;N/A;N/A;N/A;N/A;N/A;N/A;N/A;N/A;N/A;N/A;N/A;N/A;N/A;N/A;N/A;;0;325.2;0;0;;Disabled;TempStop;2;700;329.3;274.2;0;0;599.9;549.9;Enabled;PosOk;2;0;0;0;0;0;15;Disabled;0;0;0;0;0;0;0;0;0;0;0;0;0;0;0;0;0;0;0;0;0;0;0;0;0;0;0;0;0;0;0;0;0;0;0;0;0;0;0;0;0;0;0;0;0;0;0;0;0;0;0;0;0;0;0;0;0;0;0;0;0;0;0;0;0;0;0;0;0;0;30;32;20;45;30;29;20;45;30;32;20;45;30;29;20;45;200;142;100;300;200;140;100;300;200;140;100;300;200;140;100;300;30;31;20;45;30;29;20;45;30;31;20;45;30;30;20;45;200;144;100;300;200;143;100;300;200;243;100;300;200;244;100;300;4;2;0.4;6;4;5;0.4;6;4;2;0.4;6;4;5;0.4;6;4;2;0.4;6;4;5;0.4;6;4;2;0.4;6;4;5;0.4;6;NOK;NOK;OK;7000;7102;6500;8100;OK;4.98;0;8;12;NOK;N/A;1.5;N/A;N/A;N/A;9;11.7;7;18;OK;;0;0;0;-;Disabled;TempOk;2;230;39.7;39.7;0;0;349.9;441345100 daimler 1500 1900;441345100 daimler 1500 1900;441345100 Daimler 1500 1900
20260320_20:16:59;9703;3;5;950;947.1;925;975;OK;950;950.9;925;975;OK;950.3;950.3;-20;-27.6;-50;-25;OK;-20;-19.3;-50;-25;NOK;-18.7;-19.4;0;-20;-27.4;-50;-25;OK;300;868;300;500;NOK;0;0;;;;;;;;;;;;;;;;;;;;;;;;;;;;;;;;;;;;;;;;;;;;;;;;;;;;;;;;;;;;;;;;;;;;;;;;;;;;;;;;;;;;;;;;;;;;;;;;;;;;;;;;;;;;;;;;;;;;;;;;;;;;;;;;;;;;;;;;;;;;;;;;;;;;;;;;;;;;;;;;;;;;;;;;;;;;;;;;;;;;;;;;;;;;;;;;;;;;;;;;;;;;;;;;;;;;;;;;;;;;;;;;;;;;;;;;;;;;;;;;;;;;;;;;;;;;;;;;;;;;;;;;;;;;;;;;;;;;;;;;;;;;;;;;;;;;;;;;;;;;;;;;;;;;;;;;;;;;;;;;;;;;;;;;441345100 daimler 1500 1900;;;;
20260320_20:17:34;9708;1;1;950;932;925;975;OK;950;949.5;925;975;OK;947.1;947.4;-20;-17.2;-50;-25;NOK;-20;-17.8;-50;-25;NOK;-14.1;-14.8;0;-20;-17.2;-50;-25;NOK;300;783;300;500;NOK;0;0;;;;;;;;;;;;;;;;;;;;;;;;;;;;;;;;;;;;;;;;;;;;;;;;;;;;;;;;;;;;;;;;;;;;;;;;;;;;;;;;;;;;;;;;;;;;;;;;;;;;;;;;;;;;;;;;;;;;;;;;;;;;;;;;;;;;;;;;;;;;;;;;;;;;;;;;;;;;;;;;;;;;;;;;;;;;;;;;;;;;;;;;;;;;;;;;;;;;;;;;;;;;;;;;;;;;;;;;;;;;;;;;;;;;;;;;;;;;;;;;;;;;;;;;;;;;;;;;;;;;;;;;;;;;;;;;;;;;;;;;;;;;;;;;;;;;;;;;;;;;;;;;;;;;;;;;;;;;;;;;;;;;;;;;441345100 daimler 1500 1900;;;;
20260320_20:17:42;9720;4;5;950;937.2;925;975;OK;950;949.8;925;975;OK;950.1;949.5;-15;-16;-50;-5;OK;-15;-11.6;-50;-5;OK;-12.1;-11.8;0;-15;-15.9;-50;-5;OK;300;332;300;500;OK;0.91;1.38;N/A;N/A;N/A;N/A;N/A;N/A;N/A;N/A;N/A;N/A;N/A;N/A;N/A;N/A;N/A;N/A;N/A;N/A;N/A;N/A;N/A;N/A;N/A;N/A;N/A;N/A;N/A;N/A;N/A;N/A;N/A;N/A;N/A;N/A;N/A;N/A;N/A;N/A;N/A;N/A;N/A;N/A;N/A;N/A;N/A;N/A;N/A;N/A;N/A;N/A;N/A;N/A;N/A;N/A;N/A;N/A;N/A;N/A;N/A;N/A;N/A;N/A;N/A;N/A;N/A;N/A;N/A;N/A;N/A;N/A;N/A;N/A;N/A;N/A;N/A;N/A;N/A;N/A;N/A;N/A;N/A;N/A;N/A;N/A;N/A;N/A;N/A;N/A;N/A;N/A;N/A;N/A;N/A;N/A;N/A;N/A;N/A;N/A;;0;324.7;0;0;;Disabled;TempStop;2;700;328.1;274.9;0;0;599.9;549.9;Enabled;PosOk;2;0;0;0;0;0;15;Disabled;0;0;0;0;0;0;0;0;0;0;0;0;0;0;0;0;0;0;0;0;0;0;0;0;0;0;0;0;0;0;0;0;0;0;0;0;0;0;0;0;0;0;0;0;0;0;0;0;0;0;0;0;0;0;0;0;0;0;0;0;0;0;0;0;0;0;0;0;0;0;30;31;20;45;30;30;20;45;30;31;20;45;30;30;20;45;200;142;100;300;200;140;100;300;200;141;100;300;200;140;100;300;30;31;20;45;30;30;20;45;30;30;20;45;30;30;20;45;200;144;100;300;200;143;100;300;200;243;100;300;200;244;100;300;4;2;0.4;6;4;5;0.4;6;4;2;0.4;6;4;5;0.4;6;4;2;0.4;6;4;5;0.4;6;4;2;0.4;6;4;5;0.4;6;NOK;NOK;OK;7000;7094;6500;8100;OK;4.97;0;8;12;NOK;N/A;1.5;N/A;N/A;N/A;9;11.5;7;18;OK;;0;0;0;-;Disabled;TempOk;2;230;39.7;41.7;0;0;349.9;441345100 daimler 1500 1900;441345100 daimler 1500 1900;441345100 Daimler 1500 1900
20260320_20:17:51;9704;2;5;950;941.8;925;975;OK;950;938.7;925;975;OK;938.2;933.9;-15;-30.2;-50;-20;OK;-15;-32.8;-50;-20;OK;-18.6;-20.2;0;-15;-29.9;-50;-20;OK;300;899;300;500;NOK;0;0;;;;;;;;;;;;;;;;;;;;;;;;;;;;;;;;;;;;;;;;;;;;;;;;;;;;;;;;;;;;;;;;;;;;;;;;;;;;;;;;;;;;;;;;;;;;;;;;;;;;;;;;;;;;;;;;;;;;;;;;;;;;;;;;;;;;;;;;;;;;;;;;;;;;;;;;;;;;;;;;;;;;;;;;;;;;;;;;;;;;;;;;;;;;;;;;;;;;;;;;;;;;;;;;;;;;;;;;;;;;;;;;;;;;;;;;;;;;;;;;;;;;;;;;;;;;;;;;;;;;;;;;;;;;;;;;;;;;;;;;;;;;;;;;;;;;;;;;;;;;;;;;;;;;;;;;;;;;;;;;;;;;;;;;441345100 daimler 1500 1900;;;;
20260320_20:19:00;9707;2;1;950;932.1;925;975;OK;950;934.5;925;975;OK;920.1;924.5;-15;-24.8;-50;-20;OK;-15;-29.9;-50;-20;OK;-17.3;-17.5;0;-15;-25;-50;-20;OK;300;886;300;500;NOK;0;0;;;;;;;;;;;;;;;;;;;;;;;;;;;;;;;;;;;;;;;;;;;;;;;;;;;;;;;;;;;;;;;;;;;;;;;;;;;;;;;;;;;;;;;;;;;;;;;;;;;;;;;;;;;;;;;;;;;;;;;;;;;;;;;;;;;;;;;;;;;;;;;;;;;;;;;;;;;;;;;;;;;;;;;;;;;;;;;;;;;;;;;;;;;;;;;;;;;;;;;;;;;;;;;;;;;;;;;;;;;;;;;;;;;;;;;;;;;;;;;;;;;;;;;;;;;;;;;;;;;;;;;;;;;;;;;;;;;;;;;;;;;;;;;;;;;;;;;;;;;;;;;;;;;;;;;;;;;;;;;;;;;;;;;;441345100 daimler 1500 1900;;;;
20260320_20:19:08;9721;3;1;950;938.1;925;975;OK;950;950.2;925;975;OK;949.7;949.9;-20;-21;-50;-25;NOK;-20;-17;-50;-25;NOK;-13.4;-14.6;0;-20;-21.1;-50;-25;NOK;300;333;300;500;OK;0;0;N/A;N/A;N/A;N/A;N/A;N/A;N/A;N/A;N/A;N/A;N/A;N/A;N/A;N/A;N/A;N/A;N/A;N/A;N/A;N/A;N/A;N/A;N/A;N/A;N/A;N/A;N/A;N/A;N/A;N/A;N/A;N/A;N/A;N/A;N/A;N/A;N/A;N/A;N/A;N/A;N/A;N/A;N/A;N/A;N/A;N/A;N/A;N/A;N/A;N/A;N/A;N/A;N/A;N/A;N/A;N/A;N/A;N/A;N/A;N/A;N/A;N/A;N/A;N/A;N/A;N/A;N/A;N/A;N/A;N/A;N/A;N/A;N/A;N/A;N/A;N/A;N/A;N/A;N/A;N/A;N/A;N/A;N/A;N/A;N/A;N/A;N/A;N/A;N/A;N/A;N/A;N/A;N/A;N/A;N/A;N/A;N/A;N/A;;0;324.1;0;0;;Disabled;TempStop;2;700;327.1;275.2;0;0;599.9;549.9;Enabled;PosOk;2;0;0;0;0;0;15;Disabled;0;0;0;0;0;0;0;0;0;0;0;0;0;0;0;0;0;0;0;0;0;0;0;0;0;0;0;0;0;0;0;0;0;0;0;0;0;0;0;0;0;0;0;0;0;0;0;0;0;0;0;0;0;0;0;0;0;0;0;0;0;0;0;0;0;0;0;0;0;0;30;30;20;45;30;30;20;45;30;30;20;45;30;29;20;45;200;142;100;300;200;140;100;300;200;140;100;300;200;140;100;300;30;30;20;45;30;30;20;45;30;30;20;45;30;30;20;45;200;144;100;300;200;143;100;300;200;243;100;300;200;244;100;300;4;2;0.4;6;4;5;0.4;6;4;2;0.4;6;4;5;0.4;6;4;2;0.4;6;4;5;0.4;6;4;2;0.4;6;4;5;0.4;6;NOK;NOK;OK;7000;7092;6500;8100;OK;4.97;0;8;12;NOK;N/A;1.5;N/A;N/A;N/A;9;11.6;7;18;OK;;0;0;0;-;Disabled;TempOk;2;230;39.9;39.7;0;0;349.9;441345100 daimler 1500 1900;441345100 daimler 1500 1900;441345100 Daimler 1500 1900
20260320_20:30:46;9713;2;2;950;936.1;925;975;OK;950;936.1;925;975;OK;941;939.3;-15;-26.4;-50;-20;OK;-15;-33.2;-50;-20;OK;-25.1;-24.9;0;-15;-26.5;-50;-20;OK;300;1455;300;500;NOK;0;0;;;;;;;;;;;;;;;;;;;;;;;;;;;;;;;;;;;;;;;;;;;;;;;;;;;;;;;;;;;;;;;;;;;;;;;;;;;;;;;;;;;;;;;;;;;;;;;;;;;;;;;;;;;;;;;;;;;;;;;;;;;;;;;;;;;;;;;;;;;;;;;;;;;;;;;;;;;;;;;;;;;;;;;;;;;;;;;;;;;;;;;;;;;;;;;;;;;;;;;;;;;;;;;;;;;;;;;;;;;;;;;;;;;;;;;;;;;;;;;;;;;;;;;;;;;;;;;;;;;;;;;;;;;;;;;;;;;;;;;;;;;;;;;;;;;;;;;;;;;;;;;;;;;;;;;;;;;;;;;;;;;;;;;;441345100 daimler 1500 1900;;;;
20260320_20:36:39;9724;1;1;950;947.1;925;975;OK;950;950.3;925;975;OK;950.4;950.4;-20;-18.1;-50;-25;NOK;-20;-16.3;-50;-25;NOK;-14.9;-15.6;0;-20;-18.1;-50;-25;NOK;300;308;300;500;OK;0;0;N/A;N/A;N/A;N/A;N/A;N/A;N/A;N/A;N/A;N/A;N/A;N/A;N/A;N/A;N/A;N/A;N/A;N/A;N/A;N/A;N/A;N/A;N/A;N/A;N/A;N/A;N/A;N/A;N/A;N/A;N/A;N/A;N/A;N/A;N/A;N/A;N/A;N/A;N/A;N/A;N/A;N/A;N/A;N/A;N/A;N/A;N/A;N/A;N/A;N/A;N/A;N/A;N/A;N/A;N/A;N/A;N/A;N/A;N/A;N/A;N/A;N/A;N/A;N/A;N/A;N/A;N/A;N/A;N/A;N/A;N/A;N/A;N/A;N/A;N/A;N/A;N/A;N/A;N/A;N/A;N/A;N/A;N/A;N/A;N/A;N/A;N/A;N/A;N/A;N/A;N/A;N/A;N/A;N/A;N/A;N/A;N/A;N/A;;0;325;0;0;;Disabled;TempStop;2;700;328.2;273.2;0;0;599.9;549.9;Enabled;PosOk;2;0;0;0;0;0;15;Disabled;0;0;0;0;0;0;0;0;0;0;0;0;0;0;0;0;0;0;0;0;0;0;0;0;0;0;0;0;0;0;0;0;0;0;0;0;0;0;0;0;0;0;0;0;0;0;0;0;0;0;0;0;0;0;0;0;0;0;0;0;0;0;0;0;0;0;0;0;0;0;30;30;20;45;30;30;20;45;30;30;20;45;30;30;20;45;200;142;100;300;200;139;100;300;200;140;100;300;200;140;100;300;30;30;20;45;30;30;20;45;30;30;20;45;30;30;20;45;200;144;100;300;200;143;100;300;200;242;100;300;200;243;100;300;4;2;0.4;6;4;5;0.4;6;4;2;0.4;6;4;5;0.4;6;4;2;0.4;6;4;5;0.4;6;4;2;0.4;6;4;5;0.4;6;NOK;NOK;OK;7000;7090;6500;8100;OK;4.97;0;8;12;NOK;N/A;1.5;N/A;N/A;N/A;9;11.5;7;18;OK;;0;0;0;-;Disabled;TempOk;2;230;37.9;38.2;0;0;349.9;441345100 daimler 1500 1900;441345100 daimler 1500 1900;441345100 Daimler 1500 1900
20260320_20:36:57;9725;2;1;950;929.1;925;975;OK;950;944.4;925;975;OK;942.6;943.2;-15;-24.9;-50;-20;OK;-15;-20.1;-50;-20;OK;-17;-18.5;0;-15;-25;-50;-20;OK;300;312;300;500;OK;0;0;N/A;N/A;N/A;N/A;N/A;N/A;N/A;N/A;N/A;N/A;N/A;N/A;N/A;N/A;N/A;N/A;N/A;N/A;N/A;N/A;N/A;N/A;N/A;N/A;N/A;N/A;N/A;N/A;N/A;N/A;N/A;N/A;N/A;N/A;N/A;N/A;N/A;N/A;N/A;N/A;N/A;N/A;N/A;N/A;N/A;N/A;N/A;N/A;N/A;N/A;N/A;N/A;N/A;N/A;N/A;N/A;N/A;N/A;N/A;N/A;N/A;N/A;N/A;N/A;N/A;N/A;N/A;N/A;N/A;N/A;N/A;N/A;N/A;N/A;N/A;N/A;N/A;N/A;N/A;N/A;N/A;N/A;N/A;N/A;N/A;N/A;N/A;N/A;N/A;N/A;N/A;N/A;N/A;N/A;N/A;N/A;N/A;N/A;;0;322.8;0;0;;Disabled;TempStop;2;700;326.6;272.4;0;0;599.9;549.9;Enabled;PosOk;2;0;0;0;0;0;15;Disabled;0;0;0;0;0;0;0;0;0;0;0;0;0;0;0;0;0;0;0;0;0;0;0;0;0;0;0;0;0;0;0;0;0;0;0;0;0;0;0;0;0;0;0;0;0;0;0;0;0;0;0;0;0;0;0;0;0;0;0;0;0;0;0;0;0;0;0;0;0;0;30;31;20;45;30;30;20;45;30;31;20;45;30;30;20;45;200;141;100;300;200;139;100;300;200;140;100;300;200;140;100;300;30;31;20;45;30;30;20;45;30;31;20;45;30;30;20;45;200;144;100;300;200;143;100;300;200;242;100;300;200;243;100;300;4;2;0.4;6;4;5;0.4;6;4;2;0.4;6;4;5;0.4;6;4;2;0.4;6;4;5;0.4;6;4;2;0.4;6;4;5;0.4;6;NOK;NOK;OK;7000;7102;6500;8100;OK;4.97;0;8;12;NOK;N/A;1.5;N/A;N/A;N/A;9;11.9;7;18;OK;;0;0;0;-;Disabled;TempOk;2;230;39.1;38.9;0;0;349.9;441345100 daimler 1500 1900;441345100 daimler 1500 1900;441345100 Daimler 1500 1900
20260320_20:37:14;9726;3;1;950;948;925;975;OK;950;950.9;925;975;OK;950.9;950.7;-20;-25.7;-50;-25;OK;-20;-17.7;-50;-25;NOK;-15;-16.2;0;-20;-25.7;-50;-25;OK;300;310;300;500;OK;0;0;N/A;N/A;N/A;N/A;N/A;N/A;N/A;N/A;N/A;N/A;N/A;N/A;N/A;N/A;N/A;N/A;N/A;N/A;N/A;N/A;N/A;N/A;N/A;N/A;N/A;N/A;N/A;N/A;N/A;N/A;N/A;N/A;N/A;N/A;N/A;N/A;N/A;N/A;N/A;N/A;N/A;N/A;N/A;N/A;N/A;N/A;N/A;N/A;N/A;N/A;N/A;N/A;N/A;N/A;N/A;N/A;N/A;N/A;N/A;N/A;N/A;N/A;N/A;N/A;N/A;N/A;N/A;N/A;N/A;N/A;N/A;N/A;N/A;N/A;N/A;N/A;N/A;N/A;N/A;N/A;N/A;N/A;N/A;N/A;N/A;N/A;N/A;N/A;N/A;N/A;N/A;N/A;N/A;N/A;N/A;N/A;N/A;N/A;;0;324;0;0;;Disabled;TempStop;2;700;327.6;271.2;0;0;599.9;549.9;Enabled;PosOk;2;0;0;0;0;0;15;Disabled;0;0;0;0;0;0;0;0;0;0;0;0;0;0;0;0;0;0;0;0;0;0;0;0;0;0;0;0;0;0;0;0;0;0;0;0;0;0;0;0;0;0;0;0;0;0;0;0;0;0;0;0;0;0;0;0;0;0;0;0;0;0;0;0;0;0;0;0;0;0;30;32;20;45;30;29;20;45;30;32;20;45;30;29;20;45;200;141;100;300;200;139;100;300;200;140;100;300;200;140;100;300;30;32;20;45;30;29;20;45;30;31;20;45;30;29;20;45;200;144;100;300;200;142;100;300;200;242;100;300;200;244;100;300;4;2;0.4;6;4;5;0.4;6;4;2;0.4;6;4;5;0.4;6;4;2;0.4;6;4;5;0.4;6;4;2;0.4;6;4;5;0.4;6;NOK;NOK;OK;7000;7104;6500;8100;OK;4.97;0;8;12;NOK;N/A;1.5;N/A;N/A;N/A;9;11.6;7;18;OK;;0;0;0;-;Disabled;TempOk;2;230;38.4;40.2;0;0;349.9;441345100 daimler 1500 1900;441345100 daimler 1500 1900;441345100 Daimler 1500 1900
20260320_20:37:31;9727;4;1;950;950.3;925;975;OK;950;951.1;925;975;OK;950.7;951;-15;-14.4;-50;-5;OK;-15;-16.3;-50;-5;OK;-16;-16.6;0;-15;-14.3;-50;-5;OK;300;314;300;500;OK;2.76;3.23;N/A;N/A;N/A;N/A;N/A;N/A;N/A;N/A;N/A;N/A;N/A;N/A;N/A;N/A;N/A;N/A;N/A;N/A;N/A;N/A;N/A;N/A;N/A;N/A;N/A;N/A;N/A;N/A;N/A;N/A;N/A;N/A;N/A;N/A;N/A;N/A;N/A;N/A;N/A;N/A;N/A;N/A;N/A;N/A;N/A;N/A;N/A;N/A;N/A;N/A;N/A;N/A;N/A;N/A;N/A;N/A;N/A;N/A;N/A;N/A;N/A;N/A;N/A;N/A;N/A;N/A;N/A;N/A;N/A;N/A;N/A;N/A;N/A;N/A;N/A;N/A;N/A;N/A;N/A;N/A;N/A;N/A;N/A;N/A;N/A;N/A;N/A;N/A;N/A;N/A;N/A;N/A;N/A;N/A;N/A;N/A;N/A;N/A;;0;323.4;0;0;;Disabled;TempStop;2;700;327;272.1;0;0;599.9;549.9;Enabled;PosOk;2;0;0;0;0;0;15;Disabled;0;0;0;0;0;0;0;0;0;0;0;0;0;0;0;0;0;0;0;0;0;0;0;0;0;0;0;0;0;0;0;0;0;0;0;0;0;0;0;0;0;0;0;0;0;0;0;0;0;0;0;0;0;0;0;0;0;0;0;0;0;0;0;0;0;0;0;0;0;0;30;32;20;45;30;29;20;45;30;32;20;45;30;29;20;45;200;141;100;300;200;139;100;300;200;140;100;300;200;140;100;300;30;32;20;45;30;29;20;45;30;31;20;45;30;29;20;45;200;144;100;300;200;142;100;300;200;242;100;300;200;244;100;300;4;2;0.4;6;4;5;0.4;6;4;2;0.4;6;4;5;0.4;6;4;2;0.4;6;4;5;0.4;6;4;2;0.4;6;4;5;0.4;6;NOK;NOK;OK;7000;7108;6500;8100;OK;4.98;0;8;12;NOK;N/A;1.5;N/A;N/A;N/A;9;12.3;7;18;OK;;0;0;0;-;Disabled;TempOk;2;230;38.9;39.1;0;0;349.9;441345100 daimler 1500 1900;441345100 daimler 1500 1900;441345100 Daimler 1500 1900
20260320_20:37:48;9728;1;2;950;948.3;925;975;OK;950;951.4;925;975;OK;951.4;951.5;-20;-17.7;-50;-25;NOK;-20;-14.9;-50;-25;NOK;-15.5;-16.5;0;-20;-17.3;-50;-25;NOK;300;310;300;500;OK;0;0;N/A;N/A;N/A;N/A;N/A;N/A;N/A;N/A;N/A;N/A;N/A;N/A;N/A;N/A;N/A;N/A;N/A;N/A;N/A;N/A;N/A;N/A;N/A;N/A;N/A;N/A;N/A;N/A;N/A;N/A;N/A;N/A;N/A;N/A;N/A;N/A;N/A;N/A;N/A;N/A;N/A;N/A;N/A;N/A;N/A;N/A;N/A;N/A;N/A;N/A;N/A;N/A;N/A;N/A;N/A;N/A;N/A;N/A;N/A;N/A;N/A;N/A;N/A;N/A;N/A;N/A;N/A;N/A;N/A;N/A;N/A;N/A;N/A;N/A;N/A;N/A;N/A;N/A;N/A;N/A;N/A;N/A;N/A;N/A;N/A;N/A;N/A;N/A;N/A;N/A;N/A;N/A;N/A;N/A;N/A;N/A;N/A;N/A;;0;325.8;0;0;;Disabled;TempStop;2;700;329.9;273.8;0;0;599.9;549.9;Enabled;PosOk;2;0;0;0;0;0;15;Disabled;0;0;0;0;0;0;0;0;0;0;0;0;0;0;0;0;0;0;0;0;0;0;0;0;0;0;0;0;0;0;0;0;0;0;0;0;0;0;0;0;0;0;0;0;0;0;0;0;0;0;0;0;0;0;0;0;0;0;0;0;0;0;0;0;0;0;0;0;0;0;30;32;20;45;30;29;20;45;30;32;20;45;30;29;20;45;200;142;100;300;200;139;100;300;200;140;100;300;200;140;100;300;30;32;20;45;30;29;20;45;30;31;20;45;30;29;20;45;200;144;100;300;200;143;100;300;200;242;100;300;200;243;100;300;4;2;0.4;6;4;5;0.4;6;4;2;0.4;6;4;5;0.4;6;4;2;0.4;6;4;5;0.4;6;4;3;0.4;6;4;5;0.4;6;NOK;NOK;OK;7000;7109;6500;8100;OK;4.98;0;8;12;NOK;N/A;1.5;N/A;N/A;N/A;9;11.8;7;18;OK;;0;0;0;-;Disabled;TempOk;2;230;39.3;39.5;0;0;349.9;441345100 daimler 1500 1900;441345100 daimler 1500 1900;441345100 Daimler 1500 1900
20260320_20:38:06;9729;2;2;950;943.4;925;975;OK;950;949.7;925;975;OK;948.9;949.2;-15;-22.5;-50;-20;OK;-15;-20.4;-50;-20;OK;-16.8;-18.4;0;-15;-21.9;-50;-20;OK;300;314;300;500;OK;0;0;N/A;N/A;N/A;N/A;N/A;N/A;N/A;N/A;N/A;N/A;N/A;N/A;N/A;N/A;N/A;N/A;N/A;N/A;N/A;N/A;N/A;N/A;N/A;N/A;N/A;N/A;N/A;N/A;N/A;N/A;N/A;N/A;N/A;N/A;N/A;N/A;N/A;N/A;N/A;N/A;N/A;N/A;N/A;N/A;N/A;N/A;N/A;N/A;N/A;N/A;N/A;N/A;N/A;N/A;N/A;N/A;N/A;N/A;N/A;N/A;N/A;N/A;N/A;N/A;N/A;N/A;N/A;N/A;N/A;N/A;N/A;N/A;N/A;N/A;N/A;N/A;N/A;N/A;N/A;N/A;N/A;N/A;N/A;N/A;N/A;N/A;N/A;N/A;N/A;N/A;N/A;N/A;N/A;N/A;N/A;N/A;N/A;N/A;;0;328;0;0;;Disabled;TempStop;2;700;332.3;274.6;0;0;599.9;549.9;Enabled;PosOk;2;0;0;0;0;0;15;Disabled;0;0;0;0;0;0;0;0;0;0;0;0;0;0;0;0;0;0;0;0;0;0;0;0;0;0;0;0;0;0;0;0;0;0;0;0;0;0;0;0;0;0;0;0;0;0;0;0;0;0;0;0;0;0;0;0;0;0;0;0;0;0;0;0;0;0;0;0;0;0;30;32;20;45;30;29;20;45;30;32;20;45;30;29;20;45;200;141;100;300;200;140;100;300;200;140;100;300;200;140;100;300;30;32;20;45;30;29;20;45;30;31;20;45;30;29;20;45;200;144;100;300;200;143;100;300;200;242;100;300;200;243;100;300;4;2;0.4;6;4;5;0.4;6;4;2;0.4;6;4;5;0.4;6;4;2;0.4;6;4;5;0.4;6;4;2;0.4;6;4;5;0.4;6;NOK;NOK;OK;7000;7121;6500;8100;OK;4.98;0;8;12;NOK;N/A;1.5;N/A;N/A;N/A;9;11.5;7;18;OK;;0;0;0;-;Disabled;TempOk;2;230;39.1;39.5;0;0;349.9;441345100 daimler 1500 1900;441345100 daimler 1500 1900;441345100 Daimler 1500 1900
20260320_20:38:23;9730;3;2;950;947.9;925;975;OK;950;951.8;925;975;OK;951.5;951.5;-20;-27.5;-50;-25;OK;-20;-18.7;-50;-25;NOK;-17.2;-18.5;0;-20;-27.2;-50;-25;OK;300;312;300;500;OK;0;0;N/A;N/A;N/A;N/A;N/A;N/A;N/A;N/A;N/A;N/A;N/A;N/A;N/A;N/A;N/A;N/A;N/A;N/A;N/A;N/A;N/A;N/A;N/A;N/A;N/A;N/A;N/A;N/A;N/A;N/A;N/A;N/A;N/A;N/A;N/A;N/A;N/A;N/A;N/A;N/A;N/A;N/A;N/A;N/A;N/A;N/A;N/A;N/A;N/A;N/A;N/A;N/A;N/A;N/A;N/A;N/A;N/A;N/A;N/A;N/A;N/A;N/A;N/A;N/A;N/A;N/A;N/A;N/A;N/A;N/A;N/A;N/A;N/A;N/A;N/A;N/A;N/A;N/A;N/A;N/A;N/A;N/A;N/A;N/A;N/A;N/A;N/A;N/A;N/A;N/A;N/A;N/A;N/A;N/A;N/A;N/A;N/A;N/A;;0;324.1;0;0;;Disabled;TempStop;2;700;328.3;272.3;0;0;599.9;549.9;Enabled;PosOk;2;0;0;0;0;0;15;Disabled;0;0;0;0;0;0;0;0;0;0;0;0;0;0;0;0;0;0;0;0;0;0;0;0;0;0;0;0;0;0;0;0;0;0;0;0;0;0;0;0;0;0;0;0;0;0;0;0;0;0;0;0;0;0;0;0;0;0;0;0;0;0;0;0;0;0;0;0;0;0;30;32;20;45;30;29;20;45;30;32;20;45;30;30;20;45;200;142;100;300;200;140;100;300;200;140;100;300;200;141;100;300;30;32;20;45;30;29;20;45;30;31;20;45;30;29;20;45;200;144;100;300;200;143;100;300;200;243;100;300;200;244;100;300;4;2;0.4;6;4;5;0.4;6;4;2;0.4;6;4;5;0.4;6;4;2;0.4;6;4;5;0.4;6;4;2;0.4;6;4;5;0.4;6;NOK;NOK;OK;7000;7104;6500;8100;OK;4.98;0;8;12;NOK;N/A;1.5;N/A;N/A;N/A;9;12.5;7;18;OK;;0;0;0;-;Disabled;TempOk;2;230;39.5;39.3;0;0;349.9;441345100 daimler 1500 1900;441345100 daimler 1500 1900;441345100 Daimler 1500 1900
20260320_20:38:40;9731;4;2;950;953.4;925;975;OK;950;952;925;975;OK;951.5;951.8;-15;-15.9;-50;-5;OK;-15;-16.7;-50;-5;OK;-15.4;-16;0;-15;-15.7;-50;-5;OK;300;316;300;500;OK;2.85;3.33;N/A;N/A;N/A;N/A;N/A;N/A;N/A;N/A;N/A;N/A;N/A;N/A;N/A;N/A;N/A;N/A;N/A;N/A;N/A;N/A;N/A;N/A;N/A;N/A;N/A;N/A;N/A;N/A;N/A;N/A;N/A;N/A;N/A;N/A;N/A;N/A;N/A;N/A;N/A;N/A;N/A;N/A;N/A;N/A;N/A;N/A;N/A;N/A;N/A;N/A;N/A;N/A;N/A;N/A;N/A;N/A;N/A;N/A;N/A;N/A;N/A;N/A;N/A;N/A;N/A;N/A;N/A;N/A;N/A;N/A;N/A;N/A;N/A;N/A;N/A;N/A;N/A;N/A;N/A;N/A;N/A;N/A;N/A;N/A;N/A;N/A;N/A;N/A;N/A;N/A;N/A;N/A;N/A;N/A;N/A;N/A;N/A;N/A;;0;325;0;0;;Disabled;TempStop;2;700;329;273.1;0;0;599.9;549.9;Enabled;PosOk;2;0;0;0;0;0;15;Disabled;0;0;0;0;0;0;0;0;0;0;0;0;0;0;0;0;0;0;0;0;0;0;0;0;0;0;0;0;0;0;0;0;0;0;0;0;0;0;0;0;0;0;0;0;0;0;0;0;0;0;0;0;0;0;0;0;0;0;0;0;0;0;0;0;0;0;0;0;0;0;30;33;20;45;30;30;20;45;30;32;20;45;30;30;20;45;200;142;100;300;200;140;100;300;200;140;100;300;200;140;100;300;30;32;20;45;30;30;20;45;30;31;20;45;30;30;20;45;200;144;100;300;200;143;100;300;200;242;100;300;200;244;100;300;4;2;0.4;6;4;5;0.4;6;4;2;0.4;6;4;5;0.4;6;4;2;0.4;6;4;5;0.4;6;4;2;0.4;6;4;5;0.4;6;NOK;NOK;OK;7000;7107;6500;8100;OK;4.98;0;8;12;NOK;N/A;1.5;N/A;N/A;N/A;9;11.5;7;18;OK;;0;0;0;-;Disabled;TempOk;2;230;39.1;39.3;0;0;349.9;441345100 daimler 1500 1900;441345100 daimler 1500 1900;441345100 Daimler 1500 1900
20260320_20:38:57;9732;1;3;950;948.4;925;975;OK;950;951.6;925;975;OK;951.6;951.4;-20;-17.1;-50;-25;NOK;-20;-14.4;-50;-25;NOK;-18.2;-17.6;0;-20;-16.8;-50;-25;NOK;300;313;300;500;OK;0;0;N/A;N/A;N/A;N/A;N/A;N/A;N/A;N/A;N/A;N/A;N/A;N/A;N/A;N/A;N/A;N/A;N/A;N/A;N/A;N/A;N/A;N/A;N/A;N/A;N/A;N/A;N/A;N/A;N/A;N/A;N/A;N/A;N/A;N/A;N/A;N/A;N/A;N/A;N/A;N/A;N/A;N/A;N/A;N/A;N/A;N/A;N/A;N/A;N/A;N/A;N/A;N/A;N/A;N/A;N/A;N/A;N/A;N/A;N/A;N/A;N/A;N/A;N/A;N/A;N/A;N/A;N/A;N/A;N/A;N/A;N/A;N/A;N/A;N/A;N/A;N/A;N/A;N/A;N/A;N/A;N/A;N/A;N/A;N/A;N/A;N/A;N/A;N/A;N/A;N/A;N/A;N/A;N/A;N/A;N/A;N/A;N/A;N/A;;0;325.1;0;0;;Disabled;TempStop;2;700;328.8;272.7;0;0;599.9;549.9;Enabled;PosOk;2;0;0;0;0;0;15;Disabled;0;0;0;0;0;0;0;0;0;0;0;0;0;0;0;0;0;0;0;0;0;0;0;0;0;0;0;0;0;0;0;0;0;0;0;0;0;0;0;0;0;0;0;0;0;0;0;0;0;0;0;0;0;0;0;0;0;0;0;0;0;0;0;0;0;0;0;0;0;0;30;33;20;45;30;30;20;45;30;33;20;45;30;30;20;45;200;142;100;300;200;140;100;300;200;140;100;300;200;140;100;300;30;32;20;45;30;30;20;45;30;31;20;45;30;30;20;45;200;144;100;300;200;143;100;300;200;242;100;300;200;243;100;300;4;2;0.4;6;4;5;0.4;6;4;2;0.4;6;4;5;0.4;6;4;2;0.4;6;4;5;0.4;6;4;3;0.4;6;4;5;0.4;6;NOK;NOK;OK;7000;7091;6500;8100;OK;4.98;0;8;12;NOK;N/A;1.5;N/A;N/A;N/A;9;12.4;7;18;OK;;0;0;0;-;Disabled;TempOk;2;230;39.1;39.5;0;0;349.9;441345100 daimler 1500 1900;441345100 daimler 1500 1900;441345100 Daimler 1500 1900
20260320_20:39:15;9733;2;3;950;946.9;925;975;OK;950;950.2;925;975;OK;949.9;950;-15;-27.2;-50;-20;OK;-15;-19.7;-50;-20;NOK;-16.7;-17.9;0;-15;-27.2;-50;-20;OK;300;316;300;500;OK;0;0;N/A;N/A;N/A;N/A;N/A;N/A;N/A;N/A;N/A;N/A;N/A;N/A;N/A;N/A;N/A;N/A;N/A;N/A;N/A;N/A;N/A;N/A;N/A;N/A;N/A;N/A;N/A;N/A;N/A;N/A;N/A;N/A;N/A;N/A;N/A;N/A;N/A;N/A;N/A;N/A;N/A;N/A;N/A;N/A;N/A;N/A;N/A;N/A;N/A;N/A;N/A;N/A;N/A;N/A;N/A;N/A;N/A;N/A;N/A;N/A;N/A;N/A;N/A;N/A;N/A;N/A;N/A;N/A;N/A;N/A;N/A;N/A;N/A;N/A;N/A;N/A;N/A;N/A;N/A;N/A;N/A;N/A;N/A;N/A;N/A;N/A;N/A;N/A;N/A;N/A;N/A;N/A;N/A;N/A;N/A;N/A;N/A;N/A;;0;324.3;0;0;;Disabled;TempStop;2;700;328.4;272.9;0;0;599.9;549.9;Enabled;PosOk;2;0;0;0;0;0;15;Disabled;0;0;0;0;0;0;0;0;0;0;0;0;0;0;0;0;0;0;0;0;0;0;0;0;0;0;0;0;0;0;0;0;0;0;0;0;0;0;0;0;0;0;0;0;0;0;0;0;0;0;0;0;0;0;0;0;0;0;0;0;0;0;0;0;0;0;0;0;0;0;30;33;20;45;30;30;20;45;30;33;20;45;30;30;20;45;200;142;100;300;200;140;100;300;200;141;100;300;200;140;100;300;30;32;20;45;30;30;20;45;30;31;20;45;30;30;20;45;200;144;100;300;200;143;100;300;200;242;100;300;200;244;100;300;4;2;0.4;6;4;5;0.4;6;4;2;0.4;6;4;5;0.4;6;4;2;0.4;6;4;5;0.4;6;4;2;0.4;6;4;5;0.4;6;NOK;NOK;OK;7000;7088;6500;8100;OK;4.98;0;8;12;NOK;N/A;1.5;N/A;N/A;N/A;9;11.6;7;18;OK;;0;0;0;-;Disabled;TempOk;2;230;39.7;39.9;0;0;349.9;441345100 daimler 1500 1900;441345100 daimler 1500 1900;441345100 Daimler 1500 1900
20260320_20:39:32;9734;3;3;950;947.7;925;975;OK;950;951.5;925;975;OK;951.5;951.3;-20;-27.8;-50;-25;OK;-20;-17.6;-50;-25;NOK;-15.5;-16.7;0;-20;-27.7;-50;-25;OK;300;314;300;500;OK;0;0;N/A;N/A;N/A;N/A;N/A;N/A;N/A;N/A;N/A;N/A;N/A;N/A;N/A;N/A;N/A;N/A;N/A;N/A;N/A;N/A;N/A;N/A;N/A;N/A;N/A;N/A;N/A;N/A;N/A;N/A;N/A;N/A;N/A;N/A;N/A;N/A;N/A;N/A;N/A;N/A;N/A;N/A;N/A;N/A;N/A;N/A;N/A;N/A;N/A;N/A;N/A;N/A;N/A;N/A;N/A;N/A;N/A;N/A;N/A;N/A;N/A;N/A;N/A;N/A;N/A;N/A;N/A;N/A;N/A;N/A;N/A;N/A;N/A;N/A;N/A;N/A;N/A;N/A;N/A;N/A;N/A;N/A;N/A;N/A;N/A;N/A;N/A;N/A;N/A;N/A;N/A;N/A;N/A;N/A;N/A;N/A;N/A;N/A;;0;324;0;0;;Disabled;TempStop;2;700;327.8;272.7;0;0;599.9;549.9;Enabled;PosOk;2;0;0;0;0;0;15;Disabled;0;0;0;0;0;0;0;0;0;0;0;0;0;0;0;0;0;0;0;0;0;0;0;0;0;0;0;0;0;0;0;0;0;0;0;0;0;0;0;0;0;0;0;0;0;0;0;0;0;0;0;0;0;0;0;0;0;0;0;0;0;0;0;0;0;0;0;0;0;0;30;33;20;45;30;30;20;45;30;33;20;45;30;30;20;45;200;142;100;300;200;140;100;300;200;141;100;300;200;140;100;300;30;33;20;45;30;30;20;45;30;32;20;45;30;30;20;45;200;144;100;300;200;143;100;300;200;242;100;300;200;243;100;300;4;2;0.4;6;4;5;0.4;6;4;2;0.4;6;4;5;0.4;6;4;2;0.4;6;4;5;0.4;6;4;2;0.4;6;4;5;0.4;6;NOK;NOK;OK;7000;7103;6500;8100;OK;4.98;0;8;12;NOK;N/A;1.5;N/A;N/A;N/A;9;12.2;7;18;OK;;0;0;0;-;Disabled;TempOk;2;230;39.3;39.9;0;0;349.9;441345100 daimler 1500 1900;441345100 daimler 1500 1900;441345100 Daimler 1500 1900
20260320_20:39:49;9735;4;3;950;955.6;925;975;OK;950;957.3;925;975;OK;952.7;954.7;-15;-13.3;-50;-5;OK;-15;-15.6;-50;-5;OK;-18.1;-18;0;-15;-13;-50;-5;OK;300;318;300;500;OK;2.96;3.43;N/A;N/A;N/A;N/A;N/A;N/A;N/A;N/A;N/A;N/A;N/A;N/A;N/A;N/A;N/A;N/A;N/A;N/A;N/A;N/A;N/A;N/A;N/A;N/A;N/A;N/A;N/A;N/A;N/A;N/A;N/A;N/A;N/A;N/A;N/A;N/A;N/A;N/A;N/A;N/A;N/A;N/A;N/A;N/A;N/A;N/A;N/A;N/A;N/A;N/A;N/A;N/A;N/A;N/A;N/A;N/A;N/A;N/A;N/A;N/A;N/A;N/A;N/A;N/A;N/A;N/A;N/A;N/A;N/A;N/A;N/A;N/A;N/A;N/A;N/A;N/A;N/A;N/A;N/A;N/A;N/A;N/A;N/A;N/A;N/A;N/A;N/A;N/A;N/A;N/A;N/A;N/A;N/A;N/A;N/A;N/A;N/A;N/A;;0;322.4;0;0;;Disabled;TempStop;2;700;326.4;272.5;0;0;599.9;549.9;Enabled;PosOk;2;0;0;0;0;0;15;Disabled;0;0;0;0;0;0;0;0;0;0;0;0;0;0;0;0;0;0;0;0;0;0;0;0;0;0;0;0;0;0;0;0;0;0;0;0;0;0;0;0;0;0;0;0;0;0;0;0;0;0;0;0;0;0;0;0;0;0;0;0;0;0;0;0;0;0;0;0;0;0;30;33;20;45;30;30;20;45;30;33;20;45;30;30;20;45;200;141;100;300;200;140;100;300;200;140;100;300;200;140;100;300;30;33;20;45;30;30;20;45;30;32;20;45;30;30;20;45;200;145;100;300;200;143;100;300;200;242;100;300;200;244;100;300;4;2;0.4;6;4;5;0.4;6;4;2;0.4;6;4;5;0.4;6;4;2;0.4;6;4;5;0.4;6;4;2;0.4;6;4;5;0.4;6;NOK;NOK;OK;7000;7091;6500;8100;OK;4.98;0;8;12;NOK;N/A;1.5;N/A;N/A;N/A;9;12;7;18;OK;;0;0;0;-;Disabled;TempOk;2;230;39.9;40.4;0;0;349.9;441345100 daimler 1500 1900;441345100 daimler 1500 1900;441345100 Daimler 1500 1900
20260320_20:40:06;9736;1;4;950;945.9;925;975;OK;950;950.9;925;975;OK;950.7;950.6;-20;-15.5;-50;-25;NOK;-20;-12.9;-50;-25;NOK;-16.3;-15.6;0;-20;-15.3;-50;-25;NOK;300;315;300;500;OK;0;0;N/A;N/A;N/A;N/A;N/A;N/A;N/A;N/A;N/A;N/A;N/A;N/A;N/A;N/A;N/A;N/A;N/A;N/A;N/A;N/A;N/A;N/A;N/A;N/A;N/A;N/A;N/A;N/A;N/A;N/A;N/A;N/A;N/A;N/A;N/A;N/A;N/A;N/A;N/A;N/A;N/A;N/A;N/A;N/A;N/A;N/A;N/A;N/A;N/A;N/A;N/A;N/A;N/A;N/A;N/A;N/A;N/A;N/A;N/A;N/A;N/A;N/A;N/A;N/A;N/A;N/A;N/A;N/A;N/A;N/A;N/A;N/A;N/A;N/A;N/A;N/A;N/A;N/A;N/A;N/A;N/A;N/A;N/A;N/A;N/A;N/A;N/A;N/A;N/A;N/A;N/A;N/A;N/A;N/A;N/A;N/A;N/A;N/A;;0;325.4;0;0;;Disabled;TempStop;2;700;329.9;273.8;0;0;599.9;549.9;Enabled;PosOk;2;0;0;0;0;0;15;Disabled;0;0;0;0;0;0;0;0;0;0;0;0;0;0;0;0;0;0;0;0;0;0;0;0;0;0;0;0;0;0;0;0;0;0;0;0;0;0;0;0;0;0;0;0;0;0;0;0;0;0;0;0;0;0;0;0;0;0;0;0;0;0;0;0;0;0;0;0;0;0;30;33;20;45;30;30;20;45;30;33;20;45;30;30;20;45;200;142;100;300;200;140;100;300;200;140;100;300;200;141;100;300;30;33;20;45;30;30;20;45;30;32;20;45;30;30;20;45;200;145;100;300;200;143;100;300;200;243;100;300;200;244;100;300;4;2;0.4;6;4;5;0.4;6;4;2;0.4;6;4;5;0.4;6;4;2;0.4;6;4;5;0.4;6;4;2;0.4;6;4;5;0.4;6;NOK;NOK;OK;7000;7095;6500;8100;OK;4.98;0;8;12;NOK;N/A;1.5;N/A;N/A;N/A;9;11.6;7;18;OK;;0;0;0;-;Disabled;TempOk;2;230;39.7;40.9;0;0;349.9;441345100 daimler 1500 1900;441345100 daimler 1500 1900;441345100 Daimler 1500 1900
20260320_20:40:24;9737;2;4;950;946.2;925;975;OK;950;950.8;925;975;OK;950.8;950.5;-15;-41.3;-50;-20;OK;-15;-24.1;-50;-20;OK;-19.4;-21.3;0;-15;-41.3;-50;-20;OK;300;319;300;500;OK;0;0;N/A;N/A;N/A;N/A;N/A;N/A;N/A;N/A;N/A;N/A;N/A;N/A;N/A;N/A;N/A;N/A;N/A;N/A;N/A;N/A;N/A;N/A;N/A;N/A;N/A;N/A;N/A;N/A;N/A;N/A;N/A;N/A;N/A;N/A;N/A;N/A;N/A;N/A;N/A;N/A;N/A;N/A;N/A;N/A;N/A;N/A;N/A;N/A;N/A;N/A;N/A;N/A;N/A;N/A;N/A;N/A;N/A;N/A;N/A;N/A;N/A;N/A;N/A;N/A;N/A;N/A;N/A;N/A;N/A;N/A;N/A;N/A;N/A;N/A;N/A;N/A;N/A;N/A;N/A;N/A;N/A;N/A;N/A;N/A;N/A;N/A;N/A;N/A;N/A;N/A;N/A;N/A;N/A;N/A;N/A;N/A;N/A;N/A;;0;326.5;0;0;;Disabled;TempStop;2;700;330.8;273.5;0;0;599.9;549.9;Enabled;PosOk;2;0;0;0;0;0;15;Disabled;0;0;0;0;0;0;0;0;0;0;0;0;0;0;0;0;0;0;0;0;0;0;0;0;0;0;0;0;0;0;0;0;0;0;0;0;0;0;0;0;0;0;0;0;0;0;0;0;0;0;0;0;0;0;0;0;0;0;0;0;0;0;0;0;0;0;0;0;0;0;30;33;20;45;30;30;20;45;30;33;20;45;30;30;20;45;200;142;100;300;200;140;100;300;200;140;100;300;200;140;100;300;30;33;20;45;30;30;20;45;30;32;20;45;30;30;20;45;200;144;100;300;200;143;100;300;200;243;100;300;200;244;100;300;4;2;0.4;6;4;5;0.4;6;4;2;0.4;6;4;5;0.4;6;4;2;0.4;6;4;5;0.4;6;4;2;0.4;6;4;5;0.4;6;NOK;NOK;OK;7000;7100;6500;8100;OK;4.98;0;8;12;NOK;N/A;1.5;N/A;N/A;N/A;9;12.3;7;18;OK;;0;0;0;-;Disabled;TempOk;2;230;39.9;40.7;0;0;349.9;441345100 daimler 1500 1900;441345100 daimler 1500 1900;441345100 Daimler 1500 1900
20260320_20:40:41;9738;3;4;950;947.9;925;975;OK;950;951.5;925;975;OK;951.4;951.2;-20;-22.2;-50;-25;NOK;-20;-16.6;-50;-25;NOK;-20.4;-20.2;0;-20;-21.7;-50;-25;NOK;300;317;300;500;OK;0;0;N/A;N/A;N/A;N/A;N/A;N/A;N/A;N/A;N/A;N/A;N/A;N/A;N/A;N/A;N/A;N/A;N/A;N/A;N/A;N/A;N/A;N/A;N/A;N/A;N/A;N/A;N/A;N/A;N/A;N/A;N/A;N/A;N/A;N/A;N/A;N/A;N/A;N/A;N/A;N/A;N/A;N/A;N/A;N/A;N/A;N/A;N/A;N/A;N/A;N/A;N/A;N/A;N/A;N/A;N/A;N/A;N/A;N/A;N/A;N/A;N/A;N/A;N/A;N/A;N/A;N/A;N/A;N/A;N/A;N/A;N/A;N/A;N/A;N/A;N/A;N/A;N/A;N/A;N/A;N/A;N/A;N/A;N/A;N/A;N/A;N/A;N/A;N/A;N/A;N/A;N/A;N/A;N/A;N/A;N/A;N/A;N/A;N/A;;0;323.4;0;0;;Disabled;TempStop;2;700;327.3;271.9;0;0;599.9;549.9;Enabled;PosOk;2;0;0;0;0;0;15;Disabled;0;0;0;0;0;0;0;0;0;0;0;0;0;0;0;0;0;0;0;0;0;0;0;0;0;0;0;0;0;0;0;0;0;0;0;0;0;0;0;0;0;0;0;0;0;0;0;0;0;0;0;0;0;0;0;0;0;0;0;0;0;0;0;0;0;0;0;0;0;0;30;34;20;45;30;30;20;45;30;34;20;45;30;30;20;45;200;142;100;300;200;140;100;300;200;140;100;300;200;141;100;300;30;33;20;45;30;30;20;45;30;32;20;45;30;30;20;45;200;144;100;300;200;143;100;300;200;243;100;300;200;244;100;300;4;2;0.4;6;4;5;0.4;6;4;2;0.4;6;4;5;0.4;6;4;2;0.4;6;4;5;0.4;6;4;2;0.4;6;4;5;0.4;6;NOK;NOK;OK;7000;7101;6500;8100;OK;4.99;0;8;12;NOK;N/A;1.5;N/A;N/A;N/A;9;11.9;7;18;OK;;0;0;0;-;Disabled;TempOk;2;230;39.9;41.2;0;0;349.9;441345100 daimler 1500 1900;441345100 daimler 1500 1900;441345100 Daimler 1500 1900
20260320_20:40:58;9739;4;4;950;944.7;925;975;OK;950;958.8;925;975;OK;958.5;958.6;-15;-17.3;-50;-5;OK;-15;-10.3;-50;-5;OK;-16.8;-14.3;0;-15;-17.2;-50;-5;OK;300;320;300;500;OK;3.08;3.54;N/A;N/A;N/A;N/A;N/A;N/A;N/A;N/A;N/A;N/A;N/A;N/A;N/A;N/A;N/A;N/A;N/A;N/A;N/A;N/A;N/A;N/A;N/A;N/A;N/A;N/A;N/A;N/A;N/A;N/A;N/A;N/A;N/A;N/A;N/A;N/A;N/A;N/A;N/A;N/A;N/A;N/A;N/A;N/A;N/A;N/A;N/A;N/A;N/A;N/A;N/A;N/A;N/A;N/A;N/A;N/A;N/A;N/A;N/A;N/A;N/A;N/A;N/A;N/A;N/A;N/A;N/A;N/A;N/A;N/A;N/A;N/A;N/A;N/A;N/A;N/A;N/A;N/A;N/A;N/A;N/A;N/A;N/A;N/A;N/A;N/A;N/A;N/A;N/A;N/A;N/A;N/A;N/A;N/A;N/A;N/A;N/A;N/A;;0;323.5;0;0;;Disabled;TempStop;2;700;327.6;272.8;0;0;599.9;549.9;Enabled;PosOk;2;0;0;0;0;0;15;Disabled;0;0;0;0;0;0;0;0;0;0;0;0;0;0;0;0;0;0;0;0;0;0;0;0;0;0;0;0;0;0;0;0;0;0;0;0;0;0;0;0;0;0;0;0;0;0;0;0;0;0;0;0;0;0;0;0;0;0;0;0;0;0;0;0;0;0;0;0;0;0;30;33;20;45;30;30;20;45;30;34;20;45;30;30;20;45;200;142;100;300;200;140;100;300;200;141;100;300;200;141;100;300;30;33;20;45;30;30;20;45;30;32;20;45;30;30;20;45;200;144;100;300;200;143;100;300;200;243;100;300;200;244;100;300;4;2;0.4;6;4;5;0.4;6;4;2;0.4;6;4;5;0.4;6;4;2;0.4;6;4;5;0.4;6;4;2;0.4;6;4;5;0.4;6;NOK;NOK;OK;7000;7109;6500;8100;OK;4.99;0;8;12;NOK;N/A;1.5;N/A;N/A;N/A;9;11.6;7;18;OK;;0;0;0;-;Disabled;TempOk;2;230;40.2;40.4;0;0;349.9;441345100 daimler 1500 1900;441345100 daimler 1500 1900;441345100 Daimler 1500 1900
20260320_20:41:15;9740;3;5;950;949.1;925;975;OK;950;950.8;925;975;OK;951.5;951.1;-20;-29.7;-50;-25;OK;-20;-20.9;-50;-25;NOK;-20.6;-21.6;0;-20;-29.2;-50;-25;OK;300;318;300;500;OK;0;0;N/A;N/A;N/A;N/A;N/A;N/A;N/A;N/A;N/A;N/A;N/A;N/A;N/A;N/A;N/A;N/A;N/A;N/A;N/A;N/A;N/A;N/A;N/A;N/A;N/A;N/A;N/A;N/A;N/A;N/A;N/A;N/A;N/A;N/A;N/A;N/A;N/A;N/A;N/A;N/A;N/A;N/A;N/A;N/A;N/A;N/A;N/A;N/A;N/A;N/A;N/A;N/A;N/A;N/A;N/A;N/A;N/A;N/A;N/A;N/A;N/A;N/A;N/A;N/A;N/A;N/A;N/A;N/A;N/A;N/A;N/A;N/A;N/A;N/A;N/A;N/A;N/A;N/A;N/A;N/A;N/A;N/A;N/A;N/A;N/A;N/A;N/A;N/A;N/A;N/A;N/A;N/A;N/A;N/A;N/A;N/A;N/A;N/A;;0;322.6;0;0;;Disabled;TempStop;2;700;326.7;272.7;0;0;599.9;549.9;Enabled;PosOk;2;0;0;0;0;0;15;Disabled;0;0;0;0;0;0;0;0;0;0;0;0;0;0;0;0;0;0;0;0;0;0;0;0;0;0;0;0;0;0;0;0;0;0;0;0;0;0;0;0;0;0;0;0;0;0;0;0;0;0;0;0;0;0;0;0;0;0;0;0;0;0;0;0;0;0;0;0;0;0;30;33;20;45;30;30;20;45;30;34;20;45;30;30;20;45;200;142;100;300;200;139;100;300;200;141;100;300;200;141;100;300;30;33;20;45;30;30;20;45;30;32;20;45;30;30;20;45;200;144;100;300;200;143;100;300;200;242;100;300;200;244;100;300;4;2;0.4;6;4;5;0.4;6;4;2;0.4;6;4;5;0.4;6;4;2;0.4;6;4;5;0.4;6;4;2;0.4;6;4;5;0.4;6;NOK;NOK;OK;7000;7103;6500;8100;OK;4.98;0;8;12;NOK;N/A;1.5;N/A;N/A;N/A;9;12.4;7;18;OK;;0;0;0;-;Disabled;TempOk;2;230;40.9;42.2;0;0;349.9;441345100 daimler 1500 1900;441345100 daimler 1500 1900;441345100 Daimler 1500 1900
20260320_20:41:33;9741;2;5;950;945.2;925;975;OK;950;949.9;925;975;OK;949.7;949.9;-15;-28;-50;-20;OK;-15;-21.8;-50;-20;OK;-20.6;-21.6;0;-15;-27.7;-50;-20;OK;300;321;300;500;OK;0;0;N/A;N/A;N/A;N/A;N/A;N/A;N/A;N/A;N/A;N/A;N/A;N/A;N/A;N/A;N/A;N/A;N/A;N/A;N/A;N/A;N/A;N/A;N/A;N/A;N/A;N/A;N/A;N/A;N/A;N/A;N/A;N/A;N/A;N/A;N/A;N/A;N/A;N/A;N/A;N/A;N/A;N/A;N/A;N/A;N/A;N/A;N/A;N/A;N/A;N/A;N/A;N/A;N/A;N/A;N/A;N/A;N/A;N/A;N/A;N/A;N/A;N/A;N/A;N/A;N/A;N/A;N/A;N/A;N/A;N/A;N/A;N/A;N/A;N/A;N/A;N/A;N/A;N/A;N/A;N/A;N/A;N/A;N/A;N/A;N/A;N/A;N/A;N/A;N/A;N/A;N/A;N/A;N/A;N/A;N/A;N/A;N/A;N/A;;0;325.6;0;0;;Disabled;TempStop;2;700;329.8;275;0;0;599.9;549.9;Enabled;PosOk;2;0;0;0;0;0;15;Disabled;0;0;0;0;0;0;0;0;0;0;0;0;0;0;0;0;0;0;0;0;0;0;0;0;0;0;0;0;0;0;0;0;0;0;0;0;0;0;0;0;0;0;0;0;0;0;0;0;0;0;0;0;0;0;0;0;0;0;0;0;0;0;0;0;0;0;0;0;0;0;30;33;20;45;30;30;20;45;30;34;20;45;30;30;20;45;200;141;100;300;200;140;100;300;200;140;100;300;200;140;100;300;30;33;20;45;30;30;20;45;30;32;20;45;30;30;20;45;200;145;100;300;200;143;100;300;200;243;100;300;200;244;100;300;4;2;0.4;6;4;5;0.4;6;4;2;0.4;6;4;5;0.4;6;4;2;0.4;6;4;5;0.4;6;4;2;0.4;6;4;5;0.4;6;NOK;NOK;OK;7000;7097;6500;8100;OK;4.98;0;8;12;NOK;N/A;1.5;N/A;N/A;N/A;9;11.7;7;18;OK;;0;0;0;-;Disabled;TempOk;2;230;40.4;41.4;0;0;349.9;441345100 daimler 1500 1900;441345100 daimler 1500 1900;441345100 Daimler 1500 1900
20260320_20:42:07;9743;4;5;950;946;925;975;OK;950;950.2;925;975;OK;950.6;950.1;-15;-13.6;-50;-5;OK;-15;-12.6;-50;-5;OK;-14.5;-13.7;0;-15;-13.4;-50;-5;OK;300;322;300;500;OK;3.16;3.64;N/A;N/A;N/A;N/A;N/A;N/A;N/A;N/A;N/A;N/A;N/A;N/A;N/A;N/A;N/A;N/A;N/A;N/A;N/A;N/A;N/A;N/A;N/A;N/A;N/A;N/A;N/A;N/A;N/A;N/A;N/A;N/A;N/A;N/A;N/A;N/A;N/A;N/A;N/A;N/A;N/A;N/A;N/A;N/A;N/A;N/A;N/A;N/A;N/A;N/A;N/A;N/A;N/A;N/A;N/A;N/A;N/A;N/A;N/A;N/A;N/A;N/A;N/A;N/A;N/A;N/A;N/A;N/A;N/A;N/A;N/A;N/A;N/A;N/A;N/A;N/A;N/A;N/A;N/A;N/A;N/A;N/A;N/A;N/A;N/A;N/A;N/A;N/A;N/A;N/A;N/A;N/A;N/A;N/A;N/A;N/A;N/A;N/A;;0;323.8;0;0;;Disabled;TempStop;2;700;327.5;274.6;0;0;599.9;549.9;Enabled;PosOk;2;0;0;0;0;0;15;Disabled;0;0;0;0;0;0;0;0;0;0;0;0;0;0;0;0;0;0;0;0;0;0;0;0;0;0;0;0;0;0;0;0;0;0;0;0;0;0;0;0;0;0;0;0;0;0;0;0;0;0;0;0;0;0;0;0;0;0;0;0;0;0;0;0;0;0;0;0;0;0;30;32;20;45;30;30;20;45;30;33;20;45;30;29;20;45;200;142;100;300;200;140;100;300;200;140;100;300;200;140;100;300;30;32;20;45;30;29;20;45;30;31;20;45;30;29;20;45;200;145;100;300;200;143;100;300;200;243;100;300;200;244;100;300;4;2;0.4;6;4;5;0.4;6;4;2;0.4;6;4;5;0.4;6;4;2;0.4;6;4;5;0.4;6;4;2;0.4;6;4;5;0.4;6;NOK;NOK;OK;7000;7091;6500;8100;OK;4.98;0;8;12;NOK;N/A;1.5;N/A;N/A;N/A;9;12;7;18;OK;;0;0;0;-;Disabled;TempOk;2;230;40.7;40.7;0;0;349.9;441345100 daimler 1500 1900;441345100 daimler 1500 1900;441345100 Daimler 1500 1900
20260320_20:42:24;9742;1;1;950;938.4;925;975;OK;950;950.6;925;975;OK;950.3;950.5;-20;-16.4;-50;-25;NOK;-20;-15.8;-50;-25;NOK;-13.8;-14.6;0;-20;-16.4;-50;-25;NOK;300;333;300;500;OK;0;0;N/A;N/A;N/A;N/A;N/A;N/A;N/A;N/A;N/A;N/A;N/A;N/A;N/A;N/A;N/A;N/A;N/A;N/A;N/A;N/A;N/A;N/A;N/A;N/A;N/A;N/A;N/A;N/A;N/A;N/A;N/A;N/A;N/A;N/A;N/A;N/A;N/A;N/A;N/A;N/A;N/A;N/A;N/A;N/A;N/A;N/A;N/A;N/A;N/A;N/A;N/A;N/A;N/A;N/A;N/A;N/A;N/A;N/A;N/A;N/A;N/A;N/A;N/A;N/A;N/A;N/A;N/A;N/A;N/A;N/A;N/A;N/A;N/A;N/A;N/A;N/A;N/A;N/A;N/A;N/A;N/A;N/A;N/A;N/A;N/A;N/A;N/A;N/A;N/A;N/A;N/A;N/A;N/A;N/A;N/A;N/A;N/A;N/A;;0;324.7;0;0;;Disabled;TempStop;2;700;328.4;275.4;0;0;599.9;549.9;Enabled;PosOk;2;0;0;0;0;0;15;Disabled;0;0;0;0;0;0;0;0;0;0;0;0;0;0;0;0;0;0;0;0;0;0;0;0;0;0;0;0;0;0;0;0;0;0;0;0;0;0;0;0;0;0;0;0;0;0;0;0;0;0;0;0;0;0;0;0;0;0;0;0;0;0;0;0;0;0;0;0;0;0;30;33;20;45;30;29;20;45;30;33;20;45;30;29;20;45;200;142;100;300;200;140;100;300;200;140;100;300;200;140;100;300;30;32;20;45;30;29;20;45;30;31;20;45;30;29;20;45;200;144;100;300;200;143;100;300;200;242;100;300;200;244;100;300;4;2;0.4;6;4;5;0.4;6;4;2;0.4;6;4;5;0.4;6;4;2;0.4;6;4;5;0.4;6;4;3;0.4;6;4;5;0.4;6;NOK;NOK;OK;7000;7091;6500;8100;OK;4.98;0;8;12;NOK;N/A;1.5;N/A;N/A;N/A;9;11.5;7;18;OK;;0;0;0;-;Disabled;TempOk;2;230;40.4;40.9;0;0;349.9;441345100 daimler 1500 1900;441345100 daimler 1500 1900;441345100 Daimler 1500 1900
20260320_20:42:42;9744;2;1;950;933.1;925;975;OK;950;947.1;925;975;OK;945.9;946.4;-15;-20.6;-50;-20;OK;-15;-19.2;-50;-20;NOK;-15.7;-16.8;0;-15;-20.7;-50;-20;OK;300;333;300;500;OK;0;0;N/A;N/A;N/A;N/A;N/A;N/A;N/A;N/A;N/A;N/A;N/A;N/A;N/A;N/A;N/A;N/A;N/A;N/A;N/A;N/A;N/A;N/A;N/A;N/A;N/A;N/A;N/A;N/A;N/A;N/A;N/A;N/A;N/A;N/A;N/A;N/A;N/A;N/A;N/A;N/A;N/A;N/A;N/A;N/A;N/A;N/A;N/A;N/A;N/A;N/A;N/A;N/A;N/A;N/A;N/A;N/A;N/A;N/A;N/A;N/A;N/A;N/A;N/A;N/A;N/A;N/A;N/A;N/A;N/A;N/A;N/A;N/A;N/A;N/A;N/A;N/A;N/A;N/A;N/A;N/A;N/A;N/A;N/A;N/A;N/A;N/A;N/A;N/A;N/A;N/A;N/A;N/A;N/A;N/A;N/A;N/A;N/A;N/A;;0;324;0;0;;Disabled;TempStop;2;700;327.9;274.5;0;0;599.9;549.9;Enabled;PosOk;2;0;0;0;0;0;15;Disabled;0;0;0;0;0;0;0;0;0;0;0;0;0;0;0;0;0;0;0;0;0;0;0;0;0;0;0;0;0;0;0;0;0;0;0;0;0;0;0;0;0;0;0;0;0;0;0;0;0;0;0;0;0;0;0;0;0;0;0;0;0;0;0;0;0;0;0;0;0;0;30;33;20;45;30;29;20;45;30;33;20;45;30;29;20;45;200;142;100;300;200;140;100;300;200;140;100;300;200;140;100;300;30;32;20;45;30;29;20;45;30;31;20;45;30;29;20;45;200;144;100;300;200;143;100;300;200;242;100;300;200;243;100;300;4;2;0.4;6;4;5;0.4;6;4;2;0.4;6;4;5;0.4;6;4;2;0.4;6;4;5;0.4;6;4;2;0.4;6;4;5;0.4;6;NOK;NOK;OK;7000;7092;6500;8100;OK;4.98;0;8;12;NOK;N/A;1.5;N/A;N/A;N/A;9;12.4;7;18;OK;;0;0;0;-;Disabled;TempOk;2;230;40.4;41.4;0;0;349.9;441345100 daimler 1500 1900;441345100 daimler 1500 1900;441345100 Daimler 1500 1900
20260320_20:42:59;9745;3;1;950;939.5;925;975;OK;950;950.9;925;975;OK;950.9;950.8;-20;-18.1;-50;-25;NOK;-20;-16;-50;-25;NOK;-12.7;-13.8;0;-20;-18.2;-50;-25;NOK;300;333;300;500;OK;0;0;N/A;N/A;N/A;N/A;N/A;N/A;N/A;N/A;N/A;N/A;N/A;N/A;N/A;N/A;N/A;N/A;N/A;N/A;N/A;N/A;N/A;N/A;N/A;N/A;N/A;N/A;N/A;N/A;N/A;N/A;N/A;N/A;N/A;N/A;N/A;N/A;N/A;N/A;N/A;N/A;N/A;N/A;N/A;N/A;N/A;N/A;N/A;N/A;N/A;N/A;N/A;N/A;N/A;N/A;N/A;N/A;N/A;N/A;N/A;N/A;N/A;N/A;N/A;N/A;N/A;N/A;N/A;N/A;N/A;N/A;N/A;N/A;N/A;N/A;N/A;N/A;N/A;N/A;N/A;N/A;N/A;N/A;N/A;N/A;N/A;N/A;N/A;N/A;N/A;N/A;N/A;N/A;N/A;N/A;N/A;N/A;N/A;N/A;;0;323.6;0;0;;Disabled;TempStop;2;700;327.3;273;0;0;599.9;549.9;Enabled;PosOk;2;0;0;0;0;0;15;Disabled;0;0;0;0;0;0;0;0;0;0;0;0;0;0;0;0;0;0;0;0;0;0;0;0;0;0;0;0;0;0;0;0;0;0;0;0;0;0;0;0;0;0;0;0;0;0;0;0;0;0;0;0;0;0;0;0;0;0;0;0;0;0;0;0;0;0;0;0;0;0;30;32;20;45;30;29;20;45;30;33;20;45;30;29;20;45;200;142;100;300;200;139;100;300;200;140;100;300;200;140;100;300;30;32;20;45;30;29;20;45;30;31;20;45;30;29;20;45;200;144;100;300;200;143;100;300;200;243;100;300;200;243;100;300;4;2;0.4;6;4;5;0.4;6;4;2;0.4;6;4;5;0.4;6;4;2;0.4;6;4;5;0.4;6;4;2;0.4;6;4;5;0.4;6;NOK;NOK;OK;7000;7102;6500;8100;OK;4.98;0;8;12;NOK;N/A;1.5;N/A;N/A;N/A;9;11.8;7;18;OK;;0;0;0;-;Disabled;TempOk;2;230;40.9;41.4;0;0;349.9;441345100 daimler 1500 1900;441345100 daimler 1500 1900;441345100 Daimler 1500 1900
20260320_20:43:16;9746;4;1;950;938.8;925;975;OK;950;950.7;925;975;OK;950.7;950.6;-15;-16.2;-50;-5;OK;-15;-14.7;-50;-5;OK;-14.7;-15;0;-15;-16.2;-50;-5;OK;300;333;300;500;OK;3.25;3.73;N/A;N/A;N/A;N/A;N/A;N/A;N/A;N/A;N/A;N/A;N/A;N/A;N/A;N/A;N/A;N/A;N/A;N/A;N/A;N/A;N/A;N/A;N/A;N/A;N/A;N/A;N/A;N/A;N/A;N/A;N/A;N/A;N/A;N/A;N/A;N/A;N/A;N/A;N/A;N/A;N/A;N/A;N/A;N/A;N/A;N/A;N/A;N/A;N/A;N/A;N/A;N/A;N/A;N/A;N/A;N/A;N/A;N/A;N/A;N/A;N/A;N/A;N/A;N/A;N/A;N/A;N/A;N/A;N/A;N/A;N/A;N/A;N/A;N/A;N/A;N/A;N/A;N/A;N/A;N/A;N/A;N/A;N/A;N/A;N/A;N/A;N/A;N/A;N/A;N/A;N/A;N/A;N/A;N/A;N/A;N/A;N/A;N/A;;0;322.3;0;0;;Disabled;TempStop;2;700;326.4;274;0;0;599.9;549.9;Enabled;PosOk;2;0;0;0;0;0;15;Disabled;0;0;0;0;0;0;0;0;0;0;0;0;0;0;0;0;0;0;0;0;0;0;0;0;0;0;0;0;0;0;0;0;0;0;0;0;0;0;0;0;0;0;0;0;0;0;0;0;0;0;0;0;0;0;0;0;0;0;0;0;0;0;0;0;0;0;0;0;0;0;30;32;20;45;30;29;20;45;30;33;20;45;30;29;20;45;200;142;100;300;200;139;100;300;200;141;100;300;200;140;100;300;30;32;20;45;30;29;20;45;30;31;20;45;30;29;20;45;200;144;100;300;200;143;100;300;200;242;100;300;200;244;100;300;4;2;0.4;6;4;5;0.4;6;4;2;0.4;6;4;5;0.4;6;4;2;0.4;6;4;5;0.4;6;4;2;0.4;6;4;5;0.4;6;NOK;NOK;OK;7000;7093;6500;8100;OK;4.98;0;8;12;NOK;N/A;1.5;N/A;N/A;N/A;9;12.1;7;18;OK;;0;0;0;-;Disabled;TempOk;2;230;40.7;41.2;0;0;349.9;441345100 daimler 1500 1900;441345100 daimler 1500 1900;441345100 Daimler 1500 1900
20260320_20:43:33;9747;1;2;950;940.3;925;975;OK;950;951.5;925;975;OK;951.4;951.4;-20;-13.7;-50;-25;NOK;-20;-14;-50;-25;NOK;-14.2;-15.1;0;-20;-13.6;-50;-25;NOK;300;333;300;500;OK;0;0;N/A;N/A;N/A;N/A;N/A;N/A;N/A;N/A;N/A;N/A;N/A;N/A;N/A;N/A;N/A;N/A;N/A;N/A;N/A;N/A;N/A;N/A;N/A;N/A;N/A;N/A;N/A;N/A;N/A;N/A;N/A;N/A;N/A;N/A;N/A;N/A;N/A;N/A;N/A;N/A;N/A;N/A;N/A;N/A;N/A;N/A;N/A;N/A;N/A;N/A;N/A;N/A;N/A;N/A;N/A;N/A;N/A;N/A;N/A;N/A;N/A;N/A;N/A;N/A;N/A;N/A;N/A;N/A;N/A;N/A;N/A;N/A;N/A;N/A;N/A;N/A;N/A;N/A;N/A;N/A;N/A;N/A;N/A;N/A;N/A;N/A;N/A;N/A;N/A;N/A;N/A;N/A;N/A;N/A;N/A;N/A;N/A;N/A;;0;324.5;0;0;;Disabled;TempStop;2;700;328.6;274.4;0;0;599.9;549.9;Enabled;PosOk;2;0;0;0;0;0;15;Disabled;0;0;0;0;0;0;0;0;0;0;0;0;0;0;0;0;0;0;0;0;0;0;0;0;0;0;0;0;0;0;0;0;0;0;0;0;0;0;0;0;0;0;0;0;0;0;0;0;0;0;0;0;0;0;0;0;0;0;0;0;0;0;0;0;0;0;0;0;0;0;30;32;20;45;30;29;20;45;30;33;20;45;30;29;20;45;200;141;100;300;200;139;100;300;200;140;100;300;200;140;100;300;30;32;20;45;30;29;20;45;30;31;20;45;30;30;20;45;200;145;100;300;200;143;100;300;200;242;100;300;200;243;100;300;4;2;0.4;6;4;5;0.4;6;4;2;0.4;6;4;5;0.4;6;4;2;0.4;6;4;5;0.4;6;4;2;0.4;6;4;5;0.4;6;NOK;NOK;OK;7000;7088;6500;8100;OK;4.98;0;8;12;NOK;N/A;1.5;N/A;N/A;N/A;9;11.9;7;18;OK;;0;0;0;-;Disabled;TempOk;2;230;40.7;40.9;0;0;349.9;441345100 daimler 1500 1900;441345100 daimler 1500 1900;441345100 Daimler 1500 1900
20260320_20:43:51;9748;2;2;950;938.6;925;975;OK;950;950.5;925;975;OK;950.1;950.5;-15;-20.7;-50;-20;OK;-15;-21;-50;-20;OK;-16.6;-18.3;0;-15;-20.8;-50;-20;OK;300;333;300;500;OK;0;0;N/A;N/A;N/A;N/A;N/A;N/A;N/A;N/A;N/A;N/A;N/A;N/A;N/A;N/A;N/A;N/A;N/A;N/A;N/A;N/A;N/A;N/A;N/A;N/A;N/A;N/A;N/A;N/A;N/A;N/A;N/A;N/A;N/A;N/A;N/A;N/A;N/A;N/A;N/A;N/A;N/A;N/A;N/A;N/A;N/A;N/A;N/A;N/A;N/A;N/A;N/A;N/A;N/A;N/A;N/A;N/A;N/A;N/A;N/A;N/A;N/A;N/A;N/A;N/A;N/A;N/A;N/A;N/A;N/A;N/A;N/A;N/A;N/A;N/A;N/A;N/A;N/A;N/A;N/A;N/A;N/A;N/A;N/A;N/A;N/A;N/A;N/A;N/A;N/A;N/A;N/A;N/A;N/A;N/A;N/A;N/A;N/A;N/A;;0;327.7;0;0;;Disabled;TempStop;2;700;331.7;276.5;0;0;599.9;549.9;Enabled;PosOk;2;0;0;0;0;0;15;Disabled;0;0;0;0;0;0;0;0;0;0;0;0;0;0;0;0;0;0;0;0;0;0;0;0;0;0;0;0;0;0;0;0;0;0;0;0;0;0;0;0;0;0;0;0;0;0;0;0;0;0;0;0;0;0;0;0;0;0;0;0;0;0;0;0;0;0;0;0;0;0;30;33;20;45;30;30;20;45;30;33;20;45;30;30;20;45;200;142;100;300;200;140;100;300;200;140;100;300;200;140;100;300;30;32;20;45;30;30;20;45;30;31;20;45;30;30;20;45;200;144;100;300;200;143;100;300;200;242;100;300;200;243;100;300;4;2;0.4;6;4;5;0.4;6;4;2;0.4;6;4;5;0.4;6;4;2;0.4;6;4;5;0.4;6;4;2;0.4;6;4;5;0.4;6;NOK;NOK;OK;7000;7105;6500;8100;OK;4.98;0;8;12;NOK;N/A;1.5;N/A;N/A;N/A;9;11.6;7;18;OK;;0;0;0;-;Disabled;TempOk;2;230;40.2;40.4;0;0;349.9;441345100 daimler 1500 1900;441345100 daimler 1500 1900;441345100 Daimler 1500 1900
20260320_20:44:08;9749;3;2;950;940.2;925;975;OK;950;951.5;925;975;OK;951.7;951.5;-20;-17.9;-50;-25;NOK;-20;-17.2;-50;-25;NOK;-14.9;-16.2;0;-20;-17.7;-50;-25;NOK;300;333;300;500;OK;0;0;N/A;N/A;N/A;N/A;N/A;N/A;N/A;N/A;N/A;N/A;N/A;N/A;N/A;N/A;N/A;N/A;N/A;N/A;N/A;N/A;N/A;N/A;N/A;N/A;N/A;N/A;N/A;N/A;N/A;N/A;N/A;N/A;N/A;N/A;N/A;N/A;N/A;N/A;N/A;N/A;N/A;N/A;N/A;N/A;N/A;N/A;N/A;N/A;N/A;N/A;N/A;N/A;N/A;N/A;N/A;N/A;N/A;N/A;N/A;N/A;N/A;N/A;N/A;N/A;N/A;N/A;N/A;N/A;N/A;N/A;N/A;N/A;N/A;N/A;N/A;N/A;N/A;N/A;N/A;N/A;N/A;N/A;N/A;N/A;N/A;N/A;N/A;N/A;N/A;N/A;N/A;N/A;N/A;N/A;N/A;N/A;N/A;N/A;;0;322.5;0;0;;Disabled;TempStop;2;700;326.6;273.5;0;0;599.9;549.9;Enabled;PosOk;2;0;0;0;0;0;15;Disabled;0;0;0;0;0;0;0;0;0;0;0;0;0;0;0;0;0;0;0;0;0;0;0;0;0;0;0;0;0;0;0;0;0;0;0;0;0;0;0;0;0;0;0;0;0;0;0;0;0;0;0;0;0;0;0;0;0;0;0;0;0;0;0;0;0;0;0;0;0;0;30;33;20;45;30;30;20;45;30;33;20;45;30;30;20;45;200;142;100;300;200;139;100;300;200;140;100;300;200;140;100;300;30;33;20;45;30;30;20;45;30;32;20;45;30;30;20;45;200;144;100;300;200;143;100;300;200;242;100;300;200;243;100;300;4;2;0.4;6;4;5;0.4;6;4;2;0.4;6;4;5;0.4;6;4;2;0.4;6;4;5;0.4;6;4;3;0.4;6;4;5;0.4;6;NOK;NOK;OK;7000;7088;6500;8100;OK;4.98;0;8;12;NOK;N/A;1.5;N/A;N/A;N/A;9;12.2;7;18;OK;;0;0;0;-;Disabled;TempOk;2;230;39.9;40.2;0;0;349.9;441345100 daimler 1500 1900;441345100 daimler 1500 1900;441345100 Daimler 1500 1900
20260320_20:44:25;9750;4;2;950;942.5;925;975;OK;950;952;925;975;OK;951.8;952;-15;-16.5;-50;-5;OK;-15;-15.2;-50;-5;OK;-15.3;-15.4;0;-15;-16.4;-50;-5;OK;300;333;300;500;OK;3.35;3.84;N/A;N/A;N/A;N/A;N/A;N/A;N/A;N/A;N/A;N/A;N/A;N/A;N/A;N/A;N/A;N/A;N/A;N/A;N/A;N/A;N/A;N/A;N/A;N/A;N/A;N/A;N/A;N/A;N/A;N/A;N/A;N/A;N/A;N/A;N/A;N/A;N/A;N/A;N/A;N/A;N/A;N/A;N/A;N/A;N/A;N/A;N/A;N/A;N/A;N/A;N/A;N/A;N/A;N/A;N/A;N/A;N/A;N/A;N/A;N/A;N/A;N/A;N/A;N/A;N/A;N/A;N/A;N/A;N/A;N/A;N/A;N/A;N/A;N/A;N/A;N/A;N/A;N/A;N/A;N/A;N/A;N/A;N/A;N/A;N/A;N/A;N/A;N/A;N/A;N/A;N/A;N/A;N/A;N/A;N/A;N/A;N/A;N/A;;0;325.4;0;0;;Disabled;TempStop;2;700;329.5;275.5;0;0;599.9;549.9;Enabled;PosOk;2;0;0;0;0;0;15;Disabled;0;0;0;0;0;0;0;0;0;0;0;0;0;0;0;0;0;0;0;0;0;0;0;0;0;0;0;0;0;0;0;0;0;0;0;0;0;0;0;0;0;0;0;0;0;0;0;0;0;0;0;0;0;0;0;0;0;0;0;0;0;0;0;0;0;0;0;0;0;0;30;33;20;45;30;29;20;45;30;33;20;45;30;29;20;45;200;142;100;300;200;140;100;300;200;140;100;300;200;140;100;300;30;32;20;45;30;29;20;45;30;31;20;45;30;29;20;45;200;144;100;300;200;143;100;300;200;242;100;300;200;244;100;300;4;2;0.4;6;4;5;0.4;6;4;2;0.4;6;4;5;0.4;6;4;2;0.4;6;4;5;0.4;6;4;2;0.4;6;4;5;0.4;6;NOK;NOK;OK;7000;7099;6500;8100;OK;5.02;0;8;12;NOK;N/A;1.5;N/A;N/A;N/A;9;12;7;18;OK;;0;0;0;-;Disabled;TempOk;2;230;41.7;41.7;0;0;349.9;441345100 daimler 1500 1900;441345100 daimler 1500 1900;441345100 Daimler 1500 1900
20260320_20:44:42;9751;1;3;950;940.5;925;975;OK;950;951.6;925;975;OK;951.5;951.4;-20;-13.6;-50;-25;NOK;-20;-13.6;-50;-25;NOK;-17.2;-16.9;0;-20;-13.4;-50;-25;NOK;300;333;300;500;OK;0;0;N/A;N/A;N/A;N/A;N/A;N/A;N/A;N/A;N/A;N/A;N/A;N/A;N/A;N/A;N/A;N/A;N/A;N/A;N/A;N/A;N/A;N/A;N/A;N/A;N/A;N/A;N/A;N/A;N/A;N/A;N/A;N/A;N/A;N/A;N/A;N/A;N/A;N/A;N/A;N/A;N/A;N/A;N/A;N/A;N/A;N/A;N/A;N/A;N/A;N/A;N/A;N/A;N/A;N/A;N/A;N/A;N/A;N/A;N/A;N/A;N/A;N/A;N/A;N/A;N/A;N/A;N/A;N/A;N/A;N/A;N/A;N/A;N/A;N/A;N/A;N/A;N/A;N/A;N/A;N/A;N/A;N/A;N/A;N/A;N/A;N/A;N/A;N/A;N/A;N/A;N/A;N/A;N/A;N/A;N/A;N/A;N/A;N/A;;0;324.1;0;0;;Disabled;TempStop;2;700;328.2;274.3;0;0;599.9;549.9;Enabled;PosOk;2;0;0;0;0;0;15;Disabled;0;0;0;0;0;0;0;0;0;0;0;0;0;0;0;0;0;0;0;0;0;0;0;0;0;0;0;0;0;0;0;0;0;0;0;0;0;0;0;0;0;0;0;0;0;0;0;0;0;0;0;0;0;0;0;0;0;0;0;0;0;0;0;0;0;0;0;0;0;0;30;33;20;45;30;29;20;45;30;33;20;45;30;29;20;45;200;142;100;300;200;139;100;300;200;141;100;300;200;140;100;300;30;32;20;45;30;29;20;45;30;31;20;45;30;29;20;45;200;144;100;300;200;143;100;300;200;243;100;300;200;243;100;300;4;2;0.4;6;4;5;0.4;6;4;2;0.4;6;4;5;0.4;6;4;2;0.4;6;4;5;0.4;6;4;2;0.4;6;4;5;0.4;6;NOK;NOK;OK;7000;7108;6500;8100;OK;4.98;0;8;12;NOK;N/A;1.5;N/A;N/A;N/A;9;11.5;7;18;OK;;0;0;0;-;Disabled;TempOk;2;230;40.2;41.4;0;0;349.9;441345100 daimler 1500 1900;441345100 daimler 1500 1900;441345100 Daimler 1500 1900
20260320_20:45:00;9752;2;3;950;940.7;925;975;OK;950;950.8;925;975;OK;950.4;950.4;-15;-20;-50;-20;NOK;-15;-19.2;-50;-20;NOK;-15.3;-16.7;0;-15;-20.1;-50;-20;OK;300;333;300;500;OK;0;0;N/A;N/A;N/A;N/A;N/A;N/A;N/A;N/A;N/A;N/A;N/A;N/A;N/A;N/A;N/A;N/A;N/A;N/A;N/A;N/A;N/A;N/A;N/A;N/A;N/A;N/A;N/A;N/A;N/A;N/A;N/A;N/A;N/A;N/A;N/A;N/A;N/A;N/A;N/A;N/A;N/A;N/A;N/A;N/A;N/A;N/A;N/A;N/A;N/A;N/A;N/A;N/A;N/A;N/A;N/A;N/A;N/A;N/A;N/A;N/A;N/A;N/A;N/A;N/A;N/A;N/A;N/A;N/A;N/A;N/A;N/A;N/A;N/A;N/A;N/A;N/A;N/A;N/A;N/A;N/A;N/A;N/A;N/A;N/A;N/A;N/A;N/A;N/A;N/A;N/A;N/A;N/A;N/A;N/A;N/A;N/A;N/A;N/A;;0;323.7;0;0;;Disabled;TempStop;2;700;327.9;275;0;0;599.9;549.9;Enabled;PosOk;2;0;0;0;0;0;15;Disabled;0;0;0;0;0;0;0;0;0;0;0;0;0;0;0;0;0;0;0;0;0;0;0;0;0;0;0;0;0;0;0;0;0;0;0;0;0;0;0;0;0;0;0;0;0;0;0;0;0;0;0;0;0;0;0;0;0;0;0;0;0;0;0;0;0;0;0;0;0;0;30;33;20;45;30;30;20;45;30;33;20;45;30;30;20;45;200;142;100;300;200;140;100;300;200;141;100;300;200;140;100;300;30;32;20;45;30;30;20;45;30;31;20;45;30;30;20;45;200;144;100;300;200;143;100;300;200;243;100;300;200;244;100;300;4;2;0.4;6;4;5;0.4;6;4;2;0.4;6;4;5;0.4;6;4;2;0.4;6;4;5;0.4;6;4;2;0.4;6;4;5;0.4;6;NOK;NOK;OK;7000;7091;6500;8100;OK;4.98;0;8;12;NOK;N/A;1.5;N/A;N/A;N/A;9;12.4;7;18;OK;;0;0;0;-;Disabled;TempOk;2;230;40.4;41.9;0;0;349.9;441345100 daimler 1500 1900;441345100 daimler 1500 1900;441345100 Daimler 1500 1900
20260320_20:45:17;9753;3;3;950;940.2;925;975;OK;950;951.5;925;975;OK;951.4;951.5;-20;-17.4;-50;-25;NOK;-20;-16.3;-50;-25;NOK;-13.4;-14.7;0;-20;-17.3;-50;-25;NOK;300;333;300;500;OK;0;0;N/A;N/A;N/A;N/A;N/A;N/A;N/A;N/A;N/A;N/A;N/A;N/A;N/A;N/A;N/A;N/A;N/A;N/A;N/A;N/A;N/A;N/A;N/A;N/A;N/A;N/A;N/A;N/A;N/A;N/A;N/A;N/A;N/A;N/A;N/A;N/A;N/A;N/A;N/A;N/A;N/A;N/A;N/A;N/A;N/A;N/A;N/A;N/A;N/A;N/A;N/A;N/A;N/A;N/A;N/A;N/A;N/A;N/A;N/A;N/A;N/A;N/A;N/A;N/A;N/A;N/A;N/A;N/A;N/A;N/A;N/A;N/A;N/A;N/A;N/A;N/A;N/A;N/A;N/A;N/A;N/A;N/A;N/A;N/A;N/A;N/A;N/A;N/A;N/A;N/A;N/A;N/A;N/A;N/A;N/A;N/A;N/A;N/A;;0;323.3;0;0;;Disabled;TempStop;2;700;327.4;274.1;0;0;599.9;549.9;Enabled;PosOk;2;0;0;0;0;0;15;Disabled;0;0;0;0;0;0;0;0;0;0;0;0;0;0;0;0;0;0;0;0;0;0;0;0;0;0;0;0;0;0;0;0;0;0;0;0;0;0;0;0;0;0;0;0;0;0;0;0;0;0;0;0;0;0;0;0;0;0;0;0;0;0;0;0;0;0;0;0;0;0;30;33;20;45;30;30;20;45;30;33;20;45;30;30;20;45;200;142;100;300;200;139;100;300;200;140;100;300;200;141;100;300;30;33;20;45;30;30;20;45;30;32;20;45;30;30;20;45;200;144;100;300;200;143;100;300;200;242;100;300;200;244;100;300;4;2;0.4;6;4;5;0.4;6;4;2;0.4;6;4;5;0.4;6;4;2;0.4;6;4;5;0.4;6;4;2;0.4;6;4;5;0.4;6;NOK;NOK;OK;7000;7101;6500;8100;OK;4.99;0;8;12;NOK;N/A;1.5;N/A;N/A;N/A;9;11.7;7;18;OK;;0;0;0;-;Disabled;TempOk;2;230;41.4;42.7;0;0;349.9;441345100 daimler 1500 1900;441345100 daimler 1500 1900;441345100 Daimler 1500 1900
20260320_20:45:34;9754;4;3;950;947.8;925;975;OK;950;955.7;925;975;OK;954.3;955.3;-15;-14.6;-50;-5;OK;-15;-12.9;-50;-5;OK;-16.6;-16.3;0;-15;-14.4;-50;-5;OK;300;333;300;500;OK;3.45;3.96;N/A;N/A;N/A;N/A;N/A;N/A;N/A;N/A;N/A;N/A;N/A;N/A;N/A;N/A;N/A;N/A;N/A;N/A;N/A;N/A;N/A;N/A;N/A;N/A;N/A;N/A;N/A;N/A;N/A;N/A;N/A;N/A;N/A;N/A;N/A;N/A;N/A;N/A;N/A;N/A;N/A;N/A;N/A;N/A;N/A;N/A;N/A;N/A;N/A;N/A;N/A;N/A;N/A;N/A;N/A;N/A;N/A;N/A;N/A;N/A;N/A;N/A;N/A;N/A;N/A;N/A;N/A;N/A;N/A;N/A;N/A;N/A;N/A;N/A;N/A;N/A;N/A;N/A;N/A;N/A;N/A;N/A;N/A;N/A;N/A;N/A;N/A;N/A;N/A;N/A;N/A;N/A;N/A;N/A;N/A;N/A;N/A;N/A;;0;323;0;0;;Disabled;TempStop;2;700;327;275.3;0;0;599.9;549.9;Enabled;PosOk;2;0;0;0;0;0;15;Disabled;0;0;0;0;0;0;0;0;0;0;0;0;0;0;0;0;0;0;0;0;0;0;0;0;0;0;0;0;0;0;0;0;0;0;0;0;0;0;0;0;0;0;0;0;0;0;0;0;0;0;0;0;0;0;0;0;0;0;0;0;0;0;0;0;0;0;0;0;0;0;30;33;20;45;30;30;20;45;30;33;20;45;30;30;20;45;200;142;100;300;200;139;100;300;200;140;100;300;200;141;100;300;30;33;20;45;30;30;20;45;30;32;20;45;30;30;20;45;200;144;100;300;200;143;100;300;200;242;100;300;200;243;100;300;4;2;0.4;6;4;5;0.4;6;4;2;0.4;6;4;5;0.4;6;4;2;0.4;6;4;5;0.4;6;4;2;0.4;6;4;5;0.4;6;NOK;NOK;OK;7000;7098;6500;8100;OK;4.98;0;8;12;NOK;N/A;1.5;N/A;N/A;N/A;9;12.2;7;18;OK;;0;0;0;-;Disabled;TempOk;2;230;40.4;40.9;0;0;349.9;441345100 daimler 1500 1900;441345100 daimler 1500 1900;441345100 Daimler 1500 1900
20260320_20:45:51;9755;1;4;950;939.5;925;975;OK;950;950.8;925;975;OK;950.5;950.7;-20;-12;-50;-25;NOK;-20;-12.1;-50;-25;NOK;-15.3;-14.9;0;-20;-11.8;-50;-25;NOK;300;333;300;500;OK;0;0;N/A;N/A;N/A;N/A;N/A;N/A;N/A;N/A;N/A;N/A;N/A;N/A;N/A;N/A;N/A;N/A;N/A;N/A;N/A;N/A;N/A;N/A;N/A;N/A;N/A;N/A;N/A;N/A;N/A;N/A;N/A;N/A;N/A;N/A;N/A;N/A;N/A;N/A;N/A;N/A;N/A;N/A;N/A;N/A;N/A;N/A;N/A;N/A;N/A;N/A;N/A;N/A;N/A;N/A;N/A;N/A;N/A;N/A;N/A;N/A;N/A;N/A;N/A;N/A;N/A;N/A;N/A;N/A;N/A;N/A;N/A;N/A;N/A;N/A;N/A;N/A;N/A;N/A;N/A;N/A;N/A;N/A;N/A;N/A;N/A;N/A;N/A;N/A;N/A;N/A;N/A;N/A;N/A;N/A;N/A;N/A;N/A;N/A;;0;325.1;0;0;;Disabled;TempStop;2;700;329.3;276.1;0;0;599.9;549.9;Enabled;PosOk;2;0;0;0;0;0;15;Disabled;0;0;0;0;0;0;0;0;0;0;0;0;0;0;0;0;0;0;0;0;0;0;0;0;0;0;0;0;0;0;0;0;0;0;0;0;0;0;0;0;0;0;0;0;0;0;0;0;0;0;0;0;0;0;0;0;0;0;0;0;0;0;0;0;0;0;0;0;0;0;30;33;20;45;30;30;20;45;30;33;20;45;30;30;20;45;200;142;100;300;200;140;100;300;200;140;100;300;200;140;100;300;30;33;20;45;30;30;20;45;30;32;20;45;30;30;20;45;200;144;100;300;200;143;100;300;200;242;100;300;200;243;100;300;4;2;0.4;6;4;5;0.4;6;4;2;0.4;6;4;5;0.4;6;4;2;0.4;6;4;5;0.4;6;4;2;0.4;6;4;5;0.4;6;NOK;NOK;OK;7000;7106;6500;8100;OK;4.98;0;8;12;NOK;N/A;1.5;N/A;N/A;N/A;9;11.8;7;18;OK;;0;0;0;-;Disabled;TempOk;2;230;40.2;41.4;0;0;349.9;441345100 daimler 1500 1900;441345100 daimler 1500 1900;441345100 Daimler 1500 1900
20260320_20:46:09;9756;2;4;950;940;925;975;OK;950;951.1;925;975;OK;950.9;950.9;-15;-24.6;-50;-20;OK;-15;-23.6;-50;-20;OK;-18.4;-20.3;0;-15;-24.7;-50;-20;OK;300;333;300;500;OK;0;0;N/A;N/A;N/A;N/A;N/A;N/A;N/A;N/A;N/A;N/A;N/A;N/A;N/A;N/A;N/A;N/A;N/A;N/A;N/A;N/A;N/A;N/A;N/A;N/A;N/A;N/A;N/A;N/A;N/A;N/A;N/A;N/A;N/A;N/A;N/A;N/A;N/A;N/A;N/A;N/A;N/A;N/A;N/A;N/A;N/A;N/A;N/A;N/A;N/A;N/A;N/A;N/A;N/A;N/A;N/A;N/A;N/A;N/A;N/A;N/A;N/A;N/A;N/A;N/A;N/A;N/A;N/A;N/A;N/A;N/A;N/A;N/A;N/A;N/A;N/A;N/A;N/A;N/A;N/A;N/A;N/A;N/A;N/A;N/A;N/A;N/A;N/A;N/A;N/A;N/A;N/A;N/A;N/A;N/A;N/A;N/A;N/A;N/A;;0;323.5;0;0;;Disabled;TempStop;2;700;327.6;274.4;0;0;599.9;549.9;Enabled;PosOk;2;0;0;0;0;0;15;Disabled;0;0;0;0;0;0;0;0;0;0;0;0;0;0;0;0;0;0;0;0;0;0;0;0;0;0;0;0;0;0;0;0;0;0;0;0;0;0;0;0;0;0;0;0;0;0;0;0;0;0;0;0;0;0;0;0;0;0;0;0;0;0;0;0;0;0;0;0;0;0;30;33;20;45;30;30;20;45;30;33;20;45;30;30;20;45;200;141;100;300;200;140;100;300;200;140;100;300;200;140;100;300;30;33;20;45;30;30;20;45;30;32;20;45;30;30;20;45;200;144;100;300;200;143;100;300;200;242;100;300;200;243;100;300;4;2;0.4;6;4;5;0.4;6;4;2;0.4;6;4;5;0.4;6;4;2;0.4;6;4;5;0.4;6;4;2;0.4;6;4;5;0.4;6;NOK;NOK;OK;7000;7105;6500;8100;OK;4.98;0;8;12;NOK;N/A;1.5;N/A;N/A;N/A;9;11.6;7;18;OK;;0;0;0;-;Disabled;TempOk;2;230;40.7;42.2;0;0;349.9;441345100 daimler 1500 1900;441345100 daimler 1500 1900;441345100 Daimler 1500 1900
20260320_20:46:26;9757;3;4;950;940.8;925;975;OK;950;951.3;925;975;OK;951.3;951.2;-20;-15.1;-50;-25;NOK;-20;-15.2;-50;-25;NOK;-18.5;-18.9;0;-20;-14.8;-50;-25;NOK;300;333;300;500;OK;0;0;N/A;N/A;N/A;N/A;N/A;N/A;N/A;N/A;N/A;N/A;N/A;N/A;N/A;N/A;N/A;N/A;N/A;N/A;N/A;N/A;N/A;N/A;N/A;N/A;N/A;N/A;N/A;N/A;N/A;N/A;N/A;N/A;N/A;N/A;N/A;N/A;N/A;N/A;N/A;N/A;N/A;N/A;N/A;N/A;N/A;N/A;N/A;N/A;N/A;N/A;N/A;N/A;N/A;N/A;N/A;N/A;N/A;N/A;N/A;N/A;N/A;N/A;N/A;N/A;N/A;N/A;N/A;N/A;N/A;N/A;N/A;N/A;N/A;N/A;N/A;N/A;N/A;N/A;N/A;N/A;N/A;N/A;N/A;N/A;N/A;N/A;N/A;N/A;N/A;N/A;N/A;N/A;N/A;N/A;N/A;N/A;N/A;N/A;;0;322.9;0;0;;Disabled;TempStop;2;700;326.9;273.4;0;0;599.9;549.9;Enabled;PosOk;2;0;0;0;0;0;15;Disabled;0;0;0;0;0;0;0;0;0;0;0;0;0;0;0;0;0;0;0;0;0;0;0;0;0;0;0;0;0;0;0;0;0;0;0;0;0;0;0;0;0;0;0;0;0;0;0;0;0;0;0;0;0;0;0;0;0;0;0;0;0;0;0;0;0;0;0;0;0;0;30;33;20;45;30;30;20;45;30;33;20;45;30;30;20;45;200;142;100;300;200;139;100;300;200;140;100;300;200;140;100;300;30;33;20;45;30;30;20;45;30;31;20;45;30;30;20;45;200;145;100;300;200;143;100;300;200;242;100;300;200;243;100;300;4;2;0.4;6;4;5;0.4;6;4;2;0.4;6;4;5;0.4;6;4;2;0.4;6;4;5;0.4;6;4;2;0.4;6;4;5;0.4;6;NOK;NOK;OK;7000;7094;6500;8100;OK;4.98;0;8;12;NOK;N/A;1.5;N/A;N/A;N/A;9;12.4;7;18;OK;;0;0;0;-;Disabled;TempOk;2;230;40.7;41.9;0;0;349.9;441345100 daimler 1500 1900;441345100 daimler 1500 1900;441345100 Daimler 1500 1900
20260320_20:46:43;9758;4;4;950;933;925;975;OK;950;956.9;925;975;OK;956.4;956.6;-15;-9.7;-50;-5;OK;-15;-8.4;-50;-5;OK;-14.3;-12.3;0;-15;-9.6;-50;-5;OK;300;333;300;500;OK;3.56;4.1;N/A;N/A;N/A;N/A;N/A;N/A;N/A;N/A;N/A;N/A;N/A;N/A;N/A;N/A;N/A;N/A;N/A;N/A;N/A;N/A;N/A;N/A;N/A;N/A;N/A;N/A;N/A;N/A;N/A;N/A;N/A;N/A;N/A;N/A;N/A;N/A;N/A;N/A;N/A;N/A;N/A;N/A;N/A;N/A;N/A;N/A;N/A;N/A;N/A;N/A;N/A;N/A;N/A;N/A;N/A;N/A;N/A;N/A;N/A;N/A;N/A;N/A;N/A;N/A;N/A;N/A;N/A;N/A;N/A;N/A;N/A;N/A;N/A;N/A;N/A;N/A;N/A;N/A;N/A;N/A;N/A;N/A;N/A;N/A;N/A;N/A;N/A;N/A;N/A;N/A;N/A;N/A;N/A;N/A;N/A;N/A;N/A;N/A;;0;323.7;0;0;;Disabled;TempStop;2;700;327.8;273.9;0;0;599.9;549.9;Enabled;PosOk;2;0;0;0;0;0;15;Disabled;0;0;0;0;0;0;0;0;0;0;0;0;0;0;0;0;0;0;0;0;0;0;0;0;0;0;0;0;0;0;0;0;0;0;0;0;0;0;0;0;0;0;0;0;0;0;0;0;0;0;0;0;0;0;0;0;0;0;0;0;0;0;0;0;0;0;0;0;0;0;30;33;20;45;30;30;20;45;30;33;20;45;30;30;20;45;200;141;100;300;200;140;100;300;200;141;100;300;200;140;100;300;30;33;20;45;30;30;20;45;30;32;20;45;30;30;20;45;200;144;100;300;200;143;100;300;200;243;100;300;200;243;100;300;4;2;0.4;6;4;5;0.4;6;4;2;0.4;6;4;5;0.4;6;4;2;0.4;6;4;5;0.4;6;4;3;0.4;6;4;5;0.4;6;NOK;NOK;OK;7000;7101;6500;8100;OK;4.98;0;8;12;NOK;N/A;1.5;N/A;N/A;N/A;9;11.7;7;18;OK;;0;0;0;-;Disabled;TempOk;2;230;40.4;42.9;0;0;349.9;441345100 daimler 1500 1900;441345100 daimler 1500 1900;441345100 Daimler 1500 1900
20260320_20:47:00;9759;3;5;950;941.9;925;975;OK;950;951.7;925;975;OK;951.8;951.3;-20;-20.4;-50;-25;NOK;-20;-19.2;-50;-25;NOK;-18.8;-19.7;0;-20;-20.1;-50;-25;NOK;300;333;300;500;OK;0;0;N/A;N/A;N/A;N/A;N/A;N/A;N/A;N/A;N/A;N/A;N/A;N/A;N/A;N/A;N/A;N/A;N/A;N/A;N/A;N/A;N/A;N/A;N/A;N/A;N/A;N/A;N/A;N/A;N/A;N/A;N/A;N/A;N/A;N/A;N/A;N/A;N/A;N/A;N/A;N/A;N/A;N/A;N/A;N/A;N/A;N/A;N/A;N/A;N/A;N/A;N/A;N/A;N/A;N/A;N/A;N/A;N/A;N/A;N/A;N/A;N/A;N/A;N/A;N/A;N/A;N/A;N/A;N/A;N/A;N/A;N/A;N/A;N/A;N/A;N/A;N/A;N/A;N/A;N/A;N/A;N/A;N/A;N/A;N/A;N/A;N/A;N/A;N/A;N/A;N/A;N/A;N/A;N/A;N/A;N/A;N/A;N/A;N/A;;0;323;0;0;;Disabled;TempStop;2;700;327;272.8;0;0;599.9;549.9;Enabled;PosOk;2;0;0;0;0;0;15;Disabled;0;0;0;0;0;0;0;0;0;0;0;0;0;0;0;0;0;0;0;0;0;0;0;0;0;0;0;0;0;0;0;0;0;0;0;0;0;0;0;0;0;0;0;0;0;0;0;0;0;0;0;0;0;0;0;0;0;0;0;0;0;0;0;0;0;0;0;0;0;0;30;33;20;45;30;30;20;45;30;33;20;45;30;30;20;45;200;142;100;300;200;139;100;300;200;140;100;300;200;140;100;300;30;33;20;45;30;30;20;45;30;32;20;45;30;30;20;45;200;144;100;300;200;143;100;300;200;242;100;300;200;243;100;300;4;2;0.4;6;4;5;0.4;6;4;2;0.4;6;4;5;0.4;6;4;2;0.4;6;4;5;0.4;6;4;2;0.4;6;4;5;0.4;6;NOK;NOK;OK;7000;7090;6500;8100;OK;4.98;0;8;12;NOK;N/A;1.5;N/A;N/A;N/A;9;12.2;7;18;OK;;0;0;0;-;Disabled;TempOk;2;230;40.7;40.7;0;0;349.9;441345100 daimler 1500 1900;441345100 daimler 1500 1900;441345100 Daimler 1500 1900
20260320_20:47:18;9760;2;5;950;937.8;925;975;OK;950;950.4;925;975;OK;950.4;950.1;-15;-21.3;-50;-20;OK;-15;-19.8;-50;-20;NOK;-18.9;-19.8;0;-15;-21.1;-50;-20;OK;300;333;300;500;OK;0;0;N/A;N/A;N/A;N/A;N/A;N/A;N/A;N/A;N/A;N/A;N/A;N/A;N/A;N/A;N/A;N/A;N/A;N/A;N/A;N/A;N/A;N/A;N/A;N/A;N/A;N/A;N/A;N/A;N/A;N/A;N/A;N/A;N/A;N/A;N/A;N/A;N/A;N/A;N/A;N/A;N/A;N/A;N/A;N/A;N/A;N/A;N/A;N/A;N/A;N/A;N/A;N/A;N/A;N/A;N/A;N/A;N/A;N/A;N/A;N/A;N/A;N/A;N/A;N/A;N/A;N/A;N/A;N/A;N/A;N/A;N/A;N/A;N/A;N/A;N/A;N/A;N/A;N/A;N/A;N/A;N/A;N/A;N/A;N/A;N/A;N/A;N/A;N/A;N/A;N/A;N/A;N/A;N/A;N/A;N/A;N/A;N/A;N/A;;0;325.1;0;0;;Disabled;TempStop;2;700;329.3;275.1;0;0;599.9;549.9;Enabled;PosOk;2;0;0;0;0;0;15;Disabled;0;0;0;0;0;0;0;0;0;0;0;0;0;0;0;0;0;0;0;0;0;0;0;0;0;0;0;0;0;0;0;0;0;0;0;0;0;0;0;0;0;0;0;0;0;0;0;0;0;0;0;0;0;0;0;0;0;0;0;0;0;0;0;0;0;0;0;0;0;0;30;33;20;45;30;30;20;45;30;33;20;45;30;30;20;45;200;142;100;300;200;140;100;300;200;141;100;300;200;141;100;300;30;33;20;45;30;30;20;45;30;31;20;45;30;30;20;45;200;144;100;300;200;143;100;300;200;243;100;300;200;244;100;300;4;2;0.4;6;4;5;0.4;6;4;2;0.4;6;4;5;0.4;6;4;2;0.4;6;4;5;0.4;6;4;2;0.4;6;4;5;0.4;6;NOK;NOK;OK;7000;7094;6500;8100;OK;4.98;0;8;12;NOK;N/A;1.5;N/A;N/A;N/A;9;11.9;7;18;OK;;0;0;0;-;Disabled;TempOk;2;230;41.4;41.7;0;0;349.9;441345100 daimler 1500 1900;441345100 daimler 1500 1900;441345100 Daimler 1500 1900
20260320_20:47:52;9762;4;5;950;935.1;925;975;OK;950;950;925;975;OK;949.6;949.8;-15;-12.3;-50;-5;OK;-15;-13.9;-50;-5;OK;-14.7;-14.5;0;-15;-12.2;-50;-5;OK;300;333;300;500;OK;3.66;4.24;N/A;N/A;N/A;N/A;N/A;N/A;N/A;N/A;N/A;N/A;N/A;N/A;N/A;N/A;N/A;N/A;N/A;N/A;N/A;N/A;N/A;N/A;N/A;N/A;N/A;N/A;N/A;N/A;N/A;N/A;N/A;N/A;N/A;N/A;N/A;N/A;N/A;N/A;N/A;N/A;N/A;N/A;N/A;N/A;N/A;N/A;N/A;N/A;N/A;N/A;N/A;N/A;N/A;N/A;N/A;N/A;N/A;N/A;N/A;N/A;N/A;N/A;N/A;N/A;N/A;N/A;N/A;N/A;N/A;N/A;N/A;N/A;N/A;N/A;N/A;N/A;N/A;N/A;N/A;N/A;N/A;N/A;N/A;N/A;N/A;N/A;N/A;N/A;N/A;N/A;N/A;N/A;N/A;N/A;N/A;N/A;N/A;N/A;;0;324.4;0;0;;Disabled;TempStop;2;700;327.8;277;0;0;599.9;549.9;Enabled;PosOk;2;0;0;0;0;0;15;Disabled;0;0;0;0;0;0;0;0;0;0;0;0;0;0;0;0;0;0;0;0;0;0;0;0;0;0;0;0;0;0;0;0;0;0;0;0;0;0;0;0;0;0;0;0;0;0;0;0;0;0;0;0;0;0;0;0;0;0;0;0;0;0;0;0;0;0;0;0;0;0;30;32;20;45;30;30;20;45;30;32;20;45;30;30;20;45;200;141;100;300;200;140;100;300;200;140;100;300;200;140;100;300;30;32;20;45;30;30;20;45;30;31;20;45;30;30;20;45;200;145;100;300;200;143;100;300;200;242;100;300;200;243;100;300;4;2;0.4;6;4;5;0.4;6;4;2;0.4;6;4;5;0.4;6;4;2;0.4;6;4;5;0.4;6;4;2;0.4;6;4;5;0.4;6;NOK;NOK;OK;7000;7065;6500;8100;OK;4.98;0;8;12;NOK;N/A;1.5;N/A;N/A;N/A;9;12.3;7;18;OK;;0;0;0;-;Disabled;TempOk;2;230;40.9;41.2;0;0;349.9;441345100 daimler 1500 1900;441345100 daimler 1500 1900;441345100 Daimler 1500 1900
20260320_20:48:09;9761;1;1;950;939.3;925;975;OK;950;950.6;925;975;OK;950.5;950.6;-20;-16;-50;-25;NOK;-20;-15.3;-50;-25;NOK;-13.3;-14.1;0;-20;-16;-50;-25;NOK;300;333;300;500;OK;0;0;N/A;N/A;N/A;N/A;N/A;N/A;N/A;N/A;N/A;N/A;N/A;N/A;N/A;N/A;N/A;N/A;N/A;N/A;N/A;N/A;N/A;N/A;N/A;N/A;N/A;N/A;N/A;N/A;N/A;N/A;N/A;N/A;N/A;N/A;N/A;N/A;N/A;N/A;N/A;N/A;N/A;N/A;N/A;N/A;N/A;N/A;N/A;N/A;N/A;N/A;N/A;N/A;N/A;N/A;N/A;N/A;N/A;N/A;N/A;N/A;N/A;N/A;N/A;N/A;N/A;N/A;N/A;N/A;N/A;N/A;N/A;N/A;N/A;N/A;N/A;N/A;N/A;N/A;N/A;N/A;N/A;N/A;N/A;N/A;N/A;N/A;N/A;N/A;N/A;N/A;N/A;N/A;N/A;N/A;N/A;N/A;N/A;N/A;;0;324.7;0;0;;Disabled;TempStop;2;700;328.1;277.3;0;0;599.9;549.9;Enabled;PosOk;2;0;0;0;0;0;15;Disabled;0;0;0;0;0;0;0;0;0;0;0;0;0;0;0;0;0;0;0;0;0;0;0;0;0;0;0;0;0;0;0;0;0;0;0;0;0;0;0;0;0;0;0;0;0;0;0;0;0;0;0;0;0;0;0;0;0;0;0;0;0;0;0;0;0;0;0;0;0;0;30;32;20;45;30;30;20;45;30;32;20;45;30;30;20;45;200;142;100;300;200;139;100;300;200;141;100;300;200;140;100;300;30;32;20;45;30;30;20;45;30;31;20;45;30;30;20;45;200;144;100;300;200;143;100;300;200;243;100;300;200;243;100;300;4;2;0.4;6;4;5;0.4;6;4;2;0.4;6;4;5;0.4;6;4;2;0.4;6;4;5;0.4;6;4;2;0.4;6;4;5;0.4;6;NOK;NOK;OK;7000;7098;6500;8100;OK;4.98;0;8;12;NOK;N/A;1.5;N/A;N/A;N/A;9;11.9;7;18;OK;;0;0;0;-;Disabled;TempOk;2;230;40.2;43.1;0;0;349.9;441345100 daimler 1500 1900;441345100 daimler 1500 1900;441345100 Daimler 1500 1900
20260320_20:48:26;9763;2;1;950;936.4;925;975;OK;950;948.9;925;975;OK;948.2;948.3;-15;-19.5;-50;-20;NOK;-15;-18.5;-50;-20;NOK;-15.3;-16.3;0;-15;-19.6;-50;-20;NOK;300;333;300;500;OK;0;0;N/A;N/A;N/A;N/A;N/A;N/A;N/A;N/A;N/A;N/A;N/A;N/A;N/A;N/A;N/A;N/A;N/A;N/A;N/A;N/A;N/A;N/A;N/A;N/A;N/A;N/A;N/A;N/A;N/A;N/A;N/A;N/A;N/A;N/A;N/A;N/A;N/A;N/A;N/A;N/A;N/A;N/A;N/A;N/A;N/A;N/A;N/A;N/A;N/A;N/A;N/A;N/A;N/A;N/A;N/A;N/A;N/A;N/A;N/A;N/A;N/A;N/A;N/A;N/A;N/A;N/A;N/A;N/A;N/A;N/A;N/A;N/A;N/A;N/A;N/A;N/A;N/A;N/A;N/A;N/A;N/A;N/A;N/A;N/A;N/A;N/A;N/A;N/A;N/A;N/A;N/A;N/A;N/A;N/A;N/A;N/A;N/A;N/A;;0;323.2;0;0;;Disabled;TempStop;2;700;327.2;274.9;0;0;599.9;549.9;Enabled;PosOk;2;0;0;0;0;0;15;Disabled;0;0;0;0;0;0;0;0;0;0;0;0;0;0;0;0;0;0;0;0;0;0;0;0;0;0;0;0;0;0;0;0;0;0;0;0;0;0;0;0;0;0;0;0;0;0;0;0;0;0;0;0;0;0;0;0;0;0;0;0;0;0;0;0;0;0;0;0;0;0;30;33;20;45;30;30;20;45;30;33;20;45;30;30;20;45;200;142;100;300;200;139;100;300;200;140;100;300;200;140;100;300;30;33;20;45;30;30;20;45;30;32;20;45;30;30;20;45;200;145;100;300;200;143;100;300;200;243;100;300;200;245;100;300;4;2;0.4;6;4;5;0.4;6;4;2;0.4;6;4;5;0.4;6;4;2;0.4;6;4;5;0.4;6;4;2;0.4;6;4;5;0.4;6;NOK;NOK;OK;7000;7097;6500;8100;OK;4.98;0;8;12;NOK;N/A;1.5;N/A;N/A;N/A;9;11.5;7;18;OK;;0;0;0;-;Disabled;TempOk;2;230;40.4;43.3;0;0;349.9;441345100 daimler 1500 1900;441345100 daimler 1500 1900;441345100 Daimler 1500 1900
20260320_20:48:44;9764;3;1;950;939.9;925;975;OK;950;951.1;925;975;OK;950.9;950.9;-20;-16.4;-50;-25;NOK;-20;-15.3;-50;-25;NOK;-12.1;-13.2;0;-20;-16.5;-50;-25;NOK;300;333;300;500;OK;0;0;N/A;N/A;N/A;N/A;N/A;N/A;N/A;N/A;N/A;N/A;N/A;N/A;N/A;N/A;N/A;N/A;N/A;N/A;N/A;N/A;N/A;N/A;N/A;N/A;N/A;N/A;N/A;N/A;N/A;N/A;N/A;N/A;N/A;N/A;N/A;N/A;N/A;N/A;N/A;N/A;N/A;N/A;N/A;N/A;N/A;N/A;N/A;N/A;N/A;N/A;N/A;N/A;N/A;N/A;N/A;N/A;N/A;N/A;N/A;N/A;N/A;N/A;N/A;N/A;N/A;N/A;N/A;N/A;N/A;N/A;N/A;N/A;N/A;N/A;N/A;N/A;N/A;N/A;N/A;N/A;N/A;N/A;N/A;N/A;N/A;N/A;N/A;N/A;N/A;N/A;N/A;N/A;N/A;N/A;N/A;N/A;N/A;N/A;;0;323.5;0;0;;Disabled;TempStop;2;700;327.6;274;0;0;599.9;549.9;Enabled;PosOk;2;0;0;0;0;0;15;Disabled;0;0;0;0;0;0;0;0;0;0;0;0;0;0;0;0;0;0;0;0;0;0;0;0;0;0;0;0;0;0;0;0;0;0;0;0;0;0;0;0;0;0;0;0;0;0;0;0;0;0;0;0;0;0;0;0;0;0;0;0;0;0;0;0;0;0;0;0;0;0;30;33;20;45;30;30;20;45;30;33;20;45;30;30;20;45;200;141;100;300;200;140;100;300;200;141;100;300;200;140;100;300;30;33;20;45;30;30;20;45;30;32;20;45;30;30;20;45;200;144;100;300;200;143;100;300;200;243;100;300;200;244;100;300;4;2;0.4;6;4;5;0.4;6;4;2;0.4;6;4;5;0.4;6;4;2;0.4;6;4;5;0.4;6;4;2;0.4;6;4;5;0.4;6;NOK;NOK;OK;7000;7096;6500;8100;OK;4.98;0;8;12;NOK;N/A;1.5;N/A;N/A;N/A;9;12.4;7;18;OK;;0;0;0;-;Disabled;TempOk;2;230;40.4;41.7;0;0;349.9;441345100 daimler 1500 1900;441345100 daimler 1500 1900;441345100 Daimler 1500 1900
20260320_20:49:01;9765;4;1;950;937.4;925;975;OK;950;951.8;925;975;OK;950.4;950.9;-15;-14.7;-50;-5;OK;-15;-18.8;-50;-5;OK;-16.8;-17.7;0;-15;-14.7;-50;-5;OK;300;333;300;500;OK;3.75;4.36;N/A;N/A;N/A;N/A;N/A;N/A;N/A;N/A;N/A;N/A;N/A;N/A;N/A;N/A;N/A;N/A;N/A;N/A;N/A;N/A;N/A;N/A;N/A;N/A;N/A;N/A;N/A;N/A;N/A;N/A;N/A;N/A;N/A;N/A;N/A;N/A;N/A;N/A;N/A;N/A;N/A;N/A;N/A;N/A;N/A;N/A;N/A;N/A;N/A;N/A;N/A;N/A;N/A;N/A;N/A;N/A;N/A;N/A;N/A;N/A;N/A;N/A;N/A;N/A;N/A;N/A;N/A;N/A;N/A;N/A;N/A;N/A;N/A;N/A;N/A;N/A;N/A;N/A;N/A;N/A;N/A;N/A;N/A;N/A;N/A;N/A;N/A;N/A;N/A;N/A;N/A;N/A;N/A;N/A;N/A;N/A;N/A;N/A;;0;322.6;0;0;;Disabled;TempStop;2;700;326.6;274.6;0;0;599.9;549.9;Enabled;PosOk;2;0;0;0;0;0;15;Disabled;0;0;0;0;0;0;0;0;0;0;0;0;0;0;0;0;0;0;0;0;0;0;0;0;0;0;0;0;0;0;0;0;0;0;0;0;0;0;0;0;0;0;0;0;0;0;0;0;0;0;0;0;0;0;0;0;0;0;0;0;0;0;0;0;0;0;0;0;0;0;30;33;20;45;30;30;20;45;30;34;20;45;30;29;20;45;200;142;100;300;200;140;100;300;200;141;100;300;200;140;100;300;30;33;20;45;30;29;20;45;30;31;20;45;30;29;20;45;200;144;100;300;200;143;100;300;200;242;100;300;200;243;100;300;4;2;0.4;6;4;5;0.4;6;4;2;0.4;6;4;5;0.4;6;4;2;0.4;6;4;5;0.4;6;4;2;0.4;6;4;5;0.4;6;NOK;NOK;OK;7000;7089;6500;8100;OK;4.98;0;8;12;NOK;N/A;1.5;N/A;N/A;N/A;9;11.8;7;18;OK;;0;0;0;-;Disabled;TempOk;2;230;40.9;41.7;0;0;349.9;441345100 daimler 1500 1900;441345100 daimler 1500 1900;441345100 Daimler 1500 1900
20260320_20:49:18;9766;1;2;950;940.2;925;975;OK;950;951.6;925;975;OK;951.4;951.5;-20;-13;-50;-25;NOK;-20;-13.6;-50;-25;NOK;-13.5;-14.5;0;-20;-12.8;-50;-25;NOK;300;333;300;500;OK;0;0;N/A;N/A;N/A;N/A;N/A;N/A;N/A;N/A;N/A;N/A;N/A;N/A;N/A;N/A;N/A;N/A;N/A;N/A;N/A;N/A;N/A;N/A;N/A;N/A;N/A;N/A;N/A;N/A;N/A;N/A;N/A;N/A;N/A;N/A;N/A;N/A;N/A;N/A;N/A;N/A;N/A;N/A;N/A;N/A;N/A;N/A;N/A;N/A;N/A;N/A;N/A;N/A;N/A;N/A;N/A;N/A;N/A;N/A;N/A;N/A;N/A;N/A;N/A;N/A;N/A;N/A;N/A;N/A;N/A;N/A;N/A;N/A;N/A;N/A;N/A;N/A;N/A;N/A;N/A;N/A;N/A;N/A;N/A;N/A;N/A;N/A;N/A;N/A;N/A;N/A;N/A;N/A;N/A;N/A;N/A;N/A;N/A;N/A;;0;325.1;0;0;;Disabled;TempStop;2;700;328.9;275.3;0;0;599.9;549.9;Enabled;PosOk;2;0;0;0;0;0;15;Disabled;0;0;0;0;0;0;0;0;0;0;0;0;0;0;0;0;0;0;0;0;0;0;0;0;0;0;0;0;0;0;0;0;0;0;0;0;0;0;0;0;0;0;0;0;0;0;0;0;0;0;0;0;0;0;0;0;0;0;0;0;0;0;0;0;0;0;0;0;0;0;30;33;20;45;30;29;20;45;30;33;20;45;30;29;20;45;200;142;100;300;200;140;100;300;200;140;100;300;200;140;100;300;30;32;20;45;30;29;20;45;30;31;20;45;30;30;20;45;200;144;100;300;200;143;100;300;200;243;100;300;200;245;100;300;4;2;0.4;6;4;5;0.4;6;4;2;0.4;6;4;5;0.4;6;4;2;0.4;6;4;5;0.4;6;4;2;0.4;6;4;5;0.4;6;NOK;NOK;OK;7000;7102;6500;8100;OK;4.98;0;8;12;NOK;N/A;1.5;N/A;N/A;N/A;9;12.1;7;18;OK;;0;0;0;-;Disabled;TempOk;2;230;40.4;40.9;0;0;349.9;441345100 daimler 1500 1900;441345100 daimler 1500 1900;441345100 Daimler 1500 1900
20260320_20:49:35;9767;2;2;950;938.8;925;975;OK;950;950.9;925;975;OK;950.4;950.6;-15;-21.2;-50;-20;OK;-15;-20.5;-50;-20;OK;-16.3;-17.9;0;-15;-21.3;-50;-20;OK;300;333;300;500;OK;0;0;N/A;N/A;N/A;N/A;N/A;N/A;N/A;N/A;N/A;N/A;N/A;N/A;N/A;N/A;N/A;N/A;N/A;N/A;N/A;N/A;N/A;N/A;N/A;N/A;N/A;N/A;N/A;N/A;N/A;N/A;N/A;N/A;N/A;N/A;N/A;N/A;N/A;N/A;N/A;N/A;N/A;N/A;N/A;N/A;N/A;N/A;N/A;N/A;N/A;N/A;N/A;N/A;N/A;N/A;N/A;N/A;N/A;N/A;N/A;N/A;N/A;N/A;N/A;N/A;N/A;N/A;N/A;N/A;N/A;N/A;N/A;N/A;N/A;N/A;N/A;N/A;N/A;N/A;N/A;N/A;N/A;N/A;N/A;N/A;N/A;N/A;N/A;N/A;N/A;N/A;N/A;N/A;N/A;N/A;N/A;N/A;N/A;N/A;;0;326.5;0;0;;Disabled;TempStop;2;700;330.6;276.1;0;0;599.9;549.9;Enabled;PosOk;2;0;0;0;0;0;15;Disabled;0;0;0;0;0;0;0;0;0;0;0;0;0;0;0;0;0;0;0;0;0;0;0;0;0;0;0;0;0;0;0;0;0;0;0;0;0;0;0;0;0;0;0;0;0;0;0;0;0;0;0;0;0;0;0;0;0;0;0;0;0;0;0;0;0;0;0;0;0;0;30;33;20;45;30;29;20;45;30;33;20;45;30;29;20;45;200;142;100;300;200;140;100;300;200;141;100;300;200;141;100;300;30;32;20;45;30;29;20;45;30;31;20;45;30;29;20;45;200;144;100;300;200;143;100;300;200;243;100;300;200;243;100;300;4;2;0.4;6;4;5;0.4;6;4;2;0.4;6;4;5;0.4;6;4;2;0.4;6;4;5;0.4;6;4;2;0.4;6;4;5;0.4;6;NOK;NOK;OK;7000;7095;6500;8100;OK;4.99;0;8;12;NOK;N/A;1.5;N/A;N/A;N/A;9;11.9;7;18;OK;;0;0;0;-;Disabled;TempOk;2;230;41.2;42.2;0;0;349.9;441345100 daimler 1500 1900;441345100 daimler 1500 1900;441345100 Daimler 1500 1900
20260320_20:49:53;9768;3;2;950;940.6;925;975;OK;950;951.8;925;975;OK;951.4;951.5;-20;-16.4;-50;-25;NOK;-20;-16.2;-50;-25;NOK;-14.1;-15.4;0;-20;-16.1;-50;-25;NOK;300;333;300;500;OK;0;0;N/A;N/A;N/A;N/A;N/A;N/A;N/A;N/A;N/A;N/A;N/A;N/A;N/A;N/A;N/A;N/A;N/A;N/A;N/A;N/A;N/A;N/A;N/A;N/A;N/A;N/A;N/A;N/A;N/A;N/A;N/A;N/A;N/A;N/A;N/A;N/A;N/A;N/A;N/A;N/A;N/A;N/A;N/A;N/A;N/A;N/A;N/A;N/A;N/A;N/A;N/A;N/A;N/A;N/A;N/A;N/A;N/A;N/A;N/A;N/A;N/A;N/A;N/A;N/A;N/A;N/A;N/A;N/A;N/A;N/A;N/A;N/A;N/A;N/A;N/A;N/A;N/A;N/A;N/A;N/A;N/A;N/A;N/A;N/A;N/A;N/A;N/A;N/A;N/A;N/A;N/A;N/A;N/A;N/A;N/A;N/A;N/A;N/A;;0;323.9;0;0;;Disabled;TempStop;2;700;328;274.4;0;0;599.9;549.9;Enabled;PosOk;2;0;0;0;0;0;15;Disabled;0;0;0;0;0;0;0;0;0;0;0;0;0;0;0;0;0;0;0;0;0;0;0;0;0;0;0;0;0;0;0;0;0;0;0;0;0;0;0;0;0;0;0;0;0;0;0;0;0;0;0;0;0;0;0;0;0;0;0;0;0;0;0;0;0;0;0;0;0;0;30;33;20;45;30;30;20;45;30;33;20;45;30;30;20;45;200;142;100;300;200;140;100;300;200;140;100;300;200;140;100;300;30;32;20;45;30;30;20;45;30;31;20;45;30;30;20;45;200;144;100;300;200;143;100;300;200;242;100;300;200;243;100;300;4;2;0.4;6;4;5;0.4;6;4;2;0.4;6;4;5;0.4;6;4;2;0.4;6;4;5;0.4;6;4;3;0.4;6;4;5;0.4;6;NOK;NOK;OK;7000;7088;6500;8100;OK;4.98;0;8;12;NOK;N/A;1.5;N/A;N/A;N/A;9;11.7;7;18;OK;;0;0;0;-;Disabled;TempOk;2;230;40.4;40.9;0;0;349.9;441345100 daimler 1500 1900;441345100 daimler 1500 1900;441345100 Daimler 1500 1900
20260320_20:50:10;9769;4;2;950;942;925;975;OK;950;952.3;925;975;OK;951.1;951.3;-15;-14.7;-50;-5;OK;-15;-18.5;-50;-5;OK;-16.2;-17.2;0;-15;-14.6;-50;-5;OK;300;333;300;500;OK;3.85;4.48;N/A;N/A;N/A;N/A;N/A;N/A;N/A;N/A;N/A;N/A;N/A;N/A;N/A;N/A;N/A;N/A;N/A;N/A;N/A;N/A;N/A;N/A;N/A;N/A;N/A;N/A;N/A;N/A;N/A;N/A;N/A;N/A;N/A;N/A;N/A;N/A;N/A;N/A;N/A;N/A;N/A;N/A;N/A;N/A;N/A;N/A;N/A;N/A;N/A;N/A;N/A;N/A;N/A;N/A;N/A;N/A;N/A;N/A;N/A;N/A;N/A;N/A;N/A;N/A;N/A;N/A;N/A;N/A;N/A;N/A;N/A;N/A;N/A;N/A;N/A;N/A;N/A;N/A;N/A;N/A;N/A;N/A;N/A;N/A;N/A;N/A;N/A;N/A;N/A;N/A;N/A;N/A;N/A;N/A;N/A;N/A;N/A;N/A;;0;323.3;0;0;;Disabled;TempStop;2;700;327.3;275.6;0;0;599.9;549.9;Enabled;PosOk;2;0;0;0;0;0;15;Disabled;0;0;0;0;0;0;0;0;0;0;0;0;0;0;0;0;0;0;0;0;0;0;0;0;0;0;0;0;0;0;0;0;0;0;0;0;0;0;0;0;0;0;0;0;0;0;0;0;0;0;0;0;0;0;0;0;0;0;0;0;0;0;0;0;0;0;0;0;0;0;30;33;20;45;30;30;20;45;30;33;20;45;30;30;20;45;200;142;100;300;200;140;100;300;200;140;100;300;200;140;100;300;30;33;20;45;30;30;20;45;30;32;20;45;30;30;20;45;200;144;100;300;200;143;100;300;200;242;100;300;200;243;100;300;4;2;0.4;6;4;5;0.4;6;4;2;0.4;6;4;5;0.4;6;4;2;0.4;6;4;5;0.4;6;4;2;0.4;6;4;5;0.4;6;NOK;NOK;OK;7000;7090;6500;8100;OK;4.98;0;8;12;NOK;N/A;1.5;N/A;N/A;N/A;9;12.3;7;18;OK;;0;0;0;-;Disabled;TempOk;2;230;40.7;41.7;0;0;349.9;441345100 daimler 1500 1900;441345100 daimler 1500 1900;441345100 Daimler 1500 1900
20260320_20:50:27;9770;1;3;950;939.9;925;975;OK;950;951.7;925;975;OK;951.5;951.5;-20;-12.8;-50;-25;NOK;-20;-13.3;-50;-25;NOK;-16.6;-16.3;0;-20;-12.7;-50;-25;NOK;300;333;300;500;OK;0;0;N/A;N/A;N/A;N/A;N/A;N/A;N/A;N/A;N/A;N/A;N/A;N/A;N/A;N/A;N/A;N/A;N/A;N/A;N/A;N/A;N/A;N/A;N/A;N/A;N/A;N/A;N/A;N/A;N/A;N/A;N/A;N/A;N/A;N/A;N/A;N/A;N/A;N/A;N/A;N/A;N/A;N/A;N/A;N/A;N/A;N/A;N/A;N/A;N/A;N/A;N/A;N/A;N/A;N/A;N/A;N/A;N/A;N/A;N/A;N/A;N/A;N/A;N/A;N/A;N/A;N/A;N/A;N/A;N/A;N/A;N/A;N/A;N/A;N/A;N/A;N/A;N/A;N/A;N/A;N/A;N/A;N/A;N/A;N/A;N/A;N/A;N/A;N/A;N/A;N/A;N/A;N/A;N/A;N/A;N/A;N/A;N/A;N/A;;0;324.7;0;0;;Disabled;TempStop;2;700;328.7;275.7;0;0;599.9;549.9;Enabled;PosOk;2;0;0;0;0;0;15;Disabled;0;0;0;0;0;0;0;0;0;0;0;0;0;0;0;0;0;0;0;0;0;0;0;0;0;0;0;0;0;0;0;0;0;0;0;0;0;0;0;0;0;0;0;0;0;0;0;0;0;0;0;0;0;0;0;0;0;0;0;0;0;0;0;0;0;0;0;0;0;0;30;33;20;45;30;30;20;45;30;33;20;45;30;30;20;45;200;142;100;300;200;140;100;300;200;140;100;300;200;140;100;300;30;33;20;45;30;30;20;45;30;32;20;45;30;30;20;45;200;144;100;300;200;143;100;300;200;243;100;300;200;244;100;300;4;2;0.4;6;4;5;0.4;6;4;2;0.4;6;4;5;0.4;6;4;2;0.4;6;4;5;0.4;6;4;2;0.4;6;4;5;0.4;6;NOK;NOK;OK;7000;7093;6500;8100;OK;4.99;0;8;12;NOK;N/A;1.5;N/A;N/A;N/A;9;11.8;7;18;OK;;0;0;0;-;Disabled;TempOk;2;230;40.2;40.4;0;0;349.9;441345100 daimler 1500 1900;441345100 daimler 1500 1900;441345100 Daimler 1500 1900
20260320_20:50:44;9771;2;3;950;941.6;925;975;OK;950;950.7;925;975;OK;950.7;950.7;-15;-19.5;-50;-20;NOK;-15;-18.5;-50;-20;NOK;-14.7;-16.1;0;-15;-19.6;-50;-20;NOK;300;333;300;500;OK;0;0;N/A;N/A;N/A;N/A;N/A;N/A;N/A;N/A;N/A;N/A;N/A;N/A;N/A;N/A;N/A;N/A;N/A;N/A;N/A;N/A;N/A;N/A;N/A;N/A;N/A;N/A;N/A;N/A;N/A;N/A;N/A;N/A;N/A;N/A;N/A;N/A;N/A;N/A;N/A;N/A;N/A;N/A;N/A;N/A;N/A;N/A;N/A;N/A;N/A;N/A;N/A;N/A;N/A;N/A;N/A;N/A;N/A;N/A;N/A;N/A;N/A;N/A;N/A;N/A;N/A;N/A;N/A;N/A;N/A;N/A;N/A;N/A;N/A;N/A;N/A;N/A;N/A;N/A;N/A;N/A;N/A;N/A;N/A;N/A;N/A;N/A;N/A;N/A;N/A;N/A;N/A;N/A;N/A;N/A;N/A;N/A;N/A;N/A;;0;324.8;0;0;;Disabled;TempStop;2;700;328.9;275.6;0;0;599.9;549.9;Enabled;PosOk;2;0;0;0;0;0;15;Disabled;0;0;0;0;0;0;0;0;0;0;0;0;0;0;0;0;0;0;0;0;0;0;0;0;0;0;0;0;0;0;0;0;0;0;0;0;0;0;0;0;0;0;0;0;0;0;0;0;0;0;0;0;0;0;0;0;0;0;0;0;0;0;0;0;0;0;0;0;0;0;30;33;20;45;30;30;20;45;30;33;20;45;30;30;20;45;200;142;100;300;200;140;100;300;200;141;100;300;200;140;100;300;30;33;20;45;30;30;20;45;30;32;20;45;30;30;20;45;200;144;100;300;200;144;100;300;200;243;100;300;200;244;100;300;4;2;0.4;6;4;5;0.4;6;4;2;0.4;6;4;5;0.4;6;4;2;0.4;6;4;5;0.4;6;4;2;0.4;6;4;5;0.4;6;NOK;NOK;OK;7000;7088;6500;8100;OK;4.98;0;8;12;NOK;N/A;1.5;N/A;N/A;N/A;9;12.1;7;18;OK;;0;0;0;-;Disabled;TempOk;2;230;40.9;41.7;0;0;349.9;441345100 daimler 1500 1900;441345100 daimler 1500 1900;441345100 Daimler 1500 1900
20260320_20:51:02;9772;3;3;950;940.5;925;975;OK;950;951.5;925;975;OK;951.2;951.4;-20;-16.1;-50;-25;NOK;-20;-15.5;-50;-25;NOK;-12.7;-14;0;-20;-15.9;-50;-25;NOK;300;333;300;500;OK;0;0;N/A;N/A;N/A;N/A;N/A;N/A;N/A;N/A;N/A;N/A;N/A;N/A;N/A;N/A;N/A;N/A;N/A;N/A;N/A;N/A;N/A;N/A;N/A;N/A;N/A;N/A;N/A;N/A;N/A;N/A;N/A;N/A;N/A;N/A;N/A;N/A;N/A;N/A;N/A;N/A;N/A;N/A;N/A;N/A;N/A;N/A;N/A;N/A;N/A;N/A;N/A;N/A;N/A;N/A;N/A;N/A;N/A;N/A;N/A;N/A;N/A;N/A;N/A;N/A;N/A;N/A;N/A;N/A;N/A;N/A;N/A;N/A;N/A;N/A;N/A;N/A;N/A;N/A;N/A;N/A;N/A;N/A;N/A;N/A;N/A;N/A;N/A;N/A;N/A;N/A;N/A;N/A;N/A;N/A;N/A;N/A;N/A;N/A;;0;323.8;0;0;;Disabled;TempStop;2;700;327.9;274.7;0;0;599.9;549.9;Enabled;PosOk;2;0;0;0;0;0;15;Disabled;0;0;0;0;0;0;0;0;0;0;0;0;0;0;0;0;0;0;0;0;0;0;0;0;0;0;0;0;0;0;0;0;0;0;0;0;0;0;0;0;0;0;0;0;0;0;0;0;0;0;0;0;0;0;0;0;0;0;0;0;0;0;0;0;0;0;0;0;0;0;30;33;20;45;30;30;20;45;30;34;20;45;30;30;20;45;200;141;100;300;200;140;100;300;200;141;100;300;200;140;100;300;30;33;20;45;30;30;20;45;30;32;20;45;30;30;20;45;200;144;100;300;200;143;100;300;200;243;100;300;200;243;100;300;4;2;0.4;6;4;5;0.4;6;4;2;0.4;6;4;5;0.4;6;4;2;0.4;6;4;5;0.4;6;4;3;0.4;6;4;5;0.4;6;NOK;NOK;OK;7000;7104;6500;8100;OK;4.98;0;8;12;NOK;N/A;1.5;N/A;N/A;N/A;9;12;7;18;OK;;0;0;0;-;Disabled;TempOk;2;230;40.7;41.4;0;0;349.9;441345100 daimler 1500 1900;441345100 daimler 1500 1900;441345100 Daimler 1500 1900
20260320_20:51:19;9773;4;3;950;945.8;925;975;OK;950;956.3;925;975;OK;951.9;952.6;-15;-12.2;-50;-5;OK;-15;-17.1;-50;-5;OK;-18.7;-19.4;0;-15;-12;-50;-5;OK;300;333;300;500;OK;3.98;4.56;N/A;N/A;N/A;N/A;N/A;N/A;N/A;N/A;N/A;N/A;N/A;N/A;N/A;N/A;N/A;N/A;N/A;N/A;N/A;N/A;N/A;N/A;N/A;N/A;N/A;N/A;N/A;N/A;N/A;N/A;N/A;N/A;N/A;N/A;N/A;N/A;N/A;N/A;N/A;N/A;N/A;N/A;N/A;N/A;N/A;N/A;N/A;N/A;N/A;N/A;N/A;N/A;N/A;N/A;N/A;N/A;N/A;N/A;N/A;N/A;N/A;N/A;N/A;N/A;N/A;N/A;N/A;N/A;N/A;N/A;N/A;N/A;N/A;N/A;N/A;N/A;N/A;N/A;N/A;N/A;N/A;N/A;N/A;N/A;N/A;N/A;N/A;N/A;N/A;N/A;N/A;N/A;N/A;N/A;N/A;N/A;N/A;N/A;;0;323.6;0;0;;Disabled;TempStop;2;700;327.6;273.8;0;0;599.9;549.9;Enabled;PosOk;2;0;0;0;0;0;15;Disabled;0;0;0;0;0;0;0;0;0;0;0;0;0;0;0;0;0;0;0;0;0;0;0;0;0;0;0;0;0;0;0;0;0;0;0;0;0;0;0;0;0;0;0;0;0;0;0;0;0;0;0;0;0;0;0;0;0;0;0;0;0;0;0;0;0;0;0;0;0;0;30;33;20;45;30;29;20;45;30;34;20;45;30;29;20;45;200;142;100;300;200;140;100;300;200;141;100;300;200;140;100;300;30;33;20;45;30;29;20;45;30;31;20;45;30;29;20;45;200;144;100;300;200;143;100;300;200;243;100;300;200;243;100;300;4;2;0.4;6;4;5;0.4;6;4;2;0.4;6;4;5;0.4;6;4;2;0.4;6;4;5;0.4;6;4;2;0.4;6;4;5;0.4;6;NOK;NOK;OK;7000;7099;6500;8100;OK;4.99;0;8;12;NOK;N/A;1.5;N/A;N/A;N/A;9;11.7;7;18;OK;;0;0;0;-;Disabled;TempOk;2;230;40.7;41.4;0;0;349.9;441345100 daimler 1500 1900;441345100 daimler 1500 1900;441345100 Daimler 1500 1900
20260320_20:51:36;9774;1;4;950;939.6;925;975;OK;950;950.6;925;975;OK;950.6;950.7;-20;-11.2;-50;-25;NOK;-20;-12.2;-50;-25;NOK;-14.8;-14.5;0;-20;-11;-50;-25;NOK;300;333;300;500;OK;0;0;N/A;N/A;N/A;N/A;N/A;N/A;N/A;N/A;N/A;N/A;N/A;N/A;N/A;N/A;N/A;N/A;N/A;N/A;N/A;N/A;N/A;N/A;N/A;N/A;N/A;N/A;N/A;N/A;N/A;N/A;N/A;N/A;N/A;N/A;N/A;N/A;N/A;N/A;N/A;N/A;N/A;N/A;N/A;N/A;N/A;N/A;N/A;N/A;N/A;N/A;N/A;N/A;N/A;N/A;N/A;N/A;N/A;N/A;N/A;N/A;N/A;N/A;N/A;N/A;N/A;N/A;N/A;N/A;N/A;N/A;N/A;N/A;N/A;N/A;N/A;N/A;N/A;N/A;N/A;N/A;N/A;N/A;N/A;N/A;N/A;N/A;N/A;N/A;N/A;N/A;N/A;N/A;N/A;N/A;N/A;N/A;N/A;N/A;;0;325.2;0;0;;Disabled;TempStop;2;700;329.1;276.4;0;0;599.9;549.9;Enabled;PosOk;2;0;0;0;0;0;15;Disabled;0;0;0;0;0;0;0;0;0;0;0;0;0;0;0;0;0;0;0;0;0;0;0;0;0;0;0;0;0;0;0;0;0;0;0;0;0;0;0;0;0;0;0;0;0;0;0;0;0;0;0;0;0;0;0;0;0;0;0;0;0;0;0;0;0;0;0;0;0;0;30;33;20;45;30;29;20;45;30;33;20;45;30;30;20;45;200;142;100;300;200;140;100;300;200;140;100;300;200;141;100;300;30;32;20;45;30;29;20;45;30;31;20;45;30;30;20;45;200;144;100;300;200;143;100;300;200;242;100;300;200;243;100;300;4;2;0.4;6;4;5;0.4;6;4;2;0.4;6;4;5;0.4;6;4;2;0.4;6;4;5;0.4;6;4;2;0.4;6;4;5;0.4;6;NOK;NOK;OK;7000;7090;6500;8100;OK;4.98;0;8;12;NOK;N/A;1.5;N/A;N/A;N/A;9;12.2;7;18;OK;;0;0;0;-;Disabled;TempOk;2;230;40.9;41.2;0;0;349.9;441345100 daimler 1500 1900;441345100 daimler 1500 1900;441345100 Daimler 1500 1900
20260320_20:51:54;9775;2;4;950;939.7;925;975;OK;950;951.1;925;975;OK;951;951;-15;-23.9;-50;-20;OK;-15;-22.7;-50;-20;OK;-17.9;-19.6;0;-15;-24;-50;-20;OK;300;333;300;500;OK;0;0;N/A;N/A;N/A;N/A;N/A;N/A;N/A;N/A;N/A;N/A;N/A;N/A;N/A;N/A;N/A;N/A;N/A;N/A;N/A;N/A;N/A;N/A;N/A;N/A;N/A;N/A;N/A;N/A;N/A;N/A;N/A;N/A;N/A;N/A;N/A;N/A;N/A;N/A;N/A;N/A;N/A;N/A;N/A;N/A;N/A;N/A;N/A;N/A;N/A;N/A;N/A;N/A;N/A;N/A;N/A;N/A;N/A;N/A;N/A;N/A;N/A;N/A;N/A;N/A;N/A;N/A;N/A;N/A;N/A;N/A;N/A;N/A;N/A;N/A;N/A;N/A;N/A;N/A;N/A;N/A;N/A;N/A;N/A;N/A;N/A;N/A;N/A;N/A;N/A;N/A;N/A;N/A;N/A;N/A;N/A;N/A;N/A;N/A;;0;325;0;0;;Disabled;TempStop;2;700;328.9;275.7;0;0;599.9;549.9;Enabled;PosOk;2;0;0;0;0;0;15;Disabled;0;0;0;0;0;0;0;0;0;0;0;0;0;0;0;0;0;0;0;0;0;0;0;0;0;0;0;0;0;0;0;0;0;0;0;0;0;0;0;0;0;0;0;0;0;0;0;0;0;0;0;0;0;0;0;0;0;0;0;0;0;0;0;0;0;0;0;0;0;0;30;33;20;45;30;29;20;45;30;33;20;45;30;29;20;45;200;142;100;300;200;139;100;300;200;141;100;300;200;140;100;300;30;32;20;45;30;30;20;45;30;31;20;45;30;30;20;45;200;144;100;300;200;143;100;300;200;242;100;300;200;244;100;300;4;2;0.4;6;4;5;0.4;6;4;2;0.4;6;4;5;0.4;6;4;2;0.4;6;4;5;0.4;6;4;2;0.4;6;4;5;0.4;6;NOK;NOK;OK;7000;7089;6500;8100;OK;4.99;0;8;12;NOK;N/A;1.5;N/A;N/A;N/A;9;11.8;7;18;OK;;0;0;0;-;Disabled;TempOk;2;230;41.4;42.7;0;0;349.9;441345100 daimler 1500 1900;441345100 daimler 1500 1900;441345100 Daimler 1500 1900
20260320_20:52:11;9776;3;4;950;940.9;925;975;OK;950;951.4;925;975;OK;951.4;951.2;-20;-13.9;-50;-25;NOK;-20;-15.7;-50;-25;NOK;-17.7;-18;0;-20;-13.6;-50;-25;NOK;300;333;300;500;OK;0;0;N/A;N/A;N/A;N/A;N/A;N/A;N/A;N/A;N/A;N/A;N/A;N/A;N/A;N/A;N/A;N/A;N/A;N/A;N/A;N/A;N/A;N/A;N/A;N/A;N/A;N/A;N/A;N/A;N/A;N/A;N/A;N/A;N/A;N/A;N/A;N/A;N/A;N/A;N/A;N/A;N/A;N/A;N/A;N/A;N/A;N/A;N/A;N/A;N/A;N/A;N/A;N/A;N/A;N/A;N/A;N/A;N/A;N/A;N/A;N/A;N/A;N/A;N/A;N/A;N/A;N/A;N/A;N/A;N/A;N/A;N/A;N/A;N/A;N/A;N/A;N/A;N/A;N/A;N/A;N/A;N/A;N/A;N/A;N/A;N/A;N/A;N/A;N/A;N/A;N/A;N/A;N/A;N/A;N/A;N/A;N/A;N/A;N/A;;0;322.2;0;0;;Disabled;TempStop;2;700;326.2;274.2;0;0;599.9;549.9;Enabled;PosOk;2;0;0;0;0;0;15;Disabled;0;0;0;0;0;0;0;0;0;0;0;0;0;0;0;0;0;0;0;0;0;0;0;0;0;0;0;0;0;0;0;0;0;0;0;0;0;0;0;0;0;0;0;0;0;0;0;0;0;0;0;0;0;0;0;0;0;0;0;0;0;0;0;0;0;0;0;0;0;0;30;33;20;45;30;30;20;45;30;33;20;45;30;29;20;45;200;142;100;300;200;140;100;300;200;140;100;300;200;140;100;300;30;33;20;45;30;30;20;45;30;31;20;45;30;30;20;45;200;144;100;300;200;143;100;300;200;242;100;300;200;244;100;300;4;2;0.4;6;4;5;0.4;6;4;2;0.4;6;4;5;0.4;6;4;2;0.4;6;4;5;0.4;6;4;3;0.4;6;4;5;0.4;6;NOK;NOK;OK;7000;7083;6500;8100;OK;4.98;0;8;12;NOK;N/A;1.5;N/A;N/A;N/A;9;11.6;7;18;OK;;0;0;0;-;Disabled;TempOk;2;230;41.4;43.9;0;0;349.9;441345100 daimler 1500 1900;441345100 daimler 1500 1900;441345100 Daimler 1500 1900
20260320_20:52:28;9777;4;4;950;931.3;925;975;OK;950;956.1;925;975;OK;955.5;955.7;-15;-8;-50;-5;OK;-15;-12.7;-50;-5;OK;-18;-16.7;0;-15;-8;-50;-5;OK;300;333;300;500;OK;4.13;4.63;N/A;N/A;N/A;N/A;N/A;N/A;N/A;N/A;N/A;N/A;N/A;N/A;N/A;N/A;N/A;N/A;N/A;N/A;N/A;N/A;N/A;N/A;N/A;N/A;N/A;N/A;N/A;N/A;N/A;N/A;N/A;N/A;N/A;N/A;N/A;N/A;N/A;N/A;N/A;N/A;N/A;N/A;N/A;N/A;N/A;N/A;N/A;N/A;N/A;N/A;N/A;N/A;N/A;N/A;N/A;N/A;N/A;N/A;N/A;N/A;N/A;N/A;N/A;N/A;N/A;N/A;N/A;N/A;N/A;N/A;N/A;N/A;N/A;N/A;N/A;N/A;N/A;N/A;N/A;N/A;N/A;N/A;N/A;N/A;N/A;N/A;N/A;N/A;N/A;N/A;N/A;N/A;N/A;N/A;N/A;N/A;N/A;N/A;;0;323.5;0;0;;Disabled;TempStop;2;700;327.6;275.2;0;0;599.9;549.9;Enabled;PosOk;2;0;0;0;0;0;15;Disabled;0;0;0;0;0;0;0;0;0;0;0;0;0;0;0;0;0;0;0;0;0;0;0;0;0;0;0;0;0;0;0;0;0;0;0;0;0;0;0;0;0;0;0;0;0;0;0;0;0;0;0;0;0;0;0;0;0;0;0;0;0;0;0;0;0;0;0;0;0;0;30;33;20;45;30;30;20;45;30;33;20;45;30;30;20;45;200;141;100;300;200;140;100;300;200;140;100;300;200;140;100;300;30;33;20;45;30;30;20;45;30;32;20;45;30;30;20;45;200;144;100;300;200;142;100;300;200;242;100;300;200;243;100;300;4;2;0.4;6;4;5;0.4;6;4;2;0.4;6;4;5;0.4;6;4;2;0.4;6;4;5;0.4;6;4;2;0.4;6;4;5;0.4;6;NOK;NOK;OK;7000;7085;6500;8100;OK;4.98;0;8;12;NOK;N/A;1.5;N/A;N/A;N/A;9;12.4;7;18;OK;;0;0;0;-;Disabled;TempOk;2;230;41.2;41.2;0;0;349.9;441345100 daimler 1500 1900;441345100 daimler 1500 1900;441345100 Daimler 1500 1900
20260320_20:56:21;9781;4;5;950;931.7;925;975;OK;950;953;925;975;OK;950.3;950.7;-15;-13.8;-50;-5;OK;-15;-20.3;-50;-5;OK;-17.3;-17.5;0;-15;-13.7;-50;-5;OK;300;497;300;500;OK;4.26;5.29;N/A;N/A;N/A;N/A;N/A;N/A;N/A;N/A;N/A;N/A;N/A;N/A;N/A;N/A;N/A;N/A;N/A;N/A;N/A;N/A;N/A;N/A;N/A;N/A;N/A;N/A;N/A;N/A;N/A;N/A;N/A;N/A;N/A;N/A;N/A;N/A;N/A;N/A;N/A;N/A;N/A;N/A;N/A;N/A;N/A;N/A;N/A;N/A;N/A;N/A;N/A;N/A;N/A;N/A;N/A;N/A;N/A;N/A;N/A;N/A;N/A;N/A;N/A;N/A;N/A;N/A;N/A;N/A;N/A;N/A;N/A;N/A;N/A;N/A;N/A;N/A;N/A;N/A;N/A;N/A;N/A;N/A;N/A;N/A;N/A;N/A;N/A;N/A;N/A;N/A;N/A;N/A;N/A;N/A;N/A;N/A;N/A;N/A;;0;322.7;0;0;;Disabled;TempStop;2;700;325.6;275.9;0;0;599.9;549.9;Enabled;PosOk;2;0;0;0;0;0;15;Disabled;0;0;0;0;0;0;0;0;0;0;0;0;0;0;0;0;0;0;0;0;0;0;0;0;0;0;0;0;0;0;0;0;0;0;0;0;0;0;0;0;0;0;0;0;0;0;0;0;0;0;0;0;0;0;0;0;0;0;0;0;0;0;0;0;0;0;0;0;0;0;30;30;20;45;30;30;20;45;30;30;20;45;30;30;20;45;200;141;100;300;200;140;100;300;200;140;100;300;200;140;100;300;30;30;20;45;30;30;20;45;30;30;20;45;30;30;20;45;200;144;100;300;200;143;100;300;200;243;100;300;200;244;100;300;4;2;0.4;6;4;5;0.4;6;4;2;0.4;6;4;5;0.4;6;4;2;0.4;6;4;5;0.4;6;4;3;0.4;6;4;5;0.4;6;NOK;NOK;OK;7000;7103;6500;8100;OK;4.98;0;8;12;NOK;N/A;1.5;N/A;N/A;N/A;9;11.8;7;18;OK;;0;0;0;-;Disabled;TempOk;2;230;40.2;40.4;0;0;349.9;441345100 daimler 1500 1900;441345100 daimler 1500 1900;441345100 Daimler 1500 1900
20260320_20:56:39;9780;1;1;950;939.5;925;975;OK;950;950.9;925;975;OK;950.9;950.7;-20;-15.5;-50;-25;NOK;-20;-16.8;-50;-25;NOK;-13.5;-14.3;0;-20;-15.5;-50;-25;NOK;300;497;300;500;OK;0;0;N/A;N/A;N/A;N/A;N/A;N/A;N/A;N/A;N/A;N/A;N/A;N/A;N/A;N/A;N/A;N/A;N/A;N/A;N/A;N/A;N/A;N/A;N/A;N/A;N/A;N/A;N/A;N/A;N/A;N/A;N/A;N/A;N/A;N/A;N/A;N/A;N/A;N/A;N/A;N/A;N/A;N/A;N/A;N/A;N/A;N/A;N/A;N/A;N/A;N/A;N/A;N/A;N/A;N/A;N/A;N/A;N/A;N/A;N/A;N/A;N/A;N/A;N/A;N/A;N/A;N/A;N/A;N/A;N/A;N/A;N/A;N/A;N/A;N/A;N/A;N/A;N/A;N/A;N/A;N/A;N/A;N/A;N/A;N/A;N/A;N/A;N/A;N/A;N/A;N/A;N/A;N/A;N/A;N/A;N/A;N/A;N/A;N/A;;0;324.7;0;0;;Disabled;TempStop;2;700;328;277.6;0;0;599.9;549.9;Enabled;PosOk;2;0;0;0;0;0;15;Disabled;0;0;0;0;0;0;0;0;0;0;0;0;0;0;0;0;0;0;0;0;0;0;0;0;0;0;0;0;0;0;0;0;0;0;0;0;0;0;0;0;0;0;0;0;0;0;0;0;0;0;0;0;0;0;0;0;0;0;0;0;0;0;0;0;0;0;0;0;0;0;30;31;20;45;30;30;20;45;30;31;20;45;30;30;20;45;200;141;100;300;200;139;100;300;200;141;100;300;200;140;100;300;30;31;20;45;30;30;20;45;30;31;20;45;30;30;20;45;200;144;100;300;200;143;100;300;200;242;100;300;200;244;100;300;4;2;0.4;6;4;5;0.4;6;4;2;0.4;6;4;5;0.4;6;4;2;0.4;6;4;5;0.4;6;4;2;0.4;6;4;5;0.4;6;NOK;NOK;OK;7000;7104;6500;8100;OK;4.98;0;8;12;NOK;N/A;1.5;N/A;N/A;N/A;9;12.1;7;18;OK;;0;0;0;-;Disabled;TempOk;2;230;39.9;40.4;0;0;349.9;441345100 daimler 1500 1900;441345100 daimler 1500 1900;441345100 Daimler 1500 1900
20260320_20:56:56;9782;2;1;950;938.2;925;975;OK;950;950.5;925;975;OK;949.4;949.5;-15;-18.8;-50;-20;NOK;-15;-23.4;-50;-20;OK;-15.6;-16.9;0;-15;-18.9;-50;-20;NOK;300;497;300;500;OK;0;0;N/A;N/A;N/A;N/A;N/A;N/A;N/A;N/A;N/A;N/A;N/A;N/A;N/A;N/A;N/A;N/A;N/A;N/A;N/A;N/A;N/A;N/A;N/A;N/A;N/A;N/A;N/A;N/A;N/A;N/A;N/A;N/A;N/A;N/A;N/A;N/A;N/A;N/A;N/A;N/A;N/A;N/A;N/A;N/A;N/A;N/A;N/A;N/A;N/A;N/A;N/A;N/A;N/A;N/A;N/A;N/A;N/A;N/A;N/A;N/A;N/A;N/A;N/A;N/A;N/A;N/A;N/A;N/A;N/A;N/A;N/A;N/A;N/A;N/A;N/A;N/A;N/A;N/A;N/A;N/A;N/A;N/A;N/A;N/A;N/A;N/A;N/A;N/A;N/A;N/A;N/A;N/A;N/A;N/A;N/A;N/A;N/A;N/A;;0;322.1;0;0;;Disabled;TempStop;2;700;326;273.8;0;0;599.9;549.9;Enabled;PosOk;2;0;0;0;0;0;15;Disabled;0;0;0;0;0;0;0;0;0;0;0;0;0;0;0;0;0;0;0;0;0;0;0;0;0;0;0;0;0;0;0;0;0;0;0;0;0;0;0;0;0;0;0;0;0;0;0;0;0;0;0;0;0;0;0;0;0;0;0;0;0;0;0;0;0;0;0;0;0;0;30;32;20;45;30;30;20;45;30;32;20;45;30;30;20;45;200;141;100;300;200;140;100;300;200;140;100;300;200;140;100;300;30;32;20;45;30;30;20;45;30;31;20;45;30;30;20;45;200;144;100;300;200;143;100;300;200;243;100;300;200;243;100;300;4;2;0.4;6;4;5;0.4;6;4;2;0.4;6;4;5;0.4;6;4;2;0.4;6;4;5;0.4;6;4;2;0.4;6;4;5;0.4;6;NOK;NOK;OK;7000;7096;6500;8100;OK;4.98;0;8;12;NOK;N/A;1.5;N/A;N/A;N/A;9;11.9;7;18;OK;;0;0;0;-;Disabled;TempOk;2;230;40.9;42.4;0;0;349.9;441345100 daimler 1500 1900;441345100 daimler 1500 1900;441345100 Daimler 1500 1900
20260320_20:57:13;9783;3;1;950;939.6;925;975;OK;950;951.2;925;975;OK;951.1;951.1;-20;-15.7;-50;-25;NOK;-20;-19.8;-50;-25;NOK;-12.3;-13.5;0;-20;-15.8;-50;-25;NOK;300;497;300;500;OK;0;0;N/A;N/A;N/A;N/A;N/A;N/A;N/A;N/A;N/A;N/A;N/A;N/A;N/A;N/A;N/A;N/A;N/A;N/A;N/A;N/A;N/A;N/A;N/A;N/A;N/A;N/A;N/A;N/A;N/A;N/A;N/A;N/A;N/A;N/A;N/A;N/A;N/A;N/A;N/A;N/A;N/A;N/A;N/A;N/A;N/A;N/A;N/A;N/A;N/A;N/A;N/A;N/A;N/A;N/A;N/A;N/A;N/A;N/A;N/A;N/A;N/A;N/A;N/A;N/A;N/A;N/A;N/A;N/A;N/A;N/A;N/A;N/A;N/A;N/A;N/A;N/A;N/A;N/A;N/A;N/A;N/A;N/A;N/A;N/A;N/A;N/A;N/A;N/A;N/A;N/A;N/A;N/A;N/A;N/A;N/A;N/A;N/A;N/A;;0;322.1;0;0;;Disabled;TempStop;2;700;326.1;272.6;0;0;599.9;549.9;Enabled;PosOk;2;0;0;0;0;0;15;Disabled;0;0;0;0;0;0;0;0;0;0;0;0;0;0;0;0;0;0;0;0;0;0;0;0;0;0;0;0;0;0;0;0;0;0;0;0;0;0;0;0;0;0;0;0;0;0;0;0;0;0;0;0;0;0;0;0;0;0;0;0;0;0;0;0;0;0;0;0;0;0;30;33;20;45;30;29;20;45;30;33;20;45;30;29;20;45;200;142;100;300;200;139;100;300;200;141;100;300;200;140;100;300;30;32;20;45;30;29;20;45;30;31;20;45;30;30;20;45;200;145;100;300;200;142;100;300;200;242;100;300;200;244;100;300;4;2;0.4;6;4;5;0.4;6;4;2;0.4;6;4;5;0.4;6;4;2;0.4;6;4;5;0.4;6;4;2;0.4;6;4;5;0.4;6;NOK;NOK;OK;7000;7094;6500;8100;OK;4.97;0;8;12;NOK;N/A;1.5;N/A;N/A;N/A;9;11.7;7;18;OK;;0;0;0;-;Disabled;TempOk;2;230;40.2;41.2;0;0;349.9;441345100 daimler 1500 1900;441345100 daimler 1500 1900;441345100 Daimler 1500 1900
20260320_20:57:30;9784;4;1;950;939.8;925;975;OK;950;953.4;925;975;OK;950;950;-15;-18.8;-50;-5;OK;-15;-24.2;-50;-5;OK;-8.2;-9;0;-15;-18.8;-50;-5;OK;300;497;300;500;OK;4.38;5.45;N/A;N/A;N/A;N/A;N/A;N/A;N/A;N/A;N/A;N/A;N/A;N/A;N/A;N/A;N/A;N/A;N/A;N/A;N/A;N/A;N/A;N/A;N/A;N/A;N/A;N/A;N/A;N/A;N/A;N/A;N/A;N/A;N/A;N/A;N/A;N/A;N/A;N/A;N/A;N/A;N/A;N/A;N/A;N/A;N/A;N/A;N/A;N/A;N/A;N/A;N/A;N/A;N/A;N/A;N/A;N/A;N/A;N/A;N/A;N/A;N/A;N/A;N/A;N/A;N/A;N/A;N/A;N/A;N/A;N/A;N/A;N/A;N/A;N/A;N/A;N/A;N/A;N/A;N/A;N/A;N/A;N/A;N/A;N/A;N/A;N/A;N/A;N/A;N/A;N/A;N/A;N/A;N/A;N/A;N/A;N/A;N/A;N/A;;0;322.2;0;0;;Disabled;TempStop;2;700;326.3;272.9;0;0;599.9;549.9;Enabled;PosOk;2;0;0;0;0;0;15;Disabled;0;0;0;0;0;0;0;0;0;0;0;0;0;0;0;0;0;0;0;0;0;0;0;0;0;0;0;0;0;0;0;0;0;0;0;0;0;0;0;0;0;0;0;0;0;0;0;0;0;0;0;0;0;0;0;0;0;0;0;0;0;0;0;0;0;0;0;0;0;0;30;33;20;45;30;29;20;45;30;33;20;45;30;29;20;45;200;142;100;300;200;139;100;300;200;140;100;300;200;140;100;300;30;32;20;45;30;30;20;45;30;31;20;45;30;30;20;45;200;144;100;300;200;143;100;300;200;243;100;300;200;244;100;300;4;2;0.4;6;4;5;0.4;6;4;2;0.4;6;4;5;0.4;6;4;2;0.4;6;4;5;0.4;6;4;2;0.4;6;4;5;0.4;6;NOK;NOK;OK;7000;7102;6500;8100;OK;4.98;0;8;12;NOK;N/A;1.5;N/A;N/A;N/A;9;12.3;7;18;OK;;0;0;0;-;Disabled;TempOk;2;230;39.9;41.2;0;0;349.9;441345100 daimler 1500 1900;441345100 daimler 1500 1900;441345100 Daimler 1500 1900
20260320_20:57:48;9785;1;2;950;941.2;925;975;OK;950;951.6;925;975;OK;951.5;951.5;-20;-12.6;-50;-25;NOK;-20;-16.1;-50;-25;NOK;-13.5;-14.5;0;-20;-12.4;-50;-25;NOK;300;497;300;500;OK;0;0;N/A;N/A;N/A;N/A;N/A;N/A;N/A;N/A;N/A;N/A;N/A;N/A;N/A;N/A;N/A;N/A;N/A;N/A;N/A;N/A;N/A;N/A;N/A;N/A;N/A;N/A;N/A;N/A;N/A;N/A;N/A;N/A;N/A;N/A;N/A;N/A;N/A;N/A;N/A;N/A;N/A;N/A;N/A;N/A;N/A;N/A;N/A;N/A;N/A;N/A;N/A;N/A;N/A;N/A;N/A;N/A;N/A;N/A;N/A;N/A;N/A;N/A;N/A;N/A;N/A;N/A;N/A;N/A;N/A;N/A;N/A;N/A;N/A;N/A;N/A;N/A;N/A;N/A;N/A;N/A;N/A;N/A;N/A;N/A;N/A;N/A;N/A;N/A;N/A;N/A;N/A;N/A;N/A;N/A;N/A;N/A;N/A;N/A;;0;323.6;0;0;;Disabled;TempStop;2;700;327.6;272.9;0;0;599.9;549.9;Enabled;PosOk;2;0;0;0;0;0;15;Disabled;0;0;0;0;0;0;0;0;0;0;0;0;0;0;0;0;0;0;0;0;0;0;0;0;0;0;0;0;0;0;0;0;0;0;0;0;0;0;0;0;0;0;0;0;0;0;0;0;0;0;0;0;0;0;0;0;0;0;0;0;0;0;0;0;0;0;0;0;0;0;30;33;20;45;30;30;20;45;30;33;20;45;30;29;20;45;200;141;100;300;200;140;100;300;200;141;100;300;200;140;100;300;30;32;20;45;30;29;20;45;30;31;20;45;30;30;20;45;200;145;100;300;200;143;100;300;200;242;100;300;200;244;100;300;4;2;0.4;6;4;5;0.4;6;4;2;0.4;6;4;5;0.4;6;4;2;0.4;6;4;5;0.4;6;4;2;0.4;6;4;5;0.4;6;NOK;NOK;OK;7000;7102;6500;8100;OK;4.98;0;8;12;NOK;N/A;1.5;N/A;N/A;N/A;9;11.9;7;18;OK;;0;0;0;-;Disabled;TempOk;2;230;40.2;41.4;0;0;349.9;441345100 daimler 1500 1900;441345100 daimler 1500 1900;441345100 Daimler 1500 1900
20260320_21:04:07;9786;1;1;950;947.8;925;975;OK;950;950.8;925;975;OK;951;950.9;-20;-11.7;-50;-25;NOK;-20;-15.2;-50;-25;NOK;-13.7;-14.5;0;-20;-11.8;-50;-25;NOK;300;304;300;500;OK;0;0;N/A;N/A;N/A;N/A;N/A;N/A;N/A;N/A;N/A;N/A;N/A;N/A;N/A;N/A;N/A;N/A;N/A;N/A;N/A;N/A;N/A;N/A;N/A;N/A;N/A;N/A;N/A;N/A;N/A;N/A;N/A;N/A;N/A;N/A;N/A;N/A;N/A;N/A;N/A;N/A;N/A;N/A;N/A;N/A;N/A;N/A;N/A;N/A;N/A;N/A;N/A;N/A;N/A;N/A;N/A;N/A;N/A;N/A;N/A;N/A;N/A;N/A;N/A;N/A;N/A;N/A;N/A;N/A;N/A;N/A;N/A;N/A;N/A;N/A;N/A;N/A;N/A;N/A;N/A;N/A;N/A;N/A;N/A;N/A;N/A;N/A;N/A;N/A;N/A;N/A;N/A;N/A;N/A;N/A;N/A;N/A;N/A;N/A;;0;324.2;0;0;;Disabled;TempStop;2;700;326.9;278.2;0;0;599.9;549.9;Enabled;PosOk;2;0;0;0;0;0;15;Disabled;0;0;0;0;0;0;0;0;0;0;0;0;0;0;0;0;0;0;0;0;0;0;0;0;0;0;0;0;0;0;0;0;0;0;0;0;0;0;0;0;0;0;0;0;0;0;0;0;0;0;0;0;0;0;0;0;0;0;0;0;0;0;0;0;0;0;0;0;0;0;30;30;20;45;30;30;20;45;30;30;20;45;30;30;20;45;200;142;100;300;200;139;100;300;200;140;100;300;200;139;100;300;30;30;20;45;30;30;20;45;30;30;20;45;30;30;20;45;200;144;100;300;200;143;100;300;200;242;100;300;200;243;100;300;4;2;0.4;6;4;5;0.4;6;4;2;0.4;6;4;5;0.4;6;4;2;0.4;6;4;5;0.4;6;4;2;0.4;6;4;5;0.4;6;NOK;NOK;OK;7000;7087;6500;8100;OK;4.97;0;8;12;NOK;N/A;1.5;N/A;N/A;N/A;9;12.2;7;18;OK;;0;0;0;-;Disabled;TempOk;2;230;39.3;40.9;0;0;349.9;441345100 daimler 1500 1900;441345100 daimler 1500 1900;441345100 Daimler 1500 1900
20260320_21:04:24;9788;2;1;950;947.9;925;975;OK;950;950.5;925;975;OK;950.6;950.2;-15;-13.5;-50;-20;NOK;-15;-19;-50;-20;NOK;-15.9;-17.3;0;-15;-13.7;-50;-20;NOK;300;313;300;500;OK;0;0;N/A;N/A;N/A;N/A;N/A;N/A;N/A;N/A;N/A;N/A;N/A;N/A;N/A;N/A;N/A;N/A;N/A;N/A;N/A;N/A;N/A;N/A;N/A;N/A;N/A;N/A;N/A;N/A;N/A;N/A;N/A;N/A;N/A;N/A;N/A;N/A;N/A;N/A;N/A;N/A;N/A;N/A;N/A;N/A;N/A;N/A;N/A;N/A;N/A;N/A;N/A;N/A;N/A;N/A;N/A;N/A;N/A;N/A;N/A;N/A;N/A;N/A;N/A;N/A;N/A;N/A;N/A;N/A;N/A;N/A;N/A;N/A;N/A;N/A;N/A;N/A;N/A;N/A;N/A;N/A;N/A;N/A;N/A;N/A;N/A;N/A;N/A;N/A;N/A;N/A;N/A;N/A;N/A;N/A;N/A;N/A;N/A;N/A;;0;325.3;0;0;;Disabled;TempStop;2;700;328.5;279.5;0;0;599.9;549.9;Enabled;PosOk;2;0;0;0;0;0;15;Disabled;0;0;0;0;0;0;0;0;0;0;0;0;0;0;0;0;0;0;0;0;0;0;0;0;0;0;0;0;0;0;0;0;0;0;0;0;0;0;0;0;0;0;0;0;0;0;0;0;0;0;0;0;0;0;0;0;0;0;0;0;0;0;0;0;0;0;0;0;0;0;30;31;20;45;30;30;20;45;30;31;20;45;30;30;20;45;200;141;100;300;200;140;100;300;200;141;100;300;200;140;100;300;30;31;20;45;30;30;20;45;30;31;20;45;30;30;20;45;200;144;100;300;200;143;100;300;200;242;100;300;200;243;100;300;4;2;0.4;6;4;5;0.4;6;4;2;0.4;6;4;5;0.4;6;4;2;0.4;6;4;5;0.4;6;4;2;0.4;6;4;5;0.4;6;NOK;NOK;OK;7000;7109;6500;8100;OK;5.01;0;8;12;NOK;N/A;1.5;N/A;N/A;N/A;9;11.9;7;18;OK;;0;0;0;-;Disabled;TempOk;2;230;40.2;42.4;0;0;349.9;441345100 daimler 1500 1900;441345100 daimler 1500 1900;441345100 Daimler 1500 1900
20260320_21:05:16;9789;3;1;950;947.8;925;975;OK;950;951.3;925;975;OK;951.2;951.1;-20;-11.8;-50;-25;NOK;-20;-16;-50;-25;NOK;-12.7;-13.9;0;-20;-11.9;-50;-25;NOK;300;331;300;500;OK;0;0;N/A;N/A;N/A;N/A;N/A;N/A;N/A;N/A;N/A;N/A;N/A;N/A;N/A;N/A;N/A;N/A;N/A;N/A;N/A;N/A;N/A;N/A;N/A;N/A;N/A;N/A;N/A;N/A;N/A;N/A;N/A;N/A;N/A;N/A;N/A;N/A;N/A;N/A;N/A;N/A;N/A;N/A;N/A;N/A;N/A;N/A;N/A;N/A;N/A;N/A;N/A;N/A;N/A;N/A;N/A;N/A;N/A;N/A;N/A;N/A;N/A;N/A;N/A;N/A;N/A;N/A;N/A;N/A;N/A;N/A;N/A;N/A;N/A;N/A;N/A;N/A;N/A;N/A;N/A;N/A;N/A;N/A;N/A;N/A;N/A;N/A;N/A;N/A;N/A;N/A;N/A;N/A;N/A;N/A;N/A;N/A;N/A;N/A;;0;323.2;0;0;;Disabled;TempStop;2;700;326.6;274.2;0;0;599.9;549.9;Enabled;PosOk;2;0;0;0;0;0;15;Disabled;0;0;0;0;0;0;0;0;0;0;0;0;0;0;0;0;0;0;0;0;0;0;0;0;0;0;0;0;0;0;0;0;0;0;0;0;0;0;0;0;0;0;0;0;0;0;0;0;0;0;0;0;0;0;0;0;0;0;0;0;0;0;0;0;0;0;0;0;0;0;30;31;20;45;30;30;20;45;30;31;20;45;30;30;20;45;200;142;100;300;200;139;100;300;200;141;100;300;200;140;100;300;30;31;20;45;30;30;20;45;30;30;20;45;30;30;20;45;200;144;100;300;200;143;100;300;200;242;100;300;200;243;100;300;4;2;0.4;6;4;5;0.4;6;4;2;0.4;6;4;5;0.4;6;4;2;0.4;6;4;5;0.4;6;4;2;0.4;6;4;5;0.4;6;NOK;NOK;OK;7000;7093;6500;8100;OK;4.98;0;8;12;NOK;N/A;1.5;N/A;N/A;N/A;9;11.9;7;18;OK;;0;0;0;-;Disabled;TempOk;2;230;39.3;39.9;0;0;349.9;441345100 daimler 1500 1900;441345100 daimler 1500 1900;441345100 Daimler 1500 1900
20260320_21:05:33;9790;4;1;950;944.9;925;975;OK;950;951.9;925;975;OK;950.3;950.7;-15;-5.8;-50;-5;OK;-15;-20.1;-50;-5;OK;-18.4;-19.7;0;-15;-5.9;-50;-5;OK;300;335;300;500;OK;5.61;6.13;N/A;N/A;N/A;N/A;N/A;N/A;N/A;N/A;N/A;N/A;N/A;N/A;N/A;N/A;N/A;N/A;N/A;N/A;N/A;N/A;N/A;N/A;N/A;N/A;N/A;N/A;N/A;N/A;N/A;N/A;N/A;N/A;N/A;N/A;N/A;N/A;N/A;N/A;N/A;N/A;N/A;N/A;N/A;N/A;N/A;N/A;N/A;N/A;N/A;N/A;N/A;N/A;N/A;N/A;N/A;N/A;N/A;N/A;N/A;N/A;N/A;N/A;N/A;N/A;N/A;N/A;N/A;N/A;N/A;N/A;N/A;N/A;N/A;N/A;N/A;N/A;N/A;N/A;N/A;N/A;N/A;N/A;N/A;N/A;N/A;N/A;N/A;N/A;N/A;N/A;N/A;N/A;N/A;N/A;N/A;N/A;N/A;N/A;;0;322.1;0;0;;Disabled;TempStop;2;700;325.4;276.6;0;0;599.9;549.9;Enabled;PosOk;2;0;0;0;0;0;15;Disabled;0;0;0;0;0;0;0;0;0;0;0;0;0;0;0;0;0;0;0;0;0;0;0;0;0;0;0;0;0;0;0;0;0;0;0;0;0;0;0;0;0;0;0;0;0;0;0;0;0;0;0;0;0;0;0;0;0;0;0;0;0;0;0;0;0;0;0;0;0;0;30;31;20;45;30;30;20;45;30;32;20;45;30;30;20;45;200;141;100;300;200;140;100;300;200;140;100;300;200;140;100;300;30;32;20;45;30;30;20;45;30;31;20;45;30;30;20;45;200;145;100;300;200;143;100;300;200;243;100;300;200;244;100;300;4;2;0.4;6;4;5;0.4;6;4;2;0.4;6;4;5;0.4;6;4;2;0.4;6;4;5;0.4;6;4;2;0.4;6;4;5;0.4;6;NOK;NOK;OK;7000;7094;6500;8100;OK;4.98;0;8;12;NOK;N/A;1.5;N/A;N/A;N/A;9;11.6;7;18;OK;;0;0;0;-;Disabled;TempOk;2;230;40.2;40.7;0;0;349.9;441345100 daimler 1500 1900;441345100 daimler 1500 1900;441345100 Daimler 1500 1900
20260320_21:05:51;9791;1;2;950;948.2;925;975;OK;950;951.6;925;975;OK;951.5;951.6;-20;-9.6;-50;-25;NOK;-20;-11.3;-50;-25;NOK;-13.8;-14.6;0;-20;-9.6;-50;-25;NOK;300;332;300;500;OK;0;0;N/A;N/A;N/A;N/A;N/A;N/A;N/A;N/A;N/A;N/A;N/A;N/A;N/A;N/A;N/A;N/A;N/A;N/A;N/A;N/A;N/A;N/A;N/A;N/A;N/A;N/A;N/A;N/A;N/A;N/A;N/A;N/A;N/A;N/A;N/A;N/A;N/A;N/A;N/A;N/A;N/A;N/A;N/A;N/A;N/A;N/A;N/A;N/A;N/A;N/A;N/A;N/A;N/A;N/A;N/A;N/A;N/A;N/A;N/A;N/A;N/A;N/A;N/A;N/A;N/A;N/A;N/A;N/A;N/A;N/A;N/A;N/A;N/A;N/A;N/A;N/A;N/A;N/A;N/A;N/A;N/A;N/A;N/A;N/A;N/A;N/A;N/A;N/A;N/A;N/A;N/A;N/A;N/A;N/A;N/A;N/A;N/A;N/A;;0;324.6;0;0;;Disabled;TempStop;2;700;328.5;274.9;0;0;599.9;549.9;Enabled;PosOk;2;0;0;0;0;0;15;Disabled;0;0;0;0;0;0;0;0;0;0;0;0;0;0;0;0;0;0;0;0;0;0;0;0;0;0;0;0;0;0;0;0;0;0;0;0;0;0;0;0;0;0;0;0;0;0;0;0;0;0;0;0;0;0;0;0;0;0;0;0;0;0;0;0;0;0;0;0;0;0;30;32;20;45;30;30;20;45;30;33;20;45;30;30;20;45;200;141;100;300;200;140;100;300;200;141;100;300;200;140;100;300;30;32;20;45;30;30;20;45;30;31;20;45;30;30;20;45;200;143;100;300;200;143;100;300;200;242;100;300;200;243;100;300;4;2;0.4;6;4;5;0.4;6;4;2;0.4;6;4;5;0.4;6;4;2;0.4;6;4;5;0.4;6;4;2;0.4;6;4;5;0.4;6;NOK;NOK;OK;7000;7109;6500;8100;OK;4.98;0;8;12;NOK;N/A;1.5;N/A;N/A;N/A;9;12.4;7;18;OK;;0;0;0;-;Disabled;TempOk;2;230;39.9;40.4;0;0;349.9;441345100 daimler 1500 1900;441345100 daimler 1500 1900;441345100 Daimler 1500 1900
20260320_21:06:08;9792;2;2;950;947.5;925;975;OK;950;951.2;925;975;OK;951;951.1;-15;-27.4;-50;-20;OK;-15;-21.7;-50;-20;OK;-18.5;-20;0;-15;-27.3;-50;-20;OK;300;336;300;500;OK;0;0;N/A;N/A;N/A;N/A;N/A;N/A;N/A;N/A;N/A;N/A;N/A;N/A;N/A;N/A;N/A;N/A;N/A;N/A;N/A;N/A;N/A;N/A;N/A;N/A;N/A;N/A;N/A;N/A;N/A;N/A;N/A;N/A;N/A;N/A;N/A;N/A;N/A;N/A;N/A;N/A;N/A;N/A;N/A;N/A;N/A;N/A;N/A;N/A;N/A;N/A;N/A;N/A;N/A;N/A;N/A;N/A;N/A;N/A;N/A;N/A;N/A;N/A;N/A;N/A;N/A;N/A;N/A;N/A;N/A;N/A;N/A;N/A;N/A;N/A;N/A;N/A;N/A;N/A;N/A;N/A;N/A;N/A;N/A;N/A;N/A;N/A;N/A;N/A;N/A;N/A;N/A;N/A;N/A;N/A;N/A;N/A;N/A;N/A;;0;326.1;0;0;;Disabled;TempStop;2;700;330;276.1;0;0;599.9;549.9;Enabled;PosOk;2;0;0;0;0;0;15;Disabled;0;0;0;0;0;0;0;0;0;0;0;0;0;0;0;0;0;0;0;0;0;0;0;0;0;0;0;0;0;0;0;0;0;0;0;0;0;0;0;0;0;0;0;0;0;0;0;0;0;0;0;0;0;0;0;0;0;0;0;0;0;0;0;0;0;0;0;0;0;0;30;33;20;45;30;30;20;45;30;33;20;45;30;30;20;45;200;142;100;300;200;139;100;300;200;141;100;300;200;141;100;300;30;32;20;45;30;30;20;45;30;31;20;45;30;30;20;45;200;144;100;300;200;143;100;300;200;242;100;300;200;243;100;300;4;2;0.4;6;4;5;0.4;6;4;2;0.4;6;4;5;0.4;6;4;2;0.4;6;4;5;0.4;6;4;2;0.4;6;4;5;0.4;6;NOK;NOK;OK;7000;7107;6500;8100;OK;4.98;0;8;12;NOK;N/A;1.5;N/A;N/A;N/A;9;11.8;7;18;OK;;0;0;0;-;Disabled;TempOk;2;230;40.7;41.4;0;0;349.9;441345100 daimler 1500 1900;441345100 daimler 1500 1900;441345100 Daimler 1500 1900
20260320_21:06:25;9793;3;2;950;948.4;925;975;OK;950;951.8;925;975;OK;951.8;951.7;-20;-17.8;-50;-25;NOK;-20;-17.2;-50;-25;NOK;-15.3;-16.5;0;-20;-17.6;-50;-25;NOK;300;334;300;500;OK;0;0;N/A;N/A;N/A;N/A;N/A;N/A;N/A;N/A;N/A;N/A;N/A;N/A;N/A;N/A;N/A;N/A;N/A;N/A;N/A;N/A;N/A;N/A;N/A;N/A;N/A;N/A;N/A;N/A;N/A;N/A;N/A;N/A;N/A;N/A;N/A;N/A;N/A;N/A;N/A;N/A;N/A;N/A;N/A;N/A;N/A;N/A;N/A;N/A;N/A;N/A;N/A;N/A;N/A;N/A;N/A;N/A;N/A;N/A;N/A;N/A;N/A;N/A;N/A;N/A;N/A;N/A;N/A;N/A;N/A;N/A;N/A;N/A;N/A;N/A;N/A;N/A;N/A;N/A;N/A;N/A;N/A;N/A;N/A;N/A;N/A;N/A;N/A;N/A;N/A;N/A;N/A;N/A;N/A;N/A;N/A;N/A;N/A;N/A;;0;324;0;0;;Disabled;TempStop;2;700;327.9;273.8;0;0;599.9;549.9;Enabled;PosOk;2;0;0;0;0;0;15;Disabled;0;0;0;0;0;0;0;0;0;0;0;0;0;0;0;0;0;0;0;0;0;0;0;0;0;0;0;0;0;0;0;0;0;0;0;0;0;0;0;0;0;0;0;0;0;0;0;0;0;0;0;0;0;0;0;0;0;0;0;0;0;0;0;0;0;0;0;0;0;0;30;33;20;45;30;30;20;45;30;33;20;45;30;30;20;45;200;142;100;300;200;140;100;300;200;141;100;300;200;140;100;300;30;32;20;45;30;30;20;45;30;32;20;45;30;30;20;45;200;144;100;300;200;143;100;300;200;242;100;300;200;243;100;300;4;2;0.4;6;4;5;0.4;6;4;2;0.4;6;4;5;0.4;6;4;2;0.4;6;4;5;0.4;6;4;2;0.4;6;4;5;0.4;6;NOK;NOK;OK;7000;7098;6500;8100;OK;4.98;0;8;12;NOK;N/A;1.5;N/A;N/A;N/A;9;11.5;7;18;OK;;0;0;0;-;Disabled;TempOk;2;230;40.2;40.7;0;0;349.9;441345100 daimler 1500 1900;441345100 daimler 1500 1900;441345100 Daimler 1500 1900
20260320_21:06:42;9794;4;2;950;955.3;925;975;OK;950;956.2;925;975;OK;952.1;952.2;-15;-17.9;-50;-5;OK;-15;-19.1;-50;-5;OK;-16.7;-17.9;0;-15;-17.5;-50;-5;OK;300;337;300;500;OK;5.7;6.22;N/A;N/A;N/A;N/A;N/A;N/A;N/A;N/A;N/A;N/A;N/A;N/A;N/A;N/A;N/A;N/A;N/A;N/A;N/A;N/A;N/A;N/A;N/A;N/A;N/A;N/A;N/A;N/A;N/A;N/A;N/A;N/A;N/A;N/A;N/A;N/A;N/A;N/A;N/A;N/A;N/A;N/A;N/A;N/A;N/A;N/A;N/A;N/A;N/A;N/A;N/A;N/A;N/A;N/A;N/A;N/A;N/A;N/A;N/A;N/A;N/A;N/A;N/A;N/A;N/A;N/A;N/A;N/A;N/A;N/A;N/A;N/A;N/A;N/A;N/A;N/A;N/A;N/A;N/A;N/A;N/A;N/A;N/A;N/A;N/A;N/A;N/A;N/A;N/A;N/A;N/A;N/A;N/A;N/A;N/A;N/A;N/A;N/A;;0;324.9;0;0;;Disabled;TempStop;2;700;328.9;275.3;0;0;599.9;549.9;Enabled;PosOk;2;0;0;0;0;0;15;Disabled;0;0;0;0;0;0;0;0;0;0;0;0;0;0;0;0;0;0;0;0;0;0;0;0;0;0;0;0;0;0;0;0;0;0;0;0;0;0;0;0;0;0;0;0;0;0;0;0;0;0;0;0;0;0;0;0;0;0;0;0;0;0;0;0;0;0;0;0;0;0;30;33;20;45;30;30;20;45;30;33;20;45;30;30;20;45;200;142;100;300;200;139;100;300;200;140;100;300;200;141;100;300;30;33;20;45;30;30;20;45;30;32;20;45;30;30;20;45;200;144;100;300;200;143;100;300;200;242;100;300;200;244;100;300;4;2;0.4;6;4;5;0.4;6;4;2;0.4;6;4;5;0.4;6;4;2;0.4;6;4;5;0.4;6;4;2;0.4;6;4;5;0.4;6;NOK;NOK;OK;7000;7105;6500;8100;OK;4.98;0;8;12;NOK;N/A;1.5;N/A;N/A;N/A;9;12.5;7;18;OK;;0;0;0;-;Disabled;TempOk;2;230;40.9;40.9;0;0;349.9;441345100 daimler 1500 1900;441345100 daimler 1500 1900;441345100 Daimler 1500 1900
20260320_21:07:00;9795;1;3;950;948.5;925;975;OK;950;951.7;925;975;OK;951.7;951.5;-20;-13.1;-50;-25;NOK;-20;-13.5;-50;-25;NOK;-15.8;-15.5;0;-20;-12.9;-50;-25;NOK;300;334;300;500;OK;0;0;N/A;N/A;N/A;N/A;N/A;N/A;N/A;N/A;N/A;N/A;N/A;N/A;N/A;N/A;N/A;N/A;N/A;N/A;N/A;N/A;N/A;N/A;N/A;N/A;N/A;N/A;N/A;N/A;N/A;N/A;N/A;N/A;N/A;N/A;N/A;N/A;N/A;N/A;N/A;N/A;N/A;N/A;N/A;N/A;N/A;N/A;N/A;N/A;N/A;N/A;N/A;N/A;N/A;N/A;N/A;N/A;N/A;N/A;N/A;N/A;N/A;N/A;N/A;N/A;N/A;N/A;N/A;N/A;N/A;N/A;N/A;N/A;N/A;N/A;N/A;N/A;N/A;N/A;N/A;N/A;N/A;N/A;N/A;N/A;N/A;N/A;N/A;N/A;N/A;N/A;N/A;N/A;N/A;N/A;N/A;N/A;N/A;N/A;;0;324.7;0;0;;Disabled;TempStop;2;700;328.6;275.3;0;0;599.9;549.9;Enabled;PosOk;2;0;0;0;0;0;15;Disabled;0;0;0;0;0;0;0;0;0;0;0;0;0;0;0;0;0;0;0;0;0;0;0;0;0;0;0;0;0;0;0;0;0;0;0;0;0;0;0;0;0;0;0;0;0;0;0;0;0;0;0;0;0;0;0;0;0;0;0;0;0;0;0;0;0;0;0;0;0;0;30;33;20;45;30;30;20;45;30;33;20;45;30;30;20;45;200;142;100;300;200;140;100;300;200;141;100;300;200;140;100;300;30;33;20;45;30;30;20;45;30;32;20;45;30;30;20;45;200;144;100;300;200;143;100;300;200;242;100;300;200;244;100;300;4;2;0.4;6;4;5;0.4;6;4;2;0.4;6;4;5;0.4;6;4;2;0.4;6;4;5;0.4;6;4;2;0.4;6;4;5;0.4;6;NOK;NOK;OK;7000;7106;6500;8100;OK;4.98;0;8;12;NOK;N/A;1.5;N/A;N/A;N/A;9;11.6;7;18;OK;;0;0;0;-;Disabled;TempOk;2;230;40.4;41.9;0;0;349.9;441345100 daimler 1500 1900;441345100 daimler 1500 1900;441345100 Daimler 1500 1900
20260320_21:07:17;9796;2;3;950;949.4;925;975;OK;950;951.1;925;975;OK;951.1;950.9;-15;-28.9;-50;-20;OK;-15;-21.1;-50;-20;OK;-17.3;-18.5;0;-15;-28.9;-50;-20;OK;300;338;300;500;OK;0;0;N/A;N/A;N/A;N/A;N/A;N/A;N/A;N/A;N/A;N/A;N/A;N/A;N/A;N/A;N/A;N/A;N/A;N/A;N/A;N/A;N/A;N/A;N/A;N/A;N/A;N/A;N/A;N/A;N/A;N/A;N/A;N/A;N/A;N/A;N/A;N/A;N/A;N/A;N/A;N/A;N/A;N/A;N/A;N/A;N/A;N/A;N/A;N/A;N/A;N/A;N/A;N/A;N/A;N/A;N/A;N/A;N/A;N/A;N/A;N/A;N/A;N/A;N/A;N/A;N/A;N/A;N/A;N/A;N/A;N/A;N/A;N/A;N/A;N/A;N/A;N/A;N/A;N/A;N/A;N/A;N/A;N/A;N/A;N/A;N/A;N/A;N/A;N/A;N/A;N/A;N/A;N/A;N/A;N/A;N/A;N/A;N/A;N/A;;0;323.2;0;0;;Disabled;TempStop;2;700;327.1;275.2;0;0;599.9;549.9;Enabled;PosOk;2;0;0;0;0;0;15;Disabled;0;0;0;0;0;0;0;0;0;0;0;0;0;0;0;0;0;0;0;0;0;0;0;0;0;0;0;0;0;0;0;0;0;0;0;0;0;0;0;0;0;0;0;0;0;0;0;0;0;0;0;0;0;0;0;0;0;0;0;0;0;0;0;0;0;0;0;0;0;0;30;33;20;45;30;30;20;45;30;33;20;45;30;30;20;45;200;142;100;300;200;140;100;300;200;140;100;300;200;140;100;300;30;33;20;45;30;30;20;45;30;32;20;45;30;30;20;45;200;144;100;300;200;143;100;300;200;243;100;300;200;244;100;300;4;2;0.4;6;4;5;0.4;6;4;2;0.4;6;4;5;0.4;6;4;2;0.4;6;4;5;0.4;6;4;3;0.4;6;4;5;0.4;6;NOK;NOK;OK;7000;7095;6500;8100;OK;4.98;0;8;12;NOK;N/A;1.5;N/A;N/A;N/A;9;12.3;7;18;OK;;0;0;0;-;Disabled;TempOk;2;230;40.7;41.2;0;0;349.9;441345100 daimler 1500 1900;441345100 daimler 1500 1900;441345100 Daimler 1500 1900
20260320_21:07:34;9797;3;3;950;948.4;925;975;OK;950;951.6;925;975;OK;951.5;951.4;-20;-21.1;-50;-25;NOK;-20;-16.7;-50;-25;NOK;-14.1;-15.3;0;-20;-20.9;-50;-25;NOK;300;336;300;500;OK;0;0;N/A;N/A;N/A;N/A;N/A;N/A;N/A;N/A;N/A;N/A;N/A;N/A;N/A;N/A;N/A;N/A;N/A;N/A;N/A;N/A;N/A;N/A;N/A;N/A;N/A;N/A;N/A;N/A;N/A;N/A;N/A;N/A;N/A;N/A;N/A;N/A;N/A;N/A;N/A;N/A;N/A;N/A;N/A;N/A;N/A;N/A;N/A;N/A;N/A;N/A;N/A;N/A;N/A;N/A;N/A;N/A;N/A;N/A;N/A;N/A;N/A;N/A;N/A;N/A;N/A;N/A;N/A;N/A;N/A;N/A;N/A;N/A;N/A;N/A;N/A;N/A;N/A;N/A;N/A;N/A;N/A;N/A;N/A;N/A;N/A;N/A;N/A;N/A;N/A;N/A;N/A;N/A;N/A;N/A;N/A;N/A;N/A;N/A;;0;322.5;0;0;;Disabled;TempStop;2;700;326.4;273.4;0;0;599.9;549.9;Enabled;PosOk;2;0;0;0;0;0;15;Disabled;0;0;0;0;0;0;0;0;0;0;0;0;0;0;0;0;0;0;0;0;0;0;0;0;0;0;0;0;0;0;0;0;0;0;0;0;0;0;0;0;0;0;0;0;0;0;0;0;0;0;0;0;0;0;0;0;0;0;0;0;0;0;0;0;0;0;0;0;0;0;30;33;20;45;30;30;20;45;30;34;20;45;30;30;20;45;200;141;100;300;200;139;100;300;200;140;100;300;200;140;100;300;30;33;20;45;30;30;20;45;30;32;20;45;30;30;20;45;200;144;100;300;200;143;100;300;200;242;100;300;200;243;100;300;4;2;0.4;6;4;5;0.4;6;4;2;0.4;6;4;5;0.4;6;4;2;0.4;6;4;5;0.4;6;4;3;0.4;6;4;5;0.4;6;NOK;NOK;OK;7000;7108;6500;8100;OK;4.98;0;8;12;NOK;N/A;1.5;N/A;N/A;N/A;9;11.8;7;18;OK;;0;0;0;-;Disabled;TempOk;2;230;40.9;40.9;0;0;349.9;441345100 daimler 1500 1900;441345100 daimler 1500 1900;441345100 Daimler 1500 1900
20260320_21:07:51;9798;4;3;950;956.8;925;975;OK;950;958.3;925;975;OK;957.9;958.2;-15;-14.6;-50;-5;OK;-15;-15.9;-50;-5;OK;-19.2;-19.6;0;-15;-14.2;-50;-5;OK;300;339;300;500;OK;5.82;6.3;N/A;N/A;N/A;N/A;N/A;N/A;N/A;N/A;N/A;N/A;N/A;N/A;N/A;N/A;N/A;N/A;N/A;N/A;N/A;N/A;N/A;N/A;N/A;N/A;N/A;N/A;N/A;N/A;N/A;N/A;N/A;N/A;N/A;N/A;N/A;N/A;N/A;N/A;N/A;N/A;N/A;N/A;N/A;N/A;N/A;N/A;N/A;N/A;N/A;N/A;N/A;N/A;N/A;N/A;N/A;N/A;N/A;N/A;N/A;N/A;N/A;N/A;N/A;N/A;N/A;N/A;N/A;N/A;N/A;N/A;N/A;N/A;N/A;N/A;N/A;N/A;N/A;N/A;N/A;N/A;N/A;N/A;N/A;N/A;N/A;N/A;N/A;N/A;N/A;N/A;N/A;N/A;N/A;N/A;N/A;N/A;N/A;N/A;;0;323.3;0;0;;Disabled;TempStop;2;700;327.2;275.2;0;0;599.9;549.9;Enabled;PosOk;2;0;0;0;0;0;15;Disabled;0;0;0;0;0;0;0;0;0;0;0;0;0;0;0;0;0;0;0;0;0;0;0;0;0;0;0;0;0;0;0;0;0;0;0;0;0;0;0;0;0;0;0;0;0;0;0;0;0;0;0;0;0;0;0;0;0;0;0;0;0;0;0;0;0;0;0;0;0;0;30;33;20;45;30;30;20;45;30;34;20;45;30;30;20;45;200;142;100;300;200;140;100;300;200;141;100;300;200;140;100;300;30;33;20;45;30;30;20;45;30;32;20;45;30;30;20;45;200;145;100;300;200;143;100;300;200;243;100;300;200;244;100;300;4;2;0.4;6;4;5;0.4;6;4;2;0.4;6;4;5;0.4;6;4;2;0.4;6;4;5;0.4;6;4;2;0.4;6;4;5;0.4;6;NOK;NOK;OK;7000;7098;6500;8100;OK;4.99;0;8;12;NOK;N/A;1.5;N/A;N/A;N/A;9;11.5;7;18;OK;;0;0;0;-;Disabled;TempOk;2;230;40.7;41.7;0;0;349.9;441345100 daimler 1500 1900;441345100 daimler 1500 1900;441345100 Daimler 1500 1900
20260320_21:08:09;9799;1;4;950;947.2;925;975;OK;950;950.8;925;975;OK;950.6;950.8;-20;-12.4;-50;-25;NOK;-20;-12.1;-50;-25;NOK;-14.9;-14.9;0;-20;-12.2;-50;-25;NOK;300;336;300;500;OK;0;0;N/A;N/A;N/A;N/A;N/A;N/A;N/A;N/A;N/A;N/A;N/A;N/A;N/A;N/A;N/A;N/A;N/A;N/A;N/A;N/A;N/A;N/A;N/A;N/A;N/A;N/A;N/A;N/A;N/A;N/A;N/A;N/A;N/A;N/A;N/A;N/A;N/A;N/A;N/A;N/A;N/A;N/A;N/A;N/A;N/A;N/A;N/A;N/A;N/A;N/A;N/A;N/A;N/A;N/A;N/A;N/A;N/A;N/A;N/A;N/A;N/A;N/A;N/A;N/A;N/A;N/A;N/A;N/A;N/A;N/A;N/A;N/A;N/A;N/A;N/A;N/A;N/A;N/A;N/A;N/A;N/A;N/A;N/A;N/A;N/A;N/A;N/A;N/A;N/A;N/A;N/A;N/A;N/A;N/A;N/A;N/A;N/A;N/A;;0;324.5;0;0;;Disabled;TempStop;2;700;328.4;275;0;0;599.9;549.9;Enabled;PosOk;2;0;0;0;0;0;15;Disabled;0;0;0;0;0;0;0;0;0;0;0;0;0;0;0;0;0;0;0;0;0;0;0;0;0;0;0;0;0;0;0;0;0;0;0;0;0;0;0;0;0;0;0;0;0;0;0;0;0;0;0;0;0;0;0;0;0;0;0;0;0;0;0;0;0;0;0;0;0;0;30;33;20;45;30;30;20;45;30;34;20;45;30;30;20;45;200;141;100;300;200;140;100;300;200;141;100;300;200;140;100;300;30;33;20;45;30;30;20;45;30;32;20;45;30;30;20;45;200;145;100;300;200;143;100;300;200;243;100;300;200;244;100;300;4;2;0.4;6;4;5;0.4;6;4;2;0.4;6;4;5;0.4;6;4;2;0.4;6;4;5;0.4;6;4;2;0.4;6;4;5;0.4;6;NOK;NOK;OK;7000;7107;6500;8100;OK;4.99;0;8;12;NOK;N/A;1.51;N/A;N/A;N/A;9;12.4;7;18;OK;;0;0;0;-;Disabled;TempOk;2;230;40.9;41.9;0;0;349.9;441345100 daimler 1500 1900;441345100 daimler 1500 1900;441345100 Daimler 1500 1900
20260320_21:08:26;9800;2;4;950;947.3;925;975;OK;950;951.5;925;975;OK;951.2;951.2;-15;-35.5;-50;-20;OK;-15;-25.7;-50;-20;OK;-20.5;-22.3;0;-15;-35.6;-50;-20;OK;300;340;300;500;OK;0;0;N/A;N/A;N/A;N/A;N/A;N/A;N/A;N/A;N/A;N/A;N/A;N/A;N/A;N/A;N/A;N/A;N/A;N/A;N/A;N/A;N/A;N/A;N/A;N/A;N/A;N/A;N/A;N/A;N/A;N/A;N/A;N/A;N/A;N/A;N/A;N/A;N/A;N/A;N/A;N/A;N/A;N/A;N/A;N/A;N/A;N/A;N/A;N/A;N/A;N/A;N/A;N/A;N/A;N/A;N/A;N/A;N/A;N/A;N/A;N/A;N/A;N/A;N/A;N/A;N/A;N/A;N/A;N/A;N/A;N/A;N/A;N/A;N/A;N/A;N/A;N/A;N/A;N/A;N/A;N/A;N/A;N/A;N/A;N/A;N/A;N/A;N/A;N/A;N/A;N/A;N/A;N/A;N/A;N/A;N/A;N/A;N/A;N/A;;0;323.4;0;0;;Disabled;TempStop;2;700;327.5;275.3;0;0;599.9;549.9;Enabled;PosOk;2;0;0;0;0;0;15;Disabled;0;0;0;0;0;0;0;0;0;0;0;0;0;0;0;0;0;0;0;0;0;0;0;0;0;0;0;0;0;0;0;0;0;0;0;0;0;0;0;0;0;0;0;0;0;0;0;0;0;0;0;0;0;0;0;0;0;0;0;0;0;0;0;0;0;0;0;0;0;0;30;33;20;45;30;30;20;45;30;34;20;45;30;30;20;45;200;142;100;300;200;140;100;300;200;141;100;300;200;140;100;300;30;33;20;45;30;30;20;45;30;32;20;45;30;30;20;45;200;144;100;300;200;143;100;300;200;242;100;300;200;243;100;300;4;2;0.4;6;4;5;0.4;6;4;2;0.4;6;4;5;0.4;6;4;2;0.4;6;4;5;0.4;6;4;3;0.4;6;4;5;0.4;6;NOK;NOK;OK;7000;7099;6500;8100;OK;4.98;0;8;12;NOK;N/A;1.5;N/A;N/A;N/A;9;11.7;7;18;OK;;0;0;0;-;Disabled;TempOk;2;230;40.7;41.7;0;0;349.9;441345100 daimler 1500 1900;441345100 daimler 1500 1900;441345100 Daimler 1500 1900
20260320_21:08:43;9801;3;4;950;948.7;925;975;OK;950;951.4;925;975;OK;951.5;951.5;-20;-17.5;-50;-25;NOK;-20;-15.4;-50;-25;NOK;-19;-19.5;0;-20;-17;-50;-25;NOK;300;338;300;500;OK;0;0;N/A;N/A;N/A;N/A;N/A;N/A;N/A;N/A;N/A;N/A;N/A;N/A;N/A;N/A;N/A;N/A;N/A;N/A;N/A;N/A;N/A;N/A;N/A;N/A;N/A;N/A;N/A;N/A;N/A;N/A;N/A;N/A;N/A;N/A;N/A;N/A;N/A;N/A;N/A;N/A;N/A;N/A;N/A;N/A;N/A;N/A;N/A;N/A;N/A;N/A;N/A;N/A;N/A;N/A;N/A;N/A;N/A;N/A;N/A;N/A;N/A;N/A;N/A;N/A;N/A;N/A;N/A;N/A;N/A;N/A;N/A;N/A;N/A;N/A;N/A;N/A;N/A;N/A;N/A;N/A;N/A;N/A;N/A;N/A;N/A;N/A;N/A;N/A;N/A;N/A;N/A;N/A;N/A;N/A;N/A;N/A;N/A;N/A;;0;322.1;0;0;;Disabled;TempStop;2;700;326.2;273.8;0;0;599.9;549.9;Enabled;PosOk;2;0;0;0;0;0;15;Disabled;0;0;0;0;0;0;0;0;0;0;0;0;0;0;0;0;0;0;0;0;0;0;0;0;0;0;0;0;0;0;0;0;0;0;0;0;0;0;0;0;0;0;0;0;0;0;0;0;0;0;0;0;0;0;0;0;0;0;0;0;0;0;0;0;0;0;0;0;0;0;30;34;20;45;30;30;20;45;30;34;20;45;30;30;20;45;200;142;100;300;200;140;100;300;200;140;100;300;200;140;100;300;30;33;20;45;30;30;20;45;30;32;20;45;30;30;20;45;200;144;100;300;200;143;100;300;200;243;100;300;200;244;100;300;4;2;0.4;6;4;5;0.4;6;4;2;0.4;6;4;5;0.4;6;4;2;0.4;6;4;5;0.4;6;4;2;0.4;6;4;5;0.4;6;NOK;NOK;OK;7000;7107;6500;8100;OK;4.99;0;8;12;NOK;N/A;1.5;N/A;N/A;N/A;9;12.1;7;18;OK;;0;0;0;-;Disabled;TempOk;2;230;40.9;40.9;0;0;349.9;441345100 daimler 1500 1900;441345100 daimler 1500 1900;441345100 Daimler 1500 1900
20260320_21:09:00;9802;4;4;950;945.3;925;975;OK;950;958.6;925;975;OK;958.3;958.4;-15;-17.3;-50;-5;OK;-15;-8.9;-50;-5;OK;-18.1;-15.5;0;-15;-17.3;-50;-5;OK;300;342;300;500;OK;5.96;6.38;N/A;N/A;N/A;N/A;N/A;N/A;N/A;N/A;N/A;N/A;N/A;N/A;N/A;N/A;N/A;N/A;N/A;N/A;N/A;N/A;N/A;N/A;N/A;N/A;N/A;N/A;N/A;N/A;N/A;N/A;N/A;N/A;N/A;N/A;N/A;N/A;N/A;N/A;N/A;N/A;N/A;N/A;N/A;N/A;N/A;N/A;N/A;N/A;N/A;N/A;N/A;N/A;N/A;N/A;N/A;N/A;N/A;N/A;N/A;N/A;N/A;N/A;N/A;N/A;N/A;N/A;N/A;N/A;N/A;N/A;N/A;N/A;N/A;N/A;N/A;N/A;N/A;N/A;N/A;N/A;N/A;N/A;N/A;N/A;N/A;N/A;N/A;N/A;N/A;N/A;N/A;N/A;N/A;N/A;N/A;N/A;N/A;N/A;;0;323.3;0;0;;Disabled;TempStop;2;700;327.3;275;0;0;599.9;549.9;Enabled;PosOk;2;0;0;0;0;0;15;Disabled;0;0;0;0;0;0;0;0;0;0;0;0;0;0;0;0;0;0;0;0;0;0;0;0;0;0;0;0;0;0;0;0;0;0;0;0;0;0;0;0;0;0;0;0;0;0;0;0;0;0;0;0;0;0;0;0;0;0;0;0;0;0;0;0;0;0;0;0;0;0;30;34;20;45;30;30;20;45;30;34;20;45;30;30;20;45;200;142;100;300;200;139;100;300;200;140;100;300;200;140;100;300;30;33;20;45;30;30;20;45;30;32;20;45;30;30;20;45;200;144;100;300;200;143;100;300;200;243;100;300;200;243;100;300;4;2;0.4;6;4;5;0.4;6;4;2;0.4;6;4;5;0.4;6;4;2;0.4;6;4;5;0.4;6;4;3;0.4;6;4;5;0.4;6;NOK;NOK;OK;7000;7111;6500;8100;OK;4.98;0;8;12;NOK;N/A;1.5;N/A;N/A;N/A;9;12;7;18;OK;;0;0;0;-;Disabled;TempOk;2;230;41.4;42.2;0;0;349.9;441345100 daimler 1500 1900;441345100 daimler 1500 1900;441345100 Daimler 1500 1900
20260320_21:09:18;9803;3;5;950;948.9;925;975;OK;950;951.2;925;975;OK;950.7;951.3;-20;-23;-50;-25;NOK;-20;-19.5;-50;-25;NOK;-19.2;-20;0;-20;-22.9;-50;-25;NOK;300;339;300;500;OK;0;0;N/A;N/A;N/A;N/A;N/A;N/A;N/A;N/A;N/A;N/A;N/A;N/A;N/A;N/A;N/A;N/A;N/A;N/A;N/A;N/A;N/A;N/A;N/A;N/A;N/A;N/A;N/A;N/A;N/A;N/A;N/A;N/A;N/A;N/A;N/A;N/A;N/A;N/A;N/A;N/A;N/A;N/A;N/A;N/A;N/A;N/A;N/A;N/A;N/A;N/A;N/A;N/A;N/A;N/A;N/A;N/A;N/A;N/A;N/A;N/A;N/A;N/A;N/A;N/A;N/A;N/A;N/A;N/A;N/A;N/A;N/A;N/A;N/A;N/A;N/A;N/A;N/A;N/A;N/A;N/A;N/A;N/A;N/A;N/A;N/A;N/A;N/A;N/A;N/A;N/A;N/A;N/A;N/A;N/A;N/A;N/A;N/A;N/A;;0;322.5;0;0;;Disabled;TempStop;2;700;326.5;273.3;0;0;599.9;549.9;Enabled;PosOk;2;0;0;0;0;0;15;Disabled;0;0;0;0;0;0;0;0;0;0;0;0;0;0;0;0;0;0;0;0;0;0;0;0;0;0;0;0;0;0;0;0;0;0;0;0;0;0;0;0;0;0;0;0;0;0;0;0;0;0;0;0;0;0;0;0;0;0;0;0;0;0;0;0;0;0;0;0;0;0;30;34;20;45;30;30;20;45;30;34;20;45;30;29;20;45;200;142;100;300;200;140;100;300;200;141;100;300;200;140;100;300;30;33;20;45;30;29;20;45;30;31;20;45;30;29;20;45;200;144;100;300;200;143;100;300;200;243;100;300;200;244;100;300;4;2;0.4;6;4;5;0.4;6;4;2;0.4;6;4;5;0.4;6;4;2;0.4;6;4;5;0.4;6;4;3;0.4;6;4;5;0.4;6;NOK;NOK;OK;7000;7090;6500;8100;OK;4.98;0;8;12;NOK;N/A;1.5;N/A;N/A;N/A;9;11.6;7;18;OK;;0;0;0;-;Disabled;TempOk;2;230;41.7;42.2;0;0;349.9;441345100 daimler 1500 1900;441345100 daimler 1500 1900;441345100 Daimler 1500 1900
20260320_21:09:35;9804;2;5;950;947.4;925;975;OK;950;950.9;925;975;OK;950.7;950.7;-15;-24.8;-50;-20;OK;-15;-20.8;-50;-20;OK;-19.9;-20.7;0;-15;-24.5;-50;-20;OK;300;342;300;500;OK;0;0;N/A;N/A;N/A;N/A;N/A;N/A;N/A;N/A;N/A;N/A;N/A;N/A;N/A;N/A;N/A;N/A;N/A;N/A;N/A;N/A;N/A;N/A;N/A;N/A;N/A;N/A;N/A;N/A;N/A;N/A;N/A;N/A;N/A;N/A;N/A;N/A;N/A;N/A;N/A;N/A;N/A;N/A;N/A;N/A;N/A;N/A;N/A;N/A;N/A;N/A;N/A;N/A;N/A;N/A;N/A;N/A;N/A;N/A;N/A;N/A;N/A;N/A;N/A;N/A;N/A;N/A;N/A;N/A;N/A;N/A;N/A;N/A;N/A;N/A;N/A;N/A;N/A;N/A;N/A;N/A;N/A;N/A;N/A;N/A;N/A;N/A;N/A;N/A;N/A;N/A;N/A;N/A;N/A;N/A;N/A;N/A;N/A;N/A;;0;324.8;0;0;;Disabled;TempStop;2;700;328.8;275.6;0;0;599.9;549.9;Enabled;PosOk;2;0;0;0;0;0;15;Disabled;0;0;0;0;0;0;0;0;0;0;0;0;0;0;0;0;0;0;0;0;0;0;0;0;0;0;0;0;0;0;0;0;0;0;0;0;0;0;0;0;0;0;0;0;0;0;0;0;0;0;0;0;0;0;0;0;0;0;0;0;0;0;0;0;0;0;0;0;0;0;30;33;20;45;30;29;20;45;30;33;20;45;30;29;20;45;200;142;100;300;200;140;100;300;200;140;100;300;200;139;100;300;30;32;20;45;30;29;20;45;30;31;20;45;30;29;20;45;200;145;100;300;200;143;100;300;200;243;100;300;200;244;100;300;4;2;0.4;6;4;5;0.4;6;4;2;0.4;6;4;5;0.4;6;4;2;0.4;6;4;5;0.4;6;4;2;0.4;6;4;5;0.4;6;NOK;NOK;OK;7000;7106;6500;8100;OK;4.98;0;8;12;NOK;N/A;1.5;N/A;N/A;N/A;9;12.3;7;18;OK;;0;0;0;-;Disabled;TempOk;2;230;40.9;41.9;0;0;349.9;441345100 daimler 1500 1900;441345100 daimler 1500 1900;441345100 Daimler 1500 1900
20260320_21:09:52;9805;1;1;950;939.8;925;975;OK;950;950.8;925;975;OK;950.8;951;-20;-15.3;-50;-25;NOK;-20;-15;-50;-25;NOK;-13.3;-14.1;0;-20;-15.4;-50;-25;NOK;300;333;300;500;OK;0;0;N/A;N/A;N/A;N/A;N/A;N/A;N/A;N/A;N/A;N/A;N/A;N/A;N/A;N/A;N/A;N/A;N/A;N/A;N/A;N/A;N/A;N/A;N/A;N/A;N/A;N/A;N/A;N/A;N/A;N/A;N/A;N/A;N/A;N/A;N/A;N/A;N/A;N/A;N/A;N/A;N/A;N/A;N/A;N/A;N/A;N/A;N/A;N/A;N/A;N/A;N/A;N/A;N/A;N/A;N/A;N/A;N/A;N/A;N/A;N/A;N/A;N/A;N/A;N/A;N/A;N/A;N/A;N/A;N/A;N/A;N/A;N/A;N/A;N/A;N/A;N/A;N/A;N/A;N/A;N/A;N/A;N/A;N/A;N/A;N/A;N/A;N/A;N/A;N/A;N/A;N/A;N/A;N/A;N/A;N/A;N/A;N/A;N/A;;0;325.9;0;0;;Disabled;TempStop;2;700;329.7;277.3;0;0;599.9;549.9;Enabled;PosOk;2;0;0;0;0;0;15;Disabled;0;0;0;0;0;0;0;0;0;0;0;0;0;0;0;0;0;0;0;0;0;0;0;0;0;0;0;0;0;0;0;0;0;0;0;0;0;0;0;0;0;0;0;0;0;0;0;0;0;0;0;0;0;0;0;0;0;0;0;0;0;0;0;0;0;0;0;0;0;0;30;33;20;45;30;29;20;45;30;33;20;45;30;28;20;45;200;141;100;300;200;139;100;300;200;140;100;300;200;140;100;300;30;32;20;45;30;29;20;45;30;31;20;45;30;29;20;45;200;144;100;300;200;143;100;300;200;242;100;300;200;244;100;300;4;2;0.4;6;4;5;0.4;6;4;2;0.4;6;4;5;0.4;6;4;2;0.4;6;4;5;0.4;6;4;2;0.4;6;4;5;0.4;6;NOK;NOK;OK;7000;7106;6500;8100;OK;4.98;0;8;12;NOK;N/A;1.5;N/A;N/A;N/A;9;11.7;7;18;OK;;0;0;0;-;Disabled;TempOk;2;230;40.9;41.4;0;0;349.9;441345100 daimler 1500 1900;441345100 daimler 1500 1900;441345100 Daimler 1500 1900
20260320_21:10:09;9806;2;1;950;939.9;925;975;OK;950;950.5;925;975;OK;950.5;950.6;-15;-19.4;-50;-20;NOK;-15;-18.8;-50;-20;NOK;-15.5;-16.7;0;-15;-19.5;-50;-20;NOK;300;333;300;500;OK;0;0;N/A;N/A;N/A;N/A;N/A;N/A;N/A;N/A;N/A;N/A;N/A;N/A;N/A;N/A;N/A;N/A;N/A;N/A;N/A;N/A;N/A;N/A;N/A;N/A;N/A;N/A;N/A;N/A;N/A;N/A;N/A;N/A;N/A;N/A;N/A;N/A;N/A;N/A;N/A;N/A;N/A;N/A;N/A;N/A;N/A;N/A;N/A;N/A;N/A;N/A;N/A;N/A;N/A;N/A;N/A;N/A;N/A;N/A;N/A;N/A;N/A;N/A;N/A;N/A;N/A;N/A;N/A;N/A;N/A;N/A;N/A;N/A;N/A;N/A;N/A;N/A;N/A;N/A;N/A;N/A;N/A;N/A;N/A;N/A;N/A;N/A;N/A;N/A;N/A;N/A;N/A;N/A;N/A;N/A;N/A;N/A;N/A;N/A;;0;323.1;0;0;;Disabled;TempStop;2;700;327.2;275.2;0;0;599.9;549.9;Enabled;PosOk;2;0;0;0;0;0;15;Disabled;0;0;0;0;0;0;0;0;0;0;0;0;0;0;0;0;0;0;0;0;0;0;0;0;0;0;0;0;0;0;0;0;0;0;0;0;0;0;0;0;0;0;0;0;0;0;0;0;0;0;0;0;0;0;0;0;0;0;0;0;0;0;0;0;0;0;0;0;0;0;30;33;20;45;30;29;20;45;30;33;20;45;30;29;20;45;200;142;100;300;200;140;100;300;200;141;100;300;200;140;100;300;30;32;20;45;30;29;20;45;30;31;20;45;30;29;20;45;200;144;100;300;200;143;100;300;200;242;100;300;200;244;100;300;4;2;0.4;6;4;5;0.4;6;4;2;0.4;6;4;5;0.4;6;4;2;0.4;6;4;5;0.4;6;4;3;0.4;6;4;5;0.4;6;NOK;NOK;OK;7000;7094;6500;8100;OK;4.98;0;8;12;NOK;N/A;1.5;N/A;N/A;N/A;9;12.1;7;18;OK;;0;0;0;-;Disabled;TempOk;2;230;41.2;41.9;0;0;349.9;441345100 daimler 1500 1900;441345100 daimler 1500 1900;441345100 Daimler 1500 1900
20260320_21:10:44;9808;4;5;950;949.5;925;975;OK;950;950.5;925;975;OK;950.7;950.7;-15;-12.1;-50;-5;OK;-15;-11.3;-50;-5;OK;-14.1;-13.3;0;-15;-11.9;-50;-5;OK;300;351;300;500;OK;6.07;6.51;N/A;N/A;N/A;N/A;N/A;N/A;N/A;N/A;N/A;N/A;N/A;N/A;N/A;N/A;N/A;N/A;N/A;N/A;N/A;N/A;N/A;N/A;N/A;N/A;N/A;N/A;N/A;N/A;N/A;N/A;N/A;N/A;N/A;N/A;N/A;N/A;N/A;N/A;N/A;N/A;N/A;N/A;N/A;N/A;N/A;N/A;N/A;N/A;N/A;N/A;N/A;N/A;N/A;N/A;N/A;N/A;N/A;N/A;N/A;N/A;N/A;N/A;N/A;N/A;N/A;N/A;N/A;N/A;N/A;N/A;N/A;N/A;N/A;N/A;N/A;N/A;N/A;N/A;N/A;N/A;N/A;N/A;N/A;N/A;N/A;N/A;N/A;N/A;N/A;N/A;N/A;N/A;N/A;N/A;N/A;N/A;N/A;N/A;;0;323.8;0;0;;Disabled;TempStop;2;700;327.1;277.5;0;0;599.9;549.9;Enabled;PosOk;2;0;0;0;0;0;15;Disabled;0;0;0;0;0;0;0;0;0;0;0;0;0;0;0;0;0;0;0;0;0;0;0;0;0;0;0;0;0;0;0;0;0;0;0;0;0;0;0;0;0;0;0;0;0;0;0;0;0;0;0;0;0;0;0;0;0;0;0;0;0;0;0;0;0;0;0;0;0;0;30;32;20;45;30;30;20;45;30;32;20;45;30;30;20;45;200;142;100;300;200;139;100;300;200;140;100;300;200;141;100;300;30;31;20;45;30;30;20;45;30;31;20;45;30;30;20;45;200;144;100;300;200;142;100;300;200;242;100;300;200;244;100;300;4;2;0.4;6;4;5;0.4;6;4;2;0.4;6;4;5;0.4;6;4;2;0.4;6;4;5;0.4;6;4;2;0.4;6;4;5;0.4;6;NOK;NOK;OK;7000;7069;6500;8100;OK;4.98;0;8;12;NOK;N/A;1.5;N/A;N/A;N/A;9;11.6;7;18;OK;;0;0;0;-;Disabled;TempOk;2;230;40.7;41.2;0;0;349.9;441345100 daimler 1500 1900;441345100 daimler 1500 1900;441345100 Daimler 1500 1900
20260320_21:11:01;9807;3;1;950;940.2;925;975;OK;950;951.2;925;975;OK;951.2;951.1;-20;-16.4;-50;-25;NOK;-20;-15.1;-50;-25;NOK;-11.9;-13.1;0;-20;-16.5;-50;-25;NOK;300;333;300;500;OK;0;0;N/A;N/A;N/A;N/A;N/A;N/A;N/A;N/A;N/A;N/A;N/A;N/A;N/A;N/A;N/A;N/A;N/A;N/A;N/A;N/A;N/A;N/A;N/A;N/A;N/A;N/A;N/A;N/A;N/A;N/A;N/A;N/A;N/A;N/A;N/A;N/A;N/A;N/A;N/A;N/A;N/A;N/A;N/A;N/A;N/A;N/A;N/A;N/A;N/A;N/A;N/A;N/A;N/A;N/A;N/A;N/A;N/A;N/A;N/A;N/A;N/A;N/A;N/A;N/A;N/A;N/A;N/A;N/A;N/A;N/A;N/A;N/A;N/A;N/A;N/A;N/A;N/A;N/A;N/A;N/A;N/A;N/A;N/A;N/A;N/A;N/A;N/A;N/A;N/A;N/A;N/A;N/A;N/A;N/A;N/A;N/A;N/A;N/A;;0;323.4;0;0;;Disabled;TempStop;2;700;327.3;276.6;0;0;599.9;549.9;Enabled;PosOk;2;0;0;0;0;0;15;Disabled;0;0;0;0;0;0;0;0;0;0;0;0;0;0;0;0;0;0;0;0;0;0;0;0;0;0;0;0;0;0;0;0;0;0;0;0;0;0;0;0;0;0;0;0;0;0;0;0;0;0;0;0;0;0;0;0;0;0;0;0;0;0;0;0;0;0;0;0;0;0;30;32;20;45;30;30;20;45;30;32;20;45;30;30;20;45;200;142;100;300;200;140;100;300;200;140;100;300;200;141;100;300;30;32;20;45;30;30;20;45;30;31;20;45;30;30;20;45;200;145;100;300;200;143;100;300;200;242;100;300;200;243;100;300;4;2;0.4;6;4;5;0.4;6;4;2;0.4;6;4;5;0.4;6;4;2;0.4;6;4;5;0.4;6;4;2;0.4;6;4;5;0.4;6;NOK;NOK;OK;7000;7095;6500;8100;OK;4.98;0;8;12;NOK;N/A;1.5;N/A;N/A;N/A;9;12.4;7;18;OK;;0;0;0;-;Disabled;TempOk;2;230;41.4;42.9;0;0;349.9;441345100 daimler 1500 1900;441345100 daimler 1500 1900;441345100 Daimler 1500 1900
20260320_21:11:18;9809;4;1;950;940.3;925;975;OK;950;949.6;925;975;OK;951.1;950;-15;-20;-50;-5;OK;-15;-10.6;-50;-5;OK;-8.9;-8.7;0;-15;-20;-50;-5;OK;300;333;300;500;OK;6.14;6.57;N/A;N/A;N/A;N/A;N/A;N/A;N/A;N/A;N/A;N/A;N/A;N/A;N/A;N/A;N/A;N/A;N/A;N/A;N/A;N/A;N/A;N/A;N/A;N/A;N/A;N/A;N/A;N/A;N/A;N/A;N/A;N/A;N/A;N/A;N/A;N/A;N/A;N/A;N/A;N/A;N/A;N/A;N/A;N/A;N/A;N/A;N/A;N/A;N/A;N/A;N/A;N/A;N/A;N/A;N/A;N/A;N/A;N/A;N/A;N/A;N/A;N/A;N/A;N/A;N/A;N/A;N/A;N/A;N/A;N/A;N/A;N/A;N/A;N/A;N/A;N/A;N/A;N/A;N/A;N/A;N/A;N/A;N/A;N/A;N/A;N/A;N/A;N/A;N/A;N/A;N/A;N/A;N/A;N/A;N/A;N/A;N/A;N/A;;0;322.9;0;0;;Disabled;TempStop;2;700;326.8;277.1;0;0;599.9;549.9;Enabled;PosOk;2;0;0;0;0;0;15;Disabled;0;0;0;0;0;0;0;0;0;0;0;0;0;0;0;0;0;0;0;0;0;0;0;0;0;0;0;0;0;0;0;0;0;0;0;0;0;0;0;0;0;0;0;0;0;0;0;0;0;0;0;0;0;0;0;0;0;0;0;0;0;0;0;0;0;0;0;0;0;0;30;33;20;45;30;29;20;45;30;33;20;45;30;30;20;45;200;142;100;300;200;140;100;300;200;140;100;300;200;140;100;300;30;32;20;45;30;29;20;45;30;31;20;45;30;29;20;45;200;144;100;300;200;143;100;300;200;242;100;300;200;243;100;300;4;2;0.4;6;4;5;0.4;6;4;2;0.4;6;4;5;0.4;6;4;2;0.4;6;4;5;0.4;6;4;3;0.4;6;4;5;0.4;6;NOK;NOK;OK;7000;7099;6500;8100;OK;4.98;0;8;12;NOK;N/A;1.5;N/A;N/A;N/A;9;11.7;7;18;OK;;0;0;0;-;Disabled;TempOk;2;230;41.7;42.7;0;0;349.9;441345100 daimler 1500 1900;441345100 daimler 1500 1900;441345100 Daimler 1500 1900
20260320_21:11:35;9810;1;2;950;940.2;925;975;OK;950;951.6;925;975;OK;951.6;951.6;-20;-11.2;-50;-25;NOK;-20;-11.2;-50;-25;NOK;-13.6;-14.5;0;-20;-11.2;-50;-25;NOK;300;333;300;500;OK;0;0;N/A;N/A;N/A;N/A;N/A;N/A;N/A;N/A;N/A;N/A;N/A;N/A;N/A;N/A;N/A;N/A;N/A;N/A;N/A;N/A;N/A;N/A;N/A;N/A;N/A;N/A;N/A;N/A;N/A;N/A;N/A;N/A;N/A;N/A;N/A;N/A;N/A;N/A;N/A;N/A;N/A;N/A;N/A;N/A;N/A;N/A;N/A;N/A;N/A;N/A;N/A;N/A;N/A;N/A;N/A;N/A;N/A;N/A;N/A;N/A;N/A;N/A;N/A;N/A;N/A;N/A;N/A;N/A;N/A;N/A;N/A;N/A;N/A;N/A;N/A;N/A;N/A;N/A;N/A;N/A;N/A;N/A;N/A;N/A;N/A;N/A;N/A;N/A;N/A;N/A;N/A;N/A;N/A;N/A;N/A;N/A;N/A;N/A;;0;324.7;0;0;;Disabled;TempStop;2;700;328.7;275.9;0;0;599.9;549.9;Enabled;PosOk;2;0;0;0;0;0;15;Disabled;0;0;0;0;0;0;0;0;0;0;0;0;0;0;0;0;0;0;0;0;0;0;0;0;0;0;0;0;0;0;0;0;0;0;0;0;0;0;0;0;0;0;0;0;0;0;0;0;0;0;0;0;0;0;0;0;0;0;0;0;0;0;0;0;0;0;0;0;0;0;30;33;20;45;30;29;20;45;30;33;20;45;30;29;20;45;200;141;100;300;200;139;100;300;200;141;100;300;200;140;100;300;30;32;20;45;30;29;20;45;30;31;20;45;30;30;20;45;200;144;100;300;200;143;100;300;200;242;100;300;200;244;100;300;4;2;0.4;6;4;5;0.4;6;4;2;0.4;6;4;5;0.4;6;4;2;0.4;6;4;5;0.4;6;4;2;0.4;6;4;5;0.4;6;NOK;NOK;OK;7000;7103;6500;8100;OK;4.98;0;8;12;NOK;N/A;1.5;N/A;N/A;N/A;9;12.2;7;18;OK;;0;0;0;-;Disabled;TempOk;2;230;41.4;41.9;0;0;349.9;441345100 daimler 1500 1900;441345100 daimler 1500 1900;441345100 Daimler 1500 1900
20260320_21:11:53;9811;2;2;950;940;925;975;OK;950;951.1;925;975;OK;951;951;-15;-21.8;-50;-20;OK;-15;-20.2;-50;-20;OK;-17.3;-18.8;0;-15;-21.8;-50;-20;OK;300;333;300;500;OK;0;0;N/A;N/A;N/A;N/A;N/A;N/A;N/A;N/A;N/A;N/A;N/A;N/A;N/A;N/A;N/A;N/A;N/A;N/A;N/A;N/A;N/A;N/A;N/A;N/A;N/A;N/A;N/A;N/A;N/A;N/A;N/A;N/A;N/A;N/A;N/A;N/A;N/A;N/A;N/A;N/A;N/A;N/A;N/A;N/A;N/A;N/A;N/A;N/A;N/A;N/A;N/A;N/A;N/A;N/A;N/A;N/A;N/A;N/A;N/A;N/A;N/A;N/A;N/A;N/A;N/A;N/A;N/A;N/A;N/A;N/A;N/A;N/A;N/A;N/A;N/A;N/A;N/A;N/A;N/A;N/A;N/A;N/A;N/A;N/A;N/A;N/A;N/A;N/A;N/A;N/A;N/A;N/A;N/A;N/A;N/A;N/A;N/A;N/A;;0;324.7;0;0;;Disabled;TempStop;2;700;328.8;276.6;0;0;599.9;549.9;Enabled;PosOk;2;0;0;0;0;0;15;Disabled;0;0;0;0;0;0;0;0;0;0;0;0;0;0;0;0;0;0;0;0;0;0;0;0;0;0;0;0;0;0;0;0;0;0;0;0;0;0;0;0;0;0;0;0;0;0;0;0;0;0;0;0;0;0;0;0;0;0;0;0;0;0;0;0;0;0;0;0;0;0;30;33;20;45;30;29;20;45;30;33;20;45;30;30;20;45;200;142;100;300;200;140;100;300;200;140;100;300;200;140;100;300;30;33;20;45;30;29;20;45;30;31;20;45;30;30;20;45;200;145;100;300;200;143;100;300;200;242;100;300;200;244;100;300;4;2;0.4;6;4;5;0.4;6;4;2;0.4;6;4;5;0.4;6;4;2;0.4;6;4;5;0.4;6;4;2;0.4;6;4;5;0.4;6;NOK;NOK;OK;7000;7106;6500;8100;OK;4.98;0;8;12;NOK;N/A;1.5;N/A;N/A;N/A;9;11.9;7;18;OK;;0;0;0;-;Disabled;TempOk;2;230;41.9;42.4;0;0;349.9;441345100 daimler 1500 1900;441345100 daimler 1500 1900;441345100 Daimler 1500 1900
20260320_21:12:10;9812;3;2;950;940.1;925;975;OK;950;951.8;925;975;OK;951.5;951.7;-20;-16.4;-50;-25;NOK;-20;-16.1;-50;-25;NOK;-14.1;-15.3;0;-20;-16.1;-50;-25;NOK;300;333;300;500;OK;0;0;N/A;N/A;N/A;N/A;N/A;N/A;N/A;N/A;N/A;N/A;N/A;N/A;N/A;N/A;N/A;N/A;N/A;N/A;N/A;N/A;N/A;N/A;N/A;N/A;N/A;N/A;N/A;N/A;N/A;N/A;N/A;N/A;N/A;N/A;N/A;N/A;N/A;N/A;N/A;N/A;N/A;N/A;N/A;N/A;N/A;N/A;N/A;N/A;N/A;N/A;N/A;N/A;N/A;N/A;N/A;N/A;N/A;N/A;N/A;N/A;N/A;N/A;N/A;N/A;N/A;N/A;N/A;N/A;N/A;N/A;N/A;N/A;N/A;N/A;N/A;N/A;N/A;N/A;N/A;N/A;N/A;N/A;N/A;N/A;N/A;N/A;N/A;N/A;N/A;N/A;N/A;N/A;N/A;N/A;N/A;N/A;N/A;N/A;;0;322.6;0;0;;Disabled;TempStop;2;700;326.7;275;0;0;599.9;549.9;Enabled;PosOk;2;0;0;0;0;0;15;Disabled;0;0;0;0;0;0;0;0;0;0;0;0;0;0;0;0;0;0;0;0;0;0;0;0;0;0;0;0;0;0;0;0;0;0;0;0;0;0;0;0;0;0;0;0;0;0;0;0;0;0;0;0;0;0;0;0;0;0;0;0;0;0;0;0;0;0;0;0;0;0;30;33;20;45;30;30;20;45;30;33;20;45;30;30;20;45;200;142;100;300;200;140;100;300;200;141;100;300;200;140;100;300;30;32;20;45;30;30;20;45;30;31;20;45;30;30;20;45;200;144;100;300;200;143;100;300;200;242;100;300;200;244;100;300;4;2;0.4;6;4;5;0.4;6;4;2;0.4;6;4;5;0.4;6;4;2;0.4;6;4;5;0.4;6;4;2;0.4;6;4;5;0.4;6;NOK;NOK;OK;7000;7106;6500;8100;OK;4.98;0;8;12;NOK;N/A;1.5;N/A;N/A;N/A;9;11.5;7;18;OK;;0;0;0;-;Disabled;TempOk;2;230;40.9;41.9;0;0;349.9;441345100 daimler 1500 1900;441345100 daimler 1500 1900;441345100 Daimler 1500 1900
20260320_21:12:27;9813;4;2;950;946;925;975;OK;950;951.4;925;975;OK;954;952.7;-15;-18.7;-50;-5;OK;-15;-12.2;-50;-5;OK;-13.7;-13.1;0;-15;-18.7;-50;-5;OK;300;333;300;500;OK;6.23;6.68;N/A;N/A;N/A;N/A;N/A;N/A;N/A;N/A;N/A;N/A;N/A;N/A;N/A;N/A;N/A;N/A;N/A;N/A;N/A;N/A;N/A;N/A;N/A;N/A;N/A;N/A;N/A;N/A;N/A;N/A;N/A;N/A;N/A;N/A;N/A;N/A;N/A;N/A;N/A;N/A;N/A;N/A;N/A;N/A;N/A;N/A;N/A;N/A;N/A;N/A;N/A;N/A;N/A;N/A;N/A;N/A;N/A;N/A;N/A;N/A;N/A;N/A;N/A;N/A;N/A;N/A;N/A;N/A;N/A;N/A;N/A;N/A;N/A;N/A;N/A;N/A;N/A;N/A;N/A;N/A;N/A;N/A;N/A;N/A;N/A;N/A;N/A;N/A;N/A;N/A;N/A;N/A;N/A;N/A;N/A;N/A;N/A;N/A;;0;322.7;0;0;;Disabled;TempStop;2;700;326.6;274.8;0;0;599.9;549.9;Enabled;PosOk;2;0;0;0;0;0;15;Disabled;0;0;0;0;0;0;0;0;0;0;0;0;0;0;0;0;0;0;0;0;0;0;0;0;0;0;0;0;0;0;0;0;0;0;0;0;0;0;0;0;0;0;0;0;0;0;0;0;0;0;0;0;0;0;0;0;0;0;0;0;0;0;0;0;0;0;0;0;0;0;30;33;20;45;30;30;20;45;30;33;20;45;30;30;20;45;200;141;100;300;200;140;100;300;200;141;100;300;200;140;100;300;30;32;20;45;30;30;20;45;30;31;20;45;30;30;20;45;200;144;100;300;200;143;100;300;200;242;100;300;200;244;100;300;4;2;0.4;6;4;5;0.4;6;4;2;0.4;6;4;5;0.4;6;4;2;0.4;6;4;5;0.4;6;4;2;0.4;6;4;5;0.4;6;NOK;NOK;OK;7000;7103;6500;8100;OK;4.98;0;8;12;NOK;N/A;1.5;N/A;N/A;N/A;9;12.4;7;18;OK;;0;0;0;-;Disabled;TempOk;2;230;41.4;42.2;0;0;349.9;441345100 daimler 1500 1900;441345100 daimler 1500 1900;441345100 Daimler 1500 1900
20260320_21:12:44;9814;1;3;950;941.1;925;975;OK;950;951.5;925;975;OK;951.5;951.5;-20;-12.7;-50;-25;NOK;-20;-13.2;-50;-25;NOK;-15.3;-15.1;0;-20;-12.6;-50;-25;NOK;300;333;300;500;OK;0;0;N/A;N/A;N/A;N/A;N/A;N/A;N/A;N/A;N/A;N/A;N/A;N/A;N/A;N/A;N/A;N/A;N/A;N/A;N/A;N/A;N/A;N/A;N/A;N/A;N/A;N/A;N/A;N/A;N/A;N/A;N/A;N/A;N/A;N/A;N/A;N/A;N/A;N/A;N/A;N/A;N/A;N/A;N/A;N/A;N/A;N/A;N/A;N/A;N/A;N/A;N/A;N/A;N/A;N/A;N/A;N/A;N/A;N/A;N/A;N/A;N/A;N/A;N/A;N/A;N/A;N/A;N/A;N/A;N/A;N/A;N/A;N/A;N/A;N/A;N/A;N/A;N/A;N/A;N/A;N/A;N/A;N/A;N/A;N/A;N/A;N/A;N/A;N/A;N/A;N/A;N/A;N/A;N/A;N/A;N/A;N/A;N/A;N/A;;0;324.5;0;0;;Disabled;TempStop;2;700;328.5;277.1;0;0;599.9;549.9;Enabled;PosOk;2;0;0;0;0;0;15;Disabled;0;0;0;0;0;0;0;0;0;0;0;0;0;0;0;0;0;0;0;0;0;0;0;0;0;0;0;0;0;0;0;0;0;0;0;0;0;0;0;0;0;0;0;0;0;0;0;0;0;0;0;0;0;0;0;0;0;0;0;0;0;0;0;0;0;0;0;0;0;0;30;33;20;45;30;30;20;45;30;33;20;45;30;29;20;45;200;141;100;300;200;139;100;300;200;141;100;300;200;140;100;300;30;32;20;45;30;30;20;45;30;31;20;45;30;30;20;45;200;144;100;300;200;143;100;300;200;243;100;300;200;244;100;300;4;2;0.4;6;4;5;0.4;6;4;2;0.4;6;4;5;0.4;6;4;2;0.4;6;4;5;0.4;6;4;2;0.4;6;4;5;0.4;6;NOK;NOK;OK;7000;7107;6500;8100;OK;4.99;0;8;12;NOK;N/A;1.5;N/A;N/A;N/A;9;11.7;7;18;OK;;0;0;0;-;Disabled;TempOk;2;230;41.2;41.4;0;0;349.9;441345100 daimler 1500 1900;441345100 daimler 1500 1900;441345100 Daimler 1500 1900
20260320_21:13:02;9815;2;3;950;942.2;925;975;OK;950;946.7;925;975;OK;947.5;947.1;-15;-21.4;-50;-20;OK;-15;-19.1;-50;-20;NOK;-15.3;-16.6;0;-15;-21.5;-50;-20;OK;300;333;300;500;OK;0;0;N/A;N/A;N/A;N/A;N/A;N/A;N/A;N/A;N/A;N/A;N/A;N/A;N/A;N/A;N/A;N/A;N/A;N/A;N/A;N/A;N/A;N/A;N/A;N/A;N/A;N/A;N/A;N/A;N/A;N/A;N/A;N/A;N/A;N/A;N/A;N/A;N/A;N/A;N/A;N/A;N/A;N/A;N/A;N/A;N/A;N/A;N/A;N/A;N/A;N/A;N/A;N/A;N/A;N/A;N/A;N/A;N/A;N/A;N/A;N/A;N/A;N/A;N/A;N/A;N/A;N/A;N/A;N/A;N/A;N/A;N/A;N/A;N/A;N/A;N/A;N/A;N/A;N/A;N/A;N/A;N/A;N/A;N/A;N/A;N/A;N/A;N/A;N/A;N/A;N/A;N/A;N/A;N/A;N/A;N/A;N/A;N/A;N/A;;0;322.9;0;0;;Disabled;TempStop;2;700;326.7;276;0;0;599.9;549.9;Enabled;PosOk;2;0;0;0;0;0;15;Disabled;0;0;0;0;0;0;0;0;0;0;0;0;0;0;0;0;0;0;0;0;0;0;0;0;0;0;0;0;0;0;0;0;0;0;0;0;0;0;0;0;0;0;0;0;0;0;0;0;0;0;0;0;0;0;0;0;0;0;0;0;0;0;0;0;0;0;0;0;0;0;30;33;20;45;30;29;20;45;30;33;20;45;30;29;20;45;200;142;100;300;200;140;100;300;200;141;100;300;200;140;100;300;30;33;20;45;30;29;20;45;30;31;20;45;30;29;20;45;200;144;100;300;200;143;100;300;200;242;100;300;200;243;100;300;4;2;0.4;6;4;5;0.4;6;4;2;0.4;6;4;5;0.4;6;4;2;0.4;6;4;5;0.4;6;4;2;0.4;6;4;5;0.4;6;NOK;NOK;OK;7000;7094;6500;8100;OK;4.98;0;8;12;NOK;N/A;1.5;N/A;N/A;N/A;9;12.1;7;18;OK;;0;0;0;-;Disabled;TempOk;2;230;41.4;41.9;0;0;349.9;441345100 daimler 1500 1900;441345100 daimler 1500 1900;441345100 Daimler 1500 1900
20260320_21:13:19;9816;3;3;950;940.2;925;975;OK;950;951.5;925;975;OK;951.7;951.4;-20;-16.5;-50;-25;NOK;-20;-15.5;-50;-25;NOK;-12.8;-14;0;-20;-16.4;-50;-25;NOK;300;333;300;500;OK;0;0;N/A;N/A;N/A;N/A;N/A;N/A;N/A;N/A;N/A;N/A;N/A;N/A;N/A;N/A;N/A;N/A;N/A;N/A;N/A;N/A;N/A;N/A;N/A;N/A;N/A;N/A;N/A;N/A;N/A;N/A;N/A;N/A;N/A;N/A;N/A;N/A;N/A;N/A;N/A;N/A;N/A;N/A;N/A;N/A;N/A;N/A;N/A;N/A;N/A;N/A;N/A;N/A;N/A;N/A;N/A;N/A;N/A;N/A;N/A;N/A;N/A;N/A;N/A;N/A;N/A;N/A;N/A;N/A;N/A;N/A;N/A;N/A;N/A;N/A;N/A;N/A;N/A;N/A;N/A;N/A;N/A;N/A;N/A;N/A;N/A;N/A;N/A;N/A;N/A;N/A;N/A;N/A;N/A;N/A;N/A;N/A;N/A;N/A;;0;323.7;0;0;;Disabled;TempStop;2;700;327.7;276.3;0;0;599.9;549.9;Enabled;PosOk;2;0;0;0;0;0;15;Disabled;0;0;0;0;0;0;0;0;0;0;0;0;0;0;0;0;0;0;0;0;0;0;0;0;0;0;0;0;0;0;0;0;0;0;0;0;0;0;0;0;0;0;0;0;0;0;0;0;0;0;0;0;0;0;0;0;0;0;0;0;0;0;0;0;0;0;0;0;0;0;30;33;20;45;30;29;20;45;30;33;20;45;30;29;20;45;200;142;100;300;200;140;100;300;200;141;100;300;200;140;100;300;30;32;20;45;30;29;20;45;30;31;20;45;30;29;20;45;200;144;100;300;200;143;100;300;200;242;100;300;200;244;100;300;4;2;0.4;6;4;5;0.4;6;4;2;0.4;6;4;5;0.4;6;4;2;0.4;6;4;5;0.4;6;4;2;0.4;6;4;5;0.4;6;NOK;NOK;OK;7000;7102;6500;8100;OK;4.98;0;8;12;NOK;N/A;1.5;N/A;N/A;N/A;9;12;7;18;OK;;0;0;0;-;Disabled;TempOk;2;230;42.2;42.7;0;0;349.9;441345100 daimler 1500 1900;441345100 daimler 1500 1900;441345100 Daimler 1500 1900
20260320_21:13:36;9817;4;3;950;948.2;925;975;OK;950;951.5;925;975;OK;951.6;951.4;-15;-14.4;-50;-5;OK;-15;-13;-50;-5;OK;-14.6;-14.4;0;-15;-14.3;-50;-5;OK;300;333;300;500;OK;6.31;6.82;N/A;N/A;N/A;N/A;N/A;N/A;N/A;N/A;N/A;N/A;N/A;N/A;N/A;N/A;N/A;N/A;N/A;N/A;N/A;N/A;N/A;N/A;N/A;N/A;N/A;N/A;N/A;N/A;N/A;N/A;N/A;N/A;N/A;N/A;N/A;N/A;N/A;N/A;N/A;N/A;N/A;N/A;N/A;N/A;N/A;N/A;N/A;N/A;N/A;N/A;N/A;N/A;N/A;N/A;N/A;N/A;N/A;N/A;N/A;N/A;N/A;N/A;N/A;N/A;N/A;N/A;N/A;N/A;N/A;N/A;N/A;N/A;N/A;N/A;N/A;N/A;N/A;N/A;N/A;N/A;N/A;N/A;N/A;N/A;N/A;N/A;N/A;N/A;N/A;N/A;N/A;N/A;N/A;N/A;N/A;N/A;N/A;N/A;;0;322.9;0;0;;Disabled;TempStop;2;700;326.9;276.2;0;0;599.9;549.9;Enabled;PosOk;2;0;0;0;0;0;15;Disabled;0;0;0;0;0;0;0;0;0;0;0;0;0;0;0;0;0;0;0;0;0;0;0;0;0;0;0;0;0;0;0;0;0;0;0;0;0;0;0;0;0;0;0;0;0;0;0;0;0;0;0;0;0;0;0;0;0;0;0;0;0;0;0;0;0;0;0;0;0;0;30;33;20;45;30;29;20;45;30;33;20;45;30;29;20;45;200;142;100;300;200;140;100;300;200;140;100;300;200;140;100;300;30;32;20;45;30;29;20;45;30;31;20;45;30;29;20;45;200;144;100;300;200;143;100;300;200;242;100;300;200;243;100;300;4;2;0.4;6;4;5;0.4;6;4;2;0.4;6;4;5;0.4;6;4;2;0.4;6;4;5;0.4;6;4;3;0.4;6;4;5;0.4;6;NOK;NOK;OK;7000;7107;6500;8100;OK;4.98;0;8;12;NOK;N/A;1.5;N/A;N/A;N/A;9;11.6;7;18;OK;;0;0;0;-;Disabled;TempOk;2;230;42.2;42.4;0;0;349.9;441345100 daimler 1500 1900;441345100 daimler 1500 1900;441345100 Daimler 1500 1900
20260320_21:13:53;9818;1;4;950;939.2;925;975;OK;950;950.7;925;975;OK;950.8;950.8;-20;-11.2;-50;-25;NOK;-20;-11.7;-50;-25;NOK;-14.3;-14.3;0;-20;-11;-50;-25;NOK;300;333;300;500;OK;0;0;N/A;N/A;N/A;N/A;N/A;N/A;N/A;N/A;N/A;N/A;N/A;N/A;N/A;N/A;N/A;N/A;N/A;N/A;N/A;N/A;N/A;N/A;N/A;N/A;N/A;N/A;N/A;N/A;N/A;N/A;N/A;N/A;N/A;N/A;N/A;N/A;N/A;N/A;N/A;N/A;N/A;N/A;N/A;N/A;N/A;N/A;N/A;N/A;N/A;N/A;N/A;N/A;N/A;N/A;N/A;N/A;N/A;N/A;N/A;N/A;N/A;N/A;N/A;N/A;N/A;N/A;N/A;N/A;N/A;N/A;N/A;N/A;N/A;N/A;N/A;N/A;N/A;N/A;N/A;N/A;N/A;N/A;N/A;N/A;N/A;N/A;N/A;N/A;N/A;N/A;N/A;N/A;N/A;N/A;N/A;N/A;N/A;N/A;;0;324.5;0;0;;Disabled;TempStop;2;700;328.6;277.7;0;0;599.9;549.9;Enabled;PosOk;2;0;0;0;0;0;15;Disabled;0;0;0;0;0;0;0;0;0;0;0;0;0;0;0;0;0;0;0;0;0;0;0;0;0;0;0;0;0;0;0;0;0;0;0;0;0;0;0;0;0;0;0;0;0;0;0;0;0;0;0;0;0;0;0;0;0;0;0;0;0;0;0;0;0;0;0;0;0;0;30;33;20;45;30;30;20;45;30;33;20;45;30;30;20;45;200;142;100;300;200;140;100;300;200;140;100;300;200;140;100;300;30;32;20;45;30;30;20;45;30;31;20;45;30;30;20;45;200;144;100;300;200;143;100;300;200;242;100;300;200;244;100;300;4;2;0.4;6;4;5;0.4;6;4;2;0.4;6;4;5;0.4;6;4;2;0.4;6;4;5;0.4;6;4;2;0.4;6;4;5;0.4;6;NOK;NOK;OK;7000;7104;6500;8100;OK;4.98;0;8;12;NOK;N/A;1.5;N/A;N/A;N/A;9;12.3;7;18;OK;;0;0;0;-;Disabled;TempOk;2;230;41.7;42.4;0;0;349.9;441345100 daimler 1500 1900;441345100 daimler 1500 1900;441345100 Daimler 1500 1900
20260320_21:14:11;9819;2;4;950;940.6;925;975;OK;950;951.2;925;975;OK;951.3;951.1;-15;-26.1;-50;-20;OK;-15;-23.2;-50;-20;OK;-18.2;-20.1;0;-15;-26.1;-50;-20;OK;300;333;300;500;OK;0;0;N/A;N/A;N/A;N/A;N/A;N/A;N/A;N/A;N/A;N/A;N/A;N/A;N/A;N/A;N/A;N/A;N/A;N/A;N/A;N/A;N/A;N/A;N/A;N/A;N/A;N/A;N/A;N/A;N/A;N/A;N/A;N/A;N/A;N/A;N/A;N/A;N/A;N/A;N/A;N/A;N/A;N/A;N/A;N/A;N/A;N/A;N/A;N/A;N/A;N/A;N/A;N/A;N/A;N/A;N/A;N/A;N/A;N/A;N/A;N/A;N/A;N/A;N/A;N/A;N/A;N/A;N/A;N/A;N/A;N/A;N/A;N/A;N/A;N/A;N/A;N/A;N/A;N/A;N/A;N/A;N/A;N/A;N/A;N/A;N/A;N/A;N/A;N/A;N/A;N/A;N/A;N/A;N/A;N/A;N/A;N/A;N/A;N/A;;0;325.2;0;0;;Disabled;TempStop;2;700;329.2;276.6;0;0;599.9;549.9;Enabled;PosOk;2;0;0;0;0;0;15;Disabled;0;0;0;0;0;0;0;0;0;0;0;0;0;0;0;0;0;0;0;0;0;0;0;0;0;0;0;0;0;0;0;0;0;0;0;0;0;0;0;0;0;0;0;0;0;0;0;0;0;0;0;0;0;0;0;0;0;0;0;0;0;0;0;0;0;0;0;0;0;0;30;33;20;45;30;30;20;45;30;33;20;45;30;30;20;45;200;142;100;300;200;140;100;300;200;141;100;300;200;141;100;300;30;33;20;45;30;30;20;45;30;31;20;45;30;30;20;45;200;144;100;300;200;143;100;300;200;242;100;300;200;243;100;300;4;2;0.4;6;4;5;0.4;6;4;2;0.4;6;4;5;0.4;6;4;2;0.4;6;4;5;0.4;6;4;2;0.4;6;4;5;0.4;6;NOK;NOK;OK;7000;7093;6500;8100;OK;4.98;0;8;12;NOK;N/A;1.5;N/A;N/A;N/A;9;11.9;7;18;OK;;0;0;0;-;Disabled;TempOk;2;230;41.4;41.7;0;0;349.9;441345100 daimler 1500 1900;441345100 daimler 1500 1900;441345100 Daimler 1500 1900
20260320_21:14:28;9820;3;4;950;941.5;925;975;OK;950;951.5;925;975;OK;951.4;951.3;-20;-14;-50;-25;NOK;-20;-14.6;-50;-25;NOK;-17.7;-18;0;-20;-13.7;-50;-25;NOK;300;333;300;500;OK;0;0;N/A;N/A;N/A;N/A;N/A;N/A;N/A;N/A;N/A;N/A;N/A;N/A;N/A;N/A;N/A;N/A;N/A;N/A;N/A;N/A;N/A;N/A;N/A;N/A;N/A;N/A;N/A;N/A;N/A;N/A;N/A;N/A;N/A;N/A;N/A;N/A;N/A;N/A;N/A;N/A;N/A;N/A;N/A;N/A;N/A;N/A;N/A;N/A;N/A;N/A;N/A;N/A;N/A;N/A;N/A;N/A;N/A;N/A;N/A;N/A;N/A;N/A;N/A;N/A;N/A;N/A;N/A;N/A;N/A;N/A;N/A;N/A;N/A;N/A;N/A;N/A;N/A;N/A;N/A;N/A;N/A;N/A;N/A;N/A;N/A;N/A;N/A;N/A;N/A;N/A;N/A;N/A;N/A;N/A;N/A;N/A;N/A;N/A;;0;323.3;0;0;;Disabled;TempStop;2;700;327.2;275.4;0;0;599.9;549.9;Enabled;PosOk;2;0;0;0;0;0;15;Disabled;0;0;0;0;0;0;0;0;0;0;0;0;0;0;0;0;0;0;0;0;0;0;0;0;0;0;0;0;0;0;0;0;0;0;0;0;0;0;0;0;0;0;0;0;0;0;0;0;0;0;0;0;0;0;0;0;0;0;0;0;0;0;0;0;0;0;0;0;0;0;30;33;20;45;30;30;20;45;30;33;20;45;30;30;20;45;200;141;100;300;200;139;100;300;200;140;100;300;200;140;100;300;30;33;20;45;30;30;20;45;30;32;20;45;30;30;20;45;200;144;100;300;200;143;100;300;200;242;100;300;200;243;100;300;4;2;0.4;6;4;5;0.4;6;4;2;0.4;6;4;5;0.4;6;4;2;0.4;6;4;5;0.4;6;4;2;0.4;6;4;5;0.4;6;NOK;NOK;OK;7000;7104;6500;8100;OK;4.98;0;8;12;NOK;N/A;1.5;N/A;N/A;N/A;9;11.5;7;18;OK;;0;0;0;-;Disabled;TempOk;2;230;41.9;41.9;0;0;349.9;441345100 daimler 1500 1900;441345100 daimler 1500 1900;441345100 Daimler 1500 1900
20260320_21:14:45;9821;4;4;950;931.4;925;975;OK;950;956.6;925;975;OK;956.1;956.4;-15;-8.3;-50;-5;OK;-15;-9.2;-50;-5;OK;-13.4;-12.6;0;-15;-8.3;-50;-5;OK;300;333;300;500;OK;6.4;6.99;N/A;N/A;N/A;N/A;N/A;N/A;N/A;N/A;N/A;N/A;N/A;N/A;N/A;N/A;N/A;N/A;N/A;N/A;N/A;N/A;N/A;N/A;N/A;N/A;N/A;N/A;N/A;N/A;N/A;N/A;N/A;N/A;N/A;N/A;N/A;N/A;N/A;N/A;N/A;N/A;N/A;N/A;N/A;N/A;N/A;N/A;N/A;N/A;N/A;N/A;N/A;N/A;N/A;N/A;N/A;N/A;N/A;N/A;N/A;N/A;N/A;N/A;N/A;N/A;N/A;N/A;N/A;N/A;N/A;N/A;N/A;N/A;N/A;N/A;N/A;N/A;N/A;N/A;N/A;N/A;N/A;N/A;N/A;N/A;N/A;N/A;N/A;N/A;N/A;N/A;N/A;N/A;N/A;N/A;N/A;N/A;N/A;N/A;;0;322.1;0;0;;Disabled;TempStop;2;700;325.8;274.4;0;0;599.9;549.9;Enabled;PosOk;2;0;0;0;0;0;15;Disabled;0;0;0;0;0;0;0;0;0;0;0;0;0;0;0;0;0;0;0;0;0;0;0;0;0;0;0;0;0;0;0;0;0;0;0;0;0;0;0;0;0;0;0;0;0;0;0;0;0;0;0;0;0;0;0;0;0;0;0;0;0;0;0;0;0;0;0;0;0;0;30;33;20;45;30;30;20;45;30;33;20;45;30;30;20;45;200;142;100;300;200;140;100;300;200;140;100;300;200;141;100;300;30;33;20;45;30;30;20;45;30;32;20;45;30;30;20;45;200;145;100;300;200;143;100;300;200;242;100;300;200;243;100;300;4;2;0.4;6;4;5;0.4;6;4;2;0.4;6;4;5;0.4;6;4;2;0.4;6;4;5;0.4;6;4;2;0.4;6;4;5;0.4;6;NOK;NOK;OK;7000;7098;6500;8100;OK;4.97;0;8;12;NOK;N/A;1.5;N/A;N/A;N/A;9;12.4;7;18;OK;;0;0;0;-;Disabled;TempOk;2;230;41.9;44.9;0;0;349.9;441345100 daimler 1500 1900;441345100 daimler 1500 1900;441345100 Daimler 1500 1900
20260320_21:15:02;9822;3;5;950;943.1;925;975;OK;950;951.1;925;975;OK;951.6;951;-20;-19;-50;-25;NOK;-20;-18.4;-50;-25;NOK;-17.7;-18.5;0;-20;-18.9;-50;-25;NOK;300;333;300;500;OK;0;0;N/A;N/A;N/A;N/A;N/A;N/A;N/A;N/A;N/A;N/A;N/A;N/A;N/A;N/A;N/A;N/A;N/A;N/A;N/A;N/A;N/A;N/A;N/A;N/A;N/A;N/A;N/A;N/A;N/A;N/A;N/A;N/A;N/A;N/A;N/A;N/A;N/A;N/A;N/A;N/A;N/A;N/A;N/A;N/A;N/A;N/A;N/A;N/A;N/A;N/A;N/A;N/A;N/A;N/A;N/A;N/A;N/A;N/A;N/A;N/A;N/A;N/A;N/A;N/A;N/A;N/A;N/A;N/A;N/A;N/A;N/A;N/A;N/A;N/A;N/A;N/A;N/A;N/A;N/A;N/A;N/A;N/A;N/A;N/A;N/A;N/A;N/A;N/A;N/A;N/A;N/A;N/A;N/A;N/A;N/A;N/A;N/A;N/A;;0;322.6;0;0;;Disabled;TempStop;2;700;326.4;273.6;0;0;599.9;549.9;Enabled;PosOk;2;0;0;0;0;0;15;Disabled;0;0;0;0;0;0;0;0;0;0;0;0;0;0;0;0;0;0;0;0;0;0;0;0;0;0;0;0;0;0;0;0;0;0;0;0;0;0;0;0;0;0;0;0;0;0;0;0;0;0;0;0;0;0;0;0;0;0;0;0;0;0;0;0;0;0;0;0;0;0;30;33;20;45;30;30;20;45;30;34;20;45;30;30;20;45;200;142;100;300;200;139;100;300;200;140;100;300;200;140;100;300;30;33;20;45;30;30;20;45;30;32;20;45;30;30;20;45;200;145;100;300;200;143;100;300;200;243;100;300;200;244;100;300;4;2;0.4;6;4;5;0.4;6;4;2;0.4;6;4;5;0.4;6;4;2;0.4;6;4;5;0.4;6;4;2;0.4;6;4;5;0.4;6;NOK;NOK;OK;7000;7096;6500;8100;OK;4.98;0;8;12;NOK;N/A;1.5;N/A;N/A;N/A;9;11.9;7;18;OK;;0;0;0;-;Disabled;TempOk;2;230;41.2;42.7;0;0;349.9;441345100 daimler 1500 1900;441345100 daimler 1500 1900;441345100 Daimler 1500 1900
20260320_21:15:20;9823;2;5;950;939.4;925;975;OK;950;950.8;925;975;OK;950.9;950.7;-15;-20.2;-50;-20;OK;-15;-19;-50;-20;NOK;-18;-18.9;0;-15;-20.1;-50;-20;OK;300;333;300;500;OK;0;0;N/A;N/A;N/A;N/A;N/A;N/A;N/A;N/A;N/A;N/A;N/A;N/A;N/A;N/A;N/A;N/A;N/A;N/A;N/A;N/A;N/A;N/A;N/A;N/A;N/A;N/A;N/A;N/A;N/A;N/A;N/A;N/A;N/A;N/A;N/A;N/A;N/A;N/A;N/A;N/A;N/A;N/A;N/A;N/A;N/A;N/A;N/A;N/A;N/A;N/A;N/A;N/A;N/A;N/A;N/A;N/A;N/A;N/A;N/A;N/A;N/A;N/A;N/A;N/A;N/A;N/A;N/A;N/A;N/A;N/A;N/A;N/A;N/A;N/A;N/A;N/A;N/A;N/A;N/A;N/A;N/A;N/A;N/A;N/A;N/A;N/A;N/A;N/A;N/A;N/A;N/A;N/A;N/A;N/A;N/A;N/A;N/A;N/A;;0;324.5;0;0;;Disabled;TempStop;2;700;328.6;275.9;0;0;599.9;549.9;Enabled;PosOk;2;0;0;0;0;0;15;Disabled;0;0;0;0;0;0;0;0;0;0;0;0;0;0;0;0;0;0;0;0;0;0;0;0;0;0;0;0;0;0;0;0;0;0;0;0;0;0;0;0;0;0;0;0;0;0;0;0;0;0;0;0;0;0;0;0;0;0;0;0;0;0;0;0;0;0;0;0;0;0;30;33;20;45;30;30;20;45;30;34;20;45;30;30;20;45;200;142;100;300;200;140;100;300;200;141;100;300;200;140;100;300;30;33;20;45;30;30;20;45;30;32;20;45;30;30;20;45;200;144;100;300;200;143;100;300;200;242;100;300;200;243;100;300;4;2;0.4;6;4;5;0.4;6;4;2;0.4;6;4;5;0.4;6;4;2;0.4;6;4;5;0.4;6;4;2;0.4;6;4;5;0.4;6;NOK;NOK;OK;7000;7096;6500;8100;OK;4.98;0;8;12;NOK;N/A;1.5;N/A;N/A;N/A;9;12.1;7;18;OK;;0;0;0;-;Disabled;TempOk;2;230;41.7;42.9;0;0;349.9;441345100 daimler 1500 1900;441345100 daimler 1500 1900;441345100 Daimler 1500 1900
20260320_21:15:37;9824;1;1;950;939;925;975;OK;950;950.9;925;975;OK;951;950.9;-20;-15.3;-50;-25;NOK;-20;-14.9;-50;-25;NOK;-13.2;-13.9;0;-20;-15.3;-50;-25;NOK;300;333;300;500;OK;0;0;N/A;N/A;N/A;N/A;N/A;N/A;N/A;N/A;N/A;N/A;N/A;N/A;N/A;N/A;N/A;N/A;N/A;N/A;N/A;N/A;N/A;N/A;N/A;N/A;N/A;N/A;N/A;N/A;N/A;N/A;N/A;N/A;N/A;N/A;N/A;N/A;N/A;N/A;N/A;N/A;N/A;N/A;N/A;N/A;N/A;N/A;N/A;N/A;N/A;N/A;N/A;N/A;N/A;N/A;N/A;N/A;N/A;N/A;N/A;N/A;N/A;N/A;N/A;N/A;N/A;N/A;N/A;N/A;N/A;N/A;N/A;N/A;N/A;N/A;N/A;N/A;N/A;N/A;N/A;N/A;N/A;N/A;N/A;N/A;N/A;N/A;N/A;N/A;N/A;N/A;N/A;N/A;N/A;N/A;N/A;N/A;N/A;N/A;;0;325.3;0;0;;Disabled;TempStop;2;700;329.1;278.3;0;0;599.9;549.9;Enabled;PosOk;2;0;0;0;0;0;15;Disabled;0;0;0;0;0;0;0;0;0;0;0;0;0;0;0;0;0;0;0;0;0;0;0;0;0;0;0;0;0;0;0;0;0;0;0;0;0;0;0;0;0;0;0;0;0;0;0;0;0;0;0;0;0;0;0;0;0;0;0;0;0;0;0;0;0;0;0;0;0;0;30;33;20;45;30;30;20;45;30;34;20;45;30;30;20;45;200;142;100;300;200;140;100;300;200;140;100;300;200;140;100;300;30;33;20;45;30;30;20;45;30;32;20;45;30;30;20;45;200;144;100;300;200;143;100;300;200;243;100;300;200;243;100;300;4;2;0.4;6;4;5;0.4;6;4;2;0.4;6;4;5;0.4;6;4;2;0.4;6;4;5;0.4;6;4;2;0.4;6;4;5;0.4;6;NOK;NOK;OK;7000;7088;6500;8100;OK;4.98;0;8;12;NOK;N/A;1.5;N/A;N/A;N/A;9;12.4;7;18;OK;;0;0;0;-;Disabled;TempOk;2;230;41.7;42.4;0;0;349.9;441345100 daimler 1500 1900;441345100 daimler 1500 1900;441345100 Daimler 1500 1900
20260320_21:15:54;9825;2;1;950;940.3;925;975;OK;950;950.7;925;975;OK;950.7;950.8;-15;-19.2;-50;-20;NOK;-15;-18.4;-50;-20;NOK;-15.2;-16.4;0;-15;-19.2;-50;-20;NOK;300;333;300;500;OK;0;0;N/A;N/A;N/A;N/A;N/A;N/A;N/A;N/A;N/A;N/A;N/A;N/A;N/A;N/A;N/A;N/A;N/A;N/A;N/A;N/A;N/A;N/A;N/A;N/A;N/A;N/A;N/A;N/A;N/A;N/A;N/A;N/A;N/A;N/A;N/A;N/A;N/A;N/A;N/A;N/A;N/A;N/A;N/A;N/A;N/A;N/A;N/A;N/A;N/A;N/A;N/A;N/A;N/A;N/A;N/A;N/A;N/A;N/A;N/A;N/A;N/A;N/A;N/A;N/A;N/A;N/A;N/A;N/A;N/A;N/A;N/A;N/A;N/A;N/A;N/A;N/A;N/A;N/A;N/A;N/A;N/A;N/A;N/A;N/A;N/A;N/A;N/A;N/A;N/A;N/A;N/A;N/A;N/A;N/A;N/A;N/A;N/A;N/A;;0;323.4;0;0;;Disabled;TempStop;2;700;327;275.3;0;0;599.9;549.9;Enabled;PosOk;2;0;0;0;0;0;15;Disabled;0;0;0;0;0;0;0;0;0;0;0;0;0;0;0;0;0;0;0;0;0;0;0;0;0;0;0;0;0;0;0;0;0;0;0;0;0;0;0;0;0;0;0;0;0;0;0;0;0;0;0;0;0;0;0;0;0;0;0;0;0;0;0;0;0;0;0;0;0;0;30;33;20;45;30;30;20;45;30;34;20;45;30;29;20;45;200;142;100;300;200;140;100;300;200;140;100;300;200;140;100;300;30;33;20;45;30;29;20;45;30;32;20;45;30;30;20;45;200;144;100;300;200;143;100;300;200;242;100;300;200;244;100;300;4;2;0.4;6;4;5;0.4;6;4;2;0.4;6;4;5;0.4;6;4;2;0.4;6;4;5;0.4;6;4;2;0.4;6;4;5;0.4;6;NOK;NOK;OK;7000;7094;6500;8100;OK;4.98;0;8;12;NOK;N/A;1.5;N/A;N/A;N/A;9;11.7;7;18;OK;;0;0;0;-;Disabled;TempOk;2;230;41.7;42.2;0;0;349.9;441345100 daimler 1500 1900;441345100 daimler 1500 1900;441345100 Daimler 1500 1900
20260320_21:16:29;9827;4;5;950;934.6;925;975;OK;950;950.5;925;975;OK;949.8;950.4;-15;-11.3;-50;-5;OK;-15;-13.7;-50;-5;OK;-14.4;-14.2;0;-15;-11.3;-50;-5;OK;300;333;300;500;OK;6.53;7.25;N/A;N/A;N/A;N/A;N/A;N/A;N/A;N/A;N/A;N/A;N/A;N/A;N/A;N/A;N/A;N/A;N/A;N/A;N/A;N/A;N/A;N/A;N/A;N/A;N/A;N/A;N/A;N/A;N/A;N/A;N/A;N/A;N/A;N/A;N/A;N/A;N/A;N/A;N/A;N/A;N/A;N/A;N/A;N/A;N/A;N/A;N/A;N/A;N/A;N/A;N/A;N/A;N/A;N/A;N/A;N/A;N/A;N/A;N/A;N/A;N/A;N/A;N/A;N/A;N/A;N/A;N/A;N/A;N/A;N/A;N/A;N/A;N/A;N/A;N/A;N/A;N/A;N/A;N/A;N/A;N/A;N/A;N/A;N/A;N/A;N/A;N/A;N/A;N/A;N/A;N/A;N/A;N/A;N/A;N/A;N/A;N/A;N/A;;0;323.1;0;0;;Disabled;TempStop;2;700;326.5;277.6;0;0;599.9;549.9;Enabled;PosOk;2;0;0;0;0;0;15;Disabled;0;0;0;0;0;0;0;0;0;0;0;0;0;0;0;0;0;0;0;0;0;0;0;0;0;0;0;0;0;0;0;0;0;0;0;0;0;0;0;0;0;0;0;0;0;0;0;0;0;0;0;0;0;0;0;0;0;0;0;0;0;0;0;0;0;0;0;0;0;0;30;32;20;45;30;29;20;45;30;32;20;45;30;29;20;45;200;141;100;300;200;139;100;300;200;140;100;300;200;140;100;300;30;31;20;45;30;30;20;45;30;31;20;45;30;30;20;45;200;144;100;300;200;144;100;300;200;242;100;300;200;244;100;300;4;2;0.4;6;4;5;0.4;6;4;2;0.4;6;4;5;0.4;6;4;2;0.4;6;4;5;0.4;6;4;2;0.4;6;4;5;0.4;6;NOK;NOK;OK;7000;7095;6500;8100;OK;4.98;0;8;12;NOK;N/A;1.5;N/A;N/A;N/A;9;12;7;18;OK;;0;0;0;-;Disabled;TempOk;2;230;41.7;42.2;0;0;349.9;441345100 daimler 1500 1900;441345100 daimler 1500 1900;441345100 Daimler 1500 1900
20260320_21:16:46;9826;3;1;950;940.1;925;975;OK;950;951.3;925;975;OK;951.4;951.1;-20;-15.5;-50;-25;NOK;-20;-14.8;-50;-25;NOK;-11.8;-12.9;0;-20;-15.6;-50;-25;NOK;300;333;300;500;OK;0;0;N/A;N/A;N/A;N/A;N/A;N/A;N/A;N/A;N/A;N/A;N/A;N/A;N/A;N/A;N/A;N/A;N/A;N/A;N/A;N/A;N/A;N/A;N/A;N/A;N/A;N/A;N/A;N/A;N/A;N/A;N/A;N/A;N/A;N/A;N/A;N/A;N/A;N/A;N/A;N/A;N/A;N/A;N/A;N/A;N/A;N/A;N/A;N/A;N/A;N/A;N/A;N/A;N/A;N/A;N/A;N/A;N/A;N/A;N/A;N/A;N/A;N/A;N/A;N/A;N/A;N/A;N/A;N/A;N/A;N/A;N/A;N/A;N/A;N/A;N/A;N/A;N/A;N/A;N/A;N/A;N/A;N/A;N/A;N/A;N/A;N/A;N/A;N/A;N/A;N/A;N/A;N/A;N/A;N/A;N/A;N/A;N/A;N/A;;0;324.1;0;0;;Disabled;TempStop;2;700;327.6;277.3;0;0;599.9;549.9;Enabled;PosOk;2;0;0;0;0;0;15;Disabled;0;0;0;0;0;0;0;0;0;0;0;0;0;0;0;0;0;0;0;0;0;0;0;0;0;0;0;0;0;0;0;0;0;0;0;0;0;0;0;0;0;0;0;0;0;0;0;0;0;0;0;0;0;0;0;0;0;0;0;0;0;0;0;0;0;0;0;0;0;0;30;32;20;45;30;30;20;45;30;32;20;45;30;30;20;45;200;141;100;300;200;140;100;300;200;140;100;300;200;141;100;300;30;32;20;45;30;30;20;45;30;31;20;45;30;30;20;45;200;144;100;300;200;143;100;300;200;243;100;300;200;244;100;300;4;2;0.4;6;4;5;0.4;6;4;2;0.4;6;4;5;0.4;6;4;2;0.4;6;4;5;0.4;6;4;2;0.4;6;4;5;0.4;6;NOK;NOK;OK;7000;7098;6500;8100;OK;4.98;0;8;12;NOK;N/A;1.51;N/A;N/A;N/A;9;11.6;7;18;OK;;0;0;0;-;Disabled;TempOk;2;230;40.9;41.7;0;0;349.9;441345100 daimler 1500 1900;441345100 daimler 1500 1900;441345100 Daimler 1500 1900
20260320_21:17:03;9828;4;1;950;929.5;925;975;OK;950;952.4;925;975;OK;950.1;950.8;-15;-11.1;-50;-5;OK;-15;-21.9;-50;-5;OK;-18.4;-19.8;0;-15;-11.2;-50;-5;OK;300;333;300;500;OK;6.58;7.33;N/A;N/A;N/A;N/A;N/A;N/A;N/A;N/A;N/A;N/A;N/A;N/A;N/A;N/A;N/A;N/A;N/A;N/A;N/A;N/A;N/A;N/A;N/A;N/A;N/A;N/A;N/A;N/A;N/A;N/A;N/A;N/A;N/A;N/A;N/A;N/A;N/A;N/A;N/A;N/A;N/A;N/A;N/A;N/A;N/A;N/A;N/A;N/A;N/A;N/A;N/A;N/A;N/A;N/A;N/A;N/A;N/A;N/A;N/A;N/A;N/A;N/A;N/A;N/A;N/A;N/A;N/A;N/A;N/A;N/A;N/A;N/A;N/A;N/A;N/A;N/A;N/A;N/A;N/A;N/A;N/A;N/A;N/A;N/A;N/A;N/A;N/A;N/A;N/A;N/A;N/A;N/A;N/A;N/A;N/A;N/A;N/A;N/A;;0;323;0;0;;Disabled;TempStop;2;700;326.7;276.5;0;0;599.9;549.9;Enabled;PosOk;2;0;0;0;0;0;15;Disabled;0;0;0;0;0;0;0;0;0;0;0;0;0;0;0;0;0;0;0;0;0;0;0;0;0;0;0;0;0;0;0;0;0;0;0;0;0;0;0;0;0;0;0;0;0;0;0;0;0;0;0;0;0;0;0;0;0;0;0;0;0;0;0;0;0;0;0;0;0;0;30;33;20;45;30;30;20;45;30;33;20;45;30;30;20;45;200;142;100;300;200;140;100;300;200;141;100;300;200;140;100;300;30;32;20;45;30;30;20;45;30;31;20;45;30;30;20;45;200;144;100;300;200;143;100;300;200;242;100;300;200;243;100;300;4;2;0.4;6;4;5;0.4;6;4;2;0.4;6;4;5;0.4;6;4;2;0.4;6;4;5;0.4;6;4;2;0.4;6;4;5;0.4;6;NOK;NOK;OK;7000;7096;6500;8100;OK;4.98;0;8;12;NOK;N/A;1.5;N/A;N/A;N/A;9;12.3;7;18;OK;;0;0;0;-;Disabled;TempOk;2;230;41.2;42.4;0;0;349.9;441345100 daimler 1500 1900;441345100 daimler 1500 1900;441345100 Daimler 1500 1900
20260320_21:17:20;9829;1;2;950;940.2;925;975;OK;950;951.6;925;975;OK;951.6;951.7;-20;-11.1;-50;-25;NOK;-20;-11.1;-50;-25;NOK;-13.5;-14.3;0;-20;-11.2;-50;-25;NOK;300;333;300;500;OK;0;0;N/A;N/A;N/A;N/A;N/A;N/A;N/A;N/A;N/A;N/A;N/A;N/A;N/A;N/A;N/A;N/A;N/A;N/A;N/A;N/A;N/A;N/A;N/A;N/A;N/A;N/A;N/A;N/A;N/A;N/A;N/A;N/A;N/A;N/A;N/A;N/A;N/A;N/A;N/A;N/A;N/A;N/A;N/A;N/A;N/A;N/A;N/A;N/A;N/A;N/A;N/A;N/A;N/A;N/A;N/A;N/A;N/A;N/A;N/A;N/A;N/A;N/A;N/A;N/A;N/A;N/A;N/A;N/A;N/A;N/A;N/A;N/A;N/A;N/A;N/A;N/A;N/A;N/A;N/A;N/A;N/A;N/A;N/A;N/A;N/A;N/A;N/A;N/A;N/A;N/A;N/A;N/A;N/A;N/A;N/A;N/A;N/A;N/A;;0;324.2;0;0;;Disabled;TempStop;2;700;328.1;276.1;0;0;599.9;549.9;Enabled;PosOk;2;0;0;0;0;0;15;Disabled;0;0;0;0;0;0;0;0;0;0;0;0;0;0;0;0;0;0;0;0;0;0;0;0;0;0;0;0;0;0;0;0;0;0;0;0;0;0;0;0;0;0;0;0;0;0;0;0;0;0;0;0;0;0;0;0;0;0;0;0;0;0;0;0;0;0;0;0;0;0;30;33;20;45;30;30;20;45;30;33;20;45;30;30;20;45;200;141;100;300;200;140;100;300;200;140;100;300;200;140;100;300;30;33;20;45;30;30;20;45;30;31;20;45;30;30;20;45;200;144;100;300;200;143;100;300;200;243;100;300;200;244;100;300;4;2;0.4;6;4;5;0.4;6;4;2;0.4;6;4;5;0.4;6;4;2;0.4;6;4;5;0.4;6;4;2;0.4;6;4;5;0.4;6;NOK;NOK;OK;7000;7088;6500;8100;OK;4.98;0;8;12;NOK;N/A;1.5;N/A;N/A;N/A;9;11.8;7;18;OK;;0;0;0;-;Disabled;TempOk;2;230;41.7;42.4;0;0;349.9;441345100 daimler 1500 1900;441345100 daimler 1500 1900;441345100 Daimler 1500 1900
20260320_21:17:38;9830;2;2;950;939.4;925;975;OK;950;951;925;975;OK;950.8;950.9;-15;-20.3;-50;-20;OK;-15;-19.6;-50;-20;NOK;-16.8;-18.3;0;-15;-20.3;-50;-20;OK;300;333;300;500;OK;0;0;N/A;N/A;N/A;N/A;N/A;N/A;N/A;N/A;N/A;N/A;N/A;N/A;N/A;N/A;N/A;N/A;N/A;N/A;N/A;N/A;N/A;N/A;N/A;N/A;N/A;N/A;N/A;N/A;N/A;N/A;N/A;N/A;N/A;N/A;N/A;N/A;N/A;N/A;N/A;N/A;N/A;N/A;N/A;N/A;N/A;N/A;N/A;N/A;N/A;N/A;N/A;N/A;N/A;N/A;N/A;N/A;N/A;N/A;N/A;N/A;N/A;N/A;N/A;N/A;N/A;N/A;N/A;N/A;N/A;N/A;N/A;N/A;N/A;N/A;N/A;N/A;N/A;N/A;N/A;N/A;N/A;N/A;N/A;N/A;N/A;N/A;N/A;N/A;N/A;N/A;N/A;N/A;N/A;N/A;N/A;N/A;N/A;N/A;;0;324.1;0;0;;Disabled;TempStop;2;700;328.1;276.9;0;0;599.9;549.9;Enabled;PosOk;2;0;0;0;0;0;15;Disabled;0;0;0;0;0;0;0;0;0;0;0;0;0;0;0;0;0;0;0;0;0;0;0;0;0;0;0;0;0;0;0;0;0;0;0;0;0;0;0;0;0;0;0;0;0;0;0;0;0;0;0;0;0;0;0;0;0;0;0;0;0;0;0;0;0;0;0;0;0;0;30;33;20;45;30;29;20;45;30;33;20;45;30;29;20;45;200;141;100;300;200;139;100;300;200;140;100;300;200;140;100;300;30;33;20;45;30;29;20;45;30;31;20;45;30;30;20;45;200;144;100;300;200;143;100;300;200;242;100;300;200;243;100;300;4;2;0.4;6;4;5;0.4;6;4;2;0.4;6;4;5;0.4;6;4;2;0.4;6;4;5;0.4;6;4;2;0.4;6;4;5;0.4;6;NOK;NOK;OK;7000;7097;6500;8100;OK;4.98;0;8;12;NOK;N/A;1.5;N/A;N/A;N/A;9;11.6;7;18;OK;;0;0;0;-;Disabled;TempOk;2;230;41.4;42.2;0;0;349.9;441345100 daimler 1500 1900;441345100 daimler 1500 1900;441345100 Daimler 1500 1900
20260320_21:17:55;9831;3;2;950;940.2;925;975;OK;950;951.6;925;975;OK;951.7;951.5;-20;-15.3;-50;-25;NOK;-20;-15.7;-50;-25;NOK;-13.8;-15;0;-20;-15.2;-50;-25;NOK;300;333;300;500;OK;0;0;N/A;N/A;N/A;N/A;N/A;N/A;N/A;N/A;N/A;N/A;N/A;N/A;N/A;N/A;N/A;N/A;N/A;N/A;N/A;N/A;N/A;N/A;N/A;N/A;N/A;N/A;N/A;N/A;N/A;N/A;N/A;N/A;N/A;N/A;N/A;N/A;N/A;N/A;N/A;N/A;N/A;N/A;N/A;N/A;N/A;N/A;N/A;N/A;N/A;N/A;N/A;N/A;N/A;N/A;N/A;N/A;N/A;N/A;N/A;N/A;N/A;N/A;N/A;N/A;N/A;N/A;N/A;N/A;N/A;N/A;N/A;N/A;N/A;N/A;N/A;N/A;N/A;N/A;N/A;N/A;N/A;N/A;N/A;N/A;N/A;N/A;N/A;N/A;N/A;N/A;N/A;N/A;N/A;N/A;N/A;N/A;N/A;N/A;;0;321.6;0;0;;Disabled;TempStop;2;700;325.5;274;0;0;599.9;549.9;Enabled;PosOk;2;0;0;0;0;0;15;Disabled;0;0;0;0;0;0;0;0;0;0;0;0;0;0;0;0;0;0;0;0;0;0;0;0;0;0;0;0;0;0;0;0;0;0;0;0;0;0;0;0;0;0;0;0;0;0;0;0;0;0;0;0;0;0;0;0;0;0;0;0;0;0;0;0;0;0;0;0;0;0;30;33;20;45;30;30;20;45;30;33;20;45;30;29;20;45;200;141;100;300;200;140;100;300;200;141;100;300;200;140;100;300;30;32;20;45;30;30;20;45;30;31;20;45;30;30;20;45;200;144;100;300;200;143;100;300;200;243;100;300;200;244;100;300;4;2;0.4;6;4;5;0.4;6;4;2;0.4;6;4;5;0.4;6;4;2;0.4;6;4;5;0.4;6;4;2;0.4;6;4;5;0.4;6;NOK;NOK;OK;7000;7086;6500;8100;OK;4.98;0;8;12;NOK;N/A;1.5;N/A;N/A;N/A;9;12.4;7;18;OK;;0;0;0;-;Disabled;TempOk;2;230;41.4;42.2;0;0;349.9;441345100 daimler 1500 1900;441345100 daimler 1500 1900;441345100 Daimler 1500 1900
20260320_21:18:12;9832;4;2;950;941.1;925;975;OK;950;951.8;925;975;OK;950.4;950.8;-15;-11.8;-50;-5;OK;-15;-21.5;-50;-5;OK;-17.2;-18.7;0;-15;-11.8;-50;-5;OK;300;333;300;500;OK;6.7;7.46;N/A;N/A;N/A;N/A;N/A;N/A;N/A;N/A;N/A;N/A;N/A;N/A;N/A;N/A;N/A;N/A;N/A;N/A;N/A;N/A;N/A;N/A;N/A;N/A;N/A;N/A;N/A;N/A;N/A;N/A;N/A;N/A;N/A;N/A;N/A;N/A;N/A;N/A;N/A;N/A;N/A;N/A;N/A;N/A;N/A;N/A;N/A;N/A;N/A;N/A;N/A;N/A;N/A;N/A;N/A;N/A;N/A;N/A;N/A;N/A;N/A;N/A;N/A;N/A;N/A;N/A;N/A;N/A;N/A;N/A;N/A;N/A;N/A;N/A;N/A;N/A;N/A;N/A;N/A;N/A;N/A;N/A;N/A;N/A;N/A;N/A;N/A;N/A;N/A;N/A;N/A;N/A;N/A;N/A;N/A;N/A;N/A;N/A;;0;322.1;0;0;;Disabled;TempStop;2;700;325.8;275.7;0;0;599.9;549.9;Enabled;PosOk;2;0;0;0;0;0;15;Disabled;0;0;0;0;0;0;0;0;0;0;0;0;0;0;0;0;0;0;0;0;0;0;0;0;0;0;0;0;0;0;0;0;0;0;0;0;0;0;0;0;0;0;0;0;0;0;0;0;0;0;0;0;0;0;0;0;0;0;0;0;0;0;0;0;0;0;0;0;0;0;30;33;20;45;30;30;20;45;30;33;20;45;30;30;20;45;200;142;100;300;200;140;100;300;200;141;100;300;200;140;100;300;30;33;20;45;30;30;20;45;30;31;20;45;30;30;20;45;200;145;100;300;200;143;100;300;200;243;100;300;200;244;100;300;4;2;0.4;6;4;5;0.4;6;4;2;0.4;6;4;5;0.4;6;4;2;0.4;6;4;5;0.4;6;4;2;0.4;6;4;5;0.4;6;NOK;NOK;OK;7000;7079;6500;8100;OK;4.98;0;8;12;NOK;N/A;1.5;N/A;N/A;N/A;9;11.7;7;18;OK;;0;0;0;-;Disabled;TempOk;2;230;41.7;42.9;0;0;349.9;441345100 daimler 1500 1900;441345100 daimler 1500 1900;441345100 Daimler 1500 1900
20260320_21:18:29;9833;1;3;950;940.2;925;975;OK;950;951.6;925;975;OK;951.6;951.6;-20;-12.5;-50;-25;NOK;-20;-13;-50;-25;NOK;-15.1;-14.9;0;-20;-12.3;-50;-25;NOK;300;333;300;500;OK;0;0;N/A;N/A;N/A;N/A;N/A;N/A;N/A;N/A;N/A;N/A;N/A;N/A;N/A;N/A;N/A;N/A;N/A;N/A;N/A;N/A;N/A;N/A;N/A;N/A;N/A;N/A;N/A;N/A;N/A;N/A;N/A;N/A;N/A;N/A;N/A;N/A;N/A;N/A;N/A;N/A;N/A;N/A;N/A;N/A;N/A;N/A;N/A;N/A;N/A;N/A;N/A;N/A;N/A;N/A;N/A;N/A;N/A;N/A;N/A;N/A;N/A;N/A;N/A;N/A;N/A;N/A;N/A;N/A;N/A;N/A;N/A;N/A;N/A;N/A;N/A;N/A;N/A;N/A;N/A;N/A;N/A;N/A;N/A;N/A;N/A;N/A;N/A;N/A;N/A;N/A;N/A;N/A;N/A;N/A;N/A;N/A;N/A;N/A;;0;324;0;0;;Disabled;TempStop;2;700;327.9;276.8;0;0;599.9;549.9;Enabled;PosOk;2;0;0;0;0;0;15;Disabled;0;0;0;0;0;0;0;0;0;0;0;0;0;0;0;0;0;0;0;0;0;0;0;0;0;0;0;0;0;0;0;0;0;0;0;0;0;0;0;0;0;0;0;0;0;0;0;0;0;0;0;0;0;0;0;0;0;0;0;0;0;0;0;0;0;0;0;0;0;0;30;33;20;45;30;30;20;45;30;33;20;45;30;30;20;45;200;141;100;300;200;140;100;300;200;141;100;300;200;140;100;300;30;33;20;45;30;30;20;45;30;32;20;45;30;30;20;45;200;144;100;300;200;143;100;300;200;243;100;300;200;244;100;300;4;2;0.4;6;4;5;0.4;6;4;2;0.4;6;4;5;0.4;6;4;2;0.4;6;4;5;0.4;6;4;3;0.4;6;4;5;0.4;6;NOK;NOK;OK;7000;7091;6500;8100;OK;4.98;0;8;12;NOK;N/A;1.5;N/A;N/A;N/A;9;12.2;7;18;OK;;0;0;0;-;Disabled;TempOk;2;230;42.2;42.7;0;0;349.9;441345100 daimler 1500 1900;441345100 daimler 1500 1900;441345100 Daimler 1500 1900
20260320_21:18:47;9834;2;3;950;938;925;975;OK;950;938.2;925;975;OK;937.2;937.7;-15;-19.3;-50;-20;NOK;-15;-18.5;-50;-20;NOK;-14.8;-16.1;0;-15;-19.4;-50;-20;NOK;300;333;300;500;OK;0;0;N/A;N/A;N/A;N/A;N/A;N/A;N/A;N/A;N/A;N/A;N/A;N/A;N/A;N/A;N/A;N/A;N/A;N/A;N/A;N/A;N/A;N/A;N/A;N/A;N/A;N/A;N/A;N/A;N/A;N/A;N/A;N/A;N/A;N/A;N/A;N/A;N/A;N/A;N/A;N/A;N/A;N/A;N/A;N/A;N/A;N/A;N/A;N/A;N/A;N/A;N/A;N/A;N/A;N/A;N/A;N/A;N/A;N/A;N/A;N/A;N/A;N/A;N/A;N/A;N/A;N/A;N/A;N/A;N/A;N/A;N/A;N/A;N/A;N/A;N/A;N/A;N/A;N/A;N/A;N/A;N/A;N/A;N/A;N/A;N/A;N/A;N/A;N/A;N/A;N/A;N/A;N/A;N/A;N/A;N/A;N/A;N/A;N/A;;0;320.1;0;0;;Disabled;TempStop;2;700;324.1;273.3;0;0;599.9;549.9;Enabled;PosOk;2;0;0;0;0;0;15;Disabled;0;0;0;0;0;0;0;0;0;0;0;0;0;0;0;0;0;0;0;0;0;0;0;0;0;0;0;0;0;0;0;0;0;0;0;0;0;0;0;0;0;0;0;0;0;0;0;0;0;0;0;0;0;0;0;0;0;0;0;0;0;0;0;0;0;0;0;0;0;0;30;33;20;45;30;30;20;45;30;33;20;45;30;30;20;45;200;141;100;300;200;140;100;300;200;141;100;300;200;140;100;300;30;33;20;45;30;30;20;45;30;32;20;45;30;30;20;45;200;144;100;300;200;143;100;300;200;242;100;300;200;244;100;300;4;2;0.4;6;4;5;0.4;6;4;2;0.4;6;4;5;0.4;6;4;2;0.4;6;4;5;0.4;6;4;2;0.4;6;4;5;0.4;6;NOK;NOK;OK;7000;7097;6500;8100;OK;4.98;0;8;12;NOK;N/A;1.5;N/A;N/A;N/A;9;11.8;7;18;OK;;0;0;0;-;Disabled;TempOk;2;230;41.7;44.4;0;0;349.9;441345100 daimler 1500 1900;441345100 daimler 1500 1900;441345100 Daimler 1500 1900
20260320_21:19:04;9835;3;3;950;940.7;925;975;OK;950;951.7;925;975;OK;951.4;951.5;-20;-15.3;-50;-25;NOK;-20;-15;-50;-25;NOK;-12.4;-13.6;0;-20;-15.2;-50;-25;NOK;300;333;300;500;OK;0;0;N/A;N/A;N/A;N/A;N/A;N/A;N/A;N/A;N/A;N/A;N/A;N/A;N/A;N/A;N/A;N/A;N/A;N/A;N/A;N/A;N/A;N/A;N/A;N/A;N/A;N/A;N/A;N/A;N/A;N/A;N/A;N/A;N/A;N/A;N/A;N/A;N/A;N/A;N/A;N/A;N/A;N/A;N/A;N/A;N/A;N/A;N/A;N/A;N/A;N/A;N/A;N/A;N/A;N/A;N/A;N/A;N/A;N/A;N/A;N/A;N/A;N/A;N/A;N/A;N/A;N/A;N/A;N/A;N/A;N/A;N/A;N/A;N/A;N/A;N/A;N/A;N/A;N/A;N/A;N/A;N/A;N/A;N/A;N/A;N/A;N/A;N/A;N/A;N/A;N/A;N/A;N/A;N/A;N/A;N/A;N/A;N/A;N/A;;0;323.7;0;0;;Disabled;TempStop;2;700;327.4;276.9;0;0;599.9;549.9;Enabled;PosOk;2;0;0;0;0;0;15;Disabled;0;0;0;0;0;0;0;0;0;0;0;0;0;0;0;0;0;0;0;0;0;0;0;0;0;0;0;0;0;0;0;0;0;0;0;0;0;0;0;0;0;0;0;0;0;0;0;0;0;0;0;0;0;0;0;0;0;0;0;0;0;0;0;0;0;0;0;0;0;0;30;33;20;45;30;30;20;45;30;34;20;45;30;30;20;45;200;142;100;300;200;140;100;300;200;140;100;300;200;140;100;300;30;33;20;45;30;30;20;45;30;32;20;45;30;30;20;45;200;144;100;300;200;143;100;300;200;242;100;300;200;245;100;300;4;2;0.4;6;4;5;0.4;6;4;2;0.4;6;4;5;0.4;6;4;2;0.4;6;4;5;0.4;6;4;2;0.4;6;4;5;0.4;6;NOK;NOK;OK;7000;7103;6500;8100;OK;4.98;0;8;12;NOK;N/A;1.5;N/A;N/A;N/A;9;11.6;7;18;OK;;0;0;0;-;Disabled;TempOk;2;230;42.4;42.9;0;0;349.9;441345100 daimler 1500 1900;441345100 daimler 1500 1900;441345100 Daimler 1500 1900
20260320_21:19:21;9836;4;3;950;939.9;925;975;OK;950;957.5;925;975;OK;952.2;954;-15;-12.5;-50;-5;OK;-15;-20.6;-50;-5;OK;-20.9;-21.8;0;-15;-12.5;-50;-5;OK;300;333;300;500;OK;6.85;7.57;N/A;N/A;N/A;N/A;N/A;N/A;N/A;N/A;N/A;N/A;N/A;N/A;N/A;N/A;N/A;N/A;N/A;N/A;N/A;N/A;N/A;N/A;N/A;N/A;N/A;N/A;N/A;N/A;N/A;N/A;N/A;N/A;N/A;N/A;N/A;N/A;N/A;N/A;N/A;N/A;N/A;N/A;N/A;N/A;N/A;N/A;N/A;N/A;N/A;N/A;N/A;N/A;N/A;N/A;N/A;N/A;N/A;N/A;N/A;N/A;N/A;N/A;N/A;N/A;N/A;N/A;N/A;N/A;N/A;N/A;N/A;N/A;N/A;N/A;N/A;N/A;N/A;N/A;N/A;N/A;N/A;N/A;N/A;N/A;N/A;N/A;N/A;N/A;N/A;N/A;N/A;N/A;N/A;N/A;N/A;N/A;N/A;N/A;;0;323.2;0;0;;Disabled;TempStop;2;700;327;276.4;0;0;599.9;549.9;Enabled;PosOk;2;0;0;0;0;0;15;Disabled;0;0;0;0;0;0;0;0;0;0;0;0;0;0;0;0;0;0;0;0;0;0;0;0;0;0;0;0;0;0;0;0;0;0;0;0;0;0;0;0;0;0;0;0;0;0;0;0;0;0;0;0;0;0;0;0;0;0;0;0;0;0;0;0;0;0;0;0;0;0;30;33;20;45;30;29;20;45;30;34;20;45;30;29;20;45;200;142;100;300;200;140;100;300;200;141;100;300;200;141;100;300;30;33;20;45;30;29;20;45;30;31;20;45;30;29;20;45;200;144;100;300;200;143;100;300;200;242;100;300;200;243;100;300;4;2;0.4;6;4;5;0.4;6;4;2;0.4;6;4;5;0.4;6;4;2;0.4;6;4;5;0.4;6;4;2;0.4;6;4;5;0.4;6;NOK;NOK;OK;7000;7085;6500;8100;OK;4.98;0;8;12;NOK;N/A;1.5;N/A;N/A;N/A;9;12.3;7;18;OK;;0;0;0;-;Disabled;TempOk;2;230;42.4;43.3;0;0;349.9;441345100 daimler 1500 1900;441345100 daimler 1500 1900;441345100 Daimler 1500 1900
20260320_21:19:38;9837;1;4;950;940.7;925;975;OK;950;950.9;925;975;OK;950.8;950.7;-20;-10.9;-50;-25;NOK;-20;-11.6;-50;-25;NOK;-14.2;-14.2;0;-20;-10.7;-50;-25;NOK;300;333;300;500;OK;0;0;N/A;N/A;N/A;N/A;N/A;N/A;N/A;N/A;N/A;N/A;N/A;N/A;N/A;N/A;N/A;N/A;N/A;N/A;N/A;N/A;N/A;N/A;N/A;N/A;N/A;N/A;N/A;N/A;N/A;N/A;N/A;N/A;N/A;N/A;N/A;N/A;N/A;N/A;N/A;N/A;N/A;N/A;N/A;N/A;N/A;N/A;N/A;N/A;N/A;N/A;N/A;N/A;N/A;N/A;N/A;N/A;N/A;N/A;N/A;N/A;N/A;N/A;N/A;N/A;N/A;N/A;N/A;N/A;N/A;N/A;N/A;N/A;N/A;N/A;N/A;N/A;N/A;N/A;N/A;N/A;N/A;N/A;N/A;N/A;N/A;N/A;N/A;N/A;N/A;N/A;N/A;N/A;N/A;N/A;N/A;N/A;N/A;N/A;;0;324.5;0;0;;Disabled;TempStop;2;700;328.3;277.4;0;0;599.9;549.9;Enabled;PosOk;2;0;0;0;0;0;15;Disabled;0;0;0;0;0;0;0;0;0;0;0;0;0;0;0;0;0;0;0;0;0;0;0;0;0;0;0;0;0;0;0;0;0;0;0;0;0;0;0;0;0;0;0;0;0;0;0;0;0;0;0;0;0;0;0;0;0;0;0;0;0;0;0;0;0;0;0;0;0;0;30;33;20;45;30;29;20;45;30;33;20;45;30;29;20;45;200;142;100;300;200;139;100;300;200;140;100;300;200;140;100;300;30;32;20;45;30;29;20;45;30;31;20;45;30;29;20;45;200;145;100;300;200;142;100;300;200;242;100;300;200;244;100;300;4;2;0.4;6;4;5;0.4;6;4;2;0.4;6;4;5;0.4;6;4;2;0.4;6;4;5;0.4;6;4;2;0.4;6;4;5;0.4;6;NOK;NOK;OK;7000;7086;6500;8100;OK;4.98;0;8;12;NOK;N/A;1.5;N/A;N/A;N/A;9;11.7;7;18;OK;;0;0;0;-;Disabled;TempOk;2;230;41.7;42.2;0;0;349.9;441345100 daimler 1500 1900;441345100 daimler 1500 1900;441345100 Daimler 1500 1900
20260320_21:19:56;9838;2;4;950;940.2;925;975;OK;950;951.2;925;975;OK;951.1;951.3;-15;-23.5;-50;-20;OK;-15;-22.6;-50;-20;OK;-17.9;-19.7;0;-15;-23.6;-50;-20;OK;300;333;300;500;OK;0;0;N/A;N/A;N/A;N/A;N/A;N/A;N/A;N/A;N/A;N/A;N/A;N/A;N/A;N/A;N/A;N/A;N/A;N/A;N/A;N/A;N/A;N/A;N/A;N/A;N/A;N/A;N/A;N/A;N/A;N/A;N/A;N/A;N/A;N/A;N/A;N/A;N/A;N/A;N/A;N/A;N/A;N/A;N/A;N/A;N/A;N/A;N/A;N/A;N/A;N/A;N/A;N/A;N/A;N/A;N/A;N/A;N/A;N/A;N/A;N/A;N/A;N/A;N/A;N/A;N/A;N/A;N/A;N/A;N/A;N/A;N/A;N/A;N/A;N/A;N/A;N/A;N/A;N/A;N/A;N/A;N/A;N/A;N/A;N/A;N/A;N/A;N/A;N/A;N/A;N/A;N/A;N/A;N/A;N/A;N/A;N/A;N/A;N/A;;0;326.4;0;0;;Disabled;TempStop;2;700;330.4;278.2;0;0;599.9;549.9;Enabled;PosOk;2;0;0;0;0;0;15;Disabled;0;0;0;0;0;0;0;0;0;0;0;0;0;0;0;0;0;0;0;0;0;0;0;0;0;0;0;0;0;0;0;0;0;0;0;0;0;0;0;0;0;0;0;0;0;0;0;0;0;0;0;0;0;0;0;0;0;0;0;0;0;0;0;0;0;0;0;0;0;0;30;33;20;45;30;29;20;45;30;33;20;45;30;29;20;45;200;142;100;300;200;140;100;300;200;141;100;300;200;140;100;300;30;32;20;45;30;29;20;45;30;31;20;45;30;29;20;45;200;144;100;300;200;143;100;300;200;243;100;300;200;244;100;300;4;2;0.4;6;4;5;0.4;6;4;2;0.4;6;4;5;0.4;6;4;2;0.4;6;4;5;0.4;6;4;2;0.4;6;4;5;0.4;6;NOK;NOK;OK;7000;7094;6500;8100;OK;4.98;0;8;12;NOK;N/A;1.5;N/A;N/A;N/A;9;12.2;7;18;OK;;0;0;0;-;Disabled;TempOk;2;230;42.4;43.1;0;0;349.9;441345100 daimler 1500 1900;441345100 daimler 1500 1900;441345100 Daimler 1500 1900
20260320_21:20:13;9839;3;4;950;941.2;925;975;OK;950;951.4;925;975;OK;951.3;951.4;-20;-13.5;-50;-25;NOK;-20;-14.3;-50;-25;NOK;-17.2;-17.6;0;-20;-13.1;-50;-25;NOK;300;333;300;500;OK;0;0;N/A;N/A;N/A;N/A;N/A;N/A;N/A;N/A;N/A;N/A;N/A;N/A;N/A;N/A;N/A;N/A;N/A;N/A;N/A;N/A;N/A;N/A;N/A;N/A;N/A;N/A;N/A;N/A;N/A;N/A;N/A;N/A;N/A;N/A;N/A;N/A;N/A;N/A;N/A;N/A;N/A;N/A;N/A;N/A;N/A;N/A;N/A;N/A;N/A;N/A;N/A;N/A;N/A;N/A;N/A;N/A;N/A;N/A;N/A;N/A;N/A;N/A;N/A;N/A;N/A;N/A;N/A;N/A;N/A;N/A;N/A;N/A;N/A;N/A;N/A;N/A;N/A;N/A;N/A;N/A;N/A;N/A;N/A;N/A;N/A;N/A;N/A;N/A;N/A;N/A;N/A;N/A;N/A;N/A;N/A;N/A;N/A;N/A;;0;322.9;0;0;;Disabled;TempStop;2;700;326.9;275.9;0;0;599.9;549.9;Enabled;PosOk;2;0;0;0;0;0;15;Disabled;0;0;0;0;0;0;0;0;0;0;0;0;0;0;0;0;0;0;0;0;0;0;0;0;0;0;0;0;0;0;0;0;0;0;0;0;0;0;0;0;0;0;0;0;0;0;0;0;0;0;0;0;0;0;0;0;0;0;0;0;0;0;0;0;0;0;0;0;0;0;30;33;20;45;30;30;20;45;30;33;20;45;30;30;20;45;200;142;100;300;200;140;100;300;200;141;100;300;200;141;100;300;30;32;20;45;30;30;20;45;30;31;20;45;30;30;20;45;200;144;100;300;200;143;100;300;200;243;100;300;200;243;100;300;4;2;0.4;6;4;5;0.4;6;4;2;0.4;6;4;5;0.4;6;4;2;0.4;6;4;5;0.4;6;4;2;0.4;6;4;5;0.4;6;NOK;NOK;OK;7000;7093;6500;8100;OK;4.98;0;8;12;NOK;N/A;1.5;N/A;N/A;N/A;9;12;7;18;OK;;0;0;0;-;Disabled;TempOk;2;230;41.9;43.1;0;0;349.9;441345100 daimler 1500 1900;441345100 daimler 1500 1900;441345100 Daimler 1500 1900
20260320_21:20:30;9840;4;4;950;931.9;925;975;OK;950;955.9;925;975;OK;955.5;955.6;-15;-8.7;-50;-5;OK;-15;-12.6;-50;-5;OK;-21.6;-19.7;0;-15;-8.7;-50;-5;OK;300;333;300;500;OK;7.03;7.63;N/A;N/A;N/A;N/A;N/A;N/A;N/A;N/A;N/A;N/A;N/A;N/A;N/A;N/A;N/A;N/A;N/A;N/A;N/A;N/A;N/A;N/A;N/A;N/A;N/A;N/A;N/A;N/A;N/A;N/A;N/A;N/A;N/A;N/A;N/A;N/A;N/A;N/A;N/A;N/A;N/A;N/A;N/A;N/A;N/A;N/A;N/A;N/A;N/A;N/A;N/A;N/A;N/A;N/A;N/A;N/A;N/A;N/A;N/A;N/A;N/A;N/A;N/A;N/A;N/A;N/A;N/A;N/A;N/A;N/A;N/A;N/A;N/A;N/A;N/A;N/A;N/A;N/A;N/A;N/A;N/A;N/A;N/A;N/A;N/A;N/A;N/A;N/A;N/A;N/A;N/A;N/A;N/A;N/A;N/A;N/A;N/A;N/A;;0;322.2;0;0;;Disabled;TempStop;2;700;326.1;275.8;0;0;599.9;549.9;Enabled;PosOk;2;0;0;0;0;0;15;Disabled;0;0;0;0;0;0;0;0;0;0;0;0;0;0;0;0;0;0;0;0;0;0;0;0;0;0;0;0;0;0;0;0;0;0;0;0;0;0;0;0;0;0;0;0;0;0;0;0;0;0;0;0;0;0;0;0;0;0;0;0;0;0;0;0;0;0;0;0;0;0;30;33;20;45;30;30;20;45;30;33;20;45;30;30;20;45;200;142;100;300;200;140;100;300;200;141;100;300;200;140;100;300;30;32;20;45;30;30;20;45;30;32;20;45;30;30;20;45;200;144;100;300;200;143;100;300;200;242;100;300;200;243;100;300;4;2;0.4;6;4;5;0.4;6;4;2;0.4;6;4;5;0.4;6;4;2;0.4;6;4;5;0.4;6;4;3;0.4;6;4;5;0.4;6;NOK;NOK;OK;7000;7107;6500;8100;OK;4.99;0;8;12;NOK;N/A;1.5;N/A;N/A;N/A;9;11.7;7;18;OK;;0;0;0;-;Disabled;TempOk;2;230;42.2;42.7;0;0;349.9;441345100 daimler 1500 1900;441345100 daimler 1500 1900;441345100 Daimler 1500 1900
20260320_21:20:47;9841;3;5;950;943.2;925;975;OK;950;951.1;925;975;OK;951;951.1;-20;-18;-50;-25;NOK;-20;-17.8;-50;-25;NOK;-17.4;-18.3;0;-20;-17.8;-50;-25;NOK;300;333;300;500;OK;0;0;N/A;N/A;N/A;N/A;N/A;N/A;N/A;N/A;N/A;N/A;N/A;N/A;N/A;N/A;N/A;N/A;N/A;N/A;N/A;N/A;N/A;N/A;N/A;N/A;N/A;N/A;N/A;N/A;N/A;N/A;N/A;N/A;N/A;N/A;N/A;N/A;N/A;N/A;N/A;N/A;N/A;N/A;N/A;N/A;N/A;N/A;N/A;N/A;N/A;N/A;N/A;N/A;N/A;N/A;N/A;N/A;N/A;N/A;N/A;N/A;N/A;N/A;N/A;N/A;N/A;N/A;N/A;N/A;N/A;N/A;N/A;N/A;N/A;N/A;N/A;N/A;N/A;N/A;N/A;N/A;N/A;N/A;N/A;N/A;N/A;N/A;N/A;N/A;N/A;N/A;N/A;N/A;N/A;N/A;N/A;N/A;N/A;N/A;;0;322.2;0;0;;Disabled;TempStop;2;700;325.9;275.7;0;0;599.9;549.9;Enabled;PosOk;2;0;0;0;0;0;15;Disabled;0;0;0;0;0;0;0;0;0;0;0;0;0;0;0;0;0;0;0;0;0;0;0;0;0;0;0;0;0;0;0;0;0;0;0;0;0;0;0;0;0;0;0;0;0;0;0;0;0;0;0;0;0;0;0;0;0;0;0;0;0;0;0;0;0;0;0;0;0;0;30;33;20;45;30;30;20;45;30;33;20;45;30;30;20;45;200;141;100;300;200;140;100;300;200;140;100;300;200;140;100;300;30;33;20;45;30;30;20;45;30;32;20;45;30;30;20;45;200;144;100;300;200;143;100;300;200;243;100;300;200;244;100;300;4;2;0.4;6;4;5;0.4;6;4;2;0.4;6;4;5;0.4;6;4;2;0.4;6;4;5;0.4;6;4;3;0.4;6;4;5;0.4;6;NOK;NOK;OK;7000;7091;6500;8100;OK;4.98;0;8;12;NOK;N/A;1.5;N/A;N/A;N/A;9;12.3;7;18;OK;;0;0;0;-;Disabled;TempOk;2;230;42.7;42.4;0;0;349.9;441345100 daimler 1500 1900;441345100 daimler 1500 1900;441345100 Daimler 1500 1900
20260320_21:21:05;9842;2;5;950;939;925;975;OK;950;950.8;925;975;OK;950.7;950.6;-15;-18.6;-50;-20;NOK;-15;-18.8;-50;-20;NOK;-17.4;-18.2;0;-15;-18.5;-50;-20;NOK;300;333;300;500;OK;0;0;N/A;N/A;N/A;N/A;N/A;N/A;N/A;N/A;N/A;N/A;N/A;N/A;N/A;N/A;N/A;N/A;N/A;N/A;N/A;N/A;N/A;N/A;N/A;N/A;N/A;N/A;N/A;N/A;N/A;N/A;N/A;N/A;N/A;N/A;N/A;N/A;N/A;N/A;N/A;N/A;N/A;N/A;N/A;N/A;N/A;N/A;N/A;N/A;N/A;N/A;N/A;N/A;N/A;N/A;N/A;N/A;N/A;N/A;N/A;N/A;N/A;N/A;N/A;N/A;N/A;N/A;N/A;N/A;N/A;N/A;N/A;N/A;N/A;N/A;N/A;N/A;N/A;N/A;N/A;N/A;N/A;N/A;N/A;N/A;N/A;N/A;N/A;N/A;N/A;N/A;N/A;N/A;N/A;N/A;N/A;N/A;N/A;N/A;;0;326;0;0;;Disabled;TempStop;2;700;329.9;277.9;0;0;599.9;549.9;Enabled;PosOk;2;0;0;0;0;0;15;Disabled;0;0;0;0;0;0;0;0;0;0;0;0;0;0;0;0;0;0;0;0;0;0;0;0;0;0;0;0;0;0;0;0;0;0;0;0;0;0;0;0;0;0;0;0;0;0;0;0;0;0;0;0;0;0;0;0;0;0;0;0;0;0;0;0;0;0;0;0;0;0;30;33;20;45;30;30;20;45;30;34;20;45;30;30;20;45;200;142;100;300;200;140;100;300;200;141;100;300;200;141;100;300;30;33;20;45;30;30;20;45;30;32;20;45;30;30;20;45;200;144;100;300;200;143;100;300;200;242;100;300;200;243;100;300;4;2;0.4;6;4;5;0.4;6;4;2;0.4;6;4;5;0.4;6;4;2;0.4;6;4;5;0.4;6;4;2;0.4;6;4;5;0.4;6;NOK;NOK;OK;7000;7100;6500;8100;OK;4.99;0;8;12;NOK;N/A;1.5;N/A;N/A;N/A;9;11.7;7;18;OK;;0;0;0;-;Disabled;TempOk;2;230;41.9;42.9;0;0;349.9;441345100 daimler 1500 1900;441345100 daimler 1500 1900;441345100 Daimler 1500 1900
20260320_21:21:22;9843;1;1;950;939.7;925;975;OK;950;950.9;925;975;OK;950.9;951;-20;-15.1;-50;-25;NOK;-20;-15.2;-50;-25;NOK;-13.3;-14.1;0;-20;-15.2;-50;-25;NOK;300;333;300;500;OK;0;0;N/A;N/A;N/A;N/A;N/A;N/A;N/A;N/A;N/A;N/A;N/A;N/A;N/A;N/A;N/A;N/A;N/A;N/A;N/A;N/A;N/A;N/A;N/A;N/A;N/A;N/A;N/A;N/A;N/A;N/A;N/A;N/A;N/A;N/A;N/A;N/A;N/A;N/A;N/A;N/A;N/A;N/A;N/A;N/A;N/A;N/A;N/A;N/A;N/A;N/A;N/A;N/A;N/A;N/A;N/A;N/A;N/A;N/A;N/A;N/A;N/A;N/A;N/A;N/A;N/A;N/A;N/A;N/A;N/A;N/A;N/A;N/A;N/A;N/A;N/A;N/A;N/A;N/A;N/A;N/A;N/A;N/A;N/A;N/A;N/A;N/A;N/A;N/A;N/A;N/A;N/A;N/A;N/A;N/A;N/A;N/A;N/A;N/A;;0;324.7;0;0;;Disabled;TempStop;2;700;328.4;278.5;0;0;599.9;549.9;Enabled;PosOk;2;0;0;0;0;0;15;Disabled;0;0;0;0;0;0;0;0;0;0;0;0;0;0;0;0;0;0;0;0;0;0;0;0;0;0;0;0;0;0;0;0;0;0;0;0;0;0;0;0;0;0;0;0;0;0;0;0;0;0;0;0;0;0;0;0;0;0;0;0;0;0;0;0;0;0;0;0;0;0;30;33;20;45;30;30;20;45;30;34;20;45;30;30;20;45;200;141;100;300;200;140;100;300;200;141;100;300;200;141;100;300;30;33;20;45;30;30;20;45;30;32;20;45;30;30;20;45;200;144;100;300;200;143;100;300;200;242;100;300;200;244;100;300;4;2;0.4;6;4;5;0.4;6;4;2;0.4;6;4;5;0.4;6;4;2;0.4;6;4;5;0.4;6;4;2;0.4;6;4;5;0.4;6;NOK;NOK;OK;7000;7092;6500;8100;OK;4.98;0;8;12;NOK;N/A;1.5;N/A;N/A;N/A;9;12.1;7;18;OK;;0;0;0;-;Disabled;TempOk;2;230;41.9;42.2;0;0;349.9;441345100 daimler 1500 1900;441345100 daimler 1500 1900;441345100 Daimler 1500 1900
20260320_21:21:39;9844;2;1;950;940.8;925;975;OK;950;950.9;925;975;OK;950.6;950.7;-15;-18.7;-50;-20;NOK;-15;-18.9;-50;-20;NOK;-15.2;-16.5;0;-15;-18.8;-50;-20;NOK;300;333;300;500;OK;0;0;N/A;N/A;N/A;N/A;N/A;N/A;N/A;N/A;N/A;N/A;N/A;N/A;N/A;N/A;N/A;N/A;N/A;N/A;N/A;N/A;N/A;N/A;N/A;N/A;N/A;N/A;N/A;N/A;N/A;N/A;N/A;N/A;N/A;N/A;N/A;N/A;N/A;N/A;N/A;N/A;N/A;N/A;N/A;N/A;N/A;N/A;N/A;N/A;N/A;N/A;N/A;N/A;N/A;N/A;N/A;N/A;N/A;N/A;N/A;N/A;N/A;N/A;N/A;N/A;N/A;N/A;N/A;N/A;N/A;N/A;N/A;N/A;N/A;N/A;N/A;N/A;N/A;N/A;N/A;N/A;N/A;N/A;N/A;N/A;N/A;N/A;N/A;N/A;N/A;N/A;N/A;N/A;N/A;N/A;N/A;N/A;N/A;N/A;;0;323.4;0;0;;Disabled;TempStop;2;700;327.1;277.4;0;0;599.9;549.9;Enabled;PosOk;2;0;0;0;0;0;15;Disabled;0;0;0;0;0;0;0;0;0;0;0;0;0;0;0;0;0;0;0;0;0;0;0;0;0;0;0;0;0;0;0;0;0;0;0;0;0;0;0;0;0;0;0;0;0;0;0;0;0;0;0;0;0;0;0;0;0;0;0;0;0;0;0;0;0;0;0;0;0;0;30;33;20;45;30;29;20;45;30;33;20;45;30;29;20;45;200;142;100;300;200;139;100;300;200;140;100;300;200;140;100;300;30;33;20;45;30;30;20;45;30;31;20;45;30;30;20;45;200;144;100;300;200;143;100;300;200;242;100;300;200;244;100;300;4;2;0.4;6;4;5;0.4;6;4;2;0.4;6;4;5;0.4;6;4;2;0.4;6;4;5;0.4;6;4;2;0.4;6;4;5;0.4;6;NOK;NOK;OK;7000;7094;6500;8100;OK;4.98;0;8;12;NOK;N/A;1.5;N/A;N/A;N/A;9;11.9;7;18;OK;;0;0;0;-;Disabled;TempOk;2;230;43.5;42.9;0;0;349.9;441345100 daimler 1500 1900;441345100 daimler 1500 1900;441345100 Daimler 1500 1900
20260320_21:22:14;9846;4;5;950;932.5;925;975;OK;950;951;925;975;OK;950.8;951.3;-15;-14;-50;-5;OK;-15;-14.3;-50;-5;OK;-17.5;-16.8;0;-15;-14.1;-50;-5;OK;300;333;300;500;OK;7.28;7.8;N/A;N/A;N/A;N/A;N/A;N/A;N/A;N/A;N/A;N/A;N/A;N/A;N/A;N/A;N/A;N/A;N/A;N/A;N/A;N/A;N/A;N/A;N/A;N/A;N/A;N/A;N/A;N/A;N/A;N/A;N/A;N/A;N/A;N/A;N/A;N/A;N/A;N/A;N/A;N/A;N/A;N/A;N/A;N/A;N/A;N/A;N/A;N/A;N/A;N/A;N/A;N/A;N/A;N/A;N/A;N/A;N/A;N/A;N/A;N/A;N/A;N/A;N/A;N/A;N/A;N/A;N/A;N/A;N/A;N/A;N/A;N/A;N/A;N/A;N/A;N/A;N/A;N/A;N/A;N/A;N/A;N/A;N/A;N/A;N/A;N/A;N/A;N/A;N/A;N/A;N/A;N/A;N/A;N/A;N/A;N/A;N/A;N/A;;0;321;0;0;;Disabled;TempStop;2;700;324.3;276.7;0;0;599.9;549.9;Enabled;PosOk;2;0;0;0;0;0;15;Disabled;0;0;0;0;0;0;0;0;0;0;0;0;0;0;0;0;0;0;0;0;0;0;0;0;0;0;0;0;0;0;0;0;0;0;0;0;0;0;0;0;0;0;0;0;0;0;0;0;0;0;0;0;0;0;0;0;0;0;0;0;0;0;0;0;0;0;0;0;0;0;30;32;20;45;30;29;20;45;30;32;20;45;30;29;20;45;200;142;100;300;200;140;100;300;200;140;100;300;200;140;100;300;30;31;20;45;30;29;20;45;30;31;20;45;30;30;20;45;200;144;100;300;200;143;100;300;200;242;100;300;200;243;100;300;4;2;0.4;6;4;5;0.4;6;4;2;0.4;6;4;5;0.4;6;4;2;0.4;6;4;5;0.4;6;4;2;0.4;6;4;5;0.4;6;NOK;NOK;OK;7000;7064;6500;8100;OK;4.98;0;8;12;NOK;N/A;1.5;N/A;N/A;N/A;9;12.3;7;18;OK;;0;0;0;-;Disabled;TempOk;2;230;42.2;42.4;0;0;349.9;441345100 daimler 1500 1900;441345100 daimler 1500 1900;441345100 Daimler 1500 1900
20260320_21:22:31;9845;3;1;950;940.9;925;975;OK;950;951.2;925;975;OK;951.3;951.2;-20;-15.2;-50;-25;NOK;-20;-15.1;-50;-25;NOK;-11.9;-13;0;-20;-15.3;-50;-25;NOK;300;333;300;500;OK;0;0;N/A;N/A;N/A;N/A;N/A;N/A;N/A;N/A;N/A;N/A;N/A;N/A;N/A;N/A;N/A;N/A;N/A;N/A;N/A;N/A;N/A;N/A;N/A;N/A;N/A;N/A;N/A;N/A;N/A;N/A;N/A;N/A;N/A;N/A;N/A;N/A;N/A;N/A;N/A;N/A;N/A;N/A;N/A;N/A;N/A;N/A;N/A;N/A;N/A;N/A;N/A;N/A;N/A;N/A;N/A;N/A;N/A;N/A;N/A;N/A;N/A;N/A;N/A;N/A;N/A;N/A;N/A;N/A;N/A;N/A;N/A;N/A;N/A;N/A;N/A;N/A;N/A;N/A;N/A;N/A;N/A;N/A;N/A;N/A;N/A;N/A;N/A;N/A;N/A;N/A;N/A;N/A;N/A;N/A;N/A;N/A;N/A;N/A;;0;322.5;0;0;;Disabled;TempStop;2;700;325.7;276.8;0;0;599.9;549.9;Enabled;PosOk;2;0;0;0;0;0;15;Disabled;0;0;0;0;0;0;0;0;0;0;0;0;0;0;0;0;0;0;0;0;0;0;0;0;0;0;0;0;0;0;0;0;0;0;0;0;0;0;0;0;0;0;0;0;0;0;0;0;0;0;0;0;0;0;0;0;0;0;0;0;0;0;0;0;0;0;0;0;0;0;30;32;20;45;30;30;20;45;30;32;20;45;30;30;20;45;200;142;100;300;200;140;100;300;200;140;100;300;200;141;100;300;30;32;20;45;30;30;20;45;30;31;20;45;30;30;20;45;200;144;100;300;200;143;100;300;200;242;100;300;200;243;100;300;4;2;0.4;6;4;5;0.4;6;4;2;0.4;6;4;5;0.4;6;4;2;0.4;6;4;5;0.4;6;4;2;0.4;6;4;5;0.4;6;NOK;NOK;OK;7000;7091;6500;8100;OK;4.98;0;8;12;NOK;N/A;1.5;N/A;N/A;N/A;9;11.8;7;18;OK;;0;0;0;-;Disabled;TempOk;2;230;42.2;44.7;0;0;349.9;441345100 daimler 1500 1900;441345100 daimler 1500 1900;441345100 Daimler 1500 1900
20260320_21:22:48;9847;4;1;950;941.5;925;975;OK;950;950.2;925;975;OK;954.4;951.5;-15;-22.3;-50;-5;OK;-15;-9.9;-50;-5;OK;-9.5;-8;0;-15;-22.3;-50;-5;OK;300;333;300;500;OK;7.35;7.88;N/A;N/A;N/A;N/A;N/A;N/A;N/A;N/A;N/A;N/A;N/A;N/A;N/A;N/A;N/A;N/A;N/A;N/A;N/A;N/A;N/A;N/A;N/A;N/A;N/A;N/A;N/A;N/A;N/A;N/A;N/A;N/A;N/A;N/A;N/A;N/A;N/A;N/A;N/A;N/A;N/A;N/A;N/A;N/A;N/A;N/A;N/A;N/A;N/A;N/A;N/A;N/A;N/A;N/A;N/A;N/A;N/A;N/A;N/A;N/A;N/A;N/A;N/A;N/A;N/A;N/A;N/A;N/A;N/A;N/A;N/A;N/A;N/A;N/A;N/A;N/A;N/A;N/A;N/A;N/A;N/A;N/A;N/A;N/A;N/A;N/A;N/A;N/A;N/A;N/A;N/A;N/A;N/A;N/A;N/A;N/A;N/A;N/A;;0;323.1;0;0;;Disabled;TempStop;2;700;326.9;276.6;0;0;599.9;549.9;Enabled;PosOk;2;0;0;0;0;0;15;Disabled;0;0;0;0;0;0;0;0;0;0;0;0;0;0;0;0;0;0;0;0;0;0;0;0;0;0;0;0;0;0;0;0;0;0;0;0;0;0;0;0;0;0;0;0;0;0;0;0;0;0;0;0;0;0;0;0;0;0;0;0;0;0;0;0;0;0;0;0;0;0;30;33;20;45;30;30;20;45;30;33;20;45;30;30;20;45;200;142;100;300;200;140;100;300;200;140;100;300;200;140;100;300;30;32;20;45;30;30;20;45;30;31;20;45;30;30;20;45;200;144;100;300;200;143;100;300;200;243;100;300;200;244;100;300;4;2;0.4;6;4;5;0.4;6;4;2;0.4;6;4;5;0.4;6;4;2;0.4;6;4;5;0.4;6;4;2;0.4;6;4;5;0.4;6;NOK;NOK;OK;7000;7084;6500;8100;OK;4.98;0;8;12;NOK;N/A;1.5;N/A;N/A;N/A;9;12.1;7;18;OK;;0;0;0;-;Disabled;TempOk;2;230;41.9;42.9;0;0;349.9;441345100 daimler 1500 1900;441345100 daimler 1500 1900;441345100 Daimler 1500 1900
20260320_21:23:05;9848;1;2;950;940.8;925;975;OK;950;951.7;925;975;OK;951.5;951.6;-20;-11;-50;-25;NOK;-20;-12.6;-50;-25;NOK;-13.6;-14.3;0;-20;-11.1;-50;-25;NOK;300;333;300;500;OK;0;0;N/A;N/A;N/A;N/A;N/A;N/A;N/A;N/A;N/A;N/A;N/A;N/A;N/A;N/A;N/A;N/A;N/A;N/A;N/A;N/A;N/A;N/A;N/A;N/A;N/A;N/A;N/A;N/A;N/A;N/A;N/A;N/A;N/A;N/A;N/A;N/A;N/A;N/A;N/A;N/A;N/A;N/A;N/A;N/A;N/A;N/A;N/A;N/A;N/A;N/A;N/A;N/A;N/A;N/A;N/A;N/A;N/A;N/A;N/A;N/A;N/A;N/A;N/A;N/A;N/A;N/A;N/A;N/A;N/A;N/A;N/A;N/A;N/A;N/A;N/A;N/A;N/A;N/A;N/A;N/A;N/A;N/A;N/A;N/A;N/A;N/A;N/A;N/A;N/A;N/A;N/A;N/A;N/A;N/A;N/A;N/A;N/A;N/A;;0;325;0;0;;Disabled;TempStop;2;700;328.7;277.8;0;0;599.9;549.9;Enabled;PosOk;2;0;0;0;0;0;15;Disabled;0;0;0;0;0;0;0;0;0;0;0;0;0;0;0;0;0;0;0;0;0;0;0;0;0;0;0;0;0;0;0;0;0;0;0;0;0;0;0;0;0;0;0;0;0;0;0;0;0;0;0;0;0;0;0;0;0;0;0;0;0;0;0;0;0;0;0;0;0;0;30;33;20;45;30;30;20;45;30;33;20;45;30;30;20;45;200;141;100;300;200;140;100;300;200;140;100;300;200;140;100;300;30;32;20;45;30;30;20;45;30;31;20;45;30;30;20;45;200;144;100;300;200;143;100;300;200;242;100;300;200;243;100;300;4;2;0.4;6;4;5;0.4;6;4;2;0.4;6;4;5;0.4;6;4;2;0.4;6;4;5;0.4;6;4;2;0.4;6;4;5;0.4;6;NOK;NOK;OK;7000;7091;6500;8100;OK;4.98;0;8;12;NOK;N/A;1.5;N/A;N/A;N/A;9;11.9;7;18;OK;;0;0;0;-;Disabled;TempOk;2;230;41.9;42.7;0;0;349.9;441345100 daimler 1500 1900;441345100 daimler 1500 1900;441345100 Daimler 1500 1900
20260320_21:23:23;9849;2;2;950;940.4;925;975;OK;950;950.9;925;975;OK;950.9;950.9;-15;-19.8;-50;-20;NOK;-15;-20.4;-50;-20;OK;-16.9;-18.5;0;-15;-19.8;-50;-20;NOK;300;333;300;500;OK;0;0;N/A;N/A;N/A;N/A;N/A;N/A;N/A;N/A;N/A;N/A;N/A;N/A;N/A;N/A;N/A;N/A;N/A;N/A;N/A;N/A;N/A;N/A;N/A;N/A;N/A;N/A;N/A;N/A;N/A;N/A;N/A;N/A;N/A;N/A;N/A;N/A;N/A;N/A;N/A;N/A;N/A;N/A;N/A;N/A;N/A;N/A;N/A;N/A;N/A;N/A;N/A;N/A;N/A;N/A;N/A;N/A;N/A;N/A;N/A;N/A;N/A;N/A;N/A;N/A;N/A;N/A;N/A;N/A;N/A;N/A;N/A;N/A;N/A;N/A;N/A;N/A;N/A;N/A;N/A;N/A;N/A;N/A;N/A;N/A;N/A;N/A;N/A;N/A;N/A;N/A;N/A;N/A;N/A;N/A;N/A;N/A;N/A;N/A;;0;324.2;0;0;;Disabled;TempStop;2;700;328.2;276.4;0;0;599.9;549.9;Enabled;PosOk;2;0;0;0;0;0;15;Disabled;0;0;0;0;0;0;0;0;0;0;0;0;0;0;0;0;0;0;0;0;0;0;0;0;0;0;0;0;0;0;0;0;0;0;0;0;0;0;0;0;0;0;0;0;0;0;0;0;0;0;0;0;0;0;0;0;0;0;0;0;0;0;0;0;0;0;0;0;0;0;30;33;20;45;30;29;20;45;30;34;20;45;30;29;20;45;200;141;100;300;200;140;100;300;200;141;100;300;200;140;100;300;30;32;20;45;30;29;20;45;30;31;20;45;30;30;20;45;200;144;100;300;200;143;100;300;200;242;100;300;200;243;100;300;4;2;0.4;6;4;5;0.4;6;4;2;0.4;6;4;5;0.4;6;4;2;0.4;6;4;5;0.4;6;4;2;0.4;6;4;5;0.4;6;NOK;NOK;OK;7000;7086;6500;8100;OK;4.98;0;8;12;NOK;N/A;1.5;N/A;N/A;N/A;9;11.5;7;18;OK;;0;0;0;-;Disabled;TempOk;2;230;42.2;43.1;0;0;349.9;441345100 daimler 1500 1900;441345100 daimler 1500 1900;441345100 Daimler 1500 1900
20260320_21:23:40;9850;3;2;950;940.3;925;975;OK;950;951.5;925;975;OK;951.5;951.5;-20;-15;-50;-25;NOK;-20;-15.8;-50;-25;NOK;-13.9;-15.1;0;-20;-14.9;-50;-25;NOK;300;333;300;500;OK;0;0;N/A;N/A;N/A;N/A;N/A;N/A;N/A;N/A;N/A;N/A;N/A;N/A;N/A;N/A;N/A;N/A;N/A;N/A;N/A;N/A;N/A;N/A;N/A;N/A;N/A;N/A;N/A;N/A;N/A;N/A;N/A;N/A;N/A;N/A;N/A;N/A;N/A;N/A;N/A;N/A;N/A;N/A;N/A;N/A;N/A;N/A;N/A;N/A;N/A;N/A;N/A;N/A;N/A;N/A;N/A;N/A;N/A;N/A;N/A;N/A;N/A;N/A;N/A;N/A;N/A;N/A;N/A;N/A;N/A;N/A;N/A;N/A;N/A;N/A;N/A;N/A;N/A;N/A;N/A;N/A;N/A;N/A;N/A;N/A;N/A;N/A;N/A;N/A;N/A;N/A;N/A;N/A;N/A;N/A;N/A;N/A;N/A;N/A;;0;322.9;0;0;;Disabled;TempStop;2;700;326.6;275.9;0;0;599.9;549.9;Enabled;PosOk;2;0;0;0;0;0;15;Disabled;0;0;0;0;0;0;0;0;0;0;0;0;0;0;0;0;0;0;0;0;0;0;0;0;0;0;0;0;0;0;0;0;0;0;0;0;0;0;0;0;0;0;0;0;0;0;0;0;0;0;0;0;0;0;0;0;0;0;0;0;0;0;0;0;0;0;0;0;0;0;30;33;20;45;30;30;20;45;30;33;20;45;30;30;20;45;200;142;100;300;200;140;100;300;200;141;100;300;200;140;100;300;30;32;20;45;30;30;20;45;30;31;20;45;30;30;20;45;200;144;100;300;200;143;100;300;200;242;100;300;200;243;100;300;4;2;0.4;6;4;5;0.4;6;4;2;0.4;6;4;5;0.4;6;4;2;0.4;6;4;5;0.4;6;4;3;0.4;6;4;5;0.4;6;NOK;NOK;OK;7000;7092;6500;8100;OK;4.98;0;8;12;NOK;N/A;1.5;N/A;N/A;N/A;9;12.3;7;18;OK;;0;0;0;-;Disabled;TempOk;2;230;42.2;43.5;0;0;349.9;441345100 daimler 1500 1900;441345100 daimler 1500 1900;441345100 Daimler 1500 1900
20260320_21:23:57;9851;4;2;950;941.9;925;975;OK;950;955.1;925;975;OK;956.5;956.5;-15;-21.9;-50;-5;OK;-15;-12.3;-50;-5;OK;-15.3;-14.2;0;-15;-21.9;-50;-5;OK;300;333;300;500;OK;7.48;8.06;N/A;N/A;N/A;N/A;N/A;N/A;N/A;N/A;N/A;N/A;N/A;N/A;N/A;N/A;N/A;N/A;N/A;N/A;N/A;N/A;N/A;N/A;N/A;N/A;N/A;N/A;N/A;N/A;N/A;N/A;N/A;N/A;N/A;N/A;N/A;N/A;N/A;N/A;N/A;N/A;N/A;N/A;N/A;N/A;N/A;N/A;N/A;N/A;N/A;N/A;N/A;N/A;N/A;N/A;N/A;N/A;N/A;N/A;N/A;N/A;N/A;N/A;N/A;N/A;N/A;N/A;N/A;N/A;N/A;N/A;N/A;N/A;N/A;N/A;N/A;N/A;N/A;N/A;N/A;N/A;N/A;N/A;N/A;N/A;N/A;N/A;N/A;N/A;N/A;N/A;N/A;N/A;N/A;N/A;N/A;N/A;N/A;N/A;;0;323.7;0;0;;Disabled;TempStop;2;700;327.6;278.3;0;0;599.9;549.9;Enabled;PosOk;2;0;0;0;0;0;15;Disabled;0;0;0;0;0;0;0;0;0;0;0;0;0;0;0;0;0;0;0;0;0;0;0;0;0;0;0;0;0;0;0;0;0;0;0;0;0;0;0;0;0;0;0;0;0;0;0;0;0;0;0;0;0;0;0;0;0;0;0;0;0;0;0;0;0;0;0;0;0;0;30;33;20;45;30;30;20;45;30;33;20;45;30;30;20;45;200;142;100;300;200;139;100;300;200;140;100;300;200;140;100;300;30;33;20;45;30;30;20;45;30;32;20;45;30;30;20;45;200;144;100;300;200;143;100;300;200;242;100;300;200;244;100;300;4;2;0.4;6;4;5;0.4;6;4;2;0.4;6;4;5;0.4;6;4;2;0.4;6;4;5;0.4;6;4;2;0.4;6;4;5;0.4;6;NOK;NOK;OK;7000;7091;6500;8100;OK;4.98;0;8;12;NOK;N/A;1.5;N/A;N/A;N/A;9;11.9;7;18;OK;;0;0;0;-;Disabled;TempOk;2;230;43.1;44.2;0;0;349.9;441345100 daimler 1500 1900;441345100 daimler 1500 1900;441345100 Daimler 1500 1900
20260320_21:24:14;9852;1;3;950;940.2;925;975;OK;950;951.6;925;975;OK;951.6;951.5;-20;-12.3;-50;-25;NOK;-20;-14;-50;-25;NOK;-15.4;-15.8;0;-20;-12.2;-50;-25;NOK;300;333;300;500;OK;0;0;N/A;N/A;N/A;N/A;N/A;N/A;N/A;N/A;N/A;N/A;N/A;N/A;N/A;N/A;N/A;N/A;N/A;N/A;N/A;N/A;N/A;N/A;N/A;N/A;N/A;N/A;N/A;N/A;N/A;N/A;N/A;N/A;N/A;N/A;N/A;N/A;N/A;N/A;N/A;N/A;N/A;N/A;N/A;N/A;N/A;N/A;N/A;N/A;N/A;N/A;N/A;N/A;N/A;N/A;N/A;N/A;N/A;N/A;N/A;N/A;N/A;N/A;N/A;N/A;N/A;N/A;N/A;N/A;N/A;N/A;N/A;N/A;N/A;N/A;N/A;N/A;N/A;N/A;N/A;N/A;N/A;N/A;N/A;N/A;N/A;N/A;N/A;N/A;N/A;N/A;N/A;N/A;N/A;N/A;N/A;N/A;N/A;N/A;;0;325.3;0;0;;Disabled;TempStop;2;700;329.2;278.4;0;0;599.9;549.9;Enabled;PosOk;2;0;0;0;0;0;15;Disabled;0;0;0;0;0;0;0;0;0;0;0;0;0;0;0;0;0;0;0;0;0;0;0;0;0;0;0;0;0;0;0;0;0;0;0;0;0;0;0;0;0;0;0;0;0;0;0;0;0;0;0;0;0;0;0;0;0;0;0;0;0;0;0;0;0;0;0;0;0;0;30;33;20;45;30;30;20;45;30;33;20;45;30;30;20;45;200;142;100;300;200;140;100;300;200;140;100;300;200;140;100;300;30;33;20;45;30;30;20;45;30;32;20;45;30;30;20;45;200;144;100;300;200;144;100;300;200;243;100;300;200;244;100;300;4;2;0.4;6;4;5;0.4;6;4;2;0.4;6;4;5;0.4;6;4;2;0.4;6;4;5;0.4;6;4;2;0.4;6;4;5;0.4;6;NOK;NOK;OK;7000;7094;6500;8100;OK;4.98;0;8;12;NOK;N/A;1.5;N/A;N/A;N/A;9;11.6;7;18;OK;;0;0;0;-;Disabled;TempOk;2;230;42.4;43.5;0;0;349.9;441345100 daimler 1500 1900;441345100 daimler 1500 1900;441345100 Daimler 1500 1900
20260320_21:27:59;9853;4;5;950;936.8;925;975;OK;950;955.8;925;975;OK;955.4;955.9;-15;-14.3;-50;-5;OK;-15;-17.5;-50;-5;OK;-20;-19;0;-15;-14.4;-50;-5;OK;300;333;300;500;OK;7.83;8.64;N/A;N/A;N/A;N/A;N/A;N/A;N/A;N/A;N/A;N/A;N/A;N/A;N/A;N/A;N/A;N/A;N/A;N/A;N/A;N/A;N/A;N/A;N/A;N/A;N/A;N/A;N/A;N/A;N/A;N/A;N/A;N/A;N/A;N/A;N/A;N/A;N/A;N/A;N/A;N/A;N/A;N/A;N/A;N/A;N/A;N/A;N/A;N/A;N/A;N/A;N/A;N/A;N/A;N/A;N/A;N/A;N/A;N/A;N/A;N/A;N/A;N/A;N/A;N/A;N/A;N/A;N/A;N/A;N/A;N/A;N/A;N/A;N/A;N/A;N/A;N/A;N/A;N/A;N/A;N/A;N/A;N/A;N/A;N/A;N/A;N/A;N/A;N/A;N/A;N/A;N/A;N/A;N/A;N/A;N/A;N/A;N/A;N/A;;0;322;0;0;;Disabled;TempStop;2;700;324.8;276.8;0;0;599.9;549.9;Enabled;PosOk;2;0;0;0;0;0;15;Disabled;0;0;0;0;0;0;0;0;0;0;0;0;0;0;0;0;0;0;0;0;0;0;0;0;0;0;0;0;0;0;0;0;0;0;0;0;0;0;0;0;0;0;0;0;0;0;0;0;0;0;0;0;0;0;0;0;0;0;0;0;0;0;0;0;0;0;0;0;0;0;30;30;20;45;30;30;20;45;30;30;20;45;30;30;20;45;200;141;100;300;200;140;100;300;200;140;100;300;200;140;100;300;30;30;20;45;30;30;20;45;30;30;20;45;30;30;20;45;200;144;100;300;200;143;100;300;200;242;100;300;200;244;100;300;4;2;0.4;6;4;5;0.4;6;4;2;0.4;6;4;5;0.4;6;4;2;0.4;6;4;5;0.4;6;4;2;0.4;6;4;5;0.4;6;NOK;NOK;OK;7000;7094;6500;8100;OK;4.97;0;8;12;NOK;N/A;1.5;N/A;N/A;N/A;9;11.5;7;18;OK;;0;0;0;-;Disabled;TempOk;2;230;40.7;42.7;0;0;349.9;441345100 daimler 1500 1900;441345100 daimler 1500 1900;441345100 Daimler 1500 1900
20260320_21:28:16;9855;3;1;950;940.7;925;975;OK;950;951.4;925;975;OK;951.3;951.4;-20;-15.5;-50;-25;NOK;-20;-15.3;-50;-25;NOK;-11.9;-13.1;0;-20;-15.5;-50;-25;NOK;300;333;300;500;OK;0;0;N/A;N/A;N/A;N/A;N/A;N/A;N/A;N/A;N/A;N/A;N/A;N/A;N/A;N/A;N/A;N/A;N/A;N/A;N/A;N/A;N/A;N/A;N/A;N/A;N/A;N/A;N/A;N/A;N/A;N/A;N/A;N/A;N/A;N/A;N/A;N/A;N/A;N/A;N/A;N/A;N/A;N/A;N/A;N/A;N/A;N/A;N/A;N/A;N/A;N/A;N/A;N/A;N/A;N/A;N/A;N/A;N/A;N/A;N/A;N/A;N/A;N/A;N/A;N/A;N/A;N/A;N/A;N/A;N/A;N/A;N/A;N/A;N/A;N/A;N/A;N/A;N/A;N/A;N/A;N/A;N/A;N/A;N/A;N/A;N/A;N/A;N/A;N/A;N/A;N/A;N/A;N/A;N/A;N/A;N/A;N/A;N/A;N/A;;0;322.4;0;0;;Disabled;TempStop;2;700;325.2;278;0;0;599.9;549.9;Enabled;PosOk;2;0;0;0;0;0;15;Disabled;0;0;0;0;0;0;0;0;0;0;0;0;0;0;0;0;0;0;0;0;0;0;0;0;0;0;0;0;0;0;0;0;0;0;0;0;0;0;0;0;0;0;0;0;0;0;0;0;0;0;0;0;0;0;0;0;0;0;0;0;0;0;0;0;0;0;0;0;0;0;30;31;20;45;30;30;20;45;30;31;20;45;30;30;20;45;200;141;100;300;200;140;100;300;200;140;100;300;200;141;100;300;30;31;20;45;30;30;20;45;30;31;20;45;30;30;20;45;200;143;100;300;200;143;100;300;200;242;100;300;200;244;100;300;4;2;0.4;6;4;5;0.4;6;4;2;0.4;6;4;5;0.4;6;4;2;0.4;6;4;5;0.4;6;4;2;0.4;6;4;5;0.4;6;NOK;NOK;OK;7000;7099;6500;8100;OK;4.97;0;8;12;NOK;N/A;1.5;N/A;N/A;N/A;9;12.4;7;18;OK;;0;0;0;-;Disabled;TempOk;2;230;40.7;41.2;0;0;349.9;441345100 daimler 1500 1900;441345100 daimler 1500 1900;441345100 Daimler 1500 1900
20260320_21:28:33;9856;4;1;950;932.6;925;975;OK;950;953.4;925;975;OK;950.6;951.2;-15;-10.6;-50;-5;OK;-15;-22.6;-50;-5;OK;-19.5;-20.9;0;-15;-10.8;-50;-5;OK;300;333;300;500;OK;7.91;8.69;N/A;N/A;N/A;N/A;N/A;N/A;N/A;N/A;N/A;N/A;N/A;N/A;N/A;N/A;N/A;N/A;N/A;N/A;N/A;N/A;N/A;N/A;N/A;N/A;N/A;N/A;N/A;N/A;N/A;N/A;N/A;N/A;N/A;N/A;N/A;N/A;N/A;N/A;N/A;N/A;N/A;N/A;N/A;N/A;N/A;N/A;N/A;N/A;N/A;N/A;N/A;N/A;N/A;N/A;N/A;N/A;N/A;N/A;N/A;N/A;N/A;N/A;N/A;N/A;N/A;N/A;N/A;N/A;N/A;N/A;N/A;N/A;N/A;N/A;N/A;N/A;N/A;N/A;N/A;N/A;N/A;N/A;N/A;N/A;N/A;N/A;N/A;N/A;N/A;N/A;N/A;N/A;N/A;N/A;N/A;N/A;N/A;N/A;;0;324.3;0;0;;Disabled;TempStop;2;700;327.8;278.7;0;0;599.9;549.9;Enabled;PosOk;2;0;0;0;0;0;15;Disabled;0;0;0;0;0;0;0;0;0;0;0;0;0;0;0;0;0;0;0;0;0;0;0;0;0;0;0;0;0;0;0;0;0;0;0;0;0;0;0;0;0;0;0;0;0;0;0;0;0;0;0;0;0;0;0;0;0;0;0;0;0;0;0;0;0;0;0;0;0;0;30;32;20;45;30;30;20;45;30;32;20;45;30;29;20;45;200;142;100;300;200;140;100;300;200;140;100;300;200;140;100;300;30;32;20;45;30;30;20;45;30;31;20;45;30;30;20;45;200;144;100;300;200;143;100;300;200;242;100;300;200;243;100;300;4;2;0.4;6;4;5;0.4;6;4;2;0.4;6;4;5;0.4;6;4;2;0.4;6;4;5;0.4;6;4;2;0.4;6;4;5;0.4;6;NOK;NOK;OK;7000;7092;6500;8100;OK;4.98;0;8;12;NOK;N/A;1.5;N/A;N/A;N/A;9;11.9;7;18;OK;;0;0;0;-;Disabled;TempOk;2;230;41.2;42.4;0;0;349.9;441345100 daimler 1500 1900;441345100 daimler 1500 1900;441345100 Daimler 1500 1900
20260320_21:33:17;9863;2;3;950;935.9;925;975;OK;950;931.6;925;975;OK;929.7;930.1;-15;-20.9;-50;-20;OK;-15;-25;-50;-20;OK;-15.5;-16.9;0;-15;-20.9;-50;-20;OK;300;498;300;500;OK;0;0;N/A;N/A;N/A;N/A;N/A;N/A;N/A;N/A;N/A;N/A;N/A;N/A;N/A;N/A;N/A;N/A;N/A;N/A;N/A;N/A;N/A;N/A;N/A;N/A;N/A;N/A;N/A;N/A;N/A;N/A;N/A;N/A;N/A;N/A;N/A;N/A;N/A;N/A;N/A;N/A;N/A;N/A;N/A;N/A;N/A;N/A;N/A;N/A;N/A;N/A;N/A;N/A;N/A;N/A;N/A;N/A;N/A;N/A;N/A;N/A;N/A;N/A;N/A;N/A;N/A;N/A;N/A;N/A;N/A;N/A;N/A;N/A;N/A;N/A;N/A;N/A;N/A;N/A;N/A;N/A;N/A;N/A;N/A;N/A;N/A;N/A;N/A;N/A;N/A;N/A;N/A;N/A;N/A;N/A;N/A;N/A;N/A;N/A;;0;318.9;0;0;;Disabled;TempStop;2;700;321.8;272.8;0;0;599.9;549.9;Enabled;PosOk;2;0;0;0;0;0;15;Disabled;0;0;0;0;0;0;0;0;0;0;0;0;0;0;0;0;0;0;0;0;0;0;0;0;0;0;0;0;0;0;0;0;0;0;0;0;0;0;0;0;0;0;0;0;0;0;0;0;0;0;0;0;0;0;0;0;0;0;0;0;0;0;0;0;0;0;0;0;0;0;30;30;20;45;30;30;20;45;30;30;20;45;30;30;20;45;200;142;100;300;200;140;100;300;200;140;100;300;200;140;100;300;30;30;20;45;30;30;20;45;30;30;20;45;30;30;20;45;200;144;100;300;200;143;100;300;200;243;100;300;200;243;100;300;4;2;0.4;6;4;5;0.4;6;4;2;0.4;6;4;5;0.4;6;4;2;0.4;6;4;5;0.4;6;4;2;0.4;6;4;5;0.4;6;NOK;NOK;OK;7000;7105;6500;8100;OK;4.97;0;8;12;NOK;N/A;1.51;N/A;N/A;N/A;9;11.5;7;18;OK;;0;0;0;-;Disabled;TempOk;2;230;39.5;40.2;0;0;349.9;441345100 daimler 1500 1900;441345100 daimler 1500 1900;441345100 Daimler 1500 1900
20260320_21:33:34;9865;3;3;950;948.1;925;975;OK;950;951.5;925;975;OK;951.5;951.4;-20;-15;-50;-25;NOK;-20;-19.4;-50;-25;NOK;-13.2;-14.3;0;-20;-14.8;-50;-25;NOK;300;491;300;500;OK;0;0;N/A;N/A;N/A;N/A;N/A;N/A;N/A;N/A;N/A;N/A;N/A;N/A;N/A;N/A;N/A;N/A;N/A;N/A;N/A;N/A;N/A;N/A;N/A;N/A;N/A;N/A;N/A;N/A;N/A;N/A;N/A;N/A;N/A;N/A;N/A;N/A;N/A;N/A;N/A;N/A;N/A;N/A;N/A;N/A;N/A;N/A;N/A;N/A;N/A;N/A;N/A;N/A;N/A;N/A;N/A;N/A;N/A;N/A;N/A;N/A;N/A;N/A;N/A;N/A;N/A;N/A;N/A;N/A;N/A;N/A;N/A;N/A;N/A;N/A;N/A;N/A;N/A;N/A;N/A;N/A;N/A;N/A;N/A;N/A;N/A;N/A;N/A;N/A;N/A;N/A;N/A;N/A;N/A;N/A;N/A;N/A;N/A;N/A;;0;322.3;0;0;;Disabled;TempStop;2;700;325.6;276.8;0;0;599.9;549.9;Enabled;PosOk;2;0;0;0;0;0;15;Disabled;0;0;0;0;0;0;0;0;0;0;0;0;0;0;0;0;0;0;0;0;0;0;0;0;0;0;0;0;0;0;0;0;0;0;0;0;0;0;0;0;0;0;0;0;0;0;0;0;0;0;0;0;0;0;0;0;0;0;0;0;0;0;0;0;0;0;0;0;0;0;30;31;20;45;30;30;20;45;30;31;20;45;30;30;20;45;200;141;100;300;200;140;100;300;200;140;100;300;200;140;100;300;30;31;20;45;30;30;20;45;30;31;20;45;30;30;20;45;200;144;100;300;200;143;100;300;200;242;100;300;200;244;100;300;4;2;0.4;6;4;5;0.4;6;4;2;0.4;6;4;5;0.4;6;4;2;0.4;6;4;5;0.4;6;4;2;0.4;6;4;5;0.4;6;NOK;NOK;OK;7000;7100;6500;8100;OK;4.97;0;8;12;NOK;N/A;1.5;N/A;N/A;N/A;9;12.3;7;18;OK;;0;0;0;-;Disabled;TempOk;2;230;40.2;40.2;0;0;349.9;441345100 daimler 1500 1900;441345100 daimler 1500 1900;441345100 Daimler 1500 1900
20260320_21:33:51;9866;4;3;950;947.6;925;975;OK;950;959.7;925;975;OK;959.4;959.6;-15;-17.8;-50;-5;OK;-15;-15.8;-50;-5;OK;-22.2;-22.6;0;-15;-17.7;-50;-5;OK;300;500;300;500;NOK;8.31;9.11;N/A;N/A;N/A;N/A;N/A;N/A;N/A;N/A;N/A;N/A;N/A;N/A;N/A;N/A;N/A;N/A;N/A;N/A;N/A;N/A;N/A;N/A;N/A;N/A;N/A;N/A;N/A;N/A;N/A;N/A;N/A;N/A;N/A;N/A;N/A;N/A;N/A;N/A;N/A;N/A;N/A;N/A;N/A;N/A;N/A;N/A;N/A;N/A;N/A;N/A;N/A;N/A;N/A;N/A;N/A;N/A;N/A;N/A;N/A;N/A;N/A;N/A;N/A;N/A;N/A;N/A;N/A;N/A;N/A;N/A;N/A;N/A;N/A;N/A;N/A;N/A;N/A;N/A;N/A;N/A;N/A;N/A;N/A;N/A;N/A;N/A;N/A;N/A;N/A;N/A;N/A;N/A;N/A;N/A;N/A;N/A;N/A;N/A;;0;322.5;0;0;;Disabled;TempStop;2;700;326.2;277;0;0;599.9;549.9;Enabled;PosOk;2;0;0;0;0;0;15;Disabled;0;0;0;0;0;0;0;0;0;0;0;0;0;0;0;0;0;0;0;0;0;0;0;0;0;0;0;0;0;0;0;0;0;0;0;0;0;0;0;0;0;0;0;0;0;0;0;0;0;0;0;0;0;0;0;0;0;0;0;0;0;0;0;0;0;0;0;0;0;0;30;32;20;45;30;30;20;45;30;32;20;45;30;29;20;45;200;142;100;300;200;140;100;300;200;140;100;300;200;140;100;300;30;32;20;45;30;29;20;45;30;31;20;45;30;29;20;45;200;144;100;300;200;143;100;300;200;242;100;300;200;243;100;300;4;2;0.4;6;4;5;0.4;6;4;2;0.4;6;4;5;0.4;6;4;2;0.4;6;4;5;0.4;6;4;2;0.4;6;4;5;0.4;6;NOK;NOK;OK;7000;7101;6500;8100;OK;4.98;0;8;12;NOK;N/A;1.5;N/A;N/A;N/A;9;11.9;7;18;OK;;0;0;0;-;Disabled;TempOk;2;230;40.4;40.7;0;0;349.9;441345100 daimler 1500 1900;441345100 daimler 1500 1900;441345100 Daimler 1500 1900
20260320_21:34:08;9867;1;4;950;947.6;925;975;OK;950;950.9;925;975;OK;950.7;950.8;-20;-10.3;-50;-25;NOK;-20;-20.5;-50;-25;NOK;-15.7;-16.6;0;-20;-10.2;-50;-25;NOK;300;492;300;500;OK;0;0;N/A;N/A;N/A;N/A;N/A;N/A;N/A;N/A;N/A;N/A;N/A;N/A;N/A;N/A;N/A;N/A;N/A;N/A;N/A;N/A;N/A;N/A;N/A;N/A;N/A;N/A;N/A;N/A;N/A;N/A;N/A;N/A;N/A;N/A;N/A;N/A;N/A;N/A;N/A;N/A;N/A;N/A;N/A;N/A;N/A;N/A;N/A;N/A;N/A;N/A;N/A;N/A;N/A;N/A;N/A;N/A;N/A;N/A;N/A;N/A;N/A;N/A;N/A;N/A;N/A;N/A;N/A;N/A;N/A;N/A;N/A;N/A;N/A;N/A;N/A;N/A;N/A;N/A;N/A;N/A;N/A;N/A;N/A;N/A;N/A;N/A;N/A;N/A;N/A;N/A;N/A;N/A;N/A;N/A;N/A;N/A;N/A;N/A;;0;325.2;0;0;;Disabled;TempStop;2;700;329.1;276.6;0;0;599.9;549.9;Enabled;PosOk;2;0;0;0;0;0;15;Disabled;0;0;0;0;0;0;0;0;0;0;0;0;0;0;0;0;0;0;0;0;0;0;0;0;0;0;0;0;0;0;0;0;0;0;0;0;0;0;0;0;0;0;0;0;0;0;0;0;0;0;0;0;0;0;0;0;0;0;0;0;0;0;0;0;0;0;0;0;0;0;30;33;20;45;30;29;20;45;30;33;20;45;30;29;20;45;200;142;100;300;200;140;100;300;200;141;100;300;200;141;100;300;30;32;20;45;30;29;20;45;30;31;20;45;30;29;20;45;200;144;100;300;200;143;100;300;200;242;100;300;200;243;100;300;4;2;0.4;6;4;5;0.4;6;4;2;0.4;6;4;5;0.4;6;4;2;0.4;6;4;5;0.4;6;4;2;0.4;6;4;5;0.4;6;NOK;NOK;OK;7000;7114;6500;8100;OK;4.98;0;8;12;NOK;N/A;1.5;N/A;N/A;N/A;9;11.6;7;18;OK;;0;0;0;-;Disabled;TempOk;2;230;40.7;40.7;0;0;349.9;441345100 daimler 1500 1900;441345100 daimler 1500 1900;441345100 Daimler 1500 1900
20260320_21:34:26;9868;2;4;950;947.6;925;975;OK;950;951.2;925;975;OK;951.2;951.2;-15;-25.8;-50;-20;OK;-15;-30.8;-50;-20;OK;-19;-20.8;0;-15;-25.9;-50;-20;OK;300;500;300;500;NOK;0;0;N/A;N/A;N/A;N/A;N/A;N/A;N/A;N/A;N/A;N/A;N/A;N/A;N/A;N/A;N/A;N/A;N/A;N/A;N/A;N/A;N/A;N/A;N/A;N/A;N/A;N/A;N/A;N/A;N/A;N/A;N/A;N/A;N/A;N/A;N/A;N/A;N/A;N/A;N/A;N/A;N/A;N/A;N/A;N/A;N/A;N/A;N/A;N/A;N/A;N/A;N/A;N/A;N/A;N/A;N/A;N/A;N/A;N/A;N/A;N/A;N/A;N/A;N/A;N/A;N/A;N/A;N/A;N/A;N/A;N/A;N/A;N/A;N/A;N/A;N/A;N/A;N/A;N/A;N/A;N/A;N/A;N/A;N/A;N/A;N/A;N/A;N/A;N/A;N/A;N/A;N/A;N/A;N/A;N/A;N/A;N/A;N/A;N/A;;0;326.1;0;0;;Disabled;TempStop;2;700;330.2;276.4;0;0;599.9;549.9;Enabled;PosOk;2;0;0;0;0;0;15;Disabled;0;0;0;0;0;0;0;0;0;0;0;0;0;0;0;0;0;0;0;0;0;0;0;0;0;0;0;0;0;0;0;0;0;0;0;0;0;0;0;0;0;0;0;0;0;0;0;0;0;0;0;0;0;0;0;0;0;0;0;0;0;0;0;0;0;0;0;0;0;0;30;33;20;45;30;29;20;45;30;33;20;45;30;29;20;45;200;142;100;300;200;140;100;300;200;140;100;300;200;140;100;300;30;32;20;45;30;29;20;45;30;31;20;45;30;29;20;45;200;144;100;300;200;143;100;300;200;242;100;300;200;244;100;300;4;2;0.4;6;4;5;0.4;6;4;2;0.4;6;4;5;0.4;6;4;2;0.4;6;4;5;0.4;6;4;2;0.4;6;4;5;0.4;6;NOK;NOK;OK;7000;7093;6500;8100;OK;5.01;0;8;12;NOK;N/A;1.5;N/A;N/A;N/A;9;12.4;7;18;OK;;0;0;0;-;Disabled;TempOk;2;230;40.9;40.9;0;0;349.9;441345100 daimler 1500 1900;441345100 daimler 1500 1900;441345100 Daimler 1500 1900
20260320_21:34:52;9857;1;2;950;941;925;975;OK;950;951.7;925;975;OK;951.7;951.7;-20;-12.7;-50;-25;NOK;-20;-19.1;-50;-25;NOK;-10.8;-11.9;0;-20;-12.8;-50;-25;NOK;300;720;300;500;NOK;0;0;;;;;;;;;;;;;;;;;;;;;;;;;;;;;;;;;;;;;;;;;;;;;;;;;;;;;;;;;;;;;;;;;;;;;;;;;;;;;;;;;;;;;;;;;;;;;;;;;;;;;;;;;;;;;;;;;;;;;;;;;;;;;;;;;;;;;;;;;;;;;;;;;;;;;;;;;;;;;;;;;;;;;;;;;;;;;;;;;;;;;;;;;;;;;;;;;;;;;;;;;;;;;;;;;;;;;;;;;;;;;;;;;;;;;;;;;;;;;;;;;;;;;;;;;;;;;;;;;;;;;;;;;;;;;;;;;;;;;;;;;;;;;;;;;;;;;;;;;;;;;;;;;;;;;;;;;;;;;;;;;;;;;;;;441345100 daimler 1500 1900;;;;
20260320_21:36:01;9859;3;2;950;940.3;925;975;OK;950;951.8;925;975;OK;951.6;951.6;-20;-15.1;-50;-25;NOK;-20;-16.3;-50;-25;NOK;-13.8;-15;0;-20;-14.9;-50;-25;NOK;300;754;300;500;NOK;0;0;;;;;;;;;;;;;;;;;;;;;;;;;;;;;;;;;;;;;;;;;;;;;;;;;;;;;;;;;;;;;;;;;;;;;;;;;;;;;;;;;;;;;;;;;;;;;;;;;;;;;;;;;;;;;;;;;;;;;;;;;;;;;;;;;;;;;;;;;;;;;;;;;;;;;;;;;;;;;;;;;;;;;;;;;;;;;;;;;;;;;;;;;;;;;;;;;;;;;;;;;;;;;;;;;;;;;;;;;;;;;;;;;;;;;;;;;;;;;;;;;;;;;;;;;;;;;;;;;;;;;;;;;;;;;;;;;;;;;;;;;;;;;;;;;;;;;;;;;;;;;;;;;;;;;;;;;;;;;;;;;;;;;;;;441345100 daimler 1500 1900;;;;
20260320_21:36:36;9861;1;3;950;940;925;975;OK;950;951.7;925;975;OK;951.6;951.7;-20;-13.1;-50;-25;NOK;-20;-15.3;-50;-25;NOK;-14.9;-16;0;-20;-12.9;-50;-25;NOK;300;754;300;500;NOK;0;0;;;;;;;;;;;;;;;;;;;;;;;;;;;;;;;;;;;;;;;;;;;;;;;;;;;;;;;;;;;;;;;;;;;;;;;;;;;;;;;;;;;;;;;;;;;;;;;;;;;;;;;;;;;;;;;;;;;;;;;;;;;;;;;;;;;;;;;;;;;;;;;;;;;;;;;;;;;;;;;;;;;;;;;;;;;;;;;;;;;;;;;;;;;;;;;;;;;;;;;;;;;;;;;;;;;;;;;;;;;;;;;;;;;;;;;;;;;;;;;;;;;;;;;;;;;;;;;;;;;;;;;;;;;;;;;;;;;;;;;;;;;;;;;;;;;;;;;;;;;;;;;;;;;;;;;;;;;;;;;;;;;;;;;;441345100 daimler 1500 1900;;;;
20260320_21:37:10;9864;1;1;950;947.6;925;975;OK;950;951.1;925;975;OK;951.1;951.2;-20;-13.5;-50;-25;NOK;-20;-17.6;-50;-25;NOK;-13.8;-14.6;0;-20;-13.6;-50;-25;NOK;300;765;300;500;NOK;0;0;;;;;;;;;;;;;;;;;;;;;;;;;;;;;;;;;;;;;;;;;;;;;;;;;;;;;;;;;;;;;;;;;;;;;;;;;;;;;;;;;;;;;;;;;;;;;;;;;;;;;;;;;;;;;;;;;;;;;;;;;;;;;;;;;;;;;;;;;;;;;;;;;;;;;;;;;;;;;;;;;;;;;;;;;;;;;;;;;;;;;;;;;;;;;;;;;;;;;;;;;;;;;;;;;;;;;;;;;;;;;;;;;;;;;;;;;;;;;;;;;;;;;;;;;;;;;;;;;;;;;;;;;;;;;;;;;;;;;;;;;;;;;;;;;;;;;;;;;;;;;;;;;;;;;;;;;;;;;;;;;;;;;;;;441345100 daimler 1500 1900;;;;
20260320_21:37:27;9858;2;2;950;940.5;925;975;OK;950;951;925;975;OK;950.7;950.8;-15;-20.7;-50;-20;OK;-15;-31.1;-50;-20;OK;-15.4;-16.9;0;-15;-20.8;-50;-20;OK;300;858;300;500;NOK;0;0;;;;;;;;;;;;;;;;;;;;;;;;;;;;;;;;;;;;;;;;;;;;;;;;;;;;;;;;;;;;;;;;;;;;;;;;;;;;;;;;;;;;;;;;;;;;;;;;;;;;;;;;;;;;;;;;;;;;;;;;;;;;;;;;;;;;;;;;;;;;;;;;;;;;;;;;;;;;;;;;;;;;;;;;;;;;;;;;;;;;;;;;;;;;;;;;;;;;;;;;;;;;;;;;;;;;;;;;;;;;;;;;;;;;;;;;;;;;;;;;;;;;;;;;;;;;;;;;;;;;;;;;;;;;;;;;;;;;;;;;;;;;;;;;;;;;;;;;;;;;;;;;;;;;;;;;;;;;;;;;;;;;;;;;441345100 daimler 1500 1900;;;;
20260320_21:38:02;9860;4;2;950;945.2;925;975;OK;950;954.3;925;975;OK;951.1;951.2;-15;-12;-50;-5;OK;-15;-12;-50;-5;OK;-16.8;-18.3;0;-15;-11.9;-50;-5;OK;300;857;300;500;NOK;8.09;9.44;;;;;;;;;;;;;;;;;;;;;;;;;;;;;;;;;;;;;;;;;;;;;;;;;;;;;;;;;;;;;;;;;;;;;;;;;;;;;;;;;;;;;;;;;;;;;;;;;;;;;;;;;;;;;;;;;;;;;;;;;;;;;;;;;;;;;;;;;;;;;;;;;;;;;;;;;;;;;;;;;;;;;;;;;;;;;;;;;;;;;;;;;;;;;;;;;;;;;;;;;;;;;;;;;;;;;;;;;;;;;;;;;;;;;;;;;;;;;;;;;;;;;;;;;;;;;;;;;;;;;;;;;;;;;;;;;;;;;;;;;;;;;;;;;;;;;;;;;;;;;;;;;;;;;;;;;;;;;;;;;;;;;;;;441345100 daimler 1500 1900;;;;
20260320_21:38:36;9862;2;1;950;948.5;925;975;OK;950;951.1;925;975;OK;950.9;950.9;-15;-14;-50;-20;NOK;-15;-27.8;-50;-20;OK;-15.5;-17.1;0;-15;-14.1;-50;-20;NOK;300;876;300;500;NOK;0;0;;;;;;;;;;;;;;;;;;;;;;;;;;;;;;;;;;;;;;;;;;;;;;;;;;;;;;;;;;;;;;;;;;;;;;;;;;;;;;;;;;;;;;;;;;;;;;;;;;;;;;;;;;;;;;;;;;;;;;;;;;;;;;;;;;;;;;;;;;;;;;;;;;;;;;;;;;;;;;;;;;;;;;;;;;;;;;;;;;;;;;;;;;;;;;;;;;;;;;;;;;;;;;;;;;;;;;;;;;;;;;;;;;;;;;;;;;;;;;;;;;;;;;;;;;;;;;;;;;;;;;;;;;;;;;;;;;;;;;;;;;;;;;;;;;;;;;;;;;;;;;;;;;;;;;;;;;;;;;;;;;;;;;;;441345100 daimler 1500 1900;;;;
20260320_21:39:19;9869;3;3;950;940.3;925;975;OK;950;951.6;925;975;OK;951.5;951.4;-20;-19.7;-50;-25;NOK;-20;-13.4;-50;-25;NOK;-13.7;-13.4;0;-20;-19.7;-50;-25;NOK;300;333;300;500;OK;0;0;N/A;N/A;N/A;N/A;N/A;N/A;N/A;N/A;N/A;N/A;N/A;N/A;N/A;N/A;N/A;N/A;N/A;N/A;N/A;N/A;N/A;N/A;N/A;N/A;N/A;N/A;N/A;N/A;N/A;N/A;N/A;N/A;N/A;N/A;N/A;N/A;N/A;N/A;N/A;N/A;N/A;N/A;N/A;N/A;N/A;N/A;N/A;N/A;N/A;N/A;N/A;N/A;N/A;N/A;N/A;N/A;N/A;N/A;N/A;N/A;N/A;N/A;N/A;N/A;N/A;N/A;N/A;N/A;N/A;N/A;N/A;N/A;N/A;N/A;N/A;N/A;N/A;N/A;N/A;N/A;N/A;N/A;N/A;N/A;N/A;N/A;N/A;N/A;N/A;N/A;N/A;N/A;N/A;N/A;N/A;N/A;N/A;N/A;;0;322.7;0;0;;Disabled;TempStop;2;700;325.7;276.3;0;0;599.9;549.9;Enabled;PosOk;2;0;0;0;0;0;15;Disabled;0;0;0;0;0;0;0;0;0;0;0;0;0;0;0;0;0;0;0;0;0;0;0;0;0;0;0;0;0;0;0;0;0;0;0;0;0;0;0;0;0;0;0;0;0;0;0;0;0;0;0;0;0;0;0;0;0;0;0;0;0;0;0;0;0;0;0;0;36;35;30;30;20;45;30;30;20;45;30;30;20;45;30;30;20;45;200;141;100;300;200;140;100;300;200;140;100;300;200;140;100;300;30;30;20;45;30;30;20;45;30;30;20;45;30;30;20;45;200;144;100;300;200;143;100;300;200;242;100;300;200;244;100;300;4;2;0.4;6;4;5;0.4;6;4;2;0.4;6;4;5;0.4;6;4;2;0.4;6;4;5;0.4;6;4;3;0.4;6;4;5;0.4;6;NOK;NOK;OK;7000;7088;6500;8100;OK;4.97;0;8;12;NOK;N/A;1.5;N/A;N/A;N/A;9;11.5;7;18;OK;;0;0;0;-;Disabled;TempOk;2;230;41.2;41.2;0;0;349.9;441345100 daimler 1500 1900;441345100 daimler 1500 1900;441345100 Daimler 1500 1900
20260320_21:39:36;9872;4;3;950;950;925;975;OK;950;954.3;925;975;OK;957.9;957.1;-15;-15.7;-50;-5;OK;-15;-12.3;-50;-5;OK;-13.6;-13.3;0;-15;-15.8;-50;-5;OK;300;333;300;500;OK;9.13;9.52;N/A;N/A;N/A;N/A;N/A;N/A;N/A;N/A;N/A;N/A;N/A;N/A;N/A;N/A;N/A;N/A;N/A;N/A;N/A;N/A;N/A;N/A;N/A;N/A;N/A;N/A;N/A;N/A;N/A;N/A;N/A;N/A;N/A;N/A;N/A;N/A;N/A;N/A;N/A;N/A;N/A;N/A;N/A;N/A;N/A;N/A;N/A;N/A;N/A;N/A;N/A;N/A;N/A;N/A;N/A;N/A;N/A;N/A;N/A;N/A;N/A;N/A;N/A;N/A;N/A;N/A;N/A;N/A;N/A;N/A;N/A;N/A;N/A;N/A;N/A;N/A;N/A;N/A;N/A;N/A;N/A;N/A;N/A;N/A;N/A;N/A;N/A;N/A;N/A;N/A;N/A;N/A;N/A;N/A;N/A;N/A;N/A;N/A;;0;322.6;0;0;;Disabled;TempStop;2;700;325.8;279.7;0;0;599.9;549.9;Enabled;PosOk;2;0;0;0;0;0;15;Disabled;0;0;0;0;0;0;0;0;0;0;0;0;0;0;0;0;0;0;0;0;0;0;0;0;0;0;0;0;0;0;0;0;0;0;0;0;0;0;0;0;0;0;0;0;0;0;0;0;0;0;0;0;0;0;0;0;0;0;0;0;0;0;0;0;0;0;0;0;0;0;30;31;20;45;30;30;20;45;30;31;20;45;30;30;20;45;200;142;100;300;200;139;100;300;200;140;100;300;200;140;100;300;30;31;20;45;30;30;20;45;30;31;20;45;30;30;20;45;200;144;100;300;200;143;100;300;200;243;100;300;200;244;100;300;4;2;0.4;6;4;5;0.4;6;4;2;0.4;6;4;5;0.4;6;4;2;0.4;6;4;5;0.4;6;4;2;0.4;6;4;5;0.4;6;NOK;NOK;OK;7000;7099;6500;8100;OK;4.97;0;8;12;NOK;N/A;1.5;N/A;N/A;N/A;9;12.4;7;18;OK;;0;0;0;-;Disabled;TempOk;2;230;41.4;41.2;0;0;349.9;441345100 daimler 1500 1900;441345100 daimler 1500 1900;441345100 Daimler 1500 1900
20260320_21:39:53;9873;1;4;950;939.8;925;975;OK;950;950.8;925;975;OK;950.6;950.9;-20;-20.6;-50;-25;NOK;-20;-12.4;-50;-25;NOK;-12.4;-11.1;0;-20;-20.7;-50;-25;NOK;300;333;300;500;OK;0;0;N/A;N/A;N/A;N/A;N/A;N/A;N/A;N/A;N/A;N/A;N/A;N/A;N/A;N/A;N/A;N/A;N/A;N/A;N/A;N/A;N/A;N/A;N/A;N/A;N/A;N/A;N/A;N/A;N/A;N/A;N/A;N/A;N/A;N/A;N/A;N/A;N/A;N/A;N/A;N/A;N/A;N/A;N/A;N/A;N/A;N/A;N/A;N/A;N/A;N/A;N/A;N/A;N/A;N/A;N/A;N/A;N/A;N/A;N/A;N/A;N/A;N/A;N/A;N/A;N/A;N/A;N/A;N/A;N/A;N/A;N/A;N/A;N/A;N/A;N/A;N/A;N/A;N/A;N/A;N/A;N/A;N/A;N/A;N/A;N/A;N/A;N/A;N/A;N/A;N/A;N/A;N/A;N/A;N/A;N/A;N/A;N/A;N/A;;0;324.4;0;0;;Disabled;TempStop;2;700;328.4;277.4;0;0;599.9;549.9;Enabled;PosOk;2;0;0;0;0;0;15;Disabled;0;0;0;0;0;0;0;0;0;0;0;0;0;0;0;0;0;0;0;0;0;0;0;0;0;0;0;0;0;0;0;0;0;0;0;0;0;0;0;0;0;0;0;0;0;0;0;0;0;0;0;0;0;0;0;0;0;0;0;0;0;0;0;0;0;0;0;0;0;0;30;32;20;45;30;30;20;45;30;32;20;45;30;30;20;45;200;142;100;300;200;140;100;300;200;140;100;300;200;140;100;300;30;32;20;45;30;30;20;45;30;31;20;45;30;30;20;45;200;144;100;300;200;142;100;300;200;242;100;300;200;244;100;300;4;2;0.4;6;4;5;0.4;6;4;2;0.4;6;4;5;0.4;6;4;2;0.4;6;4;5;0.4;6;4;2;0.4;6;4;5;0.4;6;NOK;NOK;OK;7000;7103;6500;8100;OK;4.98;0;8;12;NOK;N/A;1.5;N/A;N/A;N/A;9;11.6;7;18;OK;;0;0;0;-;Disabled;TempOk;2;230;41.7;41.7;0;0;349.9;441345100 daimler 1500 1900;441345100 daimler 1500 1900;441345100 Daimler 1500 1900
20260320_21:40:11;9874;2;4;950;940.9;925;975;OK;950;951.1;925;975;OK;951;951.1;-15;-31.1;-50;-20;OK;-15;-22;-50;-20;OK;-17.1;-19;0;-15;-31.1;-50;-20;OK;300;333;300;500;OK;0;0;N/A;N/A;N/A;N/A;N/A;N/A;N/A;N/A;N/A;N/A;N/A;N/A;N/A;N/A;N/A;N/A;N/A;N/A;N/A;N/A;N/A;N/A;N/A;N/A;N/A;N/A;N/A;N/A;N/A;N/A;N/A;N/A;N/A;N/A;N/A;N/A;N/A;N/A;N/A;N/A;N/A;N/A;N/A;N/A;N/A;N/A;N/A;N/A;N/A;N/A;N/A;N/A;N/A;N/A;N/A;N/A;N/A;N/A;N/A;N/A;N/A;N/A;N/A;N/A;N/A;N/A;N/A;N/A;N/A;N/A;N/A;N/A;N/A;N/A;N/A;N/A;N/A;N/A;N/A;N/A;N/A;N/A;N/A;N/A;N/A;N/A;N/A;N/A;N/A;N/A;N/A;N/A;N/A;N/A;N/A;N/A;N/A;N/A;;0;324.9;0;0;;Disabled;TempStop;2;700;328.8;277.2;0;0;599.9;549.9;Enabled;PosOk;2;0;0;0;0;0;15;Disabled;0;0;0;0;0;0;0;0;0;0;0;0;0;0;0;0;0;0;0;0;0;0;0;0;0;0;0;0;0;0;0;0;0;0;0;0;0;0;0;0;0;0;0;0;0;0;0;0;0;0;0;0;0;0;0;0;0;0;0;0;0;0;0;0;0;0;0;0;0;0;30;33;20;45;30;29;20;45;30;33;20;45;30;29;20;45;200;142;100;300;200;139;100;300;200;141;100;300;200;140;100;300;30;32;20;45;30;29;20;45;30;31;20;45;30;29;20;45;200;144;100;300;200;143;100;300;200;242;100;300;200;243;100;300;4;2;0.4;6;4;5;0.4;6;4;2;0.4;6;4;5;0.4;6;4;2;0.4;6;4;5;0.4;6;4;2;0.4;6;4;5;0.4;6;NOK;NOK;OK;7000;7101;6500;8100;OK;4.98;0;8;12;NOK;N/A;1.5;N/A;N/A;N/A;9;12.2;7;18;OK;;0;0;0;-;Disabled;TempOk;2;230;41.9;42.7;0;0;349.9;441345100 daimler 1500 1900;441345100 daimler 1500 1900;441345100 Daimler 1500 1900
20260320_21:40:28;9875;3;1;950;948.1;925;975;OK;950;951.4;925;975;OK;951.3;951.4;-20;-18.5;-50;-25;NOK;-20;-17;-50;-25;NOK;-13.1;-14.4;0;-20;-18.5;-50;-25;NOK;300;351;300;500;OK;0;0;N/A;N/A;N/A;N/A;N/A;N/A;N/A;N/A;N/A;N/A;N/A;N/A;N/A;N/A;N/A;N/A;N/A;N/A;N/A;N/A;N/A;N/A;N/A;N/A;N/A;N/A;N/A;N/A;N/A;N/A;N/A;N/A;N/A;N/A;N/A;N/A;N/A;N/A;N/A;N/A;N/A;N/A;N/A;N/A;N/A;N/A;N/A;N/A;N/A;N/A;N/A;N/A;N/A;N/A;N/A;N/A;N/A;N/A;N/A;N/A;N/A;N/A;N/A;N/A;N/A;N/A;N/A;N/A;N/A;N/A;N/A;N/A;N/A;N/A;N/A;N/A;N/A;N/A;N/A;N/A;N/A;N/A;N/A;N/A;N/A;N/A;N/A;N/A;N/A;N/A;N/A;N/A;N/A;N/A;N/A;N/A;N/A;N/A;;0;324.2;0;0;;Disabled;TempStop;2;700;328.2;276.2;0;0;599.9;549.9;Enabled;PosOk;2;0;0;0;0;0;15;Disabled;0;0;0;0;0;0;0;0;0;0;0;0;0;0;0;0;0;0;0;0;0;0;0;0;0;0;0;0;0;0;0;0;0;0;0;0;0;0;0;0;0;0;0;0;0;0;0;0;0;0;0;0;0;0;0;0;0;0;0;0;0;0;0;0;0;0;0;0;0;0;30;33;20;45;30;29;20;45;30;33;20;45;30;29;20;45;200;142;100;300;200;140;100;300;200;140;100;300;200;140;100;300;30;32;20;45;30;29;20;45;30;31;20;45;30;29;20;45;200;144;100;300;200;143;100;300;200;242;100;300;200;243;100;300;4;2;0.4;6;4;5;0.4;6;4;2;0.4;6;4;5;0.4;6;4;2;0.4;6;4;5;0.4;6;4;2;0.4;6;4;5;0.4;6;NOK;NOK;OK;7000;7106;6500;8100;OK;4.97;0;8;12;NOK;N/A;1.5;N/A;N/A;N/A;9;11.9;7;18;OK;;0;0;0;-;Disabled;TempOk;2;230;42.7;44.7;0;0;349.9;441345100 daimler 1500 1900;441345100 daimler 1500 1900;441345100 Daimler 1500 1900
20260320_21:40:45;9877;4;1;950;946.2;925;975;OK;950;950.4;925;975;OK;950.8;950.5;-15;-19.1;-50;-5;OK;-15;-14.3;-50;-5;OK;-11.6;-12;0;-15;-19.2;-50;-5;OK;300;346;300;500;OK;9.23;9.63;N/A;N/A;N/A;N/A;N/A;N/A;N/A;N/A;N/A;N/A;N/A;N/A;N/A;N/A;N/A;N/A;N/A;N/A;N/A;N/A;N/A;N/A;N/A;N/A;N/A;N/A;N/A;N/A;N/A;N/A;N/A;N/A;N/A;N/A;N/A;N/A;N/A;N/A;N/A;N/A;N/A;N/A;N/A;N/A;N/A;N/A;N/A;N/A;N/A;N/A;N/A;N/A;N/A;N/A;N/A;N/A;N/A;N/A;N/A;N/A;N/A;N/A;N/A;N/A;N/A;N/A;N/A;N/A;N/A;N/A;N/A;N/A;N/A;N/A;N/A;N/A;N/A;N/A;N/A;N/A;N/A;N/A;N/A;N/A;N/A;N/A;N/A;N/A;N/A;N/A;N/A;N/A;N/A;N/A;N/A;N/A;N/A;N/A;;0;323.5;0;0;;Disabled;TempStop;2;700;327.4;277;0;0;599.9;549.9;Enabled;PosOk;2;0;0;0;0;0;15;Disabled;0;0;0;0;0;0;0;0;0;0;0;0;0;0;0;0;0;0;0;0;0;0;0;0;0;0;0;0;0;0;0;0;0;0;0;0;0;0;0;0;0;0;0;0;0;0;0;0;0;0;0;0;0;0;0;0;0;0;0;0;0;0;0;0;0;0;0;0;0;0;30;33;20;45;30;29;20;45;30;33;20;45;30;29;20;45;200;142;100;300;200;140;100;300;200;140;100;300;200;140;100;300;30;32;20;45;30;28;20;45;30;31;20;45;30;29;20;45;200;144;100;300;200;142;100;300;200;242;100;300;200;243;100;300;4;2;0.4;6;4;5;0.4;6;4;2;0.4;6;4;5;0.4;6;4;2;0.4;6;4;5;0.4;6;4;2;0.4;6;4;5;0.4;6;NOK;NOK;OK;7000;7108;6500;8100;OK;4.98;0;8;12;NOK;N/A;1.5;N/A;N/A;N/A;9;11.7;7;18;OK;;0;0;0;-;Disabled;TempOk;2;230;42.4;43.1;0;0;349.9;441345100 daimler 1500 1900;441345100 daimler 1500 1900;441345100 Daimler 1500 1900
20260320_21:40:54;9878;2;3;950;929.2;925;975;OK;950;925.9;925;975;OK;924;924.7;-15;-17.2;-50;-20;NOK;-15;-19.1;-50;-20;NOK;-16.4;-17.2;0;-15;-17.2;-50;-20;NOK;300;346;300;500;OK;0;0;;;;;;;;;;;;;;;;;;;;;;;;;;;;;;;;;;;;;;;;;;;;;;;;;;;;;;;;;;;;;;;;;;;;;;;;;;;;;;;;;;;;;;;;;;;;;;;;;;;;;;;;;;;;;;;;;;;;;;;;;;;;;;;;;;;;;;;;;;;;;;;;;;;;;;;;;;;;;;;;;;;;;;;;;;;;;;;;;;;;;;;;;;;;;;;;;;;;;;;;;;;;;;;;;;;;;;;;;;;;;;;;;;;;;;;;;;;;;;;;;;;;;;;;;;;;;;;;;;;;;;;;;;;;;;;;;;;;;;;;;;;;;;;;;;;;;;;;;;;;;;;;;;;;;;;;;;;;;;;;;;;;;;;;441345100 daimler 1500 1900;;;;
20260320_21:41:02;9876;3;4;950;948.4;925;975;OK;950;951.5;925;975;OK;951.5;951.2;-20;-16.9;-50;-25;NOK;-20;-13.1;-50;-25;NOK;-16;-16.9;0;-20;-16.5;-50;-25;NOK;300;353;300;500;OK;0;0;N/A;N/A;N/A;N/A;N/A;N/A;N/A;N/A;N/A;N/A;N/A;N/A;N/A;N/A;N/A;N/A;N/A;N/A;N/A;N/A;N/A;N/A;N/A;N/A;N/A;N/A;N/A;N/A;N/A;N/A;N/A;N/A;N/A;N/A;N/A;N/A;N/A;N/A;N/A;N/A;N/A;N/A;N/A;N/A;N/A;N/A;N/A;N/A;N/A;N/A;N/A;N/A;N/A;N/A;N/A;N/A;N/A;N/A;N/A;N/A;N/A;N/A;N/A;N/A;N/A;N/A;N/A;N/A;N/A;N/A;N/A;N/A;N/A;N/A;N/A;N/A;N/A;N/A;N/A;N/A;N/A;N/A;N/A;N/A;N/A;N/A;N/A;N/A;N/A;N/A;N/A;N/A;N/A;N/A;N/A;N/A;N/A;N/A;;0;322;0;0;;Disabled;TempStop;2;700;326;275.3;0;0;599.9;549.9;Enabled;PosOk;2;0;0;0;0;0;15;Disabled;0;0;0;0;0;0;0;0;0;0;0;0;0;0;0;0;0;0;0;0;0;0;0;0;0;0;0;0;0;0;0;0;0;0;0;0;0;0;0;0;0;0;0;0;0;0;0;0;0;0;0;0;0;0;0;0;0;0;0;0;0;0;0;0;0;0;0;0;0;0;30;32;20;45;30;29;20;45;30;32;20;45;30;29;20;45;200;142;100;300;200;140;100;300;200;140;100;300;200;140;100;300;30;31;20;45;30;29;20;45;30;31;20;45;30;29;20;45;200;144;100;300;200;144;100;300;200;243;100;300;200;244;100;300;4;2;0.4;6;4;5;0.4;6;4;2;0.4;6;4;5;0.4;6;4;2;0.4;6;4;5;0.4;6;4;2;0.4;6;4;5;0.4;6;NOK;NOK;OK;7000;7091;6500;8100;OK;4.98;0;8;12;NOK;N/A;1.5;N/A;N/A;N/A;9;12.3;7;18;OK;;0;0;0;-;Disabled;TempOk;2;230;42.4;42.7;0;0;349.9;441345100 daimler 1500 1900;441345100 daimler 1500 1900;441345100 Daimler 1500 1900
20260320_21:41:37;9879;1;2;950;940.8;925;975;OK;950;951.6;925;975;OK;951.6;951.5;-20;-19.2;-50;-25;NOK;-20;-14.6;-50;-25;NOK;-10.9;-11.6;0;-20;-19.2;-50;-25;NOK;300;367;300;500;OK;0;0;N/A;N/A;N/A;N/A;N/A;N/A;N/A;N/A;N/A;N/A;N/A;N/A;N/A;N/A;N/A;N/A;N/A;N/A;N/A;N/A;N/A;N/A;N/A;N/A;N/A;N/A;N/A;N/A;N/A;N/A;N/A;N/A;N/A;N/A;N/A;N/A;N/A;N/A;N/A;N/A;N/A;N/A;N/A;N/A;N/A;N/A;N/A;N/A;N/A;N/A;N/A;N/A;N/A;N/A;N/A;N/A;N/A;N/A;N/A;N/A;N/A;N/A;N/A;N/A;N/A;N/A;N/A;N/A;N/A;N/A;N/A;N/A;N/A;N/A;N/A;N/A;N/A;N/A;N/A;N/A;N/A;N/A;N/A;N/A;N/A;N/A;N/A;N/A;N/A;N/A;N/A;N/A;N/A;N/A;N/A;N/A;N/A;N/A;;0;325.1;0;0;;Disabled;TempStop;2;700;328.6;279.4;0;0;599.9;549.9;Enabled;PosOk;2;0;0;0;0;0;15;Disabled;0;0;0;0;0;0;0;0;0;0;0;0;0;0;0;0;0;0;0;0;0;0;0;0;0;0;0;0;0;0;0;0;0;0;0;0;0;0;0;0;0;0;0;0;0;0;0;0;0;0;0;0;0;0;0;0;0;0;0;0;0;0;0;0;0;0;0;0;0;0;30;31;20;45;30;30;20;45;30;32;20;45;30;29;20;45;200;142;100;300;200;140;100;300;200;140;100;300;200;140;100;300;30;31;20;45;30;30;20;45;30;30;20;45;30;30;20;45;200;144;100;300;200;143;100;300;200;242;100;300;200;244;100;300;4;2;0.4;6;4;5;0.4;6;4;2;0.4;6;4;5;0.4;6;4;2;0.4;6;4;5;0.4;6;4;2;0.4;6;4;5;0.4;6;NOK;NOK;OK;7000;7090;6500;8100;OK;4.98;0;8;12;NOK;N/A;1.5;N/A;N/A;N/A;9;11.5;7;18;OK;;0;0;0;-;Disabled;TempOk;2;230;42.2;43.1;0;0;349.9;441345100 daimler 1500 1900;441345100 daimler 1500 1900;441345100 Daimler 1500 1900
20260320_21:41:54;9881;4;4;950;945.2;925;975;OK;950;959.1;925;975;OK;958.6;958.8;-15;-20.5;-50;-5;OK;-15;-13.3;-50;-5;OK;-11.3;-9.8;0;-15;-20.6;-50;-5;OK;300;348;300;500;OK;9.33;9.78;N/A;N/A;N/A;N/A;N/A;N/A;N/A;N/A;N/A;N/A;N/A;N/A;N/A;N/A;N/A;N/A;N/A;N/A;N/A;N/A;N/A;N/A;N/A;N/A;N/A;N/A;N/A;N/A;N/A;N/A;N/A;N/A;N/A;N/A;N/A;N/A;N/A;N/A;N/A;N/A;N/A;N/A;N/A;N/A;N/A;N/A;N/A;N/A;N/A;N/A;N/A;N/A;N/A;N/A;N/A;N/A;N/A;N/A;N/A;N/A;N/A;N/A;N/A;N/A;N/A;N/A;N/A;N/A;N/A;N/A;N/A;N/A;N/A;N/A;N/A;N/A;N/A;N/A;N/A;N/A;N/A;N/A;N/A;N/A;N/A;N/A;N/A;N/A;N/A;N/A;N/A;N/A;N/A;N/A;N/A;N/A;N/A;N/A;;0;323.3;0;0;;Disabled;TempStop;2;700;327.2;278.8;0;0;599.9;549.9;Enabled;PosOk;2;0;0;0;0;0;15;Disabled;0;0;0;0;0;0;0;0;0;0;0;0;0;0;0;0;0;0;0;0;0;0;0;0;0;0;0;0;0;0;0;0;0;0;0;0;0;0;0;0;0;0;0;0;0;0;0;0;0;0;0;0;0;0;0;0;0;0;0;0;0;0;0;0;0;0;0;0;0;0;30;32;20;45;30;30;20;45;30;32;20;45;30;30;20;45;200;142;100;300;200;140;100;300;200;141;100;300;200;140;100;300;30;32;20;45;30;30;20;45;30;31;20;45;30;30;20;45;200;144;100;300;200;143;100;300;200;242;100;300;200;243;100;300;4;2;0.4;6;4;5;0.4;6;4;2;0.4;6;4;5;0.4;6;4;2;0.4;6;4;5;0.4;6;4;2;0.4;6;4;5;0.4;6;NOK;NOK;OK;7000;7094;6500;8100;OK;4.97;0;8;12;NOK;N/A;1.5;N/A;N/A;N/A;9;12.4;7;18;OK;;0;0;0;-;Disabled;TempOk;2;230;42.7;43.1;0;0;349.9;441345100 daimler 1500 1900;441345100 daimler 1500 1900;441345100 Daimler 1500 1900
20260320_21:42:11;9880;3;5;950;949.4;925;975;OK;950;951.2;925;975;OK;951;951.3;-20;-22.1;-50;-25;NOK;-20;-17;-50;-25;NOK;-18.1;-18.9;0;-20;-21.9;-50;-25;NOK;300;386;300;500;OK;0;0;N/A;N/A;N/A;N/A;N/A;N/A;N/A;N/A;N/A;N/A;N/A;N/A;N/A;N/A;N/A;N/A;N/A;N/A;N/A;N/A;N/A;N/A;N/A;N/A;N/A;N/A;N/A;N/A;N/A;N/A;N/A;N/A;N/A;N/A;N/A;N/A;N/A;N/A;N/A;N/A;N/A;N/A;N/A;N/A;N/A;N/A;N/A;N/A;N/A;N/A;N/A;N/A;N/A;N/A;N/A;N/A;N/A;N/A;N/A;N/A;N/A;N/A;N/A;N/A;N/A;N/A;N/A;N/A;N/A;N/A;N/A;N/A;N/A;N/A;N/A;N/A;N/A;N/A;N/A;N/A;N/A;N/A;N/A;N/A;N/A;N/A;N/A;N/A;N/A;N/A;N/A;N/A;N/A;N/A;N/A;N/A;N/A;N/A;;0;322.7;0;0;;Disabled;TempStop;2;700;326.6;275.4;0;0;599.9;549.9;Enabled;PosOk;2;0;0;0;0;0;15;Disabled;0;0;0;0;0;0;0;0;0;0;0;0;0;0;0;0;0;0;0;0;0;0;0;0;0;0;0;0;0;0;0;0;0;0;0;0;0;0;0;0;0;0;0;0;0;0;0;0;0;0;0;0;0;0;0;0;0;0;0;0;0;0;0;0;0;0;0;0;0;0;30;32;20;45;30;30;20;45;30;33;20;45;30;30;20;45;200;142;100;300;200;139;100;300;200;140;100;300;200;140;100;300;30;32;20;45;30;30;20;45;30;31;20;45;30;30;20;45;200;144;100;300;200;143;100;300;200;242;100;300;200;243;100;300;4;2;0.4;6;4;5;0.4;6;4;2;0.4;6;4;5;0.4;6;4;2;0.4;6;4;5;0.4;6;4;2;0.4;6;4;5;0.4;6;NOK;NOK;OK;7000;7108;6500;8100;OK;4.98;0;8;12;NOK;N/A;1.5;N/A;N/A;N/A;9;11.7;7;18;OK;;0;0;0;-;Disabled;TempOk;2;230;42.4;43.1;0;0;349.9;441345100 daimler 1500 1900;441345100 daimler 1500 1900;441345100 Daimler 1500 1900
20260320_21:42:29;9883;2;5;950;946.5;925;975;OK;950;950.9;925;975;OK;950.9;950.9;-15;-21.7;-50;-20;OK;-15;-19.9;-50;-20;NOK;-19.4;-20.2;0;-15;-21.5;-50;-20;OK;300;348;300;500;OK;0;0;N/A;N/A;N/A;N/A;N/A;N/A;N/A;N/A;N/A;N/A;N/A;N/A;N/A;N/A;N/A;N/A;N/A;N/A;N/A;N/A;N/A;N/A;N/A;N/A;N/A;N/A;N/A;N/A;N/A;N/A;N/A;N/A;N/A;N/A;N/A;N/A;N/A;N/A;N/A;N/A;N/A;N/A;N/A;N/A;N/A;N/A;N/A;N/A;N/A;N/A;N/A;N/A;N/A;N/A;N/A;N/A;N/A;N/A;N/A;N/A;N/A;N/A;N/A;N/A;N/A;N/A;N/A;N/A;N/A;N/A;N/A;N/A;N/A;N/A;N/A;N/A;N/A;N/A;N/A;N/A;N/A;N/A;N/A;N/A;N/A;N/A;N/A;N/A;N/A;N/A;N/A;N/A;N/A;N/A;N/A;N/A;N/A;N/A;;0;325.2;0;0;;Disabled;TempStop;2;700;329.2;278.7;0;0;599.9;549.9;Enabled;PosOk;2;0;0;0;0;0;15;Disabled;0;0;0;0;0;0;0;0;0;0;0;0;0;0;0;0;0;0;0;0;0;0;0;0;0;0;0;0;0;0;0;0;0;0;0;0;0;0;0;0;0;0;0;0;0;0;0;0;0;0;0;0;0;0;0;0;0;0;0;0;0;0;0;0;0;0;0;0;0;0;30;33;20;45;30;30;20;45;30;33;20;45;30;30;20;45;200;142;100;300;200;140;100;300;200;141;100;300;200;140;100;300;30;32;20;45;30;30;20;45;30;31;20;45;30;30;20;45;200;144;100;300;200;143;100;300;200;243;100;300;200;244;100;300;4;2;0.4;6;4;5;0.4;6;4;2;0.4;6;4;5;0.4;6;4;2;0.4;6;4;5;0.4;6;4;2;0.4;6;4;5;0.4;6;NOK;NOK;OK;7000;7101;6500;8100;OK;4.98;0;8;12;NOK;N/A;1.5;N/A;N/A;N/A;9;12.2;7;18;OK;;0;0;0;-;Disabled;TempOk;2;230;42.7;43.3;0;0;349.9;441345100 daimler 1500 1900;441345100 daimler 1500 1900;441345100 Daimler 1500 1900
20260320_21:42:46;9882;3;2;950;940.8;925;975;OK;950;951.6;925;975;OK;951.7;951.9;-20;-16.2;-50;-25;NOK;-20;-15.7;-50;-25;NOK;-15.1;-16;0;-20;-16.2;-50;-25;NOK;300;367;300;500;OK;0;0;N/A;N/A;N/A;N/A;N/A;N/A;N/A;N/A;N/A;N/A;N/A;N/A;N/A;N/A;N/A;N/A;N/A;N/A;N/A;N/A;N/A;N/A;N/A;N/A;N/A;N/A;N/A;N/A;N/A;N/A;N/A;N/A;N/A;N/A;N/A;N/A;N/A;N/A;N/A;N/A;N/A;N/A;N/A;N/A;N/A;N/A;N/A;N/A;N/A;N/A;N/A;N/A;N/A;N/A;N/A;N/A;N/A;N/A;N/A;N/A;N/A;N/A;N/A;N/A;N/A;N/A;N/A;N/A;N/A;N/A;N/A;N/A;N/A;N/A;N/A;N/A;N/A;N/A;N/A;N/A;N/A;N/A;N/A;N/A;N/A;N/A;N/A;N/A;N/A;N/A;N/A;N/A;N/A;N/A;N/A;N/A;N/A;N/A;;0;323.6;0;0;;Disabled;TempStop;2;700;327.9;277.1;0;0;599.9;549.9;Enabled;PosOk;2;0;0;0;0;0;15;Disabled;0;0;0;0;0;0;0;0;0;0;0;0;0;0;0;0;0;0;0;0;0;0;0;0;0;0;0;0;0;0;0;0;0;0;0;0;0;0;0;0;0;0;0;0;0;0;0;0;0;0;0;0;0;0;0;0;0;0;0;0;0;0;0;0;0;0;0;0;0;0;30;33;20;45;30;30;20;45;30;33;20;45;30;30;20;45;200;141;100;300;200;140;100;300;200;140;100;300;200;140;100;300;30;33;20;45;30;30;20;45;30;32;20;45;30;30;20;45;200;144;100;300;200;143;100;300;200;243;100;300;200;244;100;300;4;2;0.4;6;4;5;0.4;6;4;2;0.4;6;4;5;0.4;6;4;2;0.4;6;4;5;0.4;6;4;2;0.4;6;4;5;0.4;6;NOK;NOK;OK;7000;7109;6500;8100;OK;4.98;0;8;12;NOK;N/A;1.5;N/A;N/A;N/A;9;12;7;18;OK;;0;0;0;-;Disabled;TempOk;2;230;42.2;42.4;0;0;349.9;441345100 daimler 1500 1900;441345100 daimler 1500 1900;441345100 Daimler 1500 1900
20260320_21:43:03;9885;4;5;950;948.4;925;975;OK;950;952.3;925;975;OK;950.5;950.8;-15;-16.5;-50;-5;OK;-15;-14.5;-50;-5;OK;-11.9;-12.4;0;-15;-16.2;-50;-5;OK;300;350;300;500;OK;9.36;9.95;N/A;N/A;N/A;N/A;N/A;N/A;N/A;N/A;N/A;N/A;N/A;N/A;N/A;N/A;N/A;N/A;N/A;N/A;N/A;N/A;N/A;N/A;N/A;N/A;N/A;N/A;N/A;N/A;N/A;N/A;N/A;N/A;N/A;N/A;N/A;N/A;N/A;N/A;N/A;N/A;N/A;N/A;N/A;N/A;N/A;N/A;N/A;N/A;N/A;N/A;N/A;N/A;N/A;N/A;N/A;N/A;N/A;N/A;N/A;N/A;N/A;N/A;N/A;N/A;N/A;N/A;N/A;N/A;N/A;N/A;N/A;N/A;N/A;N/A;N/A;N/A;N/A;N/A;N/A;N/A;N/A;N/A;N/A;N/A;N/A;N/A;N/A;N/A;N/A;N/A;N/A;N/A;N/A;N/A;N/A;N/A;N/A;N/A;;0;323.9;0;0;;Disabled;TempStop;2;700;328;276.5;0;0;599.9;549.9;Enabled;PosOk;2;0;0;0;0;0;15;Disabled;0;0;0;0;0;0;0;0;0;0;0;0;0;0;0;0;0;0;0;0;0;0;0;0;0;0;0;0;0;0;0;0;0;0;0;0;0;0;0;0;0;0;0;0;0;0;0;0;0;0;0;0;0;0;0;0;0;0;0;0;0;0;0;0;0;0;0;0;0;0;30;33;20;45;30;30;20;45;30;33;20;45;30;30;20;45;200;141;100;300;200;140;100;300;200;141;100;300;200;140;100;300;30;33;20;45;30;30;20;45;30;32;20;45;30;30;20;45;200;144;100;300;200;143;100;300;200;243;100;300;200;244;100;300;4;2;0.4;6;4;5;0.4;6;4;2;0.4;6;4;5;0.4;6;4;2;0.4;6;4;5;0.4;6;4;2;0.4;6;4;5;0.4;6;NOK;NOK;OK;7000;7098;6500;8100;OK;4.98;0;8;12;NOK;N/A;1.5;N/A;N/A;N/A;9;11.6;7;18;OK;;0;0;0;-;Disabled;TempOk;2;230;42.9;42.9;0;0;349.9;441345100 daimler 1500 1900;441345100 daimler 1500 1900;441345100 Daimler 1500 1900
20260320_21:43:20;9884;1;3;950;940.1;925;975;OK;950;951.6;925;975;OK;951.7;951.6;-20;-15.1;-50;-25;NOK;-20;-15.4;-50;-25;NOK;-16;-17;0;-20;-15.1;-50;-25;NOK;300;367;300;500;OK;0;0;N/A;N/A;N/A;N/A;N/A;N/A;N/A;N/A;N/A;N/A;N/A;N/A;N/A;N/A;N/A;N/A;N/A;N/A;N/A;N/A;N/A;N/A;N/A;N/A;N/A;N/A;N/A;N/A;N/A;N/A;N/A;N/A;N/A;N/A;N/A;N/A;N/A;N/A;N/A;N/A;N/A;N/A;N/A;N/A;N/A;N/A;N/A;N/A;N/A;N/A;N/A;N/A;N/A;N/A;N/A;N/A;N/A;N/A;N/A;N/A;N/A;N/A;N/A;N/A;N/A;N/A;N/A;N/A;N/A;N/A;N/A;N/A;N/A;N/A;N/A;N/A;N/A;N/A;N/A;N/A;N/A;N/A;N/A;N/A;N/A;N/A;N/A;N/A;N/A;N/A;N/A;N/A;N/A;N/A;N/A;N/A;N/A;N/A;;0;325.1;0;0;;Disabled;TempStop;2;700;329.1;278;0;0;599.9;549.9;Enabled;PosOk;2;0;0;0;0;0;15;Disabled;0;0;0;0;0;0;0;0;0;0;0;0;0;0;0;0;0;0;0;0;0;0;0;0;0;0;0;0;0;0;0;0;0;0;0;0;0;0;0;0;0;0;0;0;0;0;0;0;0;0;0;0;0;0;0;0;0;0;0;0;0;0;0;0;0;0;0;0;0;0;30;33;20;45;30;30;20;45;30;33;20;45;30;30;20;45;200;142;100;300;200;140;100;300;200;141;100;300;200;141;100;300;30;33;20;45;30;30;20;45;30;32;20;45;30;30;20;45;200;144;100;300;200;143;100;300;200;243;100;300;200;244;100;300;4;2;0.4;6;4;5;0.4;6;4;2;0.4;6;4;5;0.4;6;4;2;0.4;6;4;5;0.4;6;4;2;0.4;6;4;5;0.4;6;NOK;NOK;OK;7000;7086;6500;8100;OK;4.98;0;8;12;NOK;N/A;1.5;N/A;N/A;N/A;9;12.4;7;18;OK;;0;0;0;-;Disabled;TempOk;2;230;42.2;43.5;0;0;349.9;441345100 daimler 1500 1900;441345100 daimler 1500 1900;441345100 Daimler 1500 1900
20260320_21:43:38;9886;2;2;950;939.4;925;975;OK;950;951;925;975;OK;950.8;950.9;-15;-31.2;-50;-20;OK;-15;-22.4;-50;-20;OK;-18.5;-20;0;-15;-31.2;-50;-20;OK;300;333;300;500;OK;0;0;N/A;N/A;N/A;N/A;N/A;N/A;N/A;N/A;N/A;N/A;N/A;N/A;N/A;N/A;N/A;N/A;N/A;N/A;N/A;N/A;N/A;N/A;N/A;N/A;N/A;N/A;N/A;N/A;N/A;N/A;N/A;N/A;N/A;N/A;N/A;N/A;N/A;N/A;N/A;N/A;N/A;N/A;N/A;N/A;N/A;N/A;N/A;N/A;N/A;N/A;N/A;N/A;N/A;N/A;N/A;N/A;N/A;N/A;N/A;N/A;N/A;N/A;N/A;N/A;N/A;N/A;N/A;N/A;N/A;N/A;N/A;N/A;N/A;N/A;N/A;N/A;N/A;N/A;N/A;N/A;N/A;N/A;N/A;N/A;N/A;N/A;N/A;N/A;N/A;N/A;N/A;N/A;N/A;N/A;N/A;N/A;N/A;N/A;;0;324.7;0;0;;Disabled;TempStop;2;700;328.6;277.9;0;0;599.9;549.9;Enabled;PosOk;2;0;0;0;0;0;15;Disabled;0;0;0;0;0;0;0;0;0;0;0;0;0;0;0;0;0;0;0;0;0;0;0;0;0;0;0;0;0;0;0;0;0;0;0;0;0;0;0;0;0;0;0;0;0;0;0;0;0;0;0;0;0;0;0;0;0;0;0;0;0;0;0;0;0;0;0;0;0;0;30;33;20;45;30;30;20;45;30;34;20;45;30;30;20;45;200;142;100;300;200;140;100;300;200;141;100;300;200;140;100;300;30;33;20;45;30;30;20;45;30;32;20;45;30;30;20;45;200;144;100;300;200;143;100;300;200;243;100;300;200;244;100;300;4;2;0.4;6;4;5;0.4;6;4;2;0.4;6;4;5;0.4;6;4;2;0.4;6;4;5;0.4;6;4;3;0.4;6;4;5;0.4;6;NOK;NOK;OK;7000;7095;6500;8100;OK;4.98;0;8;12;NOK;N/A;1.5;N/A;N/A;N/A;9;11.8;7;18;OK;;0;0;0;-;Disabled;TempOk;2;230;42.4;42.7;0;0;349.9;441345100 daimler 1500 1900;441345100 daimler 1500 1900;441345100 Daimler 1500 1900
20260320_21:43:55;9887;1;1;950;939.6;925;975;OK;950;951;925;975;OK;951;951.2;-20;-17.5;-50;-25;NOK;-20;-16.4;-50;-25;NOK;-14.2;-14.9;0;-20;-17.5;-50;-25;NOK;300;367;300;500;OK;0;0;N/A;N/A;N/A;N/A;N/A;N/A;N/A;N/A;N/A;N/A;N/A;N/A;N/A;N/A;N/A;N/A;N/A;N/A;N/A;N/A;N/A;N/A;N/A;N/A;N/A;N/A;N/A;N/A;N/A;N/A;N/A;N/A;N/A;N/A;N/A;N/A;N/A;N/A;N/A;N/A;N/A;N/A;N/A;N/A;N/A;N/A;N/A;N/A;N/A;N/A;N/A;N/A;N/A;N/A;N/A;N/A;N/A;N/A;N/A;N/A;N/A;N/A;N/A;N/A;N/A;N/A;N/A;N/A;N/A;N/A;N/A;N/A;N/A;N/A;N/A;N/A;N/A;N/A;N/A;N/A;N/A;N/A;N/A;N/A;N/A;N/A;N/A;N/A;N/A;N/A;N/A;N/A;N/A;N/A;N/A;N/A;N/A;N/A;;0;325.2;0;0;;Disabled;TempStop;2;700;329.1;278;0;0;599.9;549.9;Enabled;PosOk;2;0;0;0;0;0;15;Disabled;0;0;0;0;0;0;0;0;0;0;0;0;0;0;0;0;0;0;0;0;0;0;0;0;0;0;0;0;0;0;0;0;0;0;0;0;0;0;0;0;0;0;0;0;0;0;0;0;0;0;0;0;0;0;0;0;0;0;0;0;0;0;0;0;0;0;0;0;0;0;30;33;20;45;30;30;20;45;30;34;20;45;30;30;20;45;200;142;100;300;200;140;100;300;200;141;100;300;200;140;100;300;30;33;20;45;30;30;20;45;30;31;20;45;30;30;20;45;200;144;100;300;200;142;100;300;200;242;100;300;200;243;100;300;4;2;0.4;6;4;5;0.4;6;4;2;0.4;6;4;5;0.4;6;4;2;0.4;6;4;5;0.4;6;4;2;0.4;6;4;5;0.4;6;NOK;NOK;OK;7000;7110;6500;8100;OK;4.98;0;8;12;NOK;N/A;1.5;N/A;N/A;N/A;9;11.5;7;18;OK;;0;0;0;-;Disabled;TempOk;2;230;42.2;42.7;0;0;349.9;441345100 daimler 1500 1900;441345100 daimler 1500 1900;441345100 Daimler 1500 1900
20260320_21:45:04;9888;3;3;950;940.6;925;975;OK;950;951.4;925;975;OK;951.4;951.6;-20;-13.6;-50;-25;NOK;-20;-13.2;-50;-25;NOK;-13.3;-13.9;0;-20;-13.7;-50;-25;NOK;300;333;300;500;OK;0;0;N/A;N/A;N/A;N/A;N/A;N/A;N/A;N/A;N/A;N/A;N/A;N/A;N/A;N/A;N/A;N/A;N/A;N/A;N/A;N/A;N/A;N/A;N/A;N/A;N/A;N/A;N/A;N/A;N/A;N/A;N/A;N/A;N/A;N/A;N/A;N/A;N/A;N/A;N/A;N/A;N/A;N/A;N/A;N/A;N/A;N/A;N/A;N/A;N/A;N/A;N/A;N/A;N/A;N/A;N/A;N/A;N/A;N/A;N/A;N/A;N/A;N/A;N/A;N/A;N/A;N/A;N/A;N/A;N/A;N/A;N/A;N/A;N/A;N/A;N/A;N/A;N/A;N/A;N/A;N/A;N/A;N/A;N/A;N/A;N/A;N/A;N/A;N/A;N/A;N/A;N/A;N/A;N/A;N/A;N/A;N/A;N/A;N/A;;0;322.5;0;0;;Disabled;TempStop;2;700;325.7;276.6;0;0;599.9;549.9;Enabled;PosOk;2;0;0;0;0;0;15;Disabled;0;0;0;0;0;0;0;0;0;0;0;0;0;0;0;0;0;0;0;0;0;0;0;0;0;0;0;0;0;0;0;0;0;0;0;0;0;0;0;0;0;0;0;0;0;0;0;0;0;0;0;0;0;0;0;0;0;0;0;0;0;0;0;0;0;0;0;0;0;0;30;31;20;45;30;30;20;45;30;31;20;45;30;30;20;45;200;142;100;300;200;140;100;300;200;140;100;300;200;140;100;300;30;30;20;45;30;30;20;45;30;30;20;45;30;30;20;45;200;144;100;300;200;143;100;300;200;242;100;300;200;243;100;300;4;2;0.4;6;4;5;0.4;6;4;2;0.4;6;4;5;0.4;6;4;2;0.4;6;4;5;0.4;6;4;2;0.4;6;4;5;0.4;6;NOK;NOK;OK;7000;7097;6500;8100;OK;4.98;0;8;12;NOK;N/A;1.5;N/A;N/A;N/A;9;12.4;7;18;OK;;0;0;0;-;Disabled;TempOk;2;230;41.9;42.4;0;0;349.9;441345100 daimler 1500 1900;441345100 daimler 1500 1900;441345100 Daimler 1500 1900
20260320_21:47:39;9889;4;4;950;935.4;925;975;OK;950;957.4;925;975;OK;956.7;957;-15;-14.1;-50;-5;OK;-15;-13.1;-50;-5;OK;-23.5;-17.7;0;-15;-14.2;-50;-5;OK;300;333;300;500;OK;9.81;10.43;N/A;N/A;N/A;N/A;N/A;N/A;N/A;N/A;N/A;N/A;N/A;N/A;N/A;N/A;N/A;N/A;N/A;N/A;N/A;N/A;N/A;N/A;N/A;N/A;N/A;N/A;N/A;N/A;N/A;N/A;N/A;N/A;N/A;N/A;N/A;N/A;N/A;N/A;N/A;N/A;N/A;N/A;N/A;N/A;N/A;N/A;N/A;N/A;N/A;N/A;N/A;N/A;N/A;N/A;N/A;N/A;N/A;N/A;N/A;N/A;N/A;N/A;N/A;N/A;N/A;N/A;N/A;N/A;N/A;N/A;N/A;N/A;N/A;N/A;N/A;N/A;N/A;N/A;N/A;N/A;N/A;N/A;N/A;N/A;N/A;N/A;N/A;N/A;N/A;N/A;N/A;N/A;N/A;N/A;N/A;N/A;N/A;N/A;;0;321.3;0;0;;Disabled;TempStop;2;700;324.5;276.8;0;0;599.9;549.9;Enabled;PosOk;2;0;0;0;0;0;15;Disabled;0;0;0;0;0;0;0;0;0;0;0;0;0;0;0;0;0;0;0;0;0;0;0;0;0;0;0;0;0;0;0;0;0;0;0;0;0;0;0;0;0;0;0;0;0;0;0;0;0;0;0;0;0;0;0;0;0;0;0;0;0;0;0;0;0;0;0;0;0;0;30;30;20;45;30;29;20;45;30;30;20;45;30;29;20;45;200;141;100;300;200;139;100;300;200;140;100;300;200;140;100;300;30;30;20;45;30;29;20;45;30;29;20;45;30;29;20;45;200;144;100;300;200;142;100;300;200;242;100;300;200;243;100;300;4;2;0.4;6;4;5;0.4;6;4;2;0.4;6;4;5;0.4;6;4;2;0.4;6;4;5;0.4;6;4;2;0.4;6;4;5;0.4;6;NOK;NOK;OK;7000;7103;6500;8100;OK;4.97;0;8;12;NOK;N/A;1.5;N/A;N/A;N/A;9;11.9;7;18;OK;;0;0;0;-;Disabled;TempOk;2;230;41.2;41.7;0;0;349.9;441345100 daimler 1500 1900;441345100 daimler 1500 1900;441345100 Daimler 1500 1900
20260320_21:47:56;9891;3;5;950;942.7;925;975;OK;950;951.3;925;975;OK;951.1;951.1;-20;-16.3;-50;-25;NOK;-20;-14.1;-50;-25;NOK;-17.4;-17;0;-20;-16.2;-50;-25;NOK;300;333;300;500;OK;0;0;N/A;N/A;N/A;N/A;N/A;N/A;N/A;N/A;N/A;N/A;N/A;N/A;N/A;N/A;N/A;N/A;N/A;N/A;N/A;N/A;N/A;N/A;N/A;N/A;N/A;N/A;N/A;N/A;N/A;N/A;N/A;N/A;N/A;N/A;N/A;N/A;N/A;N/A;N/A;N/A;N/A;N/A;N/A;N/A;N/A;N/A;N/A;N/A;N/A;N/A;N/A;N/A;N/A;N/A;N/A;N/A;N/A;N/A;N/A;N/A;N/A;N/A;N/A;N/A;N/A;N/A;N/A;N/A;N/A;N/A;N/A;N/A;N/A;N/A;N/A;N/A;N/A;N/A;N/A;N/A;N/A;N/A;N/A;N/A;N/A;N/A;N/A;N/A;N/A;N/A;N/A;N/A;N/A;N/A;N/A;N/A;N/A;N/A;;0;322;0;0;;Disabled;TempStop;2;700;325.3;277.6;0;0;599.9;549.9;Enabled;PosOk;2;0;0;0;0;0;15;Disabled;0;0;0;0;0;0;0;0;0;0;0;0;0;0;0;0;0;0;0;0;0;0;0;0;0;0;0;0;0;0;0;0;0;0;0;0;0;0;0;0;0;0;0;0;0;0;0;0;0;0;0;0;0;0;0;0;0;0;0;0;0;0;0;0;0;0;0;0;0;0;30;31;20;45;30;29;20;45;30;31;20;45;30;29;20;45;200;141;100;300;200;140;100;300;200;140;100;300;200;140;100;300;30;31;20;45;30;29;20;45;30;30;20;45;30;29;20;45;200;144;100;300;200;143;100;300;200;242;100;300;200;243;100;300;4;2;0.4;6;4;5;0.4;6;4;2;0.4;6;4;5;0.4;6;4;2;0.4;6;4;5;0.4;6;4;2;0.4;6;4;5;0.4;6;NOK;NOK;OK;7000;7104;6500;8100;OK;4.98;0;8;12;NOK;N/A;1.5;N/A;N/A;N/A;9;12.1;7;18;OK;;0;0;0;-;Disabled;TempOk;2;230;41.4;41.9;0;0;349.9;441345100 daimler 1500 1900;441345100 daimler 1500 1900;441345100 Daimler 1500 1900
20260320_21:48:13;9892;2;5;950;938.6;925;975;OK;950;950.7;925;975;OK;950.6;950.8;-15;-19.8;-50;-20;NOK;-15;-18.8;-50;-20;NOK;-18.4;-19.6;0;-15;-19.8;-50;-20;NOK;300;333;300;500;OK;0;0;N/A;N/A;N/A;N/A;N/A;N/A;N/A;N/A;N/A;N/A;N/A;N/A;N/A;N/A;N/A;N/A;N/A;N/A;N/A;N/A;N/A;N/A;N/A;N/A;N/A;N/A;N/A;N/A;N/A;N/A;N/A;N/A;N/A;N/A;N/A;N/A;N/A;N/A;N/A;N/A;N/A;N/A;N/A;N/A;N/A;N/A;N/A;N/A;N/A;N/A;N/A;N/A;N/A;N/A;N/A;N/A;N/A;N/A;N/A;N/A;N/A;N/A;N/A;N/A;N/A;N/A;N/A;N/A;N/A;N/A;N/A;N/A;N/A;N/A;N/A;N/A;N/A;N/A;N/A;N/A;N/A;N/A;N/A;N/A;N/A;N/A;N/A;N/A;N/A;N/A;N/A;N/A;N/A;N/A;N/A;N/A;N/A;N/A;;0;326.4;0;0;;Disabled;TempStop;2;700;330.2;279.9;0;0;599.9;549.9;Enabled;PosOk;2;0;0;0;0;0;15;Disabled;0;0;0;0;0;0;0;0;0;0;0;0;0;0;0;0;0;0;0;0;0;0;0;0;0;0;0;0;0;0;0;0;0;0;0;0;0;0;0;0;0;0;0;0;0;0;0;0;0;0;0;0;0;0;0;0;0;0;0;0;0;0;0;0;0;0;0;0;0;0;30;32;20;45;30;30;20;45;30;31;20;45;30;29;20;45;200;141;100;300;200;140;100;300;200;140;100;300;200;140;100;300;30;31;20;45;30;30;20;45;30;31;20;45;30;30;20;45;200;144;100;300;200;142;100;300;200;242;100;300;200;243;100;300;4;2;0.4;6;4;5;0.4;6;4;2;0.4;6;4;5;0.4;6;4;2;0.4;6;4;5;0.4;6;4;2;0.4;6;4;5;0.4;6;NOK;NOK;OK;7000;7100;6500;8100;OK;4.98;0;8;12;NOK;N/A;1.5;N/A;N/A;N/A;9;11.9;7;18;OK;;0;0;0;-;Disabled;TempOk;2;230;41.7;43.5;0;0;349.9;441345100 daimler 1500 1900;441345100 daimler 1500 1900;441345100 Daimler 1500 1900
20260320_21:48:31;9893;3;2;950;940.3;925;975;OK;950;951.7;925;975;OK;951.9;951.6;-20;-16;-50;-25;NOK;-20;-15.2;-50;-25;NOK;-11.7;-12.9;0;-20;-16;-50;-25;NOK;300;333;300;500;OK;0;0;N/A;N/A;N/A;N/A;N/A;N/A;N/A;N/A;N/A;N/A;N/A;N/A;N/A;N/A;N/A;N/A;N/A;N/A;N/A;N/A;N/A;N/A;N/A;N/A;N/A;N/A;N/A;N/A;N/A;N/A;N/A;N/A;N/A;N/A;N/A;N/A;N/A;N/A;N/A;N/A;N/A;N/A;N/A;N/A;N/A;N/A;N/A;N/A;N/A;N/A;N/A;N/A;N/A;N/A;N/A;N/A;N/A;N/A;N/A;N/A;N/A;N/A;N/A;N/A;N/A;N/A;N/A;N/A;N/A;N/A;N/A;N/A;N/A;N/A;N/A;N/A;N/A;N/A;N/A;N/A;N/A;N/A;N/A;N/A;N/A;N/A;N/A;N/A;N/A;N/A;N/A;N/A;N/A;N/A;N/A;N/A;N/A;N/A;;0;323.8;0;0;;Disabled;TempStop;2;700;327.8;277.5;0;0;599.9;549.9;Enabled;PosOk;2;0;0;0;0;0;15;Disabled;0;0;0;0;0;0;0;0;0;0;0;0;0;0;0;0;0;0;0;0;0;0;0;0;0;0;0;0;0;0;0;0;0;0;0;0;0;0;0;0;0;0;0;0;0;0;0;0;0;0;0;0;0;0;0;0;0;0;0;0;0;0;0;0;0;0;0;0;0;0;30;32;20;45;30;30;20;45;30;32;20;45;30;30;20;45;200;141;100;300;200;139;100;300;200;141;100;300;200;140;100;300;30;32;20;45;30;30;20;45;30;31;20;45;30;30;20;45;200;144;100;300;200;142;100;300;200;242;100;300;200;243;100;300;4;2;0.4;6;4;5;0.4;6;4;2;0.4;6;4;5;0.4;6;4;2;0.4;6;4;5;0.4;6;4;2;0.4;6;4;5;0.4;6;NOK;NOK;OK;7000;7112;6500;8100;OK;4.98;0;8;12;NOK;N/A;1.5;N/A;N/A;N/A;9;11.6;7;18;OK;;0;0;0;-;Disabled;TempOk;2;230;41.2;42.7;0;0;349.9;441345100 daimler 1500 1900;441345100 daimler 1500 1900;441345100 Daimler 1500 1900
20260320_21:48:48;9894;4;5;950;936.9;925;975;OK;950;951.3;925;975;OK;951.2;951.3;-15;-14.3;-50;-5;OK;-15;-14.5;-50;-5;OK;-17;-16;0;-15;-14.2;-50;-5;OK;300;333;300;500;OK;9.98;10.48;N/A;N/A;N/A;N/A;N/A;N/A;N/A;N/A;N/A;N/A;N/A;N/A;N/A;N/A;N/A;N/A;N/A;N/A;N/A;N/A;N/A;N/A;N/A;N/A;N/A;N/A;N/A;N/A;N/A;N/A;N/A;N/A;N/A;N/A;N/A;N/A;N/A;N/A;N/A;N/A;N/A;N/A;N/A;N/A;N/A;N/A;N/A;N/A;N/A;N/A;N/A;N/A;N/A;N/A;N/A;N/A;N/A;N/A;N/A;N/A;N/A;N/A;N/A;N/A;N/A;N/A;N/A;N/A;N/A;N/A;N/A;N/A;N/A;N/A;N/A;N/A;N/A;N/A;N/A;N/A;N/A;N/A;N/A;N/A;N/A;N/A;N/A;N/A;N/A;N/A;N/A;N/A;N/A;N/A;N/A;N/A;N/A;N/A;;0;326.2;0;0;;Disabled;TempStop;2;700;330.1;278.8;0;0;599.9;549.9;Enabled;PosOk;2;0;3.1;0;0;0;15;Disabled;0;0;0;0;0;0;0;0;0;0;0;0;0;0;0;0;0;0;0;0;0;0;0;0;0;0;0;0;0;0;0;0;0;0;0;0;0;0;0;0;0;0;0;0;0;0;0;0;0;0;0;0;0;0;0;0;0;0;0;0;0;0;0;0;0;0;0;0;0;0;30;32;20;45;30;30;20;45;30;33;20;45;30;30;20;45;200;141;100;300;200;139;100;300;200;140;100;300;200;140;100;300;30;32;20;45;30;30;20;45;30;31;20;45;30;30;20;45;200;144;100;300;200;143;100;300;200;242;100;300;200;244;100;300;4;2;0.4;6;4;5;0.4;6;4;2;0.4;6;4;5;0.4;6;4;2;0.4;6;4;5;0.4;6;4;2;0.4;6;4;5;0.4;6;NOK;NOK;OK;7000;7089;6500;8100;OK;4.99;0;8;12;NOK;N/A;1.5;N/A;N/A;N/A;9;12.3;7;18;OK;;0;0;0;-;Disabled;TempOk;2;230;41.7;42.2;0;0;349.9;441345100 daimler 1500 1900;441345100 daimler 1500 1900;441345100 Daimler 1500 1900
20260320_21:49:05;9895;1;3;950;940.3;925;975;OK;950;951.6;925;975;OK;951.6;951.5;-20;-15.6;-50;-25;NOK;-20;-15.7;-50;-25;NOK;-12.1;-13.2;0;-20;-15.7;-50;-25;NOK;300;333;300;500;OK;0;0;N/A;N/A;N/A;N/A;N/A;N/A;N/A;N/A;N/A;N/A;N/A;N/A;N/A;N/A;N/A;N/A;N/A;N/A;N/A;N/A;N/A;N/A;N/A;N/A;N/A;N/A;N/A;N/A;N/A;N/A;N/A;N/A;N/A;N/A;N/A;N/A;N/A;N/A;N/A;N/A;N/A;N/A;N/A;N/A;N/A;N/A;N/A;N/A;N/A;N/A;N/A;N/A;N/A;N/A;N/A;N/A;N/A;N/A;N/A;N/A;N/A;N/A;N/A;N/A;N/A;N/A;N/A;N/A;N/A;N/A;N/A;N/A;N/A;N/A;N/A;N/A;N/A;N/A;N/A;N/A;N/A;N/A;N/A;N/A;N/A;N/A;N/A;N/A;N/A;N/A;N/A;N/A;N/A;N/A;N/A;N/A;N/A;N/A;;0;324.7;0;0;;Disabled;TempStop;2;700;328.7;277.9;0;0;599.9;549.9;Enabled;PosOk;2;0;0;0;0;0;15;Disabled;0;0;0;0;0;0;0;0;0;0;0;0;0;0;0;0;0;0;0;0;0;0;0;0;0;0;0;0;0;0;0;0;0;0;0;0;0;0;0;0;0;0;0;0;0;0;0;0;0;0;0;0;0;0;0;0;0;0;0;0;0;0;0;0;0;0;0;0;0;0;30;33;20;45;30;30;20;45;30;33;20;45;30;30;20;45;200;142;100;300;200;139;100;300;200;141;100;300;200;140;100;300;30;33;20;45;30;30;20;45;30;32;20;45;30;30;20;45;200;144;100;300;200;142;100;300;200;242;100;300;200;243;100;300;4;2;0.4;6;4;5;0.4;6;4;2;0.4;6;4;5;0.4;6;4;2;0.4;6;4;5;0.4;6;4;2;0.4;6;4;5;0.4;6;NOK;NOK;OK;7000;7086;6500;8100;OK;4.98;0;8;12;NOK;N/A;1.5;N/A;N/A;N/A;9;11.7;7;18;OK;;0;0;0;-;Disabled;TempOk;2;230;42.2;42.9;0;0;349.9;441345100 daimler 1500 1900;441345100 daimler 1500 1900;441345100 Daimler 1500 1900
20260320_21:49:22;9896;2;2;950;939.7;925;975;OK;950;950.9;925;975;OK;950.6;950.7;-15;-22.9;-50;-20;OK;-15;-21.9;-50;-20;OK;-17.3;-18.9;0;-15;-23;-50;-20;OK;300;333;300;500;OK;0;0;N/A;N/A;N/A;N/A;N/A;N/A;N/A;N/A;N/A;N/A;N/A;N/A;N/A;N/A;N/A;N/A;N/A;N/A;N/A;N/A;N/A;N/A;N/A;N/A;N/A;N/A;N/A;N/A;N/A;N/A;N/A;N/A;N/A;N/A;N/A;N/A;N/A;N/A;N/A;N/A;N/A;N/A;N/A;N/A;N/A;N/A;N/A;N/A;N/A;N/A;N/A;N/A;N/A;N/A;N/A;N/A;N/A;N/A;N/A;N/A;N/A;N/A;N/A;N/A;N/A;N/A;N/A;N/A;N/A;N/A;N/A;N/A;N/A;N/A;N/A;N/A;N/A;N/A;N/A;N/A;N/A;N/A;N/A;N/A;N/A;N/A;N/A;N/A;N/A;N/A;N/A;N/A;N/A;N/A;N/A;N/A;N/A;N/A;;0;325.6;0;0;;Disabled;TempStop;2;700;329.7;278.6;0;0;599.9;549.9;Enabled;PosOk;2;0;0;0;0;0;15;Disabled;0;0;0;0;0;0;0;0;0;0;0;0;0;0;0;0;0;0;0;0;0;0;0;0;0;0;0;0;0;0;0;0;0;0;0;0;0;0;0;0;0;0;0;0;0;0;0;0;0;0;0;0;0;0;0;0;0;0;0;0;0;0;0;0;0;0;0;0;0;0;30;33;20;45;30;30;20;45;30;33;20;45;30;30;20;45;200;141;100;300;200;140;100;300;200;140;100;300;200;140;100;300;30;33;20;45;30;30;20;45;30;32;20;45;30;30;20;45;200;144;100;300;200;143;100;300;200;242;100;300;200;244;100;300;4;2;0.4;6;4;5;0.4;6;4;2;0.4;6;4;5;0.4;6;4;2;0.4;6;4;5;0.4;6;4;3;0.4;6;4;5;0.4;6;NOK;NOK;OK;7000;7098;6500;8100;OK;4.98;0;8;12;NOK;N/A;1.5;N/A;N/A;N/A;9;12.2;7;18;OK;;0;0;0;-;Disabled;TempOk;2;230;41.4;44.2;0;0;349.9;441345100 daimler 1500 1900;441345100 daimler 1500 1900;441345100 Daimler 1500 1900
20260320_21:49:40;9897;1;1;950;939.6;925;975;OK;950;951;925;975;OK;951.1;951.1;-20;-16.4;-50;-25;NOK;-20;-15.7;-50;-25;NOK;-13.9;-14.7;0;-20;-16.4;-50;-25;NOK;300;333;300;500;OK;0;0;N/A;N/A;N/A;N/A;N/A;N/A;N/A;N/A;N/A;N/A;N/A;N/A;N/A;N/A;N/A;N/A;N/A;N/A;N/A;N/A;N/A;N/A;N/A;N/A;N/A;N/A;N/A;N/A;N/A;N/A;N/A;N/A;N/A;N/A;N/A;N/A;N/A;N/A;N/A;N/A;N/A;N/A;N/A;N/A;N/A;N/A;N/A;N/A;N/A;N/A;N/A;N/A;N/A;N/A;N/A;N/A;N/A;N/A;N/A;N/A;N/A;N/A;N/A;N/A;N/A;N/A;N/A;N/A;N/A;N/A;N/A;N/A;N/A;N/A;N/A;N/A;N/A;N/A;N/A;N/A;N/A;N/A;N/A;N/A;N/A;N/A;N/A;N/A;N/A;N/A;N/A;N/A;N/A;N/A;N/A;N/A;N/A;N/A;;0;325.9;0;0;;Disabled;TempStop;2;700;329.9;279.8;0;0;599.9;549.9;Enabled;PosOk;2;0;0;0;0;0;15;Disabled;0;0;0;0;0;0;0;0;0;0;0;0;0;0;0;0;0;0;0;0;0;0;0;0;0;0;0;0;0;0;0;0;0;0;0;0;0;0;0;0;0;0;0;0;0;0;0;0;0;0;0;0;0;0;0;0;0;0;0;0;0;0;0;0;0;0;0;0;0;0;30;33;20;45;30;30;20;45;30;33;20;45;30;30;20;45;200;142;100;300;200;140;100;300;200;141;100;300;200;140;100;300;30;33;20;45;30;30;20;45;30;32;20;45;30;30;20;45;200;144;100;300;200;143;100;300;200;242;100;300;200;244;100;300;4;2;0.4;6;4;5;0.4;6;4;2;0.4;6;4;5;0.4;6;4;2;0.4;6;4;5;0.4;6;4;2;0.4;6;4;5;0.4;6;NOK;NOK;OK;7000;7094;6500;8100;OK;4.98;0;8;12;NOK;N/A;1.5;N/A;N/A;N/A;9;11.9;7;18;OK;;0;0;0;-;Disabled;TempOk;2;230;42.4;42.9;0;0;349.9;441345100 daimler 1500 1900;441345100 daimler 1500 1900;441345100 Daimler 1500 1900
20260320_21:49:57;9898;2;1;950;948.8;925;975;OK;950;951;925;975;OK;951.1;951.2;-15;-21.8;-50;-20;OK;-15;-21.8;-50;-20;OK;-17.3;-18.9;0;-15;-21.9;-50;-20;OK;300;351;300;500;OK;0;0;N/A;N/A;N/A;N/A;N/A;N/A;N/A;N/A;N/A;N/A;N/A;N/A;N/A;N/A;N/A;N/A;N/A;N/A;N/A;N/A;N/A;N/A;N/A;N/A;N/A;N/A;N/A;N/A;N/A;N/A;N/A;N/A;N/A;N/A;N/A;N/A;N/A;N/A;N/A;N/A;N/A;N/A;N/A;N/A;N/A;N/A;N/A;N/A;N/A;N/A;N/A;N/A;N/A;N/A;N/A;N/A;N/A;N/A;N/A;N/A;N/A;N/A;N/A;N/A;N/A;N/A;N/A;N/A;N/A;N/A;N/A;N/A;N/A;N/A;N/A;N/A;N/A;N/A;N/A;N/A;N/A;N/A;N/A;N/A;N/A;N/A;N/A;N/A;N/A;N/A;N/A;N/A;N/A;N/A;N/A;N/A;N/A;N/A;;0;323.2;0;0;;Disabled;TempStop;2;700;327.1;277.5;0;0;599.9;549.9;Enabled;PosOk;2;0;0;0;0;0;15;Disabled;0;0;0;0;0;0;0;0;0;0;0;0;0;0;0;0;0;0;0;0;0;0;0;0;0;0;0;0;0;0;0;0;0;0;0;0;0;0;0;0;0;0;0;0;0;0;0;0;0;0;0;0;0;0;0;0;0;0;0;0;0;0;0;0;0;0;0;0;0;0;30;33;20;45;30;30;20;45;30;34;20;45;30;30;20;45;200;142;100;300;200;139;100;300;200;141;100;300;200;141;100;300;30;33;20;45;30;30;20;45;30;32;20;45;30;30;20;45;200;144;100;300;200;143;100;300;200;243;100;300;200;243;100;300;4;2;0.4;6;4;5;0.4;6;4;2;0.4;6;4;5;0.4;6;4;2;0.4;6;4;5;0.4;6;4;2;0.4;6;4;5;0.4;6;NOK;NOK;OK;7000;7110;6500;8100;OK;4.99;0;8;12;NOK;N/A;1.5;N/A;N/A;N/A;9;11.5;7;18;OK;;0;0;0;-;Disabled;TempOk;2;230;42.2;42.7;0;0;349.9;441345100 daimler 1500 1900;441345100 daimler 1500 1900;441345100 Daimler 1500 1900
20260320_21:50:14;9900;3;1;950;948.1;925;975;OK;950;951.4;925;975;OK;951.4;951.3;-20;-14;-50;-25;NOK;-20;-15.7;-50;-25;NOK;-13.1;-14.3;0;-20;-14.1;-50;-25;NOK;300;344;300;500;OK;0;0;N/A;N/A;N/A;N/A;N/A;N/A;N/A;N/A;N/A;N/A;N/A;N/A;N/A;N/A;N/A;N/A;N/A;N/A;N/A;N/A;N/A;N/A;N/A;N/A;N/A;N/A;N/A;N/A;N/A;N/A;N/A;N/A;N/A;N/A;N/A;N/A;N/A;N/A;N/A;N/A;N/A;N/A;N/A;N/A;N/A;N/A;N/A;N/A;N/A;N/A;N/A;N/A;N/A;N/A;N/A;N/A;N/A;N/A;N/A;N/A;N/A;N/A;N/A;N/A;N/A;N/A;N/A;N/A;N/A;N/A;N/A;N/A;N/A;N/A;N/A;N/A;N/A;N/A;N/A;N/A;N/A;N/A;N/A;N/A;N/A;N/A;N/A;N/A;N/A;N/A;N/A;N/A;N/A;N/A;N/A;N/A;N/A;N/A;;0;324;0;0;;Disabled;TempStop;2;700;328;277.2;0;0;599.9;549.9;Enabled;PosOk;2;0;0;0;0;0;15;Disabled;0;0;0;0;0;0;0;0;0;0;0;0;0;0;0;0;0;0;0;0;0;0;0;0;0;0;0;0;0;0;0;0;0;0;0;0;0;0;0;0;0;0;0;0;0;0;0;0;0;0;0;0;0;0;0;0;0;0;0;0;0;0;0;0;0;0;0;0;0;0;30;33;20;45;30;30;20;45;30;34;20;45;30;30;20;45;200;142;100;300;200;140;100;300;200;141;100;300;200;140;100;300;30;33;20;45;30;30;20;45;30;32;20;45;30;30;20;45;200;144;100;300;200;143;100;300;200;242;100;300;200;244;100;300;4;2;0.4;6;4;5;0.4;6;4;2;0.4;6;4;5;0.4;6;4;2;0.4;6;4;5;0.4;6;4;3;0.4;6;4;5;0.4;6;NOK;NOK;OK;7000;7105;6500;8100;OK;4.98;0;8;12;NOK;N/A;1.5;N/A;N/A;N/A;9;12.3;7;18;OK;;0;0;0;-;Disabled;TempOk;2;230;42.2;42.9;0;0;349.9;441345100 daimler 1500 1900;441345100 daimler 1500 1900;441345100 Daimler 1500 1900
20260320_21:50:31;9899;4;1;950;945.4;925;975;OK;950;950.3;925;975;OK;952.2;951;-15;-20.2;-50;-5;OK;-15;-11.6;-50;-5;OK;-11.8;-11.1;0;-15;-20.4;-50;-5;OK;300;353;300;500;OK;10.17;10.58;N/A;N/A;N/A;N/A;N/A;N/A;N/A;N/A;N/A;N/A;N/A;N/A;N/A;N/A;N/A;N/A;N/A;N/A;N/A;N/A;N/A;N/A;N/A;N/A;N/A;N/A;N/A;N/A;N/A;N/A;N/A;N/A;N/A;N/A;N/A;N/A;N/A;N/A;N/A;N/A;N/A;N/A;N/A;N/A;N/A;N/A;N/A;N/A;N/A;N/A;N/A;N/A;N/A;N/A;N/A;N/A;N/A;N/A;N/A;N/A;N/A;N/A;N/A;N/A;N/A;N/A;N/A;N/A;N/A;N/A;N/A;N/A;N/A;N/A;N/A;N/A;N/A;N/A;N/A;N/A;N/A;N/A;N/A;N/A;N/A;N/A;N/A;N/A;N/A;N/A;N/A;N/A;N/A;N/A;N/A;N/A;N/A;N/A;;0;321.8;0;0;;Disabled;TempStop;2;700;325.6;276.4;0;0;599.9;549.9;Enabled;PosOk;2;0;0;0;0;0;15;Disabled;0;0;0;0;0;0;0;0;0;0;0;0;0;0;0;0;0;0;0;0;0;0;0;0;0;0;0;0;0;0;0;0;0;0;0;0;0;0;0;0;0;0;0;0;0;0;0;0;0;0;0;0;0;0;0;0;0;0;0;0;0;0;0;0;0;0;0;0;0;0;30;33;20;45;30;30;20;45;30;34;20;45;30;30;20;45;200;142;100;300;200;140;100;300;200;141;100;300;200;140;100;300;30;33;20;45;30;30;20;45;30;32;20;45;30;30;20;45;200;144;100;300;200;143;100;300;200;242;100;300;200;244;100;300;4;2;0.4;6;4;5;0.4;6;4;2;0.4;6;4;5;0.4;6;4;2;0.4;6;4;5;0.4;6;4;2;0.4;6;4;5;0.4;6;NOK;NOK;OK;7000;7102;6500;8100;OK;4.99;0;8;12;NOK;N/A;1.5;N/A;N/A;N/A;9;11.9;7;18;OK;;0;0;0;-;Disabled;TempOk;2;230;42.2;42.4;0;0;349.9;441345100 daimler 1500 1900;441345100 daimler 1500 1900;441345100 Daimler 1500 1900
20260320_21:50:49;9901;3;3;950;939.9;925;975;OK;950;951.4;925;975;OK;951.4;951.6;-20;-13.2;-50;-25;NOK;-20;-14;-50;-25;NOK;-12.7;-13.4;0;-20;-13.2;-50;-25;NOK;300;333;300;500;OK;0;0;N/A;N/A;N/A;N/A;N/A;N/A;N/A;N/A;N/A;N/A;N/A;N/A;N/A;N/A;N/A;N/A;N/A;N/A;N/A;N/A;N/A;N/A;N/A;N/A;N/A;N/A;N/A;N/A;N/A;N/A;N/A;N/A;N/A;N/A;N/A;N/A;N/A;N/A;N/A;N/A;N/A;N/A;N/A;N/A;N/A;N/A;N/A;N/A;N/A;N/A;N/A;N/A;N/A;N/A;N/A;N/A;N/A;N/A;N/A;N/A;N/A;N/A;N/A;N/A;N/A;N/A;N/A;N/A;N/A;N/A;N/A;N/A;N/A;N/A;N/A;N/A;N/A;N/A;N/A;N/A;N/A;N/A;N/A;N/A;N/A;N/A;N/A;N/A;N/A;N/A;N/A;N/A;N/A;N/A;N/A;N/A;N/A;N/A;;0;324.3;0;0;;Disabled;TempStop;2;700;328.2;277.9;0;0;599.9;549.9;Enabled;PosOk;2;0;0;0;0;0;15;Disabled;0;0;0;0;0;0;0;0;0;0;0;0;0;0;0;0;0;0;0;0;0;0;0;0;0;0;0;0;0;0;0;0;0;0;0;0;0;0;0;0;0;0;0;0;0;0;0;0;0;0;0;0;0;0;0;0;0;0;0;0;0;0;0;0;0;0;0;0;0;0;30;33;20;45;30;30;20;45;30;34;20;45;30;30;20;45;200;142;100;300;200;140;100;300;200;140;100;300;200;140;100;300;30;33;20;45;30;30;20;45;30;32;20;45;30;30;20;45;200;145;100;300;200;143;100;300;200;243;100;300;200;243;100;300;4;2;0.4;6;4;5;0.4;6;4;2;0.4;6;4;5;0.4;6;4;2;0.4;6;4;5;0.4;6;4;2;0.4;6;4;5;0.4;6;NOK;NOK;OK;7000;7104;6500;8100;OK;4.98;0;8;12;NOK;N/A;1.5;N/A;N/A;N/A;9;11.5;7;18;OK;;0;0;0;-;Disabled;TempOk;2;230;42.4;42.7;0;0;349.9;441345100 daimler 1500 1900;441345100 daimler 1500 1900;441345100 Daimler 1500 1900
20260320_21:51:06;9902;4;2;950;949.2;925;975;OK;950;958;925;975;OK;958.2;958.3;-15;-21.5;-50;-5;OK;-15;-13.2;-50;-5;OK;-16.4;-15.4;0;-15;-21.7;-50;-5;OK;300;354;300;500;OK;10.23;10.63;N/A;N/A;N/A;N/A;N/A;N/A;N/A;N/A;N/A;N/A;N/A;N/A;N/A;N/A;N/A;N/A;N/A;N/A;N/A;N/A;N/A;N/A;N/A;N/A;N/A;N/A;N/A;N/A;N/A;N/A;N/A;N/A;N/A;N/A;N/A;N/A;N/A;N/A;N/A;N/A;N/A;N/A;N/A;N/A;N/A;N/A;N/A;N/A;N/A;N/A;N/A;N/A;N/A;N/A;N/A;N/A;N/A;N/A;N/A;N/A;N/A;N/A;N/A;N/A;N/A;N/A;N/A;N/A;N/A;N/A;N/A;N/A;N/A;N/A;N/A;N/A;N/A;N/A;N/A;N/A;N/A;N/A;N/A;N/A;N/A;N/A;N/A;N/A;N/A;N/A;N/A;N/A;N/A;N/A;N/A;N/A;N/A;N/A;;0;322.9;0;0;;Disabled;TempStop;2;700;326.9;277.2;0;0;599.9;549.9;Enabled;PosOk;2;0;0;0;0;0;15;Disabled;0;0;0;0;0;0;0;0;0;0;0;0;0;0;0;0;0;0;0;0;0;0;0;0;0;0;0;0;0;0;0;0;0;0;0;0;0;0;0;0;0;0;0;0;0;0;0;0;0;0;0;0;0;0;0;0;0;0;0;0;0;0;0;0;0;0;0;0;0;0;30;33;20;45;30;30;20;45;30;34;20;45;30;30;20;45;200;142;100;300;200;140;100;300;200;141;100;300;200;141;100;300;30;33;20;45;30;29;20;45;30;31;20;45;30;30;20;45;200;144;100;300;200;143;100;300;200;243;100;300;200;244;100;300;4;2;0.4;6;4;5;0.4;6;4;2;0.4;6;4;5;0.4;6;4;2;0.4;6;4;5;0.4;6;4;2;0.4;6;4;5;0.4;6;NOK;NOK;OK;7000;7094;6500;8100;OK;4.98;0;8;12;NOK;N/A;1.5;N/A;N/A;N/A;9;12.4;7;18;OK;;0;0;0;-;Disabled;TempOk;2;230;42.4;42.9;0;0;349.9;441345100 daimler 1500 1900;441345100 daimler 1500 1900;441345100 Daimler 1500 1900
20260320_21:51:23;9904;1;2;950;948.2;925;975;OK;950;951.7;925;975;OK;951.8;951.6;-20;-11.2;-50;-25;NOK;-20;-13.2;-50;-25;NOK;-14.3;-15.1;0;-20;-11.2;-50;-25;NOK;300;347;300;500;OK;0;0;N/A;N/A;N/A;N/A;N/A;N/A;N/A;N/A;N/A;N/A;N/A;N/A;N/A;N/A;N/A;N/A;N/A;N/A;N/A;N/A;N/A;N/A;N/A;N/A;N/A;N/A;N/A;N/A;N/A;N/A;N/A;N/A;N/A;N/A;N/A;N/A;N/A;N/A;N/A;N/A;N/A;N/A;N/A;N/A;N/A;N/A;N/A;N/A;N/A;N/A;N/A;N/A;N/A;N/A;N/A;N/A;N/A;N/A;N/A;N/A;N/A;N/A;N/A;N/A;N/A;N/A;N/A;N/A;N/A;N/A;N/A;N/A;N/A;N/A;N/A;N/A;N/A;N/A;N/A;N/A;N/A;N/A;N/A;N/A;N/A;N/A;N/A;N/A;N/A;N/A;N/A;N/A;N/A;N/A;N/A;N/A;N/A;N/A;;0;324.9;0;0;;Disabled;TempStop;2;700;328.9;277.7;0;0;599.9;549.9;Enabled;PosOk;2;0;0;0;0;0;15;Disabled;0;0;0;0;0;0;0;0;0;0;0;0;0;0;0;0;0;0;0;0;0;0;0;0;0;0;0;0;0;0;0;0;0;0;0;0;0;0;0;0;0;0;0;0;0;0;0;0;0;0;0;0;0;0;0;0;0;0;0;0;0;0;0;0;0;0;0;0;0;0;30;33;20;45;30;30;20;45;30;33;20;45;30;30;20;45;200;142;100;300;200;140;100;300;200;141;100;300;200;140;100;300;30;33;20;45;30;30;20;45;30;32;20;45;30;30;20;45;200;144;100;300;200;143;100;300;200;242;100;300;200;243;100;300;4;2;0.4;6;4;5;0.4;6;4;2;0.4;6;4;5;0.4;6;4;2;0.4;6;4;5;0.4;6;4;2;0.4;6;4;5;0.4;6;NOK;NOK;OK;7000;7093;6500;8100;OK;4.98;0;8;12;NOK;N/A;1.5;N/A;N/A;N/A;9;11.7;7;18;OK;;0;0;0;-;Disabled;TempOk;2;230;42.2;43.9;0;0;349.9;441345100 daimler 1500 1900;441345100 daimler 1500 1900;441345100 Daimler 1500 1900
20260320_21:51:40;9903;4;3;950;956.6;925;975;OK;950;957.7;925;975;OK;958.7;958.6;-15;-24.1;-50;-5;OK;-15;-13.6;-50;-5;OK;-16.5;-15.7;0;-15;-24.2;-50;-5;OK;300;355;300;500;OK;10.28;10.68;N/A;N/A;N/A;N/A;N/A;N/A;N/A;N/A;N/A;N/A;N/A;N/A;N/A;N/A;N/A;N/A;N/A;N/A;N/A;N/A;N/A;N/A;N/A;N/A;N/A;N/A;N/A;N/A;N/A;N/A;N/A;N/A;N/A;N/A;N/A;N/A;N/A;N/A;N/A;N/A;N/A;N/A;N/A;N/A;N/A;N/A;N/A;N/A;N/A;N/A;N/A;N/A;N/A;N/A;N/A;N/A;N/A;N/A;N/A;N/A;N/A;N/A;N/A;N/A;N/A;N/A;N/A;N/A;N/A;N/A;N/A;N/A;N/A;N/A;N/A;N/A;N/A;N/A;N/A;N/A;N/A;N/A;N/A;N/A;N/A;N/A;N/A;N/A;N/A;N/A;N/A;N/A;N/A;N/A;N/A;N/A;N/A;N/A;;0;322.5;0;0;;Disabled;TempStop;2;700;326.5;276.5;0;0;599.9;549.9;Enabled;PosOk;2;0;0;0;0;0;15;Disabled;0;0;0;0;0;0;0;0;0;0;0;0;0;0;0;0;0;0;0;0;0;0;0;0;0;0;0;0;0;0;0;0;0;0;0;0;0;0;0;0;0;0;0;0;0;0;0;0;0;0;0;0;0;0;0;0;0;0;0;0;0;0;0;0;0;0;0;0;0;0;30;33;20;45;30;30;20;45;30;33;20;45;30;30;20;45;200;142;100;300;200;140;100;300;200;140;100;300;200;140;100;300;30;33;20;45;30;30;20;45;30;32;20;45;30;30;20;45;200;144;100;300;200;143;100;300;200;243;100;300;200;244;100;300;4;2;0.4;6;4;5;0.4;6;4;2;0.4;6;4;5;0.4;6;4;2;0.4;6;4;5;0.4;6;4;2;0.4;6;4;5;0.4;6;NOK;NOK;OK;7000;7094;6500;8100;OK;4.99;0;8;12;NOK;N/A;1.5;N/A;N/A;N/A;9;12.2;7;18;OK;;0;0;0;-;Disabled;TempOk;2;230;42.4;44.4;0;0;349.9;441345100 daimler 1500 1900;441345100 daimler 1500 1900;441345100 Daimler 1500 1900
20260320_21:51:58;9905;1;4;950;947.1;925;975;OK;950;950.9;925;975;OK;950.9;950.9;-20;-12.5;-50;-25;NOK;-20;-14.6;-50;-25;NOK;-13.9;-13.1;0;-20;-12.6;-50;-25;NOK;300;348;300;500;OK;0;0;N/A;N/A;N/A;N/A;N/A;N/A;N/A;N/A;N/A;N/A;N/A;N/A;N/A;N/A;N/A;N/A;N/A;N/A;N/A;N/A;N/A;N/A;N/A;N/A;N/A;N/A;N/A;N/A;N/A;N/A;N/A;N/A;N/A;N/A;N/A;N/A;N/A;N/A;N/A;N/A;N/A;N/A;N/A;N/A;N/A;N/A;N/A;N/A;N/A;N/A;N/A;N/A;N/A;N/A;N/A;N/A;N/A;N/A;N/A;N/A;N/A;N/A;N/A;N/A;N/A;N/A;N/A;N/A;N/A;N/A;N/A;N/A;N/A;N/A;N/A;N/A;N/A;N/A;N/A;N/A;N/A;N/A;N/A;N/A;N/A;N/A;N/A;N/A;N/A;N/A;N/A;N/A;N/A;N/A;N/A;N/A;N/A;N/A;;0;325;0;0;;Disabled;TempStop;2;700;329.1;278.2;0;0;599.9;549.9;Enabled;PosOk;2;0;0;0;0;0;15;Disabled;0;0;0;0;0;0;0;0;0;0;0;0;0;0;0;0;0;0;0;0;0;0;0;0;0;0;0;0;0;0;0;0;0;0;0;0;0;0;0;0;0;0;0;0;0;0;0;0;0;0;0;0;0;0;0;0;0;0;0;0;0;0;0;0;0;0;0;0;0;0;30;33;20;45;30;30;20;45;30;34;20;45;30;30;20;45;200;142;100;300;200;140;100;300;200;141;100;300;200;140;100;300;30;33;20;45;30;30;20;45;30;32;20;45;30;30;20;45;200;144;100;300;200;143;100;300;200;242;100;300;200;243;100;300;4;2;0.4;6;4;5;0.4;6;4;2;0.4;6;4;5;0.4;6;4;2;0.4;6;4;5;0.4;6;4;2;0.4;6;4;5;0.4;6;NOK;NOK;OK;7000;7098;6500;8100;OK;4.98;0;8;12;NOK;N/A;1.5;N/A;N/A;N/A;9;11.9;7;18;OK;;0;0;0;-;Disabled;TempOk;2;230;42.4;43.5;0;0;349.9;441345100 daimler 1500 1900;441345100 daimler 1500 1900;441345100 Daimler 1500 1900
20260320_21:52:15;9906;2;4;950;947.5;925;975;OK;950;951.1;925;975;OK;951.1;951;-15;-24.3;-50;-20;OK;-15;-26.5;-50;-20;OK;-20.6;-22.4;0;-15;-24.4;-50;-20;OK;300;355;300;500;OK;0;0;N/A;N/A;N/A;N/A;N/A;N/A;N/A;N/A;N/A;N/A;N/A;N/A;N/A;N/A;N/A;N/A;N/A;N/A;N/A;N/A;N/A;N/A;N/A;N/A;N/A;N/A;N/A;N/A;N/A;N/A;N/A;N/A;N/A;N/A;N/A;N/A;N/A;N/A;N/A;N/A;N/A;N/A;N/A;N/A;N/A;N/A;N/A;N/A;N/A;N/A;N/A;N/A;N/A;N/A;N/A;N/A;N/A;N/A;N/A;N/A;N/A;N/A;N/A;N/A;N/A;N/A;N/A;N/A;N/A;N/A;N/A;N/A;N/A;N/A;N/A;N/A;N/A;N/A;N/A;N/A;N/A;N/A;N/A;N/A;N/A;N/A;N/A;N/A;N/A;N/A;N/A;N/A;N/A;N/A;N/A;N/A;N/A;N/A;;0;324.6;0;0;;Disabled;TempStop;2;700;328.6;277.3;0;0;599.9;549.9;Enabled;PosOk;2;0;0;0;0;0;15;Disabled;0;0;0;0;0;0;0;0;0;0;0;0;0;0;0;0;0;0;0;0;0;0;0;0;0;0;0;0;0;0;0;0;0;0;0;0;0;0;0;0;0;0;0;0;0;0;0;0;0;0;0;0;0;0;0;0;0;0;0;0;0;0;0;0;0;0;0;0;0;0;30;33;20;45;30;30;20;45;30;34;20;45;30;30;20;45;200;142;100;300;200;140;100;300;200;141;100;300;200;140;100;300;30;33;20;45;30;30;20;45;30;32;20;45;30;30;20;45;200;144;100;300;200;143;100;300;200;242;100;300;200;243;100;300;4;2;0.4;6;4;5;0.4;6;4;2;0.4;6;4;5;0.4;6;4;2;0.4;6;4;5;0.4;6;4;2;0.4;6;4;5;0.4;6;NOK;NOK;OK;7000;7090;6500;8100;OK;4.98;0;8;12;NOK;N/A;1.5;N/A;N/A;N/A;9;11.6;7;18;OK;;0;0;0;-;Disabled;TempOk;2;230;42.9;43.9;0;0;349.9;441345100 daimler 1500 1900;441345100 daimler 1500 1900;441345100 Daimler 1500 1900
20260320_21:52:32;9907;3;4;950;948.4;925;975;OK;950;951.6;925;975;OK;951.5;951.5;-20;-12.1;-50;-25;NOK;-20;-14.3;-50;-25;NOK;-16.2;-17;0;-20;-12.1;-50;-25;NOK;300;350;300;500;OK;0;0;N/A;N/A;N/A;N/A;N/A;N/A;N/A;N/A;N/A;N/A;N/A;N/A;N/A;N/A;N/A;N/A;N/A;N/A;N/A;N/A;N/A;N/A;N/A;N/A;N/A;N/A;N/A;N/A;N/A;N/A;N/A;N/A;N/A;N/A;N/A;N/A;N/A;N/A;N/A;N/A;N/A;N/A;N/A;N/A;N/A;N/A;N/A;N/A;N/A;N/A;N/A;N/A;N/A;N/A;N/A;N/A;N/A;N/A;N/A;N/A;N/A;N/A;N/A;N/A;N/A;N/A;N/A;N/A;N/A;N/A;N/A;N/A;N/A;N/A;N/A;N/A;N/A;N/A;N/A;N/A;N/A;N/A;N/A;N/A;N/A;N/A;N/A;N/A;N/A;N/A;N/A;N/A;N/A;N/A;N/A;N/A;N/A;N/A;;0;323;0;0;;Disabled;TempStop;2;700;326.9;276.2;0;0;599.9;549.9;Enabled;PosOk;2;0;0;0;0;0;15;Disabled;0;0;0;0;0;0;0;0;0;0;0;0;0;0;0;0;0;0;0;0;0;0;0;0;0;0;0;0;0;0;0;0;0;0;0;0;0;0;0;0;0;0;0;0;0;0;0;0;0;0;0;0;0;0;0;0;0;0;0;0;0;0;0;0;0;0;0;0;0;0;30;34;20;45;30;30;20;45;30;34;20;45;30;30;20;45;200;142;100;300;200;140;100;300;200;141;100;300;200;140;100;300;30;33;20;45;30;30;20;45;30;32;20;45;30;30;20;45;200;144;100;300;200;143;100;300;200;242;100;300;200;243;100;300;4;2;0.4;6;4;5;0.4;6;4;2;0.4;6;4;5;0.4;6;4;2;0.4;6;4;5;0.4;6;4;3;0.4;6;4;5;0.4;6;NOK;NOK;OK;7000;7094;6500;8100;OK;4.98;0;8;12;NOK;N/A;1.51;N/A;N/A;N/A;9;12.3;7;18;OK;;0;0;0;-;Disabled;TempOk;2;230;42.2;42.4;0;0;349.9;441345100 daimler 1500 1900;441345100 daimler 1500 1900;441345100 Daimler 1500 1900
20260320_21:53:24;9908;4;4;950;927.9;925;975;OK;950;956.1;925;975;OK;955.7;955.8;-15;-13.7;-50;-5;OK;-15;-8.1;-50;-5;OK;-10.4;-10.1;0;-15;-13.8;-50;-5;OK;300;333;300;500;OK;10.45;10.88;N/A;N/A;N/A;N/A;N/A;N/A;N/A;N/A;N/A;N/A;N/A;N/A;N/A;N/A;N/A;N/A;N/A;N/A;N/A;N/A;N/A;N/A;N/A;N/A;N/A;N/A;N/A;N/A;N/A;N/A;N/A;N/A;N/A;N/A;N/A;N/A;N/A;N/A;N/A;N/A;N/A;N/A;N/A;N/A;N/A;N/A;N/A;N/A;N/A;N/A;N/A;N/A;N/A;N/A;N/A;N/A;N/A;N/A;N/A;N/A;N/A;N/A;N/A;N/A;N/A;N/A;N/A;N/A;N/A;N/A;N/A;N/A;N/A;N/A;N/A;N/A;N/A;N/A;N/A;N/A;N/A;N/A;N/A;N/A;N/A;N/A;N/A;N/A;N/A;N/A;N/A;N/A;N/A;N/A;N/A;N/A;N/A;N/A;;0;322.2;0;0;;Disabled;TempStop;2;700;325.7;276.8;0;0;599.9;549.9;Enabled;PosOk;2;0;0;0;0;0;15;Disabled;0;0;0;0;0;0;0;0;0;0;0;0;0;0;0;0;0;0;0;0;0;0;0;0;0;0;0;0;0;0;0;0;0;0;0;0;0;0;0;0;0;0;0;0;0;0;0;0;0;0;0;0;0;0;0;0;0;0;0;0;0;0;0;0;0;0;0;0;0;0;30;31;20;45;30;29;20;45;30;31;20;45;30;29;20;45;200;142;100;300;200;140;100;300;200;140;100;300;200;140;100;300;30;30;20;45;30;29;20;45;30;30;20;45;30;29;20;45;200;144;100;300;200;143;100;300;200;242;100;300;200;244;100;300;4;2;0.4;6;4;5;0.4;6;4;2;0.4;6;4;5;0.4;6;4;2;0.4;6;4;5;0.4;6;4;3;0.4;6;4;5;0.4;6;NOK;NOK;OK;7000;7107;6500;8100;OK;4.98;0;8;12;NOK;N/A;1.5;N/A;N/A;N/A;9;12.3;7;18;OK;;0;0;0;-;Disabled;TempOk;2;230;41.9;42.2;0;0;349.9;441345100 daimler 1500 1900;441345100 daimler 1500 1900;441345100 Daimler 1500 1900
20260320_21:53:41;9909;3;5;950;942.9;925;975;OK;950;951.2;925;975;OK;951.2;951.2;-20;-13.6;-50;-25;NOK;-20;-16.1;-50;-25;NOK;-17.3;-17.3;0;-20;-13.5;-50;-25;NOK;300;333;300;500;OK;0;0;N/A;N/A;N/A;N/A;N/A;N/A;N/A;N/A;N/A;N/A;N/A;N/A;N/A;N/A;N/A;N/A;N/A;N/A;N/A;N/A;N/A;N/A;N/A;N/A;N/A;N/A;N/A;N/A;N/A;N/A;N/A;N/A;N/A;N/A;N/A;N/A;N/A;N/A;N/A;N/A;N/A;N/A;N/A;N/A;N/A;N/A;N/A;N/A;N/A;N/A;N/A;N/A;N/A;N/A;N/A;N/A;N/A;N/A;N/A;N/A;N/A;N/A;N/A;N/A;N/A;N/A;N/A;N/A;N/A;N/A;N/A;N/A;N/A;N/A;N/A;N/A;N/A;N/A;N/A;N/A;N/A;N/A;N/A;N/A;N/A;N/A;N/A;N/A;N/A;N/A;N/A;N/A;N/A;N/A;N/A;N/A;N/A;N/A;;0;322.1;0;0;;Disabled;TempStop;2;700;325.2;277.1;0;0;599.9;549.9;Enabled;PosOk;2;0;0;0;0;0;15;Disabled;0;0;0;0;0;0;0;0;0;0;0;0;0;0;0;0;0;0;0;0;0;0;0;0;0;0;0;0;0;0;0;0;0;0;0;0;0;0;0;0;0;0;0;0;0;0;0;0;0;0;0;0;0;0;0;0;0;0;0;0;0;0;0;0;0;0;0;0;0;0;30;31;20;45;30;29;20;45;30;32;20;45;30;29;20;45;200;142;100;300;200;140;100;300;200;140;100;300;200;140;100;300;30;31;20;45;30;29;20;45;30;30;20;45;30;29;20;45;200;144;100;300;200;143;100;300;200;243;100;300;200;244;100;300;4;2;0.4;6;4;5;0.4;6;4;2;0.4;6;4;5;0.4;6;4;2;0.4;6;4;5;0.4;6;4;2;0.4;6;4;5;0.4;6;NOK;NOK;OK;7000;7103;6500;8100;OK;4.98;0;8;12;NOK;N/A;1.5;N/A;N/A;N/A;9;11.9;7;18;OK;;0;0;0;-;Disabled;TempOk;2;230;41.7;42.7;0;0;349.9;441345100 daimler 1500 1900;441345100 daimler 1500 1900;441345100 Daimler 1500 1900
20260320_22:04:18;9911;1;1;950;948;925;975;OK;950;951.1;925;975;OK;951;951.1;-20;-17.8;-50;-25;NOK;-20;-16.6;-50;-25;NOK;-15.1;-15.8;0;-20;-17.8;-50;-25;NOK;300;320;300;500;OK;0;0;N/A;N/A;N/A;N/A;N/A;N/A;N/A;N/A;N/A;N/A;N/A;N/A;N/A;N/A;N/A;N/A;N/A;N/A;N/A;N/A;N/A;N/A;N/A;N/A;N/A;N/A;N/A;N/A;N/A;N/A;N/A;N/A;N/A;N/A;N/A;N/A;N/A;N/A;N/A;N/A;N/A;N/A;N/A;N/A;N/A;N/A;N/A;N/A;N/A;N/A;N/A;N/A;N/A;N/A;N/A;N/A;N/A;N/A;N/A;N/A;N/A;N/A;N/A;N/A;N/A;N/A;N/A;N/A;N/A;N/A;N/A;N/A;N/A;N/A;N/A;N/A;N/A;N/A;N/A;N/A;N/A;N/A;N/A;N/A;N/A;N/A;N/A;N/A;N/A;N/A;N/A;N/A;N/A;N/A;N/A;N/A;N/A;N/A;;0;323.4;0;0;;Disabled;TempStop;2;700;326.4;277.3;0;0;599.9;549.9;Enabled;PosOk;2;0;0;0;0;0;15;Disabled;0;0;0;0;0;0;0;0;0;0;0;0;0;0;0;0;0;0;0;0;0;0;0;0;0;0;0;0;0;0;0;0;0;0;0;0;0;0;0;0;0;0;0;0;0;0;0;0;0;0;0;0;0;0;0;0;0;0;0;0;0;0;0;0;0;0;0;0;0;0;30;30;20;45;30;29;20;45;30;30;20;45;30;29;20;45;200;141;100;300;200;139;100;300;200;140;100;300;200;140;100;300;30;29;20;45;30;29;20;45;30;29;20;45;30;29;20;45;200;144;100;300;200;143;100;300;200;242;100;300;200;244;100;300;4;2;0.4;6;4;5;0.4;6;4;2;0.4;6;4;5;0.4;6;4;2;0.4;6;4;5;0.4;6;4;2;0.4;6;4;5;0.4;6;NOK;NOK;OK;7000;7105;6500;8100;OK;4.97;0;8;12;NOK;N/A;1.5;N/A;N/A;N/A;9;12.2;7;18;OK;;0;0;0;-;Disabled;TempOk;2;230;39.7;40.4;0;0;349.9;441345100 daimler 1500 1900;441345100 daimler 1500 1900;441345100 Daimler 1500 1900
20260320_22:04:36;9912;2;1;950;948.2;925;975;OK;950;951.1;925;975;OK;950.9;951.1;-15;-27.1;-50;-20;OK;-15;-22.4;-50;-20;OK;-18.9;-20.4;0;-15;-27.2;-50;-20;OK;300;325;300;500;OK;0;0;N/A;N/A;N/A;N/A;N/A;N/A;N/A;N/A;N/A;N/A;N/A;N/A;N/A;N/A;N/A;N/A;N/A;N/A;N/A;N/A;N/A;N/A;N/A;N/A;N/A;N/A;N/A;N/A;N/A;N/A;N/A;N/A;N/A;N/A;N/A;N/A;N/A;N/A;N/A;N/A;N/A;N/A;N/A;N/A;N/A;N/A;N/A;N/A;N/A;N/A;N/A;N/A;N/A;N/A;N/A;N/A;N/A;N/A;N/A;N/A;N/A;N/A;N/A;N/A;N/A;N/A;N/A;N/A;N/A;N/A;N/A;N/A;N/A;N/A;N/A;N/A;N/A;N/A;N/A;N/A;N/A;N/A;N/A;N/A;N/A;N/A;N/A;N/A;N/A;N/A;N/A;N/A;N/A;N/A;N/A;N/A;N/A;N/A;;0;322.8;0;0;;Disabled;TempStop;2;700;325.7;278.6;0;0;599.9;549.9;Enabled;PosOk;2;0;0;0;0;0;15;Disabled;0;0;0;0;0;0;0;0;0;0;0;0;0;0;0;0;0;0;0;0;0;0;0;0;0;0;0;0;0;0;0;0;0;0;0;0;0;0;0;0;0;0;0;0;0;0;0;0;0;0;0;0;0;0;0;0;0;0;0;0;0;0;0;0;0;0;0;0;0;0;30;30;20;45;30;29;20;45;30;30;20;45;30;29;20;45;200;141;100;300;200;139;100;300;200;140;100;300;200;140;100;300;30;30;20;45;30;29;20;45;30;30;20;45;30;29;20;45;200;144;100;300;200;143;100;300;200;242;100;300;200;244;100;300;4;2;0.4;6;4;5;0.4;6;4;2;0.4;6;4;5;0.4;6;4;2;0.4;6;4;5;0.4;6;4;3;0.4;6;4;5;0.4;6;NOK;NOK;OK;7000;7097;6500;8100;OK;4.97;0;8;12;NOK;N/A;1.5;N/A;N/A;N/A;9;12.3;7;18;OK;;0;0;0;-;Disabled;TempOk;2;230;41.2;42.2;0;0;349.9;441345100 daimler 1500 1900;441345100 daimler 1500 1900;441345100 Daimler 1500 1900
20260320_22:04:54;9913;3;1;950;948;925;975;OK;950;951.4;925;975;OK;951.3;951.3;-20;-22.1;-50;-25;NOK;-20;-17.4;-50;-25;NOK;-14.2;-15.5;0;-20;-22.1;-50;-25;NOK;300;322;300;500;OK;0;0;N/A;N/A;N/A;N/A;N/A;N/A;N/A;N/A;N/A;N/A;N/A;N/A;N/A;N/A;N/A;N/A;N/A;N/A;N/A;N/A;N/A;N/A;N/A;N/A;N/A;N/A;N/A;N/A;N/A;N/A;N/A;N/A;N/A;N/A;N/A;N/A;N/A;N/A;N/A;N/A;N/A;N/A;N/A;N/A;N/A;N/A;N/A;N/A;N/A;N/A;N/A;N/A;N/A;N/A;N/A;N/A;N/A;N/A;N/A;N/A;N/A;N/A;N/A;N/A;N/A;N/A;N/A;N/A;N/A;N/A;N/A;N/A;N/A;N/A;N/A;N/A;N/A;N/A;N/A;N/A;N/A;N/A;N/A;N/A;N/A;N/A;N/A;N/A;N/A;N/A;N/A;N/A;N/A;N/A;N/A;N/A;N/A;N/A;;0;323.8;0;0;;Disabled;TempStop;2;700;327.6;277.8;0;0;599.9;549.9;Enabled;PosOk;2;0;0;0;0;0;15;Disabled;0;0;0;0;0;0;0;0;0;0;0;0;0;0;0;0;0;0;0;0;0;0;0;0;0;0;0;0;0;0;0;0;0;0;0;0;0;0;0;0;0;0;0;0;0;0;0;0;0;0;0;0;0;0;0;0;0;0;0;0;0;0;0;0;0;0;0;0;0;0;30;31;20;45;30;29;20;45;30;31;20;45;30;29;20;45;200;142;100;300;200;139;100;300;200;140;100;300;200;140;100;300;30;31;20;45;30;29;20;45;30;30;20;45;30;29;20;45;200;144;100;300;200;143;100;300;200;242;100;300;200;243;100;300;4;2;0.4;6;4;5;0.4;6;4;2;0.4;6;4;5;0.4;6;4;2;0.4;6;4;5;0.4;6;4;2;0.4;6;4;5;0.4;6;NOK;NOK;OK;7000;7113;6500;8100;OK;4.98;0;8;12;NOK;N/A;1.5;N/A;N/A;N/A;9;12.4;7;18;OK;;0;0;0;-;Disabled;TempOk;2;230;41.2;41.2;0;0;349.9;441345100 daimler 1500 1900;441345100 daimler 1500 1900;441345100 Daimler 1500 1900
20260320_22:05:12;9914;4;1;950;955.8;925;975;OK;950;952.4;925;975;OK;951.1;951.5;-15;-12;-50;-5;OK;-15;-18;-50;-5;OK;-18;-18.6;0;-15;-11.6;-50;-5;OK;300;326;300;500;OK;11.67;12.17;N/A;N/A;N/A;N/A;N/A;N/A;N/A;N/A;N/A;N/A;N/A;N/A;N/A;N/A;N/A;N/A;N/A;N/A;N/A;N/A;N/A;N/A;N/A;N/A;N/A;N/A;N/A;N/A;N/A;N/A;N/A;N/A;N/A;N/A;N/A;N/A;N/A;N/A;N/A;N/A;N/A;N/A;N/A;N/A;N/A;N/A;N/A;N/A;N/A;N/A;N/A;N/A;N/A;N/A;N/A;N/A;N/A;N/A;N/A;N/A;N/A;N/A;N/A;N/A;N/A;N/A;N/A;N/A;N/A;N/A;N/A;N/A;N/A;N/A;N/A;N/A;N/A;N/A;N/A;N/A;N/A;N/A;N/A;N/A;N/A;N/A;N/A;N/A;N/A;N/A;N/A;N/A;N/A;N/A;N/A;N/A;N/A;N/A;;0;323;0;0;;Disabled;TempStop;2;700;326.8;277.7;0;0;599.9;549.9;Enabled;PosOk;2;0;0;0;0;0;15;Disabled;0;0;0;0;0;0;0;0;0;0;0;0;0;0;0;0;0;0;0;0;0;0;0;0;0;0;0;0;0;0;0;0;0;0;0;0;0;0;0;0;0;0;0;0;0;0;0;0;0;0;0;0;0;0;0;0;0;0;0;0;0;0;0;0;0;0;0;0;0;0;30;32;20;45;30;30;20;45;30;32;20;45;30;29;20;45;200;142;100;300;200;140;100;300;200;140;100;300;200;140;100;300;30;32;20;45;30;29;20;45;30;31;20;45;30;29;20;45;200;144;100;300;200;143;100;300;200;242;100;300;200;243;100;300;4;2;0.4;6;4;5;0.4;6;4;2;0.4;6;4;5;0.4;6;4;2;0.4;6;4;5;0.4;6;4;2;0.4;6;4;5;0.4;6;NOK;NOK;OK;7000;7100;6500;8100;OK;4.97;0;8;12;NOK;N/A;1.5;N/A;N/A;N/A;9;12.5;7;18;OK;;0;0;0;-;Disabled;TempOk;2;230;41.7;41.9;0;0;349.9;441345100 daimler 1500 1900;441345100 daimler 1500 1900;441345100 Daimler 1500 1900
20260320_22:05:30;9915;1;2;950;948;925;975;OK;950;951.6;925;975;OK;951.6;951.6;-20;-15.8;-50;-25;NOK;-20;-14.8;-50;-25;NOK;-15.1;-16.1;0;-20;-15.6;-50;-25;NOK;300;322;300;500;OK;0;0;N/A;N/A;N/A;N/A;N/A;N/A;N/A;N/A;N/A;N/A;N/A;N/A;N/A;N/A;N/A;N/A;N/A;N/A;N/A;N/A;N/A;N/A;N/A;N/A;N/A;N/A;N/A;N/A;N/A;N/A;N/A;N/A;N/A;N/A;N/A;N/A;N/A;N/A;N/A;N/A;N/A;N/A;N/A;N/A;N/A;N/A;N/A;N/A;N/A;N/A;N/A;N/A;N/A;N/A;N/A;N/A;N/A;N/A;N/A;N/A;N/A;N/A;N/A;N/A;N/A;N/A;N/A;N/A;N/A;N/A;N/A;N/A;N/A;N/A;N/A;N/A;N/A;N/A;N/A;N/A;N/A;N/A;N/A;N/A;N/A;N/A;N/A;N/A;N/A;N/A;N/A;N/A;N/A;N/A;N/A;N/A;N/A;N/A;;0;324.9;0;0;;Disabled;TempStop;2;700;328.9;278.2;0;0;599.9;549.9;Enabled;PosOk;2;0;0;0;0;0;15;Disabled;0;0;0;0;0;0;0;0;0;0;0;0;0;0;0;0;0;0;0;0;0;0;0;0;0;0;0;0;0;0;0;0;0;0;0;0;0;0;0;0;0;0;0;0;0;0;0;0;0;0;0;0;0;0;0;0;0;0;0;0;0;0;0;0;0;0;0;0;0;0;30;32;20;45;30;30;20;45;30;32;20;45;30;30;20;45;200;141;100;300;200;139;100;300;200;140;100;300;200;140;100;300;30;32;20;45;30;30;20;45;30;31;20;45;30;30;20;45;200;145;100;300;200;143;100;300;200;243;100;300;200;243;100;300;4;2;0.4;6;4;5;0.4;6;4;2;0.4;6;4;5;0.4;6;4;2;0.4;6;4;5;0.4;6;4;2;0.4;6;4;5;0.4;6;NOK;NOK;OK;7000;7107;6500;8100;OK;4.98;0;8;12;NOK;N/A;1.5;N/A;N/A;N/A;9;11.8;7;18;OK;;0;0;0;-;Disabled;TempOk;2;230;41.4;42.2;0;0;349.9;441345100 daimler 1500 1900;441345100 daimler 1500 1900;441345100 Daimler 1500 1900
20260320_22:05:48;9916;2;2;950;946.9;925;975;OK;950;950.8;925;975;OK;950.7;950.9;-15;-32.2;-50;-20;OK;-15;-24.3;-50;-20;OK;-20.2;-21.9;0;-15;-32.2;-50;-20;OK;300;327;300;500;OK;0;0;N/A;N/A;N/A;N/A;N/A;N/A;N/A;N/A;N/A;N/A;N/A;N/A;N/A;N/A;N/A;N/A;N/A;N/A;N/A;N/A;N/A;N/A;N/A;N/A;N/A;N/A;N/A;N/A;N/A;N/A;N/A;N/A;N/A;N/A;N/A;N/A;N/A;N/A;N/A;N/A;N/A;N/A;N/A;N/A;N/A;N/A;N/A;N/A;N/A;N/A;N/A;N/A;N/A;N/A;N/A;N/A;N/A;N/A;N/A;N/A;N/A;N/A;N/A;N/A;N/A;N/A;N/A;N/A;N/A;N/A;N/A;N/A;N/A;N/A;N/A;N/A;N/A;N/A;N/A;N/A;N/A;N/A;N/A;N/A;N/A;N/A;N/A;N/A;N/A;N/A;N/A;N/A;N/A;N/A;N/A;N/A;N/A;N/A;;0;328.2;0;0;;Disabled;TempStop;2;700;332.1;280.1;0;0;599.9;549.9;Enabled;PosOk;2;0;0;0;0;0;15;Disabled;0;0;0;0;0;0;0;0;0;0;0;0;0;0;0;0;0;0;0;0;0;0;0;0;0;0;0;0;0;0;0;0;0;0;0;0;0;0;0;0;0;0;0;0;0;0;0;0;0;0;0;0;0;0;0;0;0;0;0;0;0;0;0;0;0;0;0;0;0;0;30;33;20;45;30;30;20;45;30;33;20;45;30;30;20;45;200;142;100;300;200;140;100;300;200;140;100;300;200;140;100;300;30;32;20;45;30;30;20;45;30;31;20;45;30;30;20;45;200;144;100;300;200;143;100;300;200;242;100;300;200;243;100;300;4;2;0.4;6;4;5;0.4;6;4;2;0.4;6;4;5;0.4;6;4;2;0.4;6;4;5;0.4;6;4;2;0.4;6;4;5;0.4;6;NOK;NOK;OK;7000;7120;6500;8100;OK;4.98;0;8;12;NOK;N/A;1.5;N/A;N/A;N/A;9;11.8;7;18;OK;;0;0;0;-;Disabled;TempOk;2;230;41.9;42.2;0;0;349.9;441345100 daimler 1500 1900;441345100 daimler 1500 1900;441345100 Daimler 1500 1900
20260320_22:06:06;9917;3;2;950;947.5;925;975;OK;950;951.7;925;975;OK;951.7;951.8;-20;-22.1;-50;-25;NOK;-20;-17.6;-50;-25;NOK;-16.2;-17.5;0;-20;-21.9;-50;-25;NOK;300;324;300;500;OK;0;0;N/A;N/A;N/A;N/A;N/A;N/A;N/A;N/A;N/A;N/A;N/A;N/A;N/A;N/A;N/A;N/A;N/A;N/A;N/A;N/A;N/A;N/A;N/A;N/A;N/A;N/A;N/A;N/A;N/A;N/A;N/A;N/A;N/A;N/A;N/A;N/A;N/A;N/A;N/A;N/A;N/A;N/A;N/A;N/A;N/A;N/A;N/A;N/A;N/A;N/A;N/A;N/A;N/A;N/A;N/A;N/A;N/A;N/A;N/A;N/A;N/A;N/A;N/A;N/A;N/A;N/A;N/A;N/A;N/A;N/A;N/A;N/A;N/A;N/A;N/A;N/A;N/A;N/A;N/A;N/A;N/A;N/A;N/A;N/A;N/A;N/A;N/A;N/A;N/A;N/A;N/A;N/A;N/A;N/A;N/A;N/A;N/A;N/A;;0;324.1;0;0;;Disabled;TempStop;2;700;328;277.5;0;0;599.9;549.9;Enabled;PosOk;2;0;0;0;0;0;15;Disabled;0;0;0;0;0;0;0;0;0;0;0;0;0;0;0;0;0;0;0;0;0;0;0;0;0;0;0;0;0;0;0;0;0;0;0;0;0;0;0;0;0;0;0;0;0;0;0;0;0;0;0;0;0;0;0;0;0;0;0;0;0;0;0;0;0;0;0;0;0;0;30;33;20;45;30;30;20;45;30;33;20;45;30;30;20;45;200;142;100;300;200;139;100;300;200;140;100;300;200;140;100;300;30;32;20;45;30;30;20;45;30;31;20;45;30;30;20;45;200;144;100;300;200;143;100;300;200;242;100;300;200;244;100;300;4;2;0.4;6;4;5;0.4;6;4;2;0.4;6;4;5;0.4;6;4;2;0.4;6;4;5;0.4;6;4;2;0.4;6;4;5;0.4;6;NOK;NOK;OK;7000;7107;6500;8100;OK;4.98;0;8;12;NOK;N/A;1.5;N/A;N/A;N/A;9;11.9;7;18;OK;;0;0;0;-;Disabled;TempOk;2;230;41.2;41.7;0;0;349.9;441345100 daimler 1500 1900;441345100 daimler 1500 1900;441345100 Daimler 1500 1900
20260320_22:06:24;9918;4;2;950;956;925;975;OK;950;958;925;975;OK;957.8;957.9;-15;-23.7;-50;-5;OK;-15;-16.4;-50;-5;OK;-16.3;-16.6;0;-15;-23.4;-50;-5;OK;300;329;300;500;OK;11.76;12.24;N/A;N/A;N/A;N/A;N/A;N/A;N/A;N/A;N/A;N/A;N/A;N/A;N/A;N/A;N/A;N/A;N/A;N/A;N/A;N/A;N/A;N/A;N/A;N/A;N/A;N/A;N/A;N/A;N/A;N/A;N/A;N/A;N/A;N/A;N/A;N/A;N/A;N/A;N/A;N/A;N/A;N/A;N/A;N/A;N/A;N/A;N/A;N/A;N/A;N/A;N/A;N/A;N/A;N/A;N/A;N/A;N/A;N/A;N/A;N/A;N/A;N/A;N/A;N/A;N/A;N/A;N/A;N/A;N/A;N/A;N/A;N/A;N/A;N/A;N/A;N/A;N/A;N/A;N/A;N/A;N/A;N/A;N/A;N/A;N/A;N/A;N/A;N/A;N/A;N/A;N/A;N/A;N/A;N/A;N/A;N/A;N/A;N/A;;0;324.2;0;0;;Disabled;TempStop;2;700;328;278;0;0;599.9;549.9;Enabled;PosOk;2;0;0;0;0;0;15;Disabled;0;0;0;0;0;0;0;0;0;0;0;0;0;0;0;0;0;0;0;0;0;0;0;0;0;0;0;0;0;0;0;0;0;0;0;0;0;0;0;0;0;0;0;0;0;0;0;0;0;0;0;0;0;0;0;0;0;0;0;0;0;0;0;0;0;0;0;0;0;0;30;33;20;45;30;30;20;45;30;33;20;45;30;30;20;45;200;142;100;300;200;140;100;300;200;141;100;300;200;140;100;300;30;32;20;45;30;30;20;45;30;31;20;45;30;30;20;45;200;145;100;300;200;143;100;300;200;243;100;300;200;244;100;300;4;2;0.4;6;4;5;0.4;6;4;2;0.4;6;4;5;0.4;6;4;2;0.4;6;4;5;0.4;6;4;2;0.4;6;4;5;0.4;6;NOK;NOK;OK;7000;7103;6500;8100;OK;4.98;0;8;12;NOK;N/A;1.5;N/A;N/A;N/A;9;11.8;7;18;OK;;0;0;0;-;Disabled;TempOk;2;230;41.7;42.4;0;0;349.9;441345100 daimler 1500 1900;441345100 daimler 1500 1900;441345100 Daimler 1500 1900
20260320_22:06:42;9919;1;3;950;947.7;925;975;OK;950;951.5;925;975;OK;951.5;951.6;-20;-15.5;-50;-25;NOK;-20;-15.5;-50;-25;NOK;-17.9;-17.8;0;-20;-15.4;-50;-25;NOK;300;325;300;500;OK;0;0;N/A;N/A;N/A;N/A;N/A;N/A;N/A;N/A;N/A;N/A;N/A;N/A;N/A;N/A;N/A;N/A;N/A;N/A;N/A;N/A;N/A;N/A;N/A;N/A;N/A;N/A;N/A;N/A;N/A;N/A;N/A;N/A;N/A;N/A;N/A;N/A;N/A;N/A;N/A;N/A;N/A;N/A;N/A;N/A;N/A;N/A;N/A;N/A;N/A;N/A;N/A;N/A;N/A;N/A;N/A;N/A;N/A;N/A;N/A;N/A;N/A;N/A;N/A;N/A;N/A;N/A;N/A;N/A;N/A;N/A;N/A;N/A;N/A;N/A;N/A;N/A;N/A;N/A;N/A;N/A;N/A;N/A;N/A;N/A;N/A;N/A;N/A;N/A;N/A;N/A;N/A;N/A;N/A;N/A;N/A;N/A;N/A;N/A;;0;325.9;0;0;;Disabled;TempStop;2;700;329.8;279.1;0;0;599.9;549.9;Enabled;PosOk;2;0;0;0;0;0;15;Disabled;0;0;0;0;0;0;0;0;0;0;0;0;0;0;0;0;0;0;0;0;0;0;0;0;0;0;0;0;0;0;0;0;0;0;0;0;0;0;0;0;0;0;0;0;0;0;0;0;0;0;0;0;0;0;0;0;0;0;0;0;0;0;0;0;0;0;0;0;0;0;30;33;20;45;30;30;20;45;30;33;20;45;30;30;20;45;200;142;100;300;200;140;100;300;200;140;100;300;200;140;100;300;30;32;20;45;30;30;20;45;30;32;20;45;30;30;20;45;200;144;100;300;200;143;100;300;200;243;100;300;200;244;100;300;4;2;0.4;6;4;5;0.4;6;4;2;0.4;6;4;5;0.4;6;4;2;0.4;6;4;5;0.4;6;4;2;0.4;6;4;5;0.4;6;NOK;NOK;OK;7000;7092;6500;8100;OK;4.98;0;8;12;NOK;N/A;1.5;N/A;N/A;N/A;9;11.6;7;18;OK;;0;0;0;-;Disabled;TempOk;2;230;42.2;42.4;0;0;349.9;441345100 daimler 1500 1900;441345100 daimler 1500 1900;441345100 Daimler 1500 1900
20260320_22:07:00;9920;4;3;950;956.6;925;975;OK;950;959;925;975;OK;958.9;959;-15;-20.1;-50;-5;OK;-15;-16.5;-50;-5;OK;-17.5;-17.4;0;-15;-19.9;-50;-5;OK;300;330;300;500;OK;11.82;12.28;N/A;N/A;N/A;N/A;N/A;N/A;N/A;N/A;N/A;N/A;N/A;N/A;N/A;N/A;N/A;N/A;N/A;N/A;N/A;N/A;N/A;N/A;N/A;N/A;N/A;N/A;N/A;N/A;N/A;N/A;N/A;N/A;N/A;N/A;N/A;N/A;N/A;N/A;N/A;N/A;N/A;N/A;N/A;N/A;N/A;N/A;N/A;N/A;N/A;N/A;N/A;N/A;N/A;N/A;N/A;N/A;N/A;N/A;N/A;N/A;N/A;N/A;N/A;N/A;N/A;N/A;N/A;N/A;N/A;N/A;N/A;N/A;N/A;N/A;N/A;N/A;N/A;N/A;N/A;N/A;N/A;N/A;N/A;N/A;N/A;N/A;N/A;N/A;N/A;N/A;N/A;N/A;N/A;N/A;N/A;N/A;N/A;N/A;;0;322.9;0;0;;Disabled;TempStop;2;700;326.8;276.9;0;0;599.9;549.9;Enabled;PosOk;2;0;0;0;0;0;15;Disabled;0;0;0;0;0;0;0;0;0;0;0;0;0;0;0;0;0;0;0;0;0;0;0;0;0;0;0;0;0;0;0;0;0;0;0;0;0;0;0;0;0;0;0;0;0;0;0;0;0;0;0;0;0;0;0;0;0;0;0;0;0;0;0;0;0;0;0;0;0;0;30;33;20;45;30;30;20;45;30;33;20;45;30;30;20;45;200;142;100;300;200;140;100;300;200;140;100;300;200;140;100;300;30;33;20;45;30;30;20;45;30;32;20;45;30;30;20;45;200;144;100;300;200;143;100;300;200;243;100;300;200;243;100;300;4;2;0.4;6;4;5;0.4;6;4;2;0.4;6;4;5;0.4;6;4;2;0.4;6;4;5;0.4;6;4;2;0.4;6;4;5;0.4;6;NOK;NOK;OK;7000;7101;6500;8100;OK;4.98;0;8;12;NOK;N/A;1.5;N/A;N/A;N/A;9;11.7;7;18;OK;;0;0;0;-;Disabled;TempOk;2;230;42.2;42.4;0;0;349.9;441345100 daimler 1500 1900;441345100 daimler 1500 1900;441345100 Daimler 1500 1900
20260320_22:07:18;9921;3;3;950;948.5;925;975;OK;950;951.3;925;975;OK;951.6;951.6;-20;-22.2;-50;-25;NOK;-20;-17;-50;-25;NOK;-14.7;-15.9;0;-20;-22;-50;-25;NOK;300;326;300;500;OK;0;0;N/A;N/A;N/A;N/A;N/A;N/A;N/A;N/A;N/A;N/A;N/A;N/A;N/A;N/A;N/A;N/A;N/A;N/A;N/A;N/A;N/A;N/A;N/A;N/A;N/A;N/A;N/A;N/A;N/A;N/A;N/A;N/A;N/A;N/A;N/A;N/A;N/A;N/A;N/A;N/A;N/A;N/A;N/A;N/A;N/A;N/A;N/A;N/A;N/A;N/A;N/A;N/A;N/A;N/A;N/A;N/A;N/A;N/A;N/A;N/A;N/A;N/A;N/A;N/A;N/A;N/A;N/A;N/A;N/A;N/A;N/A;N/A;N/A;N/A;N/A;N/A;N/A;N/A;N/A;N/A;N/A;N/A;N/A;N/A;N/A;N/A;N/A;N/A;N/A;N/A;N/A;N/A;N/A;N/A;N/A;N/A;N/A;N/A;;0;323.8;0;0;;Disabled;TempStop;2;700;327.7;277.2;0;0;599.9;549.9;Enabled;PosOk;2;0;0;0;0;0;15;Disabled;0;0;0;0;0;0;0;0;0;0;0;0;0;0;0;0;0;0;0;0;0;0;0;0;0;0;0;0;0;0;0;0;0;0;0;0;0;0;0;0;0;0;0;0;0;0;0;0;0;0;0;0;0;0;0;0;0;0;0;0;0;0;0;0;0;0;0;0;0;0;30;33;20;45;30;30;20;45;30;33;20;45;30;30;20;45;200;142;100;300;200;140;100;300;200;141;100;300;200;140;100;300;30;33;20;45;30;30;20;45;30;32;20;45;30;30;20;45;200;144;100;300;200;143;100;300;200;242;100;300;200;243;100;300;4;2;0.4;6;4;5;0.4;6;4;2;0.4;6;4;5;0.4;6;4;2;0.4;6;4;5;0.4;6;4;2;0.4;6;4;5;0.4;6;NOK;NOK;OK;7000;7094;6500;8100;OK;4.97;0;8;12;NOK;N/A;1.5;N/A;N/A;N/A;9;11.5;7;18;OK;;0;0;0;-;Disabled;TempOk;2;230;42.4;42.7;0;0;349.9;441345100 daimler 1500 1900;441345100 daimler 1500 1900;441345100 Daimler 1500 1900
20260320_22:18:23;9922;2;1;950;948.8;925;975;OK;950;950.9;925;975;OK;951;951.2;-15;-26.9;-50;-20;OK;-15;-21.6;-50;-20;OK;-18.9;-20.1;0;-15;-27;-50;-20;OK;300;317;300;500;OK;0;0;N/A;N/A;N/A;N/A;N/A;N/A;N/A;N/A;N/A;N/A;N/A;N/A;N/A;N/A;N/A;N/A;N/A;N/A;N/A;N/A;N/A;N/A;N/A;N/A;N/A;N/A;N/A;N/A;N/A;N/A;N/A;N/A;N/A;N/A;N/A;N/A;N/A;N/A;N/A;N/A;N/A;N/A;N/A;N/A;N/A;N/A;N/A;N/A;N/A;N/A;N/A;N/A;N/A;N/A;N/A;N/A;N/A;N/A;N/A;N/A;N/A;N/A;N/A;N/A;N/A;N/A;N/A;N/A;N/A;N/A;N/A;N/A;N/A;N/A;N/A;N/A;N/A;N/A;N/A;N/A;N/A;N/A;N/A;N/A;N/A;N/A;N/A;N/A;N/A;N/A;N/A;N/A;N/A;N/A;N/A;N/A;N/A;N/A;;0;323.1;0;0;;Disabled;TempStop;2;700;326.2;277.5;0;0;599.9;549.9;Enabled;PosOk;2;0;0;0;0;0;15;Disabled;0;0;0;0;0;0;0;0;0;0;0;0;0;0;0;0;0;0;0;0;0;0;0;0;0;0;0;0;0;0;0;0;0;0;0;0;0;0;0;0;0;0;0;0;0;0;0;0;0;0;0;0;0;0;0;0;0;0;0;0;0;0;0;0;0;0;0;0;0;0;30;29;20;45;30;29;20;45;30;29;20;45;30;29;20;45;200;141;100;300;200;140;100;300;200;141;100;300;200;140;100;300;30;29;20;45;30;29;20;45;30;29;20;45;30;29;20;45;200;144;100;300;200;143;100;300;200;242;100;300;200;243;100;300;4;2;0.4;6;4;5;0.4;6;4;2;0.4;6;4;5;0.4;6;4;2;0.4;6;4;5;0.4;6;4;2;0.4;6;4;5;0.4;6;NOK;NOK;OK;7000;7110;6500;8100;OK;4.97;0;8;12;NOK;N/A;1.5;N/A;N/A;N/A;9;11.7;7;18;OK;;0;0;0;-;Disabled;TempOk;2;230;39.7;40.2;0;0;349.9;441345100 daimler 1500 1900;441345100 daimler 1500 1900;441345100 Daimler 1500 1900
20260320_22:21:05;9924;1;1;950;947.6;925;975;OK;950;951;925;975;OK;951.1;951;-20;-18.3;-50;-25;NOK;-20;-16.5;-50;-25;NOK;-14.8;-15.5;0;-20;-18.3;-50;-25;NOK;300;325;300;500;OK;0;0;N/A;N/A;N/A;N/A;N/A;N/A;N/A;N/A;N/A;N/A;N/A;N/A;N/A;N/A;N/A;N/A;N/A;N/A;N/A;N/A;N/A;N/A;N/A;N/A;N/A;N/A;N/A;N/A;N/A;N/A;N/A;N/A;N/A;N/A;N/A;N/A;N/A;N/A;N/A;N/A;N/A;N/A;N/A;N/A;N/A;N/A;N/A;N/A;N/A;N/A;N/A;N/A;N/A;N/A;N/A;N/A;N/A;N/A;N/A;N/A;N/A;N/A;N/A;N/A;N/A;N/A;N/A;N/A;N/A;N/A;N/A;N/A;N/A;N/A;N/A;N/A;N/A;N/A;N/A;N/A;N/A;N/A;N/A;N/A;N/A;N/A;N/A;N/A;N/A;N/A;N/A;N/A;N/A;N/A;N/A;N/A;N/A;N/A;;0;323.7;0;0;;Disabled;TempStop;2;700;326.4;277.5;0;0;599.9;549.9;Enabled;PosOk;2;0;0;0;0;0;15;Disabled;0;0;0;0;0;0;0;0;0;0;0;0;0;0;0;0;0;0;0;0;0;0;0;0;0;0;0;0;0;0;0;0;0;0;0;0;0;0;0;0;0;0;0;0;0;0;0;0;0;0;0;0;0;0;0;0;0;0;0;0;0;0;0;0;0;0;0;0;0;0;30;30;20;45;30;30;20;45;30;30;20;45;30;30;20;45;200;142;100;300;200;139;100;300;200;140;100;300;200;140;100;300;30;30;20;45;30;30;20;45;30;30;20;45;30;30;20;45;200;144;100;300;200;143;100;300;200;242;100;300;200;243;100;300;4;2;0.4;6;4;5;0.4;6;4;2;0.4;6;4;5;0.4;6;4;2;0.4;6;4;5;0.4;6;4;2;0.4;6;4;5;0.4;6;NOK;NOK;OK;7000;7092;6500;8100;OK;4.97;0;8;12;NOK;N/A;1.5;N/A;N/A;N/A;9;12.4;7;18;OK;;0;0;0;-;Disabled;TempOk;2;230;39.3;39.9;0;0;349.9;441345100 daimler 1500 1900;441345100 daimler 1500 1900;441345100 Daimler 1500 1900
20260320_22:21:23;9926;4;1;950;952.7;925;975;OK;950;953.3;925;975;OK;950.6;951.1;-15;-8.1;-50;-5;OK;-15;-20;-50;-5;OK;-19.8;-20.9;0;-15;-7.9;-50;-5;OK;300;336;300;500;OK;13.17;13.67;N/A;N/A;N/A;N/A;N/A;N/A;N/A;N/A;N/A;N/A;N/A;N/A;N/A;N/A;N/A;N/A;N/A;N/A;N/A;N/A;N/A;N/A;N/A;N/A;N/A;N/A;N/A;N/A;N/A;N/A;N/A;N/A;N/A;N/A;N/A;N/A;N/A;N/A;N/A;N/A;N/A;N/A;N/A;N/A;N/A;N/A;N/A;N/A;N/A;N/A;N/A;N/A;N/A;N/A;N/A;N/A;N/A;N/A;N/A;N/A;N/A;N/A;N/A;N/A;N/A;N/A;N/A;N/A;N/A;N/A;N/A;N/A;N/A;N/A;N/A;N/A;N/A;N/A;N/A;N/A;N/A;N/A;N/A;N/A;N/A;N/A;N/A;N/A;N/A;N/A;N/A;N/A;N/A;N/A;N/A;N/A;N/A;N/A;;0;324.7;0;0;;Disabled;TempStop;2;700;327.6;280.2;0;0;599.9;549.9;Enabled;PosOk;2;0;0;0;0;0;15;Disabled;0;0;0;0;0;0;0;0;0;0;0;0;0;0;0;0;0;0;0;0;0;0;0;0;0;0;0;0;0;0;0;0;0;0;0;0;0;0;0;0;0;0;0;0;0;0;0;0;0;0;0;0;0;0;0;0;0;0;0;0;0;0;0;0;0;0;0;0;0;0;30;31;20;45;30;30;20;45;30;31;20;45;30;30;20;45;200;142;100;300;200;140;100;300;200;141;100;300;200;140;100;300;30;31;20;45;30;30;20;45;30;31;20;45;30;30;20;45;200;144;100;300;200;143;100;300;200;243;100;300;200;244;100;300;4;2;0.4;6;4;5;0.4;6;4;2;0.4;6;4;5;0.4;6;4;2;0.4;6;4;5;0.4;6;4;2;0.4;6;4;5;0.4;6;NOK;NOK;OK;7000;7094;6500;8100;OK;4.97;0;8;12;NOK;N/A;1.51;N/A;N/A;N/A;9;12.4;7;18;OK;;0;0;0;-;Disabled;TempOk;2;230;39.5;39.9;0;0;349.9;441345100 daimler 1500 1900;441345100 daimler 1500 1900;441345100 Daimler 1500 1900
20260320_22:21:41;9927;3;1;950;948.3;925;975;OK;950;951.3;925;975;OK;951.3;951.3;-20;-23.9;-50;-25;NOK;-20;-17.3;-50;-25;NOK;-14.5;-15.8;0;-20;-23.9;-50;-25;NOK;300;313;300;500;OK;0;0;N/A;N/A;N/A;N/A;N/A;N/A;N/A;N/A;N/A;N/A;N/A;N/A;N/A;N/A;N/A;N/A;N/A;N/A;N/A;N/A;N/A;N/A;N/A;N/A;N/A;N/A;N/A;N/A;N/A;N/A;N/A;N/A;N/A;N/A;N/A;N/A;N/A;N/A;N/A;N/A;N/A;N/A;N/A;N/A;N/A;N/A;N/A;N/A;N/A;N/A;N/A;N/A;N/A;N/A;N/A;N/A;N/A;N/A;N/A;N/A;N/A;N/A;N/A;N/A;N/A;N/A;N/A;N/A;N/A;N/A;N/A;N/A;N/A;N/A;N/A;N/A;N/A;N/A;N/A;N/A;N/A;N/A;N/A;N/A;N/A;N/A;N/A;N/A;N/A;N/A;N/A;N/A;N/A;N/A;N/A;N/A;N/A;N/A;;0;324.6;0;0;;Disabled;TempStop;2;700;328.2;278.5;0;0;599.9;549.9;Enabled;PosOk;2;0;0;0;0;0;15;Disabled;0;0;0;0;0;0;0;0;0;0;0;0;0;0;0;0;0;0;0;0;0;0;0;0;0;0;0;0;0;0;0;0;0;0;0;0;0;0;0;0;0;0;0;0;0;0;0;0;0;0;0;0;0;0;0;0;0;0;0;0;0;0;0;0;0;0;0;0;0;0;30;32;20;45;30;30;20;45;30;32;20;45;30;30;20;45;200;142;100;300;200;139;100;300;200;141;100;300;200;140;100;300;30;32;20;45;30;30;20;45;30;31;20;45;30;30;20;45;200;144;100;300;200;143;100;300;200;243;100;300;200;244;100;300;4;2;0.4;6;4;5;0.4;6;4;2;0.4;6;4;5;0.4;6;4;2;0.4;6;4;5;0.4;6;4;2;0.4;6;4;5;0.4;6;NOK;NOK;OK;7000;7098;6500;8100;OK;4.97;0;8;12;NOK;N/A;1.5;N/A;N/A;N/A;9;12.5;7;18;OK;;0;0;0;-;Disabled;TempOk;2;230;39.7;40.2;0;0;349.9;441345100 daimler 1500 1900;441345100 daimler 1500 1900;441345100 Daimler 1500 1900
20260320_22:21:59;9928;2;2;950;947.4;925;975;OK;950;950.8;925;975;OK;950.7;950.9;-15;-30;-50;-20;OK;-15;-21.6;-50;-20;OK;-18.4;-19.6;0;-15;-30.1;-50;-20;OK;300;317;300;500;OK;0;0;N/A;N/A;N/A;N/A;N/A;N/A;N/A;N/A;N/A;N/A;N/A;N/A;N/A;N/A;N/A;N/A;N/A;N/A;N/A;N/A;N/A;N/A;N/A;N/A;N/A;N/A;N/A;N/A;N/A;N/A;N/A;N/A;N/A;N/A;N/A;N/A;N/A;N/A;N/A;N/A;N/A;N/A;N/A;N/A;N/A;N/A;N/A;N/A;N/A;N/A;N/A;N/A;N/A;N/A;N/A;N/A;N/A;N/A;N/A;N/A;N/A;N/A;N/A;N/A;N/A;N/A;N/A;N/A;N/A;N/A;N/A;N/A;N/A;N/A;N/A;N/A;N/A;N/A;N/A;N/A;N/A;N/A;N/A;N/A;N/A;N/A;N/A;N/A;N/A;N/A;N/A;N/A;N/A;N/A;N/A;N/A;N/A;N/A;;0;329.1;0;0;;Disabled;TempStop;2;700;333.1;280.8;0;0;599.9;549.9;Enabled;PosOk;2;0;0;0;0;0;15;Disabled;0;0;0;0;0;0;0;0;0;0;0;0;0;0;0;0;0;0;0;0;0;0;0;0;0;0;0;0;0;0;0;0;0;0;0;0;0;0;0;0;0;0;0;0;0;0;0;0;0;0;0;0;0;0;0;0;0;0;0;0;0;0;0;0;0;0;0;0;0;0;30;33;20;45;30;30;20;45;30;33;20;45;30;30;20;45;200;142;100;300;200;140;100;300;200;141;100;300;200;140;100;300;30;32;20;45;30;30;20;45;30;31;20;45;30;30;20;45;200;144;100;300;200;143;100;300;200;242;100;300;200;244;100;300;4;2;0.4;6;4;5;0.4;6;4;2;0.4;6;4;5;0.4;6;4;2;0.4;6;4;5;0.4;6;4;2;0.4;6;4;5;0.4;6;NOK;NOK;OK;7000;7099;6500;8100;OK;4.98;0;8;12;NOK;N/A;1.5;N/A;N/A;N/A;9;11.9;7;18;OK;;0;0;0;-;Disabled;TempOk;2;230;39.9;41.7;0;0;349.9;441345100 daimler 1500 1900;441345100 daimler 1500 1900;441345100 Daimler 1500 1900
20260320_22:22:17;9929;1;2;950;948.3;925;975;OK;950;951.7;925;975;OK;951.7;951.5;-20;-15.3;-50;-25;NOK;-20;-14.2;-50;-25;NOK;-15.3;-16.2;0;-20;-15.1;-50;-25;NOK;300;314;300;500;OK;0;0;N/A;N/A;N/A;N/A;N/A;N/A;N/A;N/A;N/A;N/A;N/A;N/A;N/A;N/A;N/A;N/A;N/A;N/A;N/A;N/A;N/A;N/A;N/A;N/A;N/A;N/A;N/A;N/A;N/A;N/A;N/A;N/A;N/A;N/A;N/A;N/A;N/A;N/A;N/A;N/A;N/A;N/A;N/A;N/A;N/A;N/A;N/A;N/A;N/A;N/A;N/A;N/A;N/A;N/A;N/A;N/A;N/A;N/A;N/A;N/A;N/A;N/A;N/A;N/A;N/A;N/A;N/A;N/A;N/A;N/A;N/A;N/A;N/A;N/A;N/A;N/A;N/A;N/A;N/A;N/A;N/A;N/A;N/A;N/A;N/A;N/A;N/A;N/A;N/A;N/A;N/A;N/A;N/A;N/A;N/A;N/A;N/A;N/A;;0;325.6;0;0;;Disabled;TempStop;2;700;329.5;278.2;0;0;599.9;549.9;Enabled;PosOk;2;0;0;0;0;0;15;Disabled;0;0;0;0;0;0;0;0;0;0;0;0;0;0;0;0;0;0;0;0;0;0;0;0;0;0;0;0;0;0;0;0;0;0;0;0;0;0;0;0;0;0;0;0;0;0;0;0;0;0;0;0;0;0;0;0;0;0;0;0;0;0;0;0;0;0;0;0;0;0;30;33;20;45;30;30;20;45;30;33;20;45;30;30;20;45;200;142;100;300;200;140;100;300;200;141;100;300;200;140;100;300;30;32;20;45;30;30;20;45;30;31;20;45;30;30;20;45;200;144;100;300;200;143;100;300;200;242;100;300;200;244;100;300;4;2;0.4;6;4;5;0.4;6;4;2;0.4;6;4;5;0.4;6;4;2;0.4;6;4;5;0.4;6;4;2;0.4;6;4;5;0.4;6;NOK;NOK;OK;7000;7111;6500;8100;OK;4.98;0;8;12;NOK;N/A;1.5;N/A;N/A;N/A;9;11.8;7;18;OK;;0;0;0;-;Disabled;TempOk;2;230;40.2;41.7;0;0;349.9;441345100 daimler 1500 1900;441345100 daimler 1500 1900;441345100 Daimler 1500 1900
20260320_22:22:23;9930;4;2;950;955.8;925;975;OK;950;957.1;925;975;OK;953.6;955.5;-15;-17.6;-50;-5;OK;-15;-18.3;-50;-5;OK;-17.6;-18.3;0;-15;-17.1;-50;-5;OK;300;318;300;500;OK;13.3;13.75;N/A;N/A;N/A;N/A;N/A;N/A;N/A;N/A;N/A;N/A;N/A;N/A;N/A;N/A;N/A;N/A;N/A;N/A;N/A;N/A;N/A;N/A;N/A;N/A;N/A;N/A;N/A;N/A;N/A;N/A;N/A;N/A;N/A;N/A;N/A;N/A;N/A;N/A;N/A;N/A;N/A;N/A;N/A;N/A;N/A;N/A;N/A;N/A;N/A;N/A;N/A;N/A;N/A;N/A;N/A;N/A;N/A;N/A;N/A;N/A;N/A;N/A;N/A;N/A;N/A;N/A;N/A;N/A;N/A;N/A;N/A;N/A;N/A;N/A;N/A;N/A;N/A;N/A;N/A;N/A;N/A;N/A;N/A;N/A;N/A;N/A;N/A;N/A;N/A;N/A;N/A;N/A;N/A;N/A;N/A;N/A;N/A;N/A;;0;326;0;0;;Disabled;TempStop;2;700;329.9;280.1;0;0;599.9;549.9;Enabled;PosNotOk;2;0;100;0;0;0;15;Disabled;0;0;0;0;0;0;0;0;0;0;0;0;0;0;0;0;0;0;0;0;0;0;0;0;0;0;0;0;0;0;0;0;0;0;0;0;0;0;0;0;0;0;0;0;0;0;0;0;0;0;0;0;0;0;0;0;0;0;0;0;0;0;0;0;0;0;0;0;0;0;;;;;;;;;;;;;;;;;;;;;;;;;;;;;;;;;;;;;;;;;;;;;;;;;;;;;;;;;;;;;;;;;;;;;;;;;;;;;;;;;;;;;;;;;;;;;;;;;;;;;;;;;;;;;;;;;;;;;;;;;;;;;;;;;;;;;;441345100 daimler 1500 1900;441345100 daimler 1500 1900;;
20260320_22:27:08;9936;3;2;950;948.2;925;975;OK;950;951.7;925;975;OK;951.9;951.6;-20;-23.4;-50;-25;NOK;-20;-17.6;-50;-25;NOK;-16.4;-17.6;0;-20;-22.8;-50;-25;NOK;300;496;300;500;OK;0;0;N/A;N/A;N/A;N/A;N/A;N/A;N/A;N/A;N/A;N/A;N/A;N/A;N/A;N/A;N/A;N/A;N/A;N/A;N/A;N/A;N/A;N/A;N/A;N/A;N/A;N/A;N/A;N/A;N/A;N/A;N/A;N/A;N/A;N/A;N/A;N/A;N/A;N/A;N/A;N/A;N/A;N/A;N/A;N/A;N/A;N/A;N/A;N/A;N/A;N/A;N/A;N/A;N/A;N/A;N/A;N/A;N/A;N/A;N/A;N/A;N/A;N/A;N/A;N/A;N/A;N/A;N/A;N/A;N/A;N/A;N/A;N/A;N/A;N/A;N/A;N/A;N/A;N/A;N/A;N/A;N/A;N/A;N/A;N/A;N/A;N/A;N/A;N/A;N/A;N/A;N/A;N/A;N/A;N/A;N/A;N/A;N/A;N/A;;0;322;0;0;;Disabled;TempStop;2;700;324.9;275.7;0;0;599.9;549.9;Enabled;PosOk;2;0;0;0;0;0;15;Disabled;0;0;0;0;0;0;0;0;0;0;0;0;0;0;0;0;0;0;0;0;0;0;0;0;0;0;0;0;0;0;0;0;0;0;0;0;0;0;0;0;0;0;0;0;0;0;0;0;0;0;0;0;0;0;0;0;0;0;0;0;0;0;0;0;0;0;0;0;0;0;30;30;20;45;30;30;20;45;30;30;20;45;30;30;20;45;200;142;100;300;200;140;100;300;200;140;100;300;200;140;100;300;30;30;20;45;30;30;20;45;30;30;20;45;30;30;20;45;200;144;100;300;200;142;100;300;200;242;100;300;200;243;100;300;4;2;0.4;6;4;5;0.4;6;4;2;0.4;6;4;5;0.4;6;4;2;0.4;6;4;5;0.4;6;4;2;0.4;6;4;5;0.4;6;NOK;NOK;OK;7000;7109;6500;8100;OK;4.98;0;8;12;NOK;N/A;1.5;N/A;N/A;N/A;9;11.9;7;18;OK;;0;0;0;-;Disabled;TempOk;2;230;39.9;41.2;0;0;349.9;441345100 daimler 1500 1900;441345100 daimler 1500 1900;441345100 Daimler 1500 1900
20260320_22:27:26;9937;1;4;950;947.2;925;975;OK;950;950.8;925;975;OK;950.7;950.8;-20;-14.3;-50;-25;NOK;-20;-18.4;-50;-25;NOK;-15.8;-15;0;-20;-14.1;-50;-25;NOK;300;484;300;500;OK;0;0;N/A;N/A;N/A;N/A;N/A;N/A;N/A;N/A;N/A;N/A;N/A;N/A;N/A;N/A;N/A;N/A;N/A;N/A;N/A;N/A;N/A;N/A;N/A;N/A;N/A;N/A;N/A;N/A;N/A;N/A;N/A;N/A;N/A;N/A;N/A;N/A;N/A;N/A;N/A;N/A;N/A;N/A;N/A;N/A;N/A;N/A;N/A;N/A;N/A;N/A;N/A;N/A;N/A;N/A;N/A;N/A;N/A;N/A;N/A;N/A;N/A;N/A;N/A;N/A;N/A;N/A;N/A;N/A;N/A;N/A;N/A;N/A;N/A;N/A;N/A;N/A;N/A;N/A;N/A;N/A;N/A;N/A;N/A;N/A;N/A;N/A;N/A;N/A;N/A;N/A;N/A;N/A;N/A;N/A;N/A;N/A;N/A;N/A;;0;322.5;0;0;;Disabled;TempStop;2;700;325.5;277.3;0;0;599.9;549.9;Enabled;PosOk;2;0;0;0;0;0;15;Disabled;0;0;0;0;0;0;0;0;0;0;0;0;0;0;0;0;0;0;0;0;0;0;0;0;0;0;0;0;0;0;0;0;0;0;0;0;0;0;0;0;0;0;0;0;0;0;0;0;0;0;0;0;0;0;0;0;0;0;0;0;0;0;0;0;0;0;0;0;0;0;30;31;20;45;30;30;20;45;30;31;20;45;30;30;20;45;200;142;100;300;200;139;100;300;200;140;100;300;200;141;100;300;30;31;20;45;30;30;20;45;30;31;20;45;30;30;20;45;200;144;100;300;200;143;100;300;200;242;100;300;200;243;100;300;4;2;0.4;6;4;5;0.4;6;4;2;0.4;6;4;5;0.4;6;4;2;0.4;6;4;5;0.4;6;4;2;0.4;6;4;5;0.4;6;NOK;NOK;OK;7000;7097;6500;8100;OK;4.98;0;8;12;NOK;N/A;1.5;N/A;N/A;N/A;9;11.9;7;18;OK;;0;0;0;-;Disabled;TempOk;2;230;39.7;40.4;0;0;349.9;441345100 daimler 1500 1900;441345100 daimler 1500 1900;441345100 Daimler 1500 1900
20260320_22:27:44;9938;4;4;950;945.4;925;975;OK;950;959.8;925;975;OK;959;959.2;-15;-18.2;-50;-5;OK;-15;-16.1;-50;-5;OK;-14.2;-11.7;0;-15;-18.4;-50;-5;OK;300;498;300;500;OK;13.56;14.13;N/A;N/A;N/A;N/A;N/A;N/A;N/A;N/A;N/A;N/A;N/A;N/A;N/A;N/A;N/A;N/A;N/A;N/A;N/A;N/A;N/A;N/A;N/A;N/A;N/A;N/A;N/A;N/A;N/A;N/A;N/A;N/A;N/A;N/A;N/A;N/A;N/A;N/A;N/A;N/A;N/A;N/A;N/A;N/A;N/A;N/A;N/A;N/A;N/A;N/A;N/A;N/A;N/A;N/A;N/A;N/A;N/A;N/A;N/A;N/A;N/A;N/A;N/A;N/A;N/A;N/A;N/A;N/A;N/A;N/A;N/A;N/A;N/A;N/A;N/A;N/A;N/A;N/A;N/A;N/A;N/A;N/A;N/A;N/A;N/A;N/A;N/A;N/A;N/A;N/A;N/A;N/A;N/A;N/A;N/A;N/A;N/A;N/A;;0;321.7;0;0;;Disabled;TempStop;2;700;325.3;275;0;0;599.9;549.9;Enabled;PosOk;2;0;0;0;0;0;15;Disabled;0;0;0;0;0;0;0;0;0;0;0;0;0;0;0;0;0;0;0;0;0;0;0;0;0;0;0;0;0;0;0;0;0;0;0;0;0;0;0;0;0;0;0;0;0;0;0;0;0;0;0;0;0;0;0;0;0;0;0;0;0;0;0;0;0;0;0;0;0;0;30;32;20;45;30;30;20;45;30;32;20;45;30;30;20;45;200;141;100;300;200;140;100;300;200;141;100;300;200;140;100;300;30;32;20;45;30;30;20;45;30;31;20;45;30;30;20;45;200;144;100;300;200;143;100;300;200;243;100;300;200;243;100;300;4;2;0.4;6;4;5;0.4;6;4;2;0.4;6;4;5;0.4;6;4;2;0.4;6;4;5;0.4;6;4;2;0.4;6;4;5;0.4;6;NOK;NOK;OK;7000;7102;6500;8100;OK;4.97;0;8;12;NOK;N/A;1.5;N/A;N/A;N/A;9;11.9;7;18;OK;;0;0;0;-;Disabled;TempOk;2;230;40.2;41.2;0;0;349.9;441345100 daimler 1500 1900;441345100 daimler 1500 1900;441345100 Daimler 1500 1900
20260320_22:28:02;9939;3;4;950;948.1;925;975;OK;950;951.5;925;975;OK;951.4;951.4;-20;-18.6;-50;-25;NOK;-20;-24;-50;-25;NOK;-19.4;-19.9;0;-20;-18.1;-50;-25;NOK;300;486;300;500;OK;0;0;N/A;N/A;N/A;N/A;N/A;N/A;N/A;N/A;N/A;N/A;N/A;N/A;N/A;N/A;N/A;N/A;N/A;N/A;N/A;N/A;N/A;N/A;N/A;N/A;N/A;N/A;N/A;N/A;N/A;N/A;N/A;N/A;N/A;N/A;N/A;N/A;N/A;N/A;N/A;N/A;N/A;N/A;N/A;N/A;N/A;N/A;N/A;N/A;N/A;N/A;N/A;N/A;N/A;N/A;N/A;N/A;N/A;N/A;N/A;N/A;N/A;N/A;N/A;N/A;N/A;N/A;N/A;N/A;N/A;N/A;N/A;N/A;N/A;N/A;N/A;N/A;N/A;N/A;N/A;N/A;N/A;N/A;N/A;N/A;N/A;N/A;N/A;N/A;N/A;N/A;N/A;N/A;N/A;N/A;N/A;N/A;N/A;N/A;;0;322.3;0;0;;Disabled;TempStop;2;700;326.1;275.7;0;0;599.9;549.9;Enabled;PosOk;2;0;0;0;0;0;15;Disabled;0;0;0;0;0;0;0;0;0;0;0;0;0;0;0;0;0;0;0;0;0;0;0;0;0;0;0;0;0;0;0;0;0;0;0;0;0;0;0;0;0;0;0;0;0;0;0;0;0;0;0;0;0;0;0;0;0;0;0;0;0;0;0;0;0;0;0;0;0;0;30;33;20;45;30;30;20;45;30;33;20;45;30;30;20;45;200;141;100;300;200;140;100;300;200;140;100;300;200;140;100;300;30;32;20;45;30;30;20;45;30;31;20;45;30;30;20;45;200;144;100;300;200;143;100;300;200;242;100;300;200;243;100;300;4;2;0.4;6;4;5;0.4;6;4;2;0.4;6;4;5;0.4;6;4;2;0.4;6;4;5;0.4;6;4;2;0.4;6;4;5;0.4;6;NOK;NOK;OK;7000;7110;6500;8100;OK;4.98;0;8;12;NOK;N/A;1.5;N/A;N/A;N/A;9;11.9;7;18;OK;;0;0;0;-;Disabled;TempOk;2;230;39.7;39.9;0;0;349.9;441345100 daimler 1500 1900;441345100 daimler 1500 1900;441345100 Daimler 1500 1900
20260320_22:28:20;9940;2;5;950;946.2;925;975;OK;950;950.9;925;975;OK;950.8;950.7;-15;-36.2;-50;-20;OK;-15;-32;-50;-20;OK;-22.9;-24.3;0;-15;-35.8;-50;-20;OK;300;499;300;500;OK;0;0;N/A;N/A;N/A;N/A;N/A;N/A;N/A;N/A;N/A;N/A;N/A;N/A;N/A;N/A;N/A;N/A;N/A;N/A;N/A;N/A;N/A;N/A;N/A;N/A;N/A;N/A;N/A;N/A;N/A;N/A;N/A;N/A;N/A;N/A;N/A;N/A;N/A;N/A;N/A;N/A;N/A;N/A;N/A;N/A;N/A;N/A;N/A;N/A;N/A;N/A;N/A;N/A;N/A;N/A;N/A;N/A;N/A;N/A;N/A;N/A;N/A;N/A;N/A;N/A;N/A;N/A;N/A;N/A;N/A;N/A;N/A;N/A;N/A;N/A;N/A;N/A;N/A;N/A;N/A;N/A;N/A;N/A;N/A;N/A;N/A;N/A;N/A;N/A;N/A;N/A;N/A;N/A;N/A;N/A;N/A;N/A;N/A;N/A;;0;327.2;0;0;;Disabled;TempStop;2;700;331.2;278.1;0;0;599.9;549.9;Enabled;PosOk;2;0;0;0;0;0;15;Disabled;0;0;0;0;0;0;0;0;0;0;0;0;0;0;0;0;0;0;0;0;0;0;0;0;0;0;0;0;0;0;0;0;0;0;0;0;0;0;0;0;0;0;0;0;0;0;0;0;0;0;0;0;0;0;0;0;0;0;0;0;0;0;0;0;0;0;0;0;0;0;30;33;20;45;30;30;20;45;30;33;20;45;30;30;20;45;200;142;100;300;200;140;100;300;200;140;100;300;200;141;100;300;30;32;20;45;30;30;20;45;30;31;20;45;30;30;20;45;200;144;100;300;200;142;100;300;200;242;100;300;200;243;100;300;4;2;0.4;6;4;5;0.4;6;4;2;0.4;6;4;5;0.4;6;4;2;0.4;6;4;5;0.4;6;4;2;0.4;6;4;5;0.4;6;NOK;NOK;OK;7000;7092;6500;8100;OK;4.97;0;8;12;NOK;N/A;1.5;N/A;N/A;N/A;9;11.7;7;18;OK;;0;0;0;-;Disabled;TempOk;2;230;39.9;40.4;0;0;349.9;441345100 daimler 1500 1900;441345100 daimler 1500 1900;441345100 Daimler 1500 1900
20260320_22:28:38;9941;3;5;950;948.9;925;975;OK;950;951.2;925;975;OK;951.1;951.2;-20;-25.3;-50;-25;OK;-20;-25.3;-50;-25;OK;-19.7;-20.7;0;-20;-24.9;-50;-25;NOK;300;487;300;500;OK;0;0;N/A;N/A;N/A;N/A;N/A;N/A;N/A;N/A;N/A;N/A;N/A;N/A;N/A;N/A;N/A;N/A;N/A;N/A;N/A;N/A;N/A;N/A;N/A;N/A;N/A;N/A;N/A;N/A;N/A;N/A;N/A;N/A;N/A;N/A;N/A;N/A;N/A;N/A;N/A;N/A;N/A;N/A;N/A;N/A;N/A;N/A;N/A;N/A;N/A;N/A;N/A;N/A;N/A;N/A;N/A;N/A;N/A;N/A;N/A;N/A;N/A;N/A;N/A;N/A;N/A;N/A;N/A;N/A;N/A;N/A;N/A;N/A;N/A;N/A;N/A;N/A;N/A;N/A;N/A;N/A;N/A;N/A;N/A;N/A;N/A;N/A;N/A;N/A;N/A;N/A;N/A;N/A;N/A;N/A;N/A;N/A;N/A;N/A;;0;322.4;0;0;;Disabled;TempStop;2;700;326.5;274.4;0;0;599.9;549.9;Enabled;PosOk;2;0;0;0;0;0;15;Disabled;0;0;0;0;0;0;0;0;0;0;0;0;0;0;0;0;0;0;0;0;0;0;0;0;0;0;0;0;0;0;0;0;0;0;0;0;0;0;0;0;0;0;0;0;0;0;0;0;0;0;0;0;0;0;0;0;0;0;0;0;0;0;0;0;0;0;0;0;0;0;30;33;20;45;30;30;20;45;30;33;20;45;30;30;20;45;200;141;100;300;200;140;100;300;200;140;100;300;200;140;100;300;30;32;20;45;30;30;20;45;30;31;20;45;30;30;20;45;200;144;100;300;200;143;100;300;200;242;100;300;200;244;100;300;4;2;0.4;6;4;5;0.4;6;4;2;0.4;6;4;5;0.4;6;4;2;0.4;6;4;5;0.4;6;4;2;0.4;6;4;5;0.4;6;NOK;NOK;OK;7000;7100;6500;8100;OK;4.98;0;8;12;NOK;N/A;1.5;N/A;N/A;N/A;9;11.7;7;18;OK;;0;0;0;-;Disabled;TempOk;2;230;39.9;40.7;0;0;349.9;441345100 daimler 1500 1900;441345100 daimler 1500 1900;441345100 Daimler 1500 1900
20260320_22:28:56;9942;4;5;950;946.9;925;975;OK;950;951.4;925;975;OK;950.6;950.7;-15;-16;-50;-5;OK;-15;-16.6;-50;-5;OK;-12.5;-12.4;0;-15;-15.9;-50;-5;OK;300;501;300;500;NOK;13.62;14.27;N/A;N/A;N/A;N/A;N/A;N/A;N/A;N/A;N/A;N/A;N/A;N/A;N/A;N/A;N/A;N/A;N/A;N/A;N/A;N/A;N/A;N/A;N/A;N/A;N/A;N/A;N/A;N/A;N/A;N/A;N/A;N/A;N/A;N/A;N/A;N/A;N/A;N/A;N/A;N/A;N/A;N/A;N/A;N/A;N/A;N/A;N/A;N/A;N/A;N/A;N/A;N/A;N/A;N/A;N/A;N/A;N/A;N/A;N/A;N/A;N/A;N/A;N/A;N/A;N/A;N/A;N/A;N/A;N/A;N/A;N/A;N/A;N/A;N/A;N/A;N/A;N/A;N/A;N/A;N/A;N/A;N/A;N/A;N/A;N/A;N/A;N/A;N/A;N/A;N/A;N/A;N/A;N/A;N/A;N/A;N/A;N/A;N/A;;0;322;0;0;;Disabled;TempStop;2;700;325.9;274.4;0;0;599.9;549.9;Enabled;PosOk;2;0;0;0;0;0;15;Disabled;0;0;0;0;0;0;0;0;0;0;0;0;0;0;0;0;0;0;0;0;0;0;0;0;0;0;0;0;0;0;0;0;0;0;0;0;0;0;0;0;0;0;0;0;0;0;0;0;0;0;0;0;0;0;0;0;0;0;0;0;0;0;0;0;0;0;0;0;0;0;30;33;20;45;30;30;20;45;30;33;20;45;30;30;20;45;200;142;100;300;200;140;100;300;200;140;100;300;200;141;100;300;30;32;20;45;30;30;20;45;30;31;20;45;30;30;20;45;200;144;100;300;200;142;100;300;200;242;100;300;200;243;100;300;4;2;0.4;6;4;5;0.4;6;4;2;0.4;6;4;5;0.4;6;4;2;0.4;6;4;5;0.4;6;4;2;0.4;6;4;5;0.4;6;NOK;NOK;OK;7000;7103;6500;8100;OK;4.98;0;8;12;NOK;N/A;1.5;N/A;N/A;N/A;9;11.7;7;18;OK;;0;0;0;-;Disabled;TempOk;2;230;40.2;42.2;0;0;349.9;441345100 daimler 1500 1900;441345100 daimler 1500 1900;441345100 Daimler 1500 1900
20260320_22:29:14;9943;1;1;950;939.6;925;975;OK;950;951.3;925;975;OK;951;951.1;-20;-16.7;-50;-25;NOK;-20;-17;-50;-25;NOK;-14.1;-14.7;0;-20;-16.8;-50;-25;NOK;300;477;300;500;OK;0;0;N/A;N/A;N/A;N/A;N/A;N/A;N/A;N/A;N/A;N/A;N/A;N/A;N/A;N/A;N/A;N/A;N/A;N/A;N/A;N/A;N/A;N/A;N/A;N/A;N/A;N/A;N/A;N/A;N/A;N/A;N/A;N/A;N/A;N/A;N/A;N/A;N/A;N/A;N/A;N/A;N/A;N/A;N/A;N/A;N/A;N/A;N/A;N/A;N/A;N/A;N/A;N/A;N/A;N/A;N/A;N/A;N/A;N/A;N/A;N/A;N/A;N/A;N/A;N/A;N/A;N/A;N/A;N/A;N/A;N/A;N/A;N/A;N/A;N/A;N/A;N/A;N/A;N/A;N/A;N/A;N/A;N/A;N/A;N/A;N/A;N/A;N/A;N/A;N/A;N/A;N/A;N/A;N/A;N/A;N/A;N/A;N/A;N/A;;0;324;0;0;;Disabled;TempStop;2;700;328;276;0;0;599.9;549.9;Enabled;PosOk;2;0;0;0;0;0;15;Disabled;0;0;0;0;0;0;0;0;0;0;0;0;0;0;0;0;0;0;0;0;0;0;0;0;0;0;0;0;0;0;0;0;0;0;0;0;0;0;0;0;0;0;0;0;0;0;0;0;0;0;0;0;0;0;0;0;0;0;0;0;0;0;0;0;0;0;0;0;0;0;30;33;20;45;30;30;20;45;30;33;20;45;30;30;20;45;200;142;100;300;200;140;100;300;200;141;100;300;200;140;100;300;30;33;20;45;30;30;20;45;30;32;20;45;30;30;20;45;200;144;100;300;200;143;100;300;200;243;100;300;200;244;100;300;4;2;0.4;6;4;5;0.4;6;4;2;0.4;6;4;5;0.4;6;4;2;0.4;6;4;5;0.4;6;4;2;0.4;6;4;5;0.4;6;NOK;NOK;OK;7000;7102;6500;8100;OK;4.98;0;8;12;NOK;N/A;1.5;N/A;N/A;N/A;9;11.5;7;18;OK;;0;0;0;-;Disabled;TempOk;2;230;40.4;41.4;0;0;349.9;441345100 daimler 1500 1900;441345100 daimler 1500 1900;441345100 Daimler 1500 1900
20260320_22:29:32;9944;4;1;950;942.6;925;975;OK;950;950.7;925;975;OK;950.8;949.9;-15;-19.5;-50;-5;OK;-15;-19.2;-50;-5;OK;-7.7;-7.4;0;-15;-19.4;-50;-5;OK;300;477;300;500;OK;13.69;14.34;N/A;N/A;N/A;N/A;N/A;N/A;N/A;N/A;N/A;N/A;N/A;N/A;N/A;N/A;N/A;N/A;N/A;N/A;N/A;N/A;N/A;N/A;N/A;N/A;N/A;N/A;N/A;N/A;N/A;N/A;N/A;N/A;N/A;N/A;N/A;N/A;N/A;N/A;N/A;N/A;N/A;N/A;N/A;N/A;N/A;N/A;N/A;N/A;N/A;N/A;N/A;N/A;N/A;N/A;N/A;N/A;N/A;N/A;N/A;N/A;N/A;N/A;N/A;N/A;N/A;N/A;N/A;N/A;N/A;N/A;N/A;N/A;N/A;N/A;N/A;N/A;N/A;N/A;N/A;N/A;N/A;N/A;N/A;N/A;N/A;N/A;N/A;N/A;N/A;N/A;N/A;N/A;N/A;N/A;N/A;N/A;N/A;N/A;;0;323.6;0;0;;Disabled;TempStop;2;700;327.6;275.1;0;0;599.9;549.9;Enabled;PosOk;2;0;0;0;0;0;15;Disabled;0;0;0;0;0;0;0;0;0;0;0;0;0;0;0;0;0;0;0;0;0;0;0;0;0;0;0;0;0;0;0;0;0;0;0;0;0;0;0;0;0;0;0;0;0;0;0;0;0;0;0;0;0;0;0;0;0;0;0;0;0;0;0;0;0;0;0;0;0;0;30;33;20;45;30;30;20;45;30;33;20;45;30;30;20;45;200;142;100;300;200;140;100;300;200;141;100;300;200;141;100;300;30;33;20;45;30;30;20;45;30;32;20;45;30;30;20;45;200;144;100;300;200;143;100;300;200;242;100;300;200;244;100;300;4;2;0.4;6;4;5;0.4;6;4;2;0.4;6;4;5;0.4;6;4;2;0.4;6;4;5;0.4;6;4;2;0.4;6;4;5;0.4;6;NOK;NOK;OK;7000;7109;6500;8100;OK;4.98;0;8;12;NOK;N/A;1.5;N/A;N/A;N/A;9;12.1;7;18;OK;;0;0;0;-;Disabled;TempOk;2;230;41.2;41.7;0;0;349.9;441345100 daimler 1500 1900;441345100 daimler 1500 1900;441345100 Daimler 1500 1900
20260320_22:29:50;9945;3;1;950;940.2;925;975;OK;950;951.3;925;975;OK;951.3;951.3;-20;-17.7;-50;-25;NOK;-20;-19.9;-50;-25;NOK;-13.3;-14.6;0;-20;-17.8;-50;-25;NOK;300;477;300;500;OK;0;0;N/A;N/A;N/A;N/A;N/A;N/A;N/A;N/A;N/A;N/A;N/A;N/A;N/A;N/A;N/A;N/A;N/A;N/A;N/A;N/A;N/A;N/A;N/A;N/A;N/A;N/A;N/A;N/A;N/A;N/A;N/A;N/A;N/A;N/A;N/A;N/A;N/A;N/A;N/A;N/A;N/A;N/A;N/A;N/A;N/A;N/A;N/A;N/A;N/A;N/A;N/A;N/A;N/A;N/A;N/A;N/A;N/A;N/A;N/A;N/A;N/A;N/A;N/A;N/A;N/A;N/A;N/A;N/A;N/A;N/A;N/A;N/A;N/A;N/A;N/A;N/A;N/A;N/A;N/A;N/A;N/A;N/A;N/A;N/A;N/A;N/A;N/A;N/A;N/A;N/A;N/A;N/A;N/A;N/A;N/A;N/A;N/A;N/A;;0;323.8;0;0;;Disabled;TempStop;2;700;327.6;276.1;0;0;599.9;549.9;Enabled;PosOk;2;0;0;0;0;0;15;Disabled;0;0;0;0;0;0;0;0;0;0;0;0;0;0;0;0;0;0;0;0;0;0;0;0;0;0;0;0;0;0;0;0;0;0;0;0;0;0;0;0;0;0;0;0;0;0;0;0;0;0;0;0;0;0;0;0;0;0;0;0;0;0;0;0;0;0;0;0;0;0;30;33;20;45;30;30;20;45;30;33;20;45;30;30;20;45;200;142;100;300;200;140;100;300;200;141;100;300;200;141;100;300;30;33;20;45;30;30;20;45;30;32;20;45;30;30;20;45;200;144;100;300;200;143;100;300;200;243;100;300;200;244;100;300;4;2;0.4;6;4;5;0.4;6;4;2;0.4;6;4;5;0.4;6;4;2;0.4;6;4;5;0.4;6;4;2;0.4;6;4;5;0.4;6;NOK;NOK;OK;7000;7104;6500;8100;OK;4.97;0;8;12;NOK;N/A;1.5;N/A;N/A;N/A;9;12.2;7;18;OK;;0;0;0;-;Disabled;TempOk;2;230;40.7;41.2;0;0;349.9;441345100 daimler 1500 1900;441345100 daimler 1500 1900;441345100 Daimler 1500 1900
20260320_22:30:08;9946;2;2;950;939.1;925;975;OK;950;951;925;975;OK;950.7;950.7;-15;-22.1;-50;-20;OK;-15;-28.5;-50;-20;OK;-18.6;-20.3;0;-15;-22.2;-50;-20;OK;300;477;300;500;OK;0;0;N/A;N/A;N/A;N/A;N/A;N/A;N/A;N/A;N/A;N/A;N/A;N/A;N/A;N/A;N/A;N/A;N/A;N/A;N/A;N/A;N/A;N/A;N/A;N/A;N/A;N/A;N/A;N/A;N/A;N/A;N/A;N/A;N/A;N/A;N/A;N/A;N/A;N/A;N/A;N/A;N/A;N/A;N/A;N/A;N/A;N/A;N/A;N/A;N/A;N/A;N/A;N/A;N/A;N/A;N/A;N/A;N/A;N/A;N/A;N/A;N/A;N/A;N/A;N/A;N/A;N/A;N/A;N/A;N/A;N/A;N/A;N/A;N/A;N/A;N/A;N/A;N/A;N/A;N/A;N/A;N/A;N/A;N/A;N/A;N/A;N/A;N/A;N/A;N/A;N/A;N/A;N/A;N/A;N/A;N/A;N/A;N/A;N/A;;0;324;0;0;;Disabled;TempStop;2;700;327.8;275.8;0;0;599.9;549.9;Enabled;PosOk;2;0;0;0;0;0;15;Disabled;0;0;0;0;0;0;0;0;0;0;0;0;0;0;0;0;0;0;0;0;0;0;0;0;0;0;0;0;0;0;0;0;0;0;0;0;0;0;0;0;0;0;0;0;0;0;0;0;0;0;0;0;0;0;0;0;0;0;0;0;0;0;0;0;0;0;0;0;0;0;30;33;20;45;30;30;20;45;30;33;20;45;30;30;20;45;200;142;100;300;200;140;100;300;200;141;100;300;200;141;100;300;30;33;20;45;30;30;20;45;30;32;20;45;30;30;20;45;200;144;100;300;200;143;100;300;200;242;100;300;200;244;100;300;4;2;0.4;6;4;5;0.4;6;4;2;0.4;6;4;5;0.4;6;4;2;0.4;6;4;5;0.4;6;4;2;0.4;6;4;5;0.4;6;NOK;NOK;OK;7000;7096;6500;8100;OK;4.97;0;8;12;NOK;N/A;1.5;N/A;N/A;N/A;9;12.1;7;18;OK;;0;0;0;-;Disabled;TempOk;2;230;40.9;42.7;0;0;349.9;441345100 daimler 1500 1900;441345100 daimler 1500 1900;441345100 Daimler 1500 1900
20260320_22:30:26;9947;1;2;950;941.2;925;975;OK;950;951.7;925;975;OK;951.6;951.6;-20;-13.3;-50;-25;NOK;-20;-15.6;-50;-25;NOK;-14.2;-15.1;0;-20;-13.1;-50;-25;NOK;300;477;300;500;OK;0;0;N/A;N/A;N/A;N/A;N/A;N/A;N/A;N/A;N/A;N/A;N/A;N/A;N/A;N/A;N/A;N/A;N/A;N/A;N/A;N/A;N/A;N/A;N/A;N/A;N/A;N/A;N/A;N/A;N/A;N/A;N/A;N/A;N/A;N/A;N/A;N/A;N/A;N/A;N/A;N/A;N/A;N/A;N/A;N/A;N/A;N/A;N/A;N/A;N/A;N/A;N/A;N/A;N/A;N/A;N/A;N/A;N/A;N/A;N/A;N/A;N/A;N/A;N/A;N/A;N/A;N/A;N/A;N/A;N/A;N/A;N/A;N/A;N/A;N/A;N/A;N/A;N/A;N/A;N/A;N/A;N/A;N/A;N/A;N/A;N/A;N/A;N/A;N/A;N/A;N/A;N/A;N/A;N/A;N/A;N/A;N/A;N/A;N/A;;0;324.6;0;0;;Disabled;TempStop;2;700;328.6;276.2;0;0;599.9;549.9;Enabled;PosOk;2;0;0;0;0;0;15;Disabled;0;0;0;0;0;0;0;0;0;0;0;0;0;0;0;0;0;0;0;0;0;0;0;0;0;0;0;0;0;0;0;0;0;0;0;0;0;0;0;0;0;0;0;0;0;0;0;0;0;0;0;0;0;0;0;0;0;0;0;0;0;0;0;0;0;0;0;0;0;0;30;33;20;45;30;30;20;45;30;33;20;45;30;30;20;45;200;141;100;300;200;140;100;300;200;140;100;300;200;140;100;300;30;33;20;45;30;30;20;45;30;32;20;45;30;30;20;45;200;144;100;300;200;143;100;300;200;243;100;300;200;244;100;300;4;2;0.4;6;4;5;0.4;6;4;2;0.4;6;4;5;0.4;6;4;2;0.4;6;4;5;0.4;6;4;2;0.4;6;4;5;0.4;6;NOK;NOK;OK;7000;7100;6500;8100;OK;4.98;0;8;12;NOK;N/A;1.5;N/A;N/A;N/A;9;12.2;7;18;OK;;0;0;0;-;Disabled;TempOk;2;230;40.7;41.9;0;0;349.9;441345100 daimler 1500 1900;441345100 daimler 1500 1900;441345100 Daimler 1500 1900
20260320_22:30:36;9931;3;2;950;951.7;925;975;OK;950;951.6;925;975;OK;0;0;-20;-19.4;-50;-25;NOK;-20;-21.6;-50;-25;NOK;0;0;0;-20;0;-50;-25;NOK;300;805;300;500;NOK;0;0;;;;;;;;;;;;;;;;;;;;;;;;;;;;;;;;;;;;;;;;;;;;;;;;;;;;;;;;;;;;;;;;;;;;;;;;;;;;;;;;;;;;;;;;;;;;;;;;;;;;;;;;;;;;;;;;;;;;;;;;;;;;;;;;;;;;;;;;;;;;;;;;;;;;;;;;;;;;;;;;;;;;;;;;;;;;;;;;;;;;;;;;;;;;;;;;;;;;;;;;;;;;;;;;;;;;;;;;;;;;;;;;;;;;;;;;;;;;;;;;;;;;;;;;;;;;;;;;;;;;;;;;;;;;;;;;;;;;;;;;;;;;;;;;;;;;;;;;;;;;;;;;;;;;;;;;;;;;;;;;;;;;;;;;441345100 daimler 1500 1900;;;;
20260320_22:30:44;9948;4;2;950;946.5;925;975;OK;950;951.6;925;975;OK;951.2;951;-15;-17.7;-50;-5;OK;-15;-19.4;-50;-5;OK;-11.9;-11.8;0;-15;-17.5;-50;-5;OK;300;477;300;500;OK;13.76;14.46;N/A;N/A;N/A;N/A;N/A;N/A;N/A;N/A;N/A;N/A;N/A;N/A;N/A;N/A;N/A;N/A;N/A;N/A;N/A;N/A;N/A;N/A;N/A;N/A;N/A;N/A;N/A;N/A;N/A;N/A;N/A;N/A;N/A;N/A;N/A;N/A;N/A;N/A;N/A;N/A;N/A;N/A;N/A;N/A;N/A;N/A;N/A;N/A;N/A;N/A;N/A;N/A;N/A;N/A;N/A;N/A;N/A;N/A;N/A;N/A;N/A;N/A;N/A;N/A;N/A;N/A;N/A;N/A;N/A;N/A;N/A;N/A;N/A;N/A;N/A;N/A;N/A;N/A;N/A;N/A;N/A;N/A;N/A;N/A;N/A;N/A;N/A;N/A;N/A;N/A;N/A;N/A;N/A;N/A;N/A;N/A;N/A;N/A;;0;324.9;0;0;;Disabled;TempStop;2;700;328.9;275.9;0;0;599.9;549.9;Enabled;PosOk;2;0;0;0;0;0;15;Disabled;0;0;0;0;0;0;0;0;0;0;0;0;0;0;0;0;0;0;0;0;0;0;0;0;0;0;0;0;0;0;0;0;0;0;0;0;0;0;0;0;0;0;0;0;0;0;0;0;0;0;0;0;0;0;0;0;0;0;0;0;0;0;0;0;0;0;0;0;0;0;30;33;20;45;30;30;20;45;30;34;20;45;30;30;20;45;200;141;100;300;200;140;100;300;200;141;100;300;200;140;100;300;30;33;20;45;30;30;20;45;30;32;20;45;30;30;20;45;200;144;100;300;200;143;100;300;200;242;100;300;200;243;100;300;4;2;0.4;6;4;5;0.4;6;4;2;0.4;6;4;5;0.4;6;4;2;0.4;6;4;5;0.4;6;4;2;0.4;6;4;5;0.4;6;NOK;NOK;OK;7000;7105;6500;8100;OK;4.98;0;8;12;NOK;N/A;1.5;N/A;N/A;N/A;9;12.3;7;18;OK;;0;0;0;-;Disabled;TempOk;2;230;41.4;42.7;0;0;349.9;441345100 daimler 1500 1900;441345100 daimler 1500 1900;441345100 Daimler 1500 1900
20260320_22:30:54;9932;4;3;950;957.6;925;975;OK;950;958.3;925;975;OK;959.6;959.6;-15;-16.8;-50;-5;OK;-15;-21.8;-50;-5;OK;-18.2;-18.2;0;-15;-16.6;-50;-5;OK;300;809;300;500;NOK;13.36;14.5;;;;;;;;;;;;;;;;;;;;;;;;;;;;;;;;;;;;;;;;;;;;;;;;;;;;;;;;;;;;;;;;;;;;;;;;;;;;;;;;;;;;;;;;;;;;;;;;;;;;;;;;;;;;;;;;;;;;;;;;;;;;;;;;;;;;;;;;;;;;;;;;;;;;;;;;;;;;;;;;;;;;;;;;;;;;;;;;;;;;;;;;;;;;;;;;;;;;;;;;;;;;;;;;;;;;;;;;;;;;;;;;;;;;;;;;;;;;;;;;;;;;;;;;;;;;;;;;;;;;;;;;;;;;;;;;;;;;;;;;;;;;;;;;;;;;;;;;;;;;;;;;;;;;;;;;;;;;;;;;;;;;;;;;441345100 daimler 1500 1900;;;;
20260320_22:31:12;9933;1;3;950;948.3;925;975;OK;950;951.7;925;975;OK;951.4;951.6;-20;-15.9;-50;-25;NOK;-20;-14.8;-50;-25;NOK;-17.6;-17.1;0;-20;-15.6;-50;-25;NOK;300;805;300;500;NOK;0;0;;;;;;;;;;;;;;;;;;;;;;;;;;;;;;;;;;;;;;;;;;;;;;;;;;;;;;;;;;;;;;;;;;;;;;;;;;;;;;;;;;;;;;;;;;;;;;;;;;;;;;;;;;;;;;;;;;;;;;;;;;;;;;;;;;;;;;;;;;;;;;;;;;;;;;;;;;;;;;;;;;;;;;;;;;;;;;;;;;;;;;;;;;;;;;;;;;;;;;;;;;;;;;;;;;;;;;;;;;;;;;;;;;;;;;;;;;;;;;;;;;;;;;;;;;;;;;;;;;;;;;;;;;;;;;;;;;;;;;;;;;;;;;;;;;;;;;;;;;;;;;;;;;;;;;;;;;;;;;;;;;;;;;;;441345100 daimler 1500 1900;;;;
20260320_22:31:30;9934;2;1;950;940.6;925;975;OK;950;951.3;925;975;OK;950.9;950.9;-15;-22;-50;-20;OK;-15;-27.1;-50;-20;OK;-17.2;-18.5;0;-15;-22.1;-50;-20;OK;300;801;300;500;NOK;0;0;;;;;;;;;;;;;;;;;;;;;;;;;;;;;;;;;;;;;;;;;;;;;;;;;;;;;;;;;;;;;;;;;;;;;;;;;;;;;;;;;;;;;;;;;;;;;;;;;;;;;;;;;;;;;;;;;;;;;;;;;;;;;;;;;;;;;;;;;;;;;;;;;;;;;;;;;;;;;;;;;;;;;;;;;;;;;;;;;;;;;;;;;;;;;;;;;;;;;;;;;;;;;;;;;;;;;;;;;;;;;;;;;;;;;;;;;;;;;;;;;;;;;;;;;;;;;;;;;;;;;;;;;;;;;;;;;;;;;;;;;;;;;;;;;;;;;;;;;;;;;;;;;;;;;;;;;;;;;;;;;;;;;;;;441345100 daimler 1500 1900;;;;
20260320_22:31:48;9935;3;3;950;947.7;925;975;OK;950;951.6;925;975;OK;951.4;951.4;-20;-23.4;-50;-25;NOK;-20;-22.4;-50;-25;NOK;-14.7;-15.8;0;-20;-23.2;-50;-25;NOK;300;807;300;500;NOK;0;0;;;;;;;;;;;;;;;;;;;;;;;;;;;;;;;;;;;;;;;;;;;;;;;;;;;;;;;;;;;;;;;;;;;;;;;;;;;;;;;;;;;;;;;;;;;;;;;;;;;;;;;;;;;;;;;;;;;;;;;;;;;;;;;;;;;;;;;;;;;;;;;;;;;;;;;;;;;;;;;;;;;;;;;;;;;;;;;;;;;;;;;;;;;;;;;;;;;;;;;;;;;;;;;;;;;;;;;;;;;;;;;;;;;;;;;;;;;;;;;;;;;;;;;;;;;;;;;;;;;;;;;;;;;;;;;;;;;;;;;;;;;;;;;;;;;;;;;;;;;;;;;;;;;;;;;;;;;;;;;;;;;;;;;;441345100 daimler 1500 1900;;;;
20260320_22:32:32;9950;2;4;950;940.2;925;975;OK;950;950.9;925;975;OK;950.8;950.9;-15;-36.7;-50;-20;OK;-15;-26.9;-50;-20;OK;-22.4;-24.3;0;-15;-36.8;-50;-20;OK;300;311;300;500;OK;0;0;N/A;N/A;N/A;N/A;N/A;N/A;N/A;N/A;N/A;N/A;N/A;N/A;N/A;N/A;N/A;N/A;N/A;N/A;N/A;N/A;N/A;N/A;N/A;N/A;N/A;N/A;N/A;N/A;N/A;N/A;N/A;N/A;N/A;N/A;N/A;N/A;N/A;N/A;N/A;N/A;N/A;N/A;N/A;N/A;N/A;N/A;N/A;N/A;N/A;N/A;N/A;N/A;N/A;N/A;N/A;N/A;N/A;N/A;N/A;N/A;N/A;N/A;N/A;N/A;N/A;N/A;N/A;N/A;N/A;N/A;N/A;N/A;N/A;N/A;N/A;N/A;N/A;N/A;N/A;N/A;N/A;N/A;N/A;N/A;N/A;N/A;N/A;N/A;N/A;N/A;N/A;N/A;N/A;N/A;N/A;N/A;N/A;N/A;;0;323.3;0;0;;Disabled;TempStop;2;700;326.4;278;0;0;599.9;549.9;Enabled;PosOk;2;0;0;0;0;0;15;Disabled;0;0;0;0;0;0;0;0;0;0;0;0;0;0;0;0;0;0;0;0;0;0;0;0;0;0;0;0;0;0;0;0;0;0;0;0;0;0;0;0;0;0;0;0;0;0;0;0;0;0;0;0;0;0;0;0;0;0;0;0;0;0;0;0;0;0;0;0;31;12;30;30;20;45;30;30;20;45;30;30;20;45;30;30;20;45;200;142;100;300;200;140;100;300;200;141;100;300;200;140;100;300;30;30;20;45;30;30;20;45;30;30;20;45;30;30;20;45;200;143;100;300;200;143;100;300;200;242;100;300;200;243;100;300;4;2;0.4;6;4;5;0.4;6;4;2;0.4;6;4;5;0.4;6;4;2;0.4;6;4;5;0.4;6;4;2;0.4;6;4;5;0.4;6;NOK;NOK;OK;7000;7085;6500;8100;OK;4.97;0;8;12;NOK;N/A;1.5;N/A;N/A;N/A;9;11.7;7;18;OK;;0;0;0;-;Disabled;TempOk;2;230;41.2;41.4;0;0;349.9;441345100 daimler 1500 1900;441345100 daimler 1500 1900;441345100 Daimler 1500 1900
20260320_22:32:50;9949;1;4;950;939.7;925;975;OK;950;950.8;925;975;OK;950.7;950.9;-20;-18.7;-50;-25;NOK;-20;-12.6;-50;-25;NOK;-16.5;-15.7;0;-20;-18.7;-50;-25;NOK;300;311;300;500;OK;0;0;N/A;N/A;N/A;N/A;N/A;N/A;N/A;N/A;N/A;N/A;N/A;N/A;N/A;N/A;N/A;N/A;N/A;N/A;N/A;N/A;N/A;N/A;N/A;N/A;N/A;N/A;N/A;N/A;N/A;N/A;N/A;N/A;N/A;N/A;N/A;N/A;N/A;N/A;N/A;N/A;N/A;N/A;N/A;N/A;N/A;N/A;N/A;N/A;N/A;N/A;N/A;N/A;N/A;N/A;N/A;N/A;N/A;N/A;N/A;N/A;N/A;N/A;N/A;N/A;N/A;N/A;N/A;N/A;N/A;N/A;N/A;N/A;N/A;N/A;N/A;N/A;N/A;N/A;N/A;N/A;N/A;N/A;N/A;N/A;N/A;N/A;N/A;N/A;N/A;N/A;N/A;N/A;N/A;N/A;N/A;N/A;N/A;N/A;;0;323.7;0;0;;Disabled;TempStop;2;700;326.9;279.1;0;0;599.9;549.9;Enabled;PosOk;2;0;0;0;0;0;15;Disabled;0;0;0;0;0;0;0;0;0;0;0;0;0;0;0;0;0;0;0;0;0;0;0;0;0;0;0;0;0;0;0;0;0;0;0;0;0;0;0;0;0;0;0;0;0;0;0;0;0;0;0;0;0;0;0;0;0;0;0;0;0;0;0;0;0;0;0;0;0;0;30;31;20;45;30;30;20;45;30;31;20;45;30;30;20;45;200;141;100;300;200;140;100;300;200;140;100;300;200;140;100;300;30;31;20;45;30;30;20;45;30;31;20;45;30;30;20;45;200;144;100;300;200;142;100;300;200;242;100;300;200;244;100;300;4;2;0.4;6;4;5;0.4;6;4;2;0.4;6;4;5;0.4;6;4;2;0.4;6;4;5;0.4;6;4;2;0.4;6;4;5;0.4;6;NOK;NOK;OK;7000;7107;6500;8100;OK;4.98;0;8;12;NOK;N/A;1.5;N/A;N/A;N/A;9;11.8;7;18;OK;;0;0;0;-;Disabled;TempOk;2;230;42.2;41.7;0;0;349.9;441345100 daimler 1500 1900;441345100 daimler 1500 1900;441345100 Daimler 1500 1900
20260320_22:33:08;9951;4;4;950;933.8;925;975;OK;950;957.3;925;975;OK;956.8;957;-15;-16.6;-50;-5;OK;-15;-10.4;-50;-5;OK;-17.1;-11.8;0;-15;-16.8;-50;-5;OK;300;311;300;500;OK;14.16;14.65;N/A;N/A;N/A;N/A;N/A;N/A;N/A;N/A;N/A;N/A;N/A;N/A;N/A;N/A;N/A;N/A;N/A;N/A;N/A;N/A;N/A;N/A;N/A;N/A;N/A;N/A;N/A;N/A;N/A;N/A;N/A;N/A;N/A;N/A;N/A;N/A;N/A;N/A;N/A;N/A;N/A;N/A;N/A;N/A;N/A;N/A;N/A;N/A;N/A;N/A;N/A;N/A;N/A;N/A;N/A;N/A;N/A;N/A;N/A;N/A;N/A;N/A;N/A;N/A;N/A;N/A;N/A;N/A;N/A;N/A;N/A;N/A;N/A;N/A;N/A;N/A;N/A;N/A;N/A;N/A;N/A;N/A;N/A;N/A;N/A;N/A;N/A;N/A;N/A;N/A;N/A;N/A;N/A;N/A;N/A;N/A;N/A;N/A;;0;322.2;0;0;;Disabled;TempStop;2;700;325.9;276.8;0;0;599.9;549.9;Enabled;PosOk;2;0;0;0;0;0;15;Disabled;0;0;0;0;0;0;0;0;0;0;0;0;0;0;0;0;0;0;0;0;0;0;0;0;0;0;0;0;0;0;0;0;0;0;0;0;0;0;0;0;0;0;0;0;0;0;0;0;0;0;0;0;0;0;0;0;0;0;0;0;0;0;0;0;0;0;0;0;0;0;30;32;20;45;30;30;20;45;30;32;20;45;30;30;20;45;200;142;100;300;200;140;100;300;200;141;100;300;200;141;100;300;30;32;20;45;30;30;20;45;30;31;20;45;30;30;20;45;200;144;100;300;200;143;100;300;200;243;100;300;200;244;100;300;4;2;0.4;6;4;5;0.4;6;4;2;0.4;6;4;5;0.4;6;4;2;0.4;6;4;5;0.4;6;4;2;0.4;6;4;5;0.4;6;NOK;NOK;OK;7000;7103;6500;8100;OK;4.98;0;8;12;NOK;N/A;1.5;N/A;N/A;N/A;9;11.8;7;18;OK;;0;0;0;-;Disabled;TempOk;2;230;41.7;42.2;0;0;349.9;441345100 daimler 1500 1900;441345100 daimler 1500 1900;441345100 Daimler 1500 1900
20260320_22:33:26;9952;3;4;950;940.2;925;975;OK;950;951.4;925;975;OK;951.5;951.5;-20;-24.3;-50;-25;NOK;-20;-16.7;-50;-25;NOK;-21.8;-21;0;-20;-24.4;-50;-25;NOK;300;311;300;500;OK;0;0;N/A;N/A;N/A;N/A;N/A;N/A;N/A;N/A;N/A;N/A;N/A;N/A;N/A;N/A;N/A;N/A;N/A;N/A;N/A;N/A;N/A;N/A;N/A;N/A;N/A;N/A;N/A;N/A;N/A;N/A;N/A;N/A;N/A;N/A;N/A;N/A;N/A;N/A;N/A;N/A;N/A;N/A;N/A;N/A;N/A;N/A;N/A;N/A;N/A;N/A;N/A;N/A;N/A;N/A;N/A;N/A;N/A;N/A;N/A;N/A;N/A;N/A;N/A;N/A;N/A;N/A;N/A;N/A;N/A;N/A;N/A;N/A;N/A;N/A;N/A;N/A;N/A;N/A;N/A;N/A;N/A;N/A;N/A;N/A;N/A;N/A;N/A;N/A;N/A;N/A;N/A;N/A;N/A;N/A;N/A;N/A;N/A;N/A;;0;323.6;0;0;;Disabled;TempStop;2;700;327.4;276.5;0;0;599.9;549.9;Enabled;PosOk;2;0;0;0;0;0;15;Disabled;0;0;0;0;0;0;0;0;0;0;0;0;0;0;0;0;0;0;0;0;0;0;0;0;0;0;0;0;0;0;0;0;0;0;0;0;0;0;0;0;0;0;0;0;0;0;0;0;0;0;0;0;0;0;0;0;0;0;0;0;0;0;0;0;0;0;0;0;0;0;30;33;20;45;30;30;20;45;30;33;20;45;30;30;20;45;200;142;100;300;200;140;100;300;200;141;100;300;200;141;100;300;30;32;20;45;30;29;20;45;30;31;20;45;30;30;20;45;200;144;100;300;200;142;100;300;200;242;100;300;200;243;100;300;4;2;0.4;6;4;5;0.4;6;4;2;0.4;6;4;5;0.4;6;4;2;0.4;6;4;5;0.4;6;4;3;0.4;6;4;5;0.4;6;NOK;NOK;OK;7000;7108;6500;8100;OK;4.98;0;8;12;NOK;N/A;1.5;N/A;N/A;N/A;9;11.7;7;18;OK;;0;0;0;-;Disabled;TempOk;2;230;41.7;42.7;0;0;349.9;441345100 daimler 1500 1900;441345100 daimler 1500 1900;441345100 Daimler 1500 1900
20260320_22:33:44;9953;2;5;950;938.8;925;975;OK;950;950.6;925;975;OK;951;951;-15;-31.4;-50;-20;OK;-15;-23.5;-50;-20;OK;-21.2;-22.7;0;-15;-31.1;-50;-20;OK;300;311;300;500;OK;0;0;N/A;N/A;N/A;N/A;N/A;N/A;N/A;N/A;N/A;N/A;N/A;N/A;N/A;N/A;N/A;N/A;N/A;N/A;N/A;N/A;N/A;N/A;N/A;N/A;N/A;N/A;N/A;N/A;N/A;N/A;N/A;N/A;N/A;N/A;N/A;N/A;N/A;N/A;N/A;N/A;N/A;N/A;N/A;N/A;N/A;N/A;N/A;N/A;N/A;N/A;N/A;N/A;N/A;N/A;N/A;N/A;N/A;N/A;N/A;N/A;N/A;N/A;N/A;N/A;N/A;N/A;N/A;N/A;N/A;N/A;N/A;N/A;N/A;N/A;N/A;N/A;N/A;N/A;N/A;N/A;N/A;N/A;N/A;N/A;N/A;N/A;N/A;N/A;N/A;N/A;N/A;N/A;N/A;N/A;N/A;N/A;N/A;N/A;;0;325.6;0;0;;Disabled;TempStop;2;700;329.6;278.5;0;0;599.9;549.9;Enabled;PosOk;2;0;0;0;0;0;15;Disabled;0;0;0;0;0;0;0;0;0;0;0;0;0;0;0;0;0;0;0;0;0;0;0;0;0;0;0;0;0;0;0;0;0;0;0;0;0;0;0;0;0;0;0;0;0;0;0;0;0;0;0;0;0;0;0;0;0;0;0;0;0;0;0;0;0;0;0;0;0;0;30;33;20;45;30;29;20;45;30;33;20;45;30;29;20;45;200;142;100;300;200;140;100;300;200;140;100;300;200;140;100;300;30;32;20;45;30;29;20;45;30;31;20;45;30;29;20;45;200;144;100;300;200;143;100;300;200;242;100;300;200;243;100;300;4;2;0.4;6;4;5;0.4;6;4;2;0.4;6;4;5;0.4;6;4;2;0.4;6;4;5;0.4;6;4;2;0.4;6;4;5;0.4;6;NOK;NOK;OK;7000;7102;6500;8100;OK;4.98;0;8;12;NOK;N/A;1.5;N/A;N/A;N/A;9;11.5;7;18;OK;;0;0;0;-;Disabled;TempOk;2;230;42.2;42.2;0;0;349.9;441345100 daimler 1500 1900;441345100 daimler 1500 1900;441345100 Daimler 1500 1900
20260320_22:34:02;9954;3;5;950;943.2;925;975;OK;950;951.1;925;975;OK;951.1;951.1;-20;-25.4;-50;-25;OK;-20;-20.2;-50;-25;NOK;-20.4;-21;0;-20;-25.3;-50;-25;OK;300;311;300;500;OK;0;0;N/A;N/A;N/A;N/A;N/A;N/A;N/A;N/A;N/A;N/A;N/A;N/A;N/A;N/A;N/A;N/A;N/A;N/A;N/A;N/A;N/A;N/A;N/A;N/A;N/A;N/A;N/A;N/A;N/A;N/A;N/A;N/A;N/A;N/A;N/A;N/A;N/A;N/A;N/A;N/A;N/A;N/A;N/A;N/A;N/A;N/A;N/A;N/A;N/A;N/A;N/A;N/A;N/A;N/A;N/A;N/A;N/A;N/A;N/A;N/A;N/A;N/A;N/A;N/A;N/A;N/A;N/A;N/A;N/A;N/A;N/A;N/A;N/A;N/A;N/A;N/A;N/A;N/A;N/A;N/A;N/A;N/A;N/A;N/A;N/A;N/A;N/A;N/A;N/A;N/A;N/A;N/A;N/A;N/A;N/A;N/A;N/A;N/A;;0;323.8;0;0;;Disabled;TempStop;2;700;327.9;277.5;0;0;599.9;549.9;Enabled;PosOk;2;0;0;0;0;0;15;Disabled;0;0;0;0;0;0;0;0;0;0;0;0;0;0;0;0;0;0;0;0;0;0;0;0;0;0;0;0;0;0;0;0;0;0;0;0;0;0;0;0;0;0;0;0;0;0;0;0;0;0;0;0;0;0;0;0;0;0;0;0;0;0;0;0;0;0;0;0;0;0;30;33;20;45;30;29;20;45;30;33;20;45;30;29;20;45;200;142;100;300;200;140;100;300;200;141;100;300;200;140;100;300;30;32;20;45;30;29;20;45;30;31;20;45;30;29;20;45;200;144;100;300;200;143;100;300;200;243;100;300;200;243;100;300;4;2;0.4;6;4;5;0.4;6;4;2;0.4;6;4;5;0.4;6;4;2;0.4;6;4;5;0.4;6;4;3;0.4;6;4;5;0.4;6;NOK;NOK;OK;7000;7100;6500;8100;OK;4.98;0;8;12;NOK;N/A;1.5;N/A;N/A;N/A;9;11.6;7;18;OK;;0;0;0;-;Disabled;TempOk;2;230;41.7;41.7;0;0;349.9;441345100 daimler 1500 1900;441345100 daimler 1500 1900;441345100 Daimler 1500 1900
20260320_22:34:20;9955;4;5;950;937.7;925;975;OK;950;950.4;925;975;OK;950.8;951;-15;-16.1;-50;-5;OK;-15;-12.4;-50;-5;OK;-13.3;-12.9;0;-15;-16;-50;-5;OK;300;311;300;500;OK;14.29;14.72;N/A;N/A;N/A;N/A;N/A;N/A;N/A;N/A;N/A;N/A;N/A;N/A;N/A;N/A;N/A;N/A;N/A;N/A;N/A;N/A;N/A;N/A;N/A;N/A;N/A;N/A;N/A;N/A;N/A;N/A;N/A;N/A;N/A;N/A;N/A;N/A;N/A;N/A;N/A;N/A;N/A;N/A;N/A;N/A;N/A;N/A;N/A;N/A;N/A;N/A;N/A;N/A;N/A;N/A;N/A;N/A;N/A;N/A;N/A;N/A;N/A;N/A;N/A;N/A;N/A;N/A;N/A;N/A;N/A;N/A;N/A;N/A;N/A;N/A;N/A;N/A;N/A;N/A;N/A;N/A;N/A;N/A;N/A;N/A;N/A;N/A;N/A;N/A;N/A;N/A;N/A;N/A;N/A;N/A;N/A;N/A;N/A;N/A;;0;321.9;0;0;;Disabled;TempStop;2;700;325.7;276.9;0;0;599.9;549.9;Enabled;PosOk;2;0;0;0;0;0;15;Disabled;0;0;0;0;0;0;0;0;0;0;0;0;0;0;0;0;0;0;0;0;0;0;0;0;0;0;0;0;0;0;0;0;0;0;0;0;0;0;0;0;0;0;0;0;0;0;0;0;0;0;0;0;0;0;0;0;0;0;0;0;0;0;0;0;0;0;0;0;0;0;30;33;20;45;30;29;20;45;30;33;20;45;30;29;20;45;200;141;100;300;200;140;100;300;200;141;100;300;200;140;100;300;30;32;20;45;30;29;20;45;30;31;20;45;30;29;20;45;200;144;100;300;200;143;100;300;200;243;100;300;200;243;100;300;4;2;0.4;6;4;5;0.4;6;4;2;0.4;6;4;5;0.4;6;4;2;0.4;6;4;5;0.4;6;4;2;0.4;6;4;5;0.4;6;NOK;NOK;OK;7000;7093;6500;8100;OK;4.97;0;8;12;NOK;N/A;1.5;N/A;N/A;N/A;9;12.1;7;18;OK;;0;0;0;-;Disabled;TempOk;2;230;41.9;45.9;0;0;349.9;441345100 daimler 1500 1900;441345100 daimler 1500 1900;441345100 Daimler 1500 1900
20260320_22:34:38;9956;1;1;950;939.4;925;975;OK;950;951.1;925;975;OK;951.1;951.1;-20;-17.1;-50;-25;NOK;-20;-15.3;-50;-25;NOK;-13.8;-14.5;0;-20;-17.1;-50;-25;NOK;300;311;300;500;OK;0;0;N/A;N/A;N/A;N/A;N/A;N/A;N/A;N/A;N/A;N/A;N/A;N/A;N/A;N/A;N/A;N/A;N/A;N/A;N/A;N/A;N/A;N/A;N/A;N/A;N/A;N/A;N/A;N/A;N/A;N/A;N/A;N/A;N/A;N/A;N/A;N/A;N/A;N/A;N/A;N/A;N/A;N/A;N/A;N/A;N/A;N/A;N/A;N/A;N/A;N/A;N/A;N/A;N/A;N/A;N/A;N/A;N/A;N/A;N/A;N/A;N/A;N/A;N/A;N/A;N/A;N/A;N/A;N/A;N/A;N/A;N/A;N/A;N/A;N/A;N/A;N/A;N/A;N/A;N/A;N/A;N/A;N/A;N/A;N/A;N/A;N/A;N/A;N/A;N/A;N/A;N/A;N/A;N/A;N/A;N/A;N/A;N/A;N/A;;0;326.1;0;0;;Disabled;TempStop;2;700;330;279;0;0;599.9;549.9;Enabled;PosOk;2;0;0;0;0;0;15;Disabled;0;0;0;0;0;0;0;0;0;0;0;0;0;0;0;0;0;0;0;0;0;0;0;0;0;0;0;0;0;0;0;0;0;0;0;0;0;0;0;0;0;0;0;0;0;0;0;0;0;0;0;0;0;0;0;0;0;0;0;0;0;0;0;0;0;0;0;0;0;0;30;33;20;45;30;30;20;45;30;33;20;45;30;30;20;45;200;142;100;300;200;140;100;300;200;141;100;300;200;140;100;300;30;32;20;45;30;30;20;45;30;31;20;45;30;30;20;45;200;145;100;300;200;143;100;300;200;243;100;300;200;244;100;300;4;2;0.4;6;4;5;0.4;6;4;2;0.4;6;4;5;0.4;6;4;2;0.4;6;4;5;0.4;6;4;3;0.4;6;4;5;0.4;6;NOK;NOK;OK;7000;7102;6500;8100;OK;4.98;0;8;12;NOK;N/A;1.5;N/A;N/A;N/A;9;12.1;7;18;OK;;0;0;0;-;Disabled;TempOk;2;230;41.7;42.7;0;0;349.9;441345100 daimler 1500 1900;441345100 daimler 1500 1900;441345100 Daimler 1500 1900
20260320_22:34:56;9957;4;1;950;934.5;925;975;OK;950;950.7;925;975;OK;951.2;951;-15;-19.6;-50;-5;OK;-15;-13;-50;-5;OK;-14;-13.6;0;-15;-19.7;-50;-5;OK;300;311;300;500;OK;14.36;14.75;N/A;N/A;N/A;N/A;N/A;N/A;N/A;N/A;N/A;N/A;N/A;N/A;N/A;N/A;N/A;N/A;N/A;N/A;N/A;N/A;N/A;N/A;N/A;N/A;N/A;N/A;N/A;N/A;N/A;N/A;N/A;N/A;N/A;N/A;N/A;N/A;N/A;N/A;N/A;N/A;N/A;N/A;N/A;N/A;N/A;N/A;N/A;N/A;N/A;N/A;N/A;N/A;N/A;N/A;N/A;N/A;N/A;N/A;N/A;N/A;N/A;N/A;N/A;N/A;N/A;N/A;N/A;N/A;N/A;N/A;N/A;N/A;N/A;N/A;N/A;N/A;N/A;N/A;N/A;N/A;N/A;N/A;N/A;N/A;N/A;N/A;N/A;N/A;N/A;N/A;N/A;N/A;N/A;N/A;N/A;N/A;N/A;N/A;;0;323.8;0;0;;Disabled;TempStop;2;700;327.7;278;0;0;599.9;549.9;Enabled;PosOk;2;0;0;0;0;0;15;Disabled;0;0;0;0;0;0;0;0;0;0;0;0;0;0;0;0;0;0;0;0;0;0;0;0;0;0;0;0;0;0;0;0;0;0;0;0;0;0;0;0;0;0;0;0;0;0;0;0;0;0;0;0;0;0;0;0;0;0;0;0;0;0;0;0;0;0;0;0;0;0;30;33;20;45;30;30;20;45;30;33;20;45;30;30;20;45;200;142;100;300;200;140;100;300;200;141;100;300;200;140;100;300;30;32;20;45;30;30;20;45;30;31;20;45;30;30;20;45;200;144;100;300;200;143;100;300;200;242;100;300;200;244;100;300;4;2;0.4;6;4;5;0.4;6;4;2;0.4;6;4;5;0.4;6;4;2;0.4;6;4;5;0.4;6;4;2;0.4;6;4;5;0.4;6;NOK;NOK;OK;7000;7099;6500;8100;OK;4.97;0;8;12;NOK;N/A;1.5;N/A;N/A;N/A;9;12.2;7;18;OK;;0;0;0;-;Disabled;TempOk;2;230;42.2;42.7;0;0;349.9;441345100 daimler 1500 1900;441345100 daimler 1500 1900;441345100 Daimler 1500 1900
20260320_22:35:13;9958;3;1;950;940.6;925;975;OK;950;951.2;925;975;OK;951.2;951.2;-20;-20.1;-50;-25;NOK;-20;-15.2;-50;-25;NOK;-12.6;-13.8;0;-20;-20.1;-50;-25;NOK;300;311;300;500;OK;0;0;N/A;N/A;N/A;N/A;N/A;N/A;N/A;N/A;N/A;N/A;N/A;N/A;N/A;N/A;N/A;N/A;N/A;N/A;N/A;N/A;N/A;N/A;N/A;N/A;N/A;N/A;N/A;N/A;N/A;N/A;N/A;N/A;N/A;N/A;N/A;N/A;N/A;N/A;N/A;N/A;N/A;N/A;N/A;N/A;N/A;N/A;N/A;N/A;N/A;N/A;N/A;N/A;N/A;N/A;N/A;N/A;N/A;N/A;N/A;N/A;N/A;N/A;N/A;N/A;N/A;N/A;N/A;N/A;N/A;N/A;N/A;N/A;N/A;N/A;N/A;N/A;N/A;N/A;N/A;N/A;N/A;N/A;N/A;N/A;N/A;N/A;N/A;N/A;N/A;N/A;N/A;N/A;N/A;N/A;N/A;N/A;N/A;N/A;;0;324.2;0;0;;Disabled;TempStop;2;700;328;277.6;0;0;599.9;549.9;Enabled;PosOk;2;0;0;0;0;0;15;Disabled;0;0;0;0;0;0;0;0;0;0;0;0;0;0;0;0;0;0;0;0;0;0;0;0;0;0;0;0;0;0;0;0;0;0;0;0;0;0;0;0;0;0;0;0;0;0;0;0;0;0;0;0;0;0;0;0;0;0;0;0;0;0;0;0;0;0;0;0;0;0;30;33;20;45;30;30;20;45;30;33;20;45;30;30;20;45;200;141;100;300;200;140;100;300;200;140;100;300;200;140;100;300;30;32;20;45;30;30;20;45;30;31;20;45;30;30;20;45;200;144;100;300;200;143;100;300;200;242;100;300;200;243;100;300;4;2;0.4;6;4;5;0.4;6;4;2;0.4;6;4;5;0.4;6;4;2;0.4;6;4;5;0.4;6;4;2;0.4;6;4;5;0.4;6;NOK;NOK;OK;7000;7093;6500;8100;OK;4.98;0;8;12;NOK;N/A;1.5;N/A;N/A;N/A;9;12.3;7;18;OK;;0;0;0;-;Disabled;TempOk;2;230;41.9;42.4;0;0;349.9;441345100 daimler 1500 1900;441345100 daimler 1500 1900;441345100 Daimler 1500 1900
20260320_22:35:32;9959;2;2;950;939.7;925;975;OK;950;950.7;925;975;OK;950.5;950.7;-15;-28.9;-50;-20;OK;-15;-20.3;-50;-20;OK;-17.4;-18.8;0;-15;-29;-50;-20;OK;300;311;300;500;OK;0;0;N/A;N/A;N/A;N/A;N/A;N/A;N/A;N/A;N/A;N/A;N/A;N/A;N/A;N/A;N/A;N/A;N/A;N/A;N/A;N/A;N/A;N/A;N/A;N/A;N/A;N/A;N/A;N/A;N/A;N/A;N/A;N/A;N/A;N/A;N/A;N/A;N/A;N/A;N/A;N/A;N/A;N/A;N/A;N/A;N/A;N/A;N/A;N/A;N/A;N/A;N/A;N/A;N/A;N/A;N/A;N/A;N/A;N/A;N/A;N/A;N/A;N/A;N/A;N/A;N/A;N/A;N/A;N/A;N/A;N/A;N/A;N/A;N/A;N/A;N/A;N/A;N/A;N/A;N/A;N/A;N/A;N/A;N/A;N/A;N/A;N/A;N/A;N/A;N/A;N/A;N/A;N/A;N/A;N/A;N/A;N/A;N/A;N/A;;0;327.5;0;0;;Disabled;TempStop;2;700;331.4;280.5;0;0;599.9;549.9;Enabled;PosOk;2;0;0;0;0;0;15;Disabled;0;0;0;0;0;0;0;0;0;0;0;0;0;0;0;0;0;0;0;0;0;0;0;0;0;0;0;0;0;0;0;0;0;0;0;0;0;0;0;0;0;0;0;0;0;0;0;0;0;0;0;0;0;0;0;0;0;0;0;0;0;0;0;0;0;0;0;0;0;0;30;33;20;45;30;29;20;45;30;33;20;45;30;29;20;45;200;142;100;300;200;140;100;300;200;140;100;300;200;140;100;300;30;32;20;45;30;29;20;45;30;31;20;45;30;29;20;45;200;144;100;300;200;143;100;300;200;243;100;300;200;244;100;300;4;2;0.4;6;4;5;0.4;6;4;2;0.4;6;4;5;0.4;6;4;2;0.4;6;4;5;0.4;6;4;2;0.4;6;4;5;0.4;6;NOK;NOK;OK;7000;7110;6500;8100;OK;4.98;0;8;12;NOK;N/A;1.5;N/A;N/A;N/A;9;11.9;7;18;OK;;0;0;0;-;Disabled;TempOk;2;230;42.7;45.4;0;0;349.9;441345100 daimler 1500 1900;441345100 daimler 1500 1900;441345100 Daimler 1500 1900
20260320_22:35:49;9960;1;2;950;940.6;925;975;OK;950;951.6;925;975;OK;951.5;951.6;-20;-14.4;-50;-25;NOK;-20;-13.1;-50;-25;NOK;-14;-14.9;0;-20;-14.1;-50;-25;NOK;300;311;300;500;OK;0;0;N/A;N/A;N/A;N/A;N/A;N/A;N/A;N/A;N/A;N/A;N/A;N/A;N/A;N/A;N/A;N/A;N/A;N/A;N/A;N/A;N/A;N/A;N/A;N/A;N/A;N/A;N/A;N/A;N/A;N/A;N/A;N/A;N/A;N/A;N/A;N/A;N/A;N/A;N/A;N/A;N/A;N/A;N/A;N/A;N/A;N/A;N/A;N/A;N/A;N/A;N/A;N/A;N/A;N/A;N/A;N/A;N/A;N/A;N/A;N/A;N/A;N/A;N/A;N/A;N/A;N/A;N/A;N/A;N/A;N/A;N/A;N/A;N/A;N/A;N/A;N/A;N/A;N/A;N/A;N/A;N/A;N/A;N/A;N/A;N/A;N/A;N/A;N/A;N/A;N/A;N/A;N/A;N/A;N/A;N/A;N/A;N/A;N/A;;0;327.3;0;0;;Disabled;TempStop;2;700;331.1;280.8;0;0;599.9;549.9;Enabled;PosOk;2;0;0;0;0;0;15;Disabled;0;0;0;0;0;0;0;0;0;0;0;0;0;0;0;0;0;0;0;0;0;0;0;0;0;0;0;0;0;0;0;0;0;0;0;0;0;0;0;0;0;0;0;0;0;0;0;0;0;0;0;0;0;0;0;0;0;0;0;0;0;0;0;0;0;0;0;0;0;0;30;33;20;45;30;29;20;45;30;33;20;45;30;29;20;45;200;142;100;300;200;140;100;300;200;141;100;300;200;140;100;300;30;32;20;45;30;30;20;45;30;31;20;45;30;30;20;45;200;144;100;300;200;143;100;300;200;243;100;300;200;244;100;300;4;2;0.4;6;4;5;0.4;6;4;2;0.4;6;4;5;0.4;6;4;2;0.4;6;4;5;0.4;6;4;2;0.4;6;4;5;0.4;6;NOK;NOK;OK;7000;7094;6500;8100;OK;4.98;0;8;12;NOK;N/A;1.5;N/A;N/A;N/A;9;11.9;7;18;OK;;0;0;0;-;Disabled;TempOk;2;230;42.4;42.7;0;0;349.9;441345100 daimler 1500 1900;441345100 daimler 1500 1900;441345100 Daimler 1500 1900
20260320_22:36:07;9961;4;2;950;941.2;925;975;OK;950;955.7;925;975;OK;955.8;955.8;-15;-19.5;-50;-5;OK;-15;-13.2;-50;-5;OK;-15;-14.5;0;-15;-19.6;-50;-5;OK;300;311;300;500;OK;14.47;14.84;N/A;N/A;N/A;N/A;N/A;N/A;N/A;N/A;N/A;N/A;N/A;N/A;N/A;N/A;N/A;N/A;N/A;N/A;N/A;N/A;N/A;N/A;N/A;N/A;N/A;N/A;N/A;N/A;N/A;N/A;N/A;N/A;N/A;N/A;N/A;N/A;N/A;N/A;N/A;N/A;N/A;N/A;N/A;N/A;N/A;N/A;N/A;N/A;N/A;N/A;N/A;N/A;N/A;N/A;N/A;N/A;N/A;N/A;N/A;N/A;N/A;N/A;N/A;N/A;N/A;N/A;N/A;N/A;N/A;N/A;N/A;N/A;N/A;N/A;N/A;N/A;N/A;N/A;N/A;N/A;N/A;N/A;N/A;N/A;N/A;N/A;N/A;N/A;N/A;N/A;N/A;N/A;N/A;N/A;N/A;N/A;N/A;N/A;;0;324.4;0;0;;Disabled;TempStop;2;700;328.2;278.4;0;0;599.9;549.9;Enabled;PosOk;2;0;0;0;0;0;15;Disabled;0;0;0;0;0;0;0;0;0;0;0;0;0;0;0;0;0;0;0;0;0;0;0;0;0;0;0;0;0;0;0;0;0;0;0;0;0;0;0;0;0;0;0;0;0;0;0;0;0;0;0;0;0;0;0;0;0;0;0;0;0;0;0;0;0;0;0;0;0;0;30;33;20;45;30;30;20;45;30;33;20;45;30;30;20;45;200;142;100;300;200;140;100;300;200;140;100;300;200;140;100;300;30;32;20;45;30;30;20;45;30;31;20;45;30;30;20;45;200;144;100;300;200;143;100;300;200;243;100;300;200;244;100;300;4;2;0.4;6;4;5;0.4;6;4;2;0.4;6;4;5;0.4;6;4;2;0.4;6;4;5;0.4;6;4;2;0.4;6;4;5;0.4;6;NOK;NOK;OK;7000;7096;6500;8100;OK;4.98;0;8;12;NOK;N/A;1.5;N/A;N/A;N/A;9;12;7;18;OK;;0;0;0;-;Disabled;TempOk;2;230;42.4;42.9;0;0;349.9;441345100 daimler 1500 1900;441345100 daimler 1500 1900;441345100 Daimler 1500 1900
20260320_22:36:25;9962;3;2;950;940;925;975;OK;950;951.7;925;975;OK;951.7;951.6;-20;-20.3;-50;-25;NOK;-20;-16;-50;-25;NOK;-15;-16.2;0;-20;-19.9;-50;-25;NOK;300;311;300;500;OK;0;0;N/A;N/A;N/A;N/A;N/A;N/A;N/A;N/A;N/A;N/A;N/A;N/A;N/A;N/A;N/A;N/A;N/A;N/A;N/A;N/A;N/A;N/A;N/A;N/A;N/A;N/A;N/A;N/A;N/A;N/A;N/A;N/A;N/A;N/A;N/A;N/A;N/A;N/A;N/A;N/A;N/A;N/A;N/A;N/A;N/A;N/A;N/A;N/A;N/A;N/A;N/A;N/A;N/A;N/A;N/A;N/A;N/A;N/A;N/A;N/A;N/A;N/A;N/A;N/A;N/A;N/A;N/A;N/A;N/A;N/A;N/A;N/A;N/A;N/A;N/A;N/A;N/A;N/A;N/A;N/A;N/A;N/A;N/A;N/A;N/A;N/A;N/A;N/A;N/A;N/A;N/A;N/A;N/A;N/A;N/A;N/A;N/A;N/A;;0;323.3;0;0;;Disabled;TempStop;2;700;327.1;277.3;0;0;599.9;549.9;Enabled;PosOk;2;0;0;0;0;0;15;Disabled;0;0;0;0;0;0;0;0;0;0;0;0;0;0;0;0;0;0;0;0;0;0;0;0;0;0;0;0;0;0;0;0;0;0;0;0;0;0;0;0;0;0;0;0;0;0;0;0;0;0;0;0;0;0;0;0;0;0;0;0;0;0;0;0;0;0;0;0;0;0;30;33;20;45;30;30;20;45;30;33;20;45;30;30;20;45;200;142;100;300;200;140;100;300;200;141;100;300;200;140;100;300;30;33;20;45;30;30;20;45;30;32;20;45;30;30;20;45;200;144;100;300;200;143;100;300;200;243;100;300;200;243;100;300;4;2;0.4;6;4;5;0.4;6;4;2;0.4;6;4;5;0.4;6;4;2;0.4;6;4;5;0.4;6;4;2;0.4;6;4;5;0.4;6;NOK;NOK;OK;7000;7103;6500;8100;OK;4.98;0;8;12;NOK;N/A;1.5;N/A;N/A;N/A;9;11.9;7;18;OK;;0;0;0;-;Disabled;TempOk;2;230;42.7;43.1;0;0;349.9;441345100 daimler 1500 1900;441345100 daimler 1500 1900;441345100 Daimler 1500 1900
20260320_22:36:43;9963;4;3;950;948.8;925;975;OK;950;955.9;925;975;OK;956.8;956.8;-15;-21.5;-50;-5;OK;-15;-13.2;-50;-5;OK;-15.6;-14.8;0;-15;-21.4;-50;-5;OK;300;311;300;500;OK;14.52;14.9;N/A;N/A;N/A;N/A;N/A;N/A;N/A;N/A;N/A;N/A;N/A;N/A;N/A;N/A;N/A;N/A;N/A;N/A;N/A;N/A;N/A;N/A;N/A;N/A;N/A;N/A;N/A;N/A;N/A;N/A;N/A;N/A;N/A;N/A;N/A;N/A;N/A;N/A;N/A;N/A;N/A;N/A;N/A;N/A;N/A;N/A;N/A;N/A;N/A;N/A;N/A;N/A;N/A;N/A;N/A;N/A;N/A;N/A;N/A;N/A;N/A;N/A;N/A;N/A;N/A;N/A;N/A;N/A;N/A;N/A;N/A;N/A;N/A;N/A;N/A;N/A;N/A;N/A;N/A;N/A;N/A;N/A;N/A;N/A;N/A;N/A;N/A;N/A;N/A;N/A;N/A;N/A;N/A;N/A;N/A;N/A;N/A;N/A;;0;323.3;0;0;;Disabled;TempStop;2;700;327;278.9;0;0;599.9;549.9;Enabled;PosOk;2;0;0;0;0;0;15;Disabled;0;0;0;0;0;0;0;0;0;0;0;0;0;0;0;0;0;0;0;0;0;0;0;0;0;0;0;0;0;0;0;0;0;0;0;0;0;0;0;0;0;0;0;0;0;0;0;0;0;0;0;0;0;0;0;0;0;0;0;0;0;0;0;0;0;0;0;0;0;0;30;33;20;45;30;30;20;45;30;33;20;45;30;30;20;45;200;142;100;300;200;140;100;300;200;141;100;300;200;140;100;300;30;33;20;45;30;30;20;45;30;32;20;45;30;30;20;45;200;144;100;300;200;143;100;300;200;243;100;300;200;244;100;300;4;2;0.4;6;4;5;0.4;6;4;2;0.4;6;4;5;0.4;6;4;2;0.4;6;4;5;0.4;6;4;2;0.4;6;4;5;0.4;6;NOK;NOK;OK;7000;7110;6500;8100;OK;4.98;0;8;12;NOK;N/A;1.5;N/A;N/A;N/A;9;11.8;7;18;OK;;0;0;0;-;Disabled;TempOk;2;230;42.9;42.9;0;0;349.9;441345100 daimler 1500 1900;441345100 daimler 1500 1900;441345100 Daimler 1500 1900
20260320_22:37:01;9964;1;3;950;940.9;925;975;OK;950;951.5;925;975;OK;951.6;951.5;-20;-14;-50;-25;NOK;-20;-13;-50;-25;NOK;-16.1;-15.8;0;-20;-13.7;-50;-25;NOK;300;311;300;500;OK;0;0;N/A;N/A;N/A;N/A;N/A;N/A;N/A;N/A;N/A;N/A;N/A;N/A;N/A;N/A;N/A;N/A;N/A;N/A;N/A;N/A;N/A;N/A;N/A;N/A;N/A;N/A;N/A;N/A;N/A;N/A;N/A;N/A;N/A;N/A;N/A;N/A;N/A;N/A;N/A;N/A;N/A;N/A;N/A;N/A;N/A;N/A;N/A;N/A;N/A;N/A;N/A;N/A;N/A;N/A;N/A;N/A;N/A;N/A;N/A;N/A;N/A;N/A;N/A;N/A;N/A;N/A;N/A;N/A;N/A;N/A;N/A;N/A;N/A;N/A;N/A;N/A;N/A;N/A;N/A;N/A;N/A;N/A;N/A;N/A;N/A;N/A;N/A;N/A;N/A;N/A;N/A;N/A;N/A;N/A;N/A;N/A;N/A;N/A;;0;324.8;0;0;;Disabled;TempStop;2;700;328.6;279.9;0;0;599.9;549.9;Enabled;PosOk;2;0;0;0;0;0;15;Disabled;0;0;0;0;0;0;0;0;0;0;0;0;0;0;0;0;0;0;0;0;0;0;0;0;0;0;0;0;0;0;0;0;0;0;0;0;0;0;0;0;0;0;0;0;0;0;0;0;0;0;0;0;0;0;0;0;0;0;0;0;0;0;0;0;0;0;0;0;0;0;30;33;20;45;30;30;20;45;30;33;20;45;30;30;20;45;200;142;100;300;200;140;100;300;200;141;100;300;200;140;100;300;30;33;20;45;30;30;20;45;30;32;20;45;30;30;20;45;200;144;100;300;200;143;100;300;200;243;100;300;200;244;100;300;4;2;0.4;6;4;5;0.4;6;4;2;0.4;6;4;5;0.4;6;4;2;0.4;6;4;5;0.4;6;4;2;0.4;6;4;5;0.4;6;NOK;NOK;OK;7000;7099;6500;8100;OK;4.98;0;8;12;NOK;N/A;1.5;N/A;N/A;N/A;9;11.7;7;18;OK;;0;0;0;-;Disabled;TempOk;2;230;41.9;44.7;0;0;349.9;441345100 daimler 1500 1900;441345100 daimler 1500 1900;441345100 Daimler 1500 1900
20260320_22:37:19;9965;2;1;950;941;925;975;OK;950;951;925;975;OK;951;951.1;-15;-27.1;-50;-20;OK;-15;-20;-50;-20;NOK;-17.5;-18.7;0;-15;-27.1;-50;-20;OK;300;311;300;500;OK;0;0;N/A;N/A;N/A;N/A;N/A;N/A;N/A;N/A;N/A;N/A;N/A;N/A;N/A;N/A;N/A;N/A;N/A;N/A;N/A;N/A;N/A;N/A;N/A;N/A;N/A;N/A;N/A;N/A;N/A;N/A;N/A;N/A;N/A;N/A;N/A;N/A;N/A;N/A;N/A;N/A;N/A;N/A;N/A;N/A;N/A;N/A;N/A;N/A;N/A;N/A;N/A;N/A;N/A;N/A;N/A;N/A;N/A;N/A;N/A;N/A;N/A;N/A;N/A;N/A;N/A;N/A;N/A;N/A;N/A;N/A;N/A;N/A;N/A;N/A;N/A;N/A;N/A;N/A;N/A;N/A;N/A;N/A;N/A;N/A;N/A;N/A;N/A;N/A;N/A;N/A;N/A;N/A;N/A;N/A;N/A;N/A;N/A;N/A;;0;323.6;0;0;;Disabled;TempStop;2;700;327.4;277.7;0;0;599.9;549.9;Enabled;PosOk;2;0;0;0;0;0;15;Disabled;0;0;0;0;0;0;0;0;0;0;0;0;0;0;0;0;0;0;0;0;0;0;0;0;0;0;0;0;0;0;0;0;0;0;0;0;0;0;0;0;0;0;0;0;0;0;0;0;0;0;0;0;0;0;0;0;0;0;0;0;0;0;0;0;0;0;0;0;0;0;30;33;20;45;30;30;20;45;30;34;20;45;30;30;20;45;200;142;100;300;200;140;100;300;200;141;100;300;200;141;100;300;30;33;20;45;30;30;20;45;30;32;20;45;30;30;20;45;200;144;100;300;200;143;100;300;200;243;100;300;200;244;100;300;4;2;0.4;6;4;5;0.4;6;4;2;0.4;6;4;5;0.4;6;4;2;0.4;6;4;5;0.4;6;4;2;0.4;6;4;5;0.4;6;NOK;NOK;OK;7000;7099;6500;8100;OK;4.98;0;8;12;NOK;N/A;1.5;N/A;N/A;N/A;9;11.6;7;18;OK;;0;0;0;-;Disabled;TempOk;2;230;41.9;43.3;0;0;349.9;441345100 daimler 1500 1900;441345100 daimler 1500 1900;441345100 Daimler 1500 1900
20260320_22:37:37;9966;3;3;950;940.3;925;975;OK;950;951.6;925;975;OK;951.6;951.4;-20;-21.7;-50;-25;NOK;-20;-15.5;-50;-25;NOK;-13.6;-14.7;0;-20;-21.4;-50;-25;NOK;300;311;300;500;OK;0;0;N/A;N/A;N/A;N/A;N/A;N/A;N/A;N/A;N/A;N/A;N/A;N/A;N/A;N/A;N/A;N/A;N/A;N/A;N/A;N/A;N/A;N/A;N/A;N/A;N/A;N/A;N/A;N/A;N/A;N/A;N/A;N/A;N/A;N/A;N/A;N/A;N/A;N/A;N/A;N/A;N/A;N/A;N/A;N/A;N/A;N/A;N/A;N/A;N/A;N/A;N/A;N/A;N/A;N/A;N/A;N/A;N/A;N/A;N/A;N/A;N/A;N/A;N/A;N/A;N/A;N/A;N/A;N/A;N/A;N/A;N/A;N/A;N/A;N/A;N/A;N/A;N/A;N/A;N/A;N/A;N/A;N/A;N/A;N/A;N/A;N/A;N/A;N/A;N/A;N/A;N/A;N/A;N/A;N/A;N/A;N/A;N/A;N/A;;0;324.8;0;0;;Disabled;TempStop;2;700;328.6;278.1;0;0;599.9;549.9;Enabled;PosOk;2;0;0;0;0;0;15;Disabled;0;0;0;0;0;0;0;0;0;0;0;0;0;0;0;0;0;0;0;0;0;0;0;0;0;0;0;0;0;0;0;0;0;0;0;0;0;0;0;0;0;0;0;0;0;0;0;0;0;0;0;0;0;0;0;0;0;0;0;0;0;0;0;0;0;0;0;0;0;0;30;33;20;45;30;30;20;45;30;34;20;45;30;29;20;45;200;141;100;300;200;140;100;300;200;141;100;300;200;140;100;300;30;33;20;45;30;29;20;45;30;31;20;45;30;29;20;45;200;144;100;300;200;143;100;300;200;243;100;300;200;244;100;300;4;2;0.4;6;4;5;0.4;6;4;2;0.4;6;4;5;0.4;6;4;2;0.4;6;4;5;0.4;6;4;2;0.4;6;4;5;0.4;6;NOK;NOK;OK;7000;7097;6500;8100;OK;4.98;0;8;12;NOK;N/A;1.5;N/A;N/A;N/A;9;11.5;7;18;OK;;0;0;0;-;Disabled;TempOk;2;230;42.4;42.9;0;0;349.9;441345100 daimler 1500 1900;441345100 daimler 1500 1900;441345100 Daimler 1500 1900
20260320_22:37:55;9967;2;4;950;940.1;925;975;OK;950;951.1;925;975;OK;950.9;951;-15;-27.6;-50;-20;OK;-15;-25;-50;-20;OK;-20.8;-22.7;0;-15;-27.7;-50;-20;OK;300;311;300;500;OK;0;0;N/A;N/A;N/A;N/A;N/A;N/A;N/A;N/A;N/A;N/A;N/A;N/A;N/A;N/A;N/A;N/A;N/A;N/A;N/A;N/A;N/A;N/A;N/A;N/A;N/A;N/A;N/A;N/A;N/A;N/A;N/A;N/A;N/A;N/A;N/A;N/A;N/A;N/A;N/A;N/A;N/A;N/A;N/A;N/A;N/A;N/A;N/A;N/A;N/A;N/A;N/A;N/A;N/A;N/A;N/A;N/A;N/A;N/A;N/A;N/A;N/A;N/A;N/A;N/A;N/A;N/A;N/A;N/A;N/A;N/A;N/A;N/A;N/A;N/A;N/A;N/A;N/A;N/A;N/A;N/A;N/A;N/A;N/A;N/A;N/A;N/A;N/A;N/A;N/A;N/A;N/A;N/A;N/A;N/A;N/A;N/A;N/A;N/A;;0;324.5;0;0;;Disabled;TempStop;2;700;328.4;278.1;0;0;599.9;549.9;Enabled;PosOk;2;0;0;0;0;0;15;Disabled;0;0;0;0;0;0;0;0;0;0;0;0;0;0;0;0;0;0;0;0;0;0;0;0;0;0;0;0;0;0;0;0;0;0;0;0;0;0;0;0;0;0;0;0;0;0;0;0;0;0;0;0;0;0;0;0;0;0;0;0;0;0;0;0;0;0;0;0;0;0;30;33;20;45;30;29;20;45;30;33;20;45;30;29;20;45;200;142;100;300;200;140;100;300;200;140;100;300;200;141;100;300;30;32;20;45;30;29;20;45;30;31;20;45;30;29;20;45;200;144;100;300;200;143;100;300;200;243;100;300;200;243;100;300;4;2;0.4;6;4;5;0.4;6;4;2;0.4;6;4;5;0.4;6;4;2;0.4;6;4;5;0.4;6;4;2;0.4;6;4;5;0.4;6;NOK;NOK;OK;7000;7092;6500;8100;OK;4.98;0;8;12;NOK;N/A;1.5;N/A;N/A;N/A;9;11.5;7;18;OK;;0;0;0;-;Disabled;TempOk;2;230;41.9;42.4;0;0;349.9;441345100 daimler 1500 1900;441345100 daimler 1500 1900;441345100 Daimler 1500 1900
20260320_22:38:13;9968;1;4;950;940.7;925;975;OK;950;950.9;925;975;OK;950.7;950.8;-20;-11.8;-50;-25;NOK;-20;-11.4;-50;-25;NOK;-14.2;-13.8;0;-20;-11.6;-50;-25;NOK;300;311;300;500;OK;0;0;N/A;N/A;N/A;N/A;N/A;N/A;N/A;N/A;N/A;N/A;N/A;N/A;N/A;N/A;N/A;N/A;N/A;N/A;N/A;N/A;N/A;N/A;N/A;N/A;N/A;N/A;N/A;N/A;N/A;N/A;N/A;N/A;N/A;N/A;N/A;N/A;N/A;N/A;N/A;N/A;N/A;N/A;N/A;N/A;N/A;N/A;N/A;N/A;N/A;N/A;N/A;N/A;N/A;N/A;N/A;N/A;N/A;N/A;N/A;N/A;N/A;N/A;N/A;N/A;N/A;N/A;N/A;N/A;N/A;N/A;N/A;N/A;N/A;N/A;N/A;N/A;N/A;N/A;N/A;N/A;N/A;N/A;N/A;N/A;N/A;N/A;N/A;N/A;N/A;N/A;N/A;N/A;N/A;N/A;N/A;N/A;N/A;N/A;;0;324.5;0;0;;Disabled;TempStop;2;700;328.3;277.9;0;0;599.9;549.9;Enabled;PosOk;2;0;0;0;0;0;15;Disabled;0;0;0;0;0;0;0;0;0;0;0;0;0;0;0;0;0;0;0;0;0;0;0;0;0;0;0;0;0;0;0;0;0;0;0;0;0;0;0;0;0;0;0;0;0;0;0;0;0;0;0;0;0;0;0;0;0;0;0;0;0;0;0;0;0;0;0;0;0;0;30;33;20;45;30;29;20;45;30;33;20;45;30;29;20;45;200;142;100;300;200;140;100;300;200;141;100;300;200;140;100;300;30;32;20;45;30;29;20;45;30;31;20;45;30;29;20;45;200;144;100;300;200;143;100;300;200;243;100;300;200;244;100;300;4;2;0.4;6;4;5;0.4;6;4;2;0.4;6;4;5;0.4;6;4;2;0.4;6;4;5;0.4;6;4;2;0.4;6;4;5;0.4;6;NOK;NOK;OK;7000;7107;6500;8100;OK;4.98;0;8;12;NOK;N/A;1.5;N/A;N/A;N/A;9;11.5;7;18;OK;;0;0;0;-;Disabled;TempOk;2;230;42.2;43.5;0;0;349.9;441345100 daimler 1500 1900;441345100 daimler 1500 1900;441345100 Daimler 1500 1900
20260320_22:42:05;9971;2;5;950;938.8;925;975;OK;950;950.8;925;975;OK;950.8;950.7;-15;-23.2;-50;-20;OK;-15;-22;-50;-20;OK;-19.6;-21;0;-15;-23;-50;-20;OK;300;489;300;500;OK;0;0;N/A;N/A;N/A;N/A;N/A;N/A;N/A;N/A;N/A;N/A;N/A;N/A;N/A;N/A;N/A;N/A;N/A;N/A;N/A;N/A;N/A;N/A;N/A;N/A;N/A;N/A;N/A;N/A;N/A;N/A;N/A;N/A;N/A;N/A;N/A;N/A;N/A;N/A;N/A;N/A;N/A;N/A;N/A;N/A;N/A;N/A;N/A;N/A;N/A;N/A;N/A;N/A;N/A;N/A;N/A;N/A;N/A;N/A;N/A;N/A;N/A;N/A;N/A;N/A;N/A;N/A;N/A;N/A;N/A;N/A;N/A;N/A;N/A;N/A;N/A;N/A;N/A;N/A;N/A;N/A;N/A;N/A;N/A;N/A;N/A;N/A;N/A;N/A;N/A;N/A;N/A;N/A;N/A;N/A;N/A;N/A;N/A;N/A;;0;322.3;0;0;;Disabled;TempStop;2;700;325.4;276.4;0;0;599.9;549.9;Enabled;PosOk;2;0;0;0;0;0;15;Disabled;0;0;0;0;0;0;0;0;0;0;0;0;0;0;0;0;0;0;0;0;0;0;0;0;0;0;0;0;0;0;0;0;0;0;0;0;0;0;0;0;0;0;0;0;0;0;0;0;0;0;0;0;0;0;0;0;0;0;0;0;0;0;0;0;0;0;0;0;0;0;30;29;20;45;30;30;20;45;30;30;20;45;30;30;20;45;200;141;100;300;200;140;100;300;200;140;100;300;200;141;100;300;30;30;20;45;30;30;20;45;30;30;20;45;30;30;20;45;200;144;100;300;200;143;100;300;200;242;100;300;200;244;100;300;4;2;0.4;6;4;5;0.4;6;4;2;0.4;6;4;5;0.4;6;4;2;0.4;6;4;5;0.4;6;4;3;0.4;6;4;5;0.4;6;NOK;NOK;OK;7000;7104;6500;8100;OK;4.98;0;8;12;NOK;N/A;1.5;N/A;N/A;N/A;9;11.5;7;18;OK;;0;0;0;-;Disabled;TempOk;2;230;40.4;40.9;0;0;349.9;441345100 daimler 1500 1900;441345100 daimler 1500 1900;441345100 Daimler 1500 1900
20260320_22:42:23;9972;3;5;950;942.4;925;975;OK;950;951.3;925;975;OK;952.1;950.8;-20;-19.7;-50;-25;NOK;-20;-19.6;-50;-25;NOK;-17.9;-18.5;0;-20;-19.4;-50;-25;NOK;300;489;300;500;OK;0;0;N/A;N/A;N/A;N/A;N/A;N/A;N/A;N/A;N/A;N/A;N/A;N/A;N/A;N/A;N/A;N/A;N/A;N/A;N/A;N/A;N/A;N/A;N/A;N/A;N/A;N/A;N/A;N/A;N/A;N/A;N/A;N/A;N/A;N/A;N/A;N/A;N/A;N/A;N/A;N/A;N/A;N/A;N/A;N/A;N/A;N/A;N/A;N/A;N/A;N/A;N/A;N/A;N/A;N/A;N/A;N/A;N/A;N/A;N/A;N/A;N/A;N/A;N/A;N/A;N/A;N/A;N/A;N/A;N/A;N/A;N/A;N/A;N/A;N/A;N/A;N/A;N/A;N/A;N/A;N/A;N/A;N/A;N/A;N/A;N/A;N/A;N/A;N/A;N/A;N/A;N/A;N/A;N/A;N/A;N/A;N/A;N/A;N/A;;0;322.2;0;0;;Disabled;TempStop;2;700;325.3;278.3;0;0;599.9;549.9;Enabled;PosOk;2;0;0;0;0;0;15;Disabled;0;0;0;0;0;0;0;0;0;0;0;0;0;0;0;0;0;0;0;0;0;0;0;0;0;0;0;0;0;0;0;0;0;0;0;0;0;0;0;0;0;0;0;0;0;0;0;0;0;0;0;0;0;0;0;0;0;0;0;0;0;0;0;0;0;0;0;0;0;0;30;31;20;45;30;30;20;45;30;31;20;45;30;30;20;45;200;142;100;300;200;140;100;300;200;141;100;300;200;140;100;300;30;31;20;45;30;30;20;45;30;31;20;45;30;30;20;45;200;144;100;300;200;143;100;300;200;242;100;300;200;244;100;300;4;2;0.4;6;4;5;0.4;6;4;2;0.4;6;4;5;0.4;6;4;2;0.4;6;4;5;0.4;6;4;2;0.4;6;4;5;0.4;6;NOK;NOK;OK;7000;7091;6500;8100;OK;4.97;0;8;12;NOK;N/A;1.5;N/A;N/A;N/A;9;11.6;7;18;OK;;0;0;0;-;Disabled;TempOk;2;230;40.4;41.4;0;0;349.9;441345100 daimler 1500 1900;441345100 daimler 1500 1900;441345100 Daimler 1500 1900
20260320_22:42:41;9973;4;5;950;936;925;975;OK;950;950.9;925;975;OK;950.1;950.4;-15;-12;-50;-5;OK;-15;-19.9;-50;-5;OK;-12.1;-12.9;0;-15;-12;-50;-5;OK;300;489;300;500;OK;14.73;15.59;N/A;N/A;N/A;N/A;N/A;N/A;N/A;N/A;N/A;N/A;N/A;N/A;N/A;N/A;N/A;N/A;N/A;N/A;N/A;N/A;N/A;N/A;N/A;N/A;N/A;N/A;N/A;N/A;N/A;N/A;N/A;N/A;N/A;N/A;N/A;N/A;N/A;N/A;N/A;N/A;N/A;N/A;N/A;N/A;N/A;N/A;N/A;N/A;N/A;N/A;N/A;N/A;N/A;N/A;N/A;N/A;N/A;N/A;N/A;N/A;N/A;N/A;N/A;N/A;N/A;N/A;N/A;N/A;N/A;N/A;N/A;N/A;N/A;N/A;N/A;N/A;N/A;N/A;N/A;N/A;N/A;N/A;N/A;N/A;N/A;N/A;N/A;N/A;N/A;N/A;N/A;N/A;N/A;N/A;N/A;N/A;N/A;N/A;;0;323.1;0;0;;Disabled;TempStop;2;700;326.7;276.7;0;0;599.9;549.9;Enabled;PosOk;2;0;0;0;0;0;15;Disabled;0;0;0;0;0;0;0;0;0;0;0;0;0;0;0;0;0;0;0;0;0;0;0;0;0;0;0;0;0;0;0;0;0;0;0;0;0;0;0;0;0;0;0;0;0;0;0;0;0;0;0;0;0;0;0;0;0;0;0;0;0;0;0;0;0;0;0;0;0;0;30;32;20;45;30;30;20;45;30;32;20;45;30;30;20;45;200;142;100;300;200;140;100;300;200;140;100;300;200;140;100;300;30;32;20;45;30;30;20;45;30;31;20;45;30;30;20;45;200;144;100;300;200;142;100;300;200;242;100;300;200;244;100;300;4;2;0.4;6;4;5;0.4;6;4;2;0.4;6;4;5;0.4;6;4;2;0.4;6;4;5;0.4;6;4;2;0.4;6;4;5;0.4;6;NOK;NOK;OK;7000;7107;6500;8100;OK;4.98;0;8;12;NOK;N/A;1.5;N/A;N/A;N/A;9;12;7;18;OK;;0;0;0;-;Disabled;TempOk;2;230;40.7;41.4;0;0;349.9;441345100 daimler 1500 1900;441345100 daimler 1500 1900;441345100 Daimler 1500 1900
20260320_22:42:58;9974;1;1;950;939.9;925;975;OK;950;951.2;925;975;OK;951.2;951;-20;-15.5;-50;-25;NOK;-20;-16.8;-50;-25;NOK;-13.4;-14.1;0;-20;-15.5;-50;-25;NOK;300;489;300;500;OK;0;0;N/A;N/A;N/A;N/A;N/A;N/A;N/A;N/A;N/A;N/A;N/A;N/A;N/A;N/A;N/A;N/A;N/A;N/A;N/A;N/A;N/A;N/A;N/A;N/A;N/A;N/A;N/A;N/A;N/A;N/A;N/A;N/A;N/A;N/A;N/A;N/A;N/A;N/A;N/A;N/A;N/A;N/A;N/A;N/A;N/A;N/A;N/A;N/A;N/A;N/A;N/A;N/A;N/A;N/A;N/A;N/A;N/A;N/A;N/A;N/A;N/A;N/A;N/A;N/A;N/A;N/A;N/A;N/A;N/A;N/A;N/A;N/A;N/A;N/A;N/A;N/A;N/A;N/A;N/A;N/A;N/A;N/A;N/A;N/A;N/A;N/A;N/A;N/A;N/A;N/A;N/A;N/A;N/A;N/A;N/A;N/A;N/A;N/A;;0;323.6;0;0;;Disabled;TempStop;2;700;327.5;276.3;0;0;599.9;549.9;Enabled;PosOk;2;0;0;0;0;0;15;Disabled;0;0;0;0;0;0;0;0;0;0;0;0;0;0;0;0;0;0;0;0;0;0;0;0;0;0;0;0;0;0;0;0;0;0;0;0;0;0;0;0;0;0;0;0;0;0;0;0;0;0;0;0;0;0;0;0;0;0;0;0;0;0;0;0;0;0;0;0;0;0;30;33;20;45;30;30;20;45;30;33;20;45;30;30;20;45;200;142;100;300;200;140;100;300;200;140;100;300;200;141;100;300;30;32;20;45;30;30;20;45;30;31;20;45;30;30;20;45;200;144;100;300;200;143;100;300;200;243;100;300;200;243;100;300;4;2;0.4;6;4;5;0.4;6;4;2;0.4;6;4;5;0.4;6;4;2;0.4;6;4;5;0.4;6;4;2;0.4;6;4;5;0.4;6;NOK;NOK;OK;7000;7099;6500;8100;OK;4.98;0;8;12;NOK;N/A;1.5;N/A;N/A;N/A;9;12.2;7;18;OK;;0;0;0;-;Disabled;TempOk;2;230;40.9;40.9;0;0;349.9;441345100 daimler 1500 1900;441345100 daimler 1500 1900;441345100 Daimler 1500 1900
20260320_22:43:16;9975;4;1;950;935.9;925;975;OK;950;959.6;925;975;OK;950.2;950.6;-15;-12.9;-50;-5;OK;-15;-15.8;-50;-5;OK;-17.9;-19.3;0;-15;-12.9;-50;-5;OK;300;489;300;500;OK;14.77;15.62;N/A;N/A;N/A;N/A;N/A;N/A;N/A;N/A;N/A;N/A;N/A;N/A;N/A;N/A;N/A;N/A;N/A;N/A;N/A;N/A;N/A;N/A;N/A;N/A;N/A;N/A;N/A;N/A;N/A;N/A;N/A;N/A;N/A;N/A;N/A;N/A;N/A;N/A;N/A;N/A;N/A;N/A;N/A;N/A;N/A;N/A;N/A;N/A;N/A;N/A;N/A;N/A;N/A;N/A;N/A;N/A;N/A;N/A;N/A;N/A;N/A;N/A;N/A;N/A;N/A;N/A;N/A;N/A;N/A;N/A;N/A;N/A;N/A;N/A;N/A;N/A;N/A;N/A;N/A;N/A;N/A;N/A;N/A;N/A;N/A;N/A;N/A;N/A;N/A;N/A;N/A;N/A;N/A;N/A;N/A;N/A;N/A;N/A;;0;323.7;0;0;;Disabled;TempStop;2;700;327.7;276.7;0;0;599.9;549.9;Enabled;PosOk;2;0;0;0;0;0;15;Disabled;0;0;0;0;0;0;0;0;0;0;0;0;0;0;0;0;0;0;0;0;0;0;0;0;0;0;0;0;0;0;0;0;0;0;0;0;0;0;0;0;0;0;0;0;0;0;0;0;0;0;0;0;0;0;0;0;0;0;0;0;0;0;0;0;0;0;0;0;0;0;30;33;20;45;30;30;20;45;30;33;20;45;30;30;20;45;200;142;100;300;200;140;100;300;200;141;100;300;200;140;100;300;30;32;20;45;30;30;20;45;30;31;20;45;30;30;20;45;200;144;100;300;200;143;100;300;200;243;100;300;200;243;100;300;4;2;0.4;6;4;5;0.4;6;4;2;0.4;6;4;5;0.4;6;4;2;0.4;6;4;5;0.4;6;4;2;0.4;6;4;5;0.4;6;NOK;NOK;OK;7000;7102;6500;8100;OK;4.98;0;8;12;NOK;N/A;1.5;N/A;N/A;N/A;9;12.3;7;18;OK;;0;0;0;-;Disabled;TempOk;2;230;40.9;41.7;0;0;349.9;441345100 daimler 1500 1900;441345100 daimler 1500 1900;441345100 Daimler 1500 1900
20260320_22:43:34;9976;3;1;950;940.5;925;975;OK;950;951.4;925;975;OK;951.3;951.4;-20;-15.5;-50;-25;NOK;-20;-19.2;-50;-25;NOK;-12;-13.3;0;-20;-15.7;-50;-25;NOK;300;489;300;500;OK;0;0;N/A;N/A;N/A;N/A;N/A;N/A;N/A;N/A;N/A;N/A;N/A;N/A;N/A;N/A;N/A;N/A;N/A;N/A;N/A;N/A;N/A;N/A;N/A;N/A;N/A;N/A;N/A;N/A;N/A;N/A;N/A;N/A;N/A;N/A;N/A;N/A;N/A;N/A;N/A;N/A;N/A;N/A;N/A;N/A;N/A;N/A;N/A;N/A;N/A;N/A;N/A;N/A;N/A;N/A;N/A;N/A;N/A;N/A;N/A;N/A;N/A;N/A;N/A;N/A;N/A;N/A;N/A;N/A;N/A;N/A;N/A;N/A;N/A;N/A;N/A;N/A;N/A;N/A;N/A;N/A;N/A;N/A;N/A;N/A;N/A;N/A;N/A;N/A;N/A;N/A;N/A;N/A;N/A;N/A;N/A;N/A;N/A;N/A;;0;322.8;0;0;;Disabled;TempStop;2;700;326.8;275;0;0;599.9;549.9;Enabled;PosOk;2;0;0;0;0;0;15;Disabled;0;0;0;0;0;0;0;0;0;0;0;0;0;0;0;0;0;0;0;0;0;0;0;0;0;0;0;0;0;0;0;0;0;0;0;0;0;0;0;0;0;0;0;0;0;0;0;0;0;0;0;0;0;0;0;0;0;0;0;0;0;0;0;0;0;0;0;0;0;0;30;33;20;45;30;30;20;45;30;33;20;45;30;30;20;45;200;142;100;300;200;140;100;300;200;140;100;300;200;141;100;300;30;32;20;45;30;30;20;45;30;31;20;45;30;30;20;45;200;144;100;300;200;143;100;300;200;243;100;300;200;245;100;300;4;2;0.4;6;4;5;0.4;6;4;2;0.4;6;4;5;0.4;6;4;2;0.4;6;4;5;0.4;6;4;2;0.4;6;4;5;0.4;6;NOK;NOK;OK;7000;7106;6500;8100;OK;4.98;0;8;12;NOK;N/A;1.5;N/A;N/A;N/A;9;12.3;7;18;OK;;0;0;0;-;Disabled;TempOk;2;230;40.4;40.9;0;0;349.9;441345100 daimler 1500 1900;441345100 daimler 1500 1900;441345100 Daimler 1500 1900
20260320_22:43:52;9977;2;2;950;940;925;975;OK;950;950.7;925;975;OK;950.6;950.6;-15;-20.8;-50;-20;OK;-15;-26.1;-50;-20;OK;-16;-17.4;0;-15;-20.9;-50;-20;OK;300;489;300;500;OK;0;0;N/A;N/A;N/A;N/A;N/A;N/A;N/A;N/A;N/A;N/A;N/A;N/A;N/A;N/A;N/A;N/A;N/A;N/A;N/A;N/A;N/A;N/A;N/A;N/A;N/A;N/A;N/A;N/A;N/A;N/A;N/A;N/A;N/A;N/A;N/A;N/A;N/A;N/A;N/A;N/A;N/A;N/A;N/A;N/A;N/A;N/A;N/A;N/A;N/A;N/A;N/A;N/A;N/A;N/A;N/A;N/A;N/A;N/A;N/A;N/A;N/A;N/A;N/A;N/A;N/A;N/A;N/A;N/A;N/A;N/A;N/A;N/A;N/A;N/A;N/A;N/A;N/A;N/A;N/A;N/A;N/A;N/A;N/A;N/A;N/A;N/A;N/A;N/A;N/A;N/A;N/A;N/A;N/A;N/A;N/A;N/A;N/A;N/A;;0;325;0;0;;Disabled;TempStop;2;700;329.1;276.9;0;0;599.9;549.9;Enabled;PosOk;2;0;0;0;0;0;15;Disabled;0;0;0;0;0;0;0;0;0;0;0;0;0;0;0;0;0;0;0;0;0;0;0;0;0;0;0;0;0;0;0;0;0;0;0;0;0;0;0;0;0;0;0;0;0;0;0;0;0;0;0;0;0;0;0;0;0;0;0;0;0;0;0;0;0;0;0;0;0;0;30;33;20;45;30;30;20;45;30;33;20;45;30;30;20;45;200;142;100;300;200;140;100;300;200;141;100;300;200;140;100;300;30;32;20;45;30;30;20;45;30;32;20;45;30;30;20;45;200;144;100;300;200;143;100;300;200;242;100;300;200;244;100;300;4;2;0.4;6;4;5;0.4;6;4;2;0.4;6;4;5;0.4;6;4;2;0.4;6;4;5;0.4;6;4;2;0.4;6;4;5;0.4;6;NOK;NOK;OK;7000;7099;6500;8100;OK;4.98;0;8;12;NOK;N/A;1.5;N/A;N/A;N/A;9;12.3;7;18;OK;;0;0;0;-;Disabled;TempOk;2;230;41.2;41.7;0;0;349.9;441345100 daimler 1500 1900;441345100 daimler 1500 1900;441345100 Daimler 1500 1900
20260320_22:44:10;9978;1;2;950;940.4;925;975;OK;950;951.6;925;975;OK;951.6;951.6;-20;-12.3;-50;-25;NOK;-20;-15.2;-50;-25;NOK;-13.4;-14.4;0;-20;-12.1;-50;-25;NOK;300;489;300;500;OK;0;0;N/A;N/A;N/A;N/A;N/A;N/A;N/A;N/A;N/A;N/A;N/A;N/A;N/A;N/A;N/A;N/A;N/A;N/A;N/A;N/A;N/A;N/A;N/A;N/A;N/A;N/A;N/A;N/A;N/A;N/A;N/A;N/A;N/A;N/A;N/A;N/A;N/A;N/A;N/A;N/A;N/A;N/A;N/A;N/A;N/A;N/A;N/A;N/A;N/A;N/A;N/A;N/A;N/A;N/A;N/A;N/A;N/A;N/A;N/A;N/A;N/A;N/A;N/A;N/A;N/A;N/A;N/A;N/A;N/A;N/A;N/A;N/A;N/A;N/A;N/A;N/A;N/A;N/A;N/A;N/A;N/A;N/A;N/A;N/A;N/A;N/A;N/A;N/A;N/A;N/A;N/A;N/A;N/A;N/A;N/A;N/A;N/A;N/A;;0;324.7;0;0;;Disabled;TempStop;2;700;328.7;276.3;0;0;599.9;549.9;Enabled;PosOk;2;0;0;0;0;0;15;Disabled;0;0;0;0;0;0;0;0;0;0;0;0;0;0;0;0;0;0;0;0;0;0;0;0;0;0;0;0;0;0;0;0;0;0;0;0;0;0;0;0;0;0;0;0;0;0;0;0;0;0;0;0;0;0;0;0;0;0;0;0;0;0;0;0;0;0;0;0;0;0;30;33;20;45;30;30;20;45;30;33;20;45;30;30;20;45;200;142;100;300;200;140;100;300;200;141;100;300;200;140;100;300;30;32;20;45;30;30;20;45;30;32;20;45;30;30;20;45;200;144;100;300;200;143;100;300;200;243;100;300;200;244;100;300;4;2;0.4;6;4;5;0.4;6;4;2;0.4;6;4;5;0.4;6;4;2;0.4;6;4;5;0.4;6;4;2;0.4;6;4;5;0.4;6;NOK;NOK;OK;7000;7096;6500;8100;OK;4.98;0;8;12;NOK;N/A;1.5;N/A;N/A;N/A;9;12.4;7;18;OK;;0;0;0;-;Disabled;TempOk;2;230;41.2;41.4;0;0;349.9;441345100 daimler 1500 1900;441345100 daimler 1500 1900;441345100 Daimler 1500 1900
20260320_22:44:28;9979;4;2;950;945.1;925;975;OK;950;957.6;925;975;OK;950.5;950.7;-15;-12.4;-50;-5;OK;-15;-22;-50;-5;OK;-16.1;-17.8;0;-15;-12.2;-50;-5;OK;300;489;300;500;OK;14.86;15.71;N/A;N/A;N/A;N/A;N/A;N/A;N/A;N/A;N/A;N/A;N/A;N/A;N/A;N/A;N/A;N/A;N/A;N/A;N/A;N/A;N/A;N/A;N/A;N/A;N/A;N/A;N/A;N/A;N/A;N/A;N/A;N/A;N/A;N/A;N/A;N/A;N/A;N/A;N/A;N/A;N/A;N/A;N/A;N/A;N/A;N/A;N/A;N/A;N/A;N/A;N/A;N/A;N/A;N/A;N/A;N/A;N/A;N/A;N/A;N/A;N/A;N/A;N/A;N/A;N/A;N/A;N/A;N/A;N/A;N/A;N/A;N/A;N/A;N/A;N/A;N/A;N/A;N/A;N/A;N/A;N/A;N/A;N/A;N/A;N/A;N/A;N/A;N/A;N/A;N/A;N/A;N/A;N/A;N/A;N/A;N/A;N/A;N/A;;0;323;0;0;;Disabled;TempStop;2;700;327;274.9;0;0;599.9;549.9;Enabled;PosOk;2;0;0;0;0;0;15;Disabled;0;0;0;0;0;0;0;0;0;0;0;0;0;0;0;0;0;0;0;0;0;0;0;0;0;0;0;0;0;0;0;0;0;0;0;0;0;0;0;0;0;0;0;0;0;0;0;0;0;0;0;0;0;0;0;0;0;0;0;0;0;0;0;0;0;0;0;0;0;0;30;33;20;45;30;30;20;45;30;33;20;45;30;30;20;45;200;142;100;300;200;140;100;300;200;141;100;300;200;140;100;300;30;32;20;45;30;30;20;45;30;31;20;45;30;30;20;45;200;144;100;300;200;143;100;300;200;243;100;300;200;244;100;300;4;2;0.4;6;4;5;0.4;6;4;2;0.4;6;4;5;0.4;6;4;2;0.4;6;4;5;0.4;6;4;2;0.4;6;4;5;0.4;6;NOK;NOK;OK;7000;7106;6500;8100;OK;4.98;0;8;12;NOK;N/A;1.5;N/A;N/A;N/A;9;12;7;18;OK;;0;0;0;-;Disabled;TempOk;2;230;41.4;42.7;0;0;349.9;441345100 daimler 1500 1900;441345100 daimler 1500 1900;441345100 Daimler 1500 1900
20260320_22:44:46;9980;3;2;950;940.9;925;975;OK;950;951.7;925;975;OK;951.6;951.7;-20;-15.3;-50;-25;NOK;-20;-19.5;-50;-25;NOK;-14.2;-15.4;0;-20;-15.2;-50;-25;NOK;300;489;300;500;OK;0;0;N/A;N/A;N/A;N/A;N/A;N/A;N/A;N/A;N/A;N/A;N/A;N/A;N/A;N/A;N/A;N/A;N/A;N/A;N/A;N/A;N/A;N/A;N/A;N/A;N/A;N/A;N/A;N/A;N/A;N/A;N/A;N/A;N/A;N/A;N/A;N/A;N/A;N/A;N/A;N/A;N/A;N/A;N/A;N/A;N/A;N/A;N/A;N/A;N/A;N/A;N/A;N/A;N/A;N/A;N/A;N/A;N/A;N/A;N/A;N/A;N/A;N/A;N/A;N/A;N/A;N/A;N/A;N/A;N/A;N/A;N/A;N/A;N/A;N/A;N/A;N/A;N/A;N/A;N/A;N/A;N/A;N/A;N/A;N/A;N/A;N/A;N/A;N/A;N/A;N/A;N/A;N/A;N/A;N/A;N/A;N/A;N/A;N/A;;0;322;0;0;;Disabled;TempStop;2;700;325.9;274.9;0;0;599.9;549.9;Enabled;PosOk;2;0;0;0;0;0;15;Disabled;0;0;0;0;0;0;0;0;0;0;0;0;0;0;0;0;0;0;0;0;0;0;0;0;0;0;0;0;0;0;0;0;0;0;0;0;0;0;0;0;0;0;0;0;0;0;0;0;0;0;0;0;0;0;0;0;0;0;0;0;0;0;0;0;0;0;0;0;0;0;30;33;20;45;30;30;20;45;30;33;20;45;30;30;20;45;200;142;100;300;200;140;100;300;200;141;100;300;200;141;100;300;30;32;20;45;30;30;20;45;30;31;20;45;30;30;20;45;200;144;100;300;200;143;100;300;200;243;100;300;200;244;100;300;4;2;0.4;6;4;5;0.4;6;4;2;0.4;6;4;5;0.4;6;4;2;0.4;6;4;5;0.4;6;4;2;0.4;6;4;5;0.4;6;NOK;NOK;OK;7000;7108;6500;8100;OK;4.98;0;8;12;NOK;N/A;1.5;N/A;N/A;N/A;9;11.9;7;18;OK;;0;0;0;-;Disabled;TempOk;2;230;41.2;42.2;0;0;349.9;441345100 daimler 1500 1900;441345100 daimler 1500 1900;441345100 Daimler 1500 1900
20260320_22:45:04;9981;4;3;950;945.7;925;975;OK;950;956.6;925;975;OK;951.7;952.7;-15;-12.7;-50;-5;OK;-15;-20.3;-50;-5;OK;-18.7;-19.9;0;-15;-12.7;-50;-5;OK;300;489;300;500;OK;14.92;15.74;N/A;N/A;N/A;N/A;N/A;N/A;N/A;N/A;N/A;N/A;N/A;N/A;N/A;N/A;N/A;N/A;N/A;N/A;N/A;N/A;N/A;N/A;N/A;N/A;N/A;N/A;N/A;N/A;N/A;N/A;N/A;N/A;N/A;N/A;N/A;N/A;N/A;N/A;N/A;N/A;N/A;N/A;N/A;N/A;N/A;N/A;N/A;N/A;N/A;N/A;N/A;N/A;N/A;N/A;N/A;N/A;N/A;N/A;N/A;N/A;N/A;N/A;N/A;N/A;N/A;N/A;N/A;N/A;N/A;N/A;N/A;N/A;N/A;N/A;N/A;N/A;N/A;N/A;N/A;N/A;N/A;N/A;N/A;N/A;N/A;N/A;N/A;N/A;N/A;N/A;N/A;N/A;N/A;N/A;N/A;N/A;N/A;N/A;;0;322.1;0;0;;Disabled;TempStop;2;700;326.1;274.7;0;0;599.9;549.9;Enabled;PosOk;2;0;0;0;0;0;15;Disabled;0;0;0;0;0;0;0;0;0;0;0;0;0;0;0;0;0;0;0;0;0;0;0;0;0;0;0;0;0;0;0;0;0;0;0;0;0;0;0;0;0;0;0;0;0;0;0;0;0;0;0;0;0;0;0;0;0;0;0;0;0;0;0;0;0;0;0;0;0;0;30;33;20;45;30;30;20;45;30;33;20;45;30;30;20;45;200;142;100;300;200;140;100;300;200;140;100;300;200;140;100;300;30;32;20;45;30;30;20;45;30;31;20;45;30;30;20;45;200;144;100;300;200;143;100;300;200;243;100;300;200;244;100;300;4;2;0.4;6;4;5;0.4;6;4;2;0.4;6;4;5;0.4;6;4;2;0.4;6;4;5;0.4;6;4;2;0.4;6;4;5;0.4;6;NOK;NOK;OK;7000;7111;6500;8100;OK;4.98;0;8;12;NOK;N/A;1.5;N/A;N/A;N/A;9;11.9;7;18;OK;;0;0;0;-;Disabled;TempOk;2;230;41.4;41.9;0;0;349.9;441345100 daimler 1500 1900;441345100 daimler 1500 1900;441345100 Daimler 1500 1900
20260320_22:45:22;9982;1;3;950;941;925;975;OK;950;951.7;925;975;OK;951.6;951.6;-20;-12.4;-50;-25;NOK;-20;-14.5;-50;-25;NOK;-16.7;-17.7;0;-20;-12.2;-50;-25;NOK;300;489;300;500;OK;0;0;N/A;N/A;N/A;N/A;N/A;N/A;N/A;N/A;N/A;N/A;N/A;N/A;N/A;N/A;N/A;N/A;N/A;N/A;N/A;N/A;N/A;N/A;N/A;N/A;N/A;N/A;N/A;N/A;N/A;N/A;N/A;N/A;N/A;N/A;N/A;N/A;N/A;N/A;N/A;N/A;N/A;N/A;N/A;N/A;N/A;N/A;N/A;N/A;N/A;N/A;N/A;N/A;N/A;N/A;N/A;N/A;N/A;N/A;N/A;N/A;N/A;N/A;N/A;N/A;N/A;N/A;N/A;N/A;N/A;N/A;N/A;N/A;N/A;N/A;N/A;N/A;N/A;N/A;N/A;N/A;N/A;N/A;N/A;N/A;N/A;N/A;N/A;N/A;N/A;N/A;N/A;N/A;N/A;N/A;N/A;N/A;N/A;N/A;;0;324.2;0;0;;Disabled;TempStop;2;700;328;276.4;0;0;599.9;549.9;Enabled;PosOk;2;0;0;0;0;0;15;Disabled;0;0;0;0;0;0;0;0;0;0;0;0;0;0;0;0;0;0;0;0;0;0;0;0;0;0;0;0;0;0;0;0;0;0;0;0;0;0;0;0;0;0;0;0;0;0;0;0;0;0;0;0;0;0;0;0;0;0;0;0;0;0;0;0;0;0;0;0;0;0;30;33;20;45;30;30;20;45;30;33;20;45;30;30;20;45;200;141;100;300;200;140;100;300;200;141;100;300;200;140;100;300;30;32;20;45;30;30;20;45;30;31;20;45;30;30;20;45;200;144;100;300;200;143;100;300;200;242;100;300;200;243;100;300;4;2;0.4;6;4;5;0.4;6;4;2;0.4;6;4;5;0.4;6;4;2;0.4;6;4;5;0.4;6;4;2;0.4;6;4;5;0.4;6;NOK;NOK;OK;7000;7108;6500;8100;OK;4.98;0;8;12;NOK;N/A;1.5;N/A;N/A;N/A;9;11.7;7;18;OK;;0;0;0;-;Disabled;TempOk;2;230;41.9;43.5;0;0;349.9;441345100 daimler 1500 1900;441345100 daimler 1500 1900;441345100 Daimler 1500 1900
20260320_22:45:40;9983;2;1;950;940.6;925;975;OK;950;951.2;925;975;OK;951;950.9;-15;-20.4;-50;-20;OK;-15;-23.6;-50;-20;OK;-16.7;-18.3;0;-15;-20.4;-50;-20;OK;300;489;300;500;OK;0;0;N/A;N/A;N/A;N/A;N/A;N/A;N/A;N/A;N/A;N/A;N/A;N/A;N/A;N/A;N/A;N/A;N/A;N/A;N/A;N/A;N/A;N/A;N/A;N/A;N/A;N/A;N/A;N/A;N/A;N/A;N/A;N/A;N/A;N/A;N/A;N/A;N/A;N/A;N/A;N/A;N/A;N/A;N/A;N/A;N/A;N/A;N/A;N/A;N/A;N/A;N/A;N/A;N/A;N/A;N/A;N/A;N/A;N/A;N/A;N/A;N/A;N/A;N/A;N/A;N/A;N/A;N/A;N/A;N/A;N/A;N/A;N/A;N/A;N/A;N/A;N/A;N/A;N/A;N/A;N/A;N/A;N/A;N/A;N/A;N/A;N/A;N/A;N/A;N/A;N/A;N/A;N/A;N/A;N/A;N/A;N/A;N/A;N/A;;0;323.7;0;0;;Disabled;TempStop;2;700;327.7;276.3;0;0;599.9;549.9;Enabled;PosOk;2;0;0;0;0;0;15;Disabled;0;0;0;0;0;0;0;0;0;0;0;0;0;0;0;0;0;0;0;0;0;0;0;0;0;0;0;0;0;0;0;0;0;0;0;0;0;0;0;0;0;0;0;0;0;0;0;0;0;0;0;0;0;0;0;0;0;0;0;0;0;0;0;0;0;0;0;0;0;0;30;33;20;45;30;30;20;45;30;33;20;45;30;30;20;45;200;141;100;300;200;140;100;300;200;141;100;300;200;141;100;300;30;33;20;45;30;30;20;45;30;32;20;45;30;30;20;45;200;144;100;300;200;143;100;300;200;243;100;300;200;243;100;300;4;2;0.4;6;4;5;0.4;6;4;2;0.4;6;4;5;0.4;6;4;2;0.4;6;4;5;0.4;6;4;2;0.4;6;4;5;0.4;6;NOK;NOK;OK;7000;7100;6500;8100;OK;4.98;0;8;12;NOK;N/A;1.5;N/A;N/A;N/A;9;11.7;7;18;OK;;0;0;0;-;Disabled;TempOk;2;230;41.7;41.9;0;0;349.9;441345100 daimler 1500 1900;441345100 daimler 1500 1900;441345100 Daimler 1500 1900
20260320_22:45:58;9984;3;3;950;940.3;925;975;OK;950;951.5;925;975;OK;951.4;951.5;-20;-15.2;-50;-25;NOK;-20;-19.4;-50;-25;NOK;-12.9;-14.2;0;-20;-15.1;-50;-25;NOK;300;489;300;500;OK;0;0;N/A;N/A;N/A;N/A;N/A;N/A;N/A;N/A;N/A;N/A;N/A;N/A;N/A;N/A;N/A;N/A;N/A;N/A;N/A;N/A;N/A;N/A;N/A;N/A;N/A;N/A;N/A;N/A;N/A;N/A;N/A;N/A;N/A;N/A;N/A;N/A;N/A;N/A;N/A;N/A;N/A;N/A;N/A;N/A;N/A;N/A;N/A;N/A;N/A;N/A;N/A;N/A;N/A;N/A;N/A;N/A;N/A;N/A;N/A;N/A;N/A;N/A;N/A;N/A;N/A;N/A;N/A;N/A;N/A;N/A;N/A;N/A;N/A;N/A;N/A;N/A;N/A;N/A;N/A;N/A;N/A;N/A;N/A;N/A;N/A;N/A;N/A;N/A;N/A;N/A;N/A;N/A;N/A;N/A;N/A;N/A;N/A;N/A;;0;323.6;0;0;;Disabled;TempStop;2;700;327.4;275.3;0;0;599.9;549.9;Enabled;PosOk;2;0;0;0;0;0;15;Disabled;0;0;0;0;0;0;0;0;0;0;0;0;0;0;0;0;0;0;0;0;0;0;0;0;0;0;0;0;0;0;0;0;0;0;0;0;0;0;0;0;0;0;0;0;0;0;0;0;0;0;0;0;0;0;0;0;0;0;0;0;0;0;0;0;0;0;0;0;0;0;30;33;20;45;30;30;20;45;30;33;20;45;30;30;20;45;200;142;100;300;200;140;100;300;200;140;100;300;200;140;100;300;30;33;20;45;30;30;20;45;30;32;20;45;30;30;20;45;200;144;100;300;200;143;100;300;200;242;100;300;200;244;100;300;4;2;0.4;6;4;5;0.4;6;4;2;0.4;6;4;5;0.4;6;4;2;0.4;6;4;5;0.4;6;4;2;0.4;6;4;5;0.4;6;NOK;NOK;OK;7000;7108;6500;8100;OK;4.98;0;8;12;NOK;N/A;1.5;N/A;N/A;N/A;9;11.8;7;18;OK;;0;0;0;-;Disabled;TempOk;2;230;41.4;42.2;0;0;349.9;441345100 daimler 1500 1900;441345100 daimler 1500 1900;441345100 Daimler 1500 1900
20260320_22:46:16;9985;2;4;950;940;925;975;OK;950;951;925;975;OK;950.9;951;-15;-25.6;-50;-20;OK;-15;-32.1;-50;-20;OK;-20.2;-22.4;0;-15;-25.7;-50;-20;OK;300;489;300;500;OK;0;0;N/A;N/A;N/A;N/A;N/A;N/A;N/A;N/A;N/A;N/A;N/A;N/A;N/A;N/A;N/A;N/A;N/A;N/A;N/A;N/A;N/A;N/A;N/A;N/A;N/A;N/A;N/A;N/A;N/A;N/A;N/A;N/A;N/A;N/A;N/A;N/A;N/A;N/A;N/A;N/A;N/A;N/A;N/A;N/A;N/A;N/A;N/A;N/A;N/A;N/A;N/A;N/A;N/A;N/A;N/A;N/A;N/A;N/A;N/A;N/A;N/A;N/A;N/A;N/A;N/A;N/A;N/A;N/A;N/A;N/A;N/A;N/A;N/A;N/A;N/A;N/A;N/A;N/A;N/A;N/A;N/A;N/A;N/A;N/A;N/A;N/A;N/A;N/A;N/A;N/A;N/A;N/A;N/A;N/A;N/A;N/A;N/A;N/A;;0;325.7;0;0;;Disabled;TempStop;2;700;329.8;277.2;0;0;599.9;549.9;Enabled;PosOk;2;0;0;0;0;0;15;Disabled;0;0;0;0;0;0;0;0;0;0;0;0;0;0;0;0;0;0;0;0;0;0;0;0;0;0;0;0;0;0;0;0;0;0;0;0;0;0;0;0;0;0;0;0;0;0;0;0;0;0;0;0;0;0;0;0;0;0;0;0;0;0;0;0;0;0;0;0;0;0;30;33;20;45;30;30;20;45;30;33;20;45;30;30;20;45;200;142;100;300;200;140;100;300;200;140;100;300;200;140;100;300;30;33;20;45;30;30;20;45;30;32;20;45;30;30;20;45;200;144;100;300;200;142;100;300;200;242;100;300;200;244;100;300;4;2;0.4;6;4;5;0.4;6;4;2;0.4;6;4;5;0.4;6;4;2;0.4;6;4;5;0.4;6;4;2;0.4;6;4;5;0.4;6;NOK;NOK;OK;7000;7108;6500;8100;OK;4.98;0;8;12;NOK;N/A;1.5;N/A;N/A;N/A;9;11.6;7;18;OK;;0;0;0;-;Disabled;TempOk;2;230;41.9;42.2;0;0;349.9;441345100 daimler 1500 1900;441345100 daimler 1500 1900;441345100 Daimler 1500 1900
20260320_22:46:34;9986;1;4;950;940.1;925;975;OK;950;950.8;925;975;OK;950.6;950.8;-20;-10.8;-50;-25;NOK;-20;-12.8;-50;-25;NOK;-16.4;-17.3;0;-20;-10.7;-50;-25;NOK;300;489;300;500;OK;0;0;N/A;N/A;N/A;N/A;N/A;N/A;N/A;N/A;N/A;N/A;N/A;N/A;N/A;N/A;N/A;N/A;N/A;N/A;N/A;N/A;N/A;N/A;N/A;N/A;N/A;N/A;N/A;N/A;N/A;N/A;N/A;N/A;N/A;N/A;N/A;N/A;N/A;N/A;N/A;N/A;N/A;N/A;N/A;N/A;N/A;N/A;N/A;N/A;N/A;N/A;N/A;N/A;N/A;N/A;N/A;N/A;N/A;N/A;N/A;N/A;N/A;N/A;N/A;N/A;N/A;N/A;N/A;N/A;N/A;N/A;N/A;N/A;N/A;N/A;N/A;N/A;N/A;N/A;N/A;N/A;N/A;N/A;N/A;N/A;N/A;N/A;N/A;N/A;N/A;N/A;N/A;N/A;N/A;N/A;N/A;N/A;N/A;N/A;;0;323.8;0;0;;Disabled;TempStop;2;700;327.7;276.3;0;0;599.9;549.9;Enabled;PosOk;2;0;0;0;0;0;15;Disabled;0;0;0;0;0;0;0;0;0;0;0;0;0;0;0;0;0;0;0;0;0;0;0;0;0;0;0;0;0;0;0;0;0;0;0;0;0;0;0;0;0;0;0;0;0;0;0;0;0;0;0;0;0;0;0;0;0;0;0;0;0;0;0;0;0;0;0;0;0;0;30;33;20;45;30;30;20;45;30;34;20;45;30;30;20;45;200;142;100;300;200;140;100;300;200;141;100;300;200;140;100;300;30;33;20;45;30;30;20;45;30;32;20;45;30;30;20;45;200;144;100;300;200;143;100;300;200;243;100;300;200;243;100;300;4;2;0.4;6;4;5;0.4;6;4;2;0.4;6;4;5;0.4;6;4;2;0.4;6;4;5;0.4;6;4;3;0.4;6;4;5;0.4;6;NOK;NOK;OK;7000;7099;6500;8100;OK;4.98;0;8;12;NOK;N/A;1.5;N/A;N/A;N/A;9;11.6;7;18;OK;;0;0;0;-;Disabled;TempOk;2;230;41.7;42.2;0;0;349.9;441345100 daimler 1500 1900;441345100 daimler 1500 1900;441345100 Daimler 1500 1900
20260320_22:46:45;9970;3;4;950;940;925;975;OK;950;951.7;925;975;OK;951.5;951.5;-20;-15;-50;-25;NOK;-20;-16.6;-50;-25;NOK;-17.7;-17.3;0;-20;-14.8;-50;-25;NOK;300;812;300;500;NOK;0;0;;;;;;;;;;;;;;;;;;;;;;;;;;;;;;;;;;;;;;;;;;;;;;;;;;;;;;;;;;;;;;;;;;;;;;;;;;;;;;;;;;;;;;;;;;;;;;;;;;;;;;;;;;;;;;;;;;;;;;;;;;;;;;;;;;;;;;;;;;;;;;;;;;;;;;;;;;;;;;;;;;;;;;;;;;;;;;;;;;;;;;;;;;;;;;;;;;;;;;;;;;;;;;;;;;;;;;;;;;;;;;;;;;;;;;;;;;;;;;;;;;;;;;;;;;;;;;;;;;;;;;;;;;;;;;;;;;;;;;;;;;;;;;;;;;;;;;;;;;;;;;;;;;;;;;;;;;;;;;;;;;;;;;;;441345100 daimler 1500 1900;;;;
20260320_22:46:52;9987;4;4;950;929.7;925;975;OK;950;955.9;925;975;OK;955;955.1;-15;-8.8;-50;-5;OK;-15;-10;-50;-5;OK;-20.8;-20.7;0;-15;-9;-50;-5;OK;300;489;300;500;OK;15.18;15.88;N/A;N/A;N/A;N/A;N/A;N/A;N/A;N/A;N/A;N/A;N/A;N/A;N/A;N/A;N/A;N/A;N/A;N/A;N/A;N/A;N/A;N/A;N/A;N/A;N/A;N/A;N/A;N/A;N/A;N/A;N/A;N/A;N/A;N/A;N/A;N/A;N/A;N/A;N/A;N/A;N/A;N/A;N/A;N/A;N/A;N/A;N/A;N/A;N/A;N/A;N/A;N/A;N/A;N/A;N/A;N/A;N/A;N/A;N/A;N/A;N/A;N/A;N/A;N/A;N/A;N/A;N/A;N/A;N/A;N/A;N/A;N/A;N/A;N/A;N/A;N/A;N/A;N/A;N/A;N/A;N/A;N/A;N/A;N/A;N/A;N/A;N/A;N/A;N/A;N/A;N/A;N/A;N/A;N/A;N/A;N/A;N/A;N/A;;0;323;0;0;;Disabled;TempStop;2;700;327.1;274.7;0;0;599.9;549.9;Enabled;PosOk;2;0;0;0;0;0;15;Disabled;0;0;0;0;0;0;0;0;0;0;0;0;0;0;0;0;0;0;0;0;0;0;0;0;0;0;0;0;0;0;0;0;0;0;0;0;0;0;0;0;0;0;0;0;0;0;0;0;0;0;0;0;0;0;0;0;0;0;0;0;0;0;0;0;0;0;0;0;0;0;30;34;20;45;30;30;20;45;30;34;20;45;30;30;20;45;200;142;100;300;200;140;100;300;200;141;100;300;200;140;100;300;30;33;20;45;30;30;20;45;30;32;20;45;30;30;20;45;200;144;100;300;200;143;100;300;200;243;100;300;200;244;100;300;4;2;0.4;6;4;5;0.4;6;4;2;0.4;6;4;5;0.4;6;4;2;0.4;6;4;5;0.4;6;4;2;0.4;6;4;5;0.4;6;NOK;NOK;OK;7000;7092;6500;8100;OK;4.98;0;8;12;NOK;N/A;1.5;N/A;N/A;N/A;9;11.6;7;18;OK;;0;0;0;-;Disabled;TempOk;2;230;41.7;42.2;0;0;349.9;441345100 daimler 1500 1900;441345100 daimler 1500 1900;441345100 Daimler 1500 1900
20260320_22:47:28;9989;2;5;950;938.5;925;975;OK;950;950.8;925;975;OK;950.8;951.1;-15;-22.4;-50;-20;OK;-15;-22.6;-50;-20;OK;-21;-22.2;0;-15;-22.6;-50;-20;OK;300;311;300;500;OK;0;0;N/A;N/A;N/A;N/A;N/A;N/A;N/A;N/A;N/A;N/A;N/A;N/A;N/A;N/A;N/A;N/A;N/A;N/A;N/A;N/A;N/A;N/A;N/A;N/A;N/A;N/A;N/A;N/A;N/A;N/A;N/A;N/A;N/A;N/A;N/A;N/A;N/A;N/A;N/A;N/A;N/A;N/A;N/A;N/A;N/A;N/A;N/A;N/A;N/A;N/A;N/A;N/A;N/A;N/A;N/A;N/A;N/A;N/A;N/A;N/A;N/A;N/A;N/A;N/A;N/A;N/A;N/A;N/A;N/A;N/A;N/A;N/A;N/A;N/A;N/A;N/A;N/A;N/A;N/A;N/A;N/A;N/A;N/A;N/A;N/A;N/A;N/A;N/A;N/A;N/A;N/A;N/A;N/A;N/A;N/A;N/A;N/A;N/A;;0;325.7;0;0;;Disabled;TempStop;2;700;329.3;278.9;0;0;599.9;549.9;Enabled;PosOk;2;0;0;0;0;0;15;Disabled;0;0;0;0;0;0;0;0;0;0;0;0;0;0;0;0;0;0;0;0;0;0;0;0;0;0;0;0;0;0;0;0;0;0;0;0;0;0;0;0;0;0;0;0;0;0;0;0;0;0;0;0;0;0;0;0;0;0;0;0;0;0;0;0;0;0;0;0;0;0;30;32;20;45;30;30;20;45;30;33;20;45;30;29;20;45;200;142;100;300;200;140;100;300;200;141;100;300;200;140;100;300;30;32;20;45;30;30;20;45;30;31;20;45;30;30;20;45;200;144;100;300;200;143;100;300;200;243;100;300;200;244;100;300;4;2;0.4;6;4;5;0.4;6;4;2;0.4;6;4;5;0.4;6;4;2;0.4;6;4;5;0.4;6;4;2;0.4;6;4;5;0.4;6;NOK;NOK;OK;7000;7065;6500;8100;OK;4.97;0;8;12;NOK;N/A;1.5;N/A;N/A;N/A;9;12.1;7;18;OK;;0;0;0;-;Disabled;TempOk;2;230;41.9;42.4;0;0;349.9;441345100 daimler 1500 1900;441345100 daimler 1500 1900;441345100 Daimler 1500 1900
20260320_22:47:46;9988;3;5;950;942.6;925;975;OK;950;951.1;925;975;OK;951.2;951.2;-20;-19.9;-50;-25;NOK;-20;-19.9;-50;-25;NOK;-20.7;-21.1;0;-20;-20;-50;-25;NOK;300;311;300;500;OK;0;0;N/A;N/A;N/A;N/A;N/A;N/A;N/A;N/A;N/A;N/A;N/A;N/A;N/A;N/A;N/A;N/A;N/A;N/A;N/A;N/A;N/A;N/A;N/A;N/A;N/A;N/A;N/A;N/A;N/A;N/A;N/A;N/A;N/A;N/A;N/A;N/A;N/A;N/A;N/A;N/A;N/A;N/A;N/A;N/A;N/A;N/A;N/A;N/A;N/A;N/A;N/A;N/A;N/A;N/A;N/A;N/A;N/A;N/A;N/A;N/A;N/A;N/A;N/A;N/A;N/A;N/A;N/A;N/A;N/A;N/A;N/A;N/A;N/A;N/A;N/A;N/A;N/A;N/A;N/A;N/A;N/A;N/A;N/A;N/A;N/A;N/A;N/A;N/A;N/A;N/A;N/A;N/A;N/A;N/A;N/A;N/A;N/A;N/A;;0;322.2;0;0;;Disabled;TempStop;2;700;325.8;265;0;0;599.9;549.9;Enabled;PosOk;2;0;0;0;0;0;15;Disabled;0;0;0;0;0;0;0;0;0;0;0;0;0;0;0;0;0;0;0;0;0;0;0;0;0;0;0;0;0;0;0;0;0;0;0;0;0;0;0;0;0;0;0;0;0;0;0;0;0;0;0;0;0;0;0;0;0;0;0;0;0;0;0;0;0;0;0;0;0;0;30;33;20;45;30;29;20;45;30;33;20;45;30;29;20;45;200;142;100;300;200;140;100;300;200;141;100;300;200;141;100;300;30;32;20;45;30;29;20;45;30;31;20;45;30;29;20;45;200;144;100;300;200;143;100;300;200;243;100;300;200;244;100;300;4;2;0.4;6;4;5;0.4;6;4;2;0.4;6;4;5;0.4;6;4;2;0.4;6;4;5;0.4;6;4;2;0.4;6;4;5;0.4;6;NOK;NOK;OK;7000;7107;6500;8100;OK;4.98;0;8;12;NOK;N/A;1.5;N/A;N/A;N/A;9;12.2;7;18;OK;;0;0;0;-;Disabled;TempOk;2;230;39.7;40.2;0;0;349.9;441345100 daimler 1500 1900;441345100 daimler 1500 1900;441345100 Daimler 1500 1900
20260320_22:48:04;9990;4;5;950;933.2;925;975;OK;950;950.3;925;975;OK;951;951;-15;-20.3;-50;-5;OK;-15;-10.2;-50;-5;OK;-9.8;-9.9;0;-15;-20.4;-50;-5;OK;300;311;300;500;OK;15.6;15.96;N/A;N/A;N/A;N/A;N/A;N/A;N/A;N/A;N/A;N/A;N/A;N/A;N/A;N/A;N/A;N/A;N/A;N/A;N/A;N/A;N/A;N/A;N/A;N/A;N/A;N/A;N/A;N/A;N/A;N/A;N/A;N/A;N/A;N/A;N/A;N/A;N/A;N/A;N/A;N/A;N/A;N/A;N/A;N/A;N/A;N/A;N/A;N/A;N/A;N/A;N/A;N/A;N/A;N/A;N/A;N/A;N/A;N/A;N/A;N/A;N/A;N/A;N/A;N/A;N/A;N/A;N/A;N/A;N/A;N/A;N/A;N/A;N/A;N/A;N/A;N/A;N/A;N/A;N/A;N/A;N/A;N/A;N/A;N/A;N/A;N/A;N/A;N/A;N/A;N/A;N/A;N/A;N/A;N/A;N/A;N/A;N/A;N/A;;0;323.3;0;0;;Disabled;TempStop;2;700;327.1;265.2;0;0;599.9;549.9;Enabled;PosOk;2;0;0;0;0;0;15;Disabled;0;0;0;0;0;0;0;0;0;0;0;0;0;0;0;0;0;0;0;0;0;0;0;0;0;0;0;0;0;0;0;0;0;0;0;0;0;0;0;0;0;0;0;0;0;0;0;0;0;0;0;0;0;0;0;0;0;0;0;0;0;0;0;0;0;0;0;0;0;0;30;33;20;45;30;29;20;45;30;33;20;45;30;29;20;45;200;142;100;300;200;140;100;300;200;140;100;300;200;140;100;300;30;32;20;45;30;29;20;45;30;31;20;45;30;29;20;45;200;144;100;300;200;143;100;300;200;242;100;300;200;244;100;300;4;2;0.4;6;4;5;0.4;6;4;2;0.4;6;4;5;0.4;6;4;2;0.4;6;4;5;0.4;6;4;2;0.4;6;4;5;0.4;6;NOK;NOK;OK;7000;7090;6500;8100;OK;4.98;0;8;12;NOK;N/A;1.5;N/A;N/A;N/A;9;12.3;7;18;OK;;0;0;0;-;Disabled;TempOk;2;230;40.2;40.4;0;0;349.9;441345100 daimler 1500 1900;441345100 daimler 1500 1900;441345100 Daimler 1500 1900
20260320_22:48:22;9991;1;1;950;939.6;925;975;OK;950;951;925;975;OK;951.2;951.1;-20;-16.9;-50;-25;NOK;-20;-15.2;-50;-25;NOK;-13.7;-14.3;0;-20;-16.9;-50;-25;NOK;300;311;300;500;OK;0;0;N/A;N/A;N/A;N/A;N/A;N/A;N/A;N/A;N/A;N/A;N/A;N/A;N/A;N/A;N/A;N/A;N/A;N/A;N/A;N/A;N/A;N/A;N/A;N/A;N/A;N/A;N/A;N/A;N/A;N/A;N/A;N/A;N/A;N/A;N/A;N/A;N/A;N/A;N/A;N/A;N/A;N/A;N/A;N/A;N/A;N/A;N/A;N/A;N/A;N/A;N/A;N/A;N/A;N/A;N/A;N/A;N/A;N/A;N/A;N/A;N/A;N/A;N/A;N/A;N/A;N/A;N/A;N/A;N/A;N/A;N/A;N/A;N/A;N/A;N/A;N/A;N/A;N/A;N/A;N/A;N/A;N/A;N/A;N/A;N/A;N/A;N/A;N/A;N/A;N/A;N/A;N/A;N/A;N/A;N/A;N/A;N/A;N/A;;0;325.7;0;0;;Disabled;TempStop;2;700;329.4;278.4;0;0;599.9;549.9;Enabled;PosOk;2;0;0;0;0;0;15;Disabled;0;0;0;0;0;0;0;0;0;0;0;0;0;0;0;0;0;0;0;0;0;0;0;0;0;0;0;0;0;0;0;0;0;0;0;0;0;0;0;0;0;0;0;0;0;0;0;0;0;0;0;0;0;0;0;0;0;0;0;0;0;0;0;0;0;0;0;0;0;0;30;32;20;45;30;29;20;45;30;33;20;45;30;29;20;45;200;141;100;300;200;140;100;300;200;140;100;300;200;140;100;300;30;32;20;45;30;29;20;45;30;31;20;45;30;29;20;45;200;144;100;300;200;143;100;300;200;242;100;300;200;243;100;300;4;2;0.4;6;4;5;0.4;6;4;2;0.4;6;4;5;0.4;6;4;2;0.4;6;4;5;0.4;6;4;2;0.4;6;4;5;0.4;6;NOK;NOK;OK;7000;7112;6500;8100;OK;4.98;0;8;12;NOK;N/A;1.5;N/A;N/A;N/A;9;12.3;7;18;OK;;0;0;0;-;Disabled;TempOk;2;230;42.2;43.3;0;0;349.9;441345100 daimler 1500 1900;441345100 daimler 1500 1900;441345100 Daimler 1500 1900
20260320_22:48:40;9992;4;1;950;949;925;975;OK;950;950.7;925;975;OK;950.8;950.8;-15;-14.5;-50;-5;OK;-15;-14;-50;-5;OK;-13.9;-13.9;0;-15;-14.2;-50;-5;OK;300;311;300;500;OK;15.63;16.01;N/A;N/A;N/A;N/A;N/A;N/A;N/A;N/A;N/A;N/A;N/A;N/A;N/A;N/A;N/A;N/A;N/A;N/A;N/A;N/A;N/A;N/A;N/A;N/A;N/A;N/A;N/A;N/A;N/A;N/A;N/A;N/A;N/A;N/A;N/A;N/A;N/A;N/A;N/A;N/A;N/A;N/A;N/A;N/A;N/A;N/A;N/A;N/A;N/A;N/A;N/A;N/A;N/A;N/A;N/A;N/A;N/A;N/A;N/A;N/A;N/A;N/A;N/A;N/A;N/A;N/A;N/A;N/A;N/A;N/A;N/A;N/A;N/A;N/A;N/A;N/A;N/A;N/A;N/A;N/A;N/A;N/A;N/A;N/A;N/A;N/A;N/A;N/A;N/A;N/A;N/A;N/A;N/A;N/A;N/A;N/A;N/A;N/A;;0;322.9;0;0;;Disabled;TempStop;2;700;326.7;277.4;0;0;599.9;549.9;Enabled;PosOk;2;0;0;0;0;0;15;Disabled;0;0;0;0;0;0;0;0;0;0;0;0;0;0;0;0;0;0;0;0;0;0;0;0;0;0;0;0;0;0;0;0;0;0;0;0;0;0;0;0;0;0;0;0;0;0;0;0;0;0;0;0;0;0;0;0;0;0;0;0;0;0;0;0;0;0;0;0;0;0;30;32;20;45;30;29;20;45;30;33;20;45;30;29;20;45;200;142;100;300;200;140;100;300;200;141;100;300;200;140;100;300;30;32;20;45;30;29;20;45;30;31;20;45;30;29;20;45;200;144;100;300;200;143;100;300;200;242;100;300;200;244;100;300;4;2;0.4;6;4;5;0.4;6;4;2;0.4;6;4;5;0.4;6;4;2;0.4;6;4;5;0.4;6;4;3;0.4;6;4;5;0.4;6;NOK;NOK;OK;7000;7094;6500;8100;OK;4.98;0;8;12;NOK;N/A;1.5;N/A;N/A;N/A;9;12.4;7;18;OK;;0;0;0;-;Disabled;TempOk;2;230;42.4;42.7;0;0;349.9;441345100 daimler 1500 1900;441345100 daimler 1500 1900;441345100 Daimler 1500 1900
20260320_22:48:58;9993;3;1;950;940.5;925;975;OK;950;951.2;925;975;OK;951.2;951.3;-20;-19.3;-50;-25;NOK;-20;-15;-50;-25;NOK;-12.6;-13.7;0;-20;-19.4;-50;-25;NOK;300;311;300;500;OK;0;0;N/A;N/A;N/A;N/A;N/A;N/A;N/A;N/A;N/A;N/A;N/A;N/A;N/A;N/A;N/A;N/A;N/A;N/A;N/A;N/A;N/A;N/A;N/A;N/A;N/A;N/A;N/A;N/A;N/A;N/A;N/A;N/A;N/A;N/A;N/A;N/A;N/A;N/A;N/A;N/A;N/A;N/A;N/A;N/A;N/A;N/A;N/A;N/A;N/A;N/A;N/A;N/A;N/A;N/A;N/A;N/A;N/A;N/A;N/A;N/A;N/A;N/A;N/A;N/A;N/A;N/A;N/A;N/A;N/A;N/A;N/A;N/A;N/A;N/A;N/A;N/A;N/A;N/A;N/A;N/A;N/A;N/A;N/A;N/A;N/A;N/A;N/A;N/A;N/A;N/A;N/A;N/A;N/A;N/A;N/A;N/A;N/A;N/A;;0;323.5;0;0;;Disabled;TempStop;2;700;327.2;277.3;0;0;599.9;549.9;Enabled;PosOk;2;0;0;0;0;0;15;Disabled;0;0;0;0;0;0;0;0;0;0;0;0;0;0;0;0;0;0;0;0;0;0;0;0;0;0;0;0;0;0;0;0;0;0;0;0;0;0;0;0;0;0;0;0;0;0;0;0;0;0;0;0;0;0;0;0;0;0;0;0;0;0;0;0;0;0;0;0;0;0;30;32;20;45;30;29;20;45;30;33;20;45;30;30;20;45;200;141;100;300;200;140;100;300;200;140;100;300;200;141;100;300;30;32;20;45;30;30;20;45;30;31;20;45;30;30;20;45;200;144;100;300;200;143;100;300;200;242;100;300;200;244;100;300;4;2;0.4;6;4;5;0.4;6;4;2;0.4;6;4;5;0.4;6;4;2;0.4;6;4;5;0.4;6;4;2;0.4;6;4;5;0.4;6;NOK;NOK;OK;7000;7106;6500;8100;OK;4.98;0;8;12;NOK;N/A;1.5;N/A;N/A;N/A;9;12;7;18;OK;;0;0;0;-;Disabled;TempOk;2;230;42.2;42.4;0;0;349.9;441345100 daimler 1500 1900;441345100 daimler 1500 1900;441345100 Daimler 1500 1900
20260320_22:49:16;9994;2;2;950;939.1;925;975;OK;950;950.7;925;975;OK;950.4;950.7;-15;-26.4;-50;-20;OK;-15;-20;-50;-20;NOK;-16.9;-18.2;0;-15;-26.5;-50;-20;OK;300;311;300;500;OK;0;0;N/A;N/A;N/A;N/A;N/A;N/A;N/A;N/A;N/A;N/A;N/A;N/A;N/A;N/A;N/A;N/A;N/A;N/A;N/A;N/A;N/A;N/A;N/A;N/A;N/A;N/A;N/A;N/A;N/A;N/A;N/A;N/A;N/A;N/A;N/A;N/A;N/A;N/A;N/A;N/A;N/A;N/A;N/A;N/A;N/A;N/A;N/A;N/A;N/A;N/A;N/A;N/A;N/A;N/A;N/A;N/A;N/A;N/A;N/A;N/A;N/A;N/A;N/A;N/A;N/A;N/A;N/A;N/A;N/A;N/A;N/A;N/A;N/A;N/A;N/A;N/A;N/A;N/A;N/A;N/A;N/A;N/A;N/A;N/A;N/A;N/A;N/A;N/A;N/A;N/A;N/A;N/A;N/A;N/A;N/A;N/A;N/A;N/A;;0;324.4;0;0;;Disabled;TempStop;2;700;328.3;276.9;0;0;599.9;549.9;Enabled;PosOk;2;0;0;0;0;0;15;Disabled;0;0;0;0;0;0;0;0;0;0;0;0;0;0;0;0;0;0;0;0;0;0;0;0;0;0;0;0;0;0;0;0;0;0;0;0;0;0;0;0;0;0;0;0;0;0;0;0;0;0;0;0;0;0;0;0;0;0;0;0;0;0;0;0;0;0;0;0;0;0;30;33;20;45;30;29;20;45;30;33;20;45;30;29;20;45;200;141;100;300;200;139;100;300;200;141;100;300;200;141;100;300;30;32;20;45;30;29;20;45;30;31;20;45;30;29;20;45;200;144;100;300;200;142;100;300;200;243;100;300;200;244;100;300;4;2;0.4;6;4;5;0.4;6;4;2;0.4;6;4;5;0.4;6;4;2;0.4;6;4;5;0.4;6;4;2;0.4;6;4;5;0.4;6;NOK;NOK;OK;7000;7102;6500;8100;OK;4.98;0;8;12;NOK;N/A;1.5;N/A;N/A;N/A;9;11.9;7;18;OK;;0;0;0;-;Disabled;TempOk;2;230;42.2;42.9;0;0;349.9;441345100 daimler 1500 1900;441345100 daimler 1500 1900;441345100 Daimler 1500 1900
20260320_22:49:34;9995;1;2;950;940.7;925;975;OK;950;951.7;925;975;OK;951.6;951.7;-20;-13.9;-50;-25;NOK;-20;-13.1;-50;-25;NOK;-13.9;-14.8;0;-20;-13.7;-50;-25;NOK;300;311;300;500;OK;0;0;N/A;N/A;N/A;N/A;N/A;N/A;N/A;N/A;N/A;N/A;N/A;N/A;N/A;N/A;N/A;N/A;N/A;N/A;N/A;N/A;N/A;N/A;N/A;N/A;N/A;N/A;N/A;N/A;N/A;N/A;N/A;N/A;N/A;N/A;N/A;N/A;N/A;N/A;N/A;N/A;N/A;N/A;N/A;N/A;N/A;N/A;N/A;N/A;N/A;N/A;N/A;N/A;N/A;N/A;N/A;N/A;N/A;N/A;N/A;N/A;N/A;N/A;N/A;N/A;N/A;N/A;N/A;N/A;N/A;N/A;N/A;N/A;N/A;N/A;N/A;N/A;N/A;N/A;N/A;N/A;N/A;N/A;N/A;N/A;N/A;N/A;N/A;N/A;N/A;N/A;N/A;N/A;N/A;N/A;N/A;N/A;N/A;N/A;;0;324.8;0;0;;Disabled;TempStop;2;700;328.7;277.8;0;0;599.9;549.9;Enabled;PosOk;2;0;0;0;0;0;15;Disabled;0;0;0;0;0;0;0;0;0;0;0;0;0;0;0;0;0;0;0;0;0;0;0;0;0;0;0;0;0;0;0;0;0;0;0;0;0;0;0;0;0;0;0;0;0;0;0;0;0;0;0;0;0;0;0;0;0;0;0;0;0;0;0;0;0;0;0;0;0;0;30;33;20;45;30;29;20;45;30;33;20;45;30;29;20;45;200;142;100;300;200;140;100;300;200;141;100;300;200;140;100;300;30;32;20;45;30;29;20;45;30;31;20;45;30;29;20;45;200;145;100;300;200;143;100;300;200;243;100;300;200;243;100;300;4;2;0.4;6;4;5;0.4;6;4;2;0.4;6;4;5;0.4;6;4;2;0.4;6;4;5;0.4;6;4;3;0.4;6;4;5;0.4;6;NOK;NOK;OK;7000;7103;6500;8100;OK;4.98;0;8;12;NOK;N/A;1.5;N/A;N/A;N/A;9;11.9;7;18;OK;;0;0;0;-;Disabled;TempOk;2;230;41.9;43.3;0;0;349.9;441345100 daimler 1500 1900;441345100 daimler 1500 1900;441345100 Daimler 1500 1900
20260320_22:49:52;9996;4;2;950;947.9;925;975;OK;950;951.9;925;975;OK;952.3;952.3;-15;-20.7;-50;-5;OK;-15;-14.1;-50;-5;OK;-14.9;-14.8;0;-15;-20.4;-50;-5;OK;300;311;300;500;OK;15.72;16.11;N/A;N/A;N/A;N/A;N/A;N/A;N/A;N/A;N/A;N/A;N/A;N/A;N/A;N/A;N/A;N/A;N/A;N/A;N/A;N/A;N/A;N/A;N/A;N/A;N/A;N/A;N/A;N/A;N/A;N/A;N/A;N/A;N/A;N/A;N/A;N/A;N/A;N/A;N/A;N/A;N/A;N/A;N/A;N/A;N/A;N/A;N/A;N/A;N/A;N/A;N/A;N/A;N/A;N/A;N/A;N/A;N/A;N/A;N/A;N/A;N/A;N/A;N/A;N/A;N/A;N/A;N/A;N/A;N/A;N/A;N/A;N/A;N/A;N/A;N/A;N/A;N/A;N/A;N/A;N/A;N/A;N/A;N/A;N/A;N/A;N/A;N/A;N/A;N/A;N/A;N/A;N/A;N/A;N/A;N/A;N/A;N/A;N/A;;0;322.1;0;0;;Disabled;TempStop;2;700;325.8;275.9;0;0;599.9;549.9;Enabled;PosOk;2;0;0;0;0;0;15;Disabled;0;0;0;0;0;0;0;0;0;0;0;0;0;0;0;0;0;0;0;0;0;0;0;0;0;0;0;0;0;0;0;0;0;0;0;0;0;0;0;0;0;0;0;0;0;0;0;0;0;0;0;0;0;0;0;0;0;0;0;0;0;0;0;0;0;0;0;0;0;0;30;33;20;45;30;29;20;45;30;33;20;45;30;29;20;45;200;142;100;300;200;140;100;300;200;141;100;300;200;140;100;300;30;32;20;45;30;29;20;45;30;31;20;45;30;29;20;45;200;144;100;300;200;143;100;300;200;242;100;300;200;243;100;300;4;2;0.4;6;4;5;0.4;6;4;2;0.4;6;4;5;0.4;6;4;2;0.4;6;4;5;0.4;6;4;2;0.4;6;4;5;0.4;6;NOK;NOK;OK;7000;7107;6500;8100;OK;4.97;0;8;12;NOK;N/A;1.5;N/A;N/A;N/A;9;11.9;7;18;OK;;0;0;0;-;Disabled;TempOk;2;230;42.4;42.9;0;0;349.9;441345100 daimler 1500 1900;441345100 daimler 1500 1900;441345100 Daimler 1500 1900
20260320_22:50:10;9997;3;2;950;940.8;925;975;OK;950;951.6;925;975;OK;951.8;951.6;-20;-18.4;-50;-25;NOK;-20;-15.6;-50;-25;NOK;-14.6;-15.8;0;-20;-18.1;-50;-25;NOK;300;311;300;500;OK;0;0;N/A;N/A;N/A;N/A;N/A;N/A;N/A;N/A;N/A;N/A;N/A;N/A;N/A;N/A;N/A;N/A;N/A;N/A;N/A;N/A;N/A;N/A;N/A;N/A;N/A;N/A;N/A;N/A;N/A;N/A;N/A;N/A;N/A;N/A;N/A;N/A;N/A;N/A;N/A;N/A;N/A;N/A;N/A;N/A;N/A;N/A;N/A;N/A;N/A;N/A;N/A;N/A;N/A;N/A;N/A;N/A;N/A;N/A;N/A;N/A;N/A;N/A;N/A;N/A;N/A;N/A;N/A;N/A;N/A;N/A;N/A;N/A;N/A;N/A;N/A;N/A;N/A;N/A;N/A;N/A;N/A;N/A;N/A;N/A;N/A;N/A;N/A;N/A;N/A;N/A;N/A;N/A;N/A;N/A;N/A;N/A;N/A;N/A;;0;322.4;0;0;;Disabled;TempStop;2;700;326.2;274.7;0;0;599.9;549.9;Enabled;PosOk;2;0;0;0;0;0;15;Disabled;0;0;0;0;0;0;0;0;0;0;0;0;0;0;0;0;0;0;0;0;0;0;0;0;0;0;0;0;0;0;0;0;0;0;0;0;0;0;0;0;0;0;0;0;0;0;0;0;0;0;0;0;0;0;0;0;0;0;0;0;0;0;0;0;0;0;0;0;0;0;30;33;20;45;30;30;20;45;30;33;20;45;30;30;20;45;200;142;100;300;200;140;100;300;200;141;100;300;200;141;100;300;30;32;20;45;30;30;20;45;30;31;20;45;30;30;20;45;200;144;100;300;200;143;100;300;200;243;100;300;200;244;100;300;4;2;0.4;6;4;5;0.4;6;4;2;0.4;6;4;5;0.4;6;4;2;0.4;6;4;5;0.4;6;4;2;0.4;6;4;5;0.4;6;NOK;NOK;OK;7000;7091;6500;8100;OK;4.98;0;8;12;NOK;N/A;1.5;N/A;N/A;N/A;9;11.9;7;18;OK;;0;0;0;-;Disabled;TempOk;2;230;41.9;42.9;0;0;349.9;441345100 daimler 1500 1900;441345100 daimler 1500 1900;441345100 Daimler 1500 1900
20260320_22:50:28;9998;4;3;950;946.9;925;975;OK;950;955;925;975;OK;955.2;955.2;-15;-19.5;-50;-5;OK;-15;-14.1;-50;-5;OK;-15.8;-15.3;0;-15;-19.4;-50;-5;OK;300;311;300;500;OK;15.75;16.18;N/A;N/A;N/A;N/A;N/A;N/A;N/A;N/A;N/A;N/A;N/A;N/A;N/A;N/A;N/A;N/A;N/A;N/A;N/A;N/A;N/A;N/A;N/A;N/A;N/A;N/A;N/A;N/A;N/A;N/A;N/A;N/A;N/A;N/A;N/A;N/A;N/A;N/A;N/A;N/A;N/A;N/A;N/A;N/A;N/A;N/A;N/A;N/A;N/A;N/A;N/A;N/A;N/A;N/A;N/A;N/A;N/A;N/A;N/A;N/A;N/A;N/A;N/A;N/A;N/A;N/A;N/A;N/A;N/A;N/A;N/A;N/A;N/A;N/A;N/A;N/A;N/A;N/A;N/A;N/A;N/A;N/A;N/A;N/A;N/A;N/A;N/A;N/A;N/A;N/A;N/A;N/A;N/A;N/A;N/A;N/A;N/A;N/A;;0;322.5;0;0;;Disabled;TempStop;2;700;326.3;276.1;0;0;599.9;549.9;Enabled;PosOk;2;0;0;0;0;0;15;Disabled;0;0;0;0;0;0;0;0;0;0;0;0;0;0;0;0;0;0;0;0;0;0;0;0;0;0;0;0;0;0;0;0;0;0;0;0;0;0;0;0;0;0;0;0;0;0;0;0;0;0;0;0;0;0;0;0;0;0;0;0;0;0;0;0;0;0;0;0;0;0;30;33;20;45;30;30;20;45;30;33;20;45;30;30;20;45;200;141;100;300;200;140;100;300;200;141;100;300;200;140;100;300;30;32;20;45;30;30;20;45;30;32;20;45;30;30;20;45;200;144;100;300;200;143;100;300;200;243;100;300;200;244;100;300;4;2;0.4;6;4;5;0.4;6;4;2;0.4;6;4;5;0.4;6;4;2;0.4;6;4;5;0.4;6;4;2;0.4;6;4;5;0.4;6;NOK;NOK;OK;7000;7093;6500;8100;OK;4.98;0;8;12;NOK;N/A;1.5;N/A;N/A;N/A;9;11.7;7;18;OK;;0;0;0;-;Disabled;TempOk;2;230;42.4;42.9;0;0;349.9;441345100 daimler 1500 1900;441345100 daimler 1500 1900;441345100 Daimler 1500 1900
20260320_22:50:46;9999;1;3;950;940.6;925;975;OK;950;951.5;925;975;OK;951.6;951.7;-20;-13.6;-50;-25;NOK;-20;-12.9;-50;-25;NOK;-16;-15.6;0;-20;-13.5;-50;-25;NOK;300;311;300;500;OK;0;0;N/A;N/A;N/A;N/A;N/A;N/A;N/A;N/A;N/A;N/A;N/A;N/A;N/A;N/A;N/A;N/A;N/A;N/A;N/A;N/A;N/A;N/A;N/A;N/A;N/A;N/A;N/A;N/A;N/A;N/A;N/A;N/A;N/A;N/A;N/A;N/A;N/A;N/A;N/A;N/A;N/A;N/A;N/A;N/A;N/A;N/A;N/A;N/A;N/A;N/A;N/A;N/A;N/A;N/A;N/A;N/A;N/A;N/A;N/A;N/A;N/A;N/A;N/A;N/A;N/A;N/A;N/A;N/A;N/A;N/A;N/A;N/A;N/A;N/A;N/A;N/A;N/A;N/A;N/A;N/A;N/A;N/A;N/A;N/A;N/A;N/A;N/A;N/A;N/A;N/A;N/A;N/A;N/A;N/A;N/A;N/A;N/A;N/A;;0;324.2;0;0;;Disabled;TempStop;2;700;328.1;276.8;0;0;599.9;549.9;Enabled;PosOk;2;0;0;0;0;0;15;Disabled;0;0;0;0;0;0;0;0;0;0;0;0;0;0;0;0;0;0;0;0;0;0;0;0;0;0;0;0;0;0;0;0;0;0;0;0;0;0;0;0;0;0;0;0;0;0;0;0;0;0;0;0;0;0;0;0;0;0;0;0;0;0;0;0;0;0;0;0;0;0;30;33;20;45;30;30;20;45;30;33;20;45;30;30;20;45;200;142;100;300;200;139;100;300;200;141;100;300;200;140;100;300;30;33;20;45;30;30;20;45;30;32;20;45;30;30;20;45;200;144;100;300;200;143;100;300;200;242;100;300;200;244;100;300;4;2;0.4;6;4;5;0.4;6;4;2;0.4;6;4;5;0.4;6;4;2;0.4;6;4;5;0.4;6;4;3;0.4;6;4;5;0.4;6;NOK;NOK;OK;7000;7101;6500;8100;OK;4.98;0;8;12;NOK;N/A;1.5;N/A;N/A;N/A;9;11.5;7;18;OK;;0;0;0;-;Disabled;TempOk;2;230;42.4;43.3;0;0;349.9;441345100 daimler 1500 1900;441345100 daimler 1500 1900;441345100 Daimler 1500 1900
20260320_22:51:04;10000;2;1;950;940.7;925;975;OK;950;951;925;975;OK;951;951.1;-15;-23.8;-50;-20;OK;-15;-19.5;-50;-20;NOK;-17.1;-18.2;0;-15;-23.8;-50;-20;OK;300;311;300;500;OK;0;0;N/A;N/A;N/A;N/A;N/A;N/A;N/A;N/A;N/A;N/A;N/A;N/A;N/A;N/A;N/A;N/A;N/A;N/A;N/A;N/A;N/A;N/A;N/A;N/A;N/A;N/A;N/A;N/A;N/A;N/A;N/A;N/A;N/A;N/A;N/A;N/A;N/A;N/A;N/A;N/A;N/A;N/A;N/A;N/A;N/A;N/A;N/A;N/A;N/A;N/A;N/A;N/A;N/A;N/A;N/A;N/A;N/A;N/A;N/A;N/A;N/A;N/A;N/A;N/A;N/A;N/A;N/A;N/A;N/A;N/A;N/A;N/A;N/A;N/A;N/A;N/A;N/A;N/A;N/A;N/A;N/A;N/A;N/A;N/A;N/A;N/A;N/A;N/A;N/A;N/A;N/A;N/A;N/A;N/A;N/A;N/A;N/A;N/A;;0;322.5;0;0;;Disabled;TempStop;2;700;326.3;276.7;0;0;599.9;549.9;Enabled;PosOk;2;0;0;0;0;0;15;Disabled;0;0;0;0;0;0;0;0;0;0;0;0;0;0;0;0;0;0;0;0;0;0;0;0;0;0;0;0;0;0;0;0;0;0;0;0;0;0;0;0;0;0;0;0;0;0;0;0;0;0;0;0;0;0;0;0;0;0;0;0;0;0;0;0;0;0;0;0;0;0;30;33;20;45;30;30;20;45;30;34;20;45;30;30;20;45;200;142;100;300;200;140;100;300;200;141;100;300;200;140;100;300;30;33;20;45;30;30;20;45;30;32;20;45;30;30;20;45;200;144;100;300;200;143;100;300;200;242;100;300;200;243;100;300;4;2;0.4;6;4;5;0.4;6;4;2;0.4;6;4;5;0.4;6;4;2;0.4;6;4;5;0.4;6;4;2;0.4;6;4;5;0.4;6;NOK;NOK;OK;7000;7103;6500;8100;OK;4.97;0;8;12;NOK;N/A;1.5;N/A;N/A;N/A;9;11.5;7;18;OK;;0;0;0;-;Disabled;TempOk;2;230;42.7;43.1;0;0;349.9;441345100 daimler 1500 1900;441345100 daimler 1500 1900;441345100 Daimler 1500 1900
20260320_22:51:22;10001;3;3;950;940.1;925;975;OK;950;951.6;925;975;OK;951.2;951.4;-20;-18.9;-50;-25;NOK;-20;-15;-50;-25;NOK;-13.1;-14.3;0;-20;-18.6;-50;-25;NOK;300;311;300;500;OK;0;0;N/A;N/A;N/A;N/A;N/A;N/A;N/A;N/A;N/A;N/A;N/A;N/A;N/A;N/A;N/A;N/A;N/A;N/A;N/A;N/A;N/A;N/A;N/A;N/A;N/A;N/A;N/A;N/A;N/A;N/A;N/A;N/A;N/A;N/A;N/A;N/A;N/A;N/A;N/A;N/A;N/A;N/A;N/A;N/A;N/A;N/A;N/A;N/A;N/A;N/A;N/A;N/A;N/A;N/A;N/A;N/A;N/A;N/A;N/A;N/A;N/A;N/A;N/A;N/A;N/A;N/A;N/A;N/A;N/A;N/A;N/A;N/A;N/A;N/A;N/A;N/A;N/A;N/A;N/A;N/A;N/A;N/A;N/A;N/A;N/A;N/A;N/A;N/A;N/A;N/A;N/A;N/A;N/A;N/A;N/A;N/A;N/A;N/A;;0;322.5;0;0;;Disabled;TempStop;2;700;326.3;275.6;0;0;599.9;549.9;Enabled;PosOk;2;0;0;0;0;0;15;Disabled;0;0;0;0;0;0;0;0;0;0;0;0;0;0;0;0;0;0;0;0;0;0;0;0;0;0;0;0;0;0;0;0;0;0;0;0;0;0;0;0;0;0;0;0;0;0;0;0;0;0;0;0;0;0;0;0;0;0;0;0;0;0;0;0;0;0;0;0;0;0;30;33;20;45;30;29;20;45;30;33;20;45;30;29;20;45;200;142;100;300;200;140;100;300;200;141;100;300;200;140;100;300;30;32;20;45;30;29;20;45;30;31;20;45;30;29;20;45;200;144;100;300;200;143;100;300;200;242;100;300;200;243;100;300;4;2;0.4;6;4;5;0.4;6;4;2;0.4;6;4;5;0.4;6;4;2;0.4;6;4;5;0.4;6;4;2;0.4;6;4;5;0.4;6;NOK;NOK;OK;7000;7104;6500;8100;OK;4.98;0;8;12;NOK;N/A;1.5;N/A;N/A;N/A;9;12.1;7;18;OK;;0;0;0;-;Disabled;TempOk;2;230;42.9;42.9;0;0;349.9;441345100 daimler 1500 1900;441345100 daimler 1500 1900;441345100 Daimler 1500 1900
20260320_22:51:40;10002;2;4;950;940.1;925;975;OK;950;951.1;925;975;OK;951;950.9;-15;-32.2;-50;-20;OK;-15;-25.1;-50;-20;OK;-21;-22.9;0;-15;-32.3;-50;-20;OK;300;311;300;500;OK;0;0;N/A;N/A;N/A;N/A;N/A;N/A;N/A;N/A;N/A;N/A;N/A;N/A;N/A;N/A;N/A;N/A;N/A;N/A;N/A;N/A;N/A;N/A;N/A;N/A;N/A;N/A;N/A;N/A;N/A;N/A;N/A;N/A;N/A;N/A;N/A;N/A;N/A;N/A;N/A;N/A;N/A;N/A;N/A;N/A;N/A;N/A;N/A;N/A;N/A;N/A;N/A;N/A;N/A;N/A;N/A;N/A;N/A;N/A;N/A;N/A;N/A;N/A;N/A;N/A;N/A;N/A;N/A;N/A;N/A;N/A;N/A;N/A;N/A;N/A;N/A;N/A;N/A;N/A;N/A;N/A;N/A;N/A;N/A;N/A;N/A;N/A;N/A;N/A;N/A;N/A;N/A;N/A;N/A;N/A;N/A;N/A;N/A;N/A;;0;322.8;0;0;;Disabled;TempStop;2;700;326.6;275.7;0;0;599.9;549.9;Enabled;PosOk;2;0;0;0;0;0;15;Disabled;0;0;0;0;0;0;0;0;0;0;0;0;0;0;0;0;0;0;0;0;0;0;0;0;0;0;0;0;0;0;0;0;0;0;0;0;0;0;0;0;0;0;0;0;0;0;0;0;0;0;0;0;0;0;0;0;0;0;0;0;0;0;0;0;0;0;0;0;0;0;30;33;20;45;30;29;20;45;30;33;20;45;30;29;20;45;200;142;100;300;200;140;100;300;200;141;100;300;200;140;100;300;30;32;20;45;30;29;20;45;30;31;20;45;30;29;20;45;200;144;100;300;200;143;100;300;200;242;100;300;200;243;100;300;4;2;0.4;6;4;5;0.4;6;4;2;0.4;6;4;5;0.4;6;4;2;0.4;6;4;5;0.4;6;4;2;0.4;6;4;5;0.4;6;NOK;NOK;OK;7000;7097;6500;8100;OK;4.98;0;8;12;NOK;N/A;1.5;N/A;N/A;N/A;9;12.2;7;18;OK;;0;0;0;-;Disabled;TempOk;2;230;42.9;43.5;0;0;349.9;441345100 daimler 1500 1900;441345100 daimler 1500 1900;441345100 Daimler 1500 1900
20260320_22:51:58;10003;1;4;950;940.2;925;975;OK;950;950.9;925;975;OK;950.7;950.6;-20;-12;-50;-25;NOK;-20;-11.3;-50;-25;NOK;-14.2;-13.8;0;-20;-11.9;-50;-25;NOK;300;311;300;500;OK;0;0;N/A;N/A;N/A;N/A;N/A;N/A;N/A;N/A;N/A;N/A;N/A;N/A;N/A;N/A;N/A;N/A;N/A;N/A;N/A;N/A;N/A;N/A;N/A;N/A;N/A;N/A;N/A;N/A;N/A;N/A;N/A;N/A;N/A;N/A;N/A;N/A;N/A;N/A;N/A;N/A;N/A;N/A;N/A;N/A;N/A;N/A;N/A;N/A;N/A;N/A;N/A;N/A;N/A;N/A;N/A;N/A;N/A;N/A;N/A;N/A;N/A;N/A;N/A;N/A;N/A;N/A;N/A;N/A;N/A;N/A;N/A;N/A;N/A;N/A;N/A;N/A;N/A;N/A;N/A;N/A;N/A;N/A;N/A;N/A;N/A;N/A;N/A;N/A;N/A;N/A;N/A;N/A;N/A;N/A;N/A;N/A;N/A;N/A;;0;323.9;0;0;;Disabled;TempStop;2;700;327.7;277.2;0;0;599.9;549.9;Enabled;PosOk;2;0;0;0;0;0;15;Disabled;0;0;0;0;0;0;0;0;0;0;0;0;0;0;0;0;0;0;0;0;0;0;0;0;0;0;0;0;0;0;0;0;0;0;0;0;0;0;0;0;0;0;0;0;0;0;0;0;0;0;0;0;0;0;0;0;0;0;0;0;0;0;0;0;0;0;0;0;0;0;30;33;20;45;30;29;20;45;30;33;20;45;30;29;20;45;200;142;100;300;200;140;100;300;200;141;100;300;200;141;100;300;30;32;20;45;30;29;20;45;30;31;20;45;30;30;20;45;200;144;100;300;200;143;100;300;200;243;100;300;200;244;100;300;4;2;0.4;6;4;5;0.4;6;4;2;0.4;6;4;5;0.4;6;4;2;0.4;6;4;5;0.4;6;4;2;0.4;6;4;5;0.4;6;NOK;NOK;OK;7000;7105;6500;8100;OK;4.99;0;8;12;NOK;N/A;1.51;N/A;N/A;N/A;9;12.2;7;18;OK;;0;0;0;-;Disabled;TempOk;2;230;42.4;42.9;0;0;349.9;441345100 daimler 1500 1900;441345100 daimler 1500 1900;441345100 Daimler 1500 1900
20260320_22:52:16;10004;4;4;950;926.7;925;975;OK;950;954.7;925;975;OK;954.4;954.5;-15;-11.1;-50;-5;OK;-15;-9.1;-50;-5;OK;-9.6;-7.7;0;-15;-11.3;-50;-5;OK;300;311;300;500;OK;15.9;16.43;N/A;N/A;N/A;N/A;N/A;N/A;N/A;N/A;N/A;N/A;N/A;N/A;N/A;N/A;N/A;N/A;N/A;N/A;N/A;N/A;N/A;N/A;N/A;N/A;N/A;N/A;N/A;N/A;N/A;N/A;N/A;N/A;N/A;N/A;N/A;N/A;N/A;N/A;N/A;N/A;N/A;N/A;N/A;N/A;N/A;N/A;N/A;N/A;N/A;N/A;N/A;N/A;N/A;N/A;N/A;N/A;N/A;N/A;N/A;N/A;N/A;N/A;N/A;N/A;N/A;N/A;N/A;N/A;N/A;N/A;N/A;N/A;N/A;N/A;N/A;N/A;N/A;N/A;N/A;N/A;N/A;N/A;N/A;N/A;N/A;N/A;N/A;N/A;N/A;N/A;N/A;N/A;N/A;N/A;N/A;N/A;N/A;N/A;;0;321.7;0;0;;Disabled;TempStop;2;700;325.5;275.4;0;0;599.9;549.9;Enabled;PosOk;2;0;0;0;0;0;15;Disabled;0;0;0;0;0;0;0;0;0;0;0;0;0;0;0;0;0;0;0;0;0;0;0;0;0;0;0;0;0;0;0;0;0;0;0;0;0;0;0;0;0;0;0;0;0;0;0;0;0;0;0;0;0;0;0;0;0;0;0;0;0;0;0;0;0;0;0;0;0;0;30;33;20;45;30;30;20;45;30;33;20;45;30;30;20;45;200;142;100;300;200;139;100;300;200;140;100;300;200;141;100;300;30;32;20;45;30;30;20;45;30;31;20;45;30;30;20;45;200;144;100;300;200;143;100;300;200;242;100;300;200;243;100;300;4;2;0.4;6;4;5;0.4;6;4;2;0.4;6;4;5;0.4;6;4;2;0.4;6;4;5;0.4;6;4;2;0.4;6;4;5;0.4;6;NOK;NOK;OK;7000;7108;6500;8100;OK;4.98;0;8;12;NOK;N/A;1.5;N/A;N/A;N/A;9;12.3;7;18;OK;;0;0;0;-;Disabled;TempOk;2;230;42.4;45.2;0;0;349.9;441345100 daimler 1500 1900;441345100 daimler 1500 1900;441345100 Daimler 1500 1900
20260320_22:52:34;10005;3;4;950;941.3;925;975;OK;950;951.5;925;975;OK;951.5;951.5;-20;-15;-50;-25;NOK;-20;-13.9;-50;-25;NOK;-17.3;-16.9;0;-20;-14.7;-50;-25;NOK;300;311;300;500;OK;0;0;N/A;N/A;N/A;N/A;N/A;N/A;N/A;N/A;N/A;N/A;N/A;N/A;N/A;N/A;N/A;N/A;N/A;N/A;N/A;N/A;N/A;N/A;N/A;N/A;N/A;N/A;N/A;N/A;N/A;N/A;N/A;N/A;N/A;N/A;N/A;N/A;N/A;N/A;N/A;N/A;N/A;N/A;N/A;N/A;N/A;N/A;N/A;N/A;N/A;N/A;N/A;N/A;N/A;N/A;N/A;N/A;N/A;N/A;N/A;N/A;N/A;N/A;N/A;N/A;N/A;N/A;N/A;N/A;N/A;N/A;N/A;N/A;N/A;N/A;N/A;N/A;N/A;N/A;N/A;N/A;N/A;N/A;N/A;N/A;N/A;N/A;N/A;N/A;N/A;N/A;N/A;N/A;N/A;N/A;N/A;N/A;N/A;N/A;;0;322.7;0;0;;Disabled;TempStop;2;700;326.3;275.2;0;0;599.9;549.9;Enabled;PosOk;2;0;0;0;0;0;15;Disabled;0;0;0;0;0;0;0;0;0;0;0;0;0;0;0;0;0;0;0;0;0;0;0;0;0;0;0;0;0;0;0;0;0;0;0;0;0;0;0;0;0;0;0;0;0;0;0;0;0;0;0;0;0;0;0;0;0;0;0;0;0;0;0;0;0;0;0;0;0;0;30;33;20;45;30;30;20;45;30;33;20;45;30;30;20;45;200;141;100;300;200;140;100;300;200;141;100;300;200;141;100;300;30;32;20;45;30;30;20;45;30;31;20;45;30;30;20;45;200;144;100;300;200;142;100;300;200;242;100;300;200;244;100;300;4;2;0.4;6;4;5;0.4;6;4;2;0.4;6;4;5;0.4;6;4;2;0.4;6;4;5;0.4;6;4;2;0.4;6;4;5;0.4;6;NOK;NOK;OK;7000;7102;6500;8100;OK;4.98;0;8;12;NOK;N/A;1.5;N/A;N/A;N/A;9;12.4;7;18;OK;;0;0;0;-;Disabled;TempOk;2;230;42.4;43.9;0;0;349.9;441345100 daimler 1500 1900;441345100 daimler 1500 1900;441345100 Daimler 1500 1900
20260320_22:52:52;10006;2;5;950;937.8;925;975;OK;950;950.8;925;975;OK;950.9;950.7;-15;-22.2;-50;-20;OK;-15;-21.1;-50;-20;OK;-19.4;-20.7;0;-15;-22.1;-50;-20;OK;300;311;300;500;OK;0;0;N/A;N/A;N/A;N/A;N/A;N/A;N/A;N/A;N/A;N/A;N/A;N/A;N/A;N/A;N/A;N/A;N/A;N/A;N/A;N/A;N/A;N/A;N/A;N/A;N/A;N/A;N/A;N/A;N/A;N/A;N/A;N/A;N/A;N/A;N/A;N/A;N/A;N/A;N/A;N/A;N/A;N/A;N/A;N/A;N/A;N/A;N/A;N/A;N/A;N/A;N/A;N/A;N/A;N/A;N/A;N/A;N/A;N/A;N/A;N/A;N/A;N/A;N/A;N/A;N/A;N/A;N/A;N/A;N/A;N/A;N/A;N/A;N/A;N/A;N/A;N/A;N/A;N/A;N/A;N/A;N/A;N/A;N/A;N/A;N/A;N/A;N/A;N/A;N/A;N/A;N/A;N/A;N/A;N/A;N/A;N/A;N/A;N/A;;0;325;0;0;;Disabled;TempStop;2;700;328.8;278;0;0;599.9;549.9;Enabled;PosOk;2;0;0;0;0;0;15;Disabled;0;0;0;0;0;0;0;0;0;0;0;0;0;0;0;0;0;0;0;0;0;0;0;0;0;0;0;0;0;0;0;0;0;0;0;0;0;0;0;0;0;0;0;0;0;0;0;0;0;0;0;0;0;0;0;0;0;0;0;0;0;0;0;0;0;0;0;0;0;0;30;33;20;45;30;30;20;45;30;33;20;45;30;30;20;45;200;142;100;300;200;140;100;300;200;141;100;300;200;140;100;300;30;32;20;45;30;30;20;45;30;32;20;45;30;30;20;45;200;144;100;300;200;143;100;300;200;243;100;300;200;244;100;300;4;2;0.4;6;4;5;0.4;6;4;2;0.4;6;4;5;0.4;6;4;2;0.4;6;4;5;0.4;6;4;2;0.4;6;4;5;0.4;6;NOK;NOK;OK;7000;7099;6500;8100;OK;4.98;0;8;12;NOK;N/A;1.5;N/A;N/A;N/A;9;11.7;7;18;OK;;0;0;0;-;Disabled;TempOk;2;230;42.9;44.2;0;0;349.9;441345100 daimler 1500 1900;441345100 daimler 1500 1900;441345100 Daimler 1500 1900
20260320_22:53:10;10007;3;5;950;943.1;925;975;OK;950;951.2;925;975;OK;950.9;951.1;-20;-19.3;-50;-25;NOK;-20;-17.6;-50;-25;NOK;-17.6;-18.1;0;-20;-19.2;-50;-25;NOK;300;311;300;500;OK;0;0;N/A;N/A;N/A;N/A;N/A;N/A;N/A;N/A;N/A;N/A;N/A;N/A;N/A;N/A;N/A;N/A;N/A;N/A;N/A;N/A;N/A;N/A;N/A;N/A;N/A;N/A;N/A;N/A;N/A;N/A;N/A;N/A;N/A;N/A;N/A;N/A;N/A;N/A;N/A;N/A;N/A;N/A;N/A;N/A;N/A;N/A;N/A;N/A;N/A;N/A;N/A;N/A;N/A;N/A;N/A;N/A;N/A;N/A;N/A;N/A;N/A;N/A;N/A;N/A;N/A;N/A;N/A;N/A;N/A;N/A;N/A;N/A;N/A;N/A;N/A;N/A;N/A;N/A;N/A;N/A;N/A;N/A;N/A;N/A;N/A;N/A;N/A;N/A;N/A;N/A;N/A;N/A;N/A;N/A;N/A;N/A;N/A;N/A;;0;321.5;0;0;;Disabled;TempStop;2;700;325.3;275.1;0;0;599.9;549.9;Enabled;PosOk;2;0;0;0;0;0;15;Disabled;0;0;0;0;0;0;0;0;0;0;0;0;0;0;0;0;0;0;0;0;0;0;0;0;0;0;0;0;0;0;0;0;0;0;0;0;0;0;0;0;0;0;0;0;0;0;0;0;0;0;0;0;0;0;0;0;0;0;0;0;0;0;0;0;0;0;0;0;0;0;30;33;20;45;30;30;20;45;30;33;20;45;30;30;20;45;200;141;100;300;200;140;100;300;200;141;100;300;200;140;100;300;30;33;20;45;30;30;20;45;30;32;20;45;30;30;20;45;200;144;100;300;200;143;100;300;200;242;100;300;200;243;100;300;4;2;0.4;6;4;5;0.4;6;4;2;0.4;6;4;5;0.4;6;4;2;0.4;6;4;5;0.4;6;4;3;0.4;6;4;5;0.4;6;NOK;NOK;OK;7000;7095;6500;8100;OK;4.98;0;8;12;NOK;N/A;1.5;N/A;N/A;N/A;9;11.7;7;18;OK;;0;0;0;-;Disabled;TempOk;2;230;42.4;43.9;0;0;349.9;441345100 daimler 1500 1900;441345100 daimler 1500 1900;441345100 Daimler 1500 1900
20260320_22:53:28;10008;4;5;950;935.5;925;975;OK;950;950.4;925;975;OK;949.9;950.6;-15;-10.1;-50;-5;OK;-15;-14.1;-50;-5;OK;-12.4;-13.1;0;-15;-10.1;-50;-5;OK;300;311;300;500;OK;15.97;16.57;N/A;N/A;N/A;N/A;N/A;N/A;N/A;N/A;N/A;N/A;N/A;N/A;N/A;N/A;N/A;N/A;N/A;N/A;N/A;N/A;N/A;N/A;N/A;N/A;N/A;N/A;N/A;N/A;N/A;N/A;N/A;N/A;N/A;N/A;N/A;N/A;N/A;N/A;N/A;N/A;N/A;N/A;N/A;N/A;N/A;N/A;N/A;N/A;N/A;N/A;N/A;N/A;N/A;N/A;N/A;N/A;N/A;N/A;N/A;N/A;N/A;N/A;N/A;N/A;N/A;N/A;N/A;N/A;N/A;N/A;N/A;N/A;N/A;N/A;N/A;N/A;N/A;N/A;N/A;N/A;N/A;N/A;N/A;N/A;N/A;N/A;N/A;N/A;N/A;N/A;N/A;N/A;N/A;N/A;N/A;N/A;N/A;N/A;;0;324.5;0;0;;Disabled;TempStop;2;700;328.2;277.8;0;0;599.9;549.9;Enabled;PosOk;2;0;0;0;0;0;15;Disabled;0;0;0;0;0;0;0;0;0;0;0;0;0;0;0;0;0;0;0;0;0;0;0;0;0;0;0;0;0;0;0;0;0;0;0;0;0;0;0;0;0;0;0;0;0;0;0;0;0;0;0;0;0;0;0;0;0;0;0;0;0;0;0;0;0;0;0;0;0;0;30;33;20;45;30;30;20;45;30;33;20;45;30;30;20;45;200;142;100;300;200;140;100;300;200;141;100;300;200;141;100;300;30;33;20;45;30;30;20;45;30;32;20;45;30;30;20;45;200;144;100;300;200;143;100;300;200;243;100;300;200;244;100;300;4;2;0.4;6;4;5;0.4;6;4;2;0.4;6;4;5;0.4;6;4;2;0.4;6;4;5;0.4;6;4;2;0.4;6;4;5;0.4;6;NOK;NOK;OK;7000;7111;6500;8100;OK;4.98;0;8;12;NOK;N/A;1.5;N/A;N/A;N/A;9;11.7;7;18;OK;;0;0;0;-;Disabled;TempOk;2;230;42.4;42.9;0;0;349.9;441345100 daimler 1500 1900;441345100 daimler 1500 1900;441345100 Daimler 1500 1900
20260320_22:53:46;10009;1;1;950;940.1;925;975;OK;950;951.1;925;975;OK;951.3;951.1;-20;-15.4;-50;-25;NOK;-20;-15;-50;-25;NOK;-13.5;-14.2;0;-20;-15.4;-50;-25;NOK;300;311;300;500;OK;0;0;N/A;N/A;N/A;N/A;N/A;N/A;N/A;N/A;N/A;N/A;N/A;N/A;N/A;N/A;N/A;N/A;N/A;N/A;N/A;N/A;N/A;N/A;N/A;N/A;N/A;N/A;N/A;N/A;N/A;N/A;N/A;N/A;N/A;N/A;N/A;N/A;N/A;N/A;N/A;N/A;N/A;N/A;N/A;N/A;N/A;N/A;N/A;N/A;N/A;N/A;N/A;N/A;N/A;N/A;N/A;N/A;N/A;N/A;N/A;N/A;N/A;N/A;N/A;N/A;N/A;N/A;N/A;N/A;N/A;N/A;N/A;N/A;N/A;N/A;N/A;N/A;N/A;N/A;N/A;N/A;N/A;N/A;N/A;N/A;N/A;N/A;N/A;N/A;N/A;N/A;N/A;N/A;N/A;N/A;N/A;N/A;N/A;N/A;;0;324.3;0;0;;Disabled;TempStop;2;700;328;277.8;0;0;599.9;549.9;Enabled;PosOk;2;0;0;0;0;0;15;Disabled;0;0;0;0;0;0;0;0;0;0;0;0;0;0;0;0;0;0;0;0;0;0;0;0;0;0;0;0;0;0;0;0;0;0;0;0;0;0;0;0;0;0;0;0;0;0;0;0;0;0;0;0;0;0;0;0;0;0;0;0;0;0;0;0;0;0;0;0;0;0;30;33;20;45;30;30;20;45;30;34;20;45;30;30;20;45;200;142;100;300;200;140;100;300;200;140;100;300;200;140;100;300;30;33;20;45;30;30;20;45;30;32;20;45;30;30;20;45;200;144;100;300;200;142;100;300;200;242;100;300;200;243;100;300;4;2;0.4;6;4;5;0.4;6;4;2;0.4;6;4;5;0.4;6;4;2;0.4;6;4;5;0.4;6;4;3;0.4;6;4;5;0.4;6;NOK;NOK;OK;7000;7089;6500;8100;OK;4.98;0;8;12;NOK;N/A;1.5;N/A;N/A;N/A;9;11.5;7;18;OK;;0;0;0;-;Disabled;TempOk;2;230;42.2;42.7;0;0;349.9;441345100 daimler 1500 1900;441345100 daimler 1500 1900;441345100 Daimler 1500 1900
20260320_22:54:04;10010;4;1;950;935.7;925;975;OK;950;952.2;925;975;OK;950.7;951.4;-15;-14.1;-50;-5;OK;-15;-20;-50;-5;OK;-18.7;-19.6;0;-15;-14;-50;-5;OK;300;311;300;500;OK;16.02;16.63;N/A;N/A;N/A;N/A;N/A;N/A;N/A;N/A;N/A;N/A;N/A;N/A;N/A;N/A;N/A;N/A;N/A;N/A;N/A;N/A;N/A;N/A;N/A;N/A;N/A;N/A;N/A;N/A;N/A;N/A;N/A;N/A;N/A;N/A;N/A;N/A;N/A;N/A;N/A;N/A;N/A;N/A;N/A;N/A;N/A;N/A;N/A;N/A;N/A;N/A;N/A;N/A;N/A;N/A;N/A;N/A;N/A;N/A;N/A;N/A;N/A;N/A;N/A;N/A;N/A;N/A;N/A;N/A;N/A;N/A;N/A;N/A;N/A;N/A;N/A;N/A;N/A;N/A;N/A;N/A;N/A;N/A;N/A;N/A;N/A;N/A;N/A;N/A;N/A;N/A;N/A;N/A;N/A;N/A;N/A;N/A;N/A;N/A;;0;323.6;0;0;;Disabled;TempStop;2;700;327.4;277.4;0;0;599.9;549.9;Enabled;PosOk;2;0;0;0;0;0;15;Disabled;0;0;0;0;0;0;0;0;0;0;0;0;0;0;0;0;0;0;0;0;0;0;0;0;0;0;0;0;0;0;0;0;0;0;0;0;0;0;0;0;0;0;0;0;0;0;0;0;0;0;0;0;0;0;0;0;0;0;0;0;0;0;0;0;0;0;0;0;0;0;30;33;20;45;30;30;20;45;30;34;20;45;30;30;20;45;200;142;100;300;200;140;100;300;200;141;100;300;200;140;100;300;30;33;20;45;30;30;20;45;30;32;20;45;30;30;20;45;200;144;100;300;200;143;100;300;200;243;100;300;200;244;100;300;4;2;0.4;6;4;5;0.4;6;4;2;0.4;6;4;5;0.4;6;4;2;0.4;6;4;5;0.4;6;4;2;0.4;6;4;5;0.4;6;NOK;NOK;OK;7000;7110;6500;8100;OK;4.98;0;8;12;NOK;N/A;1.5;N/A;N/A;N/A;9;11.6;7;18;OK;;0;0;0;-;Disabled;TempOk;2;230;42.7;42.9;0;0;349.9;441345100 daimler 1500 1900;441345100 daimler 1500 1900;441345100 Daimler 1500 1900
20260320_22:54:22;10011;3;1;950;940.7;925;975;OK;950;951.3;925;975;OK;951.3;951.3;-20;-15.3;-50;-25;NOK;-20;-14.3;-50;-25;NOK;-11.9;-13;0;-20;-15.4;-50;-25;NOK;300;311;300;500;OK;0;0;N/A;N/A;N/A;N/A;N/A;N/A;N/A;N/A;N/A;N/A;N/A;N/A;N/A;N/A;N/A;N/A;N/A;N/A;N/A;N/A;N/A;N/A;N/A;N/A;N/A;N/A;N/A;N/A;N/A;N/A;N/A;N/A;N/A;N/A;N/A;N/A;N/A;N/A;N/A;N/A;N/A;N/A;N/A;N/A;N/A;N/A;N/A;N/A;N/A;N/A;N/A;N/A;N/A;N/A;N/A;N/A;N/A;N/A;N/A;N/A;N/A;N/A;N/A;N/A;N/A;N/A;N/A;N/A;N/A;N/A;N/A;N/A;N/A;N/A;N/A;N/A;N/A;N/A;N/A;N/A;N/A;N/A;N/A;N/A;N/A;N/A;N/A;N/A;N/A;N/A;N/A;N/A;N/A;N/A;N/A;N/A;N/A;N/A;;0;323.7;0;0;;Disabled;TempStop;2;700;327.4;277;0;0;599.9;549.9;Enabled;PosOk;2;0;0;0;0;0;15;Disabled;0;0;0;0;0;0;0;0;0;0;0;0;0;0;0;0;0;0;0;0;0;0;0;0;0;0;0;0;0;0;0;0;0;0;0;0;0;0;0;0;0;0;0;0;0;0;0;0;0;0;0;0;0;0;0;0;0;0;0;0;0;0;0;0;0;0;0;0;0;0;30;33;20;45;30;30;20;45;30;34;20;45;30;30;20;45;200;141;100;300;200;140;100;300;200;141;100;300;200;140;100;300;30;33;20;45;30;30;20;45;30;32;20;45;30;30;20;45;200;144;100;300;200;143;100;300;200;242;100;300;200;244;100;300;4;2;0.4;6;4;5;0.4;6;4;2;0.4;6;4;5;0.4;6;4;2;0.4;6;4;5;0.4;6;4;2;0.4;6;4;5;0.4;6;NOK;NOK;OK;7000;7097;6500;8100;OK;4.98;0;8;12;NOK;N/A;1.5;N/A;N/A;N/A;9;12.1;7;18;OK;;0;0;0;-;Disabled;TempOk;2;230;42.9;43.1;0;0;349.9;441345100 daimler 1500 1900;441345100 daimler 1500 1900;441345100 Daimler 1500 1900
20260320_22:54:39;10012;2;2;950;938.9;925;975;OK;950;950.7;925;975;OK;950.6;950.6;-15;-20.5;-50;-20;OK;-15;-18.8;-50;-20;NOK;-15.7;-17;0;-15;-20.7;-50;-20;OK;300;311;300;500;OK;0;0;N/A;N/A;N/A;N/A;N/A;N/A;N/A;N/A;N/A;N/A;N/A;N/A;N/A;N/A;N/A;N/A;N/A;N/A;N/A;N/A;N/A;N/A;N/A;N/A;N/A;N/A;N/A;N/A;N/A;N/A;N/A;N/A;N/A;N/A;N/A;N/A;N/A;N/A;N/A;N/A;N/A;N/A;N/A;N/A;N/A;N/A;N/A;N/A;N/A;N/A;N/A;N/A;N/A;N/A;N/A;N/A;N/A;N/A;N/A;N/A;N/A;N/A;N/A;N/A;N/A;N/A;N/A;N/A;N/A;N/A;N/A;N/A;N/A;N/A;N/A;N/A;N/A;N/A;N/A;N/A;N/A;N/A;N/A;N/A;N/A;N/A;N/A;N/A;N/A;N/A;N/A;N/A;N/A;N/A;N/A;N/A;N/A;N/A;;0;324.8;0;0;;Disabled;TempStop;2;700;328.6;277.6;0;0;599.9;549.9;Enabled;PosOk;2;0;0;0;0;0;15;Disabled;0;0;0;0;0;0;0;0;0;0;0;0;0;0;0;0;0;0;0;0;0;0;0;0;0;0;0;0;0;0;0;0;0;0;0;0;0;0;0;0;0;0;0;0;0;0;0;0;0;0;0;0;0;0;0;0;0;0;0;0;0;0;0;0;0;0;0;0;0;0;30;33;20;45;30;29;20;45;30;34;20;45;30;29;20;45;200;142;100;300;200;140;100;300;200;141;100;300;200;141;100;300;30;33;20;45;30;29;20;45;30;31;20;45;30;29;20;45;200;144;100;300;200;143;100;300;200;243;100;300;200;244;100;300;4;2;0.4;6;4;5;0.4;6;4;2;0.4;6;4;5;0.4;6;4;2;0.4;6;4;5;0.4;6;4;2;0.4;6;4;5;0.4;6;NOK;NOK;OK;7000;7094;6500;8100;OK;4.98;0;8;12;NOK;N/A;1.5;N/A;N/A;N/A;9;12.2;7;18;OK;;0;0;0;-;Disabled;TempOk;2;230;42.7;43.1;0;0;349.9;441345100 daimler 1500 1900;441345100 daimler 1500 1900;441345100 Daimler 1500 1900
20260320_22:54:58;10013;1;2;950;941.3;925;975;OK;950;951.6;925;975;OK;951.6;951.7;-20;-12.4;-50;-25;NOK;-20;-12.7;-50;-25;NOK;-13.5;-14.4;0;-20;-12.1;-50;-25;NOK;300;311;300;500;OK;0;0;N/A;N/A;N/A;N/A;N/A;N/A;N/A;N/A;N/A;N/A;N/A;N/A;N/A;N/A;N/A;N/A;N/A;N/A;N/A;N/A;N/A;N/A;N/A;N/A;N/A;N/A;N/A;N/A;N/A;N/A;N/A;N/A;N/A;N/A;N/A;N/A;N/A;N/A;N/A;N/A;N/A;N/A;N/A;N/A;N/A;N/A;N/A;N/A;N/A;N/A;N/A;N/A;N/A;N/A;N/A;N/A;N/A;N/A;N/A;N/A;N/A;N/A;N/A;N/A;N/A;N/A;N/A;N/A;N/A;N/A;N/A;N/A;N/A;N/A;N/A;N/A;N/A;N/A;N/A;N/A;N/A;N/A;N/A;N/A;N/A;N/A;N/A;N/A;N/A;N/A;N/A;N/A;N/A;N/A;N/A;N/A;N/A;N/A;;0;323.6;0;0;;Disabled;TempStop;2;700;327.2;277.4;0;0;599.9;549.9;Enabled;PosOk;2;0;0;0;0;0;15;Disabled;0;0;0;0;0;0;0;0;0;0;0;0;0;0;0;0;0;0;0;0;0;0;0;0;0;0;0;0;0;0;0;0;0;0;0;0;0;0;0;0;0;0;0;0;0;0;0;0;0;0;0;0;0;0;0;0;0;0;0;0;0;0;0;0;0;0;0;0;0;0;30;33;20;45;30;29;20;45;30;33;20;45;30;29;20;45;200;142;100;300;200;140;100;300;200;141;100;300;200;140;100;300;30;32;20;45;30;29;20;45;30;31;20;45;30;29;20;45;200;144;100;300;200;143;100;300;200;243;100;300;200;243;100;300;4;2;0.4;6;4;5;0.4;6;4;2;0.4;6;4;5;0.4;6;4;2;0.4;6;4;5;0.4;6;4;3;0.4;6;4;5;0.4;6;NOK;NOK;OK;7000;7095;6500;8100;OK;4.98;0;8;12;NOK;N/A;1.5;N/A;N/A;N/A;9;12.3;7;18;OK;;0;0;0;-;Disabled;TempOk;2;230;42.7;45.7;0;0;349.9;441345100 daimler 1500 1900;441345100 daimler 1500 1900;441345100 Daimler 1500 1900
20260320_22:55:15;10014;4;2;950;941.8;925;975;OK;950;952.5;925;975;OK;951.3;951.6;-15;-13.7;-50;-5;OK;-15;-19.7;-50;-5;OK;-17.5;-18.5;0;-15;-13.5;-50;-5;OK;300;311;300;500;OK;16.13;16.74;N/A;N/A;N/A;N/A;N/A;N/A;N/A;N/A;N/A;N/A;N/A;N/A;N/A;N/A;N/A;N/A;N/A;N/A;N/A;N/A;N/A;N/A;N/A;N/A;N/A;N/A;N/A;N/A;N/A;N/A;N/A;N/A;N/A;N/A;N/A;N/A;N/A;N/A;N/A;N/A;N/A;N/A;N/A;N/A;N/A;N/A;N/A;N/A;N/A;N/A;N/A;N/A;N/A;N/A;N/A;N/A;N/A;N/A;N/A;N/A;N/A;N/A;N/A;N/A;N/A;N/A;N/A;N/A;N/A;N/A;N/A;N/A;N/A;N/A;N/A;N/A;N/A;N/A;N/A;N/A;N/A;N/A;N/A;N/A;N/A;N/A;N/A;N/A;N/A;N/A;N/A;N/A;N/A;N/A;N/A;N/A;N/A;N/A;;0;321.3;0;0;;Disabled;TempStop;2;700;325.1;275.8;0;0;599.9;549.9;Enabled;PosOk;2;0;0;0;0;0;15;Disabled;0;0;0;0;0;0;0;0;0;0;0;0;0;0;0;0;0;0;0;0;0;0;0;0;0;0;0;0;0;0;0;0;0;0;0;0;0;0;0;0;0;0;0;0;0;0;0;0;0;0;0;0;0;0;0;0;0;0;0;0;0;0;0;0;0;0;0;0;0;0;30;33;20;45;30;29;20;45;30;33;20;45;30;29;20;45;200;142;100;300;200;140;100;300;200;141;100;300;200;140;100;300;30;32;20;45;30;29;20;45;30;31;20;45;30;29;20;45;200;144;100;300;200;143;100;300;200;243;100;300;200;244;100;300;4;2;0.4;6;4;5;0.4;6;4;2;0.4;6;4;5;0.4;6;4;2;0.4;6;4;5;0.4;6;4;2;0.4;6;4;5;0.4;6;NOK;NOK;OK;7000;7100;6500;8100;OK;4.98;0;8;12;NOK;N/A;1.5;N/A;N/A;N/A;9;12.4;7;18;OK;;0;0;0;-;Disabled;TempOk;2;230;43.5;44.7;0;0;349.9;441345100 daimler 1500 1900;441345100 daimler 1500 1900;441345100 Daimler 1500 1900
20260320_22:55:33;10015;3;2;950;940;925;975;OK;950;951.6;925;975;OK;951.5;951.8;-20;-14.9;-50;-25;NOK;-20;-14.9;-50;-25;NOK;-13.9;-15.1;0;-20;-14.9;-50;-25;NOK;300;311;300;500;OK;0;0;N/A;N/A;N/A;N/A;N/A;N/A;N/A;N/A;N/A;N/A;N/A;N/A;N/A;N/A;N/A;N/A;N/A;N/A;N/A;N/A;N/A;N/A;N/A;N/A;N/A;N/A;N/A;N/A;N/A;N/A;N/A;N/A;N/A;N/A;N/A;N/A;N/A;N/A;N/A;N/A;N/A;N/A;N/A;N/A;N/A;N/A;N/A;N/A;N/A;N/A;N/A;N/A;N/A;N/A;N/A;N/A;N/A;N/A;N/A;N/A;N/A;N/A;N/A;N/A;N/A;N/A;N/A;N/A;N/A;N/A;N/A;N/A;N/A;N/A;N/A;N/A;N/A;N/A;N/A;N/A;N/A;N/A;N/A;N/A;N/A;N/A;N/A;N/A;N/A;N/A;N/A;N/A;N/A;N/A;N/A;N/A;N/A;N/A;;0;323.9;0;0;;Disabled;TempStop;2;700;327.6;276.2;0;0;599.9;549.9;Enabled;PosOk;2;0;0;0;0;0;15;Disabled;0;0;0;0;0;0;0;0;0;0;0;0;0;0;0;0;0;0;0;0;0;0;0;0;0;0;0;0;0;0;0;0;0;0;0;0;0;0;0;0;0;0;0;0;0;0;0;0;0;0;0;0;0;0;0;0;0;0;0;0;0;0;0;0;0;0;0;0;0;0;30;33;20;45;30;29;20;45;30;33;20;45;30;29;20;45;200;142;100;300;200;140;100;300;200;140;100;300;200;140;100;300;30;32;20;45;30;29;20;45;30;31;20;45;30;29;20;45;200;144;100;300;200;142;100;300;200;242;100;300;200;244;100;300;4;2;0.4;6;4;5;0.4;6;4;2;0.4;6;4;5;0.4;6;4;2;0.4;6;4;5;0.4;6;4;2;0.4;6;4;5;0.4;6;NOK;NOK;OK;7000;7088;6500;8100;OK;4.98;0;8;12;NOK;N/A;1.5;N/A;N/A;N/A;9;12.4;7;18;OK;;0;0;0;-;Disabled;TempOk;2;230;42.9;43.5;0;0;349.9;441345100 daimler 1500 1900;441345100 daimler 1500 1900;441345100 Daimler 1500 1900
20260320_22:55:51;10016;4;3;950;945.4;925;975;OK;950;954.8;925;975;OK;954.4;954.8;-15;-13.7;-50;-5;OK;-15;-18.7;-50;-5;OK;-18.8;-19.3;0;-15;-13.7;-50;-5;OK;300;311;300;500;OK;16.2;16.81;N/A;N/A;N/A;N/A;N/A;N/A;N/A;N/A;N/A;N/A;N/A;N/A;N/A;N/A;N/A;N/A;N/A;N/A;N/A;N/A;N/A;N/A;N/A;N/A;N/A;N/A;N/A;N/A;N/A;N/A;N/A;N/A;N/A;N/A;N/A;N/A;N/A;N/A;N/A;N/A;N/A;N/A;N/A;N/A;N/A;N/A;N/A;N/A;N/A;N/A;N/A;N/A;N/A;N/A;N/A;N/A;N/A;N/A;N/A;N/A;N/A;N/A;N/A;N/A;N/A;N/A;N/A;N/A;N/A;N/A;N/A;N/A;N/A;N/A;N/A;N/A;N/A;N/A;N/A;N/A;N/A;N/A;N/A;N/A;N/A;N/A;N/A;N/A;N/A;N/A;N/A;N/A;N/A;N/A;N/A;N/A;N/A;N/A;;0;321.9;0;0;;Disabled;TempStop;2;700;325.6;275.7;0;0;599.9;549.9;Enabled;PosOk;2;0;0;0;0;0;15;Disabled;0;0;0;0;0;0;0;0;0;0;0;0;0;0;0;0;0;0;0;0;0;0;0;0;0;0;0;0;0;0;0;0;0;0;0;0;0;0;0;0;0;0;0;0;0;0;0;0;0;0;0;0;0;0;0;0;0;0;0;0;0;0;0;0;0;0;0;0;0;0;30;33;20;45;30;29;20;45;30;33;20;45;30;29;20;45;200;143;100;300;200;140;100;300;200;141;100;300;200;141;100;300;30;32;20;45;30;29;20;45;30;31;20;45;30;29;20;45;200;144;100;300;200;143;100;300;200;243;100;300;200;244;100;300;4;2;0.4;6;4;5;0.4;6;4;2;0.4;6;4;5;0.4;6;4;2;0.4;6;4;5;0.4;6;4;2;0.4;6;4;5;0.4;6;NOK;NOK;OK;7000;7096;6500;8100;OK;4.98;0;8;12;NOK;N/A;1.5;N/A;N/A;N/A;9;12.4;7;18;OK;;0;0;0;-;Disabled;TempOk;2;230;42.7;44.2;0;0;349.9;441345100 daimler 1500 1900;441345100 daimler 1500 1900;441345100 Daimler 1500 1900
20260320_22:56:09;10017;1;3;950;940.3;925;975;OK;950;951.6;925;975;OK;951.5;951.6;-20;-12.3;-50;-25;NOK;-20;-12.6;-50;-25;NOK;-15.5;-15.2;0;-20;-12.2;-50;-25;NOK;300;311;300;500;OK;0;0;N/A;N/A;N/A;N/A;N/A;N/A;N/A;N/A;N/A;N/A;N/A;N/A;N/A;N/A;N/A;N/A;N/A;N/A;N/A;N/A;N/A;N/A;N/A;N/A;N/A;N/A;N/A;N/A;N/A;N/A;N/A;N/A;N/A;N/A;N/A;N/A;N/A;N/A;N/A;N/A;N/A;N/A;N/A;N/A;N/A;N/A;N/A;N/A;N/A;N/A;N/A;N/A;N/A;N/A;N/A;N/A;N/A;N/A;N/A;N/A;N/A;N/A;N/A;N/A;N/A;N/A;N/A;N/A;N/A;N/A;N/A;N/A;N/A;N/A;N/A;N/A;N/A;N/A;N/A;N/A;N/A;N/A;N/A;N/A;N/A;N/A;N/A;N/A;N/A;N/A;N/A;N/A;N/A;N/A;N/A;N/A;N/A;N/A;;0;323.8;0;0;;Disabled;TempStop;2;700;327.5;277.5;0;0;599.9;549.9;Enabled;PosOk;2;0;0;0;0;0;15;Disabled;0;0;0;0;0;0;0;0;0;0;0;0;0;0;0;0;0;0;0;0;0;0;0;0;0;0;0;0;0;0;0;0;0;0;0;0;0;0;0;0;0;0;0;0;0;0;0;0;0;0;0;0;0;0;0;0;0;0;0;0;0;0;0;0;0;0;0;0;0;0;30;33;20;45;30;29;20;45;30;33;20;45;30;29;20;45;200;142;100;300;200;140;100;300;200;141;100;300;200;141;100;300;30;32;20;45;30;30;20;45;30;31;20;45;30;30;20;45;200;144;100;300;200;143;100;300;200;243;100;300;200;244;100;300;4;2;0.4;6;4;5;0.4;6;4;2;0.4;6;4;5;0.4;6;4;2;0.4;6;4;5;0.4;6;4;2;0.4;6;4;5;0.4;6;NOK;NOK;OK;7000;7090;6500;8100;OK;4.98;0;8;12;NOK;N/A;1.5;N/A;N/A;N/A;9;11.9;7;18;OK;;0;0;0;-;Disabled;TempOk;2;230;42.7;42.9;0;0;349.9;441345100 daimler 1500 1900;441345100 daimler 1500 1900;441345100 Daimler 1500 1900
20260320_22:56:27;10018;2;1;950;940.7;925;975;OK;950;951.2;925;975;OK;951.1;951.1;-15;-20;-50;-20;NOK;-15;-18.5;-50;-20;NOK;-15.9;-17.1;0;-15;-20.1;-50;-20;OK;300;311;300;500;OK;0;0;N/A;N/A;N/A;N/A;N/A;N/A;N/A;N/A;N/A;N/A;N/A;N/A;N/A;N/A;N/A;N/A;N/A;N/A;N/A;N/A;N/A;N/A;N/A;N/A;N/A;N/A;N/A;N/A;N/A;N/A;N/A;N/A;N/A;N/A;N/A;N/A;N/A;N/A;N/A;N/A;N/A;N/A;N/A;N/A;N/A;N/A;N/A;N/A;N/A;N/A;N/A;N/A;N/A;N/A;N/A;N/A;N/A;N/A;N/A;N/A;N/A;N/A;N/A;N/A;N/A;N/A;N/A;N/A;N/A;N/A;N/A;N/A;N/A;N/A;N/A;N/A;N/A;N/A;N/A;N/A;N/A;N/A;N/A;N/A;N/A;N/A;N/A;N/A;N/A;N/A;N/A;N/A;N/A;N/A;N/A;N/A;N/A;N/A;;0;323.9;0;0;;Disabled;TempStop;2;700;327.7;277.2;0;0;599.9;549.9;Enabled;PosOk;2;0;0;0;0;0;15;Disabled;0;0;0;0;0;0;0;0;0;0;0;0;0;0;0;0;0;0;0;0;0;0;0;0;0;0;0;0;0;0;0;0;0;0;0;0;0;0;0;0;0;0;0;0;0;0;0;0;0;0;0;0;0;0;0;0;0;0;0;0;0;0;0;0;0;0;0;0;0;0;30;33;20;45;30;30;20;45;30;33;20;45;30;30;20;45;200;142;100;300;200;140;100;300;200;140;100;300;200;141;100;300;30;33;20;45;30;30;20;45;30;31;20;45;30;30;20;45;200;145;100;300;200;142;100;300;200;243;100;300;200;244;100;300;4;2;0.4;6;4;5;0.4;6;4;2;0.4;6;4;5;0.4;6;4;2;0.4;6;4;5;0.4;6;4;2;0.4;6;4;5;0.4;6;NOK;NOK;OK;7000;7098;6500;8100;OK;4.99;0;8;12;NOK;N/A;1.5;N/A;N/A;N/A;9;11.8;7;18;OK;;0;0;0;-;Disabled;TempOk;2;230;42.4;42.7;0;0;349.9;441345100 daimler 1500 1900;441345100 daimler 1500 1900;441345100 Daimler 1500 1900
20260320_22:56:45;10019;3;3;950;940.1;925;975;OK;950;951.4;925;975;OK;951.5;951.5;-20;-14.8;-50;-25;NOK;-20;-14.3;-50;-25;NOK;-12.5;-13.6;0;-20;-14.7;-50;-25;NOK;300;311;300;500;OK;0;0;N/A;N/A;N/A;N/A;N/A;N/A;N/A;N/A;N/A;N/A;N/A;N/A;N/A;N/A;N/A;N/A;N/A;N/A;N/A;N/A;N/A;N/A;N/A;N/A;N/A;N/A;N/A;N/A;N/A;N/A;N/A;N/A;N/A;N/A;N/A;N/A;N/A;N/A;N/A;N/A;N/A;N/A;N/A;N/A;N/A;N/A;N/A;N/A;N/A;N/A;N/A;N/A;N/A;N/A;N/A;N/A;N/A;N/A;N/A;N/A;N/A;N/A;N/A;N/A;N/A;N/A;N/A;N/A;N/A;N/A;N/A;N/A;N/A;N/A;N/A;N/A;N/A;N/A;N/A;N/A;N/A;N/A;N/A;N/A;N/A;N/A;N/A;N/A;N/A;N/A;N/A;N/A;N/A;N/A;N/A;N/A;N/A;N/A;;0;322.5;0;0;;Disabled;TempStop;2;700;326.1;275.7;0;0;599.9;549.9;Enabled;PosOk;2;0;0;0;0;0;15;Disabled;0;0;0;0;0;0;0;0;0;0;0;0;0;0;0;0;0;0;0;0;0;0;0;0;0;0;0;0;0;0;0;0;0;0;0;0;0;0;0;0;0;0;0;0;0;0;0;0;0;0;0;0;0;0;0;0;0;0;0;0;0;0;0;0;0;0;0;0;0;0;30;33;20;45;30;30;20;45;30;33;20;45;30;29;20;45;200;142;100;300;200;140;100;300;200;141;100;300;200;140;100;300;30;32;20;45;30;29;20;45;30;31;20;45;30;30;20;45;200;144;100;300;200;143;100;300;200;243;100;300;200;244;100;300;4;2;0.4;6;4;5;0.4;6;4;2;0.4;6;4;5;0.4;6;4;2;0.4;6;4;5;0.4;6;4;2;0.4;6;4;5;0.4;6;NOK;NOK;OK;7000;7103;6500;8100;OK;4.98;0;8;12;NOK;N/A;1.5;N/A;N/A;N/A;9;11.9;7;18;OK;;0;0;0;-;Disabled;TempOk;2;230;42.9;43.7;0;0;349.9;441345100 daimler 1500 1900;441345100 daimler 1500 1900;441345100 Daimler 1500 1900
20260320_22:57:03;10020;2;4;950;940.7;925;975;OK;950;950.9;925;975;OK;951;951;-15;-25.8;-50;-20;OK;-15;-24.1;-50;-20;OK;-20;-21.8;0;-15;-26;-50;-20;OK;300;311;300;500;OK;0;0;N/A;N/A;N/A;N/A;N/A;N/A;N/A;N/A;N/A;N/A;N/A;N/A;N/A;N/A;N/A;N/A;N/A;N/A;N/A;N/A;N/A;N/A;N/A;N/A;N/A;N/A;N/A;N/A;N/A;N/A;N/A;N/A;N/A;N/A;N/A;N/A;N/A;N/A;N/A;N/A;N/A;N/A;N/A;N/A;N/A;N/A;N/A;N/A;N/A;N/A;N/A;N/A;N/A;N/A;N/A;N/A;N/A;N/A;N/A;N/A;N/A;N/A;N/A;N/A;N/A;N/A;N/A;N/A;N/A;N/A;N/A;N/A;N/A;N/A;N/A;N/A;N/A;N/A;N/A;N/A;N/A;N/A;N/A;N/A;N/A;N/A;N/A;N/A;N/A;N/A;N/A;N/A;N/A;N/A;N/A;N/A;N/A;N/A;;0;324.9;0;0;;Disabled;TempStop;2;700;328.7;277.7;0;0;599.9;549.9;Enabled;PosOk;2;0;0;0;0;0;15;Disabled;0;0;0;0;0;0;0;0;0;0;0;0;0;0;0;0;0;0;0;0;0;0;0;0;0;0;0;0;0;0;0;0;0;0;0;0;0;0;0;0;0;0;0;0;0;0;0;0;0;0;0;0;0;0;0;0;0;0;0;0;0;0;0;0;0;0;0;0;0;0;30;33;20;45;30;30;20;45;30;33;20;45;30;30;20;45;200;142;100;300;200;140;100;300;200;141;100;300;200;141;100;300;30;32;20;45;30;29;20;45;30;31;20;45;30;30;20;45;200;144;100;300;200;143;100;300;200;242;100;300;200;244;100;300;4;2;0.4;6;4;5;0.4;6;4;2;0.4;6;4;5;0.4;6;4;2;0.4;6;4;5;0.4;6;4;2;0.4;6;4;5;0.4;6;NOK;NOK;OK;7000;7096;6500;8100;OK;4.98;0;8;12;NOK;N/A;1.5;N/A;N/A;N/A;9;11.7;7;18;OK;;0;0;0;-;Disabled;TempOk;2;230;42.7;43.7;0;0;349.9;441345100 daimler 1500 1900;441345100 daimler 1500 1900;441345100 Daimler 1500 1900
20260320_22:57:21;10021;1;4;950;940.7;925;975;OK;950;950.7;925;975;OK;950.8;950.8;-20;-10.6;-50;-25;NOK;-20;-11;-50;-25;NOK;-13.8;-13.5;0;-20;-10.4;-50;-25;NOK;300;311;300;500;OK;0;0;N/A;N/A;N/A;N/A;N/A;N/A;N/A;N/A;N/A;N/A;N/A;N/A;N/A;N/A;N/A;N/A;N/A;N/A;N/A;N/A;N/A;N/A;N/A;N/A;N/A;N/A;N/A;N/A;N/A;N/A;N/A;N/A;N/A;N/A;N/A;N/A;N/A;N/A;N/A;N/A;N/A;N/A;N/A;N/A;N/A;N/A;N/A;N/A;N/A;N/A;N/A;N/A;N/A;N/A;N/A;N/A;N/A;N/A;N/A;N/A;N/A;N/A;N/A;N/A;N/A;N/A;N/A;N/A;N/A;N/A;N/A;N/A;N/A;N/A;N/A;N/A;N/A;N/A;N/A;N/A;N/A;N/A;N/A;N/A;N/A;N/A;N/A;N/A;N/A;N/A;N/A;N/A;N/A;N/A;N/A;N/A;N/A;N/A;;0;322.4;0;0;;Disabled;TempStop;2;700;326.1;275.8;0;0;599.9;549.9;Enabled;PosOk;2;0;0;0;0;0;15;Disabled;0;0;0;0;0;0;0;0;0;0;0;0;0;0;0;0;0;0;0;0;0;0;0;0;0;0;0;0;0;0;0;0;0;0;0;0;0;0;0;0;0;0;0;0;0;0;0;0;0;0;0;0;0;0;0;0;0;0;0;0;0;0;0;0;0;0;0;0;0;0;30;33;20;45;30;30;20;45;30;33;20;45;30;30;20;45;200;142;100;300;200;140;100;300;200;141;100;300;200;141;100;300;30;32;20;45;30;30;20;45;30;31;20;45;30;30;20;45;200;144;100;300;200;143;100;300;200;243;100;300;200;244;100;300;4;2;0.4;6;4;5;0.4;6;4;2;0.4;6;4;5;0.4;6;4;2;0.4;6;4;5;0.4;6;4;2;0.4;6;4;5;0.4;6;NOK;NOK;OK;7000;7096;6500;8100;OK;4.98;0;8;12;NOK;N/A;1.5;N/A;N/A;N/A;9;11.7;7;18;OK;;0;0;0;-;Disabled;TempOk;2;230;42.9;43.3;0;0;349.9;441345100 daimler 1500 1900;441345100 daimler 1500 1900;441345100 Daimler 1500 1900
20260320_22:57:39;10022;4;4;950;929.2;925;975;OK;950;954.4;925;975;OK;954.1;954.2;-15;-10.1;-50;-5;OK;-15;-9.5;-50;-5;OK;-13.7;-10.1;0;-15;-10.4;-50;-5;OK;300;311;300;500;OK;16.46;16.99;N/A;N/A;N/A;N/A;N/A;N/A;N/A;N/A;N/A;N/A;N/A;N/A;N/A;N/A;N/A;N/A;N/A;N/A;N/A;N/A;N/A;N/A;N/A;N/A;N/A;N/A;N/A;N/A;N/A;N/A;N/A;N/A;N/A;N/A;N/A;N/A;N/A;N/A;N/A;N/A;N/A;N/A;N/A;N/A;N/A;N/A;N/A;N/A;N/A;N/A;N/A;N/A;N/A;N/A;N/A;N/A;N/A;N/A;N/A;N/A;N/A;N/A;N/A;N/A;N/A;N/A;N/A;N/A;N/A;N/A;N/A;N/A;N/A;N/A;N/A;N/A;N/A;N/A;N/A;N/A;N/A;N/A;N/A;N/A;N/A;N/A;N/A;N/A;N/A;N/A;N/A;N/A;N/A;N/A;N/A;N/A;N/A;N/A;;0;322.6;0;0;;Disabled;TempStop;2;700;326.5;275.8;0;0;599.9;549.9;Enabled;PosOk;2;0;0;0;0;0;15;Disabled;0;0;0;0;0;0;0;0;0;0;0;0;0;0;0;0;0;0;0;0;0;0;0;0;0;0;0;0;0;0;0;0;0;0;0;0;0;0;0;0;0;0;0;0;0;0;0;0;0;0;0;0;0;0;0;0;0;0;0;0;0;0;0;0;0;0;0;0;0;0;30;33;20;45;30;30;20;45;30;33;20;45;30;30;20;45;200;141;100;300;200;140;100;300;200;140;100;300;200;140;100;300;30;33;20;45;30;30;20;45;30;32;20;45;30;30;20;45;200;144;100;300;200;143;100;300;200;242;100;300;200;243;100;300;4;2;0.4;6;4;5;0.4;6;4;2;0.4;6;4;5;0.4;6;4;2;0.4;6;4;5;0.4;6;4;2;0.4;6;4;5;0.4;6;NOK;NOK;OK;7000;7092;6500;8100;OK;4.98;0;8;12;NOK;N/A;1.5;N/A;N/A;N/A;9;11.7;7;18;OK;;0;0;0;-;Disabled;TempOk;2;230;43.1;43.5;0;0;349.9;441345100 daimler 1500 1900;441345100 daimler 1500 1900;441345100 Daimler 1500 1900
20260320_22:57:57;10023;3;4;950;941.1;925;975;OK;950;951.5;925;975;OK;951.3;951.5;-20;-12.8;-50;-25;NOK;-20;-13.4;-50;-25;NOK;-16.6;-16.2;0;-20;-12.6;-50;-25;NOK;300;311;300;500;OK;0;0;N/A;N/A;N/A;N/A;N/A;N/A;N/A;N/A;N/A;N/A;N/A;N/A;N/A;N/A;N/A;N/A;N/A;N/A;N/A;N/A;N/A;N/A;N/A;N/A;N/A;N/A;N/A;N/A;N/A;N/A;N/A;N/A;N/A;N/A;N/A;N/A;N/A;N/A;N/A;N/A;N/A;N/A;N/A;N/A;N/A;N/A;N/A;N/A;N/A;N/A;N/A;N/A;N/A;N/A;N/A;N/A;N/A;N/A;N/A;N/A;N/A;N/A;N/A;N/A;N/A;N/A;N/A;N/A;N/A;N/A;N/A;N/A;N/A;N/A;N/A;N/A;N/A;N/A;N/A;N/A;N/A;N/A;N/A;N/A;N/A;N/A;N/A;N/A;N/A;N/A;N/A;N/A;N/A;N/A;N/A;N/A;N/A;N/A;;0;322.8;0;0;;Disabled;TempStop;2;700;326.6;276.3;0;0;599.9;549.9;Enabled;PosOk;2;0;0;0;0;0;15;Disabled;0;0;0;0;0;0;0;0;0;0;0;0;0;0;0;0;0;0;0;0;0;0;0;0;0;0;0;0;0;0;0;0;0;0;0;0;0;0;0;0;0;0;0;0;0;0;0;0;0;0;0;0;0;0;0;0;0;0;0;0;0;0;0;0;0;0;0;0;0;0;30;33;20;45;30;30;20;45;30;33;20;45;30;30;20;45;200;142;100;300;200;140;100;300;200;141;100;300;200;141;100;300;30;33;20;45;30;30;20;45;30;32;20;45;30;30;20;45;200;144;100;300;200;143;100;300;200;243;100;300;200;244;100;300;4;2;0.4;6;4;5;0.4;6;4;2;0.4;6;4;5;0.4;6;4;2;0.4;6;4;5;0.4;6;4;3;0.4;6;4;5;0.4;6;NOK;NOK;OK;7000;7104;6500;8100;OK;4.98;0;8;12;NOK;N/A;1.5;N/A;N/A;N/A;9;11.7;7;18;OK;;0;0;0;-;Disabled;TempOk;2;230;42.9;43.1;0;0;349.9;441345100 daimler 1500 1900;441345100 daimler 1500 1900;441345100 Daimler 1500 1900
20260320_22:58:15;10024;2;5;950;937.7;925;975;OK;950;943;925;975;OK;945.5;944;-15;-20.6;-50;-20;OK;-15;-20.5;-50;-20;OK;-18.6;-19.9;0;-15;-20.5;-50;-20;OK;300;311;300;500;OK;0;0;N/A;N/A;N/A;N/A;N/A;N/A;N/A;N/A;N/A;N/A;N/A;N/A;N/A;N/A;N/A;N/A;N/A;N/A;N/A;N/A;N/A;N/A;N/A;N/A;N/A;N/A;N/A;N/A;N/A;N/A;N/A;N/A;N/A;N/A;N/A;N/A;N/A;N/A;N/A;N/A;N/A;N/A;N/A;N/A;N/A;N/A;N/A;N/A;N/A;N/A;N/A;N/A;N/A;N/A;N/A;N/A;N/A;N/A;N/A;N/A;N/A;N/A;N/A;N/A;N/A;N/A;N/A;N/A;N/A;N/A;N/A;N/A;N/A;N/A;N/A;N/A;N/A;N/A;N/A;N/A;N/A;N/A;N/A;N/A;N/A;N/A;N/A;N/A;N/A;N/A;N/A;N/A;N/A;N/A;N/A;N/A;N/A;N/A;;0;323.3;0;0;;Disabled;TempStop;2;700;327.2;276.2;0;0;599.9;549.9;Enabled;PosOk;2;0;0;0;0;0;15;Disabled;0;0;0;0;0;0;0;0;0;0;0;0;0;0;0;0;0;0;0;0;0;0;0;0;0;0;0;0;0;0;0;0;0;0;0;0;0;0;0;0;0;0;0;0;0;0;0;0;0;0;0;0;0;0;0;0;0;0;0;0;0;0;0;0;0;0;0;0;0;0;30;33;20;45;30;30;20;45;30;34;20;45;30;30;20;45;200;142;100;300;200;140;100;300;200;141;100;300;200;140;100;300;30;33;20;45;30;30;20;45;30;31;20;45;30;29;20;45;200;144;100;300;200;143;100;300;200;243;100;300;200;243;100;300;4;2;0.4;6;4;5;0.4;6;4;2;0.4;6;4;5;0.4;6;4;2;0.4;6;4;5;0.4;6;4;2;0.4;6;4;5;0.4;6;NOK;NOK;OK;7000;7105;6500;8100;OK;4.98;0;8;12;NOK;N/A;1.5;N/A;N/A;N/A;9;11.5;7;18;OK;;0;0;0;-;Disabled;TempOk;2;230;42.7;42.9;0;0;349.9;441345100 daimler 1500 1900;441345100 daimler 1500 1900;441345100 Daimler 1500 1900
20260320_22:58:33;10025;3;5;950;943.3;925;975;OK;950;951.1;925;975;OK;951;951.2;-20;-17.2;-50;-25;NOK;-20;-17;-50;-25;NOK;-17.1;-17.6;0;-20;-16.9;-50;-25;NOK;300;311;300;500;OK;0;0;N/A;N/A;N/A;N/A;N/A;N/A;N/A;N/A;N/A;N/A;N/A;N/A;N/A;N/A;N/A;N/A;N/A;N/A;N/A;N/A;N/A;N/A;N/A;N/A;N/A;N/A;N/A;N/A;N/A;N/A;N/A;N/A;N/A;N/A;N/A;N/A;N/A;N/A;N/A;N/A;N/A;N/A;N/A;N/A;N/A;N/A;N/A;N/A;N/A;N/A;N/A;N/A;N/A;N/A;N/A;N/A;N/A;N/A;N/A;N/A;N/A;N/A;N/A;N/A;N/A;N/A;N/A;N/A;N/A;N/A;N/A;N/A;N/A;N/A;N/A;N/A;N/A;N/A;N/A;N/A;N/A;N/A;N/A;N/A;N/A;N/A;N/A;N/A;N/A;N/A;N/A;N/A;N/A;N/A;N/A;N/A;N/A;N/A;;0;321.8;0;0;;Disabled;TempStop;2;700;325.8;275.8;0;0;599.9;549.9;Enabled;PosOk;2;0;0;0;0;0;15;Disabled;0;0;0;0;0;0;0;0;0;0;0;0;0;0;0;0;0;0;0;0;0;0;0;0;0;0;0;0;0;0;0;0;0;0;0;0;0;0;0;0;0;0;0;0;0;0;0;0;0;0;0;0;0;0;0;0;0;0;0;0;0;0;0;0;0;0;0;0;0;0;30;33;20;45;30;29;20;45;30;33;20;45;30;29;20;45;200;142;100;300;200;140;100;300;200;141;100;300;200;140;100;300;30;32;20;45;30;29;20;45;30;31;20;45;30;29;20;45;200;144;100;300;200;143;100;300;200;243;100;300;200;244;100;300;4;2;0.4;6;4;5;0.4;6;4;2;0.4;6;4;5;0.4;6;4;2;0.4;6;4;5;0.4;6;4;2;0.4;6;4;5;0.4;6;NOK;NOK;OK;7000;7107;6500;8100;OK;4.98;0;8;12;NOK;N/A;1.5;N/A;N/A;N/A;9;11.6;7;18;OK;;0;0;0;-;Disabled;TempOk;2;230;42.2;43.1;0;0;349.9;441345100 daimler 1500 1900;441345100 daimler 1500 1900;441345100 Daimler 1500 1900
20260320_22:58:51;10026;4;5;950;930.8;925;975;OK;950;950.3;925;975;OK;950;950.4;-15;-14;-50;-5;OK;-15;-14.7;-50;-5;OK;-14.7;-14.7;0;-15;-14;-50;-5;OK;300;311;300;500;OK;16.59;17.07;N/A;N/A;N/A;N/A;N/A;N/A;N/A;N/A;N/A;N/A;N/A;N/A;N/A;N/A;N/A;N/A;N/A;N/A;N/A;N/A;N/A;N/A;N/A;N/A;N/A;N/A;N/A;N/A;N/A;N/A;N/A;N/A;N/A;N/A;N/A;N/A;N/A;N/A;N/A;N/A;N/A;N/A;N/A;N/A;N/A;N/A;N/A;N/A;N/A;N/A;N/A;N/A;N/A;N/A;N/A;N/A;N/A;N/A;N/A;N/A;N/A;N/A;N/A;N/A;N/A;N/A;N/A;N/A;N/A;N/A;N/A;N/A;N/A;N/A;N/A;N/A;N/A;N/A;N/A;N/A;N/A;N/A;N/A;N/A;N/A;N/A;N/A;N/A;N/A;N/A;N/A;N/A;N/A;N/A;N/A;N/A;N/A;N/A;;0;323.3;0;0;;Disabled;TempStop;2;700;327.4;276.9;0;0;599.9;549.9;Enabled;PosOk;2;0;0;0;0;0;15;Disabled;0;0;0;0;0;0;0;0;0;0;0;0;0;0;0;0;0;0;0;0;0;0;0;0;0;0;0;0;0;0;0;0;0;0;0;0;0;0;0;0;0;0;0;0;0;0;0;0;0;0;0;0;0;0;0;0;0;0;0;0;0;0;0;0;0;0;0;0;0;0;30;33;20;45;30;29;20;45;30;33;20;45;30;29;20;45;200;142;100;300;200;140;100;300;200;141;100;300;200;140;100;300;30;32;20;45;30;29;20;45;30;31;20;45;30;29;20;45;200;144;100;300;200;143;100;300;200;243;100;300;200;243;100;300;4;2;0.4;6;4;5;0.4;6;4;2;0.4;6;4;5;0.4;6;4;2;0.4;6;4;5;0.4;6;4;2;0.4;6;4;5;0.4;6;NOK;NOK;OK;7000;7091;6500;8100;OK;4.98;0;8;12;NOK;N/A;1.5;N/A;N/A;N/A;9;11.5;7;18;OK;;0;0;0;-;Disabled;TempOk;2;230;42.9;43.1;0;0;349.9;441345100 daimler 1500 1900;441345100 daimler 1500 1900;441345100 Daimler 1500 1900
20260320_22:59:09;10027;1;1;950;940.5;925;975;OK;950;951.1;925;975;OK;951;951.2;-20;-15.3;-50;-25;NOK;-20;-15.2;-50;-25;NOK;-13.6;-14.3;0;-20;-15.3;-50;-25;NOK;300;311;300;500;OK;0;0;N/A;N/A;N/A;N/A;N/A;N/A;N/A;N/A;N/A;N/A;N/A;N/A;N/A;N/A;N/A;N/A;N/A;N/A;N/A;N/A;N/A;N/A;N/A;N/A;N/A;N/A;N/A;N/A;N/A;N/A;N/A;N/A;N/A;N/A;N/A;N/A;N/A;N/A;N/A;N/A;N/A;N/A;N/A;N/A;N/A;N/A;N/A;N/A;N/A;N/A;N/A;N/A;N/A;N/A;N/A;N/A;N/A;N/A;N/A;N/A;N/A;N/A;N/A;N/A;N/A;N/A;N/A;N/A;N/A;N/A;N/A;N/A;N/A;N/A;N/A;N/A;N/A;N/A;N/A;N/A;N/A;N/A;N/A;N/A;N/A;N/A;N/A;N/A;N/A;N/A;N/A;N/A;N/A;N/A;N/A;N/A;N/A;N/A;;0;324.2;0;0;;Disabled;TempStop;2;700;328.1;278;0;0;599.9;549.9;Enabled;PosOk;2;0;0;0;0;0;15;Disabled;0;0;0;0;0;0;0;0;0;0;0;0;0;0;0;0;0;0;0;0;0;0;0;0;0;0;0;0;0;0;0;0;0;0;0;0;0;0;0;0;0;0;0;0;0;0;0;0;0;0;0;0;0;0;0;0;0;0;0;0;0;0;0;0;0;0;0;0;0;0;30;33;20;45;30;29;20;45;30;33;20;45;30;30;20;45;200;142;100;300;200;140;100;300;200;141;100;300;200;141;100;300;30;32;20;45;30;29;20;45;30;31;20;45;30;30;20;45;200;144;100;300;200;143;100;300;200;243;100;300;200;244;100;300;4;2;0.4;6;4;5;0.4;6;4;2;0.4;6;4;5;0.4;6;4;2;0.4;6;4;5;0.4;6;4;2;0.4;6;4;5;0.4;6;NOK;NOK;OK;7000;7104;6500;8100;OK;4.98;0;8;12;NOK;N/A;1.5;N/A;N/A;N/A;9;11.5;7;18;OK;;0;0;0;-;Disabled;TempOk;2;230;42.4;44.2;0;0;349.9;441345100 daimler 1500 1900;441345100 daimler 1500 1900;441345100 Daimler 1500 1900
20260320_22:59:27;10028;4;1;950;941.8;925;975;OK;950;950;925;975;OK;954.7;952.3;-15;-20.1;-50;-5;OK;-15;-8.6;-50;-5;OK;-11.1;-9.3;0;-15;-20.1;-50;-5;OK;300;311;300;500;OK;16.64;17.11;N/A;N/A;N/A;N/A;N/A;N/A;N/A;N/A;N/A;N/A;N/A;N/A;N/A;N/A;N/A;N/A;N/A;N/A;N/A;N/A;N/A;N/A;N/A;N/A;N/A;N/A;N/A;N/A;N/A;N/A;N/A;N/A;N/A;N/A;N/A;N/A;N/A;N/A;N/A;N/A;N/A;N/A;N/A;N/A;N/A;N/A;N/A;N/A;N/A;N/A;N/A;N/A;N/A;N/A;N/A;N/A;N/A;N/A;N/A;N/A;N/A;N/A;N/A;N/A;N/A;N/A;N/A;N/A;N/A;N/A;N/A;N/A;N/A;N/A;N/A;N/A;N/A;N/A;N/A;N/A;N/A;N/A;N/A;N/A;N/A;N/A;N/A;N/A;N/A;N/A;N/A;N/A;N/A;N/A;N/A;N/A;N/A;N/A;;0;321.7;0;0;;Disabled;TempStop;2;700;325.5;277;0;0;599.9;549.9;Enabled;PosOk;2;0;0;0;0;0;15;Disabled;0;0;0;0;0;0;0;0;0;0;0;0;0;0;0;0;0;0;0;0;0;0;0;0;0;0;0;0;0;0;0;0;0;0;0;0;0;0;0;0;0;0;0;0;0;0;0;0;0;0;0;0;0;0;0;0;0;0;0;0;0;0;0;0;0;0;0;0;0;0;30;33;20;45;30;30;20;45;30;33;20;45;30;30;20;45;200;142;100;300;200;139;100;300;200;141;100;300;200;140;100;300;30;32;20;45;30;30;20;45;30;31;20;45;30;30;20;45;200;144;100;300;200;143;100;300;200;243;100;300;200;244;100;300;4;2;0.4;6;4;5;0.4;6;4;2;0.4;6;4;5;0.4;6;4;2;0.4;6;4;5;0.4;6;4;2;0.4;6;4;5;0.4;6;NOK;NOK;OK;7000;7103;6500;8100;OK;4.98;0;8;12;NOK;N/A;1.5;N/A;N/A;N/A;9;11.6;7;18;OK;;0;0;0;-;Disabled;TempOk;2;230;42.4;43.9;0;0;349.9;441345100 daimler 1500 1900;441345100 daimler 1500 1900;441345100 Daimler 1500 1900
20260320_22:59:45;10029;3;1;950;940.4;925;975;OK;950;951.4;925;975;OK;951.3;951.3;-20;-14.6;-50;-25;NOK;-20;-14;-50;-25;NOK;-11.6;-12.7;0;-20;-14.7;-50;-25;NOK;300;311;300;500;OK;0;0;N/A;N/A;N/A;N/A;N/A;N/A;N/A;N/A;N/A;N/A;N/A;N/A;N/A;N/A;N/A;N/A;N/A;N/A;N/A;N/A;N/A;N/A;N/A;N/A;N/A;N/A;N/A;N/A;N/A;N/A;N/A;N/A;N/A;N/A;N/A;N/A;N/A;N/A;N/A;N/A;N/A;N/A;N/A;N/A;N/A;N/A;N/A;N/A;N/A;N/A;N/A;N/A;N/A;N/A;N/A;N/A;N/A;N/A;N/A;N/A;N/A;N/A;N/A;N/A;N/A;N/A;N/A;N/A;N/A;N/A;N/A;N/A;N/A;N/A;N/A;N/A;N/A;N/A;N/A;N/A;N/A;N/A;N/A;N/A;N/A;N/A;N/A;N/A;N/A;N/A;N/A;N/A;N/A;N/A;N/A;N/A;N/A;N/A;;0;323.7;0;0;;Disabled;TempStop;2;700;327.5;277.2;0;0;599.9;549.9;Enabled;PosOk;2;0;0;0;0;0;15;Disabled;0;0;0;0;0;0;0;0;0;0;0;0;0;0;0;0;0;0;0;0;0;0;0;0;0;0;0;0;0;0;0;0;0;0;0;0;0;0;0;0;0;0;0;0;0;0;0;0;0;0;0;0;0;0;0;0;0;0;0;0;0;0;0;0;0;0;0;0;0;0;30;33;20;45;30;30;20;45;30;33;20;45;30;30;20;45;200;142;100;300;200;140;100;300;200;141;100;300;200;140;100;300;30;32;20;45;30;30;20;45;30;32;20;45;30;30;20;45;200;144;100;300;200;143;100;300;200;243;100;300;200;244;100;300;4;2;0.4;6;4;5;0.4;6;4;2;0.4;6;4;5;0.4;6;4;2;0.4;6;4;5;0.4;6;4;2;0.4;6;4;5;0.4;6;NOK;NOK;OK;7000;7108;6500;8100;OK;4.98;0;8;12;NOK;N/A;1.5;N/A;N/A;N/A;9;12.2;7;18;OK;;0;0;0;-;Disabled;TempOk;2;230;42.9;43.9;0;0;349.9;441345100 daimler 1500 1900;441345100 daimler 1500 1900;441345100 Daimler 1500 1900
20260320_23:00:03;10030;2;2;950;939.9;925;975;OK;950;950.6;925;975;OK;950.5;950.5;-15;-19.2;-50;-20;NOK;-15;-18.6;-50;-20;NOK;-15.5;-16.8;0;-15;-19.3;-50;-20;NOK;300;311;300;500;OK;0;0;N/A;N/A;N/A;N/A;N/A;N/A;N/A;N/A;N/A;N/A;N/A;N/A;N/A;N/A;N/A;N/A;N/A;N/A;N/A;N/A;N/A;N/A;N/A;N/A;N/A;N/A;N/A;N/A;N/A;N/A;N/A;N/A;N/A;N/A;N/A;N/A;N/A;N/A;N/A;N/A;N/A;N/A;N/A;N/A;N/A;N/A;N/A;N/A;N/A;N/A;N/A;N/A;N/A;N/A;N/A;N/A;N/A;N/A;N/A;N/A;N/A;N/A;N/A;N/A;N/A;N/A;N/A;N/A;N/A;N/A;N/A;N/A;N/A;N/A;N/A;N/A;N/A;N/A;N/A;N/A;N/A;N/A;N/A;N/A;N/A;N/A;N/A;N/A;N/A;N/A;N/A;N/A;N/A;N/A;N/A;N/A;N/A;N/A;;0;326.1;0;0;;Disabled;TempStop;2;700;329.9;279.4;0;0;599.9;549.9;Enabled;PosOk;2;0;0;0;0;0;15;Disabled;0;0;0;0;0;0;0;0;0;0;0;0;0;0;0;0;0;0;0;0;0;0;0;0;0;0;0;0;0;0;0;0;0;0;0;0;0;0;0;0;0;0;0;0;0;0;0;0;0;0;0;0;0;0;0;0;0;0;0;0;0;0;0;0;0;0;0;0;0;0;30;33;20;45;30;30;20;45;30;33;20;45;30;30;20;45;200;142;100;300;200;140;100;300;200;141;100;300;200;140;100;300;30;33;20;45;30;30;20;45;30;32;20;45;30;30;20;45;200;144;100;300;200;143;100;300;200;243;100;300;200;244;100;300;4;2;0.4;6;4;5;0.4;6;4;2;0.4;6;4;5;0.4;6;4;2;0.4;6;4;5;0.4;6;4;2;0.4;6;4;5;0.4;6;NOK;NOK;OK;7000;7085;6500;8100;OK;4.98;0;8;12;NOK;N/A;1.5;N/A;N/A;N/A;9;12.2;7;18;OK;;0;0;0;-;Disabled;TempOk;2;230;42.4;43.1;0;0;349.9;441345100 daimler 1500 1900;441345100 daimler 1500 1900;441345100 Daimler 1500 1900
20260320_23:00:21;10031;1;2;950;941.5;925;975;OK;950;951.6;925;975;OK;951.6;951.7;-20;-11.9;-50;-25;NOK;-20;-12.7;-50;-25;NOK;-13.5;-14.4;0;-20;-11.8;-50;-25;NOK;300;311;300;500;OK;0;0;N/A;N/A;N/A;N/A;N/A;N/A;N/A;N/A;N/A;N/A;N/A;N/A;N/A;N/A;N/A;N/A;N/A;N/A;N/A;N/A;N/A;N/A;N/A;N/A;N/A;N/A;N/A;N/A;N/A;N/A;N/A;N/A;N/A;N/A;N/A;N/A;N/A;N/A;N/A;N/A;N/A;N/A;N/A;N/A;N/A;N/A;N/A;N/A;N/A;N/A;N/A;N/A;N/A;N/A;N/A;N/A;N/A;N/A;N/A;N/A;N/A;N/A;N/A;N/A;N/A;N/A;N/A;N/A;N/A;N/A;N/A;N/A;N/A;N/A;N/A;N/A;N/A;N/A;N/A;N/A;N/A;N/A;N/A;N/A;N/A;N/A;N/A;N/A;N/A;N/A;N/A;N/A;N/A;N/A;N/A;N/A;N/A;N/A;;0;324.4;0;0;;Disabled;TempStop;2;700;328.3;278.1;0;0;599.9;549.9;Enabled;PosOk;2;0;0;0;0;0;15;Disabled;0;0;0;0;0;0;0;0;0;0;0;0;0;0;0;0;0;0;0;0;0;0;0;0;0;0;0;0;0;0;0;0;0;0;0;0;0;0;0;0;0;0;0;0;0;0;0;0;0;0;0;0;0;0;0;0;0;0;0;0;0;0;0;0;0;0;0;0;0;0;30;33;20;45;30;30;20;45;30;33;20;45;30;30;20;45;200;142;100;300;200;139;100;300;200;140;100;300;200;140;100;300;30;33;20;45;30;30;20;45;30;32;20;45;30;30;20;45;200;144;100;300;200;143;100;300;200;243;100;300;200;244;100;300;4;2;0.4;6;4;5;0.4;6;4;2;0.4;6;4;5;0.4;6;4;2;0.4;6;4;5;0.4;6;4;2;0.4;6;4;5;0.4;6;NOK;NOK;OK;7000;7094;6500;8100;OK;4.98;0;8;12;NOK;N/A;1.5;N/A;N/A;N/A;9;12.2;7;18;OK;;0;0;0;-;Disabled;TempOk;2;230;42.9;43.7;0;0;349.9;441345100 daimler 1500 1900;441345100 daimler 1500 1900;441345100 Daimler 1500 1900
20260320_23:00:39;10032;4;2;950;943;925;975;OK;950;955.5;925;975;OK;955.6;955.6;-15;-19.6;-50;-5;OK;-15;-12.6;-50;-5;OK;-15.3;-14.5;0;-15;-19.6;-50;-5;OK;300;311;300;500;OK;16.76;17.21;N/A;N/A;N/A;N/A;N/A;N/A;N/A;N/A;N/A;N/A;N/A;N/A;N/A;N/A;N/A;N/A;N/A;N/A;N/A;N/A;N/A;N/A;N/A;N/A;N/A;N/A;N/A;N/A;N/A;N/A;N/A;N/A;N/A;N/A;N/A;N/A;N/A;N/A;N/A;N/A;N/A;N/A;N/A;N/A;N/A;N/A;N/A;N/A;N/A;N/A;N/A;N/A;N/A;N/A;N/A;N/A;N/A;N/A;N/A;N/A;N/A;N/A;N/A;N/A;N/A;N/A;N/A;N/A;N/A;N/A;N/A;N/A;N/A;N/A;N/A;N/A;N/A;N/A;N/A;N/A;N/A;N/A;N/A;N/A;N/A;N/A;N/A;N/A;N/A;N/A;N/A;N/A;N/A;N/A;N/A;N/A;N/A;N/A;;0;323.7;0;0;;Disabled;TempStop;2;700;327.5;276.9;0;0;599.9;549.9;Enabled;PosOk;2;0;0;0;0;0;15;Disabled;0;0;0;0;0;0;0;0;0;0;0;0;0;0;0;0;0;0;0;0;0;0;0;0;0;0;0;0;0;0;0;0;0;0;0;0;0;0;0;0;0;0;0;0;0;0;0;0;0;0;0;0;0;0;0;0;0;0;0;0;0;0;0;0;0;0;0;0;0;0;30;33;20;45;30;30;20;45;30;34;20;45;30;30;20;45;200;141;100;300;200;140;100;300;200;141;100;300;200;140;100;300;30;33;20;45;30;30;20;45;30;32;20;45;30;30;20;45;200;144;100;300;200;143;100;300;200;242;100;300;200;244;100;300;4;2;0.4;6;4;5;0.4;6;4;2;0.4;6;4;5;0.4;6;4;2;0.4;6;4;5;0.4;6;4;2;0.4;6;4;5;0.4;6;NOK;NOK;OK;7000;7098;6500;8100;OK;4.98;0;8;12;NOK;N/A;1.5;N/A;N/A;N/A;9;12.3;7;18;OK;;0;0;0;-;Disabled;TempOk;2;230;42.2;43.7;0;0;349.9;441345100 daimler 1500 1900;441345100 daimler 1500 1900;441345100 Daimler 1500 1900
20260320_23:00:57;10033;3;2;950;940.7;925;975;OK;950;951.7;925;975;OK;951.8;951.8;-20;-14.3;-50;-25;NOK;-20;-14.6;-50;-25;NOK;-13.7;-14.9;0;-20;-14.2;-50;-25;NOK;300;311;300;500;OK;0;0;N/A;N/A;N/A;N/A;N/A;N/A;N/A;N/A;N/A;N/A;N/A;N/A;N/A;N/A;N/A;N/A;N/A;N/A;N/A;N/A;N/A;N/A;N/A;N/A;N/A;N/A;N/A;N/A;N/A;N/A;N/A;N/A;N/A;N/A;N/A;N/A;N/A;N/A;N/A;N/A;N/A;N/A;N/A;N/A;N/A;N/A;N/A;N/A;N/A;N/A;N/A;N/A;N/A;N/A;N/A;N/A;N/A;N/A;N/A;N/A;N/A;N/A;N/A;N/A;N/A;N/A;N/A;N/A;N/A;N/A;N/A;N/A;N/A;N/A;N/A;N/A;N/A;N/A;N/A;N/A;N/A;N/A;N/A;N/A;N/A;N/A;N/A;N/A;N/A;N/A;N/A;N/A;N/A;N/A;N/A;N/A;N/A;N/A;;0;322.1;0;0;;Disabled;TempStop;2;700;326;276.7;0;0;599.9;549.9;Enabled;PosOk;2;0;0;0;0;0;15;Disabled;0;0;0;0;0;0;0;0;0;0;0;0;0;0;0;0;0;0;0;0;0;0;0;0;0;0;0;0;0;0;0;0;0;0;0;0;0;0;0;0;0;0;0;0;0;0;0;0;0;0;0;0;0;0;0;0;0;0;0;0;0;0;0;0;0;0;0;0;0;0;30;33;20;45;30;30;20;45;30;34;20;45;30;30;20;45;200;142;100;300;200;140;100;300;200;141;100;300;200;141;100;300;30;33;20;45;30;30;20;45;30;32;20;45;30;30;20;45;200;144;100;300;200;143;100;300;200;243;100;300;200;244;100;300;4;2;0.4;6;4;5;0.4;6;4;2;0.4;6;4;5;0.4;6;4;2;0.4;6;4;5;0.4;6;4;2;0.4;6;4;5;0.4;6;NOK;NOK;OK;7000;7094;6500;8100;OK;4.99;0;8;12;NOK;N/A;1.5;N/A;N/A;N/A;9;12.4;7;18;OK;;0;0;0;-;Disabled;TempOk;2;230;42.9;43.9;0;0;349.9;441345100 daimler 1500 1900;441345100 daimler 1500 1900;441345100 Daimler 1500 1900
20260320_23:01:15;10034;4;3;950;945.7;925;975;OK;950;952.8;925;975;OK;954;953.7;-15;-18.3;-50;-5;OK;-15;-12.4;-50;-5;OK;-15.3;-14.4;0;-15;-18.3;-50;-5;OK;300;311;300;500;OK;16.82;17.27;N/A;N/A;N/A;N/A;N/A;N/A;N/A;N/A;N/A;N/A;N/A;N/A;N/A;N/A;N/A;N/A;N/A;N/A;N/A;N/A;N/A;N/A;N/A;N/A;N/A;N/A;N/A;N/A;N/A;N/A;N/A;N/A;N/A;N/A;N/A;N/A;N/A;N/A;N/A;N/A;N/A;N/A;N/A;N/A;N/A;N/A;N/A;N/A;N/A;N/A;N/A;N/A;N/A;N/A;N/A;N/A;N/A;N/A;N/A;N/A;N/A;N/A;N/A;N/A;N/A;N/A;N/A;N/A;N/A;N/A;N/A;N/A;N/A;N/A;N/A;N/A;N/A;N/A;N/A;N/A;N/A;N/A;N/A;N/A;N/A;N/A;N/A;N/A;N/A;N/A;N/A;N/A;N/A;N/A;N/A;N/A;N/A;N/A;;0;322.1;0;0;;Disabled;TempStop;2;700;326;276.2;0;0;599.9;549.9;Enabled;PosOk;2;0;0;0;0;0;15;Disabled;0;0;0;0;0;0;0;0;0;0;0;0;0;0;0;0;0;0;0;0;0;0;0;0;0;0;0;0;0;0;0;0;0;0;0;0;0;0;0;0;0;0;0;0;0;0;0;0;0;0;0;0;0;0;0;0;0;0;0;0;0;0;0;0;0;0;0;0;0;0;30;34;20;45;30;30;20;45;30;34;20;45;30;30;20;45;200;142;100;300;200;140;100;300;200;141;100;300;200;141;100;300;30;33;20;45;30;30;20;45;30;32;20;45;30;30;20;45;200;144;100;300;200;143;100;300;200;243;100;300;200;244;100;300;4;2;0.4;6;4;5;0.4;6;4;2;0.4;6;4;5;0.4;6;4;2;0.4;6;4;5;0.4;6;4;2;0.4;6;4;5;0.4;6;NOK;NOK;OK;7000;7090;6500;8100;OK;4.98;0;8;12;NOK;N/A;1.5;N/A;N/A;N/A;9;12;7;18;OK;;0;0;0;-;Disabled;TempOk;2;230;43.1;43.7;0;0;349.9;441345100 daimler 1500 1900;441345100 daimler 1500 1900;441345100 Daimler 1500 1900
20260320_23:01:33;10035;1;3;950;940.4;925;975;OK;950;951.7;925;975;OK;951.6;951.7;-20;-12;-50;-25;NOK;-20;-12.5;-50;-25;NOK;-15.4;-15.1;0;-20;-11.9;-50;-25;NOK;300;311;300;500;OK;0;0;N/A;N/A;N/A;N/A;N/A;N/A;N/A;N/A;N/A;N/A;N/A;N/A;N/A;N/A;N/A;N/A;N/A;N/A;N/A;N/A;N/A;N/A;N/A;N/A;N/A;N/A;N/A;N/A;N/A;N/A;N/A;N/A;N/A;N/A;N/A;N/A;N/A;N/A;N/A;N/A;N/A;N/A;N/A;N/A;N/A;N/A;N/A;N/A;N/A;N/A;N/A;N/A;N/A;N/A;N/A;N/A;N/A;N/A;N/A;N/A;N/A;N/A;N/A;N/A;N/A;N/A;N/A;N/A;N/A;N/A;N/A;N/A;N/A;N/A;N/A;N/A;N/A;N/A;N/A;N/A;N/A;N/A;N/A;N/A;N/A;N/A;N/A;N/A;N/A;N/A;N/A;N/A;N/A;N/A;N/A;N/A;N/A;N/A;;0;324;0;0;;Disabled;TempStop;2;700;327.8;278.3;0;0;599.9;549.9;Enabled;PosOk;2;0;0;0;0;0;15;Disabled;0;0;0;0;0;0;0;0;0;0;0;0;0;0;0;0;0;0;0;0;0;0;0;0;0;0;0;0;0;0;0;0;0;0;0;0;0;0;0;0;0;0;0;0;0;0;0;0;0;0;0;0;0;0;0;0;0;0;0;0;0;0;0;0;0;0;0;0;0;0;30;33;20;45;30;30;20;45;30;34;20;45;30;29;20;45;200;142;100;300;200;140;100;300;200;140;100;300;200;140;100;300;30;33;20;45;30;29;20;45;30;31;20;45;30;29;20;45;200;144;100;300;200;143;100;300;200;242;100;300;200;243;100;300;4;2;0.4;6;4;5;0.4;6;4;2;0.4;6;4;5;0.4;6;4;2;0.4;6;4;5;0.4;6;4;2;0.4;6;4;5;0.4;6;NOK;NOK;OK;7000;7089;6500;8100;OK;4.98;0;8;12;NOK;N/A;1.51;N/A;N/A;N/A;9;11.9;7;18;OK;;0;0;0;-;Disabled;TempOk;2;230;43.1;43.3;0;0;349.9;441345100 daimler 1500 1900;441345100 daimler 1500 1900;441345100 Daimler 1500 1900
20260320_23:01:51;10036;2;1;950;941.3;925;975;OK;950;951.1;925;975;OK;951;951;-15;-18.9;-50;-20;NOK;-15;-18.6;-50;-20;NOK;-16;-17.1;0;-15;-19.1;-50;-20;NOK;300;311;300;500;OK;0;0;N/A;N/A;N/A;N/A;N/A;N/A;N/A;N/A;N/A;N/A;N/A;N/A;N/A;N/A;N/A;N/A;N/A;N/A;N/A;N/A;N/A;N/A;N/A;N/A;N/A;N/A;N/A;N/A;N/A;N/A;N/A;N/A;N/A;N/A;N/A;N/A;N/A;N/A;N/A;N/A;N/A;N/A;N/A;N/A;N/A;N/A;N/A;N/A;N/A;N/A;N/A;N/A;N/A;N/A;N/A;N/A;N/A;N/A;N/A;N/A;N/A;N/A;N/A;N/A;N/A;N/A;N/A;N/A;N/A;N/A;N/A;N/A;N/A;N/A;N/A;N/A;N/A;N/A;N/A;N/A;N/A;N/A;N/A;N/A;N/A;N/A;N/A;N/A;N/A;N/A;N/A;N/A;N/A;N/A;N/A;N/A;N/A;N/A;;0;322.5;0;0;;Disabled;TempStop;2;700;326.4;277.7;0;0;599.9;549.9;Enabled;PosOk;2;0;0;0;0;0;15;Disabled;0;0;0;0;0;0;0;0;0;0;0;0;0;0;0;0;0;0;0;0;0;0;0;0;0;0;0;0;0;0;0;0;0;0;0;0;0;0;0;0;0;0;0;0;0;0;0;0;0;0;0;0;0;0;0;0;0;0;0;0;0;0;0;0;0;0;0;0;0;0;30;33;20;45;30;29;20;45;30;33;20;45;30;29;20;45;200;142;100;300;200;140;100;300;200;141;100;300;200;140;100;300;30;32;20;45;30;29;20;45;30;31;20;45;30;29;20;45;200;144;100;300;200;143;100;300;200;242;100;300;200;244;100;300;4;2;0.4;6;4;5;0.4;6;4;2;0.4;6;4;5;0.4;6;4;2;0.4;6;4;5;0.4;6;4;2;0.4;6;4;5;0.4;6;NOK;NOK;OK;7000;7098;6500;8100;OK;4.97;0;8;12;NOK;N/A;1.5;N/A;N/A;N/A;9;11.9;7;18;OK;;0;0;0;-;Disabled;TempOk;2;230;43.9;45.7;0;0;349.9;441345100 daimler 1500 1900;441345100 daimler 1500 1900;441345100 Daimler 1500 1900
20260320_23:02:09;10037;3;3;950;940.5;925;975;OK;950;951.4;925;975;OK;951.4;951.5;-20;-14.1;-50;-25;NOK;-20;-14;-50;-25;NOK;-12.3;-13.3;0;-20;-14;-50;-25;NOK;300;311;300;500;OK;0;0;N/A;N/A;N/A;N/A;N/A;N/A;N/A;N/A;N/A;N/A;N/A;N/A;N/A;N/A;N/A;N/A;N/A;N/A;N/A;N/A;N/A;N/A;N/A;N/A;N/A;N/A;N/A;N/A;N/A;N/A;N/A;N/A;N/A;N/A;N/A;N/A;N/A;N/A;N/A;N/A;N/A;N/A;N/A;N/A;N/A;N/A;N/A;N/A;N/A;N/A;N/A;N/A;N/A;N/A;N/A;N/A;N/A;N/A;N/A;N/A;N/A;N/A;N/A;N/A;N/A;N/A;N/A;N/A;N/A;N/A;N/A;N/A;N/A;N/A;N/A;N/A;N/A;N/A;N/A;N/A;N/A;N/A;N/A;N/A;N/A;N/A;N/A;N/A;N/A;N/A;N/A;N/A;N/A;N/A;N/A;N/A;N/A;N/A;;0;322.2;0;0;;Disabled;TempStop;2;700;326;276.5;0;0;599.9;549.9;Enabled;PosOk;2;0;0;0;0;0;15;Disabled;0;0;0;0;0;0;0;0;0;0;0;0;0;0;0;0;0;0;0;0;0;0;0;0;0;0;0;0;0;0;0;0;0;0;0;0;0;0;0;0;0;0;0;0;0;0;0;0;0;0;0;0;0;0;0;0;0;0;0;0;0;0;0;0;0;0;0;0;0;0;30;33;20;45;30;29;20;45;30;33;20;45;30;29;20;45;200;142;100;300;200;139;100;300;200;140;100;300;200;140;100;300;30;32;20;45;30;29;20;45;30;31;20;45;30;29;20;45;200;144;100;300;200;143;100;300;200;242;100;300;200;244;100;300;4;2;0.4;6;4;5;0.4;6;4;2;0.4;6;4;5;0.4;6;4;2;0.4;6;4;5;0.4;6;4;2;0.4;6;4;5;0.4;6;NOK;NOK;OK;7000;7096;6500;8100;OK;4.98;0;8;12;NOK;N/A;1.5;N/A;N/A;N/A;9;12;7;18;OK;;0;0;0;-;Disabled;TempOk;2;230;43.3;43.5;0;0;349.9;441345100 daimler 1500 1900;441345100 daimler 1500 1900;441345100 Daimler 1500 1900
20260320_23:02:27;10038;2;4;950;940.2;925;975;OK;950;950.9;925;975;OK;950.9;950.8;-15;-24.6;-50;-20;OK;-15;-24;-50;-20;OK;-20;-21.9;0;-15;-24.8;-50;-20;OK;300;311;300;500;OK;0;0;N/A;N/A;N/A;N/A;N/A;N/A;N/A;N/A;N/A;N/A;N/A;N/A;N/A;N/A;N/A;N/A;N/A;N/A;N/A;N/A;N/A;N/A;N/A;N/A;N/A;N/A;N/A;N/A;N/A;N/A;N/A;N/A;N/A;N/A;N/A;N/A;N/A;N/A;N/A;N/A;N/A;N/A;N/A;N/A;N/A;N/A;N/A;N/A;N/A;N/A;N/A;N/A;N/A;N/A;N/A;N/A;N/A;N/A;N/A;N/A;N/A;N/A;N/A;N/A;N/A;N/A;N/A;N/A;N/A;N/A;N/A;N/A;N/A;N/A;N/A;N/A;N/A;N/A;N/A;N/A;N/A;N/A;N/A;N/A;N/A;N/A;N/A;N/A;N/A;N/A;N/A;N/A;N/A;N/A;N/A;N/A;N/A;N/A;;0;324.3;0;0;;Disabled;TempStop;2;700;328.1;277.2;0;0;599.9;549.9;Enabled;PosOk;2;0;0;0;0;0;15;Disabled;0;0;0;0;0;0;0;0;0;0;0;0;0;0;0;0;0;0;0;0;0;0;0;0;0;0;0;0;0;0;0;0;0;0;0;0;0;0;0;0;0;0;0;0;0;0;0;0;0;0;0;0;0;0;0;0;0;0;0;0;0;0;0;0;0;0;0;0;0;0;30;33;20;45;30;29;20;45;30;33;20;45;30;29;20;45;200;142;100;300;200;139;100;300;200;140;100;300;200;140;100;300;30;32;20;45;30;29;20;45;30;31;20;45;30;29;20;45;200;144;100;300;200;142;100;300;200;242;100;300;200;243;100;300;4;2;0.4;6;4;5;0.4;6;4;2;0.4;6;4;5;0.4;6;4;2;0.4;6;4;5;0.4;6;4;3;0.4;6;4;5;0.4;6;NOK;NOK;OK;7000;7093;6500;8100;OK;4.98;0;8;12;NOK;N/A;1.5;N/A;N/A;N/A;9;11.7;7;18;OK;;0;0;0;-;Disabled;TempOk;2;230;43.7;43.9;0;0;349.9;441345100 daimler 1500 1900;441345100 daimler 1500 1900;441345100 Daimler 1500 1900
20260320_23:02:45;10039;1;4;950;939.8;925;975;OK;950;950.8;925;975;OK;950.7;950.7;-20;-10.4;-50;-25;NOK;-20;-10.9;-50;-25;NOK;-13.6;-13.2;0;-20;-10.2;-50;-25;NOK;300;311;300;500;OK;0;0;N/A;N/A;N/A;N/A;N/A;N/A;N/A;N/A;N/A;N/A;N/A;N/A;N/A;N/A;N/A;N/A;N/A;N/A;N/A;N/A;N/A;N/A;N/A;N/A;N/A;N/A;N/A;N/A;N/A;N/A;N/A;N/A;N/A;N/A;N/A;N/A;N/A;N/A;N/A;N/A;N/A;N/A;N/A;N/A;N/A;N/A;N/A;N/A;N/A;N/A;N/A;N/A;N/A;N/A;N/A;N/A;N/A;N/A;N/A;N/A;N/A;N/A;N/A;N/A;N/A;N/A;N/A;N/A;N/A;N/A;N/A;N/A;N/A;N/A;N/A;N/A;N/A;N/A;N/A;N/A;N/A;N/A;N/A;N/A;N/A;N/A;N/A;N/A;N/A;N/A;N/A;N/A;N/A;N/A;N/A;N/A;N/A;N/A;;0;323.6;0;0;;Disabled;TempStop;2;700;327.4;277.9;0;0;599.9;549.9;Enabled;PosOk;2;0;0;0;0;0;15;Disabled;0;0;0;0;0;0;0;0;0;0;0;0;0;0;0;0;0;0;0;0;0;0;0;0;0;0;0;0;0;0;0;0;0;0;0;0;0;0;0;0;0;0;0;0;0;0;0;0;0;0;0;0;0;0;0;0;0;0;0;0;0;0;0;0;0;0;0;0;0;0;30;33;20;45;30;29;20;45;30;33;20;45;30;29;20;45;200;142;100;300;200;140;100;300;200;141;100;300;200;141;100;300;30;32;20;45;30;29;20;45;30;31;20;45;30;29;20;45;200;144;100;300;200;142;100;300;200;243;100;300;200;243;100;300;4;2;0.4;6;4;5;0.4;6;4;2;0.4;6;4;5;0.4;6;4;2;0.4;6;4;5;0.4;6;4;2;0.4;6;4;5;0.4;6;NOK;NOK;OK;7000;7097;6500;8100;OK;4.98;0;8;12;NOK;N/A;1.5;N/A;N/A;N/A;9;11.7;7;18;OK;;0;0;0;-;Disabled;TempOk;2;230;42.9;43.7;0;0;349.9;441345100 daimler 1500 1900;441345100 daimler 1500 1900;441345100 Daimler 1500 1900
20260320_23:03:03;10040;4;4;950;924.8;925;975;NOK;950;954.2;925;975;OK;953.9;954;-15;-10.2;-50;-5;OK;-15;-7.8;-50;-5;OK;-7.4;-6;0;-15;-10.4;-50;-5;OK;300;311;300;500;OK;17;17.53;N/A;N/A;N/A;N/A;N/A;N/A;N/A;N/A;N/A;N/A;N/A;N/A;N/A;N/A;N/A;N/A;N/A;N/A;N/A;N/A;N/A;N/A;N/A;N/A;N/A;N/A;N/A;N/A;N/A;N/A;N/A;N/A;N/A;N/A;N/A;N/A;N/A;N/A;N/A;N/A;N/A;N/A;N/A;N/A;N/A;N/A;N/A;N/A;N/A;N/A;N/A;N/A;N/A;N/A;N/A;N/A;N/A;N/A;N/A;N/A;N/A;N/A;N/A;N/A;N/A;N/A;N/A;N/A;N/A;N/A;N/A;N/A;N/A;N/A;N/A;N/A;N/A;N/A;N/A;N/A;N/A;N/A;N/A;N/A;N/A;N/A;N/A;N/A;N/A;N/A;N/A;N/A;N/A;N/A;N/A;N/A;N/A;N/A;;0;321.4;0;0;;Disabled;TempStop;2;700;325.1;277;0;0;599.9;549.9;Enabled;PosOk;2;0;0;0;0;0;15;Disabled;0;0;0;0;0;0;0;0;0;0;0;0;0;0;0;0;0;0;0;0;0;0;0;0;0;0;0;0;0;0;0;0;0;0;0;0;0;0;0;0;0;0;0;0;0;0;0;0;0;0;0;0;0;0;0;0;0;0;0;0;0;0;0;0;0;0;0;0;0;0;30;33;20;45;30;29;20;45;30;33;20;45;30;29;20;45;200;142;100;300;200;139;100;300;200;141;100;300;200;140;100;300;30;32;20;45;30;29;20;45;30;31;20;45;30;30;20;45;200;144;100;300;200;142;100;300;200;242;100;300;200;243;100;300;4;2;0.4;6;4;5;0.4;6;4;2;0.4;6;4;5;0.4;6;4;2;0.4;6;4;5;0.4;6;4;2;0.4;6;4;5;0.4;6;NOK;NOK;OK;7000;7088;6500;8100;OK;4.98;0;8;12;NOK;N/A;1.5;N/A;N/A;N/A;9;11.8;7;18;OK;;0;0;0;-;Disabled;TempOk;2;230;43.3;43.7;0;0;349.9;441345100 daimler 1500 1900;441345100 daimler 1500 1900;441345100 Daimler 1500 1900
20260320_23:03:21;10041;3;4;950;940.9;925;975;OK;950;951.4;925;975;OK;951.4;951.4;-20;-12.4;-50;-25;NOK;-20;-12.9;-50;-25;NOK;-16.2;-15.9;0;-20;-12.2;-50;-25;NOK;300;311;300;500;OK;0;0;N/A;N/A;N/A;N/A;N/A;N/A;N/A;N/A;N/A;N/A;N/A;N/A;N/A;N/A;N/A;N/A;N/A;N/A;N/A;N/A;N/A;N/A;N/A;N/A;N/A;N/A;N/A;N/A;N/A;N/A;N/A;N/A;N/A;N/A;N/A;N/A;N/A;N/A;N/A;N/A;N/A;N/A;N/A;N/A;N/A;N/A;N/A;N/A;N/A;N/A;N/A;N/A;N/A;N/A;N/A;N/A;N/A;N/A;N/A;N/A;N/A;N/A;N/A;N/A;N/A;N/A;N/A;N/A;N/A;N/A;N/A;N/A;N/A;N/A;N/A;N/A;N/A;N/A;N/A;N/A;N/A;N/A;N/A;N/A;N/A;N/A;N/A;N/A;N/A;N/A;N/A;N/A;N/A;N/A;N/A;N/A;N/A;N/A;;0;321.6;0;0;;Disabled;TempStop;2;700;325.3;275.7;0;0;599.9;549.9;Enabled;PosOk;2;0;0;0;0;0;15;Disabled;0;0;0;0;0;0;0;0;0;0;0;0;0;0;0;0;0;0;0;0;0;0;0;0;0;0;0;0;0;0;0;0;0;0;0;0;0;0;0;0;0;0;0;0;0;0;0;0;0;0;0;0;0;0;0;0;0;0;0;0;0;0;0;0;0;0;0;0;0;0;30;33;20;45;30;30;20;45;30;33;20;45;30;30;20;45;200;142;100;300;200;140;100;300;200;141;100;300;200;140;100;300;30;32;20;45;30;30;20;45;30;31;20;45;30;30;20;45;200;144;100;300;200;143;100;300;200;242;100;300;200;244;100;300;4;2;0.4;6;4;5;0.4;6;4;2;0.4;6;4;5;0.4;6;4;2;0.4;6;4;5;0.4;6;4;2;0.4;6;4;5;0.4;6;NOK;NOK;OK;7000;7090;6500;8100;OK;4.98;0;8;12;NOK;N/A;1.5;N/A;N/A;N/A;9;11.6;7;18;OK;;0;0;0;-;Disabled;TempOk;2;230;42.7;43.3;0;0;349.9;441345100 daimler 1500 1900;441345100 daimler 1500 1900;441345100 Daimler 1500 1900
20260320_23:03:39;10042;2;5;950;931.7;925;975;OK;950;930.1;925;975;OK;929.2;929.6;-15;-20;-50;-20;NOK;-15;-20.2;-50;-20;OK;-18.5;-19.8;0;-15;-20;-50;-20;NOK;300;311;300;500;OK;0;0;N/A;N/A;N/A;N/A;N/A;N/A;N/A;N/A;N/A;N/A;N/A;N/A;N/A;N/A;N/A;N/A;N/A;N/A;N/A;N/A;N/A;N/A;N/A;N/A;N/A;N/A;N/A;N/A;N/A;N/A;N/A;N/A;N/A;N/A;N/A;N/A;N/A;N/A;N/A;N/A;N/A;N/A;N/A;N/A;N/A;N/A;N/A;N/A;N/A;N/A;N/A;N/A;N/A;N/A;N/A;N/A;N/A;N/A;N/A;N/A;N/A;N/A;N/A;N/A;N/A;N/A;N/A;N/A;N/A;N/A;N/A;N/A;N/A;N/A;N/A;N/A;N/A;N/A;N/A;N/A;N/A;N/A;N/A;N/A;N/A;N/A;N/A;N/A;N/A;N/A;N/A;N/A;N/A;N/A;N/A;N/A;N/A;N/A;;0;321.7;0;0;;Disabled;TempStop;2;700;325.6;273.9;0;0;599.9;549.9;Enabled;PosOk;2;0;0;0;0;0;15;Disabled;0;0;0;0;0;0;0;0;0;0;0;0;0;0;0;0;0;0;0;0;0;0;0;0;0;0;0;0;0;0;0;0;0;0;0;0;0;0;0;0;0;0;0;0;0;0;0;0;0;0;0;0;0;0;0;0;0;0;0;0;0;0;0;0;0;0;0;0;0;0;30;33;20;45;30;29;20;45;30;33;20;45;30;29;20;45;200;142;100;300;200;140;100;300;200;141;100;300;200;140;100;300;30;33;20;45;30;29;20;45;30;31;20;45;30;30;20;45;200;144;100;300;200;143;100;300;200;242;100;300;200;244;100;300;4;2;0.4;6;4;5;0.4;6;4;2;0.4;6;4;5;0.4;6;4;2;0.4;6;4;5;0.4;6;4;2;0.4;6;4;5;0.4;6;NOK;NOK;OK;7000;7088;6500;8100;OK;4.98;0;8;12;NOK;N/A;1.5;N/A;N/A;N/A;9;11.5;7;18;OK;;0;0;0;-;Disabled;TempOk;2;230;43.1;44.4;0;0;349.9;441345100 daimler 1500 1900;441345100 daimler 1500 1900;441345100 Daimler 1500 1900
20260320_23:03:57;10043;3;5;950;943.2;925;975;OK;950;951.1;925;975;OK;951;951.2;-20;-16.6;-50;-25;NOK;-20;-16.3;-50;-25;NOK;-16.8;-17.1;0;-20;-16.4;-50;-25;NOK;300;311;300;500;OK;0;0;N/A;N/A;N/A;N/A;N/A;N/A;N/A;N/A;N/A;N/A;N/A;N/A;N/A;N/A;N/A;N/A;N/A;N/A;N/A;N/A;N/A;N/A;N/A;N/A;N/A;N/A;N/A;N/A;N/A;N/A;N/A;N/A;N/A;N/A;N/A;N/A;N/A;N/A;N/A;N/A;N/A;N/A;N/A;N/A;N/A;N/A;N/A;N/A;N/A;N/A;N/A;N/A;N/A;N/A;N/A;N/A;N/A;N/A;N/A;N/A;N/A;N/A;N/A;N/A;N/A;N/A;N/A;N/A;N/A;N/A;N/A;N/A;N/A;N/A;N/A;N/A;N/A;N/A;N/A;N/A;N/A;N/A;N/A;N/A;N/A;N/A;N/A;N/A;N/A;N/A;N/A;N/A;N/A;N/A;N/A;N/A;N/A;N/A;;0;321.9;0;0;;Disabled;TempStop;2;700;325.8;275.9;0;0;599.9;549.9;Enabled;PosOk;2;0;0;0;0;0;15;Disabled;0;0;0;0;0;0;0;0;0;0;0;0;0;0;0;0;0;0;0;0;0;0;0;0;0;0;0;0;0;0;0;0;0;0;0;0;0;0;0;0;0;0;0;0;0;0;0;0;0;0;0;0;0;0;0;0;0;0;0;0;0;0;0;0;0;0;0;0;0;0;30;33;20;45;30;29;20;45;30;33;20;45;30;29;20;45;200;142;100;300;200;140;100;300;200;141;100;300;200;141;100;300;30;32;20;45;30;29;20;45;30;31;20;45;30;29;20;45;200;144;100;300;200;143;100;300;200;243;100;300;200;244;100;300;4;2;0.4;6;4;5;0.4;6;4;2;0.4;6;4;5;0.4;6;4;2;0.4;6;4;5;0.4;6;4;2;0.4;6;4;5;0.4;6;NOK;NOK;OK;7000;7093;6500;8100;OK;4.98;0;8;12;NOK;N/A;1.5;N/A;N/A;N/A;9;11.5;7;18;OK;;0;0;0;-;Disabled;TempOk;2;230;43.1;43.7;0;0;349.9;441345100 daimler 1500 1900;441345100 daimler 1500 1900;441345100 Daimler 1500 1900
20260320_23:04:15;10044;4;5;950;931.4;925;975;OK;950;950.3;925;975;OK;950.5;950.6;-15;-14.4;-50;-5;OK;-15;-13.7;-50;-5;OK;-12.1;-12.7;0;-15;-14.3;-50;-5;OK;300;311;300;500;OK;17.08;17.71;N/A;N/A;N/A;N/A;N/A;N/A;N/A;N/A;N/A;N/A;N/A;N/A;N/A;N/A;N/A;N/A;N/A;N/A;N/A;N/A;N/A;N/A;N/A;N/A;N/A;N/A;N/A;N/A;N/A;N/A;N/A;N/A;N/A;N/A;N/A;N/A;N/A;N/A;N/A;N/A;N/A;N/A;N/A;N/A;N/A;N/A;N/A;N/A;N/A;N/A;N/A;N/A;N/A;N/A;N/A;N/A;N/A;N/A;N/A;N/A;N/A;N/A;N/A;N/A;N/A;N/A;N/A;N/A;N/A;N/A;N/A;N/A;N/A;N/A;N/A;N/A;N/A;N/A;N/A;N/A;N/A;N/A;N/A;N/A;N/A;N/A;N/A;N/A;N/A;N/A;N/A;N/A;N/A;N/A;N/A;N/A;N/A;N/A;;0;323.2;0;0;;Disabled;TempStop;2;700;326.9;277.4;0;0;599.9;549.9;Enabled;PosOk;2;0;0;0;0;0;15;Disabled;0;0;0;0;0;0;0;0;0;0;0;0;0;0;0;0;0;0;0;0;0;0;0;0;0;0;0;0;0;0;0;0;0;0;0;0;0;0;0;0;0;0;0;0;0;0;0;0;0;0;0;0;0;0;0;0;0;0;0;0;0;0;0;0;0;0;0;0;0;0;30;33;20;45;30;30;20;45;30;33;20;45;30;30;20;45;200;142;100;300;200;140;100;300;200;141;100;300;200;141;100;300;30;32;20;45;30;30;20;45;30;31;20;45;30;30;20;45;200;144;100;300;200;143;100;300;200;243;100;300;200;243;100;300;4;2;0.4;6;4;5;0.4;6;4;2;0.4;6;4;5;0.4;6;4;2;0.4;6;4;5;0.4;6;4;2;0.4;6;4;5;0.4;6;NOK;NOK;OK;7000;7092;6500;8100;OK;4.98;0;8;12;NOK;N/A;1.5;N/A;N/A;N/A;9;11.6;7;18;OK;;0;0;0;-;Disabled;TempOk;2;230;42.9;43.5;0;0;349.9;441345100 daimler 1500 1900;441345100 daimler 1500 1900;441345100 Daimler 1500 1900
20260320_23:04:33;10045;1;1;950;940.1;925;975;OK;950;951;925;975;OK;951.1;951.2;-20;-15.4;-50;-25;NOK;-20;-14.9;-50;-25;NOK;-13.4;-14.1;0;-20;-15.4;-50;-25;NOK;300;311;300;500;OK;0;0;N/A;N/A;N/A;N/A;N/A;N/A;N/A;N/A;N/A;N/A;N/A;N/A;N/A;N/A;N/A;N/A;N/A;N/A;N/A;N/A;N/A;N/A;N/A;N/A;N/A;N/A;N/A;N/A;N/A;N/A;N/A;N/A;N/A;N/A;N/A;N/A;N/A;N/A;N/A;N/A;N/A;N/A;N/A;N/A;N/A;N/A;N/A;N/A;N/A;N/A;N/A;N/A;N/A;N/A;N/A;N/A;N/A;N/A;N/A;N/A;N/A;N/A;N/A;N/A;N/A;N/A;N/A;N/A;N/A;N/A;N/A;N/A;N/A;N/A;N/A;N/A;N/A;N/A;N/A;N/A;N/A;N/A;N/A;N/A;N/A;N/A;N/A;N/A;N/A;N/A;N/A;N/A;N/A;N/A;N/A;N/A;N/A;N/A;;0;323.7;0;0;;Disabled;TempStop;2;700;327.6;278.1;0;0;599.9;549.9;Enabled;PosOk;2;0;0;0;0;0;15;Disabled;0;0;0;0;0;0;0;0;0;0;0;0;0;0;0;0;0;0;0;0;0;0;0;0;0;0;0;0;0;0;0;0;0;0;0;0;0;0;0;0;0;0;0;0;0;0;0;0;0;0;0;0;0;0;0;0;0;0;0;0;0;0;0;0;0;0;0;0;0;0;30;33;20;45;30;30;20;45;30;33;20;45;30;30;20;45;200;142;100;300;200;140;100;300;200;140;100;300;200;141;100;300;30;33;20;45;30;30;20;45;30;32;20;45;30;30;20;45;200;144;100;300;200;143;100;300;200;243;100;300;200;244;100;300;4;2;0.4;6;4;5;0.4;6;4;2;0.4;6;4;5;0.4;6;4;2;0.4;6;4;5;0.4;6;4;2;0.4;6;4;5;0.4;6;NOK;NOK;OK;7000;7096;6500;8100;OK;4.98;0;8;12;NOK;N/A;1.5;N/A;N/A;N/A;9;11.6;7;18;OK;;0;0;0;-;Disabled;TempOk;2;230;42.7;42.9;0;0;349.9;441345100 daimler 1500 1900;441345100 daimler 1500 1900;441345100 Daimler 1500 1900
20260320_23:04:51;10046;4;1;950;935.2;925;975;OK;950;951.5;925;975;OK;950.2;950.7;-15;-8.8;-50;-5;OK;-15;-21.1;-50;-5;OK;-18.2;-19.7;0;-15;-8.8;-50;-5;OK;300;311;300;500;OK;17.13;17.79;N/A;N/A;N/A;N/A;N/A;N/A;N/A;N/A;N/A;N/A;N/A;N/A;N/A;N/A;N/A;N/A;N/A;N/A;N/A;N/A;N/A;N/A;N/A;N/A;N/A;N/A;N/A;N/A;N/A;N/A;N/A;N/A;N/A;N/A;N/A;N/A;N/A;N/A;N/A;N/A;N/A;N/A;N/A;N/A;N/A;N/A;N/A;N/A;N/A;N/A;N/A;N/A;N/A;N/A;N/A;N/A;N/A;N/A;N/A;N/A;N/A;N/A;N/A;N/A;N/A;N/A;N/A;N/A;N/A;N/A;N/A;N/A;N/A;N/A;N/A;N/A;N/A;N/A;N/A;N/A;N/A;N/A;N/A;N/A;N/A;N/A;N/A;N/A;N/A;N/A;N/A;N/A;N/A;N/A;N/A;N/A;N/A;N/A;;0;323;0;0;;Disabled;TempStop;2;700;326.7;277.5;0;0;599.9;549.9;Enabled;PosOk;2;0;0;0;0;0;15;Disabled;0;0;0;0;0;0;0;0;0;0;0;0;0;0;0;0;0;0;0;0;0;0;0;0;0;0;0;0;0;0;0;0;0;0;0;0;0;0;0;0;0;0;0;0;0;0;0;0;0;0;0;0;0;0;0;0;0;0;0;0;0;0;0;0;0;0;0;0;0;0;30;33;20;45;30;30;20;45;30;33;20;45;30;30;20;45;200;142;100;300;200;140;100;300;200;140;100;300;200;140;100;300;30;33;20;45;30;30;20;45;30;32;20;45;30;30;20;45;200;144;100;300;200;143;100;300;200;243;100;300;200;244;100;300;4;2;0.4;6;4;5;0.4;6;4;2;0.4;6;4;5;0.4;6;4;2;0.4;6;4;5;0.4;6;4;2;0.4;6;4;5;0.4;6;NOK;NOK;OK;7000;7097;6500;8100;OK;4.98;0;8;12;NOK;N/A;1.5;N/A;N/A;N/A;9;11.6;7;18;OK;;0;0;0;-;Disabled;TempOk;2;230;43.1;45.2;0;0;349.9;441345100 daimler 1500 1900;441345100 daimler 1500 1900;441345100 Daimler 1500 1900
20260320_23:05:09;10047;3;1;950;940.6;925;975;OK;950;951.4;925;975;OK;951.3;951.2;-20;-14.4;-50;-25;NOK;-20;-13.9;-50;-25;NOK;-11.5;-12.6;0;-20;-14.5;-50;-25;NOK;300;311;300;500;OK;0;0;N/A;N/A;N/A;N/A;N/A;N/A;N/A;N/A;N/A;N/A;N/A;N/A;N/A;N/A;N/A;N/A;N/A;N/A;N/A;N/A;N/A;N/A;N/A;N/A;N/A;N/A;N/A;N/A;N/A;N/A;N/A;N/A;N/A;N/A;N/A;N/A;N/A;N/A;N/A;N/A;N/A;N/A;N/A;N/A;N/A;N/A;N/A;N/A;N/A;N/A;N/A;N/A;N/A;N/A;N/A;N/A;N/A;N/A;N/A;N/A;N/A;N/A;N/A;N/A;N/A;N/A;N/A;N/A;N/A;N/A;N/A;N/A;N/A;N/A;N/A;N/A;N/A;N/A;N/A;N/A;N/A;N/A;N/A;N/A;N/A;N/A;N/A;N/A;N/A;N/A;N/A;N/A;N/A;N/A;N/A;N/A;N/A;N/A;;0;321.7;0;0;;Disabled;TempStop;2;700;325.4;275;0;0;599.9;549.9;Enabled;PosOk;2;0;0;0;0;0;15;Disabled;0;0;0;0;0;0;0;0;0;0;0;0;0;0;0;0;0;0;0;0;0;0;0;0;0;0;0;0;0;0;0;0;0;0;0;0;0;0;0;0;0;0;0;0;0;0;0;0;0;0;0;0;0;0;0;0;0;0;0;0;0;0;0;0;0;0;0;0;0;0;30;33;20;45;30;30;20;45;30;34;20;45;30;29;20;45;200;142;100;300;200;140;100;300;200;141;100;300;200;140;100;300;30;33;20;45;30;30;20;45;30;31;20;45;30;29;20;45;200;144;100;300;200;143;100;300;200;243;100;300;200;244;100;300;4;2;0.4;6;4;5;0.4;6;4;2;0.4;6;4;5;0.4;6;4;2;0.4;6;4;5;0.4;6;4;2;0.4;6;4;5;0.4;6;NOK;NOK;OK;7000;7094;6500;8100;OK;4.98;0;8;12;NOK;N/A;1.5;N/A;N/A;N/A;9;11.5;7;18;OK;;0;0;0;-;Disabled;TempOk;2;230;43.1;43.5;0;0;349.9;441345100 daimler 1500 1900;441345100 daimler 1500 1900;441345100 Daimler 1500 1900
20260320_23:05:27;10048;2;2;950;939.4;925;975;OK;950;950.8;925;975;OK;950.3;950.7;-15;-19.2;-50;-20;NOK;-15;-18.4;-50;-20;NOK;-15.5;-16.7;0;-15;-19.2;-50;-20;NOK;300;311;300;500;OK;0;0;N/A;N/A;N/A;N/A;N/A;N/A;N/A;N/A;N/A;N/A;N/A;N/A;N/A;N/A;N/A;N/A;N/A;N/A;N/A;N/A;N/A;N/A;N/A;N/A;N/A;N/A;N/A;N/A;N/A;N/A;N/A;N/A;N/A;N/A;N/A;N/A;N/A;N/A;N/A;N/A;N/A;N/A;N/A;N/A;N/A;N/A;N/A;N/A;N/A;N/A;N/A;N/A;N/A;N/A;N/A;N/A;N/A;N/A;N/A;N/A;N/A;N/A;N/A;N/A;N/A;N/A;N/A;N/A;N/A;N/A;N/A;N/A;N/A;N/A;N/A;N/A;N/A;N/A;N/A;N/A;N/A;N/A;N/A;N/A;N/A;N/A;N/A;N/A;N/A;N/A;N/A;N/A;N/A;N/A;N/A;N/A;N/A;N/A;;0;325;0;0;;Disabled;TempStop;2;700;329;278.5;0;0;599.9;549.9;Enabled;PosOk;2;0;0;0;0;0;15;Disabled;0;0;0;0;0;0;0;0;0;0;0;0;0;0;0;0;0;0;0;0;0;0;0;0;0;0;0;0;0;0;0;0;0;0;0;0;0;0;0;0;0;0;0;0;0;0;0;0;0;0;0;0;0;0;0;0;0;0;0;0;0;0;0;0;0;0;0;0;0;0;30;33;20;45;30;29;20;45;30;33;20;45;30;29;20;45;200;142;100;300;200;140;100;300;200;141;100;300;200;140;100;300;30;32;20;45;30;29;20;45;30;31;20;45;30;29;20;45;200;144;100;300;200;143;100;300;200;243;100;300;200;244;100;300;4;2;0.4;6;4;5;0.4;6;4;2;0.4;6;4;5;0.4;6;4;2;0.4;6;4;5;0.4;6;4;2;0.4;6;4;5;0.4;6;NOK;NOK;OK;7000;7098;6500;8100;OK;4.98;0;8;12;NOK;N/A;1.5;N/A;N/A;N/A;9;12.1;7;18;OK;;0;0;0;-;Disabled;TempOk;2;230;43.1;44.2;0;0;349.9;441345100 daimler 1500 1900;441345100 daimler 1500 1900;441345100 Daimler 1500 1900
20260320_23:05:45;10049;1;2;950;941.1;925;975;OK;950;951.7;925;975;OK;951.7;951.7;-20;-11.9;-50;-25;NOK;-20;-12.5;-50;-25;NOK;-13.2;-14.2;0;-20;-11.7;-50;-25;NOK;300;311;300;500;OK;0;0;N/A;N/A;N/A;N/A;N/A;N/A;N/A;N/A;N/A;N/A;N/A;N/A;N/A;N/A;N/A;N/A;N/A;N/A;N/A;N/A;N/A;N/A;N/A;N/A;N/A;N/A;N/A;N/A;N/A;N/A;N/A;N/A;N/A;N/A;N/A;N/A;N/A;N/A;N/A;N/A;N/A;N/A;N/A;N/A;N/A;N/A;N/A;N/A;N/A;N/A;N/A;N/A;N/A;N/A;N/A;N/A;N/A;N/A;N/A;N/A;N/A;N/A;N/A;N/A;N/A;N/A;N/A;N/A;N/A;N/A;N/A;N/A;N/A;N/A;N/A;N/A;N/A;N/A;N/A;N/A;N/A;N/A;N/A;N/A;N/A;N/A;N/A;N/A;N/A;N/A;N/A;N/A;N/A;N/A;N/A;N/A;N/A;N/A;;0;323.4;0;0;;Disabled;TempStop;2;700;327.3;277.4;0;0;599.9;549.9;Enabled;PosOk;2;0;0;0;0;0;15;Disabled;0;0;0;0;0;0;0;0;0;0;0;0;0;0;0;0;0;0;0;0;0;0;0;0;0;0;0;0;0;0;0;0;0;0;0;0;0;0;0;0;0;0;0;0;0;0;0;0;0;0;0;0;0;0;0;0;0;0;0;0;0;0;0;0;0;0;0;0;0;0;30;33;20;45;30;29;20;45;30;33;20;45;30;29;20;45;200;142;100;300;200;140;100;300;200;142;100;300;200;140;100;300;30;32;20;45;30;29;20;45;30;31;20;45;30;29;20;45;200;144;100;300;200;143;100;300;200;242;100;300;200;243;100;300;4;2;0.4;6;4;5;0.4;6;4;2;0.4;6;4;5;0.4;6;4;2;0.4;6;4;5;0.4;6;4;2;0.4;6;4;5;0.4;6;NOK;NOK;OK;7000;7100;6500;8100;OK;4.98;0;8;12;NOK;N/A;1.5;N/A;N/A;N/A;9;12.2;7;18;OK;;0;0;0;-;Disabled;TempOk;2;230;42.4;44.7;0;0;349.9;441345100 daimler 1500 1900;441345100 daimler 1500 1900;441345100 Daimler 1500 1900
20260320_23:06:03;10050;4;2;950;945.5;925;975;OK;950;951.3;925;975;OK;950.4;951;-15;-11.7;-50;-5;OK;-15;-20.1;-50;-5;OK;-16.5;-18.2;0;-15;-11.5;-50;-5;OK;300;311;300;500;OK;17.23;17.95;N/A;N/A;N/A;N/A;N/A;N/A;N/A;N/A;N/A;N/A;N/A;N/A;N/A;N/A;N/A;N/A;N/A;N/A;N/A;N/A;N/A;N/A;N/A;N/A;N/A;N/A;N/A;N/A;N/A;N/A;N/A;N/A;N/A;N/A;N/A;N/A;N/A;N/A;N/A;N/A;N/A;N/A;N/A;N/A;N/A;N/A;N/A;N/A;N/A;N/A;N/A;N/A;N/A;N/A;N/A;N/A;N/A;N/A;N/A;N/A;N/A;N/A;N/A;N/A;N/A;N/A;N/A;N/A;N/A;N/A;N/A;N/A;N/A;N/A;N/A;N/A;N/A;N/A;N/A;N/A;N/A;N/A;N/A;N/A;N/A;N/A;N/A;N/A;N/A;N/A;N/A;N/A;N/A;N/A;N/A;N/A;N/A;N/A;;0;322.4;0;0;;Disabled;TempStop;2;700;326.1;277.7;0;0;599.9;549.9;Enabled;PosOk;2;0;0;0;0;0;15;Disabled;0;0;0;0;0;0;0;0;0;0;0;0;0;0;0;0;0;0;0;0;0;0;0;0;0;0;0;0;0;0;0;0;0;0;0;0;0;0;0;0;0;0;0;0;0;0;0;0;0;0;0;0;0;0;0;0;0;0;0;0;0;0;0;0;0;0;0;0;0;0;30;33;20;45;30;29;20;45;30;33;20;45;30;29;20;45;200;142;100;300;200;140;100;300;200;141;100;300;200;140;100;300;30;32;20;45;30;30;20;45;30;31;20;45;30;30;20;45;200;145;100;300;200;143;100;300;200;243;100;300;200;244;100;300;4;2;0.4;6;4;5;0.4;6;4;2;0.4;6;4;5;0.4;6;4;2;0.4;6;4;5;0.4;6;4;2;0.4;6;4;5;0.4;6;NOK;NOK;OK;7000;7091;6500;8100;OK;4.97;0;8;12;NOK;N/A;1.5;N/A;N/A;N/A;9;12.2;7;18;OK;;0;0;0;-;Disabled;TempOk;2;230;43.5;43.3;0;0;349.9;441345100 daimler 1500 1900;441345100 daimler 1500 1900;441345100 Daimler 1500 1900
20260320_23:06:21;10051;3;2;950;940.1;925;975;OK;950;951.9;925;975;OK;951.8;951.8;-20;-14;-50;-25;NOK;-20;-14.4;-50;-25;NOK;-13.5;-14.6;0;-20;-13.9;-50;-25;NOK;300;311;300;500;OK;0;0;N/A;N/A;N/A;N/A;N/A;N/A;N/A;N/A;N/A;N/A;N/A;N/A;N/A;N/A;N/A;N/A;N/A;N/A;N/A;N/A;N/A;N/A;N/A;N/A;N/A;N/A;N/A;N/A;N/A;N/A;N/A;N/A;N/A;N/A;N/A;N/A;N/A;N/A;N/A;N/A;N/A;N/A;N/A;N/A;N/A;N/A;N/A;N/A;N/A;N/A;N/A;N/A;N/A;N/A;N/A;N/A;N/A;N/A;N/A;N/A;N/A;N/A;N/A;N/A;N/A;N/A;N/A;N/A;N/A;N/A;N/A;N/A;N/A;N/A;N/A;N/A;N/A;N/A;N/A;N/A;N/A;N/A;N/A;N/A;N/A;N/A;N/A;N/A;N/A;N/A;N/A;N/A;N/A;N/A;N/A;N/A;N/A;N/A;;0;323;0;0;;Disabled;TempStop;2;700;326.6;277.3;0;0;599.9;549.9;Enabled;PosOk;2;0;0;0;0;0;15;Disabled;0;0;0;0;0;0;0;0;0;0;0;0;0;0;0;0;0;0;0;0;0;0;0;0;0;0;0;0;0;0;0;0;0;0;0;0;0;0;0;0;0;0;0;0;0;0;0;0;0;0;0;0;0;0;0;0;0;0;0;0;0;0;0;0;0;0;0;0;0;0;30;33;20;45;30;30;20;45;30;33;20;45;30;30;20;45;200;141;100;300;200;140;100;300;200;140;100;300;200;140;100;300;30;32;20;45;30;30;20;45;30;31;20;45;30;30;20;45;200;144;100;300;200;143;100;300;200;243;100;300;200;244;100;300;4;2;0.4;6;4;5;0.4;6;4;2;0.4;6;4;5;0.4;6;4;2;0.4;6;4;5;0.4;6;4;2;0.4;6;4;5;0.4;6;NOK;NOK;OK;7000;7090;6500;8100;OK;4.98;0;8;12;NOK;N/A;1.5;N/A;N/A;N/A;9;12.3;7;18;OK;;0;0;0;-;Disabled;TempOk;2;230;43.3;43.7;0;0;349.9;441345100 daimler 1500 1900;441345100 daimler 1500 1900;441345100 Daimler 1500 1900
20260320_23:06:39;10052;4;3;950;942.7;925;975;OK;950;955.3;925;975;OK;951.5;952.1;-15;-11.9;-50;-5;OK;-15;-21;-50;-5;OK;-19.4;-20.4;0;-15;-11.9;-50;-5;OK;300;311;300;500;OK;17.3;18.01;N/A;N/A;N/A;N/A;N/A;N/A;N/A;N/A;N/A;N/A;N/A;N/A;N/A;N/A;N/A;N/A;N/A;N/A;N/A;N/A;N/A;N/A;N/A;N/A;N/A;N/A;N/A;N/A;N/A;N/A;N/A;N/A;N/A;N/A;N/A;N/A;N/A;N/A;N/A;N/A;N/A;N/A;N/A;N/A;N/A;N/A;N/A;N/A;N/A;N/A;N/A;N/A;N/A;N/A;N/A;N/A;N/A;N/A;N/A;N/A;N/A;N/A;N/A;N/A;N/A;N/A;N/A;N/A;N/A;N/A;N/A;N/A;N/A;N/A;N/A;N/A;N/A;N/A;N/A;N/A;N/A;N/A;N/A;N/A;N/A;N/A;N/A;N/A;N/A;N/A;N/A;N/A;N/A;N/A;N/A;N/A;N/A;N/A;;0;321.6;0;0;;Disabled;TempStop;2;700;325.4;276.5;0;0;599.9;549.9;Enabled;PosOk;2;0;0;0;0;0;15;Disabled;0;0;0;0;0;0;0;0;0;0;0;0;0;0;0;0;0;0;0;0;0;0;0;0;0;0;0;0;0;0;0;0;0;0;0;0;0;0;0;0;0;0;0;0;0;0;0;0;0;0;0;0;0;0;0;0;0;0;0;0;0;0;0;0;0;0;0;0;0;0;30;33;20;45;30;30;20;45;30;33;20;45;30;30;20;45;200;142;100;300;200;140;100;300;200;141;100;300;200;141;100;300;30;33;20;45;30;30;20;45;30;32;20;45;30;30;20;45;200;144;100;300;200;143;100;300;200;243;100;300;200;243;100;300;4;2;0.4;6;4;5;0.4;6;4;2;0.4;6;4;5;0.4;6;4;2;0.4;6;4;5;0.4;6;4;2;0.4;6;4;5;0.4;6;NOK;NOK;OK;7000;7091;6500;8100;OK;4.97;0;8;12;NOK;N/A;1.5;N/A;N/A;N/A;9;12.3;7;18;OK;;0;0;0;-;Disabled;TempOk;2;230;43.1;43.9;0;0;349.9;441345100 daimler 1500 1900;441345100 daimler 1500 1900;441345100 Daimler 1500 1900
20260320_23:06:57;10053;1;3;950;941.2;925;975;OK;950;951.6;925;975;OK;951.7;951.7;-20;-12;-50;-25;NOK;-20;-12.4;-50;-25;NOK;-15.3;-15;0;-20;-11.8;-50;-25;NOK;300;311;300;500;OK;0;0;N/A;N/A;N/A;N/A;N/A;N/A;N/A;N/A;N/A;N/A;N/A;N/A;N/A;N/A;N/A;N/A;N/A;N/A;N/A;N/A;N/A;N/A;N/A;N/A;N/A;N/A;N/A;N/A;N/A;N/A;N/A;N/A;N/A;N/A;N/A;N/A;N/A;N/A;N/A;N/A;N/A;N/A;N/A;N/A;N/A;N/A;N/A;N/A;N/A;N/A;N/A;N/A;N/A;N/A;N/A;N/A;N/A;N/A;N/A;N/A;N/A;N/A;N/A;N/A;N/A;N/A;N/A;N/A;N/A;N/A;N/A;N/A;N/A;N/A;N/A;N/A;N/A;N/A;N/A;N/A;N/A;N/A;N/A;N/A;N/A;N/A;N/A;N/A;N/A;N/A;N/A;N/A;N/A;N/A;N/A;N/A;N/A;N/A;;0;324.3;0;0;;Disabled;TempStop;2;700;328;278.8;0;0;599.9;549.9;Enabled;PosOk;2;0;0;0;0;0;15;Disabled;0;0;0;0;0;0;0;0;0;0;0;0;0;0;0;0;0;0;0;0;0;0;0;0;0;0;0;0;0;0;0;0;0;0;0;0;0;0;0;0;0;0;0;0;0;0;0;0;0;0;0;0;0;0;0;0;0;0;0;0;0;0;0;0;0;0;0;0;0;0;30;33;20;45;30;30;20;45;30;33;20;45;30;30;20;45;200;142;100;300;200;139;100;300;200;141;100;300;200;141;100;300;30;33;20;45;30;30;20;45;30;32;20;45;30;30;20;45;200;145;100;300;200;143;100;300;200;242;100;300;200;243;100;300;4;2;0.4;6;4;5;0.4;6;4;2;0.4;6;4;5;0.4;6;4;2;0.4;6;4;5;0.4;6;4;2;0.4;6;4;5;0.4;6;NOK;NOK;OK;7000;7089;6500;8100;OK;4.98;0;8;12;NOK;N/A;1.5;N/A;N/A;N/A;9;11.9;7;18;OK;;0;0;0;-;Disabled;TempOk;2;230;43.1;43.1;0;0;349.9;441345100 daimler 1500 1900;441345100 daimler 1500 1900;441345100 Daimler 1500 1900
20260320_23:07:15;10054;2;1;950;941.1;925;975;OK;950;951.1;925;975;OK;951.1;951.1;-15;-19;-50;-20;NOK;-15;-18.1;-50;-20;NOK;-15.7;-16.8;0;-15;-19.1;-50;-20;NOK;300;311;300;500;OK;0;0;N/A;N/A;N/A;N/A;N/A;N/A;N/A;N/A;N/A;N/A;N/A;N/A;N/A;N/A;N/A;N/A;N/A;N/A;N/A;N/A;N/A;N/A;N/A;N/A;N/A;N/A;N/A;N/A;N/A;N/A;N/A;N/A;N/A;N/A;N/A;N/A;N/A;N/A;N/A;N/A;N/A;N/A;N/A;N/A;N/A;N/A;N/A;N/A;N/A;N/A;N/A;N/A;N/A;N/A;N/A;N/A;N/A;N/A;N/A;N/A;N/A;N/A;N/A;N/A;N/A;N/A;N/A;N/A;N/A;N/A;N/A;N/A;N/A;N/A;N/A;N/A;N/A;N/A;N/A;N/A;N/A;N/A;N/A;N/A;N/A;N/A;N/A;N/A;N/A;N/A;N/A;N/A;N/A;N/A;N/A;N/A;N/A;N/A;;0;323.1;0;0;;Disabled;TempStop;2;700;326.7;277;0;0;599.9;549.9;Enabled;PosOk;2;0;0;0;0;0;15;Disabled;0;0;0;0;0;0;0;0;0;0;0;0;0;0;0;0;0;0;0;0;0;0;0;0;0;0;0;0;0;0;0;0;0;0;0;0;0;0;0;0;0;0;0;0;0;0;0;0;0;0;0;0;0;0;0;0;0;0;0;0;0;0;0;0;0;0;0;0;0;0;30;33;20;45;30;30;20;45;30;34;20;45;30;30;20;45;200;141;100;300;200;140;100;300;200;141;100;300;200;140;100;300;30;33;20;45;30;30;20;45;30;32;20;45;30;30;20;45;200;144;100;300;200;143;100;300;200;242;100;300;200;244;100;300;4;2;0.4;6;4;5;0.4;6;4;2;0.4;6;4;5;0.4;6;4;2;0.4;6;4;5;0.4;6;4;2;0.4;6;4;5;0.4;6;NOK;NOK;OK;7000;7093;6500;8100;OK;4.98;0;8;12;NOK;N/A;1.5;N/A;N/A;N/A;9;11.8;7;18;OK;;0;0;0;-;Disabled;TempOk;2;230;43.1;43.3;0;0;349.9;441345100 daimler 1500 1900;441345100 daimler 1500 1900;441345100 Daimler 1500 1900
20260320_23:07:33;10055;3;3;950;940.4;925;975;OK;950;951.5;925;975;OK;951.5;951.5;-20;-13.9;-50;-25;NOK;-20;-13.9;-50;-25;NOK;-12.1;-13.2;0;-20;-13.8;-50;-25;NOK;300;311;300;500;OK;0;0;N/A;N/A;N/A;N/A;N/A;N/A;N/A;N/A;N/A;N/A;N/A;N/A;N/A;N/A;N/A;N/A;N/A;N/A;N/A;N/A;N/A;N/A;N/A;N/A;N/A;N/A;N/A;N/A;N/A;N/A;N/A;N/A;N/A;N/A;N/A;N/A;N/A;N/A;N/A;N/A;N/A;N/A;N/A;N/A;N/A;N/A;N/A;N/A;N/A;N/A;N/A;N/A;N/A;N/A;N/A;N/A;N/A;N/A;N/A;N/A;N/A;N/A;N/A;N/A;N/A;N/A;N/A;N/A;N/A;N/A;N/A;N/A;N/A;N/A;N/A;N/A;N/A;N/A;N/A;N/A;N/A;N/A;N/A;N/A;N/A;N/A;N/A;N/A;N/A;N/A;N/A;N/A;N/A;N/A;N/A;N/A;N/A;N/A;;0;322.4;0;0;;Disabled;TempStop;2;700;326;276.9;0;0;599.9;549.9;Enabled;PosOk;2;0;0;0;0;0;15;Disabled;0;0;0;0;0;0;0;0;0;0;0;0;0;0;0;0;0;0;0;0;0;0;0;0;0;0;0;0;0;0;0;0;0;0;0;0;0;0;0;0;0;0;0;0;0;0;0;0;0;0;0;0;0;0;0;0;0;0;0;0;0;0;0;0;0;0;0;0;0;0;30;33;20;45;30;30;20;45;30;34;20;45;30;30;20;45;200;142;100;300;200;139;100;300;200;141;100;300;200;140;100;300;30;33;20;45;30;30;20;45;30;31;20;45;30;30;20;45;200;144;100;300;200;143;100;300;200;242;100;300;200;243;100;300;4;2;0.4;6;4;5;0.4;6;4;2;0.4;6;4;5;0.4;6;4;2;0.4;6;4;5;0.4;6;4;2;0.4;6;4;5;0.4;6;NOK;NOK;OK;7000;7100;6500;8100;OK;4.98;0;8;12;NOK;N/A;1.5;N/A;N/A;N/A;9;11.9;7;18;OK;;0;0;0;-;Disabled;TempOk;2;230;43.5;43.9;0;0;349.9;441345100 daimler 1500 1900;441345100 daimler 1500 1900;441345100 Daimler 1500 1900
20260320_23:07:50;10056;2;4;950;940.2;925;975;OK;950;950.7;925;975;OK;950.6;950.7;-15;-24.6;-50;-20;OK;-15;-23.7;-50;-20;OK;-19.7;-21.6;0;-15;-24.7;-50;-20;OK;300;311;300;500;OK;0;0;N/A;N/A;N/A;N/A;N/A;N/A;N/A;N/A;N/A;N/A;N/A;N/A;N/A;N/A;N/A;N/A;N/A;N/A;N/A;N/A;N/A;N/A;N/A;N/A;N/A;N/A;N/A;N/A;N/A;N/A;N/A;N/A;N/A;N/A;N/A;N/A;N/A;N/A;N/A;N/A;N/A;N/A;N/A;N/A;N/A;N/A;N/A;N/A;N/A;N/A;N/A;N/A;N/A;N/A;N/A;N/A;N/A;N/A;N/A;N/A;N/A;N/A;N/A;N/A;N/A;N/A;N/A;N/A;N/A;N/A;N/A;N/A;N/A;N/A;N/A;N/A;N/A;N/A;N/A;N/A;N/A;N/A;N/A;N/A;N/A;N/A;N/A;N/A;N/A;N/A;N/A;N/A;N/A;N/A;N/A;N/A;N/A;N/A;;0;324.4;0;0;;Disabled;TempStop;2;700;328;277.8;0;0;599.9;549.9;Enabled;PosOk;2;0;0;0;0;0;15;Disabled;0;0;0;0;0;0;0;0;0;0;0;0;0;0;0;0;0;0;0;0;0;0;0;0;0;0;0;0;0;0;0;0;0;0;0;0;0;0;0;0;0;0;0;0;0;0;0;0;0;0;0;0;0;0;0;0;0;0;0;0;0;0;0;0;0;0;0;0;0;0;30;33;20;45;30;30;20;45;30;33;20;45;30;30;20;45;200;142;100;300;200;139;100;300;200;141;100;300;200;140;100;300;30;33;20;45;30;30;20;45;30;32;20;45;30;30;20;45;200;144;100;300;200;143;100;300;200;243;100;300;200;244;100;300;4;2;0.4;6;4;5;0.4;6;4;2;0.4;6;4;5;0.4;6;4;2;0.4;6;4;5;0.4;6;4;2;0.4;6;4;5;0.4;6;NOK;NOK;OK;7000;7092;6500;8100;OK;4.98;0;8;12;NOK;N/A;1.5;N/A;N/A;N/A;9;11.8;7;18;OK;;0;0;0;-;Disabled;TempOk;2;230;43.1;43.5;0;0;349.9;441345100 daimler 1500 1900;441345100 daimler 1500 1900;441345100 Daimler 1500 1900
20260320_23:08:08;10057;1;4;950;939.1;925;975;OK;950;950.9;925;975;OK;950.8;950.9;-20;-10.2;-50;-25;NOK;-20;-10.9;-50;-25;NOK;-13.5;-13.1;0;-20;-10.1;-50;-25;NOK;300;311;300;500;OK;0;0;N/A;N/A;N/A;N/A;N/A;N/A;N/A;N/A;N/A;N/A;N/A;N/A;N/A;N/A;N/A;N/A;N/A;N/A;N/A;N/A;N/A;N/A;N/A;N/A;N/A;N/A;N/A;N/A;N/A;N/A;N/A;N/A;N/A;N/A;N/A;N/A;N/A;N/A;N/A;N/A;N/A;N/A;N/A;N/A;N/A;N/A;N/A;N/A;N/A;N/A;N/A;N/A;N/A;N/A;N/A;N/A;N/A;N/A;N/A;N/A;N/A;N/A;N/A;N/A;N/A;N/A;N/A;N/A;N/A;N/A;N/A;N/A;N/A;N/A;N/A;N/A;N/A;N/A;N/A;N/A;N/A;N/A;N/A;N/A;N/A;N/A;N/A;N/A;N/A;N/A;N/A;N/A;N/A;N/A;N/A;N/A;N/A;N/A;;0;323.8;0;0;;Disabled;TempStop;2;700;327.5;277;0;0;599.9;549.9;Enabled;PosOk;2;0;0;0;0;0;15;Disabled;0;0;0;0;0;0;0;0;0;0;0;0;0;0;0;0;0;0;0;0;0;0;0;0;0;0;0;0;0;0;0;0;0;0;0;0;0;0;0;0;0;0;0;0;0;0;0;0;0;0;0;0;0;0;0;0;0;0;0;0;0;0;0;0;0;0;0;0;0;0;30;33;20;45;30;30;20;45;30;34;20;45;30;30;20;45;200;141;100;300;200;140;100;300;200;141;100;300;200;140;100;300;30;33;20;45;30;30;20;45;30;32;20;45;30;30;20;45;200;144;100;300;200;143;100;300;200;243;100;300;200;244;100;300;4;2;0.4;6;4;5;0.4;6;4;2;0.4;6;4;5;0.4;6;4;2;0.4;6;4;5;0.4;6;4;2;0.4;6;4;5;0.4;6;NOK;NOK;OK;7000;7093;6500;8100;OK;4.98;0;8;12;NOK;N/A;1.5;N/A;N/A;N/A;9;11.7;7;18;OK;;0;0;0;-;Disabled;TempOk;2;230;43.3;43.9;0;0;349.9;441345100 daimler 1500 1900;441345100 daimler 1500 1900;441345100 Daimler 1500 1900
20260320_23:08:26;10058;4;4;950;929.6;925;975;OK;950;954.1;925;975;OK;953.9;954.1;-15;-9;-50;-5;OK;-15;-10.9;-50;-5;OK;-18.5;-13.5;0;-15;-9.2;-50;-5;OK;300;311;300;500;OK;17.57;18.18;N/A;N/A;N/A;N/A;N/A;N/A;N/A;N/A;N/A;N/A;N/A;N/A;N/A;N/A;N/A;N/A;N/A;N/A;N/A;N/A;N/A;N/A;N/A;N/A;N/A;N/A;N/A;N/A;N/A;N/A;N/A;N/A;N/A;N/A;N/A;N/A;N/A;N/A;N/A;N/A;N/A;N/A;N/A;N/A;N/A;N/A;N/A;N/A;N/A;N/A;N/A;N/A;N/A;N/A;N/A;N/A;N/A;N/A;N/A;N/A;N/A;N/A;N/A;N/A;N/A;N/A;N/A;N/A;N/A;N/A;N/A;N/A;N/A;N/A;N/A;N/A;N/A;N/A;N/A;N/A;N/A;N/A;N/A;N/A;N/A;N/A;N/A;N/A;N/A;N/A;N/A;N/A;N/A;N/A;N/A;N/A;N/A;N/A;;0;319.9;0;0;;Disabled;TempStop;2;700;323.5;275.5;0;0;599.9;549.9;Enabled;PosOk;2;0;0;0;0;0;15;Disabled;0;0;0;0;0;0;0;0;0;0;0;0;0;0;0;0;0;0;0;0;0;0;0;0;0;0;0;0;0;0;0;0;0;0;0;0;0;0;0;0;0;0;0;0;0;0;0;0;0;0;0;0;0;0;0;0;0;0;0;0;0;0;0;0;0;0;0;0;0;0;30;33;20;45;30;30;20;45;30;33;20;45;30;30;20;45;200;142;100;300;200;140;100;300;200;141;100;300;200;140;100;300;30;33;20;45;30;30;20;45;30;32;20;45;30;30;20;45;200;144;100;300;200;142;100;300;200;243;100;300;200;243;100;300;4;2;0.4;6;4;5;0.4;6;4;2;0.4;6;4;5;0.4;6;4;2;0.4;6;4;5;0.4;6;4;3;0.4;6;4;5;0.4;6;NOK;NOK;OK;7000;7099;6500;8100;OK;4.98;0;8;12;NOK;N/A;1.5;N/A;N/A;N/A;9;11.6;7;18;OK;;0;0;0;-;Disabled;TempOk;2;230;43.3;43.7;0;0;349.9;441345100 daimler 1500 1900;441345100 daimler 1500 1900;441345100 Daimler 1500 1900
20260320_23:08:37;10060;2;5;950;918.9;925;975;NOK;950;919.9;925;975;NOK;918.9;919.5;-15;-19.8;-50;-20;NOK;-15;-19.9;-50;-20;NOK;-18.3;-19.5;0;-15;-19.6;-50;-20;NOK;300;311;300;500;OK;0;0;;;;;;;;;;;;;;;;;;;;;;;;;;;;;;;;;;;;;;;;;;;;;;;;;;;;;;;;;;;;;;;;;;;;;;;;;;;;;;;;;;;;;;;;;;;;;;;;;;;;;;;;;;;;;;;;;;;;;;;;;;;;;;;;;;;;;;;;;;;;;;;;;;;;;;;;;;;;;;;;;;;;;;;;;;;;;;;;;;;;;;;;;;;;;;;;;;;;;;;;;;;;;;;;;;;;;;;;;;;;;;;;;;;;;;;;;;;;;;;;;;;;;;;;;;;;;;;;;;;;;;;;;;;;;;;;;;;;;;;;;;;;;;;;;;;;;;;;;;;;;;;;;;;;;;;;;;;;;;;;;;;;;;;;441345100 daimler 1500 1900;;;;
20260320_23:08:44;10059;3;4;950;940.8;925;975;OK;950;951.5;925;975;OK;951.3;951.6;-20;-11.9;-50;-25;NOK;-20;-12.9;-50;-25;NOK;-16.1;-15.7;0;-20;-11.7;-50;-25;NOK;300;311;300;500;OK;0;0;N/A;N/A;N/A;N/A;N/A;N/A;N/A;N/A;N/A;N/A;N/A;N/A;N/A;N/A;N/A;N/A;N/A;N/A;N/A;N/A;N/A;N/A;N/A;N/A;N/A;N/A;N/A;N/A;N/A;N/A;N/A;N/A;N/A;N/A;N/A;N/A;N/A;N/A;N/A;N/A;N/A;N/A;N/A;N/A;N/A;N/A;N/A;N/A;N/A;N/A;N/A;N/A;N/A;N/A;N/A;N/A;N/A;N/A;N/A;N/A;N/A;N/A;N/A;N/A;N/A;N/A;N/A;N/A;N/A;N/A;N/A;N/A;N/A;N/A;N/A;N/A;N/A;N/A;N/A;N/A;N/A;N/A;N/A;N/A;N/A;N/A;N/A;N/A;N/A;N/A;N/A;N/A;N/A;N/A;N/A;N/A;N/A;N/A;;0;322.3;0;0;;Disabled;TempStop;2;700;326;277.1;0;0;599.9;549.9;Enabled;PosOk;2;0;0;0;0;0;15;Disabled;0;0;0;0;0;0;0;0;0;0;0;0;0;0;0;0;0;0;0;0;0;0;0;0;0;0;0;0;0;0;0;0;0;0;0;0;0;0;0;0;0;0;0;0;0;0;0;0;0;0;0;0;0;0;0;0;0;0;0;0;0;0;0;0;0;0;0;0;0;0;30;33;20;45;30;30;20;45;30;33;20;45;30;29;20;45;200;142;100;300;200;140;100;300;200;140;100;300;200;140;100;300;30;33;20;45;30;29;20;45;30;31;20;45;30;30;20;45;200;144;100;300;200;143;100;300;200;242;100;300;200;243;100;300;4;2;0.4;6;4;5;0.4;6;4;2;0.4;6;4;5;0.4;6;4;2;0.4;6;4;5;0.4;6;4;2;0.4;6;4;5;0.4;6;NOK;NOK;OK;7000;7093;6500;8100;OK;4.98;0;8;12;NOK;N/A;1.5;N/A;N/A;N/A;9;11.5;7;18;OK;;0;0;0;-;Disabled;TempOk;2;230;43.3;43.5;0;0;349.9;441345100 daimler 1500 1900;441345100 daimler 1500 1900;441345100 Daimler 1500 1900
20260320_23:09:20;10061;3;5;950;943.4;925;975;OK;950;951.2;925;975;OK;951.1;951.2;-20;-15.9;-50;-25;NOK;-20;-16.4;-50;-25;NOK;-16.5;-16.9;0;-20;-15.7;-50;-25;NOK;300;311;300;500;OK;0;0;N/A;N/A;N/A;N/A;N/A;N/A;N/A;N/A;N/A;N/A;N/A;N/A;N/A;N/A;N/A;N/A;N/A;N/A;N/A;N/A;N/A;N/A;N/A;N/A;N/A;N/A;N/A;N/A;N/A;N/A;N/A;N/A;N/A;N/A;N/A;N/A;N/A;N/A;N/A;N/A;N/A;N/A;N/A;N/A;N/A;N/A;N/A;N/A;N/A;N/A;N/A;N/A;N/A;N/A;N/A;N/A;N/A;N/A;N/A;N/A;N/A;N/A;N/A;N/A;N/A;N/A;N/A;N/A;N/A;N/A;N/A;N/A;N/A;N/A;N/A;N/A;N/A;N/A;N/A;N/A;N/A;N/A;N/A;N/A;N/A;N/A;N/A;N/A;N/A;N/A;N/A;N/A;N/A;N/A;N/A;N/A;N/A;N/A;;0;321.9;0;0;;Disabled;TempStop;2;700;325.2;277.1;0;0;599.9;549.9;Enabled;PosOk;2;0;0;0;0;0;15;Disabled;0;0;0;0;0;0;0;0;0;0;0;0;0;0;0;0;0;0;0;0;0;0;0;0;0;0;0;0;0;0;0;0;0;0;0;0;0;0;0;0;0;0;0;0;0;0;0;0;0;0;0;0;0;0;0;0;0;0;0;0;0;0;0;0;0;0;0;0;0;0;30;32;20;45;30;30;20;45;30;32;20;45;30;30;20;45;200;142;100;300;200;140;100;300;200;140;100;300;200;141;100;300;30;31;20;45;30;30;20;45;30;31;20;45;30;30;20;45;200;144;100;300;200;143;100;300;200;243;100;300;200;245;100;300;4;2;0.4;6;4;5;0.4;6;4;2;0.4;6;4;5;0.4;6;4;2;0.4;6;4;5;0.4;6;4;2;0.4;6;4;5;0.4;6;NOK;NOK;OK;7000;7054;6500;8100;OK;4.97;0;8;12;NOK;N/A;1.5;N/A;N/A;N/A;9;12.2;7;18;OK;;0;0;0;-;Disabled;TempOk;2;230;43.5;44.4;0;0;349.9;441345100 daimler 1500 1900;441345100 daimler 1500 1900;441345100 Daimler 1500 1900
20260320_23:09:38;10062;4;5;950;933.1;925;975;OK;950;950.8;925;975;OK;950.6;950.9;-15;-13.7;-50;-5;OK;-15;-15.2;-50;-5;OK;-16.1;-15.7;0;-15;-13.7;-50;-5;OK;300;311;300;500;OK;17.74;18.25;N/A;N/A;N/A;N/A;N/A;N/A;N/A;N/A;N/A;N/A;N/A;N/A;N/A;N/A;N/A;N/A;N/A;N/A;N/A;N/A;N/A;N/A;N/A;N/A;N/A;N/A;N/A;N/A;N/A;N/A;N/A;N/A;N/A;N/A;N/A;N/A;N/A;N/A;N/A;N/A;N/A;N/A;N/A;N/A;N/A;N/A;N/A;N/A;N/A;N/A;N/A;N/A;N/A;N/A;N/A;N/A;N/A;N/A;N/A;N/A;N/A;N/A;N/A;N/A;N/A;N/A;N/A;N/A;N/A;N/A;N/A;N/A;N/A;N/A;N/A;N/A;N/A;N/A;N/A;N/A;N/A;N/A;N/A;N/A;N/A;N/A;N/A;N/A;N/A;N/A;N/A;N/A;N/A;N/A;N/A;N/A;N/A;N/A;;0;323.8;0;0;;Disabled;TempStop;2;700;327.2;280.2;0;0;599.9;549.9;Enabled;PosOk;2;0;0;0;0;0;15;Disabled;0;0;0;0;0;0;0;0;0;0;0;0;0;0;0;0;0;0;0;0;0;0;0;0;0;0;0;0;0;0;0;0;0;0;0;0;0;0;0;0;0;0;0;0;0;0;0;0;0;0;0;0;0;0;0;0;0;0;0;0;0;0;0;0;0;0;0;0;0;0;30;32;20;45;30;30;20;45;30;33;20;45;30;30;20;45;200;142;100;300;200;140;100;300;200;141;100;300;200;141;100;300;30;32;20;45;30;30;20;45;30;31;20;45;30;30;20;45;200;144;100;300;200;143;100;300;200;242;100;300;200;244;100;300;4;2;0.4;6;4;5;0.4;6;4;2;0.4;6;4;5;0.4;6;4;2;0.4;6;4;5;0.4;6;4;2;0.4;6;4;5;0.4;6;NOK;NOK;OK;7000;7098;6500;8100;OK;4.97;0;8;12;NOK;N/A;1.5;N/A;N/A;N/A;9;12.2;7;18;OK;;0;0;0;-;Disabled;TempOk;2;230;43.5;43.9;0;0;349.9;441345100 daimler 1500 1900;441345100 daimler 1500 1900;441345100 Daimler 1500 1900
20260320_23:09:56;10063;1;1;950;940.2;925;975;OK;950;951.3;925;975;OK;951.4;951.1;-20;-15.2;-50;-25;NOK;-20;-15.1;-50;-25;NOK;-13.4;-14.1;0;-20;-15.3;-50;-25;NOK;300;311;300;500;OK;0;0;N/A;N/A;N/A;N/A;N/A;N/A;N/A;N/A;N/A;N/A;N/A;N/A;N/A;N/A;N/A;N/A;N/A;N/A;N/A;N/A;N/A;N/A;N/A;N/A;N/A;N/A;N/A;N/A;N/A;N/A;N/A;N/A;N/A;N/A;N/A;N/A;N/A;N/A;N/A;N/A;N/A;N/A;N/A;N/A;N/A;N/A;N/A;N/A;N/A;N/A;N/A;N/A;N/A;N/A;N/A;N/A;N/A;N/A;N/A;N/A;N/A;N/A;N/A;N/A;N/A;N/A;N/A;N/A;N/A;N/A;N/A;N/A;N/A;N/A;N/A;N/A;N/A;N/A;N/A;N/A;N/A;N/A;N/A;N/A;N/A;N/A;N/A;N/A;N/A;N/A;N/A;N/A;N/A;N/A;N/A;N/A;N/A;N/A;;0;323.9;0;0;;Disabled;TempStop;2;700;327.6;279;0;0;599.9;549.9;Enabled;PosOk;2;0;0;0;0;0;15;Disabled;0;0;0;0;0;0;0;0;0;0;0;0;0;0;0;0;0;0;0;0;0;0;0;0;0;0;0;0;0;0;0;0;0;0;0;0;0;0;0;0;0;0;0;0;0;0;0;0;0;0;0;0;0;0;0;0;0;0;0;0;0;0;0;0;0;0;0;0;0;0;30;33;20;45;30;30;20;45;30;33;20;45;30;30;20;45;200;142;100;300;200;140;100;300;200;140;100;300;200;141;100;300;30;32;20;45;30;30;20;45;30;31;20;45;30;30;20;45;200;144;100;300;200;143;100;300;200;242;100;300;200;244;100;300;4;2;0.4;6;4;5;0.4;6;4;2;0.4;6;4;5;0.4;6;4;2;0.4;6;4;5;0.4;6;4;2;0.4;6;4;5;0.4;6;NOK;NOK;OK;7000;7104;6500;8100;OK;4.98;0;8;12;NOK;N/A;1.5;N/A;N/A;N/A;9;12.3;7;18;OK;;0;0;0;-;Disabled;TempOk;2;230;42.9;43.5;0;0;349.9;441345100 daimler 1500 1900;441345100 daimler 1500 1900;441345100 Daimler 1500 1900
20260320_23:10:14;10064;4;1;950;939.5;925;975;OK;950;950.6;925;975;OK;956.5;954.2;-15;-21.4;-50;-5;OK;-15;-8.1;-50;-5;OK;-11.9;-9.6;0;-15;-21.5;-50;-5;OK;300;311;300;500;OK;17.82;18.29;N/A;N/A;N/A;N/A;N/A;N/A;N/A;N/A;N/A;N/A;N/A;N/A;N/A;N/A;N/A;N/A;N/A;N/A;N/A;N/A;N/A;N/A;N/A;N/A;N/A;N/A;N/A;N/A;N/A;N/A;N/A;N/A;N/A;N/A;N/A;N/A;N/A;N/A;N/A;N/A;N/A;N/A;N/A;N/A;N/A;N/A;N/A;N/A;N/A;N/A;N/A;N/A;N/A;N/A;N/A;N/A;N/A;N/A;N/A;N/A;N/A;N/A;N/A;N/A;N/A;N/A;N/A;N/A;N/A;N/A;N/A;N/A;N/A;N/A;N/A;N/A;N/A;N/A;N/A;N/A;N/A;N/A;N/A;N/A;N/A;N/A;N/A;N/A;N/A;N/A;N/A;N/A;N/A;N/A;N/A;N/A;N/A;N/A;;0;321.6;0;0;;Disabled;TempStop;2;700;325.4;276.7;0;0;599.9;549.9;Enabled;PosOk;2;0;0;0;0;0;15;Disabled;0;0;0;0;0;0;0;0;0;0;0;0;0;0;0;0;0;0;0;0;0;0;0;0;0;0;0;0;0;0;0;0;0;0;0;0;0;0;0;0;0;0;0;0;0;0;0;0;0;0;0;0;0;0;0;0;0;0;0;0;0;0;0;0;0;0;0;0;0;0;30;33;20;45;30;30;20;45;30;33;20;45;30;29;20;45;200;142;100;300;200;140;100;300;200;141;100;300;200;140;100;300;30;32;20;45;30;29;20;45;30;31;20;45;30;30;20;45;200;144;100;300;200;143;100;300;200;243;100;300;200;244;100;300;4;2;0.4;6;4;5;0.4;6;4;2;0.4;6;4;5;0.4;6;4;3;0.4;6;4;6;0.4;6;4;2;0.4;6;4;5;0.4;6;NOK;NOK;OK;7000;7095;6500;8100;OK;4.98;0;8;12;NOK;N/A;1.51;N/A;N/A;N/A;9;12.4;7;18;OK;;0;0;0;-;Disabled;TempOk;2;230;43.1;43.9;0;0;349.9;441345100 daimler 1500 1900;441345100 daimler 1500 1900;441345100 Daimler 1500 1900
20260320_23:10:32;10065;3;1;950;940.3;925;975;OK;950;951.4;925;975;OK;951.4;951.4;-20;-14.3;-50;-25;NOK;-20;-13.9;-50;-25;NOK;-11.5;-12.7;0;-20;-14.4;-50;-25;NOK;300;311;300;500;OK;0;0;N/A;N/A;N/A;N/A;N/A;N/A;N/A;N/A;N/A;N/A;N/A;N/A;N/A;N/A;N/A;N/A;N/A;N/A;N/A;N/A;N/A;N/A;N/A;N/A;N/A;N/A;N/A;N/A;N/A;N/A;N/A;N/A;N/A;N/A;N/A;N/A;N/A;N/A;N/A;N/A;N/A;N/A;N/A;N/A;N/A;N/A;N/A;N/A;N/A;N/A;N/A;N/A;N/A;N/A;N/A;N/A;N/A;N/A;N/A;N/A;N/A;N/A;N/A;N/A;N/A;N/A;N/A;N/A;N/A;N/A;N/A;N/A;N/A;N/A;N/A;N/A;N/A;N/A;N/A;N/A;N/A;N/A;N/A;N/A;N/A;N/A;N/A;N/A;N/A;N/A;N/A;N/A;N/A;N/A;N/A;N/A;N/A;N/A;;0;322.7;0;0;;Disabled;TempStop;2;700;326.4;277.6;0;0;599.9;549.9;Enabled;PosOk;2;0;0;0;0;0;15;Disabled;0;0;0;0;0;0;0;0;0;0;0;0;0;0;0;0;0;0;0;0;0;0;0;0;0;0;0;0;0;0;0;0;0;0;0;0;0;0;0;0;0;0;0;0;0;0;0;0;0;0;0;0;0;0;0;0;0;0;0;0;0;0;0;0;0;0;0;0;0;0;30;33;20;45;30;30;20;45;30;33;20;45;30;30;20;45;200;142;100;300;200;140;100;300;200;141;100;300;200;141;100;300;30;32;20;45;30;30;20;45;30;31;20;45;30;30;20;45;200;144;100;300;200;143;100;300;200;242;100;300;200;243;100;300;4;2;0.4;6;4;5;0.4;6;4;2;0.4;6;4;5;0.4;6;4;2;0.4;6;4;5;0.4;6;4;2;0.4;6;4;5;0.4;6;NOK;NOK;OK;7000;7099;6500;8100;OK;4.98;0;8;12;NOK;N/A;1.5;N/A;N/A;N/A;9;12.5;7;18;OK;;0;0;0;-;Disabled;TempOk;2;230;43.3;43.5;0;0;349.9;441345100 daimler 1500 1900;441345100 daimler 1500 1900;441345100 Daimler 1500 1900
20260320_23:10:50;10066;2;2;950;939.2;925;975;OK;950;950.7;925;975;OK;950.5;950.5;-15;-18.9;-50;-20;NOK;-15;-18.5;-50;-20;NOK;-15.3;-16.6;0;-15;-19;-50;-20;NOK;300;311;300;500;OK;0;0;N/A;N/A;N/A;N/A;N/A;N/A;N/A;N/A;N/A;N/A;N/A;N/A;N/A;N/A;N/A;N/A;N/A;N/A;N/A;N/A;N/A;N/A;N/A;N/A;N/A;N/A;N/A;N/A;N/A;N/A;N/A;N/A;N/A;N/A;N/A;N/A;N/A;N/A;N/A;N/A;N/A;N/A;N/A;N/A;N/A;N/A;N/A;N/A;N/A;N/A;N/A;N/A;N/A;N/A;N/A;N/A;N/A;N/A;N/A;N/A;N/A;N/A;N/A;N/A;N/A;N/A;N/A;N/A;N/A;N/A;N/A;N/A;N/A;N/A;N/A;N/A;N/A;N/A;N/A;N/A;N/A;N/A;N/A;N/A;N/A;N/A;N/A;N/A;N/A;N/A;N/A;N/A;N/A;N/A;N/A;N/A;N/A;N/A;;0;325.1;0;0;;Disabled;TempStop;2;700;328.9;279;0;0;599.9;549.9;Enabled;PosOk;2;0;0;0;0;0;15;Disabled;0;0;0;0;0;0;0;0;0;0;0;0;0;0;0;0;0;0;0;0;0;0;0;0;0;0;0;0;0;0;0;0;0;0;0;0;0;0;0;0;0;0;0;0;0;0;0;0;0;0;0;0;0;0;0;0;0;0;0;0;0;0;0;0;0;0;0;0;0;0;30;33;20;45;30;30;20;45;30;33;20;45;30;30;20;45;200;142;100;300;200;139;100;300;200;141;100;300;200;141;100;300;30;33;20;45;30;30;20;45;30;32;20;45;30;30;20;45;200;144;100;300;200;143;100;300;200;243;100;300;200;244;100;300;4;2;0.4;6;4;5;0.4;6;4;2;0.4;6;4;5;0.4;6;4;2;0.4;6;4;5;0.4;6;4;2;0.4;6;4;5;0.4;6;NOK;NOK;OK;7000;7087;6500;8100;OK;4.98;0;8;12;NOK;N/A;1.5;N/A;N/A;N/A;9;11.9;7;18;OK;;0;0;0;-;Disabled;TempOk;2;230;43.5;44.2;0;0;349.9;441345100 daimler 1500 1900;441345100 daimler 1500 1900;441345100 Daimler 1500 1900
20260320_23:11:08;10067;1;2;950;941.5;925;975;OK;950;951.7;925;975;OK;951.6;951.7;-20;-11.8;-50;-25;NOK;-20;-12.6;-50;-25;NOK;-13.3;-14.2;0;-20;-11.6;-50;-25;NOK;300;311;300;500;OK;0;0;N/A;N/A;N/A;N/A;N/A;N/A;N/A;N/A;N/A;N/A;N/A;N/A;N/A;N/A;N/A;N/A;N/A;N/A;N/A;N/A;N/A;N/A;N/A;N/A;N/A;N/A;N/A;N/A;N/A;N/A;N/A;N/A;N/A;N/A;N/A;N/A;N/A;N/A;N/A;N/A;N/A;N/A;N/A;N/A;N/A;N/A;N/A;N/A;N/A;N/A;N/A;N/A;N/A;N/A;N/A;N/A;N/A;N/A;N/A;N/A;N/A;N/A;N/A;N/A;N/A;N/A;N/A;N/A;N/A;N/A;N/A;N/A;N/A;N/A;N/A;N/A;N/A;N/A;N/A;N/A;N/A;N/A;N/A;N/A;N/A;N/A;N/A;N/A;N/A;N/A;N/A;N/A;N/A;N/A;N/A;N/A;N/A;N/A;;0;323.9;0;0;;Disabled;TempStop;2;700;327.9;278.2;0;0;599.9;549.9;Enabled;PosOk;2;0;0;0;0;0;15;Disabled;0;0;0;0;0;0;0;0;0;0;0;0;0;0;0;0;0;0;0;0;0;0;0;0;0;0;0;0;0;0;0;0;0;0;0;0;0;0;0;0;0;0;0;0;0;0;0;0;0;0;0;0;0;0;0;0;0;0;0;0;0;0;0;0;0;0;0;0;0;0;30;33;20;45;30;30;20;45;30;33;20;45;30;30;20;45;200;142;100;300;200;140;100;300;200;141;100;300;200;141;100;300;30;33;20;45;30;30;20;45;30;32;20;45;30;30;20;45;200;144;100;300;200;143;100;300;200;243;100;300;200;244;100;300;4;2;0.4;6;4;5;0.4;6;4;2;0.4;6;4;5;0.4;6;4;2;0.4;6;4;5;0.4;6;4;2;0.4;6;4;5;0.4;6;NOK;NOK;OK;7000;7091;6500;8100;OK;4.98;0;8;12;NOK;N/A;1.5;N/A;N/A;N/A;9;11.9;7;18;OK;;0;0;0;-;Disabled;TempOk;2;230;43.5;45.7;0;0;349.9;441345100 daimler 1500 1900;441345100 daimler 1500 1900;441345100 Daimler 1500 1900
20260320_23:11:26;10068;4;2;950;939;925;975;OK;950;956.7;925;975;OK;956.8;956.9;-15;-20.5;-50;-5;OK;-15;-12.8;-50;-5;OK;-16.3;-15.1;0;-15;-20.5;-50;-5;OK;300;311;300;500;OK;17.97;18.39;N/A;N/A;N/A;N/A;N/A;N/A;N/A;N/A;N/A;N/A;N/A;N/A;N/A;N/A;N/A;N/A;N/A;N/A;N/A;N/A;N/A;N/A;N/A;N/A;N/A;N/A;N/A;N/A;N/A;N/A;N/A;N/A;N/A;N/A;N/A;N/A;N/A;N/A;N/A;N/A;N/A;N/A;N/A;N/A;N/A;N/A;N/A;N/A;N/A;N/A;N/A;N/A;N/A;N/A;N/A;N/A;N/A;N/A;N/A;N/A;N/A;N/A;N/A;N/A;N/A;N/A;N/A;N/A;N/A;N/A;N/A;N/A;N/A;N/A;N/A;N/A;N/A;N/A;N/A;N/A;N/A;N/A;N/A;N/A;N/A;N/A;N/A;N/A;N/A;N/A;N/A;N/A;N/A;N/A;N/A;N/A;N/A;N/A;;0;323.8;0;0;;Disabled;TempStop;2;700;327.7;278.3;0;0;599.9;549.9;Enabled;PosOk;2;0;0;0;0;0;15;Disabled;0;0;0;0;0;0;0;0;0;0;0;0;0;0;0;0;0;0;0;0;0;0;0;0;0;0;0;0;0;0;0;0;0;0;0;0;0;0;0;0;0;0;0;0;0;0;0;0;0;0;0;0;0;0;0;0;0;0;0;0;0;0;0;0;0;0;0;0;0;0;30;33;20;45;30;30;20;45;30;33;20;45;30;30;20;45;200;142;100;300;200;140;100;300;200;141;100;300;200;141;100;300;30;32;20;45;30;29;20;45;30;31;20;45;30;29;20;45;200;144;100;300;200;143;100;300;200;243;100;300;200;244;100;300;4;2;0.4;6;4;5;0.4;6;4;2;0.4;6;4;5;0.4;6;4;2;0.4;6;4;5;0.4;6;4;2;0.4;6;4;5;0.4;6;NOK;NOK;OK;7000;7086;6500;8100;OK;4.97;0;8;12;NOK;N/A;1.5;N/A;N/A;N/A;9;12;7;18;OK;;0;0;0;-;Disabled;TempOk;2;230;43.1;43.9;0;0;349.9;441345100 daimler 1500 1900;441345100 daimler 1500 1900;441345100 Daimler 1500 1900
20260320_23:11:44;10069;3;2;950;940.9;925;975;OK;950;951.8;925;975;OK;951.7;951.8;-20;-13.9;-50;-25;NOK;-20;-14.4;-50;-25;NOK;-13.4;-14.5;0;-20;-13.7;-50;-25;NOK;300;311;300;500;OK;0;0;N/A;N/A;N/A;N/A;N/A;N/A;N/A;N/A;N/A;N/A;N/A;N/A;N/A;N/A;N/A;N/A;N/A;N/A;N/A;N/A;N/A;N/A;N/A;N/A;N/A;N/A;N/A;N/A;N/A;N/A;N/A;N/A;N/A;N/A;N/A;N/A;N/A;N/A;N/A;N/A;N/A;N/A;N/A;N/A;N/A;N/A;N/A;N/A;N/A;N/A;N/A;N/A;N/A;N/A;N/A;N/A;N/A;N/A;N/A;N/A;N/A;N/A;N/A;N/A;N/A;N/A;N/A;N/A;N/A;N/A;N/A;N/A;N/A;N/A;N/A;N/A;N/A;N/A;N/A;N/A;N/A;N/A;N/A;N/A;N/A;N/A;N/A;N/A;N/A;N/A;N/A;N/A;N/A;N/A;N/A;N/A;N/A;N/A;;0;322;0;0;;Disabled;TempStop;2;700;325.9;277;0;0;599.9;549.9;Enabled;PosOk;2;0;0;0;0;0;15;Disabled;0;0;0;0;0;0;0;0;0;0;0;0;0;0;0;0;0;0;0;0;0;0;0;0;0;0;0;0;0;0;0;0;0;0;0;0;0;0;0;0;0;0;0;0;0;0;0;0;0;0;0;0;0;0;0;0;0;0;0;0;0;0;0;0;0;0;0;0;0;0;30;33;20;45;30;29;20;45;30;34;20;45;30;29;20;45;200;142;100;300;200;139;100;300;200;141;100;300;200;140;100;300;30;32;20;45;30;29;20;45;30;31;20;45;30;29;20;45;200;144;100;300;200;143;100;300;200;243;100;300;200;244;100;300;4;2;0.4;6;4;5;0.4;6;4;2;0.4;6;4;5;0.4;6;4;2;0.4;6;4;5;0.4;6;4;2;0.4;6;4;5;0.4;6;NOK;NOK;OK;7000;7094;6500;8100;OK;4.98;0;8;12;NOK;N/A;1.5;N/A;N/A;N/A;9;11.9;7;18;OK;;0;0;0;-;Disabled;TempOk;2;230;43.5;43.5;0;0;349.9;441345100 daimler 1500 1900;441345100 daimler 1500 1900;441345100 Daimler 1500 1900
20260320_23:12:02;10070;4;3;950;946.6;925;975;OK;950;953.7;925;975;OK;954.7;954.6;-15;-20.9;-50;-5;OK;-15;-12.3;-50;-5;OK;-15.6;-14.6;0;-15;-20.9;-50;-5;OK;300;311;300;500;OK;18.03;18.45;N/A;N/A;N/A;N/A;N/A;N/A;N/A;N/A;N/A;N/A;N/A;N/A;N/A;N/A;N/A;N/A;N/A;N/A;N/A;N/A;N/A;N/A;N/A;N/A;N/A;N/A;N/A;N/A;N/A;N/A;N/A;N/A;N/A;N/A;N/A;N/A;N/A;N/A;N/A;N/A;N/A;N/A;N/A;N/A;N/A;N/A;N/A;N/A;N/A;N/A;N/A;N/A;N/A;N/A;N/A;N/A;N/A;N/A;N/A;N/A;N/A;N/A;N/A;N/A;N/A;N/A;N/A;N/A;N/A;N/A;N/A;N/A;N/A;N/A;N/A;N/A;N/A;N/A;N/A;N/A;N/A;N/A;N/A;N/A;N/A;N/A;N/A;N/A;N/A;N/A;N/A;N/A;N/A;N/A;N/A;N/A;N/A;N/A;;0;322;0;0;;Disabled;TempStop;2;700;325.9;277.5;0;0;599.9;549.9;Enabled;PosOk;2;0;0;0;0;0;15;Disabled;0;0;0;0;0;0;0;0;0;0;0;0;0;0;0;0;0;0;0;0;0;0;0;0;0;0;0;0;0;0;0;0;0;0;0;0;0;0;0;0;0;0;0;0;0;0;0;0;0;0;0;0;0;0;0;0;0;0;0;0;0;0;0;0;0;0;0;0;0;0;30;33;20;45;30;29;20;45;30;33;20;45;30;29;20;45;200;142;100;300;200;140;100;300;200;141;100;300;200;140;100;300;30;32;20;45;30;29;20;45;30;31;20;45;30;29;20;45;200;144;100;300;200;143;100;300;200;243;100;300;200;244;100;300;4;2;0.4;6;4;5;0.4;6;4;2;0.4;6;4;5;0.4;6;4;2;0.4;6;4;5;0.4;6;4;2;0.4;6;4;5;0.4;6;NOK;NOK;OK;7000;7105;6500;8100;OK;4.98;0;8;12;NOK;N/A;1.5;N/A;N/A;N/A;9;11.8;7;18;OK;;0;0;0;-;Disabled;TempOk;2;230;43.3;43.7;0;0;349.9;441345100 daimler 1500 1900;441345100 daimler 1500 1900;441345100 Daimler 1500 1900
20260320_23:12:20;10071;1;3;950;940.5;925;975;OK;950;951.7;925;975;OK;951.7;951.7;-20;-11.8;-50;-25;NOK;-20;-12.4;-50;-25;NOK;-15.2;-14.9;0;-20;-11.7;-50;-25;NOK;300;311;300;500;OK;0;0;N/A;N/A;N/A;N/A;N/A;N/A;N/A;N/A;N/A;N/A;N/A;N/A;N/A;N/A;N/A;N/A;N/A;N/A;N/A;N/A;N/A;N/A;N/A;N/A;N/A;N/A;N/A;N/A;N/A;N/A;N/A;N/A;N/A;N/A;N/A;N/A;N/A;N/A;N/A;N/A;N/A;N/A;N/A;N/A;N/A;N/A;N/A;N/A;N/A;N/A;N/A;N/A;N/A;N/A;N/A;N/A;N/A;N/A;N/A;N/A;N/A;N/A;N/A;N/A;N/A;N/A;N/A;N/A;N/A;N/A;N/A;N/A;N/A;N/A;N/A;N/A;N/A;N/A;N/A;N/A;N/A;N/A;N/A;N/A;N/A;N/A;N/A;N/A;N/A;N/A;N/A;N/A;N/A;N/A;N/A;N/A;N/A;N/A;;0;324.3;0;0;;Disabled;TempStop;2;700;328;279.2;0;0;599.9;549.9;Enabled;PosOk;2;0;0;0;0;0;15;Disabled;0;0;0;0;0;0;0;0;0;0;0;0;0;0;0;0;0;0;0;0;0;0;0;0;0;0;0;0;0;0;0;0;0;0;0;0;0;0;0;0;0;0;0;0;0;0;0;0;0;0;0;0;0;0;0;0;0;0;0;0;0;0;0;0;0;0;0;0;0;0;30;33;20;45;30;30;20;45;30;33;20;45;30;30;20;45;200;142;100;300;200;140;100;300;200;141;100;300;200;140;100;300;30;32;20;45;30;30;20;45;30;31;20;45;30;30;20;45;200;144;100;300;200;143;100;300;200;243;100;300;200;244;100;300;4;2;0.4;6;4;5;0.4;6;4;2;0.4;6;4;5;0.4;6;4;2;0.4;6;4;5;0.4;6;4;2;0.4;6;4;5;0.4;6;NOK;NOK;OK;7000;7094;6500;8100;OK;4.97;0;8;12;NOK;N/A;1.5;N/A;N/A;N/A;9;11.7;7;18;OK;;0;0;0;-;Disabled;TempOk;2;230;43.1;43.7;0;0;349.9;441345100 daimler 1500 1900;441345100 daimler 1500 1900;441345100 Daimler 1500 1900
20260320_23:12:38;10072;2;1;950;941;925;975;OK;950;951.2;925;975;OK;951;951.3;-15;-18.5;-50;-20;NOK;-15;-18.3;-50;-20;NOK;-15.9;-17;0;-15;-18.6;-50;-20;NOK;300;311;300;500;OK;0;0;N/A;N/A;N/A;N/A;N/A;N/A;N/A;N/A;N/A;N/A;N/A;N/A;N/A;N/A;N/A;N/A;N/A;N/A;N/A;N/A;N/A;N/A;N/A;N/A;N/A;N/A;N/A;N/A;N/A;N/A;N/A;N/A;N/A;N/A;N/A;N/A;N/A;N/A;N/A;N/A;N/A;N/A;N/A;N/A;N/A;N/A;N/A;N/A;N/A;N/A;N/A;N/A;N/A;N/A;N/A;N/A;N/A;N/A;N/A;N/A;N/A;N/A;N/A;N/A;N/A;N/A;N/A;N/A;N/A;N/A;N/A;N/A;N/A;N/A;N/A;N/A;N/A;N/A;N/A;N/A;N/A;N/A;N/A;N/A;N/A;N/A;N/A;N/A;N/A;N/A;N/A;N/A;N/A;N/A;N/A;N/A;N/A;N/A;;0;323.9;0;0;;Disabled;TempStop;2;700;327.7;279.1;0;0;599.9;549.9;Enabled;PosOk;2;0;0;0;0;0;15;Disabled;0;0;0;0;0;0;0;0;0;0;0;0;0;0;0;0;0;0;0;0;0;0;0;0;0;0;0;0;0;0;0;0;0;0;0;0;0;0;0;0;0;0;0;0;0;0;0;0;0;0;0;0;0;0;0;0;0;0;0;0;0;0;0;0;0;0;0;0;0;0;30;33;20;45;30;30;20;45;30;33;20;45;30;30;20;45;200;142;100;300;200;140;100;300;200;141;100;300;200;141;100;300;30;32;20;45;30;30;20;45;30;32;20;45;30;30;20;45;200;144;100;300;200;143;100;300;200;242;100;300;200;243;100;300;4;2;0.4;6;4;5;0.4;6;4;2;0.4;6;4;5;0.4;6;4;2;0.4;6;4;5;0.4;6;4;2;0.4;6;4;5;0.4;6;NOK;NOK;OK;7000;7084;6500;8100;OK;4.98;0;8;12;NOK;N/A;1.5;N/A;N/A;N/A;9;11.6;7;18;OK;;0;0;0;-;Disabled;TempOk;2;230;43.9;43.7;0;0;349.9;441345100 daimler 1500 1900;441345100 daimler 1500 1900;441345100 Daimler 1500 1900
20260320_23:12:56;10073;3;3;950;940.5;925;975;OK;950;951.5;925;975;OK;951.7;951.6;-20;-13.7;-50;-25;NOK;-20;-13.8;-50;-25;NOK;-12.1;-13.2;0;-20;-13.6;-50;-25;NOK;300;311;300;500;OK;0;0;N/A;N/A;N/A;N/A;N/A;N/A;N/A;N/A;N/A;N/A;N/A;N/A;N/A;N/A;N/A;N/A;N/A;N/A;N/A;N/A;N/A;N/A;N/A;N/A;N/A;N/A;N/A;N/A;N/A;N/A;N/A;N/A;N/A;N/A;N/A;N/A;N/A;N/A;N/A;N/A;N/A;N/A;N/A;N/A;N/A;N/A;N/A;N/A;N/A;N/A;N/A;N/A;N/A;N/A;N/A;N/A;N/A;N/A;N/A;N/A;N/A;N/A;N/A;N/A;N/A;N/A;N/A;N/A;N/A;N/A;N/A;N/A;N/A;N/A;N/A;N/A;N/A;N/A;N/A;N/A;N/A;N/A;N/A;N/A;N/A;N/A;N/A;N/A;N/A;N/A;N/A;N/A;N/A;N/A;N/A;N/A;N/A;N/A;;0;321.6;0;0;;Disabled;TempStop;2;700;325.5;276;0;0;599.9;549.9;Enabled;PosOk;2;0;0;0;0;0;15;Disabled;0;0;0;0;0;0;0;0;0;0;0;0;0;0;0;0;0;0;0;0;0;0;0;0;0;0;0;0;0;0;0;0;0;0;0;0;0;0;0;0;0;0;0;0;0;0;0;0;0;0;0;0;0;0;0;0;0;0;0;0;0;0;0;0;0;0;0;0;0;0;30;33;20;45;30;30;20;45;30;33;20;45;30;30;20;45;200;142;100;300;200;140;100;300;200;141;100;300;200;141;100;300;30;33;20;45;30;30;20;45;30;32;20;45;30;30;20;45;200;144;100;300;200;143;100;300;200;243;100;300;200;244;100;300;4;2;0.4;6;4;5;0.4;6;4;2;0.4;6;4;5;0.4;6;4;2;0.4;6;4;5;0.4;6;4;3;0.4;6;4;5;0.4;6;NOK;NOK;OK;7000;7095;6500;8100;OK;4.98;0;8;12;NOK;N/A;1.5;N/A;N/A;N/A;9;11.7;7;18;OK;;0;0;0;-;Disabled;TempOk;2;230;43.3;43.5;0;0;349.9;441345100 daimler 1500 1900;441345100 daimler 1500 1900;441345100 Daimler 1500 1900
20260320_23:13:14;10074;2;4;950;939.6;925;975;OK;950;950.6;925;975;OK;950.4;950.5;-15;-24.3;-50;-20;OK;-15;-23.7;-50;-20;OK;-19.7;-21.5;0;-15;-24.4;-50;-20;OK;300;311;300;500;OK;0;0;N/A;N/A;N/A;N/A;N/A;N/A;N/A;N/A;N/A;N/A;N/A;N/A;N/A;N/A;N/A;N/A;N/A;N/A;N/A;N/A;N/A;N/A;N/A;N/A;N/A;N/A;N/A;N/A;N/A;N/A;N/A;N/A;N/A;N/A;N/A;N/A;N/A;N/A;N/A;N/A;N/A;N/A;N/A;N/A;N/A;N/A;N/A;N/A;N/A;N/A;N/A;N/A;N/A;N/A;N/A;N/A;N/A;N/A;N/A;N/A;N/A;N/A;N/A;N/A;N/A;N/A;N/A;N/A;N/A;N/A;N/A;N/A;N/A;N/A;N/A;N/A;N/A;N/A;N/A;N/A;N/A;N/A;N/A;N/A;N/A;N/A;N/A;N/A;N/A;N/A;N/A;N/A;N/A;N/A;N/A;N/A;N/A;N/A;;0;322.4;0;0;;Disabled;TempStop;2;700;326.2;276.7;0;0;599.9;549.9;Enabled;PosOk;2;0;0;0;0;0;15;Disabled;0;0;0;0;0;0;0;0;0;0;0;0;0;0;0;0;0;0;0;0;0;0;0;0;0;0;0;0;0;0;0;0;0;0;0;0;0;0;0;0;0;0;0;0;0;0;0;0;0;0;0;0;0;0;0;0;0;0;0;0;0;0;0;0;0;0;0;0;0;0;30;33;20;45;30;30;20;45;30;33;20;45;30;30;20;45;200;142;100;300;200;140;100;300;200;141;100;300;200;140;100;300;30;33;20;45;30;30;20;45;30;32;20;45;30;30;20;45;200;144;100;300;200;143;100;300;200;243;100;300;200;244;100;300;4;2;0.4;6;4;5;0.4;6;4;2;0.4;6;4;5;0.4;6;4;2;0.4;6;4;5;0.4;6;4;2;0.4;6;4;5;0.4;6;NOK;NOK;OK;7000;7100;6500;8100;OK;4.98;0;8;12;NOK;N/A;1.5;N/A;N/A;N/A;9;11.5;7;18;OK;;0;0;0;-;Disabled;TempOk;2;230;43.3;44.2;0;0;349.9;441345100 daimler 1500 1900;441345100 daimler 1500 1900;441345100 Daimler 1500 1900
20260320_23:13:32;10075;1;4;950;940.7;925;975;OK;950;950.9;925;975;OK;950.9;950.7;-20;-10.2;-50;-25;NOK;-20;-10.8;-50;-25;NOK;-13.5;-13.1;0;-20;-10.1;-50;-25;NOK;300;311;300;500;OK;0;0;N/A;N/A;N/A;N/A;N/A;N/A;N/A;N/A;N/A;N/A;N/A;N/A;N/A;N/A;N/A;N/A;N/A;N/A;N/A;N/A;N/A;N/A;N/A;N/A;N/A;N/A;N/A;N/A;N/A;N/A;N/A;N/A;N/A;N/A;N/A;N/A;N/A;N/A;N/A;N/A;N/A;N/A;N/A;N/A;N/A;N/A;N/A;N/A;N/A;N/A;N/A;N/A;N/A;N/A;N/A;N/A;N/A;N/A;N/A;N/A;N/A;N/A;N/A;N/A;N/A;N/A;N/A;N/A;N/A;N/A;N/A;N/A;N/A;N/A;N/A;N/A;N/A;N/A;N/A;N/A;N/A;N/A;N/A;N/A;N/A;N/A;N/A;N/A;N/A;N/A;N/A;N/A;N/A;N/A;N/A;N/A;N/A;N/A;;0;323.1;0;0;;Disabled;TempStop;2;700;327;277.6;0;0;599.9;549.9;Enabled;PosOk;2;0;0;0;0;0;15;Disabled;0;0;0;0;0;0;0;0;0;0;0;0;0;0;0;0;0;0;0;0;0;0;0;0;0;0;0;0;0;0;0;0;0;0;0;0;0;0;0;0;0;0;0;0;0;0;0;0;0;0;0;0;0;0;0;0;0;0;0;0;0;0;0;0;0;0;0;0;0;0;30;33;20;45;30;29;20;45;30;34;20;45;30;29;20;45;200;142;100;300;200;140;100;300;200;141;100;300;200;140;100;300;30;32;20;45;30;29;20;45;30;31;20;45;30;30;20;45;200;144;100;300;200;143;100;300;200;243;100;300;200;244;100;300;4;2;0.4;6;4;5;0.4;6;4;2;0.4;6;4;5;0.4;6;4;2;0.4;6;4;5;0.4;6;4;2;0.4;6;4;5;0.4;6;NOK;NOK;OK;7000;7102;6500;8100;OK;4.98;0;8;12;NOK;N/A;1.5;N/A;N/A;N/A;9;11.6;7;18;OK;;0;0;0;-;Disabled;TempOk;2;230;43.1;43.7;0;0;349.9;441345100 daimler 1500 1900;441345100 daimler 1500 1900;441345100 Daimler 1500 1900
20260320_23:13:50;10076;4;4;950;925.1;925;975;OK;950;954;925;975;OK;953.8;953.9;-15;-11.4;-50;-5;OK;-15;-7.6;-50;-5;OK;-7.2;-5.7;0;-15;-11.5;-50;-5;OK;300;311;300;500;OK;18.2;18.7;N/A;N/A;N/A;N/A;N/A;N/A;N/A;N/A;N/A;N/A;N/A;N/A;N/A;N/A;N/A;N/A;N/A;N/A;N/A;N/A;N/A;N/A;N/A;N/A;N/A;N/A;N/A;N/A;N/A;N/A;N/A;N/A;N/A;N/A;N/A;N/A;N/A;N/A;N/A;N/A;N/A;N/A;N/A;N/A;N/A;N/A;N/A;N/A;N/A;N/A;N/A;N/A;N/A;N/A;N/A;N/A;N/A;N/A;N/A;N/A;N/A;N/A;N/A;N/A;N/A;N/A;N/A;N/A;N/A;N/A;N/A;N/A;N/A;N/A;N/A;N/A;N/A;N/A;N/A;N/A;N/A;N/A;N/A;N/A;N/A;N/A;N/A;N/A;N/A;N/A;N/A;N/A;N/A;N/A;N/A;N/A;N/A;N/A;;0;322.2;0;0;;Disabled;TempStop;2;700;326.1;277.1;0;0;599.9;549.9;Enabled;PosOk;2;0;0;0;0;0;15;Disabled;0;0;0;0;0;0;0;0;0;0;0;0;0;0;0;0;0;0;0;0;0;0;0;0;0;0;0;0;0;0;0;0;0;0;0;0;0;0;0;0;0;0;0;0;0;0;0;0;0;0;0;0;0;0;0;0;0;0;0;0;0;0;0;0;0;0;0;0;0;0;30;33;20;45;30;29;20;45;30;33;20;45;30;29;20;45;200;142;100;300;200;139;100;300;200;140;100;300;200;141;100;300;30;32;20;45;30;29;20;45;30;31;20;45;30;29;20;45;200;143;100;300;200;143;100;300;200;243;100;300;200;244;100;300;4;2;0.4;6;4;5;0.4;6;4;2;0.4;6;4;5;0.4;6;4;2;0.4;6;4;5;0.4;6;4;2;0.4;6;4;5;0.4;6;NOK;NOK;OK;7000;7081;6500;8100;OK;4.98;0;8;12;NOK;N/A;1.5;N/A;N/A;N/A;9;11.5;7;18;OK;;0;0;0;-;Disabled;TempOk;2;230;43.7;43.9;0;0;349.9;441345100 daimler 1500 1900;441345100 daimler 1500 1900;441345100 Daimler 1500 1900
20260320_23:14:08;10077;3;4;950;940.9;925;975;OK;950;951.5;925;975;OK;951.3;951.6;-20;-11.9;-50;-25;NOK;-20;-12.8;-50;-25;NOK;-16.1;-15.6;0;-20;-11.7;-50;-25;NOK;300;311;300;500;OK;0;0;N/A;N/A;N/A;N/A;N/A;N/A;N/A;N/A;N/A;N/A;N/A;N/A;N/A;N/A;N/A;N/A;N/A;N/A;N/A;N/A;N/A;N/A;N/A;N/A;N/A;N/A;N/A;N/A;N/A;N/A;N/A;N/A;N/A;N/A;N/A;N/A;N/A;N/A;N/A;N/A;N/A;N/A;N/A;N/A;N/A;N/A;N/A;N/A;N/A;N/A;N/A;N/A;N/A;N/A;N/A;N/A;N/A;N/A;N/A;N/A;N/A;N/A;N/A;N/A;N/A;N/A;N/A;N/A;N/A;N/A;N/A;N/A;N/A;N/A;N/A;N/A;N/A;N/A;N/A;N/A;N/A;N/A;N/A;N/A;N/A;N/A;N/A;N/A;N/A;N/A;N/A;N/A;N/A;N/A;N/A;N/A;N/A;N/A;;0;321;0;0;;Disabled;TempStop;2;700;324.8;276.3;0;0;599.9;549.9;Enabled;PosOk;2;0;0;0;0;0;15;Disabled;0;0;0;0;0;0;0;0;0;0;0;0;0;0;0;0;0;0;0;0;0;0;0;0;0;0;0;0;0;0;0;0;0;0;0;0;0;0;0;0;0;0;0;0;0;0;0;0;0;0;0;0;0;0;0;0;0;0;0;0;0;0;0;0;0;0;0;0;0;0;30;33;20;45;30;29;20;45;30;33;20;45;30;29;20;45;200;141;100;300;200;140;100;300;200;140;100;300;200;141;100;300;30;32;20;45;30;30;20;45;30;31;20;45;30;29;20;45;200;144;100;300;200;143;100;300;200;242;100;300;200;244;100;300;4;2;0.4;6;4;5;0.4;6;4;2;0.4;6;4;5;0.4;6;4;2;0.4;6;4;5;0.4;6;4;2;0.4;6;4;5;0.4;6;NOK;NOK;OK;7000;7087;6500;8100;OK;4.98;0;8;12;NOK;N/A;1.5;N/A;N/A;N/A;9;11.6;7;18;OK;;0;0;0;-;Disabled;TempOk;2;230;43.7;46.1;0;0;349.9;441345100 daimler 1500 1900;441345100 daimler 1500 1900;441345100 Daimler 1500 1900
20260320_23:14:44;10079;3;5;950;943.4;925;975;OK;950;951.1;925;975;OK;951.1;951.2;-20;-16;-50;-25;NOK;-20;-16;-50;-25;NOK;-16.3;-16.7;0;-20;-15.9;-50;-25;NOK;300;311;300;500;OK;0;0;N/A;N/A;N/A;N/A;N/A;N/A;N/A;N/A;N/A;N/A;N/A;N/A;N/A;N/A;N/A;N/A;N/A;N/A;N/A;N/A;N/A;N/A;N/A;N/A;N/A;N/A;N/A;N/A;N/A;N/A;N/A;N/A;N/A;N/A;N/A;N/A;N/A;N/A;N/A;N/A;N/A;N/A;N/A;N/A;N/A;N/A;N/A;N/A;N/A;N/A;N/A;N/A;N/A;N/A;N/A;N/A;N/A;N/A;N/A;N/A;N/A;N/A;N/A;N/A;N/A;N/A;N/A;N/A;N/A;N/A;N/A;N/A;N/A;N/A;N/A;N/A;N/A;N/A;N/A;N/A;N/A;N/A;N/A;N/A;N/A;N/A;N/A;N/A;N/A;N/A;N/A;N/A;N/A;N/A;N/A;N/A;N/A;N/A;;0;320.6;0;0;;Disabled;TempStop;2;700;323.9;276.5;0;0;599.9;549.9;Enabled;PosOk;2;0;0;0;0;0;15;Disabled;0;0;0;0;0;0;0;0;0;0;0;0;0;0;0;0;0;0;0;0;0;0;0;0;0;0;0;0;0;0;0;0;0;0;0;0;0;0;0;0;0;0;0;0;0;0;0;0;0;0;0;0;0;0;0;0;0;0;0;0;0;0;0;0;0;0;0;0;0;0;30;32;20;45;30;30;20;45;30;32;20;45;30;30;20;45;200;141;100;300;200;140;100;300;200;141;100;300;200;140;100;300;30;31;20;45;30;30;20;45;30;31;20;45;30;30;20;45;200;143;100;300;200;143;100;300;200;242;100;300;200;244;100;300;4;2;0.4;6;4;5;0.4;6;4;2;0.4;6;4;5;0.4;6;4;2;0.4;6;4;5;0.4;6;4;2;0.4;6;4;5;0.4;6;NOK;NOK;OK;7000;7053;6500;8100;OK;4.97;0;8;12;NOK;N/A;1.5;N/A;N/A;N/A;9;12.2;7;18;OK;;0;0;0;-;Disabled;TempOk;2;230;43.1;43.1;0;0;349.9;441345100 daimler 1500 1900;441345100 daimler 1500 1900;441345100 Daimler 1500 1900
20260320_23:15:02;10078;4;5;950;934.7;925;975;OK;950;950.4;925;975;OK;950.4;950.8;-15;-14.7;-50;-5;OK;-15;-13.5;-50;-5;OK;-11.8;-12.6;0;-15;-14.6;-50;-5;OK;300;311;300;500;OK;18.26;18.88;N/A;N/A;N/A;N/A;N/A;N/A;N/A;N/A;N/A;N/A;N/A;N/A;N/A;N/A;N/A;N/A;N/A;N/A;N/A;N/A;N/A;N/A;N/A;N/A;N/A;N/A;N/A;N/A;N/A;N/A;N/A;N/A;N/A;N/A;N/A;N/A;N/A;N/A;N/A;N/A;N/A;N/A;N/A;N/A;N/A;N/A;N/A;N/A;N/A;N/A;N/A;N/A;N/A;N/A;N/A;N/A;N/A;N/A;N/A;N/A;N/A;N/A;N/A;N/A;N/A;N/A;N/A;N/A;N/A;N/A;N/A;N/A;N/A;N/A;N/A;N/A;N/A;N/A;N/A;N/A;N/A;N/A;N/A;N/A;N/A;N/A;N/A;N/A;N/A;N/A;N/A;N/A;N/A;N/A;N/A;N/A;N/A;N/A;;0;323.5;0;0;;Disabled;TempStop;2;700;326.8;280.1;0;0;599.9;549.9;Enabled;PosOk;2;0;0;0;0;0;15;Disabled;0;0;0;0;0;0;0;0;0;0;0;0;0;0;0;0;0;0;0;0;0;0;0;0;0;0;0;0;0;0;0;0;0;0;0;0;0;0;0;0;0;0;0;0;0;0;0;0;0;0;0;0;0;0;0;0;0;0;0;0;0;0;0;0;0;0;0;0;0;0;30;32;20;45;30;30;20;45;30;32;20;45;30;30;20;45;200;142;100;300;200;140;100;300;200;140;100;300;200;140;100;300;30;32;20;45;30;30;20;45;30;31;20;45;30;30;20;45;200;144;100;300;200;143;100;300;200;243;100;300;200;243;100;300;4;2;0.4;6;4;5;0.4;6;4;2;0.4;6;4;5;0.4;6;4;2;0.4;6;4;5;0.4;6;4;3;0.4;6;4;5;0.4;6;NOK;NOK;OK;7000;7083;6500;8100;OK;4.98;0;8;12;NOK;N/A;1.5;N/A;N/A;N/A;9;12.3;7;18;OK;;0;0;0;-;Disabled;TempOk;2;230;42.9;44.4;0;0;349.9;441345100 daimler 1500 1900;441345100 daimler 1500 1900;441345100 Daimler 1500 1900
20260320_23:15:20;10080;1;1;950;940.4;925;975;OK;950;946.9;925;975;OK;948.1;947.6;-20;-15.3;-50;-25;NOK;-20;-14.9;-50;-25;NOK;-13.4;-14.1;0;-20;-15.3;-50;-25;NOK;300;311;300;500;OK;0;0;N/A;N/A;N/A;N/A;N/A;N/A;N/A;N/A;N/A;N/A;N/A;N/A;N/A;N/A;N/A;N/A;N/A;N/A;N/A;N/A;N/A;N/A;N/A;N/A;N/A;N/A;N/A;N/A;N/A;N/A;N/A;N/A;N/A;N/A;N/A;N/A;N/A;N/A;N/A;N/A;N/A;N/A;N/A;N/A;N/A;N/A;N/A;N/A;N/A;N/A;N/A;N/A;N/A;N/A;N/A;N/A;N/A;N/A;N/A;N/A;N/A;N/A;N/A;N/A;N/A;N/A;N/A;N/A;N/A;N/A;N/A;N/A;N/A;N/A;N/A;N/A;N/A;N/A;N/A;N/A;N/A;N/A;N/A;N/A;N/A;N/A;N/A;N/A;N/A;N/A;N/A;N/A;N/A;N/A;N/A;N/A;N/A;N/A;;0;323.7;0;0;;Disabled;TempStop;2;700;327.4;279.2;0;0;599.9;549.9;Enabled;PosOk;2;0;0;0;0;0;15;Disabled;0;0;0;0;0;0;0;0;0;0;0;0;0;0;0;0;0;0;0;0;0;0;0;0;0;0;0;0;0;0;0;0;0;0;0;0;0;0;0;0;0;0;0;0;0;0;0;0;0;0;0;0;0;0;0;0;0;0;0;0;0;0;0;0;0;0;0;0;0;0;30;33;20;45;30;30;20;45;30;33;20;45;30;30;20;45;200;142;100;300;200;139;100;300;200;141;100;300;200;140;100;300;30;32;20;45;30;30;20;45;30;31;20;45;30;30;20;45;200;144;100;300;200;143;100;300;200;242;100;300;200;243;100;300;4;2;0.4;6;4;5;0.4;6;4;2;0.4;6;4;5;0.4;6;4;2;0.4;6;4;5;0.4;6;4;2;0.4;6;4;5;0.4;6;NOK;NOK;OK;7000;7087;6500;8100;OK;4.97;0;8;12;NOK;N/A;1.5;N/A;N/A;N/A;9;12.3;7;18;OK;;0;0;0;-;Disabled;TempOk;2;230;43.5;43.5;0;0;349.9;441345100 daimler 1500 1900;441345100 daimler 1500 1900;441345100 Daimler 1500 1900
20260320_23:15:38;10081;4;1;950;936.4;925;975;OK;950;951.6;925;975;OK;950.4;950.7;-15;-8.2;-50;-5;OK;-15;-20.9;-50;-5;OK;-18.1;-19.5;0;-15;-8.2;-50;-5;OK;300;311;300;500;OK;18.3;18.96;N/A;N/A;N/A;N/A;N/A;N/A;N/A;N/A;N/A;N/A;N/A;N/A;N/A;N/A;N/A;N/A;N/A;N/A;N/A;N/A;N/A;N/A;N/A;N/A;N/A;N/A;N/A;N/A;N/A;N/A;N/A;N/A;N/A;N/A;N/A;N/A;N/A;N/A;N/A;N/A;N/A;N/A;N/A;N/A;N/A;N/A;N/A;N/A;N/A;N/A;N/A;N/A;N/A;N/A;N/A;N/A;N/A;N/A;N/A;N/A;N/A;N/A;N/A;N/A;N/A;N/A;N/A;N/A;N/A;N/A;N/A;N/A;N/A;N/A;N/A;N/A;N/A;N/A;N/A;N/A;N/A;N/A;N/A;N/A;N/A;N/A;N/A;N/A;N/A;N/A;N/A;N/A;N/A;N/A;N/A;N/A;N/A;N/A;;0;323.3;0;0;;Disabled;TempStop;2;700;326.9;278.7;0;0;599.9;549.9;Enabled;PosOk;2;0;0;0;0;0;15;Disabled;0;0;0;0;0;0;0;0;0;0;0;0;0;0;0;0;0;0;0;0;0;0;0;0;0;0;0;0;0;0;0;0;0;0;0;0;0;0;0;0;0;0;0;0;0;0;0;0;0;0;0;0;0;0;0;0;0;0;0;0;0;0;0;0;0;0;0;0;0;0;30;33;20;45;30;30;20;45;30;33;20;45;30;30;20;45;200;142;100;300;200;140;100;300;200;140;100;300;200;141;100;300;30;32;20;45;30;30;20;45;30;31;20;45;30;30;20;45;200;144;100;300;200;143;100;300;200;242;100;300;200;244;100;300;4;2;0.4;6;4;5;0.4;6;4;2;0.4;6;4;5;0.4;6;4;2;0.4;6;4;5;0.4;6;4;2;0.4;6;4;5;0.4;6;NOK;NOK;OK;7000;7093;6500;8100;OK;4.97;0;8;12;NOK;N/A;1.5;N/A;N/A;N/A;9;12.4;7;18;OK;;0;0;0;-;Disabled;TempOk;2;230;43.3;43.5;0;0;349.9;441345100 daimler 1500 1900;441345100 daimler 1500 1900;441345100 Daimler 1500 1900
20260320_23:15:56;10082;3;1;950;940.5;925;975;OK;950;951.6;925;975;OK;951.3;951.3;-20;-14.2;-50;-25;NOK;-20;-13.7;-50;-25;NOK;-11.5;-12.6;0;-20;-14.3;-50;-25;NOK;300;311;300;500;OK;0;0;N/A;N/A;N/A;N/A;N/A;N/A;N/A;N/A;N/A;N/A;N/A;N/A;N/A;N/A;N/A;N/A;N/A;N/A;N/A;N/A;N/A;N/A;N/A;N/A;N/A;N/A;N/A;N/A;N/A;N/A;N/A;N/A;N/A;N/A;N/A;N/A;N/A;N/A;N/A;N/A;N/A;N/A;N/A;N/A;N/A;N/A;N/A;N/A;N/A;N/A;N/A;N/A;N/A;N/A;N/A;N/A;N/A;N/A;N/A;N/A;N/A;N/A;N/A;N/A;N/A;N/A;N/A;N/A;N/A;N/A;N/A;N/A;N/A;N/A;N/A;N/A;N/A;N/A;N/A;N/A;N/A;N/A;N/A;N/A;N/A;N/A;N/A;N/A;N/A;N/A;N/A;N/A;N/A;N/A;N/A;N/A;N/A;N/A;;0;321.8;0;0;;Disabled;TempStop;2;700;325.5;275.9;0;0;599.9;549.9;Enabled;PosOk;2;0;0;0;0;0;15;Disabled;0;0;0;0;0;0;0;0;0;0;0;0;0;0;0;0;0;0;0;0;0;0;0;0;0;0;0;0;0;0;0;0;0;0;0;0;0;0;0;0;0;0;0;0;0;0;0;0;0;0;0;0;0;0;0;0;0;0;0;0;0;0;0;0;0;0;0;0;0;0;30;33;20;45;30;30;20;45;30;33;20;45;30;30;20;45;200;142;100;300;200;140;100;300;200;141;100;300;200;140;100;300;30;32;20;45;30;30;20;45;30;31;20;45;30;30;20;45;200;144;100;300;200;143;100;300;200;242;100;300;200;244;100;300;4;2;0.4;6;4;5;0.4;6;4;2;0.4;6;4;5;0.4;6;4;2;0.4;6;4;5;0.4;6;4;2;0.4;6;4;5;0.4;6;NOK;NOK;OK;7000;7108;6500;8100;OK;4.98;0;8;12;NOK;N/A;1.5;N/A;N/A;N/A;9;12;7;18;OK;;0;0;0;-;Disabled;TempOk;2;230;42.9;43.3;0;0;349.9;441345100 daimler 1500 1900;441345100 daimler 1500 1900;441345100 Daimler 1500 1900
20260320_23:16:14;10083;2;2;950;939.1;925;975;OK;950;950.6;925;975;OK;950.6;950.6;-15;-19;-50;-20;NOK;-15;-18.3;-50;-20;NOK;-15.3;-16.5;0;-15;-19.1;-50;-20;NOK;300;311;300;500;OK;0;0;N/A;N/A;N/A;N/A;N/A;N/A;N/A;N/A;N/A;N/A;N/A;N/A;N/A;N/A;N/A;N/A;N/A;N/A;N/A;N/A;N/A;N/A;N/A;N/A;N/A;N/A;N/A;N/A;N/A;N/A;N/A;N/A;N/A;N/A;N/A;N/A;N/A;N/A;N/A;N/A;N/A;N/A;N/A;N/A;N/A;N/A;N/A;N/A;N/A;N/A;N/A;N/A;N/A;N/A;N/A;N/A;N/A;N/A;N/A;N/A;N/A;N/A;N/A;N/A;N/A;N/A;N/A;N/A;N/A;N/A;N/A;N/A;N/A;N/A;N/A;N/A;N/A;N/A;N/A;N/A;N/A;N/A;N/A;N/A;N/A;N/A;N/A;N/A;N/A;N/A;N/A;N/A;N/A;N/A;N/A;N/A;N/A;N/A;;0;324.7;0;0;;Disabled;TempStop;2;700;328.6;278.2;0;0;599.9;549.9;Enabled;PosOk;2;0;0;0;0;0;15;Disabled;0;0;0;0;0;0;0;0;0;0;0;0;0;0;0;0;0;0;0;0;0;0;0;0;0;0;0;0;0;0;0;0;0;0;0;0;0;0;0;0;0;0;0;0;0;0;0;0;0;0;0;0;0;0;0;0;0;0;0;0;0;0;0;0;0;0;0;0;0;0;30;33;20;45;30;30;20;45;30;33;20;45;30;30;20;45;200;142;100;300;200;140;100;300;200;140;100;300;200;140;100;300;30;33;20;45;30;30;20;45;30;32;20;45;30;30;20;45;200;144;100;300;200;142;100;300;200;243;100;300;200;244;100;300;4;2;0.4;6;4;5;0.4;6;4;2;0.4;6;4;5;0.4;6;4;2;0.4;6;4;5;0.4;6;4;3;0.4;6;4;5;0.4;6;NOK;NOK;OK;7000;7103;6500;8100;OK;4.98;0;8;12;NOK;N/A;1.5;N/A;N/A;N/A;9;11.9;7;18;OK;;0;0;0;-;Disabled;TempOk;2;230;43.1;43.5;0;0;349.9;441345100 daimler 1500 1900;441345100 daimler 1500 1900;441345100 Daimler 1500 1900
20260320_23:16:32;10084;1;2;950;940.9;925;975;OK;950;951.7;925;975;OK;951.7;951.7;-20;-11.8;-50;-25;NOK;-20;-12.5;-50;-25;NOK;-13.2;-14.1;0;-20;-11.7;-50;-25;NOK;300;311;300;500;OK;0;0;N/A;N/A;N/A;N/A;N/A;N/A;N/A;N/A;N/A;N/A;N/A;N/A;N/A;N/A;N/A;N/A;N/A;N/A;N/A;N/A;N/A;N/A;N/A;N/A;N/A;N/A;N/A;N/A;N/A;N/A;N/A;N/A;N/A;N/A;N/A;N/A;N/A;N/A;N/A;N/A;N/A;N/A;N/A;N/A;N/A;N/A;N/A;N/A;N/A;N/A;N/A;N/A;N/A;N/A;N/A;N/A;N/A;N/A;N/A;N/A;N/A;N/A;N/A;N/A;N/A;N/A;N/A;N/A;N/A;N/A;N/A;N/A;N/A;N/A;N/A;N/A;N/A;N/A;N/A;N/A;N/A;N/A;N/A;N/A;N/A;N/A;N/A;N/A;N/A;N/A;N/A;N/A;N/A;N/A;N/A;N/A;N/A;N/A;;0;323.7;0;0;;Disabled;TempStop;2;700;327.6;278.1;0;0;599.9;549.9;Enabled;PosOk;2;0;0;0;0;0;15;Disabled;0;0;0;0;0;0;0;0;0;0;0;0;0;0;0;0;0;0;0;0;0;0;0;0;0;0;0;0;0;0;0;0;0;0;0;0;0;0;0;0;0;0;0;0;0;0;0;0;0;0;0;0;0;0;0;0;0;0;0;0;0;0;0;0;0;0;0;0;0;0;30;33;20;45;30;30;20;45;30;34;20;45;30;30;20;45;200;142;100;300;200;140;100;300;200;141;100;300;200;141;100;300;30;33;20;45;30;30;20;45;30;32;20;45;30;30;20;45;200;144;100;300;200;143;100;300;200;243;100;300;200;244;100;300;4;2;0.4;6;4;5;0.4;6;4;2;0.4;6;4;5;0.4;6;4;2;0.4;6;4;5;0.4;6;4;2;0.4;6;4;5;0.4;6;NOK;NOK;OK;7000;7093;6500;8100;OK;4.98;0;8;12;NOK;N/A;1.5;N/A;N/A;N/A;9;11.9;7;18;OK;;0;0;0;-;Disabled;TempOk;2;230;42.9;44.7;0;0;349.9;441345100 daimler 1500 1900;441345100 daimler 1500 1900;441345100 Daimler 1500 1900
20260320_23:16:50;10085;4;2;950;946.1;925;975;OK;950;951.5;925;975;OK;950.6;951;-15;-11.8;-50;-5;OK;-15;-20;-50;-5;OK;-16.4;-18;0;-15;-11.6;-50;-5;OK;300;311;300;500;OK;18.4;19.12;N/A;N/A;N/A;N/A;N/A;N/A;N/A;N/A;N/A;N/A;N/A;N/A;N/A;N/A;N/A;N/A;N/A;N/A;N/A;N/A;N/A;N/A;N/A;N/A;N/A;N/A;N/A;N/A;N/A;N/A;N/A;N/A;N/A;N/A;N/A;N/A;N/A;N/A;N/A;N/A;N/A;N/A;N/A;N/A;N/A;N/A;N/A;N/A;N/A;N/A;N/A;N/A;N/A;N/A;N/A;N/A;N/A;N/A;N/A;N/A;N/A;N/A;N/A;N/A;N/A;N/A;N/A;N/A;N/A;N/A;N/A;N/A;N/A;N/A;N/A;N/A;N/A;N/A;N/A;N/A;N/A;N/A;N/A;N/A;N/A;N/A;N/A;N/A;N/A;N/A;N/A;N/A;N/A;N/A;N/A;N/A;N/A;N/A;;0;321.4;0;0;;Disabled;TempStop;2;700;325.2;276.7;0;0;599.9;549.9;Enabled;PosOk;2;0;0;0;0;0;15;Disabled;0;0;0;0;0;0;0;0;0;0;0;0;0;0;0;0;0;0;0;0;0;0;0;0;0;0;0;0;0;0;0;0;0;0;0;0;0;0;0;0;0;0;0;0;0;0;0;0;0;0;0;0;0;0;0;0;0;0;0;0;0;0;0;0;0;0;0;0;0;0;30;33;20;45;30;29;20;45;30;34;20;45;30;29;20;45;200;142;100;300;200;140;100;300;200;141;100;300;200;140;100;300;30;33;20;45;30;29;20;45;30;31;20;45;30;29;20;45;200;144;100;300;200;142;100;300;200;243;100;300;200;243;100;300;4;2;0.4;6;4;5;0.4;6;4;2;0.4;6;4;5;0.4;6;4;2;0.4;6;4;5;0.4;6;4;2;0.4;6;4;5;0.4;6;NOK;NOK;OK;7000;7083;6500;8100;OK;4.97;0;8;12;NOK;N/A;1.5;N/A;N/A;N/A;9;11.9;7;18;OK;;0;0;0;-;Disabled;TempOk;2;230;43.5;43.3;0;0;349.9;441345100 daimler 1500 1900;441345100 daimler 1500 1900;441345100 Daimler 1500 1900
20260320_23:17:08;10086;3;2;950;940.6;925;975;OK;950;951.9;925;975;OK;951.8;951.7;-20;-13.9;-50;-25;NOK;-20;-14.4;-50;-25;NOK;-13.4;-14.5;0;-20;-13.7;-50;-25;NOK;300;311;300;500;OK;0;0;N/A;N/A;N/A;N/A;N/A;N/A;N/A;N/A;N/A;N/A;N/A;N/A;N/A;N/A;N/A;N/A;N/A;N/A;N/A;N/A;N/A;N/A;N/A;N/A;N/A;N/A;N/A;N/A;N/A;N/A;N/A;N/A;N/A;N/A;N/A;N/A;N/A;N/A;N/A;N/A;N/A;N/A;N/A;N/A;N/A;N/A;N/A;N/A;N/A;N/A;N/A;N/A;N/A;N/A;N/A;N/A;N/A;N/A;N/A;N/A;N/A;N/A;N/A;N/A;N/A;N/A;N/A;N/A;N/A;N/A;N/A;N/A;N/A;N/A;N/A;N/A;N/A;N/A;N/A;N/A;N/A;N/A;N/A;N/A;N/A;N/A;N/A;N/A;N/A;N/A;N/A;N/A;N/A;N/A;N/A;N/A;N/A;N/A;;0;322.5;0;0;;Disabled;TempStop;2;700;326.3;276.7;0;0;599.9;549.9;Enabled;PosOk;2;0;0;0;0;0;15;Disabled;0;0;0;0;0;0;0;0;0;0;0;0;0;0;0;0;0;0;0;0;0;0;0;0;0;0;0;0;0;0;0;0;0;0;0;0;0;0;0;0;0;0;0;0;0;0;0;0;0;0;0;0;0;0;0;0;0;0;0;0;0;0;0;0;0;0;0;0;0;0;30;33;20;45;30;29;20;45;30;33;20;45;30;29;20;45;200;142;100;300;200;140;100;300;200;140;100;300;200;140;100;300;30;32;20;45;30;29;20;45;30;31;20;45;30;29;20;45;200;144;100;300;200;143;100;300;200;242;100;300;200;243;100;300;4;2;0.4;6;4;5;0.4;6;4;2;0.4;6;4;5;0.4;6;4;2;0.4;6;4;5;0.4;6;4;3;0.4;6;4;5;0.4;6;NOK;NOK;OK;7000;7090;6500;8100;OK;4.98;0;8;12;NOK;N/A;1.5;N/A;N/A;N/A;9;11.8;7;18;OK;;0;0;0;-;Disabled;TempOk;2;230;42.7;44.4;0;0;349.9;441345100 daimler 1500 1900;441345100 daimler 1500 1900;441345100 Daimler 1500 1900
20260320_23:17:26;10087;4;3;950;943.8;925;975;OK;950;955;925;975;OK;951.7;952.1;-15;-11.8;-50;-5;OK;-15;-20.8;-50;-5;OK;-19.2;-20.3;0;-15;-11.7;-50;-5;OK;300;311;300;500;OK;18.47;19.18;N/A;N/A;N/A;N/A;N/A;N/A;N/A;N/A;N/A;N/A;N/A;N/A;N/A;N/A;N/A;N/A;N/A;N/A;N/A;N/A;N/A;N/A;N/A;N/A;N/A;N/A;N/A;N/A;N/A;N/A;N/A;N/A;N/A;N/A;N/A;N/A;N/A;N/A;N/A;N/A;N/A;N/A;N/A;N/A;N/A;N/A;N/A;N/A;N/A;N/A;N/A;N/A;N/A;N/A;N/A;N/A;N/A;N/A;N/A;N/A;N/A;N/A;N/A;N/A;N/A;N/A;N/A;N/A;N/A;N/A;N/A;N/A;N/A;N/A;N/A;N/A;N/A;N/A;N/A;N/A;N/A;N/A;N/A;N/A;N/A;N/A;N/A;N/A;N/A;N/A;N/A;N/A;N/A;N/A;N/A;N/A;N/A;N/A;;0;321.2;0;0;;Disabled;TempStop;2;700;325.1;276.3;0;0;599.9;549.9;Enabled;PosOk;2;0;0;0;0;0;15;Disabled;0;0;0;0;0;0;0;0;0;0;0;0;0;0;0;0;0;0;0;0;0;0;0;0;0;0;0;0;0;0;0;0;0;0;0;0;0;0;0;0;0;0;0;0;0;0;0;0;0;0;0;0;0;0;0;0;0;0;0;0;0;0;0;0;0;0;0;0;0;0;30;33;20;45;30;29;20;45;30;33;20;45;30;29;20;45;200;142;100;300;200;140;100;300;200;141;100;300;200;141;100;300;30;32;20;45;30;29;20;45;30;31;20;45;30;29;20;45;200;144;100;300;200;143;100;300;200;243;100;300;200;244;100;300;4;2;0.4;6;4;5;0.4;6;4;2;0.4;6;4;5;0.4;6;4;2;0.4;6;4;5;0.4;6;4;2;0.4;6;4;5;0.4;6;NOK;NOK;OK;7000;7100;6500;8100;OK;4.98;0;8;12;NOK;N/A;1.5;N/A;N/A;N/A;9;11.8;7;18;OK;;0;0;0;-;Disabled;TempOk;2;230;43.7;44.4;0;0;349.9;441345100 daimler 1500 1900;441345100 daimler 1500 1900;441345100 Daimler 1500 1900
20260320_23:17:44;10088;1;3;950;940.9;925;975;OK;950;951.6;925;975;OK;951.7;951.7;-20;-11.9;-50;-25;NOK;-20;-12.4;-50;-25;NOK;-15.1;-14.8;0;-20;-11.7;-50;-25;NOK;300;311;300;500;OK;0;0;N/A;N/A;N/A;N/A;N/A;N/A;N/A;N/A;N/A;N/A;N/A;N/A;N/A;N/A;N/A;N/A;N/A;N/A;N/A;N/A;N/A;N/A;N/A;N/A;N/A;N/A;N/A;N/A;N/A;N/A;N/A;N/A;N/A;N/A;N/A;N/A;N/A;N/A;N/A;N/A;N/A;N/A;N/A;N/A;N/A;N/A;N/A;N/A;N/A;N/A;N/A;N/A;N/A;N/A;N/A;N/A;N/A;N/A;N/A;N/A;N/A;N/A;N/A;N/A;N/A;N/A;N/A;N/A;N/A;N/A;N/A;N/A;N/A;N/A;N/A;N/A;N/A;N/A;N/A;N/A;N/A;N/A;N/A;N/A;N/A;N/A;N/A;N/A;N/A;N/A;N/A;N/A;N/A;N/A;N/A;N/A;N/A;N/A;;0;324.6;0;0;;Disabled;TempStop;2;700;328.5;278.6;0;0;599.9;549.9;Enabled;PosOk;2;0;0;0;0;0;15;Disabled;0;0;0;0;0;0;0;0;0;0;0;0;0;0;0;0;0;0;0;0;0;0;0;0;0;0;0;0;0;0;0;0;0;0;0;0;0;0;0;0;0;0;0;0;0;0;0;0;0;0;0;0;0;0;0;0;0;0;0;0;0;0;0;0;0;0;0;0;0;0;30;33;20;45;30;30;20;45;30;33;20;45;30;29;20;45;200;142;100;300;200;140;100;300;200;141;100;300;200;140;100;300;30;32;20;45;30;30;20;45;30;31;20;45;30;30;20;45;200;144;100;300;200;143;100;300;200;243;100;300;200;244;100;300;4;2;0.4;6;4;5;0.4;6;4;2;0.4;6;4;5;0.4;6;4;2;0.4;6;4;5;0.4;6;4;2;0.4;6;4;5;0.4;6;NOK;NOK;OK;7000;7092;6500;8100;OK;4.98;0;8;12;NOK;N/A;1.5;N/A;N/A;N/A;9;11.6;7;18;OK;;0;0;0;-;Disabled;TempOk;2;230;43.5;46.3;0;0;349.9;441345100 daimler 1500 1900;441345100 daimler 1500 1900;441345100 Daimler 1500 1900
20260320_23:18:02;10089;2;1;950;941.3;925;975;OK;950;951.3;925;975;OK;951.1;951.2;-15;-18.7;-50;-20;NOK;-15;-18;-50;-20;NOK;-15.6;-16.6;0;-15;-18.8;-50;-20;NOK;300;311;300;500;OK;0;0;N/A;N/A;N/A;N/A;N/A;N/A;N/A;N/A;N/A;N/A;N/A;N/A;N/A;N/A;N/A;N/A;N/A;N/A;N/A;N/A;N/A;N/A;N/A;N/A;N/A;N/A;N/A;N/A;N/A;N/A;N/A;N/A;N/A;N/A;N/A;N/A;N/A;N/A;N/A;N/A;N/A;N/A;N/A;N/A;N/A;N/A;N/A;N/A;N/A;N/A;N/A;N/A;N/A;N/A;N/A;N/A;N/A;N/A;N/A;N/A;N/A;N/A;N/A;N/A;N/A;N/A;N/A;N/A;N/A;N/A;N/A;N/A;N/A;N/A;N/A;N/A;N/A;N/A;N/A;N/A;N/A;N/A;N/A;N/A;N/A;N/A;N/A;N/A;N/A;N/A;N/A;N/A;N/A;N/A;N/A;N/A;N/A;N/A;;0;323;0;0;;Disabled;TempStop;2;700;326.8;279;0;0;599.9;549.9;Enabled;PosOk;2;0;0;0;0;0;15;Disabled;0;0;0;0;0;0;0;0;0;0;0;0;0;0;0;0;0;0;0;0;0;0;0;0;0;0;0;0;0;0;0;0;0;0;0;0;0;0;0;0;0;0;0;0;0;0;0;0;0;0;0;0;0;0;0;0;0;0;0;0;0;0;0;0;0;0;0;0;0;0;30;33;20;45;30;30;20;45;30;33;20;45;30;30;20;45;200;142;100;300;200;140;100;300;200;141;100;300;200;141;100;300;30;32;20;45;30;30;20;45;30;31;20;45;30;30;20;45;200;144;100;300;200;143;100;300;200;243;100;300;200;244;100;300;4;2;0.4;6;4;5;0.4;6;4;2;0.4;6;4;5;0.4;6;4;2;0.4;6;4;5;0.4;6;4;2;0.4;6;4;5;0.4;6;NOK;NOK;OK;7000;7090;6500;8100;OK;4.97;0;8;12;NOK;N/A;1.5;N/A;N/A;N/A;9;11.6;7;18;OK;;0;0;0;-;Disabled;TempOk;2;230;44.4;46.7;0;0;349.9;441345100 daimler 1500 1900;441345100 daimler 1500 1900;441345100 Daimler 1500 1900
20260320_23:18:20;10090;3;3;950;940.9;925;975;OK;950;951.7;925;975;OK;951.5;951.6;-20;-13.6;-50;-25;NOK;-20;-13.7;-50;-25;NOK;-12.1;-13.1;0;-20;-13.6;-50;-25;NOK;300;311;300;500;OK;0;0;N/A;N/A;N/A;N/A;N/A;N/A;N/A;N/A;N/A;N/A;N/A;N/A;N/A;N/A;N/A;N/A;N/A;N/A;N/A;N/A;N/A;N/A;N/A;N/A;N/A;N/A;N/A;N/A;N/A;N/A;N/A;N/A;N/A;N/A;N/A;N/A;N/A;N/A;N/A;N/A;N/A;N/A;N/A;N/A;N/A;N/A;N/A;N/A;N/A;N/A;N/A;N/A;N/A;N/A;N/A;N/A;N/A;N/A;N/A;N/A;N/A;N/A;N/A;N/A;N/A;N/A;N/A;N/A;N/A;N/A;N/A;N/A;N/A;N/A;N/A;N/A;N/A;N/A;N/A;N/A;N/A;N/A;N/A;N/A;N/A;N/A;N/A;N/A;N/A;N/A;N/A;N/A;N/A;N/A;N/A;N/A;N/A;N/A;;0;324;0;0;;Disabled;TempStop;2;700;327.8;279;0;0;599.9;549.9;Enabled;PosOk;2;0;0;0;0;0;15;Disabled;0;0;0;0;0;0;0;0;0;0;0;0;0;0;0;0;0;0;0;0;0;0;0;0;0;0;0;0;0;0;0;0;0;0;0;0;0;0;0;0;0;0;0;0;0;0;0;0;0;0;0;0;0;0;0;0;0;0;0;0;0;0;0;0;0;0;0;0;0;0;30;33;20;45;30;30;20;45;30;33;20;45;30;30;20;45;200;142;100;300;200;140;100;300;200;141;100;300;200;140;100;300;30;33;20;45;30;30;20;45;30;32;20;45;30;30;20;45;200;144;100;300;200;143;100;300;200;243;100;300;200;244;100;300;4;2;0.4;6;4;5;0.4;6;4;2;0.4;6;4;5;0.4;6;4;2;0.4;6;4;5;0.4;6;4;2;0.4;6;4;5;0.4;6;NOK;NOK;OK;7000;7082;6500;8100;OK;4.97;0;8;12;NOK;N/A;1.5;N/A;N/A;N/A;9;11.6;7;18;OK;;0;0;0;-;Disabled;TempOk;2;230;43.7;44.7;0;0;349.9;441345100 daimler 1500 1900;441345100 daimler 1500 1900;441345100 Daimler 1500 1900
20260320_23:18:38;10091;2;4;950;939.6;925;975;OK;950;950.5;925;975;OK;950.4;950.5;-15;-24.2;-50;-20;OK;-15;-23.5;-50;-20;OK;-19.4;-21.3;0;-15;-24.4;-50;-20;OK;300;311;300;500;OK;0;0;N/A;N/A;N/A;N/A;N/A;N/A;N/A;N/A;N/A;N/A;N/A;N/A;N/A;N/A;N/A;N/A;N/A;N/A;N/A;N/A;N/A;N/A;N/A;N/A;N/A;N/A;N/A;N/A;N/A;N/A;N/A;N/A;N/A;N/A;N/A;N/A;N/A;N/A;N/A;N/A;N/A;N/A;N/A;N/A;N/A;N/A;N/A;N/A;N/A;N/A;N/A;N/A;N/A;N/A;N/A;N/A;N/A;N/A;N/A;N/A;N/A;N/A;N/A;N/A;N/A;N/A;N/A;N/A;N/A;N/A;N/A;N/A;N/A;N/A;N/A;N/A;N/A;N/A;N/A;N/A;N/A;N/A;N/A;N/A;N/A;N/A;N/A;N/A;N/A;N/A;N/A;N/A;N/A;N/A;N/A;N/A;N/A;N/A;;0;325;0;0;;Disabled;TempStop;2;700;328.9;278.7;0;0;599.9;549.9;Enabled;PosOk;2;0;0;0;0;0;15;Disabled;0;0;0;0;0;0;0;0;0;0;0;0;0;0;0;0;0;0;0;0;0;0;0;0;0;0;0;0;0;0;0;0;0;0;0;0;0;0;0;0;0;0;0;0;0;0;0;0;0;0;0;0;0;0;0;0;0;0;0;0;0;0;0;0;0;0;0;0;0;0;30;33;20;45;30;30;20;45;30;33;20;45;30;30;20;45;200;142;100;300;200;140;100;300;200;141;100;300;200;140;100;300;30;33;20;45;30;30;20;45;30;32;20;45;30;30;20;45;200;144;100;300;200;143;100;300;200;243;100;300;200;244;100;300;4;2;0.4;6;4;5;0.4;6;4;2;0.4;6;4;5;0.4;6;4;2;0.4;6;4;5;0.4;6;4;2;0.4;6;4;5;0.4;6;NOK;NOK;OK;7000;7098;6500;8100;OK;4.97;0;8;12;NOK;N/A;1.5;N/A;N/A;N/A;9;11.5;7;18;OK;;0;0;0;-;Disabled;TempOk;2;230;43.7;44.4;0;0;349.9;441345100 daimler 1500 1900;441345100 daimler 1500 1900;441345100 Daimler 1500 1900
20260320_23:18:56;10092;1;4;950;940.2;925;975;OK;950;950.9;925;975;OK;950.9;950.7;-20;-10.1;-50;-25;NOK;-20;-10.6;-50;-25;NOK;-13.3;-13;0;-20;-10;-50;-25;NOK;300;311;300;500;OK;0;0;N/A;N/A;N/A;N/A;N/A;N/A;N/A;N/A;N/A;N/A;N/A;N/A;N/A;N/A;N/A;N/A;N/A;N/A;N/A;N/A;N/A;N/A;N/A;N/A;N/A;N/A;N/A;N/A;N/A;N/A;N/A;N/A;N/A;N/A;N/A;N/A;N/A;N/A;N/A;N/A;N/A;N/A;N/A;N/A;N/A;N/A;N/A;N/A;N/A;N/A;N/A;N/A;N/A;N/A;N/A;N/A;N/A;N/A;N/A;N/A;N/A;N/A;N/A;N/A;N/A;N/A;N/A;N/A;N/A;N/A;N/A;N/A;N/A;N/A;N/A;N/A;N/A;N/A;N/A;N/A;N/A;N/A;N/A;N/A;N/A;N/A;N/A;N/A;N/A;N/A;N/A;N/A;N/A;N/A;N/A;N/A;N/A;N/A;;0;324.9;0;0;;Disabled;TempStop;2;700;328.7;279.3;0;0;599.9;549.9;Enabled;PosOk;2;0;0;0;0;0;15;Disabled;0;0;0;0;0;0;0;0;0;0;0;0;0;0;0;0;0;0;0;0;0;0;0;0;0;0;0;0;0;0;0;0;0;0;0;0;0;0;0;0;0;0;0;0;0;0;0;0;0;0;0;0;0;0;0;0;0;0;0;0;0;0;0;0;0;0;0;0;0;0;30;33;20;45;30;30;20;45;30;34;20;45;30;30;20;45;200;142;100;300;200;140;100;300;200;141;100;300;200;140;100;300;30;33;20;45;30;30;20;45;30;31;20;45;30;30;20;45;200;144;100;300;200;142;100;300;200;243;100;300;200;244;100;300;4;2;0.4;6;4;5;0.4;6;4;2;0.4;6;4;5;0.4;6;4;2;0.4;6;4;5;0.4;6;4;2;0.4;6;4;5;0.4;6;NOK;NOK;OK;7000;7092;6500;8100;OK;4.97;0;8;12;NOK;N/A;1.5;N/A;N/A;N/A;9;11.5;7;18;OK;;0;0;0;-;Disabled;TempOk;2;230;43.5;43.9;0;0;349.9;441345100 daimler 1500 1900;441345100 daimler 1500 1900;441345100 Daimler 1500 1900
20260320_23:19:14;10093;4;4;950;929.6;925;975;OK;950;954.1;925;975;OK;953.8;953.9;-15;-8.7;-50;-5;OK;-15;-10.2;-50;-5;OK;-18.5;-13.5;0;-15;-9;-50;-5;OK;300;311;300;500;OK;18.73;19.35;N/A;N/A;N/A;N/A;N/A;N/A;N/A;N/A;N/A;N/A;N/A;N/A;N/A;N/A;N/A;N/A;N/A;N/A;N/A;N/A;N/A;N/A;N/A;N/A;N/A;N/A;N/A;N/A;N/A;N/A;N/A;N/A;N/A;N/A;N/A;N/A;N/A;N/A;N/A;N/A;N/A;N/A;N/A;N/A;N/A;N/A;N/A;N/A;N/A;N/A;N/A;N/A;N/A;N/A;N/A;N/A;N/A;N/A;N/A;N/A;N/A;N/A;N/A;N/A;N/A;N/A;N/A;N/A;N/A;N/A;N/A;N/A;N/A;N/A;N/A;N/A;N/A;N/A;N/A;N/A;N/A;N/A;N/A;N/A;N/A;N/A;N/A;N/A;N/A;N/A;N/A;N/A;N/A;N/A;N/A;N/A;N/A;N/A;;0;320.4;0;0;;Disabled;TempStop;2;700;324.1;275.5;0;0;599.9;549.9;Enabled;PosOk;2;0;0;0;0;0;15;Disabled;0;0;0;0;0;0;0;0;0;0;0;0;0;0;0;0;0;0;0;0;0;0;0;0;0;0;0;0;0;0;0;0;0;0;0;0;0;0;0;0;0;0;0;0;0;0;0;0;0;0;0;0;0;0;0;0;0;0;0;0;0;0;0;0;0;0;0;0;0;0;30;33;20;45;30;30;20;45;30;33;20;45;30;30;20;45;200;142;100;300;200;140;100;300;200;141;100;300;200;140;100;300;30;33;20;45;30;30;20;45;30;31;20;45;30;30;20;45;200;144;100;300;200;143;100;300;200;243;100;300;200;244;100;300;4;2;0.4;6;4;5;0.4;6;4;2;0.4;6;4;5;0.4;6;4;2;0.4;6;4;5;0.4;6;4;2;0.4;6;4;5;0.4;6;NOK;NOK;OK;7000;7093;6500;8100;OK;4.98;0;8;12;NOK;N/A;1.5;N/A;N/A;N/A;9;12;7;18;OK;;0;0;0;-;Disabled;TempOk;2;230;43.7;44.4;0;0;349.9;441345100 daimler 1500 1900;441345100 daimler 1500 1900;441345100 Daimler 1500 1900
20260320_23:19:32;10094;3;4;950;940.9;925;975;OK;950;951.6;925;975;OK;951.4;951.5;-20;-11.7;-50;-25;NOK;-20;-12.5;-50;-25;NOK;-15.9;-15.4;0;-20;-11.6;-50;-25;NOK;300;311;300;500;OK;0;0;N/A;N/A;N/A;N/A;N/A;N/A;N/A;N/A;N/A;N/A;N/A;N/A;N/A;N/A;N/A;N/A;N/A;N/A;N/A;N/A;N/A;N/A;N/A;N/A;N/A;N/A;N/A;N/A;N/A;N/A;N/A;N/A;N/A;N/A;N/A;N/A;N/A;N/A;N/A;N/A;N/A;N/A;N/A;N/A;N/A;N/A;N/A;N/A;N/A;N/A;N/A;N/A;N/A;N/A;N/A;N/A;N/A;N/A;N/A;N/A;N/A;N/A;N/A;N/A;N/A;N/A;N/A;N/A;N/A;N/A;N/A;N/A;N/A;N/A;N/A;N/A;N/A;N/A;N/A;N/A;N/A;N/A;N/A;N/A;N/A;N/A;N/A;N/A;N/A;N/A;N/A;N/A;N/A;N/A;N/A;N/A;N/A;N/A;;0;321.4;0;0;;Disabled;TempStop;2;700;325.2;276.2;0;0;599.9;549.9;Enabled;PosOk;2;0;0;0;0;0;15;Disabled;0;0;0;0;0;0;0;0;0;0;0;0;0;0;0;0;0;0;0;0;0;0;0;0;0;0;0;0;0;0;0;0;0;0;0;0;0;0;0;0;0;0;0;0;0;0;0;0;0;0;0;0;0;0;0;0;0;0;0;0;0;0;0;0;0;0;0;0;0;0;30;33;20;45;30;30;20;45;30;33;20;45;30;30;20;45;200;141;100;300;200;140;100;300;200;141;100;300;200;140;100;300;30;33;20;45;30;30;20;45;30;32;20;45;30;30;20;45;200;144;100;300;200;143;100;300;200;243;100;300;200;244;100;300;4;2;0.4;6;4;5;0.4;6;4;2;0.4;6;4;5;0.4;6;4;2;0.4;6;4;5;0.4;6;4;2;0.4;6;4;5;0.4;6;NOK;NOK;OK;7000;7093;6500;8100;OK;4.98;0;8;12;NOK;N/A;1.5;N/A;N/A;N/A;9;12.2;7;18;OK;;0;0;0;-;Disabled;TempOk;2;230;43.3;43.7;0;0;349.9;441345100 daimler 1500 1900;441345100 daimler 1500 1900;441345100 Daimler 1500 1900
20260320_23:20:07;10096;3;5;950;943.3;925;975;OK;950;951.2;925;975;OK;951.1;951.2;-20;-15.7;-50;-25;NOK;-20;-16;-50;-25;NOK;-16.2;-16.7;0;-20;-15.5;-50;-25;NOK;300;311;300;500;OK;0;0;N/A;N/A;N/A;N/A;N/A;N/A;N/A;N/A;N/A;N/A;N/A;N/A;N/A;N/A;N/A;N/A;N/A;N/A;N/A;N/A;N/A;N/A;N/A;N/A;N/A;N/A;N/A;N/A;N/A;N/A;N/A;N/A;N/A;N/A;N/A;N/A;N/A;N/A;N/A;N/A;N/A;N/A;N/A;N/A;N/A;N/A;N/A;N/A;N/A;N/A;N/A;N/A;N/A;N/A;N/A;N/A;N/A;N/A;N/A;N/A;N/A;N/A;N/A;N/A;N/A;N/A;N/A;N/A;N/A;N/A;N/A;N/A;N/A;N/A;N/A;N/A;N/A;N/A;N/A;N/A;N/A;N/A;N/A;N/A;N/A;N/A;N/A;N/A;N/A;N/A;N/A;N/A;N/A;N/A;N/A;N/A;N/A;N/A;;0;320.3;0;0;;Disabled;TempStop;2;700;323.5;276.4;0;0;599.9;549.9;Enabled;PosOk;2;0;0;0;0;0;15;Disabled;0;0;0;0;0;0;0;0;0;0;0;0;0;0;0;0;0;0;0;0;0;0;0;0;0;0;0;0;0;0;0;0;0;0;0;0;0;0;0;0;0;0;0;0;0;0;0;0;0;0;0;0;0;0;0;0;0;0;0;0;0;0;0;0;0;0;0;0;0;0;30;32;20;45;30;30;20;45;30;32;20;45;30;29;20;45;200;142;100;300;200;140;100;300;200;141;100;300;200;140;100;300;30;31;20;45;30;30;20;45;30;31;20;45;30;30;20;45;200;144;100;300;200;143;100;300;200;242;100;300;200;245;100;300;4;2;0.4;6;4;5;0.4;6;4;2;0.4;6;4;5;0.4;6;4;2;0.4;6;4;5;0.4;6;4;2;0.4;6;4;5;0.4;6;NOK;NOK;OK;7000;7056;6500;8100;OK;4.97;0;8;12;NOK;N/A;1.5;N/A;N/A;N/A;9;12.3;7;18;OK;;0;0;0;-;Disabled;TempOk;2;230;43.1;43.5;0;0;349.9;441345100 daimler 1500 1900;441345100 daimler 1500 1900;441345100 Daimler 1500 1900
20260320_23:20:25;10095;4;5;950;932.6;925;975;OK;950;950.6;925;975;OK;950.5;950.8;-15;-13.5;-50;-5;OK;-15;-14.9;-50;-5;OK;-15.8;-15.4;0;-15;-13.5;-50;-5;OK;300;311;300;500;OK;18.9;19.42;N/A;N/A;N/A;N/A;N/A;N/A;N/A;N/A;N/A;N/A;N/A;N/A;N/A;N/A;N/A;N/A;N/A;N/A;N/A;N/A;N/A;N/A;N/A;N/A;N/A;N/A;N/A;N/A;N/A;N/A;N/A;N/A;N/A;N/A;N/A;N/A;N/A;N/A;N/A;N/A;N/A;N/A;N/A;N/A;N/A;N/A;N/A;N/A;N/A;N/A;N/A;N/A;N/A;N/A;N/A;N/A;N/A;N/A;N/A;N/A;N/A;N/A;N/A;N/A;N/A;N/A;N/A;N/A;N/A;N/A;N/A;N/A;N/A;N/A;N/A;N/A;N/A;N/A;N/A;N/A;N/A;N/A;N/A;N/A;N/A;N/A;N/A;N/A;N/A;N/A;N/A;N/A;N/A;N/A;N/A;N/A;N/A;N/A;;0;324.8;0;0;;Disabled;TempStop;2;700;328.1;280.9;0;0;599.9;549.9;Enabled;PosOk;2;0;0;0;0;0;15;Disabled;0;0;0;0;0;0;0;0;0;0;0;0;0;0;0;0;0;0;0;0;0;0;0;0;0;0;0;0;0;0;0;0;0;0;0;0;0;0;0;0;0;0;0;0;0;0;0;0;0;0;0;0;0;0;0;0;0;0;0;0;0;0;0;0;0;0;0;0;0;0;30;32;20;45;30;29;20;45;30;32;20;45;30;29;20;45;200;141;100;300;200;140;100;300;200;140;100;300;200;140;100;300;30;32;20;45;30;29;20;45;30;31;20;45;30;29;20;45;200;144;100;300;200;142;100;300;200;242;100;300;200;244;100;300;4;2;0.4;6;4;5;0.4;6;4;2;0.4;6;4;5;0.4;6;4;2;0.4;6;4;5;0.4;6;4;2;0.4;6;4;5;0.4;6;NOK;NOK;OK;7000;7089;6500;8100;OK;4.98;0;8;12;NOK;N/A;1.5;N/A;N/A;N/A;9;12.4;7;18;OK;;0;0;0;-;Disabled;TempOk;2;230;43.7;43.9;0;0;349.9;441345100 daimler 1500 1900;441345100 daimler 1500 1900;441345100 Daimler 1500 1900
20260320_23:20:43;10097;1;1;950;935.6;925;975;OK;950;937.8;925;975;OK;937;937.5;-20;-15.1;-50;-25;NOK;-20;-14.9;-50;-25;NOK;-13.4;-14.1;0;-20;-15.1;-50;-25;NOK;300;311;300;500;OK;0;0;N/A;N/A;N/A;N/A;N/A;N/A;N/A;N/A;N/A;N/A;N/A;N/A;N/A;N/A;N/A;N/A;N/A;N/A;N/A;N/A;N/A;N/A;N/A;N/A;N/A;N/A;N/A;N/A;N/A;N/A;N/A;N/A;N/A;N/A;N/A;N/A;N/A;N/A;N/A;N/A;N/A;N/A;N/A;N/A;N/A;N/A;N/A;N/A;N/A;N/A;N/A;N/A;N/A;N/A;N/A;N/A;N/A;N/A;N/A;N/A;N/A;N/A;N/A;N/A;N/A;N/A;N/A;N/A;N/A;N/A;N/A;N/A;N/A;N/A;N/A;N/A;N/A;N/A;N/A;N/A;N/A;N/A;N/A;N/A;N/A;N/A;N/A;N/A;N/A;N/A;N/A;N/A;N/A;N/A;N/A;N/A;N/A;N/A;;0;321.8;0;0;;Disabled;TempStop;2;700;325.6;276.9;0;0;599.9;549.9;Enabled;PosOk;2;0;0;0;0;0;15;Disabled;0;0;0;0;0;0;0;0;0;0;0;0;0;0;0;0;0;0;0;0;0;0;0;0;0;0;0;0;0;0;0;0;0;0;0;0;0;0;0;0;0;0;0;0;0;0;0;0;0;0;0;0;0;0;0;0;0;0;0;0;0;0;0;0;0;0;0;0;0;0;30;33;20;45;30;29;20;45;30;33;20;45;30;29;20;45;200;142;100;300;200;140;100;300;200;141;100;300;200;140;100;300;30;32;20;45;30;29;20;45;30;31;20;45;30;29;20;45;200;144;100;300;200;143;100;300;200;243;100;300;200;244;100;300;4;2;0.4;6;4;5;0.4;6;4;2;0.4;6;4;5;0.4;6;4;2;0.4;6;4;5;0.4;6;4;2;0.4;6;4;5;0.4;6;NOK;NOK;OK;7000;7102;6500;8100;OK;4.98;0;8;12;NOK;N/A;1.5;N/A;N/A;N/A;9;11.9;7;18;OK;;0;0;0;-;Disabled;TempOk;2;230;43.7;44.4;0;0;349.9;441345100 daimler 1500 1900;441345100 daimler 1500 1900;441345100 Daimler 1500 1900
20260320_23:21:01;10098;4;1;950;939.5;925;975;OK;950;951;925;975;OK;957.1;954.8;-15;-21.3;-50;-5;OK;-15;-8.1;-50;-5;OK;-12.2;-9.7;0;-15;-21.3;-50;-5;OK;300;311;300;500;OK;18.98;19.46;N/A;N/A;N/A;N/A;N/A;N/A;N/A;N/A;N/A;N/A;N/A;N/A;N/A;N/A;N/A;N/A;N/A;N/A;N/A;N/A;N/A;N/A;N/A;N/A;N/A;N/A;N/A;N/A;N/A;N/A;N/A;N/A;N/A;N/A;N/A;N/A;N/A;N/A;N/A;N/A;N/A;N/A;N/A;N/A;N/A;N/A;N/A;N/A;N/A;N/A;N/A;N/A;N/A;N/A;N/A;N/A;N/A;N/A;N/A;N/A;N/A;N/A;N/A;N/A;N/A;N/A;N/A;N/A;N/A;N/A;N/A;N/A;N/A;N/A;N/A;N/A;N/A;N/A;N/A;N/A;N/A;N/A;N/A;N/A;N/A;N/A;N/A;N/A;N/A;N/A;N/A;N/A;N/A;N/A;N/A;N/A;N/A;N/A;;0;322.7;0;0;;Disabled;TempStop;2;700;326.5;278.5;0;0;599.9;549.9;Enabled;PosOk;2;0;0;0;0;0;15;Disabled;0;0;0;0;0;0;0;0;0;0;0;0;0;0;0;0;0;0;0;0;0;0;0;0;0;0;0;0;0;0;0;0;0;0;0;0;0;0;0;0;0;0;0;0;0;0;0;0;0;0;0;0;0;0;0;0;0;0;0;0;0;0;0;0;0;0;0;0;0;0;30;33;20;45;30;29;20;45;30;33;20;45;30;29;20;45;200;142;100;300;200;139;100;300;200;141;100;300;200;141;100;300;30;32;20;45;30;29;20;45;30;31;20;45;30;29;20;45;200;144;100;300;200;143;100;300;200;243;100;300;200;244;100;300;4;2;0.4;6;4;5;0.4;6;4;2;0.4;6;4;5;0.4;6;4;2;0.4;6;4;5;0.4;6;4;2;0.4;6;4;5;0.4;6;NOK;NOK;OK;7000;7081;6500;8100;OK;4.97;0;8;12;NOK;N/A;1.5;N/A;N/A;N/A;9;11.9;7;18;OK;;0;0;0;-;Disabled;TempOk;2;230;43.5;44.9;0;0;349.9;441345100 daimler 1500 1900;441345100 daimler 1500 1900;441345100 Daimler 1500 1900
20260320_23:21:19;10099;3;1;950;940.1;925;975;OK;950;951.4;925;975;OK;951.3;951.4;-20;-14;-50;-25;NOK;-20;-13.6;-50;-25;NOK;-11.4;-12.5;0;-20;-14.1;-50;-25;NOK;300;311;300;500;OK;0;0;N/A;N/A;N/A;N/A;N/A;N/A;N/A;N/A;N/A;N/A;N/A;N/A;N/A;N/A;N/A;N/A;N/A;N/A;N/A;N/A;N/A;N/A;N/A;N/A;N/A;N/A;N/A;N/A;N/A;N/A;N/A;N/A;N/A;N/A;N/A;N/A;N/A;N/A;N/A;N/A;N/A;N/A;N/A;N/A;N/A;N/A;N/A;N/A;N/A;N/A;N/A;N/A;N/A;N/A;N/A;N/A;N/A;N/A;N/A;N/A;N/A;N/A;N/A;N/A;N/A;N/A;N/A;N/A;N/A;N/A;N/A;N/A;N/A;N/A;N/A;N/A;N/A;N/A;N/A;N/A;N/A;N/A;N/A;N/A;N/A;N/A;N/A;N/A;N/A;N/A;N/A;N/A;N/A;N/A;N/A;N/A;N/A;N/A;;0;322;0;0;;Disabled;TempStop;2;700;325.8;275.9;0;0;599.9;549.9;Enabled;PosOk;2;0;0;0;0;0;15;Disabled;0;0;0;0;0;0;0;0;0;0;0;0;0;0;0;0;0;0;0;0;0;0;0;0;0;0;0;0;0;0;0;0;0;0;0;0;0;0;0;0;0;0;0;0;0;0;0;0;0;0;0;0;0;0;0;0;0;0;0;0;0;0;0;0;0;0;0;0;0;0;30;33;20;45;30;30;20;45;30;33;20;45;30;30;20;45;200;142;100;300;200;139;100;300;200;140;100;300;200;140;100;300;30;32;20;45;30;30;20;45;30;31;20;45;30;30;20;45;200;144;100;300;200;143;100;300;200;243;100;300;200;244;100;300;4;2;0.4;6;4;5;0.4;6;4;2;0.4;6;4;5;0.4;6;4;2;0.4;6;4;5;0.4;6;4;2;0.4;6;4;5;0.4;6;NOK;NOK;OK;7000;7076;6500;8100;OK;4.97;0;8;12;NOK;N/A;1.5;N/A;N/A;N/A;9;11.7;7;18;OK;;0;0;0;-;Disabled;TempOk;2;230;43.9;44.4;0;0;349.9;441345100 daimler 1500 1900;441345100 daimler 1500 1900;441345100 Daimler 1500 1900
20260320_23:21:37;10100;2;2;950;939;925;975;OK;950;950.6;925;975;OK;950.6;950.7;-15;-18.8;-50;-20;NOK;-15;-18.3;-50;-20;NOK;-15;-16.4;0;-15;-18.9;-50;-20;NOK;300;311;300;500;OK;0;0;N/A;N/A;N/A;N/A;N/A;N/A;N/A;N/A;N/A;N/A;N/A;N/A;N/A;N/A;N/A;N/A;N/A;N/A;N/A;N/A;N/A;N/A;N/A;N/A;N/A;N/A;N/A;N/A;N/A;N/A;N/A;N/A;N/A;N/A;N/A;N/A;N/A;N/A;N/A;N/A;N/A;N/A;N/A;N/A;N/A;N/A;N/A;N/A;N/A;N/A;N/A;N/A;N/A;N/A;N/A;N/A;N/A;N/A;N/A;N/A;N/A;N/A;N/A;N/A;N/A;N/A;N/A;N/A;N/A;N/A;N/A;N/A;N/A;N/A;N/A;N/A;N/A;N/A;N/A;N/A;N/A;N/A;N/A;N/A;N/A;N/A;N/A;N/A;N/A;N/A;N/A;N/A;N/A;N/A;N/A;N/A;N/A;N/A;;0;324.7;0;0;;Disabled;TempStop;2;700;328.5;278.9;0;0;599.9;549.9;Enabled;PosOk;2;0;0;0;0;0;15;Disabled;0;0;0;0;0;0;0;0;0;0;0;0;0;0;0;0;0;0;0;0;0;0;0;0;0;0;0;0;0;0;0;0;0;0;0;0;0;0;0;0;0;0;0;0;0;0;0;0;0;0;0;0;0;0;0;0;0;0;0;0;0;0;0;0;0;0;0;0;0;0;30;33;20;45;30;30;20;45;30;33;20;45;30;30;20;45;200;141;100;300;200;140;100;300;200;142;100;300;200;140;100;300;30;32;20;45;30;30;20;45;30;31;20;45;30;30;20;45;200;144;100;300;200;143;100;300;200;242;100;300;200;243;100;300;4;2;0.4;6;4;5;0.4;6;4;2;0.4;6;4;5;0.4;6;4;2;0.4;6;4;5;0.4;6;4;2;0.4;6;4;5;0.4;6;NOK;NOK;OK;7000;7097;6500;8100;OK;4.98;0;8;12;NOK;N/A;1.5;N/A;N/A;N/A;9;11.5;7;18;OK;;0;0;0;-;Disabled;TempOk;2;230;43.5;44.9;0;0;349.9;441345100 daimler 1500 1900;441345100 daimler 1500 1900;441345100 Daimler 1500 1900
20260320_23:21:55;10101;1;2;950;940.9;925;975;OK;950;951.6;925;975;OK;951.7;951.7;-20;-11.7;-50;-25;NOK;-20;-12.5;-50;-25;NOK;-13.2;-14.2;0;-20;-11.6;-50;-25;NOK;300;311;300;500;OK;0;0;N/A;N/A;N/A;N/A;N/A;N/A;N/A;N/A;N/A;N/A;N/A;N/A;N/A;N/A;N/A;N/A;N/A;N/A;N/A;N/A;N/A;N/A;N/A;N/A;N/A;N/A;N/A;N/A;N/A;N/A;N/A;N/A;N/A;N/A;N/A;N/A;N/A;N/A;N/A;N/A;N/A;N/A;N/A;N/A;N/A;N/A;N/A;N/A;N/A;N/A;N/A;N/A;N/A;N/A;N/A;N/A;N/A;N/A;N/A;N/A;N/A;N/A;N/A;N/A;N/A;N/A;N/A;N/A;N/A;N/A;N/A;N/A;N/A;N/A;N/A;N/A;N/A;N/A;N/A;N/A;N/A;N/A;N/A;N/A;N/A;N/A;N/A;N/A;N/A;N/A;N/A;N/A;N/A;N/A;N/A;N/A;N/A;N/A;;0;326.2;0;0;;Disabled;TempStop;2;700;330.2;280;0;0;599.9;549.9;Enabled;PosOk;2;0;0;0;0;0;15;Disabled;0;0;0;0;0;0;0;0;0;0;0;0;0;0;0;0;0;0;0;0;0;0;0;0;0;0;0;0;0;0;0;0;0;0;0;0;0;0;0;0;0;0;0;0;0;0;0;0;0;0;0;0;0;0;0;0;0;0;0;0;0;0;0;0;0;0;0;0;0;0;30;33;20;45;30;30;20;45;30;33;20;45;30;30;20;45;200;142;100;300;200;139;100;300;200;141;100;300;200;140;100;300;30;33;20;45;30;30;20;45;30;32;20;45;30;30;20;45;200;144;100;300;200;143;100;300;200;243;100;300;200;244;100;300;4;2;0.4;6;4;5;0.4;6;4;2;0.4;6;4;5;0.4;6;4;2;0.4;6;4;5;0.4;6;4;2;0.4;6;4;5;0.4;6;NOK;NOK;OK;7000;7092;6500;8100;OK;4.97;0;8;12;NOK;N/A;1.5;N/A;N/A;N/A;9;11.6;7;18;OK;;0;0;0;-;Disabled;TempOk;2;230;43.1;43.7;0;0;349.9;441345100 daimler 1500 1900;441345100 daimler 1500 1900;441345100 Daimler 1500 1900
20260320_23:22:13;10102;4;2;950;939.6;925;975;OK;950;957.3;925;975;OK;957.5;957.5;-15;-20.4;-50;-5;OK;-15;-12.5;-50;-5;OK;-15.8;-14.7;0;-15;-20.4;-50;-5;OK;300;311;300;500;OK;19.14;19.56;N/A;N/A;N/A;N/A;N/A;N/A;N/A;N/A;N/A;N/A;N/A;N/A;N/A;N/A;N/A;N/A;N/A;N/A;N/A;N/A;N/A;N/A;N/A;N/A;N/A;N/A;N/A;N/A;N/A;N/A;N/A;N/A;N/A;N/A;N/A;N/A;N/A;N/A;N/A;N/A;N/A;N/A;N/A;N/A;N/A;N/A;N/A;N/A;N/A;N/A;N/A;N/A;N/A;N/A;N/A;N/A;N/A;N/A;N/A;N/A;N/A;N/A;N/A;N/A;N/A;N/A;N/A;N/A;N/A;N/A;N/A;N/A;N/A;N/A;N/A;N/A;N/A;N/A;N/A;N/A;N/A;N/A;N/A;N/A;N/A;N/A;N/A;N/A;N/A;N/A;N/A;N/A;N/A;N/A;N/A;N/A;N/A;N/A;;0;323.5;0;0;;Disabled;TempStop;2;700;327.3;278.2;0;0;599.9;549.9;Enabled;PosOk;2;0;0;0;0;0;15;Disabled;0;0;0;0;0;0;0;0;0;0;0;0;0;0;0;0;0;0;0;0;0;0;0;0;0;0;0;0;0;0;0;0;0;0;0;0;0;0;0;0;0;0;0;0;0;0;0;0;0;0;0;0;0;0;0;0;0;0;0;0;0;0;0;0;0;0;0;0;0;0;30;33;20;45;30;30;20;45;30;33;20;45;30;30;20;45;200;141;100;300;200;140;100;300;200;140;100;300;200;140;100;300;30;33;20;45;30;30;20;45;30;32;20;45;30;30;20;45;200;144;100;300;200;142;100;300;200;242;100;300;200;243;100;300;4;2;0.4;6;4;5;0.4;6;4;2;0.4;6;4;5;0.4;6;4;2;0.4;6;4;5;0.4;6;4;2;0.4;6;4;5;0.4;6;NOK;NOK;OK;7000;7099;6500;8100;OK;4.97;0;8;12;NOK;N/A;1.5;N/A;N/A;N/A;9;11.5;7;18;OK;;0;0;0;-;Disabled;TempOk;2;230;43.5;45.2;0;0;349.9;441345100 daimler 1500 1900;441345100 daimler 1500 1900;441345100 Daimler 1500 1900
20260320_23:22:31;10103;3;2;950;941;925;975;OK;950;951.9;925;975;OK;951.8;951.8;-20;-13.8;-50;-25;NOK;-20;-14;-50;-25;NOK;-13;-14.1;0;-20;-13.7;-50;-25;NOK;300;311;300;500;OK;0;0;N/A;N/A;N/A;N/A;N/A;N/A;N/A;N/A;N/A;N/A;N/A;N/A;N/A;N/A;N/A;N/A;N/A;N/A;N/A;N/A;N/A;N/A;N/A;N/A;N/A;N/A;N/A;N/A;N/A;N/A;N/A;N/A;N/A;N/A;N/A;N/A;N/A;N/A;N/A;N/A;N/A;N/A;N/A;N/A;N/A;N/A;N/A;N/A;N/A;N/A;N/A;N/A;N/A;N/A;N/A;N/A;N/A;N/A;N/A;N/A;N/A;N/A;N/A;N/A;N/A;N/A;N/A;N/A;N/A;N/A;N/A;N/A;N/A;N/A;N/A;N/A;N/A;N/A;N/A;N/A;N/A;N/A;N/A;N/A;N/A;N/A;N/A;N/A;N/A;N/A;N/A;N/A;N/A;N/A;N/A;N/A;N/A;N/A;;0;322.5;0;0;;Disabled;TempStop;2;700;326.2;277;0;0;599.9;549.9;Enabled;PosOk;2;0;0;0;0;0;15;Disabled;0;0;0;0;0;0;0;0;0;0;0;0;0;0;0;0;0;0;0;0;0;0;0;0;0;0;0;0;0;0;0;0;0;0;0;0;0;0;0;0;0;0;0;0;0;0;0;0;0;0;0;0;0;0;0;0;0;0;0;0;0;0;0;0;0;0;0;0;0;0;30;33;20;45;30;30;20;45;30;34;20;45;30;30;20;45;200;141;100;300;200;140;100;300;200;140;100;300;200;140;100;300;30;32;20;45;30;29;20;45;30;31;20;45;30;29;20;45;200;143;100;300;200;143;100;300;200;242;100;300;200;243;100;300;4;2;0.4;6;4;5;0.4;6;4;2;0.4;6;4;5;0.4;6;4;2;0.4;6;4;5;0.4;6;4;2;0.4;6;4;5;0.4;6;NOK;NOK;OK;7000;7081;6500;8100;OK;4.97;0;8;12;NOK;N/A;1.5;N/A;N/A;N/A;9;11.5;7;18;OK;;0;0;0;-;Disabled;TempOk;2;230;43.1;43.5;0;0;349.9;441345100 daimler 1500 1900;441345100 daimler 1500 1900;441345100 Daimler 1500 1900
20260320_23:22:49;10104;4;3;950;946.7;925;975;OK;950;953.7;925;975;OK;955.2;954.9;-15;-20.8;-50;-5;OK;-15;-12.2;-50;-5;OK;-15.2;-14.2;0;-15;-20.8;-50;-5;OK;300;311;300;500;OK;19.2;19.62;N/A;N/A;N/A;N/A;N/A;N/A;N/A;N/A;N/A;N/A;N/A;N/A;N/A;N/A;N/A;N/A;N/A;N/A;N/A;N/A;N/A;N/A;N/A;N/A;N/A;N/A;N/A;N/A;N/A;N/A;N/A;N/A;N/A;N/A;N/A;N/A;N/A;N/A;N/A;N/A;N/A;N/A;N/A;N/A;N/A;N/A;N/A;N/A;N/A;N/A;N/A;N/A;N/A;N/A;N/A;N/A;N/A;N/A;N/A;N/A;N/A;N/A;N/A;N/A;N/A;N/A;N/A;N/A;N/A;N/A;N/A;N/A;N/A;N/A;N/A;N/A;N/A;N/A;N/A;N/A;N/A;N/A;N/A;N/A;N/A;N/A;N/A;N/A;N/A;N/A;N/A;N/A;N/A;N/A;N/A;N/A;N/A;N/A;;0;322.7;0;0;;Disabled;TempStop;2;700;326.4;277.5;0;0;599.9;549.9;Enabled;PosOk;2;0;0;0;0;0;15;Disabled;0;0;0;0;0;0;0;0;0;0;0;0;0;0;0;0;0;0;0;0;0;0;0;0;0;0;0;0;0;0;0;0;0;0;0;0;0;0;0;0;0;0;0;0;0;0;0;0;0;0;0;0;0;0;0;0;0;0;0;0;0;0;0;0;0;0;0;0;0;0;30;33;20;45;30;29;20;45;30;33;20;45;30;29;20;45;200;141;100;300;200;140;100;300;200;141;100;300;200;140;100;300;30;32;20;45;30;29;20;45;30;31;20;45;30;29;20;45;200;144;100;300;200;143;100;300;200;243;100;300;200;244;100;300;4;2;0.4;6;4;5;0.4;6;4;2;0.4;6;4;5;0.4;6;4;2;0.4;6;4;5;0.4;6;4;2;0.4;6;4;5;0.4;6;NOK;NOK;OK;7000;7091;6500;8100;OK;4.97;0;8;12;NOK;N/A;1.5;N/A;N/A;N/A;9;12.1;7;18;OK;;0;0;0;-;Disabled;TempOk;2;230;43.3;44.9;0;0;349.9;441345100 daimler 1500 1900;441345100 daimler 1500 1900;441345100 Daimler 1500 1900
20260320_23:23:07;10105;1;3;950;940.3;925;975;OK;950;951.6;925;975;OK;951.8;951.7;-20;-11.7;-50;-25;NOK;-20;-12.2;-50;-25;NOK;-15;-14.7;0;-20;-11.6;-50;-25;NOK;300;311;300;500;OK;0;0;N/A;N/A;N/A;N/A;N/A;N/A;N/A;N/A;N/A;N/A;N/A;N/A;N/A;N/A;N/A;N/A;N/A;N/A;N/A;N/A;N/A;N/A;N/A;N/A;N/A;N/A;N/A;N/A;N/A;N/A;N/A;N/A;N/A;N/A;N/A;N/A;N/A;N/A;N/A;N/A;N/A;N/A;N/A;N/A;N/A;N/A;N/A;N/A;N/A;N/A;N/A;N/A;N/A;N/A;N/A;N/A;N/A;N/A;N/A;N/A;N/A;N/A;N/A;N/A;N/A;N/A;N/A;N/A;N/A;N/A;N/A;N/A;N/A;N/A;N/A;N/A;N/A;N/A;N/A;N/A;N/A;N/A;N/A;N/A;N/A;N/A;N/A;N/A;N/A;N/A;N/A;N/A;N/A;N/A;N/A;N/A;N/A;N/A;;0;323.9;0;0;;Disabled;TempStop;2;700;327.9;278.5;0;0;599.9;549.9;Enabled;PosOk;2;0;0;0;0;0;15;Disabled;0;0;0;0;0;0;0;0;0;0;0;0;0;0;0;0;0;0;0;0;0;0;0;0;0;0;0;0;0;0;0;0;0;0;0;0;0;0;0;0;0;0;0;0;0;0;0;0;0;0;0;0;0;0;0;0;0;0;0;0;0;0;0;0;0;0;0;0;0;0;30;33;20;45;30;29;20;45;30;33;20;45;30;29;20;45;200;142;100;300;200;140;100;300;200;140;100;300;200;140;100;300;30;32;20;45;30;29;20;45;30;31;20;45;30;30;20;45;200;144;100;300;200;143;100;300;200;242;100;300;200;244;100;300;4;2;0.4;6;4;5;0.4;6;4;2;0.4;6;4;5;0.4;6;4;2;0.4;6;4;5;0.4;6;4;2;0.4;6;4;5;0.4;6;NOK;NOK;OK;7000;7091;6500;8100;OK;4.98;0;8;12;NOK;N/A;1.5;N/A;N/A;N/A;9;12.2;7;18;OK;;0;0;0;-;Disabled;TempOk;2;230;43.1;44.7;0;0;349.9;441345100 daimler 1500 1900;441345100 daimler 1500 1900;441345100 Daimler 1500 1900
20260320_23:23:25;10106;2;1;950;940.6;925;975;OK;950;951.3;925;975;OK;950.9;951.1;-15;-18.5;-50;-20;NOK;-15;-18;-50;-20;NOK;-15.5;-16.6;0;-15;-18.6;-50;-20;NOK;300;311;300;500;OK;0;0;N/A;N/A;N/A;N/A;N/A;N/A;N/A;N/A;N/A;N/A;N/A;N/A;N/A;N/A;N/A;N/A;N/A;N/A;N/A;N/A;N/A;N/A;N/A;N/A;N/A;N/A;N/A;N/A;N/A;N/A;N/A;N/A;N/A;N/A;N/A;N/A;N/A;N/A;N/A;N/A;N/A;N/A;N/A;N/A;N/A;N/A;N/A;N/A;N/A;N/A;N/A;N/A;N/A;N/A;N/A;N/A;N/A;N/A;N/A;N/A;N/A;N/A;N/A;N/A;N/A;N/A;N/A;N/A;N/A;N/A;N/A;N/A;N/A;N/A;N/A;N/A;N/A;N/A;N/A;N/A;N/A;N/A;N/A;N/A;N/A;N/A;N/A;N/A;N/A;N/A;N/A;N/A;N/A;N/A;N/A;N/A;N/A;N/A;;0;323.6;0;0;;Disabled;TempStop;2;700;327.4;279.3;0;0;599.9;549.9;Enabled;PosOk;2;0;0;0;0;0;15;Disabled;0;0;0;0;0;0;0;0;0;0;0;0;0;0;0;0;0;0;0;0;0;0;0;0;0;0;0;0;0;0;0;0;0;0;0;0;0;0;0;0;0;0;0;0;0;0;0;0;0;0;0;0;0;0;0;0;0;0;0;0;0;0;0;0;0;0;0;0;0;0;30;33;20;45;30;30;20;45;30;33;20;45;30;30;20;45;200;142;100;300;200;140;100;300;200;141;100;300;200;141;100;300;30;32;20;45;30;30;20;45;30;31;20;45;30;30;20;45;200;144;100;300;200;143;100;300;200;242;100;300;200;243;100;300;4;2;0.4;6;4;5;0.4;6;4;2;0.4;6;4;5;0.4;6;4;2;0.4;6;4;5;0.4;6;4;2;0.4;6;4;5;0.4;6;NOK;NOK;OK;7000;7101;6500;8100;OK;4.97;0;8;12;NOK;N/A;1.5;N/A;N/A;N/A;9;12.2;7;18;OK;;0;0;0;-;Disabled;TempOk;2;230;43.1;43.7;0;0;349.9;441345100 daimler 1500 1900;441345100 daimler 1500 1900;441345100 Daimler 1500 1900
20260320_23:23:43;10107;3;3;950;941.2;925;975;OK;950;951.6;925;975;OK;951.5;951.6;-20;-13.5;-50;-25;NOK;-20;-13.3;-50;-25;NOK;-11.5;-12.6;0;-20;-13.4;-50;-25;NOK;300;311;300;500;OK;0;0;N/A;N/A;N/A;N/A;N/A;N/A;N/A;N/A;N/A;N/A;N/A;N/A;N/A;N/A;N/A;N/A;N/A;N/A;N/A;N/A;N/A;N/A;N/A;N/A;N/A;N/A;N/A;N/A;N/A;N/A;N/A;N/A;N/A;N/A;N/A;N/A;N/A;N/A;N/A;N/A;N/A;N/A;N/A;N/A;N/A;N/A;N/A;N/A;N/A;N/A;N/A;N/A;N/A;N/A;N/A;N/A;N/A;N/A;N/A;N/A;N/A;N/A;N/A;N/A;N/A;N/A;N/A;N/A;N/A;N/A;N/A;N/A;N/A;N/A;N/A;N/A;N/A;N/A;N/A;N/A;N/A;N/A;N/A;N/A;N/A;N/A;N/A;N/A;N/A;N/A;N/A;N/A;N/A;N/A;N/A;N/A;N/A;N/A;;0;322.9;0;0;;Disabled;TempStop;2;700;326.7;277.4;0;0;599.9;549.9;Enabled;PosOk;2;0;0;0;0;0;15;Disabled;0;0;0;0;0;0;0;0;0;0;0;0;0;0;0;0;0;0;0;0;0;0;0;0;0;0;0;0;0;0;0;0;0;0;0;0;0;0;0;0;0;0;0;0;0;0;0;0;0;0;0;0;0;0;0;0;0;0;0;0;0;0;0;0;0;0;0;0;0;0;30;33;20;45;30;30;20;45;30;33;20;45;30;30;20;45;200;141;100;300;200;140;100;300;200;141;100;300;200;141;100;300;30;33;20;45;30;30;20;45;30;32;20;45;30;30;20;45;200;144;100;300;200;143;100;300;200;243;100;300;200;243;100;300;4;2;0.4;6;4;5;0.4;6;4;2;0.4;6;4;5;0.4;6;4;2;0.4;6;4;5;0.4;6;4;2;0.4;6;4;5;0.4;6;NOK;NOK;OK;7000;7087;6500;8100;OK;4.98;0;8;12;NOK;N/A;1.5;N/A;N/A;N/A;9;12.3;7;18;OK;;0;0;0;-;Disabled;TempOk;2;230;43.1;43.3;0;0;349.9;441345100 daimler 1500 1900;441345100 daimler 1500 1900;441345100 Daimler 1500 1900
20260320_23:24:01;10108;2;4;950;939.2;925;975;OK;950;950.4;925;975;OK;950.4;950.3;-15;-24;-50;-20;OK;-15;-23.4;-50;-20;OK;-19.3;-21.3;0;-15;-24.2;-50;-20;OK;300;311;300;500;OK;0;0;N/A;N/A;N/A;N/A;N/A;N/A;N/A;N/A;N/A;N/A;N/A;N/A;N/A;N/A;N/A;N/A;N/A;N/A;N/A;N/A;N/A;N/A;N/A;N/A;N/A;N/A;N/A;N/A;N/A;N/A;N/A;N/A;N/A;N/A;N/A;N/A;N/A;N/A;N/A;N/A;N/A;N/A;N/A;N/A;N/A;N/A;N/A;N/A;N/A;N/A;N/A;N/A;N/A;N/A;N/A;N/A;N/A;N/A;N/A;N/A;N/A;N/A;N/A;N/A;N/A;N/A;N/A;N/A;N/A;N/A;N/A;N/A;N/A;N/A;N/A;N/A;N/A;N/A;N/A;N/A;N/A;N/A;N/A;N/A;N/A;N/A;N/A;N/A;N/A;N/A;N/A;N/A;N/A;N/A;N/A;N/A;N/A;N/A;;0;326.2;0;0;;Disabled;TempStop;2;700;330;280.1;0;0;599.9;549.9;Enabled;PosOk;2;0;0;0;0;0;15;Disabled;0;0;0;0;0;0;0;0;0;0;0;0;0;0;0;0;0;0;0;0;0;0;0;0;0;0;0;0;0;0;0;0;0;0;0;0;0;0;0;0;0;0;0;0;0;0;0;0;0;0;0;0;0;0;0;0;0;0;0;0;0;0;0;0;0;0;0;0;0;0;30;33;20;45;30;30;20;45;30;33;20;45;30;30;20;45;200;142;100;300;200;140;100;300;200;141;100;300;200;140;100;300;30;33;20;45;30;30;20;45;30;32;20;45;30;30;20;45;200;144;100;300;200;143;100;300;200;243;100;300;200;244;100;300;4;2;0.4;6;4;5;0.4;6;4;2;0.4;6;4;5;0.4;6;4;2;0.4;6;4;5;0.4;6;4;2;0.4;6;4;5;0.4;6;NOK;NOK;OK;7000;7095;6500;8100;OK;4.98;0;8;12;NOK;N/A;1.5;N/A;N/A;N/A;9;11.9;7;18;OK;;0;0;0;-;Disabled;TempOk;2;230;43.1;43.3;0;0;349.9;441345100 daimler 1500 1900;441345100 daimler 1500 1900;441345100 Daimler 1500 1900
20260320_23:24:19;10109;1;4;950;939.2;925;975;OK;950;950.9;925;975;OK;950.8;950.7;-20;-10;-50;-25;NOK;-20;-10.5;-50;-25;NOK;-13.2;-12.8;0;-20;-9.7;-50;-25;NOK;300;311;300;500;OK;0;0;N/A;N/A;N/A;N/A;N/A;N/A;N/A;N/A;N/A;N/A;N/A;N/A;N/A;N/A;N/A;N/A;N/A;N/A;N/A;N/A;N/A;N/A;N/A;N/A;N/A;N/A;N/A;N/A;N/A;N/A;N/A;N/A;N/A;N/A;N/A;N/A;N/A;N/A;N/A;N/A;N/A;N/A;N/A;N/A;N/A;N/A;N/A;N/A;N/A;N/A;N/A;N/A;N/A;N/A;N/A;N/A;N/A;N/A;N/A;N/A;N/A;N/A;N/A;N/A;N/A;N/A;N/A;N/A;N/A;N/A;N/A;N/A;N/A;N/A;N/A;N/A;N/A;N/A;N/A;N/A;N/A;N/A;N/A;N/A;N/A;N/A;N/A;N/A;N/A;N/A;N/A;N/A;N/A;N/A;N/A;N/A;N/A;N/A;;0;323.1;0;0;;Disabled;TempStop;2;700;326.8;278.4;0;0;599.9;549.9;Enabled;PosOk;2;0;0;0;0;0;15;Disabled;0;0;0;0;0;0;0;0;0;0;0;0;0;0;0;0;0;0;0;0;0;0;0;0;0;0;0;0;0;0;0;0;0;0;0;0;0;0;0;0;0;0;0;0;0;0;0;0;0;0;0;0;0;0;0;0;0;0;0;0;0;0;0;0;0;0;0;0;0;0;30;33;20;45;30;30;20;45;30;33;20;45;30;30;20;45;200;142;100;300;200;140;100;300;200;141;100;300;200;141;100;300;30;33;20;45;30;30;20;45;30;32;20;45;30;30;20;45;200;144;100;300;200;143;100;300;200;243;100;300;200;244;100;300;4;2;0.4;6;4;5;0.4;6;4;2;0.4;6;4;5;0.4;6;4;2;0.4;6;4;5;0.4;6;4;2;0.4;6;4;5;0.4;6;NOK;NOK;OK;7000;7091;6500;8100;OK;4.97;0;8;12;NOK;N/A;1.5;N/A;N/A;N/A;9;11.9;7;18;OK;;0;0;0;-;Disabled;TempOk;2;230;43.3;43.9;0;0;349.9;441345100 daimler 1500 1900;441345100 daimler 1500 1900;441345100 Daimler 1500 1900
20260320_23:24:37;10110;4;4;950;925;925;975;OK;950;954;925;975;OK;953.7;953.8;-15;-10.7;-50;-5;OK;-15;-7.6;-50;-5;OK;-7.1;-5.8;0;-15;-10.8;-50;-5;OK;300;311;300;500;OK;19.37;19.88;N/A;N/A;N/A;N/A;N/A;N/A;N/A;N/A;N/A;N/A;N/A;N/A;N/A;N/A;N/A;N/A;N/A;N/A;N/A;N/A;N/A;N/A;N/A;N/A;N/A;N/A;N/A;N/A;N/A;N/A;N/A;N/A;N/A;N/A;N/A;N/A;N/A;N/A;N/A;N/A;N/A;N/A;N/A;N/A;N/A;N/A;N/A;N/A;N/A;N/A;N/A;N/A;N/A;N/A;N/A;N/A;N/A;N/A;N/A;N/A;N/A;N/A;N/A;N/A;N/A;N/A;N/A;N/A;N/A;N/A;N/A;N/A;N/A;N/A;N/A;N/A;N/A;N/A;N/A;N/A;N/A;N/A;N/A;N/A;N/A;N/A;N/A;N/A;N/A;N/A;N/A;N/A;N/A;N/A;N/A;N/A;N/A;N/A;;0;321.4;0;0;;Disabled;TempStop;2;700;325;276.4;0;0;599.9;549.9;Enabled;PosOk;2;0;0;0;0;0;15;Disabled;0;0;0;0;0;0;0;0;0;0;0;0;0;0;0;0;0;0;0;0;0;0;0;0;0;0;0;0;0;0;0;0;0;0;0;0;0;0;0;0;0;0;0;0;0;0;0;0;0;0;0;0;0;0;0;0;0;0;0;0;0;0;0;0;0;0;0;0;0;0;30;33;20;45;30;30;20;45;30;33;20;45;30;30;20;45;200;142;100;300;200;140;100;300;200;141;100;300;200;140;100;300;30;33;20;45;30;30;20;45;30;31;20;45;30;30;20;45;200;144;100;300;200;143;100;300;200;243;100;300;200;244;100;300;4;2;0.4;6;4;5;0.4;6;4;2;0.4;6;4;5;0.4;6;4;2;0.4;6;4;5;0.4;6;4;2;0.4;6;4;5;0.4;6;NOK;NOK;OK;7000;7089;6500;8100;OK;4.97;0;8;12;NOK;N/A;1.5;N/A;N/A;N/A;9;11.9;7;18;OK;;0;0;0;-;Disabled;TempOk;2;230;43.7;43.9;0;0;349.9;441345100 daimler 1500 1900;441345100 daimler 1500 1900;441345100 Daimler 1500 1900
20260320_23:24:55;10111;3;4;950;940.4;925;975;OK;950;951.5;925;975;OK;951.6;951.6;-20;-11.5;-50;-25;NOK;-20;-12.5;-50;-25;NOK;-15.4;-15.1;0;-20;-11.3;-50;-25;NOK;300;311;300;500;OK;0;0;N/A;N/A;N/A;N/A;N/A;N/A;N/A;N/A;N/A;N/A;N/A;N/A;N/A;N/A;N/A;N/A;N/A;N/A;N/A;N/A;N/A;N/A;N/A;N/A;N/A;N/A;N/A;N/A;N/A;N/A;N/A;N/A;N/A;N/A;N/A;N/A;N/A;N/A;N/A;N/A;N/A;N/A;N/A;N/A;N/A;N/A;N/A;N/A;N/A;N/A;N/A;N/A;N/A;N/A;N/A;N/A;N/A;N/A;N/A;N/A;N/A;N/A;N/A;N/A;N/A;N/A;N/A;N/A;N/A;N/A;N/A;N/A;N/A;N/A;N/A;N/A;N/A;N/A;N/A;N/A;N/A;N/A;N/A;N/A;N/A;N/A;N/A;N/A;N/A;N/A;N/A;N/A;N/A;N/A;N/A;N/A;N/A;N/A;;0;320.8;0;0;;Disabled;TempStop;2;700;324.3;275.8;0;0;599.9;549.9;Enabled;PosOk;2;0;0;0;0;0;15;Disabled;0;0;0;0;0;0;0;0;0;0;0;0;0;0;0;0;0;0;0;0;0;0;0;0;0;0;0;0;0;0;0;0;0;0;0;0;0;0;0;0;0;0;0;0;0;0;0;0;0;0;0;0;0;0;0;0;0;0;0;0;0;0;0;0;0;0;0;0;0;0;30;33;20;45;30;30;20;45;30;33;20;45;30;30;20;45;200;142;100;300;200;140;100;300;200;141;100;300;200;140;100;300;30;33;20;45;30;30;20;45;30;32;20;45;30;30;20;45;200;144;100;300;200;143;100;300;200;243;100;300;200;245;100;300;4;2;0.4;6;4;5;0.4;6;4;2;0.4;6;4;5;0.4;6;4;2;0.4;6;4;5;0.4;6;4;2;0.4;6;4;5;0.4;6;NOK;NOK;OK;7000;7086;6500;8100;OK;4.98;0;8;12;NOK;N/A;1.5;N/A;N/A;N/A;9;11.9;7;18;OK;;0;0;0;-;Disabled;TempOk;2;230;43.3;43.5;0;0;349.9;441345100 daimler 1500 1900;441345100 daimler 1500 1900;441345100 Daimler 1500 1900
20260320_23:25:31;10113;3;5;950;943.3;925;975;OK;950;951.2;925;975;OK;951.1;951.2;-20;-15.6;-50;-25;NOK;-20;-15.8;-50;-25;NOK;-15.9;-16.4;0;-20;-15.3;-50;-25;NOK;300;311;300;500;OK;0;0;N/A;N/A;N/A;N/A;N/A;N/A;N/A;N/A;N/A;N/A;N/A;N/A;N/A;N/A;N/A;N/A;N/A;N/A;N/A;N/A;N/A;N/A;N/A;N/A;N/A;N/A;N/A;N/A;N/A;N/A;N/A;N/A;N/A;N/A;N/A;N/A;N/A;N/A;N/A;N/A;N/A;N/A;N/A;N/A;N/A;N/A;N/A;N/A;N/A;N/A;N/A;N/A;N/A;N/A;N/A;N/A;N/A;N/A;N/A;N/A;N/A;N/A;N/A;N/A;N/A;N/A;N/A;N/A;N/A;N/A;N/A;N/A;N/A;N/A;N/A;N/A;N/A;N/A;N/A;N/A;N/A;N/A;N/A;N/A;N/A;N/A;N/A;N/A;N/A;N/A;N/A;N/A;N/A;N/A;N/A;N/A;N/A;N/A;;0;321.7;0;0;;Disabled;TempStop;2;700;325.2;277.1;0;0;599.9;549.9;Enabled;PosOk;2;0;0;0;0;0;15;Disabled;0;0;0;0;0;0;0;0;0;0;0;0;0;0;0;0;0;0;0;0;0;0;0;0;0;0;0;0;0;0;0;0;0;0;0;0;0;0;0;0;0;0;0;0;0;0;0;0;0;0;0;0;0;0;0;0;0;0;0;0;0;0;0;0;0;0;0;0;0;0;30;32;20;45;30;30;20;45;30;32;20;45;30;30;20;45;200;142;100;300;200;140;100;300;200;141;100;300;200;141;100;300;30;32;20;45;30;30;20;45;30;31;20;45;30;30;20;45;200;144;100;300;200;143;100;300;200;243;100;300;200;244;100;300;4;2;0.4;6;4;5;0.4;6;4;2;0.4;6;4;5;0.4;6;4;2;0.4;6;4;5;0.4;6;4;2;0.4;6;4;5;0.4;6;NOK;NOK;OK;7000;7046;6500;8100;OK;4.97;0;8;12;NOK;N/A;1.5;N/A;N/A;N/A;9;11.8;7;18;OK;;0;0;0;-;Disabled;TempOk;2;230;42.4;43.3;0;0;349.9;441345100 daimler 1500 1900;441345100 daimler 1500 1900;441345100 Daimler 1500 1900
20260320_23:25:49;10112;4;5;950;934.4;925;975;OK;950;950.5;925;975;OK;950.1;951.1;-15;-14.4;-50;-5;OK;-15;-13.6;-50;-5;OK;-11.9;-12.6;0;-15;-14.3;-50;-5;OK;300;311;300;500;OK;19.43;20.06;N/A;N/A;N/A;N/A;N/A;N/A;N/A;N/A;N/A;N/A;N/A;N/A;N/A;N/A;N/A;N/A;N/A;N/A;N/A;N/A;N/A;N/A;N/A;N/A;N/A;N/A;N/A;N/A;N/A;N/A;N/A;N/A;N/A;N/A;N/A;N/A;N/A;N/A;N/A;N/A;N/A;N/A;N/A;N/A;N/A;N/A;N/A;N/A;N/A;N/A;N/A;N/A;N/A;N/A;N/A;N/A;N/A;N/A;N/A;N/A;N/A;N/A;N/A;N/A;N/A;N/A;N/A;N/A;N/A;N/A;N/A;N/A;N/A;N/A;N/A;N/A;N/A;N/A;N/A;N/A;N/A;N/A;N/A;N/A;N/A;N/A;N/A;N/A;N/A;N/A;N/A;N/A;N/A;N/A;N/A;N/A;N/A;N/A;;0;322.6;0;0;;Disabled;TempStop;2;700;325.9;278.9;0;0;599.9;549.9;Enabled;PosOk;2;0;0;0;0;0;15;Disabled;0;0;0;0;0;0;0;0;0;0;0;0;0;0;0;0;0;0;0;0;0;0;0;0;0;0;0;0;0;0;0;0;0;0;0;0;0;0;0;0;0;0;0;0;0;0;0;0;0;0;0;0;0;0;0;0;0;0;0;0;0;0;0;0;0;0;0;0;0;0;30;32;20;45;30;29;20;45;30;33;20;45;30;30;20;45;200;142;100;300;200;139;100;300;200;141;100;300;200;141;100;300;30;32;20;45;30;29;20;45;30;31;20;45;30;29;20;45;200;144;100;300;200;143;100;300;200;242;100;300;200;243;100;300;4;2;0.4;6;4;5;0.4;6;4;2;0.4;6;4;5;0.4;6;4;2;0.4;6;4;5;0.4;6;4;2;0.4;6;4;5;0.4;6;NOK;NOK;OK;7000;7089;6500;8100;OK;4.97;0;8;12;NOK;N/A;1.5;N/A;N/A;N/A;9;11.8;7;18;OK;;0;0;0;-;Disabled;TempOk;2;230;43.9;43.5;0;0;349.9;441345100 daimler 1500 1900;441345100 daimler 1500 1900;441345100 Daimler 1500 1900
20260320_23:26:07;10114;1;1;950;927.6;925;975;OK;950;930.7;925;975;OK;929.8;930.2;-20;-15.2;-50;-25;NOK;-20;-14.9;-50;-25;NOK;-13.2;-13.9;0;-20;-15.3;-50;-25;NOK;300;311;300;500;OK;0;0;N/A;N/A;N/A;N/A;N/A;N/A;N/A;N/A;N/A;N/A;N/A;N/A;N/A;N/A;N/A;N/A;N/A;N/A;N/A;N/A;N/A;N/A;N/A;N/A;N/A;N/A;N/A;N/A;N/A;N/A;N/A;N/A;N/A;N/A;N/A;N/A;N/A;N/A;N/A;N/A;N/A;N/A;N/A;N/A;N/A;N/A;N/A;N/A;N/A;N/A;N/A;N/A;N/A;N/A;N/A;N/A;N/A;N/A;N/A;N/A;N/A;N/A;N/A;N/A;N/A;N/A;N/A;N/A;N/A;N/A;N/A;N/A;N/A;N/A;N/A;N/A;N/A;N/A;N/A;N/A;N/A;N/A;N/A;N/A;N/A;N/A;N/A;N/A;N/A;N/A;N/A;N/A;N/A;N/A;N/A;N/A;N/A;N/A;;0;319.8;0;0;;Disabled;TempStop;2;700;323.6;275.5;0;0;599.9;549.9;Enabled;PosOk;2;0;0;0;0;0;15;Disabled;0;0;0;0;0;0;0;0;0;0;0;0;0;0;0;0;0;0;0;0;0;0;0;0;0;0;0;0;0;0;0;0;0;0;0;0;0;0;0;0;0;0;0;0;0;0;0;0;0;0;0;0;0;0;0;0;0;0;0;0;0;0;0;0;0;0;0;0;0;0;30;33;20;45;30;29;20;45;30;33;20;45;30;29;20;45;200;142;100;300;200;140;100;300;200;141;100;300;200;140;100;300;30;32;20;45;30;29;20;45;30;31;20;45;30;29;20;45;200;144;100;300;200;143;100;300;200;243;100;300;200;243;100;300;4;2;0.4;6;4;5;0.4;6;4;2;0.4;6;4;5;0.4;6;4;2;0.4;6;4;5;0.4;6;4;2;0.4;6;4;5;0.4;6;NOK;NOK;OK;7000;7101;6500;8100;OK;4.98;0;8;12;NOK;N/A;1.5;N/A;N/A;N/A;9;11.6;7;18;OK;;0;0;0;-;Disabled;TempOk;2;230;43.5;45.7;0;0;349.9;441345100 daimler 1500 1900;441345100 daimler 1500 1900;441345100 Daimler 1500 1900
20260320_23:26:25;10115;4;1;950;936;925;975;OK;950;951.7;925;975;OK;950.5;951;-15;-8.1;-50;-5;OK;-15;-21.3;-50;-5;OK;-18.3;-19.7;0;-15;-8.1;-50;-5;OK;300;311;300;500;OK;19.47;20.15;N/A;N/A;N/A;N/A;N/A;N/A;N/A;N/A;N/A;N/A;N/A;N/A;N/A;N/A;N/A;N/A;N/A;N/A;N/A;N/A;N/A;N/A;N/A;N/A;N/A;N/A;N/A;N/A;N/A;N/A;N/A;N/A;N/A;N/A;N/A;N/A;N/A;N/A;N/A;N/A;N/A;N/A;N/A;N/A;N/A;N/A;N/A;N/A;N/A;N/A;N/A;N/A;N/A;N/A;N/A;N/A;N/A;N/A;N/A;N/A;N/A;N/A;N/A;N/A;N/A;N/A;N/A;N/A;N/A;N/A;N/A;N/A;N/A;N/A;N/A;N/A;N/A;N/A;N/A;N/A;N/A;N/A;N/A;N/A;N/A;N/A;N/A;N/A;N/A;N/A;N/A;N/A;N/A;N/A;N/A;N/A;N/A;N/A;;0;323.1;0;0;;Disabled;TempStop;2;700;327;279.3;0;0;599.9;549.9;Enabled;PosOk;2;0;0;0;0;0;15;Disabled;0;0;0;0;0;0;0;0;0;0;0;0;0;0;0;0;0;0;0;0;0;0;0;0;0;0;0;0;0;0;0;0;0;0;0;0;0;0;0;0;0;0;0;0;0;0;0;0;0;0;0;0;0;0;0;0;0;0;0;0;0;0;0;0;0;0;0;0;0;0;30;33;20;45;30;29;20;45;30;33;20;45;30;29;20;45;200;142;100;300;200;140;100;300;200;140;100;300;200;141;100;300;30;32;20;45;30;29;20;45;30;31;20;45;30;29;20;45;200;145;100;300;200;143;100;300;200;243;100;300;200;244;100;300;4;2;0.4;6;4;5;0.4;6;4;2;0.4;6;4;5;0.4;6;4;2;0.4;6;4;5;0.4;6;4;2;0.4;6;4;5;0.4;6;NOK;NOK;OK;7000;7094;6500;8100;OK;4.97;0;8;12;NOK;N/A;1.5;N/A;N/A;N/A;9;11.6;7;18;OK;;0;0;0;-;Disabled;TempOk;2;230;43.3;43.1;0;0;349.9;441345100 daimler 1500 1900;441345100 daimler 1500 1900;441345100 Daimler 1500 1900
20260320_23:26:43;10116;3;1;950;940.5;925;975;OK;950;951.6;925;975;OK;951.3;951.3;-20;-13.9;-50;-25;NOK;-20;-13.5;-50;-25;NOK;-11.1;-12.2;0;-20;-13.9;-50;-25;NOK;300;311;300;500;OK;0;0;N/A;N/A;N/A;N/A;N/A;N/A;N/A;N/A;N/A;N/A;N/A;N/A;N/A;N/A;N/A;N/A;N/A;N/A;N/A;N/A;N/A;N/A;N/A;N/A;N/A;N/A;N/A;N/A;N/A;N/A;N/A;N/A;N/A;N/A;N/A;N/A;N/A;N/A;N/A;N/A;N/A;N/A;N/A;N/A;N/A;N/A;N/A;N/A;N/A;N/A;N/A;N/A;N/A;N/A;N/A;N/A;N/A;N/A;N/A;N/A;N/A;N/A;N/A;N/A;N/A;N/A;N/A;N/A;N/A;N/A;N/A;N/A;N/A;N/A;N/A;N/A;N/A;N/A;N/A;N/A;N/A;N/A;N/A;N/A;N/A;N/A;N/A;N/A;N/A;N/A;N/A;N/A;N/A;N/A;N/A;N/A;N/A;N/A;;0;322;0;0;;Disabled;TempStop;2;700;325.9;277.3;0;0;599.9;549.9;Enabled;PosOk;2;0;0;0;0;0;15;Disabled;0;0;0;0;0;0;0;0;0;0;0;0;0;0;0;0;0;0;0;0;0;0;0;0;0;0;0;0;0;0;0;0;0;0;0;0;0;0;0;0;0;0;0;0;0;0;0;0;0;0;0;0;0;0;0;0;0;0;0;0;0;0;0;0;0;0;0;0;0;0;30;33;20;45;30;29;20;45;30;33;20;45;30;29;20;45;200;142;100;300;200;140;100;300;200;141;100;300;200;141;100;300;30;32;20;45;30;30;20;45;30;31;20;45;30;30;20;45;200;144;100;300;200;143;100;300;200;243;100;300;200;244;100;300;4;2;0.4;6;4;5;0.4;6;4;2;0.4;6;4;5;0.4;6;4;2;0.4;6;4;5;0.4;6;4;2;0.4;6;4;5;0.4;6;NOK;NOK;OK;7000;7075;6500;8100;OK;4.97;0;8;12;NOK;N/A;1.5;N/A;N/A;N/A;9;11.5;7;18;OK;;0;0;0;-;Disabled;TempOk;2;230;43.3;44.9;0;0;349.9;441345100 daimler 1500 1900;441345100 daimler 1500 1900;441345100 Daimler 1500 1900
20260320_23:27:01;10117;2;2;950;938.8;925;975;OK;950;950.7;925;975;OK;950.7;950.6;-15;-18.8;-50;-20;NOK;-15;-18.3;-50;-20;NOK;-15.2;-16.6;0;-15;-18.9;-50;-20;NOK;300;311;300;500;OK;0;0;N/A;N/A;N/A;N/A;N/A;N/A;N/A;N/A;N/A;N/A;N/A;N/A;N/A;N/A;N/A;N/A;N/A;N/A;N/A;N/A;N/A;N/A;N/A;N/A;N/A;N/A;N/A;N/A;N/A;N/A;N/A;N/A;N/A;N/A;N/A;N/A;N/A;N/A;N/A;N/A;N/A;N/A;N/A;N/A;N/A;N/A;N/A;N/A;N/A;N/A;N/A;N/A;N/A;N/A;N/A;N/A;N/A;N/A;N/A;N/A;N/A;N/A;N/A;N/A;N/A;N/A;N/A;N/A;N/A;N/A;N/A;N/A;N/A;N/A;N/A;N/A;N/A;N/A;N/A;N/A;N/A;N/A;N/A;N/A;N/A;N/A;N/A;N/A;N/A;N/A;N/A;N/A;N/A;N/A;N/A;N/A;N/A;N/A;;0;324;0;0;;Disabled;TempStop;2;700;328;278.4;0;0;599.9;549.9;Enabled;PosOk;2;0;0;0;0;0;15;Disabled;0;0;0;0;0;0;0;0;0;0;0;0;0;0;0;0;0;0;0;0;0;0;0;0;0;0;0;0;0;0;0;0;0;0;0;0;0;0;0;0;0;0;0;0;0;0;0;0;0;0;0;0;0;0;0;0;0;0;0;0;0;0;0;0;0;0;0;0;0;0;30;33;20;45;30;30;20;45;30;33;20;45;30;30;20;45;200;142;100;300;200;139;100;300;200;141;100;300;200;141;100;300;30;32;20;45;30;30;20;45;30;31;20;45;30;30;20;45;200;144;100;300;200;143;100;300;200;243;100;300;200;244;100;300;4;2;0.4;6;4;5;0.4;6;4;2;0.4;6;4;5;0.4;6;4;2;0.4;6;4;5;0.4;6;4;2;0.4;6;4;5;0.4;6;NOK;NOK;OK;7000;7085;6500;8100;OK;4.97;0;8;12;NOK;N/A;1.5;N/A;N/A;N/A;9;12.1;7;18;OK;;0;0;0;-;Disabled;TempOk;2;230;43.7;44.4;0;0;349.9;441345100 daimler 1500 1900;441345100 daimler 1500 1900;441345100 Daimler 1500 1900
20260320_23:27:19;10118;1;2;950;941.2;925;975;OK;950;951.6;925;975;OK;951.6;951.5;-20;-11.6;-50;-25;NOK;-20;-12.5;-50;-25;NOK;-13.1;-13.9;0;-20;-11.5;-50;-25;NOK;300;311;300;500;OK;0;0;N/A;N/A;N/A;N/A;N/A;N/A;N/A;N/A;N/A;N/A;N/A;N/A;N/A;N/A;N/A;N/A;N/A;N/A;N/A;N/A;N/A;N/A;N/A;N/A;N/A;N/A;N/A;N/A;N/A;N/A;N/A;N/A;N/A;N/A;N/A;N/A;N/A;N/A;N/A;N/A;N/A;N/A;N/A;N/A;N/A;N/A;N/A;N/A;N/A;N/A;N/A;N/A;N/A;N/A;N/A;N/A;N/A;N/A;N/A;N/A;N/A;N/A;N/A;N/A;N/A;N/A;N/A;N/A;N/A;N/A;N/A;N/A;N/A;N/A;N/A;N/A;N/A;N/A;N/A;N/A;N/A;N/A;N/A;N/A;N/A;N/A;N/A;N/A;N/A;N/A;N/A;N/A;N/A;N/A;N/A;N/A;N/A;N/A;;0;324.1;0;0;;Disabled;TempStop;2;700;328.1;278.5;0;0;599.9;549.9;Enabled;PosOk;2;0;0;0;0;0;15;Disabled;0;0;0;0;0;0;0;0;0;0;0;0;0;0;0;0;0;0;0;0;0;0;0;0;0;0;0;0;0;0;0;0;0;0;0;0;0;0;0;0;0;0;0;0;0;0;0;0;0;0;0;0;0;0;0;0;0;0;0;0;0;0;0;0;0;0;0;0;0;0;30;33;20;45;30;30;20;45;30;33;20;45;30;30;20;45;200;142;100;300;200;140;100;300;200;141;100;300;200;141;100;300;30;33;20;45;30;30;20;45;30;32;20;45;30;30;20;45;200;145;100;300;200;143;100;300;200;243;100;300;200;244;100;300;4;2;0.4;6;4;5;0.4;6;4;2;0.4;6;4;5;0.4;6;4;2;0.4;6;4;5;0.4;6;4;2;0.4;6;4;5;0.4;6;NOK;NOK;OK;7000;7083;6500;8100;OK;4.97;0;8;12;NOK;N/A;1.5;N/A;N/A;N/A;9;12.2;7;18;OK;;0;0;0;-;Disabled;TempOk;2;230;43.1;46.3;0;0;349.9;441345100 daimler 1500 1900;441345100 daimler 1500 1900;441345100 Daimler 1500 1900
20260320_23:27:37;10119;4;2;950;946.9;925;975;OK;950;951.4;925;975;OK;950.9;951.2;-15;-11.5;-50;-5;OK;-15;-20.3;-50;-5;OK;-16.6;-18.3;0;-15;-11.4;-50;-5;OK;300;311;300;500;OK;19.57;20.31;N/A;N/A;N/A;N/A;N/A;N/A;N/A;N/A;N/A;N/A;N/A;N/A;N/A;N/A;N/A;N/A;N/A;N/A;N/A;N/A;N/A;N/A;N/A;N/A;N/A;N/A;N/A;N/A;N/A;N/A;N/A;N/A;N/A;N/A;N/A;N/A;N/A;N/A;N/A;N/A;N/A;N/A;N/A;N/A;N/A;N/A;N/A;N/A;N/A;N/A;N/A;N/A;N/A;N/A;N/A;N/A;N/A;N/A;N/A;N/A;N/A;N/A;N/A;N/A;N/A;N/A;N/A;N/A;N/A;N/A;N/A;N/A;N/A;N/A;N/A;N/A;N/A;N/A;N/A;N/A;N/A;N/A;N/A;N/A;N/A;N/A;N/A;N/A;N/A;N/A;N/A;N/A;N/A;N/A;N/A;N/A;N/A;N/A;;0;321.3;0;0;;Disabled;TempStop;2;700;325.1;277.8;0;0;599.9;549.9;Enabled;PosOk;2;0;0;0;0;0;15;Disabled;0;0;0;0;0;0;0;0;0;0;0;0;0;0;0;0;0;0;0;0;0;0;0;0;0;0;0;0;0;0;0;0;0;0;0;0;0;0;0;0;0;0;0;0;0;0;0;0;0;0;0;0;0;0;0;0;0;0;0;0;0;0;0;0;0;0;0;0;0;0;30;33;20;45;30;30;20;45;30;33;20;45;30;30;20;45;200;142;100;300;200;140;100;300;200;141;100;300;200;140;100;300;30;33;20;45;30;30;20;45;30;32;20;45;30;30;20;45;200;144;100;300;200;142;100;300;200;242;100;300;200;243;100;300;4;2;0.4;6;4;5;0.4;6;4;2;0.4;6;4;5;0.4;6;4;2;0.4;6;4;5;0.4;6;4;3;0.4;6;4;5;0.4;6;NOK;NOK;OK;7000;7087;6500;8100;OK;4.97;0;8;12;NOK;N/A;1.5;N/A;N/A;N/A;9;12.3;7;18;OK;;0;0;0;-;Disabled;TempOk;2;230;43.7;45.9;0;0;349.9;441345100 daimler 1500 1900;441345100 daimler 1500 1900;441345100 Daimler 1500 1900
20260320_23:27:55;10120;3;2;950;940.6;925;975;OK;950;951.9;925;975;OK;951.8;951.9;-20;-13.4;-50;-25;NOK;-20;-14.1;-50;-25;NOK;-13.1;-14.2;0;-20;-13.4;-50;-25;NOK;300;311;300;500;OK;0;0;N/A;N/A;N/A;N/A;N/A;N/A;N/A;N/A;N/A;N/A;N/A;N/A;N/A;N/A;N/A;N/A;N/A;N/A;N/A;N/A;N/A;N/A;N/A;N/A;N/A;N/A;N/A;N/A;N/A;N/A;N/A;N/A;N/A;N/A;N/A;N/A;N/A;N/A;N/A;N/A;N/A;N/A;N/A;N/A;N/A;N/A;N/A;N/A;N/A;N/A;N/A;N/A;N/A;N/A;N/A;N/A;N/A;N/A;N/A;N/A;N/A;N/A;N/A;N/A;N/A;N/A;N/A;N/A;N/A;N/A;N/A;N/A;N/A;N/A;N/A;N/A;N/A;N/A;N/A;N/A;N/A;N/A;N/A;N/A;N/A;N/A;N/A;N/A;N/A;N/A;N/A;N/A;N/A;N/A;N/A;N/A;N/A;N/A;;0;321.2;0;0;;Disabled;TempStop;2;700;324.8;275.6;0;0;599.9;549.9;Enabled;PosOk;2;0;0;0;0;0;15;Disabled;0;0;0;0;0;0;0;0;0;0;0;0;0;0;0;0;0;0;0;0;0;0;0;0;0;0;0;0;0;0;0;0;0;0;0;0;0;0;0;0;0;0;0;0;0;0;0;0;0;0;0;0;0;0;0;0;0;0;0;0;0;0;0;0;0;0;0;0;0;0;30;33;20;45;30;30;20;45;30;34;20;45;30;30;20;45;200;142;100;300;200;140;100;300;200;141;100;300;200;141;100;300;30;33;20;45;30;30;20;45;30;32;20;45;30;30;20;45;200;144;100;300;200;143;100;300;200;243;100;300;200;244;100;300;4;2;0.4;6;4;5;0.4;6;4;2;0.4;6;4;5;0.4;6;4;2;0.4;6;4;5;0.4;6;4;2;0.4;6;4;5;0.4;6;NOK;NOK;OK;7000;7087;6500;8100;OK;4.97;0;8;12;NOK;N/A;1.5;N/A;N/A;N/A;9;12.3;7;18;OK;;0;0;0;-;Disabled;TempOk;2;230;43.1;45.2;0;0;349.9;441345100 daimler 1500 1900;441345100 daimler 1500 1900;441345100 Daimler 1500 1900
20260320_23:28:13;10121;4;3;950;943.7;925;975;OK;950;955.4;925;975;OK;951.6;952.1;-15;-11.6;-50;-5;OK;-15;-21.2;-50;-5;OK;-19.4;-20.6;0;-15;-11.6;-50;-5;OK;300;311;300;500;OK;19.64;20.38;N/A;N/A;N/A;N/A;N/A;N/A;N/A;N/A;N/A;N/A;N/A;N/A;N/A;N/A;N/A;N/A;N/A;N/A;N/A;N/A;N/A;N/A;N/A;N/A;N/A;N/A;N/A;N/A;N/A;N/A;N/A;N/A;N/A;N/A;N/A;N/A;N/A;N/A;N/A;N/A;N/A;N/A;N/A;N/A;N/A;N/A;N/A;N/A;N/A;N/A;N/A;N/A;N/A;N/A;N/A;N/A;N/A;N/A;N/A;N/A;N/A;N/A;N/A;N/A;N/A;N/A;N/A;N/A;N/A;N/A;N/A;N/A;N/A;N/A;N/A;N/A;N/A;N/A;N/A;N/A;N/A;N/A;N/A;N/A;N/A;N/A;N/A;N/A;N/A;N/A;N/A;N/A;N/A;N/A;N/A;N/A;N/A;N/A;;0;320.7;0;0;;Disabled;TempStop;2;700;324.6;276.7;0;0;599.9;549.9;Enabled;PosOk;2;0;0;0;0;0;15;Disabled;0;0;0;0;0;0;0;0;0;0;0;0;0;0;0;0;0;0;0;0;0;0;0;0;0;0;0;0;0;0;0;0;0;0;0;0;0;0;0;0;0;0;0;0;0;0;0;0;0;0;0;0;0;0;0;0;0;0;0;0;0;0;0;0;0;0;0;0;0;0;30;33;20;45;30;29;20;45;30;33;20;45;30;29;20;45;200;142;100;300;200;140;100;300;200;141;100;300;200;140;100;300;30;33;20;45;30;29;20;45;30;31;20;45;30;30;20;45;200;144;100;300;200;142;100;300;200;243;100;300;200;244;100;300;4;2;0.4;6;4;5;0.4;6;4;2;0.4;6;4;5;0.4;6;4;2;0.4;6;4;5;0.4;6;4;2;0.4;6;4;5;0.4;6;NOK;NOK;OK;7000;7096;6500;8100;OK;4.97;0;8;12;NOK;N/A;1.5;N/A;N/A;N/A;9;12.4;7;18;OK;;0;0;0;-;Disabled;TempOk;2;230;43.7;44.7;0;0;349.9;441345100 daimler 1500 1900;441345100 daimler 1500 1900;441345100 Daimler 1500 1900
20260320_23:28:31;10122;1;3;950;940.7;925;975;OK;950;951.6;925;975;OK;951.7;951.6;-20;-11.6;-50;-25;NOK;-20;-12.4;-50;-25;NOK;-15;-14.7;0;-20;-11.5;-50;-25;NOK;300;311;300;500;OK;0;0;N/A;N/A;N/A;N/A;N/A;N/A;N/A;N/A;N/A;N/A;N/A;N/A;N/A;N/A;N/A;N/A;N/A;N/A;N/A;N/A;N/A;N/A;N/A;N/A;N/A;N/A;N/A;N/A;N/A;N/A;N/A;N/A;N/A;N/A;N/A;N/A;N/A;N/A;N/A;N/A;N/A;N/A;N/A;N/A;N/A;N/A;N/A;N/A;N/A;N/A;N/A;N/A;N/A;N/A;N/A;N/A;N/A;N/A;N/A;N/A;N/A;N/A;N/A;N/A;N/A;N/A;N/A;N/A;N/A;N/A;N/A;N/A;N/A;N/A;N/A;N/A;N/A;N/A;N/A;N/A;N/A;N/A;N/A;N/A;N/A;N/A;N/A;N/A;N/A;N/A;N/A;N/A;N/A;N/A;N/A;N/A;N/A;N/A;;0;323.6;0;0;;Disabled;TempStop;2;700;327.5;278.7;0;0;599.9;549.9;Enabled;PosOk;2;0;0;0;0;0;15;Disabled;0;0;0;0;0;0;0;0;0;0;0;0;0;0;0;0;0;0;0;0;0;0;0;0;0;0;0;0;0;0;0;0;0;0;0;0;0;0;0;0;0;0;0;0;0;0;0;0;0;0;0;0;0;0;0;0;0;0;0;0;0;0;0;0;0;0;0;0;0;0;30;33;20;45;30;29;20;45;30;33;20;45;30;29;20;45;200;142;100;300;200;140;100;300;200;141;100;300;200;141;100;300;30;32;20;45;30;29;20;45;30;31;20;45;30;30;20;45;200;144;100;300;200;143;100;300;200;243;100;300;200;244;100;300;4;2;0.4;6;4;5;0.4;6;4;2;0.4;6;4;5;0.4;6;4;2;0.4;6;4;5;0.4;6;4;2;0.4;6;4;5;0.4;6;NOK;NOK;OK;7000;7085;6500;8100;OK;4.97;0;8;12;NOK;N/A;1.5;N/A;N/A;N/A;9;11.9;7;18;OK;;0;0;0;-;Disabled;TempOk;2;230;43.7;43.9;0;0;349.9;441345100 daimler 1500 1900;441345100 daimler 1500 1900;441345100 Daimler 1500 1900
20260320_23:28:49;10123;2;1;950;941.4;925;975;OK;950;951.2;925;975;OK;951.1;951.2;-15;-18.4;-50;-20;NOK;-15;-18;-50;-20;NOK;-15.7;-16.7;0;-15;-18.5;-50;-20;NOK;300;311;300;500;OK;0;0;N/A;N/A;N/A;N/A;N/A;N/A;N/A;N/A;N/A;N/A;N/A;N/A;N/A;N/A;N/A;N/A;N/A;N/A;N/A;N/A;N/A;N/A;N/A;N/A;N/A;N/A;N/A;N/A;N/A;N/A;N/A;N/A;N/A;N/A;N/A;N/A;N/A;N/A;N/A;N/A;N/A;N/A;N/A;N/A;N/A;N/A;N/A;N/A;N/A;N/A;N/A;N/A;N/A;N/A;N/A;N/A;N/A;N/A;N/A;N/A;N/A;N/A;N/A;N/A;N/A;N/A;N/A;N/A;N/A;N/A;N/A;N/A;N/A;N/A;N/A;N/A;N/A;N/A;N/A;N/A;N/A;N/A;N/A;N/A;N/A;N/A;N/A;N/A;N/A;N/A;N/A;N/A;N/A;N/A;N/A;N/A;N/A;N/A;;0;322.4;0;0;;Disabled;TempStop;2;700;326.3;278.4;0;0;599.9;549.9;Enabled;PosOk;2;0;0;0;0;0;15;Disabled;0;0;0;0;0;0;0;0;0;0;0;0;0;0;0;0;0;0;0;0;0;0;0;0;0;0;0;0;0;0;0;0;0;0;0;0;0;0;0;0;0;0;0;0;0;0;0;0;0;0;0;0;0;0;0;0;0;0;0;0;0;0;0;0;0;0;0;0;0;0;30;33;20;45;30;29;20;45;30;33;20;45;30;29;20;45;200;142;100;300;200;140;100;300;200;140;100;300;200;140;100;300;30;32;20;45;30;29;20;45;30;31;20;45;30;30;20;45;200;144;100;300;200;142;100;300;200;242;100;300;200;244;100;300;4;2;0.4;6;4;5;0.4;6;4;2;0.4;6;4;5;0.4;6;4;2;0.4;6;4;5;0.4;6;4;3;0.4;6;4;5;0.4;6;NOK;NOK;OK;7000;7086;6500;8100;OK;4.97;0;8;12;NOK;N/A;1.5;N/A;N/A;N/A;9;11.8;7;18;OK;;0;0;0;-;Disabled;TempOk;2;230;43.5;45.7;0;0;349.9;441345100 daimler 1500 1900;441345100 daimler 1500 1900;441345100 Daimler 1500 1900
20260320_23:29:07;10124;3;3;950;940.9;925;975;OK;950;951.5;925;975;OK;951.5;951.8;-20;-13.1;-50;-25;NOK;-20;-13.5;-50;-25;NOK;-11.9;-12.9;0;-20;-13;-50;-25;NOK;300;311;300;500;OK;0;0;N/A;N/A;N/A;N/A;N/A;N/A;N/A;N/A;N/A;N/A;N/A;N/A;N/A;N/A;N/A;N/A;N/A;N/A;N/A;N/A;N/A;N/A;N/A;N/A;N/A;N/A;N/A;N/A;N/A;N/A;N/A;N/A;N/A;N/A;N/A;N/A;N/A;N/A;N/A;N/A;N/A;N/A;N/A;N/A;N/A;N/A;N/A;N/A;N/A;N/A;N/A;N/A;N/A;N/A;N/A;N/A;N/A;N/A;N/A;N/A;N/A;N/A;N/A;N/A;N/A;N/A;N/A;N/A;N/A;N/A;N/A;N/A;N/A;N/A;N/A;N/A;N/A;N/A;N/A;N/A;N/A;N/A;N/A;N/A;N/A;N/A;N/A;N/A;N/A;N/A;N/A;N/A;N/A;N/A;N/A;N/A;N/A;N/A;;0;322.1;0;0;;Disabled;TempStop;2;700;325.8;278.3;0;0;599.9;549.9;Enabled;PosOk;2;0;0;0;0;0;15;Disabled;0;0;0;0;0;0;0;0;0;0;0;0;0;0;0;0;0;0;0;0;0;0;0;0;0;0;0;0;0;0;0;0;0;0;0;0;0;0;0;0;0;0;0;0;0;0;0;0;0;0;0;0;0;0;0;0;0;0;0;0;0;0;0;0;0;0;0;0;0;0;30;33;20;45;30;30;20;45;30;33;20;45;30;29;20;45;200;142;100;300;200;140;100;300;200;141;100;300;200;140;100;300;30;32;20;45;30;30;20;45;30;31;20;45;30;30;20;45;200;144;100;300;200;143;100;300;200;243;100;300;200;244;100;300;4;2;0.4;6;4;5;0.4;6;4;2;0.4;6;4;5;0.4;6;4;2;0.4;6;4;5;0.4;6;4;2;0.4;6;4;5;0.4;6;NOK;NOK;OK;7000;7080;6500;8100;OK;4.97;0;8;12;NOK;N/A;1.5;N/A;N/A;N/A;9;11.8;7;18;OK;;0;0;0;-;Disabled;TempOk;2;230;43.3;45.9;0;0;349.9;441345100 daimler 1500 1900;441345100 daimler 1500 1900;441345100 Daimler 1500 1900
20260320_23:29:25;10125;2;4;950;939.4;925;975;OK;950;950.5;925;975;OK;950.2;950.4;-15;-23.9;-50;-20;OK;-15;-23.4;-50;-20;OK;-19.5;-21.3;0;-15;-24.1;-50;-20;OK;300;311;300;500;OK;0;0;N/A;N/A;N/A;N/A;N/A;N/A;N/A;N/A;N/A;N/A;N/A;N/A;N/A;N/A;N/A;N/A;N/A;N/A;N/A;N/A;N/A;N/A;N/A;N/A;N/A;N/A;N/A;N/A;N/A;N/A;N/A;N/A;N/A;N/A;N/A;N/A;N/A;N/A;N/A;N/A;N/A;N/A;N/A;N/A;N/A;N/A;N/A;N/A;N/A;N/A;N/A;N/A;N/A;N/A;N/A;N/A;N/A;N/A;N/A;N/A;N/A;N/A;N/A;N/A;N/A;N/A;N/A;N/A;N/A;N/A;N/A;N/A;N/A;N/A;N/A;N/A;N/A;N/A;N/A;N/A;N/A;N/A;N/A;N/A;N/A;N/A;N/A;N/A;N/A;N/A;N/A;N/A;N/A;N/A;N/A;N/A;N/A;N/A;;0;324.8;0;0;;Disabled;TempStop;2;700;328.7;278.7;0;0;599.9;549.9;Enabled;PosOk;2;0;0;0;0;0;15;Disabled;0;0;0;0;0;0;0;0;0;0;0;0;0;0;0;0;0;0;0;0;0;0;0;0;0;0;0;0;0;0;0;0;0;0;0;0;0;0;0;0;0;0;0;0;0;0;0;0;0;0;0;0;0;0;0;0;0;0;0;0;0;0;0;0;0;0;0;0;0;0;30;33;20;45;30;30;20;45;30;33;20;45;30;30;20;45;200;141;100;300;200;140;100;300;200;141;100;300;200;140;100;300;30;32;20;45;30;30;20;45;30;31;20;45;30;30;20;45;200;144;100;300;200;143;100;300;200;242;100;300;200;244;100;300;4;2;0.4;6;4;5;0.4;6;4;2;0.4;6;4;5;0.4;6;4;2;0.4;6;4;5;0.4;6;4;2;0.4;6;4;5;0.4;6;NOK;NOK;OK;7000;7090;6500;8100;OK;4.97;0;8;12;NOK;N/A;1.5;N/A;N/A;N/A;9;11.6;7;18;OK;;0;0;0;-;Disabled;TempOk;2;230;43.9;44.2;0;0;349.9;441345100 daimler 1500 1900;441345100 daimler 1500 1900;441345100 Daimler 1500 1900
20260320_23:29:43;10126;1;4;950;939.9;925;975;OK;950;950.9;925;975;OK;950.9;950.8;-20;-10;-50;-25;NOK;-20;-10.8;-50;-25;NOK;-13.4;-13.1;0;-20;-9.8;-50;-25;NOK;300;311;300;500;OK;0;0;N/A;N/A;N/A;N/A;N/A;N/A;N/A;N/A;N/A;N/A;N/A;N/A;N/A;N/A;N/A;N/A;N/A;N/A;N/A;N/A;N/A;N/A;N/A;N/A;N/A;N/A;N/A;N/A;N/A;N/A;N/A;N/A;N/A;N/A;N/A;N/A;N/A;N/A;N/A;N/A;N/A;N/A;N/A;N/A;N/A;N/A;N/A;N/A;N/A;N/A;N/A;N/A;N/A;N/A;N/A;N/A;N/A;N/A;N/A;N/A;N/A;N/A;N/A;N/A;N/A;N/A;N/A;N/A;N/A;N/A;N/A;N/A;N/A;N/A;N/A;N/A;N/A;N/A;N/A;N/A;N/A;N/A;N/A;N/A;N/A;N/A;N/A;N/A;N/A;N/A;N/A;N/A;N/A;N/A;N/A;N/A;N/A;N/A;;0;324.7;0;0;;Disabled;TempStop;2;700;328.4;280.2;0;0;599.9;549.9;Enabled;PosOk;2;0;0;0;0;0;15;Disabled;0;0;0;0;0;0;0;0;0;0;0;0;0;0;0;0;0;0;0;0;0;0;0;0;0;0;0;0;0;0;0;0;0;0;0;0;0;0;0;0;0;0;0;0;0;0;0;0;0;0;0;0;0;0;0;0;0;0;0;0;0;0;0;0;0;0;0;0;0;0;30;33;20;45;30;30;20;45;30;33;20;45;30;30;20;45;200;142;100;300;200;140;100;300;200;141;100;300;200;141;100;300;30;33;20;45;30;30;20;45;30;32;20;45;30;30;20;45;200;144;100;300;200;143;100;300;200;243;100;300;200;244;100;300;4;2;0.4;6;4;5;0.4;6;4;2;0.4;6;4;5;0.4;6;4;2;0.4;6;4;5;0.4;6;4;3;0.4;6;4;5;0.4;6;NOK;NOK;OK;7000;7088;6500;8100;OK;4.97;0;8;12;NOK;N/A;1.5;N/A;N/A;N/A;9;11.6;7;18;OK;;0;0;0;-;Disabled;TempOk;2;230;43.1;43.5;0;0;349.9;441345100 daimler 1500 1900;441345100 daimler 1500 1900;441345100 Daimler 1500 1900
20260320_23:30:01;10127;4;4;950;928.9;925;975;OK;950;954.2;925;975;OK;953.9;954;-15;-8.8;-50;-5;OK;-15;-11.2;-50;-5;OK;-19;-13.9;0;-15;-9;-50;-5;OK;300;311;300;500;OK;19.92;20.55;N/A;N/A;N/A;N/A;N/A;N/A;N/A;N/A;N/A;N/A;N/A;N/A;N/A;N/A;N/A;N/A;N/A;N/A;N/A;N/A;N/A;N/A;N/A;N/A;N/A;N/A;N/A;N/A;N/A;N/A;N/A;N/A;N/A;N/A;N/A;N/A;N/A;N/A;N/A;N/A;N/A;N/A;N/A;N/A;N/A;N/A;N/A;N/A;N/A;N/A;N/A;N/A;N/A;N/A;N/A;N/A;N/A;N/A;N/A;N/A;N/A;N/A;N/A;N/A;N/A;N/A;N/A;N/A;N/A;N/A;N/A;N/A;N/A;N/A;N/A;N/A;N/A;N/A;N/A;N/A;N/A;N/A;N/A;N/A;N/A;N/A;N/A;N/A;N/A;N/A;N/A;N/A;N/A;N/A;N/A;N/A;N/A;N/A;;0;320.3;0;0;;Disabled;TempStop;2;700;324;276;0;0;599.9;549.9;Enabled;PosOk;2;0;0;0;0;0;15;Disabled;0;0;0;0;0;0;0;0;0;0;0;0;0;0;0;0;0;0;0;0;0;0;0;0;0;0;0;0;0;0;0;0;0;0;0;0;0;0;0;0;0;0;0;0;0;0;0;0;0;0;0;0;0;0;0;0;0;0;0;0;0;0;0;0;0;0;0;0;0;0;30;33;20;45;30;30;20;45;30;33;20;45;30;30;20;45;200;142;100;300;200;140;100;300;200;141;100;300;200;140;100;300;30;33;20;45;30;30;20;45;30;32;20;45;30;30;20;45;200;144;100;300;200;143;100;300;200;242;100;300;200;243;100;300;4;2;0.4;6;4;5;0.4;6;4;2;0.4;6;4;5;0.4;6;4;2;0.4;6;4;5;0.4;6;4;2;0.4;6;4;5;0.4;6;NOK;NOK;OK;7000;7087;6500;8100;OK;4.98;0;8;12;NOK;N/A;1.5;N/A;N/A;N/A;9;11.6;7;18;OK;;0;0;0;-;Disabled;TempOk;2;230;43.9;44.2;0;0;349.9;441345100 daimler 1500 1900;441345100 daimler 1500 1900;441345100 Daimler 1500 1900
20260320_23:30:19;10128;3;4;950;940.6;925;975;OK;950;951.5;925;975;OK;951.5;951.6;-20;-11.6;-50;-25;NOK;-20;-12.8;-50;-25;NOK;-15.8;-15.4;0;-20;-11.4;-50;-25;NOK;300;311;300;500;OK;0;0;N/A;N/A;N/A;N/A;N/A;N/A;N/A;N/A;N/A;N/A;N/A;N/A;N/A;N/A;N/A;N/A;N/A;N/A;N/A;N/A;N/A;N/A;N/A;N/A;N/A;N/A;N/A;N/A;N/A;N/A;N/A;N/A;N/A;N/A;N/A;N/A;N/A;N/A;N/A;N/A;N/A;N/A;N/A;N/A;N/A;N/A;N/A;N/A;N/A;N/A;N/A;N/A;N/A;N/A;N/A;N/A;N/A;N/A;N/A;N/A;N/A;N/A;N/A;N/A;N/A;N/A;N/A;N/A;N/A;N/A;N/A;N/A;N/A;N/A;N/A;N/A;N/A;N/A;N/A;N/A;N/A;N/A;N/A;N/A;N/A;N/A;N/A;N/A;N/A;N/A;N/A;N/A;N/A;N/A;N/A;N/A;N/A;N/A;;0;321.6;0;0;;Disabled;TempStop;2;700;325.5;276.8;0;0;599.9;549.9;Enabled;PosOk;2;0;0;0;0;0;15;Disabled;0;0;0;0;0;0;0;0;0;0;0;0;0;0;0;0;0;0;0;0;0;0;0;0;0;0;0;0;0;0;0;0;0;0;0;0;0;0;0;0;0;0;0;0;0;0;0;0;0;0;0;0;0;0;0;0;0;0;0;0;0;0;0;0;0;0;0;0;0;0;30;33;20;45;30;30;20;45;30;33;20;45;30;30;20;45;200;142;100;300;200;140;100;300;200;141;100;300;200;140;100;300;30;33;20;45;30;30;20;45;30;32;20;45;30;30;20;45;200;144;100;300;200;143;100;300;200;243;100;300;200;244;100;300;4;2;0.4;6;4;5;0.4;6;4;2;0.4;6;4;5;0.4;6;4;2;0.4;6;4;5;0.4;6;4;2;0.4;6;4;5;0.4;6;NOK;NOK;OK;7000;7080;6500;8100;OK;4.97;0;8;12;NOK;N/A;1.5;N/A;N/A;N/A;9;11.6;7;18;OK;;0;0;0;-;Disabled;TempOk;2;230;43.1;43.3;0;0;349.9;441345100 daimler 1500 1900;441345100 daimler 1500 1900;441345100 Daimler 1500 1900
20260320_23:30:55;10130;3;5;950;943.4;925;975;OK;950;951.2;925;975;OK;951.2;951.2;-20;-15.4;-50;-25;NOK;-20;-16.1;-50;-25;NOK;-16.1;-16.6;0;-20;-15.3;-50;-25;NOK;300;311;300;500;OK;0;0;N/A;N/A;N/A;N/A;N/A;N/A;N/A;N/A;N/A;N/A;N/A;N/A;N/A;N/A;N/A;N/A;N/A;N/A;N/A;N/A;N/A;N/A;N/A;N/A;N/A;N/A;N/A;N/A;N/A;N/A;N/A;N/A;N/A;N/A;N/A;N/A;N/A;N/A;N/A;N/A;N/A;N/A;N/A;N/A;N/A;N/A;N/A;N/A;N/A;N/A;N/A;N/A;N/A;N/A;N/A;N/A;N/A;N/A;N/A;N/A;N/A;N/A;N/A;N/A;N/A;N/A;N/A;N/A;N/A;N/A;N/A;N/A;N/A;N/A;N/A;N/A;N/A;N/A;N/A;N/A;N/A;N/A;N/A;N/A;N/A;N/A;N/A;N/A;N/A;N/A;N/A;N/A;N/A;N/A;N/A;N/A;N/A;N/A;;0;320.9;0;0;;Disabled;TempStop;2;700;324.3;276.1;0;0;599.9;549.9;Enabled;PosOk;2;0;0;0;0;0;15;Disabled;0;0;0;0;0;0;0;0;0;0;0;0;0;0;0;0;0;0;0;0;0;0;0;0;0;0;0;0;0;0;0;0;0;0;0;0;0;0;0;0;0;0;0;0;0;0;0;0;0;0;0;0;0;0;0;0;0;0;0;0;0;0;0;0;0;0;0;0;0;0;30;32;20;45;30;30;20;45;30;33;20;45;30;30;20;45;200;142;100;300;200;140;100;300;200;141;100;300;200;140;100;300;30;32;20;45;30;30;20;45;30;31;20;45;30;30;20;45;200;144;100;300;200;143;100;300;200;242;100;300;200;244;100;300;4;2;0.4;6;4;5;0.4;6;4;2;0.4;6;4;5;0.4;6;4;2;0.4;6;4;5;0.4;6;4;2;0.4;6;4;5;0.4;6;NOK;NOK;OK;7000;7043;6500;8100;OK;4.97;0;8;12;NOK;N/A;1.5;N/A;N/A;N/A;9;12.1;7;18;OK;;0;0;0;-;Disabled;TempOk;2;230;43.3;43.9;0;0;349.9;441345100 daimler 1500 1900;441345100 daimler 1500 1900;441345100 Daimler 1500 1900
20260320_23:31:05;10131;1;1;950;920.4;925;975;NOK;950;924.6;925;975;NOK;923.4;924;-20;-15;-50;-25;NOK;-20;-15.1;-50;-25;NOK;-13.4;-14.2;0;-20;-15.1;-50;-25;NOK;300;311;300;500;OK;0;0;;;;;;;;;;;;;;;;;;;;;;;;;;;;;;;;;;;;;;;;;;;;;;;;;;;;;;;;;;;;;;;;;;;;;;;;;;;;;;;;;;;;;;;;;;;;;;;;;;;;;;;;;;;;;;;;;;;;;;;;;;;;;;;;;;;;;;;;;;;;;;;;;;;;;;;;;;;;;;;;;;;;;;;;;;;;;;;;;;;;;;;;;;;;;;;;;;;;;;;;;;;;;;;;;;;;;;;;;;;;;;;;;;;;;;;;;;;;;;;;;;;;;;;;;;;;;;;;;;;;;;;;;;;;;;;;;;;;;;;;;;;;;;;;;;;;;;;;;;;;;;;;;;;;;;;;;;;;;;;;;;;;;;;;441345100 daimler 1500 1900;;;;
20260320_23:31:12;10129;4;5;950;932.9;925;975;OK;950;951;925;975;OK;950.5;951;-15;-13.6;-50;-5;OK;-15;-15.3;-50;-5;OK;-16.3;-15.9;0;-15;-13.7;-50;-5;OK;300;311;300;500;OK;20.09;20.61;N/A;N/A;N/A;N/A;N/A;N/A;N/A;N/A;N/A;N/A;N/A;N/A;N/A;N/A;N/A;N/A;N/A;N/A;N/A;N/A;N/A;N/A;N/A;N/A;N/A;N/A;N/A;N/A;N/A;N/A;N/A;N/A;N/A;N/A;N/A;N/A;N/A;N/A;N/A;N/A;N/A;N/A;N/A;N/A;N/A;N/A;N/A;N/A;N/A;N/A;N/A;N/A;N/A;N/A;N/A;N/A;N/A;N/A;N/A;N/A;N/A;N/A;N/A;N/A;N/A;N/A;N/A;N/A;N/A;N/A;N/A;N/A;N/A;N/A;N/A;N/A;N/A;N/A;N/A;N/A;N/A;N/A;N/A;N/A;N/A;N/A;N/A;N/A;N/A;N/A;N/A;N/A;N/A;N/A;N/A;N/A;N/A;N/A;;0;323.6;0;0;;Disabled;TempStop;2;700;327;280.6;0;0;599.9;549.9;Enabled;PosOk;2;0;0;0;0;0;15;Disabled;0;0;0;0;0;0;0;0;0;0;0;0;0;0;0;0;0;0;0;0;0;0;0;0;0;0;0;0;0;0;0;0;0;0;0;0;0;0;0;0;0;0;0;0;0;0;0;0;0;0;0;0;0;0;0;0;0;0;0;0;0;0;0;0;0;0;0;0;0;0;30;33;20;45;30;30;20;45;30;33;20;45;30;30;20;45;200;142;100;300;200;140;100;300;200;141;100;300;200;141;100;300;30;32;20;45;30;30;20;45;30;31;20;45;30;30;20;45;200;144;100;300;200;143;100;300;200;243;100;300;200;244;100;300;4;2;0.4;6;4;5;0.4;6;4;2;0.4;6;4;5;0.4;6;4;2;0.4;6;4;5;0.4;6;4;2;0.4;6;4;5;0.4;6;NOK;NOK;OK;7000;7090;6500;8100;OK;4.97;0;8;12;NOK;N/A;1.5;N/A;N/A;N/A;9;12.2;7;18;OK;;0;0;0;-;Disabled;TempOk;2;230;43.7;44.2;0;0;349.9;441345100 daimler 1500 1900;441345100 daimler 1500 1900;441345100 Daimler 1500 1900
20260320_23:31:48;10132;4;1;950;940;925;975;OK;950;951.7;925;975;OK;957.7;955.7;-15;-21.6;-50;-5;OK;-15;-7.9;-50;-5;OK;-12.7;-10.2;0;-15;-21.7;-50;-5;OK;300;311;300;500;OK;20.17;20.64;N/A;N/A;N/A;N/A;N/A;N/A;N/A;N/A;N/A;N/A;N/A;N/A;N/A;N/A;N/A;N/A;N/A;N/A;N/A;N/A;N/A;N/A;N/A;N/A;N/A;N/A;N/A;N/A;N/A;N/A;N/A;N/A;N/A;N/A;N/A;N/A;N/A;N/A;N/A;N/A;N/A;N/A;N/A;N/A;N/A;N/A;N/A;N/A;N/A;N/A;N/A;N/A;N/A;N/A;N/A;N/A;N/A;N/A;N/A;N/A;N/A;N/A;N/A;N/A;N/A;N/A;N/A;N/A;N/A;N/A;N/A;N/A;N/A;N/A;N/A;N/A;N/A;N/A;N/A;N/A;N/A;N/A;N/A;N/A;N/A;N/A;N/A;N/A;N/A;N/A;N/A;N/A;N/A;N/A;N/A;N/A;N/A;N/A;;0;321.4;0;0;;Disabled;TempStop;2;700;324.6;279.7;0;0;599.9;549.9;Enabled;PosOk;2;0;0;0;0;0;15;Disabled;0;0;0;0;0;0;0;0;0;0;0;0;0;0;0;0;0;0;0;0;0;0;0;0;0;0;0;0;0;0;0;0;0;0;0;0;0;0;0;0;0;0;0;0;0;0;0;0;0;0;0;0;0;0;0;0;0;0;0;0;0;0;0;0;0;0;0;0;0;0;30;32;20;45;30;30;20;45;30;32;20;45;30;30;20;45;200;141;100;300;200;140;100;300;200;141;100;300;200;140;100;300;30;31;20;45;30;30;20;45;30;31;20;45;30;30;20;45;200;145;100;300;200;143;100;300;200;243;100;300;200;244;100;300;4;2;0.4;6;4;5;0.4;6;4;2;0.4;6;4;5;0.4;6;4;2;0.4;6;4;5;0.4;6;4;2;0.4;6;4;5;0.4;6;NOK;NOK;OK;7000;7045;6500;8100;OK;4.97;0;8;12;NOK;N/A;1.5;N/A;N/A;N/A;9;12.4;7;18;OK;;0;0;0;-;Disabled;TempOk;2;230;43.5;45.2;0;0;349.9;441345100 daimler 1500 1900;441345100 daimler 1500 1900;441345100 Daimler 1500 1900
20260320_23:32:06;10133;3;1;950;941;925;975;OK;950;951.6;925;975;OK;951.5;951.4;-20;-13.8;-50;-25;NOK;-20;-13.8;-50;-25;NOK;-11.5;-12.6;0;-20;-13.9;-50;-25;NOK;300;311;300;500;OK;0;0;N/A;N/A;N/A;N/A;N/A;N/A;N/A;N/A;N/A;N/A;N/A;N/A;N/A;N/A;N/A;N/A;N/A;N/A;N/A;N/A;N/A;N/A;N/A;N/A;N/A;N/A;N/A;N/A;N/A;N/A;N/A;N/A;N/A;N/A;N/A;N/A;N/A;N/A;N/A;N/A;N/A;N/A;N/A;N/A;N/A;N/A;N/A;N/A;N/A;N/A;N/A;N/A;N/A;N/A;N/A;N/A;N/A;N/A;N/A;N/A;N/A;N/A;N/A;N/A;N/A;N/A;N/A;N/A;N/A;N/A;N/A;N/A;N/A;N/A;N/A;N/A;N/A;N/A;N/A;N/A;N/A;N/A;N/A;N/A;N/A;N/A;N/A;N/A;N/A;N/A;N/A;N/A;N/A;N/A;N/A;N/A;N/A;N/A;;0;322.5;0;0;;Disabled;TempStop;2;700;325.9;279.4;0;0;599.9;549.9;Enabled;PosOk;2;0;0;0;0;0;15;Disabled;0;0;0;0;0;0;0;0;0;0;0;0;0;0;0;0;0;0;0;0;0;0;0;0;0;0;0;0;0;0;0;0;0;0;0;0;0;0;0;0;0;0;0;0;0;0;0;0;0;0;0;0;0;0;0;0;0;0;0;0;0;0;0;0;0;0;0;0;0;0;30;32;20;45;30;30;20;45;30;33;20;45;30;30;20;45;200;141;100;300;200;140;100;300;200;141;100;300;200;140;100;300;30;32;20;45;30;30;20;45;30;31;20;45;30;30;20;45;200;144;100;300;200;143;100;300;200;242;100;300;200;243;100;300;4;2;0.4;6;4;5;0.4;6;4;2;0.4;6;4;5;0.4;6;4;2;0.4;6;4;5;0.4;6;4;2;0.4;6;4;5;0.4;6;NOK;NOK;OK;7000;7081;6500;8100;OK;4.97;0;8;12;NOK;N/A;1.5;N/A;N/A;N/A;9;12.3;7;18;OK;;0;0;0;-;Disabled;TempOk;2;230;43.7;43.7;0;0;349.9;441345100 daimler 1500 1900;441345100 daimler 1500 1900;441345100 Daimler 1500 1900
20260320_23:32:24;10134;2;2;950;939.8;925;975;OK;950;950.9;925;975;OK;950.7;950.6;-15;-18.8;-50;-20;NOK;-15;-18.6;-50;-20;NOK;-15.4;-16.8;0;-15;-18.9;-50;-20;NOK;300;311;300;500;OK;0;0;N/A;N/A;N/A;N/A;N/A;N/A;N/A;N/A;N/A;N/A;N/A;N/A;N/A;N/A;N/A;N/A;N/A;N/A;N/A;N/A;N/A;N/A;N/A;N/A;N/A;N/A;N/A;N/A;N/A;N/A;N/A;N/A;N/A;N/A;N/A;N/A;N/A;N/A;N/A;N/A;N/A;N/A;N/A;N/A;N/A;N/A;N/A;N/A;N/A;N/A;N/A;N/A;N/A;N/A;N/A;N/A;N/A;N/A;N/A;N/A;N/A;N/A;N/A;N/A;N/A;N/A;N/A;N/A;N/A;N/A;N/A;N/A;N/A;N/A;N/A;N/A;N/A;N/A;N/A;N/A;N/A;N/A;N/A;N/A;N/A;N/A;N/A;N/A;N/A;N/A;N/A;N/A;N/A;N/A;N/A;N/A;N/A;N/A;;0;324.1;0;0;;Disabled;TempStop;2;700;327.9;279.8;0;0;599.9;549.9;Enabled;PosOk;2;0;0;0;0;0;15;Disabled;0;0;0;0;0;0;0;0;0;0;0;0;0;0;0;0;0;0;0;0;0;0;0;0;0;0;0;0;0;0;0;0;0;0;0;0;0;0;0;0;0;0;0;0;0;0;0;0;0;0;0;0;0;0;0;0;0;0;0;0;0;0;0;0;0;0;0;0;0;0;30;33;20;45;30;30;20;45;30;33;20;45;30;29;20;45;200;141;100;300;200;140;100;300;200;141;100;300;200;140;100;300;30;32;20;45;30;30;20;45;30;31;20;45;30;30;20;45;200;144;100;300;200;143;100;300;200;242;100;300;200;244;100;300;4;2;0.4;6;4;5;0.4;6;4;2;0.4;6;4;5;0.4;6;4;2;0.4;6;4;5;0.4;6;4;2;0.4;6;4;5;0.4;6;NOK;NOK;OK;7000;7086;6500;8100;OK;4.98;0;8;12;NOK;N/A;1.5;N/A;N/A;N/A;9;11.9;7;18;OK;;0;0;0;-;Disabled;TempOk;2;230;44.2;44.4;0;0;349.9;441345100 daimler 1500 1900;441345100 daimler 1500 1900;441345100 Daimler 1500 1900
20260320_23:32:42;10135;1;2;950;941;925;975;OK;950;951.4;925;975;OK;951.5;951.6;-20;-11.7;-50;-25;NOK;-20;-13.2;-50;-25;NOK;-13.3;-14.2;0;-20;-11.6;-50;-25;NOK;300;311;300;500;OK;0;0;N/A;N/A;N/A;N/A;N/A;N/A;N/A;N/A;N/A;N/A;N/A;N/A;N/A;N/A;N/A;N/A;N/A;N/A;N/A;N/A;N/A;N/A;N/A;N/A;N/A;N/A;N/A;N/A;N/A;N/A;N/A;N/A;N/A;N/A;N/A;N/A;N/A;N/A;N/A;N/A;N/A;N/A;N/A;N/A;N/A;N/A;N/A;N/A;N/A;N/A;N/A;N/A;N/A;N/A;N/A;N/A;N/A;N/A;N/A;N/A;N/A;N/A;N/A;N/A;N/A;N/A;N/A;N/A;N/A;N/A;N/A;N/A;N/A;N/A;N/A;N/A;N/A;N/A;N/A;N/A;N/A;N/A;N/A;N/A;N/A;N/A;N/A;N/A;N/A;N/A;N/A;N/A;N/A;N/A;N/A;N/A;N/A;N/A;;0;324.6;0;0;;Disabled;TempStop;2;700;328.5;279.7;0;0;599.9;549.9;Enabled;PosOk;2;0;0;0;0;0;15;Disabled;0;0;0;0;0;0;0;0;0;0;0;0;0;0;0;0;0;0;0;0;0;0;0;0;0;0;0;0;0;0;0;0;0;0;0;0;0;0;0;0;0;0;0;0;0;0;0;0;0;0;0;0;0;0;0;0;0;0;0;0;0;0;0;0;0;0;0;0;0;0;30;33;20;45;30;30;20;45;30;33;20;45;30;30;20;45;200;142;100;300;200;140;100;300;200;140;100;300;200;141;100;300;30;32;20;45;30;30;20;45;30;31;20;45;30;30;20;45;200;144;100;300;200;143;100;300;200;243;100;300;200;244;100;300;4;2;0.4;6;4;5;0.4;6;4;2;0.4;6;4;5;0.4;6;4;2;0.4;6;4;5;0.4;6;4;2;0.4;6;4;5;0.4;6;NOK;NOK;OK;7000;7090;6500;8100;OK;4.97;0;8;12;NOK;N/A;1.5;N/A;N/A;N/A;9;11.9;7;18;OK;;0;0;0;-;Disabled;TempOk;2;230;43.5;44.2;0;0;349.9;441345100 daimler 1500 1900;441345100 daimler 1500 1900;441345100 Daimler 1500 1900
20260320_23:33:01;10136;4;2;950;939.1;925;975;OK;950;957.7;925;975;OK;957.7;957.7;-15;-20.7;-50;-5;OK;-15;-12.9;-50;-5;OK;-16.6;-15.4;0;-15;-20.7;-50;-5;OK;300;311;300;500;OK;20.33;20.74;N/A;N/A;N/A;N/A;N/A;N/A;N/A;N/A;N/A;N/A;N/A;N/A;N/A;N/A;N/A;N/A;N/A;N/A;N/A;N/A;N/A;N/A;N/A;N/A;N/A;N/A;N/A;N/A;N/A;N/A;N/A;N/A;N/A;N/A;N/A;N/A;N/A;N/A;N/A;N/A;N/A;N/A;N/A;N/A;N/A;N/A;N/A;N/A;N/A;N/A;N/A;N/A;N/A;N/A;N/A;N/A;N/A;N/A;N/A;N/A;N/A;N/A;N/A;N/A;N/A;N/A;N/A;N/A;N/A;N/A;N/A;N/A;N/A;N/A;N/A;N/A;N/A;N/A;N/A;N/A;N/A;N/A;N/A;N/A;N/A;N/A;N/A;N/A;N/A;N/A;N/A;N/A;N/A;N/A;N/A;N/A;N/A;N/A;;0;323.4;0;0;;Disabled;TempStop;2;700;327.4;279.5;0;0;599.9;549.9;Enabled;PosOk;2;0;0;0;0;0;15;Disabled;0;0;0;0;0;0;0;0;0;0;0;0;0;0;0;0;0;0;0;0;0;0;0;0;0;0;0;0;0;0;0;0;0;0;0;0;0;0;0;0;0;0;0;0;0;0;0;0;0;0;0;0;0;0;0;0;0;0;0;0;0;0;0;0;0;0;0;0;0;0;30;33;20;45;30;30;20;45;30;33;20;45;30;29;20;45;200;142;100;300;200;140;100;300;200;140;100;300;200;140;100;300;30;32;20;45;30;29;20;45;30;31;20;45;30;29;20;45;200;144;100;300;200;143;100;300;200;243;100;300;200;244;100;300;4;2;0.4;6;4;5;0.4;6;4;2;0.4;6;4;5;0.4;6;4;2;0.4;6;4;5;0.4;6;4;3;0.4;6;4;5;0.4;6;NOK;NOK;OK;7000;7101;6500;8100;OK;4.98;0;8;12;NOK;N/A;1.5;N/A;N/A;N/A;9;11.9;7;18;OK;;0;0;0;-;Disabled;TempOk;2;230;43.7;44.9;0;0;349.9;441345100 daimler 1500 1900;441345100 daimler 1500 1900;441345100 Daimler 1500 1900
20260320_23:33:18;10137;3;2;950;941;925;975;OK;950;951.8;925;975;OK;951.8;951.7;-20;-13.5;-50;-25;NOK;-20;-14.3;-50;-25;NOK;-13.3;-14.4;0;-20;-13.4;-50;-25;NOK;300;311;300;500;OK;0;0;N/A;N/A;N/A;N/A;N/A;N/A;N/A;N/A;N/A;N/A;N/A;N/A;N/A;N/A;N/A;N/A;N/A;N/A;N/A;N/A;N/A;N/A;N/A;N/A;N/A;N/A;N/A;N/A;N/A;N/A;N/A;N/A;N/A;N/A;N/A;N/A;N/A;N/A;N/A;N/A;N/A;N/A;N/A;N/A;N/A;N/A;N/A;N/A;N/A;N/A;N/A;N/A;N/A;N/A;N/A;N/A;N/A;N/A;N/A;N/A;N/A;N/A;N/A;N/A;N/A;N/A;N/A;N/A;N/A;N/A;N/A;N/A;N/A;N/A;N/A;N/A;N/A;N/A;N/A;N/A;N/A;N/A;N/A;N/A;N/A;N/A;N/A;N/A;N/A;N/A;N/A;N/A;N/A;N/A;N/A;N/A;N/A;N/A;;0;321.5;0;0;;Disabled;TempStop;2;700;325.1;277.3;0;0;599.9;549.9;Enabled;PosOk;2;0;0;0;0;0;15;Disabled;0;0;0;0;0;0;0;0;0;0;0;0;0;0;0;0;0;0;0;0;0;0;0;0;0;0;0;0;0;0;0;0;0;0;0;0;0;0;0;0;0;0;0;0;0;0;0;0;0;0;0;0;0;0;0;0;0;0;0;0;0;0;0;0;0;0;0;0;0;0;30;33;20;45;30;29;20;45;30;33;20;45;30;29;20;45;200;142;100;300;200;140;100;300;200;141;100;300;200;140;100;300;30;32;20;45;30;29;20;45;30;31;20;45;30;29;20;45;200;144;100;300;200;143;100;300;200;243;100;300;200;244;100;300;4;2;0.4;6;4;5;0.4;6;4;2;0.4;6;4;5;0.4;6;4;2;0.4;6;4;5;0.4;6;4;2;0.4;6;4;5;0.4;6;NOK;NOK;OK;7000;7089;6500;8100;OK;4.97;0;8;12;NOK;N/A;1.5;N/A;N/A;N/A;9;11.9;7;18;OK;;0;0;0;-;Disabled;TempOk;2;230;43.7;43.7;0;0;349.9;441345100 daimler 1500 1900;441345100 daimler 1500 1900;441345100 Daimler 1500 1900
20260320_23:33:36;10138;4;3;950;947.1;925;975;OK;950;954.6;925;975;OK;955.5;955.5;-15;-21.3;-50;-5;OK;-15;-12.6;-50;-5;OK;-15.9;-14.8;0;-15;-21.3;-50;-5;OK;300;311;300;500;OK;20.39;20.8;N/A;N/A;N/A;N/A;N/A;N/A;N/A;N/A;N/A;N/A;N/A;N/A;N/A;N/A;N/A;N/A;N/A;N/A;N/A;N/A;N/A;N/A;N/A;N/A;N/A;N/A;N/A;N/A;N/A;N/A;N/A;N/A;N/A;N/A;N/A;N/A;N/A;N/A;N/A;N/A;N/A;N/A;N/A;N/A;N/A;N/A;N/A;N/A;N/A;N/A;N/A;N/A;N/A;N/A;N/A;N/A;N/A;N/A;N/A;N/A;N/A;N/A;N/A;N/A;N/A;N/A;N/A;N/A;N/A;N/A;N/A;N/A;N/A;N/A;N/A;N/A;N/A;N/A;N/A;N/A;N/A;N/A;N/A;N/A;N/A;N/A;N/A;N/A;N/A;N/A;N/A;N/A;N/A;N/A;N/A;N/A;N/A;N/A;;0;321.9;0;0;;Disabled;TempStop;2;700;325.6;277.7;0;0;599.9;549.9;Enabled;PosOk;2;0;0;0;0;0;15;Disabled;0;0;0;0;0;0;0;0;0;0;0;0;0;0;0;0;0;0;0;0;0;0;0;0;0;0;0;0;0;0;0;0;0;0;0;0;0;0;0;0;0;0;0;0;0;0;0;0;0;0;0;0;0;0;0;0;0;0;0;0;0;0;0;0;0;0;0;0;0;0;30;33;20;45;30;29;20;45;30;33;20;45;30;29;20;45;200;142;100;300;200;140;100;300;200;140;100;300;200;140;100;300;30;32;20;45;30;29;20;45;30;31;20;45;30;30;20;45;200;144;100;300;200;143;100;300;200;243;100;300;200;244;100;300;4;2;0.4;6;4;5;0.4;6;4;2;0.4;6;4;5;0.4;6;4;2;0.4;6;4;5;0.4;6;4;2;0.4;6;4;5;0.4;6;NOK;NOK;OK;7000;7085;6500;8100;OK;4.98;0;8;12;NOK;N/A;1.5;N/A;N/A;N/A;9;11.8;7;18;OK;;0;0;0;-;Disabled;TempOk;2;230;43.5;43.5;0;0;349.9;441345100 daimler 1500 1900;441345100 daimler 1500 1900;441345100 Daimler 1500 1900
20260320_23:33:54;10139;1;3;950;941.1;925;975;OK;950;951.8;925;975;OK;951.6;951.6;-20;-11.8;-50;-25;NOK;-20;-13.2;-50;-25;NOK;-15.5;-15.7;0;-20;-11.7;-50;-25;NOK;300;311;300;500;OK;0;0;N/A;N/A;N/A;N/A;N/A;N/A;N/A;N/A;N/A;N/A;N/A;N/A;N/A;N/A;N/A;N/A;N/A;N/A;N/A;N/A;N/A;N/A;N/A;N/A;N/A;N/A;N/A;N/A;N/A;N/A;N/A;N/A;N/A;N/A;N/A;N/A;N/A;N/A;N/A;N/A;N/A;N/A;N/A;N/A;N/A;N/A;N/A;N/A;N/A;N/A;N/A;N/A;N/A;N/A;N/A;N/A;N/A;N/A;N/A;N/A;N/A;N/A;N/A;N/A;N/A;N/A;N/A;N/A;N/A;N/A;N/A;N/A;N/A;N/A;N/A;N/A;N/A;N/A;N/A;N/A;N/A;N/A;N/A;N/A;N/A;N/A;N/A;N/A;N/A;N/A;N/A;N/A;N/A;N/A;N/A;N/A;N/A;N/A;;0;324;0;0;;Disabled;TempStop;2;700;327.8;279.1;0;0;599.9;549.9;Enabled;PosOk;2;0;0;0;0;0;15;Disabled;0;0;0;0;0;0;0;0;0;0;0;0;0;0;0;0;0;0;0;0;0;0;0;0;0;0;0;0;0;0;0;0;0;0;0;0;0;0;0;0;0;0;0;0;0;0;0;0;0;0;0;0;0;0;0;0;0;0;0;0;0;0;0;0;0;0;0;0;0;0;30;33;20;45;30;30;20;45;30;33;20;45;30;30;20;45;200;142;100;300;200;139;100;300;200;141;100;300;200;141;100;300;30;33;20;45;30;30;20;45;30;31;20;45;30;30;20;45;200;145;100;300;200;143;100;300;200;243;100;300;200;244;100;300;4;2;0.4;6;4;5;0.4;6;4;2;0.4;6;4;5;0.4;6;4;2;0.4;6;4;5;0.4;6;4;2;0.4;6;4;5;0.4;6;NOK;NOK;OK;7000;7084;6500;8100;OK;4.97;0;8;12;NOK;N/A;1.5;N/A;N/A;N/A;9;11.6;7;18;OK;;0;0;0;-;Disabled;TempOk;2;230;43.5;44.2;0;0;349.9;441345100 daimler 1500 1900;441345100 daimler 1500 1900;441345100 Daimler 1500 1900
20260320_23:34:12;10140;2;1;950;940.7;925;975;OK;950;951.2;925;975;OK;951.1;951.2;-15;-18.4;-50;-20;NOK;-15;-18.5;-50;-20;NOK;-16.1;-17.2;0;-15;-18.5;-50;-20;NOK;300;311;300;500;OK;0;0;N/A;N/A;N/A;N/A;N/A;N/A;N/A;N/A;N/A;N/A;N/A;N/A;N/A;N/A;N/A;N/A;N/A;N/A;N/A;N/A;N/A;N/A;N/A;N/A;N/A;N/A;N/A;N/A;N/A;N/A;N/A;N/A;N/A;N/A;N/A;N/A;N/A;N/A;N/A;N/A;N/A;N/A;N/A;N/A;N/A;N/A;N/A;N/A;N/A;N/A;N/A;N/A;N/A;N/A;N/A;N/A;N/A;N/A;N/A;N/A;N/A;N/A;N/A;N/A;N/A;N/A;N/A;N/A;N/A;N/A;N/A;N/A;N/A;N/A;N/A;N/A;N/A;N/A;N/A;N/A;N/A;N/A;N/A;N/A;N/A;N/A;N/A;N/A;N/A;N/A;N/A;N/A;N/A;N/A;N/A;N/A;N/A;N/A;;0;322.6;0;0;;Disabled;TempStop;2;700;326.3;278.6;0;0;599.9;549.9;Enabled;PosOk;2;0;0;0;0;0;15;Disabled;0;0;0;0;0;0;0;0;0;0;0;0;0;0;0;0;0;0;0;0;0;0;0;0;0;0;0;0;0;0;0;0;0;0;0;0;0;0;0;0;0;0;0;0;0;0;0;0;0;0;0;0;0;0;0;0;0;0;0;0;0;0;0;0;0;0;0;0;0;0;30;33;20;45;30;30;20;45;30;33;20;45;30;30;20;45;200;142;100;300;200;140;100;300;200;140;100;300;200;140;100;300;30;33;20;45;30;30;20;45;30;32;20;45;30;30;20;45;200;144;100;300;200;142;100;300;200;242;100;300;200;244;100;300;4;2;0.4;6;4;5;0.4;6;4;2;0.4;6;4;5;0.4;6;4;2;0.4;6;4;5;0.4;6;4;2;0.4;6;4;5;0.4;6;NOK;NOK;OK;7000;7082;6500;8100;OK;4.97;0;8;12;NOK;N/A;1.5;N/A;N/A;N/A;9;11.6;7;18;OK;;0;0;0;-;Disabled;TempOk;2;230;43.5;44.2;0;0;349.9;441345100 daimler 1500 1900;441345100 daimler 1500 1900;441345100 Daimler 1500 1900
20260320_23:34:30;10141;3;3;950;940.4;925;975;OK;950;951.8;925;975;OK;951.6;951.6;-20;-13.3;-50;-25;NOK;-20;-13.7;-50;-25;NOK;-12;-13;0;-20;-13.2;-50;-25;NOK;300;311;300;500;OK;0;0;N/A;N/A;N/A;N/A;N/A;N/A;N/A;N/A;N/A;N/A;N/A;N/A;N/A;N/A;N/A;N/A;N/A;N/A;N/A;N/A;N/A;N/A;N/A;N/A;N/A;N/A;N/A;N/A;N/A;N/A;N/A;N/A;N/A;N/A;N/A;N/A;N/A;N/A;N/A;N/A;N/A;N/A;N/A;N/A;N/A;N/A;N/A;N/A;N/A;N/A;N/A;N/A;N/A;N/A;N/A;N/A;N/A;N/A;N/A;N/A;N/A;N/A;N/A;N/A;N/A;N/A;N/A;N/A;N/A;N/A;N/A;N/A;N/A;N/A;N/A;N/A;N/A;N/A;N/A;N/A;N/A;N/A;N/A;N/A;N/A;N/A;N/A;N/A;N/A;N/A;N/A;N/A;N/A;N/A;N/A;N/A;N/A;N/A;;0;321.6;0;0;;Disabled;TempStop;2;700;325.2;277.1;0;0;599.9;549.9;Enabled;PosOk;2;0;0;0;0;0;15;Disabled;0;0;0;0;0;0;0;0;0;0;0;0;0;0;0;0;0;0;0;0;0;0;0;0;0;0;0;0;0;0;0;0;0;0;0;0;0;0;0;0;0;0;0;0;0;0;0;0;0;0;0;0;0;0;0;0;0;0;0;0;0;0;0;0;0;0;0;0;0;0;30;33;20;45;30;30;20;45;30;33;20;45;30;30;20;45;200;142;100;300;200;140;100;300;200;141;100;300;200;140;100;300;30;33;20;45;30;30;20;45;30;32;20;45;30;30;20;45;200;144;100;300;200;143;100;300;200;243;100;300;200;244;100;300;4;2;0.4;6;4;5;0.4;6;4;2;0.4;6;4;5;0.4;6;4;2;0.4;6;4;5;0.4;6;4;2;0.4;6;4;5;0.4;6;NOK;NOK;OK;7000;7089;6500;8100;OK;4.97;0;8;12;NOK;N/A;1.54;N/A;N/A;N/A;9;11.6;7;18;OK;;0;0;0;-;Disabled;TempOk;2;230;43.9;45.9;0;0;349.9;441345100 daimler 1500 1900;441345100 daimler 1500 1900;441345100 Daimler 1500 1900
20260320_23:34:48;10142;2;4;950;939.8;925;975;OK;950;950.3;925;975;OK;950.4;950.4;-15;-23.9;-50;-20;OK;-15;-24;-50;-20;OK;-20;-21.9;0;-15;-24;-50;-20;OK;300;311;300;500;OK;0;0;N/A;N/A;N/A;N/A;N/A;N/A;N/A;N/A;N/A;N/A;N/A;N/A;N/A;N/A;N/A;N/A;N/A;N/A;N/A;N/A;N/A;N/A;N/A;N/A;N/A;N/A;N/A;N/A;N/A;N/A;N/A;N/A;N/A;N/A;N/A;N/A;N/A;N/A;N/A;N/A;N/A;N/A;N/A;N/A;N/A;N/A;N/A;N/A;N/A;N/A;N/A;N/A;N/A;N/A;N/A;N/A;N/A;N/A;N/A;N/A;N/A;N/A;N/A;N/A;N/A;N/A;N/A;N/A;N/A;N/A;N/A;N/A;N/A;N/A;N/A;N/A;N/A;N/A;N/A;N/A;N/A;N/A;N/A;N/A;N/A;N/A;N/A;N/A;N/A;N/A;N/A;N/A;N/A;N/A;N/A;N/A;N/A;N/A;;0;322.9;0;0;;Disabled;TempStop;2;700;326.6;277.7;0;0;599.9;549.9;Enabled;PosOk;2;0;0;0;0;0;15;Disabled;0;0;0;0;0;0;0;0;0;0;0;0;0;0;0;0;0;0;0;0;0;0;0;0;0;0;0;0;0;0;0;0;0;0;0;0;0;0;0;0;0;0;0;0;0;0;0;0;0;0;0;0;0;0;0;0;0;0;0;0;0;0;0;0;0;0;0;0;0;0;30;33;20;45;30;29;20;45;30;33;20;45;30;29;20;45;200;142;100;300;200;140;100;300;200;140;100;300;200;140;100;300;30;33;20;45;30;29;20;45;30;31;20;45;30;29;20;45;200;144;100;300;200;143;100;300;200;243;100;300;200;244;100;300;4;2;0.4;6;4;5;0.4;6;4;2;0.4;6;4;5;0.4;6;4;2;0.4;6;4;5;0.4;6;4;2;0.4;6;4;5;0.4;6;NOK;NOK;OK;7000;7080;6500;8100;OK;4.97;0;8;12;NOK;N/A;1.5;N/A;N/A;N/A;9;11.5;7;18;OK;;0;0;0;-;Disabled;TempOk;2;230;43.9;44.9;0;0;349.9;441345100 daimler 1500 1900;441345100 daimler 1500 1900;441345100 Daimler 1500 1900
20260320_23:35:06;10143;1;4;950;939.6;925;975;OK;950;950.9;925;975;OK;950.8;950.8;-20;-10.2;-50;-25;NOK;-20;-11.2;-50;-25;NOK;-14.1;-13.7;0;-20;-10.1;-50;-25;NOK;300;311;300;500;OK;0;0;N/A;N/A;N/A;N/A;N/A;N/A;N/A;N/A;N/A;N/A;N/A;N/A;N/A;N/A;N/A;N/A;N/A;N/A;N/A;N/A;N/A;N/A;N/A;N/A;N/A;N/A;N/A;N/A;N/A;N/A;N/A;N/A;N/A;N/A;N/A;N/A;N/A;N/A;N/A;N/A;N/A;N/A;N/A;N/A;N/A;N/A;N/A;N/A;N/A;N/A;N/A;N/A;N/A;N/A;N/A;N/A;N/A;N/A;N/A;N/A;N/A;N/A;N/A;N/A;N/A;N/A;N/A;N/A;N/A;N/A;N/A;N/A;N/A;N/A;N/A;N/A;N/A;N/A;N/A;N/A;N/A;N/A;N/A;N/A;N/A;N/A;N/A;N/A;N/A;N/A;N/A;N/A;N/A;N/A;N/A;N/A;N/A;N/A;;0;323.2;0;0;;Disabled;TempStop;2;700;326.8;277.7;0;0;599.9;549.9;Enabled;PosOk;2;0;0;0;0;0;15;Disabled;0;0;0;0;0;0;0;0;0;0;0;0;0;0;0;0;0;0;0;0;0;0;0;0;0;0;0;0;0;0;0;0;0;0;0;0;0;0;0;0;0;0;0;0;0;0;0;0;0;0;0;0;0;0;0;0;0;0;0;0;0;0;0;0;0;0;0;0;0;0;30;33;20;45;30;29;20;45;30;33;20;45;30;29;20;45;200;142;100;300;200;140;100;300;200;141;100;300;200;140;100;300;30;32;20;45;30;29;20;45;30;31;20;45;30;29;20;45;200;144;100;300;200;143;100;300;200;243;100;300;200;244;100;300;4;2;0.4;6;4;5;0.4;6;4;2;0.4;6;4;5;0.4;6;4;2;0.4;6;4;5;0.4;6;4;2;0.4;6;4;5;0.4;6;NOK;NOK;OK;7000;7094;6500;8100;OK;4.97;0;8;12;NOK;N/A;1.5;N/A;N/A;N/A;9;11.5;7;18;OK;;0;0;0;-;Disabled;TempOk;2;230;43.7;43.9;0;0;349.9;441345100 daimler 1500 1900;441345100 daimler 1500 1900;441345100 Daimler 1500 1900
20260320_23:35:24;10144;4;4;950;924.8;925;975;NOK;950;954.1;925;975;OK;953.8;953.9;-15;-11.6;-50;-5;OK;-15;-7.7;-50;-5;OK;-7.2;-5.7;0;-15;-11.8;-50;-5;OK;300;311;300;500;OK;20.56;21.05;N/A;N/A;N/A;N/A;N/A;N/A;N/A;N/A;N/A;N/A;N/A;N/A;N/A;N/A;N/A;N/A;N/A;N/A;N/A;N/A;N/A;N/A;N/A;N/A;N/A;N/A;N/A;N/A;N/A;N/A;N/A;N/A;N/A;N/A;N/A;N/A;N/A;N/A;N/A;N/A;N/A;N/A;N/A;N/A;N/A;N/A;N/A;N/A;N/A;N/A;N/A;N/A;N/A;N/A;N/A;N/A;N/A;N/A;N/A;N/A;N/A;N/A;N/A;N/A;N/A;N/A;N/A;N/A;N/A;N/A;N/A;N/A;N/A;N/A;N/A;N/A;N/A;N/A;N/A;N/A;N/A;N/A;N/A;N/A;N/A;N/A;N/A;N/A;N/A;N/A;N/A;N/A;N/A;N/A;N/A;N/A;N/A;N/A;;0;320.9;0;0;;Disabled;TempStop;2;700;324.6;277.2;0;0;599.9;549.9;Enabled;PosOk;2;0;0;0;0;0;15;Disabled;0;0;0;0;0;0;0;0;0;0;0;0;0;0;0;0;0;0;0;0;0;0;0;0;0;0;0;0;0;0;0;0;0;0;0;0;0;0;0;0;0;0;0;0;0;0;0;0;0;0;0;0;0;0;0;0;0;0;0;0;0;0;0;0;0;0;0;0;0;0;30;33;20;45;30;29;20;45;30;33;20;45;30;29;20;45;200;142;100;300;200;140;100;300;200;140;100;300;200;140;100;300;30;32;20;45;30;29;20;45;30;31;20;45;30;29;20;45;200;144;100;300;200;142;100;300;200;243;100;300;200;244;100;300;4;2;0.4;6;4;5;0.4;6;4;2;0.4;6;4;5;0.4;6;4;2;0.4;6;4;5;0.4;6;4;3;0.4;6;4;5;0.4;6;NOK;NOK;OK;7000;7088;6500;8100;OK;4.97;0;8;12;NOK;N/A;1.5;N/A;N/A;N/A;9;11.5;7;18;OK;;0;0;0;-;Disabled;TempOk;2;230;43.7;44.4;0;0;349.9;441345100 daimler 1500 1900;441345100 daimler 1500 1900;441345100 Daimler 1500 1900
20260320_23:35:42;10145;3;4;950;940.7;925;975;OK;950;951.6;925;975;OK;951.5;951.6;-20;-11.8;-50;-25;NOK;-20;-12.8;-50;-25;NOK;-15.8;-15.5;0;-20;-11.6;-50;-25;NOK;300;311;300;500;OK;0;0;N/A;N/A;N/A;N/A;N/A;N/A;N/A;N/A;N/A;N/A;N/A;N/A;N/A;N/A;N/A;N/A;N/A;N/A;N/A;N/A;N/A;N/A;N/A;N/A;N/A;N/A;N/A;N/A;N/A;N/A;N/A;N/A;N/A;N/A;N/A;N/A;N/A;N/A;N/A;N/A;N/A;N/A;N/A;N/A;N/A;N/A;N/A;N/A;N/A;N/A;N/A;N/A;N/A;N/A;N/A;N/A;N/A;N/A;N/A;N/A;N/A;N/A;N/A;N/A;N/A;N/A;N/A;N/A;N/A;N/A;N/A;N/A;N/A;N/A;N/A;N/A;N/A;N/A;N/A;N/A;N/A;N/A;N/A;N/A;N/A;N/A;N/A;N/A;N/A;N/A;N/A;N/A;N/A;N/A;N/A;N/A;N/A;N/A;;0;321.4;0;0;;Disabled;TempStop;2;700;325.1;277.7;0;0;599.9;549.9;Enabled;PosOk;2;0;0;0;0;0;15;Disabled;0;0;0;0;0;0;0;0;0;0;0;0;0;0;0;0;0;0;0;0;0;0;0;0;0;0;0;0;0;0;0;0;0;0;0;0;0;0;0;0;0;0;0;0;0;0;0;0;0;0;0;0;0;0;0;0;0;0;0;0;0;0;0;0;0;0;0;0;0;0;30;33;20;45;30;30;20;45;30;33;20;45;30;29;20;45;200;141;100;300;200;140;100;300;200;141;100;300;200;140;100;300;30;32;20;45;30;30;20;45;30;31;20;45;30;30;20;45;200;144;100;300;200;143;100;300;200;243;100;300;200;244;100;300;4;2;0.4;6;4;5;0.4;6;4;2;0.4;6;4;5;0.4;6;4;2;0.4;6;4;5;0.4;6;4;2;0.4;6;4;5;0.4;6;NOK;NOK;OK;7000;7083;6500;8100;OK;4.97;0;8;12;NOK;N/A;1.5;N/A;N/A;N/A;9;11.5;7;18;OK;;0;0;0;-;Disabled;TempOk;2;230;43.7;45.7;0;0;349.9;441345100 daimler 1500 1900;441345100 daimler 1500 1900;441345100 Daimler 1500 1900
20260320_23:36:18;10147;3;5;950;943.3;925;975;OK;950;951.2;925;975;OK;951.2;951.3;-20;-15.7;-50;-25;NOK;-20;-16.1;-50;-25;NOK;-16.3;-16.7;0;-20;-15.5;-50;-25;NOK;300;311;300;500;OK;0;0;N/A;N/A;N/A;N/A;N/A;N/A;N/A;N/A;N/A;N/A;N/A;N/A;N/A;N/A;N/A;N/A;N/A;N/A;N/A;N/A;N/A;N/A;N/A;N/A;N/A;N/A;N/A;N/A;N/A;N/A;N/A;N/A;N/A;N/A;N/A;N/A;N/A;N/A;N/A;N/A;N/A;N/A;N/A;N/A;N/A;N/A;N/A;N/A;N/A;N/A;N/A;N/A;N/A;N/A;N/A;N/A;N/A;N/A;N/A;N/A;N/A;N/A;N/A;N/A;N/A;N/A;N/A;N/A;N/A;N/A;N/A;N/A;N/A;N/A;N/A;N/A;N/A;N/A;N/A;N/A;N/A;N/A;N/A;N/A;N/A;N/A;N/A;N/A;N/A;N/A;N/A;N/A;N/A;N/A;N/A;N/A;N/A;N/A;;0;320.4;0;0;;Disabled;TempStop;2;700;323.6;277.5;0;0;599.9;549.9;Enabled;PosOk;2;0;0;0;0;0;15;Disabled;0;0;0;0;0;0;0;0;0;0;0;0;0;0;0;0;0;0;0;0;0;0;0;0;0;0;0;0;0;0;0;0;0;0;0;0;0;0;0;0;0;0;0;0;0;0;0;0;0;0;0;0;0;0;0;0;0;0;0;0;0;0;0;0;0;0;0;0;0;0;30;32;20;45;30;30;20;45;30;32;20;45;30;30;20;45;200;142;100;300;200;140;100;300;200;140;100;300;200;140;100;300;30;31;20;45;30;30;20;45;30;31;20;45;30;30;20;45;200;144;100;300;200;143;100;300;200;243;100;300;200;244;100;300;4;2;0.4;6;4;5;0.4;6;4;2;0.4;6;4;5;0.4;6;4;2;0.4;6;4;5;0.4;6;4;3;0.4;6;4;5;0.4;6;NOK;NOK;OK;7000;7041;6500;8100;OK;4.97;0;8;12;NOK;N/A;1.5;N/A;N/A;N/A;9;12.2;7;18;OK;;0;0;0;-;Disabled;TempOk;2;230;43.1;43.5;0;0;349.9;441345100 daimler 1500 1900;441345100 daimler 1500 1900;441345100 Daimler 1500 1900
20260320_23:36:36;10146;4;5;950;935.6;925;975;OK;950;950.7;925;975;OK;950.5;951;-15;-14.8;-50;-5;OK;-15;-13.6;-50;-5;OK;-11.7;-12.4;0;-15;-14.7;-50;-5;OK;300;311;300;500;OK;20.62;21.23;N/A;N/A;N/A;N/A;N/A;N/A;N/A;N/A;N/A;N/A;N/A;N/A;N/A;N/A;N/A;N/A;N/A;N/A;N/A;N/A;N/A;N/A;N/A;N/A;N/A;N/A;N/A;N/A;N/A;N/A;N/A;N/A;N/A;N/A;N/A;N/A;N/A;N/A;N/A;N/A;N/A;N/A;N/A;N/A;N/A;N/A;N/A;N/A;N/A;N/A;N/A;N/A;N/A;N/A;N/A;N/A;N/A;N/A;N/A;N/A;N/A;N/A;N/A;N/A;N/A;N/A;N/A;N/A;N/A;N/A;N/A;N/A;N/A;N/A;N/A;N/A;N/A;N/A;N/A;N/A;N/A;N/A;N/A;N/A;N/A;N/A;N/A;N/A;N/A;N/A;N/A;N/A;N/A;N/A;N/A;N/A;N/A;N/A;;0;323.8;0;0;;Disabled;TempStop;2;700;327.1;280.8;0;0;599.9;549.9;Enabled;PosOk;2;0;0;0;0;0;15;Disabled;0;0;0;0;0;0;0;0;0;0;0;0;0;0;0;0;0;0;0;0;0;0;0;0;0;0;0;0;0;0;0;0;0;0;0;0;0;0;0;0;0;0;0;0;0;0;0;0;0;0;0;0;0;0;0;0;0;0;0;0;0;0;0;0;0;0;0;0;0;0;30;32;20;45;30;30;20;45;30;33;20;45;30;30;20;45;200;142;100;300;200;141;100;300;200;140;100;300;200;141;100;300;30;32;20;45;30;30;20;45;30;31;20;45;30;30;20;45;200;144;100;300;200;143;100;300;200;243;100;300;200;244;100;300;4;2;0.4;6;4;5;0.4;6;4;2;0.4;6;4;5;0.4;6;4;2;0.4;6;4;5;0.4;6;4;3;0.4;6;4;5;0.4;6;NOK;NOK;OK;7000;7089;6500;8100;OK;4.97;0;8;12;NOK;N/A;1.5;N/A;N/A;N/A;9;12.3;7;18;OK;;0;0;0;-;Disabled;TempOk;2;230;43.5;44.2;0;0;349.9;441345100 daimler 1500 1900;441345100 daimler 1500 1900;441345100 Daimler 1500 1900
20260320_23:37:12;10149;4;1;950;937.4;925;975;OK;950;951.7;925;975;OK;950.5;950.8;-15;-7.8;-50;-5;OK;-15;-21.1;-50;-5;OK;-18.2;-19.6;0;-15;-7.8;-50;-5;OK;300;311;300;500;OK;20.66;21.31;N/A;N/A;N/A;N/A;N/A;N/A;N/A;N/A;N/A;N/A;N/A;N/A;N/A;N/A;N/A;N/A;N/A;N/A;N/A;N/A;N/A;N/A;N/A;N/A;N/A;N/A;N/A;N/A;N/A;N/A;N/A;N/A;N/A;N/A;N/A;N/A;N/A;N/A;N/A;N/A;N/A;N/A;N/A;N/A;N/A;N/A;N/A;N/A;N/A;N/A;N/A;N/A;N/A;N/A;N/A;N/A;N/A;N/A;N/A;N/A;N/A;N/A;N/A;N/A;N/A;N/A;N/A;N/A;N/A;N/A;N/A;N/A;N/A;N/A;N/A;N/A;N/A;N/A;N/A;N/A;N/A;N/A;N/A;N/A;N/A;N/A;N/A;N/A;N/A;N/A;N/A;N/A;N/A;N/A;N/A;N/A;N/A;N/A;;0;321.8;0;0;;Disabled;TempStop;2;700;324.9;280.2;0;0;599.9;549.9;Enabled;PosOk;2;0;0;0;0;0;15;Disabled;0;0;0;0;0;0;0;0;0;0;0;0;0;0;0;0;0;0;0;0;0;0;0;0;0;0;0;0;0;0;0;0;0;0;0;0;0;0;0;0;0;0;0;0;0;0;0;0;0;0;0;0;0;0;0;0;0;0;0;0;0;0;0;0;0;0;0;0;0;0;30;32;20;45;30;30;20;45;30;32;20;45;30;30;20;45;200;142;100;300;200;140;100;300;200;140;100;300;200;140;100;300;30;31;20;45;30;30;20;45;30;31;20;45;30;30;20;45;200;144;100;300;200;143;100;300;200;243;100;300;200;244;100;300;4;2;0.4;6;4;5;0.4;6;4;2;0.4;6;4;5;0.4;6;4;2;0.4;6;4;5;0.4;6;4;2;0.4;6;4;5;0.4;6;NOK;NOK;OK;7000;7018;6500;8100;OK;4.97;0;8;12;NOK;N/A;1.5;N/A;N/A;N/A;9;12.4;7;18;OK;;0;0;0;-;Disabled;TempOk;2;230;43.3;43.3;0;0;349.9;441345100 daimler 1500 1900;441345100 daimler 1500 1900;441345100 Daimler 1500 1900
20260320_23:37:30;10148;3;1;950;940.5;925;975;OK;950;951.6;925;975;OK;951.3;951.5;-20;-14.1;-50;-25;NOK;-20;-13.8;-50;-25;NOK;-11.4;-12.5;0;-20;-14.2;-50;-25;NOK;300;311;300;500;OK;0;0;N/A;N/A;N/A;N/A;N/A;N/A;N/A;N/A;N/A;N/A;N/A;N/A;N/A;N/A;N/A;N/A;N/A;N/A;N/A;N/A;N/A;N/A;N/A;N/A;N/A;N/A;N/A;N/A;N/A;N/A;N/A;N/A;N/A;N/A;N/A;N/A;N/A;N/A;N/A;N/A;N/A;N/A;N/A;N/A;N/A;N/A;N/A;N/A;N/A;N/A;N/A;N/A;N/A;N/A;N/A;N/A;N/A;N/A;N/A;N/A;N/A;N/A;N/A;N/A;N/A;N/A;N/A;N/A;N/A;N/A;N/A;N/A;N/A;N/A;N/A;N/A;N/A;N/A;N/A;N/A;N/A;N/A;N/A;N/A;N/A;N/A;N/A;N/A;N/A;N/A;N/A;N/A;N/A;N/A;N/A;N/A;N/A;N/A;;0;322.1;0;0;;Disabled;TempStop;2;700;325.2;279.2;0;0;599.9;549.9;Enabled;PosOk;2;0;0;0;0;0;15;Disabled;0;0;0;0;0;0;0;0;0;0;0;0;0;0;0;0;0;0;0;0;0;0;0;0;0;0;0;0;0;0;0;0;0;0;0;0;0;0;0;0;0;0;0;0;0;0;0;0;0;0;0;0;0;0;0;0;0;0;0;0;0;0;0;0;0;0;0;0;0;0;30;32;20;45;30;30;20;45;30;32;20;45;30;30;20;45;200;141;100;300;200;140;100;300;200;141;100;300;200;140;100;300;30;32;20;45;30;30;20;45;30;31;20;45;30;30;20;45;200;144;100;300;200;143;100;300;200;243;100;300;200;244;100;300;4;2;0.4;6;4;5;0.4;6;4;2;0.4;6;4;5;0.4;6;4;2;0.4;6;4;5;0.4;6;4;3;0.4;6;4;5;0.4;6;NOK;NOK;OK;7000;7081;6500;8100;OK;4.97;0;8;12;NOK;N/A;1.5;N/A;N/A;N/A;9;12.5;7;18;OK;;0;0;0;-;Disabled;TempOk;2;230;43.1;43.5;0;0;349.9;441345100 daimler 1500 1900;441345100 daimler 1500 1900;441345100 Daimler 1500 1900
20260320_23:37:48;10150;2;2;950;939.3;925;975;OK;950;950.8;925;975;OK;950.6;950.7;-15;-19.2;-50;-20;NOK;-15;-18.4;-50;-20;NOK;-15.3;-16.6;0;-15;-19.4;-50;-20;NOK;300;311;300;500;OK;0;0;N/A;N/A;N/A;N/A;N/A;N/A;N/A;N/A;N/A;N/A;N/A;N/A;N/A;N/A;N/A;N/A;N/A;N/A;N/A;N/A;N/A;N/A;N/A;N/A;N/A;N/A;N/A;N/A;N/A;N/A;N/A;N/A;N/A;N/A;N/A;N/A;N/A;N/A;N/A;N/A;N/A;N/A;N/A;N/A;N/A;N/A;N/A;N/A;N/A;N/A;N/A;N/A;N/A;N/A;N/A;N/A;N/A;N/A;N/A;N/A;N/A;N/A;N/A;N/A;N/A;N/A;N/A;N/A;N/A;N/A;N/A;N/A;N/A;N/A;N/A;N/A;N/A;N/A;N/A;N/A;N/A;N/A;N/A;N/A;N/A;N/A;N/A;N/A;N/A;N/A;N/A;N/A;N/A;N/A;N/A;N/A;N/A;N/A;;0;324.3;0;0;;Disabled;TempStop;2;700;328;280.5;0;0;599.9;549.9;Enabled;PosOk;2;0;0;0;0;0;15;Disabled;0;0;0;0;0;0;0;0;0;0;0;0;0;0;0;0;0;0;0;0;0;0;0;0;0;0;0;0;0;0;0;0;0;0;0;0;0;0;0;0;0;0;0;0;0;0;0;0;0;0;0;0;0;0;0;0;0;0;0;0;0;0;0;0;0;0;0;0;0;0;30;33;20;45;30;30;20;45;30;33;20;45;30;30;20;45;200;142;100;300;200;140;100;300;200;140;100;300;200;141;100;300;30;32;20;45;30;30;20;45;30;31;20;45;30;30;20;45;200;144;100;300;200;143;100;300;200;242;100;300;200;243;100;300;4;2;0.4;6;4;5;0.4;6;4;2;0.4;6;4;5;0.4;6;4;2;0.4;6;4;5;0.4;6;4;3;0.4;6;4;5;0.4;6;NOK;NOK;OK;7000;7085;6500;8100;OK;4.97;0;8;12;NOK;N/A;1.5;N/A;N/A;N/A;9;11.9;7;18;OK;;0;0;0;-;Disabled;TempOk;2;230;43.3;43.7;0;0;349.9;441345100 daimler 1500 1900;441345100 daimler 1500 1900;441345100 Daimler 1500 1900
20260320_23:38:06;10151;1;2;950;940.6;925;975;OK;950;951.4;925;975;OK;951.4;951.5;-20;-12.8;-50;-25;NOK;-20;-15.9;-50;-25;NOK;-14;-14.9;0;-20;-12.8;-50;-25;NOK;300;311;300;500;OK;0;0;N/A;N/A;N/A;N/A;N/A;N/A;N/A;N/A;N/A;N/A;N/A;N/A;N/A;N/A;N/A;N/A;N/A;N/A;N/A;N/A;N/A;N/A;N/A;N/A;N/A;N/A;N/A;N/A;N/A;N/A;N/A;N/A;N/A;N/A;N/A;N/A;N/A;N/A;N/A;N/A;N/A;N/A;N/A;N/A;N/A;N/A;N/A;N/A;N/A;N/A;N/A;N/A;N/A;N/A;N/A;N/A;N/A;N/A;N/A;N/A;N/A;N/A;N/A;N/A;N/A;N/A;N/A;N/A;N/A;N/A;N/A;N/A;N/A;N/A;N/A;N/A;N/A;N/A;N/A;N/A;N/A;N/A;N/A;N/A;N/A;N/A;N/A;N/A;N/A;N/A;N/A;N/A;N/A;N/A;N/A;N/A;N/A;N/A;;0;323.5;0;0;;Disabled;TempStop;2;700;327.4;279.4;0;0;599.9;549.9;Enabled;PosOk;2;0;0;0;0;0;15;Disabled;0;0;0;0;0;0;0;0;0;0;0;0;0;0;0;0;0;0;0;0;0;0;0;0;0;0;0;0;0;0;0;0;0;0;0;0;0;0;0;0;0;0;0;0;0;0;0;0;0;0;0;0;0;0;0;0;0;0;0;0;0;0;0;0;0;0;0;0;0;0;30;33;20;45;30;30;20;45;30;33;20;45;30;30;20;45;200;142;100;300;200;140;100;300;200;140;100;300;200;140;100;300;30;32;20;45;30;30;20;45;30;31;20;45;30;30;20;45;200;144;100;300;200;143;100;300;200;243;100;300;200;244;100;300;4;2;0.4;6;4;5;0.4;6;4;2;0.4;6;4;5;0.4;6;4;2;0.4;6;4;5;0.4;6;4;2;0.4;6;4;5;0.4;6;NOK;NOK;OK;7000;7093;6500;8100;OK;4.97;0;8;12;NOK;N/A;1.5;N/A;N/A;N/A;9;11.9;7;18;OK;;0;0;0;-;Disabled;TempOk;2;230;43.7;46.1;0;0;349.9;441345100 daimler 1500 1900;441345100 daimler 1500 1900;441345100 Daimler 1500 1900
20260320_23:38:24;10152;4;2;950;947.5;925;975;OK;950;951.9;925;975;OK;950.4;951.1;-15;-11.9;-50;-5;OK;-15;-20.1;-50;-5;OK;-16.4;-18.1;0;-15;-11.5;-50;-5;OK;300;311;300;500;OK;20.76;21.47;N/A;N/A;N/A;N/A;N/A;N/A;N/A;N/A;N/A;N/A;N/A;N/A;N/A;N/A;N/A;N/A;N/A;N/A;N/A;N/A;N/A;N/A;N/A;N/A;N/A;N/A;N/A;N/A;N/A;N/A;N/A;N/A;N/A;N/A;N/A;N/A;N/A;N/A;N/A;N/A;N/A;N/A;N/A;N/A;N/A;N/A;N/A;N/A;N/A;N/A;N/A;N/A;N/A;N/A;N/A;N/A;N/A;N/A;N/A;N/A;N/A;N/A;N/A;N/A;N/A;N/A;N/A;N/A;N/A;N/A;N/A;N/A;N/A;N/A;N/A;N/A;N/A;N/A;N/A;N/A;N/A;N/A;N/A;N/A;N/A;N/A;N/A;N/A;N/A;N/A;N/A;N/A;N/A;N/A;N/A;N/A;N/A;N/A;;0;325.2;0;0;;Disabled;TempStop;2;700;329;280.8;0;0;599.9;549.9;Enabled;PosOk;2;0;0;0;0;0;15;Disabled;0;0;0;0;0;0;0;0;0;0;0;0;0;0;0;0;0;0;0;0;0;0;0;0;0;0;0;0;0;0;0;0;0;0;0;0;0;0;0;0;0;0;0;0;0;0;0;0;0;0;0;0;0;0;0;0;0;0;0;0;0;0;0;0;0;0;0;0;0;0;30;33;20;45;30;30;20;45;30;33;20;45;30;29;20;45;200;142;100;300;200;140;100;300;200;140;100;300;200;140;100;300;30;32;20;45;30;30;20;45;30;31;20;45;30;30;20;45;200;144;100;300;200;143;100;300;200;243;100;300;200;244;100;300;4;2;0.4;6;4;5;0.4;6;4;2;0.4;6;4;5;0.4;6;4;2;0.4;6;4;5;0.4;6;4;2;0.4;6;4;5;0.4;6;NOK;NOK;OK;7000;7083;6500;8100;OK;4.98;0;8;12;NOK;N/A;1.5;N/A;N/A;N/A;9;11.8;7;18;OK;;0;0;0;-;Disabled;TempOk;2;230;43.1;44.9;0;0;349.9;441345100 daimler 1500 1900;441345100 daimler 1500 1900;441345100 Daimler 1500 1900
20260320_23:38:42;10153;3;2;950;940.8;925;975;OK;950;951.9;925;975;OK;951.8;951.8;-20;-13.7;-50;-25;NOK;-20;-14.4;-50;-25;NOK;-13.3;-14.5;0;-20;-13.6;-50;-25;NOK;300;311;300;500;OK;0;0;N/A;N/A;N/A;N/A;N/A;N/A;N/A;N/A;N/A;N/A;N/A;N/A;N/A;N/A;N/A;N/A;N/A;N/A;N/A;N/A;N/A;N/A;N/A;N/A;N/A;N/A;N/A;N/A;N/A;N/A;N/A;N/A;N/A;N/A;N/A;N/A;N/A;N/A;N/A;N/A;N/A;N/A;N/A;N/A;N/A;N/A;N/A;N/A;N/A;N/A;N/A;N/A;N/A;N/A;N/A;N/A;N/A;N/A;N/A;N/A;N/A;N/A;N/A;N/A;N/A;N/A;N/A;N/A;N/A;N/A;N/A;N/A;N/A;N/A;N/A;N/A;N/A;N/A;N/A;N/A;N/A;N/A;N/A;N/A;N/A;N/A;N/A;N/A;N/A;N/A;N/A;N/A;N/A;N/A;N/A;N/A;N/A;N/A;;0;322.2;0;0;;Disabled;TempStop;2;700;325.9;278.4;0;0;599.9;549.9;Enabled;PosOk;2;0;0;0;0;0;15;Disabled;0;0;0;0;0;0;0;0;0;0;0;0;0;0;0;0;0;0;0;0;0;0;0;0;0;0;0;0;0;0;0;0;0;0;0;0;0;0;0;0;0;0;0;0;0;0;0;0;0;0;0;0;0;0;0;0;0;0;0;0;0;0;0;0;0;0;0;0;0;0;30;33;20;45;30;29;20;45;30;33;20;45;30;29;20;45;200;142;100;300;200;140;100;300;200;141;100;300;200;140;100;300;30;32;20;45;30;29;20;45;30;31;20;45;30;29;20;45;200;144;100;300;200;143;100;300;200;242;100;300;200;244;100;300;4;2;0.4;6;4;5;0.4;6;4;2;0.4;6;4;5;0.4;6;4;3;0.4;6;4;5;0.4;6;4;2;0.4;6;4;5;0.4;6;NOK;NOK;OK;7000;7103;6500;8100;OK;4.98;0;8;12;NOK;N/A;1.5;N/A;N/A;N/A;9;11.7;7;18;OK;;0;0;0;-;Disabled;TempOk;2;230;43.5;45.2;0;0;349.9;441345100 daimler 1500 1900;441345100 daimler 1500 1900;441345100 Daimler 1500 1900
20260320_23:39:00;10154;4;3;950;944.5;925;975;OK;950;955.9;925;975;OK;952;952.3;-15;-12;-50;-5;OK;-15;-21;-50;-5;OK;-19.3;-20.4;0;-15;-11.9;-50;-5;OK;300;311;300;500;OK;20.82;21.54;N/A;N/A;N/A;N/A;N/A;N/A;N/A;N/A;N/A;N/A;N/A;N/A;N/A;N/A;N/A;N/A;N/A;N/A;N/A;N/A;N/A;N/A;N/A;N/A;N/A;N/A;N/A;N/A;N/A;N/A;N/A;N/A;N/A;N/A;N/A;N/A;N/A;N/A;N/A;N/A;N/A;N/A;N/A;N/A;N/A;N/A;N/A;N/A;N/A;N/A;N/A;N/A;N/A;N/A;N/A;N/A;N/A;N/A;N/A;N/A;N/A;N/A;N/A;N/A;N/A;N/A;N/A;N/A;N/A;N/A;N/A;N/A;N/A;N/A;N/A;N/A;N/A;N/A;N/A;N/A;N/A;N/A;N/A;N/A;N/A;N/A;N/A;N/A;N/A;N/A;N/A;N/A;N/A;N/A;N/A;N/A;N/A;N/A;;0;322.9;0;0;;Disabled;TempStop;2;700;326.6;279.4;0;0;599.9;549.9;Enabled;PosOk;2;0;0;0;0;0;15;Disabled;0;0;0;0;0;0;0;0;0;0;0;0;0;0;0;0;0;0;0;0;0;0;0;0;0;0;0;0;0;0;0;0;0;0;0;0;0;0;0;0;0;0;0;0;0;0;0;0;0;0;0;0;0;0;0;0;0;0;0;0;0;0;0;0;0;0;0;0;0;0;30;33;20;45;30;29;20;45;30;33;20;45;30;29;20;45;200;142;100;300;200;140;100;300;200;140;100;300;200;141;100;300;30;32;20;45;30;29;20;45;30;31;20;45;30;29;20;45;200;144;100;300;200;143;100;300;200;242;100;300;200;244;100;300;4;2;0.4;6;4;5;0.4;6;4;2;0.4;6;4;5;0.4;6;4;2;0.4;6;4;5;0.4;6;4;2;0.4;6;4;5;0.4;6;NOK;NOK;OK;7000;7077;6500;8100;OK;4.97;0;8;12;NOK;N/A;1.5;N/A;N/A;N/A;9;11.7;7;18;OK;;0;0;0;-;Disabled;TempOk;2;230;43.5;43.5;0;0;349.9;441345100 daimler 1500 1900;441345100 daimler 1500 1900;441345100 Daimler 1500 1900
20260320_23:39:18;10155;1;3;950;940.6;925;975;OK;950;951.8;925;975;OK;951.7;951.6;-20;-12.5;-50;-25;NOK;-20;-14.8;-50;-25;NOK;-16.7;-17.7;0;-20;-12.4;-50;-25;NOK;300;311;300;500;OK;0;0;N/A;N/A;N/A;N/A;N/A;N/A;N/A;N/A;N/A;N/A;N/A;N/A;N/A;N/A;N/A;N/A;N/A;N/A;N/A;N/A;N/A;N/A;N/A;N/A;N/A;N/A;N/A;N/A;N/A;N/A;N/A;N/A;N/A;N/A;N/A;N/A;N/A;N/A;N/A;N/A;N/A;N/A;N/A;N/A;N/A;N/A;N/A;N/A;N/A;N/A;N/A;N/A;N/A;N/A;N/A;N/A;N/A;N/A;N/A;N/A;N/A;N/A;N/A;N/A;N/A;N/A;N/A;N/A;N/A;N/A;N/A;N/A;N/A;N/A;N/A;N/A;N/A;N/A;N/A;N/A;N/A;N/A;N/A;N/A;N/A;N/A;N/A;N/A;N/A;N/A;N/A;N/A;N/A;N/A;N/A;N/A;N/A;N/A;;0;323.6;0;0;;Disabled;TempStop;2;700;327.1;279;0;0;599.9;549.9;Enabled;PosOk;2;0;0;0;0;0;15;Disabled;0;0;0;0;0;0;0;0;0;0;0;0;0;0;0;0;0;0;0;0;0;0;0;0;0;0;0;0;0;0;0;0;0;0;0;0;0;0;0;0;0;0;0;0;0;0;0;0;0;0;0;0;0;0;0;0;0;0;0;0;0;0;0;0;0;0;0;0;0;0;30;33;20;45;30;30;20;45;30;33;20;45;30;30;20;45;200;142;100;300;200;140;100;300;200;140;100;300;200;141;100;300;30;32;20;45;30;30;20;45;30;31;20;45;30;30;20;45;200;144;100;300;200;143;100;300;200;242;100;300;200;243;100;300;4;2;0.4;6;4;5;0.4;6;4;2;0.4;6;4;5;0.4;6;4;2;0.4;6;4;5;0.4;6;4;3;0.4;6;4;5;0.4;6;NOK;NOK;OK;7000;7074;6500;8100;OK;4.97;0;8;12;NOK;N/A;1.5;N/A;N/A;N/A;9;11.5;7;18;OK;;0;0;0;-;Disabled;TempOk;2;230;43.3;43.5;0;0;349.9;441345100 daimler 1500 1900;441345100 daimler 1500 1900;441345100 Daimler 1500 1900
20260320_23:39:36;10156;2;1;950;940.9;925;975;OK;950;951.1;925;975;OK;951.1;951.2;-15;-18.8;-50;-20;NOK;-15;-18.2;-50;-20;NOK;-15.8;-16.9;0;-15;-19;-50;-20;NOK;300;311;300;500;OK;0;0;N/A;N/A;N/A;N/A;N/A;N/A;N/A;N/A;N/A;N/A;N/A;N/A;N/A;N/A;N/A;N/A;N/A;N/A;N/A;N/A;N/A;N/A;N/A;N/A;N/A;N/A;N/A;N/A;N/A;N/A;N/A;N/A;N/A;N/A;N/A;N/A;N/A;N/A;N/A;N/A;N/A;N/A;N/A;N/A;N/A;N/A;N/A;N/A;N/A;N/A;N/A;N/A;N/A;N/A;N/A;N/A;N/A;N/A;N/A;N/A;N/A;N/A;N/A;N/A;N/A;N/A;N/A;N/A;N/A;N/A;N/A;N/A;N/A;N/A;N/A;N/A;N/A;N/A;N/A;N/A;N/A;N/A;N/A;N/A;N/A;N/A;N/A;N/A;N/A;N/A;N/A;N/A;N/A;N/A;N/A;N/A;N/A;N/A;;0;325.5;0;0;;Disabled;TempStop;2;700;329.3;280.2;0;0;599.9;549.9;Enabled;PosOk;2;0;0;0;0;0;15;Disabled;0;0;0;0;0;0;0;0;0;0;0;0;0;0;0;0;0;0;0;0;0;0;0;0;0;0;0;0;0;0;0;0;0;0;0;0;0;0;0;0;0;0;0;0;0;0;0;0;0;0;0;0;0;0;0;0;0;0;0;0;0;0;0;0;0;0;0;0;0;0;30;33;20;45;30;30;20;45;30;33;20;45;30;30;20;45;200;142;100;300;200;140;100;300;200;141;100;300;200;140;100;300;30;33;20;45;30;30;20;45;30;31;20;45;30;30;20;45;200;144;100;300;200;143;100;300;200;243;100;300;200;244;100;300;4;2;0.4;6;4;5;0.4;6;4;2;0.4;6;4;5;0.4;6;4;2;0.4;6;4;5;0.4;6;4;2;0.4;6;4;5;0.4;6;NOK;NOK;OK;7000;7087;6500;8100;OK;4.97;0;8;12;NOK;N/A;1.5;N/A;N/A;N/A;9;12.1;7;18;OK;;0;0;0;-;Disabled;TempOk;2;230;43.5;43.5;0;0;349.9;441345100 daimler 1500 1900;441345100 daimler 1500 1900;441345100 Daimler 1500 1900
20260320_23:39:54;10157;3;3;950;940.7;925;975;OK;950;951.6;925;975;OK;951.6;951.5;-20;-13.5;-50;-25;NOK;-20;-13.7;-50;-25;NOK;-12.1;-13.2;0;-20;-13.4;-50;-25;NOK;300;311;300;500;OK;0;0;N/A;N/A;N/A;N/A;N/A;N/A;N/A;N/A;N/A;N/A;N/A;N/A;N/A;N/A;N/A;N/A;N/A;N/A;N/A;N/A;N/A;N/A;N/A;N/A;N/A;N/A;N/A;N/A;N/A;N/A;N/A;N/A;N/A;N/A;N/A;N/A;N/A;N/A;N/A;N/A;N/A;N/A;N/A;N/A;N/A;N/A;N/A;N/A;N/A;N/A;N/A;N/A;N/A;N/A;N/A;N/A;N/A;N/A;N/A;N/A;N/A;N/A;N/A;N/A;N/A;N/A;N/A;N/A;N/A;N/A;N/A;N/A;N/A;N/A;N/A;N/A;N/A;N/A;N/A;N/A;N/A;N/A;N/A;N/A;N/A;N/A;N/A;N/A;N/A;N/A;N/A;N/A;N/A;N/A;N/A;N/A;N/A;N/A;;0;323.2;0;0;;Disabled;TempStop;2;700;326.9;279.3;0;0;599.9;549.9;Enabled;PosOk;2;0;0;0;0;0;15;Disabled;0;0;0;0;0;0;0;0;0;0;0;0;0;0;0;0;0;0;0;0;0;0;0;0;0;0;0;0;0;0;0;0;0;0;0;0;0;0;0;0;0;0;0;0;0;0;0;0;0;0;0;0;0;0;0;0;0;0;0;0;0;0;0;0;0;0;0;0;0;0;30;33;20;45;30;30;20;45;30;33;20;45;30;30;20;45;200;142;100;300;200;140;100;300;200;141;100;300;200;141;100;300;30;33;20;45;30;30;20;45;30;32;20;45;30;30;20;45;200;145;100;300;200;143;100;300;200;243;100;300;200;243;100;300;4;2;0.4;6;4;5;0.4;6;4;2;0.4;6;4;5;0.4;6;4;2;0.4;6;4;5;0.4;6;4;2;0.4;6;4;5;0.4;6;NOK;NOK;OK;7000;7080;6500;8100;OK;4.97;0;8;12;NOK;N/A;1.5;N/A;N/A;N/A;9;12.2;7;18;OK;;0;0;0;-;Disabled;TempOk;2;230;43.7;44.2;0;0;349.9;441345100 daimler 1500 1900;441345100 daimler 1500 1900;441345100 Daimler 1500 1900
20260320_23:40:12;10158;2;4;950;939;925;975;OK;950;950.3;925;975;OK;950.2;950.4;-15;-24.6;-50;-20;OK;-15;-23.9;-50;-20;OK;-19.6;-21.6;0;-15;-24.7;-50;-20;OK;300;311;300;500;OK;0;0;N/A;N/A;N/A;N/A;N/A;N/A;N/A;N/A;N/A;N/A;N/A;N/A;N/A;N/A;N/A;N/A;N/A;N/A;N/A;N/A;N/A;N/A;N/A;N/A;N/A;N/A;N/A;N/A;N/A;N/A;N/A;N/A;N/A;N/A;N/A;N/A;N/A;N/A;N/A;N/A;N/A;N/A;N/A;N/A;N/A;N/A;N/A;N/A;N/A;N/A;N/A;N/A;N/A;N/A;N/A;N/A;N/A;N/A;N/A;N/A;N/A;N/A;N/A;N/A;N/A;N/A;N/A;N/A;N/A;N/A;N/A;N/A;N/A;N/A;N/A;N/A;N/A;N/A;N/A;N/A;N/A;N/A;N/A;N/A;N/A;N/A;N/A;N/A;N/A;N/A;N/A;N/A;N/A;N/A;N/A;N/A;N/A;N/A;;0;323.2;0;0;;Disabled;TempStop;2;700;326.7;279.4;0;0;599.9;549.9;Enabled;PosOk;2;0;0;0;0;0;15;Disabled;0;0;0;0;0;0;0;0;0;0;0;0;0;0;0;0;0;0;0;0;0;0;0;0;0;0;0;0;0;0;0;0;0;0;0;0;0;0;0;0;0;0;0;0;0;0;0;0;0;0;0;0;0;0;0;0;0;0;0;0;0;0;0;0;0;0;0;0;0;0;30;33;20;45;30;30;20;45;30;33;20;45;30;30;20;45;200;143;100;300;200;140;100;300;200;141;100;300;200;140;100;300;30;33;20;45;30;30;20;45;30;32;20;45;30;30;20;45;200;144;100;300;200;143;100;300;200;242;100;300;200;243;100;300;4;2;0.4;6;4;5;0.4;6;4;2;0.4;6;4;5;0.4;6;4;2;0.4;6;4;5;0.4;6;4;2;0.4;6;4;5;0.4;6;NOK;NOK;OK;7000;7086;6500;8100;OK;4.97;0;8;12;NOK;N/A;1.5;N/A;N/A;N/A;9;12.1;7;18;OK;;0;0;0;-;Disabled;TempOk;2;230;43.9;46.5;0;0;349.9;441345100 daimler 1500 1900;441345100 daimler 1500 1900;441345100 Daimler 1500 1900
20260320_23:40:30;10159;1;4;950;940.5;925;975;OK;950;950.9;925;975;OK;950.9;950.8;-20;-10.6;-50;-25;NOK;-20;-12.3;-50;-25;NOK;-15.6;-15.2;0;-20;-10.4;-50;-25;NOK;300;311;300;500;OK;0;0;N/A;N/A;N/A;N/A;N/A;N/A;N/A;N/A;N/A;N/A;N/A;N/A;N/A;N/A;N/A;N/A;N/A;N/A;N/A;N/A;N/A;N/A;N/A;N/A;N/A;N/A;N/A;N/A;N/A;N/A;N/A;N/A;N/A;N/A;N/A;N/A;N/A;N/A;N/A;N/A;N/A;N/A;N/A;N/A;N/A;N/A;N/A;N/A;N/A;N/A;N/A;N/A;N/A;N/A;N/A;N/A;N/A;N/A;N/A;N/A;N/A;N/A;N/A;N/A;N/A;N/A;N/A;N/A;N/A;N/A;N/A;N/A;N/A;N/A;N/A;N/A;N/A;N/A;N/A;N/A;N/A;N/A;N/A;N/A;N/A;N/A;N/A;N/A;N/A;N/A;N/A;N/A;N/A;N/A;N/A;N/A;N/A;N/A;;0;322.7;0;0;;Disabled;TempStop;2;700;326.2;278.9;0;0;599.9;549.9;Enabled;PosOk;2;0;0;0;0;0;15;Disabled;0;0;0;0;0;0;0;0;0;0;0;0;0;0;0;0;0;0;0;0;0;0;0;0;0;0;0;0;0;0;0;0;0;0;0;0;0;0;0;0;0;0;0;0;0;0;0;0;0;0;0;0;0;0;0;0;0;0;0;0;0;0;0;0;0;0;0;0;0;0;30;33;20;45;30;30;20;45;30;33;20;45;30;30;20;45;200;142;100;300;200;140;100;300;200;141;100;300;200;140;100;300;30;33;20;45;30;30;20;45;30;32;20;45;30;30;20;45;200;144;100;300;200;143;100;300;200;243;100;300;200;245;100;300;4;2;0.4;6;4;5;0.4;6;4;2;0.4;6;4;5;0.4;6;4;2;0.4;6;4;5;0.4;6;4;2;0.4;6;4;5;0.4;6;NOK;NOK;OK;7000;7081;6500;8100;OK;4.97;0;8;12;NOK;N/A;1.51;N/A;N/A;N/A;9;12.2;7;18;OK;;0;0;0;-;Disabled;TempOk;2;230;43.9;44.7;0;0;349.9;441345100 daimler 1500 1900;441345100 daimler 1500 1900;441345100 Daimler 1500 1900
20260320_23:40:48;10160;4;4;950;929.3;925;975;OK;950;954.3;925;975;OK;953.9;954.1;-15;-8.8;-50;-5;OK;-15;-11.1;-50;-5;OK;-18.6;-13.7;0;-15;-9;-50;-5;OK;300;311;300;500;OK;21.09;21.71;N/A;N/A;N/A;N/A;N/A;N/A;N/A;N/A;N/A;N/A;N/A;N/A;N/A;N/A;N/A;N/A;N/A;N/A;N/A;N/A;N/A;N/A;N/A;N/A;N/A;N/A;N/A;N/A;N/A;N/A;N/A;N/A;N/A;N/A;N/A;N/A;N/A;N/A;N/A;N/A;N/A;N/A;N/A;N/A;N/A;N/A;N/A;N/A;N/A;N/A;N/A;N/A;N/A;N/A;N/A;N/A;N/A;N/A;N/A;N/A;N/A;N/A;N/A;N/A;N/A;N/A;N/A;N/A;N/A;N/A;N/A;N/A;N/A;N/A;N/A;N/A;N/A;N/A;N/A;N/A;N/A;N/A;N/A;N/A;N/A;N/A;N/A;N/A;N/A;N/A;N/A;N/A;N/A;N/A;N/A;N/A;N/A;N/A;;0;320.4;0;0;;Disabled;TempStop;2;700;324;277.1;0;0;599.9;549.9;Enabled;PosOk;2;0;0;0;0;0;15;Disabled;0;0;0;0;0;0;0;0;0;0;0;0;0;0;0;0;0;0;0;0;0;0;0;0;0;0;0;0;0;0;0;0;0;0;0;0;0;0;0;0;0;0;0;0;0;0;0;0;0;0;0;0;0;0;0;0;0;0;0;0;0;0;0;0;0;0;0;0;0;0;30;33;20;45;30;30;20;45;30;34;20;45;30;30;20;45;200;142;100;300;200;140;100;300;200;141;100;300;200;141;100;300;30;33;20;45;30;30;20;45;30;32;20;45;30;30;20;45;200;144;100;300;200;143;100;300;200;243;100;300;200;244;100;300;4;2;0.4;6;4;5;0.4;6;4;2;0.4;6;4;5;0.4;6;4;2;0.4;6;4;5;0.4;6;4;2;0.4;6;4;5;0.4;6;NOK;NOK;OK;7000;7087;6500;8100;OK;4.97;0;8;12;NOK;N/A;1.5;N/A;N/A;N/A;9;12.4;7;18;OK;;0;0;0;-;Disabled;TempOk;2;230;44.2;44.4;0;0;349.9;441345100 daimler 1500 1900;441345100 daimler 1500 1900;441345100 Daimler 1500 1900
20260320_23:41:06;10161;3;4;950;940.7;925;975;OK;950;951.6;925;975;OK;951.6;951.6;-20;-11.8;-50;-25;NOK;-20;-12.7;-50;-25;NOK;-15.9;-15.5;0;-20;-11.6;-50;-25;NOK;300;311;300;500;OK;0;0;N/A;N/A;N/A;N/A;N/A;N/A;N/A;N/A;N/A;N/A;N/A;N/A;N/A;N/A;N/A;N/A;N/A;N/A;N/A;N/A;N/A;N/A;N/A;N/A;N/A;N/A;N/A;N/A;N/A;N/A;N/A;N/A;N/A;N/A;N/A;N/A;N/A;N/A;N/A;N/A;N/A;N/A;N/A;N/A;N/A;N/A;N/A;N/A;N/A;N/A;N/A;N/A;N/A;N/A;N/A;N/A;N/A;N/A;N/A;N/A;N/A;N/A;N/A;N/A;N/A;N/A;N/A;N/A;N/A;N/A;N/A;N/A;N/A;N/A;N/A;N/A;N/A;N/A;N/A;N/A;N/A;N/A;N/A;N/A;N/A;N/A;N/A;N/A;N/A;N/A;N/A;N/A;N/A;N/A;N/A;N/A;N/A;N/A;;0;323.1;0;0;;Disabled;TempStop;2;700;326.7;278.6;0;0;599.9;549.9;Enabled;PosOk;2;0;0;0;0;0;15;Disabled;0;0;0;0;0;0;0;0;0;0;0;0;0;0;0;0;0;0;0;0;0;0;0;0;0;0;0;0;0;0;0;0;0;0;0;0;0;0;0;0;0;0;0;0;0;0;0;0;0;0;0;0;0;0;0;0;0;0;0;0;0;0;0;0;0;0;0;0;0;0;30;33;20;45;30;30;20;45;30;34;20;45;30;30;20;45;200;142;100;300;200;139;100;300;200;141;100;300;200;140;100;300;30;33;20;45;30;30;20;45;30;31;20;45;30;30;20;45;200;144;100;300;200;143;100;300;200;243;100;300;200;243;100;300;4;2;0.4;6;4;5;0.4;6;4;2;0.4;6;4;5;0.4;6;4;2;0.4;6;4;5;0.4;6;4;2;0.4;6;4;5;0.4;6;NOK;NOK;OK;7000;7080;6500;8100;OK;4.98;0;8;12;NOK;N/A;1.5;N/A;N/A;N/A;9;12;7;18;OK;;0;0;0;-;Disabled;TempOk;2;230;43.3;44.2;0;0;349.9;441345100 daimler 1500 1900;441345100 daimler 1500 1900;441345100 Daimler 1500 1900
20260320_23:41:42;10163;3;5;950;943.6;925;975;OK;950;951.2;925;975;OK;951.2;951.2;-20;-15.7;-50;-25;NOK;-20;-16.1;-50;-25;NOK;-16.2;-16.6;0;-20;-15.6;-50;-25;NOK;300;311;300;500;OK;0;0;N/A;N/A;N/A;N/A;N/A;N/A;N/A;N/A;N/A;N/A;N/A;N/A;N/A;N/A;N/A;N/A;N/A;N/A;N/A;N/A;N/A;N/A;N/A;N/A;N/A;N/A;N/A;N/A;N/A;N/A;N/A;N/A;N/A;N/A;N/A;N/A;N/A;N/A;N/A;N/A;N/A;N/A;N/A;N/A;N/A;N/A;N/A;N/A;N/A;N/A;N/A;N/A;N/A;N/A;N/A;N/A;N/A;N/A;N/A;N/A;N/A;N/A;N/A;N/A;N/A;N/A;N/A;N/A;N/A;N/A;N/A;N/A;N/A;N/A;N/A;N/A;N/A;N/A;N/A;N/A;N/A;N/A;N/A;N/A;N/A;N/A;N/A;N/A;N/A;N/A;N/A;N/A;N/A;N/A;N/A;N/A;N/A;N/A;;0;320.7;0;0;;Disabled;TempStop;2;700;323.9;278.3;0;0;599.9;549.9;Enabled;PosOk;2;0;0;0;0;0;15;Disabled;0;0;0;0;0;0;0;0;0;0;0;0;0;0;0;0;0;0;0;0;0;0;0;0;0;0;0;0;0;0;0;0;0;0;0;0;0;0;0;0;0;0;0;0;0;0;0;0;0;0;0;0;0;0;0;0;0;0;0;0;0;0;0;0;0;0;0;0;0;0;30;32;20;45;30;30;20;45;30;32;20;45;30;30;20;45;200;142;100;300;200;139;100;300;200;140;100;300;200;140;100;300;30;32;20;45;30;30;20;45;30;31;20;45;30;30;20;45;200;144;100;300;200;143;100;300;200;243;100;300;200;244;100;300;4;2;0.4;6;4;5;0.4;6;4;2;0.4;6;4;5;0.4;6;4;2;0.4;6;4;5;0.4;6;4;2;0.4;6;4;5;0.4;6;NOK;NOK;OK;7000;7023;6500;8100;OK;4.96;0;8;12;NOK;N/A;1.5;N/A;N/A;N/A;9;11.9;7;18;OK;;0;0;0;-;Disabled;TempOk;2;230;43.3;43.7;0;0;349.9;441345100 daimler 1500 1900;441345100 daimler 1500 1900;441345100 Daimler 1500 1900
20260320_23:42:00;10162;4;5;950;933.7;925;975;OK;950;951;925;975;OK;950.7;951.2;-15;-13.6;-50;-5;OK;-15;-15.2;-50;-5;OK;-16.2;-15.9;0;-15;-13.6;-50;-5;OK;300;311;300;500;OK;21.26;21.77;N/A;N/A;N/A;N/A;N/A;N/A;N/A;N/A;N/A;N/A;N/A;N/A;N/A;N/A;N/A;N/A;N/A;N/A;N/A;N/A;N/A;N/A;N/A;N/A;N/A;N/A;N/A;N/A;N/A;N/A;N/A;N/A;N/A;N/A;N/A;N/A;N/A;N/A;N/A;N/A;N/A;N/A;N/A;N/A;N/A;N/A;N/A;N/A;N/A;N/A;N/A;N/A;N/A;N/A;N/A;N/A;N/A;N/A;N/A;N/A;N/A;N/A;N/A;N/A;N/A;N/A;N/A;N/A;N/A;N/A;N/A;N/A;N/A;N/A;N/A;N/A;N/A;N/A;N/A;N/A;N/A;N/A;N/A;N/A;N/A;N/A;N/A;N/A;N/A;N/A;N/A;N/A;N/A;N/A;N/A;N/A;N/A;N/A;;0;323.2;0;0;;Disabled;TempStop;2;700;326.3;280.3;0;0;599.9;549.9;Enabled;PosOk;2;0;0;0;0;0;15;Disabled;0;0;0;0;0;0;0;0;0;0;0;0;0;0;0;0;0;0;0;0;0;0;0;0;0;0;0;0;0;0;0;0;0;0;0;0;0;0;0;0;0;0;0;0;0;0;0;0;0;0;0;0;0;0;0;0;0;0;0;0;0;0;0;0;0;0;0;0;0;0;30;32;20;45;30;30;20;45;30;33;20;45;30;30;20;45;200;142;100;300;200;139;100;300;200;141;100;300;200;141;100;300;30;32;20;45;30;30;20;45;30;31;20;45;30;30;20;45;200;144;100;300;200;143;100;300;200;242;100;300;200;243;100;300;4;2;0.4;6;4;5;0.4;6;4;2;0.4;6;4;5;0.4;6;4;2;0.4;6;4;5;0.4;6;4;2;0.4;6;4;5;0.4;6;NOK;NOK;OK;7000;7083;6500;8100;OK;4.97;0;8;12;NOK;N/A;1.51;N/A;N/A;N/A;9;12;7;18;OK;;0;0;0;-;Disabled;TempOk;2;230;43.1;43.7;0;0;349.9;441345100 daimler 1500 1900;441345100 daimler 1500 1900;441345100 Daimler 1500 1900
20260320_23:42:36;10165;4;1;950;939.9;925;975;OK;950;951.6;925;975;OK;957.6;955.6;-15;-21.5;-50;-5;OK;-15;-8.1;-50;-5;OK;-12.6;-10.2;0;-15;-21.5;-50;-5;OK;300;311;300;500;OK;21.34;21.81;N/A;N/A;N/A;N/A;N/A;N/A;N/A;N/A;N/A;N/A;N/A;N/A;N/A;N/A;N/A;N/A;N/A;N/A;N/A;N/A;N/A;N/A;N/A;N/A;N/A;N/A;N/A;N/A;N/A;N/A;N/A;N/A;N/A;N/A;N/A;N/A;N/A;N/A;N/A;N/A;N/A;N/A;N/A;N/A;N/A;N/A;N/A;N/A;N/A;N/A;N/A;N/A;N/A;N/A;N/A;N/A;N/A;N/A;N/A;N/A;N/A;N/A;N/A;N/A;N/A;N/A;N/A;N/A;N/A;N/A;N/A;N/A;N/A;N/A;N/A;N/A;N/A;N/A;N/A;N/A;N/A;N/A;N/A;N/A;N/A;N/A;N/A;N/A;N/A;N/A;N/A;N/A;N/A;N/A;N/A;N/A;N/A;N/A;;0;322.9;0;0;;Disabled;TempStop;2;700;326;281.3;0;0;599.9;549.9;Enabled;PosOk;2;0;0;0;0;0;15;Disabled;0;0;0;0;0;0;0;0;0;0;0;0;0;0;0;0;0;0;0;0;0;0;0;0;0;0;0;0;0;0;0;0;0;0;0;0;0;0;0;0;0;0;0;0;0;0;0;0;0;0;0;0;0;0;0;0;0;0;0;0;0;0;0;0;0;0;0;0;0;0;30;32;20;45;30;29;20;45;30;32;20;45;30;29;20;45;200;142;100;300;200;140;100;300;200;141;100;300;200;140;100;300;30;31;20;45;30;29;20;45;30;30;20;45;30;29;20;45;200;144;100;300;200;142;100;300;200;243;100;300;200;244;100;300;4;2;0.4;6;4;5;0.4;6;4;2;0.4;6;4;5;0.4;6;4;2;0.4;6;4;5;0.4;6;4;2;0.4;6;4;5;0.4;6;NOK;NOK;OK;7000;7048;6500;8100;OK;4.97;0;8;12;NOK;N/A;1.5;N/A;N/A;N/A;9;11.8;7;18;OK;;0;0;0;-;Disabled;TempOk;2;230;43.5;43.7;0;0;349.9;441345100 daimler 1500 1900;441345100 daimler 1500 1900;441345100 Daimler 1500 1900
20260320_23:42:54;10164;3;1;950;941.3;925;975;OK;950;951.5;925;975;OK;951.4;951.4;-20;-14.1;-50;-25;NOK;-20;-13.8;-50;-25;NOK;-11.5;-12.6;0;-20;-14.2;-50;-25;NOK;300;311;300;500;OK;0;0;N/A;N/A;N/A;N/A;N/A;N/A;N/A;N/A;N/A;N/A;N/A;N/A;N/A;N/A;N/A;N/A;N/A;N/A;N/A;N/A;N/A;N/A;N/A;N/A;N/A;N/A;N/A;N/A;N/A;N/A;N/A;N/A;N/A;N/A;N/A;N/A;N/A;N/A;N/A;N/A;N/A;N/A;N/A;N/A;N/A;N/A;N/A;N/A;N/A;N/A;N/A;N/A;N/A;N/A;N/A;N/A;N/A;N/A;N/A;N/A;N/A;N/A;N/A;N/A;N/A;N/A;N/A;N/A;N/A;N/A;N/A;N/A;N/A;N/A;N/A;N/A;N/A;N/A;N/A;N/A;N/A;N/A;N/A;N/A;N/A;N/A;N/A;N/A;N/A;N/A;N/A;N/A;N/A;N/A;N/A;N/A;N/A;N/A;;0;322.6;0;0;;Disabled;TempStop;2;700;325.9;279.8;0;0;599.9;549.9;Enabled;PosOk;2;0;0;0;0;0;15;Disabled;0;0;0;0;0;0;0;0;0;0;0;0;0;0;0;0;0;0;0;0;0;0;0;0;0;0;0;0;0;0;0;0;0;0;0;0;0;0;0;0;0;0;0;0;0;0;0;0;0;0;0;0;0;0;0;0;0;0;0;0;0;0;0;0;0;0;0;0;0;0;30;32;20;45;30;29;20;45;30;32;20;45;30;29;20;45;200;142;100;300;200;140;100;300;200;141;100;300;200;141;100;300;30;32;20;45;30;29;20;45;30;31;20;45;30;29;20;45;200;144;100;300;200;143;100;300;200;243;100;300;200;244;100;300;4;2;0.4;6;4;5;0.4;6;4;2;0.4;6;4;5;0.4;6;4;2;0.4;6;4;5;0.4;6;4;2;0.4;6;4;5;0.4;6;NOK;NOK;OK;7000;7083;6500;8100;OK;4.97;0;8;12;NOK;N/A;1.5;N/A;N/A;N/A;9;11.8;7;18;OK;;0;0;0;-;Disabled;TempOk;2;230;43.5;43.3;0;0;349.9;441345100 daimler 1500 1900;441345100 daimler 1500 1900;441345100 Daimler 1500 1900
20260320_23:43:12;10166;2;2;950;939.1;925;975;OK;950;950.6;925;975;OK;950.8;950.7;-15;-18.8;-50;-20;NOK;-15;-18.6;-50;-20;NOK;-15.4;-16.8;0;-15;-19;-50;-20;NOK;300;311;300;500;OK;0;0;N/A;N/A;N/A;N/A;N/A;N/A;N/A;N/A;N/A;N/A;N/A;N/A;N/A;N/A;N/A;N/A;N/A;N/A;N/A;N/A;N/A;N/A;N/A;N/A;N/A;N/A;N/A;N/A;N/A;N/A;N/A;N/A;N/A;N/A;N/A;N/A;N/A;N/A;N/A;N/A;N/A;N/A;N/A;N/A;N/A;N/A;N/A;N/A;N/A;N/A;N/A;N/A;N/A;N/A;N/A;N/A;N/A;N/A;N/A;N/A;N/A;N/A;N/A;N/A;N/A;N/A;N/A;N/A;N/A;N/A;N/A;N/A;N/A;N/A;N/A;N/A;N/A;N/A;N/A;N/A;N/A;N/A;N/A;N/A;N/A;N/A;N/A;N/A;N/A;N/A;N/A;N/A;N/A;N/A;N/A;N/A;N/A;N/A;;0;324.2;0;0;;Disabled;TempStop;2;700;327.7;280.6;0;0;599.9;549.9;Enabled;PosOk;2;0;0;0;0;0;15;Disabled;0;0;0;0;0;0;0;0;0;0;0;0;0;0;0;0;0;0;0;0;0;0;0;0;0;0;0;0;0;0;0;0;0;0;0;0;0;0;0;0;0;0;0;0;0;0;0;0;0;0;0;0;0;0;0;0;0;0;0;0;0;0;0;0;0;0;0;0;0;0;30;32;20;45;30;29;20;45;30;33;20;45;30;30;20;45;200;142;100;300;200;140;100;300;200;141;100;300;200;141;100;300;30;32;20;45;30;29;20;45;30;31;20;45;30;29;20;45;200;144;100;300;200;143;100;300;200;243;100;300;200;243;100;300;4;2;0.4;6;4;5;0.4;6;4;2;0.4;6;4;5;0.4;6;4;2;0.4;6;4;5;0.4;6;4;2;0.4;6;4;5;0.4;6;NOK;NOK;OK;7000;7088;6500;8100;OK;4.97;0;8;12;NOK;N/A;1.5;N/A;N/A;N/A;9;11.6;7;18;OK;;0;0;0;-;Disabled;TempOk;2;230;43.5;44.2;0;0;349.9;441345100 daimler 1500 1900;441345100 daimler 1500 1900;441345100 Daimler 1500 1900
20260320_23:43:30;10167;1;2;950;940.4;925;975;OK;950;951.5;925;975;OK;951.6;951.4;-20;-16.1;-50;-25;NOK;-20;-16.8;-50;-25;NOK;-15;-15.8;0;-20;-16.2;-50;-25;NOK;300;311;300;500;OK;0;0;N/A;N/A;N/A;N/A;N/A;N/A;N/A;N/A;N/A;N/A;N/A;N/A;N/A;N/A;N/A;N/A;N/A;N/A;N/A;N/A;N/A;N/A;N/A;N/A;N/A;N/A;N/A;N/A;N/A;N/A;N/A;N/A;N/A;N/A;N/A;N/A;N/A;N/A;N/A;N/A;N/A;N/A;N/A;N/A;N/A;N/A;N/A;N/A;N/A;N/A;N/A;N/A;N/A;N/A;N/A;N/A;N/A;N/A;N/A;N/A;N/A;N/A;N/A;N/A;N/A;N/A;N/A;N/A;N/A;N/A;N/A;N/A;N/A;N/A;N/A;N/A;N/A;N/A;N/A;N/A;N/A;N/A;N/A;N/A;N/A;N/A;N/A;N/A;N/A;N/A;N/A;N/A;N/A;N/A;N/A;N/A;N/A;N/A;;0;323.9;0;0;;Disabled;TempStop;2;700;327.5;279.9;0;0;599.9;549.9;Enabled;PosOk;2;0;0;0;0;0;15;Disabled;0;0;0;0;0;0;0;0;0;0;0;0;0;0;0;0;0;0;0;0;0;0;0;0;0;0;0;0;0;0;0;0;0;0;0;0;0;0;0;0;0;0;0;0;0;0;0;0;0;0;0;0;0;0;0;0;0;0;0;0;0;0;0;0;0;0;0;0;0;0;30;33;20;45;30;30;20;45;30;33;20;45;30;30;20;45;200;142;100;300;200;140;100;300;200;141;100;300;200;140;100;300;30;32;20;45;30;30;20;45;30;31;20;45;30;30;20;45;200;145;100;300;200;143;100;300;200;243;100;300;200;243;100;300;4;2;0.4;6;4;5;0.4;6;4;2;0.4;6;4;5;0.4;6;4;2;0.4;6;4;5;0.4;6;4;2;0.4;6;4;5;0.4;6;NOK;NOK;OK;7000;7086;6500;8100;OK;4.97;0;8;12;NOK;N/A;1.5;N/A;N/A;N/A;9;11.6;7;18;OK;;0;0;0;-;Disabled;TempOk;2;230;43.3;43.5;0;0;349.9;441345100 daimler 1500 1900;441345100 daimler 1500 1900;441345100 Daimler 1500 1900
20260320_23:43:48;10168;4;2;950;939.2;925;975;OK;950;957.9;925;975;OK;957.9;957.9;-15;-20.5;-50;-5;OK;-15;-13;-50;-5;OK;-16.7;-15.4;0;-15;-20.6;-50;-5;OK;300;311;300;500;OK;21.5;21.91;N/A;N/A;N/A;N/A;N/A;N/A;N/A;N/A;N/A;N/A;N/A;N/A;N/A;N/A;N/A;N/A;N/A;N/A;N/A;N/A;N/A;N/A;N/A;N/A;N/A;N/A;N/A;N/A;N/A;N/A;N/A;N/A;N/A;N/A;N/A;N/A;N/A;N/A;N/A;N/A;N/A;N/A;N/A;N/A;N/A;N/A;N/A;N/A;N/A;N/A;N/A;N/A;N/A;N/A;N/A;N/A;N/A;N/A;N/A;N/A;N/A;N/A;N/A;N/A;N/A;N/A;N/A;N/A;N/A;N/A;N/A;N/A;N/A;N/A;N/A;N/A;N/A;N/A;N/A;N/A;N/A;N/A;N/A;N/A;N/A;N/A;N/A;N/A;N/A;N/A;N/A;N/A;N/A;N/A;N/A;N/A;N/A;N/A;;0;323.7;0;0;;Disabled;TempStop;2;700;327.4;279.7;0;0;599.9;549.9;Enabled;PosOk;2;0;0;0;0;0;15;Disabled;0;0;0;0;0;0;0;0;0;0;0;0;0;0;0;0;0;0;0;0;0;0;0;0;0;0;0;0;0;0;0;0;0;0;0;0;0;0;0;0;0;0;0;0;0;0;0;0;0;0;0;0;0;0;0;0;0;0;0;0;0;0;0;0;0;0;0;0;0;0;30;33;20;45;30;30;20;45;30;33;20;45;30;30;20;45;200;142;100;300;200;140;100;300;200;141;100;300;200;141;100;300;30;32;20;45;30;30;20;45;30;32;20;45;30;30;20;45;200;144;100;300;200;143;100;300;200;242;100;300;200;243;100;300;4;2;0.4;6;4;5;0.4;6;4;2;0.4;6;4;5;0.4;6;4;2;0.4;6;4;5;0.4;6;4;2;0.4;6;4;5;0.4;6;NOK;NOK;OK;7000;7084;6500;8100;OK;4.97;0;8;12;NOK;N/A;1.5;N/A;N/A;N/A;9;11.6;7;18;OK;;0;0;0;-;Disabled;TempOk;2;230;43.5;43.5;0;0;349.9;441345100 daimler 1500 1900;441345100 daimler 1500 1900;441345100 Daimler 1500 1900
20260320_23:44:05;10169;3;2;950;941;925;975;OK;950;951.8;925;975;OK;951.8;951.8;-20;-13.8;-50;-25;NOK;-20;-14.2;-50;-25;NOK;-13.4;-14.4;0;-20;-13.6;-50;-25;NOK;300;311;300;500;OK;0;0;N/A;N/A;N/A;N/A;N/A;N/A;N/A;N/A;N/A;N/A;N/A;N/A;N/A;N/A;N/A;N/A;N/A;N/A;N/A;N/A;N/A;N/A;N/A;N/A;N/A;N/A;N/A;N/A;N/A;N/A;N/A;N/A;N/A;N/A;N/A;N/A;N/A;N/A;N/A;N/A;N/A;N/A;N/A;N/A;N/A;N/A;N/A;N/A;N/A;N/A;N/A;N/A;N/A;N/A;N/A;N/A;N/A;N/A;N/A;N/A;N/A;N/A;N/A;N/A;N/A;N/A;N/A;N/A;N/A;N/A;N/A;N/A;N/A;N/A;N/A;N/A;N/A;N/A;N/A;N/A;N/A;N/A;N/A;N/A;N/A;N/A;N/A;N/A;N/A;N/A;N/A;N/A;N/A;N/A;N/A;N/A;N/A;N/A;;0;323.8;0;0;;Disabled;TempStop;2;700;327.6;279.5;0;0;599.9;549.9;Enabled;PosOk;2;0;0;0;0;0;15;Disabled;0;0;0;0;0;0;0;0;0;0;0;0;0;0;0;0;0;0;0;0;0;0;0;0;0;0;0;0;0;0;0;0;0;0;0;0;0;0;0;0;0;0;0;0;0;0;0;0;0;0;0;0;0;0;0;0;0;0;0;0;0;0;0;0;0;0;0;0;0;0;30;33;20;45;30;30;20;45;30;33;20;45;30;30;20;45;200;141;100;300;200;140;100;300;200;141;100;300;200;140;100;300;30;33;20;45;30;30;20;45;30;32;20;45;30;30;20;45;200;145;100;300;200;143;100;300;200;243;100;300;200;244;100;300;4;2;0.4;6;4;5;0.4;6;4;2;0.4;6;4;5;0.4;6;4;2;0.4;6;4;5;0.4;6;4;3;0.4;6;4;5;0.4;6;NOK;NOK;OK;7000;7087;6500;8100;OK;4.97;0;8;12;NOK;N/A;1.5;N/A;N/A;N/A;9;11.5;7;18;OK;;0;0;0;-;Disabled;TempOk;2;230;43.5;43.3;0;0;349.9;441345100 daimler 1500 1900;441345100 daimler 1500 1900;441345100 Daimler 1500 1900
20260320_23:44:23;10170;4;3;950;947.1;925;975;OK;950;954.7;925;975;OK;955.6;955.6;-15;-21.1;-50;-5;OK;-15;-12.4;-50;-5;OK;-15.8;-14.7;0;-15;-21.1;-50;-5;OK;300;311;300;500;OK;21.56;21.97;N/A;N/A;N/A;N/A;N/A;N/A;N/A;N/A;N/A;N/A;N/A;N/A;N/A;N/A;N/A;N/A;N/A;N/A;N/A;N/A;N/A;N/A;N/A;N/A;N/A;N/A;N/A;N/A;N/A;N/A;N/A;N/A;N/A;N/A;N/A;N/A;N/A;N/A;N/A;N/A;N/A;N/A;N/A;N/A;N/A;N/A;N/A;N/A;N/A;N/A;N/A;N/A;N/A;N/A;N/A;N/A;N/A;N/A;N/A;N/A;N/A;N/A;N/A;N/A;N/A;N/A;N/A;N/A;N/A;N/A;N/A;N/A;N/A;N/A;N/A;N/A;N/A;N/A;N/A;N/A;N/A;N/A;N/A;N/A;N/A;N/A;N/A;N/A;N/A;N/A;N/A;N/A;N/A;N/A;N/A;N/A;N/A;N/A;;0;321.3;0;0;;Disabled;TempStop;2;700;325.1;277.3;0;0;599.9;549.9;Enabled;PosOk;2;0;0;0;0;0;15;Disabled;0;0;0;0;0;0;0;0;0;0;0;0;0;0;0;0;0;0;0;0;0;0;0;0;0;0;0;0;0;0;0;0;0;0;0;0;0;0;0;0;0;0;0;0;0;0;0;0;0;0;0;0;0;0;0;0;0;0;0;0;0;0;0;0;0;0;0;0;0;0;30;33;20;45;30;30;20;45;30;34;20;45;30;30;20;45;200;142;100;300;200;140;100;300;200;141;100;300;200;141;100;300;30;33;20;45;30;29;20;45;30;31;20;45;30;29;20;45;200;144;100;300;200;143;100;300;200;243;100;300;200;243;100;300;4;2;0.4;6;4;5;0.4;6;4;2;0.4;6;4;5;0.4;6;4;2;0.4;6;4;5;0.4;6;4;2;0.4;6;4;5;0.4;6;NOK;NOK;OK;7000;7089;6500;8100;OK;5.01;0;8;12;NOK;N/A;1.5;N/A;N/A;N/A;9;11.5;7;18;OK;;0;0;0;-;Disabled;TempOk;2;230;44.2;43.9;0;0;349.9;441345100 daimler 1500 1900;441345100 daimler 1500 1900;441345100 Daimler 1500 1900
20260320_23:44:41;10171;1;3;950;941;925;975;OK;950;951.6;925;975;OK;951.6;951.7;-20;-13.9;-50;-25;NOK;-20;-15.2;-50;-25;NOK;-17.3;-18.2;0;-20;-13.7;-50;-25;NOK;300;311;300;500;OK;0;0;N/A;N/A;N/A;N/A;N/A;N/A;N/A;N/A;N/A;N/A;N/A;N/A;N/A;N/A;N/A;N/A;N/A;N/A;N/A;N/A;N/A;N/A;N/A;N/A;N/A;N/A;N/A;N/A;N/A;N/A;N/A;N/A;N/A;N/A;N/A;N/A;N/A;N/A;N/A;N/A;N/A;N/A;N/A;N/A;N/A;N/A;N/A;N/A;N/A;N/A;N/A;N/A;N/A;N/A;N/A;N/A;N/A;N/A;N/A;N/A;N/A;N/A;N/A;N/A;N/A;N/A;N/A;N/A;N/A;N/A;N/A;N/A;N/A;N/A;N/A;N/A;N/A;N/A;N/A;N/A;N/A;N/A;N/A;N/A;N/A;N/A;N/A;N/A;N/A;N/A;N/A;N/A;N/A;N/A;N/A;N/A;N/A;N/A;;0;324.4;0;0;;Disabled;TempStop;2;700;328.2;279.6;0;0;599.9;549.9;Enabled;PosOk;2;0;0;0;0;0;15;Disabled;0;0;0;0;0;0;0;0;0;0;0;0;0;0;0;0;0;0;0;0;0;0;0;0;0;0;0;0;0;0;0;0;0;0;0;0;0;0;0;0;0;0;0;0;0;0;0;0;0;0;0;0;0;0;0;0;0;0;0;0;0;0;0;0;0;0;0;0;0;0;30;33;20;45;30;29;20;45;30;33;20;45;30;29;20;45;200;142;100;300;200;140;100;300;200;141;100;300;200;140;100;300;30;32;20;45;30;29;20;45;30;31;20;45;30;29;20;45;200;144;100;300;200;143;100;300;200;243;100;300;200;244;100;300;4;2;0.4;6;4;5;0.4;6;4;2;0.4;6;4;5;0.4;6;4;2;0.4;6;4;5;0.4;6;4;2;0.4;6;4;5;0.4;6;NOK;NOK;OK;7000;7088;6500;8100;OK;4.98;0;8;12;NOK;N/A;1.5;N/A;N/A;N/A;9;11.6;7;18;OK;;0;0;0;-;Disabled;TempOk;2;230;43.7;44.2;0;0;349.9;441345100 daimler 1500 1900;441345100 daimler 1500 1900;441345100 Daimler 1500 1900
20260320_23:44:59;10172;2;1;950;941.2;925;975;OK;950;951.3;925;975;OK;951.2;951.2;-15;-18.6;-50;-20;NOK;-15;-18.5;-50;-20;NOK;-16.1;-17.2;0;-15;-18.7;-50;-20;NOK;300;311;300;500;OK;0;0;N/A;N/A;N/A;N/A;N/A;N/A;N/A;N/A;N/A;N/A;N/A;N/A;N/A;N/A;N/A;N/A;N/A;N/A;N/A;N/A;N/A;N/A;N/A;N/A;N/A;N/A;N/A;N/A;N/A;N/A;N/A;N/A;N/A;N/A;N/A;N/A;N/A;N/A;N/A;N/A;N/A;N/A;N/A;N/A;N/A;N/A;N/A;N/A;N/A;N/A;N/A;N/A;N/A;N/A;N/A;N/A;N/A;N/A;N/A;N/A;N/A;N/A;N/A;N/A;N/A;N/A;N/A;N/A;N/A;N/A;N/A;N/A;N/A;N/A;N/A;N/A;N/A;N/A;N/A;N/A;N/A;N/A;N/A;N/A;N/A;N/A;N/A;N/A;N/A;N/A;N/A;N/A;N/A;N/A;N/A;N/A;N/A;N/A;;0;324.4;0;0;;Disabled;TempStop;2;700;328.2;280.7;0;0;599.9;549.9;Enabled;PosOk;2;0;0;0;0;0;15;Disabled;0;0;0;0;0;0;0;0;0;0;0;0;0;0;0;0;0;0;0;0;0;0;0;0;0;0;0;0;0;0;0;0;0;0;0;0;0;0;0;0;0;0;0;0;0;0;0;0;0;0;0;0;0;0;0;0;0;0;0;0;0;0;0;0;0;0;0;0;0;0;30;33;20;45;30;29;20;45;30;33;20;45;30;29;20;45;200;142;100;300;200;140;100;300;200;141;100;300;200;140;100;300;30;32;20;45;30;29;20;45;30;31;20;45;30;29;20;45;200;144;100;300;200;143;100;300;200;243;100;300;200;244;100;300;4;2;0.4;6;4;5;0.4;6;4;2;0.4;6;4;5;0.4;6;4;2;0.4;6;4;5;0.4;6;4;3;0.4;6;4;5;0.4;6;NOK;NOK;OK;7000;7084;6500;8100;OK;4.97;0;8;12;NOK;N/A;1.5;N/A;N/A;N/A;9;12.1;7;18;OK;;0;0;0;-;Disabled;TempOk;2;230;43.7;44.4;0;0;349.9;441345100 daimler 1500 1900;441345100 daimler 1500 1900;441345100 Daimler 1500 1900
20260320_23:45:17;10173;3;3;950;940.7;925;975;OK;950;951.7;925;975;OK;951.6;951.6;-20;-13.5;-50;-25;NOK;-20;-13.6;-50;-25;NOK;-11.9;-13;0;-20;-13.4;-50;-25;NOK;300;311;300;500;OK;0;0;N/A;N/A;N/A;N/A;N/A;N/A;N/A;N/A;N/A;N/A;N/A;N/A;N/A;N/A;N/A;N/A;N/A;N/A;N/A;N/A;N/A;N/A;N/A;N/A;N/A;N/A;N/A;N/A;N/A;N/A;N/A;N/A;N/A;N/A;N/A;N/A;N/A;N/A;N/A;N/A;N/A;N/A;N/A;N/A;N/A;N/A;N/A;N/A;N/A;N/A;N/A;N/A;N/A;N/A;N/A;N/A;N/A;N/A;N/A;N/A;N/A;N/A;N/A;N/A;N/A;N/A;N/A;N/A;N/A;N/A;N/A;N/A;N/A;N/A;N/A;N/A;N/A;N/A;N/A;N/A;N/A;N/A;N/A;N/A;N/A;N/A;N/A;N/A;N/A;N/A;N/A;N/A;N/A;N/A;N/A;N/A;N/A;N/A;;0;321.9;0;0;;Disabled;TempStop;2;700;325.7;278.4;0;0;599.9;549.9;Enabled;PosOk;2;0;0;0;0;0;15;Disabled;0;0;0;0;0;0;0;0;0;0;0;0;0;0;0;0;0;0;0;0;0;0;0;0;0;0;0;0;0;0;0;0;0;0;0;0;0;0;0;0;0;0;0;0;0;0;0;0;0;0;0;0;0;0;0;0;0;0;0;0;0;0;0;0;0;0;0;0;0;0;30;33;20;45;30;29;20;45;30;33;20;45;30;29;20;45;200;142;100;300;200;140;100;300;200;141;100;300;200;140;100;300;30;32;20;45;30;29;20;45;30;31;20;45;30;30;20;45;200;144;100;300;200;143;100;300;200;243;100;300;200;244;100;300;4;2;0.4;6;4;5;0.4;6;4;2;0.4;6;4;5;0.4;6;4;2;0.4;6;4;5;0.4;6;4;2;0.4;6;4;5;0.4;6;NOK;NOK;OK;7000;7086;6500;8100;OK;4.98;0;8;12;NOK;N/A;1.5;N/A;N/A;N/A;9;12.1;7;18;OK;;0;0;0;-;Disabled;TempOk;2;230;43.5;43.9;0;0;349.9;441345100 daimler 1500 1900;441345100 daimler 1500 1900;441345100 Daimler 1500 1900
20260320_23:45:35;10174;2;4;950;938.7;925;975;OK;950;950.4;925;975;OK;950.3;950.4;-15;-24.5;-50;-20;OK;-15;-24;-50;-20;OK;-19.8;-21.7;0;-15;-24.6;-50;-20;OK;300;311;300;500;OK;0;0;N/A;N/A;N/A;N/A;N/A;N/A;N/A;N/A;N/A;N/A;N/A;N/A;N/A;N/A;N/A;N/A;N/A;N/A;N/A;N/A;N/A;N/A;N/A;N/A;N/A;N/A;N/A;N/A;N/A;N/A;N/A;N/A;N/A;N/A;N/A;N/A;N/A;N/A;N/A;N/A;N/A;N/A;N/A;N/A;N/A;N/A;N/A;N/A;N/A;N/A;N/A;N/A;N/A;N/A;N/A;N/A;N/A;N/A;N/A;N/A;N/A;N/A;N/A;N/A;N/A;N/A;N/A;N/A;N/A;N/A;N/A;N/A;N/A;N/A;N/A;N/A;N/A;N/A;N/A;N/A;N/A;N/A;N/A;N/A;N/A;N/A;N/A;N/A;N/A;N/A;N/A;N/A;N/A;N/A;N/A;N/A;N/A;N/A;;0;323.3;0;0;;Disabled;TempStop;2;700;327.1;279;0;0;599.9;549.9;Enabled;PosOk;2;0;0;0;0;0;15;Disabled;0;0;0;0;0;0;0;0;0;0;0;0;0;0;0;0;0;0;0;0;0;0;0;0;0;0;0;0;0;0;0;0;0;0;0;0;0;0;0;0;0;0;0;0;0;0;0;0;0;0;0;0;0;0;0;0;0;0;0;0;0;0;0;0;0;0;0;0;0;0;30;33;20;45;30;30;20;45;30;33;20;45;30;30;20;45;200;142;100;300;200;140;100;300;200;141;100;300;200;140;100;300;30;32;20;45;30;30;20;45;30;31;20;45;30;30;20;45;200;144;100;300;200;143;100;300;200;242;100;300;200;244;100;300;4;2;0.4;6;4;5;0.4;6;4;2;0.4;6;4;5;0.4;6;4;2;0.4;6;4;5;0.4;6;4;2;0.4;6;4;5;0.4;6;NOK;NOK;OK;7000;7086;6500;8100;OK;4.97;0;8;12;NOK;N/A;1.5;N/A;N/A;N/A;9;12.2;7;18;OK;;0;0;0;-;Disabled;TempOk;2;230;44.2;44.7;0;0;349.9;441345100 daimler 1500 1900;441345100 daimler 1500 1900;441345100 Daimler 1500 1900
20260320_23:45:53;10175;1;4;950;940.4;925;975;OK;950;950.9;925;975;OK;950.9;950.9;-20;-11.5;-50;-25;NOK;-20;-12.5;-50;-25;NOK;-16;-15.5;0;-20;-11.4;-50;-25;NOK;300;311;300;500;OK;0;0;N/A;N/A;N/A;N/A;N/A;N/A;N/A;N/A;N/A;N/A;N/A;N/A;N/A;N/A;N/A;N/A;N/A;N/A;N/A;N/A;N/A;N/A;N/A;N/A;N/A;N/A;N/A;N/A;N/A;N/A;N/A;N/A;N/A;N/A;N/A;N/A;N/A;N/A;N/A;N/A;N/A;N/A;N/A;N/A;N/A;N/A;N/A;N/A;N/A;N/A;N/A;N/A;N/A;N/A;N/A;N/A;N/A;N/A;N/A;N/A;N/A;N/A;N/A;N/A;N/A;N/A;N/A;N/A;N/A;N/A;N/A;N/A;N/A;N/A;N/A;N/A;N/A;N/A;N/A;N/A;N/A;N/A;N/A;N/A;N/A;N/A;N/A;N/A;N/A;N/A;N/A;N/A;N/A;N/A;N/A;N/A;N/A;N/A;;0;322.8;0;0;;Disabled;TempStop;2;700;326.4;279.2;0;0;599.9;549.9;Enabled;PosOk;2;0;0;0;0;0;15;Disabled;0;0;0;0;0;0;0;0;0;0;0;0;0;0;0;0;0;0;0;0;0;0;0;0;0;0;0;0;0;0;0;0;0;0;0;0;0;0;0;0;0;0;0;0;0;0;0;0;0;0;0;0;0;0;0;0;0;0;0;0;0;0;0;0;0;0;0;0;0;0;30;33;20;45;30;30;20;45;30;33;20;45;30;30;20;45;200;142;100;300;200;140;100;300;200;141;100;300;200;140;100;300;30;32;20;45;30;30;20;45;30;31;20;45;30;29;20;45;200;144;100;300;200;143;100;300;200;243;100;300;200;243;100;300;4;2;0.4;6;4;5;0.4;6;4;2;0.4;6;4;5;0.4;6;4;2;0.4;6;4;5;0.4;6;4;2;0.4;6;4;5;0.4;6;NOK;NOK;OK;7000;7085;6500;8100;OK;4.97;0;8;12;NOK;N/A;1.5;N/A;N/A;N/A;9;12.3;7;18;OK;;0;0;0;-;Disabled;TempOk;2;230;43.5;44.2;0;0;349.9;441345100 daimler 1500 1900;441345100 daimler 1500 1900;441345100 Daimler 1500 1900
20260320_23:46:11;10176;4;4;950;924.4;925;975;NOK;950;954.2;925;975;OK;953.8;954;-15;-11.6;-50;-5;OK;-15;-7.7;-50;-5;OK;-7.3;-6;0;-15;-11.7;-50;-5;OK;300;311;300;500;OK;21.73;22.23;N/A;N/A;N/A;N/A;N/A;N/A;N/A;N/A;N/A;N/A;N/A;N/A;N/A;N/A;N/A;N/A;N/A;N/A;N/A;N/A;N/A;N/A;N/A;N/A;N/A;N/A;N/A;N/A;N/A;N/A;N/A;N/A;N/A;N/A;N/A;N/A;N/A;N/A;N/A;N/A;N/A;N/A;N/A;N/A;N/A;N/A;N/A;N/A;N/A;N/A;N/A;N/A;N/A;N/A;N/A;N/A;N/A;N/A;N/A;N/A;N/A;N/A;N/A;N/A;N/A;N/A;N/A;N/A;N/A;N/A;N/A;N/A;N/A;N/A;N/A;N/A;N/A;N/A;N/A;N/A;N/A;N/A;N/A;N/A;N/A;N/A;N/A;N/A;N/A;N/A;N/A;N/A;N/A;N/A;N/A;N/A;N/A;N/A;;0;321.2;0;0;;Disabled;TempStop;2;700;325;277.5;0;0;599.9;549.9;Enabled;PosOk;2;0;0;0;0;0;15;Disabled;0;0;0;0;0;0;0;0;0;0;0;0;0;0;0;0;0;0;0;0;0;0;0;0;0;0;0;0;0;0;0;0;0;0;0;0;0;0;0;0;0;0;0;0;0;0;0;0;0;0;0;0;0;0;0;0;0;0;0;0;0;0;0;0;0;0;0;0;0;0;30;33;20;45;30;29;20;45;30;33;20;45;30;29;20;45;200;142;100;300;200;140;100;300;200;141;100;300;200;140;100;300;30;32;20;45;30;29;20;45;30;31;20;45;30;29;20;45;200;144;100;300;200;143;100;300;200;243;100;300;200;244;100;300;4;2;0.4;6;4;5;0.4;6;4;2;0.4;6;4;5;0.4;6;4;2;0.4;6;4;5;0.4;6;4;3;0.4;6;4;5;0.4;6;NOK;NOK;OK;7000;7084;6500;8100;OK;4.97;0;8;12;NOK;N/A;1.5;N/A;N/A;N/A;9;12.3;7;18;OK;;0;0;0;-;Disabled;TempOk;2;230;43.9;44.4;0;0;349.9;441345100 daimler 1500 1900;441345100 daimler 1500 1900;441345100 Daimler 1500 1900
20260320_23:46:29;10177;3;4;950;940.6;925;975;OK;950;951.6;925;975;OK;951.6;951.6;-20;-11.8;-50;-25;NOK;-20;-12.7;-50;-25;NOK;-15.8;-15.4;0;-20;-11.6;-50;-25;NOK;300;311;300;500;OK;0;0;N/A;N/A;N/A;N/A;N/A;N/A;N/A;N/A;N/A;N/A;N/A;N/A;N/A;N/A;N/A;N/A;N/A;N/A;N/A;N/A;N/A;N/A;N/A;N/A;N/A;N/A;N/A;N/A;N/A;N/A;N/A;N/A;N/A;N/A;N/A;N/A;N/A;N/A;N/A;N/A;N/A;N/A;N/A;N/A;N/A;N/A;N/A;N/A;N/A;N/A;N/A;N/A;N/A;N/A;N/A;N/A;N/A;N/A;N/A;N/A;N/A;N/A;N/A;N/A;N/A;N/A;N/A;N/A;N/A;N/A;N/A;N/A;N/A;N/A;N/A;N/A;N/A;N/A;N/A;N/A;N/A;N/A;N/A;N/A;N/A;N/A;N/A;N/A;N/A;N/A;N/A;N/A;N/A;N/A;N/A;N/A;N/A;N/A;;0;322.8;0;0;;Disabled;TempStop;2;700;326.5;279.4;0;0;599.9;549.9;Enabled;PosOk;2;0;0;0;0;0;15;Disabled;0;0;0;0;0;0;0;0;0;0;0;0;0;0;0;0;0;0;0;0;0;0;0;0;0;0;0;0;0;0;0;0;0;0;0;0;0;0;0;0;0;0;0;0;0;0;0;0;0;0;0;0;0;0;0;0;0;0;0;0;0;0;0;0;0;0;0;0;0;0;30;33;20;45;30;29;20;45;30;33;20;45;30;29;20;45;200;142;100;300;200;140;100;300;200;141;100;300;200;140;100;300;30;32;20;45;30;29;20;45;30;31;20;45;30;29;20;45;200;144;100;300;200;143;100;300;200;243;100;300;200;244;100;300;4;2;0.4;6;4;5;0.4;6;4;2;0.4;6;4;5;0.4;6;4;2;0.4;6;4;5;0.4;6;4;2;0.4;6;4;5;0.4;6;NOK;NOK;OK;7000;7088;6500;8100;OK;4.97;0;8;12;NOK;N/A;1.5;N/A;N/A;N/A;9;12.4;7;18;OK;;0;0;0;-;Disabled;TempOk;2;230;43.7;43.7;0;0;349.9;441345100 daimler 1500 1900;441345100 daimler 1500 1900;441345100 Daimler 1500 1900
20260320_23:47:05;10179;3;5;950;943.1;925;975;OK;950;951.3;925;975;OK;951.2;951.3;-20;-15.8;-50;-25;NOK;-20;-16;-50;-25;NOK;-16.2;-16.6;0;-20;-15.6;-50;-25;NOK;300;311;300;500;OK;0;0;N/A;N/A;N/A;N/A;N/A;N/A;N/A;N/A;N/A;N/A;N/A;N/A;N/A;N/A;N/A;N/A;N/A;N/A;N/A;N/A;N/A;N/A;N/A;N/A;N/A;N/A;N/A;N/A;N/A;N/A;N/A;N/A;N/A;N/A;N/A;N/A;N/A;N/A;N/A;N/A;N/A;N/A;N/A;N/A;N/A;N/A;N/A;N/A;N/A;N/A;N/A;N/A;N/A;N/A;N/A;N/A;N/A;N/A;N/A;N/A;N/A;N/A;N/A;N/A;N/A;N/A;N/A;N/A;N/A;N/A;N/A;N/A;N/A;N/A;N/A;N/A;N/A;N/A;N/A;N/A;N/A;N/A;N/A;N/A;N/A;N/A;N/A;N/A;N/A;N/A;N/A;N/A;N/A;N/A;N/A;N/A;N/A;N/A;;0;321;0;0;;Disabled;TempStop;2;700;324.1;278;0;0;599.9;549.9;Enabled;PosOk;2;0;0;0;0;0;15;Disabled;0;0;0;0;0;0;0;0;0;0;0;0;0;0;0;0;0;0;0;0;0;0;0;0;0;0;0;0;0;0;0;0;0;0;0;0;0;0;0;0;0;0;0;0;0;0;0;0;0;0;0;0;0;0;0;0;0;0;0;0;0;0;0;0;0;0;0;0;0;0;30;32;20;45;30;30;20;45;30;32;20;45;30;30;20;45;200;141;100;300;200;140;100;300;200;141;100;300;200;140;100;300;30;31;20;45;30;30;20;45;30;31;20;45;30;30;20;45;200;144;100;300;200;143;100;300;200;243;100;300;200;244;100;300;4;2;0.4;6;4;5;0.4;6;4;2;0.4;6;4;5;0.4;6;4;2;0.4;6;4;5;0.4;6;4;2;0.4;6;4;5;0.4;6;NOK;NOK;OK;7000;7043;6500;8100;OK;4.97;0;8;12;NOK;N/A;1.5;N/A;N/A;N/A;9;12;7;18;OK;;0;0;0;-;Disabled;TempOk;2;230;43.3;43.9;0;0;349.9;441345100 daimler 1500 1900;441345100 daimler 1500 1900;441345100 Daimler 1500 1900
20260320_23:47:23;10178;4;5;950;936.1;925;975;OK;950;950.4;925;975;OK;950.4;951.3;-15;-14.7;-50;-5;OK;-15;-13.7;-50;-5;OK;-11.9;-12.7;0;-15;-14.6;-50;-5;OK;300;311;300;500;OK;21.78;22.4;N/A;N/A;N/A;N/A;N/A;N/A;N/A;N/A;N/A;N/A;N/A;N/A;N/A;N/A;N/A;N/A;N/A;N/A;N/A;N/A;N/A;N/A;N/A;N/A;N/A;N/A;N/A;N/A;N/A;N/A;N/A;N/A;N/A;N/A;N/A;N/A;N/A;N/A;N/A;N/A;N/A;N/A;N/A;N/A;N/A;N/A;N/A;N/A;N/A;N/A;N/A;N/A;N/A;N/A;N/A;N/A;N/A;N/A;N/A;N/A;N/A;N/A;N/A;N/A;N/A;N/A;N/A;N/A;N/A;N/A;N/A;N/A;N/A;N/A;N/A;N/A;N/A;N/A;N/A;N/A;N/A;N/A;N/A;N/A;N/A;N/A;N/A;N/A;N/A;N/A;N/A;N/A;N/A;N/A;N/A;N/A;N/A;N/A;;0;326;0;0;;Disabled;TempStop;2;700;329.4;283.4;0;0;599.9;549.9;Enabled;PosOk;2;0;0;0;0;0;15;Disabled;0;0;0;0;0;0;0;0;0;0;0;0;0;0;0;0;0;0;0;0;0;0;0;0;0;0;0;0;0;0;0;0;0;0;0;0;0;0;0;0;0;0;0;0;0;0;0;0;0;0;0;0;0;0;0;0;0;0;0;0;0;0;0;0;0;0;0;0;0;0;30;32;20;45;30;30;20;45;30;32;20;45;30;30;20;45;200;142;100;300;200;140;100;300;200;141;100;300;200;140;100;300;30;32;20;45;30;30;20;45;30;31;20;45;30;30;20;45;200;144;100;300;200;143;100;300;200;243;100;300;200;244;100;300;4;2;0.4;6;4;5;0.4;6;4;2;0.4;6;4;5;0.4;6;4;2;0.4;6;4;5;0.4;6;4;2;0.4;6;4;5;0.4;6;NOK;NOK;OK;7000;7089;6500;8100;OK;4.97;0;8;12;NOK;N/A;1.5;N/A;N/A;N/A;9;12;7;18;OK;;0;0;0;-;Disabled;TempOk;2;230;43.5;44.2;0;0;349.9;441345100 daimler 1500 1900;441345100 daimler 1500 1900;441345100 Daimler 1500 1900
20260320_23:47:59;10181;4;1;950;937.1;925;975;OK;950;951.8;925;975;OK;950.4;950.9;-15;-8;-50;-5;OK;-15;-21.2;-50;-5;OK;-18.3;-19.8;0;-15;-8;-50;-5;OK;300;311;300;500;OK;21.82;22.49;N/A;N/A;N/A;N/A;N/A;N/A;N/A;N/A;N/A;N/A;N/A;N/A;N/A;N/A;N/A;N/A;N/A;N/A;N/A;N/A;N/A;N/A;N/A;N/A;N/A;N/A;N/A;N/A;N/A;N/A;N/A;N/A;N/A;N/A;N/A;N/A;N/A;N/A;N/A;N/A;N/A;N/A;N/A;N/A;N/A;N/A;N/A;N/A;N/A;N/A;N/A;N/A;N/A;N/A;N/A;N/A;N/A;N/A;N/A;N/A;N/A;N/A;N/A;N/A;N/A;N/A;N/A;N/A;N/A;N/A;N/A;N/A;N/A;N/A;N/A;N/A;N/A;N/A;N/A;N/A;N/A;N/A;N/A;N/A;N/A;N/A;N/A;N/A;N/A;N/A;N/A;N/A;N/A;N/A;N/A;N/A;N/A;N/A;;0;322.2;0;0;;Disabled;TempStop;2;700;325.3;280.4;0;0;599.9;549.9;Enabled;PosOk;2;0;0;0;0;0;15;Disabled;0;0;0;0;0;0;0;0;0;0;0;0;0;0;0;0;0;0;0;0;0;0;0;0;0;0;0;0;0;0;0;0;0;0;0;0;0;0;0;0;0;0;0;0;0;0;0;0;0;0;0;0;0;0;0;0;0;0;0;0;0;0;0;0;0;0;0;0;0;0;30;32;20;45;30;30;20;45;30;32;20;45;30;30;20;45;200;142;100;300;200;140;100;300;200;141;100;300;200;140;100;300;30;31;20;45;30;30;20;45;30;31;20;45;30;30;20;45;200;144;100;300;200;142;100;300;200;242;100;300;200;243;100;300;4;2;0.4;6;4;5;0.4;6;4;2;0.4;6;4;5;0.4;6;4;2;0.4;6;4;5;0.4;6;4;2;0.4;6;4;5;0.4;6;NOK;NOK;OK;7000;7020;6500;8100;OK;4.97;0;8;12;NOK;N/A;1.5;N/A;N/A;N/A;9;11.9;7;18;OK;;0;0;0;-;Disabled;TempOk;2;230;43.5;44.9;0;0;349.9;441345100 daimler 1500 1900;441345100 daimler 1500 1900;441345100 Daimler 1500 1900
20260320_23:48:17;10180;3;1;950;940.9;925;975;OK;950;951.5;925;975;OK;951.5;951.5;-20;-14.1;-50;-25;NOK;-20;-13.8;-50;-25;NOK;-11.6;-12.6;0;-20;-14.2;-50;-25;NOK;300;311;300;500;OK;0;0;N/A;N/A;N/A;N/A;N/A;N/A;N/A;N/A;N/A;N/A;N/A;N/A;N/A;N/A;N/A;N/A;N/A;N/A;N/A;N/A;N/A;N/A;N/A;N/A;N/A;N/A;N/A;N/A;N/A;N/A;N/A;N/A;N/A;N/A;N/A;N/A;N/A;N/A;N/A;N/A;N/A;N/A;N/A;N/A;N/A;N/A;N/A;N/A;N/A;N/A;N/A;N/A;N/A;N/A;N/A;N/A;N/A;N/A;N/A;N/A;N/A;N/A;N/A;N/A;N/A;N/A;N/A;N/A;N/A;N/A;N/A;N/A;N/A;N/A;N/A;N/A;N/A;N/A;N/A;N/A;N/A;N/A;N/A;N/A;N/A;N/A;N/A;N/A;N/A;N/A;N/A;N/A;N/A;N/A;N/A;N/A;N/A;N/A;;0;324.2;0;0;;Disabled;TempStop;2;700;327.5;280.9;0;0;599.9;549.9;Enabled;PosOk;2;0;0;0;0;0;15;Disabled;0;0;0;0;0;0;0;0;0;0;0;0;0;0;0;0;0;0;0;0;0;0;0;0;0;0;0;0;0;0;0;0;0;0;0;0;0;0;0;0;0;0;0;0;0;0;0;0;0;0;0;0;0;0;0;0;0;0;0;0;0;0;0;0;0;0;0;0;0;0;30;32;20;45;30;30;20;45;30;33;20;45;30;29;20;45;200;142;100;300;200;140;100;300;200;141;100;300;200;140;100;300;30;32;20;45;30;29;20;45;30;31;20;45;30;29;20;45;200;144;100;300;200;143;100;300;200;243;100;300;200;244;100;300;4;2;0.4;6;4;5;0.4;6;4;2;0.4;6;4;5;0.4;6;4;2;0.4;6;4;5;0.4;6;4;2;0.4;6;4;5;0.4;6;NOK;NOK;OK;7000;7089;6500;8100;OK;4.97;0;8;12;NOK;N/A;1.5;N/A;N/A;N/A;9;11.8;7;18;OK;;0;0;0;-;Disabled;TempOk;2;230;43.7;45.9;0;0;349.9;441345100 daimler 1500 1900;441345100 daimler 1500 1900;441345100 Daimler 1500 1900
20260320_23:48:35;10182;2;2;950;939.8;925;975;OK;950;950.7;925;975;OK;950.6;950.5;-15;-19.2;-50;-20;NOK;-15;-18.6;-50;-20;NOK;-15.4;-16.7;0;-15;-19.3;-50;-20;NOK;300;311;300;500;OK;0;0;N/A;N/A;N/A;N/A;N/A;N/A;N/A;N/A;N/A;N/A;N/A;N/A;N/A;N/A;N/A;N/A;N/A;N/A;N/A;N/A;N/A;N/A;N/A;N/A;N/A;N/A;N/A;N/A;N/A;N/A;N/A;N/A;N/A;N/A;N/A;N/A;N/A;N/A;N/A;N/A;N/A;N/A;N/A;N/A;N/A;N/A;N/A;N/A;N/A;N/A;N/A;N/A;N/A;N/A;N/A;N/A;N/A;N/A;N/A;N/A;N/A;N/A;N/A;N/A;N/A;N/A;N/A;N/A;N/A;N/A;N/A;N/A;N/A;N/A;N/A;N/A;N/A;N/A;N/A;N/A;N/A;N/A;N/A;N/A;N/A;N/A;N/A;N/A;N/A;N/A;N/A;N/A;N/A;N/A;N/A;N/A;N/A;N/A;;0;323.5;0;0;;Disabled;TempStop;2;700;327.3;279.8;0;0;599.9;549.9;Enabled;PosOk;2;0;0;0;0;0;15;Disabled;0;0;0;0;0;0;0;0;0;0;0;0;0;0;0;0;0;0;0;0;0;0;0;0;0;0;0;0;0;0;0;0;0;0;0;0;0;0;0;0;0;0;0;0;0;0;0;0;0;0;0;0;0;0;0;0;0;0;0;0;0;0;0;0;0;0;0;0;0;0;30;33;20;45;30;29;20;45;30;33;20;45;30;29;20;45;200;142;100;300;200;140;100;300;200;141;100;300;200;140;100;300;30;32;20;45;30;29;20;45;30;31;20;45;30;29;20;45;200;144;100;300;200;143;100;300;200;242;100;300;200;244;100;300;4;2;0.4;6;4;5;0.4;6;4;2;0.4;6;4;5;0.4;6;4;2;0.4;6;4;5;0.4;6;4;2;0.4;6;4;5;0.4;6;NOK;NOK;OK;7000;7087;6500;8100;OK;4.97;0;8;12;NOK;N/A;1.5;N/A;N/A;N/A;9;11.7;7;18;OK;;0;0;0;-;Disabled;TempOk;2;230;43.1;43.9;0;0;349.9;441345100 daimler 1500 1900;441345100 daimler 1500 1900;441345100 Daimler 1500 1900
20260320_23:48:53;10183;1;2;950;941.1;925;975;OK;950;951.5;925;975;OK;951.5;951.4;-20;-17;-50;-25;NOK;-20;-17.3;-50;-25;NOK;-15.5;-16.3;0;-20;-17.1;-50;-25;NOK;300;311;300;500;OK;0;0;N/A;N/A;N/A;N/A;N/A;N/A;N/A;N/A;N/A;N/A;N/A;N/A;N/A;N/A;N/A;N/A;N/A;N/A;N/A;N/A;N/A;N/A;N/A;N/A;N/A;N/A;N/A;N/A;N/A;N/A;N/A;N/A;N/A;N/A;N/A;N/A;N/A;N/A;N/A;N/A;N/A;N/A;N/A;N/A;N/A;N/A;N/A;N/A;N/A;N/A;N/A;N/A;N/A;N/A;N/A;N/A;N/A;N/A;N/A;N/A;N/A;N/A;N/A;N/A;N/A;N/A;N/A;N/A;N/A;N/A;N/A;N/A;N/A;N/A;N/A;N/A;N/A;N/A;N/A;N/A;N/A;N/A;N/A;N/A;N/A;N/A;N/A;N/A;N/A;N/A;N/A;N/A;N/A;N/A;N/A;N/A;N/A;N/A;;0;324.2;0;0;;Disabled;TempStop;2;700;327.9;279.6;0;0;599.9;549.9;Enabled;PosOk;2;0;0;0;0;0;15;Disabled;0;0;0;0;0;0;0;0;0;0;0;0;0;0;0;0;0;0;0;0;0;0;0;0;0;0;0;0;0;0;0;0;0;0;0;0;0;0;0;0;0;0;0;0;0;0;0;0;0;0;0;0;0;0;0;0;0;0;0;0;0;0;0;0;0;0;0;0;0;0;30;33;20;45;30;29;20;45;30;33;20;45;30;29;20;45;200;142;100;300;200;140;100;300;200;140;100;300;200;140;100;300;30;32;20;45;30;29;20;45;30;31;20;45;30;30;20;45;200;144;100;300;200;143;100;300;200;243;100;300;200;244;100;300;4;2;0.4;6;4;5;0.4;6;4;2;0.4;6;4;5;0.4;6;4;2;0.4;6;4;5;0.4;6;4;2;0.4;6;4;5;0.4;6;NOK;NOK;OK;7000;7090;6500;8100;OK;4.97;0;8;12;NOK;N/A;1.5;N/A;N/A;N/A;9;11.8;7;18;OK;;0;0;0;-;Disabled;TempOk;2;230;43.3;43.5;0;0;349.9;441345100 daimler 1500 1900;441345100 daimler 1500 1900;441345100 Daimler 1500 1900
20260320_23:49:11;10184;4;2;950;947.9;925;975;OK;950;951.7;925;975;OK;950.7;951.3;-15;-12;-50;-5;OK;-15;-20.3;-50;-5;OK;-16.6;-18.3;0;-15;-11.8;-50;-5;OK;300;311;300;500;OK;21.92;22.64;N/A;N/A;N/A;N/A;N/A;N/A;N/A;N/A;N/A;N/A;N/A;N/A;N/A;N/A;N/A;N/A;N/A;N/A;N/A;N/A;N/A;N/A;N/A;N/A;N/A;N/A;N/A;N/A;N/A;N/A;N/A;N/A;N/A;N/A;N/A;N/A;N/A;N/A;N/A;N/A;N/A;N/A;N/A;N/A;N/A;N/A;N/A;N/A;N/A;N/A;N/A;N/A;N/A;N/A;N/A;N/A;N/A;N/A;N/A;N/A;N/A;N/A;N/A;N/A;N/A;N/A;N/A;N/A;N/A;N/A;N/A;N/A;N/A;N/A;N/A;N/A;N/A;N/A;N/A;N/A;N/A;N/A;N/A;N/A;N/A;N/A;N/A;N/A;N/A;N/A;N/A;N/A;N/A;N/A;N/A;N/A;N/A;N/A;;0;324.2;0;0;;Disabled;TempStop;2;700;327.8;281.3;0;0;599.9;549.9;Enabled;PosOk;2;0;0;0;0;0;15;Disabled;0;0;0;0;0;0;0;0;0;0;0;0;0;0;0;0;0;0;0;0;0;0;0;0;0;0;0;0;0;0;0;0;0;0;0;0;0;0;0;0;0;0;0;0;0;0;0;0;0;0;0;0;0;0;0;0;0;0;0;0;0;0;0;0;0;0;0;0;0;0;30;33;20;45;30;30;20;45;30;33;20;45;30;30;20;45;200;142;100;300;200;140;100;300;200;141;100;300;200;140;100;300;30;33;20;45;30;30;20;45;30;31;20;45;30;30;20;45;200;145;100;300;200;143;100;300;200;242;100;300;200;244;100;300;4;2;0.4;6;4;5;0.4;6;4;2;0.4;6;4;5;0.4;6;4;2;0.4;6;4;5;0.4;6;4;2;0.4;6;4;5;0.4;6;NOK;NOK;OK;7000;7090;6500;8100;OK;4.97;0;8;12;NOK;N/A;1.5;N/A;N/A;N/A;9;11.8;7;18;OK;;0;0;0;-;Disabled;TempOk;2;230;43.7;44.2;0;0;349.9;441345100 daimler 1500 1900;441345100 daimler 1500 1900;441345100 Daimler 1500 1900
20260320_23:49:29;10185;3;2;950;940.7;925;975;OK;950;952;925;975;OK;951.9;951.7;-20;-13.7;-50;-25;NOK;-20;-14.3;-50;-25;NOK;-13.4;-14.5;0;-20;-13.5;-50;-25;NOK;300;311;300;500;OK;0;0;N/A;N/A;N/A;N/A;N/A;N/A;N/A;N/A;N/A;N/A;N/A;N/A;N/A;N/A;N/A;N/A;N/A;N/A;N/A;N/A;N/A;N/A;N/A;N/A;N/A;N/A;N/A;N/A;N/A;N/A;N/A;N/A;N/A;N/A;N/A;N/A;N/A;N/A;N/A;N/A;N/A;N/A;N/A;N/A;N/A;N/A;N/A;N/A;N/A;N/A;N/A;N/A;N/A;N/A;N/A;N/A;N/A;N/A;N/A;N/A;N/A;N/A;N/A;N/A;N/A;N/A;N/A;N/A;N/A;N/A;N/A;N/A;N/A;N/A;N/A;N/A;N/A;N/A;N/A;N/A;N/A;N/A;N/A;N/A;N/A;N/A;N/A;N/A;N/A;N/A;N/A;N/A;N/A;N/A;N/A;N/A;N/A;N/A;;0;323.4;0;0;;Disabled;TempStop;2;700;327.1;279;0;0;599.9;549.9;Enabled;PosOk;2;0;0;0;0;0;15;Disabled;0;0;0;0;0;0;0;0;0;0;0;0;0;0;0;0;0;0;0;0;0;0;0;0;0;0;0;0;0;0;0;0;0;0;0;0;0;0;0;0;0;0;0;0;0;0;0;0;0;0;0;0;0;0;0;0;0;0;0;0;0;0;0;0;0;0;0;0;0;0;30;33;20;45;30;30;20;45;30;33;20;45;30;30;20;45;200;141;100;300;200;140;100;300;200;141;100;300;200;140;100;300;30;33;20;45;30;30;20;45;30;31;20;45;30;30;20;45;200;144;100;300;200;143;100;300;200;242;100;300;200;244;100;300;4;2;0.4;6;4;5;0.4;6;4;2;0.4;6;4;5;0.4;6;4;2;0.4;6;4;5;0.4;6;4;2;0.4;6;4;5;0.4;6;NOK;NOK;OK;7000;7097;6500;8100;OK;4.97;0;8;12;NOK;N/A;1.5;N/A;N/A;N/A;9;11.7;7;18;OK;;0;0;0;-;Disabled;TempOk;2;230;43.5;44.9;0;0;349.9;441345100 daimler 1500 1900;441345100 daimler 1500 1900;441345100 Daimler 1500 1900
20260320_23:49:47;10186;4;3;950;944.5;925;975;OK;950;956.2;925;975;OK;951.8;952.6;-15;-11.9;-50;-5;OK;-15;-21;-50;-5;OK;-19.5;-20.5;0;-15;-11.8;-50;-5;OK;300;311;300;500;OK;21.99;22.7;N/A;N/A;N/A;N/A;N/A;N/A;N/A;N/A;N/A;N/A;N/A;N/A;N/A;N/A;N/A;N/A;N/A;N/A;N/A;N/A;N/A;N/A;N/A;N/A;N/A;N/A;N/A;N/A;N/A;N/A;N/A;N/A;N/A;N/A;N/A;N/A;N/A;N/A;N/A;N/A;N/A;N/A;N/A;N/A;N/A;N/A;N/A;N/A;N/A;N/A;N/A;N/A;N/A;N/A;N/A;N/A;N/A;N/A;N/A;N/A;N/A;N/A;N/A;N/A;N/A;N/A;N/A;N/A;N/A;N/A;N/A;N/A;N/A;N/A;N/A;N/A;N/A;N/A;N/A;N/A;N/A;N/A;N/A;N/A;N/A;N/A;N/A;N/A;N/A;N/A;N/A;N/A;N/A;N/A;N/A;N/A;N/A;N/A;;0;321.3;0;0;;Disabled;TempStop;2;700;325.1;277;0;0;599.9;549.9;Enabled;PosOk;2;0;0;0;0;0;15;Disabled;0;0;0;0;0;0;0;0;0;0;0;0;0;0;0;0;0;0;0;0;0;0;0;0;0;0;0;0;0;0;0;0;0;0;0;0;0;0;0;0;0;0;0;0;0;0;0;0;0;0;0;0;0;0;0;0;0;0;0;0;0;0;0;0;0;0;0;0;0;0;30;33;20;45;30;30;20;45;30;33;20;45;30;30;20;45;200;142;100;300;200;140;100;300;200;141;100;300;200;140;100;300;30;33;20;45;30;30;20;45;30;32;20;45;30;30;20;45;200;144;100;300;200;143;100;300;200;242;100;300;200;243;100;300;4;2;0.4;6;4;5;0.4;6;4;2;0.4;6;4;5;0.4;6;4;2;0.4;6;4;5;0.4;6;4;2;0.4;6;4;5;0.4;6;NOK;NOK;OK;7000;7086;6500;8100;OK;4.97;0;8;12;NOK;N/A;1.5;N/A;N/A;N/A;9;11.6;7;18;OK;;0;0;0;-;Disabled;TempOk;2;230;43.7;47.2;0;0;349.9;441345100 daimler 1500 1900;441345100 daimler 1500 1900;441345100 Daimler 1500 1900
20260320_23:50:05;10187;1;3;950;941.1;925;975;OK;950;951.8;925;975;OK;951.7;951.7;-20;-14.2;-50;-25;NOK;-20;-15.6;-50;-25;NOK;-17.8;-18.6;0;-20;-14;-50;-25;NOK;300;311;300;500;OK;0;0;N/A;N/A;N/A;N/A;N/A;N/A;N/A;N/A;N/A;N/A;N/A;N/A;N/A;N/A;N/A;N/A;N/A;N/A;N/A;N/A;N/A;N/A;N/A;N/A;N/A;N/A;N/A;N/A;N/A;N/A;N/A;N/A;N/A;N/A;N/A;N/A;N/A;N/A;N/A;N/A;N/A;N/A;N/A;N/A;N/A;N/A;N/A;N/A;N/A;N/A;N/A;N/A;N/A;N/A;N/A;N/A;N/A;N/A;N/A;N/A;N/A;N/A;N/A;N/A;N/A;N/A;N/A;N/A;N/A;N/A;N/A;N/A;N/A;N/A;N/A;N/A;N/A;N/A;N/A;N/A;N/A;N/A;N/A;N/A;N/A;N/A;N/A;N/A;N/A;N/A;N/A;N/A;N/A;N/A;N/A;N/A;N/A;N/A;;0;323.4;0;0;;Disabled;TempStop;2;700;327;279.7;0;0;599.9;549.9;Enabled;PosOk;2;0;0;0;0;0;15;Disabled;0;0;0;0;0;0;0;0;0;0;0;0;0;0;0;0;0;0;0;0;0;0;0;0;0;0;0;0;0;0;0;0;0;0;0;0;0;0;0;0;0;0;0;0;0;0;0;0;0;0;0;0;0;0;0;0;0;0;0;0;0;0;0;0;0;0;0;0;0;0;30;33;20;45;30;30;20;45;30;33;20;45;30;30;20;45;200;142;100;300;200;140;100;300;200;141;100;300;200;141;100;300;30;32;20;45;30;30;20;45;30;31;20;45;30;30;20;45;200;144;100;300;200;143;100;300;200;243;100;300;200;244;100;300;4;2;0.4;6;4;5;0.4;6;4;2;0.4;6;4;5;0.4;6;4;2;0.4;6;4;5;0.4;6;4;2;0.4;6;4;5;0.4;6;NOK;NOK;OK;7000;7093;6500;8100;OK;4.97;0;8;12;NOK;N/A;1.5;N/A;N/A;N/A;9;11.5;7;18;OK;;0;0;0;-;Disabled;TempOk;2;230;43.5;44.2;0;0;349.9;441345100 daimler 1500 1900;441345100 daimler 1500 1900;441345100 Daimler 1500 1900
20260320_23:50:23;10188;2;1;950;941.2;925;975;OK;950;951.4;925;975;OK;951.2;951.2;-15;-18.8;-50;-20;NOK;-15;-18.1;-50;-20;NOK;-15.9;-16.9;0;-15;-18.9;-50;-20;NOK;300;311;300;500;OK;0;0;N/A;N/A;N/A;N/A;N/A;N/A;N/A;N/A;N/A;N/A;N/A;N/A;N/A;N/A;N/A;N/A;N/A;N/A;N/A;N/A;N/A;N/A;N/A;N/A;N/A;N/A;N/A;N/A;N/A;N/A;N/A;N/A;N/A;N/A;N/A;N/A;N/A;N/A;N/A;N/A;N/A;N/A;N/A;N/A;N/A;N/A;N/A;N/A;N/A;N/A;N/A;N/A;N/A;N/A;N/A;N/A;N/A;N/A;N/A;N/A;N/A;N/A;N/A;N/A;N/A;N/A;N/A;N/A;N/A;N/A;N/A;N/A;N/A;N/A;N/A;N/A;N/A;N/A;N/A;N/A;N/A;N/A;N/A;N/A;N/A;N/A;N/A;N/A;N/A;N/A;N/A;N/A;N/A;N/A;N/A;N/A;N/A;N/A;;0;322.4;0;0;;Disabled;TempStop;2;700;326.1;279.2;0;0;599.9;549.9;Enabled;PosOk;2;0;0;0;0;0;15;Disabled;0;0;0;0;0;0;0;0;0;0;0;0;0;0;0;0;0;0;0;0;0;0;0;0;0;0;0;0;0;0;0;0;0;0;0;0;0;0;0;0;0;0;0;0;0;0;0;0;0;0;0;0;0;0;0;0;0;0;0;0;0;0;0;0;0;0;0;0;0;0;30;33;20;45;30;29;20;45;30;33;20;45;30;29;20;45;200;142;100;300;200;140;100;300;200;141;100;300;200;140;100;300;30;32;20;45;30;29;20;45;30;31;20;45;30;29;20;45;200;144;100;300;200;143;100;300;200;243;100;300;200;244;100;300;4;2;0.4;6;4;5;0.4;6;4;2;0.4;6;4;5;0.4;6;4;2;0.4;6;4;5;0.4;6;4;2;0.4;6;4;5;0.4;6;NOK;NOK;OK;7000;7086;6500;8100;OK;4.97;0;8;12;NOK;N/A;1.5;N/A;N/A;N/A;9;11.5;7;18;OK;;0;0;0;-;Disabled;TempOk;2;230;43.7;44.4;0;0;349.9;441345100 daimler 1500 1900;441345100 daimler 1500 1900;441345100 Daimler 1500 1900
20260320_23:50:41;10189;3;3;950;941;925;975;OK;950;951.5;925;975;OK;951.6;951.7;-20;-13.4;-50;-25;NOK;-20;-13.7;-50;-25;NOK;-12;-13.1;0;-20;-13.4;-50;-25;NOK;300;311;300;500;OK;0;0;N/A;N/A;N/A;N/A;N/A;N/A;N/A;N/A;N/A;N/A;N/A;N/A;N/A;N/A;N/A;N/A;N/A;N/A;N/A;N/A;N/A;N/A;N/A;N/A;N/A;N/A;N/A;N/A;N/A;N/A;N/A;N/A;N/A;N/A;N/A;N/A;N/A;N/A;N/A;N/A;N/A;N/A;N/A;N/A;N/A;N/A;N/A;N/A;N/A;N/A;N/A;N/A;N/A;N/A;N/A;N/A;N/A;N/A;N/A;N/A;N/A;N/A;N/A;N/A;N/A;N/A;N/A;N/A;N/A;N/A;N/A;N/A;N/A;N/A;N/A;N/A;N/A;N/A;N/A;N/A;N/A;N/A;N/A;N/A;N/A;N/A;N/A;N/A;N/A;N/A;N/A;N/A;N/A;N/A;N/A;N/A;N/A;N/A;;0;321.4;0;0;;Disabled;TempStop;2;700;325;277.7;0;0;599.9;549.9;Enabled;PosOk;2;0;0;0;0;0;15;Disabled;0;0;0;0;0;0;0;0;0;0;0;0;0;0;0;0;0;0;0;0;0;0;0;0;0;0;0;0;0;0;0;0;0;0;0;0;0;0;0;0;0;0;0;0;0;0;0;0;0;0;0;0;0;0;0;0;0;0;0;0;0;0;0;0;0;0;0;0;0;0;30;33;20;45;30;30;20;45;30;33;20;45;30;30;20;45;200;142;100;300;200;140;100;300;200;141;100;300;200;140;100;300;30;32;20;45;30;30;20;45;30;31;20;45;30;30;20;45;200;144;100;300;200;143;100;300;200;243;100;300;200;244;100;300;4;2;0.4;6;4;5;0.4;6;4;2;0.4;6;4;5;0.4;6;4;2;0.4;6;4;5;0.4;6;4;2;0.4;6;4;5;0.4;6;NOK;NOK;OK;7000;7094;6500;8100;OK;4.97;0;8;12;NOK;N/A;1.5;N/A;N/A;N/A;9;12.1;7;18;OK;;0;0;0;-;Disabled;TempOk;2;230;43.7;43.9;0;0;349.9;441345100 daimler 1500 1900;441345100 daimler 1500 1900;441345100 Daimler 1500 1900
20260320_23:50:59;10190;2;4;950;939.7;925;975;OK;950;950.4;925;975;OK;950.2;950.3;-15;-24.6;-50;-20;OK;-15;-23.7;-50;-20;OK;-19.7;-21.6;0;-15;-24.7;-50;-20;OK;300;311;300;500;OK;0;0;N/A;N/A;N/A;N/A;N/A;N/A;N/A;N/A;N/A;N/A;N/A;N/A;N/A;N/A;N/A;N/A;N/A;N/A;N/A;N/A;N/A;N/A;N/A;N/A;N/A;N/A;N/A;N/A;N/A;N/A;N/A;N/A;N/A;N/A;N/A;N/A;N/A;N/A;N/A;N/A;N/A;N/A;N/A;N/A;N/A;N/A;N/A;N/A;N/A;N/A;N/A;N/A;N/A;N/A;N/A;N/A;N/A;N/A;N/A;N/A;N/A;N/A;N/A;N/A;N/A;N/A;N/A;N/A;N/A;N/A;N/A;N/A;N/A;N/A;N/A;N/A;N/A;N/A;N/A;N/A;N/A;N/A;N/A;N/A;N/A;N/A;N/A;N/A;N/A;N/A;N/A;N/A;N/A;N/A;N/A;N/A;N/A;N/A;;0;323.1;0;0;;Disabled;TempStop;2;700;326.7;278.9;0;0;599.9;549.9;Enabled;PosOk;2;0;0;0;0;0;15;Disabled;0;0;0;0;0;0;0;0;0;0;0;0;0;0;0;0;0;0;0;0;0;0;0;0;0;0;0;0;0;0;0;0;0;0;0;0;0;0;0;0;0;0;0;0;0;0;0;0;0;0;0;0;0;0;0;0;0;0;0;0;0;0;0;0;0;0;0;0;0;0;30;33;20;45;30;30;20;45;30;33;20;45;30;30;20;45;200;142;100;300;200;140;100;300;200;141;100;300;200;141;100;300;30;33;20;45;30;30;20;45;30;32;20;45;30;30;20;45;200;144;100;300;200;143;100;300;200;243;100;300;200;244;100;300;4;2;0.4;6;4;5;0.4;6;4;2;0.4;6;4;5;0.4;6;4;2;0.4;6;4;5;0.4;6;4;2;0.4;6;4;5;0.4;6;NOK;NOK;OK;7000;7086;6500;8100;OK;4.97;0;8;12;NOK;N/A;1.5;N/A;N/A;N/A;9;12.2;7;18;OK;;0;0;0;-;Disabled;TempOk;2;230;43.5;44.9;0;0;349.9;441345100 daimler 1500 1900;441345100 daimler 1500 1900;441345100 Daimler 1500 1900
20260320_23:51:17;10191;1;4;950;941;925;975;OK;950;950.9;925;975;OK;950.8;950.8;-20;-11.6;-50;-25;NOK;-20;-12.7;-50;-25;NOK;-16.3;-15.8;0;-20;-11.6;-50;-25;NOK;300;311;300;500;OK;0;0;N/A;N/A;N/A;N/A;N/A;N/A;N/A;N/A;N/A;N/A;N/A;N/A;N/A;N/A;N/A;N/A;N/A;N/A;N/A;N/A;N/A;N/A;N/A;N/A;N/A;N/A;N/A;N/A;N/A;N/A;N/A;N/A;N/A;N/A;N/A;N/A;N/A;N/A;N/A;N/A;N/A;N/A;N/A;N/A;N/A;N/A;N/A;N/A;N/A;N/A;N/A;N/A;N/A;N/A;N/A;N/A;N/A;N/A;N/A;N/A;N/A;N/A;N/A;N/A;N/A;N/A;N/A;N/A;N/A;N/A;N/A;N/A;N/A;N/A;N/A;N/A;N/A;N/A;N/A;N/A;N/A;N/A;N/A;N/A;N/A;N/A;N/A;N/A;N/A;N/A;N/A;N/A;N/A;N/A;N/A;N/A;N/A;N/A;;0;323.4;0;0;;Disabled;TempStop;2;700;327.1;279.2;0;0;599.9;549.9;Enabled;PosOk;2;0;0;0;0;0;15;Disabled;0;0;0;0;0;0;0;0;0;0;0;0;0;0;0;0;0;0;0;0;0;0;0;0;0;0;0;0;0;0;0;0;0;0;0;0;0;0;0;0;0;0;0;0;0;0;0;0;0;0;0;0;0;0;0;0;0;0;0;0;0;0;0;0;0;0;0;0;0;0;30;33;20;45;30;30;20;45;30;34;20;45;30;30;20;45;200;143;100;300;200;140;100;300;200;142;100;300;200;141;100;300;30;33;20;45;30;30;20;45;30;32;20;45;30;30;20;45;200;144;100;300;200;143;100;300;200;243;100;300;200;244;100;300;4;2;0.4;6;4;5;0.4;6;4;2;0.4;6;4;5;0.4;6;4;2;0.4;6;4;5;0.4;6;4;2;0.4;6;4;5;0.4;6;NOK;NOK;OK;7000;7087;6500;8100;OK;4.97;0;8;12;NOK;N/A;1.5;N/A;N/A;N/A;9;12.2;7;18;OK;;0;0;0;-;Disabled;TempOk;2;230;43.3;43.7;0;0;349.9;441345100 daimler 1500 1900;441345100 daimler 1500 1900;441345100 Daimler 1500 1900
20260320_23:51:35;10192;4;4;950;929.8;925;975;OK;950;954.3;925;975;OK;954;954.1;-15;-8.9;-50;-5;OK;-15;-10.9;-50;-5;OK;-18.5;-13.5;0;-15;-9.2;-50;-5;OK;300;311;300;500;OK;22.26;22.87;N/A;N/A;N/A;N/A;N/A;N/A;N/A;N/A;N/A;N/A;N/A;N/A;N/A;N/A;N/A;N/A;N/A;N/A;N/A;N/A;N/A;N/A;N/A;N/A;N/A;N/A;N/A;N/A;N/A;N/A;N/A;N/A;N/A;N/A;N/A;N/A;N/A;N/A;N/A;N/A;N/A;N/A;N/A;N/A;N/A;N/A;N/A;N/A;N/A;N/A;N/A;N/A;N/A;N/A;N/A;N/A;N/A;N/A;N/A;N/A;N/A;N/A;N/A;N/A;N/A;N/A;N/A;N/A;N/A;N/A;N/A;N/A;N/A;N/A;N/A;N/A;N/A;N/A;N/A;N/A;N/A;N/A;N/A;N/A;N/A;N/A;N/A;N/A;N/A;N/A;N/A;N/A;N/A;N/A;N/A;N/A;N/A;N/A;;0;321.4;0;0;;Disabled;TempStop;2;700;325.1;276.7;0;0;599.9;549.9;Enabled;PosOk;2;0;0;0;0;0;15;Disabled;0;0;0;0;0;0;0;0;0;0;0;0;0;0;0;0;0;0;0;0;0;0;0;0;0;0;0;0;0;0;0;0;0;0;0;0;0;0;0;0;0;0;0;0;0;0;0;0;0;0;0;0;0;0;0;0;0;0;0;0;0;0;0;0;0;0;0;0;0;0;30;33;20;45;30;30;20;45;30;34;20;45;30;30;20;45;200;142;100;300;200;140;100;300;200;141;100;300;200;140;100;300;30;33;20;45;30;29;20;45;30;32;20;45;30;30;20;45;200;144;100;300;200;143;100;300;200;243;100;300;200;244;100;300;4;2;0.4;6;4;5;0.4;6;4;2;0.4;6;4;5;0.4;6;4;2;0.4;6;4;5;0.4;6;4;2;0.4;6;4;5;0.4;6;NOK;NOK;OK;7000;7093;6500;8100;OK;4.97;0;8;12;NOK;N/A;1.5;N/A;N/A;N/A;9;12.2;7;18;OK;;0;0;0;-;Disabled;TempOk;2;230;43.3;44.2;0;0;349.9;441345100 daimler 1500 1900;441345100 daimler 1500 1900;441345100 Daimler 1500 1900
20260320_23:51:53;10193;3;4;950;940.5;925;975;OK;950;951.6;925;975;OK;951.4;951.6;-20;-11.8;-50;-25;NOK;-20;-12.7;-50;-25;NOK;-16;-15.6;0;-20;-11.6;-50;-25;NOK;300;311;300;500;OK;0;0;N/A;N/A;N/A;N/A;N/A;N/A;N/A;N/A;N/A;N/A;N/A;N/A;N/A;N/A;N/A;N/A;N/A;N/A;N/A;N/A;N/A;N/A;N/A;N/A;N/A;N/A;N/A;N/A;N/A;N/A;N/A;N/A;N/A;N/A;N/A;N/A;N/A;N/A;N/A;N/A;N/A;N/A;N/A;N/A;N/A;N/A;N/A;N/A;N/A;N/A;N/A;N/A;N/A;N/A;N/A;N/A;N/A;N/A;N/A;N/A;N/A;N/A;N/A;N/A;N/A;N/A;N/A;N/A;N/A;N/A;N/A;N/A;N/A;N/A;N/A;N/A;N/A;N/A;N/A;N/A;N/A;N/A;N/A;N/A;N/A;N/A;N/A;N/A;N/A;N/A;N/A;N/A;N/A;N/A;N/A;N/A;N/A;N/A;;0;322;0;0;;Disabled;TempStop;2;700;325.7;278;0;0;599.9;549.9;Enabled;PosOk;2;0;0;0;0;0;15;Disabled;0;0;0;0;0;0;0;0;0;0;0;0;0;0;0;0;0;0;0;0;0;0;0;0;0;0;0;0;0;0;0;0;0;0;0;0;0;0;0;0;0;0;0;0;0;0;0;0;0;0;0;0;0;0;0;0;0;0;0;0;0;0;0;0;0;0;0;0;0;0;30;33;20;45;30;29;20;45;30;33;20;45;30;29;20;45;200;142;100;300;200;140;100;300;200;141;100;300;200;141;100;300;30;33;20;45;30;29;20;45;30;31;20;45;30;29;20;45;200;145;100;300;200;143;100;300;200;243;100;300;200;244;100;300;4;2;0.4;6;4;5;0.4;6;4;2;0.4;6;4;5;0.4;6;4;2;0.4;6;4;5;0.4;6;4;2;0.4;6;4;5;0.4;6;NOK;NOK;OK;7000;7096;6500;8100;OK;4.97;0;8;12;NOK;N/A;1.5;N/A;N/A;N/A;9;12.3;7;18;OK;;0;0;0;-;Disabled;TempOk;2;230;43.5;43.7;0;0;349.9;441345100 daimler 1500 1900;441345100 daimler 1500 1900;441345100 Daimler 1500 1900
20260320_23:52:29;10195;3;5;950;943.6;925;975;OK;950;951.2;925;975;OK;951.2;951.2;-20;-15.7;-50;-25;NOK;-20;-16.1;-50;-25;NOK;-16.3;-16.8;0;-20;-15.5;-50;-25;NOK;300;311;300;500;OK;0;0;N/A;N/A;N/A;N/A;N/A;N/A;N/A;N/A;N/A;N/A;N/A;N/A;N/A;N/A;N/A;N/A;N/A;N/A;N/A;N/A;N/A;N/A;N/A;N/A;N/A;N/A;N/A;N/A;N/A;N/A;N/A;N/A;N/A;N/A;N/A;N/A;N/A;N/A;N/A;N/A;N/A;N/A;N/A;N/A;N/A;N/A;N/A;N/A;N/A;N/A;N/A;N/A;N/A;N/A;N/A;N/A;N/A;N/A;N/A;N/A;N/A;N/A;N/A;N/A;N/A;N/A;N/A;N/A;N/A;N/A;N/A;N/A;N/A;N/A;N/A;N/A;N/A;N/A;N/A;N/A;N/A;N/A;N/A;N/A;N/A;N/A;N/A;N/A;N/A;N/A;N/A;N/A;N/A;N/A;N/A;N/A;N/A;N/A;;0;321.1;0;0;;Disabled;TempStop;2;700;324.4;277.7;0;0;599.9;549.9;Enabled;PosOk;2;0;0;0;0;0;15;Disabled;0;0;0;0;0;0;0;0;0;0;0;0;0;0;0;0;0;0;0;0;0;0;0;0;0;0;0;0;0;0;0;0;0;0;0;0;0;0;0;0;0;0;0;0;0;0;0;0;0;0;0;0;0;0;0;0;0;0;0;0;0;0;0;0;0;0;0;0;0;0;30;32;20;45;30;29;20;45;30;32;20;45;30;29;20;45;200;142;100;300;200;140;100;300;200;140;100;300;200;140;100;300;30;31;20;45;30;29;20;45;30;30;20;45;30;30;20;45;200;144;100;300;200;143;100;300;200;243;100;300;200;245;100;300;4;2;0.4;6;4;5;0.4;6;4;2;0.4;6;4;5;0.4;6;4;2;0.4;6;4;5;0.4;6;4;2;0.4;6;4;5;0.4;6;NOK;NOK;OK;7000;7014;6500;8100;OK;4.97;0;8;12;NOK;N/A;1.51;N/A;N/A;N/A;9;12.4;7;18;OK;;0;0;0;-;Disabled;TempOk;2;230;43.3;43.7;0;0;349.9;441345100 daimler 1500 1900;441345100 daimler 1500 1900;441345100 Daimler 1500 1900
20260320_23:52:47;10194;4;5;950;933.2;925;975;OK;950;950.9;925;975;OK;950.9;951.2;-15;-13.7;-50;-5;OK;-15;-15.2;-50;-5;OK;-16.3;-15.9;0;-15;-13.7;-50;-5;OK;300;311;300;500;OK;22.43;22.94;N/A;N/A;N/A;N/A;N/A;N/A;N/A;N/A;N/A;N/A;N/A;N/A;N/A;N/A;N/A;N/A;N/A;N/A;N/A;N/A;N/A;N/A;N/A;N/A;N/A;N/A;N/A;N/A;N/A;N/A;N/A;N/A;N/A;N/A;N/A;N/A;N/A;N/A;N/A;N/A;N/A;N/A;N/A;N/A;N/A;N/A;N/A;N/A;N/A;N/A;N/A;N/A;N/A;N/A;N/A;N/A;N/A;N/A;N/A;N/A;N/A;N/A;N/A;N/A;N/A;N/A;N/A;N/A;N/A;N/A;N/A;N/A;N/A;N/A;N/A;N/A;N/A;N/A;N/A;N/A;N/A;N/A;N/A;N/A;N/A;N/A;N/A;N/A;N/A;N/A;N/A;N/A;N/A;N/A;N/A;N/A;N/A;N/A;;0;325.3;0;0;;Disabled;TempStop;2;700;328.7;282.3;0;0;599.9;549.9;Enabled;PosOk;2;0;0;0;0;0;15;Disabled;0;0;0;0;0;0;0;0;0;0;0;0;0;0;0;0;0;0;0;0;0;0;0;0;0;0;0;0;0;0;0;0;0;0;0;0;0;0;0;0;0;0;0;0;0;0;0;0;0;0;0;0;0;0;0;0;0;0;0;0;0;0;0;0;0;0;0;0;0;0;30;32;20;45;30;30;20;45;30;32;20;45;30;30;20;45;200;142;100;300;200;139;100;300;200;140;100;300;200;141;100;300;30;32;20;45;30;30;20;45;30;31;20;45;30;30;20;45;200;144;100;300;200;143;100;300;200;243;100;300;200;244;100;300;4;2;0.4;6;4;5;0.4;6;4;2;0.4;6;4;5;0.4;6;4;2;0.4;6;4;5;0.4;6;4;2;0.4;6;4;5;0.4;6;NOK;NOK;OK;7000;7084;6500;8100;OK;4.97;0;8;12;NOK;N/A;1.5;N/A;N/A;N/A;9;12;7;18;OK;;0;0;0;-;Disabled;TempOk;2;230;43.1;43.7;0;0;349.9;441345100 daimler 1500 1900;441345100 daimler 1500 1900;441345100 Daimler 1500 1900
20260320_23:53:23;10197;4;1;950;940.1;925;975;OK;950;951.9;925;975;OK;957.6;955.7;-15;-21.6;-50;-5;OK;-15;-7.9;-50;-5;OK;-12.6;-10.1;0;-15;-21.7;-50;-5;OK;300;311;300;500;OK;22.51;22.97;N/A;N/A;N/A;N/A;N/A;N/A;N/A;N/A;N/A;N/A;N/A;N/A;N/A;N/A;N/A;N/A;N/A;N/A;N/A;N/A;N/A;N/A;N/A;N/A;N/A;N/A;N/A;N/A;N/A;N/A;N/A;N/A;N/A;N/A;N/A;N/A;N/A;N/A;N/A;N/A;N/A;N/A;N/A;N/A;N/A;N/A;N/A;N/A;N/A;N/A;N/A;N/A;N/A;N/A;N/A;N/A;N/A;N/A;N/A;N/A;N/A;N/A;N/A;N/A;N/A;N/A;N/A;N/A;N/A;N/A;N/A;N/A;N/A;N/A;N/A;N/A;N/A;N/A;N/A;N/A;N/A;N/A;N/A;N/A;N/A;N/A;N/A;N/A;N/A;N/A;N/A;N/A;N/A;N/A;N/A;N/A;N/A;N/A;;0;322.3;0;0;;Disabled;TempStop;2;700;325.5;280.2;0;0;599.9;549.9;Enabled;PosOk;2;0;0;0;0;0;15;Disabled;0;0;0;0;0;0;0;0;0;0;0;0;0;0;0;0;0;0;0;0;0;0;0;0;0;0;0;0;0;0;0;0;0;0;0;0;0;0;0;0;0;0;0;0;0;0;0;0;0;0;0;0;0;0;0;0;0;0;0;0;0;0;0;0;0;0;0;0;0;0;30;32;20;45;30;30;20;45;30;32;20;45;30;30;20;45;200;142;100;300;200;139;100;300;200;141;100;300;200;140;100;300;30;31;20;45;30;30;20;45;30;31;20;45;30;30;20;45;200;144;100;300;200;142;100;300;200;242;100;300;200;243;100;300;4;2;0.4;6;4;5;0.4;6;4;2;0.4;6;4;5;0.4;6;4;2;0.4;6;4;5;0.4;6;4;3;0.4;6;4;5;0.4;6;NOK;NOK;OK;7000;6996;6500;8100;OK;4.96;0;8;12;NOK;N/A;1.5;N/A;N/A;N/A;9;11.9;7;18;OK;;0;0;0;-;Disabled;TempOk;2;230;43.5;44.9;0;0;349.9;441345100 daimler 1500 1900;441345100 daimler 1500 1900;441345100 Daimler 1500 1900
20260320_23:53:41;10196;3;1;950;940.4;925;975;OK;950;951.5;925;975;OK;951.4;951.5;-20;-14.2;-50;-25;NOK;-20;-13.8;-50;-25;NOK;-11.6;-12.7;0;-20;-14.2;-50;-25;NOK;300;311;300;500;OK;0;0;N/A;N/A;N/A;N/A;N/A;N/A;N/A;N/A;N/A;N/A;N/A;N/A;N/A;N/A;N/A;N/A;N/A;N/A;N/A;N/A;N/A;N/A;N/A;N/A;N/A;N/A;N/A;N/A;N/A;N/A;N/A;N/A;N/A;N/A;N/A;N/A;N/A;N/A;N/A;N/A;N/A;N/A;N/A;N/A;N/A;N/A;N/A;N/A;N/A;N/A;N/A;N/A;N/A;N/A;N/A;N/A;N/A;N/A;N/A;N/A;N/A;N/A;N/A;N/A;N/A;N/A;N/A;N/A;N/A;N/A;N/A;N/A;N/A;N/A;N/A;N/A;N/A;N/A;N/A;N/A;N/A;N/A;N/A;N/A;N/A;N/A;N/A;N/A;N/A;N/A;N/A;N/A;N/A;N/A;N/A;N/A;N/A;N/A;;0;322.4;0;0;;Disabled;TempStop;2;700;325.5;279;0;0;599.9;549.9;Enabled;PosOk;2;0;0;0;0;0;15;Disabled;0;0;0;0;0;0;0;0;0;0;0;0;0;0;0;0;0;0;0;0;0;0;0;0;0;0;0;0;0;0;0;0;0;0;0;0;0;0;0;0;0;0;0;0;0;0;0;0;0;0;0;0;0;0;0;0;0;0;0;0;0;0;0;0;0;0;0;0;0;0;30;32;20;45;30;30;20;45;30;32;20;45;30;30;20;45;200;142;100;300;200;140;100;300;200;141;100;300;200;140;100;300;30;32;20;45;30;30;20;45;30;31;20;45;30;30;20;45;200;144;100;300;200;143;100;300;200;242;100;300;200;243;100;300;4;2;0.4;6;4;5;0.4;6;4;2;0.4;6;4;5;0.4;6;4;2;0.4;6;4;5;0.4;6;4;2;0.4;6;4;5;0.4;6;NOK;NOK;OK;7000;7080;6500;8100;OK;4.97;0;8;12;NOK;N/A;1.5;N/A;N/A;N/A;9;11.7;7;18;OK;;0;0;0;-;Disabled;TempOk;2;230;42.7;43.3;0;0;349.9;441345100 daimler 1500 1900;441345100 daimler 1500 1900;441345100 Daimler 1500 1900
20260320_23:53:59;10198;2;2;950;939.6;925;975;OK;950;950.7;925;975;OK;950.6;950.5;-15;-19.1;-50;-20;NOK;-15;-18.6;-50;-20;NOK;-15.4;-16.8;0;-15;-19.2;-50;-20;NOK;300;311;300;500;OK;0;0;N/A;N/A;N/A;N/A;N/A;N/A;N/A;N/A;N/A;N/A;N/A;N/A;N/A;N/A;N/A;N/A;N/A;N/A;N/A;N/A;N/A;N/A;N/A;N/A;N/A;N/A;N/A;N/A;N/A;N/A;N/A;N/A;N/A;N/A;N/A;N/A;N/A;N/A;N/A;N/A;N/A;N/A;N/A;N/A;N/A;N/A;N/A;N/A;N/A;N/A;N/A;N/A;N/A;N/A;N/A;N/A;N/A;N/A;N/A;N/A;N/A;N/A;N/A;N/A;N/A;N/A;N/A;N/A;N/A;N/A;N/A;N/A;N/A;N/A;N/A;N/A;N/A;N/A;N/A;N/A;N/A;N/A;N/A;N/A;N/A;N/A;N/A;N/A;N/A;N/A;N/A;N/A;N/A;N/A;N/A;N/A;N/A;N/A;;0;324.6;0;0;;Disabled;TempStop;2;700;328.4;279.2;0;0;599.9;549.9;Enabled;PosOk;2;0;0;0;0;0;15;Disabled;0;0;0;0;0;0;0;0;0;0;0;0;0;0;0;0;0;0;0;0;0;0;0;0;0;0;0;0;0;0;0;0;0;0;0;0;0;0;0;0;0;0;0;0;0;0;0;0;0;0;0;0;0;0;0;0;0;0;0;0;0;0;0;0;0;0;0;0;0;0;30;33;20;45;30;29;20;45;30;33;20;45;30;29;20;45;200;142;100;300;200;140;100;300;200;141;100;300;200;141;100;300;30;32;20;45;30;29;20;45;30;31;20;45;30;29;20;45;200;144;100;300;200;143;100;300;200;242;100;300;200;243;100;300;4;2;0.4;6;4;5;0.4;6;4;2;0.4;6;4;5;0.4;6;4;2;0.4;6;4;5;0.4;6;4;2;0.4;6;4;5;0.4;6;NOK;NOK;OK;7000;7083;6500;8100;OK;4.96;0;8;12;NOK;N/A;1.5;N/A;N/A;N/A;9;11.5;7;18;OK;;0;0;0;-;Disabled;TempOk;2;230;43.1;44.2;0;0;349.9;441345100 daimler 1500 1900;441345100 daimler 1500 1900;441345100 Daimler 1500 1900
20260320_23:54:17;10199;1;2;950;941;925;975;OK;950;951.5;925;975;OK;951.5;951.4;-20;-17.6;-50;-25;NOK;-20;-17.6;-50;-25;NOK;-15.7;-16.6;0;-20;-17.6;-50;-25;NOK;300;311;300;500;OK;0;0;N/A;N/A;N/A;N/A;N/A;N/A;N/A;N/A;N/A;N/A;N/A;N/A;N/A;N/A;N/A;N/A;N/A;N/A;N/A;N/A;N/A;N/A;N/A;N/A;N/A;N/A;N/A;N/A;N/A;N/A;N/A;N/A;N/A;N/A;N/A;N/A;N/A;N/A;N/A;N/A;N/A;N/A;N/A;N/A;N/A;N/A;N/A;N/A;N/A;N/A;N/A;N/A;N/A;N/A;N/A;N/A;N/A;N/A;N/A;N/A;N/A;N/A;N/A;N/A;N/A;N/A;N/A;N/A;N/A;N/A;N/A;N/A;N/A;N/A;N/A;N/A;N/A;N/A;N/A;N/A;N/A;N/A;N/A;N/A;N/A;N/A;N/A;N/A;N/A;N/A;N/A;N/A;N/A;N/A;N/A;N/A;N/A;N/A;;0;324.2;0;0;;Disabled;TempStop;2;700;328;279.4;0;0;599.9;549.9;Enabled;PosOk;2;0;0;0;0;0;15;Disabled;0;0;0;0;0;0;0;0;0;0;0;0;0;0;0;0;0;0;0;0;0;0;0;0;0;0;0;0;0;0;0;0;0;0;0;0;0;0;0;0;0;0;0;0;0;0;0;0;0;0;0;0;0;0;0;0;0;0;0;0;0;0;0;0;0;0;0;0;0;0;30;33;20;45;30;29;20;45;30;33;20;45;30;29;20;45;200;142;100;300;200;140;100;300;200;141;100;300;200;141;100;300;30;32;20;45;30;30;20;45;30;31;20;45;30;29;20;45;200;144;100;300;200;143;100;300;200;242;100;300;200;243;100;300;4;2;0.4;6;4;5;0.4;6;4;2;0.4;6;4;5;0.4;6;4;2;0.4;6;4;5;0.4;6;4;2;0.4;6;4;5;0.4;6;NOK;NOK;OK;7000;7088;6500;8100;OK;4.97;0;8;12;NOK;N/A;1.5;N/A;N/A;N/A;9;11.5;7;18;OK;;0;0;0;-;Disabled;TempOk;2;230;42.9;43.7;0;0;349.9;441345100 daimler 1500 1900;441345100 daimler 1500 1900;441345100 Daimler 1500 1900
20260320_23:59:13;10206;2;4;950;939.3;925;975;OK;950;950.6;925;975;OK;950.3;950.2;-15;-24.3;-50;-20;OK;-15;-30;-50;-20;OK;-20;-22;0;-15;-24.4;-50;-20;OK;300;481;300;500;OK;0;0;N/A;N/A;N/A;N/A;N/A;N/A;N/A;N/A;N/A;N/A;N/A;N/A;N/A;N/A;N/A;N/A;N/A;N/A;N/A;N/A;N/A;N/A;N/A;N/A;N/A;N/A;N/A;N/A;N/A;N/A;N/A;N/A;N/A;N/A;N/A;N/A;N/A;N/A;N/A;N/A;N/A;N/A;N/A;N/A;N/A;N/A;N/A;N/A;N/A;N/A;N/A;N/A;N/A;N/A;N/A;N/A;N/A;N/A;N/A;N/A;N/A;N/A;N/A;N/A;N/A;N/A;N/A;N/A;N/A;N/A;N/A;N/A;N/A;N/A;N/A;N/A;N/A;N/A;N/A;N/A;N/A;N/A;N/A;N/A;N/A;N/A;N/A;N/A;N/A;N/A;N/A;N/A;N/A;N/A;N/A;N/A;N/A;N/A;;0;321.5;0;0;;Disabled;TempStop;2;700;324.2;279.1;0;0;599.9;549.9;Enabled;PosOk;2;0;0;0;0;0;15;Disabled;0;0;0;0;0;0;0;0;0;0;0;0;0;0;0;0;0;0;0;0;0;0;0;0;0;0;0;0;0;0;0;0;0;0;0;0;0;0;0;0;0;0;0;0;0;0;0;0;0;0;0;0;0;0;0;0;0;0;0;0;0;0;0;0;0;0;0;0;0;0;30;30;20;45;30;30;20;45;30;30;20;45;30;30;20;45;200;142;100;300;200;139;100;300;200;140;100;300;200;140;100;300;30;30;20;45;30;30;20;45;30;30;20;45;30;30;20;45;200;144;100;300;200;142;100;300;200;242;100;300;200;244;100;300;4;2;0.4;6;4;5;0.4;6;4;2;0.4;6;4;5;0.4;6;4;2;0.4;6;4;5;0.4;6;4;2;0.4;6;4;5;0.4;6;NOK;NOK;OK;7000;7089;6500;8100;OK;4.96;0;8;12;NOK;N/A;1.5;N/A;N/A;N/A;9;12.1;7;18;OK;;0;0;0;-;Disabled;TempOk;2;230;40.7;42.2;0;0;349.9;441345100 daimler 1500 1900;441345100 daimler 1500 1900;441345100 Daimler 1500 1900
20260320_23:59:30;10207;1;4;950;940;925;975;OK;950;951;925;975;OK;950.7;950.9;-20;-11.9;-50;-25;NOK;-20;-19.2;-50;-25;NOK;-16.6;-16;0;-20;-11.8;-50;-25;NOK;300;481;300;500;OK;0;0;N/A;N/A;N/A;N/A;N/A;N/A;N/A;N/A;N/A;N/A;N/A;N/A;N/A;N/A;N/A;N/A;N/A;N/A;N/A;N/A;N/A;N/A;N/A;N/A;N/A;N/A;N/A;N/A;N/A;N/A;N/A;N/A;N/A;N/A;N/A;N/A;N/A;N/A;N/A;N/A;N/A;N/A;N/A;N/A;N/A;N/A;N/A;N/A;N/A;N/A;N/A;N/A;N/A;N/A;N/A;N/A;N/A;N/A;N/A;N/A;N/A;N/A;N/A;N/A;N/A;N/A;N/A;N/A;N/A;N/A;N/A;N/A;N/A;N/A;N/A;N/A;N/A;N/A;N/A;N/A;N/A;N/A;N/A;N/A;N/A;N/A;N/A;N/A;N/A;N/A;N/A;N/A;N/A;N/A;N/A;N/A;N/A;N/A;;0;321.8;0;0;;Disabled;TempStop;2;700;324.4;279.6;0;0;599.9;549.9;Enabled;PosOk;2;0;0;0;0;0;15;Disabled;0;0;0;0;0;0;0;0;0;0;0;0;0;0;0;0;0;0;0;0;0;0;0;0;0;0;0;0;0;0;0;0;0;0;0;0;0;0;0;0;0;0;0;0;0;0;0;0;0;0;0;0;0;0;0;0;0;0;0;0;0;0;0;0;0;0;0;0;0;0;30;31;20;45;30;30;20;45;30;31;20;45;30;30;20;45;200;142;100;300;200;140;100;300;200;141;100;300;200;141;100;300;30;31;20;45;30;30;20;45;30;31;20;45;30;30;20;45;200;144;100;300;200;143;100;300;200;242;100;300;200;243;100;300;4;2;0.4;6;4;5;0.4;6;4;2;0.4;6;4;5;0.4;6;4;2;0.4;6;4;5;0.4;6;4;2;0.4;6;4;5;0.4;6;NOK;NOK;OK;7000;7106;6500;8100;OK;4.97;0;8;12;NOK;N/A;1.5;N/A;N/A;N/A;9;12.1;7;18;OK;;0;0;0;-;Disabled;TempOk;2;230;41.2;42.2;0;0;349.9;441345100 daimler 1500 1900;441345100 daimler 1500 1900;441345100 Daimler 1500 1900
20260320_23:59:48;10208;4;4;950;926;925;975;OK;950;955.2;925;975;OK;953.9;954.1;-15;-11.4;-50;-5;OK;-15;-21.5;-50;-5;OK;-7.5;-7.7;0;-15;-11.5;-50;-5;OK;300;481;300;500;OK;22.89;23.74;N/A;N/A;N/A;N/A;N/A;N/A;N/A;N/A;N/A;N/A;N/A;N/A;N/A;N/A;N/A;N/A;N/A;N/A;N/A;N/A;N/A;N/A;N/A;N/A;N/A;N/A;N/A;N/A;N/A;N/A;N/A;N/A;N/A;N/A;N/A;N/A;N/A;N/A;N/A;N/A;N/A;N/A;N/A;N/A;N/A;N/A;N/A;N/A;N/A;N/A;N/A;N/A;N/A;N/A;N/A;N/A;N/A;N/A;N/A;N/A;N/A;N/A;N/A;N/A;N/A;N/A;N/A;N/A;N/A;N/A;N/A;N/A;N/A;N/A;N/A;N/A;N/A;N/A;N/A;N/A;N/A;N/A;N/A;N/A;N/A;N/A;N/A;N/A;N/A;N/A;N/A;N/A;N/A;N/A;N/A;N/A;N/A;N/A;;0;319;0;0;;Disabled;TempStop;2;700;322.7;275.7;0;0;599.9;549.9;Enabled;PosOk;2;0;0;0;0;0;15;Disabled;0;0;0;0;0;0;0;0;0;0;0;0;0;0;0;0;0;0;0;0;0;0;0;0;0;0;0;0;0;0;0;0;0;0;0;0;0;0;0;0;0;0;0;0;0;0;0;0;0;0;0;0;0;0;0;0;0;0;0;0;0;0;0;0;0;0;0;0;0;0;30;32;20;45;30;30;20;45;30;32;20;45;30;30;20;45;200;142;100;300;200;140;100;300;200;141;100;300;200;141;100;300;30;32;20;45;30;30;20;45;30;31;20;45;30;30;20;45;200;144;100;300;200;143;100;300;200;242;100;300;200;244;100;300;4;2;0.4;6;4;5;0.4;6;4;2;0.4;6;4;5;0.4;6;4;2;0.4;6;4;5;0.4;6;4;2;0.4;6;4;5;0.4;6;NOK;NOK;OK;7000;7083;6500;8100;OK;4.96;0;8;12;NOK;N/A;1.5;N/A;N/A;N/A;9;12.3;7;18;OK;;0;0;0;-;Disabled;TempOk;2;230;40.9;41.7;0;0;349.9;441345100 daimler 1500 1900;441345100 daimler 1500 1900;441345100 Daimler 1500 1900