//Delimiter=;
Date-Time;0-Detail ID;1-MLF;2-Cavity;3-Temp at loading - SP, °C;4-Temp at loading - PV, °C;5-Temp at loading - LL, °C;6-Temp at loading - UL, °C;7-Temp at loading - Status, °C;8-Temp at Unloading - SP, °C;9-Temp at Unloading - PV, °C;10-Temp at Unloading - LL, °C;11-Temp at Unloading - UL, °C;12-Temp at Unloading - Status, °C;13-Temp 60s - PV, °C;14-Temp 30s  - PV, °C;15-Dewpoint - load - SP, °C;16-Dewpoint - load - PV, °C;17-Dewpoint - load - Lower, °C;18-Dewpoint - load - Upper, °C;19-Dewpoint - load - Status, °C;20-Dewpoint - unload - SP, °C;21-Dewpoint - unload - PV, °C;22-Dewpoint - unload - Lower, °C;23-Dewpoint - unload - Upper, °C;24-Dewpoint - unload - Status, °C;25-Dewpoint 60s - PV, °C;26-Dewpoint 30s  - PV, °C;27-Dewpoint Custom Time, Sec;28-Dewpoint Custom Time - SP, °C;29-Dewpoint Custom Time - PV, °C;30-Dewpoint Custom Time - LL, °C;31-Dewpoint Custom Time - UL, °C;32-Dewpoint Custom Time - Status;33-Soak time SP, s;34-Soak time PV, s;35-Soak time LL, s;36-Soak time UL, s;37-Soak time status;38-Dry Air Cons. Load, m³;39-Dry Air Cons. Unoad, m³;0-TB number;1-CavityNumber;2-HeatZone UL;3-HeatZone UC;4-HeatZone UR;5-HeatZone LL;6-HeatZone LC;7-HeatZone LR;8-Temp @ load - SP;9-Temp @ load - UL PV;10-Temp @ load - UC PV;11-Temp @ load - UR PV;12-Temp @ load - LL PV;13-Temp @ load - LC PV;14-Temp @ load - LR PV;15-Temp @ load - LL;16-Temp @ load - UL;17-Temp @ load - Status;18-Temp @ unload - SP;19-Temp @ unload - UL PV;20-Temp @ unload - UC PV;21-Temp @ unload - UR PV;22-Temp @ unload - LL PV;23-Temp @ unload - LC PV;24-Temp @ unload - LR PV;25-Temp @ unload - LL;26-Temp @ unload - UL;27-Temp @ unload - Status;28-Temp 60s before end - UL PV;29-Temp 60s before end - UC PV;30-Temp 60s before end - UR PV;31-Temp 60s before end - LL PV;32-Temp 60s before end - LC PV;33-Temp 60s before end - LR PV;34-Temp 30s before end - UL PV;35-Temp 30s before end - UC PV;36-Temp 30s before end - UR PV;37-Temp 30s before end - LL PV;38-Temp 30s before end - LC PV;39-Temp 30s before end - LR PV;40-CoolingFrame - UC1 - TempIn - PV;41-CoolingFrame - UC1 - TempIn - LL;42-CoolingFrame - UC1 - TempIn - UL;43-CoolingFrame - UC1 - TempIn - Status;44-CoolingFrame - UC1 - TempOut - PV;45-CoolingFrame - UC1 - TempOut - LL;46-CoolingFrame - UC1 - TempOut - UL;47-CoolingFrame - UC1 - TempOut - Status;48-CoolingFrame - UC1 - FlowOut - PV;49-CoolingFrame - UC1 - FlowOut - LL;50-CoolingFrame - UC1 - FlowOut - UL;51-CoolingFrame - UC1 - FlowOut - Status;52-CoolingFrame - UC2 - TempIn - PV;53-CoolingFrame - UC2 - TempIn - LL;54-CoolingFrame - UC2 - TempIn - UL;55-CoolingFrame - UC2 - TempIn - Status;56-CoolingFrame - UC2 - TempOut - PV;57-CoolingFrame - UC2 - TempOut - LL;58-CoolingFrame - UC2 - TempOut - UL;59-CoolingFrame - UC2 - TempOut - Status;60-CoolingFrame - UC2 - FlowOut - PV;61-CoolingFrame - UC2 - FlowOut - LL;62-CoolingFrame - UC2 - FlowOut - UL;63-CoolingFrame - UC2 - FlowOut - Status;64-CoolingFrame - LC1 - TempIn - PV;65-CoolingFrame - LC1 - TempIn - LL;66-CoolingFrame - LC1 - TempIn - UL;67-CoolingFrame - LC1 - TempIn - Status;68-CoolingFrame - LC1 - TempOut - PV;69-CoolingFrame - LC1 - TempOut - LL;70-CoolingFrame - LC1 - TempOut - UL;71-CoolingFrame - LC1 - TempOut - Status;72-CoolingFrame - LC1 - FlowOut - PV;73-CoolingFrame - LC1 - FlowOut - LL;74-CoolingFrame - LC1 - FlowOut - UL;75-CoolingFrame - LC1 - FlowOut - Status;76-CoolingFrame - LC2 - TempIn - PV;77-CoolingFrame - LC2 - TempIn - LL;78-CoolingFrame - LC2 - TempIn - UL;79-CoolingFrame - LC2 - TempIn - Status;80-CoolingFrame - LC2 - TempOut - PV;81-CoolingFrame - LC2 - TempOut - LL;82-CoolingFrame - LC2 - TempOut - UL;83-CoolingFrame - LC2 - TempOut - Status;84-CoolingFrame - LC2 - FlowOut - PV;85-CoolingFrame - LC2 - FlowOut - LL;86-CoolingFrame - LC2 - FlowOut - UL;87-CoolingFrame - LC2 - FlowOut - Status;88-SoakTime - SP;89-SoakTime - PV;90-SoakTime - LL;91-SoakTime - UL;92-Soaktime - Status;93-TimeinAir - MLF->TB, SP;94-TimeinAir - MLF->TB, PVt;95-TimeinAir - MLF->TB, LL;96-TimeinAir - MLF->TB, UL;97-TimeinAir - MLF->TB, Status;0-PYH DetailStatus;1-PYH Target °C;2-PYH  Act temp °C;3-PYH Lower limit °C;4-PYH Stop Limit °C;5-PYH Active;6-HA Active;7-HA Status;8-HA NumberOfDet;9-HA Target, °C;10-HA TempDet 1, °C;11-HA TempDet 2, °C;12-HA TempDet 3, °C;13-HA TempDet 4, °C;14-HA Lower Limit, °C;15-HA Stop Limit, °C;16-PA Active;17-PA Status;18-PA NumberOfDet;19-PA Target, %;20-PA PosDet 1, %;21-PA PosDet 2, %;22-PA PosDet 3, %;23-PA PosDet 4, %;24-PA Stop Limit, %;25-TT Active;26-TT Det1 Nr of AOI;27-TT Det2 Nr of AOI;28-TT Det3 Nr of AOI;29-TT Det4 Nr of AOI;30-TT Det1 AOI1 minTemp;31-TT Det1 AOI1 maxTemp;32-TT Det1 AOI2 minTemp;33-TT Det1 AOI2 maxTemp;34-TT Det1 AOI3 minTemp;35-TT Det1 AOI3 maxTemp;36-TT Det1 AOI4 minTemp;37-TT Det1 AOI4 maxTemp;38-TT Det2 AOI1 minTemp;39-TT Det2 AOI1 maxTemp;40-TT Det2 AOI2 minTemp;41-TT Det2 AOI2 maxTemp;42-TT Det2 AOI3 minTemp;43-TT Det2 AOI3 maxTemp;44-TT Det2 AOI4 minTemp;45-TT Det2 AOI4 maxTemp;46-TT Det3 AOI1 minTemp;47-TT Det3 AOI1 maxTemp;48-TT Det3 AOI2 minTemp;49-TT Det3 AOI2 maxTemp;50-TT Det3 AOI3 minTemp;51-TT Det3 AOI3 maxTemp;52-TT Det3 AOI4 minTemp;53-TT Det3 AOI4 maxTemp;54-TT Det4 AOI1 minTemp;55-TT Det4 AOI1 maxTemp;56-TT Det4 AOI2 minTemp;57-TT Det4 AOI2 maxTemp;58-TT Det4 AOI3 minTemp;59-TT Det4 AOI3 maxTemp;60-TT Det4 AOI4 minTemp;61-TT Det4 AOI4 maxTemp;62-TT Det1 AOI1 LL;63-TT Det1 AOI1 UL;64-TT Det1 AOI2 LL;65-TT Det1 AOI2 UL;66-TT Det1 AOI3 LL;67-TT Det1 AOI3 UL;68-TT Det1 AOI4 LL;69-TT Det1 AOI4 UL;70-TT Det2 AOI1 LL;71-TT Det2 AOI1 UL;72-TT Det2 AOI2 LL;73-TT Det2 AOI2 UL;74-TT Det2 AOI3 LL;75-TT Det2 AOI3 UL;76-TT Det2 AOI4 LL;77-TT Det2 AOI4 UL;78-TT Det3 AOI1 LL;79-TT Det3 AOI1 UL;80-TT Det3 AOI2 LL;81-TT Det3 AOI2 UL;82-TT Det3 AOI3 LL;83-TT Det3 AOI3 UL;84-TT Det3 AOI4 LL;85-TT Det3 AOI4 UL;86-TT Det4 AOI1 LL;87-TT Det4 AOI1 UL;88-TT Det4 AOI2 LL;89-TT Det4 AOI2 UL;90-TT Det4 AOI3 LL;91-TT Det4 AOI3 UL;92-TT Det4 AOI4 LL;93-TT Det4 AOI4 UL;94-Cam trig Min;95-Cam trig Sec;0-CoolingTempUpper 1-A10.32, SP;1-CoolingTempUpper 1-A10.32, PV;2-CoolingTempUpper 1-A10.32, LL;3-CoolingTempUpper 1-A10.32, UL;4-CoolingTempUpper 1-A10.34, SP;5-CoolingTempUpper 1-A10.34, PV;6-CoolingTempUpper 1-A10.34, LL;7-CoolingTempUpper 1-A10.34, UL;8-CoolingTempUpper 1-A10.42, SP;9-CoolingTempUpper 1-A10.42, PV;10-CoolingTempUpper 1-A10.42, LL;11-CoolingTempUpper 1-A10.42, UL;12-CoolingTempUpper 1-A10.44, SP;13-CoolingTempUpper 1-A10.44, PV;14-CoolingTempUpper 1-A10.44, LL;15-CoolingTempUpper 1-A10.44, UL;16-CoolingFlowUpper 1-A10.32, SP;17-CoolingFlowUpper 1-A10.32, PV;18-CoolingFlowUpper 1-A10.32, LL;19-CoolingFlowUpper 1-A10.32, UL;20-CoolingFlowUpper 1-A10.34, SP;21-CoolingFlowUpper 1-A10.34, PV;22-CoolingFlowUpper 1-A10.34, LL;23-CoolingFlowUpper 1-A10.34, UL;24-CoolingFlowUpper 1-A10.42, SP;25-CoolingFlowUpper 1-A10.42, PV;26-CoolingFlowUpper 1-A10.42, LL;27-CoolingFlowUpper 1-A10.42, UL;28-CoolingFlowUpper 1-A10.44, SP;29-CoolingFlowUpper 1-A10.44, PV;30-CoolingFlowUpper 1-A10.44, LL;31-CoolingFlowUpper 1-A10.44, UL;32-CoolingTempLower 1-A10.12, SP;33-CoolingTempLower 1-A10.12, PV;34-CoolingTempLower 1-A10.12, LL;35-CoolingTempLower 1-A10.12, UL;36-CoolingTempLower 1-A10.14, SP;37-CoolingTempLower 1-A10.14, PV;38-CoolingTempLower 1-A10.14, LL;39-CoolingTempLower 1-A10.14, UL;40-CoolingTempLower 1-A10.22, SP;41-CoolingTempLower 1-A10.22, PV;42-CoolingTempLower 1-A10.22, LL;43-CoolingTempLower 1-A10.22, UL;44-CoolingTempLower 1-A10.24, SP;45-CoolingTempLower 1-A10.24, PV;46-CoolingTempLower 1-A10.24, LL;47-CoolingTempLower 1-A10.24, UL;48-CoolingFlowLower 1-A10.12, SP;49-CoolingFlowLower 1-A10.12, PV;50-CoolingFlowLower 1-A10.12, LL;51-CoolingFlowLower 1-A10.12, UL;52-CoolingFlowLower 1-A10.14, SP;53-CoolingFlowLower 1-A10.14, PV;54-CoolingFlowLower 1-A10.14, LL;55-CoolingFlowLower 1-A10.14, UL;56-CoolingFlowLower 1-A10.22, SP;57-CoolingFlowLower 1-A10.22, PV;58-CoolingFlowLower 1-A10.22, LL;59-CoolingFlowLower 1-A10.22, UL;60-CoolingFlowLower 1-A10.24, SP;61-CoolingFlowLower 1-A10.24, PV;62-CoolingFlowLower 1-A10.24, LL;63-CoolingFlowLower 1-A10.24, UL;64-CoolingPressureUpper 1-A10.33, SP;65-CoolingPressureUpper 1-A10.33, PV;66-CoolingPressureUpper 1-A10.33, LL;67-CoolingPressureUpper 1-A10.33, UL;68-CoolingPressureUpper 1-A10.35, SP;69-CoolingPressureUpper 1-A10.35, PV;70-CoolingPressureUpper 1-A10.35, LL;71-CoolingPressureUpper 1-A10.35, UL;72-CoolingPressureUpper 1-A10.43, SP;73-CoolingPressureUpper 1-A10.43, PV;74-CoolingPressureUpper 1-A10.43, LL;75-CoolingPressureUpper 1-A10.43, UL;76-CoolingPressureUpper 1-A10.45, SP;77-CoolingPressureUpper 1-A10.45, PV;78-CoolingPressureUpper 1-A10.45, LL;79-CoolingPressureUpper 1-A10.45, UL;80-CoolingPressureLower 1-A10.13, SP;81-CoolingPressureLower 1-A10.13, PV;82-CoolingPressureLower 1-A10.13, LL;83-CoolingPressureLower 1-A10.13, UL;84-CoolingPressureLower 1-A10.15, SP;85-CoolingPressureLower 1-A10.15, PV;86-CoolingPressureLower 1-A10.15, LL;87-CoolingPressureLower 1-A10.15, UL;88-CoolingPressureLower 1-A10.23, SP;89-CoolingPressureLower 1-A10.23, PV;90-CoolingPressureLower 1-A10.23, LL;91-CoolingPressureLower 1-A10.23, UL;92-CoolingPressureLower 1-A10.25, SP;93-CoolingPressureLower 1-A10.25, PV;94-CoolingPressureLower 1-A10.25, LL;95-CoolingPressureLower 1-A10.25, UL;96-CoolingTemp Status;97-CoolingFlowStatus;98-CoolingPressureStatus;99-Press force, SP;100-Press force, PV;101-Press force, LL;102-Press force, UL;103-Press force, Status;104-Dwell time, SP;105-Dwell time, PV;106-Dwell time, LL;107-Dwell time, UL;108-Dwell time, Status;109-Closing time, SP;110-Closing time, PV;111-Closing time, LL;112-Closing time, UL;113-Closing time, Status;114-TimeinAir MLF/TB -> Press, SP;115-TimeinAir MLF/TB -> Press, PVt;116-TimeinAir MLF/TB -> Press, LL;117-TimeinAir MLF/TB -> Press, UL;118-TimeinAir MLF/TB -> Press, Status;0-PYC Status;1-PYC Target, °C;2-PYC Act temp °C;3-PYC Upper Limit, °C;4-PYC  Active;5-CA Active;6-CA Cold Status;7-CA NumberOfDet;8-CA Target, °C;9-CA TempDet 1, °C;10-CA TempDet 2, °C;11-CA TempDet 3, °C;12-CA TempDet 4, °C;13-CA LimitScrap °C;Recipe MLF;Recipe IPM;Recipe Pr1
20260325_00:00:37;0;3;3;930;926.5;890;970;OK;930;930.2;890;970;OK;932.4;932;-20;-26.4;-50;-25;OK;-20;-20.6;-50;-25;NOK;-17.3;-18.4;0;-20;-26.3;-50;-25;OK;300;506;300;565;OK;0;0;N/A;N/A;N/A;N/A;N/A;N/A;N/A;N/A;N/A;N/A;N/A;N/A;N/A;N/A;N/A;N/A;N/A;N/A;N/A;N/A;N/A;N/A;N/A;N/A;N/A;N/A;N/A;N/A;N/A;N/A;N/A;N/A;N/A;N/A;N/A;N/A;N/A;N/A;N/A;N/A;N/A;N/A;N/A;N/A;N/A;N/A;N/A;N/A;N/A;N/A;N/A;N/A;N/A;N/A;N/A;N/A;N/A;N/A;N/A;N/A;N/A;N/A;N/A;N/A;N/A;N/A;N/A;N/A;N/A;N/A;N/A;N/A;N/A;N/A;N/A;N/A;N/A;N/A;N/A;N/A;N/A;N/A;N/A;N/A;N/A;N/A;N/A;N/A;N/A;N/A;N/A;N/A;N/A;N/A;N/A;N/A;N/A;N/A;;0;283.5;0;0;;Disabled;TempStop;3;740;293.5;149.1;251.3;0;599.9;549.9;Enabled;PosOk;3;0;0.8;0;0;0;15;Disabled;0;0;0;0;0;0;0;0;0;0;0;0;0;0;0;0;0;0;0;0;0;0;0;0;0;0;0;0;0;0;0;0;0;0;0;0;0;0;0;0;0;0;0;0;0;0;0;0;0;0;0;0;0;0;0;0;0;0;0;0;0;0;0;0;0;0;0;0;56;14;30;30;20;45;30;30;20;45;30;30;20;45;30;30;20;45;200;215;100;300;200;212;100;300;200;207;100;300;200;207;100;300;30;30;20;45;30;30;20;45;30;30;20;45;30;30;20;45;200;230;100;300;200;228;100;300;200;144;100;300;200;145;100;300;4;2;0.4;6;4;5;0.4;6;4;2;0.4;6;4;5;0.4;6;4;3;0.4;6;4;5;0.4;6;4;3;0.4;6;4;5;0.4;6;NOK;NOK;OK;8000;8072;7500;9000;OK;6.82;0;8;12;NOK;N/A;1.85;N/A;N/A;N/A;9;12.6;7;18;OK;;0;0;0;-;Disabled;TempOk;3;230;35.7;35.7;35.7;0;349.9;441354200 daimler 6900-7200;441354200 daimler 6900-7200;441354200 daimler 6900-7200
20260325_00:01:13;0;1;4;930;924.2;890;970;OK;930;930.7;890;970;OK;931.9;931.7;-20;-15.4;-50;-25;NOK;-20;-19.9;-50;-25;NOK;-18.7;-18.4;0;-20;-15.3;-50;-25;NOK;300;506;300;565;OK;0;0;N/A;N/A;N/A;N/A;N/A;N/A;N/A;N/A;N/A;N/A;N/A;N/A;N/A;N/A;N/A;N/A;N/A;N/A;N/A;N/A;N/A;N/A;N/A;N/A;N/A;N/A;N/A;N/A;N/A;N/A;N/A;N/A;N/A;N/A;N/A;N/A;N/A;N/A;N/A;N/A;N/A;N/A;N/A;N/A;N/A;N/A;N/A;N/A;N/A;N/A;N/A;N/A;N/A;N/A;N/A;N/A;N/A;N/A;N/A;N/A;N/A;N/A;N/A;N/A;N/A;N/A;N/A;N/A;N/A;N/A;N/A;N/A;N/A;N/A;N/A;N/A;N/A;N/A;N/A;N/A;N/A;N/A;N/A;N/A;N/A;N/A;N/A;N/A;N/A;N/A;N/A;N/A;N/A;N/A;N/A;N/A;N/A;N/A;;0;284.1;0;0;;Disabled;TempStop;3;740;294.5;152;252.9;0;599.9;549.9;Enabled;PosOk;3;0;0;0;0;0;15;Disabled;0;0;0;0;0;0;0;0;0;0;0;0;0;0;0;0;0;0;0;0;0;0;0;0;0;0;0;0;0;0;0;0;0;0;0;0;0;0;0;0;0;0;0;0;0;0;0;0;0;0;0;0;0;0;0;0;0;0;0;0;0;0;0;0;0;0;0;0;0;44;30;30;20;45;30;30;20;45;30;30;20;45;30;30;20;45;200;215;100;300;200;213;100;300;200;208;100;300;200;207;100;300;30;30;20;45;30;30;20;45;30;30;20;45;30;30;20;45;200;230;100;300;200;229;100;300;200;144;100;300;200;145;100;300;4;2;0.4;6;4;5;0.4;6;4;2;0.4;6;4;5;0.4;6;4;3;0.4;6;4;5;0.4;6;4;2;0.4;6;4;5;0.4;6;NOK;NOK;OK;8000;8074;7500;9000;OK;6.82;0;8;12;NOK;N/A;1.85;N/A;N/A;N/A;9;13.1;7;18;OK;;0;0;0;-;Disabled;TempOk;3;230;35.4;35.4;35.7;0;349.9;441354200 daimler 6900-7200;441354200 daimler 6900-7200;441354200 daimler 6900-7200
20260325_00:01:49;18204;3;4;930;926.9;890;970;OK;930;930.4;890;970;OK;932.4;932;-20;-22.9;-50;-25;NOK;-20;-23.3;-50;-25;NOK;-21.7;-21.8;0;-20;-22.4;-50;-25;NOK;300;508;300;565;OK;0;0;N/A;N/A;N/A;N/A;N/A;N/A;N/A;N/A;N/A;N/A;N/A;N/A;N/A;N/A;N/A;N/A;N/A;N/A;N/A;N/A;N/A;N/A;N/A;N/A;N/A;N/A;N/A;N/A;N/A;N/A;N/A;N/A;N/A;N/A;N/A;N/A;N/A;N/A;N/A;N/A;N/A;N/A;N/A;N/A;N/A;N/A;N/A;N/A;N/A;N/A;N/A;N/A;N/A;N/A;N/A;N/A;N/A;N/A;N/A;N/A;N/A;N/A;N/A;N/A;N/A;N/A;N/A;N/A;N/A;N/A;N/A;N/A;N/A;N/A;N/A;N/A;N/A;N/A;N/A;N/A;N/A;N/A;N/A;N/A;N/A;N/A;N/A;N/A;N/A;N/A;N/A;N/A;N/A;N/A;N/A;N/A;N/A;N/A;;0;282.1;0;0;;Disabled;TempStop;3;740;295.4;150.3;253.4;0;599.9;549.9;Enabled;PosOk;3;0;0;0;0;0;15;Disabled;0;0;0;0;0;0;0;0;0;0;0;0;0;0;0;0;0;0;0;0;0;0;0;0;0;0;0;0;0;0;0;0;0;0;0;0;0;0;0;0;0;0;0;0;0;0;0;0;0;0;0;0;0;0;0;0;0;0;0;0;0;0;0;0;0;0;0;0;0;0;30;30;20;45;30;30;20;45;30;30;20;45;30;30;20;45;200;215;100;300;200;213;100;300;200;207;100;300;200;208;100;300;30;30;20;45;30;30;20;45;30;31;20;45;30;30;20;45;200;231;100;300;200;229;100;300;200;144;100;300;200;145;100;300;4;2;0.4;6;4;5;0.4;6;4;2;0.4;6;4;5;0.4;6;4;3;0.4;6;4;5;0.4;6;4;3;0.4;6;4;5;0.4;6;NOK;NOK;OK;8000;8075;7500;9000;OK;6.82;0;8;12;NOK;N/A;1.85;N/A;N/A;N/A;9;13.4;7;18;OK;;0;0;0;-;Disabled;TempOk;3;230;35.9;35.9;36.4;0;349.9;441354200 daimler 6900-7200;441354200 daimler 6900-7200;441354200 daimler 6900-7200
20260325_00:06:00;0;3;3;930;918.2;890;970;OK;930;931.5;890;970;OK;932.7;932;-20;-20.8;-50;-25;NOK;-20;-17.3;-50;-25;NOK;-17.4;-17.7;0;-20;-20.8;-50;-25;NOK;300;311;300;565;OK;0;0;N/A;N/A;N/A;N/A;N/A;N/A;N/A;N/A;N/A;N/A;N/A;N/A;N/A;N/A;N/A;N/A;N/A;N/A;N/A;N/A;N/A;N/A;N/A;N/A;N/A;N/A;N/A;N/A;N/A;N/A;N/A;N/A;N/A;N/A;N/A;N/A;N/A;N/A;N/A;N/A;N/A;N/A;N/A;N/A;N/A;N/A;N/A;N/A;N/A;N/A;N/A;N/A;N/A;N/A;N/A;N/A;N/A;N/A;N/A;N/A;N/A;N/A;N/A;N/A;N/A;N/A;N/A;N/A;N/A;N/A;N/A;N/A;N/A;N/A;N/A;N/A;N/A;N/A;N/A;N/A;N/A;N/A;N/A;N/A;N/A;N/A;N/A;N/A;N/A;N/A;N/A;N/A;N/A;N/A;N/A;N/A;N/A;N/A;;0;283.9;0;0;;Disabled;TempStop;3;740;292.7;149.7;250.7;0;599.9;549.9;Enabled;PosOk;3;0;0.7;0;0;0;15;Disabled;0;0;0;0;0;0;0;0;0;0;0;0;0;0;0;0;0;0;0;0;0;0;0;0;0;0;0;0;0;0;0;0;0;0;0;0;0;0;0;0;0;0;0;0;0;0;0;0;0;0;0;0;0;0;0;0;0;0;0;0;0;0;0;0;0;0;0;0;0;0;30;29;20;45;30;29;20;45;30;29;20;45;30;29;20;45;200;215;100;300;200;213;100;300;200;207;100;300;200;207;100;300;30;29;20;45;30;29;20;45;30;29;20;45;30;29;20;45;200;230;100;300;200;228;100;300;200;144;100;300;200;145;100;300;4;2;0.4;6;4;5;0.4;6;4;2;0.4;6;4;5;0.4;6;4;3;0.4;6;4;5;0.4;6;4;2;0.4;6;4;5;0.4;6;NOK;NOK;OK;8000;8074;7500;9000;OK;6.81;0;8;12;NOK;N/A;1.85;N/A;N/A;N/A;9;12.9;7;18;OK;;0;0;0;-;Disabled;TempOk;3;230;35.7;35.9;35.9;0;349.9;441354200 daimler 6900-7200;441354200 daimler 6900-7200;441354200 daimler 6900-7200
20260325_00:06:36;18206;1;4;930;918;890;970;OK;930;931.7;890;970;OK;932.6;932;-20;-20.1;-50;-25;NOK;-20;-14.7;-50;-25;NOK;-17.5;-15.5;0;-20;-20.2;-50;-25;NOK;300;311;300;565;OK;0;0;N/A;N/A;N/A;N/A;N/A;N/A;N/A;N/A;N/A;N/A;N/A;N/A;N/A;N/A;N/A;N/A;N/A;N/A;N/A;N/A;N/A;N/A;N/A;N/A;N/A;N/A;N/A;N/A;N/A;N/A;N/A;N/A;N/A;N/A;N/A;N/A;N/A;N/A;N/A;N/A;N/A;N/A;N/A;N/A;N/A;N/A;N/A;N/A;N/A;N/A;N/A;N/A;N/A;N/A;N/A;N/A;N/A;N/A;N/A;N/A;N/A;N/A;N/A;N/A;N/A;N/A;N/A;N/A;N/A;N/A;N/A;N/A;N/A;N/A;N/A;N/A;N/A;N/A;N/A;N/A;N/A;N/A;N/A;N/A;N/A;N/A;N/A;N/A;N/A;N/A;N/A;N/A;N/A;N/A;N/A;N/A;N/A;N/A;;0;284;0;0;;Disabled;TempStop;3;740;293.3;148.1;248.5;0;599.9;549.9;Enabled;PosOk;3;0;0;0;0;0;15;Disabled;0;0;0;0;0;0;0;0;0;0;0;0;0;0;0;0;0;0;0;0;0;0;0;0;0;0;0;0;0;0;0;0;0;0;0;0;0;0;0;0;0;0;0;0;0;0;0;0;0;0;0;0;0;0;0;0;0;0;0;0;0;0;0;0;0;0;0;0;6;8;30;30;20;45;30;30;20;45;30;30;20;45;30;30;20;45;200;215;100;300;200;213;100;300;200;207;100;300;200;207;100;300;30;30;20;45;30;30;20;45;30;30;20;45;30;30;20;45;200;230;100;300;200;228;100;300;200;144;100;300;200;144;100;300;4;2;0.4;6;4;5;0.4;6;4;2;0.4;6;4;5;0.4;6;4;3;0.4;6;4;5;0.4;6;4;2;0.4;6;4;5;0.4;6;NOK;NOK;OK;8000;7979;7500;9000;OK;6.82;0;8;12;NOK;N/A;1.85;N/A;N/A;N/A;9;12.7;7;18;OK;;0;0;0;-;Disabled;TempOk;3;230;36.4;36.2;35.9;0;349.9;441354200 daimler 6900-7200;441354200 daimler 6900-7200;441354200 daimler 6900-7200
20260325_00:07:12;0;3;4;930;917.7;890;970;OK;930;931.3;890;970;OK;932.2;931.7;-20;-21.6;-50;-25;NOK;-20;-18.4;-50;-25;NOK;-19.5;-19.8;0;-20;-21.2;-50;-25;NOK;300;311;300;565;OK;0;0;N/A;N/A;N/A;N/A;N/A;N/A;N/A;N/A;N/A;N/A;N/A;N/A;N/A;N/A;N/A;N/A;N/A;N/A;N/A;N/A;N/A;N/A;N/A;N/A;N/A;N/A;N/A;N/A;N/A;N/A;N/A;N/A;N/A;N/A;N/A;N/A;N/A;N/A;N/A;N/A;N/A;N/A;N/A;N/A;N/A;N/A;N/A;N/A;N/A;N/A;N/A;N/A;N/A;N/A;N/A;N/A;N/A;N/A;N/A;N/A;N/A;N/A;N/A;N/A;N/A;N/A;N/A;N/A;N/A;N/A;N/A;N/A;N/A;N/A;N/A;N/A;N/A;N/A;N/A;N/A;N/A;N/A;N/A;N/A;N/A;N/A;N/A;N/A;N/A;N/A;N/A;N/A;N/A;N/A;N/A;N/A;N/A;N/A;;0;282.9;0;0;;Disabled;TempStop;3;740;295.3;151.4;254.2;0;599.9;549.9;Enabled;PosOk;3;0;0;0;0;0;15;Disabled;0;0;0;0;0;0;0;0;0;0;0;0;0;0;0;0;0;0;0;0;0;0;0;0;0;0;0;0;0;0;0;0;0;0;0;0;0;0;0;0;0;0;0;0;0;0;0;0;0;0;0;0;0;0;0;0;0;0;0;0;0;0;0;0;0;0;0;0;0;0;30;30;20;45;30;30;20;45;30;30;20;45;30;30;20;45;200;215;100;300;200;212;100;300;200;207;100;300;200;207;100;300;30;30;20;45;30;30;20;45;30;30;20;45;30;30;20;45;200;230;100;300;200;229;100;300;200;144;100;300;200;145;100;300;4;3;0.4;6;4;5;0.4;6;4;2;0.4;6;4;5;0.4;6;4;3;0.4;6;4;5;0.4;6;4;2;0.4;6;4;5;0.4;6;NOK;NOK;OK;8000;8055;7500;9000;OK;6.81;0;8;12;NOK;N/A;1.85;N/A;N/A;N/A;9;12.7;7;18;OK;;0;0;0;-;Disabled;TempOk;3;230;36.2;35.9;35.2;0;349.9;441354200 daimler 6900-7200;441354200 daimler 6900-7200;441354200 daimler 6900-7200
20260325_00:07:48;0;1;1;930;927.5;890;970;OK;930;931.4;890;970;OK;932.4;931.9;-20;-18.9;-50;-25;NOK;-20;-18.1;-50;-25;NOK;-18;-17.9;0;-20;-18.9;-50;-25;NOK;300;331;300;565;OK;0;0;N/A;N/A;N/A;N/A;N/A;N/A;N/A;N/A;N/A;N/A;N/A;N/A;N/A;N/A;N/A;N/A;N/A;N/A;N/A;N/A;N/A;N/A;N/A;N/A;N/A;N/A;N/A;N/A;N/A;N/A;N/A;N/A;N/A;N/A;N/A;N/A;N/A;N/A;N/A;N/A;N/A;N/A;N/A;N/A;N/A;N/A;N/A;N/A;N/A;N/A;N/A;N/A;N/A;N/A;N/A;N/A;N/A;N/A;N/A;N/A;N/A;N/A;N/A;N/A;N/A;N/A;N/A;N/A;N/A;N/A;N/A;N/A;N/A;N/A;N/A;N/A;N/A;N/A;N/A;N/A;N/A;N/A;N/A;N/A;N/A;N/A;N/A;N/A;N/A;N/A;N/A;N/A;N/A;N/A;N/A;N/A;N/A;N/A;;0;286.6;0;0;;Disabled;TempStop;3;740;297.3;154.5;253.5;0;599.9;549.9;Enabled;PosOk;3;0;0;0;0;0;15;Disabled;0;0;0;0;0;0;0;0;0;0;0;0;0;0;0;0;0;0;0;0;0;0;0;0;0;0;0;0;0;0;0;0;0;0;0;0;0;0;0;0;0;0;0;0;0;0;0;0;0;0;0;0;0;0;0;0;0;0;0;0;0;0;0;0;0;0;0;0;0;0;30;30;20;45;30;30;20;45;30;30;20;45;30;30;20;45;200;216;100;300;200;213;100;300;200;208;100;300;200;208;100;300;30;30;20;45;30;30;20;45;30;31;20;45;30;30;20;45;200;231;100;300;200;229;100;300;200;144;100;300;200;145;100;300;4;2;0.4;6;4;5;0.4;6;4;2;0.4;6;4;5;0.4;6;4;3;0.4;6;4;5;0.4;6;4;2;0.4;6;4;5;0.4;6;NOK;NOK;OK;8000;8070;7500;9000;OK;6.82;0;8;12;NOK;N/A;1.85;N/A;N/A;N/A;9;12.7;7;18;OK;;0;0;0;-;Disabled;TempOk;3;230;36.7;36.9;36.2;0;349.9;441354200 daimler 6900-7200;441354200 daimler 6900-7200;441354200 daimler 6900-7200
20260325_00:08:24;0;3;1;930;927.3;890;970;OK;930;931.3;890;970;OK;933.4;932.8;-20;-22.9;-50;-25;NOK;-20;-19.3;-50;-25;NOK;-16.6;-17.6;0;-20;-22.9;-50;-25;NOK;300;333;300;565;OK;0;0;N/A;N/A;N/A;N/A;N/A;N/A;N/A;N/A;N/A;N/A;N/A;N/A;N/A;N/A;N/A;N/A;N/A;N/A;N/A;N/A;N/A;N/A;N/A;N/A;N/A;N/A;N/A;N/A;N/A;N/A;N/A;N/A;N/A;N/A;N/A;N/A;N/A;N/A;N/A;N/A;N/A;N/A;N/A;N/A;N/A;N/A;N/A;N/A;N/A;N/A;N/A;N/A;N/A;N/A;N/A;N/A;N/A;N/A;N/A;N/A;N/A;N/A;N/A;N/A;N/A;N/A;N/A;N/A;N/A;N/A;N/A;N/A;N/A;N/A;N/A;N/A;N/A;N/A;N/A;N/A;N/A;N/A;N/A;N/A;N/A;N/A;N/A;N/A;N/A;N/A;N/A;N/A;N/A;N/A;N/A;N/A;N/A;N/A;;0;282.9;0;0;;Disabled;TempStop;3;740;292.4;148.4;250.6;0;599.9;549.9;Enabled;PosOk;3;0;0;0;0;0;15;Disabled;0;0;0;0;0;0;0;0;0;0;0;0;0;0;0;0;0;0;0;0;0;0;0;0;0;0;0;0;0;0;0;0;0;0;0;0;0;0;0;0;0;0;0;0;0;0;0;0;0;0;0;0;0;0;0;0;0;0;0;0;0;0;0;0;0;0;0;0;0;0;30;30;20;45;30;30;20;45;30;30;20;45;30;30;20;45;200;215;100;300;200;213;100;300;200;207;100;300;200;207;100;300;30;30;20;45;30;30;20;45;30;31;20;45;30;30;20;45;200;231;100;300;200;229;100;300;200;144;100;300;200;144;100;300;4;3;0.4;6;4;5;0.4;6;4;2;0.4;6;4;5;0.4;6;4;3;0.4;6;4;5;0.4;6;4;3;0.4;6;4;5;0.4;6;NOK;NOK;OK;8000;8075;7500;9000;OK;6.82;0;8;12;NOK;N/A;1.85;N/A;N/A;N/A;9;13.1;7;18;OK;;0;0;0;-;Disabled;TempOk;3;230;35.9;35.9;36.7;0;349.9;441354200 daimler 6900-7200;441354200 daimler 6900-7200;441354200 daimler 6900-7200
20260325_00:09:00;0;1;2;930;927.3;890;970;OK;930;931.1;890;970;OK;932.4;931.7;-20;-17.5;-50;-25;NOK;-20;-16.8;-50;-25;NOK;-18.1;-18.4;0;-20;-17.4;-50;-25;NOK;300;334;300;565;OK;0;0;N/A;N/A;N/A;N/A;N/A;N/A;N/A;N/A;N/A;N/A;N/A;N/A;N/A;N/A;N/A;N/A;N/A;N/A;N/A;N/A;N/A;N/A;N/A;N/A;N/A;N/A;N/A;N/A;N/A;N/A;N/A;N/A;N/A;N/A;N/A;N/A;N/A;N/A;N/A;N/A;N/A;N/A;N/A;N/A;N/A;N/A;N/A;N/A;N/A;N/A;N/A;N/A;N/A;N/A;N/A;N/A;N/A;N/A;N/A;N/A;N/A;N/A;N/A;N/A;N/A;N/A;N/A;N/A;N/A;N/A;N/A;N/A;N/A;N/A;N/A;N/A;N/A;N/A;N/A;N/A;N/A;N/A;N/A;N/A;N/A;N/A;N/A;N/A;N/A;N/A;N/A;N/A;N/A;N/A;N/A;N/A;N/A;N/A;;0;283.6;0;0;;Disabled;TempStop;3;740;293.9;152.3;251.9;0;599.9;549.9;Enabled;PosOk;3;0;0.7;0;0;0;15;Disabled;0;0;0;0;0;0;0;0;0;0;0;0;0;0;0;0;0;0;0;0;0;0;0;0;0;0;0;0;0;0;0;0;0;0;0;0;0;0;0;0;0;0;0;0;0;0;0;0;0;0;0;0;0;0;0;0;0;0;0;0;0;0;0;0;0;0;0;0;0;0;30;30;20;45;30;30;20;45;30;30;20;45;30;30;20;45;200;215;100;300;200;213;100;300;200;207;100;300;200;207;100;300;30;30;20;45;30;30;20;45;30;31;20;45;30;30;20;45;200;230;100;300;200;229;100;300;200;144;100;300;200;145;100;300;4;3;0.4;6;4;5;0.4;6;4;2;0.4;6;4;5;0.4;6;4;3;0.4;6;4;5;0.4;6;4;2;0.4;6;4;5;0.4;6;NOK;NOK;OK;8000;8051;7500;9000;OK;6.81;0;8;12;NOK;N/A;1.85;N/A;N/A;N/A;9;13.2;7;18;OK;;0;0;0;-;Disabled;TempOk;3;230;36.2;36.2;35.9;0;349.9;441354200 daimler 6900-7200;441354200 daimler 6900-7200;441354200 daimler 6900-7200
20260325_00:09:36;0;3;2;930;926.9;890;970;OK;930;931.3;890;970;OK;932.7;932.3;-20;-22.7;-50;-25;NOK;-20;-19.8;-50;-25;NOK;-17.9;-19;0;-20;-22.5;-50;-25;NOK;300;336;300;565;OK;0;0;N/A;N/A;N/A;N/A;N/A;N/A;N/A;N/A;N/A;N/A;N/A;N/A;N/A;N/A;N/A;N/A;N/A;N/A;N/A;N/A;N/A;N/A;N/A;N/A;N/A;N/A;N/A;N/A;N/A;N/A;N/A;N/A;N/A;N/A;N/A;N/A;N/A;N/A;N/A;N/A;N/A;N/A;N/A;N/A;N/A;N/A;N/A;N/A;N/A;N/A;N/A;N/A;N/A;N/A;N/A;N/A;N/A;N/A;N/A;N/A;N/A;N/A;N/A;N/A;N/A;N/A;N/A;N/A;N/A;N/A;N/A;N/A;N/A;N/A;N/A;N/A;N/A;N/A;N/A;N/A;N/A;N/A;N/A;N/A;N/A;N/A;N/A;N/A;N/A;N/A;N/A;N/A;N/A;N/A;N/A;N/A;N/A;N/A;;0;284;0;0;;Disabled;TempStop;3;740;292.9;145.5;250.7;0;599.9;549.9;Enabled;PosOk;3;0;0;0;0;0;15;Disabled;0;0;0;0;0;0;0;0;0;0;0;0;0;0;0;0;0;0;0;0;0;0;0;0;0;0;0;0;0;0;0;0;0;0;0;0;0;0;0;0;0;0;0;0;0;0;0;0;0;0;0;0;0;0;0;0;0;0;0;0;0;0;0;0;0;0;0;0;0;0;30;30;20;45;30;30;20;45;30;31;20;45;30;30;20;45;200;215;100;300;200;213;100;300;200;208;100;300;200;208;100;300;30;30;20;45;30;30;20;45;30;31;20;45;30;30;20;45;200;231;100;300;200;230;100;300;200;144;100;300;200;145;100;300;4;2;0.4;6;4;5;0.4;6;4;2;0.4;6;4;5;0.4;6;4;3;0.4;6;4;5;0.4;6;4;2;0.4;6;4;5;0.4;6;NOK;NOK;OK;8000;8074;7500;9000;OK;6.82;0;8;12;NOK;N/A;1.85;N/A;N/A;N/A;9;13.3;7;18;OK;;0;0;0;-;Disabled;TempOk;3;230;36.2;36.2;35.9;0;349.9;441354200 daimler 6900-7200;441354200 daimler 6900-7200;441354200 daimler 6900-7200
20260325_00:10:12;0;1;3;930;926.3;890;970;OK;930;930.8;890;970;OK;932.4;933.7;-20;-16.4;-50;-25;NOK;-20;-16.1;-50;-25;NOK;-20.1;-19.4;0;-20;-16.3;-50;-25;NOK;300;336;300;565;OK;0;0;N/A;N/A;N/A;N/A;N/A;N/A;N/A;N/A;N/A;N/A;N/A;N/A;N/A;N/A;N/A;N/A;N/A;N/A;N/A;N/A;N/A;N/A;N/A;N/A;N/A;N/A;N/A;N/A;N/A;N/A;N/A;N/A;N/A;N/A;N/A;N/A;N/A;N/A;N/A;N/A;N/A;N/A;N/A;N/A;N/A;N/A;N/A;N/A;N/A;N/A;N/A;N/A;N/A;N/A;N/A;N/A;N/A;N/A;N/A;N/A;N/A;N/A;N/A;N/A;N/A;N/A;N/A;N/A;N/A;N/A;N/A;N/A;N/A;N/A;N/A;N/A;N/A;N/A;N/A;N/A;N/A;N/A;N/A;N/A;N/A;N/A;N/A;N/A;N/A;N/A;N/A;N/A;N/A;N/A;N/A;N/A;N/A;N/A;;0;283.4;0;0;;Disabled;TempStop;3;740;295.2;153.7;253.8;0;599.9;549.9;Enabled;PosOk;3;0;1;0;0;0;15;Disabled;0;0;0;0;0;0;0;0;0;0;0;0;0;0;0;0;0;0;0;0;0;0;0;0;0;0;0;0;0;0;0;0;0;0;0;0;0;0;0;0;0;0;0;0;0;0;0;0;0;0;0;0;0;0;0;0;0;0;0;0;0;0;0;0;0;0;0;0;9;43;30;30;20;45;30;30;20;45;30;31;20;45;30;30;20;45;200;215;100;300;200;213;100;300;200;208;100;300;200;207;100;300;30;30;20;45;30;30;20;45;30;31;20;45;30;30;20;45;200;231;100;300;200;229;100;300;200;144;100;300;200;145;100;300;4;3;0.4;6;4;5;0.4;6;4;2;0.4;6;4;5;0.4;6;4;3;0.4;6;4;5;0.4;6;4;2;0.4;6;4;5;0.4;6;NOK;NOK;OK;8000;8077;7500;9000;OK;6.82;0;8;12;NOK;N/A;1.85;N/A;N/A;N/A;9;13.5;7;18;OK;;0;0;0;-;Disabled;TempOk;3;230;36.2;35.9;36.4;0;349.9;441354200 daimler 6900-7200;441354200 daimler 6900-7200;441354200 daimler 6900-7200
20260325_00:10:48;0;3;5;930;927.9;890;970;OK;930;930.8;890;970;OK;931.8;931.4;-20;-20.8;-50;-25;NOK;-20;-19.3;-50;-25;NOK;-16.3;-16.8;0;-20;-20.9;-50;-25;NOK;300;338;300;565;OK;0;0;N/A;N/A;N/A;N/A;N/A;N/A;N/A;N/A;N/A;N/A;N/A;N/A;N/A;N/A;N/A;N/A;N/A;N/A;N/A;N/A;N/A;N/A;N/A;N/A;N/A;N/A;N/A;N/A;N/A;N/A;N/A;N/A;N/A;N/A;N/A;N/A;N/A;N/A;N/A;N/A;N/A;N/A;N/A;N/A;N/A;N/A;N/A;N/A;N/A;N/A;N/A;N/A;N/A;N/A;N/A;N/A;N/A;N/A;N/A;N/A;N/A;N/A;N/A;N/A;N/A;N/A;N/A;N/A;N/A;N/A;N/A;N/A;N/A;N/A;N/A;N/A;N/A;N/A;N/A;N/A;N/A;N/A;N/A;N/A;N/A;N/A;N/A;N/A;N/A;N/A;N/A;N/A;N/A;N/A;N/A;N/A;N/A;N/A;;0;281.6;0;0;;Disabled;TempStop;3;740;290.6;150.2;249.3;0;599.9;549.9;Enabled;PosOk;3;0;0.3;0;0;0;15;Disabled;0;0;0;0;0;0;0;0;0;0;0;0;0;0;0;0;0;0;0;0;0;0;0;0;0;0;0;0;0;0;0;0;0;0;0;0;0;0;0;0;0;0;0;0;0;0;0;0;0;0;0;0;0;0;0;0;0;0;0;0;0;0;0;0;0;0;0;0;0;0;30;30;20;45;30;30;20;45;30;31;20;45;30;30;20;45;200;215;100;300;200;213;100;300;200;209;100;300;200;208;100;300;30;30;20;45;30;30;20;45;30;31;20;45;30;30;20;45;200;231;100;300;200;229;100;300;200;144;100;300;200;144;100;300;4;2;0.4;6;4;5;0.4;6;4;2;0.4;6;4;5;0.4;6;4;3;0.4;6;4;5;0.4;6;4;2;0.4;6;4;5;0.4;6;NOK;NOK;OK;8000;7919;7500;9000;OK;6.81;0;8;12;NOK;N/A;1.85;N/A;N/A;N/A;9;13;7;18;OK;;0;0;0;-;Disabled;TempOk;3;230;36.2;36.4;36.2;0;349.9;441354200 daimler 6900-7200;441354200 daimler 6900-7200;441354200 daimler 6900-7200
20260325_00:11:24;0;3;3;930;918.8;890;970;OK;930;931.5;890;970;OK;932.5;931.9;-20;-17.2;-50;-25;NOK;-20;-16.6;-50;-25;NOK;-16.1;-16.9;0;-20;-17.2;-50;-25;NOK;300;311;300;565;OK;0;0;N/A;N/A;N/A;N/A;N/A;N/A;N/A;N/A;N/A;N/A;N/A;N/A;N/A;N/A;N/A;N/A;N/A;N/A;N/A;N/A;N/A;N/A;N/A;N/A;N/A;N/A;N/A;N/A;N/A;N/A;N/A;N/A;N/A;N/A;N/A;N/A;N/A;N/A;N/A;N/A;N/A;N/A;N/A;N/A;N/A;N/A;N/A;N/A;N/A;N/A;N/A;N/A;N/A;N/A;N/A;N/A;N/A;N/A;N/A;N/A;N/A;N/A;N/A;N/A;N/A;N/A;N/A;N/A;N/A;N/A;N/A;N/A;N/A;N/A;N/A;N/A;N/A;N/A;N/A;N/A;N/A;N/A;N/A;N/A;N/A;N/A;N/A;N/A;N/A;N/A;N/A;N/A;N/A;N/A;N/A;N/A;N/A;N/A;;0;284.5;0;0;;Disabled;TempStop;3;740;293.9;151.5;252.3;0;599.9;549.9;Enabled;PosOk;3;0;0.7;0;0;0;15;Disabled;0;0;0;0;0;0;0;0;0;0;0;0;0;0;0;0;0;0;0;0;0;0;0;0;0;0;0;0;0;0;0;0;0;0;0;0;0;0;0;0;0;0;0;0;0;0;0;0;0;0;0;0;0;0;0;0;0;0;0;0;0;0;0;0;0;0;0;0;0;0;30;30;20;45;30;30;20;45;30;31;20;45;30;30;20;45;200;215;100;300;200;213;100;300;200;207;100;300;200;208;100;300;30;30;20;45;30;30;20;45;30;31;20;45;30;30;20;45;200;231;100;300;200;229;100;300;200;144;100;300;200;145;100;300;4;2;0.4;6;4;5;0.4;6;4;2;0.4;6;4;5;0.4;6;4;3;0.4;6;4;5;0.4;6;4;2;0.4;6;4;5;0.4;6;NOK;NOK;OK;8000;8066;7500;9000;OK;6.82;0;8;12;NOK;N/A;1.85;N/A;N/A;N/A;9;12.9;7;18;OK;;0;0;0;-;Disabled;TempOk;3;230;36.2;36.2;36.4;0;349.9;441354200 daimler 6900-7200;441354200 daimler 6900-7200;441354200 daimler 6900-7200
20260325_00:12:00;0;1;4;930;917.4;890;970;OK;930;931.4;890;970;OK;932;931.6;-20;-14.9;-50;-25;NOK;-20;-13.5;-50;-25;NOK;-16.8;-15.1;0;-20;-14.9;-50;-25;NOK;300;311;300;565;OK;0;0;N/A;N/A;N/A;N/A;N/A;N/A;N/A;N/A;N/A;N/A;N/A;N/A;N/A;N/A;N/A;N/A;N/A;N/A;N/A;N/A;N/A;N/A;N/A;N/A;N/A;N/A;N/A;N/A;N/A;N/A;N/A;N/A;N/A;N/A;N/A;N/A;N/A;N/A;N/A;N/A;N/A;N/A;N/A;N/A;N/A;N/A;N/A;N/A;N/A;N/A;N/A;N/A;N/A;N/A;N/A;N/A;N/A;N/A;N/A;N/A;N/A;N/A;N/A;N/A;N/A;N/A;N/A;N/A;N/A;N/A;N/A;N/A;N/A;N/A;N/A;N/A;N/A;N/A;N/A;N/A;N/A;N/A;N/A;N/A;N/A;N/A;N/A;N/A;N/A;N/A;N/A;N/A;N/A;N/A;N/A;N/A;N/A;N/A;;0;284.1;0;0;;Disabled;TempStop;3;740;293.7;149.1;250.5;0;599.9;549.9;Enabled;PosOk;3;0;0;0;0;0;15;Disabled;0;0;0;0;0;0;0;0;0;0;0;0;0;0;0;0;0;0;0;0;0;0;0;0;0;0;0;0;0;0;0;0;0;0;0;0;0;0;0;0;0;0;0;0;0;0;0;0;0;0;0;0;0;0;0;0;0;0;0;0;0;0;0;0;0;0;0;0;11;31;30;30;20;45;30;30;20;45;30;31;20;45;30;30;20;45;200;215;100;300;200;213;100;300;200;208;100;300;200;208;100;300;30;30;20;45;30;30;20;45;30;31;20;45;30;30;20;45;200;230;100;300;200;230;100;300;200;144;100;300;200;145;100;300;4;2;0.4;6;4;5;0.4;6;4;2;0.4;6;4;5;0.4;6;4;3;0.4;6;4;5;0.4;6;4;2;0.4;6;4;5;0.4;6;NOK;NOK;OK;8000;8053;7500;9000;OK;6.81;0;8;12;NOK;N/A;1.85;N/A;N/A;N/A;9;12.7;7;18;OK;;0;0;0;-;Disabled;TempOk;3;230;36.4;36.2;36.4;0;349.9;441354200 daimler 6900-7200;441354200 daimler 6900-7200;441354200 daimler 6900-7200
20260325_00:12:36;0;3;4;930;919.3;890;970;OK;930;931.4;890;970;OK;932.2;932;-20;-17.2;-50;-25;NOK;-20;-16.6;-50;-25;NOK;-18.8;-18.6;0;-20;-17;-50;-25;NOK;300;311;300;565;OK;0;0;N/A;N/A;N/A;N/A;N/A;N/A;N/A;N/A;N/A;N/A;N/A;N/A;N/A;N/A;N/A;N/A;N/A;N/A;N/A;N/A;N/A;N/A;N/A;N/A;N/A;N/A;N/A;N/A;N/A;N/A;N/A;N/A;N/A;N/A;N/A;N/A;N/A;N/A;N/A;N/A;N/A;N/A;N/A;N/A;N/A;N/A;N/A;N/A;N/A;N/A;N/A;N/A;N/A;N/A;N/A;N/A;N/A;N/A;N/A;N/A;N/A;N/A;N/A;N/A;N/A;N/A;N/A;N/A;N/A;N/A;N/A;N/A;N/A;N/A;N/A;N/A;N/A;N/A;N/A;N/A;N/A;N/A;N/A;N/A;N/A;N/A;N/A;N/A;N/A;N/A;N/A;N/A;N/A;N/A;N/A;N/A;N/A;N/A;;0;281.7;0;0;;Disabled;TempStop;3;740;293.9;147.6;251.8;0;599.9;549.9;Enabled;PosOk;3;0;0;0;0;0;15;Disabled;0;0;0;0;0;0;0;0;0;0;0;0;0;0;0;0;0;0;0;0;0;0;0;0;0;0;0;0;0;0;0;0;0;0;0;0;0;0;0;0;0;0;0;0;0;0;0;0;0;0;0;0;0;0;0;0;0;0;0;0;0;0;0;0;0;0;0;0;0;0;30;30;20;45;30;30;20;45;30;30;20;45;30;30;20;45;200;216;100;300;200;212;100;300;200;208;100;300;200;208;100;300;30;30;20;45;30;30;20;45;30;31;20;45;30;30;20;45;200;230;100;300;200;229;100;300;200;144;100;300;200;145;100;300;4;2;0.4;6;4;5;0.4;6;4;2;0.4;6;4;5;0.4;6;4;3;0.4;6;4;5;0.4;6;4;2;0.4;6;4;5;0.4;6;NOK;NOK;OK;8000;8066;7500;9000;OK;6.81;0;8;12;NOK;N/A;1.85;N/A;N/A;N/A;9;12.6;7;18;OK;;0;0;0;-;Disabled;TempOk;3;230;36.2;36.2;36.4;0;349.9;441354200 daimler 6900-7200;441354200 daimler 6900-7200;441354200 daimler 6900-7200
20260325_00:13:12;0;1;1;930;919.2;890;970;OK;930;931.5;890;970;OK;932.6;931.9;-20;-18.2;-50;-25;NOK;-20;-17.6;-50;-25;NOK;-17.3;-17.4;0;-20;-18.2;-50;-25;NOK;300;311;300;565;OK;0;0;N/A;N/A;N/A;N/A;N/A;N/A;N/A;N/A;N/A;N/A;N/A;N/A;N/A;N/A;N/A;N/A;N/A;N/A;N/A;N/A;N/A;N/A;N/A;N/A;N/A;N/A;N/A;N/A;N/A;N/A;N/A;N/A;N/A;N/A;N/A;N/A;N/A;N/A;N/A;N/A;N/A;N/A;N/A;N/A;N/A;N/A;N/A;N/A;N/A;N/A;N/A;N/A;N/A;N/A;N/A;N/A;N/A;N/A;N/A;N/A;N/A;N/A;N/A;N/A;N/A;N/A;N/A;N/A;N/A;N/A;N/A;N/A;N/A;N/A;N/A;N/A;N/A;N/A;N/A;N/A;N/A;N/A;N/A;N/A;N/A;N/A;N/A;N/A;N/A;N/A;N/A;N/A;N/A;N/A;N/A;N/A;N/A;N/A;;0;287.3;0;0;;Disabled;TempStop;3;740;297.9;156.2;254.8;0;599.9;549.9;Enabled;PosOk;3;0;0;0;0;0;15;Disabled;0;0;0;0;0;0;0;0;0;0;0;0;0;0;0;0;0;0;0;0;0;0;0;0;0;0;0;0;0;0;0;0;0;0;0;0;0;0;0;0;0;0;0;0;0;0;0;0;0;0;0;0;0;0;0;0;0;0;0;0;0;0;0;0;0;0;0;0;0;0;30;30;20;45;30;30;20;45;30;30;20;45;30;30;20;45;200;214;100;300;200;212;100;300;200;207;100;300;200;207;100;300;30;30;20;45;30;30;20;45;30;31;20;45;30;30;20;45;200;230;100;300;200;229;100;300;200;144;100;300;200;144;100;300;4;2;0.4;6;4;5;0.4;6;4;3;0.4;6;4;5;0.4;6;4;3;0.4;6;4;5;0.4;6;4;3;0.4;6;4;5;0.4;6;NOK;NOK;OK;8000;8073;7500;9000;OK;6.82;0;8;12;NOK;N/A;1.86;N/A;N/A;N/A;9;13.2;7;18;OK;;0;0;0;-;Disabled;TempOk;3;230;36.7;36.7;37.2;0;349.9;441354200 daimler 6900-7200;441354200 daimler 6900-7200;441354200 daimler 6900-7200
20260325_00:13:47;0;3;1;930;918.8;890;970;OK;930;931.8;890;970;OK;933.8;933;-20;-19.6;-50;-25;NOK;-20;-17.3;-50;-25;NOK;-14.9;-16;0;-20;-19.7;-50;-25;NOK;300;311;300;565;OK;0;0;N/A;N/A;N/A;N/A;N/A;N/A;N/A;N/A;N/A;N/A;N/A;N/A;N/A;N/A;N/A;N/A;N/A;N/A;N/A;N/A;N/A;N/A;N/A;N/A;N/A;N/A;N/A;N/A;N/A;N/A;N/A;N/A;N/A;N/A;N/A;N/A;N/A;N/A;N/A;N/A;N/A;N/A;N/A;N/A;N/A;N/A;N/A;N/A;N/A;N/A;N/A;N/A;N/A;N/A;N/A;N/A;N/A;N/A;N/A;N/A;N/A;N/A;N/A;N/A;N/A;N/A;N/A;N/A;N/A;N/A;N/A;N/A;N/A;N/A;N/A;N/A;N/A;N/A;N/A;N/A;N/A;N/A;N/A;N/A;N/A;N/A;N/A;N/A;N/A;N/A;N/A;N/A;N/A;N/A;N/A;N/A;N/A;N/A;;0;283.4;0;0;;Disabled;TempStop;3;740;293;147.4;250.4;0;599.9;549.9;Enabled;PosOk;3;0;0.1;0;0;0;15;Disabled;0;0;0;0;0;0;0;0;0;0;0;0;0;0;0;0;0;0;0;0;0;0;0;0;0;0;0;0;0;0;0;0;0;0;0;0;0;0;0;0;0;0;0;0;0;0;0;0;0;0;0;0;0;0;0;0;0;0;0;0;0;0;0;0;0;0;0;0;0;0;30;30;20;45;30;30;20;45;30;30;20;45;30;29;20;45;200;215;100;300;200;213;100;300;200;207;100;300;200;207;100;300;30;30;20;45;30;29;20;45;30;30;20;45;30;30;20;45;200;230;100;300;200;229;100;300;200;144;100;300;200;145;100;300;4;2;0.4;6;4;5;0.4;6;4;2;0.4;6;4;5;0.4;6;4;3;0.4;6;4;5;0.4;6;4;3;0.4;6;4;5;0.4;6;NOK;NOK;OK;8000;8056;7500;9000;OK;6.81;0;8;12;NOK;N/A;1.85;N/A;N/A;N/A;9;13.2;7;18;OK;;0;0;0;-;Disabled;TempOk;3;230;36.4;35.9;36.4;0;349.9;441354200 daimler 6900-7200;441354200 daimler 6900-7200;441354200 daimler 6900-7200
20260325_00:14:23;0;1;2;930;919.1;890;970;OK;930;931.6;890;970;OK;932.7;931.7;-20;-16.1;-50;-25;NOK;-20;-16.1;-50;-25;NOK;-17.1;-17.4;0;-20;-15.9;-50;-25;NOK;300;311;300;565;OK;0;0;N/A;N/A;N/A;N/A;N/A;N/A;N/A;N/A;N/A;N/A;N/A;N/A;N/A;N/A;N/A;N/A;N/A;N/A;N/A;N/A;N/A;N/A;N/A;N/A;N/A;N/A;N/A;N/A;N/A;N/A;N/A;N/A;N/A;N/A;N/A;N/A;N/A;N/A;N/A;N/A;N/A;N/A;N/A;N/A;N/A;N/A;N/A;N/A;N/A;N/A;N/A;N/A;N/A;N/A;N/A;N/A;N/A;N/A;N/A;N/A;N/A;N/A;N/A;N/A;N/A;N/A;N/A;N/A;N/A;N/A;N/A;N/A;N/A;N/A;N/A;N/A;N/A;N/A;N/A;N/A;N/A;N/A;N/A;N/A;N/A;N/A;N/A;N/A;N/A;N/A;N/A;N/A;N/A;N/A;N/A;N/A;N/A;N/A;;0;283.5;0;0;;Disabled;TempStop;3;740;294;151.7;252.4;0;599.9;549.9;Enabled;PosOk;3;0;0.7;0;0;0;15;Disabled;0;0;0;0;0;0;0;0;0;0;0;0;0;0;0;0;0;0;0;0;0;0;0;0;0;0;0;0;0;0;0;0;0;0;0;0;0;0;0;0;0;0;0;0;0;0;0;0;0;0;0;0;0;0;0;0;0;0;0;0;0;0;0;0;0;0;0;0;0;0;30;30;20;45;30;30;20;45;30;30;20;45;30;30;20;45;200;215;100;300;200;213;100;300;200;208;100;300;200;207;100;300;30;30;20;45;30;30;20;45;30;30;20;45;30;30;20;45;200;230;100;300;200;229;100;300;200;144;100;300;200;145;100;300;4;2;0.4;6;4;5;0.4;6;4;2;0.4;6;4;5;0.4;6;4;3;0.4;6;4;5;0.4;6;4;3;0.4;6;4;5;0.4;6;NOK;NOK;OK;8000;7971;7500;9000;OK;6.82;0;8;12;NOK;N/A;1.85;N/A;N/A;N/A;9;13.2;7;18;OK;;0;0;0;-;Disabled;TempOk;3;230;36.7;35.9;36.2;0;349.9;441354200 daimler 6900-7200;441354200 daimler 6900-7200;441354200 daimler 6900-7200
20260325_00:14:59;0;3;2;930;918.2;890;970;OK;930;931.5;890;970;OK;932.8;932.1;-20;-19.2;-50;-25;NOK;-20;-18.1;-50;-25;NOK;-16.7;-17.8;0;-20;-19;-50;-25;NOK;300;311;300;565;OK;0;0;N/A;N/A;N/A;N/A;N/A;N/A;N/A;N/A;N/A;N/A;N/A;N/A;N/A;N/A;N/A;N/A;N/A;N/A;N/A;N/A;N/A;N/A;N/A;N/A;N/A;N/A;N/A;N/A;N/A;N/A;N/A;N/A;N/A;N/A;N/A;N/A;N/A;N/A;N/A;N/A;N/A;N/A;N/A;N/A;N/A;N/A;N/A;N/A;N/A;N/A;N/A;N/A;N/A;N/A;N/A;N/A;N/A;N/A;N/A;N/A;N/A;N/A;N/A;N/A;N/A;N/A;N/A;N/A;N/A;N/A;N/A;N/A;N/A;N/A;N/A;N/A;N/A;N/A;N/A;N/A;N/A;N/A;N/A;N/A;N/A;N/A;N/A;N/A;N/A;N/A;N/A;N/A;N/A;N/A;N/A;N/A;N/A;N/A;;0;283.4;0;0;;Disabled;TempStop;3;740;292.5;148.1;252.2;0;599.9;549.9;Enabled;PosOk;3;0;0;0;0;0;15;Disabled;0;0;0;0;0;0;0;0;0;0;0;0;0;0;0;0;0;0;0;0;0;0;0;0;0;0;0;0;0;0;0;0;0;0;0;0;0;0;0;0;0;0;0;0;0;0;0;0;0;0;0;0;0;0;0;0;0;0;0;0;0;0;0;0;0;0;0;0;0;0;30;30;20;45;30;30;20;45;30;30;20;45;30;30;20;45;200;215;100;300;200;213;100;300;200;208;100;300;200;207;100;300;30;30;20;45;30;30;20;45;30;31;20;45;30;30;20;45;200;230;100;300;200;229;100;300;200;144;100;300;200;145;100;300;4;2;0.4;6;4;5;0.4;6;4;3;0.4;6;4;5;0.4;6;4;3;0.4;6;4;5;0.4;6;4;3;0.4;6;4;5;0.4;6;NOK;NOK;OK;8000;8055;7500;9000;OK;6.81;0;8;12;NOK;N/A;1.85;N/A;N/A;N/A;9;13.4;7;18;OK;;0;0;0;-;Disabled;TempOk;3;230;36.2;35.9;37.2;0;349.9;441354200 daimler 6900-7200;441354200 daimler 6900-7200;441354200 daimler 6900-7200
20260325_00:15:35;0;1;3;930;918.7;890;970;OK;930;931.2;890;970;OK;932.5;931.8;-20;-15.6;-50;-25;NOK;-20;-15.8;-50;-25;NOK;-18.6;-18.1;0;-20;-15.5;-50;-25;NOK;300;311;300;565;OK;0;0;N/A;N/A;N/A;N/A;N/A;N/A;N/A;N/A;N/A;N/A;N/A;N/A;N/A;N/A;N/A;N/A;N/A;N/A;N/A;N/A;N/A;N/A;N/A;N/A;N/A;N/A;N/A;N/A;N/A;N/A;N/A;N/A;N/A;N/A;N/A;N/A;N/A;N/A;N/A;N/A;N/A;N/A;N/A;N/A;N/A;N/A;N/A;N/A;N/A;N/A;N/A;N/A;N/A;N/A;N/A;N/A;N/A;N/A;N/A;N/A;N/A;N/A;N/A;N/A;N/A;N/A;N/A;N/A;N/A;N/A;N/A;N/A;N/A;N/A;N/A;N/A;N/A;N/A;N/A;N/A;N/A;N/A;N/A;N/A;N/A;N/A;N/A;N/A;N/A;N/A;N/A;N/A;N/A;N/A;N/A;N/A;N/A;N/A;;0;284.2;0;0;;Disabled;TempStop;3;740;295.6;152.9;253.4;0;599.9;549.9;Enabled;PosOk;3;0;0.5;0;0;0;15;Disabled;0;0;0;0;0;0;0;0;0;0;0;0;0;0;0;0;0;0;0;0;0;0;0;0;0;0;0;0;0;0;0;0;0;0;0;0;0;0;0;0;0;0;0;0;0;0;0;0;0;0;0;0;0;0;0;0;0;0;0;0;0;0;0;0;0;0;0;0;15;6;30;30;20;45;30;30;20;45;30;30;20;45;30;30;20;45;200;216;100;300;200;213;100;300;200;208;100;300;200;208;100;300;30;30;20;45;30;30;20;45;30;31;20;45;30;30;20;45;200;230;100;300;200;229;100;300;200;144;100;300;200;145;100;300;4;2;0.4;6;4;5;0.4;6;4;2;0.4;6;4;5;0.4;6;4;3;0.4;6;4;5;0.4;6;4;2;0.4;6;4;5;0.4;6;NOK;NOK;OK;8000;7938;7500;9000;OK;6.81;0;8;12;NOK;N/A;1.86;N/A;N/A;N/A;9;13.4;7;18;OK;;0;0;0;-;Disabled;TempOk;3;230;36.7;36.4;36.9;0;349.9;441354200 daimler 6900-7200;441354200 daimler 6900-7200;441354200 daimler 6900-7200
20260325_00:16:11;0;3;5;930;920.8;890;970;OK;930;930.7;890;970;OK;931.9;931.2;-20;-19.7;-50;-25;NOK;-20;-18.5;-50;-25;NOK;-15.5;-16.8;0;-20;-19.8;-50;-25;NOK;300;311;300;565;OK;0;0;N/A;N/A;N/A;N/A;N/A;N/A;N/A;N/A;N/A;N/A;N/A;N/A;N/A;N/A;N/A;N/A;N/A;N/A;N/A;N/A;N/A;N/A;N/A;N/A;N/A;N/A;N/A;N/A;N/A;N/A;N/A;N/A;N/A;N/A;N/A;N/A;N/A;N/A;N/A;N/A;N/A;N/A;N/A;N/A;N/A;N/A;N/A;N/A;N/A;N/A;N/A;N/A;N/A;N/A;N/A;N/A;N/A;N/A;N/A;N/A;N/A;N/A;N/A;N/A;N/A;N/A;N/A;N/A;N/A;N/A;N/A;N/A;N/A;N/A;N/A;N/A;N/A;N/A;N/A;N/A;N/A;N/A;N/A;N/A;N/A;N/A;N/A;N/A;N/A;N/A;N/A;N/A;N/A;N/A;N/A;N/A;N/A;N/A;;0;281.9;0;0;;Disabled;TempStop;3;740;291.8;151.1;250.4;0;599.9;549.9;Enabled;PosOk;3;0;0.7;0;0;0;15;Disabled;0;0;0;0;0;0;0;0;0;0;0;0;0;0;0;0;0;0;0;0;0;0;0;0;0;0;0;0;0;0;0;0;0;0;0;0;0;0;0;0;0;0;0;0;0;0;0;0;0;0;0;0;0;0;0;0;0;0;0;0;0;0;0;0;0;0;0;0;0;0;30;30;20;45;30;29;20;45;30;30;20;45;30;29;20;45;200;216;100;300;200;213;100;300;200;207;100;300;200;208;100;300;30;29;20;45;30;29;20;45;30;30;20;45;30;30;20;45;200;230;100;300;200;229;100;300;200;144;100;300;200;144;100;300;4;2;0.4;6;4;5;0.4;6;4;2;0.4;6;4;5;0.4;6;4;3;0.4;6;4;5;0.4;6;4;3;0.4;6;4;5;0.4;6;NOK;NOK;OK;8000;8072;7500;9000;OK;6.82;0;8;12;NOK;N/A;1.85;N/A;N/A;N/A;9;13.4;7;18;OK;;0;0;0;-;Disabled;TempOk;3;230;35.7;35.9;35.7;0;349.9;441354200 daimler 6900-7200;441354200 daimler 6900-7200;441354200 daimler 6900-7200
20260325_00:16:47;0;3;3;930;919.1;890;970;OK;930;931.3;890;970;OK;932.6;932;-20;-16.4;-50;-25;NOK;-20;-15.8;-50;-25;NOK;-15.1;-16;0;-20;-16.3;-50;-25;NOK;300;311;300;565;OK;0;0;N/A;N/A;N/A;N/A;N/A;N/A;N/A;N/A;N/A;N/A;N/A;N/A;N/A;N/A;N/A;N/A;N/A;N/A;N/A;N/A;N/A;N/A;N/A;N/A;N/A;N/A;N/A;N/A;N/A;N/A;N/A;N/A;N/A;N/A;N/A;N/A;N/A;N/A;N/A;N/A;N/A;N/A;N/A;N/A;N/A;N/A;N/A;N/A;N/A;N/A;N/A;N/A;N/A;N/A;N/A;N/A;N/A;N/A;N/A;N/A;N/A;N/A;N/A;N/A;N/A;N/A;N/A;N/A;N/A;N/A;N/A;N/A;N/A;N/A;N/A;N/A;N/A;N/A;N/A;N/A;N/A;N/A;N/A;N/A;N/A;N/A;N/A;N/A;N/A;N/A;N/A;N/A;N/A;N/A;N/A;N/A;N/A;N/A;;0;284.3;0;0;;Disabled;TempStop;3;740;294.1;151.8;248.6;0;599.9;549.9;Enabled;PosOk;3;0;0.8;0;0;0;15;Disabled;0;0;0;0;0;0;0;0;0;0;0;0;0;0;0;0;0;0;0;0;0;0;0;0;0;0;0;0;0;0;0;0;0;0;0;0;0;0;0;0;0;0;0;0;0;0;0;0;0;0;0;0;0;0;0;0;0;0;0;0;0;0;0;0;0;0;0;0;0;0;30;30;20;45;30;30;20;45;30;30;20;45;30;30;20;45;200;215;100;300;200;212;100;300;200;207;100;300;200;208;100;300;30;30;20;45;30;30;20;45;30;30;20;45;30;30;20;45;200;230;100;300;200;229;100;300;200;144;100;300;200;145;100;300;4;3;0.4;6;4;5;0.4;6;4;2;0.4;6;4;5;0.4;6;4;3;0.4;6;4;5;0.4;6;4;2;0.4;6;4;5;0.4;6;NOK;NOK;OK;8000;7929;7500;9000;OK;6.82;0;8;12;NOK;N/A;1.85;N/A;N/A;N/A;9;13.4;7;18;OK;;0;0;0;-;Disabled;TempOk;3;230;35.9;35.7;35.9;0;349.9;441354200 daimler 6900-7200;441354200 daimler 6900-7200;441354200 daimler 6900-7200
20260325_00:17:23;0;1;4;930;918.5;890;970;OK;930;931.6;890;970;OK;932.2;931.8;-20;-13.5;-50;-25;NOK;-20;-13;-50;-25;NOK;-15.9;-14.4;0;-20;-13.4;-50;-25;NOK;300;311;300;565;OK;0;0;N/A;N/A;N/A;N/A;N/A;N/A;N/A;N/A;N/A;N/A;N/A;N/A;N/A;N/A;N/A;N/A;N/A;N/A;N/A;N/A;N/A;N/A;N/A;N/A;N/A;N/A;N/A;N/A;N/A;N/A;N/A;N/A;N/A;N/A;N/A;N/A;N/A;N/A;N/A;N/A;N/A;N/A;N/A;N/A;N/A;N/A;N/A;N/A;N/A;N/A;N/A;N/A;N/A;N/A;N/A;N/A;N/A;N/A;N/A;N/A;N/A;N/A;N/A;N/A;N/A;N/A;N/A;N/A;N/A;N/A;N/A;N/A;N/A;N/A;N/A;N/A;N/A;N/A;N/A;N/A;N/A;N/A;N/A;N/A;N/A;N/A;N/A;N/A;N/A;N/A;N/A;N/A;N/A;N/A;N/A;N/A;N/A;N/A;;0;284.9;0;0;;Disabled;TempStop;3;740;294.7;152.5;249.9;0;599.9;549.9;Enabled;PosOk;3;0;0;0;0;0;15;Disabled;0;0;0;0;0;0;0;0;0;0;0;0;0;0;0;0;0;0;0;0;0;0;0;0;0;0;0;0;0;0;0;0;0;0;0;0;0;0;0;0;0;0;0;0;0;0;0;0;0;0;0;0;0;0;0;0;0;0;0;0;0;0;0;0;0;0;0;0;16;54;30;30;20;45;30;30;20;45;30;30;20;45;30;30;20;45;200;215;100;300;200;213;100;300;200;207;100;300;200;208;100;300;30;30;20;45;30;30;20;45;30;31;20;45;30;30;20;45;200;230;100;300;200;229;100;300;200;144;100;300;200;144;100;300;4;2;0.4;6;4;5;0.4;6;4;2;0.4;6;4;5;0.4;6;4;3;0.4;6;4;5;0.4;6;4;3;0.4;6;4;5;0.4;6;NOK;NOK;OK;8000;8055;7500;9000;OK;6.81;0;8;12;NOK;N/A;1.85;N/A;N/A;N/A;9;13.4;7;18;OK;;0;0;0;-;Disabled;TempOk;3;230;35.9;36.7;36.4;0;349.9;441354200 daimler 6900-7200;441354200 daimler 6900-7200;441354200 daimler 6900-7200
20260325_00:17:59;0;3;4;930;918.8;890;970;OK;930;931.6;890;970;OK;932.2;931.9;-20;-15.8;-50;-25;NOK;-20;-16.1;-50;-25;NOK;-18;-17.9;0;-20;-15.5;-50;-25;NOK;300;311;300;565;OK;0;0;N/A;N/A;N/A;N/A;N/A;N/A;N/A;N/A;N/A;N/A;N/A;N/A;N/A;N/A;N/A;N/A;N/A;N/A;N/A;N/A;N/A;N/A;N/A;N/A;N/A;N/A;N/A;N/A;N/A;N/A;N/A;N/A;N/A;N/A;N/A;N/A;N/A;N/A;N/A;N/A;N/A;N/A;N/A;N/A;N/A;N/A;N/A;N/A;N/A;N/A;N/A;N/A;N/A;N/A;N/A;N/A;N/A;N/A;N/A;N/A;N/A;N/A;N/A;N/A;N/A;N/A;N/A;N/A;N/A;N/A;N/A;N/A;N/A;N/A;N/A;N/A;N/A;N/A;N/A;N/A;N/A;N/A;N/A;N/A;N/A;N/A;N/A;N/A;N/A;N/A;N/A;N/A;N/A;N/A;N/A;N/A;N/A;N/A;;0;282.6;0;0;;Disabled;TempStop;3;740;294.2;153.2;252.2;0;599.9;549.9;Enabled;PosOk;3;0;0;0;0;0;15;Disabled;0;0;0;0;0;0;0;0;0;0;0;0;0;0;0;0;0;0;0;0;0;0;0;0;0;0;0;0;0;0;0;0;0;0;0;0;0;0;0;0;0;0;0;0;0;0;0;0;0;0;0;0;0;0;0;0;0;0;0;0;0;0;0;0;0;0;0;0;0;0;30;30;20;45;30;30;20;45;30;30;20;45;30;30;20;45;200;215;100;300;200;212;100;300;200;207;100;300;200;208;100;300;30;30;20;45;30;30;20;45;30;31;20;45;30;30;20;45;200;230;100;300;200;229;100;300;200;144;100;300;200;145;100;300;4;2;0.4;6;4;5;0.4;6;4;2;0.4;6;4;5;0.4;6;4;3;0.4;6;4;5;0.4;6;4;3;0.4;6;4;5;0.4;6;NOK;NOK;OK;8000;7948;7500;9000;OK;6.82;0;8;12;NOK;N/A;1.85;N/A;N/A;N/A;9;13.5;7;18;OK;;0;0;0;-;Disabled;TempOk;3;230;36.4;35.7;36.2;0;349.9;441354200 daimler 6900-7200;441354200 daimler 6900-7200;441354200 daimler 6900-7200
20260325_00:18:35;0;1;1;930;919.4;890;970;OK;930;931.4;890;970;OK;932.5;932.1;-20;-17.8;-50;-25;NOK;-20;-17.4;-50;-25;NOK;-17;-17.1;0;-20;-17.8;-50;-25;NOK;300;311;300;565;OK;0;0;N/A;N/A;N/A;N/A;N/A;N/A;N/A;N/A;N/A;N/A;N/A;N/A;N/A;N/A;N/A;N/A;N/A;N/A;N/A;N/A;N/A;N/A;N/A;N/A;N/A;N/A;N/A;N/A;N/A;N/A;N/A;N/A;N/A;N/A;N/A;N/A;N/A;N/A;N/A;N/A;N/A;N/A;N/A;N/A;N/A;N/A;N/A;N/A;N/A;N/A;N/A;N/A;N/A;N/A;N/A;N/A;N/A;N/A;N/A;N/A;N/A;N/A;N/A;N/A;N/A;N/A;N/A;N/A;N/A;N/A;N/A;N/A;N/A;N/A;N/A;N/A;N/A;N/A;N/A;N/A;N/A;N/A;N/A;N/A;N/A;N/A;N/A;N/A;N/A;N/A;N/A;N/A;N/A;N/A;N/A;N/A;N/A;N/A;;0;285.9;0;0;;Disabled;TempStop;3;740;296.7;154;253.9;0;599.9;549.9;Enabled;PosOk;3;0;0;0;0;0;15;Disabled;0;0;0;0;0;0;0;0;0;0;0;0;0;0;0;0;0;0;0;0;0;0;0;0;0;0;0;0;0;0;0;0;0;0;0;0;0;0;0;0;0;0;0;0;0;0;0;0;0;0;0;0;0;0;0;0;0;0;0;0;0;0;0;0;0;0;0;0;0;0;30;30;20;45;30;30;20;45;30;31;20;45;30;30;20;45;200;215;100;300;200;213;100;300;200;207;100;300;200;207;100;300;30;30;20;45;30;30;20;45;30;31;20;45;30;30;20;45;200;230;100;300;200;228;100;300;200;144;100;300;200;145;100;300;4;2;0.4;6;4;5;0.4;6;4;2;0.4;6;4;5;0.4;6;4;3;0.4;6;4;5;0.4;6;4;2;0.4;6;4;5;0.4;6;NOK;NOK;OK;8000;8057;7500;9000;OK;6.81;0;8;12;NOK;N/A;1.85;N/A;N/A;N/A;9;13.5;7;18;OK;;0;0;0;-;Disabled;TempOk;3;230;36.2;35.9;35.9;0;349.9;441354200 daimler 6900-7200;441354200 daimler 6900-7200;441354200 daimler 6900-7200
20260325_00:19:11;0;3;1;930;919.4;890;970;OK;930;931.7;890;970;OK;933.5;932.9;-20;-17.7;-50;-25;NOK;-20;-16.9;-50;-25;NOK;-14.4;-15.6;0;-20;-17.8;-50;-25;NOK;300;311;300;565;OK;0;0;N/A;N/A;N/A;N/A;N/A;N/A;N/A;N/A;N/A;N/A;N/A;N/A;N/A;N/A;N/A;N/A;N/A;N/A;N/A;N/A;N/A;N/A;N/A;N/A;N/A;N/A;N/A;N/A;N/A;N/A;N/A;N/A;N/A;N/A;N/A;N/A;N/A;N/A;N/A;N/A;N/A;N/A;N/A;N/A;N/A;N/A;N/A;N/A;N/A;N/A;N/A;N/A;N/A;N/A;N/A;N/A;N/A;N/A;N/A;N/A;N/A;N/A;N/A;N/A;N/A;N/A;N/A;N/A;N/A;N/A;N/A;N/A;N/A;N/A;N/A;N/A;N/A;N/A;N/A;N/A;N/A;N/A;N/A;N/A;N/A;N/A;N/A;N/A;N/A;N/A;N/A;N/A;N/A;N/A;N/A;N/A;N/A;N/A;;0;283.6;0;0;;Disabled;TempStop;3;740;293.5;153.4;253.6;0;599.9;549.9;Enabled;PosOk;3;0;0.1;0;0;0;15;Disabled;0;0;0;0;0;0;0;0;0;0;0;0;0;0;0;0;0;0;0;0;0;0;0;0;0;0;0;0;0;0;0;0;0;0;0;0;0;0;0;0;0;0;0;0;0;0;0;0;0;0;0;0;0;0;0;0;0;0;0;0;0;0;0;0;0;0;0;0;0;0;30;30;20;45;30;30;20;45;30;31;20;45;30;30;20;45;200;216;100;300;200;213;100;300;200;207;100;300;200;208;100;300;30;30;20;45;30;30;20;45;30;31;20;45;30;30;20;45;200;230;100;300;200;229;100;300;200;144;100;300;200;145;100;300;4;2;0.4;6;4;5;0.4;6;4;2;0.4;6;4;5;0.4;6;4;3;0.4;6;4;5;0.4;6;4;3;0.4;6;4;5;0.4;6;NOK;NOK;OK;8000;7944;7500;9000;OK;6.81;0;8;12;NOK;N/A;1.85;N/A;N/A;N/A;9;13.5;7;18;OK;;0;0;0;-;Disabled;TempOk;3;230;36.4;36.4;36.2;0;349.9;441354200 daimler 6900-7200;441354200 daimler 6900-7200;441354200 daimler 6900-7200
20260325_00:19:47;0;1;2;930;919.8;890;970;OK;930;931.3;890;970;OK;932.5;931.9;-20;-15.5;-50;-25;NOK;-20;-15.6;-50;-25;NOK;-16.6;-17;0;-20;-15.4;-50;-25;NOK;300;311;300;565;OK;0;0;N/A;N/A;N/A;N/A;N/A;N/A;N/A;N/A;N/A;N/A;N/A;N/A;N/A;N/A;N/A;N/A;N/A;N/A;N/A;N/A;N/A;N/A;N/A;N/A;N/A;N/A;N/A;N/A;N/A;N/A;N/A;N/A;N/A;N/A;N/A;N/A;N/A;N/A;N/A;N/A;N/A;N/A;N/A;N/A;N/A;N/A;N/A;N/A;N/A;N/A;N/A;N/A;N/A;N/A;N/A;N/A;N/A;N/A;N/A;N/A;N/A;N/A;N/A;N/A;N/A;N/A;N/A;N/A;N/A;N/A;N/A;N/A;N/A;N/A;N/A;N/A;N/A;N/A;N/A;N/A;N/A;N/A;N/A;N/A;N/A;N/A;N/A;N/A;N/A;N/A;N/A;N/A;N/A;N/A;N/A;N/A;N/A;N/A;;0;284.6;0;0;;Disabled;TempStop;3;740;295.2;147;251.9;0;599.9;549.9;Enabled;PosOk;3;0;0.7;0;0;0;15;Disabled;0;0;0;0;0;0;0;0;0;0;0;0;0;0;0;0;0;0;0;0;0;0;0;0;0;0;0;0;0;0;0;0;0;0;0;0;0;0;0;0;0;0;0;0;0;0;0;0;0;0;0;0;0;0;0;0;0;0;0;0;0;0;0;0;0;0;0;0;0;0;30;30;20;45;30;30;20;45;30;30;20;45;30;30;20;45;200;215;100;300;200;212;100;300;200;207;100;300;200;207;100;300;30;30;20;45;30;30;20;45;30;30;20;45;30;30;20;45;200;231;100;300;200;229;100;300;200;144;100;300;200;144;100;300;4;2;0.4;6;4;5;0.4;6;4;2;0.4;6;4;5;0.4;6;4;3;0.4;6;4;5;0.4;6;4;2;0.4;6;4;5;0.4;6;NOK;NOK;OK;8000;8058;7500;9000;OK;6.81;0;8;12;NOK;N/A;1.85;N/A;N/A;N/A;9;13.5;7;18;OK;;0;0;0;-;Disabled;TempOk;3;230;36.4;36.4;35.9;0;349.9;441354200 daimler 6900-7200;441354200 daimler 6900-7200;441354200 daimler 6900-7200
20260325_00:20:23;0;3;2;930;918.5;890;970;OK;930;931.6;890;970;OK;932.8;932.1;-20;-17.5;-50;-25;NOK;-20;-17.6;-50;-25;NOK;-16.3;-17.4;0;-20;-17.4;-50;-25;NOK;300;311;300;565;OK;0;0;N/A;N/A;N/A;N/A;N/A;N/A;N/A;N/A;N/A;N/A;N/A;N/A;N/A;N/A;N/A;N/A;N/A;N/A;N/A;N/A;N/A;N/A;N/A;N/A;N/A;N/A;N/A;N/A;N/A;N/A;N/A;N/A;N/A;N/A;N/A;N/A;N/A;N/A;N/A;N/A;N/A;N/A;N/A;N/A;N/A;N/A;N/A;N/A;N/A;N/A;N/A;N/A;N/A;N/A;N/A;N/A;N/A;N/A;N/A;N/A;N/A;N/A;N/A;N/A;N/A;N/A;N/A;N/A;N/A;N/A;N/A;N/A;N/A;N/A;N/A;N/A;N/A;N/A;N/A;N/A;N/A;N/A;N/A;N/A;N/A;N/A;N/A;N/A;N/A;N/A;N/A;N/A;N/A;N/A;N/A;N/A;N/A;N/A;;0;283.6;0;0;;Disabled;TempStop;3;740;293.2;147.7;251.9;0;599.9;549.9;Enabled;PosOk;3;0;0;0;0;0;15;Disabled;0;0;0;0;0;0;0;0;0;0;0;0;0;0;0;0;0;0;0;0;0;0;0;0;0;0;0;0;0;0;0;0;0;0;0;0;0;0;0;0;0;0;0;0;0;0;0;0;0;0;0;0;0;0;0;0;0;0;0;0;0;0;0;0;0;0;0;0;0;0;30;30;20;45;30;30;20;45;30;30;20;45;30;30;20;45;200;215;100;300;200;212;100;300;200;208;100;300;200;208;100;300;30;30;20;45;30;30;20;45;30;30;20;45;30;30;20;45;200;230;100;300;200;229;100;300;200;144;100;300;200;145;100;300;4;3;0.4;6;4;5;0.4;6;4;2;0.4;6;4;5;0.4;6;4;3;0.4;6;4;5;0.4;6;4;2;0.4;6;4;5;0.4;6;NOK;NOK;OK;8000;7916;7500;9000;OK;6.81;0;8;12;NOK;N/A;1.85;N/A;N/A;N/A;9;13;7;18;OK;;0;0;0;-;Disabled;TempOk;3;230;35.9;35.9;36.2;0;349.9;441354200 daimler 6900-7200;441354200 daimler 6900-7200;441354200 daimler 6900-7200
20260325_00:20:59;0;1;3;930;919.6;890;970;OK;930;931;890;970;OK;932.2;931.7;-20;-15.3;-50;-25;NOK;-20;-15.6;-50;-25;NOK;-17.9;-17.5;0;-20;-15.2;-50;-25;NOK;300;311;300;565;OK;0;0;N/A;N/A;N/A;N/A;N/A;N/A;N/A;N/A;N/A;N/A;N/A;N/A;N/A;N/A;N/A;N/A;N/A;N/A;N/A;N/A;N/A;N/A;N/A;N/A;N/A;N/A;N/A;N/A;N/A;N/A;N/A;N/A;N/A;N/A;N/A;N/A;N/A;N/A;N/A;N/A;N/A;N/A;N/A;N/A;N/A;N/A;N/A;N/A;N/A;N/A;N/A;N/A;N/A;N/A;N/A;N/A;N/A;N/A;N/A;N/A;N/A;N/A;N/A;N/A;N/A;N/A;N/A;N/A;N/A;N/A;N/A;N/A;N/A;N/A;N/A;N/A;N/A;N/A;N/A;N/A;N/A;N/A;N/A;N/A;N/A;N/A;N/A;N/A;N/A;N/A;N/A;N/A;N/A;N/A;N/A;N/A;N/A;N/A;;0;283.4;0;0;;Disabled;TempStop;3;740;296.1;154.3;255.3;0;599.9;549.9;Enabled;PosOk;3;0;0;0;0;0;15;Disabled;0;0;0;0;0;0;0;0;0;0;0;0;0;0;0;0;0;0;0;0;0;0;0;0;0;0;0;0;0;0;0;0;0;0;0;0;0;0;0;0;0;0;0;0;0;0;0;0;0;0;0;0;0;0;0;0;0;0;0;0;0;0;0;0;0;0;0;0;20;30;30;30;20;45;30;30;20;45;30;30;20;45;30;30;20;45;200;215;100;300;200;213;100;300;200;208;100;300;200;208;100;300;30;30;20;45;30;30;20;45;30;31;20;45;30;30;20;45;200;231;100;300;200;229;100;300;200;144;100;300;200;144;100;300;4;2;0.4;6;4;5;0.4;6;4;2;0.4;6;4;5;0.4;6;4;2;0.4;6;4;5;0.4;6;4;3;0.4;6;4;5;0.4;6;NOK;NOK;OK;8000;8062;7500;9000;OK;6.81;0;8;12;NOK;N/A;1.85;N/A;N/A;N/A;9;12.9;7;18;OK;;0;0;0;-;Disabled;TempOk;3;230;36.4;35.9;36.4;0;349.9;441354200 daimler 6900-7200;441354200 daimler 6900-7200;441354200 daimler 6900-7200
20260325_00:21:35;0;3;5;930;920.9;890;970;OK;930;930.7;890;970;OK;931.4;930.9;-20;-18.9;-50;-25;NOK;-20;-18;-50;-25;NOK;-15;-16.2;0;-20;-19;-50;-25;NOK;300;311;300;565;OK;0;0;N/A;N/A;N/A;N/A;N/A;N/A;N/A;N/A;N/A;N/A;N/A;N/A;N/A;N/A;N/A;N/A;N/A;N/A;N/A;N/A;N/A;N/A;N/A;N/A;N/A;N/A;N/A;N/A;N/A;N/A;N/A;N/A;N/A;N/A;N/A;N/A;N/A;N/A;N/A;N/A;N/A;N/A;N/A;N/A;N/A;N/A;N/A;N/A;N/A;N/A;N/A;N/A;N/A;N/A;N/A;N/A;N/A;N/A;N/A;N/A;N/A;N/A;N/A;N/A;N/A;N/A;N/A;N/A;N/A;N/A;N/A;N/A;N/A;N/A;N/A;N/A;N/A;N/A;N/A;N/A;N/A;N/A;N/A;N/A;N/A;N/A;N/A;N/A;N/A;N/A;N/A;N/A;N/A;N/A;N/A;N/A;N/A;N/A;;0;281.5;0;0;;Disabled;TempStop;3;740;290.8;147.7;250.3;0;599.9;549.9;Enabled;PosOk;3;0;0.3;0;0;0;15;Disabled;0;0;0;0;0;0;0;0;0;0;0;0;0;0;0;0;0;0;0;0;0;0;0;0;0;0;0;0;0;0;0;0;0;0;0;0;0;0;0;0;0;0;0;0;0;0;0;0;0;0;0;0;0;0;0;0;0;0;0;0;0;0;0;0;0;0;0;0;0;0;30;30;20;45;30;30;20;45;30;31;20;45;30;30;20;45;200;215;100;300;200;212;100;300;200;207;100;300;200;207;100;300;30;30;20;45;30;30;20;45;30;31;20;45;30;30;20;45;200;231;100;300;200;229;100;300;200;144;100;300;200;145;100;300;4;3;0.4;6;4;5;0.4;6;4;2;0.4;6;4;5;0.4;6;4;3;0.4;6;4;5;0.4;6;4;2;0.4;6;4;5;0.4;6;NOK;NOK;OK;8000;7918;7500;9000;OK;6.81;0;8;12;NOK;N/A;1.85;N/A;N/A;N/A;9;12.8;7;18;OK;;0;0;0;-;Disabled;TempOk;3;230;36.4;36.4;36.9;0;349.9;441354200 daimler 6900-7200;441354200 daimler 6900-7200;441354200 daimler 6900-7200
20260325_00:22:11;0;3;3;930;919.1;890;970;OK;930;931.4;890;970;OK;932.5;931.9;-20;-15.6;-50;-25;NOK;-20;-15.4;-50;-25;NOK;-14.8;-15.6;0;-20;-15.6;-50;-25;NOK;300;311;300;565;OK;0;0;N/A;N/A;N/A;N/A;N/A;N/A;N/A;N/A;N/A;N/A;N/A;N/A;N/A;N/A;N/A;N/A;N/A;N/A;N/A;N/A;N/A;N/A;N/A;N/A;N/A;N/A;N/A;N/A;N/A;N/A;N/A;N/A;N/A;N/A;N/A;N/A;N/A;N/A;N/A;N/A;N/A;N/A;N/A;N/A;N/A;N/A;N/A;N/A;N/A;N/A;N/A;N/A;N/A;N/A;N/A;N/A;N/A;N/A;N/A;N/A;N/A;N/A;N/A;N/A;N/A;N/A;N/A;N/A;N/A;N/A;N/A;N/A;N/A;N/A;N/A;N/A;N/A;N/A;N/A;N/A;N/A;N/A;N/A;N/A;N/A;N/A;N/A;N/A;N/A;N/A;N/A;N/A;N/A;N/A;N/A;N/A;N/A;N/A;;0;283.9;0;0;;Disabled;TempStop;3;740;292.8;150.1;249.1;0;599.9;549.9;Enabled;PosOk;3;0;0.8;0;0;0;15;Disabled;0;0;0;0;0;0;0;0;0;0;0;0;0;0;0;0;0;0;0;0;0;0;0;0;0;0;0;0;0;0;0;0;0;0;0;0;0;0;0;0;0;0;0;0;0;0;0;0;0;0;0;0;0;0;0;0;0;0;0;0;0;0;0;0;0;0;0;0;0;0;30;30;20;45;30;30;20;45;30;30;20;45;30;30;20;45;200;215;100;300;200;213;100;300;200;208;100;300;200;208;100;300;30;30;20;45;30;30;20;45;30;31;20;45;30;30;20;45;200;230;100;300;200;229;100;300;200;144;100;300;200;145;100;300;4;2;0.4;6;4;5;0.4;6;4;2;0.4;6;4;5;0.4;6;4;3;0.4;6;4;5;0.4;6;4;2;0.4;6;4;5;0.4;6;NOK;NOK;OK;8000;8064;7500;9000;OK;6.81;0;8;12;NOK;N/A;1.85;N/A;N/A;N/A;9;12.7;7;18;OK;;0;0;0;-;Disabled;TempOk;3;230;36.4;36.2;36.4;0;349.9;441354200 daimler 6900-7200;441354200 daimler 6900-7200;441354200 daimler 6900-7200
20260325_00:22:47;0;1;4;930;917.8;890;970;OK;930;931.3;890;970;OK;932.1;931.6;-20;-13;-50;-25;NOK;-20;-12.8;-50;-25;NOK;-15.7;-14.2;0;-20;-13;-50;-25;NOK;300;311;300;565;OK;0;0;N/A;N/A;N/A;N/A;N/A;N/A;N/A;N/A;N/A;N/A;N/A;N/A;N/A;N/A;N/A;N/A;N/A;N/A;N/A;N/A;N/A;N/A;N/A;N/A;N/A;N/A;N/A;N/A;N/A;N/A;N/A;N/A;N/A;N/A;N/A;N/A;N/A;N/A;N/A;N/A;N/A;N/A;N/A;N/A;N/A;N/A;N/A;N/A;N/A;N/A;N/A;N/A;N/A;N/A;N/A;N/A;N/A;N/A;N/A;N/A;N/A;N/A;N/A;N/A;N/A;N/A;N/A;N/A;N/A;N/A;N/A;N/A;N/A;N/A;N/A;N/A;N/A;N/A;N/A;N/A;N/A;N/A;N/A;N/A;N/A;N/A;N/A;N/A;N/A;N/A;N/A;N/A;N/A;N/A;N/A;N/A;N/A;N/A;;0;283.8;0;0;;Disabled;TempStop;3;740;293.6;147.8;251;0;599.9;549.9;Enabled;PosOk;3;0;0;0;0;0;15;Disabled;0;0;0;0;0;0;0;0;0;0;0;0;0;0;0;0;0;0;0;0;0;0;0;0;0;0;0;0;0;0;0;0;0;0;0;0;0;0;0;0;0;0;0;0;0;0;0;0;0;0;0;0;0;0;0;0;0;0;0;0;0;0;0;0;0;0;0;0;22;18;30;30;20;45;30;30;20;45;30;30;20;45;30;30;20;45;200;216;100;300;200;214;100;300;200;208;100;300;200;208;100;300;30;30;20;45;30;30;20;45;30;31;20;45;30;30;20;45;200;231;100;300;200;230;100;300;200;144;100;300;200;145;100;300;4;2;0.4;6;4;5;0.4;6;4;2;0.4;6;4;5;0.4;6;4;3;0.4;6;4;5;0.4;6;4;3;0.4;6;4;5;0.4;6;NOK;NOK;OK;8000;8056;7500;9000;OK;6.81;0;8;12;NOK;N/A;1.86;N/A;N/A;N/A;9;13.1;7;18;OK;;0;0;0;-;Disabled;TempOk;3;230;36.4;36.4;36.7;0;349.9;441354200 daimler 6900-7200;441354200 daimler 6900-7200;441354200 daimler 6900-7200
20260325_00:23:22;0;3;4;930;920.1;890;970;OK;930;931.4;890;970;OK;932.2;931.7;-20;-15.3;-50;-25;NOK;-20;-15.8;-50;-25;NOK;-17.6;-17.5;0;-20;-15.1;-50;-25;NOK;300;311;300;565;OK;0;0;N/A;N/A;N/A;N/A;N/A;N/A;N/A;N/A;N/A;N/A;N/A;N/A;N/A;N/A;N/A;N/A;N/A;N/A;N/A;N/A;N/A;N/A;N/A;N/A;N/A;N/A;N/A;N/A;N/A;N/A;N/A;N/A;N/A;N/A;N/A;N/A;N/A;N/A;N/A;N/A;N/A;N/A;N/A;N/A;N/A;N/A;N/A;N/A;N/A;N/A;N/A;N/A;N/A;N/A;N/A;N/A;N/A;N/A;N/A;N/A;N/A;N/A;N/A;N/A;N/A;N/A;N/A;N/A;N/A;N/A;N/A;N/A;N/A;N/A;N/A;N/A;N/A;N/A;N/A;N/A;N/A;N/A;N/A;N/A;N/A;N/A;N/A;N/A;N/A;N/A;N/A;N/A;N/A;N/A;N/A;N/A;N/A;N/A;;0;282.3;0;0;;Disabled;TempStop;3;740;294.3;154.2;252.9;0;599.9;549.9;Enabled;PosOk;3;0;0.5;0;0;0;15;Disabled;0;0;0;0;0;0;0;0;0;0;0;0;0;0;0;0;0;0;0;0;0;0;0;0;0;0;0;0;0;0;0;0;0;0;0;0;0;0;0;0;0;0;0;0;0;0;0;0;0;0;0;0;0;0;0;0;0;0;0;0;0;0;0;0;0;0;0;0;0;0;30;30;20;45;30;29;20;45;30;30;20;45;30;30;20;45;200;215;100;300;200;213;100;300;200;207;100;300;200;208;100;300;30;30;20;45;30;29;20;45;30;30;20;45;30;30;20;45;200;230;100;300;200;229;100;300;200;144;100;300;200;145;100;300;4;3;0.4;6;4;5;0.4;6;4;2;0.4;6;4;5;0.4;6;4;3;0.4;6;4;5;0.4;6;4;3;0.4;6;4;5;0.4;6;NOK;NOK;OK;8000;8041;7500;9000;OK;6.8;0;8;12;NOK;N/A;1.85;N/A;N/A;N/A;9;13.3;7;18;OK;;0;0;0;-;Disabled;TempOk;3;230;36.7;36.7;37.2;0;349.9;441354200 daimler 6900-7200;441354200 daimler 6900-7200;441354200 daimler 6900-7200
20260325_00:23:58;0;1;1;930;919.2;890;970;OK;930;931.7;890;970;OK;932.5;931.8;-20;-17.5;-50;-25;NOK;-20;-17.1;-50;-25;NOK;-16.7;-16.9;0;-20;-17.6;-50;-25;NOK;300;311;300;565;OK;0;0;N/A;N/A;N/A;N/A;N/A;N/A;N/A;N/A;N/A;N/A;N/A;N/A;N/A;N/A;N/A;N/A;N/A;N/A;N/A;N/A;N/A;N/A;N/A;N/A;N/A;N/A;N/A;N/A;N/A;N/A;N/A;N/A;N/A;N/A;N/A;N/A;N/A;N/A;N/A;N/A;N/A;N/A;N/A;N/A;N/A;N/A;N/A;N/A;N/A;N/A;N/A;N/A;N/A;N/A;N/A;N/A;N/A;N/A;N/A;N/A;N/A;N/A;N/A;N/A;N/A;N/A;N/A;N/A;N/A;N/A;N/A;N/A;N/A;N/A;N/A;N/A;N/A;N/A;N/A;N/A;N/A;N/A;N/A;N/A;N/A;N/A;N/A;N/A;N/A;N/A;N/A;N/A;N/A;N/A;N/A;N/A;N/A;N/A;;0;286.9;0;0;;Disabled;TempStop;3;740;297.6;154.6;255.8;0;599.9;549.9;Enabled;PosOk;3;0;0;0;0;0;15;Disabled;0;0;0;0;0;0;0;0;0;0;0;0;0;0;0;0;0;0;0;0;0;0;0;0;0;0;0;0;0;0;0;0;0;0;0;0;0;0;0;0;0;0;0;0;0;0;0;0;0;0;0;0;0;0;0;0;0;0;0;0;0;0;0;0;0;0;0;0;0;0;30;29;20;45;30;29;20;45;30;30;20;45;30;30;20;45;200;214;100;300;200;212;100;300;200;207;100;300;200;207;100;300;30;30;20;45;30;30;20;45;30;30;20;45;30;30;20;45;200;231;100;300;200;229;100;300;200;144;100;300;200;145;100;300;4;2;0.4;6;4;5;0.4;6;4;2;0.4;6;4;5;0.4;6;4;3;0.4;6;4;5;0.4;6;4;2;0.4;6;4;5;0.4;6;NOK;NOK;OK;8000;7926;7500;9000;OK;6.81;0;8;12;NOK;N/A;1.85;N/A;N/A;N/A;9;13.4;7;18;OK;;0;0;0;-;Disabled;TempOk;3;230;36.7;36.2;36.4;0;349.9;441354200 daimler 6900-7200;441354200 daimler 6900-7200;441354200 daimler 6900-7200
20260325_00:24:34;0;3;1;930;919.2;890;970;OK;930;931.6;890;970;OK;933.4;932.7;-20;-17.3;-50;-25;NOK;-20;-16.6;-50;-25;NOK;-14.2;-15.3;0;-20;-17.4;-50;-25;NOK;300;311;300;565;OK;0;0;N/A;N/A;N/A;N/A;N/A;N/A;N/A;N/A;N/A;N/A;N/A;N/A;N/A;N/A;N/A;N/A;N/A;N/A;N/A;N/A;N/A;N/A;N/A;N/A;N/A;N/A;N/A;N/A;N/A;N/A;N/A;N/A;N/A;N/A;N/A;N/A;N/A;N/A;N/A;N/A;N/A;N/A;N/A;N/A;N/A;N/A;N/A;N/A;N/A;N/A;N/A;N/A;N/A;N/A;N/A;N/A;N/A;N/A;N/A;N/A;N/A;N/A;N/A;N/A;N/A;N/A;N/A;N/A;N/A;N/A;N/A;N/A;N/A;N/A;N/A;N/A;N/A;N/A;N/A;N/A;N/A;N/A;N/A;N/A;N/A;N/A;N/A;N/A;N/A;N/A;N/A;N/A;N/A;N/A;N/A;N/A;N/A;N/A;;0;283.1;0;0;;Disabled;TempStop;3;740;293.5;153.3;250.8;0;599.9;549.9;Enabled;PosOk;3;0;0.3;0;0;0;15;Disabled;0;0;0;0;0;0;0;0;0;0;0;0;0;0;0;0;0;0;0;0;0;0;0;0;0;0;0;0;0;0;0;0;0;0;0;0;0;0;0;0;0;0;0;0;0;0;0;0;0;0;0;0;0;0;0;0;0;0;0;0;0;0;0;0;0;0;0;0;0;0;30;30;20;45;30;30;20;45;30;30;20;45;30;30;20;45;200;215;100;300;200;213;100;300;200;208;100;300;200;208;100;300;30;30;20;45;30;30;20;45;30;31;20;45;30;30;20;45;200;231;100;300;200;229;100;300;200;144;100;300;200;145;100;300;4;3;0.4;6;4;5;0.4;6;4;2;0.4;6;4;5;0.4;6;4;3;0.4;6;4;5;0.4;6;4;3;0.4;6;4;5;0.4;6;NOK;NOK;OK;8000;8069;7500;9000;OK;6.81;0;8;12;NOK;N/A;1.85;N/A;N/A;N/A;9;13.3;7;18;OK;;0;0;0;-;Disabled;TempOk;3;230;36.7;36.4;36.7;0;349.9;441354200 daimler 6900-7200;441354200 daimler 6900-7200;441354200 daimler 6900-7200
20260325_00:25:10;0;1;2;930;919.4;890;970;OK;930;931.2;890;970;OK;932.8;931.9;-20;-14.9;-50;-25;NOK;-20;-15.3;-50;-25;NOK;-16.3;-16.6;0;-20;-14.8;-50;-25;NOK;300;311;300;565;OK;0;0;N/A;N/A;N/A;N/A;N/A;N/A;N/A;N/A;N/A;N/A;N/A;N/A;N/A;N/A;N/A;N/A;N/A;N/A;N/A;N/A;N/A;N/A;N/A;N/A;N/A;N/A;N/A;N/A;N/A;N/A;N/A;N/A;N/A;N/A;N/A;N/A;N/A;N/A;N/A;N/A;N/A;N/A;N/A;N/A;N/A;N/A;N/A;N/A;N/A;N/A;N/A;N/A;N/A;N/A;N/A;N/A;N/A;N/A;N/A;N/A;N/A;N/A;N/A;N/A;N/A;N/A;N/A;N/A;N/A;N/A;N/A;N/A;N/A;N/A;N/A;N/A;N/A;N/A;N/A;N/A;N/A;N/A;N/A;N/A;N/A;N/A;N/A;N/A;N/A;N/A;N/A;N/A;N/A;N/A;N/A;N/A;N/A;N/A;;0;284.3;0;0;;Disabled;TempStop;3;740;294.9;152.4;250.2;0;599.9;549.9;Enabled;PosOk;3;0;0.7;0;0;0;15;Disabled;0;0;0;0;0;0;0;0;0;0;0;0;0;0;0;0;0;0;0;0;0;0;0;0;0;0;0;0;0;0;0;0;0;0;0;0;0;0;0;0;0;0;0;0;0;0;0;0;0;0;0;0;0;0;0;0;0;0;0;0;0;0;0;0;0;0;0;0;0;0;30;30;20;45;30;30;20;45;30;30;20;45;30;30;20;45;200;215;100;300;200;213;100;300;200;208;100;300;200;208;100;300;30;30;20;45;30;30;20;45;30;31;20;45;30;30;20;45;200;230;100;300;200;229;100;300;200;144;100;300;200;145;100;300;4;2;0.4;6;4;5;0.4;6;4;2;0.4;6;4;5;0.4;6;4;3;0.4;6;4;5;0.4;6;4;2;0.4;6;4;5;0.4;6;NOK;NOK;OK;8000;8057;7500;9000;OK;6.81;0;8;12;NOK;N/A;1.85;N/A;N/A;N/A;9;13.4;7;18;OK;;0;0;0;-;Disabled;TempOk;3;230;36.9;36.2;36.7;0;349.9;441354200 daimler 6900-7200;441354200 daimler 6900-7200;441354200 daimler 6900-7200
20260325_00:25:46;0;3;2;930;919.3;890;970;OK;930;931.4;890;970;OK;932.7;932.1;-20;-17.1;-50;-25;NOK;-20;-17.3;-50;-25;NOK;-16;-17.1;0;-20;-16.9;-50;-25;NOK;300;311;300;565;OK;0;0;N/A;N/A;N/A;N/A;N/A;N/A;N/A;N/A;N/A;N/A;N/A;N/A;N/A;N/A;N/A;N/A;N/A;N/A;N/A;N/A;N/A;N/A;N/A;N/A;N/A;N/A;N/A;N/A;N/A;N/A;N/A;N/A;N/A;N/A;N/A;N/A;N/A;N/A;N/A;N/A;N/A;N/A;N/A;N/A;N/A;N/A;N/A;N/A;N/A;N/A;N/A;N/A;N/A;N/A;N/A;N/A;N/A;N/A;N/A;N/A;N/A;N/A;N/A;N/A;N/A;N/A;N/A;N/A;N/A;N/A;N/A;N/A;N/A;N/A;N/A;N/A;N/A;N/A;N/A;N/A;N/A;N/A;N/A;N/A;N/A;N/A;N/A;N/A;N/A;N/A;N/A;N/A;N/A;N/A;N/A;N/A;N/A;N/A;;0;284;0;0;;Disabled;TempStop;3;740;292.9;152.9;251.1;0;599.9;549.9;Enabled;PosOk;3;0;0;0;0;0;15;Disabled;0;0;0;0;0;0;0;0;0;0;0;0;0;0;0;0;0;0;0;0;0;0;0;0;0;0;0;0;0;0;0;0;0;0;0;0;0;0;0;0;0;0;0;0;0;0;0;0;0;0;0;0;0;0;0;0;0;0;0;0;0;0;0;0;0;0;0;0;0;0;30;30;20;45;30;30;20;45;30;31;20;45;30;30;20;45;200;215;100;300;200;213;100;300;200;208;100;300;200;208;100;300;30;30;20;45;30;30;20;45;30;31;20;45;30;30;20;45;200;231;100;300;200;229;100;300;200;144;100;300;200;144;100;300;4;3;0.4;6;4;5;0.4;6;4;2;0.4;6;4;5;0.4;6;4;3;0.4;6;4;5;0.4;6;4;3;0.4;6;4;5;0.4;6;NOK;NOK;OK;8000;7917;7500;9000;OK;6.81;0;8;12;NOK;N/A;1.85;N/A;N/A;N/A;9;13.4;7;18;OK;;0;0;0;-;Disabled;TempOk;3;230;36.7;36.4;36.7;0;349.9;441354200 daimler 6900-7200;441354200 daimler 6900-7200;441354200 daimler 6900-7200
20260325_00:26:22;0;1;3;930;919.4;890;970;OK;930;931.3;890;970;OK;932.4;931.6;-20;-15.1;-50;-25;NOK;-20;-15.5;-50;-25;NOK;-17.8;-17.4;0;-20;-15;-50;-25;NOK;300;311;300;565;OK;0;0;N/A;N/A;N/A;N/A;N/A;N/A;N/A;N/A;N/A;N/A;N/A;N/A;N/A;N/A;N/A;N/A;N/A;N/A;N/A;N/A;N/A;N/A;N/A;N/A;N/A;N/A;N/A;N/A;N/A;N/A;N/A;N/A;N/A;N/A;N/A;N/A;N/A;N/A;N/A;N/A;N/A;N/A;N/A;N/A;N/A;N/A;N/A;N/A;N/A;N/A;N/A;N/A;N/A;N/A;N/A;N/A;N/A;N/A;N/A;N/A;N/A;N/A;N/A;N/A;N/A;N/A;N/A;N/A;N/A;N/A;N/A;N/A;N/A;N/A;N/A;N/A;N/A;N/A;N/A;N/A;N/A;N/A;N/A;N/A;N/A;N/A;N/A;N/A;N/A;N/A;N/A;N/A;N/A;N/A;N/A;N/A;N/A;N/A;;0;285.4;0;0;;Disabled;TempStop;3;740;295.7;151.8;252.2;0;599.9;549.9;Enabled;PosOk;3;0;0;0;0;0;15;Disabled;0;0;0;0;0;0;0;0;0;0;0;0;0;0;0;0;0;0;0;0;0;0;0;0;0;0;0;0;0;0;0;0;0;0;0;0;0;0;0;0;0;0;0;0;0;0;0;0;0;0;0;0;0;0;0;0;0;0;0;0;0;0;0;0;0;0;0;0;25;53;30;30;20;45;30;30;20;45;30;31;20;45;30;30;20;45;200;215;100;300;200;213;100;300;200;207;100;300;200;207;100;300;30;30;20;45;30;30;20;45;30;31;20;45;30;30;20;45;200;230;100;300;200;229;100;300;200;144;100;300;200;145;100;300;4;2;0.4;6;4;5;0.4;6;4;2;0.4;6;4;5;0.4;6;4;3;0.4;6;4;5;0.4;6;4;3;0.4;6;4;5;0.4;6;NOK;NOK;OK;8000;8069;7500;9000;OK;6.81;0;8;12;NOK;N/A;1.85;N/A;N/A;N/A;9;13.5;7;18;OK;;0;0;0;-;Disabled;TempOk;3;230;36.4;35.9;36.4;0;349.9;441354200 daimler 6900-7200;441354200 daimler 6900-7200;441354200 daimler 6900-7200
20260325_00:26:58;0;3;5;930;920.7;890;970;OK;930;930.6;890;970;OK;931.5;931;-20;-18.4;-50;-25;NOK;-20;-17.9;-50;-25;NOK;-14.8;-16.1;0;-20;-18.5;-50;-25;NOK;300;311;300;565;OK;0;0;N/A;N/A;N/A;N/A;N/A;N/A;N/A;N/A;N/A;N/A;N/A;N/A;N/A;N/A;N/A;N/A;N/A;N/A;N/A;N/A;N/A;N/A;N/A;N/A;N/A;N/A;N/A;N/A;N/A;N/A;N/A;N/A;N/A;N/A;N/A;N/A;N/A;N/A;N/A;N/A;N/A;N/A;N/A;N/A;N/A;N/A;N/A;N/A;N/A;N/A;N/A;N/A;N/A;N/A;N/A;N/A;N/A;N/A;N/A;N/A;N/A;N/A;N/A;N/A;N/A;N/A;N/A;N/A;N/A;N/A;N/A;N/A;N/A;N/A;N/A;N/A;N/A;N/A;N/A;N/A;N/A;N/A;N/A;N/A;N/A;N/A;N/A;N/A;N/A;N/A;N/A;N/A;N/A;N/A;N/A;N/A;N/A;N/A;;0;282.6;0;0;;Disabled;TempStop;3;740;291.5;150.2;250.7;0;599.9;549.9;Enabled;PosOk;3;0;0.5;0;0;0;15;Disabled;0;0;0;0;0;0;0;0;0;0;0;0;0;0;0;0;0;0;0;0;0;0;0;0;0;0;0;0;0;0;0;0;0;0;0;0;0;0;0;0;0;0;0;0;0;0;0;0;0;0;0;0;0;0;0;0;0;0;0;0;0;0;0;0;0;0;0;0;0;0;30;30;20;45;30;29;20;45;30;31;20;45;30;29;20;45;200;214;100;300;200;212;100;300;200;207;100;300;200;207;100;300;30;30;20;45;30;29;20;45;30;31;20;45;30;30;20;45;200;230;100;300;200;229;100;300;200;144;100;300;200;145;100;300;4;3;0.4;6;4;5;0.4;6;4;3;0.4;6;4;5;0.4;6;4;3;0.4;6;4;5;0.4;6;4;3;0.4;6;4;5;0.4;6;NOK;NOK;OK;8000;7929;7500;9000;OK;6.81;0;8;12;NOK;N/A;1.85;N/A;N/A;N/A;9;13.6;7;18;OK;;0;0;0;-;Disabled;TempOk;3;230;36.7;36.2;36.4;0;349.9;441354200 daimler 6900-7200;441354200 daimler 6900-7200;441354200 daimler 6900-7200
20260325_00:27:34;0;3;3;930;918.7;890;970;OK;930;931.4;890;970;OK;932.7;932.1;-20;-15.2;-50;-25;NOK;-20;-15.2;-50;-25;NOK;-14.6;-15.4;0;-20;-15.2;-50;-25;NOK;300;311;300;565;OK;0;0;N/A;N/A;N/A;N/A;N/A;N/A;N/A;N/A;N/A;N/A;N/A;N/A;N/A;N/A;N/A;N/A;N/A;N/A;N/A;N/A;N/A;N/A;N/A;N/A;N/A;N/A;N/A;N/A;N/A;N/A;N/A;N/A;N/A;N/A;N/A;N/A;N/A;N/A;N/A;N/A;N/A;N/A;N/A;N/A;N/A;N/A;N/A;N/A;N/A;N/A;N/A;N/A;N/A;N/A;N/A;N/A;N/A;N/A;N/A;N/A;N/A;N/A;N/A;N/A;N/A;N/A;N/A;N/A;N/A;N/A;N/A;N/A;N/A;N/A;N/A;N/A;N/A;N/A;N/A;N/A;N/A;N/A;N/A;N/A;N/A;N/A;N/A;N/A;N/A;N/A;N/A;N/A;N/A;N/A;N/A;N/A;N/A;N/A;;0;284.1;0;0;;Disabled;TempStop;3;740;292.6;146;250.4;0;599.9;549.9;Enabled;PosOk;3;0;0.5;0;0;0;15;Disabled;0;0;0;0;0;0;0;0;0;0;0;0;0;0;0;0;0;0;0;0;0;0;0;0;0;0;0;0;0;0;0;0;0;0;0;0;0;0;0;0;0;0;0;0;0;0;0;0;0;0;0;0;0;0;0;0;0;0;0;0;0;0;0;0;0;0;0;0;0;0;30;29;20;45;30;29;20;45;30;30;20;45;30;29;20;45;200;215;100;300;200;213;100;300;200;207;100;300;200;207;100;300;30;29;20;45;30;29;20;45;30;30;20;45;30;29;20;45;200;230;100;300;200;229;100;300;200;144;100;300;200;145;100;300;4;2;0.4;6;4;5;0.4;6;4;2;0.4;6;4;5;0.4;6;4;3;0.4;6;4;5;0.4;6;4;2;0.4;6;4;5;0.4;6;NOK;NOK;OK;8000;8067;7500;9000;OK;6.81;0;8;12;NOK;N/A;1.85;N/A;N/A;N/A;9;13;7;18;OK;;0;0;0;-;Disabled;TempOk;3;230;36.7;36.7;36.7;0;349.9;441354200 daimler 6900-7200;441354200 daimler 6900-7200;441354200 daimler 6900-7200
20260325_00:28:10;0;1;4;930;917.7;890;970;OK;930;931.5;890;970;OK;932.4;931.8;-20;-12.7;-50;-25;NOK;-20;-12.6;-50;-25;NOK;-15.5;-14.2;0;-20;-12.7;-50;-25;NOK;300;311;300;565;OK;0;0;N/A;N/A;N/A;N/A;N/A;N/A;N/A;N/A;N/A;N/A;N/A;N/A;N/A;N/A;N/A;N/A;N/A;N/A;N/A;N/A;N/A;N/A;N/A;N/A;N/A;N/A;N/A;N/A;N/A;N/A;N/A;N/A;N/A;N/A;N/A;N/A;N/A;N/A;N/A;N/A;N/A;N/A;N/A;N/A;N/A;N/A;N/A;N/A;N/A;N/A;N/A;N/A;N/A;N/A;N/A;N/A;N/A;N/A;N/A;N/A;N/A;N/A;N/A;N/A;N/A;N/A;N/A;N/A;N/A;N/A;N/A;N/A;N/A;N/A;N/A;N/A;N/A;N/A;N/A;N/A;N/A;N/A;N/A;N/A;N/A;N/A;N/A;N/A;N/A;N/A;N/A;N/A;N/A;N/A;N/A;N/A;N/A;N/A;;0;284.5;0;0;;Disabled;TempStop;3;740;293.8;153.3;251.4;0;599.9;549.9;Enabled;PosOk;3;0;0;0;0;0;15;Disabled;0;0;0;0;0;0;0;0;0;0;0;0;0;0;0;0;0;0;0;0;0;0;0;0;0;0;0;0;0;0;0;0;0;0;0;0;0;0;0;0;0;0;0;0;0;0;0;0;0;0;0;0;0;0;0;0;0;0;0;0;0;0;0;0;0;0;0;0;27;41;30;29;20;45;30;29;20;45;30;30;20;45;30;29;20;45;200;215;100;300;200;213;100;300;200;208;100;300;200;207;100;300;30;29;20;45;30;29;20;45;30;30;20;45;30;29;20;45;200;230;100;300;200;229;100;300;200;144;100;300;200;144;100;300;4;2;0.4;6;4;5;0.4;6;4;2;0.4;6;4;5;0.4;6;4;3;0.4;6;4;5;0.4;6;4;3;0.4;6;4;5;0.4;6;NOK;NOK;OK;8000;8059;7500;9000;OK;6.81;0;8;12;NOK;N/A;1.85;N/A;N/A;N/A;9;12.9;7;18;OK;;0;0;0;-;Disabled;TempOk;3;230;36.7;36.9;36.7;0;349.9;441354200 daimler 6900-7200;441354200 daimler 6900-7200;441354200 daimler 6900-7200
20260325_00:28:46;0;3;4;930;919.8;890;970;OK;930;931.2;890;970;OK;932.2;931.7;-20;-15;-50;-25;NOK;-20;-15.5;-50;-25;NOK;-17.4;-17.3;0;-20;-14.8;-50;-25;NOK;300;311;300;565;OK;0;0;N/A;N/A;N/A;N/A;N/A;N/A;N/A;N/A;N/A;N/A;N/A;N/A;N/A;N/A;N/A;N/A;N/A;N/A;N/A;N/A;N/A;N/A;N/A;N/A;N/A;N/A;N/A;N/A;N/A;N/A;N/A;N/A;N/A;N/A;N/A;N/A;N/A;N/A;N/A;N/A;N/A;N/A;N/A;N/A;N/A;N/A;N/A;N/A;N/A;N/A;N/A;N/A;N/A;N/A;N/A;N/A;N/A;N/A;N/A;N/A;N/A;N/A;N/A;N/A;N/A;N/A;N/A;N/A;N/A;N/A;N/A;N/A;N/A;N/A;N/A;N/A;N/A;N/A;N/A;N/A;N/A;N/A;N/A;N/A;N/A;N/A;N/A;N/A;N/A;N/A;N/A;N/A;N/A;N/A;N/A;N/A;N/A;N/A;;0;282.1;0;0;;Disabled;TempStop;3;740;293.1;147.1;252.5;0;599.9;549.9;Enabled;PosOk;3;0;0.3;0;0;0;15;Disabled;0;0;0;0;0;0;0;0;0;0;0;0;0;0;0;0;0;0;0;0;0;0;0;0;0;0;0;0;0;0;0;0;0;0;0;0;0;0;0;0;0;0;0;0;0;0;0;0;0;0;0;0;0;0;0;0;0;0;0;0;0;0;0;0;0;0;0;0;0;0;30;29;20;45;30;30;20;45;30;30;20;45;30;30;20;45;200;214;100;300;200;213;100;300;200;207;100;300;200;207;100;300;30;30;20;45;30;30;20;45;30;30;20;45;30;30;20;45;200;231;100;300;200;229;100;300;200;144;100;300;200;145;100;300;4;2;0.4;6;4;5;0.4;6;4;2;0.4;6;4;5;0.4;6;4;2;0.4;6;4;5;0.4;6;4;2;0.4;6;4;5;0.4;6;NOK;NOK;OK;8000;8052;7500;9000;OK;6.81;0;8;12;NOK;N/A;1.85;N/A;N/A;N/A;9;12.9;7;18;OK;;0;0;0;-;Disabled;TempOk;3;230;35.9;36.2;36.4;0;349.9;441354200 daimler 6900-7200;441354200 daimler 6900-7200;441354200 daimler 6900-7200
20260325_00:29:22;0;1;1;930;919.9;890;970;OK;930;931.6;890;970;OK;932.2;931.8;-20;-17.2;-50;-25;NOK;-20;-17;-50;-25;NOK;-16.6;-16.7;0;-20;-17.2;-50;-25;NOK;300;311;300;565;OK;0;0;N/A;N/A;N/A;N/A;N/A;N/A;N/A;N/A;N/A;N/A;N/A;N/A;N/A;N/A;N/A;N/A;N/A;N/A;N/A;N/A;N/A;N/A;N/A;N/A;N/A;N/A;N/A;N/A;N/A;N/A;N/A;N/A;N/A;N/A;N/A;N/A;N/A;N/A;N/A;N/A;N/A;N/A;N/A;N/A;N/A;N/A;N/A;N/A;N/A;N/A;N/A;N/A;N/A;N/A;N/A;N/A;N/A;N/A;N/A;N/A;N/A;N/A;N/A;N/A;N/A;N/A;N/A;N/A;N/A;N/A;N/A;N/A;N/A;N/A;N/A;N/A;N/A;N/A;N/A;N/A;N/A;N/A;N/A;N/A;N/A;N/A;N/A;N/A;N/A;N/A;N/A;N/A;N/A;N/A;N/A;N/A;N/A;N/A;;0;285.7;0;0;;Disabled;TempStop;3;740;296.2;151;253.2;0;599.9;549.9;Enabled;PosOk;3;0;0;0;0;0;15;Disabled;0;0;0;0;0;0;0;0;0;0;0;0;0;0;0;0;0;0;0;0;0;0;0;0;0;0;0;0;0;0;0;0;0;0;0;0;0;0;0;0;0;0;0;0;0;0;0;0;0;0;0;0;0;0;0;0;0;0;0;0;0;0;0;0;0;0;0;0;0;0;30;30;20;45;30;30;20;45;30;30;20;45;30;30;20;45;200;215;100;300;200;213;100;300;200;208;100;300;200;207;100;300;30;30;20;45;30;30;20;45;30;31;20;45;30;30;20;45;200;230;100;300;200;229;100;300;200;144;100;300;200;145;100;300;4;2;0.4;6;4;5;0.4;6;4;2;0.4;6;4;5;0.4;6;4;3;0.4;6;4;5;0.4;6;4;3;0.4;6;4;5;0.4;6;NOK;NOK;OK;8000;7937;7500;9000;OK;6.81;0;8;12;NOK;N/A;1.86;N/A;N/A;N/A;9;12.8;7;18;OK;;0;0;0;-;Disabled;TempOk;3;230;37.2;36.2;36.9;0;349.9;441354200 daimler 6900-7200;441354200 daimler 6900-7200;441354200 daimler 6900-7200
20260325_00:29:58;0;3;1;930;919.3;890;970;OK;930;931.7;890;970;OK;933.5;932.8;-20;-16.9;-50;-25;NOK;-20;-16.4;-50;-25;NOK;-14;-15.1;0;-20;-17;-50;-25;NOK;300;311;300;565;OK;0;0;N/A;N/A;N/A;N/A;N/A;N/A;N/A;N/A;N/A;N/A;N/A;N/A;N/A;N/A;N/A;N/A;N/A;N/A;N/A;N/A;N/A;N/A;N/A;N/A;N/A;N/A;N/A;N/A;N/A;N/A;N/A;N/A;N/A;N/A;N/A;N/A;N/A;N/A;N/A;N/A;N/A;N/A;N/A;N/A;N/A;N/A;N/A;N/A;N/A;N/A;N/A;N/A;N/A;N/A;N/A;N/A;N/A;N/A;N/A;N/A;N/A;N/A;N/A;N/A;N/A;N/A;N/A;N/A;N/A;N/A;N/A;N/A;N/A;N/A;N/A;N/A;N/A;N/A;N/A;N/A;N/A;N/A;N/A;N/A;N/A;N/A;N/A;N/A;N/A;N/A;N/A;N/A;N/A;N/A;N/A;N/A;N/A;N/A;;0;283.7;0;0;;Disabled;TempStop;3;740;293.6;152.6;253.5;0;599.9;549.9;Enabled;PosOk;3;0;0;0;0;0;15;Disabled;0;0;0;0;0;0;0;0;0;0;0;0;0;0;0;0;0;0;0;0;0;0;0;0;0;0;0;0;0;0;0;0;0;0;0;0;0;0;0;0;0;0;0;0;0;0;0;0;0;0;0;0;0;0;0;0;0;0;0;0;0;0;0;0;0;0;0;0;0;0;30;30;20;45;30;30;20;45;30;30;20;45;30;30;20;45;200;215;100;300;200;213;100;300;200;208;100;300;200;208;100;300;30;30;20;45;30;30;20;45;30;31;20;45;30;30;20;45;200;231;100;300;200;229;100;300;200;144;100;300;200;145;100;300;4;3;0.4;6;4;5;0.4;6;4;2;0.4;6;4;5;0.4;6;4;3;0.4;6;4;5;0.4;6;4;2;0.4;6;4;5;0.4;6;NOK;NOK;OK;8000;8067;7500;9000;OK;6.81;0;8;12;NOK;N/A;1.85;N/A;N/A;N/A;9;12.7;7;18;OK;;0;0;0;-;Disabled;TempOk;3;230;35.9;35.9;36.2;0;349.9;441354200 daimler 6900-7200;441354200 daimler 6900-7200;441354200 daimler 6900-7200
20260325_00:30:34;0;1;2;930;919.1;890;970;OK;930;931.4;890;970;OK;932.7;932;-20;-14.7;-50;-25;NOK;-20;-15.4;-50;-25;NOK;-16.1;-16.6;0;-20;-14.7;-50;-25;NOK;300;311;300;565;OK;0;0;N/A;N/A;N/A;N/A;N/A;N/A;N/A;N/A;N/A;N/A;N/A;N/A;N/A;N/A;N/A;N/A;N/A;N/A;N/A;N/A;N/A;N/A;N/A;N/A;N/A;N/A;N/A;N/A;N/A;N/A;N/A;N/A;N/A;N/A;N/A;N/A;N/A;N/A;N/A;N/A;N/A;N/A;N/A;N/A;N/A;N/A;N/A;N/A;N/A;N/A;N/A;N/A;N/A;N/A;N/A;N/A;N/A;N/A;N/A;N/A;N/A;N/A;N/A;N/A;N/A;N/A;N/A;N/A;N/A;N/A;N/A;N/A;N/A;N/A;N/A;N/A;N/A;N/A;N/A;N/A;N/A;N/A;N/A;N/A;N/A;N/A;N/A;N/A;N/A;N/A;N/A;N/A;N/A;N/A;N/A;N/A;N/A;N/A;;0;284;0;0;;Disabled;TempStop;3;740;293.8;147.4;251;0;599.9;549.9;Enabled;PosOk;3;0;0.5;0;0;0;15;Disabled;0;0;0;0;0;0;0;0;0;0;0;0;0;0;0;0;0;0;0;0;0;0;0;0;0;0;0;0;0;0;0;0;0;0;0;0;0;0;0;0;0;0;0;0;0;0;0;0;0;0;0;0;0;0;0;0;0;0;0;0;0;0;0;0;0;0;0;0;0;0;30;30;20;45;30;30;20;45;30;31;20;45;30;30;20;45;200;216;100;300;200;213;100;300;200;208;100;300;200;208;100;300;30;30;20;45;30;30;20;45;30;31;20;45;30;30;20;45;200;230;100;300;200;230;100;300;200;144;100;300;200;145;100;300;4;2;0.4;6;4;4;0.4;6;4;2;0.4;6;4;5;0.4;6;4;2;0.4;6;4;5;0.4;6;4;3;0.4;6;4;5;0.4;6;NOK;NOK;OK;8000;8067;7500;9000;OK;6.81;0;8;12;NOK;N/A;1.85;N/A;N/A;N/A;9;12.7;7;18;OK;;0;0;0;-;Disabled;TempOk;3;230;35.9;35.9;35.7;0;349.9;441354200 daimler 6900-7200;441354200 daimler 6900-7200;441354200 daimler 6900-7200
20260325_00:31:10;0;3;2;930;919.7;890;970;OK;930;931.6;890;970;OK;932.8;932;-20;-16.8;-50;-25;NOK;-20;-17.1;-50;-25;NOK;-15.9;-17;0;-20;-16.6;-50;-25;NOK;300;311;300;565;OK;0;0;N/A;N/A;N/A;N/A;N/A;N/A;N/A;N/A;N/A;N/A;N/A;N/A;N/A;N/A;N/A;N/A;N/A;N/A;N/A;N/A;N/A;N/A;N/A;N/A;N/A;N/A;N/A;N/A;N/A;N/A;N/A;N/A;N/A;N/A;N/A;N/A;N/A;N/A;N/A;N/A;N/A;N/A;N/A;N/A;N/A;N/A;N/A;N/A;N/A;N/A;N/A;N/A;N/A;N/A;N/A;N/A;N/A;N/A;N/A;N/A;N/A;N/A;N/A;N/A;N/A;N/A;N/A;N/A;N/A;N/A;N/A;N/A;N/A;N/A;N/A;N/A;N/A;N/A;N/A;N/A;N/A;N/A;N/A;N/A;N/A;N/A;N/A;N/A;N/A;N/A;N/A;N/A;N/A;N/A;N/A;N/A;N/A;N/A;;0;281.4;0;0;;Disabled;TempStop;3;740;289.8;148.7;248.9;0;599.9;549.9;Enabled;PosOk;3;0;0;0;0;0;15;Disabled;0;0;0;0;0;0;0;0;0;0;0;0;0;0;0;0;0;0;0;0;0;0;0;0;0;0;0;0;0;0;0;0;0;0;0;0;0;0;0;0;0;0;0;0;0;0;0;0;0;0;0;0;0;0;0;0;0;0;0;0;0;0;0;0;0;0;0;0;0;0;30;30;20;45;30;30;20;45;30;30;20;45;30;30;20;45;200;215;100;300;200;213;100;300;200;207;100;300;200;208;100;300;30;30;20;45;30;30;20;45;30;31;20;45;30;30;20;45;200;231;100;300;200;229;100;300;200;144;100;300;200;145;100;300;4;2;0.4;6;4;5;0.4;6;4;2;0.4;6;4;5;0.4;6;4;3;0.4;6;4;5;0.4;6;4;2;0.4;6;4;5;0.4;6;NOK;NOK;OK;8000;8063;7500;9000;OK;6.81;0;8;12;NOK;N/A;1.85;N/A;N/A;N/A;9;12.7;7;18;OK;;0;0;0;-;Disabled;TempOk;3;230;35.7;35.7;36.4;0;349.9;441354200 daimler 6900-7200;441354200 daimler 6900-7200;441354200 daimler 6900-7200
20260325_00:31:46;0;1;3;930;919.8;890;970;OK;930;931.1;890;970;OK;932.2;931.6;-20;-15;-50;-25;NOK;-20;-15.4;-50;-25;NOK;-17.8;-17.4;0;-20;-14.9;-50;-25;NOK;300;311;300;565;OK;0;0;N/A;N/A;N/A;N/A;N/A;N/A;N/A;N/A;N/A;N/A;N/A;N/A;N/A;N/A;N/A;N/A;N/A;N/A;N/A;N/A;N/A;N/A;N/A;N/A;N/A;N/A;N/A;N/A;N/A;N/A;N/A;N/A;N/A;N/A;N/A;N/A;N/A;N/A;N/A;N/A;N/A;N/A;N/A;N/A;N/A;N/A;N/A;N/A;N/A;N/A;N/A;N/A;N/A;N/A;N/A;N/A;N/A;N/A;N/A;N/A;N/A;N/A;N/A;N/A;N/A;N/A;N/A;N/A;N/A;N/A;N/A;N/A;N/A;N/A;N/A;N/A;N/A;N/A;N/A;N/A;N/A;N/A;N/A;N/A;N/A;N/A;N/A;N/A;N/A;N/A;N/A;N/A;N/A;N/A;N/A;N/A;N/A;N/A;;0;282.9;0;0;;Disabled;TempStop;3;740;293.4;153.5;252.9;0;599.9;549.9;Enabled;PosOk;3;0;1;0;0;0;15;Disabled;0;0;0;0;0;0;0;0;0;0;0;0;0;0;0;0;0;0;0;0;0;0;0;0;0;0;0;0;0;0;0;0;0;0;0;0;0;0;0;0;0;0;0;0;0;0;0;0;0;0;0;0;0;0;0;0;0;0;0;0;0;0;0;0;0;0;0;0;31;17;30;30;20;45;30;30;20;45;30;30;20;45;30;30;20;45;200;215;100;300;200;213;100;300;200;208;100;300;200;209;100;300;30;30;20;45;30;30;20;45;30;31;20;45;30;30;20;45;200;230;100;300;200;229;100;300;200;144;100;300;200;145;100;300;4;3;0.4;6;4;5;0.4;6;4;2;0.4;6;4;5;0.4;6;4;3;0.4;6;4;5;0.4;6;4;2;0.4;6;4;5;0.4;6;NOK;NOK;OK;8000;8052;7500;9000;OK;6.81;0;8;12;NOK;N/A;1.85;N/A;N/A;N/A;9;12.7;7;18;OK;;0;0;0;-;Disabled;TempOk;3;230;35.9;35.9;36.2;0;349.9;441354200 daimler 6900-7200;441354200 daimler 6900-7200;441354200 daimler 6900-7200
20260325_00:32:22;0;3;5;930;920.8;890;970;OK;930;930.6;890;970;OK;931.7;931.2;-20;-18.4;-50;-25;NOK;-20;-17.6;-50;-25;NOK;-14.8;-16;0;-20;-18.4;-50;-25;NOK;300;311;300;565;OK;0;0;N/A;N/A;N/A;N/A;N/A;N/A;N/A;N/A;N/A;N/A;N/A;N/A;N/A;N/A;N/A;N/A;N/A;N/A;N/A;N/A;N/A;N/A;N/A;N/A;N/A;N/A;N/A;N/A;N/A;N/A;N/A;N/A;N/A;N/A;N/A;N/A;N/A;N/A;N/A;N/A;N/A;N/A;N/A;N/A;N/A;N/A;N/A;N/A;N/A;N/A;N/A;N/A;N/A;N/A;N/A;N/A;N/A;N/A;N/A;N/A;N/A;N/A;N/A;N/A;N/A;N/A;N/A;N/A;N/A;N/A;N/A;N/A;N/A;N/A;N/A;N/A;N/A;N/A;N/A;N/A;N/A;N/A;N/A;N/A;N/A;N/A;N/A;N/A;N/A;N/A;N/A;N/A;N/A;N/A;N/A;N/A;N/A;N/A;;0;279.4;0;0;;Disabled;TempStop;3;740;288.3;146.1;246.1;0;599.9;549.9;Enabled;PosOk;3;0;0.5;0;0;0;15;Disabled;0;0;0;0;0;0;0;0;0;0;0;0;0;0;0;0;0;0;0;0;0;0;0;0;0;0;0;0;0;0;0;0;0;0;0;0;0;0;0;0;0;0;0;0;0;0;0;0;0;0;0;0;0;0;0;0;0;0;0;0;0;0;0;0;0;0;0;0;0;0;30;30;20;45;30;30;20;45;30;31;20;45;30;30;20;45;200;215;100;300;200;212;100;300;200;208;100;300;200;208;100;300;30;30;20;45;30;30;20;45;30;31;20;45;30;30;20;45;200;230;100;300;200;229;100;300;200;144;100;300;200;145;100;300;4;3;0.4;6;4;5;0.4;6;4;2;0.4;6;4;5;0.4;6;4;3;0.4;6;4;5;0.4;6;4;2;0.4;6;4;5;0.4;6;NOK;NOK;OK;8000;8066;7500;9000;OK;6.81;0;8;12;NOK;N/A;1.85;N/A;N/A;N/A;9;13.3;7;18;OK;;0;0;0;-;Disabled;TempOk;3;230;35.7;35.7;35.9;0;349.9;441354200 daimler 6900-7200;441354200 daimler 6900-7200;441354200 daimler 6900-7200
20260325_00:32:58;0;3;3;930;918.9;890;970;OK;930;931.5;890;970;OK;932.5;931.9;-20;-15;-50;-25;NOK;-20;-15.2;-50;-25;NOK;-14.6;-15.4;0;-20;-15;-50;-25;NOK;300;311;300;565;OK;0;0;N/A;N/A;N/A;N/A;N/A;N/A;N/A;N/A;N/A;N/A;N/A;N/A;N/A;N/A;N/A;N/A;N/A;N/A;N/A;N/A;N/A;N/A;N/A;N/A;N/A;N/A;N/A;N/A;N/A;N/A;N/A;N/A;N/A;N/A;N/A;N/A;N/A;N/A;N/A;N/A;N/A;N/A;N/A;N/A;N/A;N/A;N/A;N/A;N/A;N/A;N/A;N/A;N/A;N/A;N/A;N/A;N/A;N/A;N/A;N/A;N/A;N/A;N/A;N/A;N/A;N/A;N/A;N/A;N/A;N/A;N/A;N/A;N/A;N/A;N/A;N/A;N/A;N/A;N/A;N/A;N/A;N/A;N/A;N/A;N/A;N/A;N/A;N/A;N/A;N/A;N/A;N/A;N/A;N/A;N/A;N/A;N/A;N/A;;0;282.2;0;0;;Disabled;TempStop;3;740;290.3;151.1;251.1;0;599.9;549.9;Enabled;PosOk;3;0;1.2;0;0;0;15;Disabled;0;0;0;0;0;0;0;0;0;0;0;0;0;0;0;0;0;0;0;0;0;0;0;0;0;0;0;0;0;0;0;0;0;0;0;0;0;0;0;0;0;0;0;0;0;0;0;0;0;0;0;0;0;0;0;0;0;0;0;0;0;0;0;0;0;0;0;0;0;0;30;30;20;45;30;30;20;45;30;31;20;45;30;30;20;45;200;215;100;300;200;213;100;300;200;207;100;300;200;208;100;300;30;30;20;45;30;30;20;45;30;31;20;45;30;30;20;45;200;230;100;300;200;228;100;300;200;144;100;300;200;144;100;300;4;3;0.4;6;4;5;0.4;6;4;2;0.4;6;4;5;0.4;6;4;3;0.4;6;4;5;0.4;6;4;2;0.4;6;4;5;0.4;6;NOK;NOK;OK;8000;8070;7500;9000;OK;6.81;0;8;12;NOK;N/A;1.85;N/A;N/A;N/A;9;13.3;7;18;OK;;0;0;0;-;Disabled;TempOk;3;230;35.4;35.4;35.4;0;349.9;441354200 daimler 6900-7200;441354200 daimler 6900-7200;441354200 daimler 6900-7200
20260325_00:33:33;0;1;4;930;917;890;970;OK;930;931.3;890;970;OK;932.2;931.7;-20;-12.6;-50;-25;NOK;-20;-12.6;-50;-25;NOK;-15.4;-14;0;-20;-12.6;-50;-25;NOK;300;311;300;565;OK;0;0;N/A;N/A;N/A;N/A;N/A;N/A;N/A;N/A;N/A;N/A;N/A;N/A;N/A;N/A;N/A;N/A;N/A;N/A;N/A;N/A;N/A;N/A;N/A;N/A;N/A;N/A;N/A;N/A;N/A;N/A;N/A;N/A;N/A;N/A;N/A;N/A;N/A;N/A;N/A;N/A;N/A;N/A;N/A;N/A;N/A;N/A;N/A;N/A;N/A;N/A;N/A;N/A;N/A;N/A;N/A;N/A;N/A;N/A;N/A;N/A;N/A;N/A;N/A;N/A;N/A;N/A;N/A;N/A;N/A;N/A;N/A;N/A;N/A;N/A;N/A;N/A;N/A;N/A;N/A;N/A;N/A;N/A;N/A;N/A;N/A;N/A;N/A;N/A;N/A;N/A;N/A;N/A;N/A;N/A;N/A;N/A;N/A;N/A;;0;283.9;0;0;;Disabled;TempStop;3;740;293.4;149.9;251.7;0;599.9;549.9;Enabled;PosOk;3;0;0;0;0;0;15;Disabled;0;0;0;0;0;0;0;0;0;0;0;0;0;0;0;0;0;0;0;0;0;0;0;0;0;0;0;0;0;0;0;0;0;0;0;0;0;0;0;0;0;0;0;0;0;0;0;0;0;0;0;0;0;0;0;0;0;0;0;0;0;0;0;0;0;0;0;0;33;5;30;30;20;45;30;30;20;45;30;31;20;45;30;30;20;45;200;215;100;300;200;213;100;300;200;207;100;300;200;208;100;300;30;30;20;45;30;30;20;45;30;31;20;45;30;30;20;45;200;230;100;300;200;229;100;300;200;144;100;300;200;145;100;300;4;2;0.4;6;4;5;0.4;6;4;2;0.4;6;4;5;0.4;6;4;3;0.4;6;4;5;0.4;6;4;3;0.4;6;4;5;0.4;6;NOK;NOK;OK;8000;8049;7500;9000;OK;6.81;0;8;12;NOK;N/A;1.85;N/A;N/A;N/A;9;13.3;7;18;OK;;0;0;0;-;Disabled;TempOk;3;230;35.9;35.7;36.9;0;349.9;441354200 daimler 6900-7200;441354200 daimler 6900-7200;441354200 daimler 6900-7200
20260325_00:34:09;0;3;4;930;919.5;890;970;OK;930;931.2;890;970;OK;932.1;931.6;-20;-14.7;-50;-25;NOK;-20;-15.6;-50;-25;NOK;-17.4;-17.3;0;-20;-14.6;-50;-25;NOK;300;311;300;565;OK;0;0;N/A;N/A;N/A;N/A;N/A;N/A;N/A;N/A;N/A;N/A;N/A;N/A;N/A;N/A;N/A;N/A;N/A;N/A;N/A;N/A;N/A;N/A;N/A;N/A;N/A;N/A;N/A;N/A;N/A;N/A;N/A;N/A;N/A;N/A;N/A;N/A;N/A;N/A;N/A;N/A;N/A;N/A;N/A;N/A;N/A;N/A;N/A;N/A;N/A;N/A;N/A;N/A;N/A;N/A;N/A;N/A;N/A;N/A;N/A;N/A;N/A;N/A;N/A;N/A;N/A;N/A;N/A;N/A;N/A;N/A;N/A;N/A;N/A;N/A;N/A;N/A;N/A;N/A;N/A;N/A;N/A;N/A;N/A;N/A;N/A;N/A;N/A;N/A;N/A;N/A;N/A;N/A;N/A;N/A;N/A;N/A;N/A;N/A;;0;281.5;0;0;;Disabled;TempStop;3;740;293.4;153.4;253.8;0;599.9;549.9;Enabled;PosOk;3;0;0.5;0;0;0;15;Disabled;0;0;0;0;0;0;0;0;0;0;0;0;0;0;0;0;0;0;0;0;0;0;0;0;0;0;0;0;0;0;0;0;0;0;0;0;0;0;0;0;0;0;0;0;0;0;0;0;0;0;0;0;0;0;0;0;0;0;0;0;0;0;0;0;0;0;0;0;0;0;30;30;20;45;30;30;20;45;30;31;20;45;30;30;20;45;200;216;100;300;200;213;100;300;200;208;100;300;200;208;100;300;30;30;20;45;30;30;20;45;30;31;20;45;30;30;20;45;200;230;100;300;200;229;100;300;200;144;100;300;200;145;100;300;4;2;0.4;6;4;5;0.4;6;4;2;0.4;6;4;5;0.4;6;4;3;0.4;6;4;5;0.4;6;4;3;0.4;6;4;5;0.4;6;NOK;NOK;OK;8000;8064;7500;9000;OK;6.81;0;8;12;NOK;N/A;1.85;N/A;N/A;N/A;9;13.5;7;18;OK;;0;0;0;-;Disabled;TempOk;3;230;35.7;36.4;36.9;0;349.9;441354200 daimler 6900-7200;441354200 daimler 6900-7200;441354200 daimler 6900-7200
20260325_00:34:45;0;1;1;930;919.2;890;970;OK;930;931.4;890;970;OK;932.2;931.9;-20;-17.1;-50;-25;NOK;-20;-17.1;-50;-25;NOK;-16.7;-16.8;0;-20;-17.2;-50;-25;NOK;300;311;300;565;OK;0;0;N/A;N/A;N/A;N/A;N/A;N/A;N/A;N/A;N/A;N/A;N/A;N/A;N/A;N/A;N/A;N/A;N/A;N/A;N/A;N/A;N/A;N/A;N/A;N/A;N/A;N/A;N/A;N/A;N/A;N/A;N/A;N/A;N/A;N/A;N/A;N/A;N/A;N/A;N/A;N/A;N/A;N/A;N/A;N/A;N/A;N/A;N/A;N/A;N/A;N/A;N/A;N/A;N/A;N/A;N/A;N/A;N/A;N/A;N/A;N/A;N/A;N/A;N/A;N/A;N/A;N/A;N/A;N/A;N/A;N/A;N/A;N/A;N/A;N/A;N/A;N/A;N/A;N/A;N/A;N/A;N/A;N/A;N/A;N/A;N/A;N/A;N/A;N/A;N/A;N/A;N/A;N/A;N/A;N/A;N/A;N/A;N/A;N/A;;0;284.6;0;0;;Disabled;TempStop;3;740;294.8;152;254.6;0;599.9;549.9;Enabled;PosOk;3;0;0;0;0;0;15;Disabled;0;0;0;0;0;0;0;0;0;0;0;0;0;0;0;0;0;0;0;0;0;0;0;0;0;0;0;0;0;0;0;0;0;0;0;0;0;0;0;0;0;0;0;0;0;0;0;0;0;0;0;0;0;0;0;0;0;0;0;0;0;0;0;0;0;0;0;0;0;0;30;30;20;45;30;30;20;45;30;30;20;45;30;30;20;45;200;215;100;300;200;213;100;300;200;207;100;300;200;207;100;300;30;30;20;45;30;30;20;45;30;30;20;45;30;30;20;45;200;231;100;300;200;229;100;300;200;144;100;300;200;145;100;300;4;3;0.4;6;4;5;0.4;6;4;3;0.4;6;4;5;0.4;6;4;3;0.4;6;4;5;0.4;6;4;3;0.4;6;4;5;0.4;6;NOK;NOK;OK;8000;8058;7500;9000;OK;6.81;0;8;12;NOK;N/A;1.85;N/A;N/A;N/A;9;13.1;7;18;OK;;0;0;0;-;Disabled;TempOk;3;230;35.7;35.7;35.9;0;349.9;441354200 daimler 6900-7200;441354200 daimler 6900-7200;441354200 daimler 6900-7200
20260325_00:35:21;0;3;1;930;919.1;890;970;OK;930;931.7;890;970;OK;933.5;932.8;-20;-16.7;-50;-25;NOK;-20;-16.5;-50;-25;NOK;-14.1;-15.1;0;-20;-16.8;-50;-25;NOK;300;311;300;565;OK;0;0;N/A;N/A;N/A;N/A;N/A;N/A;N/A;N/A;N/A;N/A;N/A;N/A;N/A;N/A;N/A;N/A;N/A;N/A;N/A;N/A;N/A;N/A;N/A;N/A;N/A;N/A;N/A;N/A;N/A;N/A;N/A;N/A;N/A;N/A;N/A;N/A;N/A;N/A;N/A;N/A;N/A;N/A;N/A;N/A;N/A;N/A;N/A;N/A;N/A;N/A;N/A;N/A;N/A;N/A;N/A;N/A;N/A;N/A;N/A;N/A;N/A;N/A;N/A;N/A;N/A;N/A;N/A;N/A;N/A;N/A;N/A;N/A;N/A;N/A;N/A;N/A;N/A;N/A;N/A;N/A;N/A;N/A;N/A;N/A;N/A;N/A;N/A;N/A;N/A;N/A;N/A;N/A;N/A;N/A;N/A;N/A;N/A;N/A;;0;282.2;0;0;;Disabled;TempStop;3;740;291.7;150.7;251.6;0;599.9;549.9;Enabled;PosOk;3;0;0.3;0;0;0;15;Disabled;0;0;0;0;0;0;0;0;0;0;0;0;0;0;0;0;0;0;0;0;0;0;0;0;0;0;0;0;0;0;0;0;0;0;0;0;0;0;0;0;0;0;0;0;0;0;0;0;0;0;0;0;0;0;0;0;0;0;0;0;0;0;0;0;0;0;0;0;0;0;30;30;20;45;30;30;20;45;30;30;20;45;30;30;20;45;200;215;100;300;200;213;100;300;200;208;100;300;200;208;100;300;30;30;20;45;30;30;20;45;30;30;20;45;30;30;20;45;200;231;100;300;200;229;100;300;200;144;100;300;200;144;100;300;4;3;0.4;6;4;5;0.4;6;4;2;0.4;6;4;5;0.4;6;4;3;0.4;6;4;5;0.4;6;4;3;0.4;6;4;5;0.4;6;NOK;NOK;OK;8000;8054;7500;9000;OK;6.81;0;8;12;NOK;N/A;1.85;N/A;N/A;N/A;9;13;7;18;OK;;0;0;0;-;Disabled;TempOk;3;230;35.9;35.9;36.2;0;349.9;441354200 daimler 6900-7200;441354200 daimler 6900-7200;441354200 daimler 6900-7200
20260325_00:35:57;0;1;2;930;919.7;890;970;OK;930;931.5;890;970;OK;932.5;931.9;-20;-14.8;-50;-25;NOK;-20;-15.4;-50;-25;NOK;-16.2;-16.6;0;-20;-14.7;-50;-25;NOK;300;311;300;565;OK;0;0;N/A;N/A;N/A;N/A;N/A;N/A;N/A;N/A;N/A;N/A;N/A;N/A;N/A;N/A;N/A;N/A;N/A;N/A;N/A;N/A;N/A;N/A;N/A;N/A;N/A;N/A;N/A;N/A;N/A;N/A;N/A;N/A;N/A;N/A;N/A;N/A;N/A;N/A;N/A;N/A;N/A;N/A;N/A;N/A;N/A;N/A;N/A;N/A;N/A;N/A;N/A;N/A;N/A;N/A;N/A;N/A;N/A;N/A;N/A;N/A;N/A;N/A;N/A;N/A;N/A;N/A;N/A;N/A;N/A;N/A;N/A;N/A;N/A;N/A;N/A;N/A;N/A;N/A;N/A;N/A;N/A;N/A;N/A;N/A;N/A;N/A;N/A;N/A;N/A;N/A;N/A;N/A;N/A;N/A;N/A;N/A;N/A;N/A;;0;283.2;0;0;;Disabled;TempStop;3;740;292.3;150.8;251.3;0;599.9;549.9;Enabled;PosOk;3;0;0.7;0;0;0;15;Disabled;0;0;0;0;0;0;0;0;0;0;0;0;0;0;0;0;0;0;0;0;0;0;0;0;0;0;0;0;0;0;0;0;0;0;0;0;0;0;0;0;0;0;0;0;0;0;0;0;0;0;0;0;0;0;0;0;0;0;0;0;0;0;0;0;0;0;0;0;0;0;30;30;20;45;30;30;20;45;30;30;20;45;30;30;20;45;200;215;100;300;200;213;100;300;200;208;100;300;200;208;100;300;30;30;20;45;30;30;20;45;30;30;20;45;30;30;20;45;200;231;100;300;200;230;100;300;200;144;100;300;200;145;100;300;4;3;0.4;6;4;5;0.4;6;4;2;0.4;6;4;5;0.4;6;4;3;0.4;6;4;5;0.4;6;4;2;0.4;6;4;5;0.4;6;NOK;NOK;OK;8000;8076;7500;9000;OK;6.82;0;8;12;NOK;N/A;1.85;N/A;N/A;N/A;9;13;7;18;OK;;0;0;0;-;Disabled;TempOk;3;230;36.2;36.2;35.4;0;349.9;441354200 daimler 6900-7200;441354200 daimler 6900-7200;441354200 daimler 6900-7200
20260325_00:36:33;0;3;2;930;919.7;890;970;OK;930;931.7;890;970;OK;932.8;931.9;-20;-16.6;-50;-25;NOK;-20;-17.4;-50;-25;NOK;-16;-17.1;0;-20;-16.5;-50;-25;NOK;300;311;300;565;OK;0;0;N/A;N/A;N/A;N/A;N/A;N/A;N/A;N/A;N/A;N/A;N/A;N/A;N/A;N/A;N/A;N/A;N/A;N/A;N/A;N/A;N/A;N/A;N/A;N/A;N/A;N/A;N/A;N/A;N/A;N/A;N/A;N/A;N/A;N/A;N/A;N/A;N/A;N/A;N/A;N/A;N/A;N/A;N/A;N/A;N/A;N/A;N/A;N/A;N/A;N/A;N/A;N/A;N/A;N/A;N/A;N/A;N/A;N/A;N/A;N/A;N/A;N/A;N/A;N/A;N/A;N/A;N/A;N/A;N/A;N/A;N/A;N/A;N/A;N/A;N/A;N/A;N/A;N/A;N/A;N/A;N/A;N/A;N/A;N/A;N/A;N/A;N/A;N/A;N/A;N/A;N/A;N/A;N/A;N/A;N/A;N/A;N/A;N/A;;0;283.9;0;0;;Disabled;TempStop;3;740;293.1;148.4;249;0;599.9;549.9;Enabled;PosOk;3;0;0;0;0;0;15;Disabled;0;0;0;0;0;0;0;0;0;0;0;0;0;0;0;0;0;0;0;0;0;0;0;0;0;0;0;0;0;0;0;0;0;0;0;0;0;0;0;0;0;0;0;0;0;0;0;0;0;0;0;0;0;0;0;0;0;0;0;0;0;0;0;0;0;0;0;0;0;0;30;30;20;45;30;30;20;45;30;30;20;45;30;30;20;45;200;215;100;300;200;213;100;300;200;208;100;300;200;208;100;300;30;30;20;45;30;30;20;45;30;30;20;45;30;30;20;45;200;231;100;300;200;229;100;300;200;144;100;300;200;144;100;300;4;2;0.4;6;4;5;0.4;6;4;2;0.4;6;4;5;0.4;6;4;3;0.4;6;4;5;0.4;6;4;3;0.4;6;4;5;0.4;6;NOK;NOK;OK;8000;8052;7500;9000;OK;6.81;0;8;12;NOK;N/A;1.85;N/A;N/A;N/A;9;13;7;18;OK;;0;0;0;-;Disabled;TempOk;3;230;35.4;35.2;35.2;0;349.9;441354200 daimler 6900-7200;441354200 daimler 6900-7200;441354200 daimler 6900-7200
20260325_00:37:09;0;1;3;930;919.6;890;970;OK;930;931.2;890;970;OK;932.5;931.7;-20;-14.9;-50;-25;NOK;-20;-15.6;-50;-25;NOK;-17.8;-17.5;0;-20;-14.8;-50;-25;NOK;300;311;300;565;OK;0;0;N/A;N/A;N/A;N/A;N/A;N/A;N/A;N/A;N/A;N/A;N/A;N/A;N/A;N/A;N/A;N/A;N/A;N/A;N/A;N/A;N/A;N/A;N/A;N/A;N/A;N/A;N/A;N/A;N/A;N/A;N/A;N/A;N/A;N/A;N/A;N/A;N/A;N/A;N/A;N/A;N/A;N/A;N/A;N/A;N/A;N/A;N/A;N/A;N/A;N/A;N/A;N/A;N/A;N/A;N/A;N/A;N/A;N/A;N/A;N/A;N/A;N/A;N/A;N/A;N/A;N/A;N/A;N/A;N/A;N/A;N/A;N/A;N/A;N/A;N/A;N/A;N/A;N/A;N/A;N/A;N/A;N/A;N/A;N/A;N/A;N/A;N/A;N/A;N/A;N/A;N/A;N/A;N/A;N/A;N/A;N/A;N/A;N/A;;0;284.1;0;0;;Disabled;TempStop;3;740;294.5;152.3;252.3;0;599.9;549.9;Enabled;PosOk;3;0;0.3;0;0;0;15;Disabled;0;0;0;0;0;0;0;0;0;0;0;0;0;0;0;0;0;0;0;0;0;0;0;0;0;0;0;0;0;0;0;0;0;0;0;0;0;0;0;0;0;0;0;0;0;0;0;0;0;0;0;0;0;0;0;0;0;0;0;0;0;0;0;0;0;0;0;0;36;40;30;30;20;45;30;30;20;45;30;30;20;45;30;30;20;45;200;215;100;300;200;213;100;300;200;208;100;300;200;208;100;300;30;30;20;45;30;30;20;45;30;31;20;45;30;30;20;45;200;231;100;300;200;229;100;300;200;144;100;300;200;145;100;300;4;3;0.4;6;4;5;0.4;6;4;2;0.4;6;4;5;0.4;6;4;3;0.4;6;4;5;0.4;6;4;3;0.4;6;4;5;0.4;6;NOK;NOK;OK;8000;8059;7500;9000;OK;6.81;0;8;12;NOK;N/A;1.85;N/A;N/A;N/A;9;12.8;7;18;OK;;0;0;0;-;Disabled;TempOk;3;230;35.4;35.7;35.4;0;349.9;441354200 daimler 6900-7200;441354200 daimler 6900-7200;441354200 daimler 6900-7200
20260325_00:37:45;0;3;5;930;920.4;890;970;OK;930;930.7;890;970;OK;931.5;930.9;-20;-18;-50;-25;NOK;-20;-17.7;-50;-25;NOK;-15;-16.1;0;-20;-18.1;-50;-25;NOK;300;311;300;565;OK;0;0;N/A;N/A;N/A;N/A;N/A;N/A;N/A;N/A;N/A;N/A;N/A;N/A;N/A;N/A;N/A;N/A;N/A;N/A;N/A;N/A;N/A;N/A;N/A;N/A;N/A;N/A;N/A;N/A;N/A;N/A;N/A;N/A;N/A;N/A;N/A;N/A;N/A;N/A;N/A;N/A;N/A;N/A;N/A;N/A;N/A;N/A;N/A;N/A;N/A;N/A;N/A;N/A;N/A;N/A;N/A;N/A;N/A;N/A;N/A;N/A;N/A;N/A;N/A;N/A;N/A;N/A;N/A;N/A;N/A;N/A;N/A;N/A;N/A;N/A;N/A;N/A;N/A;N/A;N/A;N/A;N/A;N/A;N/A;N/A;N/A;N/A;N/A;N/A;N/A;N/A;N/A;N/A;N/A;N/A;N/A;N/A;N/A;N/A;;0;281.4;0;0;;Disabled;TempStop;3;740;291.1;145.3;247.7;0;599.9;549.9;Enabled;PosOk;3;0;0.8;0;0;0;15;Disabled;0;0;0;0;0;0;0;0;0;0;0;0;0;0;0;0;0;0;0;0;0;0;0;0;0;0;0;0;0;0;0;0;0;0;0;0;0;0;0;0;0;0;0;0;0;0;0;0;0;0;0;0;0;0;0;0;0;0;0;0;0;0;0;0;0;0;0;0;0;0;30;30;20;45;30;30;20;45;30;30;20;45;30;29;20;45;200;214;100;300;200;213;100;300;200;207;100;300;200;208;100;300;30;30;20;45;30;30;20;45;30;31;20;45;30;30;20;45;200;230;100;300;200;229;100;300;200;144;100;300;200;145;100;300;4;2;0.4;6;4;5;0.4;6;4;2;0.4;6;4;5;0.4;6;4;3;0.4;6;4;5;0.4;6;4;3;0.4;6;4;5;0.4;6;NOK;NOK;OK;8000;8074;7500;9000;OK;6.81;0;8;12;NOK;N/A;1.85;N/A;N/A;N/A;9;12.8;7;18;OK;;0;0;0;-;Disabled;TempOk;3;230;35.4;35.2;35.9;0;349.9;441354200 daimler 6900-7200;441354200 daimler 6900-7200;441354200 daimler 6900-7200
20260325_00:38:21;0;3;3;930;918.6;890;970;OK;930;931.3;890;970;OK;932.5;932.1;-20;-15.1;-50;-25;NOK;-20;-15.4;-50;-25;NOK;-14.7;-15.5;0;-20;-15;-50;-25;NOK;300;311;300;565;OK;0;0;N/A;N/A;N/A;N/A;N/A;N/A;N/A;N/A;N/A;N/A;N/A;N/A;N/A;N/A;N/A;N/A;N/A;N/A;N/A;N/A;N/A;N/A;N/A;N/A;N/A;N/A;N/A;N/A;N/A;N/A;N/A;N/A;N/A;N/A;N/A;N/A;N/A;N/A;N/A;N/A;N/A;N/A;N/A;N/A;N/A;N/A;N/A;N/A;N/A;N/A;N/A;N/A;N/A;N/A;N/A;N/A;N/A;N/A;N/A;N/A;N/A;N/A;N/A;N/A;N/A;N/A;N/A;N/A;N/A;N/A;N/A;N/A;N/A;N/A;N/A;N/A;N/A;N/A;N/A;N/A;N/A;N/A;N/A;N/A;N/A;N/A;N/A;N/A;N/A;N/A;N/A;N/A;N/A;N/A;N/A;N/A;N/A;N/A;;0;281.4;0;0;;Disabled;TempStop;3;740;289.7;148.3;248.8;0;599.9;549.9;Enabled;PosOk;3;0;0.5;0;0;0;15;Disabled;0;0;0;0;0;0;0;0;0;0;0;0;0;0;0;0;0;0;0;0;0;0;0;0;0;0;0;0;0;0;0;0;0;0;0;0;0;0;0;0;0;0;0;0;0;0;0;0;0;0;0;0;0;0;0;0;0;0;0;0;0;0;0;0;0;0;0;0;0;0;30;30;20;45;30;29;20;45;30;30;20;45;30;29;20;45;200;215;100;300;200;212;100;300;200;207;100;300;200;207;100;300;30;29;20;45;30;29;20;45;30;30;20;45;30;29;20;45;200;230;100;300;200;229;100;300;200;144;100;300;200;145;100;300;4;2;0.4;6;4;5;0.4;6;4;2;0.4;6;4;5;0.4;6;4;2;0.4;6;4;5;0.4;6;4;3;0.4;6;4;5;0.4;6;NOK;NOK;OK;8000;8053;7500;9000;OK;6.81;0;8;12;NOK;N/A;1.85;N/A;N/A;N/A;9;12.7;7;18;OK;;0;0;0;-;Disabled;TempOk;3;230;35.4;35.2;35.4;0;349.9;441354200 daimler 6900-7200;441354200 daimler 6900-7200;441354200 daimler 6900-7200
20260325_00:38:57;0;1;4;930;919.4;890;970;OK;930;931.5;890;970;OK;932;931.8;-20;-12.7;-50;-25;NOK;-20;-12.8;-50;-25;NOK;-15.5;-14;0;-20;-12.7;-50;-25;NOK;300;311;300;565;OK;0;0;N/A;N/A;N/A;N/A;N/A;N/A;N/A;N/A;N/A;N/A;N/A;N/A;N/A;N/A;N/A;N/A;N/A;N/A;N/A;N/A;N/A;N/A;N/A;N/A;N/A;N/A;N/A;N/A;N/A;N/A;N/A;N/A;N/A;N/A;N/A;N/A;N/A;N/A;N/A;N/A;N/A;N/A;N/A;N/A;N/A;N/A;N/A;N/A;N/A;N/A;N/A;N/A;N/A;N/A;N/A;N/A;N/A;N/A;N/A;N/A;N/A;N/A;N/A;N/A;N/A;N/A;N/A;N/A;N/A;N/A;N/A;N/A;N/A;N/A;N/A;N/A;N/A;N/A;N/A;N/A;N/A;N/A;N/A;N/A;N/A;N/A;N/A;N/A;N/A;N/A;N/A;N/A;N/A;N/A;N/A;N/A;N/A;N/A;;0;283;0;0;;Disabled;TempStop;3;740;293.2;145.7;250.5;0;599.9;549.9;Enabled;PosOk;3;0;0;0;0;0;15;Disabled;0;0;0;0;0;0;0;0;0;0;0;0;0;0;0;0;0;0;0;0;0;0;0;0;0;0;0;0;0;0;0;0;0;0;0;0;0;0;0;0;0;0;0;0;0;0;0;0;0;0;0;0;0;0;0;0;0;0;0;0;0;0;0;0;0;0;0;0;38;28;30;29;20;45;30;30;20;45;30;30;20;45;30;30;20;45;200;215;100;300;200;213;100;300;200;207;100;300;200;207;100;300;30;30;20;45;30;30;20;45;30;30;20;45;30;30;20;45;200;230;100;300;200;229;100;300;200;144;100;300;200;145;100;300;4;2;0.4;6;4;5;0.4;6;4;2;0.4;6;4;5;0.4;6;4;3;0.4;6;4;5;0.4;6;4;2;0.4;6;4;5;0.4;6;NOK;NOK;OK;8000;8070;7500;9000;OK;6.81;0;8;12;NOK;N/A;1.85;N/A;N/A;N/A;9;12.8;7;18;OK;;0;0;0;-;Disabled;TempOk;3;230;35.4;35.4;35.7;0;349.9;441354200 daimler 6900-7200;441354200 daimler 6900-7200;441354200 daimler 6900-7200
20260325_00:39:33;0;3;4;930;919.1;890;970;OK;930;931.3;890;970;OK;932.3;931.8;-20;-14.8;-50;-25;NOK;-20;-15.9;-50;-25;NOK;-17.6;-17.5;0;-20;-14.7;-50;-25;NOK;300;311;300;565;OK;0;0;N/A;N/A;N/A;N/A;N/A;N/A;N/A;N/A;N/A;N/A;N/A;N/A;N/A;N/A;N/A;N/A;N/A;N/A;N/A;N/A;N/A;N/A;N/A;N/A;N/A;N/A;N/A;N/A;N/A;N/A;N/A;N/A;N/A;N/A;N/A;N/A;N/A;N/A;N/A;N/A;N/A;N/A;N/A;N/A;N/A;N/A;N/A;N/A;N/A;N/A;N/A;N/A;N/A;N/A;N/A;N/A;N/A;N/A;N/A;N/A;N/A;N/A;N/A;N/A;N/A;N/A;N/A;N/A;N/A;N/A;N/A;N/A;N/A;N/A;N/A;N/A;N/A;N/A;N/A;N/A;N/A;N/A;N/A;N/A;N/A;N/A;N/A;N/A;N/A;N/A;N/A;N/A;N/A;N/A;N/A;N/A;N/A;N/A;;0;282.2;0;0;;Disabled;TempStop;3;740;295.1;151.7;255.2;0;599.9;549.9;Enabled;PosOk;3;0;0.3;0;0;0;15;Disabled;0;0;0;0;0;0;0;0;0;0;0;0;0;0;0;0;0;0;0;0;0;0;0;0;0;0;0;0;0;0;0;0;0;0;0;0;0;0;0;0;0;0;0;0;0;0;0;0;0;0;0;0;0;0;0;0;0;0;0;0;0;0;0;0;0;0;0;0;0;0;30;30;20;45;30;30;20;45;30;30;20;45;30;30;20;45;200;214;100;300;200;213;100;300;200;208;100;300;200;207;100;300;30;30;20;45;30;30;20;45;30;31;20;45;30;30;20;45;200;230;100;300;200;228;100;300;200;144;100;300;200;145;100;300;4;2;0.4;6;4;5;0.4;6;4;2;0.4;6;4;5;0.4;6;4;3;0.4;6;4;5;0.4;6;4;2;0.4;6;4;5;0.4;6;NOK;NOK;OK;8000;8072;7500;9000;OK;6.81;0;8;12;NOK;N/A;1.85;N/A;N/A;N/A;9;12.8;7;18;OK;;0;0;0;-;Disabled;TempOk;3;230;35.2;35.2;35.4;0;349.9;441354200 daimler 6900-7200;441354200 daimler 6900-7200;441354200 daimler 6900-7200
20260325_00:40:09;0;1;1;930;919.7;890;970;OK;930;931.6;890;970;OK;932.4;931.8;-20;-17.2;-50;-25;NOK;-20;-17;-50;-25;NOK;-16.9;-16.9;0;-20;-17.2;-50;-25;NOK;300;311;300;565;OK;0;0;N/A;N/A;N/A;N/A;N/A;N/A;N/A;N/A;N/A;N/A;N/A;N/A;N/A;N/A;N/A;N/A;N/A;N/A;N/A;N/A;N/A;N/A;N/A;N/A;N/A;N/A;N/A;N/A;N/A;N/A;N/A;N/A;N/A;N/A;N/A;N/A;N/A;N/A;N/A;N/A;N/A;N/A;N/A;N/A;N/A;N/A;N/A;N/A;N/A;N/A;N/A;N/A;N/A;N/A;N/A;N/A;N/A;N/A;N/A;N/A;N/A;N/A;N/A;N/A;N/A;N/A;N/A;N/A;N/A;N/A;N/A;N/A;N/A;N/A;N/A;N/A;N/A;N/A;N/A;N/A;N/A;N/A;N/A;N/A;N/A;N/A;N/A;N/A;N/A;N/A;N/A;N/A;N/A;N/A;N/A;N/A;N/A;N/A;;0;286.4;0;0;;Disabled;TempStop;3;740;297.1;155.6;255;0;599.9;549.9;Enabled;PosOk;3;0;0;0;0;0;15;Disabled;0;0;0;0;0;0;0;0;0;0;0;0;0;0;0;0;0;0;0;0;0;0;0;0;0;0;0;0;0;0;0;0;0;0;0;0;0;0;0;0;0;0;0;0;0;0;0;0;0;0;0;0;0;0;0;0;0;0;0;0;0;0;0;0;0;0;0;0;0;0;30;30;20;45;30;30;20;45;30;30;20;45;30;30;20;45;200;215;100;300;200;213;100;300;200;207;100;300;200;208;100;300;30;30;20;45;30;30;20;45;30;31;20;45;30;30;20;45;200;230;100;300;200;229;100;300;200;144;100;300;200;144;100;300;4;2;0.4;6;4;5;0.4;6;4;3;0.4;6;4;5;0.4;6;4;3;0.4;6;4;5;0.4;6;4;3;0.4;6;4;5;0.4;6;NOK;NOK;OK;8000;8065;7500;9000;OK;6.81;0;8;12;NOK;N/A;1.85;N/A;N/A;N/A;9;12.7;7;18;OK;;0;0;0;-;Disabled;TempOk;3;230;35.4;35.7;35.4;0;349.9;441354200 daimler 6900-7200;441354200 daimler 6900-7200;441354200 daimler 6900-7200
20260325_00:40:45;0;3;1;930;919.4;890;970;OK;930;931.6;890;970;OK;933.5;932.7;-20;-16.8;-50;-25;NOK;-20;-16.5;-50;-25;NOK;-14.2;-15.2;0;-20;-16.9;-50;-25;NOK;300;311;300;565;OK;0;0;N/A;N/A;N/A;N/A;N/A;N/A;N/A;N/A;N/A;N/A;N/A;N/A;N/A;N/A;N/A;N/A;N/A;N/A;N/A;N/A;N/A;N/A;N/A;N/A;N/A;N/A;N/A;N/A;N/A;N/A;N/A;N/A;N/A;N/A;N/A;N/A;N/A;N/A;N/A;N/A;N/A;N/A;N/A;N/A;N/A;N/A;N/A;N/A;N/A;N/A;N/A;N/A;N/A;N/A;N/A;N/A;N/A;N/A;N/A;N/A;N/A;N/A;N/A;N/A;N/A;N/A;N/A;N/A;N/A;N/A;N/A;N/A;N/A;N/A;N/A;N/A;N/A;N/A;N/A;N/A;N/A;N/A;N/A;N/A;N/A;N/A;N/A;N/A;N/A;N/A;N/A;N/A;N/A;N/A;N/A;N/A;N/A;N/A;;0;283.8;0;0;;Disabled;TempStop;3;740;294.8;150.4;252.9;0;599.9;549.9;Enabled;PosOk;3;0;0.3;0;0;0;15;Disabled;0;0;0;0;0;0;0;0;0;0;0;0;0;0;0;0;0;0;0;0;0;0;0;0;0;0;0;0;0;0;0;0;0;0;0;0;0;0;0;0;0;0;0;0;0;0;0;0;0;0;0;0;0;0;0;0;0;0;0;0;0;0;0;0;0;0;0;0;0;0;30;30;20;45;30;30;20;45;30;30;20;45;30;30;20;45;200;215;100;300;200;212;100;300;200;208;100;300;200;208;100;300;30;30;20;45;30;30;20;45;30;31;20;45;30;30;20;45;200;231;100;300;200;229;100;300;200;144;100;300;200;145;100;300;4;2;0.4;6;4;5;0.4;6;4;2;0.4;6;4;5;0.4;6;4;3;0.4;6;4;5;0.4;6;4;2;0.4;6;4;5;0.4;6;NOK;NOK;OK;8000;8070;7500;9000;OK;6.81;0;8;12;NOK;N/A;1.85;N/A;N/A;N/A;9;12.6;7;18;OK;;0;0;0;-;Disabled;TempOk;3;230;35.4;35.2;35.9;0;349.9;441354200 daimler 6900-7200;441354200 daimler 6900-7200;441354200 daimler 6900-7200
20260325_00:41:21;0;1;2;930;919.8;890;970;OK;930;931.4;890;970;OK;932.5;931.9;-20;-14.9;-50;-25;NOK;-20;-15.5;-50;-25;NOK;-16.3;-16.7;0;-20;-14.8;-50;-25;NOK;300;311;300;565;OK;0;0;N/A;N/A;N/A;N/A;N/A;N/A;N/A;N/A;N/A;N/A;N/A;N/A;N/A;N/A;N/A;N/A;N/A;N/A;N/A;N/A;N/A;N/A;N/A;N/A;N/A;N/A;N/A;N/A;N/A;N/A;N/A;N/A;N/A;N/A;N/A;N/A;N/A;N/A;N/A;N/A;N/A;N/A;N/A;N/A;N/A;N/A;N/A;N/A;N/A;N/A;N/A;N/A;N/A;N/A;N/A;N/A;N/A;N/A;N/A;N/A;N/A;N/A;N/A;N/A;N/A;N/A;N/A;N/A;N/A;N/A;N/A;N/A;N/A;N/A;N/A;N/A;N/A;N/A;N/A;N/A;N/A;N/A;N/A;N/A;N/A;N/A;N/A;N/A;N/A;N/A;N/A;N/A;N/A;N/A;N/A;N/A;N/A;N/A;;0;285.1;0;0;;Disabled;TempStop;3;740;296.3;152.4;252.9;0;599.9;549.9;Enabled;PosOk;3;0;1;0;0;0;15;Disabled;0;0;0;0;0;0;0;0;0;0;0;0;0;0;0;0;0;0;0;0;0;0;0;0;0;0;0;0;0;0;0;0;0;0;0;0;0;0;0;0;0;0;0;0;0;0;0;0;0;0;0;0;0;0;0;0;0;0;0;0;0;0;0;0;0;0;0;0;0;0;30;30;20;45;30;30;20;45;30;31;20;45;30;30;20;45;200;215;100;300;200;213;100;300;200;208;100;300;200;208;100;300;30;30;20;45;30;30;20;45;30;31;20;45;30;30;20;45;200;231;100;300;200;229;100;300;200;144;100;300;200;145;100;300;4;2;0.4;6;4;5;0.4;6;4;2;0.4;6;4;5;0.4;6;4;3;0.4;6;4;5;0.4;6;4;3;0.4;6;4;5;0.4;6;NOK;NOK;OK;8000;8047;7500;9000;OK;6.8;0;8;12;NOK;N/A;1.85;N/A;N/A;N/A;9;13.2;7;18;OK;;0;0;0;-;Disabled;TempOk;3;230;35.4;35.4;35.2;0;349.9;441354200 daimler 6900-7200;441354200 daimler 6900-7200;441354200 daimler 6900-7200
20260325_00:41:57;0;3;2;930;919;890;970;OK;930;931.4;890;970;OK;932.8;932.2;-20;-16.8;-50;-25;NOK;-20;-17.3;-50;-25;NOK;-16;-17.1;0;-20;-16.7;-50;-25;NOK;300;311;300;565;OK;0;0;N/A;N/A;N/A;N/A;N/A;N/A;N/A;N/A;N/A;N/A;N/A;N/A;N/A;N/A;N/A;N/A;N/A;N/A;N/A;N/A;N/A;N/A;N/A;N/A;N/A;N/A;N/A;N/A;N/A;N/A;N/A;N/A;N/A;N/A;N/A;N/A;N/A;N/A;N/A;N/A;N/A;N/A;N/A;N/A;N/A;N/A;N/A;N/A;N/A;N/A;N/A;N/A;N/A;N/A;N/A;N/A;N/A;N/A;N/A;N/A;N/A;N/A;N/A;N/A;N/A;N/A;N/A;N/A;N/A;N/A;N/A;N/A;N/A;N/A;N/A;N/A;N/A;N/A;N/A;N/A;N/A;N/A;N/A;N/A;N/A;N/A;N/A;N/A;N/A;N/A;N/A;N/A;N/A;N/A;N/A;N/A;N/A;N/A;;0;282.5;0;0;;Disabled;TempStop;3;740;292.1;148.5;251.2;0;599.9;549.9;Enabled;PosOk;3;0;0;0;0;0;15;Disabled;0;0;0;0;0;0;0;0;0;0;0;0;0;0;0;0;0;0;0;0;0;0;0;0;0;0;0;0;0;0;0;0;0;0;0;0;0;0;0;0;0;0;0;0;0;0;0;0;0;0;0;0;0;0;0;0;0;0;0;0;0;0;0;0;0;0;0;0;0;0;30;30;20;45;30;29;20;45;30;30;20;45;30;29;20;45;200;215;100;300;200;213;100;300;200;208;100;300;200;208;100;300;30;30;20;45;30;29;20;45;30;30;20;45;30;30;20;45;200;231;100;300;200;229;100;300;200;144;100;300;200;145;100;300;4;2;0.4;6;4;5;0.4;6;4;2;0.4;6;4;5;0.4;6;4;2;0.4;6;4;5;0.4;6;4;3;0.4;6;4;5;0.4;6;NOK;NOK;OK;8000;8050;7500;9000;OK;6.81;0;8;12;NOK;N/A;1.86;N/A;N/A;N/A;9;13.3;7;18;OK;;0;0;0;-;Disabled;TempOk;3;230;35.2;35.2;35.4;0;349.9;441354200 daimler 6900-7200;441354200 daimler 6900-7200;441354200 daimler 6900-7200
20260325_00:42:33;0;1;3;930;919.8;890;970;OK;930;931.3;890;970;OK;932.2;931.7;-20;-15;-50;-25;NOK;-20;-15.7;-50;-25;NOK;-17.9;-17.6;0;-20;-14.9;-50;-25;NOK;300;311;300;565;OK;0;0;N/A;N/A;N/A;N/A;N/A;N/A;N/A;N/A;N/A;N/A;N/A;N/A;N/A;N/A;N/A;N/A;N/A;N/A;N/A;N/A;N/A;N/A;N/A;N/A;N/A;N/A;N/A;N/A;N/A;N/A;N/A;N/A;N/A;N/A;N/A;N/A;N/A;N/A;N/A;N/A;N/A;N/A;N/A;N/A;N/A;N/A;N/A;N/A;N/A;N/A;N/A;N/A;N/A;N/A;N/A;N/A;N/A;N/A;N/A;N/A;N/A;N/A;N/A;N/A;N/A;N/A;N/A;N/A;N/A;N/A;N/A;N/A;N/A;N/A;N/A;N/A;N/A;N/A;N/A;N/A;N/A;N/A;N/A;N/A;N/A;N/A;N/A;N/A;N/A;N/A;N/A;N/A;N/A;N/A;N/A;N/A;N/A;N/A;;0;284.4;0;0;;Disabled;TempStop;3;740;296.5;150.5;254.4;0;599.9;549.9;Enabled;PosOk;3;0;0.1;0;0;0;15;Disabled;0;0;0;0;0;0;0;0;0;0;0;0;0;0;0;0;0;0;0;0;0;0;0;0;0;0;0;0;0;0;0;0;0;0;0;0;0;0;0;0;0;0;0;0;0;0;0;0;0;0;0;0;0;0;0;0;0;0;0;0;0;0;0;0;0;0;0;0;42;4;30;29;20;45;30;29;20;45;30;30;20;45;30;29;20;45;200;215;100;300;200;213;100;300;200;208;100;300;200;208;100;300;30;29;20;45;30;29;20;45;30;30;20;45;30;29;20;45;200;230;100;300;200;229;100;300;200;144;100;300;200;145;100;300;4;3;0.4;6;4;5;0.4;6;4;2;0.4;6;4;5;0.4;6;4;3;0.4;6;4;5;0.4;6;4;2;0.4;6;4;5;0.4;6;NOK;NOK;OK;8000;8073;7500;9000;OK;6.82;0;8;12;NOK;N/A;1.85;N/A;N/A;N/A;9;13.4;7;18;OK;;0;0;0;-;Disabled;TempOk;3;230;35.9;35.4;35.7;0;349.9;441354200 daimler 6900-7200;441354200 daimler 6900-7200;441354200 daimler 6900-7200
20260325_00:43:09;0;3;5;930;920.1;890;970;OK;930;930.7;890;970;OK;931.5;931;-20;-18.2;-50;-25;NOK;-20;-17.6;-50;-25;NOK;-14.9;-16;0;-20;-18.3;-50;-25;NOK;300;311;300;565;OK;0;0;N/A;N/A;N/A;N/A;N/A;N/A;N/A;N/A;N/A;N/A;N/A;N/A;N/A;N/A;N/A;N/A;N/A;N/A;N/A;N/A;N/A;N/A;N/A;N/A;N/A;N/A;N/A;N/A;N/A;N/A;N/A;N/A;N/A;N/A;N/A;N/A;N/A;N/A;N/A;N/A;N/A;N/A;N/A;N/A;N/A;N/A;N/A;N/A;N/A;N/A;N/A;N/A;N/A;N/A;N/A;N/A;N/A;N/A;N/A;N/A;N/A;N/A;N/A;N/A;N/A;N/A;N/A;N/A;N/A;N/A;N/A;N/A;N/A;N/A;N/A;N/A;N/A;N/A;N/A;N/A;N/A;N/A;N/A;N/A;N/A;N/A;N/A;N/A;N/A;N/A;N/A;N/A;N/A;N/A;N/A;N/A;N/A;N/A;;0;282.7;0;0;;Disabled;TempStop;3;740;292.9;150.7;251.9;0;599.9;549.9;Enabled;PosOk;3;0;0.1;0;0;0;15;Disabled;0;0;0;0;0;0;0;0;0;0;0;0;0;0;0;0;0;0;0;0;0;0;0;0;0;0;0;0;0;0;0;0;0;0;0;0;0;0;0;0;0;0;0;0;0;0;0;0;0;0;0;0;0;0;0;0;0;0;0;0;0;0;0;0;0;0;0;0;0;0;30;29;20;45;30;29;20;45;30;30;20;45;30;29;20;45;200;215;100;300;200;213;100;300;200;207;100;300;200;208;100;300;30;29;20;45;30;29;20;45;30;30;20;45;30;29;20;45;200;231;100;300;200;229;100;300;200;144;100;300;200;145;100;300;4;2;0.4;6;4;5;0.4;6;4;2;0.4;6;4;5;0.4;6;4;3;0.4;6;4;5;0.4;6;4;2;0.4;6;4;5;0.4;6;NOK;NOK;OK;8000;8066;7500;9000;OK;6.81;0;8;12;NOK;N/A;1.85;N/A;N/A;N/A;9;13.5;7;18;OK;;0;0;0;-;Disabled;TempOk;3;230;35.9;35.7;35.7;0;349.9;441354200 daimler 6900-7200;441354200 daimler 6900-7200;441354200 daimler 6900-7200
20260325_00:43:45;0;3;3;930;919.3;890;970;OK;930;931.2;890;970;OK;932.4;932;-20;-15.2;-50;-25;NOK;-20;-15.3;-50;-25;NOK;-14.7;-15.5;0;-20;-15.2;-50;-25;NOK;300;311;300;565;OK;0;0;N/A;N/A;N/A;N/A;N/A;N/A;N/A;N/A;N/A;N/A;N/A;N/A;N/A;N/A;N/A;N/A;N/A;N/A;N/A;N/A;N/A;N/A;N/A;N/A;N/A;N/A;N/A;N/A;N/A;N/A;N/A;N/A;N/A;N/A;N/A;N/A;N/A;N/A;N/A;N/A;N/A;N/A;N/A;N/A;N/A;N/A;N/A;N/A;N/A;N/A;N/A;N/A;N/A;N/A;N/A;N/A;N/A;N/A;N/A;N/A;N/A;N/A;N/A;N/A;N/A;N/A;N/A;N/A;N/A;N/A;N/A;N/A;N/A;N/A;N/A;N/A;N/A;N/A;N/A;N/A;N/A;N/A;N/A;N/A;N/A;N/A;N/A;N/A;N/A;N/A;N/A;N/A;N/A;N/A;N/A;N/A;N/A;N/A;;0;284.3;0;0;;Disabled;TempStop;3;740;293.4;151.1;253.5;0;599.9;549.9;Enabled;PosOk;3;0;1;0;0;0;15;Disabled;0;0;0;0;0;0;0;0;0;0;0;0;0;0;0;0;0;0;0;0;0;0;0;0;0;0;0;0;0;0;0;0;0;0;0;0;0;0;0;0;0;0;0;0;0;0;0;0;0;0;0;0;0;0;0;0;0;0;0;0;0;0;0;0;0;0;0;0;0;0;30;29;20;45;30;30;20;45;30;30;20;45;30;30;20;45;200;215;100;300;200;213;100;300;200;208;100;300;200;208;100;300;30;30;20;45;30;30;20;45;30;30;20;45;30;30;20;45;200;231;100;300;200;229;100;300;200;144;100;300;200;145;100;300;4;3;0.4;6;4;5;0.4;6;4;2;0.4;6;4;5;0.4;6;4;3;0.4;6;4;5;0.4;6;4;2;0.4;6;4;5;0.4;6;NOK;NOK;OK;8000;8071;7500;9000;OK;6.82;0;8;12;NOK;N/A;1.85;N/A;N/A;N/A;9;13.6;7;18;OK;;0;0;0;-;Disabled;TempOk;3;230;35.9;35.9;36.7;0;349.9;441354200 daimler 6900-7200;441354200 daimler 6900-7200;441354200 daimler 6900-7200
20260325_00:44:20;0;1;4;930;919.2;890;970;OK;930;931.5;890;970;OK;932.2;931.6;-20;-12.8;-50;-25;NOK;-20;-12.8;-50;-25;NOK;-15.7;-14.3;0;-20;-12.8;-50;-25;NOK;300;311;300;565;OK;0;0;N/A;N/A;N/A;N/A;N/A;N/A;N/A;N/A;N/A;N/A;N/A;N/A;N/A;N/A;N/A;N/A;N/A;N/A;N/A;N/A;N/A;N/A;N/A;N/A;N/A;N/A;N/A;N/A;N/A;N/A;N/A;N/A;N/A;N/A;N/A;N/A;N/A;N/A;N/A;N/A;N/A;N/A;N/A;N/A;N/A;N/A;N/A;N/A;N/A;N/A;N/A;N/A;N/A;N/A;N/A;N/A;N/A;N/A;N/A;N/A;N/A;N/A;N/A;N/A;N/A;N/A;N/A;N/A;N/A;N/A;N/A;N/A;N/A;N/A;N/A;N/A;N/A;N/A;N/A;N/A;N/A;N/A;N/A;N/A;N/A;N/A;N/A;N/A;N/A;N/A;N/A;N/A;N/A;N/A;N/A;N/A;N/A;N/A;;0;283.7;0;0;;Disabled;TempStop;3;740;293.5;147.5;252;0;599.9;549.9;Enabled;PosOk;3;0;0;0;0;0;15;Disabled;0;0;0;0;0;0;0;0;0;0;0;0;0;0;0;0;0;0;0;0;0;0;0;0;0;0;0;0;0;0;0;0;0;0;0;0;0;0;0;0;0;0;0;0;0;0;0;0;0;0;0;0;0;0;0;0;0;0;0;0;0;0;0;0;0;0;0;0;43;51;30;30;20;45;30;30;20;45;30;30;20;45;30;30;20;45;200;216;100;300;200;213;100;300;200;208;100;300;200;207;100;300;30;30;20;45;30;30;20;45;30;31;20;45;30;30;20;45;200;231;100;300;200;229;100;300;200;144;100;300;200;145;100;300;4;2;0.4;6;4;5;0.4;6;4;2;0.4;6;4;5;0.4;6;4;3;0.4;6;4;5;0.4;6;4;3;0.4;6;4;5;0.4;6;NOK;NOK;OK;8000;8067;7500;9000;OK;6.81;0;8;12;NOK;N/A;1.85;N/A;N/A;N/A;9;13;7;18;OK;;0;0;0;-;Disabled;TempOk;3;230;35.9;35.4;36.2;0;349.9;441354200 daimler 6900-7200;441354200 daimler 6900-7200;441354200 daimler 6900-7200
20260325_00:44:56;0;3;4;930;919.5;890;970;OK;930;931.2;890;970;OK;932.1;931.7;-20;-15.1;-50;-25;NOK;-20;-15.8;-50;-25;NOK;-17.5;-17.4;0;-20;-15;-50;-25;NOK;300;311;300;565;OK;0;0;N/A;N/A;N/A;N/A;N/A;N/A;N/A;N/A;N/A;N/A;N/A;N/A;N/A;N/A;N/A;N/A;N/A;N/A;N/A;N/A;N/A;N/A;N/A;N/A;N/A;N/A;N/A;N/A;N/A;N/A;N/A;N/A;N/A;N/A;N/A;N/A;N/A;N/A;N/A;N/A;N/A;N/A;N/A;N/A;N/A;N/A;N/A;N/A;N/A;N/A;N/A;N/A;N/A;N/A;N/A;N/A;N/A;N/A;N/A;N/A;N/A;N/A;N/A;N/A;N/A;N/A;N/A;N/A;N/A;N/A;N/A;N/A;N/A;N/A;N/A;N/A;N/A;N/A;N/A;N/A;N/A;N/A;N/A;N/A;N/A;N/A;N/A;N/A;N/A;N/A;N/A;N/A;N/A;N/A;N/A;N/A;N/A;N/A;;0;282;0;0;;Disabled;TempStop;3;740;292.9;146.6;249.8;0;599.9;549.9;Enabled;PosOk;3;0;0.1;0;0;0;15;Disabled;0;0;0;0;0;0;0;0;0;0;0;0;0;0;0;0;0;0;0;0;0;0;0;0;0;0;0;0;0;0;0;0;0;0;0;0;0;0;0;0;0;0;0;0;0;0;0;0;0;0;0;0;0;0;0;0;0;0;0;0;0;0;0;0;0;0;0;0;0;0;30;30;20;45;30;30;20;45;30;30;20;45;30;30;20;45;200;215;100;300;200;213;100;300;200;208;100;300;200;208;100;300;30;30;20;45;30;30;20;45;30;31;20;45;30;30;20;45;200;231;100;300;200;229;100;300;200;144;100;300;200;145;100;300;4;2;0.4;6;4;5;0.4;6;4;2;0.4;6;4;5;0.4;6;4;3;0.4;6;4;5;0.4;6;4;2;0.4;6;4;5;0.4;6;NOK;NOK;OK;8000;8073;7500;9000;OK;6.81;0;8;12;NOK;N/A;1.85;N/A;N/A;N/A;9;12.8;7;18;OK;;0;0;0;-;Disabled;TempOk;3;230;35.7;35.9;36.2;0;349.9;441354200 daimler 6900-7200;441354200 daimler 6900-7200;441354200 daimler 6900-7200
20260325_00:45:32;0;1;1;930;919.5;890;970;OK;930;931.6;890;970;OK;932.2;931.7;-20;-17.2;-50;-25;NOK;-20;-17;-50;-25;NOK;-16.9;-16.9;0;-20;-17.2;-50;-25;NOK;300;311;300;565;OK;0;0;N/A;N/A;N/A;N/A;N/A;N/A;N/A;N/A;N/A;N/A;N/A;N/A;N/A;N/A;N/A;N/A;N/A;N/A;N/A;N/A;N/A;N/A;N/A;N/A;N/A;N/A;N/A;N/A;N/A;N/A;N/A;N/A;N/A;N/A;N/A;N/A;N/A;N/A;N/A;N/A;N/A;N/A;N/A;N/A;N/A;N/A;N/A;N/A;N/A;N/A;N/A;N/A;N/A;N/A;N/A;N/A;N/A;N/A;N/A;N/A;N/A;N/A;N/A;N/A;N/A;N/A;N/A;N/A;N/A;N/A;N/A;N/A;N/A;N/A;N/A;N/A;N/A;N/A;N/A;N/A;N/A;N/A;N/A;N/A;N/A;N/A;N/A;N/A;N/A;N/A;N/A;N/A;N/A;N/A;N/A;N/A;N/A;N/A;;0;285.7;0;0;;Disabled;TempStop;3;740;297.3;157.7;256.8;0;599.9;549.9;Enabled;PosOk;3;0;0;0;0;0;15;Disabled;0;0;0;0;0;0;0;0;0;0;0;0;0;0;0;0;0;0;0;0;0;0;0;0;0;0;0;0;0;0;0;0;0;0;0;0;0;0;0;0;0;0;0;0;0;0;0;0;0;0;0;0;0;0;0;0;0;0;0;0;0;0;0;0;0;0;0;0;0;0;30;30;20;45;30;30;20;45;30;31;20;45;30;30;20;45;200;215;100;300;200;213;100;300;200;208;100;300;200;208;100;300;30;30;20;45;30;30;20;45;30;31;20;45;30;30;20;45;200;230;100;300;200;229;100;300;200;144;100;300;200;145;100;300;4;3;0.4;6;4;5;0.4;6;4;2;0.4;6;4;5;0.4;6;4;3;0.4;6;4;5;0.4;6;4;3;0.4;6;4;5;0.4;6;NOK;NOK;OK;8000;8059;7500;9000;OK;6.81;0;8;12;NOK;N/A;1.86;N/A;N/A;N/A;9;12.7;7;18;OK;;0;0;0;-;Disabled;TempOk;3;230;36.7;35.7;36.4;0;349.9;441354200 daimler 6900-7200;441354200 daimler 6900-7200;441354200 daimler 6900-7200
20260325_00:46:08;0;3;1;930;919.5;890;970;OK;930;931.9;890;970;OK;933.6;932.9;-20;-16.9;-50;-25;NOK;-20;-16.4;-50;-25;NOK;-14.1;-15.1;0;-20;-17;-50;-25;NOK;300;311;300;565;OK;0;0;N/A;N/A;N/A;N/A;N/A;N/A;N/A;N/A;N/A;N/A;N/A;N/A;N/A;N/A;N/A;N/A;N/A;N/A;N/A;N/A;N/A;N/A;N/A;N/A;N/A;N/A;N/A;N/A;N/A;N/A;N/A;N/A;N/A;N/A;N/A;N/A;N/A;N/A;N/A;N/A;N/A;N/A;N/A;N/A;N/A;N/A;N/A;N/A;N/A;N/A;N/A;N/A;N/A;N/A;N/A;N/A;N/A;N/A;N/A;N/A;N/A;N/A;N/A;N/A;N/A;N/A;N/A;N/A;N/A;N/A;N/A;N/A;N/A;N/A;N/A;N/A;N/A;N/A;N/A;N/A;N/A;N/A;N/A;N/A;N/A;N/A;N/A;N/A;N/A;N/A;N/A;N/A;N/A;N/A;N/A;N/A;N/A;N/A;;0;284.1;0;0;;Disabled;TempStop;3;740;293.9;151.5;251.5;0;599.9;549.9;Enabled;PosOk;3;0;0.3;0;0;0;15;Disabled;0;0;0;0;0;0;0;0;0;0;0;0;0;0;0;0;0;0;0;0;0;0;0;0;0;0;0;0;0;0;0;0;0;0;0;0;0;0;0;0;0;0;0;0;0;0;0;0;0;0;0;0;0;0;0;0;0;0;0;0;0;0;0;0;0;0;0;0;0;0;30;30;20;45;30;30;20;45;30;31;20;45;30;30;20;45;200;214;100;300;200;212;100;300;200;207;100;300;200;207;100;300;30;30;20;45;30;30;20;45;30;31;20;45;30;30;20;45;200;230;100;300;200;229;100;300;200;144;100;300;200;145;100;300;4;2;0.4;6;4;5;0.4;6;4;2;0.4;6;4;5;0.4;6;4;3;0.4;6;4;5;0.4;6;4;2;0.4;6;4;5;0.4;6;NOK;NOK;OK;8000;8077;7500;9000;OK;6.82;0;8;12;NOK;N/A;1.85;N/A;N/A;N/A;9;12.8;7;18;OK;;0;0;0;-;Disabled;TempOk;3;230;36.7;36.2;36.7;0;349.9;441354200 daimler 6900-7200;441354200 daimler 6900-7200;441354200 daimler 6900-7200
20260325_00:46:44;0;1;2;930;919.7;890;970;OK;930;931.3;890;970;OK;932.5;932;-20;-15;-50;-25;NOK;-20;-15.4;-50;-25;NOK;-16.1;-16.6;0;-20;-14.9;-50;-25;NOK;300;311;300;565;OK;0;0;N/A;N/A;N/A;N/A;N/A;N/A;N/A;N/A;N/A;N/A;N/A;N/A;N/A;N/A;N/A;N/A;N/A;N/A;N/A;N/A;N/A;N/A;N/A;N/A;N/A;N/A;N/A;N/A;N/A;N/A;N/A;N/A;N/A;N/A;N/A;N/A;N/A;N/A;N/A;N/A;N/A;N/A;N/A;N/A;N/A;N/A;N/A;N/A;N/A;N/A;N/A;N/A;N/A;N/A;N/A;N/A;N/A;N/A;N/A;N/A;N/A;N/A;N/A;N/A;N/A;N/A;N/A;N/A;N/A;N/A;N/A;N/A;N/A;N/A;N/A;N/A;N/A;N/A;N/A;N/A;N/A;N/A;N/A;N/A;N/A;N/A;N/A;N/A;N/A;N/A;N/A;N/A;N/A;N/A;N/A;N/A;N/A;N/A;;0;284.1;0;0;;Disabled;TempStop;3;740;294.9;149.4;253;0;599.9;549.9;Enabled;PosOk;3;0;0.8;0;0;0;15;Disabled;0;0;0;0;0;0;0;0;0;0;0;0;0;0;0;0;0;0;0;0;0;0;0;0;0;0;0;0;0;0;0;0;0;0;0;0;0;0;0;0;0;0;0;0;0;0;0;0;0;0;0;0;0;0;0;0;0;0;0;0;0;0;0;0;0;0;0;0;0;0;30;30;20;45;30;30;20;45;30;31;20;45;30;30;20;45;200;215;100;300;200;213;100;300;200;207;100;300;200;207;100;300;30;30;20;45;30;30;20;45;30;31;20;45;30;30;20;45;200;230;100;300;200;229;100;300;200;144;100;300;200;144;100;300;4;2;0.4;6;4;5;0.4;6;4;2;0.4;6;4;5;0.4;6;4;3;0.4;6;4;5;0.4;6;4;3;0.4;6;4;5;0.4;6;NOK;NOK;OK;8000;8058;7500;9000;OK;6.81;0;8;12;NOK;N/A;1.85;N/A;N/A;N/A;9;12.7;7;18;OK;;0;0;0;-;Disabled;TempOk;3;230;35.7;35.4;35.7;0;349.9;441354200 daimler 6900-7200;441354200 daimler 6900-7200;441354200 daimler 6900-7200
20260325_00:47:20;0;3;2;930;919.6;890;970;OK;930;931.6;890;970;OK;932.8;932.3;-20;-16.8;-50;-25;NOK;-20;-17.1;-50;-25;NOK;-15.9;-16.9;0;-20;-16.7;-50;-25;NOK;300;311;300;565;OK;0;0;N/A;N/A;N/A;N/A;N/A;N/A;N/A;N/A;N/A;N/A;N/A;N/A;N/A;N/A;N/A;N/A;N/A;N/A;N/A;N/A;N/A;N/A;N/A;N/A;N/A;N/A;N/A;N/A;N/A;N/A;N/A;N/A;N/A;N/A;N/A;N/A;N/A;N/A;N/A;N/A;N/A;N/A;N/A;N/A;N/A;N/A;N/A;N/A;N/A;N/A;N/A;N/A;N/A;N/A;N/A;N/A;N/A;N/A;N/A;N/A;N/A;N/A;N/A;N/A;N/A;N/A;N/A;N/A;N/A;N/A;N/A;N/A;N/A;N/A;N/A;N/A;N/A;N/A;N/A;N/A;N/A;N/A;N/A;N/A;N/A;N/A;N/A;N/A;N/A;N/A;N/A;N/A;N/A;N/A;N/A;N/A;N/A;N/A;;0;284.1;0;0;;Disabled;TempStop;3;740;292.7;146;252;0;599.9;549.9;Enabled;PosOk;3;0;0;0;0;0;15;Disabled;0;0;0;0;0;0;0;0;0;0;0;0;0;0;0;0;0;0;0;0;0;0;0;0;0;0;0;0;0;0;0;0;0;0;0;0;0;0;0;0;0;0;0;0;0;0;0;0;0;0;0;0;0;0;0;0;0;0;0;0;0;0;0;0;0;0;0;0;0;0;30;30;20;45;30;30;20;45;30;31;20;45;30;30;20;45;200;215;100;300;200;213;100;300;200;208;100;300;200;208;100;300;30;30;20;45;30;30;20;45;30;31;20;45;30;30;20;45;200;230;100;300;200;229;100;300;200;144;100;300;200;145;100;300;4;2;0.4;6;4;5;0.4;6;4;2;0.4;6;4;5;0.4;6;4;3;0.4;6;4;5;0.4;6;4;2;0.4;6;4;5;0.4;6;NOK;NOK;OK;8000;8069;7500;9000;OK;6.82;0;8;12;NOK;N/A;1.85;N/A;N/A;N/A;9;13.3;7;18;OK;;0;0;0;-;Disabled;TempOk;3;230;36.7;35.7;35.7;0;349.9;441354200 daimler 6900-7200;441354200 daimler 6900-7200;441354200 daimler 6900-7200
20260325_00:47:56;0;1;3;930;919.1;890;970;OK;930;931.2;890;970;OK;932.2;931.7;-20;-15.2;-50;-25;NOK;-20;-15.5;-50;-25;NOK;-17.8;-17.4;0;-20;-15.1;-50;-25;NOK;300;311;300;565;OK;0;0;N/A;N/A;N/A;N/A;N/A;N/A;N/A;N/A;N/A;N/A;N/A;N/A;N/A;N/A;N/A;N/A;N/A;N/A;N/A;N/A;N/A;N/A;N/A;N/A;N/A;N/A;N/A;N/A;N/A;N/A;N/A;N/A;N/A;N/A;N/A;N/A;N/A;N/A;N/A;N/A;N/A;N/A;N/A;N/A;N/A;N/A;N/A;N/A;N/A;N/A;N/A;N/A;N/A;N/A;N/A;N/A;N/A;N/A;N/A;N/A;N/A;N/A;N/A;N/A;N/A;N/A;N/A;N/A;N/A;N/A;N/A;N/A;N/A;N/A;N/A;N/A;N/A;N/A;N/A;N/A;N/A;N/A;N/A;N/A;N/A;N/A;N/A;N/A;N/A;N/A;N/A;N/A;N/A;N/A;N/A;N/A;N/A;N/A;;0;284.6;0;0;;Disabled;TempStop;3;740;296;153;254.1;0;599.9;549.9;Enabled;PosOk;3;0;1.2;0;0;0;15;Disabled;0;0;0;0;0;0;0;0;0;0;0;0;0;0;0;0;0;0;0;0;0;0;0;0;0;0;0;0;0;0;0;0;0;0;0;0;0;0;0;0;0;0;0;0;0;0;0;0;0;0;0;0;0;0;0;0;0;0;0;0;0;0;0;0;0;0;0;0;47;27;30;30;20;45;30;30;20;45;30;31;20;45;30;30;20;45;200;216;100;300;200;213;100;300;200;207;100;300;200;207;100;300;30;30;20;45;30;30;20;45;30;31;20;45;30;30;20;45;200;231;100;300;200;229;100;300;200;144;100;300;200;145;100;300;4;2;0.4;6;4;5;0.4;6;4;2;0.4;6;4;5;0.4;6;4;3;0.4;6;4;5;0.4;6;4;3;0.4;6;4;5;0.4;6;NOK;NOK;OK;8000;8057;7500;9000;OK;6.81;0;8;12;NOK;N/A;1.85;N/A;N/A;N/A;9;13.2;7;18;OK;;0;0;0;-;Disabled;TempOk;3;230;35.7;35.7;36.2;0;349.9;441354200 daimler 6900-7200;441354200 daimler 6900-7200;441354200 daimler 6900-7200
20260325_00:48:32;0;3;5;930;920.3;890;970;OK;930;930.8;890;970;OK;931.8;931.4;-20;-18.1;-50;-25;NOK;-20;-17.6;-50;-25;NOK;-14.7;-15.9;0;-20;-18.2;-50;-25;NOK;300;311;300;565;OK;0;0;N/A;N/A;N/A;N/A;N/A;N/A;N/A;N/A;N/A;N/A;N/A;N/A;N/A;N/A;N/A;N/A;N/A;N/A;N/A;N/A;N/A;N/A;N/A;N/A;N/A;N/A;N/A;N/A;N/A;N/A;N/A;N/A;N/A;N/A;N/A;N/A;N/A;N/A;N/A;N/A;N/A;N/A;N/A;N/A;N/A;N/A;N/A;N/A;N/A;N/A;N/A;N/A;N/A;N/A;N/A;N/A;N/A;N/A;N/A;N/A;N/A;N/A;N/A;N/A;N/A;N/A;N/A;N/A;N/A;N/A;N/A;N/A;N/A;N/A;N/A;N/A;N/A;N/A;N/A;N/A;N/A;N/A;N/A;N/A;N/A;N/A;N/A;N/A;N/A;N/A;N/A;N/A;N/A;N/A;N/A;N/A;N/A;N/A;;0;281.5;0;0;;Disabled;TempStop;3;740;290.6;144.7;250.4;0;599.9;549.9;Enabled;PosOk;3;0;0.5;0;0;0;15;Disabled;0;0;0;0;0;0;0;0;0;0;0;0;0;0;0;0;0;0;0;0;0;0;0;0;0;0;0;0;0;0;0;0;0;0;0;0;0;0;0;0;0;0;0;0;0;0;0;0;0;0;0;0;0;0;0;0;0;0;0;0;0;0;0;0;0;0;0;0;0;0;30;30;20;45;30;30;20;45;30;31;20;45;30;30;20;45;200;215;100;300;200;213;100;300;200;208;100;300;200;208;100;300;30;30;20;45;30;30;20;45;30;31;20;45;30;30;20;45;200;230;100;300;200;229;100;300;200;144;100;300;200;145;100;300;4;2;0.4;6;4;5;0.4;6;4;2;0.4;6;4;5;0.4;6;4;3;0.4;6;4;5;0.4;6;4;3;0.4;6;4;5;0.4;6;NOK;NOK;OK;8000;8054;7500;9000;OK;6.81;0;8;12;NOK;N/A;1.85;N/A;N/A;N/A;9;13.4;7;18;OK;;0;0;0;-;Disabled;TempOk;3;230;36.7;36.9;36.2;0;349.9;441354200 daimler 6900-7200;441354200 daimler 6900-7200;441354200 daimler 6900-7200
20260325_00:49:08;0;3;3;930;918.6;890;970;OK;930;931.1;890;970;OK;932.5;932;-20;-15.1;-50;-25;NOK;-20;-15.1;-50;-25;NOK;-14.5;-15.3;0;-20;-15.1;-50;-25;NOK;300;311;300;565;OK;0;0;N/A;N/A;N/A;N/A;N/A;N/A;N/A;N/A;N/A;N/A;N/A;N/A;N/A;N/A;N/A;N/A;N/A;N/A;N/A;N/A;N/A;N/A;N/A;N/A;N/A;N/A;N/A;N/A;N/A;N/A;N/A;N/A;N/A;N/A;N/A;N/A;N/A;N/A;N/A;N/A;N/A;N/A;N/A;N/A;N/A;N/A;N/A;N/A;N/A;N/A;N/A;N/A;N/A;N/A;N/A;N/A;N/A;N/A;N/A;N/A;N/A;N/A;N/A;N/A;N/A;N/A;N/A;N/A;N/A;N/A;N/A;N/A;N/A;N/A;N/A;N/A;N/A;N/A;N/A;N/A;N/A;N/A;N/A;N/A;N/A;N/A;N/A;N/A;N/A;N/A;N/A;N/A;N/A;N/A;N/A;N/A;N/A;N/A;;0;283.8;0;0;;Disabled;TempStop;3;740;293.1;150.1;249.7;0;599.9;549.9;Enabled;PosOk;3;0;0.8;0;0;0;15;Disabled;0;0;0;0;0;0;0;0;0;0;0;0;0;0;0;0;0;0;0;0;0;0;0;0;0;0;0;0;0;0;0;0;0;0;0;0;0;0;0;0;0;0;0;0;0;0;0;0;0;0;0;0;0;0;0;0;0;0;0;0;0;0;0;0;0;0;0;0;0;0;30;30;20;45;30;29;20;45;30;30;20;45;30;29;20;45;200;215;100;300;200;213;100;300;200;208;100;300;200;208;100;300;30;29;20;45;30;29;20;45;30;30;20;45;30;29;20;45;200;231;100;300;200;229;100;300;200;144;100;300;200;145;100;300;4;3;0.4;6;4;5;0.4;6;4;2;0.4;6;4;5;0.4;6;4;3;0.4;6;4;5;0.4;6;4;3;0.4;6;4;5;0.4;6;NOK;NOK;OK;8000;8070;7500;9000;OK;6.82;0;8;12;NOK;N/A;1.85;N/A;N/A;N/A;9;13.6;7;18;OK;;0;0;0;-;Disabled;TempOk;3;230;35.7;35.4;36.2;0;349.9;441354200 daimler 6900-7200;441354200 daimler 6900-7200;441354200 daimler 6900-7200
20260325_00:49:44;0;1;4;930;918.1;890;970;OK;930;931.4;890;970;OK;932.1;931.8;-20;-12.7;-50;-25;NOK;-20;-12.7;-50;-25;NOK;-15.3;-14.1;0;-20;-12.7;-50;-25;NOK;300;311;300;565;OK;0;0;N/A;N/A;N/A;N/A;N/A;N/A;N/A;N/A;N/A;N/A;N/A;N/A;N/A;N/A;N/A;N/A;N/A;N/A;N/A;N/A;N/A;N/A;N/A;N/A;N/A;N/A;N/A;N/A;N/A;N/A;N/A;N/A;N/A;N/A;N/A;N/A;N/A;N/A;N/A;N/A;N/A;N/A;N/A;N/A;N/A;N/A;N/A;N/A;N/A;N/A;N/A;N/A;N/A;N/A;N/A;N/A;N/A;N/A;N/A;N/A;N/A;N/A;N/A;N/A;N/A;N/A;N/A;N/A;N/A;N/A;N/A;N/A;N/A;N/A;N/A;N/A;N/A;N/A;N/A;N/A;N/A;N/A;N/A;N/A;N/A;N/A;N/A;N/A;N/A;N/A;N/A;N/A;N/A;N/A;N/A;N/A;N/A;N/A;;0;284.8;0;0;;Disabled;TempStop;3;740;294.5;153.3;250.7;0;599.9;549.9;Enabled;PosOk;3;0;0;0;0;0;15;Disabled;0;0;0;0;0;0;0;0;0;0;0;0;0;0;0;0;0;0;0;0;0;0;0;0;0;0;0;0;0;0;0;0;0;0;0;0;0;0;0;0;0;0;0;0;0;0;0;0;0;0;0;0;0;0;0;0;0;0;0;0;0;0;0;0;0;0;0;0;49;15;30;29;20;45;30;29;20;45;30;30;20;45;30;29;20;45;200;215;100;300;200;213;100;300;200;207;100;300;200;208;100;300;30;29;20;45;30;29;20;45;30;30;20;45;30;29;20;45;200;231;100;300;200;229;100;300;200;144;100;300;200;145;100;300;4;2;0.4;6;4;5;0.4;6;4;2;0.4;6;4;5;0.4;6;4;3;0.4;6;4;5;0.4;6;4;2;0.4;6;4;5;0.4;6;NOK;NOK;OK;8000;8079;7500;9000;OK;6.82;0;8;12;NOK;N/A;1.85;N/A;N/A;N/A;9;13;7;18;OK;;0;0;0;-;Disabled;TempOk;3;230;36.4;35.4;35.7;0;349.9;441354200 daimler 6900-7200;441354200 daimler 6900-7200;441354200 daimler 6900-7200
20260325_00:50:20;0;3;4;930;919.6;890;970;OK;930;931.2;890;970;OK;932.1;931.6;-20;-15;-50;-25;NOK;-20;-15.6;-50;-25;NOK;-17.4;-17.2;0;-20;-14.8;-50;-25;NOK;300;311;300;565;OK;0;0;N/A;N/A;N/A;N/A;N/A;N/A;N/A;N/A;N/A;N/A;N/A;N/A;N/A;N/A;N/A;N/A;N/A;N/A;N/A;N/A;N/A;N/A;N/A;N/A;N/A;N/A;N/A;N/A;N/A;N/A;N/A;N/A;N/A;N/A;N/A;N/A;N/A;N/A;N/A;N/A;N/A;N/A;N/A;N/A;N/A;N/A;N/A;N/A;N/A;N/A;N/A;N/A;N/A;N/A;N/A;N/A;N/A;N/A;N/A;N/A;N/A;N/A;N/A;N/A;N/A;N/A;N/A;N/A;N/A;N/A;N/A;N/A;N/A;N/A;N/A;N/A;N/A;N/A;N/A;N/A;N/A;N/A;N/A;N/A;N/A;N/A;N/A;N/A;N/A;N/A;N/A;N/A;N/A;N/A;N/A;N/A;N/A;N/A;;0;282.3;0;0;;Disabled;TempStop;3;740;294.9;154.5;254.1;0;599.9;549.9;Enabled;PosOk;3;0;0.3;0;0;0;15;Disabled;0;0;0;0;0;0;0;0;0;0;0;0;0;0;0;0;0;0;0;0;0;0;0;0;0;0;0;0;0;0;0;0;0;0;0;0;0;0;0;0;0;0;0;0;0;0;0;0;0;0;0;0;0;0;0;0;0;0;0;0;0;0;0;0;0;0;0;0;0;0;30;29;20;45;30;30;20;45;30;30;20;45;30;30;20;45;200;215;100;300;200;213;100;300;200;208;100;300;200;207;100;300;30;30;20;45;30;30;20;45;30;30;20;45;30;30;20;45;200;230;100;300;200;229;100;300;200;144;100;300;200;145;100;300;4;2;0.4;6;4;5;0.4;6;4;2;0.4;6;4;5;0.4;6;4;3;0.4;6;4;5;0.4;6;4;3;0.4;6;4;5;0.4;6;NOK;NOK;OK;8000;8061;7500;9000;OK;6.81;0;8;12;NOK;N/A;1.85;N/A;N/A;N/A;9;13;7;18;OK;;0;0;0;-;Disabled;TempOk;3;230;36.2;35.7;36.2;0;349.9;441354200 daimler 6900-7200;441354200 daimler 6900-7200;441354200 daimler 6900-7200
20260325_00:50:56;0;1;1;930;919.6;890;970;OK;930;931.4;890;970;OK;932.5;931.8;-20;-17.1;-50;-25;NOK;-20;-17;-50;-25;NOK;-16.6;-16.7;0;-20;-17.1;-50;-25;NOK;300;311;300;565;OK;0;0;N/A;N/A;N/A;N/A;N/A;N/A;N/A;N/A;N/A;N/A;N/A;N/A;N/A;N/A;N/A;N/A;N/A;N/A;N/A;N/A;N/A;N/A;N/A;N/A;N/A;N/A;N/A;N/A;N/A;N/A;N/A;N/A;N/A;N/A;N/A;N/A;N/A;N/A;N/A;N/A;N/A;N/A;N/A;N/A;N/A;N/A;N/A;N/A;N/A;N/A;N/A;N/A;N/A;N/A;N/A;N/A;N/A;N/A;N/A;N/A;N/A;N/A;N/A;N/A;N/A;N/A;N/A;N/A;N/A;N/A;N/A;N/A;N/A;N/A;N/A;N/A;N/A;N/A;N/A;N/A;N/A;N/A;N/A;N/A;N/A;N/A;N/A;N/A;N/A;N/A;N/A;N/A;N/A;N/A;N/A;N/A;N/A;N/A;;0;286.5;0;0;;Disabled;TempStop;3;740;297;155.7;255.6;0;599.9;549.9;Enabled;PosOk;3;0;0;0;0;0;15;Disabled;0;0;0;0;0;0;0;0;0;0;0;0;0;0;0;0;0;0;0;0;0;0;0;0;0;0;0;0;0;0;0;0;0;0;0;0;0;0;0;0;0;0;0;0;0;0;0;0;0;0;0;0;0;0;0;0;0;0;0;0;0;0;0;0;0;0;0;0;0;0;30;30;20;45;30;29;20;45;30;30;20;45;30;29;20;45;200;215;100;300;200;213;100;300;200;208;100;300;200;208;100;300;30;29;20;45;30;29;20;45;30;30;20;45;30;30;20;45;200;231;100;300;200;230;100;300;200;144;100;300;200;145;100;300;4;3;0.4;6;4;5;0.4;6;4;2;0.4;6;4;5;0.4;6;4;3;0.4;6;4;5;0.4;6;4;2;0.4;6;4;5;0.4;6;NOK;NOK;OK;8000;8064;7500;9000;OK;6.81;0;8;12;NOK;N/A;1.85;N/A;N/A;N/A;9;12.8;7;18;OK;;0;0;0;-;Disabled;TempOk;3;230;35.7;35.7;35.9;0;349.9;441354200 daimler 6900-7200;441354200 daimler 6900-7200;441354200 daimler 6900-7200
20260325_00:51:32;0;3;1;930;919.5;890;970;OK;930;931.5;890;970;OK;933.4;932.4;-20;-16.7;-50;-25;NOK;-20;-16.3;-50;-25;NOK;-13.9;-14.9;0;-20;-16.8;-50;-25;NOK;300;311;300;565;OK;0;0;N/A;N/A;N/A;N/A;N/A;N/A;N/A;N/A;N/A;N/A;N/A;N/A;N/A;N/A;N/A;N/A;N/A;N/A;N/A;N/A;N/A;N/A;N/A;N/A;N/A;N/A;N/A;N/A;N/A;N/A;N/A;N/A;N/A;N/A;N/A;N/A;N/A;N/A;N/A;N/A;N/A;N/A;N/A;N/A;N/A;N/A;N/A;N/A;N/A;N/A;N/A;N/A;N/A;N/A;N/A;N/A;N/A;N/A;N/A;N/A;N/A;N/A;N/A;N/A;N/A;N/A;N/A;N/A;N/A;N/A;N/A;N/A;N/A;N/A;N/A;N/A;N/A;N/A;N/A;N/A;N/A;N/A;N/A;N/A;N/A;N/A;N/A;N/A;N/A;N/A;N/A;N/A;N/A;N/A;N/A;N/A;N/A;N/A;;0;283.2;0;0;;Disabled;TempStop;3;740;292.8;152.5;252;0;599.9;549.9;Enabled;PosOk;3;0;0;0;0;0;15;Disabled;0;0;0;0;0;0;0;0;0;0;0;0;0;0;0;0;0;0;0;0;0;0;0;0;0;0;0;0;0;0;0;0;0;0;0;0;0;0;0;0;0;0;0;0;0;0;0;0;0;0;0;0;0;0;0;0;0;0;0;0;0;0;0;0;0;0;0;0;0;0;30;30;20;45;30;30;20;45;30;30;20;45;30;30;20;45;200;215;100;300;200;214;100;300;200;208;100;300;200;208;100;300;30;30;20;45;30;30;20;45;30;30;20;45;30;30;20;45;200;231;100;300;200;229;100;300;200;144;100;300;200;145;100;300;4;2;0.4;6;4;5;0.4;6;4;2;0.4;6;4;5;0.4;6;4;3;0.4;6;4;5;0.4;6;4;3;0.4;6;4;5;0.4;6;NOK;NOK;OK;8000;8057;7500;9000;OK;6.81;0;8;12;NOK;N/A;1.86;N/A;N/A;N/A;9;12.7;7;18;OK;;0;0;0;-;Disabled;TempOk;3;230;36.2;36.2;36.4;0;349.9;441354200 daimler 6900-7200;441354200 daimler 6900-7200;441354200 daimler 6900-7200
20260325_00:52:08;0;1;2;930;918.9;890;970;OK;930;931.4;890;970;OK;932.7;932;-20;-14.8;-50;-25;NOK;-20;-15.3;-50;-25;NOK;-16;-16.4;0;-20;-14.7;-50;-25;NOK;300;311;300;565;OK;0;0;N/A;N/A;N/A;N/A;N/A;N/A;N/A;N/A;N/A;N/A;N/A;N/A;N/A;N/A;N/A;N/A;N/A;N/A;N/A;N/A;N/A;N/A;N/A;N/A;N/A;N/A;N/A;N/A;N/A;N/A;N/A;N/A;N/A;N/A;N/A;N/A;N/A;N/A;N/A;N/A;N/A;N/A;N/A;N/A;N/A;N/A;N/A;N/A;N/A;N/A;N/A;N/A;N/A;N/A;N/A;N/A;N/A;N/A;N/A;N/A;N/A;N/A;N/A;N/A;N/A;N/A;N/A;N/A;N/A;N/A;N/A;N/A;N/A;N/A;N/A;N/A;N/A;N/A;N/A;N/A;N/A;N/A;N/A;N/A;N/A;N/A;N/A;N/A;N/A;N/A;N/A;N/A;N/A;N/A;N/A;N/A;N/A;N/A;;0;284.2;0;0;;Disabled;TempStop;3;740;293.8;151.8;251.9;0;599.9;549.9;Enabled;PosOk;3;0;0.7;0;0;0;15;Disabled;0;0;0;0;0;0;0;0;0;0;0;0;0;0;0;0;0;0;0;0;0;0;0;0;0;0;0;0;0;0;0;0;0;0;0;0;0;0;0;0;0;0;0;0;0;0;0;0;0;0;0;0;0;0;0;0;0;0;0;0;0;0;0;0;0;0;0;0;0;0;30;30;20;45;30;30;20;45;30;30;20;45;30;30;20;45;200;215;100;300;200;213;100;300;200;208;100;300;200;208;100;300;30;30;20;45;30;30;20;45;30;31;20;45;30;30;20;45;200;231;100;300;200;229;100;300;200;144;100;300;200;145;100;300;4;2;0.4;6;4;5;0.4;6;4;2;0.4;6;4;5;0.4;6;4;3;0.4;6;4;5;0.4;6;4;3;0.4;6;4;5;0.4;6;NOK;NOK;OK;8000;8063;7500;9000;OK;6.81;0;8;12;NOK;N/A;1.85;N/A;N/A;N/A;9;13.1;7;18;OK;;0;0;0;-;Disabled;TempOk;3;230;36.2;35.9;36.2;0;349.9;441354200 daimler 6900-7200;441354200 daimler 6900-7200;441354200 daimler 6900-7200
20260325_00:52:44;0;3;2;930;919.4;890;970;OK;930;931.5;890;970;OK;932.7;932.1;-20;-16.5;-50;-25;NOK;-20;-17;-50;-25;NOK;-15.7;-16.8;0;-20;-16.4;-50;-25;NOK;300;311;300;565;OK;0;0;N/A;N/A;N/A;N/A;N/A;N/A;N/A;N/A;N/A;N/A;N/A;N/A;N/A;N/A;N/A;N/A;N/A;N/A;N/A;N/A;N/A;N/A;N/A;N/A;N/A;N/A;N/A;N/A;N/A;N/A;N/A;N/A;N/A;N/A;N/A;N/A;N/A;N/A;N/A;N/A;N/A;N/A;N/A;N/A;N/A;N/A;N/A;N/A;N/A;N/A;N/A;N/A;N/A;N/A;N/A;N/A;N/A;N/A;N/A;N/A;N/A;N/A;N/A;N/A;N/A;N/A;N/A;N/A;N/A;N/A;N/A;N/A;N/A;N/A;N/A;N/A;N/A;N/A;N/A;N/A;N/A;N/A;N/A;N/A;N/A;N/A;N/A;N/A;N/A;N/A;N/A;N/A;N/A;N/A;N/A;N/A;N/A;N/A;;0;282.9;0;0;;Disabled;TempStop;3;740;292.4;150.9;250.2;0;599.9;549.9;Enabled;PosOk;3;0;0;0;0;0;15;Disabled;0;0;0;0;0;0;0;0;0;0;0;0;0;0;0;0;0;0;0;0;0;0;0;0;0;0;0;0;0;0;0;0;0;0;0;0;0;0;0;0;0;0;0;0;0;0;0;0;0;0;0;0;0;0;0;0;0;0;0;0;0;0;0;0;0;0;0;0;0;0;30;30;20;45;30;30;20;45;30;31;20;45;30;30;20;45;200;215;100;300;200;213;100;300;200;208;100;300;200;208;100;300;30;30;20;45;30;30;20;45;30;31;20;45;30;30;20;45;200;231;100;300;200;229;100;300;200;144;100;300;200;144;100;300;4;2;0.4;6;4;5;0.4;6;4;2;0.4;6;4;5;0.4;6;4;3;0.4;6;4;5;0.4;6;4;2;0.4;6;4;5;0.4;6;NOK;NOK;OK;8000;8066;7500;9000;OK;6.81;0;8;12;NOK;N/A;1.85;N/A;N/A;N/A;9;12.6;7;18;OK;;0;0;0;-;Disabled;TempOk;3;230;35.7;35.9;36.4;0;349.9;441354200 daimler 6900-7200;441354200 daimler 6900-7200;441354200 daimler 6900-7200
20260325_00:53:20;0;1;3;930;919.7;890;970;OK;930;931.1;890;970;OK;932.4;931.7;-20;-14.9;-50;-25;NOK;-20;-15.5;-50;-25;NOK;-17.7;-17.3;0;-20;-14.9;-50;-25;NOK;300;311;300;565;OK;0;0;N/A;N/A;N/A;N/A;N/A;N/A;N/A;N/A;N/A;N/A;N/A;N/A;N/A;N/A;N/A;N/A;N/A;N/A;N/A;N/A;N/A;N/A;N/A;N/A;N/A;N/A;N/A;N/A;N/A;N/A;N/A;N/A;N/A;N/A;N/A;N/A;N/A;N/A;N/A;N/A;N/A;N/A;N/A;N/A;N/A;N/A;N/A;N/A;N/A;N/A;N/A;N/A;N/A;N/A;N/A;N/A;N/A;N/A;N/A;N/A;N/A;N/A;N/A;N/A;N/A;N/A;N/A;N/A;N/A;N/A;N/A;N/A;N/A;N/A;N/A;N/A;N/A;N/A;N/A;N/A;N/A;N/A;N/A;N/A;N/A;N/A;N/A;N/A;N/A;N/A;N/A;N/A;N/A;N/A;N/A;N/A;N/A;N/A;;0;284.4;0;0;;Disabled;TempStop;3;740;294.4;149.4;253.1;0;599.9;549.9;Enabled;PosOk;3;0;0.5;0;0;0;15;Disabled;0;0;0;0;0;0;0;0;0;0;0;0;0;0;0;0;0;0;0;0;0;0;0;0;0;0;0;0;0;0;0;0;0;0;0;0;0;0;0;0;0;0;0;0;0;0;0;0;0;0;0;0;0;0;0;0;0;0;0;0;0;0;0;0;0;0;0;0;52;51;30;30;20;45;30;30;20;45;30;31;20;45;30;30;20;45;200;215;100;300;200;213;100;300;200;208;100;300;200;208;100;300;30;30;20;45;30;30;20;45;30;31;20;45;30;30;20;45;200;230;100;300;200;229;100;300;200;144;100;300;200;144;100;300;4;2;0.4;6;4;5;0.4;6;4;2;0.4;6;4;5;0.4;6;4;3;0.4;6;4;5;0.4;6;4;3;0.4;6;4;5;0.4;6;NOK;NOK;OK;8000;8053;7500;9000;OK;6.81;0;8;12;NOK;N/A;1.85;N/A;N/A;N/A;9;13.3;7;18;OK;;0;0;0;-;Disabled;TempOk;3;230;36.4;36.2;36.2;0;349.9;441354200 daimler 6900-7200;441354200 daimler 6900-7200;441354200 daimler 6900-7200
20260325_00:53:55;0;3;5;930;920.8;890;970;OK;930;930.8;890;970;OK;931.5;930.9;-20;-18.1;-50;-25;NOK;-20;-17.5;-50;-25;NOK;-14.7;-15.7;0;-20;-18.1;-50;-25;NOK;300;311;300;565;OK;0;0;N/A;N/A;N/A;N/A;N/A;N/A;N/A;N/A;N/A;N/A;N/A;N/A;N/A;N/A;N/A;N/A;N/A;N/A;N/A;N/A;N/A;N/A;N/A;N/A;N/A;N/A;N/A;N/A;N/A;N/A;N/A;N/A;N/A;N/A;N/A;N/A;N/A;N/A;N/A;N/A;N/A;N/A;N/A;N/A;N/A;N/A;N/A;N/A;N/A;N/A;N/A;N/A;N/A;N/A;N/A;N/A;N/A;N/A;N/A;N/A;N/A;N/A;N/A;N/A;N/A;N/A;N/A;N/A;N/A;N/A;N/A;N/A;N/A;N/A;N/A;N/A;N/A;N/A;N/A;N/A;N/A;N/A;N/A;N/A;N/A;N/A;N/A;N/A;N/A;N/A;N/A;N/A;N/A;N/A;N/A;N/A;N/A;N/A;;0;282.3;0;0;;Disabled;TempStop;3;740;291.6;150.9;249.5;0;599.9;549.9;Enabled;PosOk;3;0;0.5;0;0;0;15;Disabled;0;0;0;0;0;0;0;0;0;0;0;0;0;0;0;0;0;0;0;0;0;0;0;0;0;0;0;0;0;0;0;0;0;0;0;0;0;0;0;0;0;0;0;0;0;0;0;0;0;0;0;0;0;0;0;0;0;0;0;0;0;0;0;0;0;0;0;0;0;0;30;30;20;45;30;30;20;45;30;31;20;45;30;30;20;45;200;215;100;300;200;213;100;300;200;207;100;300;200;207;100;300;30;30;20;45;30;30;20;45;30;31;20;45;30;30;20;45;200;230;100;300;200;229;100;300;200;144;100;300;200;144;100;300;4;2;0.4;6;4;5;0.4;6;4;2;0.4;6;4;5;0.4;6;4;3;0.4;6;4;5;0.4;6;4;2;0.4;6;4;5;0.4;6;NOK;NOK;OK;8000;8063;7500;9000;OK;6.81;0;8;12;NOK;N/A;1.85;N/A;N/A;N/A;9;13.4;7;18;OK;;0;0;0;-;Disabled;TempOk;3;230;35.9;35.9;36.2;0;349.9;441354200 daimler 6900-7200;441354200 daimler 6900-7200;441354200 daimler 6900-7200
20260325_00:54:31;0;3;3;930;918.9;890;970;OK;930;931.5;890;970;OK;932.5;932.2;-20;-15;-50;-25;NOK;-20;-15.1;-50;-25;NOK;-14.5;-15.3;0;-20;-14.9;-50;-25;NOK;300;311;300;565;OK;0;0;N/A;N/A;N/A;N/A;N/A;N/A;N/A;N/A;N/A;N/A;N/A;N/A;N/A;N/A;N/A;N/A;N/A;N/A;N/A;N/A;N/A;N/A;N/A;N/A;N/A;N/A;N/A;N/A;N/A;N/A;N/A;N/A;N/A;N/A;N/A;N/A;N/A;N/A;N/A;N/A;N/A;N/A;N/A;N/A;N/A;N/A;N/A;N/A;N/A;N/A;N/A;N/A;N/A;N/A;N/A;N/A;N/A;N/A;N/A;N/A;N/A;N/A;N/A;N/A;N/A;N/A;N/A;N/A;N/A;N/A;N/A;N/A;N/A;N/A;N/A;N/A;N/A;N/A;N/A;N/A;N/A;N/A;N/A;N/A;N/A;N/A;N/A;N/A;N/A;N/A;N/A;N/A;N/A;N/A;N/A;N/A;N/A;N/A;;0;284.6;0;0;;Disabled;TempStop;3;740;293.5;149.4;250.5;0;599.9;549.9;Enabled;PosOk;3;0;0.7;0;0;0;15;Disabled;0;0;0;0;0;0;0;0;0;0;0;0;0;0;0;0;0;0;0;0;0;0;0;0;0;0;0;0;0;0;0;0;0;0;0;0;0;0;0;0;0;0;0;0;0;0;0;0;0;0;0;0;0;0;0;0;0;0;0;0;0;0;0;0;0;0;0;0;0;0;30;30;20;45;30;30;20;45;30;30;20;45;30;30;20;45;200;215;100;300;200;213;100;300;200;207;100;300;200;208;100;300;30;30;20;45;30;30;20;45;30;31;20;45;30;30;20;45;200;230;100;300;200;229;100;300;200;144;100;300;200;145;100;300;4;2;0.4;6;4;5;0.4;6;4;2;0.4;6;4;5;0.4;6;4;3;0.4;6;4;5;0.4;6;4;2;0.4;6;4;5;0.4;6;NOK;NOK;OK;8000;8074;7500;9000;OK;6.82;0;8;12;NOK;N/A;1.85;N/A;N/A;N/A;9;13;7;18;OK;;0;0;0;-;Disabled;TempOk;3;230;36.2;35.9;36.4;0;349.9;441354200 daimler 6900-7200;441354200 daimler 6900-7200;441354200 daimler 6900-7200
20260325_00:55:07;0;1;4;930;918.1;890;970;OK;930;931.5;890;970;OK;932.4;931.7;-20;-12.7;-50;-25;NOK;-20;-12.5;-50;-25;NOK;-15.4;-14.1;0;-20;-12.7;-50;-25;NOK;300;311;300;565;OK;0;0;N/A;N/A;N/A;N/A;N/A;N/A;N/A;N/A;N/A;N/A;N/A;N/A;N/A;N/A;N/A;N/A;N/A;N/A;N/A;N/A;N/A;N/A;N/A;N/A;N/A;N/A;N/A;N/A;N/A;N/A;N/A;N/A;N/A;N/A;N/A;N/A;N/A;N/A;N/A;N/A;N/A;N/A;N/A;N/A;N/A;N/A;N/A;N/A;N/A;N/A;N/A;N/A;N/A;N/A;N/A;N/A;N/A;N/A;N/A;N/A;N/A;N/A;N/A;N/A;N/A;N/A;N/A;N/A;N/A;N/A;N/A;N/A;N/A;N/A;N/A;N/A;N/A;N/A;N/A;N/A;N/A;N/A;N/A;N/A;N/A;N/A;N/A;N/A;N/A;N/A;N/A;N/A;N/A;N/A;N/A;N/A;N/A;N/A;;0;284.6;0;0;;Disabled;TempStop;3;740;293.3;151.8;251;0;599.9;549.9;Enabled;PosOk;3;0;0;0;0;0;15;Disabled;0;0;0;0;0;0;0;0;0;0;0;0;0;0;0;0;0;0;0;0;0;0;0;0;0;0;0;0;0;0;0;0;0;0;0;0;0;0;0;0;0;0;0;0;0;0;0;0;0;0;0;0;0;0;0;0;0;0;0;0;0;0;0;0;0;0;0;0;54;38;30;30;20;45;30;30;20;45;30;31;20;45;30;30;20;45;200;215;100;300;200;213;100;300;200;208;100;300;200;208;100;300;30;30;20;45;30;30;20;45;30;31;20;45;30;30;20;45;200;231;100;300;200;229;100;300;200;145;100;300;200;145;100;300;4;2;0.4;6;4;5;0.4;6;4;2;0.4;6;4;5;0.4;6;4;3;0.4;6;4;5;0.4;6;4;2;0.4;6;4;5;0.4;6;NOK;NOK;OK;8000;8054;7500;9000;OK;6.81;0;8;12;NOK;N/A;1.85;N/A;N/A;N/A;9;13;7;18;OK;;0;0;0;-;Disabled;TempOk;3;230;35.9;35.9;36.2;0;349.9;441354200 daimler 6900-7200;441354200 daimler 6900-7200;441354200 daimler 6900-7200
20260325_00:55:43;0;3;4;930;918.6;890;970;OK;930;931.4;890;970;OK;932.3;931.8;-20;-14.7;-50;-25;NOK;-20;-15.4;-50;-25;NOK;-17.3;-17.2;0;-20;-14.6;-50;-25;NOK;300;311;300;565;OK;0;0;N/A;N/A;N/A;N/A;N/A;N/A;N/A;N/A;N/A;N/A;N/A;N/A;N/A;N/A;N/A;N/A;N/A;N/A;N/A;N/A;N/A;N/A;N/A;N/A;N/A;N/A;N/A;N/A;N/A;N/A;N/A;N/A;N/A;N/A;N/A;N/A;N/A;N/A;N/A;N/A;N/A;N/A;N/A;N/A;N/A;N/A;N/A;N/A;N/A;N/A;N/A;N/A;N/A;N/A;N/A;N/A;N/A;N/A;N/A;N/A;N/A;N/A;N/A;N/A;N/A;N/A;N/A;N/A;N/A;N/A;N/A;N/A;N/A;N/A;N/A;N/A;N/A;N/A;N/A;N/A;N/A;N/A;N/A;N/A;N/A;N/A;N/A;N/A;N/A;N/A;N/A;N/A;N/A;N/A;N/A;N/A;N/A;N/A;;0;282.5;0;0;;Disabled;TempStop;3;740;294.7;154.5;252.5;0;599.9;549.9;Enabled;PosOk;3;0;1.5;0;0;0;15;Disabled;0;0;0;0;0;0;0;0;0;0;0;0;0;0;0;0;0;0;0;0;0;0;0;0;0;0;0;0;0;0;0;0;0;0;0;0;0;0;0;0;0;0;0;0;0;0;0;0;0;0;0;0;0;0;0;0;0;0;0;0;0;0;0;0;0;0;0;0;0;0;30;30;20;45;30;30;20;45;30;31;20;45;30;30;20;45;200;215;100;300;200;213;100;300;200;208;100;300;200;208;100;300;30;30;20;45;30;30;20;45;30;31;20;45;30;30;20;45;200;231;100;300;200;229;100;300;200;144;100;300;200;145;100;300;4;2;0.4;6;4;5;0.4;6;4;2;0.4;6;4;5;0.4;6;4;2;0.4;6;4;5;0.4;6;4;3;0.4;6;4;5;0.4;6;NOK;NOK;OK;8000;8072;7500;9000;OK;6.81;0;8;12;NOK;N/A;1.85;N/A;N/A;N/A;9;13;7;18;OK;;0;0;0;-;Disabled;TempOk;3;230;36.2;36.2;35.7;0;349.9;441354200 daimler 6900-7200;441354200 daimler 6900-7200;441354200 daimler 6900-7200
20260325_00:56:19;0;1;1;930;919.1;890;970;OK;930;931.4;890;970;OK;932.5;931.8;-20;-17.1;-50;-25;NOK;-20;-17.3;-50;-25;NOK;-16.8;-17;0;-20;-17.1;-50;-25;NOK;300;311;300;565;OK;0;0;N/A;N/A;N/A;N/A;N/A;N/A;N/A;N/A;N/A;N/A;N/A;N/A;N/A;N/A;N/A;N/A;N/A;N/A;N/A;N/A;N/A;N/A;N/A;N/A;N/A;N/A;N/A;N/A;N/A;N/A;N/A;N/A;N/A;N/A;N/A;N/A;N/A;N/A;N/A;N/A;N/A;N/A;N/A;N/A;N/A;N/A;N/A;N/A;N/A;N/A;N/A;N/A;N/A;N/A;N/A;N/A;N/A;N/A;N/A;N/A;N/A;N/A;N/A;N/A;N/A;N/A;N/A;N/A;N/A;N/A;N/A;N/A;N/A;N/A;N/A;N/A;N/A;N/A;N/A;N/A;N/A;N/A;N/A;N/A;N/A;N/A;N/A;N/A;N/A;N/A;N/A;N/A;N/A;N/A;N/A;N/A;N/A;N/A;;0;286;0;0;;Disabled;TempStop;3;740;296.7;155.2;255;0;599.9;549.9;Enabled;PosOk;3;0;0;0;0;0;15;Disabled;0;0;0;0;0;0;0;0;0;0;0;0;0;0;0;0;0;0;0;0;0;0;0;0;0;0;0;0;0;0;0;0;0;0;0;0;0;0;0;0;0;0;0;0;0;0;0;0;0;0;0;0;0;0;0;0;0;0;0;0;0;0;0;0;0;0;0;0;0;0;30;30;20;45;30;30;20;45;30;31;20;45;30;30;20;45;200;215;100;300;200;213;100;300;200;207;100;300;200;208;100;300;30;30;20;45;30;29;20;45;30;31;20;45;30;30;20;45;200;230;100;300;200;229;100;300;200;144;100;300;200;145;100;300;4;3;0.4;6;4;5;0.4;6;4;2;0.4;6;4;5;0.4;6;4;3;0.4;6;4;5;0.4;6;4;3;0.4;6;4;5;0.4;6;NOK;NOK;OK;8000;8065;7500;9000;OK;6.81;0;8;12;NOK;N/A;1.85;N/A;N/A;N/A;9;12.8;7;18;OK;;0;0;0;-;Disabled;TempOk;3;230;36.7;36.2;36.4;0;349.9;441354200 daimler 6900-7200;441354200 daimler 6900-7200;441354200 daimler 6900-7200
20260325_00:56:55;0;3;1;930;919.7;890;970;OK;930;931.7;890;970;OK;933.7;932.7;-20;-16.6;-50;-25;NOK;-20;-16.3;-50;-25;NOK;-13.9;-15;0;-20;-16.7;-50;-25;NOK;300;311;300;565;OK;0;0;N/A;N/A;N/A;N/A;N/A;N/A;N/A;N/A;N/A;N/A;N/A;N/A;N/A;N/A;N/A;N/A;N/A;N/A;N/A;N/A;N/A;N/A;N/A;N/A;N/A;N/A;N/A;N/A;N/A;N/A;N/A;N/A;N/A;N/A;N/A;N/A;N/A;N/A;N/A;N/A;N/A;N/A;N/A;N/A;N/A;N/A;N/A;N/A;N/A;N/A;N/A;N/A;N/A;N/A;N/A;N/A;N/A;N/A;N/A;N/A;N/A;N/A;N/A;N/A;N/A;N/A;N/A;N/A;N/A;N/A;N/A;N/A;N/A;N/A;N/A;N/A;N/A;N/A;N/A;N/A;N/A;N/A;N/A;N/A;N/A;N/A;N/A;N/A;N/A;N/A;N/A;N/A;N/A;N/A;N/A;N/A;N/A;N/A;;0;284;0;0;;Disabled;TempStop;3;740;293.8;147.6;252.7;0;599.9;549.9;Enabled;PosOk;3;0;0;0;0;0;15;Disabled;0;0;0;0;0;0;0;0;0;0;0;0;0;0;0;0;0;0;0;0;0;0;0;0;0;0;0;0;0;0;0;0;0;0;0;0;0;0;0;0;0;0;0;0;0;0;0;0;0;0;0;0;0;0;0;0;0;0;0;0;0;0;0;0;0;0;0;0;0;0;30;29;20;45;30;29;20;45;30;30;20;45;30;29;20;45;200;215;100;300;200;213;100;300;200;208;100;300;200;208;100;300;30;29;20;45;30;29;20;45;30;30;20;45;30;29;20;45;200;230;100;300;200;229;100;300;200;144;100;300;200;144;100;300;4;2;0.4;6;4;5;0.4;6;4;2;0.4;6;4;5;0.4;6;4;3;0.4;6;4;5;0.4;6;4;2;0.4;6;4;5;0.4;6;NOK;NOK;OK;8000;8067;7500;9000;OK;6.81;0;8;12;NOK;N/A;1.85;N/A;N/A;N/A;9;12.8;7;18;OK;;0;0;0;-;Disabled;TempOk;3;230;35.7;35.4;35.7;0;349.9;441354200 daimler 6900-7200;441354200 daimler 6900-7200;441354200 daimler 6900-7200
20260325_00:57:31;0;1;2;930;918.9;890;970;OK;930;931.3;890;970;OK;932.5;931.9;-20;-14.7;-50;-25;NOK;-20;-15.4;-50;-25;NOK;-16.1;-16.5;0;-20;-14.7;-50;-25;NOK;300;311;300;565;OK;0;0;N/A;N/A;N/A;N/A;N/A;N/A;N/A;N/A;N/A;N/A;N/A;N/A;N/A;N/A;N/A;N/A;N/A;N/A;N/A;N/A;N/A;N/A;N/A;N/A;N/A;N/A;N/A;N/A;N/A;N/A;N/A;N/A;N/A;N/A;N/A;N/A;N/A;N/A;N/A;N/A;N/A;N/A;N/A;N/A;N/A;N/A;N/A;N/A;N/A;N/A;N/A;N/A;N/A;N/A;N/A;N/A;N/A;N/A;N/A;N/A;N/A;N/A;N/A;N/A;N/A;N/A;N/A;N/A;N/A;N/A;N/A;N/A;N/A;N/A;N/A;N/A;N/A;N/A;N/A;N/A;N/A;N/A;N/A;N/A;N/A;N/A;N/A;N/A;N/A;N/A;N/A;N/A;N/A;N/A;N/A;N/A;N/A;N/A;;0;284.1;0;0;;Disabled;TempStop;3;740;294.2;151;253.3;0;599.9;549.9;Enabled;PosOk;3;0;0.3;0;0;0;15;Disabled;0;0;0;0;0;0;0;0;0;0;0;0;0;0;0;0;0;0;0;0;0;0;0;0;0;0;0;0;0;0;0;0;0;0;0;0;0;0;0;0;0;0;0;0;0;0;0;0;0;0;0;0;0;0;0;0;0;0;0;0;0;0;0;0;0;0;0;0;0;0;30;29;20;45;30;29;20;45;30;30;20;45;30;29;20;45;200;215;100;300;200;212;100;300;200;208;100;300;200;207;100;300;30;29;20;45;30;29;20;45;30;30;20;45;30;29;20;45;200;230;100;300;200;229;100;300;200;144;100;300;200;144;100;300;4;2;0.4;6;4;5;0.4;6;4;2;0.4;6;4;5;0.4;6;4;3;0.4;6;4;5;0.4;6;4;2;0.4;6;4;5;0.4;6;NOK;NOK;OK;8000;8074;7500;9000;OK;6.82;0;8;12;NOK;N/A;1.85;N/A;N/A;N/A;9;12.7;7;18;OK;;0;0;0;-;Disabled;TempOk;3;230;36.2;35.7;36.2;0;349.9;441354200 daimler 6900-7200;441354200 daimler 6900-7200;441354200 daimler 6900-7200
20260325_00:58:07;0;3;2;930;919.3;890;970;OK;930;931.5;890;970;OK;932.7;932;-20;-16.5;-50;-25;NOK;-20;-17;-50;-25;NOK;-15.8;-16.8;0;-20;-16.4;-50;-25;NOK;300;311;300;565;OK;0;0;N/A;N/A;N/A;N/A;N/A;N/A;N/A;N/A;N/A;N/A;N/A;N/A;N/A;N/A;N/A;N/A;N/A;N/A;N/A;N/A;N/A;N/A;N/A;N/A;N/A;N/A;N/A;N/A;N/A;N/A;N/A;N/A;N/A;N/A;N/A;N/A;N/A;N/A;N/A;N/A;N/A;N/A;N/A;N/A;N/A;N/A;N/A;N/A;N/A;N/A;N/A;N/A;N/A;N/A;N/A;N/A;N/A;N/A;N/A;N/A;N/A;N/A;N/A;N/A;N/A;N/A;N/A;N/A;N/A;N/A;N/A;N/A;N/A;N/A;N/A;N/A;N/A;N/A;N/A;N/A;N/A;N/A;N/A;N/A;N/A;N/A;N/A;N/A;N/A;N/A;N/A;N/A;N/A;N/A;N/A;N/A;N/A;N/A;;0;281.9;0;0;;Disabled;TempStop;3;740;290;143.9;249.7;0;599.9;549.9;Enabled;PosOk;3;0;0;0;0;0;15;Disabled;0;0;0;0;0;0;0;0;0;0;0;0;0;0;0;0;0;0;0;0;0;0;0;0;0;0;0;0;0;0;0;0;0;0;0;0;0;0;0;0;0;0;0;0;0;0;0;0;0;0;0;0;0;0;0;0;0;0;0;0;0;0;0;0;0;0;0;0;0;0;30;29;20;45;30;30;20;45;30;30;20;45;30;30;20;45;200;215;100;300;200;213;100;300;200;207;100;300;200;207;100;300;30;29;20;45;30;30;20;45;30;30;20;45;30;30;20;45;200;230;100;300;200;229;100;300;200;144;100;300;200;145;100;300;4;3;0.4;6;4;5;0.4;6;4;2;0.4;6;4;5;0.4;6;4;3;0.4;6;4;5;0.4;6;4;3;0.4;6;4;5;0.4;6;NOK;NOK;OK;8000;8068;7500;9000;OK;6.81;0;8;12;NOK;N/A;1.85;N/A;N/A;N/A;9;12.6;7;18;OK;;0;0;0;-;Disabled;TempOk;3;230;35.7;35.4;35.9;0;349.9;441354200 daimler 6900-7200;441354200 daimler 6900-7200;441354200 daimler 6900-7200
20260325_00:58:43;0;1;3;930;918.6;890;970;OK;930;931;890;970;OK;932.4;931.6;-20;-14.9;-50;-25;NOK;-20;-15.5;-50;-25;NOK;-17.9;-17.4;0;-20;-14.8;-50;-25;NOK;300;311;300;565;OK;0;0;N/A;N/A;N/A;N/A;N/A;N/A;N/A;N/A;N/A;N/A;N/A;N/A;N/A;N/A;N/A;N/A;N/A;N/A;N/A;N/A;N/A;N/A;N/A;N/A;N/A;N/A;N/A;N/A;N/A;N/A;N/A;N/A;N/A;N/A;N/A;N/A;N/A;N/A;N/A;N/A;N/A;N/A;N/A;N/A;N/A;N/A;N/A;N/A;N/A;N/A;N/A;N/A;N/A;N/A;N/A;N/A;N/A;N/A;N/A;N/A;N/A;N/A;N/A;N/A;N/A;N/A;N/A;N/A;N/A;N/A;N/A;N/A;N/A;N/A;N/A;N/A;N/A;N/A;N/A;N/A;N/A;N/A;N/A;N/A;N/A;N/A;N/A;N/A;N/A;N/A;N/A;N/A;N/A;N/A;N/A;N/A;N/A;N/A;;0;283.9;0;0;;Disabled;TempStop;3;740;295.4;148.4;253.4;0;599.9;549.9;Enabled;PosOk;3;0;1;0;0;0;15;Disabled;0;0;0;0;0;0;0;0;0;0;0;0;0;0;0;0;0;0;0;0;0;0;0;0;0;0;0;0;0;0;0;0;0;0;0;0;0;0;0;0;0;0;0;0;0;0;0;0;0;0;0;0;0;0;0;0;0;0;0;0;0;0;0;0;0;0;0;0;58;14;30;30;20;45;30;30;20;45;30;30;20;45;30;30;20;45;200;215;100;300;200;213;100;300;200;208;100;300;200;209;100;300;30;30;20;45;30;30;20;45;30;30;20;45;30;30;20;45;200;230;100;300;200;229;100;300;200;144;100;300;200;144;100;300;4;2;0.4;6;4;5;0.4;6;4;2;0.4;6;4;5;0.4;6;4;3;0.4;6;4;5;0.4;6;4;2;0.4;6;4;5;0.4;6;NOK;NOK;OK;8000;8072;7500;9000;OK;6.82;0;8;12;NOK;N/A;1.86;N/A;N/A;N/A;9;12.7;7;18;OK;;0;0;0;-;Disabled;TempOk;3;230;36.2;36.2;36.4;0;349.9;441354200 daimler 6900-7200;441354200 daimler 6900-7200;441354200 daimler 6900-7200
20260325_00:59:19;0;3;5;930;920.9;890;970;OK;930;930.8;890;970;OK;931.5;930.9;-20;-17.9;-50;-25;NOK;-20;-17.8;-50;-25;NOK;-14.7;-16;0;-20;-17.9;-50;-25;NOK;300;311;300;565;OK;0;0;N/A;N/A;N/A;N/A;N/A;N/A;N/A;N/A;N/A;N/A;N/A;N/A;N/A;N/A;N/A;N/A;N/A;N/A;N/A;N/A;N/A;N/A;N/A;N/A;N/A;N/A;N/A;N/A;N/A;N/A;N/A;N/A;N/A;N/A;N/A;N/A;N/A;N/A;N/A;N/A;N/A;N/A;N/A;N/A;N/A;N/A;N/A;N/A;N/A;N/A;N/A;N/A;N/A;N/A;N/A;N/A;N/A;N/A;N/A;N/A;N/A;N/A;N/A;N/A;N/A;N/A;N/A;N/A;N/A;N/A;N/A;N/A;N/A;N/A;N/A;N/A;N/A;N/A;N/A;N/A;N/A;N/A;N/A;N/A;N/A;N/A;N/A;N/A;N/A;N/A;N/A;N/A;N/A;N/A;N/A;N/A;N/A;N/A;;0;282.5;0;0;;Disabled;TempStop;3;740;291.5;144.7;249.9;0;599.9;549.9;Enabled;PosOk;3;0;0.1;0;0;0;15;Disabled;0;0;0;0;0;0;0;0;0;0;0;0;0;0;0;0;0;0;0;0;0;0;0;0;0;0;0;0;0;0;0;0;0;0;0;0;0;0;0;0;0;0;0;0;0;0;0;0;0;0;0;0;0;0;0;0;0;0;0;0;0;0;0;0;0;0;0;0;0;0;30;30;20;45;30;30;20;45;30;30;20;45;30;30;20;45;200;215;100;300;200;213;100;300;200;208;100;300;200;208;100;300;30;30;20;45;30;30;20;45;30;30;20;45;30;30;20;45;200;230;100;300;200;229;100;300;200;144;100;300;200;144;100;300;4;2;0.4;6;4;5;0.4;6;4;2;0.4;6;4;5;0.4;6;4;2;0.4;6;4;5;0.4;6;4;2;0.4;6;4;5;0.4;6;NOK;NOK;OK;8000;8074;7500;9000;OK;6.82;0;8;12;NOK;N/A;1.85;N/A;N/A;N/A;9;12.6;7;18;OK;;0;0;0;-;Disabled;TempOk;3;230;35.7;35.9;35.9;0;349.9;441354200 daimler 6900-7200;441354200 daimler 6900-7200;441354200 daimler 6900-7200
20260325_00:59:55;0;3;3;930;918.7;890;970;OK;930;931.1;890;970;OK;932.5;931.9;-20;-14.9;-50;-25;NOK;-20;-15.1;-50;-25;NOK;-14.5;-15.3;0;-20;-14.8;-50;-25;NOK;300;311;300;565;OK;0;0;N/A;N/A;N/A;N/A;N/A;N/A;N/A;N/A;N/A;N/A;N/A;N/A;N/A;N/A;N/A;N/A;N/A;N/A;N/A;N/A;N/A;N/A;N/A;N/A;N/A;N/A;N/A;N/A;N/A;N/A;N/A;N/A;N/A;N/A;N/A;N/A;N/A;N/A;N/A;N/A;N/A;N/A;N/A;N/A;N/A;N/A;N/A;N/A;N/A;N/A;N/A;N/A;N/A;N/A;N/A;N/A;N/A;N/A;N/A;N/A;N/A;N/A;N/A;N/A;N/A;N/A;N/A;N/A;N/A;N/A;N/A;N/A;N/A;N/A;N/A;N/A;N/A;N/A;N/A;N/A;N/A;N/A;N/A;N/A;N/A;N/A;N/A;N/A;N/A;N/A;N/A;N/A;N/A;N/A;N/A;N/A;N/A;N/A;;0;283.8;0;0;;Disabled;TempStop;3;740;293.1;147.7;250.1;0;599.9;549.9;Enabled;PosOk;3;0;1;0;0;0;15;Disabled;0;0;0;0;0;0;0;0;0;0;0;0;0;0;0;0;0;0;0;0;0;0;0;0;0;0;0;0;0;0;0;0;0;0;0;0;0;0;0;0;0;0;0;0;0;0;0;0;0;0;0;0;0;0;0;0;0;0;0;0;0;0;0;0;0;0;0;0;0;0;30;30;20;45;30;30;20;45;30;31;20;45;30;30;20;45;200;215;100;300;200;213;100;300;200;208;100;300;200;208;100;300;30;30;20;45;30;30;20;45;30;31;20;45;30;30;20;45;200;230;100;300;200;229;100;300;200;144;100;300;200;145;100;300;4;2;0.4;6;4;5;0.4;6;4;2;0.4;6;4;5;0.4;6;4;3;0.4;6;4;5;0.4;6;4;2;0.4;6;4;5;0.4;6;NOK;NOK;OK;8000;8064;7500;9000;OK;6.81;0;8;12;NOK;N/A;1.85;N/A;N/A;N/A;9;13.1;7;18;OK;;0;0;0;-;Disabled;TempOk;3;230;35.9;35.7;35.4;0;349.9;441354200 daimler 6900-7200;441354200 daimler 6900-7200;441354200 daimler 6900-7200
20260325_01:00:31;0;1;4;930;918.3;890;970;OK;930;931.3;890;970;OK;932.5;931.8;-20;-12.5;-50;-25;NOK;-20;-12.6;-50;-25;NOK;-15.4;-14.1;0;-20;-12.5;-50;-25;NOK;300;311;300;565;OK;0;0;N/A;N/A;N/A;N/A;N/A;N/A;N/A;N/A;N/A;N/A;N/A;N/A;N/A;N/A;N/A;N/A;N/A;N/A;N/A;N/A;N/A;N/A;N/A;N/A;N/A;N/A;N/A;N/A;N/A;N/A;N/A;N/A;N/A;N/A;N/A;N/A;N/A;N/A;N/A;N/A;N/A;N/A;N/A;N/A;N/A;N/A;N/A;N/A;N/A;N/A;N/A;N/A;N/A;N/A;N/A;N/A;N/A;N/A;N/A;N/A;N/A;N/A;N/A;N/A;N/A;N/A;N/A;N/A;N/A;N/A;N/A;N/A;N/A;N/A;N/A;N/A;N/A;N/A;N/A;N/A;N/A;N/A;N/A;N/A;N/A;N/A;N/A;N/A;N/A;N/A;N/A;N/A;N/A;N/A;N/A;N/A;N/A;N/A;;0;284.6;0;0;;Disabled;TempStop;3;740;293.8;146.9;252.2;0;599.9;549.9;Enabled;PosOk;3;0;0;0;0;0;15;Disabled;0;0;0;0;0;0;0;0;0;0;0;0;0;0;0;0;0;0;0;0;0;0;0;0;0;0;0;0;0;0;0;0;0;0;0;0;0;0;0;0;0;0;0;0;0;0;0;0;0;0;0;0;0;0;0;0;0;0;0;0;0;0;0;0;0;0;0;0;0;2;30;30;20;45;30;30;20;45;30;30;20;45;30;30;20;45;200;215;100;300;200;213;100;300;200;207;100;300;200;208;100;300;30;30;20;45;30;30;20;45;30;31;20;45;30;30;20;45;200;230;100;300;200;229;100;300;200;144;100;300;200;145;100;300;4;2;0.4;6;4;5;0.4;6;4;2;0.4;6;4;5;0.4;6;4;3;0.4;6;4;5;0.4;6;4;2;0.4;6;4;5;0.4;6;NOK;NOK;OK;8000;8065;7500;9000;OK;6.81;0;8;12;NOK;N/A;1.85;N/A;N/A;N/A;9;13.3;7;18;OK;;0;0;0;-;Disabled;TempOk;3;230;35.7;35.7;35.9;0;349.9;441354200 daimler 6900-7200;441354200 daimler 6900-7200;441354200 daimler 6900-7200
20260325_01:01:07;0;3;4;930;919.6;890;970;OK;930;931.2;890;970;OK;932.2;931.7;-20;-14.7;-50;-25;NOK;-20;-15.5;-50;-25;NOK;-17.3;-17.2;0;-20;-14.5;-50;-25;NOK;300;311;300;565;OK;0;0;N/A;N/A;N/A;N/A;N/A;N/A;N/A;N/A;N/A;N/A;N/A;N/A;N/A;N/A;N/A;N/A;N/A;N/A;N/A;N/A;N/A;N/A;N/A;N/A;N/A;N/A;N/A;N/A;N/A;N/A;N/A;N/A;N/A;N/A;N/A;N/A;N/A;N/A;N/A;N/A;N/A;N/A;N/A;N/A;N/A;N/A;N/A;N/A;N/A;N/A;N/A;N/A;N/A;N/A;N/A;N/A;N/A;N/A;N/A;N/A;N/A;N/A;N/A;N/A;N/A;N/A;N/A;N/A;N/A;N/A;N/A;N/A;N/A;N/A;N/A;N/A;N/A;N/A;N/A;N/A;N/A;N/A;N/A;N/A;N/A;N/A;N/A;N/A;N/A;N/A;N/A;N/A;N/A;N/A;N/A;N/A;N/A;N/A;;0;282.7;0;0;;Disabled;TempStop;3;740;295.8;155.1;254.4;0;599.9;549.9;Enabled;PosOk;3;0;0.1;0;0;0;15;Disabled;0;0;0;0;0;0;0;0;0;0;0;0;0;0;0;0;0;0;0;0;0;0;0;0;0;0;0;0;0;0;0;0;0;0;0;0;0;0;0;0;0;0;0;0;0;0;0;0;0;0;0;0;0;0;0;0;0;0;0;0;0;0;0;0;0;0;0;0;0;0;30;30;20;45;30;30;20;45;30;31;20;45;30;30;20;45;200;215;100;300;200;213;100;300;200;207;100;300;200;207;100;300;30;30;20;45;30;30;20;45;30;31;20;45;30;30;20;45;200;230;100;300;200;229;100;300;200;144;100;300;200;145;100;300;4;3;0.4;6;4;5;0.4;6;4;2;0.4;6;4;5;0.4;6;4;3;0.4;6;4;5;0.4;6;4;3;0.4;6;4;5;0.4;6;NOK;NOK;OK;8000;8073;7500;9000;OK;6.82;0;8;12;NOK;N/A;1.85;N/A;N/A;N/A;9;13.3;7;18;OK;;0;0;0;-;Disabled;TempOk;3;230;35.9;35.7;35.9;0;349.9;441354200 daimler 6900-7200;441354200 daimler 6900-7200;441354200 daimler 6900-7200
20260325_01:01:43;0;1;1;930;919.8;890;970;OK;930;931.4;890;970;OK;932.5;931.8;-20;-17.4;-50;-25;NOK;-20;-17.1;-50;-25;NOK;-16.7;-16.8;0;-20;-17.5;-50;-25;NOK;300;311;300;565;OK;0;0;N/A;N/A;N/A;N/A;N/A;N/A;N/A;N/A;N/A;N/A;N/A;N/A;N/A;N/A;N/A;N/A;N/A;N/A;N/A;N/A;N/A;N/A;N/A;N/A;N/A;N/A;N/A;N/A;N/A;N/A;N/A;N/A;N/A;N/A;N/A;N/A;N/A;N/A;N/A;N/A;N/A;N/A;N/A;N/A;N/A;N/A;N/A;N/A;N/A;N/A;N/A;N/A;N/A;N/A;N/A;N/A;N/A;N/A;N/A;N/A;N/A;N/A;N/A;N/A;N/A;N/A;N/A;N/A;N/A;N/A;N/A;N/A;N/A;N/A;N/A;N/A;N/A;N/A;N/A;N/A;N/A;N/A;N/A;N/A;N/A;N/A;N/A;N/A;N/A;N/A;N/A;N/A;N/A;N/A;N/A;N/A;N/A;N/A;;0;286.3;0;0;;Disabled;TempStop;3;740;297.8;153.8;257.9;0;599.9;549.9;Enabled;PosOk;3;0;0;0;0;0;15;Disabled;0;0;0;0;0;0;0;0;0;0;0;0;0;0;0;0;0;0;0;0;0;0;0;0;0;0;0;0;0;0;0;0;0;0;0;0;0;0;0;0;0;0;0;0;0;0;0;0;0;0;0;0;0;0;0;0;0;0;0;0;0;0;0;0;0;0;0;0;0;0;30;30;20;45;30;30;20;45;30;31;20;45;30;30;20;45;200;216;100;300;200;213;100;300;200;208;100;300;200;208;100;300;30;30;20;45;30;30;20;45;30;31;20;45;30;30;20;45;200;231;100;300;200;229;100;300;200;144;100;300;200;145;100;300;4;2;0.4;6;4;5;0.4;6;4;2;0.4;6;4;5;0.4;6;4;2;0.4;6;4;5;0.4;6;4;3;0.4;6;4;5;0.4;6;NOK;NOK;OK;8000;8064;7500;9000;OK;6.81;0;8;12;NOK;N/A;1.85;N/A;N/A;N/A;9;13.5;7;18;OK;;0;0;0;-;Disabled;TempOk;3;230;35.7;35.4;35.9;0;349.9;441354200 daimler 6900-7200;441354200 daimler 6900-7200;441354200 daimler 6900-7200
20260325_01:02:19;0;3;1;930;919.7;890;970;OK;930;931.4;890;970;OK;933.4;932.5;-20;-16.6;-50;-25;NOK;-20;-16.2;-50;-25;NOK;-13.9;-14.9;0;-20;-16.7;-50;-25;NOK;300;311;300;565;OK;0;0;N/A;N/A;N/A;N/A;N/A;N/A;N/A;N/A;N/A;N/A;N/A;N/A;N/A;N/A;N/A;N/A;N/A;N/A;N/A;N/A;N/A;N/A;N/A;N/A;N/A;N/A;N/A;N/A;N/A;N/A;N/A;N/A;N/A;N/A;N/A;N/A;N/A;N/A;N/A;N/A;N/A;N/A;N/A;N/A;N/A;N/A;N/A;N/A;N/A;N/A;N/A;N/A;N/A;N/A;N/A;N/A;N/A;N/A;N/A;N/A;N/A;N/A;N/A;N/A;N/A;N/A;N/A;N/A;N/A;N/A;N/A;N/A;N/A;N/A;N/A;N/A;N/A;N/A;N/A;N/A;N/A;N/A;N/A;N/A;N/A;N/A;N/A;N/A;N/A;N/A;N/A;N/A;N/A;N/A;N/A;N/A;N/A;N/A;;0;283.6;0;0;;Disabled;TempStop;3;740;293.1;148.4;253;0;599.9;549.9;Enabled;PosOk;3;0;0.5;0;0;0;15;Disabled;0;0;0;0;0;0;0;0;0;0;0;0;0;0;0;0;0;0;0;0;0;0;0;0;0;0;0;0;0;0;0;0;0;0;0;0;0;0;0;0;0;0;0;0;0;0;0;0;0;0;0;0;0;0;0;0;0;0;0;0;0;0;0;0;0;0;0;0;0;0;30;30;20;45;30;30;20;45;30;31;20;45;30;30;20;45;200;216;100;300;200;213;100;300;200;208;100;300;200;208;100;300;30;30;20;45;30;30;20;45;30;31;20;45;30;30;20;45;200;231;100;300;200;229;100;300;200;144;100;300;200;146;100;300;4;2;0.4;6;4;5;0.4;6;4;2;0.4;6;4;5;0.4;6;4;3;0.4;6;4;5;0.4;6;4;2;0.4;6;4;5;0.4;6;NOK;NOK;OK;8000;8074;7500;9000;OK;6.82;0;8;12;NOK;N/A;1.85;N/A;N/A;N/A;9;13;7;18;OK;;0;0;0;-;Disabled;TempOk;3;230;36.2;35.7;36.7;0;349.9;441354200 daimler 6900-7200;441354200 daimler 6900-7200;441354200 daimler 6900-7200
20260325_01:02:55;0;1;2;930;919.5;890;970;OK;930;931.3;890;970;OK;932.5;932;-20;-14.9;-50;-25;NOK;-20;-15.3;-50;-25;NOK;-16.1;-16.5;0;-20;-14.8;-50;-25;NOK;300;311;300;565;OK;0;0;N/A;N/A;N/A;N/A;N/A;N/A;N/A;N/A;N/A;N/A;N/A;N/A;N/A;N/A;N/A;N/A;N/A;N/A;N/A;N/A;N/A;N/A;N/A;N/A;N/A;N/A;N/A;N/A;N/A;N/A;N/A;N/A;N/A;N/A;N/A;N/A;N/A;N/A;N/A;N/A;N/A;N/A;N/A;N/A;N/A;N/A;N/A;N/A;N/A;N/A;N/A;N/A;N/A;N/A;N/A;N/A;N/A;N/A;N/A;N/A;N/A;N/A;N/A;N/A;N/A;N/A;N/A;N/A;N/A;N/A;N/A;N/A;N/A;N/A;N/A;N/A;N/A;N/A;N/A;N/A;N/A;N/A;N/A;N/A;N/A;N/A;N/A;N/A;N/A;N/A;N/A;N/A;N/A;N/A;N/A;N/A;N/A;N/A;;0;283.7;0;0;;Disabled;TempStop;3;740;294.4;150.4;252.1;0;599.9;549.9;Enabled;PosOk;3;0;0.7;0;0;0;15;Disabled;0;0;0;0;0;0;0;0;0;0;0;0;0;0;0;0;0;0;0;0;0;0;0;0;0;0;0;0;0;0;0;0;0;0;0;0;0;0;0;0;0;0;0;0;0;0;0;0;0;0;0;0;0;0;0;0;0;0;0;0;0;0;0;0;0;0;0;0;0;0;30;30;20;45;30;30;20;45;30;31;20;45;30;30;20;45;200;215;100;300;200;213;100;300;200;208;100;300;200;208;100;300;30;30;20;45;30;30;20;45;30;31;20;45;30;30;20;45;200;231;100;300;200;229;100;300;200;144;100;300;200;145;100;300;4;2;0.4;6;4;5;0.4;6;4;2;0.4;6;4;5;0.4;6;4;3;0.4;6;4;5;0.4;6;4;3;0.4;6;4;5;0.4;6;NOK;NOK;OK;8000;8074;7500;9000;OK;6.85;0;8;12;NOK;N/A;1.85;N/A;N/A;N/A;9;12.9;7;18;OK;;0;0;0;-;Disabled;TempOk;3;230;35.9;35.9;36.2;0;349.9;441354200 daimler 6900-7200;441354200 daimler 6900-7200;441354200 daimler 6900-7200
20260325_01:03:31;0;3;2;930;918.8;890;970;OK;930;931.4;890;970;OK;932.7;932;-20;-16.5;-50;-25;NOK;-20;-17;-50;-25;NOK;-15.7;-16.8;0;-20;-16.4;-50;-25;NOK;300;311;300;565;OK;0;0;N/A;N/A;N/A;N/A;N/A;N/A;N/A;N/A;N/A;N/A;N/A;N/A;N/A;N/A;N/A;N/A;N/A;N/A;N/A;N/A;N/A;N/A;N/A;N/A;N/A;N/A;N/A;N/A;N/A;N/A;N/A;N/A;N/A;N/A;N/A;N/A;N/A;N/A;N/A;N/A;N/A;N/A;N/A;N/A;N/A;N/A;N/A;N/A;N/A;N/A;N/A;N/A;N/A;N/A;N/A;N/A;N/A;N/A;N/A;N/A;N/A;N/A;N/A;N/A;N/A;N/A;N/A;N/A;N/A;N/A;N/A;N/A;N/A;N/A;N/A;N/A;N/A;N/A;N/A;N/A;N/A;N/A;N/A;N/A;N/A;N/A;N/A;N/A;N/A;N/A;N/A;N/A;N/A;N/A;N/A;N/A;N/A;N/A;;0;282.9;0;0;;Disabled;TempStop;3;740;292.8;149;251.7;0;599.9;549.9;Enabled;PosOk;3;0;0;0;0;0;15;Disabled;0;0;0;0;0;0;0;0;0;0;0;0;0;0;0;0;0;0;0;0;0;0;0;0;0;0;0;0;0;0;0;0;0;0;0;0;0;0;0;0;0;0;0;0;0;0;0;0;0;0;0;0;0;0;0;0;0;0;0;0;0;0;0;0;0;0;0;0;0;0;30;30;20;45;30;30;20;45;30;31;20;45;30;29;20;45;200;215;100;300;200;213;100;300;200;207;100;300;200;207;100;300;30;30;20;45;30;30;20;45;30;31;20;45;30;30;20;45;200;230;100;300;200;229;100;300;200;144;100;300;200;145;100;300;4;3;0.4;6;4;5;0.4;6;4;2;0.4;6;4;5;0.4;6;4;3;0.4;6;4;5;0.4;6;4;3;0.4;6;4;5;0.4;6;NOK;NOK;OK;8000;8058;7500;9000;OK;6.81;0;8;12;NOK;N/A;1.85;N/A;N/A;N/A;9;12.8;7;18;OK;;0;0;0;-;Disabled;TempOk;3;230;35.9;35.7;35.9;0;349.9;441354200 daimler 6900-7200;441354200 daimler 6900-7200;441354200 daimler 6900-7200
20260325_01:04:06;0;1;3;930;919.7;890;970;OK;930;931.1;890;970;OK;932.2;931.6;-20;-14.9;-50;-25;NOK;-20;-15.4;-50;-25;NOK;-17.7;-17.3;0;-20;-14.8;-50;-25;NOK;300;311;300;565;OK;0;0;N/A;N/A;N/A;N/A;N/A;N/A;N/A;N/A;N/A;N/A;N/A;N/A;N/A;N/A;N/A;N/A;N/A;N/A;N/A;N/A;N/A;N/A;N/A;N/A;N/A;N/A;N/A;N/A;N/A;N/A;N/A;N/A;N/A;N/A;N/A;N/A;N/A;N/A;N/A;N/A;N/A;N/A;N/A;N/A;N/A;N/A;N/A;N/A;N/A;N/A;N/A;N/A;N/A;N/A;N/A;N/A;N/A;N/A;N/A;N/A;N/A;N/A;N/A;N/A;N/A;N/A;N/A;N/A;N/A;N/A;N/A;N/A;N/A;N/A;N/A;N/A;N/A;N/A;N/A;N/A;N/A;N/A;N/A;N/A;N/A;N/A;N/A;N/A;N/A;N/A;N/A;N/A;N/A;N/A;N/A;N/A;N/A;N/A;;0;284.6;0;0;;Disabled;TempStop;3;740;295.5;153;252.9;0;599.9;549.9;Enabled;PosOk;3;0;0.3;0;0;0;15;Disabled;0;0;0;0;0;0;0;0;0;0;0;0;0;0;0;0;0;0;0;0;0;0;0;0;0;0;0;0;0;0;0;0;0;0;0;0;0;0;0;0;0;0;0;0;0;0;0;0;0;0;0;0;0;0;0;0;0;0;0;0;0;0;0;0;0;0;0;0;3;38;30;30;20;45;30;29;20;45;30;30;20;45;30;29;20;45;200;215;100;300;200;213;100;300;200;207;100;300;200;207;100;300;30;30;20;45;30;29;20;45;30;30;20;45;30;29;20;45;200;232;100;300;200;229;100;300;200;144;100;300;200;145;100;300;4;2;0.4;6;4;5;0.4;6;4;2;0.4;6;4;5;0.4;6;4;3;0.4;6;4;5;0.4;6;4;3;0.4;6;4;5;0.4;6;NOK;NOK;OK;8000;8076;7500;9000;OK;6.82;0;8;12;NOK;N/A;1.85;N/A;N/A;N/A;9;13.1;7;18;OK;;0;0;0;-;Disabled;TempOk;3;230;36.9;35.9;36.7;0;349.9;441354200 daimler 6900-7200;441354200 daimler 6900-7200;441354200 daimler 6900-7200
20260325_01:04:42;0;3;5;930;920.9;890;970;OK;930;930.7;890;970;OK;931.5;930.8;-20;-18.1;-50;-25;NOK;-20;-17.4;-50;-25;NOK;-14.4;-15.7;0;-20;-18.3;-50;-25;NOK;300;311;300;565;OK;0;0;N/A;N/A;N/A;N/A;N/A;N/A;N/A;N/A;N/A;N/A;N/A;N/A;N/A;N/A;N/A;N/A;N/A;N/A;N/A;N/A;N/A;N/A;N/A;N/A;N/A;N/A;N/A;N/A;N/A;N/A;N/A;N/A;N/A;N/A;N/A;N/A;N/A;N/A;N/A;N/A;N/A;N/A;N/A;N/A;N/A;N/A;N/A;N/A;N/A;N/A;N/A;N/A;N/A;N/A;N/A;N/A;N/A;N/A;N/A;N/A;N/A;N/A;N/A;N/A;N/A;N/A;N/A;N/A;N/A;N/A;N/A;N/A;N/A;N/A;N/A;N/A;N/A;N/A;N/A;N/A;N/A;N/A;N/A;N/A;N/A;N/A;N/A;N/A;N/A;N/A;N/A;N/A;N/A;N/A;N/A;N/A;N/A;N/A;;0;281.3;0;0;;Disabled;TempStop;3;740;290.4;147.3;248.3;0;599.9;549.9;Enabled;PosOk;3;0;0.5;0;0;0;15;Disabled;0;0;0;0;0;0;0;0;0;0;0;0;0;0;0;0;0;0;0;0;0;0;0;0;0;0;0;0;0;0;0;0;0;0;0;0;0;0;0;0;0;0;0;0;0;0;0;0;0;0;0;0;0;0;0;0;0;0;0;0;0;0;0;0;0;0;0;0;0;0;30;29;20;45;30;29;20;45;30;30;20;45;30;29;20;45;200;215;100;300;200;213;100;300;200;208;100;300;200;207;100;300;30;29;20;45;30;29;20;45;30;30;20;45;30;29;20;45;200;230;100;300;200;228;100;300;200;144;100;300;200;145;100;300;4;2;0.4;6;4;5;0.4;6;4;2;0.4;6;4;5;0.4;6;4;3;0.4;6;4;5;0.4;6;4;3;0.4;6;4;5;0.4;6;NOK;NOK;OK;8000;8066;7500;9000;OK;6.81;0;8;12;NOK;N/A;1.85;N/A;N/A;N/A;9;13.3;7;18;OK;;0;0;0;-;Disabled;TempOk;3;230;36.4;36.2;36.2;0;349.9;441354200 daimler 6900-7200;441354200 daimler 6900-7200;441354200 daimler 6900-7200
20260325_01:05:18;0;3;3;930;918.8;890;970;OK;930;931.5;890;970;OK;932.6;931.8;-20;-15;-50;-25;NOK;-20;-15;-50;-25;NOK;-14.5;-15.3;0;-20;-14.9;-50;-25;NOK;300;311;300;565;OK;0;0;N/A;N/A;N/A;N/A;N/A;N/A;N/A;N/A;N/A;N/A;N/A;N/A;N/A;N/A;N/A;N/A;N/A;N/A;N/A;N/A;N/A;N/A;N/A;N/A;N/A;N/A;N/A;N/A;N/A;N/A;N/A;N/A;N/A;N/A;N/A;N/A;N/A;N/A;N/A;N/A;N/A;N/A;N/A;N/A;N/A;N/A;N/A;N/A;N/A;N/A;N/A;N/A;N/A;N/A;N/A;N/A;N/A;N/A;N/A;N/A;N/A;N/A;N/A;N/A;N/A;N/A;N/A;N/A;N/A;N/A;N/A;N/A;N/A;N/A;N/A;N/A;N/A;N/A;N/A;N/A;N/A;N/A;N/A;N/A;N/A;N/A;N/A;N/A;N/A;N/A;N/A;N/A;N/A;N/A;N/A;N/A;N/A;N/A;;0;283.1;0;0;;Disabled;TempStop;3;740;292.5;148.4;252.2;0;599.9;549.9;Enabled;PosOk;3;0;1;0;0;0;15;Disabled;0;0;0;0;0;0;0;0;0;0;0;0;0;0;0;0;0;0;0;0;0;0;0;0;0;0;0;0;0;0;0;0;0;0;0;0;0;0;0;0;0;0;0;0;0;0;0;0;0;0;0;0;0;0;0;0;0;0;0;0;0;0;0;0;0;0;0;0;0;0;30;29;20;45;30;30;20;45;30;30;20;45;30;29;20;45;200;215;100;300;200;213;100;300;200;207;100;300;200;207;100;300;30;29;20;45;30;30;20;45;30;30;20;45;30;30;20;45;200;230;100;300;200;229;100;300;200;144;100;300;200;145;100;300;4;2;0.4;6;4;5;0.4;6;4;2;0.4;6;4;5;0.4;6;4;3;0.4;6;4;5;0.4;6;4;2;0.4;6;4;5;0.4;6;NOK;NOK;OK;8000;8077;7500;9000;OK;6.82;0;8;12;NOK;N/A;1.85;N/A;N/A;N/A;9;13.3;7;18;OK;;0;0;0;-;Disabled;TempOk;3;230;36.4;35.9;36.9;0;349.9;441354200 daimler 6900-7200;441354200 daimler 6900-7200;441354200 daimler 6900-7200
20260325_01:05:54;0;1;4;930;918.9;890;970;OK;930;931.5;890;970;OK;932.2;931.7;-20;-12.6;-50;-25;NOK;-20;-12.6;-50;-25;NOK;-15.2;-14.1;0;-20;-12.6;-50;-25;NOK;300;311;300;565;OK;0;0;N/A;N/A;N/A;N/A;N/A;N/A;N/A;N/A;N/A;N/A;N/A;N/A;N/A;N/A;N/A;N/A;N/A;N/A;N/A;N/A;N/A;N/A;N/A;N/A;N/A;N/A;N/A;N/A;N/A;N/A;N/A;N/A;N/A;N/A;N/A;N/A;N/A;N/A;N/A;N/A;N/A;N/A;N/A;N/A;N/A;N/A;N/A;N/A;N/A;N/A;N/A;N/A;N/A;N/A;N/A;N/A;N/A;N/A;N/A;N/A;N/A;N/A;N/A;N/A;N/A;N/A;N/A;N/A;N/A;N/A;N/A;N/A;N/A;N/A;N/A;N/A;N/A;N/A;N/A;N/A;N/A;N/A;N/A;N/A;N/A;N/A;N/A;N/A;N/A;N/A;N/A;N/A;N/A;N/A;N/A;N/A;N/A;N/A;;0;284;0;0;;Disabled;TempStop;3;740;293.7;149.6;252.5;0;599.9;549.9;Enabled;PosOk;3;0;0;0;0;0;15;Disabled;0;0;0;0;0;0;0;0;0;0;0;0;0;0;0;0;0;0;0;0;0;0;0;0;0;0;0;0;0;0;0;0;0;0;0;0;0;0;0;0;0;0;0;0;0;0;0;0;0;0;0;0;0;0;0;0;0;0;0;0;0;0;0;0;0;0;0;0;5;26;30;30;20;45;30;30;20;45;30;30;20;45;30;30;20;45;200;214;100;300;200;213;100;300;200;207;100;300;200;207;100;300;30;30;20;45;30;30;20;45;30;30;20;45;30;30;20;45;200;230;100;300;200;229;100;300;200;144;100;300;200;144;100;300;4;3;0.4;6;4;5;0.4;6;4;2;0.4;6;4;5;0.4;6;4;3;0.4;6;4;5;0.4;6;4;2;0.4;6;4;5;0.4;6;NOK;NOK;OK;8000;8071;7500;9000;OK;6.82;0;8;12;NOK;N/A;1.85;N/A;N/A;N/A;9;13.4;7;18;OK;;0;0;0;-;Disabled;TempOk;3;230;36.7;36.4;36.9;0;349.9;441354200 daimler 6900-7200;441354200 daimler 6900-7200;441354200 daimler 6900-7200
20260325_01:06:30;0;3;4;930;919.6;890;970;OK;930;931.5;890;970;OK;932.2;931.7;-20;-14.7;-50;-25;NOK;-20;-15.4;-50;-25;NOK;-17.2;-17;0;-20;-14.5;-50;-25;NOK;300;311;300;565;OK;0;0;N/A;N/A;N/A;N/A;N/A;N/A;N/A;N/A;N/A;N/A;N/A;N/A;N/A;N/A;N/A;N/A;N/A;N/A;N/A;N/A;N/A;N/A;N/A;N/A;N/A;N/A;N/A;N/A;N/A;N/A;N/A;N/A;N/A;N/A;N/A;N/A;N/A;N/A;N/A;N/A;N/A;N/A;N/A;N/A;N/A;N/A;N/A;N/A;N/A;N/A;N/A;N/A;N/A;N/A;N/A;N/A;N/A;N/A;N/A;N/A;N/A;N/A;N/A;N/A;N/A;N/A;N/A;N/A;N/A;N/A;N/A;N/A;N/A;N/A;N/A;N/A;N/A;N/A;N/A;N/A;N/A;N/A;N/A;N/A;N/A;N/A;N/A;N/A;N/A;N/A;N/A;N/A;N/A;N/A;N/A;N/A;N/A;N/A;;0;282.4;0;0;;Disabled;TempStop;3;740;294;149;255.2;0;599.9;549.9;Enabled;PosOk;3;0;0.3;0;0;0;15;Disabled;0;0;0;0;0;0;0;0;0;0;0;0;0;0;0;0;0;0;0;0;0;0;0;0;0;0;0;0;0;0;0;0;0;0;0;0;0;0;0;0;0;0;0;0;0;0;0;0;0;0;0;0;0;0;0;0;0;0;0;0;0;0;0;0;0;0;0;0;0;0;30;30;20;45;30;30;20;45;30;30;20;45;30;30;20;45;200;214;100;300;200;212;100;300;200;207;100;300;200;208;100;300;30;30;20;45;30;30;20;45;30;31;20;45;30;30;20;45;200;231;100;300;200;229;100;300;200;144;100;300;200;145;100;300;4;3;0.4;6;4;5;0.4;6;4;2;0.4;6;4;5;0.4;6;4;3;0.4;6;4;5;0.4;6;4;2;0.4;6;4;5;0.4;6;NOK;NOK;OK;8000;8060;7500;9000;OK;6.81;0;8;12;NOK;N/A;1.85;N/A;N/A;N/A;9;13.5;7;18;OK;;0;0;0;-;Disabled;TempOk;3;230;36.2;35.9;36.4;0;349.9;441354200 daimler 6900-7200;441354200 daimler 6900-7200;441354200 daimler 6900-7200
20260325_01:07:06;0;1;1;930;919.4;890;970;OK;930;931.6;890;970;OK;932.6;931.8;-20;-17.3;-50;-25;NOK;-20;-17.1;-50;-25;NOK;-16.7;-16.8;0;-20;-17.3;-50;-25;NOK;300;311;300;565;OK;0;0;N/A;N/A;N/A;N/A;N/A;N/A;N/A;N/A;N/A;N/A;N/A;N/A;N/A;N/A;N/A;N/A;N/A;N/A;N/A;N/A;N/A;N/A;N/A;N/A;N/A;N/A;N/A;N/A;N/A;N/A;N/A;N/A;N/A;N/A;N/A;N/A;N/A;N/A;N/A;N/A;N/A;N/A;N/A;N/A;N/A;N/A;N/A;N/A;N/A;N/A;N/A;N/A;N/A;N/A;N/A;N/A;N/A;N/A;N/A;N/A;N/A;N/A;N/A;N/A;N/A;N/A;N/A;N/A;N/A;N/A;N/A;N/A;N/A;N/A;N/A;N/A;N/A;N/A;N/A;N/A;N/A;N/A;N/A;N/A;N/A;N/A;N/A;N/A;N/A;N/A;N/A;N/A;N/A;N/A;N/A;N/A;N/A;N/A;;0;287.2;0;0;;Disabled;TempStop;3;740;298;154.5;256.4;0;599.9;549.9;Enabled;PosOk;3;0;0;0;0;0;15;Disabled;0;0;0;0;0;0;0;0;0;0;0;0;0;0;0;0;0;0;0;0;0;0;0;0;0;0;0;0;0;0;0;0;0;0;0;0;0;0;0;0;0;0;0;0;0;0;0;0;0;0;0;0;0;0;0;0;0;0;0;0;0;0;0;0;0;0;0;0;0;0;30;30;20;45;30;30;20;45;30;31;20;45;30;30;20;45;200;216;100;300;200;213;100;300;200;208;100;300;200;208;100;300;30;30;20;45;30;30;20;45;30;31;20;45;30;30;20;45;200;231;100;300;200;229;100;300;200;144;100;300;200;145;100;300;4;2;0.4;6;4;5;0.4;6;4;2;0.4;6;4;5;0.4;6;4;2;0.4;6;4;5;0.4;6;4;3;0.4;6;4;5;0.4;6;NOK;NOK;OK;8000;8069;7500;9000;OK;6.82;0;8;12;NOK;N/A;1.85;N/A;N/A;N/A;9;13.1;7;18;OK;;0;0;0;-;Disabled;TempOk;3;230;37.2;36.2;36.7;0;349.9;441354200 daimler 6900-7200;441354200 daimler 6900-7200;441354200 daimler 6900-7200
20260325_01:07:42;0;3;1;930;919.8;890;970;OK;930;931.6;890;970;OK;933.4;932.6;-20;-16.6;-50;-25;NOK;-20;-16.2;-50;-25;NOK;-13.8;-14.9;0;-20;-16.7;-50;-25;NOK;300;311;300;565;OK;0;0;N/A;N/A;N/A;N/A;N/A;N/A;N/A;N/A;N/A;N/A;N/A;N/A;N/A;N/A;N/A;N/A;N/A;N/A;N/A;N/A;N/A;N/A;N/A;N/A;N/A;N/A;N/A;N/A;N/A;N/A;N/A;N/A;N/A;N/A;N/A;N/A;N/A;N/A;N/A;N/A;N/A;N/A;N/A;N/A;N/A;N/A;N/A;N/A;N/A;N/A;N/A;N/A;N/A;N/A;N/A;N/A;N/A;N/A;N/A;N/A;N/A;N/A;N/A;N/A;N/A;N/A;N/A;N/A;N/A;N/A;N/A;N/A;N/A;N/A;N/A;N/A;N/A;N/A;N/A;N/A;N/A;N/A;N/A;N/A;N/A;N/A;N/A;N/A;N/A;N/A;N/A;N/A;N/A;N/A;N/A;N/A;N/A;N/A;;0;284.2;0;0;;Disabled;TempStop;3;740;293.9;153.5;253.4;0;599.9;549.9;Enabled;PosOk;3;0;0.1;0;0;0;15;Disabled;0;0;0;0;0;0;0;0;0;0;0;0;0;0;0;0;0;0;0;0;0;0;0;0;0;0;0;0;0;0;0;0;0;0;0;0;0;0;0;0;0;0;0;0;0;0;0;0;0;0;0;0;0;0;0;0;0;0;0;0;0;0;0;0;0;0;0;0;0;0;30;30;20;45;30;30;20;45;30;31;20;45;30;30;20;45;200;215;100;300;200;212;100;300;200;208;100;300;200;207;100;300;30;30;20;45;30;30;20;45;30;31;20;45;30;30;20;45;200;231;100;300;200;229;100;300;200;144;100;300;200;145;100;300;4;2;0.4;6;4;5;0.4;6;4;2;0.4;6;4;5;0.4;6;4;3;0.4;6;4;5;0.4;6;4;3;0.4;6;4;5;0.4;6;NOK;NOK;OK;8000;8074;7500;9000;OK;6.82;0;8;12;NOK;N/A;1.85;N/A;N/A;N/A;9;13;7;18;OK;;0;0;0;-;Disabled;TempOk;3;230;36.4;36.4;36.4;0;349.9;441354200 daimler 6900-7200;441354200 daimler 6900-7200;441354200 daimler 6900-7200
20260325_01:08:18;0;1;2;930;919.1;890;970;OK;930;931.3;890;970;OK;932.5;931.9;-20;-14.8;-50;-25;NOK;-20;-15.3;-50;-25;NOK;-16.1;-16.4;0;-20;-14.7;-50;-25;NOK;300;311;300;565;OK;0;0;N/A;N/A;N/A;N/A;N/A;N/A;N/A;N/A;N/A;N/A;N/A;N/A;N/A;N/A;N/A;N/A;N/A;N/A;N/A;N/A;N/A;N/A;N/A;N/A;N/A;N/A;N/A;N/A;N/A;N/A;N/A;N/A;N/A;N/A;N/A;N/A;N/A;N/A;N/A;N/A;N/A;N/A;N/A;N/A;N/A;N/A;N/A;N/A;N/A;N/A;N/A;N/A;N/A;N/A;N/A;N/A;N/A;N/A;N/A;N/A;N/A;N/A;N/A;N/A;N/A;N/A;N/A;N/A;N/A;N/A;N/A;N/A;N/A;N/A;N/A;N/A;N/A;N/A;N/A;N/A;N/A;N/A;N/A;N/A;N/A;N/A;N/A;N/A;N/A;N/A;N/A;N/A;N/A;N/A;N/A;N/A;N/A;N/A;;0;283.4;0;0;;Disabled;TempStop;3;740;293.1;147.8;251.7;0;599.9;549.9;Enabled;PosOk;3;0;0.7;0;0;0;15;Disabled;0;0;0;0;0;0;0;0;0;0;0;0;0;0;0;0;0;0;0;0;0;0;0;0;0;0;0;0;0;0;0;0;0;0;0;0;0;0;0;0;0;0;0;0;0;0;0;0;0;0;0;0;0;0;0;0;0;0;0;0;0;0;0;0;0;0;0;0;0;0;30;30;20;45;30;30;20;45;30;31;20;45;30;30;20;45;200;215;100;300;200;213;100;300;200;208;100;300;200;207;100;300;30;30;20;45;30;30;20;45;30;31;20;45;30;30;20;45;200;231;100;300;200;229;100;300;200;144;100;300;200;145;100;300;4;2;0.4;6;4;5;0.4;6;4;2;0.4;6;4;5;0.4;6;4;3;0.4;6;4;5;0.4;6;4;3;0.4;6;4;5;0.4;6;NOK;NOK;OK;8000;8051;7500;9000;OK;6.81;0;8;12;NOK;N/A;1.85;N/A;N/A;N/A;9;12.9;7;18;OK;;0;0;0;-;Disabled;TempOk;3;230;36.2;35.7;36.9;0;349.9;441354200 daimler 6900-7200;441354200 daimler 6900-7200;441354200 daimler 6900-7200
20260325_01:08:54;0;3;2;930;919.2;890;970;OK;930;931.4;890;970;OK;932.6;932.2;-20;-16.5;-50;-25;NOK;-20;-16.8;-50;-25;NOK;-15.6;-16.7;0;-20;-16.3;-50;-25;NOK;300;311;300;565;OK;0;0;N/A;N/A;N/A;N/A;N/A;N/A;N/A;N/A;N/A;N/A;N/A;N/A;N/A;N/A;N/A;N/A;N/A;N/A;N/A;N/A;N/A;N/A;N/A;N/A;N/A;N/A;N/A;N/A;N/A;N/A;N/A;N/A;N/A;N/A;N/A;N/A;N/A;N/A;N/A;N/A;N/A;N/A;N/A;N/A;N/A;N/A;N/A;N/A;N/A;N/A;N/A;N/A;N/A;N/A;N/A;N/A;N/A;N/A;N/A;N/A;N/A;N/A;N/A;N/A;N/A;N/A;N/A;N/A;N/A;N/A;N/A;N/A;N/A;N/A;N/A;N/A;N/A;N/A;N/A;N/A;N/A;N/A;N/A;N/A;N/A;N/A;N/A;N/A;N/A;N/A;N/A;N/A;N/A;N/A;N/A;N/A;N/A;N/A;;0;282.8;0;0;;Disabled;TempStop;3;740;292.8;149.9;252.7;0;599.9;549.9;Enabled;PosOk;3;0;0;0;0;0;15;Disabled;0;0;0;0;0;0;0;0;0;0;0;0;0;0;0;0;0;0;0;0;0;0;0;0;0;0;0;0;0;0;0;0;0;0;0;0;0;0;0;0;0;0;0;0;0;0;0;0;0;0;0;0;0;0;0;0;0;0;0;0;0;0;0;0;0;0;0;0;0;0;30;30;20;45;30;30;20;45;30;31;20;45;30;30;20;45;200;215;100;300;200;213;100;300;200;208;100;300;200;208;100;300;30;30;20;45;30;30;20;45;30;31;20;45;30;30;20;45;200;231;100;300;200;230;100;300;200;144;100;300;200;145;100;300;4;2;0.4;6;4;5;0.4;6;4;2;0.4;6;4;5;0.4;6;4;3;0.4;6;4;5;0.4;6;4;2;0.4;6;4;5;0.4;6;NOK;NOK;OK;8000;8074;7500;9000;OK;6.82;0;8;12;NOK;N/A;1.85;N/A;N/A;N/A;9;12.7;7;18;OK;;0;0;0;-;Disabled;TempOk;3;230;36.4;36.2;36.7;0;349.9;441354200 daimler 6900-7200;441354200 daimler 6900-7200;441354200 daimler 6900-7200
20260325_01:09:30;0;1;3;930;919.1;890;970;OK;930;931.1;890;970;OK;932.4;931.6;-20;-14.8;-50;-25;NOK;-20;-15.3;-50;-25;NOK;-17.5;-17.2;0;-20;-14.7;-50;-25;NOK;300;311;300;565;OK;0;0;N/A;N/A;N/A;N/A;N/A;N/A;N/A;N/A;N/A;N/A;N/A;N/A;N/A;N/A;N/A;N/A;N/A;N/A;N/A;N/A;N/A;N/A;N/A;N/A;N/A;N/A;N/A;N/A;N/A;N/A;N/A;N/A;N/A;N/A;N/A;N/A;N/A;N/A;N/A;N/A;N/A;N/A;N/A;N/A;N/A;N/A;N/A;N/A;N/A;N/A;N/A;N/A;N/A;N/A;N/A;N/A;N/A;N/A;N/A;N/A;N/A;N/A;N/A;N/A;N/A;N/A;N/A;N/A;N/A;N/A;N/A;N/A;N/A;N/A;N/A;N/A;N/A;N/A;N/A;N/A;N/A;N/A;N/A;N/A;N/A;N/A;N/A;N/A;N/A;N/A;N/A;N/A;N/A;N/A;N/A;N/A;N/A;N/A;;0;284.2;0;0;;Disabled;TempStop;3;740;295.4;150.5;251.5;0;599.9;549.9;Enabled;PosOk;3;0;0;0;0;0;15;Disabled;0;0;0;0;0;0;0;0;0;0;0;0;0;0;0;0;0;0;0;0;0;0;0;0;0;0;0;0;0;0;0;0;0;0;0;0;0;0;0;0;0;0;0;0;0;0;0;0;0;0;0;0;0;0;0;0;0;0;0;0;0;0;0;0;0;0;0;0;9;1;30;30;20;45;30;30;20;45;30;31;20;45;30;30;20;45;200;216;100;300;200;213;100;300;200;207;100;300;200;208;100;300;30;30;20;45;30;30;20;45;30;31;20;45;30;30;20;45;200;231;100;300;200;229;100;300;200;145;100;300;200;145;100;300;4;2;0.4;6;4;5;0.4;6;4;2;0.4;6;4;5;0.4;6;4;2;0.4;6;4;5;0.4;6;4;2;0.4;6;4;5;0.4;6;NOK;NOK;OK;8000;8077;7500;9000;OK;6.82;0;8;12;NOK;N/A;1.85;N/A;N/A;N/A;9;12.6;7;18;OK;;0;0;0;-;Disabled;TempOk;3;230;36.7;36.2;36.2;0;349.9;441354200 daimler 6900-7200;441354200 daimler 6900-7200;441354200 daimler 6900-7200
20260325_01:10:06;0;3;5;930;920.7;890;970;OK;930;930.8;890;970;OK;931.6;930.9;-20;-17.9;-50;-25;NOK;-20;-17.4;-50;-25;NOK;-14.3;-15.3;0;-20;-17.9;-50;-25;NOK;300;311;300;565;OK;0;0;N/A;N/A;N/A;N/A;N/A;N/A;N/A;N/A;N/A;N/A;N/A;N/A;N/A;N/A;N/A;N/A;N/A;N/A;N/A;N/A;N/A;N/A;N/A;N/A;N/A;N/A;N/A;N/A;N/A;N/A;N/A;N/A;N/A;N/A;N/A;N/A;N/A;N/A;N/A;N/A;N/A;N/A;N/A;N/A;N/A;N/A;N/A;N/A;N/A;N/A;N/A;N/A;N/A;N/A;N/A;N/A;N/A;N/A;N/A;N/A;N/A;N/A;N/A;N/A;N/A;N/A;N/A;N/A;N/A;N/A;N/A;N/A;N/A;N/A;N/A;N/A;N/A;N/A;N/A;N/A;N/A;N/A;N/A;N/A;N/A;N/A;N/A;N/A;N/A;N/A;N/A;N/A;N/A;N/A;N/A;N/A;N/A;N/A;;0;283.3;0;0;;Disabled;TempStop;3;740;292.9;150.4;249.4;0;599.9;549.9;Enabled;PosOk;3;0;0.3;0;0;0;15;Disabled;0;0;0;0;0;0;0;0;0;0;0;0;0;0;0;0;0;0;0;0;0;0;0;0;0;0;0;0;0;0;0;0;0;0;0;0;0;0;0;0;0;0;0;0;0;0;0;0;0;0;0;0;0;0;0;0;0;0;0;0;0;0;0;0;0;0;0;0;0;0;30;30;20;45;30;30;20;45;30;31;20;45;30;30;20;45;200;215;100;300;200;213;100;300;200;208;100;300;200;208;100;300;30;30;20;45;30;30;20;45;30;31;20;45;30;30;20;45;200;231;100;300;200;229;100;300;200;144;100;300;200;145;100;300;4;3;0.4;6;4;5;0.4;6;4;2;0.4;6;4;5;0.4;6;4;3;0.4;6;4;5;0.4;6;4;2;0.4;6;4;5;0.4;6;NOK;NOK;OK;8000;8067;7500;9000;OK;6.81;0;8;12;NOK;N/A;1.85;N/A;N/A;N/A;9;13.2;7;18;OK;;0;0;0;-;Disabled;TempOk;3;230;36.4;37.4;36.7;0;349.9;441354200 daimler 6900-7200;441354200 daimler 6900-7200;441354200 daimler 6900-7200
20260325_01:10:42;0;3;3;930;919.2;890;970;OK;930;931.4;890;970;OK;932.5;932;-20;-14.8;-50;-25;NOK;-20;-14.9;-50;-25;NOK;-14.4;-15.2;0;-20;-14.8;-50;-25;NOK;300;311;300;565;OK;0;0;N/A;N/A;N/A;N/A;N/A;N/A;N/A;N/A;N/A;N/A;N/A;N/A;N/A;N/A;N/A;N/A;N/A;N/A;N/A;N/A;N/A;N/A;N/A;N/A;N/A;N/A;N/A;N/A;N/A;N/A;N/A;N/A;N/A;N/A;N/A;N/A;N/A;N/A;N/A;N/A;N/A;N/A;N/A;N/A;N/A;N/A;N/A;N/A;N/A;N/A;N/A;N/A;N/A;N/A;N/A;N/A;N/A;N/A;N/A;N/A;N/A;N/A;N/A;N/A;N/A;N/A;N/A;N/A;N/A;N/A;N/A;N/A;N/A;N/A;N/A;N/A;N/A;N/A;N/A;N/A;N/A;N/A;N/A;N/A;N/A;N/A;N/A;N/A;N/A;N/A;N/A;N/A;N/A;N/A;N/A;N/A;N/A;N/A;;0;283.8;0;0;;Disabled;TempStop;3;740;293.1;147.9;250.9;0;599.9;549.9;Enabled;PosOk;3;0;0.8;0;0;0;15;Disabled;0;0;0;0;0;0;0;0;0;0;0;0;0;0;0;0;0;0;0;0;0;0;0;0;0;0;0;0;0;0;0;0;0;0;0;0;0;0;0;0;0;0;0;0;0;0;0;0;0;0;0;0;0;0;0;0;0;0;0;0;0;0;0;0;0;0;0;0;0;0;30;30;20;45;30;29;20;45;30;30;20;45;30;29;20;45;200;215;100;300;200;213;100;300;200;208;100;300;200;208;100;300;30;29;20;45;30;29;20;45;30;30;20;45;30;29;20;45;200;230;100;300;200;229;100;300;200;144;100;300;200;145;100;300;4;2;0.4;6;4;5;0.4;6;4;2;0.4;6;4;5;0.4;6;4;3;0.4;6;4;5;0.4;6;4;2;0.4;6;4;5;0.4;6;NOK;NOK;OK;8000;8078;7500;9000;OK;6.82;0;8;12;NOK;N/A;1.85;N/A;N/A;N/A;9;13.3;7;18;OK;;0;0;0;-;Disabled;TempOk;3;230;36.9;36.4;36.4;0;349.9;441354200 daimler 6900-7200;441354200 daimler 6900-7200;441354200 daimler 6900-7200
20260325_01:11:18;0;1;4;930;917.9;890;970;OK;930;931.5;890;970;OK;932.4;931.7;-20;-12.6;-50;-25;NOK;-20;-12.3;-50;-25;NOK;-15.1;-13.8;0;-20;-12.6;-50;-25;NOK;300;311;300;565;OK;0;0;N/A;N/A;N/A;N/A;N/A;N/A;N/A;N/A;N/A;N/A;N/A;N/A;N/A;N/A;N/A;N/A;N/A;N/A;N/A;N/A;N/A;N/A;N/A;N/A;N/A;N/A;N/A;N/A;N/A;N/A;N/A;N/A;N/A;N/A;N/A;N/A;N/A;N/A;N/A;N/A;N/A;N/A;N/A;N/A;N/A;N/A;N/A;N/A;N/A;N/A;N/A;N/A;N/A;N/A;N/A;N/A;N/A;N/A;N/A;N/A;N/A;N/A;N/A;N/A;N/A;N/A;N/A;N/A;N/A;N/A;N/A;N/A;N/A;N/A;N/A;N/A;N/A;N/A;N/A;N/A;N/A;N/A;N/A;N/A;N/A;N/A;N/A;N/A;N/A;N/A;N/A;N/A;N/A;N/A;N/A;N/A;N/A;N/A;;0;283.7;0;0;;Disabled;TempStop;3;740;293.6;148.4;250.3;0;599.9;549.9;Enabled;PosOk;3;0;0;0;0;0;15;Disabled;0;0;0;0;0;0;0;0;0;0;0;0;0;0;0;0;0;0;0;0;0;0;0;0;0;0;0;0;0;0;0;0;0;0;0;0;0;0;0;0;0;0;0;0;0;0;0;0;0;0;0;0;0;0;0;0;0;0;0;0;0;0;0;0;0;0;0;0;10;49;30;29;20;45;30;29;20;45;30;30;20;45;30;29;20;45;200;215;100;300;200;213;100;300;200;207;100;300;200;207;100;300;30;29;20;45;30;29;20;45;30;30;20;45;30;29;20;45;200;230;100;300;200;229;100;300;200;144;100;300;200;145;100;300;4;2;0.4;6;4;5;0.4;6;4;2;0.4;6;4;5;0.4;6;4;3;0.4;6;4;5;0.4;6;4;3;0.4;6;4;5;0.4;6;NOK;NOK;OK;8000;8055;7500;9000;OK;6.81;0;8;12;NOK;N/A;1.85;N/A;N/A;N/A;9;13.4;7;18;OK;;0;0;0;-;Disabled;TempOk;3;230;35.9;35.9;36.2;0;349.9;441354200 daimler 6900-7200;441354200 daimler 6900-7200;441354200 daimler 6900-7200
20260325_01:11:54;0;3;4;930;919.1;890;970;OK;930;931.3;890;970;OK;932.3;931.6;-20;-14.6;-50;-25;NOK;-20;-15.1;-50;-25;NOK;-17.1;-16.8;0;-20;-14.4;-50;-25;NOK;300;311;300;565;OK;0;0;N/A;N/A;N/A;N/A;N/A;N/A;N/A;N/A;N/A;N/A;N/A;N/A;N/A;N/A;N/A;N/A;N/A;N/A;N/A;N/A;N/A;N/A;N/A;N/A;N/A;N/A;N/A;N/A;N/A;N/A;N/A;N/A;N/A;N/A;N/A;N/A;N/A;N/A;N/A;N/A;N/A;N/A;N/A;N/A;N/A;N/A;N/A;N/A;N/A;N/A;N/A;N/A;N/A;N/A;N/A;N/A;N/A;N/A;N/A;N/A;N/A;N/A;N/A;N/A;N/A;N/A;N/A;N/A;N/A;N/A;N/A;N/A;N/A;N/A;N/A;N/A;N/A;N/A;N/A;N/A;N/A;N/A;N/A;N/A;N/A;N/A;N/A;N/A;N/A;N/A;N/A;N/A;N/A;N/A;N/A;N/A;N/A;N/A;;0;283.6;0;0;;Disabled;TempStop;3;740;294.9;154.5;254;0;599.9;549.9;Enabled;PosOk;3;0;0;0;0;0;15;Disabled;0;0;0;0;0;0;0;0;0;0;0;0;0;0;0;0;0;0;0;0;0;0;0;0;0;0;0;0;0;0;0;0;0;0;0;0;0;0;0;0;0;0;0;0;0;0;0;0;0;0;0;0;0;0;0;0;0;0;0;0;0;0;0;0;0;0;0;0;0;0;30;29;20;45;30;30;20;45;30;30;20;45;30;29;20;45;200;214;100;300;200;213;100;300;200;208;100;300;200;207;100;300;30;29;20;45;30;29;20;45;30;30;20;45;30;29;20;45;200;230;100;300;200;229;100;300;200;144;100;300;200;144;100;300;4;3;0.4;6;4;5;0.4;6;4;2;0.4;6;4;5;0.4;6;4;3;0.4;6;4;5;0.4;6;4;3;0.4;6;4;5;0.4;6;NOK;NOK;OK;8000;8059;7500;9000;OK;6.81;0;8;12;NOK;N/A;1.85;N/A;N/A;N/A;9;13.5;7;18;OK;;0;0;0;-;Disabled;TempOk;3;230;36.7;35.9;36.7;0;349.9;441354200 daimler 6900-7200;441354200 daimler 6900-7200;441354200 daimler 6900-7200
20260325_01:12:30;0;1;1;930;919.9;890;970;OK;930;931.5;890;970;OK;932.5;932.1;-20;-17.2;-50;-25;NOK;-20;-17.1;-50;-25;NOK;-16.5;-16.7;0;-20;-17.2;-50;-25;NOK;300;311;300;565;OK;0;0;N/A;N/A;N/A;N/A;N/A;N/A;N/A;N/A;N/A;N/A;N/A;N/A;N/A;N/A;N/A;N/A;N/A;N/A;N/A;N/A;N/A;N/A;N/A;N/A;N/A;N/A;N/A;N/A;N/A;N/A;N/A;N/A;N/A;N/A;N/A;N/A;N/A;N/A;N/A;N/A;N/A;N/A;N/A;N/A;N/A;N/A;N/A;N/A;N/A;N/A;N/A;N/A;N/A;N/A;N/A;N/A;N/A;N/A;N/A;N/A;N/A;N/A;N/A;N/A;N/A;N/A;N/A;N/A;N/A;N/A;N/A;N/A;N/A;N/A;N/A;N/A;N/A;N/A;N/A;N/A;N/A;N/A;N/A;N/A;N/A;N/A;N/A;N/A;N/A;N/A;N/A;N/A;N/A;N/A;N/A;N/A;N/A;N/A;;0;287.1;0;0;;Disabled;TempStop;3;740;299.1;153.1;255.6;0;599.9;549.9;Enabled;PosOk;3;0;0;0;0;0;15;Disabled;0;0;0;0;0;0;0;0;0;0;0;0;0;0;0;0;0;0;0;0;0;0;0;0;0;0;0;0;0;0;0;0;0;0;0;0;0;0;0;0;0;0;0;0;0;0;0;0;0;0;0;0;0;0;0;0;0;0;0;0;0;0;0;0;0;0;0;0;0;0;30;30;20;45;30;30;20;45;30;30;20;45;30;30;20;45;200;215;100;300;200;213;100;300;200;207;100;300;200;208;100;300;30;30;20;45;30;30;20;45;30;30;20;45;30;30;20;45;200;230;100;300;200;229;100;300;200;144;100;300;200;145;100;300;4;2;0.4;6;4;5;0.4;6;4;2;0.4;6;4;5;0.4;6;4;3;0.4;6;4;5;0.4;6;4;2;0.4;6;4;5;0.4;6;NOK;NOK;OK;8000;8080;7500;9000;OK;6.82;0;8;12;NOK;N/A;1.85;N/A;N/A;N/A;9;13.5;7;18;OK;;0;0;0;-;Disabled;TempOk;3;230;36.2;35.9;36.4;0;349.9;441354200 daimler 6900-7200;441354200 daimler 6900-7200;441354200 daimler 6900-7200
20260325_01:13:06;0;3;1;930;918.9;890;970;OK;930;931.5;890;970;OK;933.5;932.6;-20;-16.5;-50;-25;NOK;-20;-16;-50;-25;NOK;-13.8;-14.8;0;-20;-16.6;-50;-25;NOK;300;311;300;565;OK;0;0;N/A;N/A;N/A;N/A;N/A;N/A;N/A;N/A;N/A;N/A;N/A;N/A;N/A;N/A;N/A;N/A;N/A;N/A;N/A;N/A;N/A;N/A;N/A;N/A;N/A;N/A;N/A;N/A;N/A;N/A;N/A;N/A;N/A;N/A;N/A;N/A;N/A;N/A;N/A;N/A;N/A;N/A;N/A;N/A;N/A;N/A;N/A;N/A;N/A;N/A;N/A;N/A;N/A;N/A;N/A;N/A;N/A;N/A;N/A;N/A;N/A;N/A;N/A;N/A;N/A;N/A;N/A;N/A;N/A;N/A;N/A;N/A;N/A;N/A;N/A;N/A;N/A;N/A;N/A;N/A;N/A;N/A;N/A;N/A;N/A;N/A;N/A;N/A;N/A;N/A;N/A;N/A;N/A;N/A;N/A;N/A;N/A;N/A;;0;283.9;0;0;;Disabled;TempStop;3;740;293.6;149.8;252;0;599.9;549.9;Enabled;PosOk;3;0;0;0;0;0;15;Disabled;0;0;0;0;0;0;0;0;0;0;0;0;0;0;0;0;0;0;0;0;0;0;0;0;0;0;0;0;0;0;0;0;0;0;0;0;0;0;0;0;0;0;0;0;0;0;0;0;0;0;0;0;0;0;0;0;0;0;0;0;0;0;0;0;0;0;0;0;0;0;30;30;20;45;30;30;20;45;30;30;20;45;30;30;20;45;200;215;100;300;200;213;100;300;200;208;100;300;200;207;100;300;30;30;20;45;30;30;20;45;30;31;20;45;30;30;20;45;200;230;100;300;200;229;100;300;200;144;100;300;200;145;100;300;4;3;0.4;6;4;5;0.4;6;4;2;0.4;6;4;5;0.4;6;4;3;0.4;6;4;5;0.4;6;4;2;0.4;6;4;5;0.4;6;NOK;NOK;OK;8000;8072;7500;9000;OK;6.82;0;8;12;NOK;N/A;1.85;N/A;N/A;N/A;9;13.5;7;18;OK;;0;0;0;-;Disabled;TempOk;3;230;36.7;36.7;36.7;0;349.9;441354200 daimler 6900-7200;441354200 daimler 6900-7200;441354200 daimler 6900-7200
20260325_01:13:41;0;1;2;930;919.5;890;970;OK;930;931.4;890;970;OK;932.5;932;-20;-14.6;-50;-25;NOK;-20;-15.3;-50;-25;NOK;-15.9;-16.4;0;-20;-14.5;-50;-25;NOK;300;311;300;565;OK;0;0;N/A;N/A;N/A;N/A;N/A;N/A;N/A;N/A;N/A;N/A;N/A;N/A;N/A;N/A;N/A;N/A;N/A;N/A;N/A;N/A;N/A;N/A;N/A;N/A;N/A;N/A;N/A;N/A;N/A;N/A;N/A;N/A;N/A;N/A;N/A;N/A;N/A;N/A;N/A;N/A;N/A;N/A;N/A;N/A;N/A;N/A;N/A;N/A;N/A;N/A;N/A;N/A;N/A;N/A;N/A;N/A;N/A;N/A;N/A;N/A;N/A;N/A;N/A;N/A;N/A;N/A;N/A;N/A;N/A;N/A;N/A;N/A;N/A;N/A;N/A;N/A;N/A;N/A;N/A;N/A;N/A;N/A;N/A;N/A;N/A;N/A;N/A;N/A;N/A;N/A;N/A;N/A;N/A;N/A;N/A;N/A;N/A;N/A;;0;283.9;0;0;;Disabled;TempStop;3;740;293.8;149.5;252.2;0;599.9;549.9;Enabled;PosOk;3;0;0.5;0;0;0;15;Disabled;0;0;0;0;0;0;0;0;0;0;0;0;0;0;0;0;0;0;0;0;0;0;0;0;0;0;0;0;0;0;0;0;0;0;0;0;0;0;0;0;0;0;0;0;0;0;0;0;0;0;0;0;0;0;0;0;0;0;0;0;0;0;0;0;0;0;0;0;0;0;30;30;20;45;30;30;20;45;30;30;20;45;30;30;20;45;200;216;100;300;200;213;100;300;200;207;100;300;200;208;100;300;30;30;20;45;30;30;20;45;30;31;20;45;30;30;20;45;200;231;100;300;200;229;100;300;200;144;100;300;200;145;100;300;4;2;0.4;6;4;5;0.4;6;4;3;0.4;6;4;5;0.4;6;4;3;0.4;6;4;5;0.4;6;4;3;0.4;6;4;5;0.4;6;NOK;NOK;OK;8000;7966;7500;9000;OK;6.82;0;8;12;NOK;N/A;1.86;N/A;N/A;N/A;9;13.4;7;18;OK;;0;0;0;-;Disabled;TempOk;3;230;35.9;35.9;35.9;0;349.9;441354200 daimler 6900-7200;441354200 daimler 6900-7200;441354200 daimler 6900-7200
20260325_01:14:17;0;3;2;930;919.2;890;970;OK;930;931.6;890;970;OK;932.7;931.9;-20;-16.3;-50;-25;NOK;-20;-16.7;-50;-25;NOK;-15.5;-16.5;0;-20;-16.2;-50;-25;NOK;300;311;300;565;OK;0;0;N/A;N/A;N/A;N/A;N/A;N/A;N/A;N/A;N/A;N/A;N/A;N/A;N/A;N/A;N/A;N/A;N/A;N/A;N/A;N/A;N/A;N/A;N/A;N/A;N/A;N/A;N/A;N/A;N/A;N/A;N/A;N/A;N/A;N/A;N/A;N/A;N/A;N/A;N/A;N/A;N/A;N/A;N/A;N/A;N/A;N/A;N/A;N/A;N/A;N/A;N/A;N/A;N/A;N/A;N/A;N/A;N/A;N/A;N/A;N/A;N/A;N/A;N/A;N/A;N/A;N/A;N/A;N/A;N/A;N/A;N/A;N/A;N/A;N/A;N/A;N/A;N/A;N/A;N/A;N/A;N/A;N/A;N/A;N/A;N/A;N/A;N/A;N/A;N/A;N/A;N/A;N/A;N/A;N/A;N/A;N/A;N/A;N/A;;0;282.1;0;0;;Disabled;TempStop;3;740;291.9;151.5;247.6;0;599.9;549.9;Enabled;PosOk;3;0;0;0;0;0;15;Disabled;0;0;0;0;0;0;0;0;0;0;0;0;0;0;0;0;0;0;0;0;0;0;0;0;0;0;0;0;0;0;0;0;0;0;0;0;0;0;0;0;0;0;0;0;0;0;0;0;0;0;0;0;0;0;0;0;0;0;0;0;0;0;0;0;0;0;0;0;0;0;30;30;20;45;30;30;20;45;30;31;20;45;30;30;20;45;200;215;100;300;200;213;100;300;200;208;100;300;200;207;100;300;30;30;20;45;30;30;20;45;30;31;20;45;30;30;20;45;200;230;100;300;200;228;100;300;200;144;100;300;200;145;100;300;4;3;0.4;6;4;5;0.4;6;4;2;0.4;6;4;5;0.4;6;4;3;0.4;6;4;5;0.4;6;4;3;0.4;6;4;5;0.4;6;NOK;NOK;OK;8000;8100;7500;9000;OK;6.82;0;8;12;NOK;N/A;1.85;N/A;N/A;N/A;9;13.6;7;18;OK;;0;0;0;-;Disabled;TempOk;3;230;37.4;36.7;37.2;0;349.9;441354200 daimler 6900-7200;441354200 daimler 6900-7200;441354200 daimler 6900-7200
20260325_01:14:53;0;1;3;930;919.5;890;970;OK;930;931.1;890;970;OK;932.4;931.7;-20;-14.7;-50;-25;NOK;-20;-15.3;-50;-25;NOK;-17.5;-17.2;0;-20;-14.6;-50;-25;NOK;300;311;300;565;OK;0;0;N/A;N/A;N/A;N/A;N/A;N/A;N/A;N/A;N/A;N/A;N/A;N/A;N/A;N/A;N/A;N/A;N/A;N/A;N/A;N/A;N/A;N/A;N/A;N/A;N/A;N/A;N/A;N/A;N/A;N/A;N/A;N/A;N/A;N/A;N/A;N/A;N/A;N/A;N/A;N/A;N/A;N/A;N/A;N/A;N/A;N/A;N/A;N/A;N/A;N/A;N/A;N/A;N/A;N/A;N/A;N/A;N/A;N/A;N/A;N/A;N/A;N/A;N/A;N/A;N/A;N/A;N/A;N/A;N/A;N/A;N/A;N/A;N/A;N/A;N/A;N/A;N/A;N/A;N/A;N/A;N/A;N/A;N/A;N/A;N/A;N/A;N/A;N/A;N/A;N/A;N/A;N/A;N/A;N/A;N/A;N/A;N/A;N/A;;0;284.7;0;0;;Disabled;TempStop;3;740;295.1;154.5;254.4;0;599.9;549.9;Enabled;PosOk;3;0;0.5;0;0;0;15;Disabled;0;0;0;0;0;0;0;0;0;0;0;0;0;0;0;0;0;0;0;0;0;0;0;0;0;0;0;0;0;0;0;0;0;0;0;0;0;0;0;0;0;0;0;0;0;0;0;0;0;0;0;0;0;0;0;0;0;0;0;0;0;0;0;0;0;0;0;0;14;24;30;30;20;45;30;30;20;45;30;30;20;45;30;30;20;45;200;215;100;300;200;213;100;300;200;208;100;300;200;208;100;300;30;30;20;45;30;30;20;45;30;31;20;45;30;30;20;45;200;231;100;300;200;229;100;300;200;144;100;300;200;145;100;300;4;3;0.4;6;4;5;0.4;6;4;2;0.4;6;4;5;0.4;6;4;3;0.4;6;4;5;0.4;6;4;3;0.4;6;4;5;0.4;6;NOK;NOK;OK;8000;8076;7500;9000;OK;6.81;0;8;12;NOK;N/A;1.85;N/A;N/A;N/A;9;13.1;7;18;OK;;0;0;0;-;Disabled;TempOk;3;230;36.4;36.7;36.4;0;349.9;441354200 daimler 6900-7200;441354200 daimler 6900-7200;441354200 daimler 6900-7200
20260325_01:15:29;0;3;5;930;920.9;890;970;OK;930;930.7;890;970;OK;931.5;931;-20;-17.9;-50;-25;NOK;-20;-17.4;-50;-25;NOK;-14.3;-15.5;0;-20;-18;-50;-25;NOK;300;311;300;565;OK;0;0;N/A;N/A;N/A;N/A;N/A;N/A;N/A;N/A;N/A;N/A;N/A;N/A;N/A;N/A;N/A;N/A;N/A;N/A;N/A;N/A;N/A;N/A;N/A;N/A;N/A;N/A;N/A;N/A;N/A;N/A;N/A;N/A;N/A;N/A;N/A;N/A;N/A;N/A;N/A;N/A;N/A;N/A;N/A;N/A;N/A;N/A;N/A;N/A;N/A;N/A;N/A;N/A;N/A;N/A;N/A;N/A;N/A;N/A;N/A;N/A;N/A;N/A;N/A;N/A;N/A;N/A;N/A;N/A;N/A;N/A;N/A;N/A;N/A;N/A;N/A;N/A;N/A;N/A;N/A;N/A;N/A;N/A;N/A;N/A;N/A;N/A;N/A;N/A;N/A;N/A;N/A;N/A;N/A;N/A;N/A;N/A;N/A;N/A;;0;282.3;0;0;;Disabled;TempStop;3;740;291.8;150.3;251.3;0;599.9;549.9;Enabled;PosOk;3;0;0.3;0;0;0;15;Disabled;0;0;0;0;0;0;0;0;0;0;0;0;0;0;0;0;0;0;0;0;0;0;0;0;0;0;0;0;0;0;0;0;0;0;0;0;0;0;0;0;0;0;0;0;0;0;0;0;0;0;0;0;0;0;0;0;0;0;0;0;0;0;0;0;0;0;0;0;0;0;30;30;20;45;30;30;20;45;30;30;20;45;30;30;20;45;200;215;100;300;200;212;100;300;200;208;100;300;200;208;100;300;30;30;20;45;30;30;20;45;30;31;20;45;30;30;20;45;200;230;100;300;200;229;100;300;200;144;100;300;200;144;100;300;4;2;0.4;6;4;5;0.4;6;4;2;0.4;6;4;5;0.4;6;4;3;0.4;6;4;5;0.4;6;4;3;0.4;6;4;5;0.4;6;NOK;NOK;OK;8000;8080;7500;9000;OK;6.81;0;8;12;NOK;N/A;1.85;N/A;N/A;N/A;9;13;7;18;OK;;0;0;0;-;Disabled;TempOk;3;230;36.4;36.2;37.9;0;349.9;441354200 daimler 6900-7200;441354200 daimler 6900-7200;441354200 daimler 6900-7200
20260325_01:16:05;0;3;3;930;918.9;890;970;OK;930;931.4;890;970;OK;932.6;932.2;-20;-14.7;-50;-25;NOK;-20;-14.7;-50;-25;NOK;-14.2;-14.9;0;-20;-14.7;-50;-25;NOK;300;311;300;565;OK;0;0;N/A;N/A;N/A;N/A;N/A;N/A;N/A;N/A;N/A;N/A;N/A;N/A;N/A;N/A;N/A;N/A;N/A;N/A;N/A;N/A;N/A;N/A;N/A;N/A;N/A;N/A;N/A;N/A;N/A;N/A;N/A;N/A;N/A;N/A;N/A;N/A;N/A;N/A;N/A;N/A;N/A;N/A;N/A;N/A;N/A;N/A;N/A;N/A;N/A;N/A;N/A;N/A;N/A;N/A;N/A;N/A;N/A;N/A;N/A;N/A;N/A;N/A;N/A;N/A;N/A;N/A;N/A;N/A;N/A;N/A;N/A;N/A;N/A;N/A;N/A;N/A;N/A;N/A;N/A;N/A;N/A;N/A;N/A;N/A;N/A;N/A;N/A;N/A;N/A;N/A;N/A;N/A;N/A;N/A;N/A;N/A;N/A;N/A;;0;282.9;0;0;;Disabled;TempStop;3;740;291.9;151.3;249.6;0;599.9;549.9;Enabled;PosOk;3;0;0.8;0;0;0;15;Disabled;0;0;0;0;0;0;0;0;0;0;0;0;0;0;0;0;0;0;0;0;0;0;0;0;0;0;0;0;0;0;0;0;0;0;0;0;0;0;0;0;0;0;0;0;0;0;0;0;0;0;0;0;0;0;0;0;0;0;0;0;0;0;0;0;0;0;0;0;0;0;30;30;20;45;30;30;20;45;30;30;20;45;30;30;20;45;200;216;100;300;200;213;100;300;200;208;100;300;200;208;100;300;30;30;20;45;30;30;20;45;30;31;20;45;30;30;20;45;200;231;100;300;200;229;100;300;200;144;100;300;200;145;100;300;4;3;0.4;6;4;5;0.4;6;4;2;0.4;6;4;5;0.4;6;4;3;0.4;6;4;5;0.4;6;4;3;0.4;6;4;5;0.4;6;NOK;NOK;OK;8000;8099;7500;9000;OK;6.82;0;8;12;NOK;N/A;1.85;N/A;N/A;N/A;9;12.9;7;18;OK;;0;0;0;-;Disabled;TempOk;3;230;36.7;35.9;36.2;0;349.9;441354200 daimler 6900-7200;441354200 daimler 6900-7200;441354200 daimler 6900-7200
20260325_01:16:41;0;1;4;930;917.9;890;970;OK;930;931.4;890;970;OK;932.1;931.8;-20;-12.3;-50;-25;NOK;-20;-12.3;-50;-25;NOK;-15.2;-13.8;0;-20;-12.3;-50;-25;NOK;300;311;300;565;OK;0;0;N/A;N/A;N/A;N/A;N/A;N/A;N/A;N/A;N/A;N/A;N/A;N/A;N/A;N/A;N/A;N/A;N/A;N/A;N/A;N/A;N/A;N/A;N/A;N/A;N/A;N/A;N/A;N/A;N/A;N/A;N/A;N/A;N/A;N/A;N/A;N/A;N/A;N/A;N/A;N/A;N/A;N/A;N/A;N/A;N/A;N/A;N/A;N/A;N/A;N/A;N/A;N/A;N/A;N/A;N/A;N/A;N/A;N/A;N/A;N/A;N/A;N/A;N/A;N/A;N/A;N/A;N/A;N/A;N/A;N/A;N/A;N/A;N/A;N/A;N/A;N/A;N/A;N/A;N/A;N/A;N/A;N/A;N/A;N/A;N/A;N/A;N/A;N/A;N/A;N/A;N/A;N/A;N/A;N/A;N/A;N/A;N/A;N/A;;0;284.2;0;0;;Disabled;TempStop;3;740;294;146.8;250.1;0;599.9;549.9;Enabled;PosOk;3;0;0;0;0;0;15;Disabled;0;0;0;0;0;0;0;0;0;0;0;0;0;0;0;0;0;0;0;0;0;0;0;0;0;0;0;0;0;0;0;0;0;0;0;0;0;0;0;0;0;0;0;0;0;0;0;0;0;0;0;0;0;0;0;0;0;0;0;0;0;0;0;0;0;0;0;0;16;13;30;30;20;45;30;30;20;45;30;30;20;45;30;30;20;45;200;215;100;300;200;212;100;300;200;207;100;300;200;207;100;300;30;30;20;45;30;30;20;45;30;31;20;45;30;30;20;45;200;230;100;300;200;229;100;300;200;144;100;300;200;144;100;300;4;2;0.4;6;4;5;0.4;6;4;2;0.4;6;4;5;0.4;6;4;3;0.4;6;4;5;0.4;6;4;2;0.4;6;4;5;0.4;6;NOK;NOK;OK;8000;7976;7500;9000;OK;6.82;0;8;12;NOK;N/A;1.85;N/A;N/A;N/A;9;12.7;7;18;OK;;0;0;0;-;Disabled;TempOk;3;230;36.2;36.2;36.4;0;349.9;441354200 daimler 6900-7200;441354200 daimler 6900-7200;441354200 daimler 6900-7200
20260325_01:17:17;0;3;4;930;919.2;890;970;OK;930;931.4;890;970;OK;932.1;931.7;-20;-14.2;-50;-25;NOK;-20;-15.1;-50;-25;NOK;-16.9;-16.8;0;-20;-14.1;-50;-25;NOK;300;311;300;565;OK;0;0;N/A;N/A;N/A;N/A;N/A;N/A;N/A;N/A;N/A;N/A;N/A;N/A;N/A;N/A;N/A;N/A;N/A;N/A;N/A;N/A;N/A;N/A;N/A;N/A;N/A;N/A;N/A;N/A;N/A;N/A;N/A;N/A;N/A;N/A;N/A;N/A;N/A;N/A;N/A;N/A;N/A;N/A;N/A;N/A;N/A;N/A;N/A;N/A;N/A;N/A;N/A;N/A;N/A;N/A;N/A;N/A;N/A;N/A;N/A;N/A;N/A;N/A;N/A;N/A;N/A;N/A;N/A;N/A;N/A;N/A;N/A;N/A;N/A;N/A;N/A;N/A;N/A;N/A;N/A;N/A;N/A;N/A;N/A;N/A;N/A;N/A;N/A;N/A;N/A;N/A;N/A;N/A;N/A;N/A;N/A;N/A;N/A;N/A;;0;281.8;0;0;;Disabled;TempStop;3;740;293.6;153.1;254.2;0;599.9;549.9;Enabled;PosOk;3;0;0.3;0;0;0;15;Disabled;0;0;0;0;0;0;0;0;0;0;0;0;0;0;0;0;0;0;0;0;0;0;0;0;0;0;0;0;0;0;0;0;0;0;0;0;0;0;0;0;0;0;0;0;0;0;0;0;0;0;0;0;0;0;0;0;0;0;0;0;0;0;0;0;0;0;0;0;0;0;30;30;20;45;30;30;20;45;30;30;20;45;30;30;20;45;200;215;100;300;200;213;100;300;200;207;100;300;200;208;100;300;30;30;20;45;30;30;20;45;30;31;20;45;30;30;20;45;200;231;100;300;200;229;100;300;200;144;100;300;200;144;100;300;4;2;0.4;6;4;5;0.4;6;4;2;0.4;6;4;5;0.4;6;4;3;0.4;6;4;5;0.4;6;4;3;0.4;6;4;5;0.4;6;NOK;NOK;OK;8000;8098;7500;9000;OK;6.82;0;8;12;NOK;N/A;1.85;N/A;N/A;N/A;9;12.6;7;18;OK;;0;0;0;-;Disabled;TempOk;3;230;36.9;36.7;36.9;0;349.9;441354200 daimler 6900-7200;441354200 daimler 6900-7200;441354200 daimler 6900-7200
20260325_01:17:53;0;1;1;930;919.9;890;970;OK;930;931.4;890;970;OK;932.1;931.8;-20;-17.2;-50;-25;NOK;-20;-17.1;-50;-25;NOK;-16.7;-16.8;0;-20;-17.2;-50;-25;NOK;300;311;300;565;OK;0;0;N/A;N/A;N/A;N/A;N/A;N/A;N/A;N/A;N/A;N/A;N/A;N/A;N/A;N/A;N/A;N/A;N/A;N/A;N/A;N/A;N/A;N/A;N/A;N/A;N/A;N/A;N/A;N/A;N/A;N/A;N/A;N/A;N/A;N/A;N/A;N/A;N/A;N/A;N/A;N/A;N/A;N/A;N/A;N/A;N/A;N/A;N/A;N/A;N/A;N/A;N/A;N/A;N/A;N/A;N/A;N/A;N/A;N/A;N/A;N/A;N/A;N/A;N/A;N/A;N/A;N/A;N/A;N/A;N/A;N/A;N/A;N/A;N/A;N/A;N/A;N/A;N/A;N/A;N/A;N/A;N/A;N/A;N/A;N/A;N/A;N/A;N/A;N/A;N/A;N/A;N/A;N/A;N/A;N/A;N/A;N/A;N/A;N/A;;0;285.8;0;0;;Disabled;TempStop;3;740;294.6;153.1;250.1;0;599.9;549.9;Enabled;PosOk;3;0;0;0;0;0;15;Disabled;0;0;0;0;0;0;0;0;0;0;0;0;0;0;0;0;0;0;0;0;0;0;0;0;0;0;0;0;0;0;0;0;0;0;0;0;0;0;0;0;0;0;0;0;0;0;0;0;0;0;0;0;0;0;0;0;0;0;0;0;0;0;0;0;0;0;0;0;0;0;30;30;20;45;30;30;20;45;30;30;20;45;30;30;20;45;200;215;100;300;200;213;100;300;200;208;100;300;200;208;100;300;30;30;20;45;30;30;20;45;30;31;20;45;30;30;20;45;200;230;100;300;200;229;100;300;200;144;100;300;200;144;100;300;4;2;0.4;6;4;5;0.4;6;4;2;0.4;6;4;5;0.4;6;4;3;0.4;6;4;5;0.4;6;4;3;0.4;6;4;5;0.4;6;NOK;NOK;OK;8000;7961;7500;9000;OK;6.82;0;8;12;NOK;N/A;1.85;N/A;N/A;N/A;9;12.6;7;18;OK;;0;0;0;-;Disabled;TempOk;3;230;36.7;36.2;36.9;0;349.9;441354200 daimler 6900-7200;441354200 daimler 6900-7200;441354200 daimler 6900-7200
20260325_01:18:29;0;3;1;930;919.2;890;970;OK;930;931.6;890;970;OK;933.4;932.5;-20;-16.4;-50;-25;NOK;-20;-16;-50;-25;NOK;-13.6;-14.6;0;-20;-16.4;-50;-25;NOK;300;311;300;565;OK;0;0;N/A;N/A;N/A;N/A;N/A;N/A;N/A;N/A;N/A;N/A;N/A;N/A;N/A;N/A;N/A;N/A;N/A;N/A;N/A;N/A;N/A;N/A;N/A;N/A;N/A;N/A;N/A;N/A;N/A;N/A;N/A;N/A;N/A;N/A;N/A;N/A;N/A;N/A;N/A;N/A;N/A;N/A;N/A;N/A;N/A;N/A;N/A;N/A;N/A;N/A;N/A;N/A;N/A;N/A;N/A;N/A;N/A;N/A;N/A;N/A;N/A;N/A;N/A;N/A;N/A;N/A;N/A;N/A;N/A;N/A;N/A;N/A;N/A;N/A;N/A;N/A;N/A;N/A;N/A;N/A;N/A;N/A;N/A;N/A;N/A;N/A;N/A;N/A;N/A;N/A;N/A;N/A;N/A;N/A;N/A;N/A;N/A;N/A;;0;284.3;0;0;;Disabled;TempStop;3;740;294.3;153.1;253;0;599.9;549.9;Enabled;PosOk;3;0;0.7;0;0;0;15;Disabled;0;0;0;0;0;0;0;0;0;0;0;0;0;0;0;0;0;0;0;0;0;0;0;0;0;0;0;0;0;0;0;0;0;0;0;0;0;0;0;0;0;0;0;0;0;0;0;0;0;0;0;0;0;0;0;0;0;0;0;0;0;0;0;0;0;0;0;0;0;0;30;30;20;45;30;29;20;45;30;30;20;45;30;29;20;45;200;215;100;300;200;212;100;300;200;207;100;300;200;207;100;300;30;30;20;45;30;29;20;45;30;30;20;45;30;29;20;45;200;231;100;300;200;228;100;300;200;144;100;300;200;144;100;300;4;2;0.4;6;4;5;0.4;6;4;2;0.4;6;4;5;0.4;6;4;3;0.4;6;4;5;0.4;6;4;3;0.4;6;4;5;0.4;6;NOK;NOK;OK;8000;8066;7500;9000;OK;6.81;0;8;12;NOK;N/A;1.85;N/A;N/A;N/A;9;12.6;7;18;OK;;0;0;0;-;Disabled;TempOk;3;230;36.2;36.4;36.4;0;349.9;441354200 daimler 6900-7200;441354200 daimler 6900-7200;441354200 daimler 6900-7200
20260325_01:19:05;0;1;2;930;919.6;890;970;OK;930;931.6;890;970;OK;932.6;931.8;-20;-14.6;-50;-25;NOK;-20;-15.1;-50;-25;NOK;-16;-16.4;0;-20;-14.5;-50;-25;NOK;300;311;300;565;OK;0;0;N/A;N/A;N/A;N/A;N/A;N/A;N/A;N/A;N/A;N/A;N/A;N/A;N/A;N/A;N/A;N/A;N/A;N/A;N/A;N/A;N/A;N/A;N/A;N/A;N/A;N/A;N/A;N/A;N/A;N/A;N/A;N/A;N/A;N/A;N/A;N/A;N/A;N/A;N/A;N/A;N/A;N/A;N/A;N/A;N/A;N/A;N/A;N/A;N/A;N/A;N/A;N/A;N/A;N/A;N/A;N/A;N/A;N/A;N/A;N/A;N/A;N/A;N/A;N/A;N/A;N/A;N/A;N/A;N/A;N/A;N/A;N/A;N/A;N/A;N/A;N/A;N/A;N/A;N/A;N/A;N/A;N/A;N/A;N/A;N/A;N/A;N/A;N/A;N/A;N/A;N/A;N/A;N/A;N/A;N/A;N/A;N/A;N/A;;0;285.1;0;0;;Disabled;TempStop;3;740;295.5;153.8;252.4;0;599.9;549.9;Enabled;PosOk;3;0;0.7;0;0;0;15;Disabled;0;0;0;0;0;0;0;0;0;0;0;0;0;0;0;0;0;0;0;0;0;0;0;0;0;0;0;0;0;0;0;0;0;0;0;0;0;0;0;0;0;0;0;0;0;0;0;0;0;0;0;0;0;0;0;0;0;0;0;0;0;0;0;0;0;0;0;0;0;0;30;30;20;45;30;30;20;45;30;30;20;45;30;30;20;45;200;215;100;300;200;213;100;300;200;207;100;300;200;207;100;300;30;30;20;45;30;30;20;45;30;30;20;45;30;30;20;45;200;230;100;300;200;229;100;300;200;144;100;300;200;145;100;300;4;3;0.4;6;4;5;0.4;6;4;2;0.4;6;4;5;0.4;6;4;3;0.4;6;4;5;0.4;6;4;3;0.4;6;4;5;0.4;6;NOK;NOK;OK;8000;7983;7500;9000;OK;6.82;0;8;12;NOK;N/A;1.85;N/A;N/A;N/A;9;13.2;7;18;OK;;0;0;0;-;Disabled;TempOk;3;230;36.7;36.4;36.4;0;349.9;441354200 daimler 6900-7200;441354200 daimler 6900-7200;441354200 daimler 6900-7200
20260325_01:19:41;0;3;2;930;919.4;890;970;OK;930;931.6;890;970;OK;932.8;932.2;-20;-16.2;-50;-25;NOK;-20;-16.6;-50;-25;NOK;-15.4;-16.5;0;-20;-16;-50;-25;NOK;300;311;300;565;OK;0;0;N/A;N/A;N/A;N/A;N/A;N/A;N/A;N/A;N/A;N/A;N/A;N/A;N/A;N/A;N/A;N/A;N/A;N/A;N/A;N/A;N/A;N/A;N/A;N/A;N/A;N/A;N/A;N/A;N/A;N/A;N/A;N/A;N/A;N/A;N/A;N/A;N/A;N/A;N/A;N/A;N/A;N/A;N/A;N/A;N/A;N/A;N/A;N/A;N/A;N/A;N/A;N/A;N/A;N/A;N/A;N/A;N/A;N/A;N/A;N/A;N/A;N/A;N/A;N/A;N/A;N/A;N/A;N/A;N/A;N/A;N/A;N/A;N/A;N/A;N/A;N/A;N/A;N/A;N/A;N/A;N/A;N/A;N/A;N/A;N/A;N/A;N/A;N/A;N/A;N/A;N/A;N/A;N/A;N/A;N/A;N/A;N/A;N/A;;0;283.2;0;0;;Disabled;TempStop;3;740;292.4;149.4;250.4;0;599.9;549.9;Enabled;PosOk;3;0;0;0;0;0;15;Disabled;0;0;0;0;0;0;0;0;0;0;0;0;0;0;0;0;0;0;0;0;0;0;0;0;0;0;0;0;0;0;0;0;0;0;0;0;0;0;0;0;0;0;0;0;0;0;0;0;0;0;0;0;0;0;0;0;0;0;0;0;0;0;0;0;0;0;0;0;0;0;30;30;20;45;30;30;20;45;30;30;20;45;30;30;20;45;200;215;100;300;200;213;100;300;200;207;100;300;200;207;100;300;30;30;20;45;30;30;20;45;30;31;20;45;30;30;20;45;200;230;100;300;200;229;100;300;200;144;100;300;200;145;100;300;4;2;0.4;6;4;5;0.4;6;4;2;0.4;6;4;5;0.4;6;4;3;0.4;6;4;5;0.4;6;4;3;0.4;6;4;5;0.4;6;NOK;NOK;OK;8000;8051;7500;9000;OK;6.81;0;8;12;NOK;N/A;1.85;N/A;N/A;N/A;9;12.7;7;18;OK;;0;0;0;-;Disabled;TempOk;3;230;37.2;36.7;36.7;0;349.9;441354200 daimler 6900-7200;441354200 daimler 6900-7200;441354200 daimler 6900-7200
20260325_01:20:17;0;1;3;930;919.5;890;970;OK;930;931.1;890;970;OK;932.4;931.6;-20;-14.8;-50;-25;NOK;-20;-15.1;-50;-25;NOK;-17.5;-17.2;0;-20;-14.7;-50;-25;NOK;300;311;300;565;OK;0;0;N/A;N/A;N/A;N/A;N/A;N/A;N/A;N/A;N/A;N/A;N/A;N/A;N/A;N/A;N/A;N/A;N/A;N/A;N/A;N/A;N/A;N/A;N/A;N/A;N/A;N/A;N/A;N/A;N/A;N/A;N/A;N/A;N/A;N/A;N/A;N/A;N/A;N/A;N/A;N/A;N/A;N/A;N/A;N/A;N/A;N/A;N/A;N/A;N/A;N/A;N/A;N/A;N/A;N/A;N/A;N/A;N/A;N/A;N/A;N/A;N/A;N/A;N/A;N/A;N/A;N/A;N/A;N/A;N/A;N/A;N/A;N/A;N/A;N/A;N/A;N/A;N/A;N/A;N/A;N/A;N/A;N/A;N/A;N/A;N/A;N/A;N/A;N/A;N/A;N/A;N/A;N/A;N/A;N/A;N/A;N/A;N/A;N/A;;0;284.7;0;0;;Disabled;TempStop;3;740;296.3;156.2;255.4;0;599.9;549.9;Enabled;PosOk;3;0;0.5;0;0;0;15;Disabled;0;0;0;0;0;0;0;0;0;0;0;0;0;0;0;0;0;0;0;0;0;0;0;0;0;0;0;0;0;0;0;0;0;0;0;0;0;0;0;0;0;0;0;0;0;0;0;0;0;0;0;0;0;0;0;0;0;0;0;0;0;0;0;0;0;0;0;0;19;48;30;30;20;45;30;30;20;45;30;31;20;45;30;30;20;45;200;215;100;300;200;213;100;300;200;208;100;300;200;207;100;300;30;30;20;45;30;30;20;45;30;31;20;45;30;30;20;45;200;231;100;300;200;229;100;300;200;144;100;300;200;144;100;300;4;3;0.4;6;4;5;0.4;6;4;2;0.4;6;4;5;0.4;6;4;3;0.4;6;4;5;0.4;6;4;3;0.4;6;4;5;0.4;6;NOK;NOK;OK;8000;8066;7500;9000;OK;6.82;0;8;12;NOK;N/A;1.85;N/A;N/A;N/A;9;12.6;7;18;OK;;0;0;0;-;Disabled;TempOk;3;230;36.2;36.2;36.7;0;349.9;441354200 daimler 6900-7200;441354200 daimler 6900-7200;441354200 daimler 6900-7200
20260325_01:20:53;0;3;5;930;920.7;890;970;OK;930;930.5;890;970;OK;931.4;930.8;-20;-17.8;-50;-25;NOK;-20;-17.3;-50;-25;NOK;-14.2;-15.5;0;-20;-17.9;-50;-25;NOK;300;311;300;565;OK;0;0;N/A;N/A;N/A;N/A;N/A;N/A;N/A;N/A;N/A;N/A;N/A;N/A;N/A;N/A;N/A;N/A;N/A;N/A;N/A;N/A;N/A;N/A;N/A;N/A;N/A;N/A;N/A;N/A;N/A;N/A;N/A;N/A;N/A;N/A;N/A;N/A;N/A;N/A;N/A;N/A;N/A;N/A;N/A;N/A;N/A;N/A;N/A;N/A;N/A;N/A;N/A;N/A;N/A;N/A;N/A;N/A;N/A;N/A;N/A;N/A;N/A;N/A;N/A;N/A;N/A;N/A;N/A;N/A;N/A;N/A;N/A;N/A;N/A;N/A;N/A;N/A;N/A;N/A;N/A;N/A;N/A;N/A;N/A;N/A;N/A;N/A;N/A;N/A;N/A;N/A;N/A;N/A;N/A;N/A;N/A;N/A;N/A;N/A;;0;282;0;0;;Disabled;TempStop;3;740;291.3;145.6;249.5;0;599.9;549.9;Enabled;PosOk;3;0;0.3;0;0;0;15;Disabled;0;0;0;0;0;0;0;0;0;0;0;0;0;0;0;0;0;0;0;0;0;0;0;0;0;0;0;0;0;0;0;0;0;0;0;0;0;0;0;0;0;0;0;0;0;0;0;0;0;0;0;0;0;0;0;0;0;0;0;0;0;0;0;0;0;0;0;0;0;0;30;30;20;45;30;30;20;45;30;31;20;45;30;30;20;45;200;215;100;300;200;213;100;300;200;208;100;300;200;208;100;300;30;30;20;45;30;30;20;45;30;31;20;45;30;30;20;45;200;230;100;300;200;229;100;300;200;144;100;300;200;144;100;300;4;2;0.4;6;4;5;0.4;6;4;2;0.4;6;4;5;0.4;6;4;3;0.4;6;4;5;0.4;6;4;3;0.4;6;4;5;0.4;6;NOK;NOK;OK;8000;8068;7500;9000;OK;6.81;0;8;12;NOK;N/A;1.85;N/A;N/A;N/A;9;13.2;7;18;OK;;0;0;0;-;Disabled;TempOk;3;230;37.2;35.9;36.2;0;349.9;441354200 daimler 6900-7200;441354200 daimler 6900-7200;441354200 daimler 6900-7200
20260325_01:21:29;0;3;3;930;919;890;970;OK;930;931.3;890;970;OK;932.6;932.1;-20;-14.5;-50;-25;NOK;-20;-14.7;-50;-25;NOK;-14.3;-15;0;-20;-14.5;-50;-25;NOK;300;311;300;565;OK;0;0;N/A;N/A;N/A;N/A;N/A;N/A;N/A;N/A;N/A;N/A;N/A;N/A;N/A;N/A;N/A;N/A;N/A;N/A;N/A;N/A;N/A;N/A;N/A;N/A;N/A;N/A;N/A;N/A;N/A;N/A;N/A;N/A;N/A;N/A;N/A;N/A;N/A;N/A;N/A;N/A;N/A;N/A;N/A;N/A;N/A;N/A;N/A;N/A;N/A;N/A;N/A;N/A;N/A;N/A;N/A;N/A;N/A;N/A;N/A;N/A;N/A;N/A;N/A;N/A;N/A;N/A;N/A;N/A;N/A;N/A;N/A;N/A;N/A;N/A;N/A;N/A;N/A;N/A;N/A;N/A;N/A;N/A;N/A;N/A;N/A;N/A;N/A;N/A;N/A;N/A;N/A;N/A;N/A;N/A;N/A;N/A;N/A;N/A;;0;283.6;0;0;;Disabled;TempStop;3;740;293.2;151;248.2;0;599.9;549.9;Enabled;PosOk;3;0;0.8;0;0;0;15;Disabled;0;0;0;0;0;0;0;0;0;0;0;0;0;0;0;0;0;0;0;0;0;0;0;0;0;0;0;0;0;0;0;0;0;0;0;0;0;0;0;0;0;0;0;0;0;0;0;0;0;0;0;0;0;0;0;0;0;0;0;0;0;0;0;0;0;0;0;0;0;0;30;30;20;45;30;29;20;45;30;30;20;45;30;29;20;45;200;215;100;300;200;213;100;300;200;208;100;300;200;207;100;300;30;30;20;45;30;30;20;45;30;30;20;45;30;30;20;45;200;231;100;300;200;230;100;300;200;144;100;300;200;145;100;300;4;2;0.4;6;4;5;0.4;6;4;2;0.4;6;4;5;0.4;6;4;3;0.4;6;4;5;0.4;6;4;2;0.4;6;4;5;0.4;6;NOK;NOK;OK;8000;8060;7500;9000;OK;6.81;0;8;12;NOK;N/A;1.85;N/A;N/A;N/A;9;13.2;7;18;OK;;0;0;0;-;Disabled;TempOk;3;230;36.4;36.2;36.9;0;349.9;441354200 daimler 6900-7200;441354200 daimler 6900-7200;441354200 daimler 6900-7200
20260325_01:22:05;0;1;4;930;918.6;890;970;OK;930;931.4;890;970;OK;932.1;931.9;-20;-12.4;-50;-25;NOK;-20;-12.3;-50;-25;NOK;-15.1;-13.8;0;-20;-12.4;-50;-25;NOK;300;311;300;565;OK;0;0;N/A;N/A;N/A;N/A;N/A;N/A;N/A;N/A;N/A;N/A;N/A;N/A;N/A;N/A;N/A;N/A;N/A;N/A;N/A;N/A;N/A;N/A;N/A;N/A;N/A;N/A;N/A;N/A;N/A;N/A;N/A;N/A;N/A;N/A;N/A;N/A;N/A;N/A;N/A;N/A;N/A;N/A;N/A;N/A;N/A;N/A;N/A;N/A;N/A;N/A;N/A;N/A;N/A;N/A;N/A;N/A;N/A;N/A;N/A;N/A;N/A;N/A;N/A;N/A;N/A;N/A;N/A;N/A;N/A;N/A;N/A;N/A;N/A;N/A;N/A;N/A;N/A;N/A;N/A;N/A;N/A;N/A;N/A;N/A;N/A;N/A;N/A;N/A;N/A;N/A;N/A;N/A;N/A;N/A;N/A;N/A;N/A;N/A;;0;284.1;0;0;;Disabled;TempStop;3;740;293.6;152.6;251.6;0;599.9;549.9;Enabled;PosOk;3;0;0;0;0;0;15;Disabled;0;0;0;0;0;0;0;0;0;0;0;0;0;0;0;0;0;0;0;0;0;0;0;0;0;0;0;0;0;0;0;0;0;0;0;0;0;0;0;0;0;0;0;0;0;0;0;0;0;0;0;0;0;0;0;0;0;0;0;0;0;0;0;0;0;0;0;0;21;36;30;30;20;45;30;30;20;45;30;30;20;45;30;30;20;45;200;215;100;300;200;213;100;300;200;208;100;300;200;208;100;300;30;30;20;45;30;30;20;45;30;30;20;45;30;30;20;45;200;230;100;300;200;229;100;300;200;144;100;300;200;145;100;300;4;2;0.4;6;4;5;0.4;6;4;2;0.4;6;4;5;0.4;6;4;2;0.4;6;4;5;0.4;6;4;3;0.4;6;4;5;0.4;6;NOK;NOK;OK;8000;8072;7500;9000;OK;6.82;0;8;12;NOK;N/A;1.85;N/A;N/A;N/A;9;13.4;7;18;OK;;0;0;0;-;Disabled;TempOk;3;230;36.7;36.4;37.2;0;349.9;441354200 daimler 6900-7200;441354200 daimler 6900-7200;441354200 daimler 6900-7200
20260325_01:22:41;0;3;4;930;919.5;890;970;OK;930;931.4;890;970;OK;932.2;931.8;-20;-14.3;-50;-25;NOK;-20;-14.9;-50;-25;NOK;-16.9;-16.8;0;-20;-14.2;-50;-25;NOK;300;311;300;565;OK;0;0;N/A;N/A;N/A;N/A;N/A;N/A;N/A;N/A;N/A;N/A;N/A;N/A;N/A;N/A;N/A;N/A;N/A;N/A;N/A;N/A;N/A;N/A;N/A;N/A;N/A;N/A;N/A;N/A;N/A;N/A;N/A;N/A;N/A;N/A;N/A;N/A;N/A;N/A;N/A;N/A;N/A;N/A;N/A;N/A;N/A;N/A;N/A;N/A;N/A;N/A;N/A;N/A;N/A;N/A;N/A;N/A;N/A;N/A;N/A;N/A;N/A;N/A;N/A;N/A;N/A;N/A;N/A;N/A;N/A;N/A;N/A;N/A;N/A;N/A;N/A;N/A;N/A;N/A;N/A;N/A;N/A;N/A;N/A;N/A;N/A;N/A;N/A;N/A;N/A;N/A;N/A;N/A;N/A;N/A;N/A;N/A;N/A;N/A;;0;283;0;0;;Disabled;TempStop;3;740;295.6;152;252.5;0;599.9;549.9;Enabled;PosOk;3;0;0;0;0;0;15;Disabled;0;0;0;0;0;0;0;0;0;0;0;0;0;0;0;0;0;0;0;0;0;0;0;0;0;0;0;0;0;0;0;0;0;0;0;0;0;0;0;0;0;0;0;0;0;0;0;0;0;0;0;0;0;0;0;0;0;0;0;0;0;0;0;0;0;0;0;0;0;0;30;30;20;45;30;30;20;45;30;30;20;45;30;30;20;45;200;216;100;300;200;213;100;300;200;207;100;300;200;208;100;300;30;30;20;45;30;30;20;45;30;31;20;45;30;30;20;45;200;231;100;300;200;229;100;300;200;144;100;300;200;144;100;300;4;2;0.4;6;4;5;0.4;6;4;2;0.4;6;4;5;0.4;6;4;3;0.4;6;4;5;0.4;6;4;3;0.4;6;4;5;0.4;6;NOK;NOK;OK;8000;8053;7500;9000;OK;6.81;0;8;12;NOK;N/A;1.85;N/A;N/A;N/A;9;13.5;7;18;OK;;0;0;0;-;Disabled;TempOk;3;230;36.4;36.2;36.7;0;349.9;441354200 daimler 6900-7200;441354200 daimler 6900-7200;441354200 daimler 6900-7200
20260325_01:23:17;0;1;1;930;919.4;890;970;OK;930;931.5;890;970;OK;932.4;931.9;-20;-17.2;-50;-25;NOK;-20;-17.1;-50;-25;NOK;-16.6;-16.7;0;-20;-17.3;-50;-25;NOK;300;311;300;565;OK;0;0;N/A;N/A;N/A;N/A;N/A;N/A;N/A;N/A;N/A;N/A;N/A;N/A;N/A;N/A;N/A;N/A;N/A;N/A;N/A;N/A;N/A;N/A;N/A;N/A;N/A;N/A;N/A;N/A;N/A;N/A;N/A;N/A;N/A;N/A;N/A;N/A;N/A;N/A;N/A;N/A;N/A;N/A;N/A;N/A;N/A;N/A;N/A;N/A;N/A;N/A;N/A;N/A;N/A;N/A;N/A;N/A;N/A;N/A;N/A;N/A;N/A;N/A;N/A;N/A;N/A;N/A;N/A;N/A;N/A;N/A;N/A;N/A;N/A;N/A;N/A;N/A;N/A;N/A;N/A;N/A;N/A;N/A;N/A;N/A;N/A;N/A;N/A;N/A;N/A;N/A;N/A;N/A;N/A;N/A;N/A;N/A;N/A;N/A;;0;286.5;0;0;;Disabled;TempStop;3;740;297.3;152.5;256;0;599.9;549.9;Enabled;PosOk;3;0;0;0;0;0;15;Disabled;0;0;0;0;0;0;0;0;0;0;0;0;0;0;0;0;0;0;0;0;0;0;0;0;0;0;0;0;0;0;0;0;0;0;0;0;0;0;0;0;0;0;0;0;0;0;0;0;0;0;0;0;0;0;0;0;0;0;0;0;0;0;0;0;0;0;0;0;0;0;30;30;20;45;30;30;20;45;30;31;20;45;30;30;20;45;200;215;100;300;200;213;100;300;200;208;100;300;200;207;100;300;30;30;20;45;30;30;20;45;30;31;20;45;30;30;20;45;200;230;100;300;200;229;100;300;200;144;100;300;200;145;100;300;4;2;0.4;6;4;5;0.4;6;4;2;0.4;6;4;5;0.4;6;4;3;0.4;6;4;5;0.4;6;4;2;0.4;6;4;5;0.4;6;NOK;NOK;OK;8000;8067;7500;9000;OK;6.82;0;8;12;NOK;N/A;1.85;N/A;N/A;N/A;9;13;7;18;OK;;0;0;0;-;Disabled;TempOk;3;230;36.9;36.7;37.4;0;349.9;441354200 daimler 6900-7200;441354200 daimler 6900-7200;441354200 daimler 6900-7200
20260325_01:23:53;0;3;1;930;919.6;890;970;OK;930;931.8;890;970;OK;933.4;932.7;-20;-16.3;-50;-25;NOK;-20;-15.9;-50;-25;NOK;-13.6;-14.6;0;-20;-16.4;-50;-25;NOK;300;311;300;565;OK;0;0;N/A;N/A;N/A;N/A;N/A;N/A;N/A;N/A;N/A;N/A;N/A;N/A;N/A;N/A;N/A;N/A;N/A;N/A;N/A;N/A;N/A;N/A;N/A;N/A;N/A;N/A;N/A;N/A;N/A;N/A;N/A;N/A;N/A;N/A;N/A;N/A;N/A;N/A;N/A;N/A;N/A;N/A;N/A;N/A;N/A;N/A;N/A;N/A;N/A;N/A;N/A;N/A;N/A;N/A;N/A;N/A;N/A;N/A;N/A;N/A;N/A;N/A;N/A;N/A;N/A;N/A;N/A;N/A;N/A;N/A;N/A;N/A;N/A;N/A;N/A;N/A;N/A;N/A;N/A;N/A;N/A;N/A;N/A;N/A;N/A;N/A;N/A;N/A;N/A;N/A;N/A;N/A;N/A;N/A;N/A;N/A;N/A;N/A;;0;282.8;0;0;;Disabled;TempStop;3;740;291.9;147;251.8;0;599.9;549.9;Enabled;PosOk;3;0;0;0;0;0;15;Disabled;0;0;0;0;0;0;0;0;0;0;0;0;0;0;0;0;0;0;0;0;0;0;0;0;0;0;0;0;0;0;0;0;0;0;0;0;0;0;0;0;0;0;0;0;0;0;0;0;0;0;0;0;0;0;0;0;0;0;0;0;0;0;0;0;0;0;0;0;0;0;30;30;20;45;30;30;20;45;30;31;20;45;30;30;20;45;200;216;100;300;200;213;100;300;200;207;100;300;200;207;100;300;30;30;20;45;30;30;20;45;30;31;20;45;30;30;20;45;200;231;100;300;200;229;100;300;200;144;100;300;200;144;100;300;4;2;0.4;6;4;5;0.4;6;4;2;0.4;6;4;5;0.4;6;4;3;0.4;6;4;5;0.4;6;4;3;0.4;6;4;5;0.4;6;NOK;NOK;OK;8000;7951;7500;9000;OK;6.81;0;8;12;NOK;N/A;1.85;N/A;N/A;N/A;9;12.9;7;18;OK;;0;0;0;-;Disabled;TempOk;3;230;36.9;36.2;36.9;0;349.9;441354200 daimler 6900-7200;441354200 daimler 6900-7200;441354200 daimler 6900-7200
20260325_01:24:28;0;1;2;930;919.9;890;970;OK;930;931.4;890;970;OK;932.8;931.8;-20;-14.5;-50;-25;NOK;-20;-15.1;-50;-25;NOK;-15.9;-16.3;0;-20;-14.5;-50;-25;NOK;300;311;300;565;OK;0;0;N/A;N/A;N/A;N/A;N/A;N/A;N/A;N/A;N/A;N/A;N/A;N/A;N/A;N/A;N/A;N/A;N/A;N/A;N/A;N/A;N/A;N/A;N/A;N/A;N/A;N/A;N/A;N/A;N/A;N/A;N/A;N/A;N/A;N/A;N/A;N/A;N/A;N/A;N/A;N/A;N/A;N/A;N/A;N/A;N/A;N/A;N/A;N/A;N/A;N/A;N/A;N/A;N/A;N/A;N/A;N/A;N/A;N/A;N/A;N/A;N/A;N/A;N/A;N/A;N/A;N/A;N/A;N/A;N/A;N/A;N/A;N/A;N/A;N/A;N/A;N/A;N/A;N/A;N/A;N/A;N/A;N/A;N/A;N/A;N/A;N/A;N/A;N/A;N/A;N/A;N/A;N/A;N/A;N/A;N/A;N/A;N/A;N/A;;0;283.9;0;0;;Disabled;TempStop;3;740;293.8;152.7;253.1;0;599.9;549.9;Enabled;PosOk;3;0;0.5;0;0;0;15;Disabled;0;0;0;0;0;0;0;0;0;0;0;0;0;0;0;0;0;0;0;0;0;0;0;0;0;0;0;0;0;0;0;0;0;0;0;0;0;0;0;0;0;0;0;0;0;0;0;0;0;0;0;0;0;0;0;0;0;0;0;0;0;0;0;0;0;0;0;0;0;0;30;30;20;45;30;30;20;45;30;31;20;45;30;30;20;45;200;215;100;300;200;213;100;300;200;207;100;300;200;208;100;300;30;30;20;45;30;30;20;45;30;31;20;45;30;30;20;45;200;229;100;300;200;229;100;300;200;144;100;300;200;145;100;300;4;3;0.4;6;4;5;0.4;6;4;2;0.4;6;4;5;0.4;6;4;3;0.4;6;4;5;0.4;6;4;3;0.4;6;4;5;0.4;6;NOK;NOK;OK;8000;8079;7500;9000;OK;6.81;0;8;12;NOK;N/A;1.85;N/A;N/A;N/A;9;12.8;7;18;OK;;0;0;0;-;Disabled;TempOk;3;230;36.4;36.2;36.7;0;349.9;441354200 daimler 6900-7200;441354200 daimler 6900-7200;441354200 daimler 6900-7200
20260325_01:25:04;0;3;2;930;919.7;890;970;OK;930;931.5;890;970;OK;932.6;932.1;-20;-16.1;-50;-25;NOK;-20;-16.6;-50;-25;NOK;-15.4;-16.4;0;-20;-16;-50;-25;NOK;300;311;300;565;OK;0;0;N/A;N/A;N/A;N/A;N/A;N/A;N/A;N/A;N/A;N/A;N/A;N/A;N/A;N/A;N/A;N/A;N/A;N/A;N/A;N/A;N/A;N/A;N/A;N/A;N/A;N/A;N/A;N/A;N/A;N/A;N/A;N/A;N/A;N/A;N/A;N/A;N/A;N/A;N/A;N/A;N/A;N/A;N/A;N/A;N/A;N/A;N/A;N/A;N/A;N/A;N/A;N/A;N/A;N/A;N/A;N/A;N/A;N/A;N/A;N/A;N/A;N/A;N/A;N/A;N/A;N/A;N/A;N/A;N/A;N/A;N/A;N/A;N/A;N/A;N/A;N/A;N/A;N/A;N/A;N/A;N/A;N/A;N/A;N/A;N/A;N/A;N/A;N/A;N/A;N/A;N/A;N/A;N/A;N/A;N/A;N/A;N/A;N/A;;0;283.2;0;0;;Disabled;TempStop;3;740;292.9;147.6;252.4;0;599.9;549.9;Enabled;PosOk;3;0;0;0;0;0;15;Disabled;0;0;0;0;0;0;0;0;0;0;0;0;0;0;0;0;0;0;0;0;0;0;0;0;0;0;0;0;0;0;0;0;0;0;0;0;0;0;0;0;0;0;0;0;0;0;0;0;0;0;0;0;0;0;0;0;0;0;0;0;0;0;0;0;0;0;0;0;0;0;30;30;20;45;30;29;20;45;30;30;20;45;30;29;20;45;200;214;100;300;200;213;100;300;200;207;100;300;200;207;100;300;30;30;20;45;30;29;20;45;30;30;20;45;30;29;20;45;200;230;100;300;200;229;100;300;200;144;100;300;200;144;100;300;4;3;0.4;6;4;5;0.4;6;4;2;0.4;6;4;5;0.4;6;4;3;0.4;6;4;5;0.4;6;4;3;0.4;6;4;5;0.4;6;NOK;NOK;OK;8000;8088;7500;9000;OK;6.82;0;8;12;NOK;N/A;1.85;N/A;N/A;N/A;9;12.7;7;18;OK;;0;0;0;-;Disabled;TempOk;3;230;36.4;36.2;36.2;0;349.9;441354200 daimler 6900-7200;441354200 daimler 6900-7200;441354200 daimler 6900-7200
20260325_01:25:40;0;1;3;930;919;890;970;OK;930;931.1;890;970;OK;932.2;931.6;-20;-14.5;-50;-25;NOK;-20;-15.2;-50;-25;NOK;-17.5;-17;0;-20;-14.4;-50;-25;NOK;300;311;300;565;OK;0;0;N/A;N/A;N/A;N/A;N/A;N/A;N/A;N/A;N/A;N/A;N/A;N/A;N/A;N/A;N/A;N/A;N/A;N/A;N/A;N/A;N/A;N/A;N/A;N/A;N/A;N/A;N/A;N/A;N/A;N/A;N/A;N/A;N/A;N/A;N/A;N/A;N/A;N/A;N/A;N/A;N/A;N/A;N/A;N/A;N/A;N/A;N/A;N/A;N/A;N/A;N/A;N/A;N/A;N/A;N/A;N/A;N/A;N/A;N/A;N/A;N/A;N/A;N/A;N/A;N/A;N/A;N/A;N/A;N/A;N/A;N/A;N/A;N/A;N/A;N/A;N/A;N/A;N/A;N/A;N/A;N/A;N/A;N/A;N/A;N/A;N/A;N/A;N/A;N/A;N/A;N/A;N/A;N/A;N/A;N/A;N/A;N/A;N/A;;0;284.5;0;0;;Disabled;TempStop;3;740;296.4;150.1;252.2;0;599.9;549.9;Enabled;PosOk;3;0;0.7;0;0;0;15;Disabled;0;0;0;0;0;0;0;0;0;0;0;0;0;0;0;0;0;0;0;0;0;0;0;0;0;0;0;0;0;0;0;0;0;0;0;0;0;0;0;0;0;0;0;0;0;0;0;0;0;0;0;0;0;0;0;0;0;0;0;0;0;0;0;0;0;0;0;0;25;12;30;29;20;45;30;29;20;45;30;30;20;45;30;29;20;45;200;215;100;300;200;213;100;300;200;208;100;300;200;208;100;300;30;29;20;45;30;29;20;45;30;30;20;45;30;29;20;45;200;230;100;300;200;229;100;300;200;144;100;300;200;145;100;300;4;2;0.4;6;4;5;0.4;6;4;2;0.4;6;4;5;0.4;6;4;3;0.4;6;4;5;0.4;6;4;2;0.4;6;4;5;0.4;6;NOK;NOK;OK;8000;8065;7500;9000;OK;6.81;0;8;12;NOK;N/A;1.85;N/A;N/A;N/A;9;12.6;7;18;OK;;0;0;0;-;Disabled;TempOk;3;230;36.9;36.4;36.9;0;349.9;441354200 daimler 6900-7200;441354200 daimler 6900-7200;441354200 daimler 6900-7200
20260325_01:26:16;0;3;5;930;920.4;890;970;OK;930;930.8;890;970;OK;931.8;931.1;-20;-17.8;-50;-25;NOK;-20;-17;-50;-25;NOK;-14;-15.2;0;-20;-17.8;-50;-25;NOK;300;311;300;565;OK;0;0;N/A;N/A;N/A;N/A;N/A;N/A;N/A;N/A;N/A;N/A;N/A;N/A;N/A;N/A;N/A;N/A;N/A;N/A;N/A;N/A;N/A;N/A;N/A;N/A;N/A;N/A;N/A;N/A;N/A;N/A;N/A;N/A;N/A;N/A;N/A;N/A;N/A;N/A;N/A;N/A;N/A;N/A;N/A;N/A;N/A;N/A;N/A;N/A;N/A;N/A;N/A;N/A;N/A;N/A;N/A;N/A;N/A;N/A;N/A;N/A;N/A;N/A;N/A;N/A;N/A;N/A;N/A;N/A;N/A;N/A;N/A;N/A;N/A;N/A;N/A;N/A;N/A;N/A;N/A;N/A;N/A;N/A;N/A;N/A;N/A;N/A;N/A;N/A;N/A;N/A;N/A;N/A;N/A;N/A;N/A;N/A;N/A;N/A;;0;281.7;0;0;;Disabled;TempStop;3;740;291.3;145.3;250.3;0;599.9;549.9;Enabled;PosOk;3;0;0.3;0;0;0;15;Disabled;0;0;0;0;0;0;0;0;0;0;0;0;0;0;0;0;0;0;0;0;0;0;0;0;0;0;0;0;0;0;0;0;0;0;0;0;0;0;0;0;0;0;0;0;0;0;0;0;0;0;0;0;0;0;0;0;0;0;0;0;0;0;0;0;0;0;0;0;0;0;30;29;20;45;30;29;20;45;30;30;20;45;30;30;20;45;200;215;100;300;200;213;100;300;200;208;100;300;200;209;100;300;30;29;20;45;30;29;20;45;30;30;20;45;30;30;20;45;200;230;100;300;200;229;100;300;200;144;100;300;200;145;100;300;4;2;0.4;6;4;5;0.4;6;4;2;0.4;6;4;5;0.4;6;4;3;0.4;6;4;5;0.4;6;4;2;0.4;6;4;5;0.4;6;NOK;NOK;OK;8000;8078;7500;9000;OK;6.81;0;8;12;NOK;N/A;1.85;N/A;N/A;N/A;9;12.6;7;18;OK;;0;0;0;-;Disabled;TempOk;3;230;36.9;36.9;36.7;0;349.9;441354200 daimler 6900-7200;441354200 daimler 6900-7200;441354200 daimler 6900-7200
20260325_01:26:52;0;3;3;930;919.3;890;970;OK;930;931.3;890;970;OK;932.5;931.9;-20;-14.5;-50;-25;NOK;-20;-15.1;-50;-25;NOK;-14.1;-14.8;0;-20;-14.4;-50;-25;NOK;300;311;300;565;OK;0;0;N/A;N/A;N/A;N/A;N/A;N/A;N/A;N/A;N/A;N/A;N/A;N/A;N/A;N/A;N/A;N/A;N/A;N/A;N/A;N/A;N/A;N/A;N/A;N/A;N/A;N/A;N/A;N/A;N/A;N/A;N/A;N/A;N/A;N/A;N/A;N/A;N/A;N/A;N/A;N/A;N/A;N/A;N/A;N/A;N/A;N/A;N/A;N/A;N/A;N/A;N/A;N/A;N/A;N/A;N/A;N/A;N/A;N/A;N/A;N/A;N/A;N/A;N/A;N/A;N/A;N/A;N/A;N/A;N/A;N/A;N/A;N/A;N/A;N/A;N/A;N/A;N/A;N/A;N/A;N/A;N/A;N/A;N/A;N/A;N/A;N/A;N/A;N/A;N/A;N/A;N/A;N/A;N/A;N/A;N/A;N/A;N/A;N/A;;0;284.1;0;0;;Disabled;TempStop;3;740;294.3;148.6;251.3;0;599.9;549.9;Enabled;PosOk;3;0;0.8;0;0;0;15;Disabled;0;0;0;0;0;0;0;0;0;0;0;0;0;0;0;0;0;0;0;0;0;0;0;0;0;0;0;0;0;0;0;0;0;0;0;0;0;0;0;0;0;0;0;0;0;0;0;0;0;0;0;0;0;0;0;0;0;0;0;0;0;0;0;0;0;0;0;0;0;0;30;30;20;45;30;30;20;45;30;30;20;45;30;30;20;45;200;215;100;300;200;213;100;300;200;208;100;300;200;208;100;300;30;30;20;45;30;30;20;45;30;30;20;45;30;30;20;45;200;231;100;300;200;229;100;300;200;145;100;300;200;145;100;300;4;2;0.4;6;4;5;0.4;6;4;2;0.4;6;4;5;0.4;6;4;3;0.4;6;4;5;0.4;6;4;2;0.4;6;4;5;0.4;6;NOK;NOK;OK;8000;8074;7500;9000;OK;6.82;0;8;12;NOK;N/A;1.85;N/A;N/A;N/A;9;12.6;7;18;OK;;0;0;0;-;Disabled;TempOk;3;230;36.9;36.9;36.9;0;349.9;441354200 daimler 6900-7200;441354200 daimler 6900-7200;441354200 daimler 6900-7200
20260325_01:27:28;0;1;4;930;919;890;970;OK;930;931.5;890;970;OK;932.2;931.8;-20;-12.3;-50;-25;NOK;-20;-13.3;-50;-25;NOK;-15;-13.9;0;-20;-12.3;-50;-25;NOK;300;311;300;565;OK;0;0;N/A;N/A;N/A;N/A;N/A;N/A;N/A;N/A;N/A;N/A;N/A;N/A;N/A;N/A;N/A;N/A;N/A;N/A;N/A;N/A;N/A;N/A;N/A;N/A;N/A;N/A;N/A;N/A;N/A;N/A;N/A;N/A;N/A;N/A;N/A;N/A;N/A;N/A;N/A;N/A;N/A;N/A;N/A;N/A;N/A;N/A;N/A;N/A;N/A;N/A;N/A;N/A;N/A;N/A;N/A;N/A;N/A;N/A;N/A;N/A;N/A;N/A;N/A;N/A;N/A;N/A;N/A;N/A;N/A;N/A;N/A;N/A;N/A;N/A;N/A;N/A;N/A;N/A;N/A;N/A;N/A;N/A;N/A;N/A;N/A;N/A;N/A;N/A;N/A;N/A;N/A;N/A;N/A;N/A;N/A;N/A;N/A;N/A;;0;285;0;0;;Disabled;TempStop;3;740;295.3;147.8;253;0;599.9;549.9;Enabled;PosOk;3;0;0;0;0;0;15;Disabled;0;0;0;0;0;0;0;0;0;0;0;0;0;0;0;0;0;0;0;0;0;0;0;0;0;0;0;0;0;0;0;0;0;0;0;0;0;0;0;0;0;0;0;0;0;0;0;0;0;0;0;0;0;0;0;0;0;0;0;0;0;0;0;0;0;0;0;0;27;0;30;30;20;45;30;30;20;45;30;30;20;45;30;30;20;45;200;215;100;300;200;213;100;300;200;207;100;300;200;207;100;300;30;30;20;45;30;30;20;45;30;31;20;45;30;30;20;45;200;231;100;300;200;228;100;300;200;144;100;300;200;145;100;300;4;2;0.4;6;4;5;0.4;6;4;2;0.4;6;4;5;0.4;6;4;3;0.4;6;4;5;0.4;6;4;3;0.4;6;4;5;0.4;6;NOK;NOK;OK;8000;7959;7500;9000;OK;6.82;0;8;12;NOK;N/A;1.85;N/A;N/A;N/A;9;12.6;7;18;OK;;0;0;0;-;Disabled;TempOk;3;230;36.9;36.7;37.2;0;349.9;441354200 daimler 6900-7200;441354200 daimler 6900-7200;441354200 daimler 6900-7200
20260325_01:28:04;0;3;4;930;919.7;890;970;OK;930;931.3;890;970;OK;932.1;931.9;-20;-14.1;-50;-25;NOK;-20;-16.5;-50;-25;NOK;-17.3;-17.8;0;-20;-13.9;-50;-25;NOK;300;311;300;565;OK;0;0;N/A;N/A;N/A;N/A;N/A;N/A;N/A;N/A;N/A;N/A;N/A;N/A;N/A;N/A;N/A;N/A;N/A;N/A;N/A;N/A;N/A;N/A;N/A;N/A;N/A;N/A;N/A;N/A;N/A;N/A;N/A;N/A;N/A;N/A;N/A;N/A;N/A;N/A;N/A;N/A;N/A;N/A;N/A;N/A;N/A;N/A;N/A;N/A;N/A;N/A;N/A;N/A;N/A;N/A;N/A;N/A;N/A;N/A;N/A;N/A;N/A;N/A;N/A;N/A;N/A;N/A;N/A;N/A;N/A;N/A;N/A;N/A;N/A;N/A;N/A;N/A;N/A;N/A;N/A;N/A;N/A;N/A;N/A;N/A;N/A;N/A;N/A;N/A;N/A;N/A;N/A;N/A;N/A;N/A;N/A;N/A;N/A;N/A;;0;282.9;0;0;;Disabled;TempStop;3;740;295;153.9;253.7;0;599.9;549.9;Enabled;PosOk;3;0;0;0;0;0;15;Disabled;0;0;0;0;0;0;0;0;0;0;0;0;0;0;0;0;0;0;0;0;0;0;0;0;0;0;0;0;0;0;0;0;0;0;0;0;0;0;0;0;0;0;0;0;0;0;0;0;0;0;0;0;0;0;0;0;0;0;0;0;0;0;0;0;0;0;0;0;0;0;30;30;20;45;30;30;20;45;30;31;20;45;30;30;20;45;200;215;100;300;200;213;100;300;200;208;100;300;200;208;100;300;30;30;20;45;30;30;20;45;30;31;20;45;30;30;20;45;200;231;100;300;200;229;100;300;200;144;100;300;200;145;100;300;4;2;0.4;6;4;5;0.4;6;4;2;0.4;6;4;5;0.4;6;4;3;0.4;6;4;5;0.4;6;4;2;0.4;6;4;5;0.4;6;NOK;NOK;OK;8000;8057;7500;9000;OK;6.81;0;8;12;NOK;N/A;1.85;N/A;N/A;N/A;9;12.7;7;18;OK;;0;0;0;-;Disabled;TempOk;3;230;36.9;36.9;37.2;0;349.9;441354200 daimler 6900-7200;441354200 daimler 6900-7200;441354200 daimler 6900-7200
20260325_01:28:40;0;1;1;930;919.6;890;970;OK;930;931.4;890;970;OK;932.5;931.8;-20;-17.3;-50;-25;NOK;-20;-17.3;-50;-25;NOK;-16.9;-17;0;-20;-17.3;-50;-25;NOK;300;311;300;565;OK;0;0;N/A;N/A;N/A;N/A;N/A;N/A;N/A;N/A;N/A;N/A;N/A;N/A;N/A;N/A;N/A;N/A;N/A;N/A;N/A;N/A;N/A;N/A;N/A;N/A;N/A;N/A;N/A;N/A;N/A;N/A;N/A;N/A;N/A;N/A;N/A;N/A;N/A;N/A;N/A;N/A;N/A;N/A;N/A;N/A;N/A;N/A;N/A;N/A;N/A;N/A;N/A;N/A;N/A;N/A;N/A;N/A;N/A;N/A;N/A;N/A;N/A;N/A;N/A;N/A;N/A;N/A;N/A;N/A;N/A;N/A;N/A;N/A;N/A;N/A;N/A;N/A;N/A;N/A;N/A;N/A;N/A;N/A;N/A;N/A;N/A;N/A;N/A;N/A;N/A;N/A;N/A;N/A;N/A;N/A;N/A;N/A;N/A;N/A;;0;286.6;0;0;;Disabled;TempStop;3;740;297;156.3;256.3;0;599.9;549.9;Enabled;PosOk;3;0;0;0;0;0;15;Disabled;0;0;0;0;0;0;0;0;0;0;0;0;0;0;0;0;0;0;0;0;0;0;0;0;0;0;0;0;0;0;0;0;0;0;0;0;0;0;0;0;0;0;0;0;0;0;0;0;0;0;0;0;0;0;0;0;0;0;0;0;0;0;0;0;0;0;0;0;0;0;30;30;20;45;30;30;20;45;30;31;20;45;30;30;20;45;200;215;100;300;200;213;100;300;200;208;100;300;200;208;100;300;30;30;20;45;30;30;20;45;30;30;20;45;30;30;20;45;200;231;100;300;200;229;100;300;200;144;100;300;200;145;100;300;4;2;0.4;6;4;5;0.4;6;4;2;0.4;6;4;5;0.4;6;4;3;0.4;6;4;5;0.4;6;4;3;0.4;6;4;5;0.4;6;NOK;NOK;OK;8000;8082;7500;9000;OK;6.82;0;8;12;NOK;N/A;1.85;N/A;N/A;N/A;9;12.6;7;18;OK;;0;0;0;-;Disabled;TempOk;3;230;36.9;36.7;37.4;0;349.9;441354200 daimler 6900-7200;441354200 daimler 6900-7200;441354200 daimler 6900-7200
20260325_01:29:16;0;3;1;930;919.5;890;970;OK;930;931.6;890;970;OK;933.6;932.8;-20;-16.3;-50;-25;NOK;-20;-16.6;-50;-25;NOK;-14.1;-15.2;0;-20;-16.4;-50;-25;NOK;300;311;300;565;OK;0;0;N/A;N/A;N/A;N/A;N/A;N/A;N/A;N/A;N/A;N/A;N/A;N/A;N/A;N/A;N/A;N/A;N/A;N/A;N/A;N/A;N/A;N/A;N/A;N/A;N/A;N/A;N/A;N/A;N/A;N/A;N/A;N/A;N/A;N/A;N/A;N/A;N/A;N/A;N/A;N/A;N/A;N/A;N/A;N/A;N/A;N/A;N/A;N/A;N/A;N/A;N/A;N/A;N/A;N/A;N/A;N/A;N/A;N/A;N/A;N/A;N/A;N/A;N/A;N/A;N/A;N/A;N/A;N/A;N/A;N/A;N/A;N/A;N/A;N/A;N/A;N/A;N/A;N/A;N/A;N/A;N/A;N/A;N/A;N/A;N/A;N/A;N/A;N/A;N/A;N/A;N/A;N/A;N/A;N/A;N/A;N/A;N/A;N/A;;0;284.1;0;0;;Disabled;TempStop;3;740;293.3;147.5;250.3;0;599.9;549.9;Enabled;PosOk;3;0;0.5;0;0;0;15;Disabled;0;0;0;0;0;0;0;0;0;0;0;0;0;0;0;0;0;0;0;0;0;0;0;0;0;0;0;0;0;0;0;0;0;0;0;0;0;0;0;0;0;0;0;0;0;0;0;0;0;0;0;0;0;0;0;0;0;0;0;0;0;0;0;0;0;0;0;0;0;0;30;30;20;45;30;30;20;45;30;30;20;45;30;30;20;45;200;216;100;300;200;213;100;300;200;208;100;300;200;208;100;300;30;30;20;45;30;30;20;45;30;31;20;45;30;30;20;45;200;231;100;300;200;229;100;300;200;144;100;300;200;145;100;300;4;2;0.4;6;4;5;0.4;6;4;2;0.4;6;4;5;0.4;6;4;3;0.4;6;4;5;0.4;6;4;3;0.4;6;4;5;0.4;6;NOK;NOK;OK;8000;8065;7500;9000;OK;6.82;0;8;12;NOK;N/A;1.85;N/A;N/A;N/A;9;13.3;7;18;OK;;0;0;0;-;Disabled;TempOk;3;230;37.2;37.9;37.4;0;349.9;441354200 daimler 6900-7200;441354200 daimler 6900-7200;441354200 daimler 6900-7200
20260325_01:29:52;0;1;2;930;919.6;890;970;OK;930;931.2;890;970;OK;932.5;931.9;-20;-14.6;-50;-25;NOK;-20;-15.5;-50;-25;NOK;-16.1;-16.5;0;-20;-14.5;-50;-25;NOK;300;311;300;565;OK;0;0;N/A;N/A;N/A;N/A;N/A;N/A;N/A;N/A;N/A;N/A;N/A;N/A;N/A;N/A;N/A;N/A;N/A;N/A;N/A;N/A;N/A;N/A;N/A;N/A;N/A;N/A;N/A;N/A;N/A;N/A;N/A;N/A;N/A;N/A;N/A;N/A;N/A;N/A;N/A;N/A;N/A;N/A;N/A;N/A;N/A;N/A;N/A;N/A;N/A;N/A;N/A;N/A;N/A;N/A;N/A;N/A;N/A;N/A;N/A;N/A;N/A;N/A;N/A;N/A;N/A;N/A;N/A;N/A;N/A;N/A;N/A;N/A;N/A;N/A;N/A;N/A;N/A;N/A;N/A;N/A;N/A;N/A;N/A;N/A;N/A;N/A;N/A;N/A;N/A;N/A;N/A;N/A;N/A;N/A;N/A;N/A;N/A;N/A;;0;284.4;0;0;;Disabled;TempStop;3;740;294.6;152.9;253.9;0;599.9;549.9;Enabled;PosOk;3;0;1.2;0;0;0;15;Disabled;0;0;0;0;0;0;0;0;0;0;0;0;0;0;0;0;0;0;0;0;0;0;0;0;0;0;0;0;0;0;0;0;0;0;0;0;0;0;0;0;0;0;0;0;0;0;0;0;0;0;0;0;0;0;0;0;0;0;0;0;0;0;0;0;0;0;0;0;0;0;30;30;20;45;30;30;20;45;30;30;20;45;30;30;20;45;200;215;100;300;200;213;100;300;200;207;100;300;200;208;100;300;30;30;20;45;30;30;20;45;30;31;20;45;30;30;20;45;200;231;100;300;200;229;100;300;200;144;100;300;200;145;100;300;4;2;0.4;6;4;5;0.4;6;4;2;0.4;6;4;5;0.4;6;4;3;0.4;6;4;5;0.4;6;4;2;0.4;6;4;5;0.4;6;NOK;NOK;OK;8000;8074;7500;9000;OK;6.82;0;8;12;NOK;N/A;1.85;N/A;N/A;N/A;9;13.4;7;18;OK;;0;0;0;-;Disabled;TempOk;3;230;36.9;36.7;37.2;0;349.9;441354200 daimler 6900-7200;441354200 daimler 6900-7200;441354200 daimler 6900-7200
20260325_01:42:32;18207;1;1;930;927.5;890;970;OK;930;931.5;890;970;OK;932.5;932;-20;-18.3;-50;-25;NOK;-20;-18.5;-50;-25;NOK;-17.8;-18;0;-20;-18.3;-50;-25;NOK;300;325;300;565;OK;0;0;N/A;N/A;N/A;N/A;N/A;N/A;N/A;N/A;N/A;N/A;N/A;N/A;N/A;N/A;N/A;N/A;N/A;N/A;N/A;N/A;N/A;N/A;N/A;N/A;N/A;N/A;N/A;N/A;N/A;N/A;N/A;N/A;N/A;N/A;N/A;N/A;N/A;N/A;N/A;N/A;N/A;N/A;N/A;N/A;N/A;N/A;N/A;N/A;N/A;N/A;N/A;N/A;N/A;N/A;N/A;N/A;N/A;N/A;N/A;N/A;N/A;N/A;N/A;N/A;N/A;N/A;N/A;N/A;N/A;N/A;N/A;N/A;N/A;N/A;N/A;N/A;N/A;N/A;N/A;N/A;N/A;N/A;N/A;N/A;N/A;N/A;N/A;N/A;N/A;N/A;N/A;N/A;N/A;N/A;N/A;N/A;N/A;N/A;;0;285.9;0;0;;Disabled;TempStop;3;740;296.6;156.2;253.6;0;599.9;549.9;Enabled;PosOk;3;0;0;0;0;0;15;Disabled;0;0;0;0;0;0;0;0;0;0;0;0;0;0;0;0;0;0;0;0;0;0;0;0;0;0;0;0;0;0;0;0;0;0;0;0;0;0;0;0;0;0;0;0;0;0;0;0;0;0;0;0;0;0;0;0;0;0;0;0;0;0;0;0;0;0;0;0;0;0;30;29;20;45;30;30;20;45;30;29;20;45;30;29;20;45;200;215;100;300;200;212;100;300;200;208;100;300;200;207;100;300;30;30;20;45;30;30;20;45;30;29;20;45;30;30;20;45;200;230;100;300;200;229;100;300;200;144;100;300;200;145;100;300;4;2;0.4;6;4;5;0.4;6;4;2;0.4;6;4;5;0.4;6;4;3;0.4;6;4;5;0.4;6;4;3;0.4;6;4;5;0.4;6;NOK;NOK;OK;8000;8072;7500;9000;OK;6.82;0;8;12;NOK;N/A;1.86;N/A;N/A;N/A;9;12.8;7;18;OK;;0;0;0;-;Disabled;TempOk;3;230;36.9;36.4;36.2;0;349.9;441354200 daimler 6900-7200;441354200 daimler 6900-7200;441354200 daimler 6900-7200
20260325_01:43:08;0;3;1;930;927.1;890;970;OK;930;931.4;890;970;OK;933.6;933;-20;-22.7;-50;-25;NOK;-20;-19.4;-50;-25;NOK;-16.7;-17.8;0;-20;-22.8;-50;-25;NOK;300;328;300;565;OK;0;0;N/A;N/A;N/A;N/A;N/A;N/A;N/A;N/A;N/A;N/A;N/A;N/A;N/A;N/A;N/A;N/A;N/A;N/A;N/A;N/A;N/A;N/A;N/A;N/A;N/A;N/A;N/A;N/A;N/A;N/A;N/A;N/A;N/A;N/A;N/A;N/A;N/A;N/A;N/A;N/A;N/A;N/A;N/A;N/A;N/A;N/A;N/A;N/A;N/A;N/A;N/A;N/A;N/A;N/A;N/A;N/A;N/A;N/A;N/A;N/A;N/A;N/A;N/A;N/A;N/A;N/A;N/A;N/A;N/A;N/A;N/A;N/A;N/A;N/A;N/A;N/A;N/A;N/A;N/A;N/A;N/A;N/A;N/A;N/A;N/A;N/A;N/A;N/A;N/A;N/A;N/A;N/A;N/A;N/A;N/A;N/A;N/A;N/A;;0;282.7;0;0;;Disabled;TempStop;3;740;292.9;149;255.8;0;599.9;549.9;Enabled;PosOk;3;0;0.1;0;0;0;15;Disabled;0;0;0;0;0;0;0;0;0;0;0;0;0;0;0;0;0;0;0;0;0;0;0;0;0;0;0;0;0;0;0;0;0;0;0;0;0;0;0;0;0;0;0;0;0;0;0;0;0;0;0;0;0;0;0;0;0;0;0;0;0;0;0;0;0;0;0;0;0;0;30;30;20;45;30;30;20;45;30;30;20;45;30;30;20;45;200;215;100;300;200;213;100;300;200;207;100;300;200;208;100;300;30;30;20;45;30;30;20;45;30;30;20;45;30;30;20;45;200;230;100;300;200;229;100;300;200;144;100;300;200;145;100;300;4;2;0.4;6;4;5;0.4;6;4;2;0.4;6;4;5;0.4;6;4;3;0.4;6;4;5;0.4;6;4;2;0.4;6;4;5;0.4;6;NOK;NOK;OK;8000;8063;7500;9000;OK;6.82;0;8;12;NOK;N/A;1.85;N/A;N/A;N/A;9;12.9;7;18;OK;;0;0;0;-;Disabled;TempOk;3;230;36.4;36.7;36.9;0;349.9;441354200 daimler 6900-7200;441354200 daimler 6900-7200;441354200 daimler 6900-7200
20260325_01:43:44;0;1;2;930;927.1;890;970;OK;930;931.4;890;970;OK;932.6;931.8;-20;-17.1;-50;-25;NOK;-20;-16.9;-50;-25;NOK;-17.9;-18.3;0;-20;-16.9;-50;-25;NOK;300;328;300;565;OK;0;0;N/A;N/A;N/A;N/A;N/A;N/A;N/A;N/A;N/A;N/A;N/A;N/A;N/A;N/A;N/A;N/A;N/A;N/A;N/A;N/A;N/A;N/A;N/A;N/A;N/A;N/A;N/A;N/A;N/A;N/A;N/A;N/A;N/A;N/A;N/A;N/A;N/A;N/A;N/A;N/A;N/A;N/A;N/A;N/A;N/A;N/A;N/A;N/A;N/A;N/A;N/A;N/A;N/A;N/A;N/A;N/A;N/A;N/A;N/A;N/A;N/A;N/A;N/A;N/A;N/A;N/A;N/A;N/A;N/A;N/A;N/A;N/A;N/A;N/A;N/A;N/A;N/A;N/A;N/A;N/A;N/A;N/A;N/A;N/A;N/A;N/A;N/A;N/A;N/A;N/A;N/A;N/A;N/A;N/A;N/A;N/A;N/A;N/A;;0;284.2;0;0;;Disabled;TempStop;3;740;294.6;147.9;250.9;0;599.9;549.9;Enabled;PosOk;3;0;0.3;0;0;0;15;Disabled;0;0;0;0;0;0;0;0;0;0;0;0;0;0;0;0;0;0;0;0;0;0;0;0;0;0;0;0;0;0;0;0;0;0;0;0;0;0;0;0;0;0;0;0;0;0;0;0;0;0;0;0;0;0;0;0;0;0;0;0;0;0;0;0;0;0;0;0;0;0;30;30;20;45;30;30;20;45;30;30;20;45;30;30;20;45;200;215;100;300;200;213;100;300;200;207;100;300;200;208;100;300;30;30;20;45;30;30;20;45;30;31;20;45;30;30;20;45;200;230;100;300;200;229;100;300;200;144;100;300;200;145;100;300;4;3;0.4;6;4;5;0.4;6;4;2;0.4;6;4;5;0.4;6;4;3;0.4;6;4;5;0.4;6;4;2;0.4;6;4;5;0.4;6;NOK;NOK;OK;8000;8071;7500;9000;OK;6.82;0;8;12;NOK;N/A;1.85;N/A;N/A;N/A;9;12.7;7;18;OK;;0;0;0;-;Disabled;TempOk;3;230;37.2;37.2;36.7;0;349.9;441354200 daimler 6900-7200;441354200 daimler 6900-7200;441354200 daimler 6900-7200
20260325_01:44:20;0;3;2;930;926.5;890;970;OK;930;931.5;890;970;OK;932.8;932.1;-20;-23.9;-50;-25;NOK;-20;-20.1;-50;-25;NOK;-18.5;-19.5;0;-20;-23.7;-50;-25;NOK;300;330;300;565;OK;0;0;N/A;N/A;N/A;N/A;N/A;N/A;N/A;N/A;N/A;N/A;N/A;N/A;N/A;N/A;N/A;N/A;N/A;N/A;N/A;N/A;N/A;N/A;N/A;N/A;N/A;N/A;N/A;N/A;N/A;N/A;N/A;N/A;N/A;N/A;N/A;N/A;N/A;N/A;N/A;N/A;N/A;N/A;N/A;N/A;N/A;N/A;N/A;N/A;N/A;N/A;N/A;N/A;N/A;N/A;N/A;N/A;N/A;N/A;N/A;N/A;N/A;N/A;N/A;N/A;N/A;N/A;N/A;N/A;N/A;N/A;N/A;N/A;N/A;N/A;N/A;N/A;N/A;N/A;N/A;N/A;N/A;N/A;N/A;N/A;N/A;N/A;N/A;N/A;N/A;N/A;N/A;N/A;N/A;N/A;N/A;N/A;N/A;N/A;;0;282;0;0;;Disabled;TempStop;3;740;291.7;150.3;252.5;0;599.9;549.9;Enabled;PosOk;3;0;0;0;0;0;15;Disabled;0;0;0;0;0;0;0;0;0;0;0;0;0;0;0;0;0;0;0;0;0;0;0;0;0;0;0;0;0;0;0;0;0;0;0;0;0;0;0;0;0;0;0;0;0;0;0;0;0;0;0;0;0;0;0;0;0;0;0;0;0;0;0;0;0;0;0;0;0;0;30;30;20;45;30;30;20;45;30;30;20;45;30;30;20;45;200;215;100;300;200;213;100;300;200;208;100;300;200;208;100;300;30;30;20;45;30;30;20;45;30;31;20;45;30;30;20;45;200;231;100;300;200;229;100;300;200;144;100;300;200;145;100;300;4;2;0.4;6;4;5;0.4;6;4;2;0.4;6;4;5;0.4;6;4;3;0.4;6;4;5;0.4;6;4;2;0.4;6;4;5;0.4;6;NOK;NOK;OK;8000;8053;7500;9000;OK;6.82;0;8;12;NOK;N/A;1.85;N/A;N/A;N/A;9;12.7;7;18;OK;;0;0;0;-;Disabled;TempOk;3;230;36.9;37.2;37.4;0;349.9;441354200 daimler 6900-7200;441354200 daimler 6900-7200;441354200 daimler 6900-7200
20260325_01:44:56;0;1;3;930;926.2;890;970;OK;930;930.6;890;970;OK;932.1;932.6;-20;-16.1;-50;-25;NOK;-20;-16.5;-50;-25;NOK;-20;-19.3;0;-20;-15.9;-50;-25;NOK;300;330;300;565;OK;0;0;N/A;N/A;N/A;N/A;N/A;N/A;N/A;N/A;N/A;N/A;N/A;N/A;N/A;N/A;N/A;N/A;N/A;N/A;N/A;N/A;N/A;N/A;N/A;N/A;N/A;N/A;N/A;N/A;N/A;N/A;N/A;N/A;N/A;N/A;N/A;N/A;N/A;N/A;N/A;N/A;N/A;N/A;N/A;N/A;N/A;N/A;N/A;N/A;N/A;N/A;N/A;N/A;N/A;N/A;N/A;N/A;N/A;N/A;N/A;N/A;N/A;N/A;N/A;N/A;N/A;N/A;N/A;N/A;N/A;N/A;N/A;N/A;N/A;N/A;N/A;N/A;N/A;N/A;N/A;N/A;N/A;N/A;N/A;N/A;N/A;N/A;N/A;N/A;N/A;N/A;N/A;N/A;N/A;N/A;N/A;N/A;N/A;N/A;;0;284;0;0;;Disabled;TempStop;3;740;295.2;149;253.4;0;599.9;549.9;Enabled;PosOk;3;0;0.7;0;0;0;15;Disabled;0;0;0;0;0;0;0;0;0;0;0;0;0;0;0;0;0;0;0;0;0;0;0;0;0;0;0;0;0;0;0;0;0;0;0;0;0;0;0;0;0;0;0;0;0;0;0;0;0;0;0;0;0;0;0;0;0;0;0;0;0;0;0;0;0;0;0;0;44;27;30;30;20;45;30;30;20;45;30;31;20;45;30;30;20;45;200;214;100;300;200;212;100;300;200;208;100;300;200;208;100;300;30;30;20;45;30;30;20;45;30;31;20;45;30;30;20;45;200;231;100;300;200;229;100;300;200;144;100;300;200;144;100;300;4;3;0.4;6;4;5;0.4;6;4;2;0.4;6;4;5;0.4;6;4;3;0.4;6;4;5;0.4;6;4;3;0.4;6;4;5;0.4;6;NOK;NOK;OK;8000;8077;7500;9000;OK;6.82;0;8;12;NOK;N/A;1.85;N/A;N/A;N/A;9;12.7;7;18;OK;;0;0;0;-;Disabled;TempOk;3;230;37.4;37.2;37.4;0;349.9;441354200 daimler 6900-7200;441354200 daimler 6900-7200;441354200 daimler 6900-7200
20260325_01:45:32;0;3;3;930;926.4;890;970;OK;930;931.2;890;970;OK;932.3;931.9;-20;-24.3;-50;-25;NOK;-20;-19.2;-50;-25;NOK;-16.9;-18;0;-20;-24.2;-50;-25;NOK;300;332;300;565;OK;0;0;N/A;N/A;N/A;N/A;N/A;N/A;N/A;N/A;N/A;N/A;N/A;N/A;N/A;N/A;N/A;N/A;N/A;N/A;N/A;N/A;N/A;N/A;N/A;N/A;N/A;N/A;N/A;N/A;N/A;N/A;N/A;N/A;N/A;N/A;N/A;N/A;N/A;N/A;N/A;N/A;N/A;N/A;N/A;N/A;N/A;N/A;N/A;N/A;N/A;N/A;N/A;N/A;N/A;N/A;N/A;N/A;N/A;N/A;N/A;N/A;N/A;N/A;N/A;N/A;N/A;N/A;N/A;N/A;N/A;N/A;N/A;N/A;N/A;N/A;N/A;N/A;N/A;N/A;N/A;N/A;N/A;N/A;N/A;N/A;N/A;N/A;N/A;N/A;N/A;N/A;N/A;N/A;N/A;N/A;N/A;N/A;N/A;N/A;;0;283.2;0;0;;Disabled;TempStop;3;740;292.5;151.9;253.2;0;599.9;549.9;Enabled;PosOk;3;0;0.5;0;0;0;15;Disabled;0;0;0;0;0;0;0;0;0;0;0;0;0;0;0;0;0;0;0;0;0;0;0;0;0;0;0;0;0;0;0;0;0;0;0;0;0;0;0;0;0;0;0;0;0;0;0;0;0;0;0;0;0;0;0;0;0;0;0;0;0;0;0;0;0;0;0;0;0;0;30;30;20;45;30;30;20;45;30;31;20;45;30;30;20;45;200;215;100;300;200;213;100;300;200;208;100;300;200;208;100;300;30;30;20;45;30;30;20;45;30;31;20;45;30;30;20;45;200;231;100;300;200;229;100;300;200;144;100;300;200;145;100;300;4;2;0.4;6;4;5;0.4;6;4;2;0.4;6;4;5;0.4;6;4;3;0.4;6;4;5;0.4;6;4;2;0.4;6;4;5;0.4;6;NOK;NOK;OK;8000;8052;7500;9000;OK;6.82;0;8;12;NOK;N/A;1.85;N/A;N/A;N/A;9;12.7;7;18;OK;;0;0;0;-;Disabled;TempOk;3;230;36.9;36.7;37.2;0;349.9;441354200 daimler 6900-7200;441354200 daimler 6900-7200;441354200 daimler 6900-7200
20260325_01:46:07;0;1;4;930;925.3;890;970;OK;930;931.2;890;970;OK;931.8;931.6;-20;-14.9;-50;-25;NOK;-20;-15.1;-50;-25;NOK;-18.4;-17.9;0;-20;-14.8;-50;-25;NOK;300;332;300;565;OK;0;0;N/A;N/A;N/A;N/A;N/A;N/A;N/A;N/A;N/A;N/A;N/A;N/A;N/A;N/A;N/A;N/A;N/A;N/A;N/A;N/A;N/A;N/A;N/A;N/A;N/A;N/A;N/A;N/A;N/A;N/A;N/A;N/A;N/A;N/A;N/A;N/A;N/A;N/A;N/A;N/A;N/A;N/A;N/A;N/A;N/A;N/A;N/A;N/A;N/A;N/A;N/A;N/A;N/A;N/A;N/A;N/A;N/A;N/A;N/A;N/A;N/A;N/A;N/A;N/A;N/A;N/A;N/A;N/A;N/A;N/A;N/A;N/A;N/A;N/A;N/A;N/A;N/A;N/A;N/A;N/A;N/A;N/A;N/A;N/A;N/A;N/A;N/A;N/A;N/A;N/A;N/A;N/A;N/A;N/A;N/A;N/A;N/A;N/A;;0;283;0;0;;Disabled;TempStop;3;740;292.1;146.4;249.2;0;599.9;549.9;Enabled;PosOk;3;0;0;0;0;0;15;Disabled;0;0;0;0;0;0;0;0;0;0;0;0;0;0;0;0;0;0;0;0;0;0;0;0;0;0;0;0;0;0;0;0;0;0;0;0;0;0;0;0;0;0;0;0;0;0;0;0;0;0;0;0;0;0;0;0;0;0;0;0;0;0;0;0;0;0;0;0;45;39;30;30;20;45;30;30;20;45;30;30;20;45;30;30;20;45;200;215;100;300;200;213;100;300;200;207;100;300;200;207;100;300;30;30;20;45;30;30;20;45;30;31;20;45;30;30;20;45;200;230;100;300;200;229;100;300;200;144;100;300;200;145;100;300;4;3;0.4;6;4;5;0.4;6;4;2;0.4;6;4;5;0.4;6;4;3;0.4;6;4;5;0.4;6;4;3;0.4;6;4;5;0.4;6;NOK;NOK;OK;8000;8073;7500;9000;OK;6.82;0;8;12;NOK;N/A;1.85;N/A;N/A;N/A;9;12.6;7;18;OK;;0;0;0;-;Disabled;TempOk;3;230;36.9;36.7;37.4;0;349.9;441354200 daimler 6900-7200;441354200 daimler 6900-7200;441354200 daimler 6900-7200
20260325_01:46:43;0;3;4;930;927.2;890;970;OK;930;930.9;890;970;OK;932.3;931.6;-20;-21.7;-50;-25;NOK;-20;-18.4;-50;-25;NOK;-21.6;-21.8;0;-20;-21.2;-50;-25;NOK;300;334;300;565;OK;0;0;N/A;N/A;N/A;N/A;N/A;N/A;N/A;N/A;N/A;N/A;N/A;N/A;N/A;N/A;N/A;N/A;N/A;N/A;N/A;N/A;N/A;N/A;N/A;N/A;N/A;N/A;N/A;N/A;N/A;N/A;N/A;N/A;N/A;N/A;N/A;N/A;N/A;N/A;N/A;N/A;N/A;N/A;N/A;N/A;N/A;N/A;N/A;N/A;N/A;N/A;N/A;N/A;N/A;N/A;N/A;N/A;N/A;N/A;N/A;N/A;N/A;N/A;N/A;N/A;N/A;N/A;N/A;N/A;N/A;N/A;N/A;N/A;N/A;N/A;N/A;N/A;N/A;N/A;N/A;N/A;N/A;N/A;N/A;N/A;N/A;N/A;N/A;N/A;N/A;N/A;N/A;N/A;N/A;N/A;N/A;N/A;N/A;N/A;;0;281.5;0;0;;Disabled;TempStop;3;740;293.1;147.8;251.6;0;599.9;549.9;Enabled;PosOk;3;0;0;0;0;0;15;Disabled;0;0;0;0;0;0;0;0;0;0;0;0;0;0;0;0;0;0;0;0;0;0;0;0;0;0;0;0;0;0;0;0;0;0;0;0;0;0;0;0;0;0;0;0;0;0;0;0;0;0;0;0;0;0;0;0;0;0;0;0;0;0;0;0;0;0;0;0;0;0;30;30;20;45;30;30;20;45;30;31;20;45;30;30;20;45;200;216;100;300;200;213;100;300;200;208;100;300;200;208;100;300;30;30;20;45;30;30;20;45;30;31;20;45;30;30;20;45;200;231;100;300;200;229;100;300;200;144;100;300;200;145;100;300;4;2;0.4;6;4;5;0.4;6;4;2;0.4;6;4;5;0.4;6;4;3;0.4;6;4;5;0.4;6;4;2;0.4;6;4;5;0.4;6;NOK;NOK;OK;8000;7987;7500;9000;OK;6.82;0;8;12;NOK;N/A;1.85;N/A;N/A;N/A;9;13.2;7;18;OK;;0;0;0;-;Disabled;TempOk;3;230;37.4;36.7;37.9;0;349.9;441354200 daimler 6900-7200;441354200 daimler 6900-7200;441354200 daimler 6900-7200
20260325_01:47:19;0;3;5;930;927.5;890;970;OK;930;930.6;890;970;OK;931.2;930.7;-20;-25.7;-50;-25;OK;-20;-22;-50;-25;NOK;-22;-22.8;0;-20;-25.6;-50;-25;OK;300;335;300;565;OK;0;0;N/A;N/A;N/A;N/A;N/A;N/A;N/A;N/A;N/A;N/A;N/A;N/A;N/A;N/A;N/A;N/A;N/A;N/A;N/A;N/A;N/A;N/A;N/A;N/A;N/A;N/A;N/A;N/A;N/A;N/A;N/A;N/A;N/A;N/A;N/A;N/A;N/A;N/A;N/A;N/A;N/A;N/A;N/A;N/A;N/A;N/A;N/A;N/A;N/A;N/A;N/A;N/A;N/A;N/A;N/A;N/A;N/A;N/A;N/A;N/A;N/A;N/A;N/A;N/A;N/A;N/A;N/A;N/A;N/A;N/A;N/A;N/A;N/A;N/A;N/A;N/A;N/A;N/A;N/A;N/A;N/A;N/A;N/A;N/A;N/A;N/A;N/A;N/A;N/A;N/A;N/A;N/A;N/A;N/A;N/A;N/A;N/A;N/A;;0;281.8;0;0;;Disabled;TempStop;3;740;291.7;147.7;248.4;0;599.9;549.9;Enabled;PosOk;3;0;0.5;0;0;0;15;Disabled;0;0;0;0;0;0;0;0;0;0;0;0;0;0;0;0;0;0;0;0;0;0;0;0;0;0;0;0;0;0;0;0;0;0;0;0;0;0;0;0;0;0;0;0;0;0;0;0;0;0;0;0;0;0;0;0;0;0;0;0;0;0;0;0;0;0;0;0;0;0;30;30;20;45;30;30;20;45;30;31;20;45;30;29;20;45;200;215;100;300;200;213;100;300;200;208;100;300;200;207;100;300;30;30;20;45;30;30;20;45;30;31;20;45;30;30;20;45;200;231;100;300;200;229;100;300;200;144;100;300;200;145;100;300;4;2;0.4;6;4;5;0.4;6;4;3;0.4;6;4;5;0.4;6;4;3;0.4;6;4;5;0.4;6;4;3;0.4;6;4;5;0.4;6;NOK;NOK;OK;8000;8088;7500;9000;OK;6.82;0;8;12;NOK;N/A;1.85;N/A;N/A;N/A;9;13.2;7;18;OK;;0;0;0;-;Disabled;TempOk;3;230;36.4;36.4;37.2;0;349.9;441354200 daimler 6900-7200;441354200 daimler 6900-7200;441354200 daimler 6900-7200
20260325_01:47:55;0;1;1;930;919.3;890;970;OK;930;931.6;890;970;OK;932.2;931.9;-20;-18.5;-50;-25;NOK;-20;-17.8;-50;-25;NOK;-17.5;-17.4;0;-20;-18.6;-50;-25;NOK;300;311;300;565;OK;0;0;N/A;N/A;N/A;N/A;N/A;N/A;N/A;N/A;N/A;N/A;N/A;N/A;N/A;N/A;N/A;N/A;N/A;N/A;N/A;N/A;N/A;N/A;N/A;N/A;N/A;N/A;N/A;N/A;N/A;N/A;N/A;N/A;N/A;N/A;N/A;N/A;N/A;N/A;N/A;N/A;N/A;N/A;N/A;N/A;N/A;N/A;N/A;N/A;N/A;N/A;N/A;N/A;N/A;N/A;N/A;N/A;N/A;N/A;N/A;N/A;N/A;N/A;N/A;N/A;N/A;N/A;N/A;N/A;N/A;N/A;N/A;N/A;N/A;N/A;N/A;N/A;N/A;N/A;N/A;N/A;N/A;N/A;N/A;N/A;N/A;N/A;N/A;N/A;N/A;N/A;N/A;N/A;N/A;N/A;N/A;N/A;N/A;N/A;;0;285.9;0;0;;Disabled;TempStop;3;740;295.5;149.8;254.2;0;599.9;549.9;Enabled;PosOk;3;0;0;0;0;0;15;Disabled;0;0;0;0;0;0;0;0;0;0;0;0;0;0;0;0;0;0;0;0;0;0;0;0;0;0;0;0;0;0;0;0;0;0;0;0;0;0;0;0;0;0;0;0;0;0;0;0;0;0;0;0;0;0;0;0;0;0;0;0;0;0;0;0;0;0;0;0;0;0;30;30;20;45;30;29;20;45;30;30;20;45;30;29;20;45;200;215;100;300;200;213;100;300;200;207;100;300;200;207;100;300;30;29;20;45;30;29;20;45;30;30;20;45;30;29;20;45;200;231;100;300;200;229;100;300;200;144;100;300;200;145;100;300;4;2;0.4;6;4;5;0.4;6;4;2;0.4;6;4;5;0.4;6;4;3;0.4;6;4;5;0.4;6;4;2;0.4;6;4;5;0.4;6;NOK;NOK;OK;8000;8078;7500;9000;OK;6.82;0;8;12;NOK;N/A;1.85;N/A;N/A;N/A;9;13.3;7;18;OK;;0;0;0;-;Disabled;TempOk;3;230;36.9;36.7;36.9;0;349.9;441354200 daimler 6900-7200;441354200 daimler 6900-7200;441354200 daimler 6900-7200
20260325_01:48:31;0;3;1;930;919;890;970;OK;930;931.7;890;970;OK;933.6;932.8;-20;-19.7;-50;-25;NOK;-20;-17.2;-50;-25;NOK;-14.8;-15.9;0;-20;-19.8;-50;-25;NOK;300;311;300;565;OK;0;0;N/A;N/A;N/A;N/A;N/A;N/A;N/A;N/A;N/A;N/A;N/A;N/A;N/A;N/A;N/A;N/A;N/A;N/A;N/A;N/A;N/A;N/A;N/A;N/A;N/A;N/A;N/A;N/A;N/A;N/A;N/A;N/A;N/A;N/A;N/A;N/A;N/A;N/A;N/A;N/A;N/A;N/A;N/A;N/A;N/A;N/A;N/A;N/A;N/A;N/A;N/A;N/A;N/A;N/A;N/A;N/A;N/A;N/A;N/A;N/A;N/A;N/A;N/A;N/A;N/A;N/A;N/A;N/A;N/A;N/A;N/A;N/A;N/A;N/A;N/A;N/A;N/A;N/A;N/A;N/A;N/A;N/A;N/A;N/A;N/A;N/A;N/A;N/A;N/A;N/A;N/A;N/A;N/A;N/A;N/A;N/A;N/A;N/A;;0;282.2;0;0;;Disabled;TempStop;3;740;292;151.6;247.8;0;599.9;549.9;Enabled;PosOk;3;0;0.7;0;0;0;15;Disabled;0;0;0;0;0;0;0;0;0;0;0;0;0;0;0;0;0;0;0;0;0;0;0;0;0;0;0;0;0;0;0;0;0;0;0;0;0;0;0;0;0;0;0;0;0;0;0;0;0;0;0;0;0;0;0;0;0;0;0;0;0;0;0;0;0;0;0;0;0;0;30;29;20;45;30;29;20;45;30;30;20;45;30;29;20;45;200;215;100;300;200;213;100;300;200;207;100;300;200;208;100;300;30;29;20;45;30;29;20;45;30;30;20;45;30;29;20;45;200;230;100;300;200;229;100;300;200;144;100;300;200;145;100;300;4;2;0.4;6;4;5;0.4;6;4;2;0.4;6;4;5;0.4;6;4;3;0.4;6;4;5;0.4;6;4;2;0.4;6;4;5;0.4;6;NOK;NOK;OK;8000;8070;7500;9000;OK;6.82;0;8;12;NOK;N/A;1.85;N/A;N/A;N/A;9;13.2;7;18;OK;;0;0;0;-;Disabled;TempOk;3;230;36.4;36.2;36.7;0;349.9;441354200 daimler 6900-7200;441354200 daimler 6900-7200;441354200 daimler 6900-7200
20260325_01:49:07;0;1;2;930;919.2;890;970;OK;930;931.5;890;970;OK;932.5;931.9;-20;-16.2;-50;-25;NOK;-20;-16.1;-50;-25;NOK;-17.2;-17.6;0;-20;-16.1;-50;-25;NOK;300;311;300;565;OK;0;0;N/A;N/A;N/A;N/A;N/A;N/A;N/A;N/A;N/A;N/A;N/A;N/A;N/A;N/A;N/A;N/A;N/A;N/A;N/A;N/A;N/A;N/A;N/A;N/A;N/A;N/A;N/A;N/A;N/A;N/A;N/A;N/A;N/A;N/A;N/A;N/A;N/A;N/A;N/A;N/A;N/A;N/A;N/A;N/A;N/A;N/A;N/A;N/A;N/A;N/A;N/A;N/A;N/A;N/A;N/A;N/A;N/A;N/A;N/A;N/A;N/A;N/A;N/A;N/A;N/A;N/A;N/A;N/A;N/A;N/A;N/A;N/A;N/A;N/A;N/A;N/A;N/A;N/A;N/A;N/A;N/A;N/A;N/A;N/A;N/A;N/A;N/A;N/A;N/A;N/A;N/A;N/A;N/A;N/A;N/A;N/A;N/A;N/A;;0;283.6;0;0;;Disabled;TempStop;3;740;293.9;146.8;251.7;0;599.9;549.9;Enabled;PosOk;3;0;1;0;0;0;15;Disabled;0;0;0;0;0;0;0;0;0;0;0;0;0;0;0;0;0;0;0;0;0;0;0;0;0;0;0;0;0;0;0;0;0;0;0;0;0;0;0;0;0;0;0;0;0;0;0;0;0;0;0;0;0;0;0;0;0;0;0;0;0;0;0;0;0;0;0;0;0;0;30;29;20;45;30;30;20;45;30;30;20;45;30;30;20;45;200;215;100;300;200;213;100;300;200;207;100;300;200;208;100;300;30;29;20;45;30;30;20;45;30;30;20;45;30;30;20;45;200;230;100;300;200;229;100;300;200;144;100;300;200;145;100;300;4;3;0.4;6;4;5;0.4;6;4;2;0.4;6;4;5;0.4;6;4;3;0.4;6;4;5;0.4;6;4;3;0.4;6;4;5;0.4;6;NOK;NOK;OK;8000;8084;7500;9000;OK;6.82;0;8;12;NOK;N/A;1.85;N/A;N/A;N/A;9;13.3;7;18;OK;;0;0;0;-;Disabled;TempOk;3;230;37.2;37.2;37.7;0;349.9;441354200 daimler 6900-7200;441354200 daimler 6900-7200;441354200 daimler 6900-7200
20260325_01:49:43;0;3;2;930;919.4;890;970;OK;930;931.5;890;970;OK;932.8;932.1;-20;-19.4;-50;-25;NOK;-20;-18.1;-50;-25;NOK;-16.7;-17.8;0;-20;-19.2;-50;-25;NOK;300;311;300;565;OK;0;0;N/A;N/A;N/A;N/A;N/A;N/A;N/A;N/A;N/A;N/A;N/A;N/A;N/A;N/A;N/A;N/A;N/A;N/A;N/A;N/A;N/A;N/A;N/A;N/A;N/A;N/A;N/A;N/A;N/A;N/A;N/A;N/A;N/A;N/A;N/A;N/A;N/A;N/A;N/A;N/A;N/A;N/A;N/A;N/A;N/A;N/A;N/A;N/A;N/A;N/A;N/A;N/A;N/A;N/A;N/A;N/A;N/A;N/A;N/A;N/A;N/A;N/A;N/A;N/A;N/A;N/A;N/A;N/A;N/A;N/A;N/A;N/A;N/A;N/A;N/A;N/A;N/A;N/A;N/A;N/A;N/A;N/A;N/A;N/A;N/A;N/A;N/A;N/A;N/A;N/A;N/A;N/A;N/A;N/A;N/A;N/A;N/A;N/A;;0;281.7;0;0;;Disabled;TempStop;3;740;290.2;149.4;246.6;0;599.9;549.9;Enabled;PosOk;3;0;0;0;0;0;15;Disabled;0;0;0;0;0;0;0;0;0;0;0;0;0;0;0;0;0;0;0;0;0;0;0;0;0;0;0;0;0;0;0;0;0;0;0;0;0;0;0;0;0;0;0;0;0;0;0;0;0;0;0;0;0;0;0;0;0;0;0;0;0;0;0;0;0;0;0;0;0;0;30;30;20;45;30;30;20;45;30;30;20;45;30;30;20;45;200;215;100;300;200;213;100;300;200;207;100;300;200;207;100;300;30;30;20;45;30;30;20;45;30;30;20;45;30;30;20;45;200;231;100;300;200;229;100;300;200;144;100;300;200;145;100;300;4;2;0.4;6;4;4;0.4;6;4;2;0.4;6;4;5;0.4;6;4;2;0.4;6;4;5;0.4;6;4;2;0.4;6;4;5;0.4;6;NOK;NOK;OK;8000;8097;7500;9000;OK;6.82;0;8;12;NOK;N/A;1.85;N/A;N/A;N/A;9;13.4;7;18;OK;;0;0;0;-;Disabled;TempOk;3;230;37.2;36.9;37.4;0;349.9;441354200 daimler 6900-7200;441354200 daimler 6900-7200;441354200 daimler 6900-7200
20260325_01:50:19;0;1;3;930;918.7;890;970;OK;930;931.3;890;970;OK;932.4;931.6;-20;-15.9;-50;-25;NOK;-20;-15.9;-50;-25;NOK;-18.5;-17.9;0;-20;-15.8;-50;-25;NOK;300;311;300;565;OK;0;0;N/A;N/A;N/A;N/A;N/A;N/A;N/A;N/A;N/A;N/A;N/A;N/A;N/A;N/A;N/A;N/A;N/A;N/A;N/A;N/A;N/A;N/A;N/A;N/A;N/A;N/A;N/A;N/A;N/A;N/A;N/A;N/A;N/A;N/A;N/A;N/A;N/A;N/A;N/A;N/A;N/A;N/A;N/A;N/A;N/A;N/A;N/A;N/A;N/A;N/A;N/A;N/A;N/A;N/A;N/A;N/A;N/A;N/A;N/A;N/A;N/A;N/A;N/A;N/A;N/A;N/A;N/A;N/A;N/A;N/A;N/A;N/A;N/A;N/A;N/A;N/A;N/A;N/A;N/A;N/A;N/A;N/A;N/A;N/A;N/A;N/A;N/A;N/A;N/A;N/A;N/A;N/A;N/A;N/A;N/A;N/A;N/A;N/A;;0;282.8;0;0;;Disabled;TempStop;3;740;293.4;153.6;251.4;0;599.9;549.9;Enabled;PosOk;3;0;0.5;0;0;0;15;Disabled;0;0;0;0;0;0;0;0;0;0;0;0;0;0;0;0;0;0;0;0;0;0;0;0;0;0;0;0;0;0;0;0;0;0;0;0;0;0;0;0;0;0;0;0;0;0;0;0;0;0;0;0;0;0;0;0;0;0;0;0;0;0;0;0;0;0;0;0;49;50;30;30;20;45;30;30;20;45;30;30;20;45;30;30;20;45;200;215;100;300;200;213;100;300;200;208;100;300;200;208;100;300;30;30;20;45;30;30;20;45;30;31;20;45;30;30;20;45;200;231;100;300;200;229;100;300;200;144;100;300;200;144;100;300;4;2;0.4;6;4;5;0.4;6;4;2;0.4;6;4;5;0.4;6;4;3;0.4;6;4;5;0.4;6;4;3;0.4;6;4;5;0.4;6;NOK;NOK;OK;8000;8066;7500;9000;OK;6.82;0;8;12;NOK;N/A;1.85;N/A;N/A;N/A;9;13.6;7;18;OK;;0;0;0;-;Disabled;TempOk;3;230;37.2;37.4;36.9;0;349.9;441354200 daimler 6900-7200;441354200 daimler 6900-7200;441354200 daimler 6900-7200
20260325_01:50:55;0;3;3;930;918.6;890;970;OK;930;931.5;890;970;OK;932.6;932.1;-20;-19;-50;-25;NOK;-20;-17.1;-50;-25;NOK;-15;-16.1;0;-20;-19;-50;-25;NOK;300;311;300;565;OK;0;0;N/A;N/A;N/A;N/A;N/A;N/A;N/A;N/A;N/A;N/A;N/A;N/A;N/A;N/A;N/A;N/A;N/A;N/A;N/A;N/A;N/A;N/A;N/A;N/A;N/A;N/A;N/A;N/A;N/A;N/A;N/A;N/A;N/A;N/A;N/A;N/A;N/A;N/A;N/A;N/A;N/A;N/A;N/A;N/A;N/A;N/A;N/A;N/A;N/A;N/A;N/A;N/A;N/A;N/A;N/A;N/A;N/A;N/A;N/A;N/A;N/A;N/A;N/A;N/A;N/A;N/A;N/A;N/A;N/A;N/A;N/A;N/A;N/A;N/A;N/A;N/A;N/A;N/A;N/A;N/A;N/A;N/A;N/A;N/A;N/A;N/A;N/A;N/A;N/A;N/A;N/A;N/A;N/A;N/A;N/A;N/A;N/A;N/A;;0;284.1;0;0;;Disabled;TempStop;3;740;293.1;150.1;250.9;0;599.9;549.9;Enabled;PosOk;3;0;1;0;0;0;15;Disabled;0;0;0;0;0;0;0;0;0;0;0;0;0;0;0;0;0;0;0;0;0;0;0;0;0;0;0;0;0;0;0;0;0;0;0;0;0;0;0;0;0;0;0;0;0;0;0;0;0;0;0;0;0;0;0;0;0;0;0;0;0;0;0;0;0;0;0;0;0;0;30;30;20;45;30;30;20;45;30;30;20;45;30;30;20;45;200;215;100;300;200;212;100;300;200;207;100;300;200;207;100;300;30;30;20;45;30;30;20;45;30;31;20;45;30;30;20;45;200;230;100;300;200;229;100;300;200;144;100;300;200;144;100;300;4;3;0.4;6;4;5;0.4;6;4;2;0.4;6;4;5;0.4;6;4;3;0.4;6;4;5;0.4;6;4;2;0.4;6;4;5;0.4;6;NOK;NOK;OK;8000;8084;7500;9000;OK;6.82;0;8;12;NOK;N/A;1.85;N/A;N/A;N/A;9;13.6;7;18;OK;;0;0;0;-;Disabled;TempOk;3;230;37.4;37.4;37.4;0;349.9;441354200 daimler 6900-7200;441354200 daimler 6900-7200;441354200 daimler 6900-7200
20260325_01:51:31;0;1;4;930;917.8;890;970;OK;930;931.7;890;970;OK;932.4;932;-20;-14.4;-50;-25;NOK;-20;-14.3;-50;-25;NOK;-16.8;-16.2;0;-20;-14.3;-50;-25;NOK;300;311;300;565;OK;0;0;N/A;N/A;N/A;N/A;N/A;N/A;N/A;N/A;N/A;N/A;N/A;N/A;N/A;N/A;N/A;N/A;N/A;N/A;N/A;N/A;N/A;N/A;N/A;N/A;N/A;N/A;N/A;N/A;N/A;N/A;N/A;N/A;N/A;N/A;N/A;N/A;N/A;N/A;N/A;N/A;N/A;N/A;N/A;N/A;N/A;N/A;N/A;N/A;N/A;N/A;N/A;N/A;N/A;N/A;N/A;N/A;N/A;N/A;N/A;N/A;N/A;N/A;N/A;N/A;N/A;N/A;N/A;N/A;N/A;N/A;N/A;N/A;N/A;N/A;N/A;N/A;N/A;N/A;N/A;N/A;N/A;N/A;N/A;N/A;N/A;N/A;N/A;N/A;N/A;N/A;N/A;N/A;N/A;N/A;N/A;N/A;N/A;N/A;;0;285.7;0;0;;Disabled;TempStop;3;740;294.9;150.9;248.3;0;599.9;549.9;Enabled;PosOk;3;0;0;0;0;0;15;Disabled;0;0;0;0;0;0;0;0;0;0;0;0;0;0;0;0;0;0;0;0;0;0;0;0;0;0;0;0;0;0;0;0;0;0;0;0;0;0;0;0;0;0;0;0;0;0;0;0;0;0;0;0;0;0;0;0;0;0;0;0;0;0;0;0;0;0;0;0;51;2;30;30;20;45;30;30;20;45;30;30;20;45;30;30;20;45;200;215;100;300;200;213;100;300;200;208;100;300;200;207;100;300;30;30;20;45;30;30;20;45;30;31;20;45;30;30;20;45;200;230;100;300;200;228;100;300;200;144;100;300;200;145;100;300;4;2;0.4;6;4;5;0.4;6;4;2;0.4;6;4;5;0.4;6;4;3;0.4;6;4;5;0.4;6;4;2;0.4;6;4;5;0.4;6;NOK;NOK;OK;8000;8070;7500;9000;OK;6.82;0;8;12;NOK;N/A;1.85;N/A;N/A;N/A;9;13;7;18;OK;;0;0;0;-;Disabled;TempOk;3;230;37.2;36.7;37.4;0;349.9;441354200 daimler 6900-7200;441354200 daimler 6900-7200;441354200 daimler 6900-7200
20260325_01:52:07;0;3;4;930;919.3;890;970;OK;930;931.5;890;970;OK;932;931.6;-20;-16.9;-50;-25;NOK;-20;-16.8;-50;-25;NOK;-19.5;-19.4;0;-20;-16.5;-50;-25;NOK;300;311;300;565;OK;0;0;N/A;N/A;N/A;N/A;N/A;N/A;N/A;N/A;N/A;N/A;N/A;N/A;N/A;N/A;N/A;N/A;N/A;N/A;N/A;N/A;N/A;N/A;N/A;N/A;N/A;N/A;N/A;N/A;N/A;N/A;N/A;N/A;N/A;N/A;N/A;N/A;N/A;N/A;N/A;N/A;N/A;N/A;N/A;N/A;N/A;N/A;N/A;N/A;N/A;N/A;N/A;N/A;N/A;N/A;N/A;N/A;N/A;N/A;N/A;N/A;N/A;N/A;N/A;N/A;N/A;N/A;N/A;N/A;N/A;N/A;N/A;N/A;N/A;N/A;N/A;N/A;N/A;N/A;N/A;N/A;N/A;N/A;N/A;N/A;N/A;N/A;N/A;N/A;N/A;N/A;N/A;N/A;N/A;N/A;N/A;N/A;N/A;N/A;;0;282;0;0;;Disabled;TempStop;3;740;293.4;149.3;252.4;0;599.9;549.9;Enabled;PosOk;3;0;0;0;0;0;15;Disabled;0;0;0;0;0;0;0;0;0;0;0;0;0;0;0;0;0;0;0;0;0;0;0;0;0;0;0;0;0;0;0;0;0;0;0;0;0;0;0;0;0;0;0;0;0;0;0;0;0;0;0;0;0;0;0;0;0;0;0;0;0;0;0;0;0;0;0;0;0;0;30;30;20;45;30;30;20;45;30;30;20;45;30;30;20;45;200;215;100;300;200;212;100;300;200;207;100;300;200;208;100;300;30;30;20;45;30;30;20;45;30;31;20;45;30;30;20;45;200;230;100;300;200;228;100;300;200;144;100;300;200;145;100;300;4;2;0.4;6;4;5;0.4;6;4;2;0.4;6;4;5;0.4;6;4;3;0.4;6;4;5;0.4;6;4;2;0.4;6;4;5;0.4;6;NOK;NOK;OK;8000;8078;7500;9000;OK;6.82;0;8;12;NOK;N/A;1.85;N/A;N/A;N/A;9;13;7;18;OK;;0;0;0;-;Disabled;TempOk;3;230;37.2;36.7;37.2;0;349.9;441354200 daimler 6900-7200;441354200 daimler 6900-7200;441354200 daimler 6900-7200
20260325_01:52:43;0;3;5;930;919.6;890;970;OK;930;930.9;890;970;OK;932;931.4;-20;-21.5;-50;-25;NOK;-20;-20.1;-50;-25;NOK;-19.9;-20.5;0;-20;-21.3;-50;-25;NOK;300;311;300;565;OK;0;0;N/A;N/A;N/A;N/A;N/A;N/A;N/A;N/A;N/A;N/A;N/A;N/A;N/A;N/A;N/A;N/A;N/A;N/A;N/A;N/A;N/A;N/A;N/A;N/A;N/A;N/A;N/A;N/A;N/A;N/A;N/A;N/A;N/A;N/A;N/A;N/A;N/A;N/A;N/A;N/A;N/A;N/A;N/A;N/A;N/A;N/A;N/A;N/A;N/A;N/A;N/A;N/A;N/A;N/A;N/A;N/A;N/A;N/A;N/A;N/A;N/A;N/A;N/A;N/A;N/A;N/A;N/A;N/A;N/A;N/A;N/A;N/A;N/A;N/A;N/A;N/A;N/A;N/A;N/A;N/A;N/A;N/A;N/A;N/A;N/A;N/A;N/A;N/A;N/A;N/A;N/A;N/A;N/A;N/A;N/A;N/A;N/A;N/A;;0;281;0;0;;Disabled;TempStop;3;740;289.5;147.8;246.7;0;599.9;549.9;Enabled;PosOk;3;0;0.5;0;0;0;15;Disabled;0;0;0;0;0;0;0;0;0;0;0;0;0;0;0;0;0;0;0;0;0;0;0;0;0;0;0;0;0;0;0;0;0;0;0;0;0;0;0;0;0;0;0;0;0;0;0;0;0;0;0;0;0;0;0;0;0;0;0;0;0;0;0;0;0;0;0;0;0;0;30;30;20;45;30;30;20;45;30;30;20;45;30;30;20;45;200;215;100;300;200;212;100;300;200;208;100;300;200;208;100;300;30;30;20;45;30;30;20;45;30;31;20;45;30;30;20;45;200;230;100;300;200;229;100;300;200;144;100;300;200;145;100;300;4;3;0.4;6;4;5;0.4;6;4;2;0.4;6;4;5;0.4;6;4;3;0.4;6;4;5;0.4;6;4;2;0.4;6;4;5;0.4;6;NOK;NOK;OK;8000;8090;7500;9000;OK;6.82;0;8;12;NOK;N/A;1.85;N/A;N/A;N/A;9;12.9;7;18;OK;;0;0;0;-;Disabled;TempOk;3;230;36.4;36.4;36.9;0;349.9;441354200 daimler 6900-7200;441354200 daimler 6900-7200;441354200 daimler 6900-7200
20260325_01:53:19;0;1;1;930;919.6;890;970;OK;930;931.4;890;970;OK;932.8;931.9;-20;-17.9;-50;-25;NOK;-20;-17.2;-50;-25;NOK;-17;-17;0;-20;-17.9;-50;-25;NOK;300;311;300;565;OK;0;0;N/A;N/A;N/A;N/A;N/A;N/A;N/A;N/A;N/A;N/A;N/A;N/A;N/A;N/A;N/A;N/A;N/A;N/A;N/A;N/A;N/A;N/A;N/A;N/A;N/A;N/A;N/A;N/A;N/A;N/A;N/A;N/A;N/A;N/A;N/A;N/A;N/A;N/A;N/A;N/A;N/A;N/A;N/A;N/A;N/A;N/A;N/A;N/A;N/A;N/A;N/A;N/A;N/A;N/A;N/A;N/A;N/A;N/A;N/A;N/A;N/A;N/A;N/A;N/A;N/A;N/A;N/A;N/A;N/A;N/A;N/A;N/A;N/A;N/A;N/A;N/A;N/A;N/A;N/A;N/A;N/A;N/A;N/A;N/A;N/A;N/A;N/A;N/A;N/A;N/A;N/A;N/A;N/A;N/A;N/A;N/A;N/A;N/A;;0;285.6;0;0;;Disabled;TempStop;3;740;295.8;150.5;253;0;599.9;549.9;Enabled;PosOk;3;0;0;0;0;0;15;Disabled;0;0;0;0;0;0;0;0;0;0;0;0;0;0;0;0;0;0;0;0;0;0;0;0;0;0;0;0;0;0;0;0;0;0;0;0;0;0;0;0;0;0;0;0;0;0;0;0;0;0;0;0;0;0;0;0;0;0;0;0;0;0;0;0;0;0;0;0;0;0;30;30;20;45;30;30;20;45;30;31;20;45;30;30;20;45;200;216;100;300;200;213;100;300;200;207;100;300;200;207;100;300;30;30;20;45;30;30;20;45;30;31;20;45;30;30;20;45;200;230;100;300;200;230;100;300;200;144;100;300;200;145;100;300;4;3;0.4;6;4;5;0.4;6;4;2;0.4;6;4;5;0.4;6;4;3;0.4;6;4;5;0.4;6;4;3;0.4;6;4;5;0.4;6;NOK;NOK;OK;8000;8085;7500;9000;OK;6.82;0;8;12;NOK;N/A;1.85;N/A;N/A;N/A;9;12.8;7;18;OK;;0;0;0;-;Disabled;TempOk;3;230;36.9;37.2;37.2;0;349.9;441354200 daimler 6900-7200;441354200 daimler 6900-7200;441354200 daimler 6900-7200
20260325_01:53:55;0;3;1;930;919.2;890;970;OK;930;931.5;890;970;OK;933.5;932.6;-20;-17.6;-50;-25;NOK;-20;-16.5;-50;-25;NOK;-14.2;-15.4;0;-20;-17.7;-50;-25;NOK;300;311;300;565;OK;0;0;N/A;N/A;N/A;N/A;N/A;N/A;N/A;N/A;N/A;N/A;N/A;N/A;N/A;N/A;N/A;N/A;N/A;N/A;N/A;N/A;N/A;N/A;N/A;N/A;N/A;N/A;N/A;N/A;N/A;N/A;N/A;N/A;N/A;N/A;N/A;N/A;N/A;N/A;N/A;N/A;N/A;N/A;N/A;N/A;N/A;N/A;N/A;N/A;N/A;N/A;N/A;N/A;N/A;N/A;N/A;N/A;N/A;N/A;N/A;N/A;N/A;N/A;N/A;N/A;N/A;N/A;N/A;N/A;N/A;N/A;N/A;N/A;N/A;N/A;N/A;N/A;N/A;N/A;N/A;N/A;N/A;N/A;N/A;N/A;N/A;N/A;N/A;N/A;N/A;N/A;N/A;N/A;N/A;N/A;N/A;N/A;N/A;N/A;;0;283.2;0;0;;Disabled;TempStop;3;740;292.9;148.7;250.7;0;599.9;549.9;Enabled;PosOk;3;0;0;0;0;0;15;Disabled;0;0;0;0;0;0;0;0;0;0;0;0;0;0;0;0;0;0;0;0;0;0;0;0;0;0;0;0;0;0;0;0;0;0;0;0;0;0;0;0;0;0;0;0;0;0;0;0;0;0;0;0;0;0;0;0;0;0;0;0;0;0;0;0;0;0;0;0;0;0;30;30;20;45;30;30;20;45;30;31;20;45;30;30;20;45;200;215;100;300;200;213;100;300;200;208;100;300;200;208;100;300;30;30;20;45;30;30;20;45;30;31;20;45;30;30;20;45;200;231;100;300;200;229;100;300;200;144;100;300;200;145;100;300;4;3;0.4;6;4;5;0.4;6;4;2;0.4;6;4;5;0.4;6;4;3;0.4;6;4;5;0.4;6;4;2;0.4;6;4;5;0.4;6;NOK;NOK;OK;8000;8066;7500;9000;OK;6.82;0;8;12;NOK;N/A;1.85;N/A;N/A;N/A;9;12.7;7;18;OK;;0;0;0;-;Disabled;TempOk;3;230;37.2;37.4;37.2;0;349.9;441354200 daimler 6900-7200;441354200 daimler 6900-7200;441354200 daimler 6900-7200
20260325_01:54:31;0;1;2;930;918.6;890;970;OK;930;931.5;890;970;OK;932.7;931.9;-20;-15.4;-50;-25;NOK;-20;-15.5;-50;-25;NOK;-16.4;-16.8;0;-20;-15.3;-50;-25;NOK;300;311;300;565;OK;0;0;N/A;N/A;N/A;N/A;N/A;N/A;N/A;N/A;N/A;N/A;N/A;N/A;N/A;N/A;N/A;N/A;N/A;N/A;N/A;N/A;N/A;N/A;N/A;N/A;N/A;N/A;N/A;N/A;N/A;N/A;N/A;N/A;N/A;N/A;N/A;N/A;N/A;N/A;N/A;N/A;N/A;N/A;N/A;N/A;N/A;N/A;N/A;N/A;N/A;N/A;N/A;N/A;N/A;N/A;N/A;N/A;N/A;N/A;N/A;N/A;N/A;N/A;N/A;N/A;N/A;N/A;N/A;N/A;N/A;N/A;N/A;N/A;N/A;N/A;N/A;N/A;N/A;N/A;N/A;N/A;N/A;N/A;N/A;N/A;N/A;N/A;N/A;N/A;N/A;N/A;N/A;N/A;N/A;N/A;N/A;N/A;N/A;N/A;;0;284.7;0;0;;Disabled;TempStop;3;740;294.9;148.2;251.7;0;599.9;549.9;Enabled;PosOk;3;0;0.5;0;0;0;15;Disabled;0;0;0;0;0;0;0;0;0;0;0;0;0;0;0;0;0;0;0;0;0;0;0;0;0;0;0;0;0;0;0;0;0;0;0;0;0;0;0;0;0;0;0;0;0;0;0;0;0;0;0;0;0;0;0;0;0;0;0;0;0;0;0;0;0;0;0;0;0;0;30;30;20;45;30;30;20;45;30;30;20;45;30;30;20;45;200;215;100;300;200;213;100;300;200;208;100;300;200;207;100;300;30;30;20;45;30;30;20;45;30;31;20;45;30;30;20;45;200;230;100;300;200;229;100;300;200;144;100;300;200;145;100;300;4;3;0.4;6;4;5;0.4;6;4;2;0.4;6;4;5;0.4;6;4;3;0.4;6;4;5;0.4;6;4;2;0.4;6;4;5;0.4;6;NOK;NOK;OK;8000;7989;7500;9000;OK;6.82;0;8;12;NOK;N/A;1.85;N/A;N/A;N/A;9;12.6;7;18;OK;;0;0;0;-;Disabled;TempOk;3;230;37.2;36.9;37.4;0;349.9;441354200 daimler 6900-7200;441354200 daimler 6900-7200;441354200 daimler 6900-7200
20260325_01:55:07;0;3;2;930;918.8;890;970;OK;930;931.5;890;970;OK;932.8;932.1;-20;-17.6;-50;-25;NOK;-20;-17.4;-50;-25;NOK;-16.2;-17.2;0;-20;-17.5;-50;-25;NOK;300;311;300;565;OK;0;0;N/A;N/A;N/A;N/A;N/A;N/A;N/A;N/A;N/A;N/A;N/A;N/A;N/A;N/A;N/A;N/A;N/A;N/A;N/A;N/A;N/A;N/A;N/A;N/A;N/A;N/A;N/A;N/A;N/A;N/A;N/A;N/A;N/A;N/A;N/A;N/A;N/A;N/A;N/A;N/A;N/A;N/A;N/A;N/A;N/A;N/A;N/A;N/A;N/A;N/A;N/A;N/A;N/A;N/A;N/A;N/A;N/A;N/A;N/A;N/A;N/A;N/A;N/A;N/A;N/A;N/A;N/A;N/A;N/A;N/A;N/A;N/A;N/A;N/A;N/A;N/A;N/A;N/A;N/A;N/A;N/A;N/A;N/A;N/A;N/A;N/A;N/A;N/A;N/A;N/A;N/A;N/A;N/A;N/A;N/A;N/A;N/A;N/A;;0;282.8;0;0;;Disabled;TempStop;3;740;292.4;149;249.1;0;599.9;549.9;Enabled;PosOk;3;0;0;0;0;0;15;Disabled;0;0;0;0;0;0;0;0;0;0;0;0;0;0;0;0;0;0;0;0;0;0;0;0;0;0;0;0;0;0;0;0;0;0;0;0;0;0;0;0;0;0;0;0;0;0;0;0;0;0;0;0;0;0;0;0;0;0;0;0;0;0;0;0;0;0;0;0;0;0;30;30;20;45;30;29;20;45;30;30;20;45;30;29;20;45;200;215;100;300;200;213;100;300;200;207;100;300;200;207;100;300;30;29;20;45;30;29;20;45;30;30;20;45;30;29;20;45;200;231;100;300;200;229;100;300;200;144;100;300;200;145;100;300;4;3;0.4;6;4;5;0.4;6;4;2;0.4;6;4;5;0.4;6;4;3;0.4;6;4;5;0.4;6;4;3;0.4;6;4;5;0.4;6;NOK;NOK;OK;8000;8071;7500;9000;OK;6.82;0;8;12;NOK;N/A;1.85;N/A;N/A;N/A;9;13.3;7;18;OK;;0;0;0;-;Disabled;TempOk;3;230;36.9;36.9;36.9;0;349.9;441354200 daimler 6900-7200;441354200 daimler 6900-7200;441354200 daimler 6900-7200
20260325_01:55:43;0;1;3;930;919.3;890;970;OK;930;931.1;890;970;OK;932.2;931.6;-20;-15.2;-50;-25;NOK;-20;-15.4;-50;-25;NOK;-18;-17.5;0;-20;-15.2;-50;-25;NOK;300;311;300;565;OK;0;0;N/A;N/A;N/A;N/A;N/A;N/A;N/A;N/A;N/A;N/A;N/A;N/A;N/A;N/A;N/A;N/A;N/A;N/A;N/A;N/A;N/A;N/A;N/A;N/A;N/A;N/A;N/A;N/A;N/A;N/A;N/A;N/A;N/A;N/A;N/A;N/A;N/A;N/A;N/A;N/A;N/A;N/A;N/A;N/A;N/A;N/A;N/A;N/A;N/A;N/A;N/A;N/A;N/A;N/A;N/A;N/A;N/A;N/A;N/A;N/A;N/A;N/A;N/A;N/A;N/A;N/A;N/A;N/A;N/A;N/A;N/A;N/A;N/A;N/A;N/A;N/A;N/A;N/A;N/A;N/A;N/A;N/A;N/A;N/A;N/A;N/A;N/A;N/A;N/A;N/A;N/A;N/A;N/A;N/A;N/A;N/A;N/A;N/A;;0;283.9;0;0;;Disabled;TempStop;3;740;295.6;152.3;254.6;0;599.9;549.9;Enabled;PosOk;3;0;0;0;0;0;15;Disabled;0;0;0;0;0;0;0;0;0;0;0;0;0;0;0;0;0;0;0;0;0;0;0;0;0;0;0;0;0;0;0;0;0;0;0;0;0;0;0;0;0;0;0;0;0;0;0;0;0;0;0;0;0;0;0;0;0;0;0;0;0;0;0;0;0;0;0;0;55;14;30;29;20;45;30;29;20;45;30;30;20;45;30;29;20;45;200;215;100;300;200;213;100;300;200;208;100;300;200;208;100;300;30;29;20;45;30;29;20;45;30;30;20;45;30;29;20;45;200;231;100;300;200;229;100;300;200;144;100;300;200;145;100;300;4;3;0.4;6;4;5;0.4;6;4;2;0.4;6;4;5;0.4;6;4;3;0.4;6;4;5;0.4;6;4;2;0.4;6;4;5;0.4;6;NOK;NOK;OK;8000;7972;7500;9000;OK;6.82;0;8;12;NOK;N/A;1.85;N/A;N/A;N/A;9;13.4;7;18;OK;;0;0;0;-;Disabled;TempOk;3;230;36.7;36.2;36.7;0;349.9;441354200 daimler 6900-7200;441354200 daimler 6900-7200;441354200 daimler 6900-7200
20260325_01:56:19;0;3;3;930;919.4;890;970;OK;930;931.3;890;970;OK;932.5;931.9;-20;-17;-50;-25;NOK;-20;-16.5;-50;-25;NOK;-14.5;-15.6;0;-20;-17;-50;-25;NOK;300;311;300;565;OK;0;0;N/A;N/A;N/A;N/A;N/A;N/A;N/A;N/A;N/A;N/A;N/A;N/A;N/A;N/A;N/A;N/A;N/A;N/A;N/A;N/A;N/A;N/A;N/A;N/A;N/A;N/A;N/A;N/A;N/A;N/A;N/A;N/A;N/A;N/A;N/A;N/A;N/A;N/A;N/A;N/A;N/A;N/A;N/A;N/A;N/A;N/A;N/A;N/A;N/A;N/A;N/A;N/A;N/A;N/A;N/A;N/A;N/A;N/A;N/A;N/A;N/A;N/A;N/A;N/A;N/A;N/A;N/A;N/A;N/A;N/A;N/A;N/A;N/A;N/A;N/A;N/A;N/A;N/A;N/A;N/A;N/A;N/A;N/A;N/A;N/A;N/A;N/A;N/A;N/A;N/A;N/A;N/A;N/A;N/A;N/A;N/A;N/A;N/A;;0;283;0;0;;Disabled;TempStop;3;740;293;153.7;250.2;0;599.9;549.9;Enabled;PosOk;3;0;1;0;0;0;15;Disabled;0;0;0;0;0;0;0;0;0;0;0;0;0;0;0;0;0;0;0;0;0;0;0;0;0;0;0;0;0;0;0;0;0;0;0;0;0;0;0;0;0;0;0;0;0;0;0;0;0;0;0;0;0;0;0;0;0;0;0;0;0;0;0;0;0;0;0;0;0;0;30;29;20;45;30;30;20;45;30;30;20;45;30;30;20;45;200;215;100;300;200;213;100;300;200;207;100;300;200;207;100;300;30;30;20;45;30;30;20;45;30;30;20;45;30;30;20;45;200;230;100;300;200;228;100;300;200;144;100;300;200;144;100;300;4;3;0.4;6;4;5;0.4;6;4;2;0.4;6;4;5;0.4;6;4;3;0.4;6;4;5;0.4;6;4;3;0.4;6;4;5;0.4;6;NOK;NOK;OK;8000;8080;7500;9000;OK;6.82;0;8;12;NOK;N/A;1.85;N/A;N/A;N/A;9;13.4;7;18;OK;;0;0;0;-;Disabled;TempOk;3;230;37.2;36.9;37.9;0;349.9;441354200 daimler 6900-7200;441354200 daimler 6900-7200;441354200 daimler 6900-7200
20260325_01:56:55;0;1;4;930;917.6;890;970;OK;930;931.2;890;970;OK;932.2;931.8;-20;-13.9;-50;-25;NOK;-20;-14.2;-50;-25;NOK;-16.1;-15.7;0;-20;-13.8;-50;-25;NOK;300;311;300;565;OK;0;0;N/A;N/A;N/A;N/A;N/A;N/A;N/A;N/A;N/A;N/A;N/A;N/A;N/A;N/A;N/A;N/A;N/A;N/A;N/A;N/A;N/A;N/A;N/A;N/A;N/A;N/A;N/A;N/A;N/A;N/A;N/A;N/A;N/A;N/A;N/A;N/A;N/A;N/A;N/A;N/A;N/A;N/A;N/A;N/A;N/A;N/A;N/A;N/A;N/A;N/A;N/A;N/A;N/A;N/A;N/A;N/A;N/A;N/A;N/A;N/A;N/A;N/A;N/A;N/A;N/A;N/A;N/A;N/A;N/A;N/A;N/A;N/A;N/A;N/A;N/A;N/A;N/A;N/A;N/A;N/A;N/A;N/A;N/A;N/A;N/A;N/A;N/A;N/A;N/A;N/A;N/A;N/A;N/A;N/A;N/A;N/A;N/A;N/A;;0;284.2;0;0;;Disabled;TempStop;3;740;294.1;152.9;249.8;0;599.9;549.9;Enabled;PosOk;3;0;0;0;0;0;15;Disabled;0;0;0;0;0;0;0;0;0;0;0;0;0;0;0;0;0;0;0;0;0;0;0;0;0;0;0;0;0;0;0;0;0;0;0;0;0;0;0;0;0;0;0;0;0;0;0;0;0;0;0;0;0;0;0;0;0;0;0;0;0;0;0;0;0;0;0;0;56;26;30;30;20;45;30;30;20;45;30;30;20;45;30;30;20;45;200;214;100;300;200;212;100;300;200;207;100;300;200;207;100;300;30;30;20;45;30;30;20;45;30;30;20;45;30;30;20;45;200;230;100;300;200;229;100;300;200;144;100;300;200;145;100;300;4;3;0.4;6;4;5;0.4;6;4;2;0.4;6;4;5;0.4;6;4;3;0.4;6;4;5;0.4;6;4;2;0.4;6;4;5;0.4;6;NOK;NOK;OK;8000;8085;7500;9000;OK;6.82;0;8;12;NOK;N/A;1.85;N/A;N/A;N/A;9;13.6;7;18;OK;;0;0;0;-;Disabled;TempOk;3;230;36.9;36.7;36.9;0;349.9;441354200 daimler 6900-7200;441354200 daimler 6900-7200;441354200 daimler 6900-7200
20260325_01:57:30;0;3;4;930;920.1;890;970;OK;930;931.3;890;970;OK;932.3;931.8;-20;-15.8;-50;-25;NOK;-20;-16.6;-50;-25;NOK;-18.9;-18.8;0;-20;-15.5;-50;-25;NOK;300;311;300;565;OK;0;0;N/A;N/A;N/A;N/A;N/A;N/A;N/A;N/A;N/A;N/A;N/A;N/A;N/A;N/A;N/A;N/A;N/A;N/A;N/A;N/A;N/A;N/A;N/A;N/A;N/A;N/A;N/A;N/A;N/A;N/A;N/A;N/A;N/A;N/A;N/A;N/A;N/A;N/A;N/A;N/A;N/A;N/A;N/A;N/A;N/A;N/A;N/A;N/A;N/A;N/A;N/A;N/A;N/A;N/A;N/A;N/A;N/A;N/A;N/A;N/A;N/A;N/A;N/A;N/A;N/A;N/A;N/A;N/A;N/A;N/A;N/A;N/A;N/A;N/A;N/A;N/A;N/A;N/A;N/A;N/A;N/A;N/A;N/A;N/A;N/A;N/A;N/A;N/A;N/A;N/A;N/A;N/A;N/A;N/A;N/A;N/A;N/A;N/A;;0;282.9;0;0;;Disabled;TempStop;3;740;294.2;153.2;250.5;0;599.9;549.9;Enabled;PosOk;3;0;0.1;0;0;0;15;Disabled;0;0;0;0;0;0;0;0;0;0;0;0;0;0;0;0;0;0;0;0;0;0;0;0;0;0;0;0;0;0;0;0;0;0;0;0;0;0;0;0;0;0;0;0;0;0;0;0;0;0;0;0;0;0;0;0;0;0;0;0;0;0;0;0;0;0;0;0;0;0;30;30;20;45;30;30;20;45;30;30;20;45;30;30;20;45;200;215;100;300;200;213;100;300;200;208;100;300;200;208;100;300;30;30;20;45;30;30;20;45;30;31;20;45;30;30;20;45;200;230;100;300;200;229;100;300;200;144;100;300;200;145;100;300;4;2;0.4;6;4;5;0.4;6;4;2;0.4;6;4;5;0.4;6;4;3;0.4;6;4;5;0.4;6;4;2;0.4;6;4;5;0.4;6;NOK;NOK;OK;8000;8083;7500;9000;OK;6.82;0;8;12;NOK;N/A;1.85;N/A;N/A;N/A;9;13.6;7;18;OK;;0;0;0;-;Disabled;TempOk;3;230;36.9;36.7;37.4;0;349.9;441354200 daimler 6900-7200;441354200 daimler 6900-7200;441354200 daimler 6900-7200
20260325_01:58:06;0;3;5;930;920.9;890;970;OK;930;931;890;970;OK;932;931.5;-20;-19.7;-50;-25;NOK;-20;-19.5;-50;-25;NOK;-19.5;-19.9;0;-20;-19.5;-50;-25;NOK;300;311;300;565;OK;0;0;N/A;N/A;N/A;N/A;N/A;N/A;N/A;N/A;N/A;N/A;N/A;N/A;N/A;N/A;N/A;N/A;N/A;N/A;N/A;N/A;N/A;N/A;N/A;N/A;N/A;N/A;N/A;N/A;N/A;N/A;N/A;N/A;N/A;N/A;N/A;N/A;N/A;N/A;N/A;N/A;N/A;N/A;N/A;N/A;N/A;N/A;N/A;N/A;N/A;N/A;N/A;N/A;N/A;N/A;N/A;N/A;N/A;N/A;N/A;N/A;N/A;N/A;N/A;N/A;N/A;N/A;N/A;N/A;N/A;N/A;N/A;N/A;N/A;N/A;N/A;N/A;N/A;N/A;N/A;N/A;N/A;N/A;N/A;N/A;N/A;N/A;N/A;N/A;N/A;N/A;N/A;N/A;N/A;N/A;N/A;N/A;N/A;N/A;;0;282.6;0;0;;Disabled;TempStop;3;740;292.3;148.2;250.8;0;599.9;549.9;Enabled;PosOk;3;0;0.8;0;0;0;15;Disabled;0;0;0;0;0;0;0;0;0;0;0;0;0;0;0;0;0;0;0;0;0;0;0;0;0;0;0;0;0;0;0;0;0;0;0;0;0;0;0;0;0;0;0;0;0;0;0;0;0;0;0;0;0;0;0;0;0;0;0;0;0;0;0;0;0;0;0;0;0;0;30;30;20;45;30;30;20;45;30;30;20;45;30;30;20;45;200;215;100;300;200;213;100;300;200;207;100;300;200;207;100;300;30;30;20;45;30;30;20;45;30;31;20;45;30;30;20;45;200;231;100;300;200;229;100;300;200;144;100;300;200;145;100;300;4;3;0.4;6;4;5;0.4;6;4;2;0.4;6;4;5;0.4;6;4;3;0.4;6;4;5;0.4;6;4;3;0.4;6;4;5;0.4;6;NOK;NOK;OK;8000;8086;7500;9000;OK;6.82;0;8;12;NOK;N/A;1.85;N/A;N/A;N/A;9;12.9;7;18;OK;;0;0;0;-;Disabled;TempOk;3;230;37.4;37.2;37.7;0;349.9;441354200 daimler 6900-7200;441354200 daimler 6900-7200;441354200 daimler 6900-7200
20260325_01:58:42;0;1;1;930;919.1;890;970;OK;930;931.5;890;970;OK;932.5;932.1;-20;-17.4;-50;-25;NOK;-20;-17.4;-50;-25;NOK;-16.8;-16.9;0;-20;-17.4;-50;-25;NOK;300;311;300;565;OK;0;0;N/A;N/A;N/A;N/A;N/A;N/A;N/A;N/A;N/A;N/A;N/A;N/A;N/A;N/A;N/A;N/A;N/A;N/A;N/A;N/A;N/A;N/A;N/A;N/A;N/A;N/A;N/A;N/A;N/A;N/A;N/A;N/A;N/A;N/A;N/A;N/A;N/A;N/A;N/A;N/A;N/A;N/A;N/A;N/A;N/A;N/A;N/A;N/A;N/A;N/A;N/A;N/A;N/A;N/A;N/A;N/A;N/A;N/A;N/A;N/A;N/A;N/A;N/A;N/A;N/A;N/A;N/A;N/A;N/A;N/A;N/A;N/A;N/A;N/A;N/A;N/A;N/A;N/A;N/A;N/A;N/A;N/A;N/A;N/A;N/A;N/A;N/A;N/A;N/A;N/A;N/A;N/A;N/A;N/A;N/A;N/A;N/A;N/A;;0;286.3;0;0;;Disabled;TempStop;3;740;296.7;155.9;253.4;0;599.9;549.9;Enabled;PosOk;3;0;0;0;0;0;15;Disabled;0;0;0;0;0;0;0;0;0;0;0;0;0;0;0;0;0;0;0;0;0;0;0;0;0;0;0;0;0;0;0;0;0;0;0;0;0;0;0;0;0;0;0;0;0;0;0;0;0;0;0;0;0;0;0;0;0;0;0;0;0;0;0;0;0;0;0;0;0;0;30;30;20;45;30;30;20;45;30;30;20;45;30;30;20;45;200;215;100;300;200;213;100;300;200;207;100;300;200;208;100;300;30;30;20;45;30;30;20;45;30;31;20;45;30;30;20;45;200;231;100;300;200;229;100;300;200;144;100;300;200;145;100;300;4;3;0.4;6;4;5;0.4;6;4;2;0.4;6;4;5;0.4;6;4;3;0.4;6;4;5;0.4;6;4;2;0.4;6;4;5;0.4;6;NOK;NOK;OK;8000;8069;7500;9000;OK;6.82;0;8;12;NOK;N/A;1.85;N/A;N/A;N/A;9;12.8;7;18;OK;;0;0;0;-;Disabled;TempOk;3;230;36.9;36.7;37.4;0;349.9;441354200 daimler 6900-7200;441354200 daimler 6900-7200;441354200 daimler 6900-7200
20260325_01:59:18;0;3;1;930;919.7;890;970;OK;930;931.7;890;970;OK;933.6;932.9;-20;-16.8;-50;-25;NOK;-20;-16.9;-50;-25;NOK;-14.4;-15.6;0;-20;-16.9;-50;-25;NOK;300;311;300;565;OK;0;0;N/A;N/A;N/A;N/A;N/A;N/A;N/A;N/A;N/A;N/A;N/A;N/A;N/A;N/A;N/A;N/A;N/A;N/A;N/A;N/A;N/A;N/A;N/A;N/A;N/A;N/A;N/A;N/A;N/A;N/A;N/A;N/A;N/A;N/A;N/A;N/A;N/A;N/A;N/A;N/A;N/A;N/A;N/A;N/A;N/A;N/A;N/A;N/A;N/A;N/A;N/A;N/A;N/A;N/A;N/A;N/A;N/A;N/A;N/A;N/A;N/A;N/A;N/A;N/A;N/A;N/A;N/A;N/A;N/A;N/A;N/A;N/A;N/A;N/A;N/A;N/A;N/A;N/A;N/A;N/A;N/A;N/A;N/A;N/A;N/A;N/A;N/A;N/A;N/A;N/A;N/A;N/A;N/A;N/A;N/A;N/A;N/A;N/A;;0;283.9;0;0;;Disabled;TempStop;3;740;293.7;150.6;252.1;0;599.9;549.9;Enabled;PosOk;3;0;0.5;0;0;0;15;Disabled;0;0;0;0;0;0;0;0;0;0;0;0;0;0;0;0;0;0;0;0;0;0;0;0;0;0;0;0;0;0;0;0;0;0;0;0;0;0;0;0;0;0;0;0;0;0;0;0;0;0;0;0;0;0;0;0;0;0;0;0;0;0;0;0;0;0;0;0;0;0;30;30;20;45;30;30;20;45;30;31;20;45;30;30;20;45;200;215;100;300;200;213;100;300;200;208;100;300;200;208;100;300;30;30;20;45;30;30;20;45;30;31;20;45;30;30;20;45;200;231;100;300;200;230;100;300;200;145;100;300;200;145;100;300;4;3;0.4;6;4;5;0.4;6;4;2;0.4;6;4;5;0.4;6;4;3;0.4;6;4;5;0.4;6;4;3;0.4;6;4;5;0.4;6;NOK;NOK;OK;8000;8087;7500;9000;OK;6.82;0;8;12;NOK;N/A;1.85;N/A;N/A;N/A;9;12.8;7;18;OK;;0;0;0;-;Disabled;TempOk;3;230;37.7;37.9;37.2;0;349.9;441354200 daimler 6900-7200;441354200 daimler 6900-7200;441354200 daimler 6900-7200
20260325_01:59:54;0;1;2;930;918.8;890;970;OK;930;931.4;890;970;OK;932.8;932.1;-20;-14.9;-50;-25;NOK;-20;-15.6;-50;-25;NOK;-16.1;-16.6;0;-20;-14.9;-50;-25;NOK;300;311;300;565;OK;0;0;N/A;N/A;N/A;N/A;N/A;N/A;N/A;N/A;N/A;N/A;N/A;N/A;N/A;N/A;N/A;N/A;N/A;N/A;N/A;N/A;N/A;N/A;N/A;N/A;N/A;N/A;N/A;N/A;N/A;N/A;N/A;N/A;N/A;N/A;N/A;N/A;N/A;N/A;N/A;N/A;N/A;N/A;N/A;N/A;N/A;N/A;N/A;N/A;N/A;N/A;N/A;N/A;N/A;N/A;N/A;N/A;N/A;N/A;N/A;N/A;N/A;N/A;N/A;N/A;N/A;N/A;N/A;N/A;N/A;N/A;N/A;N/A;N/A;N/A;N/A;N/A;N/A;N/A;N/A;N/A;N/A;N/A;N/A;N/A;N/A;N/A;N/A;N/A;N/A;N/A;N/A;N/A;N/A;N/A;N/A;N/A;N/A;N/A;;0;283.8;0;0;;Disabled;TempStop;3;740;293.8;151.8;249.3;0;599.9;549.9;Enabled;PosOk;3;0;0.8;0;0;0;15;Disabled;0;0;0;0;0;0;0;0;0;0;0;0;0;0;0;0;0;0;0;0;0;0;0;0;0;0;0;0;0;0;0;0;0;0;0;0;0;0;0;0;0;0;0;0;0;0;0;0;0;0;0;0;0;0;0;0;0;0;0;0;0;0;0;0;0;0;0;0;0;0;30;30;20;45;30;30;20;45;30;31;20;45;30;30;20;45;200;215;100;300;200;213;100;300;200;208;100;300;200;208;100;300;30;30;20;45;30;30;20;45;30;31;20;45;30;30;20;45;200;230;100;300;200;229;100;300;200;144;100;300;200;145;100;300;4;2;0.4;6;4;5;0.4;6;4;2;0.4;6;4;5;0.4;6;4;3;0.4;6;4;5;0.4;6;4;3;0.4;6;4;5;0.4;6;NOK;NOK;OK;8000;8062;7500;9000;OK;6.82;0;8;12;NOK;N/A;1.85;N/A;N/A;N/A;9;12.7;7;18;OK;;0;0;0;-;Disabled;TempOk;3;230;36.4;36.7;36.7;0;349.9;441354200 daimler 6900-7200;441354200 daimler 6900-7200;441354200 daimler 6900-7200
20260325_02:00:30;0;3;2;930;919.2;890;970;OK;930;931.7;890;970;OK;932.8;932.2;-20;-16.9;-50;-25;NOK;-20;-17.6;-50;-25;NOK;-16.2;-17.4;0;-20;-16.8;-50;-25;NOK;300;311;300;565;OK;0;0;N/A;N/A;N/A;N/A;N/A;N/A;N/A;N/A;N/A;N/A;N/A;N/A;N/A;N/A;N/A;N/A;N/A;N/A;N/A;N/A;N/A;N/A;N/A;N/A;N/A;N/A;N/A;N/A;N/A;N/A;N/A;N/A;N/A;N/A;N/A;N/A;N/A;N/A;N/A;N/A;N/A;N/A;N/A;N/A;N/A;N/A;N/A;N/A;N/A;N/A;N/A;N/A;N/A;N/A;N/A;N/A;N/A;N/A;N/A;N/A;N/A;N/A;N/A;N/A;N/A;N/A;N/A;N/A;N/A;N/A;N/A;N/A;N/A;N/A;N/A;N/A;N/A;N/A;N/A;N/A;N/A;N/A;N/A;N/A;N/A;N/A;N/A;N/A;N/A;N/A;N/A;N/A;N/A;N/A;N/A;N/A;N/A;N/A;;0;283.3;0;0;;Disabled;TempStop;3;740;293.1;153.1;251.2;0;599.9;549.9;Enabled;PosOk;3;0;0;0;0;0;15;Disabled;0;0;0;0;0;0;0;0;0;0;0;0;0;0;0;0;0;0;0;0;0;0;0;0;0;0;0;0;0;0;0;0;0;0;0;0;0;0;0;0;0;0;0;0;0;0;0;0;0;0;0;0;0;0;0;0;0;0;0;0;0;0;0;0;0;0;0;0;0;0;30;30;20;45;30;30;20;45;30;31;20;45;30;30;20;45;200;215;100;300;200;213;100;300;200;207;100;300;200;208;100;300;30;30;20;45;30;30;20;45;30;31;20;45;30;30;20;45;200;231;100;300;200;229;100;300;200;144;100;300;200;145;100;300;4;3;0.4;6;4;5;0.4;6;4;2;0.4;6;4;5;0.4;6;4;3;0.4;6;4;5;0.4;6;4;3;0.4;6;4;5;0.4;6;NOK;NOK;OK;8000;7981;7500;9000;OK;6.82;0;8;12;NOK;N/A;1.85;N/A;N/A;N/A;9;13.1;7;18;OK;;0;0;0;-;Disabled;TempOk;3;230;37.2;36.7;37.7;0;349.9;441354200 daimler 6900-7200;441354200 daimler 6900-7200;441354200 daimler 6900-7200
20260325_02:32:32;18208;1;1;930;926.6;890;970;OK;930;931.4;890;970;OK;932.5;932.1;-20;-17.3;-50;-25;NOK;-20;-18.4;-50;-25;NOK;-17.5;-17.7;0;-20;-17.3;-50;-25;NOK;300;317;300;565;OK;0;0;N/A;N/A;N/A;N/A;N/A;N/A;N/A;N/A;N/A;N/A;N/A;N/A;N/A;N/A;N/A;N/A;N/A;N/A;N/A;N/A;N/A;N/A;N/A;N/A;N/A;N/A;N/A;N/A;N/A;N/A;N/A;N/A;N/A;N/A;N/A;N/A;N/A;N/A;N/A;N/A;N/A;N/A;N/A;N/A;N/A;N/A;N/A;N/A;N/A;N/A;N/A;N/A;N/A;N/A;N/A;N/A;N/A;N/A;N/A;N/A;N/A;N/A;N/A;N/A;N/A;N/A;N/A;N/A;N/A;N/A;N/A;N/A;N/A;N/A;N/A;N/A;N/A;N/A;N/A;N/A;N/A;N/A;N/A;N/A;N/A;N/A;N/A;N/A;N/A;N/A;N/A;N/A;N/A;N/A;N/A;N/A;N/A;N/A;;0;285.1;0;0;;Disabled;TempStop;3;740;295.6;150.9;253.6;0;599.9;549.9;Enabled;PosOk;3;0;0;0;0;0;15;Disabled;0;0;0;0;0;0;0;0;0;0;0;0;0;0;0;0;0;0;0;0;0;0;0;0;0;0;0;0;0;0;0;0;0;0;0;0;0;0;0;0;0;0;0;0;0;0;0;0;0;0;0;0;0;0;0;0;0;0;0;0;0;0;0;0;0;0;0;0;0;0;30;30;20;45;30;29;20;45;30;30;20;45;30;29;20;45;200;216;100;300;200;213;100;300;200;208;100;300;200;208;100;300;30;29;20;45;30;29;20;45;30;29;20;45;30;29;20;45;200;230;100;300;200;229;100;300;200;144;100;300;200;145;100;300;4;2;0.4;6;4;5;0.4;6;4;2;0.4;6;4;5;0.4;6;4;3;0.4;6;4;5;0.4;6;4;2;0.4;6;4;5;0.4;6;NOK;NOK;OK;8000;8083;7500;9000;OK;6.82;0;8;12;NOK;N/A;1.85;N/A;N/A;N/A;9;12.8;7;18;OK;;0;0;0;-;Disabled;TempOk;3;230;36.7;36.2;36.4;0;349.9;441354200 daimler 6900-7200;441354200 daimler 6900-7200;441354200 daimler 6900-7200
20260325_02:33:08;0;3;1;930;926.7;890;970;OK;930;931.7;890;970;OK;933.4;932.8;-20;-31.7;-50;-25;OK;-20;-21.2;-50;-25;NOK;-18.4;-19.6;0;-20;-31.7;-50;-25;OK;300;319;300;565;OK;0;0;N/A;N/A;N/A;N/A;N/A;N/A;N/A;N/A;N/A;N/A;N/A;N/A;N/A;N/A;N/A;N/A;N/A;N/A;N/A;N/A;N/A;N/A;N/A;N/A;N/A;N/A;N/A;N/A;N/A;N/A;N/A;N/A;N/A;N/A;N/A;N/A;N/A;N/A;N/A;N/A;N/A;N/A;N/A;N/A;N/A;N/A;N/A;N/A;N/A;N/A;N/A;N/A;N/A;N/A;N/A;N/A;N/A;N/A;N/A;N/A;N/A;N/A;N/A;N/A;N/A;N/A;N/A;N/A;N/A;N/A;N/A;N/A;N/A;N/A;N/A;N/A;N/A;N/A;N/A;N/A;N/A;N/A;N/A;N/A;N/A;N/A;N/A;N/A;N/A;N/A;N/A;N/A;N/A;N/A;N/A;N/A;N/A;N/A;;0;283.2;0;0;;Disabled;TempStop;3;740;292.5;151.7;245.3;0;599.9;549.9;Enabled;PosOk;3;0;0.5;0;0;0;15;Disabled;0;0;0;0;0;0;0;0;0;0;0;0;0;0;0;0;0;0;0;0;0;0;0;0;0;0;0;0;0;0;0;0;0;0;0;0;0;0;0;0;0;0;0;0;0;0;0;0;0;0;0;0;0;0;0;0;0;0;0;0;0;0;0;0;0;0;0;0;0;0;30;29;20;45;30;29;20;45;30;29;20;45;30;29;20;45;200;216;100;300;200;213;100;300;200;208;100;300;200;207;100;300;30;29;20;45;30;29;20;45;30;30;20;45;30;29;20;45;200;231;100;300;200;229;100;300;200;144;100;300;200;145;100;300;4;2;0.4;6;4;5;0.4;6;4;2;0.4;6;4;5;0.4;6;4;2;0.4;6;4;5;0.4;6;4;2;0.4;6;4;5;0.4;6;NOK;NOK;OK;8000;8003;7500;9000;OK;6.82;0;8;12;NOK;N/A;1.85;N/A;N/A;N/A;9;12.7;7;18;OK;;0;0;0;-;Disabled;TempOk;3;230;36.4;36.4;36.7;0;349.9;441354200 daimler 6900-7200;441354200 daimler 6900-7200;441354200 daimler 6900-7200
20260325_02:33:44;0;1;2;930;926.8;890;970;OK;930;931.6;890;970;OK;932.7;931.8;-20;-17.2;-50;-25;NOK;-20;-17.2;-50;-25;NOK;-18.5;-18.9;0;-20;-17;-50;-25;NOK;300;320;300;565;OK;0;0;N/A;N/A;N/A;N/A;N/A;N/A;N/A;N/A;N/A;N/A;N/A;N/A;N/A;N/A;N/A;N/A;N/A;N/A;N/A;N/A;N/A;N/A;N/A;N/A;N/A;N/A;N/A;N/A;N/A;N/A;N/A;N/A;N/A;N/A;N/A;N/A;N/A;N/A;N/A;N/A;N/A;N/A;N/A;N/A;N/A;N/A;N/A;N/A;N/A;N/A;N/A;N/A;N/A;N/A;N/A;N/A;N/A;N/A;N/A;N/A;N/A;N/A;N/A;N/A;N/A;N/A;N/A;N/A;N/A;N/A;N/A;N/A;N/A;N/A;N/A;N/A;N/A;N/A;N/A;N/A;N/A;N/A;N/A;N/A;N/A;N/A;N/A;N/A;N/A;N/A;N/A;N/A;N/A;N/A;N/A;N/A;N/A;N/A;;0;284;0;0;;Disabled;TempStop;3;740;295.9;151.6;251.6;0;599.9;549.9;Enabled;PosOk;3;0;0.5;0;0;0;15;Disabled;0;0;0;0;0;0;0;0;0;0;0;0;0;0;0;0;0;0;0;0;0;0;0;0;0;0;0;0;0;0;0;0;0;0;0;0;0;0;0;0;0;0;0;0;0;0;0;0;0;0;0;0;0;0;0;0;0;0;0;0;0;0;0;0;0;0;0;0;0;0;30;29;20;45;30;29;20;45;30;30;20;45;30;29;20;45;200;215;100;300;200;213;100;300;200;207;100;300;200;207;100;300;30;29;20;45;30;29;20;45;30;30;20;45;30;30;20;45;200;230;100;300;200;229;100;300;200;144;100;300;200;145;100;300;4;3;0.4;6;4;5;0.4;6;4;2;0.4;6;4;5;0.4;6;4;3;0.4;6;4;5;0.4;6;4;2;0.4;6;4;5;0.4;6;NOK;NOK;OK;8000;8081;7500;9000;OK;6.82;0;8;12;NOK;N/A;1.85;N/A;N/A;N/A;9;12.7;7;18;OK;;0;0;0;-;Disabled;TempOk;3;230;37.4;36.9;37.4;0;349.9;441354200 daimler 6900-7200;441354200 daimler 6900-7200;441354200 daimler 6900-7200
20260325_02:34:20;0;3;2;930;926.8;890;970;OK;930;931.4;890;970;OK;932.8;932.3;-20;-33;-50;-25;OK;-20;-22.1;-50;-25;NOK;-20;-21.3;0;-20;-32.7;-50;-25;OK;300;322;300;565;OK;0;0;N/A;N/A;N/A;N/A;N/A;N/A;N/A;N/A;N/A;N/A;N/A;N/A;N/A;N/A;N/A;N/A;N/A;N/A;N/A;N/A;N/A;N/A;N/A;N/A;N/A;N/A;N/A;N/A;N/A;N/A;N/A;N/A;N/A;N/A;N/A;N/A;N/A;N/A;N/A;N/A;N/A;N/A;N/A;N/A;N/A;N/A;N/A;N/A;N/A;N/A;N/A;N/A;N/A;N/A;N/A;N/A;N/A;N/A;N/A;N/A;N/A;N/A;N/A;N/A;N/A;N/A;N/A;N/A;N/A;N/A;N/A;N/A;N/A;N/A;N/A;N/A;N/A;N/A;N/A;N/A;N/A;N/A;N/A;N/A;N/A;N/A;N/A;N/A;N/A;N/A;N/A;N/A;N/A;N/A;N/A;N/A;N/A;N/A;;0;282.3;0;0;;Disabled;TempStop;3;740;291.4;150.8;248.3;0;599.9;549.9;Enabled;PosOk;3;0;0;0;0;0;15;Disabled;0;0;0;0;0;0;0;0;0;0;0;0;0;0;0;0;0;0;0;0;0;0;0;0;0;0;0;0;0;0;0;0;0;0;0;0;0;0;0;0;0;0;0;0;0;0;0;0;0;0;0;0;0;0;0;0;0;0;0;0;0;0;0;0;0;0;0;0;0;0;30;30;20;45;30;30;20;45;30;30;20;45;30;30;20;45;200;215;100;300;200;213;100;300;200;207;100;300;200;208;100;300;30;30;20;45;30;30;20;45;30;30;20;45;30;30;20;45;200;230;100;300;200;229;100;300;200;144;100;300;200;145;100;300;4;2;0.4;6;4;5;0.4;6;4;2;0.4;6;4;5;0.4;6;4;3;0.4;6;4;5;0.4;6;4;3;0.4;6;4;5;0.4;6;NOK;NOK;OK;8000;8070;7500;9000;OK;6.82;0;8;12;NOK;N/A;1.85;N/A;N/A;N/A;9;12.6;7;18;OK;;0;0;0;-;Disabled;TempOk;3;230;36.7;36.4;37.2;0;349.9;441354200 daimler 6900-7200;441354200 daimler 6900-7200;441354200 daimler 6900-7200
20260325_02:34:55;0;1;3;930;925;890;970;OK;930;931;890;970;OK;932.2;931.9;-20;-16.2;-50;-25;NOK;-20;-16.4;-50;-25;NOK;-20.1;-19.4;0;-20;-16.1;-50;-25;NOK;300;322;300;565;OK;0;0;N/A;N/A;N/A;N/A;N/A;N/A;N/A;N/A;N/A;N/A;N/A;N/A;N/A;N/A;N/A;N/A;N/A;N/A;N/A;N/A;N/A;N/A;N/A;N/A;N/A;N/A;N/A;N/A;N/A;N/A;N/A;N/A;N/A;N/A;N/A;N/A;N/A;N/A;N/A;N/A;N/A;N/A;N/A;N/A;N/A;N/A;N/A;N/A;N/A;N/A;N/A;N/A;N/A;N/A;N/A;N/A;N/A;N/A;N/A;N/A;N/A;N/A;N/A;N/A;N/A;N/A;N/A;N/A;N/A;N/A;N/A;N/A;N/A;N/A;N/A;N/A;N/A;N/A;N/A;N/A;N/A;N/A;N/A;N/A;N/A;N/A;N/A;N/A;N/A;N/A;N/A;N/A;N/A;N/A;N/A;N/A;N/A;N/A;;0;283.3;0;0;;Disabled;TempStop;3;740;294;153.4;248;0;599.9;549.9;Enabled;PosOk;3;0;0.5;0;0;0;15;Disabled;0;0;0;0;0;0;0;0;0;0;0;0;0;0;0;0;0;0;0;0;0;0;0;0;0;0;0;0;0;0;0;0;0;0;0;0;0;0;0;0;0;0;0;0;0;0;0;0;0;0;0;0;0;0;0;0;0;0;0;0;0;0;0;0;0;0;0;0;34;27;30;30;20;45;30;30;20;45;30;30;20;45;30;30;20;45;200;215;100;300;200;213;100;300;200;207;100;300;200;207;100;300;30;30;20;45;30;30;20;45;30;30;20;45;30;30;20;45;200;230;100;300;200;229;100;300;200;144;100;300;200;145;100;300;4;3;0.4;6;4;5;0.4;6;4;2;0.4;6;4;5;0.4;6;4;3;0.4;6;4;5;0.4;6;4;3;0.4;6;4;5;0.4;6;NOK;NOK;OK;8000;8073;7500;9000;OK;6.82;0;8;12;NOK;N/A;1.85;N/A;N/A;N/A;9;12.6;7;18;OK;;0;0;0;-;Disabled;TempOk;3;230;37.2;36.9;37.7;0;349.9;441354200 daimler 6900-7200;441354200 daimler 6900-7200;441354200 daimler 6900-7200
20260325_02:35:31;0;3;3;930;925.8;890;970;OK;930;931.2;890;970;OK;932.5;932;-20;-32.7;-50;-25;OK;-20;-20.9;-50;-25;NOK;-18.7;-19.6;0;-20;-32.6;-50;-25;OK;300;324;300;565;OK;0;0;N/A;N/A;N/A;N/A;N/A;N/A;N/A;N/A;N/A;N/A;N/A;N/A;N/A;N/A;N/A;N/A;N/A;N/A;N/A;N/A;N/A;N/A;N/A;N/A;N/A;N/A;N/A;N/A;N/A;N/A;N/A;N/A;N/A;N/A;N/A;N/A;N/A;N/A;N/A;N/A;N/A;N/A;N/A;N/A;N/A;N/A;N/A;N/A;N/A;N/A;N/A;N/A;N/A;N/A;N/A;N/A;N/A;N/A;N/A;N/A;N/A;N/A;N/A;N/A;N/A;N/A;N/A;N/A;N/A;N/A;N/A;N/A;N/A;N/A;N/A;N/A;N/A;N/A;N/A;N/A;N/A;N/A;N/A;N/A;N/A;N/A;N/A;N/A;N/A;N/A;N/A;N/A;N/A;N/A;N/A;N/A;N/A;N/A;;0;283.9;0;0;;Disabled;TempStop;3;740;293.3;150.8;249.4;0;599.9;549.9;Enabled;PosOk;3;0;0.8;0;0;0;15;Disabled;0;0;0;0;0;0;0;0;0;0;0;0;0;0;0;0;0;0;0;0;0;0;0;0;0;0;0;0;0;0;0;0;0;0;0;0;0;0;0;0;0;0;0;0;0;0;0;0;0;0;0;0;0;0;0;0;0;0;0;0;0;0;0;0;0;0;0;0;0;0;30;30;20;45;30;30;20;45;30;30;20;45;30;30;20;45;200;215;100;300;200;212;100;300;200;208;100;300;200;208;100;300;30;30;20;45;30;30;20;45;30;31;20;45;30;30;20;45;200;230;100;300;200;229;100;300;200;144;100;300;200;145;100;300;4;2;0.4;6;4;5;0.4;6;4;2;0.4;6;4;5;0.4;6;4;3;0.4;6;4;5;0.4;6;4;2;0.4;6;4;5;0.4;6;NOK;NOK;OK;8000;8059;7500;9000;OK;6.82;0;8;12;NOK;N/A;1.85;N/A;N/A;N/A;9;12.7;7;18;OK;;0;0;0;-;Disabled;TempOk;3;230;37.2;36.7;37.2;0;349.9;441354200 daimler 6900-7200;441354200 daimler 6900-7200;441354200 daimler 6900-7200
20260325_02:36:07;0;1;4;930;924.6;890;970;OK;930;931.3;890;970;OK;932;931.7;-20;-15.5;-50;-25;NOK;-20;-15.2;-50;-25;NOK;-18.8;-18;0;-20;-15.4;-50;-25;NOK;300;324;300;565;OK;0;0;N/A;N/A;N/A;N/A;N/A;N/A;N/A;N/A;N/A;N/A;N/A;N/A;N/A;N/A;N/A;N/A;N/A;N/A;N/A;N/A;N/A;N/A;N/A;N/A;N/A;N/A;N/A;N/A;N/A;N/A;N/A;N/A;N/A;N/A;N/A;N/A;N/A;N/A;N/A;N/A;N/A;N/A;N/A;N/A;N/A;N/A;N/A;N/A;N/A;N/A;N/A;N/A;N/A;N/A;N/A;N/A;N/A;N/A;N/A;N/A;N/A;N/A;N/A;N/A;N/A;N/A;N/A;N/A;N/A;N/A;N/A;N/A;N/A;N/A;N/A;N/A;N/A;N/A;N/A;N/A;N/A;N/A;N/A;N/A;N/A;N/A;N/A;N/A;N/A;N/A;N/A;N/A;N/A;N/A;N/A;N/A;N/A;N/A;;0;284.3;0;0;;Disabled;TempStop;3;740;293.9;152.6;245.5;0;599.9;549.9;Enabled;PosOk;3;0;0;0;0;0;15;Disabled;0;0;0;0;0;0;0;0;0;0;0;0;0;0;0;0;0;0;0;0;0;0;0;0;0;0;0;0;0;0;0;0;0;0;0;0;0;0;0;0;0;0;0;0;0;0;0;0;0;0;0;0;0;0;0;0;0;0;0;0;0;0;0;0;0;0;0;0;35;39;30;30;20;45;30;30;20;45;30;30;20;45;30;30;20;45;200;215;100;300;200;212;100;300;200;206;100;300;200;207;100;300;30;30;20;45;30;30;20;45;30;31;20;45;30;30;20;45;200;230;100;300;200;228;100;300;200;144;100;300;200;145;100;300;4;2;0.4;6;4;5;0.4;6;4;2;0.4;6;4;5;0.4;6;4;3;0.4;6;4;5;0.4;6;4;2;0.4;6;4;5;0.4;6;NOK;NOK;OK;8000;8081;7500;9000;OK;6.82;0;8;12;NOK;N/A;1.85;N/A;N/A;N/A;9;12.6;7;18;OK;;0;0;0;-;Disabled;TempOk;3;230;37.2;36.7;37.4;0;349.9;441354200 daimler 6900-7200;441354200 daimler 6900-7200;441354200 daimler 6900-7200
20260325_02:36:43;0;3;4;930;926.9;890;970;OK;930;931.2;890;970;OK;932.3;931.6;-20;-29.2;-50;-25;OK;-20;-20.2;-50;-25;NOK;-23.4;-23.7;0;-20;-28.6;-50;-25;OK;300;326;300;565;OK;0;0;N/A;N/A;N/A;N/A;N/A;N/A;N/A;N/A;N/A;N/A;N/A;N/A;N/A;N/A;N/A;N/A;N/A;N/A;N/A;N/A;N/A;N/A;N/A;N/A;N/A;N/A;N/A;N/A;N/A;N/A;N/A;N/A;N/A;N/A;N/A;N/A;N/A;N/A;N/A;N/A;N/A;N/A;N/A;N/A;N/A;N/A;N/A;N/A;N/A;N/A;N/A;N/A;N/A;N/A;N/A;N/A;N/A;N/A;N/A;N/A;N/A;N/A;N/A;N/A;N/A;N/A;N/A;N/A;N/A;N/A;N/A;N/A;N/A;N/A;N/A;N/A;N/A;N/A;N/A;N/A;N/A;N/A;N/A;N/A;N/A;N/A;N/A;N/A;N/A;N/A;N/A;N/A;N/A;N/A;N/A;N/A;N/A;N/A;;0;281.9;0;0;;Disabled;TempStop;3;740;293.5;151.8;249.3;0;599.9;549.9;Enabled;PosOk;3;0;0;0;0;0;15;Disabled;0;0;0;0;0;0;0;0;0;0;0;0;0;0;0;0;0;0;0;0;0;0;0;0;0;0;0;0;0;0;0;0;0;0;0;0;0;0;0;0;0;0;0;0;0;0;0;0;0;0;0;0;0;0;0;0;0;0;0;0;0;0;0;0;0;0;0;0;0;0;30;30;20;45;30;30;20;45;30;30;20;45;30;30;20;45;200;215;100;300;200;213;100;300;200;208;100;300;200;208;100;300;30;30;20;45;30;30;20;45;30;31;20;45;30;30;20;45;200;230;100;300;200;229;100;300;200;144;100;300;200;145;100;300;4;3;0.4;6;4;5;0.4;6;4;2;0.4;6;4;5;0.4;6;4;3;0.4;6;4;5;0.4;6;4;3;0.4;6;4;5;0.4;6;NOK;NOK;OK;8000;8084;7500;9000;OK;6.82;0;8;12;NOK;N/A;1.85;N/A;N/A;N/A;9;13.2;7;18;OK;;0;0;0;-;Disabled;TempOk;3;230;37.4;37.2;37.4;0;349.9;441354200 daimler 6900-7200;441354200 daimler 6900-7200;441354200 daimler 6900-7200
20260325_02:37:19;0;3;5;930;927.8;890;970;OK;930;930.5;890;970;OK;930.9;930.7;-20;-33.7;-50;-25;OK;-20;-24.1;-50;-25;NOK;-24.2;-25.2;0;-20;-33.3;-50;-25;OK;300;327;300;565;OK;0;0;N/A;N/A;N/A;N/A;N/A;N/A;N/A;N/A;N/A;N/A;N/A;N/A;N/A;N/A;N/A;N/A;N/A;N/A;N/A;N/A;N/A;N/A;N/A;N/A;N/A;N/A;N/A;N/A;N/A;N/A;N/A;N/A;N/A;N/A;N/A;N/A;N/A;N/A;N/A;N/A;N/A;N/A;N/A;N/A;N/A;N/A;N/A;N/A;N/A;N/A;N/A;N/A;N/A;N/A;N/A;N/A;N/A;N/A;N/A;N/A;N/A;N/A;N/A;N/A;N/A;N/A;N/A;N/A;N/A;N/A;N/A;N/A;N/A;N/A;N/A;N/A;N/A;N/A;N/A;N/A;N/A;N/A;N/A;N/A;N/A;N/A;N/A;N/A;N/A;N/A;N/A;N/A;N/A;N/A;N/A;N/A;N/A;N/A;;0;280.9;0;0;;Disabled;TempStop;3;740;290.1;148.6;246.2;0;599.9;549.9;Enabled;PosOk;3;0;0.5;0;0;0;15;Disabled;0;0;0;0;0;0;0;0;0;0;0;0;0;0;0;0;0;0;0;0;0;0;0;0;0;0;0;0;0;0;0;0;0;0;0;0;0;0;0;0;0;0;0;0;0;0;0;0;0;0;0;0;0;0;0;0;0;0;0;0;0;0;0;0;0;0;0;0;0;0;30;30;20;45;30;30;20;45;30;30;20;45;30;30;20;45;200;215;100;300;200;213;100;300;200;207;100;300;200;207;100;300;30;30;20;45;30;30;20;45;30;31;20;45;30;30;20;45;200;230;100;300;200;229;100;300;200;144;100;300;200;144;100;300;4;3;0.4;6;4;5;0.4;6;4;2;0.4;6;4;5;0.4;6;4;3;0.4;6;4;5;0.4;6;4;3;0.4;6;4;5;0.4;6;NOK;NOK;OK;8000;8083;7500;9000;OK;6.82;0;8;12;NOK;N/A;1.85;N/A;N/A;N/A;9;13.3;7;18;OK;;0;0;0;-;Disabled;TempOk;3;230;37.4;36.9;37.7;0;349.9;441354200 daimler 6900-7200;441354200 daimler 6900-7200;441354200 daimler 6900-7200
20260325_02:37:55;0;1;1;930;919.5;890;970;OK;930;931.4;890;970;OK;932.4;931.8;-20;-18.5;-50;-25;NOK;-20;-17.9;-50;-25;NOK;-17.5;-17.5;0;-20;-18.6;-50;-25;NOK;300;311;300;565;OK;0;0;N/A;N/A;N/A;N/A;N/A;N/A;N/A;N/A;N/A;N/A;N/A;N/A;N/A;N/A;N/A;N/A;N/A;N/A;N/A;N/A;N/A;N/A;N/A;N/A;N/A;N/A;N/A;N/A;N/A;N/A;N/A;N/A;N/A;N/A;N/A;N/A;N/A;N/A;N/A;N/A;N/A;N/A;N/A;N/A;N/A;N/A;N/A;N/A;N/A;N/A;N/A;N/A;N/A;N/A;N/A;N/A;N/A;N/A;N/A;N/A;N/A;N/A;N/A;N/A;N/A;N/A;N/A;N/A;N/A;N/A;N/A;N/A;N/A;N/A;N/A;N/A;N/A;N/A;N/A;N/A;N/A;N/A;N/A;N/A;N/A;N/A;N/A;N/A;N/A;N/A;N/A;N/A;N/A;N/A;N/A;N/A;N/A;N/A;;0;285.5;0;0;;Disabled;TempStop;3;740;295.6;150.2;254.1;0;599.9;549.9;Enabled;PosOk;3;0;0;0;0;0;15;Disabled;0;0;0;0;0;0;0;0;0;0;0;0;0;0;0;0;0;0;0;0;0;0;0;0;0;0;0;0;0;0;0;0;0;0;0;0;0;0;0;0;0;0;0;0;0;0;0;0;0;0;0;0;0;0;0;0;0;0;0;0;0;0;0;0;0;0;0;0;0;0;30;30;20;45;30;30;20;45;30;30;20;45;30;30;20;45;200;215;100;300;200;213;100;300;200;207;100;300;200;208;100;300;30;30;20;45;30;30;20;45;30;31;20;45;30;30;20;45;200;231;100;300;200;230;100;300;200;144;100;300;200;145;100;300;4;2;0.4;6;4;5;0.4;6;4;2;0.4;6;4;5;0.4;6;4;3;0.4;6;4;5;0.4;6;4;2;0.4;6;4;5;0.4;6;NOK;NOK;OK;8000;8081;7500;9000;OK;6.82;0;8;12;NOK;N/A;1.85;N/A;N/A;N/A;9;13.5;7;18;OK;;0;0;0;-;Disabled;TempOk;3;230;36.9;36.7;36.7;0;349.9;441354200 daimler 6900-7200;441354200 daimler 6900-7200;441354200 daimler 6900-7200
20260325_02:38:31;0;3;1;930;919;890;970;OK;930;931.8;890;970;OK;933.5;932.8;-20;-21.5;-50;-25;NOK;-20;-18.3;-50;-25;NOK;-15.8;-17;0;-20;-21.6;-50;-25;NOK;300;311;300;565;OK;0;0;N/A;N/A;N/A;N/A;N/A;N/A;N/A;N/A;N/A;N/A;N/A;N/A;N/A;N/A;N/A;N/A;N/A;N/A;N/A;N/A;N/A;N/A;N/A;N/A;N/A;N/A;N/A;N/A;N/A;N/A;N/A;N/A;N/A;N/A;N/A;N/A;N/A;N/A;N/A;N/A;N/A;N/A;N/A;N/A;N/A;N/A;N/A;N/A;N/A;N/A;N/A;N/A;N/A;N/A;N/A;N/A;N/A;N/A;N/A;N/A;N/A;N/A;N/A;N/A;N/A;N/A;N/A;N/A;N/A;N/A;N/A;N/A;N/A;N/A;N/A;N/A;N/A;N/A;N/A;N/A;N/A;N/A;N/A;N/A;N/A;N/A;N/A;N/A;N/A;N/A;N/A;N/A;N/A;N/A;N/A;N/A;N/A;N/A;;0;282.4;0;0;;Disabled;TempStop;3;740;292.6;150.8;249.4;0;599.9;549.9;Enabled;PosOk;3;0;1;0;0;0;15;Disabled;0;0;0;0;0;0;0;0;0;0;0;0;0;0;0;0;0;0;0;0;0;0;0;0;0;0;0;0;0;0;0;0;0;0;0;0;0;0;0;0;0;0;0;0;0;0;0;0;0;0;0;0;0;0;0;0;0;0;0;0;0;0;0;0;0;0;0;0;0;0;30;30;20;45;30;30;20;45;30;30;20;45;30;30;20;45;200;215;100;300;200;213;100;300;200;207;100;300;200;208;100;300;30;30;20;45;30;30;20;45;30;31;20;45;30;30;20;45;200;231;100;300;200;229;100;300;200;144;100;300;200;145;100;300;4;2;0.4;6;4;5;0.4;6;4;2;0.4;6;4;5;0.4;6;4;3;0.4;6;4;5;0.4;6;4;2;0.4;6;4;5;0.4;6;NOK;NOK;OK;8000;8059;7500;9000;OK;6.82;0;8;12;NOK;N/A;1.85;N/A;N/A;N/A;9;13.5;7;18;OK;;0;0;0;-;Disabled;TempOk;3;230;36.4;37.4;36.9;0;349.9;441354200 daimler 6900-7200;441354200 daimler 6900-7200;441354200 daimler 6900-7200
20260325_02:39:07;0;1;2;930;919.1;890;970;OK;930;931.4;890;970;OK;932.6;931.9;-20;-16.4;-50;-25;NOK;-20;-16.3;-50;-25;NOK;-17.3;-17.7;0;-20;-16.4;-50;-25;NOK;300;311;300;565;OK;0;0;N/A;N/A;N/A;N/A;N/A;N/A;N/A;N/A;N/A;N/A;N/A;N/A;N/A;N/A;N/A;N/A;N/A;N/A;N/A;N/A;N/A;N/A;N/A;N/A;N/A;N/A;N/A;N/A;N/A;N/A;N/A;N/A;N/A;N/A;N/A;N/A;N/A;N/A;N/A;N/A;N/A;N/A;N/A;N/A;N/A;N/A;N/A;N/A;N/A;N/A;N/A;N/A;N/A;N/A;N/A;N/A;N/A;N/A;N/A;N/A;N/A;N/A;N/A;N/A;N/A;N/A;N/A;N/A;N/A;N/A;N/A;N/A;N/A;N/A;N/A;N/A;N/A;N/A;N/A;N/A;N/A;N/A;N/A;N/A;N/A;N/A;N/A;N/A;N/A;N/A;N/A;N/A;N/A;N/A;N/A;N/A;N/A;N/A;;0;283.7;0;0;;Disabled;TempStop;3;740;293.5;146.7;249;0;599.9;549.9;Enabled;PosOk;3;0;0.5;0;0;0;15;Disabled;0;0;0;0;0;0;0;0;0;0;0;0;0;0;0;0;0;0;0;0;0;0;0;0;0;0;0;0;0;0;0;0;0;0;0;0;0;0;0;0;0;0;0;0;0;0;0;0;0;0;0;0;0;0;0;0;0;0;0;0;0;0;0;0;0;0;0;0;0;0;30;30;20;45;30;30;20;45;30;31;20;45;30;30;20;45;200;216;100;300;200;213;100;300;200;208;100;300;200;208;100;300;30;30;20;45;30;30;20;45;30;31;20;45;30;30;20;45;200;231;100;300;200;229;100;300;200;144;100;300;200;145;100;300;4;2;0.4;6;4;5;0.4;6;4;3;0.4;6;4;5;0.4;6;4;3;0.4;6;4;5;0.4;6;4;3;0.4;6;4;5;0.4;6;NOK;NOK;OK;8000;8075;7500;9000;OK;6.82;0;8;12;NOK;N/A;1.85;N/A;N/A;N/A;9;13.5;7;18;OK;;0;0;0;-;Disabled;TempOk;3;230;37.2;36.9;36.9;0;349.9;441354200 daimler 6900-7200;441354200 daimler 6900-7200;441354200 daimler 6900-7200
20260325_02:39:43;0;3;2;930;918.3;890;970;OK;930;931.5;890;970;OK;932.8;932.2;-20;-21.4;-50;-25;NOK;-20;-19.3;-50;-25;NOK;-17.7;-18.9;0;-20;-21.2;-50;-25;NOK;300;311;300;565;OK;0;0;N/A;N/A;N/A;N/A;N/A;N/A;N/A;N/A;N/A;N/A;N/A;N/A;N/A;N/A;N/A;N/A;N/A;N/A;N/A;N/A;N/A;N/A;N/A;N/A;N/A;N/A;N/A;N/A;N/A;N/A;N/A;N/A;N/A;N/A;N/A;N/A;N/A;N/A;N/A;N/A;N/A;N/A;N/A;N/A;N/A;N/A;N/A;N/A;N/A;N/A;N/A;N/A;N/A;N/A;N/A;N/A;N/A;N/A;N/A;N/A;N/A;N/A;N/A;N/A;N/A;N/A;N/A;N/A;N/A;N/A;N/A;N/A;N/A;N/A;N/A;N/A;N/A;N/A;N/A;N/A;N/A;N/A;N/A;N/A;N/A;N/A;N/A;N/A;N/A;N/A;N/A;N/A;N/A;N/A;N/A;N/A;N/A;N/A;;0;282.6;0;0;;Disabled;TempStop;3;740;292.2;151.5;248.3;0;599.9;549.9;Enabled;PosOk;3;0;0;0;0;0;15;Disabled;0;0;0;0;0;0;0;0;0;0;0;0;0;0;0;0;0;0;0;0;0;0;0;0;0;0;0;0;0;0;0;0;0;0;0;0;0;0;0;0;0;0;0;0;0;0;0;0;0;0;0;0;0;0;0;0;0;0;0;0;0;0;0;0;0;0;0;0;0;0;30;30;20;45;30;30;20;45;30;31;20;45;30;30;20;45;200;215;100;300;200;213;100;300;200;208;100;300;200;208;100;300;30;30;20;45;30;30;20;45;30;31;20;45;30;30;20;45;200;232;100;300;200;229;100;300;200;144;100;300;200;145;100;300;4;3;0.4;6;4;5;0.4;6;4;2;0.4;6;4;5;0.4;6;4;3;0.4;6;4;5;0.4;6;4;3;0.4;6;4;5;0.4;6;NOK;NOK;OK;8000;8082;7500;9000;OK;6.82;0;8;12;NOK;N/A;1.85;N/A;N/A;N/A;9;13;7;18;OK;;0;0;0;-;Disabled;TempOk;3;230;36.9;36.4;36.9;0;349.9;441354200 daimler 6900-7200;441354200 daimler 6900-7200;441354200 daimler 6900-7200
20260325_02:40:19;0;1;3;930;918.1;890;970;OK;930;931.4;890;970;OK;932.5;931.9;-20;-15.8;-50;-25;NOK;-20;-15.9;-50;-25;NOK;-18.7;-18.2;0;-20;-15.6;-50;-25;NOK;300;311;300;565;OK;0;0;N/A;N/A;N/A;N/A;N/A;N/A;N/A;N/A;N/A;N/A;N/A;N/A;N/A;N/A;N/A;N/A;N/A;N/A;N/A;N/A;N/A;N/A;N/A;N/A;N/A;N/A;N/A;N/A;N/A;N/A;N/A;N/A;N/A;N/A;N/A;N/A;N/A;N/A;N/A;N/A;N/A;N/A;N/A;N/A;N/A;N/A;N/A;N/A;N/A;N/A;N/A;N/A;N/A;N/A;N/A;N/A;N/A;N/A;N/A;N/A;N/A;N/A;N/A;N/A;N/A;N/A;N/A;N/A;N/A;N/A;N/A;N/A;N/A;N/A;N/A;N/A;N/A;N/A;N/A;N/A;N/A;N/A;N/A;N/A;N/A;N/A;N/A;N/A;N/A;N/A;N/A;N/A;N/A;N/A;N/A;N/A;N/A;N/A;;0;283.7;0;0;;Disabled;TempStop;3;740;294.9;152.7;248.2;0;599.9;549.9;Enabled;PosOk;3;0;0.7;0;0;0;15;Disabled;0;0;0;0;0;0;0;0;0;0;0;0;0;0;0;0;0;0;0;0;0;0;0;0;0;0;0;0;0;0;0;0;0;0;0;0;0;0;0;0;0;0;0;0;0;0;0;0;0;0;0;0;0;0;0;0;0;0;0;0;0;0;0;0;0;0;0;0;39;50;30;30;20;45;30;29;20;45;30;30;20;45;30;29;20;45;200;215;100;300;200;213;100;300;200;208;100;300;200;207;100;300;30;30;20;45;30;29;20;45;30;30;20;45;30;29;20;45;200;231;100;300;200;229;100;300;200;144;100;300;200;145;100;300;4;2;0.4;6;4;5;0.4;6;4;2;0.4;6;4;5;0.4;6;4;2;0.4;6;4;5;0.4;6;4;2;0.4;6;4;5;0.4;6;NOK;NOK;OK;8000;8066;7500;9000;OK;6.82;0;8;12;NOK;N/A;1.85;N/A;N/A;N/A;9;13;7;18;OK;;0;0;0;-;Disabled;TempOk;3;230;37.2;36.7;36.9;0;349.9;441354200 daimler 6900-7200;441354200 daimler 6900-7200;441354200 daimler 6900-7200
20260325_02:40:55;0;3;3;930;918.3;890;970;OK;930;931.5;890;970;OK;932.7;932.1;-20;-20.8;-50;-25;NOK;-20;-18;-50;-25;NOK;-15.7;-16.9;0;-20;-20.7;-50;-25;NOK;300;311;300;565;OK;0;0;N/A;N/A;N/A;N/A;N/A;N/A;N/A;N/A;N/A;N/A;N/A;N/A;N/A;N/A;N/A;N/A;N/A;N/A;N/A;N/A;N/A;N/A;N/A;N/A;N/A;N/A;N/A;N/A;N/A;N/A;N/A;N/A;N/A;N/A;N/A;N/A;N/A;N/A;N/A;N/A;N/A;N/A;N/A;N/A;N/A;N/A;N/A;N/A;N/A;N/A;N/A;N/A;N/A;N/A;N/A;N/A;N/A;N/A;N/A;N/A;N/A;N/A;N/A;N/A;N/A;N/A;N/A;N/A;N/A;N/A;N/A;N/A;N/A;N/A;N/A;N/A;N/A;N/A;N/A;N/A;N/A;N/A;N/A;N/A;N/A;N/A;N/A;N/A;N/A;N/A;N/A;N/A;N/A;N/A;N/A;N/A;N/A;N/A;;0;282.6;0;0;;Disabled;TempStop;3;740;292.2;148;248.7;0;599.9;549.9;Enabled;PosOk;3;0;1;0;0;0;15;Disabled;0;0;0;0;0;0;0;0;0;0;0;0;0;0;0;0;0;0;0;0;0;0;0;0;0;0;0;0;0;0;0;0;0;0;0;0;0;0;0;0;0;0;0;0;0;0;0;0;0;0;0;0;0;0;0;0;0;0;0;0;0;0;0;0;0;0;0;0;0;0;30;29;20;45;30;29;20;45;30;30;20;45;30;29;20;45;200;215;100;300;200;212;100;300;200;207;100;300;200;207;100;300;30;29;20;45;30;29;20;45;30;30;20;45;30;29;20;45;200;230;100;300;200;229;100;300;200;144;100;300;200;145;100;300;4;2;0.4;6;4;5;0.4;6;4;2;0.4;6;4;5;0.4;6;4;3;0.4;6;4;5;0.4;6;4;2;0.4;6;4;5;0.4;6;NOK;NOK;OK;8000;8080;7500;9000;OK;6.82;0;8;12;NOK;N/A;1.85;N/A;N/A;N/A;9;13;7;18;OK;;0;0;0;-;Disabled;TempOk;3;230;36.7;37.4;36.7;0;349.9;441354200 daimler 6900-7200;441354200 daimler 6900-7200;441354200 daimler 6900-7200
20260325_02:41:31;0;1;4;930;918.5;890;970;OK;930;931.6;890;970;OK;932.5;931.9;-20;-14.5;-50;-25;NOK;-20;-14.5;-50;-25;NOK;-17.1;-16.6;0;-20;-14.4;-50;-25;NOK;300;311;300;565;OK;0;0;N/A;N/A;N/A;N/A;N/A;N/A;N/A;N/A;N/A;N/A;N/A;N/A;N/A;N/A;N/A;N/A;N/A;N/A;N/A;N/A;N/A;N/A;N/A;N/A;N/A;N/A;N/A;N/A;N/A;N/A;N/A;N/A;N/A;N/A;N/A;N/A;N/A;N/A;N/A;N/A;N/A;N/A;N/A;N/A;N/A;N/A;N/A;N/A;N/A;N/A;N/A;N/A;N/A;N/A;N/A;N/A;N/A;N/A;N/A;N/A;N/A;N/A;N/A;N/A;N/A;N/A;N/A;N/A;N/A;N/A;N/A;N/A;N/A;N/A;N/A;N/A;N/A;N/A;N/A;N/A;N/A;N/A;N/A;N/A;N/A;N/A;N/A;N/A;N/A;N/A;N/A;N/A;N/A;N/A;N/A;N/A;N/A;N/A;;0;284.2;0;0;;Disabled;TempStop;3;740;294.1;152.4;246.6;0;599.9;549.9;Enabled;PosOk;3;0;0;0;0;0;15;Disabled;0;0;0;0;0;0;0;0;0;0;0;0;0;0;0;0;0;0;0;0;0;0;0;0;0;0;0;0;0;0;0;0;0;0;0;0;0;0;0;0;0;0;0;0;0;0;0;0;0;0;0;0;0;0;0;0;0;0;0;0;0;0;0;0;0;0;0;0;41;2;30;29;20;45;30;29;20;45;30;30;20;45;30;29;20;45;200;215;100;300;200;212;100;300;200;207;100;300;200;206;100;300;30;29;20;45;30;29;20;45;30;30;20;45;30;29;20;45;200;230;100;300;200;229;100;300;200;144;100;300;200;145;100;300;4;2;0.4;6;4;5;0.4;6;4;2;0.4;6;4;5;0.4;6;4;2;0.4;6;4;5;0.4;6;4;3;0.4;6;4;5;0.4;6;NOK;NOK;OK;8000;8068;7500;9000;OK;6.81;0;8;12;NOK;N/A;1.85;N/A;N/A;N/A;9;12.8;7;18;OK;;0;0;0;-;Disabled;TempOk;3;230;36.4;36.4;37.4;0;349.9;441354200 daimler 6900-7200;441354200 daimler 6900-7200;441354200 daimler 6900-7200
20260325_02:42:07;0;3;4;930;918.6;890;970;OK;930;931.3;890;970;OK;932.1;931.6;-20;-18.7;-50;-25;NOK;-20;-18;-50;-25;NOK;-20.7;-20.5;0;-20;-18.3;-50;-25;NOK;300;311;300;565;OK;0;0;N/A;N/A;N/A;N/A;N/A;N/A;N/A;N/A;N/A;N/A;N/A;N/A;N/A;N/A;N/A;N/A;N/A;N/A;N/A;N/A;N/A;N/A;N/A;N/A;N/A;N/A;N/A;N/A;N/A;N/A;N/A;N/A;N/A;N/A;N/A;N/A;N/A;N/A;N/A;N/A;N/A;N/A;N/A;N/A;N/A;N/A;N/A;N/A;N/A;N/A;N/A;N/A;N/A;N/A;N/A;N/A;N/A;N/A;N/A;N/A;N/A;N/A;N/A;N/A;N/A;N/A;N/A;N/A;N/A;N/A;N/A;N/A;N/A;N/A;N/A;N/A;N/A;N/A;N/A;N/A;N/A;N/A;N/A;N/A;N/A;N/A;N/A;N/A;N/A;N/A;N/A;N/A;N/A;N/A;N/A;N/A;N/A;N/A;;0;281.3;0;0;;Disabled;TempStop;3;740;293.9;150.6;249.4;0;599.9;549.9;Enabled;PosOk;3;0;0;0;0;0;15;Disabled;0;0;0;0;0;0;0;0;0;0;0;0;0;0;0;0;0;0;0;0;0;0;0;0;0;0;0;0;0;0;0;0;0;0;0;0;0;0;0;0;0;0;0;0;0;0;0;0;0;0;0;0;0;0;0;0;0;0;0;0;0;0;0;0;0;0;0;0;0;0;30;30;20;45;30;30;20;45;30;30;20;45;30;30;20;45;200;215;100;300;200;212;100;300;200;207;100;300;200;207;100;300;30;30;20;45;30;30;20;45;30;30;20;45;30;30;20;45;200;230;100;300;200;229;100;300;200;144;100;300;200;145;100;300;4;2;0.4;6;4;5;0.4;6;4;2;0.4;6;4;5;0.4;6;4;3;0.4;6;4;5;0.4;6;4;2;0.4;6;4;5;0.4;6;NOK;NOK;OK;8000;8062;7500;9000;OK;6.82;0;8;12;NOK;N/A;1.85;N/A;N/A;N/A;9;12.7;7;18;OK;;0;0;0;-;Disabled;TempOk;3;230;36.9;36.7;37.2;0;349.9;441354200 daimler 6900-7200;441354200 daimler 6900-7200;441354200 daimler 6900-7200
20260325_02:42:43;0;3;5;930;919.9;890;970;OK;930;930.9;890;970;OK;932;931.4;-20;-23.4;-50;-25;NOK;-20;-21.4;-50;-25;NOK;-21.5;-22.2;0;-20;-23.1;-50;-25;NOK;300;311;300;565;OK;0;0;N/A;N/A;N/A;N/A;N/A;N/A;N/A;N/A;N/A;N/A;N/A;N/A;N/A;N/A;N/A;N/A;N/A;N/A;N/A;N/A;N/A;N/A;N/A;N/A;N/A;N/A;N/A;N/A;N/A;N/A;N/A;N/A;N/A;N/A;N/A;N/A;N/A;N/A;N/A;N/A;N/A;N/A;N/A;N/A;N/A;N/A;N/A;N/A;N/A;N/A;N/A;N/A;N/A;N/A;N/A;N/A;N/A;N/A;N/A;N/A;N/A;N/A;N/A;N/A;N/A;N/A;N/A;N/A;N/A;N/A;N/A;N/A;N/A;N/A;N/A;N/A;N/A;N/A;N/A;N/A;N/A;N/A;N/A;N/A;N/A;N/A;N/A;N/A;N/A;N/A;N/A;N/A;N/A;N/A;N/A;N/A;N/A;N/A;;0;281.5;0;0;;Disabled;TempStop;3;740;291.4;148.6;246.3;0;599.9;549.9;Enabled;PosOk;3;0;1;0;0;0;15;Disabled;0;0;0;0;0;0;0;0;0;0;0;0;0;0;0;0;0;0;0;0;0;0;0;0;0;0;0;0;0;0;0;0;0;0;0;0;0;0;0;0;0;0;0;0;0;0;0;0;0;0;0;0;0;0;0;0;0;0;0;0;0;0;0;0;0;0;0;0;0;0;30;30;20;45;30;30;20;45;30;30;20;45;30;30;20;45;200;214;100;300;200;213;100;300;200;207;100;300;200;207;100;300;30;30;20;45;30;30;20;45;30;30;20;45;30;30;20;45;200;230;100;300;200;229;100;300;200;144;100;300;200;145;100;300;4;2;0.4;6;4;5;0.4;6;4;2;0.4;6;4;5;0.4;6;4;3;0.4;6;4;5;0.4;6;4;2;0.4;6;4;5;0.4;6;NOK;NOK;OK;8000;8083;7500;9000;OK;6.82;0;8;12;NOK;N/A;1.85;N/A;N/A;N/A;9;12.7;7;18;OK;;0;0;0;-;Disabled;TempOk;3;230;36.4;36.2;37.2;0;349.9;441354200 daimler 6900-7200;441354200 daimler 6900-7200;441354200 daimler 6900-7200
20260325_02:43:19;0;1;1;930;919.1;890;970;OK;930;931.3;890;970;OK;932.2;931.7;-20;-18;-50;-25;NOK;-20;-17.5;-50;-25;NOK;-17.1;-17;0;-20;-18;-50;-25;NOK;300;311;300;565;OK;0;0;N/A;N/A;N/A;N/A;N/A;N/A;N/A;N/A;N/A;N/A;N/A;N/A;N/A;N/A;N/A;N/A;N/A;N/A;N/A;N/A;N/A;N/A;N/A;N/A;N/A;N/A;N/A;N/A;N/A;N/A;N/A;N/A;N/A;N/A;N/A;N/A;N/A;N/A;N/A;N/A;N/A;N/A;N/A;N/A;N/A;N/A;N/A;N/A;N/A;N/A;N/A;N/A;N/A;N/A;N/A;N/A;N/A;N/A;N/A;N/A;N/A;N/A;N/A;N/A;N/A;N/A;N/A;N/A;N/A;N/A;N/A;N/A;N/A;N/A;N/A;N/A;N/A;N/A;N/A;N/A;N/A;N/A;N/A;N/A;N/A;N/A;N/A;N/A;N/A;N/A;N/A;N/A;N/A;N/A;N/A;N/A;N/A;N/A;;0;286.1;0;0;;Disabled;TempStop;3;740;297.2;151.7;253.8;0;599.9;549.9;Enabled;PosOk;3;0;0;0;0;0;15;Disabled;0;0;0;0;0;0;0;0;0;0;0;0;0;0;0;0;0;0;0;0;0;0;0;0;0;0;0;0;0;0;0;0;0;0;0;0;0;0;0;0;0;0;0;0;0;0;0;0;0;0;0;0;0;0;0;0;0;0;0;0;0;0;0;0;0;0;0;0;0;0;30;30;20;45;30;30;20;45;30;30;20;45;30;30;20;45;200;215;100;300;200;213;100;300;200;207;100;300;200;207;100;300;30;30;20;45;30;30;20;45;30;31;20;45;30;30;20;45;200;231;100;300;200;229;100;300;200;144;100;300;200;145;100;300;4;3;0.4;6;4;5;0.4;6;4;2;0.4;6;4;5;0.4;6;4;3;0.4;6;4;5;0.4;6;4;2;0.4;6;4;5;0.4;6;NOK;NOK;OK;8000;8087;7500;9000;OK;6.82;0;8;12;NOK;N/A;1.85;N/A;N/A;N/A;9;12.6;7;18;OK;;0;0;0;-;Disabled;TempOk;3;230;36.7;36.7;36.9;0;349.9;441354200 daimler 6900-7200;441354200 daimler 6900-7200;441354200 daimler 6900-7200
20260325_02:43:55;0;3;1;930;919.5;890;970;OK;930;931.7;890;970;OK;933.6;932.8;-20;-18.7;-50;-25;NOK;-20;-17.3;-50;-25;NOK;-14.9;-16;0;-20;-18.7;-50;-25;NOK;300;311;300;565;OK;0;0;N/A;N/A;N/A;N/A;N/A;N/A;N/A;N/A;N/A;N/A;N/A;N/A;N/A;N/A;N/A;N/A;N/A;N/A;N/A;N/A;N/A;N/A;N/A;N/A;N/A;N/A;N/A;N/A;N/A;N/A;N/A;N/A;N/A;N/A;N/A;N/A;N/A;N/A;N/A;N/A;N/A;N/A;N/A;N/A;N/A;N/A;N/A;N/A;N/A;N/A;N/A;N/A;N/A;N/A;N/A;N/A;N/A;N/A;N/A;N/A;N/A;N/A;N/A;N/A;N/A;N/A;N/A;N/A;N/A;N/A;N/A;N/A;N/A;N/A;N/A;N/A;N/A;N/A;N/A;N/A;N/A;N/A;N/A;N/A;N/A;N/A;N/A;N/A;N/A;N/A;N/A;N/A;N/A;N/A;N/A;N/A;N/A;N/A;;0;283.1;0;0;;Disabled;TempStop;3;740;292.9;149.3;249.1;0;599.9;549.9;Enabled;PosOk;3;0;0.5;0;0;0;15;Disabled;0;0;0;0;0;0;0;0;0;0;0;0;0;0;0;0;0;0;0;0;0;0;0;0;0;0;0;0;0;0;0;0;0;0;0;0;0;0;0;0;0;0;0;0;0;0;0;0;0;0;0;0;0;0;0;0;0;0;0;0;0;0;0;0;0;0;0;0;0;0;30;30;20;45;30;30;20;45;30;30;20;45;30;30;20;45;200;214;100;300;200;213;100;300;200;207;100;300;200;208;100;300;30;30;20;45;30;30;20;45;30;31;20;45;30;30;20;45;200;231;100;300;200;229;100;300;200;144;100;300;200;145;100;300;4;2;0.4;6;4;5;0.4;6;4;2;0.4;6;4;5;0.4;6;4;3;0.4;6;4;5;0.4;6;4;3;0.4;6;4;5;0.4;6;NOK;NOK;OK;8000;8074;7500;9000;OK;6.82;0;8;12;NOK;N/A;1.85;N/A;N/A;N/A;9;12.6;7;18;OK;;0;0;0;-;Disabled;TempOk;3;230;36.2;36.2;35.9;0;349.9;441354200 daimler 6900-7200;441354200 daimler 6900-7200;441354200 daimler 6900-7200
20260325_02:44:31;0;1;2;930;919.4;890;970;OK;930;931.5;890;970;OK;932.6;931.9;-20;-15.7;-50;-25;NOK;-20;-15.7;-50;-25;NOK;-16.5;-17;0;-20;-15.6;-50;-25;NOK;300;311;300;565;OK;0;0;N/A;N/A;N/A;N/A;N/A;N/A;N/A;N/A;N/A;N/A;N/A;N/A;N/A;N/A;N/A;N/A;N/A;N/A;N/A;N/A;N/A;N/A;N/A;N/A;N/A;N/A;N/A;N/A;N/A;N/A;N/A;N/A;N/A;N/A;N/A;N/A;N/A;N/A;N/A;N/A;N/A;N/A;N/A;N/A;N/A;N/A;N/A;N/A;N/A;N/A;N/A;N/A;N/A;N/A;N/A;N/A;N/A;N/A;N/A;N/A;N/A;N/A;N/A;N/A;N/A;N/A;N/A;N/A;N/A;N/A;N/A;N/A;N/A;N/A;N/A;N/A;N/A;N/A;N/A;N/A;N/A;N/A;N/A;N/A;N/A;N/A;N/A;N/A;N/A;N/A;N/A;N/A;N/A;N/A;N/A;N/A;N/A;N/A;;0;283.1;0;0;;Disabled;TempStop;3;740;293.7;152.2;249.1;0;599.9;549.9;Enabled;PosOk;3;0;0.8;0;0;0;15;Disabled;0;0;0;0;0;0;0;0;0;0;0;0;0;0;0;0;0;0;0;0;0;0;0;0;0;0;0;0;0;0;0;0;0;0;0;0;0;0;0;0;0;0;0;0;0;0;0;0;0;0;0;0;0;0;0;0;0;0;0;0;0;0;0;0;0;0;0;0;0;0;30;30;20;45;30;30;20;45;30;31;20;45;30;30;20;45;200;215;100;300;200;213;100;300;200;207;100;300;200;207;100;300;30;30;20;45;30;30;20;45;30;31;20;45;30;30;20;45;200;231;100;300;200;229;100;300;200;144;100;300;200;146;100;300;4;2;0.4;6;4;5;0.4;6;4;2;0.4;6;4;5;0.4;6;4;2;0.4;6;4;5;0.4;6;4;2;0.4;6;4;5;0.4;6;NOK;NOK;OK;8000;8060;7500;9000;OK;6.81;0;8;12;NOK;N/A;1.85;N/A;N/A;N/A;9;12.7;7;18;OK;;0;0;0;-;Disabled;TempOk;3;230;36.7;36.7;37.2;0;349.9;441354200 daimler 6900-7200;441354200 daimler 6900-7200;441354200 daimler 6900-7200
20260325_02:45:06;0;3;2;930;918.5;890;970;OK;930;931.6;890;970;OK;932.7;931.9;-20;-18.8;-50;-25;NOK;-20;-18.3;-50;-25;NOK;-16.7;-17.9;0;-20;-18.7;-50;-25;NOK;300;311;300;565;OK;0;0;N/A;N/A;N/A;N/A;N/A;N/A;N/A;N/A;N/A;N/A;N/A;N/A;N/A;N/A;N/A;N/A;N/A;N/A;N/A;N/A;N/A;N/A;N/A;N/A;N/A;N/A;N/A;N/A;N/A;N/A;N/A;N/A;N/A;N/A;N/A;N/A;N/A;N/A;N/A;N/A;N/A;N/A;N/A;N/A;N/A;N/A;N/A;N/A;N/A;N/A;N/A;N/A;N/A;N/A;N/A;N/A;N/A;N/A;N/A;N/A;N/A;N/A;N/A;N/A;N/A;N/A;N/A;N/A;N/A;N/A;N/A;N/A;N/A;N/A;N/A;N/A;N/A;N/A;N/A;N/A;N/A;N/A;N/A;N/A;N/A;N/A;N/A;N/A;N/A;N/A;N/A;N/A;N/A;N/A;N/A;N/A;N/A;N/A;;0;282.8;0;0;;Disabled;TempStop;3;740;291.9;145.4;245;0;599.9;549.9;Enabled;PosOk;3;0;0;0;0;0;15;Disabled;0;0;0;0;0;0;0;0;0;0;0;0;0;0;0;0;0;0;0;0;0;0;0;0;0;0;0;0;0;0;0;0;0;0;0;0;0;0;0;0;0;0;0;0;0;0;0;0;0;0;0;0;0;0;0;0;0;0;0;0;0;0;0;0;0;0;0;0;0;0;30;30;20;45;30;30;20;45;30;31;20;45;30;30;20;45;200;215;100;300;200;213;100;300;200;208;100;300;200;207;100;300;30;30;20;45;30;30;20;45;30;31;20;45;30;30;20;45;200;231;100;300;200;229;100;300;200;144;100;300;200;145;100;300;4;2;0.4;6;4;5;0.4;6;4;3;0.4;6;4;5;0.4;6;4;2;0.4;6;4;5;0.4;6;4;3;0.4;6;4;5;0.4;6;NOK;NOK;OK;8000;8074;7500;9000;OK;6.82;0;8;12;NOK;N/A;1.85;N/A;N/A;N/A;9;12.6;7;18;OK;;0;0;0;-;Disabled;TempOk;3;230;36.9;36.4;37.2;0;349.9;441354200 daimler 6900-7200;441354200 daimler 6900-7200;441354200 daimler 6900-7200
20260325_02:45:42;0;1;3;930;918.8;890;970;OK;930;931.3;890;970;OK;932.2;931.7;-20;-15.3;-50;-25;NOK;-20;-15.5;-50;-25;NOK;-18;-17.7;0;-20;-15.2;-50;-25;NOK;300;311;300;565;OK;0;0;N/A;N/A;N/A;N/A;N/A;N/A;N/A;N/A;N/A;N/A;N/A;N/A;N/A;N/A;N/A;N/A;N/A;N/A;N/A;N/A;N/A;N/A;N/A;N/A;N/A;N/A;N/A;N/A;N/A;N/A;N/A;N/A;N/A;N/A;N/A;N/A;N/A;N/A;N/A;N/A;N/A;N/A;N/A;N/A;N/A;N/A;N/A;N/A;N/A;N/A;N/A;N/A;N/A;N/A;N/A;N/A;N/A;N/A;N/A;N/A;N/A;N/A;N/A;N/A;N/A;N/A;N/A;N/A;N/A;N/A;N/A;N/A;N/A;N/A;N/A;N/A;N/A;N/A;N/A;N/A;N/A;N/A;N/A;N/A;N/A;N/A;N/A;N/A;N/A;N/A;N/A;N/A;N/A;N/A;N/A;N/A;N/A;N/A;;0;283.7;0;0;;Disabled;TempStop;3;740;294.7;153.8;252.6;0;599.9;549.9;Enabled;PosOk;3;0;0.3;0;0;0;15;Disabled;0;0;0;0;0;0;0;0;0;0;0;0;0;0;0;0;0;0;0;0;0;0;0;0;0;0;0;0;0;0;0;0;0;0;0;0;0;0;0;0;0;0;0;0;0;0;0;0;0;0;0;0;0;0;0;0;0;0;0;0;0;0;0;0;0;0;0;0;45;14;30;30;20;45;30;30;20;45;30;31;20;45;30;30;20;45;200;215;100;300;200;213;100;300;200;208;100;300;200;208;100;300;30;30;20;45;30;30;20;45;30;31;20;45;30;30;20;45;200;231;100;300;200;229;100;300;200;144;100;300;200;145;100;300;4;2;0.4;6;4;5;0.4;6;4;2;0.4;6;4;5;0.4;6;4;3;0.4;6;4;5;0.4;6;4;2;0.4;6;4;5;0.4;6;NOK;NOK;OK;8000;7953;7500;9000;OK;6.81;0;8;12;NOK;N/A;1.85;N/A;N/A;N/A;9;13.2;7;18;OK;;0;0;0;-;Disabled;TempOk;3;230;36.9;36.4;36.9;0;349.9;441354200 daimler 6900-7200;441354200 daimler 6900-7200;441354200 daimler 6900-7200
20260325_02:46:18;0;3;3;930;918.9;890;970;OK;930;931.5;890;970;OK;932.7;932;-20;-18;-50;-25;NOK;-20;-17.1;-50;-25;NOK;-15;-16.1;0;-20;-17.9;-50;-25;NOK;300;311;300;565;OK;0;0;N/A;N/A;N/A;N/A;N/A;N/A;N/A;N/A;N/A;N/A;N/A;N/A;N/A;N/A;N/A;N/A;N/A;N/A;N/A;N/A;N/A;N/A;N/A;N/A;N/A;N/A;N/A;N/A;N/A;N/A;N/A;N/A;N/A;N/A;N/A;N/A;N/A;N/A;N/A;N/A;N/A;N/A;N/A;N/A;N/A;N/A;N/A;N/A;N/A;N/A;N/A;N/A;N/A;N/A;N/A;N/A;N/A;N/A;N/A;N/A;N/A;N/A;N/A;N/A;N/A;N/A;N/A;N/A;N/A;N/A;N/A;N/A;N/A;N/A;N/A;N/A;N/A;N/A;N/A;N/A;N/A;N/A;N/A;N/A;N/A;N/A;N/A;N/A;N/A;N/A;N/A;N/A;N/A;N/A;N/A;N/A;N/A;N/A;;0;284;0;0;;Disabled;TempStop;3;740;293.3;148.6;247.4;0;599.9;549.9;Enabled;PosOk;3;0;0.5;0;0;0;15;Disabled;0;0;0;0;0;0;0;0;0;0;0;0;0;0;0;0;0;0;0;0;0;0;0;0;0;0;0;0;0;0;0;0;0;0;0;0;0;0;0;0;0;0;0;0;0;0;0;0;0;0;0;0;0;0;0;0;0;0;0;0;0;0;0;0;0;0;0;0;0;0;30;30;20;45;30;30;20;45;30;31;20;45;30;30;20;45;200;216;100;300;200;213;100;300;200;207;100;300;200;207;100;300;30;30;20;45;30;30;20;45;30;31;20;45;30;30;20;45;200;231;100;300;200;229;100;300;200;144;100;300;200;145;100;300;4;3;0.4;6;4;5;0.4;6;4;2;0.4;6;4;5;0.4;6;4;3;0.4;6;4;5;0.4;6;4;2;0.4;6;4;5;0.4;6;NOK;NOK;OK;8000;8080;7500;9000;OK;6.82;0;8;12;NOK;N/A;1.85;N/A;N/A;N/A;9;13.4;7;18;OK;;0;0;0;-;Disabled;TempOk;3;230;37.4;36.4;36.7;0;349.9;441354200 daimler 6900-7200;441354200 daimler 6900-7200;441354200 daimler 6900-7200
20260325_02:46:54;0;1;4;930;919;890;970;OK;930;931.4;890;970;OK;932.1;931.6;-20;-14;-50;-25;NOK;-20;-14.2;-50;-25;NOK;-16.3;-15.9;0;-20;-13.9;-50;-25;NOK;300;311;300;565;OK;0;0;N/A;N/A;N/A;N/A;N/A;N/A;N/A;N/A;N/A;N/A;N/A;N/A;N/A;N/A;N/A;N/A;N/A;N/A;N/A;N/A;N/A;N/A;N/A;N/A;N/A;N/A;N/A;N/A;N/A;N/A;N/A;N/A;N/A;N/A;N/A;N/A;N/A;N/A;N/A;N/A;N/A;N/A;N/A;N/A;N/A;N/A;N/A;N/A;N/A;N/A;N/A;N/A;N/A;N/A;N/A;N/A;N/A;N/A;N/A;N/A;N/A;N/A;N/A;N/A;N/A;N/A;N/A;N/A;N/A;N/A;N/A;N/A;N/A;N/A;N/A;N/A;N/A;N/A;N/A;N/A;N/A;N/A;N/A;N/A;N/A;N/A;N/A;N/A;N/A;N/A;N/A;N/A;N/A;N/A;N/A;N/A;N/A;N/A;;0;284.3;0;0;;Disabled;TempStop;3;740;293.5;149.7;246.4;0;599.9;549.9;Enabled;PosOk;3;0;0;0;0;0;15;Disabled;0;0;0;0;0;0;0;0;0;0;0;0;0;0;0;0;0;0;0;0;0;0;0;0;0;0;0;0;0;0;0;0;0;0;0;0;0;0;0;0;0;0;0;0;0;0;0;0;0;0;0;0;0;0;0;0;0;0;0;0;0;0;0;0;0;0;0;0;46;25;30;30;20;45;30;30;20;45;30;30;20;45;30;29;20;45;200;215;100;300;200;213;100;300;200;207;100;300;200;207;100;300;30;30;20;45;30;29;20;45;30;31;20;45;30;29;20;45;200;230;100;300;200;230;100;300;200;144;100;300;200;145;100;300;4;3;0.4;6;4;5;0.4;6;4;2;0.4;6;4;5;0.4;6;4;3;0.4;6;4;5;0.4;6;4;3;0.4;6;4;5;0.4;6;NOK;NOK;OK;8000;7942;7500;9000;OK;6.81;0;8;12;NOK;N/A;1.85;N/A;N/A;N/A;9;13.5;7;18;OK;;0;0;0;-;Disabled;TempOk;3;230;36.2;36.2;36.4;0;349.9;441354200 daimler 6900-7200;441354200 daimler 6900-7200;441354200 daimler 6900-7200
20260325_02:47:30;0;3;4;930;919.2;890;970;OK;930;931.5;890;970;OK;932.1;931.8;-20;-16.8;-50;-25;NOK;-20;-16.9;-50;-25;NOK;-19.7;-19.5;0;-20;-16.4;-50;-25;NOK;300;311;300;565;OK;0;0;N/A;N/A;N/A;N/A;N/A;N/A;N/A;N/A;N/A;N/A;N/A;N/A;N/A;N/A;N/A;N/A;N/A;N/A;N/A;N/A;N/A;N/A;N/A;N/A;N/A;N/A;N/A;N/A;N/A;N/A;N/A;N/A;N/A;N/A;N/A;N/A;N/A;N/A;N/A;N/A;N/A;N/A;N/A;N/A;N/A;N/A;N/A;N/A;N/A;N/A;N/A;N/A;N/A;N/A;N/A;N/A;N/A;N/A;N/A;N/A;N/A;N/A;N/A;N/A;N/A;N/A;N/A;N/A;N/A;N/A;N/A;N/A;N/A;N/A;N/A;N/A;N/A;N/A;N/A;N/A;N/A;N/A;N/A;N/A;N/A;N/A;N/A;N/A;N/A;N/A;N/A;N/A;N/A;N/A;N/A;N/A;N/A;N/A;;0;280.6;0;0;;Disabled;TempStop;3;740;291.6;146.6;248.9;0;599.9;549.9;Enabled;PosOk;3;0;0.8;0;0;0;15;Disabled;0;0;0;0;0;0;0;0;0;0;0;0;0;0;0;0;0;0;0;0;0;0;0;0;0;0;0;0;0;0;0;0;0;0;0;0;0;0;0;0;0;0;0;0;0;0;0;0;0;0;0;0;0;0;0;0;0;0;0;0;0;0;0;0;0;0;0;0;0;0;30;29;20;45;30;29;20;45;30;30;20;45;30;29;20;45;200;215;100;300;200;213;100;300;200;206;100;300;200;208;100;300;30;29;20;45;30;29;20;45;30;30;20;45;30;29;20;45;200;230;100;300;200;229;100;300;200;144;100;300;200;145;100;300;4;2;0.4;6;4;5;0.4;6;4;2;0.4;6;4;5;0.4;6;4;2;0.4;6;4;5;0.4;6;4;3;0.4;6;4;5;0.4;6;NOK;NOK;OK;8000;8080;7500;9000;OK;6.82;0;8;12;NOK;N/A;1.85;N/A;N/A;N/A;9;13.1;7;18;OK;;0;0;0;-;Disabled;TempOk;3;230;35.9;36.2;36.9;0;349.9;441354200 daimler 6900-7200;441354200 daimler 6900-7200;441354200 daimler 6900-7200
20260325_02:48:06;0;3;5;930;920.4;890;970;OK;930;930.8;890;970;OK;931.9;931.5;-20;-21;-50;-25;NOK;-20;-20.3;-50;-25;NOK;-20.3;-20.8;0;-20;-20.8;-50;-25;NOK;300;311;300;565;OK;0;0;N/A;N/A;N/A;N/A;N/A;N/A;N/A;N/A;N/A;N/A;N/A;N/A;N/A;N/A;N/A;N/A;N/A;N/A;N/A;N/A;N/A;N/A;N/A;N/A;N/A;N/A;N/A;N/A;N/A;N/A;N/A;N/A;N/A;N/A;N/A;N/A;N/A;N/A;N/A;N/A;N/A;N/A;N/A;N/A;N/A;N/A;N/A;N/A;N/A;N/A;N/A;N/A;N/A;N/A;N/A;N/A;N/A;N/A;N/A;N/A;N/A;N/A;N/A;N/A;N/A;N/A;N/A;N/A;N/A;N/A;N/A;N/A;N/A;N/A;N/A;N/A;N/A;N/A;N/A;N/A;N/A;N/A;N/A;N/A;N/A;N/A;N/A;N/A;N/A;N/A;N/A;N/A;N/A;N/A;N/A;N/A;N/A;N/A;;0;279.4;0;0;;Disabled;TempStop;3;740;288.6;147;246.5;0;599.9;549.9;Enabled;PosOk;3;0;0.8;0;0;0;15;Disabled;0;0;0;0;0;0;0;0;0;0;0;0;0;0;0;0;0;0;0;0;0;0;0;0;0;0;0;0;0;0;0;0;0;0;0;0;0;0;0;0;0;0;0;0;0;0;0;0;0;0;0;0;0;0;0;0;0;0;0;0;0;0;0;0;0;0;0;0;0;0;30;29;20;45;30;29;20;45;30;30;20;45;30;29;20;45;200;215;100;300;200;213;100;300;200;208;100;300;200;207;100;300;30;29;20;45;30;29;20;45;30;30;20;45;30;29;20;45;200;230;100;300;200;229;100;300;200;144;100;300;200;145;100;300;4;2;0.4;6;4;5;0.4;6;4;2;0.4;6;4;5;0.4;6;4;3;0.4;6;4;5;0.4;6;4;3;0.4;6;4;5;0.4;6;NOK;NOK;OK;8000;7955;7500;9000;OK;6.81;0;8;12;NOK;N/A;1.85;N/A;N/A;N/A;9;13;7;18;OK;;0;0;0;-;Disabled;TempOk;3;230;35.9;35.9;36.7;0;349.9;441354200 daimler 6900-7200;441354200 daimler 6900-7200;441354200 daimler 6900-7200
20260325_02:48:42;0;1;1;930;919.4;890;970;OK;930;931.4;890;970;OK;932.4;931.9;-20;-17.6;-50;-25;NOK;-20;-17.4;-50;-25;NOK;-17.1;-17.1;0;-20;-17.6;-50;-25;NOK;300;311;300;565;OK;0;0;N/A;N/A;N/A;N/A;N/A;N/A;N/A;N/A;N/A;N/A;N/A;N/A;N/A;N/A;N/A;N/A;N/A;N/A;N/A;N/A;N/A;N/A;N/A;N/A;N/A;N/A;N/A;N/A;N/A;N/A;N/A;N/A;N/A;N/A;N/A;N/A;N/A;N/A;N/A;N/A;N/A;N/A;N/A;N/A;N/A;N/A;N/A;N/A;N/A;N/A;N/A;N/A;N/A;N/A;N/A;N/A;N/A;N/A;N/A;N/A;N/A;N/A;N/A;N/A;N/A;N/A;N/A;N/A;N/A;N/A;N/A;N/A;N/A;N/A;N/A;N/A;N/A;N/A;N/A;N/A;N/A;N/A;N/A;N/A;N/A;N/A;N/A;N/A;N/A;N/A;N/A;N/A;N/A;N/A;N/A;N/A;N/A;N/A;;0;285.1;0;0;;Disabled;TempStop;3;740;295.6;153.8;247.9;0;599.9;549.9;Enabled;PosOk;3;0;0;0;0;0;15;Disabled;0;0;0;0;0;0;0;0;0;0;0;0;0;0;0;0;0;0;0;0;0;0;0;0;0;0;0;0;0;0;0;0;0;0;0;0;0;0;0;0;0;0;0;0;0;0;0;0;0;0;0;0;0;0;0;0;0;0;0;0;0;0;0;0;0;0;0;0;0;0;30;30;20;45;30;30;20;45;30;30;20;45;30;30;20;45;200;215;100;300;200;212;100;300;200;207;100;300;200;207;100;300;30;30;20;45;30;30;20;45;30;30;20;45;30;30;20;45;200;230;100;300;200;229;100;300;200;144;100;300;200;145;100;300;4;3;0.4;6;4;5;0.4;6;4;2;0.4;6;4;5;0.4;6;4;3;0.4;6;4;5;0.4;6;4;3;0.4;6;4;5;0.4;6;NOK;NOK;OK;8000;8077;7500;9000;OK;6.82;0;8;12;NOK;N/A;1.85;N/A;N/A;N/A;9;13;7;18;OK;;0;0;0;-;Disabled;TempOk;3;230;35.7;35.7;36.4;0;349.9;441354200 daimler 6900-7200;441354200 daimler 6900-7200;441354200 daimler 6900-7200
20260325_02:49:18;0;3;1;930;919.4;890;970;OK;930;931.7;890;970;OK;933.5;932.9;-20;-17.7;-50;-25;NOK;-20;-16.7;-50;-25;NOK;-14.2;-15.3;0;-20;-17.8;-50;-25;NOK;300;311;300;565;OK;0;0;N/A;N/A;N/A;N/A;N/A;N/A;N/A;N/A;N/A;N/A;N/A;N/A;N/A;N/A;N/A;N/A;N/A;N/A;N/A;N/A;N/A;N/A;N/A;N/A;N/A;N/A;N/A;N/A;N/A;N/A;N/A;N/A;N/A;N/A;N/A;N/A;N/A;N/A;N/A;N/A;N/A;N/A;N/A;N/A;N/A;N/A;N/A;N/A;N/A;N/A;N/A;N/A;N/A;N/A;N/A;N/A;N/A;N/A;N/A;N/A;N/A;N/A;N/A;N/A;N/A;N/A;N/A;N/A;N/A;N/A;N/A;N/A;N/A;N/A;N/A;N/A;N/A;N/A;N/A;N/A;N/A;N/A;N/A;N/A;N/A;N/A;N/A;N/A;N/A;N/A;N/A;N/A;N/A;N/A;N/A;N/A;N/A;N/A;;0;282.2;0;0;;Disabled;TempStop;3;740;291.9;145.8;250;0;599.9;549.9;Enabled;PosOk;3;0;0.1;0;0;0;15;Disabled;0;0;0;0;0;0;0;0;0;0;0;0;0;0;0;0;0;0;0;0;0;0;0;0;0;0;0;0;0;0;0;0;0;0;0;0;0;0;0;0;0;0;0;0;0;0;0;0;0;0;0;0;0;0;0;0;0;0;0;0;0;0;0;0;0;0;0;0;0;0;30;30;20;45;30;30;20;45;30;30;20;45;30;30;20;45;200;214;100;300;200;213;100;300;200;207;100;300;200;207;100;300;30;30;20;45;30;30;20;45;30;31;20;45;30;30;20;45;200;230;100;300;200;229;100;300;200;144;100;300;200;145;100;300;4;2;0.4;6;4;5;0.4;6;4;2;0.4;6;4;5;0.4;6;4;3;0.4;6;4;5;0.4;6;4;3;0.4;6;4;5;0.4;6;NOK;NOK;OK;8000;7950;7500;9000;OK;6.81;0;8;12;NOK;N/A;1.85;N/A;N/A;N/A;9;12.8;7;18;OK;;0;0;0;-;Disabled;TempOk;3;230;36.2;35.7;36.2;0;349.9;441354200 daimler 6900-7200;441354200 daimler 6900-7200;441354200 daimler 6900-7200
20260325_02:49:54;0;1;2;930;918.7;890;970;OK;930;931.4;890;970;OK;932.6;931.8;-20;-15.1;-50;-25;NOK;-20;-15.7;-50;-25;NOK;-16.4;-16.8;0;-20;-15;-50;-25;NOK;300;311;300;565;OK;0;0;N/A;N/A;N/A;N/A;N/A;N/A;N/A;N/A;N/A;N/A;N/A;N/A;N/A;N/A;N/A;N/A;N/A;N/A;N/A;N/A;N/A;N/A;N/A;N/A;N/A;N/A;N/A;N/A;N/A;N/A;N/A;N/A;N/A;N/A;N/A;N/A;N/A;N/A;N/A;N/A;N/A;N/A;N/A;N/A;N/A;N/A;N/A;N/A;N/A;N/A;N/A;N/A;N/A;N/A;N/A;N/A;N/A;N/A;N/A;N/A;N/A;N/A;N/A;N/A;N/A;N/A;N/A;N/A;N/A;N/A;N/A;N/A;N/A;N/A;N/A;N/A;N/A;N/A;N/A;N/A;N/A;N/A;N/A;N/A;N/A;N/A;N/A;N/A;N/A;N/A;N/A;N/A;N/A;N/A;N/A;N/A;N/A;N/A;;0;282.4;0;0;;Disabled;TempStop;3;740;293.1;150.4;246.8;0;599.9;549.9;Enabled;PosOk;3;0;1.2;0;0;0;15;Disabled;0;0;0;0;0;0;0;0;0;0;0;0;0;0;0;0;0;0;0;0;0;0;0;0;0;0;0;0;0;0;0;0;0;0;0;0;0;0;0;0;0;0;0;0;0;0;0;0;0;0;0;0;0;0;0;0;0;0;0;0;0;0;0;0;0;0;0;0;0;0;30;30;20;45;30;30;20;45;30;30;20;45;30;30;20;45;200;215;100;300;200;212;100;300;200;207;100;300;200;208;100;300;30;30;20;45;30;30;20;45;30;31;20;45;30;30;20;45;200;231;100;300;200;229;100;300;200;144;100;300;200;145;100;300;4;2;0.4;6;4;5;0.4;6;4;2;0.4;6;4;5;0.4;6;4;2;0.4;6;4;5;0.4;6;4;2;0.4;6;4;5;0.4;6;NOK;NOK;OK;8000;8054;7500;9000;OK;6.81;0;8;12;NOK;N/A;1.85;N/A;N/A;N/A;9;12.7;7;18;OK;;0;0;0;-;Disabled;TempOk;3;230;36.4;35.7;36.4;0;349.9;441354200 daimler 6900-7200;441354200 daimler 6900-7200;441354200 daimler 6900-7200
20260325_02:50:30;0;3;2;930;918.5;890;970;OK;930;931.6;890;970;OK;932.7;932.1;-20;-17.7;-50;-25;NOK;-20;-17.8;-50;-25;NOK;-16.2;-17.5;0;-20;-17.5;-50;-25;NOK;300;311;300;565;OK;0;0;N/A;N/A;N/A;N/A;N/A;N/A;N/A;N/A;N/A;N/A;N/A;N/A;N/A;N/A;N/A;N/A;N/A;N/A;N/A;N/A;N/A;N/A;N/A;N/A;N/A;N/A;N/A;N/A;N/A;N/A;N/A;N/A;N/A;N/A;N/A;N/A;N/A;N/A;N/A;N/A;N/A;N/A;N/A;N/A;N/A;N/A;N/A;N/A;N/A;N/A;N/A;N/A;N/A;N/A;N/A;N/A;N/A;N/A;N/A;N/A;N/A;N/A;N/A;N/A;N/A;N/A;N/A;N/A;N/A;N/A;N/A;N/A;N/A;N/A;N/A;N/A;N/A;N/A;N/A;N/A;N/A;N/A;N/A;N/A;N/A;N/A;N/A;N/A;N/A;N/A;N/A;N/A;N/A;N/A;N/A;N/A;N/A;N/A;;0;281.5;0;0;;Disabled;TempStop;3;740;290.1;144;246.7;0;599.9;549.9;Enabled;PosOk;3;0;0;0;0;0;15;Disabled;0;0;0;0;0;0;0;0;0;0;0;0;0;0;0;0;0;0;0;0;0;0;0;0;0;0;0;0;0;0;0;0;0;0;0;0;0;0;0;0;0;0;0;0;0;0;0;0;0;0;0;0;0;0;0;0;0;0;0;0;0;0;0;0;0;0;0;0;0;0;30;30;20;45;30;30;20;45;30;31;20;45;30;30;20;45;200;215;100;300;200;212;100;300;200;208;100;300;200;207;100;300;30;30;20;45;30;30;20;45;30;31;20;45;30;30;20;45;200;231;100;300;200;229;100;300;200;144;100;300;200;145;100;300;4;2;0.4;6;4;5;0.4;6;4;2;0.4;6;4;5;0.4;6;4;3;0.4;6;4;5;0.4;6;4;3;0.4;6;4;5;0.4;6;NOK;NOK;OK;8000;8072;7500;9000;OK;6.81;0;8;12;NOK;N/A;1.85;N/A;N/A;N/A;9;12.8;7;18;OK;;0;0;0;-;Disabled;TempOk;3;230;36.2;36.2;35.9;0;349.9;441354200 daimler 6900-7200;441354200 daimler 6900-7200;441354200 daimler 6900-7200
20260325_02:51:06;0;1;3;930;918.4;890;970;OK;930;931.2;890;970;OK;932.2;931.6;-20;-15;-50;-25;NOK;-20;-15.6;-50;-25;NOK;-18;-17.5;0;-20;-14.9;-50;-25;NOK;300;311;300;565;OK;0;0;N/A;N/A;N/A;N/A;N/A;N/A;N/A;N/A;N/A;N/A;N/A;N/A;N/A;N/A;N/A;N/A;N/A;N/A;N/A;N/A;N/A;N/A;N/A;N/A;N/A;N/A;N/A;N/A;N/A;N/A;N/A;N/A;N/A;N/A;N/A;N/A;N/A;N/A;N/A;N/A;N/A;N/A;N/A;N/A;N/A;N/A;N/A;N/A;N/A;N/A;N/A;N/A;N/A;N/A;N/A;N/A;N/A;N/A;N/A;N/A;N/A;N/A;N/A;N/A;N/A;N/A;N/A;N/A;N/A;N/A;N/A;N/A;N/A;N/A;N/A;N/A;N/A;N/A;N/A;N/A;N/A;N/A;N/A;N/A;N/A;N/A;N/A;N/A;N/A;N/A;N/A;N/A;N/A;N/A;N/A;N/A;N/A;N/A;;0;282.3;0;0;;Disabled;TempStop;3;740;293.1;151.4;250.4;0;599.9;549.9;Enabled;PosOk;3;0;0.8;0;0;0;15;Disabled;0;0;0;0;0;0;0;0;0;0;0;0;0;0;0;0;0;0;0;0;0;0;0;0;0;0;0;0;0;0;0;0;0;0;0;0;0;0;0;0;0;0;0;0;0;0;0;0;0;0;0;0;0;0;0;0;0;0;0;0;0;0;0;0;0;0;0;0;50;37;30;30;20;45;30;30;20;45;30;30;20;45;30;30;20;45;200;215;100;300;200;213;100;300;200;207;100;300;200;208;100;300;30;30;20;45;30;30;20;45;30;31;20;45;30;30;20;45;200;230;100;300;200;230;100;300;200;144;100;300;200;145;100;300;4;2;0.4;6;4;5;0.4;6;4;2;0.4;6;4;5;0.4;6;4;3;0.4;6;4;5;0.4;6;4;3;0.4;6;4;5;0.4;6;NOK;NOK;OK;8000;7935;7500;9000;OK;6.81;0;8;12;NOK;N/A;1.85;N/A;N/A;N/A;9;12.6;7;18;OK;;0;0;0;-;Disabled;TempOk;3;230;35.9;35.9;36.7;0;349.9;441354200 daimler 6900-7200;441354200 daimler 6900-7200;441354200 daimler 6900-7200
20260325_02:51:42;0;3;3;930;918.9;890;970;OK;930;931.3;890;970;OK;932.6;932;-20;-17.1;-50;-25;NOK;-20;-16.7;-50;-25;NOK;-14.7;-15.8;0;-20;-17;-50;-25;NOK;300;311;300;565;OK;0;0;N/A;N/A;N/A;N/A;N/A;N/A;N/A;N/A;N/A;N/A;N/A;N/A;N/A;N/A;N/A;N/A;N/A;N/A;N/A;N/A;N/A;N/A;N/A;N/A;N/A;N/A;N/A;N/A;N/A;N/A;N/A;N/A;N/A;N/A;N/A;N/A;N/A;N/A;N/A;N/A;N/A;N/A;N/A;N/A;N/A;N/A;N/A;N/A;N/A;N/A;N/A;N/A;N/A;N/A;N/A;N/A;N/A;N/A;N/A;N/A;N/A;N/A;N/A;N/A;N/A;N/A;N/A;N/A;N/A;N/A;N/A;N/A;N/A;N/A;N/A;N/A;N/A;N/A;N/A;N/A;N/A;N/A;N/A;N/A;N/A;N/A;N/A;N/A;N/A;N/A;N/A;N/A;N/A;N/A;N/A;N/A;N/A;N/A;;0;280.9;0;0;;Disabled;TempStop;3;740;290.2;144.2;246;0;599.9;549.9;Enabled;PosOk;3;0;1.2;0;0;0;15;Disabled;0;0;0;0;0;0;0;0;0;0;0;0;0;0;0;0;0;0;0;0;0;0;0;0;0;0;0;0;0;0;0;0;0;0;0;0;0;0;0;0;0;0;0;0;0;0;0;0;0;0;0;0;0;0;0;0;0;0;0;0;0;0;0;0;0;0;0;0;0;0;30;30;20;45;30;30;20;45;30;30;20;45;30;30;20;45;200;215;100;300;200;213;100;300;200;207;100;300;200;207;100;300;30;30;20;45;30;30;20;45;30;31;20;45;30;30;20;45;200;230;100;300;200;229;100;300;200;144;100;300;200;145;100;300;4;2;0.4;6;4;5;0.4;6;4;2;0.4;6;4;5;0.4;6;4;3;0.4;6;4;5;0.4;6;4;3;0.4;6;4;5;0.4;6;NOK;NOK;OK;8000;8064;7500;9000;OK;6.81;0;8;12;NOK;N/A;1.85;N/A;N/A;N/A;9;12.6;7;18;OK;;0;0;0;-;Disabled;TempOk;3;230;36.2;36.2;36.2;0;349.9;441354200 daimler 6900-7200;441354200 daimler 6900-7200;441354200 daimler 6900-7200
20260325_02:52:18;0;1;4;930;918.3;890;970;OK;930;931.6;890;970;OK;932.1;931.8;-20;-13.6;-50;-25;NOK;-20;-14.1;-50;-25;NOK;-16.2;-15.8;0;-20;-13.5;-50;-25;NOK;300;311;300;565;OK;0;0;N/A;N/A;N/A;N/A;N/A;N/A;N/A;N/A;N/A;N/A;N/A;N/A;N/A;N/A;N/A;N/A;N/A;N/A;N/A;N/A;N/A;N/A;N/A;N/A;N/A;N/A;N/A;N/A;N/A;N/A;N/A;N/A;N/A;N/A;N/A;N/A;N/A;N/A;N/A;N/A;N/A;N/A;N/A;N/A;N/A;N/A;N/A;N/A;N/A;N/A;N/A;N/A;N/A;N/A;N/A;N/A;N/A;N/A;N/A;N/A;N/A;N/A;N/A;N/A;N/A;N/A;N/A;N/A;N/A;N/A;N/A;N/A;N/A;N/A;N/A;N/A;N/A;N/A;N/A;N/A;N/A;N/A;N/A;N/A;N/A;N/A;N/A;N/A;N/A;N/A;N/A;N/A;N/A;N/A;N/A;N/A;N/A;N/A;;0;283.4;0;0;;Disabled;TempStop;3;740;293.3;146;246.7;0;599.9;549.9;Enabled;PosOk;3;0;0;0;0;0;15;Disabled;0;0;0;0;0;0;0;0;0;0;0;0;0;0;0;0;0;0;0;0;0;0;0;0;0;0;0;0;0;0;0;0;0;0;0;0;0;0;0;0;0;0;0;0;0;0;0;0;0;0;0;0;0;0;0;0;0;0;0;0;0;0;0;0;0;0;0;0;51;49;30;30;20;45;30;30;20;45;30;31;20;45;30;30;20;45;200;215;100;300;200;213;100;300;200;208;100;300;200;207;100;300;30;30;20;45;30;30;20;45;30;31;20;45;30;30;20;45;200;231;100;300;200;229;100;300;200;144;100;300;200;145;100;300;4;3;0.4;6;4;5;0.4;6;4;2;0.4;6;4;5;0.4;6;4;3;0.4;6;4;5;0.4;6;4;3;0.4;6;4;5;0.4;6;NOK;NOK;OK;8000;7959;7500;9000;OK;6.81;0;8;12;NOK;N/A;1.85;N/A;N/A;N/A;9;13.2;7;18;OK;;0;0;0;-;Disabled;TempOk;3;230;36.2;36.2;36.7;0;349.9;441354200 daimler 6900-7200;441354200 daimler 6900-7200;441354200 daimler 6900-7200
20260325_02:52:54;0;3;4;930;918.7;890;970;OK;930;931.2;890;970;OK;932;931.7;-20;-15.9;-50;-25;NOK;-20;-16.9;-50;-25;NOK;-19.1;-19;0;-20;-15.6;-50;-25;NOK;300;311;300;565;OK;0;0;N/A;N/A;N/A;N/A;N/A;N/A;N/A;N/A;N/A;N/A;N/A;N/A;N/A;N/A;N/A;N/A;N/A;N/A;N/A;N/A;N/A;N/A;N/A;N/A;N/A;N/A;N/A;N/A;N/A;N/A;N/A;N/A;N/A;N/A;N/A;N/A;N/A;N/A;N/A;N/A;N/A;N/A;N/A;N/A;N/A;N/A;N/A;N/A;N/A;N/A;N/A;N/A;N/A;N/A;N/A;N/A;N/A;N/A;N/A;N/A;N/A;N/A;N/A;N/A;N/A;N/A;N/A;N/A;N/A;N/A;N/A;N/A;N/A;N/A;N/A;N/A;N/A;N/A;N/A;N/A;N/A;N/A;N/A;N/A;N/A;N/A;N/A;N/A;N/A;N/A;N/A;N/A;N/A;N/A;N/A;N/A;N/A;N/A;;0;281.2;0;0;;Disabled;TempStop;3;740;292.9;147.8;251.8;0;599.9;549.9;Enabled;PosOk;3;0;0.3;0;0;0;15;Disabled;0;0;0;0;0;0;0;0;0;0;0;0;0;0;0;0;0;0;0;0;0;0;0;0;0;0;0;0;0;0;0;0;0;0;0;0;0;0;0;0;0;0;0;0;0;0;0;0;0;0;0;0;0;0;0;0;0;0;0;0;0;0;0;0;0;0;0;0;0;0;30;30;20;45;30;30;20;45;30;31;20;45;30;30;20;45;200;216;100;300;200;213;100;300;200;208;100;300;200;208;100;300;30;30;20;45;30;30;20;45;30;31;20;45;30;30;20;45;200;231;100;300;200;229;100;300;200;145;100;300;200;145;100;300;4;2;0.4;6;4;5;0.4;6;4;2;0.4;6;4;5;0.4;6;4;3;0.4;6;4;5;0.4;6;4;2;0.4;6;4;5;0.4;6;NOK;NOK;OK;8000;8070;7500;9000;OK;6.85;0;8;12;NOK;N/A;1.85;N/A;N/A;N/A;9;13.3;7;18;OK;;0;0;0;-;Disabled;TempOk;3;230;35.4;35.9;35.7;0;349.9;441354200 daimler 6900-7200;441354200 daimler 6900-7200;441354200 daimler 6900-7200
20260325_02:53:30;0;3;5;930;920.5;890;970;OK;930;930.8;890;970;OK;931.9;931.4;-20;-20;-50;-25;NOK;-20;-19.9;-50;-25;NOK;-19.7;-20.4;0;-20;-19.8;-50;-25;NOK;300;311;300;565;OK;0;0;N/A;N/A;N/A;N/A;N/A;N/A;N/A;N/A;N/A;N/A;N/A;N/A;N/A;N/A;N/A;N/A;N/A;N/A;N/A;N/A;N/A;N/A;N/A;N/A;N/A;N/A;N/A;N/A;N/A;N/A;N/A;N/A;N/A;N/A;N/A;N/A;N/A;N/A;N/A;N/A;N/A;N/A;N/A;N/A;N/A;N/A;N/A;N/A;N/A;N/A;N/A;N/A;N/A;N/A;N/A;N/A;N/A;N/A;N/A;N/A;N/A;N/A;N/A;N/A;N/A;N/A;N/A;N/A;N/A;N/A;N/A;N/A;N/A;N/A;N/A;N/A;N/A;N/A;N/A;N/A;N/A;N/A;N/A;N/A;N/A;N/A;N/A;N/A;N/A;N/A;N/A;N/A;N/A;N/A;N/A;N/A;N/A;N/A;;0;280.8;0;0;;Disabled;TempStop;3;740;289.8;143.7;247.7;0;599.9;549.9;Enabled;PosOk;3;0;0.8;0;0;0;15;Disabled;0;0;0;0;0;0;0;0;0;0;0;0;0;0;0;0;0;0;0;0;0;0;0;0;0;0;0;0;0;0;0;0;0;0;0;0;0;0;0;0;0;0;0;0;0;0;0;0;0;0;0;0;0;0;0;0;0;0;0;0;0;0;0;0;0;0;0;0;0;0;30;30;20;45;30;30;20;45;30;31;20;45;30;30;20;45;200;216;100;300;200;213;100;300;200;208;100;300;200;208;100;300;30;30;20;45;30;30;20;45;30;31;20;45;30;30;20;45;200;231;100;300;200;230;100;300;200;145;100;300;200;145;100;300;4;2;0.4;6;4;5;0.4;6;4;2;0.4;6;4;5;0.4;6;4;3;0.4;6;4;5;0.4;6;4;3;0.4;6;4;5;0.4;6;NOK;NOK;OK;8000;7933;7500;9000;OK;6.81;0;8;12;NOK;N/A;1.85;N/A;N/A;N/A;9;13.4;7;18;OK;;0;0;0;-;Disabled;TempOk;3;230;35.9;36.2;35.7;0;349.9;441354200 daimler 6900-7200;441354200 daimler 6900-7200;441354200 daimler 6900-7200
20260325_02:54:06;0;1;1;930;919.2;890;970;OK;930;931.6;890;970;OK;932.2;931.9;-20;-17.6;-50;-25;NOK;-20;-17.2;-50;-25;NOK;-16.9;-16.8;0;-20;-17.6;-50;-25;NOK;300;311;300;565;OK;0;0;N/A;N/A;N/A;N/A;N/A;N/A;N/A;N/A;N/A;N/A;N/A;N/A;N/A;N/A;N/A;N/A;N/A;N/A;N/A;N/A;N/A;N/A;N/A;N/A;N/A;N/A;N/A;N/A;N/A;N/A;N/A;N/A;N/A;N/A;N/A;N/A;N/A;N/A;N/A;N/A;N/A;N/A;N/A;N/A;N/A;N/A;N/A;N/A;N/A;N/A;N/A;N/A;N/A;N/A;N/A;N/A;N/A;N/A;N/A;N/A;N/A;N/A;N/A;N/A;N/A;N/A;N/A;N/A;N/A;N/A;N/A;N/A;N/A;N/A;N/A;N/A;N/A;N/A;N/A;N/A;N/A;N/A;N/A;N/A;N/A;N/A;N/A;N/A;N/A;N/A;N/A;N/A;N/A;N/A;N/A;N/A;N/A;N/A;;0;285.7;0;0;;Disabled;TempStop;3;740;295.2;151.6;249.3;0;599.9;549.9;Enabled;PosOk;3;0;0;0;0;0;15;Disabled;0;0;0;0;0;0;0;0;0;0;0;0;0;0;0;0;0;0;0;0;0;0;0;0;0;0;0;0;0;0;0;0;0;0;0;0;0;0;0;0;0;0;0;0;0;0;0;0;0;0;0;0;0;0;0;0;0;0;0;0;0;0;0;0;0;0;0;0;0;0;30;30;20;45;30;30;20;45;30;31;20;45;30;30;20;45;200;215;100;300;200;213;100;300;200;209;100;300;200;208;100;300;30;30;20;45;30;30;20;45;30;31;20;45;30;30;20;45;200;231;100;300;200;230;100;300;200;144;100;300;200;145;100;300;4;3;0.4;6;4;5;0.4;6;4;2;0.4;6;4;5;0.4;6;4;3;0.4;6;4;5;0.4;6;4;2;0.4;6;4;5;0.4;6;NOK;NOK;OK;8000;8075;7500;9000;OK;6.81;0;8;12;NOK;N/A;1.85;N/A;N/A;N/A;9;13.4;7;18;OK;;0;0;0;-;Disabled;TempOk;3;230;35.7;35.4;35.9;0;349.9;441354200 daimler 6900-7200;441354200 daimler 6900-7200;441354200 daimler 6900-7200
20260325_02:54:42;0;3;1;930;919.5;890;970;OK;930;931.6;890;970;OK;933.6;932.8;-20;-17;-50;-25;NOK;-20;-16.6;-50;-25;NOK;-14.3;-15.4;0;-20;-17.1;-50;-25;NOK;300;311;300;565;OK;0;0;N/A;N/A;N/A;N/A;N/A;N/A;N/A;N/A;N/A;N/A;N/A;N/A;N/A;N/A;N/A;N/A;N/A;N/A;N/A;N/A;N/A;N/A;N/A;N/A;N/A;N/A;N/A;N/A;N/A;N/A;N/A;N/A;N/A;N/A;N/A;N/A;N/A;N/A;N/A;N/A;N/A;N/A;N/A;N/A;N/A;N/A;N/A;N/A;N/A;N/A;N/A;N/A;N/A;N/A;N/A;N/A;N/A;N/A;N/A;N/A;N/A;N/A;N/A;N/A;N/A;N/A;N/A;N/A;N/A;N/A;N/A;N/A;N/A;N/A;N/A;N/A;N/A;N/A;N/A;N/A;N/A;N/A;N/A;N/A;N/A;N/A;N/A;N/A;N/A;N/A;N/A;N/A;N/A;N/A;N/A;N/A;N/A;N/A;;0;281.5;0;0;;Disabled;TempStop;3;740;290.9;150.9;249.6;0;599.9;549.9;Enabled;PosOk;3;0;1;0;0;0;15;Disabled;0;0;0;0;0;0;0;0;0;0;0;0;0;0;0;0;0;0;0;0;0;0;0;0;0;0;0;0;0;0;0;0;0;0;0;0;0;0;0;0;0;0;0;0;0;0;0;0;0;0;0;0;0;0;0;0;0;0;0;0;0;0;0;0;0;0;0;0;0;0;30;30;20;45;30;30;20;45;30;30;20;45;30;30;20;45;200;215;100;300;200;213;100;300;200;207;100;300;200;207;100;300;30;30;20;45;30;30;20;45;30;31;20;45;30;30;20;45;200;230;100;300;200;229;100;300;200;144;100;300;200;145;100;300;4;2;0.4;6;4;5;0.4;6;4;2;0.4;6;4;5;0.4;6;4;3;0.4;6;4;5;0.4;6;4;2;0.4;6;4;5;0.4;6;NOK;NOK;OK;8000;7947;7500;9000;OK;6.81;0;8;12;NOK;N/A;1.85;N/A;N/A;N/A;9;13.5;7;18;OK;;0;0;0;-;Disabled;TempOk;3;230;35.4;35.2;35.7;0;349.9;441354200 daimler 6900-7200;441354200 daimler 6900-7200;441354200 daimler 6900-7200
20260325_02:55:18;0;1;2;930;919.9;890;970;OK;930;931.4;890;970;OK;932.6;931.8;-20;-15.1;-50;-25;NOK;-20;-15.6;-50;-25;NOK;-16.2;-16.6;0;-20;-15;-50;-25;NOK;300;311;300;565;OK;0;0;N/A;N/A;N/A;N/A;N/A;N/A;N/A;N/A;N/A;N/A;N/A;N/A;N/A;N/A;N/A;N/A;N/A;N/A;N/A;N/A;N/A;N/A;N/A;N/A;N/A;N/A;N/A;N/A;N/A;N/A;N/A;N/A;N/A;N/A;N/A;N/A;N/A;N/A;N/A;N/A;N/A;N/A;N/A;N/A;N/A;N/A;N/A;N/A;N/A;N/A;N/A;N/A;N/A;N/A;N/A;N/A;N/A;N/A;N/A;N/A;N/A;N/A;N/A;N/A;N/A;N/A;N/A;N/A;N/A;N/A;N/A;N/A;N/A;N/A;N/A;N/A;N/A;N/A;N/A;N/A;N/A;N/A;N/A;N/A;N/A;N/A;N/A;N/A;N/A;N/A;N/A;N/A;N/A;N/A;N/A;N/A;N/A;N/A;;0;282.3;0;0;;Disabled;TempStop;3;740;292;149;249.9;0;599.9;549.9;Enabled;PosOk;3;0;1;0;0;0;15;Disabled;0;0;0;0;0;0;0;0;0;0;0;0;0;0;0;0;0;0;0;0;0;0;0;0;0;0;0;0;0;0;0;0;0;0;0;0;0;0;0;0;0;0;0;0;0;0;0;0;0;0;0;0;0;0;0;0;0;0;0;0;0;0;0;0;0;0;0;0;0;0;30;30;20;45;30;29;20;45;30;30;20;45;30;29;20;45;200;215;100;300;200;213;100;300;200;207;100;300;200;207;100;300;30;30;20;45;30;29;20;45;30;30;20;45;30;30;20;45;200;231;100;300;200;229;100;300;200;144;100;300;200;146;100;300;4;3;0.4;6;4;5;0.4;6;4;2;0.4;6;4;5;0.4;6;4;3;0.4;6;4;5;0.4;6;4;3;0.4;6;4;5;0.4;6;NOK;NOK;OK;8000;8074;7500;9000;OK;6.82;0;8;12;NOK;N/A;1.85;N/A;N/A;N/A;9;13.5;7;18;OK;;0;0;0;-;Disabled;TempOk;3;230;35.4;35.2;35.7;0;349.9;441354200 daimler 6900-7200;441354200 daimler 6900-7200;441354200 daimler 6900-7200
20260325_02:55:53;0;3;2;930;919.3;890;970;OK;930;931.4;890;970;OK;932.7;932.1;-20;-17.2;-50;-25;NOK;-20;-17.5;-50;-25;NOK;-16.2;-17.2;0;-20;-17.1;-50;-25;NOK;300;311;300;565;OK;0;0;N/A;N/A;N/A;N/A;N/A;N/A;N/A;N/A;N/A;N/A;N/A;N/A;N/A;N/A;N/A;N/A;N/A;N/A;N/A;N/A;N/A;N/A;N/A;N/A;N/A;N/A;N/A;N/A;N/A;N/A;N/A;N/A;N/A;N/A;N/A;N/A;N/A;N/A;N/A;N/A;N/A;N/A;N/A;N/A;N/A;N/A;N/A;N/A;N/A;N/A;N/A;N/A;N/A;N/A;N/A;N/A;N/A;N/A;N/A;N/A;N/A;N/A;N/A;N/A;N/A;N/A;N/A;N/A;N/A;N/A;N/A;N/A;N/A;N/A;N/A;N/A;N/A;N/A;N/A;N/A;N/A;N/A;N/A;N/A;N/A;N/A;N/A;N/A;N/A;N/A;N/A;N/A;N/A;N/A;N/A;N/A;N/A;N/A;;0;282.2;0;0;;Disabled;TempStop;3;740;291.3;144.8;247.1;0;599.9;549.9;Enabled;PosOk;3;0;0;0;0;0;15;Disabled;0;0;0;0;0;0;0;0;0;0;0;0;0;0;0;0;0;0;0;0;0;0;0;0;0;0;0;0;0;0;0;0;0;0;0;0;0;0;0;0;0;0;0;0;0;0;0;0;0;0;0;0;0;0;0;0;0;0;0;0;0;0;0;0;0;0;0;0;0;0;30;29;20;45;30;30;20;45;30;30;20;45;30;30;20;45;200;215;100;300;200;213;100;300;200;207;100;300;200;208;100;300;30;30;20;45;30;30;20;45;30;30;20;45;30;30;20;45;200;230;100;300;200;229;100;300;200;144;100;300;200;144;100;300;4;2;0.4;6;4;5;0.4;6;4;2;0.4;6;4;5;0.4;6;4;3;0.4;6;4;5;0.4;6;4;3;0.4;6;4;5;0.4;6;NOK;NOK;OK;8000;7947;7500;9000;OK;6.81;0;8;12;NOK;N/A;1.85;N/A;N/A;N/A;9;13.1;7;18;OK;;0;0;0;-;Disabled;TempOk;3;230;35.2;34.9;36.2;0;349.9;441354200 daimler 6900-7200;441354200 daimler 6900-7200;441354200 daimler 6900-7200
20260325_02:56:29;0;1;3;930;919;890;970;OK;930;931.2;890;970;OK;932.1;931.7;-20;-15;-50;-25;NOK;-20;-15.5;-50;-25;NOK;-17.7;-17.5;0;-20;-14.9;-50;-25;NOK;300;311;300;565;OK;0;0;N/A;N/A;N/A;N/A;N/A;N/A;N/A;N/A;N/A;N/A;N/A;N/A;N/A;N/A;N/A;N/A;N/A;N/A;N/A;N/A;N/A;N/A;N/A;N/A;N/A;N/A;N/A;N/A;N/A;N/A;N/A;N/A;N/A;N/A;N/A;N/A;N/A;N/A;N/A;N/A;N/A;N/A;N/A;N/A;N/A;N/A;N/A;N/A;N/A;N/A;N/A;N/A;N/A;N/A;N/A;N/A;N/A;N/A;N/A;N/A;N/A;N/A;N/A;N/A;N/A;N/A;N/A;N/A;N/A;N/A;N/A;N/A;N/A;N/A;N/A;N/A;N/A;N/A;N/A;N/A;N/A;N/A;N/A;N/A;N/A;N/A;N/A;N/A;N/A;N/A;N/A;N/A;N/A;N/A;N/A;N/A;N/A;N/A;;0;283.4;0;0;;Disabled;TempStop;3;740;294.2;149;251.4;0;599.9;549.9;Enabled;PosOk;3;0;1;0;0;0;15;Disabled;0;0;0;0;0;0;0;0;0;0;0;0;0;0;0;0;0;0;0;0;0;0;0;0;0;0;0;0;0;0;0;0;0;0;0;0;0;0;0;0;0;0;0;0;0;0;0;0;0;0;0;0;0;0;0;0;0;0;0;0;0;0;0;0;0;0;0;0;56;0;30;30;20;45;30;30;20;45;30;30;20;45;30;30;20;45;200;215;100;300;200;212;100;300;200;208;100;300;200;208;100;300;30;30;20;45;30;30;20;45;30;31;20;45;30;30;20;45;200;230;100;300;200;230;100;300;200;144;100;300;200;145;100;300;4;2;0.4;6;4;5;0.4;6;4;3;0.4;6;4;5;0.4;6;4;2;0.4;6;4;5;0.4;6;4;3;0.4;6;4;5;0.4;6;NOK;NOK;OK;8000;8057;7500;9000;OK;6.81;0;8;12;NOK;N/A;1.85;N/A;N/A;N/A;9;13;7;18;OK;;0;0;0;-;Disabled;TempOk;3;230;35.4;35.4;35.7;0;349.9;441354200 daimler 6900-7200;441354200 daimler 6900-7200;441354200 daimler 6900-7200
20260325_02:57:05;0;3;3;930;919.2;890;970;OK;930;931.4;890;970;OK;932.6;931.8;-20;-16.7;-50;-25;NOK;-20;-16.6;-50;-25;NOK;-14.6;-15.6;0;-20;-16.6;-50;-25;NOK;300;311;300;565;OK;0;0;N/A;N/A;N/A;N/A;N/A;N/A;N/A;N/A;N/A;N/A;N/A;N/A;N/A;N/A;N/A;N/A;N/A;N/A;N/A;N/A;N/A;N/A;N/A;N/A;N/A;N/A;N/A;N/A;N/A;N/A;N/A;N/A;N/A;N/A;N/A;N/A;N/A;N/A;N/A;N/A;N/A;N/A;N/A;N/A;N/A;N/A;N/A;N/A;N/A;N/A;N/A;N/A;N/A;N/A;N/A;N/A;N/A;N/A;N/A;N/A;N/A;N/A;N/A;N/A;N/A;N/A;N/A;N/A;N/A;N/A;N/A;N/A;N/A;N/A;N/A;N/A;N/A;N/A;N/A;N/A;N/A;N/A;N/A;N/A;N/A;N/A;N/A;N/A;N/A;N/A;N/A;N/A;N/A;N/A;N/A;N/A;N/A;N/A;;0;282.8;0;0;;Disabled;TempStop;3;740;291.2;150;243.8;0;599.9;549.9;Enabled;PosOk;3;0;0.8;0;0;0;15;Disabled;0;0;0;0;0;0;0;0;0;0;0;0;0;0;0;0;0;0;0;0;0;0;0;0;0;0;0;0;0;0;0;0;0;0;0;0;0;0;0;0;0;0;0;0;0;0;0;0;0;0;0;0;0;0;0;0;0;0;0;0;0;0;0;0;0;0;0;0;0;0;30;30;20;45;30;30;20;45;30;30;20;45;30;30;20;45;200;215;100;300;200;212;100;300;200;207;100;300;200;207;100;300;30;30;20;45;30;30;20;45;30;31;20;45;30;30;20;45;200;231;100;300;200;229;100;300;200;144;100;300;200;145;100;300;4;2;0.4;6;4;5;0.4;6;4;2;0.4;6;4;5;0.4;6;4;3;0.4;6;4;5;0.4;6;4;2;0.4;6;4;5;0.4;6;NOK;NOK;OK;8000;7929;7500;9000;OK;6.81;0;8;12;NOK;N/A;1.85;N/A;N/A;N/A;9;13.1;7;18;OK;;0;0;0;-;Disabled;TempOk;3;230;35.2;35.4;35.9;0;349.9;441354200 daimler 6900-7200;441354200 daimler 6900-7200;441354200 daimler 6900-7200
20260325_02:57:41;0;1;4;930;919;890;970;OK;930;931.5;890;970;OK;932.4;931.8;-20;-13.5;-50;-25;NOK;-20;-13.7;-50;-25;NOK;-16.1;-15.6;0;-20;-13.4;-50;-25;NOK;300;311;300;565;OK;0;0;N/A;N/A;N/A;N/A;N/A;N/A;N/A;N/A;N/A;N/A;N/A;N/A;N/A;N/A;N/A;N/A;N/A;N/A;N/A;N/A;N/A;N/A;N/A;N/A;N/A;N/A;N/A;N/A;N/A;N/A;N/A;N/A;N/A;N/A;N/A;N/A;N/A;N/A;N/A;N/A;N/A;N/A;N/A;N/A;N/A;N/A;N/A;N/A;N/A;N/A;N/A;N/A;N/A;N/A;N/A;N/A;N/A;N/A;N/A;N/A;N/A;N/A;N/A;N/A;N/A;N/A;N/A;N/A;N/A;N/A;N/A;N/A;N/A;N/A;N/A;N/A;N/A;N/A;N/A;N/A;N/A;N/A;N/A;N/A;N/A;N/A;N/A;N/A;N/A;N/A;N/A;N/A;N/A;N/A;N/A;N/A;N/A;N/A;;0;284.1;0;0;;Disabled;TempStop;3;740;292.6;147.8;250.1;0;599.9;549.9;Enabled;PosOk;3;0;0;0;0;0;15;Disabled;0;0;0;0;0;0;0;0;0;0;0;0;0;0;0;0;0;0;0;0;0;0;0;0;0;0;0;0;0;0;0;0;0;0;0;0;0;0;0;0;0;0;0;0;0;0;0;0;0;0;0;0;0;0;0;0;0;0;0;0;0;0;0;0;0;0;0;0;57;12;30;30;20;45;30;30;20;45;30;30;20;45;30;30;20;45;200;215;100;300;200;212;100;300;200;207;100;300;200;207;100;300;30;30;20;45;30;30;20;45;30;31;20;45;30;30;20;45;200;230;100;300;200;229;100;300;200;144;100;300;200;145;100;300;4;2;0.4;6;4;5;0.4;6;4;2;0.4;6;4;5;0.4;6;4;3;0.4;6;4;5;0.4;6;4;2;0.4;6;4;5;0.4;6;NOK;NOK;OK;8000;8076;7500;9000;OK;6.81;0;8;12;NOK;N/A;1.85;N/A;N/A;N/A;9;13.1;7;18;OK;;0;0;0;-;Disabled;TempOk;3;230;35.7;35.2;36.7;0;349.9;441354200 daimler 6900-7200;441354200 daimler 6900-7200;441354200 daimler 6900-7200
20260325_02:58:17;0;3;4;930;919.1;890;970;OK;930;931.3;890;970;OK;932.2;931.7;-20;-15.8;-50;-25;NOK;-20;-16.3;-50;-25;NOK;-18.9;-18.7;0;-20;-15.6;-50;-25;NOK;300;311;300;565;OK;0;0;N/A;N/A;N/A;N/A;N/A;N/A;N/A;N/A;N/A;N/A;N/A;N/A;N/A;N/A;N/A;N/A;N/A;N/A;N/A;N/A;N/A;N/A;N/A;N/A;N/A;N/A;N/A;N/A;N/A;N/A;N/A;N/A;N/A;N/A;N/A;N/A;N/A;N/A;N/A;N/A;N/A;N/A;N/A;N/A;N/A;N/A;N/A;N/A;N/A;N/A;N/A;N/A;N/A;N/A;N/A;N/A;N/A;N/A;N/A;N/A;N/A;N/A;N/A;N/A;N/A;N/A;N/A;N/A;N/A;N/A;N/A;N/A;N/A;N/A;N/A;N/A;N/A;N/A;N/A;N/A;N/A;N/A;N/A;N/A;N/A;N/A;N/A;N/A;N/A;N/A;N/A;N/A;N/A;N/A;N/A;N/A;N/A;N/A;;0;281.8;0;0;;Disabled;TempStop;3;740;292.5;148.3;249.5;0;599.9;549.9;Enabled;PosOk;3;0;0.7;0;0;0;15;Disabled;0;0;0;0;0;0;0;0;0;0;0;0;0;0;0;0;0;0;0;0;0;0;0;0;0;0;0;0;0;0;0;0;0;0;0;0;0;0;0;0;0;0;0;0;0;0;0;0;0;0;0;0;0;0;0;0;0;0;0;0;0;0;0;0;0;0;0;0;0;0;30;30;20;45;30;30;20;45;30;30;20;45;30;30;20;45;200;215;100;300;200;212;100;300;200;207;100;300;200;207;100;300;30;30;20;45;30;30;20;45;30;31;20;45;30;30;20;45;200;230;100;300;200;229;100;300;200;144;100;300;200;145;100;300;4;3;0.4;6;4;5;0.4;6;4;2;0.4;6;4;5;0.4;6;4;3;0.4;6;4;5;0.4;6;4;3;0.4;6;4;5;0.4;6;NOK;NOK;OK;8000;7901;7500;9000;OK;6.81;0;8;12;NOK;N/A;1.85;N/A;N/A;N/A;9;13;7;18;OK;;0;0;0;-;Disabled;TempOk;3;230;35.2;35.4;35.2;0;349.9;441354200 daimler 6900-7200;441354200 daimler 6900-7200;441354200 daimler 6900-7200
20260325_02:58:53;0;3;5;930;920.6;890;970;OK;930;930.8;890;970;OK;931.9;931.4;-20;-19.6;-50;-25;NOK;-20;-19.4;-50;-25;NOK;-19.3;-19.9;0;-20;-19.5;-50;-25;NOK;300;311;300;565;OK;0;0;N/A;N/A;N/A;N/A;N/A;N/A;N/A;N/A;N/A;N/A;N/A;N/A;N/A;N/A;N/A;N/A;N/A;N/A;N/A;N/A;N/A;N/A;N/A;N/A;N/A;N/A;N/A;N/A;N/A;N/A;N/A;N/A;N/A;N/A;N/A;N/A;N/A;N/A;N/A;N/A;N/A;N/A;N/A;N/A;N/A;N/A;N/A;N/A;N/A;N/A;N/A;N/A;N/A;N/A;N/A;N/A;N/A;N/A;N/A;N/A;N/A;N/A;N/A;N/A;N/A;N/A;N/A;N/A;N/A;N/A;N/A;N/A;N/A;N/A;N/A;N/A;N/A;N/A;N/A;N/A;N/A;N/A;N/A;N/A;N/A;N/A;N/A;N/A;N/A;N/A;N/A;N/A;N/A;N/A;N/A;N/A;N/A;N/A;;0;280.5;0;0;;Disabled;TempStop;3;740;289.7;143.3;245.4;0;599.9;549.9;Enabled;PosOk;3;0;0.7;0;0;0;15;Disabled;0;0;0;0;0;0;0;0;0;0;0;0;0;0;0;0;0;0;0;0;0;0;0;0;0;0;0;0;0;0;0;0;0;0;0;0;0;0;0;0;0;0;0;0;0;0;0;0;0;0;0;0;0;0;0;0;0;0;0;0;0;0;0;0;0;0;0;0;0;0;30;30;20;45;30;30;20;45;30;30;20;45;30;30;20;45;200;215;100;300;200;212;100;300;200;207;100;300;200;207;100;300;30;30;20;45;30;30;20;45;30;31;20;45;30;30;20;45;200;231;100;300;200;229;100;300;200;144;100;300;200;145;100;300;4;2;0.4;6;4;5;0.4;6;4;2;0.4;6;4;5;0.4;6;4;3;0.4;6;4;5;0.4;6;4;2;0.4;6;4;5;0.4;6;NOK;NOK;OK;8000;8074;7500;9000;OK;6.81;0;8;12;NOK;N/A;1.85;N/A;N/A;N/A;9;13;7;18;OK;;0;0;0;-;Disabled;TempOk;3;230;35.4;35.2;34.7;0;349.9;441354200 daimler 6900-7200;441354200 daimler 6900-7200;441354200 daimler 6900-7200
20260325_02:59:29;0;1;1;930;919.5;890;970;OK;930;931.6;890;970;OK;932.6;931.9;-20;-17.4;-50;-25;NOK;-20;-17.2;-50;-25;NOK;-17;-17;0;-20;-17.4;-50;-25;NOK;300;311;300;565;OK;0;0;N/A;N/A;N/A;N/A;N/A;N/A;N/A;N/A;N/A;N/A;N/A;N/A;N/A;N/A;N/A;N/A;N/A;N/A;N/A;N/A;N/A;N/A;N/A;N/A;N/A;N/A;N/A;N/A;N/A;N/A;N/A;N/A;N/A;N/A;N/A;N/A;N/A;N/A;N/A;N/A;N/A;N/A;N/A;N/A;N/A;N/A;N/A;N/A;N/A;N/A;N/A;N/A;N/A;N/A;N/A;N/A;N/A;N/A;N/A;N/A;N/A;N/A;N/A;N/A;N/A;N/A;N/A;N/A;N/A;N/A;N/A;N/A;N/A;N/A;N/A;N/A;N/A;N/A;N/A;N/A;N/A;N/A;N/A;N/A;N/A;N/A;N/A;N/A;N/A;N/A;N/A;N/A;N/A;N/A;N/A;N/A;N/A;N/A;;0;285.9;0;0;;Disabled;TempStop;3;740;296.1;153.6;250;0;599.9;549.9;Enabled;PosOk;3;0;0;0;0;0;15;Disabled;0;0;0;0;0;0;0;0;0;0;0;0;0;0;0;0;0;0;0;0;0;0;0;0;0;0;0;0;0;0;0;0;0;0;0;0;0;0;0;0;0;0;0;0;0;0;0;0;0;0;0;0;0;0;0;0;0;0;0;0;0;0;0;0;0;0;0;0;0;0;30;30;20;45;30;30;20;45;30;31;20;45;30;30;20;45;200;215;100;300;200;213;100;300;200;208;100;300;200;208;100;300;30;30;20;45;30;30;20;45;30;31;20;45;30;30;20;45;200;231;100;300;200;229;100;300;200;145;100;300;200;145;100;300;4;2;0.4;6;4;5;0.4;6;4;2;0.4;6;4;5;0.4;6;4;3;0.4;6;4;5;0.4;6;4;3;0.4;6;4;5;0.4;6;NOK;NOK;OK;8000;7933;7500;9000;OK;6.81;0;8;12;NOK;N/A;1.85;N/A;N/A;N/A;9;12.9;7;18;OK;;0;0;0;-;Disabled;TempOk;3;230;35.7;35.4;35.4;0;349.9;441354200 daimler 6900-7200;441354200 daimler 6900-7200;441354200 daimler 6900-7200
20260325_03:00:05;0;3;1;930;919.4;890;970;OK;930;931.5;890;970;OK;933.4;932.7;-20;-16.9;-50;-25;NOK;-20;-16.2;-50;-25;NOK;-13.8;-14.9;0;-20;-17;-50;-25;NOK;300;311;300;565;OK;0;0;N/A;N/A;N/A;N/A;N/A;N/A;N/A;N/A;N/A;N/A;N/A;N/A;N/A;N/A;N/A;N/A;N/A;N/A;N/A;N/A;N/A;N/A;N/A;N/A;N/A;N/A;N/A;N/A;N/A;N/A;N/A;N/A;N/A;N/A;N/A;N/A;N/A;N/A;N/A;N/A;N/A;N/A;N/A;N/A;N/A;N/A;N/A;N/A;N/A;N/A;N/A;N/A;N/A;N/A;N/A;N/A;N/A;N/A;N/A;N/A;N/A;N/A;N/A;N/A;N/A;N/A;N/A;N/A;N/A;N/A;N/A;N/A;N/A;N/A;N/A;N/A;N/A;N/A;N/A;N/A;N/A;N/A;N/A;N/A;N/A;N/A;N/A;N/A;N/A;N/A;N/A;N/A;N/A;N/A;N/A;N/A;N/A;N/A;;0;282.4;0;0;;Disabled;TempStop;3;740;291.4;143.8;247.7;0;599.9;549.9;Enabled;PosOk;3;0;0.1;0;0;0;15;Disabled;0;0;0;0;0;0;0;0;0;0;0;0;0;0;0;0;0;0;0;0;0;0;0;0;0;0;0;0;0;0;0;0;0;0;0;0;0;0;0;0;0;0;0;0;0;0;0;0;0;0;0;0;0;0;0;0;0;0;0;0;0;0;0;0;0;0;0;0;0;0;30;30;20;45;30;30;20;45;30;31;20;45;30;30;20;45;200;215;100;300;200;213;100;300;200;208;100;300;200;208;100;300;30;30;20;45;30;30;20;45;30;31;20;45;30;30;20;45;200;231;100;300;200;229;100;300;200;144;100;300;200;144;100;300;4;2;0.4;6;4;5;0.4;6;4;2;0.4;6;4;5;0.4;6;4;3;0.4;6;4;5;0.4;6;4;3;0.4;6;4;5;0.4;6;NOK;NOK;OK;8000;8064;7500;9000;OK;6.81;0;8;12;NOK;N/A;1.85;N/A;N/A;N/A;9;12.8;7;18;OK;;0;0;0;-;Disabled;TempOk;3;230;35.4;35.2;35.9;0;349.9;441354200 daimler 6900-7200;441354200 daimler 6900-7200;441354200 daimler 6900-7200
20260325_03:00:41;0;1;2;930;920.1;890;970;OK;930;931.4;890;970;OK;932.5;931.8;-20;-15;-50;-25;NOK;-20;-15.5;-50;-25;NOK;-16.1;-16.4;0;-20;-14.9;-50;-25;NOK;300;311;300;565;OK;0;0;N/A;N/A;N/A;N/A;N/A;N/A;N/A;N/A;N/A;N/A;N/A;N/A;N/A;N/A;N/A;N/A;N/A;N/A;N/A;N/A;N/A;N/A;N/A;N/A;N/A;N/A;N/A;N/A;N/A;N/A;N/A;N/A;N/A;N/A;N/A;N/A;N/A;N/A;N/A;N/A;N/A;N/A;N/A;N/A;N/A;N/A;N/A;N/A;N/A;N/A;N/A;N/A;N/A;N/A;N/A;N/A;N/A;N/A;N/A;N/A;N/A;N/A;N/A;N/A;N/A;N/A;N/A;N/A;N/A;N/A;N/A;N/A;N/A;N/A;N/A;N/A;N/A;N/A;N/A;N/A;N/A;N/A;N/A;N/A;N/A;N/A;N/A;N/A;N/A;N/A;N/A;N/A;N/A;N/A;N/A;N/A;N/A;N/A;;0;282.5;0;0;;Disabled;TempStop;3;740;292.6;146.9;249.4;0;599.9;549.9;Enabled;PosOk;3;0;0.8;0;0;0;15;Disabled;0;0;0;0;0;0;0;0;0;0;0;0;0;0;0;0;0;0;0;0;0;0;0;0;0;0;0;0;0;0;0;0;0;0;0;0;0;0;0;0;0;0;0;0;0;0;0;0;0;0;0;0;0;0;0;0;0;0;0;0;0;0;0;0;0;0;0;0;0;0;30;30;20;45;30;29;20;45;30;31;20;45;30;29;20;45;200;215;100;300;200;213;100;300;200;208;100;300;200;207;100;300;30;30;20;45;30;29;20;45;30;31;20;45;30;29;20;45;200;231;100;300;200;229;100;300;200;144;100;300;200;145;100;300;4;2;0.4;6;4;5;0.4;6;4;2;0.4;6;4;5;0.4;6;4;3;0.4;6;4;5;0.4;6;4;3;0.4;6;4;5;0.4;6;NOK;NOK;OK;8000;7951;7500;9000;OK;6.81;0;8;12;NOK;N/A;1.86;N/A;N/A;N/A;9;12.8;7;18;OK;;0;0;0;-;Disabled;TempOk;3;230;35.4;35.2;35.2;0;349.9;441354200 daimler 6900-7200;441354200 daimler 6900-7200;441354200 daimler 6900-7200
20260325_03:01:17;0;3;2;930;919.3;890;970;OK;930;931.5;890;970;OK;932.7;932.1;-20;-17;-50;-25;NOK;-20;-17.2;-50;-25;NOK;-15.7;-16.9;0;-20;-16.8;-50;-25;NOK;300;311;300;565;OK;0;0;N/A;N/A;N/A;N/A;N/A;N/A;N/A;N/A;N/A;N/A;N/A;N/A;N/A;N/A;N/A;N/A;N/A;N/A;N/A;N/A;N/A;N/A;N/A;N/A;N/A;N/A;N/A;N/A;N/A;N/A;N/A;N/A;N/A;N/A;N/A;N/A;N/A;N/A;N/A;N/A;N/A;N/A;N/A;N/A;N/A;N/A;N/A;N/A;N/A;N/A;N/A;N/A;N/A;N/A;N/A;N/A;N/A;N/A;N/A;N/A;N/A;N/A;N/A;N/A;N/A;N/A;N/A;N/A;N/A;N/A;N/A;N/A;N/A;N/A;N/A;N/A;N/A;N/A;N/A;N/A;N/A;N/A;N/A;N/A;N/A;N/A;N/A;N/A;N/A;N/A;N/A;N/A;N/A;N/A;N/A;N/A;N/A;N/A;;0;281.8;0;0;;Disabled;TempStop;3;740;291.1;148.4;247.5;0;599.9;549.9;Enabled;PosOk;3;0;0;0;0;0;15;Disabled;0;0;0;0;0;0;0;0;0;0;0;0;0;0;0;0;0;0;0;0;0;0;0;0;0;0;0;0;0;0;0;0;0;0;0;0;0;0;0;0;0;0;0;0;0;0;0;0;0;0;0;0;0;0;0;0;0;0;0;0;0;0;0;0;0;0;0;0;0;0;30;29;20;45;30;29;20;45;30;30;20;45;30;29;20;45;200;215;100;300;200;213;100;300;200;208;100;300;200;207;100;300;30;29;20;45;30;29;20;45;30;30;20;45;30;29;20;45;200;231;100;300;200;229;100;300;200;144;100;300;200;145;100;300;4;2;0.4;6;4;5;0.4;6;4;2;0.4;6;4;5;0.4;6;4;3;0.4;6;4;5;0.4;6;4;3;0.4;6;4;5;0.4;6;NOK;NOK;OK;8000;8061;7500;9000;OK;6.81;0;8;12;NOK;N/A;1.85;N/A;N/A;N/A;9;12.7;7;18;OK;;0;0;0;-;Disabled;TempOk;3;230;35.2;34.7;35.9;0;349.9;441354200 daimler 6900-7200;441354200 daimler 6900-7200;441354200 daimler 6900-7200
20260325_03:01:53;0;1;3;930;919.8;890;970;OK;930;931.3;890;970;OK;932.1;931.7;-20;-14.8;-50;-25;NOK;-20;-15.2;-50;-25;NOK;-17.6;-17.2;0;-20;-14.7;-50;-25;NOK;300;311;300;565;OK;0;0;N/A;N/A;N/A;N/A;N/A;N/A;N/A;N/A;N/A;N/A;N/A;N/A;N/A;N/A;N/A;N/A;N/A;N/A;N/A;N/A;N/A;N/A;N/A;N/A;N/A;N/A;N/A;N/A;N/A;N/A;N/A;N/A;N/A;N/A;N/A;N/A;N/A;N/A;N/A;N/A;N/A;N/A;N/A;N/A;N/A;N/A;N/A;N/A;N/A;N/A;N/A;N/A;N/A;N/A;N/A;N/A;N/A;N/A;N/A;N/A;N/A;N/A;N/A;N/A;N/A;N/A;N/A;N/A;N/A;N/A;N/A;N/A;N/A;N/A;N/A;N/A;N/A;N/A;N/A;N/A;N/A;N/A;N/A;N/A;N/A;N/A;N/A;N/A;N/A;N/A;N/A;N/A;N/A;N/A;N/A;N/A;N/A;N/A;;0;283.1;0;0;;Disabled;TempStop;3;740;293.5;147.2;251.9;0;599.9;549.9;Enabled;PosOk;3;0;0.1;0;0;0;15;Disabled;0;0;0;0;0;0;0;0;0;0;0;0;0;0;0;0;0;0;0;0;0;0;0;0;0;0;0;0;0;0;0;0;0;0;0;0;0;0;0;0;0;0;0;0;0;0;0;0;0;0;0;0;0;0;0;0;0;0;0;0;0;0;0;0;0;0;0;0;1;24;30;29;20;45;30;29;20;45;30;30;20;45;30;29;20;45;200;215;100;300;200;212;100;300;200;208;100;300;200;208;100;300;30;29;20;45;30;29;20;45;30;30;20;45;30;30;20;45;200;230;100;300;200;229;100;300;200;144;100;300;200;146;100;300;4;2;0.4;6;4;5;0.4;6;4;2;0.4;6;4;5;0.4;6;4;3;0.4;6;4;5;0.4;6;4;3;0.4;6;4;5;0.4;6;NOK;NOK;OK;8000;7937;7500;9000;OK;6.81;0;8;12;NOK;N/A;1.85;N/A;N/A;N/A;9;12.6;7;18;OK;;0;0;0;-;Disabled;TempOk;3;230;35.4;34.9;36.2;0;349.9;441354200 daimler 6900-7200;441354200 daimler 6900-7200;441354200 daimler 6900-7200
20260325_03:02:29;0;3;3;930;918.9;890;970;OK;930;931.3;890;970;OK;932.5;932;-20;-16.5;-50;-25;NOK;-20;-16.2;-50;-25;NOK;-14.1;-15.2;0;-20;-16.5;-50;-25;NOK;300;311;300;565;OK;0;0;N/A;N/A;N/A;N/A;N/A;N/A;N/A;N/A;N/A;N/A;N/A;N/A;N/A;N/A;N/A;N/A;N/A;N/A;N/A;N/A;N/A;N/A;N/A;N/A;N/A;N/A;N/A;N/A;N/A;N/A;N/A;N/A;N/A;N/A;N/A;N/A;N/A;N/A;N/A;N/A;N/A;N/A;N/A;N/A;N/A;N/A;N/A;N/A;N/A;N/A;N/A;N/A;N/A;N/A;N/A;N/A;N/A;N/A;N/A;N/A;N/A;N/A;N/A;N/A;N/A;N/A;N/A;N/A;N/A;N/A;N/A;N/A;N/A;N/A;N/A;N/A;N/A;N/A;N/A;N/A;N/A;N/A;N/A;N/A;N/A;N/A;N/A;N/A;N/A;N/A;N/A;N/A;N/A;N/A;N/A;N/A;N/A;N/A;;0;282.4;0;0;;Disabled;TempStop;3;740;292.1;150.5;244.8;0;599.9;549.9;Enabled;PosOk;3;0;1;0;0;0;15;Disabled;0;0;0;0;0;0;0;0;0;0;0;0;0;0;0;0;0;0;0;0;0;0;0;0;0;0;0;0;0;0;0;0;0;0;0;0;0;0;0;0;0;0;0;0;0;0;0;0;0;0;0;0;0;0;0;0;0;0;0;0;0;0;0;0;0;0;0;0;0;0;30;29;20;45;30;30;20;45;30;30;20;45;30;30;20;45;200;215;100;300;200;213;100;300;200;207;100;300;200;208;100;300;30;29;20;45;30;30;20;45;30;30;20;45;30;30;20;45;200;230;100;300;200;229;100;300;200;144;100;300;200;146;100;300;4;2;0.4;6;4;5;0.4;6;4;2;0.4;6;4;5;0.4;6;4;3;0.4;6;4;5;0.4;6;4;3;0.4;6;4;5;0.4;6;NOK;NOK;OK;8000;8075;7500;9000;OK;6.81;0;8;12;NOK;N/A;1.85;N/A;N/A;N/A;9;13.2;7;18;OK;;0;0;0;-;Disabled;TempOk;3;230;35.7;35.4;35.9;0;349.9;441354200 daimler 6900-7200;441354200 daimler 6900-7200;441354200 daimler 6900-7200
20260325_03:03:05;0;1;4;930;919.5;890;970;OK;930;931.5;890;970;OK;932.1;931.8;-20;-13.2;-50;-25;NOK;-20;-13.6;-50;-25;NOK;-15.8;-15.4;0;-20;-13.1;-50;-25;NOK;300;311;300;565;OK;0;0;N/A;N/A;N/A;N/A;N/A;N/A;N/A;N/A;N/A;N/A;N/A;N/A;N/A;N/A;N/A;N/A;N/A;N/A;N/A;N/A;N/A;N/A;N/A;N/A;N/A;N/A;N/A;N/A;N/A;N/A;N/A;N/A;N/A;N/A;N/A;N/A;N/A;N/A;N/A;N/A;N/A;N/A;N/A;N/A;N/A;N/A;N/A;N/A;N/A;N/A;N/A;N/A;N/A;N/A;N/A;N/A;N/A;N/A;N/A;N/A;N/A;N/A;N/A;N/A;N/A;N/A;N/A;N/A;N/A;N/A;N/A;N/A;N/A;N/A;N/A;N/A;N/A;N/A;N/A;N/A;N/A;N/A;N/A;N/A;N/A;N/A;N/A;N/A;N/A;N/A;N/A;N/A;N/A;N/A;N/A;N/A;N/A;N/A;;0;282.8;0;0;;Disabled;TempStop;3;740;291.7;150;249.2;0;599.9;549.9;Enabled;PosOk;3;0;0;0;0;0;15;Disabled;0;0;0;0;0;0;0;0;0;0;0;0;0;0;0;0;0;0;0;0;0;0;0;0;0;0;0;0;0;0;0;0;0;0;0;0;0;0;0;0;0;0;0;0;0;0;0;0;0;0;0;0;0;0;0;0;0;0;0;0;0;0;0;0;0;0;0;0;2;36;30;30;20;45;30;30;20;45;30;30;20;45;30;30;20;45;200;215;100;300;200;213;100;300;200;208;100;300;200;208;100;300;30;30;20;45;30;30;20;45;30;30;20;45;30;30;20;45;200;230;100;300;200;229;100;300;200;144;100;300;200;145;100;300;4;2;0.4;6;4;5;0.4;6;4;2;0.4;6;4;5;0.4;6;4;3;0.4;6;4;5;0.4;6;4;3;0.4;6;4;5;0.4;6;NOK;NOK;OK;8000;7910;7500;9000;OK;6.8;0;8;12;NOK;N/A;1.85;N/A;N/A;N/A;9;13.3;7;18;OK;;0;0;0;-;Disabled;TempOk;3;230;34.4;34.4;34.7;0;349.9;441354200 daimler 6900-7200;441354200 daimler 6900-7200;441354200 daimler 6900-7200
20260325_03:03:41;0;3;4;930;919.2;890;970;OK;930;931.3;890;970;OK;932.2;931.6;-20;-15.2;-50;-25;NOK;-20;-16;-50;-25;NOK;-18.5;-18.3;0;-20;-14.9;-50;-25;NOK;300;311;300;565;OK;0;0;N/A;N/A;N/A;N/A;N/A;N/A;N/A;N/A;N/A;N/A;N/A;N/A;N/A;N/A;N/A;N/A;N/A;N/A;N/A;N/A;N/A;N/A;N/A;N/A;N/A;N/A;N/A;N/A;N/A;N/A;N/A;N/A;N/A;N/A;N/A;N/A;N/A;N/A;N/A;N/A;N/A;N/A;N/A;N/A;N/A;N/A;N/A;N/A;N/A;N/A;N/A;N/A;N/A;N/A;N/A;N/A;N/A;N/A;N/A;N/A;N/A;N/A;N/A;N/A;N/A;N/A;N/A;N/A;N/A;N/A;N/A;N/A;N/A;N/A;N/A;N/A;N/A;N/A;N/A;N/A;N/A;N/A;N/A;N/A;N/A;N/A;N/A;N/A;N/A;N/A;N/A;N/A;N/A;N/A;N/A;N/A;N/A;N/A;;0;281.3;0;0;;Disabled;TempStop;3;740;292;150.5;249.6;0;599.9;549.9;Enabled;PosOk;3;0;0.1;0;0;0;15;Disabled;0;0;0;0;0;0;0;0;0;0;0;0;0;0;0;0;0;0;0;0;0;0;0;0;0;0;0;0;0;0;0;0;0;0;0;0;0;0;0;0;0;0;0;0;0;0;0;0;0;0;0;0;0;0;0;0;0;0;0;0;0;0;0;0;0;0;0;0;0;0;30;30;20;45;30;30;20;45;30;31;20;45;30;30;20;45;200;215;100;300;200;213;100;300;200;208;100;300;200;208;100;300;30;30;20;45;30;30;20;45;30;31;20;45;30;30;20;45;200;231;100;300;200;229;100;300;200;144;100;300;200;145;100;300;4;2;0.4;6;4;5;0.4;6;4;2;0.4;6;4;5;0.4;6;4;3;0.4;6;4;5;0.4;6;4;2;0.4;6;4;5;0.4;6;NOK;NOK;OK;8000;8063;7500;9000;OK;6.81;0;8;12;NOK;N/A;1.85;N/A;N/A;N/A;9;13.4;7;18;OK;;0;0;0;-;Disabled;TempOk;3;230;34.7;34.9;34.7;0;349.9;441354200 daimler 6900-7200;441354200 daimler 6900-7200;441354200 daimler 6900-7200
20260325_03:04:17;0;3;5;930;920.7;890;970;OK;930;930.8;890;970;OK;931.8;931.2;-20;-19.1;-50;-25;NOK;-20;-19.1;-50;-25;NOK;-18.9;-19.5;0;-20;-18.9;-50;-25;NOK;300;311;300;565;OK;0;0;N/A;N/A;N/A;N/A;N/A;N/A;N/A;N/A;N/A;N/A;N/A;N/A;N/A;N/A;N/A;N/A;N/A;N/A;N/A;N/A;N/A;N/A;N/A;N/A;N/A;N/A;N/A;N/A;N/A;N/A;N/A;N/A;N/A;N/A;N/A;N/A;N/A;N/A;N/A;N/A;N/A;N/A;N/A;N/A;N/A;N/A;N/A;N/A;N/A;N/A;N/A;N/A;N/A;N/A;N/A;N/A;N/A;N/A;N/A;N/A;N/A;N/A;N/A;N/A;N/A;N/A;N/A;N/A;N/A;N/A;N/A;N/A;N/A;N/A;N/A;N/A;N/A;N/A;N/A;N/A;N/A;N/A;N/A;N/A;N/A;N/A;N/A;N/A;N/A;N/A;N/A;N/A;N/A;N/A;N/A;N/A;N/A;N/A;;0;280.3;0;0;;Disabled;TempStop;3;740;289.1;148.3;247.9;0;599.9;549.9;Enabled;PosOk;3;0;0.8;0;0;0;15;Disabled;0;0;0;0;0;0;0;0;0;0;0;0;0;0;0;0;0;0;0;0;0;0;0;0;0;0;0;0;0;0;0;0;0;0;0;0;0;0;0;0;0;0;0;0;0;0;0;0;0;0;0;0;0;0;0;0;0;0;0;0;0;0;0;0;0;0;0;0;0;0;30;30;20;45;30;30;20;45;30;31;20;45;30;30;20;45;200;215;100;300;200;213;100;300;200;207;100;300;200;207;100;300;30;30;20;45;30;30;20;45;30;31;20;45;30;30;20;45;200;230;100;300;200;229;100;300;200;144;100;300;200;144;100;300;4;2;0.4;6;4;5;0.4;6;4;2;0.4;6;4;5;0.4;6;4;3;0.4;6;4;5;0.4;6;4;2;0.4;6;4;5;0.4;6;NOK;NOK;OK;8000;7928;7500;9000;OK;6.8;0;8;12;NOK;N/A;1.85;N/A;N/A;N/A;9;13.5;7;18;OK;;0;0;0;-;Disabled;TempOk;3;230;34.7;34.9;34.4;0;349.9;441354200 daimler 6900-7200;441354200 daimler 6900-7200;441354200 daimler 6900-7200
20260325_03:04:53;0;1;1;930;919.5;890;970;OK;930;931.5;890;970;OK;932.2;932;-20;-17.3;-50;-25;NOK;-20;-17;-50;-25;NOK;-16.6;-16.5;0;-20;-17.4;-50;-25;NOK;300;311;300;565;OK;0;0;N/A;N/A;N/A;N/A;N/A;N/A;N/A;N/A;N/A;N/A;N/A;N/A;N/A;N/A;N/A;N/A;N/A;N/A;N/A;N/A;N/A;N/A;N/A;N/A;N/A;N/A;N/A;N/A;N/A;N/A;N/A;N/A;N/A;N/A;N/A;N/A;N/A;N/A;N/A;N/A;N/A;N/A;N/A;N/A;N/A;N/A;N/A;N/A;N/A;N/A;N/A;N/A;N/A;N/A;N/A;N/A;N/A;N/A;N/A;N/A;N/A;N/A;N/A;N/A;N/A;N/A;N/A;N/A;N/A;N/A;N/A;N/A;N/A;N/A;N/A;N/A;N/A;N/A;N/A;N/A;N/A;N/A;N/A;N/A;N/A;N/A;N/A;N/A;N/A;N/A;N/A;N/A;N/A;N/A;N/A;N/A;N/A;N/A;;0;284.7;0;0;;Disabled;TempStop;3;740;294.1;150.3;250.4;0;599.9;549.9;Enabled;PosOk;3;0;0;0;0;0;15;Disabled;0;0;0;0;0;0;0;0;0;0;0;0;0;0;0;0;0;0;0;0;0;0;0;0;0;0;0;0;0;0;0;0;0;0;0;0;0;0;0;0;0;0;0;0;0;0;0;0;0;0;0;0;0;0;0;0;0;0;0;0;0;0;0;0;0;0;0;0;0;0;30;30;20;45;30;30;20;45;30;31;20;45;30;30;20;45;200;215;100;300;200;213;100;300;200;208;100;300;200;207;100;300;30;30;20;45;30;30;20;45;30;31;20;45;30;30;20;45;200;230;100;300;200;229;100;300;200;144;100;300;200;145;100;300;4;2;0.4;6;4;5;0.4;6;4;2;0.4;6;4;5;0.4;6;4;2;0.4;6;4;5;0.4;6;4;3;0.4;6;4;5;0.4;6;NOK;NOK;OK;8000;8054;7500;9000;OK;6.81;0;8;12;NOK;N/A;1.85;N/A;N/A;N/A;9;13.5;7;18;OK;;0;0;0;-;Disabled;TempOk;3;230;34.7;34.9;34.7;0;349.9;441354200 daimler 6900-7200;441354200 daimler 6900-7200;441354200 daimler 6900-7200
20260325_03:05:29;0;3;1;930;919.5;890;970;OK;930;931.6;890;970;OK;933.6;932.7;-20;-16.6;-50;-25;NOK;-20;-16;-50;-25;NOK;-13.7;-14.8;0;-20;-16.6;-50;-25;NOK;300;311;300;565;OK;0;0;N/A;N/A;N/A;N/A;N/A;N/A;N/A;N/A;N/A;N/A;N/A;N/A;N/A;N/A;N/A;N/A;N/A;N/A;N/A;N/A;N/A;N/A;N/A;N/A;N/A;N/A;N/A;N/A;N/A;N/A;N/A;N/A;N/A;N/A;N/A;N/A;N/A;N/A;N/A;N/A;N/A;N/A;N/A;N/A;N/A;N/A;N/A;N/A;N/A;N/A;N/A;N/A;N/A;N/A;N/A;N/A;N/A;N/A;N/A;N/A;N/A;N/A;N/A;N/A;N/A;N/A;N/A;N/A;N/A;N/A;N/A;N/A;N/A;N/A;N/A;N/A;N/A;N/A;N/A;N/A;N/A;N/A;N/A;N/A;N/A;N/A;N/A;N/A;N/A;N/A;N/A;N/A;N/A;N/A;N/A;N/A;N/A;N/A;;0;282.6;0;0;;Disabled;TempStop;3;740;292.6;150.4;248.6;0;599.9;549.9;Enabled;PosOk;3;0;0.5;0;0;0;15;Disabled;0;0;0;0;0;0;0;0;0;0;0;0;0;0;0;0;0;0;0;0;0;0;0;0;0;0;0;0;0;0;0;0;0;0;0;0;0;0;0;0;0;0;0;0;0;0;0;0;0;0;0;0;0;0;0;0;0;0;0;0;0;0;0;0;0;0;0;0;0;0;30;30;20;45;30;30;20;45;30;31;20;45;30;30;20;45;200;215;100;300;200;212;100;300;200;207;100;300;200;207;100;300;30;30;20;45;30;30;20;45;30;31;20;45;30;30;20;45;200;230;100;300;200;229;100;300;200;144;100;300;200;145;100;300;4;2;0.4;6;4;5;0.4;6;4;2;0.4;6;4;5;0.4;6;4;3;0.4;6;4;5;0.4;6;4;2;0.4;6;4;5;0.4;6;NOK;NOK;OK;8000;7908;7500;9000;OK;6.81;0;8;12;NOK;N/A;1.85;N/A;N/A;N/A;9;13.6;7;18;OK;;0;0;0;-;Disabled;TempOk;3;230;35.4;35.4;34.9;0;349.9;441354200 daimler 6900-7200;441354200 daimler 6900-7200;441354200 daimler 6900-7200
20260325_03:06:04;0;1;2;930;920.1;890;970;OK;930;931.5;890;970;OK;932.4;931.8;-20;-14.9;-50;-25;NOK;-20;-15.3;-50;-25;NOK;-15.9;-16.3;0;-20;-14.8;-50;-25;NOK;300;311;300;565;OK;0;0;N/A;N/A;N/A;N/A;N/A;N/A;N/A;N/A;N/A;N/A;N/A;N/A;N/A;N/A;N/A;N/A;N/A;N/A;N/A;N/A;N/A;N/A;N/A;N/A;N/A;N/A;N/A;N/A;N/A;N/A;N/A;N/A;N/A;N/A;N/A;N/A;N/A;N/A;N/A;N/A;N/A;N/A;N/A;N/A;N/A;N/A;N/A;N/A;N/A;N/A;N/A;N/A;N/A;N/A;N/A;N/A;N/A;N/A;N/A;N/A;N/A;N/A;N/A;N/A;N/A;N/A;N/A;N/A;N/A;N/A;N/A;N/A;N/A;N/A;N/A;N/A;N/A;N/A;N/A;N/A;N/A;N/A;N/A;N/A;N/A;N/A;N/A;N/A;N/A;N/A;N/A;N/A;N/A;N/A;N/A;N/A;N/A;N/A;;0;282.8;0;0;;Disabled;TempStop;3;740;292;148.6;249.5;0;599.9;549.9;Enabled;PosOk;3;0;1;0;0;0;15;Disabled;0;0;0;0;0;0;0;0;0;0;0;0;0;0;0;0;0;0;0;0;0;0;0;0;0;0;0;0;0;0;0;0;0;0;0;0;0;0;0;0;0;0;0;0;0;0;0;0;0;0;0;0;0;0;0;0;0;0;0;0;0;0;0;0;0;0;0;0;0;0;30;30;20;45;30;30;20;45;30;31;20;45;30;30;20;45;200;215;100;300;200;213;100;300;200;207;100;300;200;208;100;300;30;30;20;45;30;30;20;45;30;31;20;45;30;30;20;45;200;231;100;300;200;229;100;300;200;144;100;300;200;145;100;300;4;2;0.4;6;4;5;0.4;6;4;2;0.4;6;4;5;0.4;6;4;3;0.4;6;4;5;0.4;6;4;3;0.4;6;4;5;0.4;6;NOK;NOK;OK;8000;8063;7500;9000;OK;6.81;0;8;12;NOK;N/A;1.85;N/A;N/A;N/A;9;13;7;18;OK;;0;0;0;-;Disabled;TempOk;3;230;35.2;34.9;34.7;0;349.9;441354200 daimler 6900-7200;441354200 daimler 6900-7200;441354200 daimler 6900-7200
20260325_03:06:40;0;3;2;930;918.7;890;970;OK;930;931.7;890;970;OK;932.7;932;-20;-16.6;-50;-25;NOK;-20;-17;-50;-25;NOK;-15.5;-16.7;0;-20;-16.4;-50;-25;NOK;300;311;300;565;OK;0;0;N/A;N/A;N/A;N/A;N/A;N/A;N/A;N/A;N/A;N/A;N/A;N/A;N/A;N/A;N/A;N/A;N/A;N/A;N/A;N/A;N/A;N/A;N/A;N/A;N/A;N/A;N/A;N/A;N/A;N/A;N/A;N/A;N/A;N/A;N/A;N/A;N/A;N/A;N/A;N/A;N/A;N/A;N/A;N/A;N/A;N/A;N/A;N/A;N/A;N/A;N/A;N/A;N/A;N/A;N/A;N/A;N/A;N/A;N/A;N/A;N/A;N/A;N/A;N/A;N/A;N/A;N/A;N/A;N/A;N/A;N/A;N/A;N/A;N/A;N/A;N/A;N/A;N/A;N/A;N/A;N/A;N/A;N/A;N/A;N/A;N/A;N/A;N/A;N/A;N/A;N/A;N/A;N/A;N/A;N/A;N/A;N/A;N/A;;0;282;0;0;;Disabled;TempStop;3;740;291.3;149.4;233;0;599.9;549.9;Enabled;PosOk;3;0;0;0;0;0;15;Disabled;0;0;0;0;0;0;0;0;0;0;0;0;0;0;0;0;0;0;0;0;0;0;0;0;0;0;0;0;0;0;0;0;0;0;0;0;0;0;0;0;0;0;0;0;0;0;0;0;0;0;0;0;0;0;0;0;0;0;0;0;0;0;0;0;0;0;0;0;0;0;30;30;20;45;30;30;20;45;30;31;20;45;30;30;20;45;200;215;100;300;200;213;100;300;200;207;100;300;200;208;100;300;30;30;20;45;30;30;20;45;30;31;20;45;30;30;20;45;200;231;100;300;200;229;100;300;200;144;100;300;200;145;100;300;4;3;0.4;6;4;5;0.4;6;4;2;0.4;6;4;5;0.4;6;4;3;0.4;6;4;5;0.4;6;4;3;0.4;6;4;5;0.4;6;NOK;NOK;OK;8000;7941;7500;9000;OK;6.81;0;8;12;NOK;N/A;1.85;N/A;N/A;N/A;9;13;7;18;OK;;0;0;0;-;Disabled;TempOk;3;230;34.9;34.9;34.9;0;349.9;441354200 daimler 6900-7200;441354200 daimler 6900-7200;441354200 daimler 6900-7200
20260325_03:07:16;0;1;3;930;919.5;890;970;OK;930;931.1;890;970;OK;932.1;931.7;-20;-14.6;-50;-25;NOK;-20;-15;-50;-25;NOK;-17.4;-17;0;-20;-14.5;-50;-25;NOK;300;311;300;565;OK;0;0;N/A;N/A;N/A;N/A;N/A;N/A;N/A;N/A;N/A;N/A;N/A;N/A;N/A;N/A;N/A;N/A;N/A;N/A;N/A;N/A;N/A;N/A;N/A;N/A;N/A;N/A;N/A;N/A;N/A;N/A;N/A;N/A;N/A;N/A;N/A;N/A;N/A;N/A;N/A;N/A;N/A;N/A;N/A;N/A;N/A;N/A;N/A;N/A;N/A;N/A;N/A;N/A;N/A;N/A;N/A;N/A;N/A;N/A;N/A;N/A;N/A;N/A;N/A;N/A;N/A;N/A;N/A;N/A;N/A;N/A;N/A;N/A;N/A;N/A;N/A;N/A;N/A;N/A;N/A;N/A;N/A;N/A;N/A;N/A;N/A;N/A;N/A;N/A;N/A;N/A;N/A;N/A;N/A;N/A;N/A;N/A;N/A;N/A;;0;283.1;0;0;;Disabled;TempStop;3;740;294.3;147.3;251.4;0;599.9;549.9;Enabled;PosOk;3;0;0;0;0;0;15;Disabled;0;0;0;0;0;0;0;0;0;0;0;0;0;0;0;0;0;0;0;0;0;0;0;0;0;0;0;0;0;0;0;0;0;0;0;0;0;0;0;0;0;0;0;0;0;0;0;0;0;0;0;0;0;0;0;0;0;0;0;0;0;0;0;0;0;0;0;0;6;48;30;30;20;45;30;30;20;45;30;31;20;45;30;30;20;45;200;216;100;300;200;213;100;300;200;208;100;300;200;208;100;300;30;30;20;45;30;30;20;45;30;31;20;45;30;30;20;45;200;231;100;300;200;230;100;300;200;144;100;300;200;145;100;300;4;2;0.4;6;4;5;0.4;6;4;2;0.4;6;4;5;0.4;6;4;2;0.4;6;4;5;0.4;6;4;3;0.4;6;4;5;0.4;6;NOK;NOK;OK;8000;8071;7500;9000;OK;6.81;0;8;12;NOK;N/A;1.85;N/A;N/A;N/A;9;12.7;7;18;OK;;0;0;0;-;Disabled;TempOk;3;230;34.7;34.7;35.4;0;349.9;441354200 daimler 6900-7200;441354200 daimler 6900-7200;441354200 daimler 6900-7200
20260325_03:07:52;0;3;3;930;918.4;890;970;OK;930;931.5;890;970;OK;932.5;932.1;-20;-16.1;-50;-25;NOK;-20;-16;-50;-25;NOK;-14;-15;0;-20;-16.1;-50;-25;NOK;300;311;300;565;OK;0;0;N/A;N/A;N/A;N/A;N/A;N/A;N/A;N/A;N/A;N/A;N/A;N/A;N/A;N/A;N/A;N/A;N/A;N/A;N/A;N/A;N/A;N/A;N/A;N/A;N/A;N/A;N/A;N/A;N/A;N/A;N/A;N/A;N/A;N/A;N/A;N/A;N/A;N/A;N/A;N/A;N/A;N/A;N/A;N/A;N/A;N/A;N/A;N/A;N/A;N/A;N/A;N/A;N/A;N/A;N/A;N/A;N/A;N/A;N/A;N/A;N/A;N/A;N/A;N/A;N/A;N/A;N/A;N/A;N/A;N/A;N/A;N/A;N/A;N/A;N/A;N/A;N/A;N/A;N/A;N/A;N/A;N/A;N/A;N/A;N/A;N/A;N/A;N/A;N/A;N/A;N/A;N/A;N/A;N/A;N/A;N/A;N/A;N/A;;0;282.8;0;0;;Disabled;TempStop;3;740;292.5;147.5;249;0;599.9;549.9;Enabled;PosOk;3;0;1.2;0;0;0;15;Disabled;0;0;0;0;0;0;0;0;0;0;0;0;0;0;0;0;0;0;0;0;0;0;0;0;0;0;0;0;0;0;0;0;0;0;0;0;0;0;0;0;0;0;0;0;0;0;0;0;0;0;0;0;0;0;0;0;0;0;0;0;0;0;0;0;0;0;0;0;0;0;30;30;20;45;30;30;20;45;30;31;20;45;30;30;20;45;200;216;100;300;200;213;100;300;200;208;100;300;200;208;100;300;30;30;20;45;30;30;20;45;30;31;20;45;30;30;20;45;200;230;100;300;200;229;100;300;200;144;100;300;200;145;100;300;4;2;0.4;6;4;5;0.4;6;4;2;0.4;6;4;5;0.4;6;4;3;0.4;6;4;5;0.4;6;4;3;0.4;6;4;5;0.4;6;NOK;NOK;OK;8000;7914;7500;9000;OK;6.8;0;8;12;NOK;N/A;1.85;N/A;N/A;N/A;9;12.7;7;18;OK;;0;0;0;-;Disabled;TempOk;3;230;35.2;34.9;35.2;0;349.9;441354200 daimler 6900-7200;441354200 daimler 6900-7200;441354200 daimler 6900-7200
20260325_03:08:28;0;1;4;930;918.5;890;970;OK;930;931.2;890;970;OK;932;931.7;-20;-13.2;-50;-25;NOK;-20;-13.5;-50;-25;NOK;-15.5;-15.3;0;-20;-13.1;-50;-25;NOK;300;311;300;565;OK;0;0;N/A;N/A;N/A;N/A;N/A;N/A;N/A;N/A;N/A;N/A;N/A;N/A;N/A;N/A;N/A;N/A;N/A;N/A;N/A;N/A;N/A;N/A;N/A;N/A;N/A;N/A;N/A;N/A;N/A;N/A;N/A;N/A;N/A;N/A;N/A;N/A;N/A;N/A;N/A;N/A;N/A;N/A;N/A;N/A;N/A;N/A;N/A;N/A;N/A;N/A;N/A;N/A;N/A;N/A;N/A;N/A;N/A;N/A;N/A;N/A;N/A;N/A;N/A;N/A;N/A;N/A;N/A;N/A;N/A;N/A;N/A;N/A;N/A;N/A;N/A;N/A;N/A;N/A;N/A;N/A;N/A;N/A;N/A;N/A;N/A;N/A;N/A;N/A;N/A;N/A;N/A;N/A;N/A;N/A;N/A;N/A;N/A;N/A;;0;283.3;0;0;;Disabled;TempStop;3;740;293.2;144.7;249.8;0;599.9;549.9;Enabled;PosOk;3;0;0;0;0;0;15;Disabled;0;0;0;0;0;0;0;0;0;0;0;0;0;0;0;0;0;0;0;0;0;0;0;0;0;0;0;0;0;0;0;0;0;0;0;0;0;0;0;0;0;0;0;0;0;0;0;0;0;0;0;0;0;0;0;0;0;0;0;0;0;0;0;0;0;0;0;0;8;0;30;29;20;45;30;29;20;45;30;30;20;45;30;29;20;45;200;215;100;300;200;213;100;300;200;208;100;300;200;208;100;300;30;29;20;45;30;29;20;45;30;30;20;45;30;29;20;45;200;231;100;300;200;229;100;300;200;144;100;300;200;145;100;300;4;2;0.4;6;4;5;0.4;6;4;2;0.4;6;4;5;0.4;6;4;3;0.4;6;4;5;0.4;6;4;3;0.4;6;4;5;0.4;6;NOK;NOK;OK;8000;8062;7500;9000;OK;6.81;0;8;12;NOK;N/A;1.85;N/A;N/A;N/A;9;12.6;7;18;OK;;0;0;0;-;Disabled;TempOk;3;230;34.4;34.4;33.9;0;349.9;441354200 daimler 6900-7200;441354200 daimler 6900-7200;441354200 daimler 6900-7200
20260325_03:09:04;0;3;4;930;919.1;890;970;OK;930;931.3;890;970;OK;932.1;931.8;-20;-15.1;-50;-25;NOK;-20;-15.9;-50;-25;NOK;-18.4;-18.1;0;-20;-14.7;-50;-25;NOK;300;311;300;565;OK;0;0;N/A;N/A;N/A;N/A;N/A;N/A;N/A;N/A;N/A;N/A;N/A;N/A;N/A;N/A;N/A;N/A;N/A;N/A;N/A;N/A;N/A;N/A;N/A;N/A;N/A;N/A;N/A;N/A;N/A;N/A;N/A;N/A;N/A;N/A;N/A;N/A;N/A;N/A;N/A;N/A;N/A;N/A;N/A;N/A;N/A;N/A;N/A;N/A;N/A;N/A;N/A;N/A;N/A;N/A;N/A;N/A;N/A;N/A;N/A;N/A;N/A;N/A;N/A;N/A;N/A;N/A;N/A;N/A;N/A;N/A;N/A;N/A;N/A;N/A;N/A;N/A;N/A;N/A;N/A;N/A;N/A;N/A;N/A;N/A;N/A;N/A;N/A;N/A;N/A;N/A;N/A;N/A;N/A;N/A;N/A;N/A;N/A;N/A;;0;281;0;0;;Disabled;TempStop;3;740;292.5;148.8;249.5;0;599.9;549.9;Enabled;PosOk;3;0;0.1;0;0;0;15;Disabled;0;0;0;0;0;0;0;0;0;0;0;0;0;0;0;0;0;0;0;0;0;0;0;0;0;0;0;0;0;0;0;0;0;0;0;0;0;0;0;0;0;0;0;0;0;0;0;0;0;0;0;0;0;0;0;0;0;0;0;0;0;0;0;0;0;0;0;0;0;0;30;29;20;45;30;29;20;45;30;30;20;45;30;29;20;45;200;215;100;300;200;213;100;300;200;208;100;300;200;208;100;300;30;29;20;45;30;29;20;45;30;30;20;45;30;29;20;45;200;231;100;300;200;229;100;300;200;144;100;300;200;145;100;300;4;2;0.4;6;4;5;0.4;6;4;2;0.4;6;4;5;0.4;6;4;2;0.4;6;4;5;0.4;6;4;2;0.4;6;4;5;0.4;6;NOK;NOK;OK;8000;7952;7500;9000;OK;6.82;0;8;12;NOK;N/A;1.85;N/A;N/A;N/A;9;13.1;7;18;OK;;0;0;0;-;Disabled;TempOk;3;230;34.2;34.4;34.2;0;349.9;441354200 daimler 6900-7200;441354200 daimler 6900-7200;441354200 daimler 6900-7200
20260325_03:09:40;0;3;5;930;920.8;890;970;OK;930;930.8;890;970;OK;931.9;931.5;-20;-18.7;-50;-25;NOK;-20;-18.9;-50;-25;NOK;-18.7;-19.3;0;-20;-18.6;-50;-25;NOK;300;311;300;565;OK;0;0;N/A;N/A;N/A;N/A;N/A;N/A;N/A;N/A;N/A;N/A;N/A;N/A;N/A;N/A;N/A;N/A;N/A;N/A;N/A;N/A;N/A;N/A;N/A;N/A;N/A;N/A;N/A;N/A;N/A;N/A;N/A;N/A;N/A;N/A;N/A;N/A;N/A;N/A;N/A;N/A;N/A;N/A;N/A;N/A;N/A;N/A;N/A;N/A;N/A;N/A;N/A;N/A;N/A;N/A;N/A;N/A;N/A;N/A;N/A;N/A;N/A;N/A;N/A;N/A;N/A;N/A;N/A;N/A;N/A;N/A;N/A;N/A;N/A;N/A;N/A;N/A;N/A;N/A;N/A;N/A;N/A;N/A;N/A;N/A;N/A;N/A;N/A;N/A;N/A;N/A;N/A;N/A;N/A;N/A;N/A;N/A;N/A;N/A;;0;281.1;0;0;;Disabled;TempStop;3;740;290.4;147.3;246.1;0;599.9;549.9;Enabled;PosOk;3;0;0.5;0;0;0;15;Disabled;0;0;0;0;0;0;0;0;0;0;0;0;0;0;0;0;0;0;0;0;0;0;0;0;0;0;0;0;0;0;0;0;0;0;0;0;0;0;0;0;0;0;0;0;0;0;0;0;0;0;0;0;0;0;0;0;0;0;0;0;0;0;0;0;0;0;0;0;0;0;30;29;20;45;30;30;20;45;30;30;20;45;30;30;20;45;200;215;100;300;200;213;100;300;200;207;100;300;200;208;100;300;30;30;20;45;30;29;20;45;30;30;20;45;30;29;20;45;200;231;100;300;200;229;100;300;200;144;100;300;200;145;100;300;4;2;0.4;6;4;5;0.4;6;4;2;0.4;6;4;5;0.4;6;4;3;0.4;6;4;5;0.4;6;4;3;0.4;6;4;5;0.4;6;NOK;NOK;OK;8000;8064;7500;9000;OK;6.81;0;8;12;NOK;N/A;1.85;N/A;N/A;N/A;9;13.2;7;18;OK;;0;0;0;-;Disabled;TempOk;3;230;34.7;34.7;33.9;0;349.9;441354200 daimler 6900-7200;441354200 daimler 6900-7200;441354200 daimler 6900-7200
20260325_03:10:16;0;1;1;930;919.6;890;970;OK;930;931.4;890;970;OK;932.6;932;-20;-17.1;-50;-25;NOK;-20;-17.1;-50;-25;NOK;-16.5;-16.7;0;-20;-17.1;-50;-25;NOK;300;311;300;565;OK;0;0;N/A;N/A;N/A;N/A;N/A;N/A;N/A;N/A;N/A;N/A;N/A;N/A;N/A;N/A;N/A;N/A;N/A;N/A;N/A;N/A;N/A;N/A;N/A;N/A;N/A;N/A;N/A;N/A;N/A;N/A;N/A;N/A;N/A;N/A;N/A;N/A;N/A;N/A;N/A;N/A;N/A;N/A;N/A;N/A;N/A;N/A;N/A;N/A;N/A;N/A;N/A;N/A;N/A;N/A;N/A;N/A;N/A;N/A;N/A;N/A;N/A;N/A;N/A;N/A;N/A;N/A;N/A;N/A;N/A;N/A;N/A;N/A;N/A;N/A;N/A;N/A;N/A;N/A;N/A;N/A;N/A;N/A;N/A;N/A;N/A;N/A;N/A;N/A;N/A;N/A;N/A;N/A;N/A;N/A;N/A;N/A;N/A;N/A;;0;285.4;0;0;;Disabled;TempStop;3;740;295.5;152.5;251.7;0;599.9;549.9;Enabled;PosOk;3;0;0;0;0;0;15;Disabled;0;0;0;0;0;0;0;0;0;0;0;0;0;0;0;0;0;0;0;0;0;0;0;0;0;0;0;0;0;0;0;0;0;0;0;0;0;0;0;0;0;0;0;0;0;0;0;0;0;0;0;0;0;0;0;0;0;0;0;0;0;0;0;0;0;0;0;0;0;0;30;30;20;45;30;29;20;45;30;30;20;45;30;29;20;45;200;215;100;300;200;213;100;300;200;207;100;300;200;208;100;300;30;30;20;45;30;29;20;45;30;30;20;45;30;30;20;45;200;231;100;300;200;229;100;300;200;144;100;300;200;145;100;300;4;2;0.4;6;4;5;0.4;6;4;3;0.4;6;4;5;0.4;6;4;3;0.4;6;4;5;0.4;6;4;3;0.4;6;4;5;0.4;6;NOK;NOK;OK;8000;7933;7500;9000;OK;6.81;0;8;12;NOK;N/A;1.85;N/A;N/A;N/A;9;13.2;7;18;OK;;0;0;0;-;Disabled;TempOk;3;230;34.9;34.7;34.7;0;349.9;441354200 daimler 6900-7200;441354200 daimler 6900-7200;441354200 daimler 6900-7200
20260325_03:10:52;0;3;1;930;920.2;890;970;OK;930;931.6;890;970;OK;933.6;932.9;-20;-16.3;-50;-25;NOK;-20;-15.9;-50;-25;NOK;-13.6;-14.7;0;-20;-16.4;-50;-25;NOK;300;311;300;565;OK;0;0;N/A;N/A;N/A;N/A;N/A;N/A;N/A;N/A;N/A;N/A;N/A;N/A;N/A;N/A;N/A;N/A;N/A;N/A;N/A;N/A;N/A;N/A;N/A;N/A;N/A;N/A;N/A;N/A;N/A;N/A;N/A;N/A;N/A;N/A;N/A;N/A;N/A;N/A;N/A;N/A;N/A;N/A;N/A;N/A;N/A;N/A;N/A;N/A;N/A;N/A;N/A;N/A;N/A;N/A;N/A;N/A;N/A;N/A;N/A;N/A;N/A;N/A;N/A;N/A;N/A;N/A;N/A;N/A;N/A;N/A;N/A;N/A;N/A;N/A;N/A;N/A;N/A;N/A;N/A;N/A;N/A;N/A;N/A;N/A;N/A;N/A;N/A;N/A;N/A;N/A;N/A;N/A;N/A;N/A;N/A;N/A;N/A;N/A;;0;282.5;0;0;;Disabled;TempStop;3;740;292;148.9;248.8;0;599.9;549.9;Enabled;PosOk;3;0;0;0;0;0;15;Disabled;0;0;0;0;0;0;0;0;0;0;0;0;0;0;0;0;0;0;0;0;0;0;0;0;0;0;0;0;0;0;0;0;0;0;0;0;0;0;0;0;0;0;0;0;0;0;0;0;0;0;0;0;0;0;0;0;0;0;0;0;0;0;0;0;0;0;0;0;0;0;30;30;20;45;30;30;20;45;30;30;20;45;30;30;20;45;200;215;100;300;200;212;100;300;200;207;100;300;200;207;100;300;30;30;20;45;30;30;20;45;30;30;20;45;30;30;20;45;200;230;100;300;200;229;100;300;200;144;100;300;200;145;100;300;4;2;0.4;6;4;5;0.4;6;4;2;0.4;6;4;5;0.4;6;4;3;0.4;6;4;5;0.4;6;4;2;0.4;6;4;5;0.4;6;NOK;NOK;OK;8000;8048;7500;9000;OK;6.8;0;8;12;NOK;N/A;1.85;N/A;N/A;N/A;9;13.3;7;18;OK;;0;0;0;-;Disabled;TempOk;3;230;34.2;34.4;34.4;0;349.9;441354200 daimler 6900-7200;441354200 daimler 6900-7200;441354200 daimler 6900-7200
20260325_03:11:28;0;1;2;930;919.5;890;970;OK;930;931.3;890;970;OK;932.6;932;-20;-14.7;-50;-25;NOK;-20;-15.3;-50;-25;NOK;-15.9;-16.3;0;-20;-14.6;-50;-25;NOK;300;311;300;565;OK;0;0;N/A;N/A;N/A;N/A;N/A;N/A;N/A;N/A;N/A;N/A;N/A;N/A;N/A;N/A;N/A;N/A;N/A;N/A;N/A;N/A;N/A;N/A;N/A;N/A;N/A;N/A;N/A;N/A;N/A;N/A;N/A;N/A;N/A;N/A;N/A;N/A;N/A;N/A;N/A;N/A;N/A;N/A;N/A;N/A;N/A;N/A;N/A;N/A;N/A;N/A;N/A;N/A;N/A;N/A;N/A;N/A;N/A;N/A;N/A;N/A;N/A;N/A;N/A;N/A;N/A;N/A;N/A;N/A;N/A;N/A;N/A;N/A;N/A;N/A;N/A;N/A;N/A;N/A;N/A;N/A;N/A;N/A;N/A;N/A;N/A;N/A;N/A;N/A;N/A;N/A;N/A;N/A;N/A;N/A;N/A;N/A;N/A;N/A;;0;282.8;0;0;;Disabled;TempStop;3;740;292.7;144.8;252.7;0;599.9;549.9;Enabled;PosOk;3;0;0.8;0;0;0;15;Disabled;0;0;0;0;0;0;0;0;0;0;0;0;0;0;0;0;0;0;0;0;0;0;0;0;0;0;0;0;0;0;0;0;0;0;0;0;0;0;0;0;0;0;0;0;0;0;0;0;0;0;0;0;0;0;0;0;0;0;0;0;0;0;0;0;0;0;0;0;0;0;30;30;20;45;30;30;20;45;30;30;20;45;30;30;20;45;200;215;100;300;200;213;100;300;200;208;100;300;200;208;100;300;30;30;20;45;30;30;20;45;30;31;20;45;30;30;20;45;200;231;100;300;200;229;100;300;200;144;100;300;200;145;100;300;4;3;0.4;6;4;5;0.4;6;4;2;0.4;6;4;5;0.4;6;4;3;0.4;6;4;5;0.4;6;4;2;0.4;6;4;5;0.4;6;NOK;NOK;OK;8000;8060;7500;9000;OK;6.81;0;8;12;NOK;N/A;1.85;N/A;N/A;N/A;9;13.4;7;18;OK;;0;0;0;-;Disabled;TempOk;3;230;35.2;35.2;34.2;0;349.9;441354200 daimler 6900-7200;441354200 daimler 6900-7200;441354200 daimler 6900-7200
20260325_03:12:04;0;3;2;930;919.6;890;970;OK;930;931.6;890;970;OK;932.6;932.3;-20;-16.4;-50;-25;NOK;-20;-16.8;-50;-25;NOK;-15.3;-16.4;0;-20;-16.3;-50;-25;NOK;300;311;300;565;OK;0;0;N/A;N/A;N/A;N/A;N/A;N/A;N/A;N/A;N/A;N/A;N/A;N/A;N/A;N/A;N/A;N/A;N/A;N/A;N/A;N/A;N/A;N/A;N/A;N/A;N/A;N/A;N/A;N/A;N/A;N/A;N/A;N/A;N/A;N/A;N/A;N/A;N/A;N/A;N/A;N/A;N/A;N/A;N/A;N/A;N/A;N/A;N/A;N/A;N/A;N/A;N/A;N/A;N/A;N/A;N/A;N/A;N/A;N/A;N/A;N/A;N/A;N/A;N/A;N/A;N/A;N/A;N/A;N/A;N/A;N/A;N/A;N/A;N/A;N/A;N/A;N/A;N/A;N/A;N/A;N/A;N/A;N/A;N/A;N/A;N/A;N/A;N/A;N/A;N/A;N/A;N/A;N/A;N/A;N/A;N/A;N/A;N/A;N/A;;0;282.4;0;0;;Disabled;TempStop;3;740;290.8;146.2;247.5;0;599.9;549.9;Enabled;PosOk;3;0;0;0;0;0;15;Disabled;0;0;0;0;0;0;0;0;0;0;0;0;0;0;0;0;0;0;0;0;0;0;0;0;0;0;0;0;0;0;0;0;0;0;0;0;0;0;0;0;0;0;0;0;0;0;0;0;0;0;0;0;0;0;0;0;0;0;0;0;0;0;0;0;0;0;0;0;0;0;30;30;20;45;30;30;20;45;30;30;20;45;30;30;20;45;200;216;100;300;200;213;100;300;200;207;100;300;200;208;100;300;30;30;20;45;30;30;20;45;30;31;20;45;30;30;20;45;200;230;100;300;200;229;100;300;200;144;100;300;200;144;100;300;4;3;0.4;6;4;5;0.4;6;4;2;0.4;6;4;5;0.4;6;4;3;0.4;6;4;5;0.4;6;4;3;0.4;6;4;5;0.4;6;NOK;NOK;OK;8000;8074;7500;9000;OK;6.81;0;8;12;NOK;N/A;1.85;N/A;N/A;N/A;9;13.1;7;18;OK;;0;0;0;-;Disabled;TempOk;3;230;34.9;34.9;34.7;0;349.9;441354200 daimler 6900-7200;441354200 daimler 6900-7200;441354200 daimler 6900-7200
20260325_03:12:40;0;1;3;930;919.1;890;970;OK;930;931.1;890;970;OK;932.1;931.6;-20;-14.4;-50;-25;NOK;-20;-15.2;-50;-25;NOK;-17.5;-17.1;0;-20;-14.4;-50;-25;NOK;300;311;300;565;OK;0;0;N/A;N/A;N/A;N/A;N/A;N/A;N/A;N/A;N/A;N/A;N/A;N/A;N/A;N/A;N/A;N/A;N/A;N/A;N/A;N/A;N/A;N/A;N/A;N/A;N/A;N/A;N/A;N/A;N/A;N/A;N/A;N/A;N/A;N/A;N/A;N/A;N/A;N/A;N/A;N/A;N/A;N/A;N/A;N/A;N/A;N/A;N/A;N/A;N/A;N/A;N/A;N/A;N/A;N/A;N/A;N/A;N/A;N/A;N/A;N/A;N/A;N/A;N/A;N/A;N/A;N/A;N/A;N/A;N/A;N/A;N/A;N/A;N/A;N/A;N/A;N/A;N/A;N/A;N/A;N/A;N/A;N/A;N/A;N/A;N/A;N/A;N/A;N/A;N/A;N/A;N/A;N/A;N/A;N/A;N/A;N/A;N/A;N/A;;0;282.4;0;0;;Disabled;TempStop;3;740;294.3;145.9;252.3;0;599.9;549.9;Enabled;PosOk;3;0;1;0;0;0;15;Disabled;0;0;0;0;0;0;0;0;0;0;0;0;0;0;0;0;0;0;0;0;0;0;0;0;0;0;0;0;0;0;0;0;0;0;0;0;0;0;0;0;0;0;0;0;0;0;0;0;0;0;0;0;0;0;0;0;0;0;0;0;0;0;0;0;0;0;0;0;12;11;30;30;20;45;30;30;20;45;30;30;20;45;30;30;20;45;200;214;100;300;200;212;100;300;200;208;100;300;200;207;100;300;30;30;20;45;30;30;20;45;30;31;20;45;30;30;20;45;200;230;100;300;200;229;100;300;200;144;100;300;200;145;100;300;4;3;0.4;6;4;5;0.4;6;4;2;0.4;6;4;5;0.4;6;4;3;0.4;6;4;5;0.4;6;4;3;0.4;6;4;5;0.4;6;NOK;NOK;OK;8000;8068;7500;9000;OK;6.81;0;8;12;NOK;N/A;1.85;N/A;N/A;N/A;9;13;7;18;OK;;0;0;0;-;Disabled;TempOk;3;230;34.4;34.4;34.7;0;349.9;441354200 daimler 6900-7200;441354200 daimler 6900-7200;441354200 daimler 6900-7200
20260325_03:13:16;0;3;3;930;918.4;890;970;OK;930;931.5;890;970;OK;932.6;931.9;-20;-15.9;-50;-25;NOK;-20;-15.9;-50;-25;NOK;-13.9;-15;0;-20;-15.9;-50;-25;NOK;300;311;300;565;OK;0;0;N/A;N/A;N/A;N/A;N/A;N/A;N/A;N/A;N/A;N/A;N/A;N/A;N/A;N/A;N/A;N/A;N/A;N/A;N/A;N/A;N/A;N/A;N/A;N/A;N/A;N/A;N/A;N/A;N/A;N/A;N/A;N/A;N/A;N/A;N/A;N/A;N/A;N/A;N/A;N/A;N/A;N/A;N/A;N/A;N/A;N/A;N/A;N/A;N/A;N/A;N/A;N/A;N/A;N/A;N/A;N/A;N/A;N/A;N/A;N/A;N/A;N/A;N/A;N/A;N/A;N/A;N/A;N/A;N/A;N/A;N/A;N/A;N/A;N/A;N/A;N/A;N/A;N/A;N/A;N/A;N/A;N/A;N/A;N/A;N/A;N/A;N/A;N/A;N/A;N/A;N/A;N/A;N/A;N/A;N/A;N/A;N/A;N/A;;0;282.7;0;0;;Disabled;TempStop;3;740;292.3;149.7;254.1;0;599.9;549.9;Enabled;PosOk;3;0;0.7;0;0;0;15;Disabled;0;0;0;0;0;0;0;0;0;0;0;0;0;0;0;0;0;0;0;0;0;0;0;0;0;0;0;0;0;0;0;0;0;0;0;0;0;0;0;0;0;0;0;0;0;0;0;0;0;0;0;0;0;0;0;0;0;0;0;0;0;0;0;0;0;0;0;0;0;0;30;30;20;45;30;30;20;45;30;31;20;45;30;30;20;45;200;215;100;300;200;213;100;300;200;208;100;300;200;208;100;300;30;30;20;45;30;30;20;45;30;31;20;45;30;30;20;45;200;230;100;300;200;229;100;300;200;144;100;300;200;145;100;300;4;3;0.4;6;4;5;0.4;6;4;2;0.4;6;4;5;0.4;6;4;3;0.4;6;4;5;0.4;6;4;2;0.4;6;4;5;0.4;6;NOK;NOK;OK;8000;8060;7500;9000;OK;6.81;0;8;12;NOK;N/A;1.85;N/A;N/A;N/A;9;13.1;7;18;OK;;0;0;0;-;Disabled;TempOk;3;230;34.2;34.4;33.7;0;349.9;441354200 daimler 6900-7200;441354200 daimler 6900-7200;441354200 daimler 6900-7200
20260325_03:13:52;0;1;4;930;918.5;890;970;OK;930;931.3;890;970;OK;932;931.7;-20;-13.1;-50;-25;NOK;-20;-13.7;-50;-25;NOK;-15.7;-15.4;0;-20;-13;-50;-25;NOK;300;311;300;565;OK;0;0;N/A;N/A;N/A;N/A;N/A;N/A;N/A;N/A;N/A;N/A;N/A;N/A;N/A;N/A;N/A;N/A;N/A;N/A;N/A;N/A;N/A;N/A;N/A;N/A;N/A;N/A;N/A;N/A;N/A;N/A;N/A;N/A;N/A;N/A;N/A;N/A;N/A;N/A;N/A;N/A;N/A;N/A;N/A;N/A;N/A;N/A;N/A;N/A;N/A;N/A;N/A;N/A;N/A;N/A;N/A;N/A;N/A;N/A;N/A;N/A;N/A;N/A;N/A;N/A;N/A;N/A;N/A;N/A;N/A;N/A;N/A;N/A;N/A;N/A;N/A;N/A;N/A;N/A;N/A;N/A;N/A;N/A;N/A;N/A;N/A;N/A;N/A;N/A;N/A;N/A;N/A;N/A;N/A;N/A;N/A;N/A;N/A;N/A;;0;283.9;0;0;;Disabled;TempStop;3;740;294.1;150;246.4;0;599.9;549.9;Enabled;PosOk;3;0;0;0;0;0;15;Disabled;0;0;0;0;0;0;0;0;0;0;0;0;0;0;0;0;0;0;0;0;0;0;0;0;0;0;0;0;0;0;0;0;0;0;0;0;0;0;0;0;0;0;0;0;0;0;0;0;0;0;0;0;0;0;0;0;0;0;0;0;0;0;0;0;0;0;0;0;13;23;30;30;20;45;30;30;20;45;30;31;20;45;30;30;20;45;200;215;100;300;200;213;100;300;200;208;100;300;200;208;100;300;30;30;20;45;30;30;20;45;30;31;20;45;30;30;20;45;200;230;100;300;200;229;100;300;200;145;100;300;200;145;100;300;4;3;0.4;6;4;5;0.4;6;4;2;0.4;6;4;5;0.4;6;4;3;0.4;6;4;5;0.4;6;4;2;0.4;6;4;5;0.4;6;NOK;NOK;OK;8000;8067;7500;9000;OK;6.81;0;8;12;NOK;N/A;1.85;N/A;N/A;N/A;9;13;7;18;OK;;0;0;0;-;Disabled;TempOk;3;230;34.7;34.7;34.7;0;349.9;441354200 daimler 6900-7200;441354200 daimler 6900-7200;441354200 daimler 6900-7200
20260325_03:14:28;0;3;4;930;918.7;890;970;OK;930;931.3;890;970;OK;932.1;931.6;-20;-15;-50;-25;NOK;-20;-16.1;-50;-25;NOK;-18.3;-18.2;0;-20;-14.8;-50;-25;NOK;300;311;300;565;OK;0;0;N/A;N/A;N/A;N/A;N/A;N/A;N/A;N/A;N/A;N/A;N/A;N/A;N/A;N/A;N/A;N/A;N/A;N/A;N/A;N/A;N/A;N/A;N/A;N/A;N/A;N/A;N/A;N/A;N/A;N/A;N/A;N/A;N/A;N/A;N/A;N/A;N/A;N/A;N/A;N/A;N/A;N/A;N/A;N/A;N/A;N/A;N/A;N/A;N/A;N/A;N/A;N/A;N/A;N/A;N/A;N/A;N/A;N/A;N/A;N/A;N/A;N/A;N/A;N/A;N/A;N/A;N/A;N/A;N/A;N/A;N/A;N/A;N/A;N/A;N/A;N/A;N/A;N/A;N/A;N/A;N/A;N/A;N/A;N/A;N/A;N/A;N/A;N/A;N/A;N/A;N/A;N/A;N/A;N/A;N/A;N/A;N/A;N/A;;0;280.9;0;0;;Disabled;TempStop;3;740;293;145.4;249.8;0;599.9;549.9;Enabled;PosOk;3;0;0.5;0;0;0;15;Disabled;0;0;0;0;0;0;0;0;0;0;0;0;0;0;0;0;0;0;0;0;0;0;0;0;0;0;0;0;0;0;0;0;0;0;0;0;0;0;0;0;0;0;0;0;0;0;0;0;0;0;0;0;0;0;0;0;0;0;0;0;0;0;0;0;0;0;0;0;0;0;30;30;20;45;30;30;20;45;30;31;20;45;30;30;20;45;200;215;100;300;200;213;100;300;200;208;100;300;200;208;100;300;30;30;20;45;30;30;20;45;30;31;20;45;30;30;20;45;200;231;100;300;200;230;100;300;200;144;100;300;200;145;100;300;4;2;0.4;6;4;5;0.4;6;4;2;0.4;6;4;5;0.4;6;4;3;0.4;6;4;5;0.4;6;4;3;0.4;6;4;5;0.4;6;NOK;NOK;OK;8000;8061;7500;9000;OK;6.81;0;8;12;NOK;N/A;1.85;N/A;N/A;N/A;9;12.9;7;18;OK;;0;0;0;-;Disabled;TempOk;3;230;34.4;34.4;34.2;0;349.9;441354200 daimler 6900-7200;441354200 daimler 6900-7200;441354200 daimler 6900-7200
20260325_03:15:04;0;3;5;930;920.9;890;970;OK;930;930.8;890;970;OK;931.8;931.5;-20;-18.6;-50;-25;NOK;-20;-18.9;-50;-25;NOK;-18.8;-19.4;0;-20;-18.5;-50;-25;NOK;300;311;300;565;OK;0;0;N/A;N/A;N/A;N/A;N/A;N/A;N/A;N/A;N/A;N/A;N/A;N/A;N/A;N/A;N/A;N/A;N/A;N/A;N/A;N/A;N/A;N/A;N/A;N/A;N/A;N/A;N/A;N/A;N/A;N/A;N/A;N/A;N/A;N/A;N/A;N/A;N/A;N/A;N/A;N/A;N/A;N/A;N/A;N/A;N/A;N/A;N/A;N/A;N/A;N/A;N/A;N/A;N/A;N/A;N/A;N/A;N/A;N/A;N/A;N/A;N/A;N/A;N/A;N/A;N/A;N/A;N/A;N/A;N/A;N/A;N/A;N/A;N/A;N/A;N/A;N/A;N/A;N/A;N/A;N/A;N/A;N/A;N/A;N/A;N/A;N/A;N/A;N/A;N/A;N/A;N/A;N/A;N/A;N/A;N/A;N/A;N/A;N/A;;0;281.5;0;0;;Disabled;TempStop;3;740;290.8;145.5;250.1;0;599.9;549.9;Enabled;PosOk;3;0;1;0;0;0;15;Disabled;0;0;0;0;0;0;0;0;0;0;0;0;0;0;0;0;0;0;0;0;0;0;0;0;0;0;0;0;0;0;0;0;0;0;0;0;0;0;0;0;0;0;0;0;0;0;0;0;0;0;0;0;0;0;0;0;0;0;0;0;0;0;0;0;0;0;0;0;0;0;30;30;20;45;30;30;20;45;30;31;20;45;30;30;20;45;200;215;100;300;200;213;100;300;200;208;100;300;200;208;100;300;30;30;20;45;30;30;20;45;30;31;20;45;30;30;20;45;200;231;100;300;200;229;100;300;200;144;100;300;200;145;100;300;4;3;0.4;6;4;5;0.4;6;4;2;0.4;6;4;5;0.4;6;4;3;0.4;6;4;5;0.4;6;4;2;0.4;6;4;5;0.4;6;NOK;NOK;OK;8000;8064;7500;9000;OK;6.81;0;8;12;NOK;N/A;1.85;N/A;N/A;N/A;9;12.9;7;18;OK;;0;0;0;-;Disabled;TempOk;3;230;34.4;34.2;34.2;0;349.9;441354200 daimler 6900-7200;441354200 daimler 6900-7200;441354200 daimler 6900-7200
20260325_03:15:39;0;1;1;930;919.4;890;970;OK;930;931.7;890;970;OK;932;932;-20;-17.2;-50;-25;NOK;-20;-17.1;-50;-25;NOK;-16.7;-16.7;0;-20;-17.3;-50;-25;NOK;300;311;300;565;OK;0;0;N/A;N/A;N/A;N/A;N/A;N/A;N/A;N/A;N/A;N/A;N/A;N/A;N/A;N/A;N/A;N/A;N/A;N/A;N/A;N/A;N/A;N/A;N/A;N/A;N/A;N/A;N/A;N/A;N/A;N/A;N/A;N/A;N/A;N/A;N/A;N/A;N/A;N/A;N/A;N/A;N/A;N/A;N/A;N/A;N/A;N/A;N/A;N/A;N/A;N/A;N/A;N/A;N/A;N/A;N/A;N/A;N/A;N/A;N/A;N/A;N/A;N/A;N/A;N/A;N/A;N/A;N/A;N/A;N/A;N/A;N/A;N/A;N/A;N/A;N/A;N/A;N/A;N/A;N/A;N/A;N/A;N/A;N/A;N/A;N/A;N/A;N/A;N/A;N/A;N/A;N/A;N/A;N/A;N/A;N/A;N/A;N/A;N/A;;0;285.1;0;0;;Disabled;TempStop;3;740;295.5;146.6;251.9;0;599.9;549.9;Enabled;PosOk;3;0;0;0;0;0;15;Disabled;0;0;0;0;0;0;0;0;0;0;0;0;0;0;0;0;0;0;0;0;0;0;0;0;0;0;0;0;0;0;0;0;0;0;0;0;0;0;0;0;0;0;0;0;0;0;0;0;0;0;0;0;0;0;0;0;0;0;0;0;0;0;0;0;0;0;0;0;0;0;30;30;20;45;30;30;20;45;30;30;20;45;30;30;20;45;200;216;100;300;200;214;100;300;200;208;100;300;200;208;100;300;30;30;20;45;30;30;20;45;30;31;20;45;30;30;20;45;200;231;100;300;200;229;100;300;200;144;100;300;200;145;100;300;4;2;0.4;6;4;5;0.4;6;4;2;0.4;6;4;5;0.4;6;4;3;0.4;6;4;5;0.4;6;4;2;0.4;6;4;5;0.4;6;NOK;NOK;OK;8000;8064;7500;9000;OK;6.81;0;8;12;NOK;N/A;1.85;N/A;N/A;N/A;9;12.8;7;18;OK;;0;0;0;-;Disabled;TempOk;3;230;34.4;34.4;33.7;0;349.9;441354200 daimler 6900-7200;441354200 daimler 6900-7200;441354200 daimler 6900-7200
20260325_03:16:15;0;3;1;930;919.2;890;970;OK;930;931.7;890;970;OK;933.6;932.9;-20;-16.2;-50;-25;NOK;-20;-16;-50;-25;NOK;-13.6;-14.7;0;-20;-16.3;-50;-25;NOK;300;311;300;565;OK;0;0;N/A;N/A;N/A;N/A;N/A;N/A;N/A;N/A;N/A;N/A;N/A;N/A;N/A;N/A;N/A;N/A;N/A;N/A;N/A;N/A;N/A;N/A;N/A;N/A;N/A;N/A;N/A;N/A;N/A;N/A;N/A;N/A;N/A;N/A;N/A;N/A;N/A;N/A;N/A;N/A;N/A;N/A;N/A;N/A;N/A;N/A;N/A;N/A;N/A;N/A;N/A;N/A;N/A;N/A;N/A;N/A;N/A;N/A;N/A;N/A;N/A;N/A;N/A;N/A;N/A;N/A;N/A;N/A;N/A;N/A;N/A;N/A;N/A;N/A;N/A;N/A;N/A;N/A;N/A;N/A;N/A;N/A;N/A;N/A;N/A;N/A;N/A;N/A;N/A;N/A;N/A;N/A;N/A;N/A;N/A;N/A;N/A;N/A;;0;282.1;0;0;;Disabled;TempStop;3;740;291.4;146.8;249.6;0;599.9;549.9;Enabled;PosOk;3;0;0.5;0;0;0;15;Disabled;0;0;0;0;0;0;0;0;0;0;0;0;0;0;0;0;0;0;0;0;0;0;0;0;0;0;0;0;0;0;0;0;0;0;0;0;0;0;0;0;0;0;0;0;0;0;0;0;0;0;0;0;0;0;0;0;0;0;0;0;0;0;0;0;0;0;0;0;0;0;30;30;20;45;30;29;20;45;30;30;20;45;30;29;20;45;200;215;100;300;200;212;100;300;200;208;100;300;200;207;100;300;30;29;20;45;30;29;20;45;30;30;20;45;30;29;20;45;200;231;100;300;200;229;100;300;200;144;100;300;200;145;100;300;4;2;0.4;6;4;5;0.4;6;4;2;0.4;6;4;5;0.4;6;4;3;0.4;6;4;5;0.4;6;4;3;0.4;6;4;5;0.4;6;NOK;NOK;OK;8000;8067;7500;9000;OK;6.81;0;8;12;NOK;N/A;1.85;N/A;N/A;N/A;9;12.7;7;18;OK;;0;0;0;-;Disabled;TempOk;3;230;34.7;34.4;34.4;0;349.9;441354200 daimler 6900-7200;441354200 daimler 6900-7200;441354200 daimler 6900-7200
20260325_03:16:51;0;1;2;930;919.4;890;970;OK;930;931.4;890;970;OK;932.7;932;-20;-14.8;-50;-25;NOK;-20;-15.3;-50;-25;NOK;-15.9;-16.4;0;-20;-14.7;-50;-25;NOK;300;311;300;565;OK;0;0;N/A;N/A;N/A;N/A;N/A;N/A;N/A;N/A;N/A;N/A;N/A;N/A;N/A;N/A;N/A;N/A;N/A;N/A;N/A;N/A;N/A;N/A;N/A;N/A;N/A;N/A;N/A;N/A;N/A;N/A;N/A;N/A;N/A;N/A;N/A;N/A;N/A;N/A;N/A;N/A;N/A;N/A;N/A;N/A;N/A;N/A;N/A;N/A;N/A;N/A;N/A;N/A;N/A;N/A;N/A;N/A;N/A;N/A;N/A;N/A;N/A;N/A;N/A;N/A;N/A;N/A;N/A;N/A;N/A;N/A;N/A;N/A;N/A;N/A;N/A;N/A;N/A;N/A;N/A;N/A;N/A;N/A;N/A;N/A;N/A;N/A;N/A;N/A;N/A;N/A;N/A;N/A;N/A;N/A;N/A;N/A;N/A;N/A;;0;282.3;0;0;;Disabled;TempStop;3;740;292.4;149.8;249.3;0;599.9;549.9;Enabled;PosOk;3;0;1;0;0;0;15;Disabled;0;0;0;0;0;0;0;0;0;0;0;0;0;0;0;0;0;0;0;0;0;0;0;0;0;0;0;0;0;0;0;0;0;0;0;0;0;0;0;0;0;0;0;0;0;0;0;0;0;0;0;0;0;0;0;0;0;0;0;0;0;0;0;0;0;0;0;0;0;0;30;29;20;45;30;29;20;45;30;30;20;45;30;29;20;45;200;215;100;300;200;213;100;300;200;208;100;300;200;207;100;300;30;29;20;45;30;29;20;45;30;30;20;45;30;29;20;45;200;230;100;300;200;229;100;300;200;144;100;300;200;145;100;300;4;2;0.4;6;4;5;0.4;6;4;2;0.4;6;4;5;0.4;6;4;3;0.4;6;4;5;0.4;6;4;2;0.4;6;4;5;0.4;6;NOK;NOK;OK;8000;8071;7500;9000;OK;6.81;0;8;12;NOK;N/A;1.85;N/A;N/A;N/A;9;12.7;7;18;OK;;0;0;0;-;Disabled;TempOk;3;230;33.9;34.2;34.4;0;349.9;441354200 daimler 6900-7200;441354200 daimler 6900-7200;441354200 daimler 6900-7200
20260325_03:17:27;0;3;2;930;919.1;890;970;OK;930;931.6;890;970;OK;932.7;932.1;-20;-16.3;-50;-25;NOK;-20;-16.9;-50;-25;NOK;-15.4;-16.6;0;-20;-16.2;-50;-25;NOK;300;311;300;565;OK;0;0;N/A;N/A;N/A;N/A;N/A;N/A;N/A;N/A;N/A;N/A;N/A;N/A;N/A;N/A;N/A;N/A;N/A;N/A;N/A;N/A;N/A;N/A;N/A;N/A;N/A;N/A;N/A;N/A;N/A;N/A;N/A;N/A;N/A;N/A;N/A;N/A;N/A;N/A;N/A;N/A;N/A;N/A;N/A;N/A;N/A;N/A;N/A;N/A;N/A;N/A;N/A;N/A;N/A;N/A;N/A;N/A;N/A;N/A;N/A;N/A;N/A;N/A;N/A;N/A;N/A;N/A;N/A;N/A;N/A;N/A;N/A;N/A;N/A;N/A;N/A;N/A;N/A;N/A;N/A;N/A;N/A;N/A;N/A;N/A;N/A;N/A;N/A;N/A;N/A;N/A;N/A;N/A;N/A;N/A;N/A;N/A;N/A;N/A;;0;281.5;0;0;;Disabled;TempStop;3;740;290.3;144.7;249.1;0;599.9;549.9;Enabled;PosOk;3;0;0;0;0;0;15;Disabled;0;0;0;0;0;0;0;0;0;0;0;0;0;0;0;0;0;0;0;0;0;0;0;0;0;0;0;0;0;0;0;0;0;0;0;0;0;0;0;0;0;0;0;0;0;0;0;0;0;0;0;0;0;0;0;0;0;0;0;0;0;0;0;0;0;0;0;0;0;0;30;29;20;45;30;29;20;45;30;30;20;45;30;29;20;45;200;214;100;300;200;213;100;300;200;207;100;300;200;207;100;300;30;30;20;45;30;29;20;45;30;30;20;45;30;29;20;45;200;231;100;300;200;229;100;300;200;144;100;300;200;144;100;300;4;2;0.4;6;4;5;0.4;6;4;2;0.4;6;4;5;0.4;6;4;3;0.4;6;4;5;0.4;6;4;3;0.4;6;4;5;0.4;6;NOK;NOK;OK;8000;8049;7500;9000;OK;6.8;0;8;12;NOK;N/A;1.85;N/A;N/A;N/A;9;12.6;7;18;OK;;0;0;0;-;Disabled;TempOk;3;230;34.7;33.9;34.7;0;349.9;441354200 daimler 6900-7200;441354200 daimler 6900-7200;441354200 daimler 6900-7200
20260325_03:18:03;0;1;3;930;918.9;890;970;OK;930;931.1;890;970;OK;932.1;931.7;-20;-14.7;-50;-25;NOK;-20;-15.3;-50;-25;NOK;-17.5;-17.1;0;-20;-14.6;-50;-25;NOK;300;311;300;565;OK;0;0;N/A;N/A;N/A;N/A;N/A;N/A;N/A;N/A;N/A;N/A;N/A;N/A;N/A;N/A;N/A;N/A;N/A;N/A;N/A;N/A;N/A;N/A;N/A;N/A;N/A;N/A;N/A;N/A;N/A;N/A;N/A;N/A;N/A;N/A;N/A;N/A;N/A;N/A;N/A;N/A;N/A;N/A;N/A;N/A;N/A;N/A;N/A;N/A;N/A;N/A;N/A;N/A;N/A;N/A;N/A;N/A;N/A;N/A;N/A;N/A;N/A;N/A;N/A;N/A;N/A;N/A;N/A;N/A;N/A;N/A;N/A;N/A;N/A;N/A;N/A;N/A;N/A;N/A;N/A;N/A;N/A;N/A;N/A;N/A;N/A;N/A;N/A;N/A;N/A;N/A;N/A;N/A;N/A;N/A;N/A;N/A;N/A;N/A;;0;283.7;0;0;;Disabled;TempStop;3;740;295.1;147;251.2;0;599.9;549.9;Enabled;PosOk;3;0;0;0;0;0;15;Disabled;0;0;0;0;0;0;0;0;0;0;0;0;0;0;0;0;0;0;0;0;0;0;0;0;0;0;0;0;0;0;0;0;0;0;0;0;0;0;0;0;0;0;0;0;0;0;0;0;0;0;0;0;0;0;0;0;0;0;0;0;0;0;0;0;0;0;0;0;17;35;30;29;20;45;30;30;20;45;30;30;20;45;30;29;20;45;200;215;100;300;200;213;100;300;200;207;100;300;200;207;100;300;30;30;20;45;30;30;20;45;30;30;20;45;30;30;20;45;200;231;100;300;200;229;100;300;200;144;100;300;200;144;100;300;4;2;0.4;6;4;5;0.4;6;4;2;0.4;6;4;5;0.4;6;4;3;0.4;6;4;5;0.4;6;4;3;0.4;6;4;5;0.4;6;NOK;NOK;OK;8000;8064;7500;9000;OK;6.81;0;8;12;NOK;N/A;1.86;N/A;N/A;N/A;9;13.2;7;18;OK;;0;0;0;-;Disabled;TempOk;3;230;34.4;33.7;34.9;0;349.9;441354200 daimler 6900-7200;441354200 daimler 6900-7200;441354200 daimler 6900-7200
20260325_03:18:39;0;3;3;930;918.9;890;970;OK;930;931.4;890;970;OK;932.3;931.8;-20;-15.9;-50;-25;NOK;-20;-16;-50;-25;NOK;-14;-15;0;-20;-15.8;-50;-25;NOK;300;311;300;565;OK;0;0;N/A;N/A;N/A;N/A;N/A;N/A;N/A;N/A;N/A;N/A;N/A;N/A;N/A;N/A;N/A;N/A;N/A;N/A;N/A;N/A;N/A;N/A;N/A;N/A;N/A;N/A;N/A;N/A;N/A;N/A;N/A;N/A;N/A;N/A;N/A;N/A;N/A;N/A;N/A;N/A;N/A;N/A;N/A;N/A;N/A;N/A;N/A;N/A;N/A;N/A;N/A;N/A;N/A;N/A;N/A;N/A;N/A;N/A;N/A;N/A;N/A;N/A;N/A;N/A;N/A;N/A;N/A;N/A;N/A;N/A;N/A;N/A;N/A;N/A;N/A;N/A;N/A;N/A;N/A;N/A;N/A;N/A;N/A;N/A;N/A;N/A;N/A;N/A;N/A;N/A;N/A;N/A;N/A;N/A;N/A;N/A;N/A;N/A;;0;283.5;0;0;;Disabled;TempStop;3;740;303.1;157.2;260.9;0;599.9;549.9;Enabled;PosOk;3;0;1.2;0;0;0;15;Disabled;0;0;0;0;0;0;0;0;0;0;0;0;0;0;0;0;0;0;0;0;0;0;0;0;0;0;0;0;0;0;0;0;0;0;0;0;0;0;0;0;0;0;0;0;0;0;0;0;0;0;0;0;0;0;0;0;0;0;0;0;0;0;0;0;0;0;0;0;0;0;30;30;20;45;30;30;20;45;30;30;20;45;30;30;20;45;200;215;100;300;200;213;100;300;200;208;100;300;200;207;100;300;30;30;20;45;30;30;20;45;30;30;20;45;30;30;20;45;200;230;100;300;200;229;100;300;200;144;100;300;200;144;100;300;4;2;0.4;6;4;5;0.4;6;4;2;0.4;6;4;5;0.4;6;4;3;0.4;6;4;5;0.4;6;4;2;0.4;6;4;5;0.4;6;NOK;NOK;OK;8000;8072;7500;9000;OK;6.81;0;8;12;NOK;N/A;1.85;N/A;N/A;N/A;9;13.4;7;18;OK;;0;0;0;-;Disabled;TempOk;3;230;33.9;33.9;33.7;0;349.9;441354200 daimler 6900-7200;441354200 daimler 6900-7200;441354200 daimler 6900-7200
20260325_03:19:15;0;1;4;930;918.5;890;970;OK;930;931.4;890;970;OK;932.2;931.8;-20;-13.1;-50;-25;NOK;-20;-13.7;-50;-25;NOK;-15.7;-15.3;0;-20;-13.1;-50;-25;NOK;300;311;300;565;OK;0;0;N/A;N/A;N/A;N/A;N/A;N/A;N/A;N/A;N/A;N/A;N/A;N/A;N/A;N/A;N/A;N/A;N/A;N/A;N/A;N/A;N/A;N/A;N/A;N/A;N/A;N/A;N/A;N/A;N/A;N/A;N/A;N/A;N/A;N/A;N/A;N/A;N/A;N/A;N/A;N/A;N/A;N/A;N/A;N/A;N/A;N/A;N/A;N/A;N/A;N/A;N/A;N/A;N/A;N/A;N/A;N/A;N/A;N/A;N/A;N/A;N/A;N/A;N/A;N/A;N/A;N/A;N/A;N/A;N/A;N/A;N/A;N/A;N/A;N/A;N/A;N/A;N/A;N/A;N/A;N/A;N/A;N/A;N/A;N/A;N/A;N/A;N/A;N/A;N/A;N/A;N/A;N/A;N/A;N/A;N/A;N/A;N/A;N/A;;0;283.6;0;0;;Disabled;TempStop;3;740;293.6;149.3;246.8;0;599.9;549.9;Enabled;PosOk;3;0;0;0;0;0;15;Disabled;0;0;0;0;0;0;0;0;0;0;0;0;0;0;0;0;0;0;0;0;0;0;0;0;0;0;0;0;0;0;0;0;0;0;0;0;0;0;0;0;0;0;0;0;0;0;0;0;0;0;0;0;0;0;0;0;0;0;0;0;0;0;0;0;0;0;0;0;18;46;30;30;20;45;30;30;20;45;30;30;20;45;30;30;20;45;200;215;100;300;200;213;100;300;200;207;100;300;200;208;100;300;30;30;20;45;30;30;20;45;30;31;20;45;30;30;20;45;200;230;100;300;200;229;100;300;200;144;100;300;200;145;100;300;4;2;0.4;6;4;5;0.4;6;4;2;0.4;6;4;5;0.4;6;4;3;0.4;6;4;5;0.4;6;4;3;0.4;6;4;5;0.4;6;NOK;NOK;OK;8000;8064;7500;9000;OK;6.81;0;8;12;NOK;N/A;1.85;N/A;N/A;N/A;9;13.5;7;18;OK;;0;0;0;-;Disabled;TempOk;3;230;33.9;34.2;33.4;0;349.9;441354200 daimler 6900-7200;441354200 daimler 6900-7200;441354200 daimler 6900-7200
20260325_03:19:51;0;3;4;930;918.2;890;970;OK;930;931.5;890;970;OK;932.2;931.8;-20;-15;-50;-25;NOK;-20;-16;-50;-25;NOK;-18.3;-18.1;0;-20;-14.9;-50;-25;NOK;300;311;300;565;OK;0;0;N/A;N/A;N/A;N/A;N/A;N/A;N/A;N/A;N/A;N/A;N/A;N/A;N/A;N/A;N/A;N/A;N/A;N/A;N/A;N/A;N/A;N/A;N/A;N/A;N/A;N/A;N/A;N/A;N/A;N/A;N/A;N/A;N/A;N/A;N/A;N/A;N/A;N/A;N/A;N/A;N/A;N/A;N/A;N/A;N/A;N/A;N/A;N/A;N/A;N/A;N/A;N/A;N/A;N/A;N/A;N/A;N/A;N/A;N/A;N/A;N/A;N/A;N/A;N/A;N/A;N/A;N/A;N/A;N/A;N/A;N/A;N/A;N/A;N/A;N/A;N/A;N/A;N/A;N/A;N/A;N/A;N/A;N/A;N/A;N/A;N/A;N/A;N/A;N/A;N/A;N/A;N/A;N/A;N/A;N/A;N/A;N/A;N/A;;0;281.2;0;0;;Disabled;TempStop;3;740;292.2;144;248.8;0;599.9;549.9;Enabled;PosOk;3;0;0.7;0;0;0;15;Disabled;0;0;0;0;0;0;0;0;0;0;0;0;0;0;0;0;0;0;0;0;0;0;0;0;0;0;0;0;0;0;0;0;0;0;0;0;0;0;0;0;0;0;0;0;0;0;0;0;0;0;0;0;0;0;0;0;0;0;0;0;0;0;0;0;0;0;0;0;0;0;30;30;20;45;30;30;20;45;30;30;20;45;30;30;20;45;200;216;100;300;200;213;100;300;200;208;100;300;200;208;100;300;30;30;20;45;30;30;20;45;30;31;20;45;30;30;20;45;200;231;100;300;200;229;100;300;200;144;100;300;200;145;100;300;4;3;0.4;6;4;5;0.4;6;4;2;0.4;6;4;5;0.4;6;4;3;0.4;6;4;5;0.4;6;4;3;0.4;6;4;5;0.4;6;NOK;NOK;OK;8000;8067;7500;9000;OK;6.81;0;8;12;NOK;N/A;1.85;N/A;N/A;N/A;9;13.4;7;18;OK;;0;0;0;-;Disabled;TempOk;3;230;34.2;33.9;33.4;0;349.9;441354200 daimler 6900-7200;441354200 daimler 6900-7200;441354200 daimler 6900-7200
20260325_03:20:27;0;3;5;930;921.1;890;970;OK;930;930.8;890;970;OK;931.8;931.4;-20;-18.6;-50;-25;NOK;-20;-19;-50;-25;NOK;-18.8;-19.3;0;-20;-18.5;-50;-25;NOK;300;311;300;565;OK;0;0;N/A;N/A;N/A;N/A;N/A;N/A;N/A;N/A;N/A;N/A;N/A;N/A;N/A;N/A;N/A;N/A;N/A;N/A;N/A;N/A;N/A;N/A;N/A;N/A;N/A;N/A;N/A;N/A;N/A;N/A;N/A;N/A;N/A;N/A;N/A;N/A;N/A;N/A;N/A;N/A;N/A;N/A;N/A;N/A;N/A;N/A;N/A;N/A;N/A;N/A;N/A;N/A;N/A;N/A;N/A;N/A;N/A;N/A;N/A;N/A;N/A;N/A;N/A;N/A;N/A;N/A;N/A;N/A;N/A;N/A;N/A;N/A;N/A;N/A;N/A;N/A;N/A;N/A;N/A;N/A;N/A;N/A;N/A;N/A;N/A;N/A;N/A;N/A;N/A;N/A;N/A;N/A;N/A;N/A;N/A;N/A;N/A;N/A;;0;281.4;0;0;;Disabled;TempStop;3;740;290.5;144.4;248.5;0;599.9;549.9;Enabled;PosOk;3;0;0.8;0;0;0;15;Disabled;0;0;0;0;0;0;0;0;0;0;0;0;0;0;0;0;0;0;0;0;0;0;0;0;0;0;0;0;0;0;0;0;0;0;0;0;0;0;0;0;0;0;0;0;0;0;0;0;0;0;0;0;0;0;0;0;0;0;0;0;0;0;0;0;0;0;0;0;0;0;30;30;20;45;30;30;20;45;30;30;20;45;30;30;20;45;200;215;100;300;200;213;100;300;200;207;100;300;200;207;100;300;30;30;20;45;30;30;20;45;30;31;20;45;30;30;20;45;200;230;100;300;200;229;100;300;200;144;100;300;200;145;100;300;4;2;0.4;6;4;5;0.4;6;4;2;0.4;6;4;5;0.4;6;4;3;0.4;6;4;5;0.4;6;4;2;0.4;6;4;5;0.4;6;NOK;NOK;OK;8000;8072;7500;9000;OK;6.81;0;8;12;NOK;N/A;1.85;N/A;N/A;N/A;9;13.4;7;18;OK;;0;0;0;-;Disabled;TempOk;3;230;33.9;33.9;34.9;0;349.9;441354200 daimler 6900-7200;441354200 daimler 6900-7200;441354200 daimler 6900-7200
20260325_03:21:03;0;1;1;930;920.2;890;970;OK;930;931.5;890;970;OK;932.6;932.1;-20;-17.2;-50;-25;NOK;-20;-17.2;-50;-25;NOK;-16.8;-16.8;0;-20;-17.3;-50;-25;NOK;300;311;300;565;OK;0;0;N/A;N/A;N/A;N/A;N/A;N/A;N/A;N/A;N/A;N/A;N/A;N/A;N/A;N/A;N/A;N/A;N/A;N/A;N/A;N/A;N/A;N/A;N/A;N/A;N/A;N/A;N/A;N/A;N/A;N/A;N/A;N/A;N/A;N/A;N/A;N/A;N/A;N/A;N/A;N/A;N/A;N/A;N/A;N/A;N/A;N/A;N/A;N/A;N/A;N/A;N/A;N/A;N/A;N/A;N/A;N/A;N/A;N/A;N/A;N/A;N/A;N/A;N/A;N/A;N/A;N/A;N/A;N/A;N/A;N/A;N/A;N/A;N/A;N/A;N/A;N/A;N/A;N/A;N/A;N/A;N/A;N/A;N/A;N/A;N/A;N/A;N/A;N/A;N/A;N/A;N/A;N/A;N/A;N/A;N/A;N/A;N/A;N/A;;0;285.8;0;0;;Disabled;TempStop;3;740;296.3;147.4;253.1;0;599.9;549.9;Enabled;PosOk;3;0;0;0;0;0;15;Disabled;0;0;0;0;0;0;0;0;0;0;0;0;0;0;0;0;0;0;0;0;0;0;0;0;0;0;0;0;0;0;0;0;0;0;0;0;0;0;0;0;0;0;0;0;0;0;0;0;0;0;0;0;0;0;0;0;0;0;0;0;0;0;0;0;0;0;0;0;0;0;30;30;20;45;30;30;20;45;30;31;20;45;30;30;20;45;200;215;100;300;200;212;100;300;200;209;100;300;200;208;100;300;30;30;20;45;30;30;20;45;30;31;20;45;30;30;20;45;200;231;100;300;200;229;100;300;200;144;100;300;200;145;100;300;4;2;0.4;6;4;5;0.4;6;4;2;0.4;6;4;5;0.4;6;4;3;0.4;6;4;5;0.4;6;4;2;0.4;6;4;5;0.4;6;NOK;NOK;OK;8000;7932;7500;9000;OK;6.81;0;8;12;NOK;N/A;1.85;N/A;N/A;N/A;9;13.4;7;18;OK;;0;0;0;-;Disabled;TempOk;3;230;33.9;33.9;33.7;0;349.9;441354200 daimler 6900-7200;441354200 daimler 6900-7200;441354200 daimler 6900-7200
20260325_03:21:39;0;3;1;930;919.8;890;970;OK;930;931.7;890;970;OK;933.7;932.8;-20;-16.3;-50;-25;NOK;-20;-16;-50;-25;NOK;-13.8;-14.9;0;-20;-16.4;-50;-25;NOK;300;311;300;565;OK;0;0;N/A;N/A;N/A;N/A;N/A;N/A;N/A;N/A;N/A;N/A;N/A;N/A;N/A;N/A;N/A;N/A;N/A;N/A;N/A;N/A;N/A;N/A;N/A;N/A;N/A;N/A;N/A;N/A;N/A;N/A;N/A;N/A;N/A;N/A;N/A;N/A;N/A;N/A;N/A;N/A;N/A;N/A;N/A;N/A;N/A;N/A;N/A;N/A;N/A;N/A;N/A;N/A;N/A;N/A;N/A;N/A;N/A;N/A;N/A;N/A;N/A;N/A;N/A;N/A;N/A;N/A;N/A;N/A;N/A;N/A;N/A;N/A;N/A;N/A;N/A;N/A;N/A;N/A;N/A;N/A;N/A;N/A;N/A;N/A;N/A;N/A;N/A;N/A;N/A;N/A;N/A;N/A;N/A;N/A;N/A;N/A;N/A;N/A;;0;282.7;0;0;;Disabled;TempStop;3;740;291.2;142.8;246.2;0;599.9;549.9;Enabled;PosOk;3;0;0;0;0;0;15;Disabled;0;0;0;0;0;0;0;0;0;0;0;0;0;0;0;0;0;0;0;0;0;0;0;0;0;0;0;0;0;0;0;0;0;0;0;0;0;0;0;0;0;0;0;0;0;0;0;0;0;0;0;0;0;0;0;0;0;0;0;0;0;0;0;0;0;0;0;0;0;0;30;30;20;45;30;30;20;45;30;31;20;45;30;30;20;45;200;216;100;300;200;213;100;300;200;208;100;300;200;207;100;300;30;30;20;45;30;30;20;45;30;31;20;45;30;30;20;45;200;231;100;300;200;230;100;300;200;145;100;300;200;145;100;300;4;3;0.4;6;4;5;0.4;6;4;2;0.4;6;4;5;0.4;6;4;3;0.4;6;4;5;0.4;6;4;2;0.4;6;4;5;0.4;6;NOK;NOK;OK;8000;8074;7500;9000;OK;6.81;0;8;12;NOK;N/A;1.85;N/A;N/A;N/A;9;13.4;7;18;OK;;0;0;0;-;Disabled;TempOk;3;230;34.2;34.4;33.4;0;349.9;441354200 daimler 6900-7200;441354200 daimler 6900-7200;441354200 daimler 6900-7200
20260325_03:22:15;0;1;2;930;919.2;890;970;OK;930;931.4;890;970;OK;932.6;932;-20;-14.8;-50;-25;NOK;-20;-15.4;-50;-25;NOK;-16;-16.4;0;-20;-14.7;-50;-25;NOK;300;311;300;565;OK;0;0;N/A;N/A;N/A;N/A;N/A;N/A;N/A;N/A;N/A;N/A;N/A;N/A;N/A;N/A;N/A;N/A;N/A;N/A;N/A;N/A;N/A;N/A;N/A;N/A;N/A;N/A;N/A;N/A;N/A;N/A;N/A;N/A;N/A;N/A;N/A;N/A;N/A;N/A;N/A;N/A;N/A;N/A;N/A;N/A;N/A;N/A;N/A;N/A;N/A;N/A;N/A;N/A;N/A;N/A;N/A;N/A;N/A;N/A;N/A;N/A;N/A;N/A;N/A;N/A;N/A;N/A;N/A;N/A;N/A;N/A;N/A;N/A;N/A;N/A;N/A;N/A;N/A;N/A;N/A;N/A;N/A;N/A;N/A;N/A;N/A;N/A;N/A;N/A;N/A;N/A;N/A;N/A;N/A;N/A;N/A;N/A;N/A;N/A;;0;282.8;0;0;;Disabled;TempStop;3;740;292.6;144.3;250.4;0;599.9;549.9;Enabled;PosOk;3;0;1;0;0;0;15;Disabled;0;0;0;0;0;0;0;0;0;0;0;0;0;0;0;0;0;0;0;0;0;0;0;0;0;0;0;0;0;0;0;0;0;0;0;0;0;0;0;0;0;0;0;0;0;0;0;0;0;0;0;0;0;0;0;0;0;0;0;0;0;0;0;0;0;0;0;0;0;0;30;30;20;45;30;30;20;45;30;30;20;45;30;30;20;45;200;215;100;300;200;213;100;300;200;208;100;300;200;208;100;300;30;30;20;45;30;30;20;45;30;31;20;45;30;30;20;45;200;231;100;300;200;229;100;300;200;144;100;300;200;145;100;300;4;2;0.4;6;4;5;0.4;6;4;2;0.4;6;4;5;0.4;6;4;3;0.4;6;4;5;0.4;6;4;3;0.4;6;4;5;0.4;6;NOK;NOK;OK;8000;8074;7500;9000;OK;6.81;0;8;12;NOK;N/A;1.85;N/A;N/A;N/A;9;13.5;7;18;OK;;0;0;0;-;Disabled;TempOk;3;230;34.4;34.2;35.4;0;349.9;441354200 daimler 6900-7200;441354200 daimler 6900-7200;441354200 daimler 6900-7200
20260325_03:22:51;0;3;2;930;919.5;890;970;OK;930;931.6;890;970;OK;932.5;931.9;-20;-16.4;-50;-25;NOK;-20;-17;-50;-25;NOK;-15.5;-16.6;0;-20;-16.3;-50;-25;NOK;300;311;300;565;OK;0;0;N/A;N/A;N/A;N/A;N/A;N/A;N/A;N/A;N/A;N/A;N/A;N/A;N/A;N/A;N/A;N/A;N/A;N/A;N/A;N/A;N/A;N/A;N/A;N/A;N/A;N/A;N/A;N/A;N/A;N/A;N/A;N/A;N/A;N/A;N/A;N/A;N/A;N/A;N/A;N/A;N/A;N/A;N/A;N/A;N/A;N/A;N/A;N/A;N/A;N/A;N/A;N/A;N/A;N/A;N/A;N/A;N/A;N/A;N/A;N/A;N/A;N/A;N/A;N/A;N/A;N/A;N/A;N/A;N/A;N/A;N/A;N/A;N/A;N/A;N/A;N/A;N/A;N/A;N/A;N/A;N/A;N/A;N/A;N/A;N/A;N/A;N/A;N/A;N/A;N/A;N/A;N/A;N/A;N/A;N/A;N/A;N/A;N/A;;0;282.3;0;0;;Disabled;TempStop;3;740;291.2;145.5;247.2;0;599.9;549.9;Enabled;PosOk;3;0;0;0;0;0;15;Disabled;0;0;0;0;0;0;0;0;0;0;0;0;0;0;0;0;0;0;0;0;0;0;0;0;0;0;0;0;0;0;0;0;0;0;0;0;0;0;0;0;0;0;0;0;0;0;0;0;0;0;0;0;0;0;0;0;0;0;0;0;0;0;0;0;0;0;0;0;0;0;30;30;20;45;30;30;20;45;30;30;20;45;30;30;20;45;200;215;100;300;200;213;100;300;200;207;100;300;200;207;100;300;30;30;20;45;30;30;20;45;30;31;20;45;30;30;20;45;200;230;100;300;200;229;100;300;200;144;100;300;200;145;100;300;4;3;0.4;6;4;5;0.4;6;4;2;0.4;6;4;5;0.4;6;4;3;0.4;6;4;5;0.4;6;4;3;0.4;6;4;5;0.4;6;NOK;NOK;OK;8000;8058;7500;9000;OK;6.81;0;8;12;NOK;N/A;1.86;N/A;N/A;N/A;9;13.5;7;18;OK;;0;0;0;-;Disabled;TempOk;3;230;34.7;34.4;33.4;0;349.9;441354200 daimler 6900-7200;441354200 daimler 6900-7200;441354200 daimler 6900-7200
20260325_03:23:27;0;1;3;930;919.8;890;970;OK;930;931;890;970;OK;932.2;931.5;-20;-14.7;-50;-25;NOK;-20;-15.3;-50;-25;NOK;-17.5;-17.1;0;-20;-14.6;-50;-25;NOK;300;311;300;565;OK;0;0;N/A;N/A;N/A;N/A;N/A;N/A;N/A;N/A;N/A;N/A;N/A;N/A;N/A;N/A;N/A;N/A;N/A;N/A;N/A;N/A;N/A;N/A;N/A;N/A;N/A;N/A;N/A;N/A;N/A;N/A;N/A;N/A;N/A;N/A;N/A;N/A;N/A;N/A;N/A;N/A;N/A;N/A;N/A;N/A;N/A;N/A;N/A;N/A;N/A;N/A;N/A;N/A;N/A;N/A;N/A;N/A;N/A;N/A;N/A;N/A;N/A;N/A;N/A;N/A;N/A;N/A;N/A;N/A;N/A;N/A;N/A;N/A;N/A;N/A;N/A;N/A;N/A;N/A;N/A;N/A;N/A;N/A;N/A;N/A;N/A;N/A;N/A;N/A;N/A;N/A;N/A;N/A;N/A;N/A;N/A;N/A;N/A;N/A;;0;283.4;0;0;;Disabled;TempStop;3;740;295.5;151.6;253.3;0;599.9;549.9;Enabled;PosOk;3;0;0;0;0;0;15;Disabled;0;0;0;0;0;0;0;0;0;0;0;0;0;0;0;0;0;0;0;0;0;0;0;0;0;0;0;0;0;0;0;0;0;0;0;0;0;0;0;0;0;0;0;0;0;0;0;0;0;0;0;0;0;0;0;0;0;0;0;0;0;0;0;0;0;0;0;0;22;58;30;30;20;45;30;30;20;45;30;30;20;45;30;29;20;45;200;216;100;300;200;213;100;300;200;208;100;300;200;208;100;300;30;30;20;45;30;30;20;45;30;31;20;45;30;30;20;45;200;230;100;300;200;229;100;300;200;144;100;300;200;145;100;300;4;2;0.4;6;4;5;0.4;6;4;2;0.4;6;4;5;0.4;6;4;2;0.4;6;4;5;0.4;6;4;3;0.4;6;4;5;0.4;6;NOK;NOK;OK;8000;8064;7500;9000;OK;6.81;0;8;12;NOK;N/A;1.85;N/A;N/A;N/A;9;13.6;7;18;OK;;0;0;0;-;Disabled;TempOk;3;230;33.9;33.9;32.9;0;349.9;441354200 daimler 6900-7200;441354200 daimler 6900-7200;441354200 daimler 6900-7200
20260325_03:24:03;0;3;3;930;918.6;890;970;OK;930;931.3;890;970;OK;932.4;932.1;-20;-15.9;-50;-25;NOK;-20;-16;-50;-25;NOK;-14;-15;0;-20;-15.9;-50;-25;NOK;300;311;300;565;OK;0;0;N/A;N/A;N/A;N/A;N/A;N/A;N/A;N/A;N/A;N/A;N/A;N/A;N/A;N/A;N/A;N/A;N/A;N/A;N/A;N/A;N/A;N/A;N/A;N/A;N/A;N/A;N/A;N/A;N/A;N/A;N/A;N/A;N/A;N/A;N/A;N/A;N/A;N/A;N/A;N/A;N/A;N/A;N/A;N/A;N/A;N/A;N/A;N/A;N/A;N/A;N/A;N/A;N/A;N/A;N/A;N/A;N/A;N/A;N/A;N/A;N/A;N/A;N/A;N/A;N/A;N/A;N/A;N/A;N/A;N/A;N/A;N/A;N/A;N/A;N/A;N/A;N/A;N/A;N/A;N/A;N/A;N/A;N/A;N/A;N/A;N/A;N/A;N/A;N/A;N/A;N/A;N/A;N/A;N/A;N/A;N/A;N/A;N/A;;0;282.9;0;0;;Disabled;TempStop;3;740;291.7;144;247.1;0;599.9;549.9;Enabled;PosOk;3;0;1;0;0;0;15;Disabled;0;0;0;0;0;0;0;0;0;0;0;0;0;0;0;0;0;0;0;0;0;0;0;0;0;0;0;0;0;0;0;0;0;0;0;0;0;0;0;0;0;0;0;0;0;0;0;0;0;0;0;0;0;0;0;0;0;0;0;0;0;0;0;0;0;0;0;0;0;0;30;30;20;45;30;29;20;45;30;30;20;45;30;29;20;45;200;216;100;300;200;213;100;300;200;207;100;300;200;207;100;300;30;29;20;45;30;29;20;45;30;30;20;45;30;30;20;45;200;231;100;300;200;229;100;300;200;144;100;300;200;145;100;300;4;2;0.4;6;4;5;0.4;6;4;2;0.4;6;4;5;0.4;6;4;3;0.4;6;4;5;0.4;6;4;3;0.4;6;4;5;0.4;6;NOK;NOK;OK;8000;8064;7500;9000;OK;6.81;0;8;12;NOK;N/A;1.85;N/A;N/A;N/A;9;13.1;7;18;OK;;0;0;0;-;Disabled;TempOk;3;230;33.9;33.9;33.4;0;349.9;441354200 daimler 6900-7200;441354200 daimler 6900-7200;441354200 daimler 6900-7200
20260325_03:24:39;0;1;4;930;919.4;890;970;OK;930;931.6;890;970;OK;932.2;931.8;-20;-13.1;-50;-25;NOK;-20;-13.8;-50;-25;NOK;-15.6;-15.3;0;-20;-13.1;-50;-25;NOK;300;311;300;565;OK;0;0;N/A;N/A;N/A;N/A;N/A;N/A;N/A;N/A;N/A;N/A;N/A;N/A;N/A;N/A;N/A;N/A;N/A;N/A;N/A;N/A;N/A;N/A;N/A;N/A;N/A;N/A;N/A;N/A;N/A;N/A;N/A;N/A;N/A;N/A;N/A;N/A;N/A;N/A;N/A;N/A;N/A;N/A;N/A;N/A;N/A;N/A;N/A;N/A;N/A;N/A;N/A;N/A;N/A;N/A;N/A;N/A;N/A;N/A;N/A;N/A;N/A;N/A;N/A;N/A;N/A;N/A;N/A;N/A;N/A;N/A;N/A;N/A;N/A;N/A;N/A;N/A;N/A;N/A;N/A;N/A;N/A;N/A;N/A;N/A;N/A;N/A;N/A;N/A;N/A;N/A;N/A;N/A;N/A;N/A;N/A;N/A;N/A;N/A;;0;283.6;0;0;;Disabled;TempStop;3;740;294.5;148.2;250.8;0;599.9;549.9;Enabled;PosOk;3;0;0;0;0;0;15;Disabled;0;0;0;0;0;0;0;0;0;0;0;0;0;0;0;0;0;0;0;0;0;0;0;0;0;0;0;0;0;0;0;0;0;0;0;0;0;0;0;0;0;0;0;0;0;0;0;0;0;0;0;0;0;0;0;0;0;0;0;0;0;0;0;0;0;0;0;0;24;10;30;30;20;45;30;30;20;45;30;30;20;45;30;30;20;45;200;215;100;300;200;213;100;300;200;208;100;300;200;208;100;300;30;30;20;45;30;30;20;45;30;30;20;45;30;30;20;45;200;231;100;300;200;230;100;300;200;144;100;300;200;145;100;300;4;2;0.4;6;4;5;0.4;6;4;2;0.4;6;4;5;0.4;6;4;3;0.4;6;4;5;0.4;6;4;3;0.4;6;4;5;0.4;6;NOK;NOK;OK;8000;8059;7500;9000;OK;6.81;0;8;12;NOK;N/A;1.86;N/A;N/A;N/A;9;13;7;18;OK;;0;0;0;-;Disabled;TempOk;3;230;34.4;34.4;34.7;0;349.9;441354200 daimler 6900-7200;441354200 daimler 6900-7200;441354200 daimler 6900-7200
20260325_03:25:15;0;3;4;930;919.8;890;970;OK;930;931.3;890;970;OK;932.3;931.5;-20;-15;-50;-25;NOK;-20;-15.8;-50;-25;NOK;-18.3;-18.1;0;-20;-14.9;-50;-25;NOK;300;311;300;565;OK;0;0;N/A;N/A;N/A;N/A;N/A;N/A;N/A;N/A;N/A;N/A;N/A;N/A;N/A;N/A;N/A;N/A;N/A;N/A;N/A;N/A;N/A;N/A;N/A;N/A;N/A;N/A;N/A;N/A;N/A;N/A;N/A;N/A;N/A;N/A;N/A;N/A;N/A;N/A;N/A;N/A;N/A;N/A;N/A;N/A;N/A;N/A;N/A;N/A;N/A;N/A;N/A;N/A;N/A;N/A;N/A;N/A;N/A;N/A;N/A;N/A;N/A;N/A;N/A;N/A;N/A;N/A;N/A;N/A;N/A;N/A;N/A;N/A;N/A;N/A;N/A;N/A;N/A;N/A;N/A;N/A;N/A;N/A;N/A;N/A;N/A;N/A;N/A;N/A;N/A;N/A;N/A;N/A;N/A;N/A;N/A;N/A;N/A;N/A;;0;281.8;0;0;;Disabled;TempStop;3;740;292.3;149;247.1;0;599.9;549.9;Enabled;PosOk;3;0;0.7;0;0;0;15;Disabled;0;0;0;0;0;0;0;0;0;0;0;0;0;0;0;0;0;0;0;0;0;0;0;0;0;0;0;0;0;0;0;0;0;0;0;0;0;0;0;0;0;0;0;0;0;0;0;0;0;0;0;0;0;0;0;0;0;0;0;0;0;0;0;0;0;0;0;0;0;0;30;30;20;45;30;30;20;45;30;30;20;45;30;30;20;45;200;215;100;300;200;213;100;300;200;208;100;300;200;207;100;300;30;30;20;45;30;30;20;45;30;31;20;45;30;30;20;45;200;231;100;300;200;229;100;300;200;145;100;300;200;145;100;300;4;2;0.4;6;4;5;0.4;6;4;2;0.4;6;4;5;0.4;6;4;3;0.4;6;4;5;0.4;6;4;3;0.4;6;4;5;0.4;6;NOK;NOK;OK;8000;8079;7500;9000;OK;6.82;0;8;12;NOK;N/A;1.85;N/A;N/A;N/A;9;13;7;18;OK;;0;0;0;-;Disabled;TempOk;3;230;34.2;34.2;33.4;0;349.9;441354200 daimler 6900-7200;441354200 daimler 6900-7200;441354200 daimler 6900-7200
20260325_03:25:51;0;3;5;930;920.5;890;970;OK;930;930.9;890;970;OK;932;931.4;-20;-18.8;-50;-25;NOK;-20;-18.8;-50;-25;NOK;-18.7;-19.2;0;-20;-18.6;-50;-25;NOK;300;311;300;565;OK;0;0;N/A;N/A;N/A;N/A;N/A;N/A;N/A;N/A;N/A;N/A;N/A;N/A;N/A;N/A;N/A;N/A;N/A;N/A;N/A;N/A;N/A;N/A;N/A;N/A;N/A;N/A;N/A;N/A;N/A;N/A;N/A;N/A;N/A;N/A;N/A;N/A;N/A;N/A;N/A;N/A;N/A;N/A;N/A;N/A;N/A;N/A;N/A;N/A;N/A;N/A;N/A;N/A;N/A;N/A;N/A;N/A;N/A;N/A;N/A;N/A;N/A;N/A;N/A;N/A;N/A;N/A;N/A;N/A;N/A;N/A;N/A;N/A;N/A;N/A;N/A;N/A;N/A;N/A;N/A;N/A;N/A;N/A;N/A;N/A;N/A;N/A;N/A;N/A;N/A;N/A;N/A;N/A;N/A;N/A;N/A;N/A;N/A;N/A;;0;281.7;0;0;;Disabled;TempStop;3;740;290.7;145.6;248.8;0;599.9;549.9;Enabled;PosOk;3;0;0.7;0;0;0;15;Disabled;0;0;0;0;0;0;0;0;0;0;0;0;0;0;0;0;0;0;0;0;0;0;0;0;0;0;0;0;0;0;0;0;0;0;0;0;0;0;0;0;0;0;0;0;0;0;0;0;0;0;0;0;0;0;0;0;0;0;0;0;0;0;0;0;0;0;0;0;0;0;30;30;20;45;30;30;20;45;30;30;20;45;30;30;20;45;200;215;100;300;200;213;100;300;200;208;100;300;200;207;100;300;30;30;20;45;30;30;20;45;30;31;20;45;30;30;20;45;200;230;100;300;200;229;100;300;200;144;100;300;200;144;100;300;4;2;0.4;6;4;5;0.4;6;4;2;0.4;6;4;5;0.4;6;4;3;0.4;6;4;5;0.4;6;4;2;0.4;6;4;5;0.4;6;NOK;NOK;OK;8000;8053;7500;9000;OK;6.81;0;8;12;NOK;N/A;1.85;N/A;N/A;N/A;9;12.9;7;18;OK;;0;0;0;-;Disabled;TempOk;3;230;34.4;34.4;33.4;0;349.9;441354200 daimler 6900-7200;441354200 daimler 6900-7200;441354200 daimler 6900-7200
20260325_03:26:26;0;1;1;930;919.1;890;970;OK;930;931.6;890;970;OK;932.2;931.8;-20;-17.4;-50;-25;NOK;-20;-17.2;-50;-25;NOK;-16.9;-16.8;0;-20;-17.5;-50;-25;NOK;300;311;300;565;OK;0;0;N/A;N/A;N/A;N/A;N/A;N/A;N/A;N/A;N/A;N/A;N/A;N/A;N/A;N/A;N/A;N/A;N/A;N/A;N/A;N/A;N/A;N/A;N/A;N/A;N/A;N/A;N/A;N/A;N/A;N/A;N/A;N/A;N/A;N/A;N/A;N/A;N/A;N/A;N/A;N/A;N/A;N/A;N/A;N/A;N/A;N/A;N/A;N/A;N/A;N/A;N/A;N/A;N/A;N/A;N/A;N/A;N/A;N/A;N/A;N/A;N/A;N/A;N/A;N/A;N/A;N/A;N/A;N/A;N/A;N/A;N/A;N/A;N/A;N/A;N/A;N/A;N/A;N/A;N/A;N/A;N/A;N/A;N/A;N/A;N/A;N/A;N/A;N/A;N/A;N/A;N/A;N/A;N/A;N/A;N/A;N/A;N/A;N/A;;0;285.5;0;0;;Disabled;TempStop;3;740;295.7;154.3;252.8;0;599.9;549.9;Enabled;PosOk;3;0;0;0;0;0;15;Disabled;0;0;0;0;0;0;0;0;0;0;0;0;0;0;0;0;0;0;0;0;0;0;0;0;0;0;0;0;0;0;0;0;0;0;0;0;0;0;0;0;0;0;0;0;0;0;0;0;0;0;0;0;0;0;0;0;0;0;0;0;0;0;0;0;0;0;0;0;0;0;30;30;20;45;30;30;20;45;30;30;20;45;30;29;20;45;200;215;100;300;200;213;100;300;200;207;100;300;200;207;100;300;30;29;20;45;30;29;20;45;30;30;20;45;30;30;20;45;200;231;100;300;200;229;100;300;200;144;100;300;200;145;100;300;4;2;0.4;6;4;5;0.4;6;4;2;0.4;6;4;5;0.4;6;4;2;0.4;6;4;5;0.4;6;4;2;0.4;6;4;5;0.4;6;NOK;NOK;OK;8000;8066;7500;9000;OK;6.81;0;8;12;NOK;N/A;1.85;N/A;N/A;N/A;9;12.8;7;18;OK;;0;0;0;-;Disabled;TempOk;3;230;34.4;34.2;33.7;0;349.9;441354200 daimler 6900-7200;441354200 daimler 6900-7200;441354200 daimler 6900-7200
20260325_03:27:02;0;3;1;930;919.5;890;970;OK;930;931.7;890;970;OK;933.7;932.7;-20;-16.3;-50;-25;NOK;-20;-15.9;-50;-25;NOK;-13.6;-14.7;0;-20;-16.4;-50;-25;NOK;300;311;300;565;OK;0;0;N/A;N/A;N/A;N/A;N/A;N/A;N/A;N/A;N/A;N/A;N/A;N/A;N/A;N/A;N/A;N/A;N/A;N/A;N/A;N/A;N/A;N/A;N/A;N/A;N/A;N/A;N/A;N/A;N/A;N/A;N/A;N/A;N/A;N/A;N/A;N/A;N/A;N/A;N/A;N/A;N/A;N/A;N/A;N/A;N/A;N/A;N/A;N/A;N/A;N/A;N/A;N/A;N/A;N/A;N/A;N/A;N/A;N/A;N/A;N/A;N/A;N/A;N/A;N/A;N/A;N/A;N/A;N/A;N/A;N/A;N/A;N/A;N/A;N/A;N/A;N/A;N/A;N/A;N/A;N/A;N/A;N/A;N/A;N/A;N/A;N/A;N/A;N/A;N/A;N/A;N/A;N/A;N/A;N/A;N/A;N/A;N/A;N/A;;0;282.7;0;0;;Disabled;TempStop;3;740;292.4;144.8;248.9;0;599.9;549.9;Enabled;PosOk;3;0;0.5;0;0;0;15;Disabled;0;0;0;0;0;0;0;0;0;0;0;0;0;0;0;0;0;0;0;0;0;0;0;0;0;0;0;0;0;0;0;0;0;0;0;0;0;0;0;0;0;0;0;0;0;0;0;0;0;0;0;0;0;0;0;0;0;0;0;0;0;0;0;0;0;0;0;0;0;0;30;30;20;45;30;30;20;45;30;30;20;45;30;30;20;45;200;215;100;300;200;212;100;300;200;208;100;300;200;207;100;300;30;30;20;45;30;30;20;45;30;30;20;45;30;30;20;45;200;231;100;300;200;228;100;300;200;144;100;300;200;144;100;300;4;2;0.4;6;4;5;0.4;6;4;2;0.4;6;4;5;0.4;6;4;3;0.4;6;4;5;0.4;6;4;3;0.4;6;4;5;0.4;6;NOK;NOK;OK;8000;8080;7500;9000;OK;6.81;0;8;12;NOK;N/A;1.85;N/A;N/A;N/A;9;12.7;7;18;OK;;0;0;0;-;Disabled;TempOk;3;230;34.4;34.4;33.7;0;349.9;441354200 daimler 6900-7200;441354200 daimler 6900-7200;441354200 daimler 6900-7200
20260325_03:27:38;0;1;2;930;919.2;890;970;OK;930;931.4;890;970;OK;932.8;932;-20;-14.9;-50;-25;NOK;-20;-15.5;-50;-25;NOK;-16;-16.4;0;-20;-14.8;-50;-25;NOK;300;311;300;565;OK;0;0;N/A;N/A;N/A;N/A;N/A;N/A;N/A;N/A;N/A;N/A;N/A;N/A;N/A;N/A;N/A;N/A;N/A;N/A;N/A;N/A;N/A;N/A;N/A;N/A;N/A;N/A;N/A;N/A;N/A;N/A;N/A;N/A;N/A;N/A;N/A;N/A;N/A;N/A;N/A;N/A;N/A;N/A;N/A;N/A;N/A;N/A;N/A;N/A;N/A;N/A;N/A;N/A;N/A;N/A;N/A;N/A;N/A;N/A;N/A;N/A;N/A;N/A;N/A;N/A;N/A;N/A;N/A;N/A;N/A;N/A;N/A;N/A;N/A;N/A;N/A;N/A;N/A;N/A;N/A;N/A;N/A;N/A;N/A;N/A;N/A;N/A;N/A;N/A;N/A;N/A;N/A;N/A;N/A;N/A;N/A;N/A;N/A;N/A;;0;283;0;0;;Disabled;TempStop;3;740;292.1;145.4;249.1;0;599.9;549.9;Enabled;PosOk;3;0;0.8;0;0;0;15;Disabled;0;0;0;0;0;0;0;0;0;0;0;0;0;0;0;0;0;0;0;0;0;0;0;0;0;0;0;0;0;0;0;0;0;0;0;0;0;0;0;0;0;0;0;0;0;0;0;0;0;0;0;0;0;0;0;0;0;0;0;0;0;0;0;0;0;0;0;0;0;0;30;30;20;45;30;30;20;45;30;30;20;45;30;30;20;45;200;215;100;300;200;212;100;300;200;207;100;300;200;208;100;300;30;30;20;45;30;30;20;45;30;31;20;45;30;30;20;45;200;231;100;300;200;229;100;300;200;144;100;300;200;145;100;300;4;2;0.4;6;4;5;0.4;6;4;2;0.4;6;4;5;0.4;6;4;3;0.4;6;4;5;0.4;6;4;2;0.4;6;4;5;0.4;6;NOK;NOK;OK;8000;8058;7500;9000;OK;6.81;0;8;12;NOK;N/A;1.85;N/A;N/A;N/A;9;12.7;7;18;OK;;0;0;0;-;Disabled;TempOk;3;230;34.7;34.4;33.7;0;349.9;441354200 daimler 6900-7200;441354200 daimler 6900-7200;441354200 daimler 6900-7200
20260325_03:28:14;0;3;2;930;919;890;970;OK;930;931.5;890;970;OK;932.7;932.1;-20;-16.5;-50;-25;NOK;-20;-16.9;-50;-25;NOK;-15.4;-16.5;0;-20;-16.3;-50;-25;NOK;300;311;300;565;OK;0;0;N/A;N/A;N/A;N/A;N/A;N/A;N/A;N/A;N/A;N/A;N/A;N/A;N/A;N/A;N/A;N/A;N/A;N/A;N/A;N/A;N/A;N/A;N/A;N/A;N/A;N/A;N/A;N/A;N/A;N/A;N/A;N/A;N/A;N/A;N/A;N/A;N/A;N/A;N/A;N/A;N/A;N/A;N/A;N/A;N/A;N/A;N/A;N/A;N/A;N/A;N/A;N/A;N/A;N/A;N/A;N/A;N/A;N/A;N/A;N/A;N/A;N/A;N/A;N/A;N/A;N/A;N/A;N/A;N/A;N/A;N/A;N/A;N/A;N/A;N/A;N/A;N/A;N/A;N/A;N/A;N/A;N/A;N/A;N/A;N/A;N/A;N/A;N/A;N/A;N/A;N/A;N/A;N/A;N/A;N/A;N/A;N/A;N/A;;0;281.9;0;0;;Disabled;TempStop;3;740;290.7;142.7;247.3;0;599.9;549.9;Enabled;PosOk;3;0;0;0;0;0;15;Disabled;0;0;0;0;0;0;0;0;0;0;0;0;0;0;0;0;0;0;0;0;0;0;0;0;0;0;0;0;0;0;0;0;0;0;0;0;0;0;0;0;0;0;0;0;0;0;0;0;0;0;0;0;0;0;0;0;0;0;0;0;0;0;0;0;0;0;0;0;0;0;30;30;20;45;30;30;20;45;30;30;20;45;30;30;20;45;200;215;100;300;200;213;100;300;200;207;100;300;200;207;100;300;30;30;20;45;30;30;20;45;30;31;20;45;30;30;20;45;200;230;100;300;200;229;100;300;200;144;100;300;200;145;100;300;4;2;0.4;6;4;5;0.4;6;4;2;0.4;6;4;5;0.4;6;4;3;0.4;6;4;5;0.4;6;4;3;0.4;6;4;5;0.4;6;NOK;NOK;OK;8000;8065;7500;9000;OK;6.81;0;8;12;NOK;N/A;1.85;N/A;N/A;N/A;9;12.6;7;18;OK;;0;0;0;-;Disabled;TempOk;3;230;34.4;34.2;33.9;0;349.9;441354200 daimler 6900-7200;441354200 daimler 6900-7200;441354200 daimler 6900-7200
20260325_03:28:50;0;1;3;930;919.4;890;970;OK;930;931;890;970;OK;932.4;931.6;-20;-14.7;-50;-25;NOK;-20;-15.3;-50;-25;NOK;-17.5;-17.2;0;-20;-14.6;-50;-25;NOK;300;311;300;565;OK;0;0;N/A;N/A;N/A;N/A;N/A;N/A;N/A;N/A;N/A;N/A;N/A;N/A;N/A;N/A;N/A;N/A;N/A;N/A;N/A;N/A;N/A;N/A;N/A;N/A;N/A;N/A;N/A;N/A;N/A;N/A;N/A;N/A;N/A;N/A;N/A;N/A;N/A;N/A;N/A;N/A;N/A;N/A;N/A;N/A;N/A;N/A;N/A;N/A;N/A;N/A;N/A;N/A;N/A;N/A;N/A;N/A;N/A;N/A;N/A;N/A;N/A;N/A;N/A;N/A;N/A;N/A;N/A;N/A;N/A;N/A;N/A;N/A;N/A;N/A;N/A;N/A;N/A;N/A;N/A;N/A;N/A;N/A;N/A;N/A;N/A;N/A;N/A;N/A;N/A;N/A;N/A;N/A;N/A;N/A;N/A;N/A;N/A;N/A;;0;284.1;0;0;;Disabled;TempStop;3;740;294.5;150.8;248.6;0;599.9;549.9;Enabled;PosOk;3;0;1;0;0;0;15;Disabled;0;0;0;0;0;0;0;0;0;0;0;0;0;0;0;0;0;0;0;0;0;0;0;0;0;0;0;0;0;0;0;0;0;0;0;0;0;0;0;0;0;0;0;0;0;0;0;0;0;0;0;0;0;0;0;0;0;0;0;0;0;0;0;0;0;0;0;0;28;22;30;30;20;45;30;30;20;45;30;31;20;45;30;30;20;45;200;215;100;300;200;213;100;300;200;208;100;300;200;208;100;300;30;30;20;45;30;30;20;45;30;31;20;45;30;30;20;45;200;231;100;300;200;229;100;300;200;144;100;300;200;146;100;300;4;2;0.4;6;4;5;0.4;6;4;2;0.4;6;4;5;0.4;6;4;3;0.4;6;4;5;0.4;6;4;2;0.4;6;4;5;0.4;6;NOK;NOK;OK;8000;8074;7500;9000;OK;6.81;0;8;12;NOK;N/A;1.85;N/A;N/A;N/A;9;13.2;7;18;OK;;0;0;0;-;Disabled;TempOk;3;230;33.9;34.2;33.4;0;349.9;441354200 daimler 6900-7200;441354200 daimler 6900-7200;441354200 daimler 6900-7200
20260325_03:29:26;0;3;3;930;919.2;890;970;OK;930;931.3;890;970;OK;932.4;932;-20;-15.9;-50;-25;NOK;-20;-15.9;-50;-25;NOK;-13.8;-14.9;0;-20;-15.9;-50;-25;NOK;300;311;300;565;OK;0;0;N/A;N/A;N/A;N/A;N/A;N/A;N/A;N/A;N/A;N/A;N/A;N/A;N/A;N/A;N/A;N/A;N/A;N/A;N/A;N/A;N/A;N/A;N/A;N/A;N/A;N/A;N/A;N/A;N/A;N/A;N/A;N/A;N/A;N/A;N/A;N/A;N/A;N/A;N/A;N/A;N/A;N/A;N/A;N/A;N/A;N/A;N/A;N/A;N/A;N/A;N/A;N/A;N/A;N/A;N/A;N/A;N/A;N/A;N/A;N/A;N/A;N/A;N/A;N/A;N/A;N/A;N/A;N/A;N/A;N/A;N/A;N/A;N/A;N/A;N/A;N/A;N/A;N/A;N/A;N/A;N/A;N/A;N/A;N/A;N/A;N/A;N/A;N/A;N/A;N/A;N/A;N/A;N/A;N/A;N/A;N/A;N/A;N/A;;0;283.1;0;0;;Disabled;TempStop;3;740;291.6;148;247.1;0;599.9;549.9;Enabled;PosOk;3;0;1.4;0;0;0;15;Disabled;0;0;0;0;0;0;0;0;0;0;0;0;0;0;0;0;0;0;0;0;0;0;0;0;0;0;0;0;0;0;0;0;0;0;0;0;0;0;0;0;0;0;0;0;0;0;0;0;0;0;0;0;0;0;0;0;0;0;0;0;0;0;0;0;0;0;0;0;0;0;30;30;20;45;30;30;20;45;30;31;20;45;30;30;20;45;200;215;100;300;200;213;100;300;200;208;100;300;200;209;100;300;30;30;20;45;30;30;20;45;30;31;20;45;30;30;20;45;200;231;100;300;200;229;100;300;200;144;100;300;200;145;100;300;4;3;0.4;6;4;5;0.4;6;4;2;0.4;6;4;5;0.4;6;4;3;0.4;6;4;5;0.4;6;4;2;0.4;6;4;5;0.4;6;NOK;NOK;OK;8000;8066;7500;9000;OK;6.81;0;8;12;NOK;N/A;1.85;N/A;N/A;N/A;9;13.2;7;18;OK;;0;0;0;-;Disabled;TempOk;3;230;33.9;34.2;32.9;0;349.9;441354200 daimler 6900-7200;441354200 daimler 6900-7200;441354200 daimler 6900-7200
20260325_03:30:02;0;1;4;930;918.3;890;970;OK;930;931.3;890;970;OK;932.2;931.7;-20;-13.2;-50;-25;NOK;-20;-13.6;-50;-25;NOK;-15.8;-15.4;0;-20;-13.1;-50;-25;NOK;300;311;300;565;OK;0;0;N/A;N/A;N/A;N/A;N/A;N/A;N/A;N/A;N/A;N/A;N/A;N/A;N/A;N/A;N/A;N/A;N/A;N/A;N/A;N/A;N/A;N/A;N/A;N/A;N/A;N/A;N/A;N/A;N/A;N/A;N/A;N/A;N/A;N/A;N/A;N/A;N/A;N/A;N/A;N/A;N/A;N/A;N/A;N/A;N/A;N/A;N/A;N/A;N/A;N/A;N/A;N/A;N/A;N/A;N/A;N/A;N/A;N/A;N/A;N/A;N/A;N/A;N/A;N/A;N/A;N/A;N/A;N/A;N/A;N/A;N/A;N/A;N/A;N/A;N/A;N/A;N/A;N/A;N/A;N/A;N/A;N/A;N/A;N/A;N/A;N/A;N/A;N/A;N/A;N/A;N/A;N/A;N/A;N/A;N/A;N/A;N/A;N/A;;0;285.1;0;0;;Disabled;TempStop;3;740;294.2;149.7;266.1;0;599.9;549.9;Enabled;PosOk;3;0;0;0;0;0;15;Disabled;0;0;0;0;0;0;0;0;0;0;0;0;0;0;0;0;0;0;0;0;0;0;0;0;0;0;0;0;0;0;0;0;0;0;0;0;0;0;0;0;0;0;0;0;0;0;0;0;0;0;0;0;0;0;0;0;0;0;0;0;0;0;0;0;0;0;0;0;29;33;30;30;20;45;30;29;20;45;30;30;20;45;30;29;20;45;200;215;100;300;200;213;100;300;200;208;100;300;200;208;100;300;30;30;20;45;30;29;20;45;30;30;20;45;30;30;20;45;200;231;100;300;200;229;100;300;200;144;100;300;200;145;100;300;4;3;0.4;6;4;5;0.4;6;4;3;0.4;6;4;5;0.4;6;4;3;0.4;6;4;5;0.4;6;4;3;0.4;6;4;5;0.4;6;NOK;NOK;OK;8000;8074;7500;9000;OK;6.81;0;8;12;NOK;N/A;1.85;N/A;N/A;N/A;9;13.3;7;18;OK;;0;0;0;-;Disabled;TempOk;3;230;34.4;34.2;33.4;0;349.9;441354200 daimler 6900-7200;441354200 daimler 6900-7200;441354200 daimler 6900-7200
20260325_03:30:38;0;3;4;930;919.3;890;970;OK;930;931.4;890;970;OK;932.3;931.8;-20;-14.9;-50;-25;NOK;-20;-16.4;-50;-25;NOK;-18.2;-18.2;0;-20;-14.6;-50;-25;NOK;300;311;300;565;OK;0;0;N/A;N/A;N/A;N/A;N/A;N/A;N/A;N/A;N/A;N/A;N/A;N/A;N/A;N/A;N/A;N/A;N/A;N/A;N/A;N/A;N/A;N/A;N/A;N/A;N/A;N/A;N/A;N/A;N/A;N/A;N/A;N/A;N/A;N/A;N/A;N/A;N/A;N/A;N/A;N/A;N/A;N/A;N/A;N/A;N/A;N/A;N/A;N/A;N/A;N/A;N/A;N/A;N/A;N/A;N/A;N/A;N/A;N/A;N/A;N/A;N/A;N/A;N/A;N/A;N/A;N/A;N/A;N/A;N/A;N/A;N/A;N/A;N/A;N/A;N/A;N/A;N/A;N/A;N/A;N/A;N/A;N/A;N/A;N/A;N/A;N/A;N/A;N/A;N/A;N/A;N/A;N/A;N/A;N/A;N/A;N/A;N/A;N/A;;0;281.9;0;0;;Disabled;TempStop;3;740;293.7;146.7;251.9;0;599.9;549.9;Enabled;PosOk;3;0;0.3;0;0;0;15;Disabled;0;0;0;0;0;0;0;0;0;0;0;0;0;0;0;0;0;0;0;0;0;0;0;0;0;0;0;0;0;0;0;0;0;0;0;0;0;0;0;0;0;0;0;0;0;0;0;0;0;0;0;0;0;0;0;0;0;0;0;0;0;0;0;0;0;0;0;0;0;0;30;30;20;45;30;30;20;45;30;30;20;45;30;30;20;45;200;215;100;300;200;213;100;300;200;208;100;300;200;207;100;300;30;30;20;45;30;30;20;45;30;30;20;45;30;30;20;45;200;231;100;300;200;230;100;300;200;144;100;300;200;145;100;300;4;3;0.4;6;4;5;0.4;6;4;2;0.4;6;4;5;0.4;6;4;3;0.4;6;4;5;0.4;6;4;3;0.4;6;4;5;0.4;6;NOK;NOK;OK;8000;8075;7500;9000;OK;6.81;0;8;12;NOK;N/A;1.85;N/A;N/A;N/A;9;13.5;7;18;OK;;0;0;0;-;Disabled;TempOk;3;230;33.7;33.7;33.4;0;349.9;441354200 daimler 6900-7200;441354200 daimler 6900-7200;441354200 daimler 6900-7200
20260325_03:31:14;0;3;5;930;920.8;890;970;OK;930;930.8;890;970;OK;931.9;931.5;-20;-18.4;-50;-25;NOK;-20;-19.2;-50;-25;NOK;-18.9;-19.6;0;-20;-18.4;-50;-25;NOK;300;311;300;565;OK;0;0;N/A;N/A;N/A;N/A;N/A;N/A;N/A;N/A;N/A;N/A;N/A;N/A;N/A;N/A;N/A;N/A;N/A;N/A;N/A;N/A;N/A;N/A;N/A;N/A;N/A;N/A;N/A;N/A;N/A;N/A;N/A;N/A;N/A;N/A;N/A;N/A;N/A;N/A;N/A;N/A;N/A;N/A;N/A;N/A;N/A;N/A;N/A;N/A;N/A;N/A;N/A;N/A;N/A;N/A;N/A;N/A;N/A;N/A;N/A;N/A;N/A;N/A;N/A;N/A;N/A;N/A;N/A;N/A;N/A;N/A;N/A;N/A;N/A;N/A;N/A;N/A;N/A;N/A;N/A;N/A;N/A;N/A;N/A;N/A;N/A;N/A;N/A;N/A;N/A;N/A;N/A;N/A;N/A;N/A;N/A;N/A;N/A;N/A;;0;282.2;0;0;;Disabled;TempStop;3;740;291.5;145.9;255.9;0;599.9;549.9;Enabled;PosOk;3;0;0.5;0;0;0;15;Disabled;0;0;0;0;0;0;0;0;0;0;0;0;0;0;0;0;0;0;0;0;0;0;0;0;0;0;0;0;0;0;0;0;0;0;0;0;0;0;0;0;0;0;0;0;0;0;0;0;0;0;0;0;0;0;0;0;0;0;0;0;0;0;0;0;0;0;0;0;0;0;30;30;20;45;30;30;20;45;30;30;20;45;30;30;20;45;200;215;100;300;200;213;100;300;200;208;100;300;200;208;100;300;30;30;20;45;30;30;20;45;30;31;20;45;30;30;20;45;200;231;100;300;200;229;100;300;200;144;100;300;200;145;100;300;4;2;0.4;6;4;5;0.4;6;4;2;0.4;6;4;5;0.4;6;4;3;0.4;6;4;5;0.4;6;4;2;0.4;6;4;5;0.4;6;NOK;NOK;OK;8000;8061;7500;9000;OK;6.81;0;8;12;NOK;N/A;1.85;N/A;N/A;N/A;9;13;7;18;OK;;0;0;0;-;Disabled;TempOk;3;230;33.9;33.9;33.9;0;349.9;441354200 daimler 6900-7200;441354200 daimler 6900-7200;441354200 daimler 6900-7200
20260325_03:31:50;0;1;1;930;919.9;890;970;OK;930;931.3;890;970;OK;932.2;931.9;-20;-17.4;-50;-25;NOK;-20;-16.9;-50;-25;NOK;-16.6;-16.6;0;-20;-17.4;-50;-25;NOK;300;311;300;565;OK;0;0;N/A;N/A;N/A;N/A;N/A;N/A;N/A;N/A;N/A;N/A;N/A;N/A;N/A;N/A;N/A;N/A;N/A;N/A;N/A;N/A;N/A;N/A;N/A;N/A;N/A;N/A;N/A;N/A;N/A;N/A;N/A;N/A;N/A;N/A;N/A;N/A;N/A;N/A;N/A;N/A;N/A;N/A;N/A;N/A;N/A;N/A;N/A;N/A;N/A;N/A;N/A;N/A;N/A;N/A;N/A;N/A;N/A;N/A;N/A;N/A;N/A;N/A;N/A;N/A;N/A;N/A;N/A;N/A;N/A;N/A;N/A;N/A;N/A;N/A;N/A;N/A;N/A;N/A;N/A;N/A;N/A;N/A;N/A;N/A;N/A;N/A;N/A;N/A;N/A;N/A;N/A;N/A;N/A;N/A;N/A;N/A;N/A;N/A;;0;286.6;0;0;;Disabled;TempStop;3;740;296.2;151.8;252;0;599.9;549.9;Enabled;PosOk;3;0;0;0;0;0;15;Disabled;0;0;0;0;0;0;0;0;0;0;0;0;0;0;0;0;0;0;0;0;0;0;0;0;0;0;0;0;0;0;0;0;0;0;0;0;0;0;0;0;0;0;0;0;0;0;0;0;0;0;0;0;0;0;0;0;0;0;0;0;0;0;0;0;0;0;0;0;0;0;30;30;20;45;30;30;20;45;30;30;20;45;30;30;20;45;200;215;100;300;200;213;100;300;200;208;100;300;200;208;100;300;30;30;20;45;30;30;20;45;30;30;20;45;30;30;20;45;200;231;100;300;200;230;100;300;200;144;100;300;200;145;100;300;4;3;0.4;6;4;5;0.4;6;4;2;0.4;6;4;5;0.4;6;4;3;0.4;6;4;5;0.4;6;4;2;0.4;6;4;5;0.4;6;NOK;NOK;OK;8000;8076;7500;9000;OK;6.81;0;8;12;NOK;N/A;1.85;N/A;N/A;N/A;9;12.9;7;18;OK;;0;0;0;-;Disabled;TempOk;3;230;33.7;33.7;33.9;0;349.9;441354200 daimler 6900-7200;441354200 daimler 6900-7200;441354200 daimler 6900-7200
20260325_03:32:26;0;3;1;930;919.4;890;970;OK;930;931.6;890;970;OK;933.6;932.7;-20;-16.2;-50;-25;NOK;-20;-16.5;-50;-25;NOK;-14.4;-15.4;0;-20;-16.3;-50;-25;NOK;300;311;300;565;OK;0;0;N/A;N/A;N/A;N/A;N/A;N/A;N/A;N/A;N/A;N/A;N/A;N/A;N/A;N/A;N/A;N/A;N/A;N/A;N/A;N/A;N/A;N/A;N/A;N/A;N/A;N/A;N/A;N/A;N/A;N/A;N/A;N/A;N/A;N/A;N/A;N/A;N/A;N/A;N/A;N/A;N/A;N/A;N/A;N/A;N/A;N/A;N/A;N/A;N/A;N/A;N/A;N/A;N/A;N/A;N/A;N/A;N/A;N/A;N/A;N/A;N/A;N/A;N/A;N/A;N/A;N/A;N/A;N/A;N/A;N/A;N/A;N/A;N/A;N/A;N/A;N/A;N/A;N/A;N/A;N/A;N/A;N/A;N/A;N/A;N/A;N/A;N/A;N/A;N/A;N/A;N/A;N/A;N/A;N/A;N/A;N/A;N/A;N/A;;0;283.3;0;0;;Disabled;TempStop;3;740;292.8;145.5;254.9;0;599.9;549.9;Enabled;PosOk;3;0;0.1;0;0;0;15;Disabled;0;0;0;0;0;0;0;0;0;0;0;0;0;0;0;0;0;0;0;0;0;0;0;0;0;0;0;0;0;0;0;0;0;0;0;0;0;0;0;0;0;0;0;0;0;0;0;0;0;0;0;0;0;0;0;0;0;0;0;0;0;0;0;0;0;0;0;0;0;0;30;30;20;45;30;30;20;45;30;30;20;45;30;30;20;45;200;215;100;300;200;213;100;300;200;208;100;300;200;208;100;300;30;30;20;45;30;30;20;45;30;31;20;45;30;30;20;45;200;231;100;300;200;229;100;300;200;144;100;300;200;145;100;300;4;2;0.4;6;4;5;0.4;6;4;2;0.4;6;4;5;0.4;6;4;3;0.4;6;4;5;0.4;6;4;2;0.4;6;4;5;0.4;6;NOK;NOK;OK;8000;8057;7500;9000;OK;6.81;0;8;12;NOK;N/A;1.86;N/A;N/A;N/A;9;12.7;7;18;OK;;0;0;0;-;Disabled;TempOk;3;230;34.4;33.9;34.2;0;349.9;441354200 daimler 6900-7200;441354200 daimler 6900-7200;441354200 daimler 6900-7200
20260325_03:33:02;0;1;2;930;919.1;890;970;OK;930;931.2;890;970;OK;932.7;932;-20;-14.9;-50;-25;NOK;-20;-15.1;-50;-25;NOK;-15.8;-16.1;0;-20;-14.9;-50;-25;NOK;300;311;300;565;OK;0;0;N/A;N/A;N/A;N/A;N/A;N/A;N/A;N/A;N/A;N/A;N/A;N/A;N/A;N/A;N/A;N/A;N/A;N/A;N/A;N/A;N/A;N/A;N/A;N/A;N/A;N/A;N/A;N/A;N/A;N/A;N/A;N/A;N/A;N/A;N/A;N/A;N/A;N/A;N/A;N/A;N/A;N/A;N/A;N/A;N/A;N/A;N/A;N/A;N/A;N/A;N/A;N/A;N/A;N/A;N/A;N/A;N/A;N/A;N/A;N/A;N/A;N/A;N/A;N/A;N/A;N/A;N/A;N/A;N/A;N/A;N/A;N/A;N/A;N/A;N/A;N/A;N/A;N/A;N/A;N/A;N/A;N/A;N/A;N/A;N/A;N/A;N/A;N/A;N/A;N/A;N/A;N/A;N/A;N/A;N/A;N/A;N/A;N/A;;0;284.2;0;0;;Disabled;TempStop;3;740;293.9;150;250.7;0;599.9;549.9;Enabled;PosOk;3;0;1;0;0;0;15;Disabled;0;0;0;0;0;0;0;0;0;0;0;0;0;0;0;0;0;0;0;0;0;0;0;0;0;0;0;0;0;0;0;0;0;0;0;0;0;0;0;0;0;0;0;0;0;0;0;0;0;0;0;0;0;0;0;0;0;0;0;0;0;0;0;0;0;0;0;0;0;0;30;30;20;45;30;30;20;45;30;30;20;45;30;30;20;45;200;215;100;300;200;213;100;300;200;207;100;300;200;208;100;300;30;30;20;45;30;30;20;45;30;31;20;45;30;30;20;45;200;230;100;300;200;229;100;300;200;144;100;300;200;145;100;300;4;2;0.4;6;4;5;0.4;6;4;2;0.4;6;4;5;0.4;6;4;3;0.4;6;4;5;0.4;6;4;2;0.4;6;4;5;0.4;6;NOK;NOK;OK;8000;8068;7500;9000;OK;6.81;0;8;12;NOK;N/A;1.89;N/A;N/A;N/A;9;12.6;7;18;OK;;0;0;0;-;Disabled;TempOk;3;230;34.7;33.9;34.4;0;349.9;441354200 daimler 6900-7200;441354200 daimler 6900-7200;441354200 daimler 6900-7200
20260325_03:33:38;0;3;2;930;919.4;890;970;OK;930;931.6;890;970;OK;932.7;932.1;-20;-16.5;-50;-25;NOK;-20;-17.4;-50;-25;NOK;-16.1;-17.1;0;-20;-16.4;-50;-25;NOK;300;311;300;565;OK;0;0;N/A;N/A;N/A;N/A;N/A;N/A;N/A;N/A;N/A;N/A;N/A;N/A;N/A;N/A;N/A;N/A;N/A;N/A;N/A;N/A;N/A;N/A;N/A;N/A;N/A;N/A;N/A;N/A;N/A;N/A;N/A;N/A;N/A;N/A;N/A;N/A;N/A;N/A;N/A;N/A;N/A;N/A;N/A;N/A;N/A;N/A;N/A;N/A;N/A;N/A;N/A;N/A;N/A;N/A;N/A;N/A;N/A;N/A;N/A;N/A;N/A;N/A;N/A;N/A;N/A;N/A;N/A;N/A;N/A;N/A;N/A;N/A;N/A;N/A;N/A;N/A;N/A;N/A;N/A;N/A;N/A;N/A;N/A;N/A;N/A;N/A;N/A;N/A;N/A;N/A;N/A;N/A;N/A;N/A;N/A;N/A;N/A;N/A;;0;282.2;0;0;;Disabled;TempStop;3;740;290.7;149.4;252.2;0;599.9;549.9;Enabled;PosOk;3;0;0;0;0;0;15;Disabled;0;0;0;0;0;0;0;0;0;0;0;0;0;0;0;0;0;0;0;0;0;0;0;0;0;0;0;0;0;0;0;0;0;0;0;0;0;0;0;0;0;0;0;0;0;0;0;0;0;0;0;0;0;0;0;0;0;0;0;0;0;0;0;0;0;0;0;0;0;0;30;30;20;45;30;30;20;45;30;30;20;45;30;29;20;45;200;215;100;300;200;213;100;300;200;207;100;300;200;207;100;300;30;30;20;45;30;29;20;45;30;31;20;45;30;29;20;45;200;230;100;300;200;229;100;300;200;144;100;300;200;145;100;300;4;2;0.4;6;4;5;0.4;6;4;2;0.4;6;4;5;0.4;6;4;3;0.4;6;4;5;0.4;6;4;2;0.4;6;4;5;0.4;6;NOK;NOK;OK;8000;8069;7500;9000;OK;6.81;0;8;12;NOK;N/A;1.85;N/A;N/A;N/A;9;13.2;7;18;OK;;0;0;0;-;Disabled;TempOk;3;230;33.9;34.2;34.2;0;349.9;441354200 daimler 6900-7200;441354200 daimler 6900-7200;441354200 daimler 6900-7200
20260325_03:34:14;0;1;3;930;919;890;970;OK;930;931;890;970;OK;932.1;931.6;-20;-14.7;-50;-25;NOK;-20;-15.7;-50;-25;NOK;-17.3;-17.1;0;-20;-14.6;-50;-25;NOK;300;311;300;565;OK;0;0;N/A;N/A;N/A;N/A;N/A;N/A;N/A;N/A;N/A;N/A;N/A;N/A;N/A;N/A;N/A;N/A;N/A;N/A;N/A;N/A;N/A;N/A;N/A;N/A;N/A;N/A;N/A;N/A;N/A;N/A;N/A;N/A;N/A;N/A;N/A;N/A;N/A;N/A;N/A;N/A;N/A;N/A;N/A;N/A;N/A;N/A;N/A;N/A;N/A;N/A;N/A;N/A;N/A;N/A;N/A;N/A;N/A;N/A;N/A;N/A;N/A;N/A;N/A;N/A;N/A;N/A;N/A;N/A;N/A;N/A;N/A;N/A;N/A;N/A;N/A;N/A;N/A;N/A;N/A;N/A;N/A;N/A;N/A;N/A;N/A;N/A;N/A;N/A;N/A;N/A;N/A;N/A;N/A;N/A;N/A;N/A;N/A;N/A;;0;283.4;0;0;;Disabled;TempStop;3;740;293.6;149;251.7;0;599.9;549.9;Enabled;PosOk;3;0;0;0;0;0;15;Disabled;0;0;0;0;0;0;0;0;0;0;0;0;0;0;0;0;0;0;0;0;0;0;0;0;0;0;0;0;0;0;0;0;0;0;0;0;0;0;0;0;0;0;0;0;0;0;0;0;0;0;0;0;0;0;0;0;0;0;0;0;0;0;0;0;0;0;0;0;33;45;30;30;20;45;30;30;20;45;30;30;20;45;30;29;20;45;200;214;100;300;200;212;100;300;200;207;100;300;200;207;100;300;30;30;20;45;30;30;20;45;30;30;20;45;30;30;20;45;200;231;100;300;200;229;100;300;200;144;100;300;200;145;100;300;4;2;0.4;6;4;5;0.4;6;4;2;0.4;6;4;5;0.4;6;4;3;0.4;6;4;5;0.4;6;4;3;0.4;6;4;5;0.4;6;NOK;NOK;OK;8000;8050;7500;9000;OK;6.8;0;8;12;NOK;N/A;1.85;N/A;N/A;N/A;9;13.3;7;18;OK;;0;0;0;-;Disabled;TempOk;3;230;33.9;34.2;34.2;0;349.9;441354200 daimler 6900-7200;441354200 daimler 6900-7200;441354200 daimler 6900-7200
20260325_03:34:50;0;3;3;930;918.6;890;970;OK;930;931.4;890;970;OK;932.8;931.9;-20;-15.9;-50;-25;NOK;-20;-16.4;-50;-25;NOK;-14.6;-15.5;0;-20;-15.9;-50;-25;NOK;300;311;300;565;OK;0;0;N/A;N/A;N/A;N/A;N/A;N/A;N/A;N/A;N/A;N/A;N/A;N/A;N/A;N/A;N/A;N/A;N/A;N/A;N/A;N/A;N/A;N/A;N/A;N/A;N/A;N/A;N/A;N/A;N/A;N/A;N/A;N/A;N/A;N/A;N/A;N/A;N/A;N/A;N/A;N/A;N/A;N/A;N/A;N/A;N/A;N/A;N/A;N/A;N/A;N/A;N/A;N/A;N/A;N/A;N/A;N/A;N/A;N/A;N/A;N/A;N/A;N/A;N/A;N/A;N/A;N/A;N/A;N/A;N/A;N/A;N/A;N/A;N/A;N/A;N/A;N/A;N/A;N/A;N/A;N/A;N/A;N/A;N/A;N/A;N/A;N/A;N/A;N/A;N/A;N/A;N/A;N/A;N/A;N/A;N/A;N/A;N/A;N/A;;0;283.4;0;0;;Disabled;TempStop;3;740;292.6;150.1;252.5;0;599.9;549.9;Enabled;PosOk;3;0;1.4;0;0;0;15;Disabled;0;0;0;0;0;0;0;0;0;0;0;0;0;0;0;0;0;0;0;0;0;0;0;0;0;0;0;0;0;0;0;0;0;0;0;0;0;0;0;0;0;0;0;0;0;0;0;0;0;0;0;0;0;0;0;0;0;0;0;0;0;0;0;0;0;0;0;0;0;0;30;30;20;45;30;30;20;45;30;30;20;45;30;30;20;45;200;215;100;300;200;213;100;300;200;208;100;300;200;208;100;300;30;30;20;45;30;30;20;45;30;30;20;45;30;30;20;45;200;231;100;300;200;229;100;300;200;144;100;300;200;145;100;300;4;2;0.4;6;4;5;0.4;6;4;2;0.4;6;4;5;0.4;6;4;3;0.4;6;4;5;0.4;6;4;3;0.4;6;4;5;0.4;6;NOK;NOK;OK;8000;8073;7500;9000;OK;6.81;0;8;12;NOK;N/A;1.85;N/A;N/A;N/A;9;13.3;7;18;OK;;0;0;0;-;Disabled;TempOk;3;230;34.2;34.2;34.4;0;349.9;441354200 daimler 6900-7200;441354200 daimler 6900-7200;441354200 daimler 6900-7200
20260325_03:35:26;0;1;4;930;917.5;890;970;OK;930;931.4;890;970;OK;932.1;931.9;-20;-13.1;-50;-25;NOK;-20;-14;-50;-25;NOK;-16;-15.7;0;-20;-13;-50;-25;NOK;300;311;300;565;OK;0;0;N/A;N/A;N/A;N/A;N/A;N/A;N/A;N/A;N/A;N/A;N/A;N/A;N/A;N/A;N/A;N/A;N/A;N/A;N/A;N/A;N/A;N/A;N/A;N/A;N/A;N/A;N/A;N/A;N/A;N/A;N/A;N/A;N/A;N/A;N/A;N/A;N/A;N/A;N/A;N/A;N/A;N/A;N/A;N/A;N/A;N/A;N/A;N/A;N/A;N/A;N/A;N/A;N/A;N/A;N/A;N/A;N/A;N/A;N/A;N/A;N/A;N/A;N/A;N/A;N/A;N/A;N/A;N/A;N/A;N/A;N/A;N/A;N/A;N/A;N/A;N/A;N/A;N/A;N/A;N/A;N/A;N/A;N/A;N/A;N/A;N/A;N/A;N/A;N/A;N/A;N/A;N/A;N/A;N/A;N/A;N/A;N/A;N/A;;0;284.7;0;0;;Disabled;TempStop;3;740;294.7;145.7;264.2;0;599.9;549.9;Enabled;PosOk;3;0;0;0;0;0;15;Disabled;0;0;0;0;0;0;0;0;0;0;0;0;0;0;0;0;0;0;0;0;0;0;0;0;0;0;0;0;0;0;0;0;0;0;0;0;0;0;0;0;0;0;0;0;0;0;0;0;0;0;0;0;0;0;0;0;0;0;0;0;0;0;0;0;0;0;0;0;34;57;30;30;20;45;30;30;20;45;30;30;20;45;30;30;20;45;200;216;100;300;200;213;100;300;200;207;100;300;200;208;100;300;30;30;20;45;30;30;20;45;30;31;20;45;30;30;20;45;200;231;100;300;200;229;100;300;200;144;100;300;200;145;100;300;4;2;0.4;6;4;5;0.4;6;4;2;0.4;6;4;5;0.4;6;4;3;0.4;6;4;5;0.4;6;4;3;0.4;6;4;5;0.4;6;NOK;NOK;OK;8000;8049;7500;9000;OK;6.8;0;8;12;NOK;N/A;1.85;N/A;N/A;N/A;9;13.2;7;18;OK;;0;0;0;-;Disabled;TempOk;3;230;33.9;34.2;33.9;0;349.9;441354200 daimler 6900-7200;441354200 daimler 6900-7200;441354200 daimler 6900-7200
20260325_03:36:01;0;3;4;930;919.1;890;970;OK;930;931.3;890;970;OK;932.3;931.5;-20;-15.7;-50;-25;NOK;-20;-16.5;-50;-25;NOK;-18.7;-18.5;0;-20;-15.4;-50;-25;NOK;300;311;300;565;OK;0;0;N/A;N/A;N/A;N/A;N/A;N/A;N/A;N/A;N/A;N/A;N/A;N/A;N/A;N/A;N/A;N/A;N/A;N/A;N/A;N/A;N/A;N/A;N/A;N/A;N/A;N/A;N/A;N/A;N/A;N/A;N/A;N/A;N/A;N/A;N/A;N/A;N/A;N/A;N/A;N/A;N/A;N/A;N/A;N/A;N/A;N/A;N/A;N/A;N/A;N/A;N/A;N/A;N/A;N/A;N/A;N/A;N/A;N/A;N/A;N/A;N/A;N/A;N/A;N/A;N/A;N/A;N/A;N/A;N/A;N/A;N/A;N/A;N/A;N/A;N/A;N/A;N/A;N/A;N/A;N/A;N/A;N/A;N/A;N/A;N/A;N/A;N/A;N/A;N/A;N/A;N/A;N/A;N/A;N/A;N/A;N/A;N/A;N/A;;0;282.5;0;0;;Disabled;TempStop;3;740;293.7;148.2;255.7;0;599.9;549.9;Enabled;PosOk;3;0;0;0;0;0;15;Disabled;0;0;0;0;0;0;0;0;0;0;0;0;0;0;0;0;0;0;0;0;0;0;0;0;0;0;0;0;0;0;0;0;0;0;0;0;0;0;0;0;0;0;0;0;0;0;0;0;0;0;0;0;0;0;0;0;0;0;0;0;0;0;0;0;0;0;0;0;0;0;30;30;20;45;30;30;20;45;30;30;20;45;30;30;20;45;200;216;100;300;200;213;100;300;200;208;100;300;200;208;100;300;30;30;20;45;30;30;20;45;30;31;20;45;30;30;20;45;200;231;100;300;200;229;100;300;200;144;100;300;200;145;100;300;4;2;0.4;6;4;5;0.4;6;4;2;0.4;6;4;5;0.4;6;4;3;0.4;6;4;5;0.4;6;4;3;0.4;6;4;5;0.4;6;NOK;NOK;OK;8000;8057;7500;9000;OK;6.81;0;8;12;NOK;N/A;1.85;N/A;N/A;N/A;9;13.3;7;18;OK;;0;0;0;-;Disabled;TempOk;3;230;33.9;34.2;34.2;0;349.9;441354200 daimler 6900-7200;441354200 daimler 6900-7200;441354200 daimler 6900-7200
20260325_03:36:37;0;3;5;930;920.9;890;970;OK;930;930.8;890;970;OK;931.9;931.5;-20;-19;-50;-25;NOK;-20;-19.3;-50;-25;NOK;-19;-19.5;0;-20;-18.9;-50;-25;NOK;300;311;300;565;OK;0;0;N/A;N/A;N/A;N/A;N/A;N/A;N/A;N/A;N/A;N/A;N/A;N/A;N/A;N/A;N/A;N/A;N/A;N/A;N/A;N/A;N/A;N/A;N/A;N/A;N/A;N/A;N/A;N/A;N/A;N/A;N/A;N/A;N/A;N/A;N/A;N/A;N/A;N/A;N/A;N/A;N/A;N/A;N/A;N/A;N/A;N/A;N/A;N/A;N/A;N/A;N/A;N/A;N/A;N/A;N/A;N/A;N/A;N/A;N/A;N/A;N/A;N/A;N/A;N/A;N/A;N/A;N/A;N/A;N/A;N/A;N/A;N/A;N/A;N/A;N/A;N/A;N/A;N/A;N/A;N/A;N/A;N/A;N/A;N/A;N/A;N/A;N/A;N/A;N/A;N/A;N/A;N/A;N/A;N/A;N/A;N/A;N/A;N/A;;0;282.1;0;0;;Disabled;TempStop;3;740;291.9;150.3;252.2;0;599.9;549.9;Enabled;PosOk;3;0;0.8;0;0;0;15;Disabled;0;0;0;0;0;0;0;0;0;0;0;0;0;0;0;0;0;0;0;0;0;0;0;0;0;0;0;0;0;0;0;0;0;0;0;0;0;0;0;0;0;0;0;0;0;0;0;0;0;0;0;0;0;0;0;0;0;0;0;0;0;0;0;0;0;0;0;0;0;0;30;30;20;45;30;30;20;45;30;31;20;45;30;30;20;45;200;215;100;300;200;213;100;300;200;208;100;300;200;207;100;300;30;30;20;45;30;30;20;45;30;31;20;45;30;30;20;45;200;231;100;300;200;229;100;300;200;144;100;300;200;145;100;300;4;2;0.4;6;4;5;0.4;6;4;2;0.4;6;4;5;0.4;6;4;3;0.4;6;4;5;0.4;6;4;3;0.4;6;4;5;0.4;6;NOK;NOK;OK;8000;8078;7500;9000;OK;6.81;0;8;12;NOK;N/A;1.85;N/A;N/A;N/A;9;13.2;7;18;OK;;0;0;0;-;Disabled;TempOk;3;230;34.4;34.2;33.9;0;349.9;441354200 daimler 6900-7200;441354200 daimler 6900-7200;441354200 daimler 6900-7200
20260325_03:37:13;0;1;1;930;918.9;890;970;OK;930;931.4;890;970;OK;932.4;931.8;-20;-17.1;-50;-25;NOK;-20;-17.3;-50;-25;NOK;-17;-16.9;0;-20;-17.1;-50;-25;NOK;300;311;300;565;OK;0;0;N/A;N/A;N/A;N/A;N/A;N/A;N/A;N/A;N/A;N/A;N/A;N/A;N/A;N/A;N/A;N/A;N/A;N/A;N/A;N/A;N/A;N/A;N/A;N/A;N/A;N/A;N/A;N/A;N/A;N/A;N/A;N/A;N/A;N/A;N/A;N/A;N/A;N/A;N/A;N/A;N/A;N/A;N/A;N/A;N/A;N/A;N/A;N/A;N/A;N/A;N/A;N/A;N/A;N/A;N/A;N/A;N/A;N/A;N/A;N/A;N/A;N/A;N/A;N/A;N/A;N/A;N/A;N/A;N/A;N/A;N/A;N/A;N/A;N/A;N/A;N/A;N/A;N/A;N/A;N/A;N/A;N/A;N/A;N/A;N/A;N/A;N/A;N/A;N/A;N/A;N/A;N/A;N/A;N/A;N/A;N/A;N/A;N/A;;0;286.4;0;0;;Disabled;TempStop;3;740;297;151;258.5;0;599.9;549.9;Enabled;PosOk;3;0;0;0;0;0;15;Disabled;0;0;0;0;0;0;0;0;0;0;0;0;0;0;0;0;0;0;0;0;0;0;0;0;0;0;0;0;0;0;0;0;0;0;0;0;0;0;0;0;0;0;0;0;0;0;0;0;0;0;0;0;0;0;0;0;0;0;0;0;0;0;0;0;0;0;0;0;0;0;30;30;20;45;30;30;20;45;30;30;20;45;30;30;20;45;200;215;100;300;200;213;100;300;200;208;100;300;200;208;100;300;30;30;20;45;30;30;20;45;30;31;20;45;30;30;20;45;200;231;100;300;200;229;100;300;200;144;100;300;200;145;100;300;4;2;0.4;6;4;5;0.4;6;4;3;0.4;6;4;5;0.4;6;4;3;0.4;6;4;5;0.4;6;4;3;0.4;6;4;5;0.4;6;NOK;NOK;OK;8000;8058;7500;9000;OK;6.81;0;8;12;NOK;N/A;1.86;N/A;N/A;N/A;9;13.3;7;18;OK;;0;0;0;-;Disabled;TempOk;3;230;34.7;34.2;34.2;0;349.9;441354200 daimler 6900-7200;441354200 daimler 6900-7200;441354200 daimler 6900-7200
20260325_03:37:49;0;3;1;930;920;890;970;OK;930;931.7;890;970;OK;933.6;932.7;-20;-16.8;-50;-25;NOK;-20;-16.5;-50;-25;NOK;-14.3;-15.3;0;-20;-16.9;-50;-25;NOK;300;311;300;565;OK;0;0;N/A;N/A;N/A;N/A;N/A;N/A;N/A;N/A;N/A;N/A;N/A;N/A;N/A;N/A;N/A;N/A;N/A;N/A;N/A;N/A;N/A;N/A;N/A;N/A;N/A;N/A;N/A;N/A;N/A;N/A;N/A;N/A;N/A;N/A;N/A;N/A;N/A;N/A;N/A;N/A;N/A;N/A;N/A;N/A;N/A;N/A;N/A;N/A;N/A;N/A;N/A;N/A;N/A;N/A;N/A;N/A;N/A;N/A;N/A;N/A;N/A;N/A;N/A;N/A;N/A;N/A;N/A;N/A;N/A;N/A;N/A;N/A;N/A;N/A;N/A;N/A;N/A;N/A;N/A;N/A;N/A;N/A;N/A;N/A;N/A;N/A;N/A;N/A;N/A;N/A;N/A;N/A;N/A;N/A;N/A;N/A;N/A;N/A;;0;283.2;0;0;;Disabled;TempStop;3;740;293.1;151.6;252.3;0;599.9;549.9;Enabled;PosOk;3;0;0.7;0;0;0;15;Disabled;0;0;0;0;0;0;0;0;0;0;0;0;0;0;0;0;0;0;0;0;0;0;0;0;0;0;0;0;0;0;0;0;0;0;0;0;0;0;0;0;0;0;0;0;0;0;0;0;0;0;0;0;0;0;0;0;0;0;0;0;0;0;0;0;0;0;0;0;0;0;30;30;20;45;30;30;20;45;30;30;20;45;30;29;20;45;200;215;100;300;200;213;100;300;200;208;100;300;200;207;100;300;30;30;20;45;30;30;20;45;30;30;20;45;30;30;20;45;200;231;100;300;200;229;100;300;200;145;100;300;200;145;100;300;4;2;0.4;6;4;5;0.4;6;4;2;0.4;6;4;5;0.4;6;4;3;0.4;6;4;5;0.4;6;4;3;0.4;6;4;5;0.4;6;NOK;NOK;OK;8000;8064;7500;9000;OK;6.81;0;8;12;NOK;N/A;1.85;N/A;N/A;N/A;9;13.4;7;18;OK;;0;0;0;-;Disabled;TempOk;3;230;33.9;33.9;34.2;0;349.9;441354200 daimler 6900-7200;441354200 daimler 6900-7200;441354200 daimler 6900-7200
20260325_03:38:25;0;1;2;930;919.4;890;970;OK;930;931.3;890;970;OK;932.7;931.8;-20;-14.7;-50;-25;NOK;-20;-15.7;-50;-25;NOK;-16.2;-16.6;0;-20;-14.6;-50;-25;NOK;300;311;300;565;OK;0;0;N/A;N/A;N/A;N/A;N/A;N/A;N/A;N/A;N/A;N/A;N/A;N/A;N/A;N/A;N/A;N/A;N/A;N/A;N/A;N/A;N/A;N/A;N/A;N/A;N/A;N/A;N/A;N/A;N/A;N/A;N/A;N/A;N/A;N/A;N/A;N/A;N/A;N/A;N/A;N/A;N/A;N/A;N/A;N/A;N/A;N/A;N/A;N/A;N/A;N/A;N/A;N/A;N/A;N/A;N/A;N/A;N/A;N/A;N/A;N/A;N/A;N/A;N/A;N/A;N/A;N/A;N/A;N/A;N/A;N/A;N/A;N/A;N/A;N/A;N/A;N/A;N/A;N/A;N/A;N/A;N/A;N/A;N/A;N/A;N/A;N/A;N/A;N/A;N/A;N/A;N/A;N/A;N/A;N/A;N/A;N/A;N/A;N/A;;0;283.3;0;0;;Disabled;TempStop;3;740;293.2;144.9;254.8;0;599.9;549.9;Enabled;PosOk;3;0;0.5;0;0;0;15;Disabled;0;0;0;0;0;0;0;0;0;0;0;0;0;0;0;0;0;0;0;0;0;0;0;0;0;0;0;0;0;0;0;0;0;0;0;0;0;0;0;0;0;0;0;0;0;0;0;0;0;0;0;0;0;0;0;0;0;0;0;0;0;0;0;0;0;0;0;0;0;0;30;30;20;45;30;30;20;45;30;30;20;45;30;30;20;45;200;216;100;300;200;213;100;300;200;207;100;300;200;208;100;300;30;30;20;45;30;30;20;45;30;30;20;45;30;30;20;45;200;231;100;300;200;230;100;300;200;144;100;300;200;145;100;300;4;2;0.4;6;4;5;0.4;6;4;2;0.4;6;4;5;0.4;6;4;3;0.4;6;4;5;0.4;6;4;2;0.4;6;4;5;0.4;6;NOK;NOK;OK;8000;8065;7500;9000;OK;6.81;0;8;12;NOK;N/A;1.85;N/A;N/A;N/A;9;13.5;7;18;OK;;0;0;0;-;Disabled;TempOk;3;230;33.9;34.4;33.9;0;349.9;441354200 daimler 6900-7200;441354200 daimler 6900-7200;441354200 daimler 6900-7200
20260325_03:39:01;0;3;2;930;919.1;890;970;OK;930;931.5;890;970;OK;932.7;932;-20;-16.9;-50;-25;NOK;-20;-17.4;-50;-25;NOK;-16.1;-17.2;0;-20;-16.8;-50;-25;NOK;300;311;300;565;OK;0;0;N/A;N/A;N/A;N/A;N/A;N/A;N/A;N/A;N/A;N/A;N/A;N/A;N/A;N/A;N/A;N/A;N/A;N/A;N/A;N/A;N/A;N/A;N/A;N/A;N/A;N/A;N/A;N/A;N/A;N/A;N/A;N/A;N/A;N/A;N/A;N/A;N/A;N/A;N/A;N/A;N/A;N/A;N/A;N/A;N/A;N/A;N/A;N/A;N/A;N/A;N/A;N/A;N/A;N/A;N/A;N/A;N/A;N/A;N/A;N/A;N/A;N/A;N/A;N/A;N/A;N/A;N/A;N/A;N/A;N/A;N/A;N/A;N/A;N/A;N/A;N/A;N/A;N/A;N/A;N/A;N/A;N/A;N/A;N/A;N/A;N/A;N/A;N/A;N/A;N/A;N/A;N/A;N/A;N/A;N/A;N/A;N/A;N/A;;0;282.7;0;0;;Disabled;TempStop;3;740;291.3;144.7;253.4;0;599.9;549.9;Enabled;PosOk;3;0;0;0;0;0;15;Disabled;0;0;0;0;0;0;0;0;0;0;0;0;0;0;0;0;0;0;0;0;0;0;0;0;0;0;0;0;0;0;0;0;0;0;0;0;0;0;0;0;0;0;0;0;0;0;0;0;0;0;0;0;0;0;0;0;0;0;0;0;0;0;0;0;0;0;0;0;0;0;30;30;20;45;30;30;20;45;30;30;20;45;30;29;20;45;200;215;100;300;200;213;100;300;200;208;100;300;200;208;100;300;30;30;20;45;30;29;20;45;30;30;20;45;30;29;20;45;200;231;100;300;200;229;100;300;200;144;100;300;200;144;100;300;4;3;0.4;6;4;5;0.4;6;4;2;0.4;6;4;5;0.4;6;4;3;0.4;6;4;5;0.4;6;4;3;0.4;6;4;5;0.4;6;NOK;NOK;OK;8000;8063;7500;9000;OK;6.81;0;8;12;NOK;N/A;1.85;N/A;N/A;N/A;9;13.5;7;18;OK;;0;0;0;-;Disabled;TempOk;3;230;34.7;33.9;34.4;0;349.9;441354200 daimler 6900-7200;441354200 daimler 6900-7200;441354200 daimler 6900-7200
20260325_03:39:37;0;1;3;930;919;890;970;OK;930;931.1;890;970;OK;932.2;931.6;-20;-15.2;-50;-25;NOK;-20;-15.9;-50;-25;NOK;-18;-17.7;0;-20;-15.2;-50;-25;NOK;300;311;300;565;OK;0;0;N/A;N/A;N/A;N/A;N/A;N/A;N/A;N/A;N/A;N/A;N/A;N/A;N/A;N/A;N/A;N/A;N/A;N/A;N/A;N/A;N/A;N/A;N/A;N/A;N/A;N/A;N/A;N/A;N/A;N/A;N/A;N/A;N/A;N/A;N/A;N/A;N/A;N/A;N/A;N/A;N/A;N/A;N/A;N/A;N/A;N/A;N/A;N/A;N/A;N/A;N/A;N/A;N/A;N/A;N/A;N/A;N/A;N/A;N/A;N/A;N/A;N/A;N/A;N/A;N/A;N/A;N/A;N/A;N/A;N/A;N/A;N/A;N/A;N/A;N/A;N/A;N/A;N/A;N/A;N/A;N/A;N/A;N/A;N/A;N/A;N/A;N/A;N/A;N/A;N/A;N/A;N/A;N/A;N/A;N/A;N/A;N/A;N/A;;0;283.5;0;0;;Disabled;TempStop;3;740;296.1;147.4;255.4;0;599.9;549.9;Enabled;PosOk;3;0;0;0;0;0;15;Disabled;0;0;0;0;0;0;0;0;0;0;0;0;0;0;0;0;0;0;0;0;0;0;0;0;0;0;0;0;0;0;0;0;0;0;0;0;0;0;0;0;0;0;0;0;0;0;0;0;0;0;0;0;0;0;0;0;0;0;0;0;0;0;0;0;0;0;0;0;39;8;30;30;20;45;30;30;20;45;30;30;20;45;30;30;20;45;200;215;100;300;200;213;100;300;200;208;100;300;200;208;100;300;30;30;20;45;30;30;20;45;30;30;20;45;30;30;20;45;200;231;100;300;200;229;100;300;200;144;100;300;200;145;100;300;4;3;0.4;6;4;5;0.4;6;4;2;0.4;6;4;5;0.4;6;4;3;0.4;6;4;5;0.4;6;4;3;0.4;6;4;5;0.4;6;NOK;NOK;OK;8000;8069;7500;9000;OK;6.81;0;8;12;NOK;N/A;1.85;N/A;N/A;N/A;9;13;7;18;OK;;0;0;0;-;Disabled;TempOk;3;230;34.9;34.7;34.4;0;349.9;441354200 daimler 6900-7200;441354200 daimler 6900-7200;441354200 daimler 6900-7200
20260325_03:40:13;0;3;3;930;919.4;890;970;OK;930;931.4;890;970;OK;932.7;932.2;-20;-16.3;-50;-25;NOK;-20;-16.6;-50;-25;NOK;-14.6;-15.6;0;-20;-16.3;-50;-25;NOK;300;311;300;565;OK;0;0;N/A;N/A;N/A;N/A;N/A;N/A;N/A;N/A;N/A;N/A;N/A;N/A;N/A;N/A;N/A;N/A;N/A;N/A;N/A;N/A;N/A;N/A;N/A;N/A;N/A;N/A;N/A;N/A;N/A;N/A;N/A;N/A;N/A;N/A;N/A;N/A;N/A;N/A;N/A;N/A;N/A;N/A;N/A;N/A;N/A;N/A;N/A;N/A;N/A;N/A;N/A;N/A;N/A;N/A;N/A;N/A;N/A;N/A;N/A;N/A;N/A;N/A;N/A;N/A;N/A;N/A;N/A;N/A;N/A;N/A;N/A;N/A;N/A;N/A;N/A;N/A;N/A;N/A;N/A;N/A;N/A;N/A;N/A;N/A;N/A;N/A;N/A;N/A;N/A;N/A;N/A;N/A;N/A;N/A;N/A;N/A;N/A;N/A;;0;283.9;0;0;;Disabled;TempStop;3;740;293;152.3;254.8;0;599.9;549.9;Enabled;PosOk;3;0;1;0;0;0;15;Disabled;0;0;0;0;0;0;0;0;0;0;0;0;0;0;0;0;0;0;0;0;0;0;0;0;0;0;0;0;0;0;0;0;0;0;0;0;0;0;0;0;0;0;0;0;0;0;0;0;0;0;0;0;0;0;0;0;0;0;0;0;0;0;0;0;0;0;0;0;0;0;30;30;20;45;30;30;20;45;30;30;20;45;30;30;20;45;200;215;100;300;200;213;100;300;200;207;100;300;200;208;100;300;30;30;20;45;30;30;20;45;30;31;20;45;30;30;20;45;200;230;100;300;200;229;100;300;200;144;100;300;200;145;100;300;4;3;0.4;6;4;5;0.4;6;4;2;0.4;6;4;5;0.4;6;4;3;0.4;6;4;5;0.4;6;4;2;0.4;6;4;5;0.4;6;NOK;NOK;OK;8000;8076;7500;9000;OK;6.82;0;8;12;NOK;N/A;1.85;N/A;N/A;N/A;9;12.9;7;18;OK;;0;0;0;-;Disabled;TempOk;3;230;34.9;34.2;34.2;0;349.9;441354200 daimler 6900-7200;441354200 daimler 6900-7200;441354200 daimler 6900-7200
20260325_03:40:49;0;1;4;930;917.3;890;970;OK;930;931.3;890;970;OK;932.4;931.5;-20;-13.5;-50;-25;NOK;-20;-14.3;-50;-25;NOK;-16.3;-15.9;0;-20;-13.4;-50;-25;NOK;300;311;300;565;OK;0;0;N/A;N/A;N/A;N/A;N/A;N/A;N/A;N/A;N/A;N/A;N/A;N/A;N/A;N/A;N/A;N/A;N/A;N/A;N/A;N/A;N/A;N/A;N/A;N/A;N/A;N/A;N/A;N/A;N/A;N/A;N/A;N/A;N/A;N/A;N/A;N/A;N/A;N/A;N/A;N/A;N/A;N/A;N/A;N/A;N/A;N/A;N/A;N/A;N/A;N/A;N/A;N/A;N/A;N/A;N/A;N/A;N/A;N/A;N/A;N/A;N/A;N/A;N/A;N/A;N/A;N/A;N/A;N/A;N/A;N/A;N/A;N/A;N/A;N/A;N/A;N/A;N/A;N/A;N/A;N/A;N/A;N/A;N/A;N/A;N/A;N/A;N/A;N/A;N/A;N/A;N/A;N/A;N/A;N/A;N/A;N/A;N/A;N/A;;0;284;0;0;;Disabled;TempStop;3;740;294.4;149.3;258.9;0;599.9;549.9;Enabled;PosOk;3;0;0;0;0;0;15;Disabled;0;0;0;0;0;0;0;0;0;0;0;0;0;0;0;0;0;0;0;0;0;0;0;0;0;0;0;0;0;0;0;0;0;0;0;0;0;0;0;0;0;0;0;0;0;0;0;0;0;0;0;0;0;0;0;0;0;0;0;0;0;0;0;0;0;0;0;0;40;20;30;30;20;45;30;30;20;45;30;30;20;45;30;30;20;45;200;215;100;300;200;213;100;300;200;207;100;300;200;207;100;300;30;30;20;45;30;30;20;45;30;31;20;45;30;30;20;45;200;230;100;300;200;229;100;300;200;144;100;300;200;145;100;300;4;2;0.4;6;4;5;0.4;6;4;2;0.4;6;4;5;0.4;6;4;3;0.4;6;4;5;0.4;6;4;3;0.4;6;4;5;0.4;6;NOK;NOK;OK;8000;8068;7500;9000;OK;6.81;0;8;12;NOK;N/A;1.85;N/A;N/A;N/A;9;12.7;7;18;OK;;0;0;0;-;Disabled;TempOk;3;230;34.2;34.4;34.4;0;349.9;441354200 daimler 6900-7200;441354200 daimler 6900-7200;441354200 daimler 6900-7200
20260325_03:41:25;0;3;4;930;919;890;970;OK;930;931.3;890;970;OK;932.1;931.9;-20;-15.6;-50;-25;NOK;-20;-16.7;-50;-25;NOK;-18.9;-18.7;0;-20;-15.4;-50;-25;NOK;300;311;300;565;OK;0;0;N/A;N/A;N/A;N/A;N/A;N/A;N/A;N/A;N/A;N/A;N/A;N/A;N/A;N/A;N/A;N/A;N/A;N/A;N/A;N/A;N/A;N/A;N/A;N/A;N/A;N/A;N/A;N/A;N/A;N/A;N/A;N/A;N/A;N/A;N/A;N/A;N/A;N/A;N/A;N/A;N/A;N/A;N/A;N/A;N/A;N/A;N/A;N/A;N/A;N/A;N/A;N/A;N/A;N/A;N/A;N/A;N/A;N/A;N/A;N/A;N/A;N/A;N/A;N/A;N/A;N/A;N/A;N/A;N/A;N/A;N/A;N/A;N/A;N/A;N/A;N/A;N/A;N/A;N/A;N/A;N/A;N/A;N/A;N/A;N/A;N/A;N/A;N/A;N/A;N/A;N/A;N/A;N/A;N/A;N/A;N/A;N/A;N/A;;0;282.1;0;0;;Disabled;TempStop;3;740;293.6;152.2;244.7;0;599.9;549.9;Enabled;PosOk;3;0;0;0;0;0;15;Disabled;0;0;0;0;0;0;0;0;0;0;0;0;0;0;0;0;0;0;0;0;0;0;0;0;0;0;0;0;0;0;0;0;0;0;0;0;0;0;0;0;0;0;0;0;0;0;0;0;0;0;0;0;0;0;0;0;0;0;0;0;0;0;0;0;0;0;0;0;0;0;30;30;20;45;30;30;20;45;30;30;20;45;30;30;20;45;200;215;100;300;200;212;100;300;200;207;100;300;200;208;100;300;30;30;20;45;30;30;20;45;30;31;20;45;30;30;20;45;200;231;100;300;200;229;100;300;200;144;100;300;200;145;100;300;4;2;0.4;6;4;5;0.4;6;4;2;0.4;6;4;5;0.4;6;4;3;0.4;6;4;5;0.4;6;4;3;0.4;6;4;5;0.4;6;NOK;NOK;OK;8000;8078;7500;9000;OK;6.82;0;8;12;NOK;N/A;1.85;N/A;N/A;N/A;9;12.7;7;18;OK;;0;0;0;-;Disabled;TempOk;3;230;34.2;33.7;33.9;0;349.9;441354200 daimler 6900-7200;441354200 daimler 6900-7200;441354200 daimler 6900-7200
20260325_03:42:01;0;3;5;930;921.3;890;970;OK;930;930.8;890;970;OK;932;931.4;-20;-19.1;-50;-25;NOK;-20;-19.6;-50;-25;NOK;-19.4;-19.8;0;-20;-19;-50;-25;NOK;300;311;300;565;OK;0;0;N/A;N/A;N/A;N/A;N/A;N/A;N/A;N/A;N/A;N/A;N/A;N/A;N/A;N/A;N/A;N/A;N/A;N/A;N/A;N/A;N/A;N/A;N/A;N/A;N/A;N/A;N/A;N/A;N/A;N/A;N/A;N/A;N/A;N/A;N/A;N/A;N/A;N/A;N/A;N/A;N/A;N/A;N/A;N/A;N/A;N/A;N/A;N/A;N/A;N/A;N/A;N/A;N/A;N/A;N/A;N/A;N/A;N/A;N/A;N/A;N/A;N/A;N/A;N/A;N/A;N/A;N/A;N/A;N/A;N/A;N/A;N/A;N/A;N/A;N/A;N/A;N/A;N/A;N/A;N/A;N/A;N/A;N/A;N/A;N/A;N/A;N/A;N/A;N/A;N/A;N/A;N/A;N/A;N/A;N/A;N/A;N/A;N/A;;0;281.8;0;0;;Disabled;TempStop;3;740;291.2;144.9;254.1;0;599.9;549.9;Enabled;PosOk;3;0;0.5;0;0;0;15;Disabled;0;0;0;0;0;0;0;0;0;0;0;0;0;0;0;0;0;0;0;0;0;0;0;0;0;0;0;0;0;0;0;0;0;0;0;0;0;0;0;0;0;0;0;0;0;0;0;0;0;0;0;0;0;0;0;0;0;0;0;0;0;0;0;0;0;0;0;0;0;0;30;30;20;45;30;30;20;45;30;30;20;45;30;30;20;45;200;215;100;300;200;212;100;300;200;208;100;300;200;208;100;300;30;30;20;45;30;30;20;45;30;31;20;45;30;30;20;45;200;231;100;300;200;229;100;300;200;145;100;300;200;145;100;300;4;2;0.4;6;4;5;0.4;6;4;2;0.4;6;4;5;0.4;6;4;3;0.4;6;4;5;0.4;6;4;3;0.4;6;4;5;0.4;6;NOK;NOK;OK;8000;8064;7500;9000;OK;6.81;0;8;12;NOK;N/A;1.85;N/A;N/A;N/A;9;12.6;7;18;OK;;0;0;0;-;Disabled;TempOk;3;230;36.7;34.2;34.2;0;349.9;441354200 daimler 6900-7200;441354200 daimler 6900-7200;441354200 daimler 6900-7200
20260325_03:42:37;0;1;1;930;920;890;970;OK;930;931.3;890;970;OK;932.5;931.9;-20;-17.5;-50;-25;NOK;-20;-17.5;-50;-25;NOK;-17.2;-17.2;0;-20;-17.5;-50;-25;NOK;300;311;300;565;OK;0;0;N/A;N/A;N/A;N/A;N/A;N/A;N/A;N/A;N/A;N/A;N/A;N/A;N/A;N/A;N/A;N/A;N/A;N/A;N/A;N/A;N/A;N/A;N/A;N/A;N/A;N/A;N/A;N/A;N/A;N/A;N/A;N/A;N/A;N/A;N/A;N/A;N/A;N/A;N/A;N/A;N/A;N/A;N/A;N/A;N/A;N/A;N/A;N/A;N/A;N/A;N/A;N/A;N/A;N/A;N/A;N/A;N/A;N/A;N/A;N/A;N/A;N/A;N/A;N/A;N/A;N/A;N/A;N/A;N/A;N/A;N/A;N/A;N/A;N/A;N/A;N/A;N/A;N/A;N/A;N/A;N/A;N/A;N/A;N/A;N/A;N/A;N/A;N/A;N/A;N/A;N/A;N/A;N/A;N/A;N/A;N/A;N/A;N/A;;0;286.6;0;0;;Disabled;TempStop;3;740;297.4;155;260.5;0;599.9;549.9;Enabled;PosOk;3;0;0;0;0;0;15;Disabled;0;0;0;0;0;0;0;0;0;0;0;0;0;0;0;0;0;0;0;0;0;0;0;0;0;0;0;0;0;0;0;0;0;0;0;0;0;0;0;0;0;0;0;0;0;0;0;0;0;0;0;0;0;0;0;0;0;0;0;0;0;0;0;0;0;0;0;0;0;0;30;30;20;45;30;30;20;45;30;31;20;45;30;30;20;45;200;215;100;300;200;213;100;300;200;208;100;300;200;207;100;300;30;30;20;45;30;30;20;45;30;31;20;45;30;30;20;45;200;231;100;300;200;229;100;300;200;144;100;300;200;145;100;300;4;3;0.4;6;4;5;0.4;6;4;2;0.4;6;4;5;0.4;6;4;3;0.4;6;4;5;0.4;6;4;2;0.4;6;4;5;0.4;6;NOK;NOK;OK;8000;8062;7500;9000;OK;6.81;0;8;12;NOK;N/A;1.85;N/A;N/A;N/A;9;12.7;7;18;OK;;0;0;0;-;Disabled;TempOk;3;230;34.4;34.2;34.7;0;349.9;441354200 daimler 6900-7200;441354200 daimler 6900-7200;441354200 daimler 6900-7200
20260325_03:43:13;0;3;1;930;919.5;890;970;OK;930;931.7;890;970;OK;933.5;932.7;-20;-16.8;-50;-25;NOK;-20;-16.5;-50;-25;NOK;-14.3;-15.4;0;-20;-16.9;-50;-25;NOK;300;311;300;565;OK;0;0;N/A;N/A;N/A;N/A;N/A;N/A;N/A;N/A;N/A;N/A;N/A;N/A;N/A;N/A;N/A;N/A;N/A;N/A;N/A;N/A;N/A;N/A;N/A;N/A;N/A;N/A;N/A;N/A;N/A;N/A;N/A;N/A;N/A;N/A;N/A;N/A;N/A;N/A;N/A;N/A;N/A;N/A;N/A;N/A;N/A;N/A;N/A;N/A;N/A;N/A;N/A;N/A;N/A;N/A;N/A;N/A;N/A;N/A;N/A;N/A;N/A;N/A;N/A;N/A;N/A;N/A;N/A;N/A;N/A;N/A;N/A;N/A;N/A;N/A;N/A;N/A;N/A;N/A;N/A;N/A;N/A;N/A;N/A;N/A;N/A;N/A;N/A;N/A;N/A;N/A;N/A;N/A;N/A;N/A;N/A;N/A;N/A;N/A;;0;283.9;0;0;;Disabled;TempStop;3;740;293.8;151.5;255;0;599.9;549.9;Enabled;PosOk;3;0;0;0;0;0;15;Disabled;0;0;0;0;0;0;0;0;0;0;0;0;0;0;0;0;0;0;0;0;0;0;0;0;0;0;0;0;0;0;0;0;0;0;0;0;0;0;0;0;0;0;0;0;0;0;0;0;0;0;0;0;0;0;0;0;0;0;0;0;0;0;0;0;0;0;0;0;0;0;30;30;20;45;30;30;20;45;30;31;20;45;30;30;20;45;200;215;100;300;200;213;100;300;200;208;100;300;200;208;100;300;30;30;20;45;30;30;20;45;30;31;20;45;30;30;20;45;200;231;100;300;200;229;100;300;200;144;100;300;200;145;100;300;4;2;0.4;6;4;5;0.4;6;4;2;0.4;6;4;5;0.4;6;4;3;0.4;6;4;5;0.4;6;4;3;0.4;6;4;5;0.4;6;NOK;NOK;OK;8000;8081;7500;9000;OK;6.82;0;8;12;NOK;N/A;1.85;N/A;N/A;N/A;9;12.6;7;18;OK;;0;0;0;-;Disabled;TempOk;3;230;33.9;34.2;33.7;0;349.9;441354200 daimler 6900-7200;441354200 daimler 6900-7200;441354200 daimler 6900-7200
20260325_03:43:49;0;1;2;930;919.1;890;970;OK;930;931.2;890;970;OK;932.7;932;-20;-15.2;-50;-25;NOK;-20;-15.8;-50;-25;NOK;-16.5;-16.8;0;-20;-15.1;-50;-25;NOK;300;311;300;565;OK;0;0;N/A;N/A;N/A;N/A;N/A;N/A;N/A;N/A;N/A;N/A;N/A;N/A;N/A;N/A;N/A;N/A;N/A;N/A;N/A;N/A;N/A;N/A;N/A;N/A;N/A;N/A;N/A;N/A;N/A;N/A;N/A;N/A;N/A;N/A;N/A;N/A;N/A;N/A;N/A;N/A;N/A;N/A;N/A;N/A;N/A;N/A;N/A;N/A;N/A;N/A;N/A;N/A;N/A;N/A;N/A;N/A;N/A;N/A;N/A;N/A;N/A;N/A;N/A;N/A;N/A;N/A;N/A;N/A;N/A;N/A;N/A;N/A;N/A;N/A;N/A;N/A;N/A;N/A;N/A;N/A;N/A;N/A;N/A;N/A;N/A;N/A;N/A;N/A;N/A;N/A;N/A;N/A;N/A;N/A;N/A;N/A;N/A;N/A;;0;284.5;0;0;;Disabled;TempStop;3;740;294;147.8;256.6;0;599.9;549.9;Enabled;PosOk;3;0;0.5;0;0;0;15;Disabled;0;0;0;0;0;0;0;0;0;0;0;0;0;0;0;0;0;0;0;0;0;0;0;0;0;0;0;0;0;0;0;0;0;0;0;0;0;0;0;0;0;0;0;0;0;0;0;0;0;0;0;0;0;0;0;0;0;0;0;0;0;0;0;0;0;0;0;0;0;0;30;30;20;45;30;30;20;45;30;31;20;45;30;30;20;45;200;215;100;300;200;213;100;300;200;208;100;300;200;208;100;300;30;30;20;45;30;30;20;45;30;31;20;45;30;30;20;45;200;230;100;300;200;229;100;300;200;144;100;300;200;145;100;300;4;2;0.4;6;4;5;0.4;6;4;2;0.4;6;4;5;0.4;6;4;3;0.4;6;4;5;0.4;6;4;3;0.4;6;4;5;0.4;6;NOK;NOK;OK;8000;8063;7500;9000;OK;6.81;0;8;12;NOK;N/A;1.85;N/A;N/A;N/A;9;13.2;7;18;OK;;0;0;0;-;Disabled;TempOk;3;230;34.9;34.7;35.4;0;349.9;441354200 daimler 6900-7200;441354200 daimler 6900-7200;441354200 daimler 6900-7200
20260325_03:44:25;0;3;2;930;919;890;970;OK;930;931.6;890;970;OK;932.8;932.1;-20;-16.9;-50;-25;NOK;-20;-17.5;-50;-25;NOK;-16.2;-17.3;0;-20;-16.8;-50;-25;NOK;300;311;300;565;OK;0;0;N/A;N/A;N/A;N/A;N/A;N/A;N/A;N/A;N/A;N/A;N/A;N/A;N/A;N/A;N/A;N/A;N/A;N/A;N/A;N/A;N/A;N/A;N/A;N/A;N/A;N/A;N/A;N/A;N/A;N/A;N/A;N/A;N/A;N/A;N/A;N/A;N/A;N/A;N/A;N/A;N/A;N/A;N/A;N/A;N/A;N/A;N/A;N/A;N/A;N/A;N/A;N/A;N/A;N/A;N/A;N/A;N/A;N/A;N/A;N/A;N/A;N/A;N/A;N/A;N/A;N/A;N/A;N/A;N/A;N/A;N/A;N/A;N/A;N/A;N/A;N/A;N/A;N/A;N/A;N/A;N/A;N/A;N/A;N/A;N/A;N/A;N/A;N/A;N/A;N/A;N/A;N/A;N/A;N/A;N/A;N/A;N/A;N/A;;0;282.7;0;0;;Disabled;TempStop;3;740;292.7;149.8;256.8;0;599.9;549.9;Enabled;PosOk;3;0;0;0;0;0;15;Disabled;0;0;0;0;0;0;0;0;0;0;0;0;0;0;0;0;0;0;0;0;0;0;0;0;0;0;0;0;0;0;0;0;0;0;0;0;0;0;0;0;0;0;0;0;0;0;0;0;0;0;0;0;0;0;0;0;0;0;0;0;0;0;0;0;0;0;0;0;0;0;30;30;20;45;30;30;20;45;30;31;20;45;30;30;20;45;200;215;100;300;200;213;100;300;200;208;100;300;200;208;100;300;30;30;20;45;30;30;20;45;30;31;20;45;30;30;20;45;200;231;100;300;200;230;100;300;200;145;100;300;200;145;100;300;4;2;0.4;6;4;5;0.4;6;4;2;0.4;6;4;5;0.4;6;4;2;0.4;6;4;5;0.4;6;4;2;0.4;6;4;5;0.4;6;NOK;NOK;OK;8000;8072;7500;9000;OK;6.82;0;8;12;NOK;N/A;1.85;N/A;N/A;N/A;9;13.3;7;18;OK;;0;0;0;-;Disabled;TempOk;3;230;34.9;34.4;34.9;0;349.9;441354200 daimler 6900-7200;441354200 daimler 6900-7200;441354200 daimler 6900-7200
20260325_03:45:01;0;1;3;930;918.9;890;970;OK;930;931.2;890;970;OK;932.5;931.8;-20;-15.4;-50;-25;NOK;-20;-16.2;-50;-25;NOK;-18.2;-17.9;0;-20;-15.3;-50;-25;NOK;300;311;300;565;OK;0;0;N/A;N/A;N/A;N/A;N/A;N/A;N/A;N/A;N/A;N/A;N/A;N/A;N/A;N/A;N/A;N/A;N/A;N/A;N/A;N/A;N/A;N/A;N/A;N/A;N/A;N/A;N/A;N/A;N/A;N/A;N/A;N/A;N/A;N/A;N/A;N/A;N/A;N/A;N/A;N/A;N/A;N/A;N/A;N/A;N/A;N/A;N/A;N/A;N/A;N/A;N/A;N/A;N/A;N/A;N/A;N/A;N/A;N/A;N/A;N/A;N/A;N/A;N/A;N/A;N/A;N/A;N/A;N/A;N/A;N/A;N/A;N/A;N/A;N/A;N/A;N/A;N/A;N/A;N/A;N/A;N/A;N/A;N/A;N/A;N/A;N/A;N/A;N/A;N/A;N/A;N/A;N/A;N/A;N/A;N/A;N/A;N/A;N/A;;0;285;0;0;;Disabled;TempStop;3;740;295.9;154.1;255.4;0;599.9;549.9;Enabled;PosOk;3;0;0;0;0;0;15;Disabled;0;0;0;0;0;0;0;0;0;0;0;0;0;0;0;0;0;0;0;0;0;0;0;0;0;0;0;0;0;0;0;0;0;0;0;0;0;0;0;0;0;0;0;0;0;0;0;0;0;0;0;0;0;0;0;0;0;0;0;0;0;0;0;0;0;0;0;0;44;32;30;29;20;45;30;29;20;45;30;30;20;45;30;29;20;45;200;215;100;300;200;213;100;300;200;208;100;300;200;208;100;300;30;29;20;45;30;29;20;45;30;30;20;45;30;29;20;45;200;231;100;300;200;229;100;300;200;144;100;300;200;145;100;300;4;3;0.4;6;4;5;0.4;6;4;2;0.4;6;4;5;0.4;6;4;3;0.4;6;4;5;0.4;6;4;2;0.4;6;4;5;0.4;6;NOK;NOK;OK;8000;8069;7500;9000;OK;6.81;0;8;12;NOK;N/A;1.85;N/A;N/A;N/A;9;13.3;7;18;OK;;0;0;0;-;Disabled;TempOk;3;230;34.9;34.4;34.9;0;349.9;441354200 daimler 6900-7200;441354200 daimler 6900-7200;441354200 daimler 6900-7200
20260325_03:45:37;0;3;3;930;919.1;890;970;OK;930;931.5;890;970;OK;932.5;932;-20;-16.5;-50;-25;NOK;-20;-16.7;-50;-25;NOK;-14.8;-15.8;0;-20;-16.5;-50;-25;NOK;300;311;300;565;OK;0;0;N/A;N/A;N/A;N/A;N/A;N/A;N/A;N/A;N/A;N/A;N/A;N/A;N/A;N/A;N/A;N/A;N/A;N/A;N/A;N/A;N/A;N/A;N/A;N/A;N/A;N/A;N/A;N/A;N/A;N/A;N/A;N/A;N/A;N/A;N/A;N/A;N/A;N/A;N/A;N/A;N/A;N/A;N/A;N/A;N/A;N/A;N/A;N/A;N/A;N/A;N/A;N/A;N/A;N/A;N/A;N/A;N/A;N/A;N/A;N/A;N/A;N/A;N/A;N/A;N/A;N/A;N/A;N/A;N/A;N/A;N/A;N/A;N/A;N/A;N/A;N/A;N/A;N/A;N/A;N/A;N/A;N/A;N/A;N/A;N/A;N/A;N/A;N/A;N/A;N/A;N/A;N/A;N/A;N/A;N/A;N/A;N/A;N/A;;0;284;0;0;;Disabled;TempStop;3;740;293.8;151.5;255.8;0;599.9;549.9;Enabled;PosOk;3;0;0.8;0;0;0;15;Disabled;0;0;0;0;0;0;0;0;0;0;0;0;0;0;0;0;0;0;0;0;0;0;0;0;0;0;0;0;0;0;0;0;0;0;0;0;0;0;0;0;0;0;0;0;0;0;0;0;0;0;0;0;0;0;0;0;0;0;0;0;0;0;0;0;0;0;0;0;0;0;30;29;20;45;30;29;20;45;30;29;20;45;30;29;20;45;200;215;100;300;200;213;100;300;200;208;100;300;200;208;100;300;30;29;20;45;30;29;20;45;30;30;20;45;30;29;20;45;200;231;100;300;200;230;100;300;200;144;100;300;200;145;100;300;4;2;0.4;6;4;5;0.4;6;4;2;0.4;6;4;5;0.4;6;4;3;0.4;6;4;5;0.4;6;4;3;0.4;6;4;5;0.4;6;NOK;NOK;OK;8000;8055;7500;9000;OK;6.81;0;8;12;NOK;N/A;1.85;N/A;N/A;N/A;9;13.3;7;18;OK;;0;0;0;-;Disabled;TempOk;3;230;34.7;34.2;34.7;0;349.9;441354200 daimler 6900-7200;441354200 daimler 6900-7200;441354200 daimler 6900-7200
20260325_03:46:13;0;1;4;930;917.3;890;970;OK;930;931.3;890;970;OK;932.1;931.8;-20;-13.8;-50;-25;NOK;-20;-14.4;-50;-25;NOK;-16.5;-16.3;0;-20;-13.7;-50;-25;NOK;300;311;300;565;OK;0;0;N/A;N/A;N/A;N/A;N/A;N/A;N/A;N/A;N/A;N/A;N/A;N/A;N/A;N/A;N/A;N/A;N/A;N/A;N/A;N/A;N/A;N/A;N/A;N/A;N/A;N/A;N/A;N/A;N/A;N/A;N/A;N/A;N/A;N/A;N/A;N/A;N/A;N/A;N/A;N/A;N/A;N/A;N/A;N/A;N/A;N/A;N/A;N/A;N/A;N/A;N/A;N/A;N/A;N/A;N/A;N/A;N/A;N/A;N/A;N/A;N/A;N/A;N/A;N/A;N/A;N/A;N/A;N/A;N/A;N/A;N/A;N/A;N/A;N/A;N/A;N/A;N/A;N/A;N/A;N/A;N/A;N/A;N/A;N/A;N/A;N/A;N/A;N/A;N/A;N/A;N/A;N/A;N/A;N/A;N/A;N/A;N/A;N/A;;0;283.8;0;0;;Disabled;TempStop;3;740;293.9;146.1;257.7;0;599.9;549.9;Enabled;PosOk;3;0;0;0;0;0;15;Disabled;0;0;0;0;0;0;0;0;0;0;0;0;0;0;0;0;0;0;0;0;0;0;0;0;0;0;0;0;0;0;0;0;0;0;0;0;0;0;0;0;0;0;0;0;0;0;0;0;0;0;0;0;0;0;0;0;0;0;0;0;0;0;0;0;0;0;0;0;45;44;30;29;20;45;30;30;20;45;30;30;20;45;30;29;20;45;200;215;100;300;200;213;100;300;200;207;100;300;200;208;100;300;30;29;20;45;30;30;20;45;30;30;20;45;30;30;20;45;200;231;100;300;200;229;100;300;200;144;100;300;200;145;100;300;4;2;0.4;6;4;5;0.4;6;4;2;0.4;6;4;5;0.4;6;4;3;0.4;6;4;5;0.4;6;4;2;0.4;6;4;5;0.4;6;NOK;NOK;OK;8000;8072;7500;9000;OK;6.82;0;8;12;NOK;N/A;1.85;N/A;N/A;N/A;9;13.4;7;18;OK;;0;0;0;-;Disabled;TempOk;3;230;35.2;35.2;35.4;0;349.9;441354200 daimler 6900-7200;441354200 daimler 6900-7200;441354200 daimler 6900-7200
20260325_03:46:48;0;3;4;930;919.5;890;970;OK;930;931.6;890;970;OK;932.3;931.7;-20;-15.7;-50;-25;NOK;-20;-16.8;-50;-25;NOK;-19;-18.9;0;-20;-15.5;-50;-25;NOK;300;311;300;565;OK;0;0;N/A;N/A;N/A;N/A;N/A;N/A;N/A;N/A;N/A;N/A;N/A;N/A;N/A;N/A;N/A;N/A;N/A;N/A;N/A;N/A;N/A;N/A;N/A;N/A;N/A;N/A;N/A;N/A;N/A;N/A;N/A;N/A;N/A;N/A;N/A;N/A;N/A;N/A;N/A;N/A;N/A;N/A;N/A;N/A;N/A;N/A;N/A;N/A;N/A;N/A;N/A;N/A;N/A;N/A;N/A;N/A;N/A;N/A;N/A;N/A;N/A;N/A;N/A;N/A;N/A;N/A;N/A;N/A;N/A;N/A;N/A;N/A;N/A;N/A;N/A;N/A;N/A;N/A;N/A;N/A;N/A;N/A;N/A;N/A;N/A;N/A;N/A;N/A;N/A;N/A;N/A;N/A;N/A;N/A;N/A;N/A;N/A;N/A;;0;283.3;0;0;;Disabled;TempStop;3;740;295.2;147.7;257.4;0;599.9;549.9;Enabled;PosOk;3;0;0.5;0;0;0;15;Disabled;0;0;0;0;0;0;0;0;0;0;0;0;0;0;0;0;0;0;0;0;0;0;0;0;0;0;0;0;0;0;0;0;0;0;0;0;0;0;0;0;0;0;0;0;0;0;0;0;0;0;0;0;0;0;0;0;0;0;0;0;0;0;0;0;0;0;0;0;0;0;30;30;20;45;30;30;20;45;30;30;20;45;30;30;20;45;200;215;100;300;200;213;100;300;200;208;100;300;200;208;100;300;30;30;20;45;30;30;20;45;30;30;20;45;30;30;20;45;200;231;100;300;200;229;100;300;200;144;100;300;200;145;100;300;4;3;0.4;6;4;5;0.4;6;4;2;0.4;6;4;5;0.4;6;4;3;0.4;6;4;5;0.4;6;4;3;0.4;6;4;5;0.4;6;NOK;NOK;OK;8000;8056;7500;9000;OK;6.81;0;8;12;NOK;N/A;1.85;N/A;N/A;N/A;9;13.5;7;18;OK;;0;0;0;-;Disabled;TempOk;3;230;34.2;33.9;33.7;0;349.9;441354200 daimler 6900-7200;441354200 daimler 6900-7200;441354200 daimler 6900-7200
20260325_03:47:24;0;3;5;930;920.4;890;970;OK;930;931;890;970;OK;932.2;931.4;-20;-19.3;-50;-25;NOK;-20;-19.5;-50;-25;NOK;-19.4;-20.1;0;-20;-19.1;-50;-25;NOK;300;311;300;565;OK;0;0;N/A;N/A;N/A;N/A;N/A;N/A;N/A;N/A;N/A;N/A;N/A;N/A;N/A;N/A;N/A;N/A;N/A;N/A;N/A;N/A;N/A;N/A;N/A;N/A;N/A;N/A;N/A;N/A;N/A;N/A;N/A;N/A;N/A;N/A;N/A;N/A;N/A;N/A;N/A;N/A;N/A;N/A;N/A;N/A;N/A;N/A;N/A;N/A;N/A;N/A;N/A;N/A;N/A;N/A;N/A;N/A;N/A;N/A;N/A;N/A;N/A;N/A;N/A;N/A;N/A;N/A;N/A;N/A;N/A;N/A;N/A;N/A;N/A;N/A;N/A;N/A;N/A;N/A;N/A;N/A;N/A;N/A;N/A;N/A;N/A;N/A;N/A;N/A;N/A;N/A;N/A;N/A;N/A;N/A;N/A;N/A;N/A;N/A;;0;281.4;0;0;;Disabled;TempStop;3;740;290.6;148.4;252.4;0;599.9;549.9;Enabled;PosOk;3;0;0.7;0;0;0;15;Disabled;0;0;0;0;0;0;0;0;0;0;0;0;0;0;0;0;0;0;0;0;0;0;0;0;0;0;0;0;0;0;0;0;0;0;0;0;0;0;0;0;0;0;0;0;0;0;0;0;0;0;0;0;0;0;0;0;0;0;0;0;0;0;0;0;0;0;0;0;0;0;30;30;20;45;30;30;20;45;30;30;20;45;30;30;20;45;200;216;100;300;200;213;100;300;200;208;100;300;200;208;100;300;30;30;20;45;30;30;20;45;30;31;20;45;30;30;20;45;200;230;100;300;200;229;100;300;200;144;100;300;200;145;100;300;4;2;0.4;6;4;5;0.4;6;4;2;0.4;6;4;5;0.4;6;4;3;0.4;6;4;5;0.4;6;4;3;0.4;6;4;5;0.4;6;NOK;NOK;OK;8000;8074;7500;9000;OK;6.82;0;8;12;NOK;N/A;1.85;N/A;N/A;N/A;9;13.5;7;18;OK;;0;0;0;-;Disabled;TempOk;3;230;34.7;34.4;34.7;0;349.9;441354200 daimler 6900-7200;441354200 daimler 6900-7200;441354200 daimler 6900-7200
20260325_03:48:00;0;1;1;930;919.8;890;970;OK;930;931.3;890;970;OK;932.4;931.9;-20;-17.6;-50;-25;NOK;-20;-17.7;-50;-25;NOK;-17.3;-17.4;0;-20;-17.6;-50;-25;NOK;300;311;300;565;OK;0;0;N/A;N/A;N/A;N/A;N/A;N/A;N/A;N/A;N/A;N/A;N/A;N/A;N/A;N/A;N/A;N/A;N/A;N/A;N/A;N/A;N/A;N/A;N/A;N/A;N/A;N/A;N/A;N/A;N/A;N/A;N/A;N/A;N/A;N/A;N/A;N/A;N/A;N/A;N/A;N/A;N/A;N/A;N/A;N/A;N/A;N/A;N/A;N/A;N/A;N/A;N/A;N/A;N/A;N/A;N/A;N/A;N/A;N/A;N/A;N/A;N/A;N/A;N/A;N/A;N/A;N/A;N/A;N/A;N/A;N/A;N/A;N/A;N/A;N/A;N/A;N/A;N/A;N/A;N/A;N/A;N/A;N/A;N/A;N/A;N/A;N/A;N/A;N/A;N/A;N/A;N/A;N/A;N/A;N/A;N/A;N/A;N/A;N/A;;0;286;0;0;;Disabled;TempStop;3;740;296.5;150.2;259;0;599.9;549.9;Enabled;PosOk;3;0;0;0;0;0;15;Disabled;0;0;0;0;0;0;0;0;0;0;0;0;0;0;0;0;0;0;0;0;0;0;0;0;0;0;0;0;0;0;0;0;0;0;0;0;0;0;0;0;0;0;0;0;0;0;0;0;0;0;0;0;0;0;0;0;0;0;0;0;0;0;0;0;0;0;0;0;0;0;30;30;20;45;30;30;20;45;30;30;20;45;30;30;20;45;200;215;100;300;200;213;100;300;200;207;100;300;200;207;100;300;30;30;20;45;30;30;20;45;30;31;20;45;30;30;20;45;200;231;100;300;200;230;100;300;200;144;100;300;200;145;100;300;4;2;0.4;6;4;5;0.4;6;4;2;0.4;6;4;5;0.4;6;4;3;0.4;6;4;5;0.4;6;4;3;0.4;6;4;5;0.4;6;NOK;NOK;OK;8000;8073;7500;9000;OK;6.82;0;8;12;NOK;N/A;1.85;N/A;N/A;N/A;9;13.4;7;18;OK;;0;0;0;-;Disabled;TempOk;3;230;34.9;34.4;34.7;0;349.9;441354200 daimler 6900-7200;441354200 daimler 6900-7200;441354200 daimler 6900-7200
20260325_03:48:36;0;3;1;930;919.5;890;970;OK;930;931.7;890;970;OK;933.8;933.1;-20;-16.8;-50;-25;NOK;-20;-16.5;-50;-25;NOK;-14.6;-15.5;0;-20;-16.9;-50;-25;NOK;300;311;300;565;OK;0;0;N/A;N/A;N/A;N/A;N/A;N/A;N/A;N/A;N/A;N/A;N/A;N/A;N/A;N/A;N/A;N/A;N/A;N/A;N/A;N/A;N/A;N/A;N/A;N/A;N/A;N/A;N/A;N/A;N/A;N/A;N/A;N/A;N/A;N/A;N/A;N/A;N/A;N/A;N/A;N/A;N/A;N/A;N/A;N/A;N/A;N/A;N/A;N/A;N/A;N/A;N/A;N/A;N/A;N/A;N/A;N/A;N/A;N/A;N/A;N/A;N/A;N/A;N/A;N/A;N/A;N/A;N/A;N/A;N/A;N/A;N/A;N/A;N/A;N/A;N/A;N/A;N/A;N/A;N/A;N/A;N/A;N/A;N/A;N/A;N/A;N/A;N/A;N/A;N/A;N/A;N/A;N/A;N/A;N/A;N/A;N/A;N/A;N/A;;0;284.2;0;0;;Disabled;TempStop;3;740;293.7;151.9;254.7;0;599.9;549.9;Enabled;PosOk;3;0;0.1;0;0;0;15;Disabled;0;0;0;0;0;0;0;0;0;0;0;0;0;0;0;0;0;0;0;0;0;0;0;0;0;0;0;0;0;0;0;0;0;0;0;0;0;0;0;0;0;0;0;0;0;0;0;0;0;0;0;0;0;0;0;0;0;0;0;0;0;0;0;0;0;0;0;0;0;0;30;30;20;45;30;30;20;45;30;30;20;45;30;30;20;45;200;216;100;300;200;213;100;300;200;208;100;300;200;208;100;300;30;30;20;45;30;30;20;45;30;31;20;45;30;30;20;45;200;231;100;300;200;229;100;300;200;144;100;300;200;145;100;300;4;2;0.4;6;4;5;0.4;6;4;2;0.4;6;4;5;0.4;6;4;3;0.4;6;4;5;0.4;6;4;2;0.4;6;4;5;0.4;6;NOK;NOK;OK;8000;8068;7500;9000;OK;6.81;0;8;12;NOK;N/A;1.85;N/A;N/A;N/A;9;13.4;7;18;OK;;0;0;0;-;Disabled;TempOk;3;230;34.4;34.7;34.7;0;349.9;441354200 daimler 6900-7200;441354200 daimler 6900-7200;441354200 daimler 6900-7200
20260325_03:49:12;0;1;2;930;919.1;890;970;OK;930;931.5;890;970;OK;932.6;932;-20;-15.3;-50;-25;NOK;-20;-15.9;-50;-25;NOK;-16.6;-17;0;-20;-15.2;-50;-25;NOK;300;311;300;565;OK;0;0;N/A;N/A;N/A;N/A;N/A;N/A;N/A;N/A;N/A;N/A;N/A;N/A;N/A;N/A;N/A;N/A;N/A;N/A;N/A;N/A;N/A;N/A;N/A;N/A;N/A;N/A;N/A;N/A;N/A;N/A;N/A;N/A;N/A;N/A;N/A;N/A;N/A;N/A;N/A;N/A;N/A;N/A;N/A;N/A;N/A;N/A;N/A;N/A;N/A;N/A;N/A;N/A;N/A;N/A;N/A;N/A;N/A;N/A;N/A;N/A;N/A;N/A;N/A;N/A;N/A;N/A;N/A;N/A;N/A;N/A;N/A;N/A;N/A;N/A;N/A;N/A;N/A;N/A;N/A;N/A;N/A;N/A;N/A;N/A;N/A;N/A;N/A;N/A;N/A;N/A;N/A;N/A;N/A;N/A;N/A;N/A;N/A;N/A;;0;283.9;0;0;;Disabled;TempStop;3;740;293.6;145.3;256.2;0;599.9;549.9;Enabled;PosOk;3;0;1;0;0;0;15;Disabled;0;0;0;0;0;0;0;0;0;0;0;0;0;0;0;0;0;0;0;0;0;0;0;0;0;0;0;0;0;0;0;0;0;0;0;0;0;0;0;0;0;0;0;0;0;0;0;0;0;0;0;0;0;0;0;0;0;0;0;0;0;0;0;0;0;0;0;0;0;0;30;30;20;45;30;30;20;45;30;30;20;45;30;30;20;45;200;215;100;300;200;213;100;300;200;207;100;300;200;208;100;300;30;30;20;45;30;30;20;45;30;31;20;45;30;30;20;45;200;231;100;300;200;229;100;300;200;144;100;300;200;144;100;300;4;2;0.4;6;4;5;0.4;6;4;2;0.4;6;4;5;0.4;6;4;3;0.4;6;4;5;0.4;6;4;3;0.4;6;4;5;0.4;6;NOK;NOK;OK;8000;8064;7500;9000;OK;6.81;0;8;12;NOK;N/A;1.85;N/A;N/A;N/A;9;13.4;7;18;OK;;0;0;0;-;Disabled;TempOk;3;230;35.4;34.7;34.9;0;349.9;441354200 daimler 6900-7200;441354200 daimler 6900-7200;441354200 daimler 6900-7200
20260325_03:49:34;0;3;2;930;919.3;890;970;OK;930;931.5;890;970;OK;932.7;932.1;-20;-17.1;-50;-25;NOK;-20;-17.5;-50;-25;NOK;-16.2;-17.3;0;-20;-17;-50;-25;NOK;300;311;300;565;OK;0;0;N/A;N/A;N/A;N/A;N/A;N/A;N/A;N/A;N/A;N/A;N/A;N/A;N/A;N/A;N/A;N/A;N/A;N/A;N/A;N/A;N/A;N/A;N/A;N/A;N/A;N/A;N/A;N/A;N/A;N/A;N/A;N/A;N/A;N/A;N/A;N/A;N/A;N/A;N/A;N/A;N/A;N/A;N/A;N/A;N/A;N/A;N/A;N/A;N/A;N/A;N/A;N/A;N/A;N/A;N/A;N/A;N/A;N/A;N/A;N/A;N/A;N/A;N/A;N/A;N/A;N/A;N/A;N/A;N/A;N/A;N/A;N/A;N/A;N/A;N/A;N/A;N/A;N/A;N/A;N/A;N/A;N/A;N/A;N/A;N/A;N/A;N/A;N/A;N/A;N/A;N/A;N/A;N/A;N/A;N/A;N/A;N/A;N/A;;0;282.7;0;0;;Disabled;TempStop;3;740;291.9;150.6;258.9;0;599.9;549.9;Enabled;PosNotOk;3;0;28.5;0;0;0;15;Disabled;0;0;0;0;0;0;0;0;0;0;0;0;0;0;0;0;0;0;0;0;0;0;0;0;0;0;0;0;0;0;0;0;0;0;0;0;0;0;0;0;0;0;0;0;0;0;0;0;0;0;0;0;0;0;0;0;0;0;0;0;0;0;0;0;0;0;0;0;0;0;;;;;;;;;;;;;;;;;;;;;;;;;;;;;;;;;;;;;;;;;;;;;;;;;;;;;;;;;;;;;;;;;;;;;;;;;;;;;;;;;;;;;;;;;;;;;;;;;;;;;;;;;;;;;;;;;;;;;;;;;;;;;;;;;;;;;;441354200 daimler 6900-7200;441354200 daimler 6900-7200;;
20260325_03:52:29;0;1;3;930;919.3;890;970;OK;930;930.5;890;970;OK;932.4;931.7;-20;-15.6;-50;-25;NOK;-20;-17;-50;-25;NOK;-18.3;-17.9;0;-20;-15.6;-50;-25;NOK;300;436;300;565;OK;0;0;N/A;N/A;N/A;N/A;N/A;N/A;N/A;N/A;N/A;N/A;N/A;N/A;N/A;N/A;N/A;N/A;N/A;N/A;N/A;N/A;N/A;N/A;N/A;N/A;N/A;N/A;N/A;N/A;N/A;N/A;N/A;N/A;N/A;N/A;N/A;N/A;N/A;N/A;N/A;N/A;N/A;N/A;N/A;N/A;N/A;N/A;N/A;N/A;N/A;N/A;N/A;N/A;N/A;N/A;N/A;N/A;N/A;N/A;N/A;N/A;N/A;N/A;N/A;N/A;N/A;N/A;N/A;N/A;N/A;N/A;N/A;N/A;N/A;N/A;N/A;N/A;N/A;N/A;N/A;N/A;N/A;N/A;N/A;N/A;N/A;N/A;N/A;N/A;N/A;N/A;N/A;N/A;N/A;N/A;N/A;N/A;N/A;N/A;;0;283.2;0;0;;Disabled;TempStop;3;740;295.1;147.7;259;0;599.9;549.9;Enabled;PosOk;3;0;0;0;0;0;15;Disabled;0;0;0;0;0;0;0;0;0;0;0;0;0;0;0;0;0;0;0;0;0;0;0;0;0;0;0;0;0;0;0;0;0;0;0;0;0;0;0;0;0;0;0;0;0;0;0;0;0;0;0;0;0;0;0;0;0;0;0;0;0;0;0;0;0;0;0;0;52;0;30;30;20;45;30;29;20;45;30;30;20;45;30;29;20;45;200;215;100;300;200;213;100;300;200;208;100;300;200;208;100;300;30;29;20;45;30;29;20;45;30;29;20;45;30;29;20;45;200;231;100;300;200;229;100;300;200;144;100;300;200;145;100;300;4;2;0.4;6;4;5;0.4;6;4;2;0.4;6;4;5;0.4;6;4;2;0.4;6;4;5;0.4;6;4;2;0.4;6;4;5;0.4;6;NOK;NOK;OK;8000;8084;7500;9000;OK;6.81;0;8;12;NOK;N/A;1.85;N/A;N/A;N/A;9;13;7;18;OK;;0;0;0;-;Disabled;TempOk;3;230;34.7;34.4;35.4;0;349.9;441354200 daimler 6900-7200;441354200 daimler 6900-7200;441354200 daimler 6900-7200
20260325_03:53:05;0;3;3;930;919.4;890;970;OK;930;930.5;890;970;OK;932.6;931.9;-20;-16.6;-50;-25;NOK;-20;-16.1;-50;-25;NOK;-14.8;-15.8;0;-20;-16.6;-50;-25;NOK;300;436;300;565;OK;0;0;N/A;N/A;N/A;N/A;N/A;N/A;N/A;N/A;N/A;N/A;N/A;N/A;N/A;N/A;N/A;N/A;N/A;N/A;N/A;N/A;N/A;N/A;N/A;N/A;N/A;N/A;N/A;N/A;N/A;N/A;N/A;N/A;N/A;N/A;N/A;N/A;N/A;N/A;N/A;N/A;N/A;N/A;N/A;N/A;N/A;N/A;N/A;N/A;N/A;N/A;N/A;N/A;N/A;N/A;N/A;N/A;N/A;N/A;N/A;N/A;N/A;N/A;N/A;N/A;N/A;N/A;N/A;N/A;N/A;N/A;N/A;N/A;N/A;N/A;N/A;N/A;N/A;N/A;N/A;N/A;N/A;N/A;N/A;N/A;N/A;N/A;N/A;N/A;N/A;N/A;N/A;N/A;N/A;N/A;N/A;N/A;N/A;N/A;;0;282.4;0;0;;Disabled;TempStop;3;740;291.7;144.1;254.9;0;599.9;549.9;Enabled;PosOk;3;0;0.8;0;0;0;15;Disabled;0;0;0;0;0;0;0;0;0;0;0;0;0;0;0;0;0;0;0;0;0;0;0;0;0;0;0;0;0;0;0;0;0;0;0;0;0;0;0;0;0;0;0;0;0;0;0;0;0;0;0;0;0;0;0;0;0;0;0;0;0;0;0;0;0;0;0;0;0;0;30;29;20;45;30;29;20;45;30;29;20;45;30;29;20;45;200;215;100;300;200;213;100;300;200;208;100;300;200;208;100;300;30;29;20;45;30;29;20;45;30;30;20;45;30;29;20;45;200;231;100;300;200;229;100;300;200;144;100;300;200;146;100;300;4;2;0.4;6;4;5;0.4;6;4;2;0.4;6;4;5;0.4;6;4;3;0.4;6;4;5;0.4;6;4;3;0.4;6;4;5;0.4;6;NOK;NOK;OK;8000;7954;7500;9000;OK;6.81;0;8;12;NOK;N/A;1.85;N/A;N/A;N/A;9;12.8;7;18;OK;;0;0;0;-;Disabled;TempOk;3;230;34.4;34.7;34.7;0;349.9;441354200 daimler 6900-7200;441354200 daimler 6900-7200;441354200 daimler 6900-7200
20260325_03:53:41;0;1;4;930;919;890;970;OK;930;930.6;890;970;OK;932.1;931.9;-20;-13.9;-50;-25;NOK;-20;-15.9;-50;-25;NOK;-16.4;-16.2;0;-20;-13.8;-50;-25;NOK;300;436;300;565;OK;0;0;N/A;N/A;N/A;N/A;N/A;N/A;N/A;N/A;N/A;N/A;N/A;N/A;N/A;N/A;N/A;N/A;N/A;N/A;N/A;N/A;N/A;N/A;N/A;N/A;N/A;N/A;N/A;N/A;N/A;N/A;N/A;N/A;N/A;N/A;N/A;N/A;N/A;N/A;N/A;N/A;N/A;N/A;N/A;N/A;N/A;N/A;N/A;N/A;N/A;N/A;N/A;N/A;N/A;N/A;N/A;N/A;N/A;N/A;N/A;N/A;N/A;N/A;N/A;N/A;N/A;N/A;N/A;N/A;N/A;N/A;N/A;N/A;N/A;N/A;N/A;N/A;N/A;N/A;N/A;N/A;N/A;N/A;N/A;N/A;N/A;N/A;N/A;N/A;N/A;N/A;N/A;N/A;N/A;N/A;N/A;N/A;N/A;N/A;;0;283.1;0;0;;Disabled;TempStop;3;740;293.1;149.3;253.4;0;599.9;549.9;Enabled;PosOk;3;0;0;0;0;0;15;Disabled;0;0;0;0;0;0;0;0;0;0;0;0;0;0;0;0;0;0;0;0;0;0;0;0;0;0;0;0;0;0;0;0;0;0;0;0;0;0;0;0;0;0;0;0;0;0;0;0;0;0;0;0;0;0;0;0;0;0;0;0;0;0;0;0;0;0;0;0;53;12;30;29;20;45;30;30;20;45;30;30;20;45;30;29;20;45;200;215;100;300;200;213;100;300;200;208;100;300;200;208;100;300;30;29;20;45;30;29;20;45;30;30;20;45;30;30;20;45;200;230;100;300;200;229;100;300;200;144;100;300;200;145;100;300;4;3;0.4;6;4;5;0.4;6;4;2;0.4;6;4;5;0.4;6;4;3;0.4;6;4;5;0.4;6;4;2;0.4;6;4;5;0.4;6;NOK;NOK;OK;8000;8081;7500;9000;OK;6.81;0;8;12;NOK;N/A;1.85;N/A;N/A;N/A;9;12.9;7;18;OK;;0;0;0;-;Disabled;TempOk;3;230;34.4;34.9;34.2;0;349.9;441354200 daimler 6900-7200;441354200 daimler 6900-7200;441354200 daimler 6900-7200
20260325_03:54:17;0;3;4;930;919.4;890;970;OK;930;930.3;890;970;OK;932.5;931.8;-20;-15.8;-50;-25;NOK;-20;-18.5;-50;-25;NOK;-19.2;-19;0;-20;-15.5;-50;-25;NOK;300;436;300;565;OK;0;0;N/A;N/A;N/A;N/A;N/A;N/A;N/A;N/A;N/A;N/A;N/A;N/A;N/A;N/A;N/A;N/A;N/A;N/A;N/A;N/A;N/A;N/A;N/A;N/A;N/A;N/A;N/A;N/A;N/A;N/A;N/A;N/A;N/A;N/A;N/A;N/A;N/A;N/A;N/A;N/A;N/A;N/A;N/A;N/A;N/A;N/A;N/A;N/A;N/A;N/A;N/A;N/A;N/A;N/A;N/A;N/A;N/A;N/A;N/A;N/A;N/A;N/A;N/A;N/A;N/A;N/A;N/A;N/A;N/A;N/A;N/A;N/A;N/A;N/A;N/A;N/A;N/A;N/A;N/A;N/A;N/A;N/A;N/A;N/A;N/A;N/A;N/A;N/A;N/A;N/A;N/A;N/A;N/A;N/A;N/A;N/A;N/A;N/A;;0;280.9;0;0;;Disabled;TempStop;3;740;291.6;147.7;253.9;0;599.9;549.9;Enabled;PosOk;3;0;0;0;0;0;15;Disabled;0;0;0;0;0;0;0;0;0;0;0;0;0;0;0;0;0;0;0;0;0;0;0;0;0;0;0;0;0;0;0;0;0;0;0;0;0;0;0;0;0;0;0;0;0;0;0;0;0;0;0;0;0;0;0;0;0;0;0;0;0;0;0;0;0;0;0;0;0;0;30;30;20;45;30;30;20;45;30;30;20;45;30;30;20;45;200;215;100;300;200;213;100;300;200;208;100;300;200;208;100;300;30;30;20;45;30;30;20;45;30;30;20;45;30;30;20;45;200;231;100;300;200;229;100;300;200;144;100;300;200;145;100;300;4;3;0.4;6;4;5;0.4;6;4;2;0.4;6;4;5;0.4;6;4;3;0.4;6;4;5;0.4;6;4;3;0.4;6;4;5;0.4;6;NOK;NOK;OK;8000;8065;7500;9000;OK;6.81;0;8;12;NOK;N/A;1.85;N/A;N/A;N/A;9;12.9;7;18;OK;;0;0;0;-;Disabled;TempOk;3;230;35.2;34.7;34.9;0;349.9;441354200 daimler 6900-7200;441354200 daimler 6900-7200;441354200 daimler 6900-7200
20260325_03:54:53;0;3;5;930;920.5;890;970;OK;930;930.5;890;970;OK;931.8;931.3;-20;-19.2;-50;-25;NOK;-20;-21.3;-50;-25;NOK;-19.7;-20.1;0;-20;-19.1;-50;-25;NOK;300;436;300;565;OK;0;0;N/A;N/A;N/A;N/A;N/A;N/A;N/A;N/A;N/A;N/A;N/A;N/A;N/A;N/A;N/A;N/A;N/A;N/A;N/A;N/A;N/A;N/A;N/A;N/A;N/A;N/A;N/A;N/A;N/A;N/A;N/A;N/A;N/A;N/A;N/A;N/A;N/A;N/A;N/A;N/A;N/A;N/A;N/A;N/A;N/A;N/A;N/A;N/A;N/A;N/A;N/A;N/A;N/A;N/A;N/A;N/A;N/A;N/A;N/A;N/A;N/A;N/A;N/A;N/A;N/A;N/A;N/A;N/A;N/A;N/A;N/A;N/A;N/A;N/A;N/A;N/A;N/A;N/A;N/A;N/A;N/A;N/A;N/A;N/A;N/A;N/A;N/A;N/A;N/A;N/A;N/A;N/A;N/A;N/A;N/A;N/A;N/A;N/A;;0;281.9;0;0;;Disabled;TempStop;3;740;290.8;147.6;252.2;0;599.9;549.9;Enabled;PosOk;3;0;0.3;0;0;0;15;Disabled;0;0;0;0;0;0;0;0;0;0;0;0;0;0;0;0;0;0;0;0;0;0;0;0;0;0;0;0;0;0;0;0;0;0;0;0;0;0;0;0;0;0;0;0;0;0;0;0;0;0;0;0;0;0;0;0;0;0;0;0;0;0;0;0;0;0;0;0;0;0;30;30;20;45;30;30;20;45;30;30;20;45;30;30;20;45;200;215;100;300;200;213;100;300;200;208;100;300;200;207;100;300;30;30;20;45;30;30;20;45;30;30;20;45;30;30;20;45;200;231;100;300;200;229;100;300;200;144;100;300;200;145;100;300;4;2;0.4;6;4;5;0.4;6;4;2;0.4;6;4;5;0.4;6;4;3;0.4;6;4;5;0.4;6;4;3;0.4;6;4;5;0.4;6;NOK;NOK;OK;8000;8074;7500;9000;OK;6.81;0;8;12;NOK;N/A;1.85;N/A;N/A;N/A;9;13;7;18;OK;;0;0;0;-;Disabled;TempOk;3;230;34.9;34.9;35.2;0;349.9;441354200 daimler 6900-7200;441354200 daimler 6900-7200;441354200 daimler 6900-7200
20260325_03:55:29;0;1;1;930;919.3;890;970;OK;930;930.6;890;970;OK;932.5;931.9;-20;-17.9;-50;-25;NOK;-20;-18.7;-50;-25;NOK;-17.4;-17.5;0;-20;-17.9;-50;-25;NOK;300;436;300;565;OK;0;0;N/A;N/A;N/A;N/A;N/A;N/A;N/A;N/A;N/A;N/A;N/A;N/A;N/A;N/A;N/A;N/A;N/A;N/A;N/A;N/A;N/A;N/A;N/A;N/A;N/A;N/A;N/A;N/A;N/A;N/A;N/A;N/A;N/A;N/A;N/A;N/A;N/A;N/A;N/A;N/A;N/A;N/A;N/A;N/A;N/A;N/A;N/A;N/A;N/A;N/A;N/A;N/A;N/A;N/A;N/A;N/A;N/A;N/A;N/A;N/A;N/A;N/A;N/A;N/A;N/A;N/A;N/A;N/A;N/A;N/A;N/A;N/A;N/A;N/A;N/A;N/A;N/A;N/A;N/A;N/A;N/A;N/A;N/A;N/A;N/A;N/A;N/A;N/A;N/A;N/A;N/A;N/A;N/A;N/A;N/A;N/A;N/A;N/A;;0;284.6;0;0;;Disabled;TempStop;3;740;295.9;149.9;258.1;0;599.9;549.9;Enabled;PosOk;3;0;0;0;0;0;15;Disabled;0;0;0;0;0;0;0;0;0;0;0;0;0;0;0;0;0;0;0;0;0;0;0;0;0;0;0;0;0;0;0;0;0;0;0;0;0;0;0;0;0;0;0;0;0;0;0;0;0;0;0;0;0;0;0;0;0;0;0;0;0;0;0;0;0;0;0;0;0;0;30;30;20;45;30;30;20;45;30;30;20;45;30;30;20;45;200;216;100;300;200;213;100;300;200;207;100;300;200;208;100;300;30;30;20;45;30;30;20;45;30;31;20;45;30;30;20;45;200;230;100;300;200;229;100;300;200;144;100;300;200;145;100;300;4;2;0.4;6;4;5;0.4;6;4;2;0.4;6;4;5;0.4;6;4;2;0.4;6;4;5;0.4;6;4;2;0.4;6;4;5;0.4;6;NOK;NOK;OK;8000;7966;7500;9000;OK;6.81;0;8;12;NOK;N/A;1.85;N/A;N/A;N/A;9;12.8;7;18;OK;;0;0;0;-;Disabled;TempOk;3;230;35.2;34.7;35.4;0;349.9;441354200 daimler 6900-7200;441354200 daimler 6900-7200;441354200 daimler 6900-7200
20260325_03:56:05;0;3;1;930;919.5;890;970;OK;930;929.7;890;970;OK;933.6;932.9;-20;-16.8;-50;-25;NOK;-20;-19.6;-50;-25;NOK;-14.9;-16;0;-20;-17;-50;-25;NOK;300;436;300;565;OK;0;0;N/A;N/A;N/A;N/A;N/A;N/A;N/A;N/A;N/A;N/A;N/A;N/A;N/A;N/A;N/A;N/A;N/A;N/A;N/A;N/A;N/A;N/A;N/A;N/A;N/A;N/A;N/A;N/A;N/A;N/A;N/A;N/A;N/A;N/A;N/A;N/A;N/A;N/A;N/A;N/A;N/A;N/A;N/A;N/A;N/A;N/A;N/A;N/A;N/A;N/A;N/A;N/A;N/A;N/A;N/A;N/A;N/A;N/A;N/A;N/A;N/A;N/A;N/A;N/A;N/A;N/A;N/A;N/A;N/A;N/A;N/A;N/A;N/A;N/A;N/A;N/A;N/A;N/A;N/A;N/A;N/A;N/A;N/A;N/A;N/A;N/A;N/A;N/A;N/A;N/A;N/A;N/A;N/A;N/A;N/A;N/A;N/A;N/A;;0;282.6;0;0;;Disabled;TempStop;3;740;292;149.2;255.7;0;599.9;549.9;Enabled;PosOk;3;0;0;0;0;0;15;Disabled;0;0;0;0;0;0;0;0;0;0;0;0;0;0;0;0;0;0;0;0;0;0;0;0;0;0;0;0;0;0;0;0;0;0;0;0;0;0;0;0;0;0;0;0;0;0;0;0;0;0;0;0;0;0;0;0;0;0;0;0;0;0;0;0;0;0;0;0;0;0;30;30;20;45;30;30;20;45;30;30;20;45;30;30;20;45;200;215;100;300;200;213;100;300;200;208;100;300;200;208;100;300;30;30;20;45;30;30;20;45;30;31;20;45;30;30;20;45;200;230;100;300;200;229;100;300;200;144;100;300;200;146;100;300;4;3;0.4;6;4;5;0.4;6;4;2;0.4;6;4;5;0.4;6;4;3;0.4;6;4;5;0.4;6;4;2;0.4;6;4;5;0.4;6;NOK;NOK;OK;8000;8070;7500;9000;OK;6.81;0;8;12;NOK;N/A;1.85;N/A;N/A;N/A;9;12.8;7;18;OK;;0;0;0;-;Disabled;TempOk;3;230;35.4;34.9;35.4;0;349.9;441354200 daimler 6900-7200;441354200 daimler 6900-7200;441354200 daimler 6900-7200
20260325_03:56:41;0;1;2;930;919.4;890;970;OK;930;930.5;890;970;OK;932.6;931.9;-20;-15.3;-50;-25;NOK;-20;-17.5;-50;-25;NOK;-16.7;-17;0;-20;-15.3;-50;-25;NOK;300;436;300;565;OK;0;0;N/A;N/A;N/A;N/A;N/A;N/A;N/A;N/A;N/A;N/A;N/A;N/A;N/A;N/A;N/A;N/A;N/A;N/A;N/A;N/A;N/A;N/A;N/A;N/A;N/A;N/A;N/A;N/A;N/A;N/A;N/A;N/A;N/A;N/A;N/A;N/A;N/A;N/A;N/A;N/A;N/A;N/A;N/A;N/A;N/A;N/A;N/A;N/A;N/A;N/A;N/A;N/A;N/A;N/A;N/A;N/A;N/A;N/A;N/A;N/A;N/A;N/A;N/A;N/A;N/A;N/A;N/A;N/A;N/A;N/A;N/A;N/A;N/A;N/A;N/A;N/A;N/A;N/A;N/A;N/A;N/A;N/A;N/A;N/A;N/A;N/A;N/A;N/A;N/A;N/A;N/A;N/A;N/A;N/A;N/A;N/A;N/A;N/A;;0;282.3;0;0;;Disabled;TempStop;3;740;292;143.6;255.6;0;599.9;549.9;Enabled;PosOk;3;0;0.8;0;0;0;15;Disabled;0;0;0;0;0;0;0;0;0;0;0;0;0;0;0;0;0;0;0;0;0;0;0;0;0;0;0;0;0;0;0;0;0;0;0;0;0;0;0;0;0;0;0;0;0;0;0;0;0;0;0;0;0;0;0;0;0;0;0;0;0;0;0;0;0;0;0;0;0;0;30;30;20;45;30;30;20;45;30;31;20;45;30;30;20;45;200;215;100;300;200;213;100;300;200;208;100;300;200;208;100;300;30;30;20;45;30;30;20;45;30;31;20;45;30;30;20;45;200;230;100;300;200;229;100;300;200;144;100;300;200;145;100;300;4;2;0.4;6;4;5;0.4;6;4;2;0.4;6;4;5;0.4;6;4;3;0.4;6;4;5;0.4;6;4;2;0.4;6;4;5;0.4;6;NOK;NOK;OK;8000;8072;7500;9000;OK;6.81;0;8;12;NOK;N/A;1.85;N/A;N/A;N/A;9;12.7;7;18;OK;;0;0;0;-;Disabled;TempOk;3;230;35.4;34.7;35.2;0;349.9;441354200 daimler 6900-7200;441354200 daimler 6900-7200;441354200 daimler 6900-7200
20260325_03:57:16;0;3;2;930;919.1;890;970;OK;930;930.7;890;970;OK;932.6;932.2;-20;-17.1;-50;-25;NOK;-20;-20.2;-50;-25;NOK;-16.6;-17.3;0;-20;-16.9;-50;-25;NOK;300;436;300;565;OK;0;0;N/A;N/A;N/A;N/A;N/A;N/A;N/A;N/A;N/A;N/A;N/A;N/A;N/A;N/A;N/A;N/A;N/A;N/A;N/A;N/A;N/A;N/A;N/A;N/A;N/A;N/A;N/A;N/A;N/A;N/A;N/A;N/A;N/A;N/A;N/A;N/A;N/A;N/A;N/A;N/A;N/A;N/A;N/A;N/A;N/A;N/A;N/A;N/A;N/A;N/A;N/A;N/A;N/A;N/A;N/A;N/A;N/A;N/A;N/A;N/A;N/A;N/A;N/A;N/A;N/A;N/A;N/A;N/A;N/A;N/A;N/A;N/A;N/A;N/A;N/A;N/A;N/A;N/A;N/A;N/A;N/A;N/A;N/A;N/A;N/A;N/A;N/A;N/A;N/A;N/A;N/A;N/A;N/A;N/A;N/A;N/A;N/A;N/A;;0;282;0;0;;Disabled;TempStop;3;740;291.6;149.8;257.7;0;599.9;549.9;Enabled;PosOk;3;0;0;0;0;0;15;Disabled;0;0;0;0;0;0;0;0;0;0;0;0;0;0;0;0;0;0;0;0;0;0;0;0;0;0;0;0;0;0;0;0;0;0;0;0;0;0;0;0;0;0;0;0;0;0;0;0;0;0;0;0;0;0;0;0;0;0;0;0;0;0;0;0;0;0;0;0;0;0;30;30;20;45;30;30;20;45;30;30;20;45;30;30;20;45;200;215;100;300;200;212;100;300;200;207;100;300;200;208;100;300;30;30;20;45;30;30;20;45;30;31;20;45;30;30;20;45;200;231;100;300;200;229;100;300;200;144;100;300;200;145;100;300;4;2;0.4;6;4;5;0.4;6;4;2;0.4;6;4;5;0.4;6;4;3;0.4;6;4;5;0.4;6;4;3;0.4;6;4;5;0.4;6;NOK;NOK;OK;8000;8083;7500;9000;OK;6.81;0;8;12;NOK;N/A;1.85;N/A;N/A;N/A;9;12.6;7;18;OK;;0;0;0;-;Disabled;TempOk;3;230;35.2;34.7;35.2;0;349.9;441354200 daimler 6900-7200;441354200 daimler 6900-7200;441354200 daimler 6900-7200
20260325_03:57:52;0;1;3;930;918.4;890;970;OK;930;930.9;890;970;OK;932.2;932.4;-20;-17.3;-50;-25;NOK;-20;-17.1;-50;-25;NOK;-20.1;-19.4;0;-20;-17.4;-50;-25;NOK;300;311;300;565;OK;0;0;N/A;N/A;N/A;N/A;N/A;N/A;N/A;N/A;N/A;N/A;N/A;N/A;N/A;N/A;N/A;N/A;N/A;N/A;N/A;N/A;N/A;N/A;N/A;N/A;N/A;N/A;N/A;N/A;N/A;N/A;N/A;N/A;N/A;N/A;N/A;N/A;N/A;N/A;N/A;N/A;N/A;N/A;N/A;N/A;N/A;N/A;N/A;N/A;N/A;N/A;N/A;N/A;N/A;N/A;N/A;N/A;N/A;N/A;N/A;N/A;N/A;N/A;N/A;N/A;N/A;N/A;N/A;N/A;N/A;N/A;N/A;N/A;N/A;N/A;N/A;N/A;N/A;N/A;N/A;N/A;N/A;N/A;N/A;N/A;N/A;N/A;N/A;N/A;N/A;N/A;N/A;N/A;N/A;N/A;N/A;N/A;N/A;N/A;;0;283.7;0;0;;Disabled;TempStop;3;740;294;152.8;254.5;0;599.9;549.9;Enabled;PosOk;3;0;1;0;0;0;15;Disabled;0;0;0;0;0;0;0;0;0;0;0;0;0;0;0;0;0;0;0;0;0;0;0;0;0;0;0;0;0;0;0;0;0;0;0;0;0;0;0;0;0;0;0;0;0;0;0;0;0;0;0;0;0;0;0;0;0;0;0;0;0;0;0;0;0;0;0;0;57;24;30;30;20;45;30;30;20;45;30;31;20;45;30;30;20;45;200;215;100;300;200;213;100;300;200;208;100;300;200;208;100;300;30;30;20;45;30;30;20;45;30;31;20;45;30;30;20;45;200;231;100;300;200;229;100;300;200;144;100;300;200;145;100;300;4;2;0.4;6;4;5;0.4;6;4;2;0.4;6;4;5;0.4;6;4;3;0.4;6;4;5;0.4;6;4;2;0.4;6;4;5;0.4;6;NOK;NOK;OK;8000;8072;7500;9000;OK;6.81;0;8;12;NOK;N/A;1.85;N/A;N/A;N/A;9;13.2;7;18;OK;;0;0;0;-;Disabled;TempOk;3;230;34.9;35.2;35.2;0;349.9;441354200 daimler 6900-7200;441354200 daimler 6900-7200;441354200 daimler 6900-7200
20260325_03:58:28;0;3;3;930;918.2;890;970;OK;930;931.6;890;970;OK;932.7;932;-20;-16.2;-50;-25;NOK;-20;-18.1;-50;-25;NOK;-16.1;-17.2;0;-20;-16.3;-50;-25;NOK;300;311;300;565;OK;0;0;N/A;N/A;N/A;N/A;N/A;N/A;N/A;N/A;N/A;N/A;N/A;N/A;N/A;N/A;N/A;N/A;N/A;N/A;N/A;N/A;N/A;N/A;N/A;N/A;N/A;N/A;N/A;N/A;N/A;N/A;N/A;N/A;N/A;N/A;N/A;N/A;N/A;N/A;N/A;N/A;N/A;N/A;N/A;N/A;N/A;N/A;N/A;N/A;N/A;N/A;N/A;N/A;N/A;N/A;N/A;N/A;N/A;N/A;N/A;N/A;N/A;N/A;N/A;N/A;N/A;N/A;N/A;N/A;N/A;N/A;N/A;N/A;N/A;N/A;N/A;N/A;N/A;N/A;N/A;N/A;N/A;N/A;N/A;N/A;N/A;N/A;N/A;N/A;N/A;N/A;N/A;N/A;N/A;N/A;N/A;N/A;N/A;N/A;;0;283.4;0;0;;Disabled;TempStop;3;740;293.5;150.8;255.5;0;599.9;549.9;Enabled;PosOk;3;0;0.8;0;0;0;15;Disabled;0;0;0;0;0;0;0;0;0;0;0;0;0;0;0;0;0;0;0;0;0;0;0;0;0;0;0;0;0;0;0;0;0;0;0;0;0;0;0;0;0;0;0;0;0;0;0;0;0;0;0;0;0;0;0;0;0;0;0;0;0;0;0;0;0;0;0;0;0;0;30;30;20;45;30;30;20;45;30;31;20;45;30;30;20;45;200;215;100;300;200;213;100;300;200;208;100;300;200;208;100;300;30;30;20;45;30;30;20;45;30;31;20;45;30;30;20;45;200;231;100;300;200;229;100;300;200;144;100;300;200;145;100;300;4;2;0.4;6;4;5;0.4;6;4;2;0.4;6;4;5;0.4;6;4;2;0.4;6;4;5;0.4;6;4;2;0.4;6;4;5;0.4;6;NOK;NOK;OK;8000;8079;7500;9000;OK;6.81;0;8;12;NOK;N/A;1.85;N/A;N/A;N/A;9;13.4;7;18;OK;;0;0;0;-;Disabled;TempOk;3;230;34.9;35.2;35.4;0;349.9;441354200 daimler 6900-7200;441354200 daimler 6900-7200;441354200 daimler 6900-7200
20260325_03:59:04;0;1;4;930;917.9;890;970;OK;930;931.6;890;970;OK;932.2;931.9;-20;-15.4;-50;-25;NOK;-20;-15.2;-50;-25;NOK;-17.7;-17.2;0;-20;-15.3;-50;-25;NOK;300;311;300;565;OK;0;0;N/A;N/A;N/A;N/A;N/A;N/A;N/A;N/A;N/A;N/A;N/A;N/A;N/A;N/A;N/A;N/A;N/A;N/A;N/A;N/A;N/A;N/A;N/A;N/A;N/A;N/A;N/A;N/A;N/A;N/A;N/A;N/A;N/A;N/A;N/A;N/A;N/A;N/A;N/A;N/A;N/A;N/A;N/A;N/A;N/A;N/A;N/A;N/A;N/A;N/A;N/A;N/A;N/A;N/A;N/A;N/A;N/A;N/A;N/A;N/A;N/A;N/A;N/A;N/A;N/A;N/A;N/A;N/A;N/A;N/A;N/A;N/A;N/A;N/A;N/A;N/A;N/A;N/A;N/A;N/A;N/A;N/A;N/A;N/A;N/A;N/A;N/A;N/A;N/A;N/A;N/A;N/A;N/A;N/A;N/A;N/A;N/A;N/A;;0;283.4;0;0;;Disabled;TempStop;3;740;293.1;151.8;253.9;0;599.9;549.9;Enabled;PosOk;3;0;0;0;0;0;15;Disabled;0;0;0;0;0;0;0;0;0;0;0;0;0;0;0;0;0;0;0;0;0;0;0;0;0;0;0;0;0;0;0;0;0;0;0;0;0;0;0;0;0;0;0;0;0;0;0;0;0;0;0;0;0;0;0;0;0;0;0;0;0;0;0;0;0;0;0;0;58;35;30;30;20;45;30;30;20;45;30;31;20;45;30;30;20;45;200;216;100;300;200;213;100;300;200;208;100;300;200;207;100;300;30;30;20;45;30;30;20;45;30;31;20;45;30;30;20;45;200;231;100;300;200;229;100;300;200;144;100;300;200;145;100;300;4;2;0.4;6;4;5;0.4;6;4;2;0.4;6;4;5;0.4;6;4;3;0.4;6;4;5;0.4;6;4;2;0.4;6;4;5;0.4;6;NOK;NOK;OK;8000;8080;7500;9000;OK;6.81;0;8;12;NOK;N/A;1.85;N/A;N/A;N/A;9;13.6;7;18;OK;;0;0;0;-;Disabled;TempOk;3;230;35.2;35.4;35.2;0;349.9;441354200 daimler 6900-7200;441354200 daimler 6900-7200;441354200 daimler 6900-7200
20260325_03:59:40;0;3;4;930;918.9;890;970;OK;930;931.4;890;970;OK;932.4;931.9;-20;-17.4;-50;-25;NOK;-20;-17.7;-50;-25;NOK;-20.2;-20;0;-20;-17.2;-50;-25;NOK;300;311;300;565;OK;0;0;N/A;N/A;N/A;N/A;N/A;N/A;N/A;N/A;N/A;N/A;N/A;N/A;N/A;N/A;N/A;N/A;N/A;N/A;N/A;N/A;N/A;N/A;N/A;N/A;N/A;N/A;N/A;N/A;N/A;N/A;N/A;N/A;N/A;N/A;N/A;N/A;N/A;N/A;N/A;N/A;N/A;N/A;N/A;N/A;N/A;N/A;N/A;N/A;N/A;N/A;N/A;N/A;N/A;N/A;N/A;N/A;N/A;N/A;N/A;N/A;N/A;N/A;N/A;N/A;N/A;N/A;N/A;N/A;N/A;N/A;N/A;N/A;N/A;N/A;N/A;N/A;N/A;N/A;N/A;N/A;N/A;N/A;N/A;N/A;N/A;N/A;N/A;N/A;N/A;N/A;N/A;N/A;N/A;N/A;N/A;N/A;N/A;N/A;;0;282.7;0;0;;Disabled;TempStop;3;740;293.6;152;254.6;0;599.9;549.9;Enabled;PosOk;3;0;0;0;0;0;15;Disabled;0;0;0;0;0;0;0;0;0;0;0;0;0;0;0;0;0;0;0;0;0;0;0;0;0;0;0;0;0;0;0;0;0;0;0;0;0;0;0;0;0;0;0;0;0;0;0;0;0;0;0;0;0;0;0;0;0;0;0;0;0;0;0;0;0;0;0;0;0;0;30;30;20;45;30;30;20;45;30;30;20;45;30;30;20;45;200;215;100;300;200;213;100;300;200;208;100;300;200;208;100;300;30;30;20;45;30;30;20;45;30;31;20;45;30;30;20;45;200;230;100;300;200;229;100;300;200;144;100;300;200;145;100;300;4;3;0.4;6;4;5;0.4;6;4;2;0.4;6;4;5;0.4;6;4;3;0.4;6;4;5;0.4;6;4;2;0.4;6;4;5;0.4;6;NOK;NOK;OK;8000;8070;7500;9000;OK;6.81;0;8;12;NOK;N/A;1.85;N/A;N/A;N/A;9;13.1;7;18;OK;;0;0;0;-;Disabled;TempOk;3;230;35.2;34.7;35.7;0;349.9;441354200 daimler 6900-7200;441354200 daimler 6900-7200;441354200 daimler 6900-7200
20260325_04:00:16;0;3;5;930;919.9;890;970;OK;930;930.8;890;970;OK;931.9;931.5;-20;-20.9;-50;-25;NOK;-20;-20.5;-50;-25;NOK;-20.2;-20.9;0;-20;-20.8;-50;-25;NOK;300;311;300;565;OK;0;0;N/A;N/A;N/A;N/A;N/A;N/A;N/A;N/A;N/A;N/A;N/A;N/A;N/A;N/A;N/A;N/A;N/A;N/A;N/A;N/A;N/A;N/A;N/A;N/A;N/A;N/A;N/A;N/A;N/A;N/A;N/A;N/A;N/A;N/A;N/A;N/A;N/A;N/A;N/A;N/A;N/A;N/A;N/A;N/A;N/A;N/A;N/A;N/A;N/A;N/A;N/A;N/A;N/A;N/A;N/A;N/A;N/A;N/A;N/A;N/A;N/A;N/A;N/A;N/A;N/A;N/A;N/A;N/A;N/A;N/A;N/A;N/A;N/A;N/A;N/A;N/A;N/A;N/A;N/A;N/A;N/A;N/A;N/A;N/A;N/A;N/A;N/A;N/A;N/A;N/A;N/A;N/A;N/A;N/A;N/A;N/A;N/A;N/A;;0;281.4;0;0;;Disabled;TempStop;3;740;290.2;148.9;253.2;0;599.9;549.9;Enabled;PosOk;3;0;0.7;0;0;0;15;Disabled;0;0;0;0;0;0;0;0;0;0;0;0;0;0;0;0;0;0;0;0;0;0;0;0;0;0;0;0;0;0;0;0;0;0;0;0;0;0;0;0;0;0;0;0;0;0;0;0;0;0;0;0;0;0;0;0;0;0;0;0;0;0;0;0;0;0;0;0;0;0;30;30;20;45;30;30;20;45;30;30;20;45;30;30;20;45;200;216;100;300;200;213;100;300;200;208;100;300;200;208;100;300;30;30;20;45;30;30;20;45;30;31;20;45;30;30;20;45;200;231;100;300;200;230;100;300;200;144;100;300;200;145;100;300;4;2;0.4;6;4;5;0.4;6;4;2;0.4;6;4;5;0.4;6;4;3;0.4;6;4;5;0.4;6;4;3;0.4;6;4;5;0.4;6;NOK;NOK;OK;8000;8076;7500;9000;OK;6.81;0;8;12;NOK;N/A;1.85;N/A;N/A;N/A;9;13;7;18;OK;;0;0;0;-;Disabled;TempOk;3;230;35.7;34.9;36.2;0;349.9;441354200 daimler 6900-7200;441354200 daimler 6900-7200;441354200 daimler 6900-7200
20260325_04:00:52;0;1;1;930;918.4;890;970;OK;930;931.4;890;970;OK;932.7;932.1;-20;-18.8;-50;-25;NOK;-20;-18.3;-50;-25;NOK;-18;-17.9;0;-20;-18.9;-50;-25;NOK;300;311;300;565;OK;0;0;N/A;N/A;N/A;N/A;N/A;N/A;N/A;N/A;N/A;N/A;N/A;N/A;N/A;N/A;N/A;N/A;N/A;N/A;N/A;N/A;N/A;N/A;N/A;N/A;N/A;N/A;N/A;N/A;N/A;N/A;N/A;N/A;N/A;N/A;N/A;N/A;N/A;N/A;N/A;N/A;N/A;N/A;N/A;N/A;N/A;N/A;N/A;N/A;N/A;N/A;N/A;N/A;N/A;N/A;N/A;N/A;N/A;N/A;N/A;N/A;N/A;N/A;N/A;N/A;N/A;N/A;N/A;N/A;N/A;N/A;N/A;N/A;N/A;N/A;N/A;N/A;N/A;N/A;N/A;N/A;N/A;N/A;N/A;N/A;N/A;N/A;N/A;N/A;N/A;N/A;N/A;N/A;N/A;N/A;N/A;N/A;N/A;N/A;;0;286.2;0;0;;Disabled;TempStop;3;740;296.4;149.2;258.2;0;599.9;549.9;Enabled;PosOk;3;0;0;0;0;0;15;Disabled;0;0;0;0;0;0;0;0;0;0;0;0;0;0;0;0;0;0;0;0;0;0;0;0;0;0;0;0;0;0;0;0;0;0;0;0;0;0;0;0;0;0;0;0;0;0;0;0;0;0;0;0;0;0;0;0;0;0;0;0;0;0;0;0;0;0;0;0;0;0;30;30;20;45;30;29;20;45;30;30;20;45;30;29;20;45;200;215;100;300;200;213;100;300;200;208;100;300;200;208;100;300;30;30;20;45;30;29;20;45;30;30;20;45;30;29;20;45;200;231;100;300;200;229;100;300;200;144;100;300;200;145;100;300;4;2;0.4;6;4;5;0.4;6;4;2;0.4;6;4;5;0.4;6;4;3;0.4;6;4;5;0.4;6;4;3;0.4;6;4;5;0.4;6;NOK;NOK;OK;8000;8067;7500;9000;OK;6.81;0;8;12;NOK;N/A;1.85;N/A;N/A;N/A;9;13;7;18;OK;;0;0;0;-;Disabled;TempOk;3;230;35.2;34.7;34.9;0;349.9;441354200 daimler 6900-7200;441354200 daimler 6900-7200;441354200 daimler 6900-7200
20260325_04:01:28;0;3;1;930;918.1;890;970;OK;930;931.8;890;970;OK;933.9;933;-20;-19.7;-50;-25;NOK;-20;-17.4;-50;-25;NOK;-15.1;-16.2;0;-20;-19.8;-50;-25;NOK;300;311;300;565;OK;0;0;N/A;N/A;N/A;N/A;N/A;N/A;N/A;N/A;N/A;N/A;N/A;N/A;N/A;N/A;N/A;N/A;N/A;N/A;N/A;N/A;N/A;N/A;N/A;N/A;N/A;N/A;N/A;N/A;N/A;N/A;N/A;N/A;N/A;N/A;N/A;N/A;N/A;N/A;N/A;N/A;N/A;N/A;N/A;N/A;N/A;N/A;N/A;N/A;N/A;N/A;N/A;N/A;N/A;N/A;N/A;N/A;N/A;N/A;N/A;N/A;N/A;N/A;N/A;N/A;N/A;N/A;N/A;N/A;N/A;N/A;N/A;N/A;N/A;N/A;N/A;N/A;N/A;N/A;N/A;N/A;N/A;N/A;N/A;N/A;N/A;N/A;N/A;N/A;N/A;N/A;N/A;N/A;N/A;N/A;N/A;N/A;N/A;N/A;;0;283.6;0;0;;Disabled;TempStop;3;740;293.7;148.5;257.5;0;599.9;549.9;Enabled;PosOk;3;0;0.8;0;0;0;15;Disabled;0;0;0;0;0;0;0;0;0;0;0;0;0;0;0;0;0;0;0;0;0;0;0;0;0;0;0;0;0;0;0;0;0;0;0;0;0;0;0;0;0;0;0;0;0;0;0;0;0;0;0;0;0;0;0;0;0;0;0;0;0;0;0;0;0;0;0;0;0;0;30;29;20;45;30;29;20;45;30;30;20;45;30;29;20;45;200;216;100;300;200;213;100;300;200;208;100;300;200;208;100;300;30;30;20;45;30;29;20;45;30;30;20;45;30;30;20;45;200;231;100;300;200;229;100;300;200;144;100;300;200;145;100;300;4;2;0.4;6;4;5;0.4;6;4;2;0.4;6;4;5;0.4;6;4;3;0.4;6;4;5;0.4;6;4;2;0.4;6;4;5;0.4;6;NOK;NOK;OK;8000;7951;7500;9000;OK;6.81;0;8;12;NOK;N/A;1.85;N/A;N/A;N/A;9;13.1;7;18;OK;;0;0;0;-;Disabled;TempOk;3;230;35.2;34.4;34.9;0;349.9;441354200 daimler 6900-7200;441354200 daimler 6900-7200;441354200 daimler 6900-7200
20260325_04:02:04;0;1;2;930;918.4;890;970;OK;930;931.5;890;970;OK;932.6;932;-20;-16.7;-50;-25;NOK;-20;-16.6;-50;-25;NOK;-17.6;-17.9;0;-20;-16.6;-50;-25;NOK;300;311;300;565;OK;0;0;N/A;N/A;N/A;N/A;N/A;N/A;N/A;N/A;N/A;N/A;N/A;N/A;N/A;N/A;N/A;N/A;N/A;N/A;N/A;N/A;N/A;N/A;N/A;N/A;N/A;N/A;N/A;N/A;N/A;N/A;N/A;N/A;N/A;N/A;N/A;N/A;N/A;N/A;N/A;N/A;N/A;N/A;N/A;N/A;N/A;N/A;N/A;N/A;N/A;N/A;N/A;N/A;N/A;N/A;N/A;N/A;N/A;N/A;N/A;N/A;N/A;N/A;N/A;N/A;N/A;N/A;N/A;N/A;N/A;N/A;N/A;N/A;N/A;N/A;N/A;N/A;N/A;N/A;N/A;N/A;N/A;N/A;N/A;N/A;N/A;N/A;N/A;N/A;N/A;N/A;N/A;N/A;N/A;N/A;N/A;N/A;N/A;N/A;;0;284.3;0;0;;Disabled;TempStop;3;740;294;146.1;254.8;0;599.9;549.9;Enabled;PosOk;3;0;0.7;0;0;0;15;Disabled;0;0;0;0;0;0;0;0;0;0;0;0;0;0;0;0;0;0;0;0;0;0;0;0;0;0;0;0;0;0;0;0;0;0;0;0;0;0;0;0;0;0;0;0;0;0;0;0;0;0;0;0;0;0;0;0;0;0;0;0;0;0;0;0;0;0;0;0;0;0;30;30;20;45;30;30;20;45;30;30;20;45;30;30;20;45;200;216;100;300;200;213;100;300;200;208;100;300;200;208;100;300;30;30;20;45;30;30;20;45;30;30;20;45;30;30;20;45;200;230;100;300;200;229;100;300;200;144;100;300;200;144;100;300;4;2;0.4;6;4;5;0.4;6;4;2;0.4;6;4;5;0.4;6;4;3;0.4;6;4;5;0.4;6;4;3;0.4;6;4;5;0.4;6;NOK;NOK;OK;8000;8080;7500;9000;OK;6.81;0;8;12;NOK;N/A;1.85;N/A;N/A;N/A;9;13;7;18;OK;;0;0;0;-;Disabled;TempOk;3;230;35.7;35.7;35.7;0;349.9;441354200 daimler 6900-7200;441354200 daimler 6900-7200;441354200 daimler 6900-7200
20260325_04:02:40;0;3;2;930;918.4;890;970;OK;930;931.5;890;970;OK;932.9;932.2;-20;-19.5;-50;-25;NOK;-20;-18.2;-50;-25;NOK;-16.8;-17.9;0;-20;-19.4;-50;-25;NOK;300;311;300;565;OK;0;0;N/A;N/A;N/A;N/A;N/A;N/A;N/A;N/A;N/A;N/A;N/A;N/A;N/A;N/A;N/A;N/A;N/A;N/A;N/A;N/A;N/A;N/A;N/A;N/A;N/A;N/A;N/A;N/A;N/A;N/A;N/A;N/A;N/A;N/A;N/A;N/A;N/A;N/A;N/A;N/A;N/A;N/A;N/A;N/A;N/A;N/A;N/A;N/A;N/A;N/A;N/A;N/A;N/A;N/A;N/A;N/A;N/A;N/A;N/A;N/A;N/A;N/A;N/A;N/A;N/A;N/A;N/A;N/A;N/A;N/A;N/A;N/A;N/A;N/A;N/A;N/A;N/A;N/A;N/A;N/A;N/A;N/A;N/A;N/A;N/A;N/A;N/A;N/A;N/A;N/A;N/A;N/A;N/A;N/A;N/A;N/A;N/A;N/A;;0;283.6;0;0;;Disabled;TempStop;3;740;292.5;152.2;258.5;0;599.9;549.9;Enabled;PosOk;3;0;0;0;0;0;15;Disabled;0;0;0;0;0;0;0;0;0;0;0;0;0;0;0;0;0;0;0;0;0;0;0;0;0;0;0;0;0;0;0;0;0;0;0;0;0;0;0;0;0;0;0;0;0;0;0;0;0;0;0;0;0;0;0;0;0;0;0;0;0;0;0;0;0;0;0;0;0;0;30;30;20;45;30;30;20;45;30;31;20;45;30;30;20;45;200;216;100;300;200;213;100;300;200;208;100;300;200;207;100;300;30;30;20;45;30;30;20;45;30;31;20;45;30;30;20;45;200;231;100;300;200;229;100;300;200;144;100;300;200;145;100;300;4;2;0.4;6;4;5;0.4;6;4;2;0.4;6;4;5;0.4;6;4;2;0.4;6;4;5;0.4;6;4;3;0.4;6;4;5;0.4;6;NOK;NOK;OK;8000;8074;7500;9000;OK;6.8;0;8;12;NOK;N/A;1.85;N/A;N/A;N/A;9;12.9;7;18;OK;;0;0;0;-;Disabled;TempOk;3;230;35.4;35.4;35.7;0;349.9;441354200 daimler 6900-7200;441354200 daimler 6900-7200;441354200 daimler 6900-7200
20260325_04:03:16;0;1;3;930;919;890;970;OK;930;931.2;890;970;OK;932.4;931.7;-20;-16.4;-50;-25;NOK;-20;-16.3;-50;-25;NOK;-18.9;-18.4;0;-20;-16.3;-50;-25;NOK;300;311;300;565;OK;0;0;N/A;N/A;N/A;N/A;N/A;N/A;N/A;N/A;N/A;N/A;N/A;N/A;N/A;N/A;N/A;N/A;N/A;N/A;N/A;N/A;N/A;N/A;N/A;N/A;N/A;N/A;N/A;N/A;N/A;N/A;N/A;N/A;N/A;N/A;N/A;N/A;N/A;N/A;N/A;N/A;N/A;N/A;N/A;N/A;N/A;N/A;N/A;N/A;N/A;N/A;N/A;N/A;N/A;N/A;N/A;N/A;N/A;N/A;N/A;N/A;N/A;N/A;N/A;N/A;N/A;N/A;N/A;N/A;N/A;N/A;N/A;N/A;N/A;N/A;N/A;N/A;N/A;N/A;N/A;N/A;N/A;N/A;N/A;N/A;N/A;N/A;N/A;N/A;N/A;N/A;N/A;N/A;N/A;N/A;N/A;N/A;N/A;N/A;;0;283.4;0;0;;Disabled;TempStop;3;740;294.4;154.7;253.9;0;599.9;549.9;Enabled;PosOk;3;0;0.1;0;0;0;15;Disabled;0;0;0;0;0;0;0;0;0;0;0;0;0;0;0;0;0;0;0;0;0;0;0;0;0;0;0;0;0;0;0;0;0;0;0;0;0;0;0;0;0;0;0;0;0;0;0;0;0;0;0;0;0;0;0;0;0;0;0;0;0;0;0;0;0;0;0;0;2;47;30;30;20;45;30;30;20;45;30;30;20;45;30;30;20;45;200;215;100;300;200;213;100;300;200;207;100;300;200;207;100;300;30;30;20;45;30;30;20;45;30;31;20;45;30;30;20;45;200;231;100;300;200;229;100;300;200;144;100;300;200;145;100;300;4;2;0.4;6;4;5;0.4;6;4;2;0.4;6;4;5;0.4;6;4;3;0.4;6;4;5;0.4;6;4;3;0.4;6;4;5;0.4;6;NOK;NOK;OK;8000;8093;7500;9000;OK;6.81;0;8;12;NOK;N/A;1.85;N/A;N/A;N/A;9;12.8;7;18;OK;;0;0;0;-;Disabled;TempOk;3;230;34.9;35.2;36.2;0;349.9;441354200 daimler 6900-7200;441354200 daimler 6900-7200;441354200 daimler 6900-7200
20260325_04:03:52;0;3;3;930;919.5;890;970;OK;930;931.6;890;970;OK;932.5;932.1;-20;-18;-50;-25;NOK;-20;-17.1;-50;-25;NOK;-15.3;-16.2;0;-20;-18;-50;-25;NOK;300;311;300;565;OK;0;0;N/A;N/A;N/A;N/A;N/A;N/A;N/A;N/A;N/A;N/A;N/A;N/A;N/A;N/A;N/A;N/A;N/A;N/A;N/A;N/A;N/A;N/A;N/A;N/A;N/A;N/A;N/A;N/A;N/A;N/A;N/A;N/A;N/A;N/A;N/A;N/A;N/A;N/A;N/A;N/A;N/A;N/A;N/A;N/A;N/A;N/A;N/A;N/A;N/A;N/A;N/A;N/A;N/A;N/A;N/A;N/A;N/A;N/A;N/A;N/A;N/A;N/A;N/A;N/A;N/A;N/A;N/A;N/A;N/A;N/A;N/A;N/A;N/A;N/A;N/A;N/A;N/A;N/A;N/A;N/A;N/A;N/A;N/A;N/A;N/A;N/A;N/A;N/A;N/A;N/A;N/A;N/A;N/A;N/A;N/A;N/A;N/A;N/A;;0;284.4;0;0;;Disabled;TempStop;3;740;293.4;149.2;255.9;0;599.9;549.9;Enabled;PosOk;3;0;0.8;0;0;0;15;Disabled;0;0;0;0;0;0;0;0;0;0;0;0;0;0;0;0;0;0;0;0;0;0;0;0;0;0;0;0;0;0;0;0;0;0;0;0;0;0;0;0;0;0;0;0;0;0;0;0;0;0;0;0;0;0;0;0;0;0;0;0;0;0;0;0;0;0;0;0;0;0;30;30;20;45;30;30;20;45;30;30;20;45;30;30;20;45;200;215;100;300;200;213;100;300;200;208;100;300;200;208;100;300;30;30;20;45;30;30;20;45;30;31;20;45;30;30;20;45;200;231;100;300;200;229;100;300;200;144;100;300;200;144;100;300;4;3;0.4;6;4;5;0.4;6;4;2;0.4;6;4;5;0.4;6;4;3;0.4;6;4;5;0.4;6;4;2;0.4;6;4;5;0.4;6;NOK;NOK;OK;8000;8096;7500;9000;OK;6.81;0;8;12;NOK;N/A;1.85;N/A;N/A;N/A;9;12.7;7;18;OK;;0;0;0;-;Disabled;TempOk;3;230;34.9;35.9;35.2;0;349.9;441354200 daimler 6900-7200;441354200 daimler 6900-7200;441354200 daimler 6900-7200
20260325_04:04:28;0;1;4;930;918.6;890;970;OK;930;931.4;890;970;OK;932.2;931.7;-20;-14.6;-50;-25;NOK;-20;-14.8;-50;-25;NOK;-17;-16.5;0;-20;-14.5;-50;-25;NOK;300;311;300;565;OK;0;0;N/A;N/A;N/A;N/A;N/A;N/A;N/A;N/A;N/A;N/A;N/A;N/A;N/A;N/A;N/A;N/A;N/A;N/A;N/A;N/A;N/A;N/A;N/A;N/A;N/A;N/A;N/A;N/A;N/A;N/A;N/A;N/A;N/A;N/A;N/A;N/A;N/A;N/A;N/A;N/A;N/A;N/A;N/A;N/A;N/A;N/A;N/A;N/A;N/A;N/A;N/A;N/A;N/A;N/A;N/A;N/A;N/A;N/A;N/A;N/A;N/A;N/A;N/A;N/A;N/A;N/A;N/A;N/A;N/A;N/A;N/A;N/A;N/A;N/A;N/A;N/A;N/A;N/A;N/A;N/A;N/A;N/A;N/A;N/A;N/A;N/A;N/A;N/A;N/A;N/A;N/A;N/A;N/A;N/A;N/A;N/A;N/A;N/A;;0;284.1;0;0;;Disabled;TempStop;3;740;294.4;153.2;258.2;0;599.9;549.9;Enabled;PosOk;3;0;3.8;0;0;0;15;Disabled;0;0;0;0;0;0;0;0;0;0;0;0;0;0;0;0;0;0;0;0;0;0;0;0;0;0;0;0;0;0;0;0;0;0;0;0;0;0;0;0;0;0;0;0;0;0;0;0;0;0;0;0;0;0;0;0;0;0;0;0;0;0;0;0;0;0;0;0;3;59;30;30;20;45;30;30;20;45;30;30;20;45;30;30;20;45;200;215;100;300;200;213;100;300;200;207;100;300;200;208;100;300;30;30;20;45;30;30;20;45;30;31;20;45;30;30;20;45;200;230;100;300;200;229;100;300;200;144;100;300;200;144;100;300;4;3;0.4;6;4;5;0.4;6;4;2;0.4;6;4;5;0.4;6;4;3;0.4;6;4;5;0.4;6;4;3;0.4;6;4;5;0.4;6;NOK;NOK;OK;8000;8079;7500;9000;OK;6.81;0;8;12;NOK;N/A;1.85;N/A;N/A;N/A;9;12.7;7;18;OK;;0;0;0;-;Disabled;TempOk;3;230;35.9;34.9;35.4;0;349.9;441354200 daimler 6900-7200;441354200 daimler 6900-7200;441354200 daimler 6900-7200
20260325_04:05:04;0;3;4;930;918.9;890;970;OK;930;931.4;890;970;OK;932.3;931.7;-20;-16.7;-50;-25;NOK;-20;-17.2;-50;-25;NOK;-19.5;-19.4;0;-20;-16.4;-50;-25;NOK;300;311;300;565;OK;0;0;N/A;N/A;N/A;N/A;N/A;N/A;N/A;N/A;N/A;N/A;N/A;N/A;N/A;N/A;N/A;N/A;N/A;N/A;N/A;N/A;N/A;N/A;N/A;N/A;N/A;N/A;N/A;N/A;N/A;N/A;N/A;N/A;N/A;N/A;N/A;N/A;N/A;N/A;N/A;N/A;N/A;N/A;N/A;N/A;N/A;N/A;N/A;N/A;N/A;N/A;N/A;N/A;N/A;N/A;N/A;N/A;N/A;N/A;N/A;N/A;N/A;N/A;N/A;N/A;N/A;N/A;N/A;N/A;N/A;N/A;N/A;N/A;N/A;N/A;N/A;N/A;N/A;N/A;N/A;N/A;N/A;N/A;N/A;N/A;N/A;N/A;N/A;N/A;N/A;N/A;N/A;N/A;N/A;N/A;N/A;N/A;N/A;N/A;;0;282.8;0;0;;Disabled;TempStop;3;740;294.6;153.8;254.8;0;599.9;549.9;Enabled;PosOk;3;0;0;0;0;0;15;Disabled;0;0;0;0;0;0;0;0;0;0;0;0;0;0;0;0;0;0;0;0;0;0;0;0;0;0;0;0;0;0;0;0;0;0;0;0;0;0;0;0;0;0;0;0;0;0;0;0;0;0;0;0;0;0;0;0;0;0;0;0;0;0;0;0;0;0;0;0;0;0;30;30;20;45;30;30;20;45;30;30;20;45;30;30;20;45;200;216;100;300;200;213;100;300;200;208;100;300;200;208;100;300;30;30;20;45;30;30;20;45;30;31;20;45;30;30;20;45;200;231;100;300;200;230;100;300;200;144;100;300;200;145;100;300;4;3;0.4;6;4;5;0.4;6;4;2;0.4;6;4;5;0.4;6;4;3;0.4;6;4;5;0.4;6;4;2;0.4;6;4;5;0.4;6;NOK;NOK;OK;8000;8080;7500;9000;OK;6.81;0;8;12;NOK;N/A;1.85;N/A;N/A;N/A;9;12.7;7;18;OK;;0;0;0;-;Disabled;TempOk;3;230;34.9;34.9;35.9;0;349.9;441354200 daimler 6900-7200;441354200 daimler 6900-7200;441354200 daimler 6900-7200
20260325_04:05:40;0;3;5;930;921;890;970;OK;930;930.9;890;970;OK;932;931.4;-20;-20.3;-50;-25;NOK;-20;-20.1;-50;-25;NOK;-19.8;-20.4;0;-20;-20.1;-50;-25;NOK;300;311;300;565;OK;0;0;N/A;N/A;N/A;N/A;N/A;N/A;N/A;N/A;N/A;N/A;N/A;N/A;N/A;N/A;N/A;N/A;N/A;N/A;N/A;N/A;N/A;N/A;N/A;N/A;N/A;N/A;N/A;N/A;N/A;N/A;N/A;N/A;N/A;N/A;N/A;N/A;N/A;N/A;N/A;N/A;N/A;N/A;N/A;N/A;N/A;N/A;N/A;N/A;N/A;N/A;N/A;N/A;N/A;N/A;N/A;N/A;N/A;N/A;N/A;N/A;N/A;N/A;N/A;N/A;N/A;N/A;N/A;N/A;N/A;N/A;N/A;N/A;N/A;N/A;N/A;N/A;N/A;N/A;N/A;N/A;N/A;N/A;N/A;N/A;N/A;N/A;N/A;N/A;N/A;N/A;N/A;N/A;N/A;N/A;N/A;N/A;N/A;N/A;;0;281.6;0;0;;Disabled;TempStop;3;740;290.8;149.4;255.1;0;599.9;549.9;Enabled;PosOk;3;0;0.1;0;0;0;15;Disabled;0;0;0;0;0;0;0;0;0;0;0;0;0;0;0;0;0;0;0;0;0;0;0;0;0;0;0;0;0;0;0;0;0;0;0;0;0;0;0;0;0;0;0;0;0;0;0;0;0;0;0;0;0;0;0;0;0;0;0;0;0;0;0;0;0;0;0;0;0;0;30;30;20;45;30;30;20;45;30;31;20;45;30;30;20;45;200;215;100;300;200;213;100;300;200;208;100;300;200;209;100;300;30;30;20;45;30;30;20;45;30;31;20;45;30;30;20;45;200;231;100;300;200;229;100;300;200;144;100;300;200;145;100;300;4;3;0.4;6;4;5;0.4;6;4;2;0.4;6;4;5;0.4;6;4;3;0.4;6;4;5;0.4;6;4;2;0.4;6;4;5;0.4;6;NOK;NOK;OK;8000;7975;7500;9000;OK;6.81;0;8;12;NOK;N/A;1.85;N/A;N/A;N/A;9;12.8;7;18;OK;;0;0;0;-;Disabled;TempOk;3;230;35.9;35.4;35.4;0;349.9;441354200 daimler 6900-7200;441354200 daimler 6900-7200;441354200 daimler 6900-7200
20260325_04:06:16;0;1;1;930;919.2;890;970;OK;930;931.4;890;970;OK;932.6;932;-20;-18.4;-50;-25;NOK;-20;-17.9;-50;-25;NOK;-17.6;-17.5;0;-20;-18.4;-50;-25;NOK;300;311;300;565;OK;0;0;N/A;N/A;N/A;N/A;N/A;N/A;N/A;N/A;N/A;N/A;N/A;N/A;N/A;N/A;N/A;N/A;N/A;N/A;N/A;N/A;N/A;N/A;N/A;N/A;N/A;N/A;N/A;N/A;N/A;N/A;N/A;N/A;N/A;N/A;N/A;N/A;N/A;N/A;N/A;N/A;N/A;N/A;N/A;N/A;N/A;N/A;N/A;N/A;N/A;N/A;N/A;N/A;N/A;N/A;N/A;N/A;N/A;N/A;N/A;N/A;N/A;N/A;N/A;N/A;N/A;N/A;N/A;N/A;N/A;N/A;N/A;N/A;N/A;N/A;N/A;N/A;N/A;N/A;N/A;N/A;N/A;N/A;N/A;N/A;N/A;N/A;N/A;N/A;N/A;N/A;N/A;N/A;N/A;N/A;N/A;N/A;N/A;N/A;;0;286;0;0;;Disabled;TempStop;3;740;295.8;155.5;256;0;599.9;549.9;Enabled;PosOk;3;0;0;0;0;0;15;Disabled;0;0;0;0;0;0;0;0;0;0;0;0;0;0;0;0;0;0;0;0;0;0;0;0;0;0;0;0;0;0;0;0;0;0;0;0;0;0;0;0;0;0;0;0;0;0;0;0;0;0;0;0;0;0;0;0;0;0;0;0;0;0;0;0;0;0;0;0;0;0;30;30;20;45;30;30;20;45;30;31;20;45;30;30;20;45;200;215;100;300;200;213;100;300;200;208;100;300;200;208;100;300;30;30;20;45;30;30;20;45;30;31;20;45;30;30;20;45;200;231;100;300;200;230;100;300;200;144;100;300;200;145;100;300;4;2;0.4;6;4;5;0.4;6;4;2;0.4;6;4;5;0.4;6;4;3;0.4;6;4;5;0.4;6;4;2;0.4;6;4;5;0.4;6;NOK;NOK;OK;8000;8069;7500;9000;OK;6.81;0;8;12;NOK;N/A;1.85;N/A;N/A;N/A;9;12.7;7;18;OK;;0;0;0;-;Disabled;TempOk;3;230;35.4;35.2;35.2;0;349.9;441354200 daimler 6900-7200;441354200 daimler 6900-7200;441354200 daimler 6900-7200
20260325_04:06:52;0;3;1;930;920.2;890;970;OK;930;931.8;890;970;OK;933.6;932.8;-20;-17.7;-50;-25;NOK;-20;-17.2;-50;-25;NOK;-14.8;-15.9;0;-20;-17.8;-50;-25;NOK;300;311;300;565;OK;0;0;N/A;N/A;N/A;N/A;N/A;N/A;N/A;N/A;N/A;N/A;N/A;N/A;N/A;N/A;N/A;N/A;N/A;N/A;N/A;N/A;N/A;N/A;N/A;N/A;N/A;N/A;N/A;N/A;N/A;N/A;N/A;N/A;N/A;N/A;N/A;N/A;N/A;N/A;N/A;N/A;N/A;N/A;N/A;N/A;N/A;N/A;N/A;N/A;N/A;N/A;N/A;N/A;N/A;N/A;N/A;N/A;N/A;N/A;N/A;N/A;N/A;N/A;N/A;N/A;N/A;N/A;N/A;N/A;N/A;N/A;N/A;N/A;N/A;N/A;N/A;N/A;N/A;N/A;N/A;N/A;N/A;N/A;N/A;N/A;N/A;N/A;N/A;N/A;N/A;N/A;N/A;N/A;N/A;N/A;N/A;N/A;N/A;N/A;;0;282.4;0;0;;Disabled;TempStop;3;740;291.6;149.6;253.7;0;599.9;549.9;Enabled;PosOk;3;0;0.1;0;0;0;15;Disabled;0;0;0;0;0;0;0;0;0;0;0;0;0;0;0;0;0;0;0;0;0;0;0;0;0;0;0;0;0;0;0;0;0;0;0;0;0;0;0;0;0;0;0;0;0;0;0;0;0;0;0;0;0;0;0;0;0;0;0;0;0;0;0;0;0;0;0;0;0;0;30;30;20;45;30;30;20;45;30;31;20;45;30;30;20;45;200;216;100;300;200;213;100;300;200;208;100;300;200;208;100;300;30;30;20;45;30;30;20;45;30;31;20;45;30;30;20;45;200;232;100;300;200;229;100;300;200;144;100;300;200;144;100;300;4;2;0.4;6;4;5;0.4;6;4;2;0.4;6;4;5;0.4;6;4;3;0.4;6;4;5;0.4;6;4;3;0.4;6;4;5;0.4;6;NOK;NOK;OK;8000;8100;7500;9000;OK;6.81;0;8;12;NOK;N/A;1.85;N/A;N/A;N/A;9;12.6;7;18;OK;;0;0;0;-;Disabled;TempOk;3;230;35.9;35.7;35.9;0;349.9;441354200 daimler 6900-7200;441354200 daimler 6900-7200;441354200 daimler 6900-7200
20260325_04:07:27;0;1;2;930;918.8;890;970;OK;930;931.6;890;970;OK;932.8;932;-20;-16;-50;-25;NOK;-20;-16.3;-50;-25;NOK;-17;-17.5;0;-20;-15.9;-50;-25;NOK;300;311;300;565;OK;0;0;N/A;N/A;N/A;N/A;N/A;N/A;N/A;N/A;N/A;N/A;N/A;N/A;N/A;N/A;N/A;N/A;N/A;N/A;N/A;N/A;N/A;N/A;N/A;N/A;N/A;N/A;N/A;N/A;N/A;N/A;N/A;N/A;N/A;N/A;N/A;N/A;N/A;N/A;N/A;N/A;N/A;N/A;N/A;N/A;N/A;N/A;N/A;N/A;N/A;N/A;N/A;N/A;N/A;N/A;N/A;N/A;N/A;N/A;N/A;N/A;N/A;N/A;N/A;N/A;N/A;N/A;N/A;N/A;N/A;N/A;N/A;N/A;N/A;N/A;N/A;N/A;N/A;N/A;N/A;N/A;N/A;N/A;N/A;N/A;N/A;N/A;N/A;N/A;N/A;N/A;N/A;N/A;N/A;N/A;N/A;N/A;N/A;N/A;;0;284.2;0;0;;Disabled;TempStop;3;740;293.9;152.3;253.4;0;599.9;549.9;Enabled;PosOk;3;0;1;0;0;0;15;Disabled;0;0;0;0;0;0;0;0;0;0;0;0;0;0;0;0;0;0;0;0;0;0;0;0;0;0;0;0;0;0;0;0;0;0;0;0;0;0;0;0;0;0;0;0;0;0;0;0;0;0;0;0;0;0;0;0;0;0;0;0;0;0;0;0;0;0;0;0;0;0;30;30;20;45;30;29;20;45;30;31;20;45;30;29;20;45;200;216;100;300;200;213;100;300;200;209;100;300;200;208;100;300;30;30;20;45;30;29;20;45;30;30;20;45;30;29;20;45;200;231;100;300;200;230;100;300;200;144;100;300;200;144;100;300;4;3;0.4;6;4;5;0.4;6;4;2;0.4;6;4;5;0.4;6;4;3;0.4;6;4;5;0.4;6;4;3;0.4;6;4;5;0.4;6;NOK;NOK;OK;8000;8087;7500;9000;OK;6.81;0;8;12;NOK;N/A;1.85;N/A;N/A;N/A;9;13.3;7;18;OK;;0;0;0;-;Disabled;TempOk;3;230;35.9;35.7;35.7;0;349.9;441354200 daimler 6900-7200;441354200 daimler 6900-7200;441354200 daimler 6900-7200
20260325_04:07:50;0;3;2;930;919.3;890;970;OK;930;931.6;890;970;OK;932.6;931.9;-20;-17.7;-50;-25;NOK;-20;-17.9;-50;-25;NOK;-16.6;-17.7;0;-20;-17.6;-50;-25;NOK;300;311;300;565;OK;0;0;N/A;N/A;N/A;N/A;N/A;N/A;N/A;N/A;N/A;N/A;N/A;N/A;N/A;N/A;N/A;N/A;N/A;N/A;N/A;N/A;N/A;N/A;N/A;N/A;N/A;N/A;N/A;N/A;N/A;N/A;N/A;N/A;N/A;N/A;N/A;N/A;N/A;N/A;N/A;N/A;N/A;N/A;N/A;N/A;N/A;N/A;N/A;N/A;N/A;N/A;N/A;N/A;N/A;N/A;N/A;N/A;N/A;N/A;N/A;N/A;N/A;N/A;N/A;N/A;N/A;N/A;N/A;N/A;N/A;N/A;N/A;N/A;N/A;N/A;N/A;N/A;N/A;N/A;N/A;N/A;N/A;N/A;N/A;N/A;N/A;N/A;N/A;N/A;N/A;N/A;N/A;N/A;N/A;N/A;N/A;N/A;N/A;N/A;;0;283.2;0;0;;Disabled;TempStop;3;740;292.1;148;258.4;0;599.9;549.9;Enabled;PosNotOk;3;0;51.7;0;0;0;15;Disabled;0;0;0;0;0;0;0;0;0;0;0;0;0;0;0;0;0;0;0;0;0;0;0;0;0;0;0;0;0;0;0;0;0;0;0;0;0;0;0;0;0;0;0;0;0;0;0;0;0;0;0;0;0;0;0;0;0;0;0;0;0;0;0;0;0;0;0;0;0;0;;;;;;;;;;;;;;;;;;;;;;;;;;;;;;;;;;;;;;;;;;;;;;;;;;;;;;;;;;;;;;;;;;;;;;;;;;;;;;;;;;;;;;;;;;;;;;;;;;;;;;;;;;;;;;;;;;;;;;;;;;;;;;;;;;;;;;441354200 daimler 6900-7200;441354200 daimler 6900-7200;;
20260325_04:10:51;0;1;3;930;919.6;890;970;OK;930;930.5;890;970;OK;932.2;931.7;-20;-15.7;-50;-25;NOK;-20;-17.4;-50;-25;NOK;-18.5;-18.2;0;-20;-15.7;-50;-25;NOK;300;443;300;565;OK;0;0;N/A;N/A;N/A;N/A;N/A;N/A;N/A;N/A;N/A;N/A;N/A;N/A;N/A;N/A;N/A;N/A;N/A;N/A;N/A;N/A;N/A;N/A;N/A;N/A;N/A;N/A;N/A;N/A;N/A;N/A;N/A;N/A;N/A;N/A;N/A;N/A;N/A;N/A;N/A;N/A;N/A;N/A;N/A;N/A;N/A;N/A;N/A;N/A;N/A;N/A;N/A;N/A;N/A;N/A;N/A;N/A;N/A;N/A;N/A;N/A;N/A;N/A;N/A;N/A;N/A;N/A;N/A;N/A;N/A;N/A;N/A;N/A;N/A;N/A;N/A;N/A;N/A;N/A;N/A;N/A;N/A;N/A;N/A;N/A;N/A;N/A;N/A;N/A;N/A;N/A;N/A;N/A;N/A;N/A;N/A;N/A;N/A;N/A;;0;283.3;0;0;;Disabled;TempStop;3;740;294.9;147.4;257.8;0;599.9;549.9;Enabled;PosOk;3;0;0.7;0;0;0;15;Disabled;0;0;0;0;0;0;0;0;0;0;0;0;0;0;0;0;0;0;0;0;0;0;0;0;0;0;0;0;0;0;0;0;0;0;0;0;0;0;0;0;0;0;0;0;0;0;0;0;0;0;0;0;0;0;0;0;0;0;0;0;0;0;0;0;0;0;0;0;10;22;30;30;20;45;30;30;20;45;30;30;20;45;30;30;20;45;200;215;100;300;200;213;100;300;200;208;100;300;200;208;100;300;30;30;20;45;30;30;20;45;30;30;20;45;30;30;20;45;200;231;100;300;200;230;100;300;200;144;100;300;200;145;100;300;4;2;0.4;6;4;5;0.4;6;4;2;0.4;6;4;5;0.4;6;4;3;0.4;6;4;5;0.4;6;4;3;0.4;6;4;5;0.4;6;NOK;NOK;OK;8000;8070;7500;9000;OK;6.81;0;8;12;NOK;N/A;1.85;N/A;N/A;N/A;9;13.4;7;18;OK;;0;0;0;-;Disabled;TempOk;3;230;35.7;35.4;35.4;0;349.9;441354200 daimler 6900-7200;441354200 daimler 6900-7200;441354200 daimler 6900-7200
20260325_04:11:27;0;3;3;930;919.3;890;970;OK;930;930.3;890;970;OK;932.3;932;-20;-17.1;-50;-25;NOK;-20;-16.4;-50;-25;NOK;-15;-16.1;0;-20;-17;-50;-25;NOK;300;443;300;565;OK;0;0;N/A;N/A;N/A;N/A;N/A;N/A;N/A;N/A;N/A;N/A;N/A;N/A;N/A;N/A;N/A;N/A;N/A;N/A;N/A;N/A;N/A;N/A;N/A;N/A;N/A;N/A;N/A;N/A;N/A;N/A;N/A;N/A;N/A;N/A;N/A;N/A;N/A;N/A;N/A;N/A;N/A;N/A;N/A;N/A;N/A;N/A;N/A;N/A;N/A;N/A;N/A;N/A;N/A;N/A;N/A;N/A;N/A;N/A;N/A;N/A;N/A;N/A;N/A;N/A;N/A;N/A;N/A;N/A;N/A;N/A;N/A;N/A;N/A;N/A;N/A;N/A;N/A;N/A;N/A;N/A;N/A;N/A;N/A;N/A;N/A;N/A;N/A;N/A;N/A;N/A;N/A;N/A;N/A;N/A;N/A;N/A;N/A;N/A;;0;282.3;0;0;;Disabled;TempStop;3;740;291.4;149.9;254.1;0;599.9;549.9;Enabled;PosOk;3;0;0.8;0;0;0;15;Disabled;0;0;0;0;0;0;0;0;0;0;0;0;0;0;0;0;0;0;0;0;0;0;0;0;0;0;0;0;0;0;0;0;0;0;0;0;0;0;0;0;0;0;0;0;0;0;0;0;0;0;0;0;0;0;0;0;0;0;0;0;0;0;0;0;0;0;0;0;0;0;30;30;20;45;30;30;20;45;30;30;20;45;30;30;20;45;200;215;100;300;200;213;100;300;200;207;100;300;200;208;100;300;30;30;20;45;30;30;20;45;30;30;20;45;30;30;20;45;200;231;100;300;200;230;100;300;200;144;100;300;200;145;100;300;4;3;0.4;6;4;5;0.4;6;4;2;0.4;6;4;5;0.4;6;4;3;0.4;6;4;5;0.4;6;4;2;0.4;6;4;5;0.4;6;NOK;NOK;OK;8000;8068;7500;9000;OK;6.81;0;8;12;NOK;N/A;1.85;N/A;N/A;N/A;9;13.5;7;18;OK;;0;0;0;-;Disabled;TempOk;3;230;34.7;34.7;34.9;0;349.9;441354200 daimler 6900-7200;441354200 daimler 6900-7200;441354200 daimler 6900-7200
20260325_04:12:03;0;1;4;930;918.4;890;970;OK;930;930.5;890;970;OK;932.4;931.7;-20;-14.2;-50;-25;NOK;-20;-16.2;-50;-25;NOK;-16.7;-16.3;0;-20;-14.1;-50;-25;NOK;300;443;300;565;OK;0;0;N/A;N/A;N/A;N/A;N/A;N/A;N/A;N/A;N/A;N/A;N/A;N/A;N/A;N/A;N/A;N/A;N/A;N/A;N/A;N/A;N/A;N/A;N/A;N/A;N/A;N/A;N/A;N/A;N/A;N/A;N/A;N/A;N/A;N/A;N/A;N/A;N/A;N/A;N/A;N/A;N/A;N/A;N/A;N/A;N/A;N/A;N/A;N/A;N/A;N/A;N/A;N/A;N/A;N/A;N/A;N/A;N/A;N/A;N/A;N/A;N/A;N/A;N/A;N/A;N/A;N/A;N/A;N/A;N/A;N/A;N/A;N/A;N/A;N/A;N/A;N/A;N/A;N/A;N/A;N/A;N/A;N/A;N/A;N/A;N/A;N/A;N/A;N/A;N/A;N/A;N/A;N/A;N/A;N/A;N/A;N/A;N/A;N/A;;0;282.9;0;0;;Disabled;TempStop;3;740;291.6;150;252.9;0;599.9;549.9;Enabled;PosOk;3;0;0;0;0;0;15;Disabled;0;0;0;0;0;0;0;0;0;0;0;0;0;0;0;0;0;0;0;0;0;0;0;0;0;0;0;0;0;0;0;0;0;0;0;0;0;0;0;0;0;0;0;0;0;0;0;0;0;0;0;0;0;0;0;0;0;0;0;0;0;0;0;0;0;0;0;0;11;34;30;30;20;45;30;30;20;45;30;30;20;45;30;30;20;45;200;215;100;300;200;213;100;300;200;208;100;300;200;208;100;300;30;30;20;45;30;30;20;45;30;31;20;45;30;30;20;45;200;231;100;300;200;229;100;300;200;144;100;300;200;145;100;300;4;3;0.4;6;4;5;0.4;6;4;2;0.4;6;4;5;0.4;6;4;3;0.4;6;4;5;0.4;6;4;2;0.4;6;4;5;0.4;6;NOK;NOK;OK;8000;8091;7500;9000;OK;6.81;0;8;12;NOK;N/A;1.85;N/A;N/A;N/A;9;13.5;7;18;OK;;0;0;0;-;Disabled;TempOk;3;230;35.2;34.7;34.9;0;349.9;441354200 daimler 6900-7200;441354200 daimler 6900-7200;441354200 daimler 6900-7200
20260325_04:12:39;0;3;4;930;919.2;890;970;OK;930;930.5;890;970;OK;932.3;931.9;-20;-16.2;-50;-25;NOK;-20;-18.9;-50;-25;NOK;-19.3;-19.1;0;-20;-15.9;-50;-25;NOK;300;443;300;565;OK;0;0;N/A;N/A;N/A;N/A;N/A;N/A;N/A;N/A;N/A;N/A;N/A;N/A;N/A;N/A;N/A;N/A;N/A;N/A;N/A;N/A;N/A;N/A;N/A;N/A;N/A;N/A;N/A;N/A;N/A;N/A;N/A;N/A;N/A;N/A;N/A;N/A;N/A;N/A;N/A;N/A;N/A;N/A;N/A;N/A;N/A;N/A;N/A;N/A;N/A;N/A;N/A;N/A;N/A;N/A;N/A;N/A;N/A;N/A;N/A;N/A;N/A;N/A;N/A;N/A;N/A;N/A;N/A;N/A;N/A;N/A;N/A;N/A;N/A;N/A;N/A;N/A;N/A;N/A;N/A;N/A;N/A;N/A;N/A;N/A;N/A;N/A;N/A;N/A;N/A;N/A;N/A;N/A;N/A;N/A;N/A;N/A;N/A;N/A;;0;280.9;0;0;;Disabled;TempStop;3;740;292.8;146.8;257.1;0;599.9;549.9;Enabled;PosOk;3;0;0.1;0;0;0;15;Disabled;0;0;0;0;0;0;0;0;0;0;0;0;0;0;0;0;0;0;0;0;0;0;0;0;0;0;0;0;0;0;0;0;0;0;0;0;0;0;0;0;0;0;0;0;0;0;0;0;0;0;0;0;0;0;0;0;0;0;0;0;0;0;0;0;0;0;0;0;0;0;30;30;20;45;30;30;20;45;30;31;20;45;30;30;20;45;200;216;100;300;200;213;100;300;200;208;100;300;200;208;100;300;30;30;20;45;30;30;20;45;30;31;20;45;30;30;20;45;200;231;100;300;200;230;100;300;200;144;100;300;200;145;100;300;4;2;0.4;6;4;5;0.4;6;4;2;0.4;6;4;5;0.4;6;4;3;0.4;6;4;5;0.4;6;4;3;0.4;6;4;5;0.4;6;NOK;NOK;OK;8000;8084;7500;9000;OK;6.82;0;8;12;NOK;N/A;1.85;N/A;N/A;N/A;9;13.6;7;18;OK;;0;0;0;-;Disabled;TempOk;3;230;35.4;34.9;35.7;0;349.9;441354200 daimler 6900-7200;441354200 daimler 6900-7200;441354200 daimler 6900-7200
20260325_04:13:15;0;3;5;930;920.6;890;970;OK;930;930.6;890;970;OK;931.8;931.3;-20;-19.8;-50;-25;NOK;-20;-21.5;-50;-25;NOK;-19.6;-20.1;0;-20;-19.7;-50;-25;NOK;300;443;300;565;OK;0;0;N/A;N/A;N/A;N/A;N/A;N/A;N/A;N/A;N/A;N/A;N/A;N/A;N/A;N/A;N/A;N/A;N/A;N/A;N/A;N/A;N/A;N/A;N/A;N/A;N/A;N/A;N/A;N/A;N/A;N/A;N/A;N/A;N/A;N/A;N/A;N/A;N/A;N/A;N/A;N/A;N/A;N/A;N/A;N/A;N/A;N/A;N/A;N/A;N/A;N/A;N/A;N/A;N/A;N/A;N/A;N/A;N/A;N/A;N/A;N/A;N/A;N/A;N/A;N/A;N/A;N/A;N/A;N/A;N/A;N/A;N/A;N/A;N/A;N/A;N/A;N/A;N/A;N/A;N/A;N/A;N/A;N/A;N/A;N/A;N/A;N/A;N/A;N/A;N/A;N/A;N/A;N/A;N/A;N/A;N/A;N/A;N/A;N/A;;0;282.3;0;0;;Disabled;TempStop;3;740;291.8;149.2;253.5;0;599.9;549.9;Enabled;PosOk;3;0;0.5;0;0;0;15;Disabled;0;0;0;0;0;0;0;0;0;0;0;0;0;0;0;0;0;0;0;0;0;0;0;0;0;0;0;0;0;0;0;0;0;0;0;0;0;0;0;0;0;0;0;0;0;0;0;0;0;0;0;0;0;0;0;0;0;0;0;0;0;0;0;0;0;0;0;0;0;0;30;30;20;45;30;30;20;45;30;31;20;45;30;30;20;45;200;215;100;300;200;213;100;300;200;208;100;300;200;208;100;300;30;30;20;45;30;30;20;45;30;31;20;45;30;30;20;45;200;231;100;300;200;230;100;300;200;144;100;300;200;144;100;300;4;2;0.4;6;4;5;0.4;6;4;2;0.4;6;4;5;0.4;6;4;3;0.4;6;4;5;0.4;6;4;2;0.4;6;4;5;0.4;6;NOK;NOK;OK;8000;8074;7500;9000;OK;6.81;0;8;12;NOK;N/A;1.86;N/A;N/A;N/A;9;13;7;18;OK;;0;0;0;-;Disabled;TempOk;3;230;35.9;35.4;35.7;0;349.9;441354200 daimler 6900-7200;441354200 daimler 6900-7200;441354200 daimler 6900-7200
20260325_04:13:51;0;1;1;930;919.3;890;970;OK;930;930.4;890;970;OK;932.5;931.8;-20;-18.1;-50;-25;NOK;-20;-18.9;-50;-25;NOK;-17.6;-17.6;0;-20;-18.1;-50;-25;NOK;300;443;300;565;OK;0;0;N/A;N/A;N/A;N/A;N/A;N/A;N/A;N/A;N/A;N/A;N/A;N/A;N/A;N/A;N/A;N/A;N/A;N/A;N/A;N/A;N/A;N/A;N/A;N/A;N/A;N/A;N/A;N/A;N/A;N/A;N/A;N/A;N/A;N/A;N/A;N/A;N/A;N/A;N/A;N/A;N/A;N/A;N/A;N/A;N/A;N/A;N/A;N/A;N/A;N/A;N/A;N/A;N/A;N/A;N/A;N/A;N/A;N/A;N/A;N/A;N/A;N/A;N/A;N/A;N/A;N/A;N/A;N/A;N/A;N/A;N/A;N/A;N/A;N/A;N/A;N/A;N/A;N/A;N/A;N/A;N/A;N/A;N/A;N/A;N/A;N/A;N/A;N/A;N/A;N/A;N/A;N/A;N/A;N/A;N/A;N/A;N/A;N/A;;0;286.3;0;0;;Disabled;TempStop;3;740;295.9;149.7;258.7;0;599.9;549.9;Enabled;PosOk;3;0;0;0;0;0;15;Disabled;0;0;0;0;0;0;0;0;0;0;0;0;0;0;0;0;0;0;0;0;0;0;0;0;0;0;0;0;0;0;0;0;0;0;0;0;0;0;0;0;0;0;0;0;0;0;0;0;0;0;0;0;0;0;0;0;0;0;0;0;0;0;0;0;0;0;0;0;0;0;30;30;20;45;30;30;20;45;30;31;20;45;30;30;20;45;200;215;100;300;200;213;100;300;200;208;100;300;200;208;100;300;30;30;20;45;30;30;20;45;30;31;20;45;30;30;20;45;200;231;100;300;200;230;100;300;200;144;100;300;200;145;100;300;4;2;0.4;6;4;5;0.4;6;4;2;0.4;6;4;5;0.4;6;4;3;0.4;6;4;5;0.4;6;4;2;0.4;6;4;5;0.4;6;NOK;NOK;OK;8000;8076;7500;9000;OK;6.82;0;8;12;NOK;N/A;1.85;N/A;N/A;N/A;9;12.9;7;18;OK;;0;0;0;-;Disabled;TempOk;3;230;35.2;34.9;35.9;0;349.9;441354200 daimler 6900-7200;441354200 daimler 6900-7200;441354200 daimler 6900-7200
20260325_04:14:27;0;3;1;930;920.1;890;970;OK;930;929.7;890;970;OK;933.7;932.9;-20;-17.5;-50;-25;NOK;-20;-19.9;-50;-25;NOK;-15;-16.1;0;-20;-17.6;-50;-25;NOK;300;443;300;565;OK;0;0;N/A;N/A;N/A;N/A;N/A;N/A;N/A;N/A;N/A;N/A;N/A;N/A;N/A;N/A;N/A;N/A;N/A;N/A;N/A;N/A;N/A;N/A;N/A;N/A;N/A;N/A;N/A;N/A;N/A;N/A;N/A;N/A;N/A;N/A;N/A;N/A;N/A;N/A;N/A;N/A;N/A;N/A;N/A;N/A;N/A;N/A;N/A;N/A;N/A;N/A;N/A;N/A;N/A;N/A;N/A;N/A;N/A;N/A;N/A;N/A;N/A;N/A;N/A;N/A;N/A;N/A;N/A;N/A;N/A;N/A;N/A;N/A;N/A;N/A;N/A;N/A;N/A;N/A;N/A;N/A;N/A;N/A;N/A;N/A;N/A;N/A;N/A;N/A;N/A;N/A;N/A;N/A;N/A;N/A;N/A;N/A;N/A;N/A;;0;282.9;0;0;;Disabled;TempStop;3;740;291.7;149.2;255.5;0;599.9;549.9;Enabled;PosOk;3;0;0.1;0;0;0;15;Disabled;0;0;0;0;0;0;0;0;0;0;0;0;0;0;0;0;0;0;0;0;0;0;0;0;0;0;0;0;0;0;0;0;0;0;0;0;0;0;0;0;0;0;0;0;0;0;0;0;0;0;0;0;0;0;0;0;0;0;0;0;0;0;0;0;0;0;0;0;0;0;30;30;20;45;30;30;20;45;30;30;20;45;30;30;20;45;200;216;100;300;200;213;100;300;200;208;100;300;200;209;100;300;30;30;20;45;30;30;20;45;30;31;20;45;30;30;20;45;200;232;100;300;200;230;100;300;200;144;100;300;200;145;100;300;4;3;0.4;6;4;5;0.4;6;4;2;0.4;6;4;5;0.4;6;4;3;0.4;6;4;5;0.4;6;4;2;0.4;6;4;5;0.4;6;NOK;NOK;OK;8000;7992;7500;9000;OK;6.81;0;8;12;NOK;N/A;1.85;N/A;N/A;N/A;9;12.8;7;18;OK;;0;0;0;-;Disabled;TempOk;3;230;34.9;34.7;34.9;0;349.9;441354200 daimler 6900-7200;441354200 daimler 6900-7200;441354200 daimler 6900-7200
20260325_04:15:03;0;1;2;930;918.9;890;970;OK;930;930.9;890;970;OK;932.4;931.9;-20;-15.7;-50;-25;NOK;-20;-17.5;-50;-25;NOK;-16.9;-17.2;0;-20;-15.6;-50;-25;NOK;300;443;300;565;OK;0;0;N/A;N/A;N/A;N/A;N/A;N/A;N/A;N/A;N/A;N/A;N/A;N/A;N/A;N/A;N/A;N/A;N/A;N/A;N/A;N/A;N/A;N/A;N/A;N/A;N/A;N/A;N/A;N/A;N/A;N/A;N/A;N/A;N/A;N/A;N/A;N/A;N/A;N/A;N/A;N/A;N/A;N/A;N/A;N/A;N/A;N/A;N/A;N/A;N/A;N/A;N/A;N/A;N/A;N/A;N/A;N/A;N/A;N/A;N/A;N/A;N/A;N/A;N/A;N/A;N/A;N/A;N/A;N/A;N/A;N/A;N/A;N/A;N/A;N/A;N/A;N/A;N/A;N/A;N/A;N/A;N/A;N/A;N/A;N/A;N/A;N/A;N/A;N/A;N/A;N/A;N/A;N/A;N/A;N/A;N/A;N/A;N/A;N/A;;0;283.8;0;0;;Disabled;TempStop;3;740;294;151;254.5;0;599.9;549.9;Enabled;PosOk;3;0;0.7;0;0;0;15;Disabled;0;0;0;0;0;0;0;0;0;0;0;0;0;0;0;0;0;0;0;0;0;0;0;0;0;0;0;0;0;0;0;0;0;0;0;0;0;0;0;0;0;0;0;0;0;0;0;0;0;0;0;0;0;0;0;0;0;0;0;0;0;0;0;0;0;0;0;0;0;0;30;30;20;45;30;30;20;45;30;30;20;45;30;30;20;45;200;216;100;300;200;213;100;300;200;208;100;300;200;208;100;300;30;30;20;45;30;30;20;45;30;31;20;45;30;30;20;45;200;231;100;300;200;230;100;300;200;144;100;300;200;145;100;300;4;2;0.4;6;4;5;0.4;6;4;2;0.4;6;4;5;0.4;6;4;3;0.4;6;4;5;0.4;6;4;2;0.4;6;4;5;0.4;6;NOK;NOK;OK;8000;8060;7500;9000;OK;6.81;0;8;12;NOK;N/A;1.85;N/A;N/A;N/A;9;12.7;7;18;OK;;0;0;0;-;Disabled;TempOk;3;230;35.2;34.9;35.2;0;349.9;441354200 daimler 6900-7200;441354200 daimler 6900-7200;441354200 daimler 6900-7200
20260325_04:15:39;0;3;2;930;919.5;890;970;OK;930;930.8;890;970;OK;932.7;932.2;-20;-17.4;-50;-25;NOK;-20;-20.5;-50;-25;NOK;-16.8;-17.5;0;-20;-17.2;-50;-25;NOK;300;443;300;565;OK;0;0;N/A;N/A;N/A;N/A;N/A;N/A;N/A;N/A;N/A;N/A;N/A;N/A;N/A;N/A;N/A;N/A;N/A;N/A;N/A;N/A;N/A;N/A;N/A;N/A;N/A;N/A;N/A;N/A;N/A;N/A;N/A;N/A;N/A;N/A;N/A;N/A;N/A;N/A;N/A;N/A;N/A;N/A;N/A;N/A;N/A;N/A;N/A;N/A;N/A;N/A;N/A;N/A;N/A;N/A;N/A;N/A;N/A;N/A;N/A;N/A;N/A;N/A;N/A;N/A;N/A;N/A;N/A;N/A;N/A;N/A;N/A;N/A;N/A;N/A;N/A;N/A;N/A;N/A;N/A;N/A;N/A;N/A;N/A;N/A;N/A;N/A;N/A;N/A;N/A;N/A;N/A;N/A;N/A;N/A;N/A;N/A;N/A;N/A;;0;281.6;0;0;;Disabled;TempStop;3;740;290.9;147;254.6;0;599.9;549.9;Enabled;PosOk;3;0;0;0;0;0;15;Disabled;0;0;0;0;0;0;0;0;0;0;0;0;0;0;0;0;0;0;0;0;0;0;0;0;0;0;0;0;0;0;0;0;0;0;0;0;0;0;0;0;0;0;0;0;0;0;0;0;0;0;0;0;0;0;0;0;0;0;0;0;0;0;0;0;0;0;0;0;0;0;30;30;20;45;30;30;20;45;30;31;20;45;30;30;20;45;200;216;100;300;200;213;100;300;200;208;100;300;200;208;100;300;30;30;20;45;30;30;20;45;30;31;20;45;30;30;20;45;200;231;100;300;200;229;100;300;200;144;100;300;200;145;100;300;4;2;0.4;6;4;5;0.4;6;4;2;0.4;6;4;5;0.4;6;4;3;0.4;6;4;5;0.4;6;4;2;0.4;6;4;5;0.4;6;NOK;NOK;OK;8000;7992;7500;9000;OK;6.82;0;8;12;NOK;N/A;1.85;N/A;N/A;N/A;9;12.6;7;18;OK;;0;0;0;-;Disabled;TempOk;3;230;35.4;35.2;35.7;0;349.9;441354200 daimler 6900-7200;441354200 daimler 6900-7200;441354200 daimler 6900-7200
20260325_04:16:15;0;1;3;930;918.8;890;970;OK;930;930.9;890;970;OK;932.2;933.3;-20;-17.7;-50;-25;NOK;-20;-17.1;-50;-25;NOK;-20.2;-19.5;0;-20;-17.7;-50;-25;NOK;300;311;300;565;OK;0;0;N/A;N/A;N/A;N/A;N/A;N/A;N/A;N/A;N/A;N/A;N/A;N/A;N/A;N/A;N/A;N/A;N/A;N/A;N/A;N/A;N/A;N/A;N/A;N/A;N/A;N/A;N/A;N/A;N/A;N/A;N/A;N/A;N/A;N/A;N/A;N/A;N/A;N/A;N/A;N/A;N/A;N/A;N/A;N/A;N/A;N/A;N/A;N/A;N/A;N/A;N/A;N/A;N/A;N/A;N/A;N/A;N/A;N/A;N/A;N/A;N/A;N/A;N/A;N/A;N/A;N/A;N/A;N/A;N/A;N/A;N/A;N/A;N/A;N/A;N/A;N/A;N/A;N/A;N/A;N/A;N/A;N/A;N/A;N/A;N/A;N/A;N/A;N/A;N/A;N/A;N/A;N/A;N/A;N/A;N/A;N/A;N/A;N/A;;0;284.1;0;0;;Disabled;TempStop;3;740;294.9;153.9;253;0;599.9;549.9;Enabled;PosOk;3;0;0.5;0;0;0;15;Disabled;0;0;0;0;0;0;0;0;0;0;0;0;0;0;0;0;0;0;0;0;0;0;0;0;0;0;0;0;0;0;0;0;0;0;0;0;0;0;0;0;0;0;0;0;0;0;0;0;0;0;0;0;0;0;0;0;0;0;0;0;0;0;0;0;0;0;0;0;15;46;30;30;20;45;30;29;20;45;30;30;20;45;30;29;20;45;200;215;100;300;200;213;100;300;200;208;100;300;200;208;100;300;30;29;20;45;30;29;20;45;30;30;20;45;30;29;20;45;200;230;100;300;200;229;100;300;200;144;100;300;200;145;100;300;4;2;0.4;6;4;5;0.4;6;4;3;0.4;6;4;5;0.4;6;4;3;0.4;6;4;5;0.4;6;4;3;0.4;6;4;5;0.4;6;NOK;NOK;OK;8000;8079;7500;9000;OK;6.82;0;8;12;NOK;N/A;1.85;N/A;N/A;N/A;9;13.3;7;18;OK;;0;0;0;-;Disabled;TempOk;3;230;35.7;35.7;35.7;0;349.9;441354200 daimler 6900-7200;441354200 daimler 6900-7200;441354200 daimler 6900-7200
20260325_04:16:51;0;3;3;930;918.3;890;970;OK;930;931.4;890;970;OK;932.6;932.2;-20;-16.6;-50;-25;NOK;-20;-18.1;-50;-25;NOK;-16.2;-17.3;0;-20;-16.6;-50;-25;NOK;300;311;300;565;OK;0;0;N/A;N/A;N/A;N/A;N/A;N/A;N/A;N/A;N/A;N/A;N/A;N/A;N/A;N/A;N/A;N/A;N/A;N/A;N/A;N/A;N/A;N/A;N/A;N/A;N/A;N/A;N/A;N/A;N/A;N/A;N/A;N/A;N/A;N/A;N/A;N/A;N/A;N/A;N/A;N/A;N/A;N/A;N/A;N/A;N/A;N/A;N/A;N/A;N/A;N/A;N/A;N/A;N/A;N/A;N/A;N/A;N/A;N/A;N/A;N/A;N/A;N/A;N/A;N/A;N/A;N/A;N/A;N/A;N/A;N/A;N/A;N/A;N/A;N/A;N/A;N/A;N/A;N/A;N/A;N/A;N/A;N/A;N/A;N/A;N/A;N/A;N/A;N/A;N/A;N/A;N/A;N/A;N/A;N/A;N/A;N/A;N/A;N/A;;0;283.7;0;0;;Disabled;TempStop;3;740;293.5;151.5;255.4;0;599.9;549.9;Enabled;PosOk;3;0;1.4;0;0;0;15;Disabled;0;0;0;0;0;0;0;0;0;0;0;0;0;0;0;0;0;0;0;0;0;0;0;0;0;0;0;0;0;0;0;0;0;0;0;0;0;0;0;0;0;0;0;0;0;0;0;0;0;0;0;0;0;0;0;0;0;0;0;0;0;0;0;0;0;0;0;0;0;0;30;29;20;45;30;30;20;45;30;30;20;45;30;30;20;45;200;215;100;300;200;213;100;300;200;207;100;300;200;207;100;300;30;30;20;45;30;30;20;45;30;30;20;45;30;30;20;45;200;231;100;300;200;229;100;300;200;144;100;300;200;145;100;300;4;2;0.4;6;4;5;0.4;6;4;2;0.4;6;4;5;0.4;6;4;3;0.4;6;4;5;0.4;6;4;3;0.4;6;4;5;0.4;6;NOK;NOK;OK;8000;8071;7500;9000;OK;6.81;0;8;12;NOK;N/A;1.85;N/A;N/A;N/A;9;13.4;7;18;OK;;0;0;0;-;Disabled;TempOk;3;230;35.2;34.9;35.4;0;349.9;441354200 daimler 6900-7200;441354200 daimler 6900-7200;441354200 daimler 6900-7200
20260325_04:17:27;0;1;4;930;916.8;890;970;OK;930;931.6;890;970;OK;932.2;931.6;-20;-15.6;-50;-25;NOK;-20;-15.3;-50;-25;NOK;-17.8;-17.3;0;-20;-15.5;-50;-25;NOK;300;311;300;565;OK;0;0;N/A;N/A;N/A;N/A;N/A;N/A;N/A;N/A;N/A;N/A;N/A;N/A;N/A;N/A;N/A;N/A;N/A;N/A;N/A;N/A;N/A;N/A;N/A;N/A;N/A;N/A;N/A;N/A;N/A;N/A;N/A;N/A;N/A;N/A;N/A;N/A;N/A;N/A;N/A;N/A;N/A;N/A;N/A;N/A;N/A;N/A;N/A;N/A;N/A;N/A;N/A;N/A;N/A;N/A;N/A;N/A;N/A;N/A;N/A;N/A;N/A;N/A;N/A;N/A;N/A;N/A;N/A;N/A;N/A;N/A;N/A;N/A;N/A;N/A;N/A;N/A;N/A;N/A;N/A;N/A;N/A;N/A;N/A;N/A;N/A;N/A;N/A;N/A;N/A;N/A;N/A;N/A;N/A;N/A;N/A;N/A;N/A;N/A;;0;284.6;0;0;;Disabled;TempStop;3;740;294.9;153.6;254.5;0;599.9;549.9;Enabled;PosOk;3;0;0;0;0;0;15;Disabled;0;0;0;0;0;0;0;0;0;0;0;0;0;0;0;0;0;0;0;0;0;0;0;0;0;0;0;0;0;0;0;0;0;0;0;0;0;0;0;0;0;0;0;0;0;0;0;0;0;0;0;0;0;0;0;0;0;0;0;0;0;0;0;0;0;0;0;0;16;58;30;30;20;45;30;30;20;45;30;30;20;45;30;30;20;45;200;215;100;300;200;213;100;300;200;208;100;300;200;207;100;300;30;30;20;45;30;30;20;45;30;31;20;45;30;30;20;45;200;231;100;300;200;229;100;300;200;144;100;300;200;145;100;300;4;2;0.4;6;4;5;0.4;6;4;2;0.4;6;4;5;0.4;6;4;3;0.4;6;4;5;0.4;6;4;2;0.4;6;4;5;0.4;6;NOK;NOK;OK;8000;8075;7500;9000;OK;6.81;0;8;12;NOK;N/A;1.85;N/A;N/A;N/A;9;13.5;7;18;OK;;0;0;0;-;Disabled;TempOk;3;230;35.2;34.9;35.7;0;349.9;441354200 daimler 6900-7200;441354200 daimler 6900-7200;441354200 daimler 6900-7200
20260325_04:18:02;0;3;4;930;919;890;970;OK;930;931.3;890;970;OK;932.2;931.8;-20;-17.8;-50;-25;NOK;-20;-17.7;-50;-25;NOK;-20.3;-20.1;0;-20;-17.5;-50;-25;NOK;300;311;300;565;OK;0;0;N/A;N/A;N/A;N/A;N/A;N/A;N/A;N/A;N/A;N/A;N/A;N/A;N/A;N/A;N/A;N/A;N/A;N/A;N/A;N/A;N/A;N/A;N/A;N/A;N/A;N/A;N/A;N/A;N/A;N/A;N/A;N/A;N/A;N/A;N/A;N/A;N/A;N/A;N/A;N/A;N/A;N/A;N/A;N/A;N/A;N/A;N/A;N/A;N/A;N/A;N/A;N/A;N/A;N/A;N/A;N/A;N/A;N/A;N/A;N/A;N/A;N/A;N/A;N/A;N/A;N/A;N/A;N/A;N/A;N/A;N/A;N/A;N/A;N/A;N/A;N/A;N/A;N/A;N/A;N/A;N/A;N/A;N/A;N/A;N/A;N/A;N/A;N/A;N/A;N/A;N/A;N/A;N/A;N/A;N/A;N/A;N/A;N/A;;0;282.2;0;0;;Disabled;TempStop;3;740;293.2;148.5;255.6;0;599.9;549.9;Enabled;PosOk;3;0;0;0;0;0;15;Disabled;0;0;0;0;0;0;0;0;0;0;0;0;0;0;0;0;0;0;0;0;0;0;0;0;0;0;0;0;0;0;0;0;0;0;0;0;0;0;0;0;0;0;0;0;0;0;0;0;0;0;0;0;0;0;0;0;0;0;0;0;0;0;0;0;0;0;0;0;0;0;30;30;20;45;30;30;20;45;30;30;20;45;30;29;20;45;200;216;100;300;200;213;100;300;200;207;100;300;200;207;100;300;30;30;20;45;30;30;20;45;30;30;20;45;30;30;20;45;200;230;100;300;200;229;100;300;200;143;100;300;200;145;100;300;4;2;0.4;6;4;5;0.4;6;4;2;0.4;6;4;5;0.4;6;4;3;0.4;6;4;5;0.4;6;4;2;0.4;6;4;5;0.4;6;NOK;NOK;OK;8000;8066;7500;9000;OK;6.81;0;8;12;NOK;N/A;1.85;N/A;N/A;N/A;9;13.1;7;18;OK;;0;0;0;-;Disabled;TempOk;3;230;35.9;35.2;35.7;0;349.9;441354200 daimler 6900-7200;441354200 daimler 6900-7200;441354200 daimler 6900-7200
20260325_04:18:38;0;3;5;930;920.8;890;970;OK;930;930.8;890;970;OK;932;931.4;-20;-21.2;-50;-25;NOK;-20;-20.5;-50;-25;NOK;-20.4;-21;0;-20;-21;-50;-25;NOK;300;311;300;565;OK;0;0;N/A;N/A;N/A;N/A;N/A;N/A;N/A;N/A;N/A;N/A;N/A;N/A;N/A;N/A;N/A;N/A;N/A;N/A;N/A;N/A;N/A;N/A;N/A;N/A;N/A;N/A;N/A;N/A;N/A;N/A;N/A;N/A;N/A;N/A;N/A;N/A;N/A;N/A;N/A;N/A;N/A;N/A;N/A;N/A;N/A;N/A;N/A;N/A;N/A;N/A;N/A;N/A;N/A;N/A;N/A;N/A;N/A;N/A;N/A;N/A;N/A;N/A;N/A;N/A;N/A;N/A;N/A;N/A;N/A;N/A;N/A;N/A;N/A;N/A;N/A;N/A;N/A;N/A;N/A;N/A;N/A;N/A;N/A;N/A;N/A;N/A;N/A;N/A;N/A;N/A;N/A;N/A;N/A;N/A;N/A;N/A;N/A;N/A;;0;282.2;0;0;;Disabled;TempStop;3;740;291.5;150.5;254.7;0;599.9;549.9;Enabled;PosOk;3;0;0.5;0;0;0;15;Disabled;0;0;0;0;0;0;0;0;0;0;0;0;0;0;0;0;0;0;0;0;0;0;0;0;0;0;0;0;0;0;0;0;0;0;0;0;0;0;0;0;0;0;0;0;0;0;0;0;0;0;0;0;0;0;0;0;0;0;0;0;0;0;0;0;0;0;0;0;0;0;30;30;20;45;30;30;20;45;30;30;20;45;30;30;20;45;200;215;100;300;200;213;100;300;200;207;100;300;200;208;100;300;30;30;20;45;30;30;20;45;30;30;20;45;30;30;20;45;200;231;100;300;200;230;100;300;200;144;100;300;200;145;100;300;4;2;0.4;6;4;5;0.4;6;4;2;0.4;6;4;5;0.4;6;4;3;0.4;6;4;5;0.4;6;4;3;0.4;6;4;5;0.4;6;NOK;NOK;OK;8000;8088;7500;9000;OK;6.81;0;8;12;NOK;N/A;1.85;N/A;N/A;N/A;9;13;7;18;OK;;0;0;0;-;Disabled;TempOk;3;230;35.2;35.4;35.2;0;349.9;441354200 daimler 6900-7200;441354200 daimler 6900-7200;441354200 daimler 6900-7200
20260325_04:19:14;0;1;1;930;918.9;890;970;OK;930;931.6;890;970;OK;932.5;931.9;-20;-19;-50;-25;NOK;-20;-18.3;-50;-25;NOK;-17.9;-17.9;0;-20;-19;-50;-25;NOK;300;311;300;565;OK;0;0;N/A;N/A;N/A;N/A;N/A;N/A;N/A;N/A;N/A;N/A;N/A;N/A;N/A;N/A;N/A;N/A;N/A;N/A;N/A;N/A;N/A;N/A;N/A;N/A;N/A;N/A;N/A;N/A;N/A;N/A;N/A;N/A;N/A;N/A;N/A;N/A;N/A;N/A;N/A;N/A;N/A;N/A;N/A;N/A;N/A;N/A;N/A;N/A;N/A;N/A;N/A;N/A;N/A;N/A;N/A;N/A;N/A;N/A;N/A;N/A;N/A;N/A;N/A;N/A;N/A;N/A;N/A;N/A;N/A;N/A;N/A;N/A;N/A;N/A;N/A;N/A;N/A;N/A;N/A;N/A;N/A;N/A;N/A;N/A;N/A;N/A;N/A;N/A;N/A;N/A;N/A;N/A;N/A;N/A;N/A;N/A;N/A;N/A;;0;287.7;0;0;;Disabled;TempStop;3;740;297.4;155.3;257.1;0;599.9;549.9;Enabled;PosOk;3;0;0;0;0;0;15;Disabled;0;0;0;0;0;0;0;0;0;0;0;0;0;0;0;0;0;0;0;0;0;0;0;0;0;0;0;0;0;0;0;0;0;0;0;0;0;0;0;0;0;0;0;0;0;0;0;0;0;0;0;0;0;0;0;0;0;0;0;0;0;0;0;0;0;0;0;0;0;0;30;30;20;45;30;30;20;45;30;30;20;45;30;30;20;45;200;215;100;300;200;212;100;300;200;208;100;300;200;208;100;300;30;30;20;45;30;30;20;45;30;31;20;45;30;30;20;45;200;231;100;300;200;229;100;300;200;144;100;300;200;144;100;300;4;2;0.4;6;4;5;0.4;6;4;2;0.4;6;4;5;0.4;6;4;3;0.4;6;4;5;0.4;6;4;3;0.4;6;4;5;0.4;6;NOK;NOK;OK;8000;8099;7500;9000;OK;6.82;0;8;12;NOK;N/A;1.85;N/A;N/A;N/A;9;12.8;7;18;OK;;0;0;0;-;Disabled;TempOk;3;230;35.4;34.9;35.2;0;349.9;441354200 daimler 6900-7200;441354200 daimler 6900-7200;441354200 daimler 6900-7200
20260325_04:19:50;0;3;1;930;917.8;890;970;OK;930;931.9;890;970;OK;933.8;933;-20;-20.1;-50;-25;NOK;-20;-17.4;-50;-25;NOK;-15.1;-16.2;0;-20;-20.1;-50;-25;NOK;300;311;300;565;OK;0;0;N/A;N/A;N/A;N/A;N/A;N/A;N/A;N/A;N/A;N/A;N/A;N/A;N/A;N/A;N/A;N/A;N/A;N/A;N/A;N/A;N/A;N/A;N/A;N/A;N/A;N/A;N/A;N/A;N/A;N/A;N/A;N/A;N/A;N/A;N/A;N/A;N/A;N/A;N/A;N/A;N/A;N/A;N/A;N/A;N/A;N/A;N/A;N/A;N/A;N/A;N/A;N/A;N/A;N/A;N/A;N/A;N/A;N/A;N/A;N/A;N/A;N/A;N/A;N/A;N/A;N/A;N/A;N/A;N/A;N/A;N/A;N/A;N/A;N/A;N/A;N/A;N/A;N/A;N/A;N/A;N/A;N/A;N/A;N/A;N/A;N/A;N/A;N/A;N/A;N/A;N/A;N/A;N/A;N/A;N/A;N/A;N/A;N/A;;0;283.9;0;0;;Disabled;TempStop;3;740;293.8;150.9;256;0;599.9;549.9;Enabled;PosOk;3;0;0.3;0;0;0;15;Disabled;0;0;0;0;0;0;0;0;0;0;0;0;0;0;0;0;0;0;0;0;0;0;0;0;0;0;0;0;0;0;0;0;0;0;0;0;0;0;0;0;0;0;0;0;0;0;0;0;0;0;0;0;0;0;0;0;0;0;0;0;0;0;0;0;0;0;0;0;0;0;30;30;20;45;30;30;20;45;30;30;20;45;30;30;20;45;200;215;100;300;200;213;100;300;200;208;100;300;200;208;100;300;30;30;20;45;30;30;20;45;30;31;20;45;30;30;20;45;200;231;100;300;200;230;100;300;200;144;100;300;200;144;100;300;4;2;0.4;6;4;5;0.4;6;4;2;0.4;6;4;5;0.4;6;4;3;0.4;6;4;5;0.4;6;4;2;0.4;6;4;5;0.4;6;NOK;NOK;OK;8000;8087;7500;9000;OK;6.81;0;8;12;NOK;N/A;1.85;N/A;N/A;N/A;9;12.8;7;18;OK;;0;0;0;-;Disabled;TempOk;3;230;35.7;35.2;36.7;0;349.9;441354200 daimler 6900-7200;441354200 daimler 6900-7200;441354200 daimler 6900-7200
20260325_04:20:26;0;1;2;930;918.5;890;970;OK;930;931.5;890;970;OK;932.8;932.1;-20;-16.7;-50;-25;NOK;-20;-16.6;-50;-25;NOK;-17.5;-17.9;0;-20;-16.5;-50;-25;NOK;300;311;300;565;OK;0;0;N/A;N/A;N/A;N/A;N/A;N/A;N/A;N/A;N/A;N/A;N/A;N/A;N/A;N/A;N/A;N/A;N/A;N/A;N/A;N/A;N/A;N/A;N/A;N/A;N/A;N/A;N/A;N/A;N/A;N/A;N/A;N/A;N/A;N/A;N/A;N/A;N/A;N/A;N/A;N/A;N/A;N/A;N/A;N/A;N/A;N/A;N/A;N/A;N/A;N/A;N/A;N/A;N/A;N/A;N/A;N/A;N/A;N/A;N/A;N/A;N/A;N/A;N/A;N/A;N/A;N/A;N/A;N/A;N/A;N/A;N/A;N/A;N/A;N/A;N/A;N/A;N/A;N/A;N/A;N/A;N/A;N/A;N/A;N/A;N/A;N/A;N/A;N/A;N/A;N/A;N/A;N/A;N/A;N/A;N/A;N/A;N/A;N/A;;0;284.9;0;0;;Disabled;TempStop;3;740;294.7;152.3;256.1;0;599.9;549.9;Enabled;PosOk;3;0;0.3;0;0;0;15;Disabled;0;0;0;0;0;0;0;0;0;0;0;0;0;0;0;0;0;0;0;0;0;0;0;0;0;0;0;0;0;0;0;0;0;0;0;0;0;0;0;0;0;0;0;0;0;0;0;0;0;0;0;0;0;0;0;0;0;0;0;0;0;0;0;0;0;0;0;0;0;0;30;30;20;45;30;30;20;45;30;31;20;45;30;30;20;45;200;216;100;300;200;213;100;300;200;208;100;300;200;208;100;300;30;30;20;45;30;30;20;45;30;31;20;45;30;30;20;45;200;230;100;300;200;229;100;300;200;145;100;300;200;145;100;300;4;2;0.4;6;4;5;0.4;6;4;2;0.4;6;4;5;0.4;6;4;2;0.4;6;4;5;0.4;6;4;2;0.4;6;4;5;0.4;6;NOK;NOK;OK;8000;8075;7500;9000;OK;6.81;0;8;12;NOK;N/A;1.85;N/A;N/A;N/A;9;12.7;7;18;OK;;0;0;0;-;Disabled;TempOk;3;230;35.4;34.9;35.4;0;349.9;441354200 daimler 6900-7200;441354200 daimler 6900-7200;441354200 daimler 6900-7200
20260325_04:21:02;0;3;2;930;918.1;890;970;OK;930;931.8;890;970;OK;932.8;932.2;-20;-19.8;-50;-25;NOK;-20;-18.2;-50;-25;NOK;-16.9;-17.9;0;-20;-19.5;-50;-25;NOK;300;311;300;565;OK;0;0;N/A;N/A;N/A;N/A;N/A;N/A;N/A;N/A;N/A;N/A;N/A;N/A;N/A;N/A;N/A;N/A;N/A;N/A;N/A;N/A;N/A;N/A;N/A;N/A;N/A;N/A;N/A;N/A;N/A;N/A;N/A;N/A;N/A;N/A;N/A;N/A;N/A;N/A;N/A;N/A;N/A;N/A;N/A;N/A;N/A;N/A;N/A;N/A;N/A;N/A;N/A;N/A;N/A;N/A;N/A;N/A;N/A;N/A;N/A;N/A;N/A;N/A;N/A;N/A;N/A;N/A;N/A;N/A;N/A;N/A;N/A;N/A;N/A;N/A;N/A;N/A;N/A;N/A;N/A;N/A;N/A;N/A;N/A;N/A;N/A;N/A;N/A;N/A;N/A;N/A;N/A;N/A;N/A;N/A;N/A;N/A;N/A;N/A;;0;283.3;0;0;;Disabled;TempStop;3;740;292.5;150.6;256.1;0;599.9;549.9;Enabled;PosOk;3;0;0;0;0;0;15;Disabled;0;0;0;0;0;0;0;0;0;0;0;0;0;0;0;0;0;0;0;0;0;0;0;0;0;0;0;0;0;0;0;0;0;0;0;0;0;0;0;0;0;0;0;0;0;0;0;0;0;0;0;0;0;0;0;0;0;0;0;0;0;0;0;0;0;0;0;0;0;0;30;30;20;45;30;30;20;45;30;31;20;45;30;30;20;45;200;215;100;300;200;213;100;300;200;208;100;300;200;209;100;300;30;30;20;45;30;30;20;45;30;31;20;45;30;30;20;45;200;231;100;300;200;230;100;300;200;144;100;300;200;145;100;300;4;2;0.4;6;4;5;0.4;6;4;2;0.4;6;4;5;0.4;6;4;3;0.4;6;4;5;0.4;6;4;2;0.4;6;4;5;0.4;6;NOK;NOK;OK;8000;7983;7500;9000;OK;6.82;0;8;12;NOK;N/A;1.85;N/A;N/A;N/A;9;13.2;7;18;OK;;0;0;0;-;Disabled;TempOk;3;230;36.2;35.7;36.2;0;349.9;441354200 daimler 6900-7200;441354200 daimler 6900-7200;441354200 daimler 6900-7200
20260325_04:21:38;0;1;3;930;919;890;970;OK;930;931.1;890;970;OK;932.4;931.7;-20;-16.5;-50;-25;NOK;-20;-16.3;-50;-25;NOK;-18.9;-18.4;0;-20;-16.3;-50;-25;NOK;300;311;300;565;OK;0;0;N/A;N/A;N/A;N/A;N/A;N/A;N/A;N/A;N/A;N/A;N/A;N/A;N/A;N/A;N/A;N/A;N/A;N/A;N/A;N/A;N/A;N/A;N/A;N/A;N/A;N/A;N/A;N/A;N/A;N/A;N/A;N/A;N/A;N/A;N/A;N/A;N/A;N/A;N/A;N/A;N/A;N/A;N/A;N/A;N/A;N/A;N/A;N/A;N/A;N/A;N/A;N/A;N/A;N/A;N/A;N/A;N/A;N/A;N/A;N/A;N/A;N/A;N/A;N/A;N/A;N/A;N/A;N/A;N/A;N/A;N/A;N/A;N/A;N/A;N/A;N/A;N/A;N/A;N/A;N/A;N/A;N/A;N/A;N/A;N/A;N/A;N/A;N/A;N/A;N/A;N/A;N/A;N/A;N/A;N/A;N/A;N/A;N/A;;0;283.9;0;0;;Disabled;TempStop;3;740;296.5;150.5;259;0;599.9;549.9;Enabled;PosOk;3;0;0.5;0;0;0;15;Disabled;0;0;0;0;0;0;0;0;0;0;0;0;0;0;0;0;0;0;0;0;0;0;0;0;0;0;0;0;0;0;0;0;0;0;0;0;0;0;0;0;0;0;0;0;0;0;0;0;0;0;0;0;0;0;0;0;0;0;0;0;0;0;0;0;0;0;0;0;21;9;30;30;20;45;30;30;20;45;30;31;20;45;30;29;20;45;200;215;100;300;200;213;100;300;200;209;100;300;200;208;100;300;30;30;20;45;30;30;20;45;30;31;20;45;30;30;20;45;200;231;100;300;200;230;100;300;200;144;100;300;200;145;100;300;4;2;0.4;6;4;5;0.4;6;4;2;0.4;6;4;5;0.4;6;4;3;0.4;6;4;5;0.4;6;4;3;0.4;6;4;5;0.4;6;NOK;NOK;OK;8000;8097;7500;9000;OK;6.82;0;8;12;NOK;N/A;1.86;N/A;N/A;N/A;9;13.4;7;18;OK;;0;0;0;-;Disabled;TempOk;3;230;35.7;35.4;35.7;0;349.9;441354200 daimler 6900-7200;441354200 daimler 6900-7200;441354200 daimler 6900-7200
20260325_04:22:14;0;3;3;930;919;890;970;OK;930;931.2;890;970;OK;932.6;932;-20;-18.1;-50;-25;NOK;-20;-17.2;-50;-25;NOK;-15.3;-16.3;0;-20;-18;-50;-25;NOK;300;311;300;565;OK;0;0;N/A;N/A;N/A;N/A;N/A;N/A;N/A;N/A;N/A;N/A;N/A;N/A;N/A;N/A;N/A;N/A;N/A;N/A;N/A;N/A;N/A;N/A;N/A;N/A;N/A;N/A;N/A;N/A;N/A;N/A;N/A;N/A;N/A;N/A;N/A;N/A;N/A;N/A;N/A;N/A;N/A;N/A;N/A;N/A;N/A;N/A;N/A;N/A;N/A;N/A;N/A;N/A;N/A;N/A;N/A;N/A;N/A;N/A;N/A;N/A;N/A;N/A;N/A;N/A;N/A;N/A;N/A;N/A;N/A;N/A;N/A;N/A;N/A;N/A;N/A;N/A;N/A;N/A;N/A;N/A;N/A;N/A;N/A;N/A;N/A;N/A;N/A;N/A;N/A;N/A;N/A;N/A;N/A;N/A;N/A;N/A;N/A;N/A;;0;282.8;0;0;;Disabled;TempStop;3;740;291;147.7;253.6;0;599.9;549.9;Enabled;PosOk;3;0;0.8;0;0;0;15;Disabled;0;0;0;0;0;0;0;0;0;0;0;0;0;0;0;0;0;0;0;0;0;0;0;0;0;0;0;0;0;0;0;0;0;0;0;0;0;0;0;0;0;0;0;0;0;0;0;0;0;0;0;0;0;0;0;0;0;0;0;0;0;0;0;0;0;0;0;0;0;0;30;30;20;45;30;30;20;45;30;30;20;45;30;30;20;45;200;215;100;300;200;213;100;300;200;208;100;300;200;207;100;300;30;30;20;45;30;30;20;45;30;31;20;45;30;30;20;45;200;230;100;300;200;230;100;300;200;144;100;300;200;145;100;300;4;2;0.4;6;4;5;0.4;6;4;2;0.4;6;4;5;0.4;6;4;3;0.4;6;4;5;0.4;6;4;3;0.4;6;4;5;0.4;6;NOK;NOK;OK;8000;8083;7500;9000;OK;6.82;0;8;12;NOK;N/A;1.85;N/A;N/A;N/A;9;13.4;7;18;OK;;0;0;0;-;Disabled;TempOk;3;230;35.9;35.4;35.4;0;349.9;441354200 daimler 6900-7200;441354200 daimler 6900-7200;441354200 daimler 6900-7200
20260325_04:22:50;0;1;4;930;918.4;890;970;OK;930;931.3;890;970;OK;932;931.8;-20;-14.7;-50;-25;NOK;-20;-14.7;-50;-25;NOK;-17;-16.6;0;-20;-14.6;-50;-25;NOK;300;311;300;565;OK;0;0;N/A;N/A;N/A;N/A;N/A;N/A;N/A;N/A;N/A;N/A;N/A;N/A;N/A;N/A;N/A;N/A;N/A;N/A;N/A;N/A;N/A;N/A;N/A;N/A;N/A;N/A;N/A;N/A;N/A;N/A;N/A;N/A;N/A;N/A;N/A;N/A;N/A;N/A;N/A;N/A;N/A;N/A;N/A;N/A;N/A;N/A;N/A;N/A;N/A;N/A;N/A;N/A;N/A;N/A;N/A;N/A;N/A;N/A;N/A;N/A;N/A;N/A;N/A;N/A;N/A;N/A;N/A;N/A;N/A;N/A;N/A;N/A;N/A;N/A;N/A;N/A;N/A;N/A;N/A;N/A;N/A;N/A;N/A;N/A;N/A;N/A;N/A;N/A;N/A;N/A;N/A;N/A;N/A;N/A;N/A;N/A;N/A;N/A;;0;284.6;0;0;;Disabled;TempStop;3;740;295.1;152.6;259.6;0;599.9;549.9;Enabled;PosOk;3;0;1.1;0;0;0;15;Disabled;0;0;0;0;0;0;0;0;0;0;0;0;0;0;0;0;0;0;0;0;0;0;0;0;0;0;0;0;0;0;0;0;0;0;0;0;0;0;0;0;0;0;0;0;0;0;0;0;0;0;0;0;0;0;0;0;0;0;0;0;0;0;0;0;0;0;0;0;22;21;30;30;20;45;30;30;20;45;30;30;20;45;30;29;20;45;200;216;100;300;200;213;100;300;200;208;100;300;200;208;100;300;30;29;20;45;30;29;20;45;30;30;20;45;30;30;20;45;200;230;100;300;200;229;100;300;200;144;100;300;200;145;100;300;4;2;0.4;6;4;5;0.4;6;4;2;0.4;6;4;5;0.4;6;4;3;0.4;6;4;5;0.4;6;4;2;0.4;6;4;5;0.4;6;NOK;NOK;OK;8000;8070;7500;9000;OK;6.81;0;8;12;NOK;N/A;1.85;N/A;N/A;N/A;9;13.5;7;18;OK;;0;0;0;-;Disabled;TempOk;3;230;35.9;35.4;35.4;0;349.9;441354200 daimler 6900-7200;441354200 daimler 6900-7200;441354200 daimler 6900-7200
20260325_04:23:26;0;3;4;930;919.5;890;970;OK;930;931.3;890;970;OK;932.2;931.7;-20;-16.6;-50;-25;NOK;-20;-17.1;-50;-25;NOK;-19.5;-19.4;0;-20;-16.3;-50;-25;NOK;300;311;300;565;OK;0;0;N/A;N/A;N/A;N/A;N/A;N/A;N/A;N/A;N/A;N/A;N/A;N/A;N/A;N/A;N/A;N/A;N/A;N/A;N/A;N/A;N/A;N/A;N/A;N/A;N/A;N/A;N/A;N/A;N/A;N/A;N/A;N/A;N/A;N/A;N/A;N/A;N/A;N/A;N/A;N/A;N/A;N/A;N/A;N/A;N/A;N/A;N/A;N/A;N/A;N/A;N/A;N/A;N/A;N/A;N/A;N/A;N/A;N/A;N/A;N/A;N/A;N/A;N/A;N/A;N/A;N/A;N/A;N/A;N/A;N/A;N/A;N/A;N/A;N/A;N/A;N/A;N/A;N/A;N/A;N/A;N/A;N/A;N/A;N/A;N/A;N/A;N/A;N/A;N/A;N/A;N/A;N/A;N/A;N/A;N/A;N/A;N/A;N/A;;0;281.6;0;0;;Disabled;TempStop;3;740;293.3;153.4;256.3;0;599.9;549.9;Enabled;PosOk;3;0;0.1;0;0;0;15;Disabled;0;0;0;0;0;0;0;0;0;0;0;0;0;0;0;0;0;0;0;0;0;0;0;0;0;0;0;0;0;0;0;0;0;0;0;0;0;0;0;0;0;0;0;0;0;0;0;0;0;0;0;0;0;0;0;0;0;0;0;0;0;0;0;0;0;0;0;0;0;0;30;30;20;45;30;30;20;45;30;30;20;45;30;30;20;45;200;215;100;300;200;213;100;300;200;208;100;300;200;208;100;300;30;30;20;45;30;30;20;45;30;30;20;45;30;30;20;45;200;231;100;300;200;229;100;300;200;144;100;300;200;145;100;300;4;2;0.4;6;4;5;0.4;6;4;2;0.4;6;4;5;0.4;6;4;3;0.4;6;4;5;0.4;6;4;3;0.4;6;4;5;0.4;6;NOK;NOK;OK;8000;7973;7500;9000;OK;6.82;0;8;12;NOK;N/A;1.85;N/A;N/A;N/A;9;13.6;7;18;OK;;0;0;0;-;Disabled;TempOk;3;230;35.7;35.2;35.4;0;349.9;441354200 daimler 6900-7200;441354200 daimler 6900-7200;441354200 daimler 6900-7200
20260325_04:24:02;0;3;5;930;920.3;890;970;OK;930;930.9;890;970;OK;931.9;931.4;-20;-20.2;-50;-25;NOK;-20;-20.1;-50;-25;NOK;-19.9;-20.5;0;-20;-20.1;-50;-25;NOK;300;311;300;565;OK;0;0;N/A;N/A;N/A;N/A;N/A;N/A;N/A;N/A;N/A;N/A;N/A;N/A;N/A;N/A;N/A;N/A;N/A;N/A;N/A;N/A;N/A;N/A;N/A;N/A;N/A;N/A;N/A;N/A;N/A;N/A;N/A;N/A;N/A;N/A;N/A;N/A;N/A;N/A;N/A;N/A;N/A;N/A;N/A;N/A;N/A;N/A;N/A;N/A;N/A;N/A;N/A;N/A;N/A;N/A;N/A;N/A;N/A;N/A;N/A;N/A;N/A;N/A;N/A;N/A;N/A;N/A;N/A;N/A;N/A;N/A;N/A;N/A;N/A;N/A;N/A;N/A;N/A;N/A;N/A;N/A;N/A;N/A;N/A;N/A;N/A;N/A;N/A;N/A;N/A;N/A;N/A;N/A;N/A;N/A;N/A;N/A;N/A;N/A;;0;282.4;0;0;;Disabled;TempStop;3;740;291.7;147.5;254.7;0;599.9;549.9;Enabled;PosOk;3;0;0.5;0;0;0;15;Disabled;0;0;0;0;0;0;0;0;0;0;0;0;0;0;0;0;0;0;0;0;0;0;0;0;0;0;0;0;0;0;0;0;0;0;0;0;0;0;0;0;0;0;0;0;0;0;0;0;0;0;0;0;0;0;0;0;0;0;0;0;0;0;0;0;0;0;0;0;0;0;30;30;20;45;30;30;20;45;30;30;20;45;30;30;20;45;200;215;100;300;200;213;100;300;200;207;100;300;200;208;100;300;30;30;20;45;30;30;20;45;30;31;20;45;30;30;20;45;200;231;100;300;200;229;100;300;200;144;100;300;200;145;100;300;4;2;0.4;6;4;5;0.4;6;4;2;0.4;6;4;5;0.4;6;4;2;0.4;6;4;5;0.4;6;4;2;0.4;6;4;5;0.4;6;NOK;NOK;OK;8000;8084;7500;9000;OK;6.82;0;8;12;NOK;N/A;1.85;N/A;N/A;N/A;9;13;7;18;OK;;0;0;0;-;Disabled;TempOk;3;230;35.7;36.2;35.9;0;349.9;441354200 daimler 6900-7200;441354200 daimler 6900-7200;441354200 daimler 6900-7200
20260325_04:24:38;0;1;1;930;920.1;890;970;OK;930;931.2;890;970;OK;932.5;931.8;-20;-18.3;-50;-25;NOK;-20;-18;-50;-25;NOK;-17.6;-17.6;0;-20;-18.3;-50;-25;NOK;300;311;300;565;OK;0;0;N/A;N/A;N/A;N/A;N/A;N/A;N/A;N/A;N/A;N/A;N/A;N/A;N/A;N/A;N/A;N/A;N/A;N/A;N/A;N/A;N/A;N/A;N/A;N/A;N/A;N/A;N/A;N/A;N/A;N/A;N/A;N/A;N/A;N/A;N/A;N/A;N/A;N/A;N/A;N/A;N/A;N/A;N/A;N/A;N/A;N/A;N/A;N/A;N/A;N/A;N/A;N/A;N/A;N/A;N/A;N/A;N/A;N/A;N/A;N/A;N/A;N/A;N/A;N/A;N/A;N/A;N/A;N/A;N/A;N/A;N/A;N/A;N/A;N/A;N/A;N/A;N/A;N/A;N/A;N/A;N/A;N/A;N/A;N/A;N/A;N/A;N/A;N/A;N/A;N/A;N/A;N/A;N/A;N/A;N/A;N/A;N/A;N/A;;0;286.6;0;0;;Disabled;TempStop;3;740;297.4;150.5;259.7;0;599.9;549.9;Enabled;PosOk;3;0;0;0;0;0;15;Disabled;0;0;0;0;0;0;0;0;0;0;0;0;0;0;0;0;0;0;0;0;0;0;0;0;0;0;0;0;0;0;0;0;0;0;0;0;0;0;0;0;0;0;0;0;0;0;0;0;0;0;0;0;0;0;0;0;0;0;0;0;0;0;0;0;0;0;0;0;0;0;30;30;20;45;30;30;20;45;30;31;20;45;30;30;20;45;200;215;100;300;200;213;100;300;200;208;100;300;200;208;100;300;30;30;20;45;30;30;20;45;30;31;20;45;30;30;20;45;200;230;100;300;200;229;100;300;200;144;100;300;200;145;100;300;4;2;0.4;6;4;5;0.4;6;4;2;0.4;6;4;5;0.4;6;4;3;0.4;6;4;5;0.4;6;4;2;0.4;6;4;5;0.4;6;NOK;NOK;OK;8000;7973;7500;9000;OK;6.81;0;8;12;NOK;N/A;1.85;N/A;N/A;N/A;9;12.9;7;18;OK;;0;0;0;-;Disabled;TempOk;3;230;35.4;35.9;35.4;0;349.9;441354200 daimler 6900-7200;441354200 daimler 6900-7200;441354200 daimler 6900-7200
20260325_04:25:14;0;3;1;930;919.6;890;970;OK;930;931.9;890;970;OK;933.6;932.7;-20;-17.6;-50;-25;NOK;-20;-17;-50;-25;NOK;-14.8;-15.9;0;-20;-17.7;-50;-25;NOK;300;311;300;565;OK;0;0;N/A;N/A;N/A;N/A;N/A;N/A;N/A;N/A;N/A;N/A;N/A;N/A;N/A;N/A;N/A;N/A;N/A;N/A;N/A;N/A;N/A;N/A;N/A;N/A;N/A;N/A;N/A;N/A;N/A;N/A;N/A;N/A;N/A;N/A;N/A;N/A;N/A;N/A;N/A;N/A;N/A;N/A;N/A;N/A;N/A;N/A;N/A;N/A;N/A;N/A;N/A;N/A;N/A;N/A;N/A;N/A;N/A;N/A;N/A;N/A;N/A;N/A;N/A;N/A;N/A;N/A;N/A;N/A;N/A;N/A;N/A;N/A;N/A;N/A;N/A;N/A;N/A;N/A;N/A;N/A;N/A;N/A;N/A;N/A;N/A;N/A;N/A;N/A;N/A;N/A;N/A;N/A;N/A;N/A;N/A;N/A;N/A;N/A;;0;283;0;0;;Disabled;TempStop;3;740;291.8;149.7;255.8;0;599.9;549.9;Enabled;PosOk;3;0;0.5;0;0;0;15;Disabled;0;0;0;0;0;0;0;0;0;0;0;0;0;0;0;0;0;0;0;0;0;0;0;0;0;0;0;0;0;0;0;0;0;0;0;0;0;0;0;0;0;0;0;0;0;0;0;0;0;0;0;0;0;0;0;0;0;0;0;0;0;0;0;0;0;0;0;0;0;0;30;30;20;45;30;30;20;45;30;30;20;45;30;30;20;45;200;215;100;300;200;213;100;300;200;207;100;300;200;208;100;300;30;30;20;45;30;30;20;45;30;31;20;45;30;30;20;45;200;231;100;300;200;229;100;300;200;144;100;300;200;145;100;300;4;2;0.4;6;4;5;0.4;6;4;2;0.4;6;4;5;0.4;6;4;3;0.4;6;4;5;0.4;6;4;3;0.4;6;4;5;0.4;6;NOK;NOK;OK;8000;8072;7500;9000;OK;6.81;0;8;12;NOK;N/A;1.86;N/A;N/A;N/A;9;12.8;7;18;OK;;0;0;0;-;Disabled;TempOk;3;230;35.2;34.9;35.9;0;349.9;441354200 daimler 6900-7200;441354200 daimler 6900-7200;441354200 daimler 6900-7200
20260325_04:25:50;0;1;2;930;919.1;890;970;OK;930;931.5;890;970;OK;932.6;932;-20;-16;-50;-25;NOK;-20;-16.3;-50;-25;NOK;-17.2;-17.5;0;-20;-15.9;-50;-25;NOK;300;311;300;565;OK;0;0;N/A;N/A;N/A;N/A;N/A;N/A;N/A;N/A;N/A;N/A;N/A;N/A;N/A;N/A;N/A;N/A;N/A;N/A;N/A;N/A;N/A;N/A;N/A;N/A;N/A;N/A;N/A;N/A;N/A;N/A;N/A;N/A;N/A;N/A;N/A;N/A;N/A;N/A;N/A;N/A;N/A;N/A;N/A;N/A;N/A;N/A;N/A;N/A;N/A;N/A;N/A;N/A;N/A;N/A;N/A;N/A;N/A;N/A;N/A;N/A;N/A;N/A;N/A;N/A;N/A;N/A;N/A;N/A;N/A;N/A;N/A;N/A;N/A;N/A;N/A;N/A;N/A;N/A;N/A;N/A;N/A;N/A;N/A;N/A;N/A;N/A;N/A;N/A;N/A;N/A;N/A;N/A;N/A;N/A;N/A;N/A;N/A;N/A;;0;283.5;0;0;;Disabled;TempStop;3;740;292.9;147.5;254.4;0;599.9;549.9;Enabled;PosOk;3;0;0.8;0;0;0;15;Disabled;0;0;0;0;0;0;0;0;0;0;0;0;0;0;0;0;0;0;0;0;0;0;0;0;0;0;0;0;0;0;0;0;0;0;0;0;0;0;0;0;0;0;0;0;0;0;0;0;0;0;0;0;0;0;0;0;0;0;0;0;0;0;0;0;0;0;0;0;0;0;30;30;20;45;30;30;20;45;30;30;20;45;30;30;20;45;200;216;100;300;200;212;100;300;200;207;100;300;200;208;100;300;30;30;20;45;30;30;20;45;30;31;20;45;30;30;20;45;200;230;100;300;200;230;100;300;200;144;100;300;200;145;100;300;4;2;0.4;6;4;5;0.4;6;4;2;0.4;6;4;5;0.4;6;4;3;0.4;6;4;5;0.4;6;4;2;0.4;6;4;5;0.4;6;NOK;NOK;OK;8000;7984;7500;9000;OK;6.82;0;8;12;NOK;N/A;1.85;N/A;N/A;N/A;9;12.7;7;18;OK;;0;0;0;-;Disabled;TempOk;3;230;36.4;35.4;35.7;0;349.9;441354200 daimler 6900-7200;441354200 daimler 6900-7200;441354200 daimler 6900-7200
20260325_04:26:26;0;3;2;930;918.8;890;970;OK;930;931.5;890;970;OK;932.7;931.9;-20;-17.7;-50;-25;NOK;-20;-17.9;-50;-25;NOK;-16.6;-17.6;0;-20;-17.5;-50;-25;NOK;300;311;300;565;OK;0;0;N/A;N/A;N/A;N/A;N/A;N/A;N/A;N/A;N/A;N/A;N/A;N/A;N/A;N/A;N/A;N/A;N/A;N/A;N/A;N/A;N/A;N/A;N/A;N/A;N/A;N/A;N/A;N/A;N/A;N/A;N/A;N/A;N/A;N/A;N/A;N/A;N/A;N/A;N/A;N/A;N/A;N/A;N/A;N/A;N/A;N/A;N/A;N/A;N/A;N/A;N/A;N/A;N/A;N/A;N/A;N/A;N/A;N/A;N/A;N/A;N/A;N/A;N/A;N/A;N/A;N/A;N/A;N/A;N/A;N/A;N/A;N/A;N/A;N/A;N/A;N/A;N/A;N/A;N/A;N/A;N/A;N/A;N/A;N/A;N/A;N/A;N/A;N/A;N/A;N/A;N/A;N/A;N/A;N/A;N/A;N/A;N/A;N/A;;0;284.3;0;0;;Disabled;TempStop;3;740;293.1;146.6;256.6;0;599.9;549.9;Enabled;PosOk;3;0;0;0;0;0;15;Disabled;0;0;0;0;0;0;0;0;0;0;0;0;0;0;0;0;0;0;0;0;0;0;0;0;0;0;0;0;0;0;0;0;0;0;0;0;0;0;0;0;0;0;0;0;0;0;0;0;0;0;0;0;0;0;0;0;0;0;0;0;0;0;0;0;0;0;0;0;0;0;30;30;20;45;30;30;20;45;30;31;20;45;30;30;20;45;200;216;100;300;200;213;100;300;200;208;100;300;200;207;100;300;30;30;20;45;30;30;20;45;30;31;20;45;30;30;20;45;200;231;100;300;200;230;100;300;200;145;100;300;200;145;100;300;4;2;0.4;6;4;5;0.4;6;4;2;0.4;6;4;5;0.4;6;4;3;0.4;6;4;5;0.4;6;4;2;0.4;6;4;5;0.4;6;NOK;NOK;OK;8000;8056;7500;9000;OK;6.81;0;8;12;NOK;N/A;1.86;N/A;N/A;N/A;9;12.7;7;18;OK;;0;0;0;-;Disabled;TempOk;3;230;36.4;35.7;36.7;0;349.9;441354200 daimler 6900-7200;441354200 daimler 6900-7200;441354200 daimler 6900-7200
20260325_04:27:02;0;1;3;930;919.4;890;970;OK;930;931.2;890;970;OK;932.2;931.6;-20;-15.8;-50;-25;NOK;-20;-16.2;-50;-25;NOK;-18.6;-18.2;0;-20;-15.7;-50;-25;NOK;300;311;300;565;OK;0;0;N/A;N/A;N/A;N/A;N/A;N/A;N/A;N/A;N/A;N/A;N/A;N/A;N/A;N/A;N/A;N/A;N/A;N/A;N/A;N/A;N/A;N/A;N/A;N/A;N/A;N/A;N/A;N/A;N/A;N/A;N/A;N/A;N/A;N/A;N/A;N/A;N/A;N/A;N/A;N/A;N/A;N/A;N/A;N/A;N/A;N/A;N/A;N/A;N/A;N/A;N/A;N/A;N/A;N/A;N/A;N/A;N/A;N/A;N/A;N/A;N/A;N/A;N/A;N/A;N/A;N/A;N/A;N/A;N/A;N/A;N/A;N/A;N/A;N/A;N/A;N/A;N/A;N/A;N/A;N/A;N/A;N/A;N/A;N/A;N/A;N/A;N/A;N/A;N/A;N/A;N/A;N/A;N/A;N/A;N/A;N/A;N/A;N/A;;0;284;0;0;;Disabled;TempStop;3;740;295.3;148.6;257;0;599.9;549.9;Enabled;PosOk;3;0;0;0;0;0;15;Disabled;0;0;0;0;0;0;0;0;0;0;0;0;0;0;0;0;0;0;0;0;0;0;0;0;0;0;0;0;0;0;0;0;0;0;0;0;0;0;0;0;0;0;0;0;0;0;0;0;0;0;0;0;0;0;0;0;0;0;0;0;0;0;0;0;0;0;0;0;26;33;30;30;20;45;30;30;20;45;30;30;20;45;30;30;20;45;200;216;100;300;200;213;100;300;200;208;100;300;200;208;100;300;30;30;20;45;30;30;20;45;30;31;20;45;30;30;20;45;200;231;100;300;200;230;100;300;200;144;100;300;200;146;100;300;4;3;0.4;6;4;5;0.4;6;4;2;0.4;6;4;5;0.4;6;4;3;0.4;6;4;5;0.4;6;4;3;0.4;6;4;5;0.4;6;NOK;NOK;OK;8000;7970;7500;9000;OK;6.81;0;8;12;NOK;N/A;1.86;N/A;N/A;N/A;9;12.6;7;18;OK;;0;0;0;-;Disabled;TempOk;3;230;36.2;35.7;36.2;0;349.9;441354200 daimler 6900-7200;441354200 daimler 6900-7200;441354200 daimler 6900-7200
20260325_04:27:37;0;3;3;930;919.2;890;970;OK;930;931.3;890;970;OK;932.5;932.1;-20;-17.1;-50;-25;NOK;-20;-16.9;-50;-25;NOK;-15;-16.1;0;-20;-17.1;-50;-25;NOK;300;311;300;565;OK;0;0;N/A;N/A;N/A;N/A;N/A;N/A;N/A;N/A;N/A;N/A;N/A;N/A;N/A;N/A;N/A;N/A;N/A;N/A;N/A;N/A;N/A;N/A;N/A;N/A;N/A;N/A;N/A;N/A;N/A;N/A;N/A;N/A;N/A;N/A;N/A;N/A;N/A;N/A;N/A;N/A;N/A;N/A;N/A;N/A;N/A;N/A;N/A;N/A;N/A;N/A;N/A;N/A;N/A;N/A;N/A;N/A;N/A;N/A;N/A;N/A;N/A;N/A;N/A;N/A;N/A;N/A;N/A;N/A;N/A;N/A;N/A;N/A;N/A;N/A;N/A;N/A;N/A;N/A;N/A;N/A;N/A;N/A;N/A;N/A;N/A;N/A;N/A;N/A;N/A;N/A;N/A;N/A;N/A;N/A;N/A;N/A;N/A;N/A;;0;283.3;0;0;;Disabled;TempStop;3;740;292.4;147.1;258.1;0;599.9;549.9;Enabled;PosOk;3;0;1.4;0;0;0;15;Disabled;0;0;0;0;0;0;0;0;0;0;0;0;0;0;0;0;0;0;0;0;0;0;0;0;0;0;0;0;0;0;0;0;0;0;0;0;0;0;0;0;0;0;0;0;0;0;0;0;0;0;0;0;0;0;0;0;0;0;0;0;0;0;0;0;0;0;0;0;0;0;30;30;20;45;30;30;20;45;30;30;20;45;30;30;20;45;200;215;100;300;200;214;100;300;200;208;100;300;200;208;100;300;30;30;20;45;30;30;20;45;30;31;20;45;30;30;20;45;200;232;100;300;200;229;100;300;200;144;100;300;200;145;100;300;4;2;0.4;6;4;5;0.4;6;4;2;0.4;6;4;5;0.4;6;4;3;0.4;6;4;5;0.4;6;4;2;0.4;6;4;5;0.4;6;NOK;NOK;OK;8000;8079;7500;9000;OK;6.82;0;8;12;NOK;N/A;1.85;N/A;N/A;N/A;9;12.6;7;18;OK;;0;0;0;-;Disabled;TempOk;3;230;36.4;35.9;36.2;0;349.9;441354200 daimler 6900-7200;441354200 daimler 6900-7200;441354200 daimler 6900-7200
20260325_04:28:13;0;1;4;930;918.5;890;970;OK;930;931.2;890;970;OK;932.1;931.9;-20;-14.2;-50;-25;NOK;-20;-14.6;-50;-25;NOK;-16.8;-16.3;0;-20;-14.2;-50;-25;NOK;300;311;300;565;OK;0;0;N/A;N/A;N/A;N/A;N/A;N/A;N/A;N/A;N/A;N/A;N/A;N/A;N/A;N/A;N/A;N/A;N/A;N/A;N/A;N/A;N/A;N/A;N/A;N/A;N/A;N/A;N/A;N/A;N/A;N/A;N/A;N/A;N/A;N/A;N/A;N/A;N/A;N/A;N/A;N/A;N/A;N/A;N/A;N/A;N/A;N/A;N/A;N/A;N/A;N/A;N/A;N/A;N/A;N/A;N/A;N/A;N/A;N/A;N/A;N/A;N/A;N/A;N/A;N/A;N/A;N/A;N/A;N/A;N/A;N/A;N/A;N/A;N/A;N/A;N/A;N/A;N/A;N/A;N/A;N/A;N/A;N/A;N/A;N/A;N/A;N/A;N/A;N/A;N/A;N/A;N/A;N/A;N/A;N/A;N/A;N/A;N/A;N/A;;0;283.4;0;0;;Disabled;TempStop;3;740;293.4;151;256.2;0;599.9;549.9;Enabled;PosOk;3;0;0;0;0;0;15;Disabled;0;0;0;0;0;0;0;0;0;0;0;0;0;0;0;0;0;0;0;0;0;0;0;0;0;0;0;0;0;0;0;0;0;0;0;0;0;0;0;0;0;0;0;0;0;0;0;0;0;0;0;0;0;0;0;0;0;0;0;0;0;0;0;0;0;0;0;0;27;45;30;30;20;45;30;30;20;45;30;30;20;45;30;30;20;45;200;215;100;300;200;213;100;300;200;208;100;300;200;208;100;300;30;30;20;45;30;30;20;45;30;31;20;45;30;30;20;45;200;231;100;300;200;229;100;300;200;144;100;300;200;146;100;300;4;2;0.4;6;4;5;0.4;6;4;2;0.4;6;4;5;0.4;6;4;3;0.4;6;4;5;0.4;6;4;2;0.4;6;4;5;0.4;6;NOK;NOK;OK;8000;7970;7500;9000;OK;6.81;0;8;12;NOK;N/A;1.85;N/A;N/A;N/A;9;13.2;7;18;OK;;0;0;0;-;Disabled;TempOk;3;230;35.4;35.4;35.7;0;349.9;441354200 daimler 6900-7200;441354200 daimler 6900-7200;441354200 daimler 6900-7200
20260325_04:28:49;0;3;4;930;919.1;890;970;OK;930;931.5;890;970;OK;932.1;931.8;-20;-16;-50;-25;NOK;-20;-17.1;-50;-25;NOK;-19.4;-19.2;0;-20;-15.9;-50;-25;NOK;300;311;300;565;OK;0;0;N/A;N/A;N/A;N/A;N/A;N/A;N/A;N/A;N/A;N/A;N/A;N/A;N/A;N/A;N/A;N/A;N/A;N/A;N/A;N/A;N/A;N/A;N/A;N/A;N/A;N/A;N/A;N/A;N/A;N/A;N/A;N/A;N/A;N/A;N/A;N/A;N/A;N/A;N/A;N/A;N/A;N/A;N/A;N/A;N/A;N/A;N/A;N/A;N/A;N/A;N/A;N/A;N/A;N/A;N/A;N/A;N/A;N/A;N/A;N/A;N/A;N/A;N/A;N/A;N/A;N/A;N/A;N/A;N/A;N/A;N/A;N/A;N/A;N/A;N/A;N/A;N/A;N/A;N/A;N/A;N/A;N/A;N/A;N/A;N/A;N/A;N/A;N/A;N/A;N/A;N/A;N/A;N/A;N/A;N/A;N/A;N/A;N/A;;0;282.4;0;0;;Disabled;TempStop;3;740;293.8;153.3;255.3;0;599.9;549.9;Enabled;PosOk;3;0;0.1;0;0;0;15;Disabled;0;0;0;0;0;0;0;0;0;0;0;0;0;0;0;0;0;0;0;0;0;0;0;0;0;0;0;0;0;0;0;0;0;0;0;0;0;0;0;0;0;0;0;0;0;0;0;0;0;0;0;0;0;0;0;0;0;0;0;0;0;0;0;0;0;0;0;0;0;0;30;30;20;45;30;30;20;45;30;30;20;45;30;30;20;45;200;216;100;300;200;213;100;300;200;208;100;300;200;207;100;300;30;30;20;45;30;30;20;45;30;31;20;45;30;30;20;45;200;231;100;300;200;229;100;300;200;144;100;300;200;145;100;300;4;2;0.4;6;4;5;0.4;6;4;2;0.4;6;4;5;0.4;6;4;2;0.4;6;4;5;0.4;6;4;3;0.4;6;4;5;0.4;6;NOK;NOK;OK;8000;8082;7500;9000;OK;6.82;0;8;12;NOK;N/A;1.85;N/A;N/A;N/A;9;13.3;7;18;OK;;0;0;0;-;Disabled;TempOk;3;230;36.9;35.7;35.9;0;349.9;441354200 daimler 6900-7200;441354200 daimler 6900-7200;441354200 daimler 6900-7200
20260325_04:29:25;0;3;5;930;921.4;890;970;OK;930;930.6;890;970;OK;931.6;931;-20;-19.9;-50;-25;NOK;-20;-20;-50;-25;NOK;-19.7;-20.3;0;-20;-19.7;-50;-25;NOK;300;311;300;565;OK;0;0;N/A;N/A;N/A;N/A;N/A;N/A;N/A;N/A;N/A;N/A;N/A;N/A;N/A;N/A;N/A;N/A;N/A;N/A;N/A;N/A;N/A;N/A;N/A;N/A;N/A;N/A;N/A;N/A;N/A;N/A;N/A;N/A;N/A;N/A;N/A;N/A;N/A;N/A;N/A;N/A;N/A;N/A;N/A;N/A;N/A;N/A;N/A;N/A;N/A;N/A;N/A;N/A;N/A;N/A;N/A;N/A;N/A;N/A;N/A;N/A;N/A;N/A;N/A;N/A;N/A;N/A;N/A;N/A;N/A;N/A;N/A;N/A;N/A;N/A;N/A;N/A;N/A;N/A;N/A;N/A;N/A;N/A;N/A;N/A;N/A;N/A;N/A;N/A;N/A;N/A;N/A;N/A;N/A;N/A;N/A;N/A;N/A;N/A;;0;282.1;0;0;;Disabled;TempStop;3;740;292.1;150.6;255.7;0;599.9;549.9;Enabled;PosOk;3;0;0.7;0;0;0;15;Disabled;0;0;0;0;0;0;0;0;0;0;0;0;0;0;0;0;0;0;0;0;0;0;0;0;0;0;0;0;0;0;0;0;0;0;0;0;0;0;0;0;0;0;0;0;0;0;0;0;0;0;0;0;0;0;0;0;0;0;0;0;0;0;0;0;0;0;0;0;0;0;30;30;20;45;30;30;20;45;30;30;20;45;30;30;20;45;200;215;100;300;200;213;100;300;200;208;100;300;200;208;100;300;30;30;20;45;30;30;20;45;30;31;20;45;30;30;20;45;200;230;100;300;200;230;100;300;200;144;100;300;200;145;100;300;4;2;0.4;6;4;5;0.4;6;4;2;0.4;6;4;5;0.4;6;4;3;0.4;6;4;5;0.4;6;4;2;0.4;6;4;5;0.4;6;NOK;NOK;OK;8000;7982;7500;9000;OK;6.82;0;8;12;NOK;N/A;1.85;N/A;N/A;N/A;9;13.3;7;18;OK;;0;0;0;-;Disabled;TempOk;3;230;37.9;36.4;36.2;0;349.9;441354200 daimler 6900-7200;441354200 daimler 6900-7200;441354200 daimler 6900-7200
20260325_04:30:01;0;1;1;930;919.7;890;970;OK;930;931.6;890;970;OK;932.2;931.8;-20;-18.1;-50;-25;NOK;-20;-17.9;-50;-25;NOK;-17.4;-17.3;0;-20;-18.2;-50;-25;NOK;300;311;300;565;OK;0;0;N/A;N/A;N/A;N/A;N/A;N/A;N/A;N/A;N/A;N/A;N/A;N/A;N/A;N/A;N/A;N/A;N/A;N/A;N/A;N/A;N/A;N/A;N/A;N/A;N/A;N/A;N/A;N/A;N/A;N/A;N/A;N/A;N/A;N/A;N/A;N/A;N/A;N/A;N/A;N/A;N/A;N/A;N/A;N/A;N/A;N/A;N/A;N/A;N/A;N/A;N/A;N/A;N/A;N/A;N/A;N/A;N/A;N/A;N/A;N/A;N/A;N/A;N/A;N/A;N/A;N/A;N/A;N/A;N/A;N/A;N/A;N/A;N/A;N/A;N/A;N/A;N/A;N/A;N/A;N/A;N/A;N/A;N/A;N/A;N/A;N/A;N/A;N/A;N/A;N/A;N/A;N/A;N/A;N/A;N/A;N/A;N/A;N/A;;0;287.4;0;0;;Disabled;TempStop;3;740;296.9;155.9;257.2;0;599.9;549.9;Enabled;PosOk;3;0;0;0;0;0;15;Disabled;0;0;0;0;0;0;0;0;0;0;0;0;0;0;0;0;0;0;0;0;0;0;0;0;0;0;0;0;0;0;0;0;0;0;0;0;0;0;0;0;0;0;0;0;0;0;0;0;0;0;0;0;0;0;0;0;0;0;0;0;0;0;0;0;0;0;0;0;0;0;30;30;20;45;30;30;20;45;30;31;20;45;30;30;20;45;200;215;100;300;200;214;100;300;200;207;100;300;200;208;100;300;30;30;20;45;30;30;20;45;30;31;20;45;30;30;20;45;200;231;100;300;200;229;100;300;200;145;100;300;200;145;100;300;4;2;0.4;6;4;5;0.4;6;4;3;0.4;6;4;5;0.4;6;4;3;0.4;6;4;5;0.4;6;4;3;0.4;6;4;5;0.4;6;NOK;NOK;OK;8000;8080;7500;9000;OK;6.81;0;8;12;NOK;N/A;1.85;N/A;N/A;N/A;9;13.3;7;18;OK;;0;0;0;-;Disabled;TempOk;3;230;35.7;35.7;35.9;0;349.9;441354200 daimler 6900-7200;441354200 daimler 6900-7200;441354200 daimler 6900-7200
20260325_04:30:37;0;3;1;930;919.2;890;970;OK;930;931.7;890;970;OK;933.7;932.7;-20;-17.3;-50;-25;NOK;-20;-17;-50;-25;NOK;-14.8;-15.9;0;-20;-17.4;-50;-25;NOK;300;311;300;565;OK;0;0;N/A;N/A;N/A;N/A;N/A;N/A;N/A;N/A;N/A;N/A;N/A;N/A;N/A;N/A;N/A;N/A;N/A;N/A;N/A;N/A;N/A;N/A;N/A;N/A;N/A;N/A;N/A;N/A;N/A;N/A;N/A;N/A;N/A;N/A;N/A;N/A;N/A;N/A;N/A;N/A;N/A;N/A;N/A;N/A;N/A;N/A;N/A;N/A;N/A;N/A;N/A;N/A;N/A;N/A;N/A;N/A;N/A;N/A;N/A;N/A;N/A;N/A;N/A;N/A;N/A;N/A;N/A;N/A;N/A;N/A;N/A;N/A;N/A;N/A;N/A;N/A;N/A;N/A;N/A;N/A;N/A;N/A;N/A;N/A;N/A;N/A;N/A;N/A;N/A;N/A;N/A;N/A;N/A;N/A;N/A;N/A;N/A;N/A;;0;283.9;0;0;;Disabled;TempStop;3;740;293.3;149.3;255.9;0;599.9;549.9;Enabled;PosOk;3;0;0.5;0;0;0;15;Disabled;0;0;0;0;0;0;0;0;0;0;0;0;0;0;0;0;0;0;0;0;0;0;0;0;0;0;0;0;0;0;0;0;0;0;0;0;0;0;0;0;0;0;0;0;0;0;0;0;0;0;0;0;0;0;0;0;0;0;0;0;0;0;0;0;0;0;0;0;0;0;30;30;20;45;30;29;20;45;30;30;20;45;30;29;20;45;200;215;100;300;200;213;100;300;200;208;100;300;200;208;100;300;30;30;20;45;30;29;20;45;30;30;20;45;30;30;20;45;200;231;100;300;200;229;100;300;200;144;100;300;200;145;100;300;4;2;0.4;6;4;5;0.4;6;4;2;0.4;6;4;5;0.4;6;4;3;0.4;6;4;5;0.4;6;4;3;0.4;6;4;5;0.4;6;NOK;NOK;OK;8000;8087;7500;9000;OK;6.82;0;8;12;NOK;N/A;1.85;N/A;N/A;N/A;9;13.5;7;18;OK;;0;0;0;-;Disabled;TempOk;3;230;36.4;35.7;36.2;0;349.9;441354200 daimler 6900-7200;441354200 daimler 6900-7200;441354200 daimler 6900-7200
20260325_04:31:13;0;1;2;930;919.3;890;970;OK;930;931.5;890;970;OK;932.5;931.9;-20;-15.7;-50;-25;NOK;-20;-16.1;-50;-25;NOK;-16.8;-17.3;0;-20;-15.7;-50;-25;NOK;300;311;300;565;OK;0;0;N/A;N/A;N/A;N/A;N/A;N/A;N/A;N/A;N/A;N/A;N/A;N/A;N/A;N/A;N/A;N/A;N/A;N/A;N/A;N/A;N/A;N/A;N/A;N/A;N/A;N/A;N/A;N/A;N/A;N/A;N/A;N/A;N/A;N/A;N/A;N/A;N/A;N/A;N/A;N/A;N/A;N/A;N/A;N/A;N/A;N/A;N/A;N/A;N/A;N/A;N/A;N/A;N/A;N/A;N/A;N/A;N/A;N/A;N/A;N/A;N/A;N/A;N/A;N/A;N/A;N/A;N/A;N/A;N/A;N/A;N/A;N/A;N/A;N/A;N/A;N/A;N/A;N/A;N/A;N/A;N/A;N/A;N/A;N/A;N/A;N/A;N/A;N/A;N/A;N/A;N/A;N/A;N/A;N/A;N/A;N/A;N/A;N/A;;0;284.1;0;0;;Disabled;TempStop;3;740;293.5;150.9;255.4;0;599.9;549.9;Enabled;PosOk;3;0;0.5;0;0;0;15;Disabled;0;0;0;0;0;0;0;0;0;0;0;0;0;0;0;0;0;0;0;0;0;0;0;0;0;0;0;0;0;0;0;0;0;0;0;0;0;0;0;0;0;0;0;0;0;0;0;0;0;0;0;0;0;0;0;0;0;0;0;0;0;0;0;0;0;0;0;0;0;0;30;30;20;45;30;30;20;45;30;30;20;45;30;30;20;45;200;215;100;300;200;213;100;300;200;207;100;300;200;208;100;300;30;30;20;45;30;30;20;45;30;31;20;45;30;30;20;45;200;231;100;300;200;229;100;300;200;144;100;300;200;145;100;300;4;2;0.4;6;4;5;0.4;6;4;3;0.4;6;4;5;0.4;6;4;3;0.4;6;4;5;0.4;6;4;3;0.4;6;4;5;0.4;6;NOK;NOK;OK;8000;8070;7500;9000;OK;6.81;0;8;12;NOK;N/A;1.86;N/A;N/A;N/A;9;13.5;7;18;OK;;0;0;0;-;Disabled;TempOk;3;230;35.7;35.2;35.7;0;349.9;441354200 daimler 6900-7200;441354200 daimler 6900-7200;441354200 daimler 6900-7200
20260325_04:31:49;0;3;2;930;918.8;890;970;OK;930;931.6;890;970;OK;932.8;932.1;-20;-17.4;-50;-25;NOK;-20;-17.9;-50;-25;NOK;-16.5;-17.6;0;-20;-17.2;-50;-25;NOK;300;311;300;565;OK;0;0;N/A;N/A;N/A;N/A;N/A;N/A;N/A;N/A;N/A;N/A;N/A;N/A;N/A;N/A;N/A;N/A;N/A;N/A;N/A;N/A;N/A;N/A;N/A;N/A;N/A;N/A;N/A;N/A;N/A;N/A;N/A;N/A;N/A;N/A;N/A;N/A;N/A;N/A;N/A;N/A;N/A;N/A;N/A;N/A;N/A;N/A;N/A;N/A;N/A;N/A;N/A;N/A;N/A;N/A;N/A;N/A;N/A;N/A;N/A;N/A;N/A;N/A;N/A;N/A;N/A;N/A;N/A;N/A;N/A;N/A;N/A;N/A;N/A;N/A;N/A;N/A;N/A;N/A;N/A;N/A;N/A;N/A;N/A;N/A;N/A;N/A;N/A;N/A;N/A;N/A;N/A;N/A;N/A;N/A;N/A;N/A;N/A;N/A;;0;282.4;0;0;;Disabled;TempStop;3;740;291.6;146.2;254.3;0;599.9;549.9;Enabled;PosOk;3;0;0;0;0;0;15;Disabled;0;0;0;0;0;0;0;0;0;0;0;0;0;0;0;0;0;0;0;0;0;0;0;0;0;0;0;0;0;0;0;0;0;0;0;0;0;0;0;0;0;0;0;0;0;0;0;0;0;0;0;0;0;0;0;0;0;0;0;0;0;0;0;0;0;0;0;0;0;0;30;30;20;45;30;30;20;45;30;30;20;45;30;30;20;45;200;215;100;300;200;212;100;300;200;208;100;300;200;208;100;300;30;30;20;45;30;30;20;45;30;31;20;45;30;30;20;45;200;230;100;300;200;229;100;300;200;144;100;300;200;145;100;300;4;3;0.4;6;4;5;0.4;6;4;2;0.4;6;4;5;0.4;6;4;3;0.4;6;4;5;0.4;6;4;2;0.4;6;4;5;0.4;6;NOK;NOK;OK;8000;8068;7500;9000;OK;6.81;0;8;12;NOK;N/A;1.85;N/A;N/A;N/A;9;13.1;7;18;OK;;0;0;0;-;Disabled;TempOk;3;230;36.7;36.2;36.2;0;349.9;441354200 daimler 6900-7200;441354200 daimler 6900-7200;441354200 daimler 6900-7200
20260325_04:32:25;0;1;3;930;919.9;890;970;OK;930;931.1;890;970;OK;932.5;931.8;-20;-15.6;-50;-25;NOK;-20;-16.3;-50;-25;NOK;-18.5;-18.1;0;-20;-15.5;-50;-25;NOK;300;311;300;565;OK;0;0;N/A;N/A;N/A;N/A;N/A;N/A;N/A;N/A;N/A;N/A;N/A;N/A;N/A;N/A;N/A;N/A;N/A;N/A;N/A;N/A;N/A;N/A;N/A;N/A;N/A;N/A;N/A;N/A;N/A;N/A;N/A;N/A;N/A;N/A;N/A;N/A;N/A;N/A;N/A;N/A;N/A;N/A;N/A;N/A;N/A;N/A;N/A;N/A;N/A;N/A;N/A;N/A;N/A;N/A;N/A;N/A;N/A;N/A;N/A;N/A;N/A;N/A;N/A;N/A;N/A;N/A;N/A;N/A;N/A;N/A;N/A;N/A;N/A;N/A;N/A;N/A;N/A;N/A;N/A;N/A;N/A;N/A;N/A;N/A;N/A;N/A;N/A;N/A;N/A;N/A;N/A;N/A;N/A;N/A;N/A;N/A;N/A;N/A;;0;284.6;0;0;;Disabled;TempStop;3;740;295.5;152;256.8;0;599.9;549.9;Enabled;PosOk;3;0;0.5;0;0;0;15;Disabled;0;0;0;0;0;0;0;0;0;0;0;0;0;0;0;0;0;0;0;0;0;0;0;0;0;0;0;0;0;0;0;0;0;0;0;0;0;0;0;0;0;0;0;0;0;0;0;0;0;0;0;0;0;0;0;0;0;0;0;0;0;0;0;0;0;0;0;0;31;56;30;30;20;45;30;30;20;45;30;30;20;45;30;30;20;45;200;215;100;300;200;213;100;300;200;208;100;300;200;208;100;300;30;30;20;45;30;30;20;45;30;31;20;45;30;30;20;45;200;231;100;300;200;229;100;300;200;144;100;300;200;145;100;300;4;2;0.4;6;4;5;0.4;6;4;2;0.4;6;4;5;0.4;6;4;3;0.4;6;4;5;0.4;6;4;3;0.4;6;4;5;0.4;6;NOK;NOK;OK;8000;8081;7500;9000;OK;6.82;0;8;12;NOK;N/A;1.85;N/A;N/A;N/A;9;13;7;18;OK;;0;0;0;-;Disabled;TempOk;3;230;35.9;35.7;36.2;0;349.9;441354200 daimler 6900-7200;441354200 daimler 6900-7200;441354200 daimler 6900-7200
20260325_04:33:01;0;3;3;930;918.7;890;970;OK;930;931.5;890;970;OK;932.6;931.9;-20;-16.9;-50;-25;NOK;-20;-16.9;-50;-25;NOK;-15.1;-16.1;0;-20;-16.9;-50;-25;NOK;300;311;300;565;OK;0;0;N/A;N/A;N/A;N/A;N/A;N/A;N/A;N/A;N/A;N/A;N/A;N/A;N/A;N/A;N/A;N/A;N/A;N/A;N/A;N/A;N/A;N/A;N/A;N/A;N/A;N/A;N/A;N/A;N/A;N/A;N/A;N/A;N/A;N/A;N/A;N/A;N/A;N/A;N/A;N/A;N/A;N/A;N/A;N/A;N/A;N/A;N/A;N/A;N/A;N/A;N/A;N/A;N/A;N/A;N/A;N/A;N/A;N/A;N/A;N/A;N/A;N/A;N/A;N/A;N/A;N/A;N/A;N/A;N/A;N/A;N/A;N/A;N/A;N/A;N/A;N/A;N/A;N/A;N/A;N/A;N/A;N/A;N/A;N/A;N/A;N/A;N/A;N/A;N/A;N/A;N/A;N/A;N/A;N/A;N/A;N/A;N/A;N/A;;0;282.6;0;0;;Disabled;TempStop;3;740;291.1;151.2;252.1;0;599.9;549.9;Enabled;PosOk;3;0;1;0;0;0;15;Disabled;0;0;0;0;0;0;0;0;0;0;0;0;0;0;0;0;0;0;0;0;0;0;0;0;0;0;0;0;0;0;0;0;0;0;0;0;0;0;0;0;0;0;0;0;0;0;0;0;0;0;0;0;0;0;0;0;0;0;0;0;0;0;0;0;0;0;0;0;0;0;30;30;20;45;30;30;20;45;30;30;20;45;30;30;20;45;200;216;100;300;200;213;100;300;200;208;100;300;200;208;100;300;30;30;20;45;30;30;20;45;30;31;20;45;30;30;20;45;200;231;100;300;200;230;100;300;200;144;100;300;200;146;100;300;4;3;0.4;6;4;5;0.4;6;4;2;0.4;6;4;5;0.4;6;4;3;0.4;6;4;5;0.4;6;4;3;0.4;6;4;5;0.4;6;NOK;NOK;OK;8000;7977;7500;9000;OK;6.81;0;8;12;NOK;N/A;1.89;N/A;N/A;N/A;9;13.1;7;18;OK;;0;0;0;-;Disabled;TempOk;3;230;36.2;35.4;36.2;0;349.9;441354200 daimler 6900-7200;441354200 daimler 6900-7200;441354200 daimler 6900-7200
20260325_04:33:37;0;1;4;930;918.5;890;970;OK;930;931.3;890;970;OK;932.2;931.7;-20;-14.2;-50;-25;NOK;-20;-14.6;-50;-25;NOK;-16.8;-16.3;0;-20;-14;-50;-25;NOK;300;311;300;565;OK;0;0;N/A;N/A;N/A;N/A;N/A;N/A;N/A;N/A;N/A;N/A;N/A;N/A;N/A;N/A;N/A;N/A;N/A;N/A;N/A;N/A;N/A;N/A;N/A;N/A;N/A;N/A;N/A;N/A;N/A;N/A;N/A;N/A;N/A;N/A;N/A;N/A;N/A;N/A;N/A;N/A;N/A;N/A;N/A;N/A;N/A;N/A;N/A;N/A;N/A;N/A;N/A;N/A;N/A;N/A;N/A;N/A;N/A;N/A;N/A;N/A;N/A;N/A;N/A;N/A;N/A;N/A;N/A;N/A;N/A;N/A;N/A;N/A;N/A;N/A;N/A;N/A;N/A;N/A;N/A;N/A;N/A;N/A;N/A;N/A;N/A;N/A;N/A;N/A;N/A;N/A;N/A;N/A;N/A;N/A;N/A;N/A;N/A;N/A;;0;283.7;0;0;;Disabled;TempStop;3;740;294.1;150.6;255.8;0;599.9;549.9;Enabled;PosOk;3;0;0;0;0;0;15;Disabled;0;0;0;0;0;0;0;0;0;0;0;0;0;0;0;0;0;0;0;0;0;0;0;0;0;0;0;0;0;0;0;0;0;0;0;0;0;0;0;0;0;0;0;0;0;0;0;0;0;0;0;0;0;0;0;0;0;0;0;0;0;0;0;0;0;0;0;0;33;8;30;30;20;45;30;30;20;45;30;31;20;45;30;30;20;45;200;215;100;300;200;213;100;300;200;208;100;300;200;208;100;300;30;30;20;45;30;30;20;45;30;31;20;45;30;30;20;45;200;231;100;300;200;229;100;300;200;144;100;300;200;145;100;300;4;2;0.4;6;4;5;0.4;6;4;2;0.4;6;4;5;0.4;6;4;3;0.4;6;4;5;0.4;6;4;3;0.4;6;4;5;0.4;6;NOK;NOK;OK;8000;8076;7500;9000;OK;6.81;0;8;12;NOK;N/A;1.85;N/A;N/A;N/A;9;13;7;18;OK;;0;0;0;-;Disabled;TempOk;3;230;35.9;35.7;35.9;0;349.9;441354200 daimler 6900-7200;441354200 daimler 6900-7200;441354200 daimler 6900-7200
20260325_04:34:13;0;3;4;930;919.1;890;970;OK;930;931.4;890;970;OK;932.2;931.7;-20;-16.1;-50;-25;NOK;-20;-16.9;-50;-25;NOK;-19.3;-19.2;0;-20;-15.8;-50;-25;NOK;300;311;300;565;OK;0;0;N/A;N/A;N/A;N/A;N/A;N/A;N/A;N/A;N/A;N/A;N/A;N/A;N/A;N/A;N/A;N/A;N/A;N/A;N/A;N/A;N/A;N/A;N/A;N/A;N/A;N/A;N/A;N/A;N/A;N/A;N/A;N/A;N/A;N/A;N/A;N/A;N/A;N/A;N/A;N/A;N/A;N/A;N/A;N/A;N/A;N/A;N/A;N/A;N/A;N/A;N/A;N/A;N/A;N/A;N/A;N/A;N/A;N/A;N/A;N/A;N/A;N/A;N/A;N/A;N/A;N/A;N/A;N/A;N/A;N/A;N/A;N/A;N/A;N/A;N/A;N/A;N/A;N/A;N/A;N/A;N/A;N/A;N/A;N/A;N/A;N/A;N/A;N/A;N/A;N/A;N/A;N/A;N/A;N/A;N/A;N/A;N/A;N/A;;0;282.7;0;0;;Disabled;TempStop;3;740;293.2;152.6;255.5;0;599.9;549.9;Enabled;PosOk;3;0;0.1;0;0;0;15;Disabled;0;0;0;0;0;0;0;0;0;0;0;0;0;0;0;0;0;0;0;0;0;0;0;0;0;0;0;0;0;0;0;0;0;0;0;0;0;0;0;0;0;0;0;0;0;0;0;0;0;0;0;0;0;0;0;0;0;0;0;0;0;0;0;0;0;0;0;0;0;0;30;30;20;45;30;30;20;45;30;31;20;45;30;30;20;45;200;214;100;300;200;213;100;300;200;207;100;300;200;207;100;300;30;30;20;45;30;30;20;45;30;31;20;45;30;30;20;45;200;231;100;300;200;229;100;300;200;144;100;300;200;145;100;300;4;3;0.4;6;4;5;0.4;6;4;2;0.4;6;4;5;0.4;6;4;3;0.4;6;4;5;0.4;6;4;2;0.4;6;4;5;0.4;6;NOK;NOK;OK;8000;8069;7500;9000;OK;6.81;0;8;12;NOK;N/A;1.85;N/A;N/A;N/A;9;12.9;7;18;OK;;0;0;0;-;Disabled;TempOk;3;230;35.9;35.4;35.7;0;349.9;441354200 daimler 6900-7200;441354200 daimler 6900-7200;441354200 daimler 6900-7200
20260325_04:34:49;0;3;5;930;920.6;890;970;OK;930;930.9;890;970;OK;932;931.4;-20;-19.7;-50;-25;NOK;-20;-19.8;-50;-25;NOK;-19.8;-20.3;0;-20;-19.5;-50;-25;NOK;300;311;300;565;OK;0;0;N/A;N/A;N/A;N/A;N/A;N/A;N/A;N/A;N/A;N/A;N/A;N/A;N/A;N/A;N/A;N/A;N/A;N/A;N/A;N/A;N/A;N/A;N/A;N/A;N/A;N/A;N/A;N/A;N/A;N/A;N/A;N/A;N/A;N/A;N/A;N/A;N/A;N/A;N/A;N/A;N/A;N/A;N/A;N/A;N/A;N/A;N/A;N/A;N/A;N/A;N/A;N/A;N/A;N/A;N/A;N/A;N/A;N/A;N/A;N/A;N/A;N/A;N/A;N/A;N/A;N/A;N/A;N/A;N/A;N/A;N/A;N/A;N/A;N/A;N/A;N/A;N/A;N/A;N/A;N/A;N/A;N/A;N/A;N/A;N/A;N/A;N/A;N/A;N/A;N/A;N/A;N/A;N/A;N/A;N/A;N/A;N/A;N/A;;0;281.4;0;0;;Disabled;TempStop;3;740;290.6;145.6;253.4;0;599.9;549.9;Enabled;PosOk;3;0;0.7;0;0;0;15;Disabled;0;0;0;0;0;0;0;0;0;0;0;0;0;0;0;0;0;0;0;0;0;0;0;0;0;0;0;0;0;0;0;0;0;0;0;0;0;0;0;0;0;0;0;0;0;0;0;0;0;0;0;0;0;0;0;0;0;0;0;0;0;0;0;0;0;0;0;0;0;0;30;30;20;45;30;30;20;45;30;31;20;45;30;30;20;45;200;215;100;300;200;213;100;300;200;208;100;300;200;207;100;300;30;30;20;45;30;30;20;45;30;31;20;45;30;30;20;45;200;230;100;300;200;229;100;300;200;144;100;300;200;145;100;300;4;2;0.4;6;4;5;0.4;6;4;2;0.4;6;4;5;0.4;6;4;3;0.4;6;4;5;0.4;6;4;2;0.4;6;4;5;0.4;6;NOK;NOK;OK;8000;7977;7500;9000;OK;6.81;0;8;12;NOK;N/A;1.85;N/A;N/A;N/A;9;12.9;7;18;OK;;0;0;0;-;Disabled;TempOk;3;230;35.7;35.9;35.4;0;349.9;441354200 daimler 6900-7200;441354200 daimler 6900-7200;441354200 daimler 6900-7200
20260325_04:35:25;0;1;1;930;919.7;890;970;OK;930;931.5;890;970;OK;932.4;931.8;-20;-18;-50;-25;NOK;-20;-17.8;-50;-25;NOK;-17.5;-17.5;0;-20;-18;-50;-25;NOK;300;311;300;565;OK;0;0;N/A;N/A;N/A;N/A;N/A;N/A;N/A;N/A;N/A;N/A;N/A;N/A;N/A;N/A;N/A;N/A;N/A;N/A;N/A;N/A;N/A;N/A;N/A;N/A;N/A;N/A;N/A;N/A;N/A;N/A;N/A;N/A;N/A;N/A;N/A;N/A;N/A;N/A;N/A;N/A;N/A;N/A;N/A;N/A;N/A;N/A;N/A;N/A;N/A;N/A;N/A;N/A;N/A;N/A;N/A;N/A;N/A;N/A;N/A;N/A;N/A;N/A;N/A;N/A;N/A;N/A;N/A;N/A;N/A;N/A;N/A;N/A;N/A;N/A;N/A;N/A;N/A;N/A;N/A;N/A;N/A;N/A;N/A;N/A;N/A;N/A;N/A;N/A;N/A;N/A;N/A;N/A;N/A;N/A;N/A;N/A;N/A;N/A;;0;285.9;0;0;;Disabled;TempStop;3;740;296.4;154.8;261.1;0;599.9;549.9;Enabled;PosOk;3;0;0;0;0;0;15;Disabled;0;0;0;0;0;0;0;0;0;0;0;0;0;0;0;0;0;0;0;0;0;0;0;0;0;0;0;0;0;0;0;0;0;0;0;0;0;0;0;0;0;0;0;0;0;0;0;0;0;0;0;0;0;0;0;0;0;0;0;0;0;0;0;0;0;0;0;0;0;0;30;30;20;45;30;30;20;45;30;31;20;45;30;30;20;45;200;215;100;300;200;213;100;300;200;208;100;300;200;208;100;300;30;30;20;45;30;30;20;45;30;31;20;45;30;30;20;45;200;231;100;300;200;230;100;300;200;145;100;300;200;145;100;300;4;2;0.4;6;4;5;0.4;6;4;2;0.4;6;4;5;0.4;6;4;3;0.4;6;4;5;0.4;6;4;2;0.4;6;4;5;0.4;6;NOK;NOK;OK;8000;8088;7500;9000;OK;6.81;0;8;12;NOK;N/A;1.85;N/A;N/A;N/A;9;12.9;7;18;OK;;0;0;0;-;Disabled;TempOk;3;230;35.7;35.7;35.4;0;349.9;441354200 daimler 6900-7200;441354200 daimler 6900-7200;441354200 daimler 6900-7200
20260325_04:36:01;0;3;1;930;920.2;890;970;OK;930;931.7;890;970;OK;933.6;932.9;-20;-17.3;-50;-25;NOK;-20;-16.9;-50;-25;NOK;-14.7;-15.7;0;-20;-17.4;-50;-25;NOK;300;311;300;565;OK;0;0;N/A;N/A;N/A;N/A;N/A;N/A;N/A;N/A;N/A;N/A;N/A;N/A;N/A;N/A;N/A;N/A;N/A;N/A;N/A;N/A;N/A;N/A;N/A;N/A;N/A;N/A;N/A;N/A;N/A;N/A;N/A;N/A;N/A;N/A;N/A;N/A;N/A;N/A;N/A;N/A;N/A;N/A;N/A;N/A;N/A;N/A;N/A;N/A;N/A;N/A;N/A;N/A;N/A;N/A;N/A;N/A;N/A;N/A;N/A;N/A;N/A;N/A;N/A;N/A;N/A;N/A;N/A;N/A;N/A;N/A;N/A;N/A;N/A;N/A;N/A;N/A;N/A;N/A;N/A;N/A;N/A;N/A;N/A;N/A;N/A;N/A;N/A;N/A;N/A;N/A;N/A;N/A;N/A;N/A;N/A;N/A;N/A;N/A;;0;284.4;0;0;;Disabled;TempStop;3;740;294;147.3;256.9;0;599.9;549.9;Enabled;PosOk;3;0;0.7;0;0;0;15;Disabled;0;0;0;0;0;0;0;0;0;0;0;0;0;0;0;0;0;0;0;0;0;0;0;0;0;0;0;0;0;0;0;0;0;0;0;0;0;0;0;0;0;0;0;0;0;0;0;0;0;0;0;0;0;0;0;0;0;0;0;0;0;0;0;0;0;0;0;0;0;0;30;30;20;45;30;29;20;45;30;30;20;45;30;29;20;45;200;215;100;300;200;213;100;300;200;208;100;300;200;208;100;300;30;29;20;45;30;29;20;45;30;30;20;45;30;29;20;45;200;230;100;300;200;229;100;300;200;145;100;300;200;145;100;300;4;2;0.4;6;4;5;0.4;6;4;2;0.4;6;4;5;0.4;6;4;3;0.4;6;4;5;0.4;6;4;2;0.4;6;4;5;0.4;6;NOK;NOK;OK;8000;8092;7500;9000;OK;6.82;0;8;12;NOK;N/A;1.85;N/A;N/A;N/A;9;12.8;7;18;OK;;0;0;0;-;Disabled;TempOk;3;230;36.2;35.4;36.2;0;349.9;441354200 daimler 6900-7200;441354200 daimler 6900-7200;441354200 daimler 6900-7200
20260325_04:36:37;0;1;2;930;919.3;890;970;OK;930;931.2;890;970;OK;932.6;932;-20;-15.5;-50;-25;NOK;-20;-16.2;-50;-25;NOK;-16.9;-17.3;0;-20;-15.4;-50;-25;NOK;300;311;300;565;OK;0;0;N/A;N/A;N/A;N/A;N/A;N/A;N/A;N/A;N/A;N/A;N/A;N/A;N/A;N/A;N/A;N/A;N/A;N/A;N/A;N/A;N/A;N/A;N/A;N/A;N/A;N/A;N/A;N/A;N/A;N/A;N/A;N/A;N/A;N/A;N/A;N/A;N/A;N/A;N/A;N/A;N/A;N/A;N/A;N/A;N/A;N/A;N/A;N/A;N/A;N/A;N/A;N/A;N/A;N/A;N/A;N/A;N/A;N/A;N/A;N/A;N/A;N/A;N/A;N/A;N/A;N/A;N/A;N/A;N/A;N/A;N/A;N/A;N/A;N/A;N/A;N/A;N/A;N/A;N/A;N/A;N/A;N/A;N/A;N/A;N/A;N/A;N/A;N/A;N/A;N/A;N/A;N/A;N/A;N/A;N/A;N/A;N/A;N/A;;0;284.6;0;0;;Disabled;TempStop;3;740;294.9;153;257;0;599.9;549.9;Enabled;PosOk;3;0;0.8;0;0;0;15;Disabled;0;0;0;0;0;0;0;0;0;0;0;0;0;0;0;0;0;0;0;0;0;0;0;0;0;0;0;0;0;0;0;0;0;0;0;0;0;0;0;0;0;0;0;0;0;0;0;0;0;0;0;0;0;0;0;0;0;0;0;0;0;0;0;0;0;0;0;0;0;0;30;29;20;45;30;29;20;45;30;30;20;45;30;29;20;45;200;215;100;300;200;212;100;300;200;208;100;300;200;208;100;300;30;29;20;45;30;29;20;45;30;30;20;45;30;29;20;45;200;230;100;300;200;229;100;300;200;144;100;300;200;145;100;300;4;2;0.4;6;4;5;0.4;6;4;2;0.4;6;4;5;0.4;6;4;3;0.4;6;4;5;0.4;6;4;3;0.4;6;4;5;0.4;6;NOK;NOK;OK;8000;8089;7500;9000;OK;6.82;0;8;12;NOK;N/A;1.85;N/A;N/A;N/A;9;12.7;7;18;OK;;0;0;0;-;Disabled;TempOk;3;230;35.9;35.7;36.2;0;349.9;441354200 daimler 6900-7200;441354200 daimler 6900-7200;441354200 daimler 6900-7200
20260325_04:37:13;0;3;2;930;919.4;890;970;OK;930;931.5;890;970;OK;932.8;932.2;-20;-17.4;-50;-25;NOK;-20;-17.8;-50;-25;NOK;-16.5;-17.6;0;-20;-17.3;-50;-25;NOK;300;311;300;565;OK;0;0;N/A;N/A;N/A;N/A;N/A;N/A;N/A;N/A;N/A;N/A;N/A;N/A;N/A;N/A;N/A;N/A;N/A;N/A;N/A;N/A;N/A;N/A;N/A;N/A;N/A;N/A;N/A;N/A;N/A;N/A;N/A;N/A;N/A;N/A;N/A;N/A;N/A;N/A;N/A;N/A;N/A;N/A;N/A;N/A;N/A;N/A;N/A;N/A;N/A;N/A;N/A;N/A;N/A;N/A;N/A;N/A;N/A;N/A;N/A;N/A;N/A;N/A;N/A;N/A;N/A;N/A;N/A;N/A;N/A;N/A;N/A;N/A;N/A;N/A;N/A;N/A;N/A;N/A;N/A;N/A;N/A;N/A;N/A;N/A;N/A;N/A;N/A;N/A;N/A;N/A;N/A;N/A;N/A;N/A;N/A;N/A;N/A;N/A;;0;284.6;0;0;;Disabled;TempStop;3;740;293.4;153.2;253.3;0;599.9;549.9;Enabled;PosOk;3;0;0;0;0;0;15;Disabled;0;0;0;0;0;0;0;0;0;0;0;0;0;0;0;0;0;0;0;0;0;0;0;0;0;0;0;0;0;0;0;0;0;0;0;0;0;0;0;0;0;0;0;0;0;0;0;0;0;0;0;0;0;0;0;0;0;0;0;0;0;0;0;0;0;0;0;0;0;0;30;29;20;45;30;29;20;45;30;30;20;45;30;30;20;45;200;215;100;300;200;213;100;300;200;208;100;300;200;208;100;300;30;29;20;45;30;30;20;45;30;30;20;45;30;30;20;45;200;230;100;300;200;229;100;300;200;144;100;300;200;145;100;300;4;2;0.4;6;4;5;0.4;6;4;2;0.4;6;4;5;0.4;6;4;3;0.4;6;4;5;0.4;6;4;2;0.4;6;4;5;0.4;6;NOK;NOK;OK;8000;8065;7500;9000;OK;6.81;0;8;12;NOK;N/A;1.85;N/A;N/A;N/A;9;12.6;7;18;OK;;0;0;0;-;Disabled;TempOk;3;230;36.4;36.4;37.2;0;349.9;441354200 daimler 6900-7200;441354200 daimler 6900-7200;441354200 daimler 6900-7200
20260325_04:37:49;0;1;3;930;918.9;890;970;OK;930;931;890;970;OK;932.2;931.4;-20;-15.8;-50;-25;NOK;-20;-16.2;-50;-25;NOK;-18.5;-18;0;-20;-15.7;-50;-25;NOK;300;311;300;565;OK;0;0;N/A;N/A;N/A;N/A;N/A;N/A;N/A;N/A;N/A;N/A;N/A;N/A;N/A;N/A;N/A;N/A;N/A;N/A;N/A;N/A;N/A;N/A;N/A;N/A;N/A;N/A;N/A;N/A;N/A;N/A;N/A;N/A;N/A;N/A;N/A;N/A;N/A;N/A;N/A;N/A;N/A;N/A;N/A;N/A;N/A;N/A;N/A;N/A;N/A;N/A;N/A;N/A;N/A;N/A;N/A;N/A;N/A;N/A;N/A;N/A;N/A;N/A;N/A;N/A;N/A;N/A;N/A;N/A;N/A;N/A;N/A;N/A;N/A;N/A;N/A;N/A;N/A;N/A;N/A;N/A;N/A;N/A;N/A;N/A;N/A;N/A;N/A;N/A;N/A;N/A;N/A;N/A;N/A;N/A;N/A;N/A;N/A;N/A;;0;284.1;0;0;;Disabled;TempStop;3;740;295;152.2;259;0;599.9;549.9;Enabled;PosOk;3;0;0;0;0;0;15;Disabled;0;0;0;0;0;0;0;0;0;0;0;0;0;0;0;0;0;0;0;0;0;0;0;0;0;0;0;0;0;0;0;0;0;0;0;0;0;0;0;0;0;0;0;0;0;0;0;0;0;0;0;0;0;0;0;0;0;0;0;0;0;0;0;0;0;0;0;0;37;20;30;30;20;45;30;30;20;45;30;30;20;45;30;30;20;45;200;215;100;300;200;213;100;300;200;208;100;300;200;208;100;300;30;30;20;45;30;30;20;45;30;30;20;45;30;30;20;45;200;231;100;300;200;229;100;300;200;144;100;300;200;145;100;300;4;3;0.4;6;4;5;0.4;6;4;2;0.4;6;4;5;0.4;6;4;3;0.4;6;4;5;0.4;6;4;2;0.4;6;4;5;0.4;6;NOK;NOK;OK;8000;7983;7500;9000;OK;6.81;0;8;12;NOK;N/A;1.85;N/A;N/A;N/A;9;12.7;7;18;OK;;0;0;0;-;Disabled;TempOk;3;230;36.4;36.2;36.4;0;349.9;441354200 daimler 6900-7200;441354200 daimler 6900-7200;441354200 daimler 6900-7200
20260325_04:38:24;0;3;3;930;919.5;890;970;OK;930;931.3;890;970;OK;932.6;932;-20;-16.9;-50;-25;NOK;-20;-16.9;-50;-25;NOK;-15;-16;0;-20;-16.8;-50;-25;NOK;300;311;300;565;OK;0;0;N/A;N/A;N/A;N/A;N/A;N/A;N/A;N/A;N/A;N/A;N/A;N/A;N/A;N/A;N/A;N/A;N/A;N/A;N/A;N/A;N/A;N/A;N/A;N/A;N/A;N/A;N/A;N/A;N/A;N/A;N/A;N/A;N/A;N/A;N/A;N/A;N/A;N/A;N/A;N/A;N/A;N/A;N/A;N/A;N/A;N/A;N/A;N/A;N/A;N/A;N/A;N/A;N/A;N/A;N/A;N/A;N/A;N/A;N/A;N/A;N/A;N/A;N/A;N/A;N/A;N/A;N/A;N/A;N/A;N/A;N/A;N/A;N/A;N/A;N/A;N/A;N/A;N/A;N/A;N/A;N/A;N/A;N/A;N/A;N/A;N/A;N/A;N/A;N/A;N/A;N/A;N/A;N/A;N/A;N/A;N/A;N/A;N/A;;0;283.4;0;0;;Disabled;TempStop;3;740;292.4;153.3;253.3;0;599.9;549.9;Enabled;PosOk;3;0;1.4;0;0;0;15;Disabled;0;0;0;0;0;0;0;0;0;0;0;0;0;0;0;0;0;0;0;0;0;0;0;0;0;0;0;0;0;0;0;0;0;0;0;0;0;0;0;0;0;0;0;0;0;0;0;0;0;0;0;0;0;0;0;0;0;0;0;0;0;0;0;0;0;0;0;0;0;0;30;30;20;45;30;30;20;45;30;30;20;45;30;30;20;45;200;216;100;300;200;213;100;300;200;208;100;300;200;208;100;300;30;30;20;45;30;30;20;45;30;31;20;45;30;30;20;45;200;231;100;300;200;229;100;300;200;145;100;300;200;145;100;300;4;2;0.4;6;4;5;0.4;6;4;2;0.4;6;4;5;0.4;6;4;3;0.4;6;4;5;0.4;6;4;3;0.4;6;4;5;0.4;6;NOK;NOK;OK;8000;8054;7500;9000;OK;6.81;0;8;12;NOK;N/A;1.85;N/A;N/A;N/A;9;13.2;7;18;OK;;0;0;0;-;Disabled;TempOk;3;230;35.9;35.9;36.9;0;349.9;441354200 daimler 6900-7200;441354200 daimler 6900-7200;441354200 daimler 6900-7200
20260325_04:39:00;0;1;4;930;918.8;890;970;OK;930;931.4;890;970;OK;932.1;931.7;-20;-14;-50;-25;NOK;-20;-14.7;-50;-25;NOK;-16.7;-16.4;0;-20;-13.9;-50;-25;NOK;300;311;300;565;OK;0;0;N/A;N/A;N/A;N/A;N/A;N/A;N/A;N/A;N/A;N/A;N/A;N/A;N/A;N/A;N/A;N/A;N/A;N/A;N/A;N/A;N/A;N/A;N/A;N/A;N/A;N/A;N/A;N/A;N/A;N/A;N/A;N/A;N/A;N/A;N/A;N/A;N/A;N/A;N/A;N/A;N/A;N/A;N/A;N/A;N/A;N/A;N/A;N/A;N/A;N/A;N/A;N/A;N/A;N/A;N/A;N/A;N/A;N/A;N/A;N/A;N/A;N/A;N/A;N/A;N/A;N/A;N/A;N/A;N/A;N/A;N/A;N/A;N/A;N/A;N/A;N/A;N/A;N/A;N/A;N/A;N/A;N/A;N/A;N/A;N/A;N/A;N/A;N/A;N/A;N/A;N/A;N/A;N/A;N/A;N/A;N/A;N/A;N/A;;0;284.2;0;0;;Disabled;TempStop;3;740;294;148.6;257.5;0;599.9;549.9;Enabled;PosOk;3;0;0;0;0;0;15;Disabled;0;0;0;0;0;0;0;0;0;0;0;0;0;0;0;0;0;0;0;0;0;0;0;0;0;0;0;0;0;0;0;0;0;0;0;0;0;0;0;0;0;0;0;0;0;0;0;0;0;0;0;0;0;0;0;0;0;0;0;0;0;0;0;0;0;0;0;0;38;32;30;30;20;45;30;30;20;45;30;30;20;45;30;30;20;45;200;215;100;300;200;213;100;300;200;207;100;300;200;208;100;300;30;30;20;45;30;30;20;45;30;31;20;45;30;30;20;45;200;231;100;300;200;229;100;300;200;144;100;300;200;145;100;300;4;2;0.4;6;4;5;0.4;6;4;2;0.4;6;4;5;0.4;6;4;2;0.4;6;4;5;0.4;6;4;2;0.4;6;4;5;0.4;6;NOK;NOK;OK;8000;8088;7500;9000;OK;6.82;0;8;12;NOK;N/A;1.85;N/A;N/A;N/A;9;13.2;7;18;OK;;0;0;0;-;Disabled;TempOk;3;230;36.2;35.9;36.7;0;349.9;441354200 daimler 6900-7200;441354200 daimler 6900-7200;441354200 daimler 6900-7200
20260325_04:39:36;0;3;4;930;919.6;890;970;OK;930;931.4;890;970;OK;932.2;931.9;-20;-15.9;-50;-25;NOK;-20;-16.9;-50;-25;NOK;-19.2;-19.1;0;-20;-15.8;-50;-25;NOK;300;311;300;565;OK;0;0;N/A;N/A;N/A;N/A;N/A;N/A;N/A;N/A;N/A;N/A;N/A;N/A;N/A;N/A;N/A;N/A;N/A;N/A;N/A;N/A;N/A;N/A;N/A;N/A;N/A;N/A;N/A;N/A;N/A;N/A;N/A;N/A;N/A;N/A;N/A;N/A;N/A;N/A;N/A;N/A;N/A;N/A;N/A;N/A;N/A;N/A;N/A;N/A;N/A;N/A;N/A;N/A;N/A;N/A;N/A;N/A;N/A;N/A;N/A;N/A;N/A;N/A;N/A;N/A;N/A;N/A;N/A;N/A;N/A;N/A;N/A;N/A;N/A;N/A;N/A;N/A;N/A;N/A;N/A;N/A;N/A;N/A;N/A;N/A;N/A;N/A;N/A;N/A;N/A;N/A;N/A;N/A;N/A;N/A;N/A;N/A;N/A;N/A;;0;282.4;0;0;;Disabled;TempStop;3;740;294;152.6;257.3;0;599.9;549.9;Enabled;PosOk;3;0;0.1;0;0;0;15;Disabled;0;0;0;0;0;0;0;0;0;0;0;0;0;0;0;0;0;0;0;0;0;0;0;0;0;0;0;0;0;0;0;0;0;0;0;0;0;0;0;0;0;0;0;0;0;0;0;0;0;0;0;0;0;0;0;0;0;0;0;0;0;0;0;0;0;0;0;0;0;0;30;30;20;45;30;30;20;45;30;30;20;45;30;30;20;45;200;215;100;300;200;213;100;300;200;207;100;300;200;207;100;300;30;30;20;45;30;30;20;45;30;31;20;45;30;30;20;45;200;231;100;300;200;229;100;300;200;144;100;300;200;145;100;300;4;2;0.4;6;4;5;0.4;6;4;2;0.4;6;4;5;0.4;6;4;3;0.4;6;4;5;0.4;6;4;3;0.4;6;4;5;0.4;6;NOK;NOK;OK;8000;8072;7500;9000;OK;6.81;0;8;12;NOK;N/A;1.85;N/A;N/A;N/A;9;13.3;7;18;OK;;0;0;0;-;Disabled;TempOk;3;230;35.9;35.4;36.4;0;349.9;441354200 daimler 6900-7200;441354200 daimler 6900-7200;441354200 daimler 6900-7200
20260325_04:40:12;0;3;5;930;921.1;890;970;OK;930;930.7;890;970;OK;931.7;931.3;-20;-19.5;-50;-25;NOK;-20;-20;-50;-25;NOK;-19.6;-20.3;0;-20;-19.4;-50;-25;NOK;300;311;300;565;OK;0;0;N/A;N/A;N/A;N/A;N/A;N/A;N/A;N/A;N/A;N/A;N/A;N/A;N/A;N/A;N/A;N/A;N/A;N/A;N/A;N/A;N/A;N/A;N/A;N/A;N/A;N/A;N/A;N/A;N/A;N/A;N/A;N/A;N/A;N/A;N/A;N/A;N/A;N/A;N/A;N/A;N/A;N/A;N/A;N/A;N/A;N/A;N/A;N/A;N/A;N/A;N/A;N/A;N/A;N/A;N/A;N/A;N/A;N/A;N/A;N/A;N/A;N/A;N/A;N/A;N/A;N/A;N/A;N/A;N/A;N/A;N/A;N/A;N/A;N/A;N/A;N/A;N/A;N/A;N/A;N/A;N/A;N/A;N/A;N/A;N/A;N/A;N/A;N/A;N/A;N/A;N/A;N/A;N/A;N/A;N/A;N/A;N/A;N/A;;0;282.5;0;0;;Disabled;TempStop;3;740;291.9;146.1;255.5;0;599.9;549.9;Enabled;PosOk;3;0;0.7;0;0;0;15;Disabled;0;0;0;0;0;0;0;0;0;0;0;0;0;0;0;0;0;0;0;0;0;0;0;0;0;0;0;0;0;0;0;0;0;0;0;0;0;0;0;0;0;0;0;0;0;0;0;0;0;0;0;0;0;0;0;0;0;0;0;0;0;0;0;0;0;0;0;0;0;0;30;30;20;45;30;30;20;45;30;30;20;45;30;30;20;45;200;215;100;300;200;213;100;300;200;207;100;300;200;207;100;300;30;30;20;45;30;30;20;45;30;31;20;45;30;30;20;45;200;230;100;300;200;229;100;300;200;144;100;300;200;145;100;300;4;3;0.4;6;4;5;0.4;6;4;2;0.4;6;4;5;0.4;6;4;3;0.4;6;4;5;0.4;6;4;3;0.4;6;4;5;0.4;6;NOK;NOK;OK;8000;7962;7500;9000;OK;6.81;0;8;12;NOK;N/A;1.85;N/A;N/A;N/A;9;13.4;7;18;OK;;0;0;0;-;Disabled;TempOk;3;230;36.4;35.9;36.4;0;349.9;441354200 daimler 6900-7200;441354200 daimler 6900-7200;441354200 daimler 6900-7200
20260325_04:40:48;0;1;1;930;919.1;890;970;OK;930;931.6;890;970;OK;932.6;932;-20;-18;-50;-25;NOK;-20;-17.9;-50;-25;NOK;-17.5;-17.5;0;-20;-18.1;-50;-25;NOK;300;311;300;565;OK;0;0;N/A;N/A;N/A;N/A;N/A;N/A;N/A;N/A;N/A;N/A;N/A;N/A;N/A;N/A;N/A;N/A;N/A;N/A;N/A;N/A;N/A;N/A;N/A;N/A;N/A;N/A;N/A;N/A;N/A;N/A;N/A;N/A;N/A;N/A;N/A;N/A;N/A;N/A;N/A;N/A;N/A;N/A;N/A;N/A;N/A;N/A;N/A;N/A;N/A;N/A;N/A;N/A;N/A;N/A;N/A;N/A;N/A;N/A;N/A;N/A;N/A;N/A;N/A;N/A;N/A;N/A;N/A;N/A;N/A;N/A;N/A;N/A;N/A;N/A;N/A;N/A;N/A;N/A;N/A;N/A;N/A;N/A;N/A;N/A;N/A;N/A;N/A;N/A;N/A;N/A;N/A;N/A;N/A;N/A;N/A;N/A;N/A;N/A;;0;286.7;0;0;;Disabled;TempStop;3;740;297.3;155.7;258.8;0;599.9;549.9;Enabled;PosOk;3;0;0;0;0;0;15;Disabled;0;0;0;0;0;0;0;0;0;0;0;0;0;0;0;0;0;0;0;0;0;0;0;0;0;0;0;0;0;0;0;0;0;0;0;0;0;0;0;0;0;0;0;0;0;0;0;0;0;0;0;0;0;0;0;0;0;0;0;0;0;0;0;0;0;0;0;0;0;0;30;30;20;45;30;30;20;45;30;30;20;45;30;30;20;45;200;215;100;300;200;213;100;300;200;207;100;300;200;208;100;300;30;30;20;45;30;30;20;45;30;31;20;45;30;30;20;45;200;231;100;300;200;229;100;300;200;145;100;300;200;145;100;300;4;2;0.4;6;4;5;0.4;6;4;2;0.4;6;4;5;0.4;6;4;3;0.4;6;4;5;0.4;6;4;3;0.4;6;4;5;0.4;6;NOK;NOK;OK;8000;8077;7500;9000;OK;6.82;0;8;12;NOK;N/A;1.85;N/A;N/A;N/A;9;13.5;7;18;OK;;0;0;0;-;Disabled;TempOk;3;230;36.2;35.9;36.4;0;349.9;441354200 daimler 6900-7200;441354200 daimler 6900-7200;441354200 daimler 6900-7200
20260325_04:41:24;0;3;1;930;919.1;890;970;OK;930;931.9;890;970;OK;933.7;932.8;-20;-17.2;-50;-25;NOK;-20;-16.8;-50;-25;NOK;-14.7;-15.7;0;-20;-17.3;-50;-25;NOK;300;311;300;565;OK;0;0;N/A;N/A;N/A;N/A;N/A;N/A;N/A;N/A;N/A;N/A;N/A;N/A;N/A;N/A;N/A;N/A;N/A;N/A;N/A;N/A;N/A;N/A;N/A;N/A;N/A;N/A;N/A;N/A;N/A;N/A;N/A;N/A;N/A;N/A;N/A;N/A;N/A;N/A;N/A;N/A;N/A;N/A;N/A;N/A;N/A;N/A;N/A;N/A;N/A;N/A;N/A;N/A;N/A;N/A;N/A;N/A;N/A;N/A;N/A;N/A;N/A;N/A;N/A;N/A;N/A;N/A;N/A;N/A;N/A;N/A;N/A;N/A;N/A;N/A;N/A;N/A;N/A;N/A;N/A;N/A;N/A;N/A;N/A;N/A;N/A;N/A;N/A;N/A;N/A;N/A;N/A;N/A;N/A;N/A;N/A;N/A;N/A;N/A;;0;283.7;0;0;;Disabled;TempStop;3;740;293.4;147.9;254.5;0;599.9;549.9;Enabled;PosOk;3;0;0;0;0;0;15;Disabled;0;0;0;0;0;0;0;0;0;0;0;0;0;0;0;0;0;0;0;0;0;0;0;0;0;0;0;0;0;0;0;0;0;0;0;0;0;0;0;0;0;0;0;0;0;0;0;0;0;0;0;0;0;0;0;0;0;0;0;0;0;0;0;0;0;0;0;0;0;0;30;30;20;45;30;30;20;45;30;30;20;45;30;30;20;45;200;216;100;300;200;213;100;300;200;208;100;300;200;208;100;300;30;30;20;45;30;30;20;45;30;31;20;45;30;30;20;45;200;231;100;300;200;229;100;300;200;144;100;300;200;145;100;300;4;2;0.4;6;4;5;0.4;6;4;2;0.4;6;4;5;0.4;6;4;2;0.4;6;4;5;0.4;6;4;2;0.4;6;4;5;0.4;6;NOK;NOK;OK;8000;7957;7500;9000;OK;6.81;0;8;12;NOK;N/A;1.85;N/A;N/A;N/A;9;13.5;7;18;OK;;0;0;0;-;Disabled;TempOk;3;230;36.2;35.9;35.9;0;349.9;441354200 daimler 6900-7200;441354200 daimler 6900-7200;441354200 daimler 6900-7200
20260325_04:42:00;0;1;2;930;918.9;890;970;OK;930;931.5;890;970;OK;932.7;932;-20;-15.6;-50;-25;NOK;-20;-16;-50;-25;NOK;-16.8;-17.2;0;-20;-15.5;-50;-25;NOK;300;311;300;565;OK;0;0;N/A;N/A;N/A;N/A;N/A;N/A;N/A;N/A;N/A;N/A;N/A;N/A;N/A;N/A;N/A;N/A;N/A;N/A;N/A;N/A;N/A;N/A;N/A;N/A;N/A;N/A;N/A;N/A;N/A;N/A;N/A;N/A;N/A;N/A;N/A;N/A;N/A;N/A;N/A;N/A;N/A;N/A;N/A;N/A;N/A;N/A;N/A;N/A;N/A;N/A;N/A;N/A;N/A;N/A;N/A;N/A;N/A;N/A;N/A;N/A;N/A;N/A;N/A;N/A;N/A;N/A;N/A;N/A;N/A;N/A;N/A;N/A;N/A;N/A;N/A;N/A;N/A;N/A;N/A;N/A;N/A;N/A;N/A;N/A;N/A;N/A;N/A;N/A;N/A;N/A;N/A;N/A;N/A;N/A;N/A;N/A;N/A;N/A;;0;284.2;0;0;;Disabled;TempStop;3;740;294.3;150.7;257.1;0;599.9;549.9;Enabled;PosOk;3;0;0.7;0;0;0;15;Disabled;0;0;0;0;0;0;0;0;0;0;0;0;0;0;0;0;0;0;0;0;0;0;0;0;0;0;0;0;0;0;0;0;0;0;0;0;0;0;0;0;0;0;0;0;0;0;0;0;0;0;0;0;0;0;0;0;0;0;0;0;0;0;0;0;0;0;0;0;0;0;30;30;20;45;30;30;20;45;30;31;20;45;30;30;20;45;200;215;100;300;200;213;100;300;200;209;100;300;200;208;100;300;30;30;20;45;30;30;20;45;30;31;20;45;30;30;20;45;200;232;100;300;200;230;100;300;200;144;100;300;200;145;100;300;4;2;0.4;6;4;5;0.4;6;4;2;0.4;6;4;5;0.4;6;4;3;0.4;6;4;5;0.4;6;4;3;0.4;6;4;5;0.4;6;NOK;NOK;OK;8000;8063;7500;9000;OK;6.81;0;8;12;NOK;N/A;1.85;N/A;N/A;N/A;9;13.5;7;18;OK;;0;0;0;-;Disabled;TempOk;3;230;36.4;36.2;36.4;0;349.9;441354200 daimler 6900-7200;441354200 daimler 6900-7200;441354200 daimler 6900-7200
20260325_04:42:36;0;3;2;930;919.4;890;970;OK;930;931.6;890;970;OK;932.6;932.2;-20;-17.3;-50;-25;NOK;-20;-17.7;-50;-25;NOK;-16.4;-17.5;0;-20;-17.2;-50;-25;NOK;300;311;300;565;OK;0;0;N/A;N/A;N/A;N/A;N/A;N/A;N/A;N/A;N/A;N/A;N/A;N/A;N/A;N/A;N/A;N/A;N/A;N/A;N/A;N/A;N/A;N/A;N/A;N/A;N/A;N/A;N/A;N/A;N/A;N/A;N/A;N/A;N/A;N/A;N/A;N/A;N/A;N/A;N/A;N/A;N/A;N/A;N/A;N/A;N/A;N/A;N/A;N/A;N/A;N/A;N/A;N/A;N/A;N/A;N/A;N/A;N/A;N/A;N/A;N/A;N/A;N/A;N/A;N/A;N/A;N/A;N/A;N/A;N/A;N/A;N/A;N/A;N/A;N/A;N/A;N/A;N/A;N/A;N/A;N/A;N/A;N/A;N/A;N/A;N/A;N/A;N/A;N/A;N/A;N/A;N/A;N/A;N/A;N/A;N/A;N/A;N/A;N/A;;0;284.2;0;0;;Disabled;TempStop;3;740;292.7;148;258;0;599.9;549.9;Enabled;PosOk;3;0;0;0;0;0;15;Disabled;0;0;0;0;0;0;0;0;0;0;0;0;0;0;0;0;0;0;0;0;0;0;0;0;0;0;0;0;0;0;0;0;0;0;0;0;0;0;0;0;0;0;0;0;0;0;0;0;0;0;0;0;0;0;0;0;0;0;0;0;0;0;0;0;0;0;0;0;0;0;30;30;20;45;30;30;20;45;30;31;20;45;30;29;20;45;200;215;100;300;200;213;100;300;200;208;100;300;200;208;100;300;30;30;20;45;30;29;20;45;30;31;20;45;30;30;20;45;200;231;100;300;200;229;100;300;200;144;100;300;200;145;100;300;4;2;0.4;6;4;5;0.4;6;4;2;0.4;6;4;5;0.4;6;4;3;0.4;6;4;5;0.4;6;4;3;0.4;6;4;5;0.4;6;NOK;NOK;OK;8000;8097;7500;9000;OK;6.82;0;8;12;NOK;N/A;1.85;N/A;N/A;N/A;9;13;7;18;OK;;0;0;0;-;Disabled;TempOk;3;230;36.2;36.4;37.2;0;349.9;441354200 daimler 6900-7200;441354200 daimler 6900-7200;441354200 daimler 6900-7200
20260325_04:43:12;0;1;3;930;919.6;890;970;OK;930;931;890;970;OK;932.4;931.7;-20;-15.7;-50;-25;NOK;-20;-16.1;-50;-25;NOK;-18.3;-18;0;-20;-15.6;-50;-25;NOK;300;311;300;565;OK;0;0;N/A;N/A;N/A;N/A;N/A;N/A;N/A;N/A;N/A;N/A;N/A;N/A;N/A;N/A;N/A;N/A;N/A;N/A;N/A;N/A;N/A;N/A;N/A;N/A;N/A;N/A;N/A;N/A;N/A;N/A;N/A;N/A;N/A;N/A;N/A;N/A;N/A;N/A;N/A;N/A;N/A;N/A;N/A;N/A;N/A;N/A;N/A;N/A;N/A;N/A;N/A;N/A;N/A;N/A;N/A;N/A;N/A;N/A;N/A;N/A;N/A;N/A;N/A;N/A;N/A;N/A;N/A;N/A;N/A;N/A;N/A;N/A;N/A;N/A;N/A;N/A;N/A;N/A;N/A;N/A;N/A;N/A;N/A;N/A;N/A;N/A;N/A;N/A;N/A;N/A;N/A;N/A;N/A;N/A;N/A;N/A;N/A;N/A;;0;284.5;0;0;;Disabled;TempStop;3;740;296;150.1;258.2;0;599.9;549.9;Enabled;PosOk;3;0;0.5;0;0;0;15;Disabled;0;0;0;0;0;0;0;0;0;0;0;0;0;0;0;0;0;0;0;0;0;0;0;0;0;0;0;0;0;0;0;0;0;0;0;0;0;0;0;0;0;0;0;0;0;0;0;0;0;0;0;0;0;0;0;0;0;0;0;0;0;0;0;0;0;0;0;0;42;43;30;29;20;45;30;29;20;45;30;30;20;45;30;29;20;45;200;215;100;300;200;214;100;300;200;208;100;300;200;208;100;300;30;29;20;45;30;29;20;45;30;30;20;45;30;29;20;45;200;231;100;300;200;230;100;300;200;144;100;300;200;145;100;300;4;3;0.4;6;4;5;0.4;6;4;2;0.4;6;4;5;0.4;6;4;3;0.4;6;4;5;0.4;6;4;2;0.4;6;4;5;0.4;6;NOK;NOK;OK;8000;8060;7500;9000;OK;6.81;0;8;12;NOK;N/A;1.85;N/A;N/A;N/A;9;13.5;7;18;OK;;0;0;0;-;Disabled;TempOk;3;230;36.9;36.2;36.4;0;349.9;441354200 daimler 6900-7200;441354200 daimler 6900-7200;441354200 daimler 6900-7200
20260325_04:43:48;0;3;3;930;918.7;890;970;OK;930;931.4;890;970;OK;932.7;932;-20;-16.8;-50;-25;NOK;-20;-16.8;-50;-25;NOK;-15;-15.9;0;-20;-16.8;-50;-25;NOK;300;311;300;565;OK;0;0;N/A;N/A;N/A;N/A;N/A;N/A;N/A;N/A;N/A;N/A;N/A;N/A;N/A;N/A;N/A;N/A;N/A;N/A;N/A;N/A;N/A;N/A;N/A;N/A;N/A;N/A;N/A;N/A;N/A;N/A;N/A;N/A;N/A;N/A;N/A;N/A;N/A;N/A;N/A;N/A;N/A;N/A;N/A;N/A;N/A;N/A;N/A;N/A;N/A;N/A;N/A;N/A;N/A;N/A;N/A;N/A;N/A;N/A;N/A;N/A;N/A;N/A;N/A;N/A;N/A;N/A;N/A;N/A;N/A;N/A;N/A;N/A;N/A;N/A;N/A;N/A;N/A;N/A;N/A;N/A;N/A;N/A;N/A;N/A;N/A;N/A;N/A;N/A;N/A;N/A;N/A;N/A;N/A;N/A;N/A;N/A;N/A;N/A;;0;284.2;0;0;;Disabled;TempStop;3;740;293.1;152.5;254.2;0;599.9;549.9;Enabled;PosOk;3;0;0.8;0;0;0;15;Disabled;0;0;0;0;0;0;0;0;0;0;0;0;0;0;0;0;0;0;0;0;0;0;0;0;0;0;0;0;0;0;0;0;0;0;0;0;0;0;0;0;0;0;0;0;0;0;0;0;0;0;0;0;0;0;0;0;0;0;0;0;0;0;0;0;0;0;0;0;0;0;30;29;20;45;30;29;20;45;30;30;20;45;30;29;20;45;200;215;100;300;200;213;100;300;200;208;100;300;200;207;100;300;30;29;20;45;30;29;20;45;30;30;20;45;30;29;20;45;200;231;100;300;200;230;100;300;200;145;100;300;200;146;100;300;4;2;0.4;6;4;5;0.4;6;4;2;0.4;6;4;5;0.4;6;4;3;0.4;6;4;5;0.4;6;4;2;0.4;6;4;5;0.4;6;NOK;NOK;OK;8000;8092;7500;9000;OK;6.82;0;8;12;NOK;N/A;1.85;N/A;N/A;N/A;9;13.4;7;18;OK;;0;0;0;-;Disabled;TempOk;3;230;35.9;35.7;35.9;0;349.9;441354200 daimler 6900-7200;441354200 daimler 6900-7200;441354200 daimler 6900-7200
20260325_04:44:24;0;1;4;930;918;890;970;OK;930;931.6;890;970;OK;932.4;931.8;-20;-14.2;-50;-25;NOK;-20;-14.6;-50;-25;NOK;-16.5;-16.3;0;-20;-14.2;-50;-25;NOK;300;311;300;565;OK;0;0;N/A;N/A;N/A;N/A;N/A;N/A;N/A;N/A;N/A;N/A;N/A;N/A;N/A;N/A;N/A;N/A;N/A;N/A;N/A;N/A;N/A;N/A;N/A;N/A;N/A;N/A;N/A;N/A;N/A;N/A;N/A;N/A;N/A;N/A;N/A;N/A;N/A;N/A;N/A;N/A;N/A;N/A;N/A;N/A;N/A;N/A;N/A;N/A;N/A;N/A;N/A;N/A;N/A;N/A;N/A;N/A;N/A;N/A;N/A;N/A;N/A;N/A;N/A;N/A;N/A;N/A;N/A;N/A;N/A;N/A;N/A;N/A;N/A;N/A;N/A;N/A;N/A;N/A;N/A;N/A;N/A;N/A;N/A;N/A;N/A;N/A;N/A;N/A;N/A;N/A;N/A;N/A;N/A;N/A;N/A;N/A;N/A;N/A;;0;283.7;0;0;;Disabled;TempStop;3;740;293.7;153.1;254.2;0;599.9;549.9;Enabled;PosOk;3;0;0;0;0;0;15;Disabled;0;0;0;0;0;0;0;0;0;0;0;0;0;0;0;0;0;0;0;0;0;0;0;0;0;0;0;0;0;0;0;0;0;0;0;0;0;0;0;0;0;0;0;0;0;0;0;0;0;0;0;0;0;0;0;0;0;0;0;0;0;0;0;0;0;0;0;0;43;55;30;29;20;45;30;30;20;45;30;30;20;45;30;30;20;45;200;215;100;300;200;213;100;300;200;208;100;300;200;208;100;300;30;30;20;45;30;30;20;45;30;30;20;45;30;30;20;45;200;231;100;300;200;230;100;300;200;144;100;300;200;145;100;300;4;2;0.4;6;4;5;0.4;6;4;2;0.4;6;4;5;0.4;6;4;3;0.4;6;4;5;0.4;6;4;3;0.4;6;4;5;0.4;6;NOK;NOK;OK;8000;8077;7500;9000;OK;6.81;0;8;12;NOK;N/A;1.85;N/A;N/A;N/A;9;13.4;7;18;OK;;0;0;0;-;Disabled;TempOk;3;230;35.9;35.7;35.9;0;349.9;441354200 daimler 6900-7200;441354200 daimler 6900-7200;441354200 daimler 6900-7200
20260325_04:45:00;0;3;4;930;919.6;890;970;OK;930;931.3;890;970;OK;932.4;931.8;-20;-15.9;-50;-25;NOK;-20;-16.7;-50;-25;NOK;-19.2;-19;0;-20;-15.7;-50;-25;NOK;300;311;300;565;OK;0;0;N/A;N/A;N/A;N/A;N/A;N/A;N/A;N/A;N/A;N/A;N/A;N/A;N/A;N/A;N/A;N/A;N/A;N/A;N/A;N/A;N/A;N/A;N/A;N/A;N/A;N/A;N/A;N/A;N/A;N/A;N/A;N/A;N/A;N/A;N/A;N/A;N/A;N/A;N/A;N/A;N/A;N/A;N/A;N/A;N/A;N/A;N/A;N/A;N/A;N/A;N/A;N/A;N/A;N/A;N/A;N/A;N/A;N/A;N/A;N/A;N/A;N/A;N/A;N/A;N/A;N/A;N/A;N/A;N/A;N/A;N/A;N/A;N/A;N/A;N/A;N/A;N/A;N/A;N/A;N/A;N/A;N/A;N/A;N/A;N/A;N/A;N/A;N/A;N/A;N/A;N/A;N/A;N/A;N/A;N/A;N/A;N/A;N/A;;0;282.8;0;0;;Disabled;TempStop;3;740;293.5;153.3;254.5;0;599.9;549.9;Enabled;PosOk;3;0;0;0;0;0;15;Disabled;0;0;0;0;0;0;0;0;0;0;0;0;0;0;0;0;0;0;0;0;0;0;0;0;0;0;0;0;0;0;0;0;0;0;0;0;0;0;0;0;0;0;0;0;0;0;0;0;0;0;0;0;0;0;0;0;0;0;0;0;0;0;0;0;0;0;0;0;0;0;30;30;20;45;30;30;20;45;30;30;20;45;30;30;20;45;200;215;100;300;200;213;100;300;200;208;100;300;200;208;100;300;30;30;20;45;30;30;20;45;30;31;20;45;30;30;20;45;200;231;100;300;200;229;100;300;200;144;100;300;200;146;100;300;4;2;0.4;6;4;5;0.4;6;4;2;0.4;6;4;5;0.4;6;4;3;0.4;6;4;5;0.4;6;4;2;0.4;6;4;5;0.4;6;NOK;NOK;OK;8000;8059;7500;9000;OK;6.81;0;8;12;NOK;N/A;1.85;N/A;N/A;N/A;9;13.1;7;18;OK;;0;0;0;-;Disabled;TempOk;3;230;36.9;36.4;36.9;0;349.9;441354200 daimler 6900-7200;441354200 daimler 6900-7200;441354200 daimler 6900-7200
20260325_04:45:36;0;3;5;930;921.1;890;970;OK;930;930.8;890;970;OK;932.1;931.5;-20;-19.7;-50;-25;NOK;-20;-19.7;-50;-25;NOK;-19.5;-19.9;0;-20;-19.5;-50;-25;NOK;300;311;300;565;OK;0;0;N/A;N/A;N/A;N/A;N/A;N/A;N/A;N/A;N/A;N/A;N/A;N/A;N/A;N/A;N/A;N/A;N/A;N/A;N/A;N/A;N/A;N/A;N/A;N/A;N/A;N/A;N/A;N/A;N/A;N/A;N/A;N/A;N/A;N/A;N/A;N/A;N/A;N/A;N/A;N/A;N/A;N/A;N/A;N/A;N/A;N/A;N/A;N/A;N/A;N/A;N/A;N/A;N/A;N/A;N/A;N/A;N/A;N/A;N/A;N/A;N/A;N/A;N/A;N/A;N/A;N/A;N/A;N/A;N/A;N/A;N/A;N/A;N/A;N/A;N/A;N/A;N/A;N/A;N/A;N/A;N/A;N/A;N/A;N/A;N/A;N/A;N/A;N/A;N/A;N/A;N/A;N/A;N/A;N/A;N/A;N/A;N/A;N/A;;0;282.8;0;0;;Disabled;TempStop;3;740;291.7;151.7;253.2;0;599.9;549.9;Enabled;PosOk;3;0;0.5;0;0;0;15;Disabled;0;0;0;0;0;0;0;0;0;0;0;0;0;0;0;0;0;0;0;0;0;0;0;0;0;0;0;0;0;0;0;0;0;0;0;0;0;0;0;0;0;0;0;0;0;0;0;0;0;0;0;0;0;0;0;0;0;0;0;0;0;0;0;0;0;0;0;0;0;0;30;30;20;45;30;30;20;45;30;30;20;45;30;30;20;45;200;214;100;300;200;213;100;300;200;208;100;300;200;207;100;300;30;30;20;45;30;30;20;45;30;31;20;45;30;30;20;45;200;231;100;300;200;229;100;300;200;144;100;300;200;145;100;300;4;3;0.4;6;4;5;0.4;6;4;2;0.4;6;4;5;0.4;6;4;3;0.4;6;4;5;0.4;6;4;3;0.4;6;4;5;0.4;6;NOK;NOK;OK;8000;8099;7500;9000;OK;6.82;0;8;12;NOK;N/A;1.85;N/A;N/A;N/A;9;13;7;18;OK;;0;0;0;-;Disabled;TempOk;3;230;36.7;36.2;36.7;0;349.9;441354200 daimler 6900-7200;441354200 daimler 6900-7200;441354200 daimler 6900-7200
20260325_04:46:12;0;1;1;930;919.8;890;970;OK;930;931.5;890;970;OK;932.2;931.7;-20;-18;-50;-25;NOK;-20;-17.8;-50;-25;NOK;-17.4;-17.5;0;-20;-18;-50;-25;NOK;300;311;300;565;OK;0;0;N/A;N/A;N/A;N/A;N/A;N/A;N/A;N/A;N/A;N/A;N/A;N/A;N/A;N/A;N/A;N/A;N/A;N/A;N/A;N/A;N/A;N/A;N/A;N/A;N/A;N/A;N/A;N/A;N/A;N/A;N/A;N/A;N/A;N/A;N/A;N/A;N/A;N/A;N/A;N/A;N/A;N/A;N/A;N/A;N/A;N/A;N/A;N/A;N/A;N/A;N/A;N/A;N/A;N/A;N/A;N/A;N/A;N/A;N/A;N/A;N/A;N/A;N/A;N/A;N/A;N/A;N/A;N/A;N/A;N/A;N/A;N/A;N/A;N/A;N/A;N/A;N/A;N/A;N/A;N/A;N/A;N/A;N/A;N/A;N/A;N/A;N/A;N/A;N/A;N/A;N/A;N/A;N/A;N/A;N/A;N/A;N/A;N/A;;0;286.3;0;0;;Disabled;TempStop;3;740;296.3;152.8;259.3;0;599.9;549.9;Enabled;PosOk;3;0;0;0;0;0;15;Disabled;0;0;0;0;0;0;0;0;0;0;0;0;0;0;0;0;0;0;0;0;0;0;0;0;0;0;0;0;0;0;0;0;0;0;0;0;0;0;0;0;0;0;0;0;0;0;0;0;0;0;0;0;0;0;0;0;0;0;0;0;0;0;0;0;0;0;0;0;0;0;30;30;20;45;30;30;20;45;30;31;20;45;30;30;20;45;200;215;100;300;200;213;100;300;200;207;100;300;200;207;100;300;30;30;20;45;30;30;20;45;30;31;20;45;30;30;20;45;200;231;100;300;200;229;100;300;200;144;100;300;200;145;100;300;4;2;0.4;6;4;5;0.4;6;4;2;0.4;6;4;5;0.4;6;4;3;0.4;6;4;5;0.4;6;4;3;0.4;6;4;5;0.4;6;NOK;NOK;OK;8000;8068;7500;9000;OK;6.81;0;8;12;NOK;N/A;1.85;N/A;N/A;N/A;9;12.9;7;18;OK;;0;0;0;-;Disabled;TempOk;3;230;36.9;36.7;36.9;0;349.9;441354200 daimler 6900-7200;441354200 daimler 6900-7200;441354200 daimler 6900-7200
20260325_04:46:48;0;3;1;930;919.5;890;970;OK;930;931.8;890;970;OK;933.7;932.8;-20;-17.1;-50;-25;NOK;-20;-16.8;-50;-25;NOK;-14.7;-15.7;0;-20;-17.2;-50;-25;NOK;300;311;300;565;OK;0;0;N/A;N/A;N/A;N/A;N/A;N/A;N/A;N/A;N/A;N/A;N/A;N/A;N/A;N/A;N/A;N/A;N/A;N/A;N/A;N/A;N/A;N/A;N/A;N/A;N/A;N/A;N/A;N/A;N/A;N/A;N/A;N/A;N/A;N/A;N/A;N/A;N/A;N/A;N/A;N/A;N/A;N/A;N/A;N/A;N/A;N/A;N/A;N/A;N/A;N/A;N/A;N/A;N/A;N/A;N/A;N/A;N/A;N/A;N/A;N/A;N/A;N/A;N/A;N/A;N/A;N/A;N/A;N/A;N/A;N/A;N/A;N/A;N/A;N/A;N/A;N/A;N/A;N/A;N/A;N/A;N/A;N/A;N/A;N/A;N/A;N/A;N/A;N/A;N/A;N/A;N/A;N/A;N/A;N/A;N/A;N/A;N/A;N/A;;0;282.9;0;0;;Disabled;TempStop;3;740;292.4;144.5;254.1;0;599.9;549.9;Enabled;PosOk;3;0;0.3;0;0;0;15;Disabled;0;0;0;0;0;0;0;0;0;0;0;0;0;0;0;0;0;0;0;0;0;0;0;0;0;0;0;0;0;0;0;0;0;0;0;0;0;0;0;0;0;0;0;0;0;0;0;0;0;0;0;0;0;0;0;0;0;0;0;0;0;0;0;0;0;0;0;0;0;0;30;30;20;45;30;30;20;45;30;31;20;45;30;30;20;45;200;215;100;300;200;213;100;300;200;208;100;300;200;208;100;300;30;30;20;45;30;30;20;45;30;31;20;45;30;30;20;45;200;230;100;300;200;230;100;300;200;144;100;300;200;145;100;300;4;3;0.4;6;4;5;0.4;6;4;2;0.4;6;4;5;0.4;6;4;3;0.4;6;4;5;0.4;6;4;2;0.4;6;4;5;0.4;6;NOK;NOK;OK;8000;8079;7500;9000;OK;6.81;0;8;12;NOK;N/A;1.85;N/A;N/A;N/A;9;12.9;7;18;OK;;0;0;0;-;Disabled;TempOk;3;230;36.2;35.9;36.7;0;349.9;441354200 daimler 6900-7200;441354200 daimler 6900-7200;441354200 daimler 6900-7200
20260325_04:47:24;0;1;2;930;918.9;890;970;OK;930;931.4;890;970;OK;932.6;931.8;-20;-15.3;-50;-25;NOK;-20;-16;-50;-25;NOK;-16.7;-17.1;0;-20;-15.3;-50;-25;NOK;300;311;300;565;OK;0;0;N/A;N/A;N/A;N/A;N/A;N/A;N/A;N/A;N/A;N/A;N/A;N/A;N/A;N/A;N/A;N/A;N/A;N/A;N/A;N/A;N/A;N/A;N/A;N/A;N/A;N/A;N/A;N/A;N/A;N/A;N/A;N/A;N/A;N/A;N/A;N/A;N/A;N/A;N/A;N/A;N/A;N/A;N/A;N/A;N/A;N/A;N/A;N/A;N/A;N/A;N/A;N/A;N/A;N/A;N/A;N/A;N/A;N/A;N/A;N/A;N/A;N/A;N/A;N/A;N/A;N/A;N/A;N/A;N/A;N/A;N/A;N/A;N/A;N/A;N/A;N/A;N/A;N/A;N/A;N/A;N/A;N/A;N/A;N/A;N/A;N/A;N/A;N/A;N/A;N/A;N/A;N/A;N/A;N/A;N/A;N/A;N/A;N/A;;0;284.7;0;0;;Disabled;TempStop;3;740;294.9;152.9;253.5;0;599.9;549.9;Enabled;PosOk;3;0;0.8;0;0;0;15;Disabled;0;0;0;0;0;0;0;0;0;0;0;0;0;0;0;0;0;0;0;0;0;0;0;0;0;0;0;0;0;0;0;0;0;0;0;0;0;0;0;0;0;0;0;0;0;0;0;0;0;0;0;0;0;0;0;0;0;0;0;0;0;0;0;0;0;0;0;0;0;0;30;30;20;45;30;30;20;45;30;31;20;45;30;30;20;45;200;215;100;300;200;213;100;300;200;208;100;300;200;208;100;300;30;30;20;45;30;30;20;45;30;31;20;45;30;30;20;45;200;231;100;300;200;229;100;300;200;144;100;300;200;144;100;300;4;2;0.4;6;4;5;0.4;6;4;2;0.4;6;4;5;0.4;6;4;3;0.4;6;4;5;0.4;6;4;2;0.4;6;4;5;0.4;6;NOK;NOK;OK;8000;8068;7500;9000;OK;6.81;0;8;12;NOK;N/A;1.85;N/A;N/A;N/A;9;12.8;7;18;OK;;0;0;0;-;Disabled;TempOk;3;230;36.9;35.9;36.2;0;349.9;441354200 daimler 6900-7200;441354200 daimler 6900-7200;441354200 daimler 6900-7200
20260325_04:48:00;0;3;2;930;919.9;890;970;OK;930;931.6;890;970;OK;932.8;932.2;-20;-17.2;-50;-25;NOK;-20;-17.8;-50;-25;NOK;-16.4;-17.5;0;-20;-17.1;-50;-25;NOK;300;311;300;565;OK;0;0;N/A;N/A;N/A;N/A;N/A;N/A;N/A;N/A;N/A;N/A;N/A;N/A;N/A;N/A;N/A;N/A;N/A;N/A;N/A;N/A;N/A;N/A;N/A;N/A;N/A;N/A;N/A;N/A;N/A;N/A;N/A;N/A;N/A;N/A;N/A;N/A;N/A;N/A;N/A;N/A;N/A;N/A;N/A;N/A;N/A;N/A;N/A;N/A;N/A;N/A;N/A;N/A;N/A;N/A;N/A;N/A;N/A;N/A;N/A;N/A;N/A;N/A;N/A;N/A;N/A;N/A;N/A;N/A;N/A;N/A;N/A;N/A;N/A;N/A;N/A;N/A;N/A;N/A;N/A;N/A;N/A;N/A;N/A;N/A;N/A;N/A;N/A;N/A;N/A;N/A;N/A;N/A;N/A;N/A;N/A;N/A;N/A;N/A;;0;284.3;0;0;;Disabled;TempStop;3;740;293;151.2;255.7;0;599.9;549.9;Enabled;PosOk;3;0;0;0;0;0;15;Disabled;0;0;0;0;0;0;0;0;0;0;0;0;0;0;0;0;0;0;0;0;0;0;0;0;0;0;0;0;0;0;0;0;0;0;0;0;0;0;0;0;0;0;0;0;0;0;0;0;0;0;0;0;0;0;0;0;0;0;0;0;0;0;0;0;0;0;0;0;0;0;30;30;20;45;30;30;20;45;30;31;20;45;30;30;20;45;200;215;100;300;200;213;100;300;200;208;100;300;200;208;100;300;30;30;20;45;30;30;20;45;30;31;20;45;30;30;20;45;200;231;100;300;200;229;100;300;200;144;100;300;200;145;100;300;4;2;0.4;6;4;5;0.4;6;4;2;0.4;6;4;5;0.4;6;4;3;0.4;6;4;5;0.4;6;4;2;0.4;6;4;5;0.4;6;NOK;NOK;OK;8000;8055;7500;9000;OK;6.81;0;8;12;NOK;N/A;1.85;N/A;N/A;N/A;9;12.8;7;18;OK;;0;0;0;-;Disabled;TempOk;3;230;36.4;36.4;36.4;0;349.9;441354200 daimler 6900-7200;441354200 daimler 6900-7200;441354200 daimler 6900-7200
20260325_04:48:35;0;1;3;930;919.6;890;970;OK;930;931.3;890;970;OK;932.1;931.6;-20;-15.6;-50;-25;NOK;-20;-16.2;-50;-25;NOK;-18.4;-18.1;0;-20;-15.5;-50;-25;NOK;300;311;300;565;OK;0;0;N/A;N/A;N/A;N/A;N/A;N/A;N/A;N/A;N/A;N/A;N/A;N/A;N/A;N/A;N/A;N/A;N/A;N/A;N/A;N/A;N/A;N/A;N/A;N/A;N/A;N/A;N/A;N/A;N/A;N/A;N/A;N/A;N/A;N/A;N/A;N/A;N/A;N/A;N/A;N/A;N/A;N/A;N/A;N/A;N/A;N/A;N/A;N/A;N/A;N/A;N/A;N/A;N/A;N/A;N/A;N/A;N/A;N/A;N/A;N/A;N/A;N/A;N/A;N/A;N/A;N/A;N/A;N/A;N/A;N/A;N/A;N/A;N/A;N/A;N/A;N/A;N/A;N/A;N/A;N/A;N/A;N/A;N/A;N/A;N/A;N/A;N/A;N/A;N/A;N/A;N/A;N/A;N/A;N/A;N/A;N/A;N/A;N/A;;0;284.8;0;0;;Disabled;TempStop;3;740;295.4;152.8;252.4;0;599.9;549.9;Enabled;PosOk;3;0;0;0;0;0;15;Disabled;0;0;0;0;0;0;0;0;0;0;0;0;0;0;0;0;0;0;0;0;0;0;0;0;0;0;0;0;0;0;0;0;0;0;0;0;0;0;0;0;0;0;0;0;0;0;0;0;0;0;0;0;0;0;0;0;0;0;0;0;0;0;0;0;0;0;0;0;48;7;30;30;20;45;30;30;20;45;30;31;20;45;30;30;20;45;200;216;100;300;200;213;100;300;200;208;100;300;200;207;100;300;30;30;20;45;30;30;20;45;30;31;20;45;30;30;20;45;200;230;100;300;200;229;100;300;200;144;100;300;200;145;100;300;4;3;0.4;6;4;5;0.4;6;4;3;0.4;6;4;5;0.4;6;4;3;0.4;6;4;5;0.4;6;4;3;0.4;6;4;5;0.4;6;NOK;NOK;OK;8000;7997;7500;9000;OK;6.82;0;8;12;NOK;N/A;1.85;N/A;N/A;N/A;9;12.6;7;18;OK;;0;0;0;-;Disabled;TempOk;3;230;36.7;36.7;36.7;0;349.9;441354200 daimler 6900-7200;441354200 daimler 6900-7200;441354200 daimler 6900-7200
20260325_04:49:11;0;3;3;930;918.8;890;970;OK;930;931.5;890;970;OK;932.5;932;-20;-16.7;-50;-25;NOK;-20;-16.9;-50;-25;NOK;-14.9;-15.9;0;-20;-16.7;-50;-25;NOK;300;311;300;565;OK;0;0;N/A;N/A;N/A;N/A;N/A;N/A;N/A;N/A;N/A;N/A;N/A;N/A;N/A;N/A;N/A;N/A;N/A;N/A;N/A;N/A;N/A;N/A;N/A;N/A;N/A;N/A;N/A;N/A;N/A;N/A;N/A;N/A;N/A;N/A;N/A;N/A;N/A;N/A;N/A;N/A;N/A;N/A;N/A;N/A;N/A;N/A;N/A;N/A;N/A;N/A;N/A;N/A;N/A;N/A;N/A;N/A;N/A;N/A;N/A;N/A;N/A;N/A;N/A;N/A;N/A;N/A;N/A;N/A;N/A;N/A;N/A;N/A;N/A;N/A;N/A;N/A;N/A;N/A;N/A;N/A;N/A;N/A;N/A;N/A;N/A;N/A;N/A;N/A;N/A;N/A;N/A;N/A;N/A;N/A;N/A;N/A;N/A;N/A;;0;283.8;0;0;;Disabled;TempStop;3;740;292.4;152.4;253.4;0;599.9;549.9;Enabled;PosOk;3;0;0.8;0;0;0;15;Disabled;0;0;0;0;0;0;0;0;0;0;0;0;0;0;0;0;0;0;0;0;0;0;0;0;0;0;0;0;0;0;0;0;0;0;0;0;0;0;0;0;0;0;0;0;0;0;0;0;0;0;0;0;0;0;0;0;0;0;0;0;0;0;0;0;0;0;0;0;0;0;30;30;20;45;30;30;20;45;30;31;20;45;30;30;20;45;200;215;100;300;200;213;100;300;200;208;100;300;200;208;100;300;30;30;20;45;30;30;20;45;30;31;20;45;30;30;20;45;200;230;100;300;200;229;100;300;200;145;100;300;200;145;100;300;4;3;0.4;6;4;5;0.4;6;4;2;0.4;6;4;5;0.4;6;4;3;0.4;6;4;5;0.4;6;4;3;0.4;6;4;5;0.4;6;NOK;NOK;OK;8000;8092;7500;9000;OK;6.82;0;8;12;NOK;N/A;1.85;N/A;N/A;N/A;9;12.6;7;18;OK;;0;0;0;-;Disabled;TempOk;3;230;36.9;35.9;36.2;0;349.9;441354200 daimler 6900-7200;441354200 daimler 6900-7200;441354200 daimler 6900-7200
20260325_04:49:47;0;1;4;930;918.7;890;970;OK;930;931.3;890;970;OK;932.1;931.8;-20;-14;-50;-25;NOK;-20;-14.6;-50;-25;NOK;-16.6;-16.3;0;-20;-13.9;-50;-25;NOK;300;311;300;565;OK;0;0;N/A;N/A;N/A;N/A;N/A;N/A;N/A;N/A;N/A;N/A;N/A;N/A;N/A;N/A;N/A;N/A;N/A;N/A;N/A;N/A;N/A;N/A;N/A;N/A;N/A;N/A;N/A;N/A;N/A;N/A;N/A;N/A;N/A;N/A;N/A;N/A;N/A;N/A;N/A;N/A;N/A;N/A;N/A;N/A;N/A;N/A;N/A;N/A;N/A;N/A;N/A;N/A;N/A;N/A;N/A;N/A;N/A;N/A;N/A;N/A;N/A;N/A;N/A;N/A;N/A;N/A;N/A;N/A;N/A;N/A;N/A;N/A;N/A;N/A;N/A;N/A;N/A;N/A;N/A;N/A;N/A;N/A;N/A;N/A;N/A;N/A;N/A;N/A;N/A;N/A;N/A;N/A;N/A;N/A;N/A;N/A;N/A;N/A;;0;285;0;0;;Disabled;TempStop;3;740;293.9;152;251;0;599.9;549.9;Enabled;PosOk;3;0;0;0;0;0;15;Disabled;0;0;0;0;0;0;0;0;0;0;0;0;0;0;0;0;0;0;0;0;0;0;0;0;0;0;0;0;0;0;0;0;0;0;0;0;0;0;0;0;0;0;0;0;0;0;0;0;0;0;0;0;0;0;0;0;0;0;0;0;0;0;0;0;0;0;0;0;49;19;30;30;20;45;30;29;20;45;30;30;20;45;30;29;20;45;200;215;100;300;200;213;100;300;200;208;100;300;200;208;100;300;30;30;20;45;30;29;20;45;30;30;20;45;30;29;20;45;200;232;100;300;200;230;100;300;200;144;100;300;200;145;100;300;4;3;0.4;6;4;5;0.4;6;4;2;0.4;6;4;5;0.4;6;4;3;0.4;6;4;5;0.4;6;4;3;0.4;6;4;5;0.4;6;NOK;NOK;OK;8000;8071;7500;9000;OK;6.81;0;8;12;NOK;N/A;1.85;N/A;N/A;N/A;9;13.2;7;18;OK;;0;0;0;-;Disabled;TempOk;3;230;36.2;35.9;36.2;0;349.9;441354200 daimler 6900-7200;441354200 daimler 6900-7200;441354200 daimler 6900-7200
20260325_04:50:23;0;3;4;930;919;890;970;OK;930;931.3;890;970;OK;932.1;931.8;-20;-15.8;-50;-25;NOK;-20;-16.8;-50;-25;NOK;-19.3;-19.2;0;-20;-15.5;-50;-25;NOK;300;311;300;565;OK;0;0;N/A;N/A;N/A;N/A;N/A;N/A;N/A;N/A;N/A;N/A;N/A;N/A;N/A;N/A;N/A;N/A;N/A;N/A;N/A;N/A;N/A;N/A;N/A;N/A;N/A;N/A;N/A;N/A;N/A;N/A;N/A;N/A;N/A;N/A;N/A;N/A;N/A;N/A;N/A;N/A;N/A;N/A;N/A;N/A;N/A;N/A;N/A;N/A;N/A;N/A;N/A;N/A;N/A;N/A;N/A;N/A;N/A;N/A;N/A;N/A;N/A;N/A;N/A;N/A;N/A;N/A;N/A;N/A;N/A;N/A;N/A;N/A;N/A;N/A;N/A;N/A;N/A;N/A;N/A;N/A;N/A;N/A;N/A;N/A;N/A;N/A;N/A;N/A;N/A;N/A;N/A;N/A;N/A;N/A;N/A;N/A;N/A;N/A;;0;283.2;0;0;;Disabled;TempStop;3;740;294.4;147.5;257.9;0;599.9;549.9;Enabled;PosOk;3;0;0.1;0;0;0;15;Disabled;0;0;0;0;0;0;0;0;0;0;0;0;0;0;0;0;0;0;0;0;0;0;0;0;0;0;0;0;0;0;0;0;0;0;0;0;0;0;0;0;0;0;0;0;0;0;0;0;0;0;0;0;0;0;0;0;0;0;0;0;0;0;0;0;0;0;0;0;0;0;30;29;20;45;30;29;20;45;30;30;20;45;30;29;20;45;200;215;100;300;200;213;100;300;200;208;100;300;200;208;100;300;30;29;20;45;30;29;20;45;30;30;20;45;30;29;20;45;200;231;100;300;200;229;100;300;200;144;100;300;200;145;100;300;4;2;0.4;6;4;5;0.4;6;4;2;0.4;6;4;5;0.4;6;4;3;0.4;6;4;5;0.4;6;4;3;0.4;6;4;5;0.4;6;NOK;NOK;OK;8000;8082;7500;9000;OK;6.82;0;8;12;NOK;N/A;1.85;N/A;N/A;N/A;9;13.2;7;18;OK;;0;0;0;-;Disabled;TempOk;3;230;36.7;36.2;36.9;0;349.9;441354200 daimler 6900-7200;441354200 daimler 6900-7200;441354200 daimler 6900-7200
20260325_04:50:59;0;3;5;930;921.3;890;970;OK;930;930.9;890;970;OK;932;931.6;-20;-19.4;-50;-25;NOK;-20;-19.5;-50;-25;NOK;-19.7;-20.1;0;-20;-19.3;-50;-25;NOK;300;311;300;565;OK;0;0;N/A;N/A;N/A;N/A;N/A;N/A;N/A;N/A;N/A;N/A;N/A;N/A;N/A;N/A;N/A;N/A;N/A;N/A;N/A;N/A;N/A;N/A;N/A;N/A;N/A;N/A;N/A;N/A;N/A;N/A;N/A;N/A;N/A;N/A;N/A;N/A;N/A;N/A;N/A;N/A;N/A;N/A;N/A;N/A;N/A;N/A;N/A;N/A;N/A;N/A;N/A;N/A;N/A;N/A;N/A;N/A;N/A;N/A;N/A;N/A;N/A;N/A;N/A;N/A;N/A;N/A;N/A;N/A;N/A;N/A;N/A;N/A;N/A;N/A;N/A;N/A;N/A;N/A;N/A;N/A;N/A;N/A;N/A;N/A;N/A;N/A;N/A;N/A;N/A;N/A;N/A;N/A;N/A;N/A;N/A;N/A;N/A;N/A;;0;282.2;0;0;;Disabled;TempStop;3;740;291.3;150.3;252.2;0;599.9;549.9;Enabled;PosOk;3;0;0;0;0;0;15;Disabled;0;0;0;0;0;0;0;0;0;0;0;0;0;0;0;0;0;0;0;0;0;0;0;0;0;0;0;0;0;0;0;0;0;0;0;0;0;0;0;0;0;0;0;0;0;0;0;0;0;0;0;0;0;0;0;0;0;0;0;0;0;0;0;0;0;0;0;0;0;0;30;29;20;45;30;30;20;45;30;30;20;45;30;29;20;45;200;216;100;300;200;214;100;300;200;208;100;300;200;208;100;300;30;29;20;45;30;29;20;45;30;30;20;45;30;30;20;45;200;230;100;300;200;229;100;300;200;144;100;300;200;146;100;300;4;2;0.4;6;4;5;0.4;6;4;2;0.4;6;4;5;0.4;6;4;3;0.4;6;4;5;0.4;6;4;2;0.4;6;4;5;0.4;6;NOK;NOK;OK;8000;7938;7500;9000;OK;6.81;0;8;12;NOK;N/A;1.85;N/A;N/A;N/A;9;13.6;7;18;OK;;0;0;0;-;Disabled;TempOk;3;230;35.7;35.4;35.9;0;349.9;441354200 daimler 6900-7200;441354200 daimler 6900-7200;441354200 daimler 6900-7200
20260325_04:51:35;0;1;1;930;919.7;890;970;OK;930;931.5;890;970;OK;932.5;932;-20;-17.9;-50;-25;NOK;-20;-17.9;-50;-25;NOK;-17.5;-17.5;0;-20;-17.9;-50;-25;NOK;300;311;300;565;OK;0;0;N/A;N/A;N/A;N/A;N/A;N/A;N/A;N/A;N/A;N/A;N/A;N/A;N/A;N/A;N/A;N/A;N/A;N/A;N/A;N/A;N/A;N/A;N/A;N/A;N/A;N/A;N/A;N/A;N/A;N/A;N/A;N/A;N/A;N/A;N/A;N/A;N/A;N/A;N/A;N/A;N/A;N/A;N/A;N/A;N/A;N/A;N/A;N/A;N/A;N/A;N/A;N/A;N/A;N/A;N/A;N/A;N/A;N/A;N/A;N/A;N/A;N/A;N/A;N/A;N/A;N/A;N/A;N/A;N/A;N/A;N/A;N/A;N/A;N/A;N/A;N/A;N/A;N/A;N/A;N/A;N/A;N/A;N/A;N/A;N/A;N/A;N/A;N/A;N/A;N/A;N/A;N/A;N/A;N/A;N/A;N/A;N/A;N/A;;0;286.4;0;0;;Disabled;TempStop;3;740;296.9;150.1;255.1;0;599.9;549.9;Enabled;PosOk;3;0;0;0;0;0;15;Disabled;0;0;0;0;0;0;0;0;0;0;0;0;0;0;0;0;0;0;0;0;0;0;0;0;0;0;0;0;0;0;0;0;0;0;0;0;0;0;0;0;0;0;0;0;0;0;0;0;0;0;0;0;0;0;0;0;0;0;0;0;0;0;0;0;0;0;0;0;0;0;30;30;20;45;30;29;20;45;30;30;20;45;30;29;20;45;200;215;100;300;200;213;100;300;200;207;100;300;200;208;100;300;30;29;20;45;30;30;20;45;30;30;20;45;30;29;20;45;200;231;100;300;200;230;100;300;200;144;100;300;200;145;100;300;4;2;0.4;6;4;5;0.4;6;4;2;0.4;6;4;5;0.4;6;4;3;0.4;6;4;5;0.4;6;4;2;0.4;6;4;5;0.4;6;NOK;NOK;OK;8000;8063;7500;9000;OK;6.81;0;8;12;NOK;N/A;1.85;N/A;N/A;N/A;9;13.5;7;18;OK;;0;0;0;-;Disabled;TempOk;3;230;35.9;36.7;36.2;0;349.9;441354200 daimler 6900-7200;441354200 daimler 6900-7200;441354200 daimler 6900-7200
20260325_04:52:11;0;3;1;930;919.4;890;970;OK;930;931.7;890;970;OK;933.7;932.8;-20;-17.2;-50;-25;NOK;-20;-16.9;-50;-25;NOK;-14.6;-15.7;0;-20;-17.3;-50;-25;NOK;300;311;300;565;OK;0;0;N/A;N/A;N/A;N/A;N/A;N/A;N/A;N/A;N/A;N/A;N/A;N/A;N/A;N/A;N/A;N/A;N/A;N/A;N/A;N/A;N/A;N/A;N/A;N/A;N/A;N/A;N/A;N/A;N/A;N/A;N/A;N/A;N/A;N/A;N/A;N/A;N/A;N/A;N/A;N/A;N/A;N/A;N/A;N/A;N/A;N/A;N/A;N/A;N/A;N/A;N/A;N/A;N/A;N/A;N/A;N/A;N/A;N/A;N/A;N/A;N/A;N/A;N/A;N/A;N/A;N/A;N/A;N/A;N/A;N/A;N/A;N/A;N/A;N/A;N/A;N/A;N/A;N/A;N/A;N/A;N/A;N/A;N/A;N/A;N/A;N/A;N/A;N/A;N/A;N/A;N/A;N/A;N/A;N/A;N/A;N/A;N/A;N/A;;0;283.9;0;0;;Disabled;TempStop;3;740;294;151.5;255;0;599.9;549.9;Enabled;PosOk;3;0;0;0;0;0;15;Disabled;0;0;0;0;0;0;0;0;0;0;0;0;0;0;0;0;0;0;0;0;0;0;0;0;0;0;0;0;0;0;0;0;0;0;0;0;0;0;0;0;0;0;0;0;0;0;0;0;0;0;0;0;0;0;0;0;0;0;0;0;0;0;0;0;0;0;0;0;0;0;30;29;20;45;30;30;20;45;30;30;20;45;30;29;20;45;200;215;100;300;200;213;100;300;200;208;100;300;200;207;100;300;30;30;20;45;30;30;20;45;30;30;20;45;30;30;20;45;200;231;100;300;200;230;100;300;200;144;100;300;200;145;100;300;4;2;0.4;6;4;5;0.4;6;4;2;0.4;6;4;5;0.4;6;4;3;0.4;6;4;5;0.4;6;4;3;0.4;6;4;5;0.4;6;NOK;NOK;OK;8000;7970;7500;9000;OK;6.82;0;8;12;NOK;N/A;1.85;N/A;N/A;N/A;9;13.6;7;18;OK;;0;0;0;-;Disabled;TempOk;3;230;35.9;35.9;35.9;0;349.9;441354200 daimler 6900-7200;441354200 daimler 6900-7200;441354200 daimler 6900-7200
20260325_04:52:47;0;1;2;930;919.5;890;970;OK;930;931.3;890;970;OK;932.7;932;-20;-15.4;-50;-25;NOK;-20;-16;-50;-25;NOK;-16.8;-17.2;0;-20;-15.3;-50;-25;NOK;300;311;300;565;OK;0;0;N/A;N/A;N/A;N/A;N/A;N/A;N/A;N/A;N/A;N/A;N/A;N/A;N/A;N/A;N/A;N/A;N/A;N/A;N/A;N/A;N/A;N/A;N/A;N/A;N/A;N/A;N/A;N/A;N/A;N/A;N/A;N/A;N/A;N/A;N/A;N/A;N/A;N/A;N/A;N/A;N/A;N/A;N/A;N/A;N/A;N/A;N/A;N/A;N/A;N/A;N/A;N/A;N/A;N/A;N/A;N/A;N/A;N/A;N/A;N/A;N/A;N/A;N/A;N/A;N/A;N/A;N/A;N/A;N/A;N/A;N/A;N/A;N/A;N/A;N/A;N/A;N/A;N/A;N/A;N/A;N/A;N/A;N/A;N/A;N/A;N/A;N/A;N/A;N/A;N/A;N/A;N/A;N/A;N/A;N/A;N/A;N/A;N/A;;0;284.1;0;0;;Disabled;TempStop;3;740;294;147.6;255.6;0;599.9;549.9;Enabled;PosOk;3;0;0.7;0;0;0;15;Disabled;0;0;0;0;0;0;0;0;0;0;0;0;0;0;0;0;0;0;0;0;0;0;0;0;0;0;0;0;0;0;0;0;0;0;0;0;0;0;0;0;0;0;0;0;0;0;0;0;0;0;0;0;0;0;0;0;0;0;0;0;0;0;0;0;0;0;0;0;0;0;30;30;20;45;30;30;20;45;30;30;20;45;30;30;20;45;200;215;100;300;200;214;100;300;200;207;100;300;200;208;100;300;30;30;20;45;30;30;20;45;30;31;20;45;30;30;20;45;200;231;100;300;200;230;100;300;200;144;100;300;200;145;100;300;4;2;0.4;6;4;5;0.4;6;4;2;0.4;6;4;5;0.4;6;4;2;0.4;6;4;5;0.4;6;4;2;0.4;6;4;5;0.4;6;NOK;NOK;OK;8000;8086;7500;9000;OK;6.81;0;8;12;NOK;N/A;1.85;N/A;N/A;N/A;9;13.6;7;18;OK;;0;0;0;-;Disabled;TempOk;3;230;35.9;35.7;35.7;0;349.9;441354200 daimler 6900-7200;441354200 daimler 6900-7200;441354200 daimler 6900-7200
20260325_04:53:23;0;3;2;930;919.2;890;970;OK;930;931.6;890;970;OK;932.6;932.1;-20;-17.3;-50;-25;NOK;-20;-17.7;-50;-25;NOK;-16.4;-17.5;0;-20;-17.2;-50;-25;NOK;300;311;300;565;OK;0;0;N/A;N/A;N/A;N/A;N/A;N/A;N/A;N/A;N/A;N/A;N/A;N/A;N/A;N/A;N/A;N/A;N/A;N/A;N/A;N/A;N/A;N/A;N/A;N/A;N/A;N/A;N/A;N/A;N/A;N/A;N/A;N/A;N/A;N/A;N/A;N/A;N/A;N/A;N/A;N/A;N/A;N/A;N/A;N/A;N/A;N/A;N/A;N/A;N/A;N/A;N/A;N/A;N/A;N/A;N/A;N/A;N/A;N/A;N/A;N/A;N/A;N/A;N/A;N/A;N/A;N/A;N/A;N/A;N/A;N/A;N/A;N/A;N/A;N/A;N/A;N/A;N/A;N/A;N/A;N/A;N/A;N/A;N/A;N/A;N/A;N/A;N/A;N/A;N/A;N/A;N/A;N/A;N/A;N/A;N/A;N/A;N/A;N/A;;0;282.2;0;0;;Disabled;TempStop;3;740;291.5;150.6;253.6;0;599.9;549.9;Enabled;PosOk;3;0;0;0;0;0;15;Disabled;0;0;0;0;0;0;0;0;0;0;0;0;0;0;0;0;0;0;0;0;0;0;0;0;0;0;0;0;0;0;0;0;0;0;0;0;0;0;0;0;0;0;0;0;0;0;0;0;0;0;0;0;0;0;0;0;0;0;0;0;0;0;0;0;0;0;0;0;0;0;30;30;20;45;30;30;20;45;30;30;20;45;30;30;20;45;200;216;100;300;200;213;100;300;200;207;100;300;200;207;100;300;30;30;20;45;30;30;20;45;30;31;20;45;30;30;20;45;200;231;100;300;200;228;100;300;200;144;100;300;200;145;100;300;4;2;0.4;6;4;5;0.4;6;4;2;0.4;6;4;5;0.4;6;4;3;0.4;6;4;5;0.4;6;4;3;0.4;6;4;5;0.4;6;NOK;NOK;OK;8000;8083;7500;9000;OK;6.82;0;8;12;NOK;N/A;1.85;N/A;N/A;N/A;9;13.1;7;18;OK;;0;0;0;-;Disabled;TempOk;3;230;36.2;35.9;36.4;0;349.9;441354200 daimler 6900-7200;441354200 daimler 6900-7200;441354200 daimler 6900-7200
20260325_04:53:59;0;1;3;930;919.7;890;970;OK;930;931.2;890;970;OK;932.5;931.7;-20;-15.6;-50;-25;NOK;-20;-16.1;-50;-25;NOK;-18.4;-18;0;-20;-15.6;-50;-25;NOK;300;311;300;565;OK;0;0;N/A;N/A;N/A;N/A;N/A;N/A;N/A;N/A;N/A;N/A;N/A;N/A;N/A;N/A;N/A;N/A;N/A;N/A;N/A;N/A;N/A;N/A;N/A;N/A;N/A;N/A;N/A;N/A;N/A;N/A;N/A;N/A;N/A;N/A;N/A;N/A;N/A;N/A;N/A;N/A;N/A;N/A;N/A;N/A;N/A;N/A;N/A;N/A;N/A;N/A;N/A;N/A;N/A;N/A;N/A;N/A;N/A;N/A;N/A;N/A;N/A;N/A;N/A;N/A;N/A;N/A;N/A;N/A;N/A;N/A;N/A;N/A;N/A;N/A;N/A;N/A;N/A;N/A;N/A;N/A;N/A;N/A;N/A;N/A;N/A;N/A;N/A;N/A;N/A;N/A;N/A;N/A;N/A;N/A;N/A;N/A;N/A;N/A;;0;284.2;0;0;;Disabled;TempStop;3;740;294;147.6;253.9;0;599.9;549.9;Enabled;PosOk;3;0;0.1;0;0;0;15;Disabled;0;0;0;0;0;0;0;0;0;0;0;0;0;0;0;0;0;0;0;0;0;0;0;0;0;0;0;0;0;0;0;0;0;0;0;0;0;0;0;0;0;0;0;0;0;0;0;0;0;0;0;0;0;0;0;0;0;0;0;0;0;0;0;0;0;0;0;0;53;30;30;30;20;45;30;30;20;45;30;30;20;45;30;30;20;45;200;215;100;300;200;213;100;300;200;208;100;300;200;208;100;300;30;30;20;45;30;30;20;45;30;30;20;45;30;30;20;45;200;230;100;300;200;229;100;300;200;144;100;300;200;145;100;300;4;2;0.4;6;4;5;0.4;6;4;2;0.4;6;4;5;0.4;6;4;3;0.4;6;4;5;0.4;6;4;2;0.4;6;4;5;0.4;6;NOK;NOK;OK;8000;8082;7500;9000;OK;6.82;0;8;12;NOK;N/A;1.85;N/A;N/A;N/A;9;12.9;7;18;OK;;0;0;0;-;Disabled;TempOk;3;230;36.2;35.4;35.9;0;349.9;441354200 daimler 6900-7200;441354200 daimler 6900-7200;441354200 daimler 6900-7200
20260325_04:54:35;0;3;3;930;919.7;890;970;OK;930;931.3;890;970;OK;932.4;931.9;-20;-16.8;-50;-25;NOK;-20;-16.8;-50;-25;NOK;-14.9;-15.9;0;-20;-16.8;-50;-25;NOK;300;311;300;565;OK;0;0;N/A;N/A;N/A;N/A;N/A;N/A;N/A;N/A;N/A;N/A;N/A;N/A;N/A;N/A;N/A;N/A;N/A;N/A;N/A;N/A;N/A;N/A;N/A;N/A;N/A;N/A;N/A;N/A;N/A;N/A;N/A;N/A;N/A;N/A;N/A;N/A;N/A;N/A;N/A;N/A;N/A;N/A;N/A;N/A;N/A;N/A;N/A;N/A;N/A;N/A;N/A;N/A;N/A;N/A;N/A;N/A;N/A;N/A;N/A;N/A;N/A;N/A;N/A;N/A;N/A;N/A;N/A;N/A;N/A;N/A;N/A;N/A;N/A;N/A;N/A;N/A;N/A;N/A;N/A;N/A;N/A;N/A;N/A;N/A;N/A;N/A;N/A;N/A;N/A;N/A;N/A;N/A;N/A;N/A;N/A;N/A;N/A;N/A;;0;283.3;0;0;;Disabled;TempStop;3;740;292.4;147.5;255.2;0;599.9;549.9;Enabled;PosOk;3;0;0.7;0;0;0;15;Disabled;0;0;0;0;0;0;0;0;0;0;0;0;0;0;0;0;0;0;0;0;0;0;0;0;0;0;0;0;0;0;0;0;0;0;0;0;0;0;0;0;0;0;0;0;0;0;0;0;0;0;0;0;0;0;0;0;0;0;0;0;0;0;0;0;0;0;0;0;0;0;30;30;20;45;30;30;20;45;30;30;20;45;30;30;20;45;200;215;100;300;200;213;100;300;200;208;100;300;200;208;100;300;30;30;20;45;30;30;20;45;30;31;20;45;30;30;20;45;200;231;100;300;200;229;100;300;200;144;100;300;200;144;100;300;4;2;0.4;6;4;5;0.4;6;4;2;0.4;6;4;5;0.4;6;4;3;0.4;6;4;5;0.4;6;4;2;0.4;6;4;5;0.4;6;NOK;NOK;OK;8000;8077;7500;9000;OK;6.81;0;8;12;NOK;N/A;1.85;N/A;N/A;N/A;9;12.9;7;18;OK;;0;0;0;-;Disabled;TempOk;3;230;35.9;35.7;36.7;0;349.9;441354200 daimler 6900-7200;441354200 daimler 6900-7200;441354200 daimler 6900-7200
20260325_04:55:11;0;1;4;930;917.9;890;970;OK;930;931.4;890;970;OK;932.2;931.9;-20;-14.1;-50;-25;NOK;-20;-14.6;-50;-25;NOK;-16.6;-16.2;0;-20;-14;-50;-25;NOK;300;311;300;565;OK;0;0;N/A;N/A;N/A;N/A;N/A;N/A;N/A;N/A;N/A;N/A;N/A;N/A;N/A;N/A;N/A;N/A;N/A;N/A;N/A;N/A;N/A;N/A;N/A;N/A;N/A;N/A;N/A;N/A;N/A;N/A;N/A;N/A;N/A;N/A;N/A;N/A;N/A;N/A;N/A;N/A;N/A;N/A;N/A;N/A;N/A;N/A;N/A;N/A;N/A;N/A;N/A;N/A;N/A;N/A;N/A;N/A;N/A;N/A;N/A;N/A;N/A;N/A;N/A;N/A;N/A;N/A;N/A;N/A;N/A;N/A;N/A;N/A;N/A;N/A;N/A;N/A;N/A;N/A;N/A;N/A;N/A;N/A;N/A;N/A;N/A;N/A;N/A;N/A;N/A;N/A;N/A;N/A;N/A;N/A;N/A;N/A;N/A;N/A;;0;284.4;0;0;;Disabled;TempStop;3;740;293;147.7;255;0;599.9;549.9;Enabled;PosOk;3;0;0;0;0;0;15;Disabled;0;0;0;0;0;0;0;0;0;0;0;0;0;0;0;0;0;0;0;0;0;0;0;0;0;0;0;0;0;0;0;0;0;0;0;0;0;0;0;0;0;0;0;0;0;0;0;0;0;0;0;0;0;0;0;0;0;0;0;0;0;0;0;0;0;0;0;0;54;42;30;30;20;45;30;30;20;45;30;30;20;45;30;30;20;45;200;215;100;300;200;213;100;300;200;208;100;300;200;208;100;300;30;30;20;45;30;30;20;45;30;31;20;45;30;30;20;45;200;231;100;300;200;229;100;300;200;145;100;300;200;145;100;300;4;3;0.4;6;4;5;0.4;6;4;2;0.4;6;4;5;0.4;6;4;3;0.4;6;4;5;0.4;6;4;3;0.4;6;4;5;0.4;6;NOK;NOK;OK;8000;8072;7500;9000;OK;6.81;0;8;12;NOK;N/A;1.85;N/A;N/A;N/A;9;12.7;7;18;OK;;0;0;0;-;Disabled;TempOk;3;230;35.7;35.7;36.2;0;349.9;441354200 daimler 6900-7200;441354200 daimler 6900-7200;441354200 daimler 6900-7200
20260325_04:55:47;0;3;4;930;919;890;970;OK;930;931.3;890;970;OK;932.2;931.7;-20;-15.8;-50;-25;NOK;-20;-16.9;-50;-25;NOK;-19.2;-19;0;-20;-15.6;-50;-25;NOK;300;311;300;565;OK;0;0;N/A;N/A;N/A;N/A;N/A;N/A;N/A;N/A;N/A;N/A;N/A;N/A;N/A;N/A;N/A;N/A;N/A;N/A;N/A;N/A;N/A;N/A;N/A;N/A;N/A;N/A;N/A;N/A;N/A;N/A;N/A;N/A;N/A;N/A;N/A;N/A;N/A;N/A;N/A;N/A;N/A;N/A;N/A;N/A;N/A;N/A;N/A;N/A;N/A;N/A;N/A;N/A;N/A;N/A;N/A;N/A;N/A;N/A;N/A;N/A;N/A;N/A;N/A;N/A;N/A;N/A;N/A;N/A;N/A;N/A;N/A;N/A;N/A;N/A;N/A;N/A;N/A;N/A;N/A;N/A;N/A;N/A;N/A;N/A;N/A;N/A;N/A;N/A;N/A;N/A;N/A;N/A;N/A;N/A;N/A;N/A;N/A;N/A;;0;282.4;0;0;;Disabled;TempStop;3;740;292;146.6;255.8;0;599.9;549.9;Enabled;PosOk;3;0;0;0;0;0;15;Disabled;0;0;0;0;0;0;0;0;0;0;0;0;0;0;0;0;0;0;0;0;0;0;0;0;0;0;0;0;0;0;0;0;0;0;0;0;0;0;0;0;0;0;0;0;0;0;0;0;0;0;0;0;0;0;0;0;0;0;0;0;0;0;0;0;0;0;0;0;0;0;30;30;20;45;30;30;20;45;30;31;20;45;30;30;20;45;200;216;100;300;200;213;100;300;200;208;100;300;200;208;100;300;30;30;20;45;30;30;20;45;30;31;20;45;30;30;20;45;200;231;100;300;200;229;100;300;200;144;100;300;200;145;100;300;4;2;0.4;6;4;5;0.4;6;4;2;0.4;6;4;5;0.4;6;4;3;0.4;6;4;5;0.4;6;4;3;0.4;6;4;5;0.4;6;NOK;NOK;OK;8000;8082;7500;9000;OK;6.81;0;8;12;NOK;N/A;1.85;N/A;N/A;N/A;9;12.7;7;18;OK;;0;0;0;-;Disabled;TempOk;3;230;36.9;36.2;36.9;0;349.9;441354200 daimler 6900-7200;441354200 daimler 6900-7200;441354200 daimler 6900-7200
20260325_04:56:23;0;3;5;930;920.5;890;970;OK;930;930.8;890;970;OK;931.6;931.3;-20;-19.2;-50;-25;NOK;-20;-19.8;-50;-25;NOK;-19.7;-20.3;0;-20;-19;-50;-25;NOK;300;311;300;565;OK;0;0;N/A;N/A;N/A;N/A;N/A;N/A;N/A;N/A;N/A;N/A;N/A;N/A;N/A;N/A;N/A;N/A;N/A;N/A;N/A;N/A;N/A;N/A;N/A;N/A;N/A;N/A;N/A;N/A;N/A;N/A;N/A;N/A;N/A;N/A;N/A;N/A;N/A;N/A;N/A;N/A;N/A;N/A;N/A;N/A;N/A;N/A;N/A;N/A;N/A;N/A;N/A;N/A;N/A;N/A;N/A;N/A;N/A;N/A;N/A;N/A;N/A;N/A;N/A;N/A;N/A;N/A;N/A;N/A;N/A;N/A;N/A;N/A;N/A;N/A;N/A;N/A;N/A;N/A;N/A;N/A;N/A;N/A;N/A;N/A;N/A;N/A;N/A;N/A;N/A;N/A;N/A;N/A;N/A;N/A;N/A;N/A;N/A;N/A;;0;282.4;0;0;;Disabled;TempStop;3;740;291.4;150.1;252.1;0;599.9;549.9;Enabled;PosOk;3;0;0.8;0;0;0;15;Disabled;0;0;0;0;0;0;0;0;0;0;0;0;0;0;0;0;0;0;0;0;0;0;0;0;0;0;0;0;0;0;0;0;0;0;0;0;0;0;0;0;0;0;0;0;0;0;0;0;0;0;0;0;0;0;0;0;0;0;0;0;0;0;0;0;0;0;0;0;0;0;30;30;20;45;30;30;20;45;30;31;20;45;30;30;20;45;200;215;100;300;200;213;100;300;200;208;100;300;200;208;100;300;30;30;20;45;30;30;20;45;30;31;20;45;30;30;20;45;200;230;100;300;200;229;100;300;200;144;100;300;200;145;100;300;4;2;0.4;6;4;5;0.4;6;4;2;0.4;6;4;5;0.4;6;4;3;0.4;6;4;5;0.4;6;4;3;0.4;6;4;5;0.4;6;NOK;NOK;OK;8000;8063;7500;9000;OK;6.81;0;8;12;NOK;N/A;1.85;N/A;N/A;N/A;9;12.6;7;18;OK;;0;0;0;-;Disabled;TempOk;3;230;36.4;35.9;36.9;0;349.9;441354200 daimler 6900-7200;441354200 daimler 6900-7200;441354200 daimler 6900-7200
20260325_04:56:59;0;1;1;930;919.3;890;970;OK;930;931.3;890;970;OK;932.6;931.8;-20;-18;-50;-25;NOK;-20;-17.5;-50;-25;NOK;-17.4;-17.3;0;-20;-18;-50;-25;NOK;300;311;300;565;OK;0;0;N/A;N/A;N/A;N/A;N/A;N/A;N/A;N/A;N/A;N/A;N/A;N/A;N/A;N/A;N/A;N/A;N/A;N/A;N/A;N/A;N/A;N/A;N/A;N/A;N/A;N/A;N/A;N/A;N/A;N/A;N/A;N/A;N/A;N/A;N/A;N/A;N/A;N/A;N/A;N/A;N/A;N/A;N/A;N/A;N/A;N/A;N/A;N/A;N/A;N/A;N/A;N/A;N/A;N/A;N/A;N/A;N/A;N/A;N/A;N/A;N/A;N/A;N/A;N/A;N/A;N/A;N/A;N/A;N/A;N/A;N/A;N/A;N/A;N/A;N/A;N/A;N/A;N/A;N/A;N/A;N/A;N/A;N/A;N/A;N/A;N/A;N/A;N/A;N/A;N/A;N/A;N/A;N/A;N/A;N/A;N/A;N/A;N/A;;0;286.5;0;0;;Disabled;TempStop;3;740;295.7;150.5;257.5;0;599.9;549.9;Enabled;PosOk;3;0;0;0;0;0;15;Disabled;0;0;0;0;0;0;0;0;0;0;0;0;0;0;0;0;0;0;0;0;0;0;0;0;0;0;0;0;0;0;0;0;0;0;0;0;0;0;0;0;0;0;0;0;0;0;0;0;0;0;0;0;0;0;0;0;0;0;0;0;0;0;0;0;0;0;0;0;0;0;30;30;20;45;30;30;20;45;30;31;20;45;30;30;20;45;200;216;100;300;200;213;100;300;200;208;100;300;200;208;100;300;30;30;20;45;30;30;20;45;30;31;20;45;30;30;20;45;200;231;100;300;200;229;100;300;200;144;100;300;200;145;100;300;4;2;0.4;6;4;5;0.4;6;4;2;0.4;6;4;5;0.4;6;4;3;0.4;6;4;5;0.4;6;4;2;0.4;6;4;5;0.4;6;NOK;NOK;OK;8000;7975;7500;9000;OK;6.81;0;8;12;NOK;N/A;1.85;N/A;N/A;N/A;9;12.7;7;18;OK;;0;0;0;-;Disabled;TempOk;3;230;36.4;36.2;36.7;0;349.9;441354200 daimler 6900-7200;441354200 daimler 6900-7200;441354200 daimler 6900-7200
20260325_04:57:35;0;3;1;930;920;890;970;OK;930;931.8;890;970;OK;933.6;932.9;-20;-17.2;-50;-25;NOK;-20;-16.9;-50;-25;NOK;-14.6;-15.7;0;-20;-17.3;-50;-25;NOK;300;311;300;565;OK;0;0;N/A;N/A;N/A;N/A;N/A;N/A;N/A;N/A;N/A;N/A;N/A;N/A;N/A;N/A;N/A;N/A;N/A;N/A;N/A;N/A;N/A;N/A;N/A;N/A;N/A;N/A;N/A;N/A;N/A;N/A;N/A;N/A;N/A;N/A;N/A;N/A;N/A;N/A;N/A;N/A;N/A;N/A;N/A;N/A;N/A;N/A;N/A;N/A;N/A;N/A;N/A;N/A;N/A;N/A;N/A;N/A;N/A;N/A;N/A;N/A;N/A;N/A;N/A;N/A;N/A;N/A;N/A;N/A;N/A;N/A;N/A;N/A;N/A;N/A;N/A;N/A;N/A;N/A;N/A;N/A;N/A;N/A;N/A;N/A;N/A;N/A;N/A;N/A;N/A;N/A;N/A;N/A;N/A;N/A;N/A;N/A;N/A;N/A;;0;284.1;0;0;;Disabled;TempStop;3;740;293.4;151.7;255.2;0;599.9;549.9;Enabled;PosOk;3;0;0;0;0;0;15;Disabled;0;0;0;0;0;0;0;0;0;0;0;0;0;0;0;0;0;0;0;0;0;0;0;0;0;0;0;0;0;0;0;0;0;0;0;0;0;0;0;0;0;0;0;0;0;0;0;0;0;0;0;0;0;0;0;0;0;0;0;0;0;0;0;0;0;0;0;0;0;0;30;30;20;45;30;30;20;45;30;31;20;45;30;30;20;45;200;216;100;300;200;213;100;300;200;208;100;300;200;208;100;300;30;30;20;45;30;30;20;45;30;31;20;45;30;30;20;45;200;231;100;300;200;229;100;300;200;144;100;300;200;146;100;300;4;2;0.4;6;4;5;0.4;6;4;2;0.4;6;4;5;0.4;6;4;3;0.4;6;4;5;0.4;6;4;2;0.4;6;4;5;0.4;6;NOK;NOK;OK;8000;8067;7500;9000;OK;6.81;0;8;12;NOK;N/A;1.85;N/A;N/A;N/A;9;12.7;7;18;OK;;0;0;0;-;Disabled;TempOk;3;230;36.2;36.2;36.4;0;349.9;441354200 daimler 6900-7200;441354200 daimler 6900-7200;441354200 daimler 6900-7200
20260325_04:58:11;0;1;2;930;919.4;890;970;OK;930;931.4;890;970;OK;932.8;931.9;-20;-15.5;-50;-25;NOK;-20;-16.1;-50;-25;NOK;-16.6;-17;0;-20;-15.4;-50;-25;NOK;300;311;300;565;OK;0;0;N/A;N/A;N/A;N/A;N/A;N/A;N/A;N/A;N/A;N/A;N/A;N/A;N/A;N/A;N/A;N/A;N/A;N/A;N/A;N/A;N/A;N/A;N/A;N/A;N/A;N/A;N/A;N/A;N/A;N/A;N/A;N/A;N/A;N/A;N/A;N/A;N/A;N/A;N/A;N/A;N/A;N/A;N/A;N/A;N/A;N/A;N/A;N/A;N/A;N/A;N/A;N/A;N/A;N/A;N/A;N/A;N/A;N/A;N/A;N/A;N/A;N/A;N/A;N/A;N/A;N/A;N/A;N/A;N/A;N/A;N/A;N/A;N/A;N/A;N/A;N/A;N/A;N/A;N/A;N/A;N/A;N/A;N/A;N/A;N/A;N/A;N/A;N/A;N/A;N/A;N/A;N/A;N/A;N/A;N/A;N/A;N/A;N/A;;0;284.3;0;0;;Disabled;TempStop;3;740;293.9;152.1;255;0;599.9;549.9;Enabled;PosOk;3;0;0.5;0;0;0;15;Disabled;0;0;0;0;0;0;0;0;0;0;0;0;0;0;0;0;0;0;0;0;0;0;0;0;0;0;0;0;0;0;0;0;0;0;0;0;0;0;0;0;0;0;0;0;0;0;0;0;0;0;0;0;0;0;0;0;0;0;0;0;0;0;0;0;0;0;0;0;0;0;30;30;20;45;30;29;20;45;30;30;20;45;30;29;20;45;200;216;100;300;200;213;100;300;200;208;100;300;200;208;100;300;30;30;20;45;30;29;20;45;30;31;20;45;30;29;20;45;200;231;100;300;200;230;100;300;200;144;100;300;200;145;100;300;4;2;0.4;6;4;5;0.4;6;4;2;0.4;6;4;5;0.4;6;4;3;0.4;6;4;5;0.4;6;4;2;0.4;6;4;5;0.4;6;NOK;NOK;OK;8000;7995;7500;9000;OK;6.82;0;8;12;NOK;N/A;1.85;N/A;N/A;N/A;9;13.2;7;18;OK;;0;0;0;-;Disabled;TempOk;3;230;36.2;36.2;36.7;0;349.9;441354200 daimler 6900-7200;441354200 daimler 6900-7200;441354200 daimler 6900-7200
20260325_04:58:46;0;3;2;930;919.5;890;970;OK;930;931.5;890;970;OK;932.7;932;-20;-17.2;-50;-25;NOK;-20;-17.7;-50;-25;NOK;-16.4;-17.5;0;-20;-17.1;-50;-25;NOK;300;311;300;565;OK;0;0;N/A;N/A;N/A;N/A;N/A;N/A;N/A;N/A;N/A;N/A;N/A;N/A;N/A;N/A;N/A;N/A;N/A;N/A;N/A;N/A;N/A;N/A;N/A;N/A;N/A;N/A;N/A;N/A;N/A;N/A;N/A;N/A;N/A;N/A;N/A;N/A;N/A;N/A;N/A;N/A;N/A;N/A;N/A;N/A;N/A;N/A;N/A;N/A;N/A;N/A;N/A;N/A;N/A;N/A;N/A;N/A;N/A;N/A;N/A;N/A;N/A;N/A;N/A;N/A;N/A;N/A;N/A;N/A;N/A;N/A;N/A;N/A;N/A;N/A;N/A;N/A;N/A;N/A;N/A;N/A;N/A;N/A;N/A;N/A;N/A;N/A;N/A;N/A;N/A;N/A;N/A;N/A;N/A;N/A;N/A;N/A;N/A;N/A;;0;283.8;0;0;;Disabled;TempStop;3;740;291.8;149.8;253;0;599.9;549.9;Enabled;PosOk;3;0;0;0;0;0;15;Disabled;0;0;0;0;0;0;0;0;0;0;0;0;0;0;0;0;0;0;0;0;0;0;0;0;0;0;0;0;0;0;0;0;0;0;0;0;0;0;0;0;0;0;0;0;0;0;0;0;0;0;0;0;0;0;0;0;0;0;0;0;0;0;0;0;0;0;0;0;0;0;30;29;20;45;30;29;20;45;30;30;20;45;30;29;20;45;200;215;100;300;200;213;100;300;200;208;100;300;200;208;100;300;30;29;20;45;30;29;20;45;30;30;20;45;30;29;20;45;200;232;100;300;200;229;100;300;200;145;100;300;200;145;100;300;4;3;0.4;6;4;5;0.4;6;4;2;0.4;6;4;5;0.4;6;4;3;0.4;6;4;5;0.4;6;4;3;0.4;6;4;5;0.4;6;NOK;NOK;OK;8000;8090;7500;9000;OK;6.82;0;8;12;NOK;N/A;1.85;N/A;N/A;N/A;9;13.3;7;18;OK;;0;0;0;-;Disabled;TempOk;3;230;36.4;36.2;36.7;0;349.9;441354200 daimler 6900-7200;441354200 daimler 6900-7200;441354200 daimler 6900-7200
20260325_04:59:22;0;1;3;930;919.3;890;970;OK;930;931.1;890;970;OK;932.4;931.7;-20;-15.6;-50;-25;NOK;-20;-16.1;-50;-25;NOK;-18.5;-18.1;0;-20;-15.5;-50;-25;NOK;300;311;300;565;OK;0;0;N/A;N/A;N/A;N/A;N/A;N/A;N/A;N/A;N/A;N/A;N/A;N/A;N/A;N/A;N/A;N/A;N/A;N/A;N/A;N/A;N/A;N/A;N/A;N/A;N/A;N/A;N/A;N/A;N/A;N/A;N/A;N/A;N/A;N/A;N/A;N/A;N/A;N/A;N/A;N/A;N/A;N/A;N/A;N/A;N/A;N/A;N/A;N/A;N/A;N/A;N/A;N/A;N/A;N/A;N/A;N/A;N/A;N/A;N/A;N/A;N/A;N/A;N/A;N/A;N/A;N/A;N/A;N/A;N/A;N/A;N/A;N/A;N/A;N/A;N/A;N/A;N/A;N/A;N/A;N/A;N/A;N/A;N/A;N/A;N/A;N/A;N/A;N/A;N/A;N/A;N/A;N/A;N/A;N/A;N/A;N/A;N/A;N/A;;0;284.4;0;0;;Disabled;TempStop;3;740;295.4;153.9;254.7;0;599.9;549.9;Enabled;PosOk;3;0;0;0;0;0;15;Disabled;0;0;0;0;0;0;0;0;0;0;0;0;0;0;0;0;0;0;0;0;0;0;0;0;0;0;0;0;0;0;0;0;0;0;0;0;0;0;0;0;0;0;0;0;0;0;0;0;0;0;0;0;0;0;0;0;0;0;0;0;0;0;0;0;0;0;0;0;58;54;30;29;20;45;30;29;20;45;30;30;20;45;30;29;20;45;200;216;100;300;200;213;100;300;200;208;100;300;200;208;100;300;30;29;20;45;30;29;20;45;30;30;20;45;30;30;20;45;200;231;100;300;200;229;100;300;200;145;100;300;200;146;100;300;4;3;0.4;6;4;5;0.4;6;4;2;0.4;6;4;5;0.4;6;4;3;0.4;6;4;5;0.4;6;4;2;0.4;6;4;5;0.4;6;NOK;NOK;OK;8000;8097;7500;9000;OK;6.82;0;8;12;NOK;N/A;1.85;N/A;N/A;N/A;9;13.2;7;18;OK;;0;0;0;-;Disabled;TempOk;3;230;36.4;35.7;36.2;0;349.9;441354200 daimler 6900-7200;441354200 daimler 6900-7200;441354200 daimler 6900-7200
20260325_04:59:58;0;3;3;930;919.2;890;970;OK;930;931.3;890;970;OK;932.5;932.1;-20;-16.8;-50;-25;NOK;-20;-16.8;-50;-25;NOK;-14.9;-15.9;0;-20;-16.7;-50;-25;NOK;300;311;300;565;OK;0;0;N/A;N/A;N/A;N/A;N/A;N/A;N/A;N/A;N/A;N/A;N/A;N/A;N/A;N/A;N/A;N/A;N/A;N/A;N/A;N/A;N/A;N/A;N/A;N/A;N/A;N/A;N/A;N/A;N/A;N/A;N/A;N/A;N/A;N/A;N/A;N/A;N/A;N/A;N/A;N/A;N/A;N/A;N/A;N/A;N/A;N/A;N/A;N/A;N/A;N/A;N/A;N/A;N/A;N/A;N/A;N/A;N/A;N/A;N/A;N/A;N/A;N/A;N/A;N/A;N/A;N/A;N/A;N/A;N/A;N/A;N/A;N/A;N/A;N/A;N/A;N/A;N/A;N/A;N/A;N/A;N/A;N/A;N/A;N/A;N/A;N/A;N/A;N/A;N/A;N/A;N/A;N/A;N/A;N/A;N/A;N/A;N/A;N/A;;0;283.1;0;0;;Disabled;TempStop;3;740;290.6;144.5;252.6;0;599.9;549.9;Enabled;PosOk;3;0;1;0;0;0;15;Disabled;0;0;0;0;0;0;0;0;0;0;0;0;0;0;0;0;0;0;0;0;0;0;0;0;0;0;0;0;0;0;0;0;0;0;0;0;0;0;0;0;0;0;0;0;0;0;0;0;0;0;0;0;0;0;0;0;0;0;0;0;0;0;0;0;0;0;0;0;0;0;30;30;20;45;30;29;20;45;30;30;20;45;30;29;20;45;200;215;100;300;200;213;100;300;200;208;100;300;200;208;100;300;30;29;20;45;30;30;20;45;30;30;20;45;30;30;20;45;200;230;100;300;200;229;100;300;200;145;100;300;200;145;100;300;4;2;0.4;6;4;5;0.4;6;4;2;0.4;6;4;5;0.4;6;4;3;0.4;6;4;5;0.4;6;4;3;0.4;6;4;5;0.4;6;NOK;NOK;OK;8000;8092;7500;9000;OK;6.82;0;8;12;NOK;N/A;1.85;N/A;N/A;N/A;9;13.2;7;18;OK;;0;0;0;-;Disabled;TempOk;3;230;36.4;36.2;36.4;0;349.9;441354200 daimler 6900-7200;441354200 daimler 6900-7200;441354200 daimler 6900-7200
20260325_05:00:34;0;1;4;930;918.4;890;970;OK;930;931.2;890;970;OK;932.4;932;-20;-14;-50;-25;NOK;-20;-14.5;-50;-25;NOK;-16.5;-16.2;0;-20;-14;-50;-25;NOK;300;311;300;565;OK;0;0;N/A;N/A;N/A;N/A;N/A;N/A;N/A;N/A;N/A;N/A;N/A;N/A;N/A;N/A;N/A;N/A;N/A;N/A;N/A;N/A;N/A;N/A;N/A;N/A;N/A;N/A;N/A;N/A;N/A;N/A;N/A;N/A;N/A;N/A;N/A;N/A;N/A;N/A;N/A;N/A;N/A;N/A;N/A;N/A;N/A;N/A;N/A;N/A;N/A;N/A;N/A;N/A;N/A;N/A;N/A;N/A;N/A;N/A;N/A;N/A;N/A;N/A;N/A;N/A;N/A;N/A;N/A;N/A;N/A;N/A;N/A;N/A;N/A;N/A;N/A;N/A;N/A;N/A;N/A;N/A;N/A;N/A;N/A;N/A;N/A;N/A;N/A;N/A;N/A;N/A;N/A;N/A;N/A;N/A;N/A;N/A;N/A;N/A;;0;284.4;0;0;;Disabled;TempStop;3;740;292.7;148.1;254;0;599.9;549.9;Enabled;PosOk;3;0;0;0;0;0;15;Disabled;0;0;0;0;0;0;0;0;0;0;0;0;0;0;0;0;0;0;0;0;0;0;0;0;0;0;0;0;0;0;0;0;0;0;0;0;0;0;0;0;0;0;0;0;0;0;0;0;0;0;0;0;0;0;0;0;0;0;0;0;0;0;0;0;0;0;0;0;0;6;30;30;20;45;30;30;20;45;30;30;20;45;30;30;20;45;200;215;100;300;200;213;100;300;200;208;100;300;200;208;100;300;30;30;20;45;30;30;20;45;30;30;20;45;30;30;20;45;200;231;100;300;200;229;100;300;200;144;100;300;200;145;100;300;4;2;0.4;6;4;5;0.4;6;4;2;0.4;6;4;5;0.4;6;4;3;0.4;6;4;5;0.4;6;4;3;0.4;6;4;5;0.4;6;NOK;NOK;OK;8000;8079;7500;9000;OK;6.82;0;8;12;NOK;N/A;1.85;N/A;N/A;N/A;9;13.3;7;18;OK;;0;0;0;-;Disabled;TempOk;3;230;36.2;35.7;36.2;0;349.9;441354200 daimler 6900-7200;441354200 daimler 6900-7200;441354200 daimler 6900-7200
20260325_05:01:10;0;3;4;930;919.9;890;970;OK;930;931.4;890;970;OK;932.3;931.8;-20;-15.8;-50;-25;NOK;-20;-16.8;-50;-25;NOK;-19.1;-18.9;0;-20;-15.6;-50;-25;NOK;300;311;300;565;OK;0;0;N/A;N/A;N/A;N/A;N/A;N/A;N/A;N/A;N/A;N/A;N/A;N/A;N/A;N/A;N/A;N/A;N/A;N/A;N/A;N/A;N/A;N/A;N/A;N/A;N/A;N/A;N/A;N/A;N/A;N/A;N/A;N/A;N/A;N/A;N/A;N/A;N/A;N/A;N/A;N/A;N/A;N/A;N/A;N/A;N/A;N/A;N/A;N/A;N/A;N/A;N/A;N/A;N/A;N/A;N/A;N/A;N/A;N/A;N/A;N/A;N/A;N/A;N/A;N/A;N/A;N/A;N/A;N/A;N/A;N/A;N/A;N/A;N/A;N/A;N/A;N/A;N/A;N/A;N/A;N/A;N/A;N/A;N/A;N/A;N/A;N/A;N/A;N/A;N/A;N/A;N/A;N/A;N/A;N/A;N/A;N/A;N/A;N/A;;0;283.3;0;0;;Disabled;TempStop;3;740;293.2;152.4;253.6;0;599.9;549.9;Enabled;PosOk;3;0;0.1;0;0;0;15;Disabled;0;0;0;0;0;0;0;0;0;0;0;0;0;0;0;0;0;0;0;0;0;0;0;0;0;0;0;0;0;0;0;0;0;0;0;0;0;0;0;0;0;0;0;0;0;0;0;0;0;0;0;0;0;0;0;0;0;0;0;0;0;0;0;0;0;0;0;0;0;0;30;30;20;45;30;30;20;45;30;30;20;45;30;30;20;45;200;215;100;300;200;213;100;300;200;208;100;300;200;208;100;300;30;30;20;45;30;30;20;45;30;31;20;45;30;30;20;45;200;231;100;300;200;229;100;300;200;145;100;300;200;145;100;300;4;3;0.4;6;4;5;0.4;6;4;2;0.4;6;4;5;0.4;6;4;3;0.4;6;4;5;0.4;6;4;2;0.4;6;4;5;0.4;6;NOK;NOK;OK;8000;7948;7500;9000;OK;6.81;0;8;12;NOK;N/A;1.85;N/A;N/A;N/A;9;13.4;7;18;OK;;0;0;0;-;Disabled;TempOk;3;230;36.7;36.2;36.9;0;349.9;441354200 daimler 6900-7200;441354200 daimler 6900-7200;441354200 daimler 6900-7200
20260325_05:01:46;0;3;5;930;921.4;890;970;OK;930;930.8;890;970;OK;931.7;931.2;-20;-19.5;-50;-25;NOK;-20;-19.8;-50;-25;NOK;-19.3;-20;0;-20;-19.3;-50;-25;NOK;300;311;300;565;OK;0;0;N/A;N/A;N/A;N/A;N/A;N/A;N/A;N/A;N/A;N/A;N/A;N/A;N/A;N/A;N/A;N/A;N/A;N/A;N/A;N/A;N/A;N/A;N/A;N/A;N/A;N/A;N/A;N/A;N/A;N/A;N/A;N/A;N/A;N/A;N/A;N/A;N/A;N/A;N/A;N/A;N/A;N/A;N/A;N/A;N/A;N/A;N/A;N/A;N/A;N/A;N/A;N/A;N/A;N/A;N/A;N/A;N/A;N/A;N/A;N/A;N/A;N/A;N/A;N/A;N/A;N/A;N/A;N/A;N/A;N/A;N/A;N/A;N/A;N/A;N/A;N/A;N/A;N/A;N/A;N/A;N/A;N/A;N/A;N/A;N/A;N/A;N/A;N/A;N/A;N/A;N/A;N/A;N/A;N/A;N/A;N/A;N/A;N/A;;0;282.5;0;0;;Disabled;TempStop;3;740;291.3;149.2;255;0;599.9;549.9;Enabled;PosOk;3;0;0;0;0;0;15;Disabled;0;0;0;0;0;0;0;0;0;0;0;0;0;0;0;0;0;0;0;0;0;0;0;0;0;0;0;0;0;0;0;0;0;0;0;0;0;0;0;0;0;0;0;0;0;0;0;0;0;0;0;0;0;0;0;0;0;0;0;0;0;0;0;0;0;0;0;0;0;0;30;30;20;45;30;30;20;45;30;30;20;45;30;30;20;45;200;216;100;300;200;213;100;300;200;208;100;300;200;208;100;300;30;30;20;45;30;30;20;45;30;31;20;45;30;30;20;45;200;231;100;300;200;229;100;300;200;145;100;300;200;145;100;300;4;3;0.4;6;4;5;0.4;6;4;2;0.4;6;4;5;0.4;6;4;3;0.4;6;4;5;0.4;6;4;2;0.4;6;4;5;0.4;6;NOK;NOK;OK;8000;8094;7500;9000;OK;6.82;0;8;12;NOK;N/A;1.85;N/A;N/A;N/A;9;13.3;7;18;OK;;0;0;0;-;Disabled;TempOk;3;230;36.4;35.9;37.2;0;349.9;441354200 daimler 6900-7200;441354200 daimler 6900-7200;441354200 daimler 6900-7200
20260325_05:02:22;0;1;1;930;919.6;890;970;OK;930;931.4;890;970;OK;932.6;932.1;-20;-17.7;-50;-25;NOK;-20;-17.8;-50;-25;NOK;-17.3;-17.4;0;-20;-17.7;-50;-25;NOK;300;311;300;565;OK;0;0;N/A;N/A;N/A;N/A;N/A;N/A;N/A;N/A;N/A;N/A;N/A;N/A;N/A;N/A;N/A;N/A;N/A;N/A;N/A;N/A;N/A;N/A;N/A;N/A;N/A;N/A;N/A;N/A;N/A;N/A;N/A;N/A;N/A;N/A;N/A;N/A;N/A;N/A;N/A;N/A;N/A;N/A;N/A;N/A;N/A;N/A;N/A;N/A;N/A;N/A;N/A;N/A;N/A;N/A;N/A;N/A;N/A;N/A;N/A;N/A;N/A;N/A;N/A;N/A;N/A;N/A;N/A;N/A;N/A;N/A;N/A;N/A;N/A;N/A;N/A;N/A;N/A;N/A;N/A;N/A;N/A;N/A;N/A;N/A;N/A;N/A;N/A;N/A;N/A;N/A;N/A;N/A;N/A;N/A;N/A;N/A;N/A;N/A;;0;286.8;0;0;;Disabled;TempStop;3;740;295.9;154.1;258;0;599.9;549.9;Enabled;PosOk;3;0;0;0;0;0;15;Disabled;0;0;0;0;0;0;0;0;0;0;0;0;0;0;0;0;0;0;0;0;0;0;0;0;0;0;0;0;0;0;0;0;0;0;0;0;0;0;0;0;0;0;0;0;0;0;0;0;0;0;0;0;0;0;0;0;0;0;0;0;0;0;0;0;0;0;0;0;0;0;30;30;20;45;30;30;20;45;30;31;20;45;30;30;20;45;200;216;100;300;200;213;100;300;200;207;100;300;200;208;100;300;30;30;20;45;30;30;20;45;30;31;20;45;30;30;20;45;200;230;100;300;200;229;100;300;200;144;100;300;200;145;100;300;4;2;0.4;6;4;5;0.4;6;4;2;0.4;6;4;5;0.4;6;4;3;0.4;6;4;5;0.4;6;4;2;0.4;6;4;5;0.4;6;NOK;NOK;OK;8000;8093;7500;9000;OK;6.82;0;8;12;NOK;N/A;1.85;N/A;N/A;N/A;9;13.4;7;18;OK;;0;0;0;-;Disabled;TempOk;3;230;35.7;35.4;35.9;0;349.9;441354200 daimler 6900-7200;441354200 daimler 6900-7200;441354200 daimler 6900-7200
20260325_05:02:58;0;3;1;930;919.4;890;970;OK;930;931.6;890;970;OK;933.6;933;-20;-17.2;-50;-25;NOK;-20;-16.9;-50;-25;NOK;-14.7;-15.8;0;-20;-17.3;-50;-25;NOK;300;311;300;565;OK;0;0;N/A;N/A;N/A;N/A;N/A;N/A;N/A;N/A;N/A;N/A;N/A;N/A;N/A;N/A;N/A;N/A;N/A;N/A;N/A;N/A;N/A;N/A;N/A;N/A;N/A;N/A;N/A;N/A;N/A;N/A;N/A;N/A;N/A;N/A;N/A;N/A;N/A;N/A;N/A;N/A;N/A;N/A;N/A;N/A;N/A;N/A;N/A;N/A;N/A;N/A;N/A;N/A;N/A;N/A;N/A;N/A;N/A;N/A;N/A;N/A;N/A;N/A;N/A;N/A;N/A;N/A;N/A;N/A;N/A;N/A;N/A;N/A;N/A;N/A;N/A;N/A;N/A;N/A;N/A;N/A;N/A;N/A;N/A;N/A;N/A;N/A;N/A;N/A;N/A;N/A;N/A;N/A;N/A;N/A;N/A;N/A;N/A;N/A;;0;284.9;0;0;;Disabled;TempStop;3;740;294;150.8;254.9;0;599.9;549.9;Enabled;PosOk;3;0;0;0;0;0;15;Disabled;0;0;0;0;0;0;0;0;0;0;0;0;0;0;0;0;0;0;0;0;0;0;0;0;0;0;0;0;0;0;0;0;0;0;0;0;0;0;0;0;0;0;0;0;0;0;0;0;0;0;0;0;0;0;0;0;0;0;0;0;0;0;0;0;0;0;0;0;0;0;30;30;20;45;30;30;20;45;30;31;20;45;30;30;20;45;200;215;100;300;200;213;100;300;200;208;100;300;200;207;100;300;30;30;20;45;30;30;20;45;30;31;20;45;30;30;20;45;200;231;100;300;200;229;100;300;200;144;100;300;200;145;100;300;4;2;0.4;6;4;5;0.4;6;4;2;0.4;6;4;5;0.4;6;4;3;0.4;6;4;5;0.4;6;4;3;0.4;6;4;5;0.4;6;NOK;NOK;OK;8000;8072;7500;9000;OK;6.85;0;8;12;NOK;N/A;1.85;N/A;N/A;N/A;9;13.5;7;18;OK;;0;0;0;-;Disabled;TempOk;3;230;36.2;36.2;36.2;0;349.9;441354200 daimler 6900-7200;441354200 daimler 6900-7200;441354200 daimler 6900-7200
20260325_05:03:34;0;1;2;930;920.1;890;970;OK;930;931.2;890;970;OK;932.7;931.7;-20;-15.6;-50;-25;NOK;-20;-16.1;-50;-25;NOK;-16.7;-17.1;0;-20;-15.5;-50;-25;NOK;300;311;300;565;OK;0;0;N/A;N/A;N/A;N/A;N/A;N/A;N/A;N/A;N/A;N/A;N/A;N/A;N/A;N/A;N/A;N/A;N/A;N/A;N/A;N/A;N/A;N/A;N/A;N/A;N/A;N/A;N/A;N/A;N/A;N/A;N/A;N/A;N/A;N/A;N/A;N/A;N/A;N/A;N/A;N/A;N/A;N/A;N/A;N/A;N/A;N/A;N/A;N/A;N/A;N/A;N/A;N/A;N/A;N/A;N/A;N/A;N/A;N/A;N/A;N/A;N/A;N/A;N/A;N/A;N/A;N/A;N/A;N/A;N/A;N/A;N/A;N/A;N/A;N/A;N/A;N/A;N/A;N/A;N/A;N/A;N/A;N/A;N/A;N/A;N/A;N/A;N/A;N/A;N/A;N/A;N/A;N/A;N/A;N/A;N/A;N/A;N/A;N/A;;0;284.8;0;0;;Disabled;TempStop;3;740;294.8;152.9;256.2;0;599.9;549.9;Enabled;PosOk;3;0;0.5;0;0;0;15;Disabled;0;0;0;0;0;0;0;0;0;0;0;0;0;0;0;0;0;0;0;0;0;0;0;0;0;0;0;0;0;0;0;0;0;0;0;0;0;0;0;0;0;0;0;0;0;0;0;0;0;0;0;0;0;0;0;0;0;0;0;0;0;0;0;0;0;0;0;0;0;0;30;30;20;45;30;30;20;45;30;31;20;45;30;30;20;45;200;215;100;300;200;212;100;300;200;208;100;300;200;208;100;300;30;30;20;45;30;30;20;45;30;31;20;45;30;30;20;45;200;231;100;300;200;229;100;300;200;144;100;300;200;145;100;300;4;2;0.4;6;4;5;0.4;6;4;2;0.4;6;4;5;0.4;6;4;2;0.4;6;4;5;0.4;6;4;3;0.4;6;4;5;0.4;6;NOK;NOK;OK;8000;8079;7500;9000;OK;6.82;0;8;12;NOK;N/A;1.85;N/A;N/A;N/A;9;13;7;18;OK;;0;0;0;-;Disabled;TempOk;3;230;36.7;36.4;36.4;0;349.9;441354200 daimler 6900-7200;441354200 daimler 6900-7200;441354200 daimler 6900-7200
20260325_05:04:10;0;3;2;930;919.7;890;970;OK;930;931.7;890;970;OK;932.9;932.1;-20;-17.2;-50;-25;NOK;-20;-17.7;-50;-25;NOK;-16.4;-17.5;0;-20;-17.1;-50;-25;NOK;300;311;300;565;OK;0;0;N/A;N/A;N/A;N/A;N/A;N/A;N/A;N/A;N/A;N/A;N/A;N/A;N/A;N/A;N/A;N/A;N/A;N/A;N/A;N/A;N/A;N/A;N/A;N/A;N/A;N/A;N/A;N/A;N/A;N/A;N/A;N/A;N/A;N/A;N/A;N/A;N/A;N/A;N/A;N/A;N/A;N/A;N/A;N/A;N/A;N/A;N/A;N/A;N/A;N/A;N/A;N/A;N/A;N/A;N/A;N/A;N/A;N/A;N/A;N/A;N/A;N/A;N/A;N/A;N/A;N/A;N/A;N/A;N/A;N/A;N/A;N/A;N/A;N/A;N/A;N/A;N/A;N/A;N/A;N/A;N/A;N/A;N/A;N/A;N/A;N/A;N/A;N/A;N/A;N/A;N/A;N/A;N/A;N/A;N/A;N/A;N/A;N/A;;0;283.7;0;0;;Disabled;TempStop;3;740;292.5;148.2;254.2;0;599.9;549.9;Enabled;PosOk;3;0;0;0;0;0;15;Disabled;0;0;0;0;0;0;0;0;0;0;0;0;0;0;0;0;0;0;0;0;0;0;0;0;0;0;0;0;0;0;0;0;0;0;0;0;0;0;0;0;0;0;0;0;0;0;0;0;0;0;0;0;0;0;0;0;0;0;0;0;0;0;0;0;0;0;0;0;0;0;30;30;20;45;30;30;20;45;30;31;20;45;30;30;20;45;200;216;100;300;200;213;100;300;200;208;100;300;200;208;100;300;30;30;20;45;30;30;20;45;30;31;20;45;30;30;20;45;200;231;100;300;200;229;100;300;200;144;100;300;200;145;100;300;4;2;0.4;6;4;5;0.4;6;4;2;0.4;6;4;5;0.4;6;4;3;0.4;6;4;5;0.4;6;4;2;0.4;6;4;5;0.4;6;NOK;NOK;OK;8000;8099;7500;9000;OK;6.82;0;8;12;NOK;N/A;1.85;N/A;N/A;N/A;9;12.9;7;18;OK;;0;0;0;-;Disabled;TempOk;3;230;36.2;35.9;36.4;0;349.9;441354200 daimler 6900-7200;441354200 daimler 6900-7200;441354200 daimler 6900-7200
20260325_05:04:46;0;1;3;930;919.1;890;970;OK;930;931.2;890;970;OK;932.2;931.7;-20;-15.6;-50;-25;NOK;-20;-16.2;-50;-25;NOK;-18.4;-18;0;-20;-15.5;-50;-25;NOK;300;311;300;565;OK;0;0;N/A;N/A;N/A;N/A;N/A;N/A;N/A;N/A;N/A;N/A;N/A;N/A;N/A;N/A;N/A;N/A;N/A;N/A;N/A;N/A;N/A;N/A;N/A;N/A;N/A;N/A;N/A;N/A;N/A;N/A;N/A;N/A;N/A;N/A;N/A;N/A;N/A;N/A;N/A;N/A;N/A;N/A;N/A;N/A;N/A;N/A;N/A;N/A;N/A;N/A;N/A;N/A;N/A;N/A;N/A;N/A;N/A;N/A;N/A;N/A;N/A;N/A;N/A;N/A;N/A;N/A;N/A;N/A;N/A;N/A;N/A;N/A;N/A;N/A;N/A;N/A;N/A;N/A;N/A;N/A;N/A;N/A;N/A;N/A;N/A;N/A;N/A;N/A;N/A;N/A;N/A;N/A;N/A;N/A;N/A;N/A;N/A;N/A;;0;284.3;0;0;;Disabled;TempStop;3;740;293.9;148.4;254.4;0;599.9;549.9;Enabled;PosOk;3;0;0.5;0;0;0;15;Disabled;0;0;0;0;0;0;0;0;0;0;0;0;0;0;0;0;0;0;0;0;0;0;0;0;0;0;0;0;0;0;0;0;0;0;0;0;0;0;0;0;0;0;0;0;0;0;0;0;0;0;0;0;0;0;0;0;0;0;0;0;0;0;0;0;0;0;0;0;4;17;30;30;20;45;30;30;20;45;30;31;20;45;30;30;20;45;200;215;100;300;200;213;100;300;200;207;100;300;200;207;100;300;30;30;20;45;30;30;20;45;30;31;20;45;30;30;20;45;200;230;100;300;200;229;100;300;200;144;100;300;200;145;100;300;4;2;0.4;6;4;5;0.4;6;4;2;0.4;6;4;5;0.4;6;4;3;0.4;6;4;5;0.4;6;4;2;0.4;6;4;5;0.4;6;NOK;NOK;OK;8000;8092;7500;9000;OK;6.81;0;8;12;NOK;N/A;1.85;N/A;N/A;N/A;9;12.8;7;18;OK;;0;0;0;-;Disabled;TempOk;3;230;36.2;35.9;36.2;0;349.9;441354200 daimler 6900-7200;441354200 daimler 6900-7200;441354200 daimler 6900-7200
20260325_05:05:22;0;3;3;930;919.1;890;970;OK;930;931.4;890;970;OK;932.6;932;-20;-16.8;-50;-25;NOK;-20;-16.8;-50;-25;NOK;-14.9;-15.9;0;-20;-16.7;-50;-25;NOK;300;311;300;565;OK;0;0;N/A;N/A;N/A;N/A;N/A;N/A;N/A;N/A;N/A;N/A;N/A;N/A;N/A;N/A;N/A;N/A;N/A;N/A;N/A;N/A;N/A;N/A;N/A;N/A;N/A;N/A;N/A;N/A;N/A;N/A;N/A;N/A;N/A;N/A;N/A;N/A;N/A;N/A;N/A;N/A;N/A;N/A;N/A;N/A;N/A;N/A;N/A;N/A;N/A;N/A;N/A;N/A;N/A;N/A;N/A;N/A;N/A;N/A;N/A;N/A;N/A;N/A;N/A;N/A;N/A;N/A;N/A;N/A;N/A;N/A;N/A;N/A;N/A;N/A;N/A;N/A;N/A;N/A;N/A;N/A;N/A;N/A;N/A;N/A;N/A;N/A;N/A;N/A;N/A;N/A;N/A;N/A;N/A;N/A;N/A;N/A;N/A;N/A;;0;283.1;0;0;;Disabled;TempStop;3;740;292.1;147.1;254.3;0;599.9;549.9;Enabled;PosOk;3;0;0.8;0;0;0;15;Disabled;0;0;0;0;0;0;0;0;0;0;0;0;0;0;0;0;0;0;0;0;0;0;0;0;0;0;0;0;0;0;0;0;0;0;0;0;0;0;0;0;0;0;0;0;0;0;0;0;0;0;0;0;0;0;0;0;0;0;0;0;0;0;0;0;0;0;0;0;0;0;30;30;20;45;30;30;20;45;30;30;20;45;30;30;20;45;200;215;100;300;200;213;100;300;200;207;100;300;200;207;100;300;30;30;20;45;30;30;20;45;30;31;20;45;30;30;20;45;200;231;100;300;200;230;100;300;200;145;100;300;200;146;100;300;4;3;0.4;6;4;5;0.4;6;4;2;0.4;6;4;5;0.4;6;4;3;0.4;6;4;5;0.4;6;4;3;0.4;6;4;5;0.4;6;NOK;NOK;OK;8000;8087;7500;9000;OK;6.82;0;8;12;NOK;N/A;1.85;N/A;N/A;N/A;9;12.7;7;18;OK;;0;0;0;-;Disabled;TempOk;3;230;36.4;36.2;35.9;0;349.9;441354200 daimler 6900-7200;441354200 daimler 6900-7200;441354200 daimler 6900-7200
20260325_05:05:58;0;1;4;930;918.5;890;970;OK;930;931.7;890;970;OK;932.4;931.8;-20;-14;-50;-25;NOK;-20;-14.5;-50;-25;NOK;-16.5;-16.3;0;-20;-13.8;-50;-25;NOK;300;311;300;565;OK;0;0;N/A;N/A;N/A;N/A;N/A;N/A;N/A;N/A;N/A;N/A;N/A;N/A;N/A;N/A;N/A;N/A;N/A;N/A;N/A;N/A;N/A;N/A;N/A;N/A;N/A;N/A;N/A;N/A;N/A;N/A;N/A;N/A;N/A;N/A;N/A;N/A;N/A;N/A;N/A;N/A;N/A;N/A;N/A;N/A;N/A;N/A;N/A;N/A;N/A;N/A;N/A;N/A;N/A;N/A;N/A;N/A;N/A;N/A;N/A;N/A;N/A;N/A;N/A;N/A;N/A;N/A;N/A;N/A;N/A;N/A;N/A;N/A;N/A;N/A;N/A;N/A;N/A;N/A;N/A;N/A;N/A;N/A;N/A;N/A;N/A;N/A;N/A;N/A;N/A;N/A;N/A;N/A;N/A;N/A;N/A;N/A;N/A;N/A;;0;284.2;0;0;;Disabled;TempStop;3;740;292.4;150.7;252.7;0;599.9;549.9;Enabled;PosOk;3;0;0;0;0;0;15;Disabled;0;0;0;0;0;0;0;0;0;0;0;0;0;0;0;0;0;0;0;0;0;0;0;0;0;0;0;0;0;0;0;0;0;0;0;0;0;0;0;0;0;0;0;0;0;0;0;0;0;0;0;0;0;0;0;0;0;0;0;0;0;0;0;0;0;0;0;0;5;29;30;30;20;45;30;30;20;45;30;30;20;45;30;30;20;45;200;215;100;300;200;213;100;300;200;207;100;300;200;208;100;300;30;30;20;45;30;30;20;45;30;31;20;45;30;30;20;45;200;231;100;300;200;229;100;300;200;144;100;300;200;145;100;300;4;3;0.4;6;4;5;0.4;6;4;2;0.4;6;4;5;0.4;6;4;3;0.4;6;4;5;0.4;6;4;2;0.4;6;4;5;0.4;6;NOK;NOK;OK;8000;8069;7500;9000;OK;6.81;0;8;12;NOK;N/A;1.85;N/A;N/A;N/A;9;12.7;7;18;OK;;0;0;0;-;Disabled;TempOk;3;230;36.4;36.4;36.7;0;349.9;441354200 daimler 6900-7200;441354200 daimler 6900-7200;441354200 daimler 6900-7200
20260325_05:06:34;0;3;4;930;919.7;890;970;OK;930;931.2;890;970;OK;932.2;931.6;-20;-15.9;-50;-25;NOK;-20;-16.7;-50;-25;NOK;-19.1;-19;0;-20;-15.6;-50;-25;NOK;300;311;300;565;OK;0;0;N/A;N/A;N/A;N/A;N/A;N/A;N/A;N/A;N/A;N/A;N/A;N/A;N/A;N/A;N/A;N/A;N/A;N/A;N/A;N/A;N/A;N/A;N/A;N/A;N/A;N/A;N/A;N/A;N/A;N/A;N/A;N/A;N/A;N/A;N/A;N/A;N/A;N/A;N/A;N/A;N/A;N/A;N/A;N/A;N/A;N/A;N/A;N/A;N/A;N/A;N/A;N/A;N/A;N/A;N/A;N/A;N/A;N/A;N/A;N/A;N/A;N/A;N/A;N/A;N/A;N/A;N/A;N/A;N/A;N/A;N/A;N/A;N/A;N/A;N/A;N/A;N/A;N/A;N/A;N/A;N/A;N/A;N/A;N/A;N/A;N/A;N/A;N/A;N/A;N/A;N/A;N/A;N/A;N/A;N/A;N/A;N/A;N/A;;0;282.9;0;0;;Disabled;TempStop;3;740;292.3;145.5;253.9;0;599.9;549.9;Enabled;PosOk;3;0;0.5;0;0;0;15;Disabled;0;0;0;0;0;0;0;0;0;0;0;0;0;0;0;0;0;0;0;0;0;0;0;0;0;0;0;0;0;0;0;0;0;0;0;0;0;0;0;0;0;0;0;0;0;0;0;0;0;0;0;0;0;0;0;0;0;0;0;0;0;0;0;0;0;0;0;0;0;0;30;30;20;45;30;30;20;45;30;31;20;45;30;29;20;45;200;216;100;300;200;213;100;300;200;208;100;300;200;208;100;300;30;30;20;45;30;30;20;45;30;31;20;45;30;29;20;45;200;231;100;300;200;230;100;300;200;145;100;300;200;145;100;300;4;3;0.4;6;4;5;0.4;6;4;3;0.4;6;4;5;0.4;6;4;3;0.4;6;4;5;0.4;6;4;3;0.4;6;4;5;0.4;6;NOK;NOK;OK;8000;8090;7500;9000;OK;6.81;0;8;12;NOK;N/A;1.85;N/A;N/A;N/A;9;13.2;7;18;OK;;0;0;0;-;Disabled;TempOk;3;230;36.7;36.4;36.2;0;349.9;441354200 daimler 6900-7200;441354200 daimler 6900-7200;441354200 daimler 6900-7200
20260325_05:07:10;0;3;5;930;920.1;890;970;OK;930;930.7;890;970;OK;931.7;931.2;-20;-19.4;-50;-25;NOK;-20;-19.6;-50;-25;NOK;-19.6;-20.1;0;-20;-19.3;-50;-25;NOK;300;311;300;565;OK;0;0;N/A;N/A;N/A;N/A;N/A;N/A;N/A;N/A;N/A;N/A;N/A;N/A;N/A;N/A;N/A;N/A;N/A;N/A;N/A;N/A;N/A;N/A;N/A;N/A;N/A;N/A;N/A;N/A;N/A;N/A;N/A;N/A;N/A;N/A;N/A;N/A;N/A;N/A;N/A;N/A;N/A;N/A;N/A;N/A;N/A;N/A;N/A;N/A;N/A;N/A;N/A;N/A;N/A;N/A;N/A;N/A;N/A;N/A;N/A;N/A;N/A;N/A;N/A;N/A;N/A;N/A;N/A;N/A;N/A;N/A;N/A;N/A;N/A;N/A;N/A;N/A;N/A;N/A;N/A;N/A;N/A;N/A;N/A;N/A;N/A;N/A;N/A;N/A;N/A;N/A;N/A;N/A;N/A;N/A;N/A;N/A;N/A;N/A;;0;282.4;0;0;;Disabled;TempStop;3;740;291;149.5;253.6;0;599.9;549.9;Enabled;PosOk;3;0;0.7;0;0;0;15;Disabled;0;0;0;0;0;0;0;0;0;0;0;0;0;0;0;0;0;0;0;0;0;0;0;0;0;0;0;0;0;0;0;0;0;0;0;0;0;0;0;0;0;0;0;0;0;0;0;0;0;0;0;0;0;0;0;0;0;0;0;0;0;0;0;0;0;0;0;0;0;0;30;30;20;45;30;29;20;45;30;30;20;45;30;29;20;45;200;216;100;300;200;213;100;300;200;208;100;300;200;208;100;300;30;30;20;45;30;29;20;45;30;30;20;45;30;29;20;45;200;231;100;300;200;229;100;300;200;144;100;300;200;145;100;300;4;2;0.4;6;4;5;0.4;6;4;2;0.4;6;4;5;0.4;6;4;3;0.4;6;4;5;0.4;6;4;3;0.4;6;4;5;0.4;6;NOK;NOK;OK;8000;8098;7500;9000;OK;6.82;0;8;12;NOK;N/A;1.85;N/A;N/A;N/A;9;13.5;7;18;OK;;0;0;0;-;Disabled;TempOk;3;230;36.9;36.2;36.9;0;349.9;441354200 daimler 6900-7200;441354200 daimler 6900-7200;441354200 daimler 6900-7200
20260325_05:07:46;0;1;1;930;919.5;890;970;OK;930;931.5;890;970;OK;932.4;931.8;-20;-17.9;-50;-25;NOK;-20;-17.8;-50;-25;NOK;-17.4;-17.4;0;-20;-17.9;-50;-25;NOK;300;311;300;565;OK;0;0;N/A;N/A;N/A;N/A;N/A;N/A;N/A;N/A;N/A;N/A;N/A;N/A;N/A;N/A;N/A;N/A;N/A;N/A;N/A;N/A;N/A;N/A;N/A;N/A;N/A;N/A;N/A;N/A;N/A;N/A;N/A;N/A;N/A;N/A;N/A;N/A;N/A;N/A;N/A;N/A;N/A;N/A;N/A;N/A;N/A;N/A;N/A;N/A;N/A;N/A;N/A;N/A;N/A;N/A;N/A;N/A;N/A;N/A;N/A;N/A;N/A;N/A;N/A;N/A;N/A;N/A;N/A;N/A;N/A;N/A;N/A;N/A;N/A;N/A;N/A;N/A;N/A;N/A;N/A;N/A;N/A;N/A;N/A;N/A;N/A;N/A;N/A;N/A;N/A;N/A;N/A;N/A;N/A;N/A;N/A;N/A;N/A;N/A;;0;286.1;0;0;;Disabled;TempStop;3;740;294.5;153.3;255.1;0;599.9;549.9;Enabled;PosOk;3;0;0;0;0;0;15;Disabled;0;0;0;0;0;0;0;0;0;0;0;0;0;0;0;0;0;0;0;0;0;0;0;0;0;0;0;0;0;0;0;0;0;0;0;0;0;0;0;0;0;0;0;0;0;0;0;0;0;0;0;0;0;0;0;0;0;0;0;0;0;0;0;0;0;0;0;0;0;0;30;30;20;45;30;30;20;45;30;30;20;45;30;30;20;45;200;216;100;300;200;213;100;300;200;208;100;300;200;208;100;300;30;30;20;45;30;30;20;45;30;30;20;45;30;30;20;45;200;231;100;300;200;230;100;300;200;145;100;300;200;145;100;300;4;2;0.4;6;4;5;0.4;6;4;2;0.4;6;4;5;0.4;6;4;3;0.4;6;4;5;0.4;6;4;3;0.4;6;4;5;0.4;6;NOK;NOK;OK;8000;8073;7500;9000;OK;6.82;0;8;12;NOK;N/A;1.85;N/A;N/A;N/A;9;13.5;7;18;OK;;0;0;0;-;Disabled;TempOk;3;230;35.9;35.9;36.2;0;349.9;441354200 daimler 6900-7200;441354200 daimler 6900-7200;441354200 daimler 6900-7200
20260325_05:08:22;0;3;1;930;919.6;890;970;OK;930;931.5;890;970;OK;933.6;932.8;-20;-17.3;-50;-25;NOK;-20;-16.8;-50;-25;NOK;-14.6;-15.7;0;-20;-17.3;-50;-25;NOK;300;311;300;565;OK;0;0;N/A;N/A;N/A;N/A;N/A;N/A;N/A;N/A;N/A;N/A;N/A;N/A;N/A;N/A;N/A;N/A;N/A;N/A;N/A;N/A;N/A;N/A;N/A;N/A;N/A;N/A;N/A;N/A;N/A;N/A;N/A;N/A;N/A;N/A;N/A;N/A;N/A;N/A;N/A;N/A;N/A;N/A;N/A;N/A;N/A;N/A;N/A;N/A;N/A;N/A;N/A;N/A;N/A;N/A;N/A;N/A;N/A;N/A;N/A;N/A;N/A;N/A;N/A;N/A;N/A;N/A;N/A;N/A;N/A;N/A;N/A;N/A;N/A;N/A;N/A;N/A;N/A;N/A;N/A;N/A;N/A;N/A;N/A;N/A;N/A;N/A;N/A;N/A;N/A;N/A;N/A;N/A;N/A;N/A;N/A;N/A;N/A;N/A;;0;283;0;0;;Disabled;TempStop;3;740;292.1;149.3;254.9;0;599.9;549.9;Enabled;PosOk;3;0;0.5;0;0;0;15;Disabled;0;0;0;0;0;0;0;0;0;0;0;0;0;0;0;0;0;0;0;0;0;0;0;0;0;0;0;0;0;0;0;0;0;0;0;0;0;0;0;0;0;0;0;0;0;0;0;0;0;0;0;0;0;0;0;0;0;0;0;0;0;0;0;0;0;0;0;0;0;0;30;30;20;45;30;30;20;45;30;31;20;45;30;30;20;45;200;216;100;300;200;213;100;300;200;208;100;300;200;209;100;300;30;30;20;45;30;30;20;45;30;31;20;45;30;30;20;45;200;231;100;300;200;229;100;300;200;144;100;300;200;145;100;300;4;2;0.4;6;4;5;0.4;6;4;2;0.4;6;4;5;0.4;6;4;3;0.4;6;4;5;0.4;6;4;2;0.4;6;4;5;0.4;6;NOK;NOK;OK;8000;8089;7500;9000;OK;6.81;0;8;12;NOK;N/A;1.85;N/A;N/A;N/A;9;13.4;7;18;OK;;0;0;0;-;Disabled;TempOk;3;230;36.7;35.9;37.2;0;349.9;441354200 daimler 6900-7200;441354200 daimler 6900-7200;441354200 daimler 6900-7200
20260325_05:08:57;0;1;2;930;918.8;890;970;OK;930;931.4;890;970;OK;932.6;932;-20;-15.5;-50;-25;NOK;-20;-16.1;-50;-25;NOK;-16.8;-17.2;0;-20;-15.4;-50;-25;NOK;300;311;300;565;OK;0;0;N/A;N/A;N/A;N/A;N/A;N/A;N/A;N/A;N/A;N/A;N/A;N/A;N/A;N/A;N/A;N/A;N/A;N/A;N/A;N/A;N/A;N/A;N/A;N/A;N/A;N/A;N/A;N/A;N/A;N/A;N/A;N/A;N/A;N/A;N/A;N/A;N/A;N/A;N/A;N/A;N/A;N/A;N/A;N/A;N/A;N/A;N/A;N/A;N/A;N/A;N/A;N/A;N/A;N/A;N/A;N/A;N/A;N/A;N/A;N/A;N/A;N/A;N/A;N/A;N/A;N/A;N/A;N/A;N/A;N/A;N/A;N/A;N/A;N/A;N/A;N/A;N/A;N/A;N/A;N/A;N/A;N/A;N/A;N/A;N/A;N/A;N/A;N/A;N/A;N/A;N/A;N/A;N/A;N/A;N/A;N/A;N/A;N/A;;0;284.3;0;0;;Disabled;TempStop;3;740;294.2;152.8;253.4;0;599.9;549.9;Enabled;PosOk;3;0;0.7;0;0;0;15;Disabled;0;0;0;0;0;0;0;0;0;0;0;0;0;0;0;0;0;0;0;0;0;0;0;0;0;0;0;0;0;0;0;0;0;0;0;0;0;0;0;0;0;0;0;0;0;0;0;0;0;0;0;0;0;0;0;0;0;0;0;0;0;0;0;0;0;0;0;0;0;0;30;30;20;45;30;29;20;45;30;30;20;45;30;29;20;45;200;215;100;300;200;213;100;300;200;208;100;300;200;208;100;300;30;30;20;45;30;29;20;45;30;30;20;45;30;29;20;45;200;231;100;300;200;230;100;300;200;144;100;300;200;145;100;300;4;2;0.4;6;4;5;0.4;6;4;2;0.4;6;4;5;0.4;6;4;2;0.4;6;4;5;0.4;6;4;3;0.4;6;4;5;0.4;6;NOK;NOK;OK;8000;8095;7500;9000;OK;6.81;0;8;12;NOK;N/A;1.85;N/A;N/A;N/A;9;13.5;7;18;OK;;0;0;0;-;Disabled;TempOk;3;230;36.4;35.9;36.7;0;349.9;441354200 daimler 6900-7200;441354200 daimler 6900-7200;441354200 daimler 6900-7200
20260325_05:09:33;0;3;2;930;918.9;890;970;OK;930;931.7;890;970;OK;932.9;932.2;-20;-17.2;-50;-25;NOK;-20;-17.7;-50;-25;NOK;-16.4;-17.5;0;-20;-17.1;-50;-25;NOK;300;311;300;565;OK;0;0;N/A;N/A;N/A;N/A;N/A;N/A;N/A;N/A;N/A;N/A;N/A;N/A;N/A;N/A;N/A;N/A;N/A;N/A;N/A;N/A;N/A;N/A;N/A;N/A;N/A;N/A;N/A;N/A;N/A;N/A;N/A;N/A;N/A;N/A;N/A;N/A;N/A;N/A;N/A;N/A;N/A;N/A;N/A;N/A;N/A;N/A;N/A;N/A;N/A;N/A;N/A;N/A;N/A;N/A;N/A;N/A;N/A;N/A;N/A;N/A;N/A;N/A;N/A;N/A;N/A;N/A;N/A;N/A;N/A;N/A;N/A;N/A;N/A;N/A;N/A;N/A;N/A;N/A;N/A;N/A;N/A;N/A;N/A;N/A;N/A;N/A;N/A;N/A;N/A;N/A;N/A;N/A;N/A;N/A;N/A;N/A;N/A;N/A;;0;282.4;0;0;;Disabled;TempStop;3;740;291.2;145.8;253.5;0;599.9;549.9;Enabled;PosOk;3;0;0;0;0;0;15;Disabled;0;0;0;0;0;0;0;0;0;0;0;0;0;0;0;0;0;0;0;0;0;0;0;0;0;0;0;0;0;0;0;0;0;0;0;0;0;0;0;0;0;0;0;0;0;0;0;0;0;0;0;0;0;0;0;0;0;0;0;0;0;0;0;0;0;0;0;0;0;0;30;29;20;45;30;30;20;45;30;30;20;45;30;30;20;45;200;215;100;300;200;213;100;300;200;208;100;300;200;208;100;300;30;30;20;45;30;30;20;45;30;30;20;45;30;30;20;45;200;231;100;300;200;230;100;300;200;144;100;300;200;145;100;300;4;2;0.4;6;4;5;0.4;6;4;2;0.4;6;4;5;0.4;6;4;3;0.4;6;4;5;0.4;6;4;2;0.4;6;4;5;0.4;6;NOK;NOK;OK;8000;8077;7500;9000;OK;6.81;0;8;12;NOK;N/A;1.85;N/A;N/A;N/A;9;13.6;7;18;OK;;0;0;0;-;Disabled;TempOk;3;230;36.7;35.9;36.7;0;349.9;441354200 daimler 6900-7200;441354200 daimler 6900-7200;441354200 daimler 6900-7200
20260325_05:10:09;0;1;3;930;919.1;890;970;OK;930;931.1;890;970;OK;932.4;931.6;-20;-15.6;-50;-25;NOK;-20;-16.2;-50;-25;NOK;-18.6;-18.2;0;-20;-15.5;-50;-25;NOK;300;311;300;565;OK;0;0;N/A;N/A;N/A;N/A;N/A;N/A;N/A;N/A;N/A;N/A;N/A;N/A;N/A;N/A;N/A;N/A;N/A;N/A;N/A;N/A;N/A;N/A;N/A;N/A;N/A;N/A;N/A;N/A;N/A;N/A;N/A;N/A;N/A;N/A;N/A;N/A;N/A;N/A;N/A;N/A;N/A;N/A;N/A;N/A;N/A;N/A;N/A;N/A;N/A;N/A;N/A;N/A;N/A;N/A;N/A;N/A;N/A;N/A;N/A;N/A;N/A;N/A;N/A;N/A;N/A;N/A;N/A;N/A;N/A;N/A;N/A;N/A;N/A;N/A;N/A;N/A;N/A;N/A;N/A;N/A;N/A;N/A;N/A;N/A;N/A;N/A;N/A;N/A;N/A;N/A;N/A;N/A;N/A;N/A;N/A;N/A;N/A;N/A;;0;285.1;0;0;;Disabled;TempStop;3;740;295.5;153.1;254.4;0;599.9;549.9;Enabled;PosOk;3;0;0.1;0;0;0;15;Disabled;0;0;0;0;0;0;0;0;0;0;0;0;0;0;0;0;0;0;0;0;0;0;0;0;0;0;0;0;0;0;0;0;0;0;0;0;0;0;0;0;0;0;0;0;0;0;0;0;0;0;0;0;0;0;0;0;0;0;0;0;0;0;0;0;0;0;0;0;9;41;30;30;20;45;30;30;20;45;30;30;20;45;30;30;20;45;200;216;100;300;200;213;100;300;200;207;100;300;200;208;100;300;30;30;20;45;30;30;20;45;30;31;20;45;30;30;20;45;200;230;100;300;200;230;100;300;200;144;100;300;200;145;100;300;4;2;0.4;6;4;5;0.4;6;4;2;0.4;6;4;5;0.4;6;4;3;0.4;6;4;5;0.4;6;4;3;0.4;6;4;5;0.4;6;NOK;NOK;OK;8000;8074;7500;9000;OK;6.81;0;8;12;NOK;N/A;1.85;N/A;N/A;N/A;9;12.9;7;18;OK;;0;0;0;-;Disabled;TempOk;3;230;36.7;35.9;36.4;0;349.9;441354200 daimler 6900-7200;441354200 daimler 6900-7200;441354200 daimler 6900-7200
20260325_05:10:45;0;3;3;930;919.6;890;970;OK;930;931.3;890;970;OK;932.6;932;-20;-16.7;-50;-25;NOK;-20;-16.9;-50;-25;NOK;-15;-16;0;-20;-16.7;-50;-25;NOK;300;311;300;565;OK;0;0;N/A;N/A;N/A;N/A;N/A;N/A;N/A;N/A;N/A;N/A;N/A;N/A;N/A;N/A;N/A;N/A;N/A;N/A;N/A;N/A;N/A;N/A;N/A;N/A;N/A;N/A;N/A;N/A;N/A;N/A;N/A;N/A;N/A;N/A;N/A;N/A;N/A;N/A;N/A;N/A;N/A;N/A;N/A;N/A;N/A;N/A;N/A;N/A;N/A;N/A;N/A;N/A;N/A;N/A;N/A;N/A;N/A;N/A;N/A;N/A;N/A;N/A;N/A;N/A;N/A;N/A;N/A;N/A;N/A;N/A;N/A;N/A;N/A;N/A;N/A;N/A;N/A;N/A;N/A;N/A;N/A;N/A;N/A;N/A;N/A;N/A;N/A;N/A;N/A;N/A;N/A;N/A;N/A;N/A;N/A;N/A;N/A;N/A;;0;283.8;0;0;;Disabled;TempStop;3;740;292.2;146.2;254.8;0;599.9;549.9;Enabled;PosOk;3;0;0.7;0;0;0;15;Disabled;0;0;0;0;0;0;0;0;0;0;0;0;0;0;0;0;0;0;0;0;0;0;0;0;0;0;0;0;0;0;0;0;0;0;0;0;0;0;0;0;0;0;0;0;0;0;0;0;0;0;0;0;0;0;0;0;0;0;0;0;0;0;0;0;0;0;0;0;0;0;30;30;20;45;30;30;20;45;30;30;20;45;30;30;20;45;200;215;100;300;200;213;100;300;200;208;100;300;200;208;100;300;30;30;20;45;30;30;20;45;30;31;20;45;30;30;20;45;200;230;100;300;200;229;100;300;200;144;100;300;200;145;100;300;4;3;0.4;6;4;5;0.4;6;4;2;0.4;6;4;5;0.4;6;4;3;0.4;6;4;5;0.4;6;4;3;0.4;6;4;5;0.4;6;NOK;NOK;OK;8000;7965;7500;9000;OK;6.81;0;8;12;NOK;N/A;1.86;N/A;N/A;N/A;9;12.9;7;18;OK;;0;0;0;-;Disabled;TempOk;3;230;36.4;36.2;36.2;0;349.9;441354200 daimler 6900-7200;441354200 daimler 6900-7200;441354200 daimler 6900-7200
20260325_05:11:21;0;1;4;930;919.1;890;970;OK;930;931.4;890;970;OK;932.4;931.8;-20;-14;-50;-25;NOK;-20;-14.6;-50;-25;NOK;-16.6;-16.3;0;-20;-13.9;-50;-25;NOK;300;311;300;565;OK;0;0;N/A;N/A;N/A;N/A;N/A;N/A;N/A;N/A;N/A;N/A;N/A;N/A;N/A;N/A;N/A;N/A;N/A;N/A;N/A;N/A;N/A;N/A;N/A;N/A;N/A;N/A;N/A;N/A;N/A;N/A;N/A;N/A;N/A;N/A;N/A;N/A;N/A;N/A;N/A;N/A;N/A;N/A;N/A;N/A;N/A;N/A;N/A;N/A;N/A;N/A;N/A;N/A;N/A;N/A;N/A;N/A;N/A;N/A;N/A;N/A;N/A;N/A;N/A;N/A;N/A;N/A;N/A;N/A;N/A;N/A;N/A;N/A;N/A;N/A;N/A;N/A;N/A;N/A;N/A;N/A;N/A;N/A;N/A;N/A;N/A;N/A;N/A;N/A;N/A;N/A;N/A;N/A;N/A;N/A;N/A;N/A;N/A;N/A;;0;284;0;0;;Disabled;TempStop;3;740;293.6;150.6;253.3;0;599.9;549.9;Enabled;PosOk;3;0;0;0;0;0;15;Disabled;0;0;0;0;0;0;0;0;0;0;0;0;0;0;0;0;0;0;0;0;0;0;0;0;0;0;0;0;0;0;0;0;0;0;0;0;0;0;0;0;0;0;0;0;0;0;0;0;0;0;0;0;0;0;0;0;0;0;0;0;0;0;0;0;0;0;0;0;10;53;30;30;20;45;30;30;20;45;30;30;20;45;30;30;20;45;200;216;100;300;200;213;100;300;200;208;100;300;200;208;100;300;30;30;20;45;30;30;20;45;30;31;20;45;30;30;20;45;200;231;100;300;200;229;100;300;200;145;100;300;200;145;100;300;4;2;0.4;6;4;5;0.4;6;4;2;0.4;6;4;5;0.4;6;4;3;0.4;6;4;5;0.4;6;4;3;0.4;6;4;5;0.4;6;NOK;NOK;OK;8000;8075;7500;9000;OK;6.81;0;8;12;NOK;N/A;1.85;N/A;N/A;N/A;9;12.9;7;18;OK;;0;0;0;-;Disabled;TempOk;3;230;36.4;36.4;36.4;0;349.9;441354200 daimler 6900-7200;441354200 daimler 6900-7200;441354200 daimler 6900-7200
20260325_05:11:57;0;3;4;930;919.7;890;970;OK;930;931.4;890;970;OK;932.3;931.8;-20;-15.7;-50;-25;NOK;-20;-16.8;-50;-25;NOK;-19.2;-19;0;-20;-15.5;-50;-25;NOK;300;311;300;565;OK;0;0;N/A;N/A;N/A;N/A;N/A;N/A;N/A;N/A;N/A;N/A;N/A;N/A;N/A;N/A;N/A;N/A;N/A;N/A;N/A;N/A;N/A;N/A;N/A;N/A;N/A;N/A;N/A;N/A;N/A;N/A;N/A;N/A;N/A;N/A;N/A;N/A;N/A;N/A;N/A;N/A;N/A;N/A;N/A;N/A;N/A;N/A;N/A;N/A;N/A;N/A;N/A;N/A;N/A;N/A;N/A;N/A;N/A;N/A;N/A;N/A;N/A;N/A;N/A;N/A;N/A;N/A;N/A;N/A;N/A;N/A;N/A;N/A;N/A;N/A;N/A;N/A;N/A;N/A;N/A;N/A;N/A;N/A;N/A;N/A;N/A;N/A;N/A;N/A;N/A;N/A;N/A;N/A;N/A;N/A;N/A;N/A;N/A;N/A;;0;282.9;0;0;;Disabled;TempStop;3;740;293.1;147.4;255.7;0;599.9;549.9;Enabled;PosOk;3;0;0.3;0;0;0;15;Disabled;0;0;0;0;0;0;0;0;0;0;0;0;0;0;0;0;0;0;0;0;0;0;0;0;0;0;0;0;0;0;0;0;0;0;0;0;0;0;0;0;0;0;0;0;0;0;0;0;0;0;0;0;0;0;0;0;0;0;0;0;0;0;0;0;0;0;0;0;0;0;30;30;20;45;30;30;20;45;30;31;20;45;30;30;20;45;200;216;100;300;200;213;100;300;200;208;100;300;200;209;100;300;30;30;20;45;30;30;20;45;30;31;20;45;30;30;20;45;200;231;100;300;200;229;100;300;200;144;100;300;200;146;100;300;4;2;0.4;6;4;5;0.4;6;4;2;0.4;6;4;5;0.4;6;4;2;0.4;6;4;5;0.4;6;4;2;0.4;6;4;5;0.4;6;NOK;NOK;OK;8000;8090;7500;9000;OK;6.81;0;8;12;NOK;N/A;1.85;N/A;N/A;N/A;9;12.7;7;18;OK;;0;0;0;-;Disabled;TempOk;3;230;36.4;35.9;36.9;0;349.9;441354200 daimler 6900-7200;441354200 daimler 6900-7200;441354200 daimler 6900-7200
20260325_05:12:33;0;3;5;930;921;890;970;OK;930;930.8;890;970;OK;932;931.5;-20;-19.3;-50;-25;NOK;-20;-19.6;-50;-25;NOK;-19.7;-20.1;0;-20;-19.2;-50;-25;NOK;300;311;300;565;OK;0;0;N/A;N/A;N/A;N/A;N/A;N/A;N/A;N/A;N/A;N/A;N/A;N/A;N/A;N/A;N/A;N/A;N/A;N/A;N/A;N/A;N/A;N/A;N/A;N/A;N/A;N/A;N/A;N/A;N/A;N/A;N/A;N/A;N/A;N/A;N/A;N/A;N/A;N/A;N/A;N/A;N/A;N/A;N/A;N/A;N/A;N/A;N/A;N/A;N/A;N/A;N/A;N/A;N/A;N/A;N/A;N/A;N/A;N/A;N/A;N/A;N/A;N/A;N/A;N/A;N/A;N/A;N/A;N/A;N/A;N/A;N/A;N/A;N/A;N/A;N/A;N/A;N/A;N/A;N/A;N/A;N/A;N/A;N/A;N/A;N/A;N/A;N/A;N/A;N/A;N/A;N/A;N/A;N/A;N/A;N/A;N/A;N/A;N/A;;0;281.8;0;0;;Disabled;TempStop;3;740;291;147.2;254;0;599.9;549.9;Enabled;PosOk;3;0;0.3;0;0;0;15;Disabled;0;0;0;0;0;0;0;0;0;0;0;0;0;0;0;0;0;0;0;0;0;0;0;0;0;0;0;0;0;0;0;0;0;0;0;0;0;0;0;0;0;0;0;0;0;0;0;0;0;0;0;0;0;0;0;0;0;0;0;0;0;0;0;0;0;0;0;0;0;0;30;30;20;45;30;30;20;45;30;31;20;45;30;30;20;45;200;216;100;300;200;213;100;300;200;208;100;300;200;208;100;300;30;30;20;45;30;30;20;45;30;31;20;45;30;30;20;45;200;231;100;300;200;230;100;300;200;145;100;300;200;145;100;300;4;2;0.4;6;4;5;0.4;6;4;2;0.4;6;4;5;0.4;6;4;3;0.4;6;4;5;0.4;6;4;3;0.4;6;4;5;0.4;6;NOK;NOK;OK;8000;8069;7500;9000;OK;6.81;0;8;12;NOK;N/A;1.85;N/A;N/A;N/A;9;12.6;7;18;OK;;0;0;0;-;Disabled;TempOk;3;230;36.2;35.9;35.9;0;349.9;441354200 daimler 6900-7200;441354200 daimler 6900-7200;441354200 daimler 6900-7200
20260325_05:13:09;0;1;1;930;919.3;890;970;OK;930;931.4;890;970;OK;932.5;932;-20;-17.9;-50;-25;NOK;-20;-18;-50;-25;NOK;-17.5;-17.5;0;-20;-18;-50;-25;NOK;300;311;300;565;OK;0;0;N/A;N/A;N/A;N/A;N/A;N/A;N/A;N/A;N/A;N/A;N/A;N/A;N/A;N/A;N/A;N/A;N/A;N/A;N/A;N/A;N/A;N/A;N/A;N/A;N/A;N/A;N/A;N/A;N/A;N/A;N/A;N/A;N/A;N/A;N/A;N/A;N/A;N/A;N/A;N/A;N/A;N/A;N/A;N/A;N/A;N/A;N/A;N/A;N/A;N/A;N/A;N/A;N/A;N/A;N/A;N/A;N/A;N/A;N/A;N/A;N/A;N/A;N/A;N/A;N/A;N/A;N/A;N/A;N/A;N/A;N/A;N/A;N/A;N/A;N/A;N/A;N/A;N/A;N/A;N/A;N/A;N/A;N/A;N/A;N/A;N/A;N/A;N/A;N/A;N/A;N/A;N/A;N/A;N/A;N/A;N/A;N/A;N/A;;0;286.8;0;0;;Disabled;TempStop;3;740;296.4;150.9;258;0;599.9;549.9;Enabled;PosOk;3;0;0;0;0;0;15;Disabled;0;0;0;0;0;0;0;0;0;0;0;0;0;0;0;0;0;0;0;0;0;0;0;0;0;0;0;0;0;0;0;0;0;0;0;0;0;0;0;0;0;0;0;0;0;0;0;0;0;0;0;0;0;0;0;0;0;0;0;0;0;0;0;0;0;0;0;0;0;0;30;30;20;45;30;30;20;45;30;31;20;45;30;30;20;45;200;215;100;300;200;213;100;300;200;208;100;300;200;208;100;300;30;30;20;45;30;30;20;45;30;31;20;45;30;30;20;45;200;231;100;300;200;230;100;300;200;145;100;300;200;145;100;300;4;2;0.4;6;4;5;0.4;6;4;3;0.4;6;4;5;0.4;6;4;3;0.4;6;4;5;0.4;6;4;3;0.4;6;4;5;0.4;6;NOK;NOK;OK;8000;8084;7500;9000;OK;6.81;0;8;12;NOK;N/A;1.85;N/A;N/A;N/A;9;12.7;7;18;OK;;0;0;0;-;Disabled;TempOk;3;230;36.2;35.7;36.4;0;349.9;441354200 daimler 6900-7200;441354200 daimler 6900-7200;441354200 daimler 6900-7200
20260325_05:13:45;0;3;1;930;919.6;890;970;OK;930;931.7;890;970;OK;933.6;932.7;-20;-17.2;-50;-25;NOK;-20;-17;-50;-25;NOK;-14.7;-15.8;0;-20;-17.3;-50;-25;NOK;300;311;300;565;OK;0;0;N/A;N/A;N/A;N/A;N/A;N/A;N/A;N/A;N/A;N/A;N/A;N/A;N/A;N/A;N/A;N/A;N/A;N/A;N/A;N/A;N/A;N/A;N/A;N/A;N/A;N/A;N/A;N/A;N/A;N/A;N/A;N/A;N/A;N/A;N/A;N/A;N/A;N/A;N/A;N/A;N/A;N/A;N/A;N/A;N/A;N/A;N/A;N/A;N/A;N/A;N/A;N/A;N/A;N/A;N/A;N/A;N/A;N/A;N/A;N/A;N/A;N/A;N/A;N/A;N/A;N/A;N/A;N/A;N/A;N/A;N/A;N/A;N/A;N/A;N/A;N/A;N/A;N/A;N/A;N/A;N/A;N/A;N/A;N/A;N/A;N/A;N/A;N/A;N/A;N/A;N/A;N/A;N/A;N/A;N/A;N/A;N/A;N/A;;0;284.2;0;0;;Disabled;TempStop;3;740;293;152.6;253.9;0;599.9;549.9;Enabled;PosOk;3;0;0;0;0;0;15;Disabled;0;0;0;0;0;0;0;0;0;0;0;0;0;0;0;0;0;0;0;0;0;0;0;0;0;0;0;0;0;0;0;0;0;0;0;0;0;0;0;0;0;0;0;0;0;0;0;0;0;0;0;0;0;0;0;0;0;0;0;0;0;0;0;0;0;0;0;0;0;0;30;30;20;45;30;30;20;45;30;31;20;45;30;30;20;45;200;216;100;300;200;213;100;300;200;208;100;300;200;208;100;300;30;30;20;45;30;30;20;45;30;31;20;45;30;30;20;45;200;231;100;300;200;230;100;300;200;144;100;300;200;145;100;300;4;2;0.4;6;4;5;0.4;6;4;2;0.4;6;4;5;0.4;6;4;3;0.4;6;4;5;0.4;6;4;2;0.4;6;4;5;0.4;6;NOK;NOK;OK;8000;8082;7500;9000;OK;6.81;0;8;12;NOK;N/A;1.85;N/A;N/A;N/A;9;13.2;7;18;OK;;0;0;0;-;Disabled;TempOk;3;230;37.2;36.7;37.7;0;349.9;441354200 daimler 6900-7200;441354200 daimler 6900-7200;441354200 daimler 6900-7200
20260325_05:14:21;0;1;2;930;919.2;890;970;OK;930;931.3;890;970;OK;932.6;931.8;-20;-15.6;-50;-25;NOK;-20;-16.2;-50;-25;NOK;-16.9;-17.4;0;-20;-15.5;-50;-25;NOK;300;311;300;565;OK;0;0;N/A;N/A;N/A;N/A;N/A;N/A;N/A;N/A;N/A;N/A;N/A;N/A;N/A;N/A;N/A;N/A;N/A;N/A;N/A;N/A;N/A;N/A;N/A;N/A;N/A;N/A;N/A;N/A;N/A;N/A;N/A;N/A;N/A;N/A;N/A;N/A;N/A;N/A;N/A;N/A;N/A;N/A;N/A;N/A;N/A;N/A;N/A;N/A;N/A;N/A;N/A;N/A;N/A;N/A;N/A;N/A;N/A;N/A;N/A;N/A;N/A;N/A;N/A;N/A;N/A;N/A;N/A;N/A;N/A;N/A;N/A;N/A;N/A;N/A;N/A;N/A;N/A;N/A;N/A;N/A;N/A;N/A;N/A;N/A;N/A;N/A;N/A;N/A;N/A;N/A;N/A;N/A;N/A;N/A;N/A;N/A;N/A;N/A;;0;284.9;0;0;;Disabled;TempStop;3;740;293.8;150.5;255.3;0;599.9;549.9;Enabled;PosOk;3;0;0.7;0;0;0;15;Disabled;0;0;0;0;0;0;0;0;0;0;0;0;0;0;0;0;0;0;0;0;0;0;0;0;0;0;0;0;0;0;0;0;0;0;0;0;0;0;0;0;0;0;0;0;0;0;0;0;0;0;0;0;0;0;0;0;0;0;0;0;0;0;0;0;0;0;0;0;0;0;30;30;20;45;30;30;20;45;30;30;20;45;30;30;20;45;200;215;100;300;200;213;100;300;200;208;100;300;200;207;100;300;30;30;20;45;30;30;20;45;30;31;20;45;30;30;20;45;200;231;100;300;200;229;100;300;200;144;100;300;200;145;100;300;4;2;0.4;6;4;5;0.4;6;4;2;0.4;6;4;5;0.4;6;4;3;0.4;6;4;5;0.4;6;4;2;0.4;6;4;5;0.4;6;NOK;NOK;OK;8000;8070;7500;9000;OK;6.81;0;8;12;NOK;N/A;1.85;N/A;N/A;N/A;9;12.7;7;18;OK;;0;0;0;-;Disabled;TempOk;3;230;36.4;36.2;36.7;0;349.9;441354200 daimler 6900-7200;441354200 daimler 6900-7200;441354200 daimler 6900-7200
20260325_05:14:57;0;3;2;930;919.1;890;970;OK;930;931.6;890;970;OK;932.7;932.2;-20;-17.3;-50;-25;NOK;-20;-17.9;-50;-25;NOK;-16.5;-17.6;0;-20;-17.1;-50;-25;NOK;300;311;300;565;OK;0;0;N/A;N/A;N/A;N/A;N/A;N/A;N/A;N/A;N/A;N/A;N/A;N/A;N/A;N/A;N/A;N/A;N/A;N/A;N/A;N/A;N/A;N/A;N/A;N/A;N/A;N/A;N/A;N/A;N/A;N/A;N/A;N/A;N/A;N/A;N/A;N/A;N/A;N/A;N/A;N/A;N/A;N/A;N/A;N/A;N/A;N/A;N/A;N/A;N/A;N/A;N/A;N/A;N/A;N/A;N/A;N/A;N/A;N/A;N/A;N/A;N/A;N/A;N/A;N/A;N/A;N/A;N/A;N/A;N/A;N/A;N/A;N/A;N/A;N/A;N/A;N/A;N/A;N/A;N/A;N/A;N/A;N/A;N/A;N/A;N/A;N/A;N/A;N/A;N/A;N/A;N/A;N/A;N/A;N/A;N/A;N/A;N/A;N/A;;0;283.9;0;0;;Disabled;TempStop;3;740;292.2;145.8;257.5;0;599.9;549.9;Enabled;PosOk;3;0;0;0;0;0;15;Disabled;0;0;0;0;0;0;0;0;0;0;0;0;0;0;0;0;0;0;0;0;0;0;0;0;0;0;0;0;0;0;0;0;0;0;0;0;0;0;0;0;0;0;0;0;0;0;0;0;0;0;0;0;0;0;0;0;0;0;0;0;0;0;0;0;0;0;0;0;0;0;30;30;20;45;30;30;20;45;30;30;20;45;30;30;20;45;200;216;100;300;200;213;100;300;200;208;100;300;200;208;100;300;30;30;20;45;30;30;20;45;30;31;20;45;30;30;20;45;200;231;100;300;200;229;100;300;200;145;100;300;200;145;100;300;4;3;0.4;6;4;5;0.4;6;4;2;0.4;6;4;5;0.4;6;4;3;0.4;6;4;5;0.4;6;4;2;0.4;6;4;5;0.4;6;NOK;NOK;OK;8000;8078;7500;9000;OK;6.81;0;8;12;NOK;N/A;1.85;N/A;N/A;N/A;9;13.4;7;18;OK;;0;0;0;-;Disabled;TempOk;3;230;36.9;35.9;36.4;0;349.9;441354200 daimler 6900-7200;441354200 daimler 6900-7200;441354200 daimler 6900-7200
20260325_05:15:33;0;1;3;930;919.4;890;970;OK;930;931.1;890;970;OK;932.4;931.7;-20;-15.7;-50;-25;NOK;-20;-16.3;-50;-25;NOK;-18.6;-18;0;-20;-15.6;-50;-25;NOK;300;311;300;565;OK;0;0;N/A;N/A;N/A;N/A;N/A;N/A;N/A;N/A;N/A;N/A;N/A;N/A;N/A;N/A;N/A;N/A;N/A;N/A;N/A;N/A;N/A;N/A;N/A;N/A;N/A;N/A;N/A;N/A;N/A;N/A;N/A;N/A;N/A;N/A;N/A;N/A;N/A;N/A;N/A;N/A;N/A;N/A;N/A;N/A;N/A;N/A;N/A;N/A;N/A;N/A;N/A;N/A;N/A;N/A;N/A;N/A;N/A;N/A;N/A;N/A;N/A;N/A;N/A;N/A;N/A;N/A;N/A;N/A;N/A;N/A;N/A;N/A;N/A;N/A;N/A;N/A;N/A;N/A;N/A;N/A;N/A;N/A;N/A;N/A;N/A;N/A;N/A;N/A;N/A;N/A;N/A;N/A;N/A;N/A;N/A;N/A;N/A;N/A;;0;283.6;0;0;;Disabled;TempStop;3;740;294.4;152;254.8;0;599.9;549.9;Enabled;PosOk;3;0;0.1;0;0;0;15;Disabled;0;0;0;0;0;0;0;0;0;0;0;0;0;0;0;0;0;0;0;0;0;0;0;0;0;0;0;0;0;0;0;0;0;0;0;0;0;0;0;0;0;0;0;0;0;0;0;0;0;0;0;0;0;0;0;0;0;0;0;0;0;0;0;0;0;0;0;0;15;4;30;30;20;45;30;30;20;45;30;30;20;45;30;29;20;45;200;216;100;300;200;213;100;300;200;208;100;300;200;207;100;300;30;30;20;45;30;30;20;45;30;30;20;45;30;30;20;45;200;230;100;300;200;230;100;300;200;144;100;300;200;146;100;300;4;2;0.4;6;4;5;0.4;6;4;2;0.4;6;4;5;0.4;6;4;3;0.4;6;4;5;0.4;6;4;2;0.4;6;4;5;0.4;6;NOK;NOK;OK;8000;8097;7500;9000;OK;6.82;0;8;12;NOK;N/A;1.85;N/A;N/A;N/A;9;13.4;7;18;OK;;0;0;0;-;Disabled;TempOk;3;230;36.2;35.7;36.4;0;349.9;441354200 daimler 6900-7200;441354200 daimler 6900-7200;441354200 daimler 6900-7200
20260325_05:16:09;0;3;3;930;919.3;890;970;OK;930;931.4;890;970;OK;932.6;932.1;-20;-16.8;-50;-25;NOK;-20;-16.8;-50;-25;NOK;-15;-16;0;-20;-16.8;-50;-25;NOK;300;311;300;565;OK;0;0;N/A;N/A;N/A;N/A;N/A;N/A;N/A;N/A;N/A;N/A;N/A;N/A;N/A;N/A;N/A;N/A;N/A;N/A;N/A;N/A;N/A;N/A;N/A;N/A;N/A;N/A;N/A;N/A;N/A;N/A;N/A;N/A;N/A;N/A;N/A;N/A;N/A;N/A;N/A;N/A;N/A;N/A;N/A;N/A;N/A;N/A;N/A;N/A;N/A;N/A;N/A;N/A;N/A;N/A;N/A;N/A;N/A;N/A;N/A;N/A;N/A;N/A;N/A;N/A;N/A;N/A;N/A;N/A;N/A;N/A;N/A;N/A;N/A;N/A;N/A;N/A;N/A;N/A;N/A;N/A;N/A;N/A;N/A;N/A;N/A;N/A;N/A;N/A;N/A;N/A;N/A;N/A;N/A;N/A;N/A;N/A;N/A;N/A;;0;282.8;0;0;;Disabled;TempStop;3;740;291.7;151;252.5;0;599.9;549.9;Enabled;PosOk;3;0;0.8;0;0;0;15;Disabled;0;0;0;0;0;0;0;0;0;0;0;0;0;0;0;0;0;0;0;0;0;0;0;0;0;0;0;0;0;0;0;0;0;0;0;0;0;0;0;0;0;0;0;0;0;0;0;0;0;0;0;0;0;0;0;0;0;0;0;0;0;0;0;0;0;0;0;0;0;0;30;30;20;45;30;30;20;45;30;30;20;45;30;29;20;45;200;216;100;300;200;213;100;300;200;208;100;300;200;208;100;300;30;30;20;45;30;30;20;45;30;30;20;45;30;30;20;45;200;231;100;300;200;229;100;300;200;144;100;300;200;145;100;300;4;2;0.4;6;4;5;0.4;6;4;2;0.4;6;4;5;0.4;6;4;3;0.4;6;4;5;0.4;6;4;2;0.4;6;4;5;0.4;6;NOK;NOK;OK;8000;8077;7500;9000;OK;6.81;0;8;12;NOK;N/A;1.85;N/A;N/A;N/A;9;13.5;7;18;OK;;0;0;0;-;Disabled;TempOk;3;230;36.2;35.9;36.4;0;349.9;441354200 daimler 6900-7200;441354200 daimler 6900-7200;441354200 daimler 6900-7200
20260325_05:16:45;0;1;4;930;917.9;890;970;OK;930;931.6;890;970;OK;932.2;931.9;-20;-14;-50;-25;NOK;-20;-14.7;-50;-25;NOK;-16.6;-16.4;0;-20;-14;-50;-25;NOK;300;311;300;565;OK;0;0;N/A;N/A;N/A;N/A;N/A;N/A;N/A;N/A;N/A;N/A;N/A;N/A;N/A;N/A;N/A;N/A;N/A;N/A;N/A;N/A;N/A;N/A;N/A;N/A;N/A;N/A;N/A;N/A;N/A;N/A;N/A;N/A;N/A;N/A;N/A;N/A;N/A;N/A;N/A;N/A;N/A;N/A;N/A;N/A;N/A;N/A;N/A;N/A;N/A;N/A;N/A;N/A;N/A;N/A;N/A;N/A;N/A;N/A;N/A;N/A;N/A;N/A;N/A;N/A;N/A;N/A;N/A;N/A;N/A;N/A;N/A;N/A;N/A;N/A;N/A;N/A;N/A;N/A;N/A;N/A;N/A;N/A;N/A;N/A;N/A;N/A;N/A;N/A;N/A;N/A;N/A;N/A;N/A;N/A;N/A;N/A;N/A;N/A;;0;284.5;0;0;;Disabled;TempStop;3;740;293.7;146.2;252;0;599.9;549.9;Enabled;PosOk;3;0;0;0;0;0;15;Disabled;0;0;0;0;0;0;0;0;0;0;0;0;0;0;0;0;0;0;0;0;0;0;0;0;0;0;0;0;0;0;0;0;0;0;0;0;0;0;0;0;0;0;0;0;0;0;0;0;0;0;0;0;0;0;0;0;0;0;0;0;0;0;0;0;0;0;0;0;16;16;30;30;20;45;30;30;20;45;30;30;20;45;30;30;20;45;200;216;100;300;200;214;100;300;200;208;100;300;200;208;100;300;30;30;20;45;30;30;20;45;30;30;20;45;30;30;20;45;200;230;100;300;200;230;100;300;200;144;100;300;200;145;100;300;4;2;0.4;6;4;5;0.4;6;4;2;0.4;6;4;5;0.4;6;4;3;0.4;6;4;5;0.4;6;4;3;0.4;6;4;5;0.4;6;NOK;NOK;OK;8000;8100;7500;9000;OK;6.82;0;8;12;NOK;N/A;1.85;N/A;N/A;N/A;9;13;7;18;OK;;0;0;0;-;Disabled;TempOk;3;230;36.2;36.2;36.7;0;349.9;441354200 daimler 6900-7200;441354200 daimler 6900-7200;441354200 daimler 6900-7200
20260325_05:17:21;0;3;4;930;919.7;890;970;OK;930;931.4;890;970;OK;932.3;931.7;-20;-15.8;-50;-25;NOK;-20;-16.9;-50;-25;NOK;-19.2;-19.2;0;-20;-15.6;-50;-25;NOK;300;311;300;565;OK;0;0;N/A;N/A;N/A;N/A;N/A;N/A;N/A;N/A;N/A;N/A;N/A;N/A;N/A;N/A;N/A;N/A;N/A;N/A;N/A;N/A;N/A;N/A;N/A;N/A;N/A;N/A;N/A;N/A;N/A;N/A;N/A;N/A;N/A;N/A;N/A;N/A;N/A;N/A;N/A;N/A;N/A;N/A;N/A;N/A;N/A;N/A;N/A;N/A;N/A;N/A;N/A;N/A;N/A;N/A;N/A;N/A;N/A;N/A;N/A;N/A;N/A;N/A;N/A;N/A;N/A;N/A;N/A;N/A;N/A;N/A;N/A;N/A;N/A;N/A;N/A;N/A;N/A;N/A;N/A;N/A;N/A;N/A;N/A;N/A;N/A;N/A;N/A;N/A;N/A;N/A;N/A;N/A;N/A;N/A;N/A;N/A;N/A;N/A;;0;283;0;0;;Disabled;TempStop;3;740;292.7;148.7;254.1;0;599.9;549.9;Enabled;PosOk;3;0;0.3;0;0;0;15;Disabled;0;0;0;0;0;0;0;0;0;0;0;0;0;0;0;0;0;0;0;0;0;0;0;0;0;0;0;0;0;0;0;0;0;0;0;0;0;0;0;0;0;0;0;0;0;0;0;0;0;0;0;0;0;0;0;0;0;0;0;0;0;0;0;0;0;0;0;0;0;0;30;30;20;45;30;30;20;45;30;30;20;45;30;30;20;45;200;215;100;300;200;213;100;300;200;208;100;300;200;208;100;300;30;30;20;45;30;30;20;45;30;31;20;45;30;30;20;45;200;231;100;300;200;230;100;300;200;144;100;300;200;145;100;300;4;2;0.4;6;4;5;0.4;6;4;2;0.4;6;4;5;0.4;6;4;3;0.4;6;4;5;0.4;6;4;2;0.4;6;4;5;0.4;6;NOK;NOK;OK;8000;8067;7500;9000;OK;6.81;0;8;12;NOK;N/A;1.85;N/A;N/A;N/A;9;12.9;7;18;OK;;0;0;0;-;Disabled;TempOk;3;230;36.9;35.9;36.9;0;349.9;441354200 daimler 6900-7200;441354200 daimler 6900-7200;441354200 daimler 6900-7200
20260325_05:17:57;0;3;5;930;920.2;890;970;OK;930;930.9;890;970;OK;931.7;931.4;-20;-19.3;-50;-25;NOK;-20;-19.8;-50;-25;NOK;-19.8;-20.4;0;-20;-19.2;-50;-25;NOK;300;311;300;565;OK;0;0;N/A;N/A;N/A;N/A;N/A;N/A;N/A;N/A;N/A;N/A;N/A;N/A;N/A;N/A;N/A;N/A;N/A;N/A;N/A;N/A;N/A;N/A;N/A;N/A;N/A;N/A;N/A;N/A;N/A;N/A;N/A;N/A;N/A;N/A;N/A;N/A;N/A;N/A;N/A;N/A;N/A;N/A;N/A;N/A;N/A;N/A;N/A;N/A;N/A;N/A;N/A;N/A;N/A;N/A;N/A;N/A;N/A;N/A;N/A;N/A;N/A;N/A;N/A;N/A;N/A;N/A;N/A;N/A;N/A;N/A;N/A;N/A;N/A;N/A;N/A;N/A;N/A;N/A;N/A;N/A;N/A;N/A;N/A;N/A;N/A;N/A;N/A;N/A;N/A;N/A;N/A;N/A;N/A;N/A;N/A;N/A;N/A;N/A;;0;281;0;0;;Disabled;TempStop;3;740;289.3;144.6;253.1;0;599.9;549.9;Enabled;PosOk;3;0;0.5;0;0;0;15;Disabled;0;0;0;0;0;0;0;0;0;0;0;0;0;0;0;0;0;0;0;0;0;0;0;0;0;0;0;0;0;0;0;0;0;0;0;0;0;0;0;0;0;0;0;0;0;0;0;0;0;0;0;0;0;0;0;0;0;0;0;0;0;0;0;0;0;0;0;0;0;0;30;30;20;45;30;29;20;45;30;30;20;45;30;29;20;45;200;215;100;300;200;213;100;300;200;207;100;300;200;208;100;300;30;30;20;45;30;29;20;45;30;30;20;45;30;29;20;45;200;231;100;300;200;229;100;300;200;144;100;300;200;145;100;300;4;3;0.4;6;4;5;0.4;6;4;2;0.4;6;4;5;0.4;6;4;3;0.4;6;4;5;0.4;6;4;3;0.4;6;4;5;0.4;6;NOK;NOK;OK;8000;7960;7500;9000;OK;6.81;0;8;12;NOK;N/A;1.85;N/A;N/A;N/A;9;12.9;7;18;OK;;0;0;0;-;Disabled;TempOk;3;230;36.2;35.9;36.4;0;349.9;441354200 daimler 6900-7200;441354200 daimler 6900-7200;441354200 daimler 6900-7200
20260325_05:18:32;0;1;1;930;919.3;890;970;OK;930;931.6;890;970;OK;932.5;931.8;-20;-18.2;-50;-25;NOK;-20;-17.7;-50;-25;NOK;-17.6;-17.5;0;-20;-18.2;-50;-25;NOK;300;311;300;565;OK;0;0;N/A;N/A;N/A;N/A;N/A;N/A;N/A;N/A;N/A;N/A;N/A;N/A;N/A;N/A;N/A;N/A;N/A;N/A;N/A;N/A;N/A;N/A;N/A;N/A;N/A;N/A;N/A;N/A;N/A;N/A;N/A;N/A;N/A;N/A;N/A;N/A;N/A;N/A;N/A;N/A;N/A;N/A;N/A;N/A;N/A;N/A;N/A;N/A;N/A;N/A;N/A;N/A;N/A;N/A;N/A;N/A;N/A;N/A;N/A;N/A;N/A;N/A;N/A;N/A;N/A;N/A;N/A;N/A;N/A;N/A;N/A;N/A;N/A;N/A;N/A;N/A;N/A;N/A;N/A;N/A;N/A;N/A;N/A;N/A;N/A;N/A;N/A;N/A;N/A;N/A;N/A;N/A;N/A;N/A;N/A;N/A;N/A;N/A;;0;286.8;0;0;;Disabled;TempStop;3;740;295.8;152.2;257.8;0;599.9;549.9;Enabled;PosOk;3;0;0;0;0;0;15;Disabled;0;0;0;0;0;0;0;0;0;0;0;0;0;0;0;0;0;0;0;0;0;0;0;0;0;0;0;0;0;0;0;0;0;0;0;0;0;0;0;0;0;0;0;0;0;0;0;0;0;0;0;0;0;0;0;0;0;0;0;0;0;0;0;0;0;0;0;0;0;0;30;30;20;45;30;30;20;45;30;30;20;45;30;30;20;45;200;216;100;300;200;213;100;300;200;208;100;300;200;208;100;300;30;30;20;45;30;30;20;45;30;30;20;45;30;30;20;45;200;231;100;300;200;229;100;300;200;145;100;300;200;145;100;300;4;3;0.4;6;4;5;0.4;6;4;2;0.4;6;4;5;0.4;6;4;3;0.4;6;4;5;0.4;6;4;2;0.4;6;4;5;0.4;6;NOK;NOK;OK;8000;8069;7500;9000;OK;6.81;0;8;12;NOK;N/A;1.85;N/A;N/A;N/A;9;13;7;18;OK;;0;0;0;-;Disabled;TempOk;3;230;36.2;35.9;36.9;0;349.9;441354200 daimler 6900-7200;441354200 daimler 6900-7200;441354200 daimler 6900-7200
20260325_05:19:08;0;3;1;930;919.8;890;970;OK;930;931.5;890;970;OK;933.7;932.8;-20;-17.3;-50;-25;NOK;-20;-16.8;-50;-25;NOK;-14.6;-15.7;0;-20;-17.4;-50;-25;NOK;300;311;300;565;OK;0;0;N/A;N/A;N/A;N/A;N/A;N/A;N/A;N/A;N/A;N/A;N/A;N/A;N/A;N/A;N/A;N/A;N/A;N/A;N/A;N/A;N/A;N/A;N/A;N/A;N/A;N/A;N/A;N/A;N/A;N/A;N/A;N/A;N/A;N/A;N/A;N/A;N/A;N/A;N/A;N/A;N/A;N/A;N/A;N/A;N/A;N/A;N/A;N/A;N/A;N/A;N/A;N/A;N/A;N/A;N/A;N/A;N/A;N/A;N/A;N/A;N/A;N/A;N/A;N/A;N/A;N/A;N/A;N/A;N/A;N/A;N/A;N/A;N/A;N/A;N/A;N/A;N/A;N/A;N/A;N/A;N/A;N/A;N/A;N/A;N/A;N/A;N/A;N/A;N/A;N/A;N/A;N/A;N/A;N/A;N/A;N/A;N/A;N/A;;0;284.1;0;0;;Disabled;TempStop;3;740;292.6;152.7;253.8;0;599.9;549.9;Enabled;PosOk;3;0;0.3;0;0;0;15;Disabled;0;0;0;0;0;0;0;0;0;0;0;0;0;0;0;0;0;0;0;0;0;0;0;0;0;0;0;0;0;0;0;0;0;0;0;0;0;0;0;0;0;0;0;0;0;0;0;0;0;0;0;0;0;0;0;0;0;0;0;0;0;0;0;0;0;0;0;0;0;0;30;30;20;45;30;30;20;45;30;30;20;45;30;30;20;45;200;215;100;300;200;213;100;300;200;208;100;300;200;209;100;300;30;30;20;45;30;30;20;45;30;30;20;45;30;30;20;45;200;230;100;300;200;229;100;300;200;144;100;300;200;145;100;300;4;2;0.4;6;4;5;0.4;6;4;2;0.4;6;4;5;0.4;6;4;3;0.4;6;4;5;0.4;6;4;2;0.4;6;4;5;0.4;6;NOK;NOK;OK;8000;7983;7500;9000;OK;6.81;0;8;12;NOK;N/A;1.85;N/A;N/A;N/A;9;13;7;18;OK;;0;0;0;-;Disabled;TempOk;3;230;36.2;36.7;36.2;0;349.9;441354200 daimler 6900-7200;441354200 daimler 6900-7200;441354200 daimler 6900-7200
20260325_05:19:44;0;1;2;930;919.2;890;970;OK;930;931.4;890;970;OK;932.5;931.8;-20;-15.6;-50;-25;NOK;-20;-16;-50;-25;NOK;-16.7;-17.1;0;-20;-15.5;-50;-25;NOK;300;311;300;565;OK;0;0;N/A;N/A;N/A;N/A;N/A;N/A;N/A;N/A;N/A;N/A;N/A;N/A;N/A;N/A;N/A;N/A;N/A;N/A;N/A;N/A;N/A;N/A;N/A;N/A;N/A;N/A;N/A;N/A;N/A;N/A;N/A;N/A;N/A;N/A;N/A;N/A;N/A;N/A;N/A;N/A;N/A;N/A;N/A;N/A;N/A;N/A;N/A;N/A;N/A;N/A;N/A;N/A;N/A;N/A;N/A;N/A;N/A;N/A;N/A;N/A;N/A;N/A;N/A;N/A;N/A;N/A;N/A;N/A;N/A;N/A;N/A;N/A;N/A;N/A;N/A;N/A;N/A;N/A;N/A;N/A;N/A;N/A;N/A;N/A;N/A;N/A;N/A;N/A;N/A;N/A;N/A;N/A;N/A;N/A;N/A;N/A;N/A;N/A;;0;283.3;0;0;;Disabled;TempStop;3;740;292.1;149.9;254.6;0;599.9;549.9;Enabled;PosOk;3;0;0.7;0;0;0;15;Disabled;0;0;0;0;0;0;0;0;0;0;0;0;0;0;0;0;0;0;0;0;0;0;0;0;0;0;0;0;0;0;0;0;0;0;0;0;0;0;0;0;0;0;0;0;0;0;0;0;0;0;0;0;0;0;0;0;0;0;0;0;0;0;0;0;0;0;0;0;0;0;30;30;20;45;30;30;20;45;30;30;20;45;30;30;20;45;200;215;100;300;200;213;100;300;200;208;100;300;200;208;100;300;30;30;20;45;30;30;20;45;30;31;20;45;30;30;20;45;200;231;100;300;200;230;100;300;200;144;100;300;200;145;100;300;4;2;0.4;6;4;5;0.4;6;4;2;0.4;6;4;5;0.4;6;4;3;0.4;6;4;5;0.4;6;4;2;0.4;6;4;5;0.4;6;NOK;NOK;OK;8000;8066;7500;9000;OK;6.81;0;8;12;NOK;N/A;1.85;N/A;N/A;N/A;9;12.9;7;18;OK;;0;0;0;-;Disabled;TempOk;3;230;36.2;35.4;35.9;0;349.9;441354200 daimler 6900-7200;441354200 daimler 6900-7200;441354200 daimler 6900-7200
20260325_05:20:20;0;3;2;930;918.5;890;970;OK;930;931.5;890;970;OK;932.8;932.1;-20;-17.4;-50;-25;NOK;-20;-17.7;-50;-25;NOK;-16.5;-17.5;0;-20;-17.2;-50;-25;NOK;300;311;300;565;OK;0;0;N/A;N/A;N/A;N/A;N/A;N/A;N/A;N/A;N/A;N/A;N/A;N/A;N/A;N/A;N/A;N/A;N/A;N/A;N/A;N/A;N/A;N/A;N/A;N/A;N/A;N/A;N/A;N/A;N/A;N/A;N/A;N/A;N/A;N/A;N/A;N/A;N/A;N/A;N/A;N/A;N/A;N/A;N/A;N/A;N/A;N/A;N/A;N/A;N/A;N/A;N/A;N/A;N/A;N/A;N/A;N/A;N/A;N/A;N/A;N/A;N/A;N/A;N/A;N/A;N/A;N/A;N/A;N/A;N/A;N/A;N/A;N/A;N/A;N/A;N/A;N/A;N/A;N/A;N/A;N/A;N/A;N/A;N/A;N/A;N/A;N/A;N/A;N/A;N/A;N/A;N/A;N/A;N/A;N/A;N/A;N/A;N/A;N/A;;0;283.9;0;0;;Disabled;TempStop;3;740;292.2;150.9;254.3;0;599.9;549.9;Enabled;PosOk;3;0;0;0;0;0;15;Disabled;0;0;0;0;0;0;0;0;0;0;0;0;0;0;0;0;0;0;0;0;0;0;0;0;0;0;0;0;0;0;0;0;0;0;0;0;0;0;0;0;0;0;0;0;0;0;0;0;0;0;0;0;0;0;0;0;0;0;0;0;0;0;0;0;0;0;0;0;0;0;30;30;20;45;30;30;20;45;30;30;20;45;30;30;20;45;200;215;100;300;200;213;100;300;200;208;100;300;200;208;100;300;30;30;20;45;30;30;20;45;30;31;20;45;30;30;20;45;200;232;100;300;200;229;100;300;200;144;100;300;200;145;100;300;4;2;0.4;6;4;5;0.4;6;4;2;0.4;6;4;5;0.4;6;4;3;0.4;6;4;5;0.4;6;4;2;0.4;6;4;5;0.4;6;NOK;NOK;OK;8000;8082;7500;9000;OK;6.82;0;8;12;NOK;N/A;1.85;N/A;N/A;N/A;9;13;7;18;OK;;0;0;0;-;Disabled;TempOk;3;230;36.4;35.9;36.2;0;349.9;441354200 daimler 6900-7200;441354200 daimler 6900-7200;441354200 daimler 6900-7200
20260325_05:20:56;0;1;3;930;918.9;890;970;OK;930;931.2;890;970;OK;932.2;931.6;-20;-15.8;-50;-25;NOK;-20;-16.2;-50;-25;NOK;-18.4;-18.1;0;-20;-15.7;-50;-25;NOK;300;311;300;565;OK;0;0;N/A;N/A;N/A;N/A;N/A;N/A;N/A;N/A;N/A;N/A;N/A;N/A;N/A;N/A;N/A;N/A;N/A;N/A;N/A;N/A;N/A;N/A;N/A;N/A;N/A;N/A;N/A;N/A;N/A;N/A;N/A;N/A;N/A;N/A;N/A;N/A;N/A;N/A;N/A;N/A;N/A;N/A;N/A;N/A;N/A;N/A;N/A;N/A;N/A;N/A;N/A;N/A;N/A;N/A;N/A;N/A;N/A;N/A;N/A;N/A;N/A;N/A;N/A;N/A;N/A;N/A;N/A;N/A;N/A;N/A;N/A;N/A;N/A;N/A;N/A;N/A;N/A;N/A;N/A;N/A;N/A;N/A;N/A;N/A;N/A;N/A;N/A;N/A;N/A;N/A;N/A;N/A;N/A;N/A;N/A;N/A;N/A;N/A;;0;284.3;0;0;;Disabled;TempStop;3;740;294.4;146.9;252.3;0;599.9;549.9;Enabled;PosOk;3;0;0;0;0;0;15;Disabled;0;0;0;0;0;0;0;0;0;0;0;0;0;0;0;0;0;0;0;0;0;0;0;0;0;0;0;0;0;0;0;0;0;0;0;0;0;0;0;0;0;0;0;0;0;0;0;0;0;0;0;0;0;0;0;0;0;0;0;0;0;0;0;0;0;0;0;0;20;28;30;30;20;45;30;30;20;45;30;31;20;45;30;30;20;45;200;216;100;300;200;213;100;300;200;208;100;300;200;209;100;300;30;30;20;45;30;30;20;45;30;31;20;45;30;30;20;45;200;231;100;300;200;229;100;300;200;144;100;300;200;145;100;300;4;3;0.4;6;4;5;0.4;6;4;2;0.4;6;4;5;0.4;6;4;3;0.4;6;4;5;0.4;6;4;2;0.4;6;4;5;0.4;6;NOK;NOK;OK;8000;7991;7500;9000;OK;6.81;0;8;12;NOK;N/A;1.85;N/A;N/A;N/A;9;12.9;7;18;OK;;0;0;0;-;Disabled;TempOk;3;230;35.9;35.9;35.9;0;349.9;441354200 daimler 6900-7200;441354200 daimler 6900-7200;441354200 daimler 6900-7200
20260325_05:21:32;0;3;3;930;919.1;890;970;OK;930;931.2;890;970;OK;932.6;932.1;-20;-16.8;-50;-25;NOK;-20;-16.8;-50;-25;NOK;-15;-16;0;-20;-16.8;-50;-25;NOK;300;311;300;565;OK;0;0;N/A;N/A;N/A;N/A;N/A;N/A;N/A;N/A;N/A;N/A;N/A;N/A;N/A;N/A;N/A;N/A;N/A;N/A;N/A;N/A;N/A;N/A;N/A;N/A;N/A;N/A;N/A;N/A;N/A;N/A;N/A;N/A;N/A;N/A;N/A;N/A;N/A;N/A;N/A;N/A;N/A;N/A;N/A;N/A;N/A;N/A;N/A;N/A;N/A;N/A;N/A;N/A;N/A;N/A;N/A;N/A;N/A;N/A;N/A;N/A;N/A;N/A;N/A;N/A;N/A;N/A;N/A;N/A;N/A;N/A;N/A;N/A;N/A;N/A;N/A;N/A;N/A;N/A;N/A;N/A;N/A;N/A;N/A;N/A;N/A;N/A;N/A;N/A;N/A;N/A;N/A;N/A;N/A;N/A;N/A;N/A;N/A;N/A;;0;282.8;0;0;;Disabled;TempStop;3;740;291.3;146.2;254.5;0;599.9;549.9;Enabled;PosOk;3;0;1;0;0;0;15;Disabled;0;0;0;0;0;0;0;0;0;0;0;0;0;0;0;0;0;0;0;0;0;0;0;0;0;0;0;0;0;0;0;0;0;0;0;0;0;0;0;0;0;0;0;0;0;0;0;0;0;0;0;0;0;0;0;0;0;0;0;0;0;0;0;0;0;0;0;0;0;0;30;30;20;45;30;30;20;45;30;30;20;45;30;30;20;45;200;215;100;300;200;213;100;300;200;208;100;300;200;208;100;300;30;30;20;45;30;30;20;45;30;31;20;45;30;30;20;45;200;231;100;300;200;230;100;300;200;145;100;300;200;145;100;300;4;2;0.4;6;4;5;0.4;6;4;2;0.4;6;4;5;0.4;6;4;3;0.4;6;4;5;0.4;6;4;3;0.4;6;4;5;0.4;6;NOK;NOK;OK;8000;8075;7500;9000;OK;6.82;0;8;12;NOK;N/A;1.85;N/A;N/A;N/A;9;12.9;7;18;OK;;0;0;0;-;Disabled;TempOk;3;230;36.2;35.7;37.4;0;349.9;441354200 daimler 6900-7200;441354200 daimler 6900-7200;441354200 daimler 6900-7200
20260325_05:22:08;0;1;4;930;918.2;890;970;OK;930;931.2;890;970;OK;932;931.6;-20;-14.2;-50;-25;NOK;-20;-14.3;-50;-25;NOK;-16.6;-16.2;0;-20;-14.2;-50;-25;NOK;300;311;300;565;OK;0;0;N/A;N/A;N/A;N/A;N/A;N/A;N/A;N/A;N/A;N/A;N/A;N/A;N/A;N/A;N/A;N/A;N/A;N/A;N/A;N/A;N/A;N/A;N/A;N/A;N/A;N/A;N/A;N/A;N/A;N/A;N/A;N/A;N/A;N/A;N/A;N/A;N/A;N/A;N/A;N/A;N/A;N/A;N/A;N/A;N/A;N/A;N/A;N/A;N/A;N/A;N/A;N/A;N/A;N/A;N/A;N/A;N/A;N/A;N/A;N/A;N/A;N/A;N/A;N/A;N/A;N/A;N/A;N/A;N/A;N/A;N/A;N/A;N/A;N/A;N/A;N/A;N/A;N/A;N/A;N/A;N/A;N/A;N/A;N/A;N/A;N/A;N/A;N/A;N/A;N/A;N/A;N/A;N/A;N/A;N/A;N/A;N/A;N/A;;0;283.8;0;0;;Disabled;TempStop;3;740;292.3;146.3;255.4;0;599.9;549.9;Enabled;PosOk;3;0;0;0;0;0;15;Disabled;0;0;0;0;0;0;0;0;0;0;0;0;0;0;0;0;0;0;0;0;0;0;0;0;0;0;0;0;0;0;0;0;0;0;0;0;0;0;0;0;0;0;0;0;0;0;0;0;0;0;0;0;0;0;0;0;0;0;0;0;0;0;0;0;0;0;0;0;21;40;30;30;20;45;30;30;20;45;30;30;20;45;30;30;20;45;200;215;100;300;200;213;100;300;200;208;100;300;200;208;100;300;30;30;20;45;30;30;20;45;30;30;20;45;30;30;20;45;200;231;100;300;200;230;100;300;200;145;100;300;200;145;100;300;4;3;0.4;6;4;5;0.4;6;4;2;0.4;6;4;5;0.4;6;4;3;0.4;6;4;5;0.4;6;4;3;0.4;6;4;5;0.4;6;NOK;NOK;OK;8000;7953;7500;9000;OK;6.81;0;8;12;NOK;N/A;1.85;N/A;N/A;N/A;9;13;7;18;OK;;0;0;0;-;Disabled;TempOk;3;230;37.2;36.2;37.4;0;349.9;441354200 daimler 6900-7200;441354200 daimler 6900-7200;441354200 daimler 6900-7200
20260325_05:22:44;0;3;4;930;920;890;970;OK;930;931.3;890;970;OK;932.3;931.7;-20;-16;-50;-25;NOK;-20;-16.9;-50;-25;NOK;-19.2;-19;0;-20;-15.7;-50;-25;NOK;300;311;300;565;OK;0;0;N/A;N/A;N/A;N/A;N/A;N/A;N/A;N/A;N/A;N/A;N/A;N/A;N/A;N/A;N/A;N/A;N/A;N/A;N/A;N/A;N/A;N/A;N/A;N/A;N/A;N/A;N/A;N/A;N/A;N/A;N/A;N/A;N/A;N/A;N/A;N/A;N/A;N/A;N/A;N/A;N/A;N/A;N/A;N/A;N/A;N/A;N/A;N/A;N/A;N/A;N/A;N/A;N/A;N/A;N/A;N/A;N/A;N/A;N/A;N/A;N/A;N/A;N/A;N/A;N/A;N/A;N/A;N/A;N/A;N/A;N/A;N/A;N/A;N/A;N/A;N/A;N/A;N/A;N/A;N/A;N/A;N/A;N/A;N/A;N/A;N/A;N/A;N/A;N/A;N/A;N/A;N/A;N/A;N/A;N/A;N/A;N/A;N/A;;0;282.6;0;0;;Disabled;TempStop;3;740;292.7;151.3;253.8;0;599.9;549.9;Enabled;PosOk;3;0;0.7;0;0;0;15;Disabled;0;0;0;0;0;0;0;0;0;0;0;0;0;0;0;0;0;0;0;0;0;0;0;0;0;0;0;0;0;0;0;0;0;0;0;0;0;0;0;0;0;0;0;0;0;0;0;0;0;0;0;0;0;0;0;0;0;0;0;0;0;0;0;0;0;0;0;0;0;0;30;30;20;45;30;30;20;45;30;30;20;45;30;30;20;45;200;215;100;300;200;213;100;300;200;208;100;300;200;208;100;300;30;30;20;45;30;30;20;45;30;31;20;45;30;30;20;45;200;231;100;300;200;229;100;300;200;145;100;300;200;145;100;300;4;3;0.4;6;4;5;0.4;6;4;3;0.4;6;4;5;0.4;6;4;3;0.4;6;4;5;0.4;6;4;3;0.4;6;4;5;0.4;6;NOK;NOK;OK;8000;8065;7500;9000;OK;6.81;0;8;12;NOK;N/A;1.85;N/A;N/A;N/A;9;12.9;7;18;OK;;0;0;0;-;Disabled;TempOk;3;230;36.7;36.2;36.7;0;349.9;441354200 daimler 6900-7200;441354200 daimler 6900-7200;441354200 daimler 6900-7200
20260325_05:23:20;0;3;5;930;920.7;890;970;OK;930;930.7;890;970;OK;931.7;931.2;-20;-19.5;-50;-25;NOK;-20;-19.8;-50;-25;NOK;-19.5;-20.1;0;-20;-19.3;-50;-25;NOK;300;311;300;565;OK;0;0;N/A;N/A;N/A;N/A;N/A;N/A;N/A;N/A;N/A;N/A;N/A;N/A;N/A;N/A;N/A;N/A;N/A;N/A;N/A;N/A;N/A;N/A;N/A;N/A;N/A;N/A;N/A;N/A;N/A;N/A;N/A;N/A;N/A;N/A;N/A;N/A;N/A;N/A;N/A;N/A;N/A;N/A;N/A;N/A;N/A;N/A;N/A;N/A;N/A;N/A;N/A;N/A;N/A;N/A;N/A;N/A;N/A;N/A;N/A;N/A;N/A;N/A;N/A;N/A;N/A;N/A;N/A;N/A;N/A;N/A;N/A;N/A;N/A;N/A;N/A;N/A;N/A;N/A;N/A;N/A;N/A;N/A;N/A;N/A;N/A;N/A;N/A;N/A;N/A;N/A;N/A;N/A;N/A;N/A;N/A;N/A;N/A;N/A;;0;281.9;0;0;;Disabled;TempStop;3;740;290.6;151;251.9;0;599.9;549.9;Enabled;PosOk;3;0;0.5;0;0;0;15;Disabled;0;0;0;0;0;0;0;0;0;0;0;0;0;0;0;0;0;0;0;0;0;0;0;0;0;0;0;0;0;0;0;0;0;0;0;0;0;0;0;0;0;0;0;0;0;0;0;0;0;0;0;0;0;0;0;0;0;0;0;0;0;0;0;0;0;0;0;0;0;0;30;30;20;45;30;30;20;45;30;30;20;45;30;30;20;45;200;215;100;300;200;212;100;300;200;208;100;300;200;208;100;300;30;30;20;45;30;30;20;45;30;31;20;45;30;30;20;45;200;230;100;300;200;229;100;300;200;144;100;300;200;145;100;300;4;3;0.4;6;4;5;0.4;6;4;2;0.4;6;4;5;0.4;6;4;3;0.4;6;4;5;0.4;6;4;2;0.4;6;4;5;0.4;6;NOK;NOK;OK;8000;7970;7500;9000;OK;6.82;0;8;12;NOK;N/A;1.85;N/A;N/A;N/A;9;12.8;7;18;OK;;0;0;0;-;Disabled;TempOk;3;230;37.4;36.2;36.7;0;349.9;441354200 daimler 6900-7200;441354200 daimler 6900-7200;441354200 daimler 6900-7200
20260325_05:23:56;0;1;1;930;919.2;890;970;OK;930;931.4;890;970;OK;932.6;932.1;-20;-17.9;-50;-25;NOK;-20;-17.7;-50;-25;NOK;-17.3;-17.2;0;-20;-17.9;-50;-25;NOK;300;311;300;565;OK;0;0;N/A;N/A;N/A;N/A;N/A;N/A;N/A;N/A;N/A;N/A;N/A;N/A;N/A;N/A;N/A;N/A;N/A;N/A;N/A;N/A;N/A;N/A;N/A;N/A;N/A;N/A;N/A;N/A;N/A;N/A;N/A;N/A;N/A;N/A;N/A;N/A;N/A;N/A;N/A;N/A;N/A;N/A;N/A;N/A;N/A;N/A;N/A;N/A;N/A;N/A;N/A;N/A;N/A;N/A;N/A;N/A;N/A;N/A;N/A;N/A;N/A;N/A;N/A;N/A;N/A;N/A;N/A;N/A;N/A;N/A;N/A;N/A;N/A;N/A;N/A;N/A;N/A;N/A;N/A;N/A;N/A;N/A;N/A;N/A;N/A;N/A;N/A;N/A;N/A;N/A;N/A;N/A;N/A;N/A;N/A;N/A;N/A;N/A;;0;286.5;0;0;;Disabled;TempStop;3;740;296;149.9;258.3;0;599.9;549.9;Enabled;PosOk;3;0;0;0;0;0;15;Disabled;0;0;0;0;0;0;0;0;0;0;0;0;0;0;0;0;0;0;0;0;0;0;0;0;0;0;0;0;0;0;0;0;0;0;0;0;0;0;0;0;0;0;0;0;0;0;0;0;0;0;0;0;0;0;0;0;0;0;0;0;0;0;0;0;0;0;0;0;0;0;30;30;20;45;30;30;20;45;30;31;20;45;30;30;20;45;200;216;100;300;200;213;100;300;200;208;100;300;200;208;100;300;30;30;20;45;30;30;20;45;30;31;20;45;30;30;20;45;200;231;100;300;200;229;100;300;200;144;100;300;200;145;100;300;4;2;0.4;6;4;5;0.4;6;4;2;0.4;6;4;5;0.4;6;4;3;0.4;6;4;5;0.4;6;4;3;0.4;6;4;5;0.4;6;NOK;NOK;OK;8000;8056;7500;9000;OK;6.81;0;8;12;NOK;N/A;1.85;N/A;N/A;N/A;9;12.8;7;18;OK;;0;0;0;-;Disabled;TempOk;3;230;36.7;36.2;37.2;0;349.9;441354200 daimler 6900-7200;441354200 daimler 6900-7200;441354200 daimler 6900-7200
20260325_05:24:32;0;3;1;930;919.6;890;970;OK;930;931.8;890;970;OK;933.7;932.9;-20;-17.2;-50;-25;NOK;-20;-16.9;-50;-25;NOK;-14.7;-15.7;0;-20;-17.2;-50;-25;NOK;300;311;300;565;OK;0;0;N/A;N/A;N/A;N/A;N/A;N/A;N/A;N/A;N/A;N/A;N/A;N/A;N/A;N/A;N/A;N/A;N/A;N/A;N/A;N/A;N/A;N/A;N/A;N/A;N/A;N/A;N/A;N/A;N/A;N/A;N/A;N/A;N/A;N/A;N/A;N/A;N/A;N/A;N/A;N/A;N/A;N/A;N/A;N/A;N/A;N/A;N/A;N/A;N/A;N/A;N/A;N/A;N/A;N/A;N/A;N/A;N/A;N/A;N/A;N/A;N/A;N/A;N/A;N/A;N/A;N/A;N/A;N/A;N/A;N/A;N/A;N/A;N/A;N/A;N/A;N/A;N/A;N/A;N/A;N/A;N/A;N/A;N/A;N/A;N/A;N/A;N/A;N/A;N/A;N/A;N/A;N/A;N/A;N/A;N/A;N/A;N/A;N/A;;0;283.9;0;0;;Disabled;TempStop;3;740;292.5;151.9;253.1;0;599.9;549.9;Enabled;PosOk;3;0;0;0;0;0;15;Disabled;0;0;0;0;0;0;0;0;0;0;0;0;0;0;0;0;0;0;0;0;0;0;0;0;0;0;0;0;0;0;0;0;0;0;0;0;0;0;0;0;0;0;0;0;0;0;0;0;0;0;0;0;0;0;0;0;0;0;0;0;0;0;0;0;0;0;0;0;0;0;30;30;20;45;30;30;20;45;30;31;20;45;30;30;20;45;200;215;100;300;200;213;100;300;200;207;100;300;200;207;100;300;30;30;20;45;30;30;20;45;30;31;20;45;30;30;20;45;200;231;100;300;200;229;100;300;200;145;100;300;200;145;100;300;4;2;0.4;6;4;5;0.4;6;4;2;0.4;6;4;5;0.4;6;4;3;0.4;6;4;5;0.4;6;4;3;0.4;6;4;5;0.4;6;NOK;NOK;OK;8000;8084;7500;9000;OK;6.81;0;8;12;NOK;N/A;1.85;N/A;N/A;N/A;9;12.7;7;18;OK;;0;0;0;-;Disabled;TempOk;3;230;36.9;35.9;37.2;0;349.9;441354200 daimler 6900-7200;441354200 daimler 6900-7200;441354200 daimler 6900-7200
20260325_05:25:08;0;1;2;930;919.5;890;970;OK;930;931.4;890;970;OK;932.7;932.1;-20;-15.5;-50;-25;NOK;-20;-15.8;-50;-25;NOK;-16.6;-16.9;0;-20;-15.4;-50;-25;NOK;300;311;300;565;OK;0;0;N/A;N/A;N/A;N/A;N/A;N/A;N/A;N/A;N/A;N/A;N/A;N/A;N/A;N/A;N/A;N/A;N/A;N/A;N/A;N/A;N/A;N/A;N/A;N/A;N/A;N/A;N/A;N/A;N/A;N/A;N/A;N/A;N/A;N/A;N/A;N/A;N/A;N/A;N/A;N/A;N/A;N/A;N/A;N/A;N/A;N/A;N/A;N/A;N/A;N/A;N/A;N/A;N/A;N/A;N/A;N/A;N/A;N/A;N/A;N/A;N/A;N/A;N/A;N/A;N/A;N/A;N/A;N/A;N/A;N/A;N/A;N/A;N/A;N/A;N/A;N/A;N/A;N/A;N/A;N/A;N/A;N/A;N/A;N/A;N/A;N/A;N/A;N/A;N/A;N/A;N/A;N/A;N/A;N/A;N/A;N/A;N/A;N/A;;0;284.3;0;0;;Disabled;TempStop;3;740;293.4;146;253.3;0;599.9;549.9;Enabled;PosOk;3;0;0.7;0;0;0;15;Disabled;0;0;0;0;0;0;0;0;0;0;0;0;0;0;0;0;0;0;0;0;0;0;0;0;0;0;0;0;0;0;0;0;0;0;0;0;0;0;0;0;0;0;0;0;0;0;0;0;0;0;0;0;0;0;0;0;0;0;0;0;0;0;0;0;0;0;0;0;0;0;30;30;20;45;30;30;20;45;30;30;20;45;30;30;20;45;200;215;100;300;200;213;100;300;200;207;100;300;200;208;100;300;30;30;20;45;30;30;20;45;30;31;20;45;30;30;20;45;200;231;100;300;200;229;100;300;200;144;100;300;200;145;100;300;4;3;0.4;6;4;5;0.4;6;4;2;0.4;6;4;5;0.4;6;4;3;0.4;6;4;5;0.4;6;4;3;0.4;6;4;5;0.4;6;NOK;NOK;OK;8000;8067;7500;9000;OK;6.81;0;8;12;NOK;N/A;1.85;N/A;N/A;N/A;9;12.6;7;18;OK;;0;0;0;-;Disabled;TempOk;3;230;36.2;36.4;36.4;0;349.9;441354200 daimler 6900-7200;441354200 daimler 6900-7200;441354200 daimler 6900-7200
20260325_05:25:44;0;3;2;930;918.8;890;970;OK;930;931.7;890;970;OK;932.7;932.1;-20;-17.2;-50;-25;NOK;-20;-17.7;-50;-25;NOK;-16.3;-17.4;0;-20;-17.1;-50;-25;NOK;300;311;300;565;OK;0;0;N/A;N/A;N/A;N/A;N/A;N/A;N/A;N/A;N/A;N/A;N/A;N/A;N/A;N/A;N/A;N/A;N/A;N/A;N/A;N/A;N/A;N/A;N/A;N/A;N/A;N/A;N/A;N/A;N/A;N/A;N/A;N/A;N/A;N/A;N/A;N/A;N/A;N/A;N/A;N/A;N/A;N/A;N/A;N/A;N/A;N/A;N/A;N/A;N/A;N/A;N/A;N/A;N/A;N/A;N/A;N/A;N/A;N/A;N/A;N/A;N/A;N/A;N/A;N/A;N/A;N/A;N/A;N/A;N/A;N/A;N/A;N/A;N/A;N/A;N/A;N/A;N/A;N/A;N/A;N/A;N/A;N/A;N/A;N/A;N/A;N/A;N/A;N/A;N/A;N/A;N/A;N/A;N/A;N/A;N/A;N/A;N/A;N/A;;0;283.1;0;0;;Disabled;TempStop;3;740;291.4;151.3;253.3;0;599.9;549.9;Enabled;PosOk;3;0;0;0;0;0;15;Disabled;0;0;0;0;0;0;0;0;0;0;0;0;0;0;0;0;0;0;0;0;0;0;0;0;0;0;0;0;0;0;0;0;0;0;0;0;0;0;0;0;0;0;0;0;0;0;0;0;0;0;0;0;0;0;0;0;0;0;0;0;0;0;0;0;0;0;0;0;0;0;30;30;20;45;30;30;20;45;30;30;20;45;30;30;20;45;200;216;100;300;200;213;100;300;200;208;100;300;200;208;100;300;30;30;20;45;30;30;20;45;30;31;20;45;30;30;20;45;200;231;100;300;200;230;100;300;200;144;100;300;200;145;100;300;4;3;0.4;6;4;5;0.4;6;4;2;0.4;6;4;5;0.4;6;4;3;0.4;6;4;5;0.4;6;4;2;0.4;6;4;5;0.4;6;NOK;NOK;OK;8000;8089;7500;9000;OK;6.81;0;8;12;NOK;N/A;1.85;N/A;N/A;N/A;9;13.1;7;18;OK;;0;0;0;-;Disabled;TempOk;3;230;36.9;36.7;37.2;0;349.9;441354200 daimler 6900-7200;441354200 daimler 6900-7200;441354200 daimler 6900-7200
20260325_05:26:20;0;1;3;930;919.7;890;970;OK;930;931.2;890;970;OK;932.2;931.8;-20;-15.6;-50;-25;NOK;-20;-16;-50;-25;NOK;-18.2;-17.9;0;-20;-15.5;-50;-25;NOK;300;311;300;565;OK;0;0;N/A;N/A;N/A;N/A;N/A;N/A;N/A;N/A;N/A;N/A;N/A;N/A;N/A;N/A;N/A;N/A;N/A;N/A;N/A;N/A;N/A;N/A;N/A;N/A;N/A;N/A;N/A;N/A;N/A;N/A;N/A;N/A;N/A;N/A;N/A;N/A;N/A;N/A;N/A;N/A;N/A;N/A;N/A;N/A;N/A;N/A;N/A;N/A;N/A;N/A;N/A;N/A;N/A;N/A;N/A;N/A;N/A;N/A;N/A;N/A;N/A;N/A;N/A;N/A;N/A;N/A;N/A;N/A;N/A;N/A;N/A;N/A;N/A;N/A;N/A;N/A;N/A;N/A;N/A;N/A;N/A;N/A;N/A;N/A;N/A;N/A;N/A;N/A;N/A;N/A;N/A;N/A;N/A;N/A;N/A;N/A;N/A;N/A;;0;283.8;0;0;;Disabled;TempStop;3;740;294.1;147.5;252.6;0;599.9;549.9;Enabled;PosOk;3;0;0;0;0;0;15;Disabled;0;0;0;0;0;0;0;0;0;0;0;0;0;0;0;0;0;0;0;0;0;0;0;0;0;0;0;0;0;0;0;0;0;0;0;0;0;0;0;0;0;0;0;0;0;0;0;0;0;0;0;0;0;0;0;0;0;0;0;0;0;0;0;0;0;0;0;0;25;51;30;30;20;45;30;30;20;45;30;30;20;45;30;30;20;45;200;215;100;300;200;213;100;300;200;208;100;300;200;208;100;300;30;30;20;45;30;30;20;45;30;31;20;45;30;30;20;45;200;231;100;300;200;229;100;300;200;144;100;300;200;145;100;300;4;2;0.4;6;4;5;0.4;6;4;2;0.4;6;4;5;0.4;6;4;3;0.4;6;4;5;0.4;6;4;3;0.4;6;4;5;0.4;6;NOK;NOK;OK;8000;8085;7500;9000;OK;6.81;0;8;12;NOK;N/A;1.85;N/A;N/A;N/A;9;13.2;7;18;OK;;0;0;0;-;Disabled;TempOk;3;230;36.7;36.2;36.4;0;349.9;441354200 daimler 6900-7200;441354200 daimler 6900-7200;441354200 daimler 6900-7200
20260325_05:26:56;0;3;3;930;918.5;890;970;OK;930;931.4;890;970;OK;932.8;932.2;-20;-16.8;-50;-25;NOK;-20;-16.8;-50;-25;NOK;-14.9;-15.9;0;-20;-16.8;-50;-25;NOK;300;311;300;565;OK;0;0;N/A;N/A;N/A;N/A;N/A;N/A;N/A;N/A;N/A;N/A;N/A;N/A;N/A;N/A;N/A;N/A;N/A;N/A;N/A;N/A;N/A;N/A;N/A;N/A;N/A;N/A;N/A;N/A;N/A;N/A;N/A;N/A;N/A;N/A;N/A;N/A;N/A;N/A;N/A;N/A;N/A;N/A;N/A;N/A;N/A;N/A;N/A;N/A;N/A;N/A;N/A;N/A;N/A;N/A;N/A;N/A;N/A;N/A;N/A;N/A;N/A;N/A;N/A;N/A;N/A;N/A;N/A;N/A;N/A;N/A;N/A;N/A;N/A;N/A;N/A;N/A;N/A;N/A;N/A;N/A;N/A;N/A;N/A;N/A;N/A;N/A;N/A;N/A;N/A;N/A;N/A;N/A;N/A;N/A;N/A;N/A;N/A;N/A;;0;284.2;0;0;;Disabled;TempStop;3;740;292.9;148.6;250.1;0;599.9;549.9;Enabled;PosOk;3;0;0.5;0;0;0;15;Disabled;0;0;0;0;0;0;0;0;0;0;0;0;0;0;0;0;0;0;0;0;0;0;0;0;0;0;0;0;0;0;0;0;0;0;0;0;0;0;0;0;0;0;0;0;0;0;0;0;0;0;0;0;0;0;0;0;0;0;0;0;0;0;0;0;0;0;0;0;0;0;30;30;20;45;30;30;20;45;30;30;20;45;30;30;20;45;200;215;100;300;200;213;100;300;200;208;100;300;200;209;100;300;30;30;20;45;30;30;20;45;30;31;20;45;30;30;20;45;200;231;100;300;200;230;100;300;200;145;100;300;200;146;100;300;4;3;0.4;6;4;5;0.4;6;4;2;0.4;6;4;5;0.4;6;4;3;0.4;6;4;5;0.4;6;4;2;0.4;6;4;5;0.4;6;NOK;NOK;OK;8000;8085;7500;9000;OK;6.81;0;8;12;NOK;N/A;1.85;N/A;N/A;N/A;9;12.7;7;18;OK;;0;0;0;-;Disabled;TempOk;3;230;36.7;35.9;36.4;0;349.9;441354200 daimler 6900-7200;441354200 daimler 6900-7200;441354200 daimler 6900-7200
20260325_05:27:32;0;1;4;930;918;890;970;OK;930;931.4;890;970;OK;932.1;931.8;-20;-13.8;-50;-25;NOK;-20;-14.4;-50;-25;NOK;-16.3;-16.1;0;-20;-13.8;-50;-25;NOK;300;311;300;565;OK;0;0;N/A;N/A;N/A;N/A;N/A;N/A;N/A;N/A;N/A;N/A;N/A;N/A;N/A;N/A;N/A;N/A;N/A;N/A;N/A;N/A;N/A;N/A;N/A;N/A;N/A;N/A;N/A;N/A;N/A;N/A;N/A;N/A;N/A;N/A;N/A;N/A;N/A;N/A;N/A;N/A;N/A;N/A;N/A;N/A;N/A;N/A;N/A;N/A;N/A;N/A;N/A;N/A;N/A;N/A;N/A;N/A;N/A;N/A;N/A;N/A;N/A;N/A;N/A;N/A;N/A;N/A;N/A;N/A;N/A;N/A;N/A;N/A;N/A;N/A;N/A;N/A;N/A;N/A;N/A;N/A;N/A;N/A;N/A;N/A;N/A;N/A;N/A;N/A;N/A;N/A;N/A;N/A;N/A;N/A;N/A;N/A;N/A;N/A;;0;284.8;0;0;;Disabled;TempStop;3;740;293.4;148.6;254.4;0;599.9;549.9;Enabled;PosOk;3;0;0;0;0;0;15;Disabled;0;0;0;0;0;0;0;0;0;0;0;0;0;0;0;0;0;0;0;0;0;0;0;0;0;0;0;0;0;0;0;0;0;0;0;0;0;0;0;0;0;0;0;0;0;0;0;0;0;0;0;0;0;0;0;0;0;0;0;0;0;0;0;0;0;0;0;0;27;3;30;30;20;45;30;30;20;45;30;30;20;45;30;30;20;45;200;215;100;300;200;213;100;300;200;208;100;300;200;208;100;300;30;30;20;45;30;30;20;45;30;31;20;45;30;30;20;45;200;231;100;300;200;230;100;300;200;144;100;300;200;146;100;300;4;2;0.4;6;4;5;0.4;6;4;2;0.4;6;4;5;0.4;6;4;2;0.4;6;4;5;0.4;6;4;3;0.4;6;4;5;0.4;6;NOK;NOK;OK;8000;8097;7500;9000;OK;6.82;0;8;12;NOK;N/A;1.85;N/A;N/A;N/A;9;13.3;7;18;OK;;0;0;0;-;Disabled;TempOk;3;230;35.7;35.4;35.9;0;349.9;441354200 daimler 6900-7200;441354200 daimler 6900-7200;441354200 daimler 6900-7200
20260325_05:28:08;0;3;4;930;919.8;890;970;OK;930;931.4;890;970;OK;932.1;931.7;-20;-15.9;-50;-25;NOK;-20;-16.8;-50;-25;NOK;-19.1;-18.9;0;-20;-15.8;-50;-25;NOK;300;311;300;565;OK;0;0;N/A;N/A;N/A;N/A;N/A;N/A;N/A;N/A;N/A;N/A;N/A;N/A;N/A;N/A;N/A;N/A;N/A;N/A;N/A;N/A;N/A;N/A;N/A;N/A;N/A;N/A;N/A;N/A;N/A;N/A;N/A;N/A;N/A;N/A;N/A;N/A;N/A;N/A;N/A;N/A;N/A;N/A;N/A;N/A;N/A;N/A;N/A;N/A;N/A;N/A;N/A;N/A;N/A;N/A;N/A;N/A;N/A;N/A;N/A;N/A;N/A;N/A;N/A;N/A;N/A;N/A;N/A;N/A;N/A;N/A;N/A;N/A;N/A;N/A;N/A;N/A;N/A;N/A;N/A;N/A;N/A;N/A;N/A;N/A;N/A;N/A;N/A;N/A;N/A;N/A;N/A;N/A;N/A;N/A;N/A;N/A;N/A;N/A;;0;282.8;0;0;;Disabled;TempStop;3;740;293.1;150.6;254.4;0;599.9;549.9;Enabled;PosOk;3;0;0.5;0;0;0;15;Disabled;0;0;0;0;0;0;0;0;0;0;0;0;0;0;0;0;0;0;0;0;0;0;0;0;0;0;0;0;0;0;0;0;0;0;0;0;0;0;0;0;0;0;0;0;0;0;0;0;0;0;0;0;0;0;0;0;0;0;0;0;0;0;0;0;0;0;0;0;0;0;30;30;20;45;30;30;20;45;30;30;20;45;30;30;20;45;200;215;100;300;200;213;100;300;200;208;100;300;200;208;100;300;30;30;20;45;30;30;20;45;30;31;20;45;30;30;20;45;200;231;100;300;200;230;100;300;200;144;100;300;200;145;100;300;4;2;0.4;6;4;5;0.4;6;4;2;0.4;6;4;5;0.4;6;4;3;0.4;6;4;5;0.4;6;4;3;0.4;6;4;5;0.4;6;NOK;NOK;OK;8000;8070;7500;9000;OK;6.81;0;8;12;NOK;N/A;1.85;N/A;N/A;N/A;9;13.4;7;18;OK;;0;0;0;-;Disabled;TempOk;3;230;35.9;35.7;36.2;0;349.9;441354200 daimler 6900-7200;441354200 daimler 6900-7200;441354200 daimler 6900-7200
20260325_05:28:43;0;3;5;930;921;890;970;OK;930;930.6;890;970;OK;931.7;931.2;-20;-19.5;-50;-25;NOK;-20;-19.7;-50;-25;NOK;-19.4;-19.9;0;-20;-19.3;-50;-25;NOK;300;311;300;565;OK;0;0;N/A;N/A;N/A;N/A;N/A;N/A;N/A;N/A;N/A;N/A;N/A;N/A;N/A;N/A;N/A;N/A;N/A;N/A;N/A;N/A;N/A;N/A;N/A;N/A;N/A;N/A;N/A;N/A;N/A;N/A;N/A;N/A;N/A;N/A;N/A;N/A;N/A;N/A;N/A;N/A;N/A;N/A;N/A;N/A;N/A;N/A;N/A;N/A;N/A;N/A;N/A;N/A;N/A;N/A;N/A;N/A;N/A;N/A;N/A;N/A;N/A;N/A;N/A;N/A;N/A;N/A;N/A;N/A;N/A;N/A;N/A;N/A;N/A;N/A;N/A;N/A;N/A;N/A;N/A;N/A;N/A;N/A;N/A;N/A;N/A;N/A;N/A;N/A;N/A;N/A;N/A;N/A;N/A;N/A;N/A;N/A;N/A;N/A;;0;282.6;0;0;;Disabled;TempStop;3;740;291.5;150.7;253.3;0;599.9;549.9;Enabled;PosOk;3;0;0.3;0;0;0;15;Disabled;0;0;0;0;0;0;0;0;0;0;0;0;0;0;0;0;0;0;0;0;0;0;0;0;0;0;0;0;0;0;0;0;0;0;0;0;0;0;0;0;0;0;0;0;0;0;0;0;0;0;0;0;0;0;0;0;0;0;0;0;0;0;0;0;0;0;0;0;0;0;30;30;20;45;30;30;20;45;30;30;20;45;30;30;20;45;200;215;100;300;200;213;100;300;200;207;100;300;200;208;100;300;30;30;20;45;30;30;20;45;30;31;20;45;30;30;20;45;200;231;100;300;200;229;100;300;200;144;100;300;200;145;100;300;4;2;0.4;6;4;5;0.4;6;4;2;0.4;6;4;5;0.4;6;4;3;0.4;6;4;5;0.4;6;4;2;0.4;6;4;5;0.4;6;NOK;NOK;OK;8000;8097;7500;9000;OK;6.82;0;8;12;NOK;N/A;1.85;N/A;N/A;N/A;9;13.5;7;18;OK;;0;0;0;-;Disabled;TempOk;3;230;35.9;35.9;36.7;0;349.9;441354200 daimler 6900-7200;441354200 daimler 6900-7200;441354200 daimler 6900-7200
20260325_05:29:19;0;1;1;930;919.5;890;970;OK;930;931.6;890;970;OK;932.5;932;-20;-17.8;-50;-25;NOK;-20;-17.6;-50;-25;NOK;-17.2;-17.2;0;-20;-17.9;-50;-25;NOK;300;311;300;565;OK;0;0;N/A;N/A;N/A;N/A;N/A;N/A;N/A;N/A;N/A;N/A;N/A;N/A;N/A;N/A;N/A;N/A;N/A;N/A;N/A;N/A;N/A;N/A;N/A;N/A;N/A;N/A;N/A;N/A;N/A;N/A;N/A;N/A;N/A;N/A;N/A;N/A;N/A;N/A;N/A;N/A;N/A;N/A;N/A;N/A;N/A;N/A;N/A;N/A;N/A;N/A;N/A;N/A;N/A;N/A;N/A;N/A;N/A;N/A;N/A;N/A;N/A;N/A;N/A;N/A;N/A;N/A;N/A;N/A;N/A;N/A;N/A;N/A;N/A;N/A;N/A;N/A;N/A;N/A;N/A;N/A;N/A;N/A;N/A;N/A;N/A;N/A;N/A;N/A;N/A;N/A;N/A;N/A;N/A;N/A;N/A;N/A;N/A;N/A;;0;286.1;0;0;;Disabled;TempStop;3;740;295.4;147.5;254.9;0;599.9;549.9;Enabled;PosOk;3;0;0;0;0;0;15;Disabled;0;0;0;0;0;0;0;0;0;0;0;0;0;0;0;0;0;0;0;0;0;0;0;0;0;0;0;0;0;0;0;0;0;0;0;0;0;0;0;0;0;0;0;0;0;0;0;0;0;0;0;0;0;0;0;0;0;0;0;0;0;0;0;0;0;0;0;0;0;0;30;30;20;45;30;30;20;45;30;30;20;45;30;29;20;45;200;215;100;300;200;213;100;300;200;207;100;300;200;207;100;300;30;30;20;45;30;29;20;45;30;30;20;45;30;30;20;45;200;231;100;300;200;228;100;300;200;144;100;300;200;145;100;300;4;2;0.4;6;4;5;0.4;6;4;2;0.4;6;4;5;0.4;6;4;3;0.4;6;4;5;0.4;6;4;2;0.4;6;4;5;0.4;6;NOK;NOK;OK;8000;8073;7500;9000;OK;6.81;0;8;12;NOK;N/A;1.85;N/A;N/A;N/A;9;13;7;18;OK;;0;0;0;-;Disabled;TempOk;3;230;35.7;35.4;35.7;0;349.9;441354200 daimler 6900-7200;441354200 daimler 6900-7200;441354200 daimler 6900-7200
20260325_05:29:55;0;3;1;930;919.3;890;970;OK;930;931.5;890;970;OK;933.5;932.7;-20;-17.2;-50;-25;NOK;-20;-16.8;-50;-25;NOK;-14.6;-15.7;0;-20;-17.3;-50;-25;NOK;300;311;300;565;OK;0;0;N/A;N/A;N/A;N/A;N/A;N/A;N/A;N/A;N/A;N/A;N/A;N/A;N/A;N/A;N/A;N/A;N/A;N/A;N/A;N/A;N/A;N/A;N/A;N/A;N/A;N/A;N/A;N/A;N/A;N/A;N/A;N/A;N/A;N/A;N/A;N/A;N/A;N/A;N/A;N/A;N/A;N/A;N/A;N/A;N/A;N/A;N/A;N/A;N/A;N/A;N/A;N/A;N/A;N/A;N/A;N/A;N/A;N/A;N/A;N/A;N/A;N/A;N/A;N/A;N/A;N/A;N/A;N/A;N/A;N/A;N/A;N/A;N/A;N/A;N/A;N/A;N/A;N/A;N/A;N/A;N/A;N/A;N/A;N/A;N/A;N/A;N/A;N/A;N/A;N/A;N/A;N/A;N/A;N/A;N/A;N/A;N/A;N/A;;0;284.2;0;0;;Disabled;TempStop;3;740;292.9;151.2;255.2;0;599.9;549.9;Enabled;PosOk;3;0;0.5;0;0;0;15;Disabled;0;0;0;0;0;0;0;0;0;0;0;0;0;0;0;0;0;0;0;0;0;0;0;0;0;0;0;0;0;0;0;0;0;0;0;0;0;0;0;0;0;0;0;0;0;0;0;0;0;0;0;0;0;0;0;0;0;0;0;0;0;0;0;0;0;0;0;0;0;0;30;30;20;45;30;30;20;45;30;30;20;45;30;29;20;45;200;215;100;300;200;213;100;300;200;208;100;300;200;208;100;300;30;30;20;45;30;30;20;45;30;30;20;45;30;29;20;45;200;231;100;300;200;229;100;300;200;144;100;300;200;145;100;300;4;2;0.4;6;4;5;0.4;6;4;2;0.4;6;4;5;0.4;6;4;2;0.4;6;4;5;0.4;6;4;3;0.4;6;4;5;0.4;6;NOK;NOK;OK;8000;8098;7500;9000;OK;6.82;0;8;12;NOK;N/A;1.85;N/A;N/A;N/A;9;13;7;18;OK;;0;0;0;-;Disabled;TempOk;3;230;35.9;35.7;36.4;0;349.9;441354200 daimler 6900-7200;441354200 daimler 6900-7200;441354200 daimler 6900-7200
20260325_05:30:31;0;1;2;930;919.5;890;970;OK;930;931.5;890;970;OK;932.5;931.8;-20;-15.3;-50;-25;NOK;-20;-16.1;-50;-25;NOK;-16.7;-17.1;0;-20;-15.2;-50;-25;NOK;300;311;300;565;OK;0;0;N/A;N/A;N/A;N/A;N/A;N/A;N/A;N/A;N/A;N/A;N/A;N/A;N/A;N/A;N/A;N/A;N/A;N/A;N/A;N/A;N/A;N/A;N/A;N/A;N/A;N/A;N/A;N/A;N/A;N/A;N/A;N/A;N/A;N/A;N/A;N/A;N/A;N/A;N/A;N/A;N/A;N/A;N/A;N/A;N/A;N/A;N/A;N/A;N/A;N/A;N/A;N/A;N/A;N/A;N/A;N/A;N/A;N/A;N/A;N/A;N/A;N/A;N/A;N/A;N/A;N/A;N/A;N/A;N/A;N/A;N/A;N/A;N/A;N/A;N/A;N/A;N/A;N/A;N/A;N/A;N/A;N/A;N/A;N/A;N/A;N/A;N/A;N/A;N/A;N/A;N/A;N/A;N/A;N/A;N/A;N/A;N/A;N/A;;0;284.5;0;0;;Disabled;TempStop;3;740;293.4;145.3;254.4;0;599.9;549.9;Enabled;PosOk;3;0;0.5;0;0;0;15;Disabled;0;0;0;0;0;0;0;0;0;0;0;0;0;0;0;0;0;0;0;0;0;0;0;0;0;0;0;0;0;0;0;0;0;0;0;0;0;0;0;0;0;0;0;0;0;0;0;0;0;0;0;0;0;0;0;0;0;0;0;0;0;0;0;0;0;0;0;0;0;0;30;30;20;45;30;30;20;45;30;30;20;45;30;30;20;45;200;216;100;300;200;213;100;300;200;208;100;300;200;208;100;300;30;30;20;45;30;30;20;45;30;30;20;45;30;30;20;45;200;231;100;300;200;230;100;300;200;144;100;300;200;145;100;300;4;3;0.4;6;4;5;0.4;6;4;2;0.4;6;4;5;0.4;6;4;3;0.4;6;4;5;0.4;6;4;2;0.4;6;4;5;0.4;6;NOK;NOK;OK;8000;8069;7500;9000;OK;6.81;0;8;12;NOK;N/A;1.85;N/A;N/A;N/A;9;12.9;7;18;OK;;0;0;0;-;Disabled;TempOk;3;230;36.2;35.7;36.2;0;349.9;441354200 daimler 6900-7200;441354200 daimler 6900-7200;441354200 daimler 6900-7200
20260325_05:31:07;0;3;2;930;919.2;890;970;OK;930;931.4;890;970;OK;932.5;931.9;-20;-17.2;-50;-25;NOK;-20;-17.7;-50;-25;NOK;-16.4;-17.4;0;-20;-17.2;-50;-25;NOK;300;311;300;565;OK;0;0;N/A;N/A;N/A;N/A;N/A;N/A;N/A;N/A;N/A;N/A;N/A;N/A;N/A;N/A;N/A;N/A;N/A;N/A;N/A;N/A;N/A;N/A;N/A;N/A;N/A;N/A;N/A;N/A;N/A;N/A;N/A;N/A;N/A;N/A;N/A;N/A;N/A;N/A;N/A;N/A;N/A;N/A;N/A;N/A;N/A;N/A;N/A;N/A;N/A;N/A;N/A;N/A;N/A;N/A;N/A;N/A;N/A;N/A;N/A;N/A;N/A;N/A;N/A;N/A;N/A;N/A;N/A;N/A;N/A;N/A;N/A;N/A;N/A;N/A;N/A;N/A;N/A;N/A;N/A;N/A;N/A;N/A;N/A;N/A;N/A;N/A;N/A;N/A;N/A;N/A;N/A;N/A;N/A;N/A;N/A;N/A;N/A;N/A;;0;282.8;0;0;;Disabled;TempStop;3;740;291.2;149.3;253.8;0;599.9;549.9;Enabled;PosOk;3;0;0;0;0;0;15;Disabled;0;0;0;0;0;0;0;0;0;0;0;0;0;0;0;0;0;0;0;0;0;0;0;0;0;0;0;0;0;0;0;0;0;0;0;0;0;0;0;0;0;0;0;0;0;0;0;0;0;0;0;0;0;0;0;0;0;0;0;0;0;0;0;0;0;0;0;0;0;0;30;30;20;45;30;30;20;45;30;30;20;45;30;30;20;45;200;216;100;300;200;213;100;300;200;208;100;300;200;209;100;300;30;30;20;45;30;30;20;45;30;31;20;45;30;30;20;45;200;231;100;300;200;230;100;300;200;145;100;300;200;145;100;300;4;2;0.4;6;4;5;0.4;6;4;2;0.4;6;4;5;0.4;6;4;3;0.4;6;4;5;0.4;6;4;3;0.4;6;4;5;0.4;6;NOK;NOK;OK;8000;7974;7500;9000;OK;6.81;0;8;12;NOK;N/A;1.85;N/A;N/A;N/A;9;12.9;7;18;OK;;0;0;0;-;Disabled;TempOk;3;230;36.2;35.7;35.9;0;349.9;441354200 daimler 6900-7200;441354200 daimler 6900-7200;441354200 daimler 6900-7200
20260325_05:31:43;0;1;3;930;919.6;890;970;OK;930;931.2;890;970;OK;932.4;931.7;-20;-15.5;-50;-25;NOK;-20;-16.2;-50;-25;NOK;-18.4;-18.1;0;-20;-15.5;-50;-25;NOK;300;311;300;565;OK;0;0;N/A;N/A;N/A;N/A;N/A;N/A;N/A;N/A;N/A;N/A;N/A;N/A;N/A;N/A;N/A;N/A;N/A;N/A;N/A;N/A;N/A;N/A;N/A;N/A;N/A;N/A;N/A;N/A;N/A;N/A;N/A;N/A;N/A;N/A;N/A;N/A;N/A;N/A;N/A;N/A;N/A;N/A;N/A;N/A;N/A;N/A;N/A;N/A;N/A;N/A;N/A;N/A;N/A;N/A;N/A;N/A;N/A;N/A;N/A;N/A;N/A;N/A;N/A;N/A;N/A;N/A;N/A;N/A;N/A;N/A;N/A;N/A;N/A;N/A;N/A;N/A;N/A;N/A;N/A;N/A;N/A;N/A;N/A;N/A;N/A;N/A;N/A;N/A;N/A;N/A;N/A;N/A;N/A;N/A;N/A;N/A;N/A;N/A;;0;284.4;0;0;;Disabled;TempStop;3;740;295;147.1;255.3;0;599.9;549.9;Enabled;PosOk;3;0;0;0;0;0;15;Disabled;0;0;0;0;0;0;0;0;0;0;0;0;0;0;0;0;0;0;0;0;0;0;0;0;0;0;0;0;0;0;0;0;0;0;0;0;0;0;0;0;0;0;0;0;0;0;0;0;0;0;0;0;0;0;0;0;0;0;0;0;0;0;0;0;0;0;0;0;31;15;30;30;20;45;30;30;20;45;30;30;20;45;30;30;20;45;200;215;100;300;200;213;100;300;200;208;100;300;200;208;100;300;30;30;20;45;30;30;20;45;30;31;20;45;30;30;20;45;200;231;100;300;200;229;100;300;200;144;100;300;200;145;100;300;4;3;0.4;6;4;5;0.4;6;4;2;0.4;6;4;5;0.4;6;4;3;0.4;6;4;5;0.4;6;4;3;0.4;6;4;5;0.4;6;NOK;NOK;OK;8000;8082;7500;9000;OK;6.82;0;8;12;NOK;N/A;1.85;N/A;N/A;N/A;9;12.9;7;18;OK;;0;0;0;-;Disabled;TempOk;3;230;36.2;35.7;36.2;0;349.9;441354200 daimler 6900-7200;441354200 daimler 6900-7200;441354200 daimler 6900-7200
20260325_05:32:19;0;3;3;930;919.1;890;970;OK;930;931.3;890;970;OK;932.4;931.8;-20;-16.7;-50;-25;NOK;-20;-16.8;-50;-25;NOK;-14.9;-15.9;0;-20;-16.7;-50;-25;NOK;300;311;300;565;OK;0;0;N/A;N/A;N/A;N/A;N/A;N/A;N/A;N/A;N/A;N/A;N/A;N/A;N/A;N/A;N/A;N/A;N/A;N/A;N/A;N/A;N/A;N/A;N/A;N/A;N/A;N/A;N/A;N/A;N/A;N/A;N/A;N/A;N/A;N/A;N/A;N/A;N/A;N/A;N/A;N/A;N/A;N/A;N/A;N/A;N/A;N/A;N/A;N/A;N/A;N/A;N/A;N/A;N/A;N/A;N/A;N/A;N/A;N/A;N/A;N/A;N/A;N/A;N/A;N/A;N/A;N/A;N/A;N/A;N/A;N/A;N/A;N/A;N/A;N/A;N/A;N/A;N/A;N/A;N/A;N/A;N/A;N/A;N/A;N/A;N/A;N/A;N/A;N/A;N/A;N/A;N/A;N/A;N/A;N/A;N/A;N/A;N/A;N/A;;0;283.6;0;0;;Disabled;TempStop;3;740;292.7;151.1;253.6;0;599.9;549.9;Enabled;PosOk;3;0;0.7;0;0;0;15;Disabled;0;0;0;0;0;0;0;0;0;0;0;0;0;0;0;0;0;0;0;0;0;0;0;0;0;0;0;0;0;0;0;0;0;0;0;0;0;0;0;0;0;0;0;0;0;0;0;0;0;0;0;0;0;0;0;0;0;0;0;0;0;0;0;0;0;0;0;0;0;0;30;30;20;45;30;30;20;45;30;31;20;45;30;30;20;45;200;216;100;300;200;213;100;300;200;208;100;300;200;208;100;300;30;30;20;45;30;30;20;45;30;31;20;45;30;30;20;45;200;231;100;300;200;230;100;300;200;144;100;300;200;145;100;300;4;2;0.4;6;4;5;0.4;6;4;2;0.4;6;4;5;0.4;6;4;3;0.4;6;4;5;0.4;6;4;2;0.4;6;4;5;0.4;6;NOK;NOK;OK;8000;7970;7500;9000;OK;6.81;0;8;12;NOK;N/A;1.85;N/A;N/A;N/A;9;12.8;7;18;OK;;0;0;0;-;Disabled;TempOk;3;230;36.7;36.7;36.9;0;349.9;441354200 daimler 6900-7200;441354200 daimler 6900-7200;441354200 daimler 6900-7200
20260325_05:32:55;0;1;4;930;918.9;890;970;OK;930;931.3;890;970;OK;932.4;931.9;-20;-13.9;-50;-25;NOK;-20;-14.8;-50;-25;NOK;-16.6;-16.3;0;-20;-13.8;-50;-25;NOK;300;311;300;565;OK;0;0;N/A;N/A;N/A;N/A;N/A;N/A;N/A;N/A;N/A;N/A;N/A;N/A;N/A;N/A;N/A;N/A;N/A;N/A;N/A;N/A;N/A;N/A;N/A;N/A;N/A;N/A;N/A;N/A;N/A;N/A;N/A;N/A;N/A;N/A;N/A;N/A;N/A;N/A;N/A;N/A;N/A;N/A;N/A;N/A;N/A;N/A;N/A;N/A;N/A;N/A;N/A;N/A;N/A;N/A;N/A;N/A;N/A;N/A;N/A;N/A;N/A;N/A;N/A;N/A;N/A;N/A;N/A;N/A;N/A;N/A;N/A;N/A;N/A;N/A;N/A;N/A;N/A;N/A;N/A;N/A;N/A;N/A;N/A;N/A;N/A;N/A;N/A;N/A;N/A;N/A;N/A;N/A;N/A;N/A;N/A;N/A;N/A;N/A;;0;284.5;0;0;;Disabled;TempStop;3;740;293.6;151.4;253.1;0;599.9;549.9;Enabled;PosOk;3;0;0;0;0;0;15;Disabled;0;0;0;0;0;0;0;0;0;0;0;0;0;0;0;0;0;0;0;0;0;0;0;0;0;0;0;0;0;0;0;0;0;0;0;0;0;0;0;0;0;0;0;0;0;0;0;0;0;0;0;0;0;0;0;0;0;0;0;0;0;0;0;0;0;0;0;0;32;26;30;30;20;45;30;30;20;45;30;30;20;45;30;30;20;45;200;216;100;300;200;213;100;300;200;208;100;300;200;208;100;300;30;30;20;45;30;30;20;45;30;31;20;45;30;30;20;45;200;231;100;300;200;229;100;300;200;145;100;300;200;145;100;300;4;2;0.4;6;4;5;0.4;6;4;2;0.4;6;4;5;0.4;6;4;3;0.4;6;4;5;0.4;6;4;2;0.4;6;4;5;0.4;6;NOK;NOK;OK;8000;8072;7500;9000;OK;6.85;0;8;12;NOK;N/A;1.85;N/A;N/A;N/A;9;12.7;7;18;OK;;0;0;0;-;Disabled;TempOk;3;230;36.9;36.7;36.7;0;349.9;441354200 daimler 6900-7200;441354200 daimler 6900-7200;441354200 daimler 6900-7200
20260325_05:33:31;0;3;4;930;919.6;890;970;OK;930;931.3;890;970;OK;932.2;931.7;-20;-15.9;-50;-25;NOK;-20;-16.9;-50;-25;NOK;-19.2;-19;0;-20;-15.7;-50;-25;NOK;300;311;300;565;OK;0;0;N/A;N/A;N/A;N/A;N/A;N/A;N/A;N/A;N/A;N/A;N/A;N/A;N/A;N/A;N/A;N/A;N/A;N/A;N/A;N/A;N/A;N/A;N/A;N/A;N/A;N/A;N/A;N/A;N/A;N/A;N/A;N/A;N/A;N/A;N/A;N/A;N/A;N/A;N/A;N/A;N/A;N/A;N/A;N/A;N/A;N/A;N/A;N/A;N/A;N/A;N/A;N/A;N/A;N/A;N/A;N/A;N/A;N/A;N/A;N/A;N/A;N/A;N/A;N/A;N/A;N/A;N/A;N/A;N/A;N/A;N/A;N/A;N/A;N/A;N/A;N/A;N/A;N/A;N/A;N/A;N/A;N/A;N/A;N/A;N/A;N/A;N/A;N/A;N/A;N/A;N/A;N/A;N/A;N/A;N/A;N/A;N/A;N/A;;0;282.9;0;0;;Disabled;TempStop;3;740;293.7;150.7;255.8;0;599.9;549.9;Enabled;PosOk;3;0;0.3;0;0;0;15;Disabled;0;0;0;0;0;0;0;0;0;0;0;0;0;0;0;0;0;0;0;0;0;0;0;0;0;0;0;0;0;0;0;0;0;0;0;0;0;0;0;0;0;0;0;0;0;0;0;0;0;0;0;0;0;0;0;0;0;0;0;0;0;0;0;0;0;0;0;0;0;0;30;30;20;45;30;30;20;45;30;30;20;45;30;30;20;45;200;216;100;300;200;213;100;300;200;209;100;300;200;209;100;300;30;30;20;45;30;30;20;45;30;31;20;45;30;30;20;45;200;231;100;300;200;229;100;300;200;145;100;300;200;145;100;300;4;2;0.4;6;4;5;0.4;6;4;2;0.4;6;4;5;0.4;6;4;3;0.4;6;4;5;0.4;6;4;2;0.4;6;4;5;0.4;6;NOK;NOK;OK;8000;8093;7500;9000;OK;6.82;0;8;12;NOK;N/A;1.85;N/A;N/A;N/A;9;12.6;7;18;OK;;0;0;0;-;Disabled;TempOk;3;230;36.7;36.7;37.2;0;349.9;441354200 daimler 6900-7200;441354200 daimler 6900-7200;441354200 daimler 6900-7200
20260325_05:34:07;0;3;5;930;920.7;890;970;OK;930;930.8;890;970;OK;932;931.5;-20;-19.3;-50;-25;NOK;-20;-20;-50;-25;NOK;-19.7;-20.4;0;-20;-19.2;-50;-25;NOK;300;311;300;565;OK;0;0;N/A;N/A;N/A;N/A;N/A;N/A;N/A;N/A;N/A;N/A;N/A;N/A;N/A;N/A;N/A;N/A;N/A;N/A;N/A;N/A;N/A;N/A;N/A;N/A;N/A;N/A;N/A;N/A;N/A;N/A;N/A;N/A;N/A;N/A;N/A;N/A;N/A;N/A;N/A;N/A;N/A;N/A;N/A;N/A;N/A;N/A;N/A;N/A;N/A;N/A;N/A;N/A;N/A;N/A;N/A;N/A;N/A;N/A;N/A;N/A;N/A;N/A;N/A;N/A;N/A;N/A;N/A;N/A;N/A;N/A;N/A;N/A;N/A;N/A;N/A;N/A;N/A;N/A;N/A;N/A;N/A;N/A;N/A;N/A;N/A;N/A;N/A;N/A;N/A;N/A;N/A;N/A;N/A;N/A;N/A;N/A;N/A;N/A;;0;282.5;0;0;;Disabled;TempStop;3;740;291.7;150.3;253.5;0;599.9;549.9;Enabled;PosOk;3;0;0;0;0;0;15;Disabled;0;0;0;0;0;0;0;0;0;0;0;0;0;0;0;0;0;0;0;0;0;0;0;0;0;0;0;0;0;0;0;0;0;0;0;0;0;0;0;0;0;0;0;0;0;0;0;0;0;0;0;0;0;0;0;0;0;0;0;0;0;0;0;0;0;0;0;0;0;0;30;30;20;45;30;30;20;45;30;30;20;45;30;30;20;45;200;216;100;300;200;213;100;300;200;209;100;300;200;208;100;300;30;30;20;45;30;30;20;45;30;31;20;45;30;30;20;45;200;231;100;300;200;229;100;300;200;145;100;300;200;145;100;300;4;2;0.4;6;4;5;0.4;6;4;2;0.4;6;4;5;0.4;6;4;3;0.4;6;4;5;0.4;6;4;3;0.4;6;4;5;0.4;6;NOK;NOK;OK;8000;8075;7500;9000;OK;6.81;0;8;12;NOK;N/A;1.86;N/A;N/A;N/A;9;12.7;7;18;OK;;0;0;0;-;Disabled;TempOk;3;230;36.4;35.9;36.4;0;349.9;441354200 daimler 6900-7200;441354200 daimler 6900-7200;441354200 daimler 6900-7200
20260325_05:34:43;0;1;1;930;919.7;890;970;OK;930;931.5;890;970;OK;932.4;931.8;-20;-17.8;-50;-25;NOK;-20;-17.9;-50;-25;NOK;-17.5;-17.5;0;-20;-17.8;-50;-25;NOK;300;311;300;565;OK;0;0;N/A;N/A;N/A;N/A;N/A;N/A;N/A;N/A;N/A;N/A;N/A;N/A;N/A;N/A;N/A;N/A;N/A;N/A;N/A;N/A;N/A;N/A;N/A;N/A;N/A;N/A;N/A;N/A;N/A;N/A;N/A;N/A;N/A;N/A;N/A;N/A;N/A;N/A;N/A;N/A;N/A;N/A;N/A;N/A;N/A;N/A;N/A;N/A;N/A;N/A;N/A;N/A;N/A;N/A;N/A;N/A;N/A;N/A;N/A;N/A;N/A;N/A;N/A;N/A;N/A;N/A;N/A;N/A;N/A;N/A;N/A;N/A;N/A;N/A;N/A;N/A;N/A;N/A;N/A;N/A;N/A;N/A;N/A;N/A;N/A;N/A;N/A;N/A;N/A;N/A;N/A;N/A;N/A;N/A;N/A;N/A;N/A;N/A;;0;287.3;0;0;;Disabled;TempStop;3;740;296.6;149.9;256.9;0;599.9;549.9;Enabled;PosOk;3;0;0;0;0;0;15;Disabled;0;0;0;0;0;0;0;0;0;0;0;0;0;0;0;0;0;0;0;0;0;0;0;0;0;0;0;0;0;0;0;0;0;0;0;0;0;0;0;0;0;0;0;0;0;0;0;0;0;0;0;0;0;0;0;0;0;0;0;0;0;0;0;0;0;0;0;0;0;0;30;30;20;45;30;29;20;45;30;30;20;45;30;29;20;45;200;216;100;300;200;213;100;300;200;208;100;300;200;208;100;300;30;29;20;45;30;29;20;45;30;30;20;45;30;29;20;45;200;231;100;300;200;229;100;300;200;145;100;300;200;145;100;300;4;2;0.4;6;4;5;0.4;6;4;2;0.4;6;4;5;0.4;6;4;3;0.4;6;4;5;0.4;6;4;3;0.4;6;4;5;0.4;6;NOK;NOK;OK;8000;8093;7500;9000;OK;6.82;0;8;12;NOK;N/A;1.85;N/A;N/A;N/A;9;12.6;7;18;OK;;0;0;0;-;Disabled;TempOk;3;230;37.4;36.4;36.9;0;349.9;441354200 daimler 6900-7200;441354200 daimler 6900-7200;441354200 daimler 6900-7200
20260325_05:35:19;0;3;1;930;919.1;890;970;OK;930;931.6;890;970;OK;933.6;932.7;-20;-17.1;-50;-25;NOK;-20;-16.8;-50;-25;NOK;-14.8;-15.8;0;-20;-17.2;-50;-25;NOK;300;311;300;565;OK;0;0;N/A;N/A;N/A;N/A;N/A;N/A;N/A;N/A;N/A;N/A;N/A;N/A;N/A;N/A;N/A;N/A;N/A;N/A;N/A;N/A;N/A;N/A;N/A;N/A;N/A;N/A;N/A;N/A;N/A;N/A;N/A;N/A;N/A;N/A;N/A;N/A;N/A;N/A;N/A;N/A;N/A;N/A;N/A;N/A;N/A;N/A;N/A;N/A;N/A;N/A;N/A;N/A;N/A;N/A;N/A;N/A;N/A;N/A;N/A;N/A;N/A;N/A;N/A;N/A;N/A;N/A;N/A;N/A;N/A;N/A;N/A;N/A;N/A;N/A;N/A;N/A;N/A;N/A;N/A;N/A;N/A;N/A;N/A;N/A;N/A;N/A;N/A;N/A;N/A;N/A;N/A;N/A;N/A;N/A;N/A;N/A;N/A;N/A;;0;283.8;0;0;;Disabled;TempStop;3;740;293.3;148.4;255;0;599.9;549.9;Enabled;PosOk;3;0;0;0;0;0;15;Disabled;0;0;0;0;0;0;0;0;0;0;0;0;0;0;0;0;0;0;0;0;0;0;0;0;0;0;0;0;0;0;0;0;0;0;0;0;0;0;0;0;0;0;0;0;0;0;0;0;0;0;0;0;0;0;0;0;0;0;0;0;0;0;0;0;0;0;0;0;0;0;30;30;20;45;30;30;20;45;30;30;20;45;30;30;20;45;200;215;100;300;200;213;100;300;200;208;100;300;200;207;100;300;30;30;20;45;30;30;20;45;30;30;20;45;30;30;20;45;200;231;100;300;200;230;100;300;200;144;100;300;200;145;100;300;4;2;0.4;6;4;5;0.4;6;4;2;0.4;6;4;5;0.4;6;4;3;0.4;6;4;5;0.4;6;4;3;0.4;6;4;5;0.4;6;NOK;NOK;OK;8000;8056;7500;9000;OK;6.81;0;8;12;NOK;N/A;1.86;N/A;N/A;N/A;9;13.2;7;18;OK;;0;0;0;-;Disabled;TempOk;3;230;36.7;36.2;36.7;0;349.9;441354200 daimler 6900-7200;441354200 daimler 6900-7200;441354200 daimler 6900-7200
20260325_05:35:55;0;1;2;930;919.6;890;970;OK;930;931.3;890;970;OK;932.6;932;-20;-15.5;-50;-25;NOK;-20;-16;-50;-25;NOK;-16.8;-17.2;0;-20;-15.4;-50;-25;NOK;300;311;300;565;OK;0;0;N/A;N/A;N/A;N/A;N/A;N/A;N/A;N/A;N/A;N/A;N/A;N/A;N/A;N/A;N/A;N/A;N/A;N/A;N/A;N/A;N/A;N/A;N/A;N/A;N/A;N/A;N/A;N/A;N/A;N/A;N/A;N/A;N/A;N/A;N/A;N/A;N/A;N/A;N/A;N/A;N/A;N/A;N/A;N/A;N/A;N/A;N/A;N/A;N/A;N/A;N/A;N/A;N/A;N/A;N/A;N/A;N/A;N/A;N/A;N/A;N/A;N/A;N/A;N/A;N/A;N/A;N/A;N/A;N/A;N/A;N/A;N/A;N/A;N/A;N/A;N/A;N/A;N/A;N/A;N/A;N/A;N/A;N/A;N/A;N/A;N/A;N/A;N/A;N/A;N/A;N/A;N/A;N/A;N/A;N/A;N/A;N/A;N/A;;0;283.3;0;0;;Disabled;TempStop;3;740;293.2;145.5;252.6;0;599.9;549.9;Enabled;PosOk;3;0;0.7;0;0;0;15;Disabled;0;0;0;0;0;0;0;0;0;0;0;0;0;0;0;0;0;0;0;0;0;0;0;0;0;0;0;0;0;0;0;0;0;0;0;0;0;0;0;0;0;0;0;0;0;0;0;0;0;0;0;0;0;0;0;0;0;0;0;0;0;0;0;0;0;0;0;0;0;0;30;30;20;45;30;30;20;45;30;30;20;45;30;30;20;45;200;215;100;300;200;213;100;300;200;208;100;300;200;208;100;300;30;30;20;45;30;30;20;45;30;31;20;45;30;30;20;45;200;230;100;300;200;229;100;300;200;144;100;300;200;145;100;300;4;2;0.4;6;4;5;0.4;6;4;2;0.4;6;4;5;0.4;6;4;3;0.4;6;4;5;0.4;6;4;3;0.4;6;4;5;0.4;6;NOK;NOK;OK;8000;7993;7500;9000;OK;6.81;0;8;12;NOK;N/A;1.85;N/A;N/A;N/A;9;13.3;7;18;OK;;0;0;0;-;Disabled;TempOk;3;230;35.9;36.2;36.7;0;349.9;441354200 daimler 6900-7200;441354200 daimler 6900-7200;441354200 daimler 6900-7200
20260325_05:36:31;0;3;2;930;919.5;890;970;OK;930;931.6;890;970;OK;932.8;932;-20;-17.2;-50;-25;NOK;-20;-17.9;-50;-25;NOK;-16.4;-17.5;0;-20;-17.1;-50;-25;NOK;300;311;300;565;OK;0;0;N/A;N/A;N/A;N/A;N/A;N/A;N/A;N/A;N/A;N/A;N/A;N/A;N/A;N/A;N/A;N/A;N/A;N/A;N/A;N/A;N/A;N/A;N/A;N/A;N/A;N/A;N/A;N/A;N/A;N/A;N/A;N/A;N/A;N/A;N/A;N/A;N/A;N/A;N/A;N/A;N/A;N/A;N/A;N/A;N/A;N/A;N/A;N/A;N/A;N/A;N/A;N/A;N/A;N/A;N/A;N/A;N/A;N/A;N/A;N/A;N/A;N/A;N/A;N/A;N/A;N/A;N/A;N/A;N/A;N/A;N/A;N/A;N/A;N/A;N/A;N/A;N/A;N/A;N/A;N/A;N/A;N/A;N/A;N/A;N/A;N/A;N/A;N/A;N/A;N/A;N/A;N/A;N/A;N/A;N/A;N/A;N/A;N/A;;0;283.1;0;0;;Disabled;TempStop;3;740;291.6;149.8;254.7;0;599.9;549.9;Enabled;PosOk;3;0;0;0;0;0;15;Disabled;0;0;0;0;0;0;0;0;0;0;0;0;0;0;0;0;0;0;0;0;0;0;0;0;0;0;0;0;0;0;0;0;0;0;0;0;0;0;0;0;0;0;0;0;0;0;0;0;0;0;0;0;0;0;0;0;0;0;0;0;0;0;0;0;0;0;0;0;0;0;30;30;20;45;30;30;20;45;30;30;20;45;30;30;20;45;200;215;100;300;200;213;100;300;200;208;100;300;200;207;100;300;30;30;20;45;30;30;20;45;30;31;20;45;30;30;20;45;200;230;100;300;200;229;100;300;200;144;100;300;200;145;100;300;4;2;0.4;6;4;5;0.4;6;4;2;0.4;6;4;5;0.4;6;4;3;0.4;6;4;5;0.4;6;4;3;0.4;6;4;5;0.4;6;NOK;NOK;OK;8000;8076;7500;9000;OK;6.82;0;8;12;NOK;N/A;1.85;N/A;N/A;N/A;9;13.4;7;18;OK;;0;0;0;-;Disabled;TempOk;3;230;36.4;36.7;36.4;0;349.9;441354200 daimler 6900-7200;441354200 daimler 6900-7200;441354200 daimler 6900-7200
20260325_05:37:07;0;1;3;930;919.7;890;970;OK;930;930.9;890;970;OK;932.1;931.5;-20;-15.6;-50;-25;NOK;-20;-16.4;-50;-25;NOK;-18.4;-18.1;0;-20;-15.6;-50;-25;NOK;300;311;300;565;OK;0;0;N/A;N/A;N/A;N/A;N/A;N/A;N/A;N/A;N/A;N/A;N/A;N/A;N/A;N/A;N/A;N/A;N/A;N/A;N/A;N/A;N/A;N/A;N/A;N/A;N/A;N/A;N/A;N/A;N/A;N/A;N/A;N/A;N/A;N/A;N/A;N/A;N/A;N/A;N/A;N/A;N/A;N/A;N/A;N/A;N/A;N/A;N/A;N/A;N/A;N/A;N/A;N/A;N/A;N/A;N/A;N/A;N/A;N/A;N/A;N/A;N/A;N/A;N/A;N/A;N/A;N/A;N/A;N/A;N/A;N/A;N/A;N/A;N/A;N/A;N/A;N/A;N/A;N/A;N/A;N/A;N/A;N/A;N/A;N/A;N/A;N/A;N/A;N/A;N/A;N/A;N/A;N/A;N/A;N/A;N/A;N/A;N/A;N/A;;0;283.4;0;0;;Disabled;TempStop;3;740;293.8;152.2;252.8;0;599.9;549.9;Enabled;PosOk;3;0;0.5;0;0;0;15;Disabled;0;0;0;0;0;0;0;0;0;0;0;0;0;0;0;0;0;0;0;0;0;0;0;0;0;0;0;0;0;0;0;0;0;0;0;0;0;0;0;0;0;0;0;0;0;0;0;0;0;0;0;0;0;0;0;0;0;0;0;0;0;0;0;0;0;0;0;0;36;38;30;30;20;45;30;30;20;45;30;30;20;45;30;30;20;45;200;216;100;300;200;213;100;300;200;208;100;300;200;208;100;300;30;30;20;45;30;30;20;45;30;31;20;45;30;30;20;45;200;231;100;300;200;230;100;300;200;145;100;300;200;145;100;300;4;2;0.4;6;4;5;0.4;6;4;2;0.4;6;4;5;0.4;6;4;3;0.4;6;4;5;0.4;6;4;3;0.4;6;4;5;0.4;6;NOK;NOK;OK;8000;7967;7500;9000;OK;6.81;0;8;12;NOK;N/A;1.85;N/A;N/A;N/A;9;13.3;7;18;OK;;0;0;0;-;Disabled;TempOk;3;230;36.7;35.9;36.7;0;349.9;441354200 daimler 6900-7200;441354200 daimler 6900-7200;441354200 daimler 6900-7200
20260325_05:37:43;0;3;3;930;919.5;890;970;OK;930;931.5;890;970;OK;932.7;932.1;-20;-16.7;-50;-25;NOK;-20;-16.9;-50;-25;NOK;-15.1;-16;0;-20;-16.7;-50;-25;NOK;300;311;300;565;OK;0;0;N/A;N/A;N/A;N/A;N/A;N/A;N/A;N/A;N/A;N/A;N/A;N/A;N/A;N/A;N/A;N/A;N/A;N/A;N/A;N/A;N/A;N/A;N/A;N/A;N/A;N/A;N/A;N/A;N/A;N/A;N/A;N/A;N/A;N/A;N/A;N/A;N/A;N/A;N/A;N/A;N/A;N/A;N/A;N/A;N/A;N/A;N/A;N/A;N/A;N/A;N/A;N/A;N/A;N/A;N/A;N/A;N/A;N/A;N/A;N/A;N/A;N/A;N/A;N/A;N/A;N/A;N/A;N/A;N/A;N/A;N/A;N/A;N/A;N/A;N/A;N/A;N/A;N/A;N/A;N/A;N/A;N/A;N/A;N/A;N/A;N/A;N/A;N/A;N/A;N/A;N/A;N/A;N/A;N/A;N/A;N/A;N/A;N/A;;0;283.6;0;0;;Disabled;TempStop;3;740;292.1;146.2;254.3;0;599.9;549.9;Enabled;PosOk;3;0;0.8;0;0;0;15;Disabled;0;0;0;0;0;0;0;0;0;0;0;0;0;0;0;0;0;0;0;0;0;0;0;0;0;0;0;0;0;0;0;0;0;0;0;0;0;0;0;0;0;0;0;0;0;0;0;0;0;0;0;0;0;0;0;0;0;0;0;0;0;0;0;0;0;0;0;0;0;0;30;30;20;45;30;30;20;45;30;30;20;45;30;30;20;45;200;216;100;300;200;214;100;300;200;208;100;300;200;208;100;300;30;30;20;45;30;30;20;45;30;31;20;45;30;30;20;45;200;231;100;300;200;230;100;300;200;145;100;300;200;145;100;300;4;2;0.4;6;4;5;0.4;6;4;2;0.4;6;4;5;0.4;6;4;3;0.4;6;4;5;0.4;6;4;2;0.4;6;4;5;0.4;6;NOK;NOK;OK;8000;8065;7500;9000;OK;6.81;0;8;12;NOK;N/A;1.85;N/A;N/A;N/A;9;13.3;7;18;OK;;0;0;0;-;Disabled;TempOk;3;230;36.4;35.9;36.4;0;349.9;441354200 daimler 6900-7200;441354200 daimler 6900-7200;441354200 daimler 6900-7200
20260325_05:38:19;0;1;4;930;917.7;890;970;OK;930;931.4;890;970;OK;932.2;931.7;-20;-14.2;-50;-25;NOK;-20;-14.6;-50;-25;NOK;-16.8;-16.5;0;-20;-14.2;-50;-25;NOK;300;311;300;565;OK;0;0;N/A;N/A;N/A;N/A;N/A;N/A;N/A;N/A;N/A;N/A;N/A;N/A;N/A;N/A;N/A;N/A;N/A;N/A;N/A;N/A;N/A;N/A;N/A;N/A;N/A;N/A;N/A;N/A;N/A;N/A;N/A;N/A;N/A;N/A;N/A;N/A;N/A;N/A;N/A;N/A;N/A;N/A;N/A;N/A;N/A;N/A;N/A;N/A;N/A;N/A;N/A;N/A;N/A;N/A;N/A;N/A;N/A;N/A;N/A;N/A;N/A;N/A;N/A;N/A;N/A;N/A;N/A;N/A;N/A;N/A;N/A;N/A;N/A;N/A;N/A;N/A;N/A;N/A;N/A;N/A;N/A;N/A;N/A;N/A;N/A;N/A;N/A;N/A;N/A;N/A;N/A;N/A;N/A;N/A;N/A;N/A;N/A;N/A;;0;284.6;0;0;;Disabled;TempStop;3;740;293.1;151.1;252.5;0;599.9;549.9;Enabled;PosOk;3;0;0;0;0;0;15;Disabled;0;0;0;0;0;0;0;0;0;0;0;0;0;0;0;0;0;0;0;0;0;0;0;0;0;0;0;0;0;0;0;0;0;0;0;0;0;0;0;0;0;0;0;0;0;0;0;0;0;0;0;0;0;0;0;0;0;0;0;0;0;0;0;0;0;0;0;0;37;50;30;30;20;45;30;30;20;45;30;31;20;45;30;30;20;45;200;215;100;300;200;213;100;300;200;209;100;300;200;209;100;300;30;30;20;45;30;30;20;45;30;31;20;45;30;30;20;45;200;231;100;300;200;230;100;300;200;145;100;300;200;145;100;300;4;2;0.4;6;4;5;0.4;6;4;2;0.4;6;4;5;0.4;6;4;3;0.4;6;4;5;0.4;6;4;3;0.4;6;4;5;0.4;6;NOK;NOK;OK;8000;8089;7500;9000;OK;6.81;0;8;12;NOK;N/A;1.85;N/A;N/A;N/A;9;13.5;7;18;OK;;0;0;0;-;Disabled;TempOk;3;230;35.9;35.9;36.4;0;349.9;441354200 daimler 6900-7200;441354200 daimler 6900-7200;441354200 daimler 6900-7200
20260325_05:38:55;0;3;4;930;919.5;890;970;OK;930;931.4;890;970;OK;932.3;931.7;-20;-15.9;-50;-25;NOK;-20;-16.9;-50;-25;NOK;-19.3;-19.2;0;-20;-15.7;-50;-25;NOK;300;311;300;565;OK;0;0;N/A;N/A;N/A;N/A;N/A;N/A;N/A;N/A;N/A;N/A;N/A;N/A;N/A;N/A;N/A;N/A;N/A;N/A;N/A;N/A;N/A;N/A;N/A;N/A;N/A;N/A;N/A;N/A;N/A;N/A;N/A;N/A;N/A;N/A;N/A;N/A;N/A;N/A;N/A;N/A;N/A;N/A;N/A;N/A;N/A;N/A;N/A;N/A;N/A;N/A;N/A;N/A;N/A;N/A;N/A;N/A;N/A;N/A;N/A;N/A;N/A;N/A;N/A;N/A;N/A;N/A;N/A;N/A;N/A;N/A;N/A;N/A;N/A;N/A;N/A;N/A;N/A;N/A;N/A;N/A;N/A;N/A;N/A;N/A;N/A;N/A;N/A;N/A;N/A;N/A;N/A;N/A;N/A;N/A;N/A;N/A;N/A;N/A;;0;282.7;0;0;;Disabled;TempStop;3;740;293.4;146.5;254.4;0;599.9;549.9;Enabled;PosOk;3;0;0.5;0;0;0;15;Disabled;0;0;0;0;0;0;0;0;0;0;0;0;0;0;0;0;0;0;0;0;0;0;0;0;0;0;0;0;0;0;0;0;0;0;0;0;0;0;0;0;0;0;0;0;0;0;0;0;0;0;0;0;0;0;0;0;0;0;0;0;0;0;0;0;0;0;0;0;0;0;30;30;20;45;30;30;20;45;30;30;20;45;30;30;20;45;200;215;100;300;200;213;100;300;200;208;100;300;200;208;100;300;30;30;20;45;30;30;20;45;30;31;20;45;30;30;20;45;200;231;100;300;200;229;100;300;200;145;100;300;200;145;100;300;4;2;0.4;6;4;5;0.4;6;4;2;0.4;6;4;5;0.4;6;4;3;0.4;6;4;5;0.4;6;4;3;0.4;6;4;5;0.4;6;NOK;NOK;OK;8000;8060;7500;9000;OK;6.81;0;8;12;NOK;N/A;1.86;N/A;N/A;N/A;9;13.5;7;18;OK;;0;0;0;-;Disabled;TempOk;3;230;35.7;35.7;36.2;0;349.9;441354200 daimler 6900-7200;441354200 daimler 6900-7200;441354200 daimler 6900-7200
20260325_05:39:30;0;3;5;930;920.6;890;970;OK;930;930.7;890;970;OK;931.7;931.3;-20;-19.7;-50;-25;NOK;-20;-19.8;-50;-25;NOK;-19.8;-20.4;0;-20;-19.6;-50;-25;NOK;300;311;300;565;OK;0;0;N/A;N/A;N/A;N/A;N/A;N/A;N/A;N/A;N/A;N/A;N/A;N/A;N/A;N/A;N/A;N/A;N/A;N/A;N/A;N/A;N/A;N/A;N/A;N/A;N/A;N/A;N/A;N/A;N/A;N/A;N/A;N/A;N/A;N/A;N/A;N/A;N/A;N/A;N/A;N/A;N/A;N/A;N/A;N/A;N/A;N/A;N/A;N/A;N/A;N/A;N/A;N/A;N/A;N/A;N/A;N/A;N/A;N/A;N/A;N/A;N/A;N/A;N/A;N/A;N/A;N/A;N/A;N/A;N/A;N/A;N/A;N/A;N/A;N/A;N/A;N/A;N/A;N/A;N/A;N/A;N/A;N/A;N/A;N/A;N/A;N/A;N/A;N/A;N/A;N/A;N/A;N/A;N/A;N/A;N/A;N/A;N/A;N/A;;0;281.9;0;0;;Disabled;TempStop;3;740;290.4;149.2;252.1;0;599.9;549.9;Enabled;PosOk;3;0;0.5;0;0;0;15;Disabled;0;0;0;0;0;0;0;0;0;0;0;0;0;0;0;0;0;0;0;0;0;0;0;0;0;0;0;0;0;0;0;0;0;0;0;0;0;0;0;0;0;0;0;0;0;0;0;0;0;0;0;0;0;0;0;0;0;0;0;0;0;0;0;0;0;0;0;0;0;0;30;30;20;45;30;30;20;45;30;31;20;45;30;30;20;45;200;215;100;300;200;213;100;300;200;208;100;300;200;207;100;300;30;30;20;45;30;30;20;45;30;31;20;45;30;30;20;45;200;231;100;300;200;229;100;300;200;144;100;300;200;146;100;300;4;2;0.4;6;4;5;0.4;6;4;2;0.4;6;4;5;0.4;6;4;3;0.4;6;4;5;0.4;6;4;3;0.4;6;4;5;0.4;6;NOK;NOK;OK;8000;8080;7500;9000;OK;6.81;0;8;12;NOK;N/A;1.85;N/A;N/A;N/A;9;13;7;18;OK;;0;0;0;-;Disabled;TempOk;3;230;36.2;35.9;37.2;0;349.9;441354200 daimler 6900-7200;441354200 daimler 6900-7200;441354200 daimler 6900-7200
20260325_05:40:06;0;1;1;930;919.4;890;970;OK;930;931.3;890;970;OK;932.7;931.9;-20;-18;-50;-25;NOK;-20;-18;-50;-25;NOK;-17.6;-17.8;0;-20;-18;-50;-25;NOK;300;311;300;565;OK;0;0;N/A;N/A;N/A;N/A;N/A;N/A;N/A;N/A;N/A;N/A;N/A;N/A;N/A;N/A;N/A;N/A;N/A;N/A;N/A;N/A;N/A;N/A;N/A;N/A;N/A;N/A;N/A;N/A;N/A;N/A;N/A;N/A;N/A;N/A;N/A;N/A;N/A;N/A;N/A;N/A;N/A;N/A;N/A;N/A;N/A;N/A;N/A;N/A;N/A;N/A;N/A;N/A;N/A;N/A;N/A;N/A;N/A;N/A;N/A;N/A;N/A;N/A;N/A;N/A;N/A;N/A;N/A;N/A;N/A;N/A;N/A;N/A;N/A;N/A;N/A;N/A;N/A;N/A;N/A;N/A;N/A;N/A;N/A;N/A;N/A;N/A;N/A;N/A;N/A;N/A;N/A;N/A;N/A;N/A;N/A;N/A;N/A;N/A;;0;286.4;0;0;;Disabled;TempStop;3;740;295.9;148.5;257.5;0;599.9;549.9;Enabled;PosOk;3;0;0;0;0;0;15;Disabled;0;0;0;0;0;0;0;0;0;0;0;0;0;0;0;0;0;0;0;0;0;0;0;0;0;0;0;0;0;0;0;0;0;0;0;0;0;0;0;0;0;0;0;0;0;0;0;0;0;0;0;0;0;0;0;0;0;0;0;0;0;0;0;0;0;0;0;0;0;0;30;30;20;45;30;29;20;45;30;30;20;45;30;29;20;45;200;215;100;300;200;213;100;300;200;208;100;300;200;208;100;300;30;29;20;45;30;29;20;45;30;30;20;45;30;29;20;45;200;231;100;300;200;230;100;300;200;144;100;300;200;145;100;300;4;2;0.4;6;4;5;0.4;6;4;2;0.4;6;4;5;0.4;6;4;3;0.4;6;4;5;0.4;6;4;2;0.4;6;4;5;0.4;6;NOK;NOK;OK;8000;8098;7500;9000;OK;6.82;0;8;12;NOK;N/A;1.85;N/A;N/A;N/A;9;13;7;18;OK;;0;0;0;-;Disabled;TempOk;3;230;35.9;36.4;36.2;0;349.9;441354200 daimler 6900-7200;441354200 daimler 6900-7200;441354200 daimler 6900-7200
20260325_05:40:42;0;3;1;930;919.3;890;970;OK;930;931.6;890;970;OK;933.6;932.8;-20;-17.2;-50;-25;NOK;-20;-16.9;-50;-25;NOK;-14.7;-15.7;0;-20;-17.3;-50;-25;NOK;300;311;300;565;OK;0;0;N/A;N/A;N/A;N/A;N/A;N/A;N/A;N/A;N/A;N/A;N/A;N/A;N/A;N/A;N/A;N/A;N/A;N/A;N/A;N/A;N/A;N/A;N/A;N/A;N/A;N/A;N/A;N/A;N/A;N/A;N/A;N/A;N/A;N/A;N/A;N/A;N/A;N/A;N/A;N/A;N/A;N/A;N/A;N/A;N/A;N/A;N/A;N/A;N/A;N/A;N/A;N/A;N/A;N/A;N/A;N/A;N/A;N/A;N/A;N/A;N/A;N/A;N/A;N/A;N/A;N/A;N/A;N/A;N/A;N/A;N/A;N/A;N/A;N/A;N/A;N/A;N/A;N/A;N/A;N/A;N/A;N/A;N/A;N/A;N/A;N/A;N/A;N/A;N/A;N/A;N/A;N/A;N/A;N/A;N/A;N/A;N/A;N/A;;0;282.7;0;0;;Disabled;TempStop;3;740;291.4;145.2;254;0;599.9;549.9;Enabled;PosOk;3;0;0.1;0;0;0;15;Disabled;0;0;0;0;0;0;0;0;0;0;0;0;0;0;0;0;0;0;0;0;0;0;0;0;0;0;0;0;0;0;0;0;0;0;0;0;0;0;0;0;0;0;0;0;0;0;0;0;0;0;0;0;0;0;0;0;0;0;0;0;0;0;0;0;0;0;0;0;0;0;30;29;20;45;30;29;20;45;30;30;20;45;30;29;20;45;200;216;100;300;200;213;100;300;200;208;100;300;200;208;100;300;30;29;20;45;30;29;20;45;30;30;20;45;30;29;20;45;200;231;100;300;200;229;100;300;200;144;100;300;200;145;100;300;4;2;0.4;6;4;5;0.4;6;4;2;0.4;6;4;5;0.4;6;4;3;0.4;6;4;5;0.4;6;4;2;0.4;6;4;5;0.4;6;NOK;NOK;OK;8000;8069;7500;9000;OK;6.81;0;8;12;NOK;N/A;1.85;N/A;N/A;N/A;9;12.9;7;18;OK;;0;0;0;-;Disabled;TempOk;3;230;36.4;35.9;36.9;0;349.9;441354200 daimler 6900-7200;441354200 daimler 6900-7200;441354200 daimler 6900-7200
20260325_05:41:18;0;1;2;930;918.5;890;970;OK;930;931.5;890;970;OK;932.7;931.9;-20;-15.5;-50;-25;NOK;-20;-16.2;-50;-25;NOK;-16.9;-17.3;0;-20;-15.4;-50;-25;NOK;300;311;300;565;OK;0;0;N/A;N/A;N/A;N/A;N/A;N/A;N/A;N/A;N/A;N/A;N/A;N/A;N/A;N/A;N/A;N/A;N/A;N/A;N/A;N/A;N/A;N/A;N/A;N/A;N/A;N/A;N/A;N/A;N/A;N/A;N/A;N/A;N/A;N/A;N/A;N/A;N/A;N/A;N/A;N/A;N/A;N/A;N/A;N/A;N/A;N/A;N/A;N/A;N/A;N/A;N/A;N/A;N/A;N/A;N/A;N/A;N/A;N/A;N/A;N/A;N/A;N/A;N/A;N/A;N/A;N/A;N/A;N/A;N/A;N/A;N/A;N/A;N/A;N/A;N/A;N/A;N/A;N/A;N/A;N/A;N/A;N/A;N/A;N/A;N/A;N/A;N/A;N/A;N/A;N/A;N/A;N/A;N/A;N/A;N/A;N/A;N/A;N/A;;0;283.7;0;0;;Disabled;TempStop;3;740;292.2;147.5;255.1;0;599.9;549.9;Enabled;PosOk;3;0;0.7;0;0;0;15;Disabled;0;0;0;0;0;0;0;0;0;0;0;0;0;0;0;0;0;0;0;0;0;0;0;0;0;0;0;0;0;0;0;0;0;0;0;0;0;0;0;0;0;0;0;0;0;0;0;0;0;0;0;0;0;0;0;0;0;0;0;0;0;0;0;0;0;0;0;0;0;0;30;29;20;45;30;29;20;45;30;30;20;45;30;29;20;45;200;215;100;300;200;213;100;300;200;208;100;300;200;207;100;300;30;30;20;45;30;29;20;45;30;30;20;45;30;30;20;45;200;231;100;300;200;229;100;300;200;144;100;300;200;145;100;300;4;2;0.4;6;4;5;0.4;6;4;2;0.4;6;4;5;0.4;6;4;3;0.4;6;4;5;0.4;6;4;3;0.4;6;4;5;0.4;6;NOK;NOK;OK;8000;8090;7500;9000;OK;6.82;0;8;12;NOK;N/A;1.85;N/A;N/A;N/A;9;12.7;7;18;OK;;0;0;0;-;Disabled;TempOk;3;230;36.7;35.9;36.9;0;349.9;441354200 daimler 6900-7200;441354200 daimler 6900-7200;441354200 daimler 6900-7200
20260325_05:41:54;0;3;2;930;919.1;890;970;OK;930;931.6;890;970;OK;932.7;932.1;-20;-17.4;-50;-25;NOK;-20;-17.8;-50;-25;NOK;-16.5;-17.5;0;-20;-17.3;-50;-25;NOK;300;311;300;565;OK;0;0;N/A;N/A;N/A;N/A;N/A;N/A;N/A;N/A;N/A;N/A;N/A;N/A;N/A;N/A;N/A;N/A;N/A;N/A;N/A;N/A;N/A;N/A;N/A;N/A;N/A;N/A;N/A;N/A;N/A;N/A;N/A;N/A;N/A;N/A;N/A;N/A;N/A;N/A;N/A;N/A;N/A;N/A;N/A;N/A;N/A;N/A;N/A;N/A;N/A;N/A;N/A;N/A;N/A;N/A;N/A;N/A;N/A;N/A;N/A;N/A;N/A;N/A;N/A;N/A;N/A;N/A;N/A;N/A;N/A;N/A;N/A;N/A;N/A;N/A;N/A;N/A;N/A;N/A;N/A;N/A;N/A;N/A;N/A;N/A;N/A;N/A;N/A;N/A;N/A;N/A;N/A;N/A;N/A;N/A;N/A;N/A;N/A;N/A;;0;282.4;0;0;;Disabled;TempStop;3;740;290.7;150.8;251.2;0;599.9;549.9;Enabled;PosOk;3;0;0;0;0;0;15;Disabled;0;0;0;0;0;0;0;0;0;0;0;0;0;0;0;0;0;0;0;0;0;0;0;0;0;0;0;0;0;0;0;0;0;0;0;0;0;0;0;0;0;0;0;0;0;0;0;0;0;0;0;0;0;0;0;0;0;0;0;0;0;0;0;0;0;0;0;0;0;0;30;30;20;45;30;30;20;45;30;30;20;45;30;30;20;45;200;215;100;300;200;213;100;300;200;208;100;300;200;208;100;300;30;30;20;45;30;30;20;45;30;30;20;45;30;30;20;45;200;230;100;300;200;229;100;300;200;144;100;300;200;145;100;300;4;3;0.4;6;4;5;0.4;6;4;2;0.4;6;4;5;0.4;6;4;3;0.4;6;4;5;0.4;6;4;2;0.4;6;4;5;0.4;6;NOK;NOK;OK;8000;8057;7500;9000;OK;6.81;0;8;12;NOK;N/A;1.86;N/A;N/A;N/A;9;12.7;7;18;OK;;0;0;0;-;Disabled;TempOk;3;230;36.2;36.4;36.7;0;349.9;441354200 daimler 6900-7200;441354200 daimler 6900-7200;441354200 daimler 6900-7200
20260325_05:42:30;0;1;3;930;919.7;890;970;OK;930;931.2;890;970;OK;932.1;931.7;-20;-15.9;-50;-25;NOK;-20;-16.3;-50;-25;NOK;-18.6;-18.1;0;-20;-15.8;-50;-25;NOK;300;311;300;565;OK;0;0;N/A;N/A;N/A;N/A;N/A;N/A;N/A;N/A;N/A;N/A;N/A;N/A;N/A;N/A;N/A;N/A;N/A;N/A;N/A;N/A;N/A;N/A;N/A;N/A;N/A;N/A;N/A;N/A;N/A;N/A;N/A;N/A;N/A;N/A;N/A;N/A;N/A;N/A;N/A;N/A;N/A;N/A;N/A;N/A;N/A;N/A;N/A;N/A;N/A;N/A;N/A;N/A;N/A;N/A;N/A;N/A;N/A;N/A;N/A;N/A;N/A;N/A;N/A;N/A;N/A;N/A;N/A;N/A;N/A;N/A;N/A;N/A;N/A;N/A;N/A;N/A;N/A;N/A;N/A;N/A;N/A;N/A;N/A;N/A;N/A;N/A;N/A;N/A;N/A;N/A;N/A;N/A;N/A;N/A;N/A;N/A;N/A;N/A;;0;284.6;0;0;;Disabled;TempStop;3;740;294.3;152.6;255.1;0;599.9;549.9;Enabled;PosOk;3;0;0;0;0;0;15;Disabled;0;0;0;0;0;0;0;0;0;0;0;0;0;0;0;0;0;0;0;0;0;0;0;0;0;0;0;0;0;0;0;0;0;0;0;0;0;0;0;0;0;0;0;0;0;0;0;0;0;0;0;0;0;0;0;0;0;0;0;0;0;0;0;0;0;0;0;0;42;2;30;30;20;45;30;30;20;45;30;30;20;45;30;30;20;45;200;215;100;300;200;213;100;300;200;208;100;300;200;208;100;300;30;30;20;45;30;30;20;45;30;31;20;45;30;30;20;45;200;231;100;300;200;230;100;300;200;144;100;300;200;145;100;300;4;2;0.4;6;4;5;0.4;6;4;2;0.4;6;4;5;0.4;6;4;3;0.4;6;4;5;0.4;6;4;3;0.4;6;4;5;0.4;6;NOK;NOK;OK;8000;8078;7500;9000;OK;6.81;0;8;12;NOK;N/A;1.85;N/A;N/A;N/A;9;12.6;7;18;OK;;0;0;0;-;Disabled;TempOk;3;230;36.2;36.4;36.7;0;349.9;441354200 daimler 6900-7200;441354200 daimler 6900-7200;441354200 daimler 6900-7200
20260325_05:43:06;0;3;3;930;919.8;890;970;OK;930;931.3;890;970;OK;932.5;932.2;-20;-16.8;-50;-25;NOK;-20;-16.9;-50;-25;NOK;-15;-16;0;-20;-16.8;-50;-25;NOK;300;311;300;565;OK;0;0;N/A;N/A;N/A;N/A;N/A;N/A;N/A;N/A;N/A;N/A;N/A;N/A;N/A;N/A;N/A;N/A;N/A;N/A;N/A;N/A;N/A;N/A;N/A;N/A;N/A;N/A;N/A;N/A;N/A;N/A;N/A;N/A;N/A;N/A;N/A;N/A;N/A;N/A;N/A;N/A;N/A;N/A;N/A;N/A;N/A;N/A;N/A;N/A;N/A;N/A;N/A;N/A;N/A;N/A;N/A;N/A;N/A;N/A;N/A;N/A;N/A;N/A;N/A;N/A;N/A;N/A;N/A;N/A;N/A;N/A;N/A;N/A;N/A;N/A;N/A;N/A;N/A;N/A;N/A;N/A;N/A;N/A;N/A;N/A;N/A;N/A;N/A;N/A;N/A;N/A;N/A;N/A;N/A;N/A;N/A;N/A;N/A;N/A;;0;283.2;0;0;;Disabled;TempStop;3;740;291.7;151.5;252.5;0;599.9;549.9;Enabled;PosOk;3;0;0.5;0;0;0;15;Disabled;0;0;0;0;0;0;0;0;0;0;0;0;0;0;0;0;0;0;0;0;0;0;0;0;0;0;0;0;0;0;0;0;0;0;0;0;0;0;0;0;0;0;0;0;0;0;0;0;0;0;0;0;0;0;0;0;0;0;0;0;0;0;0;0;0;0;0;0;0;0;30;30;20;45;30;30;20;45;30;31;20;45;30;30;20;45;200;215;100;300;200;213;100;300;200;208;100;300;200;208;100;300;30;30;20;45;30;30;20;45;30;31;20;45;30;30;20;45;200;231;100;300;200;229;100;300;200;144;100;300;200;145;100;300;4;3;0.4;6;4;5;0.4;6;4;2;0.4;6;4;5;0.4;6;4;3;0.4;6;4;5;0.4;6;4;3;0.4;6;4;5;0.4;6;NOK;NOK;OK;8000;8082;7500;9000;OK;6.82;0;8;12;NOK;N/A;1.85;N/A;N/A;N/A;9;13.2;7;18;OK;;0;0;0;-;Disabled;TempOk;3;230;36.4;35.7;36.2;0;349.9;441354200 daimler 6900-7200;441354200 daimler 6900-7200;441354200 daimler 6900-7200
20260325_05:43:42;0;1;4;930;918.9;890;970;OK;930;931.3;890;970;OK;932;931.7;-20;-14.1;-50;-25;NOK;-20;-14.7;-50;-25;NOK;-16.7;-16.4;0;-20;-14;-50;-25;NOK;300;311;300;565;OK;0;0;N/A;N/A;N/A;N/A;N/A;N/A;N/A;N/A;N/A;N/A;N/A;N/A;N/A;N/A;N/A;N/A;N/A;N/A;N/A;N/A;N/A;N/A;N/A;N/A;N/A;N/A;N/A;N/A;N/A;N/A;N/A;N/A;N/A;N/A;N/A;N/A;N/A;N/A;N/A;N/A;N/A;N/A;N/A;N/A;N/A;N/A;N/A;N/A;N/A;N/A;N/A;N/A;N/A;N/A;N/A;N/A;N/A;N/A;N/A;N/A;N/A;N/A;N/A;N/A;N/A;N/A;N/A;N/A;N/A;N/A;N/A;N/A;N/A;N/A;N/A;N/A;N/A;N/A;N/A;N/A;N/A;N/A;N/A;N/A;N/A;N/A;N/A;N/A;N/A;N/A;N/A;N/A;N/A;N/A;N/A;N/A;N/A;N/A;;0;283.7;0;0;;Disabled;TempStop;3;740;292.5;147.8;254.6;0;599.9;549.9;Enabled;PosOk;3;0;0;0;0;0;15;Disabled;0;0;0;0;0;0;0;0;0;0;0;0;0;0;0;0;0;0;0;0;0;0;0;0;0;0;0;0;0;0;0;0;0;0;0;0;0;0;0;0;0;0;0;0;0;0;0;0;0;0;0;0;0;0;0;0;0;0;0;0;0;0;0;0;0;0;0;0;43;13;30;30;20;45;30;30;20;45;30;30;20;45;30;30;20;45;200;215;100;300;200;214;100;300;200;208;100;300;200;208;100;300;30;30;20;45;30;30;20;45;30;30;20;45;30;30;20;45;200;231;100;300;200;229;100;300;200;144;100;300;200;145;100;300;4;3;0.4;6;4;5;0.4;6;4;2;0.4;6;4;5;0.4;6;4;3;0.4;6;4;5;0.4;6;4;2;0.4;6;4;5;0.4;6;NOK;NOK;OK;8000;8074;7500;9000;OK;6.81;0;8;12;NOK;N/A;1.85;N/A;N/A;N/A;9;13.3;7;18;OK;;0;0;0;-;Disabled;TempOk;3;230;36.7;36.4;36.9;0;349.9;441354200 daimler 6900-7200;441354200 daimler 6900-7200;441354200 daimler 6900-7200
20260325_05:44:18;0;3;4;930;919.5;890;970;OK;930;931.4;890;970;OK;932.2;931.7;-20;-15.8;-50;-25;NOK;-20;-16.8;-50;-25;NOK;-19.1;-18.9;0;-20;-15.7;-50;-25;NOK;300;311;300;565;OK;0;0;N/A;N/A;N/A;N/A;N/A;N/A;N/A;N/A;N/A;N/A;N/A;N/A;N/A;N/A;N/A;N/A;N/A;N/A;N/A;N/A;N/A;N/A;N/A;N/A;N/A;N/A;N/A;N/A;N/A;N/A;N/A;N/A;N/A;N/A;N/A;N/A;N/A;N/A;N/A;N/A;N/A;N/A;N/A;N/A;N/A;N/A;N/A;N/A;N/A;N/A;N/A;N/A;N/A;N/A;N/A;N/A;N/A;N/A;N/A;N/A;N/A;N/A;N/A;N/A;N/A;N/A;N/A;N/A;N/A;N/A;N/A;N/A;N/A;N/A;N/A;N/A;N/A;N/A;N/A;N/A;N/A;N/A;N/A;N/A;N/A;N/A;N/A;N/A;N/A;N/A;N/A;N/A;N/A;N/A;N/A;N/A;N/A;N/A;;0;281.6;0;0;;Disabled;TempStop;3;740;291.7;151;254.1;0;599.9;549.9;Enabled;PosOk;3;0;0.1;0;0;0;15;Disabled;0;0;0;0;0;0;0;0;0;0;0;0;0;0;0;0;0;0;0;0;0;0;0;0;0;0;0;0;0;0;0;0;0;0;0;0;0;0;0;0;0;0;0;0;0;0;0;0;0;0;0;0;0;0;0;0;0;0;0;0;0;0;0;0;0;0;0;0;0;0;30;30;20;45;30;30;20;45;30;30;20;45;30;30;20;45;200;214;100;300;200;212;100;300;200;207;100;300;200;208;100;300;30;30;20;45;30;30;20;45;30;31;20;45;30;30;20;45;200;231;100;300;200;230;100;300;200;144;100;300;200;145;100;300;4;3;0.4;6;4;5;0.4;6;4;2;0.4;6;4;5;0.4;6;4;3;0.4;6;4;5;0.4;6;4;2;0.4;6;4;5;0.4;6;NOK;NOK;OK;8000;8088;7500;9000;OK;6.81;0;8;12;NOK;N/A;1.86;N/A;N/A;N/A;9;13.3;7;18;OK;;0;0;0;-;Disabled;TempOk;3;230;36.2;36.2;36.4;0;349.9;441354200 daimler 6900-7200;441354200 daimler 6900-7200;441354200 daimler 6900-7200
20260325_05:44:54;0;3;5;930;920.6;890;970;OK;930;930.6;890;970;OK;931.5;931;-20;-19.5;-50;-25;NOK;-20;-19.9;-50;-25;NOK;-19.4;-20.1;0;-20;-19.4;-50;-25;NOK;300;311;300;565;OK;0;0;N/A;N/A;N/A;N/A;N/A;N/A;N/A;N/A;N/A;N/A;N/A;N/A;N/A;N/A;N/A;N/A;N/A;N/A;N/A;N/A;N/A;N/A;N/A;N/A;N/A;N/A;N/A;N/A;N/A;N/A;N/A;N/A;N/A;N/A;N/A;N/A;N/A;N/A;N/A;N/A;N/A;N/A;N/A;N/A;N/A;N/A;N/A;N/A;N/A;N/A;N/A;N/A;N/A;N/A;N/A;N/A;N/A;N/A;N/A;N/A;N/A;N/A;N/A;N/A;N/A;N/A;N/A;N/A;N/A;N/A;N/A;N/A;N/A;N/A;N/A;N/A;N/A;N/A;N/A;N/A;N/A;N/A;N/A;N/A;N/A;N/A;N/A;N/A;N/A;N/A;N/A;N/A;N/A;N/A;N/A;N/A;N/A;N/A;;0;282.1;0;0;;Disabled;TempStop;3;740;290.4;147;253.7;0;599.9;549.9;Enabled;PosOk;3;0;1;0;0;0;15;Disabled;0;0;0;0;0;0;0;0;0;0;0;0;0;0;0;0;0;0;0;0;0;0;0;0;0;0;0;0;0;0;0;0;0;0;0;0;0;0;0;0;0;0;0;0;0;0;0;0;0;0;0;0;0;0;0;0;0;0;0;0;0;0;0;0;0;0;0;0;0;0;30;30;20;45;30;30;20;45;30;30;20;45;30;30;20;45;200;215;100;300;200;213;100;300;200;208;100;300;200;208;100;300;30;30;20;45;30;30;20;45;30;31;20;45;30;30;20;45;200;231;100;300;200;230;100;300;200;144;100;300;200;145;100;300;4;3;0.4;6;4;5;0.4;6;4;2;0.4;6;4;5;0.4;6;4;3;0.4;6;4;5;0.4;6;4;3;0.4;6;4;5;0.4;6;NOK;NOK;OK;8000;8098;7500;9000;OK;6.82;0;8;12;NOK;N/A;1.85;N/A;N/A;N/A;9;13.4;7;18;OK;;0;0;0;-;Disabled;TempOk;3;230;36.4;35.7;36.2;0;349.9;441354200 daimler 6900-7200;441354200 daimler 6900-7200;441354200 daimler 6900-7200
20260325_05:45:30;0;1;1;930;919.3;890;970;OK;930;931.3;890;970;OK;932.4;931.9;-20;-18.2;-50;-25;NOK;-20;-17.9;-50;-25;NOK;-17.6;-17.5;0;-20;-18.2;-50;-25;NOK;300;311;300;565;OK;0;0;N/A;N/A;N/A;N/A;N/A;N/A;N/A;N/A;N/A;N/A;N/A;N/A;N/A;N/A;N/A;N/A;N/A;N/A;N/A;N/A;N/A;N/A;N/A;N/A;N/A;N/A;N/A;N/A;N/A;N/A;N/A;N/A;N/A;N/A;N/A;N/A;N/A;N/A;N/A;N/A;N/A;N/A;N/A;N/A;N/A;N/A;N/A;N/A;N/A;N/A;N/A;N/A;N/A;N/A;N/A;N/A;N/A;N/A;N/A;N/A;N/A;N/A;N/A;N/A;N/A;N/A;N/A;N/A;N/A;N/A;N/A;N/A;N/A;N/A;N/A;N/A;N/A;N/A;N/A;N/A;N/A;N/A;N/A;N/A;N/A;N/A;N/A;N/A;N/A;N/A;N/A;N/A;N/A;N/A;N/A;N/A;N/A;N/A;;0;284.4;0;0;;Disabled;TempStop;3;740;293.9;152.7;255.5;0;599.9;549.9;Enabled;PosOk;3;0;0;0;0;0;15;Disabled;0;0;0;0;0;0;0;0;0;0;0;0;0;0;0;0;0;0;0;0;0;0;0;0;0;0;0;0;0;0;0;0;0;0;0;0;0;0;0;0;0;0;0;0;0;0;0;0;0;0;0;0;0;0;0;0;0;0;0;0;0;0;0;0;0;0;0;0;0;0;30;30;20;45;30;30;20;45;30;30;20;45;30;30;20;45;200;216;100;300;200;213;100;300;200;208;100;300;200;209;100;300;30;30;20;45;30;30;20;45;30;31;20;45;30;30;20;45;200;230;100;300;200;229;100;300;200;145;100;300;200;145;100;300;4;3;0.4;6;4;5;0.4;6;4;2;0.4;6;4;5;0.4;6;4;3;0.4;6;4;5;0.4;6;4;2;0.4;6;4;5;0.4;6;NOK;NOK;OK;8000;8083;7500;9000;OK;6.81;0;8;12;NOK;N/A;1.85;N/A;N/A;N/A;9;13.4;7;18;OK;;0;0;0;-;Disabled;TempOk;3;230;36.4;36.9;36.7;0;349.9;441354200 daimler 6900-7200;441354200 daimler 6900-7200;441354200 daimler 6900-7200
20260325_05:46:06;0;3;1;930;919.4;890;970;OK;930;931.6;890;970;OK;933.4;932.5;-20;-17.2;-50;-25;NOK;-20;-16.9;-50;-25;NOK;-14.7;-15.8;0;-20;-17.3;-50;-25;NOK;300;311;300;565;OK;0;0;N/A;N/A;N/A;N/A;N/A;N/A;N/A;N/A;N/A;N/A;N/A;N/A;N/A;N/A;N/A;N/A;N/A;N/A;N/A;N/A;N/A;N/A;N/A;N/A;N/A;N/A;N/A;N/A;N/A;N/A;N/A;N/A;N/A;N/A;N/A;N/A;N/A;N/A;N/A;N/A;N/A;N/A;N/A;N/A;N/A;N/A;N/A;N/A;N/A;N/A;N/A;N/A;N/A;N/A;N/A;N/A;N/A;N/A;N/A;N/A;N/A;N/A;N/A;N/A;N/A;N/A;N/A;N/A;N/A;N/A;N/A;N/A;N/A;N/A;N/A;N/A;N/A;N/A;N/A;N/A;N/A;N/A;N/A;N/A;N/A;N/A;N/A;N/A;N/A;N/A;N/A;N/A;N/A;N/A;N/A;N/A;N/A;N/A;;0;283.6;0;0;;Disabled;TempStop;3;740;292.7;149.3;255;0;599.9;549.9;Enabled;PosOk;3;0;0;0;0;0;15;Disabled;0;0;0;0;0;0;0;0;0;0;0;0;0;0;0;0;0;0;0;0;0;0;0;0;0;0;0;0;0;0;0;0;0;0;0;0;0;0;0;0;0;0;0;0;0;0;0;0;0;0;0;0;0;0;0;0;0;0;0;0;0;0;0;0;0;0;0;0;0;0;30;30;20;45;30;30;20;45;30;31;20;45;30;30;20;45;200;215;100;300;200;214;100;300;200;208;100;300;200;208;100;300;30;30;20;45;30;30;20;45;30;31;20;45;30;30;20;45;200;232;100;300;200;230;100;300;200;145;100;300;200;145;100;300;4;3;0.4;6;4;5;0.4;6;4;2;0.4;6;4;5;0.4;6;4;3;0.4;6;4;5;0.4;6;4;2;0.4;6;4;5;0.4;6;NOK;NOK;OK;8000;8069;7500;9000;OK;6.81;0;8;12;NOK;N/A;1.85;N/A;N/A;N/A;9;13.4;7;18;OK;;0;0;0;-;Disabled;TempOk;3;230;36.7;35.9;36.4;0;349.9;441354200 daimler 6900-7200;441354200 daimler 6900-7200;441354200 daimler 6900-7200
20260325_05:46:42;0;1;2;930;919.4;890;970;OK;930;931.4;890;970;OK;932.7;932;-20;-15.6;-50;-25;NOK;-20;-16.1;-50;-25;NOK;-16.9;-17.2;0;-20;-15.5;-50;-25;NOK;300;311;300;565;OK;0;0;N/A;N/A;N/A;N/A;N/A;N/A;N/A;N/A;N/A;N/A;N/A;N/A;N/A;N/A;N/A;N/A;N/A;N/A;N/A;N/A;N/A;N/A;N/A;N/A;N/A;N/A;N/A;N/A;N/A;N/A;N/A;N/A;N/A;N/A;N/A;N/A;N/A;N/A;N/A;N/A;N/A;N/A;N/A;N/A;N/A;N/A;N/A;N/A;N/A;N/A;N/A;N/A;N/A;N/A;N/A;N/A;N/A;N/A;N/A;N/A;N/A;N/A;N/A;N/A;N/A;N/A;N/A;N/A;N/A;N/A;N/A;N/A;N/A;N/A;N/A;N/A;N/A;N/A;N/A;N/A;N/A;N/A;N/A;N/A;N/A;N/A;N/A;N/A;N/A;N/A;N/A;N/A;N/A;N/A;N/A;N/A;N/A;N/A;;0;283.8;0;0;;Disabled;TempStop;3;740;292;151.7;253.1;0;599.9;549.9;Enabled;PosOk;3;0;0.8;0;0;0;15;Disabled;0;0;0;0;0;0;0;0;0;0;0;0;0;0;0;0;0;0;0;0;0;0;0;0;0;0;0;0;0;0;0;0;0;0;0;0;0;0;0;0;0;0;0;0;0;0;0;0;0;0;0;0;0;0;0;0;0;0;0;0;0;0;0;0;0;0;0;0;0;0;30;30;20;45;30;30;20;45;30;31;20;45;30;30;20;45;200;216;100;300;200;213;100;300;200;208;100;300;200;208;100;300;30;30;20;45;30;30;20;45;30;31;20;45;30;30;20;45;200;231;100;300;200;229;100;300;200;145;100;300;200;146;100;300;4;3;0.4;6;4;5;0.4;6;4;2;0.4;6;4;5;0.4;6;4;3;0.4;6;4;5;0.4;6;4;2;0.4;6;4;5;0.4;6;NOK;NOK;OK;8000;7983;7500;9000;OK;6.82;0;8;12;NOK;N/A;1.85;N/A;N/A;N/A;9;13.4;7;18;OK;;0;0;0;-;Disabled;TempOk;3;230;36.7;36.2;36.4;0;349.9;441354200 daimler 6900-7200;441354200 daimler 6900-7200;441354200 daimler 6900-7200
20260325_05:47:18;0;3;2;930;919.4;890;970;OK;930;931.5;890;970;OK;932.7;932.1;-20;-17.3;-50;-25;NOK;-20;-17.9;-50;-25;NOK;-16.5;-17.6;0;-20;-17.2;-50;-25;NOK;300;311;300;565;OK;0;0;N/A;N/A;N/A;N/A;N/A;N/A;N/A;N/A;N/A;N/A;N/A;N/A;N/A;N/A;N/A;N/A;N/A;N/A;N/A;N/A;N/A;N/A;N/A;N/A;N/A;N/A;N/A;N/A;N/A;N/A;N/A;N/A;N/A;N/A;N/A;N/A;N/A;N/A;N/A;N/A;N/A;N/A;N/A;N/A;N/A;N/A;N/A;N/A;N/A;N/A;N/A;N/A;N/A;N/A;N/A;N/A;N/A;N/A;N/A;N/A;N/A;N/A;N/A;N/A;N/A;N/A;N/A;N/A;N/A;N/A;N/A;N/A;N/A;N/A;N/A;N/A;N/A;N/A;N/A;N/A;N/A;N/A;N/A;N/A;N/A;N/A;N/A;N/A;N/A;N/A;N/A;N/A;N/A;N/A;N/A;N/A;N/A;N/A;;0;284.3;0;0;;Disabled;TempStop;3;740;292.2;151.8;251.9;0;599.9;549.9;Enabled;PosOk;3;0;0;0;0;0;15;Disabled;0;0;0;0;0;0;0;0;0;0;0;0;0;0;0;0;0;0;0;0;0;0;0;0;0;0;0;0;0;0;0;0;0;0;0;0;0;0;0;0;0;0;0;0;0;0;0;0;0;0;0;0;0;0;0;0;0;0;0;0;0;0;0;0;0;0;0;0;0;0;30;30;20;45;30;30;20;45;30;30;20;45;30;30;20;45;200;215;100;300;200;213;100;300;200;208;100;300;200;208;100;300;30;30;20;45;30;30;20;45;30;31;20;45;30;30;20;45;200;231;100;300;200;230;100;300;200;144;100;300;200;145;100;300;4;2;0.4;6;4;5;0.4;6;4;2;0.4;6;4;5;0.4;6;4;3;0.4;6;4;5;0.4;6;4;3;0.4;6;4;5;0.4;6;NOK;NOK;OK;8000;8074;7500;9000;OK;6.81;0;8;12;NOK;N/A;1.85;N/A;N/A;N/A;9;13.5;7;18;OK;;0;0;0;-;Disabled;TempOk;3;230;36.2;35.9;36.7;0;349.9;441354200 daimler 6900-7200;441354200 daimler 6900-7200;441354200 daimler 6900-7200
20260325_05:47:54;0;1;3;930;920.1;890;970;OK;930;931.1;890;970;OK;932.2;931.6;-20;-15.8;-50;-25;NOK;-20;-16.4;-50;-25;NOK;-18.6;-18.3;0;-20;-15.7;-50;-25;NOK;300;311;300;565;OK;0;0;N/A;N/A;N/A;N/A;N/A;N/A;N/A;N/A;N/A;N/A;N/A;N/A;N/A;N/A;N/A;N/A;N/A;N/A;N/A;N/A;N/A;N/A;N/A;N/A;N/A;N/A;N/A;N/A;N/A;N/A;N/A;N/A;N/A;N/A;N/A;N/A;N/A;N/A;N/A;N/A;N/A;N/A;N/A;N/A;N/A;N/A;N/A;N/A;N/A;N/A;N/A;N/A;N/A;N/A;N/A;N/A;N/A;N/A;N/A;N/A;N/A;N/A;N/A;N/A;N/A;N/A;N/A;N/A;N/A;N/A;N/A;N/A;N/A;N/A;N/A;N/A;N/A;N/A;N/A;N/A;N/A;N/A;N/A;N/A;N/A;N/A;N/A;N/A;N/A;N/A;N/A;N/A;N/A;N/A;N/A;N/A;N/A;N/A;;0;284.3;0;0;;Disabled;TempStop;3;740;295.1;153.2;255.1;0;599.9;549.9;Enabled;PosOk;3;0;0.5;0;0;0;15;Disabled;0;0;0;0;0;0;0;0;0;0;0;0;0;0;0;0;0;0;0;0;0;0;0;0;0;0;0;0;0;0;0;0;0;0;0;0;0;0;0;0;0;0;0;0;0;0;0;0;0;0;0;0;0;0;0;0;0;0;0;0;0;0;0;0;0;0;0;0;47;25;30;30;20;45;30;30;20;45;30;30;20;45;30;30;20;45;200;216;100;300;200;213;100;300;200;208;100;300;200;209;100;300;30;30;20;45;30;30;20;45;30;31;20;45;30;30;20;45;200;231;100;300;200;230;100;300;200;145;100;300;200;145;100;300;4;2;0.4;6;4;5;0.4;6;4;2;0.4;6;4;5;0.4;6;4;3;0.4;6;4;5;0.4;6;4;2;0.4;6;4;5;0.4;6;NOK;NOK;OK;8000;7967;7500;9000;OK;6.81;0;8;12;NOK;N/A;1.85;N/A;N/A;N/A;9;13.5;7;18;OK;;0;0;0;-;Disabled;TempOk;3;230;35.7;35.4;36.4;0;349.9;441354200 daimler 6900-7200;441354200 daimler 6900-7200;441354200 daimler 6900-7200
20260325_05:48:30;0;3;3;930;919;890;970;OK;930;931.4;890;970;OK;932.5;932;-20;-16.8;-50;-25;NOK;-20;-17;-50;-25;NOK;-15.1;-16.1;0;-20;-16.8;-50;-25;NOK;300;311;300;565;OK;0;0;N/A;N/A;N/A;N/A;N/A;N/A;N/A;N/A;N/A;N/A;N/A;N/A;N/A;N/A;N/A;N/A;N/A;N/A;N/A;N/A;N/A;N/A;N/A;N/A;N/A;N/A;N/A;N/A;N/A;N/A;N/A;N/A;N/A;N/A;N/A;N/A;N/A;N/A;N/A;N/A;N/A;N/A;N/A;N/A;N/A;N/A;N/A;N/A;N/A;N/A;N/A;N/A;N/A;N/A;N/A;N/A;N/A;N/A;N/A;N/A;N/A;N/A;N/A;N/A;N/A;N/A;N/A;N/A;N/A;N/A;N/A;N/A;N/A;N/A;N/A;N/A;N/A;N/A;N/A;N/A;N/A;N/A;N/A;N/A;N/A;N/A;N/A;N/A;N/A;N/A;N/A;N/A;N/A;N/A;N/A;N/A;N/A;N/A;;0;283.9;0;0;;Disabled;TempStop;3;740;292.3;151.2;251.4;0;599.9;549.9;Enabled;PosOk;3;0;0.8;0;0;0;15;Disabled;0;0;0;0;0;0;0;0;0;0;0;0;0;0;0;0;0;0;0;0;0;0;0;0;0;0;0;0;0;0;0;0;0;0;0;0;0;0;0;0;0;0;0;0;0;0;0;0;0;0;0;0;0;0;0;0;0;0;0;0;0;0;0;0;0;0;0;0;0;0;30;30;20;45;30;29;20;45;30;30;20;45;30;29;20;45;200;215;100;300;200;213;100;300;200;208;100;300;200;208;100;300;30;30;20;45;30;29;20;45;30;30;20;45;30;30;20;45;200;231;100;300;200;229;100;300;200;145;100;300;200;145;100;300;4;2;0.4;6;4;5;0.4;6;4;2;0.4;6;4;5;0.4;6;4;3;0.4;6;4;5;0.4;6;4;3;0.4;6;4;5;0.4;6;NOK;NOK;OK;8000;8064;7500;9000;OK;6.81;0;8;12;NOK;N/A;1.85;N/A;N/A;N/A;9;13.5;7;18;OK;;0;0;0;-;Disabled;TempOk;3;230;35.7;35.7;36.2;0;349.9;441354200 daimler 6900-7200;441354200 daimler 6900-7200;441354200 daimler 6900-7200
20260325_05:49:06;0;1;4;930;919;890;970;OK;930;931.4;890;970;OK;932.2;931.9;-20;-14.2;-50;-25;NOK;-20;-14.8;-50;-25;NOK;-16.8;-16.4;0;-20;-14.1;-50;-25;NOK;300;311;300;565;OK;0;0;N/A;N/A;N/A;N/A;N/A;N/A;N/A;N/A;N/A;N/A;N/A;N/A;N/A;N/A;N/A;N/A;N/A;N/A;N/A;N/A;N/A;N/A;N/A;N/A;N/A;N/A;N/A;N/A;N/A;N/A;N/A;N/A;N/A;N/A;N/A;N/A;N/A;N/A;N/A;N/A;N/A;N/A;N/A;N/A;N/A;N/A;N/A;N/A;N/A;N/A;N/A;N/A;N/A;N/A;N/A;N/A;N/A;N/A;N/A;N/A;N/A;N/A;N/A;N/A;N/A;N/A;N/A;N/A;N/A;N/A;N/A;N/A;N/A;N/A;N/A;N/A;N/A;N/A;N/A;N/A;N/A;N/A;N/A;N/A;N/A;N/A;N/A;N/A;N/A;N/A;N/A;N/A;N/A;N/A;N/A;N/A;N/A;N/A;;0;283.5;0;0;;Disabled;TempStop;3;740;292.5;150;254.3;0;599.9;549.9;Enabled;PosOk;3;0;0;0;0;0;15;Disabled;0;0;0;0;0;0;0;0;0;0;0;0;0;0;0;0;0;0;0;0;0;0;0;0;0;0;0;0;0;0;0;0;0;0;0;0;0;0;0;0;0;0;0;0;0;0;0;0;0;0;0;0;0;0;0;0;0;0;0;0;0;0;0;0;0;0;0;0;48;37;30;30;20;45;30;29;20;45;30;30;20;45;30;30;20;45;200;215;100;300;200;213;100;300;200;208;100;300;200;208;100;300;30;29;20;45;30;29;20;45;30;30;20;45;30;30;20;45;200;231;100;300;200;229;100;300;200;144;100;300;200;145;100;300;4;3;0.4;6;4;5;0.4;6;4;2;0.4;6;4;5;0.4;6;4;3;0.4;6;4;5;0.4;6;4;2;0.4;6;4;5;0.4;6;NOK;NOK;OK;8000;8076;7500;9000;OK;6.81;0;8;12;NOK;N/A;1.85;N/A;N/A;N/A;9;13.5;7;18;OK;;0;0;0;-;Disabled;TempOk;3;230;36.2;35.4;36.4;0;349.9;441354200 daimler 6900-7200;441354200 daimler 6900-7200;441354200 daimler 6900-7200
20260325_05:49:41;0;3;4;930;919.1;890;970;OK;930;931.3;890;970;OK;932.3;931.8;-20;-15.9;-50;-25;NOK;-20;-17;-50;-25;NOK;-19.3;-19.2;0;-20;-15.6;-50;-25;NOK;300;311;300;565;OK;0;0;N/A;N/A;N/A;N/A;N/A;N/A;N/A;N/A;N/A;N/A;N/A;N/A;N/A;N/A;N/A;N/A;N/A;N/A;N/A;N/A;N/A;N/A;N/A;N/A;N/A;N/A;N/A;N/A;N/A;N/A;N/A;N/A;N/A;N/A;N/A;N/A;N/A;N/A;N/A;N/A;N/A;N/A;N/A;N/A;N/A;N/A;N/A;N/A;N/A;N/A;N/A;N/A;N/A;N/A;N/A;N/A;N/A;N/A;N/A;N/A;N/A;N/A;N/A;N/A;N/A;N/A;N/A;N/A;N/A;N/A;N/A;N/A;N/A;N/A;N/A;N/A;N/A;N/A;N/A;N/A;N/A;N/A;N/A;N/A;N/A;N/A;N/A;N/A;N/A;N/A;N/A;N/A;N/A;N/A;N/A;N/A;N/A;N/A;;0;282.4;0;0;;Disabled;TempStop;3;740;292.6;152;253.8;0;599.9;549.9;Enabled;PosOk;3;0;1;0;0;0;15;Disabled;0;0;0;0;0;0;0;0;0;0;0;0;0;0;0;0;0;0;0;0;0;0;0;0;0;0;0;0;0;0;0;0;0;0;0;0;0;0;0;0;0;0;0;0;0;0;0;0;0;0;0;0;0;0;0;0;0;0;0;0;0;0;0;0;0;0;0;0;0;0;30;30;20;45;30;30;20;45;30;30;20;45;30;30;20;45;200;216;100;300;200;212;100;300;200;208;100;300;200;208;100;300;30;30;20;45;30;30;20;45;30;30;20;45;30;30;20;45;200;231;100;300;200;229;100;300;200;144;100;300;200;145;100;300;4;2;0.4;6;4;5;0.4;6;4;2;0.4;6;4;5;0.4;6;4;3;0.4;6;4;5;0.4;6;4;2;0.4;6;4;5;0.4;6;NOK;NOK;OK;8000;8081;7500;9000;OK;6.82;0;8;12;NOK;N/A;1.85;N/A;N/A;N/A;9;13;7;18;OK;;0;0;0;-;Disabled;TempOk;3;230;35.2;35.7;35.4;0;349.9;441354200 daimler 6900-7200;441354200 daimler 6900-7200;441354200 daimler 6900-7200
20260325_05:50:17;0;3;5;930;920.7;890;970;OK;930;930.9;890;970;OK;931.9;931.4;-20;-19.6;-50;-25;NOK;-20;-20;-50;-25;NOK;-19.8;-20.4;0;-20;-19.4;-50;-25;NOK;300;311;300;565;OK;0;0;N/A;N/A;N/A;N/A;N/A;N/A;N/A;N/A;N/A;N/A;N/A;N/A;N/A;N/A;N/A;N/A;N/A;N/A;N/A;N/A;N/A;N/A;N/A;N/A;N/A;N/A;N/A;N/A;N/A;N/A;N/A;N/A;N/A;N/A;N/A;N/A;N/A;N/A;N/A;N/A;N/A;N/A;N/A;N/A;N/A;N/A;N/A;N/A;N/A;N/A;N/A;N/A;N/A;N/A;N/A;N/A;N/A;N/A;N/A;N/A;N/A;N/A;N/A;N/A;N/A;N/A;N/A;N/A;N/A;N/A;N/A;N/A;N/A;N/A;N/A;N/A;N/A;N/A;N/A;N/A;N/A;N/A;N/A;N/A;N/A;N/A;N/A;N/A;N/A;N/A;N/A;N/A;N/A;N/A;N/A;N/A;N/A;N/A;;0;281.5;0;0;;Disabled;TempStop;3;740;290.5;144.7;251.2;0;599.9;549.9;Enabled;PosOk;3;0;0.3;0;0;0;15;Disabled;0;0;0;0;0;0;0;0;0;0;0;0;0;0;0;0;0;0;0;0;0;0;0;0;0;0;0;0;0;0;0;0;0;0;0;0;0;0;0;0;0;0;0;0;0;0;0;0;0;0;0;0;0;0;0;0;0;0;0;0;0;0;0;0;0;0;0;0;0;0;30;30;20;45;30;30;20;45;30;30;20;45;30;30;20;45;200;215;100;300;200;213;100;300;200;208;100;300;200;208;100;300;30;30;20;45;30;30;20;45;30;31;20;45;30;30;20;45;200;230;100;300;200;230;100;300;200;144;100;300;200;145;100;300;4;3;0.4;6;4;5;0.4;6;4;2;0.4;6;4;5;0.4;6;4;3;0.4;6;4;5;0.4;6;4;2;0.4;6;4;5;0.4;6;NOK;NOK;OK;8000;8091;7500;9000;OK;6.82;0;8;12;NOK;N/A;1.85;N/A;N/A;N/A;9;13.1;7;18;OK;;0;0;0;-;Disabled;TempOk;3;230;35.7;35.4;35.4;0;349.9;441354200 daimler 6900-7200;441354200 daimler 6900-7200;441354200 daimler 6900-7200
20260325_05:50:53;0;1;1;930;919.5;890;970;OK;930;931.5;890;970;OK;932.5;932;-20;-18;-50;-25;NOK;-20;-18;-50;-25;NOK;-17.7;-17.7;0;-20;-18.1;-50;-25;NOK;300;311;300;565;OK;0;0;N/A;N/A;N/A;N/A;N/A;N/A;N/A;N/A;N/A;N/A;N/A;N/A;N/A;N/A;N/A;N/A;N/A;N/A;N/A;N/A;N/A;N/A;N/A;N/A;N/A;N/A;N/A;N/A;N/A;N/A;N/A;N/A;N/A;N/A;N/A;N/A;N/A;N/A;N/A;N/A;N/A;N/A;N/A;N/A;N/A;N/A;N/A;N/A;N/A;N/A;N/A;N/A;N/A;N/A;N/A;N/A;N/A;N/A;N/A;N/A;N/A;N/A;N/A;N/A;N/A;N/A;N/A;N/A;N/A;N/A;N/A;N/A;N/A;N/A;N/A;N/A;N/A;N/A;N/A;N/A;N/A;N/A;N/A;N/A;N/A;N/A;N/A;N/A;N/A;N/A;N/A;N/A;N/A;N/A;N/A;N/A;N/A;N/A;;0;285.1;0;0;;Disabled;TempStop;3;740;294.3;154.3;256.6;0;599.9;549.9;Enabled;PosOk;3;0;0;0;0;0;15;Disabled;0;0;0;0;0;0;0;0;0;0;0;0;0;0;0;0;0;0;0;0;0;0;0;0;0;0;0;0;0;0;0;0;0;0;0;0;0;0;0;0;0;0;0;0;0;0;0;0;0;0;0;0;0;0;0;0;0;0;0;0;0;0;0;0;0;0;0;0;0;0;30;30;20;45;30;30;20;45;30;31;20;45;30;30;20;45;200;215;100;300;200;213;100;300;200;208;100;300;200;208;100;300;30;30;20;45;30;30;20;45;30;31;20;45;30;30;20;45;200;231;100;300;200;229;100;300;200;144;100;300;200;145;100;300;4;3;0.4;6;4;5;0.4;6;4;2;0.4;6;4;5;0.4;6;4;3;0.4;6;4;5;0.4;6;4;2;0.4;6;4;5;0.4;6;NOK;NOK;OK;8000;8061;7500;9000;OK;6.81;0;8;12;NOK;N/A;1.85;N/A;N/A;N/A;9;13;7;18;OK;;0;0;0;-;Disabled;TempOk;3;230;35.7;35.4;37.4;0;349.9;441354200 daimler 6900-7200;441354200 daimler 6900-7200;441354200 daimler 6900-7200
20260325_05:51:29;0;3;1;930;919;890;970;OK;930;931.5;890;970;OK;933.6;932.8;-20;-17.3;-50;-25;NOK;-20;-16.9;-50;-25;NOK;-14.8;-15.8;0;-20;-17.3;-50;-25;NOK;300;311;300;565;OK;0;0;N/A;N/A;N/A;N/A;N/A;N/A;N/A;N/A;N/A;N/A;N/A;N/A;N/A;N/A;N/A;N/A;N/A;N/A;N/A;N/A;N/A;N/A;N/A;N/A;N/A;N/A;N/A;N/A;N/A;N/A;N/A;N/A;N/A;N/A;N/A;N/A;N/A;N/A;N/A;N/A;N/A;N/A;N/A;N/A;N/A;N/A;N/A;N/A;N/A;N/A;N/A;N/A;N/A;N/A;N/A;N/A;N/A;N/A;N/A;N/A;N/A;N/A;N/A;N/A;N/A;N/A;N/A;N/A;N/A;N/A;N/A;N/A;N/A;N/A;N/A;N/A;N/A;N/A;N/A;N/A;N/A;N/A;N/A;N/A;N/A;N/A;N/A;N/A;N/A;N/A;N/A;N/A;N/A;N/A;N/A;N/A;N/A;N/A;;0;283.3;0;0;;Disabled;TempStop;3;740;292.3;145.2;255.1;0;599.9;549.9;Enabled;PosOk;3;0;0.1;0;0;0;15;Disabled;0;0;0;0;0;0;0;0;0;0;0;0;0;0;0;0;0;0;0;0;0;0;0;0;0;0;0;0;0;0;0;0;0;0;0;0;0;0;0;0;0;0;0;0;0;0;0;0;0;0;0;0;0;0;0;0;0;0;0;0;0;0;0;0;0;0;0;0;0;0;30;30;20;45;30;30;20;45;30;30;20;45;30;30;20;45;200;216;100;300;200;213;100;300;200;208;100;300;200;208;100;300;30;30;20;45;30;30;20;45;30;31;20;45;30;30;20;45;200;231;100;300;200;230;100;300;200;145;100;300;200;145;100;300;4;2;0.4;6;4;5;0.4;6;4;2;0.4;6;4;5;0.4;6;4;3;0.4;6;4;5;0.4;6;4;3;0.4;6;4;5;0.4;6;NOK;NOK;OK;8000;7979;7500;9000;OK;6.82;0;8;12;NOK;N/A;1.85;N/A;N/A;N/A;9;13;7;18;OK;;0;0;0;-;Disabled;TempOk;3;230;36.2;35.9;36.4;0;349.9;441354200 daimler 6900-7200;441354200 daimler 6900-7200;441354200 daimler 6900-7200
20260325_05:52:05;0;1;2;930;919.3;890;970;OK;930;931.4;890;970;OK;932.6;931.8;-20;-15.6;-50;-25;NOK;-20;-16.4;-50;-25;NOK;-17;-17.3;0;-20;-15.5;-50;-25;NOK;300;311;300;565;OK;0;0;N/A;N/A;N/A;N/A;N/A;N/A;N/A;N/A;N/A;N/A;N/A;N/A;N/A;N/A;N/A;N/A;N/A;N/A;N/A;N/A;N/A;N/A;N/A;N/A;N/A;N/A;N/A;N/A;N/A;N/A;N/A;N/A;N/A;N/A;N/A;N/A;N/A;N/A;N/A;N/A;N/A;N/A;N/A;N/A;N/A;N/A;N/A;N/A;N/A;N/A;N/A;N/A;N/A;N/A;N/A;N/A;N/A;N/A;N/A;N/A;N/A;N/A;N/A;N/A;N/A;N/A;N/A;N/A;N/A;N/A;N/A;N/A;N/A;N/A;N/A;N/A;N/A;N/A;N/A;N/A;N/A;N/A;N/A;N/A;N/A;N/A;N/A;N/A;N/A;N/A;N/A;N/A;N/A;N/A;N/A;N/A;N/A;N/A;;0;283.6;0;0;;Disabled;TempStop;3;740;293.5;151.1;256;0;599.9;549.9;Enabled;PosOk;3;0;0.7;0;0;0;15;Disabled;0;0;0;0;0;0;0;0;0;0;0;0;0;0;0;0;0;0;0;0;0;0;0;0;0;0;0;0;0;0;0;0;0;0;0;0;0;0;0;0;0;0;0;0;0;0;0;0;0;0;0;0;0;0;0;0;0;0;0;0;0;0;0;0;0;0;0;0;0;0;30;30;20;45;30;30;20;45;30;30;20;45;30;30;20;45;200;215;100;300;200;213;100;300;200;208;100;300;200;207;100;300;30;30;20;45;30;30;20;45;30;31;20;45;30;30;20;45;200;231;100;300;200;229;100;300;200;144;100;300;200;145;100;300;4;2;0.4;6;4;5;0.4;6;4;2;0.4;6;4;5;0.4;6;4;3;0.4;6;4;5;0.4;6;4;3;0.4;6;4;5;0.4;6;NOK;NOK;OK;8000;8077;7500;9000;OK;6.81;0;8;12;NOK;N/A;1.85;N/A;N/A;N/A;9;12.9;7;18;OK;;0;0;0;-;Disabled;TempOk;3;230;35.9;35.2;35.9;0;349.9;441354200 daimler 6900-7200;441354200 daimler 6900-7200;441354200 daimler 6900-7200
20260325_05:52:41;0;3;2;930;918.8;890;970;OK;930;931.4;890;970;OK;932.6;932.1;-20;-17.4;-50;-25;NOK;-20;-17.9;-50;-25;NOK;-16.5;-17.5;0;-20;-17.2;-50;-25;NOK;300;311;300;565;OK;0;0;N/A;N/A;N/A;N/A;N/A;N/A;N/A;N/A;N/A;N/A;N/A;N/A;N/A;N/A;N/A;N/A;N/A;N/A;N/A;N/A;N/A;N/A;N/A;N/A;N/A;N/A;N/A;N/A;N/A;N/A;N/A;N/A;N/A;N/A;N/A;N/A;N/A;N/A;N/A;N/A;N/A;N/A;N/A;N/A;N/A;N/A;N/A;N/A;N/A;N/A;N/A;N/A;N/A;N/A;N/A;N/A;N/A;N/A;N/A;N/A;N/A;N/A;N/A;N/A;N/A;N/A;N/A;N/A;N/A;N/A;N/A;N/A;N/A;N/A;N/A;N/A;N/A;N/A;N/A;N/A;N/A;N/A;N/A;N/A;N/A;N/A;N/A;N/A;N/A;N/A;N/A;N/A;N/A;N/A;N/A;N/A;N/A;N/A;;0;283;0;0;;Disabled;TempStop;3;740;291.8;151.1;255.2;0;599.9;549.9;Enabled;PosOk;3;0;0;0;0;0;15;Disabled;0;0;0;0;0;0;0;0;0;0;0;0;0;0;0;0;0;0;0;0;0;0;0;0;0;0;0;0;0;0;0;0;0;0;0;0;0;0;0;0;0;0;0;0;0;0;0;0;0;0;0;0;0;0;0;0;0;0;0;0;0;0;0;0;0;0;0;0;0;0;30;30;20;45;30;30;20;45;30;31;20;45;30;30;20;45;200;216;100;300;200;213;100;300;200;209;100;300;200;209;100;300;30;30;20;45;30;30;20;45;30;31;20;45;30;30;20;45;200;232;100;300;200;230;100;300;200;145;100;300;200;145;100;300;4;2;0.4;6;4;5;0.4;6;4;2;0.4;6;4;5;0.4;6;4;3;0.4;6;4;5;0.4;6;4;3;0.4;6;4;5;0.4;6;NOK;NOK;OK;8000;8093;7500;9000;OK;6.82;0;8;12;NOK;N/A;1.85;N/A;N/A;N/A;9;12.8;7;18;OK;;0;0;0;-;Disabled;TempOk;3;230;35.9;35.7;35.9;0;349.9;441354200 daimler 6900-7200;441354200 daimler 6900-7200;441354200 daimler 6900-7200
20260325_05:53:17;0;1;3;930;919.4;890;970;OK;930;931.1;890;970;OK;932.4;931.6;-20;-15.8;-50;-25;NOK;-20;-17.4;-50;-25;NOK;-18.7;-18.6;0;-20;-15.7;-50;-25;NOK;300;311;300;565;OK;0;0;N/A;N/A;N/A;N/A;N/A;N/A;N/A;N/A;N/A;N/A;N/A;N/A;N/A;N/A;N/A;N/A;N/A;N/A;N/A;N/A;N/A;N/A;N/A;N/A;N/A;N/A;N/A;N/A;N/A;N/A;N/A;N/A;N/A;N/A;N/A;N/A;N/A;N/A;N/A;N/A;N/A;N/A;N/A;N/A;N/A;N/A;N/A;N/A;N/A;N/A;N/A;N/A;N/A;N/A;N/A;N/A;N/A;N/A;N/A;N/A;N/A;N/A;N/A;N/A;N/A;N/A;N/A;N/A;N/A;N/A;N/A;N/A;N/A;N/A;N/A;N/A;N/A;N/A;N/A;N/A;N/A;N/A;N/A;N/A;N/A;N/A;N/A;N/A;N/A;N/A;N/A;N/A;N/A;N/A;N/A;N/A;N/A;N/A;;0;284.8;0;0;;Disabled;TempStop;3;740;295.9;152.9;255.6;0;599.9;549.9;Enabled;PosOk;3;0;0;0;0;0;15;Disabled;0;0;0;0;0;0;0;0;0;0;0;0;0;0;0;0;0;0;0;0;0;0;0;0;0;0;0;0;0;0;0;0;0;0;0;0;0;0;0;0;0;0;0;0;0;0;0;0;0;0;0;0;0;0;0;0;0;0;0;0;0;0;0;0;0;0;0;0;52;48;30;30;20;45;30;30;20;45;30;31;20;45;30;30;20;45;200;216;100;300;200;213;100;300;200;208;100;300;200;208;100;300;30;30;20;45;30;30;20;45;30;31;20;45;30;30;20;45;200;231;100;300;200;229;100;300;200;144;100;300;200;145;100;300;4;2;0.4;6;4;5;0.4;6;4;2;0.4;6;4;5;0.4;6;4;3;0.4;6;4;5;0.4;6;4;3;0.4;6;4;5;0.4;6;NOK;NOK;OK;8000;8095;7500;9000;OK;6.82;0;8;12;NOK;N/A;1.85;N/A;N/A;N/A;9;12.6;7;18;OK;;0;0;0;-;Disabled;TempOk;3;230;35.4;36.4;36.2;0;349.9;441354200 daimler 6900-7200;441354200 daimler 6900-7200;441354200 daimler 6900-7200
20260325_05:53:53;0;3;3;930;919.4;890;970;OK;930;931.2;890;970;OK;932.4;931.9;-20;-16.9;-50;-25;NOK;-20;-17.1;-50;-25;NOK;-15.1;-16.2;0;-20;-16.9;-50;-25;NOK;300;311;300;565;OK;0;0;N/A;N/A;N/A;N/A;N/A;N/A;N/A;N/A;N/A;N/A;N/A;N/A;N/A;N/A;N/A;N/A;N/A;N/A;N/A;N/A;N/A;N/A;N/A;N/A;N/A;N/A;N/A;N/A;N/A;N/A;N/A;N/A;N/A;N/A;N/A;N/A;N/A;N/A;N/A;N/A;N/A;N/A;N/A;N/A;N/A;N/A;N/A;N/A;N/A;N/A;N/A;N/A;N/A;N/A;N/A;N/A;N/A;N/A;N/A;N/A;N/A;N/A;N/A;N/A;N/A;N/A;N/A;N/A;N/A;N/A;N/A;N/A;N/A;N/A;N/A;N/A;N/A;N/A;N/A;N/A;N/A;N/A;N/A;N/A;N/A;N/A;N/A;N/A;N/A;N/A;N/A;N/A;N/A;N/A;N/A;N/A;N/A;N/A;;0;284.3;0;0;;Disabled;TempStop;3;740;293.3;151.1;252.7;0;599.9;549.9;Enabled;PosOk;3;0;0.8;0;0;0;15;Disabled;0;0;0;0;0;0;0;0;0;0;0;0;0;0;0;0;0;0;0;0;0;0;0;0;0;0;0;0;0;0;0;0;0;0;0;0;0;0;0;0;0;0;0;0;0;0;0;0;0;0;0;0;0;0;0;0;0;0;0;0;0;0;0;0;0;0;0;0;0;0;30;30;20;45;30;30;20;45;30;31;20;45;30;30;20;45;200;216;100;300;200;214;100;300;200;208;100;300;200;208;100;300;30;30;20;45;30;30;20;45;30;31;20;45;30;30;20;45;200;231;100;300;200;229;100;300;200;144;100;300;200;145;100;300;4;2;0.4;6;4;5;0.4;6;4;2;0.4;6;4;5;0.4;6;4;3;0.4;6;4;5;0.4;6;4;3;0.4;6;4;5;0.4;6;NOK;NOK;OK;8000;8085;7500;9000;OK;6.81;0;8;12;NOK;N/A;1.85;N/A;N/A;N/A;9;12.6;7;18;OK;;0;0;0;-;Disabled;TempOk;3;230;35.7;35.9;35.9;0;349.9;441354200 daimler 6900-7200;441354200 daimler 6900-7200;441354200 daimler 6900-7200
20260325_05:54:29;0;1;4;930;919.1;890;970;OK;930;931.2;890;970;OK;932.1;931.7;-20;-14.2;-50;-25;NOK;-20;-15.9;-50;-25;NOK;-17.3;-17.3;0;-20;-14.2;-50;-25;NOK;300;311;300;565;OK;0;0;N/A;N/A;N/A;N/A;N/A;N/A;N/A;N/A;N/A;N/A;N/A;N/A;N/A;N/A;N/A;N/A;N/A;N/A;N/A;N/A;N/A;N/A;N/A;N/A;N/A;N/A;N/A;N/A;N/A;N/A;N/A;N/A;N/A;N/A;N/A;N/A;N/A;N/A;N/A;N/A;N/A;N/A;N/A;N/A;N/A;N/A;N/A;N/A;N/A;N/A;N/A;N/A;N/A;N/A;N/A;N/A;N/A;N/A;N/A;N/A;N/A;N/A;N/A;N/A;N/A;N/A;N/A;N/A;N/A;N/A;N/A;N/A;N/A;N/A;N/A;N/A;N/A;N/A;N/A;N/A;N/A;N/A;N/A;N/A;N/A;N/A;N/A;N/A;N/A;N/A;N/A;N/A;N/A;N/A;N/A;N/A;N/A;N/A;;0;284.5;0;0;;Disabled;TempStop;3;740;293.6;146.3;251.4;0;599.9;549.9;Enabled;PosOk;3;0;0;0;0;0;15;Disabled;0;0;0;0;0;0;0;0;0;0;0;0;0;0;0;0;0;0;0;0;0;0;0;0;0;0;0;0;0;0;0;0;0;0;0;0;0;0;0;0;0;0;0;0;0;0;0;0;0;0;0;0;0;0;0;0;0;0;0;0;0;0;0;0;0;0;0;0;54;0;30;30;20;45;30;29;20;45;30;30;20;45;30;29;20;45;200;216;100;300;200;213;100;300;200;208;100;300;200;208;100;300;30;29;20;45;30;29;20;45;30;30;20;45;30;29;20;45;200;231;100;300;200;229;100;300;200;144;100;300;200;145;100;300;4;3;0.4;6;4;5;0.4;6;4;2;0.4;6;4;5;0.4;6;4;3;0.4;6;4;5;0.4;6;4;2;0.4;6;4;5;0.4;6;NOK;NOK;OK;8000;8073;7500;9000;OK;6.81;0;8;12;NOK;N/A;1.85;N/A;N/A;N/A;9;12.6;7;18;OK;;0;0;0;-;Disabled;TempOk;3;230;36.2;35.4;36.7;0;349.9;441354200 daimler 6900-7200;441354200 daimler 6900-7200;441354200 daimler 6900-7200
20260325_05:55:41;0;3;4;930;918.9;890;970;OK;930;931;890;970;OK;932.1;931.9;-20;-16.1;-50;-25;NOK;-20;-17.1;-50;-25;NOK;-19.6;-19.9;0;-20;-15.8;-50;-25;NOK;300;347;300;565;OK;0;0;N/A;N/A;N/A;N/A;N/A;N/A;N/A;N/A;N/A;N/A;N/A;N/A;N/A;N/A;N/A;N/A;N/A;N/A;N/A;N/A;N/A;N/A;N/A;N/A;N/A;N/A;N/A;N/A;N/A;N/A;N/A;N/A;N/A;N/A;N/A;N/A;N/A;N/A;N/A;N/A;N/A;N/A;N/A;N/A;N/A;N/A;N/A;N/A;N/A;N/A;N/A;N/A;N/A;N/A;N/A;N/A;N/A;N/A;N/A;N/A;N/A;N/A;N/A;N/A;N/A;N/A;N/A;N/A;N/A;N/A;N/A;N/A;N/A;N/A;N/A;N/A;N/A;N/A;N/A;N/A;N/A;N/A;N/A;N/A;N/A;N/A;N/A;N/A;N/A;N/A;N/A;N/A;N/A;N/A;N/A;N/A;N/A;N/A;;0;281.3;0;0;;Disabled;TempStop;3;740;292.5;151.4;253.8;0;599.9;549.9;Enabled;PosOk;3;0;0.8;0;0;0;15;Disabled;0;0;0;0;0;0;0;0;0;0;0;0;0;0;0;0;0;0;0;0;0;0;0;0;0;0;0;0;0;0;0;0;0;0;0;0;0;0;0;0;0;0;0;0;0;0;0;0;0;0;0;0;0;0;0;0;0;0;0;0;0;0;0;0;0;0;0;0;0;0;30;29;20;45;30;29;20;45;30;29;20;45;30;29;20;45;200;215;100;300;200;213;100;300;200;208;100;300;200;208;100;300;30;29;20;45;30;29;20;45;30;30;20;45;30;29;20;45;200;230;100;300;200;229;100;300;200;144;100;300;200;145;100;300;4;3;0.4;6;4;5;0.4;6;4;2;0.4;6;4;5;0.4;6;4;3;0.4;6;4;5;0.4;6;4;3;0.4;6;4;5;0.4;6;NOK;NOK;OK;8000;8071;7500;9000;OK;6.81;0;8;12;NOK;N/A;1.85;N/A;N/A;N/A;9;13.4;7;18;OK;;0;0;0;-;Disabled;TempOk;3;230;35.9;35.7;36.2;0;349.9;441354200 daimler 6900-7200;441354200 daimler 6900-7200;441354200 daimler 6900-7200
20260325_05:56:17;0;3;5;930;921;890;970;OK;930;930.6;890;970;OK;931.6;931.1;-20;-19.6;-50;-25;NOK;-20;-20.5;-50;-25;NOK;-20.1;-20.6;0;-20;-19.5;-50;-25;NOK;300;347;300;565;OK;0;0;N/A;N/A;N/A;N/A;N/A;N/A;N/A;N/A;N/A;N/A;N/A;N/A;N/A;N/A;N/A;N/A;N/A;N/A;N/A;N/A;N/A;N/A;N/A;N/A;N/A;N/A;N/A;N/A;N/A;N/A;N/A;N/A;N/A;N/A;N/A;N/A;N/A;N/A;N/A;N/A;N/A;N/A;N/A;N/A;N/A;N/A;N/A;N/A;N/A;N/A;N/A;N/A;N/A;N/A;N/A;N/A;N/A;N/A;N/A;N/A;N/A;N/A;N/A;N/A;N/A;N/A;N/A;N/A;N/A;N/A;N/A;N/A;N/A;N/A;N/A;N/A;N/A;N/A;N/A;N/A;N/A;N/A;N/A;N/A;N/A;N/A;N/A;N/A;N/A;N/A;N/A;N/A;N/A;N/A;N/A;N/A;N/A;N/A;;0;281.5;0;0;;Disabled;TempStop;3;740;290.4;147.5;252.5;0;599.9;549.9;Enabled;PosOk;3;0;0;0;0;0;15;Disabled;0;0;0;0;0;0;0;0;0;0;0;0;0;0;0;0;0;0;0;0;0;0;0;0;0;0;0;0;0;0;0;0;0;0;0;0;0;0;0;0;0;0;0;0;0;0;0;0;0;0;0;0;0;0;0;0;0;0;0;0;0;0;0;0;0;0;0;0;0;0;30;29;20;45;30;30;20;45;30;30;20;45;30;30;20;45;200;215;100;300;200;213;100;300;200;208;100;300;200;208;100;300;30;30;20;45;30;30;20;45;30;30;20;45;30;30;20;45;200;231;100;300;200;229;100;300;200;144;100;300;200;145;100;300;4;3;0.4;6;4;5;0.4;6;4;2;0.4;6;4;5;0.4;6;4;3;0.4;6;4;5;0.4;6;4;2;0.4;6;4;5;0.4;6;NOK;NOK;OK;8000;7998;7500;9000;OK;6.81;0;8;12;NOK;N/A;1.85;N/A;N/A;N/A;9;13.5;7;18;OK;;0;0;0;-;Disabled;TempOk;3;230;36.2;35.4;35.7;0;349.9;441354200 daimler 6900-7200;441354200 daimler 6900-7200;441354200 daimler 6900-7200
20260325_05:59:52;18209;1;4;930;918.4;890;970;OK;930;931.5;890;970;OK;932.2;931.7;-20;-15.6;-50;-25;NOK;-20;-14.9;-50;-25;NOK;-17.7;-17;0;-20;-15.5;-50;-25;NOK;300;311;300;565;OK;0;0;N/A;N/A;N/A;N/A;N/A;N/A;N/A;N/A;N/A;N/A;N/A;N/A;N/A;N/A;N/A;N/A;N/A;N/A;N/A;N/A;N/A;N/A;N/A;N/A;N/A;N/A;N/A;N/A;N/A;N/A;N/A;N/A;N/A;N/A;N/A;N/A;N/A;N/A;N/A;N/A;N/A;N/A;N/A;N/A;N/A;N/A;N/A;N/A;N/A;N/A;N/A;N/A;N/A;N/A;N/A;N/A;N/A;N/A;N/A;N/A;N/A;N/A;N/A;N/A;N/A;N/A;N/A;N/A;N/A;N/A;N/A;N/A;N/A;N/A;N/A;N/A;N/A;N/A;N/A;N/A;N/A;N/A;N/A;N/A;N/A;N/A;N/A;N/A;N/A;N/A;N/A;N/A;N/A;N/A;N/A;N/A;N/A;N/A;;0;283.2;0;0;;Disabled;TempStop;3;740;292.3;150.7;252.7;0;599.9;549.9;Enabled;PosOk;3;0;0;0;0;0;15;Disabled;0;0;0;0;0;0;0;0;0;0;0;0;0;0;0;0;0;0;0;0;0;0;0;0;0;0;0;0;0;0;0;0;0;0;0;0;0;0;0;0;0;0;0;0;0;0;0;0;0;0;0;0;0;0;0;0;0;0;0;0;0;0;0;0;0;0;0;0;59;24;30;30;20;45;30;30;20;45;30;30;20;45;30;30;20;45;200;216;100;300;200;213;100;300;200;208;100;300;200;208;100;300;30;30;20;45;30;30;20;45;30;30;20;45;30;30;20;45;200;231;100;300;200;230;100;300;200;144;100;300;200;145;100;300;4;3;0.4;6;4;5;0.4;6;4;2;0.4;6;4;5;0.4;6;4;3;0.4;6;4;5;0.4;6;4;2;0.4;6;4;5;0.4;6;NOK;NOK;OK;8000;8067;7500;9000;OK;6.82;0;8;12;NOK;N/A;1.85;N/A;N/A;N/A;9;12.7;7;18;OK;;0;0;0;-;Disabled;TempOk;3;230;35.4;35.2;35.7;0;349.9;441354200 daimler 6900-7200;441354200 daimler 6900-7200;441354200 daimler 6900-7200
20260325_06:00:28;0;1;1;930;926.8;890;970;OK;930;931.3;890;970;OK;932.4;931.8;-20;-17.7;-50;-25;NOK;-20;-19.5;-50;-25;NOK;-18.6;-18.6;0;-20;-17.7;-50;-25;NOK;300;331;300;565;OK;0;0;N/A;N/A;N/A;N/A;N/A;N/A;N/A;N/A;N/A;N/A;N/A;N/A;N/A;N/A;N/A;N/A;N/A;N/A;N/A;N/A;N/A;N/A;N/A;N/A;N/A;N/A;N/A;N/A;N/A;N/A;N/A;N/A;N/A;N/A;N/A;N/A;N/A;N/A;N/A;N/A;N/A;N/A;N/A;N/A;N/A;N/A;N/A;N/A;N/A;N/A;N/A;N/A;N/A;N/A;N/A;N/A;N/A;N/A;N/A;N/A;N/A;N/A;N/A;N/A;N/A;N/A;N/A;N/A;N/A;N/A;N/A;N/A;N/A;N/A;N/A;N/A;N/A;N/A;N/A;N/A;N/A;N/A;N/A;N/A;N/A;N/A;N/A;N/A;N/A;N/A;N/A;N/A;N/A;N/A;N/A;N/A;N/A;N/A;;0;285.6;0;0;;Disabled;TempStop;3;740;295.1;154.1;256.7;0;599.9;549.9;Enabled;PosOk;3;0;0;0;0;0;15;Disabled;0;0;0;0;0;0;0;0;0;0;0;0;0;0;0;0;0;0;0;0;0;0;0;0;0;0;0;0;0;0;0;0;0;0;0;0;0;0;0;0;0;0;0;0;0;0;0;0;0;0;0;0;0;0;0;0;0;0;0;0;0;0;0;0;0;0;0;0;0;0;30;30;20;45;30;30;20;45;30;30;20;45;30;30;20;45;200;215;100;300;200;213;100;300;200;208;100;300;200;208;100;300;30;30;20;45;30;30;20;45;30;31;20;45;30;30;20;45;200;231;100;300;200;229;100;300;200;144;100;300;200;146;100;300;4;3;0.4;6;4;5;0.4;6;4;2;0.4;6;4;5;0.4;6;4;3;0.4;6;4;5;0.4;6;4;3;0.4;6;4;5;0.4;6;NOK;NOK;OK;8000;8070;7500;9000;OK;6.81;0;8;12;NOK;N/A;1.85;N/A;N/A;N/A;9;12.7;7;18;OK;;0;0;0;-;Disabled;TempOk;3;230;35.7;35.4;35.9;0;349.9;441354200 daimler 6900-7200;441354200 daimler 6900-7200;441354200 daimler 6900-7200
20260325_06:01:04;0;3;4;930;919;890;970;OK;930;931.3;890;970;OK;932;931.5;-20;-17.2;-50;-25;NOK;-20;-16.1;-50;-25;NOK;-18.6;-16.5;0;-20;-17.3;-50;-25;NOK;300;311;300;565;OK;0;0;N/A;N/A;N/A;N/A;N/A;N/A;N/A;N/A;N/A;N/A;N/A;N/A;N/A;N/A;N/A;N/A;N/A;N/A;N/A;N/A;N/A;N/A;N/A;N/A;N/A;N/A;N/A;N/A;N/A;N/A;N/A;N/A;N/A;N/A;N/A;N/A;N/A;N/A;N/A;N/A;N/A;N/A;N/A;N/A;N/A;N/A;N/A;N/A;N/A;N/A;N/A;N/A;N/A;N/A;N/A;N/A;N/A;N/A;N/A;N/A;N/A;N/A;N/A;N/A;N/A;N/A;N/A;N/A;N/A;N/A;N/A;N/A;N/A;N/A;N/A;N/A;N/A;N/A;N/A;N/A;N/A;N/A;N/A;N/A;N/A;N/A;N/A;N/A;N/A;N/A;N/A;N/A;N/A;N/A;N/A;N/A;N/A;N/A;;0;282.4;0;0;;Disabled;TempStop;3;740;293.7;151.1;255.1;0;599.9;549.9;Enabled;PosOk;3;0;0.5;0;0;0;15;Disabled;0;0;0;0;0;0;0;0;0;0;0;0;0;0;0;0;0;0;0;0;0;0;0;0;0;0;0;0;0;0;0;0;0;0;0;0;0;0;0;0;0;0;0;0;0;0;0;0;0;0;0;0;0;0;0;0;0;0;0;0;0;0;0;0;0;0;0;0;0;0;30;30;20;45;30;30;20;45;30;31;20;45;30;30;20;45;200;216;100;300;200;214;100;300;200;208;100;300;200;207;100;300;30;30;20;45;30;30;20;45;30;31;20;45;30;30;20;45;200;231;100;300;200;229;100;300;200;145;100;300;200;145;100;300;4;3;0.4;6;4;5;0.4;6;4;2;0.4;6;4;5;0.4;6;4;3;0.4;6;4;5;0.4;6;4;3;0.4;6;4;5;0.4;6;NOK;NOK;OK;8000;8063;7500;9000;OK;6.82;0;8;12;NOK;N/A;1.85;N/A;N/A;N/A;9;12.6;7;18;OK;;0;0;0;-;Disabled;TempOk;3;230;35.4;35.4;35.9;0;349.9;441354200 daimler 6900-7200;441354200 daimler 6900-7200;441354200 daimler 6900-7200
20260325_06:01:40;0;3;5;930;920.3;890;970;OK;930;930.6;890;970;OK;931.7;931;-20;-20.4;-50;-25;NOK;-20;-19.8;-50;-25;NOK;-19.7;-19.7;0;-20;-20.3;-50;-25;NOK;300;311;300;565;OK;0;0;N/A;N/A;N/A;N/A;N/A;N/A;N/A;N/A;N/A;N/A;N/A;N/A;N/A;N/A;N/A;N/A;N/A;N/A;N/A;N/A;N/A;N/A;N/A;N/A;N/A;N/A;N/A;N/A;N/A;N/A;N/A;N/A;N/A;N/A;N/A;N/A;N/A;N/A;N/A;N/A;N/A;N/A;N/A;N/A;N/A;N/A;N/A;N/A;N/A;N/A;N/A;N/A;N/A;N/A;N/A;N/A;N/A;N/A;N/A;N/A;N/A;N/A;N/A;N/A;N/A;N/A;N/A;N/A;N/A;N/A;N/A;N/A;N/A;N/A;N/A;N/A;N/A;N/A;N/A;N/A;N/A;N/A;N/A;N/A;N/A;N/A;N/A;N/A;N/A;N/A;N/A;N/A;N/A;N/A;N/A;N/A;N/A;N/A;;0;281.2;0;0;;Disabled;TempStop;3;740;291;150.8;252.3;0;599.9;549.9;Enabled;PosOk;3;0;0.5;0;0;0;15;Disabled;0;0;0;0;0;0;0;0;0;0;0;0;0;0;0;0;0;0;0;0;0;0;0;0;0;0;0;0;0;0;0;0;0;0;0;0;0;0;0;0;0;0;0;0;0;0;0;0;0;0;0;0;0;0;0;0;0;0;0;0;0;0;0;0;0;0;0;0;0;0;30;30;20;45;30;29;20;45;30;30;20;45;30;29;20;45;200;215;100;300;200;213;100;300;200;208;100;300;200;208;100;300;30;29;20;45;30;29;20;45;30;30;20;45;30;29;20;45;200;230;100;300;200;229;100;300;200;144;100;300;200;145;100;300;4;2;0.4;6;4;5;0.4;6;4;2;0.4;6;4;5;0.4;6;4;3;0.4;6;4;5;0.4;6;4;3;0.4;6;4;5;0.4;6;NOK;NOK;OK;8000;8072;7500;9000;OK;6.81;0;8;12;NOK;N/A;1.85;N/A;N/A;N/A;9;12.6;7;18;OK;;0;0;0;-;Disabled;TempOk;3;230;35.9;35.4;35.9;0;349.9;441354200 daimler 6900-7200;441354200 daimler 6900-7200;441354200 daimler 6900-7200
20260325_06:02:16;0;3;1;930;927.5;890;970;OK;930;931.4;890;970;OK;933.3;932.7;-20;-19.2;-50;-25;NOK;-20;-19.4;-50;-25;NOK;-16.3;-17.5;0;-20;-19.3;-50;-25;NOK;300;332;300;565;OK;0;0;N/A;N/A;N/A;N/A;N/A;N/A;N/A;N/A;N/A;N/A;N/A;N/A;N/A;N/A;N/A;N/A;N/A;N/A;N/A;N/A;N/A;N/A;N/A;N/A;N/A;N/A;N/A;N/A;N/A;N/A;N/A;N/A;N/A;N/A;N/A;N/A;N/A;N/A;N/A;N/A;N/A;N/A;N/A;N/A;N/A;N/A;N/A;N/A;N/A;N/A;N/A;N/A;N/A;N/A;N/A;N/A;N/A;N/A;N/A;N/A;N/A;N/A;N/A;N/A;N/A;N/A;N/A;N/A;N/A;N/A;N/A;N/A;N/A;N/A;N/A;N/A;N/A;N/A;N/A;N/A;N/A;N/A;N/A;N/A;N/A;N/A;N/A;N/A;N/A;N/A;N/A;N/A;N/A;N/A;N/A;N/A;N/A;N/A;;0;283.8;0;0;;Disabled;TempStop;3;740;292.3;151.1;253;0;599.9;549.9;Enabled;PosOk;3;0;0;0;0;0;15;Disabled;0;0;0;0;0;0;0;0;0;0;0;0;0;0;0;0;0;0;0;0;0;0;0;0;0;0;0;0;0;0;0;0;0;0;0;0;0;0;0;0;0;0;0;0;0;0;0;0;0;0;0;0;0;0;0;0;0;0;0;0;0;0;0;0;0;0;0;0;0;0;30;29;20;45;30;29;20;45;30;30;20;45;30;29;20;45;200;215;100;300;200;213;100;300;200;208;100;300;200;208;100;300;30;29;20;45;30;29;20;45;30;30;20;45;30;29;20;45;200;231;100;300;200;229;100;300;200;144;100;300;200;145;100;300;4;3;0.4;6;4;5;0.4;6;4;2;0.4;6;4;5;0.4;6;4;3;0.4;6;4;5;0.4;6;4;3;0.4;6;4;5;0.4;6;NOK;NOK;OK;8000;7977;7500;9000;OK;6.81;0;8;12;NOK;N/A;1.85;N/A;N/A;N/A;9;13.2;7;18;OK;;0;0;0;-;Disabled;TempOk;3;230;35.4;35.7;36.2;0;349.9;441354200 daimler 6900-7200;441354200 daimler 6900-7200;441354200 daimler 6900-7200
20260325_06:02:52;0;1;2;930;927.1;890;970;OK;930;931;890;970;OK;932.5;931.9;-20;-15.4;-50;-25;NOK;-20;-15.4;-50;-25;NOK;-18.7;-16.8;0;-20;-15.5;-50;-25;NOK;300;333;300;565;OK;0;0;N/A;N/A;N/A;N/A;N/A;N/A;N/A;N/A;N/A;N/A;N/A;N/A;N/A;N/A;N/A;N/A;N/A;N/A;N/A;N/A;N/A;N/A;N/A;N/A;N/A;N/A;N/A;N/A;N/A;N/A;N/A;N/A;N/A;N/A;N/A;N/A;N/A;N/A;N/A;N/A;N/A;N/A;N/A;N/A;N/A;N/A;N/A;N/A;N/A;N/A;N/A;N/A;N/A;N/A;N/A;N/A;N/A;N/A;N/A;N/A;N/A;N/A;N/A;N/A;N/A;N/A;N/A;N/A;N/A;N/A;N/A;N/A;N/A;N/A;N/A;N/A;N/A;N/A;N/A;N/A;N/A;N/A;N/A;N/A;N/A;N/A;N/A;N/A;N/A;N/A;N/A;N/A;N/A;N/A;N/A;N/A;N/A;N/A;;0;283;0;0;;Disabled;TempStop;3;740;293.1;145;254.8;0;599.9;549.9;Enabled;PosOk;3;0;0.5;0;0;0;15;Disabled;0;0;0;0;0;0;0;0;0;0;0;0;0;0;0;0;0;0;0;0;0;0;0;0;0;0;0;0;0;0;0;0;0;0;0;0;0;0;0;0;0;0;0;0;0;0;0;0;0;0;0;0;0;0;0;0;0;0;0;0;0;0;0;0;0;0;0;0;0;0;30;29;20;45;30;29;20;45;30;30;20;45;30;29;20;45;200;215;100;300;200;213;100;300;200;208;100;300;200;208;100;300;30;29;20;45;30;29;20;45;30;30;20;45;30;29;20;45;200;231;100;300;200;229;100;300;200;144;100;300;200;145;100;300;4;2;0.4;6;4;5;0.4;6;4;2;0.4;6;4;5;0.4;6;4;3;0.4;6;4;5;0.4;6;4;2;0.4;6;4;5;0.4;6;NOK;NOK;OK;8000;8077;7500;9000;OK;6.85;0;8;12;NOK;N/A;1.85;N/A;N/A;N/A;9;13.3;7;18;OK;;0;0;0;-;Disabled;TempOk;3;230;35.7;35.7;36.4;0;349.9;441354200 daimler 6900-7200;441354200 daimler 6900-7200;441354200 daimler 6900-7200
20260325_06:03:28;0;3;2;930;926.6;890;970;OK;930;931.4;890;970;OK;932.8;932.2;-20;-19.2;-50;-25;NOK;-20;-19.7;-50;-25;NOK;-17.9;-19;0;-20;-19.1;-50;-25;NOK;300;334;300;565;OK;0;0;N/A;N/A;N/A;N/A;N/A;N/A;N/A;N/A;N/A;N/A;N/A;N/A;N/A;N/A;N/A;N/A;N/A;N/A;N/A;N/A;N/A;N/A;N/A;N/A;N/A;N/A;N/A;N/A;N/A;N/A;N/A;N/A;N/A;N/A;N/A;N/A;N/A;N/A;N/A;N/A;N/A;N/A;N/A;N/A;N/A;N/A;N/A;N/A;N/A;N/A;N/A;N/A;N/A;N/A;N/A;N/A;N/A;N/A;N/A;N/A;N/A;N/A;N/A;N/A;N/A;N/A;N/A;N/A;N/A;N/A;N/A;N/A;N/A;N/A;N/A;N/A;N/A;N/A;N/A;N/A;N/A;N/A;N/A;N/A;N/A;N/A;N/A;N/A;N/A;N/A;N/A;N/A;N/A;N/A;N/A;N/A;N/A;N/A;;0;283.3;0;0;;Disabled;TempStop;3;740;291.9;150.3;252.6;0;599.9;549.9;Enabled;PosOk;3;0;0;0;0;0;15;Disabled;0;0;0;0;0;0;0;0;0;0;0;0;0;0;0;0;0;0;0;0;0;0;0;0;0;0;0;0;0;0;0;0;0;0;0;0;0;0;0;0;0;0;0;0;0;0;0;0;0;0;0;0;0;0;0;0;0;0;0;0;0;0;0;0;0;0;0;0;0;0;30;30;20;45;30;30;20;45;30;30;20;45;30;30;20;45;200;215;100;300;200;213;100;300;200;208;100;300;200;208;100;300;30;30;20;45;30;30;20;45;30;30;20;45;30;30;20;45;200;230;100;300;200;229;100;300;200;144;100;300;200;145;100;300;4;2;0.4;6;4;5;0.4;6;4;2;0.4;6;4;5;0.4;6;4;3;0.4;6;4;5;0.4;6;4;3;0.4;6;4;5;0.4;6;NOK;NOK;OK;8000;8081;7500;9000;OK;6.81;0;8;12;NOK;N/A;1.85;N/A;N/A;N/A;9;13.2;7;18;OK;;0;0;0;-;Disabled;TempOk;3;230;35.9;35.4;35.9;0;349.9;441354200 daimler 6900-7200;441354200 daimler 6900-7200;441354200 daimler 6900-7200
20260325_06:04:04;0;1;3;930;927.8;890;970;OK;930;930.9;890;970;OK;932.1;931.6;-20;-17.5;-50;-25;NOK;-20;-17.5;-50;-25;NOK;-19;-19;0;-20;-17.4;-50;-25;NOK;300;335;300;565;OK;0;0;N/A;N/A;N/A;N/A;N/A;N/A;N/A;N/A;N/A;N/A;N/A;N/A;N/A;N/A;N/A;N/A;N/A;N/A;N/A;N/A;N/A;N/A;N/A;N/A;N/A;N/A;N/A;N/A;N/A;N/A;N/A;N/A;N/A;N/A;N/A;N/A;N/A;N/A;N/A;N/A;N/A;N/A;N/A;N/A;N/A;N/A;N/A;N/A;N/A;N/A;N/A;N/A;N/A;N/A;N/A;N/A;N/A;N/A;N/A;N/A;N/A;N/A;N/A;N/A;N/A;N/A;N/A;N/A;N/A;N/A;N/A;N/A;N/A;N/A;N/A;N/A;N/A;N/A;N/A;N/A;N/A;N/A;N/A;N/A;N/A;N/A;N/A;N/A;N/A;N/A;N/A;N/A;N/A;N/A;N/A;N/A;N/A;N/A;;0;284.6;0;0;;Disabled;TempStop;3;740;295.7;148.1;256.7;0;599.9;549.9;Enabled;PosOk;3;0;0;0;0;0;15;Disabled;0;0;0;0;0;0;0;0;0;0;0;0;0;0;0;0;0;0;0;0;0;0;0;0;0;0;0;0;0;0;0;0;0;0;0;0;0;0;0;0;0;0;0;0;0;0;0;0;0;0;0;0;0;0;0;0;0;0;0;0;0;0;0;0;0;0;0;0;3;35;30;30;20;45;30;30;20;45;30;30;20;45;30;30;20;45;200;215;100;300;200;213;100;300;200;208;100;300;200;208;100;300;30;30;20;45;30;30;20;45;30;31;20;45;30;30;20;45;200;231;100;300;200;229;100;300;200;144;100;300;200;146;100;300;4;2;0.4;6;4;5;0.4;6;4;2;0.4;6;4;5;0.4;6;4;3;0.4;6;4;5;0.4;6;4;2;0.4;6;4;5;0.4;6;NOK;NOK;OK;8000;8057;7500;9000;OK;6.81;0;8;12;NOK;N/A;1.85;N/A;N/A;N/A;9;13.3;7;18;OK;;0;0;0;-;Disabled;TempOk;3;230;35.9;35.4;36.4;0;349.9;441354200 daimler 6900-7200;441354200 daimler 6900-7200;441354200 daimler 6900-7200
20260325_06:04:40;0;3;3;930;926.9;890;970;OK;930;931;890;970;OK;932.4;931.8;-20;-18.3;-50;-25;NOK;-20;-18.7;-50;-25;NOK;-16.2;-17.2;0;-20;-18.2;-50;-25;NOK;300;337;300;565;OK;0;0;N/A;N/A;N/A;N/A;N/A;N/A;N/A;N/A;N/A;N/A;N/A;N/A;N/A;N/A;N/A;N/A;N/A;N/A;N/A;N/A;N/A;N/A;N/A;N/A;N/A;N/A;N/A;N/A;N/A;N/A;N/A;N/A;N/A;N/A;N/A;N/A;N/A;N/A;N/A;N/A;N/A;N/A;N/A;N/A;N/A;N/A;N/A;N/A;N/A;N/A;N/A;N/A;N/A;N/A;N/A;N/A;N/A;N/A;N/A;N/A;N/A;N/A;N/A;N/A;N/A;N/A;N/A;N/A;N/A;N/A;N/A;N/A;N/A;N/A;N/A;N/A;N/A;N/A;N/A;N/A;N/A;N/A;N/A;N/A;N/A;N/A;N/A;N/A;N/A;N/A;N/A;N/A;N/A;N/A;N/A;N/A;N/A;N/A;;0;284;0;0;;Disabled;TempStop;3;740;293.1;148.9;254.5;0;599.9;549.9;Enabled;PosOk;3;0;0.5;0;0;0;15;Disabled;0;0;0;0;0;0;0;0;0;0;0;0;0;0;0;0;0;0;0;0;0;0;0;0;0;0;0;0;0;0;0;0;0;0;0;0;0;0;0;0;0;0;0;0;0;0;0;0;0;0;0;0;0;0;0;0;0;0;0;0;0;0;0;0;0;0;0;0;0;0;30;30;20;45;30;30;20;45;30;30;20;45;30;30;20;45;200;215;100;300;200;213;100;300;200;208;100;300;200;209;100;300;30;30;20;45;30;30;20;45;30;31;20;45;30;30;20;45;200;232;100;300;200;230;100;300;200;144;100;300;200;145;100;300;4;2;0.4;6;4;5;0.4;6;4;2;0.4;6;4;5;0.4;6;4;3;0.4;6;4;5;0.4;6;4;2;0.4;6;4;5;0.4;6;NOK;NOK;OK;8000;8080;7500;9000;OK;6.81;0;8;12;NOK;N/A;1.85;N/A;N/A;N/A;9;13.3;7;18;OK;;0;0;0;-;Disabled;TempOk;3;230;36.2;36.2;36.4;0;349.9;441354200 daimler 6900-7200;441354200 daimler 6900-7200;441354200 daimler 6900-7200
20260325_06:05:16;0;1;4;930;919.3;890;970;OK;930;931.4;890;970;OK;932.1;931.7;-20;-14.7;-50;-25;NOK;-20;-15.5;-50;-25;NOK;-18;-17.7;0;-20;-14.7;-50;-25;NOK;300;311;300;565;OK;0;0;N/A;N/A;N/A;N/A;N/A;N/A;N/A;N/A;N/A;N/A;N/A;N/A;N/A;N/A;N/A;N/A;N/A;N/A;N/A;N/A;N/A;N/A;N/A;N/A;N/A;N/A;N/A;N/A;N/A;N/A;N/A;N/A;N/A;N/A;N/A;N/A;N/A;N/A;N/A;N/A;N/A;N/A;N/A;N/A;N/A;N/A;N/A;N/A;N/A;N/A;N/A;N/A;N/A;N/A;N/A;N/A;N/A;N/A;N/A;N/A;N/A;N/A;N/A;N/A;N/A;N/A;N/A;N/A;N/A;N/A;N/A;N/A;N/A;N/A;N/A;N/A;N/A;N/A;N/A;N/A;N/A;N/A;N/A;N/A;N/A;N/A;N/A;N/A;N/A;N/A;N/A;N/A;N/A;N/A;N/A;N/A;N/A;N/A;;0;283.8;0;0;;Disabled;TempStop;3;740;292.7;147.2;253.4;0;599.9;549.9;Enabled;PosOk;3;0;0;0;0;0;15;Disabled;0;0;0;0;0;0;0;0;0;0;0;0;0;0;0;0;0;0;0;0;0;0;0;0;0;0;0;0;0;0;0;0;0;0;0;0;0;0;0;0;0;0;0;0;0;0;0;0;0;0;0;0;0;0;0;0;0;0;0;0;0;0;0;0;0;0;0;0;4;47;30;30;20;45;30;30;20;45;30;31;20;45;30;30;20;45;200;215;100;300;200;213;100;300;200;208;100;300;200;208;100;300;30;30;20;45;30;30;20;45;30;31;20;45;30;30;20;45;200;231;100;300;200;229;100;300;200;144;100;300;200;146;100;300;4;3;0.4;6;4;5;0.4;6;4;2;0.4;6;4;5;0.4;6;4;3;0.4;6;4;5;0.4;6;4;3;0.4;6;4;5;0.4;6;NOK;NOK;OK;8000;8066;7500;9000;OK;6.81;0;8;12;NOK;N/A;1.85;N/A;N/A;N/A;9;13.4;7;18;OK;;0;0;0;-;Disabled;TempOk;3;230;36.9;35.9;36.7;0;349.9;441354200 daimler 6900-7200;441354200 daimler 6900-7200;441354200 daimler 6900-7200
20260325_06:05:52;0;1;1;930;918.8;890;970;OK;930;931.5;890;970;OK;932.5;932;-20;-19.6;-50;-25;NOK;-20;-18.6;-50;-25;NOK;-18.5;-18.3;0;-20;-19.6;-50;-25;NOK;300;311;300;565;OK;0;0;N/A;N/A;N/A;N/A;N/A;N/A;N/A;N/A;N/A;N/A;N/A;N/A;N/A;N/A;N/A;N/A;N/A;N/A;N/A;N/A;N/A;N/A;N/A;N/A;N/A;N/A;N/A;N/A;N/A;N/A;N/A;N/A;N/A;N/A;N/A;N/A;N/A;N/A;N/A;N/A;N/A;N/A;N/A;N/A;N/A;N/A;N/A;N/A;N/A;N/A;N/A;N/A;N/A;N/A;N/A;N/A;N/A;N/A;N/A;N/A;N/A;N/A;N/A;N/A;N/A;N/A;N/A;N/A;N/A;N/A;N/A;N/A;N/A;N/A;N/A;N/A;N/A;N/A;N/A;N/A;N/A;N/A;N/A;N/A;N/A;N/A;N/A;N/A;N/A;N/A;N/A;N/A;N/A;N/A;N/A;N/A;N/A;N/A;;0;286.1;0;0;;Disabled;TempStop;3;740;296;154;251.7;0;599.9;549.9;Enabled;PosOk;3;0;0;0;0;0;15;Disabled;0;0;0;0;0;0;0;0;0;0;0;0;0;0;0;0;0;0;0;0;0;0;0;0;0;0;0;0;0;0;0;0;0;0;0;0;0;0;0;0;0;0;0;0;0;0;0;0;0;0;0;0;0;0;0;0;0;0;0;0;0;0;0;0;0;0;0;0;0;0;30;30;20;45;30;30;20;45;30;31;20;45;30;30;20;45;200;215;100;300;200;213;100;300;200;207;100;300;200;208;100;300;30;30;20;45;30;30;20;45;30;31;20;45;30;30;20;45;200;231;100;300;200;230;100;300;200;144;100;300;200;145;100;300;4;3;0.4;6;4;5;0.4;6;4;2;0.4;6;4;5;0.4;6;4;3;0.4;6;4;5;0.4;6;4;2;0.4;6;4;5;0.4;6;NOK;NOK;OK;8000;8085;7500;9000;OK;6.82;0;8;12;NOK;N/A;1.85;N/A;N/A;N/A;9;13.5;7;18;OK;;0;0;0;-;Disabled;TempOk;3;230;36.2;35.9;35.9;0;349.9;441354200 daimler 6900-7200;441354200 daimler 6900-7200;441354200 daimler 6900-7200
20260325_06:07:04;18210;3;5;930;920.3;890;970;OK;930;930.8;890;970;OK;931.6;931;-20;-19.7;-50;-25;NOK;-20;-16.6;-50;-25;NOK;-20.4;-18.3;0;-20;-19.7;-50;-25;NOK;300;311;300;565;OK;0;0;N/A;N/A;N/A;N/A;N/A;N/A;N/A;N/A;N/A;N/A;N/A;N/A;N/A;N/A;N/A;N/A;N/A;N/A;N/A;N/A;N/A;N/A;N/A;N/A;N/A;N/A;N/A;N/A;N/A;N/A;N/A;N/A;N/A;N/A;N/A;N/A;N/A;N/A;N/A;N/A;N/A;N/A;N/A;N/A;N/A;N/A;N/A;N/A;N/A;N/A;N/A;N/A;N/A;N/A;N/A;N/A;N/A;N/A;N/A;N/A;N/A;N/A;N/A;N/A;N/A;N/A;N/A;N/A;N/A;N/A;N/A;N/A;N/A;N/A;N/A;N/A;N/A;N/A;N/A;N/A;N/A;N/A;N/A;N/A;N/A;N/A;N/A;N/A;N/A;N/A;N/A;N/A;N/A;N/A;N/A;N/A;N/A;N/A;;0;281.8;0;0;;Disabled;TempStop;3;740;290.7;145.2;255.6;0;599.9;549.9;Enabled;PosOk;3;0;0.3;0;0;0;15;Disabled;0;0;0;0;0;0;0;0;0;0;0;0;0;0;0;0;0;0;0;0;0;0;0;0;0;0;0;0;0;0;0;0;0;0;0;0;0;0;0;0;0;0;0;0;0;0;0;0;0;0;0;0;0;0;0;0;0;0;0;0;0;0;0;0;0;0;0;0;0;0;30;30;20;45;30;30;20;45;30;30;20;45;30;30;20;45;200;215;100;300;200;214;100;300;200;207;100;300;200;208;100;300;30;30;20;45;30;30;20;45;30;30;20;45;30;30;20;45;200;231;100;300;200;230;100;300;200;145;100;300;200;146;100;300;4;3;0.4;6;4;5;0.4;6;4;2;0.4;6;4;5;0.4;6;4;3;0.4;6;4;5;0.4;6;4;2;0.4;6;4;5;0.4;6;NOK;NOK;OK;8000;8067;7500;9000;OK;6.81;0;8;12;NOK;N/A;1.85;N/A;N/A;N/A;9;13.1;7;18;OK;;0;0;0;-;Disabled;TempOk;3;230;35.9;35.9;36.4;0;349.9;441354200 daimler 6900-7200;441354200 daimler 6900-7200;441354200 daimler 6900-7200
20260325_06:07:40;0;3;1;930;919;890;970;OK;930;931.7;890;970;OK;933.8;932.8;-20;-19.7;-50;-25;NOK;-20;-17.9;-50;-25;NOK;-15.3;-16.5;0;-20;-19.8;-50;-25;NOK;300;311;300;565;OK;0;0;N/A;N/A;N/A;N/A;N/A;N/A;N/A;N/A;N/A;N/A;N/A;N/A;N/A;N/A;N/A;N/A;N/A;N/A;N/A;N/A;N/A;N/A;N/A;N/A;N/A;N/A;N/A;N/A;N/A;N/A;N/A;N/A;N/A;N/A;N/A;N/A;N/A;N/A;N/A;N/A;N/A;N/A;N/A;N/A;N/A;N/A;N/A;N/A;N/A;N/A;N/A;N/A;N/A;N/A;N/A;N/A;N/A;N/A;N/A;N/A;N/A;N/A;N/A;N/A;N/A;N/A;N/A;N/A;N/A;N/A;N/A;N/A;N/A;N/A;N/A;N/A;N/A;N/A;N/A;N/A;N/A;N/A;N/A;N/A;N/A;N/A;N/A;N/A;N/A;N/A;N/A;N/A;N/A;N/A;N/A;N/A;N/A;N/A;;0;283.8;0;0;;Disabled;TempStop;3;740;292.2;151;253.8;0;599.9;549.9;Enabled;PosOk;3;0;0.5;0;0;0;15;Disabled;0;0;0;0;0;0;0;0;0;0;0;0;0;0;0;0;0;0;0;0;0;0;0;0;0;0;0;0;0;0;0;0;0;0;0;0;0;0;0;0;0;0;0;0;0;0;0;0;0;0;0;0;0;0;0;0;0;0;0;0;0;0;0;0;0;0;0;0;0;0;30;30;20;45;30;30;20;45;30;31;20;45;30;30;20;45;200;215;100;300;200;213;100;300;200;208;100;300;200;208;100;300;30;30;20;45;30;30;20;45;30;31;20;45;30;30;20;45;200;231;100;300;200;229;100;300;200;144;100;300;200;145;100;300;4;2;0.4;6;4;5;0.4;6;4;2;0.4;6;4;5;0.4;6;4;3;0.4;6;4;5;0.4;6;4;3;0.4;6;4;5;0.4;6;NOK;NOK;OK;8000;8064;7500;9000;OK;6.82;0;8;12;NOK;N/A;1.85;N/A;N/A;N/A;9;13;7;18;OK;;0;0;0;-;Disabled;TempOk;3;230;36.7;37.9;36.9;0;349.9;441354200 daimler 6900-7200;441354200 daimler 6900-7200;441354200 daimler 6900-7200
20260325_06:08:16;0;1;2;930;919.4;890;970;OK;930;931.5;890;970;OK;932.7;931.8;-20;-15.6;-50;-25;NOK;-20;-14.7;-50;-25;NOK;-16.6;-15;0;-20;-15.6;-50;-25;NOK;300;311;300;565;OK;0;0;N/A;N/A;N/A;N/A;N/A;N/A;N/A;N/A;N/A;N/A;N/A;N/A;N/A;N/A;N/A;N/A;N/A;N/A;N/A;N/A;N/A;N/A;N/A;N/A;N/A;N/A;N/A;N/A;N/A;N/A;N/A;N/A;N/A;N/A;N/A;N/A;N/A;N/A;N/A;N/A;N/A;N/A;N/A;N/A;N/A;N/A;N/A;N/A;N/A;N/A;N/A;N/A;N/A;N/A;N/A;N/A;N/A;N/A;N/A;N/A;N/A;N/A;N/A;N/A;N/A;N/A;N/A;N/A;N/A;N/A;N/A;N/A;N/A;N/A;N/A;N/A;N/A;N/A;N/A;N/A;N/A;N/A;N/A;N/A;N/A;N/A;N/A;N/A;N/A;N/A;N/A;N/A;N/A;N/A;N/A;N/A;N/A;N/A;;0;283.7;0;0;;Disabled;TempStop;3;740;293.7;147.1;255.4;0;599.9;549.9;Enabled;PosOk;3;0;0.8;0;0;0;15;Disabled;0;0;0;0;0;0;0;0;0;0;0;0;0;0;0;0;0;0;0;0;0;0;0;0;0;0;0;0;0;0;0;0;0;0;0;0;0;0;0;0;0;0;0;0;0;0;0;0;0;0;0;0;0;0;0;0;0;0;0;0;0;0;0;0;0;0;0;0;0;0;30;30;20;45;30;29;20;45;30;30;20;45;30;29;20;45;200;215;100;300;200;213;100;300;200;208;100;300;200;208;100;300;30;29;20;45;30;29;20;45;30;30;20;45;30;29;20;45;200;231;100;300;200;229;100;300;200;145;100;300;200;145;100;300;4;3;0.4;6;4;5;0.4;6;4;2;0.4;6;4;5;0.4;6;4;3;0.4;6;4;5;0.4;6;4;3;0.4;6;4;5;0.4;6;NOK;NOK;OK;8000;8068;7500;9000;OK;6.81;0;8;12;NOK;N/A;1.85;N/A;N/A;N/A;9;13;7;18;OK;;0;0;0;-;Disabled;TempOk;3;230;35.9;35.9;36.4;0;349.9;441354200 daimler 6900-7200;441354200 daimler 6900-7200;441354200 daimler 6900-7200
20260325_06:08:52;0;3;2;930;919.1;890;970;OK;930;931.5;890;970;OK;932.8;932.3;-20;-19.2;-50;-25;NOK;-20;-18.4;-50;-25;NOK;-17.1;-18.2;0;-20;-18.9;-50;-25;NOK;300;311;300;565;OK;0;0;N/A;N/A;N/A;N/A;N/A;N/A;N/A;N/A;N/A;N/A;N/A;N/A;N/A;N/A;N/A;N/A;N/A;N/A;N/A;N/A;N/A;N/A;N/A;N/A;N/A;N/A;N/A;N/A;N/A;N/A;N/A;N/A;N/A;N/A;N/A;N/A;N/A;N/A;N/A;N/A;N/A;N/A;N/A;N/A;N/A;N/A;N/A;N/A;N/A;N/A;N/A;N/A;N/A;N/A;N/A;N/A;N/A;N/A;N/A;N/A;N/A;N/A;N/A;N/A;N/A;N/A;N/A;N/A;N/A;N/A;N/A;N/A;N/A;N/A;N/A;N/A;N/A;N/A;N/A;N/A;N/A;N/A;N/A;N/A;N/A;N/A;N/A;N/A;N/A;N/A;N/A;N/A;N/A;N/A;N/A;N/A;N/A;N/A;;0;283.7;0;0;;Disabled;TempStop;3;740;291.8;151.1;253.8;0;599.9;549.9;Enabled;PosOk;3;0;0;0;0;0;15;Disabled;0;0;0;0;0;0;0;0;0;0;0;0;0;0;0;0;0;0;0;0;0;0;0;0;0;0;0;0;0;0;0;0;0;0;0;0;0;0;0;0;0;0;0;0;0;0;0;0;0;0;0;0;0;0;0;0;0;0;0;0;0;0;0;0;0;0;0;0;0;0;30;29;20;45;30;29;20;45;30;30;20;45;30;29;20;45;200;215;100;300;200;213;100;300;200;207;100;300;200;208;100;300;30;29;20;45;30;29;20;45;30;30;20;45;30;29;20;45;200;231;100;300;200;229;100;300;200;144;100;300;200;145;100;300;4;2;0.4;6;4;5;0.4;6;4;2;0.4;6;4;5;0.4;6;4;3;0.4;6;4;5;0.4;6;4;3;0.4;6;4;5;0.4;6;NOK;NOK;OK;8000;8059;7500;9000;OK;6.81;0;8;12;NOK;N/A;1.85;N/A;N/A;N/A;9;13;7;18;OK;;0;0;0;-;Disabled;TempOk;3;230;36.4;36.2;36.2;0;349.9;441354200 daimler 6900-7200;441354200 daimler 6900-7200;441354200 daimler 6900-7200
20260325_06:09:28;0;1;3;930;919.3;890;970;OK;930;931.1;890;970;OK;932.4;931.7;-20;-17;-50;-25;NOK;-20;-16.8;-50;-25;NOK;-17.9;-18.1;0;-20;-16.9;-50;-25;NOK;300;311;300;565;OK;0;0;N/A;N/A;N/A;N/A;N/A;N/A;N/A;N/A;N/A;N/A;N/A;N/A;N/A;N/A;N/A;N/A;N/A;N/A;N/A;N/A;N/A;N/A;N/A;N/A;N/A;N/A;N/A;N/A;N/A;N/A;N/A;N/A;N/A;N/A;N/A;N/A;N/A;N/A;N/A;N/A;N/A;N/A;N/A;N/A;N/A;N/A;N/A;N/A;N/A;N/A;N/A;N/A;N/A;N/A;N/A;N/A;N/A;N/A;N/A;N/A;N/A;N/A;N/A;N/A;N/A;N/A;N/A;N/A;N/A;N/A;N/A;N/A;N/A;N/A;N/A;N/A;N/A;N/A;N/A;N/A;N/A;N/A;N/A;N/A;N/A;N/A;N/A;N/A;N/A;N/A;N/A;N/A;N/A;N/A;N/A;N/A;N/A;N/A;;0;283;0;0;;Disabled;TempStop;3;740;293.3;147;254.1;0;599.9;549.9;Enabled;PosOk;3;0;0.3;0;0;0;15;Disabled;0;0;0;0;0;0;0;0;0;0;0;0;0;0;0;0;0;0;0;0;0;0;0;0;0;0;0;0;0;0;0;0;0;0;0;0;0;0;0;0;0;0;0;0;0;0;0;0;0;0;0;0;0;0;0;0;0;0;0;0;0;0;0;0;0;0;0;0;8;59;30;29;20;45;30;29;20;45;30;30;20;45;30;29;20;45;200;215;100;300;200;213;100;300;200;208;100;300;200;208;100;300;30;29;20;45;30;29;20;45;30;30;20;45;30;29;20;45;200;231;100;300;200;229;100;300;200;144;100;300;200;144;100;300;4;3;0.4;6;4;5;0.4;6;4;2;0.4;6;4;5;0.4;6;4;3;0.4;6;4;5;0.4;6;4;3;0.4;6;4;5;0.4;6;NOK;NOK;OK;8000;8091;7500;9000;OK;6.82;0;8;12;NOK;N/A;1.85;N/A;N/A;N/A;9;13;7;18;OK;;0;0;0;-;Disabled;TempOk;3;230;36.4;35.7;36.2;0;349.9;441354200 daimler 6900-7200;441354200 daimler 6900-7200;441354200 daimler 6900-7200
20260325_06:10:03;0;3;3;930;918;890;970;OK;930;931.6;890;970;OK;932.6;932;-20;-18.6;-50;-25;NOK;-20;-17.3;-50;-25;NOK;-15.5;-16.5;0;-20;-18.5;-50;-25;NOK;300;311;300;565;OK;0;0;N/A;N/A;N/A;N/A;N/A;N/A;N/A;N/A;N/A;N/A;N/A;N/A;N/A;N/A;N/A;N/A;N/A;N/A;N/A;N/A;N/A;N/A;N/A;N/A;N/A;N/A;N/A;N/A;N/A;N/A;N/A;N/A;N/A;N/A;N/A;N/A;N/A;N/A;N/A;N/A;N/A;N/A;N/A;N/A;N/A;N/A;N/A;N/A;N/A;N/A;N/A;N/A;N/A;N/A;N/A;N/A;N/A;N/A;N/A;N/A;N/A;N/A;N/A;N/A;N/A;N/A;N/A;N/A;N/A;N/A;N/A;N/A;N/A;N/A;N/A;N/A;N/A;N/A;N/A;N/A;N/A;N/A;N/A;N/A;N/A;N/A;N/A;N/A;N/A;N/A;N/A;N/A;N/A;N/A;N/A;N/A;N/A;N/A;;0;284.8;0;0;;Disabled;TempStop;3;740;293;152.3;254;0;599.9;549.9;Enabled;PosOk;3;0;0.7;0;0;0;15;Disabled;0;0;0;0;0;0;0;0;0;0;0;0;0;0;0;0;0;0;0;0;0;0;0;0;0;0;0;0;0;0;0;0;0;0;0;0;0;0;0;0;0;0;0;0;0;0;0;0;0;0;0;0;0;0;0;0;0;0;0;0;0;0;0;0;0;0;0;0;0;0;30;30;20;45;30;30;20;45;30;30;20;45;30;30;20;45;200;216;100;300;200;214;100;300;200;208;100;300;200;208;100;300;30;30;20;45;30;30;20;45;30;30;20;45;30;30;20;45;200;231;100;300;200;229;100;300;200;145;100;300;200;145;100;300;4;2;0.4;6;4;5;0.4;6;4;2;0.4;6;4;5;0.4;6;4;3;0.4;6;4;5;0.4;6;4;2;0.4;6;4;5;0.4;6;NOK;NOK;OK;8000;8073;7500;9000;OK;6.82;0;8;12;NOK;N/A;1.85;N/A;N/A;N/A;9;12.9;7;18;OK;;0;0;0;-;Disabled;TempOk;3;230;36.2;35.7;36.2;0;349.9;441354200 daimler 6900-7200;441354200 daimler 6900-7200;441354200 daimler 6900-7200
20260325_06:10:39;0;3;4;930;927.2;890;970;OK;930;930.9;890;970;OK;932.1;931.6;-20;-20.3;-50;-25;NOK;-20;-19.9;-50;-25;NOK;-19.1;-20;0;-20;-20.3;-50;-25;NOK;300;332;300;565;OK;0;0;N/A;N/A;N/A;N/A;N/A;N/A;N/A;N/A;N/A;N/A;N/A;N/A;N/A;N/A;N/A;N/A;N/A;N/A;N/A;N/A;N/A;N/A;N/A;N/A;N/A;N/A;N/A;N/A;N/A;N/A;N/A;N/A;N/A;N/A;N/A;N/A;N/A;N/A;N/A;N/A;N/A;N/A;N/A;N/A;N/A;N/A;N/A;N/A;N/A;N/A;N/A;N/A;N/A;N/A;N/A;N/A;N/A;N/A;N/A;N/A;N/A;N/A;N/A;N/A;N/A;N/A;N/A;N/A;N/A;N/A;N/A;N/A;N/A;N/A;N/A;N/A;N/A;N/A;N/A;N/A;N/A;N/A;N/A;N/A;N/A;N/A;N/A;N/A;N/A;N/A;N/A;N/A;N/A;N/A;N/A;N/A;N/A;N/A;;0;282.5;0;0;;Disabled;TempStop;3;740;293.3;151.8;254.1;0;599.9;549.9;Enabled;PosOk;3;0;0;0;0;0;15;Disabled;0;0;0;0;0;0;0;0;0;0;0;0;0;0;0;0;0;0;0;0;0;0;0;0;0;0;0;0;0;0;0;0;0;0;0;0;0;0;0;0;0;0;0;0;0;0;0;0;0;0;0;0;0;0;0;0;0;0;0;0;0;0;0;0;0;0;0;0;0;0;30;30;20;45;30;30;20;45;30;30;20;45;30;30;20;45;200;216;100;300;200;213;100;300;200;209;100;300;200;207;100;300;30;30;20;45;30;30;20;45;30;31;20;45;30;30;20;45;200;231;100;300;200;229;100;300;200;145;100;300;200;145;100;300;4;2;0.4;6;4;5;0.4;6;4;2;0.4;6;4;5;0.4;6;4;3;0.4;6;4;5;0.4;6;4;3;0.4;6;4;5;0.4;6;NOK;NOK;OK;8000;8086;7500;9000;OK;6.82;0;8;12;NOK;N/A;1.85;N/A;N/A;N/A;9;12.8;7;18;OK;;0;0;0;-;Disabled;TempOk;3;230;36.7;35.7;36.2;0;349.9;441354200 daimler 6900-7200;441354200 daimler 6900-7200;441354200 daimler 6900-7200
20260325_06:11:15;0;1;4;930;919.4;890;970;OK;930;931.1;890;970;OK;932.1;931.6;-20;-15;-50;-25;NOK;-20;-13.8;-50;-25;NOK;-17.1;-16.9;0;-20;-14.9;-50;-25;NOK;300;347;300;565;OK;0;0;N/A;N/A;N/A;N/A;N/A;N/A;N/A;N/A;N/A;N/A;N/A;N/A;N/A;N/A;N/A;N/A;N/A;N/A;N/A;N/A;N/A;N/A;N/A;N/A;N/A;N/A;N/A;N/A;N/A;N/A;N/A;N/A;N/A;N/A;N/A;N/A;N/A;N/A;N/A;N/A;N/A;N/A;N/A;N/A;N/A;N/A;N/A;N/A;N/A;N/A;N/A;N/A;N/A;N/A;N/A;N/A;N/A;N/A;N/A;N/A;N/A;N/A;N/A;N/A;N/A;N/A;N/A;N/A;N/A;N/A;N/A;N/A;N/A;N/A;N/A;N/A;N/A;N/A;N/A;N/A;N/A;N/A;N/A;N/A;N/A;N/A;N/A;N/A;N/A;N/A;N/A;N/A;N/A;N/A;N/A;N/A;N/A;N/A;;0;283.8;0;0;;Disabled;TempStop;3;740;292.8;147.4;254.7;0;599.9;549.9;Enabled;PosOk;3;0;0;0;0;0;15;Disabled;0;0;0;0;0;0;0;0;0;0;0;0;0;0;0;0;0;0;0;0;0;0;0;0;0;0;0;0;0;0;0;0;0;0;0;0;0;0;0;0;0;0;0;0;0;0;0;0;0;0;0;0;0;0;0;0;0;0;0;0;0;0;0;0;0;0;0;0;10;47;30;30;20;45;30;30;20;45;30;30;20;45;30;30;20;45;200;216;100;300;200;213;100;300;200;208;100;300;200;209;100;300;30;30;20;45;30;30;20;45;30;31;20;45;30;30;20;45;200;232;100;300;200;230;100;300;200;145;100;300;200;145;100;300;4;2;0.4;6;4;5;0.4;6;4;2;0.4;6;4;5;0.4;6;4;2;0.4;6;4;5;0.4;6;4;2;0.4;6;4;5;0.4;6;NOK;NOK;OK;8000;8079;7500;9000;OK;6.82;0;8;12;NOK;N/A;1.85;N/A;N/A;N/A;9;12.6;7;18;OK;;0;0;0;-;Disabled;TempOk;3;230;36.2;36.2;36.9;0;349.9;441354200 daimler 6900-7200;441354200 daimler 6900-7200;441354200 daimler 6900-7200
20260325_06:11:51;0;1;1;930;919.2;890;970;OK;930;930.9;890;970;OK;932.6;931.8;-20;-18.7;-50;-25;NOK;-20;-18.4;-50;-25;NOK;-17.8;-17.7;0;-20;-18.7;-50;-25;NOK;300;347;300;565;OK;0;0;N/A;N/A;N/A;N/A;N/A;N/A;N/A;N/A;N/A;N/A;N/A;N/A;N/A;N/A;N/A;N/A;N/A;N/A;N/A;N/A;N/A;N/A;N/A;N/A;N/A;N/A;N/A;N/A;N/A;N/A;N/A;N/A;N/A;N/A;N/A;N/A;N/A;N/A;N/A;N/A;N/A;N/A;N/A;N/A;N/A;N/A;N/A;N/A;N/A;N/A;N/A;N/A;N/A;N/A;N/A;N/A;N/A;N/A;N/A;N/A;N/A;N/A;N/A;N/A;N/A;N/A;N/A;N/A;N/A;N/A;N/A;N/A;N/A;N/A;N/A;N/A;N/A;N/A;N/A;N/A;N/A;N/A;N/A;N/A;N/A;N/A;N/A;N/A;N/A;N/A;N/A;N/A;N/A;N/A;N/A;N/A;N/A;N/A;;0;286.3;0;0;;Disabled;TempStop;3;740;295.1;152.6;256.9;0;599.9;549.9;Enabled;PosOk;3;0;0;0;0;0;15;Disabled;0;0;0;0;0;0;0;0;0;0;0;0;0;0;0;0;0;0;0;0;0;0;0;0;0;0;0;0;0;0;0;0;0;0;0;0;0;0;0;0;0;0;0;0;0;0;0;0;0;0;0;0;0;0;0;0;0;0;0;0;0;0;0;0;0;0;0;0;0;0;30;30;20;45;30;30;20;45;30;31;20;45;30;30;20;45;200;216;100;300;200;213;100;300;200;208;100;300;200;208;100;300;30;30;20;45;30;30;20;45;30;31;20;45;30;30;20;45;200;231;100;300;200;230;100;300;200;145;100;300;200;145;100;300;4;2;0.4;6;4;5;0.4;6;4;2;0.4;6;4;5;0.4;6;4;3;0.4;6;4;5;0.4;6;4;2;0.4;6;4;5;0.4;6;NOK;NOK;OK;8000;8063;7500;9000;OK;6.81;0;8;12;NOK;N/A;1.85;N/A;N/A;N/A;9;12.7;7;18;OK;;0;0;0;-;Disabled;TempOk;3;230;36.7;37.2;36.7;0;349.9;441354200 daimler 6900-7200;441354200 daimler 6900-7200;441354200 daimler 6900-7200
20260325_06:12:27;0;3;5;930;920.5;890;970;OK;930;930.6;890;970;OK;931.6;931;-20;-16.6;-50;-25;NOK;-20;-16.1;-50;-25;NOK;-20.5;-19.3;0;-20;-16.6;-50;-25;NOK;300;311;300;565;OK;0;0;N/A;N/A;N/A;N/A;N/A;N/A;N/A;N/A;N/A;N/A;N/A;N/A;N/A;N/A;N/A;N/A;N/A;N/A;N/A;N/A;N/A;N/A;N/A;N/A;N/A;N/A;N/A;N/A;N/A;N/A;N/A;N/A;N/A;N/A;N/A;N/A;N/A;N/A;N/A;N/A;N/A;N/A;N/A;N/A;N/A;N/A;N/A;N/A;N/A;N/A;N/A;N/A;N/A;N/A;N/A;N/A;N/A;N/A;N/A;N/A;N/A;N/A;N/A;N/A;N/A;N/A;N/A;N/A;N/A;N/A;N/A;N/A;N/A;N/A;N/A;N/A;N/A;N/A;N/A;N/A;N/A;N/A;N/A;N/A;N/A;N/A;N/A;N/A;N/A;N/A;N/A;N/A;N/A;N/A;N/A;N/A;N/A;N/A;;0;281;0;0;;Disabled;TempStop;3;740;289.6;144.1;253.3;0;599.9;549.9;Enabled;PosOk;3;0;0.7;0;0;0;15;Disabled;0;0;0;0;0;0;0;0;0;0;0;0;0;0;0;0;0;0;0;0;0;0;0;0;0;0;0;0;0;0;0;0;0;0;0;0;0;0;0;0;0;0;0;0;0;0;0;0;0;0;0;0;0;0;0;0;0;0;0;0;0;0;0;0;0;0;0;0;0;0;30;30;20;45;30;30;20;45;30;30;20;45;30;30;20;45;200;216;100;300;200;213;100;300;200;208;100;300;200;208;100;300;30;30;20;45;30;30;20;45;30;31;20;45;30;30;20;45;200;231;100;300;200;230;100;300;200;145;100;300;200;145;100;300;4;2;0.4;6;4;5;0.4;6;4;2;0.4;6;4;5;0.4;6;4;3;0.4;6;4;5;0.4;6;4;2;0.4;6;4;5;0.4;6;NOK;NOK;OK;8000;8085;7500;9000;OK;6.82;0;8;12;NOK;N/A;1.85;N/A;N/A;N/A;9;13.2;7;18;OK;;0;0;0;-;Disabled;TempOk;3;230;36.2;36.7;36.7;0;349.9;441354200 daimler 6900-7200;441354200 daimler 6900-7200;441354200 daimler 6900-7200
20260325_06:13:03;0;3;1;930;919.1;890;970;OK;930;931.6;890;970;OK;933.6;932.8;-20;-18.3;-50;-25;NOK;-20;-17.3;-50;-25;NOK;-14.7;-15.8;0;-20;-18.4;-50;-25;NOK;300;311;300;565;OK;0;0;N/A;N/A;N/A;N/A;N/A;N/A;N/A;N/A;N/A;N/A;N/A;N/A;N/A;N/A;N/A;N/A;N/A;N/A;N/A;N/A;N/A;N/A;N/A;N/A;N/A;N/A;N/A;N/A;N/A;N/A;N/A;N/A;N/A;N/A;N/A;N/A;N/A;N/A;N/A;N/A;N/A;N/A;N/A;N/A;N/A;N/A;N/A;N/A;N/A;N/A;N/A;N/A;N/A;N/A;N/A;N/A;N/A;N/A;N/A;N/A;N/A;N/A;N/A;N/A;N/A;N/A;N/A;N/A;N/A;N/A;N/A;N/A;N/A;N/A;N/A;N/A;N/A;N/A;N/A;N/A;N/A;N/A;N/A;N/A;N/A;N/A;N/A;N/A;N/A;N/A;N/A;N/A;N/A;N/A;N/A;N/A;N/A;N/A;;0;282.9;0;0;;Disabled;TempStop;3;740;291.9;148.9;250.9;0;599.9;549.9;Enabled;PosOk;3;0;0;0;0;0;15;Disabled;0;0;0;0;0;0;0;0;0;0;0;0;0;0;0;0;0;0;0;0;0;0;0;0;0;0;0;0;0;0;0;0;0;0;0;0;0;0;0;0;0;0;0;0;0;0;0;0;0;0;0;0;0;0;0;0;0;0;0;0;0;0;0;0;0;0;0;0;0;0;30;30;20;45;30;30;20;45;30;31;20;45;30;30;20;45;200;216;100;300;200;213;100;300;200;208;100;300;200;208;100;300;30;30;20;45;30;30;20;45;30;31;20;45;30;30;20;45;200;231;100;300;200;230;100;300;200;145;100;300;200;145;100;300;4;2;0.4;6;4;5;0.4;6;4;3;0.4;6;4;5;0.4;6;4;3;0.4;6;4;5;0.4;6;4;3;0.4;6;4;5;0.4;6;NOK;NOK;OK;8000;8069;7500;9000;OK;6.81;0;8;12;NOK;N/A;1.89;N/A;N/A;N/A;9;12.7;7;18;OK;;0;0;0;-;Disabled;TempOk;3;230;36.4;35.7;35.9;0;349.9;441354200 daimler 6900-7200;441354200 daimler 6900-7200;441354200 daimler 6900-7200
20260325_06:13:39;0;1;2;930;918.9;890;970;OK;930;931.3;890;970;OK;932.7;932;-20;-14.8;-50;-25;NOK;-20;-14.7;-50;-25;NOK;-17.6;-16.7;0;-20;-14.8;-50;-25;NOK;300;311;300;565;OK;0;0;N/A;N/A;N/A;N/A;N/A;N/A;N/A;N/A;N/A;N/A;N/A;N/A;N/A;N/A;N/A;N/A;N/A;N/A;N/A;N/A;N/A;N/A;N/A;N/A;N/A;N/A;N/A;N/A;N/A;N/A;N/A;N/A;N/A;N/A;N/A;N/A;N/A;N/A;N/A;N/A;N/A;N/A;N/A;N/A;N/A;N/A;N/A;N/A;N/A;N/A;N/A;N/A;N/A;N/A;N/A;N/A;N/A;N/A;N/A;N/A;N/A;N/A;N/A;N/A;N/A;N/A;N/A;N/A;N/A;N/A;N/A;N/A;N/A;N/A;N/A;N/A;N/A;N/A;N/A;N/A;N/A;N/A;N/A;N/A;N/A;N/A;N/A;N/A;N/A;N/A;N/A;N/A;N/A;N/A;N/A;N/A;N/A;N/A;;0;283.9;0;0;;Disabled;TempStop;3;740;292.9;151.2;252.8;0;599.9;549.9;Enabled;PosOk;3;0;0.5;0;0;0;15;Disabled;0;0;0;0;0;0;0;0;0;0;0;0;0;0;0;0;0;0;0;0;0;0;0;0;0;0;0;0;0;0;0;0;0;0;0;0;0;0;0;0;0;0;0;0;0;0;0;0;0;0;0;0;0;0;0;0;0;0;0;0;0;0;0;0;0;0;0;0;0;0;30;30;20;45;30;30;20;45;30;31;20;45;30;30;20;45;200;216;100;300;200;214;100;300;200;208;100;300;200;208;100;300;30;30;20;45;30;30;20;45;30;31;20;45;30;30;20;45;200;231;100;300;200;230;100;300;200;145;100;300;200;145;100;300;4;2;0.4;6;4;5;0.4;6;4;2;0.4;6;4;5;0.4;6;4;2;0.4;6;4;5;0.4;6;4;3;0.4;6;4;5;0.4;6;NOK;NOK;OK;8000;8078;7500;9000;OK;6.81;0;8;12;NOK;N/A;1.85;N/A;N/A;N/A;9;13.2;7;18;OK;;0;0;0;-;Disabled;TempOk;3;230;36.4;35.9;36.4;0;349.9;441354200 daimler 6900-7200;441354200 daimler 6900-7200;441354200 daimler 6900-7200
20260325_06:14:15;0;3;2;930;919.2;890;970;OK;930;931.6;890;970;OK;932.7;932.1;-20;-17.9;-50;-25;NOK;-20;-18;-50;-25;NOK;-16.7;-17.8;0;-20;-17.8;-50;-25;NOK;300;311;300;565;OK;0;0;N/A;N/A;N/A;N/A;N/A;N/A;N/A;N/A;N/A;N/A;N/A;N/A;N/A;N/A;N/A;N/A;N/A;N/A;N/A;N/A;N/A;N/A;N/A;N/A;N/A;N/A;N/A;N/A;N/A;N/A;N/A;N/A;N/A;N/A;N/A;N/A;N/A;N/A;N/A;N/A;N/A;N/A;N/A;N/A;N/A;N/A;N/A;N/A;N/A;N/A;N/A;N/A;N/A;N/A;N/A;N/A;N/A;N/A;N/A;N/A;N/A;N/A;N/A;N/A;N/A;N/A;N/A;N/A;N/A;N/A;N/A;N/A;N/A;N/A;N/A;N/A;N/A;N/A;N/A;N/A;N/A;N/A;N/A;N/A;N/A;N/A;N/A;N/A;N/A;N/A;N/A;N/A;N/A;N/A;N/A;N/A;N/A;N/A;;0;283.5;0;0;;Disabled;TempStop;3;740;292.5;146.8;252.2;0;599.9;549.9;Enabled;PosOk;3;0;0;0;0;0;15;Disabled;0;0;0;0;0;0;0;0;0;0;0;0;0;0;0;0;0;0;0;0;0;0;0;0;0;0;0;0;0;0;0;0;0;0;0;0;0;0;0;0;0;0;0;0;0;0;0;0;0;0;0;0;0;0;0;0;0;0;0;0;0;0;0;0;0;0;0;0;0;0;30;30;20;45;30;30;20;45;30;31;20;45;30;29;20;45;200;215;100;300;200;213;100;300;200;208;100;300;200;208;100;300;30;30;20;45;30;30;20;45;30;31;20;45;30;30;20;45;200;231;100;300;200;229;100;300;200;144;100;300;200;145;100;300;4;3;0.4;6;4;5;0.4;6;4;2;0.4;6;4;5;0.4;6;4;3;0.4;6;4;5;0.4;6;4;3;0.4;6;4;5;0.4;6;NOK;NOK;OK;8000;8076;7500;9000;OK;6.82;0;8;12;NOK;N/A;1.85;N/A;N/A;N/A;9;13.2;7;18;OK;;0;0;0;-;Disabled;TempOk;3;230;35.7;35.4;35.9;0;349.9;441354200 daimler 6900-7200;441354200 daimler 6900-7200;441354200 daimler 6900-7200
20260325_06:14:51;0;1;3;930;919.2;890;970;OK;930;931.1;890;970;OK;932.2;931.6;-20;-16.3;-50;-25;NOK;-20;-16.3;-50;-25;NOK;-17.9;-17.9;0;-20;-16.2;-50;-25;NOK;300;311;300;565;OK;0;0;N/A;N/A;N/A;N/A;N/A;N/A;N/A;N/A;N/A;N/A;N/A;N/A;N/A;N/A;N/A;N/A;N/A;N/A;N/A;N/A;N/A;N/A;N/A;N/A;N/A;N/A;N/A;N/A;N/A;N/A;N/A;N/A;N/A;N/A;N/A;N/A;N/A;N/A;N/A;N/A;N/A;N/A;N/A;N/A;N/A;N/A;N/A;N/A;N/A;N/A;N/A;N/A;N/A;N/A;N/A;N/A;N/A;N/A;N/A;N/A;N/A;N/A;N/A;N/A;N/A;N/A;N/A;N/A;N/A;N/A;N/A;N/A;N/A;N/A;N/A;N/A;N/A;N/A;N/A;N/A;N/A;N/A;N/A;N/A;N/A;N/A;N/A;N/A;N/A;N/A;N/A;N/A;N/A;N/A;N/A;N/A;N/A;N/A;;0;283.9;0;0;;Disabled;TempStop;3;740;294.2;148;257.7;0;599.9;549.9;Enabled;PosOk;3;0;0.3;0;0;0;15;Disabled;0;0;0;0;0;0;0;0;0;0;0;0;0;0;0;0;0;0;0;0;0;0;0;0;0;0;0;0;0;0;0;0;0;0;0;0;0;0;0;0;0;0;0;0;0;0;0;0;0;0;0;0;0;0;0;0;0;0;0;0;0;0;0;0;0;0;0;0;14;22;30;29;20;45;30;29;20;45;30;30;20;45;30;29;20;45;200;215;100;300;200;213;100;300;200;208;100;300;200;207;100;300;30;29;20;45;30;29;20;45;30;30;20;45;30;29;20;45;200;231;100;300;200;230;100;300;200;145;100;300;200;145;100;300;4;2;0.4;6;4;5;0.4;6;4;2;0.4;6;4;5;0.4;6;4;3;0.4;6;4;5;0.4;6;4;3;0.4;6;4;5;0.4;6;NOK;NOK;OK;8000;8084;7500;9000;OK;6.81;0;8;12;NOK;N/A;1.85;N/A;N/A;N/A;9;13.3;7;18;OK;;0;0;0;-;Disabled;TempOk;3;230;36.2;36.2;36.4;0;349.9;441354200 daimler 6900-7200;441354200 daimler 6900-7200;441354200 daimler 6900-7200
20260325_06:15:27;0;3;3;930;919;890;970;OK;930;931.5;890;970;OK;932.8;931.9;-20;-17.3;-50;-25;NOK;-20;-17.2;-50;-25;NOK;-15.2;-16.2;0;-20;-17.3;-50;-25;NOK;300;311;300;565;OK;0;0;N/A;N/A;N/A;N/A;N/A;N/A;N/A;N/A;N/A;N/A;N/A;N/A;N/A;N/A;N/A;N/A;N/A;N/A;N/A;N/A;N/A;N/A;N/A;N/A;N/A;N/A;N/A;N/A;N/A;N/A;N/A;N/A;N/A;N/A;N/A;N/A;N/A;N/A;N/A;N/A;N/A;N/A;N/A;N/A;N/A;N/A;N/A;N/A;N/A;N/A;N/A;N/A;N/A;N/A;N/A;N/A;N/A;N/A;N/A;N/A;N/A;N/A;N/A;N/A;N/A;N/A;N/A;N/A;N/A;N/A;N/A;N/A;N/A;N/A;N/A;N/A;N/A;N/A;N/A;N/A;N/A;N/A;N/A;N/A;N/A;N/A;N/A;N/A;N/A;N/A;N/A;N/A;N/A;N/A;N/A;N/A;N/A;N/A;;0;282.4;0;0;;Disabled;TempStop;3;740;291.1;150.2;251.9;0;599.9;549.9;Enabled;PosOk;3;0;0.8;0;0;0;15;Disabled;0;0;0;0;0;0;0;0;0;0;0;0;0;0;0;0;0;0;0;0;0;0;0;0;0;0;0;0;0;0;0;0;0;0;0;0;0;0;0;0;0;0;0;0;0;0;0;0;0;0;0;0;0;0;0;0;0;0;0;0;0;0;0;0;0;0;0;0;0;0;30;29;20;45;30;29;20;45;30;30;20;45;30;29;20;45;200;215;100;300;200;214;100;300;200;208;100;300;200;208;100;300;30;29;20;45;30;29;20;45;30;30;20;45;30;29;20;45;200;231;100;300;200;230;100;300;200;144;100;300;200;145;100;300;4;2;0.4;6;4;5;0.4;6;4;2;0.4;6;4;5;0.4;6;4;3;0.4;6;4;5;0.4;6;4;3;0.4;6;4;5;0.4;6;NOK;NOK;OK;8000;8086;7500;9000;OK;6.82;0;8;12;NOK;N/A;1.85;N/A;N/A;N/A;9;13.4;7;18;OK;;0;0;0;-;Disabled;TempOk;3;230;35.9;35.9;36.2;0;349.9;441354200 daimler 6900-7200;441354200 daimler 6900-7200;441354200 daimler 6900-7200
20260325_06:16:03;0;3;4;930;918.8;890;970;OK;930;931.1;890;970;OK;932.1;931.6;-20;-19.6;-50;-25;NOK;-20;-19.6;-50;-25;NOK;-19.3;-20;0;-20;-19.4;-50;-25;NOK;300;311;300;565;OK;0;0;N/A;N/A;N/A;N/A;N/A;N/A;N/A;N/A;N/A;N/A;N/A;N/A;N/A;N/A;N/A;N/A;N/A;N/A;N/A;N/A;N/A;N/A;N/A;N/A;N/A;N/A;N/A;N/A;N/A;N/A;N/A;N/A;N/A;N/A;N/A;N/A;N/A;N/A;N/A;N/A;N/A;N/A;N/A;N/A;N/A;N/A;N/A;N/A;N/A;N/A;N/A;N/A;N/A;N/A;N/A;N/A;N/A;N/A;N/A;N/A;N/A;N/A;N/A;N/A;N/A;N/A;N/A;N/A;N/A;N/A;N/A;N/A;N/A;N/A;N/A;N/A;N/A;N/A;N/A;N/A;N/A;N/A;N/A;N/A;N/A;N/A;N/A;N/A;N/A;N/A;N/A;N/A;N/A;N/A;N/A;N/A;N/A;N/A;;0;282;0;0;;Disabled;TempStop;3;740;292.4;150;254.8;0;599.9;549.9;Enabled;PosOk;3;0;0.1;0;0;0;15;Disabled;0;0;0;0;0;0;0;0;0;0;0;0;0;0;0;0;0;0;0;0;0;0;0;0;0;0;0;0;0;0;0;0;0;0;0;0;0;0;0;0;0;0;0;0;0;0;0;0;0;0;0;0;0;0;0;0;0;0;0;0;0;0;0;0;0;0;0;0;0;0;30;29;20;45;30;30;20;45;30;30;20;45;30;30;20;45;200;215;100;300;200;213;100;300;200;208;100;300;200;208;100;300;30;29;20;45;30;30;20;45;30;30;20;45;30;30;20;45;200;230;100;300;200;230;100;300;200;144;100;300;200;145;100;300;4;2;0.4;6;4;5;0.4;6;4;2;0.4;6;4;5;0.4;6;4;3;0.4;6;4;5;0.4;6;4;2;0.4;6;4;5;0.4;6;NOK;NOK;OK;8000;8099;7500;9000;OK;6.82;0;8;12;NOK;N/A;1.85;N/A;N/A;N/A;9;13.5;7;18;OK;;0;0;0;-;Disabled;TempOk;3;230;36.2;35.4;36.2;0;349.9;441354200 daimler 6900-7200;441354200 daimler 6900-7200;441354200 daimler 6900-7200
20260325_06:16:39;0;1;4;930;918.2;890;970;OK;930;931.4;890;970;OK;932.4;931.8;-20;-13.8;-50;-25;NOK;-20;-13.5;-50;-25;NOK;-16.5;-15;0;-20;-13.8;-50;-25;NOK;300;311;300;565;OK;0;0;N/A;N/A;N/A;N/A;N/A;N/A;N/A;N/A;N/A;N/A;N/A;N/A;N/A;N/A;N/A;N/A;N/A;N/A;N/A;N/A;N/A;N/A;N/A;N/A;N/A;N/A;N/A;N/A;N/A;N/A;N/A;N/A;N/A;N/A;N/A;N/A;N/A;N/A;N/A;N/A;N/A;N/A;N/A;N/A;N/A;N/A;N/A;N/A;N/A;N/A;N/A;N/A;N/A;N/A;N/A;N/A;N/A;N/A;N/A;N/A;N/A;N/A;N/A;N/A;N/A;N/A;N/A;N/A;N/A;N/A;N/A;N/A;N/A;N/A;N/A;N/A;N/A;N/A;N/A;N/A;N/A;N/A;N/A;N/A;N/A;N/A;N/A;N/A;N/A;N/A;N/A;N/A;N/A;N/A;N/A;N/A;N/A;N/A;;0;284.5;0;0;;Disabled;TempStop;3;740;293.4;145.3;252.4;0;599.9;549.9;Enabled;PosOk;3;0;0;0;0;0;15;Disabled;0;0;0;0;0;0;0;0;0;0;0;0;0;0;0;0;0;0;0;0;0;0;0;0;0;0;0;0;0;0;0;0;0;0;0;0;0;0;0;0;0;0;0;0;0;0;0;0;0;0;0;0;0;0;0;0;0;0;0;0;0;0;0;0;0;0;0;0;16;10;30;30;20;45;30;30;20;45;30;30;20;45;30;30;20;45;200;215;100;300;200;213;100;300;200;208;100;300;200;208;100;300;30;30;20;45;30;30;20;45;30;31;20;45;30;30;20;45;200;230;100;300;200;229;100;300;200;144;100;300;200;145;100;300;4;2;0.4;6;4;5;0.4;6;4;2;0.4;6;4;5;0.4;6;4;3;0.4;6;4;5;0.4;6;4;3;0.4;6;4;5;0.4;6;NOK;NOK;OK;8000;8068;7500;9000;OK;6.82;0;8;12;NOK;N/A;1.85;N/A;N/A;N/A;9;13.6;7;18;OK;;0;0;0;-;Disabled;TempOk;3;230;36.2;36.4;36.2;0;349.9;441354200 daimler 6900-7200;441354200 daimler 6900-7200;441354200 daimler 6900-7200
20260325_06:17:15;0;1;1;930;918.8;890;970;OK;930;931.2;890;970;OK;932.5;931.9;-20;-18.5;-50;-25;NOK;-20;-18.2;-50;-25;NOK;-17.6;-17.6;0;-20;-18.6;-50;-25;NOK;300;311;300;565;OK;0;0;N/A;N/A;N/A;N/A;N/A;N/A;N/A;N/A;N/A;N/A;N/A;N/A;N/A;N/A;N/A;N/A;N/A;N/A;N/A;N/A;N/A;N/A;N/A;N/A;N/A;N/A;N/A;N/A;N/A;N/A;N/A;N/A;N/A;N/A;N/A;N/A;N/A;N/A;N/A;N/A;N/A;N/A;N/A;N/A;N/A;N/A;N/A;N/A;N/A;N/A;N/A;N/A;N/A;N/A;N/A;N/A;N/A;N/A;N/A;N/A;N/A;N/A;N/A;N/A;N/A;N/A;N/A;N/A;N/A;N/A;N/A;N/A;N/A;N/A;N/A;N/A;N/A;N/A;N/A;N/A;N/A;N/A;N/A;N/A;N/A;N/A;N/A;N/A;N/A;N/A;N/A;N/A;N/A;N/A;N/A;N/A;N/A;N/A;;0;286.1;0;0;;Disabled;TempStop;3;740;294.8;150.5;256.7;0;599.9;549.9;Enabled;PosOk;3;0;0;0;0;0;15;Disabled;0;0;0;0;0;0;0;0;0;0;0;0;0;0;0;0;0;0;0;0;0;0;0;0;0;0;0;0;0;0;0;0;0;0;0;0;0;0;0;0;0;0;0;0;0;0;0;0;0;0;0;0;0;0;0;0;0;0;0;0;0;0;0;0;0;0;0;0;0;0;30;30;20;45;30;30;20;45;30;30;20;45;30;30;20;45;200;215;100;300;200;213;100;300;200;207;100;300;200;207;100;300;30;30;20;45;30;30;20;45;30;31;20;45;30;30;20;45;200;230;100;300;200;229;100;300;200;145;100;300;200;145;100;300;4;3;0.4;6;4;5;0.4;6;4;2;0.4;6;4;5;0.4;6;4;3;0.4;6;4;5;0.4;6;4;2;0.4;6;4;5;0.4;6;NOK;NOK;OK;8000;8088;7500;9000;OK;6.82;0;8;12;NOK;N/A;1.85;N/A;N/A;N/A;9;13;7;18;OK;;0;0;0;-;Disabled;TempOk;3;230;36.2;36.4;36.7;0;349.9;441354200 daimler 6900-7200;441354200 daimler 6900-7200;441354200 daimler 6900-7200
20260325_06:17:51;0;3;5;930;920.5;890;970;OK;930;930.8;890;970;OK;931.5;930.9;-20;-16;-50;-25;NOK;-20;-16.1;-50;-25;NOK;-20.1;-19;0;-20;-16;-50;-25;NOK;300;311;300;565;OK;0;0;N/A;N/A;N/A;N/A;N/A;N/A;N/A;N/A;N/A;N/A;N/A;N/A;N/A;N/A;N/A;N/A;N/A;N/A;N/A;N/A;N/A;N/A;N/A;N/A;N/A;N/A;N/A;N/A;N/A;N/A;N/A;N/A;N/A;N/A;N/A;N/A;N/A;N/A;N/A;N/A;N/A;N/A;N/A;N/A;N/A;N/A;N/A;N/A;N/A;N/A;N/A;N/A;N/A;N/A;N/A;N/A;N/A;N/A;N/A;N/A;N/A;N/A;N/A;N/A;N/A;N/A;N/A;N/A;N/A;N/A;N/A;N/A;N/A;N/A;N/A;N/A;N/A;N/A;N/A;N/A;N/A;N/A;N/A;N/A;N/A;N/A;N/A;N/A;N/A;N/A;N/A;N/A;N/A;N/A;N/A;N/A;N/A;N/A;;0;282.3;0;0;;Disabled;TempStop;3;740;290.3;149.2;251.3;0;599.9;549.9;Enabled;PosOk;3;0;0;0;0;0;15;Disabled;0;0;0;0;0;0;0;0;0;0;0;0;0;0;0;0;0;0;0;0;0;0;0;0;0;0;0;0;0;0;0;0;0;0;0;0;0;0;0;0;0;0;0;0;0;0;0;0;0;0;0;0;0;0;0;0;0;0;0;0;0;0;0;0;0;0;0;0;0;0;30;30;20;45;30;30;20;45;30;31;20;45;30;30;20;45;200;216;100;300;200;213;100;300;200;208;100;300;200;208;100;300;30;30;20;45;30;30;20;45;30;31;20;45;30;30;20;45;200;231;100;300;200;230;100;300;200;144;100;300;200;145;100;300;4;3;0.4;6;4;5;0.4;6;4;2;0.4;6;4;5;0.4;6;4;3;0.4;6;4;5;0.4;6;4;3;0.4;6;4;5;0.4;6;NOK;NOK;OK;8000;8068;7500;9000;OK;6.81;0;8;12;NOK;N/A;1.85;N/A;N/A;N/A;9;13;7;18;OK;;0;0;0;-;Disabled;TempOk;3;230;36.4;36.2;36.4;0;349.9;441354200 daimler 6900-7200;441354200 daimler 6900-7200;441354200 daimler 6900-7200
20260325_06:18:27;0;3;1;930;919.3;890;970;OK;930;931.7;890;970;OK;933.6;932.7;-20;-17.8;-50;-25;NOK;-20;-17.3;-50;-25;NOK;-14.6;-15.7;0;-20;-17.9;-50;-25;NOK;300;311;300;565;OK;0;0;N/A;N/A;N/A;N/A;N/A;N/A;N/A;N/A;N/A;N/A;N/A;N/A;N/A;N/A;N/A;N/A;N/A;N/A;N/A;N/A;N/A;N/A;N/A;N/A;N/A;N/A;N/A;N/A;N/A;N/A;N/A;N/A;N/A;N/A;N/A;N/A;N/A;N/A;N/A;N/A;N/A;N/A;N/A;N/A;N/A;N/A;N/A;N/A;N/A;N/A;N/A;N/A;N/A;N/A;N/A;N/A;N/A;N/A;N/A;N/A;N/A;N/A;N/A;N/A;N/A;N/A;N/A;N/A;N/A;N/A;N/A;N/A;N/A;N/A;N/A;N/A;N/A;N/A;N/A;N/A;N/A;N/A;N/A;N/A;N/A;N/A;N/A;N/A;N/A;N/A;N/A;N/A;N/A;N/A;N/A;N/A;N/A;N/A;;0;283.8;0;0;;Disabled;TempStop;3;740;293;150.3;255.2;0;599.9;549.9;Enabled;PosOk;3;0;0;0;0;0;15;Disabled;0;0;0;0;0;0;0;0;0;0;0;0;0;0;0;0;0;0;0;0;0;0;0;0;0;0;0;0;0;0;0;0;0;0;0;0;0;0;0;0;0;0;0;0;0;0;0;0;0;0;0;0;0;0;0;0;0;0;0;0;0;0;0;0;0;0;0;0;0;0;30;30;20;45;30;30;20;45;30;30;20;45;30;30;20;45;200;216;100;300;200;213;100;300;200;208;100;300;200;208;100;300;30;30;20;45;30;30;20;45;30;31;20;45;30;30;20;45;200;232;100;300;200;230;100;300;200;145;100;300;200;145;100;300;4;2;0.4;6;4;5;0.4;6;4;2;0.4;6;4;5;0.4;6;4;3;0.4;6;4;5;0.4;6;4;2;0.4;6;4;5;0.4;6;NOK;NOK;OK;8000;8081;7500;9000;OK;6.81;0;8;12;NOK;N/A;1.85;N/A;N/A;N/A;9;13;7;18;OK;;0;0;0;-;Disabled;TempOk;3;230;36.4;36.2;36.4;0;349.9;441354200 daimler 6900-7200;441354200 daimler 6900-7200;441354200 daimler 6900-7200
20260325_06:19:03;0;1;2;930;919.8;890;970;OK;930;931.4;890;970;OK;932.6;931.9;-20;-14.6;-50;-25;NOK;-20;-14.5;-50;-25;NOK;-17.2;-16.3;0;-20;-14.6;-50;-25;NOK;300;311;300;565;OK;0;0;N/A;N/A;N/A;N/A;N/A;N/A;N/A;N/A;N/A;N/A;N/A;N/A;N/A;N/A;N/A;N/A;N/A;N/A;N/A;N/A;N/A;N/A;N/A;N/A;N/A;N/A;N/A;N/A;N/A;N/A;N/A;N/A;N/A;N/A;N/A;N/A;N/A;N/A;N/A;N/A;N/A;N/A;N/A;N/A;N/A;N/A;N/A;N/A;N/A;N/A;N/A;N/A;N/A;N/A;N/A;N/A;N/A;N/A;N/A;N/A;N/A;N/A;N/A;N/A;N/A;N/A;N/A;N/A;N/A;N/A;N/A;N/A;N/A;N/A;N/A;N/A;N/A;N/A;N/A;N/A;N/A;N/A;N/A;N/A;N/A;N/A;N/A;N/A;N/A;N/A;N/A;N/A;N/A;N/A;N/A;N/A;N/A;N/A;;0;282.8;0;0;;Disabled;TempStop;3;740;292.3;147;255.1;0;599.9;549.9;Enabled;PosOk;3;0;0.1;0;0;0;15;Disabled;0;0;0;0;0;0;0;0;0;0;0;0;0;0;0;0;0;0;0;0;0;0;0;0;0;0;0;0;0;0;0;0;0;0;0;0;0;0;0;0;0;0;0;0;0;0;0;0;0;0;0;0;0;0;0;0;0;0;0;0;0;0;0;0;0;0;0;0;0;0;30;30;20;45;30;30;20;45;30;30;20;45;30;30;20;45;200;216;100;300;200;213;100;300;200;208;100;300;200;208;100;300;30;30;20;45;30;30;20;45;30;31;20;45;30;30;20;45;200;231;100;300;200;230;100;300;200;144;100;300;200;145;100;300;4;2;0.4;6;4;5;0.4;6;4;2;0.4;6;4;5;0.4;6;4;3;0.4;6;4;5;0.4;6;4;2;0.4;6;4;5;0.4;6;NOK;NOK;OK;8000;8073;7500;9000;OK;6.82;0;8;12;NOK;N/A;1.85;N/A;N/A;N/A;9;12.9;7;18;OK;;0;0;0;-;Disabled;TempOk;3;230;35.7;35.7;36.2;0;349.9;441354200 daimler 6900-7200;441354200 daimler 6900-7200;441354200 daimler 6900-7200
20260325_06:19:38;0;3;2;930;919.6;890;970;OK;930;931.6;890;970;OK;932.8;932.2;-20;-17.5;-50;-25;NOK;-20;-17.9;-50;-25;NOK;-16.6;-17.7;0;-20;-17.4;-50;-25;NOK;300;311;300;565;OK;0;0;N/A;N/A;N/A;N/A;N/A;N/A;N/A;N/A;N/A;N/A;N/A;N/A;N/A;N/A;N/A;N/A;N/A;N/A;N/A;N/A;N/A;N/A;N/A;N/A;N/A;N/A;N/A;N/A;N/A;N/A;N/A;N/A;N/A;N/A;N/A;N/A;N/A;N/A;N/A;N/A;N/A;N/A;N/A;N/A;N/A;N/A;N/A;N/A;N/A;N/A;N/A;N/A;N/A;N/A;N/A;N/A;N/A;N/A;N/A;N/A;N/A;N/A;N/A;N/A;N/A;N/A;N/A;N/A;N/A;N/A;N/A;N/A;N/A;N/A;N/A;N/A;N/A;N/A;N/A;N/A;N/A;N/A;N/A;N/A;N/A;N/A;N/A;N/A;N/A;N/A;N/A;N/A;N/A;N/A;N/A;N/A;N/A;N/A;;0;283.5;0;0;;Disabled;TempStop;3;740;292.1;146.7;253.1;0;599.9;549.9;Enabled;PosOk;3;0;0;0;0;0;15;Disabled;0;0;0;0;0;0;0;0;0;0;0;0;0;0;0;0;0;0;0;0;0;0;0;0;0;0;0;0;0;0;0;0;0;0;0;0;0;0;0;0;0;0;0;0;0;0;0;0;0;0;0;0;0;0;0;0;0;0;0;0;0;0;0;0;0;0;0;0;0;0;30;30;20;45;30;30;20;45;30;31;20;45;30;30;20;45;200;215;100;300;200;213;100;300;200;209;100;300;200;208;100;300;30;30;20;45;30;30;20;45;30;31;20;45;30;30;20;45;200;231;100;300;200;229;100;300;200;144;100;300;200;145;100;300;4;2;0.4;6;4;5;0.4;6;4;2;0.4;6;4;5;0.4;6;4;3;0.4;6;4;5;0.4;6;4;2;0.4;6;4;5;0.4;6;NOK;NOK;OK;8000;8094;7500;9000;OK;6.82;0;8;12;NOK;N/A;1.85;N/A;N/A;N/A;9;12.8;7;18;OK;;0;0;0;-;Disabled;TempOk;3;230;36.4;35.7;36.4;0;349.9;441354200 daimler 6900-7200;441354200 daimler 6900-7200;441354200 daimler 6900-7200
20260325_06:20:14;0;1;3;930;918.8;890;970;OK;930;931.2;890;970;OK;932.5;931.6;-20;-15.9;-50;-25;NOK;-20;-16.2;-50;-25;NOK;-17.8;-17.8;0;-20;-15.8;-50;-25;NOK;300;311;300;565;OK;0;0;N/A;N/A;N/A;N/A;N/A;N/A;N/A;N/A;N/A;N/A;N/A;N/A;N/A;N/A;N/A;N/A;N/A;N/A;N/A;N/A;N/A;N/A;N/A;N/A;N/A;N/A;N/A;N/A;N/A;N/A;N/A;N/A;N/A;N/A;N/A;N/A;N/A;N/A;N/A;N/A;N/A;N/A;N/A;N/A;N/A;N/A;N/A;N/A;N/A;N/A;N/A;N/A;N/A;N/A;N/A;N/A;N/A;N/A;N/A;N/A;N/A;N/A;N/A;N/A;N/A;N/A;N/A;N/A;N/A;N/A;N/A;N/A;N/A;N/A;N/A;N/A;N/A;N/A;N/A;N/A;N/A;N/A;N/A;N/A;N/A;N/A;N/A;N/A;N/A;N/A;N/A;N/A;N/A;N/A;N/A;N/A;N/A;N/A;;0;284.8;0;0;;Disabled;TempStop;3;740;295.6;153.5;256.5;0;599.9;549.9;Enabled;PosOk;3;0;0;0;0;0;15;Disabled;0;0;0;0;0;0;0;0;0;0;0;0;0;0;0;0;0;0;0;0;0;0;0;0;0;0;0;0;0;0;0;0;0;0;0;0;0;0;0;0;0;0;0;0;0;0;0;0;0;0;0;0;0;0;0;0;0;0;0;0;0;0;0;0;0;0;0;0;19;46;30;30;20;45;30;30;20;45;30;31;20;45;30;30;20;45;200;216;100;300;200;213;100;300;200;208;100;300;200;209;100;300;30;30;20;45;30;30;20;45;30;31;20;45;30;30;20;45;200;231;100;300;200;230;100;300;200;145;100;300;200;145;100;300;4;2;0.4;6;4;5;0.4;6;4;2;0.4;6;4;5;0.4;6;4;3;0.4;6;4;5;0.4;6;4;2;0.4;6;4;5;0.4;6;NOK;NOK;OK;8000;8061;7500;9000;OK;6.81;0;8;12;NOK;N/A;1.85;N/A;N/A;N/A;9;12.6;7;18;OK;;0;0;0;-;Disabled;TempOk;3;230;36.4;35.7;36.7;0;349.9;441354200 daimler 6900-7200;441354200 daimler 6900-7200;441354200 daimler 6900-7200
20260325_06:20:50;0;3;3;930;919.1;890;970;OK;930;931.4;890;970;OK;932.4;931.9;-20;-17.1;-50;-25;NOK;-20;-17;-50;-25;NOK;-15.1;-16.2;0;-20;-17.1;-50;-25;NOK;300;311;300;565;OK;0;0;N/A;N/A;N/A;N/A;N/A;N/A;N/A;N/A;N/A;N/A;N/A;N/A;N/A;N/A;N/A;N/A;N/A;N/A;N/A;N/A;N/A;N/A;N/A;N/A;N/A;N/A;N/A;N/A;N/A;N/A;N/A;N/A;N/A;N/A;N/A;N/A;N/A;N/A;N/A;N/A;N/A;N/A;N/A;N/A;N/A;N/A;N/A;N/A;N/A;N/A;N/A;N/A;N/A;N/A;N/A;N/A;N/A;N/A;N/A;N/A;N/A;N/A;N/A;N/A;N/A;N/A;N/A;N/A;N/A;N/A;N/A;N/A;N/A;N/A;N/A;N/A;N/A;N/A;N/A;N/A;N/A;N/A;N/A;N/A;N/A;N/A;N/A;N/A;N/A;N/A;N/A;N/A;N/A;N/A;N/A;N/A;N/A;N/A;;0;283.4;0;0;;Disabled;TempStop;3;740;292.1;146;252.8;0;599.9;549.9;Enabled;PosOk;3;0;0.5;0;0;0;15;Disabled;0;0;0;0;0;0;0;0;0;0;0;0;0;0;0;0;0;0;0;0;0;0;0;0;0;0;0;0;0;0;0;0;0;0;0;0;0;0;0;0;0;0;0;0;0;0;0;0;0;0;0;0;0;0;0;0;0;0;0;0;0;0;0;0;0;0;0;0;0;0;30;30;20;45;30;30;20;45;30;30;20;45;30;29;20;45;200;216;100;300;200;214;100;300;200;208;100;300;200;208;100;300;30;30;20;45;30;30;20;45;30;31;20;45;30;30;20;45;200;231;100;300;200;229;100;300;200;144;100;300;200;145;100;300;4;2;0.4;6;4;5;0.4;6;4;2;0.4;6;4;5;0.4;6;4;3;0.4;6;4;5;0.4;6;4;2;0.4;6;4;5;0.4;6;NOK;NOK;OK;8000;8095;7500;9000;OK;6.82;0;8;12;NOK;N/A;1.85;N/A;N/A;N/A;9;13.1;7;18;OK;;0;0;0;-;Disabled;TempOk;3;230;36.7;36.2;36.4;0;349.9;441354200 daimler 6900-7200;441354200 daimler 6900-7200;441354200 daimler 6900-7200
20260325_06:21:26;0;3;4;930;918.7;890;970;OK;930;931.5;890;970;OK;932.3;931.8;-20;-19.3;-50;-25;NOK;-20;-19.5;-50;-25;NOK;-19.2;-19.8;0;-20;-19.1;-50;-25;NOK;300;311;300;565;OK;0;0;N/A;N/A;N/A;N/A;N/A;N/A;N/A;N/A;N/A;N/A;N/A;N/A;N/A;N/A;N/A;N/A;N/A;N/A;N/A;N/A;N/A;N/A;N/A;N/A;N/A;N/A;N/A;N/A;N/A;N/A;N/A;N/A;N/A;N/A;N/A;N/A;N/A;N/A;N/A;N/A;N/A;N/A;N/A;N/A;N/A;N/A;N/A;N/A;N/A;N/A;N/A;N/A;N/A;N/A;N/A;N/A;N/A;N/A;N/A;N/A;N/A;N/A;N/A;N/A;N/A;N/A;N/A;N/A;N/A;N/A;N/A;N/A;N/A;N/A;N/A;N/A;N/A;N/A;N/A;N/A;N/A;N/A;N/A;N/A;N/A;N/A;N/A;N/A;N/A;N/A;N/A;N/A;N/A;N/A;N/A;N/A;N/A;N/A;;0;282.6;0;0;;Disabled;TempStop;3;740;292.7;150.7;254.7;0;599.9;549.9;Enabled;PosOk;3;0;0.3;0;0;0;15;Disabled;0;0;0;0;0;0;0;0;0;0;0;0;0;0;0;0;0;0;0;0;0;0;0;0;0;0;0;0;0;0;0;0;0;0;0;0;0;0;0;0;0;0;0;0;0;0;0;0;0;0;0;0;0;0;0;0;0;0;0;0;0;0;0;0;0;0;0;0;0;0;30;30;20;45;30;30;20;45;30;30;20;45;30;30;20;45;200;215;100;300;200;213;100;300;200;208;100;300;200;208;100;300;30;30;20;45;30;30;20;45;30;30;20;45;30;30;20;45;200;231;100;300;200;229;100;300;200;145;100;300;200;145;100;300;4;2;0.4;6;4;5;0.4;6;4;2;0.4;6;4;5;0.4;6;4;3;0.4;6;4;5;0.4;6;4;2;0.4;6;4;5;0.4;6;NOK;NOK;OK;8000;8083;7500;9000;OK;6.81;0;8;12;NOK;N/A;1.85;N/A;N/A;N/A;9;13.2;7;18;OK;;0;0;0;-;Disabled;TempOk;3;230;35.9;35.9;36.4;0;349.9;441354200 daimler 6900-7200;441354200 daimler 6900-7200;441354200 daimler 6900-7200
20260325_06:21:49;0;1;4;930;919.3;890;970;OK;930;931.5;890;970;OK;932.1;931.7;-20;-13.5;-50;-25;NOK;-20;-13.6;-50;-25;NOK;-16.4;-15.1;0;-20;-13.5;-50;-25;NOK;300;311;300;565;OK;0;0;N/A;N/A;N/A;N/A;N/A;N/A;N/A;N/A;N/A;N/A;N/A;N/A;N/A;N/A;N/A;N/A;N/A;N/A;N/A;N/A;N/A;N/A;N/A;N/A;N/A;N/A;N/A;N/A;N/A;N/A;N/A;N/A;N/A;N/A;N/A;N/A;N/A;N/A;N/A;N/A;N/A;N/A;N/A;N/A;N/A;N/A;N/A;N/A;N/A;N/A;N/A;N/A;N/A;N/A;N/A;N/A;N/A;N/A;N/A;N/A;N/A;N/A;N/A;N/A;N/A;N/A;N/A;N/A;N/A;N/A;N/A;N/A;N/A;N/A;N/A;N/A;N/A;N/A;N/A;N/A;N/A;N/A;N/A;N/A;N/A;N/A;N/A;N/A;N/A;N/A;N/A;N/A;N/A;N/A;N/A;N/A;N/A;N/A;;0;283.1;0;0;;Disabled;TempStop;3;740;291.9;151.3;255;0;599.9;549.9;Enabled;PosNotOk;3;0;37.7;0;0;0;15;Disabled;0;0;0;0;0;0;0;0;0;0;0;0;0;0;0;0;0;0;0;0;0;0;0;0;0;0;0;0;0;0;0;0;0;0;0;0;0;0;0;0;0;0;0;0;0;0;0;0;0;0;0;0;0;0;0;0;0;0;0;0;0;0;0;0;0;0;0;0;21;33;;;;;;;;;;;;;;;;;;;;;;;;;;;;;;;;;;;;;;;;;;;;;;;;;;;;;;;;;;;;;;;;;;;;;;;;;;;;;;;;;;;;;;;;;;;;;;;;;;;;;;;;;;;;;;;;;;;;;;;;;;;;;;;;;;;;;;441354200 daimler 6900-7200;441354200 daimler 6900-7200;;
20260325_06:26:16;0;1;1;930;919.1;890;970;OK;930;930.2;890;970;OK;932.7;932;-20;-18.3;-50;-25;NOK;-20;-19.5;-50;-25;NOK;-17.5;-17.6;0;-20;-18.3;-50;-25;NOK;300;529;300;565;OK;0;0;N/A;N/A;N/A;N/A;N/A;N/A;N/A;N/A;N/A;N/A;N/A;N/A;N/A;N/A;N/A;N/A;N/A;N/A;N/A;N/A;N/A;N/A;N/A;N/A;N/A;N/A;N/A;N/A;N/A;N/A;N/A;N/A;N/A;N/A;N/A;N/A;N/A;N/A;N/A;N/A;N/A;N/A;N/A;N/A;N/A;N/A;N/A;N/A;N/A;N/A;N/A;N/A;N/A;N/A;N/A;N/A;N/A;N/A;N/A;N/A;N/A;N/A;N/A;N/A;N/A;N/A;N/A;N/A;N/A;N/A;N/A;N/A;N/A;N/A;N/A;N/A;N/A;N/A;N/A;N/A;N/A;N/A;N/A;N/A;N/A;N/A;N/A;N/A;N/A;N/A;N/A;N/A;N/A;N/A;N/A;N/A;N/A;N/A;;0;283.9;0;0;;Disabled;TempStop;3;740;294.1;147;255.6;0;599.9;549.9;Enabled;PosOk;3;0;0;0;0;0;15;Disabled;0;0;0;0;0;0;0;0;0;0;0;0;0;0;0;0;0;0;0;0;0;0;0;0;0;0;0;0;0;0;0;0;0;0;0;0;0;0;0;0;0;0;0;0;0;0;0;0;0;0;0;0;0;0;0;0;0;0;0;0;0;0;0;0;0;0;0;0;21;33;30;30;20;45;30;30;20;45;30;30;20;45;30;30;20;45;200;215;100;300;200;213;100;300;200;208;100;300;200;207;100;300;30;30;20;45;30;30;20;45;30;30;20;45;30;30;20;45;200;231;100;300;200;229;100;300;200;145;100;300;200;145;100;300;4;2;0.4;6;4;5;0.4;6;4;2;0.4;6;4;5;0.4;6;4;3;0.4;6;4;5;0.4;6;4;3;0.4;6;4;5;0.4;6;NOK;NOK;OK;8000;8077;7500;9000;OK;6.81;0;8;12;NOK;N/A;1.85;N/A;N/A;N/A;9;12.6;7;18;OK;;0;0;0;-;Disabled;TempOk;3;230;35.9;35.9;35.7;0;349.9;441354200 daimler 6900-7200;441354200 daimler 6900-7200;441354200 daimler 6900-7200
20260325_06:26:52;0;3;5;930;920.8;890;970;OK;930;930.2;890;970;OK;931.6;931;-20;-15.8;-50;-25;NOK;-20;-22.1;-50;-25;NOK;-19.9;-18.7;0;-20;-15.8;-50;-25;NOK;300;529;300;565;OK;0;0;N/A;N/A;N/A;N/A;N/A;N/A;N/A;N/A;N/A;N/A;N/A;N/A;N/A;N/A;N/A;N/A;N/A;N/A;N/A;N/A;N/A;N/A;N/A;N/A;N/A;N/A;N/A;N/A;N/A;N/A;N/A;N/A;N/A;N/A;N/A;N/A;N/A;N/A;N/A;N/A;N/A;N/A;N/A;N/A;N/A;N/A;N/A;N/A;N/A;N/A;N/A;N/A;N/A;N/A;N/A;N/A;N/A;N/A;N/A;N/A;N/A;N/A;N/A;N/A;N/A;N/A;N/A;N/A;N/A;N/A;N/A;N/A;N/A;N/A;N/A;N/A;N/A;N/A;N/A;N/A;N/A;N/A;N/A;N/A;N/A;N/A;N/A;N/A;N/A;N/A;N/A;N/A;N/A;N/A;N/A;N/A;N/A;N/A;;0;280.9;0;0;;Disabled;TempStop;3;740;290.2;146.3;252.7;0;599.9;549.9;Enabled;PosOk;3;0;0.3;0;0;0;15;Disabled;0;0;0;0;0;0;0;0;0;0;0;0;0;0;0;0;0;0;0;0;0;0;0;0;0;0;0;0;0;0;0;0;0;0;0;0;0;0;0;0;0;0;0;0;0;0;0;0;0;0;0;0;0;0;0;0;0;0;0;0;0;0;0;0;0;0;0;0;0;0;30;30;20;45;30;30;20;45;30;30;20;45;30;30;20;45;200;215;100;300;200;213;100;300;200;208;100;300;200;207;100;300;30;30;20;45;30;30;20;45;30;30;20;45;30;30;20;45;200;231;100;300;200;229;100;300;200;144;100;300;200;145;100;300;4;2;0.4;6;4;5;0.4;6;4;2;0.4;6;4;5;0.4;6;4;3;0.4;6;4;5;0.4;6;4;2;0.4;6;4;5;0.4;6;NOK;NOK;OK;8000;8066;7500;9000;OK;6.82;0;8;12;NOK;N/A;1.85;N/A;N/A;N/A;9;12.6;7;18;OK;;0;0;0;-;Disabled;TempOk;3;230;36.7;36.7;36.2;0;349.9;441354200 daimler 6900-7200;441354200 daimler 6900-7200;441354200 daimler 6900-7200
20260325_06:27:28;0;3;1;930;919.7;890;970;OK;930;929.9;890;970;OK;933.7;932.9;-20;-17.7;-50;-25;NOK;-20;-22.3;-50;-25;NOK;-14.6;-15.6;0;-20;-17.8;-50;-25;NOK;300;529;300;565;OK;0;0;N/A;N/A;N/A;N/A;N/A;N/A;N/A;N/A;N/A;N/A;N/A;N/A;N/A;N/A;N/A;N/A;N/A;N/A;N/A;N/A;N/A;N/A;N/A;N/A;N/A;N/A;N/A;N/A;N/A;N/A;N/A;N/A;N/A;N/A;N/A;N/A;N/A;N/A;N/A;N/A;N/A;N/A;N/A;N/A;N/A;N/A;N/A;N/A;N/A;N/A;N/A;N/A;N/A;N/A;N/A;N/A;N/A;N/A;N/A;N/A;N/A;N/A;N/A;N/A;N/A;N/A;N/A;N/A;N/A;N/A;N/A;N/A;N/A;N/A;N/A;N/A;N/A;N/A;N/A;N/A;N/A;N/A;N/A;N/A;N/A;N/A;N/A;N/A;N/A;N/A;N/A;N/A;N/A;N/A;N/A;N/A;N/A;N/A;;0;282.4;0;0;;Disabled;TempStop;3;740;291.9;149.8;254.8;0;599.9;549.9;Enabled;PosOk;3;0;0;0;0;0;15;Disabled;0;0;0;0;0;0;0;0;0;0;0;0;0;0;0;0;0;0;0;0;0;0;0;0;0;0;0;0;0;0;0;0;0;0;0;0;0;0;0;0;0;0;0;0;0;0;0;0;0;0;0;0;0;0;0;0;0;0;0;0;0;0;0;0;0;0;0;0;0;0;30;30;20;45;30;30;20;45;30;30;20;45;30;30;20;45;200;215;100;300;200;214;100;300;200;208;100;300;200;208;100;300;30;30;20;45;30;30;20;45;30;31;20;45;30;30;20;45;200;231;100;300;200;230;100;300;200;144;100;300;200;146;100;300;4;3;0.4;6;4;5;0.4;6;4;2;0.4;6;4;5;0.4;6;4;3;0.4;6;4;5;0.4;6;4;3;0.4;6;4;5;0.4;6;NOK;NOK;OK;8000;8092;7500;9000;OK;6.82;0;8;12;NOK;N/A;1.85;N/A;N/A;N/A;9;13.2;7;18;OK;;0;0;0;-;Disabled;TempOk;3;230;35.7;35.9;36.2;0;349.9;441354200 daimler 6900-7200;441354200 daimler 6900-7200;441354200 daimler 6900-7200
20260325_06:28:04;0;1;2;930;920;890;970;OK;930;930.6;890;970;OK;932.5;932;-20;-14.5;-50;-25;NOK;-20;-15.6;-50;-25;NOK;-17.1;-17.5;0;-20;-14.5;-50;-25;NOK;300;529;300;565;OK;0;0;N/A;N/A;N/A;N/A;N/A;N/A;N/A;N/A;N/A;N/A;N/A;N/A;N/A;N/A;N/A;N/A;N/A;N/A;N/A;N/A;N/A;N/A;N/A;N/A;N/A;N/A;N/A;N/A;N/A;N/A;N/A;N/A;N/A;N/A;N/A;N/A;N/A;N/A;N/A;N/A;N/A;N/A;N/A;N/A;N/A;N/A;N/A;N/A;N/A;N/A;N/A;N/A;N/A;N/A;N/A;N/A;N/A;N/A;N/A;N/A;N/A;N/A;N/A;N/A;N/A;N/A;N/A;N/A;N/A;N/A;N/A;N/A;N/A;N/A;N/A;N/A;N/A;N/A;N/A;N/A;N/A;N/A;N/A;N/A;N/A;N/A;N/A;N/A;N/A;N/A;N/A;N/A;N/A;N/A;N/A;N/A;N/A;N/A;;0;283.5;0;0;;Disabled;TempStop;3;740;294;147.4;254.3;0;599.9;549.9;Enabled;PosOk;3;0;0.7;0;0;0;15;Disabled;0;0;0;0;0;0;0;0;0;0;0;0;0;0;0;0;0;0;0;0;0;0;0;0;0;0;0;0;0;0;0;0;0;0;0;0;0;0;0;0;0;0;0;0;0;0;0;0;0;0;0;0;0;0;0;0;0;0;0;0;0;0;0;0;0;0;0;0;0;0;30;30;20;45;30;30;20;45;30;30;20;45;30;30;20;45;200;215;100;300;200;213;100;300;200;207;100;300;200;207;100;300;30;30;20;45;30;30;20;45;30;31;20;45;30;30;20;45;200;230;100;300;200;230;100;300;200;145;100;300;200;145;100;300;4;2;0.4;6;4;5;0.4;6;4;2;0.4;6;4;5;0.4;6;4;3;0.4;6;4;5;0.4;6;4;3;0.4;6;4;5;0.4;6;NOK;NOK;OK;8000;8076;7500;9000;OK;6.82;0;8;12;NOK;N/A;1.85;N/A;N/A;N/A;9;13.3;7;18;OK;;0;0;0;-;Disabled;TempOk;3;230;36.2;35.7;36.7;0;349.9;441354200 daimler 6900-7200;441354200 daimler 6900-7200;441354200 daimler 6900-7200
20260325_06:28:40;0;3;2;930;918.8;890;970;OK;930;930.8;890;970;OK;932.8;932.3;-20;-17.4;-50;-25;NOK;-20;-22.6;-50;-25;NOK;-16.5;-17.6;0;-20;-17.2;-50;-25;NOK;300;529;300;565;OK;0;0;N/A;N/A;N/A;N/A;N/A;N/A;N/A;N/A;N/A;N/A;N/A;N/A;N/A;N/A;N/A;N/A;N/A;N/A;N/A;N/A;N/A;N/A;N/A;N/A;N/A;N/A;N/A;N/A;N/A;N/A;N/A;N/A;N/A;N/A;N/A;N/A;N/A;N/A;N/A;N/A;N/A;N/A;N/A;N/A;N/A;N/A;N/A;N/A;N/A;N/A;N/A;N/A;N/A;N/A;N/A;N/A;N/A;N/A;N/A;N/A;N/A;N/A;N/A;N/A;N/A;N/A;N/A;N/A;N/A;N/A;N/A;N/A;N/A;N/A;N/A;N/A;N/A;N/A;N/A;N/A;N/A;N/A;N/A;N/A;N/A;N/A;N/A;N/A;N/A;N/A;N/A;N/A;N/A;N/A;N/A;N/A;N/A;N/A;;0;282.3;0;0;;Disabled;TempStop;3;740;291.8;148.6;254;0;599.9;549.9;Enabled;PosOk;3;0;0;0;0;0;15;Disabled;0;0;0;0;0;0;0;0;0;0;0;0;0;0;0;0;0;0;0;0;0;0;0;0;0;0;0;0;0;0;0;0;0;0;0;0;0;0;0;0;0;0;0;0;0;0;0;0;0;0;0;0;0;0;0;0;0;0;0;0;0;0;0;0;0;0;0;0;0;0;30;30;20;45;30;30;20;45;30;30;20;45;30;30;20;45;200;215;100;300;200;213;100;300;200;208;100;300;200;208;100;300;30;30;20;45;30;30;20;45;30;31;20;45;30;30;20;45;200;230;100;300;200;230;100;300;200;145;100;300;200;146;100;300;4;2;0.4;6;4;5;0.4;6;4;2;0.4;6;4;5;0.4;6;4;2;0.4;6;4;5;0.4;6;4;2;0.4;6;4;5;0.4;6;NOK;NOK;OK;8000;8057;7500;9000;OK;6.82;0;8;12;NOK;N/A;1.85;N/A;N/A;N/A;9;13.3;7;18;OK;;0;0;0;-;Disabled;TempOk;3;230;35.9;35.7;35.9;0;349.9;441354200 daimler 6900-7200;441354200 daimler 6900-7200;441354200 daimler 6900-7200
20260325_06:29:16;0;1;3;930;919.2;890;970;OK;930;930.1;890;970;OK;932.2;931.7;-20;-15.7;-50;-25;NOK;-20;-16.8;-50;-25;NOK;-19.2;-19.8;0;-20;-15.7;-50;-25;NOK;300;529;300;565;OK;0;0;N/A;N/A;N/A;N/A;N/A;N/A;N/A;N/A;N/A;N/A;N/A;N/A;N/A;N/A;N/A;N/A;N/A;N/A;N/A;N/A;N/A;N/A;N/A;N/A;N/A;N/A;N/A;N/A;N/A;N/A;N/A;N/A;N/A;N/A;N/A;N/A;N/A;N/A;N/A;N/A;N/A;N/A;N/A;N/A;N/A;N/A;N/A;N/A;N/A;N/A;N/A;N/A;N/A;N/A;N/A;N/A;N/A;N/A;N/A;N/A;N/A;N/A;N/A;N/A;N/A;N/A;N/A;N/A;N/A;N/A;N/A;N/A;N/A;N/A;N/A;N/A;N/A;N/A;N/A;N/A;N/A;N/A;N/A;N/A;N/A;N/A;N/A;N/A;N/A;N/A;N/A;N/A;N/A;N/A;N/A;N/A;N/A;N/A;;0;283;0;0;;Disabled;TempStop;3;740;293.6;146.2;257.1;0;599.9;549.9;Enabled;PosOk;3;0;0;0;0;0;15;Disabled;0;0;0;0;0;0;0;0;0;0;0;0;0;0;0;0;0;0;0;0;0;0;0;0;0;0;0;0;0;0;0;0;0;0;0;0;0;0;0;0;0;0;0;0;0;0;0;0;0;0;0;0;0;0;0;0;0;0;0;0;0;0;0;0;0;0;0;0;28;47;30;30;20;45;30;30;20;45;30;30;20;45;30;29;20;45;200;215;100;300;200;213;100;300;200;208;100;300;200;207;100;300;30;30;20;45;30;30;20;45;30;30;20;45;30;30;20;45;200;231;100;300;200;229;100;300;200;144;100;300;200;145;100;300;4;2;0.4;6;4;5;0.4;6;4;2;0.4;6;4;5;0.4;6;4;3;0.4;6;4;5;0.4;6;4;3;0.4;6;4;5;0.4;6;NOK;NOK;OK;8000;8090;7500;9000;OK;6.82;0;8;12;NOK;N/A;1.85;N/A;N/A;N/A;9;13.5;7;18;OK;;0;0;0;-;Disabled;TempOk;3;230;36.2;35.9;36.2;0;349.9;441354200 daimler 6900-7200;441354200 daimler 6900-7200;441354200 daimler 6900-7200
20260325_06:29:52;0;3;3;930;919.3;890;970;OK;930;930;890;970;OK;932.7;932;-20;-17;-50;-25;NOK;-20;-21.9;-50;-25;NOK;-15.1;-16.2;0;-20;-16.9;-50;-25;NOK;300;529;300;565;OK;0;0;N/A;N/A;N/A;N/A;N/A;N/A;N/A;N/A;N/A;N/A;N/A;N/A;N/A;N/A;N/A;N/A;N/A;N/A;N/A;N/A;N/A;N/A;N/A;N/A;N/A;N/A;N/A;N/A;N/A;N/A;N/A;N/A;N/A;N/A;N/A;N/A;N/A;N/A;N/A;N/A;N/A;N/A;N/A;N/A;N/A;N/A;N/A;N/A;N/A;N/A;N/A;N/A;N/A;N/A;N/A;N/A;N/A;N/A;N/A;N/A;N/A;N/A;N/A;N/A;N/A;N/A;N/A;N/A;N/A;N/A;N/A;N/A;N/A;N/A;N/A;N/A;N/A;N/A;N/A;N/A;N/A;N/A;N/A;N/A;N/A;N/A;N/A;N/A;N/A;N/A;N/A;N/A;N/A;N/A;N/A;N/A;N/A;N/A;;0;281.3;0;0;;Disabled;TempStop;3;740;290.7;145.7;253.7;0;599.9;549.9;Enabled;PosOk;3;0;0.8;0;0;0;15;Disabled;0;0;0;0;0;0;0;0;0;0;0;0;0;0;0;0;0;0;0;0;0;0;0;0;0;0;0;0;0;0;0;0;0;0;0;0;0;0;0;0;0;0;0;0;0;0;0;0;0;0;0;0;0;0;0;0;0;0;0;0;0;0;0;0;0;0;0;0;0;0;30;30;20;45;30;30;20;45;30;30;20;45;30;30;20;45;200;215;100;300;200;213;100;300;200;208;100;300;200;208;100;300;30;30;20;45;30;30;20;45;30;31;20;45;30;30;20;45;200;231;100;300;200;229;100;300;200;144;100;300;200;145;100;300;4;2;0.4;6;4;5;0.4;6;4;2;0.4;6;4;5;0.4;6;4;3;0.4;6;4;5;0.4;6;4;3;0.4;6;4;5;0.4;6;NOK;NOK;OK;8000;8078;7500;9000;OK;6.82;0;8;12;NOK;N/A;1.85;N/A;N/A;N/A;9;13.5;7;18;OK;;0;0;0;-;Disabled;TempOk;3;230;35.9;35.9;36.2;0;349.9;441354200 daimler 6900-7200;441354200 daimler 6900-7200;441354200 daimler 6900-7200
20260325_06:30:28;0;3;4;930;920.1;890;970;OK;930;930.3;890;970;OK;932.1;931.8;-20;-19.1;-50;-25;NOK;-20;-23.6;-50;-25;NOK;-19.5;-20.7;0;-20;-18.9;-50;-25;NOK;300;529;300;565;OK;0;0;N/A;N/A;N/A;N/A;N/A;N/A;N/A;N/A;N/A;N/A;N/A;N/A;N/A;N/A;N/A;N/A;N/A;N/A;N/A;N/A;N/A;N/A;N/A;N/A;N/A;N/A;N/A;N/A;N/A;N/A;N/A;N/A;N/A;N/A;N/A;N/A;N/A;N/A;N/A;N/A;N/A;N/A;N/A;N/A;N/A;N/A;N/A;N/A;N/A;N/A;N/A;N/A;N/A;N/A;N/A;N/A;N/A;N/A;N/A;N/A;N/A;N/A;N/A;N/A;N/A;N/A;N/A;N/A;N/A;N/A;N/A;N/A;N/A;N/A;N/A;N/A;N/A;N/A;N/A;N/A;N/A;N/A;N/A;N/A;N/A;N/A;N/A;N/A;N/A;N/A;N/A;N/A;N/A;N/A;N/A;N/A;N/A;N/A;;0;281.3;0;0;;Disabled;TempStop;3;740;291.1;147.2;254.6;0;599.9;549.9;Enabled;PosOk;3;0;0.5;0;0;0;15;Disabled;0;0;0;0;0;0;0;0;0;0;0;0;0;0;0;0;0;0;0;0;0;0;0;0;0;0;0;0;0;0;0;0;0;0;0;0;0;0;0;0;0;0;0;0;0;0;0;0;0;0;0;0;0;0;0;0;0;0;0;0;0;0;0;0;0;0;0;0;0;0;30;30;20;45;30;30;20;45;30;31;20;45;30;30;20;45;200;215;100;300;200;213;100;300;200;208;100;300;200;207;100;300;30;30;20;45;30;30;20;45;30;31;20;45;30;30;20;45;200;231;100;300;200;229;100;300;200;144;100;300;200;145;100;300;4;2;0.4;6;4;5;0.4;6;4;2;0.4;6;4;5;0.4;6;4;2;0.4;6;4;5;0.4;6;4;3;0.4;6;4;5;0.4;6;NOK;NOK;OK;8000;8062;7500;9000;OK;6.82;0;8;12;NOK;N/A;1.85;N/A;N/A;N/A;9;13.5;7;18;OK;;0;0;0;-;Disabled;TempOk;3;230;36.2;36.2;36.7;0;349.9;441354200 daimler 6900-7200;441354200 daimler 6900-7200;441354200 daimler 6900-7200
20260325_06:31:03;0;1;4;930;917.6;890;970;OK;930;930.4;890;970;OK;932.1;931.9;-20;-13.6;-50;-25;NOK;-20;-14.2;-50;-25;NOK;-18.8;-19.4;0;-20;-13.6;-50;-25;NOK;300;529;300;565;OK;0;0;N/A;N/A;N/A;N/A;N/A;N/A;N/A;N/A;N/A;N/A;N/A;N/A;N/A;N/A;N/A;N/A;N/A;N/A;N/A;N/A;N/A;N/A;N/A;N/A;N/A;N/A;N/A;N/A;N/A;N/A;N/A;N/A;N/A;N/A;N/A;N/A;N/A;N/A;N/A;N/A;N/A;N/A;N/A;N/A;N/A;N/A;N/A;N/A;N/A;N/A;N/A;N/A;N/A;N/A;N/A;N/A;N/A;N/A;N/A;N/A;N/A;N/A;N/A;N/A;N/A;N/A;N/A;N/A;N/A;N/A;N/A;N/A;N/A;N/A;N/A;N/A;N/A;N/A;N/A;N/A;N/A;N/A;N/A;N/A;N/A;N/A;N/A;N/A;N/A;N/A;N/A;N/A;N/A;N/A;N/A;N/A;N/A;N/A;;0;282.5;0;0;;Disabled;TempStop;3;740;291.6;144.4;254.5;0;599.9;549.9;Enabled;PosOk;3;0;0;0;0;0;15;Disabled;0;0;0;0;0;0;0;0;0;0;0;0;0;0;0;0;0;0;0;0;0;0;0;0;0;0;0;0;0;0;0;0;0;0;0;0;0;0;0;0;0;0;0;0;0;0;0;0;0;0;0;0;0;0;0;0;0;0;0;0;0;0;0;0;0;0;0;0;30;35;30;30;20;45;30;30;20;45;30;31;20;45;30;30;20;45;200;215;100;300;200;213;100;300;200;208;100;300;200;208;100;300;30;30;20;45;30;30;20;45;30;31;20;45;30;30;20;45;200;231;100;300;200;230;100;300;200;144;100;300;200;145;100;300;4;2;0.4;6;4;5;0.4;6;4;3;0.4;6;4;5;0.4;6;4;3;0.4;6;4;5;0.4;6;4;3;0.4;6;4;5;0.4;6;NOK;NOK;OK;8000;8091;7500;9000;OK;6.82;0;8;12;NOK;N/A;1.85;N/A;N/A;N/A;9;13;7;18;OK;;0;0;0;-;Disabled;TempOk;3;230;36.7;36.2;37.4;0;349.9;441354200 daimler 6900-7200;441354200 daimler 6900-7200;441354200 daimler 6900-7200
20260325_06:31:39;0;1;1;930;918.5;890;970;OK;930;931.6;890;970;OK;932.6;932.1;-20;-19.7;-50;-25;NOK;-20;-18.2;-50;-25;NOK;-17.9;-17.8;0;-20;-19.7;-50;-25;NOK;300;311;300;565;OK;0;0;N/A;N/A;N/A;N/A;N/A;N/A;N/A;N/A;N/A;N/A;N/A;N/A;N/A;N/A;N/A;N/A;N/A;N/A;N/A;N/A;N/A;N/A;N/A;N/A;N/A;N/A;N/A;N/A;N/A;N/A;N/A;N/A;N/A;N/A;N/A;N/A;N/A;N/A;N/A;N/A;N/A;N/A;N/A;N/A;N/A;N/A;N/A;N/A;N/A;N/A;N/A;N/A;N/A;N/A;N/A;N/A;N/A;N/A;N/A;N/A;N/A;N/A;N/A;N/A;N/A;N/A;N/A;N/A;N/A;N/A;N/A;N/A;N/A;N/A;N/A;N/A;N/A;N/A;N/A;N/A;N/A;N/A;N/A;N/A;N/A;N/A;N/A;N/A;N/A;N/A;N/A;N/A;N/A;N/A;N/A;N/A;N/A;N/A;;0;286.4;0;0;;Disabled;TempStop;3;740;295.1;147.8;259.2;0;599.9;549.9;Enabled;PosOk;3;0;0;0;0;0;15;Disabled;0;0;0;0;0;0;0;0;0;0;0;0;0;0;0;0;0;0;0;0;0;0;0;0;0;0;0;0;0;0;0;0;0;0;0;0;0;0;0;0;0;0;0;0;0;0;0;0;0;0;0;0;0;0;0;0;0;0;0;0;0;0;0;0;0;0;0;0;0;0;30;30;20;45;30;30;20;45;30;31;20;45;30;30;20;45;200;215;100;300;200;213;100;300;200;208;100;300;200;208;100;300;30;30;20;45;30;30;20;45;30;31;20;45;30;30;20;45;200;231;100;300;200;229;100;300;200;144;100;300;200;145;100;300;4;2;0.4;6;4;5;0.4;6;4;2;0.4;6;4;5;0.4;6;4;3;0.4;6;4;5;0.4;6;4;3;0.4;6;4;5;0.4;6;NOK;NOK;OK;8000;8093;7500;9000;OK;6.82;0;8;12;NOK;N/A;1.85;N/A;N/A;N/A;9;13.1;7;18;OK;;0;0;0;-;Disabled;TempOk;3;230;36.2;35.9;38.4;0;349.9;441354200 daimler 6900-7200;441354200 daimler 6900-7200;441354200 daimler 6900-7200
20260325_06:32:15;0;3;5;930;920.3;890;970;OK;930;930.8;890;970;OK;931.9;931.4;-20;-22.4;-50;-25;NOK;-20;-17.3;-50;-25;NOK;-22.6;-20.9;0;-20;-22.5;-50;-25;NOK;300;311;300;565;OK;0;0;N/A;N/A;N/A;N/A;N/A;N/A;N/A;N/A;N/A;N/A;N/A;N/A;N/A;N/A;N/A;N/A;N/A;N/A;N/A;N/A;N/A;N/A;N/A;N/A;N/A;N/A;N/A;N/A;N/A;N/A;N/A;N/A;N/A;N/A;N/A;N/A;N/A;N/A;N/A;N/A;N/A;N/A;N/A;N/A;N/A;N/A;N/A;N/A;N/A;N/A;N/A;N/A;N/A;N/A;N/A;N/A;N/A;N/A;N/A;N/A;N/A;N/A;N/A;N/A;N/A;N/A;N/A;N/A;N/A;N/A;N/A;N/A;N/A;N/A;N/A;N/A;N/A;N/A;N/A;N/A;N/A;N/A;N/A;N/A;N/A;N/A;N/A;N/A;N/A;N/A;N/A;N/A;N/A;N/A;N/A;N/A;N/A;N/A;;0;282.1;0;0;;Disabled;TempStop;3;740;291.1;147.5;252.6;0;599.9;549.9;Enabled;PosOk;3;0;0;0;0;0;15;Disabled;0;0;0;0;0;0;0;0;0;0;0;0;0;0;0;0;0;0;0;0;0;0;0;0;0;0;0;0;0;0;0;0;0;0;0;0;0;0;0;0;0;0;0;0;0;0;0;0;0;0;0;0;0;0;0;0;0;0;0;0;0;0;0;0;0;0;0;0;0;0;30;30;20;45;30;30;20;45;30;30;20;45;30;30;20;45;200;217;100;300;200;214;100;300;200;208;100;300;200;209;100;300;30;30;20;45;30;30;20;45;30;31;20;45;30;30;20;45;200;231;100;300;200;230;100;300;200;144;100;300;200;146;100;300;4;2;0.4;6;4;5;0.4;6;4;2;0.4;6;4;5;0.4;6;4;3;0.4;6;4;5;0.4;6;4;2;0.4;6;4;5;0.4;6;NOK;NOK;OK;8000;8056;7500;9000;OK;6.81;0;8;12;NOK;N/A;1.85;N/A;N/A;N/A;9;13;7;18;OK;;0;0;0;-;Disabled;TempOk;3;230;36.9;36.7;37.2;0;349.9;441354200 daimler 6900-7200;441354200 daimler 6900-7200;441354200 daimler 6900-7200
20260325_06:32:51;0;3;1;930;918;890;970;OK;930;931.9;890;970;OK;933.9;933.1;-20;-22.5;-50;-25;NOK;-20;-18.1;-50;-25;NOK;-15.4;-16.5;0;-20;-22.5;-50;-25;NOK;300;311;300;565;OK;0;0;N/A;N/A;N/A;N/A;N/A;N/A;N/A;N/A;N/A;N/A;N/A;N/A;N/A;N/A;N/A;N/A;N/A;N/A;N/A;N/A;N/A;N/A;N/A;N/A;N/A;N/A;N/A;N/A;N/A;N/A;N/A;N/A;N/A;N/A;N/A;N/A;N/A;N/A;N/A;N/A;N/A;N/A;N/A;N/A;N/A;N/A;N/A;N/A;N/A;N/A;N/A;N/A;N/A;N/A;N/A;N/A;N/A;N/A;N/A;N/A;N/A;N/A;N/A;N/A;N/A;N/A;N/A;N/A;N/A;N/A;N/A;N/A;N/A;N/A;N/A;N/A;N/A;N/A;N/A;N/A;N/A;N/A;N/A;N/A;N/A;N/A;N/A;N/A;N/A;N/A;N/A;N/A;N/A;N/A;N/A;N/A;N/A;N/A;;0;283;0;0;;Disabled;TempStop;3;740;291.6;152.3;254.3;0;599.9;549.9;Enabled;PosOk;3;0;0.3;0;0;0;15;Disabled;0;0;0;0;0;0;0;0;0;0;0;0;0;0;0;0;0;0;0;0;0;0;0;0;0;0;0;0;0;0;0;0;0;0;0;0;0;0;0;0;0;0;0;0;0;0;0;0;0;0;0;0;0;0;0;0;0;0;0;0;0;0;0;0;0;0;0;0;0;0;30;30;20;45;30;30;20;45;30;30;20;45;30;30;20;45;200;216;100;300;200;213;100;300;200;208;100;300;200;208;100;300;30;30;20;45;30;30;20;45;30;31;20;45;30;30;20;45;200;231;100;300;200;229;100;300;200;144;100;300;200;145;100;300;4;2;0.4;6;4;5;0.4;6;4;2;0.4;6;4;5;0.4;6;4;3;0.4;6;4;5;0.4;6;4;2;0.4;6;4;5;0.4;6;NOK;NOK;OK;8000;8074;7500;9000;OK;6.82;0;8;12;NOK;N/A;1.85;N/A;N/A;N/A;9;12.9;7;18;OK;;0;0;0;-;Disabled;TempOk;3;230;36.9;36.7;36.7;0;349.9;441354200 daimler 6900-7200;441354200 daimler 6900-7200;441354200 daimler 6900-7200
20260325_06:33:27;0;1;2;930;918.8;890;970;OK;930;931.6;890;970;OK;932.7;932.2;-20;-15.4;-50;-25;NOK;-20;-14.9;-50;-25;NOK;-17.9;-16.9;0;-20;-15.4;-50;-25;NOK;300;311;300;565;OK;0;0;N/A;N/A;N/A;N/A;N/A;N/A;N/A;N/A;N/A;N/A;N/A;N/A;N/A;N/A;N/A;N/A;N/A;N/A;N/A;N/A;N/A;N/A;N/A;N/A;N/A;N/A;N/A;N/A;N/A;N/A;N/A;N/A;N/A;N/A;N/A;N/A;N/A;N/A;N/A;N/A;N/A;N/A;N/A;N/A;N/A;N/A;N/A;N/A;N/A;N/A;N/A;N/A;N/A;N/A;N/A;N/A;N/A;N/A;N/A;N/A;N/A;N/A;N/A;N/A;N/A;N/A;N/A;N/A;N/A;N/A;N/A;N/A;N/A;N/A;N/A;N/A;N/A;N/A;N/A;N/A;N/A;N/A;N/A;N/A;N/A;N/A;N/A;N/A;N/A;N/A;N/A;N/A;N/A;N/A;N/A;N/A;N/A;N/A;;0;283.6;0;0;;Disabled;TempStop;3;740;293.2;152.3;254.5;0;599.9;549.9;Enabled;PosOk;3;0;0.1;0;0;0;15;Disabled;0;0;0;0;0;0;0;0;0;0;0;0;0;0;0;0;0;0;0;0;0;0;0;0;0;0;0;0;0;0;0;0;0;0;0;0;0;0;0;0;0;0;0;0;0;0;0;0;0;0;0;0;0;0;0;0;0;0;0;0;0;0;0;0;0;0;0;0;0;0;30;30;20;45;30;30;20;45;30;31;20;45;30;30;20;45;200;215;100;300;200;214;100;300;200;208;100;300;200;208;100;300;30;30;20;45;30;30;20;45;30;31;20;45;30;30;20;45;200;231;100;300;200;230;100;300;200;145;100;300;200;145;100;300;4;3;0.4;6;4;5;0.4;6;4;2;0.4;6;4;5;0.4;6;4;3;0.4;6;4;5;0.4;6;4;2;0.4;6;4;5;0.4;6;NOK;NOK;OK;8000;8061;7500;9000;OK;6.82;0;8;12;NOK;N/A;1.85;N/A;N/A;N/A;9;12.7;7;18;OK;;0;0;0;-;Disabled;TempOk;3;230;36.7;36.2;36.9;0;349.9;441354200 daimler 6900-7200;441354200 daimler 6900-7200;441354200 daimler 6900-7200
20260325_06:34:03;0;3;2;930;918.6;890;970;OK;930;931.6;890;970;OK;932.8;932.2;-20;-21.7;-50;-25;NOK;-20;-18.8;-50;-25;NOK;-17.3;-18.5;0;-20;-21.4;-50;-25;NOK;300;311;300;565;OK;0;0;N/A;N/A;N/A;N/A;N/A;N/A;N/A;N/A;N/A;N/A;N/A;N/A;N/A;N/A;N/A;N/A;N/A;N/A;N/A;N/A;N/A;N/A;N/A;N/A;N/A;N/A;N/A;N/A;N/A;N/A;N/A;N/A;N/A;N/A;N/A;N/A;N/A;N/A;N/A;N/A;N/A;N/A;N/A;N/A;N/A;N/A;N/A;N/A;N/A;N/A;N/A;N/A;N/A;N/A;N/A;N/A;N/A;N/A;N/A;N/A;N/A;N/A;N/A;N/A;N/A;N/A;N/A;N/A;N/A;N/A;N/A;N/A;N/A;N/A;N/A;N/A;N/A;N/A;N/A;N/A;N/A;N/A;N/A;N/A;N/A;N/A;N/A;N/A;N/A;N/A;N/A;N/A;N/A;N/A;N/A;N/A;N/A;N/A;;0;283.4;0;0;;Disabled;TempStop;3;740;291.7;149.2;254.3;0;599.9;549.9;Enabled;PosOk;3;0;0;0;0;0;15;Disabled;0;0;0;0;0;0;0;0;0;0;0;0;0;0;0;0;0;0;0;0;0;0;0;0;0;0;0;0;0;0;0;0;0;0;0;0;0;0;0;0;0;0;0;0;0;0;0;0;0;0;0;0;0;0;0;0;0;0;0;0;0;0;0;0;0;0;0;0;0;0;30;30;20;45;30;30;20;45;30;30;20;45;30;30;20;45;200;215;100;300;200;213;100;300;200;208;100;300;200;208;100;300;30;30;20;45;30;29;20;45;30;31;20;45;30;30;20;45;200;231;100;300;200;229;100;300;200;144;100;300;200;145;100;300;4;2;0.4;6;4;5;0.4;6;4;2;0.4;6;4;5;0.4;6;4;3;0.4;6;4;5;0.4;6;4;2;0.4;6;4;5;0.4;6;NOK;NOK;OK;8000;8082;7500;9000;OK;6.81;0;8;12;NOK;N/A;1.85;N/A;N/A;N/A;9;12.6;7;18;OK;;0;0;0;-;Disabled;TempOk;3;230;36.4;36.7;36.7;0;349.9;441354200 daimler 6900-7200;441354200 daimler 6900-7200;441354200 daimler 6900-7200
20260325_06:34:39;0;1;3;930;918.4;890;970;OK;930;931.2;890;970;OK;932.6;931.8;-20;-16.3;-50;-25;NOK;-20;-16.7;-50;-25;NOK;-18.4;-18.3;0;-20;-16.3;-50;-25;NOK;300;311;300;565;OK;0;0;N/A;N/A;N/A;N/A;N/A;N/A;N/A;N/A;N/A;N/A;N/A;N/A;N/A;N/A;N/A;N/A;N/A;N/A;N/A;N/A;N/A;N/A;N/A;N/A;N/A;N/A;N/A;N/A;N/A;N/A;N/A;N/A;N/A;N/A;N/A;N/A;N/A;N/A;N/A;N/A;N/A;N/A;N/A;N/A;N/A;N/A;N/A;N/A;N/A;N/A;N/A;N/A;N/A;N/A;N/A;N/A;N/A;N/A;N/A;N/A;N/A;N/A;N/A;N/A;N/A;N/A;N/A;N/A;N/A;N/A;N/A;N/A;N/A;N/A;N/A;N/A;N/A;N/A;N/A;N/A;N/A;N/A;N/A;N/A;N/A;N/A;N/A;N/A;N/A;N/A;N/A;N/A;N/A;N/A;N/A;N/A;N/A;N/A;;0;284;0;0;;Disabled;TempStop;3;740;295.2;149.2;256.6;0;599.9;549.9;Enabled;PosOk;3;0;0.3;0;0;0;15;Disabled;0;0;0;0;0;0;0;0;0;0;0;0;0;0;0;0;0;0;0;0;0;0;0;0;0;0;0;0;0;0;0;0;0;0;0;0;0;0;0;0;0;0;0;0;0;0;0;0;0;0;0;0;0;0;0;0;0;0;0;0;0;0;0;0;0;0;0;0;34;11;30;30;20;45;30;30;20;45;30;30;20;45;30;30;20;45;200;216;100;300;200;213;100;300;200;208;100;300;200;208;100;300;30;30;20;45;30;30;20;45;30;30;20;45;30;30;20;45;200;231;100;300;200;230;100;300;200;144;100;300;200;145;100;300;4;2;0.4;6;4;5;0.4;6;4;2;0.4;6;4;5;0.4;6;4;3;0.4;6;4;5;0.4;6;4;2;0.4;6;4;5;0.4;6;NOK;NOK;OK;8000;8073;7500;9000;OK;6.82;0;8;12;NOK;N/A;1.86;N/A;N/A;N/A;9;13.2;7;18;OK;;0;0;0;-;Disabled;TempOk;3;230;36.9;36.7;36.7;0;349.9;441354200 daimler 6900-7200;441354200 daimler 6900-7200;441354200 daimler 6900-7200
20260325_06:35:15;0;3;3;930;917.8;890;970;OK;930;931.7;890;970;OK;932.7;932.2;-20;-21.6;-50;-25;NOK;-20;-17.8;-50;-25;NOK;-16;-17;0;-20;-21.5;-50;-25;NOK;300;311;300;565;OK;0;0;N/A;N/A;N/A;N/A;N/A;N/A;N/A;N/A;N/A;N/A;N/A;N/A;N/A;N/A;N/A;N/A;N/A;N/A;N/A;N/A;N/A;N/A;N/A;N/A;N/A;N/A;N/A;N/A;N/A;N/A;N/A;N/A;N/A;N/A;N/A;N/A;N/A;N/A;N/A;N/A;N/A;N/A;N/A;N/A;N/A;N/A;N/A;N/A;N/A;N/A;N/A;N/A;N/A;N/A;N/A;N/A;N/A;N/A;N/A;N/A;N/A;N/A;N/A;N/A;N/A;N/A;N/A;N/A;N/A;N/A;N/A;N/A;N/A;N/A;N/A;N/A;N/A;N/A;N/A;N/A;N/A;N/A;N/A;N/A;N/A;N/A;N/A;N/A;N/A;N/A;N/A;N/A;N/A;N/A;N/A;N/A;N/A;N/A;;0;283;0;0;;Disabled;TempStop;3;740;291.6;146.6;253.6;0;599.9;549.9;Enabled;PosOk;3;0;1.2;0;0;0;15;Disabled;0;0;0;0;0;0;0;0;0;0;0;0;0;0;0;0;0;0;0;0;0;0;0;0;0;0;0;0;0;0;0;0;0;0;0;0;0;0;0;0;0;0;0;0;0;0;0;0;0;0;0;0;0;0;0;0;0;0;0;0;0;0;0;0;0;0;0;0;0;0;30;30;20;45;30;30;20;45;30;30;20;45;30;30;20;45;200;215;100;300;200;213;100;300;200;208;100;300;200;208;100;300;30;30;20;45;30;30;20;45;30;31;20;45;30;30;20;45;200;231;100;300;200;230;100;300;200;145;100;300;200;145;100;300;4;2;0.4;6;4;5;0.4;6;4;2;0.4;6;4;5;0.4;6;4;3;0.4;6;4;5;0.4;6;4;3;0.4;6;4;5;0.4;6;NOK;NOK;OK;8000;8073;7500;9000;OK;6.81;0;8;12;NOK;N/A;1.85;N/A;N/A;N/A;9;13.3;7;18;OK;;0;0;0;-;Disabled;TempOk;3;230;36.4;36.2;36.7;0;349.9;441354200 daimler 6900-7200;441354200 daimler 6900-7200;441354200 daimler 6900-7200
20260325_06:35:51;0;3;4;930;918.1;890;970;OK;930;931.2;890;970;OK;932.4;931.9;-20;-22.9;-50;-25;NOK;-20;-20.3;-50;-25;NOK;-19.9;-20.6;0;-20;-22.7;-50;-25;NOK;300;311;300;565;OK;0;0;N/A;N/A;N/A;N/A;N/A;N/A;N/A;N/A;N/A;N/A;N/A;N/A;N/A;N/A;N/A;N/A;N/A;N/A;N/A;N/A;N/A;N/A;N/A;N/A;N/A;N/A;N/A;N/A;N/A;N/A;N/A;N/A;N/A;N/A;N/A;N/A;N/A;N/A;N/A;N/A;N/A;N/A;N/A;N/A;N/A;N/A;N/A;N/A;N/A;N/A;N/A;N/A;N/A;N/A;N/A;N/A;N/A;N/A;N/A;N/A;N/A;N/A;N/A;N/A;N/A;N/A;N/A;N/A;N/A;N/A;N/A;N/A;N/A;N/A;N/A;N/A;N/A;N/A;N/A;N/A;N/A;N/A;N/A;N/A;N/A;N/A;N/A;N/A;N/A;N/A;N/A;N/A;N/A;N/A;N/A;N/A;N/A;N/A;;0;282.8;0;0;;Disabled;TempStop;3;740;293.4;153.9;254.4;0;599.9;549.9;Enabled;PosOk;3;0;0;0;0;0;15;Disabled;0;0;0;0;0;0;0;0;0;0;0;0;0;0;0;0;0;0;0;0;0;0;0;0;0;0;0;0;0;0;0;0;0;0;0;0;0;0;0;0;0;0;0;0;0;0;0;0;0;0;0;0;0;0;0;0;0;0;0;0;0;0;0;0;0;0;0;0;0;0;30;30;20;45;30;30;20;45;30;30;20;45;30;30;20;45;200;215;100;300;200;213;100;300;200;208;100;300;200;208;100;300;30;30;20;45;30;30;20;45;30;31;20;45;30;30;20;45;200;231;100;300;200;229;100;300;200;144;100;300;200;145;100;300;4;2;0.4;6;4;5;0.4;6;4;2;0.4;6;4;5;0.4;6;4;3;0.4;6;4;5;0.4;6;4;2;0.4;6;4;5;0.4;6;NOK;NOK;OK;8000;8071;7500;9000;OK;6.81;0;8;12;NOK;N/A;1.85;N/A;N/A;N/A;9;13.4;7;18;OK;;0;0;0;-;Disabled;TempOk;3;230;36.4;35.9;36.7;0;349.9;441354200 daimler 6900-7200;441354200 daimler 6900-7200;441354200 daimler 6900-7200
20260325_06:36:27;0;1;4;930;917.3;890;970;OK;930;931.6;890;970;OK;932.4;931.9;-20;-14.2;-50;-25;NOK;-20;-14;-50;-25;NOK;-17.3;-15.7;0;-20;-14.2;-50;-25;NOK;300;311;300;565;OK;0;0;N/A;N/A;N/A;N/A;N/A;N/A;N/A;N/A;N/A;N/A;N/A;N/A;N/A;N/A;N/A;N/A;N/A;N/A;N/A;N/A;N/A;N/A;N/A;N/A;N/A;N/A;N/A;N/A;N/A;N/A;N/A;N/A;N/A;N/A;N/A;N/A;N/A;N/A;N/A;N/A;N/A;N/A;N/A;N/A;N/A;N/A;N/A;N/A;N/A;N/A;N/A;N/A;N/A;N/A;N/A;N/A;N/A;N/A;N/A;N/A;N/A;N/A;N/A;N/A;N/A;N/A;N/A;N/A;N/A;N/A;N/A;N/A;N/A;N/A;N/A;N/A;N/A;N/A;N/A;N/A;N/A;N/A;N/A;N/A;N/A;N/A;N/A;N/A;N/A;N/A;N/A;N/A;N/A;N/A;N/A;N/A;N/A;N/A;;0;284.5;0;0;;Disabled;TempStop;3;740;292.8;151.3;255;0;599.9;549.9;Enabled;PosOk;3;0;0;0;0;0;15;Disabled;0;0;0;0;0;0;0;0;0;0;0;0;0;0;0;0;0;0;0;0;0;0;0;0;0;0;0;0;0;0;0;0;0;0;0;0;0;0;0;0;0;0;0;0;0;0;0;0;0;0;0;0;0;0;0;0;0;0;0;0;0;0;0;0;0;0;0;0;35;58;30;30;20;45;30;30;20;45;30;30;20;45;30;30;20;45;200;215;100;300;200;213;100;300;200;207;100;300;200;207;100;300;30;30;20;45;30;30;20;45;30;31;20;45;30;30;20;45;200;231;100;300;200;229;100;300;200;145;100;300;200;145;100;300;4;2;0.4;6;4;5;0.4;6;4;2;0.4;6;4;5;0.4;6;4;3;0.4;6;4;5;0.4;6;4;3;0.4;6;4;5;0.4;6;NOK;NOK;OK;8000;8077;7500;9000;OK;6.82;0;8;12;NOK;N/A;1.85;N/A;N/A;N/A;9;13.5;7;18;OK;;0;0;0;-;Disabled;TempOk;3;230;36.7;35.9;36.9;0;349.9;441354200 daimler 6900-7200;441354200 daimler 6900-7200;441354200 daimler 6900-7200
20260325_06:37:03;0;1;1;930;919.7;890;970;OK;930;931.5;890;970;OK;932.6;932;-20;-18.3;-50;-25;NOK;-20;-18.1;-50;-25;NOK;-17.8;-17.8;0;-20;-18.3;-50;-25;NOK;300;311;300;565;OK;0;0;N/A;N/A;N/A;N/A;N/A;N/A;N/A;N/A;N/A;N/A;N/A;N/A;N/A;N/A;N/A;N/A;N/A;N/A;N/A;N/A;N/A;N/A;N/A;N/A;N/A;N/A;N/A;N/A;N/A;N/A;N/A;N/A;N/A;N/A;N/A;N/A;N/A;N/A;N/A;N/A;N/A;N/A;N/A;N/A;N/A;N/A;N/A;N/A;N/A;N/A;N/A;N/A;N/A;N/A;N/A;N/A;N/A;N/A;N/A;N/A;N/A;N/A;N/A;N/A;N/A;N/A;N/A;N/A;N/A;N/A;N/A;N/A;N/A;N/A;N/A;N/A;N/A;N/A;N/A;N/A;N/A;N/A;N/A;N/A;N/A;N/A;N/A;N/A;N/A;N/A;N/A;N/A;N/A;N/A;N/A;N/A;N/A;N/A;;0;287;0;0;;Disabled;TempStop;3;740;295.7;153.3;255.9;0;599.9;549.9;Enabled;PosOk;3;0;0;0;0;0;15;Disabled;0;0;0;0;0;0;0;0;0;0;0;0;0;0;0;0;0;0;0;0;0;0;0;0;0;0;0;0;0;0;0;0;0;0;0;0;0;0;0;0;0;0;0;0;0;0;0;0;0;0;0;0;0;0;0;0;0;0;0;0;0;0;0;0;0;0;0;0;0;0;30;30;20;45;30;30;20;45;30;30;20;45;30;30;20;45;200;215;100;300;200;213;100;300;200;208;100;300;200;208;100;300;30;30;20;45;30;30;20;45;30;31;20;45;30;30;20;45;200;231;100;300;200;229;100;300;200;144;100;300;200;146;100;300;4;2;0.4;6;4;5;0.4;6;4;2;0.4;6;4;5;0.4;6;4;3;0.4;6;4;5;0.4;6;4;3;0.4;6;4;5;0.4;6;NOK;NOK;OK;8000;8100;7500;9000;OK;6.82;0;8;12;NOK;N/A;1.85;N/A;N/A;N/A;9;13.5;7;18;OK;;0;0;0;-;Disabled;TempOk;3;230;36.9;36.4;37.4;0;349.9;441354200 daimler 6900-7200;441354200 daimler 6900-7200;441354200 daimler 6900-7200
20260325_06:37:39;0;3;5;930;921.3;890;970;OK;930;930.8;890;970;OK;931.5;931;-20;-17;-50;-25;NOK;-20;-16.4;-50;-25;NOK;-20.8;-19.5;0;-20;-16.9;-50;-25;NOK;300;311;300;565;OK;0;0;N/A;N/A;N/A;N/A;N/A;N/A;N/A;N/A;N/A;N/A;N/A;N/A;N/A;N/A;N/A;N/A;N/A;N/A;N/A;N/A;N/A;N/A;N/A;N/A;N/A;N/A;N/A;N/A;N/A;N/A;N/A;N/A;N/A;N/A;N/A;N/A;N/A;N/A;N/A;N/A;N/A;N/A;N/A;N/A;N/A;N/A;N/A;N/A;N/A;N/A;N/A;N/A;N/A;N/A;N/A;N/A;N/A;N/A;N/A;N/A;N/A;N/A;N/A;N/A;N/A;N/A;N/A;N/A;N/A;N/A;N/A;N/A;N/A;N/A;N/A;N/A;N/A;N/A;N/A;N/A;N/A;N/A;N/A;N/A;N/A;N/A;N/A;N/A;N/A;N/A;N/A;N/A;N/A;N/A;N/A;N/A;N/A;N/A;;0;282.3;0;0;;Disabled;TempStop;3;740;291;145.4;251.9;0;599.9;549.9;Enabled;PosOk;3;0;0.1;0;0;0;15;Disabled;0;0;0;0;0;0;0;0;0;0;0;0;0;0;0;0;0;0;0;0;0;0;0;0;0;0;0;0;0;0;0;0;0;0;0;0;0;0;0;0;0;0;0;0;0;0;0;0;0;0;0;0;0;0;0;0;0;0;0;0;0;0;0;0;0;0;0;0;0;0;30;30;20;45;30;30;20;45;30;30;20;45;30;30;20;45;200;215;100;300;200;213;100;300;200;207;100;300;200;208;100;300;30;30;20;45;30;30;20;45;30;31;20;45;30;30;20;45;200;231;100;300;200;229;100;300;200;144;100;300;200;145;100;300;4;2;0.4;6;4;5;0.4;6;4;2;0.4;6;4;5;0.4;6;4;3;0.4;6;4;5;0.4;6;4;3;0.4;6;4;5;0.4;6;NOK;NOK;OK;8000;8074;7500;9000;OK;6.82;0;8;12;NOK;N/A;1.86;N/A;N/A;N/A;9;13.6;7;18;OK;;0;0;0;-;Disabled;TempOk;3;230;35.9;35.7;35.9;0;349.9;441354200 daimler 6900-7200;441354200 daimler 6900-7200;441354200 daimler 6900-7200
20260325_06:38:15;0;3;1;930;919.7;890;970;OK;930;931.7;890;970;OK;933.7;932.9;-20;-18.5;-50;-25;NOK;-20;-17.5;-50;-25;NOK;-14.9;-16;0;-20;-18.6;-50;-25;NOK;300;311;300;565;OK;0;0;N/A;N/A;N/A;N/A;N/A;N/A;N/A;N/A;N/A;N/A;N/A;N/A;N/A;N/A;N/A;N/A;N/A;N/A;N/A;N/A;N/A;N/A;N/A;N/A;N/A;N/A;N/A;N/A;N/A;N/A;N/A;N/A;N/A;N/A;N/A;N/A;N/A;N/A;N/A;N/A;N/A;N/A;N/A;N/A;N/A;N/A;N/A;N/A;N/A;N/A;N/A;N/A;N/A;N/A;N/A;N/A;N/A;N/A;N/A;N/A;N/A;N/A;N/A;N/A;N/A;N/A;N/A;N/A;N/A;N/A;N/A;N/A;N/A;N/A;N/A;N/A;N/A;N/A;N/A;N/A;N/A;N/A;N/A;N/A;N/A;N/A;N/A;N/A;N/A;N/A;N/A;N/A;N/A;N/A;N/A;N/A;N/A;N/A;;0;284;0;0;;Disabled;TempStop;3;740;292.7;149;253.9;0;599.9;549.9;Enabled;PosOk;3;0;0;0;0;0;15;Disabled;0;0;0;0;0;0;0;0;0;0;0;0;0;0;0;0;0;0;0;0;0;0;0;0;0;0;0;0;0;0;0;0;0;0;0;0;0;0;0;0;0;0;0;0;0;0;0;0;0;0;0;0;0;0;0;0;0;0;0;0;0;0;0;0;0;0;0;0;0;0;30;30;20;45;30;30;20;45;30;30;20;45;30;30;20;45;200;215;100;300;200;213;100;300;200;209;100;300;200;207;100;300;30;30;20;45;30;30;20;45;30;30;20;45;30;30;20;45;200;231;100;300;200;230;100;300;200;144;100;300;200;145;100;300;4;2;0.4;6;4;5;0.4;6;4;2;0.4;6;4;5;0.4;6;4;3;0.4;6;4;5;0.4;6;4;3;0.4;6;4;5;0.4;6;NOK;NOK;OK;8000;8066;7500;9000;OK;6.81;0;8;12;NOK;N/A;1.85;N/A;N/A;N/A;9;13.1;7;18;OK;;0;0;0;-;Disabled;TempOk;3;230;36.2;36.9;35.9;0;349.9;441354200 daimler 6900-7200;441354200 daimler 6900-7200;441354200 daimler 6900-7200
20260325_06:38:51;0;1;2;930;918.8;890;970;OK;930;931.4;890;970;OK;932.8;932.1;-20;-14.7;-50;-25;NOK;-20;-14.5;-50;-25;NOK;-17.5;-16.5;0;-20;-14.7;-50;-25;NOK;300;311;300;565;OK;0;0;N/A;N/A;N/A;N/A;N/A;N/A;N/A;N/A;N/A;N/A;N/A;N/A;N/A;N/A;N/A;N/A;N/A;N/A;N/A;N/A;N/A;N/A;N/A;N/A;N/A;N/A;N/A;N/A;N/A;N/A;N/A;N/A;N/A;N/A;N/A;N/A;N/A;N/A;N/A;N/A;N/A;N/A;N/A;N/A;N/A;N/A;N/A;N/A;N/A;N/A;N/A;N/A;N/A;N/A;N/A;N/A;N/A;N/A;N/A;N/A;N/A;N/A;N/A;N/A;N/A;N/A;N/A;N/A;N/A;N/A;N/A;N/A;N/A;N/A;N/A;N/A;N/A;N/A;N/A;N/A;N/A;N/A;N/A;N/A;N/A;N/A;N/A;N/A;N/A;N/A;N/A;N/A;N/A;N/A;N/A;N/A;N/A;N/A;;0;283.4;0;0;;Disabled;TempStop;3;740;299.2;158.6;261.2;0;599.9;549.9;Enabled;PosOk;3;0;0.8;0;0;0;15;Disabled;0;0;0;0;0;0;0;0;0;0;0;0;0;0;0;0;0;0;0;0;0;0;0;0;0;0;0;0;0;0;0;0;0;0;0;0;0;0;0;0;0;0;0;0;0;0;0;0;0;0;0;0;0;0;0;0;0;0;0;0;0;0;0;0;0;0;0;0;0;0;30;30;20;45;30;30;20;45;30;30;20;45;30;30;20;45;200;215;100;300;200;213;100;300;200;208;100;300;200;208;100;300;30;30;20;45;30;30;20;45;30;31;20;45;30;30;20;45;200;232;100;300;200;229;100;300;200;145;100;300;200;145;100;300;4;2;0.4;6;4;5;0.4;6;4;2;0.4;6;4;5;0.4;6;4;3;0.4;6;4;5;0.4;6;4;2;0.4;6;4;5;0.4;6;NOK;NOK;OK;8000;8067;7500;9000;OK;6.81;0;8;12;NOK;N/A;1.85;N/A;N/A;N/A;9;13;7;18;OK;;0;0;0;-;Disabled;TempOk;3;230;36.4;35.7;36.2;0;349.9;441354200 daimler 6900-7200;441354200 daimler 6900-7200;441354200 daimler 6900-7200
20260325_06:39:27;0;3;2;930;919.2;890;970;OK;930;931.6;890;970;OK;932.7;932.2;-20;-18.2;-50;-25;NOK;-20;-18.2;-50;-25;NOK;-16.8;-17.9;0;-20;-18.1;-50;-25;NOK;300;311;300;565;OK;0;0;N/A;N/A;N/A;N/A;N/A;N/A;N/A;N/A;N/A;N/A;N/A;N/A;N/A;N/A;N/A;N/A;N/A;N/A;N/A;N/A;N/A;N/A;N/A;N/A;N/A;N/A;N/A;N/A;N/A;N/A;N/A;N/A;N/A;N/A;N/A;N/A;N/A;N/A;N/A;N/A;N/A;N/A;N/A;N/A;N/A;N/A;N/A;N/A;N/A;N/A;N/A;N/A;N/A;N/A;N/A;N/A;N/A;N/A;N/A;N/A;N/A;N/A;N/A;N/A;N/A;N/A;N/A;N/A;N/A;N/A;N/A;N/A;N/A;N/A;N/A;N/A;N/A;N/A;N/A;N/A;N/A;N/A;N/A;N/A;N/A;N/A;N/A;N/A;N/A;N/A;N/A;N/A;N/A;N/A;N/A;N/A;N/A;N/A;;0;283.4;0;0;;Disabled;TempStop;3;740;291.7;146.5;252.5;0;599.9;549.9;Enabled;PosOk;3;0;0;0;0;0;15;Disabled;0;0;0;0;0;0;0;0;0;0;0;0;0;0;0;0;0;0;0;0;0;0;0;0;0;0;0;0;0;0;0;0;0;0;0;0;0;0;0;0;0;0;0;0;0;0;0;0;0;0;0;0;0;0;0;0;0;0;0;0;0;0;0;0;0;0;0;0;0;0;30;30;20;45;30;30;20;45;30;31;20;45;30;30;20;45;200;216;100;300;200;213;100;300;200;208;100;300;200;208;100;300;30;30;20;45;30;30;20;45;30;31;20;45;30;30;20;45;200;232;100;300;200;229;100;300;200;144;100;300;200;145;100;300;4;2;0.4;6;4;5;0.4;6;4;2;0.4;6;4;5;0.4;6;4;3;0.4;6;4;5;0.4;6;4;3;0.4;6;4;5;0.4;6;NOK;NOK;OK;8000;8098;7500;9000;OK;6.82;0;8;12;NOK;N/A;1.85;N/A;N/A;N/A;9;12.9;7;18;OK;;0;0;0;-;Disabled;TempOk;3;230;36.4;35.4;36.9;0;349.9;441354200 daimler 6900-7200;441354200 daimler 6900-7200;441354200 daimler 6900-7200
20260325_06:40:03;0;1;3;930;919.4;890;970;OK;930;931.2;890;970;OK;932.2;931.7;-20;-16.2;-50;-25;NOK;-20;-16.3;-50;-25;NOK;-17.8;-17.8;0;-20;-16.1;-50;-25;NOK;300;311;300;565;OK;0;0;N/A;N/A;N/A;N/A;N/A;N/A;N/A;N/A;N/A;N/A;N/A;N/A;N/A;N/A;N/A;N/A;N/A;N/A;N/A;N/A;N/A;N/A;N/A;N/A;N/A;N/A;N/A;N/A;N/A;N/A;N/A;N/A;N/A;N/A;N/A;N/A;N/A;N/A;N/A;N/A;N/A;N/A;N/A;N/A;N/A;N/A;N/A;N/A;N/A;N/A;N/A;N/A;N/A;N/A;N/A;N/A;N/A;N/A;N/A;N/A;N/A;N/A;N/A;N/A;N/A;N/A;N/A;N/A;N/A;N/A;N/A;N/A;N/A;N/A;N/A;N/A;N/A;N/A;N/A;N/A;N/A;N/A;N/A;N/A;N/A;N/A;N/A;N/A;N/A;N/A;N/A;N/A;N/A;N/A;N/A;N/A;N/A;N/A;;0;284.1;0;0;;Disabled;TempStop;3;740;295;151;255.7;0;599.9;549.9;Enabled;PosOk;3;0;0.3;0;0;0;15;Disabled;0;0;0;0;0;0;0;0;0;0;0;0;0;0;0;0;0;0;0;0;0;0;0;0;0;0;0;0;0;0;0;0;0;0;0;0;0;0;0;0;0;0;0;0;0;0;0;0;0;0;0;0;0;0;0;0;0;0;0;0;0;0;0;0;0;0;0;0;39;34;30;30;20;45;30;30;20;45;30;31;20;45;30;30;20;45;200;216;100;300;200;213;100;300;200;209;100;300;200;208;100;300;30;30;20;45;30;30;20;45;30;31;20;45;30;30;20;45;200;232;100;300;200;231;100;300;200;145;100;300;200;145;100;300;4;3;0.4;6;4;5;0.4;6;4;2;0.4;6;4;5;0.4;6;4;3;0.4;6;4;5;0.4;6;4;3;0.4;6;4;5;0.4;6;NOK;NOK;OK;8000;8062;7500;9000;OK;6.81;0;8;12;NOK;N/A;1.85;N/A;N/A;N/A;9;12.8;7;18;OK;;0;0;0;-;Disabled;TempOk;3;230;36.4;35.9;36.2;0;349.9;441354200 daimler 6900-7200;441354200 daimler 6900-7200;441354200 daimler 6900-7200
20260325_06:40:39;0;3;3;930;919.1;890;970;OK;930;931.7;890;970;OK;932.7;932.1;-20;-17.8;-50;-25;NOK;-20;-17.3;-50;-25;NOK;-15.4;-16.4;0;-20;-17.7;-50;-25;NOK;300;311;300;565;OK;0;0;N/A;N/A;N/A;N/A;N/A;N/A;N/A;N/A;N/A;N/A;N/A;N/A;N/A;N/A;N/A;N/A;N/A;N/A;N/A;N/A;N/A;N/A;N/A;N/A;N/A;N/A;N/A;N/A;N/A;N/A;N/A;N/A;N/A;N/A;N/A;N/A;N/A;N/A;N/A;N/A;N/A;N/A;N/A;N/A;N/A;N/A;N/A;N/A;N/A;N/A;N/A;N/A;N/A;N/A;N/A;N/A;N/A;N/A;N/A;N/A;N/A;N/A;N/A;N/A;N/A;N/A;N/A;N/A;N/A;N/A;N/A;N/A;N/A;N/A;N/A;N/A;N/A;N/A;N/A;N/A;N/A;N/A;N/A;N/A;N/A;N/A;N/A;N/A;N/A;N/A;N/A;N/A;N/A;N/A;N/A;N/A;N/A;N/A;;0;282.7;0;0;;Disabled;TempStop;3;740;291.7;145.7;251.6;0;599.9;549.9;Enabled;PosOk;3;0;1;0;0;0;15;Disabled;0;0;0;0;0;0;0;0;0;0;0;0;0;0;0;0;0;0;0;0;0;0;0;0;0;0;0;0;0;0;0;0;0;0;0;0;0;0;0;0;0;0;0;0;0;0;0;0;0;0;0;0;0;0;0;0;0;0;0;0;0;0;0;0;0;0;0;0;0;0;30;30;20;45;30;30;20;45;30;31;20;45;30;30;20;45;200;215;100;300;200;213;100;300;200;208;100;300;200;208;100;300;30;30;20;45;30;30;20;45;30;31;20;45;30;30;20;45;200;231;100;300;200;229;100;300;200;144;100;300;200;145;100;300;4;3;0.4;6;4;5;0.4;6;4;2;0.4;6;4;5;0.4;6;4;3;0.4;6;4;5;0.4;6;4;2;0.4;6;4;5;0.4;6;NOK;NOK;OK;8000;8088;7500;9000;OK;6.82;0;8;12;NOK;N/A;1.85;N/A;N/A;N/A;9;12.7;7;18;OK;;0;0;0;-;Disabled;TempOk;3;230;36.4;36.4;36.7;0;349.9;441354200 daimler 6900-7200;441354200 daimler 6900-7200;441354200 daimler 6900-7200
20260325_06:41:15;0;3;4;930;919.9;890;970;OK;930;931.1;890;970;OK;932.3;931.7;-20;-19.9;-50;-25;NOK;-20;-19.7;-50;-25;NOK;-19.4;-20;0;-20;-19.8;-50;-25;NOK;300;311;300;565;OK;0;0;N/A;N/A;N/A;N/A;N/A;N/A;N/A;N/A;N/A;N/A;N/A;N/A;N/A;N/A;N/A;N/A;N/A;N/A;N/A;N/A;N/A;N/A;N/A;N/A;N/A;N/A;N/A;N/A;N/A;N/A;N/A;N/A;N/A;N/A;N/A;N/A;N/A;N/A;N/A;N/A;N/A;N/A;N/A;N/A;N/A;N/A;N/A;N/A;N/A;N/A;N/A;N/A;N/A;N/A;N/A;N/A;N/A;N/A;N/A;N/A;N/A;N/A;N/A;N/A;N/A;N/A;N/A;N/A;N/A;N/A;N/A;N/A;N/A;N/A;N/A;N/A;N/A;N/A;N/A;N/A;N/A;N/A;N/A;N/A;N/A;N/A;N/A;N/A;N/A;N/A;N/A;N/A;N/A;N/A;N/A;N/A;N/A;N/A;;0;282.8;0;0;;Disabled;TempStop;3;740;293.6;152.6;256.1;0;599.9;549.9;Enabled;PosOk;3;0;0;0;0;0;15;Disabled;0;0;0;0;0;0;0;0;0;0;0;0;0;0;0;0;0;0;0;0;0;0;0;0;0;0;0;0;0;0;0;0;0;0;0;0;0;0;0;0;0;0;0;0;0;0;0;0;0;0;0;0;0;0;0;0;0;0;0;0;0;0;0;0;0;0;0;0;0;0;30;30;20;45;30;30;20;45;30;31;20;45;30;30;20;45;200;216;100;300;200;213;100;300;200;208;100;300;200;208;100;300;30;30;20;45;30;29;20;45;30;31;20;45;30;30;20;45;200;231;100;300;200;229;100;300;200;145;100;300;200;145;100;300;4;2;0.4;6;4;5;0.4;6;4;2;0.4;6;4;5;0.4;6;4;3;0.4;6;4;5;0.4;6;4;3;0.4;6;4;5;0.4;6;NOK;NOK;OK;8000;8075;7500;9000;OK;6.82;0;8;12;NOK;N/A;1.85;N/A;N/A;N/A;9;12.7;7;18;OK;;0;0;0;-;Disabled;TempOk;3;230;36.2;36.2;36.4;0;349.9;441354200 daimler 6900-7200;441354200 daimler 6900-7200;441354200 daimler 6900-7200
20260325_06:41:50;0;1;4;930;917.9;890;970;OK;930;931.4;890;970;OK;932.2;931.8;-20;-14;-50;-25;NOK;-20;-13.6;-50;-25;NOK;-16.6;-15.2;0;-20;-14;-50;-25;NOK;300;311;300;565;OK;0;0;N/A;N/A;N/A;N/A;N/A;N/A;N/A;N/A;N/A;N/A;N/A;N/A;N/A;N/A;N/A;N/A;N/A;N/A;N/A;N/A;N/A;N/A;N/A;N/A;N/A;N/A;N/A;N/A;N/A;N/A;N/A;N/A;N/A;N/A;N/A;N/A;N/A;N/A;N/A;N/A;N/A;N/A;N/A;N/A;N/A;N/A;N/A;N/A;N/A;N/A;N/A;N/A;N/A;N/A;N/A;N/A;N/A;N/A;N/A;N/A;N/A;N/A;N/A;N/A;N/A;N/A;N/A;N/A;N/A;N/A;N/A;N/A;N/A;N/A;N/A;N/A;N/A;N/A;N/A;N/A;N/A;N/A;N/A;N/A;N/A;N/A;N/A;N/A;N/A;N/A;N/A;N/A;N/A;N/A;N/A;N/A;N/A;N/A;;0;285.3;0;0;;Disabled;TempStop;3;740;294.5;151;252.2;0;599.9;549.9;Enabled;PosOk;3;0;0;0;0;0;15;Disabled;0;0;0;0;0;0;0;0;0;0;0;0;0;0;0;0;0;0;0;0;0;0;0;0;0;0;0;0;0;0;0;0;0;0;0;0;0;0;0;0;0;0;0;0;0;0;0;0;0;0;0;0;0;0;0;0;0;0;0;0;0;0;0;0;0;0;0;0;41;22;30;30;20;45;30;29;20;45;30;30;20;45;30;29;20;45;200;216;100;300;200;213;100;300;200;208;100;300;200;208;100;300;30;29;20;45;30;29;20;45;30;30;20;45;30;30;20;45;200;231;100;300;200;230;100;300;200;144;100;300;200;146;100;300;4;2;0.4;6;4;5;0.4;6;4;2;0.4;6;4;5;0.4;6;4;3;0.4;6;4;5;0.4;6;4;2;0.4;6;4;5;0.4;6;NOK;NOK;OK;8000;8097;7500;9000;OK;6.82;0;8;12;NOK;N/A;1.85;N/A;N/A;N/A;9;12.6;7;18;OK;;0;0;0;-;Disabled;TempOk;3;230;36.9;35.9;36.7;0;349.9;441354200 daimler 6900-7200;441354200 daimler 6900-7200;441354200 daimler 6900-7200
20260325_06:42:26;0;1;1;930;919.7;890;970;OK;930;931.3;890;970;OK;932.5;932;-20;-18.2;-50;-25;NOK;-20;-17.9;-50;-25;NOK;-17.5;-17.5;0;-20;-18.2;-50;-25;NOK;300;311;300;565;OK;0;0;N/A;N/A;N/A;N/A;N/A;N/A;N/A;N/A;N/A;N/A;N/A;N/A;N/A;N/A;N/A;N/A;N/A;N/A;N/A;N/A;N/A;N/A;N/A;N/A;N/A;N/A;N/A;N/A;N/A;N/A;N/A;N/A;N/A;N/A;N/A;N/A;N/A;N/A;N/A;N/A;N/A;N/A;N/A;N/A;N/A;N/A;N/A;N/A;N/A;N/A;N/A;N/A;N/A;N/A;N/A;N/A;N/A;N/A;N/A;N/A;N/A;N/A;N/A;N/A;N/A;N/A;N/A;N/A;N/A;N/A;N/A;N/A;N/A;N/A;N/A;N/A;N/A;N/A;N/A;N/A;N/A;N/A;N/A;N/A;N/A;N/A;N/A;N/A;N/A;N/A;N/A;N/A;N/A;N/A;N/A;N/A;N/A;N/A;;0;285.9;0;0;;Disabled;TempStop;3;740;294.9;153.4;257.3;0;599.9;549.9;Enabled;PosOk;3;0;0;0;0;0;15;Disabled;0;0;0;0;0;0;0;0;0;0;0;0;0;0;0;0;0;0;0;0;0;0;0;0;0;0;0;0;0;0;0;0;0;0;0;0;0;0;0;0;0;0;0;0;0;0;0;0;0;0;0;0;0;0;0;0;0;0;0;0;0;0;0;0;0;0;0;0;0;0;30;30;20;45;30;30;20;45;30;30;20;45;30;30;20;45;200;216;100;300;200;213;100;300;200;208;100;300;200;208;100;300;30;30;20;45;30;30;20;45;30;30;20;45;30;30;20;45;200;231;100;300;200;230;100;300;200;145;100;300;200;146;100;300;4;2;0.4;6;4;5;0.4;6;4;2;0.4;6;4;5;0.4;6;4;3;0.4;6;4;5;0.4;6;4;2;0.4;6;4;5;0.4;6;NOK;NOK;OK;8000;8063;7500;9000;OK;6.82;0;8;12;NOK;N/A;1.85;N/A;N/A;N/A;9;12.7;7;18;OK;;0;0;0;-;Disabled;TempOk;3;230;36.4;35.9;36.4;0;349.9;441354200 daimler 6900-7200;441354200 daimler 6900-7200;441354200 daimler 6900-7200
20260325_06:43:02;0;3;5;930;920.4;890;970;OK;930;930.8;890;970;OK;931.4;930.9;-20;-16.1;-50;-25;NOK;-20;-16.3;-50;-25;NOK;-20.3;-19.1;0;-20;-16.1;-50;-25;NOK;300;311;300;565;OK;0;0;N/A;N/A;N/A;N/A;N/A;N/A;N/A;N/A;N/A;N/A;N/A;N/A;N/A;N/A;N/A;N/A;N/A;N/A;N/A;N/A;N/A;N/A;N/A;N/A;N/A;N/A;N/A;N/A;N/A;N/A;N/A;N/A;N/A;N/A;N/A;N/A;N/A;N/A;N/A;N/A;N/A;N/A;N/A;N/A;N/A;N/A;N/A;N/A;N/A;N/A;N/A;N/A;N/A;N/A;N/A;N/A;N/A;N/A;N/A;N/A;N/A;N/A;N/A;N/A;N/A;N/A;N/A;N/A;N/A;N/A;N/A;N/A;N/A;N/A;N/A;N/A;N/A;N/A;N/A;N/A;N/A;N/A;N/A;N/A;N/A;N/A;N/A;N/A;N/A;N/A;N/A;N/A;N/A;N/A;N/A;N/A;N/A;N/A;;0;281.1;0;0;;Disabled;TempStop;3;740;290;149.5;250.5;0;599.9;549.9;Enabled;PosOk;3;0;0;0;0;0;15;Disabled;0;0;0;0;0;0;0;0;0;0;0;0;0;0;0;0;0;0;0;0;0;0;0;0;0;0;0;0;0;0;0;0;0;0;0;0;0;0;0;0;0;0;0;0;0;0;0;0;0;0;0;0;0;0;0;0;0;0;0;0;0;0;0;0;0;0;0;0;0;0;30;30;20;45;30;30;20;45;30;30;20;45;30;30;20;45;200;216;100;300;200;214;100;300;200;208;100;300;200;208;100;300;30;30;20;45;30;30;20;45;30;31;20;45;30;30;20;45;200;231;100;300;200;230;100;300;200;145;100;300;200;145;100;300;4;2;0.4;6;4;5;0.4;6;4;2;0.4;6;4;5;0.4;6;4;3;0.4;6;4;5;0.4;6;4;2;0.4;6;4;5;0.4;6;NOK;NOK;OK;8000;8093;7500;9000;OK;6.82;0;8;12;NOK;N/A;1.89;N/A;N/A;N/A;9;13.3;7;18;OK;;0;0;0;-;Disabled;TempOk;3;230;35.9;35.4;35.9;0;349.9;441354200 daimler 6900-7200;441354200 daimler 6900-7200;441354200 daimler 6900-7200
20260325_06:43:38;0;3;1;930;919.3;890;970;OK;930;931.8;890;970;OK;933.6;932.8;-20;-17.9;-50;-25;NOK;-20;-17.3;-50;-25;NOK;-14.6;-15.7;0;-20;-18;-50;-25;NOK;300;311;300;565;OK;0;0;N/A;N/A;N/A;N/A;N/A;N/A;N/A;N/A;N/A;N/A;N/A;N/A;N/A;N/A;N/A;N/A;N/A;N/A;N/A;N/A;N/A;N/A;N/A;N/A;N/A;N/A;N/A;N/A;N/A;N/A;N/A;N/A;N/A;N/A;N/A;N/A;N/A;N/A;N/A;N/A;N/A;N/A;N/A;N/A;N/A;N/A;N/A;N/A;N/A;N/A;N/A;N/A;N/A;N/A;N/A;N/A;N/A;N/A;N/A;N/A;N/A;N/A;N/A;N/A;N/A;N/A;N/A;N/A;N/A;N/A;N/A;N/A;N/A;N/A;N/A;N/A;N/A;N/A;N/A;N/A;N/A;N/A;N/A;N/A;N/A;N/A;N/A;N/A;N/A;N/A;N/A;N/A;N/A;N/A;N/A;N/A;N/A;N/A;;0;283.1;0;0;;Disabled;TempStop;3;740;292;150.5;254.4;0;599.9;549.9;Enabled;PosOk;3;0;0.3;0;0;0;15;Disabled;0;0;0;0;0;0;0;0;0;0;0;0;0;0;0;0;0;0;0;0;0;0;0;0;0;0;0;0;0;0;0;0;0;0;0;0;0;0;0;0;0;0;0;0;0;0;0;0;0;0;0;0;0;0;0;0;0;0;0;0;0;0;0;0;0;0;0;0;0;0;30;30;20;45;30;30;20;45;30;30;20;45;30;30;20;45;200;215;100;300;200;213;100;300;200;208;100;300;200;208;100;300;30;30;20;45;30;30;20;45;30;30;20;45;30;30;20;45;200;231;100;300;200;229;100;300;200;145;100;300;200;145;100;300;4;2;0.4;6;4;5;0.4;6;4;2;0.4;6;4;5;0.4;6;4;3;0.4;6;4;5;0.4;6;4;2;0.4;6;4;5;0.4;6;NOK;NOK;OK;8000;8071;7500;9000;OK;6.81;0;8;12;NOK;N/A;1.85;N/A;N/A;N/A;9;13.2;7;18;OK;;0;0;0;-;Disabled;TempOk;3;230;36.4;35.9;36.2;0;349.9;441354200 daimler 6900-7200;441354200 daimler 6900-7200;441354200 daimler 6900-7200
20260325_06:44:14;0;1;2;930;919.1;890;970;OK;930;931.6;890;970;OK;932.7;932.1;-20;-14.4;-50;-25;NOK;-20;-14.4;-50;-25;NOK;-17.1;-16.2;0;-20;-14.4;-50;-25;NOK;300;311;300;565;OK;0;0;N/A;N/A;N/A;N/A;N/A;N/A;N/A;N/A;N/A;N/A;N/A;N/A;N/A;N/A;N/A;N/A;N/A;N/A;N/A;N/A;N/A;N/A;N/A;N/A;N/A;N/A;N/A;N/A;N/A;N/A;N/A;N/A;N/A;N/A;N/A;N/A;N/A;N/A;N/A;N/A;N/A;N/A;N/A;N/A;N/A;N/A;N/A;N/A;N/A;N/A;N/A;N/A;N/A;N/A;N/A;N/A;N/A;N/A;N/A;N/A;N/A;N/A;N/A;N/A;N/A;N/A;N/A;N/A;N/A;N/A;N/A;N/A;N/A;N/A;N/A;N/A;N/A;N/A;N/A;N/A;N/A;N/A;N/A;N/A;N/A;N/A;N/A;N/A;N/A;N/A;N/A;N/A;N/A;N/A;N/A;N/A;N/A;N/A;;0;283;0;0;;Disabled;TempStop;3;740;292.5;151.1;252.8;0;599.9;549.9;Enabled;PosOk;3;0;0.8;0;0;0;15;Disabled;0;0;0;0;0;0;0;0;0;0;0;0;0;0;0;0;0;0;0;0;0;0;0;0;0;0;0;0;0;0;0;0;0;0;0;0;0;0;0;0;0;0;0;0;0;0;0;0;0;0;0;0;0;0;0;0;0;0;0;0;0;0;0;0;0;0;0;0;0;0;30;30;20;45;30;30;20;45;30;31;20;45;30;30;20;45;200;216;100;300;200;213;100;300;200;209;100;300;200;208;100;300;30;30;20;45;30;30;20;45;30;31;20;45;30;30;20;45;200;231;100;300;200;230;100;300;200;145;100;300;200;145;100;300;4;3;0.4;6;4;5;0.4;6;4;2;0.4;6;4;5;0.4;6;4;3;0.4;6;4;5;0.4;6;4;3;0.4;6;4;5;0.4;6;NOK;NOK;OK;8000;8064;7500;9000;OK;6.82;0;8;12;NOK;N/A;1.85;N/A;N/A;N/A;9;13.2;7;18;OK;;0;0;0;-;Disabled;TempOk;3;230;36.9;35.7;36.4;0;349.9;441354200 daimler 6900-7200;441354200 daimler 6900-7200;441354200 daimler 6900-7200
20260325_06:44:50;0;3;2;930;919.2;890;970;OK;930;931.7;890;970;OK;932.9;932.2;-20;-17.6;-50;-25;NOK;-20;-18;-50;-25;NOK;-16.6;-17.7;0;-20;-17.5;-50;-25;NOK;300;311;300;565;OK;0;0;N/A;N/A;N/A;N/A;N/A;N/A;N/A;N/A;N/A;N/A;N/A;N/A;N/A;N/A;N/A;N/A;N/A;N/A;N/A;N/A;N/A;N/A;N/A;N/A;N/A;N/A;N/A;N/A;N/A;N/A;N/A;N/A;N/A;N/A;N/A;N/A;N/A;N/A;N/A;N/A;N/A;N/A;N/A;N/A;N/A;N/A;N/A;N/A;N/A;N/A;N/A;N/A;N/A;N/A;N/A;N/A;N/A;N/A;N/A;N/A;N/A;N/A;N/A;N/A;N/A;N/A;N/A;N/A;N/A;N/A;N/A;N/A;N/A;N/A;N/A;N/A;N/A;N/A;N/A;N/A;N/A;N/A;N/A;N/A;N/A;N/A;N/A;N/A;N/A;N/A;N/A;N/A;N/A;N/A;N/A;N/A;N/A;N/A;;0;283.4;0;0;;Disabled;TempStop;3;740;292.3;148.4;254.1;0;599.9;549.9;Enabled;PosOk;3;0;0;0;0;0;15;Disabled;0;0;0;0;0;0;0;0;0;0;0;0;0;0;0;0;0;0;0;0;0;0;0;0;0;0;0;0;0;0;0;0;0;0;0;0;0;0;0;0;0;0;0;0;0;0;0;0;0;0;0;0;0;0;0;0;0;0;0;0;0;0;0;0;0;0;0;0;0;0;30;30;20;45;30;30;20;45;30;31;20;45;30;30;20;45;200;216;100;300;200;213;100;300;200;208;100;300;200;208;100;300;30;30;20;45;30;30;20;45;30;31;20;45;30;30;20;45;200;231;100;300;200;230;100;300;200;145;100;300;200;146;100;300;4;3;0.4;6;4;5;0.4;6;4;2;0.4;6;4;5;0.4;6;4;3;0.4;6;4;5;0.4;6;4;2;0.4;6;4;5;0.4;6;NOK;NOK;OK;8000;8093;7500;9000;OK;6.82;0;8;12;NOK;N/A;1.85;N/A;N/A;N/A;9;13.4;7;18;OK;;0;0;0;-;Disabled;TempOk;3;230;36.2;35.9;36.2;0;349.9;441354200 daimler 6900-7200;441354200 daimler 6900-7200;441354200 daimler 6900-7200
20260325_06:45:26;0;1;3;930;920;890;970;OK;930;931.3;890;970;OK;932.4;931.7;-20;-15.9;-50;-25;NOK;-20;-16.1;-50;-25;NOK;-17.7;-17.7;0;-20;-15.8;-50;-25;NOK;300;311;300;565;OK;0;0;N/A;N/A;N/A;N/A;N/A;N/A;N/A;N/A;N/A;N/A;N/A;N/A;N/A;N/A;N/A;N/A;N/A;N/A;N/A;N/A;N/A;N/A;N/A;N/A;N/A;N/A;N/A;N/A;N/A;N/A;N/A;N/A;N/A;N/A;N/A;N/A;N/A;N/A;N/A;N/A;N/A;N/A;N/A;N/A;N/A;N/A;N/A;N/A;N/A;N/A;N/A;N/A;N/A;N/A;N/A;N/A;N/A;N/A;N/A;N/A;N/A;N/A;N/A;N/A;N/A;N/A;N/A;N/A;N/A;N/A;N/A;N/A;N/A;N/A;N/A;N/A;N/A;N/A;N/A;N/A;N/A;N/A;N/A;N/A;N/A;N/A;N/A;N/A;N/A;N/A;N/A;N/A;N/A;N/A;N/A;N/A;N/A;N/A;;0;284.5;0;0;;Disabled;TempStop;3;740;295.2;152.9;254.1;0;599.9;549.9;Enabled;PosOk;3;0;0;0;0;0;15;Disabled;0;0;0;0;0;0;0;0;0;0;0;0;0;0;0;0;0;0;0;0;0;0;0;0;0;0;0;0;0;0;0;0;0;0;0;0;0;0;0;0;0;0;0;0;0;0;0;0;0;0;0;0;0;0;0;0;0;0;0;0;0;0;0;0;0;0;0;0;44;57;30;30;20;45;30;30;20;45;30;30;20;45;30;30;20;45;200;215;100;300;200;214;100;300;200;208;100;300;200;208;100;300;30;30;20;45;30;29;20;45;30;30;20;45;30;30;20;45;200;231;100;300;200;230;100;300;200;145;100;300;200;146;100;300;4;2;0.4;6;4;5;0.4;6;4;2;0.4;6;4;5;0.4;6;4;3;0.4;6;4;5;0.4;6;4;2;0.4;6;4;5;0.4;6;NOK;NOK;OK;8000;8078;7500;9000;OK;6.82;0;8;12;NOK;N/A;1.85;N/A;N/A;N/A;9;13.4;7;18;OK;;0;0;0;-;Disabled;TempOk;3;230;36.2;35.4;35.9;0;349.9;441354200 daimler 6900-7200;441354200 daimler 6900-7200;441354200 daimler 6900-7200
20260325_06:46:02;0;3;3;930;919.2;890;970;OK;930;931.4;890;970;OK;932.4;932;-20;-17.2;-50;-25;NOK;-20;-17.2;-50;-25;NOK;-15.2;-16.2;0;-20;-17.2;-50;-25;NOK;300;311;300;565;OK;0;0;N/A;N/A;N/A;N/A;N/A;N/A;N/A;N/A;N/A;N/A;N/A;N/A;N/A;N/A;N/A;N/A;N/A;N/A;N/A;N/A;N/A;N/A;N/A;N/A;N/A;N/A;N/A;N/A;N/A;N/A;N/A;N/A;N/A;N/A;N/A;N/A;N/A;N/A;N/A;N/A;N/A;N/A;N/A;N/A;N/A;N/A;N/A;N/A;N/A;N/A;N/A;N/A;N/A;N/A;N/A;N/A;N/A;N/A;N/A;N/A;N/A;N/A;N/A;N/A;N/A;N/A;N/A;N/A;N/A;N/A;N/A;N/A;N/A;N/A;N/A;N/A;N/A;N/A;N/A;N/A;N/A;N/A;N/A;N/A;N/A;N/A;N/A;N/A;N/A;N/A;N/A;N/A;N/A;N/A;N/A;N/A;N/A;N/A;;0;283.3;0;0;;Disabled;TempStop;3;740;292.8;152.8;253.5;0;599.9;549.9;Enabled;PosOk;3;0;0.8;0;0;0;15;Disabled;0;0;0;0;0;0;0;0;0;0;0;0;0;0;0;0;0;0;0;0;0;0;0;0;0;0;0;0;0;0;0;0;0;0;0;0;0;0;0;0;0;0;0;0;0;0;0;0;0;0;0;0;0;0;0;0;0;0;0;0;0;0;0;0;0;0;0;0;0;0;30;30;20;45;30;30;20;45;30;30;20;45;30;30;20;45;200;215;100;300;200;213;100;300;200;208;100;300;200;208;100;300;30;30;20;45;30;30;20;45;30;30;20;45;30;30;20;45;200;231;100;300;200;229;100;300;200;145;100;300;200;146;100;300;4;2;0.4;6;4;5;0.4;6;4;2;0.4;6;4;5;0.4;6;4;3;0.4;6;4;5;0.4;6;4;2;0.4;6;4;5;0.4;6;NOK;NOK;OK;8000;8088;7500;9000;OK;6.82;0;8;12;NOK;N/A;1.85;N/A;N/A;N/A;9;13.4;7;18;OK;;0;0;0;-;Disabled;TempOk;3;230;36.2;35.9;36.4;0;349.9;441354200 daimler 6900-7200;441354200 daimler 6900-7200;441354200 daimler 6900-7200
20260325_06:46:38;0;3;4;930;919.4;890;970;OK;930;931.1;890;970;OK;932;931.6;-20;-19.4;-50;-25;NOK;-20;-19.7;-50;-25;NOK;-19.3;-20;0;-20;-19.2;-50;-25;NOK;300;311;300;565;OK;0;0;N/A;N/A;N/A;N/A;N/A;N/A;N/A;N/A;N/A;N/A;N/A;N/A;N/A;N/A;N/A;N/A;N/A;N/A;N/A;N/A;N/A;N/A;N/A;N/A;N/A;N/A;N/A;N/A;N/A;N/A;N/A;N/A;N/A;N/A;N/A;N/A;N/A;N/A;N/A;N/A;N/A;N/A;N/A;N/A;N/A;N/A;N/A;N/A;N/A;N/A;N/A;N/A;N/A;N/A;N/A;N/A;N/A;N/A;N/A;N/A;N/A;N/A;N/A;N/A;N/A;N/A;N/A;N/A;N/A;N/A;N/A;N/A;N/A;N/A;N/A;N/A;N/A;N/A;N/A;N/A;N/A;N/A;N/A;N/A;N/A;N/A;N/A;N/A;N/A;N/A;N/A;N/A;N/A;N/A;N/A;N/A;N/A;N/A;;0;280.9;0;0;;Disabled;TempStop;3;740;291.4;151.6;253;0;599.9;549.9;Enabled;PosOk;3;0;0;0;0;0;15;Disabled;0;0;0;0;0;0;0;0;0;0;0;0;0;0;0;0;0;0;0;0;0;0;0;0;0;0;0;0;0;0;0;0;0;0;0;0;0;0;0;0;0;0;0;0;0;0;0;0;0;0;0;0;0;0;0;0;0;0;0;0;0;0;0;0;0;0;0;0;0;0;30;30;20;45;30;30;20;45;30;30;20;45;30;30;20;45;200;215;100;300;200;213;100;300;200;208;100;300;200;208;100;300;30;30;20;45;30;30;20;45;30;31;20;45;30;30;20;45;200;231;100;300;200;230;100;300;200;145;100;300;200;145;100;300;4;3;0.4;6;4;5;0.4;6;4;2;0.4;6;4;5;0.4;6;4;3;0.4;6;4;5;0.4;6;4;2;0.4;6;4;5;0.4;6;NOK;NOK;OK;8000;8084;7500;9000;OK;6.82;0;8;12;NOK;N/A;1.85;N/A;N/A;N/A;9;13.6;7;18;OK;;0;0;0;-;Disabled;TempOk;3;230;36.4;35.9;36.9;0;349.9;441354200 daimler 6900-7200;441354200 daimler 6900-7200;441354200 daimler 6900-7200
20260325_06:47:14;0;1;4;930;918.2;890;970;OK;930;931.4;890;970;OK;932.2;932;-20;-13.6;-50;-25;NOK;-20;-13.5;-50;-25;NOK;-16.3;-15;0;-20;-13.6;-50;-25;NOK;300;311;300;565;OK;0;0;N/A;N/A;N/A;N/A;N/A;N/A;N/A;N/A;N/A;N/A;N/A;N/A;N/A;N/A;N/A;N/A;N/A;N/A;N/A;N/A;N/A;N/A;N/A;N/A;N/A;N/A;N/A;N/A;N/A;N/A;N/A;N/A;N/A;N/A;N/A;N/A;N/A;N/A;N/A;N/A;N/A;N/A;N/A;N/A;N/A;N/A;N/A;N/A;N/A;N/A;N/A;N/A;N/A;N/A;N/A;N/A;N/A;N/A;N/A;N/A;N/A;N/A;N/A;N/A;N/A;N/A;N/A;N/A;N/A;N/A;N/A;N/A;N/A;N/A;N/A;N/A;N/A;N/A;N/A;N/A;N/A;N/A;N/A;N/A;N/A;N/A;N/A;N/A;N/A;N/A;N/A;N/A;N/A;N/A;N/A;N/A;N/A;N/A;;0;284.4;0;0;;Disabled;TempStop;3;740;293.3;146;254.3;0;599.9;549.9;Enabled;PosOk;3;0;0;0;0;0;15;Disabled;0;0;0;0;0;0;0;0;0;0;0;0;0;0;0;0;0;0;0;0;0;0;0;0;0;0;0;0;0;0;0;0;0;0;0;0;0;0;0;0;0;0;0;0;0;0;0;0;0;0;0;0;0;0;0;0;0;0;0;0;0;0;0;0;0;0;0;0;46;45;30;30;20;45;30;30;20;45;30;30;20;45;30;30;20;45;200;215;100;300;200;213;100;300;200;207;100;300;200;208;100;300;30;30;20;45;30;30;20;45;30;30;20;45;30;30;20;45;200;231;100;300;200;230;100;300;200;145;100;300;200;145;100;300;4;2;0.4;6;4;5;0.4;6;4;2;0.4;6;4;5;0.4;6;4;3;0.4;6;4;5;0.4;6;4;2;0.4;6;4;5;0.4;6;NOK;NOK;OK;8000;8072;7500;9000;OK;6.82;0;8;12;NOK;N/A;1.85;N/A;N/A;N/A;9;13;7;18;OK;;0;0;0;-;Disabled;TempOk;3;230;36.4;35.7;36.4;0;349.9;441354200 daimler 6900-7200;441354200 daimler 6900-7200;441354200 daimler 6900-7200
20260325_06:47:50;0;1;1;930;919.2;890;970;OK;930;931.4;890;970;OK;932.5;932;-20;-17.9;-50;-25;NOK;-20;-17.7;-50;-25;NOK;-17.3;-17.2;0;-20;-17.9;-50;-25;NOK;300;311;300;565;OK;0;0;N/A;N/A;N/A;N/A;N/A;N/A;N/A;N/A;N/A;N/A;N/A;N/A;N/A;N/A;N/A;N/A;N/A;N/A;N/A;N/A;N/A;N/A;N/A;N/A;N/A;N/A;N/A;N/A;N/A;N/A;N/A;N/A;N/A;N/A;N/A;N/A;N/A;N/A;N/A;N/A;N/A;N/A;N/A;N/A;N/A;N/A;N/A;N/A;N/A;N/A;N/A;N/A;N/A;N/A;N/A;N/A;N/A;N/A;N/A;N/A;N/A;N/A;N/A;N/A;N/A;N/A;N/A;N/A;N/A;N/A;N/A;N/A;N/A;N/A;N/A;N/A;N/A;N/A;N/A;N/A;N/A;N/A;N/A;N/A;N/A;N/A;N/A;N/A;N/A;N/A;N/A;N/A;N/A;N/A;N/A;N/A;N/A;N/A;;0;286.7;0;0;;Disabled;TempStop;3;740;298;155.9;256.5;0;599.9;549.9;Enabled;PosOk;3;0;0;0;0;0;15;Disabled;0;0;0;0;0;0;0;0;0;0;0;0;0;0;0;0;0;0;0;0;0;0;0;0;0;0;0;0;0;0;0;0;0;0;0;0;0;0;0;0;0;0;0;0;0;0;0;0;0;0;0;0;0;0;0;0;0;0;0;0;0;0;0;0;0;0;0;0;0;0;30;30;20;45;30;30;20;45;30;30;20;45;30;30;20;45;200;216;100;300;200;213;100;300;200;208;100;300;200;208;100;300;30;30;20;45;30;30;20;45;30;31;20;45;30;30;20;45;200;231;100;300;200;229;100;300;200;145;100;300;200;145;100;300;4;2;0.4;6;4;5;0.4;6;4;2;0.4;6;4;5;0.4;6;4;3;0.4;6;4;5;0.4;6;4;2;0.4;6;4;5;0.4;6;NOK;NOK;OK;8000;8100;7500;9000;OK;6.82;0;8;12;NOK;N/A;1.85;N/A;N/A;N/A;9;13;7;18;OK;;0;0;0;-;Disabled;TempOk;3;230;36.2;35.9;36.2;0;349.9;441354200 daimler 6900-7200;441354200 daimler 6900-7200;441354200 daimler 6900-7200
20260325_06:48:26;0;3;5;930;920.9;890;970;OK;930;930.9;890;970;OK;931.5;930.9;-20;-16;-50;-25;NOK;-20;-16;-50;-25;NOK;-20.3;-18.8;0;-20;-16;-50;-25;NOK;300;311;300;565;OK;0;0;N/A;N/A;N/A;N/A;N/A;N/A;N/A;N/A;N/A;N/A;N/A;N/A;N/A;N/A;N/A;N/A;N/A;N/A;N/A;N/A;N/A;N/A;N/A;N/A;N/A;N/A;N/A;N/A;N/A;N/A;N/A;N/A;N/A;N/A;N/A;N/A;N/A;N/A;N/A;N/A;N/A;N/A;N/A;N/A;N/A;N/A;N/A;N/A;N/A;N/A;N/A;N/A;N/A;N/A;N/A;N/A;N/A;N/A;N/A;N/A;N/A;N/A;N/A;N/A;N/A;N/A;N/A;N/A;N/A;N/A;N/A;N/A;N/A;N/A;N/A;N/A;N/A;N/A;N/A;N/A;N/A;N/A;N/A;N/A;N/A;N/A;N/A;N/A;N/A;N/A;N/A;N/A;N/A;N/A;N/A;N/A;N/A;N/A;;0;282.3;0;0;;Disabled;TempStop;3;740;291.4;151.4;253.3;0;599.9;549.9;Enabled;PosOk;3;0;0.3;0;0;0;15;Disabled;0;0;0;0;0;0;0;0;0;0;0;0;0;0;0;0;0;0;0;0;0;0;0;0;0;0;0;0;0;0;0;0;0;0;0;0;0;0;0;0;0;0;0;0;0;0;0;0;0;0;0;0;0;0;0;0;0;0;0;0;0;0;0;0;0;0;0;0;0;0;30;30;20;45;30;30;20;45;30;30;20;45;30;30;20;45;200;215;100;300;200;213;100;300;200;208;100;300;200;208;100;300;30;30;20;45;30;30;20;45;30;31;20;45;30;30;20;45;200;231;100;300;200;229;100;300;200;145;100;300;200;145;100;300;4;2;0.4;6;4;5;0.4;6;4;2;0.4;6;4;5;0.4;6;4;3;0.4;6;4;5;0.4;6;4;2;0.4;6;4;5;0.4;6;NOK;NOK;OK;8000;8083;7500;9000;OK;6.82;0;8;12;NOK;N/A;1.85;N/A;N/A;N/A;9;13;7;18;OK;;0;0;0;-;Disabled;TempOk;3;230;36.2;36.2;36.4;0;349.9;441354200 daimler 6900-7200;441354200 daimler 6900-7200;441354200 daimler 6900-7200
20260325_06:49:02;0;3;1;930;919.5;890;970;OK;930;931.7;890;970;OK;933.6;932.8;-20;-17.7;-50;-25;NOK;-20;-17.1;-50;-25;NOK;-14.6;-15.6;0;-20;-17.8;-50;-25;NOK;300;311;300;565;OK;0;0;N/A;N/A;N/A;N/A;N/A;N/A;N/A;N/A;N/A;N/A;N/A;N/A;N/A;N/A;N/A;N/A;N/A;N/A;N/A;N/A;N/A;N/A;N/A;N/A;N/A;N/A;N/A;N/A;N/A;N/A;N/A;N/A;N/A;N/A;N/A;N/A;N/A;N/A;N/A;N/A;N/A;N/A;N/A;N/A;N/A;N/A;N/A;N/A;N/A;N/A;N/A;N/A;N/A;N/A;N/A;N/A;N/A;N/A;N/A;N/A;N/A;N/A;N/A;N/A;N/A;N/A;N/A;N/A;N/A;N/A;N/A;N/A;N/A;N/A;N/A;N/A;N/A;N/A;N/A;N/A;N/A;N/A;N/A;N/A;N/A;N/A;N/A;N/A;N/A;N/A;N/A;N/A;N/A;N/A;N/A;N/A;N/A;N/A;;0;283.5;0;0;;Disabled;TempStop;3;740;292.3;147.6;253.9;0;599.9;549.9;Enabled;PosOk;3;0;0;0;0;0;15;Disabled;0;0;0;0;0;0;0;0;0;0;0;0;0;0;0;0;0;0;0;0;0;0;0;0;0;0;0;0;0;0;0;0;0;0;0;0;0;0;0;0;0;0;0;0;0;0;0;0;0;0;0;0;0;0;0;0;0;0;0;0;0;0;0;0;0;0;0;0;0;0;30;30;20;45;30;30;20;45;30;31;20;45;30;30;20;45;200;215;100;300;200;213;100;300;200;208;100;300;200;208;100;300;30;30;20;45;30;30;20;45;30;31;20;45;30;30;20;45;200;231;100;300;200;230;100;300;200;145;100;300;200;146;100;300;4;3;0.4;6;4;5;0.4;6;4;2;0.4;6;4;5;0.4;6;4;3;0.4;6;4;5;0.4;6;4;3;0.4;6;4;5;0.4;6;NOK;NOK;OK;8000;8083;7500;9000;OK;6.82;0;8;12;NOK;N/A;1.85;N/A;N/A;N/A;9;13;7;18;OK;;0;0;0;-;Disabled;TempOk;3;230;36.2;35.7;36.2;0;349.9;441354200 daimler 6900-7200;441354200 daimler 6900-7200;441354200 daimler 6900-7200
20260325_06:49:38;0;1;2;930;920.2;890;970;OK;930;931.4;890;970;OK;932.6;932.1;-20;-14.2;-50;-25;NOK;-20;-14.3;-50;-25;NOK;-16.9;-16;0;-20;-14.2;-50;-25;NOK;300;311;300;565;OK;0;0;N/A;N/A;N/A;N/A;N/A;N/A;N/A;N/A;N/A;N/A;N/A;N/A;N/A;N/A;N/A;N/A;N/A;N/A;N/A;N/A;N/A;N/A;N/A;N/A;N/A;N/A;N/A;N/A;N/A;N/A;N/A;N/A;N/A;N/A;N/A;N/A;N/A;N/A;N/A;N/A;N/A;N/A;N/A;N/A;N/A;N/A;N/A;N/A;N/A;N/A;N/A;N/A;N/A;N/A;N/A;N/A;N/A;N/A;N/A;N/A;N/A;N/A;N/A;N/A;N/A;N/A;N/A;N/A;N/A;N/A;N/A;N/A;N/A;N/A;N/A;N/A;N/A;N/A;N/A;N/A;N/A;N/A;N/A;N/A;N/A;N/A;N/A;N/A;N/A;N/A;N/A;N/A;N/A;N/A;N/A;N/A;N/A;N/A;;0;284.9;0;0;;Disabled;TempStop;3;740;294.4;152.2;255.4;0;599.9;549.9;Enabled;PosOk;3;0;0.5;0;0;0;15;Disabled;0;0;0;0;0;0;0;0;0;0;0;0;0;0;0;0;0;0;0;0;0;0;0;0;0;0;0;0;0;0;0;0;0;0;0;0;0;0;0;0;0;0;0;0;0;0;0;0;0;0;0;0;0;0;0;0;0;0;0;0;0;0;0;0;0;0;0;0;0;0;30;30;20;45;30;30;20;45;30;31;20;45;30;30;20;45;200;216;100;300;200;213;100;300;200;208;100;300;200;208;100;300;30;30;20;45;30;30;20;45;30;31;20;45;30;30;20;45;200;231;100;300;200;229;100;300;200;144;100;300;200;145;100;300;4;2;0.4;6;4;5;0.4;6;4;2;0.4;6;4;5;0.4;6;4;3;0.4;6;4;5;0.4;6;4;2;0.4;6;4;5;0.4;6;NOK;NOK;OK;8000;8083;7500;9000;OK;6.82;0;8;12;NOK;N/A;1.85;N/A;N/A;N/A;9;12.9;7;18;OK;;0;0;0;-;Disabled;TempOk;3;230;36.9;36.4;36.7;0;349.9;441354200 daimler 6900-7200;441354200 daimler 6900-7200;441354200 daimler 6900-7200
20260325_06:50:14;0;3;2;930;919.5;890;970;OK;930;931.4;890;970;OK;932.7;932;-20;-17.5;-50;-25;NOK;-20;-17.8;-50;-25;NOK;-16.4;-17.5;0;-20;-17.3;-50;-25;NOK;300;311;300;565;OK;0;0;N/A;N/A;N/A;N/A;N/A;N/A;N/A;N/A;N/A;N/A;N/A;N/A;N/A;N/A;N/A;N/A;N/A;N/A;N/A;N/A;N/A;N/A;N/A;N/A;N/A;N/A;N/A;N/A;N/A;N/A;N/A;N/A;N/A;N/A;N/A;N/A;N/A;N/A;N/A;N/A;N/A;N/A;N/A;N/A;N/A;N/A;N/A;N/A;N/A;N/A;N/A;N/A;N/A;N/A;N/A;N/A;N/A;N/A;N/A;N/A;N/A;N/A;N/A;N/A;N/A;N/A;N/A;N/A;N/A;N/A;N/A;N/A;N/A;N/A;N/A;N/A;N/A;N/A;N/A;N/A;N/A;N/A;N/A;N/A;N/A;N/A;N/A;N/A;N/A;N/A;N/A;N/A;N/A;N/A;N/A;N/A;N/A;N/A;;0;283.1;0;0;;Disabled;TempStop;3;740;292.4;150.9;254.1;0;599.9;549.9;Enabled;PosOk;3;0;0;0;0;0;15;Disabled;0;0;0;0;0;0;0;0;0;0;0;0;0;0;0;0;0;0;0;0;0;0;0;0;0;0;0;0;0;0;0;0;0;0;0;0;0;0;0;0;0;0;0;0;0;0;0;0;0;0;0;0;0;0;0;0;0;0;0;0;0;0;0;0;0;0;0;0;0;0;30;30;20;45;30;30;20;45;30;30;20;45;30;30;20;45;200;215;100;300;200;213;100;300;200;208;100;300;200;209;100;300;30;30;20;45;30;30;20;45;30;31;20;45;30;30;20;45;200;231;100;300;200;230;100;300;200;145;100;300;200;145;100;300;4;2;0.4;6;4;5;0.4;6;4;2;0.4;6;4;5;0.4;6;4;3;0.4;6;4;5;0.4;6;4;2;0.4;6;4;5;0.4;6;NOK;NOK;OK;8000;8087;7500;9000;OK;6.81;0;8;12;NOK;N/A;1.85;N/A;N/A;N/A;9;12.8;7;18;OK;;0;0;0;-;Disabled;TempOk;3;230;37.2;36.7;36.9;0;349.9;441354200 daimler 6900-7200;441354200 daimler 6900-7200;441354200 daimler 6900-7200
20260325_06:50:50;0;1;3;930;919.6;890;970;OK;930;931.2;890;970;OK;932.5;931.7;-20;-15.7;-50;-25;NOK;-20;-16.2;-50;-25;NOK;-17.6;-17.6;0;-20;-15.5;-50;-25;NOK;300;311;300;565;OK;0;0;N/A;N/A;N/A;N/A;N/A;N/A;N/A;N/A;N/A;N/A;N/A;N/A;N/A;N/A;N/A;N/A;N/A;N/A;N/A;N/A;N/A;N/A;N/A;N/A;N/A;N/A;N/A;N/A;N/A;N/A;N/A;N/A;N/A;N/A;N/A;N/A;N/A;N/A;N/A;N/A;N/A;N/A;N/A;N/A;N/A;N/A;N/A;N/A;N/A;N/A;N/A;N/A;N/A;N/A;N/A;N/A;N/A;N/A;N/A;N/A;N/A;N/A;N/A;N/A;N/A;N/A;N/A;N/A;N/A;N/A;N/A;N/A;N/A;N/A;N/A;N/A;N/A;N/A;N/A;N/A;N/A;N/A;N/A;N/A;N/A;N/A;N/A;N/A;N/A;N/A;N/A;N/A;N/A;N/A;N/A;N/A;N/A;N/A;;0;284.5;0;0;;Disabled;TempStop;3;740;295;153.4;255.8;0;599.9;549.9;Enabled;PosOk;3;0;0.5;0;0;0;15;Disabled;0;0;0;0;0;0;0;0;0;0;0;0;0;0;0;0;0;0;0;0;0;0;0;0;0;0;0;0;0;0;0;0;0;0;0;0;0;0;0;0;0;0;0;0;0;0;0;0;0;0;0;0;0;0;0;0;0;0;0;0;0;0;0;0;0;0;0;0;50;21;30;30;20;45;30;30;20;45;30;30;20;45;30;30;20;45;200;215;100;300;200;213;100;300;200;208;100;300;200;208;100;300;30;30;20;45;30;30;20;45;30;31;20;45;30;30;20;45;200;231;100;300;200;230;100;300;200;145;100;300;200;145;100;300;4;2;0.4;6;4;5;0.4;6;4;2;0.4;6;4;5;0.4;6;4;3;0.4;6;4;5;0.4;6;4;2;0.4;6;4;5;0.4;6;NOK;NOK;OK;8000;8062;7500;9000;OK;6.81;0;8;12;NOK;N/A;1.85;N/A;N/A;N/A;9;12.7;7;18;OK;;0;0;0;-;Disabled;TempOk;3;230;36.4;35.9;36.4;0;349.9;441354200 daimler 6900-7200;441354200 daimler 6900-7200;441354200 daimler 6900-7200
20260325_06:51:26;0;3;3;930;919.5;890;970;OK;930;931.4;890;970;OK;932.6;932;-20;-17.1;-50;-25;NOK;-20;-17;-50;-25;NOK;-15.1;-16.1;0;-20;-17.1;-50;-25;NOK;300;311;300;565;OK;0;0;N/A;N/A;N/A;N/A;N/A;N/A;N/A;N/A;N/A;N/A;N/A;N/A;N/A;N/A;N/A;N/A;N/A;N/A;N/A;N/A;N/A;N/A;N/A;N/A;N/A;N/A;N/A;N/A;N/A;N/A;N/A;N/A;N/A;N/A;N/A;N/A;N/A;N/A;N/A;N/A;N/A;N/A;N/A;N/A;N/A;N/A;N/A;N/A;N/A;N/A;N/A;N/A;N/A;N/A;N/A;N/A;N/A;N/A;N/A;N/A;N/A;N/A;N/A;N/A;N/A;N/A;N/A;N/A;N/A;N/A;N/A;N/A;N/A;N/A;N/A;N/A;N/A;N/A;N/A;N/A;N/A;N/A;N/A;N/A;N/A;N/A;N/A;N/A;N/A;N/A;N/A;N/A;N/A;N/A;N/A;N/A;N/A;N/A;;0;282.8;0;0;;Disabled;TempStop;3;740;291.3;145.2;251.9;0;599.9;549.9;Enabled;PosOk;3;0;1;0;0;0;15;Disabled;0;0;0;0;0;0;0;0;0;0;0;0;0;0;0;0;0;0;0;0;0;0;0;0;0;0;0;0;0;0;0;0;0;0;0;0;0;0;0;0;0;0;0;0;0;0;0;0;0;0;0;0;0;0;0;0;0;0;0;0;0;0;0;0;0;0;0;0;0;0;30;30;20;45;30;30;20;45;30;30;20;45;30;30;20;45;200;216;100;300;200;213;100;300;200;208;100;300;200;208;100;300;30;30;20;45;30;30;20;45;30;31;20;45;30;30;20;45;200;231;100;300;200;229;100;300;200;144;100;300;200;145;100;300;4;2;0.4;6;4;5;0.4;6;4;2;0.4;6;4;5;0.4;6;4;3;0.4;6;4;5;0.4;6;4;3;0.4;6;4;5;0.4;6;NOK;NOK;OK;8000;8097;7500;9000;OK;6.82;0;8;12;NOK;N/A;1.85;N/A;N/A;N/A;9;12.6;7;18;OK;;0;0;0;-;Disabled;TempOk;3;230;36.4;35.7;36.2;0;349.9;441354200 daimler 6900-7200;441354200 daimler 6900-7200;441354200 daimler 6900-7200
20260325_06:52:01;0;3;4;930;919.1;890;970;OK;930;931.3;890;970;OK;932.3;931.7;-20;-19.4;-50;-25;NOK;-20;-19.4;-50;-25;NOK;-19;-19.6;0;-20;-19.2;-50;-25;NOK;300;311;300;565;OK;0;0;N/A;N/A;N/A;N/A;N/A;N/A;N/A;N/A;N/A;N/A;N/A;N/A;N/A;N/A;N/A;N/A;N/A;N/A;N/A;N/A;N/A;N/A;N/A;N/A;N/A;N/A;N/A;N/A;N/A;N/A;N/A;N/A;N/A;N/A;N/A;N/A;N/A;N/A;N/A;N/A;N/A;N/A;N/A;N/A;N/A;N/A;N/A;N/A;N/A;N/A;N/A;N/A;N/A;N/A;N/A;N/A;N/A;N/A;N/A;N/A;N/A;N/A;N/A;N/A;N/A;N/A;N/A;N/A;N/A;N/A;N/A;N/A;N/A;N/A;N/A;N/A;N/A;N/A;N/A;N/A;N/A;N/A;N/A;N/A;N/A;N/A;N/A;N/A;N/A;N/A;N/A;N/A;N/A;N/A;N/A;N/A;N/A;N/A;;0;281.7;0;0;;Disabled;TempStop;3;740;292.2;151.3;255.3;0;599.9;549.9;Enabled;PosOk;3;0;0.3;0;0;0;15;Disabled;0;0;0;0;0;0;0;0;0;0;0;0;0;0;0;0;0;0;0;0;0;0;0;0;0;0;0;0;0;0;0;0;0;0;0;0;0;0;0;0;0;0;0;0;0;0;0;0;0;0;0;0;0;0;0;0;0;0;0;0;0;0;0;0;0;0;0;0;0;0;30;30;20;45;30;30;20;45;30;30;20;45;30;30;20;45;200;216;100;300;200;213;100;300;200;209;100;300;200;208;100;300;30;30;20;45;30;30;20;45;30;31;20;45;30;30;20;45;200;231;100;300;200;230;100;300;200;145;100;300;200;146;100;300;4;2;0.4;6;4;5;0.4;6;4;2;0.4;6;4;5;0.4;6;4;3;0.4;6;4;5;0.4;6;4;3;0.4;6;4;5;0.4;6;NOK;NOK;OK;8000;8057;7500;9000;OK;6.81;0;8;12;NOK;N/A;1.85;N/A;N/A;N/A;9;12.6;7;18;OK;;0;0;0;-;Disabled;TempOk;3;230;36.4;36.2;36.4;0;349.9;441354200 daimler 6900-7200;441354200 daimler 6900-7200;441354200 daimler 6900-7200
20260325_06:52:37;0;1;4;930;919.2;890;970;OK;930;931.5;890;970;OK;932.2;931.8;-20;-13.5;-50;-25;NOK;-20;-13.4;-50;-25;NOK;-16.3;-15;0;-20;-13.5;-50;-25;NOK;300;311;300;565;OK;0;0;N/A;N/A;N/A;N/A;N/A;N/A;N/A;N/A;N/A;N/A;N/A;N/A;N/A;N/A;N/A;N/A;N/A;N/A;N/A;N/A;N/A;N/A;N/A;N/A;N/A;N/A;N/A;N/A;N/A;N/A;N/A;N/A;N/A;N/A;N/A;N/A;N/A;N/A;N/A;N/A;N/A;N/A;N/A;N/A;N/A;N/A;N/A;N/A;N/A;N/A;N/A;N/A;N/A;N/A;N/A;N/A;N/A;N/A;N/A;N/A;N/A;N/A;N/A;N/A;N/A;N/A;N/A;N/A;N/A;N/A;N/A;N/A;N/A;N/A;N/A;N/A;N/A;N/A;N/A;N/A;N/A;N/A;N/A;N/A;N/A;N/A;N/A;N/A;N/A;N/A;N/A;N/A;N/A;N/A;N/A;N/A;N/A;N/A;;0;283.6;0;0;;Disabled;TempStop;3;740;292.2;152;253.7;0;599.9;549.9;Enabled;PosOk;3;0;0;0;0;0;15;Disabled;0;0;0;0;0;0;0;0;0;0;0;0;0;0;0;0;0;0;0;0;0;0;0;0;0;0;0;0;0;0;0;0;0;0;0;0;0;0;0;0;0;0;0;0;0;0;0;0;0;0;0;0;0;0;0;0;0;0;0;0;0;0;0;0;0;0;0;0;52;9;30;30;20;45;30;30;20;45;30;30;20;45;30;30;20;45;200;215;100;300;200;213;100;300;200;208;100;300;200;208;100;300;30;30;20;45;30;30;20;45;30;31;20;45;30;30;20;45;200;232;100;300;200;229;100;300;200;144;100;300;200;145;100;300;4;2;0.4;6;4;5;0.4;6;4;2;0.4;6;4;5;0.4;6;4;3;0.4;6;4;5;0.4;6;4;3;0.4;6;4;5;0.4;6;NOK;NOK;OK;8000;8084;7500;9000;OK;6.81;0;8;12;NOK;N/A;1.85;N/A;N/A;N/A;9;13.2;7;18;OK;;0;0;0;-;Disabled;TempOk;3;230;36.4;36.9;36.4;0;349.9;441354200 daimler 6900-7200;441354200 daimler 6900-7200;441354200 daimler 6900-7200
20260325_06:53:13;0;1;1;930;919.5;890;970;OK;930;931.5;890;970;OK;932.9;932.1;-20;-17.7;-50;-25;NOK;-20;-17.6;-50;-25;NOK;-17.3;-17.3;0;-20;-17.8;-50;-25;NOK;300;311;300;565;OK;0;0;N/A;N/A;N/A;N/A;N/A;N/A;N/A;N/A;N/A;N/A;N/A;N/A;N/A;N/A;N/A;N/A;N/A;N/A;N/A;N/A;N/A;N/A;N/A;N/A;N/A;N/A;N/A;N/A;N/A;N/A;N/A;N/A;N/A;N/A;N/A;N/A;N/A;N/A;N/A;N/A;N/A;N/A;N/A;N/A;N/A;N/A;N/A;N/A;N/A;N/A;N/A;N/A;N/A;N/A;N/A;N/A;N/A;N/A;N/A;N/A;N/A;N/A;N/A;N/A;N/A;N/A;N/A;N/A;N/A;N/A;N/A;N/A;N/A;N/A;N/A;N/A;N/A;N/A;N/A;N/A;N/A;N/A;N/A;N/A;N/A;N/A;N/A;N/A;N/A;N/A;N/A;N/A;N/A;N/A;N/A;N/A;N/A;N/A;;0;285.3;0;0;;Disabled;TempStop;3;740;294.7;152.5;256;0;599.9;549.9;Enabled;PosOk;3;0;0;0;0;0;15;Disabled;0;0;0;0;0;0;0;0;0;0;0;0;0;0;0;0;0;0;0;0;0;0;0;0;0;0;0;0;0;0;0;0;0;0;0;0;0;0;0;0;0;0;0;0;0;0;0;0;0;0;0;0;0;0;0;0;0;0;0;0;0;0;0;0;0;0;0;0;0;0;30;30;20;45;30;30;20;45;30;30;20;45;30;30;20;45;200;216;100;300;200;213;100;300;200;208;100;300;200;208;100;300;30;30;20;45;30;30;20;45;30;31;20;45;30;30;20;45;200;231;100;300;200;230;100;300;200;144;100;300;200;146;100;300;4;2;0.4;6;4;5;0.4;6;4;2;0.4;6;4;5;0.4;6;4;3;0.4;6;4;5;0.4;6;4;2;0.4;6;4;5;0.4;6;NOK;NOK;OK;8000;8082;7500;9000;OK;6.82;0;8;12;NOK;N/A;1.85;N/A;N/A;N/A;9;13.3;7;18;OK;;0;0;0;-;Disabled;TempOk;3;230;36.4;35.9;36.7;0;349.9;441354200 daimler 6900-7200;441354200 daimler 6900-7200;441354200 daimler 6900-7200
20260325_06:53:49;0;3;5;930;920.2;890;970;OK;930;930.5;890;970;OK;931.4;930.8;-20;-15.7;-50;-25;NOK;-20;-16;-50;-25;NOK;-20.1;-18.9;0;-20;-15.7;-50;-25;NOK;300;311;300;565;OK;0;0;N/A;N/A;N/A;N/A;N/A;N/A;N/A;N/A;N/A;N/A;N/A;N/A;N/A;N/A;N/A;N/A;N/A;N/A;N/A;N/A;N/A;N/A;N/A;N/A;N/A;N/A;N/A;N/A;N/A;N/A;N/A;N/A;N/A;N/A;N/A;N/A;N/A;N/A;N/A;N/A;N/A;N/A;N/A;N/A;N/A;N/A;N/A;N/A;N/A;N/A;N/A;N/A;N/A;N/A;N/A;N/A;N/A;N/A;N/A;N/A;N/A;N/A;N/A;N/A;N/A;N/A;N/A;N/A;N/A;N/A;N/A;N/A;N/A;N/A;N/A;N/A;N/A;N/A;N/A;N/A;N/A;N/A;N/A;N/A;N/A;N/A;N/A;N/A;N/A;N/A;N/A;N/A;N/A;N/A;N/A;N/A;N/A;N/A;;0;281.3;0;0;;Disabled;TempStop;3;740;290.7;150.8;253.1;0;599.9;549.9;Enabled;PosOk;3;0;0.5;0;0;0;15;Disabled;0;0;0;0;0;0;0;0;0;0;0;0;0;0;0;0;0;0;0;0;0;0;0;0;0;0;0;0;0;0;0;0;0;0;0;0;0;0;0;0;0;0;0;0;0;0;0;0;0;0;0;0;0;0;0;0;0;0;0;0;0;0;0;0;0;0;0;0;0;0;30;30;20;45;30;29;20;45;30;30;20;45;30;29;20;45;200;215;100;300;200;213;100;300;200;207;100;300;200;207;100;300;30;29;20;45;30;29;20;45;30;30;20;45;30;29;20;45;200;230;100;300;200;229;100;300;200;144;100;300;200;145;100;300;4;2;0.4;6;4;5;0.4;6;4;2;0.4;6;4;5;0.4;6;4;3;0.4;6;4;5;0.4;6;4;2;0.4;6;4;5;0.4;6;NOK;NOK;OK;8000;8076;7500;9000;OK;6.81;0;8;12;NOK;N/A;1.85;N/A;N/A;N/A;9;13.4;7;18;OK;;0;0;0;-;Disabled;TempOk;3;230;36.4;35.9;36.2;0;349.9;441354200 daimler 6900-7200;441354200 daimler 6900-7200;441354200 daimler 6900-7200
20260325_06:54:25;0;3;1;930;919.8;890;970;OK;930;931.7;890;970;OK;933.5;932.7;-20;-17.5;-50;-25;NOK;-20;-17.1;-50;-25;NOK;-14.5;-15.6;0;-20;-17.6;-50;-25;NOK;300;311;300;565;OK;0;0;N/A;N/A;N/A;N/A;N/A;N/A;N/A;N/A;N/A;N/A;N/A;N/A;N/A;N/A;N/A;N/A;N/A;N/A;N/A;N/A;N/A;N/A;N/A;N/A;N/A;N/A;N/A;N/A;N/A;N/A;N/A;N/A;N/A;N/A;N/A;N/A;N/A;N/A;N/A;N/A;N/A;N/A;N/A;N/A;N/A;N/A;N/A;N/A;N/A;N/A;N/A;N/A;N/A;N/A;N/A;N/A;N/A;N/A;N/A;N/A;N/A;N/A;N/A;N/A;N/A;N/A;N/A;N/A;N/A;N/A;N/A;N/A;N/A;N/A;N/A;N/A;N/A;N/A;N/A;N/A;N/A;N/A;N/A;N/A;N/A;N/A;N/A;N/A;N/A;N/A;N/A;N/A;N/A;N/A;N/A;N/A;N/A;N/A;;0;283;0;0;;Disabled;TempStop;3;740;291.3;145.3;251.5;0;599.9;549.9;Enabled;PosOk;3;0;0;0;0;0;15;Disabled;0;0;0;0;0;0;0;0;0;0;0;0;0;0;0;0;0;0;0;0;0;0;0;0;0;0;0;0;0;0;0;0;0;0;0;0;0;0;0;0;0;0;0;0;0;0;0;0;0;0;0;0;0;0;0;0;0;0;0;0;0;0;0;0;0;0;0;0;0;0;30;29;20;45;30;29;20;45;30;30;20;45;30;29;20;45;200;215;100;300;200;213;100;300;200;207;100;300;200;208;100;300;30;30;20;45;30;29;20;45;30;30;20;45;30;30;20;45;200;231;100;300;200;229;100;300;200;144;100;300;200;145;100;300;4;2;0.4;6;4;5;0.4;6;4;2;0.4;6;4;5;0.4;6;4;3;0.4;6;4;5;0.4;6;4;3;0.4;6;4;5;0.4;6;NOK;NOK;OK;8000;8074;7500;9000;OK;6.82;0;8;12;NOK;N/A;1.85;N/A;N/A;N/A;9;13.3;7;18;OK;;0;0;0;-;Disabled;TempOk;3;230;37.4;36.4;36.7;0;349.9;441354200 daimler 6900-7200;441354200 daimler 6900-7200;441354200 daimler 6900-7200
20260325_06:55:01;0;1;2;930;919;890;970;OK;930;931.3;890;970;OK;932.8;932;-20;-14.2;-50;-25;NOK;-20;-14.2;-50;-25;NOK;-16.8;-16;0;-20;-14.2;-50;-25;NOK;300;311;300;565;OK;0;0;N/A;N/A;N/A;N/A;N/A;N/A;N/A;N/A;N/A;N/A;N/A;N/A;N/A;N/A;N/A;N/A;N/A;N/A;N/A;N/A;N/A;N/A;N/A;N/A;N/A;N/A;N/A;N/A;N/A;N/A;N/A;N/A;N/A;N/A;N/A;N/A;N/A;N/A;N/A;N/A;N/A;N/A;N/A;N/A;N/A;N/A;N/A;N/A;N/A;N/A;N/A;N/A;N/A;N/A;N/A;N/A;N/A;N/A;N/A;N/A;N/A;N/A;N/A;N/A;N/A;N/A;N/A;N/A;N/A;N/A;N/A;N/A;N/A;N/A;N/A;N/A;N/A;N/A;N/A;N/A;N/A;N/A;N/A;N/A;N/A;N/A;N/A;N/A;N/A;N/A;N/A;N/A;N/A;N/A;N/A;N/A;N/A;N/A;;0;284.2;0;0;;Disabled;TempStop;3;740;293.4;147.8;253.5;0;599.9;549.9;Enabled;PosOk;3;0;0.3;0;0;0;15;Disabled;0;0;0;0;0;0;0;0;0;0;0;0;0;0;0;0;0;0;0;0;0;0;0;0;0;0;0;0;0;0;0;0;0;0;0;0;0;0;0;0;0;0;0;0;0;0;0;0;0;0;0;0;0;0;0;0;0;0;0;0;0;0;0;0;0;0;0;0;0;0;30;30;20;45;30;30;20;45;30;30;20;45;30;30;20;45;200;215;100;300;200;213;100;300;200;208;100;300;200;208;100;300;30;30;20;45;30;30;20;45;30;30;20;45;30;30;20;45;200;230;100;300;200;229;100;300;200;144;100;300;200;145;100;300;4;3;0.4;6;4;5;0.4;6;4;2;0.4;6;4;5;0.4;6;4;3;0.4;6;4;5;0.4;6;4;3;0.4;6;4;5;0.4;6;NOK;NOK;OK;8000;8096;7500;9000;OK;6.82;0;8;12;NOK;N/A;1.85;N/A;N/A;N/A;9;13.5;7;18;OK;;0;0;0;-;Disabled;TempOk;3;230;36.4;36.2;36.7;0;349.9;441354200 daimler 6900-7200;441354200 daimler 6900-7200;441354200 daimler 6900-7200
20260325_06:55:37;0;3;2;930;918.8;890;970;OK;930;931.5;890;970;OK;932.7;932.2;-20;-17.3;-50;-25;NOK;-20;-17.5;-50;-25;NOK;-16.4;-17.5;0;-20;-17.2;-50;-25;NOK;300;311;300;565;OK;0;0;N/A;N/A;N/A;N/A;N/A;N/A;N/A;N/A;N/A;N/A;N/A;N/A;N/A;N/A;N/A;N/A;N/A;N/A;N/A;N/A;N/A;N/A;N/A;N/A;N/A;N/A;N/A;N/A;N/A;N/A;N/A;N/A;N/A;N/A;N/A;N/A;N/A;N/A;N/A;N/A;N/A;N/A;N/A;N/A;N/A;N/A;N/A;N/A;N/A;N/A;N/A;N/A;N/A;N/A;N/A;N/A;N/A;N/A;N/A;N/A;N/A;N/A;N/A;N/A;N/A;N/A;N/A;N/A;N/A;N/A;N/A;N/A;N/A;N/A;N/A;N/A;N/A;N/A;N/A;N/A;N/A;N/A;N/A;N/A;N/A;N/A;N/A;N/A;N/A;N/A;N/A;N/A;N/A;N/A;N/A;N/A;N/A;N/A;;0;284.1;0;0;;Disabled;TempStop;3;740;292.4;147.4;253.9;0;599.9;549.9;Enabled;PosOk;3;0;0;0;0;0;15;Disabled;0;0;0;0;0;0;0;0;0;0;0;0;0;0;0;0;0;0;0;0;0;0;0;0;0;0;0;0;0;0;0;0;0;0;0;0;0;0;0;0;0;0;0;0;0;0;0;0;0;0;0;0;0;0;0;0;0;0;0;0;0;0;0;0;0;0;0;0;0;0;30;30;20;45;30;30;20;45;30;30;20;45;30;30;20;45;200;215;100;300;200;213;100;300;200;207;100;300;200;207;100;300;30;30;20;45;30;30;20;45;30;31;20;45;30;30;20;45;200;231;100;300;200;229;100;300;200;144;100;300;200;145;100;300;4;2;0.4;6;4;5;0.4;6;4;2;0.4;6;4;5;0.4;6;4;3;0.4;6;4;5;0.4;6;4;2;0.4;6;4;5;0.4;6;NOK;NOK;OK;8000;8059;7500;9000;OK;6.81;0;8;12;NOK;N/A;1.85;N/A;N/A;N/A;9;13.1;7;18;OK;;0;0;0;-;Disabled;TempOk;3;230;36.4;36.2;36.2;0;349.9;441354200 daimler 6900-7200;441354200 daimler 6900-7200;441354200 daimler 6900-7200
20260325_06:56:13;0;1;3;930;919.5;890;970;OK;930;931.1;890;970;OK;932.5;931.7;-20;-15.7;-50;-25;NOK;-20;-16.4;-50;-25;NOK;-17.5;-17.4;0;-20;-15.6;-50;-25;NOK;300;311;300;565;OK;0;0;N/A;N/A;N/A;N/A;N/A;N/A;N/A;N/A;N/A;N/A;N/A;N/A;N/A;N/A;N/A;N/A;N/A;N/A;N/A;N/A;N/A;N/A;N/A;N/A;N/A;N/A;N/A;N/A;N/A;N/A;N/A;N/A;N/A;N/A;N/A;N/A;N/A;N/A;N/A;N/A;N/A;N/A;N/A;N/A;N/A;N/A;N/A;N/A;N/A;N/A;N/A;N/A;N/A;N/A;N/A;N/A;N/A;N/A;N/A;N/A;N/A;N/A;N/A;N/A;N/A;N/A;N/A;N/A;N/A;N/A;N/A;N/A;N/A;N/A;N/A;N/A;N/A;N/A;N/A;N/A;N/A;N/A;N/A;N/A;N/A;N/A;N/A;N/A;N/A;N/A;N/A;N/A;N/A;N/A;N/A;N/A;N/A;N/A;;0;283.6;0;0;;Disabled;TempStop;3;740;293.7;149.9;251.5;0;599.9;549.9;Enabled;PosOk;3;0;0;0;0;0;15;Disabled;0;0;0;0;0;0;0;0;0;0;0;0;0;0;0;0;0;0;0;0;0;0;0;0;0;0;0;0;0;0;0;0;0;0;0;0;0;0;0;0;0;0;0;0;0;0;0;0;0;0;0;0;0;0;0;0;0;0;0;0;0;0;0;0;0;0;0;0;55;44;30;30;20;45;30;30;20;45;30;31;20;45;30;30;20;45;200;215;100;300;200;213;100;300;200;209;100;300;200;208;100;300;30;30;20;45;30;30;20;45;30;31;20;45;30;30;20;45;200;231;100;300;200;230;100;300;200;144;100;300;200;145;100;300;4;3;0.4;6;4;5;0.4;6;4;2;0.4;6;4;5;0.4;6;4;3;0.4;6;4;5;0.4;6;4;2;0.4;6;4;5;0.4;6;NOK;NOK;OK;8000;8082;7500;9000;OK;6.81;0;8;12;NOK;N/A;1.85;N/A;N/A;N/A;9;13.1;7;18;OK;;0;0;0;-;Disabled;TempOk;3;230;36.2;35.9;36.2;0;349.9;441354200 daimler 6900-7200;441354200 daimler 6900-7200;441354200 daimler 6900-7200
20260325_06:56:49;0;3;3;930;919.5;890;970;OK;930;931.4;890;970;OK;932.5;932;-20;-16.9;-50;-25;NOK;-20;-16.9;-50;-25;NOK;-15;-16;0;-20;-16.9;-50;-25;NOK;300;311;300;565;OK;0;0;N/A;N/A;N/A;N/A;N/A;N/A;N/A;N/A;N/A;N/A;N/A;N/A;N/A;N/A;N/A;N/A;N/A;N/A;N/A;N/A;N/A;N/A;N/A;N/A;N/A;N/A;N/A;N/A;N/A;N/A;N/A;N/A;N/A;N/A;N/A;N/A;N/A;N/A;N/A;N/A;N/A;N/A;N/A;N/A;N/A;N/A;N/A;N/A;N/A;N/A;N/A;N/A;N/A;N/A;N/A;N/A;N/A;N/A;N/A;N/A;N/A;N/A;N/A;N/A;N/A;N/A;N/A;N/A;N/A;N/A;N/A;N/A;N/A;N/A;N/A;N/A;N/A;N/A;N/A;N/A;N/A;N/A;N/A;N/A;N/A;N/A;N/A;N/A;N/A;N/A;N/A;N/A;N/A;N/A;N/A;N/A;N/A;N/A;;0;283.1;0;0;;Disabled;TempStop;3;740;291.8;147.5;252.6;0;599.9;549.9;Enabled;PosOk;3;0;1.2;0;0;0;15;Disabled;0;0;0;0;0;0;0;0;0;0;0;0;0;0;0;0;0;0;0;0;0;0;0;0;0;0;0;0;0;0;0;0;0;0;0;0;0;0;0;0;0;0;0;0;0;0;0;0;0;0;0;0;0;0;0;0;0;0;0;0;0;0;0;0;0;0;0;0;0;0;30;30;20;45;30;30;20;45;30;31;20;45;30;30;20;45;200;216;100;300;200;213;100;300;200;208;100;300;200;208;100;300;30;30;20;45;30;30;20;45;30;31;20;45;30;30;20;45;200;231;100;300;200;229;100;300;200;145;100;300;200;146;100;300;4;2;0.4;6;4;5;0.4;6;4;2;0.4;6;4;5;0.4;6;4;3;0.4;6;4;5;0.4;6;4;3;0.4;6;4;5;0.4;6;NOK;NOK;OK;8000;8066;7500;9000;OK;6.81;0;8;12;NOK;N/A;1.85;N/A;N/A;N/A;9;13;7;18;OK;;0;0;0;-;Disabled;TempOk;3;230;36.2;36.4;36.4;0;349.9;441354200 daimler 6900-7200;441354200 daimler 6900-7200;441354200 daimler 6900-7200
20260325_06:57:25;0;3;4;930;919.3;890;970;OK;930;931.3;890;970;OK;932.2;931.6;-20;-19.1;-50;-25;NOK;-20;-19.7;-50;-25;NOK;-18.9;-19.6;0;-20;-18.9;-50;-25;NOK;300;311;300;565;OK;0;0;N/A;N/A;N/A;N/A;N/A;N/A;N/A;N/A;N/A;N/A;N/A;N/A;N/A;N/A;N/A;N/A;N/A;N/A;N/A;N/A;N/A;N/A;N/A;N/A;N/A;N/A;N/A;N/A;N/A;N/A;N/A;N/A;N/A;N/A;N/A;N/A;N/A;N/A;N/A;N/A;N/A;N/A;N/A;N/A;N/A;N/A;N/A;N/A;N/A;N/A;N/A;N/A;N/A;N/A;N/A;N/A;N/A;N/A;N/A;N/A;N/A;N/A;N/A;N/A;N/A;N/A;N/A;N/A;N/A;N/A;N/A;N/A;N/A;N/A;N/A;N/A;N/A;N/A;N/A;N/A;N/A;N/A;N/A;N/A;N/A;N/A;N/A;N/A;N/A;N/A;N/A;N/A;N/A;N/A;N/A;N/A;N/A;N/A;;0;281.4;0;0;;Disabled;TempStop;3;740;292.3;147.2;253.6;0;599.9;549.9;Enabled;PosOk;3;0;0.3;0;0;0;15;Disabled;0;0;0;0;0;0;0;0;0;0;0;0;0;0;0;0;0;0;0;0;0;0;0;0;0;0;0;0;0;0;0;0;0;0;0;0;0;0;0;0;0;0;0;0;0;0;0;0;0;0;0;0;0;0;0;0;0;0;0;0;0;0;0;0;0;0;0;0;0;0;30;30;20;45;30;30;20;45;30;31;20;45;30;30;20;45;200;216;100;300;200;213;100;300;200;209;100;300;200;208;100;300;30;30;20;45;30;30;20;45;30;31;20;45;30;30;20;45;200;231;100;300;200;230;100;300;200;144;100;300;200;145;100;300;4;3;0.4;6;4;5;0.4;6;4;2;0.4;6;4;5;0.4;6;4;3;0.4;6;4;5;0.4;6;4;2;0.4;6;4;5;0.4;6;NOK;NOK;OK;8000;8088;7500;9000;OK;6.82;0;8;12;NOK;N/A;1.86;N/A;N/A;N/A;9;13;7;18;OK;;0;0;0;-;Disabled;TempOk;3;230;37.2;36.4;37.4;0;349.9;441354200 daimler 6900-7200;441354200 daimler 6900-7200;441354200 daimler 6900-7200
20260325_06:58:01;0;1;4;930;918.8;890;970;OK;930;931.5;890;970;OK;932.2;931.8;-20;-13.4;-50;-25;NOK;-20;-14.8;-50;-25;NOK;-16.3;-15.3;0;-20;-13.4;-50;-25;NOK;300;311;300;565;OK;0;0;N/A;N/A;N/A;N/A;N/A;N/A;N/A;N/A;N/A;N/A;N/A;N/A;N/A;N/A;N/A;N/A;N/A;N/A;N/A;N/A;N/A;N/A;N/A;N/A;N/A;N/A;N/A;N/A;N/A;N/A;N/A;N/A;N/A;N/A;N/A;N/A;N/A;N/A;N/A;N/A;N/A;N/A;N/A;N/A;N/A;N/A;N/A;N/A;N/A;N/A;N/A;N/A;N/A;N/A;N/A;N/A;N/A;N/A;N/A;N/A;N/A;N/A;N/A;N/A;N/A;N/A;N/A;N/A;N/A;N/A;N/A;N/A;N/A;N/A;N/A;N/A;N/A;N/A;N/A;N/A;N/A;N/A;N/A;N/A;N/A;N/A;N/A;N/A;N/A;N/A;N/A;N/A;N/A;N/A;N/A;N/A;N/A;N/A;;0;284.9;0;0;;Disabled;TempStop;3;740;294.3;149.8;254.1;0;599.9;549.9;Enabled;PosOk;3;0;0;0;0;0;15;Disabled;0;0;0;0;0;0;0;0;0;0;0;0;0;0;0;0;0;0;0;0;0;0;0;0;0;0;0;0;0;0;0;0;0;0;0;0;0;0;0;0;0;0;0;0;0;0;0;0;0;0;0;0;0;0;0;0;0;0;0;0;0;0;0;0;0;0;0;0;57;32;30;30;20;45;30;30;20;45;30;31;20;45;30;30;20;45;200;215;100;300;200;213;100;300;200;209;100;300;200;208;100;300;30;30;20;45;30;30;20;45;30;31;20;45;30;30;20;45;200;232;100;300;200;229;100;300;200;144;100;300;200;145;100;300;4;2;0.4;6;4;5;0.4;6;4;2;0.4;6;4;5;0.4;6;4;3;0.4;6;4;5;0.4;6;4;2;0.4;6;4;5;0.4;6;NOK;NOK;OK;8000;8076;7500;9000;OK;6.82;0;8;12;NOK;N/A;1.85;N/A;N/A;N/A;9;12.8;7;18;OK;;0;0;0;-;Disabled;TempOk;3;230;36.9;36.2;36.4;0;349.9;441354200 daimler 6900-7200;441354200 daimler 6900-7200;441354200 daimler 6900-7200
20260325_06:58:37;0;1;1;930;919.2;890;970;OK;930;931.4;890;970;OK;932.2;932;-20;-17.7;-50;-25;NOK;-20;-18;-50;-25;NOK;-17.5;-17.6;0;-20;-17.7;-50;-25;NOK;300;311;300;565;OK;0;0;N/A;N/A;N/A;N/A;N/A;N/A;N/A;N/A;N/A;N/A;N/A;N/A;N/A;N/A;N/A;N/A;N/A;N/A;N/A;N/A;N/A;N/A;N/A;N/A;N/A;N/A;N/A;N/A;N/A;N/A;N/A;N/A;N/A;N/A;N/A;N/A;N/A;N/A;N/A;N/A;N/A;N/A;N/A;N/A;N/A;N/A;N/A;N/A;N/A;N/A;N/A;N/A;N/A;N/A;N/A;N/A;N/A;N/A;N/A;N/A;N/A;N/A;N/A;N/A;N/A;N/A;N/A;N/A;N/A;N/A;N/A;N/A;N/A;N/A;N/A;N/A;N/A;N/A;N/A;N/A;N/A;N/A;N/A;N/A;N/A;N/A;N/A;N/A;N/A;N/A;N/A;N/A;N/A;N/A;N/A;N/A;N/A;N/A;;0;286.4;0;0;;Disabled;TempStop;3;740;295.6;148.5;257.7;0;599.9;549.9;Enabled;PosOk;3;0;0;0;0;0;15;Disabled;0;0;0;0;0;0;0;0;0;0;0;0;0;0;0;0;0;0;0;0;0;0;0;0;0;0;0;0;0;0;0;0;0;0;0;0;0;0;0;0;0;0;0;0;0;0;0;0;0;0;0;0;0;0;0;0;0;0;0;0;0;0;0;0;0;0;0;0;0;0;30;30;20;45;30;30;20;45;30;31;20;45;30;30;20;45;200;215;100;300;200;214;100;300;200;208;100;300;200;208;100;300;30;30;20;45;30;30;20;45;30;31;20;45;30;30;20;45;200;232;100;300;200;230;100;300;200;145;100;300;200;145;100;300;4;3;0.4;6;4;5;0.4;6;4;2;0.4;6;4;5;0.4;6;4;3;0.4;6;4;5;0.4;6;4;2;0.4;6;4;5;0.4;6;NOK;NOK;OK;8000;8085;7500;9000;OK;6.81;0;8;12;NOK;N/A;1.86;N/A;N/A;N/A;9;12.7;7;18;OK;;0;0;0;-;Disabled;TempOk;3;230;36.7;36.2;36.4;0;349.9;441354200 daimler 6900-7200;441354200 daimler 6900-7200;441354200 daimler 6900-7200
20260325_06:59:13;0;3;5;930;920.3;890;970;OK;930;930.6;890;970;OK;931.4;931;-20;-15.7;-50;-25;NOK;-20;-17.4;-50;-25;NOK;-20;-19.1;0;-20;-15.6;-50;-25;NOK;300;311;300;565;OK;0;0;N/A;N/A;N/A;N/A;N/A;N/A;N/A;N/A;N/A;N/A;N/A;N/A;N/A;N/A;N/A;N/A;N/A;N/A;N/A;N/A;N/A;N/A;N/A;N/A;N/A;N/A;N/A;N/A;N/A;N/A;N/A;N/A;N/A;N/A;N/A;N/A;N/A;N/A;N/A;N/A;N/A;N/A;N/A;N/A;N/A;N/A;N/A;N/A;N/A;N/A;N/A;N/A;N/A;N/A;N/A;N/A;N/A;N/A;N/A;N/A;N/A;N/A;N/A;N/A;N/A;N/A;N/A;N/A;N/A;N/A;N/A;N/A;N/A;N/A;N/A;N/A;N/A;N/A;N/A;N/A;N/A;N/A;N/A;N/A;N/A;N/A;N/A;N/A;N/A;N/A;N/A;N/A;N/A;N/A;N/A;N/A;N/A;N/A;;0;282.3;0;0;;Disabled;TempStop;3;740;291.7;150.3;253.8;0;599.9;549.9;Enabled;PosOk;3;0;0.5;0;0;0;15;Disabled;0;0;0;0;0;0;0;0;0;0;0;0;0;0;0;0;0;0;0;0;0;0;0;0;0;0;0;0;0;0;0;0;0;0;0;0;0;0;0;0;0;0;0;0;0;0;0;0;0;0;0;0;0;0;0;0;0;0;0;0;0;0;0;0;0;0;0;0;0;0;30;30;20;45;30;30;20;45;30;31;20;45;30;30;20;45;200;215;100;300;200;213;100;300;200;209;100;300;200;208;100;300;30;30;20;45;30;30;20;45;30;31;20;45;30;30;20;45;200;231;100;300;200;230;100;300;200;144;100;300;200;145;100;300;4;2;0.4;6;4;5;0.4;6;4;2;0.4;6;4;5;0.4;6;4;3;0.4;6;4;5;0.4;6;4;3;0.4;6;4;5;0.4;6;NOK;NOK;OK;8000;8078;7500;9000;OK;6.82;0;8;12;NOK;N/A;1.85;N/A;N/A;N/A;9;12.6;7;18;OK;;0;0;0;-;Disabled;TempOk;3;230;36.7;36.2;36.4;0;349.9;441354200 daimler 6900-7200;441354200 daimler 6900-7200;441354200 daimler 6900-7200