//Delimiter=;
Date-Time;0-Detail ID;1-MLF;2-Cavity;3-Temp at loading - SP, °C;4-Temp at loading - PV, °C;5-Temp at loading - LL, °C;6-Temp at loading - UL, °C;7-Temp at loading - Status, °C;8-Temp at Unloading - SP, °C;9-Temp at Unloading - PV, °C;10-Temp at Unloading - LL, °C;11-Temp at Unloading - UL, °C;12-Temp at Unloading - Status, °C;13-Temp 60s - PV, °C;14-Temp 30s  - PV, °C;15-Dewpoint - load - SP, °C;16-Dewpoint - load - PV, °C;17-Dewpoint - load - Lower, °C;18-Dewpoint - load - Upper, °C;19-Dewpoint - load - Status, °C;20-Dewpoint - unload - SP, °C;21-Dewpoint - unload - PV, °C;22-Dewpoint - unload - Lower, °C;23-Dewpoint - unload - Upper, °C;24-Dewpoint - unload - Status, °C;25-Dewpoint 60s - PV, °C;26-Dewpoint 30s  - PV, °C;27-Dewpoint Custom Time, Sec;28-Dewpoint Custom Time - SP, °C;29-Dewpoint Custom Time - PV, °C;30-Dewpoint Custom Time - LL, °C;31-Dewpoint Custom Time - UL, °C;32-Dewpoint Custom Time - Status;33-Soak time SP, s;34-Soak time PV, s;35-Soak time LL, s;36-Soak time UL, s;37-Soak time status;38-Dry Air Cons. Load, m³;39-Dry Air Cons. Unoad, m³;0-TB number;1-CavityNumber;2-HeatZone UL;3-HeatZone UC;4-HeatZone UR;5-HeatZone LL;6-HeatZone LC;7-HeatZone LR;8-Temp @ load - SP;9-Temp @ load - UL PV;10-Temp @ load - UC PV;11-Temp @ load - UR PV;12-Temp @ load - LL PV;13-Temp @ load - LC PV;14-Temp @ load - LR PV;15-Temp @ load - LL;16-Temp @ load - UL;17-Temp @ load - Status;18-Temp @ unload - SP;19-Temp @ unload - UL PV;20-Temp @ unload - UC PV;21-Temp @ unload - UR PV;22-Temp @ unload - LL PV;23-Temp @ unload - LC PV;24-Temp @ unload - LR PV;25-Temp @ unload - LL;26-Temp @ unload - UL;27-Temp @ unload - Status;28-Temp 60s before end - UL PV;29-Temp 60s before end - UC PV;30-Temp 60s before end - UR PV;31-Temp 60s before end - LL PV;32-Temp 60s before end - LC PV;33-Temp 60s before end - LR PV;34-Temp 30s before end - UL PV;35-Temp 30s before end - UC PV;36-Temp 30s before end - UR PV;37-Temp 30s before end - LL PV;38-Temp 30s before end - LC PV;39-Temp 30s before end - LR PV;40-CoolingFrame - UC1 - TempIn - PV;41-CoolingFrame - UC1 - TempIn - LL;42-CoolingFrame - UC1 - TempIn - UL;43-CoolingFrame - UC1 - TempIn - Status;44-CoolingFrame - UC1 - TempOut - PV;45-CoolingFrame - UC1 - TempOut - LL;46-CoolingFrame - UC1 - TempOut - UL;47-CoolingFrame - UC1 - TempOut - Status;48-CoolingFrame - UC1 - FlowOut - PV;49-CoolingFrame - UC1 - FlowOut - LL;50-CoolingFrame - UC1 - FlowOut - UL;51-CoolingFrame - UC1 - FlowOut - Status;52-CoolingFrame - UC2 - TempIn - PV;53-CoolingFrame - UC2 - TempIn - LL;54-CoolingFrame - UC2 - TempIn - UL;55-CoolingFrame - UC2 - TempIn - Status;56-CoolingFrame - UC2 - TempOut - PV;57-CoolingFrame - UC2 - TempOut - LL;58-CoolingFrame - UC2 - TempOut - UL;59-CoolingFrame - UC2 - TempOut - Status;60-CoolingFrame - UC2 - FlowOut - PV;61-CoolingFrame - UC2 - FlowOut - LL;62-CoolingFrame - UC2 - FlowOut - UL;63-CoolingFrame - UC2 - FlowOut - Status;64-CoolingFrame - LC1 - TempIn - PV;65-CoolingFrame - LC1 - TempIn - LL;66-CoolingFrame - LC1 - TempIn - UL;67-CoolingFrame - LC1 - TempIn - Status;68-CoolingFrame - LC1 - TempOut - PV;69-CoolingFrame - LC1 - TempOut - LL;70-CoolingFrame - LC1 - TempOut - UL;71-CoolingFrame - LC1 - TempOut - Status;72-CoolingFrame - LC1 - FlowOut - PV;73-CoolingFrame - LC1 - FlowOut - LL;74-CoolingFrame - LC1 - FlowOut - UL;75-CoolingFrame - LC1 - FlowOut - Status;76-CoolingFrame - LC2 - TempIn - PV;77-CoolingFrame - LC2 - TempIn - LL;78-CoolingFrame - LC2 - TempIn - UL;79-CoolingFrame - LC2 - TempIn - Status;80-CoolingFrame - LC2 - TempOut - PV;81-CoolingFrame - LC2 - TempOut - LL;82-CoolingFrame - LC2 - TempOut - UL;83-CoolingFrame - LC2 - TempOut - Status;84-CoolingFrame - LC2 - FlowOut - PV;85-CoolingFrame - LC2 - FlowOut - LL;86-CoolingFrame - LC2 - FlowOut - UL;87-CoolingFrame - LC2 - FlowOut - Status;88-SoakTime - SP;89-SoakTime - PV;90-SoakTime - LL;91-SoakTime - UL;92-Soaktime - Status;93-TimeinAir - MLF->TB, SP;94-TimeinAir - MLF->TB, PVt;95-TimeinAir - MLF->TB, LL;96-TimeinAir - MLF->TB, UL;97-TimeinAir - MLF->TB, Status;0-PYH DetailStatus;1-PYH Target °C;2-PYH  Act temp °C;3-PYH Lower limit °C;4-PYH Stop Limit °C;5-PYH Active;6-HA Active;7-HA Status;8-HA NumberOfDet;9-HA Target, °C;10-HA TempDet 1, °C;11-HA TempDet 2, °C;12-HA TempDet 3, °C;13-HA TempDet 4, °C;14-HA Lower Limit, °C;15-HA Stop Limit, °C;16-PA Active;17-PA Status;18-PA NumberOfDet;19-PA Target, %;20-PA PosDet 1, %;21-PA PosDet 2, %;22-PA PosDet 3, %;23-PA PosDet 4, %;24-PA Stop Limit, %;25-TT Active;26-TT Det1 Nr of AOI;27-TT Det2 Nr of AOI;28-TT Det3 Nr of AOI;29-TT Det4 Nr of AOI;30-TT Det1 AOI1 minTemp;31-TT Det1 AOI1 maxTemp;32-TT Det1 AOI2 minTemp;33-TT Det1 AOI2 maxTemp;34-TT Det1 AOI3 minTemp;35-TT Det1 AOI3 maxTemp;36-TT Det1 AOI4 minTemp;37-TT Det1 AOI4 maxTemp;38-TT Det2 AOI1 minTemp;39-TT Det2 AOI1 maxTemp;40-TT Det2 AOI2 minTemp;41-TT Det2 AOI2 maxTemp;42-TT Det2 AOI3 minTemp;43-TT Det2 AOI3 maxTemp;44-TT Det2 AOI4 minTemp;45-TT Det2 AOI4 maxTemp;46-TT Det3 AOI1 minTemp;47-TT Det3 AOI1 maxTemp;48-TT Det3 AOI2 minTemp;49-TT Det3 AOI2 maxTemp;50-TT Det3 AOI3 minTemp;51-TT Det3 AOI3 maxTemp;52-TT Det3 AOI4 minTemp;53-TT Det3 AOI4 maxTemp;54-TT Det4 AOI1 minTemp;55-TT Det4 AOI1 maxTemp;56-TT Det4 AOI2 minTemp;57-TT Det4 AOI2 maxTemp;58-TT Det4 AOI3 minTemp;59-TT Det4 AOI3 maxTemp;60-TT Det4 AOI4 minTemp;61-TT Det4 AOI4 maxTemp;62-TT Det1 AOI1 LL;63-TT Det1 AOI1 UL;64-TT Det1 AOI2 LL;65-TT Det1 AOI2 UL;66-TT Det1 AOI3 LL;67-TT Det1 AOI3 UL;68-TT Det1 AOI4 LL;69-TT Det1 AOI4 UL;70-TT Det2 AOI1 LL;71-TT Det2 AOI1 UL;72-TT Det2 AOI2 LL;73-TT Det2 AOI2 UL;74-TT Det2 AOI3 LL;75-TT Det2 AOI3 UL;76-TT Det2 AOI4 LL;77-TT Det2 AOI4 UL;78-TT Det3 AOI1 LL;79-TT Det3 AOI1 UL;80-TT Det3 AOI2 LL;81-TT Det3 AOI2 UL;82-TT Det3 AOI3 LL;83-TT Det3 AOI3 UL;84-TT Det3 AOI4 LL;85-TT Det3 AOI4 UL;86-TT Det4 AOI1 LL;87-TT Det4 AOI1 UL;88-TT Det4 AOI2 LL;89-TT Det4 AOI2 UL;90-TT Det4 AOI3 LL;91-TT Det4 AOI3 UL;92-TT Det4 AOI4 LL;93-TT Det4 AOI4 UL;94-Cam trig Min;95-Cam trig Sec;0-CoolingTempUpper 1-A10.32, SP;1-CoolingTempUpper 1-A10.32, PV;2-CoolingTempUpper 1-A10.32, LL;3-CoolingTempUpper 1-A10.32, UL;4-CoolingTempUpper 1-A10.34, SP;5-CoolingTempUpper 1-A10.34, PV;6-CoolingTempUpper 1-A10.34, LL;7-CoolingTempUpper 1-A10.34, UL;8-CoolingTempUpper 1-A10.42, SP;9-CoolingTempUpper 1-A10.42, PV;10-CoolingTempUpper 1-A10.42, LL;11-CoolingTempUpper 1-A10.42, UL;12-CoolingTempUpper 1-A10.44, SP;13-CoolingTempUpper 1-A10.44, PV;14-CoolingTempUpper 1-A10.44, LL;15-CoolingTempUpper 1-A10.44, UL;16-CoolingFlowUpper 1-A10.32, SP;17-CoolingFlowUpper 1-A10.32, PV;18-CoolingFlowUpper 1-A10.32, LL;19-CoolingFlowUpper 1-A10.32, UL;20-CoolingFlowUpper 1-A10.34, SP;21-CoolingFlowUpper 1-A10.34, PV;22-CoolingFlowUpper 1-A10.34, LL;23-CoolingFlowUpper 1-A10.34, UL;24-CoolingFlowUpper 1-A10.42, SP;25-CoolingFlowUpper 1-A10.42, PV;26-CoolingFlowUpper 1-A10.42, LL;27-CoolingFlowUpper 1-A10.42, UL;28-CoolingFlowUpper 1-A10.44, SP;29-CoolingFlowUpper 1-A10.44, PV;30-CoolingFlowUpper 1-A10.44, LL;31-CoolingFlowUpper 1-A10.44, UL;32-CoolingTempLower 1-A10.12, SP;33-CoolingTempLower 1-A10.12, PV;34-CoolingTempLower 1-A10.12, LL;35-CoolingTempLower 1-A10.12, UL;36-CoolingTempLower 1-A10.14, SP;37-CoolingTempLower 1-A10.14, PV;38-CoolingTempLower 1-A10.14, LL;39-CoolingTempLower 1-A10.14, UL;40-CoolingTempLower 1-A10.22, SP;41-CoolingTempLower 1-A10.22, PV;42-CoolingTempLower 1-A10.22, LL;43-CoolingTempLower 1-A10.22, UL;44-CoolingTempLower 1-A10.24, SP;45-CoolingTempLower 1-A10.24, PV;46-CoolingTempLower 1-A10.24, LL;47-CoolingTempLower 1-A10.24, UL;48-CoolingFlowLower 1-A10.12, SP;49-CoolingFlowLower 1-A10.12, PV;50-CoolingFlowLower 1-A10.12, LL;51-CoolingFlowLower 1-A10.12, UL;52-CoolingFlowLower 1-A10.14, SP;53-CoolingFlowLower 1-A10.14, PV;54-CoolingFlowLower 1-A10.14, LL;55-CoolingFlowLower 1-A10.14, UL;56-CoolingFlowLower 1-A10.22, SP;57-CoolingFlowLower 1-A10.22, PV;58-CoolingFlowLower 1-A10.22, LL;59-CoolingFlowLower 1-A10.22, UL;60-CoolingFlowLower 1-A10.24, SP;61-CoolingFlowLower 1-A10.24, PV;62-CoolingFlowLower 1-A10.24, LL;63-CoolingFlowLower 1-A10.24, UL;64-CoolingPressureUpper 1-A10.33, SP;65-CoolingPressureUpper 1-A10.33, PV;66-CoolingPressureUpper 1-A10.33, LL;67-CoolingPressureUpper 1-A10.33, UL;68-CoolingPressureUpper 1-A10.35, SP;69-CoolingPressureUpper 1-A10.35, PV;70-CoolingPressureUpper 1-A10.35, LL;71-CoolingPressureUpper 1-A10.35, UL;72-CoolingPressureUpper 1-A10.43, SP;73-CoolingPressureUpper 1-A10.43, PV;74-CoolingPressureUpper 1-A10.43, LL;75-CoolingPressureUpper 1-A10.43, UL;76-CoolingPressureUpper 1-A10.45, SP;77-CoolingPressureUpper 1-A10.45, PV;78-CoolingPressureUpper 1-A10.45, LL;79-CoolingPressureUpper 1-A10.45, UL;80-CoolingPressureLower 1-A10.13, SP;81-CoolingPressureLower 1-A10.13, PV;82-CoolingPressureLower 1-A10.13, LL;83-CoolingPressureLower 1-A10.13, UL;84-CoolingPressureLower 1-A10.15, SP;85-CoolingPressureLower 1-A10.15, PV;86-CoolingPressureLower 1-A10.15, LL;87-CoolingPressureLower 1-A10.15, UL;88-CoolingPressureLower 1-A10.23, SP;89-CoolingPressureLower 1-A10.23, PV;90-CoolingPressureLower 1-A10.23, LL;91-CoolingPressureLower 1-A10.23, UL;92-CoolingPressureLower 1-A10.25, SP;93-CoolingPressureLower 1-A10.25, PV;94-CoolingPressureLower 1-A10.25, LL;95-CoolingPressureLower 1-A10.25, UL;96-CoolingTemp Status;97-CoolingFlowStatus;98-CoolingPressureStatus;99-Press force, SP;100-Press force, PV;101-Press force, LL;102-Press force, UL;103-Press force, Status;104-Dwell time, SP;105-Dwell time, PV;106-Dwell time, LL;107-Dwell time, UL;108-Dwell time, Status;109-Closing time, SP;110-Closing time, PV;111-Closing time, LL;112-Closing time, UL;113-Closing time, Status;114-TimeinAir MLF/TB -> Press, SP;115-TimeinAir MLF/TB -> Press, PVt;116-TimeinAir MLF/TB -> Press, LL;117-TimeinAir MLF/TB -> Press, UL;118-TimeinAir MLF/TB -> Press, Status;0-PYC Status;1-PYC Target, °C;2-PYC Act temp °C;3-PYC Upper Limit, °C;4-PYC  Active;5-CA Active;6-CA Cold Status;7-CA NumberOfDet;8-CA Target, °C;9-CA TempDet 1, °C;10-CA TempDet 2, °C;11-CA TempDet 3, °C;12-CA TempDet 4, °C;13-CA LimitScrap °C;Recipe MLF;Recipe IPM;Recipe Pr1
20260403_17:47:15;29499;1;1;950;947.5;925;975;OK;950;950.7;925;975;OK;950.5;950.8;-20;-16.3;-50;-25;NOK;-20;-16.6;-50;-25;NOK;-16;-16.4;0;-20;-16.3;-50;-25;NOK;300;302;300;500;OK;0;0;N/A;N/A;N/A;N/A;N/A;N/A;N/A;N/A;N/A;N/A;N/A;N/A;N/A;N/A;N/A;N/A;N/A;N/A;N/A;N/A;N/A;N/A;N/A;N/A;N/A;N/A;N/A;N/A;N/A;N/A;N/A;N/A;N/A;N/A;N/A;N/A;N/A;N/A;N/A;N/A;N/A;N/A;N/A;N/A;N/A;N/A;N/A;N/A;N/A;N/A;N/A;N/A;N/A;N/A;N/A;N/A;N/A;N/A;N/A;N/A;N/A;N/A;N/A;N/A;N/A;N/A;N/A;N/A;N/A;N/A;N/A;N/A;N/A;N/A;N/A;N/A;N/A;N/A;N/A;N/A;N/A;N/A;N/A;N/A;N/A;N/A;N/A;N/A;N/A;N/A;N/A;N/A;N/A;N/A;N/A;N/A;N/A;N/A;;0;325.1;0;0;;Disabled;TempStop;2;700;320.7;252.1;0;0;599.9;549.9;Enabled;PosOk;2;0;0;0;0;0;15;Disabled;0;0;0;0;0;0;0;0;0;0;0;0;0;0;0;0;0;0;0;0;0;0;0;0;0;0;0;0;0;0;0;0;0;0;0;0;0;0;0;0;0;0;0;0;0;0;0;0;0;0;0;0;0;0;0;0;0;0;0;0;0;0;0;0;0;0;0;0;0;0;30;29;20;45;30;30;20;45;30;29;20;45;30;29;20;45;200;139;100;300;200;138;100;300;200;139;100;300;200;138;100;300;30;29;20;45;30;29;20;45;30;29;20;45;30;29;20;45;200;143;100;300;200;142;100;300;200;202;100;300;200;203;100;300;4;2;0.4;6;4;5;0.4;6;4;2;0.4;6;4;5;0.4;6;4;2;0.4;6;4;5;0.4;6;4;3;0.4;6;4;5;0.4;6;NOK;NOK;OK;7000;7122;6500;8100;OK;5.01;0;8;12;NOK;N/A;1.5;N/A;N/A;N/A;9;11.9;7;18;OK;;0;0;0;-;Disabled;TempOk;2;230;32.5;44.7;0;0;349.9;441345100 daimler 1500 1900;441345100 daimler 1500 1900;441345100 Daimler 1500 1900
20260403_17:56:47;29503;1;1;950;947.7;925;975;OK;950;950.8;925;975;OK;950.8;950.7;-20;-12.8;-50;-25;NOK;-20;-16.3;-50;-25;NOK;-15.9;-16.3;0;-20;-12.9;-50;-25;NOK;300;436;300;500;OK;0;0;N/A;N/A;N/A;N/A;N/A;N/A;N/A;N/A;N/A;N/A;N/A;N/A;N/A;N/A;N/A;N/A;N/A;N/A;N/A;N/A;N/A;N/A;N/A;N/A;N/A;N/A;N/A;N/A;N/A;N/A;N/A;N/A;N/A;N/A;N/A;N/A;N/A;N/A;N/A;N/A;N/A;N/A;N/A;N/A;N/A;N/A;N/A;N/A;N/A;N/A;N/A;N/A;N/A;N/A;N/A;N/A;N/A;N/A;N/A;N/A;N/A;N/A;N/A;N/A;N/A;N/A;N/A;N/A;N/A;N/A;N/A;N/A;N/A;N/A;N/A;N/A;N/A;N/A;N/A;N/A;N/A;N/A;N/A;N/A;N/A;N/A;N/A;N/A;N/A;N/A;N/A;N/A;N/A;N/A;N/A;N/A;N/A;N/A;;0;324.7;0;0;;Disabled;TempStop;2;700;318.9;251.9;0;0;599.9;549.9;Enabled;PosOk;2;0;0;0;0;0;15;Disabled;0;0;0;0;0;0;0;0;0;0;0;0;0;0;0;0;0;0;0;0;0;0;0;0;0;0;0;0;0;0;0;0;0;0;0;0;0;0;0;0;0;0;0;0;0;0;0;0;0;0;0;0;0;0;0;0;0;0;0;0;0;0;0;0;0;0;0;0;0;0;30;30;20;45;30;30;20;45;30;30;20;45;30;30;20;45;200;140;100;300;200;138;100;300;200;138;100;300;200;139;100;300;30;30;20;45;30;30;20;45;30;30;20;45;30;30;20;45;200;144;100;300;200;142;100;300;200;202;100;300;200;203;100;300;4;2;0.4;6;4;5;0.4;6;4;2;0.4;6;4;5;0.4;6;4;2;0.4;6;4;5;0.4;6;4;2;0.4;6;4;5;0.4;6;NOK;NOK;OK;7000;7107;6500;8100;OK;5.01;0;8;12;NOK;N/A;1.5;N/A;N/A;N/A;9;11.7;7;18;OK;;0;0;0;-;Disabled;TempOk;2;230;33.9;101.9;0;0;349.9;441345100 daimler 1500 1900;441345100 daimler 1500 1900;441345100 Daimler 1500 1900
20260403_17:57:47;29505;2;1;950;949.8;925;975;OK;950;950.4;925;975;OK;951.1;950.2;-15;-16;-50;-20;NOK;-15;-13.9;-50;-20;NOK;-14.8;-14.5;0;-15;-16.1;-50;-20;NOK;300;332;300;500;OK;0;0;N/A;N/A;N/A;N/A;N/A;N/A;N/A;N/A;N/A;N/A;N/A;N/A;N/A;N/A;N/A;N/A;N/A;N/A;N/A;N/A;N/A;N/A;N/A;N/A;N/A;N/A;N/A;N/A;N/A;N/A;N/A;N/A;N/A;N/A;N/A;N/A;N/A;N/A;N/A;N/A;N/A;N/A;N/A;N/A;N/A;N/A;N/A;N/A;N/A;N/A;N/A;N/A;N/A;N/A;N/A;N/A;N/A;N/A;N/A;N/A;N/A;N/A;N/A;N/A;N/A;N/A;N/A;N/A;N/A;N/A;N/A;N/A;N/A;N/A;N/A;N/A;N/A;N/A;N/A;N/A;N/A;N/A;N/A;N/A;N/A;N/A;N/A;N/A;N/A;N/A;N/A;N/A;N/A;N/A;N/A;N/A;N/A;N/A;;0;325.7;0;0;;Disabled;TempStop;2;700;320.1;256;0;0;599.9;549.9;Enabled;PosOk;2;0;0;0;0;0;15;Disabled;0;0;0;0;0;0;0;0;0;0;0;0;0;0;0;0;0;0;0;0;0;0;0;0;0;0;0;0;0;0;0;0;0;0;0;0;0;0;0;0;0;0;0;0;0;0;0;0;0;0;0;0;0;0;0;0;0;0;0;0;0;0;0;0;0;0;0;0;0;0;30;30;20;45;30;29;20;45;30;30;20;45;30;29;20;45;200;140;100;300;200;138;100;300;200;139;100;300;200;139;100;300;30;30;20;45;30;29;20;45;30;29;20;45;30;29;20;45;200;144;100;300;200;143;100;300;200;202;100;300;200;203;100;300;4;2;0.4;6;4;5;0.4;6;4;2;0.4;6;4;5;0.4;6;4;2;0.4;6;4;5;0.4;6;4;3;0.4;6;4;5;0.4;6;NOK;NOK;OK;7000;7107;6500;8100;OK;5;0;8;12;NOK;N/A;1.51;N/A;N/A;N/A;9;11.8;7;18;OK;;0;0;0;-;Disabled;TempOk;2;230;33.7;122.1;0;0;349.9;441345100 daimler 1500 1900;441345100 daimler 1500 1900;441345100 Daimler 1500 1900
20260403_22:10:06;29507;2;1;950;947.7;925;975;OK;950;951;925;975;OK;950.3;952.5;-15;-14.9;-50;-20;NOK;-15;-15.4;-50;-20;NOK;-15.5;-16.2;0;-15;-14.9;-50;-20;NOK;300;368;300;500;OK;0;0;N/A;N/A;N/A;N/A;N/A;N/A;N/A;N/A;N/A;N/A;N/A;N/A;N/A;N/A;N/A;N/A;N/A;N/A;N/A;N/A;N/A;N/A;N/A;N/A;N/A;N/A;N/A;N/A;N/A;N/A;N/A;N/A;N/A;N/A;N/A;N/A;N/A;N/A;N/A;N/A;N/A;N/A;N/A;N/A;N/A;N/A;N/A;N/A;N/A;N/A;N/A;N/A;N/A;N/A;N/A;N/A;N/A;N/A;N/A;N/A;N/A;N/A;N/A;N/A;N/A;N/A;N/A;N/A;N/A;N/A;N/A;N/A;N/A;N/A;N/A;N/A;N/A;N/A;N/A;N/A;N/A;N/A;N/A;N/A;N/A;N/A;N/A;N/A;N/A;N/A;N/A;N/A;N/A;N/A;N/A;N/A;N/A;N/A;;0;326.8;0;0;;Disabled;TempStop;2;700;323;261.2;0;0;599.9;549.9;Disabled;PosOk;2;0;0;0;0;0;15;Disabled;0;0;0;0;0;0;0;0;0;0;0;0;0;0;0;0;0;0;0;0;0;0;0;0;0;0;0;0;0;0;0;0;0;0;0;0;0;0;0;0;0;0;0;0;0;0;0;0;0;0;0;0;0;0;0;0;0;0;0;0;0;0;0;0;0;0;0;0;0;0;30;29;20;45;30;29;20;45;30;29;20;45;30;29;20;45;200;139;100;300;200;138;100;300;200;138;100;300;200;139;100;300;30;29;20;45;30;29;20;45;30;29;20;45;30;29;20;45;200;144;100;300;200;142;100;300;200;201;100;300;200;202;100;300;4;2;0.4;6;4;5;0.4;6;4;2;0.4;6;4;5;0.4;6;4;2;0.4;6;4;5;0.4;6;4;3;0.4;6;4;5;0.4;6;NOK;NOK;OK;7000;7076;6500;8100;OK;5;0;8;12;NOK;N/A;1.5;N/A;N/A;N/A;9;11.8;7;18;OK;;0;0;0;-;Disabled;TempOk;2;230;33.9;55.5;0;0;349.9;441345100 daimler 1500 1900;441345100 daimler 1500 1900;441345100 Daimler 1500 1900
20260403_22:10:23;29508;1;1;950;947.2;925;975;OK;950;950.8;925;975;OK;950.7;950.8;-20;-17.2;-50;-25;NOK;-20;-17.3;-50;-25;NOK;-16.9;-17.1;0;-20;-17.2;-50;-25;NOK;300;386;300;500;OK;0;0;N/A;N/A;N/A;N/A;N/A;N/A;N/A;N/A;N/A;N/A;N/A;N/A;N/A;N/A;N/A;N/A;N/A;N/A;N/A;N/A;N/A;N/A;N/A;N/A;N/A;N/A;N/A;N/A;N/A;N/A;N/A;N/A;N/A;N/A;N/A;N/A;N/A;N/A;N/A;N/A;N/A;N/A;N/A;N/A;N/A;N/A;N/A;N/A;N/A;N/A;N/A;N/A;N/A;N/A;N/A;N/A;N/A;N/A;N/A;N/A;N/A;N/A;N/A;N/A;N/A;N/A;N/A;N/A;N/A;N/A;N/A;N/A;N/A;N/A;N/A;N/A;N/A;N/A;N/A;N/A;N/A;N/A;N/A;N/A;N/A;N/A;N/A;N/A;N/A;N/A;N/A;N/A;N/A;N/A;N/A;N/A;N/A;N/A;;0;327;0;0;;Disabled;TempStop;2;700;320.9;258.7;0;0;599.9;549.9;Disabled;PosOk;2;0;0;0;0;0;15;Disabled;0;0;0;0;0;0;0;0;0;0;0;0;0;0;0;0;0;0;0;0;0;0;0;0;0;0;0;0;0;0;0;0;0;0;0;0;0;0;0;0;0;0;0;0;0;0;0;0;0;0;0;0;0;0;0;0;0;0;0;0;0;0;0;0;0;0;0;0;0;0;30;30;20;45;30;30;20;45;30;30;20;45;30;29;20;45;200;140;100;300;200;138;100;300;200;139;100;300;200;138;100;300;30;31;20;45;30;29;20;45;30;30;20;45;30;30;20;45;200;143;100;300;200;142;100;300;200;201;100;300;200;202;100;300;4;2;0.4;6;4;5;0.4;6;4;2;0.4;6;4;5;0.4;6;4;3;0.4;6;4;5;0.4;6;4;3;0.4;6;4;5;0.4;6;NOK;NOK;OK;7000;7068;6500;8100;OK;4.99;0;8;12;NOK;N/A;1.5;N/A;N/A;N/A;9;11.9;7;18;OK;;0;0;0;-;Disabled;TempOk;2;230;35.2;54.5;0;0;349.9;441345100 daimler 1500 1900;441345100 daimler 1500 1900;441345100 Daimler 1500 1900
20260403_22:10:42;29511;4;1;950;947.8;925;975;OK;950;951.2;925;975;OK;951.1;951.1;-15;-16.3;-50;-5;OK;-15;-15.4;-50;-5;OK;-15.3;-15.4;0;-15;-16.3;-50;-5;OK;300;369;300;500;OK;12.66;13.21;N/A;N/A;N/A;N/A;N/A;N/A;N/A;N/A;N/A;N/A;N/A;N/A;N/A;N/A;N/A;N/A;N/A;N/A;N/A;N/A;N/A;N/A;N/A;N/A;N/A;N/A;N/A;N/A;N/A;N/A;N/A;N/A;N/A;N/A;N/A;N/A;N/A;N/A;N/A;N/A;N/A;N/A;N/A;N/A;N/A;N/A;N/A;N/A;N/A;N/A;N/A;N/A;N/A;N/A;N/A;N/A;N/A;N/A;N/A;N/A;N/A;N/A;N/A;N/A;N/A;N/A;N/A;N/A;N/A;N/A;N/A;N/A;N/A;N/A;N/A;N/A;N/A;N/A;N/A;N/A;N/A;N/A;N/A;N/A;N/A;N/A;N/A;N/A;N/A;N/A;N/A;N/A;N/A;N/A;N/A;N/A;N/A;N/A;;0;326.8;0;0;;Disabled;TempStop;2;700;324.3;262.3;0;0;599.9;549.9;Disabled;PosOk;2;0;0;0;0;0;15;Disabled;0;0;0;0;0;0;0;0;0;0;0;0;0;0;0;0;0;0;0;0;0;0;0;0;0;0;0;0;0;0;0;0;0;0;0;0;0;0;0;0;0;0;0;0;0;0;0;0;0;0;0;0;0;0;0;0;0;0;0;0;0;0;0;0;0;0;0;0;0;0;30;32;20;45;30;30;20;45;30;31;20;45;30;30;20;45;200;140;100;300;200;138;100;300;200;139;100;300;200;139;100;300;30;31;20;45;30;30;20;45;30;31;20;45;30;30;20;45;200;144;100;300;200;143;100;300;200;201;100;300;200;202;100;300;4;2;0.4;6;4;5;0.4;6;4;2;0.4;6;4;5;0.4;6;4;3;0.4;6;4;5;0.4;6;4;2;0.4;6;4;5;0.4;6;NOK;NOK;OK;7000;7075;6500;8100;OK;5;0;8;12;NOK;N/A;1.5;N/A;N/A;N/A;9;12.5;7;18;OK;;0;0;0;-;Disabled;TempOk;2;230;34.2;54.7;0;0;349.9;441345100 daimler 1500 1900;441345100 daimler 1500 1900;441345100 Daimler 1500 1900
20260403_22:10:59;29509;3;1;950;948;925;975;OK;950;951.1;925;975;OK;951.2;951;-20;-18;-50;-25;NOK;-20;-18.5;-50;-25;NOK;-15.3;-15.9;0;-20;-17.9;-50;-25;NOK;300;388;300;500;OK;0;0;N/A;N/A;N/A;N/A;N/A;N/A;N/A;N/A;N/A;N/A;N/A;N/A;N/A;N/A;N/A;N/A;N/A;N/A;N/A;N/A;N/A;N/A;N/A;N/A;N/A;N/A;N/A;N/A;N/A;N/A;N/A;N/A;N/A;N/A;N/A;N/A;N/A;N/A;N/A;N/A;N/A;N/A;N/A;N/A;N/A;N/A;N/A;N/A;N/A;N/A;N/A;N/A;N/A;N/A;N/A;N/A;N/A;N/A;N/A;N/A;N/A;N/A;N/A;N/A;N/A;N/A;N/A;N/A;N/A;N/A;N/A;N/A;N/A;N/A;N/A;N/A;N/A;N/A;N/A;N/A;N/A;N/A;N/A;N/A;N/A;N/A;N/A;N/A;N/A;N/A;N/A;N/A;N/A;N/A;N/A;N/A;N/A;N/A;;0;324;0;0;;Disabled;TempStop;2;700;317.8;255.5;0;0;599.9;549.9;Disabled;PosOk;2;0;0;0;0;0;15;Disabled;0;0;0;0;0;0;0;0;0;0;0;0;0;0;0;0;0;0;0;0;0;0;0;0;0;0;0;0;0;0;0;0;0;0;0;0;0;0;0;0;0;0;0;0;0;0;0;0;0;0;0;0;0;0;0;0;0;0;0;0;0;0;0;0;0;0;0;0;0;0;30;32;20;45;30;30;20;45;30;32;20;45;30;30;20;45;200;140;100;300;200;138;100;300;200;139;100;300;200;139;100;300;30;32;20;45;30;30;20;45;30;31;20;45;30;30;20;45;200;144;100;300;200;143;100;300;200;201;100;300;200;202;100;300;4;2;0.4;6;4;5;0.4;6;4;2;0.4;6;4;5;0.4;6;4;2;0.4;6;4;5;0.4;6;4;2;0.4;6;4;5;0.4;6;NOK;NOK;OK;7000;7065;6500;8100;OK;5;0;8;12;NOK;N/A;1.5;N/A;N/A;N/A;9;11.6;7;18;OK;;0;0;0;-;Disabled;TempOk;2;230;36.7;131.9;0;0;349.9;441345100 daimler 1500 1900;441345100 daimler 1500 1900;441345100 Daimler 1500 1900
20260403_22:19:01;29513;1;1;950;948.1;925;975;OK;950;950.9;925;975;OK;950.8;950.9;-20;-15.6;-50;-25;NOK;-20;-17.9;-50;-25;NOK;-16.5;-17.2;0;-20;-15.6;-50;-25;NOK;300;303;300;500;OK;0;0;N/A;N/A;N/A;N/A;N/A;N/A;N/A;N/A;N/A;N/A;N/A;N/A;N/A;N/A;N/A;N/A;N/A;N/A;N/A;N/A;N/A;N/A;N/A;N/A;N/A;N/A;N/A;N/A;N/A;N/A;N/A;N/A;N/A;N/A;N/A;N/A;N/A;N/A;N/A;N/A;N/A;N/A;N/A;N/A;N/A;N/A;N/A;N/A;N/A;N/A;N/A;N/A;N/A;N/A;N/A;N/A;N/A;N/A;N/A;N/A;N/A;N/A;N/A;N/A;N/A;N/A;N/A;N/A;N/A;N/A;N/A;N/A;N/A;N/A;N/A;N/A;N/A;N/A;N/A;N/A;N/A;N/A;N/A;N/A;N/A;N/A;N/A;N/A;N/A;N/A;N/A;N/A;N/A;N/A;N/A;N/A;N/A;N/A;;0;325.9;0;0;;Disabled;TempStop;2;700;318;261.3;0;0;599.9;549.9;Enabled;PosOk;2;0;0;0;0;0;15;Disabled;0;0;0;0;0;0;0;0;0;0;0;0;0;0;0;0;0;0;0;0;0;0;0;0;0;0;0;0;0;0;0;0;0;0;0;0;0;0;0;0;0;0;0;0;0;0;0;0;0;0;0;0;0;0;0;0;0;0;0;0;0;0;0;0;0;0;0;0;0;0;30;30;20;45;30;30;20;45;30;30;20;45;30;30;20;45;200;140;100;300;200;138;100;300;200;139;100;300;200;139;100;300;30;30;20;45;30;30;20;45;30;30;20;45;30;30;20;45;200;144;100;300;200;142;100;300;200;201;100;300;200;202;100;300;4;2;0.4;6;4;5;0.4;6;4;2;0.4;6;4;5;0.4;6;4;2;0.4;6;4;5;0.4;6;4;3;0.4;6;4;5;0.4;6;NOK;NOK;OK;7000;7065;6500;8100;OK;4.99;0;8;12;NOK;N/A;1.5;N/A;N/A;N/A;9;12.3;7;18;OK;;0;0;0;-;Disabled;TempOk;2;230;37.4;122.2;0;0;349.9;441345100 daimler 1500 1900;441345100 daimler 1500 1900;441345100 Daimler 1500 1900
20260403_22:19:19;29514;2;1;950;947.7;925;975;OK;950;951.9;925;975;OK;951.7;951;-15;-15.2;-50;-20;NOK;-15;-15.6;-50;-20;NOK;-15.2;-15.4;0;-15;-15.3;-50;-20;NOK;300;307;300;500;OK;0;0;N/A;N/A;N/A;N/A;N/A;N/A;N/A;N/A;N/A;N/A;N/A;N/A;N/A;N/A;N/A;N/A;N/A;N/A;N/A;N/A;N/A;N/A;N/A;N/A;N/A;N/A;N/A;N/A;N/A;N/A;N/A;N/A;N/A;N/A;N/A;N/A;N/A;N/A;N/A;N/A;N/A;N/A;N/A;N/A;N/A;N/A;N/A;N/A;N/A;N/A;N/A;N/A;N/A;N/A;N/A;N/A;N/A;N/A;N/A;N/A;N/A;N/A;N/A;N/A;N/A;N/A;N/A;N/A;N/A;N/A;N/A;N/A;N/A;N/A;N/A;N/A;N/A;N/A;N/A;N/A;N/A;N/A;N/A;N/A;N/A;N/A;N/A;N/A;N/A;N/A;N/A;N/A;N/A;N/A;N/A;N/A;N/A;N/A;;0;326.1;0;0;;Disabled;TempStop;2;700;318.9;260.8;0;0;599.9;549.9;Enabled;PosOk;2;0;0;0;0;0;15;Disabled;0;0;0;0;0;0;0;0;0;0;0;0;0;0;0;0;0;0;0;0;0;0;0;0;0;0;0;0;0;0;0;0;0;0;0;0;0;0;0;0;0;0;0;0;0;0;0;0;0;0;0;0;0;0;0;0;0;0;0;0;0;0;0;0;0;0;0;0;0;0;30;31;20;45;30;30;20;45;30;31;20;45;30;30;20;45;200;139;100;300;200;138;100;300;200;139;100;300;200;139;100;300;30;31;20;45;30;30;20;45;30;31;20;45;30;30;20;45;200;144;100;300;200;142;100;300;200;201;100;300;200;202;100;300;4;2;0.4;6;4;5;0.4;6;4;2;0.4;6;4;5;0.4;6;4;3;0.4;6;4;5;0.4;6;4;2;0.4;6;4;5;0.4;6;NOK;NOK;OK;7000;7060;6500;8100;OK;4.99;0;8;12;NOK;N/A;1.5;N/A;N/A;N/A;9;11.7;7;18;OK;;0;0;0;-;Disabled;TempOk;2;230;34.7;49.2;0;0;349.9;441345100 daimler 1500 1900;441345100 daimler 1500 1900;441345100 Daimler 1500 1900
20260403_22:19:36;29515;3;1;950;947.5;925;975;OK;950;950.9;925;975;OK;950.9;951.2;-20;-14.2;-50;-25;NOK;-20;-16;-50;-25;NOK;-14.3;-15.1;0;-20;-14.2;-50;-25;NOK;300;305;300;500;OK;0;0;N/A;N/A;N/A;N/A;N/A;N/A;N/A;N/A;N/A;N/A;N/A;N/A;N/A;N/A;N/A;N/A;N/A;N/A;N/A;N/A;N/A;N/A;N/A;N/A;N/A;N/A;N/A;N/A;N/A;N/A;N/A;N/A;N/A;N/A;N/A;N/A;N/A;N/A;N/A;N/A;N/A;N/A;N/A;N/A;N/A;N/A;N/A;N/A;N/A;N/A;N/A;N/A;N/A;N/A;N/A;N/A;N/A;N/A;N/A;N/A;N/A;N/A;N/A;N/A;N/A;N/A;N/A;N/A;N/A;N/A;N/A;N/A;N/A;N/A;N/A;N/A;N/A;N/A;N/A;N/A;N/A;N/A;N/A;N/A;N/A;N/A;N/A;N/A;N/A;N/A;N/A;N/A;N/A;N/A;N/A;N/A;N/A;N/A;;0;323.7;0;0;;Disabled;TempStop;2;700;316.4;258.8;0;0;599.9;549.9;Enabled;PosOk;2;0;0;0;0;0;15;Disabled;0;0;0;0;0;0;0;0;0;0;0;0;0;0;0;0;0;0;0;0;0;0;0;0;0;0;0;0;0;0;0;0;0;0;0;0;0;0;0;0;0;0;0;0;0;0;0;0;0;0;0;0;0;0;0;0;0;0;0;0;0;0;0;0;0;0;0;0;0;0;30;32;20;45;30;30;20;45;30;32;20;45;30;30;20;45;200;141;100;300;200;138;100;300;200;139;100;300;200;139;100;300;30;32;20;45;30;30;20;45;30;31;20;45;30;30;20;45;200;143;100;300;200;143;100;300;200;201;100;300;200;201;100;300;4;2;0.4;6;4;5;0.4;6;4;2;0.4;6;4;5;0.4;6;4;2;0.4;6;4;5;0.4;6;4;3;0.4;6;4;5;0.4;6;NOK;NOK;OK;7000;7078;6500;8100;OK;5;0;8;12;NOK;N/A;1.5;N/A;N/A;N/A;9;11.7;7;18;OK;;0;0;0;-;Disabled;TempOk;2;230;36.4;93.8;0;0;349.9;441345100 daimler 1500 1900;441345100 daimler 1500 1900;441345100 Daimler 1500 1900
20260403_22:19:54;29516;4;1;950;945.6;925;975;OK;950;952.3;925;975;OK;952.1;952.7;-15;-18.2;-50;-5;OK;-15;-13.1;-50;-5;OK;-17.3;-15.8;0;-15;-18.3;-50;-5;OK;300;309;300;500;OK;13.57;13.97;N/A;N/A;N/A;N/A;N/A;N/A;N/A;N/A;N/A;N/A;N/A;N/A;N/A;N/A;N/A;N/A;N/A;N/A;N/A;N/A;N/A;N/A;N/A;N/A;N/A;N/A;N/A;N/A;N/A;N/A;N/A;N/A;N/A;N/A;N/A;N/A;N/A;N/A;N/A;N/A;N/A;N/A;N/A;N/A;N/A;N/A;N/A;N/A;N/A;N/A;N/A;N/A;N/A;N/A;N/A;N/A;N/A;N/A;N/A;N/A;N/A;N/A;N/A;N/A;N/A;N/A;N/A;N/A;N/A;N/A;N/A;N/A;N/A;N/A;N/A;N/A;N/A;N/A;N/A;N/A;N/A;N/A;N/A;N/A;N/A;N/A;N/A;N/A;N/A;N/A;N/A;N/A;N/A;N/A;N/A;N/A;N/A;N/A;;0;324.6;0;0;;Disabled;TempStop;2;700;319.9;263.5;0;0;599.9;549.9;Enabled;PosOk;2;0;0;0;0;0;15;Disabled;0;0;0;0;0;0;0;0;0;0;0;0;0;0;0;0;0;0;0;0;0;0;0;0;0;0;0;0;0;0;0;0;0;0;0;0;0;0;0;0;0;0;0;0;0;0;0;0;0;0;0;0;0;0;0;0;0;0;0;0;0;0;0;0;0;0;0;0;0;0;30;33;20;45;30;30;20;45;30;33;20;45;30;30;20;45;200;140;100;300;200;138;100;300;200;140;100;300;200;138;100;300;30;32;20;45;30;30;20;45;30;32;20;45;30;30;20;45;200;143;100;300;200;142;100;300;200;201;100;300;200;201;100;300;4;2;0.4;6;4;5;0.4;6;4;2;0.4;6;4;5;0.4;6;4;2;0.4;6;4;5;0.4;6;4;3;0.4;6;4;5;0.4;6;NOK;NOK;OK;7000;7076;6500;8100;OK;5;0;8;12;NOK;N/A;1.51;N/A;N/A;N/A;9;11.9;7;18;OK;;0;0;0;-;Disabled;TempOk;2;230;35.9;58.4;0;0;349.9;441345100 daimler 1500 1900;441345100 daimler 1500 1900;441345100 Daimler 1500 1900
20260403_22:20:13;29517;1;2;950;947.8;925;975;OK;950;951.4;925;975;OK;951.4;951.4;-20;-16.8;-50;-25;NOK;-20;-17.2;-50;-25;NOK;-17.3;-18;0;-20;-16.6;-50;-25;NOK;300;306;300;500;OK;0;0;N/A;N/A;N/A;N/A;N/A;N/A;N/A;N/A;N/A;N/A;N/A;N/A;N/A;N/A;N/A;N/A;N/A;N/A;N/A;N/A;N/A;N/A;N/A;N/A;N/A;N/A;N/A;N/A;N/A;N/A;N/A;N/A;N/A;N/A;N/A;N/A;N/A;N/A;N/A;N/A;N/A;N/A;N/A;N/A;N/A;N/A;N/A;N/A;N/A;N/A;N/A;N/A;N/A;N/A;N/A;N/A;N/A;N/A;N/A;N/A;N/A;N/A;N/A;N/A;N/A;N/A;N/A;N/A;N/A;N/A;N/A;N/A;N/A;N/A;N/A;N/A;N/A;N/A;N/A;N/A;N/A;N/A;N/A;N/A;N/A;N/A;N/A;N/A;N/A;N/A;N/A;N/A;N/A;N/A;N/A;N/A;N/A;N/A;;0;324.7;0;0;;Disabled;TempStop;2;700;316.1;259.2;0;0;599.9;549.9;Enabled;PosOk;2;0;0;0;0;0;15;Disabled;0;0;0;0;0;0;0;0;0;0;0;0;0;0;0;0;0;0;0;0;0;0;0;0;0;0;0;0;0;0;0;0;0;0;0;0;0;0;0;0;0;0;0;0;0;0;0;0;0;0;0;0;0;0;0;0;0;0;0;0;0;0;0;0;0;0;0;0;0;0;30;33;20;45;30;30;20;45;30;33;20;45;30;30;20;45;200;140;100;300;200;138;100;300;200;139;100;300;200;139;100;300;30;32;20;45;30;30;20;45;30;32;20;45;30;30;20;45;200;144;100;300;200;142;100;300;200;201;100;300;200;202;100;300;4;2;0.4;6;4;5;0.4;6;4;2;0.4;6;4;5;0.4;6;4;2;0.4;6;4;5;0.4;6;4;2;0.4;6;4;5;0.4;6;NOK;NOK;OK;7000;7075;6500;8100;OK;5;0;8;12;NOK;N/A;1.5;N/A;N/A;N/A;9;12;7;18;OK;;0;0;0;-;Disabled;TempOk;2;230;36.9;57.4;0;0;349.9;441345100 daimler 1500 1900;441345100 daimler 1500 1900;441345100 Daimler 1500 1900
20260403_22:20:30;29518;2;2;950;946.3;925;975;OK;950;951.3;925;975;OK;952;952;-15;-20.5;-50;-20;OK;-15;-20.1;-50;-20;OK;-19.5;-19.8;0;-15;-20.4;-50;-20;OK;300;310;300;500;OK;0;0;N/A;N/A;N/A;N/A;N/A;N/A;N/A;N/A;N/A;N/A;N/A;N/A;N/A;N/A;N/A;N/A;N/A;N/A;N/A;N/A;N/A;N/A;N/A;N/A;N/A;N/A;N/A;N/A;N/A;N/A;N/A;N/A;N/A;N/A;N/A;N/A;N/A;N/A;N/A;N/A;N/A;N/A;N/A;N/A;N/A;N/A;N/A;N/A;N/A;N/A;N/A;N/A;N/A;N/A;N/A;N/A;N/A;N/A;N/A;N/A;N/A;N/A;N/A;N/A;N/A;N/A;N/A;N/A;N/A;N/A;N/A;N/A;N/A;N/A;N/A;N/A;N/A;N/A;N/A;N/A;N/A;N/A;N/A;N/A;N/A;N/A;N/A;N/A;N/A;N/A;N/A;N/A;N/A;N/A;N/A;N/A;N/A;N/A;;0;326.3;0;0;;Disabled;TempStop;2;700;320;263.2;0;0;599.9;549.9;Enabled;PosOk;2;0;0;0;0;0;15;Disabled;0;0;0;0;0;0;0;0;0;0;0;0;0;0;0;0;0;0;0;0;0;0;0;0;0;0;0;0;0;0;0;0;0;0;0;0;0;0;0;0;0;0;0;0;0;0;0;0;0;0;0;0;0;0;0;0;0;0;0;0;0;0;0;0;0;0;0;0;0;0;30;33;20;45;30;30;20;45;30;33;20;45;30;30;20;45;200;140;100;300;200;138;100;300;200;139;100;300;200;139;100;300;30;33;20;45;30;30;20;45;30;32;20;45;30;30;20;45;200;144;100;300;200;142;100;300;200;201;100;300;200;202;100;300;4;2;0.4;6;4;5;0.4;6;4;2;0.4;6;4;5;0.4;6;4;3;0.4;6;4;5;0.4;6;4;3;0.4;6;4;5;0.4;6;NOK;NOK;OK;7000;7060;6500;8100;OK;4.99;0;8;12;NOK;N/A;1.5;N/A;N/A;N/A;9;12.3;7;18;OK;;0;0;0;-;Disabled;TempOk;2;230;39.3;139;0;0;349.9;441345100 daimler 1500 1900;441345100 daimler 1500 1900;441345100 Daimler 1500 1900
20260403_22:20:48;29519;3;2;950;947.7;925;975;OK;950;951.8;925;975;OK;951.4;951.3;-20;-18.1;-50;-25;NOK;-20;-18.6;-50;-25;NOK;-17.5;-18.3;0;-20;-17.9;-50;-25;NOK;300;307;300;500;OK;0;0;N/A;N/A;N/A;N/A;N/A;N/A;N/A;N/A;N/A;N/A;N/A;N/A;N/A;N/A;N/A;N/A;N/A;N/A;N/A;N/A;N/A;N/A;N/A;N/A;N/A;N/A;N/A;N/A;N/A;N/A;N/A;N/A;N/A;N/A;N/A;N/A;N/A;N/A;N/A;N/A;N/A;N/A;N/A;N/A;N/A;N/A;N/A;N/A;N/A;N/A;N/A;N/A;N/A;N/A;N/A;N/A;N/A;N/A;N/A;N/A;N/A;N/A;N/A;N/A;N/A;N/A;N/A;N/A;N/A;N/A;N/A;N/A;N/A;N/A;N/A;N/A;N/A;N/A;N/A;N/A;N/A;N/A;N/A;N/A;N/A;N/A;N/A;N/A;N/A;N/A;N/A;N/A;N/A;N/A;N/A;N/A;N/A;N/A;;0;324;0;0;;Disabled;TempStop;2;700;316.2;259.7;0;0;599.9;549.9;Enabled;PosOk;2;0;0;0;0;0;15;Disabled;0;0;0;0;0;0;0;0;0;0;0;0;0;0;0;0;0;0;0;0;0;0;0;0;0;0;0;0;0;0;0;0;0;0;0;0;0;0;0;0;0;0;0;0;0;0;0;0;0;0;0;0;0;0;0;0;0;0;0;0;0;0;0;0;0;0;0;0;0;0;30;33;20;45;30;30;20;45;30;33;20;45;30;30;20;45;200;140;100;300;200;138;100;300;200;139;100;300;200;139;100;300;30;33;20;45;30;30;20;45;30;32;20;45;30;30;20;45;200;144;100;300;200;143;100;300;200;201;100;300;200;202;100;300;4;2;0.4;6;4;5;0.4;6;4;2;0.4;6;4;5;0.4;6;4;2;0.4;6;4;5;0.4;6;4;2;0.4;6;4;5;0.4;6;NOK;NOK;OK;7000;7069;6500;8100;OK;4.99;0;8;12;NOK;N/A;1.5;N/A;N/A;N/A;9;11.8;7;18;OK;;0;0;0;-;Disabled;TempOk;2;230;36.9;91.5;0;0;349.9;441345100 daimler 1500 1900;441345100 daimler 1500 1900;441345100 Daimler 1500 1900
20260403_22:21:06;29520;4;2;950;948.3;925;975;OK;950;954.1;925;975;OK;952.3;953.7;-15;-14.8;-50;-5;OK;-15;-16.1;-50;-5;OK;-17.2;-17.2;0;-15;-14.8;-50;-5;OK;300;311;300;500;OK;13.68;14.04;N/A;N/A;N/A;N/A;N/A;N/A;N/A;N/A;N/A;N/A;N/A;N/A;N/A;N/A;N/A;N/A;N/A;N/A;N/A;N/A;N/A;N/A;N/A;N/A;N/A;N/A;N/A;N/A;N/A;N/A;N/A;N/A;N/A;N/A;N/A;N/A;N/A;N/A;N/A;N/A;N/A;N/A;N/A;N/A;N/A;N/A;N/A;N/A;N/A;N/A;N/A;N/A;N/A;N/A;N/A;N/A;N/A;N/A;N/A;N/A;N/A;N/A;N/A;N/A;N/A;N/A;N/A;N/A;N/A;N/A;N/A;N/A;N/A;N/A;N/A;N/A;N/A;N/A;N/A;N/A;N/A;N/A;N/A;N/A;N/A;N/A;N/A;N/A;N/A;N/A;N/A;N/A;N/A;N/A;N/A;N/A;N/A;N/A;;0;323.4;0;0;;Disabled;TempStop;2;700;316.4;263.8;0;0;599.9;549.9;Enabled;PosOk;2;0;0;0;0;0;15;Disabled;0;0;0;0;0;0;0;0;0;0;0;0;0;0;0;0;0;0;0;0;0;0;0;0;0;0;0;0;0;0;0;0;0;0;0;0;0;0;0;0;0;0;0;0;0;0;0;0;0;0;0;0;0;0;0;0;0;0;0;0;0;0;0;0;0;0;0;0;0;0;30;33;20;45;30;30;20;45;30;33;20;45;30;30;20;45;200;140;100;300;200;138;100;300;200;139;100;300;200;139;100;300;30;33;20;45;30;30;20;45;30;32;20;45;30;30;20;45;200;144;100;300;200;143;100;300;200;201;100;300;200;202;100;300;4;2;0.4;6;4;5;0.4;6;4;2;0.4;6;4;5;0.4;6;4;2;0.4;6;4;5;0.4;6;4;2;0.4;6;4;5;0.4;6;NOK;NOK;OK;7000;7084;6500;8100;OK;5;0;8;12;NOK;N/A;1.5;N/A;N/A;N/A;9;11.9;7;18;OK;;0;0;0;-;Disabled;TempOk;2;230;38.9;109.5;0;0;349.9;441345100 daimler 1500 1900;441345100 daimler 1500 1900;441345100 Daimler 1500 1900
20260403_22:21:24;29521;1;3;950;948.1;925;975;OK;950;951.3;925;975;OK;951.2;951.1;-20;-16.4;-50;-25;NOK;-20;-17.1;-50;-25;NOK;-19.3;-19;0;-20;-16.3;-50;-25;NOK;300;308;300;500;OK;0;0;N/A;N/A;N/A;N/A;N/A;N/A;N/A;N/A;N/A;N/A;N/A;N/A;N/A;N/A;N/A;N/A;N/A;N/A;N/A;N/A;N/A;N/A;N/A;N/A;N/A;N/A;N/A;N/A;N/A;N/A;N/A;N/A;N/A;N/A;N/A;N/A;N/A;N/A;N/A;N/A;N/A;N/A;N/A;N/A;N/A;N/A;N/A;N/A;N/A;N/A;N/A;N/A;N/A;N/A;N/A;N/A;N/A;N/A;N/A;N/A;N/A;N/A;N/A;N/A;N/A;N/A;N/A;N/A;N/A;N/A;N/A;N/A;N/A;N/A;N/A;N/A;N/A;N/A;N/A;N/A;N/A;N/A;N/A;N/A;N/A;N/A;N/A;N/A;N/A;N/A;N/A;N/A;N/A;N/A;N/A;N/A;N/A;N/A;;0;325;0;0;;Disabled;TempStop;2;700;317.2;262.4;0;0;599.9;549.9;Enabled;PosOk;2;0;0;0;0;0;15;Disabled;0;0;0;0;0;0;0;0;0;0;0;0;0;0;0;0;0;0;0;0;0;0;0;0;0;0;0;0;0;0;0;0;0;0;0;0;0;0;0;0;0;0;0;0;0;0;0;0;0;0;0;0;0;0;0;0;0;0;0;0;0;0;0;0;0;0;0;0;0;0;30;33;20;45;30;30;20;45;30;33;20;45;30;30;20;45;200;140;100;300;200;138;100;300;200;139;100;300;200;139;100;300;30;33;20;45;30;30;20;45;30;32;20;45;30;30;20;45;200;144;100;300;200;143;100;300;200;201;100;300;200;202;100;300;4;2;0.4;6;4;5;0.4;6;4;2;0.4;6;4;5;0.4;6;4;2;0.4;6;4;5;0.4;6;4;2;0.4;6;4;5;0.4;6;NOK;NOK;OK;7000;7074;6500;8100;OK;5;0;8;12;NOK;N/A;1.5;N/A;N/A;N/A;9;12;7;18;OK;;0;0;0;-;Disabled;TempOk;2;230;36.7;58.3;0;0;349.9;441345100 daimler 1500 1900;441345100 daimler 1500 1900;441345100 Daimler 1500 1900
20260403_22:21:42;29522;2;3;950;948.5;925;975;OK;950;951.2;925;975;OK;951;951.3;-15;-23.2;-50;-20;OK;-15;-20.6;-50;-20;OK;-21;-20.9;0;-15;-23.1;-50;-20;OK;300;312;300;500;OK;0;0;N/A;N/A;N/A;N/A;N/A;N/A;N/A;N/A;N/A;N/A;N/A;N/A;N/A;N/A;N/A;N/A;N/A;N/A;N/A;N/A;N/A;N/A;N/A;N/A;N/A;N/A;N/A;N/A;N/A;N/A;N/A;N/A;N/A;N/A;N/A;N/A;N/A;N/A;N/A;N/A;N/A;N/A;N/A;N/A;N/A;N/A;N/A;N/A;N/A;N/A;N/A;N/A;N/A;N/A;N/A;N/A;N/A;N/A;N/A;N/A;N/A;N/A;N/A;N/A;N/A;N/A;N/A;N/A;N/A;N/A;N/A;N/A;N/A;N/A;N/A;N/A;N/A;N/A;N/A;N/A;N/A;N/A;N/A;N/A;N/A;N/A;N/A;N/A;N/A;N/A;N/A;N/A;N/A;N/A;N/A;N/A;N/A;N/A;;0;326.4;0;0;;Disabled;TempStop;2;700;321.3;270.6;0;0;599.9;549.9;Enabled;PosOk;2;0;0;0;0;0;15;Disabled;0;0;0;0;0;0;0;0;0;0;0;0;0;0;0;0;0;0;0;0;0;0;0;0;0;0;0;0;0;0;0;0;0;0;0;0;0;0;0;0;0;0;0;0;0;0;0;0;0;0;0;0;0;0;0;0;0;0;0;0;0;0;0;0;0;0;0;0;0;0;30;33;20;45;30;30;20;45;30;33;20;45;30;30;20;45;200;140;100;300;200;138;100;300;200;139;100;300;200;139;100;300;30;33;20;45;30;30;20;45;30;32;20;45;30;30;20;45;200;144;100;300;200;143;100;300;200;201;100;300;200;202;100;300;4;2;0.4;6;4;5;0.4;6;4;2;0.4;6;4;5;0.4;6;4;2;0.4;6;4;5;0.4;6;4;3;0.4;6;4;5;0.4;6;NOK;NOK;OK;7000;7076;6500;8100;OK;4.99;0;8;12;NOK;N/A;1.5;N/A;N/A;N/A;9;12.4;7;18;OK;;0;0;0;-;Disabled;TempOk;2;230;38.7;118.6;0;0;349.9;441345100 daimler 1500 1900;441345100 daimler 1500 1900;441345100 Daimler 1500 1900
20260403_22:22:00;29523;3;3;950;946.5;925;975;OK;950;951.1;925;975;OK;951;951.2;-20;-19.4;-50;-25;NOK;-20;-18.2;-50;-25;NOK;-17.7;-17.9;0;-20;-19.2;-50;-25;NOK;300;309;300;500;OK;0;0;N/A;N/A;N/A;N/A;N/A;N/A;N/A;N/A;N/A;N/A;N/A;N/A;N/A;N/A;N/A;N/A;N/A;N/A;N/A;N/A;N/A;N/A;N/A;N/A;N/A;N/A;N/A;N/A;N/A;N/A;N/A;N/A;N/A;N/A;N/A;N/A;N/A;N/A;N/A;N/A;N/A;N/A;N/A;N/A;N/A;N/A;N/A;N/A;N/A;N/A;N/A;N/A;N/A;N/A;N/A;N/A;N/A;N/A;N/A;N/A;N/A;N/A;N/A;N/A;N/A;N/A;N/A;N/A;N/A;N/A;N/A;N/A;N/A;N/A;N/A;N/A;N/A;N/A;N/A;N/A;N/A;N/A;N/A;N/A;N/A;N/A;N/A;N/A;N/A;N/A;N/A;N/A;N/A;N/A;N/A;N/A;N/A;N/A;;0;323.7;0;0;;Disabled;TempStop;2;700;316;263.7;0;0;599.9;549.9;Enabled;PosOk;2;0;0;0;0;0;15;Disabled;0;0;0;0;0;0;0;0;0;0;0;0;0;0;0;0;0;0;0;0;0;0;0;0;0;0;0;0;0;0;0;0;0;0;0;0;0;0;0;0;0;0;0;0;0;0;0;0;0;0;0;0;0;0;0;0;0;0;0;0;0;0;0;0;0;0;0;0;0;0;30;33;20;45;30;30;20;45;30;33;20;45;30;30;20;45;200;140;100;300;200;138;100;300;200;139;100;300;200;139;100;300;30;33;20;45;30;30;20;45;30;32;20;45;30;30;20;45;200;144;100;300;200;143;100;300;200;201;100;300;200;203;100;300;4;2;0.4;6;4;5;0.4;6;4;2;0.4;6;4;5;0.4;6;4;2;0.4;6;4;5;0.4;6;4;2;0.4;6;4;5;0.4;6;NOK;NOK;OK;7000;7065;6500;8100;OK;5;0;8;12;NOK;N/A;1.51;N/A;N/A;N/A;9;11.7;7;18;OK;;0;0;0;-;Disabled;TempOk;2;230;37.9;55.5;0;0;349.9;441345100 daimler 1500 1900;441345100 daimler 1500 1900;441345100 Daimler 1500 1900
20260403_22:22:18;29524;4;3;950;949;925;975;OK;950;951.3;925;975;OK;951.4;951.5;-15;-17.6;-50;-5;OK;-15;-13.9;-50;-5;OK;-17.2;-16.2;0;-15;-17.4;-50;-5;OK;300;313;300;500;OK;13.81;14.14;N/A;N/A;N/A;N/A;N/A;N/A;N/A;N/A;N/A;N/A;N/A;N/A;N/A;N/A;N/A;N/A;N/A;N/A;N/A;N/A;N/A;N/A;N/A;N/A;N/A;N/A;N/A;N/A;N/A;N/A;N/A;N/A;N/A;N/A;N/A;N/A;N/A;N/A;N/A;N/A;N/A;N/A;N/A;N/A;N/A;N/A;N/A;N/A;N/A;N/A;N/A;N/A;N/A;N/A;N/A;N/A;N/A;N/A;N/A;N/A;N/A;N/A;N/A;N/A;N/A;N/A;N/A;N/A;N/A;N/A;N/A;N/A;N/A;N/A;N/A;N/A;N/A;N/A;N/A;N/A;N/A;N/A;N/A;N/A;N/A;N/A;N/A;N/A;N/A;N/A;N/A;N/A;N/A;N/A;N/A;N/A;N/A;N/A;;0;326.5;0;0;;Disabled;TempStop;2;700;319.1;266.7;0;0;599.9;549.9;Enabled;PosOk;2;0;0;0;0;0;15;Disabled;0;0;0;0;0;0;0;0;0;0;0;0;0;0;0;0;0;0;0;0;0;0;0;0;0;0;0;0;0;0;0;0;0;0;0;0;0;0;0;0;0;0;0;0;0;0;0;0;0;0;0;0;0;0;0;0;0;0;0;0;0;0;0;0;0;0;0;0;0;0;30;33;20;45;30;30;20;45;30;34;20;45;30;30;20;45;200;140;100;300;200;138;100;300;200;139;100;300;200;139;100;300;30;33;20;45;30;30;20;45;30;32;20;45;30;30;20;45;200;144;100;300;200;143;100;300;200;201;100;300;200;202;100;300;4;2;0.4;6;4;5;0.4;6;4;2;0.4;6;4;5;0.4;6;4;2;0.4;6;4;5;0.4;6;4;3;0.4;6;4;5;0.4;6;NOK;NOK;OK;7000;7088;6500;8100;OK;5;0;8;12;NOK;N/A;1.5;N/A;N/A;N/A;9;11.8;7;18;OK;;0;0;0;-;Disabled;TempOk;2;230;37.2;76.7;0;0;349.9;441345100 daimler 1500 1900;441345100 daimler 1500 1900;441345100 Daimler 1500 1900
20260403_22:22:36;29525;1;4;950;946.4;925;975;OK;950;950.6;925;975;OK;950.3;950.5;-20;-15.7;-50;-25;NOK;-20;-16;-50;-25;NOK;-18.4;-17.8;0;-20;-15.5;-50;-25;NOK;300;310;300;500;OK;0;0;N/A;N/A;N/A;N/A;N/A;N/A;N/A;N/A;N/A;N/A;N/A;N/A;N/A;N/A;N/A;N/A;N/A;N/A;N/A;N/A;N/A;N/A;N/A;N/A;N/A;N/A;N/A;N/A;N/A;N/A;N/A;N/A;N/A;N/A;N/A;N/A;N/A;N/A;N/A;N/A;N/A;N/A;N/A;N/A;N/A;N/A;N/A;N/A;N/A;N/A;N/A;N/A;N/A;N/A;N/A;N/A;N/A;N/A;N/A;N/A;N/A;N/A;N/A;N/A;N/A;N/A;N/A;N/A;N/A;N/A;N/A;N/A;N/A;N/A;N/A;N/A;N/A;N/A;N/A;N/A;N/A;N/A;N/A;N/A;N/A;N/A;N/A;N/A;N/A;N/A;N/A;N/A;N/A;N/A;N/A;N/A;N/A;N/A;;0;326.7;0;0;;Disabled;TempStop;2;700;317.9;264.5;0;0;599.9;549.9;Enabled;PosOk;2;0;0;0;0;0;15;Disabled;0;0;0;0;0;0;0;0;0;0;0;0;0;0;0;0;0;0;0;0;0;0;0;0;0;0;0;0;0;0;0;0;0;0;0;0;0;0;0;0;0;0;0;0;0;0;0;0;0;0;0;0;0;0;0;0;0;0;0;0;0;0;0;0;0;0;0;0;0;0;30;33;20;45;30;30;20;45;30;34;20;45;30;30;20;45;200;140;100;300;200;138;100;300;200;140;100;300;200;139;100;300;30;33;20;45;30;30;20;45;30;32;20;45;30;30;20;45;200;144;100;300;200;143;100;300;200;201;100;300;200;202;100;300;4;2;0.4;6;4;5;0.4;6;4;2;0.4;6;4;5;0.4;6;4;2;0.4;6;4;5;0.4;6;4;3;0.4;6;4;5;0.4;6;NOK;NOK;OK;7000;7075;6500;8100;OK;5;0;8;12;NOK;N/A;1.5;N/A;N/A;N/A;9;11.9;7;18;OK;;0;0;0;-;Disabled;TempOk;2;230;38.7;140.3;0;0;349.9;441345100 daimler 1500 1900;441345100 daimler 1500 1900;441345100 Daimler 1500 1900
20260403_22:22:54;29526;2;4;950;946.6;925;975;OK;950;951.2;925;975;OK;951.1;951.5;-15;-25.6;-50;-20;OK;-15;-22.3;-50;-20;OK;-23.3;-22.8;0;-15;-25.5;-50;-20;OK;300;314;300;500;OK;0;0;N/A;N/A;N/A;N/A;N/A;N/A;N/A;N/A;N/A;N/A;N/A;N/A;N/A;N/A;N/A;N/A;N/A;N/A;N/A;N/A;N/A;N/A;N/A;N/A;N/A;N/A;N/A;N/A;N/A;N/A;N/A;N/A;N/A;N/A;N/A;N/A;N/A;N/A;N/A;N/A;N/A;N/A;N/A;N/A;N/A;N/A;N/A;N/A;N/A;N/A;N/A;N/A;N/A;N/A;N/A;N/A;N/A;N/A;N/A;N/A;N/A;N/A;N/A;N/A;N/A;N/A;N/A;N/A;N/A;N/A;N/A;N/A;N/A;N/A;N/A;N/A;N/A;N/A;N/A;N/A;N/A;N/A;N/A;N/A;N/A;N/A;N/A;N/A;N/A;N/A;N/A;N/A;N/A;N/A;N/A;N/A;N/A;N/A;;0;326.8;0;0;;Disabled;TempStop;2;700;319.5;267.1;0;0;599.9;549.9;Enabled;PosOk;2;0;0;0;0;0;15;Disabled;0;0;0;0;0;0;0;0;0;0;0;0;0;0;0;0;0;0;0;0;0;0;0;0;0;0;0;0;0;0;0;0;0;0;0;0;0;0;0;0;0;0;0;0;0;0;0;0;0;0;0;0;0;0;0;0;0;0;0;0;0;0;0;0;0;0;0;0;0;0;30;34;20;45;30;30;20;45;30;34;20;45;30;30;20;45;200;141;100;300;200;138;100;300;200;139;100;300;200;139;100;300;30;33;20;45;30;30;20;45;30;32;20;45;30;30;20;45;200;144;100;300;200;143;100;300;200;201;100;300;200;202;100;300;4;2;0.4;6;4;5;0.4;6;4;2;0.4;6;4;5;0.4;6;4;2;0.4;6;4;5;0.4;6;4;3;0.4;6;4;5;0.4;6;NOK;NOK;OK;7000;7068;6500;8100;OK;4.99;0;8;12;NOK;N/A;1.5;N/A;N/A;N/A;9;12.4;7;18;OK;;0;0;0;-;Disabled;TempOk;2;230;36.9;59.6;0;0;349.9;441345100 daimler 1500 1900;441345100 daimler 1500 1900;441345100 Daimler 1500 1900
20260403_22:23:12;29527;3;4;950;947.3;925;975;OK;950;951;925;975;OK;950.9;951;-20;-15.9;-50;-25;NOK;-20;-18.4;-50;-25;NOK;-20.3;-20.1;0;-20;-15.8;-50;-25;NOK;300;311;300;500;OK;0;0;N/A;N/A;N/A;N/A;N/A;N/A;N/A;N/A;N/A;N/A;N/A;N/A;N/A;N/A;N/A;N/A;N/A;N/A;N/A;N/A;N/A;N/A;N/A;N/A;N/A;N/A;N/A;N/A;N/A;N/A;N/A;N/A;N/A;N/A;N/A;N/A;N/A;N/A;N/A;N/A;N/A;N/A;N/A;N/A;N/A;N/A;N/A;N/A;N/A;N/A;N/A;N/A;N/A;N/A;N/A;N/A;N/A;N/A;N/A;N/A;N/A;N/A;N/A;N/A;N/A;N/A;N/A;N/A;N/A;N/A;N/A;N/A;N/A;N/A;N/A;N/A;N/A;N/A;N/A;N/A;N/A;N/A;N/A;N/A;N/A;N/A;N/A;N/A;N/A;N/A;N/A;N/A;N/A;N/A;N/A;N/A;N/A;N/A;;0;324.7;0;0;;Disabled;TempStop;2;700;317;269.2;0;0;599.9;549.9;Enabled;PosOk;2;0;0;0;0;0;15;Disabled;0;0;0;0;0;0;0;0;0;0;0;0;0;0;0;0;0;0;0;0;0;0;0;0;0;0;0;0;0;0;0;0;0;0;0;0;0;0;0;0;0;0;0;0;0;0;0;0;0;0;0;0;0;0;0;0;0;0;0;0;0;0;0;0;0;0;0;0;0;0;30;33;20;45;30;30;20;45;30;34;20;45;30;30;20;45;200;140;100;300;200;138;100;300;200;139;100;300;200;139;100;300;30;33;20;45;30;30;20;45;30;32;20;45;30;30;20;45;200;144;100;300;200;143;100;300;200;201;100;300;200;202;100;300;4;2;0.4;6;4;5;0.4;6;4;2;0.4;6;4;5;0.4;6;4;3;0.4;6;4;5;0.4;6;4;2;0.4;6;4;5;0.4;6;NOK;NOK;OK;7000;7064;6500;8100;OK;4.99;0;8;12;NOK;N/A;1.5;N/A;N/A;N/A;9;12.2;7;18;OK;;0;0;0;-;Disabled;TempOk;2;230;38.9;120.6;0;0;349.9;441345100 daimler 1500 1900;441345100 daimler 1500 1900;441345100 Daimler 1500 1900
20260403_22:23:30;29528;4;4;950;945.6;925;975;OK;950;957;925;975;OK;956.9;956.9;-15;-20.2;-50;-5;OK;-15;-10.4;-50;-5;OK;-14.5;-13.6;0;-15;-20;-50;-5;OK;300;316;300;500;OK;13.91;14.24;N/A;N/A;N/A;N/A;N/A;N/A;N/A;N/A;N/A;N/A;N/A;N/A;N/A;N/A;N/A;N/A;N/A;N/A;N/A;N/A;N/A;N/A;N/A;N/A;N/A;N/A;N/A;N/A;N/A;N/A;N/A;N/A;N/A;N/A;N/A;N/A;N/A;N/A;N/A;N/A;N/A;N/A;N/A;N/A;N/A;N/A;N/A;N/A;N/A;N/A;N/A;N/A;N/A;N/A;N/A;N/A;N/A;N/A;N/A;N/A;N/A;N/A;N/A;N/A;N/A;N/A;N/A;N/A;N/A;N/A;N/A;N/A;N/A;N/A;N/A;N/A;N/A;N/A;N/A;N/A;N/A;N/A;N/A;N/A;N/A;N/A;N/A;N/A;N/A;N/A;N/A;N/A;N/A;N/A;N/A;N/A;N/A;N/A;;0;324.9;0;0;;Disabled;TempStop;2;700;317.1;265.8;0;0;599.9;549.9;Enabled;PosOk;2;0;0;0;0;0;15;Disabled;0;0;0;0;0;0;0;0;0;0;0;0;0;0;0;0;0;0;0;0;0;0;0;0;0;0;0;0;0;0;0;0;0;0;0;0;0;0;0;0;0;0;0;0;0;0;0;0;0;0;0;0;0;0;0;0;0;0;0;0;0;0;0;0;0;0;0;0;0;0;30;33;20;45;30;30;20;45;30;34;20;45;30;30;20;45;200;140;100;300;200;139;100;300;200;139;100;300;200;139;100;300;30;33;20;45;30;30;20;45;30;32;20;45;30;30;20;45;200;144;100;300;200;142;100;300;200;201;100;300;200;202;100;300;4;2;0.4;6;4;5;0.4;6;4;2;0.4;6;4;5;0.4;6;4;3;0.4;6;4;5;0.4;6;4;3;0.4;6;4;5;0.4;6;NOK;NOK;OK;7000;7073;6500;8100;OK;4.99;0;8;12;NOK;N/A;1.5;N/A;N/A;N/A;9;11.7;7;18;OK;;0;0;0;-;Disabled;TempOk;2;230;36.7;57.7;0;0;349.9;441345100 daimler 1500 1900;441345100 daimler 1500 1900;441345100 Daimler 1500 1900
20260403_22:23:48;29529;3;5;950;949.4;925;975;OK;950;952;925;975;OK;952;951.1;-20;-22.4;-50;-25;NOK;-20;-21;-50;-25;NOK;-21.8;-21.8;0;-20;-22.3;-50;-25;NOK;300;313;300;500;OK;0;0;N/A;N/A;N/A;N/A;N/A;N/A;N/A;N/A;N/A;N/A;N/A;N/A;N/A;N/A;N/A;N/A;N/A;N/A;N/A;N/A;N/A;N/A;N/A;N/A;N/A;N/A;N/A;N/A;N/A;N/A;N/A;N/A;N/A;N/A;N/A;N/A;N/A;N/A;N/A;N/A;N/A;N/A;N/A;N/A;N/A;N/A;N/A;N/A;N/A;N/A;N/A;N/A;N/A;N/A;N/A;N/A;N/A;N/A;N/A;N/A;N/A;N/A;N/A;N/A;N/A;N/A;N/A;N/A;N/A;N/A;N/A;N/A;N/A;N/A;N/A;N/A;N/A;N/A;N/A;N/A;N/A;N/A;N/A;N/A;N/A;N/A;N/A;N/A;N/A;N/A;N/A;N/A;N/A;N/A;N/A;N/A;N/A;N/A;;0;326.1;0;0;;Disabled;TempStop;2;700;319.4;271.3;0;0;599.9;549.9;Enabled;PosOk;2;0;0;0;0;0;15;Disabled;0;0;0;0;0;0;0;0;0;0;0;0;0;0;0;0;0;0;0;0;0;0;0;0;0;0;0;0;0;0;0;0;0;0;0;0;0;0;0;0;0;0;0;0;0;0;0;0;0;0;0;0;0;0;0;0;0;0;0;0;0;0;0;0;0;0;0;0;0;0;30;33;20;45;30;30;20;45;30;34;20;45;30;30;20;45;200;140;100;300;200;138;100;300;200;139;100;300;200;139;100;300;30;33;20;45;30;30;20;45;30;32;20;45;30;29;20;45;200;144;100;300;200;143;100;300;200;201;100;300;200;201;100;300;4;2;0.4;6;4;5;0.4;6;4;2;0.4;6;4;5;0.4;6;4;3;0.4;6;4;5;0.4;6;4;3;0.4;6;4;5;0.4;6;NOK;NOK;OK;7000;7072;6500;8100;OK;4.99;0;8;12;NOK;N/A;1.5;N/A;N/A;N/A;9;11.9;7;18;OK;;0;0;0;-;Disabled;TempOk;2;230;36.4;76.1;0;0;349.9;441345100 daimler 1500 1900;441345100 daimler 1500 1900;441345100 Daimler 1500 1900
20260403_22:24:06;29530;2;5;950;945.7;925;975;OK;950;950.9;925;975;OK;950.6;951.1;-15;-16.6;-50;-20;NOK;-15;-16.1;-50;-20;NOK;-16.9;-16.7;0;-15;-16.6;-50;-20;NOK;300;316;300;500;OK;0;0;N/A;N/A;N/A;N/A;N/A;N/A;N/A;N/A;N/A;N/A;N/A;N/A;N/A;N/A;N/A;N/A;N/A;N/A;N/A;N/A;N/A;N/A;N/A;N/A;N/A;N/A;N/A;N/A;N/A;N/A;N/A;N/A;N/A;N/A;N/A;N/A;N/A;N/A;N/A;N/A;N/A;N/A;N/A;N/A;N/A;N/A;N/A;N/A;N/A;N/A;N/A;N/A;N/A;N/A;N/A;N/A;N/A;N/A;N/A;N/A;N/A;N/A;N/A;N/A;N/A;N/A;N/A;N/A;N/A;N/A;N/A;N/A;N/A;N/A;N/A;N/A;N/A;N/A;N/A;N/A;N/A;N/A;N/A;N/A;N/A;N/A;N/A;N/A;N/A;N/A;N/A;N/A;N/A;N/A;N/A;N/A;N/A;N/A;;0;326.1;0;0;;Disabled;TempStop;2;700;318.8;268.5;0;0;599.9;549.9;Enabled;PosOk;2;0;0;0;0;0;15;Disabled;0;0;0;0;0;0;0;0;0;0;0;0;0;0;0;0;0;0;0;0;0;0;0;0;0;0;0;0;0;0;0;0;0;0;0;0;0;0;0;0;0;0;0;0;0;0;0;0;0;0;0;0;0;0;0;0;0;0;0;0;0;0;0;0;0;0;0;0;0;0;30;33;20;45;30;29;20;45;30;34;20;45;30;29;20;45;200;140;100;300;200;138;100;300;200;139;100;300;200;139;100;300;30;32;20;45;30;29;20;45;30;31;20;45;30;29;20;45;200;144;100;300;200;142;100;300;200;201;100;300;200;201;100;300;4;2;0.4;6;4;5;0.4;6;4;2;0.4;6;4;5;0.4;6;4;2;0.4;6;4;5;0.4;6;4;2;0.4;6;4;5;0.4;6;NOK;NOK;OK;7000;7078;6500;8100;OK;4.99;0;8;12;NOK;N/A;1.5;N/A;N/A;N/A;9;11.9;7;18;OK;;0;0;0;-;Disabled;TempOk;2;230;39.1;119.5;0;0;349.9;441345100 daimler 1500 1900;441345100 daimler 1500 1900;441345100 Daimler 1500 1900
20260403_22:24:24;29531;1;1;950;939.6;925;975;OK;950;951.1;925;975;OK;950.8;950.9;-20;-18.1;-50;-25;NOK;-20;-17.6;-50;-25;NOK;-16.4;-16.8;0;-20;-18.1;-50;-25;NOK;300;311;300;500;OK;0;0;N/A;N/A;N/A;N/A;N/A;N/A;N/A;N/A;N/A;N/A;N/A;N/A;N/A;N/A;N/A;N/A;N/A;N/A;N/A;N/A;N/A;N/A;N/A;N/A;N/A;N/A;N/A;N/A;N/A;N/A;N/A;N/A;N/A;N/A;N/A;N/A;N/A;N/A;N/A;N/A;N/A;N/A;N/A;N/A;N/A;N/A;N/A;N/A;N/A;N/A;N/A;N/A;N/A;N/A;N/A;N/A;N/A;N/A;N/A;N/A;N/A;N/A;N/A;N/A;N/A;N/A;N/A;N/A;N/A;N/A;N/A;N/A;N/A;N/A;N/A;N/A;N/A;N/A;N/A;N/A;N/A;N/A;N/A;N/A;N/A;N/A;N/A;N/A;N/A;N/A;N/A;N/A;N/A;N/A;N/A;N/A;N/A;N/A;;0;325.4;0;0;;Disabled;TempStop;2;700;316.6;266.8;0;0;599.9;549.9;Enabled;PosOk;2;0;0;0;0;0;15;Disabled;0;0;0;0;0;0;0;0;0;0;0;0;0;0;0;0;0;0;0;0;0;0;0;0;0;0;0;0;0;0;0;0;0;0;0;0;0;0;0;0;0;0;0;0;0;0;0;0;0;0;0;0;0;0;0;0;0;0;0;0;0;0;0;0;0;0;0;0;0;0;30;33;20;45;30;29;20;45;30;33;20;45;30;29;20;45;200;140;100;300;200;138;100;300;200;139;100;300;200;139;100;300;30;32;20;45;30;29;20;45;30;31;20;45;30;29;20;45;200;144;100;300;200;143;100;300;200;201;100;300;200;202;100;300;4;2;0.4;6;4;5;0.4;6;4;2;0.4;6;4;5;0.4;6;4;2;0.4;6;4;5;0.4;6;4;3;0.4;6;4;5;0.4;6;NOK;NOK;OK;7000;7073;6500;8100;OK;4.99;0;8;12;NOK;N/A;1.5;N/A;N/A;N/A;9;12;7;18;OK;;0;0;0;-;Disabled;TempOk;2;230;37.4;60.6;0;0;349.9;441345100 daimler 1500 1900;441345100 daimler 1500 1900;441345100 Daimler 1500 1900
20260403_22:24:42;29532;2;1;950;939.5;925;975;OK;950;952;925;975;OK;951.8;951;-15;-15.7;-50;-20;NOK;-15;-15.4;-50;-20;NOK;-15.1;-15.1;0;-15;-15.7;-50;-20;NOK;300;311;300;500;OK;0;0;N/A;N/A;N/A;N/A;N/A;N/A;N/A;N/A;N/A;N/A;N/A;N/A;N/A;N/A;N/A;N/A;N/A;N/A;N/A;N/A;N/A;N/A;N/A;N/A;N/A;N/A;N/A;N/A;N/A;N/A;N/A;N/A;N/A;N/A;N/A;N/A;N/A;N/A;N/A;N/A;N/A;N/A;N/A;N/A;N/A;N/A;N/A;N/A;N/A;N/A;N/A;N/A;N/A;N/A;N/A;N/A;N/A;N/A;N/A;N/A;N/A;N/A;N/A;N/A;N/A;N/A;N/A;N/A;N/A;N/A;N/A;N/A;N/A;N/A;N/A;N/A;N/A;N/A;N/A;N/A;N/A;N/A;N/A;N/A;N/A;N/A;N/A;N/A;N/A;N/A;N/A;N/A;N/A;N/A;N/A;N/A;N/A;N/A;;0;326.5;0;0;;Disabled;TempStop;2;700;319;274.5;0;0;599.9;549.9;Enabled;PosOk;2;0;0;0;0;0;15;Disabled;0;0;0;0;0;0;0;0;0;0;0;0;0;0;0;0;0;0;0;0;0;0;0;0;0;0;0;0;0;0;0;0;0;0;0;0;0;0;0;0;0;0;0;0;0;0;0;0;0;0;0;0;0;0;0;0;0;0;0;0;0;0;0;0;0;0;0;0;0;0;30;33;20;45;30;29;20;45;30;33;20;45;30;29;20;45;200;140;100;300;200;138;100;300;200;139;100;300;200;139;100;300;30;32;20;45;30;29;20;45;30;31;20;45;30;29;20;45;200;144;100;300;200;143;100;300;200;201;100;300;200;201;100;300;4;2;0.4;6;4;5;0.4;6;4;2;0.4;6;4;5;0.4;6;4;2;0.4;6;4;5;0.4;6;4;2;0.4;6;4;5;0.4;6;NOK;NOK;OK;7000;7053;6500;8100;OK;4.99;0;8;12;NOK;N/A;1.5;N/A;N/A;N/A;9;12.3;7;18;OK;;0;0;0;-;Disabled;TempOk;2;230;39.3;142.3;0;0;349.9;441345100 daimler 1500 1900;441345100 daimler 1500 1900;441345100 Daimler 1500 1900
20260403_22:25:00;29533;3;1;950;939.3;925;975;OK;950;951.2;925;975;OK;950.9;951.1;-20;-16.4;-50;-25;NOK;-20;-15.8;-50;-25;NOK;-14.3;-14.9;0;-20;-16.4;-50;-25;NOK;300;311;300;500;OK;0;0;N/A;N/A;N/A;N/A;N/A;N/A;N/A;N/A;N/A;N/A;N/A;N/A;N/A;N/A;N/A;N/A;N/A;N/A;N/A;N/A;N/A;N/A;N/A;N/A;N/A;N/A;N/A;N/A;N/A;N/A;N/A;N/A;N/A;N/A;N/A;N/A;N/A;N/A;N/A;N/A;N/A;N/A;N/A;N/A;N/A;N/A;N/A;N/A;N/A;N/A;N/A;N/A;N/A;N/A;N/A;N/A;N/A;N/A;N/A;N/A;N/A;N/A;N/A;N/A;N/A;N/A;N/A;N/A;N/A;N/A;N/A;N/A;N/A;N/A;N/A;N/A;N/A;N/A;N/A;N/A;N/A;N/A;N/A;N/A;N/A;N/A;N/A;N/A;N/A;N/A;N/A;N/A;N/A;N/A;N/A;N/A;N/A;N/A;;0;323.6;0;0;;Disabled;TempStop;2;700;314.2;264.3;0;0;599.9;549.9;Enabled;PosOk;2;0;0;0;0;0;15;Disabled;0;0;0;0;0;0;0;0;0;0;0;0;0;0;0;0;0;0;0;0;0;0;0;0;0;0;0;0;0;0;0;0;0;0;0;0;0;0;0;0;0;0;0;0;0;0;0;0;0;0;0;0;0;0;0;0;0;0;0;0;0;0;0;0;0;0;0;0;0;0;30;32;20;45;30;29;20;45;30;33;20;45;30;29;20;45;200;140;100;300;200;138;100;300;200;139;100;300;200;139;100;300;30;32;20;45;30;29;20;45;30;31;20;45;30;29;20;45;200;144;100;300;200;142;100;300;200;200;100;300;200;201;100;300;4;2;0.4;6;4;5;0.4;6;4;2;0.4;6;4;5;0.4;6;4;2;0.4;6;4;5;0.4;6;4;3;0.4;6;4;5;0.4;6;NOK;NOK;OK;7000;7068;6500;8100;OK;5;0;8;12;NOK;N/A;1.5;N/A;N/A;N/A;9;11.7;7;18;OK;;0;0;0;-;Disabled;TempOk;2;230;37.2;68.8;0;0;349.9;441345100 daimler 1500 1900;441345100 daimler 1500 1900;441345100 Daimler 1500 1900
20260403_22:25:18;29534;4;1;950;940.7;925;975;OK;950;951.2;925;975;OK;950.7;950.9;-15;-12.4;-50;-5;OK;-15;-16.7;-50;-5;OK;-17.2;-17.1;0;-15;-12.3;-50;-5;OK;300;311;300;500;OK;13.98;14.39;N/A;N/A;N/A;N/A;N/A;N/A;N/A;N/A;N/A;N/A;N/A;N/A;N/A;N/A;N/A;N/A;N/A;N/A;N/A;N/A;N/A;N/A;N/A;N/A;N/A;N/A;N/A;N/A;N/A;N/A;N/A;N/A;N/A;N/A;N/A;N/A;N/A;N/A;N/A;N/A;N/A;N/A;N/A;N/A;N/A;N/A;N/A;N/A;N/A;N/A;N/A;N/A;N/A;N/A;N/A;N/A;N/A;N/A;N/A;N/A;N/A;N/A;N/A;N/A;N/A;N/A;N/A;N/A;N/A;N/A;N/A;N/A;N/A;N/A;N/A;N/A;N/A;N/A;N/A;N/A;N/A;N/A;N/A;N/A;N/A;N/A;N/A;N/A;N/A;N/A;N/A;N/A;N/A;N/A;N/A;N/A;N/A;N/A;;0;326.6;0;0;;Disabled;TempStop;2;700;321.5;275.1;0;0;599.9;549.9;Enabled;PosOk;2;0;0;0;0;0;15;Disabled;0;0;0;0;0;0;0;0;0;0;0;0;0;0;0;0;0;0;0;0;0;0;0;0;0;0;0;0;0;0;0;0;0;0;0;0;0;0;0;0;0;0;0;0;0;0;0;0;0;0;0;0;0;0;0;0;0;0;0;0;0;0;0;0;0;0;0;0;0;0;30;32;20;45;30;30;20;45;30;33;20;45;30;29;20;45;200;140;100;300;200;138;100;300;200;139;100;300;200;139;100;300;30;32;20;45;30;29;20;45;30;31;20;45;30;30;20;45;200;144;100;300;200;143;100;300;200;201;100;300;200;201;100;300;4;2;0.4;6;4;5;0.4;6;4;2;0.4;6;4;5;0.4;6;4;2;0.4;6;4;5;0.4;6;4;3;0.4;6;4;5;0.4;6;NOK;NOK;OK;7000;7065;6500;8100;OK;5;0;8;12;NOK;N/A;1.5;N/A;N/A;N/A;9;11.8;7;18;OK;;0;0;0;-;Disabled;TempOk;2;230;36.9;64;0;0;349.9;441345100 daimler 1500 1900;441345100 daimler 1500 1900;441345100 Daimler 1500 1900
20260403_22:25:36;29535;1;2;950;940.9;925;975;OK;950;951.5;925;975;OK;951.3;951.5;-20;-16.6;-50;-25;NOK;-20;-16.6;-50;-25;NOK;-16.4;-17.1;0;-20;-16.5;-50;-25;NOK;300;311;300;500;OK;0;0;N/A;N/A;N/A;N/A;N/A;N/A;N/A;N/A;N/A;N/A;N/A;N/A;N/A;N/A;N/A;N/A;N/A;N/A;N/A;N/A;N/A;N/A;N/A;N/A;N/A;N/A;N/A;N/A;N/A;N/A;N/A;N/A;N/A;N/A;N/A;N/A;N/A;N/A;N/A;N/A;N/A;N/A;N/A;N/A;N/A;N/A;N/A;N/A;N/A;N/A;N/A;N/A;N/A;N/A;N/A;N/A;N/A;N/A;N/A;N/A;N/A;N/A;N/A;N/A;N/A;N/A;N/A;N/A;N/A;N/A;N/A;N/A;N/A;N/A;N/A;N/A;N/A;N/A;N/A;N/A;N/A;N/A;N/A;N/A;N/A;N/A;N/A;N/A;N/A;N/A;N/A;N/A;N/A;N/A;N/A;N/A;N/A;N/A;;0;326.1;0;0;;Disabled;TempStop;2;700;317.4;274;0;0;599.9;549.9;Enabled;PosOk;2;0;0;0;0;0;15;Disabled;0;0;0;0;0;0;0;0;0;0;0;0;0;0;0;0;0;0;0;0;0;0;0;0;0;0;0;0;0;0;0;0;0;0;0;0;0;0;0;0;0;0;0;0;0;0;0;0;0;0;0;0;0;0;0;0;0;0;0;0;0;0;0;0;0;0;0;0;0;0;30;33;20;45;30;30;20;45;30;33;20;45;30;30;20;45;200;140;100;300;200;138;100;300;200;139;100;300;200;139;100;300;30;32;20;45;30;30;20;45;30;32;20;45;30;30;20;45;200;143;100;300;200;142;100;300;200;201;100;300;200;201;100;300;4;2;0.4;6;4;5;0.4;6;4;2;0.4;6;4;5;0.4;6;4;3;0.4;6;4;5;0.4;6;4;3;0.4;6;4;5;0.4;6;NOK;NOK;OK;7000;7076;6500;8100;OK;4.99;0;8;12;NOK;N/A;1.5;N/A;N/A;N/A;9;11.9;7;18;OK;;0;0;0;-;Disabled;TempOk;2;230;36.9;59.6;0;0;349.9;441345100 daimler 1500 1900;441345100 daimler 1500 1900;441345100 Daimler 1500 1900
20260403_22:25:54;29536;2;2;950;938.4;925;975;OK;950;951.2;925;975;OK;951.9;951.7;-15;-20;-50;-20;NOK;-15;-19;-50;-20;NOK;-18.6;-18.8;0;-15;-20;-50;-20;NOK;300;311;300;500;OK;0;0;N/A;N/A;N/A;N/A;N/A;N/A;N/A;N/A;N/A;N/A;N/A;N/A;N/A;N/A;N/A;N/A;N/A;N/A;N/A;N/A;N/A;N/A;N/A;N/A;N/A;N/A;N/A;N/A;N/A;N/A;N/A;N/A;N/A;N/A;N/A;N/A;N/A;N/A;N/A;N/A;N/A;N/A;N/A;N/A;N/A;N/A;N/A;N/A;N/A;N/A;N/A;N/A;N/A;N/A;N/A;N/A;N/A;N/A;N/A;N/A;N/A;N/A;N/A;N/A;N/A;N/A;N/A;N/A;N/A;N/A;N/A;N/A;N/A;N/A;N/A;N/A;N/A;N/A;N/A;N/A;N/A;N/A;N/A;N/A;N/A;N/A;N/A;N/A;N/A;N/A;N/A;N/A;N/A;N/A;N/A;N/A;N/A;N/A;;0;325;0;0;;Disabled;TempStop;2;700;316.9;268.4;0;0;599.9;549.9;Enabled;PosOk;2;0;0;0;0;0;15;Disabled;0;0;0;0;0;0;0;0;0;0;0;0;0;0;0;0;0;0;0;0;0;0;0;0;0;0;0;0;0;0;0;0;0;0;0;0;0;0;0;0;0;0;0;0;0;0;0;0;0;0;0;0;0;0;0;0;0;0;0;0;0;0;0;0;0;0;0;0;0;0;30;33;20;45;30;30;20;45;30;33;20;45;30;29;20;45;200;140;100;300;200;138;100;300;200;140;100;300;200;139;100;300;30;32;20;45;30;29;20;45;30;32;20;45;30;29;20;45;200;144;100;300;200;142;100;300;200;201;100;300;200;201;100;300;4;2;0.4;6;4;5;0.4;6;4;2;0.4;6;4;5;0.4;6;4;2;0.4;6;4;5;0.4;6;4;2;0.4;6;4;5;0.4;6;NOK;NOK;OK;7000;7069;6500;8100;OK;5;0;8;12;NOK;N/A;1.5;N/A;N/A;N/A;9;11.9;7;18;OK;;0;0;0;-;Disabled;TempOk;2;230;36.4;57.4;0;0;349.9;441345100 daimler 1500 1900;441345100 daimler 1500 1900;441345100 Daimler 1500 1900
20260403_22:26:12;29537;3;2;950;939.1;925;975;OK;950;951.3;925;975;OK;951.4;951.7;-20;-18.4;-50;-25;NOK;-20;-17.6;-50;-25;NOK;-16.6;-17.1;0;-20;-18.3;-50;-25;NOK;300;311;300;500;OK;0;0;N/A;N/A;N/A;N/A;N/A;N/A;N/A;N/A;N/A;N/A;N/A;N/A;N/A;N/A;N/A;N/A;N/A;N/A;N/A;N/A;N/A;N/A;N/A;N/A;N/A;N/A;N/A;N/A;N/A;N/A;N/A;N/A;N/A;N/A;N/A;N/A;N/A;N/A;N/A;N/A;N/A;N/A;N/A;N/A;N/A;N/A;N/A;N/A;N/A;N/A;N/A;N/A;N/A;N/A;N/A;N/A;N/A;N/A;N/A;N/A;N/A;N/A;N/A;N/A;N/A;N/A;N/A;N/A;N/A;N/A;N/A;N/A;N/A;N/A;N/A;N/A;N/A;N/A;N/A;N/A;N/A;N/A;N/A;N/A;N/A;N/A;N/A;N/A;N/A;N/A;N/A;N/A;N/A;N/A;N/A;N/A;N/A;N/A;;0;324.9;0;0;;Disabled;TempStop;2;700;315.2;266.8;0;0;599.9;549.9;Enabled;PosOk;2;0;0;0;0;0;15;Disabled;0;0;0;0;0;0;0;0;0;0;0;0;0;0;0;0;0;0;0;0;0;0;0;0;0;0;0;0;0;0;0;0;0;0;0;0;0;0;0;0;0;0;0;0;0;0;0;0;0;0;0;0;0;0;0;0;0;0;0;0;0;0;0;0;0;0;0;0;0;0;30;33;20;45;30;29;20;45;30;33;20;45;30;29;20;45;200;140;100;300;200;138;100;300;200;139;100;300;200;139;100;300;30;32;20;45;30;29;20;45;30;32;20;45;30;30;20;45;200;144;100;300;200;143;100;300;200;201;100;300;200;202;100;300;4;2;0.4;6;4;5;0.4;6;4;2;0.4;6;4;5;0.4;6;4;2;0.4;6;4;5;0.4;6;4;3;0.4;6;4;6;0.4;6;NOK;NOK;OK;7000;7054;6500;8100;OK;4.99;0;8;12;NOK;N/A;1.5;N/A;N/A;N/A;9;12.4;7;18;OK;;0;0;0;-;Disabled;TempOk;2;230;39.3;120.5;0;0;349.9;441345100 daimler 1500 1900;441345100 daimler 1500 1900;441345100 Daimler 1500 1900
20260403_22:26:30;29538;4;2;950;943.2;925;975;OK;950;953.3;925;975;OK;951.2;951.8;-15;-15.3;-50;-5;OK;-15;-17.3;-50;-5;OK;-16.5;-17;0;-15;-15;-50;-5;OK;300;311;300;500;OK;14.05;14.49;N/A;N/A;N/A;N/A;N/A;N/A;N/A;N/A;N/A;N/A;N/A;N/A;N/A;N/A;N/A;N/A;N/A;N/A;N/A;N/A;N/A;N/A;N/A;N/A;N/A;N/A;N/A;N/A;N/A;N/A;N/A;N/A;N/A;N/A;N/A;N/A;N/A;N/A;N/A;N/A;N/A;N/A;N/A;N/A;N/A;N/A;N/A;N/A;N/A;N/A;N/A;N/A;N/A;N/A;N/A;N/A;N/A;N/A;N/A;N/A;N/A;N/A;N/A;N/A;N/A;N/A;N/A;N/A;N/A;N/A;N/A;N/A;N/A;N/A;N/A;N/A;N/A;N/A;N/A;N/A;N/A;N/A;N/A;N/A;N/A;N/A;N/A;N/A;N/A;N/A;N/A;N/A;N/A;N/A;N/A;N/A;N/A;N/A;;0;326.5;0;0;;Disabled;TempStop;2;700;318.9;272.8;0;0;599.9;549.9;Enabled;PosOk;2;0;0;0;0;0;15;Disabled;0;0;0;0;0;0;0;0;0;0;0;0;0;0;0;0;0;0;0;0;0;0;0;0;0;0;0;0;0;0;0;0;0;0;0;0;0;0;0;0;0;0;0;0;0;0;0;0;0;0;0;0;0;0;0;0;0;0;0;0;0;0;0;0;0;0;0;0;0;0;30;33;20;45;30;29;20;45;30;33;20;45;30;29;20;45;200;140;100;300;200;138;100;300;200;139;100;300;200;138;100;300;30;32;20;45;30;30;20;45;30;32;20;45;30;30;20;45;200;144;100;300;200;143;100;300;200;200;100;300;200;202;100;300;4;2;0.4;6;4;5;0.4;6;4;2;0.4;6;4;5;0.4;6;4;2;0.4;6;4;5;0.4;6;4;3;0.4;6;4;5;0.4;6;NOK;NOK;OK;7000;7073;6500;8100;OK;4.99;0;8;12;NOK;N/A;1.5;N/A;N/A;N/A;9;12.2;7;18;OK;;0;0;0;-;Disabled;TempOk;2;230;37.4;62.8;0;0;349.9;441345100 daimler 1500 1900;441345100 daimler 1500 1900;441345100 Daimler 1500 1900
20260403_22:26:48;29539;1;3;950;939.9;925;975;OK;950;951.5;925;975;OK;951.4;951.2;-20;-16.3;-50;-25;NOK;-20;-16.6;-50;-25;NOK;-18.5;-18.1;0;-20;-16.3;-50;-25;NOK;300;311;300;500;OK;0;0;N/A;N/A;N/A;N/A;N/A;N/A;N/A;N/A;N/A;N/A;N/A;N/A;N/A;N/A;N/A;N/A;N/A;N/A;N/A;N/A;N/A;N/A;N/A;N/A;N/A;N/A;N/A;N/A;N/A;N/A;N/A;N/A;N/A;N/A;N/A;N/A;N/A;N/A;N/A;N/A;N/A;N/A;N/A;N/A;N/A;N/A;N/A;N/A;N/A;N/A;N/A;N/A;N/A;N/A;N/A;N/A;N/A;N/A;N/A;N/A;N/A;N/A;N/A;N/A;N/A;N/A;N/A;N/A;N/A;N/A;N/A;N/A;N/A;N/A;N/A;N/A;N/A;N/A;N/A;N/A;N/A;N/A;N/A;N/A;N/A;N/A;N/A;N/A;N/A;N/A;N/A;N/A;N/A;N/A;N/A;N/A;N/A;N/A;;0;324.7;0;0;;Disabled;TempStop;2;700;315.1;271.7;0;0;599.9;549.9;Enabled;PosOk;2;0;0;0;0;0;15;Disabled;0;0;0;0;0;0;0;0;0;0;0;0;0;0;0;0;0;0;0;0;0;0;0;0;0;0;0;0;0;0;0;0;0;0;0;0;0;0;0;0;0;0;0;0;0;0;0;0;0;0;0;0;0;0;0;0;0;0;0;0;0;0;0;0;0;0;0;0;0;0;30;33;20;45;30;30;20;45;30;33;20;45;30;30;20;45;200;140;100;300;200;138;100;300;200;139;100;300;200;139;100;300;30;32;20;45;30;30;20;45;30;32;20;45;30;30;20;45;200;144;100;300;200;143;100;300;200;201;100;300;200;201;100;300;4;2;0.4;6;4;5;0.4;6;4;2;0.4;6;4;5;0.4;6;4;2;0.4;6;4;5;0.4;6;4;2;0.4;6;4;5;0.4;6;NOK;NOK;OK;7000;7066;6500;8100;OK;4.99;0;8;12;NOK;N/A;1.5;N/A;N/A;N/A;9;11.7;7;18;OK;;0;0;0;-;Disabled;TempOk;2;230;39.3;138.5;0;0;349.9;441345100 daimler 1500 1900;441345100 daimler 1500 1900;441345100 Daimler 1500 1900
20260403_22:27:06;29540;2;3;950;939.8;925;975;OK;950;951.2;925;975;OK;950.9;951.7;-15;-20.5;-50;-20;OK;-15;-18.9;-50;-20;NOK;-19.3;-19.2;0;-15;-20.4;-50;-20;OK;300;311;300;500;OK;0;0;N/A;N/A;N/A;N/A;N/A;N/A;N/A;N/A;N/A;N/A;N/A;N/A;N/A;N/A;N/A;N/A;N/A;N/A;N/A;N/A;N/A;N/A;N/A;N/A;N/A;N/A;N/A;N/A;N/A;N/A;N/A;N/A;N/A;N/A;N/A;N/A;N/A;N/A;N/A;N/A;N/A;N/A;N/A;N/A;N/A;N/A;N/A;N/A;N/A;N/A;N/A;N/A;N/A;N/A;N/A;N/A;N/A;N/A;N/A;N/A;N/A;N/A;N/A;N/A;N/A;N/A;N/A;N/A;N/A;N/A;N/A;N/A;N/A;N/A;N/A;N/A;N/A;N/A;N/A;N/A;N/A;N/A;N/A;N/A;N/A;N/A;N/A;N/A;N/A;N/A;N/A;N/A;N/A;N/A;N/A;N/A;N/A;N/A;;0;326.3;0;0;;Disabled;TempStop;2;700;320.5;280.6;0;0;599.9;549.9;Enabled;PosOk;2;0;0;0;0;0;15;Disabled;0;0;0;0;0;0;0;0;0;0;0;0;0;0;0;0;0;0;0;0;0;0;0;0;0;0;0;0;0;0;0;0;0;0;0;0;0;0;0;0;0;0;0;0;0;0;0;0;0;0;0;0;0;0;0;0;0;0;0;0;0;0;0;0;0;0;0;0;0;0;30;33;20;45;30;30;20;45;30;33;20;45;30;30;20;45;200;140;100;300;200;138;100;300;200;139;100;300;200;139;100;300;30;33;20;45;30;30;20;45;30;32;20;45;30;30;20;45;200;144;100;300;200;142;100;300;200;201;100;300;200;201;100;300;4;2;0.4;6;4;5;0.4;6;4;2;0.4;6;4;5;0.4;6;4;3;0.4;6;4;5;0.4;6;4;3;0.4;6;4;5;0.4;6;NOK;NOK;OK;7000;7062;6500;8100;OK;4.99;0;8;12;NOK;N/A;1.5;N/A;N/A;N/A;9;11.7;7;18;OK;;0;0;0;-;Disabled;TempOk;2;230;36.7;58.1;0;0;349.9;441345100 daimler 1500 1900;441345100 daimler 1500 1900;441345100 Daimler 1500 1900
20260403_22:27:24;29541;3;3;950;939.5;925;975;OK;950;951.2;925;975;OK;951.2;951;-20;-18.1;-50;-25;NOK;-20;-17.4;-50;-25;NOK;-17.4;-17.4;0;-20;-18.1;-50;-25;NOK;300;311;300;500;OK;0;0;N/A;N/A;N/A;N/A;N/A;N/A;N/A;N/A;N/A;N/A;N/A;N/A;N/A;N/A;N/A;N/A;N/A;N/A;N/A;N/A;N/A;N/A;N/A;N/A;N/A;N/A;N/A;N/A;N/A;N/A;N/A;N/A;N/A;N/A;N/A;N/A;N/A;N/A;N/A;N/A;N/A;N/A;N/A;N/A;N/A;N/A;N/A;N/A;N/A;N/A;N/A;N/A;N/A;N/A;N/A;N/A;N/A;N/A;N/A;N/A;N/A;N/A;N/A;N/A;N/A;N/A;N/A;N/A;N/A;N/A;N/A;N/A;N/A;N/A;N/A;N/A;N/A;N/A;N/A;N/A;N/A;N/A;N/A;N/A;N/A;N/A;N/A;N/A;N/A;N/A;N/A;N/A;N/A;N/A;N/A;N/A;N/A;N/A;;0;323.3;0;0;;Disabled;TempStop;2;700;314.9;276.6;0;0;599.9;549.9;Enabled;PosOk;2;0;0;0;0;0;15;Disabled;0;0;0;0;0;0;0;0;0;0;0;0;0;0;0;0;0;0;0;0;0;0;0;0;0;0;0;0;0;0;0;0;0;0;0;0;0;0;0;0;0;0;0;0;0;0;0;0;0;0;0;0;0;0;0;0;0;0;0;0;0;0;0;0;0;0;0;0;0;0;30;33;20;45;30;30;20;45;30;33;20;45;30;30;20;45;200;140;100;300;200;138;100;300;200;139;100;300;200;139;100;300;30;33;20;45;30;30;20;45;30;32;20;45;30;30;20;45;200;144;100;300;200;143;100;300;200;201;100;300;200;202;100;300;4;2;0.4;6;4;5;0.4;6;4;2;0.4;6;4;5;0.4;6;4;2;0.4;6;4;5;0.4;6;4;2;0.4;6;4;5;0.4;6;NOK;NOK;OK;7000;7067;6500;8100;OK;4.99;0;8;12;NOK;N/A;1.5;N/A;N/A;N/A;9;12;7;18;OK;;0;0;0;-;Disabled;TempOk;2;230;39.3;142.1;0;0;349.9;441345100 daimler 1500 1900;441345100 daimler 1500 1900;441345100 Daimler 1500 1900
20260403_22:27:42;29542;4;3;950;941.4;925;975;OK;950;951.4;925;975;OK;951.3;951.6;-15;-13.2;-50;-5;OK;-15;-15.3;-50;-5;OK;-17.3;-17;0;-15;-13.2;-50;-5;OK;300;311;300;500;OK;14.16;14.61;N/A;N/A;N/A;N/A;N/A;N/A;N/A;N/A;N/A;N/A;N/A;N/A;N/A;N/A;N/A;N/A;N/A;N/A;N/A;N/A;N/A;N/A;N/A;N/A;N/A;N/A;N/A;N/A;N/A;N/A;N/A;N/A;N/A;N/A;N/A;N/A;N/A;N/A;N/A;N/A;N/A;N/A;N/A;N/A;N/A;N/A;N/A;N/A;N/A;N/A;N/A;N/A;N/A;N/A;N/A;N/A;N/A;N/A;N/A;N/A;N/A;N/A;N/A;N/A;N/A;N/A;N/A;N/A;N/A;N/A;N/A;N/A;N/A;N/A;N/A;N/A;N/A;N/A;N/A;N/A;N/A;N/A;N/A;N/A;N/A;N/A;N/A;N/A;N/A;N/A;N/A;N/A;N/A;N/A;N/A;N/A;N/A;N/A;;0;327.7;0;0;;Disabled;TempStop;2;700;319.6;280.9;0;0;599.9;549.9;Enabled;PosOk;2;0;0;0;0;0;15;Disabled;0;0;0;0;0;0;0;0;0;0;0;0;0;0;0;0;0;0;0;0;0;0;0;0;0;0;0;0;0;0;0;0;0;0;0;0;0;0;0;0;0;0;0;0;0;0;0;0;0;0;0;0;0;0;0;0;0;0;0;0;0;0;0;0;0;0;0;0;0;0;30;33;20;45;30;30;20;45;30;33;20;45;30;30;20;45;200;140;100;300;200;138;100;300;200;139;100;300;200;139;100;300;30;33;20;45;30;30;20;45;30;32;20;45;30;30;20;45;200;144;100;300;200;143;100;300;200;201;100;300;200;202;100;300;4;2;0.4;6;4;5;0.4;6;4;2;0.4;6;4;5;0.4;6;4;2;0.4;6;4;5;0.4;6;4;3;0.4;6;4;5;0.4;6;NOK;NOK;OK;7000;7067;6500;8100;OK;4.99;0;8;12;NOK;N/A;1.5;N/A;N/A;N/A;9;11.8;7;18;OK;;0;0;0;-;Disabled;TempOk;2;230;38.4;105.5;0;0;349.9;441345100 daimler 1500 1900;441345100 daimler 1500 1900;441345100 Daimler 1500 1900
20260403_22:28:00;29543;1;4;950;939.2;925;975;OK;950;950.4;925;975;OK;950.5;950.4;-20;-15.4;-50;-25;NOK;-20;-14.8;-50;-25;NOK;-17.1;-16.7;0;-20;-15.3;-50;-25;NOK;300;311;300;500;OK;0;0;N/A;N/A;N/A;N/A;N/A;N/A;N/A;N/A;N/A;N/A;N/A;N/A;N/A;N/A;N/A;N/A;N/A;N/A;N/A;N/A;N/A;N/A;N/A;N/A;N/A;N/A;N/A;N/A;N/A;N/A;N/A;N/A;N/A;N/A;N/A;N/A;N/A;N/A;N/A;N/A;N/A;N/A;N/A;N/A;N/A;N/A;N/A;N/A;N/A;N/A;N/A;N/A;N/A;N/A;N/A;N/A;N/A;N/A;N/A;N/A;N/A;N/A;N/A;N/A;N/A;N/A;N/A;N/A;N/A;N/A;N/A;N/A;N/A;N/A;N/A;N/A;N/A;N/A;N/A;N/A;N/A;N/A;N/A;N/A;N/A;N/A;N/A;N/A;N/A;N/A;N/A;N/A;N/A;N/A;N/A;N/A;N/A;N/A;;0;325.9;0;0;;Disabled;TempStop;2;700;315.7;276.1;0;0;599.9;549.9;Enabled;PosOk;2;0;0;0;0;0;15;Disabled;0;0;0;0;0;0;0;0;0;0;0;0;0;0;0;0;0;0;0;0;0;0;0;0;0;0;0;0;0;0;0;0;0;0;0;0;0;0;0;0;0;0;0;0;0;0;0;0;0;0;0;0;0;0;0;0;0;0;0;0;0;0;0;0;0;0;0;0;0;0;30;33;20;45;30;29;20;45;30;34;20;45;30;29;20;45;200;140;100;300;200;138;100;300;200;140;100;300;200;139;100;300;30;32;20;45;30;29;20;45;30;31;20;45;30;29;20;45;200;144;100;300;200;143;100;300;200;201;100;300;200;202;100;300;4;2;0.4;6;4;5;0.4;6;4;2;0.4;6;4;5;0.4;6;4;2;0.4;6;4;5;0.4;6;4;2;0.4;6;4;5;0.4;6;NOK;NOK;OK;7000;7063;6500;8100;OK;4.99;0;8;12;NOK;N/A;1.5;N/A;N/A;N/A;9;11.7;7;18;OK;;0;0;0;-;Disabled;TempOk;2;230;38.4;84.6;0;0;349.9;441345100 daimler 1500 1900;441345100 daimler 1500 1900;441345100 Daimler 1500 1900
20260403_22:28:18;29544;2;4;950;938;925;975;OK;950;951.2;925;975;OK;951.2;951.9;-15;-22.2;-50;-20;OK;-15;-20.3;-50;-20;OK;-20.4;-20.3;0;-15;-22.2;-50;-20;OK;300;311;300;500;OK;0;0;N/A;N/A;N/A;N/A;N/A;N/A;N/A;N/A;N/A;N/A;N/A;N/A;N/A;N/A;N/A;N/A;N/A;N/A;N/A;N/A;N/A;N/A;N/A;N/A;N/A;N/A;N/A;N/A;N/A;N/A;N/A;N/A;N/A;N/A;N/A;N/A;N/A;N/A;N/A;N/A;N/A;N/A;N/A;N/A;N/A;N/A;N/A;N/A;N/A;N/A;N/A;N/A;N/A;N/A;N/A;N/A;N/A;N/A;N/A;N/A;N/A;N/A;N/A;N/A;N/A;N/A;N/A;N/A;N/A;N/A;N/A;N/A;N/A;N/A;N/A;N/A;N/A;N/A;N/A;N/A;N/A;N/A;N/A;N/A;N/A;N/A;N/A;N/A;N/A;N/A;N/A;N/A;N/A;N/A;N/A;N/A;N/A;N/A;;0;324.3;0;0;;Disabled;TempStop;2;700;315.9;268.3;0;0;599.9;549.9;Enabled;PosOk;2;0;0;0;0;0;15;Disabled;0;0;0;0;0;0;0;0;0;0;0;0;0;0;0;0;0;0;0;0;0;0;0;0;0;0;0;0;0;0;0;0;0;0;0;0;0;0;0;0;0;0;0;0;0;0;0;0;0;0;0;0;0;0;0;0;0;0;0;0;0;0;0;0;0;0;0;0;0;0;30;33;20;45;30;29;20;45;30;33;20;45;30;29;20;45;200;140;100;300;200;138;100;300;200;139;100;300;200;139;100;300;30;32;20;45;30;29;20;45;30;31;20;45;30;29;20;45;200;144;100;300;200;143;100;300;200;201;100;300;200;202;100;300;4;2;0.4;6;4;5;0.4;6;4;2;0.4;6;4;5;0.4;6;4;2;0.4;6;4;5;0.4;6;4;2;0.4;6;4;5;0.4;6;NOK;NOK;OK;7000;7077;6500;8100;OK;4.99;0;8;12;NOK;N/A;1.5;N/A;N/A;N/A;9;11.7;7;18;OK;;0;0;0;-;Disabled;TempOk;2;230;37.9;88.6;0;0;349.9;441345100 daimler 1500 1900;441345100 daimler 1500 1900;441345100 Daimler 1500 1900
20260403_22:28:36;29545;3;4;950;939.7;925;975;OK;950;951.1;925;975;OK;951;951.2;-20;-17.6;-50;-25;NOK;-20;-17;-50;-25;NOK;-19.3;-18.9;0;-20;-17.4;-50;-25;NOK;300;311;300;500;OK;0;0;N/A;N/A;N/A;N/A;N/A;N/A;N/A;N/A;N/A;N/A;N/A;N/A;N/A;N/A;N/A;N/A;N/A;N/A;N/A;N/A;N/A;N/A;N/A;N/A;N/A;N/A;N/A;N/A;N/A;N/A;N/A;N/A;N/A;N/A;N/A;N/A;N/A;N/A;N/A;N/A;N/A;N/A;N/A;N/A;N/A;N/A;N/A;N/A;N/A;N/A;N/A;N/A;N/A;N/A;N/A;N/A;N/A;N/A;N/A;N/A;N/A;N/A;N/A;N/A;N/A;N/A;N/A;N/A;N/A;N/A;N/A;N/A;N/A;N/A;N/A;N/A;N/A;N/A;N/A;N/A;N/A;N/A;N/A;N/A;N/A;N/A;N/A;N/A;N/A;N/A;N/A;N/A;N/A;N/A;N/A;N/A;N/A;N/A;;0;323.4;0;0;;Disabled;TempStop;2;700;315.3;267.9;0;0;599.9;549.9;Enabled;PosOk;2;0;0;0;0;0;15;Disabled;0;0;0;0;0;0;0;0;0;0;0;0;0;0;0;0;0;0;0;0;0;0;0;0;0;0;0;0;0;0;0;0;0;0;0;0;0;0;0;0;0;0;0;0;0;0;0;0;0;0;0;0;0;0;0;0;0;0;0;0;0;0;0;0;0;0;0;0;0;0;30;33;20;45;30;29;20;45;30;33;20;45;30;29;20;45;200;140;100;300;200;138;100;300;200;139;100;300;200;139;100;300;30;32;20;45;30;29;20;45;30;31;20;45;30;29;20;45;200;144;100;300;200;143;100;300;200;201;100;300;200;202;100;300;4;2;0.4;6;4;5;0.4;6;4;2;0.4;6;4;5;0.4;6;4;2;0.4;6;4;5;0.4;6;4;3;0.4;6;4;5;0.4;6;NOK;NOK;OK;7000;7081;6500;8100;OK;4.99;0;8;12;NOK;N/A;1.5;N/A;N/A;N/A;9;12;7;18;OK;;0;0;0;-;Disabled;TempOk;2;230;37.9;59.2;0;0;349.9;441345100 daimler 1500 1900;441345100 daimler 1500 1900;441345100 Daimler 1500 1900
20260403_22:28:54;29546;4;4;950;934.1;925;975;OK;950;955.3;925;975;OK;955.1;955.1;-15;-9.9;-50;-5;OK;-15;-10.4;-50;-5;OK;-14.9;-14;0;-15;-9.8;-50;-5;OK;300;311;300;500;OK;14.27;14.69;N/A;N/A;N/A;N/A;N/A;N/A;N/A;N/A;N/A;N/A;N/A;N/A;N/A;N/A;N/A;N/A;N/A;N/A;N/A;N/A;N/A;N/A;N/A;N/A;N/A;N/A;N/A;N/A;N/A;N/A;N/A;N/A;N/A;N/A;N/A;N/A;N/A;N/A;N/A;N/A;N/A;N/A;N/A;N/A;N/A;N/A;N/A;N/A;N/A;N/A;N/A;N/A;N/A;N/A;N/A;N/A;N/A;N/A;N/A;N/A;N/A;N/A;N/A;N/A;N/A;N/A;N/A;N/A;N/A;N/A;N/A;N/A;N/A;N/A;N/A;N/A;N/A;N/A;N/A;N/A;N/A;N/A;N/A;N/A;N/A;N/A;N/A;N/A;N/A;N/A;N/A;N/A;N/A;N/A;N/A;N/A;N/A;N/A;;0;328.3;0;0;;Disabled;TempStop;2;700;321;275.1;0;0;599.9;549.9;Enabled;PosOk;2;0;0;0;0;0;15;Disabled;0;0;0;0;0;0;0;0;0;0;0;0;0;0;0;0;0;0;0;0;0;0;0;0;0;0;0;0;0;0;0;0;0;0;0;0;0;0;0;0;0;0;0;0;0;0;0;0;0;0;0;0;0;0;0;0;0;0;0;0;0;0;0;0;0;0;0;0;0;0;30;33;20;45;30;30;20;45;30;33;20;45;30;30;20;45;200;140;100;300;200;138;100;300;200;139;100;300;200;139;100;300;30;32;20;45;30;30;20;45;30;32;20;45;30;29;20;45;200;144;100;300;200;143;100;300;200;201;100;300;200;201;100;300;4;2;0.4;6;4;5;0.4;6;4;2;0.4;6;4;5;0.4;6;4;3;0.4;6;4;5;0.4;6;4;3;0.4;6;4;5;0.4;6;NOK;NOK;OK;7000;7076;6500;8100;OK;5;0;8;12;NOK;N/A;1.5;N/A;N/A;N/A;9;12.5;7;18;OK;;0;0;0;-;Disabled;TempOk;2;230;36.7;57.4;0;0;349.9;441345100 daimler 1500 1900;441345100 daimler 1500 1900;441345100 Daimler 1500 1900
20260403_22:29:00;29547;3;5;950;942.1;925;975;OK;950;950.9;925;975;OK;951.8;951.2;-20;-20.7;-50;-25;NOK;-20;-19;-50;-25;NOK;-20.3;-19.9;0;-20;-20.7;-50;-25;NOK;300;311;300;500;OK;0;0;N/A;N/A;N/A;N/A;N/A;N/A;N/A;N/A;N/A;N/A;N/A;N/A;N/A;N/A;N/A;N/A;N/A;N/A;N/A;N/A;N/A;N/A;N/A;N/A;N/A;N/A;N/A;N/A;N/A;N/A;N/A;N/A;N/A;N/A;N/A;N/A;N/A;N/A;N/A;N/A;N/A;N/A;N/A;N/A;N/A;N/A;N/A;N/A;N/A;N/A;N/A;N/A;N/A;N/A;N/A;N/A;N/A;N/A;N/A;N/A;N/A;N/A;N/A;N/A;N/A;N/A;N/A;N/A;N/A;N/A;N/A;N/A;N/A;N/A;N/A;N/A;N/A;N/A;N/A;N/A;N/A;N/A;N/A;N/A;N/A;N/A;N/A;N/A;N/A;N/A;N/A;N/A;N/A;N/A;N/A;N/A;N/A;N/A;;0;316.2;0;0;;Disabled;TempStop;2;700;313.7;252;0;0;599.9;549.9;Enabled;PosNotOk;2;0;100;100;0;0;15;Disabled;0;0;0;0;0;0;0;0;0;0;0;0;0;0;0;0;0;0;0;0;0;0;0;0;0;0;0;0;0;0;0;0;0;0;0;0;0;0;0;0;0;0;0;0;0;0;0;0;0;0;0;0;0;0;0;0;0;0;0;0;0;0;0;0;0;0;0;0;0;0;;;;;;;;;;;;;;;;;;;;;;;;;;;;;;;;;;;;;;;;;;;;;;;;;;;;;;;;;;;;;;;;;;;;;;;;;;;;;;;;;;;;;;;;;;;;;;;;;;;;;;;;;;;;;;;;;;;;;;;;;;;;;;;;;;;;;;441345100 daimler 1500 1900;441345100 daimler 1500 1900;;
20260403_22:32:26;29548;2;5;950;936.4;925;975;OK;950;950.8;925;975;OK;950.9;951.7;-15;-15.9;-50;-20;NOK;-15;-15.3;-50;-20;NOK;-15.8;-15.7;0;-15;-15.9;-50;-20;NOK;300;487;300;500;OK;0;0;N/A;N/A;N/A;N/A;N/A;N/A;N/A;N/A;N/A;N/A;N/A;N/A;N/A;N/A;N/A;N/A;N/A;N/A;N/A;N/A;N/A;N/A;N/A;N/A;N/A;N/A;N/A;N/A;N/A;N/A;N/A;N/A;N/A;N/A;N/A;N/A;N/A;N/A;N/A;N/A;N/A;N/A;N/A;N/A;N/A;N/A;N/A;N/A;N/A;N/A;N/A;N/A;N/A;N/A;N/A;N/A;N/A;N/A;N/A;N/A;N/A;N/A;N/A;N/A;N/A;N/A;N/A;N/A;N/A;N/A;N/A;N/A;N/A;N/A;N/A;N/A;N/A;N/A;N/A;N/A;N/A;N/A;N/A;N/A;N/A;N/A;N/A;N/A;N/A;N/A;N/A;N/A;N/A;N/A;N/A;N/A;N/A;N/A;;0;324.1;0;0;;Disabled;TempStop;2;700;316.1;272.9;0;0;599.9;549.9;Enabled;PosOk;2;0;0;0;0;0;15;Disabled;0;0;0;0;0;0;0;0;0;0;0;0;0;0;0;0;0;0;0;0;0;0;0;0;0;0;0;0;0;0;0;0;0;0;0;0;0;0;0;0;0;0;0;0;0;0;0;0;0;0;0;0;0;0;0;0;0;0;0;0;0;0;0;0;0;0;0;0;0;0;30;30;20;45;30;30;20;45;30;30;20;45;30;30;20;45;200;140;100;300;200;138;100;300;200;139;100;300;200;139;100;300;30;30;20;45;30;30;20;45;30;30;20;45;30;30;20;45;200;144;100;300;200;143;100;300;200;201;100;300;200;202;100;300;4;2;0.4;6;4;5;0.4;6;4;2;0.4;6;4;5;0.4;6;4;2;0.4;6;4;5;0.4;6;4;2;0.4;6;4;5;0.4;6;NOK;NOK;OK;7000;7078;6500;8100;OK;4.99;0;8;12;NOK;N/A;1.5;N/A;N/A;N/A;9;12.3;7;18;OK;;0;0;0;-;Disabled;TempOk;2;230;39.5;89.5;0;0;349.9;441345100 daimler 1500 1900;441345100 daimler 1500 1900;441345100 Daimler 1500 1900
20260403_22:32:43;29549;1;1;950;939.4;925;975;OK;950;951.1;925;975;OK;950.8;951;-20;-17.8;-50;-25;NOK;-20;-19.3;-50;-25;NOK;-16.1;-16.6;0;-20;-17.9;-50;-25;NOK;300;487;300;500;OK;0;0;N/A;N/A;N/A;N/A;N/A;N/A;N/A;N/A;N/A;N/A;N/A;N/A;N/A;N/A;N/A;N/A;N/A;N/A;N/A;N/A;N/A;N/A;N/A;N/A;N/A;N/A;N/A;N/A;N/A;N/A;N/A;N/A;N/A;N/A;N/A;N/A;N/A;N/A;N/A;N/A;N/A;N/A;N/A;N/A;N/A;N/A;N/A;N/A;N/A;N/A;N/A;N/A;N/A;N/A;N/A;N/A;N/A;N/A;N/A;N/A;N/A;N/A;N/A;N/A;N/A;N/A;N/A;N/A;N/A;N/A;N/A;N/A;N/A;N/A;N/A;N/A;N/A;N/A;N/A;N/A;N/A;N/A;N/A;N/A;N/A;N/A;N/A;N/A;N/A;N/A;N/A;N/A;N/A;N/A;N/A;N/A;N/A;N/A;;0;323.4;0;0;;Disabled;TempStop;2;700;314.2;276.9;0;0;599.9;549.9;Enabled;PosOk;2;0;0;0;0;0;15;Disabled;0;0;0;0;0;0;0;0;0;0;0;0;0;0;0;0;0;0;0;0;0;0;0;0;0;0;0;0;0;0;0;0;0;0;0;0;0;0;0;0;0;0;0;0;0;0;0;0;0;0;0;0;0;0;0;0;0;0;0;0;0;0;0;0;0;0;0;0;0;0;30;31;20;45;30;30;20;45;30;31;20;45;30;30;20;45;200;141;100;300;200;138;100;300;200;139;100;300;200;138;100;300;30;31;20;45;30;30;20;45;30;31;20;45;30;30;20;45;200;144;100;300;200;143;100;300;200;201;100;300;200;202;100;300;4;2;0.4;6;4;5;0.4;6;4;2;0.4;6;4;5;0.4;6;4;2;0.4;6;4;5;0.4;6;4;2;0.4;6;4;5;0.4;6;NOK;NOK;OK;7000;7070;6500;8100;OK;4.98;0;8;12;NOK;N/A;1.5;N/A;N/A;N/A;9;11.6;7;18;OK;;0;0;0;-;Disabled;TempOk;2;230;37.9;103.5;0;0;349.9;441345100 daimler 1500 1900;441345100 daimler 1500 1900;441345100 Daimler 1500 1900
20260403_22:33:01;29550;2;1;950;939.6;925;975;OK;950;952.3;925;975;OK;950.3;952.5;-15;-15.4;-50;-20;NOK;-15;-17.2;-50;-20;NOK;-15.3;-15.9;0;-15;-15.4;-50;-20;NOK;300;487;300;500;OK;0;0;N/A;N/A;N/A;N/A;N/A;N/A;N/A;N/A;N/A;N/A;N/A;N/A;N/A;N/A;N/A;N/A;N/A;N/A;N/A;N/A;N/A;N/A;N/A;N/A;N/A;N/A;N/A;N/A;N/A;N/A;N/A;N/A;N/A;N/A;N/A;N/A;N/A;N/A;N/A;N/A;N/A;N/A;N/A;N/A;N/A;N/A;N/A;N/A;N/A;N/A;N/A;N/A;N/A;N/A;N/A;N/A;N/A;N/A;N/A;N/A;N/A;N/A;N/A;N/A;N/A;N/A;N/A;N/A;N/A;N/A;N/A;N/A;N/A;N/A;N/A;N/A;N/A;N/A;N/A;N/A;N/A;N/A;N/A;N/A;N/A;N/A;N/A;N/A;N/A;N/A;N/A;N/A;N/A;N/A;N/A;N/A;N/A;N/A;;0;324.3;0;0;;Disabled;TempStop;2;700;314.9;267.8;0;0;599.9;549.9;Enabled;PosOk;2;0;0;0;0;0;15;Disabled;0;0;0;0;0;0;0;0;0;0;0;0;0;0;0;0;0;0;0;0;0;0;0;0;0;0;0;0;0;0;0;0;0;0;0;0;0;0;0;0;0;0;0;0;0;0;0;0;0;0;0;0;0;0;0;0;0;0;0;0;0;0;0;0;0;0;0;0;0;0;30;32;20;45;30;30;20;45;30;32;20;45;30;30;20;45;200;140;100;300;200;138;100;300;200;139;100;300;200;139;100;300;30;32;20;45;30;30;20;45;30;31;20;45;30;30;20;45;200;144;100;300;200;143;100;300;200;201;100;300;200;201;100;300;4;2;0.4;6;4;5;0.4;6;4;2;0.4;6;4;5;0.4;6;4;3;0.4;6;4;5;0.4;6;4;3;0.4;6;4;5;0.4;6;NOK;NOK;OK;7000;7062;6500;8100;OK;4.99;0;8;12;NOK;N/A;1.5;N/A;N/A;N/A;9;11.8;7;18;OK;;0;0;0;-;Disabled;TempOk;2;230;38.2;118.6;0;0;349.9;441345100 daimler 1500 1900;441345100 daimler 1500 1900;441345100 Daimler 1500 1900
20260403_22:33:19;29551;3;1;950;939.8;925;975;OK;950;951.2;925;975;OK;951;951.1;-20;-16;-50;-25;NOK;-20;-19.6;-50;-25;NOK;-14.1;-14.5;0;-20;-16.1;-50;-25;NOK;300;487;300;500;OK;0;0;N/A;N/A;N/A;N/A;N/A;N/A;N/A;N/A;N/A;N/A;N/A;N/A;N/A;N/A;N/A;N/A;N/A;N/A;N/A;N/A;N/A;N/A;N/A;N/A;N/A;N/A;N/A;N/A;N/A;N/A;N/A;N/A;N/A;N/A;N/A;N/A;N/A;N/A;N/A;N/A;N/A;N/A;N/A;N/A;N/A;N/A;N/A;N/A;N/A;N/A;N/A;N/A;N/A;N/A;N/A;N/A;N/A;N/A;N/A;N/A;N/A;N/A;N/A;N/A;N/A;N/A;N/A;N/A;N/A;N/A;N/A;N/A;N/A;N/A;N/A;N/A;N/A;N/A;N/A;N/A;N/A;N/A;N/A;N/A;N/A;N/A;N/A;N/A;N/A;N/A;N/A;N/A;N/A;N/A;N/A;N/A;N/A;N/A;;0;324.4;0;0;;Disabled;TempStop;2;700;314;274.4;0;0;599.9;549.9;Enabled;PosOk;2;0;0;0;0;0;15;Disabled;0;0;0;0;0;0;0;0;0;0;0;0;0;0;0;0;0;0;0;0;0;0;0;0;0;0;0;0;0;0;0;0;0;0;0;0;0;0;0;0;0;0;0;0;0;0;0;0;0;0;0;0;0;0;0;0;0;0;0;0;0;0;0;0;0;0;0;0;0;0;30;32;20;45;30;30;20;45;30;33;20;45;30;30;20;45;200;140;100;300;200;138;100;300;200;140;100;300;200;138;100;300;30;32;20;45;30;30;20;45;30;31;20;45;30;30;20;45;200;145;100;300;200;142;100;300;200;201;100;300;200;202;100;300;4;2;0.4;6;4;5;0.4;6;4;2;0.4;6;4;5;0.4;6;4;2;0.4;6;4;5;0.4;6;4;2;0.4;6;4;5;0.4;6;NOK;NOK;OK;7000;7063;6500;8100;OK;4.99;0;8;12;NOK;N/A;1.5;N/A;N/A;N/A;9;12;7;18;OK;;0;0;0;-;Disabled;TempOk;2;230;36.7;48.9;0;0;349.9;441345100 daimler 1500 1900;441345100 daimler 1500 1900;441345100 Daimler 1500 1900
20260403_22:33:37;29552;4;1;950;939.4;925;975;OK;950;950.4;925;975;OK;951.4;951.1;-15;-16.5;-50;-5;OK;-15;-15.4;-50;-5;OK;-14.3;-13.5;0;-15;-16.5;-50;-5;OK;300;487;300;500;OK;14.4;15.01;N/A;N/A;N/A;N/A;N/A;N/A;N/A;N/A;N/A;N/A;N/A;N/A;N/A;N/A;N/A;N/A;N/A;N/A;N/A;N/A;N/A;N/A;N/A;N/A;N/A;N/A;N/A;N/A;N/A;N/A;N/A;N/A;N/A;N/A;N/A;N/A;N/A;N/A;N/A;N/A;N/A;N/A;N/A;N/A;N/A;N/A;N/A;N/A;N/A;N/A;N/A;N/A;N/A;N/A;N/A;N/A;N/A;N/A;N/A;N/A;N/A;N/A;N/A;N/A;N/A;N/A;N/A;N/A;N/A;N/A;N/A;N/A;N/A;N/A;N/A;N/A;N/A;N/A;N/A;N/A;N/A;N/A;N/A;N/A;N/A;N/A;N/A;N/A;N/A;N/A;N/A;N/A;N/A;N/A;N/A;N/A;N/A;N/A;;0;325.4;0;0;;Disabled;TempStop;2;700;316.3;270.1;0;0;599.9;549.9;Enabled;PosOk;2;0;0;0;0;0;15;Disabled;0;0;0;0;0;0;0;0;0;0;0;0;0;0;0;0;0;0;0;0;0;0;0;0;0;0;0;0;0;0;0;0;0;0;0;0;0;0;0;0;0;0;0;0;0;0;0;0;0;0;0;0;0;0;0;0;0;0;0;0;0;0;0;0;0;0;0;0;0;0;30;32;20;45;30;30;20;45;30;33;20;45;30;30;20;45;200;140;100;300;200;138;100;300;200;139;100;300;200;139;100;300;30;32;20;45;30;30;20;45;30;32;20;45;30;30;20;45;200;144;100;300;200;143;100;300;200;201;100;300;200;202;100;300;4;2;0.4;6;4;5;0.4;6;4;2;0.4;6;4;5;0.4;6;4;3;0.4;6;4;5;0.4;6;4;2;0.4;6;4;5;0.4;6;NOK;NOK;OK;7000;7061;6500;8100;OK;4.99;0;8;12;NOK;N/A;1.5;N/A;N/A;N/A;9;12;7;18;OK;;0;0;0;-;Disabled;TempOk;2;230;38.7;116.4;0;0;349.9;441345100 daimler 1500 1900;441345100 daimler 1500 1900;441345100 Daimler 1500 1900
20260403_22:33:55;29553;1;2;950;940.9;925;975;OK;950;951.5;925;975;OK;951.4;951.4;-20;-16;-50;-25;NOK;-20;-18.3;-50;-25;NOK;-15.7;-16.3;0;-20;-16;-50;-25;NOK;300;487;300;500;OK;0;0;N/A;N/A;N/A;N/A;N/A;N/A;N/A;N/A;N/A;N/A;N/A;N/A;N/A;N/A;N/A;N/A;N/A;N/A;N/A;N/A;N/A;N/A;N/A;N/A;N/A;N/A;N/A;N/A;N/A;N/A;N/A;N/A;N/A;N/A;N/A;N/A;N/A;N/A;N/A;N/A;N/A;N/A;N/A;N/A;N/A;N/A;N/A;N/A;N/A;N/A;N/A;N/A;N/A;N/A;N/A;N/A;N/A;N/A;N/A;N/A;N/A;N/A;N/A;N/A;N/A;N/A;N/A;N/A;N/A;N/A;N/A;N/A;N/A;N/A;N/A;N/A;N/A;N/A;N/A;N/A;N/A;N/A;N/A;N/A;N/A;N/A;N/A;N/A;N/A;N/A;N/A;N/A;N/A;N/A;N/A;N/A;N/A;N/A;;0;323.1;0;0;;Disabled;TempStop;2;700;313.5;274.1;0;0;599.9;549.9;Enabled;PosOk;2;0;0;0;0;0;15;Disabled;0;0;0;0;0;0;0;0;0;0;0;0;0;0;0;0;0;0;0;0;0;0;0;0;0;0;0;0;0;0;0;0;0;0;0;0;0;0;0;0;0;0;0;0;0;0;0;0;0;0;0;0;0;0;0;0;0;0;0;0;0;0;0;0;0;0;0;0;0;0;30;33;20;45;30;30;20;45;30;33;20;45;30;30;20;45;200;141;100;300;200;138;100;300;200;140;100;300;200;139;100;300;30;32;20;45;30;30;20;45;30;32;20;45;30;30;20;45;200;143;100;300;200;143;100;300;200;201;100;300;200;202;100;300;4;2;0.4;6;4;5;0.4;6;4;2;0.4;6;4;5;0.4;6;4;2;0.4;6;4;5;0.4;6;4;2;0.4;6;4;5;0.4;6;NOK;NOK;OK;7000;7073;6500;8100;OK;4.99;0;8;12;NOK;N/A;1.5;N/A;N/A;N/A;9;12.4;7;18;OK;;0;0;0;-;Disabled;TempOk;2;230;37.9;55.3;0;0;349.9;441345100 daimler 1500 1900;441345100 daimler 1500 1900;441345100 Daimler 1500 1900
20260403_22:34:13;29554;2;2;950;938.5;925;975;OK;950;951.5;925;975;OK;951.5;951.3;-15;-18.9;-50;-20;NOK;-15;-20;-50;-20;NOK;-18.1;-18.2;0;-15;-18.9;-50;-20;NOK;300;487;300;500;OK;0;0;N/A;N/A;N/A;N/A;N/A;N/A;N/A;N/A;N/A;N/A;N/A;N/A;N/A;N/A;N/A;N/A;N/A;N/A;N/A;N/A;N/A;N/A;N/A;N/A;N/A;N/A;N/A;N/A;N/A;N/A;N/A;N/A;N/A;N/A;N/A;N/A;N/A;N/A;N/A;N/A;N/A;N/A;N/A;N/A;N/A;N/A;N/A;N/A;N/A;N/A;N/A;N/A;N/A;N/A;N/A;N/A;N/A;N/A;N/A;N/A;N/A;N/A;N/A;N/A;N/A;N/A;N/A;N/A;N/A;N/A;N/A;N/A;N/A;N/A;N/A;N/A;N/A;N/A;N/A;N/A;N/A;N/A;N/A;N/A;N/A;N/A;N/A;N/A;N/A;N/A;N/A;N/A;N/A;N/A;N/A;N/A;N/A;N/A;;0;326;0;0;;Disabled;TempStop;2;700;319;275.9;0;0;599.9;549.9;Enabled;PosOk;2;0;0;0;0;0;15;Disabled;0;0;0;0;0;0;0;0;0;0;0;0;0;0;0;0;0;0;0;0;0;0;0;0;0;0;0;0;0;0;0;0;0;0;0;0;0;0;0;0;0;0;0;0;0;0;0;0;0;0;0;0;0;0;0;0;0;0;0;0;0;0;0;0;0;0;0;0;0;0;30;33;20;45;30;30;20;45;30;33;20;45;30;30;20;45;200;140;100;300;200;139;100;300;200;138;100;300;200;139;100;300;30;32;20;45;30;30;20;45;30;32;20;45;30;30;20;45;200;143;100;300;200;142;100;300;200;201;100;300;200;202;100;300;4;2;0.4;6;4;5;0.4;6;4;3;0.4;6;4;5;0.4;6;4;3;0.4;6;4;5;0.4;6;4;3;0.4;6;4;6;0.4;6;NOK;NOK;OK;7000;7076;6500;8100;OK;4.99;0;8;12;NOK;N/A;1.5;N/A;N/A;N/A;9;11.7;7;18;OK;;0;0;0;-;Disabled;TempOk;2;230;40.4;142.4;0;0;349.9;441345100 daimler 1500 1900;441345100 daimler 1500 1900;441345100 Daimler 1500 1900
20260403_22:34:31;29555;3;2;950;939;925;975;OK;950;952.9;925;975;OK;951.5;951.5;-20;-17.4;-50;-25;NOK;-20;-20.9;-50;-25;NOK;-16;-16.6;0;-20;-17.4;-50;-25;NOK;300;487;300;500;OK;0;0;N/A;N/A;N/A;N/A;N/A;N/A;N/A;N/A;N/A;N/A;N/A;N/A;N/A;N/A;N/A;N/A;N/A;N/A;N/A;N/A;N/A;N/A;N/A;N/A;N/A;N/A;N/A;N/A;N/A;N/A;N/A;N/A;N/A;N/A;N/A;N/A;N/A;N/A;N/A;N/A;N/A;N/A;N/A;N/A;N/A;N/A;N/A;N/A;N/A;N/A;N/A;N/A;N/A;N/A;N/A;N/A;N/A;N/A;N/A;N/A;N/A;N/A;N/A;N/A;N/A;N/A;N/A;N/A;N/A;N/A;N/A;N/A;N/A;N/A;N/A;N/A;N/A;N/A;N/A;N/A;N/A;N/A;N/A;N/A;N/A;N/A;N/A;N/A;N/A;N/A;N/A;N/A;N/A;N/A;N/A;N/A;N/A;N/A;;0;323.3;0;0;;Disabled;TempStop;2;700;313.2;268.7;0;0;599.9;549.9;Enabled;PosOk;2;0;0;0;0;0;15;Disabled;0;0;0;0;0;0;0;0;0;0;0;0;0;0;0;0;0;0;0;0;0;0;0;0;0;0;0;0;0;0;0;0;0;0;0;0;0;0;0;0;0;0;0;0;0;0;0;0;0;0;0;0;0;0;0;0;0;0;0;0;0;0;0;0;0;0;0;0;0;0;30;33;20;45;30;30;20;45;30;33;20;45;30;30;20;45;200;140;100;300;200;138;100;300;200;140;100;300;200;139;100;300;30;33;20;45;30;30;20;45;30;32;20;45;30;30;20;45;200;145;100;300;200;143;100;300;200;201;100;300;200;201;100;300;4;2;0.4;6;4;5;0.4;6;4;2;0.4;6;4;5;0.4;6;4;3;0.4;6;4;5;0.4;6;4;2;0.4;6;4;5;0.4;6;NOK;NOK;OK;7000;7064;6500;8100;OK;4.99;0;8;12;NOK;N/A;1.5;N/A;N/A;N/A;9;11.8;7;18;OK;;0;0;0;-;Disabled;TempOk;2;230;39.3;98.3;0;0;349.9;441345100 daimler 1500 1900;441345100 daimler 1500 1900;441345100 Daimler 1500 1900
20260403_22:34:49;29556;4;2;950;943.6;925;975;OK;950;950.9;925;975;OK;953.7;953.7;-15;-17;-50;-5;OK;-15;-13.5;-50;-5;OK;-15.8;-15.3;0;-15;-16.9;-50;-5;OK;300;487;300;500;OK;14.51;15.11;N/A;N/A;N/A;N/A;N/A;N/A;N/A;N/A;N/A;N/A;N/A;N/A;N/A;N/A;N/A;N/A;N/A;N/A;N/A;N/A;N/A;N/A;N/A;N/A;N/A;N/A;N/A;N/A;N/A;N/A;N/A;N/A;N/A;N/A;N/A;N/A;N/A;N/A;N/A;N/A;N/A;N/A;N/A;N/A;N/A;N/A;N/A;N/A;N/A;N/A;N/A;N/A;N/A;N/A;N/A;N/A;N/A;N/A;N/A;N/A;N/A;N/A;N/A;N/A;N/A;N/A;N/A;N/A;N/A;N/A;N/A;N/A;N/A;N/A;N/A;N/A;N/A;N/A;N/A;N/A;N/A;N/A;N/A;N/A;N/A;N/A;N/A;N/A;N/A;N/A;N/A;N/A;N/A;N/A;N/A;N/A;N/A;N/A;;0;323.8;0;0;;Disabled;TempStop;2;700;317.1;272.9;0;0;599.9;549.9;Enabled;PosOk;2;0;0;0;0;0;15;Disabled;0;0;0;0;0;0;0;0;0;0;0;0;0;0;0;0;0;0;0;0;0;0;0;0;0;0;0;0;0;0;0;0;0;0;0;0;0;0;0;0;0;0;0;0;0;0;0;0;0;0;0;0;0;0;0;0;0;0;0;0;0;0;0;0;0;0;0;0;0;0;30;33;20;45;30;30;20;45;30;33;20;45;30;30;20;45;200;140;100;300;200;138;100;300;200;140;100;300;200;139;100;300;30;33;20;45;30;30;20;45;30;32;20;45;30;30;20;45;200;144;100;300;200;143;100;300;200;201;100;300;200;202;100;300;4;2;0.4;6;4;5;0.4;6;4;2;0.4;6;4;5;0.4;6;4;3;0.4;6;4;5;0.4;6;4;3;0.4;6;4;5;0.4;6;NOK;NOK;OK;7000;7074;6500;8100;OK;4.99;0;8;12;NOK;N/A;1.5;N/A;N/A;N/A;9;12.1;7;18;OK;;0;0;0;-;Disabled;TempOk;2;230;37.2;59;0;0;349.9;441345100 daimler 1500 1900;441345100 daimler 1500 1900;441345100 Daimler 1500 1900
20260403_22:35:07;29557;1;3;950;940.5;925;975;OK;950;951.3;925;975;OK;951.5;951.5;-20;-15.9;-50;-25;NOK;-20;-17;-50;-25;NOK;-17.9;-18.6;0;-20;-15.8;-50;-25;NOK;300;487;300;500;OK;0;0;N/A;N/A;N/A;N/A;N/A;N/A;N/A;N/A;N/A;N/A;N/A;N/A;N/A;N/A;N/A;N/A;N/A;N/A;N/A;N/A;N/A;N/A;N/A;N/A;N/A;N/A;N/A;N/A;N/A;N/A;N/A;N/A;N/A;N/A;N/A;N/A;N/A;N/A;N/A;N/A;N/A;N/A;N/A;N/A;N/A;N/A;N/A;N/A;N/A;N/A;N/A;N/A;N/A;N/A;N/A;N/A;N/A;N/A;N/A;N/A;N/A;N/A;N/A;N/A;N/A;N/A;N/A;N/A;N/A;N/A;N/A;N/A;N/A;N/A;N/A;N/A;N/A;N/A;N/A;N/A;N/A;N/A;N/A;N/A;N/A;N/A;N/A;N/A;N/A;N/A;N/A;N/A;N/A;N/A;N/A;N/A;N/A;N/A;;0;322.7;0;0;;Disabled;TempStop;2;700;312.2;267.1;0;0;599.9;549.9;Enabled;PosOk;2;0;0;0;0;0;15;Disabled;0;0;0;0;0;0;0;0;0;0;0;0;0;0;0;0;0;0;0;0;0;0;0;0;0;0;0;0;0;0;0;0;0;0;0;0;0;0;0;0;0;0;0;0;0;0;0;0;0;0;0;0;0;0;0;0;0;0;0;0;0;0;0;0;0;0;0;0;0;0;30;33;20;45;30;30;20;45;30;33;20;45;30;30;20;45;200;140;100;300;200;138;100;300;200;140;100;300;200;139;100;300;30;33;20;45;30;30;20;45;30;32;20;45;30;30;20;45;200;144;100;300;200;143;100;300;200;201;100;300;200;201;100;300;4;2;0.4;6;4;5;0.4;6;4;2;0.4;6;4;5;0.4;6;4;2;0.4;6;4;5;0.4;6;4;2;0.4;6;4;5;0.4;6;NOK;NOK;OK;7000;7080;6500;8100;OK;4.99;0;8;12;NOK;N/A;1.5;N/A;N/A;N/A;9;11.9;7;18;OK;;0;0;0;-;Disabled;TempOk;2;230;39.1;128.5;0;0;349.9;441345100 daimler 1500 1900;441345100 daimler 1500 1900;441345100 Daimler 1500 1900
20260403_22:35:25;29558;2;3;950;940;925;975;OK;950;951.9;925;975;OK;951;951.4;-15;-18.9;-50;-20;NOK;-15;-19.8;-50;-20;NOK;-18.4;-18.4;0;-15;-18.8;-50;-20;NOK;300;487;300;500;OK;0;0;N/A;N/A;N/A;N/A;N/A;N/A;N/A;N/A;N/A;N/A;N/A;N/A;N/A;N/A;N/A;N/A;N/A;N/A;N/A;N/A;N/A;N/A;N/A;N/A;N/A;N/A;N/A;N/A;N/A;N/A;N/A;N/A;N/A;N/A;N/A;N/A;N/A;N/A;N/A;N/A;N/A;N/A;N/A;N/A;N/A;N/A;N/A;N/A;N/A;N/A;N/A;N/A;N/A;N/A;N/A;N/A;N/A;N/A;N/A;N/A;N/A;N/A;N/A;N/A;N/A;N/A;N/A;N/A;N/A;N/A;N/A;N/A;N/A;N/A;N/A;N/A;N/A;N/A;N/A;N/A;N/A;N/A;N/A;N/A;N/A;N/A;N/A;N/A;N/A;N/A;N/A;N/A;N/A;N/A;N/A;N/A;N/A;N/A;;0;325.1;0;0;;Disabled;TempStop;2;700;317.7;273.7;0;0;599.9;549.9;Enabled;PosOk;2;0;0;0;0;0;15;Disabled;0;0;0;0;0;0;0;0;0;0;0;0;0;0;0;0;0;0;0;0;0;0;0;0;0;0;0;0;0;0;0;0;0;0;0;0;0;0;0;0;0;0;0;0;0;0;0;0;0;0;0;0;0;0;0;0;0;0;0;0;0;0;0;0;0;0;0;0;0;0;30;33;20;45;30;30;20;45;30;33;20;45;30;30;20;45;200;140;100;300;200;138;100;300;200;139;100;300;200;139;100;300;30;33;20;45;30;30;20;45;30;32;20;45;30;30;20;45;200;144;100;300;200;143;100;300;200;201;100;300;200;202;100;300;4;3;0.4;6;4;5;0.4;6;4;3;0.4;6;4;5;0.4;6;4;3;0.4;6;4;6;0.4;6;4;3;0.4;6;4;6;0.4;6;NOK;NOK;OK;7000;7068;6500;8100;OK;4.99;0;8;12;NOK;N/A;1.5;N/A;N/A;N/A;9;11.7;7;18;OK;;0;0;0;-;Disabled;TempOk;2;230;37.4;58.3;0;0;349.9;441345100 daimler 1500 1900;441345100 daimler 1500 1900;441345100 Daimler 1500 1900
20260403_22:35:43;29559;3;3;950;939.7;925;975;OK;950;951.4;925;975;OK;951.2;951.1;-20;-17.3;-50;-25;NOK;-20;-19.9;-50;-25;NOK;-16.6;-16.7;0;-20;-17.3;-50;-25;NOK;300;487;300;500;OK;0;0;N/A;N/A;N/A;N/A;N/A;N/A;N/A;N/A;N/A;N/A;N/A;N/A;N/A;N/A;N/A;N/A;N/A;N/A;N/A;N/A;N/A;N/A;N/A;N/A;N/A;N/A;N/A;N/A;N/A;N/A;N/A;N/A;N/A;N/A;N/A;N/A;N/A;N/A;N/A;N/A;N/A;N/A;N/A;N/A;N/A;N/A;N/A;N/A;N/A;N/A;N/A;N/A;N/A;N/A;N/A;N/A;N/A;N/A;N/A;N/A;N/A;N/A;N/A;N/A;N/A;N/A;N/A;N/A;N/A;N/A;N/A;N/A;N/A;N/A;N/A;N/A;N/A;N/A;N/A;N/A;N/A;N/A;N/A;N/A;N/A;N/A;N/A;N/A;N/A;N/A;N/A;N/A;N/A;N/A;N/A;N/A;N/A;N/A;;0;322.9;0;0;;Disabled;TempStop;2;700;315.7;273.1;0;0;599.9;549.9;Enabled;PosOk;2;0;0;0;0;0;15;Disabled;0;0;0;0;0;0;0;0;0;0;0;0;0;0;0;0;0;0;0;0;0;0;0;0;0;0;0;0;0;0;0;0;0;0;0;0;0;0;0;0;0;0;0;0;0;0;0;0;0;0;0;0;0;0;0;0;0;0;0;0;0;0;0;0;0;0;0;0;0;0;30;33;20;45;30;30;20;45;30;34;20;45;30;30;20;45;200;140;100;300;200;138;100;300;200;140;100;300;200;139;100;300;30;33;20;45;30;30;20;45;30;32;20;45;30;30;20;45;200;145;100;300;200;143;100;300;200;201;100;300;200;201;100;300;4;2;0.4;6;4;5;0.4;6;4;2;0.4;6;4;5;0.4;6;4;3;0.4;6;4;5;0.4;6;4;3;0.4;6;4;5;0.4;6;NOK;NOK;OK;7000;7085;6500;8100;OK;5;0;8;12;NOK;N/A;1.5;N/A;N/A;N/A;9;11.7;7;18;OK;;0;0;0;-;Disabled;TempOk;2;230;39.7;141.9;0;0;349.9;441345100 daimler 1500 1900;441345100 daimler 1500 1900;441345100 Daimler 1500 1900
20260403_22:36:01;29560;4;3;950;941;925;975;OK;950;951.4;925;975;OK;951.5;951.3;-15;-14.6;-50;-5;OK;-15;-14.4;-50;-5;OK;-14.8;-15.1;0;-15;-14.6;-50;-5;OK;300;487;300;500;OK;14.63;15.22;N/A;N/A;N/A;N/A;N/A;N/A;N/A;N/A;N/A;N/A;N/A;N/A;N/A;N/A;N/A;N/A;N/A;N/A;N/A;N/A;N/A;N/A;N/A;N/A;N/A;N/A;N/A;N/A;N/A;N/A;N/A;N/A;N/A;N/A;N/A;N/A;N/A;N/A;N/A;N/A;N/A;N/A;N/A;N/A;N/A;N/A;N/A;N/A;N/A;N/A;N/A;N/A;N/A;N/A;N/A;N/A;N/A;N/A;N/A;N/A;N/A;N/A;N/A;N/A;N/A;N/A;N/A;N/A;N/A;N/A;N/A;N/A;N/A;N/A;N/A;N/A;N/A;N/A;N/A;N/A;N/A;N/A;N/A;N/A;N/A;N/A;N/A;N/A;N/A;N/A;N/A;N/A;N/A;N/A;N/A;N/A;N/A;N/A;;0;326.3;0;0;;Disabled;TempStop;2;700;318.8;274.4;0;0;599.9;549.9;Enabled;PosOk;2;0;0;0;0;0;15;Disabled;0;0;0;0;0;0;0;0;0;0;0;0;0;0;0;0;0;0;0;0;0;0;0;0;0;0;0;0;0;0;0;0;0;0;0;0;0;0;0;0;0;0;0;0;0;0;0;0;0;0;0;0;0;0;0;0;0;0;0;0;0;0;0;0;0;0;0;0;0;0;30;33;20;45;30;30;20;45;30;34;20;45;30;30;20;45;200;141;100;300;200;138;100;300;200;140;100;300;200;139;100;300;30;33;20;45;30;30;20;45;30;32;20;45;30;30;20;45;200;144;100;300;200;143;100;300;200;201;100;300;200;202;100;300;4;2;0.4;6;4;5;0.4;6;4;2;0.4;6;4;5;0.4;6;4;2;0.4;6;4;5;0.4;6;4;2;0.4;6;4;5;0.4;6;NOK;NOK;OK;7000;7075;6500;8100;OK;5;0;8;12;NOK;N/A;1.5;N/A;N/A;N/A;9;12;7;18;OK;;0;0;0;-;Disabled;TempOk;2;230;38.7;76.1;0;0;349.9;441345100 daimler 1500 1900;441345100 daimler 1500 1900;441345100 Daimler 1500 1900
20260403_22:36:19;29561;1;4;950;939.2;925;975;OK;950;950.7;925;975;OK;950.5;950.5;-20;-14.2;-50;-25;NOK;-20;-15.4;-50;-25;NOK;-17.1;-17.8;0;-20;-14.1;-50;-25;NOK;300;487;300;500;OK;0;0;N/A;N/A;N/A;N/A;N/A;N/A;N/A;N/A;N/A;N/A;N/A;N/A;N/A;N/A;N/A;N/A;N/A;N/A;N/A;N/A;N/A;N/A;N/A;N/A;N/A;N/A;N/A;N/A;N/A;N/A;N/A;N/A;N/A;N/A;N/A;N/A;N/A;N/A;N/A;N/A;N/A;N/A;N/A;N/A;N/A;N/A;N/A;N/A;N/A;N/A;N/A;N/A;N/A;N/A;N/A;N/A;N/A;N/A;N/A;N/A;N/A;N/A;N/A;N/A;N/A;N/A;N/A;N/A;N/A;N/A;N/A;N/A;N/A;N/A;N/A;N/A;N/A;N/A;N/A;N/A;N/A;N/A;N/A;N/A;N/A;N/A;N/A;N/A;N/A;N/A;N/A;N/A;N/A;N/A;N/A;N/A;N/A;N/A;;0;325.2;0;0;;Disabled;TempStop;2;700;317.4;272.9;0;0;599.9;549.9;Enabled;PosOk;2;0;0;0;0;0;15;Disabled;0;0;0;0;0;0;0;0;0;0;0;0;0;0;0;0;0;0;0;0;0;0;0;0;0;0;0;0;0;0;0;0;0;0;0;0;0;0;0;0;0;0;0;0;0;0;0;0;0;0;0;0;0;0;0;0;0;0;0;0;0;0;0;0;0;0;0;0;0;0;30;33;20;45;30;30;20;45;30;34;20;45;30;30;20;45;200;140;100;300;200;138;100;300;200;139;100;300;200;139;100;300;30;33;20;45;30;30;20;45;30;32;20;45;30;30;20;45;200;144;100;300;200;143;100;300;200;201;100;300;200;201;100;300;4;2;0.4;6;4;5;0.4;6;4;2;0.4;6;4;5;0.4;6;4;3;0.4;6;4;5;0.4;6;4;3;0.4;6;4;5;0.4;6;NOK;NOK;OK;7000;7063;6500;8100;OK;4.99;0;8;12;NOK;N/A;1.5;N/A;N/A;N/A;9;12;7;18;OK;;0;0;0;-;Disabled;TempOk;2;230;37.9;59.8;0;0;349.9;441345100 daimler 1500 1900;441345100 daimler 1500 1900;441345100 Daimler 1500 1900
20260403_22:36:37;29562;2;4;950;938.2;925;975;OK;950;951.7;925;975;OK;950.9;952.1;-15;-20.3;-50;-20;OK;-15;-21.5;-50;-20;OK;-19.5;-19.7;0;-15;-20.3;-50;-20;OK;300;487;300;500;OK;0;0;N/A;N/A;N/A;N/A;N/A;N/A;N/A;N/A;N/A;N/A;N/A;N/A;N/A;N/A;N/A;N/A;N/A;N/A;N/A;N/A;N/A;N/A;N/A;N/A;N/A;N/A;N/A;N/A;N/A;N/A;N/A;N/A;N/A;N/A;N/A;N/A;N/A;N/A;N/A;N/A;N/A;N/A;N/A;N/A;N/A;N/A;N/A;N/A;N/A;N/A;N/A;N/A;N/A;N/A;N/A;N/A;N/A;N/A;N/A;N/A;N/A;N/A;N/A;N/A;N/A;N/A;N/A;N/A;N/A;N/A;N/A;N/A;N/A;N/A;N/A;N/A;N/A;N/A;N/A;N/A;N/A;N/A;N/A;N/A;N/A;N/A;N/A;N/A;N/A;N/A;N/A;N/A;N/A;N/A;N/A;N/A;N/A;N/A;;0;326.7;0;0;;Disabled;TempStop;2;700;319.6;276.2;0;0;599.9;549.9;Enabled;PosOk;2;0;0;0;0;0;15;Disabled;0;0;0;0;0;0;0;0;0;0;0;0;0;0;0;0;0;0;0;0;0;0;0;0;0;0;0;0;0;0;0;0;0;0;0;0;0;0;0;0;0;0;0;0;0;0;0;0;0;0;0;0;0;0;0;0;0;0;0;0;0;0;0;0;0;0;0;0;0;0;30;33;20;45;30;30;20;45;30;34;20;45;30;30;20;45;200;140;100;300;200;138;100;300;200;139;100;300;200;139;100;300;30;33;20;45;30;30;20;45;30;32;20;45;30;30;20;45;200;144;100;300;200;143;100;300;200;201;100;300;200;202;100;300;4;2;0.4;6;4;5;0.4;6;4;2;0.4;6;4;5;0.4;6;4;3;0.4;6;4;5;0.4;6;4;2;0.4;6;4;5;0.4;6;NOK;NOK;OK;7000;7078;6500;8100;OK;4.99;0;8;12;NOK;N/A;1.5;N/A;N/A;N/A;9;12.3;7;18;OK;;0;0;0;-;Disabled;TempOk;2;230;37.4;58.6;0;0;349.9;441345100 daimler 1500 1900;441345100 daimler 1500 1900;441345100 Daimler 1500 1900
20260403_22:36:55;29563;3;4;950;940.1;925;975;OK;950;951.3;925;975;OK;951.2;951.2;-20;-16.2;-50;-25;NOK;-20;-16.4;-50;-25;NOK;-19;-19.8;0;-20;-16.1;-50;-25;NOK;300;487;300;500;OK;0;0;N/A;N/A;N/A;N/A;N/A;N/A;N/A;N/A;N/A;N/A;N/A;N/A;N/A;N/A;N/A;N/A;N/A;N/A;N/A;N/A;N/A;N/A;N/A;N/A;N/A;N/A;N/A;N/A;N/A;N/A;N/A;N/A;N/A;N/A;N/A;N/A;N/A;N/A;N/A;N/A;N/A;N/A;N/A;N/A;N/A;N/A;N/A;N/A;N/A;N/A;N/A;N/A;N/A;N/A;N/A;N/A;N/A;N/A;N/A;N/A;N/A;N/A;N/A;N/A;N/A;N/A;N/A;N/A;N/A;N/A;N/A;N/A;N/A;N/A;N/A;N/A;N/A;N/A;N/A;N/A;N/A;N/A;N/A;N/A;N/A;N/A;N/A;N/A;N/A;N/A;N/A;N/A;N/A;N/A;N/A;N/A;N/A;N/A;;0;323.7;0;0;;Disabled;TempStop;2;700;314.2;280.5;0;0;599.9;549.9;Enabled;PosOk;2;0;0;0;0;0;15;Disabled;0;0;0;0;0;0;0;0;0;0;0;0;0;0;0;0;0;0;0;0;0;0;0;0;0;0;0;0;0;0;0;0;0;0;0;0;0;0;0;0;0;0;0;0;0;0;0;0;0;0;0;0;0;0;0;0;0;0;0;0;0;0;0;0;0;0;0;0;0;0;30;33;20;45;30;30;20;45;30;34;20;45;30;30;20;45;200;140;100;300;200;138;100;300;200;139;100;300;200;140;100;300;30;33;20;45;30;30;20;45;30;32;20;45;30;30;20;45;200;144;100;300;200;142;100;300;200;201;100;300;200;201;100;300;4;2;0.4;6;4;5;0.4;6;4;2;0.4;6;4;5;0.4;6;4;3;0.4;6;4;5;0.4;6;4;3;0.4;6;4;5;0.4;6;NOK;NOK;OK;7000;7060;6500;8100;OK;4.99;0;8;12;NOK;N/A;1.5;N/A;N/A;N/A;9;11.7;7;18;OK;;0;0;0;-;Disabled;TempOk;2;230;38.7;57.4;0;0;349.9;441345100 daimler 1500 1900;441345100 daimler 1500 1900;441345100 Daimler 1500 1900
20260403_22:37:13;29564;4;4;950;930.8;925;975;OK;950;954.6;925;975;OK;954.2;954.2;-15;-9.7;-50;-5;OK;-15;-10;-50;-5;OK;-14.5;-15.2;0;-15;-9.5;-50;-5;OK;300;487;300;500;OK;14.71;15.32;N/A;N/A;N/A;N/A;N/A;N/A;N/A;N/A;N/A;N/A;N/A;N/A;N/A;N/A;N/A;N/A;N/A;N/A;N/A;N/A;N/A;N/A;N/A;N/A;N/A;N/A;N/A;N/A;N/A;N/A;N/A;N/A;N/A;N/A;N/A;N/A;N/A;N/A;N/A;N/A;N/A;N/A;N/A;N/A;N/A;N/A;N/A;N/A;N/A;N/A;N/A;N/A;N/A;N/A;N/A;N/A;N/A;N/A;N/A;N/A;N/A;N/A;N/A;N/A;N/A;N/A;N/A;N/A;N/A;N/A;N/A;N/A;N/A;N/A;N/A;N/A;N/A;N/A;N/A;N/A;N/A;N/A;N/A;N/A;N/A;N/A;N/A;N/A;N/A;N/A;N/A;N/A;N/A;N/A;N/A;N/A;N/A;N/A;;0;325.7;0;0;;Disabled;TempStop;2;700;318.4;274.8;0;0;599.9;549.9;Enabled;PosOk;2;0;0;0;0;0;15;Disabled;0;0;0;0;0;0;0;0;0;0;0;0;0;0;0;0;0;0;0;0;0;0;0;0;0;0;0;0;0;0;0;0;0;0;0;0;0;0;0;0;0;0;0;0;0;0;0;0;0;0;0;0;0;0;0;0;0;0;0;0;0;0;0;0;0;0;0;0;0;0;30;33;20;45;30;30;20;45;30;34;20;45;30;30;20;45;200;141;100;300;200;138;100;300;200;139;100;300;200;139;100;300;30;33;20;45;30;30;20;45;30;32;20;45;30;30;20;45;200;144;100;300;200;143;100;300;200;201;100;300;200;203;100;300;4;2;0.4;6;4;5;0.4;6;4;2;0.4;6;4;5;0.4;6;4;3;0.4;6;4;5;0.4;6;4;2;0.4;6;4;5;0.4;6;NOK;NOK;OK;7000;7071;6500;8100;OK;4.99;0;8;12;NOK;N/A;1.5;N/A;N/A;N/A;9;11.8;7;18;OK;;0;0;0;-;Disabled;TempOk;2;230;39.5;144;0;0;349.9;441345100 daimler 1500 1900;441345100 daimler 1500 1900;441345100 Daimler 1500 1900
20260403_22:37:31;29565;3;5;950;943.8;925;975;OK;950;952.1;925;975;OK;952.2;951.2;-20;-18.8;-50;-25;NOK;-20;-20.6;-50;-25;NOK;-19.5;-20.2;0;-20;-18.8;-50;-25;NOK;300;487;300;500;OK;0;0;N/A;N/A;N/A;N/A;N/A;N/A;N/A;N/A;N/A;N/A;N/A;N/A;N/A;N/A;N/A;N/A;N/A;N/A;N/A;N/A;N/A;N/A;N/A;N/A;N/A;N/A;N/A;N/A;N/A;N/A;N/A;N/A;N/A;N/A;N/A;N/A;N/A;N/A;N/A;N/A;N/A;N/A;N/A;N/A;N/A;N/A;N/A;N/A;N/A;N/A;N/A;N/A;N/A;N/A;N/A;N/A;N/A;N/A;N/A;N/A;N/A;N/A;N/A;N/A;N/A;N/A;N/A;N/A;N/A;N/A;N/A;N/A;N/A;N/A;N/A;N/A;N/A;N/A;N/A;N/A;N/A;N/A;N/A;N/A;N/A;N/A;N/A;N/A;N/A;N/A;N/A;N/A;N/A;N/A;N/A;N/A;N/A;N/A;;0;322.7;0;0;;Disabled;TempStop;2;700;314.9;271.9;0;0;599.9;549.9;Enabled;PosOk;2;0;0;0;0;0;15;Disabled;0;0;0;0;0;0;0;0;0;0;0;0;0;0;0;0;0;0;0;0;0;0;0;0;0;0;0;0;0;0;0;0;0;0;0;0;0;0;0;0;0;0;0;0;0;0;0;0;0;0;0;0;0;0;0;0;0;0;0;0;0;0;0;0;0;0;0;0;0;0;30;33;20;45;30;30;20;45;30;34;20;45;30;30;20;45;200;141;100;300;200;138;100;300;200;139;100;300;200;139;100;300;30;33;20;45;30;30;20;45;30;32;20;45;30;30;20;45;200;144;100;300;200;143;100;300;200;201;100;300;200;202;100;300;4;2;0.4;6;4;5;0.4;6;4;2;0.4;6;4;5;0.4;6;4;2;0.4;6;4;5;0.4;6;4;3;0.4;6;4;5;0.4;6;NOK;NOK;OK;7000;7067;6500;8100;OK;4.99;0;8;12;NOK;N/A;1.5;N/A;N/A;N/A;9;12;7;18;OK;;0;0;0;-;Disabled;TempOk;2;230;39.3;62.4;0;0;349.9;441345100 daimler 1500 1900;441345100 daimler 1500 1900;441345100 Daimler 1500 1900
20260403_22:37:49;29566;2;5;950;938.5;925;975;OK;950;950.9;925;975;OK;951;952.1;-15;-17.8;-50;-20;NOK;-15;-15.4;-50;-20;NOK;-16.3;-16;0;-15;-17.9;-50;-20;NOK;300;311;300;500;OK;0;0;N/A;N/A;N/A;N/A;N/A;N/A;N/A;N/A;N/A;N/A;N/A;N/A;N/A;N/A;N/A;N/A;N/A;N/A;N/A;N/A;N/A;N/A;N/A;N/A;N/A;N/A;N/A;N/A;N/A;N/A;N/A;N/A;N/A;N/A;N/A;N/A;N/A;N/A;N/A;N/A;N/A;N/A;N/A;N/A;N/A;N/A;N/A;N/A;N/A;N/A;N/A;N/A;N/A;N/A;N/A;N/A;N/A;N/A;N/A;N/A;N/A;N/A;N/A;N/A;N/A;N/A;N/A;N/A;N/A;N/A;N/A;N/A;N/A;N/A;N/A;N/A;N/A;N/A;N/A;N/A;N/A;N/A;N/A;N/A;N/A;N/A;N/A;N/A;N/A;N/A;N/A;N/A;N/A;N/A;N/A;N/A;N/A;N/A;;0;325;0;0;;Disabled;TempStop;2;700;314.3;276.9;0;0;599.9;549.9;Enabled;PosOk;2;0;0;0;0;0;15;Disabled;0;0;0;0;0;0;0;0;0;0;0;0;0;0;0;0;0;0;0;0;0;0;0;0;0;0;0;0;0;0;0;0;0;0;0;0;0;0;0;0;0;0;0;0;0;0;0;0;0;0;0;0;0;0;0;0;0;0;0;0;0;0;0;0;0;0;0;0;0;0;30;33;20;45;30;30;20;45;30;34;20;45;30;30;20;45;200;141;100;300;200;138;100;300;200;140;100;300;200;140;100;300;30;33;20;45;30;30;20;45;30;32;20;45;30;30;20;45;200;144;100;300;200;143;100;300;200;201;100;300;200;202;100;300;4;2;0.4;6;4;5;0.4;6;4;2;0.4;6;4;5;0.4;6;4;2;0.4;6;4;5;0.4;6;4;3;0.4;6;4;5;0.4;6;NOK;NOK;OK;7000;7066;6500;8100;OK;4.99;0;8;12;NOK;N/A;1.5;N/A;N/A;N/A;9;11.9;7;18;OK;;0;0;0;-;Disabled;TempOk;2;230;41.4;128.1;0;0;349.9;441345100 daimler 1500 1900;441345100 daimler 1500 1900;441345100 Daimler 1500 1900
20260403_22:37:55;29567;1;1;950;939.6;925;975;OK;950;951;925;975;OK;951.1;950.8;-20;-19.4;-50;-25;NOK;-20;-17.9;-50;-25;NOK;-16.3;-17;0;-20;-19.4;-50;-25;NOK;300;311;300;500;OK;0;0;N/A;N/A;N/A;N/A;N/A;N/A;N/A;N/A;N/A;N/A;N/A;N/A;N/A;N/A;N/A;N/A;N/A;N/A;N/A;N/A;N/A;N/A;N/A;N/A;N/A;N/A;N/A;N/A;N/A;N/A;N/A;N/A;N/A;N/A;N/A;N/A;N/A;N/A;N/A;N/A;N/A;N/A;N/A;N/A;N/A;N/A;N/A;N/A;N/A;N/A;N/A;N/A;N/A;N/A;N/A;N/A;N/A;N/A;N/A;N/A;N/A;N/A;N/A;N/A;N/A;N/A;N/A;N/A;N/A;N/A;N/A;N/A;N/A;N/A;N/A;N/A;N/A;N/A;N/A;N/A;N/A;N/A;N/A;N/A;N/A;N/A;N/A;N/A;N/A;N/A;N/A;N/A;N/A;N/A;N/A;N/A;N/A;N/A;;0;323.1;0;0;;Disabled;TempStop;2;700;317.8;247;0;0;599.9;549.9;Enabled;PosNotOk;2;0;100;100;0;0;15;Disabled;0;0;0;0;0;0;0;0;0;0;0;0;0;0;0;0;0;0;0;0;0;0;0;0;0;0;0;0;0;0;0;0;0;0;0;0;0;0;0;0;0;0;0;0;0;0;0;0;0;0;0;0;0;0;0;0;0;0;0;0;0;0;0;0;0;0;0;0;0;0;;;;;;;;;;;;;;;;;;;;;;;;;;;;;;;;;;;;;;;;;;;;;;;;;;;;;;;;;;;;;;;;;;;;;;;;;;;;;;;;;;;;;;;;;;;;;;;;;;;;;;;;;;;;;;;;;;;;;;;;;;;;;;;;;;;;;;441345100 daimler 1500 1900;441345100 daimler 1500 1900;;
20260403_22:41:00;29568;2;1;950;940.2;925;975;OK;950;952;925;975;OK;951.8;951;-15;-17;-50;-20;NOK;-15;-15.7;-50;-20;NOK;-15.3;-15.4;0;-15;-17;-50;-20;NOK;300;467;300;500;OK;0;0;N/A;N/A;N/A;N/A;N/A;N/A;N/A;N/A;N/A;N/A;N/A;N/A;N/A;N/A;N/A;N/A;N/A;N/A;N/A;N/A;N/A;N/A;N/A;N/A;N/A;N/A;N/A;N/A;N/A;N/A;N/A;N/A;N/A;N/A;N/A;N/A;N/A;N/A;N/A;N/A;N/A;N/A;N/A;N/A;N/A;N/A;N/A;N/A;N/A;N/A;N/A;N/A;N/A;N/A;N/A;N/A;N/A;N/A;N/A;N/A;N/A;N/A;N/A;N/A;N/A;N/A;N/A;N/A;N/A;N/A;N/A;N/A;N/A;N/A;N/A;N/A;N/A;N/A;N/A;N/A;N/A;N/A;N/A;N/A;N/A;N/A;N/A;N/A;N/A;N/A;N/A;N/A;N/A;N/A;N/A;N/A;N/A;N/A;;0;324.3;0;0;;Disabled;TempStop;2;700;314.4;276.3;0;0;599.9;549.9;Enabled;PosOk;2;0;0;0;0;0;15;Disabled;0;0;0;0;0;0;0;0;0;0;0;0;0;0;0;0;0;0;0;0;0;0;0;0;0;0;0;0;0;0;0;0;0;0;0;0;0;0;0;0;0;0;0;0;0;0;0;0;0;0;0;0;0;0;0;0;0;0;0;0;0;0;0;0;0;0;0;0;0;0;30;30;20;45;30;30;20;45;30;30;20;45;30;30;20;45;200;140;100;300;200;138;100;300;200;139;100;300;200;139;100;300;30;30;20;45;30;30;20;45;30;30;20;45;30;30;20;45;200;145;100;300;200;143;100;300;200;201;100;300;200;202;100;300;4;2;0.4;6;4;5;0.4;6;4;2;0.4;6;4;5;0.4;6;4;2;0.4;6;4;5;0.4;6;4;3;0.4;6;4;5;0.4;6;NOK;NOK;OK;7000;7068;6500;8100;OK;4.99;0;8;12;NOK;N/A;1.5;N/A;N/A;N/A;9;11.9;7;18;OK;;0;0;0;-;Disabled;TempOk;2;230;37.4;90.1;0;0;349.9;441345100 daimler 1500 1900;441345100 daimler 1500 1900;441345100 Daimler 1500 1900
20260403_22:41:18;29569;3;1;950;940;925;975;OK;950;951.4;925;975;OK;951.2;951.2;-20;-19.8;-50;-25;NOK;-20;-19.8;-50;-25;NOK;-15.1;-15.7;0;-20;-19.8;-50;-25;NOK;300;467;300;500;OK;0;0;N/A;N/A;N/A;N/A;N/A;N/A;N/A;N/A;N/A;N/A;N/A;N/A;N/A;N/A;N/A;N/A;N/A;N/A;N/A;N/A;N/A;N/A;N/A;N/A;N/A;N/A;N/A;N/A;N/A;N/A;N/A;N/A;N/A;N/A;N/A;N/A;N/A;N/A;N/A;N/A;N/A;N/A;N/A;N/A;N/A;N/A;N/A;N/A;N/A;N/A;N/A;N/A;N/A;N/A;N/A;N/A;N/A;N/A;N/A;N/A;N/A;N/A;N/A;N/A;N/A;N/A;N/A;N/A;N/A;N/A;N/A;N/A;N/A;N/A;N/A;N/A;N/A;N/A;N/A;N/A;N/A;N/A;N/A;N/A;N/A;N/A;N/A;N/A;N/A;N/A;N/A;N/A;N/A;N/A;N/A;N/A;N/A;N/A;;0;322.8;0;0;;Disabled;TempStop;2;700;312.7;270.9;0;0;599.9;549.9;Enabled;PosOk;2;0;0;0;0;0;15;Disabled;0;0;0;0;0;0;0;0;0;0;0;0;0;0;0;0;0;0;0;0;0;0;0;0;0;0;0;0;0;0;0;0;0;0;0;0;0;0;0;0;0;0;0;0;0;0;0;0;0;0;0;0;0;0;0;0;0;0;0;0;0;0;0;0;0;0;0;0;0;0;30;31;20;45;30;30;20;45;30;31;20;45;30;30;20;45;200;140;100;300;200;138;100;300;200;139;100;300;200;139;100;300;30;31;20;45;30;30;20;45;30;31;20;45;30;30;20;45;200;144;100;300;200;143;100;300;200;200;100;300;200;202;100;300;4;2;0.4;6;4;5;0.4;6;4;2;0.4;6;4;5;0.4;6;4;2;0.4;6;4;5;0.4;6;4;2;0.4;6;4;5;0.4;6;NOK;NOK;OK;7000;7073;6500;8100;OK;4.99;0;8;12;NOK;N/A;1.5;N/A;N/A;N/A;9;12.5;7;18;OK;;0;0;0;-;Disabled;TempOk;2;230;38.7;45.7;0;0;349.9;441345100 daimler 1500 1900;441345100 daimler 1500 1900;441345100 Daimler 1500 1900
20260403_22:41:36;29570;4;1;950;936.6;925;975;OK;950;950.9;925;975;OK;951.2;951.5;-15;-15.7;-50;-5;OK;-15;-12.1;-50;-5;OK;-18.2;-17.9;0;-15;-15.7;-50;-5;OK;300;467;300;500;OK;15.02;15.61;N/A;N/A;N/A;N/A;N/A;N/A;N/A;N/A;N/A;N/A;N/A;N/A;N/A;N/A;N/A;N/A;N/A;N/A;N/A;N/A;N/A;N/A;N/A;N/A;N/A;N/A;N/A;N/A;N/A;N/A;N/A;N/A;N/A;N/A;N/A;N/A;N/A;N/A;N/A;N/A;N/A;N/A;N/A;N/A;N/A;N/A;N/A;N/A;N/A;N/A;N/A;N/A;N/A;N/A;N/A;N/A;N/A;N/A;N/A;N/A;N/A;N/A;N/A;N/A;N/A;N/A;N/A;N/A;N/A;N/A;N/A;N/A;N/A;N/A;N/A;N/A;N/A;N/A;N/A;N/A;N/A;N/A;N/A;N/A;N/A;N/A;N/A;N/A;N/A;N/A;N/A;N/A;N/A;N/A;N/A;N/A;N/A;N/A;;0;324.7;0;0;;Disabled;TempStop;2;700;315.3;281.7;0;0;599.9;549.9;Enabled;PosOk;2;0;0;0;0;0;15;Disabled;0;0;0;0;0;0;0;0;0;0;0;0;0;0;0;0;0;0;0;0;0;0;0;0;0;0;0;0;0;0;0;0;0;0;0;0;0;0;0;0;0;0;0;0;0;0;0;0;0;0;0;0;0;0;0;0;0;0;0;0;0;0;0;0;0;0;0;0;0;0;30;32;20;45;30;29;20;45;30;32;20;45;30;29;20;45;200;140;100;300;200;138;100;300;200;139;100;300;200;139;100;300;30;32;20;45;30;29;20;45;30;31;20;45;30;29;20;45;200;144;100;300;200;143;100;300;200;200;100;300;200;202;100;300;4;2;0.4;6;4;5;0.4;6;4;2;0.4;6;4;5;0.4;6;4;2;0.4;6;4;5;0.4;6;4;2;0.4;6;4;5;0.4;6;NOK;NOK;OK;7000;7072;6500;8100;OK;4.99;0;8;12;NOK;N/A;1.5;N/A;N/A;N/A;9;11.9;7;18;OK;;0;0;0;-;Disabled;TempOk;2;230;38.2;119.6;0;0;349.9;441345100 daimler 1500 1900;441345100 daimler 1500 1900;441345100 Daimler 1500 1900
20260403_22:41:43;29571;1;2;950;940.4;925;975;OK;950;951.6;925;975;OK;951.5;951.6;-20;-17.5;-50;-25;NOK;-20;-16;-50;-25;NOK;-16.5;-17.3;0;-20;-17.3;-50;-25;NOK;300;467;300;500;OK;0;0;N/A;N/A;N/A;N/A;N/A;N/A;N/A;N/A;N/A;N/A;N/A;N/A;N/A;N/A;N/A;N/A;N/A;N/A;N/A;N/A;N/A;N/A;N/A;N/A;N/A;N/A;N/A;N/A;N/A;N/A;N/A;N/A;N/A;N/A;N/A;N/A;N/A;N/A;N/A;N/A;N/A;N/A;N/A;N/A;N/A;N/A;N/A;N/A;N/A;N/A;N/A;N/A;N/A;N/A;N/A;N/A;N/A;N/A;N/A;N/A;N/A;N/A;N/A;N/A;N/A;N/A;N/A;N/A;N/A;N/A;N/A;N/A;N/A;N/A;N/A;N/A;N/A;N/A;N/A;N/A;N/A;N/A;N/A;N/A;N/A;N/A;N/A;N/A;N/A;N/A;N/A;N/A;N/A;N/A;N/A;N/A;N/A;N/A;;0;318.4;0;0;;Disabled;TempStop;2;700;312.3;251.6;0;0;599.9;549.9;Enabled;PosNotOk;2;0;100;100;0;0;15;Disabled;0;0;0;0;0;0;0;0;0;0;0;0;0;0;0;0;0;0;0;0;0;0;0;0;0;0;0;0;0;0;0;0;0;0;0;0;0;0;0;0;0;0;0;0;0;0;0;0;0;0;0;0;0;0;0;0;0;0;0;0;0;0;0;0;0;0;0;0;0;0;;;;;;;;;;;;;;;;;;;;;;;;;;;;;;;;;;;;;;;;;;;;;;;;;;;;;;;;;;;;;;;;;;;;;;;;;;;;;;;;;;;;;;;;;;;;;;;;;;;;;;;;;;;;;;;;;;;;;;;;;;;;;;;;;;;;;;441345100 daimler 1500 1900;441345100 daimler 1500 1900;;
20260403_22:44:26;29578;2;2;950;938.7;925;975;OK;950;951.7;925;975;OK;952.1;951.6;-15;-19.9;-50;-20;NOK;-15;-19.5;-50;-20;NOK;-18.4;-18.6;0;-15;-19.9;-50;-20;NOK;300;493;300;500;OK;0;0;N/A;N/A;N/A;N/A;N/A;N/A;N/A;N/A;N/A;N/A;N/A;N/A;N/A;N/A;N/A;N/A;N/A;N/A;N/A;N/A;N/A;N/A;N/A;N/A;N/A;N/A;N/A;N/A;N/A;N/A;N/A;N/A;N/A;N/A;N/A;N/A;N/A;N/A;N/A;N/A;N/A;N/A;N/A;N/A;N/A;N/A;N/A;N/A;N/A;N/A;N/A;N/A;N/A;N/A;N/A;N/A;N/A;N/A;N/A;N/A;N/A;N/A;N/A;N/A;N/A;N/A;N/A;N/A;N/A;N/A;N/A;N/A;N/A;N/A;N/A;N/A;N/A;N/A;N/A;N/A;N/A;N/A;N/A;N/A;N/A;N/A;N/A;N/A;N/A;N/A;N/A;N/A;N/A;N/A;N/A;N/A;N/A;N/A;;0;323.8;0;0;;Disabled;TempStop;2;700;313.9;280.5;0;0;599.9;549.9;Enabled;PosOk;2;0;0;0;0;0;15;Disabled;0;0;0;0;0;0;0;0;0;0;0;0;0;0;0;0;0;0;0;0;0;0;0;0;0;0;0;0;0;0;0;0;0;0;0;0;0;0;0;0;0;0;0;0;0;0;0;0;0;0;0;0;0;0;0;0;0;0;0;0;0;0;0;0;0;0;0;0;0;0;30;30;20;45;30;30;20;45;30;30;20;45;30;30;20;45;200;140;100;300;200;138;100;300;200;139;100;300;200;139;100;300;30;30;20;45;30;30;20;45;30;30;20;45;30;30;20;45;200;144;100;300;200;143;100;300;200;201;100;300;200;201;100;300;4;2;0.4;6;4;5;0.4;6;4;2;0.4;6;4;5;0.4;6;4;3;0.4;6;4;5;0.4;6;4;2;0.4;6;4;5;0.4;6;NOK;NOK;OK;7000;7072;6500;8100;OK;4.99;0;8;12;NOK;N/A;1.5;N/A;N/A;N/A;9;11.8;7;18;OK;;0;0;0;-;Disabled;TempOk;2;230;37.7;50.3;0;0;349.9;441345100 daimler 1500 1900;441345100 daimler 1500 1900;441345100 Daimler 1500 1900
20260403_22:44:44;29579;1;4;950;939.6;925;975;OK;950;950.7;925;975;OK;950.7;950.6;-20;-14.6;-50;-25;NOK;-20;-17.9;-50;-25;NOK;-17.6;-17.4;0;-20;-14.6;-50;-25;NOK;300;493;300;500;OK;0;0;N/A;N/A;N/A;N/A;N/A;N/A;N/A;N/A;N/A;N/A;N/A;N/A;N/A;N/A;N/A;N/A;N/A;N/A;N/A;N/A;N/A;N/A;N/A;N/A;N/A;N/A;N/A;N/A;N/A;N/A;N/A;N/A;N/A;N/A;N/A;N/A;N/A;N/A;N/A;N/A;N/A;N/A;N/A;N/A;N/A;N/A;N/A;N/A;N/A;N/A;N/A;N/A;N/A;N/A;N/A;N/A;N/A;N/A;N/A;N/A;N/A;N/A;N/A;N/A;N/A;N/A;N/A;N/A;N/A;N/A;N/A;N/A;N/A;N/A;N/A;N/A;N/A;N/A;N/A;N/A;N/A;N/A;N/A;N/A;N/A;N/A;N/A;N/A;N/A;N/A;N/A;N/A;N/A;N/A;N/A;N/A;N/A;N/A;;0;325.8;0;0;;Disabled;TempStop;2;700;318.2;285.5;0;0;599.9;549.9;Enabled;PosOk;2;0;0;0;0;0;15;Disabled;0;0;0;0;0;0;0;0;0;0;0;0;0;0;0;0;0;0;0;0;0;0;0;0;0;0;0;0;0;0;0;0;0;0;0;0;0;0;0;0;0;0;0;0;0;0;0;0;0;0;0;0;0;0;0;0;0;0;0;0;0;0;0;0;0;0;0;0;0;0;30;31;20;45;30;30;20;45;30;31;20;45;30;30;20;45;200;140;100;300;200;138;100;300;200;139;100;300;200;139;100;300;30;31;20;45;30;30;20;45;30;31;20;45;30;30;20;45;200;144;100;300;200;143;100;300;200;200;100;300;200;202;100;300;4;2;0.4;6;4;5;0.4;6;4;2;0.4;6;4;5;0.4;6;4;3;0.4;6;4;5;0.4;6;4;3;0.4;6;4;5;0.4;6;NOK;NOK;OK;7000;7062;6500;8100;OK;4.99;0;8;12;NOK;N/A;1.5;N/A;N/A;N/A;9;11.9;7;18;OK;;0;0;0;-;Disabled;TempOk;2;230;42.4;51.1;0;0;349.9;441345100 daimler 1500 1900;441345100 daimler 1500 1900;441345100 Daimler 1500 1900
20260403_22:45:02;29580;2;4;950;938.8;925;975;OK;950;951.6;925;975;OK;951.5;949.9;-15;-21.5;-50;-20;OK;-15;-21.5;-50;-20;OK;-20.4;-20.3;0;-15;-21.6;-50;-20;OK;300;493;300;500;OK;0;0;N/A;N/A;N/A;N/A;N/A;N/A;N/A;N/A;N/A;N/A;N/A;N/A;N/A;N/A;N/A;N/A;N/A;N/A;N/A;N/A;N/A;N/A;N/A;N/A;N/A;N/A;N/A;N/A;N/A;N/A;N/A;N/A;N/A;N/A;N/A;N/A;N/A;N/A;N/A;N/A;N/A;N/A;N/A;N/A;N/A;N/A;N/A;N/A;N/A;N/A;N/A;N/A;N/A;N/A;N/A;N/A;N/A;N/A;N/A;N/A;N/A;N/A;N/A;N/A;N/A;N/A;N/A;N/A;N/A;N/A;N/A;N/A;N/A;N/A;N/A;N/A;N/A;N/A;N/A;N/A;N/A;N/A;N/A;N/A;N/A;N/A;N/A;N/A;N/A;N/A;N/A;N/A;N/A;N/A;N/A;N/A;N/A;N/A;;0;325.6;0;0;;Disabled;TempStop;2;700;317.4;274.8;0;0;599.9;549.9;Enabled;PosOk;2;0;0;0;0;0;15;Disabled;0;0;0;0;0;0;0;0;0;0;0;0;0;0;0;0;0;0;0;0;0;0;0;0;0;0;0;0;0;0;0;0;0;0;0;0;0;0;0;0;0;0;0;0;0;0;0;0;0;0;0;0;0;0;0;0;0;0;0;0;0;0;0;0;0;0;0;0;0;0;30;32;20;45;30;30;20;45;30;32;20;45;30;30;20;45;200;140;100;300;200;138;100;300;200;140;100;300;200;139;100;300;30;32;20;45;30;30;20;45;30;31;20;45;30;30;20;45;200;144;100;300;200;143;100;300;200;201;100;300;200;201;100;300;4;2;0.4;6;4;5;0.4;6;4;2;0.4;6;4;5;0.4;6;4;2;0.4;6;4;5;0.4;6;4;2;0.4;6;4;5;0.4;6;NOK;NOK;OK;7000;7073;6500;8100;OK;4.99;0;8;12;NOK;N/A;1.5;N/A;N/A;N/A;9;11.9;7;18;OK;;0;0;0;-;Disabled;TempOk;2;230;36.9;55.5;0;0;349.9;441345100 daimler 1500 1900;441345100 daimler 1500 1900;441345100 Daimler 1500 1900
20260403_22:45:20;29581;3;4;950;940.5;925;975;OK;950;951.9;925;975;OK;951.2;951.3;-20;-15.5;-50;-25;NOK;-20;-20.6;-50;-25;NOK;-19.4;-20.3;0;-20;-15.4;-50;-25;NOK;300;493;300;500;OK;0;0;N/A;N/A;N/A;N/A;N/A;N/A;N/A;N/A;N/A;N/A;N/A;N/A;N/A;N/A;N/A;N/A;N/A;N/A;N/A;N/A;N/A;N/A;N/A;N/A;N/A;N/A;N/A;N/A;N/A;N/A;N/A;N/A;N/A;N/A;N/A;N/A;N/A;N/A;N/A;N/A;N/A;N/A;N/A;N/A;N/A;N/A;N/A;N/A;N/A;N/A;N/A;N/A;N/A;N/A;N/A;N/A;N/A;N/A;N/A;N/A;N/A;N/A;N/A;N/A;N/A;N/A;N/A;N/A;N/A;N/A;N/A;N/A;N/A;N/A;N/A;N/A;N/A;N/A;N/A;N/A;N/A;N/A;N/A;N/A;N/A;N/A;N/A;N/A;N/A;N/A;N/A;N/A;N/A;N/A;N/A;N/A;N/A;N/A;;0;324.3;0;0;;Disabled;TempStop;2;700;314.2;277.9;0;0;599.9;549.9;Enabled;PosOk;2;0;0;0;0;0;15;Disabled;0;0;0;0;0;0;0;0;0;0;0;0;0;0;0;0;0;0;0;0;0;0;0;0;0;0;0;0;0;0;0;0;0;0;0;0;0;0;0;0;0;0;0;0;0;0;0;0;0;0;0;0;0;0;0;0;0;0;0;0;0;0;0;0;0;0;0;0;0;0;30;33;20;45;30;30;20;45;30;33;20;45;30;30;20;45;200;140;100;300;200;138;100;300;200;139;100;300;200;139;100;300;30;32;20;45;30;30;20;45;30;32;20;45;30;30;20;45;200;144;100;300;200;142;100;300;200;201;100;300;200;201;100;300;4;2;0.4;6;4;5;0.4;6;4;2;0.4;6;4;5;0.4;6;4;3;0.4;6;4;5;0.4;6;4;2;0.4;6;4;5;0.4;6;NOK;NOK;OK;7000;7079;6500;8100;OK;4.99;0;8;12;NOK;N/A;1.5;N/A;N/A;N/A;9;12.5;7;18;OK;;0;0;0;-;Disabled;TempOk;2;230;37.9;95;0;0;349.9;441345100 daimler 1500 1900;441345100 daimler 1500 1900;441345100 Daimler 1500 1900
20260403_22:45:38;29582;4;4;950;930.9;925;975;OK;950;953.8;925;975;OK;953.5;953.5;-15;-9.6;-50;-5;OK;-15;-13;-50;-5;OK;-17.6;-18.1;0;-15;-9.6;-50;-5;OK;300;493;300;500;OK;15.34;15.9;N/A;N/A;N/A;N/A;N/A;N/A;N/A;N/A;N/A;N/A;N/A;N/A;N/A;N/A;N/A;N/A;N/A;N/A;N/A;N/A;N/A;N/A;N/A;N/A;N/A;N/A;N/A;N/A;N/A;N/A;N/A;N/A;N/A;N/A;N/A;N/A;N/A;N/A;N/A;N/A;N/A;N/A;N/A;N/A;N/A;N/A;N/A;N/A;N/A;N/A;N/A;N/A;N/A;N/A;N/A;N/A;N/A;N/A;N/A;N/A;N/A;N/A;N/A;N/A;N/A;N/A;N/A;N/A;N/A;N/A;N/A;N/A;N/A;N/A;N/A;N/A;N/A;N/A;N/A;N/A;N/A;N/A;N/A;N/A;N/A;N/A;N/A;N/A;N/A;N/A;N/A;N/A;N/A;N/A;N/A;N/A;N/A;N/A;;0;325.6;0;0;;Disabled;TempStop;2;700;318.8;276.8;0;0;599.9;549.9;Enabled;PosOk;2;0;0;0;0;0;15;Disabled;0;0;0;0;0;0;0;0;0;0;0;0;0;0;0;0;0;0;0;0;0;0;0;0;0;0;0;0;0;0;0;0;0;0;0;0;0;0;0;0;0;0;0;0;0;0;0;0;0;0;0;0;0;0;0;0;0;0;0;0;0;0;0;0;0;0;0;0;0;0;30;33;20;45;30;30;20;45;30;33;20;45;30;30;20;45;200;140;100;300;200;139;100;300;200;139;100;300;200;139;100;300;30;32;20;45;30;30;20;45;30;32;20;45;30;30;20;45;200;144;100;300;200;143;100;300;200;200;100;300;200;201;100;300;4;2;0.4;6;4;5;0.4;6;4;2;0.4;6;4;5;0.4;6;4;2;0.4;6;4;5;0.4;6;4;3;0.4;6;4;6;0.4;6;NOK;NOK;OK;7000;7085;6500;8100;OK;5;0;8;12;NOK;N/A;1.5;N/A;N/A;N/A;9;12.2;7;18;OK;;0;0;0;-;Disabled;TempOk;2;230;39.5;145.4;0;0;349.9;441345100 daimler 1500 1900;441345100 daimler 1500 1900;441345100 Daimler 1500 1900
20260403_22:45:56;29583;3;5;950;943;925;975;OK;950;952.4;925;975;OK;951.3;951.3;-20;-20.2;-50;-25;NOK;-20;-22;-50;-25;NOK;-20.3;-20.7;0;-20;-20.1;-50;-25;NOK;300;493;300;500;OK;0;0;N/A;N/A;N/A;N/A;N/A;N/A;N/A;N/A;N/A;N/A;N/A;N/A;N/A;N/A;N/A;N/A;N/A;N/A;N/A;N/A;N/A;N/A;N/A;N/A;N/A;N/A;N/A;N/A;N/A;N/A;N/A;N/A;N/A;N/A;N/A;N/A;N/A;N/A;N/A;N/A;N/A;N/A;N/A;N/A;N/A;N/A;N/A;N/A;N/A;N/A;N/A;N/A;N/A;N/A;N/A;N/A;N/A;N/A;N/A;N/A;N/A;N/A;N/A;N/A;N/A;N/A;N/A;N/A;N/A;N/A;N/A;N/A;N/A;N/A;N/A;N/A;N/A;N/A;N/A;N/A;N/A;N/A;N/A;N/A;N/A;N/A;N/A;N/A;N/A;N/A;N/A;N/A;N/A;N/A;N/A;N/A;N/A;N/A;;0;322.5;0;0;;Disabled;TempStop;2;700;312.2;272.7;0;0;599.9;549.9;Enabled;PosOk;2;0;0;0;0;0;15;Disabled;0;0;0;0;0;0;0;0;0;0;0;0;0;0;0;0;0;0;0;0;0;0;0;0;0;0;0;0;0;0;0;0;0;0;0;0;0;0;0;0;0;0;0;0;0;0;0;0;0;0;0;0;0;0;0;0;0;0;0;0;0;0;0;0;0;0;0;0;0;0;30;33;20;45;30;30;20;45;30;33;20;45;30;30;20;45;200;140;100;300;200;138;100;300;200;139;100;300;200;139;100;300;30;33;20;45;30;30;20;45;30;32;20;45;30;30;20;45;200;144;100;300;200;143;100;300;200;201;100;300;200;202;100;300;4;2;0.4;6;4;5;0.4;6;4;2;0.4;6;4;5;0.4;6;4;3;0.4;6;4;5;0.4;6;4;3;0.4;6;4;5;0.4;6;NOK;NOK;OK;7000;7070;6500;8100;OK;5;0;8;12;NOK;N/A;1.5;N/A;N/A;N/A;9;11.7;7;18;OK;;0;0;0;-;Disabled;TempOk;2;230;39.7;77.4;0;0;349.9;441345100 daimler 1500 1900;441345100 daimler 1500 1900;441345100 Daimler 1500 1900
20260403_22:46:14;29584;2;5;950;937.2;925;975;OK;950;951.2;925;975;OK;950.9;951.3;-15;-15.3;-50;-20;NOK;-15;-16.9;-50;-20;NOK;-16.8;-16.8;0;-15;-15.2;-50;-20;NOK;300;493;300;500;OK;0;0;N/A;N/A;N/A;N/A;N/A;N/A;N/A;N/A;N/A;N/A;N/A;N/A;N/A;N/A;N/A;N/A;N/A;N/A;N/A;N/A;N/A;N/A;N/A;N/A;N/A;N/A;N/A;N/A;N/A;N/A;N/A;N/A;N/A;N/A;N/A;N/A;N/A;N/A;N/A;N/A;N/A;N/A;N/A;N/A;N/A;N/A;N/A;N/A;N/A;N/A;N/A;N/A;N/A;N/A;N/A;N/A;N/A;N/A;N/A;N/A;N/A;N/A;N/A;N/A;N/A;N/A;N/A;N/A;N/A;N/A;N/A;N/A;N/A;N/A;N/A;N/A;N/A;N/A;N/A;N/A;N/A;N/A;N/A;N/A;N/A;N/A;N/A;N/A;N/A;N/A;N/A;N/A;N/A;N/A;N/A;N/A;N/A;N/A;;0;322.4;0;0;;Disabled;TempStop;2;700;312.1;273.7;0;0;599.9;549.9;Enabled;PosOk;2;0;0;0;0;0;15;Disabled;0;0;0;0;0;0;0;0;0;0;0;0;0;0;0;0;0;0;0;0;0;0;0;0;0;0;0;0;0;0;0;0;0;0;0;0;0;0;0;0;0;0;0;0;0;0;0;0;0;0;0;0;0;0;0;0;0;0;0;0;0;0;0;0;0;0;0;0;0;0;30;33;20;45;30;30;20;45;30;33;20;45;30;30;20;45;200;141;100;300;200;138;100;300;200;139;100;300;200;139;100;300;30;33;20;45;30;30;20;45;30;32;20;45;30;30;20;45;200;144;100;300;200;143;100;300;200;200;100;300;200;201;100;300;4;2;0.4;6;4;5;0.4;6;4;2;0.4;6;4;5;0.4;6;4;2;0.4;6;4;5;0.4;6;4;3;0.4;6;4;5;0.4;6;NOK;NOK;OK;7000;7070;6500;8100;OK;4.99;0;8;12;NOK;N/A;1.5;N/A;N/A;N/A;9;11.7;7;18;OK;;0;0;0;-;Disabled;TempOk;2;230;37.9;59.4;0;0;349.9;441345100 daimler 1500 1900;441345100 daimler 1500 1900;441345100 Daimler 1500 1900
20260403_22:46:32;29585;1;1;950;941.1;925;975;OK;950;951.2;925;975;OK;950.9;951.2;-20;-18.2;-50;-25;NOK;-20;-19.8;-50;-25;NOK;-16.6;-17;0;-20;-18.2;-50;-25;NOK;300;493;300;500;OK;0;0;N/A;N/A;N/A;N/A;N/A;N/A;N/A;N/A;N/A;N/A;N/A;N/A;N/A;N/A;N/A;N/A;N/A;N/A;N/A;N/A;N/A;N/A;N/A;N/A;N/A;N/A;N/A;N/A;N/A;N/A;N/A;N/A;N/A;N/A;N/A;N/A;N/A;N/A;N/A;N/A;N/A;N/A;N/A;N/A;N/A;N/A;N/A;N/A;N/A;N/A;N/A;N/A;N/A;N/A;N/A;N/A;N/A;N/A;N/A;N/A;N/A;N/A;N/A;N/A;N/A;N/A;N/A;N/A;N/A;N/A;N/A;N/A;N/A;N/A;N/A;N/A;N/A;N/A;N/A;N/A;N/A;N/A;N/A;N/A;N/A;N/A;N/A;N/A;N/A;N/A;N/A;N/A;N/A;N/A;N/A;N/A;N/A;N/A;;0;328.2;0;0;;Disabled;TempStop;2;700;321.2;279.6;0;0;599.9;549.9;Enabled;PosOk;2;0;0;0;0;0;15;Disabled;0;0;0;0;0;0;0;0;0;0;0;0;0;0;0;0;0;0;0;0;0;0;0;0;0;0;0;0;0;0;0;0;0;0;0;0;0;0;0;0;0;0;0;0;0;0;0;0;0;0;0;0;0;0;0;0;0;0;0;0;0;0;0;0;0;0;0;0;0;0;30;33;20;45;30;30;20;45;30;33;20;45;30;30;20;45;200;140;100;300;200;138;100;300;200;139;100;300;200;139;100;300;30;33;20;45;30;30;20;45;30;32;20;45;30;30;20;45;200;144;100;300;200;143;100;300;200;201;100;300;200;202;100;300;4;2;0.4;6;4;5;0.4;6;4;2;0.4;6;4;5;0.4;6;4;3;0.4;6;4;5;0.4;6;4;3;0.4;6;4;5;0.4;6;NOK;NOK;OK;7000;7076;6500;8100;OK;4.99;0;8;12;NOK;N/A;1.5;N/A;N/A;N/A;9;11.9;7;18;OK;;0;0;0;-;Disabled;TempOk;2;230;39.5;59.6;0;0;349.9;441345100 daimler 1500 1900;441345100 daimler 1500 1900;441345100 Daimler 1500 1900
20260403_22:46:50;29586;2;1;950;940.6;925;975;OK;950;951.9;925;975;OK;949.7;951.9;-15;-17.7;-50;-20;NOK;-15;-15.6;-50;-20;NOK;-15.9;-16;0;-15;-17.7;-50;-20;NOK;300;337;300;500;OK;0;0;N/A;N/A;N/A;N/A;N/A;N/A;N/A;N/A;N/A;N/A;N/A;N/A;N/A;N/A;N/A;N/A;N/A;N/A;N/A;N/A;N/A;N/A;N/A;N/A;N/A;N/A;N/A;N/A;N/A;N/A;N/A;N/A;N/A;N/A;N/A;N/A;N/A;N/A;N/A;N/A;N/A;N/A;N/A;N/A;N/A;N/A;N/A;N/A;N/A;N/A;N/A;N/A;N/A;N/A;N/A;N/A;N/A;N/A;N/A;N/A;N/A;N/A;N/A;N/A;N/A;N/A;N/A;N/A;N/A;N/A;N/A;N/A;N/A;N/A;N/A;N/A;N/A;N/A;N/A;N/A;N/A;N/A;N/A;N/A;N/A;N/A;N/A;N/A;N/A;N/A;N/A;N/A;N/A;N/A;N/A;N/A;N/A;N/A;;0;326.6;0;0;;Disabled;TempStop;2;700;319.4;278.9;0;0;599.9;549.9;Enabled;PosOk;2;0;0;0;0;0;15;Disabled;0;0;0;0;0;0;0;0;0;0;0;0;0;0;0;0;0;0;0;0;0;0;0;0;0;0;0;0;0;0;0;0;0;0;0;0;0;0;0;0;0;0;0;0;0;0;0;0;0;0;0;0;0;0;0;0;0;0;0;0;0;0;0;0;0;0;0;0;0;0;30;33;20;45;30;30;20;45;30;34;20;45;30;30;20;45;200;140;100;300;200;138;100;300;200;140;100;300;200;139;100;300;30;33;20;45;30;30;20;45;30;32;20;45;30;30;20;45;200;144;100;300;200;143;100;300;200;201;100;300;200;201;100;300;4;2;0.4;6;4;5;0.4;6;4;2;0.4;6;4;5;0.4;6;4;2;0.4;6;4;5;0.4;6;4;2;0.4;6;4;5;0.4;6;NOK;NOK;OK;7000;7078;6500;8100;OK;4.99;0;8;12;NOK;N/A;1.5;N/A;N/A;N/A;9;11.9;7;18;OK;;0;0;0;-;Disabled;TempOk;2;230;38.9;108.7;0;0;349.9;441345100 daimler 1500 1900;441345100 daimler 1500 1900;441345100 Daimler 1500 1900
20260403_22:47:08;29587;3;1;950;940.6;925;975;OK;950;951.4;925;975;OK;951.2;951.2;-20;-20.1;-50;-25;NOK;-20;-17.4;-50;-25;NOK;-15.7;-16.1;0;-20;-20.1;-50;-25;NOK;300;337;300;500;OK;0;0;N/A;N/A;N/A;N/A;N/A;N/A;N/A;N/A;N/A;N/A;N/A;N/A;N/A;N/A;N/A;N/A;N/A;N/A;N/A;N/A;N/A;N/A;N/A;N/A;N/A;N/A;N/A;N/A;N/A;N/A;N/A;N/A;N/A;N/A;N/A;N/A;N/A;N/A;N/A;N/A;N/A;N/A;N/A;N/A;N/A;N/A;N/A;N/A;N/A;N/A;N/A;N/A;N/A;N/A;N/A;N/A;N/A;N/A;N/A;N/A;N/A;N/A;N/A;N/A;N/A;N/A;N/A;N/A;N/A;N/A;N/A;N/A;N/A;N/A;N/A;N/A;N/A;N/A;N/A;N/A;N/A;N/A;N/A;N/A;N/A;N/A;N/A;N/A;N/A;N/A;N/A;N/A;N/A;N/A;N/A;N/A;N/A;N/A;;0;323.9;0;0;;Disabled;TempStop;2;700;313.7;274.2;0;0;599.9;549.9;Enabled;PosOk;2;0;0;0;0;0;15;Disabled;0;0;0;0;0;0;0;0;0;0;0;0;0;0;0;0;0;0;0;0;0;0;0;0;0;0;0;0;0;0;0;0;0;0;0;0;0;0;0;0;0;0;0;0;0;0;0;0;0;0;0;0;0;0;0;0;0;0;0;0;0;0;0;0;0;0;0;0;0;0;30;33;20;45;30;30;20;45;30;34;20;45;30;30;20;45;200;140;100;300;200;138;100;300;200;139;100;300;200;139;100;300;30;33;20;45;30;30;20;45;30;32;20;45;30;30;20;45;200;144;100;300;200;143;100;300;200;201;100;300;200;202;100;300;4;2;0.4;6;4;5;0.4;6;4;2;0.4;6;4;5;0.4;6;4;2;0.4;6;4;5;0.4;6;4;2;0.4;6;4;5;0.4;6;NOK;NOK;OK;7000;7076;6500;8100;OK;5;0;8;12;NOK;N/A;1.5;N/A;N/A;N/A;9;12.3;7;18;OK;;0;0;0;-;Disabled;TempOk;2;230;39.7;55.7;0;0;349.9;441345100 daimler 1500 1900;441345100 daimler 1500 1900;441345100 Daimler 1500 1900
20260403_22:47:26;29588;4;1;950;938.4;925;975;OK;950;951.7;925;975;OK;950.4;950.8;-15;-12.1;-50;-5;OK;-15;-20.2;-50;-5;OK;-17.7;-18.4;0;-15;-12.1;-50;-5;OK;300;337;300;500;OK;15.62;16.09;N/A;N/A;N/A;N/A;N/A;N/A;N/A;N/A;N/A;N/A;N/A;N/A;N/A;N/A;N/A;N/A;N/A;N/A;N/A;N/A;N/A;N/A;N/A;N/A;N/A;N/A;N/A;N/A;N/A;N/A;N/A;N/A;N/A;N/A;N/A;N/A;N/A;N/A;N/A;N/A;N/A;N/A;N/A;N/A;N/A;N/A;N/A;N/A;N/A;N/A;N/A;N/A;N/A;N/A;N/A;N/A;N/A;N/A;N/A;N/A;N/A;N/A;N/A;N/A;N/A;N/A;N/A;N/A;N/A;N/A;N/A;N/A;N/A;N/A;N/A;N/A;N/A;N/A;N/A;N/A;N/A;N/A;N/A;N/A;N/A;N/A;N/A;N/A;N/A;N/A;N/A;N/A;N/A;N/A;N/A;N/A;N/A;N/A;;0;324;0;0;;Disabled;TempStop;2;700;317.2;281.5;0;0;599.9;549.9;Enabled;PosOk;2;0;0;0;0;0;15;Disabled;0;0;0;0;0;0;0;0;0;0;0;0;0;0;0;0;0;0;0;0;0;0;0;0;0;0;0;0;0;0;0;0;0;0;0;0;0;0;0;0;0;0;0;0;0;0;0;0;0;0;0;0;0;0;0;0;0;0;0;0;0;0;0;0;0;0;0;0;0;0;30;33;20;45;30;30;20;45;30;34;20;45;30;30;20;45;200;140;100;300;200;138;100;300;200;139;100;300;200;139;100;300;30;33;20;45;30;30;20;45;30;32;20;45;30;30;20;45;200;144;100;300;200;143;100;300;200;201;100;300;200;201;100;300;4;2;0.4;6;4;5;0.4;6;4;2;0.4;6;4;5;0.4;6;4;2;0.4;6;4;5;0.4;6;4;2;0.4;6;4;5;0.4;6;NOK;NOK;OK;7000;7078;6500;8100;OK;4.99;0;8;12;NOK;N/A;1.5;N/A;N/A;N/A;9;11.7;7;18;OK;;0;0;0;-;Disabled;TempOk;2;230;38.9;60.8;0;0;349.9;441345100 daimler 1500 1900;441345100 daimler 1500 1900;441345100 Daimler 1500 1900
20260403_22:47:37;29572;2;2;950;938.7;925;975;OK;950;951.6;925;975;OK;952.1;951.6;-15;-19.9;-50;-20;NOK;-15;-21.5;-50;-20;OK;-18.4;-18.6;0;-15;-19.5;-50;-20;NOK;300;816;300;500;NOK;0;0;;;;;;;;;;;;;;;;;;;;;;;;;;;;;;;;;;;;;;;;;;;;;;;;;;;;;;;;;;;;;;;;;;;;;;;;;;;;;;;;;;;;;;;;;;;;;;;;;;;;;;;;;;;;;;;;;;;;;;;;;;;;;;;;;;;;;;;;;;;;;;;;;;;;;;;;;;;;;;;;;;;;;;;;;;;;;;;;;;;;;;;;;;;;;;;;;;;;;;;;;;;;;;;;;;;;;;;;;;;;;;;;;;;;;;;;;;;;;;;;;;;;;;;;;;;;;;;;;;;;;;;;;;;;;;;;;;;;;;;;;;;;;;;;;;;;;;;;;;;;;;;;;;;;;;;;;;;;;;;;;;;;;;;;441345100 daimler 1500 1900;;;;
20260403_22:47:44;29589;1;2;950;941.4;925;975;OK;950;951.5;925;975;OK;951.6;951.6;-20;-16.3;-50;-25;NOK;-20;-18.2;-50;-25;NOK;-17.5;-18.2;0;-20;-16.4;-50;-25;NOK;300;337;300;500;OK;0;0;N/A;N/A;N/A;N/A;N/A;N/A;N/A;N/A;N/A;N/A;N/A;N/A;N/A;N/A;N/A;N/A;N/A;N/A;N/A;N/A;N/A;N/A;N/A;N/A;N/A;N/A;N/A;N/A;N/A;N/A;N/A;N/A;N/A;N/A;N/A;N/A;N/A;N/A;N/A;N/A;N/A;N/A;N/A;N/A;N/A;N/A;N/A;N/A;N/A;N/A;N/A;N/A;N/A;N/A;N/A;N/A;N/A;N/A;N/A;N/A;N/A;N/A;N/A;N/A;N/A;N/A;N/A;N/A;N/A;N/A;N/A;N/A;N/A;N/A;N/A;N/A;N/A;N/A;N/A;N/A;N/A;N/A;N/A;N/A;N/A;N/A;N/A;N/A;N/A;N/A;N/A;N/A;N/A;N/A;N/A;N/A;N/A;N/A;;0;323.8;0;0;;Disabled;TempStop;2;700;314.5;276.6;0;0;599.9;549.9;Enabled;PosOk;2;0;0;0;0;0;15;Disabled;0;0;0;0;0;0;0;0;0;0;0;0;0;0;0;0;0;0;0;0;0;0;0;0;0;0;0;0;0;0;0;0;0;0;0;0;0;0;0;0;0;0;0;0;0;0;0;0;0;0;0;0;0;0;0;0;0;0;0;0;0;0;0;0;0;0;0;0;0;0;30;33;20;45;30;29;20;45;30;34;20;45;30;29;20;45;200;141;100;300;200;138;100;300;200;140;100;300;200;139;100;300;30;32;20;45;30;29;20;45;30;31;20;45;30;29;20;45;200;144;100;300;200;143;100;300;200;200;100;300;200;201;100;300;4;2;0.4;6;4;5;0.4;6;4;2;0.4;6;4;5;0.4;6;4;2;0.4;6;4;5;0.4;6;4;3;0.4;6;4;5;0.4;6;NOK;NOK;OK;7000;7072;6500;8100;OK;4.99;0;8;12;NOK;N/A;1.5;N/A;N/A;N/A;9;11.8;7;18;OK;;0;0;0;-;Disabled;TempOk;2;230;40.7;133.5;0;0;349.9;441345100 daimler 1500 1900;441345100 daimler 1500 1900;441345100 Daimler 1500 1900
20260403_22:47:55;29573;3;2;950;940.1;925;975;OK;950;952.9;925;975;OK;951.6;951.6;-20;-20.2;-50;-25;NOK;-20;-20.4;-50;-25;NOK;-16.8;-17.4;0;-20;-20;-50;-25;NOK;300;816;300;500;NOK;0;0;;;;;;;;;;;;;;;;;;;;;;;;;;;;;;;;;;;;;;;;;;;;;;;;;;;;;;;;;;;;;;;;;;;;;;;;;;;;;;;;;;;;;;;;;;;;;;;;;;;;;;;;;;;;;;;;;;;;;;;;;;;;;;;;;;;;;;;;;;;;;;;;;;;;;;;;;;;;;;;;;;;;;;;;;;;;;;;;;;;;;;;;;;;;;;;;;;;;;;;;;;;;;;;;;;;;;;;;;;;;;;;;;;;;;;;;;;;;;;;;;;;;;;;;;;;;;;;;;;;;;;;;;;;;;;;;;;;;;;;;;;;;;;;;;;;;;;;;;;;;;;;;;;;;;;;;;;;;;;;;;;;;;;;;441345100 daimler 1500 1900;;;;
20260403_22:48:13;29574;4;2;950;940.1;925;975;OK;950;952.2;925;975;OK;950.8;951.4;-15;-13.3;-50;-5;OK;-15;-19.9;-50;-5;OK;-17.9;-18.9;0;-15;-13.3;-50;-5;OK;300;816;300;500;NOK;15.12;16.2;;;;;;;;;;;;;;;;;;;;;;;;;;;;;;;;;;;;;;;;;;;;;;;;;;;;;;;;;;;;;;;;;;;;;;;;;;;;;;;;;;;;;;;;;;;;;;;;;;;;;;;;;;;;;;;;;;;;;;;;;;;;;;;;;;;;;;;;;;;;;;;;;;;;;;;;;;;;;;;;;;;;;;;;;;;;;;;;;;;;;;;;;;;;;;;;;;;;;;;;;;;;;;;;;;;;;;;;;;;;;;;;;;;;;;;;;;;;;;;;;;;;;;;;;;;;;;;;;;;;;;;;;;;;;;;;;;;;;;;;;;;;;;;;;;;;;;;;;;;;;;;;;;;;;;;;;;;;;;;;;;;;;;;;441345100 daimler 1500 1900;;;;
20260403_22:48:31;29575;1;3;950;940.7;925;975;OK;950;950.9;925;975;OK;951.4;951.4;-20;-16;-50;-25;NOK;-20;-18.3;-50;-25;NOK;-18.8;-18.5;0;-20;-16;-50;-25;NOK;300;816;300;500;NOK;0;0;;;;;;;;;;;;;;;;;;;;;;;;;;;;;;;;;;;;;;;;;;;;;;;;;;;;;;;;;;;;;;;;;;;;;;;;;;;;;;;;;;;;;;;;;;;;;;;;;;;;;;;;;;;;;;;;;;;;;;;;;;;;;;;;;;;;;;;;;;;;;;;;;;;;;;;;;;;;;;;;;;;;;;;;;;;;;;;;;;;;;;;;;;;;;;;;;;;;;;;;;;;;;;;;;;;;;;;;;;;;;;;;;;;;;;;;;;;;;;;;;;;;;;;;;;;;;;;;;;;;;;;;;;;;;;;;;;;;;;;;;;;;;;;;;;;;;;;;;;;;;;;;;;;;;;;;;;;;;;;;;;;;;;;;441345100 daimler 1500 1900;;;;
20260403_22:48:49;29576;2;3;950;940.3;925;975;OK;950;951.7;925;975;OK;951.2;951.3;-15;-19.8;-50;-20;NOK;-15;-21.4;-50;-20;OK;-19;-18.9;0;-15;-19.8;-50;-20;NOK;300;816;300;500;NOK;0;0;;;;;;;;;;;;;;;;;;;;;;;;;;;;;;;;;;;;;;;;;;;;;;;;;;;;;;;;;;;;;;;;;;;;;;;;;;;;;;;;;;;;;;;;;;;;;;;;;;;;;;;;;;;;;;;;;;;;;;;;;;;;;;;;;;;;;;;;;;;;;;;;;;;;;;;;;;;;;;;;;;;;;;;;;;;;;;;;;;;;;;;;;;;;;;;;;;;;;;;;;;;;;;;;;;;;;;;;;;;;;;;;;;;;;;;;;;;;;;;;;;;;;;;;;;;;;;;;;;;;;;;;;;;;;;;;;;;;;;;;;;;;;;;;;;;;;;;;;;;;;;;;;;;;;;;;;;;;;;;;;;;;;;;;441345100 daimler 1500 1900;;;;
20260403_22:49:06;29577;3;3;950;940.4;925;975;OK;950;953.1;925;975;OK;951.4;951.3;-20;-19.8;-50;-25;NOK;-20;-21.3;-50;-25;NOK;-17.9;-17.9;0;-20;-19.7;-50;-25;NOK;300;816;300;500;NOK;0;0;;;;;;;;;;;;;;;;;;;;;;;;;;;;;;;;;;;;;;;;;;;;;;;;;;;;;;;;;;;;;;;;;;;;;;;;;;;;;;;;;;;;;;;;;;;;;;;;;;;;;;;;;;;;;;;;;;;;;;;;;;;;;;;;;;;;;;;;;;;;;;;;;;;;;;;;;;;;;;;;;;;;;;;;;;;;;;;;;;;;;;;;;;;;;;;;;;;;;;;;;;;;;;;;;;;;;;;;;;;;;;;;;;;;;;;;;;;;;;;;;;;;;;;;;;;;;;;;;;;;;;;;;;;;;;;;;;;;;;;;;;;;;;;;;;;;;;;;;;;;;;;;;;;;;;;;;;;;;;;;;;;;;;;;441345100 daimler 1500 1900;;;;
20260403_22:56:24;29591;3;1;950;948.2;925;975;OK;950;951.3;925;975;OK;951.4;951.3;-20;-14.5;-50;-25;NOK;-20;-17;-50;-25;NOK;-14.9;-15.5;0;-20;-14.5;-50;-25;NOK;300;332;300;500;OK;0;0;N/A;N/A;N/A;N/A;N/A;N/A;N/A;N/A;N/A;N/A;N/A;N/A;N/A;N/A;N/A;N/A;N/A;N/A;N/A;N/A;N/A;N/A;N/A;N/A;N/A;N/A;N/A;N/A;N/A;N/A;N/A;N/A;N/A;N/A;N/A;N/A;N/A;N/A;N/A;N/A;N/A;N/A;N/A;N/A;N/A;N/A;N/A;N/A;N/A;N/A;N/A;N/A;N/A;N/A;N/A;N/A;N/A;N/A;N/A;N/A;N/A;N/A;N/A;N/A;N/A;N/A;N/A;N/A;N/A;N/A;N/A;N/A;N/A;N/A;N/A;N/A;N/A;N/A;N/A;N/A;N/A;N/A;N/A;N/A;N/A;N/A;N/A;N/A;N/A;N/A;N/A;N/A;N/A;N/A;N/A;N/A;N/A;N/A;;0;322.9;0;0;;Disabled;TempStop;2;700;311.7;281;0;0;599.9;549.9;Enabled;PosOk;2;0;0;0;0;0;15;Disabled;0;0;0;0;0;0;0;0;0;0;0;0;0;0;0;0;0;0;0;0;0;0;0;0;0;0;0;0;0;0;0;0;0;0;0;0;0;0;0;0;0;0;0;0;0;0;0;0;0;0;0;0;0;0;0;0;0;0;0;0;0;0;0;0;0;0;0;0;48;30;30;30;20;45;30;30;20;45;30;30;20;45;30;30;20;45;200;140;100;300;200;138;100;300;200;139;100;300;200;138;100;300;30;30;20;45;30;30;20;45;30;30;20;45;30;30;20;45;200;144;100;300;200;143;100;300;200;200;100;300;200;200;100;300;4;2;0.4;6;4;5;0.4;6;4;2;0.4;6;4;5;0.4;6;4;3;0.4;6;4;5;0.4;6;4;3;0.4;6;4;5;0.4;6;NOK;NOK;OK;7000;7075;6500;8100;OK;4.99;0;8;12;NOK;N/A;1.5;N/A;N/A;N/A;9;11.7;7;18;OK;;0;0;0;-;Disabled;TempOk;2;230;37.2;45.2;0;0;349.9;441345100 daimler 1500 1900;441345100 daimler 1500 1900;441345100 Daimler 1500 1900
20260403_22:56:47;29592;2;1;950;949.5;925;975;OK;950;951.2;925;975;OK;951.2;950.8;-15;-16.1;-50;-20;NOK;-15;-16.3;-50;-20;NOK;-15.8;-16;0;-15;-16.2;-50;-20;NOK;300;341;300;500;OK;0;0;N/A;N/A;N/A;N/A;N/A;N/A;N/A;N/A;N/A;N/A;N/A;N/A;N/A;N/A;N/A;N/A;N/A;N/A;N/A;N/A;N/A;N/A;N/A;N/A;N/A;N/A;N/A;N/A;N/A;N/A;N/A;N/A;N/A;N/A;N/A;N/A;N/A;N/A;N/A;N/A;N/A;N/A;N/A;N/A;N/A;N/A;N/A;N/A;N/A;N/A;N/A;N/A;N/A;N/A;N/A;N/A;N/A;N/A;N/A;N/A;N/A;N/A;N/A;N/A;N/A;N/A;N/A;N/A;N/A;N/A;N/A;N/A;N/A;N/A;N/A;N/A;N/A;N/A;N/A;N/A;N/A;N/A;N/A;N/A;N/A;N/A;N/A;N/A;N/A;N/A;N/A;N/A;N/A;N/A;N/A;N/A;N/A;N/A;;0;325.4;0;0;;Disabled;TempStop;2;700;316.7;285.6;0;0;599.9;549.9;Enabled;PosOk;2;0;0;0;0;0;15;Disabled;0;0;0;0;0;0;0;0;0;0;0;0;0;0;0;0;0;0;0;0;0;0;0;0;0;0;0;0;0;0;0;0;0;0;0;0;0;0;0;0;0;0;0;0;0;0;0;0;0;0;0;0;0;0;0;0;0;0;0;0;0;0;0;0;0;0;0;0;0;0;30;32;20;45;30;30;20;45;30;31;20;45;30;30;20;45;200;140;100;300;200;138;100;300;200;139;100;300;200;139;100;300;30;31;20;45;30;30;20;45;30;31;20;45;30;30;20;45;200;143;100;300;200;142;100;300;200;201;100;300;200;201;100;300;4;2;0.4;6;4;5;0.4;6;4;2;0.4;6;4;5;0.4;6;4;2;0.4;6;4;5;0.4;6;4;3;0.4;6;4;5;0.4;6;NOK;NOK;OK;7000;7082;6500;8100;OK;5;0;8;12;NOK;N/A;1.5;N/A;N/A;N/A;9;11.9;7;18;OK;;0;0;0;-;Disabled;TempOk;2;230;36.7;51.5;0;0;349.9;441345100 daimler 1500 1900;441345100 daimler 1500 1900;441345100 Daimler 1500 1900
20260403_22:57:10;29593;3;2;950;947.4;925;975;OK;950;952;925;975;OK;951.6;951.5;-20;-16.1;-50;-25;NOK;-20;-19.1;-50;-25;NOK;-16.7;-17.4;0;-20;-16.2;-50;-25;NOK;300;333;300;500;OK;0;0;N/A;N/A;N/A;N/A;N/A;N/A;N/A;N/A;N/A;N/A;N/A;N/A;N/A;N/A;N/A;N/A;N/A;N/A;N/A;N/A;N/A;N/A;N/A;N/A;N/A;N/A;N/A;N/A;N/A;N/A;N/A;N/A;N/A;N/A;N/A;N/A;N/A;N/A;N/A;N/A;N/A;N/A;N/A;N/A;N/A;N/A;N/A;N/A;N/A;N/A;N/A;N/A;N/A;N/A;N/A;N/A;N/A;N/A;N/A;N/A;N/A;N/A;N/A;N/A;N/A;N/A;N/A;N/A;N/A;N/A;N/A;N/A;N/A;N/A;N/A;N/A;N/A;N/A;N/A;N/A;N/A;N/A;N/A;N/A;N/A;N/A;N/A;N/A;N/A;N/A;N/A;N/A;N/A;N/A;N/A;N/A;N/A;N/A;;0;324;0;0;;Disabled;TempStop;2;700;316.5;279.2;0;0;599.9;549.9;Enabled;PosOk;2;0;0;0;0;0;15;Disabled;0;0;0;0;0;0;0;0;0;0;0;0;0;0;0;0;0;0;0;0;0;0;0;0;0;0;0;0;0;0;0;0;0;0;0;0;0;0;0;0;0;0;0;0;0;0;0;0;0;0;0;0;0;0;0;0;0;0;0;0;0;0;0;0;0;0;0;0;0;0;30;32;20;45;30;30;20;45;30;32;20;45;30;30;20;45;200;140;100;300;200;138;100;300;200;139;100;300;200;139;100;300;30;32;20;45;30;30;20;45;30;31;20;45;30;30;20;45;200;144;100;300;200;142;100;300;200;200;100;300;200;202;100;300;4;2;0.4;6;4;5;0.4;6;4;2;0.4;6;4;5;0.4;6;4;2;0.4;6;4;5;0.4;6;4;3;0.4;6;4;5;0.4;6;NOK;NOK;OK;7000;7079;6500;8100;OK;5;0;8;12;NOK;N/A;1.5;N/A;N/A;N/A;9;11.7;7;18;OK;;0;0;0;-;Disabled;TempOk;2;230;38.2;66.2;0;0;349.9;441345100 daimler 1500 1900;441345100 daimler 1500 1900;441345100 Daimler 1500 1900
20260403_22:57:33;29594;4;1;950;946.6;925;975;OK;950;957.4;925;975;OK;952.3;954;-15;-16.9;-50;-5;OK;-15;-15.8;-50;-5;OK;-18.6;-18.5;0;-15;-17;-50;-5;OK;300;343;300;500;OK;16.48;17.04;N/A;N/A;N/A;N/A;N/A;N/A;N/A;N/A;N/A;N/A;N/A;N/A;N/A;N/A;N/A;N/A;N/A;N/A;N/A;N/A;N/A;N/A;N/A;N/A;N/A;N/A;N/A;N/A;N/A;N/A;N/A;N/A;N/A;N/A;N/A;N/A;N/A;N/A;N/A;N/A;N/A;N/A;N/A;N/A;N/A;N/A;N/A;N/A;N/A;N/A;N/A;N/A;N/A;N/A;N/A;N/A;N/A;N/A;N/A;N/A;N/A;N/A;N/A;N/A;N/A;N/A;N/A;N/A;N/A;N/A;N/A;N/A;N/A;N/A;N/A;N/A;N/A;N/A;N/A;N/A;N/A;N/A;N/A;N/A;N/A;N/A;N/A;N/A;N/A;N/A;N/A;N/A;N/A;N/A;N/A;N/A;N/A;N/A;;0;323.5;0;0;;Disabled;TempStop;2;700;314;275.2;0;0;599.9;549.9;Enabled;PosOk;2;0;0;0;0;0;15;Disabled;0;0;0;0;0;0;0;0;0;0;0;0;0;0;0;0;0;0;0;0;0;0;0;0;0;0;0;0;0;0;0;0;0;0;0;0;0;0;0;0;0;0;0;0;0;0;0;0;0;0;0;0;0;0;0;0;0;0;0;0;0;0;0;0;0;0;0;0;0;0;30;32;20;45;30;30;20;45;30;32;20;45;30;30;20;45;200;140;100;300;200;138;100;300;200;139;100;300;200;139;100;300;30;32;20;45;30;30;20;45;30;31;20;45;30;30;20;45;200;144;100;300;200;143;100;300;200;201;100;300;200;202;100;300;4;2;0.4;6;4;5;0.4;6;4;2;0.4;6;4;5;0.4;6;4;2;0.4;6;4;5;0.4;6;4;3;0.4;6;4;5;0.4;6;NOK;NOK;OK;7000;7089;6500;8100;OK;4.99;0;8;12;NOK;N/A;1.5;N/A;N/A;N/A;9;12;7;18;OK;;0;0;0;-;Disabled;TempOk;2;230;38.2;112.5;0;0;349.9;441345100 daimler 1500 1900;441345100 daimler 1500 1900;441345100 Daimler 1500 1900
20260403_22:57:56;29595;1;3;950;948.7;925;975;OK;950;952.6;925;975;OK;953.1;952.8;-20;-19.5;-50;-25;NOK;-20;-20.9;-50;-25;NOK;-20.8;-20.9;0;-20;-19.6;-50;-25;NOK;300;334;300;500;OK;0;0;N/A;N/A;N/A;N/A;N/A;N/A;N/A;N/A;N/A;N/A;N/A;N/A;N/A;N/A;N/A;N/A;N/A;N/A;N/A;N/A;N/A;N/A;N/A;N/A;N/A;N/A;N/A;N/A;N/A;N/A;N/A;N/A;N/A;N/A;N/A;N/A;N/A;N/A;N/A;N/A;N/A;N/A;N/A;N/A;N/A;N/A;N/A;N/A;N/A;N/A;N/A;N/A;N/A;N/A;N/A;N/A;N/A;N/A;N/A;N/A;N/A;N/A;N/A;N/A;N/A;N/A;N/A;N/A;N/A;N/A;N/A;N/A;N/A;N/A;N/A;N/A;N/A;N/A;N/A;N/A;N/A;N/A;N/A;N/A;N/A;N/A;N/A;N/A;N/A;N/A;N/A;N/A;N/A;N/A;N/A;N/A;N/A;N/A;;0;323.4;0;0;;Disabled;TempStop;2;700;313;273.5;0;0;599.9;549.9;Enabled;PosOk;2;0;0;0;0;0;15;Disabled;0;0;0;0;0;0;0;0;0;0;0;0;0;0;0;0;0;0;0;0;0;0;0;0;0;0;0;0;0;0;0;0;0;0;0;0;0;0;0;0;0;0;0;0;0;0;0;0;0;0;0;0;0;0;0;0;0;0;0;0;0;0;0;0;0;0;0;0;57;31;30;32;20;45;30;30;20;45;30;33;20;45;30;30;20;45;200;140;100;300;200;138;100;300;200;139;100;300;200;139;100;300;30;32;20;45;30;30;20;45;30;31;20;45;30;30;20;45;200;145;100;300;200;143;100;300;200;201;100;300;200;202;100;300;4;2;0.4;6;4;5;0.4;6;4;3;0.4;6;4;5;0.4;6;4;2;0.4;6;4;5;0.4;6;4;3;0.4;6;4;6;0.4;6;NOK;NOK;OK;7000;7091;6500;8100;OK;5;0;8;12;NOK;N/A;1.5;N/A;N/A;N/A;9;12.2;7;18;OK;;0;0;0;-;Disabled;TempOk;2;230;37.7;57.2;0;0;349.9;441345100 daimler 1500 1900;441345100 daimler 1500 1900;441345100 Daimler 1500 1900
20260403_22:58:19;29596;2;2;950;946.7;925;975;OK;950;951.5;925;975;OK;951.5;949.9;-15;-18;-50;-20;NOK;-15;-19.1;-50;-20;NOK;-18.7;-19;0;-15;-18;-50;-20;NOK;300;343;300;500;OK;0;0;N/A;N/A;N/A;N/A;N/A;N/A;N/A;N/A;N/A;N/A;N/A;N/A;N/A;N/A;N/A;N/A;N/A;N/A;N/A;N/A;N/A;N/A;N/A;N/A;N/A;N/A;N/A;N/A;N/A;N/A;N/A;N/A;N/A;N/A;N/A;N/A;N/A;N/A;N/A;N/A;N/A;N/A;N/A;N/A;N/A;N/A;N/A;N/A;N/A;N/A;N/A;N/A;N/A;N/A;N/A;N/A;N/A;N/A;N/A;N/A;N/A;N/A;N/A;N/A;N/A;N/A;N/A;N/A;N/A;N/A;N/A;N/A;N/A;N/A;N/A;N/A;N/A;N/A;N/A;N/A;N/A;N/A;N/A;N/A;N/A;N/A;N/A;N/A;N/A;N/A;N/A;N/A;N/A;N/A;N/A;N/A;N/A;N/A;;0;324.2;0;0;;Disabled;TempStop;2;700;317.7;281.3;0;0;599.9;549.9;Enabled;PosOk;2;0;0;0;0;0;15;Disabled;0;0;0;0;0;0;0;0;0;0;0;0;0;0;0;0;0;0;0;0;0;0;0;0;0;0;0;0;0;0;0;0;0;0;0;0;0;0;0;0;0;0;0;0;0;0;0;0;0;0;0;0;0;0;0;0;0;0;0;0;0;0;0;0;0;0;0;0;0;0;30;33;20;45;30;30;20;45;30;33;20;45;30;30;20;45;200;140;100;300;200;139;100;300;200;139;100;300;200;139;100;300;30;32;20;45;30;30;20;45;30;32;20;45;30;30;20;45;200;144;100;300;200;143;100;300;200;201;100;300;200;202;100;300;4;2;0.4;6;4;5;0.4;6;4;2;0.4;6;4;5;0.4;6;4;2;0.4;6;4;5;0.4;6;4;3;0.4;6;4;5;0.4;6;NOK;NOK;OK;7000;7076;6500;8100;OK;4.99;0;8;12;NOK;N/A;1.5;N/A;N/A;N/A;9;11.8;7;18;OK;;0;0;0;-;Disabled;TempOk;2;230;37.9;82.7;0;0;349.9;441345100 daimler 1500 1900;441345100 daimler 1500 1900;441345100 Daimler 1500 1900
20260403_22:58:42;29597;3;3;950;947.2;925;975;OK;950;951.3;925;975;OK;951.2;951.5;-20;-14.8;-50;-25;NOK;-20;-17.5;-50;-25;NOK;-16.8;-17.2;0;-20;-14.8;-50;-25;NOK;300;335;300;500;OK;0;0;N/A;N/A;N/A;N/A;N/A;N/A;N/A;N/A;N/A;N/A;N/A;N/A;N/A;N/A;N/A;N/A;N/A;N/A;N/A;N/A;N/A;N/A;N/A;N/A;N/A;N/A;N/A;N/A;N/A;N/A;N/A;N/A;N/A;N/A;N/A;N/A;N/A;N/A;N/A;N/A;N/A;N/A;N/A;N/A;N/A;N/A;N/A;N/A;N/A;N/A;N/A;N/A;N/A;N/A;N/A;N/A;N/A;N/A;N/A;N/A;N/A;N/A;N/A;N/A;N/A;N/A;N/A;N/A;N/A;N/A;N/A;N/A;N/A;N/A;N/A;N/A;N/A;N/A;N/A;N/A;N/A;N/A;N/A;N/A;N/A;N/A;N/A;N/A;N/A;N/A;N/A;N/A;N/A;N/A;N/A;N/A;N/A;N/A;;0;323.9;0;0;;Disabled;TempStop;2;700;316.6;278.9;0;0;599.9;549.9;Enabled;PosOk;2;0;0;0;0;0;15;Disabled;0;0;0;0;0;0;0;0;0;0;0;0;0;0;0;0;0;0;0;0;0;0;0;0;0;0;0;0;0;0;0;0;0;0;0;0;0;0;0;0;0;0;0;0;0;0;0;0;0;0;0;0;0;0;0;0;0;0;0;0;0;0;0;0;0;0;0;0;0;0;30;32;20;45;30;30;20;45;30;33;20;45;30;30;20;45;200;140;100;300;200;139;100;300;200;139;100;300;200;139;100;300;30;32;20;45;30;30;20;45;30;32;20;45;30;30;20;45;200;144;100;300;200;143;100;300;200;201;100;300;200;201;100;300;4;2;0.4;6;4;5;0.4;6;4;2;0.4;6;4;5;0.4;6;4;3;0.4;6;4;5;0.4;6;4;3;0.4;6;4;5;0.4;6;NOK;NOK;OK;7000;7086;6500;8100;OK;5;0;8;12;NOK;N/A;1.5;N/A;N/A;N/A;9;12;7;18;OK;;0;0;0;-;Disabled;TempOk;2;230;37.7;54.5;0;0;349.9;441345100 daimler 1500 1900;441345100 daimler 1500 1900;441345100 Daimler 1500 1900
20260403_22:59:05;29598;4;2;950;947;925;975;OK;950;957.6;925;975;OK;951.8;952.4;-15;-13.7;-50;-5;OK;-15;-20;-50;-5;OK;-18.8;-19.7;0;-15;-13.7;-50;-5;OK;300;345;300;500;OK;16.64;17.18;N/A;N/A;N/A;N/A;N/A;N/A;N/A;N/A;N/A;N/A;N/A;N/A;N/A;N/A;N/A;N/A;N/A;N/A;N/A;N/A;N/A;N/A;N/A;N/A;N/A;N/A;N/A;N/A;N/A;N/A;N/A;N/A;N/A;N/A;N/A;N/A;N/A;N/A;N/A;N/A;N/A;N/A;N/A;N/A;N/A;N/A;N/A;N/A;N/A;N/A;N/A;N/A;N/A;N/A;N/A;N/A;N/A;N/A;N/A;N/A;N/A;N/A;N/A;N/A;N/A;N/A;N/A;N/A;N/A;N/A;N/A;N/A;N/A;N/A;N/A;N/A;N/A;N/A;N/A;N/A;N/A;N/A;N/A;N/A;N/A;N/A;N/A;N/A;N/A;N/A;N/A;N/A;N/A;N/A;N/A;N/A;N/A;N/A;;0;326.4;0;0;;Disabled;TempStop;2;700;318.4;286.9;0;0;599.9;549.9;Enabled;PosOk;2;0;0;0;0;0;15;Disabled;0;0;0;0;0;0;0;0;0;0;0;0;0;0;0;0;0;0;0;0;0;0;0;0;0;0;0;0;0;0;0;0;0;0;0;0;0;0;0;0;0;0;0;0;0;0;0;0;0;0;0;0;0;0;0;0;0;0;0;0;0;0;0;0;0;0;0;0;0;0;30;33;20;45;30;30;20;45;30;33;20;45;30;30;20;45;200;140;100;300;200;138;100;300;200;140;100;300;200;139;100;300;30;32;20;45;30;30;20;45;30;32;20;45;30;30;20;45;200;144;100;300;200;143;100;300;200;200;100;300;200;201;100;300;4;2;0.4;6;4;5;0.4;6;4;2;0.4;6;4;5;0.4;6;4;2;0.4;6;4;5;0.4;6;4;2;0.4;6;4;5;0.4;6;NOK;NOK;OK;7000;7071;6500;8100;OK;4.99;0;8;12;NOK;N/A;1.5;N/A;N/A;N/A;9;11.8;7;18;OK;;0;0;0;-;Disabled;TempOk;2;230;37.7;55.1;0;0;349.9;441345100 daimler 1500 1900;441345100 daimler 1500 1900;441345100 Daimler 1500 1900
20260403_22:59:29;29599;1;4;950;945.9;925;975;OK;950;950.7;925;975;OK;950.7;950.6;-20;-17.1;-50;-25;NOK;-20;-17.1;-50;-25;NOK;-19.8;-20.3;0;-20;-16.9;-50;-25;NOK;300;336;300;500;OK;0;0;N/A;N/A;N/A;N/A;N/A;N/A;N/A;N/A;N/A;N/A;N/A;N/A;N/A;N/A;N/A;N/A;N/A;N/A;N/A;N/A;N/A;N/A;N/A;N/A;N/A;N/A;N/A;N/A;N/A;N/A;N/A;N/A;N/A;N/A;N/A;N/A;N/A;N/A;N/A;N/A;N/A;N/A;N/A;N/A;N/A;N/A;N/A;N/A;N/A;N/A;N/A;N/A;N/A;N/A;N/A;N/A;N/A;N/A;N/A;N/A;N/A;N/A;N/A;N/A;N/A;N/A;N/A;N/A;N/A;N/A;N/A;N/A;N/A;N/A;N/A;N/A;N/A;N/A;N/A;N/A;N/A;N/A;N/A;N/A;N/A;N/A;N/A;N/A;N/A;N/A;N/A;N/A;N/A;N/A;N/A;N/A;N/A;N/A;;0;323.9;0;0;;Disabled;TempStop;2;700;314.4;275.3;0;0;599.9;549.9;Enabled;PosOk;2;0;0;0;0;0;15;Disabled;0;0;0;0;0;0;0;0;0;0;0;0;0;0;0;0;0;0;0;0;0;0;0;0;0;0;0;0;0;0;0;0;0;0;0;0;0;0;0;0;0;0;0;0;0;0;0;0;0;0;0;0;0;0;0;0;0;0;0;0;0;0;0;0;0;0;0;0;59;3;30;33;20;45;30;29;20;45;30;33;20;45;30;29;20;45;200;140;100;300;200;138;100;300;200;140;100;300;200;139;100;300;30;32;20;45;30;29;20;45;30;31;20;45;30;29;20;45;200;145;100;300;200;143;100;300;200;200;100;300;200;202;100;300;4;2;0.4;6;4;5;0.4;6;4;2;0.4;6;4;5;0.4;6;4;2;0.4;6;4;5;0.4;6;4;3;0.4;6;4;5;0.4;6;NOK;NOK;OK;7000;7083;6500;8100;OK;5;0;8;12;NOK;N/A;1.5;N/A;N/A;N/A;9;12;7;18;OK;;0;0;0;-;Disabled;TempOk;2;230;38.4;44.2;0;0;349.9;441345100 daimler 1500 1900;441345100 daimler 1500 1900;441345100 Daimler 1500 1900
20260403_22:59:52;29600;2;3;950;949.3;925;975;OK;950;951.3;925;975;OK;951.2;949;-15;-16.3;-50;-20;NOK;-15;-18.1;-50;-20;NOK;-17.9;-18.2;0;-15;-16.3;-50;-20;NOK;300;345;300;500;OK;0;0;N/A;N/A;N/A;N/A;N/A;N/A;N/A;N/A;N/A;N/A;N/A;N/A;N/A;N/A;N/A;N/A;N/A;N/A;N/A;N/A;N/A;N/A;N/A;N/A;N/A;N/A;N/A;N/A;N/A;N/A;N/A;N/A;N/A;N/A;N/A;N/A;N/A;N/A;N/A;N/A;N/A;N/A;N/A;N/A;N/A;N/A;N/A;N/A;N/A;N/A;N/A;N/A;N/A;N/A;N/A;N/A;N/A;N/A;N/A;N/A;N/A;N/A;N/A;N/A;N/A;N/A;N/A;N/A;N/A;N/A;N/A;N/A;N/A;N/A;N/A;N/A;N/A;N/A;N/A;N/A;N/A;N/A;N/A;N/A;N/A;N/A;N/A;N/A;N/A;N/A;N/A;N/A;N/A;N/A;N/A;N/A;N/A;N/A;;0;324.8;0;0;;Disabled;TempStop;2;700;316.8;278.5;0;0;599.9;549.9;Enabled;PosOk;2;0;0;0;0;0;15;Disabled;0;0;0;0;0;0;0;0;0;0;0;0;0;0;0;0;0;0;0;0;0;0;0;0;0;0;0;0;0;0;0;0;0;0;0;0;0;0;0;0;0;0;0;0;0;0;0;0;0;0;0;0;0;0;0;0;0;0;0;0;0;0;0;0;0;0;0;0;0;0;30;32;20;45;30;29;20;45;30;32;20;45;30;29;20;45;200;140;100;300;200;139;100;300;200;139;100;300;200;139;100;300;30;31;20;45;30;29;20;45;30;30;20;45;30;29;20;45;200;144;100;300;200;143;100;300;200;200;100;300;200;201;100;300;4;2;0.4;6;4;5;0.4;6;4;2;0.4;6;4;5;0.4;6;4;2;0.4;6;4;5;0.4;6;4;3;0.4;6;4;5;0.4;6;NOK;NOK;OK;7000;7070;6500;8100;OK;4.99;0;8;12;NOK;N/A;1.5;N/A;N/A;N/A;9;11.8;7;18;OK;;0;0;0;-;Disabled;TempOk;2;230;37.7;54.1;0;0;349.9;441345100 daimler 1500 1900;441345100 daimler 1500 1900;441345100 Daimler 1500 1900
20260403_23:00:15;29601;3;4;950;948.1;925;975;OK;950;951.4;925;975;OK;951.3;951.2;-20;-15.1;-50;-25;NOK;-20;-15.7;-50;-25;NOK;-19.7;-19.2;0;-20;-15.1;-50;-25;NOK;300;337;300;500;OK;0;0;N/A;N/A;N/A;N/A;N/A;N/A;N/A;N/A;N/A;N/A;N/A;N/A;N/A;N/A;N/A;N/A;N/A;N/A;N/A;N/A;N/A;N/A;N/A;N/A;N/A;N/A;N/A;N/A;N/A;N/A;N/A;N/A;N/A;N/A;N/A;N/A;N/A;N/A;N/A;N/A;N/A;N/A;N/A;N/A;N/A;N/A;N/A;N/A;N/A;N/A;N/A;N/A;N/A;N/A;N/A;N/A;N/A;N/A;N/A;N/A;N/A;N/A;N/A;N/A;N/A;N/A;N/A;N/A;N/A;N/A;N/A;N/A;N/A;N/A;N/A;N/A;N/A;N/A;N/A;N/A;N/A;N/A;N/A;N/A;N/A;N/A;N/A;N/A;N/A;N/A;N/A;N/A;N/A;N/A;N/A;N/A;N/A;N/A;;0;322.7;0;0;;Disabled;TempStop;2;700;312.8;273.1;0;0;599.9;549.9;Enabled;PosOk;2;0;0;0;0;0;15;Disabled;0;0;0;0;0;0;0;0;0;0;0;0;0;0;0;0;0;0;0;0;0;0;0;0;0;0;0;0;0;0;0;0;0;0;0;0;0;0;0;0;0;0;0;0;0;0;0;0;0;0;0;0;0;0;0;0;0;0;0;0;0;0;0;0;0;0;0;0;0;0;30;32;20;45;30;29;20;45;30;32;20;45;30;29;20;45;200;141;100;300;200;138;100;300;200;139;100;300;200;139;100;300;30;31;20;45;30;29;20;45;30;30;20;45;30;29;20;45;200;144;100;300;200;143;100;300;200;200;100;300;200;202;100;300;4;2;0.4;6;4;5;0.4;6;4;2;0.4;6;4;5;0.4;6;4;2;0.4;6;4;5;0.4;6;4;3;0.4;6;4;5;0.4;6;NOK;NOK;OK;7000;7089;6500;8100;OK;5;0;8;12;NOK;N/A;1.5;N/A;N/A;N/A;9;11.9;7;18;OK;;0;0;0;-;Disabled;TempOk;2;230;37.4;56.1;0;0;349.9;441345100 daimler 1500 1900;441345100 daimler 1500 1900;441345100 Daimler 1500 1900
20260403_23:01:29;29602;4;3;950;949.2;925;975;OK;950;951.7;925;975;OK;951.7;951.5;-15;-15.9;-50;-5;OK;-15;-15.1;-50;-5;OK;-19.2;-19;0;-15;-15.8;-50;-5;OK;300;398;300;500;OK;16.8;17.4;N/A;N/A;N/A;N/A;N/A;N/A;N/A;N/A;N/A;N/A;N/A;N/A;N/A;N/A;N/A;N/A;N/A;N/A;N/A;N/A;N/A;N/A;N/A;N/A;N/A;N/A;N/A;N/A;N/A;N/A;N/A;N/A;N/A;N/A;N/A;N/A;N/A;N/A;N/A;N/A;N/A;N/A;N/A;N/A;N/A;N/A;N/A;N/A;N/A;N/A;N/A;N/A;N/A;N/A;N/A;N/A;N/A;N/A;N/A;N/A;N/A;N/A;N/A;N/A;N/A;N/A;N/A;N/A;N/A;N/A;N/A;N/A;N/A;N/A;N/A;N/A;N/A;N/A;N/A;N/A;N/A;N/A;N/A;N/A;N/A;N/A;N/A;N/A;N/A;N/A;N/A;N/A;N/A;N/A;N/A;N/A;N/A;N/A;;0;323.5;0;0;;Disabled;TempStop;2;700;314;284.1;0;0;599.9;549.9;Enabled;PosOk;2;0;0;0;0;0;15;Disabled;0;0;0;0;0;0;0;0;0;0;0;0;0;0;0;0;0;0;0;0;0;0;0;0;0;0;0;0;0;0;0;0;0;0;0;0;0;0;0;0;0;0;0;0;0;0;0;0;0;0;0;0;0;0;0;0;0;0;0;0;0;0;0;0;0;0;0;0;0;0;30;30;20;45;30;30;20;45;30;30;20;45;30;30;20;45;200;140;100;300;200;138;100;300;200;139;100;300;200;139;100;300;30;30;20;45;30;30;20;45;30;30;20;45;30;30;20;45;200;144;100;300;200;142;100;300;200;200;100;300;200;201;100;300;4;2;0.4;6;4;5;0.4;6;4;2;0.4;6;4;5;0.4;6;4;3;0.4;6;4;5;0.4;6;4;3;0.4;6;4;5;0.4;6;NOK;NOK;OK;7000;7088;6500;8100;OK;4.99;0;8;12;NOK;N/A;1.5;N/A;N/A;N/A;9;11.7;7;18;OK;;0;0;0;-;Disabled;TempOk;2;230;38.7;49.2;0;0;349.9;441345100 daimler 1500 1900;441345100 daimler 1500 1900;441345100 Daimler 1500 1900
20260403_23:01:47;29603;3;5;950;948.5;925;975;OK;950;951.3;925;975;OK;952.5;951.2;-20;-18.7;-50;-25;NOK;-20;-16.3;-50;-25;NOK;-20;-19.8;0;-20;-18.7;-50;-25;NOK;300;384;300;500;OK;0;0;N/A;N/A;N/A;N/A;N/A;N/A;N/A;N/A;N/A;N/A;N/A;N/A;N/A;N/A;N/A;N/A;N/A;N/A;N/A;N/A;N/A;N/A;N/A;N/A;N/A;N/A;N/A;N/A;N/A;N/A;N/A;N/A;N/A;N/A;N/A;N/A;N/A;N/A;N/A;N/A;N/A;N/A;N/A;N/A;N/A;N/A;N/A;N/A;N/A;N/A;N/A;N/A;N/A;N/A;N/A;N/A;N/A;N/A;N/A;N/A;N/A;N/A;N/A;N/A;N/A;N/A;N/A;N/A;N/A;N/A;N/A;N/A;N/A;N/A;N/A;N/A;N/A;N/A;N/A;N/A;N/A;N/A;N/A;N/A;N/A;N/A;N/A;N/A;N/A;N/A;N/A;N/A;N/A;N/A;N/A;N/A;N/A;N/A;;0;323.9;0;0;;Disabled;TempStop;2;700;314.9;275.2;0;0;599.9;549.9;Enabled;PosOk;2;0;0;0;0;0;15;Disabled;0;0;0;0;0;0;0;0;0;0;0;0;0;0;0;0;0;0;0;0;0;0;0;0;0;0;0;0;0;0;0;0;0;0;0;0;0;0;0;0;0;0;0;0;0;0;0;0;0;0;0;0;0;0;0;0;0;0;0;0;0;0;0;0;0;0;0;0;0;0;30;31;20;45;30;30;20;45;30;31;20;45;30;30;20;45;200;140;100;300;200;138;100;300;200;138;100;300;200;139;100;300;30;31;20;45;30;30;20;45;30;31;20;45;30;30;20;45;200;144;100;300;200;143;100;300;200;200;100;300;200;201;100;300;4;2;0.4;6;4;5;0.4;6;4;2;0.4;6;4;5;0.4;6;4;2;0.4;6;4;5;0.4;6;4;3;0.4;6;4;5;0.4;6;NOK;NOK;OK;7000;7082;6500;8100;OK;4.99;0;8;12;NOK;N/A;1.5;N/A;N/A;N/A;9;11.8;7;18;OK;;0;0;0;-;Disabled;TempOk;2;230;41.2;136.9;0;0;349.9;441345100 daimler 1500 1900;441345100 daimler 1500 1900;441345100 Daimler 1500 1900
20260403_23:02:05;29604;2;4;950;946.9;925;975;OK;950;951.6;925;975;OK;951.5;949.7;-15;-21.1;-50;-20;OK;-15;-19.7;-50;-20;NOK;-20.6;-20.5;0;-15;-21.1;-50;-20;OK;300;388;300;500;OK;0;0;N/A;N/A;N/A;N/A;N/A;N/A;N/A;N/A;N/A;N/A;N/A;N/A;N/A;N/A;N/A;N/A;N/A;N/A;N/A;N/A;N/A;N/A;N/A;N/A;N/A;N/A;N/A;N/A;N/A;N/A;N/A;N/A;N/A;N/A;N/A;N/A;N/A;N/A;N/A;N/A;N/A;N/A;N/A;N/A;N/A;N/A;N/A;N/A;N/A;N/A;N/A;N/A;N/A;N/A;N/A;N/A;N/A;N/A;N/A;N/A;N/A;N/A;N/A;N/A;N/A;N/A;N/A;N/A;N/A;N/A;N/A;N/A;N/A;N/A;N/A;N/A;N/A;N/A;N/A;N/A;N/A;N/A;N/A;N/A;N/A;N/A;N/A;N/A;N/A;N/A;N/A;N/A;N/A;N/A;N/A;N/A;N/A;N/A;;0;325.2;0;0;;Disabled;TempStop;2;700;316.4;279.3;0;0;599.9;549.9;Enabled;PosOk;2;0;0;0;0;0;15;Disabled;0;0;0;0;0;0;0;0;0;0;0;0;0;0;0;0;0;0;0;0;0;0;0;0;0;0;0;0;0;0;0;0;0;0;0;0;0;0;0;0;0;0;0;0;0;0;0;0;0;0;0;0;0;0;0;0;0;0;0;0;0;0;0;0;0;0;0;0;0;0;30;32;20;45;30;30;20;45;30;32;20;45;30;30;20;45;200;141;100;300;200;138;100;300;200;139;100;300;200;139;100;300;30;32;20;45;30;30;20;45;30;31;20;45;30;30;20;45;200;144;100;300;200;143;100;300;200;200;100;300;200;201;100;300;4;2;0.4;6;4;5;0.4;6;4;2;0.4;6;4;5;0.4;6;4;2;0.4;6;4;5;0.4;6;4;3;0.4;6;4;5;0.4;6;NOK;NOK;OK;7000;7072;6500;8100;OK;4.99;0;8;12;NOK;N/A;1.5;N/A;N/A;N/A;9;11.9;7;18;OK;;0;0;0;-;Disabled;TempOk;2;230;37.7;59.6;0;0;349.9;441345100 daimler 1500 1900;441345100 daimler 1500 1900;441345100 Daimler 1500 1900
20260403_23:02:23;29605;3;1;950;940;925;975;OK;950;951.3;925;975;OK;951.3;951.3;-20;-17.3;-50;-25;NOK;-20;-17;-50;-25;NOK;-14.7;-15.3;0;-20;-17.4;-50;-25;NOK;300;347;300;500;OK;0;0;N/A;N/A;N/A;N/A;N/A;N/A;N/A;N/A;N/A;N/A;N/A;N/A;N/A;N/A;N/A;N/A;N/A;N/A;N/A;N/A;N/A;N/A;N/A;N/A;N/A;N/A;N/A;N/A;N/A;N/A;N/A;N/A;N/A;N/A;N/A;N/A;N/A;N/A;N/A;N/A;N/A;N/A;N/A;N/A;N/A;N/A;N/A;N/A;N/A;N/A;N/A;N/A;N/A;N/A;N/A;N/A;N/A;N/A;N/A;N/A;N/A;N/A;N/A;N/A;N/A;N/A;N/A;N/A;N/A;N/A;N/A;N/A;N/A;N/A;N/A;N/A;N/A;N/A;N/A;N/A;N/A;N/A;N/A;N/A;N/A;N/A;N/A;N/A;N/A;N/A;N/A;N/A;N/A;N/A;N/A;N/A;N/A;N/A;;0;324.8;0;0;;Disabled;TempStop;2;700;316;275.2;0;0;599.9;549.9;Enabled;PosOk;2;0;0;0;0;0;15;Disabled;0;0;0;0;0;0;0;0;0;0;0;0;0;0;0;0;0;0;0;0;0;0;0;0;0;0;0;0;0;0;0;0;0;0;0;0;0;0;0;0;0;0;0;0;0;0;0;0;0;0;0;0;0;0;0;0;0;0;0;0;0;0;0;0;0;0;0;0;0;0;30;33;20;45;30;30;20;45;30;33;20;45;30;30;20;45;200;140;100;300;200;138;100;300;200;139;100;300;200;139;100;300;30;32;20;45;30;30;20;45;30;32;20;45;30;30;20;45;200;144;100;300;200;142;100;300;200;200;100;300;200;202;100;300;4;2;0.4;6;4;5;0.4;6;4;2;0.4;6;4;5;0.4;6;4;2;0.4;6;4;5;0.4;6;4;3;0.4;6;4;5;0.4;6;NOK;NOK;OK;7000;7080;6500;8100;OK;5;0;8;12;NOK;N/A;1.5;N/A;N/A;N/A;9;12.5;7;18;OK;;0;0;0;-;Disabled;TempOk;2;230;39.9;135.9;0;0;349.9;441345100 daimler 1500 1900;441345100 daimler 1500 1900;441345100 Daimler 1500 1900
20260403_23:02:41;29606;2;1;950;939;925;975;OK;950;952.2;925;975;OK;951.1;951.4;-15;-16.3;-50;-20;NOK;-15;-15.8;-50;-20;NOK;-15.2;-15.4;0;-15;-16.4;-50;-20;NOK;300;342;300;500;OK;0;0;N/A;N/A;N/A;N/A;N/A;N/A;N/A;N/A;N/A;N/A;N/A;N/A;N/A;N/A;N/A;N/A;N/A;N/A;N/A;N/A;N/A;N/A;N/A;N/A;N/A;N/A;N/A;N/A;N/A;N/A;N/A;N/A;N/A;N/A;N/A;N/A;N/A;N/A;N/A;N/A;N/A;N/A;N/A;N/A;N/A;N/A;N/A;N/A;N/A;N/A;N/A;N/A;N/A;N/A;N/A;N/A;N/A;N/A;N/A;N/A;N/A;N/A;N/A;N/A;N/A;N/A;N/A;N/A;N/A;N/A;N/A;N/A;N/A;N/A;N/A;N/A;N/A;N/A;N/A;N/A;N/A;N/A;N/A;N/A;N/A;N/A;N/A;N/A;N/A;N/A;N/A;N/A;N/A;N/A;N/A;N/A;N/A;N/A;;0;324.5;0;0;;Disabled;TempStop;2;700;316.4;276.1;0;0;599.9;549.9;Enabled;PosOk;2;0;0;0;0;0;15;Disabled;0;0;0;0;0;0;0;0;0;0;0;0;0;0;0;0;0;0;0;0;0;0;0;0;0;0;0;0;0;0;0;0;0;0;0;0;0;0;0;0;0;0;0;0;0;0;0;0;0;0;0;0;0;0;0;0;0;0;0;0;0;0;0;0;0;0;0;0;0;0;30;33;20;45;30;30;20;45;30;33;20;45;30;30;20;45;200;140;100;300;200;138;100;300;200;139;100;300;200;139;100;300;30;33;20;45;30;30;20;45;30;32;20;45;30;30;20;45;200;144;100;300;200;143;100;300;200;200;100;300;200;202;100;300;4;2;0.4;6;4;5;0.4;6;4;2;0.4;6;4;5;0.4;6;4;2;0.4;6;4;5;0.4;6;4;3;0.4;6;4;5;0.4;6;NOK;NOK;OK;7000;7077;6500;8100;OK;5;0;8;12;NOK;N/A;1.5;N/A;N/A;N/A;9;12.4;7;18;OK;;0;0;0;-;Disabled;TempOk;2;230;38.7;103.7;0;0;349.9;441345100 daimler 1500 1900;441345100 daimler 1500 1900;441345100 Daimler 1500 1900
20260403_23:02:59;29607;3;2;950;940;925;975;OK;950;951.8;925;975;OK;951.6;951.5;-20;-19.2;-50;-25;NOK;-20;-18.5;-50;-25;NOK;-16.3;-16.8;0;-20;-19.3;-50;-25;NOK;300;336;300;500;OK;0;0;N/A;N/A;N/A;N/A;N/A;N/A;N/A;N/A;N/A;N/A;N/A;N/A;N/A;N/A;N/A;N/A;N/A;N/A;N/A;N/A;N/A;N/A;N/A;N/A;N/A;N/A;N/A;N/A;N/A;N/A;N/A;N/A;N/A;N/A;N/A;N/A;N/A;N/A;N/A;N/A;N/A;N/A;N/A;N/A;N/A;N/A;N/A;N/A;N/A;N/A;N/A;N/A;N/A;N/A;N/A;N/A;N/A;N/A;N/A;N/A;N/A;N/A;N/A;N/A;N/A;N/A;N/A;N/A;N/A;N/A;N/A;N/A;N/A;N/A;N/A;N/A;N/A;N/A;N/A;N/A;N/A;N/A;N/A;N/A;N/A;N/A;N/A;N/A;N/A;N/A;N/A;N/A;N/A;N/A;N/A;N/A;N/A;N/A;;0;324.1;0;0;;Disabled;TempStop;2;700;317;280.3;0;0;599.9;549.9;Enabled;PosOk;2;0;0;0;0;0;15;Disabled;0;0;0;0;0;0;0;0;0;0;0;0;0;0;0;0;0;0;0;0;0;0;0;0;0;0;0;0;0;0;0;0;0;0;0;0;0;0;0;0;0;0;0;0;0;0;0;0;0;0;0;0;0;0;0;0;0;0;0;0;0;0;0;0;0;0;0;0;0;0;30;33;20;45;30;30;20;45;30;33;20;45;30;30;20;45;200;140;100;300;200;139;100;300;200;139;100;300;200;139;100;300;30;33;20;45;30;30;20;45;30;32;20;45;30;30;20;45;200;144;100;300;200;143;100;300;200;201;100;300;200;201;100;300;4;2;0.4;6;4;5;0.4;6;4;2;0.4;6;4;5;0.4;6;4;2;0.4;6;4;5;0.4;6;4;2;0.4;6;4;5;0.4;6;NOK;NOK;OK;7000;7077;6500;8100;OK;5;0;8;12;NOK;N/A;1.5;N/A;N/A;N/A;9;11.7;7;18;OK;;0;0;0;-;Disabled;TempOk;2;230;40.4;51.7;0;0;349.9;441345100 daimler 1500 1900;441345100 daimler 1500 1900;441345100 Daimler 1500 1900
20260403_23:03:17;29608;4;1;950;946;925;975;OK;950;950.8;925;975;OK;951.2;951.3;-15;-15;-50;-5;OK;-15;-14.2;-50;-5;OK;-14.3;-14;0;-15;-14.8;-50;-5;OK;300;331;300;500;OK;17.06;17.54;N/A;N/A;N/A;N/A;N/A;N/A;N/A;N/A;N/A;N/A;N/A;N/A;N/A;N/A;N/A;N/A;N/A;N/A;N/A;N/A;N/A;N/A;N/A;N/A;N/A;N/A;N/A;N/A;N/A;N/A;N/A;N/A;N/A;N/A;N/A;N/A;N/A;N/A;N/A;N/A;N/A;N/A;N/A;N/A;N/A;N/A;N/A;N/A;N/A;N/A;N/A;N/A;N/A;N/A;N/A;N/A;N/A;N/A;N/A;N/A;N/A;N/A;N/A;N/A;N/A;N/A;N/A;N/A;N/A;N/A;N/A;N/A;N/A;N/A;N/A;N/A;N/A;N/A;N/A;N/A;N/A;N/A;N/A;N/A;N/A;N/A;N/A;N/A;N/A;N/A;N/A;N/A;N/A;N/A;N/A;N/A;N/A;N/A;;0;326;0;0;;Disabled;TempStop;2;700;320;280.3;0;0;599.9;549.9;Enabled;PosOk;2;0;0;0;0;0;15;Disabled;0;0;0;0;0;0;0;0;0;0;0;0;0;0;0;0;0;0;0;0;0;0;0;0;0;0;0;0;0;0;0;0;0;0;0;0;0;0;0;0;0;0;0;0;0;0;0;0;0;0;0;0;0;0;0;0;0;0;0;0;0;0;0;0;0;0;0;0;0;0;30;33;20;45;30;29;20;45;30;33;20;45;30;29;20;45;200;140;100;300;200;138;100;300;200;139;100;300;200;139;100;300;30;32;20;45;30;29;20;45;30;32;20;45;30;30;20;45;200;144;100;300;200;143;100;300;200;200;100;300;200;202;100;300;4;2;0.4;6;4;5;0.4;6;4;2;0.4;6;4;5;0.4;6;4;3;0.4;6;4;5;0.4;6;4;2;0.4;6;4;5;0.4;6;NOK;NOK;OK;7000;7081;6500;8100;OK;5;0;8;12;NOK;N/A;1.5;N/A;N/A;N/A;9;11.8;7;18;OK;;0;0;0;-;Disabled;TempOk;2;230;39.3;112.1;0;0;349.9;441345100 daimler 1500 1900;441345100 daimler 1500 1900;441345100 Daimler 1500 1900
20260403_23:03:35;29609;1;3;950;939.9;925;975;OK;950;952.7;925;975;OK;953;952.8;-20;-20.9;-50;-25;NOK;-20;-20.2;-50;-25;NOK;-19.8;-20;0;-20;-20.9;-50;-25;NOK;300;326;300;500;OK;0;0;N/A;N/A;N/A;N/A;N/A;N/A;N/A;N/A;N/A;N/A;N/A;N/A;N/A;N/A;N/A;N/A;N/A;N/A;N/A;N/A;N/A;N/A;N/A;N/A;N/A;N/A;N/A;N/A;N/A;N/A;N/A;N/A;N/A;N/A;N/A;N/A;N/A;N/A;N/A;N/A;N/A;N/A;N/A;N/A;N/A;N/A;N/A;N/A;N/A;N/A;N/A;N/A;N/A;N/A;N/A;N/A;N/A;N/A;N/A;N/A;N/A;N/A;N/A;N/A;N/A;N/A;N/A;N/A;N/A;N/A;N/A;N/A;N/A;N/A;N/A;N/A;N/A;N/A;N/A;N/A;N/A;N/A;N/A;N/A;N/A;N/A;N/A;N/A;N/A;N/A;N/A;N/A;N/A;N/A;N/A;N/A;N/A;N/A;;0;323.1;0;0;;Disabled;TempStop;2;700;312.7;271.9;0;0;599.9;549.9;Enabled;PosOk;2;0;0;0;0;0;15;Disabled;0;0;0;0;0;0;0;0;0;0;0;0;0;0;0;0;0;0;0;0;0;0;0;0;0;0;0;0;0;0;0;0;0;0;0;0;0;0;0;0;0;0;0;0;0;0;0;0;0;0;0;0;0;0;0;0;0;0;0;0;0;0;0;0;0;0;0;0;0;0;30;33;20;45;30;29;20;45;30;33;20;45;30;29;20;45;200;140;100;300;200;138;100;300;200;140;100;300;200;139;100;300;30;32;20;45;30;29;20;45;30;31;20;45;30;29;20;45;200;144;100;300;200;143;100;300;200;200;100;300;200;202;100;300;4;2;0.4;6;4;5;0.4;6;4;2;0.4;6;4;5;0.4;6;4;2;0.4;6;4;5;0.4;6;4;2;0.4;6;4;5;0.4;6;NOK;NOK;OK;7000;7092;6500;8100;OK;5;0;8;12;NOK;N/A;1.5;N/A;N/A;N/A;9;11.9;7;18;OK;;0;0;0;-;Disabled;TempOk;2;230;39.9;57.2;0;0;349.9;441345100 daimler 1500 1900;441345100 daimler 1500 1900;441345100 Daimler 1500 1900
20260403_23:03:53;29610;2;2;950;938.6;925;975;OK;950;951.4;925;975;OK;951.4;950.5;-15;-18.9;-50;-20;NOK;-15;-18.8;-50;-20;NOK;-18.2;-18.4;0;-15;-18.9;-50;-20;NOK;300;321;300;500;OK;0;0;N/A;N/A;N/A;N/A;N/A;N/A;N/A;N/A;N/A;N/A;N/A;N/A;N/A;N/A;N/A;N/A;N/A;N/A;N/A;N/A;N/A;N/A;N/A;N/A;N/A;N/A;N/A;N/A;N/A;N/A;N/A;N/A;N/A;N/A;N/A;N/A;N/A;N/A;N/A;N/A;N/A;N/A;N/A;N/A;N/A;N/A;N/A;N/A;N/A;N/A;N/A;N/A;N/A;N/A;N/A;N/A;N/A;N/A;N/A;N/A;N/A;N/A;N/A;N/A;N/A;N/A;N/A;N/A;N/A;N/A;N/A;N/A;N/A;N/A;N/A;N/A;N/A;N/A;N/A;N/A;N/A;N/A;N/A;N/A;N/A;N/A;N/A;N/A;N/A;N/A;N/A;N/A;N/A;N/A;N/A;N/A;N/A;N/A;;0;325.8;0;0;;Disabled;TempStop;2;700;317;284.4;0;0;599.9;549.9;Enabled;PosOk;2;0;0;0;0;0;15;Disabled;0;0;0;0;0;0;0;0;0;0;0;0;0;0;0;0;0;0;0;0;0;0;0;0;0;0;0;0;0;0;0;0;0;0;0;0;0;0;0;0;0;0;0;0;0;0;0;0;0;0;0;0;0;0;0;0;0;0;0;0;0;0;0;0;0;0;0;0;0;0;30;33;20;45;30;29;20;45;30;33;20;45;30;29;20;45;200;140;100;300;200;138;100;300;200;139;100;300;200;139;100;300;30;32;20;45;30;29;20;45;30;31;20;45;30;29;20;45;200;144;100;300;200;143;100;300;200;201;100;300;200;202;100;300;4;2;0.4;6;4;5;0.4;6;4;2;0.4;6;4;5;0.4;6;4;2;0.4;6;4;5;0.4;6;4;3;0.4;6;4;5;0.4;6;NOK;NOK;OK;7000;7083;6500;8100;OK;5;0;8;12;NOK;N/A;1.5;N/A;N/A;N/A;9;11.8;7;18;OK;;0;0;0;-;Disabled;TempOk;2;230;39.5;134.1;0;0;349.9;441345100 daimler 1500 1900;441345100 daimler 1500 1900;441345100 Daimler 1500 1900
20260403_23:04:11;29611;3;3;950;939.7;925;975;OK;950;951.2;925;975;OK;951.5;951.3;-20;-17.3;-50;-25;NOK;-20;-17.2;-50;-25;NOK;-16.6;-16.8;0;-20;-17.2;-50;-25;NOK;300;316;300;500;OK;0;0;N/A;N/A;N/A;N/A;N/A;N/A;N/A;N/A;N/A;N/A;N/A;N/A;N/A;N/A;N/A;N/A;N/A;N/A;N/A;N/A;N/A;N/A;N/A;N/A;N/A;N/A;N/A;N/A;N/A;N/A;N/A;N/A;N/A;N/A;N/A;N/A;N/A;N/A;N/A;N/A;N/A;N/A;N/A;N/A;N/A;N/A;N/A;N/A;N/A;N/A;N/A;N/A;N/A;N/A;N/A;N/A;N/A;N/A;N/A;N/A;N/A;N/A;N/A;N/A;N/A;N/A;N/A;N/A;N/A;N/A;N/A;N/A;N/A;N/A;N/A;N/A;N/A;N/A;N/A;N/A;N/A;N/A;N/A;N/A;N/A;N/A;N/A;N/A;N/A;N/A;N/A;N/A;N/A;N/A;N/A;N/A;N/A;N/A;;0;323.6;0;0;;Disabled;TempStop;2;700;317.7;278.7;0;0;599.9;549.9;Enabled;PosOk;2;0;0;0;0;0;15;Disabled;0;0;0;0;0;0;0;0;0;0;0;0;0;0;0;0;0;0;0;0;0;0;0;0;0;0;0;0;0;0;0;0;0;0;0;0;0;0;0;0;0;0;0;0;0;0;0;0;0;0;0;0;0;0;0;0;0;0;0;0;0;0;0;0;0;0;0;0;0;0;30;33;20;45;30;30;20;45;30;33;20;45;30;30;20;45;200;141;100;300;200;139;100;300;200;139;100;300;200;140;100;300;30;32;20;45;30;29;20;45;30;32;20;45;30;30;20;45;200;144;100;300;200;142;100;300;200;201;100;300;200;201;100;300;4;2;0.4;6;4;5;0.4;6;4;2;0.4;6;4;5;0.4;6;4;2;0.4;6;4;5;0.4;6;4;2;0.4;6;4;5;0.4;6;NOK;NOK;OK;7000;7085;6500;8100;OK;5;0;8;12;NOK;N/A;1.5;N/A;N/A;N/A;9;12.4;7;18;OK;;0;0;0;-;Disabled;TempOk;2;230;39.1;119;0;0;349.9;441345100 daimler 1500 1900;441345100 daimler 1500 1900;441345100 Daimler 1500 1900
20260403_23:04:29;29612;4;2;950;946.8;925;975;OK;950;956.2;925;975;OK;956.4;956.3;-15;-19.2;-50;-5;OK;-15;-14.4;-50;-5;OK;-15.3;-15;0;-15;-19;-50;-5;OK;300;311;300;500;OK;17.2;17.65;N/A;N/A;N/A;N/A;N/A;N/A;N/A;N/A;N/A;N/A;N/A;N/A;N/A;N/A;N/A;N/A;N/A;N/A;N/A;N/A;N/A;N/A;N/A;N/A;N/A;N/A;N/A;N/A;N/A;N/A;N/A;N/A;N/A;N/A;N/A;N/A;N/A;N/A;N/A;N/A;N/A;N/A;N/A;N/A;N/A;N/A;N/A;N/A;N/A;N/A;N/A;N/A;N/A;N/A;N/A;N/A;N/A;N/A;N/A;N/A;N/A;N/A;N/A;N/A;N/A;N/A;N/A;N/A;N/A;N/A;N/A;N/A;N/A;N/A;N/A;N/A;N/A;N/A;N/A;N/A;N/A;N/A;N/A;N/A;N/A;N/A;N/A;N/A;N/A;N/A;N/A;N/A;N/A;N/A;N/A;N/A;N/A;N/A;;0;325.9;0;0;;Disabled;TempStop;2;700;318.1;283.1;0;0;599.9;549.9;Enabled;PosOk;2;0;0;0;0;0;15;Disabled;0;0;0;0;0;0;0;0;0;0;0;0;0;0;0;0;0;0;0;0;0;0;0;0;0;0;0;0;0;0;0;0;0;0;0;0;0;0;0;0;0;0;0;0;0;0;0;0;0;0;0;0;0;0;0;0;0;0;0;0;0;0;0;0;0;0;0;0;0;0;30;33;20;45;30;30;20;45;30;33;20;45;30;30;20;45;200;140;100;300;200;138;100;300;200;140;100;300;200;139;100;300;30;32;20;45;30;30;20;45;30;32;20;45;30;30;20;45;200;144;100;300;200;143;100;300;200;201;100;300;200;202;100;300;4;2;0.4;6;4;5;0.4;6;4;2;0.4;6;4;5;0.4;6;4;2;0.4;6;4;5;0.4;6;4;3;0.4;6;4;5;0.4;6;NOK;NOK;OK;7000;7077;6500;8100;OK;5;0;8;12;NOK;N/A;1.5;N/A;N/A;N/A;9;11.7;7;18;OK;;0;0;0;-;Disabled;TempOk;2;230;38.7;58.8;0;0;349.9;441345100 daimler 1500 1900;441345100 daimler 1500 1900;441345100 Daimler 1500 1900
20260403_23:05:23;29613;1;4;950;939.9;925;975;OK;950;950.9;925;975;OK;950.6;950.7;-20;-16.5;-50;-25;NOK;-20;-16.3;-50;-25;NOK;-19.1;-19.4;0;-20;-16.5;-50;-25;NOK;300;342;300;500;OK;0;0;N/A;N/A;N/A;N/A;N/A;N/A;N/A;N/A;N/A;N/A;N/A;N/A;N/A;N/A;N/A;N/A;N/A;N/A;N/A;N/A;N/A;N/A;N/A;N/A;N/A;N/A;N/A;N/A;N/A;N/A;N/A;N/A;N/A;N/A;N/A;N/A;N/A;N/A;N/A;N/A;N/A;N/A;N/A;N/A;N/A;N/A;N/A;N/A;N/A;N/A;N/A;N/A;N/A;N/A;N/A;N/A;N/A;N/A;N/A;N/A;N/A;N/A;N/A;N/A;N/A;N/A;N/A;N/A;N/A;N/A;N/A;N/A;N/A;N/A;N/A;N/A;N/A;N/A;N/A;N/A;N/A;N/A;N/A;N/A;N/A;N/A;N/A;N/A;N/A;N/A;N/A;N/A;N/A;N/A;N/A;N/A;N/A;N/A;;0;325.6;0;0;;Disabled;TempStop;2;700;317.9;288.9;0;0;599.9;549.9;Enabled;PosOk;2;0;0;0;0;0;15;Disabled;0;0;0;0;0;0;0;0;0;0;0;0;0;0;0;0;0;0;0;0;0;0;0;0;0;0;0;0;0;0;0;0;0;0;0;0;0;0;0;0;0;0;0;0;0;0;0;0;0;0;0;0;0;0;0;0;0;0;0;0;0;0;0;0;0;0;0;0;4;57;30;31;20;45;30;30;20;45;30;31;20;45;30;29;20;45;200;140;100;300;200;138;100;300;200;139;100;300;200;139;100;300;30;31;20;45;30;30;20;45;30;30;20;45;30;30;20;45;200;144;100;300;200;143;100;300;200;200;100;300;200;201;100;300;4;3;0.4;6;4;5;0.4;6;4;2;0.4;6;4;5;0.4;6;4;3;0.4;6;4;6;0.4;6;4;2;0.4;6;4;5;0.4;6;NOK;NOK;OK;7000;7067;6500;8100;OK;4.99;0;8;12;NOK;N/A;1.5;N/A;N/A;N/A;9;11.9;7;18;OK;;0;0;0;-;Disabled;TempOk;2;230;40.4;119.2;0;0;349.9;441345100 daimler 1500 1900;441345100 daimler 1500 1900;441345100 Daimler 1500 1900
20260403_23:05:41;29614;2;3;950;940.1;925;975;OK;950;951.9;925;975;OK;949.2;952.4;-15;-18;-50;-20;NOK;-15;-17.4;-50;-20;NOK;-17.8;-17.9;0;-15;-17.9;-50;-20;NOK;300;337;300;500;OK;0;0;N/A;N/A;N/A;N/A;N/A;N/A;N/A;N/A;N/A;N/A;N/A;N/A;N/A;N/A;N/A;N/A;N/A;N/A;N/A;N/A;N/A;N/A;N/A;N/A;N/A;N/A;N/A;N/A;N/A;N/A;N/A;N/A;N/A;N/A;N/A;N/A;N/A;N/A;N/A;N/A;N/A;N/A;N/A;N/A;N/A;N/A;N/A;N/A;N/A;N/A;N/A;N/A;N/A;N/A;N/A;N/A;N/A;N/A;N/A;N/A;N/A;N/A;N/A;N/A;N/A;N/A;N/A;N/A;N/A;N/A;N/A;N/A;N/A;N/A;N/A;N/A;N/A;N/A;N/A;N/A;N/A;N/A;N/A;N/A;N/A;N/A;N/A;N/A;N/A;N/A;N/A;N/A;N/A;N/A;N/A;N/A;N/A;N/A;;0;326.9;0;0;;Disabled;TempStop;2;700;319.9;282.1;0;0;599.9;549.9;Enabled;PosOk;2;0;0;0;0;0;15;Disabled;0;0;0;0;0;0;0;0;0;0;0;0;0;0;0;0;0;0;0;0;0;0;0;0;0;0;0;0;0;0;0;0;0;0;0;0;0;0;0;0;0;0;0;0;0;0;0;0;0;0;0;0;0;0;0;0;0;0;0;0;0;0;0;0;0;0;0;0;0;0;30;32;20;45;30;30;20;45;30;32;20;45;30;30;20;45;200;141;100;300;200;138;100;300;200;139;100;300;200;139;100;300;30;31;20;45;30;30;20;45;30;31;20;45;30;30;20;45;200;144;100;300;200;143;100;300;200;200;100;300;200;201;100;300;4;2;0.4;6;4;5;0.4;6;4;2;0.4;6;4;5;0.4;6;4;2;0.4;6;4;5;0.4;6;4;3;0.4;6;4;5;0.4;6;NOK;NOK;OK;7000;7076;6500;8100;OK;5;0;8;12;NOK;N/A;1.5;N/A;N/A;N/A;9;11.8;7;18;OK;;0;0;0;-;Disabled;TempOk;2;230;38.2;53.1;0;0;349.9;441345100 daimler 1500 1900;441345100 daimler 1500 1900;441345100 Daimler 1500 1900
20260403_23:05:58;29615;3;4;950;940.3;925;975;OK;950;951.3;925;975;OK;951.1;951.4;-20;-15.1;-50;-25;NOK;-20;-14.7;-50;-25;NOK;-18.8;-18.5;0;-20;-15.1;-50;-25;NOK;300;331;300;500;OK;0;0;N/A;N/A;N/A;N/A;N/A;N/A;N/A;N/A;N/A;N/A;N/A;N/A;N/A;N/A;N/A;N/A;N/A;N/A;N/A;N/A;N/A;N/A;N/A;N/A;N/A;N/A;N/A;N/A;N/A;N/A;N/A;N/A;N/A;N/A;N/A;N/A;N/A;N/A;N/A;N/A;N/A;N/A;N/A;N/A;N/A;N/A;N/A;N/A;N/A;N/A;N/A;N/A;N/A;N/A;N/A;N/A;N/A;N/A;N/A;N/A;N/A;N/A;N/A;N/A;N/A;N/A;N/A;N/A;N/A;N/A;N/A;N/A;N/A;N/A;N/A;N/A;N/A;N/A;N/A;N/A;N/A;N/A;N/A;N/A;N/A;N/A;N/A;N/A;N/A;N/A;N/A;N/A;N/A;N/A;N/A;N/A;N/A;N/A;;0;323;0;0;;Disabled;TempStop;2;700;313.6;273.8;0;0;599.9;549.9;Enabled;PosOk;2;0;0;0;0;0;15;Disabled;0;0;0;0;0;0;0;0;0;0;0;0;0;0;0;0;0;0;0;0;0;0;0;0;0;0;0;0;0;0;0;0;0;0;0;0;0;0;0;0;0;0;0;0;0;0;0;0;0;0;0;0;0;0;0;0;0;0;0;0;0;0;0;0;0;0;0;0;0;0;30;32;20;45;30;30;20;45;30;32;20;45;30;30;20;45;200;140;100;300;200;138;100;300;200;139;100;300;200;139;100;300;30;32;20;45;30;30;20;45;30;32;20;45;30;30;20;45;200;144;100;300;200;143;100;300;200;201;100;300;200;202;100;300;4;2;0.4;6;4;5;0.4;6;4;2;0.4;6;4;5;0.4;6;4;2;0.4;6;4;5;0.4;6;4;3;0.4;6;4;5;0.4;6;NOK;NOK;OK;7000;7078;6500;8100;OK;5;0;8;12;NOK;N/A;1.5;N/A;N/A;N/A;9;11.8;7;18;OK;;0;0;0;-;Disabled;TempOk;2;230;39.9;129.6;0;0;349.9;441345100 daimler 1500 1900;441345100 daimler 1500 1900;441345100 Daimler 1500 1900
20260403_23:06:52;29616;4;3;950;940.5;925;975;OK;950;951.6;925;975;OK;951.6;951.6;-15;-15.6;-50;-5;OK;-15;-13.3;-50;-5;OK;-12.8;-12;0;-15;-15.7;-50;-5;OK;300;311;300;500;OK;17.41;17.82;N/A;N/A;N/A;N/A;N/A;N/A;N/A;N/A;N/A;N/A;N/A;N/A;N/A;N/A;N/A;N/A;N/A;N/A;N/A;N/A;N/A;N/A;N/A;N/A;N/A;N/A;N/A;N/A;N/A;N/A;N/A;N/A;N/A;N/A;N/A;N/A;N/A;N/A;N/A;N/A;N/A;N/A;N/A;N/A;N/A;N/A;N/A;N/A;N/A;N/A;N/A;N/A;N/A;N/A;N/A;N/A;N/A;N/A;N/A;N/A;N/A;N/A;N/A;N/A;N/A;N/A;N/A;N/A;N/A;N/A;N/A;N/A;N/A;N/A;N/A;N/A;N/A;N/A;N/A;N/A;N/A;N/A;N/A;N/A;N/A;N/A;N/A;N/A;N/A;N/A;N/A;N/A;N/A;N/A;N/A;N/A;N/A;N/A;;0;325.1;0;0;;Disabled;TempStop;2;700;317.8;281.8;0;0;599.9;549.9;Enabled;PosOk;2;0;0;0;0;0;15;Disabled;0;0;0;0;0;0;0;0;0;0;0;0;0;0;0;0;0;0;0;0;0;0;0;0;0;0;0;0;0;0;0;0;0;0;0;0;0;0;0;0;0;0;0;0;0;0;0;0;0;0;0;0;0;0;0;0;0;0;0;0;0;0;0;0;0;0;0;0;0;0;30;31;20;45;30;30;20;45;30;31;20;45;30;30;20;45;200;140;100;300;200;139;100;300;200;139;100;300;200;139;100;300;30;31;20;45;30;30;20;45;30;30;20;45;30;30;20;45;200;144;100;300;200;143;100;300;200;200;100;300;200;202;100;300;4;2;0.4;6;4;5;0.4;6;4;2;0.4;6;4;5;0.4;6;4;3;0.4;6;4;5;0.4;6;4;3;0.4;6;4;5;0.4;6;NOK;NOK;OK;7000;7074;6500;8100;OK;4.99;0;8;12;NOK;N/A;1.5;N/A;N/A;N/A;9;12.4;7;18;OK;;0;0;0;-;Disabled;TempOk;2;230;39.3;109.4;0;0;349.9;441345100 daimler 1500 1900;441345100 daimler 1500 1900;441345100 Daimler 1500 1900
20260403_23:07:10;29617;3;5;950;942.5;925;975;OK;950;951.2;925;975;OK;951;951;-20;-15.9;-50;-25;NOK;-20;-17.3;-50;-25;NOK;-18.7;-18.3;0;-20;-15.8;-50;-25;NOK;300;311;300;500;OK;0;0;N/A;N/A;N/A;N/A;N/A;N/A;N/A;N/A;N/A;N/A;N/A;N/A;N/A;N/A;N/A;N/A;N/A;N/A;N/A;N/A;N/A;N/A;N/A;N/A;N/A;N/A;N/A;N/A;N/A;N/A;N/A;N/A;N/A;N/A;N/A;N/A;N/A;N/A;N/A;N/A;N/A;N/A;N/A;N/A;N/A;N/A;N/A;N/A;N/A;N/A;N/A;N/A;N/A;N/A;N/A;N/A;N/A;N/A;N/A;N/A;N/A;N/A;N/A;N/A;N/A;N/A;N/A;N/A;N/A;N/A;N/A;N/A;N/A;N/A;N/A;N/A;N/A;N/A;N/A;N/A;N/A;N/A;N/A;N/A;N/A;N/A;N/A;N/A;N/A;N/A;N/A;N/A;N/A;N/A;N/A;N/A;N/A;N/A;;0;324.1;0;0;;Disabled;TempStop;2;700;317.1;286.8;0;0;599.9;549.9;Enabled;PosOk;2;0;0;0;0;0;15;Disabled;0;0;0;0;0;0;0;0;0;0;0;0;0;0;0;0;0;0;0;0;0;0;0;0;0;0;0;0;0;0;0;0;0;0;0;0;0;0;0;0;0;0;0;0;0;0;0;0;0;0;0;0;0;0;0;0;0;0;0;0;0;0;0;0;0;0;0;0;0;0;30;32;20;45;30;29;20;45;30;32;20;45;30;29;20;45;200;140;100;300;200;138;100;300;200;139;100;300;200;139;100;300;30;31;20;45;30;29;20;45;30;31;20;45;30;29;20;45;200;144;100;300;200;143;100;300;200;200;100;300;200;201;100;300;4;2;0.4;6;4;5;0.4;6;4;2;0.4;6;4;5;0.4;6;4;3;0.4;6;4;5;0.4;6;4;3;0.4;6;4;5;0.4;6;NOK;NOK;OK;7000;7085;6500;8100;OK;4.99;0;8;12;NOK;N/A;1.5;N/A;N/A;N/A;9;11.7;7;18;OK;;0;0;0;-;Disabled;TempOk;2;230;40.9;70.1;0;0;349.9;441345100 daimler 1500 1900;441345100 daimler 1500 1900;441345100 Daimler 1500 1900
20260403_23:07:28;29618;2;4;950;938.5;925;975;OK;950;951.4;925;975;OK;952.3;951.5;-15;-19.5;-50;-20;NOK;-15;-18.5;-50;-20;NOK;-18.8;-18.7;0;-15;-19.5;-50;-20;NOK;300;311;300;500;OK;0;0;N/A;N/A;N/A;N/A;N/A;N/A;N/A;N/A;N/A;N/A;N/A;N/A;N/A;N/A;N/A;N/A;N/A;N/A;N/A;N/A;N/A;N/A;N/A;N/A;N/A;N/A;N/A;N/A;N/A;N/A;N/A;N/A;N/A;N/A;N/A;N/A;N/A;N/A;N/A;N/A;N/A;N/A;N/A;N/A;N/A;N/A;N/A;N/A;N/A;N/A;N/A;N/A;N/A;N/A;N/A;N/A;N/A;N/A;N/A;N/A;N/A;N/A;N/A;N/A;N/A;N/A;N/A;N/A;N/A;N/A;N/A;N/A;N/A;N/A;N/A;N/A;N/A;N/A;N/A;N/A;N/A;N/A;N/A;N/A;N/A;N/A;N/A;N/A;N/A;N/A;N/A;N/A;N/A;N/A;N/A;N/A;N/A;N/A;;0;325.6;0;0;;Disabled;TempStop;2;700;317.5;285.5;0;0;599.9;549.9;Enabled;PosOk;2;0;0;0;0;0;15;Disabled;0;0;0;0;0;0;0;0;0;0;0;0;0;0;0;0;0;0;0;0;0;0;0;0;0;0;0;0;0;0;0;0;0;0;0;0;0;0;0;0;0;0;0;0;0;0;0;0;0;0;0;0;0;0;0;0;0;0;0;0;0;0;0;0;0;0;0;0;0;0;30;32;20;45;30;29;20;45;30;32;20;45;30;29;20;45;200;140;100;300;200;139;100;300;200;139;100;300;200;139;100;300;30;32;20;45;30;29;20;45;30;31;20;45;30;29;20;45;200;144;100;300;200;143;100;300;200;200;100;300;200;201;100;300;4;2;0.4;6;4;5;0.4;6;4;2;0.4;6;4;5;0.4;6;4;3;0.4;6;4;5;0.4;6;4;2;0.4;6;4;5;0.4;6;NOK;NOK;OK;7000;7073;6500;8100;OK;4.99;0;8;12;NOK;N/A;1.5;N/A;N/A;N/A;9;11.8;7;18;OK;;0;0;0;-;Disabled;TempOk;2;230;39.7;133;0;0;349.9;441345100 daimler 1500 1900;441345100 daimler 1500 1900;441345100 Daimler 1500 1900
20260403_23:07:46;29619;3;1;950;939.5;925;975;OK;950;951.2;925;975;OK;951.3;951.4;-20;-17.4;-50;-25;NOK;-20;-16.4;-50;-25;NOK;-15;-15.4;0;-20;-17.4;-50;-25;NOK;300;311;300;500;OK;0;0;N/A;N/A;N/A;N/A;N/A;N/A;N/A;N/A;N/A;N/A;N/A;N/A;N/A;N/A;N/A;N/A;N/A;N/A;N/A;N/A;N/A;N/A;N/A;N/A;N/A;N/A;N/A;N/A;N/A;N/A;N/A;N/A;N/A;N/A;N/A;N/A;N/A;N/A;N/A;N/A;N/A;N/A;N/A;N/A;N/A;N/A;N/A;N/A;N/A;N/A;N/A;N/A;N/A;N/A;N/A;N/A;N/A;N/A;N/A;N/A;N/A;N/A;N/A;N/A;N/A;N/A;N/A;N/A;N/A;N/A;N/A;N/A;N/A;N/A;N/A;N/A;N/A;N/A;N/A;N/A;N/A;N/A;N/A;N/A;N/A;N/A;N/A;N/A;N/A;N/A;N/A;N/A;N/A;N/A;N/A;N/A;N/A;N/A;;0;323.4;0;0;;Disabled;TempStop;2;700;314.1;273.5;0;0;599.9;549.9;Enabled;PosOk;2;0;0;0;0;0;15;Disabled;0;0;0;0;0;0;0;0;0;0;0;0;0;0;0;0;0;0;0;0;0;0;0;0;0;0;0;0;0;0;0;0;0;0;0;0;0;0;0;0;0;0;0;0;0;0;0;0;0;0;0;0;0;0;0;0;0;0;0;0;0;0;0;0;0;0;0;0;0;0;30;32;20;45;30;29;20;45;30;33;20;45;30;29;20;45;200;140;100;300;200;138;100;300;200;140;100;300;200;139;100;300;30;32;20;45;30;30;20;45;30;31;20;45;30;30;20;45;200;144;100;300;200;143;100;300;200;200;100;300;200;201;100;300;4;2;0.4;6;4;5;0.4;6;4;2;0.4;6;4;5;0.4;6;4;2;0.4;6;4;5;0.4;6;4;3;0.4;6;4;5;0.4;6;NOK;NOK;OK;7000;7084;6500;8100;OK;5;0;8;12;NOK;N/A;1.5;N/A;N/A;N/A;9;12;7;18;OK;;0;0;0;-;Disabled;TempOk;2;230;40.2;56.7;0;0;349.9;441345100 daimler 1500 1900;441345100 daimler 1500 1900;441345100 Daimler 1500 1900
20260403_23:08:04;29620;2;1;950;940;925;975;OK;950;952.1;925;975;OK;950.7;952.2;-15;-15.7;-50;-20;NOK;-15;-17.4;-50;-20;NOK;-15.5;-16.4;0;-15;-15.7;-50;-20;NOK;300;311;300;500;OK;0;0;N/A;N/A;N/A;N/A;N/A;N/A;N/A;N/A;N/A;N/A;N/A;N/A;N/A;N/A;N/A;N/A;N/A;N/A;N/A;N/A;N/A;N/A;N/A;N/A;N/A;N/A;N/A;N/A;N/A;N/A;N/A;N/A;N/A;N/A;N/A;N/A;N/A;N/A;N/A;N/A;N/A;N/A;N/A;N/A;N/A;N/A;N/A;N/A;N/A;N/A;N/A;N/A;N/A;N/A;N/A;N/A;N/A;N/A;N/A;N/A;N/A;N/A;N/A;N/A;N/A;N/A;N/A;N/A;N/A;N/A;N/A;N/A;N/A;N/A;N/A;N/A;N/A;N/A;N/A;N/A;N/A;N/A;N/A;N/A;N/A;N/A;N/A;N/A;N/A;N/A;N/A;N/A;N/A;N/A;N/A;N/A;N/A;N/A;;0;325.7;0;0;;Disabled;TempStop;2;700;317.3;287.7;0;0;599.9;549.9;Enabled;PosOk;2;0;0;0;0;0;15;Disabled;0;0;0;0;0;0;0;0;0;0;0;0;0;0;0;0;0;0;0;0;0;0;0;0;0;0;0;0;0;0;0;0;0;0;0;0;0;0;0;0;0;0;0;0;0;0;0;0;0;0;0;0;0;0;0;0;0;0;0;0;0;0;0;0;0;0;0;0;0;0;30;33;20;45;30;30;20;45;30;33;20;45;30;30;20;45;200;141;100;300;200;139;100;300;200;139;100;300;200;139;100;300;30;32;20;45;30;30;20;45;30;32;20;45;30;30;20;45;200;144;100;300;200;143;100;300;200;200;100;300;200;202;100;300;4;2;0.4;6;4;5;0.4;6;4;2;0.4;6;4;5;0.4;6;4;2;0.4;6;4;5;0.4;6;4;3;0.4;6;4;5;0.4;6;NOK;NOK;OK;7000;7079;6500;8100;OK;5;0;8;12;NOK;N/A;1.5;N/A;N/A;N/A;9;12.3;7;18;OK;;0;0;0;-;Disabled;TempOk;2;230;40.2;138.8;0;0;349.9;441345100 daimler 1500 1900;441345100 daimler 1500 1900;441345100 Daimler 1500 1900
20260403_23:08:22;29621;3;2;950;940;925;975;OK;950;951.9;925;975;OK;951.7;951.9;-20;-18.8;-50;-25;NOK;-20;-17.7;-50;-25;NOK;-16.2;-16.7;0;-20;-18.9;-50;-25;NOK;300;311;300;500;OK;0;0;N/A;N/A;N/A;N/A;N/A;N/A;N/A;N/A;N/A;N/A;N/A;N/A;N/A;N/A;N/A;N/A;N/A;N/A;N/A;N/A;N/A;N/A;N/A;N/A;N/A;N/A;N/A;N/A;N/A;N/A;N/A;N/A;N/A;N/A;N/A;N/A;N/A;N/A;N/A;N/A;N/A;N/A;N/A;N/A;N/A;N/A;N/A;N/A;N/A;N/A;N/A;N/A;N/A;N/A;N/A;N/A;N/A;N/A;N/A;N/A;N/A;N/A;N/A;N/A;N/A;N/A;N/A;N/A;N/A;N/A;N/A;N/A;N/A;N/A;N/A;N/A;N/A;N/A;N/A;N/A;N/A;N/A;N/A;N/A;N/A;N/A;N/A;N/A;N/A;N/A;N/A;N/A;N/A;N/A;N/A;N/A;N/A;N/A;;0;322.9;0;0;;Disabled;TempStop;2;700;315.5;276.9;0;0;599.9;549.9;Enabled;PosOk;2;0;0;0;0;0;15;Disabled;0;0;0;0;0;0;0;0;0;0;0;0;0;0;0;0;0;0;0;0;0;0;0;0;0;0;0;0;0;0;0;0;0;0;0;0;0;0;0;0;0;0;0;0;0;0;0;0;0;0;0;0;0;0;0;0;0;0;0;0;0;0;0;0;0;0;0;0;0;0;30;33;20;45;30;30;20;45;30;33;20;45;30;30;20;45;200;140;100;300;200;138;100;300;200;140;100;300;200;139;100;300;30;32;20;45;30;30;20;45;30;32;20;45;30;30;20;45;200;144;100;300;200;143;100;300;200;200;100;300;200;201;100;300;4;2;0.4;6;4;5;0.4;6;4;2;0.4;6;4;5;0.4;6;4;2;0.4;6;4;5;0.4;6;4;2;0.4;6;4;5;0.4;6;NOK;NOK;OK;7000;7080;6500;8100;OK;4.99;0;8;12;NOK;N/A;1.5;N/A;N/A;N/A;9;11.7;7;18;OK;;0;0;0;-;Disabled;TempOk;2;230;40.4;109.3;0;0;349.9;441345100 daimler 1500 1900;441345100 daimler 1500 1900;441345100 Daimler 1500 1900
20260403_23:08:40;29622;4;1;950;939.4;925;975;OK;950;951.4;925;975;OK;951.1;951.1;-15;-14.2;-50;-5;OK;-15;-16;-50;-5;OK;-16.1;-16.1;0;-15;-14.3;-50;-5;OK;300;311;300;500;OK;17.55;17.96;N/A;N/A;N/A;N/A;N/A;N/A;N/A;N/A;N/A;N/A;N/A;N/A;N/A;N/A;N/A;N/A;N/A;N/A;N/A;N/A;N/A;N/A;N/A;N/A;N/A;N/A;N/A;N/A;N/A;N/A;N/A;N/A;N/A;N/A;N/A;N/A;N/A;N/A;N/A;N/A;N/A;N/A;N/A;N/A;N/A;N/A;N/A;N/A;N/A;N/A;N/A;N/A;N/A;N/A;N/A;N/A;N/A;N/A;N/A;N/A;N/A;N/A;N/A;N/A;N/A;N/A;N/A;N/A;N/A;N/A;N/A;N/A;N/A;N/A;N/A;N/A;N/A;N/A;N/A;N/A;N/A;N/A;N/A;N/A;N/A;N/A;N/A;N/A;N/A;N/A;N/A;N/A;N/A;N/A;N/A;N/A;N/A;N/A;;0;323.7;0;0;;Disabled;TempStop;2;700;315;278.7;0;0;599.9;549.9;Enabled;PosOk;2;0;0;0;0;0;15;Disabled;0;0;0;0;0;0;0;0;0;0;0;0;0;0;0;0;0;0;0;0;0;0;0;0;0;0;0;0;0;0;0;0;0;0;0;0;0;0;0;0;0;0;0;0;0;0;0;0;0;0;0;0;0;0;0;0;0;0;0;0;0;0;0;0;0;0;0;0;0;0;30;33;20;45;30;29;20;45;30;33;20;45;30;29;20;45;200;140;100;300;200;138;100;300;200;139;100;300;200;139;100;300;30;32;20;45;30;30;20;45;30;32;20;45;30;30;20;45;200;144;100;300;200;143;100;300;200;201;100;300;200;202;100;300;4;2;0.4;6;4;5;0.4;6;4;2;0.4;6;4;5;0.4;6;4;2;0.4;6;4;5;0.4;6;4;2;0.4;6;4;5;0.4;6;NOK;NOK;OK;7000;7078;6500;8100;OK;4.99;0;8;12;NOK;N/A;1.5;N/A;N/A;N/A;9;11.8;7;18;OK;;0;0;0;-;Disabled;TempOk;2;230;38.9;50.9;0;0;349.9;441345100 daimler 1500 1900;441345100 daimler 1500 1900;441345100 Daimler 1500 1900
20260403_23:08:58;29623;1;3;950;940.5;925;975;OK;950;951.6;925;975;OK;951.5;951.7;-20;-20.2;-50;-25;NOK;-20;-16;-50;-25;NOK;-16.2;-15.6;0;-20;-20.2;-50;-25;NOK;300;311;300;500;OK;0;0;N/A;N/A;N/A;N/A;N/A;N/A;N/A;N/A;N/A;N/A;N/A;N/A;N/A;N/A;N/A;N/A;N/A;N/A;N/A;N/A;N/A;N/A;N/A;N/A;N/A;N/A;N/A;N/A;N/A;N/A;N/A;N/A;N/A;N/A;N/A;N/A;N/A;N/A;N/A;N/A;N/A;N/A;N/A;N/A;N/A;N/A;N/A;N/A;N/A;N/A;N/A;N/A;N/A;N/A;N/A;N/A;N/A;N/A;N/A;N/A;N/A;N/A;N/A;N/A;N/A;N/A;N/A;N/A;N/A;N/A;N/A;N/A;N/A;N/A;N/A;N/A;N/A;N/A;N/A;N/A;N/A;N/A;N/A;N/A;N/A;N/A;N/A;N/A;N/A;N/A;N/A;N/A;N/A;N/A;N/A;N/A;N/A;N/A;;0;325.4;0;0;;Disabled;TempStop;2;700;315.4;275.2;0;0;599.9;549.9;Enabled;PosOk;2;0;0;0;0;0;15;Disabled;0;0;0;0;0;0;0;0;0;0;0;0;0;0;0;0;0;0;0;0;0;0;0;0;0;0;0;0;0;0;0;0;0;0;0;0;0;0;0;0;0;0;0;0;0;0;0;0;0;0;0;0;0;0;0;0;0;0;0;0;0;0;0;0;0;0;0;0;0;0;30;33;20;45;30;30;20;45;30;33;20;45;30;29;20;45;200;140;100;300;200;138;100;300;200;139;100;300;200;139;100;300;30;32;20;45;30;29;20;45;30;32;20;45;30;30;20;45;200;144;100;300;200;143;100;300;200;200;100;300;200;201;100;300;4;2;0.4;6;4;5;0.4;6;4;2;0.4;6;4;5;0.4;6;4;3;0.4;6;4;5;0.4;6;4;3;0.4;6;4;6;0.4;6;NOK;NOK;OK;7000;7087;6500;8100;OK;4.99;0;8;12;NOK;N/A;1.5;N/A;N/A;N/A;9;11.9;7;18;OK;;0;0;0;-;Disabled;TempOk;2;230;41.9;142.8;0;0;349.9;441345100 daimler 1500 1900;441345100 daimler 1500 1900;441345100 Daimler 1500 1900
20260403_23:09:16;29624;2;2;950;938.5;925;975;OK;950;951.6;925;975;OK;952.2;952.1;-15;-18.7;-50;-20;NOK;-15;-18.6;-50;-20;NOK;-18;-18.3;0;-15;-18.7;-50;-20;NOK;300;311;300;500;OK;0;0;N/A;N/A;N/A;N/A;N/A;N/A;N/A;N/A;N/A;N/A;N/A;N/A;N/A;N/A;N/A;N/A;N/A;N/A;N/A;N/A;N/A;N/A;N/A;N/A;N/A;N/A;N/A;N/A;N/A;N/A;N/A;N/A;N/A;N/A;N/A;N/A;N/A;N/A;N/A;N/A;N/A;N/A;N/A;N/A;N/A;N/A;N/A;N/A;N/A;N/A;N/A;N/A;N/A;N/A;N/A;N/A;N/A;N/A;N/A;N/A;N/A;N/A;N/A;N/A;N/A;N/A;N/A;N/A;N/A;N/A;N/A;N/A;N/A;N/A;N/A;N/A;N/A;N/A;N/A;N/A;N/A;N/A;N/A;N/A;N/A;N/A;N/A;N/A;N/A;N/A;N/A;N/A;N/A;N/A;N/A;N/A;N/A;N/A;;0;327.6;0;0;;Disabled;TempStop;2;700;322;282.8;0;0;599.9;549.9;Enabled;PosOk;2;0;0;0;0;0;15;Disabled;0;0;0;0;0;0;0;0;0;0;0;0;0;0;0;0;0;0;0;0;0;0;0;0;0;0;0;0;0;0;0;0;0;0;0;0;0;0;0;0;0;0;0;0;0;0;0;0;0;0;0;0;0;0;0;0;0;0;0;0;0;0;0;0;0;0;0;0;0;0;30;33;20;45;30;30;20;45;30;33;20;45;30;30;20;45;200;140;100;300;200;138;100;300;200;140;100;300;200;139;100;300;30;32;20;45;30;30;20;45;30;32;20;45;30;30;20;45;200;144;100;300;200;143;100;300;200;200;100;300;200;201;100;300;4;2;0.4;6;4;5;0.4;6;4;2;0.4;6;4;5;0.4;6;4;2;0.4;6;4;5;0.4;6;4;2;0.4;6;4;5;0.4;6;NOK;NOK;OK;7000;7069;6500;8100;OK;4.99;0;8;12;NOK;N/A;1.5;N/A;N/A;N/A;9;11.9;7;18;OK;;0;0;0;-;Disabled;TempOk;2;230;39.3;58.3;0;0;349.9;441345100 daimler 1500 1900;441345100 daimler 1500 1900;441345100 Daimler 1500 1900
20260403_23:09:34;29625;3;3;950;940;925;975;OK;950;951.5;925;975;OK;951.3;951.6;-20;-17.2;-50;-25;NOK;-20;-16.8;-50;-25;NOK;-16.5;-16.5;0;-20;-17.2;-50;-25;NOK;300;311;300;500;OK;0;0;N/A;N/A;N/A;N/A;N/A;N/A;N/A;N/A;N/A;N/A;N/A;N/A;N/A;N/A;N/A;N/A;N/A;N/A;N/A;N/A;N/A;N/A;N/A;N/A;N/A;N/A;N/A;N/A;N/A;N/A;N/A;N/A;N/A;N/A;N/A;N/A;N/A;N/A;N/A;N/A;N/A;N/A;N/A;N/A;N/A;N/A;N/A;N/A;N/A;N/A;N/A;N/A;N/A;N/A;N/A;N/A;N/A;N/A;N/A;N/A;N/A;N/A;N/A;N/A;N/A;N/A;N/A;N/A;N/A;N/A;N/A;N/A;N/A;N/A;N/A;N/A;N/A;N/A;N/A;N/A;N/A;N/A;N/A;N/A;N/A;N/A;N/A;N/A;N/A;N/A;N/A;N/A;N/A;N/A;N/A;N/A;N/A;N/A;;0;324.1;0;0;;Disabled;TempStop;2;700;317.8;290.3;0;0;599.9;549.9;Enabled;PosOk;2;0;0;0;0;0;15;Disabled;0;0;0;0;0;0;0;0;0;0;0;0;0;0;0;0;0;0;0;0;0;0;0;0;0;0;0;0;0;0;0;0;0;0;0;0;0;0;0;0;0;0;0;0;0;0;0;0;0;0;0;0;0;0;0;0;0;0;0;0;0;0;0;0;0;0;0;0;0;0;30;33;20;45;30;30;20;45;30;33;20;45;30;30;20;45;200;140;100;300;200;138;100;300;200;139;100;300;200;139;100;300;30;32;20;45;30;30;20;45;30;32;20;45;30;30;20;45;200;144;100;300;200;143;100;300;200;201;100;300;200;201;100;300;4;2;0.4;6;4;5;0.4;6;4;2;0.4;6;4;5;0.4;6;4;2;0.4;6;4;5;0.4;6;4;3;0.4;6;4;5;0.4;6;NOK;NOK;OK;7000;7097;6500;8100;OK;5;0;8;12;NOK;N/A;1.5;N/A;N/A;N/A;9;12.3;7;18;OK;;0;0;0;-;Disabled;TempOk;2;230;40.4;120.5;0;0;349.9;441345100 daimler 1500 1900;441345100 daimler 1500 1900;441345100 Daimler 1500 1900
20260403_23:09:52;29626;4;4;950;945.1;925;975;OK;950;956.3;925;975;OK;956.3;956.3;-15;-20;-50;-5;OK;-15;-14;-50;-5;OK;-10;-10.7;0;-15;-20;-50;-5;OK;300;331;300;500;OK;17.63;18.07;N/A;N/A;N/A;N/A;N/A;N/A;N/A;N/A;N/A;N/A;N/A;N/A;N/A;N/A;N/A;N/A;N/A;N/A;N/A;N/A;N/A;N/A;N/A;N/A;N/A;N/A;N/A;N/A;N/A;N/A;N/A;N/A;N/A;N/A;N/A;N/A;N/A;N/A;N/A;N/A;N/A;N/A;N/A;N/A;N/A;N/A;N/A;N/A;N/A;N/A;N/A;N/A;N/A;N/A;N/A;N/A;N/A;N/A;N/A;N/A;N/A;N/A;N/A;N/A;N/A;N/A;N/A;N/A;N/A;N/A;N/A;N/A;N/A;N/A;N/A;N/A;N/A;N/A;N/A;N/A;N/A;N/A;N/A;N/A;N/A;N/A;N/A;N/A;N/A;N/A;N/A;N/A;N/A;N/A;N/A;N/A;N/A;N/A;;0;324.8;0;0;;Disabled;TempStop;2;700;319.6;280.1;0;0;599.9;549.9;Enabled;PosOk;2;0;0;0;0;0;15;Disabled;0;0;0;0;0;0;0;0;0;0;0;0;0;0;0;0;0;0;0;0;0;0;0;0;0;0;0;0;0;0;0;0;0;0;0;0;0;0;0;0;0;0;0;0;0;0;0;0;0;0;0;0;0;0;0;0;0;0;0;0;0;0;0;0;0;0;0;0;0;0;30;33;20;45;30;30;20;45;30;33;20;45;30;30;20;45;200;140;100;300;200;138;100;300;200;139;100;300;200;139;100;300;30;33;20;45;30;30;20;45;30;32;20;45;30;30;20;45;200;144;100;300;200;143;100;300;200;200;100;300;200;201;100;300;4;2;0.4;6;4;5;0.4;6;4;2;0.4;6;4;5;0.4;6;4;2;0.4;6;4;5;0.4;6;4;3;0.4;6;4;5;0.4;6;NOK;NOK;OK;7000;7083;6500;8100;OK;5;0;8;12;NOK;N/A;1.5;N/A;N/A;N/A;9;11.7;7;18;OK;;0;0;0;-;Disabled;TempOk;2;230;40.2;121.9;0;0;349.9;441345100 daimler 1500 1900;441345100 daimler 1500 1900;441345100 Daimler 1500 1900
20260403_23:10:10;29628;1;1;950;948.1;925;975;OK;950;951;925;975;OK;950.9;951;-20;-18.4;-50;-25;NOK;-20;-18.6;-50;-25;NOK;-17.7;-18.1;0;-20;-18.4;-50;-25;NOK;300;325;300;500;OK;0;0;N/A;N/A;N/A;N/A;N/A;N/A;N/A;N/A;N/A;N/A;N/A;N/A;N/A;N/A;N/A;N/A;N/A;N/A;N/A;N/A;N/A;N/A;N/A;N/A;N/A;N/A;N/A;N/A;N/A;N/A;N/A;N/A;N/A;N/A;N/A;N/A;N/A;N/A;N/A;N/A;N/A;N/A;N/A;N/A;N/A;N/A;N/A;N/A;N/A;N/A;N/A;N/A;N/A;N/A;N/A;N/A;N/A;N/A;N/A;N/A;N/A;N/A;N/A;N/A;N/A;N/A;N/A;N/A;N/A;N/A;N/A;N/A;N/A;N/A;N/A;N/A;N/A;N/A;N/A;N/A;N/A;N/A;N/A;N/A;N/A;N/A;N/A;N/A;N/A;N/A;N/A;N/A;N/A;N/A;N/A;N/A;N/A;N/A;;0;325.4;0;0;;Disabled;TempStop;2;700;316.9;280.2;0;0;599.9;549.9;Enabled;PosOk;2;0;0;0;0;0;15;Disabled;0;0;0;0;0;0;0;0;0;0;0;0;0;0;0;0;0;0;0;0;0;0;0;0;0;0;0;0;0;0;0;0;0;0;0;0;0;0;0;0;0;0;0;0;0;0;0;0;0;0;0;0;0;0;0;0;0;0;0;0;0;0;0;0;0;0;0;0;0;0;30;33;20;45;30;30;20;45;30;33;20;45;30;30;20;45;200;141;100;300;200;138;100;300;200;139;100;300;200;139;100;300;30;33;20;45;30;30;20;45;30;32;20;45;30;30;20;45;200;144;100;300;200;143;100;300;200;200;100;300;200;202;100;300;4;2;0.4;6;4;5;0.4;6;4;2;0.4;6;4;5;0.4;6;4;2;0.4;6;4;5;0.4;6;4;3;0.4;6;4;5;0.4;6;NOK;NOK;OK;7000;7079;6500;8100;OK;5;0;8;12;NOK;N/A;1.5;N/A;N/A;N/A;9;11.8;7;18;OK;;0;0;0;-;Disabled;TempOk;2;230;39.5;59.2;0;0;349.9;441345100 daimler 1500 1900;441345100 daimler 1500 1900;441345100 Daimler 1500 1900
20260403_23:10:28;29627;4;2;950;945.3;925;975;OK;950;952.7;925;975;OK;951.2;951.6;-15;-13.9;-50;-5;OK;-15;-16.3;-50;-5;OK;-16.3;-16.9;0;-15;-13.7;-50;-5;OK;300;347;300;500;OK;17.66;18.13;N/A;N/A;N/A;N/A;N/A;N/A;N/A;N/A;N/A;N/A;N/A;N/A;N/A;N/A;N/A;N/A;N/A;N/A;N/A;N/A;N/A;N/A;N/A;N/A;N/A;N/A;N/A;N/A;N/A;N/A;N/A;N/A;N/A;N/A;N/A;N/A;N/A;N/A;N/A;N/A;N/A;N/A;N/A;N/A;N/A;N/A;N/A;N/A;N/A;N/A;N/A;N/A;N/A;N/A;N/A;N/A;N/A;N/A;N/A;N/A;N/A;N/A;N/A;N/A;N/A;N/A;N/A;N/A;N/A;N/A;N/A;N/A;N/A;N/A;N/A;N/A;N/A;N/A;N/A;N/A;N/A;N/A;N/A;N/A;N/A;N/A;N/A;N/A;N/A;N/A;N/A;N/A;N/A;N/A;N/A;N/A;N/A;N/A;;0;322.8;0;0;;Disabled;TempStop;2;700;314.4;281.4;0;0;599.9;549.9;Enabled;PosOk;2;0;0;0;0;0;15;Disabled;0;0;0;0;0;0;0;0;0;0;0;0;0;0;0;0;0;0;0;0;0;0;0;0;0;0;0;0;0;0;0;0;0;0;0;0;0;0;0;0;0;0;0;0;0;0;0;0;0;0;0;0;0;0;0;0;0;0;0;0;0;0;0;0;0;0;0;0;0;0;30;33;20;45;30;30;20;45;30;34;20;45;30;30;20;45;200;140;100;300;200;138;100;300;200;139;100;300;200;139;100;300;30;33;20;45;30;30;20;45;30;32;20;45;30;30;20;45;200;144;100;300;200;143;100;300;200;200;100;300;200;201;100;300;4;2;0.4;6;4;5;0.4;6;4;2;0.4;6;4;5;0.4;6;4;2;0.4;6;4;5;0.4;6;4;3;0.4;6;4;5;0.4;6;NOK;NOK;OK;7000;7072;6500;8100;OK;5;0;8;12;NOK;N/A;1.51;N/A;N/A;N/A;9;12;7;18;OK;;0;0;0;-;Disabled;TempOk;2;230;42.2;143.5;0;0;349.9;441345100 daimler 1500 1900;441345100 daimler 1500 1900;441345100 Daimler 1500 1900
20260403_23:10:46;29630;1;4;950;939;925;975;OK;950;950.7;925;975;OK;950.5;950.9;-20;-16.1;-50;-25;NOK;-20;-13.9;-50;-25;NOK;-16.3;-15.6;0;-20;-16.1;-50;-25;NOK;300;311;300;500;OK;0;0;N/A;N/A;N/A;N/A;N/A;N/A;N/A;N/A;N/A;N/A;N/A;N/A;N/A;N/A;N/A;N/A;N/A;N/A;N/A;N/A;N/A;N/A;N/A;N/A;N/A;N/A;N/A;N/A;N/A;N/A;N/A;N/A;N/A;N/A;N/A;N/A;N/A;N/A;N/A;N/A;N/A;N/A;N/A;N/A;N/A;N/A;N/A;N/A;N/A;N/A;N/A;N/A;N/A;N/A;N/A;N/A;N/A;N/A;N/A;N/A;N/A;N/A;N/A;N/A;N/A;N/A;N/A;N/A;N/A;N/A;N/A;N/A;N/A;N/A;N/A;N/A;N/A;N/A;N/A;N/A;N/A;N/A;N/A;N/A;N/A;N/A;N/A;N/A;N/A;N/A;N/A;N/A;N/A;N/A;N/A;N/A;N/A;N/A;;0;325.1;0;0;;Disabled;TempStop;2;700;317.7;278.7;0;0;599.9;549.9;Enabled;PosOk;2;0;0;0;0;0;15;Disabled;0;0;0;0;0;0;0;0;0;0;0;0;0;0;0;0;0;0;0;0;0;0;0;0;0;0;0;0;0;0;0;0;0;0;0;0;0;0;0;0;0;0;0;0;0;0;0;0;0;0;0;0;0;0;0;0;0;0;0;0;0;0;0;0;0;0;0;0;0;0;30;33;20;45;30;30;20;45;30;33;20;45;30;29;20;45;200;140;100;300;200;138;100;300;200;139;100;300;200;139;100;300;30;33;20;45;30;29;20;45;30;32;20;45;30;30;20;45;200;144;100;300;200;143;100;300;200;200;100;300;200;201;100;300;4;2;0.4;6;4;5;0.4;6;4;2;0.4;6;4;5;0.4;6;4;2;0.4;6;4;5;0.4;6;4;3;0.4;6;4;5;0.4;6;NOK;NOK;OK;7000;7088;6500;8100;OK;5;0;8;12;NOK;N/A;1.5;N/A;N/A;N/A;9;12.4;7;18;OK;;0;0;0;-;Disabled;TempOk;2;230;41.7;114.8;0;0;349.9;441345100 daimler 1500 1900;441345100 daimler 1500 1900;441345100 Daimler 1500 1900
20260403_23:11:04;29629;2;5;950;946.7;925;975;OK;950;950.6;925;975;OK;951.5;948.8;-15;-14.7;-50;-20;NOK;-15;-15;-50;-20;NOK;-15.6;-14.9;0;-15;-14.7;-50;-20;NOK;300;366;300;500;OK;0;0;N/A;N/A;N/A;N/A;N/A;N/A;N/A;N/A;N/A;N/A;N/A;N/A;N/A;N/A;N/A;N/A;N/A;N/A;N/A;N/A;N/A;N/A;N/A;N/A;N/A;N/A;N/A;N/A;N/A;N/A;N/A;N/A;N/A;N/A;N/A;N/A;N/A;N/A;N/A;N/A;N/A;N/A;N/A;N/A;N/A;N/A;N/A;N/A;N/A;N/A;N/A;N/A;N/A;N/A;N/A;N/A;N/A;N/A;N/A;N/A;N/A;N/A;N/A;N/A;N/A;N/A;N/A;N/A;N/A;N/A;N/A;N/A;N/A;N/A;N/A;N/A;N/A;N/A;N/A;N/A;N/A;N/A;N/A;N/A;N/A;N/A;N/A;N/A;N/A;N/A;N/A;N/A;N/A;N/A;N/A;N/A;N/A;N/A;;0;327.6;0;0;;Disabled;TempStop;2;700;321.5;293.4;0;0;599.9;549.9;Enabled;PosOk;2;0;0;0;0;0;15;Disabled;0;0;0;0;0;0;0;0;0;0;0;0;0;0;0;0;0;0;0;0;0;0;0;0;0;0;0;0;0;0;0;0;0;0;0;0;0;0;0;0;0;0;0;0;0;0;0;0;0;0;0;0;0;0;0;0;0;0;0;0;0;0;0;0;0;0;0;0;0;0;30;33;20;45;30;29;20;45;30;33;20;45;30;30;20;45;200;140;100;300;200;138;100;300;200;139;100;300;200;139;100;300;30;32;20;45;30;29;20;45;30;32;20;45;30;30;20;45;200;144;100;300;200;143;100;300;200;200;100;300;200;201;100;300;4;2;0.4;6;4;5;0.4;6;4;2;0.4;6;4;5;0.4;6;4;2;0.4;6;4;5;0.4;6;4;2;0.4;6;4;5;0.4;6;NOK;NOK;OK;7000;7064;6500;8100;OK;4.99;0;8;12;NOK;N/A;1.5;N/A;N/A;N/A;9;11.7;7;18;OK;;0;0;0;-;Disabled;TempOk;2;230;39.5;60.6;0;0;349.9;441345100 daimler 1500 1900;441345100 daimler 1500 1900;441345100 Daimler 1500 1900
20260403_23:11:22;29632;3;4;950;940.4;925;975;OK;950;951.4;925;975;OK;951.4;951.4;-20;-14.3;-50;-25;NOK;-20;-14;-50;-25;NOK;-17.8;-16.6;0;-20;-14.3;-50;-25;NOK;300;311;300;500;OK;0;0;N/A;N/A;N/A;N/A;N/A;N/A;N/A;N/A;N/A;N/A;N/A;N/A;N/A;N/A;N/A;N/A;N/A;N/A;N/A;N/A;N/A;N/A;N/A;N/A;N/A;N/A;N/A;N/A;N/A;N/A;N/A;N/A;N/A;N/A;N/A;N/A;N/A;N/A;N/A;N/A;N/A;N/A;N/A;N/A;N/A;N/A;N/A;N/A;N/A;N/A;N/A;N/A;N/A;N/A;N/A;N/A;N/A;N/A;N/A;N/A;N/A;N/A;N/A;N/A;N/A;N/A;N/A;N/A;N/A;N/A;N/A;N/A;N/A;N/A;N/A;N/A;N/A;N/A;N/A;N/A;N/A;N/A;N/A;N/A;N/A;N/A;N/A;N/A;N/A;N/A;N/A;N/A;N/A;N/A;N/A;N/A;N/A;N/A;;0;322.6;0;0;;Disabled;TempStop;2;700;313.3;274.4;0;0;599.9;549.9;Enabled;PosOk;2;0;0;0;0;0;15;Disabled;0;0;0;0;0;0;0;0;0;0;0;0;0;0;0;0;0;0;0;0;0;0;0;0;0;0;0;0;0;0;0;0;0;0;0;0;0;0;0;0;0;0;0;0;0;0;0;0;0;0;0;0;0;0;0;0;0;0;0;0;0;0;0;0;0;0;0;0;0;0;30;33;20;45;30;30;20;45;30;33;20;45;30;29;20;45;200;140;100;300;200;138;100;300;200;139;100;300;200;139;100;300;30;32;20;45;30;30;20;45;30;32;20;45;30;30;20;45;200;143;100;300;200;143;100;300;200;200;100;300;200;201;100;300;4;2;0.4;6;4;5;0.4;6;4;2;0.4;6;4;5;0.4;6;4;3;0.4;6;4;5;0.4;6;4;3;0.4;6;4;5;0.4;6;NOK;NOK;OK;7000;7066;6500;8100;OK;4.99;0;8;12;NOK;N/A;1.5;N/A;N/A;N/A;9;11.7;7;18;OK;;0;0;0;-;Disabled;TempOk;2;230;42.4;140.4;0;0;349.9;441345100 daimler 1500 1900;441345100 daimler 1500 1900;441345100 Daimler 1500 1900
20260403_23:11:40;29631;2;3;950;940.6;925;975;OK;950;952.4;925;975;OK;952.3;951.7;-15;-17.3;-50;-20;NOK;-15;-16.8;-50;-20;NOK;-17.3;-17.3;0;-15;-17.2;-50;-20;NOK;300;347;300;500;OK;0;0;N/A;N/A;N/A;N/A;N/A;N/A;N/A;N/A;N/A;N/A;N/A;N/A;N/A;N/A;N/A;N/A;N/A;N/A;N/A;N/A;N/A;N/A;N/A;N/A;N/A;N/A;N/A;N/A;N/A;N/A;N/A;N/A;N/A;N/A;N/A;N/A;N/A;N/A;N/A;N/A;N/A;N/A;N/A;N/A;N/A;N/A;N/A;N/A;N/A;N/A;N/A;N/A;N/A;N/A;N/A;N/A;N/A;N/A;N/A;N/A;N/A;N/A;N/A;N/A;N/A;N/A;N/A;N/A;N/A;N/A;N/A;N/A;N/A;N/A;N/A;N/A;N/A;N/A;N/A;N/A;N/A;N/A;N/A;N/A;N/A;N/A;N/A;N/A;N/A;N/A;N/A;N/A;N/A;N/A;N/A;N/A;N/A;N/A;;0;324.3;0;0;;Disabled;TempStop;2;700;317.4;278.2;0;0;599.9;549.9;Enabled;PosOk;2;0;0;0;0;0;15;Disabled;0;0;0;0;0;0;0;0;0;0;0;0;0;0;0;0;0;0;0;0;0;0;0;0;0;0;0;0;0;0;0;0;0;0;0;0;0;0;0;0;0;0;0;0;0;0;0;0;0;0;0;0;0;0;0;0;0;0;0;0;0;0;0;0;0;0;0;0;0;0;30;33;20;45;30;30;20;45;30;33;20;45;30;30;20;45;200;140;100;300;200;138;100;300;200;139;100;300;200;139;100;300;30;32;20;45;30;30;20;45;30;32;20;45;30;30;20;45;200;144;100;300;200;143;100;300;200;200;100;300;200;200;100;300;4;2;0.4;6;4;5;0.4;6;4;2;0.4;6;4;5;0.4;6;4;3;0.4;6;4;5;0.4;6;4;3;0.4;6;4;5;0.4;6;NOK;NOK;OK;7000;7076;6500;8100;OK;5;0;8;12;NOK;N/A;1.5;N/A;N/A;N/A;9;11.8;7;18;OK;;0;0;0;-;Disabled;TempOk;2;230;40.7;61.7;0;0;349.9;441345100 daimler 1500 1900;441345100 daimler 1500 1900;441345100 Daimler 1500 1900
20260403_23:11:58;29634;1;2;950;948.3;925;975;OK;950;951.5;925;975;OK;951.6;951.7;-20;-15.6;-50;-25;NOK;-20;-15.1;-50;-25;NOK;-17.5;-18;0;-20;-15.6;-50;-25;NOK;300;331;300;500;OK;0;0;N/A;N/A;N/A;N/A;N/A;N/A;N/A;N/A;N/A;N/A;N/A;N/A;N/A;N/A;N/A;N/A;N/A;N/A;N/A;N/A;N/A;N/A;N/A;N/A;N/A;N/A;N/A;N/A;N/A;N/A;N/A;N/A;N/A;N/A;N/A;N/A;N/A;N/A;N/A;N/A;N/A;N/A;N/A;N/A;N/A;N/A;N/A;N/A;N/A;N/A;N/A;N/A;N/A;N/A;N/A;N/A;N/A;N/A;N/A;N/A;N/A;N/A;N/A;N/A;N/A;N/A;N/A;N/A;N/A;N/A;N/A;N/A;N/A;N/A;N/A;N/A;N/A;N/A;N/A;N/A;N/A;N/A;N/A;N/A;N/A;N/A;N/A;N/A;N/A;N/A;N/A;N/A;N/A;N/A;N/A;N/A;N/A;N/A;;0;325.7;0;0;;Disabled;TempStop;2;700;319.5;290.1;0;0;599.9;549.9;Enabled;PosOk;2;0;0;0;0;0;15;Disabled;0;0;0;0;0;0;0;0;0;0;0;0;0;0;0;0;0;0;0;0;0;0;0;0;0;0;0;0;0;0;0;0;0;0;0;0;0;0;0;0;0;0;0;0;0;0;0;0;0;0;0;0;0;0;0;0;0;0;0;0;0;0;0;0;0;0;0;0;0;0;30;33;20;45;30;30;20;45;30;33;20;45;30;30;20;45;200;140;100;300;200;139;100;300;200;139;100;300;200;139;100;300;30;33;20;45;30;30;20;45;30;32;20;45;30;30;20;45;200;144;100;300;200;143;100;300;200;200;100;300;200;201;100;300;4;2;0.4;6;4;5;0.4;6;4;2;0.4;6;4;5;0.4;6;4;2;0.4;6;4;5;0.4;6;4;3;0.4;6;4;5;0.4;6;NOK;NOK;OK;7000;7083;6500;8100;OK;5;0;8;12;NOK;N/A;1.5;N/A;N/A;N/A;9;11.9;7;18;OK;;0;0;0;-;Disabled;TempOk;2;230;41.2;134.5;0;0;349.9;441345100 daimler 1500 1900;441345100 daimler 1500 1900;441345100 Daimler 1500 1900
20260403_23:12:16;29633;4;3;950;940.9;925;975;OK;950;951.4;925;975;OK;951.6;951.6;-15;-13.9;-50;-5;OK;-15;-13.8;-50;-5;OK;-15.6;-15.4;0;-15;-14.1;-50;-5;OK;300;311;300;500;OK;17.83;18.29;N/A;N/A;N/A;N/A;N/A;N/A;N/A;N/A;N/A;N/A;N/A;N/A;N/A;N/A;N/A;N/A;N/A;N/A;N/A;N/A;N/A;N/A;N/A;N/A;N/A;N/A;N/A;N/A;N/A;N/A;N/A;N/A;N/A;N/A;N/A;N/A;N/A;N/A;N/A;N/A;N/A;N/A;N/A;N/A;N/A;N/A;N/A;N/A;N/A;N/A;N/A;N/A;N/A;N/A;N/A;N/A;N/A;N/A;N/A;N/A;N/A;N/A;N/A;N/A;N/A;N/A;N/A;N/A;N/A;N/A;N/A;N/A;N/A;N/A;N/A;N/A;N/A;N/A;N/A;N/A;N/A;N/A;N/A;N/A;N/A;N/A;N/A;N/A;N/A;N/A;N/A;N/A;N/A;N/A;N/A;N/A;N/A;N/A;;0;324.4;0;0;;Disabled;TempStop;2;700;317.6;280.2;0;0;599.9;549.9;Enabled;PosOk;2;0;0;0;0;0;15;Disabled;0;0;0;0;0;0;0;0;0;0;0;0;0;0;0;0;0;0;0;0;0;0;0;0;0;0;0;0;0;0;0;0;0;0;0;0;0;0;0;0;0;0;0;0;0;0;0;0;0;0;0;0;0;0;0;0;0;0;0;0;0;0;0;0;0;0;0;0;0;0;30;33;20;45;30;30;20;45;30;33;20;45;30;30;20;45;200;140;100;300;200;138;100;300;200;139;100;300;200;139;100;300;30;33;20;45;30;30;20;45;30;32;20;45;30;30;20;45;200;144;100;300;200;143;100;300;200;200;100;300;200;201;100;300;4;2;0.4;6;4;5;0.4;6;4;2;0.4;6;4;5;0.4;6;4;3;0.4;6;4;5;0.4;6;4;3;0.4;6;4;5;0.4;6;NOK;NOK;OK;7000;7084;6500;8100;OK;5;0;8;12;NOK;N/A;1.5;N/A;N/A;N/A;9;12.5;7;18;OK;;0;0;0;-;Disabled;TempOk;2;230;40.2;122.2;0;0;349.9;441345100 daimler 1500 1900;441345100 daimler 1500 1900;441345100 Daimler 1500 1900
20260403_23:12:34;29635;3;5;950;942.3;925;975;OK;950;951.1;925;975;OK;951;951;-20;-16.8;-50;-25;NOK;-20;-16.3;-50;-25;NOK;-17.6;-17.3;0;-20;-16.7;-50;-25;NOK;300;311;300;500;OK;0;0;N/A;N/A;N/A;N/A;N/A;N/A;N/A;N/A;N/A;N/A;N/A;N/A;N/A;N/A;N/A;N/A;N/A;N/A;N/A;N/A;N/A;N/A;N/A;N/A;N/A;N/A;N/A;N/A;N/A;N/A;N/A;N/A;N/A;N/A;N/A;N/A;N/A;N/A;N/A;N/A;N/A;N/A;N/A;N/A;N/A;N/A;N/A;N/A;N/A;N/A;N/A;N/A;N/A;N/A;N/A;N/A;N/A;N/A;N/A;N/A;N/A;N/A;N/A;N/A;N/A;N/A;N/A;N/A;N/A;N/A;N/A;N/A;N/A;N/A;N/A;N/A;N/A;N/A;N/A;N/A;N/A;N/A;N/A;N/A;N/A;N/A;N/A;N/A;N/A;N/A;N/A;N/A;N/A;N/A;N/A;N/A;N/A;N/A;;0;322.9;0;0;;Disabled;TempStop;2;700;316.8;283.1;0;0;599.9;549.9;Enabled;PosOk;2;0;0;0;0;0;15;Disabled;0;0;0;0;0;0;0;0;0;0;0;0;0;0;0;0;0;0;0;0;0;0;0;0;0;0;0;0;0;0;0;0;0;0;0;0;0;0;0;0;0;0;0;0;0;0;0;0;0;0;0;0;0;0;0;0;0;0;0;0;0;0;0;0;0;0;0;0;0;0;30;33;20;45;30;30;20;45;30;33;20;45;30;30;20;45;200;141;100;300;200;138;100;300;200;139;100;300;200;139;100;300;30;33;20;45;30;30;20;45;30;32;20;45;30;30;20;45;200;144;100;300;200;143;100;300;200;200;100;300;200;202;100;300;4;2;0.4;6;4;5;0.4;6;4;2;0.4;6;4;5;0.4;6;4;2;0.4;6;4;5;0.4;6;4;3;0.4;6;4;5;0.4;6;NOK;NOK;OK;7000;7087;6500;8100;OK;5;0;8;12;NOK;N/A;1.5;N/A;N/A;N/A;9;11.8;7;18;OK;;0;0;0;-;Disabled;TempOk;2;230;40.7;75.4;0;0;349.9;441345100 daimler 1500 1900;441345100 daimler 1500 1900;441345100 Daimler 1500 1900
20260403_23:12:52;29636;2;4;950;938.8;925;975;OK;950;951.6;925;975;OK;952.3;952.2;-15;-18.5;-50;-20;NOK;-15;-18.5;-50;-20;NOK;-18.3;-18.4;0;-15;-18.5;-50;-20;NOK;300;311;300;500;OK;0;0;N/A;N/A;N/A;N/A;N/A;N/A;N/A;N/A;N/A;N/A;N/A;N/A;N/A;N/A;N/A;N/A;N/A;N/A;N/A;N/A;N/A;N/A;N/A;N/A;N/A;N/A;N/A;N/A;N/A;N/A;N/A;N/A;N/A;N/A;N/A;N/A;N/A;N/A;N/A;N/A;N/A;N/A;N/A;N/A;N/A;N/A;N/A;N/A;N/A;N/A;N/A;N/A;N/A;N/A;N/A;N/A;N/A;N/A;N/A;N/A;N/A;N/A;N/A;N/A;N/A;N/A;N/A;N/A;N/A;N/A;N/A;N/A;N/A;N/A;N/A;N/A;N/A;N/A;N/A;N/A;N/A;N/A;N/A;N/A;N/A;N/A;N/A;N/A;N/A;N/A;N/A;N/A;N/A;N/A;N/A;N/A;N/A;N/A;;0;322.7;0;0;;Disabled;TempStop;2;700;313.8;276.6;0;0;599.9;549.9;Enabled;PosOk;2;0;0;0;0;0;15;Disabled;0;0;0;0;0;0;0;0;0;0;0;0;0;0;0;0;0;0;0;0;0;0;0;0;0;0;0;0;0;0;0;0;0;0;0;0;0;0;0;0;0;0;0;0;0;0;0;0;0;0;0;0;0;0;0;0;0;0;0;0;0;0;0;0;0;0;0;0;0;0;30;33;20;45;30;30;20;45;30;33;20;45;30;30;20;45;200;140;100;300;200;138;100;300;200;139;100;300;200;139;100;300;30;32;20;45;30;30;20;45;30;32;20;45;30;30;20;45;200;144;100;300;200;143;100;300;200;200;100;300;200;201;100;300;4;2;0.4;6;4;5;0.4;6;4;2;0.4;6;4;5;0.4;6;4;3;0.4;6;4;5;0.4;6;4;2;0.4;6;4;5;0.4;6;NOK;NOK;OK;7000;7074;6500;8100;OK;4.99;0;8;12;NOK;N/A;1.5;N/A;N/A;N/A;9;11.7;7;18;OK;;0;0;0;-;Disabled;TempOk;2;230;40.2;101.7;0;0;349.9;441345100 daimler 1500 1900;441345100 daimler 1500 1900;441345100 Daimler 1500 1900
20260403_23:12:58;29637;3;1;950;940.7;925;975;OK;950;951.3;925;975;OK;951.4;951.4;-20;-16.6;-50;-25;NOK;-20;-15.9;-50;-25;NOK;-14.4;-14.9;0;-20;-16.7;-50;-25;NOK;300;311;300;500;OK;0;0;N/A;N/A;N/A;N/A;N/A;N/A;N/A;N/A;N/A;N/A;N/A;N/A;N/A;N/A;N/A;N/A;N/A;N/A;N/A;N/A;N/A;N/A;N/A;N/A;N/A;N/A;N/A;N/A;N/A;N/A;N/A;N/A;N/A;N/A;N/A;N/A;N/A;N/A;N/A;N/A;N/A;N/A;N/A;N/A;N/A;N/A;N/A;N/A;N/A;N/A;N/A;N/A;N/A;N/A;N/A;N/A;N/A;N/A;N/A;N/A;N/A;N/A;N/A;N/A;N/A;N/A;N/A;N/A;N/A;N/A;N/A;N/A;N/A;N/A;N/A;N/A;N/A;N/A;N/A;N/A;N/A;N/A;N/A;N/A;N/A;N/A;N/A;N/A;N/A;N/A;N/A;N/A;N/A;N/A;N/A;N/A;N/A;N/A;;0;311.8;0;0;;Disabled;TempStop;2;700;307.7;264.4;0;0;599.9;549.9;Enabled;PosNotOk;2;0;100;100;0;0;15;Disabled;0;0;0;0;0;0;0;0;0;0;0;0;0;0;0;0;0;0;0;0;0;0;0;0;0;0;0;0;0;0;0;0;0;0;0;0;0;0;0;0;0;0;0;0;0;0;0;0;0;0;0;0;0;0;0;0;0;0;0;0;0;0;0;0;0;0;0;0;0;0;;;;;;;;;;;;;;;;;;;;;;;;;;;;;;;;;;;;;;;;;;;;;;;;;;;;;;;;;;;;;;;;;;;;;;;;;;;;;;;;;;;;;;;;;;;;;;;;;;;;;;;;;;;;;;;;;;;;;;;;;;;;;;;;;;;;;;441345100 daimler 1500 1900;441345100 daimler 1500 1900;;
20260403_23:15:27;29638;2;1;950;940.5;925;975;OK;950;952.3;925;975;OK;952.1;951.2;-15;-17.6;-50;-20;NOK;-15;-16;-50;-20;NOK;-15.6;-15.8;0;-15;-17.7;-50;-20;NOK;300;430;300;500;OK;0;0;N/A;N/A;N/A;N/A;N/A;N/A;N/A;N/A;N/A;N/A;N/A;N/A;N/A;N/A;N/A;N/A;N/A;N/A;N/A;N/A;N/A;N/A;N/A;N/A;N/A;N/A;N/A;N/A;N/A;N/A;N/A;N/A;N/A;N/A;N/A;N/A;N/A;N/A;N/A;N/A;N/A;N/A;N/A;N/A;N/A;N/A;N/A;N/A;N/A;N/A;N/A;N/A;N/A;N/A;N/A;N/A;N/A;N/A;N/A;N/A;N/A;N/A;N/A;N/A;N/A;N/A;N/A;N/A;N/A;N/A;N/A;N/A;N/A;N/A;N/A;N/A;N/A;N/A;N/A;N/A;N/A;N/A;N/A;N/A;N/A;N/A;N/A;N/A;N/A;N/A;N/A;N/A;N/A;N/A;N/A;N/A;N/A;N/A;;0;324.6;0;0;;Disabled;TempStop;2;700;317.4;286.3;0;0;599.9;549.9;Enabled;PosOk;2;0;0;0;0;0;15;Disabled;0;0;0;0;0;0;0;0;0;0;0;0;0;0;0;0;0;0;0;0;0;0;0;0;0;0;0;0;0;0;0;0;0;0;0;0;0;0;0;0;0;0;0;0;0;0;0;0;0;0;0;0;0;0;0;0;0;0;0;0;0;0;0;0;0;0;0;0;0;0;30;30;20;45;30;30;20;45;30;30;20;45;30;30;20;45;200;140;100;300;200;138;100;300;200;139;100;300;200;139;100;300;30;30;20;45;30;30;20;45;30;30;20;45;30;30;20;45;200;144;100;300;200;143;100;300;200;200;100;300;200;201;100;300;4;2;0.4;6;4;5;0.4;6;4;2;0.4;6;4;5;0.4;6;4;3;0.4;6;4;5;0.4;6;4;2;0.4;6;4;5;0.4;6;NOK;NOK;OK;7000;7071;6500;8100;OK;4.99;0;8;12;NOK;N/A;1.5;N/A;N/A;N/A;9;12.4;7;18;OK;;0;0;0;-;Disabled;TempOk;2;230;39.5;69.7;0;0;349.9;441345100 daimler 1500 1900;441345100 daimler 1500 1900;441345100 Daimler 1500 1900
20260403_23:15:45;29639;3;2;950;940;925;975;OK;950;952;925;975;OK;951.7;951.7;-20;-17.9;-50;-25;NOK;-20;-15.6;-50;-25;NOK;-15.6;-16.1;0;-20;-18;-50;-25;NOK;300;430;300;500;OK;0;0;N/A;N/A;N/A;N/A;N/A;N/A;N/A;N/A;N/A;N/A;N/A;N/A;N/A;N/A;N/A;N/A;N/A;N/A;N/A;N/A;N/A;N/A;N/A;N/A;N/A;N/A;N/A;N/A;N/A;N/A;N/A;N/A;N/A;N/A;N/A;N/A;N/A;N/A;N/A;N/A;N/A;N/A;N/A;N/A;N/A;N/A;N/A;N/A;N/A;N/A;N/A;N/A;N/A;N/A;N/A;N/A;N/A;N/A;N/A;N/A;N/A;N/A;N/A;N/A;N/A;N/A;N/A;N/A;N/A;N/A;N/A;N/A;N/A;N/A;N/A;N/A;N/A;N/A;N/A;N/A;N/A;N/A;N/A;N/A;N/A;N/A;N/A;N/A;N/A;N/A;N/A;N/A;N/A;N/A;N/A;N/A;N/A;N/A;;0;322.8;0;0;;Disabled;TempStop;2;700;315.5;287.5;0;0;599.9;549.9;Enabled;PosOk;2;0;0;0;0;0;15;Disabled;0;0;0;0;0;0;0;0;0;0;0;0;0;0;0;0;0;0;0;0;0;0;0;0;0;0;0;0;0;0;0;0;0;0;0;0;0;0;0;0;0;0;0;0;0;0;0;0;0;0;0;0;0;0;0;0;0;0;0;0;0;0;0;0;0;0;0;0;0;0;30;31;20;45;30;30;20;45;30;31;20;45;30;30;20;45;200;140;100;300;200;138;100;300;200;139;100;300;200;139;100;300;30;31;20;45;30;30;20;45;30;31;20;45;30;30;20;45;200;144;100;300;200;143;100;300;200;200;100;300;200;201;100;300;4;2;0.4;6;4;5;0.4;6;4;2;0.4;6;4;5;0.4;6;4;2;0.4;6;4;5;0.4;6;4;2;0.4;6;4;5;0.4;6;NOK;NOK;OK;7000;7080;6500;8100;OK;4.99;0;8;12;NOK;N/A;1.5;N/A;N/A;N/A;9;12.2;7;18;OK;;0;0;0;-;Disabled;TempOk;2;230;40.4;114.8;0;0;349.9;441345100 daimler 1500 1900;441345100 daimler 1500 1900;441345100 Daimler 1500 1900
20260403_23:16:03;29640;4;1;950;939.9;925;975;OK;950;950.6;925;975;OK;951.6;951.5;-15;-15.9;-50;-5;OK;-15;-12.9;-50;-5;OK;-15.5;-14.9;0;-15;-16;-50;-5;OK;300;430;300;500;OK;17.97;18.53;N/A;N/A;N/A;N/A;N/A;N/A;N/A;N/A;N/A;N/A;N/A;N/A;N/A;N/A;N/A;N/A;N/A;N/A;N/A;N/A;N/A;N/A;N/A;N/A;N/A;N/A;N/A;N/A;N/A;N/A;N/A;N/A;N/A;N/A;N/A;N/A;N/A;N/A;N/A;N/A;N/A;N/A;N/A;N/A;N/A;N/A;N/A;N/A;N/A;N/A;N/A;N/A;N/A;N/A;N/A;N/A;N/A;N/A;N/A;N/A;N/A;N/A;N/A;N/A;N/A;N/A;N/A;N/A;N/A;N/A;N/A;N/A;N/A;N/A;N/A;N/A;N/A;N/A;N/A;N/A;N/A;N/A;N/A;N/A;N/A;N/A;N/A;N/A;N/A;N/A;N/A;N/A;N/A;N/A;N/A;N/A;N/A;N/A;;0;322;0;0;;Disabled;TempStop;2;700;313.3;279.9;0;0;599.9;549.9;Enabled;PosOk;2;0;0;0;0;0;15;Disabled;0;0;0;0;0;0;0;0;0;0;0;0;0;0;0;0;0;0;0;0;0;0;0;0;0;0;0;0;0;0;0;0;0;0;0;0;0;0;0;0;0;0;0;0;0;0;0;0;0;0;0;0;0;0;0;0;0;0;0;0;0;0;0;0;0;0;0;0;0;0;30;32;20;45;30;30;20;45;30;32;20;45;30;30;20;45;200;140;100;300;200;138;100;300;200;139;100;300;200;139;100;300;30;32;20;45;30;30;20;45;30;31;20;45;30;30;20;45;200;144;100;300;200;143;100;300;200;200;100;300;200;201;100;300;4;2;0.4;6;4;5;0.4;6;4;2;0.4;6;4;5;0.4;6;4;2;0.4;6;4;5;0.4;6;4;2;0.4;6;4;5;0.4;6;NOK;NOK;OK;7000;7073;6500;8100;OK;4.99;0;8;12;NOK;N/A;1.5;N/A;N/A;N/A;9;11.7;7;18;OK;;0;0;0;-;Disabled;TempOk;2;230;39.5;62.4;0;0;349.9;441345100 daimler 1500 1900;441345100 daimler 1500 1900;441345100 Daimler 1500 1900
20260403_23:16:21;29641;1;3;950;940.5;925;975;OK;950;951.6;925;975;OK;951.6;951.6;-20;-16.3;-50;-25;NOK;-20;-18.7;-50;-25;NOK;-15.6;-14.5;0;-20;-16.3;-50;-25;NOK;300;430;300;500;OK;0;0;N/A;N/A;N/A;N/A;N/A;N/A;N/A;N/A;N/A;N/A;N/A;N/A;N/A;N/A;N/A;N/A;N/A;N/A;N/A;N/A;N/A;N/A;N/A;N/A;N/A;N/A;N/A;N/A;N/A;N/A;N/A;N/A;N/A;N/A;N/A;N/A;N/A;N/A;N/A;N/A;N/A;N/A;N/A;N/A;N/A;N/A;N/A;N/A;N/A;N/A;N/A;N/A;N/A;N/A;N/A;N/A;N/A;N/A;N/A;N/A;N/A;N/A;N/A;N/A;N/A;N/A;N/A;N/A;N/A;N/A;N/A;N/A;N/A;N/A;N/A;N/A;N/A;N/A;N/A;N/A;N/A;N/A;N/A;N/A;N/A;N/A;N/A;N/A;N/A;N/A;N/A;N/A;N/A;N/A;N/A;N/A;N/A;N/A;;0;323;0;0;;Disabled;TempStop;2;700;315.9;288.4;0;0;599.9;549.9;Enabled;PosOk;2;0;0;0;0;0;15;Disabled;0;0;0;0;0;0;0;0;0;0;0;0;0;0;0;0;0;0;0;0;0;0;0;0;0;0;0;0;0;0;0;0;0;0;0;0;0;0;0;0;0;0;0;0;0;0;0;0;0;0;0;0;0;0;0;0;0;0;0;0;0;0;0;0;0;0;0;0;0;0;30;32;20;45;30;29;20;45;30;33;20;45;30;29;20;45;200;140;100;300;200;138;100;300;200;140;100;300;200;139;100;300;30;32;20;45;30;30;20;45;30;31;20;45;30;30;20;45;200;145;100;300;200;143;100;300;200;200;100;300;200;202;100;300;4;2;0.4;6;4;5;0.4;6;4;2;0.4;6;4;5;0.4;6;4;3;0.4;6;4;5;0.4;6;4;3;0.4;6;4;5;0.4;6;NOK;NOK;OK;7000;7089;6500;8100;OK;5;0;8;12;NOK;N/A;1.5;N/A;N/A;N/A;9;11.7;7;18;OK;;0;0;0;-;Disabled;TempOk;2;230;40.9;54.5;0;0;349.9;441345100 daimler 1500 1900;441345100 daimler 1500 1900;441345100 Daimler 1500 1900
20260403_23:16:38;29642;2;2;950;938.1;925;975;OK;950;951.7;925;975;OK;952.3;951.6;-15;-18.6;-50;-20;NOK;-15;-18.3;-50;-20;NOK;-17.7;-17.7;0;-15;-18.6;-50;-20;NOK;300;430;300;500;OK;0;0;N/A;N/A;N/A;N/A;N/A;N/A;N/A;N/A;N/A;N/A;N/A;N/A;N/A;N/A;N/A;N/A;N/A;N/A;N/A;N/A;N/A;N/A;N/A;N/A;N/A;N/A;N/A;N/A;N/A;N/A;N/A;N/A;N/A;N/A;N/A;N/A;N/A;N/A;N/A;N/A;N/A;N/A;N/A;N/A;N/A;N/A;N/A;N/A;N/A;N/A;N/A;N/A;N/A;N/A;N/A;N/A;N/A;N/A;N/A;N/A;N/A;N/A;N/A;N/A;N/A;N/A;N/A;N/A;N/A;N/A;N/A;N/A;N/A;N/A;N/A;N/A;N/A;N/A;N/A;N/A;N/A;N/A;N/A;N/A;N/A;N/A;N/A;N/A;N/A;N/A;N/A;N/A;N/A;N/A;N/A;N/A;N/A;N/A;;0;326.4;0;0;;Disabled;TempStop;2;700;320.5;282.2;0;0;599.9;549.9;Enabled;PosOk;2;0;0;0;0;0;15;Disabled;0;0;0;0;0;0;0;0;0;0;0;0;0;0;0;0;0;0;0;0;0;0;0;0;0;0;0;0;0;0;0;0;0;0;0;0;0;0;0;0;0;0;0;0;0;0;0;0;0;0;0;0;0;0;0;0;0;0;0;0;0;0;0;0;0;0;0;0;0;0;30;33;20;45;30;30;20;45;30;33;20;45;30;30;20;45;200;140;100;300;200;138;100;300;200;139;100;300;200;138;100;300;30;32;20;45;30;30;20;45;30;32;20;45;30;30;20;45;200;144;100;300;200;142;100;300;200;200;100;300;200;201;100;300;4;2;0.4;6;4;5;0.4;6;4;2;0.4;6;4;5;0.4;6;4;2;0.4;6;4;5;0.4;6;4;3;0.4;6;4;5;0.4;6;NOK;NOK;OK;7000;7081;6500;8100;OK;5;0;8;12;NOK;N/A;1.5;N/A;N/A;N/A;9;11.9;7;18;OK;;0;0;0;-;Disabled;TempOk;2;230;40.2;113.5;0;0;349.9;441345100 daimler 1500 1900;441345100 daimler 1500 1900;441345100 Daimler 1500 1900
20260403_23:16:57;29643;3;3;950;940.3;925;975;OK;950;951.6;925;975;OK;951.4;951.3;-20;-16.7;-50;-25;NOK;-20;-17.7;-50;-25;NOK;-15.8;-16;0;-20;-16.7;-50;-25;NOK;300;430;300;500;OK;0;0;N/A;N/A;N/A;N/A;N/A;N/A;N/A;N/A;N/A;N/A;N/A;N/A;N/A;N/A;N/A;N/A;N/A;N/A;N/A;N/A;N/A;N/A;N/A;N/A;N/A;N/A;N/A;N/A;N/A;N/A;N/A;N/A;N/A;N/A;N/A;N/A;N/A;N/A;N/A;N/A;N/A;N/A;N/A;N/A;N/A;N/A;N/A;N/A;N/A;N/A;N/A;N/A;N/A;N/A;N/A;N/A;N/A;N/A;N/A;N/A;N/A;N/A;N/A;N/A;N/A;N/A;N/A;N/A;N/A;N/A;N/A;N/A;N/A;N/A;N/A;N/A;N/A;N/A;N/A;N/A;N/A;N/A;N/A;N/A;N/A;N/A;N/A;N/A;N/A;N/A;N/A;N/A;N/A;N/A;N/A;N/A;N/A;N/A;;0;321.6;0;0;;Disabled;TempStop;2;700;312;283.3;0;0;599.9;549.9;Enabled;PosOk;2;0;0;0;0;0;15;Disabled;0;0;0;0;0;0;0;0;0;0;0;0;0;0;0;0;0;0;0;0;0;0;0;0;0;0;0;0;0;0;0;0;0;0;0;0;0;0;0;0;0;0;0;0;0;0;0;0;0;0;0;0;0;0;0;0;0;0;0;0;0;0;0;0;0;0;0;0;0;0;30;33;20;45;30;30;20;45;30;33;20;45;30;30;20;45;200;140;100;300;200;138;100;300;200;140;100;300;200;139;100;300;30;33;20;45;30;30;20;45;30;32;20;45;30;30;20;45;200;145;100;300;200;143;100;300;200;200;100;300;200;201;100;300;4;2;0.4;6;4;5;0.4;6;4;2;0.4;6;4;5;0.4;6;4;2;0.4;6;4;5;0.4;6;4;2;0.4;6;4;5;0.4;6;NOK;NOK;OK;7000;7077;6500;8100;OK;5;0;8;12;NOK;N/A;1.5;N/A;N/A;N/A;9;12;7;18;OK;;0;0;0;-;Disabled;TempOk;2;230;41.2;100.8;0;0;349.9;441345100 daimler 1500 1900;441345100 daimler 1500 1900;441345100 Daimler 1500 1900
20260403_23:17:14;29644;4;4;950;933;925;975;OK;950;955.3;925;975;OK;954.9;954.9;-15;-14.5;-50;-5;OK;-15;-14.7;-50;-5;OK;-8.6;-9.9;0;-15;-14.5;-50;-5;OK;300;430;300;500;OK;18.09;18.62;N/A;N/A;N/A;N/A;N/A;N/A;N/A;N/A;N/A;N/A;N/A;N/A;N/A;N/A;N/A;N/A;N/A;N/A;N/A;N/A;N/A;N/A;N/A;N/A;N/A;N/A;N/A;N/A;N/A;N/A;N/A;N/A;N/A;N/A;N/A;N/A;N/A;N/A;N/A;N/A;N/A;N/A;N/A;N/A;N/A;N/A;N/A;N/A;N/A;N/A;N/A;N/A;N/A;N/A;N/A;N/A;N/A;N/A;N/A;N/A;N/A;N/A;N/A;N/A;N/A;N/A;N/A;N/A;N/A;N/A;N/A;N/A;N/A;N/A;N/A;N/A;N/A;N/A;N/A;N/A;N/A;N/A;N/A;N/A;N/A;N/A;N/A;N/A;N/A;N/A;N/A;N/A;N/A;N/A;N/A;N/A;N/A;N/A;;0;324.4;0;0;;Disabled;TempStop;2;700;317;280;0;0;599.9;549.9;Enabled;PosOk;2;0;0;0;0;0;15;Disabled;0;0;0;0;0;0;0;0;0;0;0;0;0;0;0;0;0;0;0;0;0;0;0;0;0;0;0;0;0;0;0;0;0;0;0;0;0;0;0;0;0;0;0;0;0;0;0;0;0;0;0;0;0;0;0;0;0;0;0;0;0;0;0;0;0;0;0;0;0;0;30;33;20;45;30;30;20;45;30;33;20;45;30;30;20;45;200;140;100;300;200;138;100;300;200;140;100;300;200;139;100;300;30;33;20;45;30;30;20;45;30;32;20;45;30;30;20;45;200;144;100;300;200;143;100;300;200;200;100;300;200;201;100;300;4;2;0.4;6;4;5;0.4;6;4;2;0.4;6;4;5;0.4;6;4;3;0.4;6;4;5;0.4;6;4;2;0.4;6;4;5;0.4;6;NOK;NOK;OK;7000;7079;6500;8100;OK;5;0;8;12;NOK;N/A;1.5;N/A;N/A;N/A;9;12.3;7;18;OK;;0;0;0;-;Disabled;TempOk;2;230;40.9;137;0;0;349.9;441345100 daimler 1500 1900;441345100 daimler 1500 1900;441345100 Daimler 1500 1900
20260403_23:17:32;29645;1;1;950;939.8;925;975;OK;950;951.2;925;975;OK;951.1;951.2;-20;-18.7;-50;-25;NOK;-20;-19;-50;-25;NOK;-16.7;-17.2;0;-20;-18.7;-50;-25;NOK;300;430;300;500;OK;0;0;N/A;N/A;N/A;N/A;N/A;N/A;N/A;N/A;N/A;N/A;N/A;N/A;N/A;N/A;N/A;N/A;N/A;N/A;N/A;N/A;N/A;N/A;N/A;N/A;N/A;N/A;N/A;N/A;N/A;N/A;N/A;N/A;N/A;N/A;N/A;N/A;N/A;N/A;N/A;N/A;N/A;N/A;N/A;N/A;N/A;N/A;N/A;N/A;N/A;N/A;N/A;N/A;N/A;N/A;N/A;N/A;N/A;N/A;N/A;N/A;N/A;N/A;N/A;N/A;N/A;N/A;N/A;N/A;N/A;N/A;N/A;N/A;N/A;N/A;N/A;N/A;N/A;N/A;N/A;N/A;N/A;N/A;N/A;N/A;N/A;N/A;N/A;N/A;N/A;N/A;N/A;N/A;N/A;N/A;N/A;N/A;N/A;N/A;;0;325.5;0;0;;Disabled;TempStop;2;700;319;279.9;0;0;599.9;549.9;Enabled;PosOk;2;0;0;0;0;0;15;Disabled;0;0;0;0;0;0;0;0;0;0;0;0;0;0;0;0;0;0;0;0;0;0;0;0;0;0;0;0;0;0;0;0;0;0;0;0;0;0;0;0;0;0;0;0;0;0;0;0;0;0;0;0;0;0;0;0;0;0;0;0;0;0;0;0;0;0;0;0;0;0;30;33;20;45;30;30;20;45;30;33;20;45;30;29;20;45;200;140;100;300;200;138;100;300;200;139;100;300;200;139;100;300;30;33;20;45;30;29;20;45;30;32;20;45;30;29;20;45;200;144;100;300;200;143;100;300;200;200;100;300;200;201;100;300;4;2;0.4;6;4;5;0.4;6;4;2;0.4;6;4;5;0.4;6;4;2;0.4;6;4;5;0.4;6;4;2;0.4;6;4;5;0.4;6;NOK;NOK;OK;7000;7076;6500;8100;OK;4.99;0;8;12;NOK;N/A;1.5;N/A;N/A;N/A;9;11.7;7;18;OK;;0;0;0;-;Disabled;TempOk;2;230;40.2;58.3;0;0;349.9;441345100 daimler 1500 1900;441345100 daimler 1500 1900;441345100 Daimler 1500 1900
20260403_23:17:50;29646;4;2;950;943.4;925;975;OK;950;952.7;925;975;OK;955.9;955.9;-15;-15.9;-50;-5;OK;-15;-11.7;-50;-5;OK;-15.9;-15.4;0;-15;-15.8;-50;-5;OK;300;430;300;500;OK;18.14;18.69;N/A;N/A;N/A;N/A;N/A;N/A;N/A;N/A;N/A;N/A;N/A;N/A;N/A;N/A;N/A;N/A;N/A;N/A;N/A;N/A;N/A;N/A;N/A;N/A;N/A;N/A;N/A;N/A;N/A;N/A;N/A;N/A;N/A;N/A;N/A;N/A;N/A;N/A;N/A;N/A;N/A;N/A;N/A;N/A;N/A;N/A;N/A;N/A;N/A;N/A;N/A;N/A;N/A;N/A;N/A;N/A;N/A;N/A;N/A;N/A;N/A;N/A;N/A;N/A;N/A;N/A;N/A;N/A;N/A;N/A;N/A;N/A;N/A;N/A;N/A;N/A;N/A;N/A;N/A;N/A;N/A;N/A;N/A;N/A;N/A;N/A;N/A;N/A;N/A;N/A;N/A;N/A;N/A;N/A;N/A;N/A;N/A;N/A;;0;323.6;0;0;;Disabled;TempStop;2;700;316.8;290.2;0;0;599.9;549.9;Enabled;PosOk;2;0;0;0;0;0;15;Disabled;0;0;0;0;0;0;0;0;0;0;0;0;0;0;0;0;0;0;0;0;0;0;0;0;0;0;0;0;0;0;0;0;0;0;0;0;0;0;0;0;0;0;0;0;0;0;0;0;0;0;0;0;0;0;0;0;0;0;0;0;0;0;0;0;0;0;0;0;0;0;30;33;20;45;30;29;20;45;30;33;20;45;30;29;20;45;200;140;100;300;200;138;100;300;200;139;100;300;200;139;100;300;30;32;20;45;30;29;20;45;30;31;20;45;30;29;20;45;200;144;100;300;200;143;100;300;200;200;100;300;200;201;100;300;4;2;0.4;6;4;5;0.4;6;4;2;0.4;6;4;5;0.4;6;4;2;0.4;6;4;5;0.4;6;4;2;0.4;6;4;5;0.4;6;NOK;NOK;OK;7000;7087;6500;8100;OK;4.99;0;8;12;NOK;N/A;1.5;N/A;N/A;N/A;9;11.8;7;18;OK;;0;0;0;-;Disabled;TempOk;2;230;40.4;116.8;0;0;349.9;441345100 daimler 1500 1900;441345100 daimler 1500 1900;441345100 Daimler 1500 1900
20260403_23:18:08;29647;1;4;950;940.8;925;975;OK;950;950.7;925;975;OK;950.7;950.7;-20;-13.8;-50;-25;NOK;-20;-15.3;-50;-25;NOK;-15.3;-15.8;0;-20;-13.8;-50;-25;NOK;300;430;300;500;OK;0;0;N/A;N/A;N/A;N/A;N/A;N/A;N/A;N/A;N/A;N/A;N/A;N/A;N/A;N/A;N/A;N/A;N/A;N/A;N/A;N/A;N/A;N/A;N/A;N/A;N/A;N/A;N/A;N/A;N/A;N/A;N/A;N/A;N/A;N/A;N/A;N/A;N/A;N/A;N/A;N/A;N/A;N/A;N/A;N/A;N/A;N/A;N/A;N/A;N/A;N/A;N/A;N/A;N/A;N/A;N/A;N/A;N/A;N/A;N/A;N/A;N/A;N/A;N/A;N/A;N/A;N/A;N/A;N/A;N/A;N/A;N/A;N/A;N/A;N/A;N/A;N/A;N/A;N/A;N/A;N/A;N/A;N/A;N/A;N/A;N/A;N/A;N/A;N/A;N/A;N/A;N/A;N/A;N/A;N/A;N/A;N/A;N/A;N/A;;0;324.4;0;0;;Disabled;TempStop;2;700;317;280.7;0;0;599.9;549.9;Enabled;PosOk;2;0;0;0;0;0;15;Disabled;0;0;0;0;0;0;0;0;0;0;0;0;0;0;0;0;0;0;0;0;0;0;0;0;0;0;0;0;0;0;0;0;0;0;0;0;0;0;0;0;0;0;0;0;0;0;0;0;0;0;0;0;0;0;0;0;0;0;0;0;0;0;0;0;0;0;0;0;0;0;30;33;20;45;30;29;20;45;30;33;20;45;30;29;20;45;200;140;100;300;200;138;100;300;200;140;100;300;200;139;100;300;30;32;20;45;30;29;20;45;30;31;20;45;30;29;20;45;200;144;100;300;200;143;100;300;200;200;100;300;200;201;100;300;4;2;0.4;6;4;5;0.4;6;4;2;0.4;6;4;5;0.4;6;4;3;0.4;6;4;5;0.4;6;4;3;0.4;6;4;5;0.4;6;NOK;NOK;OK;7000;7076;6500;8100;OK;5;0;8;12;NOK;N/A;1.5;N/A;N/A;N/A;9;11.9;7;18;OK;;0;0;0;-;Disabled;TempOk;2;230;40.7;58.3;0;0;349.9;441345100 daimler 1500 1900;441345100 daimler 1500 1900;441345100 Daimler 1500 1900
20260403_23:22:07;29656;2;1;950;940.5;925;975;OK;950;951.4;925;975;OK;951.3;951.4;-15;-16.9;-50;-20;NOK;-15;-15.3;-50;-20;NOK;-15.3;-15.2;0;-15;-16.9;-50;-20;NOK;300;388;300;500;OK;0;0;N/A;N/A;N/A;N/A;N/A;N/A;N/A;N/A;N/A;N/A;N/A;N/A;N/A;N/A;N/A;N/A;N/A;N/A;N/A;N/A;N/A;N/A;N/A;N/A;N/A;N/A;N/A;N/A;N/A;N/A;N/A;N/A;N/A;N/A;N/A;N/A;N/A;N/A;N/A;N/A;N/A;N/A;N/A;N/A;N/A;N/A;N/A;N/A;N/A;N/A;N/A;N/A;N/A;N/A;N/A;N/A;N/A;N/A;N/A;N/A;N/A;N/A;N/A;N/A;N/A;N/A;N/A;N/A;N/A;N/A;N/A;N/A;N/A;N/A;N/A;N/A;N/A;N/A;N/A;N/A;N/A;N/A;N/A;N/A;N/A;N/A;N/A;N/A;N/A;N/A;N/A;N/A;N/A;N/A;N/A;N/A;N/A;N/A;;0;323;0;0;;Disabled;TempStop;2;700;312.6;278.8;0;0;599.9;549.9;Enabled;PosOk;2;0;0;0;0;0;15;Disabled;0;0;0;0;0;0;0;0;0;0;0;0;0;0;0;0;0;0;0;0;0;0;0;0;0;0;0;0;0;0;0;0;0;0;0;0;0;0;0;0;0;0;0;0;0;0;0;0;0;0;0;0;0;0;0;0;0;0;0;0;0;0;0;0;0;0;0;0;0;0;30;30;20;45;30;30;20;45;30;30;20;45;30;30;20;45;200;140;100;300;200;138;100;300;200;139;100;300;200;139;100;300;30;30;20;45;30;30;20;45;30;30;20;45;30;30;20;45;200;144;100;300;200;143;100;300;200;201;100;300;200;202;100;300;4;2;0.4;6;4;5;0.4;6;4;2;0.4;6;4;5;0.4;6;4;3;0.4;6;4;5;0.4;6;4;3;0.4;6;4;5;0.4;6;NOK;NOK;OK;7000;7077;6500;8100;OK;4.99;0;8;12;NOK;N/A;1.5;N/A;N/A;N/A;9;11.8;7;18;OK;;0;0;0;-;Disabled;TempOk;2;230;38.7;97.3;0;0;349.9;441345100 daimler 1500 1900;441345100 daimler 1500 1900;441345100 Daimler 1500 1900
20260403_23:22:25;29657;3;2;950;940.3;925;975;OK;950;951.9;925;975;OK;951.6;951.6;-20;-15.7;-50;-25;NOK;-20;-20.3;-50;-25;NOK;-16.9;-17.6;0;-20;-15.7;-50;-25;NOK;300;388;300;500;OK;0;0;N/A;N/A;N/A;N/A;N/A;N/A;N/A;N/A;N/A;N/A;N/A;N/A;N/A;N/A;N/A;N/A;N/A;N/A;N/A;N/A;N/A;N/A;N/A;N/A;N/A;N/A;N/A;N/A;N/A;N/A;N/A;N/A;N/A;N/A;N/A;N/A;N/A;N/A;N/A;N/A;N/A;N/A;N/A;N/A;N/A;N/A;N/A;N/A;N/A;N/A;N/A;N/A;N/A;N/A;N/A;N/A;N/A;N/A;N/A;N/A;N/A;N/A;N/A;N/A;N/A;N/A;N/A;N/A;N/A;N/A;N/A;N/A;N/A;N/A;N/A;N/A;N/A;N/A;N/A;N/A;N/A;N/A;N/A;N/A;N/A;N/A;N/A;N/A;N/A;N/A;N/A;N/A;N/A;N/A;N/A;N/A;N/A;N/A;;0;321.2;0;0;;Disabled;TempStop;2;700;311.4;275.3;0;0;599.9;549.9;Enabled;PosOk;2;0;0;0;0;0;15;Disabled;0;0;0;0;0;0;0;0;0;0;0;0;0;0;0;0;0;0;0;0;0;0;0;0;0;0;0;0;0;0;0;0;0;0;0;0;0;0;0;0;0;0;0;0;0;0;0;0;0;0;0;0;0;0;0;0;0;0;0;0;0;0;0;0;0;0;0;0;0;0;30;32;20;45;30;30;20;45;30;31;20;45;30;30;20;45;200;141;100;300;200;138;100;300;200;139;100;300;200;139;100;300;30;32;20;45;30;30;20;45;30;31;20;45;30;30;20;45;200;144;100;300;200;143;100;300;200;200;100;300;200;201;100;300;4;2;0.4;6;4;5;0.4;6;4;2;0.4;6;4;5;0.4;6;4;2;0.4;6;4;5;0.4;6;4;2;0.4;6;4;5;0.4;6;NOK;NOK;OK;7000;7083;6500;8100;OK;4.99;0;8;12;NOK;N/A;1.5;N/A;N/A;N/A;9;11.9;7;18;OK;;0;0;0;-;Disabled;TempOk;2;230;41.2;79.7;0;0;349.9;441345100 daimler 1500 1900;441345100 daimler 1500 1900;441345100 Daimler 1500 1900
20260403_23:22:43;29658;4;1;950;936.5;925;975;OK;950;957.6;925;975;OK;951.2;951.7;-15;-13.1;-50;-5;OK;-15;-20.4;-50;-5;OK;-20.5;-21.6;0;-15;-13.2;-50;-5;OK;300;388;300;500;OK;18.55;19.25;N/A;N/A;N/A;N/A;N/A;N/A;N/A;N/A;N/A;N/A;N/A;N/A;N/A;N/A;N/A;N/A;N/A;N/A;N/A;N/A;N/A;N/A;N/A;N/A;N/A;N/A;N/A;N/A;N/A;N/A;N/A;N/A;N/A;N/A;N/A;N/A;N/A;N/A;N/A;N/A;N/A;N/A;N/A;N/A;N/A;N/A;N/A;N/A;N/A;N/A;N/A;N/A;N/A;N/A;N/A;N/A;N/A;N/A;N/A;N/A;N/A;N/A;N/A;N/A;N/A;N/A;N/A;N/A;N/A;N/A;N/A;N/A;N/A;N/A;N/A;N/A;N/A;N/A;N/A;N/A;N/A;N/A;N/A;N/A;N/A;N/A;N/A;N/A;N/A;N/A;N/A;N/A;N/A;N/A;N/A;N/A;N/A;N/A;;0;323.5;0;0;;Disabled;TempStop;2;700;317;283.6;0;0;599.9;549.9;Enabled;PosOk;2;0;0;0;0;0;15;Disabled;0;0;0;0;0;0;0;0;0;0;0;0;0;0;0;0;0;0;0;0;0;0;0;0;0;0;0;0;0;0;0;0;0;0;0;0;0;0;0;0;0;0;0;0;0;0;0;0;0;0;0;0;0;0;0;0;0;0;0;0;0;0;0;0;0;0;0;0;0;0;30;32;20;45;30;30;20;45;30;32;20;45;30;30;20;45;200;140;100;300;200;139;100;300;200;139;100;300;200;139;100;300;30;32;20;45;30;30;20;45;30;31;20;45;30;30;20;45;200;144;100;300;200;143;100;300;200;200;100;300;200;201;100;300;4;2;0.4;6;4;5;0.4;6;4;2;0.4;6;4;5;0.4;6;4;2;0.4;6;4;5;0.4;6;4;3;0.4;6;4;5;0.4;6;NOK;NOK;OK;7000;7093;6500;8100;OK;4.99;0;8;12;NOK;N/A;1.5;N/A;N/A;N/A;9;12.5;7;18;OK;;0;0;0;-;Disabled;TempOk;2;230;38.4;68.6;0;0;349.9;441345100 daimler 1500 1900;441345100 daimler 1500 1900;441345100 Daimler 1500 1900
20260403_23:22:53;29650;2;3;950;941.2;925;975;OK;950;951.7;925;975;OK;950.7;952.3;-15;-16.7;-50;-20;NOK;-15;-19.5;-50;-20;NOK;-17.2;-17.3;0;-15;-16.7;-50;-20;NOK;300;686;300;500;NOK;0;0;;;;;;;;;;;;;;;;;;;;;;;;;;;;;;;;;;;;;;;;;;;;;;;;;;;;;;;;;;;;;;;;;;;;;;;;;;;;;;;;;;;;;;;;;;;;;;;;;;;;;;;;;;;;;;;;;;;;;;;;;;;;;;;;;;;;;;;;;;;;;;;;;;;;;;;;;;;;;;;;;;;;;;;;;;;;;;;;;;;;;;;;;;;;;;;;;;;;;;;;;;;;;;;;;;;;;;;;;;;;;;;;;;;;;;;;;;;;;;;;;;;;;;;;;;;;;;;;;;;;;;;;;;;;;;;;;;;;;;;;;;;;;;;;;;;;;;;;;;;;;;;;;;;;;;;;;;;;;;;;;;;;;;;;441345100 daimler 1500 1900;;;;
20260403_23:23:01;29659;1;3;950;940.5;925;975;OK;950;953.2;925;975;OK;951.6;951.6;-20;-18.9;-50;-25;NOK;-20;-21.5;-50;-25;NOK;-19.1;-19.7;0;-20;-19;-50;-25;NOK;300;388;300;500;OK;0;0;N/A;N/A;N/A;N/A;N/A;N/A;N/A;N/A;N/A;N/A;N/A;N/A;N/A;N/A;N/A;N/A;N/A;N/A;N/A;N/A;N/A;N/A;N/A;N/A;N/A;N/A;N/A;N/A;N/A;N/A;N/A;N/A;N/A;N/A;N/A;N/A;N/A;N/A;N/A;N/A;N/A;N/A;N/A;N/A;N/A;N/A;N/A;N/A;N/A;N/A;N/A;N/A;N/A;N/A;N/A;N/A;N/A;N/A;N/A;N/A;N/A;N/A;N/A;N/A;N/A;N/A;N/A;N/A;N/A;N/A;N/A;N/A;N/A;N/A;N/A;N/A;N/A;N/A;N/A;N/A;N/A;N/A;N/A;N/A;N/A;N/A;N/A;N/A;N/A;N/A;N/A;N/A;N/A;N/A;N/A;N/A;N/A;N/A;;0;325.3;0;0;;Disabled;TempStop;2;700;316.5;281.6;0;0;599.9;549.9;Enabled;PosOk;2;0;0;0;0;0;15;Disabled;0;0;0;0;0;0;0;0;0;0;0;0;0;0;0;0;0;0;0;0;0;0;0;0;0;0;0;0;0;0;0;0;0;0;0;0;0;0;0;0;0;0;0;0;0;0;0;0;0;0;0;0;0;0;0;0;0;0;0;0;0;0;0;0;0;0;0;0;0;0;30;33;20;45;30;29;20;45;30;33;20;45;30;29;20;45;200;140;100;300;200;139;100;300;200;139;100;300;200;139;100;300;30;32;20;45;30;29;20;45;30;31;20;45;30;29;20;45;200;144;100;300;200;143;100;300;200;200;100;300;200;202;100;300;4;2;0.4;6;4;5;0.4;6;4;2;0.4;6;4;5;0.4;6;4;3;0.4;6;4;5;0.4;6;4;3;0.4;6;4;5;0.4;6;NOK;NOK;OK;7000;7077;6500;8100;OK;4.99;0;8;12;NOK;N/A;1.5;N/A;N/A;N/A;9;12.2;7;18;OK;;0;0;0;-;Disabled;TempOk;2;230;41.7;129.2;0;0;349.9;441345100 daimler 1500 1900;441345100 daimler 1500 1900;441345100 Daimler 1500 1900
20260403_23:23:11;29649;3;4;950;940.7;925;975;OK;950;952.9;925;975;OK;951.3;951.4;-20;-13.7;-50;-25;NOK;-20;-22.5;-50;-25;NOK;-18.1;-18.7;0;-20;-13.6;-50;-25;NOK;300;722;300;500;NOK;0;0;;;;;;;;;;;;;;;;;;;;;;;;;;;;;;;;;;;;;;;;;;;;;;;;;;;;;;;;;;;;;;;;;;;;;;;;;;;;;;;;;;;;;;;;;;;;;;;;;;;;;;;;;;;;;;;;;;;;;;;;;;;;;;;;;;;;;;;;;;;;;;;;;;;;;;;;;;;;;;;;;;;;;;;;;;;;;;;;;;;;;;;;;;;;;;;;;;;;;;;;;;;;;;;;;;;;;;;;;;;;;;;;;;;;;;;;;;;;;;;;;;;;;;;;;;;;;;;;;;;;;;;;;;;;;;;;;;;;;;;;;;;;;;;;;;;;;;;;;;;;;;;;;;;;;;;;;;;;;;;;;;;;;;;;441345100 daimler 1500 1900;;;;
20260403_23:23:29;29652;4;3;950;940.8;925;975;OK;950;951.7;925;975;OK;951.6;951.6;-15;-13.9;-50;-5;OK;-15;-24.3;-50;-5;OK;-14.7;-15.1;0;-15;-13.9;-50;-5;OK;300;686;300;500;NOK;18.3;19.35;;;;;;;;;;;;;;;;;;;;;;;;;;;;;;;;;;;;;;;;;;;;;;;;;;;;;;;;;;;;;;;;;;;;;;;;;;;;;;;;;;;;;;;;;;;;;;;;;;;;;;;;;;;;;;;;;;;;;;;;;;;;;;;;;;;;;;;;;;;;;;;;;;;;;;;;;;;;;;;;;;;;;;;;;;;;;;;;;;;;;;;;;;;;;;;;;;;;;;;;;;;;;;;;;;;;;;;;;;;;;;;;;;;;;;;;;;;;;;;;;;;;;;;;;;;;;;;;;;;;;;;;;;;;;;;;;;;;;;;;;;;;;;;;;;;;;;;;;;;;;;;;;;;;;;;;;;;;;;;;;;;;;;;;441345100 daimler 1500 1900;;;;
20260403_23:23:47;29651;1;2;950;940.3;925;975;OK;950;952.9;925;975;OK;951.6;951.6;-20;-14.9;-50;-25;NOK;-20;-20.9;-50;-25;NOK;-16.4;-17.1;0;-20;-14.9;-50;-25;NOK;300;722;300;500;NOK;0;0;;;;;;;;;;;;;;;;;;;;;;;;;;;;;;;;;;;;;;;;;;;;;;;;;;;;;;;;;;;;;;;;;;;;;;;;;;;;;;;;;;;;;;;;;;;;;;;;;;;;;;;;;;;;;;;;;;;;;;;;;;;;;;;;;;;;;;;;;;;;;;;;;;;;;;;;;;;;;;;;;;;;;;;;;;;;;;;;;;;;;;;;;;;;;;;;;;;;;;;;;;;;;;;;;;;;;;;;;;;;;;;;;;;;;;;;;;;;;;;;;;;;;;;;;;;;;;;;;;;;;;;;;;;;;;;;;;;;;;;;;;;;;;;;;;;;;;;;;;;;;;;;;;;;;;;;;;;;;;;;;;;;;;;;441345100 daimler 1500 1900;;;;
20260403_23:56:58;29654;2;4;950;939;925;975;OK;950;951.9;925;975;OK;951.7;951.9;-15;-18.5;-50;-20;NOK;-15;-21.9;-50;-20;OK;-18.6;-18.7;0;-15;-18.5;-50;-20;NOK;300;2659;300;500;NOK;0;0;;;;;;;;;;;;;;;;;;;;;;;;;;;;;;;;;;;;;;;;;;;;;;;;;;;;;;;;;;;;;;;;;;;;;;;;;;;;;;;;;;;;;;;;;;;;;;;;;;;;;;;;;;;;;;;;;;;;;;;;;;;;;;;;;;;;;;;;;;;;;;;;;;;;;;;;;;;;;;;;;;;;;;;;;;;;;;;;;;;;;;;;;;;;;;;;;;;;;;;;;;;;;;;;;;;;;;;;;;;;;;;;;;;;;;;;;;;;;;;;;;;;;;;;;;;;;;;;;;;;;;;;;;;;;;;;;;;;;;;;;;;;;;;;;;;;;;;;;;;;;;;;;;;;;;;;;;;;;;;;;;;;;;;;441345100 daimler 1500 1900;;;;
20260403_23:57:16;29653;3;5;950;942.7;925;975;OK;950;951.5;925;975;OK;951;951.1;-20;-15.7;-50;-25;NOK;-20;-25.8;-50;-25;OK;-19;-19.7;0;-20;-15.6;-50;-25;NOK;300;2695;300;500;NOK;0;0;;;;;;;;;;;;;;;;;;;;;;;;;;;;;;;;;;;;;;;;;;;;;;;;;;;;;;;;;;;;;;;;;;;;;;;;;;;;;;;;;;;;;;;;;;;;;;;;;;;;;;;;;;;;;;;;;;;;;;;;;;;;;;;;;;;;;;;;;;;;;;;;;;;;;;;;;;;;;;;;;;;;;;;;;;;;;;;;;;;;;;;;;;;;;;;;;;;;;;;;;;;;;;;;;;;;;;;;;;;;;;;;;;;;;;;;;;;;;;;;;;;;;;;;;;;;;;;;;;;;;;;;;;;;;;;;;;;;;;;;;;;;;;;;;;;;;;;;;;;;;;;;;;;;;;;;;;;;;;;;;;;;;;;;441345100 daimler 1500 1900;;;;
20260403_23:57:52;29655;3;1;950;941.2;925;975;OK;950;951.1;925;975;OK;951.3;951.3;-20;-16.1;-50;-25;NOK;-20;-18.8;-50;-25;NOK;-14.1;-14.5;0;-20;-16.2;-50;-25;NOK;300;2695;300;500;NOK;0;0;;;;;;;;;;;;;;;;;;;;;;;;;;;;;;;;;;;;;;;;;;;;;;;;;;;;;;;;;;;;;;;;;;;;;;;;;;;;;;;;;;;;;;;;;;;;;;;;;;;;;;;;;;;;;;;;;;;;;;;;;;;;;;;;;;;;;;;;;;;;;;;;;;;;;;;;;;;;;;;;;;;;;;;;;;;;;;;;;;;;;;;;;;;;;;;;;;;;;;;;;;;;;;;;;;;;;;;;;;;;;;;;;;;;;;;;;;;;;;;;;;;;;;;;;;;;;;;;;;;;;;;;;;;;;;;;;;;;;;;;;;;;;;;;;;;;;;;;;;;;;;;;;;;;;;;;;;;;;;;;;;;;;;;;441345100 daimler 1500 1900;;;;